Workbook
Name AgResidue_Equations_FieldBurning.VEERG_6_4_1_1__1__MethaneEmissionsFromBurningOfCropResidues: _xlfn.LAMBDA(_xlpm.Mburnc,_xlpm.CCc,_xlpm.EFCH4,_xlpm.C_CH4, _xlpm.Mburnc * _xlpm.CCc * _xlpm.EFCH4 * _xlpm.C_CH4 * 10 ^ (-3))
Name AgResidue_Equations_FieldBurning.VEERG_6_4_1_1__1__MethaneEmissionsFromBurningOfCropResidues_FunctionName: _xlfn.LAMBDA("VEERG_6_4_1_1__1__MethaneEmissionsFromBurningOfCropResidues")
Name AgResidue_Equations_FieldBurning.VEERG_6_4_1_1__1__MethaneEmissionsFromBurningOfCropResidues_LatexEquation: _xlfn.LAMBDA("E_{CH4}=\sum_{c}(M_{burn,c}\times CC_{c}\times EF_{CH4}\times C_{CH4}\times 10^{-3})")
Name AgResidue_Equations_FieldBurning.VEERG_6_4_1_1__1__MethaneEmissionsFromBurningOfCropResidues_NIRReference: _xlfn.LAMBDA("")
Name AgResidue_Equations_FieldBurning.VEERG_6_4_1_1__1__MethaneEmissionsFromBurningOfCropResidues_Source: _xlfn.LAMBDA("VEERG 2026: 6.4.1.1, Equation (1)")
Name AgResidue_Equations_FieldBurning.VEERG_6_4_1_1__1__MethaneEmissionsFromBurningOfCropResidues_Title: _xlfn.LAMBDA("Methane emissions from the burning of crop residues")
Name AgResidue_Equations_FieldBurning.VEERG_6_4_1_1__1__MethaneEmissionsFromBurningOfCropResidues_Unit: _xlfn.LAMBDA("t CH4")
Name AgResidue_Equations_FieldBurning.VEERG_6_4_1_1__1__MethaneEmissionsFromBurningOfCropResidues_Variable: _xlfn.LAMBDA("ECH4")
Name AgResidue_Equations_FieldBurning.VEERG_6_4_1_1__2__NitrousOxideEmissionsFromBurningOfCropResidues: _xlfn.LAMBDA(_xlpm.Mburnc,_xlpm.NCAGc,_xlpm.EFN2O,_xlpm.CN2O, _xlpm.Mburnc * _xlpm.NCAGc * _xlpm.EFN2O * _xlpm.CN2O * 10 ^ (-3))
Name AgResidue_Equations_FieldBurning.VEERG_6_4_1_1__2__NitrousOxideEmissionsFromBurningOfCropResidues_FunctionName: _xlfn.LAMBDA("VEERG_6_4_1_1__2__NitrousOxideEmissionsFromBurningOfCropResidues")
Name AgResidue_Equations_FieldBurning.VEERG_6_4_1_1__2__NitrousOxideEmissionsFromBurningOfCropResidues_LatexEquation: _xlfn.LAMBDA("E_{N2O}=\sum_{c}(M_{burn,c}\times NC_{AGc}\times EF_{N2O}\times C_{N2O}\times 10^{-3})")
Name AgResidue_Equations_FieldBurning.VEERG_6_4_1_1__2__NitrousOxideEmissionsFromBurningOfCropResidues_NIRReference: _xlfn.LAMBDA("")
Name AgResidue_Equations_FieldBurning.VEERG_6_4_1_1__2__NitrousOxideEmissionsFromBurningOfCropResidues_Source: _xlfn.LAMBDA("VEERG 2026: 6.4.1.1, Equation (2)")
Name AgResidue_Equations_FieldBurning.VEERG_6_4_1_1__2__NitrousOxideEmissionsFromBurningOfCropResidues_Title: _xlfn.LAMBDA("Nitrous oxide emissions from the burning of crop residues")
Name AgResidue_Equations_FieldBurning.VEERG_6_4_1_1__2__NitrousOxideEmissionsFromBurningOfCropResidues_Unit: _xlfn.LAMBDA("t N2O")
Name AgResidue_Equations_FieldBurning.VEERG_6_4_1_1__2__NitrousOxideEmissionsFromBurningOfCropResidues_Variable: _xlfn.LAMBDA("EN2O")
Name AgResidue_Equations_FieldBurning.VEERG_6_4_1_1__3__MassOfCropResidueBurnt: _xlfn.LAMBDA(_xlpm.Pc,_xlpm.RAGc,_xlpm.Sc,_xlpm.DMc,_xlpm.Zc,_xlpm.Fc, _xlpm.Pc * _xlpm.RAGc * _xlpm.Sc * _xlpm.DMc * _xlpm.Zc * _xlpm.Fc)
Name AgResidue_Equations_FieldBurning.VEERG_6_4_1_1__3__MassOfCropResidueBurnt_FunctionName: _xlfn.LAMBDA("VEERG_6_4_1_1__3__MassOfCropResidueBurnt")
Name AgResidue_Equations_FieldBurning.VEERG_6_4_1_1__3__MassOfCropResidueBurnt_LatexEquation: _xlfn.LAMBDA("M_{burn,c}=P_{c}\times R_{AGc}\times S_{c}\times DM_{c}\times Z_{c}\times F_{c}")
Name AgResidue_Equations_FieldBurning.VEERG_6_4_1_1__3__MassOfCropResidueBurnt_NIRReference: _xlfn.LAMBDA("")
Name AgResidue_Equations_FieldBurning.VEERG_6_4_1_1__3__MassOfCropResidueBurnt_Source: _xlfn.LAMBDA("VEERG 2026: 6.4.1.1, Equation (3)")
Name AgResidue_Equations_FieldBurning.VEERG_6_4_1_1__3__MassOfCropResidueBurnt_Title: _xlfn.LAMBDA("Mass of residue of crop c burnt")
Name AgResidue_Equations_FieldBurning.VEERG_6_4_1_1__3__MassOfCropResidueBurnt_Unit: _xlfn.LAMBDA("kg")
Name AgResidue_Equations_FieldBurning.VEERG_6_4_1_1__3__MassOfCropResidueBurnt_Variable: _xlfn.LAMBDA("Mburnc")
Name AgResidues_Equations_CropResidues.VEERG_6_1_1_1__1__NitrousOxideEmissionsFromCropResidues: _xlfn.LAMBDA(_xlpm.Mc,_xlpm.EFNi,_xlpm.CgN2O, _xlpm.Mc * _xlpm.EFNi * _xlpm.CgN2O * 10 ^ (-3))
Name AgResidues_Equations_CropResidues.VEERG_6_1_1_1__1__NitrousOxideEmissionsFromCropResidues_FunctionName: _xlfn.LAMBDA("VEERG_6_1_1_1__1__NitrousOxideEmissionsFromCropResidues")
Name AgResidues_Equations_CropResidues.VEERG_6_1_1_1__1__NitrousOxideEmissionsFromCropResidues_LatexEquation: _xlfn.LAMBDA("E=\sum_{c}{M_{c}\times EF_{N}\times C_{g,N2O}\times 10^{-3}}")
Name AgResidues_Equations_CropResidues.VEERG_6_1_1_1__1__NitrousOxideEmissionsFromCropResidues_NIRReference: _xlfn.LAMBDA("")
Name AgResidues_Equations_CropResidues.VEERG_6_1_1_1__1__NitrousOxideEmissionsFromCropResidues_Source: _xlfn.LAMBDA("VEERG 2026: 6.1.1.1, Equation (1)")
Name AgResidues_Equations_CropResidues.VEERG_6_1_1_1__1__NitrousOxideEmissionsFromCropResidues_Title: _xlfn.LAMBDA("Nitrous oxide emissions from the return of crop residues across all crops c to the soil")
Name AgResidues_Equations_CropResidues.VEERG_6_1_1_1__1__NitrousOxideEmissionsFromCropResidues_Unit: _xlfn.LAMBDA("t N2O")
Name AgResidues_Equations_CropResidues.VEERG_6_1_1_1__1__NitrousOxideEmissionsFromCropResidues_Variable: _xlfn.LAMBDA("E")
Name AgResidues_Equations_CropResidues.VEERG_6_1_1_1__2__MassOfNitrogenInCropResidues_LatexEquation: _xlfn.LAMBDA("M_{c}=(P_{c}\times R_{AGc}\times(1-F_{c}-FFOD_{c})\times DM_{c}\times NC_{AGc})+(P_{c}\times R_{AGc}\times R_{BGc}\times DM_{c}\times NC_{BGc})")
Name AgResidues_Equations_CropResidues.VEERG_6_1_1_1__2__MassOfNitrogenInCropResidues_NIRReference: _xlfn.LAMBDA("")
Name AgResidues_Equations_CropResidues.VEERG_6_1_1_1__2__MassOfNitrogenInCropResidues_Source: _xlfn.LAMBDA("VEERG 2026: 6.1.1.1, Equation (2)")
Name AgResidues_Equations_CropResidues.VEERG_6_1_1_1__2__MassOfNitrogenInCropResidues_Title: _xlfn.LAMBDA("Mass of nitrogen in crop residues returned to the soil")
Name AgResidues_Equations_CropResidues.VEERG_6_1_1_1__2__MassOfNitrogenInCropResidues_Unit: _xlfn.LAMBDA("kg N")
Name AgResidues_Equations_CropResidues.VEERG_6_1_1_1__2__MassOfNitrogenInCropResidues_Variable: _xlfn.LAMBDA("Mc")
Name AgResidues_Equations_CropResidues.VEERG_6_1_1_2__1__FractionOfCropResidueRemovedBaled: _xlfn.LAMBDA(_xlpm.B,_xlpm.MB,_xlpm.Pc,_xlpm.RAGc, IFERROR((_xlpm.B * _xlpm.MB) / (_xlpm.Pc * _xlpm.RAGc), 0))
Name AgResidues_Equations_CropResidues.VEERG_6_1_1_2__1__FractionOfCropResidueRemovedBaled_LatexEquation: _xlfn.LAMBDA("FFOD_{c,baled}=\frac{B\times M_{B}}{P_{c}\times R_{AG,c}}")
Name AgResidues_Equations_CropResidues.VEERG_6_1_1_2__1__FractionOfCropResidueRemovedBaled_NIRReference: _xlfn.LAMBDA("")
Name AgResidues_Equations_CropResidues.VEERG_6_1_1_2__1__FractionOfCropResidueRemovedBaled_Source: _xlfn.LAMBDA("VEERG 2026: 6.1.1.2, Equation (1)")
Name AgResidues_Equations_CropResidues.VEERG_6_1_1_2__1__FractionOfCropResidueRemovedBaled_Title: _xlfn.LAMBDA("Fraction of crop residue that is removed for crop c, calculated where residues are baled")
Name AgResidues_Equations_CropResidues.VEERG_6_1_1_2__1__FractionOfCropResidueRemovedBaled_Unit: _xlfn.LAMBDA("dimensionless")
Name AgResidues_Equations_CropResidues.VEERG_6_1_1_2__1__FractionOfCropResidueRemovedBaled_Variable: _xlfn.LAMBDA("FFODcbaled")
Name AgResidues_Equations_CropResidues.VEERG_6_1_1_2__1__FractionOfCropResidueRemovedBaled_Variation: _xlfn.LAMBDA("VARIATION FROM SOURCE: Added 'baled' to variable subscript")
Name AgResidues_Equations_CropResidues.VEERG_6_1_1_2__1a__FractionOfCropResidueRemoved: _xlfn.LAMBDA(_xlpm.FFODcbaled,_xlpm.FFODcother, _xlpm.FFODcbaled + _xlpm.FFODcother)
Name AgResidues_Equations_CropResidues.VEERG_6_1_1_2__1a__FractionOfCropResidueRemoved_LatexEquation: _xlfn.LAMBDA("FFOD_{c} = FFOD_{c,baled} + FFOD_{c,other}")
Name AgResidues_Equations_CropResidues.VEERG_6_1_1_2__1a__FractionOfCropResidueRemoved_NIRReference: _xlfn.LAMBDA("")
Name AgResidues_Equations_CropResidues.VEERG_6_1_1_2__1a__FractionOfCropResidueRemoved_Source: _xlfn.LAMBDA("")
Name AgResidues_Equations_CropResidues.VEERG_6_1_1_2__1a__FractionOfCropResidueRemoved_Title: _xlfn.LAMBDA("Fraction of crop residue that is removed for crop c")
Name AgResidues_Equations_CropResidues.VEERG_6_1_1_2__1a__FractionOfCropResidueRemoved_Unit: _xlfn.LAMBDA("dimensionless")
Name AgResidues_Equations_CropResidues.VEERG_6_1_1_2__1a__FractionOfCropResidueRemoved_Variable: _xlfn.LAMBDA("FFODc")
Name AgResidues_Equations_CropResidues.VEERG_6_1_1_2__1a__FractionOfCropResidueRemoved_Variation: _xlfn.LAMBDA("VARIATION FROM SOURCE: Added this equation to accommodate user-defined residue removal other than baling.")
Name AgResidues_Equations_Leaching.VEERG_6_3_1_1__1__LeachingAndRunoffEmissionsCropAndPastureResidue: _xlfn.LAMBDA(_xlpm.Mleachcp,_xlpm.EFleach,_xlpm.CgN2O, _xlpm.Mleachcp * _xlpm.EFleach * _xlpm.CgN2O * 10 ^ (-3))
Name AgResidues_Equations_Leaching.VEERG_6_3_1_1__1__LeachingAndRunoffEmissionsCropAndPastureResidue_LatexEquation: _xlfn.LAMBDA("E_{N2O}=\sum_{c}\sum_{p}(M_{leach,cp}\times EF_{leach}\times Cg_{N2O}\times 10^{-3})")
Name AgResidues_Equations_Leaching.VEERG_6_3_1_1__1__LeachingAndRunoffEmissionsCropAndPastureResidue_NIRReference: _xlfn.LAMBDA("")
Name AgResidues_Equations_Leaching.VEERG_6_3_1_1__1__LeachingAndRunoffEmissionsCropAndPastureResidue_Source: _xlfn.LAMBDA("VEERG 2026: 6.3.1.1, Equation (1)")
Name AgResidues_Equations_Leaching.VEERG_6_3_1_1__1__LeachingAndRunoffEmissionsCropAndPastureResidue_Title: _xlfn.LAMBDA("Nitrous oxide leaching and runoff emissions from crop and pasture residues returned to the soil")
Name AgResidues_Equations_Leaching.VEERG_6_3_1_1__1__LeachingAndRunoffEmissionsCropAndPastureResidue_Unit: _xlfn.LAMBDA("t N2O")

Sheet Overview
C1: 13: Sope 3 emissions: Overview

Sheet Results
C1: 13: Sope 3 emissions: Results
D5: Emissions breakdown
D7: 💡 NOTE: When there is no Method 2, the Method 2 result are the same as Method 1
D9: Scope 1 source | E9: CO2-e emissions method 1 | F9: CO2-e emissions method 2
C10: {=Common_InputFunctions.Utility_ResultsItemFromEquationTitleAndSource('15 Scope 3'!D5,'15 Scope 3'!D6)} -> 15.1.1.1 Total emissions from purchased livestock | D10: {=HYPERLINK(Common_InputFunctions.Utility_SourceHyperlinkDifferentSheet('15 Scope 3'!D5), C10)} -> 15.1.1.1 Total emissions from purchased livestock | G10: t CO2e
D11: ='15 Scope 3'!D21 -> Beef cattle | E11: ='15 Scope 3'!E34 -> 1052.5 | F11: ='15 Scope 3'!E35 -> 1014.5 | G11: t CO2e
D12: ='15 Scope 3'!D38 -> Dairy cattle | E12: ='15 Scope 3'!E53 -> 295.47 | F12: ='15 Scope 3'!E54 -> 415.625 | G12: t CO2e
D13: ='15 Scope 3'!D57 -> Pigs | E13: ='15 Scope 3'!E72 -> 76.726 | F13: ='15 Scope 3'!E73 -> 73.38 | G13: t CO2e
D14: ='15 Scope 3'!D75 -> Poultry | E14: ='15 Scope 3'!E90 -> 0.3672 | F14: ='15 Scope 3'!E91 -> 0.3594 | G14: t CO2e
C15: {=Common_InputFunctions.Utility_ResultsItemFromEquationTitleAndSource('15 Scope 3'!D98,'15 Scope 3'!D99)} -> 15.2.1.1 Emissions from purchased feed | D15: {=HYPERLINK(Common_InputFunctions.Utility_SourceHyperlinkDifferentSheet('15 Scope 3'!D98), C15)} -> 15.2.1.1 Emissions from purchased feed | E15: ='15 Scope 3'!E144 -> 377.052 | F15: ='15 Scope 3'!E145 -> 529.78 | G15: t CO2e
C16: {=Common_InputFunctions.Utility_ResultsItemFromEquationTitleAndSource('15 Scope 3'!D149,'15 Scope 3'!D150)} -> 15.3.1.1 Total emissions from purchased mineral supplements | D16: {=HYPERLINK(Common_InputFunctions.Utility_SourceHyperlinkDifferentSheet('15 Scope 3'!D149), C16)} -> 15.3.1.1 Total emissions from purchased mineral supplements | E16: ='15 Scope 3'!E166 -> 178.9 | F16: ='15 Scope 3'!E167 -> 160 | G16: t CO2e
D17: {=HYPERLINK('15 Scope 3'!D171, Common_InputFunctions.Utility_ResultsItemFromEquationTitleAndSource('15 Scope 3'!D186,'15 Scope 3'!D187))} -> 15.4.1.1 Emissions from purchased fertiliser | E17: ='15 Scope 3'!E251 -> 53.822548 | F17: ='15 Scope 3'!E252 -> 50.728065 | G17: t CO2e
D18: {=Common_InputFunctions.Utility_ResultsItemFromEquationTitleAndSource('15 Scope 3'!D256,'15 Scope 3'!D257)} -> 15.5.1.1 Total emissions from purchased agrichemicals | E18: ='15 Scope 3'!E283 -> 7.516 | F18: ='15 Scope 3'!E284 -> 7.496 | G18: t CO2e
D19: {=Common_InputFunctions.Utility_ResultsItemFromEquationTitleAndSource('15 Scope 3'!D288,'15 Scope 3'!D289)} -> 15.6.1.1 Embedded emissions for purchased lime | E19: ='15 Scope 3'!E316 -> 1.0376 | F19: ='15 Scope 3'!E317 -> 0.89 | G19: t CO2e
D20: {=Common_InputFunctions.Utility_ResultsItemFromEquationTitleAndSource('15 Scope 3'!D321,'15 Scope 3'!D322)} -> 15.7.1.1 Emissions of purchased services and contractor operations | E20: No data | F20: ='15 Scope 3'!E348 -> 42 | G20: t CO2e
D21: {=Common_InputFunctions.Utility_ResultsItemFromEquationTitleAndSource('15 Scope 3'!D352,'15 Scope 3'!D353)} -> 15.8.1.1 Embedded emissions from use of packaging materials | E21: ='15 Scope 3'!E378 -> 7.44 | F21: ='15 Scope 3'!E379 -> 6 | G21: t CO2e
D22: {=Common_InputFunctions.Utility_ResultsItemFromEquationTitleAndSource('15 Scope 3'!D383,'15 Scope 3'!D384)} -> 15.9.1.1 Embedded emissions from use of grow media products | E22: ='15 Scope 3'!E410 -> No data | F22: ='15 Scope 3'!E411 -> 40.2 | G22: t CO2e
D23: {=Common_InputFunctions.Utility_ResultsItemFromEquationTitleAndSource('15 Scope 3'!D415,'15 Scope 3'!D416)} -> 15.10 Other purchased goods and services generic estimate | G23: t CO2e
D24: ='15 Scope 3'!D427 -> Cleaning chemical purchases | E24: ='15 Scope 3'!E441 -> 0.5051 | F24: ='15 Scope 3'!E442 -> 2.73 | G24: t CO2e
D25: ='15 Scope 3'!D445 -> Pharmacy chemical purchases | E25: ='15 Scope 3'!E459 -> 0.015636 | F25: ='15 Scope 3'!E460 -> 0.0134 | G25: t CO2e
D26: ='15 Scope 3'!D463 -> Seed | E26: ='15 Scope 3'!E472 -> 0.8439 | F26: ='15 Scope 3'!E473 -> 0.7142 | G26: t CO2e
D27: ='15 Scope 3'!D476 -> Miscellaneous Inputs | E27: ='15 Scope 3'!E483 -> 2.9531 | F27: ='15 Scope 3'!E484 -> 0.08586 | G27: t CO2e
D28: ='15 Scope 3'!D487 -> Uncategorised products with no Method 1 EF data | E28: ='15 Scope 3'!E501 -> No data | F28: ='15 Scope 3'!E502 -> 4000 | G28: t CO2e
D29: {=Common_InputFunctions.Utility_ResultsItemFromEquationTitleAndSource('15 Scope 3'!D506,'15 Scope 3'!D507)} -> 15.11.1.1 Total upstream emissions from scope 1 fuel consumption | E29: ='15 Scope 3'!E518 -> 0.136176 | F29: =E29 -> 0.136176 | G29: t CO2e
D30: {=Common_InputFunctions.Utility_ResultsItemFromEquationTitleAndSource('15 Scope 3'!D521,'15 Scope 3'!D522)} -> 15.12.1.1 Scope 3 emissions from purchased electricity location based | E30: ='15 Scope 3'!E533 -> 0.03 | F30: =E30 -> 0.03 | G30: t CO2e
D31: {=Common_InputFunctions.Utility_ResultsItemFromEquationTitleAndSource('15 Scope 3'!D537,'15 Scope 3'!D538)} -> 15.12.1.2 Scope 3 emissions from purchased electricity market based | E31: ='15 Scope 3'!E555 -> 1.5 | F31: =E31 -> 1.5 | G31: t CO2e
D32: {=Common_InputFunctions.Utility_ResultsItemFromEquationTitleAndSource('15 Scope 3'!D559,'15 Scope 3'!D560)} -> 15.13.1.1 Emissions from manure sent off site applied to soils in another farming system or enterprise | E32: ='15 Scope 3'!E576 -> 3.7936643 | F32: =E32 -> 3.7936643 | G32: t CO2e
D33: {=Common_InputFunctions.Utility_ResultsItemFromEquationTitleAndSource('15 Scope 3'!D580,'15 Scope 3'!D581&",")} -> 15.13.1.3 Emissions from solid waste sent to a treatment facility | E33: ='15 Scope 3'!E586 -> 330.8421 | F33: =E33 -> 330.8421 | G33: t CO2e
D34: {=Common_InputFunctions.Utility_ResultsItemFromEquationTitleAndSource('15 Scope 3'!D590,'15 Scope 3'!D591)} -> 15.14.1.1 Embedded emissions from upstream freight | G34: t CO2e
D35: ='15 Scope 3'!D604 -> Incoming freight | E35: ='15 Scope 3'!E618 -> No data | F35: ='15 Scope 3'!E619 -> 5146700 | G35: t CO2e
D36: ='15 Scope 3'!D622 -> Outgoing freight | E36: ='15 Scope 3'!E636 -> No data | F36: ='15 Scope 3'!E637 -> 432640 | G36: t CO2e
D37: Total | E37: =SUM(E10:E36) -> 2391.451 | F37: =SUM(F10:F36) -> 5586020.8 | G37: t CO2e

Sheet Input - Site
A1: #VALUE! | C1: Input - Site
A3: =HYPERLINK("#'Home'!A1", "Home") -> Home
A4: =HYPERLINK("#'Overview'!A1", "Overview") -> Overview
A5: =HYPERLINK("#'Results'!A1", "Results") -> Results | D5: Your business
A7: INPUTS | D7: Farm name | E7: Test Farms
A8: =HYPERLINK("#'Input - Electricity'!A1", "Electricity") -> Electricity | D8: Reporting entity name | E8: Test Farms Pty Ltd
A10: CALCULATIONS | D10: 💡An 'Emissions accounting period' is a 12 month period where the business can report on the emissions, and is typically the same as the business' financial accounting period.
A11: =HYPERLINK("#'14.1.1-2 Purchased electricity'!A1", "14.1.1-2 Purchased electricity") -> 14.1.1-2 Purchased electricity
D12: Emissions calculation period start date | E12: 45292 | F12: ← DD/MM/YYYY or DD Month YYYY
A13: APPENDICES | D13: Emissions calculation period end date | E13: =DATE(YEAR(E12)+1,MONTH(E12),DAY(E12))-1 -> 45657 | F13: ← Automatically calculated, 12 months after start date
A14: =HYPERLINK("#'Constants - Electricity'!A1", "Constants - Electricity") -> Constants - Electricity
A15: =HYPERLINK("#'Constants - Common'!A1", "Constants - Common") -> Constants - Common
D16: Location and climate
D18: Location information is used to reference some region and climate-specific emission factors
D19: Tip: Use the web-based GAF Location Helper tool to easily get region and climate information. You will need an internet connection to use the GAF Location Helper.
D21: State | E21: ACT | F21: ← Please select
D22: Region (ABS Statistical area level 4) if state is WA | E22: Western Australia - Outback (South) | F22: ← Please select
D23: Leaching zone | E23: NO - Not in leaching zone | F23: ← Please select
D24: Elevation | E24: 307.7 | F24: Meters
D25: Average temperature for reporting period | E25: 18 | F25: Degrees celsius
D26: Total rainfall for reporting period | E26: 599 | F26: Millimetres
D27: Potential evapotranspiration for reporting period | E27: 1326 | F27: Millimetres
D28: Number of frost days for reporting period | E28: 7 | F28: Days
D29: MAP:PET ratio | E29: =E26/E27 -> 0.45173454
D30: Rainfall zone | E30: =Common_InputFunctions.Utility_LookupItemFromMinMax(E26,Table_SourceData_RainfallZones[Min rainfall],Table_SourceData_RainfallZones[Max rainfall],Table_SourceData_RainfallZones[Rainfall Zone]) -> Low rainfall
D31: Climate zone | E31: =Common_InputFunctions.Utility_GetClimateZone(E25,E26,E28,E24,E29,Table_SourceData_ClimateZones[Min temp],Table_SourceData_ClimateZones[Max temp],Table_SourceData_ClimateZones[Min rainfall],Table_SourceData_ClimateZones[Max rainfall],Table_SourceData_ClimateZones[Min frost days],Table_SourceData_ClimateZones[Max frost days],Table_SourceData_ClimateZones[Min elevation],Table_SourceData_ClimateZones[Max elevation],Table_SourceData_ClimateZones[Min MAP:PET],Table_SourceData_ClimateZones[Max MAP:PET],Table_SourceData_ClimateZones[Climate zone]) -> Warm temperate dry
D32: Wet or dry climate zone | E32: =Common_InputFunctions.Utility_LookupValueInTable($E$31,Table_SourceData_WetDryZones[Climate zone],Table_SourceData_WetDryZones[Wet or Dry Zone]) -> Dry climate zone
D33: Temperature zone | E33: =Common_InputFunctions.Utility_LookupItemFromMinMax(E25,Table_SourceData_TemperatureZones[Min MAT],Table_SourceData_TemperatureZones[Max MAT],Table_SourceData_TemperatureZones[Temperature Zone]) -> Temperate

Sheet Input - Fuel
A1: #VALUE! | C1: Input - Fuel
A3: =HYPERLINK("#'Home'!A1", "Home") -> Home
A4: =HYPERLINK("#'Overview'!A1", "Overview") -> Overview
A5: =HYPERLINK("#'Results'!A1", "Results") -> Results | D5: Fuel purchases and consumption
A7: INPUTS | D7: A 'Metropolitan' location is:
A8: =HYPERLINK("#'Input - Fuel'!A1", "Fuel") -> Fuel | D8: ● On or east of the dividing range in NSW (including Canberra and Queanbeyan)
D9: ● In Melbourne, Brisbane, Adelaide or Perth
A10: CALCULATIONS
A11: =HYPERLINK("#'8.1.1.1-2 Transport fuel'!A1", "8.1.1.1-2 Transport fuel") -> 8.1.1.1-2 Transport fuel | D11: Is the property in a Metropolitan location? | E11: Metro | F11: ← Please select
A12: =HYPERLINK("#'8.2.1.1-2 Stationary fuel'!A1", "8.2.1.1-2 Stationary fuel") -> 8.2.1.1-2 Stationary fuel
A13: =HYPERLINK("#'8.X.1.1-2 General use fuel'!A1", "8.X.1.1-2 General use fuel") -> 8.X.1.1-2 General use fuel | D13: 💡 You can add more rows to the table by right-clicking on the table and selecting "Insert > Table rows above/below"
D14: 💡 'Percent consumed" is 100% by default. If you purchased more fuel than was consumed you can edit this field.
A15: APPENDICES
A16: =HYPERLINK("#'Constants - Fuel'!A1", "Constants - Fuel") -> Constants - Fuel | D16: Fuel use (select) | E16: Fuel type (select) | F16: Amount purchased | G16: Amount unit | H16: Percent consumed | I16: Amount consumed
A17: =HYPERLINK("#'Constants - Common'!A1", "Constants - Common") -> Constants - Common | D17: Power standalone machinery or heating | E17: Town gas in GJ | F17: 100 | G17: {=Common_InputFunctions.Utility_LookupValueInTable(Table_Input_Fuel[[#This Row],[Fuel type (select)]],Table_FuelTypes_Units[Fuel type], Table_FuelTypes_Units[Unit])} -> GJ | H17: =1 -> 1 | I17: =Table_Input_Fuel[[#This Row],[Amount purchased]]*Table_Input_Fuel[[#This Row],[Percent consumed]]*10^-3 -> 0.1
D18: Aviation | E18: Avgas | F18: 100 | G18: {=Common_InputFunctions.Utility_LookupValueInTable(Table_Input_Fuel[[#This Row],[Fuel type (select)]],Table_FuelTypes_Units[Fuel type], Table_FuelTypes_Units[Unit])} -> kL | H18: =1 -> 1 | I18: =Table_Input_Fuel[[#This Row],[Amount purchased]]*Table_Input_Fuel[[#This Row],[Percent consumed]]*10^-3 -> 0.1
D19: Vessels | E19: Diesel | F19: 100 | G19: {=Common_InputFunctions.Utility_LookupValueInTable(Table_Input_Fuel[[#This Row],[Fuel type (select)]],Table_FuelTypes_Units[Fuel type], Table_FuelTypes_Units[Unit])} -> kL | H19: =1 -> 1 | I19: =Table_Input_Fuel[[#This Row],[Amount purchased]]*Table_Input_Fuel[[#This Row],[Percent consumed]]*10^-3 -> 0.1
D20: Power standalone machinery or heating | E20: Town gas in GJ | F20: 100 | G20: {=Common_InputFunctions.Utility_LookupValueInTable(Table_Input_Fuel[[#This Row],[Fuel type (select)]],Table_FuelTypes_Units[Fuel type], Table_FuelTypes_Units[Unit])} -> GJ | H20: =1 -> 1 | I20: =Table_Input_Fuel[[#This Row],[Amount purchased]]*Table_Input_Fuel[[#This Row],[Percent consumed]]*10^-3 -> 0.1
D21: Cars and light commercial vehicles | E21: Diesel | F21: 100 | G21: {=Common_InputFunctions.Utility_LookupValueInTable(Table_Input_Fuel[[#This Row],[Fuel type (select)]],Table_FuelTypes_Units[Fuel type], Table_FuelTypes_Units[Unit])} -> kL | H21: =1 -> 1 | I21: =Table_Input_Fuel[[#This Row],[Amount purchased]]*Table_Input_Fuel[[#This Row],[Percent consumed]]*10^-3 -> 0.1

Sheet Input - Fertiliser
A1: #VALUE! | C1: Input - Fertiliser
A3: =HYPERLINK("#'Home'!A1", "Home") -> Home
A4: =HYPERLINK("#'Overview'!A1", "Overview") -> Overview
A5: =HYPERLINK("#'Results'!A1", "Results") -> Results
D6: Production system | E6: Crop | F6: ← Please select
A7: INPUTS | D7: Crop type | E7: Grains | F7: ← Please select
A8: =HYPERLINK("#'Input - Site'!A1", "Site") -> Site | D8: Irrigation method | E8: Drip irrigation | F8: ← Please select
A9: =HYPERLINK("#'Input - Fertiliser'!A1", "Fertiliser") -> Fertiliser | D9: Area under cropping | E9: 100 | F9: hectares
A11: CALCULATIONS | D11: Inorganic fertiliser applied
A12: =HYPERLINK("#'5.1.1.1-2 Inorganic Fert N2O'!A1", "5.1.1.1-2 Inorganic Fert N2O") -> 5.1.1.1-2 Inorganic Fert N2O
A13: =HYPERLINK("#'5.1.1.3-4 Inorganic fert CO2'!A1", "5.1.1.3-4 Inorganic fert CO2") -> 5.1.1.3-4 Inorganic fert CO2 | D13: 💡You can add more rows to tables by right-clicking on the table and selecting "Insert > Table rows above/below".
A14: =HYPERLINK("#'5.2.1.1-2 Organic Fert N2O'!A1", "5.2.1.1-2 Organic Fert N2O") -> 5.2.1.1-2 Organic Fert N2O | D14: 💡The application area is the same as the area under pasture / cropping by default. You can edit it if the application area is different.
A15: =HYPERLINK("#'5.3.1.1-2 Lime CO2'!A1", "5.3.1.1-2 Lime CO2") -> 5.3.1.1-2 Lime CO2
A16: =HYPERLINK("#'5.4.1.1-4 Atmos deposition'!A1", "5.4.1.1-4 Atmos deposition") -> 5.4.1.1-4 Atmos deposition | D16: Branded fertiliser products
A17: =HYPERLINK("#'5.5.1.1-2 Leaching and runoff'!A1", "5.5.1.1-2 Leaching and runoff") -> 5.5.1.1-2 Leaching and runoff | D17: Product (select) | E17: Amount applied per hectare | F17: Application unit | G17: Density | H17: Application area (ha) | I17: Total applied (kg) | J17: Ingredient 1 | K17: Ingredient 1 percent | L17: Ingredient 2 | M17: Ingredient 2 percent | N17: Ingredient 3 | O17: Ingredient 3 percent | P17: Ingredient 4 | Q17: Ingredient 4 percent | R17: Ingredient 5 | S17: Ingredient 5 percent | T17: Ingredient 6 | U17: Ingredient 6 percent | V17: N application rate (kg/ha) | W17: Urea source | X17: Ammonia source
D18: CoRoN 12-0-10 | E18: 100 | F18: =_xlfn.XLOOKUP(Table_Input_InorganicFertiliser_Brands[[#This Row],[Product (select)]],FertiliserProducts[Product name],FertiliserProducts[Unit]) -> L | G18: =_xlfn.XLOOKUP(Table_Input_InorganicFertiliser_Brands[[#This Row],[Product (select)]],FertiliserProducts[Product name],FertiliserProducts[Density / gravity]) -> 1.215 | H18: =$E$9 -> 100 | I18: =(Table_Input_InorganicFertiliser_Brands[[#This Row],[Amount applied per hectare]]*Table_Input_InorganicFertiliser_Brands[[#This Row],[Density]])*Table_Input_InorganicFertiliser_Brands[[#This Row],[Application area (ha)]] -> 12150 | J18: {=Fertiliser_InputFunctions.Fertiliser_FertiliserProductLookup(Table_Input_InorganicFertiliser_Brands[[#This Row],[Product (select)]], Table_Input_InorganicFertiliser_Brands[[#Headers],[Ingredient 1]], FertiliserProducts[#Data], FertiliserProducts[Product name], FertiliserProducts[#Headers])} -> Urea | K18: {=Fertiliser_InputFunctions.Fertiliser_FertiliserProductLookup(Table_Input_InorganicFertiliser_Brands[[#This Row],[Product (select)]], Table_Input_InorganicFertiliser_Brands[[#Headers],[Ingredient 1 percent]], FertiliserProducts[#Data], FertiliserProducts[Product name], FertiliserProducts[#Headers])} -> 0.19565217 | L18: {=Fertiliser_InputFunctions.Fertiliser_FertiliserProductLookup(Table_Input_InorganicFertiliser_Brands[[#This Row],[Product (select)]], Table_Input_InorganicFertiliser_Brands[[#Headers],[Ingredient 2]], FertiliserProducts[#Data], FertiliserProducts[Product name], FertiliserProducts[#Headers])} -> Potassium - Generic | M18: {=Fertiliser_InputFunctions.Fertiliser_FertiliserProductLookup(Table_Input_InorganicFertiliser_Brands[[#This Row],[Product (select)]], Table_Input_InorganicFertiliser_Brands[[#Headers],[Ingredient 2 percent]], FertiliserProducts[#Data], FertiliserProducts[Product name], FertiliserProducts[#Headers])} -> 0.1 | N18: {=Fertiliser_InputFunctions.Fertiliser_FertiliserProductLookup(Table_Input_InorganicFertiliser_Brands[[#This Row],[Product (select)]], Table_Input_InorganicFertiliser_Brands[[#Headers],[Ingredient 3]], FertiliserProducts[#Data], FertiliserProducts[Product name], FertiliserProducts[#Headers])} -> Nitrogen - Generic | O18: {=Fertiliser_InputFunctions.Fertiliser_FertiliserProductLookup(Table_Input_InorganicFertiliser_Brands[[#This Row],[Product (select)]], Table_Input_InorganicFertiliser_Brands[[#Headers],[Ingredient 3 percent]], FertiliserProducts[#Data], FertiliserProducts[Product name], FertiliserProducts[#Headers])} -> 0.03 | P18: {=Fertiliser_InputFunctions.Fertiliser_FertiliserProductLookup(Table_Input_InorganicFertiliser_Brands[[#This Row],[Product (select)]], Table_Input_InorganicFertiliser_Brands[[#Headers],[Ingredient 4]], FertiliserProducts[#Data], FertiliserProducts[Product name], FertiliserProducts[#Headers])} -> Boron | Q18: {=Fertiliser_InputFunctions.Fertiliser_FertiliserProductLookup(Table_Input_InorganicFertiliser_Brands[[#This Row],[Product (select)]], Table_Input_InorganicFertiliser_Brands[[#Headers],[Ingredient 4 percent]], FertiliserProducts[#Data], FertiliserProducts[Product name], FertiliserProducts[#Headers])} -> 0.005 | R18: {=Fertiliser_InputFunctions.Fertiliser_FertiliserProductLookup(Table_Input_InorganicFertiliser_Brands[[#This Row],[Product (select)]], Table_Input_InorganicFertiliser_Brands[[#Headers],[Ingredient 5]], FertiliserProducts[#Data], FertiliserProducts[Product name], FertiliserProducts[#Headers])} | S18: {=Fertiliser_InputFunctions.Fertiliser_FertiliserProductLookup(Table_Input_InorganicFertiliser_Brands[[#This Row],[Product (select)]], Table_Input_InorganicFertiliser_Brands[[#Headers],[Ingredient 5 percent]], FertiliserProducts[#Data], FertiliserProducts[Product name], FertiliserProducts[#Headers])} | T18: {=Fertiliser_InputFunctions.Fertiliser_FertiliserProductLookup(Table_Input_InorganicFertiliser_Brands[[#This Row],[Product (select)]], Table_Input_InorganicFertiliser_Brands[[#Headers],[Ingredient 6]], FertiliserProducts[#Data], FertiliserProducts[Product name], FertiliserProducts[#Headers])} | U18: {=Fertiliser_InputFunctions.Fertiliser_FertiliserProductLookup(Table_Input_InorganicFertiliser_Brands[[#This Row],[Product (select)]], Table_Input_InorganicFertiliser_Brands[[#Headers],[Ingredient 6 percent]], FertiliserProducts[#Data], FertiliserProducts[Product name], FertiliserProducts[#Headers])} | V18: =(Table_Input_InorganicFertiliser_Brands[[#This Row],[Amount applied per hectare]]*Table_Input_InorganicFertiliser_Brands[[#This Row],[Density]])*(IFERROR((_xlfn.XLOOKUP(Table_Input_InorganicFertiliser_Brands[[#This Row],[Ingredient 1]], Table_Fertiliser_ChemicalCompounds[Fertiliser type f],Table_Fertiliser_ChemicalCompounds[FNinorganic f])*Table_Input_InorganicFertiliser_Brands[[#This Row],[Ingredient 1 percent]]), 0)+ IFERROR((_xlfn.XLOOKUP(Table_Input_InorganicFertiliser_Brands[[#This Row],[Ingredient 2]],Table_Fertiliser_ChemicalCompounds[Fertiliser type f],Table_Fertiliser_ChemicalCompounds[FNinorganic f])*Table_Input_InorganicFertiliser_Brands[[#This Row],[Ingredient 2 percent]]), 0)+ IFERROR((_xlfn.XLOOKUP(Table_Input_InorganicFertiliser_Brands[[#This Row],[Ingredient 3]],Table_Fertiliser_ChemicalCompounds[Fertiliser type f],Table_Fertiliser_ChemicalCompounds[FNinorganic f])*Table_Input_InorganicFertiliser_Brands[[#This Row],[Ingredient 3 percent]]), 0)+ IFERROR((_xlfn.XLOOKUP(Table_Input_InorganicFertiliser_Brands[[#This Row],[Ingredient 4]],Table_Fertiliser_ChemicalCompounds[Fertiliser type f],Table_Fertiliser_ChemicalCompounds[FNinorganic f])*Table_Input_InorganicFertiliser_Brands[[#This Row],[Ingredient 4 percent]]), 0)+ IFERROR((_xlfn.XLOOKUP(Table_Input_InorganicFertiliser_Brands[[#This Row],[Ingredient 5]],Table_Fertiliser_ChemicalCompounds[Fertiliser type f],Table_Fertiliser_ChemicalCompounds[FNinorganic f])*Table_Input_InorganicFertiliser_Brands[[#This Row],[Ingredient 5 percent]]), 0)+ IFERROR((_xlfn.XLOOKUP(Table_Input_InorganicFertiliser_Brands[[#This Row],[Ingredient 6]],Table_Fertiliser_ChemicalCompounds[Fertiliser type f],Table_Fertiliser_ChemicalCompounds[FNinorganic f])*Table_Input_InorganicFertiliser_Brands[[#This Row],[Ingredient 6 percent]]), 0)) -> 14.58 | W18: =_xlfn.XLOOKUP(Table_Input_InorganicFertiliser_Brands[[#This Row],[Product (select)]],FertiliserProducts[Product name],FertiliserProducts[Urea source]) | X18: =_xlfn.XLOOKUP(Table_Input_InorganicFertiliser_Brands[[#This Row],[Product (select)]],FertiliserProducts[Product name],FertiliserProducts[Ammonia source])
A19: APPENDICES | D19: Boost-It | E19: 200 | F19: =_xlfn.XLOOKUP(Table_Input_InorganicFertiliser_Brands[[#This Row],[Product (select)]],FertiliserProducts[Product name],FertiliserProducts[Unit]) -> kg | G19: =_xlfn.XLOOKUP(Table_Input_InorganicFertiliser_Brands[[#This Row],[Product (select)]],FertiliserProducts[Product name],FertiliserProducts[Density / gravity]) -> 1 | H19: =$E$9 -> 100 | I19: =(Table_Input_InorganicFertiliser_Brands[[#This Row],[Amount applied per hectare]]*Table_Input_InorganicFertiliser_Brands[[#This Row],[Density]])*Table_Input_InorganicFertiliser_Brands[[#This Row],[Application area (ha)]] -> 20000 | J19: {=Fertiliser_InputFunctions.Fertiliser_FertiliserProductLookup(Table_Input_InorganicFertiliser_Brands[[#This Row],[Product (select)]], Table_Input_InorganicFertiliser_Brands[[#Headers],[Ingredient 1]], FertiliserProducts[#Data], FertiliserProducts[Product name], FertiliserProducts[#Headers])} -> Urea | K19: {=Fertiliser_InputFunctions.Fertiliser_FertiliserProductLookup(Table_Input_InorganicFertiliser_Brands[[#This Row],[Product (select)]], Table_Input_InorganicFertiliser_Brands[[#Headers],[Ingredient 1 percent]], FertiliserProducts[#Data], FertiliserProducts[Product name], FertiliserProducts[#Headers])} -> 0.52173913 | L19: {=Fertiliser_InputFunctions.Fertiliser_FertiliserProductLookup(Table_Input_InorganicFertiliser_Brands[[#This Row],[Product (select)]], Table_Input_InorganicFertiliser_Brands[[#Headers],[Ingredient 2]], FertiliserProducts[#Data], FertiliserProducts[Product name], FertiliserProducts[#Headers])} -> Potassium - Generic | M19: {=Fertiliser_InputFunctions.Fertiliser_FertiliserProductLookup(Table_Input_InorganicFertiliser_Brands[[#This Row],[Product (select)]], Table_Input_InorganicFertiliser_Brands[[#Headers],[Ingredient 2 percent]], FertiliserProducts[#Data], FertiliserProducts[Product name], FertiliserProducts[#Headers])} -> 0.08 | N19: {=Fertiliser_InputFunctions.Fertiliser_FertiliserProductLookup(Table_Input_InorganicFertiliser_Brands[[#This Row],[Product (select)]], Table_Input_InorganicFertiliser_Brands[[#Headers],[Ingredient 3]], FertiliserProducts[#Data], FertiliserProducts[Product name], FertiliserProducts[#Headers])} -> Sulfur - Generic | O19: {=Fertiliser_InputFunctions.Fertiliser_FertiliserProductLookup(Table_Input_InorganicFertiliser_Brands[[#This Row],[Product (select)]], Table_Input_InorganicFertiliser_Brands[[#Headers],[Ingredient 3 percent]], FertiliserProducts[#Data], FertiliserProducts[Product name], FertiliserProducts[#Headers])} -> 0.053 | P19: {=Fertiliser_InputFunctions.Fertiliser_FertiliserProductLookup(Table_Input_InorganicFertiliser_Brands[[#This Row],[Product (select)]], Table_Input_InorganicFertiliser_Brands[[#Headers],[Ingredient 4]], FertiliserProducts[#Data], FertiliserProducts[Product name], FertiliserProducts[#Headers])} -> Phosphorus - Generic | Q19: {=Fertiliser_InputFunctions.Fertiliser_FertiliserProductLookup(Table_Input_InorganicFertiliser_Brands[[#This Row],[Product (select)]], Table_Input_InorganicFertiliser_Brands[[#Headers],[Ingredient 4 percent]], FertiliserProducts[#Data], FertiliserProducts[Product name], FertiliserProducts[#Headers])} -> 0.052 | R19: {=Fertiliser_InputFunctions.Fertiliser_FertiliserProductLookup(Table_Input_InorganicFertiliser_Brands[[#This Row],[Product (select)]], Table_Input_InorganicFertiliser_Brands[[#Headers],[Ingredient 5]], FertiliserProducts[#Data], FertiliserProducts[Product name], FertiliserProducts[#Headers])} -> Magnesium | S19: {=Fertiliser_InputFunctions.Fertiliser_FertiliserProductLookup(Table_Input_InorganicFertiliser_Brands[[#This Row],[Product (select)]], Table_Input_InorganicFertiliser_Brands[[#Headers],[Ingredient 5 percent]], FertiliserProducts[#Data], FertiliserProducts[Product name], FertiliserProducts[#Headers])} -> 0.013 | T19: {=Fertiliser_InputFunctions.Fertiliser_FertiliserProductLookup(Table_Input_InorganicFertiliser_Brands[[#This Row],[Product (select)]], Table_Input_InorganicFertiliser_Brands[[#Headers],[Ingredient 6]], FertiliserProducts[#Data], FertiliserProducts[Product name], FertiliserProducts[#Headers])} -> Zinc | U19: {=Fertiliser_InputFunctions.Fertiliser_FertiliserProductLookup(Table_Input_InorganicFertiliser_Brands[[#This Row],[Product (select)]], Table_Input_InorganicFertiliser_Brands[[#Headers],[Ingredient 6 percent]], FertiliserProducts[#Data], FertiliserProducts[Product name], FertiliserProducts[#Headers])} -> 0.002 | V19: =(Table_Input_InorganicFertiliser_Brands[[#This Row],[Amount applied per hectare]]*Table_Input_InorganicFertiliser_Brands[[#This Row],[Density]])*(IFERROR((_xlfn.XLOOKUP(Table_Input_InorganicFertiliser_Brands[[#This Row],[Ingredient 1]], Table_Fertiliser_ChemicalCompounds[Fertiliser type f],Table_Fertiliser_ChemicalCompounds[FNinorganic f])*Table_Input_InorganicFertiliser_Brands[[#This Row],[Ingredient 1 percent]]), 0)+ IFERROR((_xlfn.XLOOKUP(Table_Input_InorganicFertiliser_Brands[[#This Row],[Ingredient 2]],Table_Fertiliser_ChemicalCompounds[Fertiliser type f],Table_Fertiliser_ChemicalCompounds[FNinorganic f])*Table_Input_InorganicFertiliser_Brands[[#This Row],[Ingredient 2 percent]]), 0)+ IFERROR((_xlfn.XLOOKUP(Table_Input_InorganicFertiliser_Brands[[#This Row],[Ingredient 3]],Table_Fertiliser_ChemicalCompounds[Fertiliser type f],Table_Fertiliser_ChemicalCompounds[FNinorganic f])*Table_Input_InorganicFertiliser_Brands[[#This Row],[Ingredient 3 percent]]), 0)+ IFERROR((_xlfn.XLOOKUP(Table_Input_InorganicFertiliser_Brands[[#This Row],[Ingredient 4]],Table_Fertiliser_ChemicalCompounds[Fertiliser type f],Table_Fertiliser_ChemicalCompounds[FNinorganic f])*Table_Input_InorganicFertiliser_Brands[[#This Row],[Ingredient 4 percent]]), 0)+ IFERROR((_xlfn.XLOOKUP(Table_Input_InorganicFertiliser_Brands[[#This Row],[Ingredient 5]],Table_Fertiliser_ChemicalCompounds[Fertiliser type f],Table_Fertiliser_ChemicalCompounds[FNinorganic f])*Table_Input_InorganicFertiliser_Brands[[#This Row],[Ingredient 5 percent]]), 0)+ IFERROR((_xlfn.XLOOKUP(Table_Input_InorganicFertiliser_Brands[[#This Row],[Ingredient 6]],Table_Fertiliser_ChemicalCompounds[Fertiliser type f],Table_Fertiliser_ChemicalCompounds[FNinorganic f])*Table_Input_InorganicFertiliser_Brands[[#This Row],[Ingredient 6 percent]]), 0)) -> 48 | W19: =_xlfn.XLOOKUP(Table_Input_InorganicFertiliser_Brands[[#This Row],[Product (select)]],FertiliserProducts[Product name],FertiliserProducts[Urea source]) | X19: =_xlfn.XLOOKUP(Table_Input_InorganicFertiliser_Brands[[#This Row],[Product (select)]],FertiliserProducts[Product name],FertiliserProducts[Ammonia source])
A20: =HYPERLINK("#'Constants - Fertiliser'!A1", "Constants - Fertiliser") -> Constants - Fertiliser | D20: CoRoN 12-0-10 | E20: 100 | F20: =_xlfn.XLOOKUP(Table_Input_InorganicFertiliser_Brands[[#This Row],[Product (select)]],FertiliserProducts[Product name],FertiliserProducts[Unit]) -> L | G20: =_xlfn.XLOOKUP(Table_Input_InorganicFertiliser_Brands[[#This Row],[Product (select)]],FertiliserProducts[Product name],FertiliserProducts[Density / gravity]) -> 1.215 | H20: =$E$9 -> 100 | I20: =(Table_Input_InorganicFertiliser_Brands[[#This Row],[Amount applied per hectare]]*Table_Input_InorganicFertiliser_Brands[[#This Row],[Density]])*Table_Input_InorganicFertiliser_Brands[[#This Row],[Application area (ha)]] -> 12150 | J20: {=Fertiliser_InputFunctions.Fertiliser_FertiliserProductLookup(Table_Input_InorganicFertiliser_Brands[[#This Row],[Product (select)]], Table_Input_InorganicFertiliser_Brands[[#Headers],[Ingredient 1]], FertiliserProducts[#Data], FertiliserProducts[Product name], FertiliserProducts[#Headers])} -> Urea | K20: {=Fertiliser_InputFunctions.Fertiliser_FertiliserProductLookup(Table_Input_InorganicFertiliser_Brands[[#This Row],[Product (select)]], Table_Input_InorganicFertiliser_Brands[[#Headers],[Ingredient 1 percent]], FertiliserProducts[#Data], FertiliserProducts[Product name], FertiliserProducts[#Headers])} -> 0.19565217 | L20: {=Fertiliser_InputFunctions.Fertiliser_FertiliserProductLookup(Table_Input_InorganicFertiliser_Brands[[#This Row],[Product (select)]], Table_Input_InorganicFertiliser_Brands[[#Headers],[Ingredient 2]], FertiliserProducts[#Data], FertiliserProducts[Product name], FertiliserProducts[#Headers])} -> Potassium - Generic | M20: {=Fertiliser_InputFunctions.Fertiliser_FertiliserProductLookup(Table_Input_InorganicFertiliser_Brands[[#This Row],[Product (select)]], Table_Input_InorganicFertiliser_Brands[[#Headers],[Ingredient 2 percent]], FertiliserProducts[#Data], FertiliserProducts[Product name], FertiliserProducts[#Headers])} -> 0.1 | N20: {=Fertiliser_InputFunctions.Fertiliser_FertiliserProductLookup(Table_Input_InorganicFertiliser_Brands[[#This Row],[Product (select)]], Table_Input_InorganicFertiliser_Brands[[#Headers],[Ingredient 3]], FertiliserProducts[#Data], FertiliserProducts[Product name], FertiliserProducts[#Headers])} -> Nitrogen - Generic | O20: {=Fertiliser_InputFunctions.Fertiliser_FertiliserProductLookup(Table_Input_InorganicFertiliser_Brands[[#This Row],[Product (select)]], Table_Input_InorganicFertiliser_Brands[[#Headers],[Ingredient 3 percent]], FertiliserProducts[#Data], FertiliserProducts[Product name], FertiliserProducts[#Headers])} -> 0.03 | P20: {=Fertiliser_InputFunctions.Fertiliser_FertiliserProductLookup(Table_Input_InorganicFertiliser_Brands[[#This Row],[Product (select)]], Table_Input_InorganicFertiliser_Brands[[#Headers],[Ingredient 4]], FertiliserProducts[#Data], FertiliserProducts[Product name], FertiliserProducts[#Headers])} -> Boron | Q20: {=Fertiliser_InputFunctions.Fertiliser_FertiliserProductLookup(Table_Input_InorganicFertiliser_Brands[[#This Row],[Product (select)]], Table_Input_InorganicFertiliser_Brands[[#Headers],[Ingredient 4 percent]], FertiliserProducts[#Data], FertiliserProducts[Product name], FertiliserProducts[#Headers])} -> 0.005 | R20: {=Fertiliser_InputFunctions.Fertiliser_FertiliserProductLookup(Table_Input_InorganicFertiliser_Brands[[#This Row],[Product (select)]], Table_Input_InorganicFertiliser_Brands[[#Headers],[Ingredient 5]], FertiliserProducts[#Data], FertiliserProducts[Product name], FertiliserProducts[#Headers])} | S20: {=Fertiliser_InputFunctions.Fertiliser_FertiliserProductLookup(Table_Input_InorganicFertiliser_Brands[[#This Row],[Product (select)]], Table_Input_InorganicFertiliser_Brands[[#Headers],[Ingredient 5 percent]], FertiliserProducts[#Data], FertiliserProducts[Product name], FertiliserProducts[#Headers])} | T20: {=Fertiliser_InputFunctions.Fertiliser_FertiliserProductLookup(Table_Input_InorganicFertiliser_Brands[[#This Row],[Product (select)]], Table_Input_InorganicFertiliser_Brands[[#Headers],[Ingredient 6]], FertiliserProducts[#Data], FertiliserProducts[Product name], FertiliserProducts[#Headers])} | U20: {=Fertiliser_InputFunctions.Fertiliser_FertiliserProductLookup(Table_Input_InorganicFertiliser_Brands[[#This Row],[Product (select)]], Table_Input_InorganicFertiliser_Brands[[#Headers],[Ingredient 6 percent]], FertiliserProducts[#Data], FertiliserProducts[Product name], FertiliserProducts[#Headers])} | V20: =(Table_Input_InorganicFertiliser_Brands[[#This Row],[Amount applied per hectare]]*Table_Input_InorganicFertiliser_Brands[[#This Row],[Density]])*(IFERROR((_xlfn.XLOOKUP(Table_Input_InorganicFertiliser_Brands[[#This Row],[Ingredient 1]], Table_Fertiliser_ChemicalCompounds[Fertiliser type f],Table_Fertiliser_ChemicalCompounds[FNinorganic f])*Table_Input_InorganicFertiliser_Brands[[#This Row],[Ingredient 1 percent]]), 0)+ IFERROR((_xlfn.XLOOKUP(Table_Input_InorganicFertiliser_Brands[[#This Row],[Ingredient 2]],Table_Fertiliser_ChemicalCompounds[Fertiliser type f],Table_Fertiliser_ChemicalCompounds[FNinorganic f])*Table_Input_InorganicFertiliser_Brands[[#This Row],[Ingredient 2 percent]]), 0)+ IFERROR((_xlfn.XLOOKUP(Table_Input_InorganicFertiliser_Brands[[#This Row],[Ingredient 3]],Table_Fertiliser_ChemicalCompounds[Fertiliser type f],Table_Fertiliser_ChemicalCompounds[FNinorganic f])*Table_Input_InorganicFertiliser_Brands[[#This Row],[Ingredient 3 percent]]), 0)+ IFERROR((_xlfn.XLOOKUP(Table_Input_InorganicFertiliser_Brands[[#This Row],[Ingredient 4]],Table_Fertiliser_ChemicalCompounds[Fertiliser type f],Table_Fertiliser_ChemicalCompounds[FNinorganic f])*Table_Input_InorganicFertiliser_Brands[[#This Row],[Ingredient 4 percent]]), 0)+ IFERROR((_xlfn.XLOOKUP(Table_Input_InorganicFertiliser_Brands[[#This Row],[Ingredient 5]],Table_Fertiliser_ChemicalCompounds[Fertiliser type f],Table_Fertiliser_ChemicalCompounds[FNinorganic f])*Table_Input_InorganicFertiliser_Brands[[#This Row],[Ingredient 5 percent]]), 0)+ IFERROR((_xlfn.XLOOKUP(Table_Input_InorganicFertiliser_Brands[[#This Row],[Ingredient 6]],Table_Fertiliser_ChemicalCompounds[Fertiliser type f],Table_Fertiliser_ChemicalCompounds[FNinorganic f])*Table_Input_InorganicFertiliser_Brands[[#This Row],[Ingredient 6 percent]]), 0)) -> 14.58 | W20: =_xlfn.XLOOKUP(Table_Input_InorganicFertiliser_Brands[[#This Row],[Product (select)]],FertiliserProducts[Product name],FertiliserProducts[Urea source]) | X20: =_xlfn.XLOOKUP(Table_Input_InorganicFertiliser_Brands[[#This Row],[Product (select)]],FertiliserProducts[Product name],FertiliserProducts[Ammonia source])
A21: =HYPERLINK("#'Constants - Common'!A1", "Constants - Common") -> Constants - Common
D22: Custom fertiliser blends
D23: Custom blend name | E23: Amount applied (kg / ha) | F23: Application area (ha) | G23: Total applied (kg) | H23: Ingredient 1 (select) | I23: Ingredient 1 percent | J23: Ingredient 2 | K23: Ingredient 2 percent | L23: Ingredient 3 | M23: Ingredient 3 percent | N23: Ingredient 4 | O23: Ingredient 4 percent | P23: N application rate (kg/ha) | Q23: Urea source | R23: Ammonia source
D24: My first custom blend | E24: 100 | F24: =$E$9 -> 100 | G24: =Table_Input_InorganicFertiliser_Custom[[#This Row],[Amount applied (kg / ha)]]*Table_Input_InorganicFertiliser_Custom[[#This Row],[Application area (ha)]] -> 10000 | H24: Ammonia | I24: 0.45 | J24: Calcium nitrate | K24: 0.3 | L24: Potassium - Generic | M24: 0.1 | N24: Sulfur - Generic | O24: 0.1 | P24: =Table_Input_InorganicFertiliser_Custom[[#This Row],[Amount applied (kg / ha)]]* (IFERROR((_xlfn.XLOOKUP(Table_Input_InorganicFertiliser_Custom[[#This Row],[Ingredient 1 (select)]], Table_Fertiliser_ChemicalCompounds[Fertiliser type f],Table_Fertiliser_ChemicalCompounds[FNinorganic f])*Table_Input_InorganicFertiliser_Custom[[#This Row],[Ingredient 1 percent]]), 0) + IFERROR((_xlfn.XLOOKUP(Table_Input_InorganicFertiliser_Custom[[#This Row],[Ingredient 2]], Table_Fertiliser_ChemicalCompounds[Fertiliser type f],Table_Fertiliser_ChemicalCompounds[FNinorganic f])*Table_Input_InorganicFertiliser_Custom[[#This Row],[Ingredient 2 percent]]), 0) + IFERROR((_xlfn.XLOOKUP(Table_Input_InorganicFertiliser_Custom[[#This Row],[Ingredient 3]], Table_Fertiliser_ChemicalCompounds[Fertiliser type f],Table_Fertiliser_ChemicalCompounds[FNinorganic f])*Table_Input_InorganicFertiliser_Custom[[#This Row],[Ingredient 3 percent]]), 0) + IFERROR((_xlfn.XLOOKUP(Table_Input_InorganicFertiliser_Custom[[#This Row],[Ingredient 4]], Table_Fertiliser_ChemicalCompounds[Fertiliser type f],Table_Fertiliser_ChemicalCompounds[FNinorganic f])*Table_Input_InorganicFertiliser_Custom[[#This Row],[Ingredient 4 percent]]), 0) ) -> 41.7075 | Q24: Canada | R24: Global
E25: 100 | F25: =$E$9 -> 100 | G25: =Table_Input_InorganicFertiliser_Custom[[#This Row],[Amount applied (kg / ha)]]*Table_Input_InorganicFertiliser_Custom[[#This Row],[Application area (ha)]] -> 10000 | H25: Urea | I25: 0.9 | J25: Ammonia | K25: 0.1 | P25: =Table_Input_InorganicFertiliser_Custom[[#This Row],[Amount applied (kg / ha)]]* (IFERROR((_xlfn.XLOOKUP(Table_Input_InorganicFertiliser_Custom[[#This Row],[Ingredient 1 (select)]], Table_Fertiliser_ChemicalCompounds[Fertiliser type f],Table_Fertiliser_ChemicalCompounds[FNinorganic f])*Table_Input_InorganicFertiliser_Custom[[#This Row],[Ingredient 1 percent]]), 0) + IFERROR((_xlfn.XLOOKUP(Table_Input_InorganicFertiliser_Custom[[#This Row],[Ingredient 2]], Table_Fertiliser_ChemicalCompounds[Fertiliser type f],Table_Fertiliser_ChemicalCompounds[FNinorganic f])*Table_Input_InorganicFertiliser_Custom[[#This Row],[Ingredient 2 percent]]), 0) + IFERROR((_xlfn.XLOOKUP(Table_Input_InorganicFertiliser_Custom[[#This Row],[Ingredient 3]], Table_Fertiliser_ChemicalCompounds[Fertiliser type f],Table_Fertiliser_ChemicalCompounds[FNinorganic f])*Table_Input_InorganicFertiliser_Custom[[#This Row],[Ingredient 3 percent]]), 0) + IFERROR((_xlfn.XLOOKUP(Table_Input_InorganicFertiliser_Custom[[#This Row],[Ingredient 4]], Table_Fertiliser_ChemicalCompounds[Fertiliser type f],Table_Fertiliser_ChemicalCompounds[FNinorganic f])*Table_Input_InorganicFertiliser_Custom[[#This Row],[Ingredient 4 percent]]), 0) ) -> 49.635 | Q25: Canada | R25: Canada
D27: Soil ameliorants (lime)
D29: 💡 You can add more rows to the table by right-clicking on the table and selecting "Insert > Table rows above/below".
D30: 💡 'Lime' refers to calcium carbonate - CaCO3. 'Dolomite' refers to calcium magnesium carbonate - CaMg(CO3)2
D31: 💡The application area is the same as the area under pasture / cropping by default. You can edit it if the application area is different.
D32: =IF(MAX(Table_Input_SoilAmeliorants[Total]) > 1, "There can not be more than 100% ingredients in a product. Check the table below.", "")
D33: Product | E33: Amount applied (t/hectare) | F33: Application area (ha) | G33: Total amount applied (t) | H33: Percent Lime CaCO3 | I33: Percent Dolomite CaMg(CO3)2 | J33: Percent Gypsum | K33: Total
D34: Lime product 1 | E34: 100 | F34: =$E$9 -> 100 | G34: =IFERROR(Table_Input_SoilAmeliorants[[#This Row],[Amount applied (t/hectare)]]*Table_Input_SoilAmeliorants[[#This Row],[Application area (ha)]], 0) -> 10000 | H34: 0.4 | I34: 0.3 | J34: 0.25 | K34: =SUM(Table_Input_SoilAmeliorants[[#This Row],[Percent Lime CaCO3]:[Percent Gypsum]]) -> 0.95
D35: Lime product 2 | E35: 100 | F35: =$E$9 -> 100 | G35: =IFERROR(Table_Input_SoilAmeliorants[[#This Row],[Amount applied (t/hectare)]]*Table_Input_SoilAmeliorants[[#This Row],[Application area (ha)]], 0) -> 10000 | H35: 1 | K35: =SUM(Table_Input_SoilAmeliorants[[#This Row],[Percent Lime CaCO3]:[Percent Gypsum]]) -> 1
A44: =HYPERLINK("#A1", "▲ Back to top") -> ▲ Back to top

Sheet Input - Farm Inputs
A1: #VALUE! | C1: Input - Farm inputs
D5: Chemicals
D6: Pesticides
D7: 💡You can find specific product information in the Australian Government's 'PubCRIS' database search.
D8: Click here to find instructions on how to use the PubCRIS database
K9: {=IF( SUMPRODUCT((Table_Input_Pesticides[Constituent unit (select)]="fraction of product")*(Table_Input_Pesticides[Active ingredient 1 amount]>1)*(Table_Input_Pesticides[Active ingredient 2 amount]<>""))>0, "Alert: If constituent unit is fraction of product, amount cannot exceed 1", IF( SUMPRODUCT((Table_Input_Pesticides[Constituent unit (select)]="grams/litre or grams/kg")*(Table_Input_Pesticides[Active ingredient 1 amount]<1)*(Table_Input_Pesticides[Active ingredient 2 amount]<>""))>0, "Alert: If constituent unit is grams/kg or litre, amount cannot be less than 1", "" ) )} | N9: {=IF( SUMPRODUCT((Table_Input_Pesticides[Constituent unit (select)]="fraction of product")*(Table_Input_Pesticides[Active ingredient 2 amount]>1)*(Table_Input_Pesticides[Active ingredient 2 amount]<>""))>0, "Alert: If constituent unit is fraction of product, amount cannot exceed 1", IF( SUMPRODUCT((Table_Input_Pesticides[Constituent unit (select)]="grams/litre or grams/kg")*(Table_Input_Pesticides[Active ingredient 2 amount]<1)*(Table_Input_Pesticides[Active ingredient 2 amount]<>""))>0, "Alert: If constituent unit is grams/kg or litre, amount cannot be less than 1", "" ) )} | Q9: {=IF( SUMPRODUCT((Table_Input_Pesticides[Constituent unit (select)]="fraction of product")*(Table_Input_Pesticides[Active ingredient 3 amount]>1)*(Table_Input_Pesticides[Active ingredient 3 amount]<>""))>0, "Alert: If constituent unit is fraction of product, amount cannot exceed 1", IF( SUMPRODUCT((Table_Input_Pesticides[Constituent unit (select)]="grams/litre or grams/kg")*(Table_Input_Pesticides[Active ingredient 3 amount]<1)*(Table_Input_Pesticides[Active ingredient 3 amount]<>""))>0, "Alert: If constituent unit is grams/kg or litre, amount cannot be less than 1", "" ) )}
D10: Product name | E10: Amount applied per ha | F10: Application unit (select) | G10: Application area (ha) | H10: Total applied | I10: Constituent unit (select) | J10: Active ingredient 1 (select) | K10: Active ingredient 1 amount | L10: Total active ingredient 1 (kg) | M10: Active ingredient 2 (select) | N10: Active ingredient 2 amount | O10: Total active ingredient 2 (kg) | P10: Active ingredient 3 (select) | Q10: Active ingredient 3 amount | R10: Total active ingredient 3 (kg)
D11: QA MCPA + Picloram SL Herbicide | E11: 10 | F11: kg / hectare | G11: 100 | H11: =Table_Input_Pesticides[[#This Row],[Amount applied per ha]]*Table_Input_Pesticides[[#This Row],[Application area (ha)]] -> 1000 | I11: grams/litre or grams/kg | J11: Pesticides (generic) | K11: 100 | L11: =Table_Input_Pesticides[[#This Row],[Total applied]]*Table_Input_Pesticides[[#This Row],[Active ingredient 1 amount]]*IF(Table_Input_Pesticides[[#This Row],[Constituent unit (select)]]="fraction of product", 1, 10^-3) -> 100 | M11: Pesticides (generic) | N11: 100 | O11: =Table_Input_Pesticides[[#This Row],[Total applied]]*Table_Input_Pesticides[[#This Row],[Active ingredient 2 amount]]*IF(Table_Input_Pesticides[[#This Row],[Constituent unit (select)]]="fraction of product", 1, 10^-3) -> 100 | P11: Glyphosate | Q11: 100 | R11: =Table_Input_Pesticides[[#This Row],[Total applied]]*Table_Input_Pesticides[[#This Row],[Active ingredient 3 amount]]*IF(Table_Input_Pesticides[[#This Row],[Constituent unit (select)]]="fraction of product", 1, 10^-3) -> 100
D12: Heben Propiconazole 550EC Fungicide | E12: 10 | F12: litre / hectare | G12: 100 | H12: =Table_Input_Pesticides[[#This Row],[Amount applied per ha]]*Table_Input_Pesticides[[#This Row],[Application area (ha)]] -> 1000 | I12: grams/litre or grams/kg | J12: Pesticides (generic) | K12: 100 | L12: =Table_Input_Pesticides[[#This Row],[Total applied]]*Table_Input_Pesticides[[#This Row],[Active ingredient 1 amount]]*IF(Table_Input_Pesticides[[#This Row],[Constituent unit (select)]]="fraction of product", 1, 10^-3) -> 100 | M12: 2,4-D | N12: 100 | O12: =Table_Input_Pesticides[[#This Row],[Total applied]]*Table_Input_Pesticides[[#This Row],[Active ingredient 2 amount]]*IF(Table_Input_Pesticides[[#This Row],[Constituent unit (select)]]="fraction of product", 1, 10^-3) -> 100 | P12: Tribenuron methyl | Q12: 100 | R12: =Table_Input_Pesticides[[#This Row],[Total applied]]*Table_Input_Pesticides[[#This Row],[Active ingredient 3 amount]]*IF(Table_Input_Pesticides[[#This Row],[Constituent unit (select)]]="fraction of product", 1, 10^-3) -> 100
D13: NovaGuard Boscalid 500 WG Fungicide | E13: 10 | F13: kg / hectare | G13: 100 | H13: =Table_Input_Pesticides[[#This Row],[Amount applied per ha]]*Table_Input_Pesticides[[#This Row],[Application area (ha)]] -> 1000 | I13: grams/litre or grams/kg | J13: Pesticides (generic) | K13: 100 | L13: =Table_Input_Pesticides[[#This Row],[Total applied]]*Table_Input_Pesticides[[#This Row],[Active ingredient 1 amount]]*IF(Table_Input_Pesticides[[#This Row],[Constituent unit (select)]]="fraction of product", 1, 10^-3) -> 100 | M13: Metolachlor | N13: 100 | O13: =Table_Input_Pesticides[[#This Row],[Total applied]]*Table_Input_Pesticides[[#This Row],[Active ingredient 2 amount]]*IF(Table_Input_Pesticides[[#This Row],[Constituent unit (select)]]="fraction of product", 1, 10^-3) -> 100 | P13: Trifluralin | Q13: 100 | R13: =Table_Input_Pesticides[[#This Row],[Total applied]]*Table_Input_Pesticides[[#This Row],[Active ingredient 3 amount]]*IF(Table_Input_Pesticides[[#This Row],[Constituent unit (select)]]="fraction of product", 1, 10^-3) -> 100
H14: =Table_Input_Pesticides[[#This Row],[Amount applied per ha]]*Table_Input_Pesticides[[#This Row],[Application area (ha)]] -> 0 | L14: =Table_Input_Pesticides[[#This Row],[Total applied]]*Table_Input_Pesticides[[#This Row],[Active ingredient 1 amount]]*IF(Table_Input_Pesticides[[#This Row],[Constituent unit (select)]]="fraction of product", 1, 10^-3) -> 0 | O14: =Table_Input_Pesticides[[#This Row],[Total applied]]*Table_Input_Pesticides[[#This Row],[Active ingredient 2 amount]]*IF(Table_Input_Pesticides[[#This Row],[Constituent unit (select)]]="fraction of product", 1, 10^-3) -> 0 | R14: =Table_Input_Pesticides[[#This Row],[Total applied]]*Table_Input_Pesticides[[#This Row],[Active ingredient 3 amount]]*IF(Table_Input_Pesticides[[#This Row],[Constituent unit (select)]]="fraction of product", 1, 10^-3) -> 0
H15: =Table_Input_Pesticides[[#This Row],[Amount applied per ha]]*Table_Input_Pesticides[[#This Row],[Application area (ha)]] -> 0 | L15: =Table_Input_Pesticides[[#This Row],[Total applied]]*Table_Input_Pesticides[[#This Row],[Active ingredient 1 amount]]*IF(Table_Input_Pesticides[[#This Row],[Constituent unit (select)]]="fraction of product", 1, 10^-3) -> 0 | O15: =Table_Input_Pesticides[[#This Row],[Total applied]]*Table_Input_Pesticides[[#This Row],[Active ingredient 2 amount]]*IF(Table_Input_Pesticides[[#This Row],[Constituent unit (select)]]="fraction of product", 1, 10^-3) -> 0 | R15: =Table_Input_Pesticides[[#This Row],[Total applied]]*Table_Input_Pesticides[[#This Row],[Active ingredient 3 amount]]*IF(Table_Input_Pesticides[[#This Row],[Constituent unit (select)]]="fraction of product", 1, 10^-3) -> 0
H16: =Table_Input_Pesticides[[#This Row],[Amount applied per ha]]*Table_Input_Pesticides[[#This Row],[Application area (ha)]] -> 0 | L16: =Table_Input_Pesticides[[#This Row],[Total applied]]*Table_Input_Pesticides[[#This Row],[Active ingredient 1 amount]]*IF(Table_Input_Pesticides[[#This Row],[Constituent unit (select)]]="fraction of product", 1, 10^-3) -> 0 | O16: =Table_Input_Pesticides[[#This Row],[Total applied]]*Table_Input_Pesticides[[#This Row],[Active ingredient 2 amount]]*IF(Table_Input_Pesticides[[#This Row],[Constituent unit (select)]]="fraction of product", 1, 10^-3) -> 0 | R16: =Table_Input_Pesticides[[#This Row],[Total applied]]*Table_Input_Pesticides[[#This Row],[Active ingredient 3 amount]]*IF(Table_Input_Pesticides[[#This Row],[Constituent unit (select)]]="fraction of product", 1, 10^-3) -> 0
H17: =Table_Input_Pesticides[[#This Row],[Amount applied per ha]]*Table_Input_Pesticides[[#This Row],[Application area (ha)]] -> 0 | L17: =Table_Input_Pesticides[[#This Row],[Total applied]]*Table_Input_Pesticides[[#This Row],[Active ingredient 1 amount]]*IF(Table_Input_Pesticides[[#This Row],[Constituent unit (select)]]="fraction of product", 1, 10^-3) -> 0 | O17: =Table_Input_Pesticides[[#This Row],[Total applied]]*Table_Input_Pesticides[[#This Row],[Active ingredient 2 amount]]*IF(Table_Input_Pesticides[[#This Row],[Constituent unit (select)]]="fraction of product", 1, 10^-3) -> 0 | R17: =Table_Input_Pesticides[[#This Row],[Total applied]]*Table_Input_Pesticides[[#This Row],[Active ingredient 3 amount]]*IF(Table_Input_Pesticides[[#This Row],[Constituent unit (select)]]="fraction of product", 1, 10^-3) -> 0
H18: =Table_Input_Pesticides[[#This Row],[Amount applied per ha]]*Table_Input_Pesticides[[#This Row],[Application area (ha)]] -> 0 | L18: =Table_Input_Pesticides[[#This Row],[Total applied]]*Table_Input_Pesticides[[#This Row],[Active ingredient 1 amount]]*IF(Table_Input_Pesticides[[#This Row],[Constituent unit (select)]]="fraction of product", 1, 10^-3) -> 0 | O18: =Table_Input_Pesticides[[#This Row],[Total applied]]*Table_Input_Pesticides[[#This Row],[Active ingredient 2 amount]]*IF(Table_Input_Pesticides[[#This Row],[Constituent unit (select)]]="fraction of product", 1, 10^-3) -> 0 | R18: =Table_Input_Pesticides[[#This Row],[Total applied]]*Table_Input_Pesticides[[#This Row],[Active ingredient 3 amount]]*IF(Table_Input_Pesticides[[#This Row],[Constituent unit (select)]]="fraction of product", 1, 10^-3) -> 0
H19: =Table_Input_Pesticides[[#This Row],[Amount applied per ha]]*Table_Input_Pesticides[[#This Row],[Application area (ha)]] -> 0 | L19: =Table_Input_Pesticides[[#This Row],[Total applied]]*Table_Input_Pesticides[[#This Row],[Active ingredient 1 amount]]*IF(Table_Input_Pesticides[[#This Row],[Constituent unit (select)]]="fraction of product", 1, 10^-3) -> 0 | O19: =Table_Input_Pesticides[[#This Row],[Total applied]]*Table_Input_Pesticides[[#This Row],[Active ingredient 2 amount]]*IF(Table_Input_Pesticides[[#This Row],[Constituent unit (select)]]="fraction of product", 1, 10^-3) -> 0 | R19: =Table_Input_Pesticides[[#This Row],[Total applied]]*Table_Input_Pesticides[[#This Row],[Active ingredient 3 amount]]*IF(Table_Input_Pesticides[[#This Row],[Constituent unit (select)]]="fraction of product", 1, 10^-3) -> 0
H20: =Table_Input_Pesticides[[#This Row],[Amount applied per ha]]*Table_Input_Pesticides[[#This Row],[Application area (ha)]] -> 0 | L20: =Table_Input_Pesticides[[#This Row],[Total applied]]*Table_Input_Pesticides[[#This Row],[Active ingredient 1 amount]]*IF(Table_Input_Pesticides[[#This Row],[Constituent unit (select)]]="fraction of product", 1, 10^-3) -> 0 | O20: =Table_Input_Pesticides[[#This Row],[Total applied]]*Table_Input_Pesticides[[#This Row],[Active ingredient 2 amount]]*IF(Table_Input_Pesticides[[#This Row],[Constituent unit (select)]]="fraction of product", 1, 10^-3) -> 0 | R20: =Table_Input_Pesticides[[#This Row],[Total applied]]*Table_Input_Pesticides[[#This Row],[Active ingredient 3 amount]]*IF(Table_Input_Pesticides[[#This Row],[Constituent unit (select)]]="fraction of product", 1, 10^-3) -> 0
D22: Cleaning chemicals
D23: Product name | E23: Type (select) | F23: Quantity purchased (kg)
D24: Acid kleen | E24: Phosphoric acid | F24: 100
D25: Kleen alk | E25: Alkaline cleaner | F25: 100
D26: White king | E26: Bleach | F26: 100
D27: White king | E27: Bleach | F27: 100
D28: Acid kleen | E28: Phosphoric acid | F28: 100
D29: Acid kleen | E29: Phosphoric acid | F29: 100
D35: Livestock pharmacy chemicals
D36: Product name | E36: Type (select) | F36: Number of head treated
D37: Cow bug off | E37: Parasite control for cattle (external), dipping | F37: 100
D38: Cow worm-away | E38: Parasite control for cattle (internal) | F38: 100
D39: Sheep bug off | E39: Parasite control for sheep (external) | F39: 100
D40: Sheep worm-away | E40: Parasite control for sheep (internal) | F40: 100
D41: Cow bug off | E41: Parasite control for cattle (external), dipping | F41: 100
D42: Cow worm-away | E42: Parasite control for cattle (internal) | F42: 100
D49: Feed
D50: Lick blocks
D51: {=Table_SourceData_Scope3_LickBlocks[Product]} -> Lick block, dry season mix | E51: 100 | F51: kg
D52: Lick block, mineral | E52: 100 | F52: kg
D53: Lick block, weaner | E53: 100 | F53: kg
D55: Feed rations
D56: {=Table_SourceData_Scope3_MixedRations[Product]} -> Feed for chickens | E56: 100 | F56: kg
D57: Feed for dairy calves | E57: 100 | F57: kg
D58: Feed for dairy cows | E58: 100 | F58: kg
D59: Feed for pigs | E59: 100 | F59: kg
D61: Purchased feed blends
D62: Feed blend name | E62: Amount fed (kg) | F62: Ingredient 1 (select) | G62: Ingredient 1 source region | H62: Ingredient 1 percent | I62: Ingredient 2 (select) | J62: Ingredient 2 source region | K62: Ingredient 2 percent | L62: Ingredient 3 (select) | M62: Ingredient 3 source region | N62: Ingredient 3 percent | O62: Ingredient 4 (select) | P62: Ingredient 4 source region | Q62: Ingredient 4 percent
E63: 1200 | F63: Cereal silage | G63: SA | H63: 0.35 | I63: Cereal hay | J63: SA | K63: 0.22 | L63: Canola oil | M63: Australia | N63: 0.12 | O63: Molasses | P63: QLD | Q63: 0.05
E64: 3456 | F64: Lucerne hay | G64: WA | H64: 0.2 | I64: Lucerne hay | J64: NSW | K64: 0.2
D65: Hay bales in paddock | E65: 300 | F65: Sardines (whole) | G65: VIC | H65: 0.8 | I65: Soybean meal | J65: Brazil | K65: 0.2
E66: 500 | F66: Pasture hay | G66: VIC | H66: 1
D75: Livestock
D76: Beef cattle
D77: Transaction name | E77: Purchase date | F77: Class (select) | G77: Purchase class (select) | H77: Source region (Select) | I77: Quantity (head) | J77: Liveweight (kg/head) Method 1 | K77: Liveweight (kg/head) Method 2
D78: Cows from Barry | E78: 45547 | F78: Steers < 1 year | G78: Cattle, for prime beef | H78: WA - Kimberley | I78: 100 | J78: {=Scope3_InputFunctions.GetLiveweight_PastureBeef(Table_Input_LivestockPurchases_Beefcattle[[#This Row],[Purchase date]],Table_Input_LivestockPurchases_Beefcattle[[#This Row],[Class (select)]],Table_Input_LivestockPurchases_Beefcattle[[#This Row],[Source region (Select)]],Table_SourceData_PastureBeef_LiveweightAllStates[State],Table_SourceData_PastureBeef_LiveweightAllStates[Region],Table_SourceData_PastureBeef_LiveweightAllStates[Season],Table_SourceData_PastureBeef_LiveweightAllStates[#Headers],Table_SourceData_PastureBeef_LiveweightAllStates[])} -> 210 | K78: 205
E79: 45292 | F79: Steers 1-2 years | G79: Cattle, for manufacturing beef | H79: WA - South west | I79: 100 | J79: {=Scope3_InputFunctions.GetLiveweight_PastureBeef(Table_Input_LivestockPurchases_Beefcattle[[#This Row],[Purchase date]],Table_Input_LivestockPurchases_Beefcattle[[#This Row],[Class (select)]],Table_Input_LivestockPurchases_Beefcattle[[#This Row],[Source region (Select)]],Table_SourceData_PastureBeef_LiveweightAllStates[State],Table_SourceData_PastureBeef_LiveweightAllStates[Region],Table_SourceData_PastureBeef_LiveweightAllStates[Season],Table_SourceData_PastureBeef_LiveweightAllStates[#Headers],Table_SourceData_PastureBeef_LiveweightAllStates[])} -> 470 | K79: 465
J80: {=Scope3_InputFunctions.GetLiveweight_PastureBeef(Table_Input_LivestockPurchases_Beefcattle[[#This Row],[Purchase date]],Table_Input_LivestockPurchases_Beefcattle[[#This Row],[Class (select)]],Table_Input_LivestockPurchases_Beefcattle[[#This Row],[Source region (Select)]],Table_SourceData_PastureBeef_LiveweightAllStates[State],Table_SourceData_PastureBeef_LiveweightAllStates[Region],Table_SourceData_PastureBeef_LiveweightAllStates[Season],Table_SourceData_PastureBeef_LiveweightAllStates[#Headers],Table_SourceData_PastureBeef_LiveweightAllStates[])} -> 0
J81: {=Scope3_InputFunctions.GetLiveweight_PastureBeef(Table_Input_LivestockPurchases_Beefcattle[[#This Row],[Purchase date]],Table_Input_LivestockPurchases_Beefcattle[[#This Row],[Class (select)]],Table_Input_LivestockPurchases_Beefcattle[[#This Row],[Source region (Select)]],Table_SourceData_PastureBeef_LiveweightAllStates[State],Table_SourceData_PastureBeef_LiveweightAllStates[Region],Table_SourceData_PastureBeef_LiveweightAllStates[Season],Table_SourceData_PastureBeef_LiveweightAllStates[#Headers],Table_SourceData_PastureBeef_LiveweightAllStates[])} -> 0
J82: {=Scope3_InputFunctions.GetLiveweight_PastureBeef(Table_Input_LivestockPurchases_Beefcattle[[#This Row],[Purchase date]],Table_Input_LivestockPurchases_Beefcattle[[#This Row],[Class (select)]],Table_Input_LivestockPurchases_Beefcattle[[#This Row],[Source region (Select)]],Table_SourceData_PastureBeef_LiveweightAllStates[State],Table_SourceData_PastureBeef_LiveweightAllStates[Region],Table_SourceData_PastureBeef_LiveweightAllStates[Season],Table_SourceData_PastureBeef_LiveweightAllStates[#Headers],Table_SourceData_PastureBeef_LiveweightAllStates[])} -> 0
J83: {=Scope3_InputFunctions.GetLiveweight_PastureBeef(Table_Input_LivestockPurchases_Beefcattle[[#This Row],[Purchase date]],Table_Input_LivestockPurchases_Beefcattle[[#This Row],[Class (select)]],Table_Input_LivestockPurchases_Beefcattle[[#This Row],[Source region (Select)]],Table_SourceData_PastureBeef_LiveweightAllStates[State],Table_SourceData_PastureBeef_LiveweightAllStates[Region],Table_SourceData_PastureBeef_LiveweightAllStates[Season],Table_SourceData_PastureBeef_LiveweightAllStates[#Headers],Table_SourceData_PastureBeef_LiveweightAllStates[])} -> 0
J84: {=Scope3_InputFunctions.GetLiveweight_PastureBeef(Table_Input_LivestockPurchases_Beefcattle[[#This Row],[Purchase date]],Table_Input_LivestockPurchases_Beefcattle[[#This Row],[Class (select)]],Table_Input_LivestockPurchases_Beefcattle[[#This Row],[Source region (Select)]],Table_SourceData_PastureBeef_LiveweightAllStates[State],Table_SourceData_PastureBeef_LiveweightAllStates[Region],Table_SourceData_PastureBeef_LiveweightAllStates[Season],Table_SourceData_PastureBeef_LiveweightAllStates[#Headers],Table_SourceData_PastureBeef_LiveweightAllStates[])} -> 0
J85: {=Scope3_InputFunctions.GetLiveweight_PastureBeef(Table_Input_LivestockPurchases_Beefcattle[[#This Row],[Purchase date]],Table_Input_LivestockPurchases_Beefcattle[[#This Row],[Class (select)]],Table_Input_LivestockPurchases_Beefcattle[[#This Row],[Source region (Select)]],Table_SourceData_PastureBeef_LiveweightAllStates[State],Table_SourceData_PastureBeef_LiveweightAllStates[Region],Table_SourceData_PastureBeef_LiveweightAllStates[Season],Table_SourceData_PastureBeef_LiveweightAllStates[#Headers],Table_SourceData_PastureBeef_LiveweightAllStates[])} -> 0
J86: {=Scope3_InputFunctions.GetLiveweight_PastureBeef(Table_Input_LivestockPurchases_Beefcattle[[#This Row],[Purchase date]],Table_Input_LivestockPurchases_Beefcattle[[#This Row],[Class (select)]],Table_Input_LivestockPurchases_Beefcattle[[#This Row],[Source region (Select)]],Table_SourceData_PastureBeef_LiveweightAllStates[State],Table_SourceData_PastureBeef_LiveweightAllStates[Region],Table_SourceData_PastureBeef_LiveweightAllStates[Season],Table_SourceData_PastureBeef_LiveweightAllStates[#Headers],Table_SourceData_PastureBeef_LiveweightAllStates[])} -> 0
J87: {=Scope3_InputFunctions.GetLiveweight_PastureBeef(Table_Input_LivestockPurchases_Beefcattle[[#This Row],[Purchase date]],Table_Input_LivestockPurchases_Beefcattle[[#This Row],[Class (select)]],Table_Input_LivestockPurchases_Beefcattle[[#This Row],[Source region (Select)]],Table_SourceData_PastureBeef_LiveweightAllStates[State],Table_SourceData_PastureBeef_LiveweightAllStates[Region],Table_SourceData_PastureBeef_LiveweightAllStates[Season],Table_SourceData_PastureBeef_LiveweightAllStates[#Headers],Table_SourceData_PastureBeef_LiveweightAllStates[])} -> 0
D89: Dairy cattle
D90: Transaction name | E90: Class (select) | F90: Breed (select) | G90: Quantity (head) | H90: Liveweight (kg/head) Method 1 | I90: Liveweight (kg/head) Method 2
D91: Dairy cows from Denise | E91: Heifers < 1 (weaned) | F91: Jersey crossbred | G91: 100 | H91: {=Common_InputFunctions.Utility_LookupValueInTableOneColumnAndHeader(Table_Input_LivestockPurchases_Dairy[[#This Row],[Breed (select)]],Table_Input_LivestockPurchases_Dairy[[#This Row],[Class (select)]],Table_SourceData_Dairy_WjCowsHeifers[Breed],Table_SourceData_Dairy_WjCowsHeifers[#Headers],Table_SourceData_Dairy_WjCowsHeifers[], 0)} -> 130 | I91: 350
E92: Milking cows | F92: Ayrshire | G92: 100 | H92: {=Common_InputFunctions.Utility_LookupValueInTableOneColumnAndHeader(Table_Input_LivestockPurchases_Dairy[[#This Row],[Breed (select)]],Table_Input_LivestockPurchases_Dairy[[#This Row],[Class (select)]],Table_SourceData_Dairy_WjCowsHeifers[Breed],Table_SourceData_Dairy_WjCowsHeifers[#Headers],Table_SourceData_Dairy_WjCowsHeifers[], 0)} -> 540 | I92: 625
E93: Heifers > 1 | F93: Jersey crossbred | H93: {=Common_InputFunctions.Utility_LookupValueInTableOneColumnAndHeader(Table_Input_LivestockPurchases_Dairy[[#This Row],[Breed (select)]],Table_Input_LivestockPurchases_Dairy[[#This Row],[Class (select)]],Table_SourceData_Dairy_WjCowsHeifers[Breed],Table_SourceData_Dairy_WjCowsHeifers[#Headers],Table_SourceData_Dairy_WjCowsHeifers[], 0)} -> 315
H94: {=Common_InputFunctions.Utility_LookupValueInTableOneColumnAndHeader(Table_Input_LivestockPurchases_Dairy[[#This Row],[Breed (select)]],Table_Input_LivestockPurchases_Dairy[[#This Row],[Class (select)]],Table_SourceData_Dairy_WjCowsHeifers[Breed],Table_SourceData_Dairy_WjCowsHeifers[#Headers],Table_SourceData_Dairy_WjCowsHeifers[], 0)} -> 0
H95: {=Common_InputFunctions.Utility_LookupValueInTableOneColumnAndHeader(Table_Input_LivestockPurchases_Dairy[[#This Row],[Breed (select)]],Table_Input_LivestockPurchases_Dairy[[#This Row],[Class (select)]],Table_SourceData_Dairy_WjCowsHeifers[Breed],Table_SourceData_Dairy_WjCowsHeifers[#Headers],Table_SourceData_Dairy_WjCowsHeifers[], 0)} -> 0
H96: {=Common_InputFunctions.Utility_LookupValueInTableOneColumnAndHeader(Table_Input_LivestockPurchases_Dairy[[#This Row],[Breed (select)]],Table_Input_LivestockPurchases_Dairy[[#This Row],[Class (select)]],Table_SourceData_Dairy_WjCowsHeifers[Breed],Table_SourceData_Dairy_WjCowsHeifers[#Headers],Table_SourceData_Dairy_WjCowsHeifers[], 0)} -> 0
H97: {=Common_InputFunctions.Utility_LookupValueInTableOneColumnAndHeader(Table_Input_LivestockPurchases_Dairy[[#This Row],[Breed (select)]],Table_Input_LivestockPurchases_Dairy[[#This Row],[Class (select)]],Table_SourceData_Dairy_WjCowsHeifers[Breed],Table_SourceData_Dairy_WjCowsHeifers[#Headers],Table_SourceData_Dairy_WjCowsHeifers[], 0)} -> 0
H98: {=Common_InputFunctions.Utility_LookupValueInTableOneColumnAndHeader(Table_Input_LivestockPurchases_Dairy[[#This Row],[Breed (select)]],Table_Input_LivestockPurchases_Dairy[[#This Row],[Class (select)]],Table_SourceData_Dairy_WjCowsHeifers[Breed],Table_SourceData_Dairy_WjCowsHeifers[#Headers],Table_SourceData_Dairy_WjCowsHeifers[], 0)} -> 0
H99: {=Common_InputFunctions.Utility_LookupValueInTableOneColumnAndHeader(Table_Input_LivestockPurchases_Dairy[[#This Row],[Breed (select)]],Table_Input_LivestockPurchases_Dairy[[#This Row],[Class (select)]],Table_SourceData_Dairy_WjCowsHeifers[Breed],Table_SourceData_Dairy_WjCowsHeifers[#Headers],Table_SourceData_Dairy_WjCowsHeifers[], 0)} -> 0
H100: {=Common_InputFunctions.Utility_LookupValueInTableOneColumnAndHeader(Table_Input_LivestockPurchases_Dairy[[#This Row],[Breed (select)]],Table_Input_LivestockPurchases_Dairy[[#This Row],[Class (select)]],Table_SourceData_Dairy_WjCowsHeifers[Breed],Table_SourceData_Dairy_WjCowsHeifers[#Headers],Table_SourceData_Dairy_WjCowsHeifers[], 0)} -> 0
D102: Pigs
D103: Transaction name | E103: Class (select) | F103: Quantity (head) | G103: Liveweight (kg/head) Method 1 | H103: Liveweight (kg/head) Method 2
D104: Pigs from Pam | E104: Sows | F104: 100 | G104: {=Common_InputFunctions.Utility_LookupValueInTableNumber(Table_Input_LivestockPurchases_Pigs[[#This Row],[Class (select)]], Table_SourceData_Swine_Liveweight[Livestock type j],Table_SourceData_Swine_Liveweight[Average liveweight (kg)])} -> 188 | H104: 180
D105: Swine from Samantha | E105: Slaughter pigs | F105: 100 | G105: {=Common_InputFunctions.Utility_LookupValueInTableNumber(Table_Input_LivestockPurchases_Pigs[[#This Row],[Class (select)]], Table_SourceData_Swine_Liveweight[Livestock type j],Table_SourceData_Swine_Liveweight[Average liveweight (kg)])} -> 39 | H105: 38
G106: {=Common_InputFunctions.Utility_LookupValueInTableNumber(Table_Input_LivestockPurchases_Pigs[[#This Row],[Class (select)]], Table_SourceData_Swine_Liveweight[Livestock type j],Table_SourceData_Swine_Liveweight[Average liveweight (kg)])} -> 0
G107: {=Common_InputFunctions.Utility_LookupValueInTableNumber(Table_Input_LivestockPurchases_Pigs[[#This Row],[Class (select)]], Table_SourceData_Swine_Liveweight[Livestock type j],Table_SourceData_Swine_Liveweight[Average liveweight (kg)])} -> 0
G108: {=Common_InputFunctions.Utility_LookupValueInTableNumber(Table_Input_LivestockPurchases_Pigs[[#This Row],[Class (select)]], Table_SourceData_Swine_Liveweight[Livestock type j],Table_SourceData_Swine_Liveweight[Average liveweight (kg)])} -> 0
G109: {=Common_InputFunctions.Utility_LookupValueInTableNumber(Table_Input_LivestockPurchases_Pigs[[#This Row],[Class (select)]], Table_SourceData_Swine_Liveweight[Livestock type j],Table_SourceData_Swine_Liveweight[Average liveweight (kg)])} -> 0
G110: {=Common_InputFunctions.Utility_LookupValueInTableNumber(Table_Input_LivestockPurchases_Pigs[[#This Row],[Class (select)]], Table_SourceData_Swine_Liveweight[Livestock type j],Table_SourceData_Swine_Liveweight[Average liveweight (kg)])} -> 0
G111: {=Common_InputFunctions.Utility_LookupValueInTableNumber(Table_Input_LivestockPurchases_Pigs[[#This Row],[Class (select)]], Table_SourceData_Swine_Liveweight[Livestock type j],Table_SourceData_Swine_Liveweight[Average liveweight (kg)])} -> 0
G112: {=Common_InputFunctions.Utility_LookupValueInTableNumber(Table_Input_LivestockPurchases_Pigs[[#This Row],[Class (select)]], Table_SourceData_Swine_Liveweight[Livestock type j],Table_SourceData_Swine_Liveweight[Average liveweight (kg)])} -> 0
G113: {=Common_InputFunctions.Utility_LookupValueInTableNumber(Table_Input_LivestockPurchases_Pigs[[#This Row],[Class (select)]], Table_SourceData_Swine_Liveweight[Livestock type j],Table_SourceData_Swine_Liveweight[Average liveweight (kg)])} -> 0
D115: Poultry
D116: Transaction name | E116: Class (select) | F116: Quantity (head) | G116: Liveweight (kg/head) Method 1 | H116: Liveweight (kg/head) Method 2
D117: Chooks from Carolyn | E117: Chicken | F117: 100 | G117: {=Common_InputFunctions.Utility_LookupValueInTableNumber(Table_Input_LivestockPurchases_Poultry[[#This Row],[Class (select)]], Table_SourceData_Poultry_Liveweights[Livestock class j],Table_SourceData_Poultry_Liveweights[Average liveweight (kg)])} -> 1.3 | H117: 1.3
D118: Roosters from Raj | E118: Pullets | F118: 100 | G118: {=Common_InputFunctions.Utility_LookupValueInTableNumber(Table_Input_LivestockPurchases_Poultry[[#This Row],[Class (select)]], Table_SourceData_Poultry_Liveweights[Livestock class j],Table_SourceData_Poultry_Liveweights[Average liveweight (kg)])} -> 1.4 | H118: 1.4
G119: {=Common_InputFunctions.Utility_LookupValueInTableNumber(Table_Input_LivestockPurchases_Poultry[[#This Row],[Class (select)]], Table_SourceData_Poultry_Liveweights[Livestock class j],Table_SourceData_Poultry_Liveweights[Average liveweight (kg)])} -> 0
G120: {=Common_InputFunctions.Utility_LookupValueInTableNumber(Table_Input_LivestockPurchases_Poultry[[#This Row],[Class (select)]], Table_SourceData_Poultry_Liveweights[Livestock class j],Table_SourceData_Poultry_Liveweights[Average liveweight (kg)])} -> 0
G121: {=Common_InputFunctions.Utility_LookupValueInTableNumber(Table_Input_LivestockPurchases_Poultry[[#This Row],[Class (select)]], Table_SourceData_Poultry_Liveweights[Livestock class j],Table_SourceData_Poultry_Liveweights[Average liveweight (kg)])} -> 0
G122: {=Common_InputFunctions.Utility_LookupValueInTableNumber(Table_Input_LivestockPurchases_Poultry[[#This Row],[Class (select)]], Table_SourceData_Poultry_Liveweights[Livestock class j],Table_SourceData_Poultry_Liveweights[Average liveweight (kg)])} -> 0
G123: {=Common_InputFunctions.Utility_LookupValueInTableNumber(Table_Input_LivestockPurchases_Poultry[[#This Row],[Class (select)]], Table_SourceData_Poultry_Liveweights[Livestock class j],Table_SourceData_Poultry_Liveweights[Average liveweight (kg)])} -> 0
G124: {=Common_InputFunctions.Utility_LookupValueInTableNumber(Table_Input_LivestockPurchases_Poultry[[#This Row],[Class (select)]], Table_SourceData_Poultry_Liveweights[Livestock class j],Table_SourceData_Poultry_Liveweights[Average liveweight (kg)])} -> 0
G125: {=Common_InputFunctions.Utility_LookupValueInTableNumber(Table_Input_LivestockPurchases_Poultry[[#This Row],[Class (select)]], Table_SourceData_Poultry_Liveweights[Livestock class j],Table_SourceData_Poultry_Liveweights[Average liveweight (kg)])} -> 0
G126: {=Common_InputFunctions.Utility_LookupValueInTableNumber(Table_Input_LivestockPurchases_Poultry[[#This Row],[Class (select)]], Table_SourceData_Poultry_Liveweights[Livestock class j],Table_SourceData_Poultry_Liveweights[Average liveweight (kg)])} -> 0
D128: Sheep
D148: Services and contractors
...

Sheet Input - Freight
C1: Input - Freight
D6: Incoming freight
D8: Route name | E8: Freight type (select) | F8: Route distance (km) | G8: Average weight of freight per trip (t) | H8: Number of trips taken
D9: Melbourne depot to farm depot weekly | E9: Transport in truck | F9: 986 | G9: 10 | H9: 52
D10: Fertiliser supplier to farm | E10: Rail | F10: 65 | G10: 10 | H10: 6
D22: Outgoing freight
D24: Route name | E24: Freight type (select) | F24: Route distance (km) | G24: Average weight of freight per trip (t) | H24: Number of trips taken
D25: Farm to bulk handler | E25: Transport in truck | F25: 65 | G25: 20 | H25: 52

Sheet Input - Waste sent off-site
C1: Input - Waste sent off-site
D5: Manure sent off-site
D7: For each relevant livestock type:
D8: Use the 'Mass of nitrogen applied to soil for scope 3 emissions (MNSoilscope3)' value calculated in the 'Manure applied to soils' equations (Chapter 4 of VEERG)
D10: Mass of Nitrogen from manure sent offsite (MNSoil) | F10: 1000 | G10: kg N
D12: Production system where manure is anticipated to be deposited | F12: Crop | G12: ← Please select
D13: Irrigation method where manure is anticipated to be deposited | F13: Sprinkler irrigation | G13: ← Please select
D16: Solid waste treatment - off-site
D18: 💡 You can add more rows to the table by right-clicking on the table and selecting "Insert > Table rows above/below"
D20: Description | E20: Treatment type (select) | F20: Waste type (select) | G20: Treatment location (select) | H20: Amount | I20: Amount unit (select)
D21: Burn all the cardboard | E21: Incineration | F21: Paper and cardboard | G21: Removed and treated off-site | H21: 50 | I21: cubic metres m3
E22: Incineration | F22: Paper and cardboard | G22: Removed and treated off-site | H22: 50 | I22: cubic metres m3
E23: Incineration | F23: Paper and cardboard | G23: Removed and treated off-site | H23: 50 | I23: tonnes
E24: Incineration | F24: Paper and cardboard | G24: Removed and treated off-site | H24: 50 | I24: tonnes
E25: Landfill | F25: Textiles | G25: Removed and treated off-site | H25: 50 | I25: cubic metres m3
E26: Landfill | F26: Food waste (including animal carcasses, spoiled animal feed or crop) | G26: Removed and treated off-site | H26: 50 | I26: cubic metres m3
E27: Landfill | F27: Food waste (including animal carcasses, spoiled animal feed or crop) | G27: Removed and treated off-site | H27: 50 | I27: tonnes
E28: Landfill | F28: Food waste (including animal carcasses, spoiled animal feed or crop) | G28: Removed and treated off-site | H28: 50 | I28: tonnes
E29: Landfill | F29: Food waste (including animal carcasses, spoiled animal feed or crop) | G29: Removed and treated off-site | H29: 50 | I29: cubic metres m3

Sheet Input - Electricity
A1: #VALUE! | C1: Input - Electricity
A3: =HYPERLINK("#'Home'!A1", "Home") -> Home
A4: =HYPERLINK("#'Overview'!A1", "Overview") -> Overview
A5: =HYPERLINK("#'Results'!A1", "Results") -> Results | D5: How do you want to calculate electricity emissions? | E5: Location-based (simpler) | F5: ← Please select
E6: =IF(X_Cell_Electricity_CalculationMethod="Location-based (simpler)", "Complete the fields in the Location-based section", "Complete the fields in the Market-based section") -> Complete the fields in the Location-based section
A7: INPUTS
A8: =HYPERLINK("#'Input - Electricity'!A1", "Electricity") -> Electricity
D9: Option 1: Location-based electricity
A10: CALCULATIONS
A11: =HYPERLINK("#'14.1.1-2 Purchased electricity'!A1", "14.1.1-2 Purchased electricity") -> 14.1.1-2 Purchased electricity | D11: State grid electricity purchases
A13: APPENDICES | D13: 💡The grid you purchase electricity from is typically the same as the state and region the farm is in.
A14: =HYPERLINK("#'Constants - Electricity'!A1", "Constants - Electricity") -> Constants - Electricity
A15: =HYPERLINK("#'Constants - Common'!A1", "Constants - Common") -> Constants - Common | D15: Amount purchased in kWh | E15: 500 | F15: kWh
D16: State and region your farm is in | E16: =IF(X_Cell_Site_State="Western Australia", X_Cell_Site_Region, X_Cell_Site_State) -> ACT
D17: Grid where electricity purchased from | E17: Western Australia - South West Interconnected System (SWIS) | F17: ← Please select
D21: Option 2: Market-based electricity
E22: =IF(E16="ACT", "", "ALERT: Your farm is not in the ACT, so the JRPP is not applicable")
D23: Electricity purchased in kWh (excluding GreenPower providers) | E23: 30000 | F23: kWh
D24: Renewable Power Percentage | E24: 0.1 | F24: percent
D25: Jurisdictional renewable power percentage (ACT only) | E25: 0.1 | F25: percent
D27: Electricity purchased from an accredited GreenPower provider | E27: 10000 | F27: kWh
D29: Start of reporting year | E29: =TEXT(X_Cell_Site_StartDate, "dd mmm yyyy") -> 01 Jan 2024
D30: End of reporting year | E30: =TEXT(X_Cell_Site_EndDate, "dd mmm yyyy") -> 31 Dec 2024
D32: Voluntarily surrendered Renewable Energy Certificates (RECs)
D34: 💡 You can add more rows to the table by right-clicking on the table and selecting "Insert > Table rows above/below"
D36: Description | E36: Source (select) | F36: Generation date | G36: Number of certificates | H36: MWh | I36: Elegibility
D37: Dec 2023 certs | E37: Purchased certificate | F37: 44185 | G37: 12 | H37: =Table_Input_RECSurrendered[[#This Row],[Number of certificates]] -> 12 | I37: =IF(DATEDIF(Table_Input_RECSurrendered[[#This Row],[Generation date]],DATEVALUE($E$30),"M")>36,"Ineligible - older than 36 months","Elegible") -> Ineligible - older than 36 months
E38: Issued for generated electricity | F38: 44575 | G38: 5 | H38: =Table_Input_RECSurrendered[[#This Row],[Number of certificates]] -> 5 | I38: =IF(DATEDIF(Table_Input_RECSurrendered[[#This Row],[Generation date]],DATEVALUE($E$30),"M")>36,"Ineligible - older than 36 months","Elegible") -> Elegible
E39: Purchased certificate | F39: 45438 | G39: 5 | H39: =Table_Input_RECSurrendered[[#This Row],[Number of certificates]] -> 5 | I39: =IF(DATEDIF(Table_Input_RECSurrendered[[#This Row],[Generation date]],DATEVALUE($E$30),"M")>36,"Ineligible - older than 36 months","Elegible") -> Elegible
D41: Total elegible voluntarily surrendered RECs | E41: =SUMIF(Table_Input_RECSurrendered[Elegibility], "Elegible", Table_Input_RECSurrendered[MWh]) -> 10 | F41: MWh
D43: Renewable Energy Certificates (RECs) for electricity produced on-site and consumed by the entity
D45: Description | E45: Source | F45: Generation date | G45: Number of certificates | H45: MWh | I45: Elegibility
D46: May 2022 generated | E46: ="Issued for generated electricity" -> Issued for generated electricity | F46: 44697 | G46: 10 | H46: =Table_Input_RECConsumedByEntity[[#This Row],[Number of certificates]] -> 10 | I46: =IF(AND(Table_Input_RECConsumedByEntity[[#This Row],[Generation date]]>=DATEVALUE($E$29), Table_Input_RECConsumedByEntity[[#This Row],[Generation date]]<= DATEVALUE($E$30)), "Elegible", "Ineligible - outside reporting year") -> Ineligible - outside reporting year
E47: ="Issued for generated electricity" -> Issued for generated electricity | F47: 45483 | G47: 4 | H47: =Table_Input_RECConsumedByEntity[[#This Row],[Number of certificates]] -> 4 | I47: =IF(AND(Table_Input_RECConsumedByEntity[[#This Row],[Generation date]]>=DATEVALUE($E$29), Table_Input_RECConsumedByEntity[[#This Row],[Generation date]]<= DATEVALUE($E$30)), "Elegible", "Ineligible - outside reporting year") -> Elegible
E48: ="Issued for generated electricity" -> Issued for generated electricity | F48: 45607 | G48: 7 | H48: =Table_Input_RECConsumedByEntity[[#This Row],[Number of certificates]] -> 7 | I48: =IF(AND(Table_Input_RECConsumedByEntity[[#This Row],[Generation date]]>=DATEVALUE($E$29), Table_Input_RECConsumedByEntity[[#This Row],[Generation date]]<= DATEVALUE($E$30)), "Elegible", "Ineligible - outside reporting year") -> Elegible
D50: Total elegible RECs for electricity produced on-site and consumed by entity | E50: =SUMIF(Table_Input_RECConsumedByEntity[Elegibility], "Elegible", Table_Input_RECConsumedByEntity[Number of certificates]) -> 11 | F50: MWh

Sheet 15 Scope 3
C1: 15 Scope 3 emissions
D5: {=Scope3_Equations.VEERG_15_1_1_1__1_EmissionsFromPurchasedLivestock_Title()} -> Total emissions from purchased livestock
D6: {=Scope3_Equations.VEERG_15_1_1_1__1_EmissionsFromPurchasedLivestock_Source()} -> VEERG 2026: 15.1.1.1, Equation (1)
D7: Function name | E7: {=Common_InputFunctions.Utility_DisplayFunctionName(J23)} -> =Scope3_Equations.VEERG_15_1_1_1__1_EmissionsFromPurchasedLivestock
D10: Variable | E10: {=Scope3_Equations.VEERG_15_1_1_1__1_EmissionsFromPurchasedLivestock_Variable()} -> E
D11: Unit | E11: {=Scope3_Equations.VEERG_15_1_1_1__1_EmissionsFromPurchasedLivestock_Unit()} -> t CO2e
D13: {=_xlfn.CHOOSECOLS(Scope3_Equations.VEERG_15_1_1_1__1_EmissionsFromPurchasedLivestock_Arguments(),1,2)} -> N_co | E13: number of animals purchased in livestock type c from origin o | G13: {=_xlfn.CHOOSECOLS(Scope3_Equations.VEERG_15_1_1_1__1_EmissionsFromPurchasedLivestock_Arguments(),3,4)} -> head | H13: Input
D14: W_co | E14: average liveweight of purchased livestock at point of purchase | G14: kg/head | H14: Input
D15: EF_co | E15: emission factor per livestock type and origin | G15: kg CO2e/kg | H15: Constant
D16: c | E16: livestock type | H16: Input
D17: o | E17: origin | H17: Input
D19: Scope 3 emissions are calculated on a maximum of 10 livestock purchases for each category
D21: Beef cattle
D22: Transaction description | E22: Livestock type c | F22: Origin o | G22: Nco | H22: Wco - Method 1 (kg/head) | I22: EFco (Method 1) | J22: E (Method 1) | K22: Wco - Method 2 (kg/head) | L22: EFco (Method 2) | M22: E (Method 2) | N22: Method 2 EF source | O22: Method 2 EF source type (Select) | P22: Method 2 EF proof link
D23: {=IFERROR(INDEX(Table_Input_LivestockPurchases_Beefcattle[Transaction name], _xlfn.SEQUENCE(10)), "")} -> Cows from Barry | E23: {=IFERROR(INDEX(Table_Input_LivestockPurchases_Beefcattle[Purchase class (select)], _xlfn.SEQUENCE(10)), "")} -> Cattle, for prime beef | F23: {=IFERROR(_xlfn.XLOOKUP(INDEX(Table_Input_LivestockPurchases_Beefcattle[Source region (Select)], _xlfn.SEQUENCE(10)), Table_ProductRegions_Beefcattle[Region],Table_ProductRegions_Beefcattle[Scope3 region]), "")} -> WA | G23: {=IFERROR(INDEX(Table_Input_LivestockPurchases_Beefcattle[Quantity (head)], _xlfn.SEQUENCE(10)), "")} -> 100 | H23: {=IFERROR(INDEX(Table_Input_LivestockPurchases_Beefcattle[Liveweight (kg/head) Method 1], _xlfn.SEQUENCE(10)), 0)} -> 210 | I23: {=Common_InputFunctions.Utility_LookupValueInTableTwoColumns(E23,F23,Table_SourceData_Scope3_Animals[Product],Table_SourceData_Scope3_Animals[Region of origin],Table_SourceData_Scope3_Animals[AusLCI Emissions intensity], 0)} -> 20.8 | J23: {=Scope3_Equations.VEERG_15_1_1_1__1_EmissionsFromPurchasedLivestock(G23,H23,I23)} -> 436.8 | K23: {=IFERROR(INDEX(Table_Input_LivestockPurchases_Beefcattle[Liveweight (kg/head) Method 2], _xlfn.SEQUENCE(10)), "")} -> 205 | L23: 20 | M23: {=Scope3_Equations.VEERG_15_1_1_1__1_EmissionsFromPurchasedLivestock(G23,K23,IF(L23, L23, I23))} -> 410 | N23: Denise did a full LCA | O23: Verified credential matching ISO14067 | P23: http://denisesdairy.com/LCA2024.pdf
D24: 0 | E24: Cattle, for manufacturing beef | F24: WA | G24: 100 | H24: 470 | I24: {=Common_InputFunctions.Utility_LookupValueInTableTwoColumns(E24,F24,Table_SourceData_Scope3_Animals[Product],Table_SourceData_Scope3_Animals[Region of origin],Table_SourceData_Scope3_Animals[AusLCI Emissions intensity], 0)} -> 13.1 | J24: {=Scope3_Equations.VEERG_15_1_1_1__1_EmissionsFromPurchasedLivestock(G24,H24,I24)} -> 615.7 | K24: 465 | L24: 13 | M24: {=Scope3_Equations.VEERG_15_1_1_1__1_EmissionsFromPurchasedLivestock(G24,K24,IF(L24, L24, I24))} -> 604.5
D25: 0 | E25: 0 | G25: 0 | H25: 0 | I25: {=Common_InputFunctions.Utility_LookupValueInTableTwoColumns(E25,F25,Table_SourceData_Scope3_Animals[Product],Table_SourceData_Scope3_Animals[Region of origin],Table_SourceData_Scope3_Animals[AusLCI Emissions intensity], 0)} -> 0 | J25: {=Scope3_Equations.VEERG_15_1_1_1__1_EmissionsFromPurchasedLivestock(G25,H25,I25)} -> 0 | K25: 0 | M25: {=Scope3_Equations.VEERG_15_1_1_1__1_EmissionsFromPurchasedLivestock(G25,K25,IF(L25, L25, I25))} -> 0
D26: 0 | E26: 0 | G26: 0 | H26: 0 | I26: {=Common_InputFunctions.Utility_LookupValueInTableTwoColumns(E26,F26,Table_SourceData_Scope3_Animals[Product],Table_SourceData_Scope3_Animals[Region of origin],Table_SourceData_Scope3_Animals[AusLCI Emissions intensity], 0)} -> 0 | J26: {=Scope3_Equations.VEERG_15_1_1_1__1_EmissionsFromPurchasedLivestock(G26,H26,I26)} -> 0 | K26: 0 | M26: {=Scope3_Equations.VEERG_15_1_1_1__1_EmissionsFromPurchasedLivestock(G26,K26,IF(L26, L26, I26))} -> 0
D27: 0 | E27: 0 | G27: 0 | H27: 0 | I27: {=Common_InputFunctions.Utility_LookupValueInTableTwoColumns(E27,F27,Table_SourceData_Scope3_Animals[Product],Table_SourceData_Scope3_Animals[Region of origin],Table_SourceData_Scope3_Animals[AusLCI Emissions intensity], 0)} -> 0 | J27: {=Scope3_Equations.VEERG_15_1_1_1__1_EmissionsFromPurchasedLivestock(G27,H27,I27)} -> 0 | K27: 0 | M27: {=Scope3_Equations.VEERG_15_1_1_1__1_EmissionsFromPurchasedLivestock(G27,K27,IF(L27, L27, I27))} -> 0
D28: 0 | E28: 0 | G28: 0 | H28: 0 | I28: {=Common_InputFunctions.Utility_LookupValueInTableTwoColumns(E28,F28,Table_SourceData_Scope3_Animals[Product],Table_SourceData_Scope3_Animals[Region of origin],Table_SourceData_Scope3_Animals[AusLCI Emissions intensity], 0)} -> 0 | J28: {=Scope3_Equations.VEERG_15_1_1_1__1_EmissionsFromPurchasedLivestock(G28,H28,I28)} -> 0 | K28: 0 | M28: {=Scope3_Equations.VEERG_15_1_1_1__1_EmissionsFromPurchasedLivestock(G28,K28,IF(L28, L28, I28))} -> 0
D29: 0 | E29: 0 | G29: 0 | H29: 0 | I29: {=Common_InputFunctions.Utility_LookupValueInTableTwoColumns(E29,F29,Table_SourceData_Scope3_Animals[Product],Table_SourceData_Scope3_Animals[Region of origin],Table_SourceData_Scope3_Animals[AusLCI Emissions intensity], 0)} -> 0 | J29: {=Scope3_Equations.VEERG_15_1_1_1__1_EmissionsFromPurchasedLivestock(G29,H29,I29)} -> 0 | K29: 0 | M29: {=Scope3_Equations.VEERG_15_1_1_1__1_EmissionsFromPurchasedLivestock(G29,K29,IF(L29, L29, I29))} -> 0
D30: 0 | E30: 0 | G30: 0 | H30: 0 | I30: {=Common_InputFunctions.Utility_LookupValueInTableTwoColumns(E30,F30,Table_SourceData_Scope3_Animals[Product],Table_SourceData_Scope3_Animals[Region of origin],Table_SourceData_Scope3_Animals[AusLCI Emissions intensity], 0)} -> 0 | J30: {=Scope3_Equations.VEERG_15_1_1_1__1_EmissionsFromPurchasedLivestock(G30,H30,I30)} -> 0 | K30: 0 | M30: {=Scope3_Equations.VEERG_15_1_1_1__1_EmissionsFromPurchasedLivestock(G30,K30,IF(L30, L30, I30))} -> 0
D31: 0 | E31: 0 | G31: 0 | H31: 0 | I31: {=Common_InputFunctions.Utility_LookupValueInTableTwoColumns(E31,F31,Table_SourceData_Scope3_Animals[Product],Table_SourceData_Scope3_Animals[Region of origin],Table_SourceData_Scope3_Animals[AusLCI Emissions intensity], 0)} -> 0 | J31: {=Scope3_Equations.VEERG_15_1_1_1__1_EmissionsFromPurchasedLivestock(G31,H31,I31)} -> 0 | K31: 0 | M31: {=Scope3_Equations.VEERG_15_1_1_1__1_EmissionsFromPurchasedLivestock(G31,K31,IF(L31, L31, I31))} -> 0
D32: 0 | E32: 0 | G32: 0 | H32: 0 | I32: {=Common_InputFunctions.Utility_LookupValueInTableTwoColumns(E32,F32,Table_SourceData_Scope3_Animals[Product],Table_SourceData_Scope3_Animals[Region of origin],Table_SourceData_Scope3_Animals[AusLCI Emissions intensity], 0)} -> 0 | J32: {=Scope3_Equations.VEERG_15_1_1_1__1_EmissionsFromPurchasedLivestock(G32,H32,I32)} -> 0 | K32: 0 | M32: {=Scope3_Equations.VEERG_15_1_1_1__1_EmissionsFromPurchasedLivestock(G32,K32,IF(L32, L32, I32))} -> 0
D34: E - Beef cattle (Method 1) | E34: =SUM(J23:J32) -> 1052.5 | F34: =$E$11 -> t CO2e
D35: E - Beef cattle (Method 2) | E35: =SUM(M23:M32) -> 1014.5 | F35: =$E$11 -> t CO2e
D38: Dairy cattle
D39: EFco (Method 1) | E39: {=Common_InputFunctions.Utility_LookupValueInTableNumber("Dairy cows", Table_SourceData_Scope3_Animals[Product],Table_SourceData_Scope3_Animals[AusLCI Emissions intensity])} -> 4.41
D41: Transaction description | E41: Nco | F41: Wco - Method 1 (kg/head) | G41: E (Method 1) | H41: Wco - Method 2 (kg/head) | I41: EFco (Method 2) | J41: E (Method 2) | K41: Method 2 EF source | L41: Method 2 EF source type (Select) | M41: Method 2 EF proof link
D42: {=IFERROR(INDEX(Table_Input_LivestockPurchases_Dairy[Transaction name], _xlfn.SEQUENCE(10)), "")} -> Dairy cows from Denise | E42: {=IFERROR(INDEX(Table_Input_LivestockPurchases_Dairy[Quantity (head)], _xlfn.SEQUENCE(10)), 0)} -> 100 | F42: {=IFERROR(INDEX(Table_Input_LivestockPurchases_Dairy[Liveweight (kg/head) Method 1], _xlfn.SEQUENCE(10)), 0)} -> 130 | G42: {=Scope3_Equations.VEERG_15_1_1_1__1_EmissionsFromPurchasedLivestock(E42,F42,$E$39)} -> 57.33 | H42: {=IFERROR(INDEX(Table_Input_LivestockPurchases_Dairy[Liveweight (kg/head) Method 2], _xlfn.SEQUENCE(10)), "")} -> 350 | I42: 4 | J42: {=Scope3_Equations.VEERG_15_1_1_1__1_EmissionsFromPurchasedLivestock(E42,H42,IF(I42,I42,$E$39))} -> 140 | K42: Denise did a full LCA | L42: Verified credential matching ISO14067 | M42: http://denisesdairy.com/LCA2024.pdf
D43: 0 | E43: 100 | F43: 540 | G43: {=Scope3_Equations.VEERG_15_1_1_1__1_EmissionsFromPurchasedLivestock(E43,F43,$E$39)} -> 238.14 | H43: 625 | J43: {=Scope3_Equations.VEERG_15_1_1_1__1_EmissionsFromPurchasedLivestock(E43,H43,IF(I43,I43,$E$39))} -> 275.625
D44: 0 | E44: 0 | F44: 315 | G44: {=Scope3_Equations.VEERG_15_1_1_1__1_EmissionsFromPurchasedLivestock(E44,F44,$E$39)} -> 0 | H44: 0 | J44: {=Scope3_Equations.VEERG_15_1_1_1__1_EmissionsFromPurchasedLivestock(E44,H44,IF(I44,I44,$E$39))} -> 0
D45: 0 | E45: 0 | F45: 0 | G45: {=Scope3_Equations.VEERG_15_1_1_1__1_EmissionsFromPurchasedLivestock(E45,F45,$E$39)} -> 0 | H45: 0 | J45: {=Scope3_Equations.VEERG_15_1_1_1__1_EmissionsFromPurchasedLivestock(E45,H45,IF(I45,I45,$E$39))} -> 0
D46: 0 | E46: 0 | F46: 0 | G46: {=Scope3_Equations.VEERG_15_1_1_1__1_EmissionsFromPurchasedLivestock(E46,F46,$E$39)} -> 0 | H46: 0 | J46: {=Scope3_Equations.VEERG_15_1_1_1__1_EmissionsFromPurchasedLivestock(E46,H46,IF(I46,I46,$E$39))} -> 0
D47: 0 | E47: 0 | F47: 0 | G47: {=Scope3_Equations.VEERG_15_1_1_1__1_EmissionsFromPurchasedLivestock(E47,F47,$E$39)} -> 0 | H47: 0 | J47: {=Scope3_Equations.VEERG_15_1_1_1__1_EmissionsFromPurchasedLivestock(E47,H47,IF(I47,I47,$E$39))} -> 0
D48: 0 | E48: 0 | F48: 0 | G48: {=Scope3_Equations.VEERG_15_1_1_1__1_EmissionsFromPurchasedLivestock(E48,F48,$E$39)} -> 0 | H48: 0 | J48: {=Scope3_Equations.VEERG_15_1_1_1__1_EmissionsFromPurchasedLivestock(E48,H48,IF(I48,I48,$E$39))} -> 0
D49: 0 | E49: 0 | F49: 0 | G49: {=Scope3_Equations.VEERG_15_1_1_1__1_EmissionsFromPurchasedLivestock(E49,F49,$E$39)} -> 0 | H49: 0 | J49: {=Scope3_Equations.VEERG_15_1_1_1__1_EmissionsFromPurchasedLivestock(E49,H49,IF(I49,I49,$E$39))} -> 0
D50: 0 | E50: 0 | F50: 0 | G50: {=Scope3_Equations.VEERG_15_1_1_1__1_EmissionsFromPurchasedLivestock(E50,F50,$E$39)} -> 0 | H50: 0 | J50: {=Scope3_Equations.VEERG_15_1_1_1__1_EmissionsFromPurchasedLivestock(E50,H50,IF(I50,I50,$E$39))} -> 0
D51: 0 | E51: 0 | F51: 0 | G51: {=Scope3_Equations.VEERG_15_1_1_1__1_EmissionsFromPurchasedLivestock(E51,F51,$E$39)} -> 0 | H51: 0 | J51: {=Scope3_Equations.VEERG_15_1_1_1__1_EmissionsFromPurchasedLivestock(E51,H51,IF(I51,I51,$E$39))} -> 0
D53: E - Dairy cattle (Method 1) | E53: =SUM(G42:G51) -> 295.47 | F53: =$E$11 -> t CO2e
D54: E - Dairy cattle (Method 2) | E54: =SUM(J42:J51) -> 415.625 | F54: =$E$11 -> t CO2e
D57: Pigs
D58: EFco (Method 1) | E58: {=Common_InputFunctions.Utility_LookupValueInTableNumber("Pigs", Table_SourceData_Scope3_Animals[Product],Table_SourceData_Scope3_Animals[AusLCI Emissions intensity])} -> 3.38
D60: Transaction description | E60: Nco | F60: Wco - Method 1 (kg/head) | G60: E (Method 1) | H60: Wco - Method 2 (kg/head) | I60: EFco (Method 2) | J60: E (Method 2) | K60: Method 2 EF source | L60: Method 2 EF source type (Select) | M60: Method 2 EF proof link
D61: {=IFERROR(INDEX(Table_Input_LivestockPurchases_Pigs[Transaction name], _xlfn.SEQUENCE(10)), "")} -> Pigs from Pam | E61: {=IFERROR(INDEX(Table_Input_LivestockPurchases_Pigs[Quantity (head)], _xlfn.SEQUENCE(10)), 0)} -> 100 | F61: {=IFERROR(INDEX(Table_Input_LivestockPurchases_Pigs[Liveweight (kg/head) Method 1], _xlfn.SEQUENCE(10)), 0)} -> 188 | G61: {=Scope3_Equations.VEERG_15_1_1_1__1_EmissionsFromPurchasedLivestock(E61,F61,$E$58)} -> 63.544 | H61: {=IFERROR(INDEX(Table_Input_LivestockPurchases_Pigs[Liveweight (kg/head) Method 2], _xlfn.SEQUENCE(10)), 0)} -> 180 | I61: 3.38 | J61: {=Scope3_Equations.VEERG_15_1_1_1__1_EmissionsFromPurchasedLivestock(E61,H61,IF(I61, I61,$E$58))} -> 60.84
D62: Swine from Samantha | E62: 100 | F62: 39 | G62: {=Scope3_Equations.VEERG_15_1_1_1__1_EmissionsFromPurchasedLivestock(E62,F62,$E$58)} -> 13.182 | H62: 38 | I62: 3.3 | J62: {=Scope3_Equations.VEERG_15_1_1_1__1_EmissionsFromPurchasedLivestock(E62,H62,IF(I62, I62,$E$58))} -> 12.54
D63: 0 | E63: 0 | F63: 0 | G63: {=Scope3_Equations.VEERG_15_1_1_1__1_EmissionsFromPurchasedLivestock(E63,F63,$E$58)} -> 0 | H63: 0 | J63: {=Scope3_Equations.VEERG_15_1_1_1__1_EmissionsFromPurchasedLivestock(E63,H63,IF(I63, I63,$E$58))} -> 0
D64: 0 | E64: 0 | F64: 0 | G64: {=Scope3_Equations.VEERG_15_1_1_1__1_EmissionsFromPurchasedLivestock(E64,F64,$E$58)} -> 0 | H64: 0 | J64: {=Scope3_Equations.VEERG_15_1_1_1__1_EmissionsFromPurchasedLivestock(E64,H64,IF(I64, I64,$E$58))} -> 0
D65: 0 | E65: 0 | F65: 0 | G65: {=Scope3_Equations.VEERG_15_1_1_1__1_EmissionsFromPurchasedLivestock(E65,F65,$E$58)} -> 0 | H65: 0 | J65: {=Scope3_Equations.VEERG_15_1_1_1__1_EmissionsFromPurchasedLivestock(E65,H65,IF(I65, I65,$E$58))} -> 0
D66: 0 | E66: 0 | F66: 0 | G66: {=Scope3_Equations.VEERG_15_1_1_1__1_EmissionsFromPurchasedLivestock(E66,F66,$E$58)} -> 0 | H66: 0 | J66: {=Scope3_Equations.VEERG_15_1_1_1__1_EmissionsFromPurchasedLivestock(E66,H66,IF(I66, I66,$E$58))} -> 0
D67: 0 | E67: 0 | F67: 0 | G67: {=Scope3_Equations.VEERG_15_1_1_1__1_EmissionsFromPurchasedLivestock(E67,F67,$E$58)} -> 0 | H67: 0 | J67: {=Scope3_Equations.VEERG_15_1_1_1__1_EmissionsFromPurchasedLivestock(E67,H67,IF(I67, I67,$E$58))} -> 0
D68: 0 | E68: 0 | F68: 0 | G68: {=Scope3_Equations.VEERG_15_1_1_1__1_EmissionsFromPurchasedLivestock(E68,F68,$E$58)} -> 0 | H68: 0 | J68: {=Scope3_Equations.VEERG_15_1_1_1__1_EmissionsFromPurchasedLivestock(E68,H68,IF(I68, I68,$E$58))} -> 0
D69: 0 | E69: 0 | F69: 0 | G69: {=Scope3_Equations.VEERG_15_1_1_1__1_EmissionsFromPurchasedLivestock(E69,F69,$E$58)} -> 0 | H69: 0 | J69: {=Scope3_Equations.VEERG_15_1_1_1__1_EmissionsFromPurchasedLivestock(E69,H69,IF(I69, I69,$E$58))} -> 0
D70: 0 | E70: 0 | F70: 0 | G70: {=Scope3_Equations.VEERG_15_1_1_1__1_EmissionsFromPurchasedLivestock(E70,F70,$E$58)} -> 0 | H70: 0 | J70: {=Scope3_Equations.VEERG_15_1_1_1__1_EmissionsFromPurchasedLivestock(E70,H70,IF(I70, I70,$E$58))} -> 0
D72: E - Pigs (Method 1) | E72: =SUM(G61:G70) -> 76.726 | F72: =$E$11 -> t CO2e
D73: E - Pigs (Method 2) | E73: =SUM(J61:J70) -> 73.38 | F73: =$E$11 -> t CO2e
D75: Poultry
D76: EFco (Method 1) | E76: {=Common_InputFunctions.Utility_LookupValueInTableNumber("Chickens", Table_SourceData_Scope3_Animals[Product],Table_SourceData_Scope3_Animals[AusLCI Emissions intensity])} -> 1.36
D78: Transaction description | E78: Nco | F78: Wco - Method 1 (kg/head) | G78: E (Method 1) | H78: Wco - Method 2 (kg/head) | I78: EFco (Method 2) | J78: E (Method 2) | K78: Method 2 EF source | L78: Method 2 EF source type (Select) | M78: Method 2 EF proof link
D79: {=IFERROR(INDEX(Table_Input_LivestockPurchases_Poultry[Transaction name], _xlfn.SEQUENCE(10)), "")} -> Chooks from Carolyn | E79: {=IFERROR(INDEX(Table_Input_LivestockPurchases_Poultry[Quantity (head)], _xlfn.SEQUENCE(10)), "")} -> 100 | F79: {=IFERROR(INDEX(Table_Input_LivestockPurchases_Poultry[Liveweight (kg/head) Method 1], _xlfn.SEQUENCE(10)), "")} -> 1.3 | G79: {=Scope3_Equations.VEERG_15_1_1_1__1_EmissionsFromPurchasedLivestock(E79,F79,$E$76)} -> 0.1768 | H79: {=IFERROR(INDEX(Table_Input_LivestockPurchases_Poultry[Liveweight (kg/head) Method 2], _xlfn.SEQUENCE(10)), "")} -> 1.3 | I79: 1.3 | J79: {=Scope3_Equations.VEERG_15_1_1_1__1_EmissionsFromPurchasedLivestock(E79,H79,IF(I79, I79,$E$76))} -> 0.169
D80: Roosters from Raj | E80: 100 | F80: 1.4 | G80: {=Scope3_Equations.VEERG_15_1_1_1__1_EmissionsFromPurchasedLivestock(E80,F80,$E$76)} -> 0.1904 | H80: 1.4 | J80: {=Scope3_Equations.VEERG_15_1_1_1__1_EmissionsFromPurchasedLivestock(E80,H80,IF(I80, I80,$E$76))} -> 0.1904
D81: 0 | E81: 0 | F81: 0 | G81: {=Scope3_Equations.VEERG_15_1_1_1__1_EmissionsFromPurchasedLivestock(E81,F81,$E$76)} -> 0 | H81: 0 | J81: {=Scope3_Equations.VEERG_15_1_1_1__1_EmissionsFromPurchasedLivestock(E81,H81,IF(I81, I81,$E$76))} -> 0
D82: 0 | E82: 0 | F82: 0 | G82: {=Scope3_Equations.VEERG_15_1_1_1__1_EmissionsFromPurchasedLivestock(E82,F82,$E$76)} -> 0 | H82: 0 | J82: {=Scope3_Equations.VEERG_15_1_1_1__1_EmissionsFromPurchasedLivestock(E82,H82,IF(I82, I82,$E$76))} -> 0
D83: 0 | E83: 0 | F83: 0 | G83: {=Scope3_Equations.VEERG_15_1_1_1__1_EmissionsFromPurchasedLivestock(E83,F83,$E$76)} -> 0 | H83: 0 | J83: {=Scope3_Equations.VEERG_15_1_1_1__1_EmissionsFromPurchasedLivestock(E83,H83,IF(I83, I83,$E$76))} -> 0
D84: 0 | E84: 0 | F84: 0 | G84: {=Scope3_Equations.VEERG_15_1_1_1__1_EmissionsFromPurchasedLivestock(E84,F84,$E$76)} -> 0 | H84: 0 | J84: {=Scope3_Equations.VEERG_15_1_1_1__1_EmissionsFromPurchasedLivestock(E84,H84,IF(I84, I84,$E$76))} -> 0
D85: 0 | E85: 0 | F85: 0 | G85: {=Scope3_Equations.VEERG_15_1_1_1__1_EmissionsFromPurchasedLivestock(E85,F85,$E$76)} -> 0 | H85: 0 | J85: {=Scope3_Equations.VEERG_15_1_1_1__1_EmissionsFromPurchasedLivestock(E85,H85,IF(I85, I85,$E$76))} -> 0
D86: 0 | E86: 0 | F86: 0 | G86: {=Scope3_Equations.VEERG_15_1_1_1__1_EmissionsFromPurchasedLivestock(E86,F86,$E$76)} -> 0 | H86: 0 | J86: {=Scope3_Equations.VEERG_15_1_1_1__1_EmissionsFromPurchasedLivestock(E86,H86,IF(I86, I86,$E$76))} -> 0
D87: 0 | E87: 0 | F87: 0 | G87: {=Scope3_Equations.VEERG_15_1_1_1__1_EmissionsFromPurchasedLivestock(E87,F87,$E$76)} -> 0 | H87: 0 | J87: {=Scope3_Equations.VEERG_15_1_1_1__1_EmissionsFromPurchasedLivestock(E87,H87,IF(I87, I87,$E$76))} -> 0
D88: 0 | E88: 0 | F88: 0 | G88: {=Scope3_Equations.VEERG_15_1_1_1__1_EmissionsFromPurchasedLivestock(E88,F88,$E$76)} -> 0 | H88: 0 | J88: {=Scope3_Equations.VEERG_15_1_1_1__1_EmissionsFromPurchasedLivestock(E88,H88,IF(I88, I88,$E$76))} -> 0
D90: E - Poultry (Method 1) | E90: =SUM(G79:G88) -> 0.3672 | F90: =$E$11 -> t CO2e
D91: E - Poultry (Method 2) | E91: =SUM(J79:J88) -> 0.3594 | F91: =$E$11 -> t CO2e
D93: E (Method 1) | E93: =E34+E53+E72+E90 -> 1425.0632 | F93: =$E$11 -> t CO2e
D94: E (Method 2) | E94: =E35+E54+E73+E91 -> 1503.8644 | F94: =$E$11 -> t CO2e
D98: {=Scope3_Equations.VEERG_15_2_1_1__1_EmissionsFromPurchasedFeed_Title()} -> Emissions from purchased feed
D99: {=Scope3_Equations.VEERG_15_2_1_1__1_EmissionsFromPurchasedFeed_Source()} -> VEERG 2026: 15.2.1.1, Equation (1)
D100: Function name | E100: {=Common_InputFunctions.Utility_DisplayFunctionName(G119)} -> =Scope3_Equations.VEERG_15_2_1_1__1_EmissionsFromPurchasedFeed
D103: Variable | E103: {=Scope3_Equations.VEERG_15_2_1_1__1_EmissionsFromPurchasedFeed_Variable()} -> E
D104: Unit | E104: {=Scope3_Equations.VEERG_15_2_1_1__1_EmissionsFromPurchasedFeed_Unit()} -> t CO2e
D106: {=_xlfn.CHOOSECOLS(Scope3_Equations.VEERG_15_2_1_1__1_EmissionsFromPurchasedFeed_Arguments(),1,2)} -> Q_j | E106: quantity of feed type j purchased | G106: {=_xlfn.CHOOSECOLS(Scope3_Equations.VEERG_15_2_1_1__1_EmissionsFromPurchasedFeed_Arguments(),3,4)} -> t | H106: Input
D107: EF_j | E107: emission factor of purchased feed | G107: kg CO2e/kg | H107: Constant
D108: j | E108: feed type | H108: Input
D110: Feed blends
D112: The method 1 product EF is calculated by multiplying the EF of each ingredient by the fraction of that ingredient in the product, then adding them all together.
D113: This is to allow for comparison with a method 2 product EF that might be provided by the supplier.
D114: If using an EF value from the manufacturer, make sure theirs is derived from the ingredients only to ensure a valid comparison with method 1 EF
D116: Scope 3 emissions are calculated on a maximum of 10 feed blends
D118: Blend name | E118: Qj | F118: EFj (Method 1) | G118: E (Method 1) | H118: EFj (Method 2) | I118: E (Method 2) | J118: Method 2 EF source | K118: Method 2 EF source type (Select) | L118: Method 2 EF proof link | M118: Ingredient 1 | N118: Ingredient 1 source | O118: Ingredient 1 percent | P118: Ingredient 1 EF | Q118: Ingredient 2 | R118: Ingredient 2 source | S118: Ingredient 2 percent | T118: Ingredient 2 EF | U118: Ingredient 3 | V118: Ingredient 3 source | W118: Ingredient 3 percent | X118: Ingredient 3 EF | Y118: Ingredient 4 | Z118: Ingredient 4 source | AA118: Ingredient 4 percent | AB118: Ingredient 4 EF
D119: {=IFERROR(INDEX(Table_Input_FeedBlends[Feed blend name], _xlfn.SEQUENCE(10)), "")} -> 0 | E119: {=IFERROR(INDEX(Table_Input_FeedBlends[Amount fed (kg)], _xlfn.SEQUENCE(10)), "")} -> 1200 | F119: =IFERROR((O119*P119)+(S119*T119)+(W119*X119)+(AA119*AB119), 0) -> 0.02471 | G119: {=Scope3_Equations.VEERG_15_2_1_1__1_EmissionsFromPurchasedFeed(E119,F119)} -> 29.652 | H119: 0.04 | I119: {=Scope3_Equations.VEERG_15_2_1_1__1_EmissionsFromPurchasedFeed(E119,IF(H119,H119, F119))} -> 48 | M119: {=IFERROR(INDEX(Table_Input_FeedBlends[Ingredient 1 (select)], _xlfn.SEQUENCE(10)), "")} -> Cereal silage | N119: {=IFERROR(INDEX(Table_Input_FeedBlends[Ingredient 1 source region], _xlfn.SEQUENCE(10)), "")} -> SA | O119: {=IFERROR(INDEX(Table_Input_FeedBlends[Ingredient 1 percent], _xlfn.SEQUENCE(10)), "")} -> 0.35 | P119: {=_xlfn.LET(_xlpm.result, Common_InputFunctions.Utility_LookupValueInTableTwoColumns(M119, N119, Table_SourceData_Scope3_Feed[Product], Table_SourceData_Scope3_Feed[Region of origin], Table_SourceData_Scope3_Feed[AusLCI Emissions intensity]), IF(_xlpm.result="", 0, _xlpm.result))} -> 0.0706 | Q119: {=IFERROR(INDEX(Table_Input_FeedBlends[Ingredient 2 (select)], _xlfn.SEQUENCE(10)), "")} -> Cereal hay | R119: {=IFERROR(INDEX(Table_Input_FeedBlends[Ingredient 2 source region], _xlfn.SEQUENCE(10)), "")} -> SA | S119: {=IFERROR(INDEX(Table_Input_FeedBlends[Ingredient 2 percent], _xlfn.SEQUENCE(10)), "")} -> 0.22 | T119: {=_xlfn.LET(_xlpm.result, Common_InputFunctions.Utility_LookupValueInTableTwoColumns(Q119, _xlfn.IFS(Q119="Urea", IF(#REF!="", "Global",#REF!), Q119="Ammonia", IF(#REF!="", "Global",#REF!), TRUE, "Global"), Table_SourceData_Scope3_InorganicFertiliser[Chemical compound],Table_SourceData_Scope3_InorganicFertiliser[Region of origin],Table_SourceData_Scope3_InorganicFertiliser[AusLCI Emissions intensity]), IF(_xlpm.result="", 0, _xlpm.result))} -> 0 | U119: {=IFERROR(INDEX(Table_Input_FeedBlends[Ingredient 3 (select)], _xlfn.SEQUENCE(10)), "")} -> Canola oil | V119: {=IFERROR(INDEX(Table_Input_FeedBlends[Ingredient 3 source region], _xlfn.SEQUENCE(10)), "")} -> Australia | W119: {=IFERROR(INDEX(Table_Input_FeedBlends[Ingredient 3 percent], _xlfn.SEQUENCE(10)), "")} -> 0.12 | X119: {=_xlfn.LET(_xlpm.result, Common_InputFunctions.Utility_LookupValueInTableTwoColumns(U119, _xlfn.IFS(U119="Urea", IF(#REF!="", "Global",#REF!), U119="Ammonia", IF(#REF!="", "Global",#REF!), TRUE, "Global"), Table_SourceData_Scope3_InorganicFertiliser[Chemical compound],Table_SourceData_Scope3_InorganicFertiliser[Region of origin],Table_SourceData_Scope3_InorganicFertiliser[AusLCI Emissions intensity]), IF(_xlpm.result="", 0, _xlpm.result))} -> 0 | Y119: {=IFERROR(INDEX(Table_Input_FeedBlends[Ingredient 4 (select)], _xlfn.SEQUENCE(10)), "")} -> Molasses | Z119: {=IFERROR(INDEX(Table_Input_FeedBlends[Ingredient 4 source region], _xlfn.SEQUENCE(10)), "")} -> QLD | AA119: {=IFERROR(INDEX(Table_Input_FeedBlends[Ingredient 4 percent], _xlfn.SEQUENCE(10)), "")} -> 0.05 | AB119: {=_xlfn.LET(_xlpm.result, Common_InputFunctions.Utility_LookupValueInTableTwoColumns(Y119, _xlfn.IFS(Y119="Urea", IF(#REF!="", "Global",#REF!), Y119="Ammonia", IF(#REF!="", "Global",#REF!), TRUE, "Global"), Table_SourceData_Scope3_InorganicFertiliser[Chemical compound],Table_SourceData_Scope3_InorganicFertiliser[Region of origin],Table_SourceData_Scope3_InorganicFertiliser[AusLCI Emissions intensity]), IF(_xlpm.result="", 0, _xlpm.result))} -> 0
D120: 0 | E120: 3456 | F120: =IFERROR((O120*P120)+(S120*T120)+(W120*X120)+(AA120*AB120), 0) -> 0 | G120: {=Scope3_Equations.VEERG_15_2_1_1__1_EmissionsFromPurchasedFeed(E120,F120)} -> 0 | H120: 0.03 | I120: {=Scope3_Equations.VEERG_15_2_1_1__1_EmissionsFromPurchasedFeed(E120,IF(H120,H120, F120))} -> 103.68 | M120: Lucerne hay | N120: WA | O120: 0.2 | P120: {=_xlfn.LET(_xlpm.result, Common_InputFunctions.Utility_LookupValueInTableTwoColumns(M120, N120, Table_SourceData_Scope3_Feed[Product], Table_SourceData_Scope3_Feed[Region of origin], Table_SourceData_Scope3_Feed[AusLCI Emissions intensity]), IF(_xlpm.result="", 0, _xlpm.result))} -> 0 | Q120: Lucerne hay | R120: NSW | S120: 0.2 | T120: {=_xlfn.LET(_xlpm.result, Common_InputFunctions.Utility_LookupValueInTableTwoColumns(Q120, _xlfn.IFS(Q120="Urea", IF(#REF!="", "Global",#REF!), Q120="Ammonia", IF(#REF!="", "Global",#REF!), TRUE, "Global"), Table_SourceData_Scope3_InorganicFertiliser[Chemical compound],Table_SourceData_Scope3_InorganicFertiliser[Region of origin],Table_SourceData_Scope3_InorganicFertiliser[AusLCI Emissions intensity]), IF(_xlpm.result="", 0, _xlpm.result))} -> 0 | U120: 0 | V120: 0 | W120: 0 | X120: {=_xlfn.LET(_xlpm.result, Common_InputFunctions.Utility_LookupValueInTableTwoColumns(U120, _xlfn.IFS(U120="Urea", IF(#REF!="", "Global",#REF!), U120="Ammonia", IF(#REF!="", "Global",#REF!), TRUE, "Global"), Table_SourceData_Scope3_InorganicFertiliser[Chemical compound],Table_SourceData_Scope3_InorganicFertiliser[Region of origin],Table_SourceData_Scope3_InorganicFertiliser[AusLCI Emissions intensity]), IF(_xlpm.result="", 0, _xlpm.result))} -> 0 | Y120: 0 | Z120: 0 | AA120: 0 | AB120: {=_xlfn.LET(_xlpm.result, Common_InputFunctions.Utility_LookupValueInTableTwoColumns(Y120, _xlfn.IFS(Y120="Urea", IF(#REF!="", "Global",#REF!), Y120="Ammonia", IF(#REF!="", "Global",#REF!), TRUE, "Global"), Table_SourceData_Scope3_InorganicFertiliser[Chemical compound],Table_SourceData_Scope3_InorganicFertiliser[Region of origin],Table_SourceData_Scope3_InorganicFertiliser[AusLCI Emissions intensity]), IF(_xlpm.result="", 0, _xlpm.result))} -> 0
D121: Hay bales in paddock | E121: 300 | F121: =IFERROR((O121*P121)+(S121*T121)+(W121*X121)+(AA121*AB121), 0) -> 0 | G121: {=Scope3_Equations.VEERG_15_2_1_1__1_EmissionsFromPurchasedFeed(E121,F121)} -> 0 | H121: 0.14 | I121: {=Scope3_Equations.VEERG_15_2_1_1__1_EmissionsFromPurchasedFeed(E121,IF(H121,H121, F121))} -> 42 | M121: Sardines (whole) | N121: VIC | O121: 0.8 | P121: {=_xlfn.LET(_xlpm.result, Common_InputFunctions.Utility_LookupValueInTableTwoColumns(M121, N121, Table_SourceData_Scope3_Feed[Product], Table_SourceData_Scope3_Feed[Region of origin], Table_SourceData_Scope3_Feed[AusLCI Emissions intensity]), IF(_xlpm.result="", 0, _xlpm.result))} -> 0 | Q121: Soybean meal | R121: Brazil | S121: 0.2 | T121: {=_xlfn.LET(_xlpm.result, Common_InputFunctions.Utility_LookupValueInTableTwoColumns(Q121, _xlfn.IFS(Q121="Urea", IF(#REF!="", "Global",#REF!), Q121="Ammonia", IF(#REF!="", "Global",#REF!), TRUE, "Global"), Table_SourceData_Scope3_InorganicFertiliser[Chemical compound],Table_SourceData_Scope3_InorganicFertiliser[Region of origin],Table_SourceData_Scope3_InorganicFertiliser[AusLCI Emissions intensity]), IF(_xlpm.result="", 0, _xlpm.result))} -> 0 | U121: 0 | V121: 0 | W121: 0 | X121: {=_xlfn.LET(_xlpm.result, Common_InputFunctions.Utility_LookupValueInTableTwoColumns(U121, _xlfn.IFS(U121="Urea", IF(#REF!="", "Global",#REF!), U121="Ammonia", IF(#REF!="", "Global",#REF!), TRUE, "Global"), Table_SourceData_Scope3_InorganicFertiliser[Chemical compound],Table_SourceData_Scope3_InorganicFertiliser[Region of origin],Table_SourceData_Scope3_InorganicFertiliser[AusLCI Emissions intensity]), IF(_xlpm.result="", 0, _xlpm.result))} -> 0 | Y121: 0 | Z121: 0 | AA121: 0 | AB121: {=_xlfn.LET(_xlpm.result, Common_InputFunctions.Utility_LookupValueInTableTwoColumns(Y121, _xlfn.IFS(Y121="Urea", IF(#REF!="", "Global",#REF!), Y121="Ammonia", IF(#REF!="", "Global",#REF!), TRUE, "Global"), Table_SourceData_Scope3_InorganicFertiliser[Chemical compound],Table_SourceData_Scope3_InorganicFertiliser[Region of origin],Table_SourceData_Scope3_InorganicFertiliser[AusLCI Emissions intensity]), IF(_xlpm.result="", 0, _xlpm.result))} -> 0
D122: 0 | E122: 500 | F122: =IFERROR((O122*P122)+(S122*T122)+(W122*X122)+(AA122*AB122), 0) -> 0.345 | G122: {=Scope3_Equations.VEERG_15_2_1_1__1_EmissionsFromPurchasedFeed(E122,F122)} -> 172.5 | I122: {=Scope3_Equations.VEERG_15_2_1_1__1_EmissionsFromPurchasedFeed(E122,IF(H122,H122, F122))} -> 172.5 | M122: Pasture hay | N122: VIC | O122: 1 | P122: {=_xlfn.LET(_xlpm.result, Common_InputFunctions.Utility_LookupValueInTableTwoColumns(M122, N122, Table_SourceData_Scope3_Feed[Product], Table_SourceData_Scope3_Feed[Region of origin], Table_SourceData_Scope3_Feed[AusLCI Emissions intensity]), IF(_xlpm.result="", 0, _xlpm.result))} -> 0.345 | Q122: 0 | R122: 0 | S122: 0 | T122: {=_xlfn.LET(_xlpm.result, Common_InputFunctions.Utility_LookupValueInTableTwoColumns(Q122, _xlfn.IFS(Q122="Urea", IF(#REF!="", "Global",#REF!), Q122="Ammonia", IF(#REF!="", "Global",#REF!), TRUE, "Global"), Table_SourceData_Scope3_InorganicFertiliser[Chemical compound],Table_SourceData_Scope3_InorganicFertiliser[Region of origin],Table_SourceData_Scope3_InorganicFertiliser[AusLCI Emissions intensity]), IF(_xlpm.result="", 0, _xlpm.result))} -> 0 | U122: 0 | V122: 0 | W122: 0 | X122: {=_xlfn.LET(_xlpm.result, Common_InputFunctions.Utility_LookupValueInTableTwoColumns(U122, _xlfn.IFS(U122="Urea", IF(#REF!="", "Global",#REF!), U122="Ammonia", IF(#REF!="", "Global",#REF!), TRUE, "Global"), Table_SourceData_Scope3_InorganicFertiliser[Chemical compound],Table_SourceData_Scope3_InorganicFertiliser[Region of origin],Table_SourceData_Scope3_InorganicFertiliser[AusLCI Emissions intensity]), IF(_xlpm.result="", 0, _xlpm.result))} -> 0 | Y122: 0 | Z122: 0 | AA122: 0 | AB122: {=_xlfn.LET(_xlpm.result, Common_InputFunctions.Utility_LookupValueInTableTwoColumns(Y122, _xlfn.IFS(Y122="Urea", IF(#REF!="", "Global",#REF!), Y122="Ammonia", IF(#REF!="", "Global",#REF!), TRUE, "Global"), Table_SourceData_Scope3_InorganicFertiliser[Chemical compound],Table_SourceData_Scope3_InorganicFertiliser[Region of origin],Table_SourceData_Scope3_InorganicFertiliser[AusLCI Emissions intensity]), IF(_xlpm.result="", 0, _xlpm.result))} -> 0
D123: 0 | E123: 0 | F123: =IFERROR((O123*P123)+(S123*T123)+(W123*X123)+(AA123*AB123), 0) -> 0 | G123: {=Scope3_Equations.VEERG_15_2_1_1__1_EmissionsFromPurchasedFeed(E123,F123)} -> 0 | I123: {=Scope3_Equations.VEERG_15_2_1_1__1_EmissionsFromPurchasedFeed(E123,IF(H123,H123, F123))} -> 0 | M123: 0 | N123: 0 | O123: 0 | P123: {=_xlfn.LET(_xlpm.result, Common_InputFunctions.Utility_LookupValueInTableTwoColumns(M123, N123, Table_SourceData_Scope3_Feed[Product], Table_SourceData_Scope3_Feed[Region of origin], Table_SourceData_Scope3_Feed[AusLCI Emissions intensity]), IF(_xlpm.result="", 0, _xlpm.result))} -> 0 | Q123: 0 | R123: 0 | S123: 0 | T123: {=_xlfn.LET(_xlpm.result, Common_InputFunctions.Utility_LookupValueInTableTwoColumns(Q123, _xlfn.IFS(Q123="Urea", IF(#REF!="", "Global",#REF!), Q123="Ammonia", IF(#REF!="", "Global",#REF!), TRUE, "Global"), Table_SourceData_Scope3_InorganicFertiliser[Chemical compound],Table_SourceData_Scope3_InorganicFertiliser[Region of origin],Table_SourceData_Scope3_InorganicFertiliser[AusLCI Emissions intensity]), IF(_xlpm.result="", 0, _xlpm.result))} -> 0 | U123: 0 | V123: 0 | W123: 0 | X123: {=_xlfn.LET(_xlpm.result, Common_InputFunctions.Utility_LookupValueInTableTwoColumns(U123, _xlfn.IFS(U123="Urea", IF(#REF!="", "Global",#REF!), U123="Ammonia", IF(#REF!="", "Global",#REF!), TRUE, "Global"), Table_SourceData_Scope3_InorganicFertiliser[Chemical compound],Table_SourceData_Scope3_InorganicFertiliser[Region of origin],Table_SourceData_Scope3_InorganicFertiliser[AusLCI Emissions intensity]), IF(_xlpm.result="", 0, _xlpm.result))} -> 0 | Y123: 0 | Z123: 0 | AA123: 0 | AB123: {=_xlfn.LET(_xlpm.result, Common_InputFunctions.Utility_LookupValueInTableTwoColumns(Y123, _xlfn.IFS(Y123="Urea", IF(#REF!="", "Global",#REF!), Y123="Ammonia", IF(#REF!="", "Global",#REF!), TRUE, "Global"), Table_SourceData_Scope3_InorganicFertiliser[Chemical compound],Table_SourceData_Scope3_InorganicFertiliser[Region of origin],Table_SourceData_Scope3_InorganicFertiliser[AusLCI Emissions intensity]), IF(_xlpm.result="", 0, _xlpm.result))} -> 0
D124: 0 | E124: 0 | F124: =IFERROR((O124*P124)+(S124*T124)+(W124*X124)+(AA124*AB124), 0) -> 0 | G124: {=Scope3_Equations.VEERG_15_2_1_1__1_EmissionsFromPurchasedFeed(E124,F124)} -> 0 | I124: {=Scope3_Equations.VEERG_15_2_1_1__1_EmissionsFromPurchasedFeed(E124,IF(H124,H124, F124))} -> 0 | M124: 0 | N124: 0 | O124: 0 | P124: {=_xlfn.LET(_xlpm.result, Common_InputFunctions.Utility_LookupValueInTableTwoColumns(M124, N124, Table_SourceData_Scope3_Feed[Product], Table_SourceData_Scope3_Feed[Region of origin], Table_SourceData_Scope3_Feed[AusLCI Emissions intensity]), IF(_xlpm.result="", 0, _xlpm.result))} -> 0 | Q124: 0 | R124: 0 | S124: 0 | T124: {=_xlfn.LET(_xlpm.result, Common_InputFunctions.Utility_LookupValueInTableTwoColumns(Q124, _xlfn.IFS(Q124="Urea", IF(#REF!="", "Global",#REF!), Q124="Ammonia", IF(#REF!="", "Global",#REF!), TRUE, "Global"), Table_SourceData_Scope3_InorganicFertiliser[Chemical compound],Table_SourceData_Scope3_InorganicFertiliser[Region of origin],Table_SourceData_Scope3_InorganicFertiliser[AusLCI Emissions intensity]), IF(_xlpm.result="", 0, _xlpm.result))} -> 0 | U124: 0 | V124: 0 | W124: 0 | X124: {=_xlfn.LET(_xlpm.result, Common_InputFunctions.Utility_LookupValueInTableTwoColumns(U124, _xlfn.IFS(U124="Urea", IF(#REF!="", "Global",#REF!), U124="Ammonia", IF(#REF!="", "Global",#REF!), TRUE, "Global"), Table_SourceData_Scope3_InorganicFertiliser[Chemical compound],Table_SourceData_Scope3_InorganicFertiliser[Region of origin],Table_SourceData_Scope3_InorganicFertiliser[AusLCI Emissions intensity]), IF(_xlpm.result="", 0, _xlpm.result))} -> 0 | Y124: 0 | Z124: 0 | AA124: 0 | AB124: {=_xlfn.LET(_xlpm.result, Common_InputFunctions.Utility_LookupValueInTableTwoColumns(Y124, _xlfn.IFS(Y124="Urea", IF(#REF!="", "Global",#REF!), Y124="Ammonia", IF(#REF!="", "Global",#REF!), TRUE, "Global"), Table_SourceData_Scope3_InorganicFertiliser[Chemical compound],Table_SourceData_Scope3_InorganicFertiliser[Region of origin],Table_SourceData_Scope3_InorganicFertiliser[AusLCI Emissions intensity]), IF(_xlpm.result="", 0, _xlpm.result))} -> 0
D125: 0 | E125: 0 | F125: =IFERROR((O125*P125)+(S125*T125)+(W125*X125)+(AA125*AB125), 0) -> 0 | G125: {=Scope3_Equations.VEERG_15_2_1_1__1_EmissionsFromPurchasedFeed(E125,F125)} -> 0 | I125: {=Scope3_Equations.VEERG_15_2_1_1__1_EmissionsFromPurchasedFeed(E125,IF(H125,H125, F125))} -> 0 | M125: 0 | N125: 0 | O125: 0 | P125: {=_xlfn.LET(_xlpm.result, Common_InputFunctions.Utility_LookupValueInTableTwoColumns(M125, N125, Table_SourceData_Scope3_Feed[Product], Table_SourceData_Scope3_Feed[Region of origin], Table_SourceData_Scope3_Feed[AusLCI Emissions intensity]), IF(_xlpm.result="", 0, _xlpm.result))} -> 0 | Q125: 0 | R125: 0 | S125: 0 | T125: {=_xlfn.LET(_xlpm.result, Common_InputFunctions.Utility_LookupValueInTableTwoColumns(Q125, _xlfn.IFS(Q125="Urea", IF(#REF!="", "Global",#REF!), Q125="Ammonia", IF(#REF!="", "Global",#REF!), TRUE, "Global"), Table_SourceData_Scope3_InorganicFertiliser[Chemical compound],Table_SourceData_Scope3_InorganicFertiliser[Region of origin],Table_SourceData_Scope3_InorganicFertiliser[AusLCI Emissions intensity]), IF(_xlpm.result="", 0, _xlpm.result))} -> 0 | U125: 0 | V125: 0 | W125: 0 | X125: {=_xlfn.LET(_xlpm.result, Common_InputFunctions.Utility_LookupValueInTableTwoColumns(U125, _xlfn.IFS(U125="Urea", IF(#REF!="", "Global",#REF!), U125="Ammonia", IF(#REF!="", "Global",#REF!), TRUE, "Global"), Table_SourceData_Scope3_InorganicFertiliser[Chemical compound],Table_SourceData_Scope3_InorganicFertiliser[Region of origin],Table_SourceData_Scope3_InorganicFertiliser[AusLCI Emissions intensity]), IF(_xlpm.result="", 0, _xlpm.result))} -> 0 | Y125: 0 | Z125: 0 | AA125: 0 | AB125: {=_xlfn.LET(_xlpm.result, Common_InputFunctions.Utility_LookupValueInTableTwoColumns(Y125, _xlfn.IFS(Y125="Urea", IF(#REF!="", "Global",#REF!), Y125="Ammonia", IF(#REF!="", "Global",#REF!), TRUE, "Global"), Table_SourceData_Scope3_InorganicFertiliser[Chemical compound],Table_SourceData_Scope3_InorganicFertiliser[Region of origin],Table_SourceData_Scope3_InorganicFertiliser[AusLCI Emissions intensity]), IF(_xlpm.result="", 0, _xlpm.result))} -> 0
D126: 0 | E126: 0 | F126: =IFERROR((O126*P126)+(S126*T126)+(W126*X126)+(AA126*AB126), 0) -> 0 | G126: {=Scope3_Equations.VEERG_15_2_1_1__1_EmissionsFromPurchasedFeed(E126,F126)} -> 0 | I126: {=Scope3_Equations.VEERG_15_2_1_1__1_EmissionsFromPurchasedFeed(E126,IF(H126,H126, F126))} -> 0 | M126: 0 | N126: 0 | O126: 0 | P126: {=_xlfn.LET(_xlpm.result, Common_InputFunctions.Utility_LookupValueInTableTwoColumns(M126, N126, Table_SourceData_Scope3_Feed[Product], Table_SourceData_Scope3_Feed[Region of origin], Table_SourceData_Scope3_Feed[AusLCI Emissions intensity]), IF(_xlpm.result="", 0, _xlpm.result))} -> 0 | Q126: 0 | R126: 0 | S126: 0 | T126: {=_xlfn.LET(_xlpm.result, Common_InputFunctions.Utility_LookupValueInTableTwoColumns(Q126, _xlfn.IFS(Q126="Urea", IF(#REF!="", "Global",#REF!), Q126="Ammonia", IF(#REF!="", "Global",#REF!), TRUE, "Global"), Table_SourceData_Scope3_InorganicFertiliser[Chemical compound],Table_SourceData_Scope3_InorganicFertiliser[Region of origin],Table_SourceData_Scope3_InorganicFertiliser[AusLCI Emissions intensity]), IF(_xlpm.result="", 0, _xlpm.result))} -> 0 | U126: 0 | V126: 0 | W126: 0 | X126: {=_xlfn.LET(_xlpm.result, Common_InputFunctions.Utility_LookupValueInTableTwoColumns(U126, _xlfn.IFS(U126="Urea", IF(#REF!="", "Global",#REF!), U126="Ammonia", IF(#REF!="", "Global",#REF!), TRUE, "Global"), Table_SourceData_Scope3_InorganicFertiliser[Chemical compound],Table_SourceData_Scope3_InorganicFertiliser[Region of origin],Table_SourceData_Scope3_InorganicFertiliser[AusLCI Emissions intensity]), IF(_xlpm.result="", 0, _xlpm.result))} -> 0 | Y126: 0 | Z126: 0 | AA126: 0 | AB126: {=_xlfn.LET(_xlpm.result, Common_InputFunctions.Utility_LookupValueInTableTwoColumns(Y126, _xlfn.IFS(Y126="Urea", IF(#REF!="", "Global",#REF!), Y126="Ammonia", IF(#REF!="", "Global",#REF!), TRUE, "Global"), Table_SourceData_Scope3_InorganicFertiliser[Chemical compound],Table_SourceData_Scope3_InorganicFertiliser[Region of origin],Table_SourceData_Scope3_InorganicFertiliser[AusLCI Emissions intensity]), IF(_xlpm.result="", 0, _xlpm.result))} -> 0
D127: 0 | E127: 0 | F127: =IFERROR((O127*P127)+(S127*T127)+(W127*X127)+(AA127*AB127), 0) -> 0 | G127: {=Scope3_Equations.VEERG_15_2_1_1__1_EmissionsFromPurchasedFeed(E127,F127)} -> 0 | I127: {=Scope3_Equations.VEERG_15_2_1_1__1_EmissionsFromPurchasedFeed(E127,IF(H127,H127, F127))} -> 0 | M127: 0 | N127: 0 | O127: 0 | P127: {=_xlfn.LET(_xlpm.result, Common_InputFunctions.Utility_LookupValueInTableTwoColumns(M127, N127, Table_SourceData_Scope3_Feed[Product], Table_SourceData_Scope3_Feed[Region of origin], Table_SourceData_Scope3_Feed[AusLCI Emissions intensity]), IF(_xlpm.result="", 0, _xlpm.result))} -> 0 | Q127: 0 | R127: 0 | S127: 0 | T127: {=_xlfn.LET(_xlpm.result, Common_InputFunctions.Utility_LookupValueInTableTwoColumns(Q127, _xlfn.IFS(Q127="Urea", IF(#REF!="", "Global",#REF!), Q127="Ammonia", IF(#REF!="", "Global",#REF!), TRUE, "Global"), Table_SourceData_Scope3_InorganicFertiliser[Chemical compound],Table_SourceData_Scope3_InorganicFertiliser[Region of origin],Table_SourceData_Scope3_InorganicFertiliser[AusLCI Emissions intensity]), IF(_xlpm.result="", 0, _xlpm.result))} -> 0 | U127: 0 | V127: 0 | W127: 0 | X127: {=_xlfn.LET(_xlpm.result, Common_InputFunctions.Utility_LookupValueInTableTwoColumns(U127, _xlfn.IFS(U127="Urea", IF(#REF!="", "Global",#REF!), U127="Ammonia", IF(#REF!="", "Global",#REF!), TRUE, "Global"), Table_SourceData_Scope3_InorganicFertiliser[Chemical compound],Table_SourceData_Scope3_InorganicFertiliser[Region of origin],Table_SourceData_Scope3_InorganicFertiliser[AusLCI Emissions intensity]), IF(_xlpm.result="", 0, _xlpm.result))} -> 0 | Y127: 0 | Z127: 0 | AA127: 0 | AB127: {=_xlfn.LET(_xlpm.result, Common_InputFunctions.Utility_LookupValueInTableTwoColumns(Y127, _xlfn.IFS(Y127="Urea", IF(#REF!="", "Global",#REF!), Y127="Ammonia", IF(#REF!="", "Global",#REF!), TRUE, "Global"), Table_SourceData_Scope3_InorganicFertiliser[Chemical compound],Table_SourceData_Scope3_InorganicFertiliser[Region of origin],Table_SourceData_Scope3_InorganicFertiliser[AusLCI Emissions intensity]), IF(_xlpm.result="", 0, _xlpm.result))} -> 0
D128: 0 | E128: 0 | F128: =IFERROR((O128*P128)+(S128*T128)+(W128*X128)+(AA128*AB128), 0) -> 0 | G128: {=Scope3_Equations.VEERG_15_2_1_1__1_EmissionsFromPurchasedFeed(E128,F128)} -> 0 | I128: {=Scope3_Equations.VEERG_15_2_1_1__1_EmissionsFromPurchasedFeed(E128,IF(H128,H128, F128))} -> 0 | M128: 0 | N128: 0 | O128: 0 | P128: {=_xlfn.LET(_xlpm.result, Common_InputFunctions.Utility_LookupValueInTableTwoColumns(M128, N128, Table_SourceData_Scope3_Feed[Product], Table_SourceData_Scope3_Feed[Region of origin], Table_SourceData_Scope3_Feed[AusLCI Emissions intensity]), IF(_xlpm.result="", 0, _xlpm.result))} -> 0 | Q128: 0 | R128: 0 | S128: 0 | T128: {=_xlfn.LET(_xlpm.result, Common_InputFunctions.Utility_LookupValueInTableTwoColumns(Q128, _xlfn.IFS(Q128="Urea", IF(#REF!="", "Global",#REF!), Q128="Ammonia", IF(#REF!="", "Global",#REF!), TRUE, "Global"), Table_SourceData_Scope3_InorganicFertiliser[Chemical compound],Table_SourceData_Scope3_InorganicFertiliser[Region of origin],Table_SourceData_Scope3_InorganicFertiliser[AusLCI Emissions intensity]), IF(_xlpm.result="", 0, _xlpm.result))} -> 0 | U128: 0 | V128: 0 | W128: 0 | X128: {=_xlfn.LET(_xlpm.result, Common_InputFunctions.Utility_LookupValueInTableTwoColumns(U128, _xlfn.IFS(U128="Urea", IF(#REF!="", "Global",#REF!), U128="Ammonia", IF(#REF!="", "Global",#REF!), TRUE, "Global"), Table_SourceData_Scope3_InorganicFertiliser[Chemical compound],Table_SourceData_Scope3_InorganicFertiliser[Region of origin],Table_SourceData_Scope3_InorganicFertiliser[AusLCI Emissions intensity]), IF(_xlpm.result="", 0, _xlpm.result))} -> 0 | Y128: 0 | Z128: 0 | AA128: 0 | AB128: {=_xlfn.LET(_xlpm.result, Common_InputFunctions.Utility_LookupValueInTableTwoColumns(Y128, _xlfn.IFS(Y128="Urea", IF(#REF!="", "Global",#REF!), Y128="Ammonia", IF(#REF!="", "Global",#REF!), TRUE, "Global"), Table_SourceData_Scope3_InorganicFertiliser[Chemical compound],Table_SourceData_Scope3_InorganicFertiliser[Region of origin],Table_SourceData_Scope3_InorganicFertiliser[AusLCI Emissions intensity]), IF(_xlpm.result="", 0, _xlpm.result))} -> 0
D130: E - Poultry (Method 1) | E130: =SUM(G119:G128) -> 202.152 | F130: =$E$104 -> t CO2e
D131: E - Poultry (Method 2) | E131: =SUM(I119:I128) -> 366.18 | F131: =$E$104 -> t CO2e
D134: Feed rations
...

Sheet 10.1.1-2 Solid waste treatment
A1: #VALUE! | C1: 10.1.1-2 Solid waste treatment
A3: =HYPERLINK("#'Home'!A1", "Home") -> Home | D3: Method 1
A4: =HYPERLINK("#'Overview'!A1", "Overview") -> Overview
A5: =HYPERLINK("#'Results'!A1", "Results") -> Results | D5: {=WasteSolid_Equations.VEERG_10_1_1_1__2_MassOfWasteFromVolume_Title()} -> Mass of waste from waste volume
D6: {=WasteSolid_Equations.VEERG_10_1_1_1__2_MassOfWasteFromVolume_Source()} -> VEERG 2026: 10.1.1.1, Equation (2)
A7: INPUTS | D7: Function name | E7: {=Common_InputFunctions.Utility_DisplayFunctionName(I21)} -> =WasteSolid_Equations.VEERG_10_1_1_1__2_MassOfWasteFromVolume
A8: =HYPERLINK("#'Input - Solid waste'!A1", "Solid waste") -> Solid waste
A10: CALCULATIONS | D10: Variable | E10: {=WasteSolid_Equations.VEERG_10_1_1_1__2_MassOfWasteFromVolume_Variable()} -> Q_wt
A11: =HYPERLINK("#'10.1.1-2 Solid waste treatment'!A1", "10.1.1-2 Solid waste treatment") -> 10.1.1-2 Solid waste treatment | D11: Unit | E11: {=WasteSolid_Equations.VEERG_10_1_1_1__2_MassOfWasteFromVolume_Unit()} -> t
A13: APPENDICES | D13: {=_xlfn.CHOOSECOLS(WasteSolid_Equations.VEERG_10_1_1_1__2_MassOfWasteFromVolume_Arguments(),1,2)} -> V_wt | E13: volume of solid waste type w being sent to treatment facility t | G13: {=_xlfn.CHOOSECOLS(WasteSolid_Equations.VEERG_10_1_1_1__2_MassOfWasteFromVolume_Arguments(),3,4)} -> m3 | H13: Input | I13: {=HYPERLINK(Common_InputFunctions.Utility_SourceHyperlink($D$18),$D$18)} -> Table_V_w_t_onsite | J13: {=HYPERLINK(Common_InputFunctions.Utility_SourceHyperlink($D$42),$D$42)} -> Table_V_w_t_offsite
A14: =HYPERLINK("#'Constants - Solid waste'!A1", "Constants - Solid waste") -> Constants - Solid waste | D14: VTM_w | E14: conversion factor of volume to mass for waste type w | G14: t/m3 | H14: Constant | I14: {=HYPERLINK(Common_InputFunctions.Utility_SourceHyperlink($D$18),$D$18)} -> Table_V_w_t_onsite | J14: {=HYPERLINK(Common_InputFunctions.Utility_SourceHyperlink($D$42),$D$42)} -> Table_V_w_t_offsite
A15: =HYPERLINK("#'Constants - Common'!A1", "Constants - Common") -> Constants - Common | D15: w | E15: waste type | H15: Input | I15: {=HYPERLINK(Common_InputFunctions.Utility_SourceHyperlink($D$18),$D$18)} -> Table_V_w_t_onsite | J15: {=HYPERLINK(Common_InputFunctions.Utility_SourceHyperlink($D$42),$D$42)} -> Table_V_w_t_offsite
D16: t | E16: treatment facility | H16: Input | I16: {=HYPERLINK(Common_InputFunctions.Utility_SourceHyperlink($D$18),$D$18)} -> Table_V_w_t_onsite | J16: {=HYPERLINK(Common_InputFunctions.Utility_SourceHyperlink($D$42),$D$42)} -> Table_V_w_t_offsite
D18: Table_V_w_t_onsite
D19: Volume of solid waste treated on-site (scope 1)
D20: Treatment | E20: Waste type | G20: Vwt | H20: VTMw | I20: Qwt
D21: {=Table_SourceData_WasteSolid_WasteTreatmentEFs[Treatment type t]} -> Landfill | E21: {=Table_SourceData_WasteSolid_WasteTreatmentEFs[Waste type w]} -> Food waste (including animal carcasses, spoiled animal feed or crop) | G21: {=WasteSolid_InputFunctions.WasteSolid_InputFunctions_SumWasteTreatment(Table_Input_SolidWaste[Treatment type (select)],Table_Input_SolidWaste[Waste type (select)],Table_Input_SolidWaste[Treatment location (select)],Table_Input_SolidWaste[Amount unit (select)],Table_Input_SolidWaste[Amount],D21,E21, "Treated on-site", "cubic metres m3")} -> 0 | H21: {=Common_InputFunctions.Utility_LookupValueInTableNumber(E21,Table_SourceData_WasteSolid_VolumeToMassConversion[Waste type w],Table_SourceData_WasteSolid_VolumeToMassConversion[VTMw])} -> 0.5 | I21: {=WasteSolid_Equations.VEERG_10_1_1_1__2_MassOfWasteFromVolume(G21,H21)} -> 0
D22: Landfill | E22: Paper and cardboard | G22: {=WasteSolid_InputFunctions.WasteSolid_InputFunctions_SumWasteTreatment(Table_Input_SolidWaste[Treatment type (select)],Table_Input_SolidWaste[Waste type (select)],Table_Input_SolidWaste[Treatment location (select)],Table_Input_SolidWaste[Amount unit (select)],Table_Input_SolidWaste[Amount],D22,E22, "Treated on-site", "cubic metres m3")} -> 0 | H22: {=Common_InputFunctions.Utility_LookupValueInTableNumber(E22,Table_SourceData_WasteSolid_VolumeToMassConversion[Waste type w],Table_SourceData_WasteSolid_VolumeToMassConversion[VTMw])} -> 0.09 | I22: {=WasteSolid_Equations.VEERG_10_1_1_1__2_MassOfWasteFromVolume(G22,H22)} -> 0
D23: Landfill | E23: Green waste (including crop residues or prunnings) | G23: {=WasteSolid_InputFunctions.WasteSolid_InputFunctions_SumWasteTreatment(Table_Input_SolidWaste[Treatment type (select)],Table_Input_SolidWaste[Waste type (select)],Table_Input_SolidWaste[Treatment location (select)],Table_Input_SolidWaste[Amount unit (select)],Table_Input_SolidWaste[Amount],D23,E23, "Treated on-site", "cubic metres m3")} -> 0 | H23: {=Common_InputFunctions.Utility_LookupValueInTableNumber(E23,Table_SourceData_WasteSolid_VolumeToMassConversion[Waste type w],Table_SourceData_WasteSolid_VolumeToMassConversion[VTMw])} -> 0 | I23: {=WasteSolid_Equations.VEERG_10_1_1_1__2_MassOfWasteFromVolume(G23,H23)} -> 0
D24: Landfill | E24: Wood | G24: {=WasteSolid_InputFunctions.WasteSolid_InputFunctions_SumWasteTreatment(Table_Input_SolidWaste[Treatment type (select)],Table_Input_SolidWaste[Waste type (select)],Table_Input_SolidWaste[Treatment location (select)],Table_Input_SolidWaste[Amount unit (select)],Table_Input_SolidWaste[Amount],D24,E24, "Treated on-site", "cubic metres m3")} -> 0 | H24: {=Common_InputFunctions.Utility_LookupValueInTableNumber(E24,Table_SourceData_WasteSolid_VolumeToMassConversion[Waste type w],Table_SourceData_WasteSolid_VolumeToMassConversion[VTMw])} -> 0.15 | I24: {=WasteSolid_Equations.VEERG_10_1_1_1__2_MassOfWasteFromVolume(G24,H24)} -> 0
D25: Landfill | E25: Textiles | G25: {=WasteSolid_InputFunctions.WasteSolid_InputFunctions_SumWasteTreatment(Table_Input_SolidWaste[Treatment type (select)],Table_Input_SolidWaste[Waste type (select)],Table_Input_SolidWaste[Treatment location (select)],Table_Input_SolidWaste[Amount unit (select)],Table_Input_SolidWaste[Amount],D25,E25, "Treated on-site", "cubic metres m3")} -> 0 | H25: {=Common_InputFunctions.Utility_LookupValueInTableNumber(E25,Table_SourceData_WasteSolid_VolumeToMassConversion[Waste type w],Table_SourceData_WasteSolid_VolumeToMassConversion[VTMw])} -> 0.14 | I25: {=WasteSolid_Equations.VEERG_10_1_1_1__2_MassOfWasteFromVolume(G25,H25)} -> 0
D26: Landfill | E26: Sludge | G26: {=WasteSolid_InputFunctions.WasteSolid_InputFunctions_SumWasteTreatment(Table_Input_SolidWaste[Treatment type (select)],Table_Input_SolidWaste[Waste type (select)],Table_Input_SolidWaste[Treatment location (select)],Table_Input_SolidWaste[Amount unit (select)],Table_Input_SolidWaste[Amount],D26,E26, "Treated on-site", "cubic metres m3")} -> 0 | H26: {=Common_InputFunctions.Utility_LookupValueInTableNumber(E26,Table_SourceData_WasteSolid_VolumeToMassConversion[Waste type w],Table_SourceData_WasteSolid_VolumeToMassConversion[VTMw])} -> 0.72 | I26: {=WasteSolid_Equations.VEERG_10_1_1_1__2_MassOfWasteFromVolume(G26,H26)} -> 0
D27: Landfill | E27: Rubber and leather | G27: {=WasteSolid_InputFunctions.WasteSolid_InputFunctions_SumWasteTreatment(Table_Input_SolidWaste[Treatment type (select)],Table_Input_SolidWaste[Waste type (select)],Table_Input_SolidWaste[Treatment location (select)],Table_Input_SolidWaste[Amount unit (select)],Table_Input_SolidWaste[Amount],D27,E27, "Treated on-site", "cubic metres m3")} -> 0 | H27: {=Common_InputFunctions.Utility_LookupValueInTableNumber(E27,Table_SourceData_WasteSolid_VolumeToMassConversion[Waste type w],Table_SourceData_WasteSolid_VolumeToMassConversion[VTMw])} -> 0.14 | I27: {=WasteSolid_Equations.VEERG_10_1_1_1__2_MassOfWasteFromVolume(G27,H27)} -> 0
D28: Landfill | E28: Inert waste (including concrete, metal, plastic or glass) | G28: {=WasteSolid_InputFunctions.WasteSolid_InputFunctions_SumWasteTreatment(Table_Input_SolidWaste[Treatment type (select)],Table_Input_SolidWaste[Waste type (select)],Table_Input_SolidWaste[Treatment location (select)],Table_Input_SolidWaste[Amount unit (select)],Table_Input_SolidWaste[Amount],D28,E28, "Treated on-site", "cubic metres m3")} -> 0 | H28: {=Common_InputFunctions.Utility_LookupValueInTableNumber(E28,Table_SourceData_WasteSolid_VolumeToMassConversion[Waste type w],Table_SourceData_WasteSolid_VolumeToMassConversion[VTMw])} -> 0.42 | I28: {=WasteSolid_Equations.VEERG_10_1_1_1__2_MassOfWasteFromVolume(G28,H28)} -> 0
D29: Landfill | E29: Municipal solid waste | G29: {=WasteSolid_InputFunctions.WasteSolid_InputFunctions_SumWasteTreatment(Table_Input_SolidWaste[Treatment type (select)],Table_Input_SolidWaste[Waste type (select)],Table_Input_SolidWaste[Treatment location (select)],Table_Input_SolidWaste[Amount unit (select)],Table_Input_SolidWaste[Amount],D29,E29, "Treated on-site", "cubic metres m3")} -> 0 | H29: {=Common_InputFunctions.Utility_LookupValueInTableNumber(E29,Table_SourceData_WasteSolid_VolumeToMassConversion[Waste type w],Table_SourceData_WasteSolid_VolumeToMassConversion[VTMw])} -> 0.36 | I29: {=WasteSolid_Equations.VEERG_10_1_1_1__2_MassOfWasteFromVolume(G29,H29)} -> 0
D30: Landfill | E30: Commercial and industrial waste | G30: {=WasteSolid_InputFunctions.WasteSolid_InputFunctions_SumWasteTreatment(Table_Input_SolidWaste[Treatment type (select)],Table_Input_SolidWaste[Waste type (select)],Table_Input_SolidWaste[Treatment location (select)],Table_Input_SolidWaste[Amount unit (select)],Table_Input_SolidWaste[Amount],D30,E30, "Treated on-site", "cubic metres m3")} -> 0 | H30: {=Common_InputFunctions.Utility_LookupValueInTableNumber(E30,Table_SourceData_WasteSolid_VolumeToMassConversion[Waste type w],Table_SourceData_WasteSolid_VolumeToMassConversion[VTMw])} -> 0.33 | I30: {=WasteSolid_Equations.VEERG_10_1_1_1__2_MassOfWasteFromVolume(G30,H30)} -> 0
D31: Landfill | E31: Construction and demolition waste | G31: {=WasteSolid_InputFunctions.WasteSolid_InputFunctions_SumWasteTreatment(Table_Input_SolidWaste[Treatment type (select)],Table_Input_SolidWaste[Waste type (select)],Table_Input_SolidWaste[Treatment location (select)],Table_Input_SolidWaste[Amount unit (select)],Table_Input_SolidWaste[Amount],D31,E31, "Treated on-site", "cubic metres m3")} -> 0 | H31: {=Common_InputFunctions.Utility_LookupValueInTableNumber(E31,Table_SourceData_WasteSolid_VolumeToMassConversion[Waste type w],Table_SourceData_WasteSolid_VolumeToMassConversion[VTMw])} -> 0.39 | I31: {=WasteSolid_Equations.VEERG_10_1_1_1__2_MassOfWasteFromVolume(G31,H31)} -> 0
D32: Incineration | E32: Food waste, green waste, wood, sludge | G32: {=WasteSolid_InputFunctions.WasteSolid_InputFunctions_SumWasteTreatment(Table_Input_SolidWaste[Treatment type (select)],Table_Input_SolidWaste[Waste type (select)],Table_Input_SolidWaste[Treatment location (select)],Table_Input_SolidWaste[Amount unit (select)],Table_Input_SolidWaste[Amount],D32,E32, "Treated on-site", "cubic metres m3")} -> 0 | H32: {=Common_InputFunctions.Utility_LookupValueInTableNumber(E32,Table_SourceData_WasteSolid_VolumeToMassConversion[Waste type w],Table_SourceData_WasteSolid_VolumeToMassConversion[VTMw])} -> 0 | I32: {=WasteSolid_Equations.VEERG_10_1_1_1__2_MassOfWasteFromVolume(G32,H32)} -> 0
D33: Incineration | E33: Paper and cardboard | G33: {=WasteSolid_InputFunctions.WasteSolid_InputFunctions_SumWasteTreatment(Table_Input_SolidWaste[Treatment type (select)],Table_Input_SolidWaste[Waste type (select)],Table_Input_SolidWaste[Treatment location (select)],Table_Input_SolidWaste[Amount unit (select)],Table_Input_SolidWaste[Amount],D33,E33, "Treated on-site", "cubic metres m3")} -> 0 | H33: {=Common_InputFunctions.Utility_LookupValueInTableNumber(E33,Table_SourceData_WasteSolid_VolumeToMassConversion[Waste type w],Table_SourceData_WasteSolid_VolumeToMassConversion[VTMw])} -> 0.09 | I33: {=WasteSolid_Equations.VEERG_10_1_1_1__2_MassOfWasteFromVolume(G33,H33)} -> 0
... D40: Anaerobic digestion | E40: All organic waste | G40: {=WasteSolid_InputFunctions.WasteSolid_InputFunctions_SumWasteTreatment(Table_Input_SolidWaste[Treatment type (select)],Table_Input_SolidWaste[Waste type (select)],Table_Input_SolidWaste[Treatment location (select)],Table_Input_SolidWaste[Amount unit (select)],Table_Input_SolidWaste[Amount],D40,E40, "Treated on-site", "cubic metres m3")} -> 0 | H40: {=Common_InputFunctions.Utility_LookupValueInTableNumber(E40,Table_SourceData_WasteSolid_VolumeToMassConversion[Waste type w],Table_SourceData_WasteSolid_VolumeToMassConversion[VTMw])} -> 0 | I40: {=WasteSolid_Equations.VEERG_10_1_1_1__2_MassOfWasteFromVolume(G40,H40)} -> 0
D42: Table_V_w_t_offsite
D43: Volume of solid waste sent offsite for treatment by third party (scope 3)
D44: Treatment | E44: Waste type | G44: Vwt | H44: VTMw | I44: Qwt
D45: {=Table_SourceData_WasteSolid_WasteTreatmentEFs[Treatment type t]} -> Landfill | E45: {=Table_SourceData_WasteSolid_WasteTreatmentEFs[Waste type w]} -> Food waste (including animal carcasses, spoiled animal feed or crop) | G45: {=WasteSolid_InputFunctions.WasteSolid_InputFunctions_SumWasteTreatment(Table_Input_SolidWaste[Treatment type (select)],Table_Input_SolidWaste[Waste type (select)],Table_Input_SolidWaste[Treatment location (select)],Table_Input_SolidWaste[Amount unit (select)],Table_Input_SolidWaste[Amount],D45,E45, "Removed and treated off-site", "cubic metres m3")} -> 100 | H45: {=Common_InputFunctions.Utility_LookupValueInTableNumber(E45,Table_SourceData_WasteSolid_VolumeToMassConversion[Waste type w],Table_SourceData_WasteSolid_VolumeToMassConversion[VTMw])} -> 0.5 | I45: {=WasteSolid_Equations.VEERG_10_1_1_1__2_MassOfWasteFromVolume(G45,H45)} -> 50
D46: Landfill | E46: Paper and cardboard | G46: {=WasteSolid_InputFunctions.WasteSolid_InputFunctions_SumWasteTreatment(Table_Input_SolidWaste[Treatment type (select)],Table_Input_SolidWaste[Waste type (select)],Table_Input_SolidWaste[Treatment location (select)],Table_Input_SolidWaste[Amount unit (select)],Table_Input_SolidWaste[Amount],D46,E46, "Removed and treated off-site", "cubic metres m3")} -> 0 | H46: {=Common_InputFunctions.Utility_LookupValueInTableNumber(E46,Table_SourceData_WasteSolid_VolumeToMassConversion[Waste type w],Table_SourceData_WasteSolid_VolumeToMassConversion[VTMw])} -> 0.09 | I46: {=WasteSolid_Equations.VEERG_10_1_1_1__2_MassOfWasteFromVolume(G46,H46)} -> 0
D47: Landfill | E47: Green waste (including crop residues or prunnings) | G47: {=WasteSolid_InputFunctions.WasteSolid_InputFunctions_SumWasteTreatment(Table_Input_SolidWaste[Treatment type (select)],Table_Input_SolidWaste[Waste type (select)],Table_Input_SolidWaste[Treatment location (select)],Table_Input_SolidWaste[Amount unit (select)],Table_Input_SolidWaste[Amount],D47,E47, "Removed and treated off-site", "cubic metres m3")} -> 0 | H47: {=Common_InputFunctions.Utility_LookupValueInTableNumber(E47,Table_SourceData_WasteSolid_VolumeToMassConversion[Waste type w],Table_SourceData_WasteSolid_VolumeToMassConversion[VTMw])} -> 0 | I47: {=WasteSolid_Equations.VEERG_10_1_1_1__2_MassOfWasteFromVolume(G47,H47)} -> 0
D48: Landfill | E48: Wood | G48: {=WasteSolid_InputFunctions.WasteSolid_InputFunctions_SumWasteTreatment(Table_Input_SolidWaste[Treatment type (select)],Table_Input_SolidWaste[Waste type (select)],Table_Input_SolidWaste[Treatment location (select)],Table_Input_SolidWaste[Amount unit (select)],Table_Input_SolidWaste[Amount],D48,E48, "Removed and treated off-site", "cubic metres m3")} -> 0 | H48: {=Common_InputFunctions.Utility_LookupValueInTableNumber(E48,Table_SourceData_WasteSolid_VolumeToMassConversion[Waste type w],Table_SourceData_WasteSolid_VolumeToMassConversion[VTMw])} -> 0.15 | I48: {=WasteSolid_Equations.VEERG_10_1_1_1__2_MassOfWasteFromVolume(G48,H48)} -> 0
D49: Landfill | E49: Textiles | G49: {=WasteSolid_InputFunctions.WasteSolid_InputFunctions_SumWasteTreatment(Table_Input_SolidWaste[Treatment type (select)],Table_Input_SolidWaste[Waste type (select)],Table_Input_SolidWaste[Treatment location (select)],Table_Input_SolidWaste[Amount unit (select)],Table_Input_SolidWaste[Amount],D49,E49, "Removed and treated off-site", "cubic metres m3")} -> 50 | H49: {=Common_InputFunctions.Utility_LookupValueInTableNumber(E49,Table_SourceData_WasteSolid_VolumeToMassConversion[Waste type w],Table_SourceData_WasteSolid_VolumeToMassConversion[VTMw])} -> 0.14 | I49: {=WasteSolid_Equations.VEERG_10_1_1_1__2_MassOfWasteFromVolume(G49,H49)} -> 7
D50: Landfill | E50: Sludge | G50: {=WasteSolid_InputFunctions.WasteSolid_InputFunctions_SumWasteTreatment(Table_Input_SolidWaste[Treatment type (select)],Table_Input_SolidWaste[Waste type (select)],Table_Input_SolidWaste[Treatment location (select)],Table_Input_SolidWaste[Amount unit (select)],Table_Input_SolidWaste[Amount],D50,E50, "Removed and treated off-site", "cubic metres m3")} -> 0 | H50: {=Common_InputFunctions.Utility_LookupValueInTableNumber(E50,Table_SourceData_WasteSolid_VolumeToMassConversion[Waste type w],Table_SourceData_WasteSolid_VolumeToMassConversion[VTMw])} -> 0.72 | I50: {=WasteSolid_Equations.VEERG_10_1_1_1__2_MassOfWasteFromVolume(G50,H50)} -> 0
D51: Landfill | E51: Rubber and leather | G51: {=WasteSolid_InputFunctions.WasteSolid_InputFunctions_SumWasteTreatment(Table_Input_SolidWaste[Treatment type (select)],Table_Input_SolidWaste[Waste type (select)],Table_Input_SolidWaste[Treatment location (select)],Table_Input_SolidWaste[Amount unit (select)],Table_Input_SolidWaste[Amount],D51,E51, "Removed and treated off-site", "cubic metres m3")} -> 0 | H51: {=Common_InputFunctions.Utility_LookupValueInTableNumber(E51,Table_SourceData_WasteSolid_VolumeToMassConversion[Waste type w],Table_SourceData_WasteSolid_VolumeToMassConversion[VTMw])} -> 0.14 | I51: {=WasteSolid_Equations.VEERG_10_1_1_1__2_MassOfWasteFromVolume(G51,H51)} -> 0
D52: Landfill | E52: Inert waste (including concrete, metal, plastic or glass) | G52: {=WasteSolid_InputFunctions.WasteSolid_InputFunctions_SumWasteTreatment(Table_Input_SolidWaste[Treatment type (select)],Table_Input_SolidWaste[Waste type (select)],Table_Input_SolidWaste[Treatment location (select)],Table_Input_SolidWaste[Amount unit (select)],Table_Input_SolidWaste[Amount],D52,E52, "Removed and treated off-site", "cubic metres m3")} -> 0 | H52: {=Common_InputFunctions.Utility_LookupValueInTableNumber(E52,Table_SourceData_WasteSolid_VolumeToMassConversion[Waste type w],Table_SourceData_WasteSolid_VolumeToMassConversion[VTMw])} -> 0.42 | I52: {=WasteSolid_Equations.VEERG_10_1_1_1__2_MassOfWasteFromVolume(G52,H52)} -> 0
D53: Landfill | E53: Municipal solid waste | G53: {=WasteSolid_InputFunctions.WasteSolid_InputFunctions_SumWasteTreatment(Table_Input_SolidWaste[Treatment type (select)],Table_Input_SolidWaste[Waste type (select)],Table_Input_SolidWaste[Treatment location (select)],Table_Input_SolidWaste[Amount unit (select)],Table_Input_SolidWaste[Amount],D53,E53, "Removed and treated off-site", "cubic metres m3")} -> 0 | H53: {=Common_InputFunctions.Utility_LookupValueInTableNumber(E53,Table_SourceData_WasteSolid_VolumeToMassConversion[Waste type w],Table_SourceData_WasteSolid_VolumeToMassConversion[VTMw])} -> 0.36 | I53: {=WasteSolid_Equations.VEERG_10_1_1_1__2_MassOfWasteFromVolume(G53,H53)} -> 0
D54: Landfill | E54: Commercial and industrial waste | G54: {=WasteSolid_InputFunctions.WasteSolid_InputFunctions_SumWasteTreatment(Table_Input_SolidWaste[Treatment type (select)],Table_Input_SolidWaste[Waste type (select)],Table_Input_SolidWaste[Treatment location (select)],Table_Input_SolidWaste[Amount unit (select)],Table_Input_SolidWaste[Amount],D54,E54, "Removed and treated off-site", "cubic metres m3")} -> 0 | H54: {=Common_InputFunctions.Utility_LookupValueInTableNumber(E54,Table_SourceData_WasteSolid_VolumeToMassConversion[Waste type w],Table_SourceData_WasteSolid_VolumeToMassConversion[VTMw])} -> 0.33 | I54: {=WasteSolid_Equations.VEERG_10_1_1_1__2_MassOfWasteFromVolume(G54,H54)} -> 0
D55: Landfill | E55: Construction and demolition waste | G55: {=WasteSolid_InputFunctions.WasteSolid_InputFunctions_SumWasteTreatment(Table_Input_SolidWaste[Treatment type (select)],Table_Input_SolidWaste[Waste type (select)],Table_Input_SolidWaste[Treatment location (select)],Table_Input_SolidWaste[Amount unit (select)],Table_Input_SolidWaste[Amount],D55,E55, "Removed and treated off-site", "cubic metres m3")} -> 0 | H55: {=Common_InputFunctions.Utility_LookupValueInTableNumber(E55,Table_SourceData_WasteSolid_VolumeToMassConversion[Waste type w],Table_SourceData_WasteSolid_VolumeToMassConversion[VTMw])} -> 0.39 | I55: {=WasteSolid_Equations.VEERG_10_1_1_1__2_MassOfWasteFromVolume(G55,H55)} -> 0
D56: Incineration | E56: Food waste, green waste, wood, sludge | G56: {=WasteSolid_InputFunctions.WasteSolid_InputFunctions_SumWasteTreatment(Table_Input_SolidWaste[Treatment type (select)],Table_Input_SolidWaste[Waste type (select)],Table_Input_SolidWaste[Treatment location (select)],Table_Input_SolidWaste[Amount unit (select)],Table_Input_SolidWaste[Amount],D56,E56, "Removed and treated off-site", "cubic metres m3")} -> 0 | H56: {=Common_InputFunctions.Utility_LookupValueInTableNumber(E56,Table_SourceData_WasteSolid_VolumeToMassConversion[Waste type w],Table_SourceData_WasteSolid_VolumeToMassConversion[VTMw])} -> 0 | I56: {=WasteSolid_Equations.VEERG_10_1_1_1__2_MassOfWasteFromVolume(G56,H56)} -> 0
D57: Incineration | E57: Paper and cardboard | G57: {=WasteSolid_InputFunctions.WasteSolid_InputFunctions_SumWasteTreatment(Table_Input_SolidWaste[Treatment type (select)],Table_Input_SolidWaste[Waste type (select)],Table_Input_SolidWaste[Treatment location (select)],Table_Input_SolidWaste[Amount unit (select)],Table_Input_SolidWaste[Amount],D57,E57, "Removed and treated off-site", "cubic metres m3")} -> 100 | H57: {=Common_InputFunctions.Utility_LookupValueInTableNumber(E57,Table_SourceData_WasteSolid_VolumeToMassConversion[Waste type w],Table_SourceData_WasteSolid_VolumeToMassConversion[VTMw])} -> 0.09 | I57: {=WasteSolid_Equations.VEERG_10_1_1_1__2_MassOfWasteFromVolume(G57,H57)} -> 9
... D64: Anaerobic digestion | E64: All organic waste | G64: {=WasteSolid_InputFunctions.WasteSolid_InputFunctions_SumWasteTreatment(Table_Input_SolidWaste[Treatment type (select)],Table_Input_SolidWaste[Waste type (select)],Table_Input_SolidWaste[Treatment location (select)],Table_Input_SolidWaste[Amount unit (select)],Table_Input_SolidWaste[Amount],D64,E64, "Removed and treated off-site", "cubic metres m3")} -> 0 | H64: {=Common_InputFunctions.Utility_LookupValueInTableNumber(E64,Table_SourceData_WasteSolid_VolumeToMassConversion[Waste type w],Table_SourceData_WasteSolid_VolumeToMassConversion[VTMw])} -> 0 | I64: {=WasteSolid_Equations.VEERG_10_1_1_1__2_MassOfWasteFromVolume(G64,H64)} -> 0
A66: =HYPERLINK("#A1", "▲ Back to top") -> ▲ Back to top
D68: {=WasteSolid_Equations.VEERG_10_1_1_1__1_EmissionsFromWasteManagement_Title()} -> Emissions from waste management by greenhouse gas
D69: {=WasteSolid_Equations.VEERG_10_1_1_1__1_EmissionsFromWasteManagement_Source()} -> VEERG 2026: 10.1.1.1, Equation (1)
D70: {=WasteSolid_Equations.VEERG_10_1_1_1__1_EmissionsFromWasteManagement_Variation()} -> VARIATION ON SOURCE: Added Q_volwt and Q_masswt variables to clearly track input or calculated Q values
D71: Function name | E71: {=Common_InputFunctions.Utility_DisplayFunctionName(K88)} -> =WasteSolid_Equations.VEERG_10_1_1_1__1_EmissionsFromWasteManagement
D74: Variable | E74: {=WasteSolid_Equations.VEERG_10_1_1_1__1_EmissionsFromWasteManagement_Variable()} -> E_g
D75: Unit | E75: {=WasteSolid_Equations.VEERG_10_1_1_1__1_EmissionsFromWasteManagement_Unit()} -> t CO2e
D77: {=_xlfn.CHOOSECOLS(WasteSolid_Equations.VEERG_10_1_1_1__1_EmissionsFromWasteManagement_Arguments(),1,2)} -> Q_wt | E77: quantity of solid waste of type w being sent to treatment facility t, on a wet weight basis | H77: {=_xlfn.CHOOSECOLS(WasteSolid_Equations.VEERG_10_1_1_1__1_EmissionsFromWasteManagement_Arguments(),3,4)} -> t | I77: Sum of Q_volwt and Q_masswt
D78: EF_wtg | E78: emission factor for greenhouse gas g for the management of waste at treatment facility t | H78: t CO2e/t | I78: Constant
D79: w | E79: waste type | I79: Input
D80: t | E80: treatment facility | I80: Input
D81: g | E81: greenhouse gas | I81: Input
D82: Q_volwt | E82: quantity of sold waste input as volume and converted to tonnes | H82: tonnes | I82: Calculated from 10.1.1.1 (2)
D83: Q_masswt | E83: quantity of solid waste input as mass | H83: tonnes | I83: Input
D85: Table_E_g_onsite
D86: Emissions from waste management of waste treated on-site (scope 1)
D87: Treatment | E87: Waste type | G87: Qmasswt | H87: Qvolwt | I87: Qwt | J87: EFwtg | K87: Eg
D88: {=Table_SourceData_WasteSolid_WasteTreatmentEFs[Treatment type t]} -> Landfill | E88: {=Table_SourceData_WasteSolid_WasteTreatmentEFs[Waste type w]} -> Food waste (including animal carcasses, spoiled animal feed or crop) | G88: {=WasteSolid_InputFunctions.WasteSolid_InputFunctions_SumWasteTreatment(Table_Input_SolidWaste[Treatment type (select)],Table_Input_SolidWaste[Waste type (select)],Table_Input_SolidWaste[Treatment location (select)],Table_Input_SolidWaste[Amount unit (select)],Table_Input_SolidWaste[Amount],D21,E21, "Treated on-site", "tonnes")} -> 0 | H88: =I21 -> 0 | I88: =G88+H88 -> 0 | J88: {=Common_InputFunctions.Utility_LookupValueInTableTwoColumns(D88,E88,Table_SourceData_WasteSolid_WasteTreatmentEFs[Treatment type t],Table_SourceData_WasteSolid_WasteTreatmentEFs[Waste type w],Table_SourceData_WasteSolid_WasteTreatmentEFs[EFwt])} -> 2.1 | K88: {=WasteSolid_Equations.VEERG_10_1_1_1__1_EmissionsFromWasteManagement(I88, J88)} -> 0
D89: Landfill | E89: Paper and cardboard | G89: {=WasteSolid_InputFunctions.WasteSolid_InputFunctions_SumWasteTreatment(Table_Input_SolidWaste[Treatment type (select)],Table_Input_SolidWaste[Waste type (select)],Table_Input_SolidWaste[Treatment location (select)],Table_Input_SolidWaste[Amount unit (select)],Table_Input_SolidWaste[Amount],D22,E22, "Treated on-site", "tonnes")} -> 0 | H89: =I22 -> 0 | I89: =G89+H89 -> 0 | J89: {=Common_InputFunctions.Utility_LookupValueInTableTwoColumns(D89,E89,Table_SourceData_WasteSolid_WasteTreatmentEFs[Treatment type t],Table_SourceData_WasteSolid_WasteTreatmentEFs[Waste type w],Table_SourceData_WasteSolid_WasteTreatmentEFs[EFwt])} -> 3.3 | K89: {=WasteSolid_Equations.VEERG_10_1_1_1__1_EmissionsFromWasteManagement(I89, J89)} -> 0
D90: Landfill | E90: Green waste (including crop residues or prunnings) | G90: {=WasteSolid_InputFunctions.WasteSolid_InputFunctions_SumWasteTreatment(Table_Input_SolidWaste[Treatment type (select)],Table_Input_SolidWaste[Waste type (select)],Table_Input_SolidWaste[Treatment location (select)],Table_Input_SolidWaste[Amount unit (select)],Table_Input_SolidWaste[Amount],D23,E23, "Treated on-site", "tonnes")} -> 0 | H90: =I23 -> 0 | I90: =G90+H90 -> 0 | J90: {=Common_InputFunctions.Utility_LookupValueInTableTwoColumns(D90,E90,Table_SourceData_WasteSolid_WasteTreatmentEFs[Treatment type t],Table_SourceData_WasteSolid_WasteTreatmentEFs[Waste type w],Table_SourceData_WasteSolid_WasteTreatmentEFs[EFwt])} -> 1.6 | K90: {=WasteSolid_Equations.VEERG_10_1_1_1__1_EmissionsFromWasteManagement(I90, J90)} -> 0
D91: Landfill | E91: Wood | G91: {=WasteSolid_InputFunctions.WasteSolid_InputFunctions_SumWasteTreatment(Table_Input_SolidWaste[Treatment type (select)],Table_Input_SolidWaste[Waste type (select)],Table_Input_SolidWaste[Treatment location (select)],Table_Input_SolidWaste[Amount unit (select)],Table_Input_SolidWaste[Amount],D24,E24, "Treated on-site", "tonnes")} -> 0 | H91: =I24 -> 0 | I91: =G91+H91 -> 0 | J91: {=Common_InputFunctions.Utility_LookupValueInTableTwoColumns(D91,E91,Table_SourceData_WasteSolid_WasteTreatmentEFs[Treatment type t],Table_SourceData_WasteSolid_WasteTreatmentEFs[Waste type w],Table_SourceData_WasteSolid_WasteTreatmentEFs[EFwt])} -> 0.7 | K91: {=WasteSolid_Equations.VEERG_10_1_1_1__1_EmissionsFromWasteManagement(I91, J91)} -> 0
D92: Landfill | E92: Textiles | G92: {=WasteSolid_InputFunctions.WasteSolid_InputFunctions_SumWasteTreatment(Table_Input_SolidWaste[Treatment type (select)],Table_Input_SolidWaste[Waste type (select)],Table_Input_SolidWaste[Treatment location (select)],Table_Input_SolidWaste[Amount unit (select)],Table_Input_SolidWaste[Amount],D25,E25, "Treated on-site", "tonnes")} -> 0 | H92: =I25 -> 0 | I92: =G92+H92 -> 0 | J92: {=Common_InputFunctions.Utility_LookupValueInTableTwoColumns(D92,E92,Table_SourceData_WasteSolid_WasteTreatmentEFs[Treatment type t],Table_SourceData_WasteSolid_WasteTreatmentEFs[Waste type w],Table_SourceData_WasteSolid_WasteTreatmentEFs[EFwt])} -> 2 | K92: {=WasteSolid_Equations.VEERG_10_1_1_1__1_EmissionsFromWasteManagement(I92, J92)} -> 0
D93: Landfill | E93: Sludge | G93: {=WasteSolid_InputFunctions.WasteSolid_InputFunctions_SumWasteTreatment(Table_Input_SolidWaste[Treatment type (select)],Table_Input_SolidWaste[Waste type (select)],Table_Input_SolidWaste[Treatment location (select)],Table_Input_SolidWaste[Amount unit (select)],Table_Input_SolidWaste[Amount],D26,E26, "Treated on-site", "tonnes")} -> 0 | H93: =I26 -> 0 | I93: =G93+H93 -> 0 | J93: {=Common_InputFunctions.Utility_LookupValueInTableTwoColumns(D93,E93,Table_SourceData_WasteSolid_WasteTreatmentEFs[Treatment type t],Table_SourceData_WasteSolid_WasteTreatmentEFs[Waste type w],Table_SourceData_WasteSolid_WasteTreatmentEFs[EFwt])} -> 0.4 | K93: {=WasteSolid_Equations.VEERG_10_1_1_1__1_EmissionsFromWasteManagement(I93, J93)} -> 0
D94: Landfill | E94: Rubber and leather | G94: {=WasteSolid_InputFunctions.WasteSolid_InputFunctions_SumWasteTreatment(Table_Input_SolidWaste[Treatment type (select)],Table_Input_SolidWaste[Waste type (select)],Table_Input_SolidWaste[Treatment location (select)],Table_Input_SolidWaste[Amount unit (select)],Table_Input_SolidWaste[Amount],D27,E27, "Treated on-site", "tonnes")} -> 0 | H94: =I27 -> 0 | I94: =G94+H94 -> 0 | J94: {=Common_InputFunctions.Utility_LookupValueInTableTwoColumns(D94,E94,Table_SourceData_WasteSolid_WasteTreatmentEFs[Treatment type t],Table_SourceData_WasteSolid_WasteTreatmentEFs[Waste type w],Table_SourceData_WasteSolid_WasteTreatmentEFs[EFwt])} -> 3.3 | K94: {=WasteSolid_Equations.VEERG_10_1_1_1__1_EmissionsFromWasteManagement(I94, J94)} -> 0
D95: Landfill | E95: Inert waste (including concrete, metal, plastic or glass) | G95: {=WasteSolid_InputFunctions.WasteSolid_InputFunctions_SumWasteTreatment(Table_Input_SolidWaste[Treatment type (select)],Table_Input_SolidWaste[Waste type (select)],Table_Input_SolidWaste[Treatment location (select)],Table_Input_SolidWaste[Amount unit (select)],Table_Input_SolidWaste[Amount],D28,E28, "Treated on-site", "tonnes")} -> 0 | H95: =I28 -> 0 | I95: =G95+H95 -> 0 | J95: {=Common_InputFunctions.Utility_LookupValueInTableTwoColumns(D95,E95,Table_SourceData_WasteSolid_WasteTreatmentEFs[Treatment type t],Table_SourceData_WasteSolid_WasteTreatmentEFs[Waste type w],Table_SourceData_WasteSolid_WasteTreatmentEFs[EFwt])} -> 0 | K95: {=WasteSolid_Equations.VEERG_10_1_1_1__1_EmissionsFromWasteManagement(I95, J95)} -> 0
D96: Landfill | E96: Municipal solid waste | G96: {=WasteSolid_InputFunctions.WasteSolid_InputFunctions_SumWasteTreatment(Table_Input_SolidWaste[Treatment type (select)],Table_Input_SolidWaste[Waste type (select)],Table_Input_SolidWaste[Treatment location (select)],Table_Input_SolidWaste[Amount unit (select)],Table_Input_SolidWaste[Amount],D29,E29, "Treated on-site", "tonnes")} -> 0 | H96: =I29 -> 0 | I96: =G96+H96 -> 0 | J96: {=Common_InputFunctions.Utility_LookupValueInTableTwoColumns(D96,E96,Table_SourceData_WasteSolid_WasteTreatmentEFs[Treatment type t],Table_SourceData_WasteSolid_WasteTreatmentEFs[Waste type w],Table_SourceData_WasteSolid_WasteTreatmentEFs[EFwt])} -> 1.6 | K96: {=WasteSolid_Equations.VEERG_10_1_1_1__1_EmissionsFromWasteManagement(I96, J96)} -> 0
D97: Landfill | E97: Commercial and industrial waste | G97: {=WasteSolid_InputFunctions.WasteSolid_InputFunctions_SumWasteTreatment(Table_Input_SolidWaste[Treatment type (select)],Table_Input_SolidWaste[Waste type (select)],Table_Input_SolidWaste[Treatment location (select)],Table_Input_SolidWaste[Amount unit (select)],Table_Input_SolidWaste[Amount],D30,E30, "Treated on-site", "tonnes")} -> 0 | H97: =I30 -> 0 | I97: =G97+H97 -> 0 | J97: {=Common_InputFunctions.Utility_LookupValueInTableTwoColumns(D97,E97,Table_SourceData_WasteSolid_WasteTreatmentEFs[Treatment type t],Table_SourceData_WasteSolid_WasteTreatmentEFs[Waste type w],Table_SourceData_WasteSolid_WasteTreatmentEFs[EFwt])} -> 1.3 | K97: {=WasteSolid_Equations.VEERG_10_1_1_1__1_EmissionsFromWasteManagement(I97, J97)} -> 0
D98: Landfill | E98: Construction and demolition waste | G98: {=WasteSolid_InputFunctions.WasteSolid_InputFunctions_SumWasteTreatment(Table_Input_SolidWaste[Treatment type (select)],Table_Input_SolidWaste[Waste type (select)],Table_Input_SolidWaste[Treatment location (select)],Table_Input_SolidWaste[Amount unit (select)],Table_Input_SolidWaste[Amount],D31,E31, "Treated on-site", "tonnes")} -> 0 | H98: =I31 -> 0 | I98: =G98+H98 -> 0 | J98: {=Common_InputFunctions.Utility_LookupValueInTableTwoColumns(D98,E98,Table_SourceData_WasteSolid_WasteTreatmentEFs[Treatment type t],Table_SourceData_WasteSolid_WasteTreatmentEFs[Waste type w],Table_SourceData_WasteSolid_WasteTreatmentEFs[EFwt])} -> 0.2 | K98: {=WasteSolid_Equations.VEERG_10_1_1_1__1_EmissionsFromWasteManagement(I98, J98)} -> 0
D99: Incineration | E99: Food waste, green waste, wood, sludge | G99: {=WasteSolid_InputFunctions.WasteSolid_InputFunctions_SumWasteTreatment(Table_Input_SolidWaste[Treatment type (select)],Table_Input_SolidWaste[Waste type (select)],Table_Input_SolidWaste[Treatment location (select)],Table_Input_SolidWaste[Amount unit (select)],Table_Input_SolidWaste[Amount],D32,E32, "Treated on-site", "tonnes")} -> 0 | H99: =I32 -> 0 | I99: =G99+H99 -> 0 | J99: {=Common_InputFunctions.Utility_LookupValueInTableTwoColumns(D99,E99,Table_SourceData_WasteSolid_WasteTreatmentEFs[Treatment type t],Table_SourceData_WasteSolid_WasteTreatmentEFs[Waste type w],Table_SourceData_WasteSolid_WasteTreatmentEFs[EFwt])} -> 0 | K99: {=WasteSolid_Equations.VEERG_10_1_1_1__1_EmissionsFromWasteManagement(I99, J99)} -> 0
D100: Incineration | E100: Paper and cardboard | G100: {=WasteSolid_InputFunctions.WasteSolid_InputFunctions_SumWasteTreatment(Table_Input_SolidWaste[Treatment type (select)],Table_Input_SolidWaste[Waste type (select)],Table_Input_SolidWaste[Treatment location (select)],Table_Input_SolidWaste[Amount unit (select)],Table_Input_SolidWaste[Amount],D33,E33, "Treated on-site", "tonnes")} -> 0 | H100: =I33 -> 0 | I100: =G100+H100 -> 0 | J100: {=Common_InputFunctions.Utility_LookupValueInTableTwoColumns(D100,E100,Table_SourceData_WasteSolid_WasteTreatmentEFs[Treatment type t],Table_SourceData_WasteSolid_WasteTreatmentEFs[Waste type w],Table_SourceData_WasteSolid_WasteTreatmentEFs[EFwt])} -> 0.0169 | K100: {=WasteSolid_Equations.VEERG_10_1_1_1__1_EmissionsFromWasteManagement(I100, J100)} -> 0
... D107: Anaerobic digestion | E107: All organic waste | G107: {=WasteSolid_InputFunctions.WasteSolid_InputFunctions_SumWasteTreatment(Table_Input_SolidWaste[Treatment type (select)],Table_Input_SolidWaste[Waste type (select)],Table_Input_SolidWaste[Treatment location (select)],Table_Input_SolidWaste[Amount unit (select)],Table_Input_SolidWaste[Amount],D40,E40, "Treated on-site", "tonnes")} -> 0 | H107: =I40 -> 0 | I107: =G107+H107 -> 0 | J107: {=Common_InputFunctions.Utility_LookupValueInTableTwoColumns(D107,E107,Table_SourceData_WasteSolid_WasteTreatmentEFs[Treatment type t],Table_SourceData_WasteSolid_WasteTreatmentEFs[Waste type w],Table_SourceData_WasteSolid_WasteTreatmentEFs[EFwt])} -> 0.028 | K107: {=WasteSolid_Equations.VEERG_10_1_1_1__1_EmissionsFromWasteManagement(I107, J107)} -> 0
A109: =HYPERLINK("#A1", "▲ Back to top") -> ▲ Back to top | D109: Eg | E109: =SUM(K88:K107) -> 0 | F109: =$E$75 -> t CO2e
D112: Table_E_g_offsite
D113: Emissions from waste management of waste taken off-site (scope 3)
D114: Treatment | E114: Waste type | G114: Qmasswt | H114: Qvolwt | I114: Qwt | J114: EFwtg | K114: Eg
D115: {=Table_SourceData_WasteSolid_WasteTreatmentEFs[Treatment type t]} -> Landfill | E115: {=Table_SourceData_WasteSolid_WasteTreatmentEFs[Waste type w]} -> Food waste (including animal carcasses, spoiled animal feed or crop) | G115: {=WasteSolid_InputFunctions.WasteSolid_InputFunctions_SumWasteTreatment(Table_Input_SolidWaste[Treatment type (select)],Table_Input_SolidWaste[Waste type (select)],Table_Input_SolidWaste[Treatment location (select)],Table_Input_SolidWaste[Amount unit (select)],Table_Input_SolidWaste[Amount],D21,E21, "Removed and treated off-site", "tonnes")} -> 100 | H115: =I45 -> 50 | I115: =G115+H115 -> 150 | J115: {=Common_InputFunctions.Utility_LookupValueInTableTwoColumns(D115,E115,Table_SourceData_WasteSolid_WasteTreatmentEFs[Treatment type t],Table_SourceData_WasteSolid_WasteTreatmentEFs[Waste type w],Table_SourceData_WasteSolid_WasteTreatmentEFs[EFwt])} -> 2.1 | K115: {=WasteSolid_Equations.VEERG_10_1_1_1__1_EmissionsFromWasteManagement(I115, J115)} -> 315
D116: Landfill | E116: Paper and cardboard | G116: {=WasteSolid_InputFunctions.WasteSolid_InputFunctions_SumWasteTreatment(Table_Input_SolidWaste[Treatment type (select)],Table_Input_SolidWaste[Waste type (select)],Table_Input_SolidWaste[Treatment location (select)],Table_Input_SolidWaste[Amount unit (select)],Table_Input_SolidWaste[Amount],D22,E22, "Removed and treated off-site", "tonnes")} -> 0 | H116: =I46 -> 0 | I116: =G116+H116 -> 0 | J116: {=Common_InputFunctions.Utility_LookupValueInTableTwoColumns(D116,E116,Table_SourceData_WasteSolid_WasteTreatmentEFs[Treatment type t],Table_SourceData_WasteSolid_WasteTreatmentEFs[Waste type w],Table_SourceData_WasteSolid_WasteTreatmentEFs[EFwt])} -> 3.3 | K116: {=WasteSolid_Equations.VEERG_10_1_1_1__1_EmissionsFromWasteManagement(I116, J116)} -> 0
D117: Landfill | E117: Green waste (including crop residues or prunnings) | G117: {=WasteSolid_InputFunctions.WasteSolid_InputFunctions_SumWasteTreatment(Table_Input_SolidWaste[Treatment type (select)],Table_Input_SolidWaste[Waste type (select)],Table_Input_SolidWaste[Treatment location (select)],Table_Input_SolidWaste[Amount unit (select)],Table_Input_SolidWaste[Amount],D23,E23, "Removed and treated off-site", "tonnes")} -> 0 | H117: =I47 -> 0 | I117: =G117+H117 -> 0 | J117: {=Common_InputFunctions.Utility_LookupValueInTableTwoColumns(D117,E117,Table_SourceData_WasteSolid_WasteTreatmentEFs[Treatment type t],Table_SourceData_WasteSolid_WasteTreatmentEFs[Waste type w],Table_SourceData_WasteSolid_WasteTreatmentEFs[EFwt])} -> 1.6 | K117: {=WasteSolid_Equations.VEERG_10_1_1_1__1_EmissionsFromWasteManagement(I117, J117)} -> 0
D118: Landfill | E118: Wood | G118: {=WasteSolid_InputFunctions.WasteSolid_InputFunctions_SumWasteTreatment(Table_Input_SolidWaste[Treatment type (select)],Table_Input_SolidWaste[Waste type (select)],Table_Input_SolidWaste[Treatment location (select)],Table_Input_SolidWaste[Amount unit (select)],Table_Input_SolidWaste[Amount],D24,E24, "Removed and treated off-site", "tonnes")} -> 0 | H118: =I48 -> 0 | I118: =G118+H118 -> 0 | J118: {=Common_InputFunctions.Utility_LookupValueInTableTwoColumns(D118,E118,Table_SourceData_WasteSolid_WasteTreatmentEFs[Treatment type t],Table_SourceData_WasteSolid_WasteTreatmentEFs[Waste type w],Table_SourceData_WasteSolid_WasteTreatmentEFs[EFwt])} -> 0.7 | K118: {=WasteSolid_Equations.VEERG_10_1_1_1__1_EmissionsFromWasteManagement(I118, J118)} -> 0
D119: Landfill | E119: Textiles | G119: {=WasteSolid_InputFunctions.WasteSolid_InputFunctions_SumWasteTreatment(Table_Input_SolidWaste[Treatment type (select)],Table_Input_SolidWaste[Waste type (select)],Table_Input_SolidWaste[Treatment location (select)],Table_Input_SolidWaste[Amount unit (select)],Table_Input_SolidWaste[Amount],D25,E25, "Removed and treated off-site", "tonnes")} -> 0 | H119: =I49 -> 7 | I119: =G119+H119 -> 7 | J119: {=Common_InputFunctions.Utility_LookupValueInTableTwoColumns(D119,E119,Table_SourceData_WasteSolid_WasteTreatmentEFs[Treatment type t],Table_SourceData_WasteSolid_WasteTreatmentEFs[Waste type w],Table_SourceData_WasteSolid_WasteTreatmentEFs[EFwt])} -> 2 | K119: {=WasteSolid_Equations.VEERG_10_1_1_1__1_EmissionsFromWasteManagement(I119, J119)} -> 14
D120: Landfill | E120: Sludge | G120: {=WasteSolid_InputFunctions.WasteSolid_InputFunctions_SumWasteTreatment(Table_Input_SolidWaste[Treatment type (select)],Table_Input_SolidWaste[Waste type (select)],Table_Input_SolidWaste[Treatment location (select)],Table_Input_SolidWaste[Amount unit (select)],Table_Input_SolidWaste[Amount],D26,E26, "Removed and treated off-site", "tonnes")} -> 0 | H120: =I50 -> 0 | I120: =G120+H120 -> 0 | J120: {=Common_InputFunctions.Utility_LookupValueInTableTwoColumns(D120,E120,Table_SourceData_WasteSolid_WasteTreatmentEFs[Treatment type t],Table_SourceData_WasteSolid_WasteTreatmentEFs[Waste type w],Table_SourceData_WasteSolid_WasteTreatmentEFs[EFwt])} -> 0.4 | K120: {=WasteSolid_Equations.VEERG_10_1_1_1__1_EmissionsFromWasteManagement(I120, J120)} -> 0
D121: Landfill | E121: Rubber and leather | G121: {=WasteSolid_InputFunctions.WasteSolid_InputFunctions_SumWasteTreatment(Table_Input_SolidWaste[Treatment type (select)],Table_Input_SolidWaste[Waste type (select)],Table_Input_SolidWaste[Treatment location (select)],Table_Input_SolidWaste[Amount unit (select)],Table_Input_SolidWaste[Amount],D27,E27, "Removed and treated off-site", "tonnes")} -> 0 | H121: =I51 -> 0 | I121: =G121+H121 -> 0 | J121: {=Common_InputFunctions.Utility_LookupValueInTableTwoColumns(D121,E121,Table_SourceData_WasteSolid_WasteTreatmentEFs[Treatment type t],Table_SourceData_WasteSolid_WasteTreatmentEFs[Waste type w],Table_SourceData_WasteSolid_WasteTreatmentEFs[EFwt])} -> 3.3 | K121: {=WasteSolid_Equations.VEERG_10_1_1_1__1_EmissionsFromWasteManagement(I121, J121)} -> 0
D122: Landfill | E122: Inert waste (including concrete, metal, plastic or glass) | G122: {=WasteSolid_InputFunctions.WasteSolid_InputFunctions_SumWasteTreatment(Table_Input_SolidWaste[Treatment type (select)],Table_Input_SolidWaste[Waste type (select)],Table_Input_SolidWaste[Treatment location (select)],Table_Input_SolidWaste[Amount unit (select)],Table_Input_SolidWaste[Amount],D28,E28, "Removed and treated off-site", "tonnes")} -> 0 | H122: =I52 -> 0 | I122: =G122+H122 -> 0 | J122: {=Common_InputFunctions.Utility_LookupValueInTableTwoColumns(D122,E122,Table_SourceData_WasteSolid_WasteTreatmentEFs[Treatment type t],Table_SourceData_WasteSolid_WasteTreatmentEFs[Waste type w],Table_SourceData_WasteSolid_WasteTreatmentEFs[EFwt])} -> 0 | K122: {=WasteSolid_Equations.VEERG_10_1_1_1__1_EmissionsFromWasteManagement(I122, J122)} -> 0
D123: Landfill | E123: Municipal solid waste | G123: {=WasteSolid_InputFunctions.WasteSolid_InputFunctions_SumWasteTreatment(Table_Input_SolidWaste[Treatment type (select)],Table_Input_SolidWaste[Waste type (select)],Table_Input_SolidWaste[Treatment location (select)],Table_Input_SolidWaste[Amount unit (select)],Table_Input_SolidWaste[Amount],D29,E29, "Removed and treated off-site", "tonnes")} -> 0 | H123: =I53 -> 0 | I123: =G123+H123 -> 0 | J123: {=Common_InputFunctions.Utility_LookupValueInTableTwoColumns(D123,E123,Table_SourceData_WasteSolid_WasteTreatmentEFs[Treatment type t],Table_SourceData_WasteSolid_WasteTreatmentEFs[Waste type w],Table_SourceData_WasteSolid_WasteTreatmentEFs[EFwt])} -> 1.6 | K123: {=WasteSolid_Equations.VEERG_10_1_1_1__1_EmissionsFromWasteManagement(I123, J123)} -> 0
D124: Landfill | E124: Commercial and industrial waste | G124: {=WasteSolid_InputFunctions.WasteSolid_InputFunctions_SumWasteTreatment(Table_Input_SolidWaste[Treatment type (select)],Table_Input_SolidWaste[Waste type (select)],Table_Input_SolidWaste[Treatment location (select)],Table_Input_SolidWaste[Amount unit (select)],Table_Input_SolidWaste[Amount],D30,E30, "Removed and treated off-site", "tonnes")} -> 0 | H124: =I54 -> 0 | I124: =G124+H124 -> 0 | J124: {=Common_InputFunctions.Utility_LookupValueInTableTwoColumns(D124,E124,Table_SourceData_WasteSolid_WasteTreatmentEFs[Treatment type t],Table_SourceData_WasteSolid_WasteTreatmentEFs[Waste type w],Table_SourceData_WasteSolid_WasteTreatmentEFs[EFwt])} -> 1.3 | K124: {=WasteSolid_Equations.VEERG_10_1_1_1__1_EmissionsFromWasteManagement(I124, J124)} -> 0
D125: Landfill | E125: Construction and demolition waste | G125: {=WasteSolid_InputFunctions.WasteSolid_InputFunctions_SumWasteTreatment(Table_Input_SolidWaste[Treatment type (select)],Table_Input_SolidWaste[Waste type (select)],Table_Input_SolidWaste[Treatment location (select)],Table_Input_SolidWaste[Amount unit (select)],Table_Input_SolidWaste[Amount],D31,E31, "Removed and treated off-site", "tonnes")} -> 0 | H125: =I55 -> 0 | I125: =G125+H125 -> 0 | J125: {=Common_InputFunctions.Utility_LookupValueInTableTwoColumns(D125,E125,Table_SourceData_WasteSolid_WasteTreatmentEFs[Treatment type t],Table_SourceData_WasteSolid_WasteTreatmentEFs[Waste type w],Table_SourceData_WasteSolid_WasteTreatmentEFs[EFwt])} -> 0.2 | K125: {=WasteSolid_Equations.VEERG_10_1_1_1__1_EmissionsFromWasteManagement(I125, J125)} -> 0
D126: Incineration | E126: Food waste, green waste, wood, sludge | G126: {=WasteSolid_InputFunctions.WasteSolid_InputFunctions_SumWasteTreatment(Table_Input_SolidWaste[Treatment type (select)],Table_Input_SolidWaste[Waste type (select)],Table_Input_SolidWaste[Treatment location (select)],Table_Input_SolidWaste[Amount unit (select)],Table_Input_SolidWaste[Amount],D32,E32, "Removed and treated off-site", "tonnes")} -> 0 | H126: =I56 -> 0 | I126: =G126+H126 -> 0 | J126: {=Common_InputFunctions.Utility_LookupValueInTableTwoColumns(D126,E126,Table_SourceData_WasteSolid_WasteTreatmentEFs[Treatment type t],Table_SourceData_WasteSolid_WasteTreatmentEFs[Waste type w],Table_SourceData_WasteSolid_WasteTreatmentEFs[EFwt])} -> 0 | K126: {=WasteSolid_Equations.VEERG_10_1_1_1__1_EmissionsFromWasteManagement(I126, J126)} -> 0
D127: Incineration | E127: Paper and cardboard | G127: {=WasteSolid_InputFunctions.WasteSolid_InputFunctions_SumWasteTreatment(Table_Input_SolidWaste[Treatment type (select)],Table_Input_SolidWaste[Waste type (select)],Table_Input_SolidWaste[Treatment location (select)],Table_Input_SolidWaste[Amount unit (select)],Table_Input_SolidWaste[Amount],D33,E33, "Removed and treated off-site", "tonnes")} -> 100 | H127: =I57 -> 9 | I127: =G127+H127 -> 109 | J127: {=Common_InputFunctions.Utility_LookupValueInTableTwoColumns(D127,E127,Table_SourceData_WasteSolid_WasteTreatmentEFs[Treatment type t],Table_SourceData_WasteSolid_WasteTreatmentEFs[Waste type w],Table_SourceData_WasteSolid_WasteTreatmentEFs[EFwt])} -> 0.0169 | K127: {=WasteSolid_Equations.VEERG_10_1_1_1__1_EmissionsFromWasteManagement(I127, J127)} -> 1.8421
... D134: Anaerobic digestion | E134: All organic waste | G134: {=WasteSolid_InputFunctions.WasteSolid_InputFunctions_SumWasteTreatment(Table_Input_SolidWaste[Treatment type (select)],Table_Input_SolidWaste[Waste type (select)],Table_Input_SolidWaste[Treatment location (select)],Table_Input_SolidWaste[Amount unit (select)],Table_Input_SolidWaste[Amount],D40,E40, "Removed and treated off-site", "tonnes")} -> 0 | H134: =I64 -> 0 | I134: =G134+H134 -> 0 | J134: {=Common_InputFunctions.Utility_LookupValueInTableTwoColumns(D134,E134,Table_SourceData_WasteSolid_WasteTreatmentEFs[Treatment type t],Table_SourceData_WasteSolid_WasteTreatmentEFs[Waste type w],Table_SourceData_WasteSolid_WasteTreatmentEFs[EFwt])} -> 0.028 | K134: {=WasteSolid_Equations.VEERG_10_1_1_1__1_EmissionsFromWasteManagement(I134, J134)} -> 0
A136: =HYPERLINK("#A1", "▲ Back to top") -> ▲ Back to top | D136: Eg | E136: =SUM(K115:K134) -> 330.8421 | F136: =$E$75 -> t CO2e

Sheet Calcs - Manure sent off-site
D5: {=Fertiliser_Equations_OrganicN2O.VEERG_5_2_1_1__1_OrganicFertiliserApplicationN2OEmissions_Title()} -> Nitrous oxide emissions from the application of all organic fertiliser types f to all production systems j
D6: {=Fertiliser_Equations_OrganicN2O.VEERG_5_2_1_1__1_OrganicFertiliserApplicationN2OEmissions_Source()} -> VEERG 2026: 5.2.1.1, Equation (1)
D7: Function name | E7: {=Common_InputFunctions.Utility_DisplayFunctionName(E19)} -> =Fertiliser_Equations_OrganicN2O.VEERG_5_2_1_1__1_OrganicFertiliserApplicationN2OEmissions
D10: Variable | E10: {=Fertiliser_Equations_OrganicN2O.VEERG_5_2_1_1__1_OrganicFertiliserApplicationN2OEmissions_Variable()} -> E_N2O
D11: Unit | E11: {=Fertiliser_Equations_OrganicN2O.VEERG_5_2_1_1__1_OrganicFertiliserApplicationN2OEmissions_Unit()} -> t N2O
D13: {=_xlfn.CHOOSECOLS(Fertiliser_Equations_OrganicN2O.VEERG_5_2_1_1__1_OrganicFertiliserApplicationN2OEmissions_Arguments(), 1, 2)} -> MNSoil_jf | E13: mass of nitrogen in organic fertiliser type f applied to production system j | H13: {=_xlfn.CHOOSECOLS(Fertiliser_Equations_OrganicN2O.VEERG_5_2_1_1__1_OrganicFertiliserApplicationN2OEmissions_Arguments(), 3,4)} -> kg N | I13: Calculated from 5.2.1.1 (2) | J13: ='Input - Waste sent off-site'!$F$10 -> 1000
D14: EF_N2Oi | E14: emission factor for direct nitrous oxide emissions from organic fertiliser applied to soils and aquatic systems in climate zone i | H14: kg N2O-N/kg N | I14: Lookup | J14: =Common_InputFunctions.Utility_LookupValueInTableNumber(J17, Table_SourceData_Common_EFOrganicFertCropResidues[Climate Zone],Table_SourceData_Common_EFOrganicFertCropResidues[EFNi & EFN2Oi]) -> 0.005
D15: C_N2O | E15: factor to convert elemental mass of nitrous oxide to molecular mass | I15: Constant | J15: =Common_InputFunctions.Utility_LookupValueInTableNumber("N2O",Table_GasToMolecularConversionFactor[Gas],Table_GasToMolecularConversionFactor[Conversion factor combined]) -> 1.5714286
D16: j | E16: Production system | I16: Input | J16: =X_Cell_WasteSentOffsite_ManureProductionSystem -> Crop
D17: i | E17: Wet or dry climate zone | I17: Input | J17: =X_Cell_Site_WetOrDryClimateZone -> Dry climate zone
D19: EN2O | E19: {=Fertiliser_Equations_OrganicN2O.VEERG_5_2_1_1__1_OrganicFertiliserApplicationN2OEmissions(J13,J14,J15)} -> 0.0078571429 | F19: =$E$11 -> t N2O
D24: {=Fertiliser_Equations_AtmosphericDeposition.VEERG_5_4_1_3__2_MassOfNitrogenVolatilisedFromOrganicFertiliser_Title()} -> Mass of nitrogen volatilised from organic fertiliser applied to production system
D25: {=Fertiliser_Equations_AtmosphericDeposition.VEERG_5_4_1_3__2_MassOfNitrogenVolatilisedFromOrganicFertiliser_Source()} -> VEERG 2026: 5.4.1.3, Equation (2)
D26: Function name | E26: {=Common_InputFunctions.Utility_DisplayFunctionName(E35)} -> =Fertiliser_Equations_AtmosphericDeposition.VEERG_5_4_1_3__2_MassOfNitrogenVolatilisedFromOrganicFertiliser
D29: Variable | E29: {=Fertiliser_Equations_AtmosphericDeposition.VEERG_5_4_1_3__2_MassOfNitrogenVolatilisedFromOrganicFertiliser_Variable()} -> M_volorganicjf
D30: Unit | E30: {=Fertiliser_Equations_AtmosphericDeposition.VEERG_5_4_1_3__2_MassOfNitrogenVolatilisedFromOrganicFertiliser_Unit()} -> kg N
D32: {=_xlfn.CHOOSECOLS(Fertiliser_Equations_AtmosphericDeposition.VEERG_5_4_1_3__2_MassOfNitrogenVolatilisedFromOrganicFertiliser_Arguments(), 1, 2)} -> MNSoil_jf | E32: mass of nitrogen in organic fertiliser type f applied to production system j | G32: {=_xlfn.CHOOSECOLS(Fertiliser_Equations_AtmosphericDeposition.VEERG_5_4_1_3__2_MassOfNitrogenVolatilisedFromOrganicFertiliser_Arguments(), 3,4)} -> kg N | H32: Calculated from 5.2.1.1 (2) | I32: ='Input - Waste sent off-site'!$F$10 -> 1000
D33: FracGASM_soil | E33: fraction of organic fertiliser N that volatilises | G33: (kg NH3-N + NOx-N)/kg N | H33: Constant | I33: ='Constants - Fertiliser'!$E$73 -> 0.21
D35: Mvol,inorganic,jf | E35: {=Fertiliser_Equations_AtmosphericDeposition.VEERG_5_4_1_3__2_MassOfNitrogenVolatilisedFromOrganicFertiliser(I32,I33)} -> 210 | F35: =E30 -> kg N
D40: {=Fertiliser_Equations_AtmosphericDeposition.VEERG_5_4_1_3__1_OrganicFertiliserAtmosphericDepositionN2OEmissions_Title()} -> Nitrous oxide emissions from atmospheric deposition of all organic fertiliser types f and all production systems j
D41: {=Fertiliser_Equations_AtmosphericDeposition.VEERG_5_4_1_3__1_OrganicFertiliserAtmosphericDepositionN2OEmissions_Source()} -> VEERG 2026: 5.4.1.3, Equation (1)
D42: Function name | E42: {=Common_InputFunctions.Utility_DisplayFunctionName(E55)} -> =Fertiliser_Equations_AtmosphericDeposition.VEERG_5_4_1_3__1_OrganicFertiliserAtmosphericDepositionN2OEmissions
D45: Variable | E45: {=Fertiliser_Equations_AtmosphericDeposition.VEERG_5_4_1_3__1_OrganicFertiliserAtmosphericDepositionN2OEmissions_Variable()} -> E_adorganic
D46: Unit | E46: {=Fertiliser_Equations_AtmosphericDeposition.VEERG_5_4_1_3__1_OrganicFertiliserAtmosphericDepositionN2OEmissions_Unit()} -> t N2O
D48: {=_xlfn.CHOOSECOLS(Fertiliser_Equations_AtmosphericDeposition.VEERG_5_4_1_3__1_OrganicFertiliserAtmosphericDepositionN2OEmissions_Arguments(), 1, 2)} -> M_volorganicjf | E48: mass of nitrogen volatilised from organic fertiliser applied to production system | G48: {=_xlfn.CHOOSECOLS(Fertiliser_Equations_AtmosphericDeposition.VEERG_5_4_1_3__1_OrganicFertiliserAtmosphericDepositionN2OEmissions_Arguments(), 3,4)} -> kg N | H48: Calculated from 5.4.1.3 (2) | I48: =E35 -> 210
D49: EF_N2Oj | E49: emission factor for atmospheric deposition in production system j | G49: kg N2O-N/kg N | H49: Constant | I49: =Common_InputFunctions.Utility_LookupN2OEFFromProdIrrigationRainfall(I51,I52,I53,Table_SourceData_Common_EFN2O[Production system only],Table_SourceData_Common_EFN2O[Irrigation method],Table_SourceData_Common_EFN2O[Rainfall zone],Table_SourceData_Common_EFN2O[EFN2O]) -> 0.007
D50: C_N2O | E50: factor to convert elemental mass of nitrous oxide to molecular mass | H50: Constant | I50: =Common_InputFunctions.Utility_LookupValueInTableNumber("N2O",Table_GasToMolecularConversionFactor[Gas],Table_GasToMolecularConversionFactor[Conversion factor combined]) -> 1.5714286
D51: j | E51: Production system | H51: Input | I51: =X_Cell_WasteSentOffsite_ManureProductionSystem -> Crop
D52: ir | E52: irrigation method | H52: Input | I52: =X_Cell_WasteSentOffsite_ManureIrrigationMethod -> Sprinkler irrigation
D53: r | E53: rainfall region | H53: Input | I53: =X_Cell_Site_RainfallZone -> Low rainfall
D55: Ead,inorganic | E55: {=Fertiliser_Equations_AtmosphericDeposition.VEERG_5_4_1_3__1_OrganicFertiliserAtmosphericDepositionN2OEmissions(I48,I49,I50)} -> 0.00231 | F55: =$E$46 -> t N2O
D59: {=Fertiliser_Equations_LeachingAndRunoff.VEERG_5_5_1_1__3_MassOfNitrogenLeachedFromOrganicFertiliser_Title()} -> Mass of nitrogen lost through leaching and runoff from organic fertiliser application in production system j
D60: {=Fertiliser_Equations_LeachingAndRunoff.VEERG_5_5_1_1__3_MassOfNitrogenLeachedFromOrganicFertiliser_Source()} -> VEERG 2026: 5.5, Equation (3)
D61: Function name | E61: {=Common_InputFunctions.Utility_DisplayFunctionName(E74)} -> =Fertiliser_Equations_LeachingAndRunoff.VEERG_5_5_1_1__3_MassOfNitrogenLeachedFromOrganicFertiliser
D64: Variable | E64: {=Fertiliser_Equations_LeachingAndRunoff.VEERG_5_5_1_1__3_MassOfNitrogenLeachedFromOrganicFertiliser_Variable()} -> M_leachorganicj
D65: Unit | E65: {=Fertiliser_Equations_LeachingAndRunoff.VEERG_5_5_1_1__3_MassOfNitrogenLeachedFromOrganicFertiliser_Unit()} -> kg N
D67: {=_xlfn.CHOOSECOLS(Fertiliser_Equations_LeachingAndRunoff.VEERG_5_5_1_1__3_MassOfNitrogenLeachedFromOrganicFertiliser_Arguments(), 1, 2)} -> MNSoil_jf | E67: mass of nitrogen in organic fertiliser | G67: {=_xlfn.CHOOSECOLS(Fertiliser_Equations_LeachingAndRunoff.VEERG_5_5_1_1__3_MassOfNitrogenLeachedFromOrganicFertiliser_Arguments(), 3,4)} -> kg N | H67: Calculated from 5.2.1.1 (2) | I67: ='Input - Waste sent off-site'!$F$10 -> 1000
D68: FracWETj | E68: fraction of N available for leaching and runoff | G68: fraction | H68: Constant | I68: =Common_InputFunctions.CommonCropping_GetFracWET(I70,I72,#REF!,#REF!,Table_SourceData_FracWETIrrigation[Irrigation type i],Table_SourceData_FracWETIrrigation[FracWET]) -> 1
D69: FracLEACH | E69: fraction of N that is lost through leaching and runoff | G69: fraction | H69: Constant | I69: ='Constants - Fertiliser'!$E$78 -> 0.24
D70: z | E70: location in leaching zone | H70: Input | I70: =X_Cell_Site_LeachingZone -> NO - Not in leaching zone
D71: j | E71: production system | H71: Input | I71: =X_Cell_WasteSentOffsite_ManureProductionSystem -> Crop
D72: ir | E72: irrigation method | H72: Input | I72: =X_Cell_WasteSentOffsite_ManureIrrigationMethod -> Sprinkler irrigation
D74: Mleach,inorganic,jf | E74: {=Fertiliser_Equations_LeachingAndRunoff.VEERG_5_5_1_1__3_MassOfNitrogenLeachedFromOrganicFertiliser(I67,I68,I69)} -> 240 | F74: =$E$65 -> kg N
D77: {=Fertiliser_Equations_LeachingAndRunoff.VEERG_5_5_1_1__1_FertiliserLeachingAndRunoffN2OEmissions_Title()} -> Nitrous oxide emissions from nitrogen leaching and runoff from the application of all fertilisers across all production systems j
D78: {=Fertiliser_Equations_LeachingAndRunoff.VEERG_5_5_1_1__1_FertiliserLeachingAndRunoffN2OEmissions_Source()} -> VEERG 2026: 5.5, Equation (1)
D79: Function name | E79: {=Common_InputFunctions.Utility_DisplayFunctionName(E90)} -> =Fertiliser_Equations_LeachingAndRunoff.VEERG_5_5_1_1__1_FertiliserLeachingAndRunoffN2OEmissions
D82: Variable | E82: {=Fertiliser_Equations_LeachingAndRunoff.VEERG_5_5_1_1__1_FertiliserLeachingAndRunoffN2OEmissions_Variable()} -> E_fertleach
D83: Unit | E83: {=Fertiliser_Equations_LeachingAndRunoff.VEERG_5_5_1_1__1_FertiliserLeachingAndRunoffN2OEmissions_Unit()} -> t N2O
D85: {=_xlfn.CHOOSECOLS(Fertiliser_Equations_LeachingAndRunoff.VEERG_5_5_1_1__1_FertiliserLeachingAndRunoffN2OEmissions_Arguments(), 1, 2)} -> M_leachinorganicj | E85: mass of nitrogen lost through leaching and runoff from inorganic fertiliser application in production system j | H85: {=_xlfn.CHOOSECOLS(Fertiliser_Equations_LeachingAndRunoff.VEERG_5_5_1_1__1_FertiliserLeachingAndRunoffN2OEmissions_Arguments(), 3,4)} -> kg N | I85: Calculated from 5.5.1.1 (2) | J85: 0
D86: M_leachorganicj | E86: mass of nitrogen lost through leaching and runoff from organic fertiliser application | H86: kg N | I86: Calculated from 5.5.1.1 (3) | J86: =E74 -> 240
D87: EF_leach | E87: emission factor for nitrogen leaching and runoff | H87: kg N2O-N/kg N | I87: Constant | J87: ='Constants - Fertiliser'!$E$83 -> 0.011
D88: C_N2O | E88: factor to convert elemental mass of nitrous oxide to molecular mass | I88: Constant | J88: =Common_InputFunctions.Utility_LookupValueInTableNumber("N2O",Table_GasToMolecularConversionFactor[Gas],Table_GasToMolecularConversionFactor[Conversion factor combined]) -> 1.5714286
D90: Efert,leach | E90: {=Fertiliser_Equations_LeachingAndRunoff.VEERG_5_5_1_1__1_FertiliserLeachingAndRunoffN2OEmissions(J85,J86,J87,J88)} -> 0.0041485714 | F90: =$E$83 -> t N2O

Sheet 8.1.1.1-2 Transport fuel
A1: #VALUE! | C1: 8.1.1.1-2 Transport fuel combustion
A3: =HYPERLINK("#'Home'!A1", "Home") -> Home | D3: Method 1
A4: =HYPERLINK("#'Overview'!A1", "Overview") -> Overview
A5: =HYPERLINK("#'Results'!A1", "Results") -> Results | D5: {=Fuel_Equations.VEERG_8_1_1_1__1_FuelCombustionTransport_Title()} -> Emissions for each GHG from the combustion of fuels for transport energy purposes | K5: {=Scope3_Equations.VEERG_15_11_1_1__2_UpstreamTransportFuelEmissions_Title()} -> Upstream emissions from scope 1 fuel use for transport purposes
D6: {=Fuel_Equations.VEERG_8_1_1_1__1_FuelCombustionTransport_Source()} -> VEERG 2026: 8.1.1.1, Equation (1) | K6: {=Scope3_Equations.VEERG_15_11_1_1__2_UpstreamTransportFuelEmissions_Source()} -> VEERG 2026: 15.11.1.1, Equation (2)
A7: INPUTS | D7: Function name | E7: {=Common_InputFunctions.Utility_DisplayFunctionName(N25)} -> =Fuel_Equations.VEERG_8_1_1_1__1_FuelCombustionTransport | K7: Function name | L7: {=Common_InputFunctions.Utility_DisplayFunctionName(Q25)} -> =Scope3_Equations.VEERG_15_11_1_1__2_UpstreamTransportFuelEmissions
A8: =HYPERLINK("#'Input - Fuel'!A1", "Fuel") -> Fuel
A10: CALCULATIONS
A11: =HYPERLINK("#'8.1.1.1-2 Transport fuel'!A1", "8.1.1.1-2 Transport fuel") -> 8.1.1.1-2 Transport fuel | D11: Variable | E11: {=Fuel_Equations.VEERG_8_1_1_1__1_FuelCombustionTransport_Variable()} -> E_g | K11: Variable | L11: {=Scope3_Equations.VEERG_15_11_1_1__2_UpstreamTransportFuelEmissions_Variable()} -> E_WTTtransq
A12: =HYPERLINK("#'8.2.1.1-2 Stationary fuel'!A1", "8.2.1.1-2 Stationary fuel") -> 8.2.1.1-2 Stationary fuel | D12: Unit | E12: {=Fuel_Equations.VEERG_8_1_1_1__1_FuelCombustionTransport_Unit()} -> t CO2-e | K12: Unit | L12: {=Scope3_Equations.VEERG_15_11_1_1__2_UpstreamTransportFuelEmissions_Unit()} -> t CO2e
A13: =HYPERLINK("#'8.X.1.1-2 General use fuel'!A1", "8.X.1.1-2 General use fuel") -> 8.X.1.1-2 General use fuel
D14: {=_xlfn.CHOOSECOLS(Fuel_Equations.VEERG_8_1_1_1__1_FuelCombustionTransport_Arguments(), 1,2)} -> Q_Transtq | E14: Amount of fuel type q combusted for transport energy purposes | G14: {=_xlfn.CHOOSECOLS(Fuel_Equations.VEERG_8_1_1_1__1_FuelCombustionTransport_Arguments(), 3,4)} -> Varies based on fuel type: kL, m3, GJ | H14: Input | I14: {=HYPERLINK(Common_InputFunctions.Utility_SourceHyperlink($D$22), $D$22)} -> Table_E_g | K14: {=_xlfn.CHOOSECOLS(Scope3_Equations.VEERG_15_11_1_1__2_UpstreamTransportFuelEmissions_Arguments(),1,2)} -> Q_Transq | L14: amount of fuel q combusted for transport energy purposes | N14: {=_xlfn.CHOOSECOLS(Scope3_Equations.VEERG_15_11_1_1__2_UpstreamTransportFuelEmissions_Arguments(),3,4)} -> kL | O14: Input | P14: {=HYPERLINK(Common_InputFunctions.Utility_SourceHyperlink($D$22), $D$22)} -> Table_E_g
A15: APPENDICES | D15: EC_Transq | E15: Energy content factor for transport energy purposes | G15: GJ / unit of fuel | H15: Constant | I15: {=HYPERLINK(Common_InputFunctions.Utility_SourceHyperlink($D$22), $D$22)} -> Table_E_g | K15: EC_Transq | L15: energy content factor for transport energy purposes | N15: GJ/kL or GJ/m3 | O15: Constant | P15: {=HYPERLINK(Common_InputFunctions.Utility_SourceHyperlink($D$22), $D$22)} -> Table_E_g
A16: =HYPERLINK("#'Constants - Fuel'!A1", "Constants - Fuel") -> Constants - Fuel | D16: EF_Trans1tqg | E16: Scope 1 emission factor for transport energy purposes for each greenhouse gas | G16: kg CO2e / GJ | H16: Constant | I16: {=HYPERLINK(Common_InputFunctions.Utility_SourceHyperlink($D$22), $D$22)} -> Table_E_g | K16: EF_Trans3q | L16: scope 3 emission factor for transport energy purposes | N16: kg CO2e/GJ | O16: Constant | P16: {=HYPERLINK(Common_InputFunctions.Utility_SourceHyperlink($D$22), $D$22)} -> Table_E_g
A17: =HYPERLINK("#'Constants - Common'!A1", "Constants - Common") -> Constants - Common | D17: q | E17: Fuel type | H17: Constant
D18: Trans | E18: Transport combustion | H18: Constant
D19: g | E19: Greenhouse gas | H19: Constant
D20: 1 | E20: Scope 1 | H20: Constant
D22: Table_E_g
D23: Emissions for transport fuel combustion
D24: Fuel use | E24: Fuel type (NGAF terminology) | F24: Fuel type (q) | G24: ECTrans,q | H24: EFTrans,1,q,g=CO2 | I24: EFTrans,1,q,g=CH4 | J24: EFTrans,1,q,g=N20 | K24: EFTrans,3,q | L24: QTrans,q | M24: Q unit | N24: Eg=CO2 | O24: Eg=CH4 | P24: Eg=N20 | Q24: E3WTT,trans,q
D25: =Table_FuelTypesPerUse[[#Headers],[Cars and light commercial vehicles]] -> Cars and light commercial vehicles | E25: ='Constants - Fuel'!$E$10 -> Gasoline | F25: ='Constants - Fuel'!G131 -> Petrol | G25: {=IFERROR(_xlfn.XLOOKUP(1, (Table_Fuel_EFs_Transport[Fuel combusted]=$E25)*(Table_Fuel_EFs_Transport[Transport type]=$D$25), Table_Fuel_EFs_Transport[Energy Content Factor (GJ per unit of fuel)]), 0)} -> 34.2 | H25: {=IFERROR(_xlfn.XLOOKUP(1, (Table_Fuel_EFs_Transport[Fuel combusted]=$E25)*(Table_Fuel_EFs_Transport[Transport type]=$D$25), Table_Fuel_EFs_Transport[Scope 1 Emission Factor (kg CO2 - e / GJ) CO2]), 0)} -> 67.4 | I25: {=IFERROR(_xlfn.XLOOKUP(1, (Table_Fuel_EFs_Transport[Fuel combusted]=$E25)*(Table_Fuel_EFs_Transport[Transport type]=$D$25), Table_Fuel_EFs_Transport[Scope 1 Emission Factor (kg CO2 - e / GJ) CH4]), 0)} -> 0.02 | J25: {=IFERROR(_xlfn.XLOOKUP(1, (Table_Fuel_EFs_Transport[Fuel combusted]=$E25)*(Table_Fuel_EFs_Transport[Transport type]=$D$25), Table_Fuel_EFs_Transport[Scope 1 Emission Factor (kg CO2 - e / GJ) N2O]), 0)} -> 0.2 | K25: {=IFERROR(_xlfn.XLOOKUP(1, (Table_Fuel_EFs_Transport[Fuel combusted]=$E25)*(Table_Fuel_EFs_Transport[Transport type]=$D$25), Table_Fuel_EFs_Transport[Scope 3 Emission Factor (kg CO2 - e / GJ)]), 0)} -> 17.2 | L25: {=Fuel_InputFunctions.Fuel_TotalConsumption(Table_Input_Fuel[Amount consumed], Table_Input_Fuel[Fuel use (select)], D25, Table_Input_Fuel[Fuel type (select)],F25)} -> 0 | M25: {=Common_InputFunctions.Utility_LookupValueInTable(F25,Table_FuelTypes_Units[Fuel type],Table_FuelTypes_Units[Unit])} -> kL | N25: {=Fuel_Equations.VEERG_8_1_1_1__1_FuelCombustionTransport($L25,$G25,$H25)} -> 0 | O25: {=Fuel_Equations.VEERG_8_1_1_1__1_FuelCombustionTransport($L25,$G25,$I25)} -> 0 | P25: {=Fuel_Equations.VEERG_8_1_1_1__1_FuelCombustionTransport($L25,$G25,$J25)} -> 0 | Q25: {=Scope3_Equations.VEERG_15_11_1_1__2_UpstreamTransportFuelEmissions(L25,G25,K25)} -> 0
D26: =$D$25 -> Cars and light commercial vehicles | E26: ='Constants - Fuel'!$E$11 -> Diesel oil | F26: ='Constants - Fuel'!G132 -> Diesel | G26: {=IFERROR(_xlfn.XLOOKUP(1, (Table_Fuel_EFs_Transport[Fuel combusted]=$E26)*(Table_Fuel_EFs_Transport[Transport type]=$D$25), Table_Fuel_EFs_Transport[Energy Content Factor (GJ per unit of fuel)]), 0)} -> 38.6 | H26: {=IFERROR(_xlfn.XLOOKUP(1, (Table_Fuel_EFs_Transport[Fuel combusted]=$E26)*(Table_Fuel_EFs_Transport[Transport type]=$D$25), Table_Fuel_EFs_Transport[Scope 1 Emission Factor (kg CO2 - e / GJ) CO2]), 0)} -> 69.9 | I26: {=IFERROR(_xlfn.XLOOKUP(1, (Table_Fuel_EFs_Transport[Fuel combusted]=$E26)*(Table_Fuel_EFs_Transport[Transport type]=$D$25), Table_Fuel_EFs_Transport[Scope 1 Emission Factor (kg CO2 - e / GJ) CH4]), 0)} -> 0.01 | J26: {=IFERROR(_xlfn.XLOOKUP(1, (Table_Fuel_EFs_Transport[Fuel combusted]=$E26)*(Table_Fuel_EFs_Transport[Transport type]=$D$25), Table_Fuel_EFs_Transport[Scope 1 Emission Factor (kg CO2 - e / GJ) N2O]), 0)} -> 0.5 | K26: {=IFERROR(_xlfn.XLOOKUP(1, (Table_Fuel_EFs_Transport[Fuel combusted]=$E26)*(Table_Fuel_EFs_Transport[Transport type]=$D$25), Table_Fuel_EFs_Transport[Scope 3 Emission Factor (kg CO2 - e / GJ)]), 0)} -> 17.3 | L26: {=Fuel_InputFunctions.Fuel_TotalConsumption(Table_Input_Fuel[Amount consumed], Table_Input_Fuel[Fuel use (select)], D26, Table_Input_Fuel[Fuel type (select)],F26)} -> 0.1 | M26: {=Common_InputFunctions.Utility_LookupValueInTable(F26,Table_FuelTypes_Units[Fuel type],Table_FuelTypes_Units[Unit])} -> kL | N26: {=Fuel_Equations.VEERG_8_1_1_1__1_FuelCombustionTransport($L26,$G26,$H26)} -> 0.269814 | O26: {=Fuel_Equations.VEERG_8_1_1_1__1_FuelCombustionTransport($L26,$G26,$I26)} -> 3.86e-05 | P26: {=Fuel_Equations.VEERG_8_1_1_1__1_FuelCombustionTransport($L26,$G26,$J26)} -> 0.00193 | Q26: {=Scope3_Equations.VEERG_15_11_1_1__2_UpstreamTransportFuelEmissions(L26,G26,K26)} -> 0.066778
D27: =$D$25 -> Cars and light commercial vehicles | E27: ='Constants - Fuel'!$E$12 -> Liquefied petroleum gas (LPG) | F27: ='Constants - Fuel'!G133 -> Liquefied petroleum gas (LPG) | G27: {=IFERROR(_xlfn.XLOOKUP(1, (Table_Fuel_EFs_Transport[Fuel combusted]=$E27)*(Table_Fuel_EFs_Transport[Transport type]=$D$25), Table_Fuel_EFs_Transport[Energy Content Factor (GJ per unit of fuel)]), 0)} -> 26.2 | H27: {=IFERROR(_xlfn.XLOOKUP(1, (Table_Fuel_EFs_Transport[Fuel combusted]=$E27)*(Table_Fuel_EFs_Transport[Transport type]=$D$25), Table_Fuel_EFs_Transport[Scope 1 Emission Factor (kg CO2 - e / GJ) CO2]), 0)} -> 60.2 | I27: {=IFERROR(_xlfn.XLOOKUP(1, (Table_Fuel_EFs_Transport[Fuel combusted]=$E27)*(Table_Fuel_EFs_Transport[Transport type]=$D$25), Table_Fuel_EFs_Transport[Scope 1 Emission Factor (kg CO2 - e / GJ) CH4]), 0)} -> 0.5 | J27: {=IFERROR(_xlfn.XLOOKUP(1, (Table_Fuel_EFs_Transport[Fuel combusted]=$E27)*(Table_Fuel_EFs_Transport[Transport type]=$D$25), Table_Fuel_EFs_Transport[Scope 1 Emission Factor (kg CO2 - e / GJ) N2O]), 0)} -> 0.3 | K27: {=IFERROR(_xlfn.XLOOKUP(1, (Table_Fuel_EFs_Transport[Fuel combusted]=$E27)*(Table_Fuel_EFs_Transport[Transport type]=$D$25), Table_Fuel_EFs_Transport[Scope 3 Emission Factor (kg CO2 - e / GJ)]), 0)} -> 20.2 | L27: {=Fuel_InputFunctions.Fuel_TotalConsumption(Table_Input_Fuel[Amount consumed], Table_Input_Fuel[Fuel use (select)], D27, Table_Input_Fuel[Fuel type (select)],F27)} -> 0 | M27: {=Common_InputFunctions.Utility_LookupValueInTable(F27,Table_FuelTypes_Units[Fuel type],Table_FuelTypes_Units[Unit])} -> kL | N27: {=Fuel_Equations.VEERG_8_1_1_1__1_FuelCombustionTransport($L27,$G27,$H27)} -> 0 | O27: {=Fuel_Equations.VEERG_8_1_1_1__1_FuelCombustionTransport($L27,$G27,$I27)} -> 0 | P27: {=Fuel_Equations.VEERG_8_1_1_1__1_FuelCombustionTransport($L27,$G27,$J27)} -> 0 | Q27: {=Scope3_Equations.VEERG_15_11_1_1__2_UpstreamTransportFuelEmissions(L27,G27,K27)} -> 0
