Workbook
Name Common_Equations.Common_ConvertCH4ToCO2e: _xlfn.LAMBDA(_xlpm.E_CH4,_xlpm.GWP_CH4, _xlpm.E_CH4 * _xlpm.GWP_CH4)
Name Common_Equations.Common_ConvertCH4ToCO2e_Arguments: _xlfn.LAMBDA(_xlfn.MAKEARRAY(2, 2, _xlfn.LAMBDA(_xlpm.r,_xlpm.c, INDEX({"ECH4","Methane emissions (t CH4)";"GWPCH4","Global warming potential for methane (t CO2-e / t CH4)"}, _xlpm.r, _xlpm.c))))
Name Common_Equations.Common_ConvertCH4ToCO2e_LatexEquation: _xlfn.LAMBDA("CO2_e = E_{CH4} \times GWP_{CH4}")
Name Common_Equations.Common_ConvertCH4ToCO2e_NIRReference: _xlfn.LAMBDA("")
Name Common_Equations.Common_ConvertCH4ToCO2e_Title: _xlfn.LAMBDA("Convert methane emissions to carbon dioxide equivalent emissions")
Name Common_Equations.Common_ConvertCH4ToCO2e_Unit: _xlfn.LAMBDA("t CO2e")
Name Common_Equations.Common_ConvertCH4ToCO2e_Variable: _xlfn.LAMBDA("ECH4 CO2e")
Name Common_Equations.Common_ConvertN2OToCO2e: _xlfn.LAMBDA(_xlpm.E_N2O,_xlpm.GWP_N2O, _xlpm.E_N2O * _xlpm.GWP_N2O)
Name Common_Equations.Common_ConvertN2OToCO2e_LatexEquation: _xlfn.LAMBDA("CO2_e = E_{N2O} \times GWP_{N2O}")
Name Common_Equations.Common_ConvertN2OToCO2e_NIRReference: _xlfn.LAMBDA("")
Name Common_Equations.Common_ConvertN2OToCO2e_Title: _xlfn.LAMBDA("Convert nitrous oxide emissions to carbon dioxide equivalent emissions")
Name Common_Equations.Common_ConvertN2OToCO2e_Unit: _xlfn.LAMBDA("t CO2e")
Name Common_Equations.Common_ConvertN2OToCO2e_Variable: _xlfn.LAMBDA("EN2O CO2e")
Name Common_InputFunctions.Utility_ConvertStateCommonNameToAbbreviation: _xlfn.LAMBDA(_xlpm.StateCommonName,_xlpm.StateCommonNameArray,_xlpm.StateAbbreviationArray, _xlfn.XLOOKUP(_xlpm.StateCommonName, _xlpm.StateCommonNameArray, _xlpm.StateAbbreviationArray, ""))
Name Common_InputFunctions.Utility_DisplayArguments_1_2: _xlfn.LAMBDA(_xlpm.ArgumentsArray, _xlfn.CHOOSECOLS(_xlpm.ArgumentsArray, 1, 2))
Name Common_InputFunctions.Utility_DisplayArguments_3_4: _xlfn.LAMBDA(_xlpm.ArgumentsArray, _xlfn.CHOOSECOLS(_xlpm.ArgumentsArray, 3, 4))
Name Common_InputFunctions.Utility_DisplayFunctionName: _xlfn.LAMBDA(_xlpm.Function, _xlfn.TEXTBEFORE(_xlfn.FORMULATEXT(_xlpm.Function), "("))
Name Common_InputFunctions.Utility_GetArrayTableColumnStartNumber: _xlfn.LAMBDA(_xlpm.TableHeaderCell, COLUMN(_xlpm.TableHeaderCell))
Name Common_InputFunctions.Utility_GetArrayTableRowStartNumber: _xlfn.LAMBDA(_xlpm.TableheaderCell,_xlpm.RowsBetweenHeaderandArray, ROW(_xlpm.TableheaderCell) + _xlpm.RowsBetweenHeaderandArray - 1)
Name Common_InputFunctions.Utility_LookupValueInTable: _xlfn.LAMBDA(_xlpm.LookupValue,_xlpm.LookupArray,_xlpm.ReturnArray, _xlfn.XLOOKUP(_xlpm.LookupValue, _xlpm.LookupArray, _xlpm.ReturnArray, ""))
Name Common_InputFunctions.Utility_SourceHyperlink: _xlfn.LAMBDA(_xlpm.TargetCell, _xlfn.LET(_xlpm.sh, _xlfn.TEXTAFTER(CELL("filename", _xlpm.TargetCell), "]"), _xlpm.addr, CELL("address", _xlpm.TargetCell), "#'" & _xlpm.sh & "'!" & _xlpm.addr))
Name Common_SourceData.Common_SourceData_AustralianStatesTerritories_Source: _xlfn.LAMBDA("")
Name Common_SourceData.Common_SourceData_AustralianStatesTerritories_Title: _xlfn.LAMBDA("Australian states and territories")
Name Common_SourceData.Common_SourceData_AustralianStatesTerritories_Unit: _xlfn.LAMBDA("")
Name Common_SourceData.Common_SourceData_AustralianStatesTerritories_Variable: _xlfn.LAMBDA("")
Name Common_SourceData.Common_SourceData_ClimateZones_Source: _xlfn.LAMBDA("VEERG 2026: Table 1.3: Climate and Rainfall zone classifications and definitions")
Name Common_SourceData.Common_SourceData_ClimateZones_Title: _xlfn.LAMBDA("VEERG Australian climate zones")
Name Common_SourceData.Common_SourceData_ClimateZones_Unit: _xlfn.LAMBDA("")
Name Common_SourceData.Common_SourceData_ClimateZones_Variable: _xlfn.LAMBDA("")
Name Common_SourceData.Common_SourceData_ConvertGasElementalToMolecular_Source: _xlfn.LAMBDA("XXXXXXX")
Name Common_SourceData.Common_SourceData_ConvertGasElementalToMolecular_Title: _xlfn.LAMBDA("Factor to convert elemental mass of gas to molecular mass")
Name Common_SourceData.Common_SourceData_ConvertGasElementalToMolecular_Unit: _xlfn.LAMBDA("factor")
Name Common_SourceData.Common_SourceData_ConvertGasElementalToMolecular_Variable: _xlfn.LAMBDA("Cg")
Name Common_SourceData.Common_SourceData_ConvertN2oElementalToMolecularCg_Data: _xlfn.LAMBDA(44 / 28)
Name Common_SourceData.Common_SourceData_ConvertN2oElementalToMolecularCg_Source: _xlfn.LAMBDA("National Inventory Report 2023 Volume 1")
Name Common_SourceData.Common_SourceData_ConvertN2oElementalToMolecularCg_Title: _xlfn.LAMBDA("Factor to convert elemental mass of N2O to molecular mass")
Name Common_SourceData.Common_SourceData_ConvertN2oElementalToMolecularCg_Unit: _xlfn.LAMBDA("factor")
Name Common_SourceData.Common_SourceData_ConvertN2oElementalToMolecularCg_Variable: _xlfn.LAMBDA("CgN2O")
Name Common_SourceData.Common_SourceData_DataScores_Scope3_Source: _xlfn.LAMBDA("VEERG 2026: XXXXXXXX")
Name Common_SourceData.Common_SourceData_DataScores_Scope3_Title: _xlfn.LAMBDA("Australian data scores for scope 3")
Name Common_SourceData.Common_SourceData_DataScores_Scope3_Unit: _xlfn.LAMBDA("")
Name Common_SourceData.Common_SourceData_DataScores_Scope3_Variable: _xlfn.LAMBDA("")
Name Common_SourceData.Common_SourceData_DataScores_Scope3_Variation: _xlfn.LAMBDA("")
Name Common_SourceData.Common_SourceData_DensityOfMethane_Data: _xlfn.LAMBDA(0.6784)
Name Common_SourceData.Common_SourceData_DensityOfMethane_Source: _xlfn.LAMBDA("National Inventory Report 2023 Volume 1: Equations 3.B.1a_2, 3.B.1c_2, 3.B.3_1, 3.B.4g_2")
Name Common_SourceData.Common_SourceData_DensityOfMethane_Title: _xlfn.LAMBDA("p = density of methane")
Name Common_SourceData.Common_SourceData_DensityOfMethane_Unit: _xlfn.LAMBDA("kg/m3")
Name Common_SourceData.Common_SourceData_EFleach_Data: _xlfn.LAMBDA(_xlfn.MAKEARRAY(1, 2, _xlfn.LAMBDA(_xlpm.r,_xlpm.c, INDEX({"EFleach",0.011}, _xlpm.r, _xlpm.c))))
Name Common_SourceData.Common_SourceData_EFleach_NIRReference: _xlfn.LAMBDA("National Inventory Report Volume 1: Equation 3.D.B_10")
Name Common_SourceData.Common_SourceData_EFleach_Source: _xlfn.LAMBDA("VEERG 2026:5.5.2.3 Constant Parameters")
Name Common_SourceData.Common_SourceData_EFleach_Title: _xlfn.LAMBDA("Emission factor for nitrogen leaching and runoff")
Name Common_SourceData.Common_SourceData_EFleach_Unit: _xlfn.LAMBDA("(kg N2O-N / kg N")
Name Common_SourceData.Common_SourceData_EFleach_Variation: _xlfn.LAMBDA((""))
Name Common_SourceData.Common_SourceData_EFN2O_NIRReference: _xlfn.LAMBDA("")
Name Common_SourceData.Common_SourceData_EFN2O_Source: _xlfn.LAMBDA("VEERG 2026: Table A.2.2.1")
Name Common_SourceData.Common_SourceData_EFN2O_Title: _xlfn.LAMBDA("Nitrous oxide emission factors for inorganic fertiliser application")
Name Common_SourceData.Common_SourceData_EFN2O_Unit: _xlfn.LAMBDA("(kg N2O-N / kg N")
Name Common_SourceData.Common_SourceData_EFOrganicFertiliserAndCropResidues_Data: _xlfn.LAMBDA(_xlfn.MAKEARRAY(3, 2, _xlfn.LAMBDA(_xlpm.r,_xlpm.c, INDEX({"Climate zone","EFNi & EFN2O";"Wet climate zone",0.006;"Dry climate zone",0.005}, _xlpm.r, _xlpm.c))))
Name Common_SourceData.Common_SourceData_EFOrganicFertiliserAndCropResidues_NIRReference: _xlfn.LAMBDA("")
Name Common_SourceData.Common_SourceData_EFOrganicFertiliserAndCropResidues_Source: _xlfn.LAMBDA("VEERG 2026: Table A.2.1.4")

Sheet Home
A1: Home

Sheet Overview
A1: #VALUE! | C1: 3.1: Enteric Methane: Beef feedlot: Overview
A3: =HYPERLINK("#'Home'!A1", "Home") -> Home
A4: =HYPERLINK("#'Overview'!A1", "Overview") -> Overview
A5: =HYPERLINK("#'Results'!A1", "Results") -> Results | D5: 💡 Below is a diagram that maps the equations used to calculate emissions and how they interact with each other.
D6: Click on a box to go to the corresponding calculation.
A7: INPUTS
A8: =HYPERLINK("#'Input - Site'!A1", "Site") -> Site
A9: =HYPERLINK("#'Input - Feedlot'!A1", "Feedlot") -> Feedlot
A11: CALCULATIONS
A12: =HYPERLINK("#'3.1.1.1-2 Enteric Methane'!A1", "3.1.1.1-2 Enteric Methane") -> 3.1.1.1-2 Enteric Methane
A14: APPENDICES
A15: =HYPERLINK("#'Constants - Feedlot'!A1", "Constants - Feedlot") -> Constants - Feedlot
A16: =HYPERLINK("#'Constants - Livestock'!A1", "Constants - Livestock") -> Constants - Livestock
A17: =HYPERLINK("#'Constants - Common'!A1", "Constants - Common") -> Constants - Common
A18: =HYPERLINK("#'Acknowledgements'!A1", "Acknowledgements") -> Acknowledgements

Sheet Results
A1: #VALUE! | C1: 3.1 Enteric Methane: Beef Feedlot: Results
A3: =HYPERLINK("#'Home'!A1", "Home") -> Home
A4: =HYPERLINK("#'Overview'!A1", "Overview") -> Overview | D4: Emissions breakdown
A5: =HYPERLINK("#'Results'!A1", "Results") -> Results
D6: Scope 1 source | E6: GHG emissions method 1 | F6: GHG emissions method 2 | G6: GHG Unit | H6: CO2-e emissions method 1 | I6: CO2-e emissions method 2 | J6: CO2-e unit
A7: INPUTS | D7: 3.1.1.1-2 Enteric Methane | E7: =VEERG_3_1_1_1__1_TotalAnnualMethaneFromEntericFermentation_Result -> 35.42023 | F7: ='3.1.1.1-2 Enteric Methane'!N67 -> 35.42023 | G7: ='3.1.1.1-2 Enteric Methane'!F67 -> t CH4 | H7: ='3.1.1.1-2 Enteric Methane'!E72 -> 991.76644 | I7: ='3.1.1.1-2 Enteric Methane'!N72 -> 991.76644 | J7: t CO2e
A8: =HYPERLINK("#'Input - Site'!A1", "Site") -> Site | D8: Total | H8: =SUM(H7:H7) -> 991.76644 | I8: =SUM(I7:I7) -> 991.76644 | J8: t CO2e
A9: =HYPERLINK("#'Input - Feedlot'!A1", "Feedlot") -> Feedlot
A11: CALCULATIONS
A12: =HYPERLINK("#'3.1.1.1-2 Enteric Methane'!A1", "3.1.1.1-2 Enteric Methane") -> 3.1.1.1-2 Enteric Methane
A14: APPENDICES
A15: =HYPERLINK("#'Constants - Feedlot'!A1", "Constants - Feedlot") -> Constants - Feedlot
A16: =HYPERLINK("#'Constants - Livestock'!A1", "Constants - Livestock") -> Constants - Livestock
A17: =HYPERLINK("#'Constants - Common'!A1", "Constants - Common") -> Constants - Common
A18: =HYPERLINK("#'Acknowledgements'!A1", "Acknowledgements") -> Acknowledgements

Sheet Input - Site
A1: #VALUE! | C1: Input - Site
A3: =HYPERLINK("#'Home'!A1", "Home") -> Home
A4: =HYPERLINK("#'Overview'!A1", "Overview") -> Overview
A5: =HYPERLINK("#'Results'!A1", "Results") -> Results | D5: Your business
A7: INPUTS | D7: Farm name | E7: Test Farms
A8: =HYPERLINK("#'Input - Site'!A1", "Site") -> Site | D8: Reporting entity name | E8: Test Farms Pty Ltd
A9: =HYPERLINK("#'Input - Feedlot'!A1", "Feedlot") -> Feedlot
D10: 💡An 'Emissions accounting period' is a 12 month period where the business can report on the emissions, and is typically the same as the business' financial accounting period.
A11: CALCULATIONS
A12: =HYPERLINK("#'3.1.1.1-2 Enteric Methane'!A1", "3.1.1.1-2 Enteric Methane") -> 3.1.1.1-2 Enteric Methane | D12: Emissions calculation period start date | E12: 45292 | F12: ← DD/MM/YYYY or DD Month YYYY
D13: Emissions calculation period end date | E13: =DATE(YEAR(E12)+1,MONTH(E12),DAY(E12))-1 -> 45657 | F13: ← Automatically calculated, 12 months after start date
A14: APPENDICES
A15: =HYPERLINK("#'Constants - Feedlot'!A1", "Constants - Feedlot") -> Constants - Feedlot
A16: =HYPERLINK("#'Constants - Livestock'!A1", "Constants - Livestock") -> Constants - Livestock
A17: =HYPERLINK("#'Constants - Common'!A1", "Constants - Common") -> Constants - Common
A18: =HYPERLINK("#'Acknowledgements'!A1", "Acknowledgements") -> Acknowledgements

Sheet Input - Feedlot
A1: #VALUE! | C1: Input - Feedlot
A3: =HYPERLINK("#'Home'!A1", "Home") -> Home
A4: =HYPERLINK("#'Overview'!A1", "Overview") -> Overview
A5: =HYPERLINK("#'Results'!A1", "Results") -> Results | D5: Herd movement
A7: INPUTS | E7: Domestic | F7: Mid-fed | G7: Long-fed
A8: =HYPERLINK("#'Input - Site'!A1", "Site") -> Site | D8: ="Average number of head between " & TEXT('Input - Site'!$E$12, "dd mmm yy") & " and " & TEXT('Input - Site'!$E$13, "dd mmm yy") -> Average number of head between 01 Jan 24 and 31 Dec 24 | E8: 4300 | F8: 100 | G8: 100 | H8: head
A9: =HYPERLINK("#'Input - Feedlot'!A1", "Feedlot") -> Feedlot | D9: ="Average duration of stay between " & TEXT('Input - Site'!$E$12, "dd mmm yy") & " and " & TEXT('Input - Site'!$E$13, "dd mmm yy") -> Average duration of stay between 01 Jan 24 and 31 Dec 24 | E9: 90 | F9: 140 | G9: 250 | H9: days
A11: CALCULATIONS | D11: Intake
A12: =HYPERLINK("#'3.1.1.1-2 Enteric Methane'!A1", "3.1.1.1-2 Enteric Methane") -> 3.1.1.1-2 Enteric Methane
D13: Method 1 default values (Do not edit) | E13: Domestic | F13: Mid-fed | G13: Long-fed
A14: APPENDICES | D14: Feed intake | E14: {=_xlfn.XLOOKUP(1, (Table_SourceData_Feedlot_AnimalCharacteristics[Feedlot type] = E$13) * (Table_SourceData_Feedlot_AnimalCharacteristics[Characteristic] = $D$14), Table_SourceData_Feedlot_AnimalCharacteristics[2020-2023], "Not Found")} -> 10.4 | F14: {=_xlfn.XLOOKUP(1, (Table_SourceData_Feedlot_AnimalCharacteristics[Feedlot type] = F$13) * (Table_SourceData_Feedlot_AnimalCharacteristics[Characteristic] = $D$14), Table_SourceData_Feedlot_AnimalCharacteristics[2020-2023], "Not Found")} -> 10.8 | G14: {=_xlfn.XLOOKUP(1, (Table_SourceData_Feedlot_AnimalCharacteristics[Feedlot type] = G$13) * (Table_SourceData_Feedlot_AnimalCharacteristics[Characteristic] = $D$14), Table_SourceData_Feedlot_AnimalCharacteristics[2020-2023], "Not Found")} -> 8.2 | H14: kg dry matter / head day
A15: =HYPERLINK("#'Constants - Feedlot'!A1", "Constants - Feedlot") -> Constants - Feedlot | D15: Ether extract | E15: {=_xlfn.XLOOKUP(1, (Table_SourceData_Feedlot_DietProperties[Feedlot type] = E$13) * (Table_SourceData_Feedlot_DietProperties[Nutrient analysis] = $D$15), Table_SourceData_Feedlot_DietProperties[2020-2023 Converted to fraction], "Not Found")} -> 4.8 | F15: {=_xlfn.XLOOKUP(1, (Table_SourceData_Feedlot_DietProperties[Feedlot type] = F$13) * (Table_SourceData_Feedlot_DietProperties[Nutrient analysis] = $D$15), Table_SourceData_Feedlot_DietProperties[2020-2023 Converted to fraction], "Not Found")} -> 5 | G15: {=_xlfn.XLOOKUP(1, (Table_SourceData_Feedlot_DietProperties[Feedlot type] = G$13) * (Table_SourceData_Feedlot_DietProperties[Nutrient analysis] = $D$15), Table_SourceData_Feedlot_DietProperties[2020-2023 Converted to fraction], "Not Found")} -> 5.5 | H15: fraction
A16: =HYPERLINK("#'Constants - Livestock'!A1", "Constants - Livestock") -> Constants - Livestock | D16: NDF | E16: {=_xlfn.XLOOKUP(1, (Table_SourceData_Feedlot_DietProperties[Feedlot type] = E$13) * (Table_SourceData_Feedlot_DietProperties[Nutrient analysis] = $D$16), Table_SourceData_Feedlot_DietProperties[2020-2023 Converted to fraction], "Not Found")} -> 22 | F16: {=_xlfn.XLOOKUP(1, (Table_SourceData_Feedlot_DietProperties[Feedlot type] = F$13) * (Table_SourceData_Feedlot_DietProperties[Nutrient analysis] = $D$16), Table_SourceData_Feedlot_DietProperties[2020-2023 Converted to fraction], "Not Found")} -> 22 | G16: {=_xlfn.XLOOKUP(1, (Table_SourceData_Feedlot_DietProperties[Feedlot type] = G$13) * (Table_SourceData_Feedlot_DietProperties[Nutrient analysis] = $D$16), Table_SourceData_Feedlot_DietProperties[2020-2023 Converted to fraction], "Not Found")} -> 24 | H16: fraction
A17: =HYPERLINK("#'Constants - Common'!A1", "Constants - Common") -> Constants - Common
A18: =HYPERLINK("#'Acknowledgements'!A1", "Acknowledgements") -> Acknowledgements | D18: Method 2 custom values (Edit if known) | E18: Domestic | F18: Mid-fed | G18: Long-fed
D19: Feed intake | E19: {=_xlfn.XLOOKUP(1, (Table_SourceData_Feedlot_AnimalCharacteristics[Feedlot type] = E$18) * (Table_SourceData_Feedlot_AnimalCharacteristics[Characteristic] = $D$19), Table_SourceData_Feedlot_AnimalCharacteristics[2020-2023], "Not Found")} -> 10.4 | F19: {=_xlfn.XLOOKUP(1, (Table_SourceData_Feedlot_AnimalCharacteristics[Feedlot type] = F$18) * (Table_SourceData_Feedlot_AnimalCharacteristics[Characteristic] = $D$19), Table_SourceData_Feedlot_AnimalCharacteristics[2020-2023], "Not Found")} -> 10.8 | G19: {=_xlfn.XLOOKUP(1, (Table_SourceData_Feedlot_AnimalCharacteristics[Feedlot type] = G$18) * (Table_SourceData_Feedlot_AnimalCharacteristics[Characteristic] = $D$19), Table_SourceData_Feedlot_AnimalCharacteristics[2020-2023], "Not Found")} -> 8.2 | H19: kg dry matter / head day
D20: Ether extract | E20: {=_xlfn.XLOOKUP(1, (Table_SourceData_Feedlot_DietProperties[Feedlot type] = E$18) * (Table_SourceData_Feedlot_DietProperties[Nutrient analysis] = $D$20), Table_SourceData_Feedlot_DietProperties[2020-2023 Converted to fraction], "Not Found")} -> 4.8 | F20: {=_xlfn.XLOOKUP(1, (Table_SourceData_Feedlot_DietProperties[Feedlot type] = F$18) * (Table_SourceData_Feedlot_DietProperties[Nutrient analysis] = $D$20), Table_SourceData_Feedlot_DietProperties[2020-2023 Converted to fraction], "Not Found")} -> 5 | G20: {=_xlfn.XLOOKUP(1, (Table_SourceData_Feedlot_DietProperties[Feedlot type] = G$18) * (Table_SourceData_Feedlot_DietProperties[Nutrient analysis] = $D$20), Table_SourceData_Feedlot_DietProperties[2020-2023 Converted to fraction], "Not Found")} -> 5.5 | H20: fraction
D21: NDF | E21: {=_xlfn.XLOOKUP(1, (Table_SourceData_Feedlot_DietProperties[Feedlot type] = E$18) * (Table_SourceData_Feedlot_DietProperties[Nutrient analysis] = $D$21), Table_SourceData_Feedlot_DietProperties[2020-2023 Converted to fraction], "Not Found")} -> 22 | F21: {=_xlfn.XLOOKUP(1, (Table_SourceData_Feedlot_DietProperties[Feedlot type] = F$18) * (Table_SourceData_Feedlot_DietProperties[Nutrient analysis] = $D$21), Table_SourceData_Feedlot_DietProperties[2020-2023 Converted to fraction], "Not Found")} -> 22 | G21: {=_xlfn.XLOOKUP(1, (Table_SourceData_Feedlot_DietProperties[Feedlot type] = G$18) * (Table_SourceData_Feedlot_DietProperties[Nutrient analysis] = $D$21), Table_SourceData_Feedlot_DietProperties[2020-2023 Converted to fraction], "Not Found")} -> 24 | H21: fraction

Sheet 3.1.1.1-2 Enteric Methane
A1: #VALUE! | C1: 3.1.1.1-2 Enteric Methane Beef Feedlot
A3: =HYPERLINK("#'Home'!A1", "Home") -> Home | D3: Method 1 | M3: Method 2
A4: =HYPERLINK("#'Overview'!A1", "Overview") -> Overview
A5: =HYPERLINK("#'Results'!A1", "Results") -> Results | D5: {=EntericMethane_Feedlot_Equations.VEERG_3_1_1_1__2_DailyEntericMethaneProduction_Title()} -> Daily production of enteric methane
D6: {=EntericMethane_Feedlot_Equations.VEERG_3_1_1_1__2_DailyEntericMethaneProduction_Source()} -> VEERG 2026: 3.1.1.1, Equation (2)
A7: INPUTS | D7: Function name | E7: {=Common_InputFunctions.Utility_DisplayFunctionName(D35)} -> =EntericMethane_Feedlot_Equations.VEERG_3_1_1_1__2_DailyEntericMethaneProduction
A8: =HYPERLINK("#'Input - Site'!A1", "Site") -> Site
A9: =HYPERLINK("#'Input - Feedlot'!A1", "Feedlot") -> Feedlot
D10: Variable | E10: {=EntericMethane_Feedlot_Equations.VEERG_3_1_1_1__2_DailyEntericMethaneProduction_Variable()} -> M_j
A11: CALCULATIONS | D11: Unit | E11: {=EntericMethane_Feedlot_Equations.VEERG_3_1_1_1__2_DailyEntericMethaneProduction_Unit()} -> kg CH4/head/day
A12: =HYPERLINK("#'3.1.1.1-2 Enteric Methane'!A1", "3.1.1.1-2 Enteric Methane") -> 3.1.1.1-2 Enteric Methane
D13: {=_xlfn.CHOOSECOLS(EntericMethane_Feedlot_Equations.VEERG_3_1_1_1__2_DailyEntericMethaneProduction_Arguments(),1,2)} -> I_j | E13: dry matter intake | G13: {=_xlfn.CHOOSECOLS(EntericMethane_Feedlot_Equations.VEERG_3_1_1_1__2_DailyEntericMethaneProduction_Arguments(),3,4)} -> kg DM/head/day | H13: Input | I13: {=HYPERLINK(Common_InputFunctions.Utility_SourceHyperlink($D$17),$D$17)} -> M1_Table_I_j
A14: APPENDICES | D14: EE_j | E14: ether extract as a percentage of I_j | G14: per cent | H14: Input | I14: {=HYPERLINK(Common_InputFunctions.Utility_SourceHyperlink($D$22),$D$22)} -> M1_Table_EE_j
A15: =HYPERLINK("#'Constants - Feedlot'!A1", "Constants - Feedlot") -> Constants - Feedlot | D15: NDF_j | E15: neutral detergent fibre as a percentage of I_j | G15: per cent | H15: Input | I15: {=HYPERLINK(Common_InputFunctions.Utility_SourceHyperlink($D$27),$D$27)} -> M1_Table_NDF_j
A16: =HYPERLINK("#'Constants - Livestock'!A1", "Constants - Livestock") -> Constants - Livestock
A17: =HYPERLINK("#'Constants - Common'!A1", "Constants - Common") -> Constants - Common | D17: M1_Table_I_j | M17: M2_Table_I_j
A18: =HYPERLINK("#'Acknowledgements'!A1", "Acknowledgements") -> Acknowledgements | D18: Dry matter intake (Method 1) | M18: Dry matter intake (Method 2)
D19: Domestic | E19: Mid-fed | F19: Long-fed | M19: Domestic | N19: Mid-fed | O19: Long-fed
D20: ='Input - Feedlot'!$E$14 -> 10.4 | E20: ='Input - Feedlot'!$F$14 -> 10.8 | F20: ='Input - Feedlot'!$G$14 -> 8.2 | G20: =$G$13 -> kg DM/head/day | M20: =Input_Feedlot_FeedIntake_Domestic -> 10.4 | N20: =Input_Feedlot_FeedIntake_MidFed -> 10.8 | O20: =Input_Feedlot_FeedIntake_LongFed -> 8.2 | P20: =$G$13 -> kg DM/head/day
D22: M1_Table_EE_j | M22: M2_Table_EE_j
D23: Ether extract (Method 1) | M23: Ether extract (Method 2)
D24: Domestic | E24: Mid-fed | F24: Long-fed | M24: Domestic | N24: Mid-fed | O24: Long-fed
D25: ='Input - Feedlot'!$E$15 -> 4.8 | E25: ='Input - Feedlot'!$F$15 -> 5 | F25: ='Input - Feedlot'!$G$15 -> 5.5 | G25: =$G$14 -> per cent | M25: =Input_Feedlot_EtherExtract_Domestic -> 4.8 | N25: =Input_Feedlot_EtherExtract_MidFed -> 5 | O25: =Input_Feedlot_EtherExtract_LongFed -> 5.5 | P25: =$G$14 -> per cent
D27: M1_Table_NDF_j | M27: M2_Table_NDF_j
D28: Neutral detergent fibre (Method 1) | M28: Neutral detergent fibre (Method 2)
D29: Domestic | E29: Mid-fed | F29: Long-fed | M29: Domestic | N29: Mid-fed | O29: Long-fed
D30: ='Input - Feedlot'!$E$16 -> 22 | E30: ='Input - Feedlot'!$F$16 -> 22 | F30: ='Input - Feedlot'!$G$16 -> 24 | G30: =$G$15 -> per cent | M30: =Input_Feedlot_NDF_Domestic -> 22 | N30: =Input_Feedlot_NDF_MidFed -> 22 | O30: =Input_Feedlot_NDF_LongFed -> 24 | P30: =$G$15 -> per cent
D32: M1_Table_M_j | M32: M2_Table_M_j
D33: Daily production of enteric methane (Method 1) | M33: Daily production of enteric methane (Method 2)
D34: Domestic | E34: Mid-fed | F34: Long-fed | M34: Domestic | N34: Mid-fed | O34: Long-fed
D35: {=EntericMethane_Feedlot_Equations.VEERG_3_1_1_1__2_DailyEntericMethaneProduction(D20,D25,D30)} -> 0.083664 | E35: {=EntericMethane_Feedlot_Equations.VEERG_3_1_1_1__2_DailyEntericMethaneProduction(E20,E25,E30)} -> 0.084908 | F35: {=EntericMethane_Feedlot_Equations.VEERG_3_1_1_1__2_DailyEntericMethaneProduction(F20,F25,F30)} -> 0.074142 | G35: =$E$11 -> kg CH4/head/day | M35: {=EntericMethane_Feedlot_Equations.VEERG_3_1_1_1__2_DailyEntericMethaneProduction(M20,M25,M30)} -> 0.083664 | N35: {=EntericMethane_Feedlot_Equations.VEERG_3_1_1_1__2_DailyEntericMethaneProduction(N20,N25,N30)} -> 0.084908 | O35: {=EntericMethane_Feedlot_Equations.VEERG_3_1_1_1__2_DailyEntericMethaneProduction(O20,O25,O30)} -> 0.074142 | P35: =$E$11 -> kg CH4/head/day
D39: {=EntericMethane_Feedlot_Equations.VEERG_3_1_1_1__1_TotalAnnualMethaneFromEntericFermentation_Title()} -> Total annual methane production from enteric fermentation in feedlot beef cattle
D40: {=EntericMethane_Feedlot_Equations.VEERG_3_1_1_1__1_TotalAnnualMethaneFromEntericFermentation_Source()} -> VEERG 2026: 3.1.1.1, Equation (1)
D41: Function name | E41: {=Common_InputFunctions.Utility_DisplayFunctionName(D65)} -> =EntericMethane_Feedlot_Equations.VEERG_3_1_1_1__1_TotalAnnualMethaneFromEntericFermentation
D45: Variable | E45: {=EntericMethane_Feedlot_Equations.VEERG_3_1_1_1__1_TotalAnnualMethaneFromEntericFermentation_Variable()} -> E_enteric
D46: Unit | E46: {=EntericMethane_Feedlot_Equations.VEERG_3_1_1_1__1_TotalAnnualMethaneFromEntericFermentation_Unit()} -> t CH4
D48: {=_xlfn.CHOOSECOLS(EntericMethane_Feedlot_Equations.VEERG_3_1_1_1__1_TotalAnnualMethaneFromEntericFermentation_Arguments(),1,2)} -> D_j | E48: duration of stay of each cattle lot | G48: {=_xlfn.CHOOSECOLS(EntericMethane_Feedlot_Equations.VEERG_3_1_1_1__1_TotalAnnualMethaneFromEntericFermentation_Arguments(),3,4)} -> days | H48: Input | I48: {=HYPERLINK(Common_InputFunctions.Utility_SourceHyperlink($D$52),$D$52)} -> Table_D_j
D49: M_j | E49: daily methane production | G49: kg CH4/head/day | H49: Calculated from 3.1.1.1, (2) | I49: {=HYPERLINK(Common_InputFunctions.Utility_SourceHyperlink($D$32),$D$32)} -> M1_Table_M_j
D50: N_j | E50: numbers of feedlot cattle in each cattle lot | G50: head | H50: Input | I50: {=HYPERLINK(Common_InputFunctions.Utility_SourceHyperlink($D$57),$D$57)} -> Table_N_j
D52: Table_D_j
D53: Duration of stay
D54: Domestic | E54: Mid-fed | F54: Long-fed
D55: =Input_Feedlot_DurationOfStay_Domestic -> 90 | E55: =Input_Feedlot_DurationOfStay_MidFed -> 140 | F55: =Input_Feedlot_DurationOfStay_LongFed -> 250 | G55: =G48 -> days
D57: Table_N_j
D58: Number of head in each group
D59: Domestic | E59: Mid-fed | F59: Long-fed
D60: =Input_Feedlot_AverageHead_Domestic -> 4300 | E60: =Input_Feedlot_AverageHead_MidFed -> 100 | F60: =Input_Feedlot_AverageHead_LongFed -> 100 | G60: =G50 -> head
D62: M1_Table_E_CH4 | M62: M2_Table_E_CH4
D63: Methane emissions for each group, MMS and treatment stage (Method 1) | M63: Methane emissions for each group, MMS and treatment stage (Method 2)
D64: Domestic | E64: Mid-fed | F64: Long-fed | M64: Domestic | N64: Mid-fed | O64: Long-fed
D65: {=EntericMethane_Feedlot_Equations.VEERG_3_1_1_1__1_TotalAnnualMethaneFromEntericFermentation(D55,D35,D60)} -> 32.377968 | E65: {=EntericMethane_Feedlot_Equations.VEERG_3_1_1_1__1_TotalAnnualMethaneFromEntericFermentation(E55,E35,E60)} -> 1.188712 | F65: {=EntericMethane_Feedlot_Equations.VEERG_3_1_1_1__1_TotalAnnualMethaneFromEntericFermentation(F55,F35,F60)} -> 1.85355 | G65: =$E$46 -> t CH4 | M65: {=EntericMethane_Feedlot_Equations.VEERG_3_1_1_1__1_TotalAnnualMethaneFromEntericFermentation(D55,M35,D60)} -> 32.377968 | N65: {=EntericMethane_Feedlot_Equations.VEERG_3_1_1_1__1_TotalAnnualMethaneFromEntericFermentation(E55,N35,E60)} -> 1.188712 | O65: {=EntericMethane_Feedlot_Equations.VEERG_3_1_1_1__1_TotalAnnualMethaneFromEntericFermentation(F55,O35,F60)} -> 1.85355 | P65: =$E$46 -> t CH4
D67: Eenteric (Method 1) | E67: =SUM(D65:F65) -> 35.42023 | F67: =$E$46 -> t CH4 | M67: Eenteric (Method 2) | N67: =SUM(M65:O65) -> 35.42023 | O67: =$E$46 -> t CH4
D69: {=Common_Equations.Common_ConvertCH4ToCO2e_Arguments()} -> ECH4 | E69: Methane emissions (t CH4) | G69: =E67 -> 35.42023 | H69: =$E$46 -> t CH4 | M69: {=Common_Equations.Common_ConvertCH4ToCO2e_Arguments()} -> ECH4 | N69: Methane emissions (t CH4) | P69: =N67 -> 35.42023 | Q69: =$E$46 -> t CH4
D70: GWPCH4 | E70: Global warming potential for methane (t CO2-e / t CH4) | G70: =Common_InputFunctions.Utility_LookupValueInTableNumber("CH4",Table_GWPData[Gas],Table_GWPData[CO2-e factor]) -> 28 | M70: GWPCH4 | N70: Global warming potential for methane (t CO2-e / t CH4) | P70: =Common_InputFunctions.Utility_LookupValueInTableNumber("CH4",Table_GWPData[Gas],Table_GWPData[CO2-e factor]) -> 28
D72: ECO2e (Method 1) | E72: {=Common_Equations.Common_ConvertCH4ToCO2e(G69,G70)} -> 991.76644 | F72: {=Common_Equations.Common_ConvertN2OToCO2e_Unit()} -> t CO2e | M72: ECO2e (Method 2) | N72: {=Common_Equations.Common_ConvertCH4ToCO2e(P69,P70)} -> 991.76644 | O72: {=Common_Equations.Common_ConvertN2OToCO2e_Unit()} -> t CO2e

Sheet Constants - Feedlot
A1: #VALUE! | C1: Source Data - Feedlot
A3: =HYPERLINK("#'Home'!A1", "Home") -> Home
A4: =HYPERLINK("#'Overview'!A1", "Overview") -> Overview
A5: =HYPERLINK("#'Results'!A1", "Results") -> Results | D5: {=SourceData_Feedlot.SourceData_Feedlot_VSL_Title()} -> Feedlot - Fraction of volatile solids lost during storage in the primary system
D6: {=SourceData_Feedlot.SourceData_Feedlot_VSL_Source()} -> VEERG 2026: 4.1.2.3 CONSTANTS
A7: INPUTS | D7: {=SourceData_Feedlot.SourceData_Feedlot_VSL_Variable()} -> VSL | E7: {=SourceData_Feedlot.SourceData_Feedlot_VSL_Data()} -> 0.5 | F7: {=SourceData_Feedlot.SourceData_Feedlot_VSL_Unit()} -> Fraction
A8: =HYPERLINK("#'Input - Site'!A1", "Site") -> Site
A9: =HYPERLINK("#'Input - Feedlot'!A1", "Feedlot") -> Feedlot
D10: {=SourceData_Feedlot.SourceData_Feedlot_MMSm1T3_Title()} -> Fraction of volatile solids to each tertiary system assumed that 2 per cent is run - off from the feed pad.
A11: CALCULATIONS | D11: {=SourceData_Feedlot.SourceData_Feedlot_MMSm1T3_Source()} -> VEERG 2026: 4.1.2.3 CONSTANTS
A12: =HYPERLINK("#'3.1.1.1-2 Enteric Methane'!A1", "3.1.1.1-2 Enteric Methane") -> 3.1.1.1-2 Enteric Methane | D12: {=SourceData_Feedlot.SourceData_Feedlot_MMSm1T3_Variable()} -> MMSm1T3 | E12: {=SourceData_Feedlot.SourceData_Feedlot_MMSm1T3_Data()} -> 0.02 | F12: {=SourceData_Feedlot.SourceData_Feedlot_MMSm1T3_Unit()} -> Fraction
A14: APPENDICES
A15: =HYPERLINK("#'Constants - Feedlot'!A1", "Constants - Feedlot") -> Constants - Feedlot | D15: {=SourceData_Feedlot.SourceData_Feedlot_AshContent_Title()} -> Ash content of manure.
A16: =HYPERLINK("#'Constants - Livestock'!A1", "Constants - Livestock") -> Constants - Livestock | D16: {=SourceData_Feedlot.SourceData_Feedlot_AshContent_Source()} -> VEERG 2026: 4.1.2.3 CONSTANTS
A17: =HYPERLINK("#'Constants - Common'!A1", "Constants - Common") -> Constants - Common | D17: {=SourceData_Feedlot.SourceData_Feedlot_AshContent_Variable()} -> A | E17: {=SourceData_Feedlot.SourceData_Feedlot_AshContent_Data()} -> 0.16 | F17: {=SourceData_Feedlot.SourceData_Feedlot_AshContent_Unit()} -> Fraction
A18: =HYPERLINK("#'Acknowledgements'!A1", "Acknowledgements") -> Acknowledgements
D20: {=SourceData_Feedlot.SourceData_Feedlot_MethaneEmissionsPotential_Title()} -> Methane emissions potential.
D21: {=SourceData_Feedlot.SourceData_Feedlot_MethaneEmissionsPotential_Source()} -> VEERG 2026: 4.1.2.3 CONSTANTS
D22: {=SourceData_Feedlot.SourceData_Feedlot_MethaneEmissionsPotential_Variable()} -> B0 | E22: {=SourceData_Feedlot.SourceData_Feedlot_MethaneEmissionsPotential_Data()} -> 0.19 | F22: {=SourceData_Feedlot.SourceData_Feedlot_MethaneEmissionsPotential_Unit()} -> m3 CH4 / kg VS
D25: Feedlot manure management systems | G25: Feedlot crop or pasture production systems | J25: Irrigation methods
D27: MMS | E27: Symbol and MMS | G27: Production system | J27: Irrigation method
D28: ='Constants - Livestock'!$E$16 -> Drylot (feed pad) | E28: ='Constants - Livestock'!$F$16 -> Drylot (feed pad) (m=5) | G28: ='Constants - Common'!$F$188 -> Crop | J28: Not irrigated
D29: ='Constants - Livestock'!$E$15 -> Solid storage | E29: ='Constants - Livestock'!$F$15 -> Solid storage (m=4) | G29: ='Constants - Common'!$F$187 -> Pasture | J29: Drip irrigation
D30: ='Constants - Livestock'!$E$17 -> Composting (passive windrow) | E30: ='Constants - Livestock'!$F$17 -> Composting (passive windrow) (m=6) | J30: Sprinkler irrigation
D31: ='Constants - Livestock'!$E$26 -> Direct application | E31: ='Constants - Livestock'!$F$26 -> Direct application (m=13) | J31: Surface irrigation
D32: ='Constants - Livestock'!$E$10 -> Anaerobic lagoon | E32: ='Constants - Livestock'!$F$10 -> Anaerobic lagoon (m=1) | J32: Other irrigation
D36: {=SourceData_Feedlot.SourceData_Feedlot_DurationOfStay_Title()} -> Beef feedlot cattle - Duration of stay (days)
D37: {=SourceData_Feedlot.SourceData_Feedlot_DurationOfStay_Source()} -> VEERG 2026: Table A.1.1.1: Beef feedlot cattle - Duration of stay (days)
D38: Feedlot type | E38: Length of stay
D39: {=Common_InputFunctions.Utility_DisplayArrayInTable(SourceData_Feedlot.SourceData_Feedlot_DurationOfStay_Data(), Table_SourceData_Feedlot_LengthOfStay[[#Headers],[Feedlot type]], 0)} -> Domestic | E39: {=Common_InputFunctions.Utility_DisplayArrayInTable(SourceData_Feedlot.SourceData_Feedlot_DurationOfStay_Data(), Table_SourceData_Feedlot_LengthOfStay[[#Headers],[Feedlot type]], 0)} -> 1-80 days
D40: {=Common_InputFunctions.Utility_DisplayArrayInTable(SourceData_Feedlot.SourceData_Feedlot_DurationOfStay_Data(), Table_SourceData_Feedlot_LengthOfStay[[#Headers],[Feedlot type]], 0)} -> Mid-fed | E40: {=Common_InputFunctions.Utility_DisplayArrayInTable(SourceData_Feedlot.SourceData_Feedlot_DurationOfStay_Data(), Table_SourceData_Feedlot_LengthOfStay[[#Headers],[Feedlot type]], 0)} -> 81-200 days
D41: {=Common_InputFunctions.Utility_DisplayArrayInTable(SourceData_Feedlot.SourceData_Feedlot_DurationOfStay_Data(), Table_SourceData_Feedlot_LengthOfStay[[#Headers],[Feedlot type]], 0)} -> Long-fed | E41: {=Common_InputFunctions.Utility_DisplayArrayInTable(SourceData_Feedlot.SourceData_Feedlot_DurationOfStay_Data(), Table_SourceData_Feedlot_LengthOfStay[[#Headers],[Feedlot type]], 0)} -> 201+ days
D44: {=SourceData_Feedlot.SourceData_Feedlot_AnimalCharacteristics_Title()} -> Beef feedlot cattle - Animal characteristics
D45: {=SourceData_Feedlot.SourceData_Feedlot_AnimalCharacteristics_Source()} -> VEERG 2026: Table A.1.1.2: Beef feedlot cattle - Animal characteristics
D46: {=SourceData_Feedlot.SourceData_Feedlot_AnimalCharacteristics_Variation()} -> VARIATION ON SOURCE:
D47: Moved feedlot types to a separate column to aid lookup.
D48: Named 'characteristic' column - original has header 'Unit' which covers two columns)
D49: Feedlot type | E49: Characteristic | F49: Unit | G49: 2005-2009 | H49: 2010-2014 | I49: 2015-2019 | J49: 2020-2023
D50: {=Common_InputFunctions.Utility_DisplayArrayInTable(SourceData_Feedlot.SourceData_Feedlot_AnimalCharacteristics_Data(), Table_SourceData_Feedlot_AnimalCharacteristics[[#Headers],[Feedlot type]], 0)} -> Domestic | E50: {=Common_InputFunctions.Utility_DisplayArrayInTable(SourceData_Feedlot.SourceData_Feedlot_AnimalCharacteristics_Data(), Table_SourceData_Feedlot_AnimalCharacteristics[[#Headers],[Feedlot type]], 0)} -> Days on feed | F50: {=Common_InputFunctions.Utility_DisplayArrayInTable(SourceData_Feedlot.SourceData_Feedlot_AnimalCharacteristics_Data(), Table_SourceData_Feedlot_AnimalCharacteristics[[#Headers],[Feedlot type]], 0)} -> days | G50: {=Common_InputFunctions.Utility_DisplayArrayInTable(SourceData_Feedlot.SourceData_Feedlot_AnimalCharacteristics_Data(), Table_SourceData_Feedlot_AnimalCharacteristics[[#Headers],[Feedlot type]], 0)} -> 70 | H50: {=Common_InputFunctions.Utility_DisplayArrayInTable(SourceData_Feedlot.SourceData_Feedlot_AnimalCharacteristics_Data(), Table_SourceData_Feedlot_AnimalCharacteristics[[#Headers],[Feedlot type]], 0)} -> 70 | I50: {=Common_InputFunctions.Utility_DisplayArrayInTable(SourceData_Feedlot.SourceData_Feedlot_AnimalCharacteristics_Data(), Table_SourceData_Feedlot_AnimalCharacteristics[[#Headers],[Feedlot type]], 0)} -> 70 | J50: {=Common_InputFunctions.Utility_DisplayArrayInTable(SourceData_Feedlot.SourceData_Feedlot_AnimalCharacteristics_Data(), Table_SourceData_Feedlot_AnimalCharacteristics[[#Headers],[Feedlot type]], 0)} -> 75
D51: {=Common_InputFunctions.Utility_DisplayArrayInTable(SourceData_Feedlot.SourceData_Feedlot_AnimalCharacteristics_Data(), Table_SourceData_Feedlot_AnimalCharacteristics[[#Headers],[Feedlot type]], 0)} -> Domestic | E51: {=Common_InputFunctions.Utility_DisplayArrayInTable(SourceData_Feedlot.SourceData_Feedlot_AnimalCharacteristics_Data(), Table_SourceData_Feedlot_AnimalCharacteristics[[#Headers],[Feedlot type]], 0)} -> Feed intake | F51: {=Common_InputFunctions.Utility_DisplayArrayInTable(SourceData_Feedlot.SourceData_Feedlot_AnimalCharacteristics_Data(), Table_SourceData_Feedlot_AnimalCharacteristics[[#Headers],[Feedlot type]], 0)} -> kg DM/day | G51: {=Common_InputFunctions.Utility_DisplayArrayInTable(SourceData_Feedlot.SourceData_Feedlot_AnimalCharacteristics_Data(), Table_SourceData_Feedlot_AnimalCharacteristics[[#Headers],[Feedlot type]], 0)} -> 10 | H51: {=Common_InputFunctions.Utility_DisplayArrayInTable(SourceData_Feedlot.SourceData_Feedlot_AnimalCharacteristics_Data(), Table_SourceData_Feedlot_AnimalCharacteristics[[#Headers],[Feedlot type]], 0)} -> 10 | I51: {=Common_InputFunctions.Utility_DisplayArrayInTable(SourceData_Feedlot.SourceData_Feedlot_AnimalCharacteristics_Data(), Table_SourceData_Feedlot_AnimalCharacteristics[[#Headers],[Feedlot type]], 0)} -> 10.4 | J51: {=Common_InputFunctions.Utility_DisplayArrayInTable(SourceData_Feedlot.SourceData_Feedlot_AnimalCharacteristics_Data(), Table_SourceData_Feedlot_AnimalCharacteristics[[#Headers],[Feedlot type]], 0)} -> 10.4
D52: {=Common_InputFunctions.Utility_DisplayArrayInTable(SourceData_Feedlot.SourceData_Feedlot_AnimalCharacteristics_Data(), Table_SourceData_Feedlot_AnimalCharacteristics[[#Headers],[Feedlot type]], 0)} -> Domestic | E52: {=Common_InputFunctions.Utility_DisplayArrayInTable(SourceData_Feedlot.SourceData_Feedlot_AnimalCharacteristics_Data(), Table_SourceData_Feedlot_AnimalCharacteristics[[#Headers],[Feedlot type]], 0)} -> N retention | F52: {=Common_InputFunctions.Utility_DisplayArrayInTable(SourceData_Feedlot.SourceData_Feedlot_AnimalCharacteristics_Data(), Table_SourceData_Feedlot_AnimalCharacteristics[[#Headers],[Feedlot type]], 0)} -> per cent of intake | G52: {=Common_InputFunctions.Utility_DisplayArrayInTable(SourceData_Feedlot.SourceData_Feedlot_AnimalCharacteristics_Data(), Table_SourceData_Feedlot_AnimalCharacteristics[[#Headers],[Feedlot type]], 0)} -> 21.1 | H52: {=Common_InputFunctions.Utility_DisplayArrayInTable(SourceData_Feedlot.SourceData_Feedlot_AnimalCharacteristics_Data(), Table_SourceData_Feedlot_AnimalCharacteristics[[#Headers],[Feedlot type]], 0)} -> 20.4 | I52: {=Common_InputFunctions.Utility_DisplayArrayInTable(SourceData_Feedlot.SourceData_Feedlot_AnimalCharacteristics_Data(), Table_SourceData_Feedlot_AnimalCharacteristics[[#Headers],[Feedlot type]], 0)} -> 20.4 | J52: {=Common_InputFunctions.Utility_DisplayArrayInTable(SourceData_Feedlot.SourceData_Feedlot_AnimalCharacteristics_Data(), Table_SourceData_Feedlot_AnimalCharacteristics[[#Headers],[Feedlot type]], 0)} -> 20.4
D53: {=Common_InputFunctions.Utility_DisplayArrayInTable(SourceData_Feedlot.SourceData_Feedlot_AnimalCharacteristics_Data(), Table_SourceData_Feedlot_AnimalCharacteristics[[#Headers],[Feedlot type]], 0)} -> Mid-fed | E53: {=Common_InputFunctions.Utility_DisplayArrayInTable(SourceData_Feedlot.SourceData_Feedlot_AnimalCharacteristics_Data(), Table_SourceData_Feedlot_AnimalCharacteristics[[#Headers],[Feedlot type]], 0)} -> Days on feed | F53: {=Common_InputFunctions.Utility_DisplayArrayInTable(SourceData_Feedlot.SourceData_Feedlot_AnimalCharacteristics_Data(), Table_SourceData_Feedlot_AnimalCharacteristics[[#Headers],[Feedlot type]], 0)} -> days | G53: {=Common_InputFunctions.Utility_DisplayArrayInTable(SourceData_Feedlot.SourceData_Feedlot_AnimalCharacteristics_Data(), Table_SourceData_Feedlot_AnimalCharacteristics[[#Headers],[Feedlot type]], 0)} -> 115 | H53: {=Common_InputFunctions.Utility_DisplayArrayInTable(SourceData_Feedlot.SourceData_Feedlot_AnimalCharacteristics_Data(), Table_SourceData_Feedlot_AnimalCharacteristics[[#Headers],[Feedlot type]], 0)} -> 115 | I53: {=Common_InputFunctions.Utility_DisplayArrayInTable(SourceData_Feedlot.SourceData_Feedlot_AnimalCharacteristics_Data(), Table_SourceData_Feedlot_AnimalCharacteristics[[#Headers],[Feedlot type]], 0)} -> 120 | J53: {=Common_InputFunctions.Utility_DisplayArrayInTable(SourceData_Feedlot.SourceData_Feedlot_AnimalCharacteristics_Data(), Table_SourceData_Feedlot_AnimalCharacteristics[[#Headers],[Feedlot type]], 0)} -> 150
D54: {=Common_InputFunctions.Utility_DisplayArrayInTable(SourceData_Feedlot.SourceData_Feedlot_AnimalCharacteristics_Data(), Table_SourceData_Feedlot_AnimalCharacteristics[[#Headers],[Feedlot type]], 0)} -> Mid-fed | E54: {=Common_InputFunctions.Utility_DisplayArrayInTable(SourceData_Feedlot.SourceData_Feedlot_AnimalCharacteristics_Data(), Table_SourceData_Feedlot_AnimalCharacteristics[[#Headers],[Feedlot type]], 0)} -> Feed intake | F54: {=Common_InputFunctions.Utility_DisplayArrayInTable(SourceData_Feedlot.SourceData_Feedlot_AnimalCharacteristics_Data(), Table_SourceData_Feedlot_AnimalCharacteristics[[#Headers],[Feedlot type]], 0)} -> kg DM/day | G54: {=Common_InputFunctions.Utility_DisplayArrayInTable(SourceData_Feedlot.SourceData_Feedlot_AnimalCharacteristics_Data(), Table_SourceData_Feedlot_AnimalCharacteristics[[#Headers],[Feedlot type]], 0)} -> 11.2 | H54: {=Common_InputFunctions.Utility_DisplayArrayInTable(SourceData_Feedlot.SourceData_Feedlot_AnimalCharacteristics_Data(), Table_SourceData_Feedlot_AnimalCharacteristics[[#Headers],[Feedlot type]], 0)} -> 10.8 | I54: {=Common_InputFunctions.Utility_DisplayArrayInTable(SourceData_Feedlot.SourceData_Feedlot_AnimalCharacteristics_Data(), Table_SourceData_Feedlot_AnimalCharacteristics[[#Headers],[Feedlot type]], 0)} -> 10.8 | J54: {=Common_InputFunctions.Utility_DisplayArrayInTable(SourceData_Feedlot.SourceData_Feedlot_AnimalCharacteristics_Data(), Table_SourceData_Feedlot_AnimalCharacteristics[[#Headers],[Feedlot type]], 0)} -> 10.8
D55: {=Common_InputFunctions.Utility_DisplayArrayInTable(SourceData_Feedlot.SourceData_Feedlot_AnimalCharacteristics_Data(), Table_SourceData_Feedlot_AnimalCharacteristics[[#Headers],[Feedlot type]], 0)} -> Mid-fed | E55: {=Common_InputFunctions.Utility_DisplayArrayInTable(SourceData_Feedlot.SourceData_Feedlot_AnimalCharacteristics_Data(), Table_SourceData_Feedlot_AnimalCharacteristics[[#Headers],[Feedlot type]], 0)} -> N retention | F55: {=Common_InputFunctions.Utility_DisplayArrayInTable(SourceData_Feedlot.SourceData_Feedlot_AnimalCharacteristics_Data(), Table_SourceData_Feedlot_AnimalCharacteristics[[#Headers],[Feedlot type]], 0)} -> per cent of intake | G55: {=Common_InputFunctions.Utility_DisplayArrayInTable(SourceData_Feedlot.SourceData_Feedlot_AnimalCharacteristics_Data(), Table_SourceData_Feedlot_AnimalCharacteristics[[#Headers],[Feedlot type]], 0)} -> 12.5 | H55: {=Common_InputFunctions.Utility_DisplayArrayInTable(SourceData_Feedlot.SourceData_Feedlot_AnimalCharacteristics_Data(), Table_SourceData_Feedlot_AnimalCharacteristics[[#Headers],[Feedlot type]], 0)} -> 12.7 | I55: {=Common_InputFunctions.Utility_DisplayArrayInTable(SourceData_Feedlot.SourceData_Feedlot_AnimalCharacteristics_Data(), Table_SourceData_Feedlot_AnimalCharacteristics[[#Headers],[Feedlot type]], 0)} -> 12.7 | J55: {=Common_InputFunctions.Utility_DisplayArrayInTable(SourceData_Feedlot.SourceData_Feedlot_AnimalCharacteristics_Data(), Table_SourceData_Feedlot_AnimalCharacteristics[[#Headers],[Feedlot type]], 0)} -> 12.7
D56: {=Common_InputFunctions.Utility_DisplayArrayInTable(SourceData_Feedlot.SourceData_Feedlot_AnimalCharacteristics_Data(), Table_SourceData_Feedlot_AnimalCharacteristics[[#Headers],[Feedlot type]], 0)} -> Long-fed | E56: {=Common_InputFunctions.Utility_DisplayArrayInTable(SourceData_Feedlot.SourceData_Feedlot_AnimalCharacteristics_Data(), Table_SourceData_Feedlot_AnimalCharacteristics[[#Headers],[Feedlot type]], 0)} -> Days on feed | F56: {=Common_InputFunctions.Utility_DisplayArrayInTable(SourceData_Feedlot.SourceData_Feedlot_AnimalCharacteristics_Data(), Table_SourceData_Feedlot_AnimalCharacteristics[[#Headers],[Feedlot type]], 0)} -> days | G56: {=Common_InputFunctions.Utility_DisplayArrayInTable(SourceData_Feedlot.SourceData_Feedlot_AnimalCharacteristics_Data(), Table_SourceData_Feedlot_AnimalCharacteristics[[#Headers],[Feedlot type]], 0)} -> 250 | H56: {=Common_InputFunctions.Utility_DisplayArrayInTable(SourceData_Feedlot.SourceData_Feedlot_AnimalCharacteristics_Data(), Table_SourceData_Feedlot_AnimalCharacteristics[[#Headers],[Feedlot type]], 0)} -> 250 | I56: {=Common_InputFunctions.Utility_DisplayArrayInTable(SourceData_Feedlot.SourceData_Feedlot_AnimalCharacteristics_Data(), Table_SourceData_Feedlot_AnimalCharacteristics[[#Headers],[Feedlot type]], 0)} -> 250 | J56: {=Common_InputFunctions.Utility_DisplayArrayInTable(SourceData_Feedlot.SourceData_Feedlot_AnimalCharacteristics_Data(), Table_SourceData_Feedlot_AnimalCharacteristics[[#Headers],[Feedlot type]], 0)} -> 250
D57: {=Common_InputFunctions.Utility_DisplayArrayInTable(SourceData_Feedlot.SourceData_Feedlot_AnimalCharacteristics_Data(), Table_SourceData_Feedlot_AnimalCharacteristics[[#Headers],[Feedlot type]], 0)} -> Long-fed | E57: {=Common_InputFunctions.Utility_DisplayArrayInTable(SourceData_Feedlot.SourceData_Feedlot_AnimalCharacteristics_Data(), Table_SourceData_Feedlot_AnimalCharacteristics[[#Headers],[Feedlot type]], 0)} -> Feed intake | F57: {=Common_InputFunctions.Utility_DisplayArrayInTable(SourceData_Feedlot.SourceData_Feedlot_AnimalCharacteristics_Data(), Table_SourceData_Feedlot_AnimalCharacteristics[[#Headers],[Feedlot type]], 0)} -> kg DM/day | G57: {=Common_InputFunctions.Utility_DisplayArrayInTable(SourceData_Feedlot.SourceData_Feedlot_AnimalCharacteristics_Data(), Table_SourceData_Feedlot_AnimalCharacteristics[[#Headers],[Feedlot type]], 0)} -> 9 | H57: {=Common_InputFunctions.Utility_DisplayArrayInTable(SourceData_Feedlot.SourceData_Feedlot_AnimalCharacteristics_Data(), Table_SourceData_Feedlot_AnimalCharacteristics[[#Headers],[Feedlot type]], 0)} -> 8.5 | I57: {=Common_InputFunctions.Utility_DisplayArrayInTable(SourceData_Feedlot.SourceData_Feedlot_AnimalCharacteristics_Data(), Table_SourceData_Feedlot_AnimalCharacteristics[[#Headers],[Feedlot type]], 0)} -> 8.2 | J57: {=Common_InputFunctions.Utility_DisplayArrayInTable(SourceData_Feedlot.SourceData_Feedlot_AnimalCharacteristics_Data(), Table_SourceData_Feedlot_AnimalCharacteristics[[#Headers],[Feedlot type]], 0)} -> 8.2
D58: {=Common_InputFunctions.Utility_DisplayArrayInTable(SourceData_Feedlot.SourceData_Feedlot_AnimalCharacteristics_Data(), Table_SourceData_Feedlot_AnimalCharacteristics[[#Headers],[Feedlot type]], 0)} -> Long-fed | E58: {=Common_InputFunctions.Utility_DisplayArrayInTable(SourceData_Feedlot.SourceData_Feedlot_AnimalCharacteristics_Data(), Table_SourceData_Feedlot_AnimalCharacteristics[[#Headers],[Feedlot type]], 0)} -> N retention | F58: {=Common_InputFunctions.Utility_DisplayArrayInTable(SourceData_Feedlot.SourceData_Feedlot_AnimalCharacteristics_Data(), Table_SourceData_Feedlot_AnimalCharacteristics[[#Headers],[Feedlot type]], 0)} -> per cent of intake | G58: {=Common_InputFunctions.Utility_DisplayArrayInTable(SourceData_Feedlot.SourceData_Feedlot_AnimalCharacteristics_Data(), Table_SourceData_Feedlot_AnimalCharacteristics[[#Headers],[Feedlot type]], 0)} -> 6.6 | H58: {=Common_InputFunctions.Utility_DisplayArrayInTable(SourceData_Feedlot.SourceData_Feedlot_AnimalCharacteristics_Data(), Table_SourceData_Feedlot_AnimalCharacteristics[[#Headers],[Feedlot type]], 0)} -> 7 | I58: {=Common_InputFunctions.Utility_DisplayArrayInTable(SourceData_Feedlot.SourceData_Feedlot_AnimalCharacteristics_Data(), Table_SourceData_Feedlot_AnimalCharacteristics[[#Headers],[Feedlot type]], 0)} -> 7 | J58: {=Common_InputFunctions.Utility_DisplayArrayInTable(SourceData_Feedlot.SourceData_Feedlot_AnimalCharacteristics_Data(), Table_SourceData_Feedlot_AnimalCharacteristics[[#Headers],[Feedlot type]], 0)} -> 7
D61: {=SourceData_Feedlot.SourceData_Feedlot_DietProperties_Title()} -> Beef feedlot cattle - Diet properties
D62: {=SourceData_Feedlot.SourceData_Feedlot_DietProperties_Source()} -> VEERG 2026: Table A.1.1.3: Beef feedlot cattle - Diet properties
D63: {=SourceData_Feedlot.SourceData_Feedlot_DietProperties_Variation()} -> VARIATION ON SOURCE:
D64: Added 'Converted to fraction column and converted NDF and Ether extract values to fractions.
D65: Moved feedlot types to a separate column to aid lookup.
D66: Feedlot type | E66: Nutrient analysis | F66: Unit | G66: 2010-2014 | H66: 2015-2019 | I66: 2020-2023 | J66: 2020-2023 Converted to fraction
D67: {=Common_InputFunctions.Utility_DisplayArrayInTable(SourceData_Feedlot.SourceData_Feedlot_DietProperties_Data(), Table_SourceData_Feedlot_DietProperties[[#Headers],[Feedlot type]], 0)} -> Domestic | E67: {=Common_InputFunctions.Utility_DisplayArrayInTable(SourceData_Feedlot.SourceData_Feedlot_DietProperties_Data(), Table_SourceData_Feedlot_DietProperties[[#Headers],[Feedlot type]], 0)} -> Dry matter digestibility | F67: {=Common_InputFunctions.Utility_DisplayArrayInTable(SourceData_Feedlot.SourceData_Feedlot_DietProperties_Data(), Table_SourceData_Feedlot_DietProperties[[#Headers],[Feedlot type]], 0)} -> fraction | G67: {=Common_InputFunctions.Utility_DisplayArrayInTable(SourceData_Feedlot.SourceData_Feedlot_DietProperties_Data(), Table_SourceData_Feedlot_DietProperties[[#Headers],[Feedlot type]], 0)} -> 0.81 | H67: {=Common_InputFunctions.Utility_DisplayArrayInTable(SourceData_Feedlot.SourceData_Feedlot_DietProperties_Data(), Table_SourceData_Feedlot_DietProperties[[#Headers],[Feedlot type]], 0)} -> 0.81 | I67: {=Common_InputFunctions.Utility_DisplayArrayInTable(SourceData_Feedlot.SourceData_Feedlot_DietProperties_Data(), Table_SourceData_Feedlot_DietProperties[[#Headers],[Feedlot type]], 0)} -> 0.81 | J67: {=Common_InputFunctions.Utility_DisplayArrayInTable(SourceData_Feedlot.SourceData_Feedlot_DietProperties_Data(), Table_SourceData_Feedlot_DietProperties[[#Headers],[Feedlot type]], 0)} -> 0.81
D68: {=Common_InputFunctions.Utility_DisplayArrayInTable(SourceData_Feedlot.SourceData_Feedlot_DietProperties_Data(), Table_SourceData_Feedlot_DietProperties[[#Headers],[Feedlot type]], 0)} -> Domestic | E68: {=Common_InputFunctions.Utility_DisplayArrayInTable(SourceData_Feedlot.SourceData_Feedlot_DietProperties_Data(), Table_SourceData_Feedlot_DietProperties[[#Headers],[Feedlot type]], 0)} -> Crude protein | F68: {=Common_InputFunctions.Utility_DisplayArrayInTable(SourceData_Feedlot.SourceData_Feedlot_DietProperties_Data(), Table_SourceData_Feedlot_DietProperties[[#Headers],[Feedlot type]], 0)} -> fraction | G68: {=Common_InputFunctions.Utility_DisplayArrayInTable(SourceData_Feedlot.SourceData_Feedlot_DietProperties_Data(), Table_SourceData_Feedlot_DietProperties[[#Headers],[Feedlot type]], 0)} -> 0.14 | H68: {=Common_InputFunctions.Utility_DisplayArrayInTable(SourceData_Feedlot.SourceData_Feedlot_DietProperties_Data(), Table_SourceData_Feedlot_DietProperties[[#Headers],[Feedlot type]], 0)} -> 0.14 | I68: {=Common_InputFunctions.Utility_DisplayArrayInTable(SourceData_Feedlot.SourceData_Feedlot_DietProperties_Data(), Table_SourceData_Feedlot_DietProperties[[#Headers],[Feedlot type]], 0)} -> 0.14 | J68: {=Common_InputFunctions.Utility_DisplayArrayInTable(SourceData_Feedlot.SourceData_Feedlot_DietProperties_Data(), Table_SourceData_Feedlot_DietProperties[[#Headers],[Feedlot type]], 0)} -> 0.14
D69: {=Common_InputFunctions.Utility_DisplayArrayInTable(SourceData_Feedlot.SourceData_Feedlot_DietProperties_Data(), Table_SourceData_Feedlot_DietProperties[[#Headers],[Feedlot type]], 0)} -> Domestic | E69: {=Common_InputFunctions.Utility_DisplayArrayInTable(SourceData_Feedlot.SourceData_Feedlot_DietProperties_Data(), Table_SourceData_Feedlot_DietProperties[[#Headers],[Feedlot type]], 0)} -> NDF | F69: {=Common_InputFunctions.Utility_DisplayArrayInTable(SourceData_Feedlot.SourceData_Feedlot_DietProperties_Data(), Table_SourceData_Feedlot_DietProperties[[#Headers],[Feedlot type]], 0)} -> per cent | G69: {=Common_InputFunctions.Utility_DisplayArrayInTable(SourceData_Feedlot.SourceData_Feedlot_DietProperties_Data(), Table_SourceData_Feedlot_DietProperties[[#Headers],[Feedlot type]], 0)} -> 23 | H69: {=Common_InputFunctions.Utility_DisplayArrayInTable(SourceData_Feedlot.SourceData_Feedlot_DietProperties_Data(), Table_SourceData_Feedlot_DietProperties[[#Headers],[Feedlot type]], 0)} -> 22 | I69: {=Common_InputFunctions.Utility_DisplayArrayInTable(SourceData_Feedlot.SourceData_Feedlot_DietProperties_Data(), Table_SourceData_Feedlot_DietProperties[[#Headers],[Feedlot type]], 0)} -> 22 | J69: {=Common_InputFunctions.Utility_DisplayArrayInTable(SourceData_Feedlot.SourceData_Feedlot_DietProperties_Data(), Table_SourceData_Feedlot_DietProperties[[#Headers],[Feedlot type]], 0)} -> 22
D70: {=Common_InputFunctions.Utility_DisplayArrayInTable(SourceData_Feedlot.SourceData_Feedlot_DietProperties_Data(), Table_SourceData_Feedlot_DietProperties[[#Headers],[Feedlot type]], 0)} -> Domestic | E70: {=Common_InputFunctions.Utility_DisplayArrayInTable(SourceData_Feedlot.SourceData_Feedlot_DietProperties_Data(), Table_SourceData_Feedlot_DietProperties[[#Headers],[Feedlot type]], 0)} -> Ether Extract | F70: {=Common_InputFunctions.Utility_DisplayArrayInTable(SourceData_Feedlot.SourceData_Feedlot_DietProperties_Data(), Table_SourceData_Feedlot_DietProperties[[#Headers],[Feedlot type]], 0)} -> per cent | G70: {=Common_InputFunctions.Utility_DisplayArrayInTable(SourceData_Feedlot.SourceData_Feedlot_DietProperties_Data(), Table_SourceData_Feedlot_DietProperties[[#Headers],[Feedlot type]], 0)} -> 4.5 | H70: {=Common_InputFunctions.Utility_DisplayArrayInTable(SourceData_Feedlot.SourceData_Feedlot_DietProperties_Data(), Table_SourceData_Feedlot_DietProperties[[#Headers],[Feedlot type]], 0)} -> 4.5 | I70: {=Common_InputFunctions.Utility_DisplayArrayInTable(SourceData_Feedlot.SourceData_Feedlot_DietProperties_Data(), Table_SourceData_Feedlot_DietProperties[[#Headers],[Feedlot type]], 0)} -> 4.8 | J70: {=Common_InputFunctions.Utility_DisplayArrayInTable(SourceData_Feedlot.SourceData_Feedlot_DietProperties_Data(), Table_SourceData_Feedlot_DietProperties[[#Headers],[Feedlot type]], 0)} -> 4.8
D71: {=Common_InputFunctions.Utility_DisplayArrayInTable(SourceData_Feedlot.SourceData_Feedlot_DietProperties_Data(), Table_SourceData_Feedlot_DietProperties[[#Headers],[Feedlot type]], 0)} -> Mid-fed | E71: {=Common_InputFunctions.Utility_DisplayArrayInTable(SourceData_Feedlot.SourceData_Feedlot_DietProperties_Data(), Table_SourceData_Feedlot_DietProperties[[#Headers],[Feedlot type]], 0)} -> Dry matter digestibility | F71: {=Common_InputFunctions.Utility_DisplayArrayInTable(SourceData_Feedlot.SourceData_Feedlot_DietProperties_Data(), Table_SourceData_Feedlot_DietProperties[[#Headers],[Feedlot type]], 0)} -> fraction | G71: {=Common_InputFunctions.Utility_DisplayArrayInTable(SourceData_Feedlot.SourceData_Feedlot_DietProperties_Data(), Table_SourceData_Feedlot_DietProperties[[#Headers],[Feedlot type]], 0)} -> 0.81 | H71: {=Common_InputFunctions.Utility_DisplayArrayInTable(SourceData_Feedlot.SourceData_Feedlot_DietProperties_Data(), Table_SourceData_Feedlot_DietProperties[[#Headers],[Feedlot type]], 0)} -> 0.81 | I71: {=Common_InputFunctions.Utility_DisplayArrayInTable(SourceData_Feedlot.SourceData_Feedlot_DietProperties_Data(), Table_SourceData_Feedlot_DietProperties[[#Headers],[Feedlot type]], 0)} -> 0.81 | J71: {=Common_InputFunctions.Utility_DisplayArrayInTable(SourceData_Feedlot.SourceData_Feedlot_DietProperties_Data(), Table_SourceData_Feedlot_DietProperties[[#Headers],[Feedlot type]], 0)} -> 0.81
D72: {=Common_InputFunctions.Utility_DisplayArrayInTable(SourceData_Feedlot.SourceData_Feedlot_DietProperties_Data(), Table_SourceData_Feedlot_DietProperties[[#Headers],[Feedlot type]], 0)} -> Mid-fed | E72: {=Common_InputFunctions.Utility_DisplayArrayInTable(SourceData_Feedlot.SourceData_Feedlot_DietProperties_Data(), Table_SourceData_Feedlot_DietProperties[[#Headers],[Feedlot type]], 0)} -> Crude protein | F72: {=Common_InputFunctions.Utility_DisplayArrayInTable(SourceData_Feedlot.SourceData_Feedlot_DietProperties_Data(), Table_SourceData_Feedlot_DietProperties[[#Headers],[Feedlot type]], 0)} -> fraction | G72: {=Common_InputFunctions.Utility_DisplayArrayInTable(SourceData_Feedlot.SourceData_Feedlot_DietProperties_Data(), Table_SourceData_Feedlot_DietProperties[[#Headers],[Feedlot type]], 0)} -> 0.13 | H72: {=Common_InputFunctions.Utility_DisplayArrayInTable(SourceData_Feedlot.SourceData_Feedlot_DietProperties_Data(), Table_SourceData_Feedlot_DietProperties[[#Headers],[Feedlot type]], 0)} -> 0.125 | I72: {=Common_InputFunctions.Utility_DisplayArrayInTable(SourceData_Feedlot.SourceData_Feedlot_DietProperties_Data(), Table_SourceData_Feedlot_DietProperties[[#Headers],[Feedlot type]], 0)} -> 0.12 | J72: {=Common_InputFunctions.Utility_DisplayArrayInTable(SourceData_Feedlot.SourceData_Feedlot_DietProperties_Data(), Table_SourceData_Feedlot_DietProperties[[#Headers],[Feedlot type]], 0)} -> 0.12
D73: {=Common_InputFunctions.Utility_DisplayArrayInTable(SourceData_Feedlot.SourceData_Feedlot_DietProperties_Data(), Table_SourceData_Feedlot_DietProperties[[#Headers],[Feedlot type]], 0)} -> Mid-fed | E73: {=Common_InputFunctions.Utility_DisplayArrayInTable(SourceData_Feedlot.SourceData_Feedlot_DietProperties_Data(), Table_SourceData_Feedlot_DietProperties[[#Headers],[Feedlot type]], 0)} -> NDF | F73: {=Common_InputFunctions.Utility_DisplayArrayInTable(SourceData_Feedlot.SourceData_Feedlot_DietProperties_Data(), Table_SourceData_Feedlot_DietProperties[[#Headers],[Feedlot type]], 0)} -> per cent | G73: {=Common_InputFunctions.Utility_DisplayArrayInTable(SourceData_Feedlot.SourceData_Feedlot_DietProperties_Data(), Table_SourceData_Feedlot_DietProperties[[#Headers],[Feedlot type]], 0)} -> 24 | H73: {=Common_InputFunctions.Utility_DisplayArrayInTable(SourceData_Feedlot.SourceData_Feedlot_DietProperties_Data(), Table_SourceData_Feedlot_DietProperties[[#Headers],[Feedlot type]], 0)} -> 22 | I73: {=Common_InputFunctions.Utility_DisplayArrayInTable(SourceData_Feedlot.SourceData_Feedlot_DietProperties_Data(), Table_SourceData_Feedlot_DietProperties[[#Headers],[Feedlot type]], 0)} -> 22 | J73: {=Common_InputFunctions.Utility_DisplayArrayInTable(SourceData_Feedlot.SourceData_Feedlot_DietProperties_Data(), Table_SourceData_Feedlot_DietProperties[[#Headers],[Feedlot type]], 0)} -> 22
D74: {=Common_InputFunctions.Utility_DisplayArrayInTable(SourceData_Feedlot.SourceData_Feedlot_DietProperties_Data(), Table_SourceData_Feedlot_DietProperties[[#Headers],[Feedlot type]], 0)} -> Mid-fed | E74: {=Common_InputFunctions.Utility_DisplayArrayInTable(SourceData_Feedlot.SourceData_Feedlot_DietProperties_Data(), Table_SourceData_Feedlot_DietProperties[[#Headers],[Feedlot type]], 0)} -> Ether Extract | F74: {=Common_InputFunctions.Utility_DisplayArrayInTable(SourceData_Feedlot.SourceData_Feedlot_DietProperties_Data(), Table_SourceData_Feedlot_DietProperties[[#Headers],[Feedlot type]], 0)} -> per cent | G74: {=Common_InputFunctions.Utility_DisplayArrayInTable(SourceData_Feedlot.SourceData_Feedlot_DietProperties_Data(), Table_SourceData_Feedlot_DietProperties[[#Headers],[Feedlot type]], 0)} -> 5 | H74: {=Common_InputFunctions.Utility_DisplayArrayInTable(SourceData_Feedlot.SourceData_Feedlot_DietProperties_Data(), Table_SourceData_Feedlot_DietProperties[[#Headers],[Feedlot type]], 0)} -> 5 | I74: {=Common_InputFunctions.Utility_DisplayArrayInTable(SourceData_Feedlot.SourceData_Feedlot_DietProperties_Data(), Table_SourceData_Feedlot_DietProperties[[#Headers],[Feedlot type]], 0)} -> 5 | J74: {=Common_InputFunctions.Utility_DisplayArrayInTable(SourceData_Feedlot.SourceData_Feedlot_DietProperties_Data(), Table_SourceData_Feedlot_DietProperties[[#Headers],[Feedlot type]], 0)} -> 5
D75: {=Common_InputFunctions.Utility_DisplayArrayInTable(SourceData_Feedlot.SourceData_Feedlot_DietProperties_Data(), Table_SourceData_Feedlot_DietProperties[[#Headers],[Feedlot type]], 0)} -> Long-Fed | E75: {=Common_InputFunctions.Utility_DisplayArrayInTable(SourceData_Feedlot.SourceData_Feedlot_DietProperties_Data(), Table_SourceData_Feedlot_DietProperties[[#Headers],[Feedlot type]], 0)} -> Dry matter digestibility | F75: {=Common_InputFunctions.Utility_DisplayArrayInTable(SourceData_Feedlot.SourceData_Feedlot_DietProperties_Data(), Table_SourceData_Feedlot_DietProperties[[#Headers],[Feedlot type]], 0)} -> fraction | G75: {=Common_InputFunctions.Utility_DisplayArrayInTable(SourceData_Feedlot.SourceData_Feedlot_DietProperties_Data(), Table_SourceData_Feedlot_DietProperties[[#Headers],[Feedlot type]], 0)} -> 0.81 | H75: {=Common_InputFunctions.Utility_DisplayArrayInTable(SourceData_Feedlot.SourceData_Feedlot_DietProperties_Data(), Table_SourceData_Feedlot_DietProperties[[#Headers],[Feedlot type]], 0)} -> 0.81 | I75: {=Common_InputFunctions.Utility_DisplayArrayInTable(SourceData_Feedlot.SourceData_Feedlot_DietProperties_Data(), Table_SourceData_Feedlot_DietProperties[[#Headers],[Feedlot type]], 0)} -> 0.81 | J75: {=Common_InputFunctions.Utility_DisplayArrayInTable(SourceData_Feedlot.SourceData_Feedlot_DietProperties_Data(), Table_SourceData_Feedlot_DietProperties[[#Headers],[Feedlot type]], 0)} -> 0.81
D76: {=Common_InputFunctions.Utility_DisplayArrayInTable(SourceData_Feedlot.SourceData_Feedlot_DietProperties_Data(), Table_SourceData_Feedlot_DietProperties[[#Headers],[Feedlot type]], 0)} -> Long-Fed | E76: {=Common_InputFunctions.Utility_DisplayArrayInTable(SourceData_Feedlot.SourceData_Feedlot_DietProperties_Data(), Table_SourceData_Feedlot_DietProperties[[#Headers],[Feedlot type]], 0)} -> Crude protein | F76: {=Common_InputFunctions.Utility_DisplayArrayInTable(SourceData_Feedlot.SourceData_Feedlot_DietProperties_Data(), Table_SourceData_Feedlot_DietProperties[[#Headers],[Feedlot type]], 0)} -> fraction | G76: {=Common_InputFunctions.Utility_DisplayArrayInTable(SourceData_Feedlot.SourceData_Feedlot_DietProperties_Data(), Table_SourceData_Feedlot_DietProperties[[#Headers],[Feedlot type]], 0)} -> 0.13 | H76: {=Common_InputFunctions.Utility_DisplayArrayInTable(SourceData_Feedlot.SourceData_Feedlot_DietProperties_Data(), Table_SourceData_Feedlot_DietProperties[[#Headers],[Feedlot type]], 0)} -> 0.125 | I76: {=Common_InputFunctions.Utility_DisplayArrayInTable(SourceData_Feedlot.SourceData_Feedlot_DietProperties_Data(), Table_SourceData_Feedlot_DietProperties[[#Headers],[Feedlot type]], 0)} -> 0.12 | J76: {=Common_InputFunctions.Utility_DisplayArrayInTable(SourceData_Feedlot.SourceData_Feedlot_DietProperties_Data(), Table_SourceData_Feedlot_DietProperties[[#Headers],[Feedlot type]], 0)} -> 0.12
D77: {=Common_InputFunctions.Utility_DisplayArrayInTable(SourceData_Feedlot.SourceData_Feedlot_DietProperties_Data(), Table_SourceData_Feedlot_DietProperties[[#Headers],[Feedlot type]], 0)} -> Long-Fed | E77: {=Common_InputFunctions.Utility_DisplayArrayInTable(SourceData_Feedlot.SourceData_Feedlot_DietProperties_Data(), Table_SourceData_Feedlot_DietProperties[[#Headers],[Feedlot type]], 0)} -> NDF | F77: {=Common_InputFunctions.Utility_DisplayArrayInTable(SourceData_Feedlot.SourceData_Feedlot_DietProperties_Data(), Table_SourceData_Feedlot_DietProperties[[#Headers],[Feedlot type]], 0)} -> per cent | G77: {=Common_InputFunctions.Utility_DisplayArrayInTable(SourceData_Feedlot.SourceData_Feedlot_DietProperties_Data(), Table_SourceData_Feedlot_DietProperties[[#Headers],[Feedlot type]], 0)} -> 24 | H77: {=Common_InputFunctions.Utility_DisplayArrayInTable(SourceData_Feedlot.SourceData_Feedlot_DietProperties_Data(), Table_SourceData_Feedlot_DietProperties[[#Headers],[Feedlot type]], 0)} -> 24 | I77: {=Common_InputFunctions.Utility_DisplayArrayInTable(SourceData_Feedlot.SourceData_Feedlot_DietProperties_Data(), Table_SourceData_Feedlot_DietProperties[[#Headers],[Feedlot type]], 0)} -> 24 | J77: {=Common_InputFunctions.Utility_DisplayArrayInTable(SourceData_Feedlot.SourceData_Feedlot_DietProperties_Data(), Table_SourceData_Feedlot_DietProperties[[#Headers],[Feedlot type]], 0)} -> 24
D78: {=Common_InputFunctions.Utility_DisplayArrayInTable(SourceData_Feedlot.SourceData_Feedlot_DietProperties_Data(), Table_SourceData_Feedlot_DietProperties[[#Headers],[Feedlot type]], 0)} -> Long-Fed | E78: {=Common_InputFunctions.Utility_DisplayArrayInTable(SourceData_Feedlot.SourceData_Feedlot_DietProperties_Data(), Table_SourceData_Feedlot_DietProperties[[#Headers],[Feedlot type]], 0)} -> Ether Extract | F78: {=Common_InputFunctions.Utility_DisplayArrayInTable(SourceData_Feedlot.SourceData_Feedlot_DietProperties_Data(), Table_SourceData_Feedlot_DietProperties[[#Headers],[Feedlot type]], 0)} -> per cent | G78: {=Common_InputFunctions.Utility_DisplayArrayInTable(SourceData_Feedlot.SourceData_Feedlot_DietProperties_Data(), Table_SourceData_Feedlot_DietProperties[[#Headers],[Feedlot type]], 0)} -> 5 | H78: {=Common_InputFunctions.Utility_DisplayArrayInTable(SourceData_Feedlot.SourceData_Feedlot_DietProperties_Data(), Table_SourceData_Feedlot_DietProperties[[#Headers],[Feedlot type]], 0)} -> 5 | I78: {=Common_InputFunctions.Utility_DisplayArrayInTable(SourceData_Feedlot.SourceData_Feedlot_DietProperties_Data(), Table_SourceData_Feedlot_DietProperties[[#Headers],[Feedlot type]], 0)} -> 5.5 | J78: {=Common_InputFunctions.Utility_DisplayArrayInTable(SourceData_Feedlot.SourceData_Feedlot_DietProperties_Data(), Table_SourceData_Feedlot_DietProperties[[#Headers],[Feedlot type]], 0)} -> 5.5
D81: {=SourceData_Feedlot.SourceData_Feedlot_MCF_Title()} -> Feedlot - MCFs
D82: {=SourceData_Feedlot.SourceData_Feedlot_MCF_Source()} -> VEERG 2026: Table A.1.1.4: Beef feedlot cattle - MCFs (fraction) (MCFimT)
D83: {=SourceData_Feedlot.SourceData_Feedlot_MCF_Variation()} -> VARIATION ON SOURCE:
D84: Duplicated NSW values for ACT
D85: Added NT column that duplicates QLD values as per advice from source data provider.
D86: Added TAS column that duplicates VIC values as per advice from source data provider.
D88: Treatment stage T | E88: MMS m | F88: NSW | G88: ACT | H88: QLD | I88: NT | J88: SA | K88: VIC | L88: WA | M88: TAS | N88: NIR definition
D89: {=Common_InputFunctions.Utility_DisplayArrayInTable(SourceData_Feedlot.SourceData_Feedlot_MCF_Data(), Table_SourceData_Feedlot_MCF[[#Headers],[Treatment stage T]], 0)} -> Primary | E89: {=Common_InputFunctions.Utility_DisplayArrayInTable(SourceData_Feedlot.SourceData_Feedlot_MCF_Data(), Table_SourceData_Feedlot_MCF[[#Headers],[Treatment stage T]], 0)} -> Dry lot (Feedpad) | F89: {=Common_InputFunctions.Utility_DisplayArrayInTable(SourceData_Feedlot.SourceData_Feedlot_MCF_Data(), Table_SourceData_Feedlot_MCF[[#Headers],[Treatment stage T]], 0)} -> 0.01 | G89: {=Common_InputFunctions.Utility_DisplayArrayInTable(SourceData_Feedlot.SourceData_Feedlot_MCF_Data(), Table_SourceData_Feedlot_MCF[[#Headers],[Treatment stage T]], 0)} -> 0.01 | H89: {=Common_InputFunctions.Utility_DisplayArrayInTable(SourceData_Feedlot.SourceData_Feedlot_MCF_Data(), Table_SourceData_Feedlot_MCF[[#Headers],[Treatment stage T]], 0)} -> 0.03 | I89: {=Common_InputFunctions.Utility_DisplayArrayInTable(SourceData_Feedlot.SourceData_Feedlot_MCF_Data(), Table_SourceData_Feedlot_MCF[[#Headers],[Treatment stage T]], 0)} -> 0.03 | J89: {=Common_InputFunctions.Utility_DisplayArrayInTable(SourceData_Feedlot.SourceData_Feedlot_MCF_Data(), Table_SourceData_Feedlot_MCF[[#Headers],[Treatment stage T]], 0)} -> 0.01 | K89: {=Common_InputFunctions.Utility_DisplayArrayInTable(SourceData_Feedlot.SourceData_Feedlot_MCF_Data(), Table_SourceData_Feedlot_MCF[[#Headers],[Treatment stage T]], 0)} -> 0.01 | ... N89: {=Common_InputFunctions.Utility_DisplayArrayInTable(SourceData_Feedlot.SourceData_Feedlot_MCF_Data(), Table_SourceData_Feedlot_MCF[[#Headers],[Treatment stage T]], 0)} -> Drylot (feed pad)
D90: {=Common_InputFunctions.Utility_DisplayArrayInTable(SourceData_Feedlot.SourceData_Feedlot_MCF_Data(), Table_SourceData_Feedlot_MCF[[#Headers],[Treatment stage T]], 0)} -> Secondary | E90: {=Common_InputFunctions.Utility_DisplayArrayInTable(SourceData_Feedlot.SourceData_Feedlot_MCF_Data(), Table_SourceData_Feedlot_MCF[[#Headers],[Treatment stage T]], 0)} -> Solid Storage (Stockpile) | F90: {=Common_InputFunctions.Utility_DisplayArrayInTable(SourceData_Feedlot.SourceData_Feedlot_MCF_Data(), Table_SourceData_Feedlot_MCF[[#Headers],[Treatment stage T]], 0)} -> 0.02 | G90: {=Common_InputFunctions.Utility_DisplayArrayInTable(SourceData_Feedlot.SourceData_Feedlot_MCF_Data(), Table_SourceData_Feedlot_MCF[[#Headers],[Treatment stage T]], 0)} -> 0.02 | H90: {=Common_InputFunctions.Utility_DisplayArrayInTable(SourceData_Feedlot.SourceData_Feedlot_MCF_Data(), Table_SourceData_Feedlot_MCF[[#Headers],[Treatment stage T]], 0)} -> 0.02 | I90: {=Common_InputFunctions.Utility_DisplayArrayInTable(SourceData_Feedlot.SourceData_Feedlot_MCF_Data(), Table_SourceData_Feedlot_MCF[[#Headers],[Treatment stage T]], 0)} -> 0.02 | J90: {=Common_InputFunctions.Utility_DisplayArrayInTable(SourceData_Feedlot.SourceData_Feedlot_MCF_Data(), Table_SourceData_Feedlot_MCF[[#Headers],[Treatment stage T]], 0)} -> 0.02 | K90: {=Common_InputFunctions.Utility_DisplayArrayInTable(SourceData_Feedlot.SourceData_Feedlot_MCF_Data(), Table_SourceData_Feedlot_MCF[[#Headers],[Treatment stage T]], 0)} -> 0.02 | ... N90: {=Common_InputFunctions.Utility_DisplayArrayInTable(SourceData_Feedlot.SourceData_Feedlot_MCF_Data(), Table_SourceData_Feedlot_MCF[[#Headers],[Treatment stage T]], 0)} -> Solid storage
D91: {=Common_InputFunctions.Utility_DisplayArrayInTable(SourceData_Feedlot.SourceData_Feedlot_MCF_Data(), Table_SourceData_Feedlot_MCF[[#Headers],[Treatment stage T]], 0)} -> Secondary | E91: {=Common_InputFunctions.Utility_DisplayArrayInTable(SourceData_Feedlot.SourceData_Feedlot_MCF_Data(), Table_SourceData_Feedlot_MCF[[#Headers],[Treatment stage T]], 0)} -> Composting (Passive Windrow) | F91: {=Common_InputFunctions.Utility_DisplayArrayInTable(SourceData_Feedlot.SourceData_Feedlot_MCF_Data(), Table_SourceData_Feedlot_MCF[[#Headers],[Treatment stage T]], 0)} -> 0.01 | G91: {=Common_InputFunctions.Utility_DisplayArrayInTable(SourceData_Feedlot.SourceData_Feedlot_MCF_Data(), Table_SourceData_Feedlot_MCF[[#Headers],[Treatment stage T]], 0)} -> 0.01 | H91: {=Common_InputFunctions.Utility_DisplayArrayInTable(SourceData_Feedlot.SourceData_Feedlot_MCF_Data(), Table_SourceData_Feedlot_MCF[[#Headers],[Treatment stage T]], 0)} -> 0.01 | I91: {=Common_InputFunctions.Utility_DisplayArrayInTable(SourceData_Feedlot.SourceData_Feedlot_MCF_Data(), Table_SourceData_Feedlot_MCF[[#Headers],[Treatment stage T]], 0)} -> 0.01 | J91: {=Common_InputFunctions.Utility_DisplayArrayInTable(SourceData_Feedlot.SourceData_Feedlot_MCF_Data(), Table_SourceData_Feedlot_MCF[[#Headers],[Treatment stage T]], 0)} -> 0.01 | K91: {=Common_InputFunctions.Utility_DisplayArrayInTable(SourceData_Feedlot.SourceData_Feedlot_MCF_Data(), Table_SourceData_Feedlot_MCF[[#Headers],[Treatment stage T]], 0)} -> 0.01 | ... N91: {=Common_InputFunctions.Utility_DisplayArrayInTable(SourceData_Feedlot.SourceData_Feedlot_MCF_Data(), Table_SourceData_Feedlot_MCF[[#Headers],[Treatment stage T]], 0)} -> Composting (passive windrow)
D92: {=Common_InputFunctions.Utility_DisplayArrayInTable(SourceData_Feedlot.SourceData_Feedlot_MCF_Data(), Table_SourceData_Feedlot_MCF[[#Headers],[Treatment stage T]], 0)} -> Secondary | E92: {=Common_InputFunctions.Utility_DisplayArrayInTable(SourceData_Feedlot.SourceData_Feedlot_MCF_Data(), Table_SourceData_Feedlot_MCF[[#Headers],[Treatment stage T]], 0)} -> Direct Application to soil | F92: {=Common_InputFunctions.Utility_DisplayArrayInTable(SourceData_Feedlot.SourceData_Feedlot_MCF_Data(), Table_SourceData_Feedlot_MCF[[#Headers],[Treatment stage T]], 0)} -> 0 | G92: {=Common_InputFunctions.Utility_DisplayArrayInTable(SourceData_Feedlot.SourceData_Feedlot_MCF_Data(), Table_SourceData_Feedlot_MCF[[#Headers],[Treatment stage T]], 0)} -> 0 | H92: {=Common_InputFunctions.Utility_DisplayArrayInTable(SourceData_Feedlot.SourceData_Feedlot_MCF_Data(), Table_SourceData_Feedlot_MCF[[#Headers],[Treatment stage T]], 0)} -> 0 | I92: {=Common_InputFunctions.Utility_DisplayArrayInTable(SourceData_Feedlot.SourceData_Feedlot_MCF_Data(), Table_SourceData_Feedlot_MCF[[#Headers],[Treatment stage T]], 0)} -> 0 | J92: {=Common_InputFunctions.Utility_DisplayArrayInTable(SourceData_Feedlot.SourceData_Feedlot_MCF_Data(), Table_SourceData_Feedlot_MCF[[#Headers],[Treatment stage T]], 0)} -> 0 | K92: {=Common_InputFunctions.Utility_DisplayArrayInTable(SourceData_Feedlot.SourceData_Feedlot_MCF_Data(), Table_SourceData_Feedlot_MCF[[#Headers],[Treatment stage T]], 0)} -> 0 | ... N92: {=Common_InputFunctions.Utility_DisplayArrayInTable(SourceData_Feedlot.SourceData_Feedlot_MCF_Data(), Table_SourceData_Feedlot_MCF[[#Headers],[Treatment stage T]], 0)} -> Direct application
D93: {=Common_InputFunctions.Utility_DisplayArrayInTable(SourceData_Feedlot.SourceData_Feedlot_MCF_Data(), Table_SourceData_Feedlot_MCF[[#Headers],[Treatment stage T]], 0)} -> Tertiary | E93: {=Common_InputFunctions.Utility_DisplayArrayInTable(SourceData_Feedlot.SourceData_Feedlot_MCF_Data(), Table_SourceData_Feedlot_MCF[[#Headers],[Treatment stage T]], 0)} -> Uncovered anaerobic lagoon (Effluent pond) | F93: {=Common_InputFunctions.Utility_DisplayArrayInTable(SourceData_Feedlot.SourceData_Feedlot_MCF_Data(), Table_SourceData_Feedlot_MCF[[#Headers],[Treatment stage T]], 0)} -> 0.75 | G93: {=Common_InputFunctions.Utility_DisplayArrayInTable(SourceData_Feedlot.SourceData_Feedlot_MCF_Data(), Table_SourceData_Feedlot_MCF[[#Headers],[Treatment stage T]], 0)} -> 0.75 | H93: {=Common_InputFunctions.Utility_DisplayArrayInTable(SourceData_Feedlot.SourceData_Feedlot_MCF_Data(), Table_SourceData_Feedlot_MCF[[#Headers],[Treatment stage T]], 0)} -> 0.77 | I93: {=Common_InputFunctions.Utility_DisplayArrayInTable(SourceData_Feedlot.SourceData_Feedlot_MCF_Data(), Table_SourceData_Feedlot_MCF[[#Headers],[Treatment stage T]], 0)} -> 0.77 | J93: {=Common_InputFunctions.Utility_DisplayArrayInTable(SourceData_Feedlot.SourceData_Feedlot_MCF_Data(), Table_SourceData_Feedlot_MCF[[#Headers],[Treatment stage T]], 0)} -> 0.75 | K93: {=Common_InputFunctions.Utility_DisplayArrayInTable(SourceData_Feedlot.SourceData_Feedlot_MCF_Data(), Table_SourceData_Feedlot_MCF[[#Headers],[Treatment stage T]], 0)} -> 0.75 | ... N93: {=Common_InputFunctions.Utility_DisplayArrayInTable(SourceData_Feedlot.SourceData_Feedlot_MCF_Data(), Table_SourceData_Feedlot_MCF[[#Headers],[Treatment stage T]], 0)} -> Anaerobic lagoon
D96: {=SourceData_Feedlot.SourceData_Feedlot_NitrousOxideEFs_Title()} -> Feedlot - Nitrous oxide EFs
D97: {=SourceData_Feedlot.SourceData_Feedlot_NitrousOxideEFs_Source()} -> VEERG 2026: Table A.1.1.5: Beef feedlot cattle - Nitrous oxide EFs (EFmT)
D98: {=SourceData_Feedlot.SourceData_Feedlot_NitrousOxideEFs_Variation()} -> VARIATION ON SOURCE:
D99: Added 'NIR definition' column with MMS names that match NIR definitions.
D100: Treatment stage T | E100: MMS m | F100: EF mT | G100: NIR definition
D101: {=Common_InputFunctions.Utility_DisplayArrayInTable(SourceData_Feedlot.SourceData_Feedlot_NitrousOxideEFs_Data(), Table_SourceData_Feedlot_NO2EFs[[#Headers],[Treatment stage T]], 0)} -> Primary | E101: {=Common_InputFunctions.Utility_DisplayArrayInTable(SourceData_Feedlot.SourceData_Feedlot_NitrousOxideEFs_Data(), Table_SourceData_Feedlot_NO2EFs[[#Headers],[Treatment stage T]], 0)} -> Dry lot (Feedpad) | F101: {=Common_InputFunctions.Utility_DisplayArrayInTable(SourceData_Feedlot.SourceData_Feedlot_NitrousOxideEFs_Data(), Table_SourceData_Feedlot_NO2EFs[[#Headers],[Treatment stage T]], 0)} -> 0.0054 | G101: {=Common_InputFunctions.Utility_DisplayArrayInTable(SourceData_Feedlot.SourceData_Feedlot_NitrousOxideEFs_Data(), Table_SourceData_Feedlot_NO2EFs[[#Headers],[Treatment stage T]], 0)} -> Drylot (feed pad)
D102: {=Common_InputFunctions.Utility_DisplayArrayInTable(SourceData_Feedlot.SourceData_Feedlot_NitrousOxideEFs_Data(), Table_SourceData_Feedlot_NO2EFs[[#Headers],[Treatment stage T]], 0)} -> Secondary | E102: {=Common_InputFunctions.Utility_DisplayArrayInTable(SourceData_Feedlot.SourceData_Feedlot_NitrousOxideEFs_Data(), Table_SourceData_Feedlot_NO2EFs[[#Headers],[Treatment stage T]], 0)} -> Solid Storage (Stockpile) | F102: {=Common_InputFunctions.Utility_DisplayArrayInTable(SourceData_Feedlot.SourceData_Feedlot_NitrousOxideEFs_Data(), Table_SourceData_Feedlot_NO2EFs[[#Headers],[Treatment stage T]], 0)} -> 0.005 | G102: {=Common_InputFunctions.Utility_DisplayArrayInTable(SourceData_Feedlot.SourceData_Feedlot_NitrousOxideEFs_Data(), Table_SourceData_Feedlot_NO2EFs[[#Headers],[Treatment stage T]], 0)} -> Solid storage
D103: {=Common_InputFunctions.Utility_DisplayArrayInTable(SourceData_Feedlot.SourceData_Feedlot_NitrousOxideEFs_Data(), Table_SourceData_Feedlot_NO2EFs[[#Headers],[Treatment stage T]], 0)} -> Secondary | E103: {=Common_InputFunctions.Utility_DisplayArrayInTable(SourceData_Feedlot.SourceData_Feedlot_NitrousOxideEFs_Data(), Table_SourceData_Feedlot_NO2EFs[[#Headers],[Treatment stage T]], 0)} -> Composting (Passive Windrow) | F103: {=Common_InputFunctions.Utility_DisplayArrayInTable(SourceData_Feedlot.SourceData_Feedlot_NitrousOxideEFs_Data(), Table_SourceData_Feedlot_NO2EFs[[#Headers],[Treatment stage T]], 0)} -> 0.01 | G103: {=Common_InputFunctions.Utility_DisplayArrayInTable(SourceData_Feedlot.SourceData_Feedlot_NitrousOxideEFs_Data(), Table_SourceData_Feedlot_NO2EFs[[#Headers],[Treatment stage T]], 0)} -> Composting (passive windrow)
D104: {=Common_InputFunctions.Utility_DisplayArrayInTable(SourceData_Feedlot.SourceData_Feedlot_NitrousOxideEFs_Data(), Table_SourceData_Feedlot_NO2EFs[[#Headers],[Treatment stage T]], 0)} -> Secondary | E104: {=Common_InputFunctions.Utility_DisplayArrayInTable(SourceData_Feedlot.SourceData_Feedlot_NitrousOxideEFs_Data(), Table_SourceData_Feedlot_NO2EFs[[#Headers],[Treatment stage T]], 0)} -> Direct Application to soil | F104: {=Common_InputFunctions.Utility_DisplayArrayInTable(SourceData_Feedlot.SourceData_Feedlot_NitrousOxideEFs_Data(), Table_SourceData_Feedlot_NO2EFs[[#Headers],[Treatment stage T]], 0)} -> 0 | G104: {=Common_InputFunctions.Utility_DisplayArrayInTable(SourceData_Feedlot.SourceData_Feedlot_NitrousOxideEFs_Data(), Table_SourceData_Feedlot_NO2EFs[[#Headers],[Treatment stage T]], 0)} -> Direct application
D105: {=Common_InputFunctions.Utility_DisplayArrayInTable(SourceData_Feedlot.SourceData_Feedlot_NitrousOxideEFs_Data(), Table_SourceData_Feedlot_NO2EFs[[#Headers],[Treatment stage T]], 0)} -> Tertiary | E105: {=Common_InputFunctions.Utility_DisplayArrayInTable(SourceData_Feedlot.SourceData_Feedlot_NitrousOxideEFs_Data(), Table_SourceData_Feedlot_NO2EFs[[#Headers],[Treatment stage T]], 0)} -> Uncovered anaerobic lagoon (Effluent Pond) | F105: {=Common_InputFunctions.Utility_DisplayArrayInTable(SourceData_Feedlot.SourceData_Feedlot_NitrousOxideEFs_Data(), Table_SourceData_Feedlot_NO2EFs[[#Headers],[Treatment stage T]], 0)} -> 0 | G105: {=Common_InputFunctions.Utility_DisplayArrayInTable(SourceData_Feedlot.SourceData_Feedlot_NitrousOxideEFs_Data(), Table_SourceData_Feedlot_NO2EFs[[#Headers],[Treatment stage T]], 0)} -> Anaerobic lagoon
D108: {=SourceData_Feedlot.SourceData_Feedlot_FracNVolatilised_Title()} -> Feedlot - Fraction of N volatilised by MMS (FracGASMmT)
D109: {=SourceData_Feedlot.SourceData_Feedlot_FracNVolatilised_Source()} -> VEERG 2026: Table A.1.1.6: Beef feedlot cattle - Fraction of N volatilised by MMS (FracGASMmT)
D110: {=SourceData_Feedlot.SourceData_Feedlot_FracNVolatilised_Variation()} -> VARIATION ON SOURCE:
D111: Added 'NIR definition' column with MMS names that match NIR definitions.
D112: Treatment stage T | E112: MMS m | F112: FracGASMmT | G112: NIR definition
D113: {=Common_InputFunctions.Utility_DisplayArrayInTable(SourceData_Feedlot.SourceData_Feedlot_FracNVolatilised_Data(), Table_SourceData_Feedlot_FracGASMmT[[#Headers],[Treatment stage T]], 0)} -> Primary | E113: {=Common_InputFunctions.Utility_DisplayArrayInTable(SourceData_Feedlot.SourceData_Feedlot_FracNVolatilised_Data(), Table_SourceData_Feedlot_FracGASMmT[[#Headers],[Treatment stage T]], 0)} -> Dry lot (Feedpad) | F113: {=Common_InputFunctions.Utility_DisplayArrayInTable(SourceData_Feedlot.SourceData_Feedlot_FracNVolatilised_Data(), Table_SourceData_Feedlot_FracGASMmT[[#Headers],[Treatment stage T]], 0)} -> 0.6 | G113: {=Common_InputFunctions.Utility_DisplayArrayInTable(SourceData_Feedlot.SourceData_Feedlot_FracNVolatilised_Data(), Table_SourceData_Feedlot_FracGASMmT[[#Headers],[Treatment stage T]], 0)} -> Drylot (feed pad)
D114: {=Common_InputFunctions.Utility_DisplayArrayInTable(SourceData_Feedlot.SourceData_Feedlot_FracNVolatilised_Data(), Table_SourceData_Feedlot_FracGASMmT[[#Headers],[Treatment stage T]], 0)} -> Secondary | E114: {=Common_InputFunctions.Utility_DisplayArrayInTable(SourceData_Feedlot.SourceData_Feedlot_FracNVolatilised_Data(), Table_SourceData_Feedlot_FracGASMmT[[#Headers],[Treatment stage T]], 0)} -> Solid Storage (Stockpile) | F114: {=Common_InputFunctions.Utility_DisplayArrayInTable(SourceData_Feedlot.SourceData_Feedlot_FracNVolatilised_Data(), Table_SourceData_Feedlot_FracGASMmT[[#Headers],[Treatment stage T]], 0)} -> 0.25 | G114: {=Common_InputFunctions.Utility_DisplayArrayInTable(SourceData_Feedlot.SourceData_Feedlot_FracNVolatilised_Data(), Table_SourceData_Feedlot_FracGASMmT[[#Headers],[Treatment stage T]], 0)} -> Solid storage
D115: {=Common_InputFunctions.Utility_DisplayArrayInTable(SourceData_Feedlot.SourceData_Feedlot_FracNVolatilised_Data(), Table_SourceData_Feedlot_FracGASMmT[[#Headers],[Treatment stage T]], 0)} -> Secondary | E115: {=Common_InputFunctions.Utility_DisplayArrayInTable(SourceData_Feedlot.SourceData_Feedlot_FracNVolatilised_Data(), Table_SourceData_Feedlot_FracGASMmT[[#Headers],[Treatment stage T]], 0)} -> Composting (Passive Windrow) | F115: {=Common_InputFunctions.Utility_DisplayArrayInTable(SourceData_Feedlot.SourceData_Feedlot_FracNVolatilised_Data(), Table_SourceData_Feedlot_FracGASMmT[[#Headers],[Treatment stage T]], 0)} -> 0.4 | G115: {=Common_InputFunctions.Utility_DisplayArrayInTable(SourceData_Feedlot.SourceData_Feedlot_FracNVolatilised_Data(), Table_SourceData_Feedlot_FracGASMmT[[#Headers],[Treatment stage T]], 0)} -> Composting (passive windrow)
D116: {=Common_InputFunctions.Utility_DisplayArrayInTable(SourceData_Feedlot.SourceData_Feedlot_FracNVolatilised_Data(), Table_SourceData_Feedlot_FracGASMmT[[#Headers],[Treatment stage T]], 0)} -> Secondary | E116: {=Common_InputFunctions.Utility_DisplayArrayInTable(SourceData_Feedlot.SourceData_Feedlot_FracNVolatilised_Data(), Table_SourceData_Feedlot_FracGASMmT[[#Headers],[Treatment stage T]], 0)} -> Direct Application to soil | F116: {=Common_InputFunctions.Utility_DisplayArrayInTable(SourceData_Feedlot.SourceData_Feedlot_FracNVolatilised_Data(), Table_SourceData_Feedlot_FracGASMmT[[#Headers],[Treatment stage T]], 0)} -> 0 | G116: {=Common_InputFunctions.Utility_DisplayArrayInTable(SourceData_Feedlot.SourceData_Feedlot_FracNVolatilised_Data(), Table_SourceData_Feedlot_FracGASMmT[[#Headers],[Treatment stage T]], 0)} -> Direct application
D117: {=Common_InputFunctions.Utility_DisplayArrayInTable(SourceData_Feedlot.SourceData_Feedlot_FracNVolatilised_Data(), Table_SourceData_Feedlot_FracGASMmT[[#Headers],[Treatment stage T]], 0)} -> Tertiary | E117: {=Common_InputFunctions.Utility_DisplayArrayInTable(SourceData_Feedlot.SourceData_Feedlot_FracNVolatilised_Data(), Table_SourceData_Feedlot_FracGASMmT[[#Headers],[Treatment stage T]], 0)} -> Uncovered anaerobic lagoon (Effluent pond) | F117: {=Common_InputFunctions.Utility_DisplayArrayInTable(SourceData_Feedlot.SourceData_Feedlot_FracNVolatilised_Data(), Table_SourceData_Feedlot_FracGASMmT[[#Headers],[Treatment stage T]], 0)} -> 0.35 | G117: {=Common_InputFunctions.Utility_DisplayArrayInTable(SourceData_Feedlot.SourceData_Feedlot_FracNVolatilised_Data(), Table_SourceData_Feedlot_FracGASMmT[[#Headers],[Treatment stage T]], 0)} -> Anaerobic lagoon

Sheet Constants - Common
A1: #VALUE! | C1: Constants - Common
D5: {=Common_SourceData.Common_SourceData_AustralianStatesTerritories_Title()} -> Australian states and territories
D6: State/Territory | E6: Common Name | F6: Abbreviation
D7: {=Common_InputFunctions.Utility_DisplayArrayInTable(Common_SourceData.Common_SourceData_AustralianStatesTerritories_Data(),Table_AustralianStates[[#Headers],[State/Territory]],0)} -> New South Wales | E7: {=Common_InputFunctions.Utility_DisplayArrayInTable(Common_SourceData.Common_SourceData_AustralianStatesTerritories_Data(),Table_AustralianStates[[#Headers],[State/Territory]],0)} -> New South Wales | F7: {=Common_InputFunctions.Utility_DisplayArrayInTable(Common_SourceData.Common_SourceData_AustralianStatesTerritories_Data(),Table_AustralianStates[[#Headers],[State/Territory]],0)} -> NSW
D8: {=Common_InputFunctions.Utility_DisplayArrayInTable(Common_SourceData.Common_SourceData_AustralianStatesTerritories_Data(),Table_AustralianStates[[#Headers],[State/Territory]],0)} -> Australian Capital Territory | E8: {=Common_InputFunctions.Utility_DisplayArrayInTable(Common_SourceData.Common_SourceData_AustralianStatesTerritories_Data(),Table_AustralianStates[[#Headers],[State/Territory]],0)} -> ACT | F8: {=Common_InputFunctions.Utility_DisplayArrayInTable(Common_SourceData.Common_SourceData_AustralianStatesTerritories_Data(),Table_AustralianStates[[#Headers],[State/Territory]],0)} -> ACT
D9: {=Common_InputFunctions.Utility_DisplayArrayInTable(Common_SourceData.Common_SourceData_AustralianStatesTerritories_Data(),Table_AustralianStates[[#Headers],[State/Territory]],0)} -> Victoria | E9: {=Common_InputFunctions.Utility_DisplayArrayInTable(Common_SourceData.Common_SourceData_AustralianStatesTerritories_Data(),Table_AustralianStates[[#Headers],[State/Territory]],0)} -> Victoria | F9: {=Common_InputFunctions.Utility_DisplayArrayInTable(Common_SourceData.Common_SourceData_AustralianStatesTerritories_Data(),Table_AustralianStates[[#Headers],[State/Territory]],0)} -> VIC
D10: {=Common_InputFunctions.Utility_DisplayArrayInTable(Common_SourceData.Common_SourceData_AustralianStatesTerritories_Data(),Table_AustralianStates[[#Headers],[State/Territory]],0)} -> Queensland | E10: {=Common_InputFunctions.Utility_DisplayArrayInTable(Common_SourceData.Common_SourceData_AustralianStatesTerritories_Data(),Table_AustralianStates[[#Headers],[State/Territory]],0)} -> Queensland | F10: {=Common_InputFunctions.Utility_DisplayArrayInTable(Common_SourceData.Common_SourceData_AustralianStatesTerritories_Data(),Table_AustralianStates[[#Headers],[State/Territory]],0)} -> QLD
D11: {=Common_InputFunctions.Utility_DisplayArrayInTable(Common_SourceData.Common_SourceData_AustralianStatesTerritories_Data(),Table_AustralianStates[[#Headers],[State/Territory]],0)} -> South Australia | E11: {=Common_InputFunctions.Utility_DisplayArrayInTable(Common_SourceData.Common_SourceData_AustralianStatesTerritories_Data(),Table_AustralianStates[[#Headers],[State/Territory]],0)} -> South Australia | F11: {=Common_InputFunctions.Utility_DisplayArrayInTable(Common_SourceData.Common_SourceData_AustralianStatesTerritories_Data(),Table_AustralianStates[[#Headers],[State/Territory]],0)} -> SA
D12: {=Common_InputFunctions.Utility_DisplayArrayInTable(Common_SourceData.Common_SourceData_AustralianStatesTerritories_Data(),Table_AustralianStates[[#Headers],[State/Territory]],0)} -> Western Australia | E12: {=Common_InputFunctions.Utility_DisplayArrayInTable(Common_SourceData.Common_SourceData_AustralianStatesTerritories_Data(),Table_AustralianStates[[#Headers],[State/Territory]],0)} -> Western Australia | F12: {=Common_InputFunctions.Utility_DisplayArrayInTable(Common_SourceData.Common_SourceData_AustralianStatesTerritories_Data(),Table_AustralianStates[[#Headers],[State/Territory]],0)} -> WA
D13: {=Common_InputFunctions.Utility_DisplayArrayInTable(Common_SourceData.Common_SourceData_AustralianStatesTerritories_Data(),Table_AustralianStates[[#Headers],[State/Territory]],0)} -> Tasmania | E13: {=Common_InputFunctions.Utility_DisplayArrayInTable(Common_SourceData.Common_SourceData_AustralianStatesTerritories_Data(),Table_AustralianStates[[#Headers],[State/Territory]],0)} -> Tasmania | F13: {=Common_InputFunctions.Utility_DisplayArrayInTable(Common_SourceData.Common_SourceData_AustralianStatesTerritories_Data(),Table_AustralianStates[[#Headers],[State/Territory]],0)} -> TAS
D14: {=Common_InputFunctions.Utility_DisplayArrayInTable(Common_SourceData.Common_SourceData_AustralianStatesTerritories_Data(),Table_AustralianStates[[#Headers],[State/Territory]],0)} -> Northern Territory | E14: {=Common_InputFunctions.Utility_DisplayArrayInTable(Common_SourceData.Common_SourceData_AustralianStatesTerritories_Data(),Table_AustralianStates[[#Headers],[State/Territory]],0)} -> Northern Territory | F14: {=Common_InputFunctions.Utility_DisplayArrayInTable(Common_SourceData.Common_SourceData_AustralianStatesTerritories_Data(),Table_AustralianStates[[#Headers],[State/Territory]],0)} -> NT
D18: {=Common_SourceData.Common_SourceData_WASA4Areas_Title()} -> ABS Statistcal Areas Level 4 - Western Australia
D19: {=Common_SourceData.Common_SourceData_WASA4Areas_Source()} -> Australian Bureau of Statistics (ABS) - Statistical Areas Level 2 - 2021 - Shapefile
D20: SA 4 Name
D21: {=Common_InputFunctions.Utility_DisplayArrayInTable(Common_SourceData.Common_SourceData_WASA4Areas_Data(), Table_WASA4Areas[[#Headers],[SA 4 Name]], 0)} -> Bunbury
D22: {=Common_InputFunctions.Utility_DisplayArrayInTable(Common_SourceData.Common_SourceData_WASA4Areas_Data(), Table_WASA4Areas[[#Headers],[SA 4 Name]], 0)} -> Mandurah
D23: {=Common_InputFunctions.Utility_DisplayArrayInTable(Common_SourceData.Common_SourceData_WASA4Areas_Data(), Table_WASA4Areas[[#Headers],[SA 4 Name]], 0)} -> Perth - Inner
D24: {=Common_InputFunctions.Utility_DisplayArrayInTable(Common_SourceData.Common_SourceData_WASA4Areas_Data(), Table_WASA4Areas[[#Headers],[SA 4 Name]], 0)} -> Perth - North East
D25: {=Common_InputFunctions.Utility_DisplayArrayInTable(Common_SourceData.Common_SourceData_WASA4Areas_Data(), Table_WASA4Areas[[#Headers],[SA 4 Name]], 0)} -> Perth - North West
D26: {=Common_InputFunctions.Utility_DisplayArrayInTable(Common_SourceData.Common_SourceData_WASA4Areas_Data(), Table_WASA4Areas[[#Headers],[SA 4 Name]], 0)} -> Perth - South East
D27: {=Common_InputFunctions.Utility_DisplayArrayInTable(Common_SourceData.Common_SourceData_WASA4Areas_Data(), Table_WASA4Areas[[#Headers],[SA 4 Name]], 0)} -> Perth - South West
D28: {=Common_InputFunctions.Utility_DisplayArrayInTable(Common_SourceData.Common_SourceData_WASA4Areas_Data(), Table_WASA4Areas[[#Headers],[SA 4 Name]], 0)} -> Western Australia - Wheat Belt
D29: {=Common_InputFunctions.Utility_DisplayArrayInTable(Common_SourceData.Common_SourceData_WASA4Areas_Data(), Table_WASA4Areas[[#Headers],[SA 4 Name]], 0)} -> Western Australia - Outback (North)
D30: {=Common_InputFunctions.Utility_DisplayArrayInTable(Common_SourceData.Common_SourceData_WASA4Areas_Data(), Table_WASA4Areas[[#Headers],[SA 4 Name]], 0)} -> Western Australia - Outback (South)
D34: {=Common_SourceData.Common_SourceData_GWP_Title()} -> Global warming potential for greenhouse gases
D35: {=Common_SourceData.Common_SourceData_GWP_Source()} -> XXXXXXX
D36: Gas | E36: CO2-e factor
D37: {=Common_InputFunctions.Utility_DisplayArrayInTable(Common_SourceData.Common_SourceData_GWP_Data(), Table_GWPData[[#Headers],[Gas]], 0)} -> CO2 | E37: {=Common_InputFunctions.Utility_DisplayArrayInTable(Common_SourceData.Common_SourceData_GWP_Data(), Table_GWPData[[#Headers],[Gas]], 0)} -> 1
D38: {=Common_InputFunctions.Utility_DisplayArrayInTable(Common_SourceData.Common_SourceData_GWP_Data(), Table_GWPData[[#Headers],[Gas]], 0)} -> CH4 | E38: {=Common_InputFunctions.Utility_DisplayArrayInTable(Common_SourceData.Common_SourceData_GWP_Data(), Table_GWPData[[#Headers],[Gas]], 0)} -> 28
D39: {=Common_InputFunctions.Utility_DisplayArrayInTable(Common_SourceData.Common_SourceData_GWP_Data(), Table_GWPData[[#Headers],[Gas]], 0)} -> N2O | E39: {=Common_InputFunctions.Utility_DisplayArrayInTable(Common_SourceData.Common_SourceData_GWP_Data(), Table_GWPData[[#Headers],[Gas]], 0)} -> 265
D40: {=Common_InputFunctions.Utility_DisplayArrayInTable(Common_SourceData.Common_SourceData_GWP_Data(), Table_GWPData[[#Headers],[Gas]], 0)} -> CF4 | E40: {=Common_InputFunctions.Utility_DisplayArrayInTable(Common_SourceData.Common_SourceData_GWP_Data(), Table_GWPData[[#Headers],[Gas]], 0)} -> 6630
D41: {=Common_InputFunctions.Utility_DisplayArrayInTable(Common_SourceData.Common_SourceData_GWP_Data(), Table_GWPData[[#Headers],[Gas]], 0)} -> C2F6 | E41: {=Common_InputFunctions.Utility_DisplayArrayInTable(Common_SourceData.Common_SourceData_GWP_Data(), Table_GWPData[[#Headers],[Gas]], 0)} -> 12200
D42: {=Common_InputFunctions.Utility_DisplayArrayInTable(Common_SourceData.Common_SourceData_GWP_Data(), Table_GWPData[[#Headers],[Gas]], 0)} -> SF6 | E42: {=Common_InputFunctions.Utility_DisplayArrayInTable(Common_SourceData.Common_SourceData_GWP_Data(), Table_GWPData[[#Headers],[Gas]], 0)} -> 22800
D43: {=Common_InputFunctions.Utility_DisplayArrayInTable(Common_SourceData.Common_SourceData_GWP_Data(), Table_GWPData[[#Headers],[Gas]], 0)} -> NF3 | E43: {=Common_InputFunctions.Utility_DisplayArrayInTable(Common_SourceData.Common_SourceData_GWP_Data(), Table_GWPData[[#Headers],[Gas]], 0)} -> 17200
D45: {=Common_SourceData.Common_SourceData_ConvertGasElementalToMolecular_Title()} -> Factor to convert elemental mass of gas to molecular mass
D46: {=Common_SourceData.Common_SourceData_ConvertGasElementalToMolecular_Source()} -> XXXXXXX
D47: Gas | E47: Conversion factor | F47: Conversion factor 1 | G47: Conversion factor 2 | H47: Conversion factor combined
D48: {=Common_InputFunctions.Utility_DisplayArrayInTable(Common_SourceData.Common_SourceData_ConvertGasElementalToMolecular_Data(),Table_GasToMolecularConversionFactor[[#Headers],[Gas]], 0)} -> CO2 | E48: {=Common_InputFunctions.Utility_DisplayArrayInTable(Common_SourceData.Common_SourceData_ConvertGasElementalToMolecular_Data(),Table_GasToMolecularConversionFactor[[#Headers],[Gas]], 0)} -> 44/12 | F48: {=Common_InputFunctions.Utility_DisplayArrayInTable(Common_SourceData.Common_SourceData_ConvertGasElementalToMolecular_Data(),Table_GasToMolecularConversionFactor[[#Headers],[Gas]], 0)} -> 44 | G48: {=Common_InputFunctions.Utility_DisplayArrayInTable(Common_SourceData.Common_SourceData_ConvertGasElementalToMolecular_Data(),Table_GasToMolecularConversionFactor[[#Headers],[Gas]], 0)} -> 12 | H48: =Table_GasToMolecularConversionFactor[[#This Row],[Conversion factor 1]]/Table_GasToMolecularConversionFactor[[#This Row],[Conversion factor 2]] -> 3.6666667
D49: {=Common_InputFunctions.Utility_DisplayArrayInTable(Common_SourceData.Common_SourceData_ConvertGasElementalToMolecular_Data(),Table_GasToMolecularConversionFactor[[#Headers],[Gas]], 0)} -> CH4 | E49: {=Common_InputFunctions.Utility_DisplayArrayInTable(Common_SourceData.Common_SourceData_ConvertGasElementalToMolecular_Data(),Table_GasToMolecularConversionFactor[[#Headers],[Gas]], 0)} -> 16/12 | F49: {=Common_InputFunctions.Utility_DisplayArrayInTable(Common_SourceData.Common_SourceData_ConvertGasElementalToMolecular_Data(),Table_GasToMolecularConversionFactor[[#Headers],[Gas]], 0)} -> 16 | G49: {=Common_InputFunctions.Utility_DisplayArrayInTable(Common_SourceData.Common_SourceData_ConvertGasElementalToMolecular_Data(),Table_GasToMolecularConversionFactor[[#Headers],[Gas]], 0)} -> 12 | H49: =Table_GasToMolecularConversionFactor[[#This Row],[Conversion factor 1]]/Table_GasToMolecularConversionFactor[[#This Row],[Conversion factor 2]] -> 1.3333333
D50: {=Common_InputFunctions.Utility_DisplayArrayInTable(Common_SourceData.Common_SourceData_ConvertGasElementalToMolecular_Data(),Table_GasToMolecularConversionFactor[[#Headers],[Gas]], 0)} -> N2O | E50: {=Common_InputFunctions.Utility_DisplayArrayInTable(Common_SourceData.Common_SourceData_ConvertGasElementalToMolecular_Data(),Table_GasToMolecularConversionFactor[[#Headers],[Gas]], 0)} -> 44/28 | F50: {=Common_InputFunctions.Utility_DisplayArrayInTable(Common_SourceData.Common_SourceData_ConvertGasElementalToMolecular_Data(),Table_GasToMolecularConversionFactor[[#Headers],[Gas]], 0)} -> 44 | G50: {=Common_InputFunctions.Utility_DisplayArrayInTable(Common_SourceData.Common_SourceData_ConvertGasElementalToMolecular_Data(),Table_GasToMolecularConversionFactor[[#Headers],[Gas]], 0)} -> 28 | H50: =Table_GasToMolecularConversionFactor[[#This Row],[Conversion factor 1]]/Table_GasToMolecularConversionFactor[[#This Row],[Conversion factor 2]] -> 1.5714286
D51: {=Common_InputFunctions.Utility_DisplayArrayInTable(Common_SourceData.Common_SourceData_ConvertGasElementalToMolecular_Data(),Table_GasToMolecularConversionFactor[[#Headers],[Gas]], 0)} -> Nox | E51: {=Common_InputFunctions.Utility_DisplayArrayInTable(Common_SourceData.Common_SourceData_ConvertGasElementalToMolecular_Data(),Table_GasToMolecularConversionFactor[[#Headers],[Gas]], 0)} -> 46/14 | F51: {=Common_InputFunctions.Utility_DisplayArrayInTable(Common_SourceData.Common_SourceData_ConvertGasElementalToMolecular_Data(),Table_GasToMolecularConversionFactor[[#Headers],[Gas]], 0)} -> 46 | G51: {=Common_InputFunctions.Utility_DisplayArrayInTable(Common_SourceData.Common_SourceData_ConvertGasElementalToMolecular_Data(),Table_GasToMolecularConversionFactor[[#Headers],[Gas]], 0)} -> 14 | H51: =Table_GasToMolecularConversionFactor[[#This Row],[Conversion factor 1]]/Table_GasToMolecularConversionFactor[[#This Row],[Conversion factor 2]] -> 3.2857143
D52: {=Common_InputFunctions.Utility_DisplayArrayInTable(Common_SourceData.Common_SourceData_ConvertGasElementalToMolecular_Data(),Table_GasToMolecularConversionFactor[[#Headers],[Gas]], 0)} -> CO | E52: {=Common_InputFunctions.Utility_DisplayArrayInTable(Common_SourceData.Common_SourceData_ConvertGasElementalToMolecular_Data(),Table_GasToMolecularConversionFactor[[#Headers],[Gas]], 0)} -> 28/12 | F52: {=Common_InputFunctions.Utility_DisplayArrayInTable(Common_SourceData.Common_SourceData_ConvertGasElementalToMolecular_Data(),Table_GasToMolecularConversionFactor[[#Headers],[Gas]], 0)} -> 28 | G52: {=Common_InputFunctions.Utility_DisplayArrayInTable(Common_SourceData.Common_SourceData_ConvertGasElementalToMolecular_Data(),Table_GasToMolecularConversionFactor[[#Headers],[Gas]], 0)} -> 12 | H52: =Table_GasToMolecularConversionFactor[[#This Row],[Conversion factor 1]]/Table_GasToMolecularConversionFactor[[#This Row],[Conversion factor 2]] -> 2.3333333
D53: {=Common_InputFunctions.Utility_DisplayArrayInTable(Common_SourceData.Common_SourceData_ConvertGasElementalToMolecular_Data(),Table_GasToMolecularConversionFactor[[#Headers],[Gas]], 0)} -> CO2 Lime | E53: {=Common_InputFunctions.Utility_DisplayArrayInTable(Common_SourceData.Common_SourceData_ConvertGasElementalToMolecular_Data(),Table_GasToMolecularConversionFactor[[#Headers],[Gas]], 0)} -> 44/12 | F53: {=Common_InputFunctions.Utility_DisplayArrayInTable(Common_SourceData.Common_SourceData_ConvertGasElementalToMolecular_Data(),Table_GasToMolecularConversionFactor[[#Headers],[Gas]], 0)} -> 44 | G53: {=Common_InputFunctions.Utility_DisplayArrayInTable(Common_SourceData.Common_SourceData_ConvertGasElementalToMolecular_Data(),Table_GasToMolecularConversionFactor[[#Headers],[Gas]], 0)} -> 12 | H53: =Table_GasToMolecularConversionFactor[[#This Row],[Conversion factor 1]]/Table_GasToMolecularConversionFactor[[#This Row],[Conversion factor 2]] -> 3.6666667
D54: {=Common_InputFunctions.Utility_DisplayArrayInTable(Common_SourceData.Common_SourceData_ConvertGasElementalToMolecular_Data(),Table_GasToMolecularConversionFactor[[#Headers],[Gas]], 0)} -> NMVOC | E54: {=Common_InputFunctions.Utility_DisplayArrayInTable(Common_SourceData.Common_SourceData_ConvertGasElementalToMolecular_Data(),Table_GasToMolecularConversionFactor[[#Headers],[Gas]], 0)} -> 14/12 | F54: {=Common_InputFunctions.Utility_DisplayArrayInTable(Common_SourceData.Common_SourceData_ConvertGasElementalToMolecular_Data(),Table_GasToMolecularConversionFactor[[#Headers],[Gas]], 0)} -> 14 | G54: {=Common_InputFunctions.Utility_DisplayArrayInTable(Common_SourceData.Common_SourceData_ConvertGasElementalToMolecular_Data(),Table_GasToMolecularConversionFactor[[#Headers],[Gas]], 0)} -> 12 | H54: =Table_GasToMolecularConversionFactor[[#This Row],[Conversion factor 1]]/Table_GasToMolecularConversionFactor[[#This Row],[Conversion factor 2]] -> 1.1666667
D57: {=Common_SourceData.Common_SourceData_WetAndDryZones_Title()} -> VEERG Australian wet and dry zones
D58: {=Common_SourceData.Common_SourceData_WetAndDryZones_Source()} -> VEERG 2026: Table 1.2: Translating climate zones to wet and dry zones
D59: {="⚠️" & Common_SourceData.Common_SourceData_WetAndDryZones_Variation()} -> ⚠️VARIATION OF SOURCE DATA:
D60: ⚠️Added warm / cool temperate moist / dry - low frost and high temp classes to accommodate climate scenarios excluded by VEERG criteria.
D61: ⚠️Fixed typo - Changed 'Fry' to 'Dry'.
D63: Climate zone | E63: Wet or Dry Zone
D64: {=Common_InputFunctions.Utility_DisplayArrayInTable(Common_SourceData.Common_SourceData_WetAndDryZones_Data(), Table_SourceData_WetDryZones[[#Headers],[Climate zone]], 0)} -> Tropical montane | E64: {=Common_InputFunctions.Utility_DisplayArrayInTable(Common_SourceData.Common_SourceData_WetAndDryZones_Data(), Table_SourceData_WetDryZones[[#Headers],[Climate zone]], 0)} -> Wet climate zone
D65: {=Common_InputFunctions.Utility_DisplayArrayInTable(Common_SourceData.Common_SourceData_WetAndDryZones_Data(), Table_SourceData_WetDryZones[[#Headers],[Climate zone]], 0)} -> Tropical wet | E65: {=Common_InputFunctions.Utility_DisplayArrayInTable(Common_SourceData.Common_SourceData_WetAndDryZones_Data(), Table_SourceData_WetDryZones[[#Headers],[Climate zone]], 0)} -> Wet climate zone
D66: {=Common_InputFunctions.Utility_DisplayArrayInTable(Common_SourceData.Common_SourceData_WetAndDryZones_Data(), Table_SourceData_WetDryZones[[#Headers],[Climate zone]], 0)} -> Tropical moist | E66: {=Common_InputFunctions.Utility_DisplayArrayInTable(Common_SourceData.Common_SourceData_WetAndDryZones_Data(), Table_SourceData_WetDryZones[[#Headers],[Climate zone]], 0)} -> Wet climate zone
D67: {=Common_InputFunctions.Utility_DisplayArrayInTable(Common_SourceData.Common_SourceData_WetAndDryZones_Data(), Table_SourceData_WetDryZones[[#Headers],[Climate zone]], 0)} -> Tropical dry | E67: {=Common_InputFunctions.Utility_DisplayArrayInTable(Common_SourceData.Common_SourceData_WetAndDryZones_Data(), Table_SourceData_WetDryZones[[#Headers],[Climate zone]], 0)} -> Dry climate zone
D68: {=Common_InputFunctions.Utility_DisplayArrayInTable(Common_SourceData.Common_SourceData_WetAndDryZones_Data(), Table_SourceData_WetDryZones[[#Headers],[Climate zone]], 0)} -> Warm temperate moist | E68: {=Common_InputFunctions.Utility_DisplayArrayInTable(Common_SourceData.Common_SourceData_WetAndDryZones_Data(), Table_SourceData_WetDryZones[[#Headers],[Climate zone]], 0)} -> Wet climate zone
D69: {=Common_InputFunctions.Utility_DisplayArrayInTable(Common_SourceData.Common_SourceData_WetAndDryZones_Data(), Table_SourceData_WetDryZones[[#Headers],[Climate zone]], 0)} -> Warm temperate dry | E69: {=Common_InputFunctions.Utility_DisplayArrayInTable(Common_SourceData.Common_SourceData_WetAndDryZones_Data(), Table_SourceData_WetDryZones[[#Headers],[Climate zone]], 0)} -> Dry climate zone
D70: {=Common_InputFunctions.Utility_DisplayArrayInTable(Common_SourceData.Common_SourceData_WetAndDryZones_Data(), Table_SourceData_WetDryZones[[#Headers],[Climate zone]], 0)} -> Cool temperate moist | E70: {=Common_InputFunctions.Utility_DisplayArrayInTable(Common_SourceData.Common_SourceData_WetAndDryZones_Data(), Table_SourceData_WetDryZones[[#Headers],[Climate zone]], 0)} -> Wet climate zone
D71: {=Common_InputFunctions.Utility_DisplayArrayInTable(Common_SourceData.Common_SourceData_WetAndDryZones_Data(), Table_SourceData_WetDryZones[[#Headers],[Climate zone]], 0)} -> Cool temperate dry | E71: {=Common_InputFunctions.Utility_DisplayArrayInTable(Common_SourceData.Common_SourceData_WetAndDryZones_Data(), Table_SourceData_WetDryZones[[#Headers],[Climate zone]], 0)} -> Dry climate zone
D72: {=Common_InputFunctions.Utility_DisplayArrayInTable(Common_SourceData.Common_SourceData_WetAndDryZones_Data(), Table_SourceData_WetDryZones[[#Headers],[Climate zone]], 0)} -> Warm temperate moist - low frost | E72: {=Common_InputFunctions.Utility_DisplayArrayInTable(Common_SourceData.Common_SourceData_WetAndDryZones_Data(), Table_SourceData_WetDryZones[[#Headers],[Climate zone]], 0)} -> Wet climate zone
D73: {=Common_InputFunctions.Utility_DisplayArrayInTable(Common_SourceData.Common_SourceData_WetAndDryZones_Data(), Table_SourceData_WetDryZones[[#Headers],[Climate zone]], 0)} -> Warm temperate dry - low frost | E73: {=Common_InputFunctions.Utility_DisplayArrayInTable(Common_SourceData.Common_SourceData_WetAndDryZones_Data(), Table_SourceData_WetDryZones[[#Headers],[Climate zone]], 0)} -> Dry climate zone
D74: {=Common_InputFunctions.Utility_DisplayArrayInTable(Common_SourceData.Common_SourceData_WetAndDryZones_Data(), Table_SourceData_WetDryZones[[#Headers],[Climate zone]], 0)} -> Warm temperate moist - high temp | E74: {=Common_InputFunctions.Utility_DisplayArrayInTable(Common_SourceData.Common_SourceData_WetAndDryZones_Data(), Table_SourceData_WetDryZones[[#Headers],[Climate zone]], 0)} -> Wet climate zone
D75: {=Common_InputFunctions.Utility_DisplayArrayInTable(Common_SourceData.Common_SourceData_WetAndDryZones_Data(), Table_SourceData_WetDryZones[[#Headers],[Climate zone]], 0)} -> Warm temperate dry - high temp | E75: {=Common_InputFunctions.Utility_DisplayArrayInTable(Common_SourceData.Common_SourceData_WetAndDryZones_Data(), Table_SourceData_WetDryZones[[#Headers],[Climate zone]], 0)} -> Dry climate zone
... D77: {=Common_InputFunctions.Utility_DisplayArrayInTable(Common_SourceData.Common_SourceData_WetAndDryZones_Data(), Table_SourceData_WetDryZones[[#Headers],[Climate zone]], 0)} -> Cool temperate dry - low frost | E77: {=Common_InputFunctions.Utility_DisplayArrayInTable(Common_SourceData.Common_SourceData_WetAndDryZones_Data(), Table_SourceData_WetDryZones[[#Headers],[Climate zone]], 0)} -> Dry climate zone
D81: {=Common_SourceData.Common_SourceData_ClimateZones_Title()} -> VEERG Australian climate zones
D82: {=Common_SourceData.Common_SourceData_ClimateZones_Source()} -> VEERG 2026: Table 1.3: Climate and Rainfall zone classifications and definitions
D83: {="⚠️" & Common_SourceData.Common_SourceData_ClimateZones_Variation()} -> ⚠️VARIATION OF SOURCE DATA:
D84: ⚠️Added warm / cool temperate moist / dry - low frost and high temp classes to accommodate climate scenarios excluded by VEERG criteria.
D85: ⚠️Fixed typo in MAT value for warm temperate dry - changed 10 to 11.
D86: ⚠️Added min and max columns for MAT, MAP, frost days per year, elevation, MAP:PET to calculate zones from real climate data.
D87: ⚠️GAF accepts rainfall as a proxy for precipitation.
D89: Climate zone | E89: MAT | F89: MAP | G89: Frost days per year | H89: Elevation | I89: MAP:PET | J89: Min temp | K89: Max temp | L89: Min rainfall | M89: Max rainfall | N89: Min frost days | O89: Max frost days | P89: Min elevation | Q89: Max elevation | R89: Min MAP:PET | S89: Max MAP:PET
D90: {=Common_InputFunctions.Utility_DisplayArrayInTable(Common_SourceData.Common_SourceData_ClimateZones_Data(), Table_SourceData_ClimateZones[[#Headers],[Climate zone]], 0)} -> Tropical montane | E90: {=Common_InputFunctions.Utility_DisplayArrayInTable(Common_SourceData.Common_SourceData_ClimateZones_Data(), Table_SourceData_ClimateZones[[#Headers],[Climate zone]], 0)} -> > 18 C | F90: {=Common_InputFunctions.Utility_DisplayArrayInTable(Common_SourceData.Common_SourceData_ClimateZones_Data(), Table_SourceData_ClimateZones[[#Headers],[Climate zone]], 0)} -> Any | G90: {=Common_InputFunctions.Utility_DisplayArrayInTable(Common_SourceData.Common_SourceData_ClimateZones_Data(), Table_SourceData_ClimateZones[[#Headers],[Climate zone]], 0)} -> ≤ 7 | H90: {=Common_InputFunctions.Utility_DisplayArrayInTable(Common_SourceData.Common_SourceData_ClimateZones_Data(), Table_SourceData_ClimateZones[[#Headers],[Climate zone]], 0)} -> > 1000 m | I90: {=Common_InputFunctions.Utility_DisplayArrayInTable(Common_SourceData.Common_SourceData_ClimateZones_Data(), Table_SourceData_ClimateZones[[#Headers],[Climate zone]], 0)} -> Any | J90: {=Common_InputFunctions.Utility_DisplayArrayInTable(Common_SourceData.Common_SourceData_ClimateZones_Data(), Table_SourceData_ClimateZones[[#Headers],[Climate zone]], 0)} -> 18.001 | K90: {=Common_InputFunctions.Utility_DisplayArrayInTable(Common_SourceData.Common_SourceData_ClimateZones_Data(), Table_SourceData_ClimateZones[[#Headers],[Climate zone]], 0)} -> 999999 | ... S90: {=Common_InputFunctions.Utility_DisplayArrayInTable(Common_SourceData.Common_SourceData_ClimateZones_Data(), Table_SourceData_ClimateZones[[#Headers],[Climate zone]], 0)} -> 999999
D91: {=Common_InputFunctions.Utility_DisplayArrayInTable(Common_SourceData.Common_SourceData_ClimateZones_Data(), Table_SourceData_ClimateZones[[#Headers],[Climate zone]], 0)} -> Tropical wet | E91: {=Common_InputFunctions.Utility_DisplayArrayInTable(Common_SourceData.Common_SourceData_ClimateZones_Data(), Table_SourceData_ClimateZones[[#Headers],[Climate zone]], 0)} -> > 18 C | F91: {=Common_InputFunctions.Utility_DisplayArrayInTable(Common_SourceData.Common_SourceData_ClimateZones_Data(), Table_SourceData_ClimateZones[[#Headers],[Climate zone]], 0)} -> > 2000 mm | G91: {=Common_InputFunctions.Utility_DisplayArrayInTable(Common_SourceData.Common_SourceData_ClimateZones_Data(), Table_SourceData_ClimateZones[[#Headers],[Climate zone]], 0)} -> ≤ 7 | H91: {=Common_InputFunctions.Utility_DisplayArrayInTable(Common_SourceData.Common_SourceData_ClimateZones_Data(), Table_SourceData_ClimateZones[[#Headers],[Climate zone]], 0)} -> ≤ 1000 m | I91: {=Common_InputFunctions.Utility_DisplayArrayInTable(Common_SourceData.Common_SourceData_ClimateZones_Data(), Table_SourceData_ClimateZones[[#Headers],[Climate zone]], 0)} -> Any | J91: {=Common_InputFunctions.Utility_DisplayArrayInTable(Common_SourceData.Common_SourceData_ClimateZones_Data(), Table_SourceData_ClimateZones[[#Headers],[Climate zone]], 0)} -> 18.001 | K91: {=Common_InputFunctions.Utility_DisplayArrayInTable(Common_SourceData.Common_SourceData_ClimateZones_Data(), Table_SourceData_ClimateZones[[#Headers],[Climate zone]], 0)} -> 999999 | ... S91: {=Common_InputFunctions.Utility_DisplayArrayInTable(Common_SourceData.Common_SourceData_ClimateZones_Data(), Table_SourceData_ClimateZones[[#Headers],[Climate zone]], 0)} -> 999999
D92: {=Common_InputFunctions.Utility_DisplayArrayInTable(Common_SourceData.Common_SourceData_ClimateZones_Data(), Table_SourceData_ClimateZones[[#Headers],[Climate zone]], 0)} -> Tropical moist | E92: {=Common_InputFunctions.Utility_DisplayArrayInTable(Common_SourceData.Common_SourceData_ClimateZones_Data(), Table_SourceData_ClimateZones[[#Headers],[Climate zone]], 0)} -> > 18 C | F92: {=Common_InputFunctions.Utility_DisplayArrayInTable(Common_SourceData.Common_SourceData_ClimateZones_Data(), Table_SourceData_ClimateZones[[#Headers],[Climate zone]], 0)} -> > 1000 mm - ≤ 2000 mm | G92: {=Common_InputFunctions.Utility_DisplayArrayInTable(Common_SourceData.Common_SourceData_ClimateZones_Data(), Table_SourceData_ClimateZones[[#Headers],[Climate zone]], 0)} -> ≤ 7 | H92: {=Common_InputFunctions.Utility_DisplayArrayInTable(Common_SourceData.Common_SourceData_ClimateZones_Data(), Table_SourceData_ClimateZones[[#Headers],[Climate zone]], 0)} -> ≤ 1000 m | I92: {=Common_InputFunctions.Utility_DisplayArrayInTable(Common_SourceData.Common_SourceData_ClimateZones_Data(), Table_SourceData_ClimateZones[[#Headers],[Climate zone]], 0)} -> Any | J92: {=Common_InputFunctions.Utility_DisplayArrayInTable(Common_SourceData.Common_SourceData_ClimateZones_Data(), Table_SourceData_ClimateZones[[#Headers],[Climate zone]], 0)} -> 18.001 | K92: {=Common_InputFunctions.Utility_DisplayArrayInTable(Common_SourceData.Common_SourceData_ClimateZones_Data(), Table_SourceData_ClimateZones[[#Headers],[Climate zone]], 0)} -> 999999 | ... S92: {=Common_InputFunctions.Utility_DisplayArrayInTable(Common_SourceData.Common_SourceData_ClimateZones_Data(), Table_SourceData_ClimateZones[[#Headers],[Climate zone]], 0)} -> 999999
D93: {=Common_InputFunctions.Utility_DisplayArrayInTable(Common_SourceData.Common_SourceData_ClimateZones_Data(), Table_SourceData_ClimateZones[[#Headers],[Climate zone]], 0)} -> Tropical dry | E93: {=Common_InputFunctions.Utility_DisplayArrayInTable(Common_SourceData.Common_SourceData_ClimateZones_Data(), Table_SourceData_ClimateZones[[#Headers],[Climate zone]], 0)} -> > 18 C | F93: {=Common_InputFunctions.Utility_DisplayArrayInTable(Common_SourceData.Common_SourceData_ClimateZones_Data(), Table_SourceData_ClimateZones[[#Headers],[Climate zone]], 0)} -> ≤ 1000 mm | G93: {=Common_InputFunctions.Utility_DisplayArrayInTable(Common_SourceData.Common_SourceData_ClimateZones_Data(), Table_SourceData_ClimateZones[[#Headers],[Climate zone]], 0)} -> ≤ 7 | H93: {=Common_InputFunctions.Utility_DisplayArrayInTable(Common_SourceData.Common_SourceData_ClimateZones_Data(), Table_SourceData_ClimateZones[[#Headers],[Climate zone]], 0)} -> ≤ 1000 m | I93: {=Common_InputFunctions.Utility_DisplayArrayInTable(Common_SourceData.Common_SourceData_ClimateZones_Data(), Table_SourceData_ClimateZones[[#Headers],[Climate zone]], 0)} -> Any | J93: {=Common_InputFunctions.Utility_DisplayArrayInTable(Common_SourceData.Common_SourceData_ClimateZones_Data(), Table_SourceData_ClimateZones[[#Headers],[Climate zone]], 0)} -> 18.001 | K93: {=Common_InputFunctions.Utility_DisplayArrayInTable(Common_SourceData.Common_SourceData_ClimateZones_Data(), Table_SourceData_ClimateZones[[#Headers],[Climate zone]], 0)} -> 999999 | ... S93: {=Common_InputFunctions.Utility_DisplayArrayInTable(Common_SourceData.Common_SourceData_ClimateZones_Data(), Table_SourceData_ClimateZones[[#Headers],[Climate zone]], 0)} -> 999999
D94: {=Common_InputFunctions.Utility_DisplayArrayInTable(Common_SourceData.Common_SourceData_ClimateZones_Data(), Table_SourceData_ClimateZones[[#Headers],[Climate zone]], 0)} -> Warm temperate moist | E94: {=Common_InputFunctions.Utility_DisplayArrayInTable(Common_SourceData.Common_SourceData_ClimateZones_Data(), Table_SourceData_ClimateZones[[#Headers],[Climate zone]], 0)} -> > 10 C | F94: {=Common_InputFunctions.Utility_DisplayArrayInTable(Common_SourceData.Common_SourceData_ClimateZones_Data(), Table_SourceData_ClimateZones[[#Headers],[Climate zone]], 0)} -> Any | G94: {=Common_InputFunctions.Utility_DisplayArrayInTable(Common_SourceData.Common_SourceData_ClimateZones_Data(), Table_SourceData_ClimateZones[[#Headers],[Climate zone]], 0)} -> Any | H94: {=Common_InputFunctions.Utility_DisplayArrayInTable(Common_SourceData.Common_SourceData_ClimateZones_Data(), Table_SourceData_ClimateZones[[#Headers],[Climate zone]], 0)} -> Any | I94: {=Common_InputFunctions.Utility_DisplayArrayInTable(Common_SourceData.Common_SourceData_ClimateZones_Data(), Table_SourceData_ClimateZones[[#Headers],[Climate zone]], 0)} -> > 1 | J94: {=Common_InputFunctions.Utility_DisplayArrayInTable(Common_SourceData.Common_SourceData_ClimateZones_Data(), Table_SourceData_ClimateZones[[#Headers],[Climate zone]], 0)} -> 10.001 | K94: {=Common_InputFunctions.Utility_DisplayArrayInTable(Common_SourceData.Common_SourceData_ClimateZones_Data(), Table_SourceData_ClimateZones[[#Headers],[Climate zone]], 0)} -> 999999 | ... S94: {=Common_InputFunctions.Utility_DisplayArrayInTable(Common_SourceData.Common_SourceData_ClimateZones_Data(), Table_SourceData_ClimateZones[[#Headers],[Climate zone]], 0)} -> 999999
D95: {=Common_InputFunctions.Utility_DisplayArrayInTable(Common_SourceData.Common_SourceData_ClimateZones_Data(), Table_SourceData_ClimateZones[[#Headers],[Climate zone]], 0)} -> Warm temperate dry | E95: {=Common_InputFunctions.Utility_DisplayArrayInTable(Common_SourceData.Common_SourceData_ClimateZones_Data(), Table_SourceData_ClimateZones[[#Headers],[Climate zone]], 0)} -> > 10 C | F95: {=Common_InputFunctions.Utility_DisplayArrayInTable(Common_SourceData.Common_SourceData_ClimateZones_Data(), Table_SourceData_ClimateZones[[#Headers],[Climate zone]], 0)} -> Any | G95: {=Common_InputFunctions.Utility_DisplayArrayInTable(Common_SourceData.Common_SourceData_ClimateZones_Data(), Table_SourceData_ClimateZones[[#Headers],[Climate zone]], 0)} -> Any | H95: {=Common_InputFunctions.Utility_DisplayArrayInTable(Common_SourceData.Common_SourceData_ClimateZones_Data(), Table_SourceData_ClimateZones[[#Headers],[Climate zone]], 0)} -> Any | I95: {=Common_InputFunctions.Utility_DisplayArrayInTable(Common_SourceData.Common_SourceData_ClimateZones_Data(), Table_SourceData_ClimateZones[[#Headers],[Climate zone]], 0)} -> ≤ 1 | J95: {=Common_InputFunctions.Utility_DisplayArrayInTable(Common_SourceData.Common_SourceData_ClimateZones_Data(), Table_SourceData_ClimateZones[[#Headers],[Climate zone]], 0)} -> 10.001 | K95: {=Common_InputFunctions.Utility_DisplayArrayInTable(Common_SourceData.Common_SourceData_ClimateZones_Data(), Table_SourceData_ClimateZones[[#Headers],[Climate zone]], 0)} -> 999999 | ... S95: {=Common_InputFunctions.Utility_DisplayArrayInTable(Common_SourceData.Common_SourceData_ClimateZones_Data(), Table_SourceData_ClimateZones[[#Headers],[Climate zone]], 0)} -> 1
D96: {=Common_InputFunctions.Utility_DisplayArrayInTable(Common_SourceData.Common_SourceData_ClimateZones_Data(), Table_SourceData_ClimateZones[[#Headers],[Climate zone]], 0)} -> Cool temperate moist | E96: {=Common_InputFunctions.Utility_DisplayArrayInTable(Common_SourceData.Common_SourceData_ClimateZones_Data(), Table_SourceData_ClimateZones[[#Headers],[Climate zone]], 0)} -> > 0 C - ≤ 10 C | F96: {=Common_InputFunctions.Utility_DisplayArrayInTable(Common_SourceData.Common_SourceData_ClimateZones_Data(), Table_SourceData_ClimateZones[[#Headers],[Climate zone]], 0)} -> Any | G96: {=Common_InputFunctions.Utility_DisplayArrayInTable(Common_SourceData.Common_SourceData_ClimateZones_Data(), Table_SourceData_ClimateZones[[#Headers],[Climate zone]], 0)} -> Any | H96: {=Common_InputFunctions.Utility_DisplayArrayInTable(Common_SourceData.Common_SourceData_ClimateZones_Data(), Table_SourceData_ClimateZones[[#Headers],[Climate zone]], 0)} -> Any | I96: {=Common_InputFunctions.Utility_DisplayArrayInTable(Common_SourceData.Common_SourceData_ClimateZones_Data(), Table_SourceData_ClimateZones[[#Headers],[Climate zone]], 0)} -> > 1 | J96: {=Common_InputFunctions.Utility_DisplayArrayInTable(Common_SourceData.Common_SourceData_ClimateZones_Data(), Table_SourceData_ClimateZones[[#Headers],[Climate zone]], 0)} -> -999999 | K96: {=Common_InputFunctions.Utility_DisplayArrayInTable(Common_SourceData.Common_SourceData_ClimateZones_Data(), Table_SourceData_ClimateZones[[#Headers],[Climate zone]], 0)} -> 10 | ... S96: {=Common_InputFunctions.Utility_DisplayArrayInTable(Common_SourceData.Common_SourceData_ClimateZones_Data(), Table_SourceData_ClimateZones[[#Headers],[Climate zone]], 0)} -> 999999
D97: {=Common_InputFunctions.Utility_DisplayArrayInTable(Common_SourceData.Common_SourceData_ClimateZones_Data(), Table_SourceData_ClimateZones[[#Headers],[Climate zone]], 0)} -> Cool temperate dry | E97: {=Common_InputFunctions.Utility_DisplayArrayInTable(Common_SourceData.Common_SourceData_ClimateZones_Data(), Table_SourceData_ClimateZones[[#Headers],[Climate zone]], 0)} -> > 0 C - ≤ 10 C | F97: {=Common_InputFunctions.Utility_DisplayArrayInTable(Common_SourceData.Common_SourceData_ClimateZones_Data(), Table_SourceData_ClimateZones[[#Headers],[Climate zone]], 0)} -> Any | G97: {=Common_InputFunctions.Utility_DisplayArrayInTable(Common_SourceData.Common_SourceData_ClimateZones_Data(), Table_SourceData_ClimateZones[[#Headers],[Climate zone]], 0)} -> Any | H97: {=Common_InputFunctions.Utility_DisplayArrayInTable(Common_SourceData.Common_SourceData_ClimateZones_Data(), Table_SourceData_ClimateZones[[#Headers],[Climate zone]], 0)} -> Any | I97: {=Common_InputFunctions.Utility_DisplayArrayInTable(Common_SourceData.Common_SourceData_ClimateZones_Data(), Table_SourceData_ClimateZones[[#Headers],[Climate zone]], 0)} -> ≤ 1 | J97: {=Common_InputFunctions.Utility_DisplayArrayInTable(Common_SourceData.Common_SourceData_ClimateZones_Data(), Table_SourceData_ClimateZones[[#Headers],[Climate zone]], 0)} -> -999999 | K97: {=Common_InputFunctions.Utility_DisplayArrayInTable(Common_SourceData.Common_SourceData_ClimateZones_Data(), Table_SourceData_ClimateZones[[#Headers],[Climate zone]], 0)} -> 10 | ... S97: {=Common_InputFunctions.Utility_DisplayArrayInTable(Common_SourceData.Common_SourceData_ClimateZones_Data(), Table_SourceData_ClimateZones[[#Headers],[Climate zone]], 0)} -> 1
D99: {=Common_SourceData.Common_SourceData_ClimateZones_Appendices()} -> Note:
D100: MAT = mean annual temperature
D101: MAP = mean annual precipitation
D102: PET = potential evapotranspiration
D105: {=Common_SourceData.Common_SourceData_TemperatureZones_Title()} -> VEERG Australian temperature zones
D106: {=Common_SourceData.Common_SourceData_TemperatureZones_Source()} -> VEERG 2026: Table 1.3: Climate and Rainfall zone classifications and definitions
D107: {="⚠️" & Common_SourceData.Common_SourceData_TemperatureZones_Variation()} -> ⚠️VARIATION OF SOURCE DATA: Added extra MAT min and MAT max columns to calculate zone from real temperature data.
D109: Temperature Zone | E109: MAT | F109: Min MAT | G109: Max MAT
D110: {=Common_InputFunctions.Utility_DisplayArrayInTable(Common_SourceData.Common_SourceData_TemperatureZones_Data(),Table_SourceData_TemperatureZones[[#Headers],[Temperature Zone]],0)} -> Warm | E110: {=Common_InputFunctions.Utility_DisplayArrayInTable(Common_SourceData.Common_SourceData_TemperatureZones_Data(),Table_SourceData_TemperatureZones[[#Headers],[Temperature Zone]],0)} -> ≥ 26 C | F110: {=Common_InputFunctions.Utility_DisplayArrayInTable(Common_SourceData.Common_SourceData_TemperatureZones_Data(),Table_SourceData_TemperatureZones[[#Headers],[Temperature Zone]],0)} -> 26 | G110: {=Common_InputFunctions.Utility_DisplayArrayInTable(Common_SourceData.Common_SourceData_TemperatureZones_Data(),Table_SourceData_TemperatureZones[[#Headers],[Temperature Zone]],0)} -> 999999
D111: {=Common_InputFunctions.Utility_DisplayArrayInTable(Common_SourceData.Common_SourceData_TemperatureZones_Data(),Table_SourceData_TemperatureZones[[#Headers],[Temperature Zone]],0)} -> Temperate | E111: {=Common_InputFunctions.Utility_DisplayArrayInTable(Common_SourceData.Common_SourceData_TemperatureZones_Data(),Table_SourceData_TemperatureZones[[#Headers],[Temperature Zone]],0)} -> 15 - 25 C | F111: {=Common_InputFunctions.Utility_DisplayArrayInTable(Common_SourceData.Common_SourceData_TemperatureZones_Data(),Table_SourceData_TemperatureZones[[#Headers],[Temperature Zone]],0)} -> 15 | G111: {=Common_InputFunctions.Utility_DisplayArrayInTable(Common_SourceData.Common_SourceData_TemperatureZones_Data(),Table_SourceData_TemperatureZones[[#Headers],[Temperature Zone]],0)} -> 25.999
D112: {=Common_InputFunctions.Utility_DisplayArrayInTable(Common_SourceData.Common_SourceData_TemperatureZones_Data(),Table_SourceData_TemperatureZones[[#Headers],[Temperature Zone]],0)} -> Cool | E112: {=Common_InputFunctions.Utility_DisplayArrayInTable(Common_SourceData.Common_SourceData_TemperatureZones_Data(),Table_SourceData_TemperatureZones[[#Headers],[Temperature Zone]],0)} -> ≤ 14 C | F112: {=Common_InputFunctions.Utility_DisplayArrayInTable(Common_SourceData.Common_SourceData_TemperatureZones_Data(),Table_SourceData_TemperatureZones[[#Headers],[Temperature Zone]],0)} -> -999999 | G112: {=Common_InputFunctions.Utility_DisplayArrayInTable(Common_SourceData.Common_SourceData_TemperatureZones_Data(),Table_SourceData_TemperatureZones[[#Headers],[Temperature Zone]],0)} -> 14.999
D115: {=Common_SourceData.Common_SourceData_RainfallZones_Title()} -> VEERG Australian rainfall zones
D116: {=Common_SourceData.Common_SourceData_RainfallZones_Source()} -> VEERG 2026: Table 1.3: Climate and Rainfall zone classifications and definitions
D117: {="⚠️" & Common_SourceData.Common_SourceData_RainfallZones_Variation()} -> ⚠️VARIATION OF SOURCE DATA: Added extra Rainfall min and Rainfall max columns to calculate zone from real rainfall data.
D119: Rainfall Zone | E119: Annual rainfall | F119: Min rainfall | G119: Max rainfall
D120: {=Common_InputFunctions.Utility_DisplayArrayInTable(Common_SourceData.Common_SourceData_RainfallZones_Data(),Table_SourceData_RainfallZones[[#Headers],[Rainfall Zone]],0)} -> High rainfall | E120: {=Common_InputFunctions.Utility_DisplayArrayInTable(Common_SourceData.Common_SourceData_RainfallZones_Data(),Table_SourceData_RainfallZones[[#Headers],[Rainfall Zone]],0)} -> Annual rainfall > 600mm | F120: {=Common_InputFunctions.Utility_DisplayArrayInTable(Common_SourceData.Common_SourceData_RainfallZones_Data(),Table_SourceData_RainfallZones[[#Headers],[Rainfall Zone]],0)} -> 600.001 | G120: {=Common_InputFunctions.Utility_DisplayArrayInTable(Common_SourceData.Common_SourceData_RainfallZones_Data(),Table_SourceData_RainfallZones[[#Headers],[Rainfall Zone]],0)} -> 999999
D121: {=Common_InputFunctions.Utility_DisplayArrayInTable(Common_SourceData.Common_SourceData_RainfallZones_Data(),Table_SourceData_RainfallZones[[#Headers],[Rainfall Zone]],0)} -> Low rainfall | E121: {=Common_InputFunctions.Utility_DisplayArrayInTable(Common_SourceData.Common_SourceData_RainfallZones_Data(),Table_SourceData_RainfallZones[[#Headers],[Rainfall Zone]],0)} -> Annual rainfall ≤ 600mm | F121: {=Common_InputFunctions.Utility_DisplayArrayInTable(Common_SourceData.Common_SourceData_RainfallZones_Data(),Table_SourceData_RainfallZones[[#Headers],[Rainfall Zone]],0)} -> -999999 | G121: {=Common_InputFunctions.Utility_DisplayArrayInTable(Common_SourceData.Common_SourceData_RainfallZones_Data(),Table_SourceData_RainfallZones[[#Headers],[Rainfall Zone]],0)} -> 600
D124: {=Common_SourceData.Common_SourceData_LeachingZones_Title()} -> VEERG Australian leaching zones
D125: {=Common_SourceData.Common_SourceData_LeachingZones_Source()} -> VEERG 2026: Table 1.3: Climate and Rainfall zone classifications and definitions
D127: Leaching Zone | E127: Leaching criteria
D128: {=Common_InputFunctions.Utility_DisplayArrayInTable(Common_SourceData.Common_SourceData_LeachingZones_Data(), Table_SourceData_LeachingZones[[#Headers],[Leaching Zone]], 0)} -> Leaching occurs | E128: {=Common_InputFunctions.Utility_DisplayArrayInTable(Common_SourceData.Common_SourceData_LeachingZones_Data(), Table_SourceData_LeachingZones[[#Headers],[Leaching Zone]], 0)} -> Σ(𝑟𝑎𝑖𝑛)>Σ(𝐸𝑇0)+𝑠𝑜𝑖𝑙 𝑤𝑎𝑡𝑒𝑟 ℎ𝑜𝑙𝑑𝑖𝑛𝑔 𝑐𝑎𝑝𝑎𝑐𝑖𝑡𝑦
...

Sheet Constants - Livestock
A1: #VALUE! | C1: Constants - Livestock
A3: =HYPERLINK("#'Home'!A1", "Home") -> Home
A4: =HYPERLINK("#'Overview'!A1", "Overview") -> Overview
A5: =HYPERLINK("#'Results'!A1", "Results") -> Results
D6: {=CommonLivestock_SourceData.SourceData_Livestock_Common_SymbolsMMS_Title()} -> Table 5.12 Additional symbols used in algorithms for manure related emissions
A7: INPUTS | D7: {=CommonLivestock_SourceData.SourceData_Livestock_Common_SymbolsMMS_Vairable()} -> MMS
A8: =HYPERLINK("#'Input - Site'!A1", "Site") -> Site | D8: {=CommonLivestock_SourceData.SourceData_Livestock_Common_SymbolsMMS_Source()} -> National Inventory Report 2023 Volume 1: Table 5.12
A9: =HYPERLINK("#'Input - Feedlot'!A1", "Feedlot") -> Feedlot | D9: Symbol | E9: Manure management system | F9: Symbol and MMS
D10: {=Common_InputFunctions.Utility_DisplayArrayInTable(CommonLivestock_SourceData.SourceData_Livestock_Common_SymbolsMMS_Data(), Table_Data_MMSSymbols[[#Headers],[Symbol]], 0)} -> 1 | E10: {=Common_InputFunctions.Utility_DisplayArrayInTable(CommonLivestock_SourceData.SourceData_Livestock_Common_SymbolsMMS_Data(), Table_Data_MMSSymbols[[#Headers],[Symbol]], 0)} -> Anaerobic lagoon | F10: {=Common_InputFunctions.Utility_DisplayArrayInTable(CommonLivestock_SourceData.SourceData_Livestock_Common_SymbolsMMS_Data(), Table_Data_MMSSymbols[[#Headers],[Symbol]], 0)} -> Anaerobic lagoon (m=1)
A11: CALCULATIONS | D11: {=Common_InputFunctions.Utility_DisplayArrayInTable(CommonLivestock_SourceData.SourceData_Livestock_Common_SymbolsMMS_Data(), Table_Data_MMSSymbols[[#Headers],[Symbol]], 0)} -> 2 | E11: {=Common_InputFunctions.Utility_DisplayArrayInTable(CommonLivestock_SourceData.SourceData_Livestock_Common_SymbolsMMS_Data(), Table_Data_MMSSymbols[[#Headers],[Symbol]], 0)} -> Liquid systems | F11: {=Common_InputFunctions.Utility_DisplayArrayInTable(CommonLivestock_SourceData.SourceData_Livestock_Common_SymbolsMMS_Data(), Table_Data_MMSSymbols[[#Headers],[Symbol]], 0)} -> Liquid systems (m=2)
A12: =HYPERLINK("#'3.1.1.1-2 Enteric Methane'!A1", "3.1.1.1-2 Enteric Methane") -> 3.1.1.1-2 Enteric Methane | D12: {=Common_InputFunctions.Utility_DisplayArrayInTable(CommonLivestock_SourceData.SourceData_Livestock_Common_SymbolsMMS_Data(), Table_Data_MMSSymbols[[#Headers],[Symbol]], 0)} -> 3 | E12: {=Common_InputFunctions.Utility_DisplayArrayInTable(CommonLivestock_SourceData.SourceData_Livestock_Common_SymbolsMMS_Data(), Table_Data_MMSSymbols[[#Headers],[Symbol]], 0)} -> Daily spread | F12: {=Common_InputFunctions.Utility_DisplayArrayInTable(CommonLivestock_SourceData.SourceData_Livestock_Common_SymbolsMMS_Data(), Table_Data_MMSSymbols[[#Headers],[Symbol]], 0)} -> Daily spread (m=3)
D13: {=Common_InputFunctions.Utility_DisplayArrayInTable(CommonLivestock_SourceData.SourceData_Livestock_Common_SymbolsMMS_Data(), Table_Data_MMSSymbols[[#Headers],[Symbol]], 0)} -> 3a | E13: {=Common_InputFunctions.Utility_DisplayArrayInTable(CommonLivestock_SourceData.SourceData_Livestock_Common_SymbolsMMS_Data(), Table_Data_MMSSymbols[[#Headers],[Symbol]], 0)} -> Sump and dispersal system | F13: {=Common_InputFunctions.Utility_DisplayArrayInTable(CommonLivestock_SourceData.SourceData_Livestock_Common_SymbolsMMS_Data(), Table_Data_MMSSymbols[[#Headers],[Symbol]], 0)} -> Sump and dispersal system (m=3a)
A14: APPENDICES | D14: {=Common_InputFunctions.Utility_DisplayArrayInTable(CommonLivestock_SourceData.SourceData_Livestock_Common_SymbolsMMS_Data(), Table_Data_MMSSymbols[[#Headers],[Symbol]], 0)} -> 3b | E14: {=Common_InputFunctions.Utility_DisplayArrayInTable(CommonLivestock_SourceData.SourceData_Livestock_Common_SymbolsMMS_Data(), Table_Data_MMSSymbols[[#Headers],[Symbol]], 0)} -> Drains to paddock | F14: {=Common_InputFunctions.Utility_DisplayArrayInTable(CommonLivestock_SourceData.SourceData_Livestock_Common_SymbolsMMS_Data(), Table_Data_MMSSymbols[[#Headers],[Symbol]], 0)} -> Drains to paddock (m=3b)
A15: =HYPERLINK("#'Constants - Feedlot'!A1", "Constants - Feedlot") -> Constants - Feedlot | D15: {=Common_InputFunctions.Utility_DisplayArrayInTable(CommonLivestock_SourceData.SourceData_Livestock_Common_SymbolsMMS_Data(), Table_Data_MMSSymbols[[#Headers],[Symbol]], 0)} -> 4 | E15: {=Common_InputFunctions.Utility_DisplayArrayInTable(CommonLivestock_SourceData.SourceData_Livestock_Common_SymbolsMMS_Data(), Table_Data_MMSSymbols[[#Headers],[Symbol]], 0)} -> Solid storage | F15: {=Common_InputFunctions.Utility_DisplayArrayInTable(CommonLivestock_SourceData.SourceData_Livestock_Common_SymbolsMMS_Data(), Table_Data_MMSSymbols[[#Headers],[Symbol]], 0)} -> Solid storage (m=4)
A16: =HYPERLINK("#'Constants - Livestock'!A1", "Constants - Livestock") -> Constants - Livestock | D16: {=Common_InputFunctions.Utility_DisplayArrayInTable(CommonLivestock_SourceData.SourceData_Livestock_Common_SymbolsMMS_Data(), Table_Data_MMSSymbols[[#Headers],[Symbol]], 0)} -> 5 | E16: {=Common_InputFunctions.Utility_DisplayArrayInTable(CommonLivestock_SourceData.SourceData_Livestock_Common_SymbolsMMS_Data(), Table_Data_MMSSymbols[[#Headers],[Symbol]], 0)} -> Drylot (feed pad) | F16: {=Common_InputFunctions.Utility_DisplayArrayInTable(CommonLivestock_SourceData.SourceData_Livestock_Common_SymbolsMMS_Data(), Table_Data_MMSSymbols[[#Headers],[Symbol]], 0)} -> Drylot (feed pad) (m=5)
A17: =HYPERLINK("#'Constants - Common'!A1", "Constants - Common") -> Constants - Common | D17: {=Common_InputFunctions.Utility_DisplayArrayInTable(CommonLivestock_SourceData.SourceData_Livestock_Common_SymbolsMMS_Data(), Table_Data_MMSSymbols[[#Headers],[Symbol]], 0)} -> 6 | E17: {=Common_InputFunctions.Utility_DisplayArrayInTable(CommonLivestock_SourceData.SourceData_Livestock_Common_SymbolsMMS_Data(), Table_Data_MMSSymbols[[#Headers],[Symbol]], 0)} -> Composting (passive windrow) | F17: {=Common_InputFunctions.Utility_DisplayArrayInTable(CommonLivestock_SourceData.SourceData_Livestock_Common_SymbolsMMS_Data(), Table_Data_MMSSymbols[[#Headers],[Symbol]], 0)} -> Composting (passive windrow) (m=6)
A18: =HYPERLINK("#'Acknowledgements'!A1", "Acknowledgements") -> Acknowledgements | D18: {=Common_InputFunctions.Utility_DisplayArrayInTable(CommonLivestock_SourceData.SourceData_Livestock_Common_SymbolsMMS_Data(), Table_Data_MMSSymbols[[#Headers],[Symbol]], 0)} -> 7 | E18: {=Common_InputFunctions.Utility_DisplayArrayInTable(CommonLivestock_SourceData.SourceData_Livestock_Common_SymbolsMMS_Data(), Table_Data_MMSSymbols[[#Headers],[Symbol]], 0)} -> Digester / covered lagoons | F18: {=Common_InputFunctions.Utility_DisplayArrayInTable(CommonLivestock_SourceData.SourceData_Livestock_Common_SymbolsMMS_Data(), Table_Data_MMSSymbols[[#Headers],[Symbol]], 0)} -> Digester / covered lagoons (m=7)
D19: {=Common_InputFunctions.Utility_DisplayArrayInTable(CommonLivestock_SourceData.SourceData_Livestock_Common_SymbolsMMS_Data(), Table_Data_MMSSymbols[[#Headers],[Symbol]], 0)} -> 8 | E19: {=Common_InputFunctions.Utility_DisplayArrayInTable(CommonLivestock_SourceData.SourceData_Livestock_Common_SymbolsMMS_Data(), Table_Data_MMSSymbols[[#Headers],[Symbol]], 0)} -> Deep litter | F19: {=Common_InputFunctions.Utility_DisplayArrayInTable(CommonLivestock_SourceData.SourceData_Livestock_Common_SymbolsMMS_Data(), Table_Data_MMSSymbols[[#Headers],[Symbol]], 0)} -> Deep litter (m=8)
D20: {=Common_InputFunctions.Utility_DisplayArrayInTable(CommonLivestock_SourceData.SourceData_Livestock_Common_SymbolsMMS_Data(), Table_Data_MMSSymbols[[#Headers],[Symbol]], 0)} -> 9 | E20: {=Common_InputFunctions.Utility_DisplayArrayInTable(CommonLivestock_SourceData.SourceData_Livestock_Common_SymbolsMMS_Data(), Table_Data_MMSSymbols[[#Headers],[Symbol]], 0)} -> Pit storage | F20: {=Common_InputFunctions.Utility_DisplayArrayInTable(CommonLivestock_SourceData.SourceData_Livestock_Common_SymbolsMMS_Data(), Table_Data_MMSSymbols[[#Headers],[Symbol]], 0)} -> Pit storage (m=9)
D21: {=Common_InputFunctions.Utility_DisplayArrayInTable(CommonLivestock_SourceData.SourceData_Livestock_Common_SymbolsMMS_Data(), Table_Data_MMSSymbols[[#Headers],[Symbol]], 0)} -> 10 | E21: {=Common_InputFunctions.Utility_DisplayArrayInTable(CommonLivestock_SourceData.SourceData_Livestock_Common_SymbolsMMS_Data(), Table_Data_MMSSymbols[[#Headers],[Symbol]], 0)} -> Poultry manure with bedding | F21: {=Common_InputFunctions.Utility_DisplayArrayInTable(CommonLivestock_SourceData.SourceData_Livestock_Common_SymbolsMMS_Data(), Table_Data_MMSSymbols[[#Headers],[Symbol]], 0)} -> Poultry manure with bedding (m=10)
D22: {=Common_InputFunctions.Utility_DisplayArrayInTable(CommonLivestock_SourceData.SourceData_Livestock_Common_SymbolsMMS_Data(), Table_Data_MMSSymbols[[#Headers],[Symbol]], 0)} -> 11 | E22: {=Common_InputFunctions.Utility_DisplayArrayInTable(CommonLivestock_SourceData.SourceData_Livestock_Common_SymbolsMMS_Data(), Table_Data_MMSSymbols[[#Headers],[Symbol]], 0)} -> Poultry manure without bedding | F22: {=Common_InputFunctions.Utility_DisplayArrayInTable(CommonLivestock_SourceData.SourceData_Livestock_Common_SymbolsMMS_Data(), Table_Data_MMSSymbols[[#Headers],[Symbol]], 0)} -> Poultry manure without bedding (m=11)
D23: {=Common_InputFunctions.Utility_DisplayArrayInTable(CommonLivestock_SourceData.SourceData_Livestock_Common_SymbolsMMS_Data(), Table_Data_MMSSymbols[[#Headers],[Symbol]], 0)} -> 11a | E23: {=Common_InputFunctions.Utility_DisplayArrayInTable(CommonLivestock_SourceData.SourceData_Livestock_Common_SymbolsMMS_Data(), Table_Data_MMSSymbols[[#Headers],[Symbol]], 0)} -> Belt manure removal | F23: {=Common_InputFunctions.Utility_DisplayArrayInTable(CommonLivestock_SourceData.SourceData_Livestock_Common_SymbolsMMS_Data(), Table_Data_MMSSymbols[[#Headers],[Symbol]], 0)} -> Belt manure removal (m=11a)
D24: {=Common_InputFunctions.Utility_DisplayArrayInTable(CommonLivestock_SourceData.SourceData_Livestock_Common_SymbolsMMS_Data(), Table_Data_MMSSymbols[[#Headers],[Symbol]], 0)} -> 11b | E24: {=Common_InputFunctions.Utility_DisplayArrayInTable(CommonLivestock_SourceData.SourceData_Livestock_Common_SymbolsMMS_Data(), Table_Data_MMSSymbols[[#Headers],[Symbol]], 0)} -> Manure stored in house | F24: {=Common_InputFunctions.Utility_DisplayArrayInTable(CommonLivestock_SourceData.SourceData_Livestock_Common_SymbolsMMS_Data(), Table_Data_MMSSymbols[[#Headers],[Symbol]], 0)} -> Manure stored in house (m=11b)
D25: {=Common_InputFunctions.Utility_DisplayArrayInTable(CommonLivestock_SourceData.SourceData_Livestock_Common_SymbolsMMS_Data(), Table_Data_MMSSymbols[[#Headers],[Symbol]], 0)} -> 12 | E25: {=Common_InputFunctions.Utility_DisplayArrayInTable(CommonLivestock_SourceData.SourceData_Livestock_Common_SymbolsMMS_Data(), Table_Data_MMSSymbols[[#Headers],[Symbol]], 0)} -> Direct processing | F25: {=Common_InputFunctions.Utility_DisplayArrayInTable(CommonLivestock_SourceData.SourceData_Livestock_Common_SymbolsMMS_Data(), Table_Data_MMSSymbols[[#Headers],[Symbol]], 0)} -> Direct processing (m=12)
D26: {=Common_InputFunctions.Utility_DisplayArrayInTable(CommonLivestock_SourceData.SourceData_Livestock_Common_SymbolsMMS_Data(), Table_Data_MMSSymbols[[#Headers],[Symbol]], 0)} -> 13 | E26: {=Common_InputFunctions.Utility_DisplayArrayInTable(CommonLivestock_SourceData.SourceData_Livestock_Common_SymbolsMMS_Data(), Table_Data_MMSSymbols[[#Headers],[Symbol]], 0)} -> Direct application | F26: {=Common_InputFunctions.Utility_DisplayArrayInTable(CommonLivestock_SourceData.SourceData_Livestock_Common_SymbolsMMS_Data(), Table_Data_MMSSymbols[[#Headers],[Symbol]], 0)} -> Direct application (m=13)
D27: {=Common_InputFunctions.Utility_DisplayArrayInTable(CommonLivestock_SourceData.SourceData_Livestock_Common_SymbolsMMS_Data(), Table_Data_MMSSymbols[[#Headers],[Symbol]], 0)} -> 14 | E27: {=Common_InputFunctions.Utility_DisplayArrayInTable(CommonLivestock_SourceData.SourceData_Livestock_Common_SymbolsMMS_Data(), Table_Data_MMSSymbols[[#Headers],[Symbol]], 0)} -> Pasture range and paddock | F27: {=Common_InputFunctions.Utility_DisplayArrayInTable(CommonLivestock_SourceData.SourceData_Livestock_Common_SymbolsMMS_Data(), Table_Data_MMSSymbols[[#Headers],[Symbol]], 0)} -> Pasture range and paddock (m=14)

Sheet Acknowledgements
A1: Acknowledgements

Sheet Tab template
A1: #VALUE!
A3: Home
A4: =HYPERLINK("#'Results'!A1", "Results") -> Results
A6: INPUTS
A7: =HYPERLINK("#'Input - Site'!A1", "Site") -> Site
A8: =HYPERLINK("#'Input - Production'!A1", "Production and outputs") -> Production and outputs
A9: =HYPERLINK("#'Input - Herd - Dairy'!A1", "Herd - Dairy") -> Herd - Dairy
A10: =HYPERLINK("#'Input - Feed - Dairy'!A1", "Purchased feed - Livestock") -> Purchased feed - Livestock
A11: =HYPERLINK("#'Input - Herd - Feedlot'!A1", "Herd - Feedlot") -> Herd - Feedlot
A12: =HYPERLINK("#'Input - Pasture'!A1", "Pasture") -> Pasture
A13: =HYPERLINK("#'Input - Grains'!A1", "Crop - Grains") -> Crop - Grains
A14: =HYPERLINK("#'Input - Fert Lime Chem'!A1", "Fertiliser, Lime & Chemicals") -> Fertiliser, Lime & Chemicals
A15: =HYPERLINK("#'Input - Fuel & Energy'!A1", "Electricity and fuel") -> Electricity and fuel
A16: Waste
A17: Freight and transport
A18: =HYPERLINK("#'Input - Other Farm Inputs'!A1", "Other farm inputs") -> Other farm inputs
A19: =HYPERLINK("#'Input - Data quality'!A1", "Data quality") -> Data quality
A21: CALCULATIONS
A22: N2O MMS
A23: Enteric methane
A24: =HYPERLINK("#'Calcs - Fert Lime'!A1", "Fertiliser & soil amendments") -> Fertiliser & soil amendments
A25: =HYPERLINK("#'Calcs - Residue mgmt - Crop'!A1", "Residue management - Crop") -> Residue management - Crop
A26: =HYPERLINK("#'Calcs - Residue mgmt - Pasture'!A1", "Residue management - Pasture") -> Residue management - Pasture
A27: =HYPERLINK("#'Calcs - Field burning'!A1", "Field burning - Crop") -> Field burning - Crop
A28: =HYPERLINK("#'Calcs - Fuel'!A1", "Fuel") -> Fuel
A29: =HYPERLINK("#'Calcs - Electricity'!A1", "Electricity") -> Electricity
A30: =HYPERLINK("#'Calcs - Refrigerants'!A1", "Refrigerants") -> Refrigerants
A31: Waste
A32: Freight and transport
A33: =HYPERLINK("#'Calcs - Scope 3'!A1", "Purchased goods scope 3") -> Purchased goods scope 3
A35: APPENDICES
A36: =HYPERLINK("#'Constants - Common'!A1", "Constants - Common") -> Constants - Common
A37: =HYPERLINK("#'Constants - Cropping'!A1", "Constants - Cropping") -> Constants - Cropping
A38: =HYPERLINK("#'Constants - Livestock'!A1", "Constants - Livestock") -> Constants - Livestock
A39: =HYPERLINK("#'Constants - Dairy'!A1", "Constants - Dairy") -> Constants - Dairy
A40: Sources & acknowledgements
