Workbook
Name Common_Equations.Common_ConvertCH4ToCO2e: _xlfn.LAMBDA(_xlpm.E_CH4,_xlpm.GWP_CH4, _xlpm.E_CH4 * _xlpm.GWP_CH4)
Name Common_Equations.Common_ConvertCH4ToCO2e_Arguments: _xlfn.LAMBDA(_xlfn.MAKEARRAY(2, 2, _xlfn.LAMBDA(_xlpm.r,_xlpm.c, INDEX({"ECH4","Methane emissions (t CH4)";"GWPCH4","Global warming potential for methane (t CO2-e / t CH4)"}, _xlpm.r, _xlpm.c))))
Name Common_Equations.Common_ConvertCH4ToCO2e_LatexEquation: _xlfn.LAMBDA("CO2_e = E_{CH4} \times GWP_{CH4}")
Name Common_Equations.Common_ConvertCH4ToCO2e_NIRReference: _xlfn.LAMBDA("")
Name Common_Equations.Common_ConvertCH4ToCO2e_Title: _xlfn.LAMBDA("Convert methane emissions to carbon dioxide equivalent emissions")
Name Common_Equations.Common_ConvertCH4ToCO2e_Unit: _xlfn.LAMBDA("t CO2e")
Name Common_Equations.Common_ConvertCH4ToCO2e_Variable: _xlfn.LAMBDA("ECH4 CO2e")
Name Common_Equations.Common_ConvertN2OToCO2e: _xlfn.LAMBDA(_xlpm.E_N2O,_xlpm.GWP_N2O, _xlpm.E_N2O * _xlpm.GWP_N2O)
Name Common_Equations.Common_ConvertN2OToCO2e_LatexEquation: _xlfn.LAMBDA("CO2_e = E_{N2O} \times GWP_{N2O}")
Name Common_Equations.Common_ConvertN2OToCO2e_NIRReference: _xlfn.LAMBDA("")
Name Common_Equations.Common_ConvertN2OToCO2e_Title: _xlfn.LAMBDA("Convert nitrous oxide emissions to carbon dioxide equivalent emissions")
Name Common_Equations.Common_ConvertN2OToCO2e_Unit: _xlfn.LAMBDA("t CO2e")
Name Common_Equations.Common_ConvertN2OToCO2e_Variable: _xlfn.LAMBDA("EN2O CO2e")
Name Common_InputFunctions.Utility_ConvertStateCommonNameToAbbreviation: _xlfn.LAMBDA(_xlpm.StateCommonName,_xlpm.StateCommonNameArray,_xlpm.StateAbbreviationArray, _xlfn.XLOOKUP(_xlpm.StateCommonName, _xlpm.StateCommonNameArray, _xlpm.StateAbbreviationArray, ""))
Name Common_InputFunctions.Utility_DisplayArguments_1_2: _xlfn.LAMBDA(_xlpm.ArgumentsArray, _xlfn.CHOOSECOLS(_xlpm.ArgumentsArray, 1, 2))
Name Common_InputFunctions.Utility_DisplayArguments_3_4: _xlfn.LAMBDA(_xlpm.ArgumentsArray, _xlfn.CHOOSECOLS(_xlpm.ArgumentsArray, 3, 4))
Name Common_InputFunctions.Utility_DisplayFunctionName: _xlfn.LAMBDA(_xlpm.Function, _xlfn.TEXTBEFORE(_xlfn.FORMULATEXT(_xlpm.Function), "("))
Name Common_InputFunctions.Utility_GetArrayTableColumnStartNumber: _xlfn.LAMBDA(_xlpm.TableHeaderCell, COLUMN(_xlpm.TableHeaderCell))
Name Common_InputFunctions.Utility_GetArrayTableRowStartNumber: _xlfn.LAMBDA(_xlpm.TableheaderCell,_xlpm.RowsBetweenHeaderandArray, ROW(_xlpm.TableheaderCell) + _xlpm.RowsBetweenHeaderandArray - 1)
Name Common_InputFunctions.Utility_LookupValueInTable: _xlfn.LAMBDA(_xlpm.LookupValue,_xlpm.LookupArray,_xlpm.ReturnArray, _xlfn.XLOOKUP(_xlpm.LookupValue, _xlpm.LookupArray, _xlpm.ReturnArray, ""))
Name Common_InputFunctions.Utility_ResultsItemFromEquationTitleAndSource: _xlfn.LAMBDA(_xlpm.TitleCell,_xlpm.SourceCell, SUBSTITUTE(LEFT(_xlpm.SourceCell, FIND(",", _xlpm.SourceCell) - 1), "VEERG 2026: ", "") & " " & _xlpm.TitleCell)
Name Common_InputFunctions.Utility_SourceHyperlink: _xlfn.LAMBDA(_xlpm.TargetCell, _xlfn.LET(_xlpm.sh, _xlfn.TEXTAFTER(CELL("filename", _xlpm.TargetCell), "]"), _xlpm.addr, CELL("address", _xlpm.TargetCell), "#'" & _xlpm.sh & "'!" & _xlpm.addr))
Name Common_InputFunctions.Utility_SourceHyperlinkDifferentSheet: _xlfn.LAMBDA(_xlpm.TargetCell, _xlfn.LET(_xlpm.sh, _xlfn.TEXTAFTER(CELL("filename", _xlpm.TargetCell), "]"), _xlpm.addr, CELL("address", _xlpm.TargetCell), "#" & _xlpm.addr))
Name Common_SourceData.Common_SourceData_AustralianStatesTerritories_Source: _xlfn.LAMBDA("")
Name Common_SourceData.Common_SourceData_AustralianStatesTerritories_Title: _xlfn.LAMBDA("Australian states and territories")
Name Common_SourceData.Common_SourceData_AustralianStatesTerritories_Unit: _xlfn.LAMBDA("")
Name Common_SourceData.Common_SourceData_AustralianStatesTerritories_Variable: _xlfn.LAMBDA("")
Name Common_SourceData.Common_SourceData_ClimateZones_Source: _xlfn.LAMBDA("VEERG 2026: Table 1.3: Climate and Rainfall zone classifications and definitions")
Name Common_SourceData.Common_SourceData_ClimateZones_Title: _xlfn.LAMBDA("VEERG Australian climate zones")
Name Common_SourceData.Common_SourceData_ClimateZones_Unit: _xlfn.LAMBDA("")
Name Common_SourceData.Common_SourceData_ClimateZones_Variable: _xlfn.LAMBDA("")
Name Common_SourceData.Common_SourceData_ConvertGasElementalToMolecular_Source: _xlfn.LAMBDA("XXXXXXX")
Name Common_SourceData.Common_SourceData_ConvertGasElementalToMolecular_Title: _xlfn.LAMBDA("Factor to convert elemental mass of gas to molecular mass")
Name Common_SourceData.Common_SourceData_ConvertGasElementalToMolecular_Unit: _xlfn.LAMBDA("factor")
Name Common_SourceData.Common_SourceData_ConvertGasElementalToMolecular_Variable: _xlfn.LAMBDA("Cg")
Name Common_SourceData.Common_SourceData_ConvertN2oElementalToMolecularCg_Data: _xlfn.LAMBDA(44 / 28)
Name Common_SourceData.Common_SourceData_ConvertN2oElementalToMolecularCg_Source: _xlfn.LAMBDA("National Inventory Report 2023 Volume 1")
Name Common_SourceData.Common_SourceData_ConvertN2oElementalToMolecularCg_Title: _xlfn.LAMBDA("Factor to convert elemental mass of N2O to molecular mass")
Name Common_SourceData.Common_SourceData_ConvertN2oElementalToMolecularCg_Unit: _xlfn.LAMBDA("factor")
Name Common_SourceData.Common_SourceData_ConvertN2oElementalToMolecularCg_Variable: _xlfn.LAMBDA("CgN2O")
Name Common_SourceData.Common_SourceData_DataScores_Scope3_Source: _xlfn.LAMBDA("VEERG 2026: XXXXXXXX")
Name Common_SourceData.Common_SourceData_DataScores_Scope3_Title: _xlfn.LAMBDA("Australian data scores for scope 3")
Name Common_SourceData.Common_SourceData_DataScores_Scope3_Unit: _xlfn.LAMBDA("")
Name Common_SourceData.Common_SourceData_DataScores_Scope3_Variable: _xlfn.LAMBDA("")
Name Common_SourceData.Common_SourceData_DataScores_Scope3_Variation: _xlfn.LAMBDA("")
Name Common_SourceData.Common_SourceData_DensityOfMethane_Data: _xlfn.LAMBDA(0.6784)
Name Common_SourceData.Common_SourceData_DensityOfMethane_Source: _xlfn.LAMBDA("National Inventory Report 2023 Volume 1: Equations 3.B.1a_2, 3.B.1c_2, 3.B.3_1, 3.B.4g_2")
Name Common_SourceData.Common_SourceData_DensityOfMethane_Title: _xlfn.LAMBDA("p = density of methane")
Name Common_SourceData.Common_SourceData_DensityOfMethane_Unit: _xlfn.LAMBDA("kg/m3")
Name Common_SourceData.Common_SourceData_EFleach_Data: _xlfn.LAMBDA(_xlfn.MAKEARRAY(1, 2, _xlfn.LAMBDA(_xlpm.r,_xlpm.c, INDEX({"EFleach",0.011}, _xlpm.r, _xlpm.c))))
Name Common_SourceData.Common_SourceData_EFleach_NIRReference: _xlfn.LAMBDA("National Inventory Report Volume 1: Equation 3.D.B_10")
Name Common_SourceData.Common_SourceData_EFleach_Source: _xlfn.LAMBDA("VEERG 2026:5.5.2.3 Constant Parameters")
Name Common_SourceData.Common_SourceData_EFleach_Title: _xlfn.LAMBDA("Emission factor for nitrogen leaching and runoff")
Name Common_SourceData.Common_SourceData_EFleach_Unit: _xlfn.LAMBDA("(kg N2O-N / kg N")
Name Common_SourceData.Common_SourceData_EFleach_Variation: _xlfn.LAMBDA((""))
Name Common_SourceData.Common_SourceData_EFN2O_NIRReference: _xlfn.LAMBDA("")
Name Common_SourceData.Common_SourceData_EFN2O_Source: _xlfn.LAMBDA("VEERG 2026: Table A.2.2.1")
Name Common_SourceData.Common_SourceData_EFN2O_Title: _xlfn.LAMBDA("Nitrous oxide emission factors for inorganic fertiliser application")
Name Common_SourceData.Common_SourceData_EFN2O_Unit: _xlfn.LAMBDA("(kg N2O-N / kg N")
Name Common_SourceData.Common_SourceData_EFOrganicFertiliserAndCropResidues_Data: _xlfn.LAMBDA(_xlfn.MAKEARRAY(3, 2, _xlfn.LAMBDA(_xlpm.r,_xlpm.c, INDEX({"Climate zone","EFNi & EFN2O";"Wet climate zone",0.006;"Dry climate zone",0.005}, _xlpm.r, _xlpm.c))))

Sheet Home
A1: Home

Sheet Results
A1: #VALUE! | C1: 3.2 Enteric Methane: Pasture Beef: Results
A3: =HYPERLINK("#'Home'!A1", "Home") -> Home
A4: =HYPERLINK("#'Results'!A1", "Results") -> Results | D4: Emissions breakdown
A6: INPUTS | D6: Scope 1 source | E6: GHG emissions method 1 | F6: GHG emissions method 2 | G6: GHG Unit | H6: CO2-e emissions method 1 | I6: CO2-e emissions method 2 | J6: CO2-e unit
A7: =HYPERLINK("#'Input - Site'!A1", "Site") -> Site | D7: 4.3.1.1-2 Enteric Methane | E7: =VEERG_3_2_1_1__1_TotalAnnualMethaneFromEntericFermentation_Result -> #NAME? | F7: =VEERG_3_2_1_1__1_TotalAnnualMethaneFromEntericFermentation_Result_Method2 -> 54.699182 | G7: t CH4 | H7: ='3.2.1.1-2 Enteric Methane'!E133 -> 1528.6812 | I7: ='3.2.1.1-2 Enteric Methane'!V166 -> 1531.5771 | J7: t CO2e
A8: =HYPERLINK("#'Input - Pasture Beef'!A1", "Pasture Beef") -> Pasture Beef | D8: Total | H8: =SUM(H7:H7) -> 1528.6812 | I8: =SUM(I7:I7) -> 1531.5771 | J8: t CO2e
A10: CALCULATIONS
A11: =HYPERLINK("#'3.2.1.1-2 Enteric Methane'!A1", "3.2.1.1-2 Enteric Methane") -> 3.2.1.1-2 Enteric Methane
A13: APPENDICES
A14: =HYPERLINK("#'Constants - Pasture Beef'!A1", "Constants - Pasture Beef") -> Constants - Pasture Beef
A15: =HYPERLINK("#'Constants - Livestock'!A1", "Constants - Livestock") -> Constants - Livestock
A16: =HYPERLINK("#'Constants - Common'!A1", "Constants - Common") -> Constants - Common
A17: =HYPERLINK("#'Acknowledgements'!A1", "Acknowledgements") -> Acknowledgements

Sheet Input - Site
A1: #VALUE! | C1: Input - Site
A3: =HYPERLINK("#'Home'!A1", "Home") -> Home
A4: =HYPERLINK("#'Results'!A1", "Results") -> Results
D5: Your business
A6: INPUTS
A7: =HYPERLINK("#'Input - Site'!A1", "Site") -> Site | D7: Farm name | E7: Test Farms
A8: =HYPERLINK("#'Input - Pasture Beef'!A1", "Pasture Beef") -> Pasture Beef | D8: Reporting entity name | E8: Test Farms Pty Ltd
A10: CALCULATIONS | D10: 💡An 'Emissions accounting period' is a 12 month period where the business can report on the emissions, and is typically the same as the business' financial accounting period.
A11: =HYPERLINK("#'3.2.1.1-2 Enteric Methane'!A1", "3.2.1.1-2 Enteric Methane") -> 3.2.1.1-2 Enteric Methane
D12: Emissions calculation period start date | E12: 45292 | F12: ← DD/MM/YYYY or DD Month YYYY
A13: APPENDICES | D13: Emissions calculation period end date | E13: =DATE(YEAR(E12)+1,MONTH(E12),DAY(E12))-1 -> 45657 | F13: ← Automatically calculated, 12 months after start date
A14: =HYPERLINK("#'Constants - Pasture Beef'!A1", "Constants - Pasture Beef") -> Constants - Pasture Beef
A15: =HYPERLINK("#'Constants - Livestock'!A1", "Constants - Livestock") -> Constants - Livestock
A16: =HYPERLINK("#'Constants - Common'!A1", "Constants - Common") -> Constants - Common | D16: Location and climate
A17: =HYPERLINK("#'Acknowledgements'!A1", "Acknowledgements") -> Acknowledgements
D18: Location information is used to reference some region and climate-specific emission factors
D19: Tip: Use the web-based GAF Location Helper tool to easily get region and climate information. You will need an internet connection to use the GAF Location Helper.
D21: State | E21: Western Australia | F21: ← Please select

Sheet Input - Pasture Beef
A1: #VALUE! | C1: Input -Pasture Beef
A3: =HYPERLINK("#'Home'!A1", "Home") -> Home
A4: =HYPERLINK("#'Results'!A1", "Results") -> Results
D5: Herd movement
A6: INPUTS
A7: =HYPERLINK("#'Input - Site'!A1", "Site") -> Site | D7: State | E7: =X_Cell_Site_State -> Western Australia
A8: =HYPERLINK("#'Input - Pasture Beef'!A1", "Pasture Beef") -> Pasture Beef | D8: Livestock production region | E8: South West | F8: ← Please select
D9: Cattle breed | E9: Hereford or Shorthorn breeds | F9: ← Please select
A10: CALCULATIONS
A11: =HYPERLINK("#'4.2.1.1-2 Methane'!A1", "4.2.1.1-2 Methane") -> 4.2.1.1-2 Methane
A12: =HYPERLINK("#'4.2.1.3-4 Soil direct N2O'!A1", "4.2.1.3-4 Soil direct N2O") -> 4.2.1.3-4 Soil direct N2O
A13: =HYPERLINK("#'4.2.1.5-6 Soil Atmos Dep'!A1", "4.2.1.5-6 Soil atm. deposition") -> 4.2.1.5-6 Soil atm. deposition | D13: NOTE: VEERG states that under method 2, time periods may be seasons, months or a custom time period. In this example, method 2 time periods are months.
A14: =HYPERLINK("#'4.2.1.7-8 Soil leach runoff'!A1", "4.2.1.7-8 Soil leach & runoff") -> 4.2.1.7-8 Soil leach & runoff
D15: Duration on farm
A16: APPENDICES | D16: Method 1 default values (do not edit) | E16: Bulls < 1 year | F16: Bulls > 1 year | G16: Cows < 1 year | H16: Cows 1-2 years | I16: Cows 2-3 years | J16: Cows > 3 years | K16: Steers < 1 year | L16: Steers 1-2 years | M16: Steers 2-3 years | N16: Steers >3 years
A17: =HYPERLINK("#'Constants - Pasture Beef'!A1", "Constants - Pasture Beef") -> Constants - Pasture Beef | D17: Spring | E17: 91.25 | F17: 91.25 | G17: 91.25 | H17: 91.25 | I17: 91.25 | J17: 91.25 | K17: 91.25 | L17: 91.25 | M17: 91.25 | N17: 91.25 | O17: Days
A18: =HYPERLINK("#'Constants - Livestock'!A1", "Constants - Livestock") -> Constants - Livestock | D18: Summer | E18: 91.25 | F18: 91.25 | G18: 91.25 | H18: 91.25 | I18: 91.25 | J18: 91.25 | K18: 91.25 | L18: 91.25 | M18: 91.25 | N18: 91.25 | O18: Days
A19: =HYPERLINK("#'Constants - Common'!A1", "Constants - Common") -> Constants - Common | D19: Autumn | E19: 91.25 | F19: 91.25 | G19: 91.25 | H19: 91.25 | I19: 91.25 | J19: 91.25 | K19: 91.25 | L19: 91.25 | M19: 91.25 | N19: 91.25 | O19: Days
A20: =HYPERLINK("#'Acknowledgements'!A1", "Acknowledgements") -> Acknowledgements | D20: Winter | E20: 91.25 | F20: 91.25 | G20: 91.25 | H20: 91.25 | I20: 91.25 | J20: 91.25 | K20: 91.25 | L20: 91.25 | M20: 91.25 | N20: 91.25 | O20: Days
D22: Method 2 custom values (edit if known) | E22: Bulls < 1 year | F22: Bulls > 1 year | G22: Cows < 1 year | H22: Cows 1-2 years | I22: Cows 2-3 years | J22: Cows > 3 years | K22: Steers < 1 year | L22: Steers 1-2 years | M22: Steers 2-3 years | N22: Steers >3 years
D23: =TEXT(X_Cell_Site_StartDate, "mmmm yyyy") -> January 2024 | E23: =DAY(EOMONTH($D23,0)) -> 31 | F23: =DAY(EOMONTH($D23,0)) -> 31 | G23: =DAY(EOMONTH($D23,0)) -> 31 | H23: =DAY(EOMONTH($D23,0)) -> 31 | I23: =DAY(EOMONTH($D23,0)) -> 31 | J23: =DAY(EOMONTH($D23,0)) -> 31 | K23: =DAY(EOMONTH($D23,0)) -> 31 | L23: =DAY(EOMONTH($D23,0)) -> 31 | ... N23: =DAY(EOMONTH($D23,0)) -> 31 | O23: Days
D24: =TEXT(EDATE(X_Cell_Site_StartDate,1), "mmmm yyyy") -> February 2024 | E24: =DAY(EOMONTH($D24,0)) -> 29 | F24: =DAY(EOMONTH($D24,0)) -> 29 | G24: =DAY(EOMONTH($D24,0)) -> 29 | H24: =DAY(EOMONTH($D24,0)) -> 29 | I24: =DAY(EOMONTH($D24,0)) -> 29 | J24: =DAY(EOMONTH($D24,0)) -> 29 | K24: =DAY(EOMONTH($D24,0)) -> 29 | L24: =DAY(EOMONTH($D24,0)) -> 29 | ... N24: =DAY(EOMONTH($D24,0)) -> 29 | O24: Days
D25: =TEXT(EDATE(X_Cell_Site_StartDate,2), "mmmm yyyy") -> March 2024 | E25: =DAY(EOMONTH($D25,0)) -> 31 | F25: =DAY(EOMONTH($D25,0)) -> 31 | G25: =DAY(EOMONTH($D25,0)) -> 31 | H25: =DAY(EOMONTH($D25,0)) -> 31 | I25: =DAY(EOMONTH($D25,0)) -> 31 | J25: =DAY(EOMONTH($D25,0)) -> 31 | K25: =DAY(EOMONTH($D25,0)) -> 31 | L25: =DAY(EOMONTH($D25,0)) -> 31 | ... N25: =DAY(EOMONTH($D25,0)) -> 31 | O25: Days
D26: =TEXT(EDATE(X_Cell_Site_StartDate,3), "mmmm yyyy") -> April 2024 | E26: =DAY(EOMONTH($D26,0)) -> 30 | F26: =DAY(EOMONTH($D26,0)) -> 30 | G26: =DAY(EOMONTH($D26,0)) -> 30 | H26: =DAY(EOMONTH($D26,0)) -> 30 | I26: =DAY(EOMONTH($D26,0)) -> 30 | J26: =DAY(EOMONTH($D26,0)) -> 30 | K26: =DAY(EOMONTH($D26,0)) -> 30 | L26: =DAY(EOMONTH($D26,0)) -> 30 | ... N26: =DAY(EOMONTH($D26,0)) -> 30 | O26: Days
D27: =TEXT(EDATE(X_Cell_Site_StartDate,4), "mmmm yyyy") -> May 2024 | E27: =DAY(EOMONTH($D27,0)) -> 31 | F27: =DAY(EOMONTH($D27,0)) -> 31 | G27: =DAY(EOMONTH($D27,0)) -> 31 | H27: =DAY(EOMONTH($D27,0)) -> 31 | I27: =DAY(EOMONTH($D27,0)) -> 31 | J27: =DAY(EOMONTH($D27,0)) -> 31 | K27: =DAY(EOMONTH($D27,0)) -> 31 | L27: =DAY(EOMONTH($D27,0)) -> 31 | ... N27: =DAY(EOMONTH($D27,0)) -> 31 | O27: Days
D28: =TEXT(EDATE(X_Cell_Site_StartDate,5), "mmmm yyyy") -> June 2024 | E28: =DAY(EOMONTH($D28,0)) -> 30 | F28: =DAY(EOMONTH($D28,0)) -> 30 | G28: =DAY(EOMONTH($D28,0)) -> 30 | H28: =DAY(EOMONTH($D28,0)) -> 30 | I28: =DAY(EOMONTH($D28,0)) -> 30 | J28: =DAY(EOMONTH($D28,0)) -> 30 | K28: =DAY(EOMONTH($D28,0)) -> 30 | L28: =DAY(EOMONTH($D28,0)) -> 30 | ... N28: =DAY(EOMONTH($D28,0)) -> 30 | O28: Days
D29: =TEXT(EDATE(X_Cell_Site_StartDate,6), "mmmm yyyy") -> July 2024 | E29: =DAY(EOMONTH($D29,0)) -> 31 | F29: =DAY(EOMONTH($D29,0)) -> 31 | G29: =DAY(EOMONTH($D29,0)) -> 31 | H29: =DAY(EOMONTH($D29,0)) -> 31 | I29: =DAY(EOMONTH($D29,0)) -> 31 | J29: =DAY(EOMONTH($D29,0)) -> 31 | K29: =DAY(EOMONTH($D29,0)) -> 31 | L29: =DAY(EOMONTH($D29,0)) -> 31 | ... N29: =DAY(EOMONTH($D29,0)) -> 31 | O29: Days
D30: =TEXT(EDATE(X_Cell_Site_StartDate,7), "mmmm yyyy") -> August 2024 | E30: =DAY(EOMONTH($D30,0)) -> 31 | F30: =DAY(EOMONTH($D30,0)) -> 31 | G30: =DAY(EOMONTH($D30,0)) -> 31 | H30: =DAY(EOMONTH($D30,0)) -> 31 | I30: =DAY(EOMONTH($D30,0)) -> 31 | J30: =DAY(EOMONTH($D30,0)) -> 31 | K30: =DAY(EOMONTH($D30,0)) -> 31 | L30: =DAY(EOMONTH($D30,0)) -> 31 | ... N30: =DAY(EOMONTH($D30,0)) -> 31 | O30: Days
D31: =TEXT(EDATE(X_Cell_Site_StartDate,8), "mmmm yyyy") -> September 2024 | E31: =DAY(EOMONTH($D31,0)) -> 30 | F31: =DAY(EOMONTH($D31,0)) -> 30 | G31: =DAY(EOMONTH($D31,0)) -> 30 | H31: =DAY(EOMONTH($D31,0)) -> 30 | I31: =DAY(EOMONTH($D31,0)) -> 30 | J31: =DAY(EOMONTH($D31,0)) -> 30 | K31: =DAY(EOMONTH($D31,0)) -> 30 | L31: =DAY(EOMONTH($D31,0)) -> 30 | ... N31: =DAY(EOMONTH($D31,0)) -> 30 | O31: Days
D32: =TEXT(EDATE(X_Cell_Site_StartDate,9), "mmmm yyyy") -> October 2024 | E32: =DAY(EOMONTH($D32,0)) -> 31 | F32: =DAY(EOMONTH($D32,0)) -> 31 | G32: =DAY(EOMONTH($D32,0)) -> 31 | H32: =DAY(EOMONTH($D32,0)) -> 31 | I32: =DAY(EOMONTH($D32,0)) -> 31 | J32: =DAY(EOMONTH($D32,0)) -> 31 | K32: =DAY(EOMONTH($D32,0)) -> 31 | L32: =DAY(EOMONTH($D32,0)) -> 31 | ... N32: =DAY(EOMONTH($D32,0)) -> 31 | O32: Days
D33: =TEXT(EDATE(X_Cell_Site_StartDate,10), "mmmm yyyy") -> November 2024 | E33: =DAY(EOMONTH($D33,0)) -> 30 | F33: =DAY(EOMONTH($D33,0)) -> 30 | G33: =DAY(EOMONTH($D33,0)) -> 30 | H33: =DAY(EOMONTH($D33,0)) -> 30 | I33: =DAY(EOMONTH($D33,0)) -> 30 | J33: =DAY(EOMONTH($D33,0)) -> 30 | K33: =DAY(EOMONTH($D33,0)) -> 30 | L33: =DAY(EOMONTH($D33,0)) -> 30 | ... N33: =DAY(EOMONTH($D33,0)) -> 30 | O33: Days
D34: =TEXT(EDATE(X_Cell_Site_StartDate,11), "mmmm yyyy") -> December 2024 | E34: =DAY(EOMONTH($D34,0)) -> 31 | F34: =DAY(EOMONTH($D34,0)) -> 31 | G34: =DAY(EOMONTH($D34,0)) -> 31 | H34: =DAY(EOMONTH($D34,0)) -> 31 | I34: =DAY(EOMONTH($D34,0)) -> 31 | J34: =DAY(EOMONTH($D34,0)) -> 31 | K34: =DAY(EOMONTH($D34,0)) -> 31 | L34: =DAY(EOMONTH($D34,0)) -> 31 | ... N34: =DAY(EOMONTH($D34,0)) -> 31 | O34: Days
D37: Head
D38: Method 1 values | E38: Bulls < 1 year | F38: Bulls > 1 year | G38: Cows < 1 year | H38: Cows 1-2 years | I38: Cows 2-3 years | J38: Cows > 3 years | K38: Steers < 1 year | L38: Steers 1-2 years | M38: Steers 2-3 years | N38: Steers >3 years
D39: Spring | E39: 100 | F39: 100 | G39: 100 | H39: 100 | I39: 100 | J39: 100 | K39: 100 | L39: 100 | M39: 100 | N39: 100 | O39: Head
D40: Summer | E40: 100 | F40: 100 | G40: 100 | H40: 100 | I40: 100 | J40: 100 | K40: 100 | L40: 100 | M40: 100 | N40: 100 | O40: Head
D41: Autumn | E41: 100 | F41: 100 | G41: 100 | H41: 100 | I41: 100 | J41: 100 | K41: 100 | L41: 100 | M41: 100 | N41: 100 | O41: Head
D42: Winter | E42: 100 | F42: 100 | G42: 100 | H42: 100 | I42: 100 | J42: 100 | K42: 100 | L42: 100 | M42: 100 | N42: 100 | O42: Head
D44: Method 2 values | E44: Bulls < 1 year | F44: Bulls > 1 year | G44: Cows < 1 year | H44: Cows 1-2 years | I44: Cows 2-3 years | J44: Cows > 3 years | K44: Steers < 1 year | L44: Steers 1-2 years | M44: Steers 2-3 years | N44: Steers >3 years
D45: =TEXT(X_Cell_Site_StartDate, "mmmm yyyy") -> January 2024 | E45: 100 | F45: 100 | G45: 100 | H45: 100 | I45: 100 | J45: 100 | K45: 100 | L45: 100 | M45: 100 | N45: 100 | O45: Head
D46: =TEXT(EDATE(X_Cell_Site_StartDate,1), "mmmm yyyy") -> February 2024 | E46: 100 | F46: 100 | G46: 100 | H46: 100 | I46: 100 | J46: 100 | K46: 100 | L46: 100 | M46: 100 | N46: 100 | O46: Head
D47: =TEXT(EDATE(X_Cell_Site_StartDate,2), "mmmm yyyy") -> March 2024 | E47: 100 | F47: 100 | G47: 100 | H47: 100 | I47: 100 | J47: 100 | K47: 100 | L47: 100 | M47: 100 | N47: 100 | O47: Head
D48: =TEXT(EDATE(X_Cell_Site_StartDate,3), "mmmm yyyy") -> April 2024 | E48: 100 | F48: 100 | G48: 100 | H48: 100 | I48: 100 | J48: 100 | K48: 100 | L48: 100 | M48: 100 | N48: 100 | O48: Head
D49: =TEXT(EDATE(X_Cell_Site_StartDate,4), "mmmm yyyy") -> May 2024 | E49: 100 | F49: 100 | G49: 100 | H49: 100 | I49: 100 | J49: 100 | K49: 100 | L49: 100 | M49: 100 | N49: 100 | O49: Head
D50: =TEXT(EDATE(X_Cell_Site_StartDate,5), "mmmm yyyy") -> June 2024 | E50: 100 | F50: 100 | G50: 100 | H50: 100 | I50: 100 | J50: 100 | K50: 100 | L50: 100 | M50: 100 | N50: 100 | O50: Head
D51: =TEXT(EDATE(X_Cell_Site_StartDate,6), "mmmm yyyy") -> July 2024 | E51: 100 | F51: 100 | G51: 100 | H51: 100 | I51: 100 | J51: 100 | K51: 100 | L51: 100 | M51: 100 | N51: 100 | O51: Head
D52: =TEXT(EDATE(X_Cell_Site_StartDate,7), "mmmm yyyy") -> August 2024 | E52: 100 | F52: 100 | G52: 100 | H52: 100 | I52: 100 | J52: 100 | K52: 100 | L52: 100 | M52: 100 | N52: 100 | O52: Head
D53: =TEXT(EDATE(X_Cell_Site_StartDate,8), "mmmm yyyy") -> September 2024 | E53: 100 | F53: 100 | G53: 100 | H53: 100 | I53: 100 | J53: 100 | K53: 100 | L53: 100 | M53: 100 | N53: 100 | O53: Head
D54: =TEXT(EDATE(X_Cell_Site_StartDate,9), "mmmm yyyy") -> October 2024 | E54: 100 | F54: 100 | G54: 100 | H54: 100 | I54: 100 | J54: 100 | K54: 100 | L54: 100 | M54: 100 | N54: 100 | O54: Head
D55: =TEXT(EDATE(X_Cell_Site_StartDate,10), "mmmm yyyy") -> November 2024 | E55: 100 | F55: 100 | G55: 100 | H55: 100 | I55: 100 | J55: 100 | K55: 100 | L55: 100 | M55: 100 | N55: 100 | O55: Head
D56: =TEXT(EDATE(X_Cell_Site_StartDate,11), "mmmm yyyy") -> December 2024 | E56: 100 | F56: 100 | G56: 100 | H56: 100 | I56: 100 | J56: 100 | K56: 100 | L56: 100 | M56: 100 | N56: 100 | O56: Head
D59: Liveweight
D60: Method 1 default values (do not edit) | E60: Bulls < 1 year | F60: Bulls > 1 year | G60: Cows < 1 year | H60: Cows 1-2 years | I60: Cows 2-3 years | J60: Cows > 3 years | K60: Steers < 1 year | L60: Steers 1-2 years | M60: Steers 2-3 years | N60: Steers >3 years
D61: Spring | E61: =InputFunctions_PastureBeef.LookupLiveweightFromSeason($E$7,$E$8,$D61,E$60,Table_SourceData_PastureBeef_LiveweightAllStates[State],Table_SourceData_PastureBeef_LiveweightAllStates[Region],Table_SourceData_PastureBeef_LiveweightAllStates[Season],Table_SourceData_PastureBeef_LiveweightAllStates[#Headers],Table_SourceData_PastureBeef_LiveweightAllStates[],Table_AustralianStates[Common Name],Table_AustralianStates[Abbreviation]) -> 340 | F61: =InputFunctions_PastureBeef.LookupLiveweightFromSeason($E$7,$E$8,$D61,F$60,Table_SourceData_PastureBeef_LiveweightAllStates[State],Table_SourceData_PastureBeef_LiveweightAllStates[Region],Table_SourceData_PastureBeef_LiveweightAllStates[Season],Table_SourceData_PastureBeef_LiveweightAllStates[#Headers],Table_SourceData_PastureBeef_LiveweightAllStates[],Table_AustralianStates[Common Name],Table_AustralianStates[Abbreviation]) -> 800 | G61: =InputFunctions_PastureBeef.LookupLiveweightFromSeason($E$7,$E$8,$D61,G$60,Table_SourceData_PastureBeef_LiveweightAllStates[State],Table_SourceData_PastureBeef_LiveweightAllStates[Region],Table_SourceData_PastureBeef_LiveweightAllStates[Season],Table_SourceData_PastureBeef_LiveweightAllStates[#Headers],Table_SourceData_PastureBeef_LiveweightAllStates[],Table_AustralianStates[Common Name],Table_AustralianStates[Abbreviation]) -> 260 | H61: =InputFunctions_PastureBeef.LookupLiveweightFromSeason($E$7,$E$8,$D61,H$60,Table_SourceData_PastureBeef_LiveweightAllStates[State],Table_SourceData_PastureBeef_LiveweightAllStates[Region],Table_SourceData_PastureBeef_LiveweightAllStates[Season],Table_SourceData_PastureBeef_LiveweightAllStates[#Headers],Table_SourceData_PastureBeef_LiveweightAllStates[],Table_AustralianStates[Common Name],Table_AustralianStates[Abbreviation]) -> 420 | I61: =InputFunctions_PastureBeef.LookupLiveweightFromSeason($E$7,$E$8,$D61,I$60,Table_SourceData_PastureBeef_LiveweightAllStates[State],Table_SourceData_PastureBeef_LiveweightAllStates[Region],Table_SourceData_PastureBeef_LiveweightAllStates[Season],Table_SourceData_PastureBeef_LiveweightAllStates[#Headers],Table_SourceData_PastureBeef_LiveweightAllStates[],Table_AustralianStates[Common Name],Table_AustralianStates[Abbreviation]) -> 550 | J61: =InputFunctions_PastureBeef.LookupLiveweightFromSeason($E$7,$E$8,$D61,J$60,Table_SourceData_PastureBeef_LiveweightAllStates[State],Table_SourceData_PastureBeef_LiveweightAllStates[Region],Table_SourceData_PastureBeef_LiveweightAllStates[Season],Table_SourceData_PastureBeef_LiveweightAllStates[#Headers],Table_SourceData_PastureBeef_LiveweightAllStates[],Table_AustralianStates[Common Name],Table_AustralianStates[Abbreviation]) -> 550 | K61: =InputFunctions_PastureBeef.LookupLiveweightFromSeason($E$7,$E$8,$D61,K$60,Table_SourceData_PastureBeef_LiveweightAllStates[State],Table_SourceData_PastureBeef_LiveweightAllStates[Region],Table_SourceData_PastureBeef_LiveweightAllStates[Season],Table_SourceData_PastureBeef_LiveweightAllStates[#Headers],Table_SourceData_PastureBeef_LiveweightAllStates[],Table_AustralianStates[Common Name],Table_AustralianStates[Abbreviation]) -> 300 | L61: =InputFunctions_PastureBeef.LookupLiveweightFromSeason($E$7,$E$8,$D61,L$60,Table_SourceData_PastureBeef_LiveweightAllStates[State],Table_SourceData_PastureBeef_LiveweightAllStates[Region],Table_SourceData_PastureBeef_LiveweightAllStates[Season],Table_SourceData_PastureBeef_LiveweightAllStates[#Headers],Table_SourceData_PastureBeef_LiveweightAllStates[],Table_AustralianStates[Common Name],Table_AustralianStates[Abbreviation]) -> 480 | ... N61: =InputFunctions_PastureBeef.LookupLiveweightFromSeason($E$7,$E$8,$D61,N$60,Table_SourceData_PastureBeef_LiveweightAllStates[State],Table_SourceData_PastureBeef_LiveweightAllStates[Region],Table_SourceData_PastureBeef_LiveweightAllStates[Season],Table_SourceData_PastureBeef_LiveweightAllStates[#Headers],Table_SourceData_PastureBeef_LiveweightAllStates[],Table_AustralianStates[Common Name],Table_AustralianStates[Abbreviation]) -> 480 | O61: kg/head
D62: Summer | E62: =InputFunctions_PastureBeef.LookupLiveweightFromSeason($E$7,$E$8,$D62,E$60,Table_SourceData_PastureBeef_LiveweightAllStates[State],Table_SourceData_PastureBeef_LiveweightAllStates[Region],Table_SourceData_PastureBeef_LiveweightAllStates[Season],Table_SourceData_PastureBeef_LiveweightAllStates[#Headers],Table_SourceData_PastureBeef_LiveweightAllStates[],Table_AustralianStates[Common Name],Table_AustralianStates[Abbreviation]) -> 380 | F62: =InputFunctions_PastureBeef.LookupLiveweightFromSeason($E$7,$E$8,$D62,F$60,Table_SourceData_PastureBeef_LiveweightAllStates[State],Table_SourceData_PastureBeef_LiveweightAllStates[Region],Table_SourceData_PastureBeef_LiveweightAllStates[Season],Table_SourceData_PastureBeef_LiveweightAllStates[#Headers],Table_SourceData_PastureBeef_LiveweightAllStates[],Table_AustralianStates[Common Name],Table_AustralianStates[Abbreviation]) -> 780 | G62: =InputFunctions_PastureBeef.LookupLiveweightFromSeason($E$7,$E$8,$D62,G$60,Table_SourceData_PastureBeef_LiveweightAllStates[State],Table_SourceData_PastureBeef_LiveweightAllStates[Region],Table_SourceData_PastureBeef_LiveweightAllStates[Season],Table_SourceData_PastureBeef_LiveweightAllStates[#Headers],Table_SourceData_PastureBeef_LiveweightAllStates[],Table_AustralianStates[Common Name],Table_AustralianStates[Abbreviation]) -> 300 | H62: =InputFunctions_PastureBeef.LookupLiveweightFromSeason($E$7,$E$8,$D62,H$60,Table_SourceData_PastureBeef_LiveweightAllStates[State],Table_SourceData_PastureBeef_LiveweightAllStates[Region],Table_SourceData_PastureBeef_LiveweightAllStates[Season],Table_SourceData_PastureBeef_LiveweightAllStates[#Headers],Table_SourceData_PastureBeef_LiveweightAllStates[],Table_AustralianStates[Common Name],Table_AustralianStates[Abbreviation]) -> 450 | I62: =InputFunctions_PastureBeef.LookupLiveweightFromSeason($E$7,$E$8,$D62,I$60,Table_SourceData_PastureBeef_LiveweightAllStates[State],Table_SourceData_PastureBeef_LiveweightAllStates[Region],Table_SourceData_PastureBeef_LiveweightAllStates[Season],Table_SourceData_PastureBeef_LiveweightAllStates[#Headers],Table_SourceData_PastureBeef_LiveweightAllStates[],Table_AustralianStates[Common Name],Table_AustralianStates[Abbreviation]) -> 530 | J62: =InputFunctions_PastureBeef.LookupLiveweightFromSeason($E$7,$E$8,$D62,J$60,Table_SourceData_PastureBeef_LiveweightAllStates[State],Table_SourceData_PastureBeef_LiveweightAllStates[Region],Table_SourceData_PastureBeef_LiveweightAllStates[Season],Table_SourceData_PastureBeef_LiveweightAllStates[#Headers],Table_SourceData_PastureBeef_LiveweightAllStates[],Table_AustralianStates[Common Name],Table_AustralianStates[Abbreviation]) -> 530 | K62: =InputFunctions_PastureBeef.LookupLiveweightFromSeason($E$7,$E$8,$D62,K$60,Table_SourceData_PastureBeef_LiveweightAllStates[State],Table_SourceData_PastureBeef_LiveweightAllStates[Region],Table_SourceData_PastureBeef_LiveweightAllStates[Season],Table_SourceData_PastureBeef_LiveweightAllStates[#Headers],Table_SourceData_PastureBeef_LiveweightAllStates[],Table_AustralianStates[Common Name],Table_AustralianStates[Abbreviation]) -> 340 | L62: =InputFunctions_PastureBeef.LookupLiveweightFromSeason($E$7,$E$8,$D62,L$60,Table_SourceData_PastureBeef_LiveweightAllStates[State],Table_SourceData_PastureBeef_LiveweightAllStates[Region],Table_SourceData_PastureBeef_LiveweightAllStates[Season],Table_SourceData_PastureBeef_LiveweightAllStates[#Headers],Table_SourceData_PastureBeef_LiveweightAllStates[],Table_AustralianStates[Common Name],Table_AustralianStates[Abbreviation]) -> 470 | ... N62: =InputFunctions_PastureBeef.LookupLiveweightFromSeason($E$7,$E$8,$D62,N$60,Table_SourceData_PastureBeef_LiveweightAllStates[State],Table_SourceData_PastureBeef_LiveweightAllStates[Region],Table_SourceData_PastureBeef_LiveweightAllStates[Season],Table_SourceData_PastureBeef_LiveweightAllStates[#Headers],Table_SourceData_PastureBeef_LiveweightAllStates[],Table_AustralianStates[Common Name],Table_AustralianStates[Abbreviation]) -> 470 | O62: kg/head
D63: Autumn | E63: =InputFunctions_PastureBeef.LookupLiveweightFromSeason($E$7,$E$8,$D63,E$60,Table_SourceData_PastureBeef_LiveweightAllStates[State],Table_SourceData_PastureBeef_LiveweightAllStates[Region],Table_SourceData_PastureBeef_LiveweightAllStates[Season],Table_SourceData_PastureBeef_LiveweightAllStates[#Headers],Table_SourceData_PastureBeef_LiveweightAllStates[],Table_AustralianStates[Common Name],Table_AustralianStates[Abbreviation]) -> 100 | F63: =InputFunctions_PastureBeef.LookupLiveweightFromSeason($E$7,$E$8,$D63,F$60,Table_SourceData_PastureBeef_LiveweightAllStates[State],Table_SourceData_PastureBeef_LiveweightAllStates[Region],Table_SourceData_PastureBeef_LiveweightAllStates[Season],Table_SourceData_PastureBeef_LiveweightAllStates[#Headers],Table_SourceData_PastureBeef_LiveweightAllStates[],Table_AustralianStates[Common Name],Table_AustralianStates[Abbreviation]) -> 680 | G63: =InputFunctions_PastureBeef.LookupLiveweightFromSeason($E$7,$E$8,$D63,G$60,Table_SourceData_PastureBeef_LiveweightAllStates[State],Table_SourceData_PastureBeef_LiveweightAllStates[Region],Table_SourceData_PastureBeef_LiveweightAllStates[Season],Table_SourceData_PastureBeef_LiveweightAllStates[#Headers],Table_SourceData_PastureBeef_LiveweightAllStates[],Table_AustralianStates[Common Name],Table_AustralianStates[Abbreviation]) -> 80 | H63: =InputFunctions_PastureBeef.LookupLiveweightFromSeason($E$7,$E$8,$D63,H$60,Table_SourceData_PastureBeef_LiveweightAllStates[State],Table_SourceData_PastureBeef_LiveweightAllStates[Region],Table_SourceData_PastureBeef_LiveweightAllStates[Season],Table_SourceData_PastureBeef_LiveweightAllStates[#Headers],Table_SourceData_PastureBeef_LiveweightAllStates[],Table_AustralianStates[Common Name],Table_AustralianStates[Abbreviation]) -> 320 | I63: =InputFunctions_PastureBeef.LookupLiveweightFromSeason($E$7,$E$8,$D63,I$60,Table_SourceData_PastureBeef_LiveweightAllStates[State],Table_SourceData_PastureBeef_LiveweightAllStates[Region],Table_SourceData_PastureBeef_LiveweightAllStates[Season],Table_SourceData_PastureBeef_LiveweightAllStates[#Headers],Table_SourceData_PastureBeef_LiveweightAllStates[],Table_AustralianStates[Common Name],Table_AustralianStates[Abbreviation]) -> 480 | J63: =InputFunctions_PastureBeef.LookupLiveweightFromSeason($E$7,$E$8,$D63,J$60,Table_SourceData_PastureBeef_LiveweightAllStates[State],Table_SourceData_PastureBeef_LiveweightAllStates[Region],Table_SourceData_PastureBeef_LiveweightAllStates[Season],Table_SourceData_PastureBeef_LiveweightAllStates[#Headers],Table_SourceData_PastureBeef_LiveweightAllStates[],Table_AustralianStates[Common Name],Table_AustralianStates[Abbreviation]) -> 480 | K63: =InputFunctions_PastureBeef.LookupLiveweightFromSeason($E$7,$E$8,$D63,K$60,Table_SourceData_PastureBeef_LiveweightAllStates[State],Table_SourceData_PastureBeef_LiveweightAllStates[Region],Table_SourceData_PastureBeef_LiveweightAllStates[Season],Table_SourceData_PastureBeef_LiveweightAllStates[#Headers],Table_SourceData_PastureBeef_LiveweightAllStates[],Table_AustralianStates[Common Name],Table_AustralianStates[Abbreviation]) -> 100 | L63: =InputFunctions_PastureBeef.LookupLiveweightFromSeason($E$7,$E$8,$D63,L$60,Table_SourceData_PastureBeef_LiveweightAllStates[State],Table_SourceData_PastureBeef_LiveweightAllStates[Region],Table_SourceData_PastureBeef_LiveweightAllStates[Season],Table_SourceData_PastureBeef_LiveweightAllStates[#Headers],Table_SourceData_PastureBeef_LiveweightAllStates[],Table_AustralianStates[Common Name],Table_AustralianStates[Abbreviation]) -> 340 | ... N63: =InputFunctions_PastureBeef.LookupLiveweightFromSeason($E$7,$E$8,$D63,N$60,Table_SourceData_PastureBeef_LiveweightAllStates[State],Table_SourceData_PastureBeef_LiveweightAllStates[Region],Table_SourceData_PastureBeef_LiveweightAllStates[Season],Table_SourceData_PastureBeef_LiveweightAllStates[#Headers],Table_SourceData_PastureBeef_LiveweightAllStates[],Table_AustralianStates[Common Name],Table_AustralianStates[Abbreviation]) -> 340 | O63: kg/head
D64: Winter | E64: =InputFunctions_PastureBeef.LookupLiveweightFromSeason($E$7,$E$8,$D64,E$60,Table_SourceData_PastureBeef_LiveweightAllStates[State],Table_SourceData_PastureBeef_LiveweightAllStates[Region],Table_SourceData_PastureBeef_LiveweightAllStates[Season],Table_SourceData_PastureBeef_LiveweightAllStates[#Headers],Table_SourceData_PastureBeef_LiveweightAllStates[],Table_AustralianStates[Common Name],Table_AustralianStates[Abbreviation]) -> 190 | F64: =InputFunctions_PastureBeef.LookupLiveweightFromSeason($E$7,$E$8,$D64,F$60,Table_SourceData_PastureBeef_LiveweightAllStates[State],Table_SourceData_PastureBeef_LiveweightAllStates[Region],Table_SourceData_PastureBeef_LiveweightAllStates[Season],Table_SourceData_PastureBeef_LiveweightAllStates[#Headers],Table_SourceData_PastureBeef_LiveweightAllStates[],Table_AustralianStates[Common Name],Table_AustralianStates[Abbreviation]) -> 700 | G64: =InputFunctions_PastureBeef.LookupLiveweightFromSeason($E$7,$E$8,$D64,G$60,Table_SourceData_PastureBeef_LiveweightAllStates[State],Table_SourceData_PastureBeef_LiveweightAllStates[Region],Table_SourceData_PastureBeef_LiveweightAllStates[Season],Table_SourceData_PastureBeef_LiveweightAllStates[#Headers],Table_SourceData_PastureBeef_LiveweightAllStates[],Table_AustralianStates[Common Name],Table_AustralianStates[Abbreviation]) -> 150 | H64: =InputFunctions_PastureBeef.LookupLiveweightFromSeason($E$7,$E$8,$D64,H$60,Table_SourceData_PastureBeef_LiveweightAllStates[State],Table_SourceData_PastureBeef_LiveweightAllStates[Region],Table_SourceData_PastureBeef_LiveweightAllStates[Season],Table_SourceData_PastureBeef_LiveweightAllStates[#Headers],Table_SourceData_PastureBeef_LiveweightAllStates[],Table_AustralianStates[Common Name],Table_AustralianStates[Abbreviation]) -> 330 | I64: =InputFunctions_PastureBeef.LookupLiveweightFromSeason($E$7,$E$8,$D64,I$60,Table_SourceData_PastureBeef_LiveweightAllStates[State],Table_SourceData_PastureBeef_LiveweightAllStates[Region],Table_SourceData_PastureBeef_LiveweightAllStates[Season],Table_SourceData_PastureBeef_LiveweightAllStates[#Headers],Table_SourceData_PastureBeef_LiveweightAllStates[],Table_AustralianStates[Common Name],Table_AustralianStates[Abbreviation]) -> 490 | J64: =InputFunctions_PastureBeef.LookupLiveweightFromSeason($E$7,$E$8,$D64,J$60,Table_SourceData_PastureBeef_LiveweightAllStates[State],Table_SourceData_PastureBeef_LiveweightAllStates[Region],Table_SourceData_PastureBeef_LiveweightAllStates[Season],Table_SourceData_PastureBeef_LiveweightAllStates[#Headers],Table_SourceData_PastureBeef_LiveweightAllStates[],Table_AustralianStates[Common Name],Table_AustralianStates[Abbreviation]) -> 490 | K64: =InputFunctions_PastureBeef.LookupLiveweightFromSeason($E$7,$E$8,$D64,K$60,Table_SourceData_PastureBeef_LiveweightAllStates[State],Table_SourceData_PastureBeef_LiveweightAllStates[Region],Table_SourceData_PastureBeef_LiveweightAllStates[Season],Table_SourceData_PastureBeef_LiveweightAllStates[#Headers],Table_SourceData_PastureBeef_LiveweightAllStates[],Table_AustralianStates[Common Name],Table_AustralianStates[Abbreviation]) -> 170 | L64: =InputFunctions_PastureBeef.LookupLiveweightFromSeason($E$7,$E$8,$D64,L$60,Table_SourceData_PastureBeef_LiveweightAllStates[State],Table_SourceData_PastureBeef_LiveweightAllStates[Region],Table_SourceData_PastureBeef_LiveweightAllStates[Season],Table_SourceData_PastureBeef_LiveweightAllStates[#Headers],Table_SourceData_PastureBeef_LiveweightAllStates[],Table_AustralianStates[Common Name],Table_AustralianStates[Abbreviation]) -> 360 | ... N64: =InputFunctions_PastureBeef.LookupLiveweightFromSeason($E$7,$E$8,$D64,N$60,Table_SourceData_PastureBeef_LiveweightAllStates[State],Table_SourceData_PastureBeef_LiveweightAllStates[Region],Table_SourceData_PastureBeef_LiveweightAllStates[Season],Table_SourceData_PastureBeef_LiveweightAllStates[#Headers],Table_SourceData_PastureBeef_LiveweightAllStates[],Table_AustralianStates[Common Name],Table_AustralianStates[Abbreviation]) -> 360 | O64: kg/head
D66: Method 2 custom values (edit if known) | E66: Bulls < 1 year | F66: Bulls > 1 year | G66: Cows < 1 year | H66: Cows 1-2 years | I66: Cows 2-3 years | J66: Cows > 3 years | K66: Steers < 1 year | L66: Steers 1-2 years | M66: Steers 2-3 years | N66: Steers >3 years
D67: =TEXT(X_Cell_Site_StartDate, "mmmm yyyy") -> January 2024 | E67: =InputFunctions_PastureBeef.LookupLiveweightFromMonth($E$7,$E$8,$D67,E$66,Table_SourceData_PastureBeef_LiveweightAllStates[State],Table_SourceData_PastureBeef_LiveweightAllStates[Region],Table_SourceData_PastureBeef_LiveweightAllStates[Season],Table_SourceData_PastureBeef_LiveweightAllStates[#Headers],Table_SourceData_PastureBeef_LiveweightAllStates[],Table_AustralianStates[Common Name],Table_AustralianStates[Abbreviation],Table_SourceData_Common_MonthToSeason[Month],Table_SourceData_Common_MonthToSeason[Season]) -> 380 | F67: =InputFunctions_PastureBeef.LookupLiveweightFromMonth($E$7,$E$8,$D67,F$66,Table_SourceData_PastureBeef_LiveweightAllStates[State],Table_SourceData_PastureBeef_LiveweightAllStates[Region],Table_SourceData_PastureBeef_LiveweightAllStates[Season],Table_SourceData_PastureBeef_LiveweightAllStates[#Headers],Table_SourceData_PastureBeef_LiveweightAllStates[],Table_AustralianStates[Common Name],Table_AustralianStates[Abbreviation],Table_SourceData_Common_MonthToSeason[Month],Table_SourceData_Common_MonthToSeason[Season]) -> 780 | G67: =InputFunctions_PastureBeef.LookupLiveweightFromMonth($E$7,$E$8,$D67,G$66,Table_SourceData_PastureBeef_LiveweightAllStates[State],Table_SourceData_PastureBeef_LiveweightAllStates[Region],Table_SourceData_PastureBeef_LiveweightAllStates[Season],Table_SourceData_PastureBeef_LiveweightAllStates[#Headers],Table_SourceData_PastureBeef_LiveweightAllStates[],Table_AustralianStates[Common Name],Table_AustralianStates[Abbreviation],Table_SourceData_Common_MonthToSeason[Month],Table_SourceData_Common_MonthToSeason[Season]) -> 300 | H67: =InputFunctions_PastureBeef.LookupLiveweightFromMonth($E$7,$E$8,$D67,H$66,Table_SourceData_PastureBeef_LiveweightAllStates[State],Table_SourceData_PastureBeef_LiveweightAllStates[Region],Table_SourceData_PastureBeef_LiveweightAllStates[Season],Table_SourceData_PastureBeef_LiveweightAllStates[#Headers],Table_SourceData_PastureBeef_LiveweightAllStates[],Table_AustralianStates[Common Name],Table_AustralianStates[Abbreviation],Table_SourceData_Common_MonthToSeason[Month],Table_SourceData_Common_MonthToSeason[Season]) -> 450 | I67: =InputFunctions_PastureBeef.LookupLiveweightFromMonth($E$7,$E$8,$D67,I$66,Table_SourceData_PastureBeef_LiveweightAllStates[State],Table_SourceData_PastureBeef_LiveweightAllStates[Region],Table_SourceData_PastureBeef_LiveweightAllStates[Season],Table_SourceData_PastureBeef_LiveweightAllStates[#Headers],Table_SourceData_PastureBeef_LiveweightAllStates[],Table_AustralianStates[Common Name],Table_AustralianStates[Abbreviation],Table_SourceData_Common_MonthToSeason[Month],Table_SourceData_Common_MonthToSeason[Season]) -> 530 | J67: =InputFunctions_PastureBeef.LookupLiveweightFromMonth($E$7,$E$8,$D67,J$66,Table_SourceData_PastureBeef_LiveweightAllStates[State],Table_SourceData_PastureBeef_LiveweightAllStates[Region],Table_SourceData_PastureBeef_LiveweightAllStates[Season],Table_SourceData_PastureBeef_LiveweightAllStates[#Headers],Table_SourceData_PastureBeef_LiveweightAllStates[],Table_AustralianStates[Common Name],Table_AustralianStates[Abbreviation],Table_SourceData_Common_MonthToSeason[Month],Table_SourceData_Common_MonthToSeason[Season]) -> 530 | K67: =InputFunctions_PastureBeef.LookupLiveweightFromMonth($E$7,$E$8,$D67,K$66,Table_SourceData_PastureBeef_LiveweightAllStates[State],Table_SourceData_PastureBeef_LiveweightAllStates[Region],Table_SourceData_PastureBeef_LiveweightAllStates[Season],Table_SourceData_PastureBeef_LiveweightAllStates[#Headers],Table_SourceData_PastureBeef_LiveweightAllStates[],Table_AustralianStates[Common Name],Table_AustralianStates[Abbreviation],Table_SourceData_Common_MonthToSeason[Month],Table_SourceData_Common_MonthToSeason[Season]) -> 340 | L67: =InputFunctions_PastureBeef.LookupLiveweightFromMonth($E$7,$E$8,$D67,L$66,Table_SourceData_PastureBeef_LiveweightAllStates[State],Table_SourceData_PastureBeef_LiveweightAllStates[Region],Table_SourceData_PastureBeef_LiveweightAllStates[Season],Table_SourceData_PastureBeef_LiveweightAllStates[#Headers],Table_SourceData_PastureBeef_LiveweightAllStates[],Table_AustralianStates[Common Name],Table_AustralianStates[Abbreviation],Table_SourceData_Common_MonthToSeason[Month],Table_SourceData_Common_MonthToSeason[Season]) -> 470 | ... N67: =InputFunctions_PastureBeef.LookupLiveweightFromMonth($E$7,$E$8,$D67,N$66,Table_SourceData_PastureBeef_LiveweightAllStates[State],Table_SourceData_PastureBeef_LiveweightAllStates[Region],Table_SourceData_PastureBeef_LiveweightAllStates[Season],Table_SourceData_PastureBeef_LiveweightAllStates[#Headers],Table_SourceData_PastureBeef_LiveweightAllStates[],Table_AustralianStates[Common Name],Table_AustralianStates[Abbreviation],Table_SourceData_Common_MonthToSeason[Month],Table_SourceData_Common_MonthToSeason[Season]) -> 470 | O67: kg/head
D68: =TEXT(EDATE(X_Cell_Site_StartDate,1), "mmmm yyyy") -> February 2024 | E68: =InputFunctions_PastureBeef.LookupLiveweightFromMonth($E$7,$E$8,$D68,E$66,Table_SourceData_PastureBeef_LiveweightAllStates[State],Table_SourceData_PastureBeef_LiveweightAllStates[Region],Table_SourceData_PastureBeef_LiveweightAllStates[Season],Table_SourceData_PastureBeef_LiveweightAllStates[#Headers],Table_SourceData_PastureBeef_LiveweightAllStates[],Table_AustralianStates[Common Name],Table_AustralianStates[Abbreviation],Table_SourceData_Common_MonthToSeason[Month],Table_SourceData_Common_MonthToSeason[Season]) -> 380 | F68: =InputFunctions_PastureBeef.LookupLiveweightFromMonth($E$7,$E$8,$D68,F$66,Table_SourceData_PastureBeef_LiveweightAllStates[State],Table_SourceData_PastureBeef_LiveweightAllStates[Region],Table_SourceData_PastureBeef_LiveweightAllStates[Season],Table_SourceData_PastureBeef_LiveweightAllStates[#Headers],Table_SourceData_PastureBeef_LiveweightAllStates[],Table_AustralianStates[Common Name],Table_AustralianStates[Abbreviation],Table_SourceData_Common_MonthToSeason[Month],Table_SourceData_Common_MonthToSeason[Season]) -> 780 | G68: =InputFunctions_PastureBeef.LookupLiveweightFromMonth($E$7,$E$8,$D68,G$66,Table_SourceData_PastureBeef_LiveweightAllStates[State],Table_SourceData_PastureBeef_LiveweightAllStates[Region],Table_SourceData_PastureBeef_LiveweightAllStates[Season],Table_SourceData_PastureBeef_LiveweightAllStates[#Headers],Table_SourceData_PastureBeef_LiveweightAllStates[],Table_AustralianStates[Common Name],Table_AustralianStates[Abbreviation],Table_SourceData_Common_MonthToSeason[Month],Table_SourceData_Common_MonthToSeason[Season]) -> 300 | H68: =InputFunctions_PastureBeef.LookupLiveweightFromMonth($E$7,$E$8,$D68,H$66,Table_SourceData_PastureBeef_LiveweightAllStates[State],Table_SourceData_PastureBeef_LiveweightAllStates[Region],Table_SourceData_PastureBeef_LiveweightAllStates[Season],Table_SourceData_PastureBeef_LiveweightAllStates[#Headers],Table_SourceData_PastureBeef_LiveweightAllStates[],Table_AustralianStates[Common Name],Table_AustralianStates[Abbreviation],Table_SourceData_Common_MonthToSeason[Month],Table_SourceData_Common_MonthToSeason[Season]) -> 450 | I68: =InputFunctions_PastureBeef.LookupLiveweightFromMonth($E$7,$E$8,$D68,I$66,Table_SourceData_PastureBeef_LiveweightAllStates[State],Table_SourceData_PastureBeef_LiveweightAllStates[Region],Table_SourceData_PastureBeef_LiveweightAllStates[Season],Table_SourceData_PastureBeef_LiveweightAllStates[#Headers],Table_SourceData_PastureBeef_LiveweightAllStates[],Table_AustralianStates[Common Name],Table_AustralianStates[Abbreviation],Table_SourceData_Common_MonthToSeason[Month],Table_SourceData_Common_MonthToSeason[Season]) -> 530 | J68: =InputFunctions_PastureBeef.LookupLiveweightFromMonth($E$7,$E$8,$D68,J$66,Table_SourceData_PastureBeef_LiveweightAllStates[State],Table_SourceData_PastureBeef_LiveweightAllStates[Region],Table_SourceData_PastureBeef_LiveweightAllStates[Season],Table_SourceData_PastureBeef_LiveweightAllStates[#Headers],Table_SourceData_PastureBeef_LiveweightAllStates[],Table_AustralianStates[Common Name],Table_AustralianStates[Abbreviation],Table_SourceData_Common_MonthToSeason[Month],Table_SourceData_Common_MonthToSeason[Season]) -> 530 | K68: =InputFunctions_PastureBeef.LookupLiveweightFromMonth($E$7,$E$8,$D68,K$66,Table_SourceData_PastureBeef_LiveweightAllStates[State],Table_SourceData_PastureBeef_LiveweightAllStates[Region],Table_SourceData_PastureBeef_LiveweightAllStates[Season],Table_SourceData_PastureBeef_LiveweightAllStates[#Headers],Table_SourceData_PastureBeef_LiveweightAllStates[],Table_AustralianStates[Common Name],Table_AustralianStates[Abbreviation],Table_SourceData_Common_MonthToSeason[Month],Table_SourceData_Common_MonthToSeason[Season]) -> 340 | L68: =InputFunctions_PastureBeef.LookupLiveweightFromMonth($E$7,$E$8,$D68,L$66,Table_SourceData_PastureBeef_LiveweightAllStates[State],Table_SourceData_PastureBeef_LiveweightAllStates[Region],Table_SourceData_PastureBeef_LiveweightAllStates[Season],Table_SourceData_PastureBeef_LiveweightAllStates[#Headers],Table_SourceData_PastureBeef_LiveweightAllStates[],Table_AustralianStates[Common Name],Table_AustralianStates[Abbreviation],Table_SourceData_Common_MonthToSeason[Month],Table_SourceData_Common_MonthToSeason[Season]) -> 470 | ... N68: =InputFunctions_PastureBeef.LookupLiveweightFromMonth($E$7,$E$8,$D68,N$66,Table_SourceData_PastureBeef_LiveweightAllStates[State],Table_SourceData_PastureBeef_LiveweightAllStates[Region],Table_SourceData_PastureBeef_LiveweightAllStates[Season],Table_SourceData_PastureBeef_LiveweightAllStates[#Headers],Table_SourceData_PastureBeef_LiveweightAllStates[],Table_AustralianStates[Common Name],Table_AustralianStates[Abbreviation],Table_SourceData_Common_MonthToSeason[Month],Table_SourceData_Common_MonthToSeason[Season]) -> 470 | O68: kg/head
D69: =TEXT(EDATE(X_Cell_Site_StartDate,2), "mmmm yyyy") -> March 2024 | E69: =InputFunctions_PastureBeef.LookupLiveweightFromMonth($E$7,$E$8,$D69,E$66,Table_SourceData_PastureBeef_LiveweightAllStates[State],Table_SourceData_PastureBeef_LiveweightAllStates[Region],Table_SourceData_PastureBeef_LiveweightAllStates[Season],Table_SourceData_PastureBeef_LiveweightAllStates[#Headers],Table_SourceData_PastureBeef_LiveweightAllStates[],Table_AustralianStates[Common Name],Table_AustralianStates[Abbreviation],Table_SourceData_Common_MonthToSeason[Month],Table_SourceData_Common_MonthToSeason[Season]) -> 100 | F69: =InputFunctions_PastureBeef.LookupLiveweightFromMonth($E$7,$E$8,$D69,F$66,Table_SourceData_PastureBeef_LiveweightAllStates[State],Table_SourceData_PastureBeef_LiveweightAllStates[Region],Table_SourceData_PastureBeef_LiveweightAllStates[Season],Table_SourceData_PastureBeef_LiveweightAllStates[#Headers],Table_SourceData_PastureBeef_LiveweightAllStates[],Table_AustralianStates[Common Name],Table_AustralianStates[Abbreviation],Table_SourceData_Common_MonthToSeason[Month],Table_SourceData_Common_MonthToSeason[Season]) -> 680 | G69: =InputFunctions_PastureBeef.LookupLiveweightFromMonth($E$7,$E$8,$D69,G$66,Table_SourceData_PastureBeef_LiveweightAllStates[State],Table_SourceData_PastureBeef_LiveweightAllStates[Region],Table_SourceData_PastureBeef_LiveweightAllStates[Season],Table_SourceData_PastureBeef_LiveweightAllStates[#Headers],Table_SourceData_PastureBeef_LiveweightAllStates[],Table_AustralianStates[Common Name],Table_AustralianStates[Abbreviation],Table_SourceData_Common_MonthToSeason[Month],Table_SourceData_Common_MonthToSeason[Season]) -> 80 | H69: =InputFunctions_PastureBeef.LookupLiveweightFromMonth($E$7,$E$8,$D69,H$66,Table_SourceData_PastureBeef_LiveweightAllStates[State],Table_SourceData_PastureBeef_LiveweightAllStates[Region],Table_SourceData_PastureBeef_LiveweightAllStates[Season],Table_SourceData_PastureBeef_LiveweightAllStates[#Headers],Table_SourceData_PastureBeef_LiveweightAllStates[],Table_AustralianStates[Common Name],Table_AustralianStates[Abbreviation],Table_SourceData_Common_MonthToSeason[Month],Table_SourceData_Common_MonthToSeason[Season]) -> 320 | I69: =InputFunctions_PastureBeef.LookupLiveweightFromMonth($E$7,$E$8,$D69,I$66,Table_SourceData_PastureBeef_LiveweightAllStates[State],Table_SourceData_PastureBeef_LiveweightAllStates[Region],Table_SourceData_PastureBeef_LiveweightAllStates[Season],Table_SourceData_PastureBeef_LiveweightAllStates[#Headers],Table_SourceData_PastureBeef_LiveweightAllStates[],Table_AustralianStates[Common Name],Table_AustralianStates[Abbreviation],Table_SourceData_Common_MonthToSeason[Month],Table_SourceData_Common_MonthToSeason[Season]) -> 480 | J69: =InputFunctions_PastureBeef.LookupLiveweightFromMonth($E$7,$E$8,$D69,J$66,Table_SourceData_PastureBeef_LiveweightAllStates[State],Table_SourceData_PastureBeef_LiveweightAllStates[Region],Table_SourceData_PastureBeef_LiveweightAllStates[Season],Table_SourceData_PastureBeef_LiveweightAllStates[#Headers],Table_SourceData_PastureBeef_LiveweightAllStates[],Table_AustralianStates[Common Name],Table_AustralianStates[Abbreviation],Table_SourceData_Common_MonthToSeason[Month],Table_SourceData_Common_MonthToSeason[Season]) -> 480 | K69: =InputFunctions_PastureBeef.LookupLiveweightFromMonth($E$7,$E$8,$D69,K$66,Table_SourceData_PastureBeef_LiveweightAllStates[State],Table_SourceData_PastureBeef_LiveweightAllStates[Region],Table_SourceData_PastureBeef_LiveweightAllStates[Season],Table_SourceData_PastureBeef_LiveweightAllStates[#Headers],Table_SourceData_PastureBeef_LiveweightAllStates[],Table_AustralianStates[Common Name],Table_AustralianStates[Abbreviation],Table_SourceData_Common_MonthToSeason[Month],Table_SourceData_Common_MonthToSeason[Season]) -> 100 | L69: =InputFunctions_PastureBeef.LookupLiveweightFromMonth($E$7,$E$8,$D69,L$66,Table_SourceData_PastureBeef_LiveweightAllStates[State],Table_SourceData_PastureBeef_LiveweightAllStates[Region],Table_SourceData_PastureBeef_LiveweightAllStates[Season],Table_SourceData_PastureBeef_LiveweightAllStates[#Headers],Table_SourceData_PastureBeef_LiveweightAllStates[],Table_AustralianStates[Common Name],Table_AustralianStates[Abbreviation],Table_SourceData_Common_MonthToSeason[Month],Table_SourceData_Common_MonthToSeason[Season]) -> 340 | ... N69: =InputFunctions_PastureBeef.LookupLiveweightFromMonth($E$7,$E$8,$D69,N$66,Table_SourceData_PastureBeef_LiveweightAllStates[State],Table_SourceData_PastureBeef_LiveweightAllStates[Region],Table_SourceData_PastureBeef_LiveweightAllStates[Season],Table_SourceData_PastureBeef_LiveweightAllStates[#Headers],Table_SourceData_PastureBeef_LiveweightAllStates[],Table_AustralianStates[Common Name],Table_AustralianStates[Abbreviation],Table_SourceData_Common_MonthToSeason[Month],Table_SourceData_Common_MonthToSeason[Season]) -> 340 | O69: kg/head
D70: =TEXT(EDATE(X_Cell_Site_StartDate,3), "mmmm yyyy") -> April 2024 | E70: =InputFunctions_PastureBeef.LookupLiveweightFromMonth($E$7,$E$8,$D70,E$66,Table_SourceData_PastureBeef_LiveweightAllStates[State],Table_SourceData_PastureBeef_LiveweightAllStates[Region],Table_SourceData_PastureBeef_LiveweightAllStates[Season],Table_SourceData_PastureBeef_LiveweightAllStates[#Headers],Table_SourceData_PastureBeef_LiveweightAllStates[],Table_AustralianStates[Common Name],Table_AustralianStates[Abbreviation],Table_SourceData_Common_MonthToSeason[Month],Table_SourceData_Common_MonthToSeason[Season]) -> 100 | F70: =InputFunctions_PastureBeef.LookupLiveweightFromMonth($E$7,$E$8,$D70,F$66,Table_SourceData_PastureBeef_LiveweightAllStates[State],Table_SourceData_PastureBeef_LiveweightAllStates[Region],Table_SourceData_PastureBeef_LiveweightAllStates[Season],Table_SourceData_PastureBeef_LiveweightAllStates[#Headers],Table_SourceData_PastureBeef_LiveweightAllStates[],Table_AustralianStates[Common Name],Table_AustralianStates[Abbreviation],Table_SourceData_Common_MonthToSeason[Month],Table_SourceData_Common_MonthToSeason[Season]) -> 680 | G70: =InputFunctions_PastureBeef.LookupLiveweightFromMonth($E$7,$E$8,$D70,G$66,Table_SourceData_PastureBeef_LiveweightAllStates[State],Table_SourceData_PastureBeef_LiveweightAllStates[Region],Table_SourceData_PastureBeef_LiveweightAllStates[Season],Table_SourceData_PastureBeef_LiveweightAllStates[#Headers],Table_SourceData_PastureBeef_LiveweightAllStates[],Table_AustralianStates[Common Name],Table_AustralianStates[Abbreviation],Table_SourceData_Common_MonthToSeason[Month],Table_SourceData_Common_MonthToSeason[Season]) -> 80 | H70: =InputFunctions_PastureBeef.LookupLiveweightFromMonth($E$7,$E$8,$D70,H$66,Table_SourceData_PastureBeef_LiveweightAllStates[State],Table_SourceData_PastureBeef_LiveweightAllStates[Region],Table_SourceData_PastureBeef_LiveweightAllStates[Season],Table_SourceData_PastureBeef_LiveweightAllStates[#Headers],Table_SourceData_PastureBeef_LiveweightAllStates[],Table_AustralianStates[Common Name],Table_AustralianStates[Abbreviation],Table_SourceData_Common_MonthToSeason[Month],Table_SourceData_Common_MonthToSeason[Season]) -> 320 | I70: =InputFunctions_PastureBeef.LookupLiveweightFromMonth($E$7,$E$8,$D70,I$66,Table_SourceData_PastureBeef_LiveweightAllStates[State],Table_SourceData_PastureBeef_LiveweightAllStates[Region],Table_SourceData_PastureBeef_LiveweightAllStates[Season],Table_SourceData_PastureBeef_LiveweightAllStates[#Headers],Table_SourceData_PastureBeef_LiveweightAllStates[],Table_AustralianStates[Common Name],Table_AustralianStates[Abbreviation],Table_SourceData_Common_MonthToSeason[Month],Table_SourceData_Common_MonthToSeason[Season]) -> 480 | J70: =InputFunctions_PastureBeef.LookupLiveweightFromMonth($E$7,$E$8,$D70,J$66,Table_SourceData_PastureBeef_LiveweightAllStates[State],Table_SourceData_PastureBeef_LiveweightAllStates[Region],Table_SourceData_PastureBeef_LiveweightAllStates[Season],Table_SourceData_PastureBeef_LiveweightAllStates[#Headers],Table_SourceData_PastureBeef_LiveweightAllStates[],Table_AustralianStates[Common Name],Table_AustralianStates[Abbreviation],Table_SourceData_Common_MonthToSeason[Month],Table_SourceData_Common_MonthToSeason[Season]) -> 480 | K70: =InputFunctions_PastureBeef.LookupLiveweightFromMonth($E$7,$E$8,$D70,K$66,Table_SourceData_PastureBeef_LiveweightAllStates[State],Table_SourceData_PastureBeef_LiveweightAllStates[Region],Table_SourceData_PastureBeef_LiveweightAllStates[Season],Table_SourceData_PastureBeef_LiveweightAllStates[#Headers],Table_SourceData_PastureBeef_LiveweightAllStates[],Table_AustralianStates[Common Name],Table_AustralianStates[Abbreviation],Table_SourceData_Common_MonthToSeason[Month],Table_SourceData_Common_MonthToSeason[Season]) -> 100 | L70: =InputFunctions_PastureBeef.LookupLiveweightFromMonth($E$7,$E$8,$D70,L$66,Table_SourceData_PastureBeef_LiveweightAllStates[State],Table_SourceData_PastureBeef_LiveweightAllStates[Region],Table_SourceData_PastureBeef_LiveweightAllStates[Season],Table_SourceData_PastureBeef_LiveweightAllStates[#Headers],Table_SourceData_PastureBeef_LiveweightAllStates[],Table_AustralianStates[Common Name],Table_AustralianStates[Abbreviation],Table_SourceData_Common_MonthToSeason[Month],Table_SourceData_Common_MonthToSeason[Season]) -> 340 | ... N70: =InputFunctions_PastureBeef.LookupLiveweightFromMonth($E$7,$E$8,$D70,N$66,Table_SourceData_PastureBeef_LiveweightAllStates[State],Table_SourceData_PastureBeef_LiveweightAllStates[Region],Table_SourceData_PastureBeef_LiveweightAllStates[Season],Table_SourceData_PastureBeef_LiveweightAllStates[#Headers],Table_SourceData_PastureBeef_LiveweightAllStates[],Table_AustralianStates[Common Name],Table_AustralianStates[Abbreviation],Table_SourceData_Common_MonthToSeason[Month],Table_SourceData_Common_MonthToSeason[Season]) -> 340 | O70: kg/head
D71: =TEXT(EDATE(X_Cell_Site_StartDate,4), "mmmm yyyy") -> May 2024 | E71: =InputFunctions_PastureBeef.LookupLiveweightFromMonth($E$7,$E$8,$D71,E$66,Table_SourceData_PastureBeef_LiveweightAllStates[State],Table_SourceData_PastureBeef_LiveweightAllStates[Region],Table_SourceData_PastureBeef_LiveweightAllStates[Season],Table_SourceData_PastureBeef_LiveweightAllStates[#Headers],Table_SourceData_PastureBeef_LiveweightAllStates[],Table_AustralianStates[Common Name],Table_AustralianStates[Abbreviation],Table_SourceData_Common_MonthToSeason[Month],Table_SourceData_Common_MonthToSeason[Season]) -> 100 | F71: =InputFunctions_PastureBeef.LookupLiveweightFromMonth($E$7,$E$8,$D71,F$66,Table_SourceData_PastureBeef_LiveweightAllStates[State],Table_SourceData_PastureBeef_LiveweightAllStates[Region],Table_SourceData_PastureBeef_LiveweightAllStates[Season],Table_SourceData_PastureBeef_LiveweightAllStates[#Headers],Table_SourceData_PastureBeef_LiveweightAllStates[],Table_AustralianStates[Common Name],Table_AustralianStates[Abbreviation],Table_SourceData_Common_MonthToSeason[Month],Table_SourceData_Common_MonthToSeason[Season]) -> 680 | G71: =InputFunctions_PastureBeef.LookupLiveweightFromMonth($E$7,$E$8,$D71,G$66,Table_SourceData_PastureBeef_LiveweightAllStates[State],Table_SourceData_PastureBeef_LiveweightAllStates[Region],Table_SourceData_PastureBeef_LiveweightAllStates[Season],Table_SourceData_PastureBeef_LiveweightAllStates[#Headers],Table_SourceData_PastureBeef_LiveweightAllStates[],Table_AustralianStates[Common Name],Table_AustralianStates[Abbreviation],Table_SourceData_Common_MonthToSeason[Month],Table_SourceData_Common_MonthToSeason[Season]) -> 80 | H71: =InputFunctions_PastureBeef.LookupLiveweightFromMonth($E$7,$E$8,$D71,H$66,Table_SourceData_PastureBeef_LiveweightAllStates[State],Table_SourceData_PastureBeef_LiveweightAllStates[Region],Table_SourceData_PastureBeef_LiveweightAllStates[Season],Table_SourceData_PastureBeef_LiveweightAllStates[#Headers],Table_SourceData_PastureBeef_LiveweightAllStates[],Table_AustralianStates[Common Name],Table_AustralianStates[Abbreviation],Table_SourceData_Common_MonthToSeason[Month],Table_SourceData_Common_MonthToSeason[Season]) -> 320 | I71: =InputFunctions_PastureBeef.LookupLiveweightFromMonth($E$7,$E$8,$D71,I$66,Table_SourceData_PastureBeef_LiveweightAllStates[State],Table_SourceData_PastureBeef_LiveweightAllStates[Region],Table_SourceData_PastureBeef_LiveweightAllStates[Season],Table_SourceData_PastureBeef_LiveweightAllStates[#Headers],Table_SourceData_PastureBeef_LiveweightAllStates[],Table_AustralianStates[Common Name],Table_AustralianStates[Abbreviation],Table_SourceData_Common_MonthToSeason[Month],Table_SourceData_Common_MonthToSeason[Season]) -> 480 | J71: =InputFunctions_PastureBeef.LookupLiveweightFromMonth($E$7,$E$8,$D71,J$66,Table_SourceData_PastureBeef_LiveweightAllStates[State],Table_SourceData_PastureBeef_LiveweightAllStates[Region],Table_SourceData_PastureBeef_LiveweightAllStates[Season],Table_SourceData_PastureBeef_LiveweightAllStates[#Headers],Table_SourceData_PastureBeef_LiveweightAllStates[],Table_AustralianStates[Common Name],Table_AustralianStates[Abbreviation],Table_SourceData_Common_MonthToSeason[Month],Table_SourceData_Common_MonthToSeason[Season]) -> 480 | K71: =InputFunctions_PastureBeef.LookupLiveweightFromMonth($E$7,$E$8,$D71,K$66,Table_SourceData_PastureBeef_LiveweightAllStates[State],Table_SourceData_PastureBeef_LiveweightAllStates[Region],Table_SourceData_PastureBeef_LiveweightAllStates[Season],Table_SourceData_PastureBeef_LiveweightAllStates[#Headers],Table_SourceData_PastureBeef_LiveweightAllStates[],Table_AustralianStates[Common Name],Table_AustralianStates[Abbreviation],Table_SourceData_Common_MonthToSeason[Month],Table_SourceData_Common_MonthToSeason[Season]) -> 100 | L71: =InputFunctions_PastureBeef.LookupLiveweightFromMonth($E$7,$E$8,$D71,L$66,Table_SourceData_PastureBeef_LiveweightAllStates[State],Table_SourceData_PastureBeef_LiveweightAllStates[Region],Table_SourceData_PastureBeef_LiveweightAllStates[Season],Table_SourceData_PastureBeef_LiveweightAllStates[#Headers],Table_SourceData_PastureBeef_LiveweightAllStates[],Table_AustralianStates[Common Name],Table_AustralianStates[Abbreviation],Table_SourceData_Common_MonthToSeason[Month],Table_SourceData_Common_MonthToSeason[Season]) -> 340 | ... N71: =InputFunctions_PastureBeef.LookupLiveweightFromMonth($E$7,$E$8,$D71,N$66,Table_SourceData_PastureBeef_LiveweightAllStates[State],Table_SourceData_PastureBeef_LiveweightAllStates[Region],Table_SourceData_PastureBeef_LiveweightAllStates[Season],Table_SourceData_PastureBeef_LiveweightAllStates[#Headers],Table_SourceData_PastureBeef_LiveweightAllStates[],Table_AustralianStates[Common Name],Table_AustralianStates[Abbreviation],Table_SourceData_Common_MonthToSeason[Month],Table_SourceData_Common_MonthToSeason[Season]) -> 340 | O71: kg/head
D72: =TEXT(EDATE(X_Cell_Site_StartDate,5), "mmmm yyyy") -> June 2024 | E72: =InputFunctions_PastureBeef.LookupLiveweightFromMonth($E$7,$E$8,$D72,E$66,Table_SourceData_PastureBeef_LiveweightAllStates[State],Table_SourceData_PastureBeef_LiveweightAllStates[Region],Table_SourceData_PastureBeef_LiveweightAllStates[Season],Table_SourceData_PastureBeef_LiveweightAllStates[#Headers],Table_SourceData_PastureBeef_LiveweightAllStates[],Table_AustralianStates[Common Name],Table_AustralianStates[Abbreviation],Table_SourceData_Common_MonthToSeason[Month],Table_SourceData_Common_MonthToSeason[Season]) -> 190 | F72: =InputFunctions_PastureBeef.LookupLiveweightFromMonth($E$7,$E$8,$D72,F$66,Table_SourceData_PastureBeef_LiveweightAllStates[State],Table_SourceData_PastureBeef_LiveweightAllStates[Region],Table_SourceData_PastureBeef_LiveweightAllStates[Season],Table_SourceData_PastureBeef_LiveweightAllStates[#Headers],Table_SourceData_PastureBeef_LiveweightAllStates[],Table_AustralianStates[Common Name],Table_AustralianStates[Abbreviation],Table_SourceData_Common_MonthToSeason[Month],Table_SourceData_Common_MonthToSeason[Season]) -> 700 | G72: =InputFunctions_PastureBeef.LookupLiveweightFromMonth($E$7,$E$8,$D72,G$66,Table_SourceData_PastureBeef_LiveweightAllStates[State],Table_SourceData_PastureBeef_LiveweightAllStates[Region],Table_SourceData_PastureBeef_LiveweightAllStates[Season],Table_SourceData_PastureBeef_LiveweightAllStates[#Headers],Table_SourceData_PastureBeef_LiveweightAllStates[],Table_AustralianStates[Common Name],Table_AustralianStates[Abbreviation],Table_SourceData_Common_MonthToSeason[Month],Table_SourceData_Common_MonthToSeason[Season]) -> 150 | H72: =InputFunctions_PastureBeef.LookupLiveweightFromMonth($E$7,$E$8,$D72,H$66,Table_SourceData_PastureBeef_LiveweightAllStates[State],Table_SourceData_PastureBeef_LiveweightAllStates[Region],Table_SourceData_PastureBeef_LiveweightAllStates[Season],Table_SourceData_PastureBeef_LiveweightAllStates[#Headers],Table_SourceData_PastureBeef_LiveweightAllStates[],Table_AustralianStates[Common Name],Table_AustralianStates[Abbreviation],Table_SourceData_Common_MonthToSeason[Month],Table_SourceData_Common_MonthToSeason[Season]) -> 330 | I72: =InputFunctions_PastureBeef.LookupLiveweightFromMonth($E$7,$E$8,$D72,I$66,Table_SourceData_PastureBeef_LiveweightAllStates[State],Table_SourceData_PastureBeef_LiveweightAllStates[Region],Table_SourceData_PastureBeef_LiveweightAllStates[Season],Table_SourceData_PastureBeef_LiveweightAllStates[#Headers],Table_SourceData_PastureBeef_LiveweightAllStates[],Table_AustralianStates[Common Name],Table_AustralianStates[Abbreviation],Table_SourceData_Common_MonthToSeason[Month],Table_SourceData_Common_MonthToSeason[Season]) -> 490 | J72: =InputFunctions_PastureBeef.LookupLiveweightFromMonth($E$7,$E$8,$D72,J$66,Table_SourceData_PastureBeef_LiveweightAllStates[State],Table_SourceData_PastureBeef_LiveweightAllStates[Region],Table_SourceData_PastureBeef_LiveweightAllStates[Season],Table_SourceData_PastureBeef_LiveweightAllStates[#Headers],Table_SourceData_PastureBeef_LiveweightAllStates[],Table_AustralianStates[Common Name],Table_AustralianStates[Abbreviation],Table_SourceData_Common_MonthToSeason[Month],Table_SourceData_Common_MonthToSeason[Season]) -> 490 | K72: =InputFunctions_PastureBeef.LookupLiveweightFromMonth($E$7,$E$8,$D72,K$66,Table_SourceData_PastureBeef_LiveweightAllStates[State],Table_SourceData_PastureBeef_LiveweightAllStates[Region],Table_SourceData_PastureBeef_LiveweightAllStates[Season],Table_SourceData_PastureBeef_LiveweightAllStates[#Headers],Table_SourceData_PastureBeef_LiveweightAllStates[],Table_AustralianStates[Common Name],Table_AustralianStates[Abbreviation],Table_SourceData_Common_MonthToSeason[Month],Table_SourceData_Common_MonthToSeason[Season]) -> 170 | L72: =InputFunctions_PastureBeef.LookupLiveweightFromMonth($E$7,$E$8,$D72,L$66,Table_SourceData_PastureBeef_LiveweightAllStates[State],Table_SourceData_PastureBeef_LiveweightAllStates[Region],Table_SourceData_PastureBeef_LiveweightAllStates[Season],Table_SourceData_PastureBeef_LiveweightAllStates[#Headers],Table_SourceData_PastureBeef_LiveweightAllStates[],Table_AustralianStates[Common Name],Table_AustralianStates[Abbreviation],Table_SourceData_Common_MonthToSeason[Month],Table_SourceData_Common_MonthToSeason[Season]) -> 360 | ... N72: =InputFunctions_PastureBeef.LookupLiveweightFromMonth($E$7,$E$8,$D72,N$66,Table_SourceData_PastureBeef_LiveweightAllStates[State],Table_SourceData_PastureBeef_LiveweightAllStates[Region],Table_SourceData_PastureBeef_LiveweightAllStates[Season],Table_SourceData_PastureBeef_LiveweightAllStates[#Headers],Table_SourceData_PastureBeef_LiveweightAllStates[],Table_AustralianStates[Common Name],Table_AustralianStates[Abbreviation],Table_SourceData_Common_MonthToSeason[Month],Table_SourceData_Common_MonthToSeason[Season]) -> 360 | O72: kg/head
D73: =TEXT(EDATE(X_Cell_Site_StartDate,6), "mmmm yyyy") -> July 2024 | E73: =InputFunctions_PastureBeef.LookupLiveweightFromMonth($E$7,$E$8,$D73,E$66,Table_SourceData_PastureBeef_LiveweightAllStates[State],Table_SourceData_PastureBeef_LiveweightAllStates[Region],Table_SourceData_PastureBeef_LiveweightAllStates[Season],Table_SourceData_PastureBeef_LiveweightAllStates[#Headers],Table_SourceData_PastureBeef_LiveweightAllStates[],Table_AustralianStates[Common Name],Table_AustralianStates[Abbreviation],Table_SourceData_Common_MonthToSeason[Month],Table_SourceData_Common_MonthToSeason[Season]) -> 190 | F73: =InputFunctions_PastureBeef.LookupLiveweightFromMonth($E$7,$E$8,$D73,F$66,Table_SourceData_PastureBeef_LiveweightAllStates[State],Table_SourceData_PastureBeef_LiveweightAllStates[Region],Table_SourceData_PastureBeef_LiveweightAllStates[Season],Table_SourceData_PastureBeef_LiveweightAllStates[#Headers],Table_SourceData_PastureBeef_LiveweightAllStates[],Table_AustralianStates[Common Name],Table_AustralianStates[Abbreviation],Table_SourceData_Common_MonthToSeason[Month],Table_SourceData_Common_MonthToSeason[Season]) -> 700 | G73: =InputFunctions_PastureBeef.LookupLiveweightFromMonth($E$7,$E$8,$D73,G$66,Table_SourceData_PastureBeef_LiveweightAllStates[State],Table_SourceData_PastureBeef_LiveweightAllStates[Region],Table_SourceData_PastureBeef_LiveweightAllStates[Season],Table_SourceData_PastureBeef_LiveweightAllStates[#Headers],Table_SourceData_PastureBeef_LiveweightAllStates[],Table_AustralianStates[Common Name],Table_AustralianStates[Abbreviation],Table_SourceData_Common_MonthToSeason[Month],Table_SourceData_Common_MonthToSeason[Season]) -> 150 | H73: =InputFunctions_PastureBeef.LookupLiveweightFromMonth($E$7,$E$8,$D73,H$66,Table_SourceData_PastureBeef_LiveweightAllStates[State],Table_SourceData_PastureBeef_LiveweightAllStates[Region],Table_SourceData_PastureBeef_LiveweightAllStates[Season],Table_SourceData_PastureBeef_LiveweightAllStates[#Headers],Table_SourceData_PastureBeef_LiveweightAllStates[],Table_AustralianStates[Common Name],Table_AustralianStates[Abbreviation],Table_SourceData_Common_MonthToSeason[Month],Table_SourceData_Common_MonthToSeason[Season]) -> 330 | I73: =InputFunctions_PastureBeef.LookupLiveweightFromMonth($E$7,$E$8,$D73,I$66,Table_SourceData_PastureBeef_LiveweightAllStates[State],Table_SourceData_PastureBeef_LiveweightAllStates[Region],Table_SourceData_PastureBeef_LiveweightAllStates[Season],Table_SourceData_PastureBeef_LiveweightAllStates[#Headers],Table_SourceData_PastureBeef_LiveweightAllStates[],Table_AustralianStates[Common Name],Table_AustralianStates[Abbreviation],Table_SourceData_Common_MonthToSeason[Month],Table_SourceData_Common_MonthToSeason[Season]) -> 490 | J73: =InputFunctions_PastureBeef.LookupLiveweightFromMonth($E$7,$E$8,$D73,J$66,Table_SourceData_PastureBeef_LiveweightAllStates[State],Table_SourceData_PastureBeef_LiveweightAllStates[Region],Table_SourceData_PastureBeef_LiveweightAllStates[Season],Table_SourceData_PastureBeef_LiveweightAllStates[#Headers],Table_SourceData_PastureBeef_LiveweightAllStates[],Table_AustralianStates[Common Name],Table_AustralianStates[Abbreviation],Table_SourceData_Common_MonthToSeason[Month],Table_SourceData_Common_MonthToSeason[Season]) -> 490 | K73: =InputFunctions_PastureBeef.LookupLiveweightFromMonth($E$7,$E$8,$D73,K$66,Table_SourceData_PastureBeef_LiveweightAllStates[State],Table_SourceData_PastureBeef_LiveweightAllStates[Region],Table_SourceData_PastureBeef_LiveweightAllStates[Season],Table_SourceData_PastureBeef_LiveweightAllStates[#Headers],Table_SourceData_PastureBeef_LiveweightAllStates[],Table_AustralianStates[Common Name],Table_AustralianStates[Abbreviation],Table_SourceData_Common_MonthToSeason[Month],Table_SourceData_Common_MonthToSeason[Season]) -> 170 | L73: =InputFunctions_PastureBeef.LookupLiveweightFromMonth($E$7,$E$8,$D73,L$66,Table_SourceData_PastureBeef_LiveweightAllStates[State],Table_SourceData_PastureBeef_LiveweightAllStates[Region],Table_SourceData_PastureBeef_LiveweightAllStates[Season],Table_SourceData_PastureBeef_LiveweightAllStates[#Headers],Table_SourceData_PastureBeef_LiveweightAllStates[],Table_AustralianStates[Common Name],Table_AustralianStates[Abbreviation],Table_SourceData_Common_MonthToSeason[Month],Table_SourceData_Common_MonthToSeason[Season]) -> 360 | ... N73: =InputFunctions_PastureBeef.LookupLiveweightFromMonth($E$7,$E$8,$D73,N$66,Table_SourceData_PastureBeef_LiveweightAllStates[State],Table_SourceData_PastureBeef_LiveweightAllStates[Region],Table_SourceData_PastureBeef_LiveweightAllStates[Season],Table_SourceData_PastureBeef_LiveweightAllStates[#Headers],Table_SourceData_PastureBeef_LiveweightAllStates[],Table_AustralianStates[Common Name],Table_AustralianStates[Abbreviation],Table_SourceData_Common_MonthToSeason[Month],Table_SourceData_Common_MonthToSeason[Season]) -> 360 | O73: kg/head
D74: =TEXT(EDATE(X_Cell_Site_StartDate,7), "mmmm yyyy") -> August 2024 | E74: =InputFunctions_PastureBeef.LookupLiveweightFromMonth($E$7,$E$8,$D74,E$66,Table_SourceData_PastureBeef_LiveweightAllStates[State],Table_SourceData_PastureBeef_LiveweightAllStates[Region],Table_SourceData_PastureBeef_LiveweightAllStates[Season],Table_SourceData_PastureBeef_LiveweightAllStates[#Headers],Table_SourceData_PastureBeef_LiveweightAllStates[],Table_AustralianStates[Common Name],Table_AustralianStates[Abbreviation],Table_SourceData_Common_MonthToSeason[Month],Table_SourceData_Common_MonthToSeason[Season]) -> 190 | F74: =InputFunctions_PastureBeef.LookupLiveweightFromMonth($E$7,$E$8,$D74,F$66,Table_SourceData_PastureBeef_LiveweightAllStates[State],Table_SourceData_PastureBeef_LiveweightAllStates[Region],Table_SourceData_PastureBeef_LiveweightAllStates[Season],Table_SourceData_PastureBeef_LiveweightAllStates[#Headers],Table_SourceData_PastureBeef_LiveweightAllStates[],Table_AustralianStates[Common Name],Table_AustralianStates[Abbreviation],Table_SourceData_Common_MonthToSeason[Month],Table_SourceData_Common_MonthToSeason[Season]) -> 700 | G74: =InputFunctions_PastureBeef.LookupLiveweightFromMonth($E$7,$E$8,$D74,G$66,Table_SourceData_PastureBeef_LiveweightAllStates[State],Table_SourceData_PastureBeef_LiveweightAllStates[Region],Table_SourceData_PastureBeef_LiveweightAllStates[Season],Table_SourceData_PastureBeef_LiveweightAllStates[#Headers],Table_SourceData_PastureBeef_LiveweightAllStates[],Table_AustralianStates[Common Name],Table_AustralianStates[Abbreviation],Table_SourceData_Common_MonthToSeason[Month],Table_SourceData_Common_MonthToSeason[Season]) -> 150 | H74: =InputFunctions_PastureBeef.LookupLiveweightFromMonth($E$7,$E$8,$D74,H$66,Table_SourceData_PastureBeef_LiveweightAllStates[State],Table_SourceData_PastureBeef_LiveweightAllStates[Region],Table_SourceData_PastureBeef_LiveweightAllStates[Season],Table_SourceData_PastureBeef_LiveweightAllStates[#Headers],Table_SourceData_PastureBeef_LiveweightAllStates[],Table_AustralianStates[Common Name],Table_AustralianStates[Abbreviation],Table_SourceData_Common_MonthToSeason[Month],Table_SourceData_Common_MonthToSeason[Season]) -> 330 | I74: =InputFunctions_PastureBeef.LookupLiveweightFromMonth($E$7,$E$8,$D74,I$66,Table_SourceData_PastureBeef_LiveweightAllStates[State],Table_SourceData_PastureBeef_LiveweightAllStates[Region],Table_SourceData_PastureBeef_LiveweightAllStates[Season],Table_SourceData_PastureBeef_LiveweightAllStates[#Headers],Table_SourceData_PastureBeef_LiveweightAllStates[],Table_AustralianStates[Common Name],Table_AustralianStates[Abbreviation],Table_SourceData_Common_MonthToSeason[Month],Table_SourceData_Common_MonthToSeason[Season]) -> 490 | J74: =InputFunctions_PastureBeef.LookupLiveweightFromMonth($E$7,$E$8,$D74,J$66,Table_SourceData_PastureBeef_LiveweightAllStates[State],Table_SourceData_PastureBeef_LiveweightAllStates[Region],Table_SourceData_PastureBeef_LiveweightAllStates[Season],Table_SourceData_PastureBeef_LiveweightAllStates[#Headers],Table_SourceData_PastureBeef_LiveweightAllStates[],Table_AustralianStates[Common Name],Table_AustralianStates[Abbreviation],Table_SourceData_Common_MonthToSeason[Month],Table_SourceData_Common_MonthToSeason[Season]) -> 490 | K74: =InputFunctions_PastureBeef.LookupLiveweightFromMonth($E$7,$E$8,$D74,K$66,Table_SourceData_PastureBeef_LiveweightAllStates[State],Table_SourceData_PastureBeef_LiveweightAllStates[Region],Table_SourceData_PastureBeef_LiveweightAllStates[Season],Table_SourceData_PastureBeef_LiveweightAllStates[#Headers],Table_SourceData_PastureBeef_LiveweightAllStates[],Table_AustralianStates[Common Name],Table_AustralianStates[Abbreviation],Table_SourceData_Common_MonthToSeason[Month],Table_SourceData_Common_MonthToSeason[Season]) -> 170 | L74: =InputFunctions_PastureBeef.LookupLiveweightFromMonth($E$7,$E$8,$D74,L$66,Table_SourceData_PastureBeef_LiveweightAllStates[State],Table_SourceData_PastureBeef_LiveweightAllStates[Region],Table_SourceData_PastureBeef_LiveweightAllStates[Season],Table_SourceData_PastureBeef_LiveweightAllStates[#Headers],Table_SourceData_PastureBeef_LiveweightAllStates[],Table_AustralianStates[Common Name],Table_AustralianStates[Abbreviation],Table_SourceData_Common_MonthToSeason[Month],Table_SourceData_Common_MonthToSeason[Season]) -> 360 | ... N74: =InputFunctions_PastureBeef.LookupLiveweightFromMonth($E$7,$E$8,$D74,N$66,Table_SourceData_PastureBeef_LiveweightAllStates[State],Table_SourceData_PastureBeef_LiveweightAllStates[Region],Table_SourceData_PastureBeef_LiveweightAllStates[Season],Table_SourceData_PastureBeef_LiveweightAllStates[#Headers],Table_SourceData_PastureBeef_LiveweightAllStates[],Table_AustralianStates[Common Name],Table_AustralianStates[Abbreviation],Table_SourceData_Common_MonthToSeason[Month],Table_SourceData_Common_MonthToSeason[Season]) -> 360 | O74: kg/head
D75: =TEXT(EDATE(X_Cell_Site_StartDate,8), "mmmm yyyy") -> September 2024 | E75: =InputFunctions_PastureBeef.LookupLiveweightFromMonth($E$7,$E$8,$D75,E$66,Table_SourceData_PastureBeef_LiveweightAllStates[State],Table_SourceData_PastureBeef_LiveweightAllStates[Region],Table_SourceData_PastureBeef_LiveweightAllStates[Season],Table_SourceData_PastureBeef_LiveweightAllStates[#Headers],Table_SourceData_PastureBeef_LiveweightAllStates[],Table_AustralianStates[Common Name],Table_AustralianStates[Abbreviation],Table_SourceData_Common_MonthToSeason[Month],Table_SourceData_Common_MonthToSeason[Season]) -> 340 | F75: =InputFunctions_PastureBeef.LookupLiveweightFromMonth($E$7,$E$8,$D75,F$66,Table_SourceData_PastureBeef_LiveweightAllStates[State],Table_SourceData_PastureBeef_LiveweightAllStates[Region],Table_SourceData_PastureBeef_LiveweightAllStates[Season],Table_SourceData_PastureBeef_LiveweightAllStates[#Headers],Table_SourceData_PastureBeef_LiveweightAllStates[],Table_AustralianStates[Common Name],Table_AustralianStates[Abbreviation],Table_SourceData_Common_MonthToSeason[Month],Table_SourceData_Common_MonthToSeason[Season]) -> 800 | G75: =InputFunctions_PastureBeef.LookupLiveweightFromMonth($E$7,$E$8,$D75,G$66,Table_SourceData_PastureBeef_LiveweightAllStates[State],Table_SourceData_PastureBeef_LiveweightAllStates[Region],Table_SourceData_PastureBeef_LiveweightAllStates[Season],Table_SourceData_PastureBeef_LiveweightAllStates[#Headers],Table_SourceData_PastureBeef_LiveweightAllStates[],Table_AustralianStates[Common Name],Table_AustralianStates[Abbreviation],Table_SourceData_Common_MonthToSeason[Month],Table_SourceData_Common_MonthToSeason[Season]) -> 260 | H75: =InputFunctions_PastureBeef.LookupLiveweightFromMonth($E$7,$E$8,$D75,H$66,Table_SourceData_PastureBeef_LiveweightAllStates[State],Table_SourceData_PastureBeef_LiveweightAllStates[Region],Table_SourceData_PastureBeef_LiveweightAllStates[Season],Table_SourceData_PastureBeef_LiveweightAllStates[#Headers],Table_SourceData_PastureBeef_LiveweightAllStates[],Table_AustralianStates[Common Name],Table_AustralianStates[Abbreviation],Table_SourceData_Common_MonthToSeason[Month],Table_SourceData_Common_MonthToSeason[Season]) -> 420 | I75: =InputFunctions_PastureBeef.LookupLiveweightFromMonth($E$7,$E$8,$D75,I$66,Table_SourceData_PastureBeef_LiveweightAllStates[State],Table_SourceData_PastureBeef_LiveweightAllStates[Region],Table_SourceData_PastureBeef_LiveweightAllStates[Season],Table_SourceData_PastureBeef_LiveweightAllStates[#Headers],Table_SourceData_PastureBeef_LiveweightAllStates[],Table_AustralianStates[Common Name],Table_AustralianStates[Abbreviation],Table_SourceData_Common_MonthToSeason[Month],Table_SourceData_Common_MonthToSeason[Season]) -> 550 | J75: =InputFunctions_PastureBeef.LookupLiveweightFromMonth($E$7,$E$8,$D75,J$66,Table_SourceData_PastureBeef_LiveweightAllStates[State],Table_SourceData_PastureBeef_LiveweightAllStates[Region],Table_SourceData_PastureBeef_LiveweightAllStates[Season],Table_SourceData_PastureBeef_LiveweightAllStates[#Headers],Table_SourceData_PastureBeef_LiveweightAllStates[],Table_AustralianStates[Common Name],Table_AustralianStates[Abbreviation],Table_SourceData_Common_MonthToSeason[Month],Table_SourceData_Common_MonthToSeason[Season]) -> 550 | K75: =InputFunctions_PastureBeef.LookupLiveweightFromMonth($E$7,$E$8,$D75,K$66,Table_SourceData_PastureBeef_LiveweightAllStates[State],Table_SourceData_PastureBeef_LiveweightAllStates[Region],Table_SourceData_PastureBeef_LiveweightAllStates[Season],Table_SourceData_PastureBeef_LiveweightAllStates[#Headers],Table_SourceData_PastureBeef_LiveweightAllStates[],Table_AustralianStates[Common Name],Table_AustralianStates[Abbreviation],Table_SourceData_Common_MonthToSeason[Month],Table_SourceData_Common_MonthToSeason[Season]) -> 300 | L75: =InputFunctions_PastureBeef.LookupLiveweightFromMonth($E$7,$E$8,$D75,L$66,Table_SourceData_PastureBeef_LiveweightAllStates[State],Table_SourceData_PastureBeef_LiveweightAllStates[Region],Table_SourceData_PastureBeef_LiveweightAllStates[Season],Table_SourceData_PastureBeef_LiveweightAllStates[#Headers],Table_SourceData_PastureBeef_LiveweightAllStates[],Table_AustralianStates[Common Name],Table_AustralianStates[Abbreviation],Table_SourceData_Common_MonthToSeason[Month],Table_SourceData_Common_MonthToSeason[Season]) -> 480 | ... N75: =InputFunctions_PastureBeef.LookupLiveweightFromMonth($E$7,$E$8,$D75,N$66,Table_SourceData_PastureBeef_LiveweightAllStates[State],Table_SourceData_PastureBeef_LiveweightAllStates[Region],Table_SourceData_PastureBeef_LiveweightAllStates[Season],Table_SourceData_PastureBeef_LiveweightAllStates[#Headers],Table_SourceData_PastureBeef_LiveweightAllStates[],Table_AustralianStates[Common Name],Table_AustralianStates[Abbreviation],Table_SourceData_Common_MonthToSeason[Month],Table_SourceData_Common_MonthToSeason[Season]) -> 480 | O75: kg/head
D76: =TEXT(EDATE(X_Cell_Site_StartDate,9), "mmmm yyyy") -> October 2024 | E76: =InputFunctions_PastureBeef.LookupLiveweightFromMonth($E$7,$E$8,$D76,E$66,Table_SourceData_PastureBeef_LiveweightAllStates[State],Table_SourceData_PastureBeef_LiveweightAllStates[Region],Table_SourceData_PastureBeef_LiveweightAllStates[Season],Table_SourceData_PastureBeef_LiveweightAllStates[#Headers],Table_SourceData_PastureBeef_LiveweightAllStates[],Table_AustralianStates[Common Name],Table_AustralianStates[Abbreviation],Table_SourceData_Common_MonthToSeason[Month],Table_SourceData_Common_MonthToSeason[Season]) -> 340 | F76: =InputFunctions_PastureBeef.LookupLiveweightFromMonth($E$7,$E$8,$D76,F$66,Table_SourceData_PastureBeef_LiveweightAllStates[State],Table_SourceData_PastureBeef_LiveweightAllStates[Region],Table_SourceData_PastureBeef_LiveweightAllStates[Season],Table_SourceData_PastureBeef_LiveweightAllStates[#Headers],Table_SourceData_PastureBeef_LiveweightAllStates[],Table_AustralianStates[Common Name],Table_AustralianStates[Abbreviation],Table_SourceData_Common_MonthToSeason[Month],Table_SourceData_Common_MonthToSeason[Season]) -> 800 | G76: =InputFunctions_PastureBeef.LookupLiveweightFromMonth($E$7,$E$8,$D76,G$66,Table_SourceData_PastureBeef_LiveweightAllStates[State],Table_SourceData_PastureBeef_LiveweightAllStates[Region],Table_SourceData_PastureBeef_LiveweightAllStates[Season],Table_SourceData_PastureBeef_LiveweightAllStates[#Headers],Table_SourceData_PastureBeef_LiveweightAllStates[],Table_AustralianStates[Common Name],Table_AustralianStates[Abbreviation],Table_SourceData_Common_MonthToSeason[Month],Table_SourceData_Common_MonthToSeason[Season]) -> 260 | H76: =InputFunctions_PastureBeef.LookupLiveweightFromMonth($E$7,$E$8,$D76,H$66,Table_SourceData_PastureBeef_LiveweightAllStates[State],Table_SourceData_PastureBeef_LiveweightAllStates[Region],Table_SourceData_PastureBeef_LiveweightAllStates[Season],Table_SourceData_PastureBeef_LiveweightAllStates[#Headers],Table_SourceData_PastureBeef_LiveweightAllStates[],Table_AustralianStates[Common Name],Table_AustralianStates[Abbreviation],Table_SourceData_Common_MonthToSeason[Month],Table_SourceData_Common_MonthToSeason[Season]) -> 420 | I76: =InputFunctions_PastureBeef.LookupLiveweightFromMonth($E$7,$E$8,$D76,I$66,Table_SourceData_PastureBeef_LiveweightAllStates[State],Table_SourceData_PastureBeef_LiveweightAllStates[Region],Table_SourceData_PastureBeef_LiveweightAllStates[Season],Table_SourceData_PastureBeef_LiveweightAllStates[#Headers],Table_SourceData_PastureBeef_LiveweightAllStates[],Table_AustralianStates[Common Name],Table_AustralianStates[Abbreviation],Table_SourceData_Common_MonthToSeason[Month],Table_SourceData_Common_MonthToSeason[Season]) -> 550 | J76: =InputFunctions_PastureBeef.LookupLiveweightFromMonth($E$7,$E$8,$D76,J$66,Table_SourceData_PastureBeef_LiveweightAllStates[State],Table_SourceData_PastureBeef_LiveweightAllStates[Region],Table_SourceData_PastureBeef_LiveweightAllStates[Season],Table_SourceData_PastureBeef_LiveweightAllStates[#Headers],Table_SourceData_PastureBeef_LiveweightAllStates[],Table_AustralianStates[Common Name],Table_AustralianStates[Abbreviation],Table_SourceData_Common_MonthToSeason[Month],Table_SourceData_Common_MonthToSeason[Season]) -> 550 | K76: =InputFunctions_PastureBeef.LookupLiveweightFromMonth($E$7,$E$8,$D76,K$66,Table_SourceData_PastureBeef_LiveweightAllStates[State],Table_SourceData_PastureBeef_LiveweightAllStates[Region],Table_SourceData_PastureBeef_LiveweightAllStates[Season],Table_SourceData_PastureBeef_LiveweightAllStates[#Headers],Table_SourceData_PastureBeef_LiveweightAllStates[],Table_AustralianStates[Common Name],Table_AustralianStates[Abbreviation],Table_SourceData_Common_MonthToSeason[Month],Table_SourceData_Common_MonthToSeason[Season]) -> 300 | L76: =InputFunctions_PastureBeef.LookupLiveweightFromMonth($E$7,$E$8,$D76,L$66,Table_SourceData_PastureBeef_LiveweightAllStates[State],Table_SourceData_PastureBeef_LiveweightAllStates[Region],Table_SourceData_PastureBeef_LiveweightAllStates[Season],Table_SourceData_PastureBeef_LiveweightAllStates[#Headers],Table_SourceData_PastureBeef_LiveweightAllStates[],Table_AustralianStates[Common Name],Table_AustralianStates[Abbreviation],Table_SourceData_Common_MonthToSeason[Month],Table_SourceData_Common_MonthToSeason[Season]) -> 480 | ... N76: =InputFunctions_PastureBeef.LookupLiveweightFromMonth($E$7,$E$8,$D76,N$66,Table_SourceData_PastureBeef_LiveweightAllStates[State],Table_SourceData_PastureBeef_LiveweightAllStates[Region],Table_SourceData_PastureBeef_LiveweightAllStates[Season],Table_SourceData_PastureBeef_LiveweightAllStates[#Headers],Table_SourceData_PastureBeef_LiveweightAllStates[],Table_AustralianStates[Common Name],Table_AustralianStates[Abbreviation],Table_SourceData_Common_MonthToSeason[Month],Table_SourceData_Common_MonthToSeason[Season]) -> 480 | O76: kg/head
D77: =TEXT(EDATE(X_Cell_Site_StartDate,10), "mmmm yyyy") -> November 2024 | E77: =InputFunctions_PastureBeef.LookupLiveweightFromMonth($E$7,$E$8,$D77,E$66,Table_SourceData_PastureBeef_LiveweightAllStates[State],Table_SourceData_PastureBeef_LiveweightAllStates[Region],Table_SourceData_PastureBeef_LiveweightAllStates[Season],Table_SourceData_PastureBeef_LiveweightAllStates[#Headers],Table_SourceData_PastureBeef_LiveweightAllStates[],Table_AustralianStates[Common Name],Table_AustralianStates[Abbreviation],Table_SourceData_Common_MonthToSeason[Month],Table_SourceData_Common_MonthToSeason[Season]) -> 340 | F77: =InputFunctions_PastureBeef.LookupLiveweightFromMonth($E$7,$E$8,$D77,F$66,Table_SourceData_PastureBeef_LiveweightAllStates[State],Table_SourceData_PastureBeef_LiveweightAllStates[Region],Table_SourceData_PastureBeef_LiveweightAllStates[Season],Table_SourceData_PastureBeef_LiveweightAllStates[#Headers],Table_SourceData_PastureBeef_LiveweightAllStates[],Table_AustralianStates[Common Name],Table_AustralianStates[Abbreviation],Table_SourceData_Common_MonthToSeason[Month],Table_SourceData_Common_MonthToSeason[Season]) -> 800 | G77: =InputFunctions_PastureBeef.LookupLiveweightFromMonth($E$7,$E$8,$D77,G$66,Table_SourceData_PastureBeef_LiveweightAllStates[State],Table_SourceData_PastureBeef_LiveweightAllStates[Region],Table_SourceData_PastureBeef_LiveweightAllStates[Season],Table_SourceData_PastureBeef_LiveweightAllStates[#Headers],Table_SourceData_PastureBeef_LiveweightAllStates[],Table_AustralianStates[Common Name],Table_AustralianStates[Abbreviation],Table_SourceData_Common_MonthToSeason[Month],Table_SourceData_Common_MonthToSeason[Season]) -> 260 | H77: =InputFunctions_PastureBeef.LookupLiveweightFromMonth($E$7,$E$8,$D77,H$66,Table_SourceData_PastureBeef_LiveweightAllStates[State],Table_SourceData_PastureBeef_LiveweightAllStates[Region],Table_SourceData_PastureBeef_LiveweightAllStates[Season],Table_SourceData_PastureBeef_LiveweightAllStates[#Headers],Table_SourceData_PastureBeef_LiveweightAllStates[],Table_AustralianStates[Common Name],Table_AustralianStates[Abbreviation],Table_SourceData_Common_MonthToSeason[Month],Table_SourceData_Common_MonthToSeason[Season]) -> 420 | I77: =InputFunctions_PastureBeef.LookupLiveweightFromMonth($E$7,$E$8,$D77,I$66,Table_SourceData_PastureBeef_LiveweightAllStates[State],Table_SourceData_PastureBeef_LiveweightAllStates[Region],Table_SourceData_PastureBeef_LiveweightAllStates[Season],Table_SourceData_PastureBeef_LiveweightAllStates[#Headers],Table_SourceData_PastureBeef_LiveweightAllStates[],Table_AustralianStates[Common Name],Table_AustralianStates[Abbreviation],Table_SourceData_Common_MonthToSeason[Month],Table_SourceData_Common_MonthToSeason[Season]) -> 550 | J77: =InputFunctions_PastureBeef.LookupLiveweightFromMonth($E$7,$E$8,$D77,J$66,Table_SourceData_PastureBeef_LiveweightAllStates[State],Table_SourceData_PastureBeef_LiveweightAllStates[Region],Table_SourceData_PastureBeef_LiveweightAllStates[Season],Table_SourceData_PastureBeef_LiveweightAllStates[#Headers],Table_SourceData_PastureBeef_LiveweightAllStates[],Table_AustralianStates[Common Name],Table_AustralianStates[Abbreviation],Table_SourceData_Common_MonthToSeason[Month],Table_SourceData_Common_MonthToSeason[Season]) -> 550 | K77: =InputFunctions_PastureBeef.LookupLiveweightFromMonth($E$7,$E$8,$D77,K$66,Table_SourceData_PastureBeef_LiveweightAllStates[State],Table_SourceData_PastureBeef_LiveweightAllStates[Region],Table_SourceData_PastureBeef_LiveweightAllStates[Season],Table_SourceData_PastureBeef_LiveweightAllStates[#Headers],Table_SourceData_PastureBeef_LiveweightAllStates[],Table_AustralianStates[Common Name],Table_AustralianStates[Abbreviation],Table_SourceData_Common_MonthToSeason[Month],Table_SourceData_Common_MonthToSeason[Season]) -> 300 | L77: =InputFunctions_PastureBeef.LookupLiveweightFromMonth($E$7,$E$8,$D77,L$66,Table_SourceData_PastureBeef_LiveweightAllStates[State],Table_SourceData_PastureBeef_LiveweightAllStates[Region],Table_SourceData_PastureBeef_LiveweightAllStates[Season],Table_SourceData_PastureBeef_LiveweightAllStates[#Headers],Table_SourceData_PastureBeef_LiveweightAllStates[],Table_AustralianStates[Common Name],Table_AustralianStates[Abbreviation],Table_SourceData_Common_MonthToSeason[Month],Table_SourceData_Common_MonthToSeason[Season]) -> 480 | ... N77: =InputFunctions_PastureBeef.LookupLiveweightFromMonth($E$7,$E$8,$D77,N$66,Table_SourceData_PastureBeef_LiveweightAllStates[State],Table_SourceData_PastureBeef_LiveweightAllStates[Region],Table_SourceData_PastureBeef_LiveweightAllStates[Season],Table_SourceData_PastureBeef_LiveweightAllStates[#Headers],Table_SourceData_PastureBeef_LiveweightAllStates[],Table_AustralianStates[Common Name],Table_AustralianStates[Abbreviation],Table_SourceData_Common_MonthToSeason[Month],Table_SourceData_Common_MonthToSeason[Season]) -> 480 | O77: kg/head
D78: =TEXT(EDATE(X_Cell_Site_StartDate,11), "mmmm yyyy") -> December 2024 | E78: =InputFunctions_PastureBeef.LookupLiveweightFromMonth($E$7,$E$8,$D78,E$66,Table_SourceData_PastureBeef_LiveweightAllStates[State],Table_SourceData_PastureBeef_LiveweightAllStates[Region],Table_SourceData_PastureBeef_LiveweightAllStates[Season],Table_SourceData_PastureBeef_LiveweightAllStates[#Headers],Table_SourceData_PastureBeef_LiveweightAllStates[],Table_AustralianStates[Common Name],Table_AustralianStates[Abbreviation],Table_SourceData_Common_MonthToSeason[Month],Table_SourceData_Common_MonthToSeason[Season]) -> 380 | F78: =InputFunctions_PastureBeef.LookupLiveweightFromMonth($E$7,$E$8,$D78,F$66,Table_SourceData_PastureBeef_LiveweightAllStates[State],Table_SourceData_PastureBeef_LiveweightAllStates[Region],Table_SourceData_PastureBeef_LiveweightAllStates[Season],Table_SourceData_PastureBeef_LiveweightAllStates[#Headers],Table_SourceData_PastureBeef_LiveweightAllStates[],Table_AustralianStates[Common Name],Table_AustralianStates[Abbreviation],Table_SourceData_Common_MonthToSeason[Month],Table_SourceData_Common_MonthToSeason[Season]) -> 780 | G78: =InputFunctions_PastureBeef.LookupLiveweightFromMonth($E$7,$E$8,$D78,G$66,Table_SourceData_PastureBeef_LiveweightAllStates[State],Table_SourceData_PastureBeef_LiveweightAllStates[Region],Table_SourceData_PastureBeef_LiveweightAllStates[Season],Table_SourceData_PastureBeef_LiveweightAllStates[#Headers],Table_SourceData_PastureBeef_LiveweightAllStates[],Table_AustralianStates[Common Name],Table_AustralianStates[Abbreviation],Table_SourceData_Common_MonthToSeason[Month],Table_SourceData_Common_MonthToSeason[Season]) -> 300 | H78: =InputFunctions_PastureBeef.LookupLiveweightFromMonth($E$7,$E$8,$D78,H$66,Table_SourceData_PastureBeef_LiveweightAllStates[State],Table_SourceData_PastureBeef_LiveweightAllStates[Region],Table_SourceData_PastureBeef_LiveweightAllStates[Season],Table_SourceData_PastureBeef_LiveweightAllStates[#Headers],Table_SourceData_PastureBeef_LiveweightAllStates[],Table_AustralianStates[Common Name],Table_AustralianStates[Abbreviation],Table_SourceData_Common_MonthToSeason[Month],Table_SourceData_Common_MonthToSeason[Season]) -> 450 | I78: =InputFunctions_PastureBeef.LookupLiveweightFromMonth($E$7,$E$8,$D78,I$66,Table_SourceData_PastureBeef_LiveweightAllStates[State],Table_SourceData_PastureBeef_LiveweightAllStates[Region],Table_SourceData_PastureBeef_LiveweightAllStates[Season],Table_SourceData_PastureBeef_LiveweightAllStates[#Headers],Table_SourceData_PastureBeef_LiveweightAllStates[],Table_AustralianStates[Common Name],Table_AustralianStates[Abbreviation],Table_SourceData_Common_MonthToSeason[Month],Table_SourceData_Common_MonthToSeason[Season]) -> 530 | J78: =InputFunctions_PastureBeef.LookupLiveweightFromMonth($E$7,$E$8,$D78,J$66,Table_SourceData_PastureBeef_LiveweightAllStates[State],Table_SourceData_PastureBeef_LiveweightAllStates[Region],Table_SourceData_PastureBeef_LiveweightAllStates[Season],Table_SourceData_PastureBeef_LiveweightAllStates[#Headers],Table_SourceData_PastureBeef_LiveweightAllStates[],Table_AustralianStates[Common Name],Table_AustralianStates[Abbreviation],Table_SourceData_Common_MonthToSeason[Month],Table_SourceData_Common_MonthToSeason[Season]) -> 530 | K78: =InputFunctions_PastureBeef.LookupLiveweightFromMonth($E$7,$E$8,$D78,K$66,Table_SourceData_PastureBeef_LiveweightAllStates[State],Table_SourceData_PastureBeef_LiveweightAllStates[Region],Table_SourceData_PastureBeef_LiveweightAllStates[Season],Table_SourceData_PastureBeef_LiveweightAllStates[#Headers],Table_SourceData_PastureBeef_LiveweightAllStates[],Table_AustralianStates[Common Name],Table_AustralianStates[Abbreviation],Table_SourceData_Common_MonthToSeason[Month],Table_SourceData_Common_MonthToSeason[Season]) -> 340 | L78: =InputFunctions_PastureBeef.LookupLiveweightFromMonth($E$7,$E$8,$D78,L$66,Table_SourceData_PastureBeef_LiveweightAllStates[State],Table_SourceData_PastureBeef_LiveweightAllStates[Region],Table_SourceData_PastureBeef_LiveweightAllStates[Season],Table_SourceData_PastureBeef_LiveweightAllStates[#Headers],Table_SourceData_PastureBeef_LiveweightAllStates[],Table_AustralianStates[Common Name],Table_AustralianStates[Abbreviation],Table_SourceData_Common_MonthToSeason[Month],Table_SourceData_Common_MonthToSeason[Season]) -> 470 | ... N78: =InputFunctions_PastureBeef.LookupLiveweightFromMonth($E$7,$E$8,$D78,N$66,Table_SourceData_PastureBeef_LiveweightAllStates[State],Table_SourceData_PastureBeef_LiveweightAllStates[Region],Table_SourceData_PastureBeef_LiveweightAllStates[Season],Table_SourceData_PastureBeef_LiveweightAllStates[#Headers],Table_SourceData_PastureBeef_LiveweightAllStates[],Table_AustralianStates[Common Name],Table_AustralianStates[Abbreviation],Table_SourceData_Common_MonthToSeason[Month],Table_SourceData_Common_MonthToSeason[Season]) -> 470 | O78: kg/head
D81: Liveweight gain
D82: Method 1 default values (do not edit) | E82: Bulls < 1 year | F82: Bulls > 1 year | G82: Cows < 1 year | H82: Cows 1-2 years | I82: Cows 2-3 years | J82: Cows > 3 years | K82: Steers < 1 year | L82: Steers 1-2 years | M82: Steers 2-3 years | N82: Steers >3 years
D83: Spring | E83: =InputFunctions_PastureBeef.LookupLiveweightFromSeason($E$7,$E$8,$D83,E$82,Table_SourceData_PastureBeef_LiveweightGainAllStates[State],Table_SourceData_PastureBeef_LiveweightGainAllStates[Region],Table_SourceData_PastureBeef_LiveweightGainAllStates[Season],Table_SourceData_PastureBeef_LiveweightGainAllStates[#Headers],Table_SourceData_PastureBeef_LiveweightGainAllStates[],Table_AustralianStates[Common Name],Table_AustralianStates[Abbreviation]) -> 1.64 | F83: =InputFunctions_PastureBeef.LookupLiveweightFromSeason($E$7,$E$8,$D83,F$82,Table_SourceData_PastureBeef_LiveweightGainAllStates[State],Table_SourceData_PastureBeef_LiveweightGainAllStates[Region],Table_SourceData_PastureBeef_LiveweightGainAllStates[Season],Table_SourceData_PastureBeef_LiveweightGainAllStates[#Headers],Table_SourceData_PastureBeef_LiveweightGainAllStates[],Table_AustralianStates[Common Name],Table_AustralianStates[Abbreviation]) -> 1.1 | G83: =InputFunctions_PastureBeef.LookupLiveweightFromSeason($E$7,$E$8,$D83,G$82,Table_SourceData_PastureBeef_LiveweightGainAllStates[State],Table_SourceData_PastureBeef_LiveweightGainAllStates[Region],Table_SourceData_PastureBeef_LiveweightGainAllStates[Season],Table_SourceData_PastureBeef_LiveweightGainAllStates[#Headers],Table_SourceData_PastureBeef_LiveweightGainAllStates[],Table_AustralianStates[Common Name],Table_AustralianStates[Abbreviation]) -> 1.21 | H83: =InputFunctions_PastureBeef.LookupLiveweightFromSeason($E$7,$E$8,$D83,H$82,Table_SourceData_PastureBeef_LiveweightGainAllStates[State],Table_SourceData_PastureBeef_LiveweightGainAllStates[Region],Table_SourceData_PastureBeef_LiveweightGainAllStates[Season],Table_SourceData_PastureBeef_LiveweightGainAllStates[#Headers],Table_SourceData_PastureBeef_LiveweightGainAllStates[],Table_AustralianStates[Common Name],Table_AustralianStates[Abbreviation]) -> 0.99 | I83: =InputFunctions_PastureBeef.LookupLiveweightFromSeason($E$7,$E$8,$D83,I$82,Table_SourceData_PastureBeef_LiveweightGainAllStates[State],Table_SourceData_PastureBeef_LiveweightGainAllStates[Region],Table_SourceData_PastureBeef_LiveweightGainAllStates[Season],Table_SourceData_PastureBeef_LiveweightGainAllStates[#Headers],Table_SourceData_PastureBeef_LiveweightGainAllStates[],Table_AustralianStates[Common Name],Table_AustralianStates[Abbreviation]) -> 0.66 | J83: =InputFunctions_PastureBeef.LookupLiveweightFromSeason($E$7,$E$8,$D83,J$82,Table_SourceData_PastureBeef_LiveweightGainAllStates[State],Table_SourceData_PastureBeef_LiveweightGainAllStates[Region],Table_SourceData_PastureBeef_LiveweightGainAllStates[Season],Table_SourceData_PastureBeef_LiveweightGainAllStates[#Headers],Table_SourceData_PastureBeef_LiveweightGainAllStates[],Table_AustralianStates[Common Name],Table_AustralianStates[Abbreviation]) -> 0.66 | K83: =InputFunctions_PastureBeef.LookupLiveweightFromSeason($E$7,$E$8,$D83,K$82,Table_SourceData_PastureBeef_LiveweightGainAllStates[State],Table_SourceData_PastureBeef_LiveweightGainAllStates[Region],Table_SourceData_PastureBeef_LiveweightGainAllStates[Season],Table_SourceData_PastureBeef_LiveweightGainAllStates[#Headers],Table_SourceData_PastureBeef_LiveweightGainAllStates[],Table_AustralianStates[Common Name],Table_AustralianStates[Abbreviation]) -> 1.42 | L83: =InputFunctions_PastureBeef.LookupLiveweightFromSeason($E$7,$E$8,$D83,L$82,Table_SourceData_PastureBeef_LiveweightGainAllStates[State],Table_SourceData_PastureBeef_LiveweightGainAllStates[Region],Table_SourceData_PastureBeef_LiveweightGainAllStates[Season],Table_SourceData_PastureBeef_LiveweightGainAllStates[#Headers],Table_SourceData_PastureBeef_LiveweightGainAllStates[],Table_AustralianStates[Common Name],Table_AustralianStates[Abbreviation]) -> 1.1 | ... N83: =InputFunctions_PastureBeef.LookupLiveweightFromSeason($E$7,$E$8,$D83,N$82,Table_SourceData_PastureBeef_LiveweightGainAllStates[State],Table_SourceData_PastureBeef_LiveweightGainAllStates[Region],Table_SourceData_PastureBeef_LiveweightGainAllStates[Season],Table_SourceData_PastureBeef_LiveweightGainAllStates[#Headers],Table_SourceData_PastureBeef_LiveweightGainAllStates[],Table_AustralianStates[Common Name],Table_AustralianStates[Abbreviation]) -> 1.1 | O83: kg/head/day
D84: Summer | E84: =InputFunctions_PastureBeef.LookupLiveweightFromSeason($E$7,$E$8,$D84,E$82,Table_SourceData_PastureBeef_LiveweightGainAllStates[State],Table_SourceData_PastureBeef_LiveweightGainAllStates[Region],Table_SourceData_PastureBeef_LiveweightGainAllStates[Season],Table_SourceData_PastureBeef_LiveweightGainAllStates[#Headers],Table_SourceData_PastureBeef_LiveweightGainAllStates[],Table_AustralianStates[Common Name],Table_AustralianStates[Abbreviation]) -> 0.44 | F84: =InputFunctions_PastureBeef.LookupLiveweightFromSeason($E$7,$E$8,$D84,F$82,Table_SourceData_PastureBeef_LiveweightGainAllStates[State],Table_SourceData_PastureBeef_LiveweightGainAllStates[Region],Table_SourceData_PastureBeef_LiveweightGainAllStates[Season],Table_SourceData_PastureBeef_LiveweightGainAllStates[#Headers],Table_SourceData_PastureBeef_LiveweightGainAllStates[],Table_AustralianStates[Common Name],Table_AustralianStates[Abbreviation]) -> -0.22 | G84: =InputFunctions_PastureBeef.LookupLiveweightFromSeason($E$7,$E$8,$D84,G$82,Table_SourceData_PastureBeef_LiveweightGainAllStates[State],Table_SourceData_PastureBeef_LiveweightGainAllStates[Region],Table_SourceData_PastureBeef_LiveweightGainAllStates[Season],Table_SourceData_PastureBeef_LiveweightGainAllStates[#Headers],Table_SourceData_PastureBeef_LiveweightGainAllStates[],Table_AustralianStates[Common Name],Table_AustralianStates[Abbreviation]) -> 0.44 | H84: =InputFunctions_PastureBeef.LookupLiveweightFromSeason($E$7,$E$8,$D84,H$82,Table_SourceData_PastureBeef_LiveweightGainAllStates[State],Table_SourceData_PastureBeef_LiveweightGainAllStates[Region],Table_SourceData_PastureBeef_LiveweightGainAllStates[Season],Table_SourceData_PastureBeef_LiveweightGainAllStates[#Headers],Table_SourceData_PastureBeef_LiveweightGainAllStates[],Table_AustralianStates[Common Name],Table_AustralianStates[Abbreviation]) -> 0.33 | I84: =InputFunctions_PastureBeef.LookupLiveweightFromSeason($E$7,$E$8,$D84,I$82,Table_SourceData_PastureBeef_LiveweightGainAllStates[State],Table_SourceData_PastureBeef_LiveweightGainAllStates[Region],Table_SourceData_PastureBeef_LiveweightGainAllStates[Season],Table_SourceData_PastureBeef_LiveweightGainAllStates[#Headers],Table_SourceData_PastureBeef_LiveweightGainAllStates[],Table_AustralianStates[Common Name],Table_AustralianStates[Abbreviation]) -> -0.22 | J84: =InputFunctions_PastureBeef.LookupLiveweightFromSeason($E$7,$E$8,$D84,J$82,Table_SourceData_PastureBeef_LiveweightGainAllStates[State],Table_SourceData_PastureBeef_LiveweightGainAllStates[Region],Table_SourceData_PastureBeef_LiveweightGainAllStates[Season],Table_SourceData_PastureBeef_LiveweightGainAllStates[#Headers],Table_SourceData_PastureBeef_LiveweightGainAllStates[],Table_AustralianStates[Common Name],Table_AustralianStates[Abbreviation]) -> -0.22 | K84: =InputFunctions_PastureBeef.LookupLiveweightFromSeason($E$7,$E$8,$D84,K$82,Table_SourceData_PastureBeef_LiveweightGainAllStates[State],Table_SourceData_PastureBeef_LiveweightGainAllStates[Region],Table_SourceData_PastureBeef_LiveweightGainAllStates[Season],Table_SourceData_PastureBeef_LiveweightGainAllStates[#Headers],Table_SourceData_PastureBeef_LiveweightGainAllStates[],Table_AustralianStates[Common Name],Table_AustralianStates[Abbreviation]) -> 0.44 | L84: =InputFunctions_PastureBeef.LookupLiveweightFromSeason($E$7,$E$8,$D84,L$82,Table_SourceData_PastureBeef_LiveweightGainAllStates[State],Table_SourceData_PastureBeef_LiveweightGainAllStates[Region],Table_SourceData_PastureBeef_LiveweightGainAllStates[Season],Table_SourceData_PastureBeef_LiveweightGainAllStates[#Headers],Table_SourceData_PastureBeef_LiveweightGainAllStates[],Table_AustralianStates[Common Name],Table_AustralianStates[Abbreviation]) -> -0.11 | ... N84: =InputFunctions_PastureBeef.LookupLiveweightFromSeason($E$7,$E$8,$D84,N$82,Table_SourceData_PastureBeef_LiveweightGainAllStates[State],Table_SourceData_PastureBeef_LiveweightGainAllStates[Region],Table_SourceData_PastureBeef_LiveweightGainAllStates[Season],Table_SourceData_PastureBeef_LiveweightGainAllStates[#Headers],Table_SourceData_PastureBeef_LiveweightGainAllStates[],Table_AustralianStates[Common Name],Table_AustralianStates[Abbreviation]) -> -0.11 | O84: kg/head/day
D85: Autumn | E85: =InputFunctions_PastureBeef.LookupLiveweightFromSeason($E$7,$E$8,$D85,E$82,Table_SourceData_PastureBeef_LiveweightGainAllStates[State],Table_SourceData_PastureBeef_LiveweightGainAllStates[Region],Table_SourceData_PastureBeef_LiveweightGainAllStates[Season],Table_SourceData_PastureBeef_LiveweightGainAllStates[#Headers],Table_SourceData_PastureBeef_LiveweightGainAllStates[],Table_AustralianStates[Common Name],Table_AustralianStates[Abbreviation]) -> 0.6 | F85: =InputFunctions_PastureBeef.LookupLiveweightFromSeason($E$7,$E$8,$D85,F$82,Table_SourceData_PastureBeef_LiveweightGainAllStates[State],Table_SourceData_PastureBeef_LiveweightGainAllStates[Region],Table_SourceData_PastureBeef_LiveweightGainAllStates[Season],Table_SourceData_PastureBeef_LiveweightGainAllStates[#Headers],Table_SourceData_PastureBeef_LiveweightGainAllStates[],Table_AustralianStates[Common Name],Table_AustralianStates[Abbreviation]) -> 0 | G85: =InputFunctions_PastureBeef.LookupLiveweightFromSeason($E$7,$E$8,$D85,G$82,Table_SourceData_PastureBeef_LiveweightGainAllStates[State],Table_SourceData_PastureBeef_LiveweightGainAllStates[Region],Table_SourceData_PastureBeef_LiveweightGainAllStates[Season],Table_SourceData_PastureBeef_LiveweightGainAllStates[#Headers],Table_SourceData_PastureBeef_LiveweightGainAllStates[],Table_AustralianStates[Common Name],Table_AustralianStates[Abbreviation]) -> 0.6 | H85: =InputFunctions_PastureBeef.LookupLiveweightFromSeason($E$7,$E$8,$D85,H$82,Table_SourceData_PastureBeef_LiveweightGainAllStates[State],Table_SourceData_PastureBeef_LiveweightGainAllStates[Region],Table_SourceData_PastureBeef_LiveweightGainAllStates[Season],Table_SourceData_PastureBeef_LiveweightGainAllStates[#Headers],Table_SourceData_PastureBeef_LiveweightGainAllStates[],Table_AustralianStates[Common Name],Table_AustralianStates[Abbreviation]) -> 0.22 | I85: =InputFunctions_PastureBeef.LookupLiveweightFromSeason($E$7,$E$8,$D85,I$82,Table_SourceData_PastureBeef_LiveweightGainAllStates[State],Table_SourceData_PastureBeef_LiveweightGainAllStates[Region],Table_SourceData_PastureBeef_LiveweightGainAllStates[Season],Table_SourceData_PastureBeef_LiveweightGainAllStates[#Headers],Table_SourceData_PastureBeef_LiveweightGainAllStates[],Table_AustralianStates[Common Name],Table_AustralianStates[Abbreviation]) -> -0.55 | J85: =InputFunctions_PastureBeef.LookupLiveweightFromSeason($E$7,$E$8,$D85,J$82,Table_SourceData_PastureBeef_LiveweightGainAllStates[State],Table_SourceData_PastureBeef_LiveweightGainAllStates[Region],Table_SourceData_PastureBeef_LiveweightGainAllStates[Season],Table_SourceData_PastureBeef_LiveweightGainAllStates[#Headers],Table_SourceData_PastureBeef_LiveweightGainAllStates[],Table_AustralianStates[Common Name],Table_AustralianStates[Abbreviation]) -> -0.55 | K85: =InputFunctions_PastureBeef.LookupLiveweightFromSeason($E$7,$E$8,$D85,K$82,Table_SourceData_PastureBeef_LiveweightGainAllStates[State],Table_SourceData_PastureBeef_LiveweightGainAllStates[Region],Table_SourceData_PastureBeef_LiveweightGainAllStates[Season],Table_SourceData_PastureBeef_LiveweightGainAllStates[#Headers],Table_SourceData_PastureBeef_LiveweightGainAllStates[],Table_AustralianStates[Common Name],Table_AustralianStates[Abbreviation]) -> 0.6 | L85: =InputFunctions_PastureBeef.LookupLiveweightFromSeason($E$7,$E$8,$D85,L$82,Table_SourceData_PastureBeef_LiveweightGainAllStates[State],Table_SourceData_PastureBeef_LiveweightGainAllStates[Region],Table_SourceData_PastureBeef_LiveweightGainAllStates[Season],Table_SourceData_PastureBeef_LiveweightGainAllStates[#Headers],Table_SourceData_PastureBeef_LiveweightGainAllStates[],Table_AustralianStates[Common Name],Table_AustralianStates[Abbreviation]) -> 0 | ... N85: =InputFunctions_PastureBeef.LookupLiveweightFromSeason($E$7,$E$8,$D85,N$82,Table_SourceData_PastureBeef_LiveweightGainAllStates[State],Table_SourceData_PastureBeef_LiveweightGainAllStates[Region],Table_SourceData_PastureBeef_LiveweightGainAllStates[Season],Table_SourceData_PastureBeef_LiveweightGainAllStates[#Headers],Table_SourceData_PastureBeef_LiveweightGainAllStates[],Table_AustralianStates[Common Name],Table_AustralianStates[Abbreviation]) -> 0 | O85: kg/head/day
D86: Winter | E86: =InputFunctions_PastureBeef.LookupLiveweightFromSeason($E$7,$E$8,$D86,E$82,Table_SourceData_PastureBeef_LiveweightGainAllStates[State],Table_SourceData_PastureBeef_LiveweightGainAllStates[Region],Table_SourceData_PastureBeef_LiveweightGainAllStates[Season],Table_SourceData_PastureBeef_LiveweightGainAllStates[#Headers],Table_SourceData_PastureBeef_LiveweightGainAllStates[],Table_AustralianStates[Common Name],Table_AustralianStates[Abbreviation]) -> 0.99 | F86: =InputFunctions_PastureBeef.LookupLiveweightFromSeason($E$7,$E$8,$D86,F$82,Table_SourceData_PastureBeef_LiveweightGainAllStates[State],Table_SourceData_PastureBeef_LiveweightGainAllStates[Region],Table_SourceData_PastureBeef_LiveweightGainAllStates[Season],Table_SourceData_PastureBeef_LiveweightGainAllStates[#Headers],Table_SourceData_PastureBeef_LiveweightGainAllStates[],Table_AustralianStates[Common Name],Table_AustralianStates[Abbreviation]) -> 0.22 | G86: =InputFunctions_PastureBeef.LookupLiveweightFromSeason($E$7,$E$8,$D86,G$82,Table_SourceData_PastureBeef_LiveweightGainAllStates[State],Table_SourceData_PastureBeef_LiveweightGainAllStates[Region],Table_SourceData_PastureBeef_LiveweightGainAllStates[Season],Table_SourceData_PastureBeef_LiveweightGainAllStates[#Headers],Table_SourceData_PastureBeef_LiveweightGainAllStates[],Table_AustralianStates[Common Name],Table_AustralianStates[Abbreviation]) -> 0.77 | H86: =InputFunctions_PastureBeef.LookupLiveweightFromSeason($E$7,$E$8,$D86,H$82,Table_SourceData_PastureBeef_LiveweightGainAllStates[State],Table_SourceData_PastureBeef_LiveweightGainAllStates[Region],Table_SourceData_PastureBeef_LiveweightGainAllStates[Season],Table_SourceData_PastureBeef_LiveweightGainAllStates[#Headers],Table_SourceData_PastureBeef_LiveweightGainAllStates[],Table_AustralianStates[Common Name],Table_AustralianStates[Abbreviation]) -> 0.11 | I86: =InputFunctions_PastureBeef.LookupLiveweightFromSeason($E$7,$E$8,$D86,I$82,Table_SourceData_PastureBeef_LiveweightGainAllStates[State],Table_SourceData_PastureBeef_LiveweightGainAllStates[Region],Table_SourceData_PastureBeef_LiveweightGainAllStates[Season],Table_SourceData_PastureBeef_LiveweightGainAllStates[#Headers],Table_SourceData_PastureBeef_LiveweightGainAllStates[],Table_AustralianStates[Common Name],Table_AustralianStates[Abbreviation]) -> 0.11 | J86: =InputFunctions_PastureBeef.LookupLiveweightFromSeason($E$7,$E$8,$D86,J$82,Table_SourceData_PastureBeef_LiveweightGainAllStates[State],Table_SourceData_PastureBeef_LiveweightGainAllStates[Region],Table_SourceData_PastureBeef_LiveweightGainAllStates[Season],Table_SourceData_PastureBeef_LiveweightGainAllStates[#Headers],Table_SourceData_PastureBeef_LiveweightGainAllStates[],Table_AustralianStates[Common Name],Table_AustralianStates[Abbreviation]) -> 0.11 | K86: =InputFunctions_PastureBeef.LookupLiveweightFromSeason($E$7,$E$8,$D86,K$82,Table_SourceData_PastureBeef_LiveweightGainAllStates[State],Table_SourceData_PastureBeef_LiveweightGainAllStates[Region],Table_SourceData_PastureBeef_LiveweightGainAllStates[Season],Table_SourceData_PastureBeef_LiveweightGainAllStates[#Headers],Table_SourceData_PastureBeef_LiveweightGainAllStates[],Table_AustralianStates[Common Name],Table_AustralianStates[Abbreviation]) -> 0.77 | L86: =InputFunctions_PastureBeef.LookupLiveweightFromSeason($E$7,$E$8,$D86,L$82,Table_SourceData_PastureBeef_LiveweightGainAllStates[State],Table_SourceData_PastureBeef_LiveweightGainAllStates[Region],Table_SourceData_PastureBeef_LiveweightGainAllStates[Season],Table_SourceData_PastureBeef_LiveweightGainAllStates[#Headers],Table_SourceData_PastureBeef_LiveweightGainAllStates[],Table_AustralianStates[Common Name],Table_AustralianStates[Abbreviation]) -> 0.44 | ... N86: =InputFunctions_PastureBeef.LookupLiveweightFromSeason($E$7,$E$8,$D86,N$82,Table_SourceData_PastureBeef_LiveweightGainAllStates[State],Table_SourceData_PastureBeef_LiveweightGainAllStates[Region],Table_SourceData_PastureBeef_LiveweightGainAllStates[Season],Table_SourceData_PastureBeef_LiveweightGainAllStates[#Headers],Table_SourceData_PastureBeef_LiveweightGainAllStates[],Table_AustralianStates[Common Name],Table_AustralianStates[Abbreviation]) -> 0.44 | O86: kg/head/day
D88: Method 2 custom values (edit if known) | E88: Bulls < 1 year | F88: Bulls > 1 year | G88: Cows < 1 year | H88: Cows 1-2 years | I88: Cows 2-3 years | J88: Cows > 3 years | K88: Steers < 1 year | L88: Steers 1-2 years | M88: Steers 2-3 years | N88: Steers >3 years
D89: =TEXT(X_Cell_Site_StartDate, "mmmm yyyy") -> January 2024 | E89: =InputFunctions_PastureBeef.LookupLiveweightFromMonth($E$7,$E$8,$D89,E$88,Table_SourceData_PastureBeef_LiveweightGainAllStates[State],Table_SourceData_PastureBeef_LiveweightGainAllStates[Region],Table_SourceData_PastureBeef_LiveweightGainAllStates[Season],Table_SourceData_PastureBeef_LiveweightGainAllStates[#Headers],Table_SourceData_PastureBeef_LiveweightGainAllStates[],Table_AustralianStates[Common Name],Table_AustralianStates[Abbreviation],Table_SourceData_Common_MonthToSeason[Month],Table_SourceData_Common_MonthToSeason[Season]) -> 0.44 | F89: =InputFunctions_PastureBeef.LookupLiveweightFromMonth($E$7,$E$8,$D89,F$88,Table_SourceData_PastureBeef_LiveweightGainAllStates[State],Table_SourceData_PastureBeef_LiveweightGainAllStates[Region],Table_SourceData_PastureBeef_LiveweightGainAllStates[Season],Table_SourceData_PastureBeef_LiveweightGainAllStates[#Headers],Table_SourceData_PastureBeef_LiveweightGainAllStates[],Table_AustralianStates[Common Name],Table_AustralianStates[Abbreviation],Table_SourceData_Common_MonthToSeason[Month],Table_SourceData_Common_MonthToSeason[Season]) -> -0.22 | G89: =InputFunctions_PastureBeef.LookupLiveweightFromMonth($E$7,$E$8,$D89,G$88,Table_SourceData_PastureBeef_LiveweightGainAllStates[State],Table_SourceData_PastureBeef_LiveweightGainAllStates[Region],Table_SourceData_PastureBeef_LiveweightGainAllStates[Season],Table_SourceData_PastureBeef_LiveweightGainAllStates[#Headers],Table_SourceData_PastureBeef_LiveweightGainAllStates[],Table_AustralianStates[Common Name],Table_AustralianStates[Abbreviation],Table_SourceData_Common_MonthToSeason[Month],Table_SourceData_Common_MonthToSeason[Season]) -> 0.44 | H89: =InputFunctions_PastureBeef.LookupLiveweightFromMonth($E$7,$E$8,$D89,H$88,Table_SourceData_PastureBeef_LiveweightGainAllStates[State],Table_SourceData_PastureBeef_LiveweightGainAllStates[Region],Table_SourceData_PastureBeef_LiveweightGainAllStates[Season],Table_SourceData_PastureBeef_LiveweightGainAllStates[#Headers],Table_SourceData_PastureBeef_LiveweightGainAllStates[],Table_AustralianStates[Common Name],Table_AustralianStates[Abbreviation],Table_SourceData_Common_MonthToSeason[Month],Table_SourceData_Common_MonthToSeason[Season]) -> 0.33 | I89: =InputFunctions_PastureBeef.LookupLiveweightFromMonth($E$7,$E$8,$D89,I$88,Table_SourceData_PastureBeef_LiveweightGainAllStates[State],Table_SourceData_PastureBeef_LiveweightGainAllStates[Region],Table_SourceData_PastureBeef_LiveweightGainAllStates[Season],Table_SourceData_PastureBeef_LiveweightGainAllStates[#Headers],Table_SourceData_PastureBeef_LiveweightGainAllStates[],Table_AustralianStates[Common Name],Table_AustralianStates[Abbreviation],Table_SourceData_Common_MonthToSeason[Month],Table_SourceData_Common_MonthToSeason[Season]) -> -0.22 | J89: =InputFunctions_PastureBeef.LookupLiveweightFromMonth($E$7,$E$8,$D89,J$88,Table_SourceData_PastureBeef_LiveweightGainAllStates[State],Table_SourceData_PastureBeef_LiveweightGainAllStates[Region],Table_SourceData_PastureBeef_LiveweightGainAllStates[Season],Table_SourceData_PastureBeef_LiveweightGainAllStates[#Headers],Table_SourceData_PastureBeef_LiveweightGainAllStates[],Table_AustralianStates[Common Name],Table_AustralianStates[Abbreviation],Table_SourceData_Common_MonthToSeason[Month],Table_SourceData_Common_MonthToSeason[Season]) -> -0.22 | K89: =InputFunctions_PastureBeef.LookupLiveweightFromMonth($E$7,$E$8,$D89,K$88,Table_SourceData_PastureBeef_LiveweightGainAllStates[State],Table_SourceData_PastureBeef_LiveweightGainAllStates[Region],Table_SourceData_PastureBeef_LiveweightGainAllStates[Season],Table_SourceData_PastureBeef_LiveweightGainAllStates[#Headers],Table_SourceData_PastureBeef_LiveweightGainAllStates[],Table_AustralianStates[Common Name],Table_AustralianStates[Abbreviation],Table_SourceData_Common_MonthToSeason[Month],Table_SourceData_Common_MonthToSeason[Season]) -> 0.44 | L89: =InputFunctions_PastureBeef.LookupLiveweightFromMonth($E$7,$E$8,$D89,L$88,Table_SourceData_PastureBeef_LiveweightGainAllStates[State],Table_SourceData_PastureBeef_LiveweightGainAllStates[Region],Table_SourceData_PastureBeef_LiveweightGainAllStates[Season],Table_SourceData_PastureBeef_LiveweightGainAllStates[#Headers],Table_SourceData_PastureBeef_LiveweightGainAllStates[],Table_AustralianStates[Common Name],Table_AustralianStates[Abbreviation],Table_SourceData_Common_MonthToSeason[Month],Table_SourceData_Common_MonthToSeason[Season]) -> -0.11 | ... N89: =InputFunctions_PastureBeef.LookupLiveweightFromMonth($E$7,$E$8,$D89,N$88,Table_SourceData_PastureBeef_LiveweightGainAllStates[State],Table_SourceData_PastureBeef_LiveweightGainAllStates[Region],Table_SourceData_PastureBeef_LiveweightGainAllStates[Season],Table_SourceData_PastureBeef_LiveweightGainAllStates[#Headers],Table_SourceData_PastureBeef_LiveweightGainAllStates[],Table_AustralianStates[Common Name],Table_AustralianStates[Abbreviation],Table_SourceData_Common_MonthToSeason[Month],Table_SourceData_Common_MonthToSeason[Season]) -> -0.11 | O89: kg/head/day
D90: =TEXT(EDATE(X_Cell_Site_StartDate,1), "mmmm yyyy") -> February 2024 | E90: =InputFunctions_PastureBeef.LookupLiveweightFromMonth($E$7,$E$8,$D90,E$88,Table_SourceData_PastureBeef_LiveweightGainAllStates[State],Table_SourceData_PastureBeef_LiveweightGainAllStates[Region],Table_SourceData_PastureBeef_LiveweightGainAllStates[Season],Table_SourceData_PastureBeef_LiveweightGainAllStates[#Headers],Table_SourceData_PastureBeef_LiveweightGainAllStates[],Table_AustralianStates[Common Name],Table_AustralianStates[Abbreviation],Table_SourceData_Common_MonthToSeason[Month],Table_SourceData_Common_MonthToSeason[Season]) -> 0.44 | F90: =InputFunctions_PastureBeef.LookupLiveweightFromMonth($E$7,$E$8,$D90,F$88,Table_SourceData_PastureBeef_LiveweightGainAllStates[State],Table_SourceData_PastureBeef_LiveweightGainAllStates[Region],Table_SourceData_PastureBeef_LiveweightGainAllStates[Season],Table_SourceData_PastureBeef_LiveweightGainAllStates[#Headers],Table_SourceData_PastureBeef_LiveweightGainAllStates[],Table_AustralianStates[Common Name],Table_AustralianStates[Abbreviation],Table_SourceData_Common_MonthToSeason[Month],Table_SourceData_Common_MonthToSeason[Season]) -> -0.22 | G90: =InputFunctions_PastureBeef.LookupLiveweightFromMonth($E$7,$E$8,$D90,G$88,Table_SourceData_PastureBeef_LiveweightGainAllStates[State],Table_SourceData_PastureBeef_LiveweightGainAllStates[Region],Table_SourceData_PastureBeef_LiveweightGainAllStates[Season],Table_SourceData_PastureBeef_LiveweightGainAllStates[#Headers],Table_SourceData_PastureBeef_LiveweightGainAllStates[],Table_AustralianStates[Common Name],Table_AustralianStates[Abbreviation],Table_SourceData_Common_MonthToSeason[Month],Table_SourceData_Common_MonthToSeason[Season]) -> 0.44 | H90: =InputFunctions_PastureBeef.LookupLiveweightFromMonth($E$7,$E$8,$D90,H$88,Table_SourceData_PastureBeef_LiveweightGainAllStates[State],Table_SourceData_PastureBeef_LiveweightGainAllStates[Region],Table_SourceData_PastureBeef_LiveweightGainAllStates[Season],Table_SourceData_PastureBeef_LiveweightGainAllStates[#Headers],Table_SourceData_PastureBeef_LiveweightGainAllStates[],Table_AustralianStates[Common Name],Table_AustralianStates[Abbreviation],Table_SourceData_Common_MonthToSeason[Month],Table_SourceData_Common_MonthToSeason[Season]) -> 0.33 | I90: =InputFunctions_PastureBeef.LookupLiveweightFromMonth($E$7,$E$8,$D90,I$88,Table_SourceData_PastureBeef_LiveweightGainAllStates[State],Table_SourceData_PastureBeef_LiveweightGainAllStates[Region],Table_SourceData_PastureBeef_LiveweightGainAllStates[Season],Table_SourceData_PastureBeef_LiveweightGainAllStates[#Headers],Table_SourceData_PastureBeef_LiveweightGainAllStates[],Table_AustralianStates[Common Name],Table_AustralianStates[Abbreviation],Table_SourceData_Common_MonthToSeason[Month],Table_SourceData_Common_MonthToSeason[Season]) -> -0.22 | J90: =InputFunctions_PastureBeef.LookupLiveweightFromMonth($E$7,$E$8,$D90,J$88,Table_SourceData_PastureBeef_LiveweightGainAllStates[State],Table_SourceData_PastureBeef_LiveweightGainAllStates[Region],Table_SourceData_PastureBeef_LiveweightGainAllStates[Season],Table_SourceData_PastureBeef_LiveweightGainAllStates[#Headers],Table_SourceData_PastureBeef_LiveweightGainAllStates[],Table_AustralianStates[Common Name],Table_AustralianStates[Abbreviation],Table_SourceData_Common_MonthToSeason[Month],Table_SourceData_Common_MonthToSeason[Season]) -> -0.22 | K90: =InputFunctions_PastureBeef.LookupLiveweightFromMonth($E$7,$E$8,$D90,K$88,Table_SourceData_PastureBeef_LiveweightGainAllStates[State],Table_SourceData_PastureBeef_LiveweightGainAllStates[Region],Table_SourceData_PastureBeef_LiveweightGainAllStates[Season],Table_SourceData_PastureBeef_LiveweightGainAllStates[#Headers],Table_SourceData_PastureBeef_LiveweightGainAllStates[],Table_AustralianStates[Common Name],Table_AustralianStates[Abbreviation],Table_SourceData_Common_MonthToSeason[Month],Table_SourceData_Common_MonthToSeason[Season]) -> 0.44 | L90: =InputFunctions_PastureBeef.LookupLiveweightFromMonth($E$7,$E$8,$D90,L$88,Table_SourceData_PastureBeef_LiveweightGainAllStates[State],Table_SourceData_PastureBeef_LiveweightGainAllStates[Region],Table_SourceData_PastureBeef_LiveweightGainAllStates[Season],Table_SourceData_PastureBeef_LiveweightGainAllStates[#Headers],Table_SourceData_PastureBeef_LiveweightGainAllStates[],Table_AustralianStates[Common Name],Table_AustralianStates[Abbreviation],Table_SourceData_Common_MonthToSeason[Month],Table_SourceData_Common_MonthToSeason[Season]) -> -0.11 | ... N90: =InputFunctions_PastureBeef.LookupLiveweightFromMonth($E$7,$E$8,$D90,N$88,Table_SourceData_PastureBeef_LiveweightGainAllStates[State],Table_SourceData_PastureBeef_LiveweightGainAllStates[Region],Table_SourceData_PastureBeef_LiveweightGainAllStates[Season],Table_SourceData_PastureBeef_LiveweightGainAllStates[#Headers],Table_SourceData_PastureBeef_LiveweightGainAllStates[],Table_AustralianStates[Common Name],Table_AustralianStates[Abbreviation],Table_SourceData_Common_MonthToSeason[Month],Table_SourceData_Common_MonthToSeason[Season]) -> -0.11 | O90: kg/head/day
D91: =TEXT(EDATE(X_Cell_Site_StartDate,2), "mmmm yyyy") -> March 2024 | E91: =InputFunctions_PastureBeef.LookupLiveweightFromMonth($E$7,$E$8,$D91,E$88,Table_SourceData_PastureBeef_LiveweightGainAllStates[State],Table_SourceData_PastureBeef_LiveweightGainAllStates[Region],Table_SourceData_PastureBeef_LiveweightGainAllStates[Season],Table_SourceData_PastureBeef_LiveweightGainAllStates[#Headers],Table_SourceData_PastureBeef_LiveweightGainAllStates[],Table_AustralianStates[Common Name],Table_AustralianStates[Abbreviation],Table_SourceData_Common_MonthToSeason[Month],Table_SourceData_Common_MonthToSeason[Season]) -> 0.6 | F91: =InputFunctions_PastureBeef.LookupLiveweightFromMonth($E$7,$E$8,$D91,F$88,Table_SourceData_PastureBeef_LiveweightGainAllStates[State],Table_SourceData_PastureBeef_LiveweightGainAllStates[Region],Table_SourceData_PastureBeef_LiveweightGainAllStates[Season],Table_SourceData_PastureBeef_LiveweightGainAllStates[#Headers],Table_SourceData_PastureBeef_LiveweightGainAllStates[],Table_AustralianStates[Common Name],Table_AustralianStates[Abbreviation],Table_SourceData_Common_MonthToSeason[Month],Table_SourceData_Common_MonthToSeason[Season]) -> 0 | G91: =InputFunctions_PastureBeef.LookupLiveweightFromMonth($E$7,$E$8,$D91,G$88,Table_SourceData_PastureBeef_LiveweightGainAllStates[State],Table_SourceData_PastureBeef_LiveweightGainAllStates[Region],Table_SourceData_PastureBeef_LiveweightGainAllStates[Season],Table_SourceData_PastureBeef_LiveweightGainAllStates[#Headers],Table_SourceData_PastureBeef_LiveweightGainAllStates[],Table_AustralianStates[Common Name],Table_AustralianStates[Abbreviation],Table_SourceData_Common_MonthToSeason[Month],Table_SourceData_Common_MonthToSeason[Season]) -> 0.6 | H91: =InputFunctions_PastureBeef.LookupLiveweightFromMonth($E$7,$E$8,$D91,H$88,Table_SourceData_PastureBeef_LiveweightGainAllStates[State],Table_SourceData_PastureBeef_LiveweightGainAllStates[Region],Table_SourceData_PastureBeef_LiveweightGainAllStates[Season],Table_SourceData_PastureBeef_LiveweightGainAllStates[#Headers],Table_SourceData_PastureBeef_LiveweightGainAllStates[],Table_AustralianStates[Common Name],Table_AustralianStates[Abbreviation],Table_SourceData_Common_MonthToSeason[Month],Table_SourceData_Common_MonthToSeason[Season]) -> 0.22 | I91: =InputFunctions_PastureBeef.LookupLiveweightFromMonth($E$7,$E$8,$D91,I$88,Table_SourceData_PastureBeef_LiveweightGainAllStates[State],Table_SourceData_PastureBeef_LiveweightGainAllStates[Region],Table_SourceData_PastureBeef_LiveweightGainAllStates[Season],Table_SourceData_PastureBeef_LiveweightGainAllStates[#Headers],Table_SourceData_PastureBeef_LiveweightGainAllStates[],Table_AustralianStates[Common Name],Table_AustralianStates[Abbreviation],Table_SourceData_Common_MonthToSeason[Month],Table_SourceData_Common_MonthToSeason[Season]) -> -0.55 | J91: =InputFunctions_PastureBeef.LookupLiveweightFromMonth($E$7,$E$8,$D91,J$88,Table_SourceData_PastureBeef_LiveweightGainAllStates[State],Table_SourceData_PastureBeef_LiveweightGainAllStates[Region],Table_SourceData_PastureBeef_LiveweightGainAllStates[Season],Table_SourceData_PastureBeef_LiveweightGainAllStates[#Headers],Table_SourceData_PastureBeef_LiveweightGainAllStates[],Table_AustralianStates[Common Name],Table_AustralianStates[Abbreviation],Table_SourceData_Common_MonthToSeason[Month],Table_SourceData_Common_MonthToSeason[Season]) -> -0.55 | K91: =InputFunctions_PastureBeef.LookupLiveweightFromMonth($E$7,$E$8,$D91,K$88,Table_SourceData_PastureBeef_LiveweightGainAllStates[State],Table_SourceData_PastureBeef_LiveweightGainAllStates[Region],Table_SourceData_PastureBeef_LiveweightGainAllStates[Season],Table_SourceData_PastureBeef_LiveweightGainAllStates[#Headers],Table_SourceData_PastureBeef_LiveweightGainAllStates[],Table_AustralianStates[Common Name],Table_AustralianStates[Abbreviation],Table_SourceData_Common_MonthToSeason[Month],Table_SourceData_Common_MonthToSeason[Season]) -> 0.6 | L91: =InputFunctions_PastureBeef.LookupLiveweightFromMonth($E$7,$E$8,$D91,L$88,Table_SourceData_PastureBeef_LiveweightGainAllStates[State],Table_SourceData_PastureBeef_LiveweightGainAllStates[Region],Table_SourceData_PastureBeef_LiveweightGainAllStates[Season],Table_SourceData_PastureBeef_LiveweightGainAllStates[#Headers],Table_SourceData_PastureBeef_LiveweightGainAllStates[],Table_AustralianStates[Common Name],Table_AustralianStates[Abbreviation],Table_SourceData_Common_MonthToSeason[Month],Table_SourceData_Common_MonthToSeason[Season]) -> 0 | ... N91: =InputFunctions_PastureBeef.LookupLiveweightFromMonth($E$7,$E$8,$D91,N$88,Table_SourceData_PastureBeef_LiveweightGainAllStates[State],Table_SourceData_PastureBeef_LiveweightGainAllStates[Region],Table_SourceData_PastureBeef_LiveweightGainAllStates[Season],Table_SourceData_PastureBeef_LiveweightGainAllStates[#Headers],Table_SourceData_PastureBeef_LiveweightGainAllStates[],Table_AustralianStates[Common Name],Table_AustralianStates[Abbreviation],Table_SourceData_Common_MonthToSeason[Month],Table_SourceData_Common_MonthToSeason[Season]) -> 0 | O91: kg/head/day
D92: =TEXT(EDATE(X_Cell_Site_StartDate,3), "mmmm yyyy") -> April 2024 | E92: =InputFunctions_PastureBeef.LookupLiveweightFromMonth($E$7,$E$8,$D92,E$88,Table_SourceData_PastureBeef_LiveweightGainAllStates[State],Table_SourceData_PastureBeef_LiveweightGainAllStates[Region],Table_SourceData_PastureBeef_LiveweightGainAllStates[Season],Table_SourceData_PastureBeef_LiveweightGainAllStates[#Headers],Table_SourceData_PastureBeef_LiveweightGainAllStates[],Table_AustralianStates[Common Name],Table_AustralianStates[Abbreviation],Table_SourceData_Common_MonthToSeason[Month],Table_SourceData_Common_MonthToSeason[Season]) -> 0.6 | F92: =InputFunctions_PastureBeef.LookupLiveweightFromMonth($E$7,$E$8,$D92,F$88,Table_SourceData_PastureBeef_LiveweightGainAllStates[State],Table_SourceData_PastureBeef_LiveweightGainAllStates[Region],Table_SourceData_PastureBeef_LiveweightGainAllStates[Season],Table_SourceData_PastureBeef_LiveweightGainAllStates[#Headers],Table_SourceData_PastureBeef_LiveweightGainAllStates[],Table_AustralianStates[Common Name],Table_AustralianStates[Abbreviation],Table_SourceData_Common_MonthToSeason[Month],Table_SourceData_Common_MonthToSeason[Season]) -> 0 | G92: =InputFunctions_PastureBeef.LookupLiveweightFromMonth($E$7,$E$8,$D92,G$88,Table_SourceData_PastureBeef_LiveweightGainAllStates[State],Table_SourceData_PastureBeef_LiveweightGainAllStates[Region],Table_SourceData_PastureBeef_LiveweightGainAllStates[Season],Table_SourceData_PastureBeef_LiveweightGainAllStates[#Headers],Table_SourceData_PastureBeef_LiveweightGainAllStates[],Table_AustralianStates[Common Name],Table_AustralianStates[Abbreviation],Table_SourceData_Common_MonthToSeason[Month],Table_SourceData_Common_MonthToSeason[Season]) -> 0.6 | H92: =InputFunctions_PastureBeef.LookupLiveweightFromMonth($E$7,$E$8,$D92,H$88,Table_SourceData_PastureBeef_LiveweightGainAllStates[State],Table_SourceData_PastureBeef_LiveweightGainAllStates[Region],Table_SourceData_PastureBeef_LiveweightGainAllStates[Season],Table_SourceData_PastureBeef_LiveweightGainAllStates[#Headers],Table_SourceData_PastureBeef_LiveweightGainAllStates[],Table_AustralianStates[Common Name],Table_AustralianStates[Abbreviation],Table_SourceData_Common_MonthToSeason[Month],Table_SourceData_Common_MonthToSeason[Season]) -> 0.22 | I92: =InputFunctions_PastureBeef.LookupLiveweightFromMonth($E$7,$E$8,$D92,I$88,Table_SourceData_PastureBeef_LiveweightGainAllStates[State],Table_SourceData_PastureBeef_LiveweightGainAllStates[Region],Table_SourceData_PastureBeef_LiveweightGainAllStates[Season],Table_SourceData_PastureBeef_LiveweightGainAllStates[#Headers],Table_SourceData_PastureBeef_LiveweightGainAllStates[],Table_AustralianStates[Common Name],Table_AustralianStates[Abbreviation],Table_SourceData_Common_MonthToSeason[Month],Table_SourceData_Common_MonthToSeason[Season]) -> -0.55 | J92: =InputFunctions_PastureBeef.LookupLiveweightFromMonth($E$7,$E$8,$D92,J$88,Table_SourceData_PastureBeef_LiveweightGainAllStates[State],Table_SourceData_PastureBeef_LiveweightGainAllStates[Region],Table_SourceData_PastureBeef_LiveweightGainAllStates[Season],Table_SourceData_PastureBeef_LiveweightGainAllStates[#Headers],Table_SourceData_PastureBeef_LiveweightGainAllStates[],Table_AustralianStates[Common Name],Table_AustralianStates[Abbreviation],Table_SourceData_Common_MonthToSeason[Month],Table_SourceData_Common_MonthToSeason[Season]) -> -0.55 | K92: =InputFunctions_PastureBeef.LookupLiveweightFromMonth($E$7,$E$8,$D92,K$88,Table_SourceData_PastureBeef_LiveweightGainAllStates[State],Table_SourceData_PastureBeef_LiveweightGainAllStates[Region],Table_SourceData_PastureBeef_LiveweightGainAllStates[Season],Table_SourceData_PastureBeef_LiveweightGainAllStates[#Headers],Table_SourceData_PastureBeef_LiveweightGainAllStates[],Table_AustralianStates[Common Name],Table_AustralianStates[Abbreviation],Table_SourceData_Common_MonthToSeason[Month],Table_SourceData_Common_MonthToSeason[Season]) -> 0.6 | L92: =InputFunctions_PastureBeef.LookupLiveweightFromMonth($E$7,$E$8,$D92,L$88,Table_SourceData_PastureBeef_LiveweightGainAllStates[State],Table_SourceData_PastureBeef_LiveweightGainAllStates[Region],Table_SourceData_PastureBeef_LiveweightGainAllStates[Season],Table_SourceData_PastureBeef_LiveweightGainAllStates[#Headers],Table_SourceData_PastureBeef_LiveweightGainAllStates[],Table_AustralianStates[Common Name],Table_AustralianStates[Abbreviation],Table_SourceData_Common_MonthToSeason[Month],Table_SourceData_Common_MonthToSeason[Season]) -> 0 | ... N92: =InputFunctions_PastureBeef.LookupLiveweightFromMonth($E$7,$E$8,$D92,N$88,Table_SourceData_PastureBeef_LiveweightGainAllStates[State],Table_SourceData_PastureBeef_LiveweightGainAllStates[Region],Table_SourceData_PastureBeef_LiveweightGainAllStates[Season],Table_SourceData_PastureBeef_LiveweightGainAllStates[#Headers],Table_SourceData_PastureBeef_LiveweightGainAllStates[],Table_AustralianStates[Common Name],Table_AustralianStates[Abbreviation],Table_SourceData_Common_MonthToSeason[Month],Table_SourceData_Common_MonthToSeason[Season]) -> 0 | O92: kg/head/day
D93: =TEXT(EDATE(X_Cell_Site_StartDate,4), "mmmm yyyy") -> May 2024 | E93: =InputFunctions_PastureBeef.LookupLiveweightFromMonth($E$7,$E$8,$D93,E$88,Table_SourceData_PastureBeef_LiveweightGainAllStates[State],Table_SourceData_PastureBeef_LiveweightGainAllStates[Region],Table_SourceData_PastureBeef_LiveweightGainAllStates[Season],Table_SourceData_PastureBeef_LiveweightGainAllStates[#Headers],Table_SourceData_PastureBeef_LiveweightGainAllStates[],Table_AustralianStates[Common Name],Table_AustralianStates[Abbreviation],Table_SourceData_Common_MonthToSeason[Month],Table_SourceData_Common_MonthToSeason[Season]) -> 0.6 | F93: =InputFunctions_PastureBeef.LookupLiveweightFromMonth($E$7,$E$8,$D93,F$88,Table_SourceData_PastureBeef_LiveweightGainAllStates[State],Table_SourceData_PastureBeef_LiveweightGainAllStates[Region],Table_SourceData_PastureBeef_LiveweightGainAllStates[Season],Table_SourceData_PastureBeef_LiveweightGainAllStates[#Headers],Table_SourceData_PastureBeef_LiveweightGainAllStates[],Table_AustralianStates[Common Name],Table_AustralianStates[Abbreviation],Table_SourceData_Common_MonthToSeason[Month],Table_SourceData_Common_MonthToSeason[Season]) -> 0 | G93: =InputFunctions_PastureBeef.LookupLiveweightFromMonth($E$7,$E$8,$D93,G$88,Table_SourceData_PastureBeef_LiveweightGainAllStates[State],Table_SourceData_PastureBeef_LiveweightGainAllStates[Region],Table_SourceData_PastureBeef_LiveweightGainAllStates[Season],Table_SourceData_PastureBeef_LiveweightGainAllStates[#Headers],Table_SourceData_PastureBeef_LiveweightGainAllStates[],Table_AustralianStates[Common Name],Table_AustralianStates[Abbreviation],Table_SourceData_Common_MonthToSeason[Month],Table_SourceData_Common_MonthToSeason[Season]) -> 0.6 | H93: =InputFunctions_PastureBeef.LookupLiveweightFromMonth($E$7,$E$8,$D93,H$88,Table_SourceData_PastureBeef_LiveweightGainAllStates[State],Table_SourceData_PastureBeef_LiveweightGainAllStates[Region],Table_SourceData_PastureBeef_LiveweightGainAllStates[Season],Table_SourceData_PastureBeef_LiveweightGainAllStates[#Headers],Table_SourceData_PastureBeef_LiveweightGainAllStates[],Table_AustralianStates[Common Name],Table_AustralianStates[Abbreviation],Table_SourceData_Common_MonthToSeason[Month],Table_SourceData_Common_MonthToSeason[Season]) -> 0.22 | I93: =InputFunctions_PastureBeef.LookupLiveweightFromMonth($E$7,$E$8,$D93,I$88,Table_SourceData_PastureBeef_LiveweightGainAllStates[State],Table_SourceData_PastureBeef_LiveweightGainAllStates[Region],Table_SourceData_PastureBeef_LiveweightGainAllStates[Season],Table_SourceData_PastureBeef_LiveweightGainAllStates[#Headers],Table_SourceData_PastureBeef_LiveweightGainAllStates[],Table_AustralianStates[Common Name],Table_AustralianStates[Abbreviation],Table_SourceData_Common_MonthToSeason[Month],Table_SourceData_Common_MonthToSeason[Season]) -> -0.55 | J93: =InputFunctions_PastureBeef.LookupLiveweightFromMonth($E$7,$E$8,$D93,J$88,Table_SourceData_PastureBeef_LiveweightGainAllStates[State],Table_SourceData_PastureBeef_LiveweightGainAllStates[Region],Table_SourceData_PastureBeef_LiveweightGainAllStates[Season],Table_SourceData_PastureBeef_LiveweightGainAllStates[#Headers],Table_SourceData_PastureBeef_LiveweightGainAllStates[],Table_AustralianStates[Common Name],Table_AustralianStates[Abbreviation],Table_SourceData_Common_MonthToSeason[Month],Table_SourceData_Common_MonthToSeason[Season]) -> -0.55 | K93: =InputFunctions_PastureBeef.LookupLiveweightFromMonth($E$7,$E$8,$D93,K$88,Table_SourceData_PastureBeef_LiveweightGainAllStates[State],Table_SourceData_PastureBeef_LiveweightGainAllStates[Region],Table_SourceData_PastureBeef_LiveweightGainAllStates[Season],Table_SourceData_PastureBeef_LiveweightGainAllStates[#Headers],Table_SourceData_PastureBeef_LiveweightGainAllStates[],Table_AustralianStates[Common Name],Table_AustralianStates[Abbreviation],Table_SourceData_Common_MonthToSeason[Month],Table_SourceData_Common_MonthToSeason[Season]) -> 0.6 | L93: =InputFunctions_PastureBeef.LookupLiveweightFromMonth($E$7,$E$8,$D93,L$88,Table_SourceData_PastureBeef_LiveweightGainAllStates[State],Table_SourceData_PastureBeef_LiveweightGainAllStates[Region],Table_SourceData_PastureBeef_LiveweightGainAllStates[Season],Table_SourceData_PastureBeef_LiveweightGainAllStates[#Headers],Table_SourceData_PastureBeef_LiveweightGainAllStates[],Table_AustralianStates[Common Name],Table_AustralianStates[Abbreviation],Table_SourceData_Common_MonthToSeason[Month],Table_SourceData_Common_MonthToSeason[Season]) -> 0 | ... N93: =InputFunctions_PastureBeef.LookupLiveweightFromMonth($E$7,$E$8,$D93,N$88,Table_SourceData_PastureBeef_LiveweightGainAllStates[State],Table_SourceData_PastureBeef_LiveweightGainAllStates[Region],Table_SourceData_PastureBeef_LiveweightGainAllStates[Season],Table_SourceData_PastureBeef_LiveweightGainAllStates[#Headers],Table_SourceData_PastureBeef_LiveweightGainAllStates[],Table_AustralianStates[Common Name],Table_AustralianStates[Abbreviation],Table_SourceData_Common_MonthToSeason[Month],Table_SourceData_Common_MonthToSeason[Season]) -> 0 | O93: kg/head/day
D94: =TEXT(EDATE(X_Cell_Site_StartDate,5), "mmmm yyyy") -> June 2024 | E94: =InputFunctions_PastureBeef.LookupLiveweightFromMonth($E$7,$E$8,$D94,E$88,Table_SourceData_PastureBeef_LiveweightGainAllStates[State],Table_SourceData_PastureBeef_LiveweightGainAllStates[Region],Table_SourceData_PastureBeef_LiveweightGainAllStates[Season],Table_SourceData_PastureBeef_LiveweightGainAllStates[#Headers],Table_SourceData_PastureBeef_LiveweightGainAllStates[],Table_AustralianStates[Common Name],Table_AustralianStates[Abbreviation],Table_SourceData_Common_MonthToSeason[Month],Table_SourceData_Common_MonthToSeason[Season]) -> 0.99 | F94: =InputFunctions_PastureBeef.LookupLiveweightFromMonth($E$7,$E$8,$D94,F$88,Table_SourceData_PastureBeef_LiveweightGainAllStates[State],Table_SourceData_PastureBeef_LiveweightGainAllStates[Region],Table_SourceData_PastureBeef_LiveweightGainAllStates[Season],Table_SourceData_PastureBeef_LiveweightGainAllStates[#Headers],Table_SourceData_PastureBeef_LiveweightGainAllStates[],Table_AustralianStates[Common Name],Table_AustralianStates[Abbreviation],Table_SourceData_Common_MonthToSeason[Month],Table_SourceData_Common_MonthToSeason[Season]) -> 0.22 | G94: =InputFunctions_PastureBeef.LookupLiveweightFromMonth($E$7,$E$8,$D94,G$88,Table_SourceData_PastureBeef_LiveweightGainAllStates[State],Table_SourceData_PastureBeef_LiveweightGainAllStates[Region],Table_SourceData_PastureBeef_LiveweightGainAllStates[Season],Table_SourceData_PastureBeef_LiveweightGainAllStates[#Headers],Table_SourceData_PastureBeef_LiveweightGainAllStates[],Table_AustralianStates[Common Name],Table_AustralianStates[Abbreviation],Table_SourceData_Common_MonthToSeason[Month],Table_SourceData_Common_MonthToSeason[Season]) -> 0.77 | H94: =InputFunctions_PastureBeef.LookupLiveweightFromMonth($E$7,$E$8,$D94,H$88,Table_SourceData_PastureBeef_LiveweightGainAllStates[State],Table_SourceData_PastureBeef_LiveweightGainAllStates[Region],Table_SourceData_PastureBeef_LiveweightGainAllStates[Season],Table_SourceData_PastureBeef_LiveweightGainAllStates[#Headers],Table_SourceData_PastureBeef_LiveweightGainAllStates[],Table_AustralianStates[Common Name],Table_AustralianStates[Abbreviation],Table_SourceData_Common_MonthToSeason[Month],Table_SourceData_Common_MonthToSeason[Season]) -> 0.11 | I94: =InputFunctions_PastureBeef.LookupLiveweightFromMonth($E$7,$E$8,$D94,I$88,Table_SourceData_PastureBeef_LiveweightGainAllStates[State],Table_SourceData_PastureBeef_LiveweightGainAllStates[Region],Table_SourceData_PastureBeef_LiveweightGainAllStates[Season],Table_SourceData_PastureBeef_LiveweightGainAllStates[#Headers],Table_SourceData_PastureBeef_LiveweightGainAllStates[],Table_AustralianStates[Common Name],Table_AustralianStates[Abbreviation],Table_SourceData_Common_MonthToSeason[Month],Table_SourceData_Common_MonthToSeason[Season]) -> 0.11 | J94: =InputFunctions_PastureBeef.LookupLiveweightFromMonth($E$7,$E$8,$D94,J$88,Table_SourceData_PastureBeef_LiveweightGainAllStates[State],Table_SourceData_PastureBeef_LiveweightGainAllStates[Region],Table_SourceData_PastureBeef_LiveweightGainAllStates[Season],Table_SourceData_PastureBeef_LiveweightGainAllStates[#Headers],Table_SourceData_PastureBeef_LiveweightGainAllStates[],Table_AustralianStates[Common Name],Table_AustralianStates[Abbreviation],Table_SourceData_Common_MonthToSeason[Month],Table_SourceData_Common_MonthToSeason[Season]) -> 0.11 | K94: =InputFunctions_PastureBeef.LookupLiveweightFromMonth($E$7,$E$8,$D94,K$88,Table_SourceData_PastureBeef_LiveweightGainAllStates[State],Table_SourceData_PastureBeef_LiveweightGainAllStates[Region],Table_SourceData_PastureBeef_LiveweightGainAllStates[Season],Table_SourceData_PastureBeef_LiveweightGainAllStates[#Headers],Table_SourceData_PastureBeef_LiveweightGainAllStates[],Table_AustralianStates[Common Name],Table_AustralianStates[Abbreviation],Table_SourceData_Common_MonthToSeason[Month],Table_SourceData_Common_MonthToSeason[Season]) -> 0.77 | L94: =InputFunctions_PastureBeef.LookupLiveweightFromMonth($E$7,$E$8,$D94,L$88,Table_SourceData_PastureBeef_LiveweightGainAllStates[State],Table_SourceData_PastureBeef_LiveweightGainAllStates[Region],Table_SourceData_PastureBeef_LiveweightGainAllStates[Season],Table_SourceData_PastureBeef_LiveweightGainAllStates[#Headers],Table_SourceData_PastureBeef_LiveweightGainAllStates[],Table_AustralianStates[Common Name],Table_AustralianStates[Abbreviation],Table_SourceData_Common_MonthToSeason[Month],Table_SourceData_Common_MonthToSeason[Season]) -> 0.44 | ... N94: =InputFunctions_PastureBeef.LookupLiveweightFromMonth($E$7,$E$8,$D94,N$88,Table_SourceData_PastureBeef_LiveweightGainAllStates[State],Table_SourceData_PastureBeef_LiveweightGainAllStates[Region],Table_SourceData_PastureBeef_LiveweightGainAllStates[Season],Table_SourceData_PastureBeef_LiveweightGainAllStates[#Headers],Table_SourceData_PastureBeef_LiveweightGainAllStates[],Table_AustralianStates[Common Name],Table_AustralianStates[Abbreviation],Table_SourceData_Common_MonthToSeason[Month],Table_SourceData_Common_MonthToSeason[Season]) -> 0.44 | O94: kg/head/day
D95: =TEXT(EDATE(X_Cell_Site_StartDate,6), "mmmm yyyy") -> July 2024 | E95: =InputFunctions_PastureBeef.LookupLiveweightFromMonth($E$7,$E$8,$D95,E$88,Table_SourceData_PastureBeef_LiveweightGainAllStates[State],Table_SourceData_PastureBeef_LiveweightGainAllStates[Region],Table_SourceData_PastureBeef_LiveweightGainAllStates[Season],Table_SourceData_PastureBeef_LiveweightGainAllStates[#Headers],Table_SourceData_PastureBeef_LiveweightGainAllStates[],Table_AustralianStates[Common Name],Table_AustralianStates[Abbreviation],Table_SourceData_Common_MonthToSeason[Month],Table_SourceData_Common_MonthToSeason[Season]) -> 0.99 | F95: =InputFunctions_PastureBeef.LookupLiveweightFromMonth($E$7,$E$8,$D95,F$88,Table_SourceData_PastureBeef_LiveweightGainAllStates[State],Table_SourceData_PastureBeef_LiveweightGainAllStates[Region],Table_SourceData_PastureBeef_LiveweightGainAllStates[Season],Table_SourceData_PastureBeef_LiveweightGainAllStates[#Headers],Table_SourceData_PastureBeef_LiveweightGainAllStates[],Table_AustralianStates[Common Name],Table_AustralianStates[Abbreviation],Table_SourceData_Common_MonthToSeason[Month],Table_SourceData_Common_MonthToSeason[Season]) -> 0.22 | G95: =InputFunctions_PastureBeef.LookupLiveweightFromMonth($E$7,$E$8,$D95,G$88,Table_SourceData_PastureBeef_LiveweightGainAllStates[State],Table_SourceData_PastureBeef_LiveweightGainAllStates[Region],Table_SourceData_PastureBeef_LiveweightGainAllStates[Season],Table_SourceData_PastureBeef_LiveweightGainAllStates[#Headers],Table_SourceData_PastureBeef_LiveweightGainAllStates[],Table_AustralianStates[Common Name],Table_AustralianStates[Abbreviation],Table_SourceData_Common_MonthToSeason[Month],Table_SourceData_Common_MonthToSeason[Season]) -> 0.77 | H95: =InputFunctions_PastureBeef.LookupLiveweightFromMonth($E$7,$E$8,$D95,H$88,Table_SourceData_PastureBeef_LiveweightGainAllStates[State],Table_SourceData_PastureBeef_LiveweightGainAllStates[Region],Table_SourceData_PastureBeef_LiveweightGainAllStates[Season],Table_SourceData_PastureBeef_LiveweightGainAllStates[#Headers],Table_SourceData_PastureBeef_LiveweightGainAllStates[],Table_AustralianStates[Common Name],Table_AustralianStates[Abbreviation],Table_SourceData_Common_MonthToSeason[Month],Table_SourceData_Common_MonthToSeason[Season]) -> 0.11 | I95: =InputFunctions_PastureBeef.LookupLiveweightFromMonth($E$7,$E$8,$D95,I$88,Table_SourceData_PastureBeef_LiveweightGainAllStates[State],Table_SourceData_PastureBeef_LiveweightGainAllStates[Region],Table_SourceData_PastureBeef_LiveweightGainAllStates[Season],Table_SourceData_PastureBeef_LiveweightGainAllStates[#Headers],Table_SourceData_PastureBeef_LiveweightGainAllStates[],Table_AustralianStates[Common Name],Table_AustralianStates[Abbreviation],Table_SourceData_Common_MonthToSeason[Month],Table_SourceData_Common_MonthToSeason[Season]) -> 0.11 | J95: =InputFunctions_PastureBeef.LookupLiveweightFromMonth($E$7,$E$8,$D95,J$88,Table_SourceData_PastureBeef_LiveweightGainAllStates[State],Table_SourceData_PastureBeef_LiveweightGainAllStates[Region],Table_SourceData_PastureBeef_LiveweightGainAllStates[Season],Table_SourceData_PastureBeef_LiveweightGainAllStates[#Headers],Table_SourceData_PastureBeef_LiveweightGainAllStates[],Table_AustralianStates[Common Name],Table_AustralianStates[Abbreviation],Table_SourceData_Common_MonthToSeason[Month],Table_SourceData_Common_MonthToSeason[Season]) -> 0.11 | K95: =InputFunctions_PastureBeef.LookupLiveweightFromMonth($E$7,$E$8,$D95,K$88,Table_SourceData_PastureBeef_LiveweightGainAllStates[State],Table_SourceData_PastureBeef_LiveweightGainAllStates[Region],Table_SourceData_PastureBeef_LiveweightGainAllStates[Season],Table_SourceData_PastureBeef_LiveweightGainAllStates[#Headers],Table_SourceData_PastureBeef_LiveweightGainAllStates[],Table_AustralianStates[Common Name],Table_AustralianStates[Abbreviation],Table_SourceData_Common_MonthToSeason[Month],Table_SourceData_Common_MonthToSeason[Season]) -> 0.77 | L95: =InputFunctions_PastureBeef.LookupLiveweightFromMonth($E$7,$E$8,$D95,L$88,Table_SourceData_PastureBeef_LiveweightGainAllStates[State],Table_SourceData_PastureBeef_LiveweightGainAllStates[Region],Table_SourceData_PastureBeef_LiveweightGainAllStates[Season],Table_SourceData_PastureBeef_LiveweightGainAllStates[#Headers],Table_SourceData_PastureBeef_LiveweightGainAllStates[],Table_AustralianStates[Common Name],Table_AustralianStates[Abbreviation],Table_SourceData_Common_MonthToSeason[Month],Table_SourceData_Common_MonthToSeason[Season]) -> 0.44 | ... N95: =InputFunctions_PastureBeef.LookupLiveweightFromMonth($E$7,$E$8,$D95,N$88,Table_SourceData_PastureBeef_LiveweightGainAllStates[State],Table_SourceData_PastureBeef_LiveweightGainAllStates[Region],Table_SourceData_PastureBeef_LiveweightGainAllStates[Season],Table_SourceData_PastureBeef_LiveweightGainAllStates[#Headers],Table_SourceData_PastureBeef_LiveweightGainAllStates[],Table_AustralianStates[Common Name],Table_AustralianStates[Abbreviation],Table_SourceData_Common_MonthToSeason[Month],Table_SourceData_Common_MonthToSeason[Season]) -> 0.44 | O95: kg/head/day
D96: =TEXT(EDATE(X_Cell_Site_StartDate,7), "mmmm yyyy") -> August 2024 | E96: =InputFunctions_PastureBeef.LookupLiveweightFromMonth($E$7,$E$8,$D96,E$88,Table_SourceData_PastureBeef_LiveweightGainAllStates[State],Table_SourceData_PastureBeef_LiveweightGainAllStates[Region],Table_SourceData_PastureBeef_LiveweightGainAllStates[Season],Table_SourceData_PastureBeef_LiveweightGainAllStates[#Headers],Table_SourceData_PastureBeef_LiveweightGainAllStates[],Table_AustralianStates[Common Name],Table_AustralianStates[Abbreviation],Table_SourceData_Common_MonthToSeason[Month],Table_SourceData_Common_MonthToSeason[Season]) -> 0.99 | F96: =InputFunctions_PastureBeef.LookupLiveweightFromMonth($E$7,$E$8,$D96,F$88,Table_SourceData_PastureBeef_LiveweightGainAllStates[State],Table_SourceData_PastureBeef_LiveweightGainAllStates[Region],Table_SourceData_PastureBeef_LiveweightGainAllStates[Season],Table_SourceData_PastureBeef_LiveweightGainAllStates[#Headers],Table_SourceData_PastureBeef_LiveweightGainAllStates[],Table_AustralianStates[Common Name],Table_AustralianStates[Abbreviation],Table_SourceData_Common_MonthToSeason[Month],Table_SourceData_Common_MonthToSeason[Season]) -> 0.22 | G96: =InputFunctions_PastureBeef.LookupLiveweightFromMonth($E$7,$E$8,$D96,G$88,Table_SourceData_PastureBeef_LiveweightGainAllStates[State],Table_SourceData_PastureBeef_LiveweightGainAllStates[Region],Table_SourceData_PastureBeef_LiveweightGainAllStates[Season],Table_SourceData_PastureBeef_LiveweightGainAllStates[#Headers],Table_SourceData_PastureBeef_LiveweightGainAllStates[],Table_AustralianStates[Common Name],Table_AustralianStates[Abbreviation],Table_SourceData_Common_MonthToSeason[Month],Table_SourceData_Common_MonthToSeason[Season]) -> 0.77 | H96: =InputFunctions_PastureBeef.LookupLiveweightFromMonth($E$7,$E$8,$D96,H$88,Table_SourceData_PastureBeef_LiveweightGainAllStates[State],Table_SourceData_PastureBeef_LiveweightGainAllStates[Region],Table_SourceData_PastureBeef_LiveweightGainAllStates[Season],Table_SourceData_PastureBeef_LiveweightGainAllStates[#Headers],Table_SourceData_PastureBeef_LiveweightGainAllStates[],Table_AustralianStates[Common Name],Table_AustralianStates[Abbreviation],Table_SourceData_Common_MonthToSeason[Month],Table_SourceData_Common_MonthToSeason[Season]) -> 0.11 | I96: =InputFunctions_PastureBeef.LookupLiveweightFromMonth($E$7,$E$8,$D96,I$88,Table_SourceData_PastureBeef_LiveweightGainAllStates[State],Table_SourceData_PastureBeef_LiveweightGainAllStates[Region],Table_SourceData_PastureBeef_LiveweightGainAllStates[Season],Table_SourceData_PastureBeef_LiveweightGainAllStates[#Headers],Table_SourceData_PastureBeef_LiveweightGainAllStates[],Table_AustralianStates[Common Name],Table_AustralianStates[Abbreviation],Table_SourceData_Common_MonthToSeason[Month],Table_SourceData_Common_MonthToSeason[Season]) -> 0.11 | J96: =InputFunctions_PastureBeef.LookupLiveweightFromMonth($E$7,$E$8,$D96,J$88,Table_SourceData_PastureBeef_LiveweightGainAllStates[State],Table_SourceData_PastureBeef_LiveweightGainAllStates[Region],Table_SourceData_PastureBeef_LiveweightGainAllStates[Season],Table_SourceData_PastureBeef_LiveweightGainAllStates[#Headers],Table_SourceData_PastureBeef_LiveweightGainAllStates[],Table_AustralianStates[Common Name],Table_AustralianStates[Abbreviation],Table_SourceData_Common_MonthToSeason[Month],Table_SourceData_Common_MonthToSeason[Season]) -> 0.11 | K96: =InputFunctions_PastureBeef.LookupLiveweightFromMonth($E$7,$E$8,$D96,K$88,Table_SourceData_PastureBeef_LiveweightGainAllStates[State],Table_SourceData_PastureBeef_LiveweightGainAllStates[Region],Table_SourceData_PastureBeef_LiveweightGainAllStates[Season],Table_SourceData_PastureBeef_LiveweightGainAllStates[#Headers],Table_SourceData_PastureBeef_LiveweightGainAllStates[],Table_AustralianStates[Common Name],Table_AustralianStates[Abbreviation],Table_SourceData_Common_MonthToSeason[Month],Table_SourceData_Common_MonthToSeason[Season]) -> 0.77 | L96: =InputFunctions_PastureBeef.LookupLiveweightFromMonth($E$7,$E$8,$D96,L$88,Table_SourceData_PastureBeef_LiveweightGainAllStates[State],Table_SourceData_PastureBeef_LiveweightGainAllStates[Region],Table_SourceData_PastureBeef_LiveweightGainAllStates[Season],Table_SourceData_PastureBeef_LiveweightGainAllStates[#Headers],Table_SourceData_PastureBeef_LiveweightGainAllStates[],Table_AustralianStates[Common Name],Table_AustralianStates[Abbreviation],Table_SourceData_Common_MonthToSeason[Month],Table_SourceData_Common_MonthToSeason[Season]) -> 0.44 | ... N96: =InputFunctions_PastureBeef.LookupLiveweightFromMonth($E$7,$E$8,$D96,N$88,Table_SourceData_PastureBeef_LiveweightGainAllStates[State],Table_SourceData_PastureBeef_LiveweightGainAllStates[Region],Table_SourceData_PastureBeef_LiveweightGainAllStates[Season],Table_SourceData_PastureBeef_LiveweightGainAllStates[#Headers],Table_SourceData_PastureBeef_LiveweightGainAllStates[],Table_AustralianStates[Common Name],Table_AustralianStates[Abbreviation],Table_SourceData_Common_MonthToSeason[Month],Table_SourceData_Common_MonthToSeason[Season]) -> 0.44 | O96: kg/head/day
D97: =TEXT(EDATE(X_Cell_Site_StartDate,8), "mmmm yyyy") -> September 2024 | E97: =InputFunctions_PastureBeef.LookupLiveweightFromMonth($E$7,$E$8,$D97,E$88,Table_SourceData_PastureBeef_LiveweightGainAllStates[State],Table_SourceData_PastureBeef_LiveweightGainAllStates[Region],Table_SourceData_PastureBeef_LiveweightGainAllStates[Season],Table_SourceData_PastureBeef_LiveweightGainAllStates[#Headers],Table_SourceData_PastureBeef_LiveweightGainAllStates[],Table_AustralianStates[Common Name],Table_AustralianStates[Abbreviation],Table_SourceData_Common_MonthToSeason[Month],Table_SourceData_Common_MonthToSeason[Season]) -> 1.64 | F97: =InputFunctions_PastureBeef.LookupLiveweightFromMonth($E$7,$E$8,$D97,F$88,Table_SourceData_PastureBeef_LiveweightGainAllStates[State],Table_SourceData_PastureBeef_LiveweightGainAllStates[Region],Table_SourceData_PastureBeef_LiveweightGainAllStates[Season],Table_SourceData_PastureBeef_LiveweightGainAllStates[#Headers],Table_SourceData_PastureBeef_LiveweightGainAllStates[],Table_AustralianStates[Common Name],Table_AustralianStates[Abbreviation],Table_SourceData_Common_MonthToSeason[Month],Table_SourceData_Common_MonthToSeason[Season]) -> 1.1 | G97: =InputFunctions_PastureBeef.LookupLiveweightFromMonth($E$7,$E$8,$D97,G$88,Table_SourceData_PastureBeef_LiveweightGainAllStates[State],Table_SourceData_PastureBeef_LiveweightGainAllStates[Region],Table_SourceData_PastureBeef_LiveweightGainAllStates[Season],Table_SourceData_PastureBeef_LiveweightGainAllStates[#Headers],Table_SourceData_PastureBeef_LiveweightGainAllStates[],Table_AustralianStates[Common Name],Table_AustralianStates[Abbreviation],Table_SourceData_Common_MonthToSeason[Month],Table_SourceData_Common_MonthToSeason[Season]) -> 1.21 | H97: =InputFunctions_PastureBeef.LookupLiveweightFromMonth($E$7,$E$8,$D97,H$88,Table_SourceData_PastureBeef_LiveweightGainAllStates[State],Table_SourceData_PastureBeef_LiveweightGainAllStates[Region],Table_SourceData_PastureBeef_LiveweightGainAllStates[Season],Table_SourceData_PastureBeef_LiveweightGainAllStates[#Headers],Table_SourceData_PastureBeef_LiveweightGainAllStates[],Table_AustralianStates[Common Name],Table_AustralianStates[Abbreviation],Table_SourceData_Common_MonthToSeason[Month],Table_SourceData_Common_MonthToSeason[Season]) -> 0.99 | I97: =InputFunctions_PastureBeef.LookupLiveweightFromMonth($E$7,$E$8,$D97,I$88,Table_SourceData_PastureBeef_LiveweightGainAllStates[State],Table_SourceData_PastureBeef_LiveweightGainAllStates[Region],Table_SourceData_PastureBeef_LiveweightGainAllStates[Season],Table_SourceData_PastureBeef_LiveweightGainAllStates[#Headers],Table_SourceData_PastureBeef_LiveweightGainAllStates[],Table_AustralianStates[Common Name],Table_AustralianStates[Abbreviation],Table_SourceData_Common_MonthToSeason[Month],Table_SourceData_Common_MonthToSeason[Season]) -> 0.66 | J97: =InputFunctions_PastureBeef.LookupLiveweightFromMonth($E$7,$E$8,$D97,J$88,Table_SourceData_PastureBeef_LiveweightGainAllStates[State],Table_SourceData_PastureBeef_LiveweightGainAllStates[Region],Table_SourceData_PastureBeef_LiveweightGainAllStates[Season],Table_SourceData_PastureBeef_LiveweightGainAllStates[#Headers],Table_SourceData_PastureBeef_LiveweightGainAllStates[],Table_AustralianStates[Common Name],Table_AustralianStates[Abbreviation],Table_SourceData_Common_MonthToSeason[Month],Table_SourceData_Common_MonthToSeason[Season]) -> 0.66 | K97: =InputFunctions_PastureBeef.LookupLiveweightFromMonth($E$7,$E$8,$D97,K$88,Table_SourceData_PastureBeef_LiveweightGainAllStates[State],Table_SourceData_PastureBeef_LiveweightGainAllStates[Region],Table_SourceData_PastureBeef_LiveweightGainAllStates[Season],Table_SourceData_PastureBeef_LiveweightGainAllStates[#Headers],Table_SourceData_PastureBeef_LiveweightGainAllStates[],Table_AustralianStates[Common Name],Table_AustralianStates[Abbreviation],Table_SourceData_Common_MonthToSeason[Month],Table_SourceData_Common_MonthToSeason[Season]) -> 1.42 | L97: =InputFunctions_PastureBeef.LookupLiveweightFromMonth($E$7,$E$8,$D97,L$88,Table_SourceData_PastureBeef_LiveweightGainAllStates[State],Table_SourceData_PastureBeef_LiveweightGainAllStates[Region],Table_SourceData_PastureBeef_LiveweightGainAllStates[Season],Table_SourceData_PastureBeef_LiveweightGainAllStates[#Headers],Table_SourceData_PastureBeef_LiveweightGainAllStates[],Table_AustralianStates[Common Name],Table_AustralianStates[Abbreviation],Table_SourceData_Common_MonthToSeason[Month],Table_SourceData_Common_MonthToSeason[Season]) -> 1.1 | ... N97: =InputFunctions_PastureBeef.LookupLiveweightFromMonth($E$7,$E$8,$D97,N$88,Table_SourceData_PastureBeef_LiveweightGainAllStates[State],Table_SourceData_PastureBeef_LiveweightGainAllStates[Region],Table_SourceData_PastureBeef_LiveweightGainAllStates[Season],Table_SourceData_PastureBeef_LiveweightGainAllStates[#Headers],Table_SourceData_PastureBeef_LiveweightGainAllStates[],Table_AustralianStates[Common Name],Table_AustralianStates[Abbreviation],Table_SourceData_Common_MonthToSeason[Month],Table_SourceData_Common_MonthToSeason[Season]) -> 1.1 | O97: kg/head/day
D98: =TEXT(EDATE(X_Cell_Site_StartDate,9), "mmmm yyyy") -> October 2024 | E98: =InputFunctions_PastureBeef.LookupLiveweightFromMonth($E$7,$E$8,$D98,E$88,Table_SourceData_PastureBeef_LiveweightGainAllStates[State],Table_SourceData_PastureBeef_LiveweightGainAllStates[Region],Table_SourceData_PastureBeef_LiveweightGainAllStates[Season],Table_SourceData_PastureBeef_LiveweightGainAllStates[#Headers],Table_SourceData_PastureBeef_LiveweightGainAllStates[],Table_AustralianStates[Common Name],Table_AustralianStates[Abbreviation],Table_SourceData_Common_MonthToSeason[Month],Table_SourceData_Common_MonthToSeason[Season]) -> 1.64 | F98: =InputFunctions_PastureBeef.LookupLiveweightFromMonth($E$7,$E$8,$D98,F$88,Table_SourceData_PastureBeef_LiveweightGainAllStates[State],Table_SourceData_PastureBeef_LiveweightGainAllStates[Region],Table_SourceData_PastureBeef_LiveweightGainAllStates[Season],Table_SourceData_PastureBeef_LiveweightGainAllStates[#Headers],Table_SourceData_PastureBeef_LiveweightGainAllStates[],Table_AustralianStates[Common Name],Table_AustralianStates[Abbreviation],Table_SourceData_Common_MonthToSeason[Month],Table_SourceData_Common_MonthToSeason[Season]) -> 1.1 | G98: =InputFunctions_PastureBeef.LookupLiveweightFromMonth($E$7,$E$8,$D98,G$88,Table_SourceData_PastureBeef_LiveweightGainAllStates[State],Table_SourceData_PastureBeef_LiveweightGainAllStates[Region],Table_SourceData_PastureBeef_LiveweightGainAllStates[Season],Table_SourceData_PastureBeef_LiveweightGainAllStates[#Headers],Table_SourceData_PastureBeef_LiveweightGainAllStates[],Table_AustralianStates[Common Name],Table_AustralianStates[Abbreviation],Table_SourceData_Common_MonthToSeason[Month],Table_SourceData_Common_MonthToSeason[Season]) -> 1.21 | H98: =InputFunctions_PastureBeef.LookupLiveweightFromMonth($E$7,$E$8,$D98,H$88,Table_SourceData_PastureBeef_LiveweightGainAllStates[State],Table_SourceData_PastureBeef_LiveweightGainAllStates[Region],Table_SourceData_PastureBeef_LiveweightGainAllStates[Season],Table_SourceData_PastureBeef_LiveweightGainAllStates[#Headers],Table_SourceData_PastureBeef_LiveweightGainAllStates[],Table_AustralianStates[Common Name],Table_AustralianStates[Abbreviation],Table_SourceData_Common_MonthToSeason[Month],Table_SourceData_Common_MonthToSeason[Season]) -> 0.99 | I98: =InputFunctions_PastureBeef.LookupLiveweightFromMonth($E$7,$E$8,$D98,I$88,Table_SourceData_PastureBeef_LiveweightGainAllStates[State],Table_SourceData_PastureBeef_LiveweightGainAllStates[Region],Table_SourceData_PastureBeef_LiveweightGainAllStates[Season],Table_SourceData_PastureBeef_LiveweightGainAllStates[#Headers],Table_SourceData_PastureBeef_LiveweightGainAllStates[],Table_AustralianStates[Common Name],Table_AustralianStates[Abbreviation],Table_SourceData_Common_MonthToSeason[Month],Table_SourceData_Common_MonthToSeason[Season]) -> 0.66 | J98: =InputFunctions_PastureBeef.LookupLiveweightFromMonth($E$7,$E$8,$D98,J$88,Table_SourceData_PastureBeef_LiveweightGainAllStates[State],Table_SourceData_PastureBeef_LiveweightGainAllStates[Region],Table_SourceData_PastureBeef_LiveweightGainAllStates[Season],Table_SourceData_PastureBeef_LiveweightGainAllStates[#Headers],Table_SourceData_PastureBeef_LiveweightGainAllStates[],Table_AustralianStates[Common Name],Table_AustralianStates[Abbreviation],Table_SourceData_Common_MonthToSeason[Month],Table_SourceData_Common_MonthToSeason[Season]) -> 0.66 | K98: =InputFunctions_PastureBeef.LookupLiveweightFromMonth($E$7,$E$8,$D98,K$88,Table_SourceData_PastureBeef_LiveweightGainAllStates[State],Table_SourceData_PastureBeef_LiveweightGainAllStates[Region],Table_SourceData_PastureBeef_LiveweightGainAllStates[Season],Table_SourceData_PastureBeef_LiveweightGainAllStates[#Headers],Table_SourceData_PastureBeef_LiveweightGainAllStates[],Table_AustralianStates[Common Name],Table_AustralianStates[Abbreviation],Table_SourceData_Common_MonthToSeason[Month],Table_SourceData_Common_MonthToSeason[Season]) -> 1.42 | L98: =InputFunctions_PastureBeef.LookupLiveweightFromMonth($E$7,$E$8,$D98,L$88,Table_SourceData_PastureBeef_LiveweightGainAllStates[State],Table_SourceData_PastureBeef_LiveweightGainAllStates[Region],Table_SourceData_PastureBeef_LiveweightGainAllStates[Season],Table_SourceData_PastureBeef_LiveweightGainAllStates[#Headers],Table_SourceData_PastureBeef_LiveweightGainAllStates[],Table_AustralianStates[Common Name],Table_AustralianStates[Abbreviation],Table_SourceData_Common_MonthToSeason[Month],Table_SourceData_Common_MonthToSeason[Season]) -> 1.1 | ... N98: =InputFunctions_PastureBeef.LookupLiveweightFromMonth($E$7,$E$8,$D98,N$88,Table_SourceData_PastureBeef_LiveweightGainAllStates[State],Table_SourceData_PastureBeef_LiveweightGainAllStates[Region],Table_SourceData_PastureBeef_LiveweightGainAllStates[Season],Table_SourceData_PastureBeef_LiveweightGainAllStates[#Headers],Table_SourceData_PastureBeef_LiveweightGainAllStates[],Table_AustralianStates[Common Name],Table_AustralianStates[Abbreviation],Table_SourceData_Common_MonthToSeason[Month],Table_SourceData_Common_MonthToSeason[Season]) -> 1.1 | O98: kg/head/day
D99: =TEXT(EDATE(X_Cell_Site_StartDate,10), "mmmm yyyy") -> November 2024 | E99: =InputFunctions_PastureBeef.LookupLiveweightFromMonth($E$7,$E$8,$D99,E$88,Table_SourceData_PastureBeef_LiveweightGainAllStates[State],Table_SourceData_PastureBeef_LiveweightGainAllStates[Region],Table_SourceData_PastureBeef_LiveweightGainAllStates[Season],Table_SourceData_PastureBeef_LiveweightGainAllStates[#Headers],Table_SourceData_PastureBeef_LiveweightGainAllStates[],Table_AustralianStates[Common Name],Table_AustralianStates[Abbreviation],Table_SourceData_Common_MonthToSeason[Month],Table_SourceData_Common_MonthToSeason[Season]) -> 1.64 | F99: =InputFunctions_PastureBeef.LookupLiveweightFromMonth($E$7,$E$8,$D99,F$88,Table_SourceData_PastureBeef_LiveweightGainAllStates[State],Table_SourceData_PastureBeef_LiveweightGainAllStates[Region],Table_SourceData_PastureBeef_LiveweightGainAllStates[Season],Table_SourceData_PastureBeef_LiveweightGainAllStates[#Headers],Table_SourceData_PastureBeef_LiveweightGainAllStates[],Table_AustralianStates[Common Name],Table_AustralianStates[Abbreviation],Table_SourceData_Common_MonthToSeason[Month],Table_SourceData_Common_MonthToSeason[Season]) -> 1.1 | G99: =InputFunctions_PastureBeef.LookupLiveweightFromMonth($E$7,$E$8,$D99,G$88,Table_SourceData_PastureBeef_LiveweightGainAllStates[State],Table_SourceData_PastureBeef_LiveweightGainAllStates[Region],Table_SourceData_PastureBeef_LiveweightGainAllStates[Season],Table_SourceData_PastureBeef_LiveweightGainAllStates[#Headers],Table_SourceData_PastureBeef_LiveweightGainAllStates[],Table_AustralianStates[Common Name],Table_AustralianStates[Abbreviation],Table_SourceData_Common_MonthToSeason[Month],Table_SourceData_Common_MonthToSeason[Season]) -> 1.21 | H99: =InputFunctions_PastureBeef.LookupLiveweightFromMonth($E$7,$E$8,$D99,H$88,Table_SourceData_PastureBeef_LiveweightGainAllStates[State],Table_SourceData_PastureBeef_LiveweightGainAllStates[Region],Table_SourceData_PastureBeef_LiveweightGainAllStates[Season],Table_SourceData_PastureBeef_LiveweightGainAllStates[#Headers],Table_SourceData_PastureBeef_LiveweightGainAllStates[],Table_AustralianStates[Common Name],Table_AustralianStates[Abbreviation],Table_SourceData_Common_MonthToSeason[Month],Table_SourceData_Common_MonthToSeason[Season]) -> 0.99 | I99: =InputFunctions_PastureBeef.LookupLiveweightFromMonth($E$7,$E$8,$D99,I$88,Table_SourceData_PastureBeef_LiveweightGainAllStates[State],Table_SourceData_PastureBeef_LiveweightGainAllStates[Region],Table_SourceData_PastureBeef_LiveweightGainAllStates[Season],Table_SourceData_PastureBeef_LiveweightGainAllStates[#Headers],Table_SourceData_PastureBeef_LiveweightGainAllStates[],Table_AustralianStates[Common Name],Table_AustralianStates[Abbreviation],Table_SourceData_Common_MonthToSeason[Month],Table_SourceData_Common_MonthToSeason[Season]) -> 0.66 | J99: =InputFunctions_PastureBeef.LookupLiveweightFromMonth($E$7,$E$8,$D99,J$88,Table_SourceData_PastureBeef_LiveweightGainAllStates[State],Table_SourceData_PastureBeef_LiveweightGainAllStates[Region],Table_SourceData_PastureBeef_LiveweightGainAllStates[Season],Table_SourceData_PastureBeef_LiveweightGainAllStates[#Headers],Table_SourceData_PastureBeef_LiveweightGainAllStates[],Table_AustralianStates[Common Name],Table_AustralianStates[Abbreviation],Table_SourceData_Common_MonthToSeason[Month],Table_SourceData_Common_MonthToSeason[Season]) -> 0.66 | K99: =InputFunctions_PastureBeef.LookupLiveweightFromMonth($E$7,$E$8,$D99,K$88,Table_SourceData_PastureBeef_LiveweightGainAllStates[State],Table_SourceData_PastureBeef_LiveweightGainAllStates[Region],Table_SourceData_PastureBeef_LiveweightGainAllStates[Season],Table_SourceData_PastureBeef_LiveweightGainAllStates[#Headers],Table_SourceData_PastureBeef_LiveweightGainAllStates[],Table_AustralianStates[Common Name],Table_AustralianStates[Abbreviation],Table_SourceData_Common_MonthToSeason[Month],Table_SourceData_Common_MonthToSeason[Season]) -> 1.42 | L99: =InputFunctions_PastureBeef.LookupLiveweightFromMonth($E$7,$E$8,$D99,L$88,Table_SourceData_PastureBeef_LiveweightGainAllStates[State],Table_SourceData_PastureBeef_LiveweightGainAllStates[Region],Table_SourceData_PastureBeef_LiveweightGainAllStates[Season],Table_SourceData_PastureBeef_LiveweightGainAllStates[#Headers],Table_SourceData_PastureBeef_LiveweightGainAllStates[],Table_AustralianStates[Common Name],Table_AustralianStates[Abbreviation],Table_SourceData_Common_MonthToSeason[Month],Table_SourceData_Common_MonthToSeason[Season]) -> 1.1 | ... N99: =InputFunctions_PastureBeef.LookupLiveweightFromMonth($E$7,$E$8,$D99,N$88,Table_SourceData_PastureBeef_LiveweightGainAllStates[State],Table_SourceData_PastureBeef_LiveweightGainAllStates[Region],Table_SourceData_PastureBeef_LiveweightGainAllStates[Season],Table_SourceData_PastureBeef_LiveweightGainAllStates[#Headers],Table_SourceData_PastureBeef_LiveweightGainAllStates[],Table_AustralianStates[Common Name],Table_AustralianStates[Abbreviation],Table_SourceData_Common_MonthToSeason[Month],Table_SourceData_Common_MonthToSeason[Season]) -> 1.1 | O99: kg/head/day
D100: =TEXT(EDATE(X_Cell_Site_StartDate,11), "mmmm yyyy") -> December 2024 | E100: =InputFunctions_PastureBeef.LookupLiveweightFromMonth($E$7,$E$8,$D100,E$88,Table_SourceData_PastureBeef_LiveweightGainAllStates[State],Table_SourceData_PastureBeef_LiveweightGainAllStates[Region],Table_SourceData_PastureBeef_LiveweightGainAllStates[Season],Table_SourceData_PastureBeef_LiveweightGainAllStates[#Headers],Table_SourceData_PastureBeef_LiveweightGainAllStates[],Table_AustralianStates[Common Name],Table_AustralianStates[Abbreviation],Table_SourceData_Common_MonthToSeason[Month],Table_SourceData_Common_MonthToSeason[Season]) -> 0.44 | F100: =InputFunctions_PastureBeef.LookupLiveweightFromMonth($E$7,$E$8,$D100,F$88,Table_SourceData_PastureBeef_LiveweightGainAllStates[State],Table_SourceData_PastureBeef_LiveweightGainAllStates[Region],Table_SourceData_PastureBeef_LiveweightGainAllStates[Season],Table_SourceData_PastureBeef_LiveweightGainAllStates[#Headers],Table_SourceData_PastureBeef_LiveweightGainAllStates[],Table_AustralianStates[Common Name],Table_AustralianStates[Abbreviation],Table_SourceData_Common_MonthToSeason[Month],Table_SourceData_Common_MonthToSeason[Season]) -> -0.22 | G100: =InputFunctions_PastureBeef.LookupLiveweightFromMonth($E$7,$E$8,$D100,G$88,Table_SourceData_PastureBeef_LiveweightGainAllStates[State],Table_SourceData_PastureBeef_LiveweightGainAllStates[Region],Table_SourceData_PastureBeef_LiveweightGainAllStates[Season],Table_SourceData_PastureBeef_LiveweightGainAllStates[#Headers],Table_SourceData_PastureBeef_LiveweightGainAllStates[],Table_AustralianStates[Common Name],Table_AustralianStates[Abbreviation],Table_SourceData_Common_MonthToSeason[Month],Table_SourceData_Common_MonthToSeason[Season]) -> 0.44 | H100: =InputFunctions_PastureBeef.LookupLiveweightFromMonth($E$7,$E$8,$D100,H$88,Table_SourceData_PastureBeef_LiveweightGainAllStates[State],Table_SourceData_PastureBeef_LiveweightGainAllStates[Region],Table_SourceData_PastureBeef_LiveweightGainAllStates[Season],Table_SourceData_PastureBeef_LiveweightGainAllStates[#Headers],Table_SourceData_PastureBeef_LiveweightGainAllStates[],Table_AustralianStates[Common Name],Table_AustralianStates[Abbreviation],Table_SourceData_Common_MonthToSeason[Month],Table_SourceData_Common_MonthToSeason[Season]) -> 0.33 | I100: =InputFunctions_PastureBeef.LookupLiveweightFromMonth($E$7,$E$8,$D100,I$88,Table_SourceData_PastureBeef_LiveweightGainAllStates[State],Table_SourceData_PastureBeef_LiveweightGainAllStates[Region],Table_SourceData_PastureBeef_LiveweightGainAllStates[Season],Table_SourceData_PastureBeef_LiveweightGainAllStates[#Headers],Table_SourceData_PastureBeef_LiveweightGainAllStates[],Table_AustralianStates[Common Name],Table_AustralianStates[Abbreviation],Table_SourceData_Common_MonthToSeason[Month],Table_SourceData_Common_MonthToSeason[Season]) -> -0.22 | J100: =InputFunctions_PastureBeef.LookupLiveweightFromMonth($E$7,$E$8,$D100,J$88,Table_SourceData_PastureBeef_LiveweightGainAllStates[State],Table_SourceData_PastureBeef_LiveweightGainAllStates[Region],Table_SourceData_PastureBeef_LiveweightGainAllStates[Season],Table_SourceData_PastureBeef_LiveweightGainAllStates[#Headers],Table_SourceData_PastureBeef_LiveweightGainAllStates[],Table_AustralianStates[Common Name],Table_AustralianStates[Abbreviation],Table_SourceData_Common_MonthToSeason[Month],Table_SourceData_Common_MonthToSeason[Season]) -> -0.22 | K100: =InputFunctions_PastureBeef.LookupLiveweightFromMonth($E$7,$E$8,$D100,K$88,Table_SourceData_PastureBeef_LiveweightGainAllStates[State],Table_SourceData_PastureBeef_LiveweightGainAllStates[Region],Table_SourceData_PastureBeef_LiveweightGainAllStates[Season],Table_SourceData_PastureBeef_LiveweightGainAllStates[#Headers],Table_SourceData_PastureBeef_LiveweightGainAllStates[],Table_AustralianStates[Common Name],Table_AustralianStates[Abbreviation],Table_SourceData_Common_MonthToSeason[Month],Table_SourceData_Common_MonthToSeason[Season]) -> 0.44 | L100: =InputFunctions_PastureBeef.LookupLiveweightFromMonth($E$7,$E$8,$D100,L$88,Table_SourceData_PastureBeef_LiveweightGainAllStates[State],Table_SourceData_PastureBeef_LiveweightGainAllStates[Region],Table_SourceData_PastureBeef_LiveweightGainAllStates[Season],Table_SourceData_PastureBeef_LiveweightGainAllStates[#Headers],Table_SourceData_PastureBeef_LiveweightGainAllStates[],Table_AustralianStates[Common Name],Table_AustralianStates[Abbreviation],Table_SourceData_Common_MonthToSeason[Month],Table_SourceData_Common_MonthToSeason[Season]) -> -0.11 | ... N100: =InputFunctions_PastureBeef.LookupLiveweightFromMonth($E$7,$E$8,$D100,N$88,Table_SourceData_PastureBeef_LiveweightGainAllStates[State],Table_SourceData_PastureBeef_LiveweightGainAllStates[Region],Table_SourceData_PastureBeef_LiveweightGainAllStates[Season],Table_SourceData_PastureBeef_LiveweightGainAllStates[#Headers],Table_SourceData_PastureBeef_LiveweightGainAllStates[],Table_AustralianStates[Common Name],Table_AustralianStates[Abbreviation],Table_SourceData_Common_MonthToSeason[Month],Table_SourceData_Common_MonthToSeason[Season]) -> -0.11 | O100: kg/head/day
D103: Proportion of cows > 1 years in calf in the season of calving
D104: Method 1 values
D105: Calving season | E105: Winter | F105: ← Please select
K108: Calves born
E110: Calving season (select) | F110: Cows 1-2 years | G110: Cows 2-3 years | H110: Cows > 3 years | L110: Cows < 1 year | M110: Steers < 1 year
D111: ="Proportion of cows > 1 years in calf in " & E105 -> Proportion of cows > 1 years in calf in Winter | E111: Yes | F111: 0.7 | G111: 0.5 | H111: 0.5 | I111: Percent | L111: =MAX(0, G42-G41) -> 0 | M111: =MAX(0,K42-K41) -> 0
D112: Spring | E112: Yes | F112: 0.1 | G112: 0.4 | H112: 0.4 | I112: Percent | L112: =MAX(0, G39-G42) -> 0 | M112: =MAX(0,K39-K42) -> 0
D113: Summer | E113: Yes | F113: 0.1 | G113: 0 | H113: 0 | I113: Percent | L113: =MAX(0, G40-G39) -> 0 | M113: =MAX(0,K40-K39) -> 0
D114: Autumn | E114: No | F114: 0 | G114: 0 | H114: 0 | I114: Percent | L114: =MAX(0,G41-G40) -> 0 | M114: =MAX(0,K41-K40) -> 0
J115: Proportion born this season
D118: Method 2 values | L118: MC = (PBcalv*6) + (PBprev*4) + (PBearlier*0)
...

Sheet 3.2.1.1-2 Enteric Methane
A1: #VALUE! | C1: 3.2.1.1-2 Enteric Beef Grazing
A3: =HYPERLINK("#'Home'!A1", "Home") -> Home | D3: Method 1 | U3: Method 2
A4: =HYPERLINK("#'Results'!A1", "Results") -> Results
D5: {=EntericMethane_PastureBeef_Equations.VEERG_3_2_1_1__4_AdditionalIntakeForMilkProduction_Title()} -> Additional intake for milk production in the season of calving and the season after calving
A6: INPUTS | D6: {=EntericMethane_PastureBeef_Equations.VEERG_3_2_1_1__4_AdditionalIntakeForMilkProduction_Source()} -> VEERG 2026: 3.2.1.1, Equation (4)
A7: =HYPERLINK("#'Input - Site'!A1", "Site") -> Site | D7: Function name | E7: EntericMethane_PastureBeef_Equations.VEERG_3_2_1_1__4_AdditionalIntakeForMilkProduction
A8: =HYPERLINK("#'Input - Pasture Beef'!A1", "Pasture Beef") -> Pasture Beef
A10: CALCULATIONS | D10: Variable | E10: {=EntericMethane_PastureBeef_Equations.VEERG_3_2_1_1__4_AdditionalIntakeForMilkProduction_Variable()} -> MA_jk45
A11: =HYPERLINK("#'3.2.1.1-2 Enteric Methane'!A1", "3.2.1.1-2 Enteric Methane") -> 3.2.1.1-2 Enteric Methane | D11: Unit | E11: {=EntericMethane_PastureBeef_Equations.VEERG_3_2_1_1__4_AdditionalIntakeForMilkProduction_Unit()} -> fraction
A13: APPENDICES | D13: {=_xlfn.CHOOSECOLS(EntericMethane_PastureBeef_Equations.VEERG_3_2_1_1__4_AdditionalIntakeForMilkProduction_ArgumentsVariation(), 1, 2)} -> LC_jk45 | E13: proportion of cows greater than 1 year in calf in the season of calving expressed as a fraction | H13: {=_xlfn.CHOOSECOLS(EntericMethane_PastureBeef_Equations.VEERG_3_2_1_1__4_AdditionalIntakeForMilkProduction_ArgumentsVariation(), 3,4)} -> fraction | I13: Input | J13: {=HYPERLINK(Common_InputFunctions.Utility_SourceHyperlink($D$18), $D$18)} -> M1_Table_LC_j_k-4-5
A14: =HYPERLINK("#'Constants - Pasture Beef'!A1", "Constants - Pasture Beef") -> Constants - Pasture Beef | D14: FA_jk45calv | E14: feed adjustment value for lactating cows in the season of calving expressed as a fraction | H14: fraction | I14: Constant | J14: {=_xlfn.XLOOKUP(1, (Table_SourceData_PastureBeef_FeedIntakeAdjustment_Variation[Breed]=$J$16)*(Table_SourceData_PastureBeef_FeedIntakeAdjustment_Variation[Season]=+"Calving season"),Table_SourceData_PastureBeef_FeedIntakeAdjustment_Variation[Feed adjustment])} -> 1.3
A15: =HYPERLINK("#'Constants - Livestock'!A1", "Constants - Livestock") -> Constants - Livestock | D15: FA_jk45after | E15: feed adjustment value for lactating cows in the season immediately after calving expressed as a fraction | H15: fraction | I15: Constant | J15: {=_xlfn.XLOOKUP(1, (Table_SourceData_PastureBeef_FeedIntakeAdjustment_Variation[Breed]=$J$16)*(Table_SourceData_PastureBeef_FeedIntakeAdjustment_Variation[Season]=+"Season after calving"),Table_SourceData_PastureBeef_FeedIntakeAdjustment_Variation[Feed adjustment])} -> 1.1
A16: =HYPERLINK("#'Constants - Common'!A1", "Constants - Common") -> Constants - Common | D16: b | E16: breed of cattle | I16: Input | J16: =X_Cell_PastureBeef_Breed -> Hereford or Shorthorn breeds
A17: =HYPERLINK("#'Acknowledgements'!A1", "Acknowledgements") -> Acknowledgements
D18: M1_Table_LC_j_k-4-5
D19: Proportion of cows in calf during season (Method 1) | U19: M2_Table_LC_j_k-4-5
D20: Season | E20: Cows 1-2 years | F20: Cows 2-3 years | G20: Cows > 3 years | U20: Proportion of cows in calf during season (Method 2)
D21: ='Input - Pasture Beef'!$E$104 -> 0 | E21: ='Input - Pasture Beef'!$E$107 -> 0 | F21: ='Input - Pasture Beef'!$F$107 -> 0 | G21: ='Input - Pasture Beef'!$G$107 -> 0 | H21: Fraction | U21: Month | V21: Cows 1-2 years | W21: Cows 2-3 years | X21: Cows > 3 years
U22: =TEXT(EDATE('Input - Pasture Beef'!$D$117,0), "mmmm") & ", " & TEXT(EDATE('Input - Pasture Beef'!$D$118,0), "mmmm") & ", " & TEXT(EDATE('Input - Pasture Beef'!$D$119,0), "mmmm") -> #VALUE! | V22: ='Input - Pasture Beef'!$E$120 -> September 2024 | W22: ='Input - Pasture Beef'!$F$120 -> 0 | X22: ='Input - Pasture Beef'!$G$120 -> 0 | Y22: Fraction
D23: M1_Table_MA_j_k-4-5 | U23: =TEXT(EDATE('Input - Pasture Beef'!$D$119,1), "mmmm") & ", " & TEXT(EDATE('Input - Pasture Beef'!$D$119,2), "mmmm") & ", " & TEXT(EDATE('Input - Pasture Beef'!$D$119,3), "mmmm") -> #VALUE!
D24: Additional intake for milk production in calving and post-calving seasons (Method 1)
D25: Season | E25: Calving season | F25: FAjk=4,5 | G25: Bulls < 1 year | H25: Bulls > 1 year | I25: Cows < 1 year | J25: Cows 1-2 years | K25: Cows 2-3 years | L25: Cows > 3 years | M25: Steers < 1 year | N25: Steers 1-2 years | O25: Steers 2-3 years | P25: Steers >3 years | U25: M2_Table_MA_j_k-4-5
D26: Spring | E26: {=_xlfn.IFS(D21=D26, "Calving season", D21=D29, "Season after calving", D21=D27, "", D21=D28, "")} -> #N/A | F26: {=_xlfn.IFS(E26="Calving season", $J$14, E26="Season after calving", $J$15, E26="", "")} -> #N/A | G26: 1 | H26: 1 | I26: 1 | J26: {=IFERROR(EntericMethane_PastureBeef_Equations.VEERG_3_2_1_1__4_AdditionalIntakeForMilkProduction(E$21,$F26), 1)} -> 1 | K26: {=IFERROR(EntericMethane_PastureBeef_Equations.VEERG_3_2_1_1__4_AdditionalIntakeForMilkProduction(F$21,$F26), 1)} -> 1 | L26: {=IFERROR(EntericMethane_PastureBeef_Equations.VEERG_3_2_1_1__4_AdditionalIntakeForMilkProduction(G$21,$F26), 1)} -> 1 | M26: 1 | N26: 1 | O26: 1 | P26: 1 | Q26: =$E$11 -> fraction | U26: Additional intake for milk production in calving and post-calving seasons (Method 2)
D27: Summer | E27: {=_xlfn.IFS(D21=D27, "Calving season", D21=D26, "Season after calving", D21=D28, "", D21=D29, "")} -> #N/A | F27: {=_xlfn.IFS(E27="Calving season", $J$14, E27="Season after calving", $J$15, E27="", "")} -> #N/A | G27: 1 | H27: 1 | I27: 1 | J27: {=IFERROR(EntericMethane_PastureBeef_Equations.VEERG_3_2_1_1__4_AdditionalIntakeForMilkProduction(E$21,$F27), 1)} -> 1 | K27: {=IFERROR(EntericMethane_PastureBeef_Equations.VEERG_3_2_1_1__4_AdditionalIntakeForMilkProduction(F$21,$F27), 1)} -> 1 | L27: {=IFERROR(EntericMethane_PastureBeef_Equations.VEERG_3_2_1_1__4_AdditionalIntakeForMilkProduction(G$21,$F27), 1)} -> 1 | M27: 1 | N27: 1 | O27: 1 | P27: 1 | Q27: =$E$11 -> fraction | U27: Month | V27: Calving season | W27: FAjk=4,5 | X27: Bulls < 1 year | Y27: Bulls > 1 year | Z27: Cows < 1 year | AA27: Cows 1-2 years | AB27: Cows 2-3 years | AC27: Cows > 3 years | AD27: Steers < 1 year | AE27: Steers 1-2 years | AF27: Steers 2-3 years | AG27: Steers >3 years
D28: Autumn | E28: {=_xlfn.IFS(D21=D28, "Calving season", D21=D27, "Season after calving", D21=D29, "", D21=D26, "")} -> #N/A | F28: {=_xlfn.IFS(E28="Calving season", $J$14, E28="Season after calving", $J$15, E28="", "")} -> #N/A | G28: 1 | H28: 1 | I28: 1 | J28: {=IFERROR(EntericMethane_PastureBeef_Equations.VEERG_3_2_1_1__4_AdditionalIntakeForMilkProduction(E$21,$F28), 1)} -> 1 | K28: {=IFERROR(EntericMethane_PastureBeef_Equations.VEERG_3_2_1_1__4_AdditionalIntakeForMilkProduction(F$21,$F28), 1)} -> 1 | L28: {=IFERROR(EntericMethane_PastureBeef_Equations.VEERG_3_2_1_1__4_AdditionalIntakeForMilkProduction(G$21,$F28), 1)} -> 1 | M28: 1 | N28: 1 | O28: 1 | P28: 1 | Q28: =$E$11 -> fraction | U28: =TEXT(X_Cell_Site_StartDate,"mmmm") -> January | V28: {=IFERROR(_xlfn.IFS(SUMPRODUCT(ISNUMBER(SEARCH(TRIM(_xlfn.TEXTSPLIT($U$22,",")),U28))*1)>0,"Calving season",SUMPRODUCT(ISNUMBER(SEARCH(TRIM(_xlfn.TEXTSPLIT($U$23,",")),U28))*1)>0,"Season after calving"), "")} | W28: {=_xlfn.IFS(V28="Calving season", $J$14, V28="Season after calving", $J$15, V28="", "")} | X28: 1 | Y28: 1 | Z28: 1 | AA28: {=IFERROR(EntericMethane_PastureBeef_Equations.VEERG_3_2_1_1__4_AdditionalIntakeForMilkProduction(V$22,$W28), 1)} -> 1 | AB28: {=IFERROR(EntericMethane_PastureBeef_Equations.VEERG_3_2_1_1__4_AdditionalIntakeForMilkProduction(W$22,$W28), 1)} -> 1 | AC28: {=IFERROR(EntericMethane_PastureBeef_Equations.VEERG_3_2_1_1__4_AdditionalIntakeForMilkProduction(X$22,$W28), 1)} -> 1 | AD28: 1 | AE28: 1 | AF28: 1 | AG28: 1 | AH28: =$E$11 -> fraction
D29: Winter | E29: {=_xlfn.IFS(D21=D29, "Calving season", D21=D28, "Season after calving", D21=D26, "", D21=D27, "")} -> #N/A | F29: {=_xlfn.IFS(E29="Calving season", $J$14, E29="Season after calving", $J$15, E29="", "")} -> #N/A | G29: 1 | H29: 1 | I29: 1 | J29: {=IFERROR(EntericMethane_PastureBeef_Equations.VEERG_3_2_1_1__4_AdditionalIntakeForMilkProduction(E$21,$F29), 1)} -> 1 | K29: {=IFERROR(EntericMethane_PastureBeef_Equations.VEERG_3_2_1_1__4_AdditionalIntakeForMilkProduction(F$21,$F29), 1)} -> 1 | L29: {=IFERROR(EntericMethane_PastureBeef_Equations.VEERG_3_2_1_1__4_AdditionalIntakeForMilkProduction(G$21,$F29), 1)} -> 1 | M29: 1 | N29: 1 | O29: 1 | P29: 1 | Q29: =$E$11 -> fraction | U29: =TEXT(EDATE(X_Cell_Site_StartDate,1), "mmmm") -> February | V29: {=IFERROR(_xlfn.IFS(SUMPRODUCT(ISNUMBER(SEARCH(TRIM(_xlfn.TEXTSPLIT($U$22,",")),U29))*1)>0,"Calving season",SUMPRODUCT(ISNUMBER(SEARCH(TRIM(_xlfn.TEXTSPLIT($U$23,",")),U29))*1)>0,"Season after calving"), "")} | W29: {=_xlfn.IFS(V29="Calving season", $J$14, V29="Season after calving", $J$15, V29="", "")} | X29: 1 | Y29: 1 | Z29: 1 | AA29: {=IFERROR(EntericMethane_PastureBeef_Equations.VEERG_3_2_1_1__4_AdditionalIntakeForMilkProduction(V$22,$W29), 1)} -> 1 | AB29: {=IFERROR(EntericMethane_PastureBeef_Equations.VEERG_3_2_1_1__4_AdditionalIntakeForMilkProduction(W$22,$W29), 1)} -> 1 | AC29: {=IFERROR(EntericMethane_PastureBeef_Equations.VEERG_3_2_1_1__4_AdditionalIntakeForMilkProduction(X$22,$W29), 1)} -> 1 | AD29: 1 | AE29: 1 | AF29: 1 | AG29: 1 | AH29: =$E$11 -> fraction
U30: =TEXT(EDATE(X_Cell_Site_StartDate,2), "mmmm") -> March | V30: {=IFERROR(_xlfn.IFS(SUMPRODUCT(ISNUMBER(SEARCH(TRIM(_xlfn.TEXTSPLIT($U$22,",")),U30))*1)>0,"Calving season",SUMPRODUCT(ISNUMBER(SEARCH(TRIM(_xlfn.TEXTSPLIT($U$23,",")),U30))*1)>0,"Season after calving"), "")} | W30: {=_xlfn.IFS(V30="Calving season", $J$14, V30="Season after calving", $J$15, V30="", "")} | X30: 1 | Y30: 1 | Z30: 1 | AA30: {=IFERROR(EntericMethane_PastureBeef_Equations.VEERG_3_2_1_1__4_AdditionalIntakeForMilkProduction(V$22,$W30), 1)} -> 1 | AB30: {=IFERROR(EntericMethane_PastureBeef_Equations.VEERG_3_2_1_1__4_AdditionalIntakeForMilkProduction(W$22,$W30), 1)} -> 1 | AC30: {=IFERROR(EntericMethane_PastureBeef_Equations.VEERG_3_2_1_1__4_AdditionalIntakeForMilkProduction(X$22,$W30), 1)} -> 1 | AD30: 1 | AE30: 1 | AF30: 1 | AG30: 1 | AH30: =$E$11 -> fraction
U31: =TEXT(EDATE(X_Cell_Site_StartDate,3), "mmmm") -> April | V31: {=IFERROR(_xlfn.IFS(SUMPRODUCT(ISNUMBER(SEARCH(TRIM(_xlfn.TEXTSPLIT($U$22,",")),U31))*1)>0,"Calving season",SUMPRODUCT(ISNUMBER(SEARCH(TRIM(_xlfn.TEXTSPLIT($U$23,",")),U31))*1)>0,"Season after calving"), "")} | W31: {=_xlfn.IFS(V31="Calving season", $J$14, V31="Season after calving", $J$15, V31="", "")} | X31: 1 | Y31: 1 | Z31: 1 | AA31: {=IFERROR(EntericMethane_PastureBeef_Equations.VEERG_3_2_1_1__4_AdditionalIntakeForMilkProduction(V$22,$W31), 1)} -> 1 | AB31: {=IFERROR(EntericMethane_PastureBeef_Equations.VEERG_3_2_1_1__4_AdditionalIntakeForMilkProduction(W$22,$W31), 1)} -> 1 | AC31: {=IFERROR(EntericMethane_PastureBeef_Equations.VEERG_3_2_1_1__4_AdditionalIntakeForMilkProduction(X$22,$W31), 1)} -> 1 | AD31: 1 | AE31: 1 | AF31: 1 | AG31: 1 | AH31: =$E$11 -> fraction
U32: =TEXT(EDATE(X_Cell_Site_StartDate,4), "mmmm") -> May | V32: {=IFERROR(_xlfn.IFS(SUMPRODUCT(ISNUMBER(SEARCH(TRIM(_xlfn.TEXTSPLIT($U$22,",")),U32))*1)>0,"Calving season",SUMPRODUCT(ISNUMBER(SEARCH(TRIM(_xlfn.TEXTSPLIT($U$23,",")),U32))*1)>0,"Season after calving"), "")} | W32: {=_xlfn.IFS(V32="Calving season", $J$14, V32="Season after calving", $J$15, V32="", "")} | X32: 1 | Y32: 1 | Z32: 1 | AA32: {=IFERROR(EntericMethane_PastureBeef_Equations.VEERG_3_2_1_1__4_AdditionalIntakeForMilkProduction(V$22,$W32), 1)} -> 1 | AB32: {=IFERROR(EntericMethane_PastureBeef_Equations.VEERG_3_2_1_1__4_AdditionalIntakeForMilkProduction(W$22,$W32), 1)} -> 1 | AC32: {=IFERROR(EntericMethane_PastureBeef_Equations.VEERG_3_2_1_1__4_AdditionalIntakeForMilkProduction(X$22,$W32), 1)} -> 1 | AD32: 1 | AE32: 1 | AF32: 1 | AG32: 1 | AH32: =$E$11 -> fraction
D33: {=EntericMethane_PastureBeef_Equations.VEERG_3_2_1_1__3_FeedIntakeForGrazingBeef_Title()} -> Feed intake for grazing beef cattle | U33: =TEXT(EDATE(X_Cell_Site_StartDate,5), "mmmm") -> June | V33: {=IFERROR(_xlfn.IFS(SUMPRODUCT(ISNUMBER(SEARCH(TRIM(_xlfn.TEXTSPLIT($U$22,",")),U33))*1)>0,"Calving season",SUMPRODUCT(ISNUMBER(SEARCH(TRIM(_xlfn.TEXTSPLIT($U$23,",")),U33))*1)>0,"Season after calving"), "")} | W33: {=_xlfn.IFS(V33="Calving season", $J$14, V33="Season after calving", $J$15, V33="", "")} | X33: 1 | Y33: 1 | Z33: 1 | AA33: {=IFERROR(EntericMethane_PastureBeef_Equations.VEERG_3_2_1_1__4_AdditionalIntakeForMilkProduction(V$22,$W33), 1)} -> 1 | AB33: {=IFERROR(EntericMethane_PastureBeef_Equations.VEERG_3_2_1_1__4_AdditionalIntakeForMilkProduction(W$22,$W33), 1)} -> 1 | AC33: {=IFERROR(EntericMethane_PastureBeef_Equations.VEERG_3_2_1_1__4_AdditionalIntakeForMilkProduction(X$22,$W33), 1)} -> 1 | AD33: 1 | AE33: 1 | AF33: 1 | AG33: 1 | AH33: =$E$11 -> fraction
D34: {=EntericMethane_PastureBeef_Equations.VEERG_3_2_1_1__3_FeedIntakeForGrazingBeef_Source()} -> VEERG 2026: 3.2.1.1, Equation (3) | U34: =TEXT(EDATE(X_Cell_Site_StartDate,6), "mmmm") -> July | V34: {=IFERROR(_xlfn.IFS(SUMPRODUCT(ISNUMBER(SEARCH(TRIM(_xlfn.TEXTSPLIT($U$22,",")),U34))*1)>0,"Calving season",SUMPRODUCT(ISNUMBER(SEARCH(TRIM(_xlfn.TEXTSPLIT($U$23,",")),U34))*1)>0,"Season after calving"), "")} | W34: {=_xlfn.IFS(V34="Calving season", $J$14, V34="Season after calving", $J$15, V34="", "")} | X34: 1 | Y34: 1 | Z34: 1 | AA34: {=IFERROR(EntericMethane_PastureBeef_Equations.VEERG_3_2_1_1__4_AdditionalIntakeForMilkProduction(V$22,$W34), 1)} -> 1 | AB34: {=IFERROR(EntericMethane_PastureBeef_Equations.VEERG_3_2_1_1__4_AdditionalIntakeForMilkProduction(W$22,$W34), 1)} -> 1 | AC34: {=IFERROR(EntericMethane_PastureBeef_Equations.VEERG_3_2_1_1__4_AdditionalIntakeForMilkProduction(X$22,$W34), 1)} -> 1 | AD34: 1 | AE34: 1 | AF34: 1 | AG34: 1 | AH34: =$E$11 -> fraction
D35: Function name | E35: {=Common_InputFunctions.Utility_DisplayFunctionName($E$64)} -> =EntericMethane_PastureBeef_Equations.VEERG_3_2_1_1__3_FeedIntakeForGrazingBeef | U35: =TEXT(EDATE(X_Cell_Site_StartDate,7), "mmmm") -> August | V35: {=IFERROR(_xlfn.IFS(SUMPRODUCT(ISNUMBER(SEARCH(TRIM(_xlfn.TEXTSPLIT($U$22,",")),U35))*1)>0,"Calving season",SUMPRODUCT(ISNUMBER(SEARCH(TRIM(_xlfn.TEXTSPLIT($U$23,",")),U35))*1)>0,"Season after calving"), "")} | W35: {=_xlfn.IFS(V35="Calving season", $J$14, V35="Season after calving", $J$15, V35="", "")} | X35: 1 | Y35: 1 | Z35: 1 | AA35: {=IFERROR(EntericMethane_PastureBeef_Equations.VEERG_3_2_1_1__4_AdditionalIntakeForMilkProduction(V$22,$W35), 1)} -> 1 | AB35: {=IFERROR(EntericMethane_PastureBeef_Equations.VEERG_3_2_1_1__4_AdditionalIntakeForMilkProduction(W$22,$W35), 1)} -> 1 | AC35: {=IFERROR(EntericMethane_PastureBeef_Equations.VEERG_3_2_1_1__4_AdditionalIntakeForMilkProduction(X$22,$W35), 1)} -> 1 | AD35: 1 | AE35: 1 | AF35: 1 | AG35: 1 | AH35: =$E$11 -> fraction
U36: =TEXT(EDATE(X_Cell_Site_StartDate,8), "mmmm") -> September | V36: {=IFERROR(_xlfn.IFS(SUMPRODUCT(ISNUMBER(SEARCH(TRIM(_xlfn.TEXTSPLIT($U$22,",")),U36))*1)>0,"Calving season",SUMPRODUCT(ISNUMBER(SEARCH(TRIM(_xlfn.TEXTSPLIT($U$23,",")),U36))*1)>0,"Season after calving"), "")} | W36: {=_xlfn.IFS(V36="Calving season", $J$14, V36="Season after calving", $J$15, V36="", "")} | X36: 1 | Y36: 1 | Z36: 1 | AA36: {=IFERROR(EntericMethane_PastureBeef_Equations.VEERG_3_2_1_1__4_AdditionalIntakeForMilkProduction(V$22,$W36), 1)} -> 1 | AB36: {=IFERROR(EntericMethane_PastureBeef_Equations.VEERG_3_2_1_1__4_AdditionalIntakeForMilkProduction(W$22,$W36), 1)} -> 1 | AC36: {=IFERROR(EntericMethane_PastureBeef_Equations.VEERG_3_2_1_1__4_AdditionalIntakeForMilkProduction(X$22,$W36), 1)} -> 1 | AD36: 1 | AE36: 1 | AF36: 1 | AG36: 1 | AH36: =$E$11 -> fraction
G37: {=EntericMethane_PastureBeef_Equations.VEERG_3_2_1_1__3_FeedIntakeForGrazingBeef_LatexEquation()} -> I_{jkl}=(1.185+0.00454\times W_{jkl}-0.0000026\times W_{jkl}^{2}+0.315\times LWG_{jkl})^2\times MA_{jk=4,5} | U37: =TEXT(EDATE(X_Cell_Site_StartDate,9), "mmmm") -> October | V37: {=IFERROR(_xlfn.IFS(SUMPRODUCT(ISNUMBER(SEARCH(TRIM(_xlfn.TEXTSPLIT($U$22,",")),U37))*1)>0,"Calving season",SUMPRODUCT(ISNUMBER(SEARCH(TRIM(_xlfn.TEXTSPLIT($U$23,",")),U37))*1)>0,"Season after calving"), "")} | W37: {=_xlfn.IFS(V37="Calving season", $J$14, V37="Season after calving", $J$15, V37="", "")} | X37: 1 | Y37: 1 | Z37: 1 | AA37: {=IFERROR(EntericMethane_PastureBeef_Equations.VEERG_3_2_1_1__4_AdditionalIntakeForMilkProduction(V$22,$W37), 1)} -> 1 | AB37: {=IFERROR(EntericMethane_PastureBeef_Equations.VEERG_3_2_1_1__4_AdditionalIntakeForMilkProduction(W$22,$W37), 1)} -> 1 | AC37: {=IFERROR(EntericMethane_PastureBeef_Equations.VEERG_3_2_1_1__4_AdditionalIntakeForMilkProduction(X$22,$W37), 1)} -> 1 | AD37: 1 | AE37: 1 | AF37: 1 | AG37: 1 | AH37: =$E$11 -> fraction
D38: Variable | E38: {=EntericMethane_PastureBeef_Equations.VEERG_3_2_1_1__3_FeedIntakeForGrazingBeef_Variable()} -> I_jkl | U38: =TEXT(EDATE(X_Cell_Site_StartDate,10), "mmmm") -> November | V38: {=IFERROR(_xlfn.IFS(SUMPRODUCT(ISNUMBER(SEARCH(TRIM(_xlfn.TEXTSPLIT($U$22,",")),U38))*1)>0,"Calving season",SUMPRODUCT(ISNUMBER(SEARCH(TRIM(_xlfn.TEXTSPLIT($U$23,",")),U38))*1)>0,"Season after calving"), "")} | W38: {=_xlfn.IFS(V38="Calving season", $J$14, V38="Season after calving", $J$15, V38="", "")} | X38: 1 | Y38: 1 | Z38: 1 | AA38: {=IFERROR(EntericMethane_PastureBeef_Equations.VEERG_3_2_1_1__4_AdditionalIntakeForMilkProduction(V$22,$W38), 1)} -> 1 | AB38: {=IFERROR(EntericMethane_PastureBeef_Equations.VEERG_3_2_1_1__4_AdditionalIntakeForMilkProduction(W$22,$W38), 1)} -> 1 | AC38: {=IFERROR(EntericMethane_PastureBeef_Equations.VEERG_3_2_1_1__4_AdditionalIntakeForMilkProduction(X$22,$W38), 1)} -> 1 | AD38: 1 | AE38: 1 | AF38: 1 | AG38: 1 | AH38: =$E$11 -> fraction
D39: Unit | E39: {=EntericMethane_PastureBeef_Equations.VEERG_3_2_1_1__3_FeedIntakeForGrazingBeef_Unit()} -> kg DM/head/day | U39: =TEXT(EDATE(X_Cell_Site_StartDate,11), "mmmm") -> December | V39: {=IFERROR(_xlfn.IFS(SUMPRODUCT(ISNUMBER(SEARCH(TRIM(_xlfn.TEXTSPLIT($U$22,",")),U39))*1)>0,"Calving season",SUMPRODUCT(ISNUMBER(SEARCH(TRIM(_xlfn.TEXTSPLIT($U$23,",")),U39))*1)>0,"Season after calving"), "")} | W39: {=_xlfn.IFS(V39="Calving season", $J$14, V39="Season after calving", $J$15, V39="", "")} | X39: 1 | Y39: 1 | Z39: 1 | AA39: {=IFERROR(EntericMethane_PastureBeef_Equations.VEERG_3_2_1_1__4_AdditionalIntakeForMilkProduction(V$22,$W39), 1)} -> 1 | AB39: {=IFERROR(EntericMethane_PastureBeef_Equations.VEERG_3_2_1_1__4_AdditionalIntakeForMilkProduction(W$22,$W39), 1)} -> 1 | AC39: {=IFERROR(EntericMethane_PastureBeef_Equations.VEERG_3_2_1_1__4_AdditionalIntakeForMilkProduction(X$22,$W39), 1)} -> 1 | AD39: 1 | AE39: 1 | AF39: 1 | AG39: 1 | AH39: =$E$11 -> fraction
D41: {=_xlfn.CHOOSECOLS(EntericMethane_PastureBeef_Equations.VEERG_3_2_1_1__3_FeedIntakeForGrazingBeef_Arguments(), 1, 2)} -> W_jkl | E41: liveweight (kg) | G41: {=_xlfn.CHOOSECOLS(EntericMethane_PastureBeef_Equations.VEERG_3_2_1_1__3_FeedIntakeForGrazingBeef_Arguments(), 3,4)} -> kg | H41: Input | I41: {=HYPERLINK(Common_InputFunctions.Utility_SourceHyperlink($D$45), $D$45)} -> M1_Table_W_j_k_l | U41: M2_Table_W_j_k_l
D42: LWG_jkl | E42: live weight gain (kg/head/day) | G42: kg/head/day | H42: Input | I42: {=HYPERLINK(Common_InputFunctions.Utility_SourceHyperlink($D$53), $D$53)} -> M1_Table_LWG_j_k_l | U42: Liveweight (Method 2)
D43: MA_jk45 | E43: additional intake for milk production in cows greater than 2 years | G43: kg/head/day | H43: Calculated from 3.2.1.1, (4) | I43: {=HYPERLINK(Common_InputFunctions.Utility_SourceHyperlink($D$23), $D$23)} -> M1_Table_MA_j_k-4-5 | U43: Month | V43: Bulls < 1 year | W43: Bulls > 1 year | X43: Cows < 1 year | Y43: Cows 1-2 years | Z43: Cows 2-3 years | AA43: Cows > 3 years | AB43: Steers < 1 year | AC43: Steers 1-2 years | AD43: Steers 2-3 years | AE43: Steers >3 years
U44: =TEXT(X_Cell_Site_StartDate,"mmmm") -> January | V44: {=OFFSET(X_Table_PastureBeef_Liveweight_Method2,1,1,12,10)} -> 380 | W44: 780 | X44: 300 | Y44: 450 | Z44: 530 | AA44: 530 | AB44: 340 | AC44: 470 | AD44: 470 | AE44: 470 | AF44: kg/head
D45: M1_Table_W_j_k_l | U45: =TEXT(EDATE(X_Cell_Site_StartDate,1), "mmmm") -> February | V45: 380 | W45: 780 | X45: 300 | Y45: 450 | Z45: 530 | AA45: 530 | AB45: 340 | AC45: 470 | AD45: 470 | AE45: 470 | AF45: kg/head
D46: Liveweight (Method 1) | U46: =TEXT(EDATE(X_Cell_Site_StartDate,2), "mmmm") -> March | V46: 100 | W46: 680 | X46: 80 | Y46: 320 | Z46: 480 | AA46: 480 | AB46: 100 | AC46: 340 | AD46: 340 | AE46: 340 | AF46: kg/head
D47: Season | E47: Bulls < 1 year | F47: Bulls > 1 year | G47: Cows < 1 year | H47: Cows 1-2 years | I47: Cows 2-3 years | J47: Cows > 3 years | K47: Steers < 1 year | L47: Steers 1-2 years | M47: Steers 2-3 years | N47: Steers >3 years | U47: =TEXT(EDATE(X_Cell_Site_StartDate,3), "mmmm") -> April | V47: 100 | W47: 680 | X47: 80 | Y47: 320 | Z47: 480 | AA47: 480 | AB47: 100 | AC47: 340 | AD47: 340 | AE47: 340 | AF47: kg/head
D48: =INDEX(X_Table_PastureBeef_Liveweight_Method1,2,1) -> Spring | E48: {=OFFSET(X_Table_PastureBeef_Liveweight_Method1, 1,1, 4,10)} -> 340 | F48: 800 | G48: 260 | H48: 420 | I48: 550 | J48: 550 | K48: 300 | L48: 480 | M48: 480 | N48: 480 | O48: kg/head | U48: =TEXT(EDATE(X_Cell_Site_StartDate,4), "mmmm") -> May | V48: 100 | W48: 680 | X48: 80 | Y48: 320 | Z48: 480 | AA48: 480 | AB48: 100 | AC48: 340 | AD48: 340 | AE48: 340 | AF48: kg/head
D49: =INDEX(X_Table_PastureBeef_Liveweight_Method1,3,1) -> Summer | E49: 380 | F49: 780 | G49: 300 | H49: 450 | I49: 530 | J49: 530 | K49: 340 | L49: 470 | M49: 470 | N49: 470 | O49: kg/head | U49: =TEXT(EDATE(X_Cell_Site_StartDate,5), "mmmm") -> June | V49: 190 | W49: 700 | X49: 150 | Y49: 330 | Z49: 490 | AA49: 490 | AB49: 170 | AC49: 360 | AD49: 360 | AE49: 360 | AF49: kg/head
D50: =INDEX(X_Table_PastureBeef_Liveweight_Method1,4,1) -> Autumn | E50: 100 | F50: 680 | G50: 80 | H50: 320 | I50: 480 | J50: 480 | K50: 100 | L50: 340 | M50: 340 | N50: 340 | O50: kg/head | U50: =TEXT(EDATE(X_Cell_Site_StartDate,6), "mmmm") -> July | V50: 190 | W50: 700 | X50: 150 | Y50: 330 | Z50: 490 | AA50: 490 | AB50: 170 | AC50: 360 | AD50: 360 | AE50: 360 | AF50: kg/head
D51: =INDEX(X_Table_PastureBeef_Liveweight_Method1,5,1) -> Winter | E51: 190 | F51: 700 | G51: 150 | H51: 330 | I51: 490 | J51: 490 | K51: 170 | L51: 360 | M51: 360 | N51: 360 | O51: kg/head | U51: =TEXT(EDATE(X_Cell_Site_StartDate,7), "mmmm") -> August | V51: 190 | W51: 700 | X51: 150 | Y51: 330 | Z51: 490 | AA51: 490 | AB51: 170 | AC51: 360 | AD51: 360 | AE51: 360 | AF51: kg/head
U52: =TEXT(EDATE(X_Cell_Site_StartDate,8), "mmmm") -> September | V52: 340 | W52: 800 | X52: 260 | Y52: 420 | Z52: 550 | AA52: 550 | AB52: 300 | AC52: 480 | AD52: 480 | AE52: 480 | AF52: kg/head
D53: M1_Table_LWG_j_k_l | U53: =TEXT(EDATE(X_Cell_Site_StartDate,9), "mmmm") -> October | V53: 340 | W53: 800 | X53: 260 | Y53: 420 | Z53: 550 | AA53: 550 | AB53: 300 | AC53: 480 | AD53: 480 | AE53: 480 | AF53: kg/head
D54: Liveweight gain (Method 1) | U54: =TEXT(EDATE(X_Cell_Site_StartDate,10), "mmmm") -> November | V54: 340 | W54: 800 | X54: 260 | Y54: 420 | Z54: 550 | AA54: 550 | AB54: 300 | AC54: 480 | AD54: 480 | AE54: 480 | AF54: kg/head
