Workbook
Name Common_Equations.Common_ConvertCH4ToCO2e: _xlfn.LAMBDA(_xlpm.E_CH4,_xlpm.GWP_CH4, _xlpm.E_CH4 * _xlpm.GWP_CH4)
Name Common_Equations.Common_ConvertCH4ToCO2e_Arguments: _xlfn.LAMBDA(_xlfn.MAKEARRAY(2, 2, _xlfn.LAMBDA(_xlpm.r,_xlpm.c, INDEX({"ECH4","Methane emissions (t CH4)";"GWPCH4","Global warming potential for methane (t CO2-e / t CH4)"}, _xlpm.r, _xlpm.c))))
Name Common_Equations.Common_ConvertCH4ToCO2e_LatexEquation: _xlfn.LAMBDA("CO2_e = E_{CH4} \times GWP_{CH4}")
Name Common_Equations.Common_ConvertCH4ToCO2e_NIRReference: _xlfn.LAMBDA("")
Name Common_Equations.Common_ConvertCH4ToCO2e_Title: _xlfn.LAMBDA("Convert methane emissions to carbon dioxide equivalent emissions")
Name Common_Equations.Common_ConvertCH4ToCO2e_Unit: _xlfn.LAMBDA("t CO2e")
Name Common_Equations.Common_ConvertCH4ToCO2e_Variable: _xlfn.LAMBDA("ECH4 CO2e")
Name Common_Equations.Common_ConvertN2OToCO2e: _xlfn.LAMBDA(_xlpm.E_N2O,_xlpm.GWP_N2O, _xlpm.E_N2O * _xlpm.GWP_N2O)
Name Common_Equations.Common_ConvertN2OToCO2e_LatexEquation: _xlfn.LAMBDA("CO2_e = E_{N2O} \times GWP_{N2O}")
Name Common_Equations.Common_ConvertN2OToCO2e_NIRReference: _xlfn.LAMBDA("")
Name Common_Equations.Common_ConvertN2OToCO2e_Title: _xlfn.LAMBDA("Convert nitrous oxide emissions to carbon dioxide equivalent emissions")
Name Common_Equations.Common_ConvertN2OToCO2e_Unit: _xlfn.LAMBDA("t CO2e")
Name Common_Equations.Common_ConvertN2OToCO2e_Variable: _xlfn.LAMBDA("EN2O CO2e")
Name Common_InputFunctions.Utility_DisplayFunctionName: _xlfn.LAMBDA(_xlpm.Function, _xlfn.TEXTBEFORE(_xlfn.FORMULATEXT(_xlpm.Function), "("))
Name Common_InputFunctions.Utility_GetArrayTableColumnStartNumber: _xlfn.LAMBDA(_xlpm.TableHeaderCell, COLUMN(_xlpm.TableHeaderCell))
Name Common_InputFunctions.Utility_GetArrayTableRowStartNumber: _xlfn.LAMBDA(_xlpm.TableheaderCell,_xlpm.RowsBetweenHeaderandArray, ROW(_xlpm.TableheaderCell) + _xlpm.RowsBetweenHeaderandArray - 1)
Name Common_InputFunctions.Utility_LookupValueInTable: _xlfn.LAMBDA(_xlpm.LookupValue,_xlpm.LookupArray,_xlpm.ReturnArray, _xlfn.XLOOKUP(_xlpm.LookupValue, _xlpm.LookupArray, _xlpm.ReturnArray, ""))
Name Common_SourceData.Common_SourceData_AustralianStatesTerritories_Source: _xlfn.LAMBDA("")
Name Common_SourceData.Common_SourceData_AustralianStatesTerritories_Title: _xlfn.LAMBDA("Australian states and territories")
Name Common_SourceData.Common_SourceData_AustralianStatesTerritories_Unit: _xlfn.LAMBDA("")
Name Common_SourceData.Common_SourceData_AustralianStatesTerritories_Variable: _xlfn.LAMBDA("")
Name Common_SourceData.Common_SourceData_ClimateZones_Source: _xlfn.LAMBDA("VEERG 2026: Table 1.3: Climate and Rainfall zone classifications and definitions")
Name Common_SourceData.Common_SourceData_ClimateZones_Title: _xlfn.LAMBDA("VEERG Australian climate zones")
Name Common_SourceData.Common_SourceData_ClimateZones_Unit: _xlfn.LAMBDA("")
Name Common_SourceData.Common_SourceData_ClimateZones_Variable: _xlfn.LAMBDA("")
Name Common_SourceData.Common_SourceData_ConvertGasElementalToMolecular_Source: _xlfn.LAMBDA("XXXXXXX")
Name Common_SourceData.Common_SourceData_ConvertGasElementalToMolecular_Title: _xlfn.LAMBDA("Factor to convert elemental mass of gas to molecular mass")
Name Common_SourceData.Common_SourceData_ConvertGasElementalToMolecular_Unit: _xlfn.LAMBDA("factor")
Name Common_SourceData.Common_SourceData_ConvertGasElementalToMolecular_Variable: _xlfn.LAMBDA("Cg")
Name Common_SourceData.Common_SourceData_ConvertN2oElementalToMolecularCg_Data: _xlfn.LAMBDA(44 / 28)
Name Common_SourceData.Common_SourceData_ConvertN2oElementalToMolecularCg_Source: _xlfn.LAMBDA("National Inventory Report 2023 Volume 1")
Name Common_SourceData.Common_SourceData_ConvertN2oElementalToMolecularCg_Title: _xlfn.LAMBDA("Factor to convert elemental mass of N2O to molecular mass")
Name Common_SourceData.Common_SourceData_ConvertN2oElementalToMolecularCg_Unit: _xlfn.LAMBDA("factor")
Name Common_SourceData.Common_SourceData_ConvertN2oElementalToMolecularCg_Variable: _xlfn.LAMBDA("CgN2O")
Name Common_SourceData.Common_SourceData_DataScores_Scope3_Source: _xlfn.LAMBDA("VEERG 2026: XXXXXXXX")
Name Common_SourceData.Common_SourceData_DataScores_Scope3_Title: _xlfn.LAMBDA("Australian data scores for scope 3")
Name Common_SourceData.Common_SourceData_DataScores_Scope3_Unit: _xlfn.LAMBDA("")
Name Common_SourceData.Common_SourceData_DataScores_Scope3_Variable: _xlfn.LAMBDA("")
Name Common_SourceData.Common_SourceData_DataScores_Scope3_Variation: _xlfn.LAMBDA("")
Name Common_SourceData.Common_SourceData_DensityOfMethane_Data: _xlfn.LAMBDA(0.6784)
Name Common_SourceData.Common_SourceData_DensityOfMethane_Source: _xlfn.LAMBDA("National Inventory Report 2023 Volume 1: Equations 3.B.1a_2, 3.B.1c_2, 3.B.3_1, 3.B.4g_2")
Name Common_SourceData.Common_SourceData_DensityOfMethane_Title: _xlfn.LAMBDA("p = density of methane")
Name Common_SourceData.Common_SourceData_DensityOfMethane_Unit: _xlfn.LAMBDA("kg/m3")
Name Common_SourceData.Common_SourceData_EFleach_Data: _xlfn.LAMBDA(_xlfn.MAKEARRAY(1, 2, _xlfn.LAMBDA(_xlpm.r,_xlpm.c, INDEX({"EFleach",0.011}, _xlpm.r, _xlpm.c))))
Name Common_SourceData.Common_SourceData_EFleach_NIRReference: _xlfn.LAMBDA("National Inventory Report Volume 1: Equation 3.D.B_10")
Name Common_SourceData.Common_SourceData_EFleach_Source: _xlfn.LAMBDA("VEERG 2026:5.5.2.3 Constant Parameters")
Name Common_SourceData.Common_SourceData_EFleach_Title: _xlfn.LAMBDA("Emission factor for nitrogen leaching and runoff")
Name Common_SourceData.Common_SourceData_EFleach_Unit: _xlfn.LAMBDA("(kg N2O-N / kg N")
Name Common_SourceData.Common_SourceData_EFleach_Variation: _xlfn.LAMBDA((""))
Name Common_SourceData.Common_SourceData_EFN2O_NIRReference: _xlfn.LAMBDA("")
Name Common_SourceData.Common_SourceData_EFN2O_Source: _xlfn.LAMBDA("VEERG 2026: Table A.2.2.1")
Name Common_SourceData.Common_SourceData_EFN2O_Title: _xlfn.LAMBDA("Nitrous oxide emission factors for inorganic fertiliser application")
Name Common_SourceData.Common_SourceData_EFN2O_Unit: _xlfn.LAMBDA("(kg N2O-N / kg N")
Name Common_SourceData.Common_SourceData_FracLEACH_Data: _xlfn.LAMBDA(_xlfn.MAKEARRAY(1, 2, _xlfn.LAMBDA(_xlpm.r,_xlpm.c, INDEX({"FracLEACH",0.24}, _xlpm.r, _xlpm.c))))
Name Common_SourceData.Common_SourceData_FracLEACH_NIRReference: _xlfn.LAMBDA("National Inventory Report Volume 1: Leaching and runoff (3.D.b.2)")
Name Common_SourceData.Common_SourceData_FracLEACH_Source: _xlfn.LAMBDA("VEERG 2026:5.5.2.3 Constant Parameters")
Name Common_SourceData.Common_SourceData_FracLEACH_Title: _xlfn.LAMBDA("Fraction of N that is available for leaching and runoff")
Name Common_SourceData.Common_SourceData_FracLEACH_Unit: _xlfn.LAMBDA("(Dimensionless")
Name Common_SourceData.Common_SourceData_FracLEACH_Variation: _xlfn.LAMBDA((""))
Name Common_SourceData.Common_SourceData_FracWET_Data: _xlfn.LAMBDA(_xlfn.MAKEARRAY(3, 2, _xlfn.LAMBDA(_xlpm.r,_xlpm.c, INDEX({"Is in leaching zone","FracWET";"Yes - in leaching zone",1;"No - not in leaching zone",0}, _xlpm.r, _xlpm.c))))

Sheet Home

Sheet Results
A1: #VALUE! | C1: 4.1 Manure management: Beef Feedlot: Results
A3: =HYPERLINK("#'Home'!A1", "Home") -> Home
A4: =HYPERLINK("#'Results'!A1", "Results") -> Results | D4: Emissions breakdown
A6: INPUTS | D6: Scope 1 source | E6: GHG emissions | F6: GHG Unit | G6: CO2-e emissions | H6: CO2-e unit
A7: =HYPERLINK("#'Input - Site'!A1", "Site") -> Site | D7: 4.1.1.1 Method 1 Manure methane | E7: ='4.1.1.1-2 Methane'!E164 -> 0 | F7: ='4.1.1.1-2 Methane'!F164 -> 0 | G7: ='4.1.1.1-2 Methane'!E169 -> 0 | H7: ='4.1.1.1-2 Methane'!F169 -> 0
A8: =HYPERLINK("#'Input - Feedlot'!A1", "Feedlot") -> Feedlot | D8: 4.1.1.2 Method 2 Manure methane | E8: ='4.1.1.1-2 Methane'!N164 -> 0 | F8: ='4.1.1.1-2 Methane'!O164 -> 0 | G8: ='4.1.1.1-2 Methane'!N169 -> 0 | H8: ='4.1.1.1-2 Methane'!O169 -> 0
D9: 4.1.1.3 Method 1 Manure direct N2O | E9: ='4.1.1.3-4 Direct N20'!E207 -> #REF! | F9: ='4.1.1.3-4 Direct N20'!F207 -> t N2O | G9: ='4.1.1.3-4 Direct N20'!E212 -> #REF! | H9: ='4.1.1.3-4 Direct N20'!F212 -> t CO2e
A10: CALCULATIONS | D10: 4.1.1.4 Method 2 Manure direct N2O | E10: ='4.1.1.3-4 Direct N20'!M207 -> #REF! | F10: ='4.1.1.3-4 Direct N20'!N207 -> t N2O | G10: ='4.1.1.3-4 Direct N20'!M212 -> #REF! | H10: ='4.1.1.3-4 Direct N20'!N212 -> t CO2e
A11: =HYPERLINK("#'4.1.1.1-2 Methane'!A1", "4.1.1.1-2 Methane") -> 4.1.1.1-2 Methane | D11: 4.1.1.5 Method 1 Manure atmospheric deposition | E11: ='4.1.1.5-6 Atmos Deposition'!$E$60 -> #REF! | F11: ='4.1.1.5-6 Atmos Deposition'!$F$60 -> t N2O | G11: ='4.1.1.5-6 Atmos Deposition'!$E$65 -> #REF! | H11: ='4.1.1.5-6 Atmos Deposition'!$F$65 -> t CO2e
A12: =HYPERLINK("#'4.1.1.3-4 Direct N20'!A1", "4.1.1.3-4 Direct N2O") -> 4.1.1.3-4 Direct N2O | D12: 4.1.1.6 Method 2 Manure atmospheric deposition | E12: ='4.1.1.5-6 Atmos Deposition'!$M$60 -> #REF! | F12: ='4.1.1.5-6 Atmos Deposition'!$N$60 -> t N2O | G12: ='4.1.1.5-6 Atmos Deposition'!$M$65 -> #REF! | H12: ='4.1.1.5-6 Atmos Deposition'!$N$65 -> t CO2e
A13: =HYPERLINK("#'4.1.1.5-6 Atmos Deposition'!A1", "4.1.1.5-6 Atmospheric deposition") -> 4.1.1.5-6 Atmospheric deposition | D13: 4.1.1.7 Method 1 Manure leaching and runoff | E13: N/A | F13: N/A | G13: 0 | H13: N/A
A14: =HYPERLINK("#'4.1.1.9 Manure applied to soils'!A1", "4.1.1.9 Manure applied to soils") -> 4.1.1.9 Manure applied to soils | D14: 4.1.1.8 Method 1 Manure leaching and runoff | E14: N/A | F14: N/A | G14: 0 | H14: N/A
D15: Total | G15: =SUM(G7:G14) -> #REF! | H15: ='4.1.1.5-6 Atmos Deposition'!$N$65 -> t CO2e
A16: APPENDICES
A17: =HYPERLINK("#'Constants - Feedlot'!A1", "Constants - Feedlot") -> Constants - Feedlot | D17: WARNING: Manure nitrogen that was applied to soils must be accounted for
A18: =HYPERLINK("#'Constants - Livestock'!A1", "Constants - Livestock") -> Constants - Livestock | D18: See the table below for how to account for manure applied to soils for scope 1 and 3.
A19: =HYPERLINK("#'Constants - Common'!A1", "Constants - Common") -> Constants - Common
A20: =HYPERLINK("#'Acknowledgements'!A1", "Acknowledgements") -> Acknowledgements | D20: Manure nitrogen use | E20: Amount of N in manure | F20: N unit | G20: Emissions allocated to | H20: VEERG Calculation method
D21: Manure nitrogen deposited on farm soils with no other purpose (aka waste) | E21: ='4.1.1.9 Manure applied to soils'!$E$56 -> #REF! | F21: ='4.1.1.9 Manure applied to soils'!$F$56 -> kg N | G21: This feedlot | H21: 5.2.2.1 (1), 5.4.1.3 (1, 2), 5.5.1.1 (1, 3)
D22: Manure nitrogen deposited on farm soils as fertiliser for other farm enterpsies (eg crops) | E22: ='4.1.1.9 Manure applied to soils'!$E$104 -> #REF! | F22: ='4.1.1.9 Manure applied to soils'!$F$104 -> kg N | G22: Crops or pasture that use manure as fertiliser | H22: 5.2.2.1 (1), 5.4.1.3 (1, 2), 5.5.1.1 (1, 3)
D23: Manure nitrogen sold | E23: ='4.1.1.9 Manure applied to soils'!$E$123 -> #REF! | F23: ='4.1.1.9 Manure applied to soils'!$F$123 -> kg N | G23: Scope 3 (downstream) | H23: 15.13.1.1 (1), 5.2.2.1 (1), 5.4.1.3 (1, 2), 5.5.1.1 (1, 3)

Sheet Input - Site
A1: #VALUE! | C1: Input - Site
A3: =HYPERLINK("#'Home'!A1", "Home") -> Home
A4: =HYPERLINK("#'Results'!A1", "Results") -> Results
D5: Your business
A6: INPUTS
A7: =HYPERLINK("#'Input - Site'!A1", "Site") -> Site | D7: Farm name | E7: Test Farms
A8: =HYPERLINK("#'Input - Feedlot'!A1", "Feedlot") -> Feedlot | D8: Reporting entity name | E8: Test Farms Pty Ltd
A10: CALCULATIONS | D10: 💡An 'Emissions accounting period' is a 12 month period where the business can report on the emissions, and is typically the same as the business' financial accounting period.
A11: =HYPERLINK("#'4.1.1.1-2 Methane'!A1", "4.1.1.1-2 Methane") -> 4.1.1.1-2 Methane
A12: =HYPERLINK("#'4.1.1.3-4 Direct N20'!A1", "4.1.1.3-4 Direct N2O") -> 4.1.1.3-4 Direct N2O | D12: Emissions calculation period start date | E12: 45292 | F12: ← DD/MM/YYYY or DD Month YYYY
A13: =HYPERLINK("#'4.1.1.5-6 Atmos Deposition'!A1", "4.1.1.5-6 Atmospheric deposition") -> 4.1.1.5-6 Atmospheric deposition | D13: Emissions calculation period end date | E13: =DATE(YEAR(E12)+1,MONTH(E12),DAY(E12))-1 -> 45657 | F13: ← Automatically calculated, 12 months after start date
A14: =HYPERLINK("#'4.1.1.9 Manure applied to soils'!A1", "4.1.1.9 Manure applied to soils") -> 4.1.1.9 Manure applied to soils
A16: APPENDICES | D16: Location and climate
A17: =HYPERLINK("#'Constants - Feedlot'!A1", "Constants - Feedlot") -> Constants - Feedlot
A18: =HYPERLINK("#'Constants - Livestock'!A1", "Constants - Livestock") -> Constants - Livestock | D18: Location information is used to reference some region and climate-specific emission factors
A19: =HYPERLINK("#'Constants - Common'!A1", "Constants - Common") -> Constants - Common | D19: Tip: Use the web-based GAF Location Helper tool to easily get region and climate information. You will need an internet connection to use the GAF Location Helper.
A20: =HYPERLINK("#'Acknowledgements'!A1", "Acknowledgements") -> Acknowledgements
D21: State | E21: New South Wales | F21: ← Please select
D22: Region (ABS Statistical area level 4) if state is WA | E22: Western Australia - Outback (South) | F22: ← Please select
D23: Leaching zone | E23: NO - Not in leaching zone | F23: ← Please select
D24: Elevation | E24: 307.7 | F24: Meters
D25: Average temperature for reporting period | E25: 18 | F25: Degrees celsius
D26: Total rainfall for reporting period | E26: 601 | F26: Millimetres
D27: Potential evapotranspiration for reporting period | E27: 1326 | F27: Millimetres
D28: Number of frost days for reporting period | E28: 7 | F28: Days
D29: MAP:PET ratio | E29: =E26/E27 -> 0.45324284
D30: Rainfall zone | E30: =Common_InputFunctions.Utility_LookupItemFromMinMax(E26,Table_SourceData_RainfallZones[Min rainfall],Table_SourceData_RainfallZones[Max rainfall],Table_SourceData_RainfallZones[Rainfall Zone]) -> High rainfall
D31: Climate zone | E31: =Common_InputFunctions.Utility_GetClimateZone(E25,E26,E28,E24,E29,Table_SourceData_ClimateZones[Min temp],Table_SourceData_ClimateZones[Max temp],Table_SourceData_ClimateZones[Min rainfall],Table_SourceData_ClimateZones[Max rainfall],Table_SourceData_ClimateZones[Min frost days],Table_SourceData_ClimateZones[Max frost days],Table_SourceData_ClimateZones[Min elevation],Table_SourceData_ClimateZones[Max elevation],Table_SourceData_ClimateZones[Min MAP:PET],Table_SourceData_ClimateZones[Max MAP:PET],Table_SourceData_ClimateZones[Climate zone]) -> Warm temperate dry
D32: Wet or dry climate zone | E32: =Common_InputFunctions.Utility_LookupValueInTable($E$31,Table_SourceData_WetDryZones[Climate zone],Table_SourceData_WetDryZones[Wet or Dry Zone]) -> Dry climate zone
D33: Temperature zone | E33: =Common_InputFunctions.Utility_LookupItemFromMinMax(E25,Table_SourceData_TemperatureZones[Min MAT],Table_SourceData_TemperatureZones[Max MAT],Table_SourceData_TemperatureZones[Temperature Zone]) -> Temperate

Sheet Input - Dairy
A1: #VALUE! | C1: Input -Dairy
A3: =HYPERLINK("#'Home'!A1", "Home") -> Home
A4: =HYPERLINK("#'Results'!A1", "Results") -> Results
D5: Herd movement
A6: INPUTS
A7: =HYPERLINK("#'Input - Site'!A1", "Site") -> Site | E7: Milking cows | F7: Heifers > 1 year | G7: Heifers < 1 year | H7: Bulls > 1 year | I7: Bulls < 1 year
A8: =HYPERLINK("#'Input - Dairy'!A1", "Dairy") -> Dairy | D8: ="Average number of head between " & TEXT('Input - Site'!$E$12, "dd mmm yy") & " and " & TEXT('Input - Site'!$E$13, "dd mmm yy") -> Average number of head between 01 Jan 24 and 31 Dec 24 | E8: 100 | F8: 100 | G8: 100 | H8: 100 | I8: 100 | J8: head
A10: CALCULATIONS | D10: Duration of stay
A11: =HYPERLINK("#'4.1.1.1-2 Methane'!A1", "4.1.1.1-2 Methane") -> 4.1.1.1-2 Methane
A12: =HYPERLINK("#'4.1.1.3-4 Direct N20'!A1", "4.1.1.3-4 Direct N2O") -> 4.1.1.3-4 Direct N2O | D12: Method 1 default values (Do not edit) | E12: Milking cows | F12: Heifers > 1 year | G12: Heifers < 1 year | H12: Bulls > 1 year | I12: Bulls < 1 year
A13: =HYPERLINK("#'4.1.1.5-6 Atmos Deposition'!A1", "4.1.1.5-6 Atmospheric deposition") -> 4.1.1.5-6 Atmospheric deposition | D13: ="Average duration of stay between " & TEXT('Input - Site'!$E$12, "dd mmm yy") & " and " & TEXT('Input - Site'!$E$13, "dd mmm yy") & " weaned livestock" -> Average duration of stay between 01 Jan 24 and 31 Dec 24 weaned livestock | E13: {=Common_InputFunctions.Utility_LookupValueInTableNumber(E12,Table_SourceData_Dairy_Duration[Animal class j],Table_SourceData_Dairy_Duration[Duration (weaned)])} -> 365 | F13: {=Common_InputFunctions.Utility_LookupValueInTableNumber(F12,Table_SourceData_Dairy_Duration[Animal class j],Table_SourceData_Dairy_Duration[Duration (weaned)])} -> 365 | G13: {=Common_InputFunctions.Utility_LookupValueInTableNumber(G12,Table_SourceData_Dairy_Duration[Animal class j],Table_SourceData_Dairy_Duration[Duration (weaned)])} -> 281 | H13: {=Common_InputFunctions.Utility_LookupValueInTableNumber(H12,Table_SourceData_Dairy_Duration[Animal class j],Table_SourceData_Dairy_Duration[Duration (weaned)])} -> 365 | I13: {=Common_InputFunctions.Utility_LookupValueInTableNumber(I12,Table_SourceData_Dairy_Duration[Animal class j],Table_SourceData_Dairy_Duration[Duration (weaned)])} -> 281 | J13: Days
A14: =HYPERLINK("#'4.1.1.9 Manure applied to soils'!A1", "4.1.1.9 Manure applied to soils") -> 4.1.1.9 Manure applied to soils | D14: ="Average duration of stay between " & TEXT('Input - Site'!$E$12, "dd mmm yy") & " and " & TEXT('Input - Site'!$E$13, "dd mmm yy") & " pre-weaned livestock" -> Average duration of stay between 01 Jan 24 and 31 Dec 24 pre-weaned livestock | E14: {=Common_InputFunctions.Utility_LookupValueInTableNumber(E12,Table_SourceData_Dairy_Duration[Animal class j],Table_SourceData_Dairy_Duration[Duration (pre-weaned)])} -> 0 | F14: {=Common_InputFunctions.Utility_LookupValueInTableNumber(F12,Table_SourceData_Dairy_Duration[Animal class j],Table_SourceData_Dairy_Duration[Duration (pre-weaned)])} -> 0 | G14: {=Common_InputFunctions.Utility_LookupValueInTableNumber(G12,Table_SourceData_Dairy_Duration[Animal class j],Table_SourceData_Dairy_Duration[Duration (pre-weaned)])} -> 84 | H14: {=Common_InputFunctions.Utility_LookupValueInTableNumber(H12,Table_SourceData_Dairy_Duration[Animal class j],Table_SourceData_Dairy_Duration[Duration (pre-weaned)])} -> 0 | I14: {=Common_InputFunctions.Utility_LookupValueInTableNumber(I12,Table_SourceData_Dairy_Duration[Animal class j],Table_SourceData_Dairy_Duration[Duration (pre-weaned)])} -> 84 | J14: Days
A16: APPENDICES | D16: Method 2 custom values (Edit if known) | E16: Milking cows | F16: Heifers > 1 year | G16: Heifers < 1 year | H16: Bulls > 1 year | I16: Bulls < 1 year
A17: =HYPERLINK("#'Constants - Dairy'!A1", "Constants - Dairy") -> Constants - Dairy | D17: ="Average duration of stay between " & TEXT('Input - Site'!$E$12, "dd mmm yy") & " and " & TEXT('Input - Site'!$E$13, "dd mmm yy") & " weaned livestock" -> Average duration of stay between 01 Jan 24 and 31 Dec 24 weaned livestock | E17: {=Common_InputFunctions.Utility_LookupValueInTableNumber(E16,Table_SourceData_Dairy_Duration[Animal class j],Table_SourceData_Dairy_Duration[Duration (weaned)])} -> 365 | F17: {=Common_InputFunctions.Utility_LookupValueInTableNumber(F16,Table_SourceData_Dairy_Duration[Animal class j],Table_SourceData_Dairy_Duration[Duration (weaned)])} -> 365 | G17: {=Common_InputFunctions.Utility_LookupValueInTableNumber(G16,Table_SourceData_Dairy_Duration[Animal class j],Table_SourceData_Dairy_Duration[Duration (weaned)])} -> 281 | H17: {=Common_InputFunctions.Utility_LookupValueInTableNumber(H16,Table_SourceData_Dairy_Duration[Animal class j],Table_SourceData_Dairy_Duration[Duration (weaned)])} -> 365 | I17: {=Common_InputFunctions.Utility_LookupValueInTableNumber(I16,Table_SourceData_Dairy_Duration[Animal class j],Table_SourceData_Dairy_Duration[Duration (weaned)])} -> 281 | J17: Days
A18: =HYPERLINK("#'Constants - Livestock'!A1", "Constants - Livestock") -> Constants - Livestock | D18: ="Average duration of stay between " & TEXT('Input - Site'!$E$12, "dd mmm yy") & " and " & TEXT('Input - Site'!$E$13, "dd mmm yy") & " pre-weaned livestock" -> Average duration of stay between 01 Jan 24 and 31 Dec 24 pre-weaned livestock | E18: {=Common_InputFunctions.Utility_LookupValueInTableNumber(E16,Table_SourceData_Dairy_Duration[Animal class j],Table_SourceData_Dairy_Duration[Duration (pre-weaned)])} -> 0 | F18: {=Common_InputFunctions.Utility_LookupValueInTableNumber(F16,Table_SourceData_Dairy_Duration[Animal class j],Table_SourceData_Dairy_Duration[Duration (pre-weaned)])} -> 0 | G18: {=Common_InputFunctions.Utility_LookupValueInTableNumber(G16,Table_SourceData_Dairy_Duration[Animal class j],Table_SourceData_Dairy_Duration[Duration (pre-weaned)])} -> 84 | H18: {=Common_InputFunctions.Utility_LookupValueInTableNumber(H16,Table_SourceData_Dairy_Duration[Animal class j],Table_SourceData_Dairy_Duration[Duration (pre-weaned)])} -> 0 | I18: {=Common_InputFunctions.Utility_LookupValueInTableNumber(I16,Table_SourceData_Dairy_Duration[Animal class j],Table_SourceData_Dairy_Duration[Duration (pre-weaned)])} -> 84 | J18: Days
A19: =HYPERLINK("#'Constants - Common'!A1", "Constants - Common") -> Constants - Common
A20: =HYPERLINK("#'Acknowledgements'!A1", "Acknowledgements") -> Acknowledgements
D21: Milk production
D22: Average daily milk production | E22: 44 | F22: litres/head/day
D25: Production systems
D26: Time spent in production systems
D27: Production system template | E27: System 3: Pasture-grazed 3-9 months/year | F27: ← Please select
D29: Method 1 default values (Do not edit) | E29: Milking cows | F29: Heifers > 1 year | G29: Heifers < 1 year | H29: Bulls > 1 year | I29: Bulls < 1 year
D30: Pasture | E30: {=Common_InputFunctions.Utility_LookupValueInTableNumber($E$27, Table_SourceData_Dairy_ProductionSystemTemplates[Area],Table_SourceData_Dairy_ProductionSystemTemplates[Pasture])} -> 0.534 | F30: {=Common_InputFunctions.Utility_LookupValueInTableNumber($E$27, Table_SourceData_Dairy_ProductionSystemTemplates[Area],Table_SourceData_Dairy_ProductionSystemTemplates[Pasture])} -> 0.534 | G30: {=Common_InputFunctions.Utility_LookupValueInTableNumber($E$27, Table_SourceData_Dairy_ProductionSystemTemplates[Area],Table_SourceData_Dairy_ProductionSystemTemplates[Pasture])} -> 0.534 | H30: {=Common_InputFunctions.Utility_LookupValueInTableNumber($E$27, Table_SourceData_Dairy_ProductionSystemTemplates[Area],Table_SourceData_Dairy_ProductionSystemTemplates[Pasture])} -> 0.534 | I30: {=Common_InputFunctions.Utility_LookupValueInTableNumber($E$27, Table_SourceData_Dairy_ProductionSystemTemplates[Area],Table_SourceData_Dairy_ProductionSystemTemplates[Pasture])} -> 0.534 | J30: Percent
D31: Milking shed | E31: {=Common_InputFunctions.Utility_LookupValueInTableNumber($E$27, Table_SourceData_Dairy_ProductionSystemTemplates[Area],Table_SourceData_Dairy_ProductionSystemTemplates[Milking shed])} -> 0.11 | F31: {=Common_InputFunctions.Utility_LookupValueInTableNumber($E$27, Table_SourceData_Dairy_ProductionSystemTemplates[Area],Table_SourceData_Dairy_ProductionSystemTemplates[Milking shed])} -> 0.11 | G31: {=Common_InputFunctions.Utility_LookupValueInTableNumber($E$27, Table_SourceData_Dairy_ProductionSystemTemplates[Area],Table_SourceData_Dairy_ProductionSystemTemplates[Milking shed])} -> 0.11 | H31: {=Common_InputFunctions.Utility_LookupValueInTableNumber($E$27, Table_SourceData_Dairy_ProductionSystemTemplates[Area],Table_SourceData_Dairy_ProductionSystemTemplates[Milking shed])} -> 0.11 | I31: {=Common_InputFunctions.Utility_LookupValueInTableNumber($E$27, Table_SourceData_Dairy_ProductionSystemTemplates[Area],Table_SourceData_Dairy_ProductionSystemTemplates[Milking shed])} -> 0.11 | J31: Percent
D32: Feed pad | E32: {=Common_InputFunctions.Utility_LookupValueInTableNumber($E$27, Table_SourceData_Dairy_ProductionSystemTemplates[Area],Table_SourceData_Dairy_ProductionSystemTemplates[Feedpad])} -> 0.356 | F32: {=Common_InputFunctions.Utility_LookupValueInTableNumber($E$27, Table_SourceData_Dairy_ProductionSystemTemplates[Area],Table_SourceData_Dairy_ProductionSystemTemplates[Feedpad])} -> 0.356 | G32: {=Common_InputFunctions.Utility_LookupValueInTableNumber($E$27, Table_SourceData_Dairy_ProductionSystemTemplates[Area],Table_SourceData_Dairy_ProductionSystemTemplates[Feedpad])} -> 0.356 | H32: {=Common_InputFunctions.Utility_LookupValueInTableNumber($E$27, Table_SourceData_Dairy_ProductionSystemTemplates[Area],Table_SourceData_Dairy_ProductionSystemTemplates[Feedpad])} -> 0.356 | I32: {=Common_InputFunctions.Utility_LookupValueInTableNumber($E$27, Table_SourceData_Dairy_ProductionSystemTemplates[Area],Table_SourceData_Dairy_ProductionSystemTemplates[Feedpad])} -> 0.356 | J32: Percent
D34: Method 2 custom values (Edit if known) | E34: Milking cows | F34: Heifers > 1 year | G34: Heifers < 1 year | H34: Bulls > 1 year | I34: Bulls < 1 year
D35: Pasture | E35: {=Common_InputFunctions.Utility_LookupValueInTableNumber($E$27, Table_SourceData_Dairy_ProductionSystemTemplates[Area],Table_SourceData_Dairy_ProductionSystemTemplates[Pasture])} -> 0.534 | F35: {=Common_InputFunctions.Utility_LookupValueInTableNumber($E$27, Table_SourceData_Dairy_ProductionSystemTemplates[Area],Table_SourceData_Dairy_ProductionSystemTemplates[Pasture])} -> 0.534 | G35: {=Common_InputFunctions.Utility_LookupValueInTableNumber($E$27, Table_SourceData_Dairy_ProductionSystemTemplates[Area],Table_SourceData_Dairy_ProductionSystemTemplates[Pasture])} -> 0.534 | H35: {=Common_InputFunctions.Utility_LookupValueInTableNumber($E$27, Table_SourceData_Dairy_ProductionSystemTemplates[Area],Table_SourceData_Dairy_ProductionSystemTemplates[Pasture])} -> 0.534 | I35: {=Common_InputFunctions.Utility_LookupValueInTableNumber($E$27, Table_SourceData_Dairy_ProductionSystemTemplates[Area],Table_SourceData_Dairy_ProductionSystemTemplates[Pasture])} -> 0.534 | J35: Percent
D36: Milking shed | E36: {=Common_InputFunctions.Utility_LookupValueInTableNumber($E$27, Table_SourceData_Dairy_ProductionSystemTemplates[Area],Table_SourceData_Dairy_ProductionSystemTemplates[Milking shed])} -> 0.11 | F36: {=Common_InputFunctions.Utility_LookupValueInTableNumber($E$27, Table_SourceData_Dairy_ProductionSystemTemplates[Area],Table_SourceData_Dairy_ProductionSystemTemplates[Milking shed])} -> 0.11 | G36: {=Common_InputFunctions.Utility_LookupValueInTableNumber($E$27, Table_SourceData_Dairy_ProductionSystemTemplates[Area],Table_SourceData_Dairy_ProductionSystemTemplates[Milking shed])} -> 0.11 | H36: {=Common_InputFunctions.Utility_LookupValueInTableNumber($E$27, Table_SourceData_Dairy_ProductionSystemTemplates[Area],Table_SourceData_Dairy_ProductionSystemTemplates[Milking shed])} -> 0.11 | I36: {=Common_InputFunctions.Utility_LookupValueInTableNumber($E$27, Table_SourceData_Dairy_ProductionSystemTemplates[Area],Table_SourceData_Dairy_ProductionSystemTemplates[Milking shed])} -> 0.11 | J36: Percent
D37: Feed pad | E37: {=Common_InputFunctions.Utility_LookupValueInTableNumber($E$27, Table_SourceData_Dairy_ProductionSystemTemplates[Area],Table_SourceData_Dairy_ProductionSystemTemplates[Feedpad])} -> 0.356 | F37: {=Common_InputFunctions.Utility_LookupValueInTableNumber($E$27, Table_SourceData_Dairy_ProductionSystemTemplates[Area],Table_SourceData_Dairy_ProductionSystemTemplates[Feedpad])} -> 0.356 | G37: {=Common_InputFunctions.Utility_LookupValueInTableNumber($E$27, Table_SourceData_Dairy_ProductionSystemTemplates[Area],Table_SourceData_Dairy_ProductionSystemTemplates[Feedpad])} -> 0.356 | H37: {=Common_InputFunctions.Utility_LookupValueInTableNumber($E$27, Table_SourceData_Dairy_ProductionSystemTemplates[Area],Table_SourceData_Dairy_ProductionSystemTemplates[Feedpad])} -> 0.356 | I37: {=Common_InputFunctions.Utility_LookupValueInTableNumber($E$27, Table_SourceData_Dairy_ProductionSystemTemplates[Area],Table_SourceData_Dairy_ProductionSystemTemplates[Feedpad])} -> 0.356 | J37: Percent
D40: Manure management systems
D41: ="From " & $D$31 -> From Milking shed
D43: Stage 1 MMS | E43: Milking cows | F43: Heifers > 1 year | G43: Heifers < 1 year | H43: Bulls > 1 year | I43: Bulls < 1 year
D44: ='Constants - Dairy'!$D$8 -> Anaerobic lagoon | E44: 0.25 | F44: 0.25 | G44: 0.25 | H44: 0.25 | I44: 0.25 | J44: Percent
D45: ="Were solids separated from " & $D$44 & "?" -> Were solids separated from Anaerobic lagoon? | E45: Yes | F45: ← Please select
D46: ="Percent solids separated from " & $D$44 & " (Method 1 - Do not edit)" -> Percent solids separated from Anaerobic lagoon (Method 1 - Do not edit) | E46: 0.2 | F46: Percent
D47: ="Percent solids separated from " & $D$44 & " (Method 2 - Edit if known)" -> Percent solids separated from Anaerobic lagoon (Method 2 - Edit if known) | E47: 0.2 | F47: Percent
D49: ='Constants - Dairy'!$D$9 -> Sump and dispersal system | E49: 0.25 | F49: 0.25 | G49: 0.25 | H49: 0.25 | I49: 0.25 | J49: Percent
D50: ="Were solids separated from " & $D$49 & "?" -> Were solids separated from Sump and dispersal system? | E50: Yes | F50: ← Please select
D51: ="Percent solids separated from " & $D$49 & " (Method 1 - Do not edit)" -> Percent solids separated from Sump and dispersal system (Method 1 - Do not edit) | E51: 0.2 | F51: Percent
D52: ="Percent solids separated from " & $D$49 & " (Method 2 - Edit if known)" -> Percent solids separated from Sump and dispersal system (Method 2 - Edit if known) | E52: 0.2 | F52: Percent
D54: ='Constants - Dairy'!$D$10 -> Drains to paddock | E54: 0.25 | F54: 0.25 | G54: 0.25 | H54: 0.25 | I54: 0.25 | J54: Percent
D55: ="Were solids separated from " & $D$54 & "?" -> Were solids separated from Drains to paddock? | E55: Yes | F55: ← Please select
D56: ="Percent solids separated from " & $D$54 & " (Method 1 - Do not edit)" -> Percent solids separated from Drains to paddock (Method 1 - Do not edit) | E56: 0.2 | F56: Percent
D57: ="Percent solids separated from " & $D$54 & " (Method 2 - Edit if known)" -> Percent solids separated from Drains to paddock (Method 2 - Edit if known) | E57: 0.2 | F57: Percent
D59: ='Constants - Dairy'!$D$11 -> Solid storage | E59: 0.25 | F59: 0.25 | G59: 0.25 | H59: 0.25 | I59: 0.25 | J59: Percent
D60: ="Perecnt separated from " & $D$44 & " (Method 1)" -> Perecnt separated from Anaerobic lagoon (Method 1) | E60: =E44*$E$46 -> 0.05 | F60: =F44*$E$46 -> 0.05 | G60: =G44*$E$46 -> 0.05 | H60: =H44*$E$46 -> 0.05 | I60: =I44*$E$46 -> 0.05 | J60: Percent
D61: ="Perecnt separated from " & $D$49 & " (Method 1)" -> Perecnt separated from Sump and dispersal system (Method 1) | E61: =E49*$E$51 -> 0.05 | F61: =F49*$E$51 -> 0.05 | G61: =G49*$E$51 -> 0.05 | H61: =H49*$E$51 -> 0.05 | I61: =I49*$E$51 -> 0.05 | J61: Percent
D62: ="Perecnt separated from " & $D$54 & " (Method 1)" -> Perecnt separated from Drains to paddock (Method 1) | E62: =E54*$E$56 -> 0.05 | F62: =F54*$E$56 -> 0.05 | G62: =G54*$E$56 -> 0.05 | H62: =H54*$E$56 -> 0.05 | I62: =I54*$E$56 -> 0.05 | J62: Percent
D63: Total percent sent to solid storage (Method 1) | E63: =E$59+SUM(E60:E62) -> 0.4 | F63: =F$59+SUM(F60:F62) -> 0.4 | G63: =G$59+SUM(G60:G62) -> 0.4 | H63: =H$59+SUM(H60:H62) -> 0.4 | I63: =I$59+SUM(I60:I62) -> 0.4 | J63: Percent
D65: Total manure sent to MMS (Must equal 100%) (Method 1) | E65: =(E44-(E44*$E$46))+(E49-(E49*$E$51))+(E54-(E54*$E$56))+E63 -> 1 | F65: =(F44-(F44*$E$46))+(F49-(F49*$E$51))+(F54-(F54*$E$56))+F63 -> 1 | G65: =(G44-(G44*$E$46))+(G49-(G49*$E$51))+(G54-(G54*$E$56))+G63 -> 1 | H65: =(H44-(H44*$E$46))+(H49-(H49*$E$51))+(H54-(H54*$E$56))+H63 -> 1 | I65: =(I44-(I44*$E$46))+(I49-(I49*$E$51))+(I54-(I54*$E$56))+I63 -> 1 | J65: Percent
D67: ="Perecnt separated from " & $D$44 & " (Method 2)" -> Perecnt separated from Anaerobic lagoon (Method 2) | E67: =E44*$E$47 -> 0.05 | F67: =F44*$E$47 -> 0.05 | G67: =G44*$E$47 -> 0.05 | H67: =H44*$E$47 -> 0.05 | I67: =I44*$E$47 -> 0.05 | J67: Percent
D68: ="Perecnt separated from " & $D$49 & " (Method 2)" -> Perecnt separated from Sump and dispersal system (Method 2) | E68: =E49*$E$52 -> 0.05 | F68: =F49*$E$52 -> 0.05 | G68: =G49*$E$52 -> 0.05 | H68: =H49*$E$52 -> 0.05 | I68: =I49*$E$52 -> 0.05 | J68: Percent
D69: ="Perecnt separated from " & $D$54 & " (Method 2)" -> Perecnt separated from Drains to paddock (Method 2) | E69: =E54*$E$57 -> 0.05 | F69: =F54*$E$57 -> 0.05 | G69: =G54*$E$57 -> 0.05 | H69: =H54*$E$57 -> 0.05 | I69: =I54*$E$57 -> 0.05 | J69: Percent
D70: Total percent sent to solid storage (Method 2) | E70: =E$59+SUM(E67:E69) -> 0.4 | F70: =F$59+SUM(F67:F69) -> 0.4 | G70: =G$59+SUM(G67:G69) -> 0.4 | H70: =H$59+SUM(H67:H69) -> 0.4 | I70: =I$59+SUM(I67:I69) -> 0.4 | J70: Percent
D72: Total manure sent to MMS (Must equal 100%) (Method 2) | E72: =(E44-(E44*$E$47))+(E49-(E49*$E$52))+(E54-(E54*$E$57))+E70 -> 1 | F72: =(F44-(F44*$E$47))+(F49-(F49*$E$52))+(F54-(F54*$E$57))+F70 -> 1 | G72: =(G44-(G44*$E$47))+(G49-(G49*$E$52))+(G54-(G54*$E$57))+G70 -> 1 | H72: =(H44-(H44*$E$47))+(H49-(H49*$E$52))+(H54-(H54*$E$57))+H70 -> 1 | I72: =(I44-(I44*$E$47))+(I49-(I49*$E$52))+(I54-(I54*$E$57))+I70 -> 1 | J72: Percent
D75: ="From " & $D$32 -> From Feed pad
D77: Stage 1 MMS | E77: Milking cows | F77: Heifers > 1 year | G77: Heifers < 1 year | H77: Bulls > 1 year | I77: Bulls < 1 year
D78: ='Constants - Dairy'!$D$8 -> Anaerobic lagoon | E78: 0.25 | F78: 0.25 | G78: 0.25 | H78: 0.25 | I78: 0.25 | J78: Percent
D79: ="Were solids separated from " & $D$44 & "?" -> Were solids separated from Anaerobic lagoon? | E79: No | F79: ← Please select
D80: ="Percent solids separated from " & $D$44 & " (Method 1 - Do not edit)" -> Percent solids separated from Anaerobic lagoon (Method 1 - Do not edit) | E80: =IF(E79="Yes", 20%, 0) -> 0 | F80: Percent
D81: ="Percent solids separated from " & $D$44 & " (Method 2 - Edit if known)" -> Percent solids separated from Anaerobic lagoon (Method 2 - Edit if known) | E81: =IF(E79="Yes", 20%, 0) -> 0 | F81: Percent
D83: ='Constants - Dairy'!$D$9 -> Sump and dispersal system | E83: 0.25 | F83: 0.25 | G83: 0.25 | H83: 0.25 | I83: 0.25 | J83: Percent
D84: ="Were solids separated from " & $D$49 & "?" -> Were solids separated from Sump and dispersal system? | E84: Yes | F84: ← Please select
D85: ="Percent solids separated from " & $D$49 & " (Method 1 - Do not edit)" -> Percent solids separated from Sump and dispersal system (Method 1 - Do not edit) | E85: =IF(E84="Yes", 20%, 0) -> 0.2 | F85: Percent
D86: ="Percent solids separated from " & $D$49 & " (Method 2 - Edit if known)" -> Percent solids separated from Sump and dispersal system (Method 2 - Edit if known) | E86: =IF(E84="Yes", 20%, 0) -> 0.2 | F86: Percent
D88: ='Constants - Dairy'!$D$10 -> Drains to paddock | E88: 0.25 | F88: 0.25 | G88: 0.25 | H88: 0.25 | I88: 0.25 | J88: Percent
D89: ="Were solids separated from " & $D$54 & "?" -> Were solids separated from Drains to paddock? | E89: Yes | F89: ← Please select
D90: ="Percent solids separated from " & $D$54 & " (Method 1 - Do not edit)" -> Percent solids separated from Drains to paddock (Method 1 - Do not edit) | E90: =IF(E89="Yes", 20%, 0) -> 0.2 | F90: Percent
D91: ="Percent solids separated from " & $D$54 & " (Method 2 - Edit if known)" -> Percent solids separated from Drains to paddock (Method 2 - Edit if known) | E91: =IF(E89="Yes", 20%, 0) -> 0.2 | F91: Percent
D93: ='Constants - Dairy'!$D$11 -> Solid storage | E93: 0.25 | F93: 0.25 | G93: 0.25 | H93: 0.25 | I93: 0.25 | J93: Percent
D94: ="Perecnt separated from " & $D$44 & " (Method 1)" -> Perecnt separated from Anaerobic lagoon (Method 1) | E94: =E78*$E$80 -> 0 | F94: =F78*$E$80 -> 0 | G94: =G78*$E$80 -> 0 | H94: =H78*$E$80 -> 0 | I94: =I78*$E$80 -> 0 | J94: Percent
D95: ="Perecnt separated from " & $D$49 & " (Method 1)" -> Perecnt separated from Sump and dispersal system (Method 1) | E95: =E83*$E$85 -> 0.05 | F95: =F83*$E$85 -> 0.05 | G95: =G83*$E$85 -> 0.05 | H95: =H83*$E$85 -> 0.05 | I95: =I83*$E$85 -> 0.05 | J95: Percent
D96: ="Perecnt separated from " & $D$54 & " (Method 1)" -> Perecnt separated from Drains to paddock (Method 1) | E96: =E88*$E$90 -> 0.05 | F96: =F88*$E$90 -> 0.05 | G96: =G88*$E$90 -> 0.05 | H96: =H88*$E$90 -> 0.05 | I96: =I88*$E$90 -> 0.05 | J96: Percent
D97: Total percent sent to solid storage (Method 1) | E97: =E$93+SUM(E94:E96) -> 0.35 | F97: =F$93+SUM(F94:F96) -> 0.35 | G97: =G$93+SUM(G94:G96) -> 0.35 | H97: =H$93+SUM(H94:H96) -> 0.35 | I97: =I$93+SUM(I94:I96) -> 0.35 | J97: Percent
D99: Total manure sent to MMS (Must equal 100%) (Method 1) | E99: =(E78-(E78*$E$80))+(E83-(E83*$E$85))+(E88-(E88*$E$90))+E97 -> 1 | F99: =(F78-(F78*$E$80))+(F83-(F83*$E$85))+(F88-(F88*$E$90))+F97 -> 1 | G99: =(G78-(G78*$E$80))+(G83-(G83*$E$85))+(G88-(G88*$E$90))+G97 -> 1 | H99: =(H78-(H78*$E$80))+(H83-(H83*$E$85))+(H88-(H88*$E$90))+H97 -> 1 | I99: =(I78-(I78*$E$80))+(I83-(I83*$E$85))+(I88-(I88*$E$90))+I97 -> 1 | J99: Percent
D101: ="Perecnt separated from " & $D$44 & " (Method 2)" -> Perecnt separated from Anaerobic lagoon (Method 2) | E101: =E78*$E$81 -> 0 | F101: =F78*$E$81 -> 0 | G101: =G78*$E$81 -> 0 | H101: =H78*$E$81 -> 0 | I101: =I78*$E$81 -> 0 | J101: Percent
D102: ="Perecnt separated from " & $D$49 & " (Method 2)" -> Perecnt separated from Sump and dispersal system (Method 2) | E102: =E83*$E$86 -> 0.05 | F102: =F83*$E$86 -> 0.05 | G102: =G83*$E$86 -> 0.05 | H102: =H83*$E$86 -> 0.05 | I102: =I83*$E$86 -> 0.05 | J102: Percent
D103: ="Perecnt separated from " & $D$54 & " (Method 2)" -> Perecnt separated from Drains to paddock (Method 2) | E103: =E88*$E$91 -> 0.05 | F103: =F88*$E$91 -> 0.05 | G103: =G88*$E$91 -> 0.05 | H103: =H88*$E$91 -> 0.05 | I103: =I88*$E$91 -> 0.05 | J103: Percent
D104: Total percent sent to solid storage (Method 2) | E104: =E$93+SUM(E101:E103) -> 0.35 | F104: =F$93+SUM(F101:F103) -> 0.35 | G104: =G$93+SUM(G101:G103) -> 0.35 | H104: =H$93+SUM(H101:H103) -> 0.35 | I104: =I$93+SUM(I101:I103) -> 0.35 | J104: Percent
D106: Total manure sent to MMS (Must equal 100%) (Method 2) | E106: =(E78-(E78*$E$81))+(E83-(E83*$E$86))+(E88-(E88*$E$91))+E104 -> 1 | F106: =(F78-(F78*$E$81))+(F83-(F83*$E$86))+(F88-(F88*$E$91))+F104 -> 1 | G106: =(G78-(G78*$E$81))+(G83-(G83*$E$86))+(G88-(G88*$E$91))+G104 -> 1 | H106: =(H78-(H78*$E$81))+(H83-(H83*$E$86))+(H88-(H88*$E$91))+H104 -> 1 | I106: =(I78-(I78*$E$81))+(I83-(I83*$E$86))+(I88-(I88*$E$91))+I104 -> 1 | J106: Percent
D109: Post treatment destinations
D110: From the milking shed
D112: Stage 1 MMS | E112: Milking cows | F112: Heifers > 1 year | G112: Heifers < 1 year | H112: Bulls > 1 year | I112: Bulls < 1 year
D113: ="Sent from stage 1: " & $D$44 & " to:" -> Sent from stage 1: Anaerobic lagoon to:
D114: Sold as fertiliser | E114: 0.25 | F114: 0.25 | G114: 0.25 | H114: 0.25 | I114: 0.25 | J114: Percent
D115: Applied to farm soils as fertiliser | E115: 0.25 | F115: 0.25 | G115: 0.25 | H115: 0.25 | I115: 0.25 | J115: Percent
D116: Deposited on farm soils as waste (Direct application MMS) | E116: =1-SUM(E114:E115) -> 0.5 | F116: =1-SUM(F114:F115) -> 0.5 | G116: =1-SUM(G114:G115) -> 0.5 | H116: =1-SUM(H114:H115) -> 0.5 | I116: =1-SUM(I114:I115) -> 0.5 | J116: Percent
D118: ="Sent from stage 1: " & $D$49 & " to:" -> Sent from stage 1: Sump and dispersal system to:
D119: Sold as fertiliser | E119: 0.25 | F119: 0.25 | G119: 0.25 | H119: 0.25 | I119: 0.25 | J119: Percent
D120: Applied to farm soils as fertiliser | E120: 0.25 | F120: 0.25 | G120: 0.25 | H120: 0.25 | I120: 0.25 | J120: Percent
D121: Deposited on farm soils as waste (Direct application MMS) | E121: =1-SUM(E119:E120) -> 0.5 | F121: =1-SUM(F119:F120) -> 0.5 | G121: =1-SUM(G119:G120) -> 0.5 | H121: =1-SUM(H119:H120) -> 0.5 | I121: =1-SUM(I119:I120) -> 0.5 | J121: Percent
D123: ="Sent from stage 1: " & $D$54 & " to:" -> Sent from stage 1: Drains to paddock to:
D124: Sold as fertiliser | E124: 0.25 | F124: 0.25 | G124: 0.25 | H124: 0.25 | I124: 0.25 | J124: Percent
D125: Applied to farm soils as fertiliser | E125: 0.25 | F125: 0.25 | G125: 0.25 | H125: 0.25 | I125: 0.25 | J125: Percent
D126: Deposited on farm soils as waste (Direct application MMS) | E126: =1-SUM(E124:E125) -> 0.5 | F126: =1-SUM(F124:F125) -> 0.5 | G126: =1-SUM(G124:G125) -> 0.5 | H126: =1-SUM(H124:H125) -> 0.5 | I126: =1-SUM(I124:I125) -> 0.5 | J126: Percent
D128: ="Sent from stage 1: " & $D$59 & " to:" -> Sent from stage 1: Solid storage to:
D129: Sold as fertiliser | E129: 0.25 | F129: 0.25 | G129: 0.25 | H129: 0.25 | I129: 0.25 | J129: Percent
D130: Applied to farm soils as fertiliser | E130: 0.25 | F130: 0.25 | G130: 0.25 | H130: 0.25 | I130: 0.25 | J130: Percent
D131: Deposited on farm soils as waste (Direct application MMS) | E131: =1-SUM(E129:E130) -> 0.5 | F131: =1-SUM(F129:F130) -> 0.5 | G131: =1-SUM(G129:G130) -> 0.5 | H131: =1-SUM(H129:H130) -> 0.5 | I131: =1-SUM(I129:I130) -> 0.5 | J131: Percent
...

Sheet 4.1.1.1-2 Methane
A1: #VALUE! | C1: 4.1.1.1-2 Manure Methane
A3: =HYPERLINK("#'Home'!A1", "Home") -> Home | D3: Method 1 | M3: Method 2
A4: =HYPERLINK("#'Results'!A1", "Results") -> Results
A6: INPUTS
A7: =HYPERLINK("#'Input - Site'!A1", "Site") -> Site
A8: =HYPERLINK("#'Input - Feedlot'!A1", "Feedlot") -> Feedlot
A10: CALCULATIONS
A11: =HYPERLINK("#'4.1.1.1-2 Methane'!A1", "4.1.1.1-2 Methane") -> 4.1.1.1-2 Methane
A12: =HYPERLINK("#'4.1.1.3-4 Direct N20'!A1", "4.1.1.3-4 Direct N2O") -> 4.1.1.3-4 Direct N2O
A13: =HYPERLINK("#'4.1.1.5-6 Atmos Deposition'!A1", "4.1.1.5-6 Atmospheric deposition") -> 4.1.1.5-6 Atmospheric deposition
A14: =HYPERLINK("#'4.1.1.9 Manure applied to soils'!A1", "4.1.1.9 Manure applied to soils") -> 4.1.1.9 Manure applied to soils
A16: APPENDICES
A17: =HYPERLINK("#'Constants - Feedlot'!A1", "Constants - Feedlot") -> Constants - Feedlot
A18: =HYPERLINK("#'Constants - Livestock'!A1", "Constants - Livestock") -> Constants - Livestock
A19: =HYPERLINK("#'Constants - Common'!A1", "Constants - Common") -> Constants - Common
A20: =HYPERLINK("#'Acknowledgements'!A1", "Acknowledgements") -> Acknowledgements

Sheet 4.1.1.3-4 Direct N20
A1: #VALUE! | C1: 4.1.1.3-4 Manure Direct N2O
A3: =HYPERLINK("#'Home'!A1", "Home") -> Home | D3: Method 1 | L3: Method 2
A4: =HYPERLINK("#'Results'!A1", "Results") -> Results
D5: {=MMS_Feedlot_N2O_Direct_Equations.VEERG_4_1_1_3__5_NitrogenIntake_Title()} -> Nitrogen intake of feedlot cattle
A6: INPUTS | D6: {=MMS_Feedlot_N2O_Direct_Equations.VEERG_4_1_1_3__5_NitrogenIntake_Source()} -> VEERG 2026: 4.1.1.3, Equation (5)
A7: =HYPERLINK("#'Input - Site'!A1", "Site") -> Site | D7: Formula name | E7: {=Common_InputFunctions.Utility_DisplayFunctionName(D30)} -> =MMS_Feedlot_N2O_Direct_Equations.VEERG_4_1_1_3__5_NitrogenIntake
A8: =HYPERLINK("#'Input - Feedlot'!A1", "Feedlot") -> Feedlot
A10: CALCULATIONS | D10: Variable | E10: {=MMS_Feedlot_N2O_Direct_Equations.VEERG_4_1_1_3__5_NitrogenIntake_Variable()} -> NI_j
A11: =HYPERLINK("#'4.1.1.1-2 Methane'!A1", "4.1.1.1-2 Methane") -> 4.1.1.1-2 Methane | D11: Unit | E11: {=MMS_Feedlot_N2O_Direct_Equations.VEERG_4_1_1_3__5_NitrogenIntake_Unit()} -> kg N/head/day
A12: =HYPERLINK("#'4.1.1.3-4 Direct N20'!A1", "4.1.1.3-4 Direct N2O") -> 4.1.1.3-4 Direct N2O
A13: =HYPERLINK("#'4.1.1.5-6 Atmos Deposition'!A1", "4.1.1.5-6 Atmospheric deposition") -> 4.1.1.5-6 Atmospheric deposition | D13: {=MMS_Feedlot_N2O_Direct_Equations.VEERG_4_1_1_3__5_NitrogenIntake_Arguments()} -> I_j | E13: dry matter intake : kg DM/head/day | G13: ="See " &D17 -> See M1_Table_I_j
A14: =HYPERLINK("#'4.1.1.9 Manure applied to soils'!A1", "4.1.1.9 Manure applied to soils") -> 4.1.1.9 Manure applied to soils | D14: CP_j | E14: crude protein content of feed : fraction | G14: ="See " & D22 -> See M1_Table_CP_j
D15: 6.25 | E15: factor for converting crude protein into nitrogen : ratio | G15: =D15 -> 6.25
A16: APPENDICES
A17: =HYPERLINK("#'Constants - Feedlot'!A1", "Constants - Feedlot") -> Constants - Feedlot | D17: M1_Table_I_j | L17: M2_Table_I_j
A18: =HYPERLINK("#'Constants - Livestock'!A1", "Constants - Livestock") -> Constants - Livestock | D18: Dry matter intake (Method 1) | L18: Dry matter intake (Method 2)
A19: =HYPERLINK("#'Constants - Common'!A1", "Constants - Common") -> Constants - Common | D19: Domestic | E19: Mid-fed | F19: Long-fed | L19: Domestic | M19: Mid-fed | N19: Long-fed
A20: =HYPERLINK("#'Acknowledgements'!A1", "Acknowledgements") -> Acknowledgements | D20: ='Input - Dairy'!$E$17 -> 365 | E20: ='Input - Dairy'!$F$17 -> 365 | F20: ='Input - Dairy'!$G$17 -> 281 | G20: kg DM/head/day | L20: ='Input - Dairy'!#REF! -> #REF! | M20: ='Input - Dairy'!#REF! -> #REF! | N20: ='Input - Dairy'!#REF! -> #REF! | O20: kg DM/head/day
D22: M1_Table_CP_j | L22: M2_Table_CP_j
D23: Crude protein content of feed (Method 1) | L23: Crude protein content of feed (Method 2)
D24: Domestic | E24: Mid-fed | F24: Long-fed | L24: Domestic | M24: Mid-fed | N24: Long-fed
D25: ='Input - Dairy'!#REF! -> #REF! | E25: ='Input - Dairy'!#REF! -> #REF! | F25: ='Input - Dairy'!#REF! -> #REF! | G25: Fraction | L25: ='Input - Dairy'!#REF! -> #REF! | M25: ='Input - Dairy'!#REF! -> #REF! | N25: ='Input - Dairy'!#REF! -> #REF! | O25: Fraction
D27: M1_Table_NI_j | L27: M2_Table_NI_j
D28: Nitrogen intake (Method 1) | L28: Nitrogen intake (Method 2)
D29: Domestic | E29: Mid-fed | F29: Long-fed | L29: Domestic | M29: Mid-fed | N29: Long-fed
D30: {=MMS_Feedlot_N2O_Direct_Equations.VEERG_4_1_1_3__5_NitrogenIntake(D20,D25)} -> #REF! | E30: {=MMS_Feedlot_N2O_Direct_Equations.VEERG_4_1_1_3__5_NitrogenIntake(E20,E25)} -> #REF! | F30: {=MMS_Feedlot_N2O_Direct_Equations.VEERG_4_1_1_3__5_NitrogenIntake(F20,F25)} -> #REF! | G30: =$E$11 -> kg N/head/day | L30: {=MMS_Feedlot_N2O_Direct_Equations.VEERG_4_1_1_3__5_NitrogenIntake(L20,L25)} -> #REF! | M30: {=MMS_Feedlot_N2O_Direct_Equations.VEERG_4_1_1_3__5_NitrogenIntake(M20,M25)} -> #REF! | N30: {=MMS_Feedlot_N2O_Direct_Equations.VEERG_4_1_1_3__5_NitrogenIntake(N20,N25)} -> #REF! | O30: =$E$11 -> kg N/head/day
D34: {=MMS_Feedlot_N2O_Direct_Equations.VEERG_4_1_1_3__4_NitrogenExcretionPerHead_Title()} -> Nitrogen excretion per head per day
D35: {=MMS_Feedlot_N2O_Direct_Equations.VEERG_4_1_1_3__4_NitrogenExcretionPerHead_Source()} -> VEERG 2026: 4.1.1.3, Equation (4)
D36: Function name | E36: {=Common_InputFunctions.Utility_DisplayFunctionName(D54)} -> =MMS_Feedlot_N2O_Direct_Equations.VEERG_4_1_1_3__4_NitrogenExcretionPerHead
D40: Variable | E40: {=MMS_Feedlot_N2O_Direct_Equations.VEERG_4_1_1_3__4_NitrogenExcretionPerHead_Variable()} -> NE_j
D41: Unit | E41: {=MMS_Feedlot_N2O_Direct_Equations.VEERG_4_1_1_3__4_NitrogenExcretionPerHead_Unit()} -> kg N/head/day
D43: {=MMS_Feedlot_N2O_Direct_Equations.VEERG_4_1_1_3__4_NitrogenExcretionPerHead_Arguments()} -> NI_j | E43: nitrogen intake : kg N/head/day | G43: ="See " & D27 -> See M1_Table_NI_j
D44: NR_j | E44: nitrogen retention expressed as a fraction of intake : fraction | G44: ="See " & D46 -> See M1_Table_NR_j
D46: M1_Table_NR_j | E46: Percent of intake needs converting to faction of intake before going to equation - needs conversion in equation or change of input unit | L46: M2_Table_NR_j | M46: Percent of intake needs converting to faction of intake before going to equation - needs conversion in equation or change of input unit
D47: Nitrogen retention (Method 1) | L47: Nitrogen retention (Method 2)
D48: Domestic | E48: Mid-fed | F48: Long-fed | L48: Domestic | M48: Mid-fed | N48: Long-fed
D49: ='Input - Dairy'!#REF!/100 -> #REF! | E49: ='Input - Dairy'!#REF!/100 -> #REF! | F49: ='Input - Dairy'!#REF!/100 -> #REF! | G49: Fraction of intake | L49: ='Input - Dairy'!#REF!/100 -> #REF! | M49: ='Input - Dairy'!#REF!/100 -> #REF! | N49: ='Input - Dairy'!#REF!/100 -> #REF! | O49: Fraction
D51: M1_Table_NE_j | L51: M2_Table_NE_j
D52: Nitrogen retention (Method 1) | L52: Nitrogen retention (Method 2)
D53: Domestic | E53: Mid-fed | F53: Long-fed | L53: Domestic | M53: Mid-fed | N53: Long-fed
D54: {=MMS_Feedlot_N2O_Direct_Equations.VEERG_4_1_1_3__4_NitrogenExcretionPerHead(D30,D49)} -> #REF! | E54: {=MMS_Feedlot_N2O_Direct_Equations.VEERG_4_1_1_3__4_NitrogenExcretionPerHead(E30,E49)} -> #REF! | F54: {=MMS_Feedlot_N2O_Direct_Equations.VEERG_4_1_1_3__4_NitrogenExcretionPerHead(F30,F49)} -> #REF! | G54: =$E$41 -> kg N/head/day | L54: {=MMS_Feedlot_N2O_Direct_Equations.VEERG_4_1_1_3__4_NitrogenExcretionPerHead(L30,L49)} -> #REF! | M54: {=MMS_Feedlot_N2O_Direct_Equations.VEERG_4_1_1_3__4_NitrogenExcretionPerHead(M30,M49)} -> #REF! | N54: {=MMS_Feedlot_N2O_Direct_Equations.VEERG_4_1_1_3__4_NitrogenExcretionPerHead(N30,N49)} -> #REF! | O54: =$E$41 -> kg N/head/day
D58: {=MMS_Feedlot_N2O_Direct_Equations.VEERG_4_1_1_3__3_AnnualNitrogenExcretion_Title()} -> Annual nitrogen excretion from each feedlot cattle group
D59: {=MMS_Feedlot_N2O_Direct_Equations.VEERG_4_1_1_3__3_AnnualNitrogenExcretion_Source()} -> VEERG 2026: 4.1.1.3, Equation (3)
D60: Function name | E60: {=Common_InputFunctions.Utility_DisplayFunctionName(D83)} -> =MMS_Feedlot_N2O_Direct_Equations.VEERG_4_1_1_3__3_AnnualNitrogenExcretion
D63: Variable | E63: {=MMS_Feedlot_N2O_Direct_Equations.VEERG_4_1_1_3__3_AnnualNitrogenExcretion_Variable()} -> AE_j
D64: Unit | E64: {=MMS_Feedlot_N2O_Direct_Equations.VEERG_4_1_1_3__3_AnnualNitrogenExcretion_Unit()} -> kg N
D66: {=MMS_Feedlot_N2O_Direct_Equations.VEERG_4_1_1_3__3_AnnualNitrogenExcretion_Arguments()} -> N_j | E66: number of cattle in each group : head | G66: ="See " & D70 -> See Table_N_j
D67: NE_j | E67: nitrogen excretion : kg N/head/day | G67: ="See " & D51 -> See M1_Table_NE_j
D68: D_j | E68: duration of stay of cattle group : days | G68: ="See " & D75 -> See Table_D_j
D70: Table_N_j
D71: Number of head in each group
D72: Domestic | E72: Mid-fed | F72: Long-fed
D73: ='Input - Dairy'!$E$8 -> 100 | E73: ='Input - Dairy'!$F$8 -> 100 | F73: ='Input - Dairy'!$G$8 -> 100 | G73: Head
D75: Table_D_j
D76: Duration of stay
D77: Domestic | E77: Mid-fed | F77: Long-fed
D78: ='Input - Dairy'!$E$13 -> 365 | E78: ='Input - Dairy'!$F$13 -> 365 | F78: ='Input - Dairy'!$G$13 -> 281 | G78: Days
D80: M1_Table_AE_j | L80: M2_Table_AE_j
D81: Annual nitrogen excretion (Method 1) | L81: Annual nitrogen excretion (Method 2)
D82: Domestic | E82: Mid-fed | F82: Long-fed | L82: Domestic | M82: Mid-fed | N82: Long-fed
D83: {=MMS_Feedlot_N2O_Direct_Equations.VEERG_4_1_1_3__3_AnnualNitrogenExcretion(D73,D54,D78)} -> #REF! | E83: {=MMS_Feedlot_N2O_Direct_Equations.VEERG_4_1_1_3__3_AnnualNitrogenExcretion(E73,E54,E78)} -> #REF! | F83: {=MMS_Feedlot_N2O_Direct_Equations.VEERG_4_1_1_3__3_AnnualNitrogenExcretion(F73,F54,F78)} -> #REF! | G83: =$E$64 -> kg N | L83: {=MMS_Feedlot_N2O_Direct_Equations.VEERG_4_1_1_3__3_AnnualNitrogenExcretion(D73,L54,D78)} -> #REF! | M83: {=MMS_Feedlot_N2O_Direct_Equations.VEERG_4_1_1_3__3_AnnualNitrogenExcretion(E73,M54,E78)} -> #REF! | N83: {=MMS_Feedlot_N2O_Direct_Equations.VEERG_4_1_1_3__3_AnnualNitrogenExcretion(F73,N54,F78)} -> #REF! | O83: =$E$64 -> kg N
D87: {=MMS_Feedlot_N2O_Direct_Equations.VEERG_4_1_1_3__2_Stage1NitrogenInMMSDrylot_Title()} -> Nitrogen in treatment stage 1 MMS
D88: {=MMS_Feedlot_N2O_Direct_Equations.VEERG_4_1_1_3__2_Stage1NitrogenInMMSDrylot_Source()} -> VEERG 2026: 4.1.1.3, Equation (2)
D89: Function name | E89: {=Common_InputFunctions.Utility_DisplayFunctionName(E106)} -> =MMS_Feedlot_N2O_Direct_Equations.VEERG_4_1_1_3__2_Stage1NitrogenInMMSDrylot
D92: Variable | E92: {=MMS_Feedlot_N2O_Direct_Equations.VEERG_4_1_1_3__2_Stage1NitrogenInMMSDrylot_Variable()} -> MN_jm5T1
D93: Unit | E93: {=MMS_Feedlot_N2O_Direct_Equations.VEERG_4_1_1_3__2_Stage1NitrogenInMMSDrylot_Unit()} -> kg N
D95: {=MMS_Feedlot_N2O_Direct_Equations.VEERG_4_1_1_3__2_Stage1NitrogenInMMSDrylot_Arguments()} -> AE_j | E95: total nitrogen excreted by each cattle group : kg N | G95: ="See " & $D$80 -> See M1_Table_AE_j
D96: MMS_jm5T1 | E96: fraction of manure in primary system drylot MMS : fraction | G96: ="See " & D98 -> See Table_MMS_j_m-5_T-1
D98: Table_MMS_j_m-5_T-1
D99: Fraction of manure in primary system drylot
D100: Stage 1 MMS | E100: Domestic | F100: Mid-fed | G100: Long-fed
D101: ='Input - Dairy'!$D$72 -> Total manure sent to MMS (Must equal 100%) (Method 2) | E101: ='Input - Dairy'!$E$72 -> 1 | F101: ='Input - Dairy'!$F$72 -> 1 | G101: ='Input - Dairy'!$G$72 -> 1 | H101: Fraction
D103: M1_Table_MN_j_m-5_T-1 | L103: M2_Table_MN_j_m-5_T-1
D104: Nitrogen in stage 1 MMS (Method 1) | L104: Nitrogen in stage 1 MMS (Method 2)
D105: Stage 1 MMS | E105: Domestic | F105: Mid-fed | G105: Long-fed | L105: Stage 1 MMS | M105: Domestic | N105: Mid-fed | O105: Long-fed
D106: ='Input - Dairy'!$D$72 -> Total manure sent to MMS (Must equal 100%) (Method 2) | E106: {=MMS_Feedlot_N2O_Direct_Equations.VEERG_4_1_1_3__2_Stage1NitrogenInMMSDrylot(D83,E101)} -> #REF! | F106: {=MMS_Feedlot_N2O_Direct_Equations.VEERG_4_1_1_3__2_Stage1NitrogenInMMSDrylot(E83,F101)} -> #REF! | G106: {=MMS_Feedlot_N2O_Direct_Equations.VEERG_4_1_1_3__2_Stage1NitrogenInMMSDrylot(F83,G101)} -> #REF! | H106: =$E$93 -> kg N | L106: ='Input - Dairy'!$D$72 -> Total manure sent to MMS (Must equal 100%) (Method 2) | M106: {=MMS_Feedlot_N2O_Direct_Equations.VEERG_4_1_1_3__2_Stage1NitrogenInMMSDrylot(L83,E101)} -> #REF! | N106: {=MMS_Feedlot_N2O_Direct_Equations.VEERG_4_1_1_3__2_Stage1NitrogenInMMSDrylot(M83,F101)} -> #REF! | O106: {=MMS_Feedlot_N2O_Direct_Equations.VEERG_4_1_1_3__2_Stage1NitrogenInMMSDrylot(N83,G101)} -> #REF! | P106: =$E$93 -> kg N
D110: {=MMS_Feedlot_N2O_Direct_Equations.VEERG_4_1_1_3__8_Stage3NitrogenInMMSAnaerobicLagoon_Title()} -> Nitrogen in treatment stage 3 MMS
D111: {=MMS_Feedlot_N2O_Direct_Equations.VEERG_4_1_1_3__8_Stage3NitrogenInMMSAnaerobicLagoon_Source()} -> VEERG 2026: 4.1.1.3, Equation (8)
D112: Function name | E112: {=Common_InputFunctions.Utility_DisplayFunctionName(E138)} -> =MMS_Feedlot_N2O_Direct_Equations.VEERG_4_1_1_3__7_NitrogenTransferredToStage2_Variable
D115: Variable | E115: {=MMS_Feedlot_N2O_Direct_Equations.VEERG_4_1_1_3__8_Stage3NitrogenInMMSAnaerobicLagoon_Variable()} -> MN_jm1T3
D116: Unit | E116: {=MMS_Feedlot_N2O_Direct_Equations.VEERG_4_1_1_3__8_Stage3NitrogenInMMSAnaerobicLagoon_Unit()} -> kg N
D118: {=MMS_Feedlot_N2O_Direct_Equations.VEERG_4_1_1_3__8_Stage3NitrogenInMMSAnaerobicLagoon_Arguments()} -> AE_j | E118: total nitrogen excreted by each cattle group : kg N | G118: ="See " & $D$80 -> See M1_Table_AE_j
D119: MMS_jm1T3 | E119: fraction of manure to tertiary anaerobic lagoon system : fraction | G119: ="See " & D121 -> See Table_MMS_j_m-1_T-3
D121: Table_MMS_j_m-1_T-3
D122: Fraction of manure sent to stage 3 MMS
D123: Stage 3 MMS | E123: Domestic | F123: Mid-fed | G123: Long-fed
D124: ='Input - Dairy'!$D$84 -> Were solids separated from Sump and dispersal system? | E124: ='Input - Dairy'!$E$84 -> Yes | F124: ='Input - Dairy'!$F$84 -> ← Please select | G124: ='Input - Dairy'!$G$84 -> 0 | H124: Fraction
D126: M1_Table_MN_j_m-1_T-3 | L126: M2_Table_MN_j_m-1_T-3
D127: Nitrogen in stage 3 MMS (Method 1) | L127: Nitrogen in stage 3 MMS (Method 2)
D128: Stage 3 MMS | E128: Domestic | F128: Mid-fed | G128: Long-fed | L128: Stage 3 MMS | M128: Domestic | N128: Mid-fed | O128: Long-fed
D129: ='Input - Dairy'!$D$84 -> Were solids separated from Sump and dispersal system? | E129: {=MMS_Feedlot_N2O_Direct_Equations.VEERG_4_1_1_3__8_Stage3NitrogenInMMSAnaerobicLagoon(D83,E124)} -> #REF! | F129: {=MMS_Feedlot_N2O_Direct_Equations.VEERG_4_1_1_3__8_Stage3NitrogenInMMSAnaerobicLagoon(E83,F124)} -> #REF! | G129: {=MMS_Feedlot_N2O_Direct_Equations.VEERG_4_1_1_3__8_Stage3NitrogenInMMSAnaerobicLagoon(F83,G124)} -> #REF! | H129: =$E$116 -> kg N | L129: ='Input - Dairy'!$D$84 -> Were solids separated from Sump and dispersal system? | M129: {=MMS_Feedlot_N2O_Direct_Equations.VEERG_4_1_1_3__8_Stage3NitrogenInMMSAnaerobicLagoon(L83,E124)} -> #REF! | N129: {=MMS_Feedlot_N2O_Direct_Equations.VEERG_4_1_1_3__8_Stage3NitrogenInMMSAnaerobicLagoon(M83,F124)} -> #REF! | O129: {=MMS_Feedlot_N2O_Direct_Equations.VEERG_4_1_1_3__8_Stage3NitrogenInMMSAnaerobicLagoon(N83,G124)} -> #REF! | P129: =$E$116 -> kg N
D133: {=MMS_Feedlot_N2O_Direct_Equations.VEERG_4_1_1_3__7_NitrogenTransferredToStage2_Title()} -> Nitrogen transferred to treatment stage 2 MMS
D134: {=MMS_Feedlot_N2O_Direct_Equations.VEERG_4_1_1_3__7_NitrogenTransferredToStage2_Source()} -> VEERG 2026: 4.1.1.3, Equation (7)
D135: Function name | E135: {=Common_InputFunctions.Utility_DisplayFunctionName(D149)} -> =MMS_Feedlot_N2O_Direct_Equations.VEERG_4_1_1_3__7_NitrogenTransferredToStage2
D138: Variable | E138: {=MMS_Feedlot_N2O_Direct_Equations.VEERG_4_1_1_3__7_NitrogenTransferredToStage2_Variable()} -> NT_jmT2
D139: Unit | E139: {=MMS_Feedlot_N2O_Direct_Equations.VEERG_4_1_1_3__7_NitrogenTransferredToStage2_Unit()} -> kg N
D141: {=MMS_Feedlot_N2O_Direct_Equations.VEERG_4_1_1_3__7_NitrogenTransferredToStage2_Arguments()} -> MN_jm5T1 | E141: nitrogen in MMS treatment stage 1 : kg N | G141: ="See " & D103 -> See M1_Table_MN_j_m-5_T-1
D142: FracGASM_m5 | E142: fraction of N volatilised from drylot MMS : fraction | G142: ='Constants - Dairy'!$F$124 -> 0
D143: EF_m5 | E143: nitrous oxide emission factor for drylot MMS : kg N2O-N/kg N deposited | G143: ='Constants - Dairy'!$F$112 -> 0
D144: MN_jmT3 | E144: nitrogen in MMS treatment stage 3 : kg N | G144: ="See " & D126 -> See M1_Table_MN_j_m-1_T-3
...

Sheet 4.1.1.5-6 Atmos Deposition
A1: #VALUE! | C1: 4.1.1.5-6 Manure Atmospheric Deposition
A3: =HYPERLINK("#'Home'!A1", "Home") -> Home | D3: Method 1 | L3: Method 2
A4: =HYPERLINK("#'Results'!A1", "Results") -> Results
D5: {=MMS_Feedlot_AtmosphericDeposition_Equations.VEERG_4_1_1_5__2_VolatilisedNitrogenFromManureManagement_Title()} -> Volatilised nitrogen from manure management
A6: INPUTS | D6: {=MMS_Feedlot_AtmosphericDeposition_Equations.VEERG_4_1_1_5__2_VolatilisedNitrogenFromManureManagement_Source()} -> VEERG 2026: 4.1.1.5, Equation (2)
A7: =HYPERLINK("#'Input - Site'!A1", "Site") -> Site | D7: Function name | E7: {=Common_InputFunctions.Utility_DisplayFunctionName(E36)} -> =MMS_Feedlot_AtmosphericDeposition_Equations.VEERG_4_1_1_5__2_VolatilisedNitrogenFromManureManagement
A8: =HYPERLINK("#'Input - Feedlot'!A1", "Feedlot") -> Feedlot
A10: CALCULATIONS
A11: =HYPERLINK("#'4.1.1.1-2 Methane'!A1", "4.1.1.1-2 Methane") -> 4.1.1.1-2 Methane | D11: Variable | E11: {=MMS_Feedlot_AtmosphericDeposition_Equations.VEERG_4_1_1_5__2_VolatilisedNitrogenFromManureManagement_Variable()} -> MMS_ATMOS
A12: =HYPERLINK("#'4.1.1.3-4 Direct N20'!A1", "4.1.1.3-4 Direct N2O") -> 4.1.1.3-4 Direct N2O | D12: Unit | E12: {=MMS_Feedlot_AtmosphericDeposition_Equations.VEERG_4_1_1_5__2_VolatilisedNitrogenFromManureManagement_Unit()} -> kg N
A13: =HYPERLINK("#'4.1.1.5-6 Atmos Deposition'!A1", "4.1.1.5-6 Atmospheric deposition") -> 4.1.1.5-6 Atmospheric deposition
A14: =HYPERLINK("#'4.1.1.9 Manure applied to soils'!A1", "4.1.1.9 Manure applied to soils") -> 4.1.1.9 Manure applied to soils | D14: {=MMS_Feedlot_AtmosphericDeposition_Equations.VEERG_4_1_1_5__2_VolatilisedNitrogenFromManureManagement_Arguments()} -> MN_jmT | E14: nitrogen in each treatment stage MMS (excluding MN_ijm13T2) : kg N | G14: ="See " & D17 -> See M1_Table_MN_j_m_T
D15: FracGASM_mT | E15: fraction of N volatilised in each MMS : (kg NH3-N + NOx-N)/kg N | G15: ="See " & D25 -> See Table_FracGASM_m_T-2-3
A16: APPENDICES
A17: =HYPERLINK("#'Constants - Feedlot'!A1", "Constants - Feedlot") -> Constants - Feedlot | D17: M1_Table_MN_j_m_T | L17: M2_Table_MN_j_m_T
A18: =HYPERLINK("#'Constants - Livestock'!A1", "Constants - Livestock") -> Constants - Livestock | D18: Nitrogen in each MMS excluding direct application (Method 1) | L18: Nitrogen in each MMS excluding direct application (Method 2)
A19: =HYPERLINK("#'Constants - Common'!A1", "Constants - Common") -> Constants - Common | D19: MMS | E19: Domestic | F19: Mid-fed | G19: Long-fed | L19: MMS | M19: Domestic | N19: Mid-fed | O19: Long-fed
A20: =HYPERLINK("#'Acknowledgements'!A1", "Acknowledgements") -> Acknowledgements | D20: ='Input - Dairy'!$D$72 -> Total manure sent to MMS (Must equal 100%) (Method 2) | E20: ='4.1.1.3-4 Direct N20'!$E$106 -> #REF! | F20: ='4.1.1.3-4 Direct N20'!$F$106 -> #REF! | G20: ='4.1.1.3-4 Direct N20'!$G$106 -> #REF! | H20: kg N | L20: ='Input - Dairy'!$D$72 -> Total manure sent to MMS (Must equal 100%) (Method 2) | M20: ='4.1.1.3-4 Direct N20'!$M$106 -> #REF! | N20: ='4.1.1.3-4 Direct N20'!$N$106 -> #REF! | O20: ='4.1.1.3-4 Direct N20'!$O$106 -> #REF! | P20: kg N
D21: ='Input - Dairy'!$D$78 -> Anaerobic lagoon | E21: ='4.1.1.3-4 Direct N20'!$E$173 -> #REF! | F21: ='4.1.1.3-4 Direct N20'!$F$173 -> #REF! | G21: ='4.1.1.3-4 Direct N20'!$G$173 -> #REF! | H21: kg N | L21: ='Input - Dairy'!$D$78 -> Anaerobic lagoon | M21: ='4.1.1.3-4 Direct N20'!$M$173 -> #REF! | N21: ='4.1.1.3-4 Direct N20'!$N$173 -> #REF! | O21: ='4.1.1.3-4 Direct N20'!$O$173 -> #REF! | P21: kg N
D22: ='Input - Dairy'!$D$79 -> Were solids separated from Anaerobic lagoon? | E22: ='4.1.1.3-4 Direct N20'!$E$174 -> #REF! | F22: ='4.1.1.3-4 Direct N20'!$F$174 -> #REF! | G22: ='4.1.1.3-4 Direct N20'!$G$174 -> #REF! | H22: kg N | L22: ='Input - Dairy'!$D$79 -> Were solids separated from Anaerobic lagoon? | M22: ='4.1.1.3-4 Direct N20'!$M$174 -> #REF! | N22: ='4.1.1.3-4 Direct N20'!$N$174 -> #REF! | O22: ='4.1.1.3-4 Direct N20'!$O$174 -> #REF! | P22: kg N
D23: ='Input - Dairy'!$D$84 -> Were solids separated from Sump and dispersal system? | E23: ='4.1.1.3-4 Direct N20'!$E$129 -> #REF! | F23: ='4.1.1.3-4 Direct N20'!$F$129 -> #REF! | G23: ='4.1.1.3-4 Direct N20'!$G$129 -> #REF! | H23: kg N | L23: ='Input - Dairy'!$D$84 -> Were solids separated from Sump and dispersal system? | M23: ='4.1.1.3-4 Direct N20'!$M$129 -> #REF! | N23: ='4.1.1.3-4 Direct N20'!$N$129 -> #REF! | O23: ='4.1.1.3-4 Direct N20'!$O$129 -> #REF! | P23: kg N
D25: Table_FracGASM_m_T-2-3
D26: Fraction of N volatilised in each MMS
D27: MMS | E27: EFjm
D28: ='Input - Dairy'!$D$72 -> Total manure sent to MMS (Must equal 100%) (Method 2) | E28: =_xlfn.XLOOKUP(D28, #REF!, #REF!) -> #REF! | F28: (kg NH3-N + NOx-N)/kg N
D29: ='Input - Dairy'!$D$78 -> Anaerobic lagoon | E29: =_xlfn.XLOOKUP(D29, #REF!, #REF!) -> #REF! | F29: (kg NH3-N + NOx-N)/kg N
D30: ='Input - Dairy'!$D$79 -> Were solids separated from Anaerobic lagoon? | E30: =_xlfn.XLOOKUP(D30, #REF!, #REF!) -> #REF! | F30: (kg NH3-N + NOx-N)/kg N
D31: ='Input - Dairy'!$D$84 -> Were solids separated from Sump and dispersal system? | E31: =_xlfn.XLOOKUP(D31, #REF!, #REF!) -> #REF! | F31: (kg NH3-N + NOx-N)/kg N
D33: M1_Table_MMS_ATMOS | L33: M1_Table_MMS_ATMOS
D34: Nitrogen in each MMS excluding direct application (Method 1) | L34: Nitrogen in each MMS excluding direct application (Method 1)
D35: MMS | E35: Domestic | F35: Mid-fed | G35: Long-fed | L35: MMS | M35: Domestic | N35: Mid-fed | O35: Long-fed
D36: ='Input - Dairy'!$D$72 -> Total manure sent to MMS (Must equal 100%) (Method 2) | E36: {=MMS_Feedlot_AtmosphericDeposition_Equations.VEERG_4_1_1_5__2_VolatilisedNitrogenFromManureManagement(E20,$E28)} -> #REF! | F36: {=MMS_Feedlot_AtmosphericDeposition_Equations.VEERG_4_1_1_5__2_VolatilisedNitrogenFromManureManagement(F20,$E28)} -> #REF! | G36: {=MMS_Feedlot_AtmosphericDeposition_Equations.VEERG_4_1_1_5__2_VolatilisedNitrogenFromManureManagement(G20,$E28)} -> #REF! | H36: =$E$12 -> kg N | L36: ='Input - Dairy'!$D$72 -> Total manure sent to MMS (Must equal 100%) (Method 2) | M36: {=MMS_Feedlot_AtmosphericDeposition_Equations.VEERG_4_1_1_5__2_VolatilisedNitrogenFromManureManagement(M20,$E28)} -> #REF! | N36: {=MMS_Feedlot_AtmosphericDeposition_Equations.VEERG_4_1_1_5__2_VolatilisedNitrogenFromManureManagement(N20,$E28)} -> #REF! | O36: {=MMS_Feedlot_AtmosphericDeposition_Equations.VEERG_4_1_1_5__2_VolatilisedNitrogenFromManureManagement(O20,$E28)} -> #REF! | P36: kg N
D37: ='Input - Dairy'!$D$78 -> Anaerobic lagoon | E37: {=MMS_Feedlot_AtmosphericDeposition_Equations.VEERG_4_1_1_5__2_VolatilisedNitrogenFromManureManagement(E21,$E29)} -> #REF! | F37: {=MMS_Feedlot_AtmosphericDeposition_Equations.VEERG_4_1_1_5__2_VolatilisedNitrogenFromManureManagement(F21,$E29)} -> #REF! | G37: {=MMS_Feedlot_AtmosphericDeposition_Equations.VEERG_4_1_1_5__2_VolatilisedNitrogenFromManureManagement(G21,$E29)} -> #REF! | H37: =$E$12 -> kg N | L37: ='Input - Dairy'!$D$78 -> Anaerobic lagoon | M37: {=MMS_Feedlot_AtmosphericDeposition_Equations.VEERG_4_1_1_5__2_VolatilisedNitrogenFromManureManagement(M21,$E29)} -> #REF! | N37: {=MMS_Feedlot_AtmosphericDeposition_Equations.VEERG_4_1_1_5__2_VolatilisedNitrogenFromManureManagement(N21,$E29)} -> #REF! | O37: {=MMS_Feedlot_AtmosphericDeposition_Equations.VEERG_4_1_1_5__2_VolatilisedNitrogenFromManureManagement(O21,$E29)} -> #REF! | P37: kg N
D38: ='Input - Dairy'!$D$79 -> Were solids separated from Anaerobic lagoon? | E38: {=MMS_Feedlot_AtmosphericDeposition_Equations.VEERG_4_1_1_5__2_VolatilisedNitrogenFromManureManagement(E22,$E30)} -> #REF! | F38: {=MMS_Feedlot_AtmosphericDeposition_Equations.VEERG_4_1_1_5__2_VolatilisedNitrogenFromManureManagement(F22,$E30)} -> #REF! | G38: {=MMS_Feedlot_AtmosphericDeposition_Equations.VEERG_4_1_1_5__2_VolatilisedNitrogenFromManureManagement(G22,$E30)} -> #REF! | H38: =$E$12 -> kg N | L38: ='Input - Dairy'!$D$79 -> Were solids separated from Anaerobic lagoon? | M38: {=MMS_Feedlot_AtmosphericDeposition_Equations.VEERG_4_1_1_5__2_VolatilisedNitrogenFromManureManagement(M22,$E30)} -> #REF! | N38: {=MMS_Feedlot_AtmosphericDeposition_Equations.VEERG_4_1_1_5__2_VolatilisedNitrogenFromManureManagement(N22,$E30)} -> #REF! | O38: {=MMS_Feedlot_AtmosphericDeposition_Equations.VEERG_4_1_1_5__2_VolatilisedNitrogenFromManureManagement(O22,$E30)} -> #REF! | P38: kg N
D39: ='Input - Dairy'!$D$84 -> Were solids separated from Sump and dispersal system? | E39: {=MMS_Feedlot_AtmosphericDeposition_Equations.VEERG_4_1_1_5__2_VolatilisedNitrogenFromManureManagement(E23,$E31)} -> #REF! | F39: {=MMS_Feedlot_AtmosphericDeposition_Equations.VEERG_4_1_1_5__2_VolatilisedNitrogenFromManureManagement(F23,$E31)} -> #REF! | G39: {=MMS_Feedlot_AtmosphericDeposition_Equations.VEERG_4_1_1_5__2_VolatilisedNitrogenFromManureManagement(G23,$E31)} -> #REF! | H39: =$E$12 -> kg N | L39: ='Input - Dairy'!$D$84 -> Were solids separated from Sump and dispersal system? | M39: {=MMS_Feedlot_AtmosphericDeposition_Equations.VEERG_4_1_1_5__2_VolatilisedNitrogenFromManureManagement(M23,$E31)} -> #REF! | N39: {=MMS_Feedlot_AtmosphericDeposition_Equations.VEERG_4_1_1_5__2_VolatilisedNitrogenFromManureManagement(N23,$E31)} -> #REF! | O39: {=MMS_Feedlot_AtmosphericDeposition_Equations.VEERG_4_1_1_5__2_VolatilisedNitrogenFromManureManagement(O23,$E31)} -> #REF! | P39: kg N
D41: MMSATMOS | E41: =SUM(E36:G39) -> #REF! | F41: =$E$12 -> kg N | L41: MMSATMOS | M41: =SUM(M36:O39) -> #REF! | N41: =$E$12 -> kg N
D45: {=MMS_Feedlot_AtmosphericDeposition_Equations.VEERG_4_1_1_5__1_TotalAnnualAtmosphericDepositionEmissions_Title()} -> Total annual atmospheric deposition emissions from manure management
D46: {=MMS_Feedlot_AtmosphericDeposition_Equations.VEERG_4_1_1_5__1_TotalAnnualAtmosphericDepositionEmissions_Source()} -> VEERG 2026: 4.1.1.5, Equation (1)
D47: Function name | E47: {=Common_InputFunctions.Utility_DisplayFunctionName(E60)} -> =MMS_Feedlot_AtmosphericDeposition_Equations.VEERG_4_1_1_5__1_TotalAnnualAtmosphericDepositionEmissions
D50: Variable | E50: {=MMS_Feedlot_AtmosphericDeposition_Equations.VEERG_4_1_1_5__1_TotalAnnualAtmosphericDepositionEmissions_Variable()} -> E_N2Oad
D51: Unit | E51: {=MMS_Feedlot_AtmosphericDeposition_Equations.VEERG_4_1_1_5__1_TotalAnnualAtmosphericDepositionEmissions_Unit()} -> t N2O
D53: {=MMS_Feedlot_AtmosphericDeposition_Equations.VEERG_4_1_1_5__1_TotalAnnualAtmosphericDepositionEmissions_Arguments()} -> MMS_ATMOS | E53: mass of N volatilised from MMS : kg N | G53: =$E$41 -> #REF! | L53: {=MMS_Feedlot_AtmosphericDeposition_Equations.VEERG_4_1_1_5__1_TotalAnnualAtmosphericDepositionEmissions_Arguments()} -> MMS_ATMOS | M53: mass of N volatilised from MMS : kg N | O53: =$M$41 -> #REF!
D54: EF_N2O | E54: nitrous oxide emission factor for atmospheric deposition : kg N2O-N/kg N | G54: =Common_InputFunctions.Utility_LookupN2OEFFromProdIrrigationRainfall($G$56,$G$57,$G$58,Table_SourceData_Common_EFN2O[Production system only],Table_SourceData_Common_EFN2O[Irrigation method],Table_SourceData_Common_EFN2O[Rainfall zone],Table_SourceData_Common_EFN2O[EFN2O]) -> 0.0018 | H54: lacking subscripts | L54: EF_N2O | M54: nitrous oxide emission factor for atmospheric deposition : kg N2O-N/kg N | O54: =Common_InputFunctions.Utility_LookupN2OEFFromProdIrrigationRainfall($G$56,$G$57,$G$58,Table_SourceData_Common_EFN2O[Production system only],Table_SourceData_Common_EFN2O[Irrigation method],Table_SourceData_Common_EFN2O[Rainfall zone],Table_SourceData_Common_EFN2O[EFN2O]) -> 0.0018
D55: C_N2O | E55: factor to convert elemental mass of nitrous oxide to molecular mass : ratio | G55: =Common_InputFunctions.Utility_LookupValueInTableNumber("N2O",Table_GasToMolecularConversionFactor[Gas],Table_GasToMolecularConversionFactor[Conversion factor combined]) -> 1.5714286 | L55: C_N2O | M55: factor to convert elemental mass of nitrous oxide to molecular mass : ratio | O55: =Common_InputFunctions.Utility_LookupValueInTableNumber("N2O",Table_GasToMolecularConversionFactor[Gas],Table_GasToMolecularConversionFactor[Conversion factor combined]) -> 1.5714286
D56: j | E56: production system | G56: ='Input - Dairy'!$E$160 -> Pasture | L56: j | M56: production system | O56: ='Input - Dairy'!$E$160 -> Pasture
D57: i | E57: irrigation method | G57: ='Input - Dairy'!$E$161 -> Not irrigated | L57: i | M57: irrigation method | O57: ='Input - Dairy'!$E$161 -> Not irrigated
D58: r | E58: rainfall zone | G58: ='Input - Site'!$E$30 -> High rainfall | L58: r | M58: rainfall zone | O58: ='Input - Site'!$E$30 -> High rainfall
D60: EN2O,ad | E60: {=MMS_Feedlot_AtmosphericDeposition_Equations.VEERG_4_1_1_5__1_TotalAnnualAtmosphericDepositionEmissions(G53,G54,G55)} -> #REF! | F60: =$E$51 -> t N2O | L60: EN2O,ad | M60: {=MMS_Feedlot_AtmosphericDeposition_Equations.VEERG_4_1_1_5__1_TotalAnnualAtmosphericDepositionEmissions(O53,O54,O55)} -> #REF! | N60: =$E$51 -> t N2O
D62: {=Common_Equations.Common_ConvertN2OToCO2e_Arguments()} -> EN2O | E62: Nitrous oxide emissions (t N2O) | G62: =E60 -> #REF! | L62: {=Common_Equations.Common_ConvertN2OToCO2e_Arguments()} -> EN2O | M62: Nitrous oxide emissions (t N2O) | O62: =M60 -> #REF!
D63: GWPN2O | E63: Global warming potential for nitrous oxide (t CO2-e / t N2O) | G63: =Common_InputFunctions.Utility_LookupValueInTableNumber("N2O",Table_GWPData[Gas],Table_GWPData[CO2-e factor]) -> 265 | L63: GWPN2O | M63: Global warming potential for nitrous oxide (t CO2-e / t N2O) | O63: =Common_InputFunctions.Utility_LookupValueInTableNumber("N2O",Table_GWPData[Gas],Table_GWPData[CO2-e factor]) -> 265
D65: ECO2e | E65: {=Common_Equations.Common_ConvertN2OToCO2e(G62,G63)} -> #REF! | F65: {=Common_Equations.Common_ConvertN2OToCO2e_Unit()} -> t CO2e | L65: ECO2e | M65: {=Common_Equations.Common_ConvertN2OToCO2e(O62,O63)} -> #REF! | N65: {=Common_Equations.Common_ConvertN2OToCO2e_Unit()} -> t CO2e

Sheet 4.1.1.9 Manure applied to soils
A1: #VALUE! | C1: 4.1.1.9 Manure applied to soils
A3: =HYPERLINK("#'Home'!A1", "Home") -> Home | D3: Method 1 | L3: Method 2
A4: =HYPERLINK("#'Results'!A1", "Results") -> Results
D5: {=MMS_Feedlot_ManureAppliedToSoils_Equations.VEERG_4_1_1_9__1_MassOfNitrogenAppliedToSoilsScope1_Title()} -> Mass of nitrogen applied to soils for scope 1 emissions
A6: INPUTS | D6: {=MMS_Feedlot_ManureAppliedToSoils_Equations.VEERG_4_1_1_9__1_MassOfNitrogenAppliedToSoilsScope1_Source()} -> VEERG 2026: 4.1.1.9, Equation (1)
A7: =HYPERLINK("#'Input - Site'!A1", "Site") -> Site | D7: Function name | E7: {=Common_InputFunctions.Utility_DisplayFunctionName(E52)} -> =MMS_Feedlot_ManureAppliedToSoils_Equations.VEERG_4_1_1_9__1_MassOfNitrogenAppliedToSoilsScope1
A8: =HYPERLINK("#'Input - Feedlot'!A1", "Feedlot") -> Feedlot
A10: CALCULATIONS
A11: =HYPERLINK("#'4.1.1.1-2 Methane'!A1", "4.1.1.1-2 Methane") -> 4.1.1.1-2 Methane | D11: Variable | E11: {=MMS_Feedlot_ManureAppliedToSoils_Equations.VEERG_4_1_1_9__1_MassOfNitrogenAppliedToSoilsScope1_Variable()} -> MNSoil_scope1
A12: =HYPERLINK("#'4.1.1.3-4 Direct N20'!A1", "4.1.1.3-4 Direct N2O") -> 4.1.1.3-4 Direct N2O | D12: Unit | E12: {=MMS_Feedlot_ManureAppliedToSoils_Equations.VEERG_4_1_1_9__1_MassOfNitrogenAppliedToSoilsScope1_Unit()} -> kg N
A13: =HYPERLINK("#'4.1.1.5-6 Atmos Deposition'!A1", "4.1.1.5-6 Atmospheric deposition") -> 4.1.1.5-6 Atmospheric deposition
A14: =HYPERLINK("#'4.1.1.9 Manure applied to soils'!A1", "4.1.1.9 Manure applied to soils") -> 4.1.1.9 Manure applied to soils | D14: {=MMS_Feedlot_ManureAppliedToSoils_Equations.VEERG_4_1_1_9__1_MassOfNitrogenAppliedToSoilsScope1_Arguments()} -> MN_jmT23 | E14: mass of N in secondary and tertiary treatment MMS stages as calculated for manure management : kg N | H14: ="See " & $D$19 -> See M1_Table_MN_j_m_T-2-3
D15: EF_mT23 | E15: nitrous oxide emission factor for each MMS : kg N2O-N/kg N | H15: ="See " & $D$26 -> See Table_EF_j_m_T-2-3
A16: APPENDICES | D16: FracGASM_mT23 | E16: fraction of animal waste N volatilised in each MMS for each cattle group : (kg NH3-N + NOx-N)/kg N | H16: ="See " & $D$34 -> See Table_FracGASM_m_T-2-3
A17: =HYPERLINK("#'Constants - Feedlot'!A1", "Constants - Feedlot") -> Constants - Feedlot | D17: PF | E17: fraction of manure applied to soil within the feedlot boundary : fraction | H17: ="See " & $D$42 -> See Table_PF
A18: =HYPERLINK("#'Constants - Livestock'!A1", "Constants - Livestock") -> Constants - Livestock
A19: =HYPERLINK("#'Constants - Common'!A1", "Constants - Common") -> Constants - Common | D19: M1_Table_MN_j_m_T-2-3 | L19: M2_Table_MN_j_m_T-2-3
A20: =HYPERLINK("#'Acknowledgements'!A1", "Acknowledgements") -> Acknowledgements | D20: Mass on N in stage 2 and 3 MMS (Method 1) | L20: Mass on N in stage 2 and 3 MMS (Method 2)
D21: MMS | E21: Domestic | F21: Mid-fed | G21: Long-fed | L21: MMS | M21: Domestic | N21: Mid-fed | O21: Long-fed
D22: ='Input - Dairy'!$D$78 -> Anaerobic lagoon | E22: ='4.1.1.3-4 Direct N20'!$E$173 -> #REF! | F22: ='4.1.1.3-4 Direct N20'!$F$173 -> #REF! | G22: ='4.1.1.3-4 Direct N20'!$G$173 -> #REF! | H22: kg N | L22: ='Input - Dairy'!$D$78 -> Anaerobic lagoon | M22: ='4.1.1.3-4 Direct N20'!$M$173 -> #REF! | N22: ='4.1.1.3-4 Direct N20'!$N$173 -> #REF! | O22: ='4.1.1.3-4 Direct N20'!$O$173 -> #REF! | P22: kg N
D23: ='Input - Dairy'!$D$79 -> Were solids separated from Anaerobic lagoon? | E23: ='4.1.1.3-4 Direct N20'!$E$174 -> #REF! | F23: ='4.1.1.3-4 Direct N20'!$F$174 -> #REF! | G23: ='4.1.1.3-4 Direct N20'!$G$174 -> #REF! | H23: kg N | L23: ='Input - Dairy'!$D$79 -> Were solids separated from Anaerobic lagoon? | M23: ='4.1.1.3-4 Direct N20'!$M$174 -> #REF! | N23: ='4.1.1.3-4 Direct N20'!$N$174 -> #REF! | O23: ='4.1.1.3-4 Direct N20'!$O$174 -> #REF! | P23: kg N
D24: ='Input - Dairy'!$D$84 -> Were solids separated from Sump and dispersal system? | E24: ='4.1.1.3-4 Direct N20'!$E$129 -> #REF! | F24: ='4.1.1.3-4 Direct N20'!$F$129 -> #REF! | G24: ='4.1.1.3-4 Direct N20'!$G$129 -> #REF! | H24: kg N | L24: ='Input - Dairy'!$D$84 -> Were solids separated from Sump and dispersal system? | M24: ='4.1.1.3-4 Direct N20'!$M$129 -> #REF! | N24: ='4.1.1.3-4 Direct N20'!$N$129 -> #REF! | O24: ='4.1.1.3-4 Direct N20'!$O$129 -> #REF! | P24: kg N
D26: Table_EF_j_m_T-2-3
D27: EFs for MMS
D28: MMS | E28: EFjm
D29: ='Input - Dairy'!$D$72 -> Total manure sent to MMS (Must equal 100%) (Method 2) | E29: =_xlfn.XLOOKUP(D29, #REF!, #REF!) -> #REF! | F29: kg N2O/kg N
D30: ='Input - Dairy'!$D$78 -> Anaerobic lagoon | E30: =_xlfn.XLOOKUP($D$30, #REF!, #REF!) -> #REF! | F30: kg N2O/kg N
D31: ='Input - Dairy'!$D$79 -> Were solids separated from Anaerobic lagoon? | E31: =_xlfn.XLOOKUP($D$31, #REF!, #REF!) -> #REF! | F31: kg N2O/kg N
D32: ='Input - Dairy'!$D$84 -> Were solids separated from Sump and dispersal system? | E32: =_xlfn.XLOOKUP($D$32, #REF!, #REF!) -> #REF! | F32: kg N2O/kg N
D34: Table_FracGASM_m_T-2-3
D35: Fraction of N volatilised in each MMS
D36: MMS | E36: EFjm
D37: ='Input - Dairy'!$D$72 -> Total manure sent to MMS (Must equal 100%) (Method 2) | E37: =_xlfn.XLOOKUP(D37, #REF!, #REF!) -> #REF! | F37: (kg NH3-N + NOx-N)/kg N
D38: ='Input - Dairy'!$D$78 -> Anaerobic lagoon | E38: =_xlfn.XLOOKUP(D38, #REF!, #REF!) -> #REF! | F38: (kg NH3-N + NOx-N)/kg N
D39: ='Input - Dairy'!$D$79 -> Were solids separated from Anaerobic lagoon? | E39: =_xlfn.XLOOKUP(D39, #REF!, #REF!) -> #REF! | F39: (kg NH3-N + NOx-N)/kg N
D40: ='Input - Dairy'!$D$84 -> Were solids separated from Sump and dispersal system? | E40: =_xlfn.XLOOKUP(D40, #REF!, #REF!) -> #REF! | F40: (kg NH3-N + NOx-N)/kg N
D42: Table_PF
D43: Fraction of manure applied to soil from MMS
D44: MMS | E44: Domestic | F44: Mid-fed | G44: Long-fed
D45: ='Input - Dairy'!$D$78 -> Anaerobic lagoon | E45: ='Input - Dairy'!E116 -> 0.5 | F45: ='Input - Dairy'!F116 -> 0.5 | G45: ='Input - Dairy'!G116 -> 0.5 | H45: Fraction
D46: ='Input - Dairy'!$D$79 -> Were solids separated from Anaerobic lagoon? | E46: ='Input - Dairy'!E121 -> 0.5 | F46: ='Input - Dairy'!F121 -> 0.5 | G46: ='Input - Dairy'!G121 -> 0.5 | H46: Fraction
D47: ='Input - Dairy'!$D$84 -> Were solids separated from Sump and dispersal system? | E47: ='Input - Dairy'!E126 -> 0.5 | F47: ='Input - Dairy'!F126 -> 0.5 | G47: ='Input - Dairy'!G126 -> 0.5 | H47: Fraction
D49: M1_Table_MNSoil_scope1 | L49: M2_Table_MNSoil_scope1
D50: Mass of N applied to soils (Method 1) | L50: Mass of N applied to soils (Method 2)
D51: MMS | E51: Domestic | F51: Mid-fed | G51: Long-fed | L51: MMS | M51: Domestic | N51: Mid-fed | O51: Long-fed
D52: ='Input - Dairy'!$D$78 -> Anaerobic lagoon | E52: {=MMS_Feedlot_ManureAppliedToSoils_Equations.VEERG_4_1_1_9__1_MassOfNitrogenAppliedToSoilsScope1(E22,$E$30,$E$38,E45)} -> #REF! | F52: {=MMS_Feedlot_ManureAppliedToSoils_Equations.VEERG_4_1_1_9__1_MassOfNitrogenAppliedToSoilsScope1(F22,$E$30,$E$38,F45)} -> #REF! | G52: {=MMS_Feedlot_ManureAppliedToSoils_Equations.VEERG_4_1_1_9__1_MassOfNitrogenAppliedToSoilsScope1(G22,$E$30,$E$38,G45)} -> #REF! | H52: =$E$12 -> kg N | L52: ='Input - Dairy'!$D$78 -> Anaerobic lagoon | M52: {=MMS_Feedlot_ManureAppliedToSoils_Equations.VEERG_4_1_1_9__1_MassOfNitrogenAppliedToSoilsScope1(M22,$E$30,$E$38,E45)} -> #REF! | N52: {=MMS_Feedlot_ManureAppliedToSoils_Equations.VEERG_4_1_1_9__1_MassOfNitrogenAppliedToSoilsScope1(N22,$E$30,$E$38,F45)} -> #REF! | O52: {=MMS_Feedlot_ManureAppliedToSoils_Equations.VEERG_4_1_1_9__1_MassOfNitrogenAppliedToSoilsScope1(O22,$E$30,$E$38,G45)} -> #REF! | P52: =$E$12 -> kg N
D53: ='Input - Dairy'!$D$79 -> Were solids separated from Anaerobic lagoon? | E53: {=MMS_Feedlot_ManureAppliedToSoils_Equations.VEERG_4_1_1_9__1_MassOfNitrogenAppliedToSoilsScope1(E23,$E$31,$E$39,E46)} -> #REF! | F53: {=MMS_Feedlot_ManureAppliedToSoils_Equations.VEERG_4_1_1_9__1_MassOfNitrogenAppliedToSoilsScope1(F23,$E$31,$E$39,F46)} -> #REF! | G53: {=MMS_Feedlot_ManureAppliedToSoils_Equations.VEERG_4_1_1_9__1_MassOfNitrogenAppliedToSoilsScope1(G23,$E$31,$E$39,G46)} -> #REF! | H53: =$E$12 -> kg N | L53: ='Input - Dairy'!$D$79 -> Were solids separated from Anaerobic lagoon? | M53: {=MMS_Feedlot_ManureAppliedToSoils_Equations.VEERG_4_1_1_9__1_MassOfNitrogenAppliedToSoilsScope1(M23,$E$31,$E$39,E46)} -> #REF! | N53: {=MMS_Feedlot_ManureAppliedToSoils_Equations.VEERG_4_1_1_9__1_MassOfNitrogenAppliedToSoilsScope1(N23,$E$31,$E$39,F46)} -> #REF! | O53: {=MMS_Feedlot_ManureAppliedToSoils_Equations.VEERG_4_1_1_9__1_MassOfNitrogenAppliedToSoilsScope1(O23,$E$31,$E$39,G46)} -> #REF! | P53: =$E$12 -> kg N
D54: ='Input - Dairy'!$D$84 -> Were solids separated from Sump and dispersal system? | E54: {=MMS_Feedlot_ManureAppliedToSoils_Equations.VEERG_4_1_1_9__1_MassOfNitrogenAppliedToSoilsScope1(E24,$E$32,$E$40,E47)} -> #REF! | F54: {=MMS_Feedlot_ManureAppliedToSoils_Equations.VEERG_4_1_1_9__1_MassOfNitrogenAppliedToSoilsScope1(F24,$E$32,$E$40,F47)} -> #REF! | G54: {=MMS_Feedlot_ManureAppliedToSoils_Equations.VEERG_4_1_1_9__1_MassOfNitrogenAppliedToSoilsScope1(G24,$E$32,$E$40,G47)} -> #REF! | H54: =$E$12 -> kg N | L54: ='Input - Dairy'!$D$84 -> Were solids separated from Sump and dispersal system? | M54: {=MMS_Feedlot_ManureAppliedToSoils_Equations.VEERG_4_1_1_9__1_MassOfNitrogenAppliedToSoilsScope1(M24,$E$32,$E$40,E47)} -> #REF! | N54: {=MMS_Feedlot_ManureAppliedToSoils_Equations.VEERG_4_1_1_9__1_MassOfNitrogenAppliedToSoilsScope1(N24,$E$32,$E$40,F47)} -> #REF! | O54: {=MMS_Feedlot_ManureAppliedToSoils_Equations.VEERG_4_1_1_9__1_MassOfNitrogenAppliedToSoilsScope1(O24,$E$32,$E$40,G47)} -> #REF! | P54: =$E$12 -> kg N
D56: MNSoilscope1 | E56: =SUM(E52:G54) -> #REF! | F56: =$E$12 -> kg N | L56: MNSoilscope1 | M56: =SUM(M52:O54) -> #REF! | N56: =$E$12 -> kg N
D60: {=MMS_Feedlot_ManureAppliedToSoils_Equations.VEERG_4_1_1_9__2_MassOfNitrogenAppliedToSoilsScope3_Title()} -> Mass of nitrogen applied to soils for scope 3 emissions
D61: {=MMS_Feedlot_ManureAppliedToSoils_Equations.VEERG_4_1_1_9__2_MassOfNitrogenAppliedToSoilsScope3_Source()} -> VEERG 2026: 4.1.1.9, Equation (2)
D62: Function name | E62: {=Common_InputFunctions.Utility_DisplayFunctionName(E77)} -> =MMS_Feedlot_ManureAppliedToSoils_Equations.VEERG_4_1_1_9__2_MassOfNitrogenAppliedToSoilsScope3
D66: Variable | E66: {=MMS_Feedlot_ManureAppliedToSoils_Equations.VEERG_4_1_1_9__2_MassOfNitrogenAppliedToSoilsScope3_Variable()} -> MNSoil_scope3
D67: Unit | E67: {=MMS_Feedlot_ManureAppliedToSoils_Equations.VEERG_4_1_1_9__2_MassOfNitrogenAppliedToSoilsScope3_Unit()} -> kg N
D69: {=MMS_Feedlot_ManureAppliedToSoils_Equations.VEERG_4_1_1_9__2_MassOfNitrogenAppliedToSoilsScope3_Arguments()} -> MN_jmT23 | E69: mass of N in secondary and tertiary treatment MMS stages as calculated for manure management : kg N | H69: ="See " & $D$19 -> See M1_Table_MN_j_m_T-2-3
D70: EF_mT23 | E70: nitrous oxide emission factor for each MMS : kg N2O-N/kg N | H70: ="See " & $D$26 -> See Table_EF_j_m_T-2-3
D71: FracGASM_mT23 | E71: fraction of animal waste N volatilised in each MMS for each cattle group : (kg NH3-N + NOx-N)/kg N | H71: ="See " & $D$34 -> See Table_FracGASM_m_T-2-3
D72: PF | E72: fraction of manure applied to soil within the feedlot boundary : fraction | H72: ="See " & $D$42 -> See Table_PF
D74: M1_Table_MNSoil_scope3 | L74: M2_Table_MNSoil_scope3
D75: Mass of N applied to soils as fertiliser (Method 1) | L75: Mass of N applied to soils as fertiliser (Method 2)
D76: MMS | E76: Domestic | F76: Mid-fed | G76: Long-fed | L76: MMS | M76: Domestic | N76: Mid-fed | O76: Long-fed
D77: ='Input - Dairy'!$D$78 -> Anaerobic lagoon | E77: {=MMS_Feedlot_ManureAppliedToSoils_Equations.VEERG_4_1_1_9__2_MassOfNitrogenAppliedToSoilsScope3(E22,$E30,$E38,E45)} -> #REF! | F77: {=MMS_Feedlot_ManureAppliedToSoils_Equations.VEERG_4_1_1_9__2_MassOfNitrogenAppliedToSoilsScope3(F22,$E30,$E38,F45)} -> #REF! | G77: {=MMS_Feedlot_ManureAppliedToSoils_Equations.VEERG_4_1_1_9__2_MassOfNitrogenAppliedToSoilsScope3(G22,$E30,$E38,G45)} -> #REF! | H77: =$E$12 -> kg N | L77: ='Input - Dairy'!$D$78 -> Anaerobic lagoon | M77: {=MMS_Feedlot_ManureAppliedToSoils_Equations.VEERG_4_1_1_9__2_MassOfNitrogenAppliedToSoilsScope3(M22,$E30,$E38,E45)} -> #REF! | N77: {=MMS_Feedlot_ManureAppliedToSoils_Equations.VEERG_4_1_1_9__2_MassOfNitrogenAppliedToSoilsScope3(N22,$E30,$E38,F45)} -> #REF! | O77: {=MMS_Feedlot_ManureAppliedToSoils_Equations.VEERG_4_1_1_9__2_MassOfNitrogenAppliedToSoilsScope3(O22,$E30,$E38,G45)} -> #REF! | P77: =$E$12 -> kg N
D78: ='Input - Dairy'!$D$79 -> Were solids separated from Anaerobic lagoon? | E78: {=MMS_Feedlot_ManureAppliedToSoils_Equations.VEERG_4_1_1_9__2_MassOfNitrogenAppliedToSoilsScope3(E23,$E31,$E39,E46)} -> #REF! | F78: {=MMS_Feedlot_ManureAppliedToSoils_Equations.VEERG_4_1_1_9__2_MassOfNitrogenAppliedToSoilsScope3(F23,$E31,$E39,F46)} -> #REF! | G78: {=MMS_Feedlot_ManureAppliedToSoils_Equations.VEERG_4_1_1_9__2_MassOfNitrogenAppliedToSoilsScope3(G23,$E31,$E39,G46)} -> #REF! | H78: =$E$12 -> kg N | L78: ='Input - Dairy'!$D$79 -> Were solids separated from Anaerobic lagoon? | M78: {=MMS_Feedlot_ManureAppliedToSoils_Equations.VEERG_4_1_1_9__2_MassOfNitrogenAppliedToSoilsScope3(M23,$E31,$E39,E46)} -> #REF! | N78: {=MMS_Feedlot_ManureAppliedToSoils_Equations.VEERG_4_1_1_9__2_MassOfNitrogenAppliedToSoilsScope3(N23,$E31,$E39,F46)} -> #REF! | O78: {=MMS_Feedlot_ManureAppliedToSoils_Equations.VEERG_4_1_1_9__2_MassOfNitrogenAppliedToSoilsScope3(O23,$E31,$E39,G46)} -> #REF! | P78: =$E$12 -> kg N
D79: ='Input - Dairy'!$D$84 -> Were solids separated from Sump and dispersal system? | E79: {=MMS_Feedlot_ManureAppliedToSoils_Equations.VEERG_4_1_1_9__2_MassOfNitrogenAppliedToSoilsScope3(E24,$E32,$E40,E47)} -> #REF! | F79: {=MMS_Feedlot_ManureAppliedToSoils_Equations.VEERG_4_1_1_9__2_MassOfNitrogenAppliedToSoilsScope3(F24,$E32,$E40,F47)} -> #REF! | G79: {=MMS_Feedlot_ManureAppliedToSoils_Equations.VEERG_4_1_1_9__2_MassOfNitrogenAppliedToSoilsScope3(G24,$E32,$E40,G47)} -> #REF! | H79: =$E$12 -> kg N | L79: ='Input - Dairy'!$D$84 -> Were solids separated from Sump and dispersal system? | M79: {=MMS_Feedlot_ManureAppliedToSoils_Equations.VEERG_4_1_1_9__2_MassOfNitrogenAppliedToSoilsScope3(M24,$E32,$E40,E47)} -> #REF! | N79: {=MMS_Feedlot_ManureAppliedToSoils_Equations.VEERG_4_1_1_9__2_MassOfNitrogenAppliedToSoilsScope3(N24,$E32,$E40,F47)} -> #REF! | O79: {=MMS_Feedlot_ManureAppliedToSoils_Equations.VEERG_4_1_1_9__2_MassOfNitrogenAppliedToSoilsScope3(O24,$E32,$E40,G47)} -> #REF! | P79: =$E$12 -> kg N
D81: MNSoilfert,scope3 | E81: =SUM(E77:G79) -> #REF! | F81: =$E$12 -> kg N | L81: MNSoilfert,scope3 | M81: =SUM(M77:O79) -> #REF! | N81: =$E$12 -> kg N
D85: ="Below are applications of " & D61 & " that are applied to the following contexts:" -> Below are applications of VEERG 2026: 4.1.1.9, Equation (2) that are applied to the following contexts:
D86: * Manure that is removed from stage 2 and 3 MMS and used as fertiliser on the farm, for other enterprises (eg crops)
D87: * Manure that is removed from stage 2 and 3 MMS that is sold
D89: Mass of nitrogen applied as fertiliser on own farm
D90: Table_PF_fert
D91: Fraction of manure applied to as fertiliser on own farm from MMS
D92: MMS | E92: Domestic | F92: Mid-fed | G92: Long-fed
D93: ='Input - Dairy'!$D$78 -> Anaerobic lagoon | E93: ='Input - Dairy'!E115 -> 0.25 | F93: ='Input - Dairy'!F115 -> 0.25 | G93: ='Input - Dairy'!G115 -> 0.25 | H93: Fraction
D94: ='Input - Dairy'!$D$79 -> Were solids separated from Anaerobic lagoon? | E94: ='Input - Dairy'!E120 -> 0.25 | F94: ='Input - Dairy'!F120 -> 0.25 | G94: ='Input - Dairy'!G120 -> 0.25 | H94: Fraction
D95: ='Input - Dairy'!$D$84 -> Were solids separated from Sump and dispersal system? | E95: ='Input - Dairy'!E125 -> 0.25 | F95: ='Input - Dairy'!F125 -> 0.25 | G95: ='Input - Dairy'!G125 -> 0.25 | H95: Fraction
D97: M1_Table_MNSoil_scope3_fert | L97: M2_Table_MNSoil_scope3_fert
D98: Mass of N applied to own farm as fertiliser (Method 1) | L98: Mass of N applied to own farm as fertiliser (Method 2)
D99: MMS | E99: Domestic | F99: Mid-fed | G99: Long-fed | L99: MMS | M99: Domestic | N99: Mid-fed | O99: Long-fed
D100: ='Input - Dairy'!$D$78 -> Anaerobic lagoon | E100: {=MMS_Feedlot_ManureAppliedToSoils_Equations.VEERG_4_1_1_9__1_MassOfNitrogenAppliedToSoilsScope1(E22,$E$30,$E$38,E93)} -> #REF! | F100: {=MMS_Feedlot_ManureAppliedToSoils_Equations.VEERG_4_1_1_9__1_MassOfNitrogenAppliedToSoilsScope1(F22,$E$30,$E$38,F93)} -> #REF! | G100: {=MMS_Feedlot_ManureAppliedToSoils_Equations.VEERG_4_1_1_9__1_MassOfNitrogenAppliedToSoilsScope1(G22,$E$30,$E$38,G93)} -> #REF! | H100: =$E$12 -> kg N | L100: ='Input - Dairy'!$D$78 -> Anaerobic lagoon | M100: {=MMS_Feedlot_ManureAppliedToSoils_Equations.VEERG_4_1_1_9__1_MassOfNitrogenAppliedToSoilsScope1(M22,$E$30,$E$38,E93)} -> #REF! | N100: {=MMS_Feedlot_ManureAppliedToSoils_Equations.VEERG_4_1_1_9__1_MassOfNitrogenAppliedToSoilsScope1(N22,$E$30,$E$38,F93)} -> #REF! | O100: {=MMS_Feedlot_ManureAppliedToSoils_Equations.VEERG_4_1_1_9__1_MassOfNitrogenAppliedToSoilsScope1(O22,$E$30,$E$38,G93)} -> #REF! | P100: =$E$12 -> kg N
D101: ='Input - Dairy'!$D$79 -> Were solids separated from Anaerobic lagoon? | E101: {=MMS_Feedlot_ManureAppliedToSoils_Equations.VEERG_4_1_1_9__1_MassOfNitrogenAppliedToSoilsScope1(E23,$E$31,$E$39,E94)} -> #REF! | F101: {=MMS_Feedlot_ManureAppliedToSoils_Equations.VEERG_4_1_1_9__1_MassOfNitrogenAppliedToSoilsScope1(F23,$E$31,$E$39,F94)} -> #REF! | G101: {=MMS_Feedlot_ManureAppliedToSoils_Equations.VEERG_4_1_1_9__1_MassOfNitrogenAppliedToSoilsScope1(G23,$E$31,$E$39,G94)} -> #REF! | H101: =$E$12 -> kg N | L101: ='Input - Dairy'!$D$79 -> Were solids separated from Anaerobic lagoon? | M101: {=MMS_Feedlot_ManureAppliedToSoils_Equations.VEERG_4_1_1_9__1_MassOfNitrogenAppliedToSoilsScope1(M23,$E$31,$E$39,E94)} -> #REF! | N101: {=MMS_Feedlot_ManureAppliedToSoils_Equations.VEERG_4_1_1_9__1_MassOfNitrogenAppliedToSoilsScope1(N23,$E$31,$E$39,F94)} -> #REF! | O101: {=MMS_Feedlot_ManureAppliedToSoils_Equations.VEERG_4_1_1_9__1_MassOfNitrogenAppliedToSoilsScope1(O23,$E$31,$E$39,G94)} -> #REF! | P101: =$E$12 -> kg N
D102: ='Input - Dairy'!$D$84 -> Were solids separated from Sump and dispersal system? | E102: {=MMS_Feedlot_ManureAppliedToSoils_Equations.VEERG_4_1_1_9__1_MassOfNitrogenAppliedToSoilsScope1(E24,$E$32,$E$40,E95)} -> #REF! | F102: {=MMS_Feedlot_ManureAppliedToSoils_Equations.VEERG_4_1_1_9__1_MassOfNitrogenAppliedToSoilsScope1(F24,$E$32,$E$40,F95)} -> #REF! | G102: {=MMS_Feedlot_ManureAppliedToSoils_Equations.VEERG_4_1_1_9__1_MassOfNitrogenAppliedToSoilsScope1(G24,$E$32,$E$40,G95)} -> #REF! | H102: =$E$12 -> kg N | L102: ='Input - Dairy'!$D$84 -> Were solids separated from Sump and dispersal system? | M102: {=MMS_Feedlot_ManureAppliedToSoils_Equations.VEERG_4_1_1_9__1_MassOfNitrogenAppliedToSoilsScope1(M24,$E$32,$E$40,E95)} -> #REF! | N102: {=MMS_Feedlot_ManureAppliedToSoils_Equations.VEERG_4_1_1_9__1_MassOfNitrogenAppliedToSoilsScope1(N24,$E$32,$E$40,F95)} -> #REF! | O102: {=MMS_Feedlot_ManureAppliedToSoils_Equations.VEERG_4_1_1_9__1_MassOfNitrogenAppliedToSoilsScope1(O24,$E$32,$E$40,G95)} -> #REF! | P102: =$E$12 -> kg N
D104: MNSoilscope3,fert | E104: =SUM(E100:G102) -> #REF! | F104: =$E$12 -> kg N | L104: MNSoilscope3,fert | M104: =SUM(M100:O102) -> #REF! | N104: =$E$12 -> kg N
D108: Mass of nitrogen sold
D109: Table_PF_sold
D110: Fraction of manure sold
D111: MMS | E111: Domestic | F111: Mid-fed | G111: Long-fed
D112: ='Input - Dairy'!$D$78 -> Anaerobic lagoon | E112: ='Input - Dairy'!E114 -> 0.25 | F112: ='Input - Dairy'!F114 -> 0.25 | G112: ='Input - Dairy'!G114 -> 0.25 | H112: Fraction
D113: ='Input - Dairy'!$D$79 -> Were solids separated from Anaerobic lagoon? | E113: ='Input - Dairy'!E119 -> 0.25 | F113: ='Input - Dairy'!F119 -> 0.25 | G113: ='Input - Dairy'!G119 -> 0.25 | H113: Fraction
D114: ='Input - Dairy'!$D$84 -> Were solids separated from Sump and dispersal system? | E114: ='Input - Dairy'!E124 -> 0.25 | F114: ='Input - Dairy'!F124 -> 0.25 | G114: ='Input - Dairy'!G124 -> 0.25 | H114: Fraction
D116: M1_Table_MNSoil_scope3_sold | L116: M2_Table_MNSoil_scope3_sold
D117: Mass of N sold as fertiliser (Method 1) | L117: Mass of N sold as fertiliser (Method 2)
D118: MMS | E118: Domestic | F118: Mid-fed | G118: Long-fed | L118: MMS | M118: Domestic | N118: Mid-fed | O118: Long-fed
D119: ='Input - Dairy'!$D$78 -> Anaerobic lagoon | E119: {=MMS_Feedlot_ManureAppliedToSoils_Equations.VEERG_4_1_1_9__1_MassOfNitrogenAppliedToSoilsScope1(E22,$E$30,$E$38,E112)} -> #REF! | F119: {=MMS_Feedlot_ManureAppliedToSoils_Equations.VEERG_4_1_1_9__1_MassOfNitrogenAppliedToSoilsScope1(F22,$E$30,$E$38,F112)} -> #REF! | G119: {=MMS_Feedlot_ManureAppliedToSoils_Equations.VEERG_4_1_1_9__1_MassOfNitrogenAppliedToSoilsScope1(G22,$E$30,$E$38,G112)} -> #REF! | H119: =$E$12 -> kg N | L119: ='Input - Dairy'!$D$78 -> Anaerobic lagoon | M119: {=MMS_Feedlot_ManureAppliedToSoils_Equations.VEERG_4_1_1_9__1_MassOfNitrogenAppliedToSoilsScope1(M22,$E$30,$E$38,E112)} -> #REF! | N119: {=MMS_Feedlot_ManureAppliedToSoils_Equations.VEERG_4_1_1_9__1_MassOfNitrogenAppliedToSoilsScope1(N22,$E$30,$E$38,F112)} -> #REF! | O119: {=MMS_Feedlot_ManureAppliedToSoils_Equations.VEERG_4_1_1_9__1_MassOfNitrogenAppliedToSoilsScope1(O22,$E$30,$E$38,G112)} -> #REF! | P119: =$E$12 -> kg N
D120: ='Input - Dairy'!$D$79 -> Were solids separated from Anaerobic lagoon? | E120: {=MMS_Feedlot_ManureAppliedToSoils_Equations.VEERG_4_1_1_9__1_MassOfNitrogenAppliedToSoilsScope1(E23,$E$31,$E$39,E113)} -> #REF! | F120: {=MMS_Feedlot_ManureAppliedToSoils_Equations.VEERG_4_1_1_9__1_MassOfNitrogenAppliedToSoilsScope1(F23,$E$31,$E$39,F113)} -> #REF! | G120: {=MMS_Feedlot_ManureAppliedToSoils_Equations.VEERG_4_1_1_9__1_MassOfNitrogenAppliedToSoilsScope1(G23,$E$31,$E$39,G113)} -> #REF! | H120: =$E$12 -> kg N | L120: ='Input - Dairy'!$D$79 -> Were solids separated from Anaerobic lagoon? | M120: {=MMS_Feedlot_ManureAppliedToSoils_Equations.VEERG_4_1_1_9__1_MassOfNitrogenAppliedToSoilsScope1(M23,$E$31,$E$39,E113)} -> #REF! | N120: {=MMS_Feedlot_ManureAppliedToSoils_Equations.VEERG_4_1_1_9__1_MassOfNitrogenAppliedToSoilsScope1(N23,$E$31,$E$39,F113)} -> #REF! | O120: {=MMS_Feedlot_ManureAppliedToSoils_Equations.VEERG_4_1_1_9__1_MassOfNitrogenAppliedToSoilsScope1(O23,$E$31,$E$39,G113)} -> #REF! | P120: =$E$12 -> kg N
D121: ='Input - Dairy'!$D$84 -> Were solids separated from Sump and dispersal system? | E121: {=MMS_Feedlot_ManureAppliedToSoils_Equations.VEERG_4_1_1_9__1_MassOfNitrogenAppliedToSoilsScope1(E24,$E$32,$E$40,E114)} -> #REF! | F121: {=MMS_Feedlot_ManureAppliedToSoils_Equations.VEERG_4_1_1_9__1_MassOfNitrogenAppliedToSoilsScope1(F24,$E$32,$E$40,F114)} -> #REF! | G121: {=MMS_Feedlot_ManureAppliedToSoils_Equations.VEERG_4_1_1_9__1_MassOfNitrogenAppliedToSoilsScope1(G24,$E$32,$E$40,G114)} -> #REF! | H121: =$E$12 -> kg N | L121: ='Input - Dairy'!$D$84 -> Were solids separated from Sump and dispersal system? | M121: {=MMS_Feedlot_ManureAppliedToSoils_Equations.VEERG_4_1_1_9__1_MassOfNitrogenAppliedToSoilsScope1(M24,$E$32,$E$40,E114)} -> #REF! | N121: {=MMS_Feedlot_ManureAppliedToSoils_Equations.VEERG_4_1_1_9__1_MassOfNitrogenAppliedToSoilsScope1(N24,$E$32,$E$40,F114)} -> #REF! | O121: {=MMS_Feedlot_ManureAppliedToSoils_Equations.VEERG_4_1_1_9__1_MassOfNitrogenAppliedToSoilsScope1(O24,$E$32,$E$40,G114)} -> #REF! | P121: =$E$12 -> kg N
D123: MNSoilscope3,sold | E123: =SUM(E119:G121) -> #REF! | F123: =$E$12 -> kg N | L123: MNSoilscope3,sold | M123: =SUM(M119:O121) -> #REF! | N123: =$E$12 -> kg N

Sheet Constants - Dairy
A1: #VALUE! | C1: Source Data - Feedlot
A3: =HYPERLINK("#'Home'!A1", "Home") -> Home
A4: =HYPERLINK("#'Results'!A1", "Results") -> Results
D5: Dairy manure management systems | G5: Dairy crop or pasture production systems | J5: Irrigation methods
A6: INPUTS
A7: =HYPERLINK("#'Input - Site'!A1", "Site") -> Site | D7: MMS | E7: Symbol and MMS | G7: Production system | J7: Irrigation method
A8: =HYPERLINK("#'Input - Feedlot'!A1", "Feedlot") -> Feedlot | D8: ='Constants - Livestock'!$E$10 -> Anaerobic lagoon | E8: ='Constants - Livestock'!$F$10 -> Anaerobic lagoon (m=1) | G8: ='Constants - Common'!$F$176 -> Pasture | J8: Not irrigated
D9: ='Constants - Livestock'!$E$13 -> Sump and dispersal system | E9: ='Constants - Livestock'!$F$13 -> Sump and dispersal system (m=3a) | G9: ='Constants - Common'!$F$177 -> Crop | J9: Drip irrigation
A10: CALCULATIONS | D10: ='Constants - Livestock'!$E$14 -> Drains to paddock | E10: ='Constants - Livestock'!$F$14 -> Drains to paddock (m=3b) | J10: Sprinkler irrigation
A11: =HYPERLINK("#'4.1.1.1-2 Methane'!A1", "4.1.1.1-2 Methane") -> 4.1.1.1-2 Methane | D11: ='Constants - Livestock'!$E$15 -> Solid storage | E11: ='Constants - Livestock'!$F$15 -> Solid storage (m=4) | J11: Surface irrigation
A12: =HYPERLINK("#'4.1.1.3-4 Direct N20'!A1", "4.1.1.3-4 Direct N2O") -> 4.1.1.3-4 Direct N2O | J12: Other irrigation
A13: =HYPERLINK("#'4.1.1.5-6 Atmos Deposition'!A1", "4.1.1.5-6 Atmospheric deposition") -> 4.1.1.5-6 Atmospheric deposition
A14: =HYPERLINK("#'4.1.1.9 Manure applied to soils'!A1", "4.1.1.9 Manure applied to soils") -> 4.1.1.9 Manure applied to soils
A16: APPENDICES | D16: {=SourceData_Dairy.SourceData_Dairy_LiveweightCowsAndHeifers_Title()} -> Table A.1.3.1: Dairy cattle - Liveweight (kg) - Cows and Heifers (Wj)
A17: =HYPERLINK("#'Constants - Feedlot'!A1", "Constants - Feedlot") -> Constants - Feedlot | D17: {=SourceData_Dairy.SourceData_Dairy_LiveweightCowsAndHeifers_Source()} -> VEERG 2026: Table A.1.3.1
A18: =HYPERLINK("#'Constants - Livestock'!A1", "Constants - Livestock") -> Constants - Livestock | D18: {=SourceData_Dairy.SourceData_Dairy_LiveweightCowsAndHeifers_Variable()} -> Wj
A19: =HYPERLINK("#'Constants - Common'!A1", "Constants - Common") -> Constants - Common | D19: {=SourceData_Dairy.SourceData_Dairy_LiveweightCowsAndHeifers_Unit()} -> kg
A20: =HYPERLINK("#'Acknowledgements'!A1", "Acknowledgements") -> Acknowledgements | D20: {=SourceData_Dairy.SourceData_Dairy_LiveweightCowsAndHeifers_Variation()} -> VARIATION OF SOURCE: Excluded 'Reference', as the value is consistently 'Dairy Australia [1]' and is not used in calculation.
D21: Breed | E21: Milking cows | F21: Heifers > 1 | G21: Heifers < 1 (weaned)
D22: {=Common_InputFunctions.Utility_DisplayArrayInTable(SourceData_Dairy.SourceData_Dairy_LiveweightCowsAndHeifers_Data(), Table_SourceData_Dairy_WjCowsHeifers[[#Headers],[Breed]], 0)} -> Medium Friesian | E22: {=Common_InputFunctions.Utility_DisplayArrayInTable(SourceData_Dairy.SourceData_Dairy_LiveweightCowsAndHeifers_Data(), Table_SourceData_Dairy_WjCowsHeifers[[#Headers],[Breed]], 0)} -> 550 | F22: {=Common_InputFunctions.Utility_DisplayArrayInTable(SourceData_Dairy.SourceData_Dairy_LiveweightCowsAndHeifers_Data(), Table_SourceData_Dairy_WjCowsHeifers[[#Headers],[Breed]], 0)} -> 380 | G22: {=Common_InputFunctions.Utility_DisplayArrayInTable(SourceData_Dairy.SourceData_Dairy_LiveweightCowsAndHeifers_Data(), Table_SourceData_Dairy_WjCowsHeifers[[#Headers],[Breed]], 0)} -> 155
D23: {=Common_InputFunctions.Utility_DisplayArrayInTable(SourceData_Dairy.SourceData_Dairy_LiveweightCowsAndHeifers_Data(), Table_SourceData_Dairy_WjCowsHeifers[[#Headers],[Breed]], 0)} -> Large Friesian | E23: {=Common_InputFunctions.Utility_DisplayArrayInTable(SourceData_Dairy.SourceData_Dairy_LiveweightCowsAndHeifers_Data(), Table_SourceData_Dairy_WjCowsHeifers[[#Headers],[Breed]], 0)} -> 600 | F23: {=Common_InputFunctions.Utility_DisplayArrayInTable(SourceData_Dairy.SourceData_Dairy_LiveweightCowsAndHeifers_Data(), Table_SourceData_Dairy_WjCowsHeifers[[#Headers],[Breed]], 0)} -> 415 | G23: {=Common_InputFunctions.Utility_DisplayArrayInTable(SourceData_Dairy.SourceData_Dairy_LiveweightCowsAndHeifers_Data(), Table_SourceData_Dairy_WjCowsHeifers[[#Headers],[Breed]], 0)} -> 170
D24: {=Common_InputFunctions.Utility_DisplayArrayInTable(SourceData_Dairy.SourceData_Dairy_LiveweightCowsAndHeifers_Data(), Table_SourceData_Dairy_WjCowsHeifers[[#Headers],[Breed]], 0)} -> Holstein-Friesian | E24: {=Common_InputFunctions.Utility_DisplayArrayInTable(SourceData_Dairy.SourceData_Dairy_LiveweightCowsAndHeifers_Data(), Table_SourceData_Dairy_WjCowsHeifers[[#Headers],[Breed]], 0)} -> 650 | F24: {=Common_InputFunctions.Utility_DisplayArrayInTable(SourceData_Dairy.SourceData_Dairy_LiveweightCowsAndHeifers_Data(), Table_SourceData_Dairy_WjCowsHeifers[[#Headers],[Breed]], 0)} -> 450 | G24: {=Common_InputFunctions.Utility_DisplayArrayInTable(SourceData_Dairy.SourceData_Dairy_LiveweightCowsAndHeifers_Data(), Table_SourceData_Dairy_WjCowsHeifers[[#Headers],[Breed]], 0)} -> 185
D25: {=Common_InputFunctions.Utility_DisplayArrayInTable(SourceData_Dairy.SourceData_Dairy_LiveweightCowsAndHeifers_Data(), Table_SourceData_Dairy_WjCowsHeifers[[#Headers],[Breed]], 0)} -> Friesian crossbred | E25: {=Common_InputFunctions.Utility_DisplayArrayInTable(SourceData_Dairy.SourceData_Dairy_LiveweightCowsAndHeifers_Data(), Table_SourceData_Dairy_WjCowsHeifers[[#Headers],[Breed]], 0)} -> 500 | F25: {=Common_InputFunctions.Utility_DisplayArrayInTable(SourceData_Dairy.SourceData_Dairy_LiveweightCowsAndHeifers_Data(), Table_SourceData_Dairy_WjCowsHeifers[[#Headers],[Breed]], 0)} -> 350 | G25: {=Common_InputFunctions.Utility_DisplayArrayInTable(SourceData_Dairy.SourceData_Dairy_LiveweightCowsAndHeifers_Data(), Table_SourceData_Dairy_WjCowsHeifers[[#Headers],[Breed]], 0)} -> 145
D26: {=Common_InputFunctions.Utility_DisplayArrayInTable(SourceData_Dairy.SourceData_Dairy_LiveweightCowsAndHeifers_Data(), Table_SourceData_Dairy_WjCowsHeifers[[#Headers],[Breed]], 0)} -> Jersey | E26: {=Common_InputFunctions.Utility_DisplayArrayInTable(SourceData_Dairy.SourceData_Dairy_LiveweightCowsAndHeifers_Data(), Table_SourceData_Dairy_WjCowsHeifers[[#Headers],[Breed]], 0)} -> 400 | F26: {=Common_InputFunctions.Utility_DisplayArrayInTable(SourceData_Dairy.SourceData_Dairy_LiveweightCowsAndHeifers_Data(), Table_SourceData_Dairy_WjCowsHeifers[[#Headers],[Breed]], 0)} -> 275 | G26: {=Common_InputFunctions.Utility_DisplayArrayInTable(SourceData_Dairy.SourceData_Dairy_LiveweightCowsAndHeifers_Data(), Table_SourceData_Dairy_WjCowsHeifers[[#Headers],[Breed]], 0)} -> 115
D27: {=Common_InputFunctions.Utility_DisplayArrayInTable(SourceData_Dairy.SourceData_Dairy_LiveweightCowsAndHeifers_Data(), Table_SourceData_Dairy_WjCowsHeifers[[#Headers],[Breed]], 0)} -> Jersey crossbred | E27: {=Common_InputFunctions.Utility_DisplayArrayInTable(SourceData_Dairy.SourceData_Dairy_LiveweightCowsAndHeifers_Data(), Table_SourceData_Dairy_WjCowsHeifers[[#Headers],[Breed]], 0)} -> 450 | F27: {=Common_InputFunctions.Utility_DisplayArrayInTable(SourceData_Dairy.SourceData_Dairy_LiveweightCowsAndHeifers_Data(), Table_SourceData_Dairy_WjCowsHeifers[[#Headers],[Breed]], 0)} -> 315 | G27: {=Common_InputFunctions.Utility_DisplayArrayInTable(SourceData_Dairy.SourceData_Dairy_LiveweightCowsAndHeifers_Data(), Table_SourceData_Dairy_WjCowsHeifers[[#Headers],[Breed]], 0)} -> 130
D28: {=Common_InputFunctions.Utility_DisplayArrayInTable(SourceData_Dairy.SourceData_Dairy_LiveweightCowsAndHeifers_Data(), Table_SourceData_Dairy_WjCowsHeifers[[#Headers],[Breed]], 0)} -> Ayrshire | E28: {=Common_InputFunctions.Utility_DisplayArrayInTable(SourceData_Dairy.SourceData_Dairy_LiveweightCowsAndHeifers_Data(), Table_SourceData_Dairy_WjCowsHeifers[[#Headers],[Breed]], 0)} -> 540 | F28: {=Common_InputFunctions.Utility_DisplayArrayInTable(SourceData_Dairy.SourceData_Dairy_LiveweightCowsAndHeifers_Data(), Table_SourceData_Dairy_WjCowsHeifers[[#Headers],[Breed]], 0)} -> 375 | G28: {=Common_InputFunctions.Utility_DisplayArrayInTable(SourceData_Dairy.SourceData_Dairy_LiveweightCowsAndHeifers_Data(), Table_SourceData_Dairy_WjCowsHeifers[[#Headers],[Breed]], 0)} -> 150
D29: {=Common_InputFunctions.Utility_DisplayArrayInTable(SourceData_Dairy.SourceData_Dairy_LiveweightCowsAndHeifers_Data(), Table_SourceData_Dairy_WjCowsHeifers[[#Headers],[Breed]], 0)} -> Guernsey | E29: {=Common_InputFunctions.Utility_DisplayArrayInTable(SourceData_Dairy.SourceData_Dairy_LiveweightCowsAndHeifers_Data(), Table_SourceData_Dairy_WjCowsHeifers[[#Headers],[Breed]], 0)} -> 480 | F29: {=Common_InputFunctions.Utility_DisplayArrayInTable(SourceData_Dairy.SourceData_Dairy_LiveweightCowsAndHeifers_Data(), Table_SourceData_Dairy_WjCowsHeifers[[#Headers],[Breed]], 0)} -> 335 | G29: {=Common_InputFunctions.Utility_DisplayArrayInTable(SourceData_Dairy.SourceData_Dairy_LiveweightCowsAndHeifers_Data(), Table_SourceData_Dairy_WjCowsHeifers[[#Headers],[Breed]], 0)} -> 140
D30: {=Common_InputFunctions.Utility_DisplayArrayInTable(SourceData_Dairy.SourceData_Dairy_LiveweightCowsAndHeifers_Data(), Table_SourceData_Dairy_WjCowsHeifers[[#Headers],[Breed]], 0)} -> Brown Swiss | E30: {=Common_InputFunctions.Utility_DisplayArrayInTable(SourceData_Dairy.SourceData_Dairy_LiveweightCowsAndHeifers_Data(), Table_SourceData_Dairy_WjCowsHeifers[[#Headers],[Breed]], 0)} -> 600 | F30: {=Common_InputFunctions.Utility_DisplayArrayInTable(SourceData_Dairy.SourceData_Dairy_LiveweightCowsAndHeifers_Data(), Table_SourceData_Dairy_WjCowsHeifers[[#Headers],[Breed]], 0)} -> 415 | G30: {=Common_InputFunctions.Utility_DisplayArrayInTable(SourceData_Dairy.SourceData_Dairy_LiveweightCowsAndHeifers_Data(), Table_SourceData_Dairy_WjCowsHeifers[[#Headers],[Breed]], 0)} -> 170
D31: {=Common_InputFunctions.Utility_DisplayArrayInTable(SourceData_Dairy.SourceData_Dairy_LiveweightCowsAndHeifers_Data(), Table_SourceData_Dairy_WjCowsHeifers[[#Headers],[Breed]], 0)} -> Illawarra/Aussie Red | E31: {=Common_InputFunctions.Utility_DisplayArrayInTable(SourceData_Dairy.SourceData_Dairy_LiveweightCowsAndHeifers_Data(), Table_SourceData_Dairy_WjCowsHeifers[[#Headers],[Breed]], 0)} -> 550 | F31: {=Common_InputFunctions.Utility_DisplayArrayInTable(SourceData_Dairy.SourceData_Dairy_LiveweightCowsAndHeifers_Data(), Table_SourceData_Dairy_WjCowsHeifers[[#Headers],[Breed]], 0)} -> 375 | G31: {=Common_InputFunctions.Utility_DisplayArrayInTable(SourceData_Dairy.SourceData_Dairy_LiveweightCowsAndHeifers_Data(), Table_SourceData_Dairy_WjCowsHeifers[[#Headers],[Breed]], 0)} -> 150
D34: {=SourceData_Dairy.SourceData_Dairy_LiveweightBulls_Title()} -> Table A.1.3.2: Dairy cattle - Liveweight (kg) - Bulls (Wj)
D35: {=SourceData_Dairy.SourceData_Dairy_LiveweightBulls_Source()} -> VEERG 2026: Table A.1.3.2
D36: {=SourceData_Dairy.SourceData_Dairy_LiveweightBulls_Variable()} -> Wj
D37: {=SourceData_Dairy.SourceData_Dairy_LiveweightBulls_Unit()} -> kg
D38: Breed | E38: Bulls > 1 | F38: Bulls < 1 (weaned)
D39: {=Common_InputFunctions.Utility_DisplayArrayInTable(SourceData_Dairy.SourceData_Dairy_LiveweightBulls_Data(), Table_SourceData_Dairy_WjBulls[[#Headers],[Breed]], 0)} -> All breeds | E39: {=Common_InputFunctions.Utility_DisplayArrayInTable(SourceData_Dairy.SourceData_Dairy_LiveweightBulls_Data(), Table_SourceData_Dairy_WjBulls[[#Headers],[Breed]], 0)} -> 600 | F39: {=Common_InputFunctions.Utility_DisplayArrayInTable(SourceData_Dairy.SourceData_Dairy_LiveweightBulls_Data(), Table_SourceData_Dairy_WjBulls[[#Headers],[Breed]], 0)} -> 225
D42: {=SourceData_Dairy.SourceData_Dairy_LiveweightGain_Title()} -> Table A.1.3.3: Dairy cattle - Liveweight gain (kg) (LWGj)
D43: {=SourceData_Dairy.SourceData_Dairy_LiveweightGain_Source()} -> VEERG 2026: Table A.1.3.3
D44: {=SourceData_Dairy.SourceData_Dairy_LiveweightGain_Variable()} -> LWGj
D45: {=SourceData_Dairy.SourceData_Dairy_LiveweightGain_Unit()} -> kg
D46: Milking cows | E46: Heifers > 1 | F46: Heifers < 1 (weaned) | G46: Bulls > 1 | H46: Bulls < 1 (weaned)
D47: {=Common_InputFunctions.Utility_DisplayArrayInTable(SourceData_Dairy.SourceData_Dairy_LiveweightGain_Data(), Table_SourceData_Dairy_LWGj[[#Headers],[Milking cows]], 0)} -> 0.016 | E47: {=Common_InputFunctions.Utility_DisplayArrayInTable(SourceData_Dairy.SourceData_Dairy_LiveweightGain_Data(), Table_SourceData_Dairy_LWGj[[#Headers],[Milking cows]], 0)} -> 0.6 | F47: {=Common_InputFunctions.Utility_DisplayArrayInTable(SourceData_Dairy.SourceData_Dairy_LiveweightGain_Data(), Table_SourceData_Dairy_LWGj[[#Headers],[Milking cows]], 0)} -> 0.57 | G47: {=Common_InputFunctions.Utility_DisplayArrayInTable(SourceData_Dairy.SourceData_Dairy_LiveweightGain_Data(), Table_SourceData_Dairy_LWGj[[#Headers],[Milking cows]], 0)} -> 0.1 | H47: {=Common_InputFunctions.Utility_DisplayArrayInTable(SourceData_Dairy.SourceData_Dairy_LiveweightGain_Data(), Table_SourceData_Dairy_LWGj[[#Headers],[Milking cows]], 0)} -> 0.8
D50: {=SourceData_Dairy.SourceData_Dairy_ReferenceWeights_Title()} -> Table A.1.3.4: Dairy cattle - Reference weights (kg) (WRj)
D51: {=SourceData_Dairy.SourceData_Dairy_ReferenceWeights_Source()} -> VEERG 2026: Table A.1.3.4
D52: {=SourceData_Dairy.SourceData_Dairy_ReferenceWeights_Variable()} -> WRj
D53: {=SourceData_Dairy.SourceData_Dairy_ReferenceWeights_Unit()} -> kg
D54: Milking cows | E54: Heifers > 1 | F54: Heifers < 1 (weaned) | G54: Bulls > 1 | H54: Bulls < 1 (weaned)
D55: {=Common_InputFunctions.Utility_DisplayArrayInTable(SourceData_Dairy.SourceData_Dairy_ReferenceWeights_Data(), Table_SourceData_Dairy_WRj[[#Headers],[Milking cows]], 0)} -> 590 | E55: {=Common_InputFunctions.Utility_DisplayArrayInTable(SourceData_Dairy.SourceData_Dairy_ReferenceWeights_Data(), Table_SourceData_Dairy_WRj[[#Headers],[Milking cows]], 0)} -> 590 | F55: {=Common_InputFunctions.Utility_DisplayArrayInTable(SourceData_Dairy.SourceData_Dairy_ReferenceWeights_Data(), Table_SourceData_Dairy_WRj[[#Headers],[Milking cows]], 0)} -> 590 | G55: {=Common_InputFunctions.Utility_DisplayArrayInTable(SourceData_Dairy.SourceData_Dairy_ReferenceWeights_Data(), Table_SourceData_Dairy_WRj[[#Headers],[Milking cows]], 0)} -> 770 | H55: {=Common_InputFunctions.Utility_DisplayArrayInTable(SourceData_Dairy.SourceData_Dairy_ReferenceWeights_Data(), Table_SourceData_Dairy_WRj[[#Headers],[Milking cows]], 0)} -> 770
D58: {=SourceData_Dairy.SourceData_Dairy_PreWeanedCalves_Title()} -> Table A.1.3.5: Dairy cattle - Data for pre - weaned calves
D59: {=SourceData_Dairy.SourceData_Dairy_PreWeanedCalves_Source()} -> VEERG 2026: Table A.1.3.5
D60: {=SourceData_Dairy.SourceData_Dairy_PreWeanedCalves_Variable()} -> VSj=3,5; NPWj=3,5
D61: {=SourceData_Dairy.SourceData_Dairy_PreWeanedCalves_Unit()} -> kg/day
D62: Animal class j | E62: CH4 production | F62: Volatile solids (VSj=3,5) | G62: Nitrogen Excreted (NPWj=3,5)
D63: {=Common_InputFunctions.Utility_DisplayArrayInTable(SourceData_Dairy.SourceData_Dairy_PreWeanedCalves_Data(), Table_SourceData_Dairy_DataPreWeaned[[#Headers],[Animal class j]], -1)} -> Heifers<1 | E63: {=Common_InputFunctions.Utility_DisplayArrayInTable(SourceData_Dairy.SourceData_Dairy_PreWeanedCalves_Data(), Table_SourceData_Dairy_DataPreWeaned[[#Headers],[Animal class j]], -1)} -> 0.0176 | F63: {=Common_InputFunctions.Utility_DisplayArrayInTable(SourceData_Dairy.SourceData_Dairy_PreWeanedCalves_Data(), Table_SourceData_Dairy_DataPreWeaned[[#Headers],[Animal class j]], -1)} -> 0.2685 | G63: {=Common_InputFunctions.Utility_DisplayArrayInTable(SourceData_Dairy.SourceData_Dairy_PreWeanedCalves_Data(), Table_SourceData_Dairy_DataPreWeaned[[#Headers],[Animal class j]], -1)} -> 0.0137
D64: {=Common_InputFunctions.Utility_DisplayArrayInTable(SourceData_Dairy.SourceData_Dairy_PreWeanedCalves_Data(), Table_SourceData_Dairy_DataPreWeaned[[#Headers],[Animal class j]], -1)} -> Bulls<1 | E64: {=Common_InputFunctions.Utility_DisplayArrayInTable(SourceData_Dairy.SourceData_Dairy_PreWeanedCalves_Data(), Table_SourceData_Dairy_DataPreWeaned[[#Headers],[Animal class j]], -1)} -> 0.0204 | F64: {=Common_InputFunctions.Utility_DisplayArrayInTable(SourceData_Dairy.SourceData_Dairy_PreWeanedCalves_Data(), Table_SourceData_Dairy_DataPreWeaned[[#Headers],[Animal class j]], -1)} -> 0.3003 | G64: {=Common_InputFunctions.Utility_DisplayArrayInTable(SourceData_Dairy.SourceData_Dairy_PreWeanedCalves_Data(), Table_SourceData_Dairy_DataPreWeaned[[#Headers],[Animal class j]], -1)} -> 0.0092
D67: {=SourceData_Dairy.SourceData_Dairy_MCF_Title()} -> Table A.1.3.6: Dairy cattle - Dairy cattle - MCFs (fraction) (MCFjm)
D68: {=SourceData_Dairy.SourceData_Dairy_MCF_Source()} -> VEERG 2026: Table A.1.3.6
D69: {=SourceData_Dairy.SourceData_Dairy_MCF_Variable()} -> MCFjm
D70: {=SourceData_Dairy.SourceData_Dairy_MCF_Unit()} -> fraction
D71: {=SourceData_Dairy.SourceData_Dairy_MCF_Variation()} -> VARIATION OF SOURCE: Added 'NIR reference' column to aid lookup
D72: MMS m | E72: ACT | F72: NSW | G72: NT | H72: QLD | I72: SA | J72: TAS | K72: VIC | L72: WA | M72: NIR reference
D73: {=Common_InputFunctions.Utility_DisplayArrayInTable(SourceData_Dairy.SourceData_Dairy_MCF_Data(), Table_SourceData_Dairy_MCFjm[[#Headers],[MMS m]], 0)} -> Pasture | E73: {=Common_InputFunctions.Utility_DisplayArrayInTable(SourceData_Dairy.SourceData_Dairy_MCF_Data(), Table_SourceData_Dairy_MCFjm[[#Headers],[MMS m]], 0)} -> 0.01 | F73: {=Common_InputFunctions.Utility_DisplayArrayInTable(SourceData_Dairy.SourceData_Dairy_MCF_Data(), Table_SourceData_Dairy_MCFjm[[#Headers],[MMS m]], 0)} -> 0.01 | G73: {=Common_InputFunctions.Utility_DisplayArrayInTable(SourceData_Dairy.SourceData_Dairy_MCF_Data(), Table_SourceData_Dairy_MCFjm[[#Headers],[MMS m]], 0)} -> 0.02 | H73: {=Common_InputFunctions.Utility_DisplayArrayInTable(SourceData_Dairy.SourceData_Dairy_MCF_Data(), Table_SourceData_Dairy_MCFjm[[#Headers],[MMS m]], 0)} -> 0.01 | I73: {=Common_InputFunctions.Utility_DisplayArrayInTable(SourceData_Dairy.SourceData_Dairy_MCF_Data(), Table_SourceData_Dairy_MCFjm[[#Headers],[MMS m]], 0)} -> 0.01 | J73: {=Common_InputFunctions.Utility_DisplayArrayInTable(SourceData_Dairy.SourceData_Dairy_MCF_Data(), Table_SourceData_Dairy_MCFjm[[#Headers],[MMS m]], 0)} -> 0.01 | K73: {=Common_InputFunctions.Utility_DisplayArrayInTable(SourceData_Dairy.SourceData_Dairy_MCF_Data(), Table_SourceData_Dairy_MCFjm[[#Headers],[MMS m]], 0)} -> 0.01 | ... M73: {=Common_InputFunctions.Utility_DisplayArrayInTable(SourceData_Dairy.SourceData_Dairy_MCF_Data(), Table_SourceData_Dairy_MCFjm[[#Headers],[MMS m]], 0)} -> Pasture range and paddock
D74: {=Common_InputFunctions.Utility_DisplayArrayInTable(SourceData_Dairy.SourceData_Dairy_MCF_Data(), Table_SourceData_Dairy_MCFjm[[#Headers],[MMS m]], 0)} -> Anaerobic lagoon | E74: {=Common_InputFunctions.Utility_DisplayArrayInTable(SourceData_Dairy.SourceData_Dairy_MCF_Data(), Table_SourceData_Dairy_MCFjm[[#Headers],[MMS m]], 0)} -> 0.72 | F74: {=Common_InputFunctions.Utility_DisplayArrayInTable(SourceData_Dairy.SourceData_Dairy_MCF_Data(), Table_SourceData_Dairy_MCFjm[[#Headers],[MMS m]], 0)} -> 0.76 | G74: {=Common_InputFunctions.Utility_DisplayArrayInTable(SourceData_Dairy.SourceData_Dairy_MCF_Data(), Table_SourceData_Dairy_MCFjm[[#Headers],[MMS m]], 0)} -> 0.8 | H74: {=Common_InputFunctions.Utility_DisplayArrayInTable(SourceData_Dairy.SourceData_Dairy_MCF_Data(), Table_SourceData_Dairy_MCFjm[[#Headers],[MMS m]], 0)} -> 0.78 | I74: {=Common_InputFunctions.Utility_DisplayArrayInTable(SourceData_Dairy.SourceData_Dairy_MCF_Data(), Table_SourceData_Dairy_MCFjm[[#Headers],[MMS m]], 0)} -> 0.74 | J74: {=Common_InputFunctions.Utility_DisplayArrayInTable(SourceData_Dairy.SourceData_Dairy_MCF_Data(), Table_SourceData_Dairy_MCFjm[[#Headers],[MMS m]], 0)} -> 0.69 | K74: {=Common_InputFunctions.Utility_DisplayArrayInTable(SourceData_Dairy.SourceData_Dairy_MCF_Data(), Table_SourceData_Dairy_MCFjm[[#Headers],[MMS m]], 0)} -> 0.73 | ... M74: {=Common_InputFunctions.Utility_DisplayArrayInTable(SourceData_Dairy.SourceData_Dairy_MCF_Data(), Table_SourceData_Dairy_MCFjm[[#Headers],[MMS m]], 0)} -> Anaerobic lagoon
D75: {=Common_InputFunctions.Utility_DisplayArrayInTable(SourceData_Dairy.SourceData_Dairy_MCF_Data(), Table_SourceData_Dairy_MCFjm[[#Headers],[MMS m]], 0)} -> Daily spread - Sump and dispersal systems | E75: {=Common_InputFunctions.Utility_DisplayArrayInTable(SourceData_Dairy.SourceData_Dairy_MCF_Data(), Table_SourceData_Dairy_MCFjm[[#Headers],[MMS m]], 0)} -> 0.005 | F75: {=Common_InputFunctions.Utility_DisplayArrayInTable(SourceData_Dairy.SourceData_Dairy_MCF_Data(), Table_SourceData_Dairy_MCFjm[[#Headers],[MMS m]], 0)} -> 0.005 | G75: {=Common_InputFunctions.Utility_DisplayArrayInTable(SourceData_Dairy.SourceData_Dairy_MCF_Data(), Table_SourceData_Dairy_MCFjm[[#Headers],[MMS m]], 0)} -> 0.01 | H75: {=Common_InputFunctions.Utility_DisplayArrayInTable(SourceData_Dairy.SourceData_Dairy_MCF_Data(), Table_SourceData_Dairy_MCFjm[[#Headers],[MMS m]], 0)} -> 0.005 | I75: {=Common_InputFunctions.Utility_DisplayArrayInTable(SourceData_Dairy.SourceData_Dairy_MCF_Data(), Table_SourceData_Dairy_MCFjm[[#Headers],[MMS m]], 0)} -> 0.005 | J75: {=Common_InputFunctions.Utility_DisplayArrayInTable(SourceData_Dairy.SourceData_Dairy_MCF_Data(), Table_SourceData_Dairy_MCFjm[[#Headers],[MMS m]], 0)} -> 0.001 | K75: {=Common_InputFunctions.Utility_DisplayArrayInTable(SourceData_Dairy.SourceData_Dairy_MCF_Data(), Table_SourceData_Dairy_MCFjm[[#Headers],[MMS m]], 0)} -> 0.005 | ... M75: {=Common_InputFunctions.Utility_DisplayArrayInTable(SourceData_Dairy.SourceData_Dairy_MCF_Data(), Table_SourceData_Dairy_MCFjm[[#Headers],[MMS m]], 0)} -> Sump and dispersal system
D76: {=Common_InputFunctions.Utility_DisplayArrayInTable(SourceData_Dairy.SourceData_Dairy_MCF_Data(), Table_SourceData_Dairy_MCFjm[[#Headers],[MMS m]], 0)} -> Daily spread - Drains to paddocks (a) | E76: {=Common_InputFunctions.Utility_DisplayArrayInTable(SourceData_Dairy.SourceData_Dairy_MCF_Data(), Table_SourceData_Dairy_MCFjm[[#Headers],[MMS m]], 0)} -> 0.15 | F76: {=Common_InputFunctions.Utility_DisplayArrayInTable(SourceData_Dairy.SourceData_Dairy_MCF_Data(), Table_SourceData_Dairy_MCFjm[[#Headers],[MMS m]], 0)} -> 0.18 | G76: {=Common_InputFunctions.Utility_DisplayArrayInTable(SourceData_Dairy.SourceData_Dairy_MCF_Data(), Table_SourceData_Dairy_MCFjm[[#Headers],[MMS m]], 0)} -> 0.5 | H76: {=Common_InputFunctions.Utility_DisplayArrayInTable(SourceData_Dairy.SourceData_Dairy_MCF_Data(), Table_SourceData_Dairy_MCFjm[[#Headers],[MMS m]], 0)} -> 0.24 | I76: {=Common_InputFunctions.Utility_DisplayArrayInTable(SourceData_Dairy.SourceData_Dairy_MCF_Data(), Table_SourceData_Dairy_MCFjm[[#Headers],[MMS m]], 0)} -> 0.17 | J76: {=Common_InputFunctions.Utility_DisplayArrayInTable(SourceData_Dairy.SourceData_Dairy_MCF_Data(), Table_SourceData_Dairy_MCFjm[[#Headers],[MMS m]], 0)} -> 0.13 | K76: {=Common_InputFunctions.Utility_DisplayArrayInTable(SourceData_Dairy.SourceData_Dairy_MCF_Data(), Table_SourceData_Dairy_MCFjm[[#Headers],[MMS m]], 0)} -> 0.17 | ... M76: {=Common_InputFunctions.Utility_DisplayArrayInTable(SourceData_Dairy.SourceData_Dairy_MCF_Data(), Table_SourceData_Dairy_MCFjm[[#Headers],[MMS m]], 0)} -> Drains to paddock
D77: {=Common_InputFunctions.Utility_DisplayArrayInTable(SourceData_Dairy.SourceData_Dairy_MCF_Data(), Table_SourceData_Dairy_MCFjm[[#Headers],[MMS m]], 0)} -> Solid Storage | E77: {=Common_InputFunctions.Utility_DisplayArrayInTable(SourceData_Dairy.SourceData_Dairy_MCF_Data(), Table_SourceData_Dairy_MCFjm[[#Headers],[MMS m]], 0)} -> 0.02 | F77: {=Common_InputFunctions.Utility_DisplayArrayInTable(SourceData_Dairy.SourceData_Dairy_MCF_Data(), Table_SourceData_Dairy_MCFjm[[#Headers],[MMS m]], 0)} -> 0.02 | G77: {=Common_InputFunctions.Utility_DisplayArrayInTable(SourceData_Dairy.SourceData_Dairy_MCF_Data(), Table_SourceData_Dairy_MCFjm[[#Headers],[MMS m]], 0)} -> 0.02 | H77: {=Common_InputFunctions.Utility_DisplayArrayInTable(SourceData_Dairy.SourceData_Dairy_MCF_Data(), Table_SourceData_Dairy_MCFjm[[#Headers],[MMS m]], 0)} -> 0.02 | I77: {=Common_InputFunctions.Utility_DisplayArrayInTable(SourceData_Dairy.SourceData_Dairy_MCF_Data(), Table_SourceData_Dairy_MCFjm[[#Headers],[MMS m]], 0)} -> 0.02 | J77: {=Common_InputFunctions.Utility_DisplayArrayInTable(SourceData_Dairy.SourceData_Dairy_MCF_Data(), Table_SourceData_Dairy_MCFjm[[#Headers],[MMS m]], 0)} -> 0.02 | K77: {=Common_InputFunctions.Utility_DisplayArrayInTable(SourceData_Dairy.SourceData_Dairy_MCF_Data(), Table_SourceData_Dairy_MCFjm[[#Headers],[MMS m]], 0)} -> 0.02 | ... M77: {=Common_InputFunctions.Utility_DisplayArrayInTable(SourceData_Dairy.SourceData_Dairy_MCF_Data(), Table_SourceData_Dairy_MCFjm[[#Headers],[MMS m]], 0)} -> Solid storage
D78: {=Common_InputFunctions.Utility_DisplayArrayInTable(SourceData_Dairy.SourceData_Dairy_MCF_Data(), Table_SourceData_Dairy_MCFjm[[#Headers],[MMS m]], 0)} -> Direct Application to soil | E78: {=Common_InputFunctions.Utility_DisplayArrayInTable(SourceData_Dairy.SourceData_Dairy_MCF_Data(), Table_SourceData_Dairy_MCFjm[[#Headers],[MMS m]], 0)} -> 0 | F78: {=Common_InputFunctions.Utility_DisplayArrayInTable(SourceData_Dairy.SourceData_Dairy_MCF_Data(), Table_SourceData_Dairy_MCFjm[[#Headers],[MMS m]], 0)} -> 0 | G78: {=Common_InputFunctions.Utility_DisplayArrayInTable(SourceData_Dairy.SourceData_Dairy_MCF_Data(), Table_SourceData_Dairy_MCFjm[[#Headers],[MMS m]], 0)} -> 0 | H78: {=Common_InputFunctions.Utility_DisplayArrayInTable(SourceData_Dairy.SourceData_Dairy_MCF_Data(), Table_SourceData_Dairy_MCFjm[[#Headers],[MMS m]], 0)} -> 0 | I78: {=Common_InputFunctions.Utility_DisplayArrayInTable(SourceData_Dairy.SourceData_Dairy_MCF_Data(), Table_SourceData_Dairy_MCFjm[[#Headers],[MMS m]], 0)} -> 0 | J78: {=Common_InputFunctions.Utility_DisplayArrayInTable(SourceData_Dairy.SourceData_Dairy_MCF_Data(), Table_SourceData_Dairy_MCFjm[[#Headers],[MMS m]], 0)} -> 0 | K78: {=Common_InputFunctions.Utility_DisplayArrayInTable(SourceData_Dairy.SourceData_Dairy_MCF_Data(), Table_SourceData_Dairy_MCFjm[[#Headers],[MMS m]], 0)} -> 0 | ... M78: {=Common_InputFunctions.Utility_DisplayArrayInTable(SourceData_Dairy.SourceData_Dairy_MCF_Data(), Table_SourceData_Dairy_MCFjm[[#Headers],[MMS m]], 0)} -> Direct application
D81: {=SourceData_Dairy.SourceData_Dairy_NitrousOxideEFsAndFracGASM_Title()} -> Table A.1.3.7: Dairy cattle - Nitrous oxide EFs and fraction of N volatilised by MMS
D82: {=SourceData_Dairy.SourceData_Dairy_NitrousOxideEFsAndFracGASM_Source()} -> VEERG 2026: Table A.1.3.7
D83: {=SourceData_Dairy.SourceData_Dairy_NitrousOxideEFsAndFracGASM_Variable()} -> EFm; FracGASMm
D84: {=SourceData_Dairy.SourceData_Dairy_NitrousOxideEFsAndFracGASM_Unit()} -> kg N2O-N/kg N excreted
D85: {=SourceData_Dairy.SourceData_Dairy_NitrousOxideEFsAndFracGASM_Variation()} -> VARIATION OF SOURCE: Added 'NIR reference' column to aid lookup
D86: MMS m | E86: EFm | F86: FracGASMm | G86: NIR reference
D87: {=Common_InputFunctions.Utility_DisplayArrayInTable(SourceData_Dairy.SourceData_Dairy_NitrousOxideEFsAndFracGASM_Data(), Table_SourceData_Dairy_EFmFracGASM[[#Headers],[MMS m]], 0)} -> M=14 Pasture | E87: {=Common_InputFunctions.Utility_DisplayArrayInTable(SourceData_Dairy.SourceData_Dairy_NitrousOxideEFsAndFracGASM_Data(), Table_SourceData_Dairy_EFmFracGASM[[#Headers],[MMS m]], 0)} -> 0 | F87: {=Common_InputFunctions.Utility_DisplayArrayInTable(SourceData_Dairy.SourceData_Dairy_NitrousOxideEFsAndFracGASM_Data(), Table_SourceData_Dairy_EFmFracGASM[[#Headers],[MMS m]], 0)} -> 0 | G87: {=Common_InputFunctions.Utility_DisplayArrayInTable(SourceData_Dairy.SourceData_Dairy_NitrousOxideEFsAndFracGASM_Data(), Table_SourceData_Dairy_EFmFracGASM[[#Headers],[MMS m]], 0)} -> Pasture range and paddock
D88: {=Common_InputFunctions.Utility_DisplayArrayInTable(SourceData_Dairy.SourceData_Dairy_NitrousOxideEFsAndFracGASM_Data(), Table_SourceData_Dairy_EFmFracGASM[[#Headers],[MMS m]], 0)} -> M=1 Anaerobic lagoon | E88: {=Common_InputFunctions.Utility_DisplayArrayInTable(SourceData_Dairy.SourceData_Dairy_NitrousOxideEFsAndFracGASM_Data(), Table_SourceData_Dairy_EFmFracGASM[[#Headers],[MMS m]], 0)} -> 0 | F88: {=Common_InputFunctions.Utility_DisplayArrayInTable(SourceData_Dairy.SourceData_Dairy_NitrousOxideEFsAndFracGASM_Data(), Table_SourceData_Dairy_EFmFracGASM[[#Headers],[MMS m]], 0)} -> 0.35 | G88: {=Common_InputFunctions.Utility_DisplayArrayInTable(SourceData_Dairy.SourceData_Dairy_NitrousOxideEFsAndFracGASM_Data(), Table_SourceData_Dairy_EFmFracGASM[[#Headers],[MMS m]], 0)} -> Anaerobic lagoon
D89: {=Common_InputFunctions.Utility_DisplayArrayInTable(SourceData_Dairy.SourceData_Dairy_NitrousOxideEFsAndFracGASM_Data(), Table_SourceData_Dairy_EFmFracGASM[[#Headers],[MMS m]], 0)} -> M=2 Daily Spread - Sump and Dispersal | E89: {=Common_InputFunctions.Utility_DisplayArrayInTable(SourceData_Dairy.SourceData_Dairy_NitrousOxideEFsAndFracGASM_Data(), Table_SourceData_Dairy_EFmFracGASM[[#Headers],[MMS m]], 0)} -> 0 | F89: {=Common_InputFunctions.Utility_DisplayArrayInTable(SourceData_Dairy.SourceData_Dairy_NitrousOxideEFsAndFracGASM_Data(), Table_SourceData_Dairy_EFmFracGASM[[#Headers],[MMS m]], 0)} -> 0.07 | G89: {=Common_InputFunctions.Utility_DisplayArrayInTable(SourceData_Dairy.SourceData_Dairy_NitrousOxideEFsAndFracGASM_Data(), Table_SourceData_Dairy_EFmFracGASM[[#Headers],[MMS m]], 0)} -> Sump and dispersal system
D90: {=Common_InputFunctions.Utility_DisplayArrayInTable(SourceData_Dairy.SourceData_Dairy_NitrousOxideEFsAndFracGASM_Data(), Table_SourceData_Dairy_EFmFracGASM[[#Headers],[MMS m]], 0)} -> M=3 Daily Spread - Drains to Paddock | E90: {=Common_InputFunctions.Utility_DisplayArrayInTable(SourceData_Dairy.SourceData_Dairy_NitrousOxideEFsAndFracGASM_Data(), Table_SourceData_Dairy_EFmFracGASM[[#Headers],[MMS m]], 0)} -> 0 | F90: {=Common_InputFunctions.Utility_DisplayArrayInTable(SourceData_Dairy.SourceData_Dairy_NitrousOxideEFsAndFracGASM_Data(), Table_SourceData_Dairy_EFmFracGASM[[#Headers],[MMS m]], 0)} -> 0.2 | G90: {=Common_InputFunctions.Utility_DisplayArrayInTable(SourceData_Dairy.SourceData_Dairy_NitrousOxideEFsAndFracGASM_Data(), Table_SourceData_Dairy_EFmFracGASM[[#Headers],[MMS m]], 0)} -> Drains to paddock
D91: {=Common_InputFunctions.Utility_DisplayArrayInTable(SourceData_Dairy.SourceData_Dairy_NitrousOxideEFsAndFracGASM_Data(), Table_SourceData_Dairy_EFmFracGASM[[#Headers],[MMS m]], 0)} -> M=3 Solid Storage | E91: {=Common_InputFunctions.Utility_DisplayArrayInTable(SourceData_Dairy.SourceData_Dairy_NitrousOxideEFsAndFracGASM_Data(), Table_SourceData_Dairy_EFmFracGASM[[#Headers],[MMS m]], 0)} -> 0.005 | F91: {=Common_InputFunctions.Utility_DisplayArrayInTable(SourceData_Dairy.SourceData_Dairy_NitrousOxideEFsAndFracGASM_Data(), Table_SourceData_Dairy_EFmFracGASM[[#Headers],[MMS m]], 0)} -> 0.3 | G91: {=Common_InputFunctions.Utility_DisplayArrayInTable(SourceData_Dairy.SourceData_Dairy_NitrousOxideEFsAndFracGASM_Data(), Table_SourceData_Dairy_EFmFracGASM[[#Headers],[MMS m]], 0)} -> Solid storage
D94: {=SourceData_Dairy.SourceData_Dairy_MethaneProductionPreWeanedCalves_Title()} -> Table A.1.3.8: Dairy cattle - Methane production for pre-weaned heifer and bull calves (kg CH4/head/day) (MPWENTERIC,j=3,5)
D95: {=SourceData_Dairy.SourceData_Dairy_MethaneProductionPreWeanedCalves_Source()} -> VEERG 2026: Table A.1.3.8
D96: {=SourceData_Dairy.SourceData_Dairy_MethaneProductionPreWeanedCalves_Variable()} -> MPWENTERIC,j=3,5
D97: {=SourceData_Dairy.SourceData_Dairy_MethaneProductionPreWeanedCalves_Unit()} -> kg CH4/head/day
D98: Animal class j | E98: MPW ENTERIC
D99: {=Common_InputFunctions.Utility_DisplayArrayInTable(SourceData_Dairy.SourceData_Dairy_MethaneProductionPreWeanedCalves_Data(), Table_SourceData_Dairy_MPWENTERIC[[#Headers],[Animal class j]], 0)} -> Heifers < 1 year | E99: {=Common_InputFunctions.Utility_DisplayArrayInTable(SourceData_Dairy.SourceData_Dairy_MethaneProductionPreWeanedCalves_Data(), Table_SourceData_Dairy_MPWENTERIC[[#Headers],[Animal class j]], 0)} -> 0.0176
D100: {=Common_InputFunctions.Utility_DisplayArrayInTable(SourceData_Dairy.SourceData_Dairy_MethaneProductionPreWeanedCalves_Data(), Table_SourceData_Dairy_MPWENTERIC[[#Headers],[Animal class j]], 0)} -> Bulls < 1 year | E100: {=Common_InputFunctions.Utility_DisplayArrayInTable(SourceData_Dairy.SourceData_Dairy_MethaneProductionPreWeanedCalves_Data(), Table_SourceData_Dairy_MPWENTERIC[[#Headers],[Animal class j]], 0)} -> 0.0204
D103: {=SourceData_Dairy.SourceData_Dairy_IncreasedMetabolicRateMilk_Title()} -> Table A.1.3.9: Dairy cattle - Increased metabolic rate when producing milk (kg DM/head/day) (MRj)
D104: {=SourceData_Dairy.SourceData_Dairy_IncreasedMetabolicRateMilk_Source()} -> VEERG 2026: Table A.1.3.9
D105: {=SourceData_Dairy.SourceData_Dairy_IncreasedMetabolicRateMilk_Variable()} -> MRj
D106: {=SourceData_Dairy.SourceData_Dairy_IncreasedMetabolicRateMilk_Unit()} -> kg DM/head/day
D107: Animal class j | E107: MRj
D108: {=Common_InputFunctions.Utility_DisplayArrayInTable(SourceData_Dairy.SourceData_Dairy_IncreasedMetabolicRateMilk_Data(), Table_SourceData_Dairy_MRj[[#Headers],[Animal class j]], 0)} -> Milking cows, and house cows | E108: {=Common_InputFunctions.Utility_DisplayArrayInTable(SourceData_Dairy.SourceData_Dairy_IncreasedMetabolicRateMilk_Data(), Table_SourceData_Dairy_MRj[[#Headers],[Animal class j]], 0)} -> 1.1
D109: {=Common_InputFunctions.Utility_DisplayArrayInTable(SourceData_Dairy.SourceData_Dairy_IncreasedMetabolicRateMilk_Data(), Table_SourceData_Dairy_MRj[[#Headers],[Animal class j]], 0)} -> All other cattle classes | E109: {=Common_InputFunctions.Utility_DisplayArrayInTable(SourceData_Dairy.SourceData_Dairy_IncreasedMetabolicRateMilk_Data(), Table_SourceData_Dairy_MRj[[#Headers],[Animal class j]], 0)} -> 1
D112: {=SourceData_Dairy.SourceData_Dairy_FractionVolatileSolidsVoidedMMS_Title()} -> Table A.1.3.10: Dairy cattle - Fraction of volatile solids voided to each manure management system (fraction) (MMSjm)
D113: {=SourceData_Dairy.SourceData_Dairy_FractionVolatileSolidsVoidedMMS_Source()} -> VEERG 2026: Table A.1.3.10
D114: {=SourceData_Dairy.SourceData_Dairy_FractionVolatileSolidsVoidedMMS_Variable()} -> MMSjm
D115: {=SourceData_Dairy.SourceData_Dairy_FractionVolatileSolidsVoidedMMS_Unit()} -> fraction
D116: Area | E116: Pasture | F116: Milking shed | G116: Feedpad
D117: {=Common_InputFunctions.Utility_DisplayArrayInTable(SourceData_Dairy.SourceData_Dairy_FractionVolatileSolidsVoidedMMS_Data(), Table_SourceData_Dairy_ProductionSystemTemplates[[#Headers],[Area]], 0)} -> System 1: Grazed Only | E117: {=Common_InputFunctions.Utility_DisplayArrayInTable(SourceData_Dairy.SourceData_Dairy_FractionVolatileSolidsVoidedMMS_Data(), Table_SourceData_Dairy_ProductionSystemTemplates[[#Headers],[Area]], 0)} -> 0.89 | F117: {=Common_InputFunctions.Utility_DisplayArrayInTable(SourceData_Dairy.SourceData_Dairy_FractionVolatileSolidsVoidedMMS_Data(), Table_SourceData_Dairy_ProductionSystemTemplates[[#Headers],[Area]], 0)} -> 0.11 | G117: {=Common_InputFunctions.Utility_DisplayArrayInTable(SourceData_Dairy.SourceData_Dairy_FractionVolatileSolidsVoidedMMS_Data(), Table_SourceData_Dairy_ProductionSystemTemplates[[#Headers],[Area]], 0)} -> 0
D118: {=Common_InputFunctions.Utility_DisplayArrayInTable(SourceData_Dairy.SourceData_Dairy_FractionVolatileSolidsVoidedMMS_Data(), Table_SourceData_Dairy_ProductionSystemTemplates[[#Headers],[Area]], 0)} -> System 2: On feedpad for <10 hr/day for <3 months/year | E118: {=Common_InputFunctions.Utility_DisplayArrayInTable(SourceData_Dairy.SourceData_Dairy_FractionVolatileSolidsVoidedMMS_Data(), Table_SourceData_Dairy_ProductionSystemTemplates[[#Headers],[Area]], 0)} -> 0.79 | F118: {=Common_InputFunctions.Utility_DisplayArrayInTable(SourceData_Dairy.SourceData_Dairy_FractionVolatileSolidsVoidedMMS_Data(), Table_SourceData_Dairy_ProductionSystemTemplates[[#Headers],[Area]], 0)} -> 0.11 | G118: {=Common_InputFunctions.Utility_DisplayArrayInTable(SourceData_Dairy.SourceData_Dairy_FractionVolatileSolidsVoidedMMS_Data(), Table_SourceData_Dairy_ProductionSystemTemplates[[#Headers],[Area]], 0)} -> 0.1
D119: {=Common_InputFunctions.Utility_DisplayArrayInTable(SourceData_Dairy.SourceData_Dairy_FractionVolatileSolidsVoidedMMS_Data(), Table_SourceData_Dairy_ProductionSystemTemplates[[#Headers],[Area]], 0)} -> System 3: Pasture-grazed 3-9 months/year | E119: {=Common_InputFunctions.Utility_DisplayArrayInTable(SourceData_Dairy.SourceData_Dairy_FractionVolatileSolidsVoidedMMS_Data(), Table_SourceData_Dairy_ProductionSystemTemplates[[#Headers],[Area]], 0)} -> 0.534 | F119: {=Common_InputFunctions.Utility_DisplayArrayInTable(SourceData_Dairy.SourceData_Dairy_FractionVolatileSolidsVoidedMMS_Data(), Table_SourceData_Dairy_ProductionSystemTemplates[[#Headers],[Area]], 0)} -> 0.11 | G119: {=Common_InputFunctions.Utility_DisplayArrayInTable(SourceData_Dairy.SourceData_Dairy_FractionVolatileSolidsVoidedMMS_Data(), Table_SourceData_Dairy_ProductionSystemTemplates[[#Headers],[Area]], 0)} -> 0.356
D120: {=Common_InputFunctions.Utility_DisplayArrayInTable(SourceData_Dairy.SourceData_Dairy_FractionVolatileSolidsVoidedMMS_Data(), Table_SourceData_Dairy_ProductionSystemTemplates[[#Headers],[Area]], 0)} -> System 4: Zero grazing | E120: {=Common_InputFunctions.Utility_DisplayArrayInTable(SourceData_Dairy.SourceData_Dairy_FractionVolatileSolidsVoidedMMS_Data(), Table_SourceData_Dairy_ProductionSystemTemplates[[#Headers],[Area]], 0)} -> 0 | F120: {=Common_InputFunctions.Utility_DisplayArrayInTable(SourceData_Dairy.SourceData_Dairy_FractionVolatileSolidsVoidedMMS_Data(), Table_SourceData_Dairy_ProductionSystemTemplates[[#Headers],[Area]], 0)} -> 0.11 | G120: {=Common_InputFunctions.Utility_DisplayArrayInTable(SourceData_Dairy.SourceData_Dairy_FractionVolatileSolidsVoidedMMS_Data(), Table_SourceData_Dairy_ProductionSystemTemplates[[#Headers],[Area]], 0)} -> 0.89
...

Sheet Constants - Common
A1: #VALUE! | C1: Constants - Common
D5: {=Common_SourceData.Common_SourceData_AustralianStatesTerritories_Title()} -> Australian states and territories
D6: State/Territory | E6: Common Name | F6: Abbreviation
D7: {=Common_InputFunctions.Utility_DisplayArrayInTable(Common_SourceData.Common_SourceData_AustralianStatesTerritories_Data(),Table_AustralianStates[[#Headers],[State/Territory]],0)} -> New South Wales | E7: {=Common_InputFunctions.Utility_DisplayArrayInTable(Common_SourceData.Common_SourceData_AustralianStatesTerritories_Data(),Table_AustralianStates[[#Headers],[State/Territory]],0)} -> New South Wales | F7: {=Common_InputFunctions.Utility_DisplayArrayInTable(Common_SourceData.Common_SourceData_AustralianStatesTerritories_Data(),Table_AustralianStates[[#Headers],[State/Territory]],0)} -> NSW
D8: {=Common_InputFunctions.Utility_DisplayArrayInTable(Common_SourceData.Common_SourceData_AustralianStatesTerritories_Data(),Table_AustralianStates[[#Headers],[State/Territory]],0)} -> Australian Capital Territory | E8: {=Common_InputFunctions.Utility_DisplayArrayInTable(Common_SourceData.Common_SourceData_AustralianStatesTerritories_Data(),Table_AustralianStates[[#Headers],[State/Territory]],0)} -> ACT | F8: {=Common_InputFunctions.Utility_DisplayArrayInTable(Common_SourceData.Common_SourceData_AustralianStatesTerritories_Data(),Table_AustralianStates[[#Headers],[State/Territory]],0)} -> ACT
D9: {=Common_InputFunctions.Utility_DisplayArrayInTable(Common_SourceData.Common_SourceData_AustralianStatesTerritories_Data(),Table_AustralianStates[[#Headers],[State/Territory]],0)} -> Victoria | E9: {=Common_InputFunctions.Utility_DisplayArrayInTable(Common_SourceData.Common_SourceData_AustralianStatesTerritories_Data(),Table_AustralianStates[[#Headers],[State/Territory]],0)} -> Victoria | F9: {=Common_InputFunctions.Utility_DisplayArrayInTable(Common_SourceData.Common_SourceData_AustralianStatesTerritories_Data(),Table_AustralianStates[[#Headers],[State/Territory]],0)} -> VIC
D10: {=Common_InputFunctions.Utility_DisplayArrayInTable(Common_SourceData.Common_SourceData_AustralianStatesTerritories_Data(),Table_AustralianStates[[#Headers],[State/Territory]],0)} -> Queensland | E10: {=Common_InputFunctions.Utility_DisplayArrayInTable(Common_SourceData.Common_SourceData_AustralianStatesTerritories_Data(),Table_AustralianStates[[#Headers],[State/Territory]],0)} -> Queensland | F10: {=Common_InputFunctions.Utility_DisplayArrayInTable(Common_SourceData.Common_SourceData_AustralianStatesTerritories_Data(),Table_AustralianStates[[#Headers],[State/Territory]],0)} -> QLD
D11: {=Common_InputFunctions.Utility_DisplayArrayInTable(Common_SourceData.Common_SourceData_AustralianStatesTerritories_Data(),Table_AustralianStates[[#Headers],[State/Territory]],0)} -> South Australia | E11: {=Common_InputFunctions.Utility_DisplayArrayInTable(Common_SourceData.Common_SourceData_AustralianStatesTerritories_Data(),Table_AustralianStates[[#Headers],[State/Territory]],0)} -> South Australia | F11: {=Common_InputFunctions.Utility_DisplayArrayInTable(Common_SourceData.Common_SourceData_AustralianStatesTerritories_Data(),Table_AustralianStates[[#Headers],[State/Territory]],0)} -> SA
D12: {=Common_InputFunctions.Utility_DisplayArrayInTable(Common_SourceData.Common_SourceData_AustralianStatesTerritories_Data(),Table_AustralianStates[[#Headers],[State/Territory]],0)} -> Western Australia | E12: {=Common_InputFunctions.Utility_DisplayArrayInTable(Common_SourceData.Common_SourceData_AustralianStatesTerritories_Data(),Table_AustralianStates[[#Headers],[State/Territory]],0)} -> Western Australia | F12: {=Common_InputFunctions.Utility_DisplayArrayInTable(Common_SourceData.Common_SourceData_AustralianStatesTerritories_Data(),Table_AustralianStates[[#Headers],[State/Territory]],0)} -> WA
D13: {=Common_InputFunctions.Utility_DisplayArrayInTable(Common_SourceData.Common_SourceData_AustralianStatesTerritories_Data(),Table_AustralianStates[[#Headers],[State/Territory]],0)} -> Tasmania | E13: {=Common_InputFunctions.Utility_DisplayArrayInTable(Common_SourceData.Common_SourceData_AustralianStatesTerritories_Data(),Table_AustralianStates[[#Headers],[State/Territory]],0)} -> Tasmania | F13: {=Common_InputFunctions.Utility_DisplayArrayInTable(Common_SourceData.Common_SourceData_AustralianStatesTerritories_Data(),Table_AustralianStates[[#Headers],[State/Territory]],0)} -> TAS
D14: {=Common_InputFunctions.Utility_DisplayArrayInTable(Common_SourceData.Common_SourceData_AustralianStatesTerritories_Data(),Table_AustralianStates[[#Headers],[State/Territory]],0)} -> Northern Territory | E14: {=Common_InputFunctions.Utility_DisplayArrayInTable(Common_SourceData.Common_SourceData_AustralianStatesTerritories_Data(),Table_AustralianStates[[#Headers],[State/Territory]],0)} -> Northern Territory | F14: {=Common_InputFunctions.Utility_DisplayArrayInTable(Common_SourceData.Common_SourceData_AustralianStatesTerritories_Data(),Table_AustralianStates[[#Headers],[State/Territory]],0)} -> NT
D18: {=Common_SourceData.Common_SourceData_WASA4Areas_Title()} -> ABS Statistcal Areas Level 4 - Western Australia
D19: {=Common_SourceData.Common_SourceData_WASA4Areas_Source()} -> Australian Bureau of Statistics (ABS) - Statistical Areas Level 2 - 2021 - Shapefile
D20: SA 4 Name
D21: {=Common_InputFunctions.Utility_DisplayArrayInTable(Common_SourceData.Common_SourceData_WASA4Areas_Data(), Table_WASA4Areas[[#Headers],[SA 4 Name]], 0)} -> Bunbury
D22: {=Common_InputFunctions.Utility_DisplayArrayInTable(Common_SourceData.Common_SourceData_WASA4Areas_Data(), Table_WASA4Areas[[#Headers],[SA 4 Name]], 0)} -> Mandurah
D23: {=Common_InputFunctions.Utility_DisplayArrayInTable(Common_SourceData.Common_SourceData_WASA4Areas_Data(), Table_WASA4Areas[[#Headers],[SA 4 Name]], 0)} -> Perth - Inner
D24: {=Common_InputFunctions.Utility_DisplayArrayInTable(Common_SourceData.Common_SourceData_WASA4Areas_Data(), Table_WASA4Areas[[#Headers],[SA 4 Name]], 0)} -> Perth - North East
D25: {=Common_InputFunctions.Utility_DisplayArrayInTable(Common_SourceData.Common_SourceData_WASA4Areas_Data(), Table_WASA4Areas[[#Headers],[SA 4 Name]], 0)} -> Perth - North West
D26: {=Common_InputFunctions.Utility_DisplayArrayInTable(Common_SourceData.Common_SourceData_WASA4Areas_Data(), Table_WASA4Areas[[#Headers],[SA 4 Name]], 0)} -> Perth - South East
D27: {=Common_InputFunctions.Utility_DisplayArrayInTable(Common_SourceData.Common_SourceData_WASA4Areas_Data(), Table_WASA4Areas[[#Headers],[SA 4 Name]], 0)} -> Perth - South West
D28: {=Common_InputFunctions.Utility_DisplayArrayInTable(Common_SourceData.Common_SourceData_WASA4Areas_Data(), Table_WASA4Areas[[#Headers],[SA 4 Name]], 0)} -> Western Australia - Wheat Belt
D29: {=Common_InputFunctions.Utility_DisplayArrayInTable(Common_SourceData.Common_SourceData_WASA4Areas_Data(), Table_WASA4Areas[[#Headers],[SA 4 Name]], 0)} -> Western Australia - Outback (North)
D30: {=Common_InputFunctions.Utility_DisplayArrayInTable(Common_SourceData.Common_SourceData_WASA4Areas_Data(), Table_WASA4Areas[[#Headers],[SA 4 Name]], 0)} -> Western Australia - Outback (South)
D34: {=Common_SourceData.Common_SourceData_GWP_Title()} -> Global warming potential for greenhouse gases
D35: {=Common_SourceData.Common_SourceData_GWP_Source()} -> XXXXXXX
D36: Gas | E36: CO2-e factor
D37: {=Common_InputFunctions.Utility_DisplayArrayInTable(Common_SourceData.Common_SourceData_GWP_Data(), Table_GWPData[[#Headers],[Gas]], 0)} -> CO2 | E37: {=Common_InputFunctions.Utility_DisplayArrayInTable(Common_SourceData.Common_SourceData_GWP_Data(), Table_GWPData[[#Headers],[Gas]], 0)} -> 1
D38: {=Common_InputFunctions.Utility_DisplayArrayInTable(Common_SourceData.Common_SourceData_GWP_Data(), Table_GWPData[[#Headers],[Gas]], 0)} -> CH4 | E38: {=Common_InputFunctions.Utility_DisplayArrayInTable(Common_SourceData.Common_SourceData_GWP_Data(), Table_GWPData[[#Headers],[Gas]], 0)} -> 28
D39: {=Common_InputFunctions.Utility_DisplayArrayInTable(Common_SourceData.Common_SourceData_GWP_Data(), Table_GWPData[[#Headers],[Gas]], 0)} -> N2O | E39: {=Common_InputFunctions.Utility_DisplayArrayInTable(Common_SourceData.Common_SourceData_GWP_Data(), Table_GWPData[[#Headers],[Gas]], 0)} -> 265
D40: {=Common_InputFunctions.Utility_DisplayArrayInTable(Common_SourceData.Common_SourceData_GWP_Data(), Table_GWPData[[#Headers],[Gas]], 0)} -> CF4 | E40: {=Common_InputFunctions.Utility_DisplayArrayInTable(Common_SourceData.Common_SourceData_GWP_Data(), Table_GWPData[[#Headers],[Gas]], 0)} -> 6630
D41: {=Common_InputFunctions.Utility_DisplayArrayInTable(Common_SourceData.Common_SourceData_GWP_Data(), Table_GWPData[[#Headers],[Gas]], 0)} -> C2F6 | E41: {=Common_InputFunctions.Utility_DisplayArrayInTable(Common_SourceData.Common_SourceData_GWP_Data(), Table_GWPData[[#Headers],[Gas]], 0)} -> 12200
D42: {=Common_InputFunctions.Utility_DisplayArrayInTable(Common_SourceData.Common_SourceData_GWP_Data(), Table_GWPData[[#Headers],[Gas]], 0)} -> SF6 | E42: {=Common_InputFunctions.Utility_DisplayArrayInTable(Common_SourceData.Common_SourceData_GWP_Data(), Table_GWPData[[#Headers],[Gas]], 0)} -> 22800
D43: {=Common_InputFunctions.Utility_DisplayArrayInTable(Common_SourceData.Common_SourceData_GWP_Data(), Table_GWPData[[#Headers],[Gas]], 0)} -> NF3 | E43: {=Common_InputFunctions.Utility_DisplayArrayInTable(Common_SourceData.Common_SourceData_GWP_Data(), Table_GWPData[[#Headers],[Gas]], 0)} -> 17200
D45: {=Common_SourceData.Common_SourceData_ConvertGasElementalToMolecular_Title()} -> Factor to convert elemental mass of gas to molecular mass
D46: {=Common_SourceData.Common_SourceData_ConvertGasElementalToMolecular_Source()} -> XXXXXXX
D47: Gas | E47: Conversion factor | F47: Conversion factor 1 | G47: Conversion factor 2 | H47: Conversion factor combined
D48: {=Common_InputFunctions.Utility_DisplayArrayInTable(Common_SourceData.Common_SourceData_ConvertGasElementalToMolecular_Data(),Table_GasToMolecularConversionFactor[[#Headers],[Gas]], 0)} -> CO2 | E48: {=Common_InputFunctions.Utility_DisplayArrayInTable(Common_SourceData.Common_SourceData_ConvertGasElementalToMolecular_Data(),Table_GasToMolecularConversionFactor[[#Headers],[Gas]], 0)} -> 44/12 | F48: {=Common_InputFunctions.Utility_DisplayArrayInTable(Common_SourceData.Common_SourceData_ConvertGasElementalToMolecular_Data(),Table_GasToMolecularConversionFactor[[#Headers],[Gas]], 0)} -> 44 | G48: {=Common_InputFunctions.Utility_DisplayArrayInTable(Common_SourceData.Common_SourceData_ConvertGasElementalToMolecular_Data(),Table_GasToMolecularConversionFactor[[#Headers],[Gas]], 0)} -> 12 | H48: =Table_GasToMolecularConversionFactor[[#This Row],[Conversion factor 1]]/Table_GasToMolecularConversionFactor[[#This Row],[Conversion factor 2]] -> 3.6666667
D49: {=Common_InputFunctions.Utility_DisplayArrayInTable(Common_SourceData.Common_SourceData_ConvertGasElementalToMolecular_Data(),Table_GasToMolecularConversionFactor[[#Headers],[Gas]], 0)} -> CH4 | E49: {=Common_InputFunctions.Utility_DisplayArrayInTable(Common_SourceData.Common_SourceData_ConvertGasElementalToMolecular_Data(),Table_GasToMolecularConversionFactor[[#Headers],[Gas]], 0)} -> 16/12 | F49: {=Common_InputFunctions.Utility_DisplayArrayInTable(Common_SourceData.Common_SourceData_ConvertGasElementalToMolecular_Data(),Table_GasToMolecularConversionFactor[[#Headers],[Gas]], 0)} -> 16 | G49: {=Common_InputFunctions.Utility_DisplayArrayInTable(Common_SourceData.Common_SourceData_ConvertGasElementalToMolecular_Data(),Table_GasToMolecularConversionFactor[[#Headers],[Gas]], 0)} -> 12 | H49: =Table_GasToMolecularConversionFactor[[#This Row],[Conversion factor 1]]/Table_GasToMolecularConversionFactor[[#This Row],[Conversion factor 2]] -> 1.3333333
D50: {=Common_InputFunctions.Utility_DisplayArrayInTable(Common_SourceData.Common_SourceData_ConvertGasElementalToMolecular_Data(),Table_GasToMolecularConversionFactor[[#Headers],[Gas]], 0)} -> N2O | E50: {=Common_InputFunctions.Utility_DisplayArrayInTable(Common_SourceData.Common_SourceData_ConvertGasElementalToMolecular_Data(),Table_GasToMolecularConversionFactor[[#Headers],[Gas]], 0)} -> 44/28 | F50: {=Common_InputFunctions.Utility_DisplayArrayInTable(Common_SourceData.Common_SourceData_ConvertGasElementalToMolecular_Data(),Table_GasToMolecularConversionFactor[[#Headers],[Gas]], 0)} -> 44 | G50: {=Common_InputFunctions.Utility_DisplayArrayInTable(Common_SourceData.Common_SourceData_ConvertGasElementalToMolecular_Data(),Table_GasToMolecularConversionFactor[[#Headers],[Gas]], 0)} -> 28 | H50: =Table_GasToMolecularConversionFactor[[#This Row],[Conversion factor 1]]/Table_GasToMolecularConversionFactor[[#This Row],[Conversion factor 2]] -> 1.5714286
D51: {=Common_InputFunctions.Utility_DisplayArrayInTable(Common_SourceData.Common_SourceData_ConvertGasElementalToMolecular_Data(),Table_GasToMolecularConversionFactor[[#Headers],[Gas]], 0)} -> Nox | E51: {=Common_InputFunctions.Utility_DisplayArrayInTable(Common_SourceData.Common_SourceData_ConvertGasElementalToMolecular_Data(),Table_GasToMolecularConversionFactor[[#Headers],[Gas]], 0)} -> 46/14 | F51: {=Common_InputFunctions.Utility_DisplayArrayInTable(Common_SourceData.Common_SourceData_ConvertGasElementalToMolecular_Data(),Table_GasToMolecularConversionFactor[[#Headers],[Gas]], 0)} -> 46 | G51: {=Common_InputFunctions.Utility_DisplayArrayInTable(Common_SourceData.Common_SourceData_ConvertGasElementalToMolecular_Data(),Table_GasToMolecularConversionFactor[[#Headers],[Gas]], 0)} -> 14 | H51: =Table_GasToMolecularConversionFactor[[#This Row],[Conversion factor 1]]/Table_GasToMolecularConversionFactor[[#This Row],[Conversion factor 2]] -> 3.2857143
D52: {=Common_InputFunctions.Utility_DisplayArrayInTable(Common_SourceData.Common_SourceData_ConvertGasElementalToMolecular_Data(),Table_GasToMolecularConversionFactor[[#Headers],[Gas]], 0)} -> CO | E52: {=Common_InputFunctions.Utility_DisplayArrayInTable(Common_SourceData.Common_SourceData_ConvertGasElementalToMolecular_Data(),Table_GasToMolecularConversionFactor[[#Headers],[Gas]], 0)} -> 28/12 | F52: {=Common_InputFunctions.Utility_DisplayArrayInTable(Common_SourceData.Common_SourceData_ConvertGasElementalToMolecular_Data(),Table_GasToMolecularConversionFactor[[#Headers],[Gas]], 0)} -> 28 | G52: {=Common_InputFunctions.Utility_DisplayArrayInTable(Common_SourceData.Common_SourceData_ConvertGasElementalToMolecular_Data(),Table_GasToMolecularConversionFactor[[#Headers],[Gas]], 0)} -> 12 | H52: =Table_GasToMolecularConversionFactor[[#This Row],[Conversion factor 1]]/Table_GasToMolecularConversionFactor[[#This Row],[Conversion factor 2]] -> 2.3333333
D53: {=Common_InputFunctions.Utility_DisplayArrayInTable(Common_SourceData.Common_SourceData_ConvertGasElementalToMolecular_Data(),Table_GasToMolecularConversionFactor[[#Headers],[Gas]], 0)} -> CO2 Lime | E53: {=Common_InputFunctions.Utility_DisplayArrayInTable(Common_SourceData.Common_SourceData_ConvertGasElementalToMolecular_Data(),Table_GasToMolecularConversionFactor[[#Headers],[Gas]], 0)} -> 44/12 | F53: {=Common_InputFunctions.Utility_DisplayArrayInTable(Common_SourceData.Common_SourceData_ConvertGasElementalToMolecular_Data(),Table_GasToMolecularConversionFactor[[#Headers],[Gas]], 0)} -> 44 | G53: {=Common_InputFunctions.Utility_DisplayArrayInTable(Common_SourceData.Common_SourceData_ConvertGasElementalToMolecular_Data(),Table_GasToMolecularConversionFactor[[#Headers],[Gas]], 0)} -> 12 | H53: =Table_GasToMolecularConversionFactor[[#This Row],[Conversion factor 1]]/Table_GasToMolecularConversionFactor[[#This Row],[Conversion factor 2]] -> 3.6666667
D54: {=Common_InputFunctions.Utility_DisplayArrayInTable(Common_SourceData.Common_SourceData_ConvertGasElementalToMolecular_Data(),Table_GasToMolecularConversionFactor[[#Headers],[Gas]], 0)} -> NMVOC | E54: {=Common_InputFunctions.Utility_DisplayArrayInTable(Common_SourceData.Common_SourceData_ConvertGasElementalToMolecular_Data(),Table_GasToMolecularConversionFactor[[#Headers],[Gas]], 0)} -> 14/12 | F54: {=Common_InputFunctions.Utility_DisplayArrayInTable(Common_SourceData.Common_SourceData_ConvertGasElementalToMolecular_Data(),Table_GasToMolecularConversionFactor[[#Headers],[Gas]], 0)} -> 14 | G54: {=Common_InputFunctions.Utility_DisplayArrayInTable(Common_SourceData.Common_SourceData_ConvertGasElementalToMolecular_Data(),Table_GasToMolecularConversionFactor[[#Headers],[Gas]], 0)} -> 12 | H54: =Table_GasToMolecularConversionFactor[[#This Row],[Conversion factor 1]]/Table_GasToMolecularConversionFactor[[#This Row],[Conversion factor 2]] -> 1.1666667
D57: {=Common_SourceData.Common_SourceData_WetAndDryZones_Title()} -> VEERG Australian wet and dry zones
D58: {=Common_SourceData.Common_SourceData_WetAndDryZones_Source()} -> VEERG 2026: Table 1.2: Translating climate zones to wet and dry zones
D59: {="⚠️" & Common_SourceData.Common_SourceData_WetAndDryZones_Variation()} -> ⚠️VARIATION OF SOURCE DATA:
D60: ⚠️Added warm / cool temperate moist / dry - low frost and high temp classes to accommodate climate scenarios excluded by VEERG criteria.
D61: ⚠️Fixed typo - Changed 'Fry' to 'Dry'.
D63: Climate zone | E63: Wet or Dry Zone
D64: {=Common_InputFunctions.Utility_DisplayArrayInTable(Common_SourceData.Common_SourceData_WetAndDryZones_Data(), Table_SourceData_WetDryZones[[#Headers],[Climate zone]], 0)} -> Tropical montane | E64: {=Common_InputFunctions.Utility_DisplayArrayInTable(Common_SourceData.Common_SourceData_WetAndDryZones_Data(), Table_SourceData_WetDryZones[[#Headers],[Climate zone]], 0)} -> Wet climate zone
D65: {=Common_InputFunctions.Utility_DisplayArrayInTable(Common_SourceData.Common_SourceData_WetAndDryZones_Data(), Table_SourceData_WetDryZones[[#Headers],[Climate zone]], 0)} -> Tropical wet | E65: {=Common_InputFunctions.Utility_DisplayArrayInTable(Common_SourceData.Common_SourceData_WetAndDryZones_Data(), Table_SourceData_WetDryZones[[#Headers],[Climate zone]], 0)} -> Wet climate zone
D66: {=Common_InputFunctions.Utility_DisplayArrayInTable(Common_SourceData.Common_SourceData_WetAndDryZones_Data(), Table_SourceData_WetDryZones[[#Headers],[Climate zone]], 0)} -> Tropical moist | E66: {=Common_InputFunctions.Utility_DisplayArrayInTable(Common_SourceData.Common_SourceData_WetAndDryZones_Data(), Table_SourceData_WetDryZones[[#Headers],[Climate zone]], 0)} -> Wet climate zone
D67: {=Common_InputFunctions.Utility_DisplayArrayInTable(Common_SourceData.Common_SourceData_WetAndDryZones_Data(), Table_SourceData_WetDryZones[[#Headers],[Climate zone]], 0)} -> Tropical dry | E67: {=Common_InputFunctions.Utility_DisplayArrayInTable(Common_SourceData.Common_SourceData_WetAndDryZones_Data(), Table_SourceData_WetDryZones[[#Headers],[Climate zone]], 0)} -> Dry climate zone
D68: {=Common_InputFunctions.Utility_DisplayArrayInTable(Common_SourceData.Common_SourceData_WetAndDryZones_Data(), Table_SourceData_WetDryZones[[#Headers],[Climate zone]], 0)} -> Warm temperate moist | E68: {=Common_InputFunctions.Utility_DisplayArrayInTable(Common_SourceData.Common_SourceData_WetAndDryZones_Data(), Table_SourceData_WetDryZones[[#Headers],[Climate zone]], 0)} -> Wet climate zone
D69: {=Common_InputFunctions.Utility_DisplayArrayInTable(Common_SourceData.Common_SourceData_WetAndDryZones_Data(), Table_SourceData_WetDryZones[[#Headers],[Climate zone]], 0)} -> Warm temperate dry | E69: {=Common_InputFunctions.Utility_DisplayArrayInTable(Common_SourceData.Common_SourceData_WetAndDryZones_Data(), Table_SourceData_WetDryZones[[#Headers],[Climate zone]], 0)} -> Dry climate zone
D70: {=Common_InputFunctions.Utility_DisplayArrayInTable(Common_SourceData.Common_SourceData_WetAndDryZones_Data(), Table_SourceData_WetDryZones[[#Headers],[Climate zone]], 0)} -> Cool temperate moist | E70: {=Common_InputFunctions.Utility_DisplayArrayInTable(Common_SourceData.Common_SourceData_WetAndDryZones_Data(), Table_SourceData_WetDryZones[[#Headers],[Climate zone]], 0)} -> Wet climate zone
D71: {=Common_InputFunctions.Utility_DisplayArrayInTable(Common_SourceData.Common_SourceData_WetAndDryZones_Data(), Table_SourceData_WetDryZones[[#Headers],[Climate zone]], 0)} -> Cool temperate dry | E71: {=Common_InputFunctions.Utility_DisplayArrayInTable(Common_SourceData.Common_SourceData_WetAndDryZones_Data(), Table_SourceData_WetDryZones[[#Headers],[Climate zone]], 0)} -> Dry climate zone
D72: {=Common_InputFunctions.Utility_DisplayArrayInTable(Common_SourceData.Common_SourceData_WetAndDryZones_Data(), Table_SourceData_WetDryZones[[#Headers],[Climate zone]], 0)} -> Warm temperate moist - low frost | E72: {=Common_InputFunctions.Utility_DisplayArrayInTable(Common_SourceData.Common_SourceData_WetAndDryZones_Data(), Table_SourceData_WetDryZones[[#Headers],[Climate zone]], 0)} -> Wet climate zone
D73: {=Common_InputFunctions.Utility_DisplayArrayInTable(Common_SourceData.Common_SourceData_WetAndDryZones_Data(), Table_SourceData_WetDryZones[[#Headers],[Climate zone]], 0)} -> Warm temperate dry - low frost | E73: {=Common_InputFunctions.Utility_DisplayArrayInTable(Common_SourceData.Common_SourceData_WetAndDryZones_Data(), Table_SourceData_WetDryZones[[#Headers],[Climate zone]], 0)} -> Dry climate zone
D74: {=Common_InputFunctions.Utility_DisplayArrayInTable(Common_SourceData.Common_SourceData_WetAndDryZones_Data(), Table_SourceData_WetDryZones[[#Headers],[Climate zone]], 0)} -> Warm temperate moist - high temp | E74: {=Common_InputFunctions.Utility_DisplayArrayInTable(Common_SourceData.Common_SourceData_WetAndDryZones_Data(), Table_SourceData_WetDryZones[[#Headers],[Climate zone]], 0)} -> Wet climate zone
D75: {=Common_InputFunctions.Utility_DisplayArrayInTable(Common_SourceData.Common_SourceData_WetAndDryZones_Data(), Table_SourceData_WetDryZones[[#Headers],[Climate zone]], 0)} -> Warm temperate dry - high temp | E75: {=Common_InputFunctions.Utility_DisplayArrayInTable(Common_SourceData.Common_SourceData_WetAndDryZones_Data(), Table_SourceData_WetDryZones[[#Headers],[Climate zone]], 0)} -> Dry climate zone
... D77: {=Common_InputFunctions.Utility_DisplayArrayInTable(Common_SourceData.Common_SourceData_WetAndDryZones_Data(), Table_SourceData_WetDryZones[[#Headers],[Climate zone]], 0)} -> Cool temperate dry - low frost | E77: {=Common_InputFunctions.Utility_DisplayArrayInTable(Common_SourceData.Common_SourceData_WetAndDryZones_Data(), Table_SourceData_WetDryZones[[#Headers],[Climate zone]], 0)} -> Dry climate zone
D81: {=Common_SourceData.Common_SourceData_ClimateZones_Title()} -> VEERG Australian climate zones
D82: {=Common_SourceData.Common_SourceData_ClimateZones_Source()} -> VEERG 2026: Table 1.3: Climate and Rainfall zone classifications and definitions
D83: {="⚠️" & Common_SourceData.Common_SourceData_ClimateZones_Variation()} -> ⚠️VARIATION OF SOURCE DATA:
D84: ⚠️Added warm / cool temperate moist / dry - low frost and high temp classes to accommodate climate scenarios excluded by VEERG criteria.
D85: ⚠️Fixed typo in MAT value for warm temperate dry - changed 10 to 11.
D86: ⚠️Added min and max columns for MAT, MAP, frost days per year, elevation, MAP:PET to calculate zones from real climate data.
D87: ⚠️GAF accepts rainfall as a proxy for precipitation.
D89: Climate zone | E89: MAT | F89: MAP | G89: Frost days per year | H89: Elevation | I89: MAP:PET | J89: Min temp | K89: Max temp | L89: Min rainfall | M89: Max rainfall | N89: Min frost days | O89: Max frost days | P89: Min elevation | Q89: Max elevation | R89: Min MAP:PET | S89: Max MAP:PET
D90: {=Common_InputFunctions.Utility_DisplayArrayInTable(Common_SourceData.Common_SourceData_ClimateZones_Data(), Table_SourceData_ClimateZones[[#Headers],[Climate zone]], 0)} -> Tropical montane | E90: {=Common_InputFunctions.Utility_DisplayArrayInTable(Common_SourceData.Common_SourceData_ClimateZones_Data(), Table_SourceData_ClimateZones[[#Headers],[Climate zone]], 0)} -> > 18 C | F90: {=Common_InputFunctions.Utility_DisplayArrayInTable(Common_SourceData.Common_SourceData_ClimateZones_Data(), Table_SourceData_ClimateZones[[#Headers],[Climate zone]], 0)} -> Any | G90: {=Common_InputFunctions.Utility_DisplayArrayInTable(Common_SourceData.Common_SourceData_ClimateZones_Data(), Table_SourceData_ClimateZones[[#Headers],[Climate zone]], 0)} -> ≤ 7 | H90: {=Common_InputFunctions.Utility_DisplayArrayInTable(Common_SourceData.Common_SourceData_ClimateZones_Data(), Table_SourceData_ClimateZones[[#Headers],[Climate zone]], 0)} -> > 1000 m | I90: {=Common_InputFunctions.Utility_DisplayArrayInTable(Common_SourceData.Common_SourceData_ClimateZones_Data(), Table_SourceData_ClimateZones[[#Headers],[Climate zone]], 0)} -> Any | J90: {=Common_InputFunctions.Utility_DisplayArrayInTable(Common_SourceData.Common_SourceData_ClimateZones_Data(), Table_SourceData_ClimateZones[[#Headers],[Climate zone]], 0)} -> 18.001 | K90: {=Common_InputFunctions.Utility_DisplayArrayInTable(Common_SourceData.Common_SourceData_ClimateZones_Data(), Table_SourceData_ClimateZones[[#Headers],[Climate zone]], 0)} -> 999999 | ... S90: {=Common_InputFunctions.Utility_DisplayArrayInTable(Common_SourceData.Common_SourceData_ClimateZones_Data(), Table_SourceData_ClimateZones[[#Headers],[Climate zone]], 0)} -> 999999
D91: {=Common_InputFunctions.Utility_DisplayArrayInTable(Common_SourceData.Common_SourceData_ClimateZones_Data(), Table_SourceData_ClimateZones[[#Headers],[Climate zone]], 0)} -> Tropical wet | E91: {=Common_InputFunctions.Utility_DisplayArrayInTable(Common_SourceData.Common_SourceData_ClimateZones_Data(), Table_SourceData_ClimateZones[[#Headers],[Climate zone]], 0)} -> > 18 C | F91: {=Common_InputFunctions.Utility_DisplayArrayInTable(Common_SourceData.Common_SourceData_ClimateZones_Data(), Table_SourceData_ClimateZones[[#Headers],[Climate zone]], 0)} -> > 2000 mm | G91: {=Common_InputFunctions.Utility_DisplayArrayInTable(Common_SourceData.Common_SourceData_ClimateZones_Data(), Table_SourceData_ClimateZones[[#Headers],[Climate zone]], 0)} -> ≤ 7 | H91: {=Common_InputFunctions.Utility_DisplayArrayInTable(Common_SourceData.Common_SourceData_ClimateZones_Data(), Table_SourceData_ClimateZones[[#Headers],[Climate zone]], 0)} -> ≤ 1000 m | I91: {=Common_InputFunctions.Utility_DisplayArrayInTable(Common_SourceData.Common_SourceData_ClimateZones_Data(), Table_SourceData_ClimateZones[[#Headers],[Climate zone]], 0)} -> Any | J91: {=Common_InputFunctions.Utility_DisplayArrayInTable(Common_SourceData.Common_SourceData_ClimateZones_Data(), Table_SourceData_ClimateZones[[#Headers],[Climate zone]], 0)} -> 18.001 | K91: {=Common_InputFunctions.Utility_DisplayArrayInTable(Common_SourceData.Common_SourceData_ClimateZones_Data(), Table_SourceData_ClimateZones[[#Headers],[Climate zone]], 0)} -> 999999 | ... S91: {=Common_InputFunctions.Utility_DisplayArrayInTable(Common_SourceData.Common_SourceData_ClimateZones_Data(), Table_SourceData_ClimateZones[[#Headers],[Climate zone]], 0)} -> 999999
D92: {=Common_InputFunctions.Utility_DisplayArrayInTable(Common_SourceData.Common_SourceData_ClimateZones_Data(), Table_SourceData_ClimateZones[[#Headers],[Climate zone]], 0)} -> Tropical moist | E92: {=Common_InputFunctions.Utility_DisplayArrayInTable(Common_SourceData.Common_SourceData_ClimateZones_Data(), Table_SourceData_ClimateZones[[#Headers],[Climate zone]], 0)} -> > 18 C | F92: {=Common_InputFunctions.Utility_DisplayArrayInTable(Common_SourceData.Common_SourceData_ClimateZones_Data(), Table_SourceData_ClimateZones[[#Headers],[Climate zone]], 0)} -> > 1000 mm - ≤ 2000 mm | G92: {=Common_InputFunctions.Utility_DisplayArrayInTable(Common_SourceData.Common_SourceData_ClimateZones_Data(), Table_SourceData_ClimateZones[[#Headers],[Climate zone]], 0)} -> ≤ 7 | H92: {=Common_InputFunctions.Utility_DisplayArrayInTable(Common_SourceData.Common_SourceData_ClimateZones_Data(), Table_SourceData_ClimateZones[[#Headers],[Climate zone]], 0)} -> ≤ 1000 m | I92: {=Common_InputFunctions.Utility_DisplayArrayInTable(Common_SourceData.Common_SourceData_ClimateZones_Data(), Table_SourceData_ClimateZones[[#Headers],[Climate zone]], 0)} -> Any | J92: {=Common_InputFunctions.Utility_DisplayArrayInTable(Common_SourceData.Common_SourceData_ClimateZones_Data(), Table_SourceData_ClimateZones[[#Headers],[Climate zone]], 0)} -> 18.001 | K92: {=Common_InputFunctions.Utility_DisplayArrayInTable(Common_SourceData.Common_SourceData_ClimateZones_Data(), Table_SourceData_ClimateZones[[#Headers],[Climate zone]], 0)} -> 999999 | ... S92: {=Common_InputFunctions.Utility_DisplayArrayInTable(Common_SourceData.Common_SourceData_ClimateZones_Data(), Table_SourceData_ClimateZones[[#Headers],[Climate zone]], 0)} -> 999999
D93: {=Common_InputFunctions.Utility_DisplayArrayInTable(Common_SourceData.Common_SourceData_ClimateZones_Data(), Table_SourceData_ClimateZones[[#Headers],[Climate zone]], 0)} -> Tropical dry | E93: {=Common_InputFunctions.Utility_DisplayArrayInTable(Common_SourceData.Common_SourceData_ClimateZones_Data(), Table_SourceData_ClimateZones[[#Headers],[Climate zone]], 0)} -> > 18 C | F93: {=Common_InputFunctions.Utility_DisplayArrayInTable(Common_SourceData.Common_SourceData_ClimateZones_Data(), Table_SourceData_ClimateZones[[#Headers],[Climate zone]], 0)} -> ≤ 1000 mm | G93: {=Common_InputFunctions.Utility_DisplayArrayInTable(Common_SourceData.Common_SourceData_ClimateZones_Data(), Table_SourceData_ClimateZones[[#Headers],[Climate zone]], 0)} -> ≤ 7 | H93: {=Common_InputFunctions.Utility_DisplayArrayInTable(Common_SourceData.Common_SourceData_ClimateZones_Data(), Table_SourceData_ClimateZones[[#Headers],[Climate zone]], 0)} -> ≤ 1000 m | I93: {=Common_InputFunctions.Utility_DisplayArrayInTable(Common_SourceData.Common_SourceData_ClimateZones_Data(), Table_SourceData_ClimateZones[[#Headers],[Climate zone]], 0)} -> Any | J93: {=Common_InputFunctions.Utility_DisplayArrayInTable(Common_SourceData.Common_SourceData_ClimateZones_Data(), Table_SourceData_ClimateZones[[#Headers],[Climate zone]], 0)} -> 18.001 | K93: {=Common_InputFunctions.Utility_DisplayArrayInTable(Common_SourceData.Common_SourceData_ClimateZones_Data(), Table_SourceData_ClimateZones[[#Headers],[Climate zone]], 0)} -> 999999 | ... S93: {=Common_InputFunctions.Utility_DisplayArrayInTable(Common_SourceData.Common_SourceData_ClimateZones_Data(), Table_SourceData_ClimateZones[[#Headers],[Climate zone]], 0)} -> 999999
D94: {=Common_InputFunctions.Utility_DisplayArrayInTable(Common_SourceData.Common_SourceData_ClimateZones_Data(), Table_SourceData_ClimateZones[[#Headers],[Climate zone]], 0)} -> Warm temperate moist | E94: {=Common_InputFunctions.Utility_DisplayArrayInTable(Common_SourceData.Common_SourceData_ClimateZones_Data(), Table_SourceData_ClimateZones[[#Headers],[Climate zone]], 0)} -> > 10 C | F94: {=Common_InputFunctions.Utility_DisplayArrayInTable(Common_SourceData.Common_SourceData_ClimateZones_Data(), Table_SourceData_ClimateZones[[#Headers],[Climate zone]], 0)} -> Any | G94: {=Common_InputFunctions.Utility_DisplayArrayInTable(Common_SourceData.Common_SourceData_ClimateZones_Data(), Table_SourceData_ClimateZones[[#Headers],[Climate zone]], 0)} -> Any | H94: {=Common_InputFunctions.Utility_DisplayArrayInTable(Common_SourceData.Common_SourceData_ClimateZones_Data(), Table_SourceData_ClimateZones[[#Headers],[Climate zone]], 0)} -> Any | I94: {=Common_InputFunctions.Utility_DisplayArrayInTable(Common_SourceData.Common_SourceData_ClimateZones_Data(), Table_SourceData_ClimateZones[[#Headers],[Climate zone]], 0)} -> > 1 | J94: {=Common_InputFunctions.Utility_DisplayArrayInTable(Common_SourceData.Common_SourceData_ClimateZones_Data(), Table_SourceData_ClimateZones[[#Headers],[Climate zone]], 0)} -> 10.001 | K94: {=Common_InputFunctions.Utility_DisplayArrayInTable(Common_SourceData.Common_SourceData_ClimateZones_Data(), Table_SourceData_ClimateZones[[#Headers],[Climate zone]], 0)} -> 999999 | ... S94: {=Common_InputFunctions.Utility_DisplayArrayInTable(Common_SourceData.Common_SourceData_ClimateZones_Data(), Table_SourceData_ClimateZones[[#Headers],[Climate zone]], 0)} -> 999999
D95: {=Common_InputFunctions.Utility_DisplayArrayInTable(Common_SourceData.Common_SourceData_ClimateZones_Data(), Table_SourceData_ClimateZones[[#Headers],[Climate zone]], 0)} -> Warm temperate dry | E95: {=Common_InputFunctions.Utility_DisplayArrayInTable(Common_SourceData.Common_SourceData_ClimateZones_Data(), Table_SourceData_ClimateZones[[#Headers],[Climate zone]], 0)} -> > 10 C | F95: {=Common_InputFunctions.Utility_DisplayArrayInTable(Common_SourceData.Common_SourceData_ClimateZones_Data(), Table_SourceData_ClimateZones[[#Headers],[Climate zone]], 0)} -> Any | G95: {=Common_InputFunctions.Utility_DisplayArrayInTable(Common_SourceData.Common_SourceData_ClimateZones_Data(), Table_SourceData_ClimateZones[[#Headers],[Climate zone]], 0)} -> Any | H95: {=Common_InputFunctions.Utility_DisplayArrayInTable(Common_SourceData.Common_SourceData_ClimateZones_Data(), Table_SourceData_ClimateZones[[#Headers],[Climate zone]], 0)} -> Any | I95: {=Common_InputFunctions.Utility_DisplayArrayInTable(Common_SourceData.Common_SourceData_ClimateZones_Data(), Table_SourceData_ClimateZones[[#Headers],[Climate zone]], 0)} -> ≤ 1 | J95: {=Common_InputFunctions.Utility_DisplayArrayInTable(Common_SourceData.Common_SourceData_ClimateZones_Data(), Table_SourceData_ClimateZones[[#Headers],[Climate zone]], 0)} -> 10.001 | K95: {=Common_InputFunctions.Utility_DisplayArrayInTable(Common_SourceData.Common_SourceData_ClimateZones_Data(), Table_SourceData_ClimateZones[[#Headers],[Climate zone]], 0)} -> 999999 | ... S95: {=Common_InputFunctions.Utility_DisplayArrayInTable(Common_SourceData.Common_SourceData_ClimateZones_Data(), Table_SourceData_ClimateZones[[#Headers],[Climate zone]], 0)} -> 1
D96: {=Common_InputFunctions.Utility_DisplayArrayInTable(Common_SourceData.Common_SourceData_ClimateZones_Data(), Table_SourceData_ClimateZones[[#Headers],[Climate zone]], 0)} -> Cool temperate moist | E96: {=Common_InputFunctions.Utility_DisplayArrayInTable(Common_SourceData.Common_SourceData_ClimateZones_Data(), Table_SourceData_ClimateZones[[#Headers],[Climate zone]], 0)} -> > 0 C - ≤ 10 C | F96: {=Common_InputFunctions.Utility_DisplayArrayInTable(Common_SourceData.Common_SourceData_ClimateZones_Data(), Table_SourceData_ClimateZones[[#Headers],[Climate zone]], 0)} -> Any | G96: {=Common_InputFunctions.Utility_DisplayArrayInTable(Common_SourceData.Common_SourceData_ClimateZones_Data(), Table_SourceData_ClimateZones[[#Headers],[Climate zone]], 0)} -> Any | H96: {=Common_InputFunctions.Utility_DisplayArrayInTable(Common_SourceData.Common_SourceData_ClimateZones_Data(), Table_SourceData_ClimateZones[[#Headers],[Climate zone]], 0)} -> Any | I96: {=Common_InputFunctions.Utility_DisplayArrayInTable(Common_SourceData.Common_SourceData_ClimateZones_Data(), Table_SourceData_ClimateZones[[#Headers],[Climate zone]], 0)} -> > 1 | J96: {=Common_InputFunctions.Utility_DisplayArrayInTable(Common_SourceData.Common_SourceData_ClimateZones_Data(), Table_SourceData_ClimateZones[[#Headers],[Climate zone]], 0)} -> -999999 | K96: {=Common_InputFunctions.Utility_DisplayArrayInTable(Common_SourceData.Common_SourceData_ClimateZones_Data(), Table_SourceData_ClimateZones[[#Headers],[Climate zone]], 0)} -> 10 | ... S96: {=Common_InputFunctions.Utility_DisplayArrayInTable(Common_SourceData.Common_SourceData_ClimateZones_Data(), Table_SourceData_ClimateZones[[#Headers],[Climate zone]], 0)} -> 999999
D97: {=Common_InputFunctions.Utility_DisplayArrayInTable(Common_SourceData.Common_SourceData_ClimateZones_Data(), Table_SourceData_ClimateZones[[#Headers],[Climate zone]], 0)} -> Cool temperate dry | E97: {=Common_InputFunctions.Utility_DisplayArrayInTable(Common_SourceData.Common_SourceData_ClimateZones_Data(), Table_SourceData_ClimateZones[[#Headers],[Climate zone]], 0)} -> > 0 C - ≤ 10 C | F97: {=Common_InputFunctions.Utility_DisplayArrayInTable(Common_SourceData.Common_SourceData_ClimateZones_Data(), Table_SourceData_ClimateZones[[#Headers],[Climate zone]], 0)} -> Any | G97: {=Common_InputFunctions.Utility_DisplayArrayInTable(Common_SourceData.Common_SourceData_ClimateZones_Data(), Table_SourceData_ClimateZones[[#Headers],[Climate zone]], 0)} -> Any | H97: {=Common_InputFunctions.Utility_DisplayArrayInTable(Common_SourceData.Common_SourceData_ClimateZones_Data(), Table_SourceData_ClimateZones[[#Headers],[Climate zone]], 0)} -> Any | I97: {=Common_InputFunctions.Utility_DisplayArrayInTable(Common_SourceData.Common_SourceData_ClimateZones_Data(), Table_SourceData_ClimateZones[[#Headers],[Climate zone]], 0)} -> ≤ 1 | J97: {=Common_InputFunctions.Utility_DisplayArrayInTable(Common_SourceData.Common_SourceData_ClimateZones_Data(), Table_SourceData_ClimateZones[[#Headers],[Climate zone]], 0)} -> -999999 | K97: {=Common_InputFunctions.Utility_DisplayArrayInTable(Common_SourceData.Common_SourceData_ClimateZones_Data(), Table_SourceData_ClimateZones[[#Headers],[Climate zone]], 0)} -> 10 | ... S97: {=Common_InputFunctions.Utility_DisplayArrayInTable(Common_SourceData.Common_SourceData_ClimateZones_Data(), Table_SourceData_ClimateZones[[#Headers],[Climate zone]], 0)} -> 1
D98: {=Common_SourceData.Common_SourceData_ClimateZones_Appendices()} -> Note:
D99: MAT = mean annual temperature
D100: MAP = mean annual precipitation
D101: PET = potential evapotranspiration
D105: {=Common_SourceData.Common_SourceData_TemperatureZones_Title()} -> VEERG Australian temperature zones
D106: {=Common_SourceData.Common_SourceData_TemperatureZones_Source()} -> VEERG 2026: Table 1.3: Climate and Rainfall zone classifications and definitions
D107: {="⚠️" & Common_SourceData.Common_SourceData_TemperatureZones_Variation()} -> ⚠️VARIATION OF SOURCE DATA: Added extra MAT min and MAT max columns to calculate zone from real temperature data.
D109: Temperature Zone | E109: MAT | F109: Min MAT | G109: Max MAT
D110: {=Common_InputFunctions.Utility_DisplayArrayInTable(Common_SourceData.Common_SourceData_TemperatureZones_Data(),Table_SourceData_TemperatureZones[[#Headers],[Temperature Zone]],0)} -> Warm | E110: {=Common_InputFunctions.Utility_DisplayArrayInTable(Common_SourceData.Common_SourceData_TemperatureZones_Data(),Table_SourceData_TemperatureZones[[#Headers],[Temperature Zone]],0)} -> ≥ 26 C | F110: {=Common_InputFunctions.Utility_DisplayArrayInTable(Common_SourceData.Common_SourceData_TemperatureZones_Data(),Table_SourceData_TemperatureZones[[#Headers],[Temperature Zone]],0)} -> 26 | G110: {=Common_InputFunctions.Utility_DisplayArrayInTable(Common_SourceData.Common_SourceData_TemperatureZones_Data(),Table_SourceData_TemperatureZones[[#Headers],[Temperature Zone]],0)} -> 999999
D111: {=Common_InputFunctions.Utility_DisplayArrayInTable(Common_SourceData.Common_SourceData_TemperatureZones_Data(),Table_SourceData_TemperatureZones[[#Headers],[Temperature Zone]],0)} -> Temperate | E111: {=Common_InputFunctions.Utility_DisplayArrayInTable(Common_SourceData.Common_SourceData_TemperatureZones_Data(),Table_SourceData_TemperatureZones[[#Headers],[Temperature Zone]],0)} -> 15 - 25 C | F111: {=Common_InputFunctions.Utility_DisplayArrayInTable(Common_SourceData.Common_SourceData_TemperatureZones_Data(),Table_SourceData_TemperatureZones[[#Headers],[Temperature Zone]],0)} -> 15 | G111: {=Common_InputFunctions.Utility_DisplayArrayInTable(Common_SourceData.Common_SourceData_TemperatureZones_Data(),Table_SourceData_TemperatureZones[[#Headers],[Temperature Zone]],0)} -> 25.999
D112: {=Common_InputFunctions.Utility_DisplayArrayInTable(Common_SourceData.Common_SourceData_TemperatureZones_Data(),Table_SourceData_TemperatureZones[[#Headers],[Temperature Zone]],0)} -> Cool | E112: {=Common_InputFunctions.Utility_DisplayArrayInTable(Common_SourceData.Common_SourceData_TemperatureZones_Data(),Table_SourceData_TemperatureZones[[#Headers],[Temperature Zone]],0)} -> ≤ 14 C | F112: {=Common_InputFunctions.Utility_DisplayArrayInTable(Common_SourceData.Common_SourceData_TemperatureZones_Data(),Table_SourceData_TemperatureZones[[#Headers],[Temperature Zone]],0)} -> -999999 | G112: {=Common_InputFunctions.Utility_DisplayArrayInTable(Common_SourceData.Common_SourceData_TemperatureZones_Data(),Table_SourceData_TemperatureZones[[#Headers],[Temperature Zone]],0)} -> 14.999
D115: {=Common_SourceData.Common_SourceData_RainfallZones_Title()} -> VEERG Australian rainfall zones
D116: {=Common_SourceData.Common_SourceData_RainfallZones_Source()} -> VEERG 2026: Table 1.3: Climate and Rainfall zone classifications and definitions
D117: {="⚠️" & Common_SourceData.Common_SourceData_RainfallZones_Variation()} -> ⚠️VARIATION OF SOURCE DATA: Added extra Rainfall min and Rainfall max columns to calculate zone from real rainfall data.
D119: Rainfall Zone | E119: Annual rainfall | F119: Min rainfall | G119: Max rainfall
D120: {=Common_InputFunctions.Utility_DisplayArrayInTable(Common_SourceData.Common_SourceData_RainfallZones_Data(),Table_SourceData_RainfallZones[[#Headers],[Rainfall Zone]],0)} -> High rainfall | E120: {=Common_InputFunctions.Utility_DisplayArrayInTable(Common_SourceData.Common_SourceData_RainfallZones_Data(),Table_SourceData_RainfallZones[[#Headers],[Rainfall Zone]],0)} -> Annual rainfall > 600mm | F120: {=Common_InputFunctions.Utility_DisplayArrayInTable(Common_SourceData.Common_SourceData_RainfallZones_Data(),Table_SourceData_RainfallZones[[#Headers],[Rainfall Zone]],0)} -> 600.001 | G120: {=Common_InputFunctions.Utility_DisplayArrayInTable(Common_SourceData.Common_SourceData_RainfallZones_Data(),Table_SourceData_RainfallZones[[#Headers],[Rainfall Zone]],0)} -> 999999
D121: {=Common_InputFunctions.Utility_DisplayArrayInTable(Common_SourceData.Common_SourceData_RainfallZones_Data(),Table_SourceData_RainfallZones[[#Headers],[Rainfall Zone]],0)} -> Low rainfall | E121: {=Common_InputFunctions.Utility_DisplayArrayInTable(Common_SourceData.Common_SourceData_RainfallZones_Data(),Table_SourceData_RainfallZones[[#Headers],[Rainfall Zone]],0)} -> Annual rainfall ≤ 600mm | F121: {=Common_InputFunctions.Utility_DisplayArrayInTable(Common_SourceData.Common_SourceData_RainfallZones_Data(),Table_SourceData_RainfallZones[[#Headers],[Rainfall Zone]],0)} -> -999999 | G121: {=Common_InputFunctions.Utility_DisplayArrayInTable(Common_SourceData.Common_SourceData_RainfallZones_Data(),Table_SourceData_RainfallZones[[#Headers],[Rainfall Zone]],0)} -> 600
D124: {=Common_SourceData.Common_SourceData_LeachingZones_Title()} -> VEERG Australian leaching zones
D125: {=Common_SourceData.Common_SourceData_LeachingZones_Source()} -> VEERG 2026: Table 1.3: Climate and Rainfall zone classifications and definitions
D127: Leaching Zone | E127: Leaching criteria
D128: {=Common_InputFunctions.Utility_DisplayArrayInTable(Common_SourceData.Common_SourceData_LeachingZones_Data(), Table_SourceData_LeachingZones[[#Headers],[Leaching Zone]], 0)} -> Leaching occurs | E128: {=Common_InputFunctions.Utility_DisplayArrayInTable(Common_SourceData.Common_SourceData_LeachingZones_Data(), Table_SourceData_LeachingZones[[#Headers],[Leaching Zone]], 0)} -> Σ(𝑟𝑎𝑖𝑛)>Σ(𝐸𝑇0)+𝑠𝑜𝑖𝑙 𝑤𝑎𝑡𝑒𝑟 ℎ𝑜𝑙𝑑𝑖𝑛𝑔 𝑐𝑎𝑝𝑎𝑐𝑖𝑡𝑦
...

Sheet Constants - Livestock
A1: #VALUE! | C1: Constants - Livestock
D6: {=CommonLivestock_SourceData.SourceData_Livestock_Common_SymbolsMMS_Title()} -> Table 5.12 Additional symbols used in algorithms for manure related emissions
D7: {=CommonLivestock_SourceData.SourceData_Livestock_Common_SymbolsMMS_Vairable()} -> MMS
D8: {=CommonLivestock_SourceData.SourceData_Livestock_Common_SymbolsMMS_Source()} -> National Inventory Report 2023 Volume 1: Table 5.12
D9: Symbol | E9: Manure management system | F9: Symbol and MMS
D10: {=Common_InputFunctions.Utility_DisplayArrayInTable(CommonLivestock_SourceData.SourceData_Livestock_Common_SymbolsMMS_Data(), Table_Data_MMSSymbols[[#Headers],[Symbol]], 0)} -> 1 | E10: {=Common_InputFunctions.Utility_DisplayArrayInTable(CommonLivestock_SourceData.SourceData_Livestock_Common_SymbolsMMS_Data(), Table_Data_MMSSymbols[[#Headers],[Symbol]], 0)} -> Anaerobic lagoon | F10: {=Common_InputFunctions.Utility_DisplayArrayInTable(CommonLivestock_SourceData.SourceData_Livestock_Common_SymbolsMMS_Data(), Table_Data_MMSSymbols[[#Headers],[Symbol]], 0)} -> Anaerobic lagoon (m=1)
D11: {=Common_InputFunctions.Utility_DisplayArrayInTable(CommonLivestock_SourceData.SourceData_Livestock_Common_SymbolsMMS_Data(), Table_Data_MMSSymbols[[#Headers],[Symbol]], 0)} -> 2 | E11: {=Common_InputFunctions.Utility_DisplayArrayInTable(CommonLivestock_SourceData.SourceData_Livestock_Common_SymbolsMMS_Data(), Table_Data_MMSSymbols[[#Headers],[Symbol]], 0)} -> Liquid systems | F11: {=Common_InputFunctions.Utility_DisplayArrayInTable(CommonLivestock_SourceData.SourceData_Livestock_Common_SymbolsMMS_Data(), Table_Data_MMSSymbols[[#Headers],[Symbol]], 0)} -> Liquid systems (m=2)
D12: {=Common_InputFunctions.Utility_DisplayArrayInTable(CommonLivestock_SourceData.SourceData_Livestock_Common_SymbolsMMS_Data(), Table_Data_MMSSymbols[[#Headers],[Symbol]], 0)} -> 3 | E12: {=Common_InputFunctions.Utility_DisplayArrayInTable(CommonLivestock_SourceData.SourceData_Livestock_Common_SymbolsMMS_Data(), Table_Data_MMSSymbols[[#Headers],[Symbol]], 0)} -> Daily spread | F12: {=Common_InputFunctions.Utility_DisplayArrayInTable(CommonLivestock_SourceData.SourceData_Livestock_Common_SymbolsMMS_Data(), Table_Data_MMSSymbols[[#Headers],[Symbol]], 0)} -> Daily spread (m=3)
D13: {=Common_InputFunctions.Utility_DisplayArrayInTable(CommonLivestock_SourceData.SourceData_Livestock_Common_SymbolsMMS_Data(), Table_Data_MMSSymbols[[#Headers],[Symbol]], 0)} -> 3a | E13: {=Common_InputFunctions.Utility_DisplayArrayInTable(CommonLivestock_SourceData.SourceData_Livestock_Common_SymbolsMMS_Data(), Table_Data_MMSSymbols[[#Headers],[Symbol]], 0)} -> Sump and dispersal system | F13: {=Common_InputFunctions.Utility_DisplayArrayInTable(CommonLivestock_SourceData.SourceData_Livestock_Common_SymbolsMMS_Data(), Table_Data_MMSSymbols[[#Headers],[Symbol]], 0)} -> Sump and dispersal system (m=3a)
D14: {=Common_InputFunctions.Utility_DisplayArrayInTable(CommonLivestock_SourceData.SourceData_Livestock_Common_SymbolsMMS_Data(), Table_Data_MMSSymbols[[#Headers],[Symbol]], 0)} -> 3b | E14: {=Common_InputFunctions.Utility_DisplayArrayInTable(CommonLivestock_SourceData.SourceData_Livestock_Common_SymbolsMMS_Data(), Table_Data_MMSSymbols[[#Headers],[Symbol]], 0)} -> Drains to paddock | F14: {=Common_InputFunctions.Utility_DisplayArrayInTable(CommonLivestock_SourceData.SourceData_Livestock_Common_SymbolsMMS_Data(), Table_Data_MMSSymbols[[#Headers],[Symbol]], 0)} -> Drains to paddock (m=3b)
D15: {=Common_InputFunctions.Utility_DisplayArrayInTable(CommonLivestock_SourceData.SourceData_Livestock_Common_SymbolsMMS_Data(), Table_Data_MMSSymbols[[#Headers],[Symbol]], 0)} -> 4 | E15: {=Common_InputFunctions.Utility_DisplayArrayInTable(CommonLivestock_SourceData.SourceData_Livestock_Common_SymbolsMMS_Data(), Table_Data_MMSSymbols[[#Headers],[Symbol]], 0)} -> Solid storage | F15: {=Common_InputFunctions.Utility_DisplayArrayInTable(CommonLivestock_SourceData.SourceData_Livestock_Common_SymbolsMMS_Data(), Table_Data_MMSSymbols[[#Headers],[Symbol]], 0)} -> Solid storage (m=4)
D16: {=Common_InputFunctions.Utility_DisplayArrayInTable(CommonLivestock_SourceData.SourceData_Livestock_Common_SymbolsMMS_Data(), Table_Data_MMSSymbols[[#Headers],[Symbol]], 0)} -> 5 | E16: {=Common_InputFunctions.Utility_DisplayArrayInTable(CommonLivestock_SourceData.SourceData_Livestock_Common_SymbolsMMS_Data(), Table_Data_MMSSymbols[[#Headers],[Symbol]], 0)} -> Drylot (feed pad) | F16: {=Common_InputFunctions.Utility_DisplayArrayInTable(CommonLivestock_SourceData.SourceData_Livestock_Common_SymbolsMMS_Data(), Table_Data_MMSSymbols[[#Headers],[Symbol]], 0)} -> Drylot (feed pad) (m=5)
D17: {=Common_InputFunctions.Utility_DisplayArrayInTable(CommonLivestock_SourceData.SourceData_Livestock_Common_SymbolsMMS_Data(), Table_Data_MMSSymbols[[#Headers],[Symbol]], 0)} -> 6 | E17: {=Common_InputFunctions.Utility_DisplayArrayInTable(CommonLivestock_SourceData.SourceData_Livestock_Common_SymbolsMMS_Data(), Table_Data_MMSSymbols[[#Headers],[Symbol]], 0)} -> Composting (passive windrow) | F17: {=Common_InputFunctions.Utility_DisplayArrayInTable(CommonLivestock_SourceData.SourceData_Livestock_Common_SymbolsMMS_Data(), Table_Data_MMSSymbols[[#Headers],[Symbol]], 0)} -> Composting (passive windrow) (m=6)
D18: {=Common_InputFunctions.Utility_DisplayArrayInTable(CommonLivestock_SourceData.SourceData_Livestock_Common_SymbolsMMS_Data(), Table_Data_MMSSymbols[[#Headers],[Symbol]], 0)} -> 7 | E18: {=Common_InputFunctions.Utility_DisplayArrayInTable(CommonLivestock_SourceData.SourceData_Livestock_Common_SymbolsMMS_Data(), Table_Data_MMSSymbols[[#Headers],[Symbol]], 0)} -> Digester / covered lagoons | F18: {=Common_InputFunctions.Utility_DisplayArrayInTable(CommonLivestock_SourceData.SourceData_Livestock_Common_SymbolsMMS_Data(), Table_Data_MMSSymbols[[#Headers],[Symbol]], 0)} -> Digester / covered lagoons (m=7)
D19: {=Common_InputFunctions.Utility_DisplayArrayInTable(CommonLivestock_SourceData.SourceData_Livestock_Common_SymbolsMMS_Data(), Table_Data_MMSSymbols[[#Headers],[Symbol]], 0)} -> 8 | E19: {=Common_InputFunctions.Utility_DisplayArrayInTable(CommonLivestock_SourceData.SourceData_Livestock_Common_SymbolsMMS_Data(), Table_Data_MMSSymbols[[#Headers],[Symbol]], 0)} -> Deep litter | F19: {=Common_InputFunctions.Utility_DisplayArrayInTable(CommonLivestock_SourceData.SourceData_Livestock_Common_SymbolsMMS_Data(), Table_Data_MMSSymbols[[#Headers],[Symbol]], 0)} -> Deep litter (m=8)
D20: {=Common_InputFunctions.Utility_DisplayArrayInTable(CommonLivestock_SourceData.SourceData_Livestock_Common_SymbolsMMS_Data(), Table_Data_MMSSymbols[[#Headers],[Symbol]], 0)} -> 9 | E20: {=Common_InputFunctions.Utility_DisplayArrayInTable(CommonLivestock_SourceData.SourceData_Livestock_Common_SymbolsMMS_Data(), Table_Data_MMSSymbols[[#Headers],[Symbol]], 0)} -> Pit storage | F20: {=Common_InputFunctions.Utility_DisplayArrayInTable(CommonLivestock_SourceData.SourceData_Livestock_Common_SymbolsMMS_Data(), Table_Data_MMSSymbols[[#Headers],[Symbol]], 0)} -> Pit storage (m=9)
D21: {=Common_InputFunctions.Utility_DisplayArrayInTable(CommonLivestock_SourceData.SourceData_Livestock_Common_SymbolsMMS_Data(), Table_Data_MMSSymbols[[#Headers],[Symbol]], 0)} -> 10 | E21: {=Common_InputFunctions.Utility_DisplayArrayInTable(CommonLivestock_SourceData.SourceData_Livestock_Common_SymbolsMMS_Data(), Table_Data_MMSSymbols[[#Headers],[Symbol]], 0)} -> Poultry manure with bedding | F21: {=Common_InputFunctions.Utility_DisplayArrayInTable(CommonLivestock_SourceData.SourceData_Livestock_Common_SymbolsMMS_Data(), Table_Data_MMSSymbols[[#Headers],[Symbol]], 0)} -> Poultry manure with bedding (m=10)
... D27: {=Common_InputFunctions.Utility_DisplayArrayInTable(CommonLivestock_SourceData.SourceData_Livestock_Common_SymbolsMMS_Data(), Table_Data_MMSSymbols[[#Headers],[Symbol]], 0)} -> 14 | E27: {=Common_InputFunctions.Utility_DisplayArrayInTable(CommonLivestock_SourceData.SourceData_Livestock_Common_SymbolsMMS_Data(), Table_Data_MMSSymbols[[#Headers],[Symbol]], 0)} -> Pasture range and paddock | F27: {=Common_InputFunctions.Utility_DisplayArrayInTable(CommonLivestock_SourceData.SourceData_Livestock_Common_SymbolsMMS_Data(), Table_Data_MMSSymbols[[#Headers],[Symbol]], 0)} -> Pasture range and paddock (m=14)

Sheet Acknowledgements

Sheet Tab template
A1: #VALUE!
A3: Home
A4: =HYPERLINK("#'Results'!A1", "Results") -> Results
A6: INPUTS
A7: =HYPERLINK("#'Input - Site'!A1", "Site") -> Site
A8: =HYPERLINK("#'Input - Production'!A1", "Production and outputs") -> Production and outputs
A9: =HYPERLINK("#'Input - Herd - Dairy'!A1", "Herd - Dairy") -> Herd - Dairy
A10: =HYPERLINK("#'Input - Feed - Dairy'!A1", "Purchased feed - Livestock") -> Purchased feed - Livestock
A11: =HYPERLINK("#'Input - Herd - Feedlot'!A1", "Herd - Feedlot") -> Herd - Feedlot
A12: =HYPERLINK("#'Input - Pasture'!A1", "Pasture") -> Pasture
A13: =HYPERLINK("#'Input - Grains'!A1", "Crop - Grains") -> Crop - Grains
A14: =HYPERLINK("#'Input - Fert Lime Chem'!A1", "Fertiliser, Lime & Chemicals") -> Fertiliser, Lime & Chemicals
A15: =HYPERLINK("#'Input - Fuel & Energy'!A1", "Electricity and fuel") -> Electricity and fuel
A16: Waste
A17: Freight and transport
A18: =HYPERLINK("#'Input - Other Farm Inputs'!A1", "Other farm inputs") -> Other farm inputs
A19: =HYPERLINK("#'Input - Data quality'!A1", "Data quality") -> Data quality
A21: CALCULATIONS
A22: N2O MMS
A23: Enteric methane
A24: =HYPERLINK("#'Calcs - Fert Lime'!A1", "Fertiliser & soil amendments") -> Fertiliser & soil amendments
A25: =HYPERLINK("#'Calcs - Residue mgmt - Crop'!A1", "Residue management - Crop") -> Residue management - Crop
A26: =HYPERLINK("#'Calcs - Residue mgmt - Pasture'!A1", "Residue management - Pasture") -> Residue management - Pasture
A27: =HYPERLINK("#'Calcs - Field burning'!A1", "Field burning - Crop") -> Field burning - Crop
A28: =HYPERLINK("#'Calcs - Fuel'!A1", "Fuel") -> Fuel
A29: =HYPERLINK("#'Calcs - Electricity'!A1", "Electricity") -> Electricity
A30: =HYPERLINK("#'Calcs - Refrigerants'!A1", "Refrigerants") -> Refrigerants
A31: Waste
A32: Freight and transport
A33: =HYPERLINK("#'Calcs - Scope 3'!A1", "Purchased goods scope 3") -> Purchased goods scope 3
A35: APPENDICES
A36: =HYPERLINK("#'Constants - Common'!A1", "Constants - Common") -> Constants - Common
A37: =HYPERLINK("#'Constants - Cropping'!A1", "Constants - Cropping") -> Constants - Cropping
A38: =HYPERLINK("#'Constants - Livestock'!A1", "Constants - Livestock") -> Constants - Livestock
A39: =HYPERLINK("#'Constants - Dairy'!A1", "Constants - Dairy") -> Constants - Dairy
A40: Sources & acknowledgements
