Workbook
Name Common_Equations.Common_ConvertCH4ToCO2e: _xlfn.LAMBDA(_xlpm.E_CH4,_xlpm.GWP_CH4, _xlpm.E_CH4 * _xlpm.GWP_CH4)
Name Common_Equations.Common_ConvertCH4ToCO2e_Arguments: _xlfn.LAMBDA(_xlfn.MAKEARRAY(2, 2, _xlfn.LAMBDA(_xlpm.r,_xlpm.c, INDEX({"ECH4","Methane emissions (t CH4)";"GWPCH4","Global warming potential for methane (t CO2-e / t CH4)"}, _xlpm.r, _xlpm.c))))
Name Common_Equations.Common_ConvertCH4ToCO2e_LatexEquation: _xlfn.LAMBDA("CO2_e = E_{CH4} \times GWP_{CH4}")
Name Common_Equations.Common_ConvertCH4ToCO2e_NIRReference: _xlfn.LAMBDA("")
Name Common_Equations.Common_ConvertCH4ToCO2e_Title: _xlfn.LAMBDA("Convert methane emissions to carbon dioxide equivalent emissions")
Name Common_Equations.Common_ConvertCH4ToCO2e_Unit: _xlfn.LAMBDA("t CO2e")
Name Common_Equations.Common_ConvertCH4ToCO2e_Variable: _xlfn.LAMBDA("ECH4 CO2e")
Name Common_Equations.Common_ConvertN2OToCO2e: _xlfn.LAMBDA(_xlpm.E_N2O,_xlpm.GWP_N2O, _xlpm.E_N2O * _xlpm.GWP_N2O)
Name Common_Equations.Common_ConvertN2OToCO2e_LatexEquation: _xlfn.LAMBDA("CO2_e = E_{N2O} \times GWP_{N2O}")
Name Common_Equations.Common_ConvertN2OToCO2e_NIRReference: _xlfn.LAMBDA("")
Name Common_Equations.Common_ConvertN2OToCO2e_Title: _xlfn.LAMBDA("Convert nitrous oxide emissions to carbon dioxide equivalent emissions")
Name Common_Equations.Common_ConvertN2OToCO2e_Unit: _xlfn.LAMBDA("t CO2e")
Name Common_Equations.Common_ConvertN2OToCO2e_Variable: _xlfn.LAMBDA("EN2O CO2e")
Name Common_InputFunctions.Utility_ConvertStateCommonNameToAbbreviation: _xlfn.LAMBDA(_xlpm.StateCommonName,_xlpm.StateCommonNameArray,_xlpm.StateAbbreviationArray, _xlfn.XLOOKUP(_xlpm.StateCommonName, _xlpm.StateCommonNameArray, _xlpm.StateAbbreviationArray, ""))
Name Common_InputFunctions.Utility_DisplayFunctionName: _xlfn.LAMBDA(_xlpm.Function, _xlfn.TEXTBEFORE(_xlfn.FORMULATEXT(_xlpm.Function), "("))
Name Common_InputFunctions.Utility_GetArrayTableColumnStartNumber: _xlfn.LAMBDA(_xlpm.TableHeaderCell, COLUMN(_xlpm.TableHeaderCell))
Name Common_InputFunctions.Utility_GetArrayTableRowStartNumber: _xlfn.LAMBDA(_xlpm.TableheaderCell,_xlpm.RowsBetweenHeaderandArray, ROW(_xlpm.TableheaderCell) + _xlpm.RowsBetweenHeaderandArray - 1)
Name Common_InputFunctions.Utility_LookupValueInTable: _xlfn.LAMBDA(_xlpm.LookupValue,_xlpm.LookupArray,_xlpm.ReturnArray, _xlfn.XLOOKUP(_xlpm.LookupValue, _xlpm.LookupArray, _xlpm.ReturnArray, ""))
Name Common_SourceData.Common_SourceData_AustralianStatesTerritories_Source: _xlfn.LAMBDA("")
Name Common_SourceData.Common_SourceData_AustralianStatesTerritories_Title: _xlfn.LAMBDA("Australian states and territories")
Name Common_SourceData.Common_SourceData_AustralianStatesTerritories_Unit: _xlfn.LAMBDA("")
Name Common_SourceData.Common_SourceData_AustralianStatesTerritories_Variable: _xlfn.LAMBDA("")
Name Common_SourceData.Common_SourceData_ClimateZones_Source: _xlfn.LAMBDA("VEERG 2026: Table 1.3: Climate and Rainfall zone classifications and definitions")
Name Common_SourceData.Common_SourceData_ClimateZones_Title: _xlfn.LAMBDA("VEERG Australian climate zones")
Name Common_SourceData.Common_SourceData_ClimateZones_Unit: _xlfn.LAMBDA("")
Name Common_SourceData.Common_SourceData_ClimateZones_Variable: _xlfn.LAMBDA("")
Name Common_SourceData.Common_SourceData_ConvertGasElementalToMolecular_Source: _xlfn.LAMBDA("XXXXXXX")
Name Common_SourceData.Common_SourceData_ConvertGasElementalToMolecular_Title: _xlfn.LAMBDA("Factor to convert elemental mass of gas to molecular mass")
Name Common_SourceData.Common_SourceData_ConvertGasElementalToMolecular_Unit: _xlfn.LAMBDA("factor")
Name Common_SourceData.Common_SourceData_ConvertGasElementalToMolecular_Variable: _xlfn.LAMBDA("Cg")
Name Common_SourceData.Common_SourceData_ConvertN2oElementalToMolecularCg_Data: _xlfn.LAMBDA(44 / 28)
Name Common_SourceData.Common_SourceData_ConvertN2oElementalToMolecularCg_Source: _xlfn.LAMBDA("National Inventory Report 2023 Volume 1")
Name Common_SourceData.Common_SourceData_ConvertN2oElementalToMolecularCg_Title: _xlfn.LAMBDA("Factor to convert elemental mass of N2O to molecular mass")
Name Common_SourceData.Common_SourceData_ConvertN2oElementalToMolecularCg_Unit: _xlfn.LAMBDA("factor")
Name Common_SourceData.Common_SourceData_ConvertN2oElementalToMolecularCg_Variable: _xlfn.LAMBDA("CgN2O")
Name Common_SourceData.Common_SourceData_DataScores_Scope3_Source: _xlfn.LAMBDA("VEERG 2026: XXXXXXXX")
Name Common_SourceData.Common_SourceData_DataScores_Scope3_Title: _xlfn.LAMBDA("Australian data scores for scope 3")
Name Common_SourceData.Common_SourceData_DataScores_Scope3_Unit: _xlfn.LAMBDA("")
Name Common_SourceData.Common_SourceData_DataScores_Scope3_Variable: _xlfn.LAMBDA("")
Name Common_SourceData.Common_SourceData_DataScores_Scope3_Variation: _xlfn.LAMBDA("")
Name Common_SourceData.Common_SourceData_DensityOfMethane_Data: _xlfn.LAMBDA(0.6784)
Name Common_SourceData.Common_SourceData_DensityOfMethane_Source: _xlfn.LAMBDA("National Inventory Report 2023 Volume 1: Equations 3.B.1a_2, 3.B.1c_2, 3.B.3_1, 3.B.4g_2")
Name Common_SourceData.Common_SourceData_DensityOfMethane_Title: _xlfn.LAMBDA("p = density of methane")
Name Common_SourceData.Common_SourceData_DensityOfMethane_Unit: _xlfn.LAMBDA("kg/m3")
Name Common_SourceData.Common_SourceData_EFleach_Data: _xlfn.LAMBDA(_xlfn.MAKEARRAY(1, 2, _xlfn.LAMBDA(_xlpm.r,_xlpm.c, INDEX({"EFleach",0.011}, _xlpm.r, _xlpm.c))))
Name Common_SourceData.Common_SourceData_EFleach_NIRReference: _xlfn.LAMBDA("National Inventory Report Volume 1: Equation 3.D.B_10")
Name Common_SourceData.Common_SourceData_EFleach_Source: _xlfn.LAMBDA("VEERG 2026:5.5.2.3 Constant Parameters")
Name Common_SourceData.Common_SourceData_EFleach_Title: _xlfn.LAMBDA("Emission factor for nitrogen leaching and runoff")
Name Common_SourceData.Common_SourceData_EFleach_Unit: _xlfn.LAMBDA("(kg N2O-N / kg N")
Name Common_SourceData.Common_SourceData_EFleach_Variation: _xlfn.LAMBDA((""))
Name Common_SourceData.Common_SourceData_EFN2O_NIRReference: _xlfn.LAMBDA("")
Name Common_SourceData.Common_SourceData_EFN2O_Source: _xlfn.LAMBDA("VEERG 2026: Table A.2.2.1")
Name Common_SourceData.Common_SourceData_EFN2O_Title: _xlfn.LAMBDA("Nitrous oxide emission factors for inorganic fertiliser application")
Name Common_SourceData.Common_SourceData_EFN2O_Unit: _xlfn.LAMBDA("(kg N2O-N / kg N")
Name Common_SourceData.Common_SourceData_EFPastureRangeAndPaddock_Data: _xlfn.LAMBDA(_xlfn.MAKEARRAY(3, 2, _xlfn.LAMBDA(_xlpm.r,_xlpm.c, INDEX({"Climate zone","EFPRP";"Wet climate zone",0.006;"Dry climate zone",0.002}, _xlpm.r, _xlpm.c))))
Name Common_SourceData.Common_SourceData_EFPastureRangeAndPaddock_NIRReference: _xlfn.LAMBDA("")
Name Common_SourceData.Common_SourceData_EFPastureRangeAndPaddock_Source: _xlfn.LAMBDA("VEERG 2026: Table A.2.2.2")
Name Common_SourceData.Common_SourceData_EFPastureRangeAndPaddock_Title: _xlfn.LAMBDA("Emission factor for urine and dung deposited on pasture, range or paddock")
Name Common_SourceData.Common_SourceData_EFPastureRangeAndPaddock_Unit: _xlfn.LAMBDA("kg N2O - N / kg N")
Name Common_SourceData.Common_SourceData_EFPastureRangeAndPaddock_Variation: _xlfn.LAMBDA("VARIATION FROM SOURCE DATA: Changed 'Dry climate zones' to singular 'Dry climate zone' to aid lookup.")

Sheet Home
A1: Home

Sheet Results
A1: #VALUE! | C1: 4.6 Manure management: Poultry: Results
A3: =HYPERLINK("#'Home'!A1", "Home") -> Home
A4: =HYPERLINK("#'Results'!A1", "Results") -> Results | D4: Emissions breakdown
A6: INPUTS | D6: Scope 1 source | E6: GHG emissions method 1 | F6: GHG emissions method 2 | G6: GHG Unit | H6: CO2-e emissions method 1 | I6: CO2-e emissions method 2 | J6: CO2-e unit
A7: =HYPERLINK("#'Input - Site'!A1", "Site") -> Site | D7: 4.5.1.1-2 Manure methane | E7: ='4.6.1.1-2 Methane'!E280 -> 0 | F7: ='4.6.1.1-2 Methane'!O280 -> 0 | G7: t CH4 | H7: ='4.6.1.1-2 Methane'!E285 -> 0 | I7: ='4.6.1.1-2 Methane'!O285 -> 0 | J7: t CO2e
A8: =HYPERLINK("#'Input - Poultry'!A1", "Poultry") -> Poultry | D8: 4.5.1.3-4 Direct N2O | E8: ='4.6.1.3-4 Direct N20'!E274 -> 0 | F8: ='4.6.1.3-4 Direct N20'!O274 -> 0 | G8: t N2O | H8: ='4.6.1.3-4 Direct N20'!E279 -> 0 | I8: ='4.6.1.3-4 Direct N20'!O279 -> 0 | J8: t CO2e
D9: 4.5.1.5-6 Atmospheric deposition | E9: ='4.6.1.5-6 Atmos Dep'!E114 -> 0 | F9: ='4.6.1.5-6 Atmos Dep'!O114 -> 0 | G9: t N2O | H9: ='4.6.1.5-6 Atmos Dep'!E119 -> 0 | I9: ='4.6.1.5-6 Atmos Dep'!O119 -> 0 | J9: t CO2e
A10: CALCULATIONS | D10: 4.2.1.7-8 Leaching and runoff | E10: ='4.6.1.7-8 Leaching and runoff'!$E$30 -> Solid storage | F10: ='4.6.1.7-8 Leaching and runoff'!$O$36 -> 0 | G10: t N2O | H10: ='4.6.1.7-8 Leaching and runoff'!E54 -> 0 | I10: ='4.6.1.7-8 Leaching and runoff'!O54 -> 0 | J10: t CO2e
A11: =HYPERLINK("#'4.6.1.1-2 Methane'!A1", "4.6.1.1-2 Methane") -> 4.6.1.1-2 Methane | D11: Total | H11: =SUM(H7:H10) -> 0 | I11: =SUM(I7:I10) -> 0 | J11: t CO2e
A12: =HYPERLINK("#'4.6.1.3-4 Direct N20'!A1", "4.6.1.3-4 Direct N2O") -> 4.6.1.3-4 Direct N2O
A13: =HYPERLINK("#'4.6.1.5-6 Atmos Dep'!A1", "4.6.1.5-6 Soil atm. deposition") -> 4.6.1.5-6 Soil atm. deposition | D13: WARNING: Manure nitrogen that was applied to soils must be accounted for
A14: =HYPERLINK("#'4.6.1.7-8 Leaching and runoff'!A1", "4.6.1.7-8 Leaching & runoff") -> 4.6.1.7-8 Leaching & runoff | D14: See the table below for how to account for manure applied to soils for scope 1 and 3.
A15: =HYPERLINK("#'4.6.1.9 Manure applied to soils'!A1", "4.6.1.9 Manure applied to soils") -> 4.6.1.9 Manure applied to soils
A16: =HYPERLINK("#'4.6.1.10-11 Soil direct N2O'!A1", "4.6.1.10-11 Soil direct N2O") -> 4.6.1.10-11 Soil direct N2O | D16: Manure nitrogen use | E16: Amount of N in manure | F16: N unit | G16: Emissions allocated to | H16: VEERG Calculation method
A17: =HYPERLINK("#'4.6.1.12-13 Soil atmos dep'!A1", "4.6.1.12-13 Soil Atm. deposition") -> 4.6.1.12-13 Soil Atm. deposition | D17: Manure nitrogen deposited on farm soils (including use as fertiliser for other enterprises on own farm eg crops) | E17: ='4.6.1.9 Manure applied to soils'!E136 -> Solid storage | F17: ='4.6.1.9 Manure applied to soils'!F136 -> 0.11833281 | G17: Scope 1 - This piggery | H17: 5.2.2.1 (1), 5.4.1.3 (1, 2), 5.5.1.1 (1, 3)
A18: =HYPERLINK("#'4.6.1.14-15 Soil leach runoff'!A1", "4.6.1.14-15 Soil leach & runoff") -> 4.6.1.14-15 Soil leach & runoff | D18: Manure nitrogen deposited on farm soils as fertiliser for other farm enterpsies (eg crops) | E18: ='4.6.1.9 Manure applied to soils'!E235 -> 0 | F18: ='4.6.1.9 Manure applied to soils'!F235 -> 0 | G18: Scope 1 - This piggery | H18: 5.2.2.1 (1), 5.4.1.3 (1, 2), 5.5.1.1 (1, 3)
D19: Manure nitrogen sold | E19: ='4.6.1.9 Manure applied to soils'!E178 -> Composting (passive windrow) | F19: ='4.6.1.9 Manure applied to soils'!F178 -> 0.12062312 | G19: Scope 3 (downstream) | H19: 15.13.1.1 (1), 5.2.2.1 (1), 5.4.1.3 (1, 2), 5.5.1.1 (1, 3)
A20: APPENDICES
A21: =HYPERLINK("#'Constants - Poultry'!A1", "Constants - Poultry") -> Constants - Poultry
A22: =HYPERLINK("#'Constants - Livestock'!A1", "Constants - Livestock") -> Constants - Livestock
A23: =HYPERLINK("#'Constants - Common'!A1", "Constants - Common") -> Constants - Common
A24: =HYPERLINK("#'Acknowledgements'!A1", "Acknowledgements") -> Acknowledgements

Sheet Input - Site
A1: #VALUE! | C1: Input - Site
A3: =HYPERLINK("#'Home'!A1", "Home") -> Home
A4: =HYPERLINK("#'Results'!A1", "Results") -> Results
D5: Your business
A6: INPUTS
A7: =HYPERLINK("#'Input - Site'!A1", "Site") -> Site | D7: Farm name | E7: Test Farms
A8: =HYPERLINK("#'Input - Poultry'!A1", "Poultry") -> Poultry | D8: Reporting entity name | E8: Test Farms Pty Ltd
A10: CALCULATIONS | D10: 💡An 'Emissions accounting period' is a 12 month period where the business can report on the emissions, and is typically the same as the business' financial accounting period.
A11: =HYPERLINK("#'4.6.1.1-2 Methane'!A1", "4.6.1.1-2 Methane") -> 4.6.1.1-2 Methane
A12: =HYPERLINK("#'4.6.1.3-4 Direct N20'!A1", "4.6.1.3-4 Direct N2O") -> 4.6.1.3-4 Direct N2O | D12: Emissions calculation period start date | E12: 45292 | F12: ← DD/MM/YYYY or DD Month YYYY
A13: =HYPERLINK("#'4.6.1.5-6 Atmos Dep'!A1", "4.6.1.5-6 Soil atm. deposition") -> 4.6.1.5-6 Soil atm. deposition | D13: Emissions calculation period end date | E13: =DATE(YEAR(E12)+1,MONTH(E12),DAY(E12))-1 -> 45657 | F13: ← Automatically calculated, 12 months after start date
A14: =HYPERLINK("#'4.6.1.7-8 Leaching and runoff'!A1", "4.6.1.7-8 Leaching & runoff") -> 4.6.1.7-8 Leaching & runoff
A15: =HYPERLINK("#'4.6.1.9 Manure applied to soils'!A1", "4.6.1.9 Manure applied to soils") -> 4.6.1.9 Manure applied to soils
A16: =HYPERLINK("#'4.6.1.10-11 Soil direct N2O'!A1", "4.6.1.10-11 Soil direct N2O") -> 4.6.1.10-11 Soil direct N2O | D16: Location and climate
A17: =HYPERLINK("#'4.6.1.12-13 Soil atmos dep'!A1", "4.6.1.12-13 Soil Atm. deposition") -> 4.6.1.12-13 Soil Atm. deposition
A18: =HYPERLINK("#'4.6.1.14-15 Soil leach runoff'!A1", "4.6.1.14-15 Soil leach & runoff") -> 4.6.1.14-15 Soil leach & runoff | D18: Location information is used to reference some region and climate-specific emission factors
D19: Tip: Use the web-based GAF Location Helper tool to easily get region and climate information. You will need an internet connection to use the GAF Location Helper.
A20: APPENDICES
A21: =HYPERLINK("#'Constants - Poultry'!A1", "Constants - Poultry") -> Constants - Poultry | D21: State | E21: Western Australia | F21: ← Please select
A22: =HYPERLINK("#'Constants - Livestock'!A1", "Constants - Livestock") -> Constants - Livestock | D22: Region (ABS Statistical area level 4) if state is WA | E22: Western Australia - Outback (South) | F22: ← Please select
A23: =HYPERLINK("#'Constants - Common'!A1", "Constants - Common") -> Constants - Common | D23: Leaching zone | E23: NO - Not in leaching zone | F23: ← Please select
A24: =HYPERLINK("#'Acknowledgements'!A1", "Acknowledgements") -> Acknowledgements | D24: Elevation | E24: 307.7 | F24: Meters
D25: Average temperature for reporting period | E25: 18 | F25: Degrees celsius
D26: Total rainfall for reporting period | E26: 601 | F26: Millimetres
D27: Potential evapotranspiration for reporting period | E27: 1326 | F27: Millimetres
D28: Number of frost days for reporting period | E28: 7 | F28: Days
D29: MAP:PET ratio | E29: =E26/E27 -> 0.45324284
D30: Rainfall zone | E30: =Common_InputFunctions.Utility_LookupItemFromMinMax(E26,Table_SourceData_RainfallZones[Min rainfall],Table_SourceData_RainfallZones[Max rainfall],Table_SourceData_RainfallZones[Rainfall Zone]) -> High rainfall
D31: Climate zone | E31: =Common_InputFunctions.Utility_GetClimateZone(E25,E26,E28,E24,E29,Table_SourceData_ClimateZones[Min temp],Table_SourceData_ClimateZones[Max temp],Table_SourceData_ClimateZones[Min rainfall],Table_SourceData_ClimateZones[Max rainfall],Table_SourceData_ClimateZones[Min frost days],Table_SourceData_ClimateZones[Max frost days],Table_SourceData_ClimateZones[Min elevation],Table_SourceData_ClimateZones[Max elevation],Table_SourceData_ClimateZones[Min MAP:PET],Table_SourceData_ClimateZones[Max MAP:PET],Table_SourceData_ClimateZones[Climate zone]) -> Warm temperate dry
D32: Wet or dry climate zone | E32: =Common_InputFunctions.Utility_LookupValueInTable($E$31,Table_SourceData_WetDryZones[Climate zone],Table_SourceData_WetDryZones[Wet or Dry Zone]) -> Dry climate zone
D33: Temperature zone | E33: =Common_InputFunctions.Utility_LookupItemFromMinMax(E25,Table_SourceData_TemperatureZones[Min MAT],Table_SourceData_TemperatureZones[Max MAT],Table_SourceData_TemperatureZones[Temperature Zone]) -> Temperate

Sheet Input - Poultry
A1: #VALUE! | C1: Input -Poultry
A3: =HYPERLINK("#'Home'!A1", "Home") -> Home
A4: =HYPERLINK("#'Results'!A1", "Results") -> Results
D5: This tool demostrates inputs for one production system.
A6: INPUTS
A7: =HYPERLINK("#'Input - Site'!A1", "Site") -> Site
A8: =HYPERLINK("#'Input - Poultry'!A1", "Poultry") -> Poultry
E9: Layers | F9: Meat chicken growers | G9: Meat chicken breeders | H9: Other
A10: CALCULATIONS | D10: ="Average duration of stay between " & TEXT('Input - Site'!$E$12, "dd mmm yy") & " and " & TEXT('Input - Site'!$E$13, "dd mmm yy") -> Average duration of stay between 01 Jan 24 and 31 Dec 24 | E10: 365 | F10: 365 | G10: 365 | H10: 365 | I10: Days
A11: =HYPERLINK("#'4.6.1.1-2 Methane'!A1", "4.6.1.1-2 Methane") -> 4.6.1.1-2 Methane | D11: ="Average number of birds between " & TEXT('Input - Site'!$E$12, "dd mmm yy") & " and " & TEXT('Input - Site'!$E$13, "dd mmm yy") -> Average number of birds between 01 Jan 24 and 31 Dec 24 | E11: 100 | F11: 100 | G11: 100 | H11: 100 | I11: Head
A12: =HYPERLINK("#'4.6.1.3-4 Direct N20'!A1", "4.6.1.3-4 Direct N2O") -> 4.6.1.3-4 Direct N2O
A13: =HYPERLINK("#'4.6.1.5-6 Atmos Dep'!A1", "4.6.1.5-6 Soil atm. deposition") -> 4.6.1.5-6 Soil atm. deposition | D13: Manure production
A14: =HYPERLINK("#'4.6.1.7-8 Leaching and runoff'!A1", "4.6.1.7-8 Leaching & runoff") -> 4.6.1.7-8 Leaching & runoff
A15: =HYPERLINK("#'4.6.1.9 Manure applied to soils'!A1", "4.6.1.9 Manure applied to soils") -> 4.6.1.9 Manure applied to soils | D15: Method 1 default values (Do not edit) | E15: Layers | F15: Meat chicken growers | G15: Meat chicken breeders | H15: Other
A16: =HYPERLINK("#'4.6.1.10-11 Soil direct N2O'!A1", "4.6.1.10-11 Soil direct N2O") -> 4.6.1.10-11 Soil direct N2O | D16: Dry matter intake | E16: ='Constants - Poultry'!E9 -> 0.086 | F16: ='Constants - Poultry'!F9 -> 0.093 | G16: ='Constants - Poultry'!G9 -> 0.103 | H16: ='Constants - Poultry'!H9 -> 0.093 | I16: kg/DM/bird/day
A17: =HYPERLINK("#'4.6.1.12-13 Soil atmos dep'!A1", "4.6.1.12-13 Soil Atm. deposition") -> 4.6.1.12-13 Soil Atm. deposition | D17: Dry matter digestibility (DMD) | E17: ='Constants - Poultry'!E10 -> 0.8 | F17: ='Constants - Poultry'!F10 -> 0.8 | G17: ='Constants - Poultry'!G10 -> 0.8 | H17: ='Constants - Poultry'!H10 -> 0.8 | I17: fraction
A18: =HYPERLINK("#'4.6.1.14-15 Soil leach runoff'!A1", "4.6.1.14-15 Soil leach & runoff") -> 4.6.1.14-15 Soil leach & runoff | D18: Crude protein (CP) | E18: ='Constants - Poultry'!E11 -> 0.19 | F18: ='Constants - Poultry'!F11 -> 0.23 | G18: ='Constants - Poultry'!G11 -> 0.19 | H18: ='Constants - Poultry'!H11 -> 0.23 | I18: fraction
A20: APPENDICES | D20: Method 2 custom values (Edit if known) | E20: Layers | F20: Meat chicken growers | G20: Meat chicken breeders | H20: Other
A21: =HYPERLINK("#'Constants - Poultry'!A1", "Constants - Poultry") -> Constants - Poultry | D21: Dry matter intake | E21: ='Constants - Poultry'!E9 -> 0.086 | F21: ='Constants - Poultry'!F9 -> 0.093 | G21: ='Constants - Poultry'!G9 -> 0.103 | H21: ='Constants - Poultry'!H9 -> 0.093 | I21: kg/DM/bird/day
A22: =HYPERLINK("#'Constants - Livestock'!A1", "Constants - Livestock") -> Constants - Livestock | D22: Dry matter digestibility (DMD) | E22: ='Constants - Poultry'!E10 -> 0.8 | F22: ='Constants - Poultry'!F10 -> 0.8 | G22: ='Constants - Poultry'!G10 -> 0.8 | H22: ='Constants - Poultry'!H10 -> 0.8 | I22: fraction
A23: =HYPERLINK("#'Constants - Common'!A1", "Constants - Common") -> Constants - Common | D23: Crude protein (CP) | E23: ='Constants - Poultry'!E11 -> 0.19 | F23: ='Constants - Poultry'!F11 -> 0.23 | G23: ='Constants - Poultry'!G11 -> 0.19 | H23: ='Constants - Poultry'!H11 -> 0.23 | I23: fraction
A24: =HYPERLINK("#'Acknowledgements'!A1", "Acknowledgements") -> Acknowledgements
D25: Manure management systems
D27: Production system | E27: Free range | F27: ← Please select
D29: Stage 1 MMS | E29: Layers | F29: Meat chicken growers | G29: Meat chicken breeders | H29: Other
D30: ='Constants - Poultry'!G29 -> Poultry manure with bedding | E30: 0.3 | F30: 0.3 | G30: 0.3 | H30: 0.3 | I30: Percent
D31: ='Constants - Poultry'!G30 -> Belt manure removal | E31: 0.3 | F31: 0.3 | G31: 0.3 | H31: 0.3 | I31: Percent
D32: ='Constants - Poultry'!G31 -> Manure stored in house | E32: 0.3 | F32: 0.3 | G32: 0.3 | H32: 0.3 | I32: Percent
D33: ='Constants - Poultry'!G32 -> Pasture range and paddock | E33: 0.1 | F33: 0.1 | G33: 0.1 | H33: 0.1 | I33: Percent
D34: Total sent to all MMS (Must equal 100%) | E34: =SUM(E30,E31,E32,E33) -> 1 | F34: =SUM(F30,F31,F32,F33) -> 1 | G34: =SUM(G30,G31,G32,G33) -> 1 | H34: =SUM(H30,H31,H32,H33) -> 1
D35: ▼
D36: Stage 2 MMS | E36: Layers | F36: Meat chicken growers | G36: Meat chicken breeders | H36: Other | I36: ► | J36: Destination after stage 2 MMS (Percent)
D37: ="From stage 1: " & $D$30 -> From stage 1: Poultry manure with bedding | E37: =IF(SUM(E30:H30)>0,"Manure was sent to this MMS, please complete this section.","No manure was sent to this MMS. Leave this section blank.") -> Manure was sent to this MMS, please complete this section. | J37: Sold | K37: Fert for own farm (eg crop) | L37: Direct application to soil
D38: ='Constants - Poultry'!$J$29 -> Solid storage | E38: 0.2 | F38: 0.2 | G38: 0.2 | H38: 0.2 | I38: Percent | J38: 0.25 | K38: 0.25 | L38: =1-SUM(J38:K38) -> 0.5
D39: ='Constants - Poultry'!$J$30 -> Composting (passive windrow) | E39: 0.2 | F39: 0.2 | G39: 0.2 | H39: 0.2 | I39: Percent | J39: 0.25 | K39: 0.25 | L39: =1-SUM(J39:K39) -> 0.5
D40: ='Constants - Poultry'!$J$31 -> Digester / covered lagoons | E40: 0.2 | F40: 0.2 | G40: 0.2 | H40: 0.2 | I40: Percent | J40: 0.25 | K40: 0.25 | L40: =1-SUM(J40:K40) -> 0.5
D41: ='Constants - Poultry'!$J$32 -> Direct processing | E41: 0.2 | F41: 0.2 | G41: 0.2 | H41: 0.2 | I41: Percent | J41: 0.25 | K41: 0.25 | L41: =1-SUM(J41:K41) -> 0.5
D42: Direct application to soil | E42: =1-SUM(E38:E41) -> 0.2 | F42: =1-SUM(F38:F41) -> 0.2 | G42: =1-SUM(G38:G41) -> 0.2 | H42: =1-SUM(H38:H41) -> 0.2 | I42: Percent
D44: ="From stage 1: " & $D$31 -> From stage 1: Belt manure removal | E44: =IF(SUM(E31:H31)>0,"Manure was sent to this MMS, please complete this section.","No manure was sent to this MMS. Leave this section blank.") -> Manure was sent to this MMS, please complete this section. | J44: Sold | K44: Fert for own farm (eg crop) | L44: Direct application to soil
D45: ='Constants - Poultry'!$J$29 -> Solid storage | E45: 0.2 | F45: 0.2 | G45: 0.2 | H45: 0.2 | I45: Percent | J45: 0.25 | K45: 0.25 | L45: =1-SUM(J45:K45) -> 0.5
D46: ='Constants - Poultry'!$J$30 -> Composting (passive windrow) | E46: 0.2 | F46: 0.2 | G46: 0.2 | H46: 0.2 | I46: Percent | J46: 0.25 | K46: 0.25 | L46: =1-SUM(J46:K46) -> 0.5
D47: ='Constants - Poultry'!$J$31 -> Digester / covered lagoons | E47: 0.2 | F47: 0.2 | G47: 0.2 | H47: 0.2 | I47: Percent | J47: 0.25 | K47: 0.25 | L47: =1-SUM(J47:K47) -> 0.5
D48: ='Constants - Poultry'!$J$32 -> Direct processing | E48: 0.2 | F48: 0.2 | G48: 0.2 | H48: 0.2 | I48: Percent | J48: 0.25 | K48: 0.25 | L48: =1-SUM(J48:K48) -> 0.5
D49: Direct application to soil | E49: =1-SUM(E45:E48) -> 0.2 | F49: =1-SUM(F45:F48) -> 0.2 | G49: =1-SUM(G45:G48) -> 0.2 | H49: =1-SUM(H45:H48) -> 0.2
D51: ="From stage 1: " & $D$32 -> From stage 1: Manure stored in house | E51: =IF(SUM(E32:H32)>0,"Manure was sent to this MMS, please complete this section.","No manure was sent to this MMS. Leave this section blank.") -> Manure was sent to this MMS, please complete this section. | J51: Sold | K51: Fert for own farm (eg crop) | L51: Direct application to soil
D52: ='Constants - Poultry'!$J$29 -> Solid storage | E52: 0.2 | F52: 0.2 | G52: 0.2 | H52: 0.2 | I52: Percent | J52: 0.25 | K52: 0.25 | L52: =1-SUM(J52:K52) -> 0.5
D53: ='Constants - Poultry'!$J$30 -> Composting (passive windrow) | E53: 0.2 | F53: 0.2 | G53: 0.2 | H53: 0.2 | I53: Percent | J53: 0.25 | K53: 0.25 | L53: =1-SUM(J53:K53) -> 0.5
D54: ='Constants - Poultry'!$J$31 -> Digester / covered lagoons | E54: 0.2 | F54: 0.2 | G54: 0.2 | H54: 0.2 | I54: Percent | J54: 0.25 | K54: 0.25 | L54: =1-SUM(J54:K54) -> 0.5
D55: ='Constants - Poultry'!$J$32 -> Direct processing | E55: 0.2 | F55: 0.2 | G55: 0.2 | H55: 0.2 | I55: Percent | J55: 0.25 | K55: 0.25 | L55: =1-SUM(J55:K55) -> 0.5
D56: Direct application to soil | E56: =1-SUM(E52:E55) -> 0.2 | F56: =1-SUM(F52:F55) -> 0.2 | G56: =1-SUM(G52:G55) -> 0.2 | H56: =1-SUM(H52:H55) -> 0.2 | I56: Percent
D59: Where manure was deposited on farm soils, what is the closest match? | E59: Crop | F59: ← Please select
E60: Sprinkler irrigation | F60: ← Please select

Sheet 4.6.1.1-2 Methane
A1: #VALUE! | C1: 4.6.1.1-2 Manure Methane
A3: =HYPERLINK("#'Home'!A1", "Home") -> Home | D3: Method 1 | N3: Method 2
A4: =HYPERLINK("#'Results'!A1", "Results") -> Results
D5: {=MMS_Poultry_Methane_Equations.VEERG_4_6_1_1__5_VolatileSolidProduction_Title()} -> Volatile solid production poultry classes
A6: INPUTS | D6: {=MMS_Poultry_Methane_Equations.VEERG_4_6_1_1__5_VolatileSolidProduction_Source()} -> VEERG 2026: 4.4.1.1, Equation (5)
A7: =HYPERLINK("#'Input - Site'!A1", "Site") -> Site | D7: Function name | E7: {=Common_InputFunctions.Utility_DisplayFunctionName(D35)} -> =MMS_Poultry_Methane_Equations.VEERG_4_6_1_1__5_VolatileSolidProduction
A8: =HYPERLINK("#'Input - Poultry'!A1", "Poultry") -> Poultry
A10: CALCULATIONS | D10: Variable | E10: {=MMS_Poultry_Methane_Equations.VEERG_4_6_1_1__5_VolatileSolidProduction_Variable()} -> VS_jk
A11: =HYPERLINK("#'4.6.1.1-2 Methane'!A1", "4.6.1.1-2 Methane") -> 4.6.1.1-2 Methane | D11: Unit | E11: {=MMS_Poultry_Methane_Equations.VEERG_4_6_1_1__5_VolatileSolidProduction_Unit()} -> kg VS/bird/day
A12: =HYPERLINK("#'4.6.1.3-4 Direct N20'!A1", "4.6.1.3-4 Direct N2O") -> 4.6.1.3-4 Direct N2O
A13: =HYPERLINK("#'4.6.1.5-6 Atmos Dep'!A1", "4.6.1.5-6 Soil atm. deposition") -> 4.6.1.5-6 Soil atm. deposition | D13: {=MMS_Poultry_Methane_Equations.VEERG_4_6_1_1__5_VolatileSolidProduction_Arguments()} -> I_jk | E13: dry matter intake for each class and subclass : kg DM/bird/day | G13: ="See " & D17 -> See M1_Table_I_j_k
A14: =HYPERLINK("#'4.6.1.7-8 Leaching and runoff'!A1", "4.6.1.7-8 Leaching & runoff") -> 4.6.1.7-8 Leaching & runoff | D14: DMD_jk | E14: dry matter digestibility for each class and subclass : fraction | G14: ="See " & D22 -> See M1_Table_DMD_j_k
A15: =HYPERLINK("#'4.6.1.9 Manure applied to soils'!A1", "4.6.1.9 Manure applied to soils") -> 4.6.1.9 Manure applied to soils | D15: A_j | E15: ash content of manure for each class and subclass : fraction | G15: ="See " & D32 -> See M1_Table_VS_j_k
A16: =HYPERLINK("#'4.6.1.10-11 Soil direct N2O'!A1", "4.6.1.10-11 Soil direct N2O") -> 4.6.1.10-11 Soil direct N2O
A17: =HYPERLINK("#'4.6.1.12-13 Soil atmos dep'!A1", "4.6.1.12-13 Soil Atm. deposition") -> 4.6.1.12-13 Soil Atm. deposition | D17: M1_Table_I_j_k | N17: M2_Table_I_j_k
A18: =HYPERLINK("#'4.6.1.14-15 Soil leach runoff'!A1", "4.6.1.14-15 Soil leach & runoff") -> 4.6.1.14-15 Soil leach & runoff | D18: Dry matter intake (Method 1) | N18: Dry matter intake (Method 2)
D19: Layers | E19: Meat chicken growers | F19: Meat chicken breeders | G19: Other | N19: Layers | O19: Meat chicken growers | P19: Meat chicken breeders | Q19: Other
A20: APPENDICES | D20: ='Input - Poultry'!E16 -> 0.086 | E20: ='Input - Poultry'!F16 -> 0.093 | F20: ='Input - Poultry'!G16 -> 0.103 | G20: ='Input - Poultry'!H16 -> 0.093 | H20: kg/DM/bird/day | N20: ='Input - Poultry'!E21 -> 0.086 | O20: ='Input - Poultry'!F21 -> 0.093 | P20: ='Input - Poultry'!G21 -> 0.103 | Q20: ='Input - Poultry'!H21 -> 0.093 | R20: kg/DM/bird/day
A21: =HYPERLINK("#'Constants - Poultry'!A1", "Constants - Poultry") -> Constants - Poultry
A22: =HYPERLINK("#'Constants - Livestock'!A1", "Constants - Livestock") -> Constants - Livestock | D22: M1_Table_DMD_j_k | N22: M1_Table_DMD_j_k
A23: =HYPERLINK("#'Constants - Common'!A1", "Constants - Common") -> Constants - Common | D23: Dry matter digestibility (Method 1) | N23: Dry matter digestibility (Method 1)
A24: =HYPERLINK("#'Acknowledgements'!A1", "Acknowledgements") -> Acknowledgements | D24: Layers | E24: Meat chicken growers | F24: Meat chicken breeders | G24: Other | N24: Layers | O24: Meat chicken growers | P24: Meat chicken breeders | Q24: Other
D25: ='Input - Poultry'!E17 -> 0.8 | E25: ='Input - Poultry'!F17 -> 0.8 | F25: ='Input - Poultry'!G17 -> 0.8 | G25: ='Input - Poultry'!H17 -> 0.8 | H25: fraction | N25: ='Input - Poultry'!E22 -> 0.8 | O25: ='Input - Poultry'!F22 -> 0.8 | P25: ='Input - Poultry'!G22 -> 0.8 | Q25: ='Input - Poultry'!H22 -> 0.8 | R25: fraction
D27: Table_A_j
D28: Ash content of manure
D29: Layers | E29: Meat chicken growers | F29: Meat chicken breeders | G29: Other
D30: ='Constants - Poultry'!E13 -> 0.18 | E30: ='Constants - Poultry'!F13 -> 0.15 | F30: ='Constants - Poultry'!G13 -> 0.18 | G30: ='Constants - Poultry'!H13 -> 0.15 | H30: fraction
D32: M1_Table_VS_j_k | N32: M2_Table_VS_j_k
D33: Volatile solid production (Method 1) | N33: Volatile solid production (Method 2)
D34: Layers | E34: Meat chicken growers | F34: Meat chicken breeders | G34: Other | N34: Layers | O34: Meat chicken growers | P34: Meat chicken breeders | Q34: Other
D35: {=MMS_Poultry_Methane_Equations.VEERG_4_6_1_1__5_VolatileSolidProduction(D20,D25,D30)} -> 0.014104 | E35: {=MMS_Poultry_Methane_Equations.VEERG_4_6_1_1__5_VolatileSolidProduction(E20,E25,E30)} -> 0.01581 | F35: {=MMS_Poultry_Methane_Equations.VEERG_4_6_1_1__5_VolatileSolidProduction(F20,F25,F30)} -> 0.016892 | G35: {=MMS_Poultry_Methane_Equations.VEERG_4_6_1_1__5_VolatileSolidProduction(G20,G25,G30)} -> 0.01581 | H35: =$E$11 -> kg VS/bird/day | N35: {=MMS_Poultry_Methane_Equations.VEERG_4_6_1_1__5_VolatileSolidProduction(N20,N25,D30)} -> 0.014104 | O35: {=MMS_Poultry_Methane_Equations.VEERG_4_6_1_1__5_VolatileSolidProduction(O20,O25,E30)} -> 0.01581 | P35: {=MMS_Poultry_Methane_Equations.VEERG_4_6_1_1__5_VolatileSolidProduction(P20,P25,F30)} -> 0.016892 | Q35: {=MMS_Poultry_Methane_Equations.VEERG_4_6_1_1__5_VolatileSolidProduction(Q20,Q25,G30)} -> 0.01581 | R35: =$E$11 -> kg VS/bird/day
D39: {=MMS_Poultry_Methane_Equations.VEERG_4_6_1_1__2_Stage1MethaneProduction_Title()} -> Production of methane in treatment stage 1 MMS
D40: {=MMS_Poultry_Methane_Equations.VEERG_4_6_1_1__2_Stage1MethaneProduction_Source()} -> VEERG 2026: 4.4.1.1, Equation (2)
D41: Function name | E41: {=Common_InputFunctions.Utility_DisplayFunctionName(E83)} -> =MMS_Poultry_Methane_Equations.VEERG_4_6_1_1__2_Stage1MethaneProduction
D44: Variable | E44: {=MMS_Poultry_Methane_Equations.VEERG_4_6_1_1__2_Stage1MethaneProduction_Variable()} -> M_jkmT1
D45: Unit | E45: {=MMS_Poultry_Methane_Equations.VEERG_4_6_1_1__2_Stage1MethaneProduction_Unit()} -> kg CH4/bird/day
D47: {=MMS_Poultry_Methane_Equations.VEERG_4_6_1_1__2_Stage1MethaneProduction_Arguments()} -> VS_jk | E47: volatile solid production poultry classes : kg VS/bird/day | G47: ="See " & D32 -> See M1_Table_VS_j_k
D48: BO_j | E48: emissions potential per class : m3 CH4/kg VS | G48: ="See " & D62 -> See Table_B_0_j
D49: MMS_jmT1 | E49: fraction of manure in each primary system : fraction | G49: ="See " & D54 -> See Table_MMS_j_m_T-1
D50: MCF_im | E50: methane conversion factor for temperature zone and MMS : fraction | G50: ="See " & D67 -> See Table_MCF_i_m
D51: rho | E51: density of methane : kg/m3 | G51: ='Constants - Common'!$D$175 -> 0.6784
D52: i | E52: state | G52: ='Input - Site'!$E$21 -> Western Australia
D54: Table_MMS_j_m_T-1
D55: Fraction of manure sent to stage 1 MMS
D56: Stage 1 MMS | E56: Layers | F56: Meat chicken growers | G56: Meat chicken breeders | H56: Other
D57: ='Input - Poultry'!$D$30 -> Poultry manure with bedding | E57: ='Input - Poultry'!E30 -> 0.3 | F57: ='Input - Poultry'!F30 -> 0.3 | G57: ='Input - Poultry'!G30 -> 0.3 | H57: ='Input - Poultry'!H30 -> 0.3 | I57: fraction
D58: ='Input - Poultry'!$D$31 -> Belt manure removal | E58: ='Input - Poultry'!E31 -> 0.3 | F58: ='Input - Poultry'!F31 -> 0.3 | G58: ='Input - Poultry'!G31 -> 0.3 | H58: ='Input - Poultry'!H31 -> 0.3 | I58: fraction
D59: ='Input - Poultry'!$D$32 -> Manure stored in house | E59: ='Input - Poultry'!E32 -> 0.3 | F59: ='Input - Poultry'!F32 -> 0.3 | G59: ='Input - Poultry'!G32 -> 0.3 | H59: ='Input - Poultry'!H32 -> 0.3 | I59: fraction
D60: ='Input - Poultry'!$D$33 -> Pasture range and paddock | E60: ='Input - Poultry'!E33 -> 0.1 | F60: ='Input - Poultry'!F33 -> 0.1 | G60: ='Input - Poultry'!G33 -> 0.1 | H60: ='Input - Poultry'!H33 -> 0.1 | I60: fraction
D62: Table_B_0_j
D63: Methane emissions potential per class
D64: Layers | E64: Meat chicken growers | F64: Meat chicken breeders | G64: Other
D65: ='Constants - Poultry'!$E$20 -> 0.39 | E65: ='Constants - Poultry'!$E$21 -> 0.36 | F65: ='Constants - Poultry'!$E$21 -> 0.36 | G65: ='Constants - Poultry'!$E$21 -> 0.36 | H65: m3 CH4/kg VS
D67: Table_MCF_i_m
D68: Methane conversion factor for state
D69: MMS | E69: MCFim
D70: ='Constants - Poultry'!D29 -> Poultry manure with bedding | E70: {=CommonLivestock_InputFunctions.Livestock_LookupMCFState(D70,Table_SourceData_Poultry_MMSMCF[NIR definition],Common_InputFunctions.Utility_ConvertStateCommonNameToAbbreviation($G$52,Table_AustralianStates[Common Name],Table_AustralianStates[Abbreviation]),Table_SourceData_Poultry_MMSMCF[#Headers],Table_SourceData_Poultry_MMSMCF[#Data])} -> 0.015
D71: ='Constants - Poultry'!D30 -> Belt manure removal | E71: {=CommonLivestock_InputFunctions.Livestock_LookupMCFState(D71,Table_SourceData_Poultry_MMSMCF[NIR definition],Common_InputFunctions.Utility_ConvertStateCommonNameToAbbreviation($G$52,Table_AustralianStates[Common Name],Table_AustralianStates[Abbreviation]),Table_SourceData_Poultry_MMSMCF[#Headers],Table_SourceData_Poultry_MMSMCF[#Data])} -> 0.015
D72: ='Constants - Poultry'!D31 -> Manure stored in house | E72: {=CommonLivestock_InputFunctions.Livestock_LookupMCFState(D72,Table_SourceData_Poultry_MMSMCF[NIR definition],Common_InputFunctions.Utility_ConvertStateCommonNameToAbbreviation($G$52,Table_AustralianStates[Common Name],Table_AustralianStates[Abbreviation]),Table_SourceData_Poultry_MMSMCF[#Headers],Table_SourceData_Poultry_MMSMCF[#Data])} -> 0.015
D73: ='Constants - Poultry'!D32 -> Pasture range and paddock | E73: {=CommonLivestock_InputFunctions.Livestock_LookupMCFState(D73,Table_SourceData_Poultry_MMSMCF[NIR definition],Common_InputFunctions.Utility_ConvertStateCommonNameToAbbreviation($G$52,Table_AustralianStates[Common Name],Table_AustralianStates[Abbreviation]),Table_SourceData_Poultry_MMSMCF[#Headers],Table_SourceData_Poultry_MMSMCF[#Data])} -> 0.01
D74: ='Constants - Poultry'!D33 -> Solid storage | E74: {=CommonLivestock_InputFunctions.Livestock_LookupMCFState(D74,Table_SourceData_Poultry_MMSMCF[NIR definition],Common_InputFunctions.Utility_ConvertStateCommonNameToAbbreviation($G$52,Table_AustralianStates[Common Name],Table_AustralianStates[Abbreviation]),Table_SourceData_Poultry_MMSMCF[#Headers],Table_SourceData_Poultry_MMSMCF[#Data])} -> 0.02
D75: ='Constants - Poultry'!D34 -> Composting (passive windrow) | E75: {=CommonLivestock_InputFunctions.Livestock_LookupMCFState(D75,Table_SourceData_Poultry_MMSMCF[NIR definition],Common_InputFunctions.Utility_ConvertStateCommonNameToAbbreviation($G$52,Table_AustralianStates[Common Name],Table_AustralianStates[Abbreviation]),Table_SourceData_Poultry_MMSMCF[#Headers],Table_SourceData_Poultry_MMSMCF[#Data])} -> 0.01
D76: ='Constants - Poultry'!D35 -> Digester / covered lagoons | E76: {=CommonLivestock_InputFunctions.Livestock_LookupMCFState(D76,Table_SourceData_Poultry_MMSMCF[NIR definition],Common_InputFunctions.Utility_ConvertStateCommonNameToAbbreviation($G$52,Table_AustralianStates[Common Name],Table_AustralianStates[Abbreviation]),Table_SourceData_Poultry_MMSMCF[#Headers],Table_SourceData_Poultry_MMSMCF[#Data])} -> 0.1
D77: ='Constants - Poultry'!D36 -> Direct processing | E77: {=CommonLivestock_InputFunctions.Livestock_LookupMCFState(D77,Table_SourceData_Poultry_MMSMCF[NIR definition],Common_InputFunctions.Utility_ConvertStateCommonNameToAbbreviation($G$52,Table_AustralianStates[Common Name],Table_AustralianStates[Abbreviation]),Table_SourceData_Poultry_MMSMCF[#Headers],Table_SourceData_Poultry_MMSMCF[#Data])} -> 0
D78: ='Constants - Poultry'!D37 -> Direct application | E78: {=CommonLivestock_InputFunctions.Livestock_LookupMCFState(D78,Table_SourceData_Poultry_MMSMCF[NIR definition],Common_InputFunctions.Utility_ConvertStateCommonNameToAbbreviation($G$52,Table_AustralianStates[Common Name],Table_AustralianStates[Abbreviation]),Table_SourceData_Poultry_MMSMCF[#Headers],Table_SourceData_Poultry_MMSMCF[#Data])} -> 0
D80: M1_Table_M_j_k_m_T-1 | N80: M1_Table_M_j_k_m_T-1
D81: Production of methane in stage 1 MMS (Method 1) | N81: Production of methane in stage 1 MMS (Method 1)
D82: Stage 1 MMS | E82: Layers | F82: Meat chicken growers | G82: Meat chicken breeders | H82: Other | N82: Stage 1 MMS | O82: Layers | P82: Meat chicken growers | Q82: Meat chicken breeders | R82: Other
D83: ='Input - Poultry'!$D$30 -> Poultry manure with bedding | E83: {=MMS_Poultry_Methane_Equations.VEERG_4_6_1_1__2_Stage1MethaneProduction(D$35,D$65,E57,_xlfn.XLOOKUP($D83,$D$70:$D$78,$E$70:$E$78),$G$51)} -> 1.679211e-05 | F83: {=MMS_Poultry_Methane_Equations.VEERG_4_6_1_1__2_Stage1MethaneProduction(E$35,E$65,F57,_xlfn.XLOOKUP($D83,$D$70:$D$78,$E$70:$E$78),$G$51)} -> 1.7375316e-05 | G83: {=MMS_Poultry_Methane_Equations.VEERG_4_6_1_1__2_Stage1MethaneProduction(F$35,F$65,G57,_xlfn.XLOOKUP($D83,$D$70:$D$78,$E$70:$E$78),$G$51)} -> 1.8564443e-05 | H83: {=MMS_Poultry_Methane_Equations.VEERG_4_6_1_1__2_Stage1MethaneProduction(G$35,G$65,H57,_xlfn.XLOOKUP($D83,$D$70:$D$78,$E$70:$E$78),$G$51)} -> 1.7375316e-05 | I83: =$E$45 -> kg CH4/bird/day | N83: ='Input - Poultry'!$D$30 -> Poultry manure with bedding | O83: {=MMS_Poultry_Methane_Equations.VEERG_4_6_1_1__2_Stage1MethaneProduction(N$35,D$65,E57,_xlfn.XLOOKUP($N83,$D$70:$D$78,$E$70:$E$78),$G$51)} -> 1.679211e-05 | P83: {=MMS_Poultry_Methane_Equations.VEERG_4_6_1_1__2_Stage1MethaneProduction(O$35,E$65,F57,_xlfn.XLOOKUP($N83,$D$70:$D$78,$E$70:$E$78),$G$51)} -> 1.7375316e-05 | Q83: {=MMS_Poultry_Methane_Equations.VEERG_4_6_1_1__2_Stage1MethaneProduction(P$35,F$65,G57,_xlfn.XLOOKUP($N83,$D$70:$D$78,$E$70:$E$78),$G$51)} -> 1.8564443e-05 | R83: {=MMS_Poultry_Methane_Equations.VEERG_4_6_1_1__2_Stage1MethaneProduction(Q$35,G$65,H57,_xlfn.XLOOKUP($N83,$D$70:$D$78,$E$70:$E$78),$G$51)} -> 1.7375316e-05 | S83: =$E$45 -> kg CH4/bird/day
D84: ='Input - Poultry'!$D$31 -> Belt manure removal | E84: {=MMS_Poultry_Methane_Equations.VEERG_4_6_1_1__2_Stage1MethaneProduction(D$35,D$65,E58,_xlfn.XLOOKUP($D84,$D$70:$D$78,$E$70:$E$78),$G$51)} -> 1.679211e-05 | F84: {=MMS_Poultry_Methane_Equations.VEERG_4_6_1_1__2_Stage1MethaneProduction(E$35,E$65,F58,_xlfn.XLOOKUP($D84,$D$70:$D$78,$E$70:$E$78),$G$51)} -> 1.7375316e-05 | G84: {=MMS_Poultry_Methane_Equations.VEERG_4_6_1_1__2_Stage1MethaneProduction(F$35,F$65,G58,_xlfn.XLOOKUP($D84,$D$70:$D$78,$E$70:$E$78),$G$51)} -> 1.8564443e-05 | H84: {=MMS_Poultry_Methane_Equations.VEERG_4_6_1_1__2_Stage1MethaneProduction(G$35,G$65,H58,_xlfn.XLOOKUP($D84,$D$70:$D$78,$E$70:$E$78),$G$51)} -> 1.7375316e-05 | I84: =$E$45 -> kg CH4/bird/day | N84: ='Input - Poultry'!$D$31 -> Belt manure removal | O84: {=MMS_Poultry_Methane_Equations.VEERG_4_6_1_1__2_Stage1MethaneProduction(N$35,D$65,E58,_xlfn.XLOOKUP($N84,$D$70:$D$78,$E$70:$E$78),$G$51)} -> 1.679211e-05 | P84: {=MMS_Poultry_Methane_Equations.VEERG_4_6_1_1__2_Stage1MethaneProduction(O$35,E$65,F58,_xlfn.XLOOKUP($N84,$D$70:$D$78,$E$70:$E$78),$G$51)} -> 1.7375316e-05 | Q84: {=MMS_Poultry_Methane_Equations.VEERG_4_6_1_1__2_Stage1MethaneProduction(P$35,F$65,G58,_xlfn.XLOOKUP($N84,$D$70:$D$78,$E$70:$E$78),$G$51)} -> 1.8564443e-05 | R84: {=MMS_Poultry_Methane_Equations.VEERG_4_6_1_1__2_Stage1MethaneProduction(Q$35,G$65,H58,_xlfn.XLOOKUP($N84,$D$70:$D$78,$E$70:$E$78),$G$51)} -> 1.7375316e-05 | S84: =$E$45 -> kg CH4/bird/day
D85: ='Input - Poultry'!$D$32 -> Manure stored in house | E85: {=MMS_Poultry_Methane_Equations.VEERG_4_6_1_1__2_Stage1MethaneProduction(D$35,D$65,E59,_xlfn.XLOOKUP($D85,$D$70:$D$78,$E$70:$E$78),$G$51)} -> 1.679211e-05 | F85: {=MMS_Poultry_Methane_Equations.VEERG_4_6_1_1__2_Stage1MethaneProduction(E$35,E$65,F59,_xlfn.XLOOKUP($D85,$D$70:$D$78,$E$70:$E$78),$G$51)} -> 1.7375316e-05 | G85: {=MMS_Poultry_Methane_Equations.VEERG_4_6_1_1__2_Stage1MethaneProduction(F$35,F$65,G59,_xlfn.XLOOKUP($D85,$D$70:$D$78,$E$70:$E$78),$G$51)} -> 1.8564443e-05 | H85: {=MMS_Poultry_Methane_Equations.VEERG_4_6_1_1__2_Stage1MethaneProduction(G$35,G$65,H59,_xlfn.XLOOKUP($D85,$D$70:$D$78,$E$70:$E$78),$G$51)} -> 1.7375316e-05 | I85: =$E$45 -> kg CH4/bird/day | N85: ='Input - Poultry'!$D$32 -> Manure stored in house | O85: {=MMS_Poultry_Methane_Equations.VEERG_4_6_1_1__2_Stage1MethaneProduction(N$35,D$65,E59,_xlfn.XLOOKUP($N85,$D$70:$D$78,$E$70:$E$78),$G$51)} -> 1.679211e-05 | P85: {=MMS_Poultry_Methane_Equations.VEERG_4_6_1_1__2_Stage1MethaneProduction(O$35,E$65,F59,_xlfn.XLOOKUP($N85,$D$70:$D$78,$E$70:$E$78),$G$51)} -> 1.7375316e-05 | Q85: {=MMS_Poultry_Methane_Equations.VEERG_4_6_1_1__2_Stage1MethaneProduction(P$35,F$65,G59,_xlfn.XLOOKUP($N85,$D$70:$D$78,$E$70:$E$78),$G$51)} -> 1.8564443e-05 | R85: {=MMS_Poultry_Methane_Equations.VEERG_4_6_1_1__2_Stage1MethaneProduction(Q$35,G$65,H59,_xlfn.XLOOKUP($N85,$D$70:$D$78,$E$70:$E$78),$G$51)} -> 1.7375316e-05 | S85: =$E$45 -> kg CH4/bird/day
D86: ='Input - Poultry'!$D$33 -> Pasture range and paddock | E86: {=MMS_Poultry_Methane_Equations.VEERG_4_6_1_1__2_Stage1MethaneProduction(D$35,D$65,E60,_xlfn.XLOOKUP($D86,$D$70:$D$78,$E$70:$E$78),$G$51)} -> 3.7315799e-06 | F86: {=MMS_Poultry_Methane_Equations.VEERG_4_6_1_1__2_Stage1MethaneProduction(E$35,E$65,F60,_xlfn.XLOOKUP($D86,$D$70:$D$78,$E$70:$E$78),$G$51)} -> 3.8611814e-06 | G86: {=MMS_Poultry_Methane_Equations.VEERG_4_6_1_1__2_Stage1MethaneProduction(F$35,F$65,G60,_xlfn.XLOOKUP($D86,$D$70:$D$78,$E$70:$E$78),$G$51)} -> 4.1254318e-06 | H86: {=MMS_Poultry_Methane_Equations.VEERG_4_6_1_1__2_Stage1MethaneProduction(G$35,G$65,H60,_xlfn.XLOOKUP($D86,$D$70:$D$78,$E$70:$E$78),$G$51)} -> 3.8611814e-06 | I86: =$E$45 -> kg CH4/bird/day | N86: ='Input - Poultry'!$D$33 -> Pasture range and paddock | O86: {=MMS_Poultry_Methane_Equations.VEERG_4_6_1_1__2_Stage1MethaneProduction(N$35,D$65,E60,_xlfn.XLOOKUP($N86,$D$70:$D$78,$E$70:$E$78),$G$51)} -> 3.7315799e-06 | P86: {=MMS_Poultry_Methane_Equations.VEERG_4_6_1_1__2_Stage1MethaneProduction(O$35,E$65,F60,_xlfn.XLOOKUP($N86,$D$70:$D$78,$E$70:$E$78),$G$51)} -> 3.8611814e-06 | Q86: {=MMS_Poultry_Methane_Equations.VEERG_4_6_1_1__2_Stage1MethaneProduction(P$35,F$65,G60,_xlfn.XLOOKUP($N86,$D$70:$D$78,$E$70:$E$78),$G$51)} -> 4.1254318e-06 | R86: {=MMS_Poultry_Methane_Equations.VEERG_4_6_1_1__2_Stage1MethaneProduction(Q$35,G$65,H60,_xlfn.XLOOKUP($N86,$D$70:$D$78,$E$70:$E$78),$G$51)} -> 3.8611814e-06 | S86: =$E$45 -> kg CH4/bird/day
D90: {=MMS_Poultry_Methane_Equations.VEERG_4_6_1_1__4_VolatileSolidsTransferred_Title()} -> Volatile solids transferred to treatment stage 2 MMS
D91: {=MMS_Poultry_Methane_Equations.VEERG_4_6_1_1__4_VolatileSolidsTransferred_Source()} -> VEERG 2026: 4.4.1.1, Equation (4)
D92: Function name | E92: {=Common_InputFunctions.Utility_DisplayFunctionName(E112)} -> =MMS_Poultry_Methane_Equations.VEERG_4_6_1_1__4_VolatileSolidsTransferred
D95: Variable | E95: {=MMS_Poultry_Methane_Equations.VEERG_4_6_1_1__4_VolatileSolidsTransferred_Variable()} -> VST_jk
D96: Unit | E96: {=MMS_Poultry_Methane_Equations.VEERG_4_6_1_1__4_VolatileSolidsTransferred_Unit()} -> kg VS/bird/day
D98: {=MMS_Poultry_Methane_Equations.VEERG_4_6_1_1__4_VolatileSolidsTransferred_Arguments()} -> VS_jk | E98: volatile solid production poultry classes : kg VS/bird/day | G98: ="See " & D32 -> See M1_Table_VS_j_k
D99: MMS_jmT1 | E99: fraction of manure in each primary system : fraction | G99: ="See " & D54 -> See Table_MMS_j_m_T-1
D100: VSL_mT1 | E100: fraction of volatile solids lost during storage in the primary system : fraction | G100: ="See " & D102 -> See Table_VSL_m_T-1
D102: Table_VSL_m_T-1
D103: Fraction volatile solids list in stage 1 MMS
D104: Stage 1 MMS | E104: VSLmT=1
D105: ='Input - Poultry'!$D$30 -> Poultry manure with bedding | E105: {=Common_InputFunctions.Utility_LookupValueInTableNumber(D105, Table_SourceData_Poultry_MMSVSL[NIR definition],Table_SourceData_Poultry_MMSVSL[VSL])} -> 0.15 | F105: fraction
D106: ='Input - Poultry'!$D$31 -> Belt manure removal | E106: {=Common_InputFunctions.Utility_LookupValueInTableNumber(D106, Table_SourceData_Poultry_MMSVSL[NIR definition],Table_SourceData_Poultry_MMSVSL[VSL])} -> 0 | F106: fraction
D107: ='Input - Poultry'!$D$32 -> Manure stored in house | E107: {=Common_InputFunctions.Utility_LookupValueInTableNumber(D107, Table_SourceData_Poultry_MMSVSL[NIR definition],Table_SourceData_Poultry_MMSVSL[VSL])} -> 0.2 | F107: fraction
D109: M1_Table_VST_j_k | N109: M2_Table_VST_j_k
D110: Volatile solids sent to stage 2 MMS (Method 1) | N110: Volatile solids sent to stage 2 MMS (Method 2)
D111: Stage 1 MMS | E111: Layers | F111: Meat chicken growers | G111: Meat chicken breeders | H111: Other | N111: Stage 1 MMS | O111: Layers | P111: Meat chicken growers | Q111: Meat chicken breeders | R111: Other
D112: ='Input - Poultry'!$D$30 -> Poultry manure with bedding | E112: {=MMS_Poultry_Methane_Equations.VEERG_4_6_1_1__4_VolatileSolidsTransferred(D$35,E57,_xlfn.XLOOKUP($D112,$D$105:$D$107,$E$105:$E$107))} -> 0.00359652 | F112: {=MMS_Poultry_Methane_Equations.VEERG_4_6_1_1__4_VolatileSolidsTransferred(E$35,F57,_xlfn.XLOOKUP($D112,$D$105:$D$107,$E$105:$E$107))} -> 0.00403155 | G112: {=MMS_Poultry_Methane_Equations.VEERG_4_6_1_1__4_VolatileSolidsTransferred(F$35,G57,_xlfn.XLOOKUP($D112,$D$105:$D$107,$E$105:$E$107))} -> 0.00430746 | H112: {=MMS_Poultry_Methane_Equations.VEERG_4_6_1_1__4_VolatileSolidsTransferred(G$35,H57,_xlfn.XLOOKUP($D112,$D$105:$D$107,$E$105:$E$107))} -> 0.00403155 | I112: =$E$96 -> kg VS/bird/day | N112: ='Input - Poultry'!$D$30 -> Poultry manure with bedding | O112: {=MMS_Poultry_Methane_Equations.VEERG_4_6_1_1__4_VolatileSolidsTransferred(N$35,E57,_xlfn.XLOOKUP($N112,$D$105:$D$107,$E$105:$E$107))} -> 0.00359652 | P112: {=MMS_Poultry_Methane_Equations.VEERG_4_6_1_1__4_VolatileSolidsTransferred(O$35,F57,_xlfn.XLOOKUP($N112,$D$105:$D$107,$E$105:$E$107))} -> 0.00403155 | Q112: {=MMS_Poultry_Methane_Equations.VEERG_4_6_1_1__4_VolatileSolidsTransferred(P$35,G57,_xlfn.XLOOKUP($N112,$D$105:$D$107,$E$105:$E$107))} -> 0.00430746 | R112: {=MMS_Poultry_Methane_Equations.VEERG_4_6_1_1__4_VolatileSolidsTransferred(Q$35,H57,_xlfn.XLOOKUP($N112,$D$105:$D$107,$E$105:$E$107))} -> 0.00403155 | S112: =$E$96 -> kg VS/bird/day
D113: ='Input - Poultry'!$D$31 -> Belt manure removal | E113: {=MMS_Poultry_Methane_Equations.VEERG_4_6_1_1__4_VolatileSolidsTransferred(D$35,E58,_xlfn.XLOOKUP($D113,$D$105:$D$107,$E$105:$E$107))} -> 0.0042312 | F113: {=MMS_Poultry_Methane_Equations.VEERG_4_6_1_1__4_VolatileSolidsTransferred(E$35,F58,_xlfn.XLOOKUP($D113,$D$105:$D$107,$E$105:$E$107))} -> 0.004743 | G113: {=MMS_Poultry_Methane_Equations.VEERG_4_6_1_1__4_VolatileSolidsTransferred(F$35,G58,_xlfn.XLOOKUP($D113,$D$105:$D$107,$E$105:$E$107))} -> 0.0050676 | H113: {=MMS_Poultry_Methane_Equations.VEERG_4_6_1_1__4_VolatileSolidsTransferred(G$35,H58,_xlfn.XLOOKUP($D113,$D$105:$D$107,$E$105:$E$107))} -> 0.004743 | I113: =$E$96 -> kg VS/bird/day | N113: ='Input - Poultry'!$D$31 -> Belt manure removal | O113: {=MMS_Poultry_Methane_Equations.VEERG_4_6_1_1__4_VolatileSolidsTransferred(N$35,E58,_xlfn.XLOOKUP($N113,$D$105:$D$107,$E$105:$E$107))} -> 0.0042312 | P113: {=MMS_Poultry_Methane_Equations.VEERG_4_6_1_1__4_VolatileSolidsTransferred(O$35,F58,_xlfn.XLOOKUP($N113,$D$105:$D$107,$E$105:$E$107))} -> 0.004743 | Q113: {=MMS_Poultry_Methane_Equations.VEERG_4_6_1_1__4_VolatileSolidsTransferred(P$35,G58,_xlfn.XLOOKUP($N113,$D$105:$D$107,$E$105:$E$107))} -> 0.0050676 | R113: {=MMS_Poultry_Methane_Equations.VEERG_4_6_1_1__4_VolatileSolidsTransferred(Q$35,H58,_xlfn.XLOOKUP($N113,$D$105:$D$107,$E$105:$E$107))} -> 0.004743 | S113: =$E$96 -> kg VS/bird/day
D114: ='Input - Poultry'!$D$32 -> Manure stored in house | E114: {=MMS_Poultry_Methane_Equations.VEERG_4_6_1_1__4_VolatileSolidsTransferred(D$35,E59,_xlfn.XLOOKUP($D114,$D$105:$D$107,$E$105:$E$107))} -> 0.00338496 | F114: {=MMS_Poultry_Methane_Equations.VEERG_4_6_1_1__4_VolatileSolidsTransferred(E$35,F59,_xlfn.XLOOKUP($D114,$D$105:$D$107,$E$105:$E$107))} -> 0.0037944 | G114: {=MMS_Poultry_Methane_Equations.VEERG_4_6_1_1__4_VolatileSolidsTransferred(F$35,G59,_xlfn.XLOOKUP($D114,$D$105:$D$107,$E$105:$E$107))} -> 0.00405408 | H114: {=MMS_Poultry_Methane_Equations.VEERG_4_6_1_1__4_VolatileSolidsTransferred(G$35,H59,_xlfn.XLOOKUP($D114,$D$105:$D$107,$E$105:$E$107))} -> 0.0037944 | I114: =$E$96 -> kg VS/bird/day | N114: ='Input - Poultry'!$D$32 -> Manure stored in house | O114: {=MMS_Poultry_Methane_Equations.VEERG_4_6_1_1__4_VolatileSolidsTransferred(N$35,E59,_xlfn.XLOOKUP($N114,$D$105:$D$107,$E$105:$E$107))} -> 0.00338496 | P114: {=MMS_Poultry_Methane_Equations.VEERG_4_6_1_1__4_VolatileSolidsTransferred(O$35,F59,_xlfn.XLOOKUP($N114,$D$105:$D$107,$E$105:$E$107))} -> 0.0037944 | Q114: {=MMS_Poultry_Methane_Equations.VEERG_4_6_1_1__4_VolatileSolidsTransferred(P$35,G59,_xlfn.XLOOKUP($N114,$D$105:$D$107,$E$105:$E$107))} -> 0.00405408 | R114: {=MMS_Poultry_Methane_Equations.VEERG_4_6_1_1__4_VolatileSolidsTransferred(Q$35,H59,_xlfn.XLOOKUP($N114,$D$105:$D$107,$E$105:$E$107))} -> 0.0037944 | S114: =$E$96 -> kg VS/bird/day
D118: {=MMS_Poultry_Methane_Equations.VEERG_4_6_1_1__3_Stage2MethaneProduction_Title()} -> Production of methane in treatment stage 2 MMS
D119: {=MMS_Poultry_Methane_Equations.VEERG_4_6_1_1__3_Stage2MethaneProduction_Source()} -> VEERG 2026: 4.4.1.1, Equation (3)
D120: Function name | E120: {=Common_InputFunctions.Utility_DisplayFunctionName(F152)} -> =MMS_Poultry_Methane_Equations.VEERG_4_6_1_1__3_Stage2MethaneProduction
D123: Variable | E123: {=MMS_Poultry_Methane_Equations.VEERG_4_6_1_1__3_Stage2MethaneProduction_Variable()} -> M_jkmT2
D124: Unit | E124: {=MMS_Poultry_Methane_Equations.VEERG_4_6_1_1__3_Stage2MethaneProduction_Unit()} -> kg CH4/bird/day
D126: {=MMS_Poultry_Methane_Equations.VEERG_4_6_1_1__3_Stage2MethaneProduction_Arguments()} -> VST_jk | E126: volatile solids transferred to treatment stage 2 MMS : kg VS/bird/day | G126: ="See " & D109 -> See M1_Table_VST_j_k
D127: BO | E127: emissions potential : m3 CH4/kg VS | G127: ="See " & D62 -> See Table_B_0_j
D128: MMS_jmT2 | E128: fraction of manure in each secondary system : fraction | G128: ="See " & D133 -> See Table_MMS_j_m_T-2
...

Sheet 4.6.1.3-4 Direct N20
A1: #VALUE! | C1: 4.6.1.3-4 Manure Direct N2O
A3: =HYPERLINK("#'Home'!A1", "Home") -> Home | D3: Method 1 | N3: Method 2
A4: =HYPERLINK("#'Results'!A1", "Results") -> Results
D5: {=MMS_Poultry_N2ODirect_Equations.VEERG_4_6_1_3__5_NitrogenIntake_Title()} -> Nitrogen intake of poultry
A6: INPUTS | D6: {=MMS_Poultry_N2ODirect_Equations.VEERG_4_6_1_3__5_NitrogenIntake_Source()} -> VEERG 2026: 4.6.1.3, Equation (5)
A7: =HYPERLINK("#'Input - Site'!A1", "Site") -> Site | D7: Function name | E7: {=Common_InputFunctions.Utility_DisplayFunctionName(D30)} -> =MMS_Poultry_N2ODirect_Equations.VEERG_4_6_1_3__5_NitrogenIntake
A8: =HYPERLINK("#'Input - Poultry'!A1", "Poultry") -> Poultry
A10: CALCULATIONS | D10: Variable | E10: {=MMS_Poultry_N2ODirect_Equations.VEERG_4_6_1_3__5_NitrogenIntake_Variable()} -> NI_jk
A11: =HYPERLINK("#'4.6.1.1-2 Methane'!A1", "4.6.1.1-2 Methane") -> 4.6.1.1-2 Methane | D11: Unit | E11: {=MMS_Poultry_N2ODirect_Equations.VEERG_4_6_1_3__5_NitrogenIntake_Unit()} -> kg N/bird/day
A12: =HYPERLINK("#'4.6.1.3-4 Direct N20'!A1", "4.6.1.3-4 Direct N2O") -> 4.6.1.3-4 Direct N2O
A13: =HYPERLINK("#'4.6.1.5-6 Atmos Dep'!A1", "4.6.1.5-6 Soil atm. deposition") -> 4.6.1.5-6 Soil atm. deposition | D13: {=MMS_Poultry_N2ODirect_Equations.VEERG_4_6_1_3__5_NitrogenIntake_Arguments()} -> I_jk | E13: dry matter intake for each class and subclass : kg DM/bird/day | G13: ="See " & D17 -> See M1_Table_I_j_k
A14: =HYPERLINK("#'4.6.1.7-8 Leaching and runoff'!A1", "4.6.1.7-8 Leaching & runoff") -> 4.6.1.7-8 Leaching & runoff | D14: CP_jk | E14: crude protein content of feed : fraction | G14: ="See " & D22 -> See M1_Table_CP_j_k
A15: =HYPERLINK("#'4.6.1.9 Manure applied to soils'!A1", "4.6.1.9 Manure applied to soils") -> 4.6.1.9 Manure applied to soils | D15: 6.25 | E15: factor for converting crude protein into nitrogen : ratio | G15: =$D$15 -> 6.25
A16: =HYPERLINK("#'4.6.1.10-11 Soil direct N2O'!A1", "4.6.1.10-11 Soil direct N2O") -> 4.6.1.10-11 Soil direct N2O
A17: =HYPERLINK("#'4.6.1.12-13 Soil atmos dep'!A1", "4.6.1.12-13 Soil Atm. deposition") -> 4.6.1.12-13 Soil Atm. deposition | D17: M1_Table_I_j_k | N17: M2_Table_I_j_k
A18: =HYPERLINK("#'4.6.1.14-15 Soil leach runoff'!A1", "4.6.1.14-15 Soil leach & runoff") -> 4.6.1.14-15 Soil leach & runoff | D18: Dry matter intake (Method 1) | N18: Dry matter intake (Method 2)
D19: Layers | E19: Meat chicken growers | F19: Meat chicken breeders | G19: Other | N19: Layers | O19: Meat chicken growers | P19: Meat chicken breeders | Q19: Other
A20: APPENDICES | D20: ='Input - Poultry'!E16 -> 0.086 | E20: ='Input - Poultry'!F16 -> 0.093 | F20: ='Input - Poultry'!G16 -> 0.103 | G20: ='Input - Poultry'!H16 -> 0.093 | H20: kg/DM/bird/day | N20: ='Input - Poultry'!E21 -> 0.086 | O20: ='Input - Poultry'!F21 -> 0.093 | P20: ='Input - Poultry'!G21 -> 0.103 | Q20: ='Input - Poultry'!H21 -> 0.093 | R20: kg/DM/bird/day
A21: =HYPERLINK("#'Constants - Poultry'!A1", "Constants - Poultry") -> Constants - Poultry
A22: =HYPERLINK("#'Constants - Livestock'!A1", "Constants - Livestock") -> Constants - Livestock | D22: M1_Table_CP_j_k | N22: M2_Table_CP_j_k
A23: =HYPERLINK("#'Constants - Common'!A1", "Constants - Common") -> Constants - Common | D23: Crude protein content of feed (Method 1) | N23: Crude protein content of feed (Method 2)
A24: =HYPERLINK("#'Acknowledgements'!A1", "Acknowledgements") -> Acknowledgements | D24: Layers | E24: Meat chicken growers | F24: Meat chicken breeders | G24: Other | N24: Layers | O24: Meat chicken growers | P24: Meat chicken breeders | Q24: Other
D25: ='Input - Poultry'!E18 -> 0.19 | E25: ='Input - Poultry'!F18 -> 0.23 | F25: ='Input - Poultry'!G18 -> 0.19 | G25: ='Input - Poultry'!H18 -> 0.23 | H25: fraction | N25: ='Input - Poultry'!E23 -> 0.19 | O25: ='Input - Poultry'!F23 -> 0.23 | P25: ='Input - Poultry'!G23 -> 0.19 | Q25: ='Input - Poultry'!H23 -> 0.23 | R25: fraction
D27: M1_Table_NI_j_k | N27: M1_Table_NI_j_k
D28: Nitrogen intake (Method 1) | N28: Nitrogen intake (Method 1)
D29: Layers | E29: Meat chicken growers | F29: Meat chicken breeders | G29: Other | N29: Layers | O29: Meat chicken growers | P29: Meat chicken breeders | Q29: Other
D30: {=MMS_Poultry_N2ODirect_Equations.VEERG_4_6_1_3__5_NitrogenIntake(D20,D25)} -> 0.0026144 | E30: {=MMS_Poultry_N2ODirect_Equations.VEERG_4_6_1_3__5_NitrogenIntake(E20,E25)} -> 0.0034224 | F30: {=MMS_Poultry_N2ODirect_Equations.VEERG_4_6_1_3__5_NitrogenIntake(F20,F25)} -> 0.0031312 | G30: {=MMS_Poultry_N2ODirect_Equations.VEERG_4_6_1_3__5_NitrogenIntake(G20,G25)} -> 0.0034224 | H30: =$E$11 -> kg N/bird/day | N30: {=MMS_Poultry_N2ODirect_Equations.VEERG_4_6_1_3__5_NitrogenIntake(N20,N25)} -> 0.0026144 | O30: {=MMS_Poultry_N2ODirect_Equations.VEERG_4_6_1_3__5_NitrogenIntake(O20,O25)} -> 0.0034224 | P30: {=MMS_Poultry_N2ODirect_Equations.VEERG_4_6_1_3__5_NitrogenIntake(P20,P25)} -> 0.0031312 | Q30: {=MMS_Poultry_N2ODirect_Equations.VEERG_4_6_1_3__5_NitrogenIntake(Q20,Q25)} -> 0.0034224 | R30: =$E$11 -> kg N/bird/day
D34: {=MMS_Poultry_N2ODirect_Equations.VEERG_4_6_1_3__4_NitrogenExcretionPerBird_Title()} -> Nitrogen excretion per bird per day
D35: {=MMS_Poultry_N2ODirect_Equations.VEERG_4_6_1_3__4_NitrogenExcretionPerBird_Source()} -> VEERG 2026: 4.6.1.3, Equation (4)
D36: Function name | E36: {=Common_InputFunctions.Utility_DisplayFunctionName(D53)} -> =MMS_Poultry_N2ODirect_Equations.VEERG_4_6_1_3__4_NitrogenExcretionPerBird
D39: Variable | E39: {=MMS_Poultry_N2ODirect_Equations.VEERG_4_6_1_3__4_NitrogenExcretionPerBird_Variable()} -> NE_jk
D40: Unit | E40: {=MMS_Poultry_N2ODirect_Equations.VEERG_4_6_1_3__4_NitrogenExcretionPerBird_Unit()} -> kg N/bird/day
D42: {=MMS_Poultry_N2ODirect_Equations.VEERG_4_6_1_3__4_NitrogenExcretionPerBird_Arguments()} -> NI_jk | E42: nitrogen intake : kg N/bird/day | G42: ="See " & D27 -> See M1_Table_NI_j_k
D43: NR_jk | E43: nitrogen retention expressed as a fraction of intake : fraction
D45: Table_NR_j_k
D46: Nitrogen retention rate
D47: Layers | E47: Meat chicken growers | F47: Meat chicken breeders | G47: Other
D48: ='Constants - Poultry'!E12 -> 0.35 | E48: ='Constants - Poultry'!F12 -> 0.47 | F48: ='Constants - Poultry'!G12 -> 0.32 | G48: ='Constants - Poultry'!H12 -> 0.47 | H48: fraction
D50: M1_Table_NE_j_k | N50: M1_Table_NE_j_k
D51: Nitrogen excretion (Method 1) | N51: Nitrogen excretion (Method 1)
D52: Layers | E52: Meat chicken growers | F52: Meat chicken breeders | G52: Other | N52: Layers | O52: Meat chicken growers | P52: Meat chicken breeders | Q52: Other
D53: {=MMS_Poultry_N2ODirect_Equations.VEERG_4_6_1_3__4_NitrogenExcretionPerBird(D30,D48)} -> 0.00169936 | E53: {=MMS_Poultry_N2ODirect_Equations.VEERG_4_6_1_3__4_NitrogenExcretionPerBird(E30,E48)} -> 0.001813872 | F53: {=MMS_Poultry_N2ODirect_Equations.VEERG_4_6_1_3__4_NitrogenExcretionPerBird(F30,F48)} -> 0.002129216 | G53: {=MMS_Poultry_N2ODirect_Equations.VEERG_4_6_1_3__4_NitrogenExcretionPerBird(G30,G48)} -> 0.001813872 | H53: fraction | N53: {=MMS_Poultry_N2ODirect_Equations.VEERG_4_6_1_3__4_NitrogenExcretionPerBird(N30,D48)} -> 0.00169936 | O53: {=MMS_Poultry_N2ODirect_Equations.VEERG_4_6_1_3__4_NitrogenExcretionPerBird(O30,E48)} -> 0.001813872 | P53: {=MMS_Poultry_N2ODirect_Equations.VEERG_4_6_1_3__4_NitrogenExcretionPerBird(P30,F48)} -> 0.002129216 | Q53: {=MMS_Poultry_N2ODirect_Equations.VEERG_4_6_1_3__4_NitrogenExcretionPerBird(Q30,G48)} -> 0.001813872 | R53: fraction
D57: {=MMS_Poultry_N2ODirect_Equations.VEERG_4_6_1_3__3_AnnualNitrogenExcretion_Title()} -> Annual nitrogen excretion for each poultry class and subclass
D58: {=MMS_Poultry_N2ODirect_Equations.VEERG_4_6_1_3__3_AnnualNitrogenExcretion_Source()} -> VEERG 2026: 4.6.1.3, Equation (3)
D59: Function name | E59: {=Common_InputFunctions.Utility_DisplayFunctionName(D82)} -> =MMS_Poultry_N2ODirect_Equations.VEERG_4_6_1_3__3_AnnualNitrogenExcretion
D62: Variable | E62: {=MMS_Poultry_N2ODirect_Equations.VEERG_4_6_1_3__3_AnnualNitrogenExcretion_Variable()} -> AE_jk
D63: Unit | E63: {=MMS_Poultry_N2ODirect_Equations.VEERG_4_6_1_3__3_AnnualNitrogenExcretion_Unit()} -> kg N
D65: {=MMS_Poultry_N2ODirect_Equations.VEERG_4_6_1_3__3_AnnualNitrogenExcretion_Arguments()} -> N_jk | E65: number of poultry in each class and subclass : bird | G65: ="See " & D69 -> See Table_N_j_k
D66: NE_jk | E66: nitrogen excretion : kg N/bird/day | G66: ="See " & D50 -> See M1_Table_NE_j_k
D67: D_jk | E67: duration of stay of each class and subclass : days | G67: ="See " & D74 -> See Table_D_j_k
D69: Table_N_j_k
D70: Number of poultry
D71: Layers | E71: Meat chicken growers | F71: Meat chicken breeders | G71: Other
D72: ='Input - Poultry'!E11 -> 100 | E72: ='Input - Poultry'!F11 -> 100 | F72: ='Input - Poultry'!G11 -> 100 | G72: ='Input - Poultry'!H11 -> 100 | H72: birds
D74: Table_D_j_k
D75: Duration of stay
D76: Layers | E76: Meat chicken growers | F76: Meat chicken breeders | G76: Other
D77: ='Input - Poultry'!E11 -> 100 | E77: ='Input - Poultry'!F11 -> 100 | F77: ='Input - Poultry'!G11 -> 100 | G77: ='Input - Poultry'!H11 -> 100 | H77: days
D79: M1_Table_AE_j_k | N79: M2_Table_AE_j_k
D80: Annual nitroge excretion (Method 1) | N80: Annual nitroge excretion (Method 2)
D81: Layers | E81: Meat chicken growers | F81: Meat chicken breeders | G81: Other | N81: Layers | O81: Meat chicken growers | P81: Meat chicken breeders | Q81: Other
D82: {=MMS_Poultry_N2ODirect_Equations.VEERG_4_6_1_3__3_AnnualNitrogenExcretion(D72,D53,D77)} -> 16.9936 | E82: {=MMS_Poultry_N2ODirect_Equations.VEERG_4_6_1_3__3_AnnualNitrogenExcretion(E72,E53,E77)} -> 18.13872 | F82: {=MMS_Poultry_N2ODirect_Equations.VEERG_4_6_1_3__3_AnnualNitrogenExcretion(F72,F53,F77)} -> 21.29216 | G82: {=MMS_Poultry_N2ODirect_Equations.VEERG_4_6_1_3__3_AnnualNitrogenExcretion(G72,G53,G77)} -> 18.13872 | H82: =$E$63 -> kg N | N82: {=MMS_Poultry_N2ODirect_Equations.VEERG_4_6_1_3__3_AnnualNitrogenExcretion(D72,N53,D77)} -> 16.9936 | O82: {=MMS_Poultry_N2ODirect_Equations.VEERG_4_6_1_3__3_AnnualNitrogenExcretion(E72,O53,E77)} -> 18.13872 | P82: {=MMS_Poultry_N2ODirect_Equations.VEERG_4_6_1_3__3_AnnualNitrogenExcretion(F72,P53,F77)} -> 21.29216 | Q82: {=MMS_Poultry_N2ODirect_Equations.VEERG_4_6_1_3__3_AnnualNitrogenExcretion(G72,Q53,G77)} -> 18.13872 | R82: =$E$63 -> kg N
D86: {=MMS_Poultry_N2ODirect_Equations.VEERG_4_6_1_3__2_Stage1NitrogenInMMS_Title()} -> Nitrogen in treatment stage 1 MMS
D87: {=MMS_Poultry_N2ODirect_Equations.VEERG_4_6_1_3__2_Stage1NitrogenInMMS_Source()} -> VEERG 2026: 4.6.1.3, Equation (2)
D88: Function name | E88: {=Common_InputFunctions.Utility_DisplayFunctionName(E108)} -> =MMS_Poultry_N2ODirect_Equations.VEERG_4_6_1_3__2_Stage1NitrogenInMMS
D91: Variable | E91: {=MMS_Poultry_N2ODirect_Equations.VEERG_4_6_1_3__2_Stage1NitrogenInMMS_Variable()} -> MN_jkmT1
D92: Unit | E92: {=MMS_Poultry_N2ODirect_Equations.VEERG_4_6_1_3__2_Stage1NitrogenInMMS_Unit()} -> kg N
D94: {=MMS_Poultry_N2ODirect_Equations.VEERG_4_6_1_3__2_Stage1NitrogenInMMS_Arguments()} -> AE_jk | E94: total nitrogen excreted by each poultry class and subclass : kg N | G94: ="See " & D79 -> See M1_Table_AE_j_k
D95: MMS_jmT1 | E95: fraction of manure in each primary system : fraction | G95: ="See " &D97 -> See Table_MMS_j_m_T-1
D97: Table_MMS_j_m_T-1
D98: Fraction of manure sent to stage 1 MMS
D99: Stage 1 MMS | E99: Layers | F99: Meat chicken growers | G99: Meat chicken breeders | H99: Other
D100: ='Input - Poultry'!$D$30 -> Poultry manure with bedding | E100: ='Input - Poultry'!E30 -> 0.3 | F100: ='Input - Poultry'!F30 -> 0.3 | G100: ='Input - Poultry'!G30 -> 0.3 | H100: ='Input - Poultry'!H30 -> 0.3 | I100: fraction
D101: ='Input - Poultry'!$D$31 -> Belt manure removal | E101: ='Input - Poultry'!E31 -> 0.3 | F101: ='Input - Poultry'!F31 -> 0.3 | G101: ='Input - Poultry'!G31 -> 0.3 | H101: ='Input - Poultry'!H31 -> 0.3 | I101: fraction
D102: ='Input - Poultry'!$D$32 -> Manure stored in house | E102: ='Input - Poultry'!E32 -> 0.3 | F102: ='Input - Poultry'!F32 -> 0.3 | G102: ='Input - Poultry'!G32 -> 0.3 | H102: ='Input - Poultry'!H32 -> 0.3 | I102: fraction
D103: ='Input - Poultry'!$D$33 -> Pasture range and paddock | E103: ='Input - Poultry'!E33 -> 0.1 | F103: ='Input - Poultry'!F33 -> 0.1 | G103: ='Input - Poultry'!G33 -> 0.1 | H103: ='Input - Poultry'!H33 -> 0.1 | I103: fraction
D105: M1_Table_MN_j_k_m_T-1 | N105: M2_Table_MN_j_k_m_T-1
D106: Nitrogen in stage 1 MMS (Method 1) | N106: Nitrogen in stage 1 MMS (Method 2)
D107: Stage 1 MMS | E107: Layers | F107: Meat chicken growers | G107: Meat chicken breeders | H107: Other | N107: Stage 1 MMS | O107: Layers | P107: Meat chicken growers | Q107: Meat chicken breeders | R107: Other
D108: ='Input - Poultry'!$D$30 -> Poultry manure with bedding | E108: {=MMS_Poultry_N2ODirect_Equations.VEERG_4_6_1_3__2_Stage1NitrogenInMMS(D$82,E100)} -> 5.09808 | F108: {=MMS_Poultry_N2ODirect_Equations.VEERG_4_6_1_3__2_Stage1NitrogenInMMS(E$82,F100)} -> 5.441616 | G108: {=MMS_Poultry_N2ODirect_Equations.VEERG_4_6_1_3__2_Stage1NitrogenInMMS(F$82,G100)} -> 6.387648 | H108: {=MMS_Poultry_N2ODirect_Equations.VEERG_4_6_1_3__2_Stage1NitrogenInMMS(G$82,H100)} -> 5.441616 | I108: =$E$92 -> kg N | N108: ='Input - Poultry'!$D$30 -> Poultry manure with bedding | O108: {=MMS_Poultry_N2ODirect_Equations.VEERG_4_6_1_3__2_Stage1NitrogenInMMS(N$82,E100)} -> 5.09808 | P108: {=MMS_Poultry_N2ODirect_Equations.VEERG_4_6_1_3__2_Stage1NitrogenInMMS(O$82,F100)} -> 5.441616 | Q108: {=MMS_Poultry_N2ODirect_Equations.VEERG_4_6_1_3__2_Stage1NitrogenInMMS(P$82,G100)} -> 6.387648 | R108: {=MMS_Poultry_N2ODirect_Equations.VEERG_4_6_1_3__2_Stage1NitrogenInMMS(Q$82,H100)} -> 5.441616 | S108: =$E$92 -> kg N
D109: ='Input - Poultry'!$D$31 -> Belt manure removal | E109: {=MMS_Poultry_N2ODirect_Equations.VEERG_4_6_1_3__2_Stage1NitrogenInMMS(D$82,E101)} -> 5.09808 | F109: {=MMS_Poultry_N2ODirect_Equations.VEERG_4_6_1_3__2_Stage1NitrogenInMMS(E$82,F101)} -> 5.441616 | G109: {=MMS_Poultry_N2ODirect_Equations.VEERG_4_6_1_3__2_Stage1NitrogenInMMS(F$82,G101)} -> 6.387648 | H109: {=MMS_Poultry_N2ODirect_Equations.VEERG_4_6_1_3__2_Stage1NitrogenInMMS(G$82,H101)} -> 5.441616 | I109: =$E$92 -> kg N | N109: ='Input - Poultry'!$D$31 -> Belt manure removal | O109: {=MMS_Poultry_N2ODirect_Equations.VEERG_4_6_1_3__2_Stage1NitrogenInMMS(N$82,E101)} -> 5.09808 | P109: {=MMS_Poultry_N2ODirect_Equations.VEERG_4_6_1_3__2_Stage1NitrogenInMMS(O$82,F101)} -> 5.441616 | Q109: {=MMS_Poultry_N2ODirect_Equations.VEERG_4_6_1_3__2_Stage1NitrogenInMMS(P$82,G101)} -> 6.387648 | R109: {=MMS_Poultry_N2ODirect_Equations.VEERG_4_6_1_3__2_Stage1NitrogenInMMS(Q$82,H101)} -> 5.441616 | S109: =$E$92 -> kg N
D110: ='Input - Poultry'!$D$32 -> Manure stored in house | E110: {=MMS_Poultry_N2ODirect_Equations.VEERG_4_6_1_3__2_Stage1NitrogenInMMS(D$82,E102)} -> 5.09808 | F110: {=MMS_Poultry_N2ODirect_Equations.VEERG_4_6_1_3__2_Stage1NitrogenInMMS(E$82,F102)} -> 5.441616 | G110: {=MMS_Poultry_N2ODirect_Equations.VEERG_4_6_1_3__2_Stage1NitrogenInMMS(F$82,G102)} -> 6.387648 | H110: {=MMS_Poultry_N2ODirect_Equations.VEERG_4_6_1_3__2_Stage1NitrogenInMMS(G$82,H102)} -> 5.441616 | I110: =$E$92 -> kg N | N110: ='Input - Poultry'!$D$32 -> Manure stored in house | O110: {=MMS_Poultry_N2ODirect_Equations.VEERG_4_6_1_3__2_Stage1NitrogenInMMS(N$82,E102)} -> 5.09808 | P110: {=MMS_Poultry_N2ODirect_Equations.VEERG_4_6_1_3__2_Stage1NitrogenInMMS(O$82,F102)} -> 5.441616 | Q110: {=MMS_Poultry_N2ODirect_Equations.VEERG_4_6_1_3__2_Stage1NitrogenInMMS(P$82,G102)} -> 6.387648 | R110: {=MMS_Poultry_N2ODirect_Equations.VEERG_4_6_1_3__2_Stage1NitrogenInMMS(Q$82,H102)} -> 5.441616 | S110: =$E$92 -> kg N
D111: ='Input - Poultry'!$D$33 -> Pasture range and paddock | E111: {=MMS_Poultry_N2ODirect_Equations.VEERG_4_6_1_3__2_Stage1NitrogenInMMS(D$82,E103)} -> 1.69936 | F111: {=MMS_Poultry_N2ODirect_Equations.VEERG_4_6_1_3__2_Stage1NitrogenInMMS(E$82,F103)} -> 1.813872 | G111: {=MMS_Poultry_N2ODirect_Equations.VEERG_4_6_1_3__2_Stage1NitrogenInMMS(F$82,G103)} -> 2.129216 | H111: {=MMS_Poultry_N2ODirect_Equations.VEERG_4_6_1_3__2_Stage1NitrogenInMMS(G$82,H103)} -> 1.813872 | I111: =$E$92 -> kg N | N111: ='Input - Poultry'!$D$33 -> Pasture range and paddock | O111: {=MMS_Poultry_N2ODirect_Equations.VEERG_4_6_1_3__2_Stage1NitrogenInMMS(N$82,E103)} -> 1.69936 | P111: {=MMS_Poultry_N2ODirect_Equations.VEERG_4_6_1_3__2_Stage1NitrogenInMMS(O$82,F103)} -> 1.813872 | Q111: {=MMS_Poultry_N2ODirect_Equations.VEERG_4_6_1_3__2_Stage1NitrogenInMMS(P$82,G103)} -> 2.129216 | R111: {=MMS_Poultry_N2ODirect_Equations.VEERG_4_6_1_3__2_Stage1NitrogenInMMS(Q$82,H103)} -> 1.813872 | S111: =$E$92 -> kg N
D115: {=MMS_Poultry_N2ODirect_Equations.VEERG_4_6_1_3__7_NitrogenTransferredToStage2MMS_Title()} -> Nitrogen transferred to treatment stage 2 MMS
D116: {=MMS_Poultry_N2ODirect_Equations.VEERG_4_6_1_3__7_NitrogenTransferredToStage2MMS_Source()} -> VEERG 2026: 4.6.1.3, Equation (7)
D117: Function name | E117: {=Common_InputFunctions.Utility_DisplayFunctionName(E150)} -> =MMS_Poultry_N2ODirect_Equations.VEERG_4_6_1_3__7_NitrogenTransferredToStage2MMS
D120: Variable | E120: {=MMS_Poultry_N2ODirect_Equations.VEERG_4_6_1_3__7_NitrogenTransferredToStage2MMS_Variable()} -> NT_jkmT2
D121: Unit | E121: {=MMS_Poultry_N2ODirect_Equations.VEERG_4_6_1_3__7_NitrogenTransferredToStage2MMS_Unit()} -> kg N
D123: {=MMS_Poultry_N2ODirect_Equations.VEERG_4_6_1_3__7_NitrogenTransferredToStage2MMS_Arguments()} -> MN_jkmT1 | E123: nitrogen in MMS treatment stage 1 : kg N | H123: ="See " & D105 -> See M1_Table_MN_j_k_m_T-1
D124: FracGASM_mT1 | E124: fraction of N volatilised from MMS treatment at stage 1 : fraction | H124: ="See " & D127 -> See Table_FracGASM_m_T-1
D125: EF_mT1 | E125: nitrous oxide emission factor for MMS treatment at stage 1 : kg N2O-N/kg N | H125: ="See " & D135 -> See Table_EF_m
D127: Table_FracGASM_m_T-1
D128: Faction N volatilised in stage 1 MMS
D129: Stage 1 MMS | E129: FracGASM
D130: ='Input - Poultry'!$D$30 -> Poultry manure with bedding | E130: {=Common_InputFunctions.Utility_LookupValueInTableNumber(D130, Table_SourceData_Poultry_FracGASM[NIR reference],Table_SourceData_Poultry_FracGASM[FracGASMmT])} -> 0.3
D131: ='Input - Poultry'!$D$31 -> Belt manure removal | E131: {=Common_InputFunctions.Utility_LookupValueInTableNumber(D131, Table_SourceData_Poultry_FracGASM[NIR reference],Table_SourceData_Poultry_FracGASM[FracGASMmT])} -> 0.05
D132: ='Input - Poultry'!$D$32 -> Manure stored in house | E132: {=Common_InputFunctions.Utility_LookupValueInTableNumber(D132, Table_SourceData_Poultry_FracGASM[NIR reference],Table_SourceData_Poultry_FracGASM[FracGASMmT])} -> 0.4
D133: ='Input - Poultry'!$D$33 -> Pasture range and paddock | E133: {=Common_InputFunctions.Utility_LookupValueInTableNumber(D133, Table_SourceData_Poultry_FracGASM[NIR reference],Table_SourceData_Poultry_FracGASM[FracGASMmT])} -> 0
D135: Table_EF_m
D136: Nitrous oxide emission factor for stage 1 MMS
...

Sheet 4.6.1.5-6 Atmos Dep
A1: #VALUE! | C1: 4.6.1.5-6 Atmospheric deposition N2O
A3: =HYPERLINK("#'Home'!A1", "Home") -> Home | D3: Method 1 | N3: Method 2
A4: =HYPERLINK("#'Results'!A1", "Results") -> Results
D5: {=MMS_Poultry_AtmosphericDeposition_Equations.VEERG_4_6_1_5__2_TotalNitrogenVolatilisedFromMMS_Title()} -> Total nitrogen volatilised from manure management systems
A6: INPUTS | D6: {=MMS_Poultry_AtmosphericDeposition_Equations.VEERG_4_6_1_5__2_TotalNitrogenVolatilisedFromMMS_Source()} -> VEERG 2026: 4.6.1.5, Equation (2)
A7: =HYPERLINK("#'Input - Site'!A1", "Site") -> Site | D7: Function name | E7: {=Common_InputFunctions.Utility_DisplayFunctionName(F51)} -> =MMS_Poultry_AtmosphericDeposition_Equations.VEERG_4_6_1_5__2_TotalNitrogenVolatilisedFromMMS
A8: =HYPERLINK("#'Input - Poultry'!A1", "Poultry") -> Poultry
A10: CALCULATIONS | D10: Variable | E10: {=MMS_Poultry_AtmosphericDeposition_Equations.VEERG_4_6_1_5__2_TotalNitrogenVolatilisedFromMMS_Variable()} -> MMS_ATMOS
A11: =HYPERLINK("#'4.6.1.1-2 Methane'!A1", "4.6.1.1-2 Methane") -> 4.6.1.1-2 Methane | D11: Unit | E11: {=MMS_Poultry_AtmosphericDeposition_Equations.VEERG_4_6_1_5__2_TotalNitrogenVolatilisedFromMMS_Unit()} -> kg N
A12: =HYPERLINK("#'4.6.1.3-4 Direct N20'!A1", "4.6.1.3-4 Direct N2O") -> 4.6.1.3-4 Direct N2O
A13: =HYPERLINK("#'4.6.1.5-6 Atmos Dep'!A1", "4.6.1.5-6 Soil atm. deposition") -> 4.6.1.5-6 Soil atm. deposition | D13: {=MMS_Poultry_AtmosphericDeposition_Equations.VEERG_4_6_1_5__2_TotalNitrogenVolatilisedFromMMS_Arguments()} -> MN_jkmT | E13: nitrogen in each treatment stage MMS (excluding MN_jkm13T2) : kg N | G13: ="See " & D16 -> See M1_Table_MN_j_k_m_T
A14: =HYPERLINK("#'4.6.1.7-8 Leaching and runoff'!A1", "4.6.1.7-8 Leaching & runoff") -> 4.6.1.7-8 Leaching & runoff | D14: FracGASM_mT | E14: fraction of N volatilised in each MMS : (kg NH3-N + NOx-N)/kg N | G14: ="See " & D36 -> See Table_FracGASM_m_T
A15: =HYPERLINK("#'4.6.1.9 Manure applied to soils'!A1", "4.6.1.9 Manure applied to soils") -> 4.6.1.9 Manure applied to soils
A16: =HYPERLINK("#'4.6.1.10-11 Soil direct N2O'!A1", "4.6.1.10-11 Soil direct N2O") -> 4.6.1.10-11 Soil direct N2O | D16: M1_Table_MN_j_k_m_T | N16: M2_Table_MN_j_k_m_T
A17: =HYPERLINK("#'4.6.1.12-13 Soil atmos dep'!A1", "4.6.1.12-13 Soil Atm. deposition") -> 4.6.1.12-13 Soil Atm. deposition | D17: Nitrogen in each MMS (Method 1) | N17: Nitrogen in each MMS (Method 2)
A18: =HYPERLINK("#'4.6.1.14-15 Soil leach runoff'!A1", "4.6.1.14-15 Soil leach & runoff") -> 4.6.1.14-15 Soil leach & runoff | D18: Stage 1 MMS | E18: Stage 2 MMS | F18: Layers | G18: Meat chicken growers | H18: Meat chicken breeders | I18: Other | N18: Stage 1 MMS | O18: Stage 2 MMS | P18: Layers | Q18: Meat chicken growers | R18: Meat chicken breeders | S18: Other
D19: ='Input - Poultry'!$D$30 -> Poultry manure with bedding | E19: N/A | F19: ='4.6.1.3-4 Direct N20'!E108 -> 5.09808 | G19: ='4.6.1.3-4 Direct N20'!F108 -> 5.441616 | H19: ='4.6.1.3-4 Direct N20'!G108 -> 6.387648 | I19: ='4.6.1.3-4 Direct N20'!H108 -> 5.441616 | J19: kg N | N19: ='Input - Poultry'!$D$30 -> Poultry manure with bedding | O19: N/A | P19: ='4.6.1.3-4 Direct N20'!O108 -> 5.09808 | Q19: ='4.6.1.3-4 Direct N20'!P108 -> 5.441616 | R19: ='4.6.1.3-4 Direct N20'!Q108 -> 6.387648 | S19: ='4.6.1.3-4 Direct N20'!R108 -> 5.441616 | T19: kg N
A20: APPENDICES | D20: ='Input - Poultry'!$D$31 -> Belt manure removal | E20: N/A | F20: ='4.6.1.3-4 Direct N20'!E109 -> 5.09808 | G20: ='4.6.1.3-4 Direct N20'!F109 -> 5.441616 | H20: ='4.6.1.3-4 Direct N20'!G109 -> 6.387648 | I20: ='4.6.1.3-4 Direct N20'!H109 -> 5.441616 | J20: kg N | N20: ='Input - Poultry'!$D$31 -> Belt manure removal | O20: N/A | P20: ='4.6.1.3-4 Direct N20'!O109 -> 5.09808 | Q20: ='4.6.1.3-4 Direct N20'!P109 -> 5.441616 | R20: ='4.6.1.3-4 Direct N20'!Q109 -> 6.387648 | S20: ='4.6.1.3-4 Direct N20'!R109 -> 5.441616 | T20: kg N
A21: =HYPERLINK("#'Constants - Poultry'!A1", "Constants - Poultry") -> Constants - Poultry | D21: ='Input - Poultry'!$D$32 -> Manure stored in house | E21: N/A | F21: ='4.6.1.3-4 Direct N20'!E110 -> 5.09808 | G21: ='4.6.1.3-4 Direct N20'!F110 -> 5.441616 | H21: ='4.6.1.3-4 Direct N20'!G110 -> 6.387648 | I21: ='4.6.1.3-4 Direct N20'!H110 -> 5.441616 | J21: kg N | N21: ='Input - Poultry'!$D$32 -> Manure stored in house | O21: N/A | P21: ='4.6.1.3-4 Direct N20'!O110 -> 5.09808 | Q21: ='4.6.1.3-4 Direct N20'!P110 -> 5.441616 | R21: ='4.6.1.3-4 Direct N20'!Q110 -> 6.387648 | S21: ='4.6.1.3-4 Direct N20'!R110 -> 5.441616 | T21: kg N
A22: =HYPERLINK("#'Constants - Livestock'!A1", "Constants - Livestock") -> Constants - Livestock | D22: ='Input - Poultry'!$D$33 -> Pasture range and paddock | E22: N/A | F22: ='4.6.1.3-4 Direct N20'!E111 -> 1.69936 | G22: ='4.6.1.3-4 Direct N20'!F111 -> 1.813872 | H22: ='4.6.1.3-4 Direct N20'!G111 -> 2.129216 | I22: ='4.6.1.3-4 Direct N20'!H111 -> 1.813872 | J22: kg N | N22: ='Input - Poultry'!$D$33 -> Pasture range and paddock | O22: N/A | P22: ='4.6.1.3-4 Direct N20'!O111 -> 1.69936 | Q22: ='4.6.1.3-4 Direct N20'!P111 -> 1.813872 | R22: ='4.6.1.3-4 Direct N20'!Q111 -> 2.129216 | S22: ='4.6.1.3-4 Direct N20'!R111 -> 1.813872 | T22: kg N
A23: =HYPERLINK("#'Constants - Common'!A1", "Constants - Common") -> Constants - Common | D23: ='Input - Poultry'!$D$30 -> Poultry manure with bedding | E23: ='Input - Poultry'!$D$38 -> Solid storage | F23: ='4.6.1.3-4 Direct N20'!F186 -> 0.71271158 | G23: ='4.6.1.3-4 Direct N20'!G186 -> 0.76073792 | H23: ='4.6.1.3-4 Direct N20'!H186 -> 0.89299319 | I23: ='4.6.1.3-4 Direct N20'!I186 -> 0.76073792 | J23: kg N | N23: ='Input - Poultry'!$D$30 -> Poultry manure with bedding | O23: ='Input - Poultry'!$D$38 -> Solid storage | P23: ='4.6.1.3-4 Direct N20'!P186 -> 0.71271158 | Q23: ='4.6.1.3-4 Direct N20'!Q186 -> 0.76073792 | R23: ='4.6.1.3-4 Direct N20'!R186 -> 0.89299319 | S23: ='4.6.1.3-4 Direct N20'!S186 -> 0.76073792 | T23: kg N
A24: =HYPERLINK("#'Acknowledgements'!A1", "Acknowledgements") -> Acknowledgements | E24: ='Input - Poultry'!$D$39 -> Composting (passive windrow) | F24: ='4.6.1.3-4 Direct N20'!F187 -> 0.71271158 | G24: ='4.6.1.3-4 Direct N20'!G187 -> 0.76073792 | H24: ='4.6.1.3-4 Direct N20'!H187 -> 0.89299319 | I24: ='4.6.1.3-4 Direct N20'!I187 -> 0.76073792 | J24: kg N | O24: ='Input - Poultry'!$D$39 -> Composting (passive windrow) | P24: ='4.6.1.3-4 Direct N20'!P187 -> 0.71271158 | Q24: ='4.6.1.3-4 Direct N20'!Q187 -> 0.76073792 | R24: ='4.6.1.3-4 Direct N20'!R187 -> 0.89299319 | S24: ='4.6.1.3-4 Direct N20'!S187 -> 0.76073792 | T24: kg N
E25: ='Input - Poultry'!$D$40 -> Digester / covered lagoons | F25: ='4.6.1.3-4 Direct N20'!F188 -> 0.71271158 | G25: ='4.6.1.3-4 Direct N20'!G188 -> 0.76073792 | H25: ='4.6.1.3-4 Direct N20'!H188 -> 0.89299319 | I25: ='4.6.1.3-4 Direct N20'!I188 -> 0.76073792 | J25: kg N | O25: ='Input - Poultry'!$D$40 -> Digester / covered lagoons | P25: ='4.6.1.3-4 Direct N20'!P188 -> 0.71271158 | Q25: ='4.6.1.3-4 Direct N20'!Q188 -> 0.76073792 | R25: ='4.6.1.3-4 Direct N20'!R188 -> 0.89299319 | S25: ='4.6.1.3-4 Direct N20'!S188 -> 0.76073792 | T25: kg N
E26: ='Input - Poultry'!$D$41 -> Direct processing | F26: ='4.6.1.3-4 Direct N20'!F189 -> 0.71271158 | G26: ='4.6.1.3-4 Direct N20'!G189 -> 0.76073792 | H26: ='4.6.1.3-4 Direct N20'!H189 -> 0.89299319 | I26: ='4.6.1.3-4 Direct N20'!I189 -> 0.76073792 | J26: kg N | O26: ='Input - Poultry'!$D$41 -> Direct processing | P26: ='4.6.1.3-4 Direct N20'!P189 -> 0.71271158 | Q26: ='4.6.1.3-4 Direct N20'!Q189 -> 0.76073792 | R26: ='4.6.1.3-4 Direct N20'!R189 -> 0.89299319 | S26: ='4.6.1.3-4 Direct N20'!S189 -> 0.76073792 | T26: kg N
D27: ='Input - Poultry'!$D$31 -> Belt manure removal | E27: ='Input - Poultry'!$D$45 -> Solid storage | F27: ='4.6.1.3-4 Direct N20'!F190 -> 0.96761558 | G27: ='4.6.1.3-4 Direct N20'!G190 -> 1.0328187 | H27: ='4.6.1.3-4 Direct N20'!H190 -> 1.2123756 | I27: ='4.6.1.3-4 Direct N20'!I190 -> 1.0328187 | J27: kg N | N27: ='Input - Poultry'!$D$31 -> Belt manure removal | O27: ='Input - Poultry'!$D$45 -> Solid storage | P27: ='4.6.1.3-4 Direct N20'!P190 -> 0.96761558 | Q27: ='4.6.1.3-4 Direct N20'!Q190 -> 1.0328187 | R27: ='4.6.1.3-4 Direct N20'!R190 -> 1.2123756 | S27: ='4.6.1.3-4 Direct N20'!S190 -> 1.0328187 | T27: kg N
E28: ='Input - Poultry'!$D$46 -> Composting (passive windrow) | F28: ='4.6.1.3-4 Direct N20'!F191 -> 0.96761558 | G28: ='4.6.1.3-4 Direct N20'!G191 -> 1.0328187 | H28: ='4.6.1.3-4 Direct N20'!H191 -> 1.2123756 | I28: ='4.6.1.3-4 Direct N20'!I191 -> 1.0328187 | J28: kg N | O28: ='Input - Poultry'!$D$46 -> Composting (passive windrow) | P28: ='4.6.1.3-4 Direct N20'!P191 -> 0.96761558 | Q28: ='4.6.1.3-4 Direct N20'!Q191 -> 1.0328187 | R28: ='4.6.1.3-4 Direct N20'!R191 -> 1.2123756 | S28: ='4.6.1.3-4 Direct N20'!S191 -> 1.0328187 | T28: kg N
E29: ='Input - Poultry'!$D$47 -> Digester / covered lagoons | F29: ='4.6.1.3-4 Direct N20'!F192 -> 0.96761558 | G29: ='4.6.1.3-4 Direct N20'!G192 -> 1.0328187 | H29: ='4.6.1.3-4 Direct N20'!H192 -> 1.2123756 | I29: ='4.6.1.3-4 Direct N20'!I192 -> 1.0328187 | J29: kg N | O29: ='Input - Poultry'!$D$47 -> Digester / covered lagoons | P29: ='4.6.1.3-4 Direct N20'!P192 -> 0.96761558 | Q29: ='4.6.1.3-4 Direct N20'!Q192 -> 1.0328187 | R29: ='4.6.1.3-4 Direct N20'!R192 -> 1.2123756 | S29: ='4.6.1.3-4 Direct N20'!S192 -> 1.0328187 | T29: kg N
E30: ='Input - Poultry'!$D$48 -> Direct processing | F30: ='4.6.1.3-4 Direct N20'!F193 -> 0.96761558 | G30: ='4.6.1.3-4 Direct N20'!G193 -> 1.0328187 | H30: ='4.6.1.3-4 Direct N20'!H193 -> 1.2123756 | I30: ='4.6.1.3-4 Direct N20'!I193 -> 1.0328187 | J30: kg N | O30: ='Input - Poultry'!$D$48 -> Direct processing | P30: ='4.6.1.3-4 Direct N20'!P193 -> 0.96761558 | Q30: ='4.6.1.3-4 Direct N20'!Q193 -> 1.0328187 | R30: ='4.6.1.3-4 Direct N20'!R193 -> 1.2123756 | S30: ='4.6.1.3-4 Direct N20'!S193 -> 1.0328187 | T30: kg N
D31: ='Input - Poultry'!$D$32 -> Manure stored in house | E31: ='Input - Poultry'!$D$52 -> Solid storage | F31: ='4.6.1.3-4 Direct N20'!F194 -> 0.61074998 | G31: ='4.6.1.3-4 Direct N20'!G194 -> 0.6519056 | H31: ='4.6.1.3-4 Direct N20'!H194 -> 0.76524023 | I31: ='4.6.1.3-4 Direct N20'!I194 -> 0.6519056 | J31: kg N | N31: ='Input - Poultry'!$D$32 -> Manure stored in house | O31: ='Input - Poultry'!$D$52 -> Solid storage | P31: ='4.6.1.3-4 Direct N20'!P194 -> 0.61074998 | Q31: ='4.6.1.3-4 Direct N20'!Q194 -> 0.6519056 | R31: ='4.6.1.3-4 Direct N20'!R194 -> 0.76524023 | S31: ='4.6.1.3-4 Direct N20'!S194 -> 0.6519056 | T31: kg N
E32: ='Input - Poultry'!$D$53 -> Composting (passive windrow) | F32: ='4.6.1.3-4 Direct N20'!F195 -> 0.61074998 | G32: ='4.6.1.3-4 Direct N20'!G195 -> 0.6519056 | H32: ='4.6.1.3-4 Direct N20'!H195 -> 0.76524023 | I32: ='4.6.1.3-4 Direct N20'!I195 -> 0.6519056 | J32: kg N | O32: ='Input - Poultry'!$D$53 -> Composting (passive windrow) | P32: ='4.6.1.3-4 Direct N20'!P195 -> 0.61074998 | Q32: ='4.6.1.3-4 Direct N20'!Q195 -> 0.6519056 | R32: ='4.6.1.3-4 Direct N20'!R195 -> 0.76524023 | S32: ='4.6.1.3-4 Direct N20'!S195 -> 0.6519056 | T32: kg N
E33: ='Input - Poultry'!$D$54 -> Digester / covered lagoons | F33: ='4.6.1.3-4 Direct N20'!F196 -> 0.61074998 | G33: ='4.6.1.3-4 Direct N20'!G196 -> 0.6519056 | H33: ='4.6.1.3-4 Direct N20'!H196 -> 0.76524023 | I33: ='4.6.1.3-4 Direct N20'!I196 -> 0.6519056 | J33: kg N | O33: ='Input - Poultry'!$D$54 -> Digester / covered lagoons | P33: ='4.6.1.3-4 Direct N20'!P196 -> 0.61074998 | Q33: ='4.6.1.3-4 Direct N20'!Q196 -> 0.6519056 | R33: ='4.6.1.3-4 Direct N20'!R196 -> 0.76524023 | S33: ='4.6.1.3-4 Direct N20'!S196 -> 0.6519056 | T33: kg N
E34: ='Input - Poultry'!$D$55 -> Direct processing | F34: ='4.6.1.3-4 Direct N20'!F197 -> 0.61074998 | G34: ='4.6.1.3-4 Direct N20'!G197 -> 0.6519056 | H34: ='4.6.1.3-4 Direct N20'!H197 -> 0.76524023 | I34: ='4.6.1.3-4 Direct N20'!I197 -> 0.6519056 | J34: kg N | O34: ='Input - Poultry'!$D$55 -> Direct processing | P34: ='4.6.1.3-4 Direct N20'!P197 -> 0.61074998 | Q34: ='4.6.1.3-4 Direct N20'!Q197 -> 0.6519056 | R34: ='4.6.1.3-4 Direct N20'!R197 -> 0.76524023 | S34: ='4.6.1.3-4 Direct N20'!S197 -> 0.6519056 | T34: kg N
D36: Table_FracGASM_m_T
D37: Faction N volatilised in MMS
D38: Stage 1 MMS | E38: FracGASM
D39: ='Constants - Poultry'!$D$29 -> Poultry manure with bedding | E39: {=Common_InputFunctions.Utility_LookupValueInTableNumber(D39, Table_SourceData_Poultry_FracGASM[NIR reference],Table_SourceData_Poultry_FracGASM[FracGASMmT])} -> 0.3
D40: ='Constants - Poultry'!$D$30 -> Belt manure removal | E40: {=Common_InputFunctions.Utility_LookupValueInTableNumber(D40, Table_SourceData_Poultry_FracGASM[NIR reference],Table_SourceData_Poultry_FracGASM[FracGASMmT])} -> 0.05
D41: ='Constants - Poultry'!$D$31 -> Manure stored in house | E41: {=Common_InputFunctions.Utility_LookupValueInTableNumber(D41, Table_SourceData_Poultry_FracGASM[NIR reference],Table_SourceData_Poultry_FracGASM[FracGASMmT])} -> 0.4
D42: ='Constants - Poultry'!$D$32 -> Pasture range and paddock | E42: {=Common_InputFunctions.Utility_LookupValueInTableNumber(D42, Table_SourceData_Poultry_FracGASM[NIR reference],Table_SourceData_Poultry_FracGASM[FracGASMmT])} -> 0
D43: ='Constants - Poultry'!$D$33 -> Solid storage | E43: {=Common_InputFunctions.Utility_LookupValueInTableNumber(D43, Table_SourceData_Poultry_FracGASM[NIR reference],Table_SourceData_Poultry_FracGASM[FracGASMmT])} -> 0.2
D44: ='Constants - Poultry'!$D$34 -> Composting (passive windrow) | E44: {=Common_InputFunctions.Utility_LookupValueInTableNumber(D44, Table_SourceData_Poultry_FracGASM[NIR reference],Table_SourceData_Poultry_FracGASM[FracGASMmT])} -> 0.2
D45: ='Constants - Poultry'!$D$35 -> Digester / covered lagoons | E45: {=Common_InputFunctions.Utility_LookupValueInTableNumber(D45, Table_SourceData_Poultry_FracGASM[NIR reference],Table_SourceData_Poultry_FracGASM[FracGASMmT])} -> 0
D46: ='Constants - Poultry'!$D$36 -> Direct processing | E46: {=Common_InputFunctions.Utility_LookupValueInTableNumber(D46, Table_SourceData_Poultry_FracGASM[NIR reference],Table_SourceData_Poultry_FracGASM[FracGASMmT])} -> 0
D48: M1_Table_MMS_ATMOS | N48: M2_Table_MMS_ATMOS
D49: Total nitrogen volatilised from each MMS (Method 1) | N49: Total nitrogen volatilised from each MMS (Method 2)
D50: Stage 1 MMS | E50: Stage 2 MMS | F50: Layers | G50: Meat chicken growers | H50: Meat chicken breeders | I50: Other | N50: Stage 1 MMS | O50: Stage 2 MMS | P50: Layers | Q50: Meat chicken growers | R50: Meat chicken breeders | S50: Other
D51: ='Input - Poultry'!$D$30 -> Poultry manure with bedding | E51: N/A | F51: {=MMS_Poultry_AtmosphericDeposition_Equations.VEERG_4_6_1_5__2_TotalNitrogenVolatilisedFromMMS(F19, _xlfn.XLOOKUP($D51, $D$39:$D$46, $E$39:$E$46))} -> 1.529424 | G51: {=MMS_Poultry_AtmosphericDeposition_Equations.VEERG_4_6_1_5__2_TotalNitrogenVolatilisedFromMMS(G19, _xlfn.XLOOKUP($D51, $D$39:$D$46, $E$39:$E$46))} -> 1.6324848 | H51: {=MMS_Poultry_AtmosphericDeposition_Equations.VEERG_4_6_1_5__2_TotalNitrogenVolatilisedFromMMS(H19, _xlfn.XLOOKUP($D51, $D$39:$D$46, $E$39:$E$46))} -> 1.9162944 | I51: {=MMS_Poultry_AtmosphericDeposition_Equations.VEERG_4_6_1_5__2_TotalNitrogenVolatilisedFromMMS(I19, _xlfn.XLOOKUP($D51, $D$39:$D$46, $E$39:$E$46))} -> 1.6324848 | J51: =$E$11 -> kg N | N51: ='Input - Poultry'!$D$30 -> Poultry manure with bedding | O51: N/A | P51: {=MMS_Poultry_AtmosphericDeposition_Equations.VEERG_4_6_1_5__2_TotalNitrogenVolatilisedFromMMS(P19, _xlfn.XLOOKUP($N51, $D$39:$D$46, $E$39:$E$46))} -> 1.529424 | Q51: {=MMS_Poultry_AtmosphericDeposition_Equations.VEERG_4_6_1_5__2_TotalNitrogenVolatilisedFromMMS(Q19, _xlfn.XLOOKUP($N51, $D$39:$D$46, $E$39:$E$46))} -> 1.6324848 | R51: {=MMS_Poultry_AtmosphericDeposition_Equations.VEERG_4_6_1_5__2_TotalNitrogenVolatilisedFromMMS(R19, _xlfn.XLOOKUP($N51, $D$39:$D$46, $E$39:$E$46))} -> 1.9162944 | S51: {=MMS_Poultry_AtmosphericDeposition_Equations.VEERG_4_6_1_5__2_TotalNitrogenVolatilisedFromMMS(S19, _xlfn.XLOOKUP($N51, $D$39:$D$46, $E$39:$E$46))} -> 1.6324848 | T51: =$E$11 -> kg N
D52: ='Input - Poultry'!$D$31 -> Belt manure removal | E52: N/A | F52: {=MMS_Poultry_AtmosphericDeposition_Equations.VEERG_4_6_1_5__2_TotalNitrogenVolatilisedFromMMS(F20, _xlfn.XLOOKUP($D52, $D$39:$D$46, $E$39:$E$46))} -> 0.254904 | G52: {=MMS_Poultry_AtmosphericDeposition_Equations.VEERG_4_6_1_5__2_TotalNitrogenVolatilisedFromMMS(G20, _xlfn.XLOOKUP($D52, $D$39:$D$46, $E$39:$E$46))} -> 0.2720808 | H52: {=MMS_Poultry_AtmosphericDeposition_Equations.VEERG_4_6_1_5__2_TotalNitrogenVolatilisedFromMMS(H20, _xlfn.XLOOKUP($D52, $D$39:$D$46, $E$39:$E$46))} -> 0.3193824 | I52: {=MMS_Poultry_AtmosphericDeposition_Equations.VEERG_4_6_1_5__2_TotalNitrogenVolatilisedFromMMS(I20, _xlfn.XLOOKUP($D52, $D$39:$D$46, $E$39:$E$46))} -> 0.2720808 | J52: =$E$11 -> kg N | N52: ='Input - Poultry'!$D$31 -> Belt manure removal | O52: N/A | P52: {=MMS_Poultry_AtmosphericDeposition_Equations.VEERG_4_6_1_5__2_TotalNitrogenVolatilisedFromMMS(P20, _xlfn.XLOOKUP($N52, $D$39:$D$46, $E$39:$E$46))} -> 0.254904 | Q52: {=MMS_Poultry_AtmosphericDeposition_Equations.VEERG_4_6_1_5__2_TotalNitrogenVolatilisedFromMMS(Q20, _xlfn.XLOOKUP($N52, $D$39:$D$46, $E$39:$E$46))} -> 0.2720808 | R52: {=MMS_Poultry_AtmosphericDeposition_Equations.VEERG_4_6_1_5__2_TotalNitrogenVolatilisedFromMMS(R20, _xlfn.XLOOKUP($N52, $D$39:$D$46, $E$39:$E$46))} -> 0.3193824 | S52: {=MMS_Poultry_AtmosphericDeposition_Equations.VEERG_4_6_1_5__2_TotalNitrogenVolatilisedFromMMS(S20, _xlfn.XLOOKUP($N52, $D$39:$D$46, $E$39:$E$46))} -> 0.2720808 | T52: =$E$11 -> kg N
D53: ='Input - Poultry'!$D$32 -> Manure stored in house | E53: N/A | F53: {=MMS_Poultry_AtmosphericDeposition_Equations.VEERG_4_6_1_5__2_TotalNitrogenVolatilisedFromMMS(F21, _xlfn.XLOOKUP($D53, $D$39:$D$46, $E$39:$E$46))} -> 2.039232 | G53: {=MMS_Poultry_AtmosphericDeposition_Equations.VEERG_4_6_1_5__2_TotalNitrogenVolatilisedFromMMS(G21, _xlfn.XLOOKUP($D53, $D$39:$D$46, $E$39:$E$46))} -> 2.1766464 | H53: {=MMS_Poultry_AtmosphericDeposition_Equations.VEERG_4_6_1_5__2_TotalNitrogenVolatilisedFromMMS(H21, _xlfn.XLOOKUP($D53, $D$39:$D$46, $E$39:$E$46))} -> 2.5550592 | I53: {=MMS_Poultry_AtmosphericDeposition_Equations.VEERG_4_6_1_5__2_TotalNitrogenVolatilisedFromMMS(I21, _xlfn.XLOOKUP($D53, $D$39:$D$46, $E$39:$E$46))} -> 2.1766464 | J53: =$E$11 -> kg N | N53: ='Input - Poultry'!$D$32 -> Manure stored in house | O53: N/A | P53: {=MMS_Poultry_AtmosphericDeposition_Equations.VEERG_4_6_1_5__2_TotalNitrogenVolatilisedFromMMS(P21, _xlfn.XLOOKUP($N53, $D$39:$D$46, $E$39:$E$46))} -> 2.039232 | Q53: {=MMS_Poultry_AtmosphericDeposition_Equations.VEERG_4_6_1_5__2_TotalNitrogenVolatilisedFromMMS(Q21, _xlfn.XLOOKUP($N53, $D$39:$D$46, $E$39:$E$46))} -> 2.1766464 | R53: {=MMS_Poultry_AtmosphericDeposition_Equations.VEERG_4_6_1_5__2_TotalNitrogenVolatilisedFromMMS(R21, _xlfn.XLOOKUP($N53, $D$39:$D$46, $E$39:$E$46))} -> 2.5550592 | S53: {=MMS_Poultry_AtmosphericDeposition_Equations.VEERG_4_6_1_5__2_TotalNitrogenVolatilisedFromMMS(S21, _xlfn.XLOOKUP($N53, $D$39:$D$46, $E$39:$E$46))} -> 2.1766464 | T53: =$E$11 -> kg N
D54: ='Input - Poultry'!$D$33 -> Pasture range and paddock | E54: N/A | F54: {=MMS_Poultry_AtmosphericDeposition_Equations.VEERG_4_6_1_5__2_TotalNitrogenVolatilisedFromMMS(F22, _xlfn.XLOOKUP($D54, $D$39:$D$46, $E$39:$E$46))} -> 0 | G54: {=MMS_Poultry_AtmosphericDeposition_Equations.VEERG_4_6_1_5__2_TotalNitrogenVolatilisedFromMMS(G22, _xlfn.XLOOKUP($D54, $D$39:$D$46, $E$39:$E$46))} -> 0 | H54: {=MMS_Poultry_AtmosphericDeposition_Equations.VEERG_4_6_1_5__2_TotalNitrogenVolatilisedFromMMS(H22, _xlfn.XLOOKUP($D54, $D$39:$D$46, $E$39:$E$46))} -> 0 | I54: {=MMS_Poultry_AtmosphericDeposition_Equations.VEERG_4_6_1_5__2_TotalNitrogenVolatilisedFromMMS(I22, _xlfn.XLOOKUP($D54, $D$39:$D$46, $E$39:$E$46))} -> 0 | J54: =$E$11 -> kg N | N54: ='Input - Poultry'!$D$33 -> Pasture range and paddock | O54: N/A | P54: {=MMS_Poultry_AtmosphericDeposition_Equations.VEERG_4_6_1_5__2_TotalNitrogenVolatilisedFromMMS(P22, _xlfn.XLOOKUP($N54, $D$39:$D$46, $E$39:$E$46))} -> 0 | Q54: {=MMS_Poultry_AtmosphericDeposition_Equations.VEERG_4_6_1_5__2_TotalNitrogenVolatilisedFromMMS(Q22, _xlfn.XLOOKUP($N54, $D$39:$D$46, $E$39:$E$46))} -> 0 | R54: {=MMS_Poultry_AtmosphericDeposition_Equations.VEERG_4_6_1_5__2_TotalNitrogenVolatilisedFromMMS(R22, _xlfn.XLOOKUP($N54, $D$39:$D$46, $E$39:$E$46))} -> 0 | S54: {=MMS_Poultry_AtmosphericDeposition_Equations.VEERG_4_6_1_5__2_TotalNitrogenVolatilisedFromMMS(S22, _xlfn.XLOOKUP($N54, $D$39:$D$46, $E$39:$E$46))} -> 0 | T54: =$E$11 -> kg N
D55: ='Input - Poultry'!$D$30 -> Poultry manure with bedding | E55: ='Input - Poultry'!$D$38 -> Solid storage | F55: {=MMS_Poultry_AtmosphericDeposition_Equations.VEERG_4_6_1_5__2_TotalNitrogenVolatilisedFromMMS(F23, _xlfn.XLOOKUP($E55, $D$39:$D$46, $E$39:$E$46))} -> 0.14254232 | G55: {=MMS_Poultry_AtmosphericDeposition_Equations.VEERG_4_6_1_5__2_TotalNitrogenVolatilisedFromMMS(G23, _xlfn.XLOOKUP($E55, $D$39:$D$46, $E$39:$E$46))} -> 0.15214758 | H55: {=MMS_Poultry_AtmosphericDeposition_Equations.VEERG_4_6_1_5__2_TotalNitrogenVolatilisedFromMMS(H23, _xlfn.XLOOKUP($E55, $D$39:$D$46, $E$39:$E$46))} -> 0.17859864 | I55: {=MMS_Poultry_AtmosphericDeposition_Equations.VEERG_4_6_1_5__2_TotalNitrogenVolatilisedFromMMS(I23, _xlfn.XLOOKUP($E55, $D$39:$D$46, $E$39:$E$46))} -> 0.15214758 | J55: =$E$11 -> kg N | N55: ='Input - Poultry'!$D$30 -> Poultry manure with bedding | O55: ='Input - Poultry'!$D$38 -> Solid storage | P55: {=MMS_Poultry_AtmosphericDeposition_Equations.VEERG_4_6_1_5__2_TotalNitrogenVolatilisedFromMMS(P23, _xlfn.XLOOKUP($O55, $D$39:$D$46, $E$39:$E$46))} -> 0.14254232 | Q55: {=MMS_Poultry_AtmosphericDeposition_Equations.VEERG_4_6_1_5__2_TotalNitrogenVolatilisedFromMMS(Q23, _xlfn.XLOOKUP($O55, $D$39:$D$46, $E$39:$E$46))} -> 0.15214758 | R55: {=MMS_Poultry_AtmosphericDeposition_Equations.VEERG_4_6_1_5__2_TotalNitrogenVolatilisedFromMMS(R23, _xlfn.XLOOKUP($O55, $D$39:$D$46, $E$39:$E$46))} -> 0.17859864 | S55: {=MMS_Poultry_AtmosphericDeposition_Equations.VEERG_4_6_1_5__2_TotalNitrogenVolatilisedFromMMS(S23, _xlfn.XLOOKUP($O55, $D$39:$D$46, $E$39:$E$46))} -> 0.15214758 | T55: =$E$11 -> kg N
E56: ='Input - Poultry'!$D$39 -> Composting (passive windrow) | F56: {=MMS_Poultry_AtmosphericDeposition_Equations.VEERG_4_6_1_5__2_TotalNitrogenVolatilisedFromMMS(F24, _xlfn.XLOOKUP($E56, $D$39:$D$46, $E$39:$E$46))} -> 0.14254232 | G56: {=MMS_Poultry_AtmosphericDeposition_Equations.VEERG_4_6_1_5__2_TotalNitrogenVolatilisedFromMMS(G24, _xlfn.XLOOKUP($E56, $D$39:$D$46, $E$39:$E$46))} -> 0.15214758 | H56: {=MMS_Poultry_AtmosphericDeposition_Equations.VEERG_4_6_1_5__2_TotalNitrogenVolatilisedFromMMS(H24, _xlfn.XLOOKUP($E56, $D$39:$D$46, $E$39:$E$46))} -> 0.17859864 | I56: {=MMS_Poultry_AtmosphericDeposition_Equations.VEERG_4_6_1_5__2_TotalNitrogenVolatilisedFromMMS(I24, _xlfn.XLOOKUP($E56, $D$39:$D$46, $E$39:$E$46))} -> 0.15214758 | J56: =$E$11 -> kg N | O56: ='Input - Poultry'!$D$39 -> Composting (passive windrow) | P56: {=MMS_Poultry_AtmosphericDeposition_Equations.VEERG_4_6_1_5__2_TotalNitrogenVolatilisedFromMMS(P24, _xlfn.XLOOKUP($O56, $D$39:$D$46, $E$39:$E$46))} -> 0.14254232 | Q56: {=MMS_Poultry_AtmosphericDeposition_Equations.VEERG_4_6_1_5__2_TotalNitrogenVolatilisedFromMMS(Q24, _xlfn.XLOOKUP($O56, $D$39:$D$46, $E$39:$E$46))} -> 0.15214758 | R56: {=MMS_Poultry_AtmosphericDeposition_Equations.VEERG_4_6_1_5__2_TotalNitrogenVolatilisedFromMMS(R24, _xlfn.XLOOKUP($O56, $D$39:$D$46, $E$39:$E$46))} -> 0.17859864 | S56: {=MMS_Poultry_AtmosphericDeposition_Equations.VEERG_4_6_1_5__2_TotalNitrogenVolatilisedFromMMS(S24, _xlfn.XLOOKUP($O56, $D$39:$D$46, $E$39:$E$46))} -> 0.15214758 | T56: =$E$11 -> kg N
E57: ='Input - Poultry'!$D$40 -> Digester / covered lagoons | F57: {=MMS_Poultry_AtmosphericDeposition_Equations.VEERG_4_6_1_5__2_TotalNitrogenVolatilisedFromMMS(F25, _xlfn.XLOOKUP($E57, $D$39:$D$46, $E$39:$E$46))} -> 0 | G57: {=MMS_Poultry_AtmosphericDeposition_Equations.VEERG_4_6_1_5__2_TotalNitrogenVolatilisedFromMMS(G25, _xlfn.XLOOKUP($E57, $D$39:$D$46, $E$39:$E$46))} -> 0 | H57: {=MMS_Poultry_AtmosphericDeposition_Equations.VEERG_4_6_1_5__2_TotalNitrogenVolatilisedFromMMS(H25, _xlfn.XLOOKUP($E57, $D$39:$D$46, $E$39:$E$46))} -> 0 | I57: {=MMS_Poultry_AtmosphericDeposition_Equations.VEERG_4_6_1_5__2_TotalNitrogenVolatilisedFromMMS(I25, _xlfn.XLOOKUP($E57, $D$39:$D$46, $E$39:$E$46))} -> 0 | J57: =$E$11 -> kg N | O57: ='Input - Poultry'!$D$40 -> Digester / covered lagoons | P57: {=MMS_Poultry_AtmosphericDeposition_Equations.VEERG_4_6_1_5__2_TotalNitrogenVolatilisedFromMMS(P25, _xlfn.XLOOKUP($O57, $D$39:$D$46, $E$39:$E$46))} -> 0 | Q57: {=MMS_Poultry_AtmosphericDeposition_Equations.VEERG_4_6_1_5__2_TotalNitrogenVolatilisedFromMMS(Q25, _xlfn.XLOOKUP($O57, $D$39:$D$46, $E$39:$E$46))} -> 0 | R57: {=MMS_Poultry_AtmosphericDeposition_Equations.VEERG_4_6_1_5__2_TotalNitrogenVolatilisedFromMMS(R25, _xlfn.XLOOKUP($O57, $D$39:$D$46, $E$39:$E$46))} -> 0 | S57: {=MMS_Poultry_AtmosphericDeposition_Equations.VEERG_4_6_1_5__2_TotalNitrogenVolatilisedFromMMS(S25, _xlfn.XLOOKUP($O57, $D$39:$D$46, $E$39:$E$46))} -> 0 | T57: =$E$11 -> kg N
E58: ='Input - Poultry'!$D$41 -> Direct processing | F58: {=MMS_Poultry_AtmosphericDeposition_Equations.VEERG_4_6_1_5__2_TotalNitrogenVolatilisedFromMMS(F26, _xlfn.XLOOKUP($E58, $D$39:$D$46, $E$39:$E$46))} -> 0 | G58: {=MMS_Poultry_AtmosphericDeposition_Equations.VEERG_4_6_1_5__2_TotalNitrogenVolatilisedFromMMS(G26, _xlfn.XLOOKUP($E58, $D$39:$D$46, $E$39:$E$46))} -> 0 | H58: {=MMS_Poultry_AtmosphericDeposition_Equations.VEERG_4_6_1_5__2_TotalNitrogenVolatilisedFromMMS(H26, _xlfn.XLOOKUP($E58, $D$39:$D$46, $E$39:$E$46))} -> 0 | I58: {=MMS_Poultry_AtmosphericDeposition_Equations.VEERG_4_6_1_5__2_TotalNitrogenVolatilisedFromMMS(I26, _xlfn.XLOOKUP($E58, $D$39:$D$46, $E$39:$E$46))} -> 0 | J58: =$E$11 -> kg N | O58: ='Input - Poultry'!$D$41 -> Direct processing | P58: {=MMS_Poultry_AtmosphericDeposition_Equations.VEERG_4_6_1_5__2_TotalNitrogenVolatilisedFromMMS(P26, _xlfn.XLOOKUP($O58, $D$39:$D$46, $E$39:$E$46))} -> 0 | Q58: {=MMS_Poultry_AtmosphericDeposition_Equations.VEERG_4_6_1_5__2_TotalNitrogenVolatilisedFromMMS(Q26, _xlfn.XLOOKUP($O58, $D$39:$D$46, $E$39:$E$46))} -> 0 | R58: {=MMS_Poultry_AtmosphericDeposition_Equations.VEERG_4_6_1_5__2_TotalNitrogenVolatilisedFromMMS(R26, _xlfn.XLOOKUP($O58, $D$39:$D$46, $E$39:$E$46))} -> 0 | S58: {=MMS_Poultry_AtmosphericDeposition_Equations.VEERG_4_6_1_5__2_TotalNitrogenVolatilisedFromMMS(S26, _xlfn.XLOOKUP($O58, $D$39:$D$46, $E$39:$E$46))} -> 0 | T58: =$E$11 -> kg N
D59: ='Input - Poultry'!$D$31 -> Belt manure removal | E59: ='Input - Poultry'!$D$45 -> Solid storage | F59: {=MMS_Poultry_AtmosphericDeposition_Equations.VEERG_4_6_1_5__2_TotalNitrogenVolatilisedFromMMS(F27, _xlfn.XLOOKUP($E59, $D$39:$D$46, $E$39:$E$46))} -> 0.19352312 | G59: {=MMS_Poultry_AtmosphericDeposition_Equations.VEERG_4_6_1_5__2_TotalNitrogenVolatilisedFromMMS(G27, _xlfn.XLOOKUP($E59, $D$39:$D$46, $E$39:$E$46))} -> 0.20656374 | H59: {=MMS_Poultry_AtmosphericDeposition_Equations.VEERG_4_6_1_5__2_TotalNitrogenVolatilisedFromMMS(H27, _xlfn.XLOOKUP($E59, $D$39:$D$46, $E$39:$E$46))} -> 0.24247512 | I59: {=MMS_Poultry_AtmosphericDeposition_Equations.VEERG_4_6_1_5__2_TotalNitrogenVolatilisedFromMMS(I27, _xlfn.XLOOKUP($E59, $D$39:$D$46, $E$39:$E$46))} -> 0.20656374 | J59: =$E$11 -> kg N | N59: ='Input - Poultry'!$D$31 -> Belt manure removal | O59: ='Input - Poultry'!$D$45 -> Solid storage | P59: {=MMS_Poultry_AtmosphericDeposition_Equations.VEERG_4_6_1_5__2_TotalNitrogenVolatilisedFromMMS(P27, _xlfn.XLOOKUP($O59, $D$39:$D$46, $E$39:$E$46))} -> 0.19352312 | Q59: {=MMS_Poultry_AtmosphericDeposition_Equations.VEERG_4_6_1_5__2_TotalNitrogenVolatilisedFromMMS(Q27, _xlfn.XLOOKUP($O59, $D$39:$D$46, $E$39:$E$46))} -> 0.20656374 | R59: {=MMS_Poultry_AtmosphericDeposition_Equations.VEERG_4_6_1_5__2_TotalNitrogenVolatilisedFromMMS(R27, _xlfn.XLOOKUP($O59, $D$39:$D$46, $E$39:$E$46))} -> 0.24247512 | S59: {=MMS_Poultry_AtmosphericDeposition_Equations.VEERG_4_6_1_5__2_TotalNitrogenVolatilisedFromMMS(S27, _xlfn.XLOOKUP($O59, $D$39:$D$46, $E$39:$E$46))} -> 0.20656374 | T59: =$E$11 -> kg N
E60: ='Input - Poultry'!$D$46 -> Composting (passive windrow) | F60: {=MMS_Poultry_AtmosphericDeposition_Equations.VEERG_4_6_1_5__2_TotalNitrogenVolatilisedFromMMS(F28, _xlfn.XLOOKUP($E60, $D$39:$D$46, $E$39:$E$46))} -> 0.19352312 | G60: {=MMS_Poultry_AtmosphericDeposition_Equations.VEERG_4_6_1_5__2_TotalNitrogenVolatilisedFromMMS(G28, _xlfn.XLOOKUP($E60, $D$39:$D$46, $E$39:$E$46))} -> 0.20656374 | H60: {=MMS_Poultry_AtmosphericDeposition_Equations.VEERG_4_6_1_5__2_TotalNitrogenVolatilisedFromMMS(H28, _xlfn.XLOOKUP($E60, $D$39:$D$46, $E$39:$E$46))} -> 0.24247512 | I60: {=MMS_Poultry_AtmosphericDeposition_Equations.VEERG_4_6_1_5__2_TotalNitrogenVolatilisedFromMMS(I28, _xlfn.XLOOKUP($E60, $D$39:$D$46, $E$39:$E$46))} -> 0.20656374 | J60: =$E$11 -> kg N | O60: ='Input - Poultry'!$D$46 -> Composting (passive windrow) | P60: {=MMS_Poultry_AtmosphericDeposition_Equations.VEERG_4_6_1_5__2_TotalNitrogenVolatilisedFromMMS(P28, _xlfn.XLOOKUP($O60, $D$39:$D$46, $E$39:$E$46))} -> 0.19352312 | Q60: {=MMS_Poultry_AtmosphericDeposition_Equations.VEERG_4_6_1_5__2_TotalNitrogenVolatilisedFromMMS(Q28, _xlfn.XLOOKUP($O60, $D$39:$D$46, $E$39:$E$46))} -> 0.20656374 | R60: {=MMS_Poultry_AtmosphericDeposition_Equations.VEERG_4_6_1_5__2_TotalNitrogenVolatilisedFromMMS(R28, _xlfn.XLOOKUP($O60, $D$39:$D$46, $E$39:$E$46))} -> 0.24247512 | S60: {=MMS_Poultry_AtmosphericDeposition_Equations.VEERG_4_6_1_5__2_TotalNitrogenVolatilisedFromMMS(S28, _xlfn.XLOOKUP($O60, $D$39:$D$46, $E$39:$E$46))} -> 0.20656374 | T60: =$E$11 -> kg N
E61: ='Input - Poultry'!$D$47 -> Digester / covered lagoons | F61: {=MMS_Poultry_AtmosphericDeposition_Equations.VEERG_4_6_1_5__2_TotalNitrogenVolatilisedFromMMS(F29, _xlfn.XLOOKUP($E61, $D$39:$D$46, $E$39:$E$46))} -> 0 | G61: {=MMS_Poultry_AtmosphericDeposition_Equations.VEERG_4_6_1_5__2_TotalNitrogenVolatilisedFromMMS(G29, _xlfn.XLOOKUP($E61, $D$39:$D$46, $E$39:$E$46))} -> 0 | H61: {=MMS_Poultry_AtmosphericDeposition_Equations.VEERG_4_6_1_5__2_TotalNitrogenVolatilisedFromMMS(H29, _xlfn.XLOOKUP($E61, $D$39:$D$46, $E$39:$E$46))} -> 0 | I61: {=MMS_Poultry_AtmosphericDeposition_Equations.VEERG_4_6_1_5__2_TotalNitrogenVolatilisedFromMMS(I29, _xlfn.XLOOKUP($E61, $D$39:$D$46, $E$39:$E$46))} -> 0 | J61: =$E$11 -> kg N | O61: ='Input - Poultry'!$D$47 -> Digester / covered lagoons | P61: {=MMS_Poultry_AtmosphericDeposition_Equations.VEERG_4_6_1_5__2_TotalNitrogenVolatilisedFromMMS(P29, _xlfn.XLOOKUP($O61, $D$39:$D$46, $E$39:$E$46))} -> 0 | Q61: {=MMS_Poultry_AtmosphericDeposition_Equations.VEERG_4_6_1_5__2_TotalNitrogenVolatilisedFromMMS(Q29, _xlfn.XLOOKUP($O61, $D$39:$D$46, $E$39:$E$46))} -> 0 | R61: {=MMS_Poultry_AtmosphericDeposition_Equations.VEERG_4_6_1_5__2_TotalNitrogenVolatilisedFromMMS(R29, _xlfn.XLOOKUP($O61, $D$39:$D$46, $E$39:$E$46))} -> 0 | S61: {=MMS_Poultry_AtmosphericDeposition_Equations.VEERG_4_6_1_5__2_TotalNitrogenVolatilisedFromMMS(S29, _xlfn.XLOOKUP($O61, $D$39:$D$46, $E$39:$E$46))} -> 0 | T61: =$E$11 -> kg N
E62: ='Input - Poultry'!$D$48 -> Direct processing | F62: {=MMS_Poultry_AtmosphericDeposition_Equations.VEERG_4_6_1_5__2_TotalNitrogenVolatilisedFromMMS(F30, _xlfn.XLOOKUP($E62, $D$39:$D$46, $E$39:$E$46))} -> 0 | G62: {=MMS_Poultry_AtmosphericDeposition_Equations.VEERG_4_6_1_5__2_TotalNitrogenVolatilisedFromMMS(G30, _xlfn.XLOOKUP($E62, $D$39:$D$46, $E$39:$E$46))} -> 0 | H62: {=MMS_Poultry_AtmosphericDeposition_Equations.VEERG_4_6_1_5__2_TotalNitrogenVolatilisedFromMMS(H30, _xlfn.XLOOKUP($E62, $D$39:$D$46, $E$39:$E$46))} -> 0 | I62: {=MMS_Poultry_AtmosphericDeposition_Equations.VEERG_4_6_1_5__2_TotalNitrogenVolatilisedFromMMS(I30, _xlfn.XLOOKUP($E62, $D$39:$D$46, $E$39:$E$46))} -> 0 | J62: =$E$11 -> kg N | O62: ='Input - Poultry'!$D$48 -> Direct processing | P62: {=MMS_Poultry_AtmosphericDeposition_Equations.VEERG_4_6_1_5__2_TotalNitrogenVolatilisedFromMMS(P30, _xlfn.XLOOKUP($O62, $D$39:$D$46, $E$39:$E$46))} -> 0 | Q62: {=MMS_Poultry_AtmosphericDeposition_Equations.VEERG_4_6_1_5__2_TotalNitrogenVolatilisedFromMMS(Q30, _xlfn.XLOOKUP($O62, $D$39:$D$46, $E$39:$E$46))} -> 0 | R62: {=MMS_Poultry_AtmosphericDeposition_Equations.VEERG_4_6_1_5__2_TotalNitrogenVolatilisedFromMMS(R30, _xlfn.XLOOKUP($O62, $D$39:$D$46, $E$39:$E$46))} -> 0 | S62: {=MMS_Poultry_AtmosphericDeposition_Equations.VEERG_4_6_1_5__2_TotalNitrogenVolatilisedFromMMS(S30, _xlfn.XLOOKUP($O62, $D$39:$D$46, $E$39:$E$46))} -> 0 | T62: =$E$11 -> kg N
D63: ='Input - Poultry'!$D$32 -> Manure stored in house | E63: ='Input - Poultry'!$D$52 -> Solid storage | F63: {=MMS_Poultry_AtmosphericDeposition_Equations.VEERG_4_6_1_5__2_TotalNitrogenVolatilisedFromMMS(F31, _xlfn.XLOOKUP($E63, $D$39:$D$46, $E$39:$E$46))} -> 0.12215 | G63: {=MMS_Poultry_AtmosphericDeposition_Equations.VEERG_4_6_1_5__2_TotalNitrogenVolatilisedFromMMS(G31, _xlfn.XLOOKUP($E63, $D$39:$D$46, $E$39:$E$46))} -> 0.13038112 | H63: {=MMS_Poultry_AtmosphericDeposition_Equations.VEERG_4_6_1_5__2_TotalNitrogenVolatilisedFromMMS(H31, _xlfn.XLOOKUP($E63, $D$39:$D$46, $E$39:$E$46))} -> 0.15304805 | I63: {=MMS_Poultry_AtmosphericDeposition_Equations.VEERG_4_6_1_5__2_TotalNitrogenVolatilisedFromMMS(I31, _xlfn.XLOOKUP($E63, $D$39:$D$46, $E$39:$E$46))} -> 0.13038112 | J63: =$E$11 -> kg N | N63: ='Input - Poultry'!$D$32 -> Manure stored in house | O63: ='Input - Poultry'!$D$52 -> Solid storage | P63: {=MMS_Poultry_AtmosphericDeposition_Equations.VEERG_4_6_1_5__2_TotalNitrogenVolatilisedFromMMS(P31, _xlfn.XLOOKUP($O63, $D$39:$D$46, $E$39:$E$46))} -> 0.12215 | Q63: {=MMS_Poultry_AtmosphericDeposition_Equations.VEERG_4_6_1_5__2_TotalNitrogenVolatilisedFromMMS(Q31, _xlfn.XLOOKUP($O63, $D$39:$D$46, $E$39:$E$46))} -> 0.13038112 | R63: {=MMS_Poultry_AtmosphericDeposition_Equations.VEERG_4_6_1_5__2_TotalNitrogenVolatilisedFromMMS(R31, _xlfn.XLOOKUP($O63, $D$39:$D$46, $E$39:$E$46))} -> 0.15304805 | S63: {=MMS_Poultry_AtmosphericDeposition_Equations.VEERG_4_6_1_5__2_TotalNitrogenVolatilisedFromMMS(S31, _xlfn.XLOOKUP($O63, $D$39:$D$46, $E$39:$E$46))} -> 0.13038112 | T63: =$E$11 -> kg N
E64: ='Input - Poultry'!$D$53 -> Composting (passive windrow) | F64: {=MMS_Poultry_AtmosphericDeposition_Equations.VEERG_4_6_1_5__2_TotalNitrogenVolatilisedFromMMS(F32, _xlfn.XLOOKUP($E64, $D$39:$D$46, $E$39:$E$46))} -> 0.12215 | G64: {=MMS_Poultry_AtmosphericDeposition_Equations.VEERG_4_6_1_5__2_TotalNitrogenVolatilisedFromMMS(G32, _xlfn.XLOOKUP($E64, $D$39:$D$46, $E$39:$E$46))} -> 0.13038112 | H64: {=MMS_Poultry_AtmosphericDeposition_Equations.VEERG_4_6_1_5__2_TotalNitrogenVolatilisedFromMMS(H32, _xlfn.XLOOKUP($E64, $D$39:$D$46, $E$39:$E$46))} -> 0.15304805 | I64: {=MMS_Poultry_AtmosphericDeposition_Equations.VEERG_4_6_1_5__2_TotalNitrogenVolatilisedFromMMS(I32, _xlfn.XLOOKUP($E64, $D$39:$D$46, $E$39:$E$46))} -> 0.13038112 | J64: =$E$11 -> kg N | O64: ='Input - Poultry'!$D$53 -> Composting (passive windrow) | P64: {=MMS_Poultry_AtmosphericDeposition_Equations.VEERG_4_6_1_5__2_TotalNitrogenVolatilisedFromMMS(P32, _xlfn.XLOOKUP($O64, $D$39:$D$46, $E$39:$E$46))} -> 0.12215 | Q64: {=MMS_Poultry_AtmosphericDeposition_Equations.VEERG_4_6_1_5__2_TotalNitrogenVolatilisedFromMMS(Q32, _xlfn.XLOOKUP($O64, $D$39:$D$46, $E$39:$E$46))} -> 0.13038112 | R64: {=MMS_Poultry_AtmosphericDeposition_Equations.VEERG_4_6_1_5__2_TotalNitrogenVolatilisedFromMMS(R32, _xlfn.XLOOKUP($O64, $D$39:$D$46, $E$39:$E$46))} -> 0.15304805 | S64: {=MMS_Poultry_AtmosphericDeposition_Equations.VEERG_4_6_1_5__2_TotalNitrogenVolatilisedFromMMS(S32, _xlfn.XLOOKUP($O64, $D$39:$D$46, $E$39:$E$46))} -> 0.13038112 | T64: =$E$11 -> kg N
E65: ='Input - Poultry'!$D$54 -> Digester / covered lagoons | F65: {=MMS_Poultry_AtmosphericDeposition_Equations.VEERG_4_6_1_5__2_TotalNitrogenVolatilisedFromMMS(F33, _xlfn.XLOOKUP($E65, $D$39:$D$46, $E$39:$E$46))} -> 0 | G65: {=MMS_Poultry_AtmosphericDeposition_Equations.VEERG_4_6_1_5__2_TotalNitrogenVolatilisedFromMMS(G33, _xlfn.XLOOKUP($E65, $D$39:$D$46, $E$39:$E$46))} -> 0 | H65: {=MMS_Poultry_AtmosphericDeposition_Equations.VEERG_4_6_1_5__2_TotalNitrogenVolatilisedFromMMS(H33, _xlfn.XLOOKUP($E65, $D$39:$D$46, $E$39:$E$46))} -> 0 | I65: {=MMS_Poultry_AtmosphericDeposition_Equations.VEERG_4_6_1_5__2_TotalNitrogenVolatilisedFromMMS(I33, _xlfn.XLOOKUP($E65, $D$39:$D$46, $E$39:$E$46))} -> 0 | J65: =$E$11 -> kg N | O65: ='Input - Poultry'!$D$54 -> Digester / covered lagoons | P65: {=MMS_Poultry_AtmosphericDeposition_Equations.VEERG_4_6_1_5__2_TotalNitrogenVolatilisedFromMMS(P33, _xlfn.XLOOKUP($O65, $D$39:$D$46, $E$39:$E$46))} -> 0 | Q65: {=MMS_Poultry_AtmosphericDeposition_Equations.VEERG_4_6_1_5__2_TotalNitrogenVolatilisedFromMMS(Q33, _xlfn.XLOOKUP($O65, $D$39:$D$46, $E$39:$E$46))} -> 0 | R65: {=MMS_Poultry_AtmosphericDeposition_Equations.VEERG_4_6_1_5__2_TotalNitrogenVolatilisedFromMMS(R33, _xlfn.XLOOKUP($O65, $D$39:$D$46, $E$39:$E$46))} -> 0 | S65: {=MMS_Poultry_AtmosphericDeposition_Equations.VEERG_4_6_1_5__2_TotalNitrogenVolatilisedFromMMS(S33, _xlfn.XLOOKUP($O65, $D$39:$D$46, $E$39:$E$46))} -> 0 | T65: =$E$11 -> kg N
E66: ='Input - Poultry'!$D$55 -> Direct processing | F66: {=MMS_Poultry_AtmosphericDeposition_Equations.VEERG_4_6_1_5__2_TotalNitrogenVolatilisedFromMMS(F34, _xlfn.XLOOKUP($E66, $D$39:$D$46, $E$39:$E$46))} -> 0 | G66: {=MMS_Poultry_AtmosphericDeposition_Equations.VEERG_4_6_1_5__2_TotalNitrogenVolatilisedFromMMS(G34, _xlfn.XLOOKUP($E66, $D$39:$D$46, $E$39:$E$46))} -> 0 | H66: {=MMS_Poultry_AtmosphericDeposition_Equations.VEERG_4_6_1_5__2_TotalNitrogenVolatilisedFromMMS(H34, _xlfn.XLOOKUP($E66, $D$39:$D$46, $E$39:$E$46))} -> 0 | I66: {=MMS_Poultry_AtmosphericDeposition_Equations.VEERG_4_6_1_5__2_TotalNitrogenVolatilisedFromMMS(I34, _xlfn.XLOOKUP($E66, $D$39:$D$46, $E$39:$E$46))} -> 0 | J66: =$E$11 -> kg N | O66: ='Input - Poultry'!$D$55 -> Direct processing | P66: {=MMS_Poultry_AtmosphericDeposition_Equations.VEERG_4_6_1_5__2_TotalNitrogenVolatilisedFromMMS(P34, _xlfn.XLOOKUP($O66, $D$39:$D$46, $E$39:$E$46))} -> 0 | Q66: {=MMS_Poultry_AtmosphericDeposition_Equations.VEERG_4_6_1_5__2_TotalNitrogenVolatilisedFromMMS(Q34, _xlfn.XLOOKUP($O66, $D$39:$D$46, $E$39:$E$46))} -> 0 | R66: {=MMS_Poultry_AtmosphericDeposition_Equations.VEERG_4_6_1_5__2_TotalNitrogenVolatilisedFromMMS(R34, _xlfn.XLOOKUP($O66, $D$39:$D$46, $E$39:$E$46))} -> 0 | S66: {=MMS_Poultry_AtmosphericDeposition_Equations.VEERG_4_6_1_5__2_TotalNitrogenVolatilisedFromMMS(S34, _xlfn.XLOOKUP($O66, $D$39:$D$46, $E$39:$E$46))} -> 0 | T66: =$E$11 -> kg N
D68: MMSATMOS | E68: =SUM(F51:I66) -> 20.797764 | F68: =$E$11 -> kg N | N68: MMSATMOS | O68: =SUM(P51:S66) -> 20.797764 | P68: =$E$11 -> kg N
D72: {=MMS_Poultry_AtmosphericDeposition_Equations.VEERG_4_6_1_5__1_TotalAnnualAtmosphericDepositionEmissionsFromMMS_Title()} -> Total annual atmospheric deposition emissions from manure management
D73: {=MMS_Poultry_AtmosphericDeposition_Equations.VEERG_4_6_1_5__1_TotalAnnualAtmosphericDepositionEmissionsFromMMS_Source()} -> VEERG 2026: 4.6.1.5, Equation (1)
D74: Function name | E74: {=Common_InputFunctions.Utility_DisplayFunctionName(E87)} -> =MMS_Poultry_AtmosphericDeposition_Equations.VEERG_4_6_1_5__1_TotalAnnualAtmosphericDepositionEmissionsFromMMS
D77: Variable | E77: {=MMS_Poultry_AtmosphericDeposition_Equations.VEERG_4_6_1_5__1_TotalAnnualAtmosphericDepositionEmissionsFromMMS_Variable()} -> E_N2Oad
D78: Unit | E78: {=MMS_Poultry_AtmosphericDeposition_Equations.VEERG_4_6_1_5__1_TotalAnnualAtmosphericDepositionEmissionsFromMMS_Unit()} -> t N2O
D80: {=MMS_Poultry_AtmosphericDeposition_Equations.VEERG_4_6_1_5__1_TotalAnnualAtmosphericDepositionEmissionsFromMMS_Arguments()} -> MMS_ATMOS | E80: mass of N volatilised from MMS : kg N | G80: =$E$68 -> 20.797764 | N80: {=MMS_Poultry_AtmosphericDeposition_Equations.VEERG_4_6_1_5__1_TotalAnnualAtmosphericDepositionEmissionsFromMMS_Arguments()} -> MMS_ATMOS | O80: mass of N volatilised from MMS : kg N | Q80: =O68 -> 20.797764
D81: EF_N2O | E81: nitrous oxide emission factor for atmospheric deposition : kg N2O-N/kg N | G81: =Common_InputFunctions.Utility_LookupN2OEFFromProdIrrigationRainfall(G83,G84,G85,Table_SourceData_Common_EFN2O[Production system only],Table_SourceData_Common_EFN2O[Irrigation method],Table_SourceData_Common_EFN2O[Rainfall zone],Table_SourceData_Common_EFN2O[EFN2O]) -> 0.007 | N81: EF_N2O | O81: nitrous oxide emission factor for atmospheric deposition : kg N2O-N/kg N
D82: C_N2O | E82: factor to convert elemental mass of nitrous oxide to molecular mass : ratio | G82: =Common_InputFunctions.Utility_LookupValueInTableNumber("N2O",Table_GasToMolecularConversionFactor[Gas],Table_GasToMolecularConversionFactor[Conversion factor combined]) -> 1.5714286 | N82: C_N2O | O82: factor to convert elemental mass of nitrous oxide to molecular mass : ratio
D83: j | E83: production system | G83: ='Input - Poultry'!$E$59 -> Crop | N83: j | O83: production system
D84: ir | E84: irrigation method | G84: ='Input - Poultry'!$E$60 -> Sprinkler irrigation | N84: ir | O84: irrigation method
D85: r | E85: rainfall region | G85: ='Input - Site'!$E$30 -> High rainfall | N85: r | O85: rainfall region
D87: EN2O,ad | E87: {=MMS_Poultry_AtmosphericDeposition_Equations.VEERG_4_6_1_5__1_TotalAnnualAtmosphericDepositionEmissionsFromMMS(G80,$G$81,$G$82)} -> 0.00022877541 | F87: =$E$59 -> Solid storage | N87: EN2O,ad | O87: {=MMS_Poultry_AtmosphericDeposition_Equations.VEERG_4_6_1_5__1_TotalAnnualAtmosphericDepositionEmissionsFromMMS(Q80,$G$81,$G$82)} -> 0.00022877541 | P87: =$E$59 -> Solid storage
D89: {=Common_Equations.Common_ConvertN2OToCO2e_Arguments()} -> EN2O | E89: Nitrous oxide emissions (t N2O) | G89: =E87 -> 0.00022877541 | N89: {=Common_Equations.Common_ConvertN2OToCO2e_Arguments()} -> EN2O | O89: Nitrous oxide emissions (t N2O) | Q89: =O87 -> 0.00022877541
D90: GWPN2O | E90: Global warming potential for nitrous oxide (t CO2-e / t N2O) | G90: =Common_InputFunctions.Utility_LookupValueInTableNumber("N2O",[3]!Table_GWPData[Gas],[3]!Table_GWPData[CO2-e factor]) -> 265 | N90: GWPN2O | O90: Global warming potential for nitrous oxide (t CO2-e / t N2O) | Q90: =Common_InputFunctions.Utility_LookupValueInTableNumber("N2O",[3]!Table_GWPData[Gas],[3]!Table_GWPData[CO2-e factor]) -> 265
D92: ECO2e | E92: {=Common_Equations.Common_ConvertN2OToCO2e(G89,G90)} -> 0.060625483 | F92: {=Common_Equations.Common_ConvertN2OToCO2e_Unit()} -> t CO2e | N92: ECO2e | O92: {=Common_Equations.Common_ConvertN2OToCO2e(Q89,Q90)} -> 0.060625483 | P92: {=Common_Equations.Common_ConvertN2OToCO2e_Unit()} -> t CO2e

Sheet 4.6.1.7-8 Leaching and runoff
A1: #VALUE! | C1: 4.6.1.7-8 Leaching and runoff
A3: =HYPERLINK("#'Home'!A1", "Home") -> Home | D3: Method 1 | N3: Method 2
A4: =HYPERLINK("#'Results'!A1", "Results") -> Results
D5: {=MMS_Poultry_LeachingAndRunoff_Equations.VEERG_4_6_1_7__2_MassOfNitrogenLostToLeachingAndRunoffFromSolidStorage_Title()} -> Mass of nitrogen lost to leaching and runoff from solid storage systems
A6: INPUTS | D6: {=MMS_Poultry_LeachingAndRunoff_Equations.VEERG_4_6_1_7__2_MassOfNitrogenLostToLeachingAndRunoffFromSolidStorage_Source()} -> VEERG 2026: 4.6.1.7, Equation (2)
A7: =HYPERLINK("#'Input - Site'!A1", "Site") -> Site | D7: Function name | E7: {=Common_InputFunctions.Utility_DisplayFunctionName(F30)} -> =MMS_Poultry_LeachingAndRunoff_Equations.VEERG_4_6_1_7__2_MassOfNitrogenLostToLeachingAndRunoffFromSolidStorage
A8: =HYPERLINK("#'Input - Poultry'!A1", "Poultry") -> Poultry
A10: CALCULATIONS | D10: Variable | E10: {=MMS_Poultry_LeachingAndRunoff_Equations.VEERG_4_6_1_7__2_MassOfNitrogenLostToLeachingAndRunoffFromSolidStorage_Variable()} -> MNLeach_jkm4
A11: =HYPERLINK("#'4.6.1.1-2 Methane'!A1", "4.6.1.1-2 Methane") -> 4.6.1.1-2 Methane | D11: Unit | E11: {=MMS_Poultry_LeachingAndRunoff_Equations.VEERG_4_6_1_7__2_MassOfNitrogenLostToLeachingAndRunoffFromSolidStorage_Unit()} -> kg N
A12: =HYPERLINK("#'4.6.1.3-4 Direct N20'!A1", "4.6.1.3-4 Direct N2O") -> 4.6.1.3-4 Direct N2O
A13: =HYPERLINK("#'4.6.1.5-6 Atmos Dep'!A1", "4.6.1.5-6 Soil atm. deposition") -> 4.6.1.5-6 Soil atm. deposition | D13: {=MMS_Poultry_LeachingAndRunoff_Equations.VEERG_4_6_1_7__2_MassOfNitrogenLostToLeachingAndRunoffFromSolidStorage_Arguments()} -> MN_jkm4T1 | E13: nitrogen in solid storage MMS treatment stage 1 : kg N | G13: ="See " & D20 -> See M1_Table_MN_j_k_m-4
A14: =HYPERLINK("#'4.6.1.7-8 Leaching and runoff'!A1", "4.6.1.7-8 Leaching & runoff") -> 4.6.1.7-8 Leaching & runoff | D14: FracWET | E14: fraction of N available for leaching and runoff : fraction | G14: =Common_InputFunctions.CommonCropping_GetFracWET(G16,G18,Table_SourceData_FracWET[Is in leaching zone],Table_SourceData_FracWET[FracWET],Table_SourceData_FracWETIrrigation[Irrigation type i],Table_SourceData_FracWETIrrigation[FracWET]) -> 1
A15: =HYPERLINK("#'4.6.1.9 Manure applied to soils'!A1", "4.6.1.9 Manure applied to soils") -> 4.6.1.9 Manure applied to soils | D15: FracLEACH_MS | E15: fraction of N lost through leaching and runoff : fraction | G15: ='Constants - Poultry'!$E$111 -> 0.02
A16: =HYPERLINK("#'4.6.1.10-11 Soil direct N2O'!A1", "4.6.1.10-11 Soil direct N2O") -> 4.6.1.10-11 Soil direct N2O | D16: z | E16: location in leaching zone | G16: ='Input - Site'!$E$23 -> NO - Not in leaching zone
A17: =HYPERLINK("#'4.6.1.12-13 Soil atmos dep'!A1", "4.6.1.12-13 Soil Atm. deposition") -> 4.6.1.12-13 Soil Atm. deposition | D17: j | E17: production system | G17: ='Input - Poultry'!$E$59 -> Crop
A18: =HYPERLINK("#'4.6.1.14-15 Soil leach runoff'!A1", "4.6.1.14-15 Soil leach & runoff") -> 4.6.1.14-15 Soil leach & runoff | D18: ir | E18: irrigation method | G18: ='Input - Poultry'!$E$60 -> Sprinkler irrigation
A20: APPENDICES | D20: M1_Table_MN_j_k_m-4 | N20: M1_Table_MN_j_k_m-4
A21: =HYPERLINK("#'Constants - Poultry'!A1", "Constants - Poultry") -> Constants - Poultry | D21: Nitrogen in solid storage MMS (Method 1) | N21: Nitrogen in solid storage MMS (Method 1)
A22: =HYPERLINK("#'Constants - Livestock'!A1", "Constants - Livestock") -> Constants - Livestock | D22: Stage 1 MMS | E22: Stage 2 MMS | F22: Layers | G22: Meat chicken growers | H22: Meat chicken breeders | I22: Other | N22: Stage 1 MMS | O22: Stage 2 MMS | P22: Layers | Q22: Meat chicken growers | R22: Meat chicken breeders | S22: Other
A23: =HYPERLINK("#'Constants - Common'!A1", "Constants - Common") -> Constants - Common | D23: ='Input - Poultry'!$D$30 -> Poultry manure with bedding | E23: ='Input - Poultry'!$D$38 -> Solid storage | F23: ='4.6.1.3-4 Direct N20'!F186 -> 0.71271158 | G23: ='4.6.1.3-4 Direct N20'!G186 -> 0.76073792 | H23: ='4.6.1.3-4 Direct N20'!H186 -> 0.89299319 | I23: ='4.6.1.3-4 Direct N20'!I186 -> 0.76073792 | J23: kg N | N23: ='Input - Poultry'!$D$30 -> Poultry manure with bedding | O23: ='Input - Poultry'!$D$38 -> Solid storage | P23: ='4.6.1.3-4 Direct N20'!P186 -> 0.71271158 | Q23: ='4.6.1.3-4 Direct N20'!Q186 -> 0.76073792 | R23: ='4.6.1.3-4 Direct N20'!R186 -> 0.89299319 | S23: ='4.6.1.3-4 Direct N20'!S186 -> 0.76073792 | T23: kg N
A24: =HYPERLINK("#'Acknowledgements'!A1", "Acknowledgements") -> Acknowledgements | D24: ='Input - Poultry'!$D$31 -> Belt manure removal | E24: ='Input - Poultry'!$D$45 -> Solid storage | F24: ='4.6.1.3-4 Direct N20'!F190 -> 0.96761558 | G24: ='4.6.1.3-4 Direct N20'!G190 -> 1.0328187 | H24: ='4.6.1.3-4 Direct N20'!H190 -> 1.2123756 | I24: ='4.6.1.3-4 Direct N20'!I190 -> 1.0328187 | J24: kg N | N24: ='Input - Poultry'!$D$31 -> Belt manure removal | O24: ='Input - Poultry'!$D$45 -> Solid storage | P24: ='4.6.1.3-4 Direct N20'!P190 -> 0.96761558 | Q24: ='4.6.1.3-4 Direct N20'!Q190 -> 1.0328187 | R24: ='4.6.1.3-4 Direct N20'!R190 -> 1.2123756 | S24: ='4.6.1.3-4 Direct N20'!S190 -> 1.0328187 | T24: kg N
D25: ='Input - Poultry'!$D$32 -> Manure stored in house | E25: ='Input - Poultry'!$D$52 -> Solid storage | F25: ='4.6.1.3-4 Direct N20'!F194 -> 0.61074998 | G25: ='4.6.1.3-4 Direct N20'!G194 -> 0.6519056 | H25: ='4.6.1.3-4 Direct N20'!H194 -> 0.76524023 | I25: ='4.6.1.3-4 Direct N20'!I194 -> 0.6519056 | J25: kg N | N25: ='Input - Poultry'!$D$32 -> Manure stored in house | O25: ='Input - Poultry'!$D$52 -> Solid storage | P25: ='4.6.1.3-4 Direct N20'!P194 -> 0.61074998 | Q25: ='4.6.1.3-4 Direct N20'!Q194 -> 0.6519056 | R25: ='4.6.1.3-4 Direct N20'!R194 -> 0.76524023 | S25: ='4.6.1.3-4 Direct N20'!S194 -> 0.6519056 | T25: kg N
D27: M1_Table_MN_Leach_j_k_m-4 | N27: M2_Table_MN_j_k_m-4
D28: Mass of N lost to leaching and runoff (Method 1) | N28: Mass of N lost to leaching and runoff (Method 2)
D29: Stage 1 MMS | E29: Stage 2 MMS | F29: Layers | G29: Meat chicken growers | H29: Meat chicken breeders | I29: Other | N29: Stage 1 MMS | O29: Stage 2 MMS | P29: Layers | Q29: Meat chicken growers | R29: Meat chicken breeders | S29: Other
D30: ='Input - Poultry'!$D$30 -> Poultry manure with bedding | E30: ='Input - Poultry'!$D$38 -> Solid storage | F30: {=MMS_Poultry_LeachingAndRunoff_Equations.VEERG_4_6_1_7__2_MassOfNitrogenLostToLeachingAndRunoffFromSolidStorage(F23,$G$14,$G$15)} -> 0.014254232 | G30: {=MMS_Poultry_LeachingAndRunoff_Equations.VEERG_4_6_1_7__2_MassOfNitrogenLostToLeachingAndRunoffFromSolidStorage(G23,$G$14,$G$15)} -> 0.015214758 | H30: {=MMS_Poultry_LeachingAndRunoff_Equations.VEERG_4_6_1_7__2_MassOfNitrogenLostToLeachingAndRunoffFromSolidStorage(H23,$G$14,$G$15)} -> 0.017859864 | I30: {=MMS_Poultry_LeachingAndRunoff_Equations.VEERG_4_6_1_7__2_MassOfNitrogenLostToLeachingAndRunoffFromSolidStorage(I23,$G$14,$G$15)} -> 0.015214758 | J30: =$E$11 -> kg N | N30: ='Input - Poultry'!$D$30 -> Poultry manure with bedding | O30: ='Input - Poultry'!$D$38 -> Solid storage | P30: {=MMS_Poultry_LeachingAndRunoff_Equations.VEERG_4_6_1_7__2_MassOfNitrogenLostToLeachingAndRunoffFromSolidStorage(P23,$G$14,$G$15)} -> 0.014254232 | Q30: {=MMS_Poultry_LeachingAndRunoff_Equations.VEERG_4_6_1_7__2_MassOfNitrogenLostToLeachingAndRunoffFromSolidStorage(Q23,$G$14,$G$15)} -> 0.015214758 | R30: {=MMS_Poultry_LeachingAndRunoff_Equations.VEERG_4_6_1_7__2_MassOfNitrogenLostToLeachingAndRunoffFromSolidStorage(R23,$G$14,$G$15)} -> 0.017859864 | S30: {=MMS_Poultry_LeachingAndRunoff_Equations.VEERG_4_6_1_7__2_MassOfNitrogenLostToLeachingAndRunoffFromSolidStorage(S23,$G$14,$G$15)} -> 0.015214758 | T30: =$E$11 -> kg N
D31: ='Input - Poultry'!$D$31 -> Belt manure removal | E31: ='Input - Poultry'!$D$45 -> Solid storage | F31: {=MMS_Poultry_LeachingAndRunoff_Equations.VEERG_4_6_1_7__2_MassOfNitrogenLostToLeachingAndRunoffFromSolidStorage(F24,$G$14,$G$15)} -> 0.019352312 | G31: {=MMS_Poultry_LeachingAndRunoff_Equations.VEERG_4_6_1_7__2_MassOfNitrogenLostToLeachingAndRunoffFromSolidStorage(G24,$G$14,$G$15)} -> 0.020656374 | H31: {=MMS_Poultry_LeachingAndRunoff_Equations.VEERG_4_6_1_7__2_MassOfNitrogenLostToLeachingAndRunoffFromSolidStorage(H24,$G$14,$G$15)} -> 0.024247512 | I31: {=MMS_Poultry_LeachingAndRunoff_Equations.VEERG_4_6_1_7__2_MassOfNitrogenLostToLeachingAndRunoffFromSolidStorage(I24,$G$14,$G$15)} -> 0.020656374 | J31: =$E$11 -> kg N | N31: ='Input - Poultry'!$D$31 -> Belt manure removal | O31: ='Input - Poultry'!$D$45 -> Solid storage | P31: {=MMS_Poultry_LeachingAndRunoff_Equations.VEERG_4_6_1_7__2_MassOfNitrogenLostToLeachingAndRunoffFromSolidStorage(P24,$G$14,$G$15)} -> 0.019352312 | Q31: {=MMS_Poultry_LeachingAndRunoff_Equations.VEERG_4_6_1_7__2_MassOfNitrogenLostToLeachingAndRunoffFromSolidStorage(Q24,$G$14,$G$15)} -> 0.020656374 | R31: {=MMS_Poultry_LeachingAndRunoff_Equations.VEERG_4_6_1_7__2_MassOfNitrogenLostToLeachingAndRunoffFromSolidStorage(R24,$G$14,$G$15)} -> 0.024247512 | S31: {=MMS_Poultry_LeachingAndRunoff_Equations.VEERG_4_6_1_7__2_MassOfNitrogenLostToLeachingAndRunoffFromSolidStorage(S24,$G$14,$G$15)} -> 0.020656374 | T31: =$E$11 -> kg N
D32: ='Input - Poultry'!$D$32 -> Manure stored in house | E32: ='Input - Poultry'!$D$52 -> Solid storage | F32: {=MMS_Poultry_LeachingAndRunoff_Equations.VEERG_4_6_1_7__2_MassOfNitrogenLostToLeachingAndRunoffFromSolidStorage(F25,$G$14,$G$15)} -> 0.012215 | G32: {=MMS_Poultry_LeachingAndRunoff_Equations.VEERG_4_6_1_7__2_MassOfNitrogenLostToLeachingAndRunoffFromSolidStorage(G25,$G$14,$G$15)} -> 0.013038112 | H32: {=MMS_Poultry_LeachingAndRunoff_Equations.VEERG_4_6_1_7__2_MassOfNitrogenLostToLeachingAndRunoffFromSolidStorage(H25,$G$14,$G$15)} -> 0.015304805 | I32: {=MMS_Poultry_LeachingAndRunoff_Equations.VEERG_4_6_1_7__2_MassOfNitrogenLostToLeachingAndRunoffFromSolidStorage(I25,$G$14,$G$15)} -> 0.013038112 | J32: =$E$11 -> kg N | N32: ='Input - Poultry'!$D$32 -> Manure stored in house | O32: ='Input - Poultry'!$D$52 -> Solid storage | P32: {=MMS_Poultry_LeachingAndRunoff_Equations.VEERG_4_6_1_7__2_MassOfNitrogenLostToLeachingAndRunoffFromSolidStorage(P25,$G$14,$G$15)} -> 0.012215 | Q32: {=MMS_Poultry_LeachingAndRunoff_Equations.VEERG_4_6_1_7__2_MassOfNitrogenLostToLeachingAndRunoffFromSolidStorage(Q25,$G$14,$G$15)} -> 0.013038112 | R32: {=MMS_Poultry_LeachingAndRunoff_Equations.VEERG_4_6_1_7__2_MassOfNitrogenLostToLeachingAndRunoffFromSolidStorage(R25,$G$14,$G$15)} -> 0.015304805 | S32: {=MMS_Poultry_LeachingAndRunoff_Equations.VEERG_4_6_1_7__2_MassOfNitrogenLostToLeachingAndRunoffFromSolidStorage(S25,$G$14,$G$15)} -> 0.013038112 | T32: =$E$11 -> kg N
D36: {=MMS_Poultry_LeachingAndRunoff_Equations.VEERG_4_6_1_7__1_AnnualEmissionsFromLeachingAndRunoffFromMMS_Title()} -> Annual emissions from leaching and runoff from each MMS
D37: {=MMS_Poultry_LeachingAndRunoff_Equations.VEERG_4_6_1_7__1_AnnualEmissionsFromLeachingAndRunoffFromMMS_Source()} -> VEERG 2026: 4.6.1.7, Equation (1)
D38: Function name | E38: {=Common_InputFunctions.Utility_DisplayFunctionName(F51)} -> =MMS_Poultry_LeachingAndRunoff_Equations.VEERG_4_6_1_7__1_AnnualEmissionsFromLeachingAndRunoffFromMMS
D41: Variable | E41: {=MMS_Poultry_LeachingAndRunoff_Equations.VEERG_4_6_1_7__1_AnnualEmissionsFromLeachingAndRunoffFromMMS_Variable()} -> E_N2Oleach
D42: Unit | E42: {=MMS_Poultry_LeachingAndRunoff_Equations.VEERG_4_6_1_7__1_AnnualEmissionsFromLeachingAndRunoffFromMMS_Unit()} -> t N2O
D44: {=MMS_Poultry_LeachingAndRunoff_Equations.VEERG_4_6_1_7__1_AnnualEmissionsFromLeachingAndRunoffFromMMS_Arguments()} -> MNLeach_jkm4 | E44: mass of N lost through leaching and runoff from each MMS : kg N | G44: ="See " & D27 -> See M1_Table_MN_Leach_j_k_m-4
D45: EF_leach | E45: emission factor for leaching and runoff : kg N2O-N/kg N | G45: ='Constants - Common'!$E$170 -> 0.011
D46: C_N2O | E46: factor to convert elemental mass of N2O to molecular mass : ratio | G46: =Common_InputFunctions.Utility_LookupValueInTableNumber("N2O",Table_GasToMolecularConversionFactor[Gas],Table_GasToMolecularConversionFactor[Conversion factor combined]) -> 1.5714286
D48: M1_Table_E_N2O_leach | N48: M2_Table_E_N2O_leach
D49: Annual emissions from leaching and runoff (Method 1) | N49: Annual emissions from leaching and runoff (Method 2)
D50: Stage 1 MMS | E50: Stage 2 MMS | F50: Layers | G50: Meat chicken growers | H50: Meat chicken breeders | I50: Other | N50: Stage 1 MMS | O50: Stage 2 MMS | P50: Layers | Q50: Meat chicken growers | R50: Meat chicken breeders | S50: Other
D51: ='Input - Poultry'!$D$30 -> Poultry manure with bedding | E51: ='Input - Poultry'!$D$38 -> Solid storage | F51: {=MMS_Poultry_LeachingAndRunoff_Equations.VEERG_4_6_1_7__1_AnnualEmissionsFromLeachingAndRunoffFromMMS(F30, $G$45, $G$46)} -> 2.4639458e-07 | G51: {=MMS_Poultry_LeachingAndRunoff_Equations.VEERG_4_6_1_7__1_AnnualEmissionsFromLeachingAndRunoffFromMMS(G30, $G$45, $G$46)} -> 2.6299797e-07 | H51: {=MMS_Poultry_LeachingAndRunoff_Equations.VEERG_4_6_1_7__1_AnnualEmissionsFromLeachingAndRunoffFromMMS(H30, $G$45, $G$46)} -> 3.087205e-07 | I51: {=MMS_Poultry_LeachingAndRunoff_Equations.VEERG_4_6_1_7__1_AnnualEmissionsFromLeachingAndRunoffFromMMS(I30, $G$45, $G$46)} -> 2.6299797e-07 | J51: =$E$42 -> t N2O | N51: ='Input - Poultry'!$D$30 -> Poultry manure with bedding | O51: ='Input - Poultry'!$D$38 -> Solid storage | P51: {=MMS_Poultry_LeachingAndRunoff_Equations.VEERG_4_6_1_7__1_AnnualEmissionsFromLeachingAndRunoffFromMMS(P30, $G$45, $G$46)} -> 2.4639458e-07 | Q51: {=MMS_Poultry_LeachingAndRunoff_Equations.VEERG_4_6_1_7__1_AnnualEmissionsFromLeachingAndRunoffFromMMS(Q30, $G$45, $G$46)} -> 2.6299797e-07 | R51: {=MMS_Poultry_LeachingAndRunoff_Equations.VEERG_4_6_1_7__1_AnnualEmissionsFromLeachingAndRunoffFromMMS(R30, $G$45, $G$46)} -> 3.087205e-07 | S51: {=MMS_Poultry_LeachingAndRunoff_Equations.VEERG_4_6_1_7__1_AnnualEmissionsFromLeachingAndRunoffFromMMS(S30, $G$45, $G$46)} -> 2.6299797e-07 | T51: =$E$42 -> t N2O
D52: ='Input - Poultry'!$D$31 -> Belt manure removal | E52: ='Input - Poultry'!$D$45 -> Solid storage | F52: {=MMS_Poultry_LeachingAndRunoff_Equations.VEERG_4_6_1_7__1_AnnualEmissionsFromLeachingAndRunoffFromMMS(F31, $G$45, $G$46)} -> 3.3451853e-07 | G52: {=MMS_Poultry_LeachingAndRunoff_Equations.VEERG_4_6_1_7__1_AnnualEmissionsFromLeachingAndRunoffFromMMS(G31, $G$45, $G$46)} -> 3.5706018e-07 | H52: {=MMS_Poultry_LeachingAndRunoff_Equations.VEERG_4_6_1_7__1_AnnualEmissionsFromLeachingAndRunoffFromMMS(H31, $G$45, $G$46)} -> 4.1913556e-07 | I52: {=MMS_Poultry_LeachingAndRunoff_Equations.VEERG_4_6_1_7__1_AnnualEmissionsFromLeachingAndRunoffFromMMS(I31, $G$45, $G$46)} -> 3.5706018e-07 | J52: =$E$42 -> t N2O | N52: ='Input - Poultry'!$D$31 -> Belt manure removal | O52: ='Input - Poultry'!$D$45 -> Solid storage | P52: {=MMS_Poultry_LeachingAndRunoff_Equations.VEERG_4_6_1_7__1_AnnualEmissionsFromLeachingAndRunoffFromMMS(P31, $G$45, $G$46)} -> 3.3451853e-07 | Q52: {=MMS_Poultry_LeachingAndRunoff_Equations.VEERG_4_6_1_7__1_AnnualEmissionsFromLeachingAndRunoffFromMMS(Q31, $G$45, $G$46)} -> 3.5706018e-07 | R52: {=MMS_Poultry_LeachingAndRunoff_Equations.VEERG_4_6_1_7__1_AnnualEmissionsFromLeachingAndRunoffFromMMS(R31, $G$45, $G$46)} -> 4.1913556e-07 | S52: {=MMS_Poultry_LeachingAndRunoff_Equations.VEERG_4_6_1_7__1_AnnualEmissionsFromLeachingAndRunoffFromMMS(S31, $G$45, $G$46)} -> 3.5706018e-07 | T52: =$E$42 -> t N2O
D53: ='Input - Poultry'!$D$32 -> Manure stored in house | E53: ='Input - Poultry'!$D$52 -> Solid storage | F53: {=MMS_Poultry_LeachingAndRunoff_Equations.VEERG_4_6_1_7__1_AnnualEmissionsFromLeachingAndRunoffFromMMS(F32, $G$45, $G$46)} -> 2.1114499e-07 | G53: {=MMS_Poultry_LeachingAndRunoff_Equations.VEERG_4_6_1_7__1_AnnualEmissionsFromLeachingAndRunoffFromMMS(G32, $G$45, $G$46)} -> 2.2537308e-07 | H53: {=MMS_Poultry_LeachingAndRunoff_Equations.VEERG_4_6_1_7__1_AnnualEmissionsFromLeachingAndRunoffFromMMS(H32, $G$45, $G$46)} -> 2.6455448e-07 | I53: {=MMS_Poultry_LeachingAndRunoff_Equations.VEERG_4_6_1_7__1_AnnualEmissionsFromLeachingAndRunoffFromMMS(I32, $G$45, $G$46)} -> 2.2537308e-07 | J53: =$E$42 -> t N2O | N53: ='Input - Poultry'!$D$32 -> Manure stored in house | O53: ='Input - Poultry'!$D$52 -> Solid storage | P53: {=MMS_Poultry_LeachingAndRunoff_Equations.VEERG_4_6_1_7__1_AnnualEmissionsFromLeachingAndRunoffFromMMS(P32, $G$45, $G$46)} -> 2.1114499e-07 | Q53: {=MMS_Poultry_LeachingAndRunoff_Equations.VEERG_4_6_1_7__1_AnnualEmissionsFromLeachingAndRunoffFromMMS(Q32, $G$45, $G$46)} -> 2.2537308e-07 | R53: {=MMS_Poultry_LeachingAndRunoff_Equations.VEERG_4_6_1_7__1_AnnualEmissionsFromLeachingAndRunoffFromMMS(R32, $G$45, $G$46)} -> 2.6455448e-07 | S53: {=MMS_Poultry_LeachingAndRunoff_Equations.VEERG_4_6_1_7__1_AnnualEmissionsFromLeachingAndRunoffFromMMS(S32, $G$45, $G$46)} -> 2.2537308e-07 | T53: =$E$42 -> t N2O
D55: EN2O,ad | E55: =SUM(F51:I53) -> 3.4753311e-06 | F55: =$E$42 -> t N2O | N55: EN2O,ad | O55: =SUM(P51:S53) -> 3.4753311e-06 | P55: =$E$42 -> t N2O
D57: {=Common_Equations.Common_ConvertN2OToCO2e_Arguments()} -> EN2O | E57: Nitrous oxide emissions (t N2O) | G57: =E55 -> 3.4753311e-06 | N57: {=Common_Equations.Common_ConvertN2OToCO2e_Arguments()} -> EN2O | O57: Nitrous oxide emissions (t N2O) | Q57: =O55 -> 3.4753311e-06
D58: GWPN2O | E58: Global warming potential for nitrous oxide (t CO2-e / t N2O) | G58: =Common_InputFunctions.Utility_LookupValueInTableNumber("N2O",[3]!Table_GWPData[Gas],[3]!Table_GWPData[CO2-e factor]) -> 265 | N58: GWPN2O | O58: Global warming potential for nitrous oxide (t CO2-e / t N2O) | Q58: =Common_InputFunctions.Utility_LookupValueInTableNumber("N2O",[3]!Table_GWPData[Gas],[3]!Table_GWPData[CO2-e factor]) -> 265
D60: ECO2e | E60: {=Common_Equations.Common_ConvertN2OToCO2e(G57,G58)} -> 0.00092096274 | F60: {=Common_Equations.Common_ConvertN2OToCO2e_Unit()} -> t CO2e | N60: ECO2e | O60: {=Common_Equations.Common_ConvertN2OToCO2e(Q57,Q58)} -> 0.00092096274 | P60: {=Common_Equations.Common_ConvertN2OToCO2e_Unit()} -> t CO2e

Sheet 4.6.1.9 Manure applied to soils
A1: #VALUE! | C1: 4.6.1.9 Manure applied to soils
A3: =HYPERLINK("#'Home'!A1", "Home") -> Home | D3: Method 1 | N3: Method 2
A4: =HYPERLINK("#'Results'!A1", "Results") -> Results
D5: {=MMS_Poultry_ManureAppliedToSoils_Equations.VEERG_4_6_1_9__1_MassOfNitrogenAppliedToSoilsScope1_Title()} -> Mass of nitrogen applied to soils for scope 1 emissions
A6: INPUTS | D6: {=MMS_Poultry_ManureAppliedToSoils_Equations.VEERG_4_6_1_9__1_MassOfNitrogenAppliedToSoilsScope1_Source()} -> VEERG 2026: 4.6.1.9, Equation (1)
A7: =HYPERLINK("#'Input - Site'!A1", "Site") -> Site | D7: Function name | E7: {=Common_InputFunctions.Utility_DisplayFunctionName(F94)} -> =MMS_Poultry_ManureAppliedToSoils_Equations.VEERG_4_6_1_9__1_MassOfNitrogenAppliedToSoilsScope1
A8: =HYPERLINK("#'Input - Poultry'!A1", "Poultry") -> Poultry
A10: CALCULATIONS | D10: Variable | E10: {=MMS_Poultry_ManureAppliedToSoils_Equations.VEERG_4_6_1_9__1_MassOfNitrogenAppliedToSoilsScope1_Variable()} -> MNSoil_scope1
A11: =HYPERLINK("#'4.6.1.1-2 Methane'!A1", "4.6.1.1-2 Methane") -> 4.6.1.1-2 Methane | D11: Unit | E11: {=MMS_Poultry_ManureAppliedToSoils_Equations.VEERG_4_6_1_9__1_MassOfNitrogenAppliedToSoilsScope1_Unit()} -> kg N
A12: =HYPERLINK("#'4.6.1.3-4 Direct N20'!A1", "4.6.1.3-4 Direct N2O") -> 4.6.1.3-4 Direct N2O
A13: =HYPERLINK("#'4.6.1.5-6 Atmos Dep'!A1", "4.6.1.5-6 Soil atm. deposition") -> 4.6.1.5-6 Soil atm. deposition | D13: {=MMS_Poultry_ManureAppliedToSoils_Equations.VEERG_4_6_1_9__1_MassOfNitrogenAppliedToSoilsScope1_Arguments()} -> MN_jmT2 | E13: mass of N in secondary treatment stage as calculated for manure management : kg N | H13: ="See " & D19 -> See M1_Table_MN_j_k_m_T-2
A14: =HYPERLINK("#'4.6.1.7-8 Leaching and runoff'!A1", "4.6.1.7-8 Leaching & runoff") -> 4.6.1.7-8 Leaching & runoff | D14: EF_mT2 | E14: nitrous oxide emission factor for each MMS : kg N2O-N/kg N | H14: ="See " & D35 -> See Table_EF_m
A15: =HYPERLINK("#'4.6.1.9 Manure applied to soils'!A1", "4.6.1.9 Manure applied to soils") -> 4.6.1.9 Manure applied to soils | D15: FracGASM_mT2 | E15: fraction of animal waste N volatilised in each MMS : (kg NH3-N + NOx-N)/kg N | H15: ="See " & D47 -> See Table_FracGASM_m_T
A16: =HYPERLINK("#'4.6.1.10-11 Soil direct N2O'!A1", "4.6.1.10-11 Soil direct N2O") -> 4.6.1.10-11 Soil direct N2O | D16: MNLeach_MMS | E16: mass of N lost through leaching and runoff from MMS : kg N | H16: ="See " & D59 -> See M1_Table_MNLeach_MMS
A17: =HYPERLINK("#'4.6.1.12-13 Soil atmos dep'!A1", "4.6.1.12-13 Soil Atm. deposition") -> 4.6.1.12-13 Soil Atm. deposition | D17: PF | E17: fraction of manure applied to soil within the farm boundary : fraction | H17: ="See " & D75 -> See Table_PF
A18: =HYPERLINK("#'4.6.1.14-15 Soil leach runoff'!A1", "4.6.1.14-15 Soil leach & runoff") -> 4.6.1.14-15 Soil leach & runoff
D19: M1_Table_MN_j_k_m_T-2 | N19: M2_Table_MN_j_k_m_T-2
A20: APPENDICES | D20: Nitrogen in stage 2 MMS (Method 1) | N20: Nitrogen in stage 2 MMS (Method 2)
A21: =HYPERLINK("#'Constants - Poultry'!A1", "Constants - Poultry") -> Constants - Poultry | D21: Stage 1 MMS | E21: Stage 2 MMS | F21: Layers | G21: Meat chicken growers | H21: Meat chicken breeders | I21: Other | N21: Stage 1 MMS | O21: Stage 2 MMS | P21: Layers | Q21: Meat chicken growers | R21: Meat chicken breeders | S21: Other
A22: =HYPERLINK("#'Constants - Livestock'!A1", "Constants - Livestock") -> Constants - Livestock | D22: ='Input - Poultry'!$D$30 -> Poultry manure with bedding | E22: ='Input - Poultry'!$D$38 -> Solid storage | F22: ='4.6.1.3-4 Direct N20'!F186 -> 0.71271158 | G22: ='4.6.1.3-4 Direct N20'!G186 -> 0.76073792 | H22: ='4.6.1.3-4 Direct N20'!H186 -> 0.89299319 | I22: ='4.6.1.3-4 Direct N20'!I186 -> 0.76073792 | J22: kg N | N22: ='Input - Poultry'!$D$30 -> Poultry manure with bedding | O22: ='Input - Poultry'!$D$38 -> Solid storage | P22: ='4.6.1.3-4 Direct N20'!P186 -> 0.71271158 | Q22: ='4.6.1.3-4 Direct N20'!Q186 -> 0.76073792 | R22: ='4.6.1.3-4 Direct N20'!R186 -> 0.89299319 | S22: ='4.6.1.3-4 Direct N20'!S186 -> 0.76073792 | T22: kg N
A23: =HYPERLINK("#'Constants - Common'!A1", "Constants - Common") -> Constants - Common | E23: ='Input - Poultry'!$D$39 -> Composting (passive windrow) | F23: ='4.6.1.3-4 Direct N20'!F187 -> 0.71271158 | G23: ='4.6.1.3-4 Direct N20'!G187 -> 0.76073792 | H23: ='4.6.1.3-4 Direct N20'!H187 -> 0.89299319 | I23: ='4.6.1.3-4 Direct N20'!I187 -> 0.76073792 | J23: kg N | O23: ='Input - Poultry'!$D$39 -> Composting (passive windrow) | P23: ='4.6.1.3-4 Direct N20'!P187 -> 0.71271158 | Q23: ='4.6.1.3-4 Direct N20'!Q187 -> 0.76073792 | R23: ='4.6.1.3-4 Direct N20'!R187 -> 0.89299319 | S23: ='4.6.1.3-4 Direct N20'!S187 -> 0.76073792 | T23: kg N
A24: =HYPERLINK("#'Acknowledgements'!A1", "Acknowledgements") -> Acknowledgements | E24: ='Input - Poultry'!$D$40 -> Digester / covered lagoons | F24: ='4.6.1.3-4 Direct N20'!F188 -> 0.71271158 | G24: ='4.6.1.3-4 Direct N20'!G188 -> 0.76073792 | H24: ='4.6.1.3-4 Direct N20'!H188 -> 0.89299319 | I24: ='4.6.1.3-4 Direct N20'!I188 -> 0.76073792 | J24: kg N | O24: ='Input - Poultry'!$D$40 -> Digester / covered lagoons | P24: ='4.6.1.3-4 Direct N20'!P188 -> 0.71271158 | Q24: ='4.6.1.3-4 Direct N20'!Q188 -> 0.76073792 | R24: ='4.6.1.3-4 Direct N20'!R188 -> 0.89299319 | S24: ='4.6.1.3-4 Direct N20'!S188 -> 0.76073792 | T24: kg N
E25: ='Input - Poultry'!$D$41 -> Direct processing | F25: ='4.6.1.3-4 Direct N20'!F189 -> 0.71271158 | G25: ='4.6.1.3-4 Direct N20'!G189 -> 0.76073792 | H25: ='4.6.1.3-4 Direct N20'!H189 -> 0.89299319 | I25: ='4.6.1.3-4 Direct N20'!I189 -> 0.76073792 | J25: kg N | O25: ='Input - Poultry'!$D$41 -> Direct processing | P25: ='4.6.1.3-4 Direct N20'!P189 -> 0.71271158 | Q25: ='4.6.1.3-4 Direct N20'!Q189 -> 0.76073792 | R25: ='4.6.1.3-4 Direct N20'!R189 -> 0.89299319 | S25: ='4.6.1.3-4 Direct N20'!S189 -> 0.76073792 | T25: kg N
D26: ='Input - Poultry'!$D$31 -> Belt manure removal | E26: ='Input - Poultry'!$D$45 -> Solid storage | F26: ='4.6.1.3-4 Direct N20'!F190 -> 0.96761558 | G26: ='4.6.1.3-4 Direct N20'!G190 -> 1.0328187 | H26: ='4.6.1.3-4 Direct N20'!H190 -> 1.2123756 | I26: ='4.6.1.3-4 Direct N20'!I190 -> 1.0328187 | J26: kg N | N26: ='Input - Poultry'!$D$31 -> Belt manure removal | O26: ='Input - Poultry'!$D$45 -> Solid storage | P26: ='4.6.1.3-4 Direct N20'!P190 -> 0.96761558 | Q26: ='4.6.1.3-4 Direct N20'!Q190 -> 1.0328187 | R26: ='4.6.1.3-4 Direct N20'!R190 -> 1.2123756 | S26: ='4.6.1.3-4 Direct N20'!S190 -> 1.0328187 | T26: kg N
E27: ='Input - Poultry'!$D$46 -> Composting (passive windrow) | F27: ='4.6.1.3-4 Direct N20'!F191 -> 0.96761558 | G27: ='4.6.1.3-4 Direct N20'!G191 -> 1.0328187 | H27: ='4.6.1.3-4 Direct N20'!H191 -> 1.2123756 | I27: ='4.6.1.3-4 Direct N20'!I191 -> 1.0328187 | J27: kg N | O27: ='Input - Poultry'!$D$46 -> Composting (passive windrow) | P27: ='4.6.1.3-4 Direct N20'!P191 -> 0.96761558 | Q27: ='4.6.1.3-4 Direct N20'!Q191 -> 1.0328187 | R27: ='4.6.1.3-4 Direct N20'!R191 -> 1.2123756 | S27: ='4.6.1.3-4 Direct N20'!S191 -> 1.0328187 | T27: kg N
E28: ='Input - Poultry'!$D$47 -> Digester / covered lagoons | F28: ='4.6.1.3-4 Direct N20'!F192 -> 0.96761558 | G28: ='4.6.1.3-4 Direct N20'!G192 -> 1.0328187 | H28: ='4.6.1.3-4 Direct N20'!H192 -> 1.2123756 | I28: ='4.6.1.3-4 Direct N20'!I192 -> 1.0328187 | J28: kg N | O28: ='Input - Poultry'!$D$47 -> Digester / covered lagoons | P28: ='4.6.1.3-4 Direct N20'!P192 -> 0.96761558 | Q28: ='4.6.1.3-4 Direct N20'!Q192 -> 1.0328187 | R28: ='4.6.1.3-4 Direct N20'!R192 -> 1.2123756 | S28: ='4.6.1.3-4 Direct N20'!S192 -> 1.0328187 | T28: kg N
E29: ='Input - Poultry'!$D$48 -> Direct processing | F29: ='4.6.1.3-4 Direct N20'!F193 -> 0.96761558 | G29: ='4.6.1.3-4 Direct N20'!G193 -> 1.0328187 | H29: ='4.6.1.3-4 Direct N20'!H193 -> 1.2123756 | I29: ='4.6.1.3-4 Direct N20'!I193 -> 1.0328187 | J29: kg N | O29: ='Input - Poultry'!$D$48 -> Direct processing | P29: ='4.6.1.3-4 Direct N20'!P193 -> 0.96761558 | Q29: ='4.6.1.3-4 Direct N20'!Q193 -> 1.0328187 | R29: ='4.6.1.3-4 Direct N20'!R193 -> 1.2123756 | S29: ='4.6.1.3-4 Direct N20'!S193 -> 1.0328187 | T29: kg N
D30: ='Input - Poultry'!$D$32 -> Manure stored in house | E30: ='Input - Poultry'!$D$52 -> Solid storage | F30: ='4.6.1.3-4 Direct N20'!F194 -> 0.61074998 | G30: ='4.6.1.3-4 Direct N20'!G194 -> 0.6519056 | H30: ='4.6.1.3-4 Direct N20'!H194 -> 0.76524023 | I30: ='4.6.1.3-4 Direct N20'!I194 -> 0.6519056 | J30: kg N | N30: ='Input - Poultry'!$D$32 -> Manure stored in house | O30: ='Input - Poultry'!$D$52 -> Solid storage | P30: ='4.6.1.3-4 Direct N20'!P194 -> 0.61074998 | Q30: ='4.6.1.3-4 Direct N20'!Q194 -> 0.6519056 | R30: ='4.6.1.3-4 Direct N20'!R194 -> 0.76524023 | S30: ='4.6.1.3-4 Direct N20'!S194 -> 0.6519056 | T30: kg N
E31: ='Input - Poultry'!$D$53 -> Composting (passive windrow) | F31: ='4.6.1.3-4 Direct N20'!F195 -> 0.61074998 | G31: ='4.6.1.3-4 Direct N20'!G195 -> 0.6519056 | H31: ='4.6.1.3-4 Direct N20'!H195 -> 0.76524023 | I31: ='4.6.1.3-4 Direct N20'!I195 -> 0.6519056 | J31: kg N | O31: ='Input - Poultry'!$D$53 -> Composting (passive windrow) | P31: ='4.6.1.3-4 Direct N20'!P195 -> 0.61074998 | Q31: ='4.6.1.3-4 Direct N20'!Q195 -> 0.6519056 | R31: ='4.6.1.3-4 Direct N20'!R195 -> 0.76524023 | S31: ='4.6.1.3-4 Direct N20'!S195 -> 0.6519056 | T31: kg N
E32: ='Input - Poultry'!$D$54 -> Digester / covered lagoons | F32: ='4.6.1.3-4 Direct N20'!F196 -> 0.61074998 | G32: ='4.6.1.3-4 Direct N20'!G196 -> 0.6519056 | H32: ='4.6.1.3-4 Direct N20'!H196 -> 0.76524023 | I32: ='4.6.1.3-4 Direct N20'!I196 -> 0.6519056 | J32: kg N | O32: ='Input - Poultry'!$D$54 -> Digester / covered lagoons | P32: ='4.6.1.3-4 Direct N20'!P196 -> 0.61074998 | Q32: ='4.6.1.3-4 Direct N20'!Q196 -> 0.6519056 | R32: ='4.6.1.3-4 Direct N20'!R196 -> 0.76524023 | S32: ='4.6.1.3-4 Direct N20'!S196 -> 0.6519056 | T32: kg N
E33: ='Input - Poultry'!$D$55 -> Direct processing | F33: ='4.6.1.3-4 Direct N20'!F197 -> 0.61074998 | G33: ='4.6.1.3-4 Direct N20'!G197 -> 0.6519056 | H33: ='4.6.1.3-4 Direct N20'!H197 -> 0.76524023 | I33: ='4.6.1.3-4 Direct N20'!I197 -> 0.6519056 | J33: kg N | O33: ='Input - Poultry'!$D$55 -> Direct processing | P33: ='4.6.1.3-4 Direct N20'!P197 -> 0.61074998 | Q33: ='4.6.1.3-4 Direct N20'!Q197 -> 0.6519056 | R33: ='4.6.1.3-4 Direct N20'!R197 -> 0.76524023 | S33: ='4.6.1.3-4 Direct N20'!S197 -> 0.6519056 | T33: kg N
D35: Table_EF_m
D36: Nitrous oxide emission factor for stage 1 MMS
D37: Stage 1 MMS | E37: EFm
D38: ='Constants - Poultry'!$D$29 -> Poultry manure with bedding | E38: {=Common_InputFunctions.Utility_LookupValueInTableNumber(D38, Table_SourceData_Poultry_EFmT[NIR reference],Table_SourceData_Poultry_EFmT[EFmT])} -> 0.001
D39: ='Constants - Poultry'!$D$30 -> Belt manure removal | E39: {=Common_InputFunctions.Utility_LookupValueInTableNumber(D39, Table_SourceData_Poultry_EFmT[NIR reference],Table_SourceData_Poultry_EFmT[EFmT])} -> 0.001
D40: ='Constants - Poultry'!$D$31 -> Manure stored in house | E40: {=Common_InputFunctions.Utility_LookupValueInTableNumber(D40, Table_SourceData_Poultry_EFmT[NIR reference],Table_SourceData_Poultry_EFmT[EFmT])} -> 0.001
D41: ='Constants - Poultry'!$D$32 -> Pasture range and paddock | E41: {=Common_InputFunctions.Utility_LookupValueInTableNumber(D41, Table_SourceData_Poultry_EFmT[NIR reference],Table_SourceData_Poultry_EFmT[EFmT])} -> 0.02
D42: ='Constants - Poultry'!$D$33 -> Solid storage | E42: {=Common_InputFunctions.Utility_LookupValueInTableNumber(D42, Table_SourceData_Poultry_EFmT[NIR reference],Table_SourceData_Poultry_EFmT[EFmT])} -> 0.005
D43: ='Constants - Poultry'!$D$34 -> Composting (passive windrow) | E43: {=Common_InputFunctions.Utility_LookupValueInTableNumber(D43, Table_SourceData_Poultry_EFmT[NIR reference],Table_SourceData_Poultry_EFmT[EFmT])} -> 0.01
D44: ='Constants - Poultry'!$D$35 -> Digester / covered lagoons | E44: {=Common_InputFunctions.Utility_LookupValueInTableNumber(D44, Table_SourceData_Poultry_EFmT[NIR reference],Table_SourceData_Poultry_EFmT[EFmT])} -> 0
D45: ='Constants - Poultry'!$D$36 -> Direct processing | E45: {=Common_InputFunctions.Utility_LookupValueInTableNumber(D45, Table_SourceData_Poultry_EFmT[NIR reference],Table_SourceData_Poultry_EFmT[EFmT])} -> 0
D47: Table_FracGASM_m_T
D48: Faction N volatilised in MMS
D49: MMS | E49: FracGASM
D50: ='Constants - Poultry'!$D$29 -> Poultry manure with bedding | E50: {=Common_InputFunctions.Utility_LookupValueInTableNumber(D50, Table_SourceData_Poultry_FracGASM[NIR reference],Table_SourceData_Poultry_FracGASM[FracGASMmT])} -> 0.3
D51: ='Constants - Poultry'!$D$30 -> Belt manure removal | E51: {=Common_InputFunctions.Utility_LookupValueInTableNumber(D51, Table_SourceData_Poultry_FracGASM[NIR reference],Table_SourceData_Poultry_FracGASM[FracGASMmT])} -> 0.05
D52: ='Constants - Poultry'!$D$31 -> Manure stored in house | E52: {=Common_InputFunctions.Utility_LookupValueInTableNumber(D52, Table_SourceData_Poultry_FracGASM[NIR reference],Table_SourceData_Poultry_FracGASM[FracGASMmT])} -> 0.4
D53: ='Constants - Poultry'!$D$32 -> Pasture range and paddock | E53: {=Common_InputFunctions.Utility_LookupValueInTableNumber(D53, Table_SourceData_Poultry_FracGASM[NIR reference],Table_SourceData_Poultry_FracGASM[FracGASMmT])} -> 0
D54: ='Constants - Poultry'!$D$33 -> Solid storage | E54: {=Common_InputFunctions.Utility_LookupValueInTableNumber(D54, Table_SourceData_Poultry_FracGASM[NIR reference],Table_SourceData_Poultry_FracGASM[FracGASMmT])} -> 0.2
D55: ='Constants - Poultry'!$D$34 -> Composting (passive windrow) | E55: {=Common_InputFunctions.Utility_LookupValueInTableNumber(D55, Table_SourceData_Poultry_FracGASM[NIR reference],Table_SourceData_Poultry_FracGASM[FracGASMmT])} -> 0.2
D56: ='Constants - Poultry'!$D$35 -> Digester / covered lagoons | E56: {=Common_InputFunctions.Utility_LookupValueInTableNumber(D56, Table_SourceData_Poultry_FracGASM[NIR reference],Table_SourceData_Poultry_FracGASM[FracGASMmT])} -> 0
D57: ='Constants - Poultry'!$D$36 -> Direct processing | E57: {=Common_InputFunctions.Utility_LookupValueInTableNumber(D57, Table_SourceData_Poultry_FracGASM[NIR reference],Table_SourceData_Poultry_FracGASM[FracGASMmT])} -> 0
D59: M1_Table_MNLeach_MMS | N59: M2_Table_MNLeach_MMS
D60: Mass of N lost to leaching and runoff (Method 1) | N60: Mass of N lost to leaching and runoff (Method 2)
D61: Stage 1 MMS | E61: Stage 2 MMS | F61: Layers | G61: Meat chicken growers | H61: Meat chicken breeders | I61: Other | N61: Stage 1 MMS | O61: Stage 2 MMS | P61: Layers | Q61: Meat chicken growers | R61: Meat chicken breeders | S61: Other
D62: ='Input - Poultry'!$D$30 -> Poultry manure with bedding | E62: ='Input - Poultry'!$D$38 -> Solid storage | F62: ='4.6.1.7-8 Leaching and runoff'!F30 -> 0.014254232 | G62: ='4.6.1.7-8 Leaching and runoff'!G30 -> 0.015214758 | H62: ='4.6.1.7-8 Leaching and runoff'!H30 -> 0.017859864 | I62: ='4.6.1.7-8 Leaching and runoff'!I30 -> 0.015214758 | J62: kg N | N62: ='Input - Poultry'!$D$30 -> Poultry manure with bedding | O62: ='Input - Poultry'!$D$38 -> Solid storage | P62: ='4.6.1.7-8 Leaching and runoff'!P30 -> 0.014254232 | Q62: ='4.6.1.7-8 Leaching and runoff'!Q30 -> 0.015214758 | R62: ='4.6.1.7-8 Leaching and runoff'!R30 -> 0.017859864 | S62: ='4.6.1.7-8 Leaching and runoff'!S30 -> 0.015214758 | T62: kg N
E63: ='Input - Poultry'!$D$39 -> Composting (passive windrow) | F63: 0 | G63: 0 | H63: 0 | I63: 0 | J63: kg N | O63: ='Input - Poultry'!$D$39 -> Composting (passive windrow) | P63: 0 | Q63: 0 | R63: 0 | S63: 0 | T63: kg N
E64: ='Input - Poultry'!$D$40 -> Digester / covered lagoons | F64: 0 | G64: 0 | H64: 0 | I64: 0 | J64: kg N | O64: ='Input - Poultry'!$D$40 -> Digester / covered lagoons | P64: 0 | Q64: 0 | R64: 0 | S64: 0 | T64: kg N
E65: ='Input - Poultry'!$D$41 -> Direct processing | F65: 0 | G65: 0 | H65: 0 | I65: 0 | J65: kg N | O65: ='Input - Poultry'!$D$41 -> Direct processing | P65: 0 | Q65: 0 | R65: 0 | S65: 0 | T65: kg N
D66: ='Input - Poultry'!$D$31 -> Belt manure removal | E66: ='Input - Poultry'!$D$45 -> Solid storage | F66: ='4.6.1.7-8 Leaching and runoff'!F31 -> 0.019352312 | G66: ='4.6.1.7-8 Leaching and runoff'!G31 -> 0.020656374 | H66: ='4.6.1.7-8 Leaching and runoff'!H31 -> 0.024247512 | I66: ='4.6.1.7-8 Leaching and runoff'!I31 -> 0.020656374 | J66: kg N | N66: ='Input - Poultry'!$D$31 -> Belt manure removal | O66: ='Input - Poultry'!$D$45 -> Solid storage | P66: ='4.6.1.7-8 Leaching and runoff'!P31 -> 0.019352312 | Q66: ='4.6.1.7-8 Leaching and runoff'!Q31 -> 0.020656374 | R66: ='4.6.1.7-8 Leaching and runoff'!R31 -> 0.024247512 | S66: ='4.6.1.7-8 Leaching and runoff'!S31 -> 0.020656374 | T66: kg N
E67: ='Input - Poultry'!$D$46 -> Composting (passive windrow) | F67: 0 | G67: 0 | H67: 0 | I67: 0 | J67: kg N | O67: ='Input - Poultry'!$D$46 -> Composting (passive windrow) | P67: 0 | Q67: 0 | R67: 0 | S67: 0 | T67: kg N
E68: ='Input - Poultry'!$D$47 -> Digester / covered lagoons | F68: 0 | G68: 0 | H68: 0 | I68: 0 | J68: kg N | O68: ='Input - Poultry'!$D$47 -> Digester / covered lagoons | P68: 0 | Q68: 0 | R68: 0 | S68: 0 | T68: kg N
E69: ='Input - Poultry'!$D$48 -> Direct processing | F69: 0 | G69: 0 | H69: 0 | I69: 0 | J69: kg N | O69: ='Input - Poultry'!$D$48 -> Direct processing | P69: 0 | Q69: 0 | R69: 0 | S69: 0 | T69: kg N
D70: ='Input - Poultry'!$D$32 -> Manure stored in house | E70: ='Input - Poultry'!$D$52 -> Solid storage | F70: ='4.6.1.7-8 Leaching and runoff'!F32 -> 0.012215 | G70: ='4.6.1.7-8 Leaching and runoff'!G32 -> 0.013038112 | H70: ='4.6.1.7-8 Leaching and runoff'!H32 -> 0.015304805 | I70: ='4.6.1.7-8 Leaching and runoff'!I32 -> 0.013038112 | J70: kg N | N70: ='Input - Poultry'!$D$32 -> Manure stored in house | O70: ='Input - Poultry'!$D$52 -> Solid storage | P70: ='4.6.1.7-8 Leaching and runoff'!P32 -> 0.012215 | Q70: ='4.6.1.7-8 Leaching and runoff'!Q32 -> 0.013038112 | R70: ='4.6.1.7-8 Leaching and runoff'!R32 -> 0.015304805 | S70: ='4.6.1.7-8 Leaching and runoff'!S32 -> 0.013038112 | T70: kg N
E71: ='Input - Poultry'!$D$53 -> Composting (passive windrow) | F71: 0 | G71: 0 | H71: 0 | I71: 0 | J71: kg N | O71: ='Input - Poultry'!$D$53 -> Composting (passive windrow) | P71: 0 | Q71: 0 | R71: 0 | S71: 0 | T71: kg N
E72: ='Input - Poultry'!$D$54 -> Digester / covered lagoons | F72: 0 | G72: 0 | H72: 0 | I72: 0 | J72: kg N | O72: ='Input - Poultry'!$D$54 -> Digester / covered lagoons | P72: 0 | Q72: 0 | R72: 0 | S72: 0 | T72: kg N
E73: ='Input - Poultry'!$D$55 -> Direct processing | F73: 0 | G73: 0 | H73: 0 | I73: 0 | J73: kg N | O73: ='Input - Poultry'!$D$55 -> Direct processing | P73: 0 | Q73: 0 | R73: 0 | S73: 0 | T73: kg N
D75: Table_PF
D76: Fraction of manure applied to soils on farm
D77: Stage 1 MMS | E77: Stage 2 MMS | F77: PF
D78: ='Input - Poultry'!$D$30 -> Poultry manure with bedding | E78: ='Input - Poultry'!$D$38 -> Solid storage | F78: ='Input - Poultry'!K38+'Input - Poultry'!L38 -> 0.75 | G78: fraction
E79: ='Input - Poultry'!$D$39 -> Composting (passive windrow) | F79: ='Input - Poultry'!K39+'Input - Poultry'!L39 -> 0.75 | G79: fraction
E80: ='Input - Poultry'!$D$40 -> Digester / covered lagoons | F80: ='Input - Poultry'!K40+'Input - Poultry'!L40 -> 0.75 | G80: fraction
E81: ='Input - Poultry'!$D$41 -> Direct processing | F81: ='Input - Poultry'!K41+'Input - Poultry'!L41 -> 0.75 | G81: fraction
D82: ='Input - Poultry'!$D$31 -> Belt manure removal | E82: ='Input - Poultry'!$D$45 -> Solid storage | F82: ='Input - Poultry'!K45+'Input - Poultry'!L45 -> 0.75 | G82: fraction
E83: ='Input - Poultry'!$D$46 -> Composting (passive windrow) | F83: ='Input - Poultry'!K46+'Input - Poultry'!L46 -> 0.75 | G83: fraction
E84: ='Input - Poultry'!$D$47 -> Digester / covered lagoons | F84: ='Input - Poultry'!K47+'Input - Poultry'!L47 -> 0.75 | G84: fraction
E85: ='Input - Poultry'!$D$48 -> Direct processing | F85: ='Input - Poultry'!K48+'Input - Poultry'!L48 -> 0.75 | G85: fraction
D86: ='Input - Poultry'!$D$32 -> Manure stored in house | E86: ='Input - Poultry'!$D$52 -> Solid storage | F86: ='Input - Poultry'!K52+'Input - Poultry'!L52 -> 0.75 | G86: fraction
E87: ='Input - Poultry'!$D$53 -> Composting (passive windrow) | F87: ='Input - Poultry'!K53+'Input - Poultry'!L53 -> 0.75 | G87: fraction
E88: ='Input - Poultry'!$D$54 -> Digester / covered lagoons | F88: ='Input - Poultry'!K54+'Input - Poultry'!L54 -> 0.75 | G88: fraction
E89: ='Input - Poultry'!$D$55 -> Direct processing | F89: ='Input - Poultry'!K55+'Input - Poultry'!L55 -> 0.75 | G89: fraction
D91: M1_Table_MNSoil_scope1 | N91: M1_Table_MNSoil_scope1
D92: Mass of nitrogen applied to soils for scope 1 | N92: Mass of nitrogen applied to soils for scope 1
D93: Stage 1 MMS | E93: Stage 2 MMS | F93: Layers | G93: Meat chicken growers | H93: Meat chicken breeders | I93: Other | N93: Stage 1 MMS | O93: Stage 2 MMS | P93: Layers | Q93: Meat chicken growers | R93: Meat chicken breeders | S93: Other
D94: ='Input - Poultry'!$D$30 -> Poultry manure with bedding | E94: ='Input - Poultry'!$D$38 -> Solid storage | F94: {=MMS_Poultry_ManureAppliedToSoils_Equations.VEERG_4_6_1_9__1_MassOfNitrogenAppliedToSoilsScope1(F22,_xlfn.XLOOKUP($E94, $D$38:$D$45,$E$38:$E$45), _xlfn.XLOOKUP($E94, $D$50:$D$57,$E$50:$E$57), F62,$F78)} -> 0.41426361 | G94: {=MMS_Poultry_ManureAppliedToSoils_Equations.VEERG_4_6_1_9__1_MassOfNitrogenAppliedToSoilsScope1(G22,_xlfn.XLOOKUP($E94, $D$38:$D$45,$E$38:$E$45), _xlfn.XLOOKUP($E94, $D$50:$D$57,$E$50:$E$57), G62,$F78)} -> 0.44217891 | H94: {=MMS_Poultry_ManureAppliedToSoils_Equations.VEERG_4_6_1_9__1_MassOfNitrogenAppliedToSoilsScope1(H22,_xlfn.XLOOKUP($E94, $D$38:$D$45,$E$38:$E$45), _xlfn.XLOOKUP($E94, $D$50:$D$57,$E$50:$E$57), H62,$F78)} -> 0.51905229 | I94: {=MMS_Poultry_ManureAppliedToSoils_Equations.VEERG_4_6_1_9__1_MassOfNitrogenAppliedToSoilsScope1(I22,_xlfn.XLOOKUP($E94, $D$38:$D$45,$E$38:$E$45), _xlfn.XLOOKUP($E94, $D$50:$D$57,$E$50:$E$57), I62,$F78)} -> 0.44217891 | J94: =$E$11 -> kg N | N94: ='Input - Poultry'!$D$30 -> Poultry manure with bedding | O94: ='Input - Poultry'!$D$38 -> Solid storage | P94: {=MMS_Poultry_ManureAppliedToSoils_Equations.VEERG_4_6_1_9__1_MassOfNitrogenAppliedToSoilsScope1(P22,_xlfn.XLOOKUP($O94, $D$38:$D$45,$E$38:$E$45), _xlfn.XLOOKUP($O94, $D$50:$D$57,$E$50:$E$57), P62,$F78)} -> 0.41426361 | Q94: {=MMS_Poultry_ManureAppliedToSoils_Equations.VEERG_4_6_1_9__1_MassOfNitrogenAppliedToSoilsScope1(Q22,_xlfn.XLOOKUP($O94, $D$38:$D$45,$E$38:$E$45), _xlfn.XLOOKUP($O94, $D$50:$D$57,$E$50:$E$57), Q62,$F78)} -> 0.44217891 | R94: {=MMS_Poultry_ManureAppliedToSoils_Equations.VEERG_4_6_1_9__1_MassOfNitrogenAppliedToSoilsScope1(R22,_xlfn.XLOOKUP($O94, $D$38:$D$45,$E$38:$E$45), _xlfn.XLOOKUP($O94, $D$50:$D$57,$E$50:$E$57), R62,$F78)} -> 0.51905229 | S94: {=MMS_Poultry_ManureAppliedToSoils_Equations.VEERG_4_6_1_9__1_MassOfNitrogenAppliedToSoilsScope1(S22,_xlfn.XLOOKUP($O94, $D$38:$D$45,$E$38:$E$45), _xlfn.XLOOKUP($O94, $D$50:$D$57,$E$50:$E$57), S62,$F78)} -> 0.44217891 | T94: =$E$11 -> kg N
E95: ='Input - Poultry'!$D$39 -> Composting (passive windrow) | F95: {=MMS_Poultry_ManureAppliedToSoils_Equations.VEERG_4_6_1_9__1_MassOfNitrogenAppliedToSoilsScope1(F23,_xlfn.XLOOKUP($E95, $D$38:$D$45,$E$38:$E$45), _xlfn.XLOOKUP($E95, $D$50:$D$57,$E$50:$E$57), F63,$F79)} -> 0.42228161 | G95: {=MMS_Poultry_ManureAppliedToSoils_Equations.VEERG_4_6_1_9__1_MassOfNitrogenAppliedToSoilsScope1(G23,_xlfn.XLOOKUP($E95, $D$38:$D$45,$E$38:$E$45), _xlfn.XLOOKUP($E95, $D$50:$D$57,$E$50:$E$57), G63,$F79)} -> 0.45073722 | H95: {=MMS_Poultry_ManureAppliedToSoils_Equations.VEERG_4_6_1_9__1_MassOfNitrogenAppliedToSoilsScope1(H23,_xlfn.XLOOKUP($E95, $D$38:$D$45,$E$38:$E$45), _xlfn.XLOOKUP($E95, $D$50:$D$57,$E$50:$E$57), H63,$F79)} -> 0.52909847 | I95: {=MMS_Poultry_ManureAppliedToSoils_Equations.VEERG_4_6_1_9__1_MassOfNitrogenAppliedToSoilsScope1(I23,_xlfn.XLOOKUP($E95, $D$38:$D$45,$E$38:$E$45), _xlfn.XLOOKUP($E95, $D$50:$D$57,$E$50:$E$57), I63,$F79)} -> 0.45073722 | J95: =$E$11 -> kg N | O95: ='Input - Poultry'!$D$39 -> Composting (passive windrow) | P95: {=MMS_Poultry_ManureAppliedToSoils_Equations.VEERG_4_6_1_9__1_MassOfNitrogenAppliedToSoilsScope1(P23,_xlfn.XLOOKUP($O95, $D$38:$D$45,$E$38:$E$45), _xlfn.XLOOKUP($O95, $D$50:$D$57,$E$50:$E$57), P63,$F79)} -> 0.42228161 | Q95: {=MMS_Poultry_ManureAppliedToSoils_Equations.VEERG_4_6_1_9__1_MassOfNitrogenAppliedToSoilsScope1(Q23,_xlfn.XLOOKUP($O95, $D$38:$D$45,$E$38:$E$45), _xlfn.XLOOKUP($O95, $D$50:$D$57,$E$50:$E$57), Q63,$F79)} -> 0.45073722 | R95: {=MMS_Poultry_ManureAppliedToSoils_Equations.VEERG_4_6_1_9__1_MassOfNitrogenAppliedToSoilsScope1(R23,_xlfn.XLOOKUP($O95, $D$38:$D$45,$E$38:$E$45), _xlfn.XLOOKUP($O95, $D$50:$D$57,$E$50:$E$57), R63,$F79)} -> 0.52909847 | S95: {=MMS_Poultry_ManureAppliedToSoils_Equations.VEERG_4_6_1_9__1_MassOfNitrogenAppliedToSoilsScope1(S23,_xlfn.XLOOKUP($O95, $D$38:$D$45,$E$38:$E$45), _xlfn.XLOOKUP($O95, $D$50:$D$57,$E$50:$E$57), S63,$F79)} -> 0.45073722 | T95: =$E$11 -> kg N
E96: ='Input - Poultry'!$D$40 -> Digester / covered lagoons | F96: {=MMS_Poultry_ManureAppliedToSoils_Equations.VEERG_4_6_1_9__1_MassOfNitrogenAppliedToSoilsScope1(F24,_xlfn.XLOOKUP($E96, $D$38:$D$45,$E$38:$E$45), _xlfn.XLOOKUP($E96, $D$50:$D$57,$E$50:$E$57), F64,$F80)} -> 0.53453369 | G96: {=MMS_Poultry_ManureAppliedToSoils_Equations.VEERG_4_6_1_9__1_MassOfNitrogenAppliedToSoilsScope1(G24,_xlfn.XLOOKUP($E96, $D$38:$D$45,$E$38:$E$45), _xlfn.XLOOKUP($E96, $D$50:$D$57,$E$50:$E$57), G64,$F80)} -> 0.57055344 | H96: {=MMS_Poultry_ManureAppliedToSoils_Equations.VEERG_4_6_1_9__1_MassOfNitrogenAppliedToSoilsScope1(H24,_xlfn.XLOOKUP($E96, $D$38:$D$45,$E$38:$E$45), _xlfn.XLOOKUP($E96, $D$50:$D$57,$E$50:$E$57), H64,$F80)} -> 0.66974489 | I96: {=MMS_Poultry_ManureAppliedToSoils_Equations.VEERG_4_6_1_9__1_MassOfNitrogenAppliedToSoilsScope1(I24,_xlfn.XLOOKUP($E96, $D$38:$D$45,$E$38:$E$45), _xlfn.XLOOKUP($E96, $D$50:$D$57,$E$50:$E$57), I64,$F80)} -> 0.57055344 | J96: =$E$11 -> kg N | O96: ='Input - Poultry'!$D$40 -> Digester / covered lagoons | P96: {=MMS_Poultry_ManureAppliedToSoils_Equations.VEERG_4_6_1_9__1_MassOfNitrogenAppliedToSoilsScope1(P24,_xlfn.XLOOKUP($O96, $D$38:$D$45,$E$38:$E$45), _xlfn.XLOOKUP($O96, $D$50:$D$57,$E$50:$E$57), P64,$F80)} -> 0.53453369 | Q96: {=MMS_Poultry_ManureAppliedToSoils_Equations.VEERG_4_6_1_9__1_MassOfNitrogenAppliedToSoilsScope1(Q24,_xlfn.XLOOKUP($O96, $D$38:$D$45,$E$38:$E$45), _xlfn.XLOOKUP($O96, $D$50:$D$57,$E$50:$E$57), Q64,$F80)} -> 0.57055344 | R96: {=MMS_Poultry_ManureAppliedToSoils_Equations.VEERG_4_6_1_9__1_MassOfNitrogenAppliedToSoilsScope1(R24,_xlfn.XLOOKUP($O96, $D$38:$D$45,$E$38:$E$45), _xlfn.XLOOKUP($O96, $D$50:$D$57,$E$50:$E$57), R64,$F80)} -> 0.66974489 | S96: {=MMS_Poultry_ManureAppliedToSoils_Equations.VEERG_4_6_1_9__1_MassOfNitrogenAppliedToSoilsScope1(S24,_xlfn.XLOOKUP($O96, $D$38:$D$45,$E$38:$E$45), _xlfn.XLOOKUP($O96, $D$50:$D$57,$E$50:$E$57), S64,$F80)} -> 0.57055344 | T96: =$E$11 -> kg N
E97: ='Input - Poultry'!$D$41 -> Direct processing | F97: {=MMS_Poultry_ManureAppliedToSoils_Equations.VEERG_4_6_1_9__1_MassOfNitrogenAppliedToSoilsScope1(F25,_xlfn.XLOOKUP($E97, $D$38:$D$45,$E$38:$E$45), _xlfn.XLOOKUP($E97, $D$50:$D$57,$E$50:$E$57), F65,$F81)} -> 0.53453369 | G97: {=MMS_Poultry_ManureAppliedToSoils_Equations.VEERG_4_6_1_9__1_MassOfNitrogenAppliedToSoilsScope1(G25,_xlfn.XLOOKUP($E97, $D$38:$D$45,$E$38:$E$45), _xlfn.XLOOKUP($E97, $D$50:$D$57,$E$50:$E$57), G65,$F81)} -> 0.57055344 | H97: {=MMS_Poultry_ManureAppliedToSoils_Equations.VEERG_4_6_1_9__1_MassOfNitrogenAppliedToSoilsScope1(H25,_xlfn.XLOOKUP($E97, $D$38:$D$45,$E$38:$E$45), _xlfn.XLOOKUP($E97, $D$50:$D$57,$E$50:$E$57), H65,$F81)} -> 0.66974489 | I97: {=MMS_Poultry_ManureAppliedToSoils_Equations.VEERG_4_6_1_9__1_MassOfNitrogenAppliedToSoilsScope1(I25,_xlfn.XLOOKUP($E97, $D$38:$D$45,$E$38:$E$45), _xlfn.XLOOKUP($E97, $D$50:$D$57,$E$50:$E$57), I65,$F81)} -> 0.57055344 | J97: =$E$11 -> kg N | O97: ='Input - Poultry'!$D$41 -> Direct processing | P97: {=MMS_Poultry_ManureAppliedToSoils_Equations.VEERG_4_6_1_9__1_MassOfNitrogenAppliedToSoilsScope1(P25,_xlfn.XLOOKUP($O97, $D$38:$D$45,$E$38:$E$45), _xlfn.XLOOKUP($O97, $D$50:$D$57,$E$50:$E$57), P65,$F81)} -> 0.53453369 | Q97: {=MMS_Poultry_ManureAppliedToSoils_Equations.VEERG_4_6_1_9__1_MassOfNitrogenAppliedToSoilsScope1(Q25,_xlfn.XLOOKUP($O97, $D$38:$D$45,$E$38:$E$45), _xlfn.XLOOKUP($O97, $D$50:$D$57,$E$50:$E$57), Q65,$F81)} -> 0.57055344 | R97: {=MMS_Poultry_ManureAppliedToSoils_Equations.VEERG_4_6_1_9__1_MassOfNitrogenAppliedToSoilsScope1(R25,_xlfn.XLOOKUP($O97, $D$38:$D$45,$E$38:$E$45), _xlfn.XLOOKUP($O97, $D$50:$D$57,$E$50:$E$57), R65,$F81)} -> 0.66974489 | S97: {=MMS_Poultry_ManureAppliedToSoils_Equations.VEERG_4_6_1_9__1_MassOfNitrogenAppliedToSoilsScope1(S25,_xlfn.XLOOKUP($O97, $D$38:$D$45,$E$38:$E$45), _xlfn.XLOOKUP($O97, $D$50:$D$57,$E$50:$E$57), S65,$F81)} -> 0.57055344 | T97: =$E$11 -> kg N
D98: ='Input - Poultry'!$D$31 -> Belt manure removal | E98: ='Input - Poultry'!$D$45 -> Solid storage | F98: {=MMS_Poultry_ManureAppliedToSoils_Equations.VEERG_4_6_1_9__1_MassOfNitrogenAppliedToSoilsScope1(F26,_xlfn.XLOOKUP($E98, $D$38:$D$45,$E$38:$E$45), _xlfn.XLOOKUP($E98, $D$50:$D$57,$E$50:$E$57), F66,$F82)} -> 0.56242656 | G98: {=MMS_Poultry_ManureAppliedToSoils_Equations.VEERG_4_6_1_9__1_MassOfNitrogenAppliedToSoilsScope1(G26,_xlfn.XLOOKUP($E98, $D$38:$D$45,$E$38:$E$45), _xlfn.XLOOKUP($E98, $D$50:$D$57,$E$50:$E$57), G66,$F82)} -> 0.60032588 | H98: {=MMS_Poultry_ManureAppliedToSoils_Equations.VEERG_4_6_1_9__1_MassOfNitrogenAppliedToSoilsScope1(H26,_xlfn.XLOOKUP($E98, $D$38:$D$45,$E$38:$E$45), _xlfn.XLOOKUP($E98, $D$50:$D$57,$E$50:$E$57), H66,$F82)} -> 0.70469331 | I98: {=MMS_Poultry_ManureAppliedToSoils_Equations.VEERG_4_6_1_9__1_MassOfNitrogenAppliedToSoilsScope1(I26,_xlfn.XLOOKUP($E98, $D$38:$D$45,$E$38:$E$45), _xlfn.XLOOKUP($E98, $D$50:$D$57,$E$50:$E$57), I66,$F82)} -> 0.60032588 | J98: =$E$11 -> kg N | N98: ='Input - Poultry'!$D$31 -> Belt manure removal | O98: ='Input - Poultry'!$D$45 -> Solid storage | P98: {=MMS_Poultry_ManureAppliedToSoils_Equations.VEERG_4_6_1_9__1_MassOfNitrogenAppliedToSoilsScope1(P26,_xlfn.XLOOKUP($O98, $D$38:$D$45,$E$38:$E$45), _xlfn.XLOOKUP($O98, $D$50:$D$57,$E$50:$E$57), P66,$F82)} -> 0.56242656 | Q98: {=MMS_Poultry_ManureAppliedToSoils_Equations.VEERG_4_6_1_9__1_MassOfNitrogenAppliedToSoilsScope1(Q26,_xlfn.XLOOKUP($O98, $D$38:$D$45,$E$38:$E$45), _xlfn.XLOOKUP($O98, $D$50:$D$57,$E$50:$E$57), Q66,$F82)} -> 0.60032588 | R98: {=MMS_Poultry_ManureAppliedToSoils_Equations.VEERG_4_6_1_9__1_MassOfNitrogenAppliedToSoilsScope1(R26,_xlfn.XLOOKUP($O98, $D$38:$D$45,$E$38:$E$45), _xlfn.XLOOKUP($O98, $D$50:$D$57,$E$50:$E$57), R66,$F82)} -> 0.70469331 | S98: {=MMS_Poultry_ManureAppliedToSoils_Equations.VEERG_4_6_1_9__1_MassOfNitrogenAppliedToSoilsScope1(S26,_xlfn.XLOOKUP($O98, $D$38:$D$45,$E$38:$E$45), _xlfn.XLOOKUP($O98, $D$50:$D$57,$E$50:$E$57), S66,$F82)} -> 0.60032588 | T98: =$E$11 -> kg N
E99: ='Input - Poultry'!$D$46 -> Composting (passive windrow) | F99: {=MMS_Poultry_ManureAppliedToSoils_Equations.VEERG_4_6_1_9__1_MassOfNitrogenAppliedToSoilsScope1(F27,_xlfn.XLOOKUP($E99, $D$38:$D$45,$E$38:$E$45), _xlfn.XLOOKUP($E99, $D$50:$D$57,$E$50:$E$57), F67,$F83)} -> 0.57331223 | G99: {=MMS_Poultry_ManureAppliedToSoils_Equations.VEERG_4_6_1_9__1_MassOfNitrogenAppliedToSoilsScope1(G27,_xlfn.XLOOKUP($E99, $D$38:$D$45,$E$38:$E$45), _xlfn.XLOOKUP($E99, $D$50:$D$57,$E$50:$E$57), G67,$F83)} -> 0.61194509 | H99: {=MMS_Poultry_ManureAppliedToSoils_Equations.VEERG_4_6_1_9__1_MassOfNitrogenAppliedToSoilsScope1(H27,_xlfn.XLOOKUP($E99, $D$38:$D$45,$E$38:$E$45), _xlfn.XLOOKUP($E99, $D$50:$D$57,$E$50:$E$57), H67,$F83)} -> 0.71833254 | I99: {=MMS_Poultry_ManureAppliedToSoils_Equations.VEERG_4_6_1_9__1_MassOfNitrogenAppliedToSoilsScope1(I27,_xlfn.XLOOKUP($E99, $D$38:$D$45,$E$38:$E$45), _xlfn.XLOOKUP($E99, $D$50:$D$57,$E$50:$E$57), I67,$F83)} -> 0.61194509 | J99: =$E$11 -> kg N | O99: ='Input - Poultry'!$D$46 -> Composting (passive windrow) | P99: {=MMS_Poultry_ManureAppliedToSoils_Equations.VEERG_4_6_1_9__1_MassOfNitrogenAppliedToSoilsScope1(P27,_xlfn.XLOOKUP($O99, $D$38:$D$45,$E$38:$E$45), _xlfn.XLOOKUP($O99, $D$50:$D$57,$E$50:$E$57), P67,$F83)} -> 0.57331223 | Q99: {=MMS_Poultry_ManureAppliedToSoils_Equations.VEERG_4_6_1_9__1_MassOfNitrogenAppliedToSoilsScope1(Q27,_xlfn.XLOOKUP($O99, $D$38:$D$45,$E$38:$E$45), _xlfn.XLOOKUP($O99, $D$50:$D$57,$E$50:$E$57), Q67,$F83)} -> 0.61194509 | R99: {=MMS_Poultry_ManureAppliedToSoils_Equations.VEERG_4_6_1_9__1_MassOfNitrogenAppliedToSoilsScope1(R27,_xlfn.XLOOKUP($O99, $D$38:$D$45,$E$38:$E$45), _xlfn.XLOOKUP($O99, $D$50:$D$57,$E$50:$E$57), R67,$F83)} -> 0.71833254 | S99: {=MMS_Poultry_ManureAppliedToSoils_Equations.VEERG_4_6_1_9__1_MassOfNitrogenAppliedToSoilsScope1(S27,_xlfn.XLOOKUP($O99, $D$38:$D$45,$E$38:$E$45), _xlfn.XLOOKUP($O99, $D$50:$D$57,$E$50:$E$57), S67,$F83)} -> 0.61194509 | T99: =$E$11 -> kg N
E100: ='Input - Poultry'!$D$47 -> Digester / covered lagoons | F100: {=MMS_Poultry_ManureAppliedToSoils_Equations.VEERG_4_6_1_9__1_MassOfNitrogenAppliedToSoilsScope1(F28,_xlfn.XLOOKUP($E100, $D$38:$D$45,$E$38:$E$45), _xlfn.XLOOKUP($E100, $D$50:$D$57,$E$50:$E$57), F68,$F84)} -> 0.72571169 | G100: {=MMS_Poultry_ManureAppliedToSoils_Equations.VEERG_4_6_1_9__1_MassOfNitrogenAppliedToSoilsScope1(G28,_xlfn.XLOOKUP($E100, $D$38:$D$45,$E$38:$E$45), _xlfn.XLOOKUP($E100, $D$50:$D$57,$E$50:$E$57), G68,$F84)} -> 0.77461404 | H100: {=MMS_Poultry_ManureAppliedToSoils_Equations.VEERG_4_6_1_9__1_MassOfNitrogenAppliedToSoilsScope1(H28,_xlfn.XLOOKUP($E100, $D$38:$D$45,$E$38:$E$45), _xlfn.XLOOKUP($E100, $D$50:$D$57,$E$50:$E$57), H68,$F84)} -> 0.90928169 | I100: {=MMS_Poultry_ManureAppliedToSoils_Equations.VEERG_4_6_1_9__1_MassOfNitrogenAppliedToSoilsScope1(I28,_xlfn.XLOOKUP($E100, $D$38:$D$45,$E$38:$E$45), _xlfn.XLOOKUP($E100, $D$50:$D$57,$E$50:$E$57), I68,$F84)} -> 0.77461404 | J100: =$E$11 -> kg N | O100: ='Input - Poultry'!$D$47 -> Digester / covered lagoons | P100: {=MMS_Poultry_ManureAppliedToSoils_Equations.VEERG_4_6_1_9__1_MassOfNitrogenAppliedToSoilsScope1(P28,_xlfn.XLOOKUP($O100, $D$38:$D$45,$E$38:$E$45), _xlfn.XLOOKUP($O100, $D$50:$D$57,$E$50:$E$57), P68,$F84)} -> 0.72571169 | Q100: {=MMS_Poultry_ManureAppliedToSoils_Equations.VEERG_4_6_1_9__1_MassOfNitrogenAppliedToSoilsScope1(Q28,_xlfn.XLOOKUP($O100, $D$38:$D$45,$E$38:$E$45), _xlfn.XLOOKUP($O100, $D$50:$D$57,$E$50:$E$57), Q68,$F84)} -> 0.77461404 | R100: {=MMS_Poultry_ManureAppliedToSoils_Equations.VEERG_4_6_1_9__1_MassOfNitrogenAppliedToSoilsScope1(R28,_xlfn.XLOOKUP($O100, $D$38:$D$45,$E$38:$E$45), _xlfn.XLOOKUP($O100, $D$50:$D$57,$E$50:$E$57), R68,$F84)} -> 0.90928169 | S100: {=MMS_Poultry_ManureAppliedToSoils_Equations.VEERG_4_6_1_9__1_MassOfNitrogenAppliedToSoilsScope1(S28,_xlfn.XLOOKUP($O100, $D$38:$D$45,$E$38:$E$45), _xlfn.XLOOKUP($O100, $D$50:$D$57,$E$50:$E$57), S68,$F84)} -> 0.77461404 | T100: =$E$11 -> kg N
E101: ='Input - Poultry'!$D$48 -> Direct processing | F101: {=MMS_Poultry_ManureAppliedToSoils_Equations.VEERG_4_6_1_9__1_MassOfNitrogenAppliedToSoilsScope1(F29,_xlfn.XLOOKUP($E101, $D$38:$D$45,$E$38:$E$45), _xlfn.XLOOKUP($E101, $D$50:$D$57,$E$50:$E$57), F69,$F85)} -> 0.72571169 | G101: {=MMS_Poultry_ManureAppliedToSoils_Equations.VEERG_4_6_1_9__1_MassOfNitrogenAppliedToSoilsScope1(G29,_xlfn.XLOOKUP($E101, $D$38:$D$45,$E$38:$E$45), _xlfn.XLOOKUP($E101, $D$50:$D$57,$E$50:$E$57), G69,$F85)} -> 0.77461404 | H101: {=MMS_Poultry_ManureAppliedToSoils_Equations.VEERG_4_6_1_9__1_MassOfNitrogenAppliedToSoilsScope1(H29,_xlfn.XLOOKUP($E101, $D$38:$D$45,$E$38:$E$45), _xlfn.XLOOKUP($E101, $D$50:$D$57,$E$50:$E$57), H69,$F85)} -> 0.90928169 | I101: {=MMS_Poultry_ManureAppliedToSoils_Equations.VEERG_4_6_1_9__1_MassOfNitrogenAppliedToSoilsScope1(I29,_xlfn.XLOOKUP($E101, $D$38:$D$45,$E$38:$E$45), _xlfn.XLOOKUP($E101, $D$50:$D$57,$E$50:$E$57), I69,$F85)} -> 0.77461404 | J101: =$E$11 -> kg N | O101: ='Input - Poultry'!$D$48 -> Direct processing | P101: {=MMS_Poultry_ManureAppliedToSoils_Equations.VEERG_4_6_1_9__1_MassOfNitrogenAppliedToSoilsScope1(P29,_xlfn.XLOOKUP($O101, $D$38:$D$45,$E$38:$E$45), _xlfn.XLOOKUP($O101, $D$50:$D$57,$E$50:$E$57), P69,$F85)} -> 0.72571169 | Q101: {=MMS_Poultry_ManureAppliedToSoils_Equations.VEERG_4_6_1_9__1_MassOfNitrogenAppliedToSoilsScope1(Q29,_xlfn.XLOOKUP($O101, $D$38:$D$45,$E$38:$E$45), _xlfn.XLOOKUP($O101, $D$50:$D$57,$E$50:$E$57), Q69,$F85)} -> 0.77461404 | R101: {=MMS_Poultry_ManureAppliedToSoils_Equations.VEERG_4_6_1_9__1_MassOfNitrogenAppliedToSoilsScope1(R29,_xlfn.XLOOKUP($O101, $D$38:$D$45,$E$38:$E$45), _xlfn.XLOOKUP($O101, $D$50:$D$57,$E$50:$E$57), R69,$F85)} -> 0.90928169 | S101: {=MMS_Poultry_ManureAppliedToSoils_Equations.VEERG_4_6_1_9__1_MassOfNitrogenAppliedToSoilsScope1(S29,_xlfn.XLOOKUP($O101, $D$38:$D$45,$E$38:$E$45), _xlfn.XLOOKUP($O101, $D$50:$D$57,$E$50:$E$57), S69,$F85)} -> 0.77461404 | T101: =$E$11 -> kg N
D102: ='Input - Poultry'!$D$32 -> Manure stored in house | E102: ='Input - Poultry'!$D$52 -> Solid storage | F102: {=MMS_Poultry_ManureAppliedToSoils_Equations.VEERG_4_6_1_9__1_MassOfNitrogenAppliedToSoilsScope1(F30,_xlfn.XLOOKUP($E102, $D$38:$D$45,$E$38:$E$45), _xlfn.XLOOKUP($E102, $D$50:$D$57,$E$50:$E$57), F70,$F86)} -> 0.35499843 | G102: {=MMS_Poultry_ManureAppliedToSoils_Equations.VEERG_4_6_1_9__1_MassOfNitrogenAppliedToSoilsScope1(G30,_xlfn.XLOOKUP($E102, $D$38:$D$45,$E$38:$E$45), _xlfn.XLOOKUP($E102, $D$50:$D$57,$E$50:$E$57), G70,$F86)} -> 0.37892013 | H102: {=MMS_Poultry_ManureAppliedToSoils_Equations.VEERG_4_6_1_9__1_MassOfNitrogenAppliedToSoilsScope1(H30,_xlfn.XLOOKUP($E102, $D$38:$D$45,$E$38:$E$45), _xlfn.XLOOKUP($E102, $D$50:$D$57,$E$50:$E$57), H70,$F86)} -> 0.44479588 | I102: {=MMS_Poultry_ManureAppliedToSoils_Equations.VEERG_4_6_1_9__1_MassOfNitrogenAppliedToSoilsScope1(I30,_xlfn.XLOOKUP($E102, $D$38:$D$45,$E$38:$E$45), _xlfn.XLOOKUP($E102, $D$50:$D$57,$E$50:$E$57), I70,$F86)} -> 0.37892013 | J102: =$E$11 -> kg N | N102: ='Input - Poultry'!$D$32 -> Manure stored in house | O102: ='Input - Poultry'!$D$52 -> Solid storage | P102: {=MMS_Poultry_ManureAppliedToSoils_Equations.VEERG_4_6_1_9__1_MassOfNitrogenAppliedToSoilsScope1(P30,_xlfn.XLOOKUP($O102, $D$38:$D$45,$E$38:$E$45), _xlfn.XLOOKUP($O102, $D$50:$D$57,$E$50:$E$57), P70,$F86)} -> 0.35499843 | Q102: {=MMS_Poultry_ManureAppliedToSoils_Equations.VEERG_4_6_1_9__1_MassOfNitrogenAppliedToSoilsScope1(Q30,_xlfn.XLOOKUP($O102, $D$38:$D$45,$E$38:$E$45), _xlfn.XLOOKUP($O102, $D$50:$D$57,$E$50:$E$57), Q70,$F86)} -> 0.37892013 | R102: {=MMS_Poultry_ManureAppliedToSoils_Equations.VEERG_4_6_1_9__1_MassOfNitrogenAppliedToSoilsScope1(R30,_xlfn.XLOOKUP($O102, $D$38:$D$45,$E$38:$E$45), _xlfn.XLOOKUP($O102, $D$50:$D$57,$E$50:$E$57), R70,$F86)} -> 0.44479588 | S102: {=MMS_Poultry_ManureAppliedToSoils_Equations.VEERG_4_6_1_9__1_MassOfNitrogenAppliedToSoilsScope1(S30,_xlfn.XLOOKUP($O102, $D$38:$D$45,$E$38:$E$45), _xlfn.XLOOKUP($O102, $D$50:$D$57,$E$50:$E$57), S70,$F86)} -> 0.37892013 | T102: =$E$11 -> kg N
E103: ='Input - Poultry'!$D$53 -> Composting (passive windrow) | F103: {=MMS_Poultry_ManureAppliedToSoils_Equations.VEERG_4_6_1_9__1_MassOfNitrogenAppliedToSoilsScope1(F31,_xlfn.XLOOKUP($E103, $D$38:$D$45,$E$38:$E$45), _xlfn.XLOOKUP($E103, $D$50:$D$57,$E$50:$E$57), F71,$F87)} -> 0.36186937 | G103: {=MMS_Poultry_ManureAppliedToSoils_Equations.VEERG_4_6_1_9__1_MassOfNitrogenAppliedToSoilsScope1(G31,_xlfn.XLOOKUP($E103, $D$38:$D$45,$E$38:$E$45), _xlfn.XLOOKUP($E103, $D$50:$D$57,$E$50:$E$57), G71,$F87)} -> 0.38625407 | H103: {=MMS_Poultry_ManureAppliedToSoils_Equations.VEERG_4_6_1_9__1_MassOfNitrogenAppliedToSoilsScope1(H31,_xlfn.XLOOKUP($E103, $D$38:$D$45,$E$38:$E$45), _xlfn.XLOOKUP($E103, $D$50:$D$57,$E$50:$E$57), H71,$F87)} -> 0.45340484 | I103: {=MMS_Poultry_ManureAppliedToSoils_Equations.VEERG_4_6_1_9__1_MassOfNitrogenAppliedToSoilsScope1(I31,_xlfn.XLOOKUP($E103, $D$38:$D$45,$E$38:$E$45), _xlfn.XLOOKUP($E103, $D$50:$D$57,$E$50:$E$57), I71,$F87)} -> 0.38625407 | J103: =$E$11 -> kg N | O103: ='Input - Poultry'!$D$53 -> Composting (passive windrow) | P103: {=MMS_Poultry_ManureAppliedToSoils_Equations.VEERG_4_6_1_9__1_MassOfNitrogenAppliedToSoilsScope1(P31,_xlfn.XLOOKUP($O103, $D$38:$D$45,$E$38:$E$45), _xlfn.XLOOKUP($O103, $D$50:$D$57,$E$50:$E$57), P71,$F87)} -> 0.36186937 | Q103: {=MMS_Poultry_ManureAppliedToSoils_Equations.VEERG_4_6_1_9__1_MassOfNitrogenAppliedToSoilsScope1(Q31,_xlfn.XLOOKUP($O103, $D$38:$D$45,$E$38:$E$45), _xlfn.XLOOKUP($O103, $D$50:$D$57,$E$50:$E$57), Q71,$F87)} -> 0.38625407 | R103: {=MMS_Poultry_ManureAppliedToSoils_Equations.VEERG_4_6_1_9__1_MassOfNitrogenAppliedToSoilsScope1(R31,_xlfn.XLOOKUP($O103, $D$38:$D$45,$E$38:$E$45), _xlfn.XLOOKUP($O103, $D$50:$D$57,$E$50:$E$57), R71,$F87)} -> 0.45340484 | S103: {=MMS_Poultry_ManureAppliedToSoils_Equations.VEERG_4_6_1_9__1_MassOfNitrogenAppliedToSoilsScope1(S31,_xlfn.XLOOKUP($O103, $D$38:$D$45,$E$38:$E$45), _xlfn.XLOOKUP($O103, $D$50:$D$57,$E$50:$E$57), S71,$F87)} -> 0.38625407 | T103: =$E$11 -> kg N
E104: ='Input - Poultry'!$D$54 -> Digester / covered lagoons | F104: {=MMS_Poultry_ManureAppliedToSoils_Equations.VEERG_4_6_1_9__1_MassOfNitrogenAppliedToSoilsScope1(F32,_xlfn.XLOOKUP($E104, $D$38:$D$45,$E$38:$E$45), _xlfn.XLOOKUP($E104, $D$50:$D$57,$E$50:$E$57), F72,$F88)} -> 0.45806249 | G104: {=MMS_Poultry_ManureAppliedToSoils_Equations.VEERG_4_6_1_9__1_MassOfNitrogenAppliedToSoilsScope1(G32,_xlfn.XLOOKUP($E104, $D$38:$D$45,$E$38:$E$45), _xlfn.XLOOKUP($E104, $D$50:$D$57,$E$50:$E$57), G72,$F88)} -> 0.4889292 | H104: {=MMS_Poultry_ManureAppliedToSoils_Equations.VEERG_4_6_1_9__1_MassOfNitrogenAppliedToSoilsScope1(H32,_xlfn.XLOOKUP($E104, $D$38:$D$45,$E$38:$E$45), _xlfn.XLOOKUP($E104, $D$50:$D$57,$E$50:$E$57), H72,$F88)} -> 0.57393017 | I104: {=MMS_Poultry_ManureAppliedToSoils_Equations.VEERG_4_6_1_9__1_MassOfNitrogenAppliedToSoilsScope1(I32,_xlfn.XLOOKUP($E104, $D$38:$D$45,$E$38:$E$45), _xlfn.XLOOKUP($E104, $D$50:$D$57,$E$50:$E$57), I72,$F88)} -> 0.4889292 | J104: =$E$11 -> kg N | O104: ='Input - Poultry'!$D$54 -> Digester / covered lagoons | P104: {=MMS_Poultry_ManureAppliedToSoils_Equations.VEERG_4_6_1_9__1_MassOfNitrogenAppliedToSoilsScope1(P32,_xlfn.XLOOKUP($O104, $D$38:$D$45,$E$38:$E$45), _xlfn.XLOOKUP($O104, $D$50:$D$57,$E$50:$E$57), P72,$F88)} -> 0.45806249 | Q104: {=MMS_Poultry_ManureAppliedToSoils_Equations.VEERG_4_6_1_9__1_MassOfNitrogenAppliedToSoilsScope1(Q32,_xlfn.XLOOKUP($O104, $D$38:$D$45,$E$38:$E$45), _xlfn.XLOOKUP($O104, $D$50:$D$57,$E$50:$E$57), Q72,$F88)} -> 0.4889292 | R104: {=MMS_Poultry_ManureAppliedToSoils_Equations.VEERG_4_6_1_9__1_MassOfNitrogenAppliedToSoilsScope1(R32,_xlfn.XLOOKUP($O104, $D$38:$D$45,$E$38:$E$45), _xlfn.XLOOKUP($O104, $D$50:$D$57,$E$50:$E$57), R72,$F88)} -> 0.57393017 | S104: {=MMS_Poultry_ManureAppliedToSoils_Equations.VEERG_4_6_1_9__1_MassOfNitrogenAppliedToSoilsScope1(S32,_xlfn.XLOOKUP($O104, $D$38:$D$45,$E$38:$E$45), _xlfn.XLOOKUP($O104, $D$50:$D$57,$E$50:$E$57), S72,$F88)} -> 0.4889292 | T104: =$E$11 -> kg N
E105: ='Input - Poultry'!$D$55 -> Direct processing | F105: {=MMS_Poultry_ManureAppliedToSoils_Equations.VEERG_4_6_1_9__1_MassOfNitrogenAppliedToSoilsScope1(F33,_xlfn.XLOOKUP($E105, $D$38:$D$45,$E$38:$E$45), _xlfn.XLOOKUP($E105, $D$50:$D$57,$E$50:$E$57), F73,$F89)} -> 0.45806249 | G105: {=MMS_Poultry_ManureAppliedToSoils_Equations.VEERG_4_6_1_9__1_MassOfNitrogenAppliedToSoilsScope1(G33,_xlfn.XLOOKUP($E105, $D$38:$D$45,$E$38:$E$45), _xlfn.XLOOKUP($E105, $D$50:$D$57,$E$50:$E$57), G73,$F89)} -> 0.4889292 | H105: {=MMS_Poultry_ManureAppliedToSoils_Equations.VEERG_4_6_1_9__1_MassOfNitrogenAppliedToSoilsScope1(H33,_xlfn.XLOOKUP($E105, $D$38:$D$45,$E$38:$E$45), _xlfn.XLOOKUP($E105, $D$50:$D$57,$E$50:$E$57), H73,$F89)} -> 0.57393017 | I105: {=MMS_Poultry_ManureAppliedToSoils_Equations.VEERG_4_6_1_9__1_MassOfNitrogenAppliedToSoilsScope1(I33,_xlfn.XLOOKUP($E105, $D$38:$D$45,$E$38:$E$45), _xlfn.XLOOKUP($E105, $D$50:$D$57,$E$50:$E$57), I73,$F89)} -> 0.4889292 | J105: =$E$11 -> kg N | O105: ='Input - Poultry'!$D$55 -> Direct processing | P105: {=MMS_Poultry_ManureAppliedToSoils_Equations.VEERG_4_6_1_9__1_MassOfNitrogenAppliedToSoilsScope1(P33,_xlfn.XLOOKUP($O105, $D$38:$D$45,$E$38:$E$45), _xlfn.XLOOKUP($O105, $D$50:$D$57,$E$50:$E$57), P73,$F89)} -> 0.45806249 | Q105: {=MMS_Poultry_ManureAppliedToSoils_Equations.VEERG_4_6_1_9__1_MassOfNitrogenAppliedToSoilsScope1(Q33,_xlfn.XLOOKUP($O105, $D$38:$D$45,$E$38:$E$45), _xlfn.XLOOKUP($O105, $D$50:$D$57,$E$50:$E$57), Q73,$F89)} -> 0.4889292 | R105: {=MMS_Poultry_ManureAppliedToSoils_Equations.VEERG_4_6_1_9__1_MassOfNitrogenAppliedToSoilsScope1(R33,_xlfn.XLOOKUP($O105, $D$38:$D$45,$E$38:$E$45), _xlfn.XLOOKUP($O105, $D$50:$D$57,$E$50:$E$57), R73,$F89)} -> 0.57393017 | S105: {=MMS_Poultry_ManureAppliedToSoils_Equations.VEERG_4_6_1_9__1_MassOfNitrogenAppliedToSoilsScope1(S33,_xlfn.XLOOKUP($O105, $D$38:$D$45,$E$38:$E$45), _xlfn.XLOOKUP($O105, $D$50:$D$57,$E$50:$E$57), S73,$F89)} -> 0.4889292 | T105: =$E$11 -> kg N
D107: MNSoilscope1 | E107: =SUM(F94:I105) -> 26.878168 | F107: =$E$11 -> kg N | N107: MNSoilscope1 | O107: =SUM(P94:S105) -> 26.878168 | P107: =$E$11 -> kg N
D111: {=MMS_Poultry_ManureAppliedToSoils_Equations.VEERG_4_6_1_9__2_MassOfNitrogenAppliedToSoilsScope3_Title()} -> Mass of nitrogen applied to soils for scope 3 emissions
...

Sheet 4.6.1.10-11 Soil direct N2O
A1: #VALUE! | C1: 4.6.1.10-11 Soil direct N2O
A3: =HYPERLINK("#'Home'!A1", "Home") -> Home | D3: Method 1 | M3: Method 2
A4: =HYPERLINK("#'Results'!A1", "Results") -> Results
D5: {=MMS_Poultry_Soil_N2ODirect_Equations.VEERG_4_6_1_10__1_DirectNitrousOxideEmissionsFromPoultryManure_Title()} -> Direct nitrous oxide emissions from poultry manure on pasture
A6: INPUTS | D6: {=MMS_Poultry_Soil_N2ODirect_Equations.VEERG_4_6_1_10__1_DirectNitrousOxideEmissionsFromPoultryManure_Source()} -> VEERG 2026: 4.6.1.10, Equation (1)
A7: =HYPERLINK("#'Input - Site'!A1", "Site") -> Site | D7: Function name | E7: {=Common_InputFunctions.Utility_DisplayFunctionName(E25)} -> =MMS_Poultry_Soil_N2ODirect_Equations.VEERG_4_6_1_10__1_DirectNitrousOxideEmissionsFromPoultryManure
A8: =HYPERLINK("#'Input - Poultry'!A1", "Poultry") -> Poultry
A10: CALCULATIONS | D10: Variable | E10: {=MMS_Poultry_Soil_N2ODirect_Equations.VEERG_4_6_1_10__1_DirectNitrousOxideEmissionsFromPoultryManure_Variable()} -> EM_N2OPRPdir
A11: =HYPERLINK("#'4.6.1.1-2 Methane'!A1", "4.6.1.1-2 Methane") -> 4.6.1.1-2 Methane | D11: Unit | E11: {=MMS_Poultry_Soil_N2ODirect_Equations.VEERG_4_6_1_10__1_DirectNitrousOxideEmissionsFromPoultryManure_Unit()} -> t N2O
A12: =HYPERLINK("#'4.6.1.3-4 Direct N20'!A1", "4.6.1.3-4 Direct N2O") -> 4.6.1.3-4 Direct N2O
A13: =HYPERLINK("#'4.6.1.5-6 Atmos Dep'!A1", "4.6.1.5-6 Soil atm. deposition") -> 4.6.1.5-6 Soil atm. deposition | D13: {=MMS_Poultry_Soil_N2ODirect_Equations.VEERG_4_6_1_10__1_DirectNitrousOxideEmissionsFromPoultryManure_Arguments()} -> MN_jkm14T1 | E13: mass of nitrogen excreted directly on pasture by poultry class and subclass (kg N) | H13: ="See " & D17 -> See M1_Table_MN_j_k_m-14_T-1
A14: =HYPERLINK("#'4.6.1.7-8 Leaching and runoff'!A1", "4.6.1.7-8 Leaching & runoff") -> 4.6.1.7-8 Leaching & runoff | D14: EF_PRP | E14: nitrous oxide emission factor for manure deposited on pasture (kg N2O-N/kg N deposited) | H14: =_xlfn.XLOOKUP(D20,Table_SourceData_Poultry_EFmT[NIR reference],Table_SourceData_Poultry_EFmT[EFmT]) -> 0.02
A15: =HYPERLINK("#'4.6.1.9 Manure applied to soils'!A1", "4.6.1.9 Manure applied to soils") -> 4.6.1.9 Manure applied to soils | D15: C_N2O | E15: factor to convert elemental mass of N2O to molecular mass | H15: =Common_InputFunctions.Utility_LookupValueInTableNumber("N2O",Table_GasToMolecularConversionFactor[Gas],Table_GasToMolecularConversionFactor[Conversion factor combined]) -> 1.5714286
A16: =HYPERLINK("#'4.6.1.10-11 Soil direct N2O'!A1", "4.6.1.10-11 Soil direct N2O") -> 4.6.1.10-11 Soil direct N2O
A17: =HYPERLINK("#'4.6.1.12-13 Soil atmos dep'!A1", "4.6.1.12-13 Soil Atm. deposition") -> 4.6.1.12-13 Soil Atm. deposition | D17: M1_Table_MN_j_k_m-14_T-1 | M17: M1_Table_MN_j_k_m-14_T-1
A18: =HYPERLINK("#'4.6.1.14-15 Soil leach runoff'!A1", "4.6.1.14-15 Soil leach & runoff") -> 4.6.1.14-15 Soil leach & runoff | D18: Mass on nitrogen excreted on pasture range and paddock (Method 1) | M18: Mass on nitrogen excreted on pasture range and paddock (Method 2)
D19: Stage 1 MMS | E19: Layers | F19: Meat chicken growers | G19: Meat chicken breeders | H19: Other | M19: Stage 1 MMS | N19: Layers | O19: Meat chicken growers | P19: Meat chicken breeders | Q19: Other
A20: APPENDICES | D20: ='Input - Poultry'!$D$33 -> Pasture range and paddock | E20: ='4.6.1.3-4 Direct N20'!E111 -> 1.69936 | F20: ='4.6.1.3-4 Direct N20'!F111 -> 1.813872 | G20: ='4.6.1.3-4 Direct N20'!G111 -> 2.129216 | H20: ='4.6.1.3-4 Direct N20'!H111 -> 1.813872 | I20: kg N | M20: ='Input - Poultry'!$D$33 -> Pasture range and paddock | N20: ='4.6.1.3-4 Direct N20'!O111 -> 1.69936 | O20: ='4.6.1.3-4 Direct N20'!P111 -> 1.813872 | P20: ='4.6.1.3-4 Direct N20'!Q111 -> 2.129216 | Q20: ='4.6.1.3-4 Direct N20'!R111 -> 1.813872 | R20: kg N
A21: =HYPERLINK("#'Constants - Poultry'!A1", "Constants - Poultry") -> Constants - Poultry
A22: =HYPERLINK("#'Constants - Livestock'!A1", "Constants - Livestock") -> Constants - Livestock | D22: M1_Table_EM_N2O_PRP_dir | M22: M1_Table_EM_N2O_PRP_dir
A23: =HYPERLINK("#'Constants - Common'!A1", "Constants - Common") -> Constants - Common | D23: Direct nitrous oxide emissions from manure on pasture (Method 1) | M23: Direct nitrous oxide emissions from manure on pasture (Method 1)
A24: =HYPERLINK("#'Acknowledgements'!A1", "Acknowledgements") -> Acknowledgements | D24: Stage 1 MMS | E24: Layers | F24: Meat chicken growers | G24: Meat chicken breeders | H24: Other | M24: Stage 1 MMS | N24: Layers | O24: Meat chicken growers | P24: Meat chicken breeders | Q24: Other
D25: ='Input - Poultry'!$D$33 -> Pasture range and paddock | E25: {=MMS_Poultry_Soil_N2ODirect_Equations.VEERG_4_6_1_10__1_DirectNitrousOxideEmissionsFromPoultryManure(E20,$H$14,$H$15)} -> 5.3408457e-05 | F25: {=MMS_Poultry_Soil_N2ODirect_Equations.VEERG_4_6_1_10__1_DirectNitrousOxideEmissionsFromPoultryManure(F20,$H$14,$H$15)} -> 5.7007406e-05 | G25: {=MMS_Poultry_Soil_N2ODirect_Equations.VEERG_4_6_1_10__1_DirectNitrousOxideEmissionsFromPoultryManure(G20,$H$14,$H$15)} -> 6.6918217e-05 | H25: {=MMS_Poultry_Soil_N2ODirect_Equations.VEERG_4_6_1_10__1_DirectNitrousOxideEmissionsFromPoultryManure(H20,$H$14,$H$15)} -> 5.7007406e-05 | I25: =$E$11 -> t N2O | M25: ='Input - Poultry'!$D$33 -> Pasture range and paddock | N25: {=MMS_Poultry_Soil_N2ODirect_Equations.VEERG_4_6_1_10__1_DirectNitrousOxideEmissionsFromPoultryManure(N20,$H$14,$H$15)} -> 5.3408457e-05 | O25: {=MMS_Poultry_Soil_N2ODirect_Equations.VEERG_4_6_1_10__1_DirectNitrousOxideEmissionsFromPoultryManure(O20,$H$14,$H$15)} -> 5.7007406e-05 | P25: {=MMS_Poultry_Soil_N2ODirect_Equations.VEERG_4_6_1_10__1_DirectNitrousOxideEmissionsFromPoultryManure(P20,$H$14,$H$15)} -> 6.6918217e-05 | Q25: {=MMS_Poultry_Soil_N2ODirect_Equations.VEERG_4_6_1_10__1_DirectNitrousOxideEmissionsFromPoultryManure(Q20,$H$14,$H$15)} -> 5.7007406e-05 | R25: kg N
D27: EMN2O,PRP,dir | E27: =SUM(E25:H25) -> 0.00023434149 | F27: =$E$11 -> t N2O | M27: EMN2O,PRP,dir | N27: =SUM(N25:Q25) -> 0.00023434149 | O27: =$E$11 -> t N2O
D29: {=Common_Equations.Common_ConvertN2OToCO2e_Arguments()} -> EN2O | E29: Nitrous oxide emissions (t N2O) | G29: =E27 -> 0.00023434149 | M29: {=Common_Equations.Common_ConvertN2OToCO2e_Arguments()} -> EN2O | N29: Nitrous oxide emissions (t N2O) | P29: =N27 -> 0.00023434149
D30: GWPN2O | E30: Global warming potential for nitrous oxide (t CO2-e / t N2O) | G30: =Common_InputFunctions.Utility_LookupValueInTableNumber("N2O",[3]!Table_GWPData[Gas],[3]!Table_GWPData[CO2-e factor]) -> 265 | M30: GWPN2O | N30: Global warming potential for nitrous oxide (t CO2-e / t N2O) | P30: =Common_InputFunctions.Utility_LookupValueInTableNumber("N2O",[3]!Table_GWPData[Gas],[3]!Table_GWPData[CO2-e factor]) -> 265
D32: ECO2e | E32: {=Common_Equations.Common_ConvertN2OToCO2e(G29,G30)} -> 0.062100494 | F32: {=Common_Equations.Common_ConvertN2OToCO2e_Unit()} -> t CO2e | M32: ECO2e | N32: {=Common_Equations.Common_ConvertN2OToCO2e(P29,P30)} -> 0.062100494 | O32: {=Common_Equations.Common_ConvertN2OToCO2e_Unit()} -> t CO2e

Sheet 4.6.1.12-13 Soil atmos dep
A1: #VALUE! | C1: 4.6.1.12-13 Soil atmospheric deposition
A3: =HYPERLINK("#'Home'!A1", "Home") -> Home | D3: Method 1 | M3: Method 2
A4: =HYPERLINK("#'Results'!A1", "Results") -> Results
D5: {=MMS_Poultry_Soil_AtmosphericDeposition_Equations.VEERG_4_6_1_12__2_MassOfNitrogenVolatilisedFromPoultryManureOnPasture_Title()} -> Mass of nitrogen volatilised from poultry manure deposited on pasture
A6: INPUTS | D6: {=MMS_Poultry_Soil_AtmosphericDeposition_Equations.VEERG_4_6_1_12__2_MassOfNitrogenVolatilisedFromPoultryManureOnPasture_Source()} -> VEERG 2026: 4.6.1.12, Equation (2)
A7: =HYPERLINK("#'Input - Site'!A1", "Site") -> Site | D7: Function name | E7: {=Common_InputFunctions.Utility_DisplayFunctionName(E24)} -> =MMS_Poultry_Soil_AtmosphericDeposition_Equations.VEERG_4_6_1_12__2_MassOfNitrogenVolatilisedFromPoultryManureOnPasture
A8: =HYPERLINK("#'Input - Poultry'!A1", "Poultry") -> Poultry
A10: CALCULATIONS | D10: Variable | E10: {=MMS_Poultry_Soil_AtmosphericDeposition_Equations.VEERG_4_6_1_12__2_MassOfNitrogenVolatilisedFromPoultryManureOnPasture_Variable()} -> M_vol_m14
A11: =HYPERLINK("#'4.6.1.1-2 Methane'!A1", "4.6.1.1-2 Methane") -> 4.6.1.1-2 Methane | D11: Unit | E11: {=MMS_Poultry_Soil_AtmosphericDeposition_Equations.VEERG_4_6_1_12__2_MassOfNitrogenVolatilisedFromPoultryManureOnPasture_Unit()} -> kg N | G11: No FracGASM_soil value in VEERG doc. Used 0.21 as per dairy, pasture beef etc
A12: =HYPERLINK("#'4.6.1.3-4 Direct N20'!A1", "4.6.1.3-4 Direct N2O") -> 4.6.1.3-4 Direct N2O
A13: =HYPERLINK("#'4.6.1.5-6 Atmos Dep'!A1", "4.6.1.5-6 Soil atm. deposition") -> 4.6.1.5-6 Soil atm. deposition | D13: {=MMS_Poultry_Soil_AtmosphericDeposition_Equations.VEERG_4_6_1_12__2_MassOfNitrogenVolatilisedFromPoultryManureOnPasture_Arguments()} -> MN_jkm14T1 | E13: mass of nitrogen excreted directly on pasture by poultry class and subclass (kg N) | H13: ="See " & D16 -> See M1_Table_MN_j_k_m-14_T-1
A14: =HYPERLINK("#'4.6.1.7-8 Leaching and runoff'!A1", "4.6.1.7-8 Leaching & runoff") -> 4.6.1.7-8 Leaching & runoff | D14: FracGASMsoil | E14: fraction of nitrogen volatilised from manure deposited on pasture ((kg NH3-N + NOx-N)/kg N) | H14: 0.21
A15: =HYPERLINK("#'4.6.1.9 Manure applied to soils'!A1", "4.6.1.9 Manure applied to soils") -> 4.6.1.9 Manure applied to soils
A16: =HYPERLINK("#'4.6.1.10-11 Soil direct N2O'!A1", "4.6.1.10-11 Soil direct N2O") -> 4.6.1.10-11 Soil direct N2O | D16: M1_Table_MN_j_k_m-14_T-1 | M16: M2_Table_MN_j_k_m-14_T-1
A17: =HYPERLINK("#'4.6.1.12-13 Soil atmos dep'!A1", "4.6.1.12-13 Soil Atm. deposition") -> 4.6.1.12-13 Soil Atm. deposition | D17: Mass on nitrogen excreted on pasture range and paddock (Method 1) | M17: Mass on nitrogen excreted on pasture range and paddock (Method 2)
A18: =HYPERLINK("#'4.6.1.14-15 Soil leach runoff'!A1", "4.6.1.14-15 Soil leach & runoff") -> 4.6.1.14-15 Soil leach & runoff | D18: Stage 1 MMS | E18: Layers | F18: Meat chicken growers | G18: Meat chicken breeders | H18: Other | M18: Stage 1 MMS | N18: Layers | O18: Meat chicken growers | P18: Meat chicken breeders | Q18: Other
D19: ='Input - Poultry'!$D$33 -> Pasture range and paddock | E19: ='4.6.1.3-4 Direct N20'!E111 -> 1.69936 | F19: ='4.6.1.3-4 Direct N20'!F111 -> 1.813872 | G19: ='4.6.1.3-4 Direct N20'!G111 -> 2.129216 | H19: ='4.6.1.3-4 Direct N20'!H111 -> 1.813872 | I19: kg N | M19: ='Input - Poultry'!$D$33 -> Pasture range and paddock | N19: ='4.6.1.3-4 Direct N20'!O111 -> 1.69936 | O19: ='4.6.1.3-4 Direct N20'!P111 -> 1.813872 | P19: ='4.6.1.3-4 Direct N20'!Q111 -> 2.129216 | Q19: ='4.6.1.3-4 Direct N20'!R111 -> 1.813872 | R19: kg N
A20: APPENDICES
A21: =HYPERLINK("#'Constants - Poultry'!A1", "Constants - Poultry") -> Constants - Poultry | D21: M1_Table_M_vol_m-14 | M21: M1_Table_M_vol_m-14
A22: =HYPERLINK("#'Constants - Livestock'!A1", "Constants - Livestock") -> Constants - Livestock | D22: Mass on nitrogen excreted on pasture range and paddock (Method 1) | M22: Mass on nitrogen excreted on pasture range and paddock (Method 1)
A23: =HYPERLINK("#'Constants - Common'!A1", "Constants - Common") -> Constants - Common | D23: Stage 1 MMS | E23: Layers | F23: Meat chicken growers | G23: Meat chicken breeders | H23: Other | M23: Stage 1 MMS | N23: Layers | O23: Meat chicken growers | P23: Meat chicken breeders | Q23: Other
A24: =HYPERLINK("#'Acknowledgements'!A1", "Acknowledgements") -> Acknowledgements | D24: ='Input - Poultry'!$D$33 -> Pasture range and paddock | E24: {=MMS_Poultry_Soil_AtmosphericDeposition_Equations.VEERG_4_6_1_12__2_MassOfNitrogenVolatilisedFromPoultryManureOnPasture(E19,$H$14)} -> 0.3568656 | F24: {=MMS_Poultry_Soil_AtmosphericDeposition_Equations.VEERG_4_6_1_12__2_MassOfNitrogenVolatilisedFromPoultryManureOnPasture(F19,$H$14)} -> 0.38091312 | G24: {=MMS_Poultry_Soil_AtmosphericDeposition_Equations.VEERG_4_6_1_12__2_MassOfNitrogenVolatilisedFromPoultryManureOnPasture(G19,$H$14)} -> 0.44713536 | H24: {=MMS_Poultry_Soil_AtmosphericDeposition_Equations.VEERG_4_6_1_12__2_MassOfNitrogenVolatilisedFromPoultryManureOnPasture(H19,$H$14)} -> 0.38091312 | I24: =$E$11 -> kg N | M24: ='Input - Poultry'!$D$33 -> Pasture range and paddock | N24: {=MMS_Poultry_Soil_AtmosphericDeposition_Equations.VEERG_4_6_1_12__2_MassOfNitrogenVolatilisedFromPoultryManureOnPasture(N19,$H$14)} -> 0.3568656 | O24: {=MMS_Poultry_Soil_AtmosphericDeposition_Equations.VEERG_4_6_1_12__2_MassOfNitrogenVolatilisedFromPoultryManureOnPasture(O19,$H$14)} -> 0.38091312 | P24: {=MMS_Poultry_Soil_AtmosphericDeposition_Equations.VEERG_4_6_1_12__2_MassOfNitrogenVolatilisedFromPoultryManureOnPasture(P19,$H$14)} -> 0.44713536 | Q24: {=MMS_Poultry_Soil_AtmosphericDeposition_Equations.VEERG_4_6_1_12__2_MassOfNitrogenVolatilisedFromPoultryManureOnPasture(Q19,$H$14)} -> 0.38091312 | R24: =$E$11 -> kg N
D26: Mvol,m=14 | E26: =SUM(E24:H24) -> 1.5658272 | F26: =$E$11 -> kg N | M26: Mvol,m=14 | N26: =SUM(N24:Q24) -> 1.5658272 | O26: =$E$11 -> kg N
D30: {=MMS_Poultry_Soil_AtmosphericDeposition_Equations.VEERG_4_6_1_12__1_AtmosphericDepositionEmissionsFromPoultryManureOnPasture_Title()} -> Atmospheric deposition emissions from poultry manure deposited on pasture
D31: {=MMS_Poultry_Soil_AtmosphericDeposition_Equations.VEERG_4_6_1_12__1_AtmosphericDepositionEmissionsFromPoultryManureOnPasture_Source()} -> VEERG 2026: 4.6.1.12, Equation (1)
D32: Function name | E32: {=Common_InputFunctions.Utility_DisplayFunctionName(E45)} -> =MMS_Poultry_Soil_AtmosphericDeposition_Equations.VEERG_4_6_1_12__1_AtmosphericDepositionEmissionsFromPoultryManureOnPasture
D35: Variable | E35: {=MMS_Poultry_Soil_AtmosphericDeposition_Equations.VEERG_4_6_1_12__1_AtmosphericDepositionEmissionsFromPoultryManureOnPasture_Variable()} -> E_N2Oad
D36: Unit | E36: {=MMS_Poultry_Soil_AtmosphericDeposition_Equations.VEERG_4_6_1_12__1_AtmosphericDepositionEmissionsFromPoultryManureOnPasture_Unit()} -> t N2O
D38: {=MMS_Poultry_Soil_AtmosphericDeposition_Equations.VEERG_4_6_1_12__1_AtmosphericDepositionEmissionsFromPoultryManureOnPasture_Arguments()} -> M_vol_m14 | E38: mass of nitrogen volatilised from manure deposited on pasture (kg N) | G38: =E26 -> 1.5658272 | M38: {=MMS_Poultry_Soil_AtmosphericDeposition_Equations.VEERG_4_6_1_12__1_AtmosphericDepositionEmissionsFromPoultryManureOnPasture_Arguments()} -> M_vol_m14 | N38: mass of nitrogen volatilised from manure deposited on pasture (kg N) | P38: =N26 -> 1.5658272
D39: EF_N2O | E39: emission factor for atmospheric deposition (kg N2O-N/kg N) | G39: =Common_InputFunctions.Utility_LookupN2OEFFromProdIrrigationRainfall(G41,G42,G43,Table_SourceData_Common_EFN2O[Production system only],Table_SourceData_Common_EFN2O[Irrigation method],Table_SourceData_Common_EFN2O[Rainfall zone],Table_SourceData_Common_EFN2O[EFN2O]) -> 0.007 | M39: EF_N2O | N39: emission factor for atmospheric deposition (kg N2O-N/kg N) | P39: =Common_InputFunctions.Utility_LookupN2OEFFromProdIrrigationRainfall(P41,P42,P43,Table_SourceData_Common_EFN2O[Production system only],Table_SourceData_Common_EFN2O[Irrigation method],Table_SourceData_Common_EFN2O[Rainfall zone],Table_SourceData_Common_EFN2O[EFN2O]) -> 0.007
D40: C_N2O | E40: factor to convert elemental mass of N2O to molecular mass | G40: =Common_InputFunctions.Utility_LookupValueInTableNumber("N2O",Table_GasToMolecularConversionFactor[Gas],Table_GasToMolecularConversionFactor[Conversion factor combined]) -> 1.5714286 | M40: C_N2O | N40: factor to convert elemental mass of N2O to molecular mass | P40: =Common_InputFunctions.Utility_LookupValueInTableNumber("N2O",Table_GasToMolecularConversionFactor[Gas],Table_GasToMolecularConversionFactor[Conversion factor combined]) -> 1.5714286
D41: j | E41: production system | G41: ='Input - Poultry'!$E$59 -> Crop | M41: j | N41: production system | P41: ='Input - Poultry'!$E$59 -> Crop
D42: ir | E42: irrigation method | G42: ='Input - Poultry'!$E$60 -> Sprinkler irrigation | M42: ir | N42: irrigation method | P42: ='Input - Poultry'!$E$60 -> Sprinkler irrigation
D43: r | E43: rainfall region | G43: ='Input - Site'!$E$30 -> High rainfall | M43: r | N43: rainfall region | P43: ='Input - Site'!$E$30 -> High rainfall
D45: EN2O,ad | E45: {=MMS_Poultry_Soil_AtmosphericDeposition_Equations.VEERG_4_6_1_12__1_AtmosphericDepositionEmissionsFromPoultryManureOnPasture(G38,$G$39,$G$40)} -> 1.7224099e-05 | F45: =$E$36 -> t N2O | M45: EN2O,ad | N45: {=MMS_Poultry_Soil_AtmosphericDeposition_Equations.VEERG_4_6_1_12__1_AtmosphericDepositionEmissionsFromPoultryManureOnPasture(P38,$G$39,$G$40)} -> 1.7224099e-05 | O45: =$E$36 -> t N2O
D47: {=Common_Equations.Common_ConvertN2OToCO2e_Arguments()} -> EN2O | E47: Nitrous oxide emissions (t N2O) | G47: =E45 -> 1.7224099e-05 | M47: {=Common_Equations.Common_ConvertN2OToCO2e_Arguments()} -> EN2O | N47: Nitrous oxide emissions (t N2O) | P47: =N45 -> 1.7224099e-05
D48: GWPN2O | E48: Global warming potential for nitrous oxide (t CO2-e / t N2O) | G48: =Common_InputFunctions.Utility_LookupValueInTableNumber("N2O",[3]!Table_GWPData[Gas],[3]!Table_GWPData[CO2-e factor]) -> 265 | M48: GWPN2O | N48: Global warming potential for nitrous oxide (t CO2-e / t N2O) | P48: =Common_InputFunctions.Utility_LookupValueInTableNumber("N2O",[3]!Table_GWPData[Gas],[3]!Table_GWPData[CO2-e factor]) -> 265
D50: ECO2e | E50: {=Common_Equations.Common_ConvertN2OToCO2e(G47,G48)} -> 0.0045643863 | F50: {=Common_Equations.Common_ConvertN2OToCO2e_Unit()} -> t CO2e | M50: ECO2e | N50: {=Common_Equations.Common_ConvertN2OToCO2e(P47,P48)} -> 0.0045643863 | O50: {=Common_Equations.Common_ConvertN2OToCO2e_Unit()} -> t CO2e

Sheet 4.6.1.14-15 Soil leach runoff
A1: #VALUE! | C1: 4.6.1.14-15 Soil leaching and runoff
A3: =HYPERLINK("#'Home'!A1", "Home") -> Home | D3: Method 1 | M3: Method 1
A4: =HYPERLINK("#'Results'!A1", "Results") -> Results
D5: {=MMS_Poultry_Soil_LeachingAndRunoff_Equations.VEERG_4_6_1_14__2_MassOfNitrogenLostToLeachingAndRunoffFromPoultryManureOnPasture_Title()} -> Mass of nitrogen lost to leaching and runoff from poultry manure deposited on pasture
A6: INPUTS | D6: {=MMS_Poultry_Soil_LeachingAndRunoff_Equations.VEERG_4_6_1_14__2_MassOfNitrogenLostToLeachingAndRunoffFromPoultryManureOnPasture_Source()} -> VEERG 2026: 4.6.1.14, Equation (2)
A7: =HYPERLINK("#'Input - Site'!A1", "Site") -> Site | D7: Function name | E7: {=Common_InputFunctions.Utility_DisplayFunctionName(E28)} -> =MMS_Poultry_Soil_LeachingAndRunoff_Equations.VEERG_4_6_1_14__2_MassOfNitrogenLostToLeachingAndRunoffFromPoultryManureOnPasture
A8: =HYPERLINK("#'Input - Poultry'!A1", "Poultry") -> Poultry
A10: CALCULATIONS | D10: Variable | E10: {=MMS_Poultry_Soil_LeachingAndRunoff_Equations.VEERG_4_6_1_14__2_MassOfNitrogenLostToLeachingAndRunoffFromPoultryManureOnPasture_Variable()} -> M_leach_m14
A11: =HYPERLINK("#'4.6.1.1-2 Methane'!A1", "4.6.1.1-2 Methane") -> 4.6.1.1-2 Methane | D11: Unit | E11: {=MMS_Poultry_Soil_LeachingAndRunoff_Equations.VEERG_4_6_1_14__2_MassOfNitrogenLostToLeachingAndRunoffFromPoultryManureOnPasture_Unit()} -> kg N
A12: =HYPERLINK("#'4.6.1.3-4 Direct N20'!A1", "4.6.1.3-4 Direct N2O") -> 4.6.1.3-4 Direct N2O
A13: =HYPERLINK("#'4.6.1.5-6 Atmos Dep'!A1", "4.6.1.5-6 Soil atm. deposition") -> 4.6.1.5-6 Soil atm. deposition | D13: {=MMS_Poultry_Soil_LeachingAndRunoff_Equations.VEERG_4_6_1_14__2_MassOfNitrogenLostToLeachingAndRunoffFromPoultryManureOnPasture_Arguments()} -> MN_jkm14T1 | E13: mass of nitrogen excreted directly on pasture by poultry class and subclass (kg N) | H13: ="See " &D20 -> See M1_Table_MN_j_k_m-14_T-1
A14: =HYPERLINK("#'4.6.1.7-8 Leaching and runoff'!A1", "4.6.1.7-8 Leaching & runoff") -> 4.6.1.7-8 Leaching & runoff | D14: FracWet | E14: fraction of N available for leaching and runoff | H14: =Common_InputFunctions.CommonCropping_GetFracWET(H16,H18,Table_SourceData_FracWET[Is in leaching zone],Table_SourceData_FracWET[FracWET],Table_SourceData_FracWETIrrigation[Irrigation type i],Table_SourceData_FracWETIrrigation[FracWET]) -> 1
A15: =HYPERLINK("#'4.6.1.9 Manure applied to soils'!A1", "4.6.1.9 Manure applied to soils") -> 4.6.1.9 Manure applied to soils | D15: FracLEACH_MS | E15: fraction of N that is lost through leaching and runoff | H15: ='Constants - Poultry'!$E$111 -> 0.02
A16: =HYPERLINK("#'4.6.1.10-11 Soil direct N2O'!A1", "4.6.1.10-11 Soil direct N2O") -> 4.6.1.10-11 Soil direct N2O | D16: z | E16: location in leaching zone | H16: ='Input - Site'!$E$23 -> NO - Not in leaching zone
A17: =HYPERLINK("#'4.6.1.12-13 Soil atmos dep'!A1", "4.6.1.12-13 Soil Atm. deposition") -> 4.6.1.12-13 Soil Atm. deposition | D17: j | E17: production system | H17: ='Input - Poultry'!$E$59 -> Crop
A18: =HYPERLINK("#'4.6.1.14-15 Soil leach runoff'!A1", "4.6.1.14-15 Soil leach & runoff") -> 4.6.1.14-15 Soil leach & runoff | D18: ir | E18: irrigation method | H18: ='Input - Poultry'!$E$60 -> Sprinkler irrigation
A20: APPENDICES | D20: M1_Table_MN_j_k_m-14_T-1 | M20: M2_Table_MN_j_k_m-14_T-1
A21: =HYPERLINK("#'Constants - Poultry'!A1", "Constants - Poultry") -> Constants - Poultry | D21: Mass on nitrogen excreted on pasture range and paddock (Method 1) | M21: Mass on nitrogen excreted on pasture range and paddock (Method 2)
A22: =HYPERLINK("#'Constants - Livestock'!A1", "Constants - Livestock") -> Constants - Livestock | D22: Stage 1 MMS | E22: Layers | F22: Meat chicken growers | G22: Meat chicken breeders | H22: Other | M22: Stage 1 MMS | N22: Layers | O22: Meat chicken growers | P22: Meat chicken breeders | Q22: Other
A23: =HYPERLINK("#'Constants - Common'!A1", "Constants - Common") -> Constants - Common | D23: ='Input - Poultry'!$D$33 -> Pasture range and paddock | E23: ='4.6.1.3-4 Direct N20'!E111 -> 1.69936 | F23: ='4.6.1.3-4 Direct N20'!F111 -> 1.813872 | G23: ='4.6.1.3-4 Direct N20'!G111 -> 2.129216 | H23: ='4.6.1.3-4 Direct N20'!H111 -> 1.813872 | I23: kg N | M23: ='Input - Poultry'!$D$33 -> Pasture range and paddock | N23: ='4.6.1.3-4 Direct N20'!O111 -> 1.69936 | O23: ='4.6.1.3-4 Direct N20'!P111 -> 1.813872 | P23: ='4.6.1.3-4 Direct N20'!Q111 -> 2.129216 | Q23: ='4.6.1.3-4 Direct N20'!R111 -> 1.813872 | R23: kg N
A24: =HYPERLINK("#'Acknowledgements'!A1", "Acknowledgements") -> Acknowledgements
D25: M1_Table_M_vol_m-14 | M25: M2_Table_M_vol_m-14
D26: Mass on nitrogen excreted on pasture range and paddock (Method 1) | M26: Mass on nitrogen excreted on pasture range and paddock (Method 2)
D27: Stage 1 MMS | E27: Layers | F27: Meat chicken growers | G27: Meat chicken breeders | H27: Other | M27: Stage 1 MMS | N27: Layers | O27: Meat chicken growers | P27: Meat chicken breeders | Q27: Other
D28: ='Input - Poultry'!$D$33 -> Pasture range and paddock | E28: {=MMS_Poultry_Soil_LeachingAndRunoff_Equations.VEERG_4_6_1_14__2_MassOfNitrogenLostToLeachingAndRunoffFromPoultryManureOnPasture(E23,$H$14,$H$15)} -> 0.0339872 | F28: {=MMS_Poultry_Soil_LeachingAndRunoff_Equations.VEERG_4_6_1_14__2_MassOfNitrogenLostToLeachingAndRunoffFromPoultryManureOnPasture(F23,$H$14,$H$15)} -> 0.03627744 | G28: {=MMS_Poultry_Soil_LeachingAndRunoff_Equations.VEERG_4_6_1_14__2_MassOfNitrogenLostToLeachingAndRunoffFromPoultryManureOnPasture(G23,$H$14,$H$15)} -> 0.04258432 | H28: {=MMS_Poultry_Soil_LeachingAndRunoff_Equations.VEERG_4_6_1_14__2_MassOfNitrogenLostToLeachingAndRunoffFromPoultryManureOnPasture(H23,$H$14,$H$15)} -> 0.03627744 | I28: =$E$11 -> kg N | M28: ='Input - Poultry'!$D$33 -> Pasture range and paddock | N28: {=MMS_Poultry_Soil_LeachingAndRunoff_Equations.VEERG_4_6_1_14__2_MassOfNitrogenLostToLeachingAndRunoffFromPoultryManureOnPasture(N23,$H$14,$H$15)} -> 0.0339872 | O28: {=MMS_Poultry_Soil_LeachingAndRunoff_Equations.VEERG_4_6_1_14__2_MassOfNitrogenLostToLeachingAndRunoffFromPoultryManureOnPasture(O23,$H$14,$H$15)} -> 0.03627744 | P28: {=MMS_Poultry_Soil_LeachingAndRunoff_Equations.VEERG_4_6_1_14__2_MassOfNitrogenLostToLeachingAndRunoffFromPoultryManureOnPasture(P23,$H$14,$H$15)} -> 0.04258432 | Q28: {=MMS_Poultry_Soil_LeachingAndRunoff_Equations.VEERG_4_6_1_14__2_MassOfNitrogenLostToLeachingAndRunoffFromPoultryManureOnPasture(Q23,$H$14,$H$15)} -> 0.03627744 | R28: =$E$11 -> kg N
D30: Mleach,m=14 | E30: =SUM(E28:H28) -> 0.1491264 | F30: =$E$11 -> kg N | M30: Mleach,m=14 | N30: =SUM(N28:Q28) -> 0.1491264 | O30: =$E$11 -> kg N
D35: {=MMS_Poultry_Soil_LeachingAndRunoff_Equations.VEERG_4_6_1_14__1_LeachingAndRunoffEmissionsFromPoultryManureOnPasture_Title()} -> Leaching and runoff emissions from poultry manure deposited on pasture
D36: {=MMS_Poultry_Soil_LeachingAndRunoff_Equations.VEERG_4_6_1_14__1_LeachingAndRunoffEmissionsFromPoultryManureOnPasture_Source()} -> VEERG 2026: 4.6.1.14, Equation (1)
D37: Function name | E37: {=Common_InputFunctions.Utility_DisplayFunctionName(E47)} -> =MMS_Poultry_Soil_LeachingAndRunoff_Equations.VEERG_4_6_1_14__1_LeachingAndRunoffEmissionsFromPoultryManureOnPasture
D40: Variable | E40: {=MMS_Poultry_Soil_LeachingAndRunoff_Equations.VEERG_4_6_1_14__1_LeachingAndRunoffEmissionsFromPoultryManureOnPasture_Variable()} -> E_N2Oleach
D41: Unit | E41: {=MMS_Poultry_Soil_LeachingAndRunoff_Equations.VEERG_4_6_1_14__1_LeachingAndRunoffEmissionsFromPoultryManureOnPasture_Unit()} -> t N2O
