Workbook
Name Common_Equations.Common_ConvertCH4ToCO2e: _xlfn.LAMBDA(_xlpm.E_CH4,_xlpm.GWP_CH4, _xlpm.E_CH4 * _xlpm.GWP_CH4)
Name Common_Equations.Common_ConvertCH4ToCO2e_Arguments: _xlfn.LAMBDA(_xlfn.MAKEARRAY(2, 2, _xlfn.LAMBDA(_xlpm.r,_xlpm.c, INDEX({"ECH4","Methane emissions (t CH4)";"GWPCH4","Global warming potential for methane (t CO2-e / t CH4)"}, _xlpm.r, _xlpm.c))))
Name Common_Equations.Common_ConvertCH4ToCO2e_LatexEquation: _xlfn.LAMBDA("CO2_e = E_{CH4} \times GWP_{CH4}")
Name Common_Equations.Common_ConvertCH4ToCO2e_NIRReference: _xlfn.LAMBDA("")
Name Common_Equations.Common_ConvertCH4ToCO2e_Title: _xlfn.LAMBDA("Convert methane emissions to carbon dioxide equivalent emissions")
Name Common_Equations.Common_ConvertCH4ToCO2e_Unit: _xlfn.LAMBDA("t CO2e")
Name Common_Equations.Common_ConvertCH4ToCO2e_Variable: _xlfn.LAMBDA("ECH4 CO2e")
Name Common_Equations.Common_ConvertN2OToCO2e: _xlfn.LAMBDA(_xlpm.E_N2O,_xlpm.GWP_N2O, _xlpm.E_N2O * _xlpm.GWP_N2O)
Name Common_Equations.Common_ConvertN2OToCO2e_LatexEquation: _xlfn.LAMBDA("CO2_e = E_{N2O} \times GWP_{N2O}")
Name Common_Equations.Common_ConvertN2OToCO2e_NIRReference: _xlfn.LAMBDA("")
Name Common_Equations.Common_ConvertN2OToCO2e_Title: _xlfn.LAMBDA("Convert nitrous oxide emissions to carbon dioxide equivalent emissions")
Name Common_Equations.Common_ConvertN2OToCO2e_Unit: _xlfn.LAMBDA("t CO2e")
Name Common_Equations.Common_ConvertN2OToCO2e_Variable: _xlfn.LAMBDA("EN2O CO2e")
Name Common_InputFunctions.Utility_ConvertStateCommonNameToAbbreviation: _xlfn.LAMBDA(_xlpm.StateCommonName,_xlpm.StateCommonNameArray,_xlpm.StateAbbreviationArray, _xlfn.XLOOKUP(_xlpm.StateCommonName, _xlpm.StateCommonNameArray, _xlpm.StateAbbreviationArray, ""))
Name Common_InputFunctions.Utility_DisplayFunctionName: _xlfn.LAMBDA(_xlpm.Function, _xlfn.TEXTBEFORE(_xlfn.FORMULATEXT(_xlpm.Function), "("))
Name Common_InputFunctions.Utility_GetArrayTableColumnStartNumber: _xlfn.LAMBDA(_xlpm.TableHeaderCell, COLUMN(_xlpm.TableHeaderCell))
Name Common_InputFunctions.Utility_GetArrayTableRowStartNumber: _xlfn.LAMBDA(_xlpm.TableheaderCell,_xlpm.RowsBetweenHeaderandArray, ROW(_xlpm.TableheaderCell) + _xlpm.RowsBetweenHeaderandArray - 1)
Name Common_InputFunctions.Utility_LookupValueInTable: _xlfn.LAMBDA(_xlpm.LookupValue,_xlpm.LookupArray,_xlpm.ReturnArray, _xlfn.XLOOKUP(_xlpm.LookupValue, _xlpm.LookupArray, _xlpm.ReturnArray, ""))
Name Common_SourceData.Common_SourceData_AustralianStatesTerritories_Source: _xlfn.LAMBDA("")
Name Common_SourceData.Common_SourceData_AustralianStatesTerritories_Title: _xlfn.LAMBDA("Australian states and territories")
Name Common_SourceData.Common_SourceData_AustralianStatesTerritories_Unit: _xlfn.LAMBDA("")
Name Common_SourceData.Common_SourceData_AustralianStatesTerritories_Variable: _xlfn.LAMBDA("")
Name Common_SourceData.Common_SourceData_ClimateZones_Source: _xlfn.LAMBDA("VEERG 2026: Table 1.3: Climate and Rainfall zone classifications and definitions")
Name Common_SourceData.Common_SourceData_ClimateZones_Title: _xlfn.LAMBDA("VEERG Australian climate zones")
Name Common_SourceData.Common_SourceData_ClimateZones_Unit: _xlfn.LAMBDA("")
Name Common_SourceData.Common_SourceData_ClimateZones_Variable: _xlfn.LAMBDA("")
Name Common_SourceData.Common_SourceData_ConvertGasElementalToMolecular_Source: _xlfn.LAMBDA("XXXXXXX")
Name Common_SourceData.Common_SourceData_ConvertGasElementalToMolecular_Title: _xlfn.LAMBDA("Factor to convert elemental mass of gas to molecular mass")
Name Common_SourceData.Common_SourceData_ConvertGasElementalToMolecular_Unit: _xlfn.LAMBDA("factor")
Name Common_SourceData.Common_SourceData_ConvertGasElementalToMolecular_Variable: _xlfn.LAMBDA("Cg")
Name Common_SourceData.Common_SourceData_ConvertN2oElementalToMolecularCg_Data: _xlfn.LAMBDA(44 / 28)
Name Common_SourceData.Common_SourceData_ConvertN2oElementalToMolecularCg_Source: _xlfn.LAMBDA("National Inventory Report 2023 Volume 1")
Name Common_SourceData.Common_SourceData_ConvertN2oElementalToMolecularCg_Title: _xlfn.LAMBDA("Factor to convert elemental mass of N2O to molecular mass")
Name Common_SourceData.Common_SourceData_ConvertN2oElementalToMolecularCg_Unit: _xlfn.LAMBDA("factor")
Name Common_SourceData.Common_SourceData_ConvertN2oElementalToMolecularCg_Variable: _xlfn.LAMBDA("CgN2O")
Name Common_SourceData.Common_SourceData_DataScores_Scope3_Source: _xlfn.LAMBDA("VEERG 2026: XXXXXXXX")
Name Common_SourceData.Common_SourceData_DataScores_Scope3_Title: _xlfn.LAMBDA("Australian data scores for scope 3")
Name Common_SourceData.Common_SourceData_DataScores_Scope3_Unit: _xlfn.LAMBDA("")
Name Common_SourceData.Common_SourceData_DataScores_Scope3_Variable: _xlfn.LAMBDA("")
Name Common_SourceData.Common_SourceData_DataScores_Scope3_Variation: _xlfn.LAMBDA("")
Name Common_SourceData.Common_SourceData_DensityOfMethane_Data: _xlfn.LAMBDA(0.6784)
Name Common_SourceData.Common_SourceData_DensityOfMethane_Source: _xlfn.LAMBDA("National Inventory Report 2023 Volume 1: Equations 3.B.1a_2, 3.B.1c_2, 3.B.3_1, 3.B.4g_2")
Name Common_SourceData.Common_SourceData_DensityOfMethane_Title: _xlfn.LAMBDA("p = density of methane")
Name Common_SourceData.Common_SourceData_DensityOfMethane_Unit: _xlfn.LAMBDA("kg/m3")
Name Common_SourceData.Common_SourceData_EFleach_Data: _xlfn.LAMBDA(_xlfn.MAKEARRAY(1, 2, _xlfn.LAMBDA(_xlpm.r,_xlpm.c, INDEX({"EFleach",0.011}, _xlpm.r, _xlpm.c))))
Name Common_SourceData.Common_SourceData_EFleach_NIRReference: _xlfn.LAMBDA("National Inventory Report Volume 1: Equation 3.D.B_10")
Name Common_SourceData.Common_SourceData_EFleach_Source: _xlfn.LAMBDA("VEERG 2026:5.5.2.3 Constant Parameters")
Name Common_SourceData.Common_SourceData_EFleach_Title: _xlfn.LAMBDA("Emission factor for nitrogen leaching and runoff")
Name Common_SourceData.Common_SourceData_EFleach_Unit: _xlfn.LAMBDA("(kg N2O-N / kg N")
Name Common_SourceData.Common_SourceData_EFleach_Variation: _xlfn.LAMBDA((""))
Name Common_SourceData.Common_SourceData_EFN2O_NIRReference: _xlfn.LAMBDA("")
Name Common_SourceData.Common_SourceData_EFN2O_Source: _xlfn.LAMBDA("VEERG 2026: Table A.2.2.1")
Name Common_SourceData.Common_SourceData_EFN2O_Title: _xlfn.LAMBDA("Nitrous oxide emission factors for inorganic fertiliser application")
Name Common_SourceData.Common_SourceData_EFN2O_Unit: _xlfn.LAMBDA("(kg N2O-N / kg N")
Name Common_SourceData.Common_SourceData_EFPastureRangeAndPaddock_Data: _xlfn.LAMBDA(_xlfn.MAKEARRAY(3, 2, _xlfn.LAMBDA(_xlpm.r,_xlpm.c, INDEX({"Climate zone","EFPRP";"Wet climate zone",0.006;"Dry climate zone",0.002}, _xlpm.r, _xlpm.c))))
Name Common_SourceData.Common_SourceData_EFPastureRangeAndPaddock_NIRReference: _xlfn.LAMBDA("")
Name Common_SourceData.Common_SourceData_EFPastureRangeAndPaddock_Source: _xlfn.LAMBDA("VEERG 2026: Table A.2.2.2")
Name Common_SourceData.Common_SourceData_EFPastureRangeAndPaddock_Title: _xlfn.LAMBDA("Emission factor for urine and dung deposited on pasture, range or paddock")
Name Common_SourceData.Common_SourceData_EFPastureRangeAndPaddock_Unit: _xlfn.LAMBDA("kg N2O - N / kg N")
Name Common_SourceData.Common_SourceData_EFPastureRangeAndPaddock_Variation: _xlfn.LAMBDA("VARIATION FROM SOURCE DATA: Changed 'Dry climate zones' to singular 'Dry climate zone' to aid lookup.")

Sheet Home
A1: Home

Sheet Results
A1: #VALUE! | C1: 4.5 Manure management: Swine: Results
A3: =HYPERLINK("#'Home'!A1", "Home") -> Home
A4: =HYPERLINK("#'Results'!A1", "Results") -> Results | D4: Emissions breakdown
A6: INPUTS | D6: Scope 1 source | E6: GHG emissions method 1 | F6: GHG emissions method 2 | G6: GHG Unit | H6: CO2-e emissions method 1 | I6: CO2-e emissions method 2 | J6: CO2-e unit
A7: =HYPERLINK("#'Input - Site'!A1", "Site") -> Site | D7: 4.5.1.1-2 Manure methane | E7: ='4.5.1.1-2 Methane'!E280 -> 2.3840372 | F7: ='4.5.1.1-2 Methane'!O280 -> 2.3840372 | G7: t CH4 | H7: ='4.5.1.1-2 Methane'!E285 -> 66.753043 | I7: ='4.5.1.1-2 Methane'!O285 -> 66.753043 | J7: t CO2e
A8: =HYPERLINK("#'Input - Swine'!A1", "Swine") -> Swine | D8: 4.5.1.3-4 Direct N2O | E8: ='4.5.1.3-4 Direct N20'!E274 -> 0.074343141 | F8: ='4.5.1.3-4 Direct N20'!O274 -> 0.074343141 | G8: t N2O | H8: ='4.5.1.3-4 Direct N20'!E279 -> 19.700932 | I8: ='4.5.1.3-4 Direct N20'!O279 -> 19.700932 | J8: t CO2e
D9: 4.5.1.5-6 Atmospheric deposition | E9: ='4.5.1.5-6 Atmos Dep'!E109 -> 0.024944402 | F9: ='4.5.1.5-6 Atmos Dep'!O109 -> 0.024944402 | G9: t N2O | H9: ='4.5.1.5-6 Atmos Dep'!E114 -> 6.6102665 | I9: ='4.5.1.5-6 Atmos Dep'!O114 -> 6.6102665 | J9: t CO2e
A10: CALCULATIONS | D10: 4.2.1.7-8 Leaching and runoff | E10: ='4.5.1.7-8 Leaching and runoff'!$E$36 -> 0 | F10: ='4.5.1.7-8 Leaching and runoff'!$N$36 -> 0 | G10: t N2O | H10: ='4.5.1.7-8 Leaching and runoff'!E54 -> 0.069098792 | I10: ='4.5.1.7-8 Leaching and runoff'!N54 -> 0.069098792 | J10: t CO2e
A11: =HYPERLINK("#'4.5.1.1-2 Methane'!A1", "4.5.1.1-2 Methane") -> 4.5.1.1-2 Methane | D11: Total | H11: =SUM(H7:H10) -> 93.13334 | I11: =SUM(I7:I10) -> 93.13334 | J11: t CO2e
A12: =HYPERLINK("#'4.5.1.3-4 Direct N20'!A1", "4.5.1.3-4 Direct N2O") -> 4.5.1.3-4 Direct N2O
A13: =HYPERLINK("#'4.5.1.5-6 Atmos Dep'!A1", "4.5.1.5-6 Soil atm. deposition") -> 4.5.1.5-6 Soil atm. deposition | D13: WARNING: Manure nitrogen that was applied to soils must be accounted for
A14: =HYPERLINK("#'4.5.1.7-8 Leaching and runoff'!A1", "4.5.1.7-8 Leaching & runoff") -> 4.5.1.7-8 Leaching & runoff | D14: See the table below for how to account for manure applied to soils for scope 1 and 3.
A15: =HYPERLINK("#'4.5.1.9 Manure applied to soils'!A1", "4.5.1.9 Manure applied to soils") -> 4.5.1.9 Manure applied to soils
D16: Manure nitrogen use | E16: Amount of N in manure | F16: N unit | G16: Emissions allocated to | H16: VEERG Calculation method
A17: APPENDICES | D17: Manure nitrogen deposited on farm soils (including use as fertiliser for other enterprises on own farm eg crops) | E17: ='4.5.1.9 Manure applied to soils'!E136 -> 1959.6254 | F17: ='4.5.1.9 Manure applied to soils'!F136 -> kg N | G17: Scope 1 - This piggery | H17: 5.2.2.1 (1), 5.4.1.3 (1, 2), 5.5.1.1 (1, 3)
A18: =HYPERLINK("#'Constants - Swine'!A1", "Constants - Swine") -> Constants - Swine | D18: Manure nitrogen deposited on farm soils as fertiliser for other farm enterpsies (eg crops) | E18: ='4.5.1.9 Manure applied to soils'!E235 -> 653.20846 | F18: ='4.5.1.9 Manure applied to soils'!F235 -> kg N | G18: Scope 1 - This piggery | H18: 5.2.2.1 (1), 5.4.1.3 (1, 2), 5.5.1.1 (1, 3)
A19: =HYPERLINK("#'Constants - Livestock'!A1", "Constants - Livestock") -> Constants - Livestock | D19: Manure nitrogen sold | E19: ='4.5.1.9 Manure applied to soils'!E178 -> 653.20846 | F19: ='4.5.1.9 Manure applied to soils'!F178 -> kg N | G19: Scope 3 (downstream) | H19: 15.13.1.1 (1), 5.2.2.1 (1), 5.4.1.3 (1, 2), 5.5.1.1 (1, 3)
A20: =HYPERLINK("#'Constants - Common'!A1", "Constants - Common") -> Constants - Common
A21: =HYPERLINK("#'Acknowledgements'!A1", "Acknowledgements") -> Acknowledgements

Sheet Input - Site
A1: #VALUE! | C1: Input - Site
A3: =HYPERLINK("#'Home'!A1", "Home") -> Home
A4: =HYPERLINK("#'Results'!A1", "Results") -> Results
D5: Your business
A6: INPUTS
A7: =HYPERLINK("#'Input - Site'!A1", "Site") -> Site | D7: Farm name | E7: Test Farms
A8: =HYPERLINK("#'Input - Swine'!A1", "Swine") -> Swine | D8: Reporting entity name | E8: Test Farms Pty Ltd
A10: CALCULATIONS | D10: 💡An 'Emissions accounting period' is a 12 month period where the business can report on the emissions, and is typically the same as the business' financial accounting period.
A11: =HYPERLINK("#'4.5.1.1-2 Methane'!A1", "4.5.1.1-2 Methane") -> 4.5.1.1-2 Methane
A12: =HYPERLINK("#'4.5.1.3-4 Direct N20'!A1", "4.5.1.3-4 Direct N2O") -> 4.5.1.3-4 Direct N2O | D12: Emissions calculation period start date | E12: 45292 | F12: ← DD/MM/YYYY or DD Month YYYY
A13: =HYPERLINK("#'4.5.1.5-6 Atmos Dep'!A1", "4.5.1.5-6 Soil atm. deposition") -> 4.5.1.5-6 Soil atm. deposition | D13: Emissions calculation period end date | E13: =DATE(YEAR(E12)+1,MONTH(E12),DAY(E12))-1 -> 45657 | F13: ← Automatically calculated, 12 months after start date
A14: =HYPERLINK("#'4.5.1.7-8 Leaching and runoff'!A1", "4.5.1.7-8 Leaching & runoff") -> 4.5.1.7-8 Leaching & runoff
A15: =HYPERLINK("#'4.5.1.9 Manure applied to soils'!A1", "4.5.1.9 Manure applied to soils") -> 4.5.1.9 Manure applied to soils
D16: Location and climate
A17: APPENDICES
A18: =HYPERLINK("#'Constants - Swine'!A1", "Constants - Swine") -> Constants - Swine | D18: Location information is used to reference some region and climate-specific emission factors
A19: =HYPERLINK("#'Constants - Livestock'!A1", "Constants - Livestock") -> Constants - Livestock | D19: Tip: Use the web-based GAF Location Helper tool to easily get region and climate information. You will need an internet connection to use the GAF Location Helper.
A20: =HYPERLINK("#'Constants - Common'!A1", "Constants - Common") -> Constants - Common
A21: =HYPERLINK("#'Acknowledgements'!A1", "Acknowledgements") -> Acknowledgements | D21: State | E21: Western Australia | F21: ← Please select
D22: Region (ABS Statistical area level 4) if state is WA | E22: Western Australia - Outback (South) | F22: ← Please select
D23: Leaching zone | E23: NO - Not in leaching zone | F23: ← Please select
D24: Elevation | E24: 307.7 | F24: Meters
D25: Average temperature for reporting period | E25: 18 | F25: Degrees celsius
D26: Total rainfall for reporting period | E26: 601 | F26: Millimetres
D27: Potential evapotranspiration for reporting period | E27: 1326 | F27: Millimetres
D28: Number of frost days for reporting period | E28: 7 | F28: Days
D29: MAP:PET ratio | E29: =E26/E27 -> 0.45324284
D30: Rainfall zone | E30: =Common_InputFunctions.Utility_LookupItemFromMinMax(E26,Table_SourceData_RainfallZones[Min rainfall],Table_SourceData_RainfallZones[Max rainfall],Table_SourceData_RainfallZones[Rainfall Zone]) -> High rainfall
D31: Climate zone | E31: =Common_InputFunctions.Utility_GetClimateZone(E25,E26,E28,E24,E29,Table_SourceData_ClimateZones[Min temp],Table_SourceData_ClimateZones[Max temp],Table_SourceData_ClimateZones[Min rainfall],Table_SourceData_ClimateZones[Max rainfall],Table_SourceData_ClimateZones[Min frost days],Table_SourceData_ClimateZones[Max frost days],Table_SourceData_ClimateZones[Min elevation],Table_SourceData_ClimateZones[Max elevation],Table_SourceData_ClimateZones[Min MAP:PET],Table_SourceData_ClimateZones[Max MAP:PET],Table_SourceData_ClimateZones[Climate zone]) -> Warm temperate dry
D32: Wet or dry climate zone | E32: =Common_InputFunctions.Utility_LookupValueInTable($E$31,Table_SourceData_WetDryZones[Climate zone],Table_SourceData_WetDryZones[Wet or Dry Zone]) -> Dry climate zone
D33: Temperature zone | E33: =Common_InputFunctions.Utility_LookupItemFromMinMax(E25,Table_SourceData_TemperatureZones[Min MAT],Table_SourceData_TemperatureZones[Max MAT],Table_SourceData_TemperatureZones[Temperature Zone]) -> Temperate

Sheet Input - Swine
A1: #VALUE! | C1: Input -Swine
A3: =HYPERLINK("#'Home'!A1", "Home") -> Home
A4: =HYPERLINK("#'Results'!A1", "Results") -> Results
D5: This tool demostrates inputs for one production system.
A6: INPUTS | D6: Because the type of production system is not relevant in emissions calculations, you can select any kind.
A7: =HYPERLINK("#'Input - Site'!A1", "Site") -> Site
A8: =HYPERLINK("#'Input - Swine'!A1", "Swine") -> Swine
E9: Boars | F9: Sows | G9: Gilts | H9: Others
A10: CALCULATIONS | D10: ="Average duration of stay between " & TEXT('Input - Site'!$E$12, "dd mmm yy") & " and " & TEXT('Input - Site'!$E$13, "dd mmm yy") -> Average duration of stay between 01 Jan 24 and 31 Dec 24 | E10: 365 | F10: 365 | G10: 365 | H10: 365 | I10: Days
A11: =HYPERLINK("#'4.5.1.1-2 Methane'!A1", "4.5.1.1-2 Methane") -> 4.5.1.1-2 Methane | D11: ="Average number of head between " & TEXT('Input - Site'!$E$12, "dd mmm yy") & " and " & TEXT('Input - Site'!$E$13, "dd mmm yy") -> Average number of head between 01 Jan 24 and 31 Dec 24 | E11: 100 | F11: 100 | G11: 100 | H11: 100 | I11: Head
A12: =HYPERLINK("#'4.5.1.3-4 Direct N20'!A1", "4.5.1.3-4 Direct N2O") -> 4.5.1.3-4 Direct N2O
A13: =HYPERLINK("#'4.5.1.5-6 Atmos Dep'!A1", "4.5.1.5-6 Soil atm. deposition") -> 4.5.1.5-6 Soil atm. deposition | D13: Manure production
A14: =HYPERLINK("#'4.5.1.7-8 Leaching and runoff'!A1", "4.5.1.7-8 Leaching & runoff") -> 4.5.1.7-8 Leaching & runoff
A15: =HYPERLINK("#'4.5.1.9 Manure applied to soils'!A1", "4.5.1.9 Manure applied to soils") -> 4.5.1.9 Manure applied to soils | D15: Method 1 default values (Do not edit) | E15: Boars | F15: Sows | G15: Gilts | H15: Others
D16: Volatile solids produced per head per day | E16: {=Common_InputFunctions.Utility_LookupValueInTableNumber(E15, Table_SourceData_Swine_VolatileSolids[Class], Table_SourceData_Swine_VolatileSolids[VSj])} -> 0.4 | F16: {=Common_InputFunctions.Utility_LookupValueInTableNumber(F15, Table_SourceData_Swine_VolatileSolids[Class], Table_SourceData_Swine_VolatileSolids[VSj])} -> 0.46 | G16: {=Common_InputFunctions.Utility_LookupValueInTableNumber(G15, Table_SourceData_Swine_VolatileSolids[Class], Table_SourceData_Swine_VolatileSolids[VSj])} -> 0.55 | H16: {=Common_InputFunctions.Utility_LookupValueInTableNumber(H15, Table_SourceData_Swine_VolatileSolids[Class], Table_SourceData_Swine_VolatileSolids[VSj])} -> 0.39 | I16: kg/head/day
A17: APPENDICES | D17: Nitrogen produced in swine waste per head per day | E17: {=Common_InputFunctions.Utility_LookupValueInTableNumber(E15, Table_SourceData_Swine_NitrogenInWaste[Class name], Table_SourceData_Swine_NitrogenInWaste[NWj Daily])} -> 0.046 | F17: {=Common_InputFunctions.Utility_LookupValueInTableNumber(F15, Table_SourceData_Swine_NitrogenInWaste[Class name], Table_SourceData_Swine_NitrogenInWaste[NWj Daily])} -> 0.049 | G17: {=Common_InputFunctions.Utility_LookupValueInTableNumber(G15, Table_SourceData_Swine_NitrogenInWaste[Class name], Table_SourceData_Swine_NitrogenInWaste[NWj Daily])} -> 0.046 | H17: {=Common_InputFunctions.Utility_LookupValueInTableNumber(H15, Table_SourceData_Swine_NitrogenInWaste[Class name], Table_SourceData_Swine_NitrogenInWaste[NWj Daily])} -> 0.0312 | I17: kg N/head/day
A18: =HYPERLINK("#'Constants - Swine'!A1", "Constants - Swine") -> Constants - Swine
A19: =HYPERLINK("#'Constants - Livestock'!A1", "Constants - Livestock") -> Constants - Livestock | D19: Method 2 custom values (Edit if known) | E19: Boars | F19: Sows | G19: Gilts | H19: Others
A20: =HYPERLINK("#'Constants - Common'!A1", "Constants - Common") -> Constants - Common | D20: Volatile solids produced per head per day | E20: {=Common_InputFunctions.Utility_LookupValueInTableNumber(E19, Table_SourceData_Swine_VolatileSolids[Class], Table_SourceData_Swine_VolatileSolids[VSj])} -> 0.4 | F20: {=Common_InputFunctions.Utility_LookupValueInTableNumber(F19, Table_SourceData_Swine_VolatileSolids[Class], Table_SourceData_Swine_VolatileSolids[VSj])} -> 0.46 | G20: {=Common_InputFunctions.Utility_LookupValueInTableNumber(G19, Table_SourceData_Swine_VolatileSolids[Class], Table_SourceData_Swine_VolatileSolids[VSj])} -> 0.55 | H20: {=Common_InputFunctions.Utility_LookupValueInTableNumber(H19, Table_SourceData_Swine_VolatileSolids[Class], Table_SourceData_Swine_VolatileSolids[VSj])} -> 0.39 | I20: kg/head/day
A21: =HYPERLINK("#'Acknowledgements'!A1", "Acknowledgements") -> Acknowledgements | D21: Nitrogen produced in swine waste per head per day | E21: {=Common_InputFunctions.Utility_LookupValueInTableNumber(E19, Table_SourceData_Swine_NitrogenInWaste[Class name], Table_SourceData_Swine_NitrogenInWaste[NWj Daily])} -> 0.046 | F21: {=Common_InputFunctions.Utility_LookupValueInTableNumber(F19, Table_SourceData_Swine_NitrogenInWaste[Class name], Table_SourceData_Swine_NitrogenInWaste[NWj Daily])} -> 0.049 | G21: {=Common_InputFunctions.Utility_LookupValueInTableNumber(G19, Table_SourceData_Swine_NitrogenInWaste[Class name], Table_SourceData_Swine_NitrogenInWaste[NWj Daily])} -> 0.046 | H21: {=Common_InputFunctions.Utility_LookupValueInTableNumber(H19, Table_SourceData_Swine_NitrogenInWaste[Class name], Table_SourceData_Swine_NitrogenInWaste[NWj Daily])} -> 0.0312 | I21: kg N/head/day
D24: Manure management systems
D26: Production system | E26: Conventional housing | F26: ← Please select
D28: Stage 1 MMS | E28: Boars | F28: Sows | G28: Gilts | H28: Others
D29: ='Constants - Swine'!$G$41 -> Anaerobic lagoon | E29: 0.15 | F29: 0.15 | G29: 0.15 | H29: 0.15 | I29: Percent
D30: ='Constants - Swine'!$G$42 -> Drylot (feed pad) | E30: 0.15 | F30: 0.15 | G30: 0.15 | H30: 0.15 | I30: Percent
D31: ='Constants - Swine'!$G$43 -> Digester / covered lagoons | E31: 0.15 | F31: 0.15 | G31: 0.15 | H31: 0.15 | I31: Percent
D32: ='Constants - Swine'!$G$44 -> Deep litter | E32: 0.15 | F32: 0.15 | G32: 0.15 | H32: 0.15 | I32: Percent
D33: ='Constants - Swine'!$G$45 -> Pit storage | E33: 0.15 | F33: 0.15 | G33: 0.15 | H33: 0.15 | I33: Percent
D34: Solid storage | E34: 0.25 | F34: 0.25 | G34: 0.25 | H34: 0.25 | I34: Percent
D35: Total sent to all MMS (Must equal 100%) | E35: =SUM(E29,E30,E31,E32,E33,E34) -> 1 | F35: =SUM(F29,F30,F31,F32,F33,F34) -> 1 | G35: =SUM(G29,G30,G31,G32,G33,G34) -> 1 | H35: =SUM(H29,H30,H31,H32,H33,H34) -> 1
D37: ▼
D38: Solid separation from stage 1 MMS | E38: Were solids separated? (select) | F38: Percent separated (Method 1) | G38: Percent separated (Method 2)
D39: ="Solids separated from " & $D$29 -> Solids separated from Anaerobic lagoon | E39: Yes | F39: 0.2 | G39: 0.2
D40: ="Solids separated from " & $D$30 -> Solids separated from Drylot (feed pad) | E40: Yes | F40: 0.2 | G40: 0.2
D41: ="Solids separated from " & $D$31 -> Solids separated from Digester / covered lagoons | E41: Yes | F41: 0.2 | G41: 0.2
D42: ="Solids separated from " & $D$32 -> Solids separated from Deep litter | E42: Yes | F42: 0.2 | G42: 0.2
D43: ="Solids separated from " & $D$33 -> Solids separated from Pit storage | E43: Yes | F43: 0.2 | G43: 0.2
D45: ▼
D46: Stage 2 MMS | E46: Boars | F46: Sows | G46: Gilts | H46: Others | I46: ► | J46: Destination after stage 2 MMS (Percent)
D47: ="From stage 1: " & $D$29 -> From stage 1: Anaerobic lagoon | E47: =IF(SUM(E29:K29)>0,"Manure was sent to this MMS, please complete this section.","No manure was sent to this MMS. Leave this section blank.") -> Manure was sent to this MMS, please complete this section. | J47: Sold | K47: Fert for own farm (eg crop) | L47: Direct application to soil
D48: =$D$31 -> Digester / covered lagoons | E48: 0.2 | F48: 0.25 | G48: 0.25 | H48: 0.25 | I48: Percent | J48: 0.25 | K48: 0.25 | L48: =1-SUM(J48:K48) -> 0.5
D49: =$D$32 -> Deep litter | E49: 0.2 | F49: 0.25 | G49: 0.25 | H49: 0.25 | I49: Percent | J49: 0.25 | K49: 0.25 | L49: =1-SUM(J49:K49) -> 0.5
D50: =$D$33 -> Pit storage | E50: 0.2 | F50: 0.25 | G50: 0.25 | H50: 0.25 | I50: Percent | J50: 0.25 | K50: 0.25 | L50: =1-SUM(J50:K50) -> 0.5
D51: Direct application to soil | E51: =1-SUM(E48:E50) -> 0.4 | F51: =1-SUM(F48:F50) -> 0.25 | G51: =1-SUM(G48:G50) -> 0.25 | H51: =1-SUM(H48:H50) -> 0.25 | I51: Percent
D54: ="From stage 1: " & $D$30 -> From stage 1: Drylot (feed pad) | E54: =IF(SUM(E30:K30)>0,"Manure was sent to this MMS, please complete this section.","No manure was sent to this MMS. Leave this section blank.") -> Manure was sent to this MMS, please complete this section. | J54: Sold | K54: Fert for own farm (eg crop) | L54: Direct application to soil
D55: =$D$29 -> Anaerobic lagoon | E55: 0.2 | F55: 0.25 | G55: 0.25 | H55: 0.25 | I55: Percent | J55: 0.25 | K55: 0.25 | L55: =1-SUM(J55:K55) -> 0.5
D56: =$D$31 -> Digester / covered lagoons | E56: 0.2 | F56: 0.25 | G56: 0.25 | H56: 0.25 | I56: Percent | J56: 0.25 | K56: 0.25 | L56: =1-SUM(J56:K56) -> 0.5
D57: =$D$32 -> Deep litter | E57: 0.2 | F57: 0.25 | G57: 0.25 | H57: 0.25 | I57: Percent | J57: 0.25 | K57: 0.25 | L57: =1-SUM(J57:K57) -> 0.5
D58: =$D$33 -> Pit storage | E58: 0.2 | F58: 0.25 | G58: 0.25 | H58: 0.25 | I58: Percent | J58: 0.25 | K58: 0.25 | L58: =1-SUM(J58:K58) -> 0.5
D59: Direct application to soil | E59: =1-SUM(E55:E58) -> 0.2 | F59: =1-SUM(F55:F58) -> 0 | G59: =1-SUM(G55:G58) -> 0 | H59: =1-SUM(H55:H58) -> 0
D62: ="From stage 1: " & $D$31 -> From stage 1: Digester / covered lagoons | E62: =IF(SUM(E31:K31)>0,"Manure was sent to this MMS, please complete this section.","No manure was sent to this MMS. Leave this section blank.") -> Manure was sent to this MMS, please complete this section. | J62: Sold | K62: Fert for own farm (eg crop) | L62: Direct application to soil
D63: =$D$29 -> Anaerobic lagoon | E63: 0.2 | F63: 0.25 | G63: 0.25 | H63: 0.25 | I63: Percent | J63: 0.25 | K63: 0.25 | L63: =1-SUM(J63:K63) -> 0.5
D64: =$D$32 -> Deep litter | E64: 0.2 | F64: 0.25 | G64: 0.25 | H64: 0.25 | I64: Percent | J64: 0.25 | K64: 0.25 | L64: =1-SUM(J64:K64) -> 0.5
D65: =$D$33 -> Pit storage | E65: 0.2 | F65: 0.25 | G65: 0.25 | H65: 0.25 | I65: Percent | J65: 0.25 | K65: 0.25 | L65: =1-SUM(J65:K65) -> 0.5
D66: Direct application to soil | E66: =1-SUM(E63:E65) -> 0.4 | F66: =1-SUM(F63:F65) -> 0.25 | G66: =1-SUM(G63:G65) -> 0.25 | H66: =1-SUM(H63:H65) -> 0.25 | I66: Percent
D69: ="From stage 1: " & $D$32 -> From stage 1: Deep litter | E69: =IF(SUM(E32:K32)>0,"Manure was sent to this MMS, please complete this section.","No manure was sent to this MMS. Leave this section blank.") -> Manure was sent to this MMS, please complete this section. | J69: Sold | K69: Fert for own farm (eg crop) | L69: Direct application to soil
D70: =$D$29 -> Anaerobic lagoon | E70: 0.2 | F70: 0.25 | G70: 0.25 | H70: 0.25 | I70: Percent | J70: 0.25 | K70: 0.25 | L70: =1-SUM(J70:K70) -> 0.5
D71: =$D$31 -> Digester / covered lagoons | E71: 0.2 | F71: 0.25 | G71: 0.25 | H71: 0.25 | I71: Percent | J71: 0.25 | K71: 0.25 | L71: =1-SUM(J71:K71) -> 0.5
D72: =$D$33 -> Pit storage | E72: 0.2 | F72: 0.25 | G72: 0.25 | H72: 0.25 | I72: Percent | J72: 0.25 | K72: 0.25 | L72: =1-SUM(J72:K72) -> 0.5
D73: Direct application to soil | E73: =1-SUM(E70:E72) -> 0.4 | F73: =1-SUM(F70:F72) -> 0.25 | G73: =1-SUM(G70:G72) -> 0.25 | H73: =1-SUM(H70:H72) -> 0.25 | I73: Percent
D76: ="From stage 1: " & $D$33 -> From stage 1: Pit storage | E76: =IF(SUM(E33:K33)>0,"Manure was sent to this MMS, please complete this section.","No manure was sent to this MMS. Leave this section blank.") -> Manure was sent to this MMS, please complete this section. | J76: Sold | K76: Fert for own farm (eg crop) | L76: Direct application to soil
D77: =$D$29 -> Anaerobic lagoon | E77: 0.2 | F77: 0.25 | G77: 0.25 | H77: 0.25 | I77: Percent | J77: 0.25 | K77: 0.25 | L77: =1-SUM(J77:K77) -> 0.5
D78: =$D$31 -> Digester / covered lagoons | E78: 0.2 | F78: 0.25 | G78: 0.25 | H78: 0.25 | I78: Percent | J78: 0.25 | K78: 0.25 | L78: =1-SUM(J78:K78) -> 0.5
D79: =$D$32 -> Deep litter | E79: 0.2 | F79: 0.25 | G79: 0.25 | H79: 0.25 | I79: Percent | J79: 0.25 | K79: 0.25 | L79: =1-SUM(J79:K79) -> 0.5
D80: Direct application to soil | E80: =1-SUM(E77:E79) -> 0.4 | F80: =1-SUM(F77:F79) -> 0.25 | G80: =1-SUM(G77:G79) -> 0.25 | H80: =1-SUM(H77:H79) -> 0.25 | I80: Percent
D83: ="From stage 1: " & $D$34 -> From stage 1: Solid storage | E83: =IF(SUM(E41:K41)>0,"Manure was sent to this MMS, please complete this section.","No manure was sent to this MMS. Leave this section blank.") -> Manure was sent to this MMS, please complete this section. | H83: Add OR statement if any solids were separated | J83: Sold | K83: Fert for own farm (eg crop) | L83: Direct application to soil
D84: =$D$29 -> Anaerobic lagoon | E84: 0.2 | F84: 0.2 | G84: 0.2 | H84: 0.2 | I84: Percent | J84: 0.25 | K84: 0.25 | L84: =1-SUM(J84:K84) -> 0.5
D85: =$D$31 -> Digester / covered lagoons | E85: 0.2 | F85: 0.2 | G85: 0.2 | H85: 0.2 | I85: Percent | J85: 0.25 | K85: 0.25 | L85: =1-SUM(J85:K85) -> 0.5
D86: =$D$32 -> Deep litter | E86: 0.2 | F86: 0.2 | G86: 0.2 | H86: 0.2 | I86: Percent | J86: 0.25 | K86: 0.25 | L86: =1-SUM(J86:K86) -> 0.5
D87: =$D$33 -> Pit storage | E87: 0.1 | F87: 0.1 | G87: 0.1 | H87: 0.1 | I87: Percent | J87: 0.25 | K87: 0.25 | L87: =1-SUM(J87:K87) -> 0.5
D88: Direct application to soil | E88: =1-SUM(E84:E87) -> 0.3 | F88: =1-SUM(F84:F87) -> 0.3 | G88: =1-SUM(G84:G87) -> 0.3 | H88: =1-SUM(H84:H87) -> 0.3 | I88: Percent
D91: Where manure was deposited on farm soils, what is the closest match? | E91: Crop | F91: ← Please select
E92: Sprinkler irrigation | F92: ← Please select

Sheet 4.5.1.1-2 Methane
A1: #VALUE! | C1: 4.5.1.1-2 Manure Methane
A3: =HYPERLINK("#'Home'!A1", "Home") -> Home | D3: Method 1 | N3: Method 2
A4: =HYPERLINK("#'Results'!A1", "Results") -> Results
D5: {=ManureManagement_Swine_Methane.VEERG_4_5_1_1__4_FractionVolatileSolidsPrimarySystem_Title()} -> Fraction of volatile solids in each primary system other than solid storage
A6: INPUTS | D6: {=ManureManagement_Swine_Methane.VEERG_4_5_1_1__4_FractionVolatileSolidsPrimarySystem_Source()} -> VEERG 2026: 4.5.1.1, Equation (4)
A7: =HYPERLINK("#'Input - Site'!A1", "Site") -> Site | D7: Function name | E7: {=Common_InputFunctions.Utility_DisplayFunctionName($E$40)} -> =ManureManagement_Swine_Methane.VEERG_4_5_1_1__4_FractionVolatileSolidsPrimarySystem
A8: =HYPERLINK("#'Input - Swine'!A1", "Swine") -> Swine
A10: CALCULATIONS | D10: Variable | E10: {=ManureManagement_Swine_Methane.VEERG_4_5_1_1__4_FractionVolatileSolidsPrimarySystem_Variable()} -> FVSjmT1 | G10: Inconsistencies - 'primary system' vs 'stage 1'
A11: =HYPERLINK("#'4.5.1.1-2 Methane'!A1", "4.5.1.1-2 Methane") -> 4.5.1.1-2 Methane | D11: Unit | E11: {=ManureManagement_Swine_Methane.VEERG_4_5_1_1__4_FractionVolatileSolidsPrimarySystem_Unit()} -> fraction
A12: =HYPERLINK("#'4.5.1.3-4 Direct N20'!A1", "4.5.1.3-4 Direct N2O") -> 4.5.1.3-4 Direct N2O
A13: =HYPERLINK("#'4.5.1.5-6 Atmos Dep'!A1", "4.5.1.5-6 Soil atm. deposition") -> 4.5.1.5-6 Soil atm. deposition | D13: {=ManureManagement_Swine_Methane.VEERG_4_5_1_1__4_FractionVolatileSolidsPrimarySystem_Arguments()} -> MMSjmT1 | E13: fraction of manure to each primary MMS for each class prior to solid separation : fraction | H13: ="See " & $D$16 -> See Table_MMS_j_m_T-1 | I13: If this is directly related to equation 5, the mms numbers should be the same eg 1,7,9 (and probably 8,)
A14: =HYPERLINK("#'4.5.1.7-8 Leaching and runoff'!A1", "4.5.1.7-8 Leaching & runoff") -> 4.5.1.7-8 Leaching & runoff | D14: SSm | E14: fraction of volatile solids separated to solid storage for each MMS : fraction | H14: ="See " & $D$26 -> See M1_Table_SS_m | I14: SSm should be SSjm
A15: =HYPERLINK("#'4.5.1.9 Manure applied to soils'!A1", "4.5.1.9 Manure applied to soils") -> 4.5.1.9 Manure applied to soils
D16: Table_MMS_j_m_T-1
A17: APPENDICES | D17: Fraction VS sent to MMS other than solid storage in stage 1
A18: =HYPERLINK("#'Constants - Swine'!A1", "Constants - Swine") -> Constants - Swine | E18: Boars | F18: Sows | G18: Gilts | H18: Others
A19: =HYPERLINK("#'Constants - Livestock'!A1", "Constants - Livestock") -> Constants - Livestock | D19: Stage 1 management | E19: MMSj=1,m=1,7,9,8,13,T=1 | F19: MMSj=2,m=1,7,9,8,13,T=1 | G19: MMSj=3,m=1,7,9,8,13,T=1 | H19: MMSj=4,m=1,7,9,8,13,T=1
A20: =HYPERLINK("#'Constants - Common'!A1", "Constants - Common") -> Constants - Common | D20: ='Input - Swine'!$D$29 -> Anaerobic lagoon | E20: ='Input - Swine'!E29 -> 0.15 | F20: ='Input - Swine'!F29 -> 0.15 | G20: ='Input - Swine'!G29 -> 0.15 | H20: ='Input - Swine'!H29 -> 0.15 | I20: Fraction
A21: =HYPERLINK("#'Acknowledgements'!A1", "Acknowledgements") -> Acknowledgements | D21: ='Input - Swine'!$D$30 -> Drylot (feed pad) | E21: ='Input - Swine'!E30 -> 0.15 | F21: ='Input - Swine'!F30 -> 0.15 | G21: ='Input - Swine'!G30 -> 0.15 | H21: ='Input - Swine'!H30 -> 0.15 | I21: Fraction
D22: ='Input - Swine'!$D$31 -> Digester / covered lagoons | E22: ='Input - Swine'!E31 -> 0.15 | F22: ='Input - Swine'!F31 -> 0.15 | G22: ='Input - Swine'!G31 -> 0.15 | H22: ='Input - Swine'!H31 -> 0.15 | I22: Fraction
D23: ='Input - Swine'!$D$32 -> Deep litter | E23: ='Input - Swine'!E32 -> 0.15 | F23: ='Input - Swine'!F32 -> 0.15 | G23: ='Input - Swine'!G32 -> 0.15 | H23: ='Input - Swine'!H32 -> 0.15 | I23: Fraction
D24: ='Input - Swine'!$D$33 -> Pit storage | E24: ='Input - Swine'!E33 -> 0.15 | F24: ='Input - Swine'!F33 -> 0.15 | G24: ='Input - Swine'!G33 -> 0.15 | H24: ='Input - Swine'!H33 -> 0.15 | I24: Fraction
D26: M1_Table_SS_m | N26: M2_Table_SS_m-1-7-9
D27: Fraction separated solids sent from MMS other than solid storage to solid storage in stage 1 (Method 1) | N27: Fraction separated solids sent from MMS other than solid storage to solid storage in stage 1 (Method 2)
E28: Boars | F28: Sows | G28: Gilts | H28: Others | O28: Boars | P28: Sows | Q28: Gilts | R28: Others
D29: Stage 1 management | E29: SSj=1m=1,7,9 | F29: SSj=2m=1,7,9 | G29: SSj=3m=1,7,9 | H29: SSj=4m=1,7,9 | N29: Stage 1 management | O29: SSj=1m=1,7,9 | P29: SSj=2m=1,7,9 | Q29: SSj=3m=1,7,9 | R29: SSj=4m=1,7,9
D30: ='Input - Swine'!$D$29 -> Anaerobic lagoon | E30: ='Input - Swine'!$F$39 -> 0.2 | F30: ='Input - Swine'!$F$39 -> 0.2 | G30: ='Input - Swine'!$F$39 -> 0.2 | H30: ='Input - Swine'!$F$39 -> 0.2 | I30: Fraction | N30: ='Input - Swine'!$D$29 -> Anaerobic lagoon | O30: ='Input - Swine'!$G$39 -> 0.2 | P30: ='Input - Swine'!$G$39 -> 0.2 | Q30: ='Input - Swine'!$G$39 -> 0.2 | R30: ='Input - Swine'!$G$39 -> 0.2 | S30: Fraction
D31: ='Input - Swine'!$D$30 -> Drylot (feed pad) | E31: ='Input - Swine'!$F$40 -> 0.2 | F31: ='Input - Swine'!$F$40 -> 0.2 | G31: ='Input - Swine'!$F$40 -> 0.2 | H31: ='Input - Swine'!$F$40 -> 0.2 | I31: Fraction | N31: ='Input - Swine'!$D$30 -> Drylot (feed pad) | O31: ='Input - Swine'!$G$40 -> 0.2 | P31: ='Input - Swine'!$G$40 -> 0.2 | Q31: ='Input - Swine'!$G$40 -> 0.2 | R31: ='Input - Swine'!$G$40 -> 0.2 | S31: Fraction
D32: ='Input - Swine'!$D$31 -> Digester / covered lagoons | E32: ='Input - Swine'!$F$41 -> 0.2 | F32: ='Input - Swine'!$F$41 -> 0.2 | G32: ='Input - Swine'!$F$41 -> 0.2 | H32: ='Input - Swine'!$F$41 -> 0.2 | I32: Fraction | N32: ='Input - Swine'!$D$31 -> Digester / covered lagoons | O32: ='Input - Swine'!$G$41 -> 0.2 | P32: ='Input - Swine'!$G$41 -> 0.2 | Q32: ='Input - Swine'!$G$41 -> 0.2 | R32: ='Input - Swine'!$G$41 -> 0.2 | S32: Fraction
D33: ='Input - Swine'!$D$32 -> Deep litter | E33: ='Input - Swine'!$F$42 -> 0.2 | F33: ='Input - Swine'!$F$42 -> 0.2 | G33: ='Input - Swine'!$F$42 -> 0.2 | H33: ='Input - Swine'!$F$42 -> 0.2 | I33: Fraction | N33: ='Input - Swine'!$D$32 -> Deep litter | O33: ='Input - Swine'!$G$42 -> 0.2 | P33: ='Input - Swine'!$G$42 -> 0.2 | Q33: ='Input - Swine'!$G$42 -> 0.2 | R33: ='Input - Swine'!$G$42 -> 0.2 | S33: Fraction
D34: ='Input - Swine'!$D$33 -> Pit storage | E34: ='Input - Swine'!$F$43 -> 0.2 | F34: ='Input - Swine'!$F$43 -> 0.2 | G34: ='Input - Swine'!$F$43 -> 0.2 | H34: ='Input - Swine'!$F$43 -> 0.2 | I34: Fraction | N34: ='Input - Swine'!$D$33 -> Pit storage | O34: ='Input - Swine'!$G$43 -> 0.2 | P34: ='Input - Swine'!$G$43 -> 0.2 | Q34: ='Input - Swine'!$G$43 -> 0.2 | R34: ='Input - Swine'!$G$43 -> 0.2 | S34: Fraction
D36: M1_Table_FVS_j_m_T-1 | N36: M2_Table_FVS_j_m_T-1
D37: Fraction VS in MMS other than solid storage in stage 1 (Method 1) | N37: Fraction VS in MMS other than solid storage in stage 1 (Method 2)
E38: Boars | F38: Sows | G38: Gilts | H38: Others | O38: Boars | P38: Sows | Q38: Gilts | R38: Others
D39: Stage 1 management | E39: FVSj,m=1,7,9,T=1 | F39: FVSj,m=1,7,9,T=1 | G39: FVSj,m=1,7,9,T=1 | H39: FVSj,m=1,7,9,T=1 | N39: Stage 1 management | O39: FVSj,m=1,7,9,T=1 | P39: FVSj,m=1,7,9,T=1 | Q39: FVSj,m=1,7,9,T=1 | R39: FVSj,m=1,7,9,T=1
D40: ='Input - Swine'!$D$29 -> Anaerobic lagoon | E40: {=ManureManagement_Swine_Methane.VEERG_4_5_1_1__4_FractionVolatileSolidsPrimarySystem(E20,E30)} -> 0.12 | F40: {=ManureManagement_Swine_Methane.VEERG_4_5_1_1__4_FractionVolatileSolidsPrimarySystem(F20,F30)} -> 0.12 | G40: {=ManureManagement_Swine_Methane.VEERG_4_5_1_1__4_FractionVolatileSolidsPrimarySystem(G20,G30)} -> 0.12 | H40: {=ManureManagement_Swine_Methane.VEERG_4_5_1_1__4_FractionVolatileSolidsPrimarySystem(H20,H30)} -> 0.12 | I40: =$E$11 -> fraction | N40: ='Input - Swine'!$D$29 -> Anaerobic lagoon | O40: {=ManureManagement_Swine_Methane.VEERG_4_5_1_1__4_FractionVolatileSolidsPrimarySystem(E20,O30)} -> 0.12 | P40: {=ManureManagement_Swine_Methane.VEERG_4_5_1_1__4_FractionVolatileSolidsPrimarySystem(F20,P30)} -> 0.12 | Q40: {=ManureManagement_Swine_Methane.VEERG_4_5_1_1__4_FractionVolatileSolidsPrimarySystem(G20,Q30)} -> 0.12 | R40: {=ManureManagement_Swine_Methane.VEERG_4_5_1_1__4_FractionVolatileSolidsPrimarySystem(H20,R30)} -> 0.12 | S40: =$E$11 -> fraction
D41: ='Input - Swine'!$D$30 -> Drylot (feed pad) | E41: {=ManureManagement_Swine_Methane.VEERG_4_5_1_1__4_FractionVolatileSolidsPrimarySystem(E21,E31)} -> 0.12 | F41: {=ManureManagement_Swine_Methane.VEERG_4_5_1_1__4_FractionVolatileSolidsPrimarySystem(F21,F31)} -> 0.12 | G41: {=ManureManagement_Swine_Methane.VEERG_4_5_1_1__4_FractionVolatileSolidsPrimarySystem(G21,G31)} -> 0.12 | H41: {=ManureManagement_Swine_Methane.VEERG_4_5_1_1__4_FractionVolatileSolidsPrimarySystem(H21,H31)} -> 0.12 | I41: =$E$11 -> fraction | N41: ='Input - Swine'!$D$30 -> Drylot (feed pad) | O41: {=ManureManagement_Swine_Methane.VEERG_4_5_1_1__4_FractionVolatileSolidsPrimarySystem(E21,O31)} -> 0.12 | P41: {=ManureManagement_Swine_Methane.VEERG_4_5_1_1__4_FractionVolatileSolidsPrimarySystem(F21,P31)} -> 0.12 | Q41: {=ManureManagement_Swine_Methane.VEERG_4_5_1_1__4_FractionVolatileSolidsPrimarySystem(G21,Q31)} -> 0.12 | R41: {=ManureManagement_Swine_Methane.VEERG_4_5_1_1__4_FractionVolatileSolidsPrimarySystem(H21,R31)} -> 0.12 | S41: =$E$11 -> fraction
D42: ='Input - Swine'!$D$31 -> Digester / covered lagoons | E42: {=ManureManagement_Swine_Methane.VEERG_4_5_1_1__4_FractionVolatileSolidsPrimarySystem(E22,E32)} -> 0.12 | F42: {=ManureManagement_Swine_Methane.VEERG_4_5_1_1__4_FractionVolatileSolidsPrimarySystem(F22,F32)} -> 0.12 | G42: {=ManureManagement_Swine_Methane.VEERG_4_5_1_1__4_FractionVolatileSolidsPrimarySystem(G22,G32)} -> 0.12 | H42: {=ManureManagement_Swine_Methane.VEERG_4_5_1_1__4_FractionVolatileSolidsPrimarySystem(H22,H32)} -> 0.12 | I42: =$E$11 -> fraction | N42: ='Input - Swine'!$D$31 -> Digester / covered lagoons | O42: {=ManureManagement_Swine_Methane.VEERG_4_5_1_1__4_FractionVolatileSolidsPrimarySystem(E22,O32)} -> 0.12 | P42: {=ManureManagement_Swine_Methane.VEERG_4_5_1_1__4_FractionVolatileSolidsPrimarySystem(F22,P32)} -> 0.12 | Q42: {=ManureManagement_Swine_Methane.VEERG_4_5_1_1__4_FractionVolatileSolidsPrimarySystem(G22,Q32)} -> 0.12 | R42: {=ManureManagement_Swine_Methane.VEERG_4_5_1_1__4_FractionVolatileSolidsPrimarySystem(H22,R32)} -> 0.12 | S42: =$E$11 -> fraction
D43: ='Input - Swine'!$D$32 -> Deep litter | E43: {=ManureManagement_Swine_Methane.VEERG_4_5_1_1__4_FractionVolatileSolidsPrimarySystem(E23,E33)} -> 0.12 | F43: {=ManureManagement_Swine_Methane.VEERG_4_5_1_1__4_FractionVolatileSolidsPrimarySystem(F23,F33)} -> 0.12 | G43: {=ManureManagement_Swine_Methane.VEERG_4_5_1_1__4_FractionVolatileSolidsPrimarySystem(G23,G33)} -> 0.12 | H43: {=ManureManagement_Swine_Methane.VEERG_4_5_1_1__4_FractionVolatileSolidsPrimarySystem(H23,H33)} -> 0.12 | I43: =$E$11 -> fraction | N43: ='Input - Swine'!$D$32 -> Deep litter | O43: {=ManureManagement_Swine_Methane.VEERG_4_5_1_1__4_FractionVolatileSolidsPrimarySystem(E23,O33)} -> 0.12 | P43: {=ManureManagement_Swine_Methane.VEERG_4_5_1_1__4_FractionVolatileSolidsPrimarySystem(F23,P33)} -> 0.12 | Q43: {=ManureManagement_Swine_Methane.VEERG_4_5_1_1__4_FractionVolatileSolidsPrimarySystem(G23,Q33)} -> 0.12 | R43: {=ManureManagement_Swine_Methane.VEERG_4_5_1_1__4_FractionVolatileSolidsPrimarySystem(H23,R33)} -> 0.12 | S43: =$E$11 -> fraction
D44: ='Input - Swine'!$D$33 -> Pit storage | E44: {=ManureManagement_Swine_Methane.VEERG_4_5_1_1__4_FractionVolatileSolidsPrimarySystem(E24,E34)} -> 0.12 | F44: {=ManureManagement_Swine_Methane.VEERG_4_5_1_1__4_FractionVolatileSolidsPrimarySystem(F24,F34)} -> 0.12 | G44: {=ManureManagement_Swine_Methane.VEERG_4_5_1_1__4_FractionVolatileSolidsPrimarySystem(G24,G34)} -> 0.12 | H44: {=ManureManagement_Swine_Methane.VEERG_4_5_1_1__4_FractionVolatileSolidsPrimarySystem(H24,H34)} -> 0.12 | I44: =$E$11 -> fraction | N44: ='Input - Swine'!$D$33 -> Pit storage | O44: {=ManureManagement_Swine_Methane.VEERG_4_5_1_1__4_FractionVolatileSolidsPrimarySystem(E24,O34)} -> 0.12 | P44: {=ManureManagement_Swine_Methane.VEERG_4_5_1_1__4_FractionVolatileSolidsPrimarySystem(F24,P34)} -> 0.12 | Q44: {=ManureManagement_Swine_Methane.VEERG_4_5_1_1__4_FractionVolatileSolidsPrimarySystem(G24,Q34)} -> 0.12 | R44: {=ManureManagement_Swine_Methane.VEERG_4_5_1_1__4_FractionVolatileSolidsPrimarySystem(H24,R34)} -> 0.12 | S44: =$E$11 -> fraction
D48: {=ManureManagement_Swine_Methane.VEERG_4_5_1_1__5_FractionVolatileSolidsSolidStorage_Title()} -> Fraction of volatile solids in solid storage | F48: Rename to 'Fraction of volatile solids in primary system in solid storage'
D49: {=ManureManagement_Swine_Methane.VEERG_4_5_1_1__5_FractionVolatileSolidsSolidStorage_Source()} -> VEERG 2026: 4.5.1.1, Equation (5)
D50: Function name | E50: {=Common_InputFunctions.Utility_DisplayFunctionName($E$73)} -> =MMS_Swine_Methane_Equations.VEERG_4_5_1_1__5_FractionVolatileSolidsSolidStorageVariation
D51: {=MMS_Swine_Methane_Equations.VEERG_4_5_1_1__5_FractionVolatileSolidsSolidStorage_Variation()} -> VARIATION ON SOURCE: Split equation for MMSm=1,7,9 into separate items to allow for calculation
D56: Variable | E56: {=ManureManagement_Swine_Methane.VEERG_4_5_1_1__5_FractionVolatileSolidsSolidStorage_Variable()} -> FVSjm4T1 | I56: should have mms numbers in SSm
D57: Unit | E57: {=ManureManagement_Swine_Methane.VEERG_4_5_1_1__5_FractionVolatileSolidsSolidStorage_Unit()} -> fraction
D59: {=ManureManagement_Swine_Methane.VEERG_4_5_1_1__5_FractionVolatileSolidsSolidStorage_Arguments()} -> MMSjm4T1 | E59: fraction of manure in solid storage primary system : fraction | G59: ="See " & $D$63 -> See Table_MMS_j_m-4_T-1
D60: MMSjm179T1 | E60: fraction of manure in MMS 1, 7, and 9 in treatment stage 1 : fraction | G60: ="See " & $D$16 -> See Table_MMS_j_m_T-1
D61: SSm | E61: fraction of volatile solids separated to solid storage for each MMS : fraction | G61: ="See " & $D$26 -> See M1_Table_SS_m
D63: Table_MMS_j_m-4_T-1
D64: Fraction primary system solid storage
E65: Boars | F65: Sows | G65: Gilts | H65: Others
D66: Stage 1 management | E66: MMSj=1,m=4,T=1 | F66: MMSj=2,m=4,T=1 | G66: MMSj=3,m=4,T=1 | H66: MMSj=4,m=4,T=1
D67: ='Input - Swine'!$D$34 -> Solid storage | E67: ='Input - Swine'!E34 -> 0.25 | F67: ='Input - Swine'!F34 -> 0.25 | G67: ='Input - Swine'!G34 -> 0.25 | H67: ='Input - Swine'!H34 -> 0.25 | I67: Fraction
D69: M1_Table_FVS_j_m-4_T-1 | N69: M2_Table_FVS_j_m-4_T-1
D70: Fraction VS in stage 1 solid storage (Method 1) | N70: Fraction VS in stage 1 solid storage (Method 2)
E71: Boars | F71: Sows | G71: Gilts | H71: Others | O71: Boars | P71: Sows | Q71: Gilts | R71: Others
D72: Stage 1 management | E72: FVSj=1,m=4,T=1 | F72: FVSj=2,m=4,T=1 | G72: FVSj=3,m=4,T=1 | H72: FVSj=4,m=4,T=1 | N72: Stage 1 management | O72: FVSj=1,m=4,T=1 | P72: FVSj=2,m=4,T=1 | Q72: FVSj=3,m=4,T=1 | R72: FVSj=4,m=4,T=1
D73: ='Input - Swine'!$D$34 -> Solid storage | E73: {=MMS_Swine_Methane_Equations.VEERG_4_5_1_1__5_FractionVolatileSolidsSolidStorageVariation(E67,E20,E21,E22,E23,E24,E30,E31,E32,E33,E34)} -> 0.4 | F73: {=MMS_Swine_Methane_Equations.VEERG_4_5_1_1__5_FractionVolatileSolidsSolidStorageVariation(F67,F20,F21,F22,F23,F24,F30,F31,F32,F33,F34)} -> 0.4 | G73: {=MMS_Swine_Methane_Equations.VEERG_4_5_1_1__5_FractionVolatileSolidsSolidStorageVariation(G67,G20,G21,G22,G23,G24,G30,G31,G32,G33,G34)} -> 0.4 | H73: {=MMS_Swine_Methane_Equations.VEERG_4_5_1_1__5_FractionVolatileSolidsSolidStorageVariation(H67,H20,H21,H22,H23,H24,H30,H31,H32,H33,H34)} -> 0.4 | I73: =$E$57 -> fraction | N73: ='Input - Swine'!$D$34 -> Solid storage | O73: {=MMS_Swine_Methane_Equations.VEERG_4_5_1_1__5_FractionVolatileSolidsSolidStorageVariation(E67,E20,E21,E22,E23,E24,O30,O31,O32,O33,O34)} -> 0.4 | P73: {=MMS_Swine_Methane_Equations.VEERG_4_5_1_1__5_FractionVolatileSolidsSolidStorageVariation(F67,F20,F21,F22,F23,F24,P30,P31,P32,P33,P34)} -> 0.4 | Q73: {=MMS_Swine_Methane_Equations.VEERG_4_5_1_1__5_FractionVolatileSolidsSolidStorageVariation(G67,G20,G21,G22,G23,G24,Q30,Q31,Q32,Q33,Q34)} -> 0.4 | R73: {=MMS_Swine_Methane_Equations.VEERG_4_5_1_1__5_FractionVolatileSolidsSolidStorageVariation(H67,H20,H21,H22,H23,H24,R30,R31,R32,R33,R34)} -> 0.4 | S73: =$E$57 -> fraction
D77: {=ManureManagement_Swine_Methane.VEERG_4_5_1_1__7_VolatileSolidsTransferredStage2_Title()} -> Volatile solids transferred to treatment stage 2 MMS
D78: {=ManureManagement_Swine_Methane.VEERG_4_5_1_1__7_VolatileSolidsTransferredStage2_Source()} -> VEERG 2026: 4.5.1.1, Equation (7)
D79: Function name | E79: {=Common_InputFunctions.Utility_DisplayFunctionName(E110)} -> =MMS_Swine_Methane_Equations.VEERG_4_5_1_1__7_VolatileSolidsTransferredStage2
D83: Variable | E83: {=ManureManagement_Swine_Methane.VEERG_4_5_1_1__7_VolatileSolidsTransferredStage2_Variable()} -> VSTijmT2
D84: Unit | E84: {=ManureManagement_Swine_Methane.VEERG_4_5_1_1__7_VolatileSolidsTransferredStage2_Unit()} -> kg VS | F84: Should be kg/head/day
D86: {=ManureManagement_Swine_Methane.VEERG_4_5_1_1__7_VolatileSolidsTransferredStage2_Arguments()} -> VSj | E86: volatile solid production from swine in each class : kg/head/day | G86: ="See " & $D$90 -> See M1_Table_VS_j
D87: FVSjmT1 | E87: fraction of volatile solids in each primary system : fraction | G87: ="See " & $D$36 & " and " & $D$69 -> See M1_Table_FVS_j_m_T-1 and M1_Table_FVS_j_m-4_T-1
D88: VSLmT1 | E88: fraction of volatile solids lost during storage in the primary system : fraction | G88: ="See " & $D$96 -> See Table_VSL_m_T-1
D90: M1_Table_VS_j | N90: M2_Table_VS_j
D91: Daily volatile solid production (Method 1) | N91: Daily volatile solid production (Method 2)
D92: Boars | E92: Sows | F92: Gilts | G92: Others | N92: Boars | O92: Sows | P92: Gilts | Q92: Others
D93: VSj=1 | E93: VSj=2 | F93: VSj=3 | G93: VSj=4 | N93: VSj=1 | O93: VSj=2 | P93: VSj=3 | Q93: VSj=4
D94: ='Input - Swine'!E16 -> 0.4 | E94: ='Input - Swine'!F16 -> 0.46 | F94: ='Input - Swine'!G16 -> 0.55 | G94: ='Input - Swine'!H16 -> 0.39 | H94: kg/head/day | N94: ='Input - Swine'!E20 -> 0.4 | O94: ='Input - Swine'!F20 -> 0.46 | P94: ='Input - Swine'!G20 -> 0.55 | Q94: ='Input - Swine'!H20 -> 0.39 | R94: kg/head/day
D96: Table_VSL_m_T-1
D97: Fraction volatile solids lost during storage in primary system
D98: Stage 1 management | E98: VSLm,T=1
D99: ='Input - Swine'!$D$29 -> Anaerobic lagoon | E99: {=Common_InputFunctions.Utility_LookupValueInTableNumber(D99,Table_SourceData_SwineVSL[MMS],Table_SourceData_SwineVSL[VSL])} -> 0 | F99: Fraction
D100: ='Input - Swine'!$D$30 -> Drylot (feed pad) | E100: {=Common_InputFunctions.Utility_LookupValueInTableNumber(D100,Table_SourceData_SwineVSL[MMS],Table_SourceData_SwineVSL[VSL])} -> 0 | F100: Fraction
D101: ='Input - Swine'!$D$31 -> Digester / covered lagoons | E101: {=Common_InputFunctions.Utility_LookupValueInTableNumber(D101,Table_SourceData_SwineVSL[MMS],Table_SourceData_SwineVSL[VSL])} -> 0.75 | F101: Fraction
D102: ='Input - Swine'!$D$32 -> Deep litter | E102: {=Common_InputFunctions.Utility_LookupValueInTableNumber(D102,Table_SourceData_SwineVSL[MMS],Table_SourceData_SwineVSL[VSL])} -> 0.05 | F102: Fraction | G102: create source data in sourcedata file
D103: ='Input - Swine'!$D$33 -> Pit storage | E103: {=Common_InputFunctions.Utility_LookupValueInTableNumber(D103,Table_SourceData_SwineVSL[MMS],Table_SourceData_SwineVSL[VSL])} -> 0 | F103: Fraction
D104: ='Input - Swine'!$D$34 -> Solid storage | E104: {=Common_InputFunctions.Utility_LookupValueInTableNumber(D104,Table_SourceData_SwineVSL[MMS],Table_SourceData_SwineVSL[VSL])} -> 0 | F104: Fraction
D106: M1 Table_VST_j_m_T-2 | N106: M2 Table_VST_j_m_T-2
D107: Volatile solids transferred from stage 1 to stage 2 (Method 1) | N107: Volatile solids transferred from stage 1 to stage 2 (Method 2)
E108: Boars | F108: Sows | G108: Gilts | H108: Others | O108: Boars | P108: Sows | Q108: Gilts | R108: Others
D109: Stage 1 management | E109: VSTj=1,m,T=2 | F109: VSTj=2,m,T=1 | G109: VSTj=3,m,T=1 | H109: VSTj=4,m,T=1 | N109: Stage 1 management | O109: VSTj=1,m,T=2 | P109: VSTj=2,m,T=1 | Q109: VSTj=3,m,T=1 | R109: VSTj=4,m,T=1
D110: ='Input - Swine'!$D$29 -> Anaerobic lagoon | E110: {=MMS_Swine_Methane_Equations.VEERG_4_5_1_1__7_VolatileSolidsTransferredStage2(D$94,E40,$E99)} -> 0.048 | F110: {=MMS_Swine_Methane_Equations.VEERG_4_5_1_1__7_VolatileSolidsTransferredStage2(E$94,F40,$E99)} -> 0.0552 | G110: {=MMS_Swine_Methane_Equations.VEERG_4_5_1_1__7_VolatileSolidsTransferredStage2(F$94,G40,$E99)} -> 0.066 | H110: {=MMS_Swine_Methane_Equations.VEERG_4_5_1_1__7_VolatileSolidsTransferredStage2(G$94,H40,$E99)} -> 0.0468 | I110: =$E$84 -> kg VS | N110: ='Input - Swine'!$D$29 -> Anaerobic lagoon | O110: {=MMS_Swine_Methane_Equations.VEERG_4_5_1_1__7_VolatileSolidsTransferredStage2(N$94,O40,$E99)} -> 0.048 | P110: {=MMS_Swine_Methane_Equations.VEERG_4_5_1_1__7_VolatileSolidsTransferredStage2(O$94,P40,$E99)} -> 0.0552 | Q110: {=MMS_Swine_Methane_Equations.VEERG_4_5_1_1__7_VolatileSolidsTransferredStage2(P$94,Q40,$E99)} -> 0.066 | R110: {=MMS_Swine_Methane_Equations.VEERG_4_5_1_1__7_VolatileSolidsTransferredStage2(Q$94,R40,$E99)} -> 0.0468 | S110: =$E$84 -> kg VS
D111: ='Input - Swine'!$D$30 -> Drylot (feed pad) | E111: {=MMS_Swine_Methane_Equations.VEERG_4_5_1_1__7_VolatileSolidsTransferredStage2(D$94,E41,$E100)} -> 0.048 | F111: {=MMS_Swine_Methane_Equations.VEERG_4_5_1_1__7_VolatileSolidsTransferredStage2(E$94,F41,$E100)} -> 0.0552 | G111: {=MMS_Swine_Methane_Equations.VEERG_4_5_1_1__7_VolatileSolidsTransferredStage2(F$94,G41,$E100)} -> 0.066 | H111: {=MMS_Swine_Methane_Equations.VEERG_4_5_1_1__7_VolatileSolidsTransferredStage2(G$94,H41,$E100)} -> 0.0468 | I111: =$E$84 -> kg VS | N111: ='Input - Swine'!$D$30 -> Drylot (feed pad) | O111: {=MMS_Swine_Methane_Equations.VEERG_4_5_1_1__7_VolatileSolidsTransferredStage2(N$94,O41,$E100)} -> 0.048 | P111: {=MMS_Swine_Methane_Equations.VEERG_4_5_1_1__7_VolatileSolidsTransferredStage2(O$94,P41,$E100)} -> 0.0552 | Q111: {=MMS_Swine_Methane_Equations.VEERG_4_5_1_1__7_VolatileSolidsTransferredStage2(P$94,Q41,$E100)} -> 0.066 | R111: {=MMS_Swine_Methane_Equations.VEERG_4_5_1_1__7_VolatileSolidsTransferredStage2(Q$94,R41,$E100)} -> 0.0468 | S111: =$E$84 -> kg VS
D112: ='Input - Swine'!$D$31 -> Digester / covered lagoons | E112: {=MMS_Swine_Methane_Equations.VEERG_4_5_1_1__7_VolatileSolidsTransferredStage2(D$94,E42,$E101)} -> 0.012 | F112: {=MMS_Swine_Methane_Equations.VEERG_4_5_1_1__7_VolatileSolidsTransferredStage2(E$94,F42,$E101)} -> 0.0138 | G112: {=MMS_Swine_Methane_Equations.VEERG_4_5_1_1__7_VolatileSolidsTransferredStage2(F$94,G42,$E101)} -> 0.0165 | H112: {=MMS_Swine_Methane_Equations.VEERG_4_5_1_1__7_VolatileSolidsTransferredStage2(G$94,H42,$E101)} -> 0.0117 | I112: =$E$84 -> kg VS | N112: ='Input - Swine'!$D$31 -> Digester / covered lagoons | O112: {=MMS_Swine_Methane_Equations.VEERG_4_5_1_1__7_VolatileSolidsTransferredStage2(N$94,O42,$E101)} -> 0.012 | P112: {=MMS_Swine_Methane_Equations.VEERG_4_5_1_1__7_VolatileSolidsTransferredStage2(O$94,P42,$E101)} -> 0.0138 | Q112: {=MMS_Swine_Methane_Equations.VEERG_4_5_1_1__7_VolatileSolidsTransferredStage2(P$94,Q42,$E101)} -> 0.0165 | R112: {=MMS_Swine_Methane_Equations.VEERG_4_5_1_1__7_VolatileSolidsTransferredStage2(Q$94,R42,$E101)} -> 0.0117 | S112: =$E$84 -> kg VS
D113: ='Input - Swine'!$D$32 -> Deep litter | E113: {=MMS_Swine_Methane_Equations.VEERG_4_5_1_1__7_VolatileSolidsTransferredStage2(D$94,E43,$E102)} -> 0.0456 | F113: {=MMS_Swine_Methane_Equations.VEERG_4_5_1_1__7_VolatileSolidsTransferredStage2(E$94,F43,$E102)} -> 0.05244 | G113: {=MMS_Swine_Methane_Equations.VEERG_4_5_1_1__7_VolatileSolidsTransferredStage2(F$94,G43,$E102)} -> 0.0627 | H113: {=MMS_Swine_Methane_Equations.VEERG_4_5_1_1__7_VolatileSolidsTransferredStage2(G$94,H43,$E102)} -> 0.04446 | I113: =$E$84 -> kg VS | N113: ='Input - Swine'!$D$32 -> Deep litter | O113: {=MMS_Swine_Methane_Equations.VEERG_4_5_1_1__7_VolatileSolidsTransferredStage2(N$94,O43,$E102)} -> 0.0456 | P113: {=MMS_Swine_Methane_Equations.VEERG_4_5_1_1__7_VolatileSolidsTransferredStage2(O$94,P43,$E102)} -> 0.05244 | Q113: {=MMS_Swine_Methane_Equations.VEERG_4_5_1_1__7_VolatileSolidsTransferredStage2(P$94,Q43,$E102)} -> 0.0627 | R113: {=MMS_Swine_Methane_Equations.VEERG_4_5_1_1__7_VolatileSolidsTransferredStage2(Q$94,R43,$E102)} -> 0.04446 | S113: =$E$84 -> kg VS
D114: ='Input - Swine'!$D$33 -> Pit storage | E114: {=MMS_Swine_Methane_Equations.VEERG_4_5_1_1__7_VolatileSolidsTransferredStage2(D$94,E44,$E103)} -> 0.048 | F114: {=MMS_Swine_Methane_Equations.VEERG_4_5_1_1__7_VolatileSolidsTransferredStage2(E$94,F44,$E103)} -> 0.0552 | G114: {=MMS_Swine_Methane_Equations.VEERG_4_5_1_1__7_VolatileSolidsTransferredStage2(F$94,G44,$E103)} -> 0.066 | H114: {=MMS_Swine_Methane_Equations.VEERG_4_5_1_1__7_VolatileSolidsTransferredStage2(G$94,H44,$E103)} -> 0.0468 | I114: =$E$84 -> kg VS | N114: ='Input - Swine'!$D$33 -> Pit storage | O114: {=MMS_Swine_Methane_Equations.VEERG_4_5_1_1__7_VolatileSolidsTransferredStage2(N$94,O44,$E103)} -> 0.048 | P114: {=MMS_Swine_Methane_Equations.VEERG_4_5_1_1__7_VolatileSolidsTransferredStage2(O$94,P44,$E103)} -> 0.0552 | Q114: {=MMS_Swine_Methane_Equations.VEERG_4_5_1_1__7_VolatileSolidsTransferredStage2(P$94,Q44,$E103)} -> 0.066 | R114: {=MMS_Swine_Methane_Equations.VEERG_4_5_1_1__7_VolatileSolidsTransferredStage2(Q$94,R44,$E103)} -> 0.0468 | S114: =$E$84 -> kg VS
D115: ='Input - Swine'!$D$34 -> Solid storage | E115: {=MMS_Swine_Methane_Equations.VEERG_4_5_1_1__7_VolatileSolidsTransferredStage2(D$94,E73,$E104)} -> 0.16 | F115: {=MMS_Swine_Methane_Equations.VEERG_4_5_1_1__7_VolatileSolidsTransferredStage2(E$94,F73,$E104)} -> 0.184 | G115: {=MMS_Swine_Methane_Equations.VEERG_4_5_1_1__7_VolatileSolidsTransferredStage2(F$94,G73,$E104)} -> 0.22 | H115: {=MMS_Swine_Methane_Equations.VEERG_4_5_1_1__7_VolatileSolidsTransferredStage2(G$94,H73,$E104)} -> 0.156 | I115: =$E$84 -> kg VS | N115: ='Input - Swine'!$D$34 -> Solid storage | O115: {=MMS_Swine_Methane_Equations.VEERG_4_5_1_1__7_VolatileSolidsTransferredStage2(N$94,O73,$E104)} -> 0.16 | P115: {=MMS_Swine_Methane_Equations.VEERG_4_5_1_1__7_VolatileSolidsTransferredStage2(O$94,P73,$E104)} -> 0.184 | Q115: {=MMS_Swine_Methane_Equations.VEERG_4_5_1_1__7_VolatileSolidsTransferredStage2(P$94,Q73,$E104)} -> 0.22 | R115: {=MMS_Swine_Methane_Equations.VEERG_4_5_1_1__7_VolatileSolidsTransferredStage2(Q$94,R73,$E104)} -> 0.156 | S115: =$E$84 -> kg VS
D121: {=ManureManagement_Swine_Methane.VEERG_4_5_1_1__6_Stage2MethaneProduction_Title()} -> Production of methane in each treatment stage 2 MMS
D122: {=ManureManagement_Swine_Methane.VEERG_4_5_1_1__6_Stage2MethaneProduction_Source()} -> VEERG 2026: 4.5.1.1, Equation (6)
D123: Function name | E123: {=Common_InputFunctions.Utility_DisplayFunctionName(#REF!)} -> #REF!
D124: Add variation - temperature zone or state
D127: Variable | E127: {=ManureManagement_Swine_Methane.VEERG_4_5_1_1__6_Stage2MethaneProduction_Variable()} -> MijmT2
D128: Unit | E128: {=ManureManagement_Swine_Methane.VEERG_4_5_1_1__6_Stage2MethaneProduction_Unit()} -> kg CH4/head/day
D130: {=ManureManagement_Swine_Methane.VEERG_4_5_1_1__6_Stage2MethaneProduction_Arguments()} -> VSTjmT2 | E130: volatile solids transferred to treatment stage 2 MMS : kg/head/day | G130: ="See " & D106 -> See M1 Table_VST_j_m_T-2
D131: BO | E131: emissions potential : m3 CH4/kg VS | G131: ='Constants - Swine'!$E$21 -> 0.19
D132: MMSjmT2 | E132: fraction of manure in each secondary system : fraction | G132: ="See " & D137 -> See Table_MMS_j_m_T-2
...

Sheet 4.5.1.3-4 Direct N20
A1: #VALUE! | C1: 4.5.1.3-4 Manure Direct N2O
A3: =HYPERLINK("#'Home'!A1", "Home") -> Home | D3: Method 1 | N3: Method 2
A4: =HYPERLINK("#'Results'!A1", "Results") -> Results
D5: {=MMS_Swine_N2ODirect_Equations.VEERG_4_5_1_3__5_AnnualNitrogenExcretion_Title()} -> Annual nitrogen excretion from each swine group
A6: INPUTS | D6: {=MMS_Swine_N2ODirect_Equations.VEERG_4_5_1_3__5_AnnualNitrogenExcretion_Source()} -> VEERG 2026: 4.5.1.3, Equation (5)
A7: =HYPERLINK("#'Input - Site'!A1", "Site") -> Site | D7: Function name | E7: {=Common_InputFunctions.Utility_DisplayFunctionName($E$35)} -> =MMS_Swine_N2ODirect_Equations.VEERG_4_5_1_3__5_AnnualNitrogenExcretion
A8: =HYPERLINK("#'Input - Swine'!A1", "Swine") -> Swine
A10: CALCULATIONS | D10: Variable | E10: {=MMS_Swine_N2ODirect_Equations.VEERG_4_5_1_3__5_AnnualNitrogenExcretion_Variable()} -> AE_j
A11: =HYPERLINK("#'4.5.1.1-2 Methane'!A1", "4.5.1.1-2 Methane") -> 4.5.1.1-2 Methane | D11: Unit | E11: {=MMS_Swine_N2ODirect_Equations.VEERG_4_5_1_3__5_AnnualNitrogenExcretion_Unit()} -> kg N
A12: =HYPERLINK("#'4.5.1.3-4 Direct N20'!A1", "4.5.1.3-4 Direct N2O") -> 4.5.1.3-4 Direct N2O
A13: =HYPERLINK("#'4.5.1.5-6 Atmos Dep'!A1", "4.5.1.5-6 Soil atm. deposition") -> 4.5.1.5-6 Soil atm. deposition | D13: {=MMS_Swine_N2ODirect_Equations.VEERG_4_5_1_3__5_AnnualNitrogenExcretion_Arguments()} -> N_j | E13: number of swine in each group (head) | H13: ="See " & D17 -> See Table_N_j
A14: =HYPERLINK("#'4.5.1.7-8 Leaching and runoff'!A1", "4.5.1.7-8 Leaching & runoff") -> 4.5.1.7-8 Leaching & runoff | D14: NW_j | E14: nitrogen produced in swine manure and waste feed in each class (kg N/head/day) | H14: ="See " & D22 -> See M1_Table_NW_j
A15: =HYPERLINK("#'4.5.1.9 Manure applied to soils'!A1", "4.5.1.9 Manure applied to soils") -> 4.5.1.9 Manure applied to soils | D15: D_j | E15: duration of stay of swine group (days)
A17: APPENDICES | D17: Table_N_j
A18: =HYPERLINK("#'Constants - Swine'!A1", "Constants - Swine") -> Constants - Swine | D18: Number of head for each swine class
A19: =HYPERLINK("#'Constants - Livestock'!A1", "Constants - Livestock") -> Constants - Livestock | D19: Boars | E19: Sows | F19: Gilts | G19: Others
A20: =HYPERLINK("#'Constants - Common'!A1", "Constants - Common") -> Constants - Common | D20: ='Input - Swine'!$E$11 -> 100 | E20: ='Input - Swine'!$F$11 -> 100 | F20: ='Input - Swine'!$G$11 -> 100 | G20: ='Input - Swine'!$H$11 -> 100 | H20: Head
A21: =HYPERLINK("#'Acknowledgements'!A1", "Acknowledgements") -> Acknowledgements
D22: M1_Table_NW_j | N22: M2_Table_NW_j
D23: Nitrogen produced per class (Method 1) | N23: Nitrogen produced per class (Method 2)
D24: Boars | E24: Sows | F24: Gilts | G24: Others | N24: Boars | O24: Sows | P24: Gilts | Q24: Others
D25: ='Input - Swine'!E17 -> 0.046 | E25: ='Input - Swine'!F17 -> 0.049 | F25: ='Input - Swine'!G17 -> 0.046 | G25: ='Input - Swine'!H17 -> 0.0312 | H25: Kg N/head/day | N25: ='Input - Swine'!E21 -> 0.046 | O25: ='Input - Swine'!F21 -> 0.049 | P25: ='Input - Swine'!G21 -> 0.046 | Q25: ='Input - Swine'!H21 -> 0.0312 | R25: Kg N/head/day
D27: Table_D_j
D28: Duration of stay for each swine class
D29: Boars | E29: Sows | F29: Gilts | G29: Others
D30: ='Input - Swine'!E10 -> 365 | E30: ='Input - Swine'!F10 -> 365 | F30: ='Input - Swine'!G10 -> 365 | G30: ='Input - Swine'!H10 -> 365 | H30: Head
D32: M1_Table_AE_j | N32: M2_Table_AE_j
D33: Annual nitrogen excretion (Method 1) | N33: Annual nitrogen excretion (Method 2)
D34: Boars | E34: Sows | F34: Gilts | G34: Others | N34: Boars | O34: Sows | P34: Gilts | Q34: Others
D35: {=MMS_Swine_N2ODirect_Equations.VEERG_4_5_1_3__5_AnnualNitrogenExcretion(D20,D25,D30)} -> 1679 | E35: {=MMS_Swine_N2ODirect_Equations.VEERG_4_5_1_3__5_AnnualNitrogenExcretion(E20,E25,E30)} -> 1788.5 | F35: {=MMS_Swine_N2ODirect_Equations.VEERG_4_5_1_3__5_AnnualNitrogenExcretion(F20,F25,F30)} -> 1679 | G35: {=MMS_Swine_N2ODirect_Equations.VEERG_4_5_1_3__5_AnnualNitrogenExcretion(G20,G25,G30)} -> 1138.8 | H35: =$E$11 -> kg N | N35: {=MMS_Swine_N2ODirect_Equations.VEERG_4_5_1_3__5_AnnualNitrogenExcretion(D20,N25,D30)} -> 1679 | O35: {=MMS_Swine_N2ODirect_Equations.VEERG_4_5_1_3__5_AnnualNitrogenExcretion(E20,O25,E30)} -> 1788.5 | P35: {=MMS_Swine_N2ODirect_Equations.VEERG_4_5_1_3__5_AnnualNitrogenExcretion(F20,P25,F30)} -> 1679 | Q35: {=MMS_Swine_N2ODirect_Equations.VEERG_4_5_1_3__5_AnnualNitrogenExcretion(G20,Q25,G30)} -> 1138.8 | R35: =$E$11 -> kg N
D39: {=MMS_Swine_N2ODirect_Equations.VEERG_4_5_1_3__3_FractionOfNitrogenInPrimaryMMS_Title()} -> Fraction of nitrogen in each primary MMS (excluding solid storage)
D40: {=MMS_Swine_N2ODirect_Equations.VEERG_4_5_1_3__3_FractionOfNitrogenInPrimaryMMS_Source()} -> VEERG 2026: 4.5.1.3, Equation (3)
D41: Function name | E41: {=Common_InputFunctions.Utility_DisplayFunctionName($E$71)} -> =MMS_Swine_N2ODirect_Equations.VEERG_4_5_1_3__3_FractionOfNitrogenInPrimaryMMS
D44: Variable | E44: {=MMS_Swine_N2ODirect_Equations.VEERG_4_5_1_3__3_FractionOfNitrogenInPrimaryMMS_Variable()} -> FN_jmT1
D45: Unit | E45: {=MMS_Swine_N2ODirect_Equations.VEERG_4_5_1_3__3_FractionOfNitrogenInPrimaryMMS_Unit()} -> fraction | F45: This is a duplicate of | G45: {=ManureManagement_Swine_Methane.VEERG_4_5_1_1__4_FractionVolatileSolidsPrimarySystem_Source()} -> VEERG 2026: 4.5.1.1, Equation (4)
D47: {=MMS_Swine_N2ODirect_Equations.VEERG_4_5_1_3__3_FractionOfNitrogenInPrimaryMMS_Arguments()} -> MMS_jmT1 | E47: fraction of manure in primary MMS | G47: ="See " & D50 -> See Table_MMS_j_m-1-7-9-8_T-1
D48: SN_m | E48: fraction of nitrogen separated to solid storage for each MMS | G48: ="See " & D59 -> See M1_Table_SN_m-1-7-9
D50: Table_MMS_j_m-1-7-9-8_T-1
D51: Fraction N sent to MMS other than solid storage in stage 1
D52: Stage 1 management | E52: Boars | F52: Sows | G52: Gilts | H52: Others
D53: ='Input - Swine'!$D$29 -> Anaerobic lagoon | E53: ='Input - Swine'!E29 -> 0.15 | F53: ='Input - Swine'!F29 -> 0.15 | G53: ='Input - Swine'!G29 -> 0.15 | H53: ='Input - Swine'!H29 -> 0.15 | I53: Fraction
D54: ='Input - Swine'!$D$30 -> Drylot (feed pad) | E54: ='Input - Swine'!E30 -> 0.15 | F54: ='Input - Swine'!F30 -> 0.15 | G54: ='Input - Swine'!G30 -> 0.15 | H54: ='Input - Swine'!H30 -> 0.15 | I54: Fraction
D55: ='Input - Swine'!$D$31 -> Digester / covered lagoons | E55: ='Input - Swine'!E31 -> 0.15 | F55: ='Input - Swine'!F31 -> 0.15 | G55: ='Input - Swine'!G31 -> 0.15 | H55: ='Input - Swine'!H31 -> 0.15 | I55: Fraction
D56: ='Input - Swine'!$D$32 -> Deep litter | E56: ='Input - Swine'!E32 -> 0.15 | F56: ='Input - Swine'!F32 -> 0.15 | G56: ='Input - Swine'!G32 -> 0.15 | H56: ='Input - Swine'!H32 -> 0.15 | I56: Fraction
D57: ='Input - Swine'!$D$33 -> Pit storage | E57: ='Input - Swine'!E33 -> 0.15 | F57: ='Input - Swine'!F33 -> 0.15 | G57: ='Input - Swine'!G33 -> 0.15 | H57: ='Input - Swine'!H33 -> 0.15 | I57: Fraction
D59: M1_Table_SN_m-1-7-9 | N59: M2_Table_SN_m-1-7-9
D60: Fraction of nitrogen separated to solid storage (Method 1) | N60: Fraction of nitrogen separated to solid storage (Method 2)
D61: Stage 1 management | E61: Boars | F61: Sows | G61: Gilts | H61: Others | N61: Stage 1 management | O61: Boars | P61: Sows | Q61: Gilts | R61: Others
D62: ='Input - Swine'!$D$29 -> Anaerobic lagoon | E62: ='Input - Swine'!$F$39 -> 0.2 | F62: ='Input - Swine'!$F$39 -> 0.2 | G62: ='Input - Swine'!$F$39 -> 0.2 | H62: ='Input - Swine'!$F$39 -> 0.2 | I62: Fraction | N62: ='Input - Swine'!$D$29 -> Anaerobic lagoon | O62: ='Input - Swine'!$G$39 -> 0.2 | P62: ='Input - Swine'!$G$39 -> 0.2 | Q62: ='Input - Swine'!$G$39 -> 0.2 | R62: ='Input - Swine'!$G$39 -> 0.2 | S62: Fraction
D63: ='Input - Swine'!$D$30 -> Drylot (feed pad) | E63: ='Input - Swine'!$F$40 -> 0.2 | F63: ='Input - Swine'!$F$40 -> 0.2 | G63: ='Input - Swine'!$F$40 -> 0.2 | H63: ='Input - Swine'!$F$40 -> 0.2 | I63: Fraction | N63: ='Input - Swine'!$D$30 -> Drylot (feed pad) | O63: ='Input - Swine'!$G$40 -> 0.2 | P63: ='Input - Swine'!$G$40 -> 0.2 | Q63: ='Input - Swine'!$G$40 -> 0.2 | R63: ='Input - Swine'!$G$40 -> 0.2 | S63: Fraction
D64: ='Input - Swine'!$D$31 -> Digester / covered lagoons | E64: ='Input - Swine'!$F$41 -> 0.2 | F64: ='Input - Swine'!$F$41 -> 0.2 | G64: ='Input - Swine'!$F$41 -> 0.2 | H64: ='Input - Swine'!$F$41 -> 0.2 | I64: Fraction | N64: ='Input - Swine'!$D$31 -> Digester / covered lagoons | O64: ='Input - Swine'!$G$41 -> 0.2 | P64: ='Input - Swine'!$G$41 -> 0.2 | Q64: ='Input - Swine'!$G$41 -> 0.2 | R64: ='Input - Swine'!$G$41 -> 0.2 | S64: Fraction
D65: ='Input - Swine'!$D$32 -> Deep litter | E65: ='Input - Swine'!$F$42 -> 0.2 | F65: ='Input - Swine'!$F$42 -> 0.2 | G65: ='Input - Swine'!$F$42 -> 0.2 | H65: ='Input - Swine'!$F$42 -> 0.2 | I65: Fraction | N65: ='Input - Swine'!$D$32 -> Deep litter | O65: ='Input - Swine'!$G$42 -> 0.2 | P65: ='Input - Swine'!$G$42 -> 0.2 | Q65: ='Input - Swine'!$G$42 -> 0.2 | R65: ='Input - Swine'!$G$42 -> 0.2 | S65: Fraction
D66: ='Input - Swine'!$D$33 -> Pit storage | E66: ='Input - Swine'!$F$43 -> 0.2 | F66: ='Input - Swine'!$F$43 -> 0.2 | G66: ='Input - Swine'!$F$43 -> 0.2 | H66: ='Input - Swine'!$F$43 -> 0.2 | I66: Fraction | N66: ='Input - Swine'!$D$33 -> Pit storage | O66: ='Input - Swine'!$G$43 -> 0.2 | P66: ='Input - Swine'!$G$43 -> 0.2 | Q66: ='Input - Swine'!$G$43 -> 0.2 | R66: ='Input - Swine'!$G$43 -> 0.2 | S66: Fraction
D68: M1_Table_FN_j_m_T-1 | N68: M2_Table_FN_j_m_T-1
D69: Fraction N in each primary MMS (Method 1) | N69: Fraction N in each primary MMS (Method 2)
D70: Stage 1 management | E70: Boars | F70: Sows | G70: Gilts | H70: Others | N70: Stage 1 management | O70: Boars | P70: Sows | Q70: Gilts | R70: Others
D71: ='Input - Swine'!$D$29 -> Anaerobic lagoon | E71: {=MMS_Swine_N2ODirect_Equations.VEERG_4_5_1_3__3_FractionOfNitrogenInPrimaryMMS(E53,E62)} -> 0.12 | F71: {=MMS_Swine_N2ODirect_Equations.VEERG_4_5_1_3__3_FractionOfNitrogenInPrimaryMMS(F53,F62)} -> 0.12 | G71: {=MMS_Swine_N2ODirect_Equations.VEERG_4_5_1_3__3_FractionOfNitrogenInPrimaryMMS(G53,G62)} -> 0.12 | H71: {=MMS_Swine_N2ODirect_Equations.VEERG_4_5_1_3__3_FractionOfNitrogenInPrimaryMMS(H53,H62)} -> 0.12 | I71: =$E$45 -> fraction | N71: ='Input - Swine'!$D$29 -> Anaerobic lagoon | O71: {=MMS_Swine_N2ODirect_Equations.VEERG_4_5_1_3__3_FractionOfNitrogenInPrimaryMMS(E53,O62)} -> 0.12 | P71: {=MMS_Swine_N2ODirect_Equations.VEERG_4_5_1_3__3_FractionOfNitrogenInPrimaryMMS(F53,P62)} -> 0.12 | Q71: {=MMS_Swine_N2ODirect_Equations.VEERG_4_5_1_3__3_FractionOfNitrogenInPrimaryMMS(G53,Q62)} -> 0.12 | R71: {=MMS_Swine_N2ODirect_Equations.VEERG_4_5_1_3__3_FractionOfNitrogenInPrimaryMMS(H53,R62)} -> 0.12 | S71: =$E$45 -> fraction
D72: ='Input - Swine'!$D$30 -> Drylot (feed pad) | E72: {=MMS_Swine_N2ODirect_Equations.VEERG_4_5_1_3__3_FractionOfNitrogenInPrimaryMMS(E54,E63)} -> 0.12 | F72: {=MMS_Swine_N2ODirect_Equations.VEERG_4_5_1_3__3_FractionOfNitrogenInPrimaryMMS(F54,F63)} -> 0.12 | G72: {=MMS_Swine_N2ODirect_Equations.VEERG_4_5_1_3__3_FractionOfNitrogenInPrimaryMMS(G54,G63)} -> 0.12 | H72: {=MMS_Swine_N2ODirect_Equations.VEERG_4_5_1_3__3_FractionOfNitrogenInPrimaryMMS(H54,H63)} -> 0.12 | I72: =$E$45 -> fraction | N72: ='Input - Swine'!$D$30 -> Drylot (feed pad) | O72: {=MMS_Swine_N2ODirect_Equations.VEERG_4_5_1_3__3_FractionOfNitrogenInPrimaryMMS(E54,O63)} -> 0.12 | P72: {=MMS_Swine_N2ODirect_Equations.VEERG_4_5_1_3__3_FractionOfNitrogenInPrimaryMMS(F54,P63)} -> 0.12 | Q72: {=MMS_Swine_N2ODirect_Equations.VEERG_4_5_1_3__3_FractionOfNitrogenInPrimaryMMS(G54,Q63)} -> 0.12 | R72: {=MMS_Swine_N2ODirect_Equations.VEERG_4_5_1_3__3_FractionOfNitrogenInPrimaryMMS(H54,R63)} -> 0.12 | S72: =$E$45 -> fraction
D73: ='Input - Swine'!$D$31 -> Digester / covered lagoons | E73: {=MMS_Swine_N2ODirect_Equations.VEERG_4_5_1_3__3_FractionOfNitrogenInPrimaryMMS(E55,E64)} -> 0.12 | F73: {=MMS_Swine_N2ODirect_Equations.VEERG_4_5_1_3__3_FractionOfNitrogenInPrimaryMMS(F55,F64)} -> 0.12 | G73: {=MMS_Swine_N2ODirect_Equations.VEERG_4_5_1_3__3_FractionOfNitrogenInPrimaryMMS(G55,G64)} -> 0.12 | H73: {=MMS_Swine_N2ODirect_Equations.VEERG_4_5_1_3__3_FractionOfNitrogenInPrimaryMMS(H55,H64)} -> 0.12 | I73: =$E$45 -> fraction | N73: ='Input - Swine'!$D$31 -> Digester / covered lagoons | O73: {=MMS_Swine_N2ODirect_Equations.VEERG_4_5_1_3__3_FractionOfNitrogenInPrimaryMMS(E55,O64)} -> 0.12 | P73: {=MMS_Swine_N2ODirect_Equations.VEERG_4_5_1_3__3_FractionOfNitrogenInPrimaryMMS(F55,P64)} -> 0.12 | Q73: {=MMS_Swine_N2ODirect_Equations.VEERG_4_5_1_3__3_FractionOfNitrogenInPrimaryMMS(G55,Q64)} -> 0.12 | R73: {=MMS_Swine_N2ODirect_Equations.VEERG_4_5_1_3__3_FractionOfNitrogenInPrimaryMMS(H55,R64)} -> 0.12 | S73: =$E$45 -> fraction
D74: ='Input - Swine'!$D$32 -> Deep litter | E74: {=MMS_Swine_N2ODirect_Equations.VEERG_4_5_1_3__3_FractionOfNitrogenInPrimaryMMS(E56,E65)} -> 0.12 | F74: {=MMS_Swine_N2ODirect_Equations.VEERG_4_5_1_3__3_FractionOfNitrogenInPrimaryMMS(F56,F65)} -> 0.12 | G74: {=MMS_Swine_N2ODirect_Equations.VEERG_4_5_1_3__3_FractionOfNitrogenInPrimaryMMS(G56,G65)} -> 0.12 | H74: {=MMS_Swine_N2ODirect_Equations.VEERG_4_5_1_3__3_FractionOfNitrogenInPrimaryMMS(H56,H65)} -> 0.12 | I74: =$E$45 -> fraction | N74: ='Input - Swine'!$D$32 -> Deep litter | O74: {=MMS_Swine_N2ODirect_Equations.VEERG_4_5_1_3__3_FractionOfNitrogenInPrimaryMMS(E56,O65)} -> 0.12 | P74: {=MMS_Swine_N2ODirect_Equations.VEERG_4_5_1_3__3_FractionOfNitrogenInPrimaryMMS(F56,P65)} -> 0.12 | Q74: {=MMS_Swine_N2ODirect_Equations.VEERG_4_5_1_3__3_FractionOfNitrogenInPrimaryMMS(G56,Q65)} -> 0.12 | R74: {=MMS_Swine_N2ODirect_Equations.VEERG_4_5_1_3__3_FractionOfNitrogenInPrimaryMMS(H56,R65)} -> 0.12 | S74: =$E$45 -> fraction
D75: ='Input - Swine'!$D$33 -> Pit storage | E75: {=MMS_Swine_N2ODirect_Equations.VEERG_4_5_1_3__3_FractionOfNitrogenInPrimaryMMS(E57,E66)} -> 0.12 | F75: {=MMS_Swine_N2ODirect_Equations.VEERG_4_5_1_3__3_FractionOfNitrogenInPrimaryMMS(F57,F66)} -> 0.12 | G75: {=MMS_Swine_N2ODirect_Equations.VEERG_4_5_1_3__3_FractionOfNitrogenInPrimaryMMS(G57,G66)} -> 0.12 | H75: {=MMS_Swine_N2ODirect_Equations.VEERG_4_5_1_3__3_FractionOfNitrogenInPrimaryMMS(H57,H66)} -> 0.12 | I75: =$E$45 -> fraction | N75: ='Input - Swine'!$D$33 -> Pit storage | O75: {=MMS_Swine_N2ODirect_Equations.VEERG_4_5_1_3__3_FractionOfNitrogenInPrimaryMMS(E57,O66)} -> 0.12 | P75: {=MMS_Swine_N2ODirect_Equations.VEERG_4_5_1_3__3_FractionOfNitrogenInPrimaryMMS(F57,P66)} -> 0.12 | Q75: {=MMS_Swine_N2ODirect_Equations.VEERG_4_5_1_3__3_FractionOfNitrogenInPrimaryMMS(G57,Q66)} -> 0.12 | R75: {=MMS_Swine_N2ODirect_Equations.VEERG_4_5_1_3__3_FractionOfNitrogenInPrimaryMMS(H57,R66)} -> 0.12 | S75: =$E$45 -> fraction
D79: {=MMS_Swine_N2ODirect_Equations.VEERG_4_5_1_3__4_FractionOfNitrogenInSolidStorage_Title()} -> Fraction of nitrogen in solid storage
D80: {=MMS_Swine_N2ODirect_Equations.VEERG_4_5_1_3__4_FractionOfNitrogenInSolidStorage_Source()} -> VEERG 2026: 4.5.1.3, Equation (4)
D81: {=MMS_Swine_N2ODirect_Equations.VEERG_4_5_1_3__4_FractionOfNitrogenInSolidStorage_Variation()} -> VARIATION ON SOURCE: Split equation for MMSm=1,7,9 into separate items to allow for calculation
D82: Function name | E82: {=Common_InputFunctions.Utility_DisplayFunctionName($E$100)} -> =MMS_Swine_N2ODirect_Equations.VEERG_4_5_1_3__4_FractionOfNitrogenInSolidStorageVariation
D85: Variable | E85: {=MMS_Swine_N2ODirect_Equations.VEERG_4_5_1_3__4_FractionOfNitrogenInSolidStorage_Variable()} -> FN_jm4T1
D86: Unit | E86: {=MMS_Swine_N2ODirect_Equations.VEERG_4_5_1_3__4_FractionOfNitrogenInSolidStorage_Unit()} -> fraction | F86: This is a duplicate of | G86: {=ManureManagement_Swine_Methane.VEERG_4_5_1_1__5_FractionVolatileSolidsSolidStorage_Source()} -> VEERG 2026: 4.5.1.1, Equation (5)
D88: {=MMS_Swine_N2ODirect_Equations.VEERG_4_5_1_3__4_FractionOfNitrogenInSolidStorage_Arguments()} -> MMS_jm4T1 | E88: fraction of manure in solid storage MMS | G88: ="See " & $D$92 -> See Table_MMS_j_m-4_T-1
D89: MMS_jm179T1 | E89: fraction of manure in primary liquid systems (m=1,7,9) | G89: ="See " & $D$50 -> See Table_MMS_j_m-1-7-9-8_T-1
D90: SN_m | E90: fraction of nitrogen separated to solid storage for each MMS | G90: ="See " & $D$59 -> See M1_Table_SN_m-1-7-9
D92: Table_MMS_j_m-4_T-1
D93: Fraction primary system solid storage
D94: Stage 1 management | E94: Boars | F94: Sows | G94: Gilts | H94: Others
D95: ='Input - Swine'!$D$34 -> Solid storage | E95: ='Input - Swine'!E34 -> 0.25 | F95: ='Input - Swine'!F34 -> 0.25 | G95: ='Input - Swine'!G34 -> 0.25 | H95: ='Input - Swine'!H34 -> 0.25 | I95: Fraction
D97: M1_Table_FVS_j_m-4_T-1 | N97: M2_Table_FVS_j_m-4_T-1
D98: Fraction VS in stage 1 solid storage (Method 1) | N98: Fraction VS in stage 1 solid storage (Method 2)
D99: Stage 1 management | E99: Boars | F99: Sows | G99: Gilts | H99: Others | N99: Stage 1 management | O99: Boars | P99: Sows | Q99: Gilts | R99: Others
D100: ='Input - Swine'!$D$34 -> Solid storage | E100: {=MMS_Swine_N2ODirect_Equations.VEERG_4_5_1_3__4_FractionOfNitrogenInSolidStorageVariation(E95,E53,E54,E55,E56,E57,E62,E63,E64,E65,E66)} -> 0.4 | F100: {=MMS_Swine_N2ODirect_Equations.VEERG_4_5_1_3__4_FractionOfNitrogenInSolidStorageVariation(F95,F53,F54,F55,F56,F57,F62,F63,F64,F65,F66)} -> 0.4 | G100: {=MMS_Swine_N2ODirect_Equations.VEERG_4_5_1_3__4_FractionOfNitrogenInSolidStorageVariation(G95,G53,G54,G55,G56,G57,G62,G63,G64,G65,G66)} -> 0.4 | H100: {=MMS_Swine_N2ODirect_Equations.VEERG_4_5_1_3__4_FractionOfNitrogenInSolidStorageVariation(H95,H53,H54,H55,H56,H57,H62,H63,H64,H65,H66)} -> 0.4 | I100: =$E$86 -> fraction | N100: ='Input - Swine'!$D$34 -> Solid storage | O100: {=MMS_Swine_N2ODirect_Equations.VEERG_4_5_1_3__4_FractionOfNitrogenInSolidStorageVariation(E95,E53,E54,E55,E56,E57,O62,O63,O64,O65,O66)} -> 0.4 | P100: {=MMS_Swine_N2ODirect_Equations.VEERG_4_5_1_3__4_FractionOfNitrogenInSolidStorageVariation(F95,F53,F54,F55,F56,F57,P62,P63,P64,P65,P66)} -> 0.4 | Q100: {=MMS_Swine_N2ODirect_Equations.VEERG_4_5_1_3__4_FractionOfNitrogenInSolidStorageVariation(G95,G53,G54,G55,G56,G57,Q62,Q63,Q64,Q65,Q66)} -> 0.4 | R100: {=MMS_Swine_N2ODirect_Equations.VEERG_4_5_1_3__4_FractionOfNitrogenInSolidStorageVariation(H95,H53,H54,H55,H56,H57,R62,R63,R64,R65,R66)} -> 0.4 | S100: =$E$86 -> fraction
D104: {=MMS_Swine_N2ODirect_Equations.VEERG_4_5_1_3__2_Stage1NitrogenInMMS_Title()} -> Nitrogen in treatment stage 1 MMS
D105: {=MMS_Swine_N2ODirect_Equations.VEERG_4_5_1_3__2_Stage1NitrogenInMMS_Source()} -> VEERG 2026: 4.5.1.3, Equation (2)
D106: Function name | E106: {=Common_InputFunctions.Utility_DisplayFunctionName(E118)} -> =MMS_Swine_N2ODirect_Equations.VEERG_4_5_1_3__2_Stage1NitrogenInMMS
D109: Variable | E109: {=MMS_Swine_N2ODirect_Equations.VEERG_4_5_1_3__2_Stage1NitrogenInMMS_Variable()} -> MN_jmT1
D110: Unit | E110: {=MMS_Swine_N2ODirect_Equations.VEERG_4_5_1_3__2_Stage1NitrogenInMMS_Unit()} -> kg N
D112: {=MMS_Swine_N2ODirect_Equations.VEERG_4_5_1_3__2_Stage1NitrogenInMMS_Arguments()} -> AE_j | E112: total nitrogen excreted by each swine class (kg N) | G112: ="See " & D32 -> See M1_Table_AE_j
D113: FN_jmT1 | E113: fraction of nitrogen in each primary MMS system | G113: ="See " & D68 & " and " & D97 -> See M1_Table_FN_j_m_T-1 and M1_Table_FVS_j_m-4_T-1
D115: M1_Table_MN_j_m_T-1 | N115: M2_Table_MN_j_m_T-1
D116: Nitrogen in treatment stage 1 MMS (Method 1) | N116: Nitrogen in treatment stage 1 MMS (Method 2)
D117: Stage 1 management | E117: Boars | F117: Sows | G117: Gilts | H117: Others | N117: Stage 1 management | O117: Boars | P117: Sows | Q117: Gilts | R117: Others
D118: ='Input - Swine'!$D$29 -> Anaerobic lagoon | E118: {=MMS_Swine_N2ODirect_Equations.VEERG_4_5_1_3__2_Stage1NitrogenInMMS(D$35,E71)} -> 201.48 | F118: {=MMS_Swine_N2ODirect_Equations.VEERG_4_5_1_3__2_Stage1NitrogenInMMS(E$35,F71)} -> 214.62 | G118: {=MMS_Swine_N2ODirect_Equations.VEERG_4_5_1_3__2_Stage1NitrogenInMMS(F$35,G71)} -> 201.48 | H118: {=MMS_Swine_N2ODirect_Equations.VEERG_4_5_1_3__2_Stage1NitrogenInMMS(G$35,H71)} -> 136.656 | I118: =$E$110 -> kg N | N118: ='Input - Swine'!$D$29 -> Anaerobic lagoon | O118: {=MMS_Swine_N2ODirect_Equations.VEERG_4_5_1_3__2_Stage1NitrogenInMMS(N$35,O71)} -> 201.48 | P118: {=MMS_Swine_N2ODirect_Equations.VEERG_4_5_1_3__2_Stage1NitrogenInMMS(O$35,P71)} -> 214.62 | Q118: {=MMS_Swine_N2ODirect_Equations.VEERG_4_5_1_3__2_Stage1NitrogenInMMS(P$35,Q71)} -> 201.48 | R118: {=MMS_Swine_N2ODirect_Equations.VEERG_4_5_1_3__2_Stage1NitrogenInMMS(Q$35,R71)} -> 136.656 | S118: =$E$110 -> kg N
D119: ='Input - Swine'!$D$30 -> Drylot (feed pad) | E119: {=MMS_Swine_N2ODirect_Equations.VEERG_4_5_1_3__2_Stage1NitrogenInMMS(D$35,E72)} -> 201.48 | F119: {=MMS_Swine_N2ODirect_Equations.VEERG_4_5_1_3__2_Stage1NitrogenInMMS(E$35,F72)} -> 214.62 | G119: {=MMS_Swine_N2ODirect_Equations.VEERG_4_5_1_3__2_Stage1NitrogenInMMS(F$35,G72)} -> 201.48 | H119: {=MMS_Swine_N2ODirect_Equations.VEERG_4_5_1_3__2_Stage1NitrogenInMMS(G$35,H72)} -> 136.656 | I119: =$E$110 -> kg N | N119: ='Input - Swine'!$D$30 -> Drylot (feed pad) | O119: {=MMS_Swine_N2ODirect_Equations.VEERG_4_5_1_3__2_Stage1NitrogenInMMS(N$35,O72)} -> 201.48 | P119: {=MMS_Swine_N2ODirect_Equations.VEERG_4_5_1_3__2_Stage1NitrogenInMMS(O$35,P72)} -> 214.62 | Q119: {=MMS_Swine_N2ODirect_Equations.VEERG_4_5_1_3__2_Stage1NitrogenInMMS(P$35,Q72)} -> 201.48 | R119: {=MMS_Swine_N2ODirect_Equations.VEERG_4_5_1_3__2_Stage1NitrogenInMMS(Q$35,R72)} -> 136.656 | S119: =$E$110 -> kg N
D120: ='Input - Swine'!$D$31 -> Digester / covered lagoons | E120: {=MMS_Swine_N2ODirect_Equations.VEERG_4_5_1_3__2_Stage1NitrogenInMMS(D$35,E73)} -> 201.48 | F120: {=MMS_Swine_N2ODirect_Equations.VEERG_4_5_1_3__2_Stage1NitrogenInMMS(E$35,F73)} -> 214.62 | G120: {=MMS_Swine_N2ODirect_Equations.VEERG_4_5_1_3__2_Stage1NitrogenInMMS(F$35,G73)} -> 201.48 | H120: {=MMS_Swine_N2ODirect_Equations.VEERG_4_5_1_3__2_Stage1NitrogenInMMS(G$35,H73)} -> 136.656 | I120: =$E$110 -> kg N | N120: ='Input - Swine'!$D$31 -> Digester / covered lagoons | O120: {=MMS_Swine_N2ODirect_Equations.VEERG_4_5_1_3__2_Stage1NitrogenInMMS(N$35,O73)} -> 201.48 | P120: {=MMS_Swine_N2ODirect_Equations.VEERG_4_5_1_3__2_Stage1NitrogenInMMS(O$35,P73)} -> 214.62 | Q120: {=MMS_Swine_N2ODirect_Equations.VEERG_4_5_1_3__2_Stage1NitrogenInMMS(P$35,Q73)} -> 201.48 | R120: {=MMS_Swine_N2ODirect_Equations.VEERG_4_5_1_3__2_Stage1NitrogenInMMS(Q$35,R73)} -> 136.656 | S120: =$E$110 -> kg N
D121: ='Input - Swine'!$D$32 -> Deep litter | E121: {=MMS_Swine_N2ODirect_Equations.VEERG_4_5_1_3__2_Stage1NitrogenInMMS(D$35,E74)} -> 201.48 | F121: {=MMS_Swine_N2ODirect_Equations.VEERG_4_5_1_3__2_Stage1NitrogenInMMS(E$35,F74)} -> 214.62 | G121: {=MMS_Swine_N2ODirect_Equations.VEERG_4_5_1_3__2_Stage1NitrogenInMMS(F$35,G74)} -> 201.48 | H121: {=MMS_Swine_N2ODirect_Equations.VEERG_4_5_1_3__2_Stage1NitrogenInMMS(G$35,H74)} -> 136.656 | I121: =$E$110 -> kg N | N121: ='Input - Swine'!$D$32 -> Deep litter | O121: {=MMS_Swine_N2ODirect_Equations.VEERG_4_5_1_3__2_Stage1NitrogenInMMS(N$35,O74)} -> 201.48 | P121: {=MMS_Swine_N2ODirect_Equations.VEERG_4_5_1_3__2_Stage1NitrogenInMMS(O$35,P74)} -> 214.62 | Q121: {=MMS_Swine_N2ODirect_Equations.VEERG_4_5_1_3__2_Stage1NitrogenInMMS(P$35,Q74)} -> 201.48 | R121: {=MMS_Swine_N2ODirect_Equations.VEERG_4_5_1_3__2_Stage1NitrogenInMMS(Q$35,R74)} -> 136.656 | S121: =$E$110 -> kg N
D122: ='Input - Swine'!$D$33 -> Pit storage | E122: {=MMS_Swine_N2ODirect_Equations.VEERG_4_5_1_3__2_Stage1NitrogenInMMS(D$35,E75)} -> 201.48 | F122: {=MMS_Swine_N2ODirect_Equations.VEERG_4_5_1_3__2_Stage1NitrogenInMMS(E$35,F75)} -> 214.62 | G122: {=MMS_Swine_N2ODirect_Equations.VEERG_4_5_1_3__2_Stage1NitrogenInMMS(F$35,G75)} -> 201.48 | H122: {=MMS_Swine_N2ODirect_Equations.VEERG_4_5_1_3__2_Stage1NitrogenInMMS(G$35,H75)} -> 136.656 | I122: =$E$110 -> kg N | N122: ='Input - Swine'!$D$33 -> Pit storage | O122: {=MMS_Swine_N2ODirect_Equations.VEERG_4_5_1_3__2_Stage1NitrogenInMMS(N$35,O75)} -> 201.48 | P122: {=MMS_Swine_N2ODirect_Equations.VEERG_4_5_1_3__2_Stage1NitrogenInMMS(O$35,P75)} -> 214.62 | Q122: {=MMS_Swine_N2ODirect_Equations.VEERG_4_5_1_3__2_Stage1NitrogenInMMS(P$35,Q75)} -> 201.48 | R122: {=MMS_Swine_N2ODirect_Equations.VEERG_4_5_1_3__2_Stage1NitrogenInMMS(Q$35,R75)} -> 136.656 | S122: =$E$110 -> kg N
D123: ='Input - Swine'!$D$34 -> Solid storage | E123: {=MMS_Swine_N2ODirect_Equations.VEERG_4_5_1_3__2_Stage1NitrogenInMMS(D$35,E100)} -> 671.6 | F123: {=MMS_Swine_N2ODirect_Equations.VEERG_4_5_1_3__2_Stage1NitrogenInMMS(E$35,F100)} -> 715.4 | G123: {=MMS_Swine_N2ODirect_Equations.VEERG_4_5_1_3__2_Stage1NitrogenInMMS(F$35,G100)} -> 671.6 | H123: {=MMS_Swine_N2ODirect_Equations.VEERG_4_5_1_3__2_Stage1NitrogenInMMS(G$35,H100)} -> 455.52 | I123: =$E$110 -> kg N | N123: ='Input - Swine'!$D$34 -> Solid storage | O123: {=MMS_Swine_N2ODirect_Equations.VEERG_4_5_1_3__2_Stage1NitrogenInMMS(N$35,O100)} -> 671.6 | P123: {=MMS_Swine_N2ODirect_Equations.VEERG_4_5_1_3__2_Stage1NitrogenInMMS(O$35,P100)} -> 715.4 | Q123: {=MMS_Swine_N2ODirect_Equations.VEERG_4_5_1_3__2_Stage1NitrogenInMMS(P$35,Q100)} -> 671.6 | R123: {=MMS_Swine_N2ODirect_Equations.VEERG_4_5_1_3__2_Stage1NitrogenInMMS(Q$35,R100)} -> 455.52 | S123: =$E$110 -> kg N
D127: {=MMS_Swine_N2ODirect_Equations.VEERG_4_5_1_3__7_NitrogenTransferredToStage2MMS_Title()} -> Nitrogen transferred to treatment stage 2 MMS
D128: {=MMS_Swine_N2ODirect_Equations.VEERG_4_5_1_3__7_NitrogenTransferredToStage2MMS_Source()} -> VEERG 2026: 4.5.1.3, Equation (7)
D129: Function name | E129: {=Common_InputFunctions.Utility_DisplayFunctionName(E162)} -> =MMS_Swine_N2ODirect_Equations.VEERG_4_5_1_3__7_NitrogenTransferredToStage2MMS
D132: Variable | E132: {=MMS_Swine_N2ODirect_Equations.VEERG_4_5_1_3__7_NitrogenTransferredToStage2MMS_Variable()} -> NT_jmT2
D133: Unit | E133: {=MMS_Swine_N2ODirect_Equations.VEERG_4_5_1_3__7_NitrogenTransferredToStage2MMS_Unit()} -> kg N
D135: {=MMS_Swine_N2ODirect_Equations.VEERG_4_5_1_3__7_NitrogenTransferredToStage2MMS_Arguments()} -> MN_jmT1 | E135: nitrogen per swine class in treatment stage 1 MMS (kg N) | G135: ="See " & D115 -> See M1_Table_MN_j_m_T-1
...

Sheet 4.5.1.5-6 Atmos Dep
A1: #VALUE! | C1: 4.5.1.5-6 Atmospheric deposition N2O
A3: =HYPERLINK("#'Home'!A1", "Home") -> Home | D3: Method 1 | N3: Method 2
A4: =HYPERLINK("#'Results'!A1", "Results") -> Results
D5: {=MMS_Swine_AtmosphericDeposition_Equations.VEERG_4_5_1_5__2_TotalNitrogenVolatilisedFromMMS_Title()} -> Total nitrogen volatilised from MMS
A6: INPUTS | D6: {=MMS_Swine_AtmosphericDeposition_Equations.VEERG_4_5_1_5__2_TotalNitrogenVolatilisedFromMMS_Source()} -> VEERG 2026: 4.5.1.1, Equation (2)
A7: =HYPERLINK("#'Input - Site'!A1", "Site") -> Site | D7: Function name | E7: {=Common_InputFunctions.Utility_DisplayFunctionName(F63)} -> =MMS_Swine_AtmosphericDeposition_Equations.VEERG_4_5_1_5__2_TotalNitrogenVolatilisedFromMMS
A8: =HYPERLINK("#'Input - Swine'!A1", "Swine") -> Swine
A10: CALCULATIONS | D10: Variable | E10: {=MMS_Swine_AtmosphericDeposition_Equations.VEERG_4_5_1_5__2_TotalNitrogenVolatilisedFromMMS_Variable()} -> MMS_ATMOS
A11: =HYPERLINK("#'4.5.1.1-2 Methane'!A1", "4.5.1.1-2 Methane") -> 4.5.1.1-2 Methane | D11: Unit | E11: {=MMS_Swine_AtmosphericDeposition_Equations.VEERG_4_5_1_5__2_TotalNitrogenVolatilisedFromMMS_Unit()} -> kg N
A12: =HYPERLINK("#'4.5.1.3-4 Direct N20'!A1", "4.5.1.3-4 Direct N2O") -> 4.5.1.3-4 Direct N2O
A13: =HYPERLINK("#'4.5.1.5-6 Atmos Dep'!A1", "4.5.1.5-6 Soil atm. deposition") -> 4.5.1.5-6 Soil atm. deposition | D13: {=MMS_Swine_AtmosphericDeposition_Equations.VEERG_4_5_1_5__2_TotalNitrogenVolatilisedFromMMS_Arguments()} -> MN_jmT | E13: nitrogen per swine class, MMS and treatment stage (kg N) | G13: ="See " & D16 & " and " & D26 -> See M1_Table_MN_j_m_T-1 and M1_Table_MN_j_m_T-2
A14: =HYPERLINK("#'4.5.1.7-8 Leaching and runoff'!A1", "4.5.1.7-8 Leaching & runoff") -> 4.5.1.7-8 Leaching & runoff | D14: FracGASMmT | E14: fraction of N volatilised in each MMS ((kg NH3-N + NOx-N)/kg N) | G14: ="See " & D50 -> See Table_FracGASM_m_t
A15: =HYPERLINK("#'4.5.1.9 Manure applied to soils'!A1", "4.5.1.9 Manure applied to soils") -> 4.5.1.9 Manure applied to soils
D16: M1_Table_MN_j_m_T-1 | N16: M1_Table_MN_j_m_T-1
A17: APPENDICES | D17: Nitrogen in treatment stage 1 MMS (Method 1) | N17: Nitrogen in treatment stage 1 MMS (Method 1)
A18: =HYPERLINK("#'Constants - Swine'!A1", "Constants - Swine") -> Constants - Swine | D18: Stage 1 management | E18: Boars | F18: Sows | G18: Gilts | H18: Others | N18: Stage 1 management | O18: Boars | P18: Sows | Q18: Gilts | R18: Others
A19: =HYPERLINK("#'Constants - Livestock'!A1", "Constants - Livestock") -> Constants - Livestock | D19: ='Input - Swine'!$D$29 -> Anaerobic lagoon | E19: ='4.5.1.3-4 Direct N20'!E118 -> 201.48 | F19: ='4.5.1.3-4 Direct N20'!F118 -> 214.62 | G19: ='4.5.1.3-4 Direct N20'!G118 -> 201.48 | H19: ='4.5.1.3-4 Direct N20'!H118 -> 136.656 | I19: ='4.5.1.3-4 Direct N20'!I118 -> kg N | N19: ='Input - Swine'!$D$29 -> Anaerobic lagoon | O19: ='4.5.1.3-4 Direct N20'!O118 -> 201.48 | P19: ='4.5.1.3-4 Direct N20'!P118 -> 214.62 | Q19: ='4.5.1.3-4 Direct N20'!Q118 -> 201.48 | R19: ='4.5.1.3-4 Direct N20'!R118 -> 136.656 | S19: ='4.5.1.3-4 Direct N20'!S118 -> kg N
A20: =HYPERLINK("#'Constants - Common'!A1", "Constants - Common") -> Constants - Common | D20: ='Input - Swine'!$D$30 -> Drylot (feed pad) | E20: ='4.5.1.3-4 Direct N20'!E119 -> 201.48 | F20: ='4.5.1.3-4 Direct N20'!F119 -> 214.62 | G20: ='4.5.1.3-4 Direct N20'!G119 -> 201.48 | H20: ='4.5.1.3-4 Direct N20'!H119 -> 136.656 | I20: ='4.5.1.3-4 Direct N20'!I119 -> kg N | N20: ='Input - Swine'!$D$30 -> Drylot (feed pad) | O20: ='4.5.1.3-4 Direct N20'!O119 -> 201.48 | P20: ='4.5.1.3-4 Direct N20'!P119 -> 214.62 | Q20: ='4.5.1.3-4 Direct N20'!Q119 -> 201.48 | R20: ='4.5.1.3-4 Direct N20'!R119 -> 136.656 | S20: ='4.5.1.3-4 Direct N20'!S119 -> kg N
A21: =HYPERLINK("#'Acknowledgements'!A1", "Acknowledgements") -> Acknowledgements | D21: ='Input - Swine'!$D$31 -> Digester / covered lagoons | E21: ='4.5.1.3-4 Direct N20'!E120 -> 201.48 | F21: ='4.5.1.3-4 Direct N20'!F120 -> 214.62 | G21: ='4.5.1.3-4 Direct N20'!G120 -> 201.48 | H21: ='4.5.1.3-4 Direct N20'!H120 -> 136.656 | I21: ='4.5.1.3-4 Direct N20'!I120 -> kg N | N21: ='Input - Swine'!$D$31 -> Digester / covered lagoons | O21: ='4.5.1.3-4 Direct N20'!O120 -> 201.48 | P21: ='4.5.1.3-4 Direct N20'!P120 -> 214.62 | Q21: ='4.5.1.3-4 Direct N20'!Q120 -> 201.48 | R21: ='4.5.1.3-4 Direct N20'!R120 -> 136.656 | S21: ='4.5.1.3-4 Direct N20'!S120 -> kg N
D22: ='Input - Swine'!$D$32 -> Deep litter | E22: ='4.5.1.3-4 Direct N20'!E121 -> 201.48 | F22: ='4.5.1.3-4 Direct N20'!F121 -> 214.62 | G22: ='4.5.1.3-4 Direct N20'!G121 -> 201.48 | H22: ='4.5.1.3-4 Direct N20'!H121 -> 136.656 | I22: ='4.5.1.3-4 Direct N20'!I121 -> kg N | N22: ='Input - Swine'!$D$32 -> Deep litter | O22: ='4.5.1.3-4 Direct N20'!O121 -> 201.48 | P22: ='4.5.1.3-4 Direct N20'!P121 -> 214.62 | Q22: ='4.5.1.3-4 Direct N20'!Q121 -> 201.48 | R22: ='4.5.1.3-4 Direct N20'!R121 -> 136.656 | S22: ='4.5.1.3-4 Direct N20'!S121 -> kg N
D23: ='Input - Swine'!$D$33 -> Pit storage | E23: ='4.5.1.3-4 Direct N20'!E122 -> 201.48 | F23: ='4.5.1.3-4 Direct N20'!F122 -> 214.62 | G23: ='4.5.1.3-4 Direct N20'!G122 -> 201.48 | H23: ='4.5.1.3-4 Direct N20'!H122 -> 136.656 | I23: ='4.5.1.3-4 Direct N20'!I122 -> kg N | N23: ='Input - Swine'!$D$33 -> Pit storage | O23: ='4.5.1.3-4 Direct N20'!O122 -> 201.48 | P23: ='4.5.1.3-4 Direct N20'!P122 -> 214.62 | Q23: ='4.5.1.3-4 Direct N20'!Q122 -> 201.48 | R23: ='4.5.1.3-4 Direct N20'!R122 -> 136.656 | S23: ='4.5.1.3-4 Direct N20'!S122 -> kg N
D24: ='Input - Swine'!$D$34 -> Solid storage | E24: ='4.5.1.3-4 Direct N20'!E123 -> 671.6 | F24: ='4.5.1.3-4 Direct N20'!F123 -> 715.4 | G24: ='4.5.1.3-4 Direct N20'!G123 -> 671.6 | H24: ='4.5.1.3-4 Direct N20'!H123 -> 455.52 | I24: ='4.5.1.3-4 Direct N20'!I123 -> kg N | N24: ='Input - Swine'!$D$34 -> Solid storage | O24: ='4.5.1.3-4 Direct N20'!O123 -> 671.6 | P24: ='4.5.1.3-4 Direct N20'!P123 -> 715.4 | Q24: ='4.5.1.3-4 Direct N20'!Q123 -> 671.6 | R24: ='4.5.1.3-4 Direct N20'!R123 -> 455.52 | S24: ='4.5.1.3-4 Direct N20'!S123 -> kg N
D26: M1_Table_MN_j_m_T-2 | N26: M1_Table_MN_j_m_T-2
D27: Nitrogen in stage 2 MMS (Method 1) | N27: Nitrogen in stage 2 MMS (Method 1)
D28: Stage 1 management | E28: Stage 2 management | F28: Boars | G28: Sows | H28: Gilts | I28: Others | N28: Stage 1 management | O28: Stage 2 management | P28: Boars | Q28: Sows | R28: Gilts | S28: Others
D29: ='Input - Swine'!$D$29 -> Anaerobic lagoon | E29: ='Input - Swine'!$D$48 -> Digester / covered lagoons | F29: ='4.5.1.3-4 Direct N20'!F209 -> 18.1332 | G29: ='4.5.1.3-4 Direct N20'!G209 -> 24.14475 | H29: ='4.5.1.3-4 Direct N20'!H209 -> 22.6665 | I29: ='4.5.1.3-4 Direct N20'!I209 -> 15.3738 | J29: ='4.5.1.3-4 Direct N20'!J209 -> kg N | N29: ='Input - Swine'!$D$29 -> Anaerobic lagoon | O29: ='Input - Swine'!$D$48 -> Digester / covered lagoons | P29: ='4.5.1.3-4 Direct N20'!P209 -> 18.1332 | Q29: ='4.5.1.3-4 Direct N20'!Q209 -> 24.14475 | R29: ='4.5.1.3-4 Direct N20'!R209 -> 22.6665 | S29: ='4.5.1.3-4 Direct N20'!S209 -> 15.3738 | T29: ='4.5.1.3-4 Direct N20'!T209 -> kg N
E30: ='Input - Swine'!$D$49 -> Deep litter | F30: ='4.5.1.3-4 Direct N20'!F210 -> 18.1332 | G30: ='4.5.1.3-4 Direct N20'!G210 -> 24.14475 | H30: ='4.5.1.3-4 Direct N20'!H210 -> 22.6665 | I30: ='4.5.1.3-4 Direct N20'!I210 -> 15.3738 | J30: ='4.5.1.3-4 Direct N20'!J210 -> kg N | O30: ='Input - Swine'!$D$49 -> Deep litter | P30: ='4.5.1.3-4 Direct N20'!P210 -> 18.1332 | Q30: ='4.5.1.3-4 Direct N20'!Q210 -> 24.14475 | R30: ='4.5.1.3-4 Direct N20'!R210 -> 22.6665 | S30: ='4.5.1.3-4 Direct N20'!S210 -> 15.3738 | T30: ='4.5.1.3-4 Direct N20'!T210 -> kg N
E31: ='Input - Swine'!$D$50 -> Pit storage | F31: ='4.5.1.3-4 Direct N20'!F211 -> 18.1332 | G31: ='4.5.1.3-4 Direct N20'!G211 -> 24.14475 | H31: ='4.5.1.3-4 Direct N20'!H211 -> 22.6665 | I31: ='4.5.1.3-4 Direct N20'!I211 -> 15.3738 | J31: ='4.5.1.3-4 Direct N20'!J211 -> kg N | O31: ='Input - Swine'!$D$50 -> Pit storage | P31: ='4.5.1.3-4 Direct N20'!P211 -> 18.1332 | Q31: ='4.5.1.3-4 Direct N20'!Q211 -> 24.14475 | R31: ='4.5.1.3-4 Direct N20'!R211 -> 22.6665 | S31: ='4.5.1.3-4 Direct N20'!S211 -> 15.3738 | T31: ='4.5.1.3-4 Direct N20'!T211 -> kg N
D32: ='Input - Swine'!$D$30 -> Drylot (feed pad) | E32: ='Input - Swine'!$D$55 -> Anaerobic lagoon | F32: ='4.5.1.3-4 Direct N20'!F212 -> 27.40128 | G32: ='4.5.1.3-4 Direct N20'!G212 -> 36.4854 | H32: ='4.5.1.3-4 Direct N20'!H212 -> 34.2516 | I32: ='4.5.1.3-4 Direct N20'!I212 -> 23.23152 | J32: ='4.5.1.3-4 Direct N20'!J212 -> kg N | N32: ='Input - Swine'!$D$30 -> Drylot (feed pad) | O32: ='Input - Swine'!$D$55 -> Anaerobic lagoon | P32: ='4.5.1.3-4 Direct N20'!P212 -> 27.40128 | Q32: ='4.5.1.3-4 Direct N20'!Q212 -> 36.4854 | R32: ='4.5.1.3-4 Direct N20'!R212 -> 34.2516 | S32: ='4.5.1.3-4 Direct N20'!S212 -> 23.23152 | T32: ='4.5.1.3-4 Direct N20'!T212 -> kg N
E33: ='Input - Swine'!$D$56 -> Digester / covered lagoons | F33: ='4.5.1.3-4 Direct N20'!F213 -> 27.40128 | G33: ='4.5.1.3-4 Direct N20'!G213 -> 36.4854 | H33: ='4.5.1.3-4 Direct N20'!H213 -> 34.2516 | I33: ='4.5.1.3-4 Direct N20'!I213 -> 23.23152 | J33: ='4.5.1.3-4 Direct N20'!J213 -> kg N | O33: ='Input - Swine'!$D$56 -> Digester / covered lagoons | P33: ='4.5.1.3-4 Direct N20'!P213 -> 27.40128 | Q33: ='4.5.1.3-4 Direct N20'!Q213 -> 36.4854 | R33: ='4.5.1.3-4 Direct N20'!R213 -> 34.2516 | S33: ='4.5.1.3-4 Direct N20'!S213 -> 23.23152 | T33: ='4.5.1.3-4 Direct N20'!T213 -> kg N
E34: ='Input - Swine'!$D$57 -> Deep litter | F34: ='4.5.1.3-4 Direct N20'!F214 -> 27.40128 | G34: ='4.5.1.3-4 Direct N20'!G214 -> 36.4854 | H34: ='4.5.1.3-4 Direct N20'!H214 -> 34.2516 | I34: ='4.5.1.3-4 Direct N20'!I214 -> 23.23152 | J34: ='4.5.1.3-4 Direct N20'!J214 -> kg N | O34: ='Input - Swine'!$D$57 -> Deep litter | P34: ='4.5.1.3-4 Direct N20'!P214 -> 27.40128 | Q34: ='4.5.1.3-4 Direct N20'!Q214 -> 36.4854 | R34: ='4.5.1.3-4 Direct N20'!R214 -> 34.2516 | S34: ='4.5.1.3-4 Direct N20'!S214 -> 23.23152 | T34: ='4.5.1.3-4 Direct N20'!T214 -> kg N
E35: ='Input - Swine'!$D$58 -> Pit storage | F35: ='4.5.1.3-4 Direct N20'!F215 -> 27.40128 | G35: ='4.5.1.3-4 Direct N20'!G215 -> 36.4854 | H35: ='4.5.1.3-4 Direct N20'!H215 -> 34.2516 | I35: ='4.5.1.3-4 Direct N20'!I215 -> 23.23152 | J35: ='4.5.1.3-4 Direct N20'!J215 -> kg N | O35: ='Input - Swine'!$D$58 -> Pit storage | P35: ='4.5.1.3-4 Direct N20'!P215 -> 27.40128 | Q35: ='4.5.1.3-4 Direct N20'!Q215 -> 36.4854 | R35: ='4.5.1.3-4 Direct N20'!R215 -> 34.2516 | S35: ='4.5.1.3-4 Direct N20'!S215 -> 23.23152 | T35: ='4.5.1.3-4 Direct N20'!T215 -> kg N
D36: ='Input - Swine'!$D$31 -> Digester / covered lagoons | E36: ='Input - Swine'!$D$63 -> Anaerobic lagoon | F36: ='4.5.1.3-4 Direct N20'!F216 -> 40.296 | G36: ='4.5.1.3-4 Direct N20'!G216 -> 53.655 | H36: ='4.5.1.3-4 Direct N20'!H216 -> 50.37 | I36: ='4.5.1.3-4 Direct N20'!I216 -> 34.164 | J36: ='4.5.1.3-4 Direct N20'!J216 -> kg N | N36: ='Input - Swine'!$D$31 -> Digester / covered lagoons | O36: ='Input - Swine'!$D$63 -> Anaerobic lagoon | P36: ='4.5.1.3-4 Direct N20'!P216 -> 40.296 | Q36: ='4.5.1.3-4 Direct N20'!Q216 -> 53.655 | R36: ='4.5.1.3-4 Direct N20'!R216 -> 50.37 | S36: ='4.5.1.3-4 Direct N20'!S216 -> 34.164 | T36: ='4.5.1.3-4 Direct N20'!T216 -> kg N
E37: ='Input - Swine'!$D$64 -> Deep litter | F37: ='4.5.1.3-4 Direct N20'!F217 -> 40.296 | G37: ='4.5.1.3-4 Direct N20'!G217 -> 53.655 | H37: ='4.5.1.3-4 Direct N20'!H217 -> 50.37 | I37: ='4.5.1.3-4 Direct N20'!I217 -> 34.164 | J37: ='4.5.1.3-4 Direct N20'!J217 -> kg N | O37: ='Input - Swine'!$D$64 -> Deep litter | P37: ='4.5.1.3-4 Direct N20'!P217 -> 40.296 | Q37: ='4.5.1.3-4 Direct N20'!Q217 -> 53.655 | R37: ='4.5.1.3-4 Direct N20'!R217 -> 50.37 | S37: ='4.5.1.3-4 Direct N20'!S217 -> 34.164 | T37: ='4.5.1.3-4 Direct N20'!T217 -> kg N
E38: ='Input - Swine'!$D$65 -> Pit storage | F38: ='4.5.1.3-4 Direct N20'!F218 -> 40.296 | G38: ='4.5.1.3-4 Direct N20'!G218 -> 53.655 | H38: ='4.5.1.3-4 Direct N20'!H218 -> 50.37 | I38: ='4.5.1.3-4 Direct N20'!I218 -> 34.164 | J38: ='4.5.1.3-4 Direct N20'!J218 -> kg N | O38: ='Input - Swine'!$D$65 -> Pit storage | P38: ='4.5.1.3-4 Direct N20'!P218 -> 40.296 | Q38: ='4.5.1.3-4 Direct N20'!Q218 -> 53.655 | R38: ='4.5.1.3-4 Direct N20'!R218 -> 50.37 | S38: ='4.5.1.3-4 Direct N20'!S218 -> 34.164 | T38: ='4.5.1.3-4 Direct N20'!T218 -> kg N
D39: ='Input - Swine'!$D$32 -> Deep litter | E39: ='Input - Swine'!$D$70 -> Anaerobic lagoon | F39: ='4.5.1.3-4 Direct N20'!F219 -> 34.85604 | G39: ='4.5.1.3-4 Direct N20'!G219 -> 46.411575 | H39: ='4.5.1.3-4 Direct N20'!H219 -> 43.57005 | I39: ='4.5.1.3-4 Direct N20'!I219 -> 29.55186 | J39: ='4.5.1.3-4 Direct N20'!J219 -> kg N | N39: ='Input - Swine'!$D$32 -> Deep litter | O39: ='Input - Swine'!$D$70 -> Anaerobic lagoon | P39: ='4.5.1.3-4 Direct N20'!P219 -> 34.85604 | Q39: ='4.5.1.3-4 Direct N20'!Q219 -> 46.411575 | R39: ='4.5.1.3-4 Direct N20'!R219 -> 43.57005 | S39: ='4.5.1.3-4 Direct N20'!S219 -> 29.55186 | T39: ='4.5.1.3-4 Direct N20'!T219 -> kg N
E40: ='Input - Swine'!$D$71 -> Digester / covered lagoons | F40: ='4.5.1.3-4 Direct N20'!F220 -> 34.85604 | G40: ='4.5.1.3-4 Direct N20'!G220 -> 46.411575 | H40: ='4.5.1.3-4 Direct N20'!H220 -> 43.57005 | I40: ='4.5.1.3-4 Direct N20'!I220 -> 29.55186 | J40: ='4.5.1.3-4 Direct N20'!J220 -> kg N | O40: ='Input - Swine'!$D$71 -> Digester / covered lagoons | P40: ='4.5.1.3-4 Direct N20'!P220 -> 34.85604 | Q40: ='4.5.1.3-4 Direct N20'!Q220 -> 46.411575 | R40: ='4.5.1.3-4 Direct N20'!R220 -> 43.57005 | S40: ='4.5.1.3-4 Direct N20'!S220 -> 29.55186 | T40: ='4.5.1.3-4 Direct N20'!T220 -> kg N
E41: ='Input - Swine'!$D$72 -> Pit storage | F41: ='4.5.1.3-4 Direct N20'!F221 -> 34.85604 | G41: ='4.5.1.3-4 Direct N20'!G221 -> 46.411575 | H41: ='4.5.1.3-4 Direct N20'!H221 -> 43.57005 | I41: ='4.5.1.3-4 Direct N20'!I221 -> 29.55186 | J41: ='4.5.1.3-4 Direct N20'!J221 -> kg N | O41: ='Input - Swine'!$D$72 -> Pit storage | P41: ='4.5.1.3-4 Direct N20'!P221 -> 34.85604 | Q41: ='4.5.1.3-4 Direct N20'!Q221 -> 46.411575 | R41: ='4.5.1.3-4 Direct N20'!R221 -> 43.57005 | S41: ='4.5.1.3-4 Direct N20'!S221 -> 29.55186 | T41: ='4.5.1.3-4 Direct N20'!T221 -> kg N
D42: ='Input - Swine'!$D$33 -> Pit storage | E42: ='Input - Swine'!$D$77 -> Anaerobic lagoon | F42: ='4.5.1.3-4 Direct N20'!F222 -> 30.141408 | G42: ='4.5.1.3-4 Direct N20'!G222 -> 40.13394 | H42: ='4.5.1.3-4 Direct N20'!H222 -> 37.67676 | I42: ='4.5.1.3-4 Direct N20'!I222 -> 25.554672 | J42: ='4.5.1.3-4 Direct N20'!J222 -> kg N | N42: ='Input - Swine'!$D$33 -> Pit storage | O42: ='Input - Swine'!$D$77 -> Anaerobic lagoon | P42: ='4.5.1.3-4 Direct N20'!P222 -> 30.141408 | Q42: ='4.5.1.3-4 Direct N20'!Q222 -> 40.13394 | R42: ='4.5.1.3-4 Direct N20'!R222 -> 37.67676 | S42: ='4.5.1.3-4 Direct N20'!S222 -> 25.554672 | T42: ='4.5.1.3-4 Direct N20'!T222 -> kg N
E43: ='Input - Swine'!$D$78 -> Digester / covered lagoons | F43: ='4.5.1.3-4 Direct N20'!F223 -> 30.141408 | G43: ='4.5.1.3-4 Direct N20'!G223 -> 40.13394 | H43: ='4.5.1.3-4 Direct N20'!H223 -> 37.67676 | I43: ='4.5.1.3-4 Direct N20'!I223 -> 25.554672 | J43: ='4.5.1.3-4 Direct N20'!J223 -> kg N | O43: ='Input - Swine'!$D$78 -> Digester / covered lagoons | P43: ='4.5.1.3-4 Direct N20'!P223 -> 30.141408 | Q43: ='4.5.1.3-4 Direct N20'!Q223 -> 40.13394 | R43: ='4.5.1.3-4 Direct N20'!R223 -> 37.67676 | S43: ='4.5.1.3-4 Direct N20'!S223 -> 25.554672 | T43: ='4.5.1.3-4 Direct N20'!T223 -> kg N
E44: ='Input - Swine'!$D$79 -> Deep litter | F44: ='4.5.1.3-4 Direct N20'!F224 -> 30.141408 | G44: ='4.5.1.3-4 Direct N20'!G224 -> 40.13394 | H44: ='4.5.1.3-4 Direct N20'!H224 -> 37.67676 | I44: ='4.5.1.3-4 Direct N20'!I224 -> 25.554672 | J44: ='4.5.1.3-4 Direct N20'!J224 -> kg N | O44: ='Input - Swine'!$D$79 -> Deep litter | P44: ='4.5.1.3-4 Direct N20'!P224 -> 30.141408 | Q44: ='4.5.1.3-4 Direct N20'!Q224 -> 40.13394 | R44: ='4.5.1.3-4 Direct N20'!R224 -> 37.67676 | S44: ='4.5.1.3-4 Direct N20'!S224 -> 25.554672 | T44: ='4.5.1.3-4 Direct N20'!T224 -> kg N
D45: ='Input - Swine'!$D$34 -> Solid storage | E45: ='Input - Swine'!$D$84 -> Anaerobic lagoon | F45: ='4.5.1.3-4 Direct N20'!F225 -> 106.7844 | G45: ='4.5.1.3-4 Direct N20'!G225 -> 113.7486 | H45: ='4.5.1.3-4 Direct N20'!H225 -> 106.7844 | I45: ='4.5.1.3-4 Direct N20'!I225 -> 72.42768 | J45: ='4.5.1.3-4 Direct N20'!J225 -> kg N | N45: ='Input - Swine'!$D$34 -> Solid storage | O45: ='Input - Swine'!$D$84 -> Anaerobic lagoon | P45: ='4.5.1.3-4 Direct N20'!P225 -> 106.7844 | Q45: ='4.5.1.3-4 Direct N20'!Q225 -> 113.7486 | R45: ='4.5.1.3-4 Direct N20'!R225 -> 106.7844 | S45: ='4.5.1.3-4 Direct N20'!S225 -> 72.42768 | T45: ='4.5.1.3-4 Direct N20'!T225 -> kg N
E46: ='Input - Swine'!$D$85 -> Digester / covered lagoons | F46: ='4.5.1.3-4 Direct N20'!F226 -> 106.7844 | G46: ='4.5.1.3-4 Direct N20'!G226 -> 113.7486 | H46: ='4.5.1.3-4 Direct N20'!H226 -> 106.7844 | I46: ='4.5.1.3-4 Direct N20'!I226 -> 72.42768 | J46: ='4.5.1.3-4 Direct N20'!J226 -> kg N | O46: ='Input - Swine'!$D$85 -> Digester / covered lagoons | P46: ='4.5.1.3-4 Direct N20'!P226 -> 106.7844 | Q46: ='4.5.1.3-4 Direct N20'!Q226 -> 113.7486 | R46: ='4.5.1.3-4 Direct N20'!R226 -> 106.7844 | S46: ='4.5.1.3-4 Direct N20'!S226 -> 72.42768 | T46: ='4.5.1.3-4 Direct N20'!T226 -> kg N
E47: ='Input - Swine'!$D$86 -> Deep litter | F47: ='4.5.1.3-4 Direct N20'!F227 -> 106.7844 | G47: ='4.5.1.3-4 Direct N20'!G227 -> 113.7486 | H47: ='4.5.1.3-4 Direct N20'!H227 -> 106.7844 | I47: ='4.5.1.3-4 Direct N20'!I227 -> 72.42768 | J47: ='4.5.1.3-4 Direct N20'!J227 -> kg N | O47: ='Input - Swine'!$D$86 -> Deep litter | P47: ='4.5.1.3-4 Direct N20'!P227 -> 106.7844 | Q47: ='4.5.1.3-4 Direct N20'!Q227 -> 113.7486 | R47: ='4.5.1.3-4 Direct N20'!R227 -> 106.7844 | S47: ='4.5.1.3-4 Direct N20'!S227 -> 72.42768 | T47: ='4.5.1.3-4 Direct N20'!T227 -> kg N
E48: ='Input - Swine'!$D$87 -> Pit storage | F48: ='4.5.1.3-4 Direct N20'!F228 -> 53.3922 | G48: ='4.5.1.3-4 Direct N20'!G228 -> 56.8743 | H48: ='4.5.1.3-4 Direct N20'!H228 -> 53.3922 | I48: ='4.5.1.3-4 Direct N20'!I228 -> 36.21384 | J48: ='4.5.1.3-4 Direct N20'!J228 -> kg N | O48: ='Input - Swine'!$D$87 -> Pit storage | P48: ='4.5.1.3-4 Direct N20'!P228 -> 53.3922 | Q48: ='4.5.1.3-4 Direct N20'!Q228 -> 56.8743 | R48: ='4.5.1.3-4 Direct N20'!R228 -> 53.3922 | S48: ='4.5.1.3-4 Direct N20'!S228 -> 36.21384 | T48: ='4.5.1.3-4 Direct N20'!T228 -> kg N
D50: Table_FracGASM_m_t
D51: Fraction of N volatilised from MMS
D52: Stage 1 management | E52: FracGASMm
D53: ='Input - Swine'!$D$29 -> Anaerobic lagoon | E53: {=Common_InputFunctions.Utility_LookupValueInTableNumber(D53, Table_SourceData_Swine_FracGASM[NIR reference],Table_SourceData_Swine_FracGASM[FracGASMmT])} -> 0.55
D54: ='Input - Swine'!$D$30 -> Drylot (feed pad) | E54: {=Common_InputFunctions.Utility_LookupValueInTableNumber(D54, Table_SourceData_Swine_FracGASM[NIR reference],Table_SourceData_Swine_FracGASM[FracGASMmT])} -> 0.3
D55: ='Input - Swine'!$D$31 -> Digester / covered lagoons | E55: {=Common_InputFunctions.Utility_LookupValueInTableNumber(D55, Table_SourceData_Swine_FracGASM[NIR reference],Table_SourceData_Swine_FracGASM[FracGASMmT])} -> 0
D56: ='Input - Swine'!$D$32 -> Deep litter | E56: {=Common_InputFunctions.Utility_LookupValueInTableNumber(D56, Table_SourceData_Swine_FracGASM[NIR reference],Table_SourceData_Swine_FracGASM[FracGASMmT])} -> 0.125
D57: ='Input - Swine'!$D$33 -> Pit storage | E57: {=Common_InputFunctions.Utility_LookupValueInTableNumber(D57, Table_SourceData_Swine_FracGASM[NIR reference],Table_SourceData_Swine_FracGASM[FracGASMmT])} -> 0.25
D58: ='Input - Swine'!$D$34 -> Solid storage | E58: {=Common_InputFunctions.Utility_LookupValueInTableNumber(D58, Table_SourceData_Swine_FracGASM[NIR reference],Table_SourceData_Swine_FracGASM[FracGASMmT])} -> 0.2
D60: M1_Table_E_N2O_dir | N60: M1_Table_E_N2O_dir
D61: Total direct nitrous oxide emissions from MMS (Method 1) | N61: Total direct nitrous oxide emissions from MMS (Method 1)
D62: Stage 1 management | E62: Stage 2 management | F62: Boars | G62: Sows | H62: Gilts | I62: Others | N62: Stage 1 management | O62: Stage 2 management | P62: Boars | Q62: Sows | R62: Gilts | S62: Others
D63: ='Input - Swine'!$D$29 -> Anaerobic lagoon | E63: N/A | F63: {=MMS_Swine_AtmosphericDeposition_Equations.VEERG_4_5_1_5__2_TotalNitrogenVolatilisedFromMMS(E19,_xlfn.XLOOKUP($D63,$D$53:$D$58,$E$53:$E$58))} -> 110.814 | G63: {=MMS_Swine_AtmosphericDeposition_Equations.VEERG_4_5_1_5__2_TotalNitrogenVolatilisedFromMMS(F19,_xlfn.XLOOKUP($D63,$D$53:$D$58,$E$53:$E$58))} -> 118.041 | H63: {=MMS_Swine_AtmosphericDeposition_Equations.VEERG_4_5_1_5__2_TotalNitrogenVolatilisedFromMMS(G19,_xlfn.XLOOKUP($D63,$D$53:$D$58,$E$53:$E$58))} -> 110.814 | I63: {=MMS_Swine_AtmosphericDeposition_Equations.VEERG_4_5_1_5__2_TotalNitrogenVolatilisedFromMMS(H19,_xlfn.XLOOKUP($D63,$D$53:$D$58,$E$53:$E$58))} -> 75.1608 | J63: =$E$11 -> kg N | N63: ='Input - Swine'!$D$29 -> Anaerobic lagoon | O63: N/A | P63: {=MMS_Swine_AtmosphericDeposition_Equations.VEERG_4_5_1_5__2_TotalNitrogenVolatilisedFromMMS(O19,_xlfn.XLOOKUP($N63,$D$53:$D$58,$E$53:$E$58))} -> 110.814 | Q63: {=MMS_Swine_AtmosphericDeposition_Equations.VEERG_4_5_1_5__2_TotalNitrogenVolatilisedFromMMS(P19,_xlfn.XLOOKUP($N63,$D$53:$D$58,$E$53:$E$58))} -> 118.041 | R63: {=MMS_Swine_AtmosphericDeposition_Equations.VEERG_4_5_1_5__2_TotalNitrogenVolatilisedFromMMS(Q19,_xlfn.XLOOKUP($N63,$D$53:$D$58,$E$53:$E$58))} -> 110.814 | S63: {=MMS_Swine_AtmosphericDeposition_Equations.VEERG_4_5_1_5__2_TotalNitrogenVolatilisedFromMMS(R19,_xlfn.XLOOKUP($N63,$D$53:$D$58,$E$53:$E$58))} -> 75.1608 | T63: =$E$11 -> kg N
D64: ='Input - Swine'!$D$30 -> Drylot (feed pad) | E64: N/A | F64: {=MMS_Swine_AtmosphericDeposition_Equations.VEERG_4_5_1_5__2_TotalNitrogenVolatilisedFromMMS(E20,_xlfn.XLOOKUP($D64,$D$53:$D$58,$E$53:$E$58))} -> 60.444 | G64: {=MMS_Swine_AtmosphericDeposition_Equations.VEERG_4_5_1_5__2_TotalNitrogenVolatilisedFromMMS(F20,_xlfn.XLOOKUP($D64,$D$53:$D$58,$E$53:$E$58))} -> 64.386 | H64: {=MMS_Swine_AtmosphericDeposition_Equations.VEERG_4_5_1_5__2_TotalNitrogenVolatilisedFromMMS(G20,_xlfn.XLOOKUP($D64,$D$53:$D$58,$E$53:$E$58))} -> 60.444 | I64: {=MMS_Swine_AtmosphericDeposition_Equations.VEERG_4_5_1_5__2_TotalNitrogenVolatilisedFromMMS(H20,_xlfn.XLOOKUP($D64,$D$53:$D$58,$E$53:$E$58))} -> 40.9968 | J64: =$E$11 -> kg N | N64: ='Input - Swine'!$D$30 -> Drylot (feed pad) | O64: N/A | P64: {=MMS_Swine_AtmosphericDeposition_Equations.VEERG_4_5_1_5__2_TotalNitrogenVolatilisedFromMMS(O20,_xlfn.XLOOKUP($N64,$D$53:$D$58,$E$53:$E$58))} -> 60.444 | Q64: {=MMS_Swine_AtmosphericDeposition_Equations.VEERG_4_5_1_5__2_TotalNitrogenVolatilisedFromMMS(P20,_xlfn.XLOOKUP($N64,$D$53:$D$58,$E$53:$E$58))} -> 64.386 | R64: {=MMS_Swine_AtmosphericDeposition_Equations.VEERG_4_5_1_5__2_TotalNitrogenVolatilisedFromMMS(Q20,_xlfn.XLOOKUP($N64,$D$53:$D$58,$E$53:$E$58))} -> 60.444 | S64: {=MMS_Swine_AtmosphericDeposition_Equations.VEERG_4_5_1_5__2_TotalNitrogenVolatilisedFromMMS(R20,_xlfn.XLOOKUP($N64,$D$53:$D$58,$E$53:$E$58))} -> 40.9968 | T64: =$E$11 -> kg N
D65: ='Input - Swine'!$D$31 -> Digester / covered lagoons | E65: N/A | F65: {=MMS_Swine_AtmosphericDeposition_Equations.VEERG_4_5_1_5__2_TotalNitrogenVolatilisedFromMMS(E21,_xlfn.XLOOKUP($D65,$D$53:$D$58,$E$53:$E$58))} -> 0 | G65: {=MMS_Swine_AtmosphericDeposition_Equations.VEERG_4_5_1_5__2_TotalNitrogenVolatilisedFromMMS(F21,_xlfn.XLOOKUP($D65,$D$53:$D$58,$E$53:$E$58))} -> 0 | H65: {=MMS_Swine_AtmosphericDeposition_Equations.VEERG_4_5_1_5__2_TotalNitrogenVolatilisedFromMMS(G21,_xlfn.XLOOKUP($D65,$D$53:$D$58,$E$53:$E$58))} -> 0 | I65: {=MMS_Swine_AtmosphericDeposition_Equations.VEERG_4_5_1_5__2_TotalNitrogenVolatilisedFromMMS(H21,_xlfn.XLOOKUP($D65,$D$53:$D$58,$E$53:$E$58))} -> 0 | J65: =$E$11 -> kg N | N65: ='Input - Swine'!$D$31 -> Digester / covered lagoons | O65: N/A | P65: {=MMS_Swine_AtmosphericDeposition_Equations.VEERG_4_5_1_5__2_TotalNitrogenVolatilisedFromMMS(O21,_xlfn.XLOOKUP($N65,$D$53:$D$58,$E$53:$E$58))} -> 0 | Q65: {=MMS_Swine_AtmosphericDeposition_Equations.VEERG_4_5_1_5__2_TotalNitrogenVolatilisedFromMMS(P21,_xlfn.XLOOKUP($N65,$D$53:$D$58,$E$53:$E$58))} -> 0 | R65: {=MMS_Swine_AtmosphericDeposition_Equations.VEERG_4_5_1_5__2_TotalNitrogenVolatilisedFromMMS(Q21,_xlfn.XLOOKUP($N65,$D$53:$D$58,$E$53:$E$58))} -> 0 | S65: {=MMS_Swine_AtmosphericDeposition_Equations.VEERG_4_5_1_5__2_TotalNitrogenVolatilisedFromMMS(R21,_xlfn.XLOOKUP($N65,$D$53:$D$58,$E$53:$E$58))} -> 0 | T65: =$E$11 -> kg N
D66: ='Input - Swine'!$D$32 -> Deep litter | E66: N/A | F66: {=MMS_Swine_AtmosphericDeposition_Equations.VEERG_4_5_1_5__2_TotalNitrogenVolatilisedFromMMS(E22,_xlfn.XLOOKUP($D66,$D$53:$D$58,$E$53:$E$58))} -> 25.185 | G66: {=MMS_Swine_AtmosphericDeposition_Equations.VEERG_4_5_1_5__2_TotalNitrogenVolatilisedFromMMS(F22,_xlfn.XLOOKUP($D66,$D$53:$D$58,$E$53:$E$58))} -> 26.8275 | H66: {=MMS_Swine_AtmosphericDeposition_Equations.VEERG_4_5_1_5__2_TotalNitrogenVolatilisedFromMMS(G22,_xlfn.XLOOKUP($D66,$D$53:$D$58,$E$53:$E$58))} -> 25.185 | I66: {=MMS_Swine_AtmosphericDeposition_Equations.VEERG_4_5_1_5__2_TotalNitrogenVolatilisedFromMMS(H22,_xlfn.XLOOKUP($D66,$D$53:$D$58,$E$53:$E$58))} -> 17.082 | J66: =$E$11 -> kg N | N66: ='Input - Swine'!$D$32 -> Deep litter | O66: N/A | P66: {=MMS_Swine_AtmosphericDeposition_Equations.VEERG_4_5_1_5__2_TotalNitrogenVolatilisedFromMMS(O22,_xlfn.XLOOKUP($N66,$D$53:$D$58,$E$53:$E$58))} -> 25.185 | Q66: {=MMS_Swine_AtmosphericDeposition_Equations.VEERG_4_5_1_5__2_TotalNitrogenVolatilisedFromMMS(P22,_xlfn.XLOOKUP($N66,$D$53:$D$58,$E$53:$E$58))} -> 26.8275 | R66: {=MMS_Swine_AtmosphericDeposition_Equations.VEERG_4_5_1_5__2_TotalNitrogenVolatilisedFromMMS(Q22,_xlfn.XLOOKUP($N66,$D$53:$D$58,$E$53:$E$58))} -> 25.185 | S66: {=MMS_Swine_AtmosphericDeposition_Equations.VEERG_4_5_1_5__2_TotalNitrogenVolatilisedFromMMS(R22,_xlfn.XLOOKUP($N66,$D$53:$D$58,$E$53:$E$58))} -> 17.082 | T66: =$E$11 -> kg N
D67: ='Input - Swine'!$D$33 -> Pit storage | E67: N/A | F67: {=MMS_Swine_AtmosphericDeposition_Equations.VEERG_4_5_1_5__2_TotalNitrogenVolatilisedFromMMS(E23,_xlfn.XLOOKUP($D67,$D$53:$D$58,$E$53:$E$58))} -> 50.37 | G67: {=MMS_Swine_AtmosphericDeposition_Equations.VEERG_4_5_1_5__2_TotalNitrogenVolatilisedFromMMS(F23,_xlfn.XLOOKUP($D67,$D$53:$D$58,$E$53:$E$58))} -> 53.655 | H67: {=MMS_Swine_AtmosphericDeposition_Equations.VEERG_4_5_1_5__2_TotalNitrogenVolatilisedFromMMS(G23,_xlfn.XLOOKUP($D67,$D$53:$D$58,$E$53:$E$58))} -> 50.37 | I67: {=MMS_Swine_AtmosphericDeposition_Equations.VEERG_4_5_1_5__2_TotalNitrogenVolatilisedFromMMS(H23,_xlfn.XLOOKUP($D67,$D$53:$D$58,$E$53:$E$58))} -> 34.164 | J67: =$E$11 -> kg N | N67: ='Input - Swine'!$D$33 -> Pit storage | O67: N/A | P67: {=MMS_Swine_AtmosphericDeposition_Equations.VEERG_4_5_1_5__2_TotalNitrogenVolatilisedFromMMS(O23,_xlfn.XLOOKUP($N67,$D$53:$D$58,$E$53:$E$58))} -> 50.37 | Q67: {=MMS_Swine_AtmosphericDeposition_Equations.VEERG_4_5_1_5__2_TotalNitrogenVolatilisedFromMMS(P23,_xlfn.XLOOKUP($N67,$D$53:$D$58,$E$53:$E$58))} -> 53.655 | R67: {=MMS_Swine_AtmosphericDeposition_Equations.VEERG_4_5_1_5__2_TotalNitrogenVolatilisedFromMMS(Q23,_xlfn.XLOOKUP($N67,$D$53:$D$58,$E$53:$E$58))} -> 50.37 | S67: {=MMS_Swine_AtmosphericDeposition_Equations.VEERG_4_5_1_5__2_TotalNitrogenVolatilisedFromMMS(R23,_xlfn.XLOOKUP($N67,$D$53:$D$58,$E$53:$E$58))} -> 34.164 | T67: =$E$11 -> kg N
D68: ='Input - Swine'!$D$34 -> Solid storage | E68: N/A | F68: {=MMS_Swine_AtmosphericDeposition_Equations.VEERG_4_5_1_5__2_TotalNitrogenVolatilisedFromMMS(E24,_xlfn.XLOOKUP($D68,$D$53:$D$58,$E$53:$E$58))} -> 134.32 | G68: {=MMS_Swine_AtmosphericDeposition_Equations.VEERG_4_5_1_5__2_TotalNitrogenVolatilisedFromMMS(F24,_xlfn.XLOOKUP($D68,$D$53:$D$58,$E$53:$E$58))} -> 143.08 | H68: {=MMS_Swine_AtmosphericDeposition_Equations.VEERG_4_5_1_5__2_TotalNitrogenVolatilisedFromMMS(G24,_xlfn.XLOOKUP($D68,$D$53:$D$58,$E$53:$E$58))} -> 134.32 | I68: {=MMS_Swine_AtmosphericDeposition_Equations.VEERG_4_5_1_5__2_TotalNitrogenVolatilisedFromMMS(H24,_xlfn.XLOOKUP($D68,$D$53:$D$58,$E$53:$E$58))} -> 91.104 | J68: =$E$11 -> kg N | N68: ='Input - Swine'!$D$34 -> Solid storage | O68: N/A | P68: {=MMS_Swine_AtmosphericDeposition_Equations.VEERG_4_5_1_5__2_TotalNitrogenVolatilisedFromMMS(O24,_xlfn.XLOOKUP($N68,$D$53:$D$58,$E$53:$E$58))} -> 134.32 | Q68: {=MMS_Swine_AtmosphericDeposition_Equations.VEERG_4_5_1_5__2_TotalNitrogenVolatilisedFromMMS(P24,_xlfn.XLOOKUP($N68,$D$53:$D$58,$E$53:$E$58))} -> 143.08 | R68: {=MMS_Swine_AtmosphericDeposition_Equations.VEERG_4_5_1_5__2_TotalNitrogenVolatilisedFromMMS(Q24,_xlfn.XLOOKUP($N68,$D$53:$D$58,$E$53:$E$58))} -> 134.32 | S68: {=MMS_Swine_AtmosphericDeposition_Equations.VEERG_4_5_1_5__2_TotalNitrogenVolatilisedFromMMS(R24,_xlfn.XLOOKUP($N68,$D$53:$D$58,$E$53:$E$58))} -> 91.104 | T68: =$E$11 -> kg N
D69: ='Input - Swine'!$D$29 -> Anaerobic lagoon | E69: ='Input - Swine'!$D$48 -> Digester / covered lagoons | F69: {=MMS_Swine_AtmosphericDeposition_Equations.VEERG_4_5_1_5__2_TotalNitrogenVolatilisedFromMMS(F29,_xlfn.XLOOKUP($E69,$D$53:$D$58,$E$53:$E$58))} -> 0 | G69: {=MMS_Swine_AtmosphericDeposition_Equations.VEERG_4_5_1_5__2_TotalNitrogenVolatilisedFromMMS(G29,_xlfn.XLOOKUP($E69,$D$53:$D$58,$E$53:$E$58))} -> 0 | H69: {=MMS_Swine_AtmosphericDeposition_Equations.VEERG_4_5_1_5__2_TotalNitrogenVolatilisedFromMMS(H29,_xlfn.XLOOKUP($E69,$D$53:$D$58,$E$53:$E$58))} -> 0 | I69: {=MMS_Swine_AtmosphericDeposition_Equations.VEERG_4_5_1_5__2_TotalNitrogenVolatilisedFromMMS(I29,_xlfn.XLOOKUP($E69,$D$53:$D$58,$E$53:$E$58))} -> 0 | J69: =$E$11 -> kg N | N69: ='Input - Swine'!$D$29 -> Anaerobic lagoon | O69: ='Input - Swine'!$D$48 -> Digester / covered lagoons | P69: {=MMS_Swine_AtmosphericDeposition_Equations.VEERG_4_5_1_5__2_TotalNitrogenVolatilisedFromMMS(P29,_xlfn.XLOOKUP($O69,$D$53:$D$58,$E$53:$E$58))} -> 0 | Q69: {=MMS_Swine_AtmosphericDeposition_Equations.VEERG_4_5_1_5__2_TotalNitrogenVolatilisedFromMMS(Q29,_xlfn.XLOOKUP($O69,$D$53:$D$58,$E$53:$E$58))} -> 0 | R69: {=MMS_Swine_AtmosphericDeposition_Equations.VEERG_4_5_1_5__2_TotalNitrogenVolatilisedFromMMS(R29,_xlfn.XLOOKUP($O69,$D$53:$D$58,$E$53:$E$58))} -> 0 | S69: {=MMS_Swine_AtmosphericDeposition_Equations.VEERG_4_5_1_5__2_TotalNitrogenVolatilisedFromMMS(S29,_xlfn.XLOOKUP($O69,$D$53:$D$58,$E$53:$E$58))} -> 0 | T69: =$E$11 -> kg N
E70: ='Input - Swine'!$D$49 -> Deep litter | F70: {=MMS_Swine_AtmosphericDeposition_Equations.VEERG_4_5_1_5__2_TotalNitrogenVolatilisedFromMMS(F30,_xlfn.XLOOKUP($E70,$D$53:$D$58,$E$53:$E$58))} -> 2.26665 | G70: {=MMS_Swine_AtmosphericDeposition_Equations.VEERG_4_5_1_5__2_TotalNitrogenVolatilisedFromMMS(G30,_xlfn.XLOOKUP($E70,$D$53:$D$58,$E$53:$E$58))} -> 3.0180938 | H70: {=MMS_Swine_AtmosphericDeposition_Equations.VEERG_4_5_1_5__2_TotalNitrogenVolatilisedFromMMS(H30,_xlfn.XLOOKUP($E70,$D$53:$D$58,$E$53:$E$58))} -> 2.8333125 | I70: {=MMS_Swine_AtmosphericDeposition_Equations.VEERG_4_5_1_5__2_TotalNitrogenVolatilisedFromMMS(I30,_xlfn.XLOOKUP($E70,$D$53:$D$58,$E$53:$E$58))} -> 1.921725 | J70: =$E$11 -> kg N | O70: ='Input - Swine'!$D$49 -> Deep litter | P70: {=MMS_Swine_AtmosphericDeposition_Equations.VEERG_4_5_1_5__2_TotalNitrogenVolatilisedFromMMS(P30,_xlfn.XLOOKUP($O70,$D$53:$D$58,$E$53:$E$58))} -> 2.26665 | Q70: {=MMS_Swine_AtmosphericDeposition_Equations.VEERG_4_5_1_5__2_TotalNitrogenVolatilisedFromMMS(Q30,_xlfn.XLOOKUP($O70,$D$53:$D$58,$E$53:$E$58))} -> 3.0180938 | R70: {=MMS_Swine_AtmosphericDeposition_Equations.VEERG_4_5_1_5__2_TotalNitrogenVolatilisedFromMMS(R30,_xlfn.XLOOKUP($O70,$D$53:$D$58,$E$53:$E$58))} -> 2.8333125 | S70: {=MMS_Swine_AtmosphericDeposition_Equations.VEERG_4_5_1_5__2_TotalNitrogenVolatilisedFromMMS(S30,_xlfn.XLOOKUP($O70,$D$53:$D$58,$E$53:$E$58))} -> 1.921725 | T70: =$E$11 -> kg N
E71: ='Input - Swine'!$D$50 -> Pit storage | F71: {=MMS_Swine_AtmosphericDeposition_Equations.VEERG_4_5_1_5__2_TotalNitrogenVolatilisedFromMMS(F31,_xlfn.XLOOKUP($E71,$D$53:$D$58,$E$53:$E$58))} -> 4.5333 | G71: {=MMS_Swine_AtmosphericDeposition_Equations.VEERG_4_5_1_5__2_TotalNitrogenVolatilisedFromMMS(G31,_xlfn.XLOOKUP($E71,$D$53:$D$58,$E$53:$E$58))} -> 6.0361875 | H71: {=MMS_Swine_AtmosphericDeposition_Equations.VEERG_4_5_1_5__2_TotalNitrogenVolatilisedFromMMS(H31,_xlfn.XLOOKUP($E71,$D$53:$D$58,$E$53:$E$58))} -> 5.666625 | I71: {=MMS_Swine_AtmosphericDeposition_Equations.VEERG_4_5_1_5__2_TotalNitrogenVolatilisedFromMMS(I31,_xlfn.XLOOKUP($E71,$D$53:$D$58,$E$53:$E$58))} -> 3.84345 | J71: =$E$11 -> kg N | O71: ='Input - Swine'!$D$50 -> Pit storage | P71: {=MMS_Swine_AtmosphericDeposition_Equations.VEERG_4_5_1_5__2_TotalNitrogenVolatilisedFromMMS(P31,_xlfn.XLOOKUP($O71,$D$53:$D$58,$E$53:$E$58))} -> 4.5333 | Q71: {=MMS_Swine_AtmosphericDeposition_Equations.VEERG_4_5_1_5__2_TotalNitrogenVolatilisedFromMMS(Q31,_xlfn.XLOOKUP($O71,$D$53:$D$58,$E$53:$E$58))} -> 6.0361875 | R71: {=MMS_Swine_AtmosphericDeposition_Equations.VEERG_4_5_1_5__2_TotalNitrogenVolatilisedFromMMS(R31,_xlfn.XLOOKUP($O71,$D$53:$D$58,$E$53:$E$58))} -> 5.666625 | S71: {=MMS_Swine_AtmosphericDeposition_Equations.VEERG_4_5_1_5__2_TotalNitrogenVolatilisedFromMMS(S31,_xlfn.XLOOKUP($O71,$D$53:$D$58,$E$53:$E$58))} -> 3.84345 | T71: =$E$11 -> kg N
D72: ='Input - Swine'!$D$30 -> Drylot (feed pad) | E72: ='Input - Swine'!$D$55 -> Anaerobic lagoon | F72: {=MMS_Swine_AtmosphericDeposition_Equations.VEERG_4_5_1_5__2_TotalNitrogenVolatilisedFromMMS(F32,_xlfn.XLOOKUP($E72,$D$53:$D$58,$E$53:$E$58))} -> 15.070704 | G72: {=MMS_Swine_AtmosphericDeposition_Equations.VEERG_4_5_1_5__2_TotalNitrogenVolatilisedFromMMS(G32,_xlfn.XLOOKUP($E72,$D$53:$D$58,$E$53:$E$58))} -> 20.06697 | H72: {=MMS_Swine_AtmosphericDeposition_Equations.VEERG_4_5_1_5__2_TotalNitrogenVolatilisedFromMMS(H32,_xlfn.XLOOKUP($E72,$D$53:$D$58,$E$53:$E$58))} -> 18.83838 | I72: {=MMS_Swine_AtmosphericDeposition_Equations.VEERG_4_5_1_5__2_TotalNitrogenVolatilisedFromMMS(I32,_xlfn.XLOOKUP($E72,$D$53:$D$58,$E$53:$E$58))} -> 12.777336 | J72: =$E$11 -> kg N | N72: ='Input - Swine'!$D$30 -> Drylot (feed pad) | O72: ='Input - Swine'!$D$55 -> Anaerobic lagoon | P72: {=MMS_Swine_AtmosphericDeposition_Equations.VEERG_4_5_1_5__2_TotalNitrogenVolatilisedFromMMS(P32,_xlfn.XLOOKUP($O72,$D$53:$D$58,$E$53:$E$58))} -> 15.070704 | Q72: {=MMS_Swine_AtmosphericDeposition_Equations.VEERG_4_5_1_5__2_TotalNitrogenVolatilisedFromMMS(Q32,_xlfn.XLOOKUP($O72,$D$53:$D$58,$E$53:$E$58))} -> 20.06697 | R72: {=MMS_Swine_AtmosphericDeposition_Equations.VEERG_4_5_1_5__2_TotalNitrogenVolatilisedFromMMS(R32,_xlfn.XLOOKUP($O72,$D$53:$D$58,$E$53:$E$58))} -> 18.83838 | S72: {=MMS_Swine_AtmosphericDeposition_Equations.VEERG_4_5_1_5__2_TotalNitrogenVolatilisedFromMMS(S32,_xlfn.XLOOKUP($O72,$D$53:$D$58,$E$53:$E$58))} -> 12.777336 | T72: =$E$11 -> kg N
E73: ='Input - Swine'!$D$56 -> Digester / covered lagoons | F73: {=MMS_Swine_AtmosphericDeposition_Equations.VEERG_4_5_1_5__2_TotalNitrogenVolatilisedFromMMS(F33,_xlfn.XLOOKUP($E73,$D$53:$D$58,$E$53:$E$58))} -> 0 | G73: {=MMS_Swine_AtmosphericDeposition_Equations.VEERG_4_5_1_5__2_TotalNitrogenVolatilisedFromMMS(G33,_xlfn.XLOOKUP($E73,$D$53:$D$58,$E$53:$E$58))} -> 0 | H73: {=MMS_Swine_AtmosphericDeposition_Equations.VEERG_4_5_1_5__2_TotalNitrogenVolatilisedFromMMS(H33,_xlfn.XLOOKUP($E73,$D$53:$D$58,$E$53:$E$58))} -> 0 | I73: {=MMS_Swine_AtmosphericDeposition_Equations.VEERG_4_5_1_5__2_TotalNitrogenVolatilisedFromMMS(I33,_xlfn.XLOOKUP($E73,$D$53:$D$58,$E$53:$E$58))} -> 0 | J73: =$E$11 -> kg N | O73: ='Input - Swine'!$D$56 -> Digester / covered lagoons | P73: {=MMS_Swine_AtmosphericDeposition_Equations.VEERG_4_5_1_5__2_TotalNitrogenVolatilisedFromMMS(P33,_xlfn.XLOOKUP($O73,$D$53:$D$58,$E$53:$E$58))} -> 0 | Q73: {=MMS_Swine_AtmosphericDeposition_Equations.VEERG_4_5_1_5__2_TotalNitrogenVolatilisedFromMMS(Q33,_xlfn.XLOOKUP($O73,$D$53:$D$58,$E$53:$E$58))} -> 0 | R73: {=MMS_Swine_AtmosphericDeposition_Equations.VEERG_4_5_1_5__2_TotalNitrogenVolatilisedFromMMS(R33,_xlfn.XLOOKUP($O73,$D$53:$D$58,$E$53:$E$58))} -> 0 | S73: {=MMS_Swine_AtmosphericDeposition_Equations.VEERG_4_5_1_5__2_TotalNitrogenVolatilisedFromMMS(S33,_xlfn.XLOOKUP($O73,$D$53:$D$58,$E$53:$E$58))} -> 0 | T73: =$E$11 -> kg N
E74: ='Input - Swine'!$D$57 -> Deep litter | F74: {=MMS_Swine_AtmosphericDeposition_Equations.VEERG_4_5_1_5__2_TotalNitrogenVolatilisedFromMMS(F34,_xlfn.XLOOKUP($E74,$D$53:$D$58,$E$53:$E$58))} -> 3.42516 | G74: {=MMS_Swine_AtmosphericDeposition_Equations.VEERG_4_5_1_5__2_TotalNitrogenVolatilisedFromMMS(G34,_xlfn.XLOOKUP($E74,$D$53:$D$58,$E$53:$E$58))} -> 4.560675 | H74: {=MMS_Swine_AtmosphericDeposition_Equations.VEERG_4_5_1_5__2_TotalNitrogenVolatilisedFromMMS(H34,_xlfn.XLOOKUP($E74,$D$53:$D$58,$E$53:$E$58))} -> 4.28145 | I74: {=MMS_Swine_AtmosphericDeposition_Equations.VEERG_4_5_1_5__2_TotalNitrogenVolatilisedFromMMS(I34,_xlfn.XLOOKUP($E74,$D$53:$D$58,$E$53:$E$58))} -> 2.90394 | J74: =$E$11 -> kg N | O74: ='Input - Swine'!$D$57 -> Deep litter | P74: {=MMS_Swine_AtmosphericDeposition_Equations.VEERG_4_5_1_5__2_TotalNitrogenVolatilisedFromMMS(P34,_xlfn.XLOOKUP($O74,$D$53:$D$58,$E$53:$E$58))} -> 3.42516 | Q74: {=MMS_Swine_AtmosphericDeposition_Equations.VEERG_4_5_1_5__2_TotalNitrogenVolatilisedFromMMS(Q34,_xlfn.XLOOKUP($O74,$D$53:$D$58,$E$53:$E$58))} -> 4.560675 | R74: {=MMS_Swine_AtmosphericDeposition_Equations.VEERG_4_5_1_5__2_TotalNitrogenVolatilisedFromMMS(R34,_xlfn.XLOOKUP($O74,$D$53:$D$58,$E$53:$E$58))} -> 4.28145 | S74: {=MMS_Swine_AtmosphericDeposition_Equations.VEERG_4_5_1_5__2_TotalNitrogenVolatilisedFromMMS(S34,_xlfn.XLOOKUP($O74,$D$53:$D$58,$E$53:$E$58))} -> 2.90394 | T74: =$E$11 -> kg N
E75: ='Input - Swine'!$D$58 -> Pit storage | F75: {=MMS_Swine_AtmosphericDeposition_Equations.VEERG_4_5_1_5__2_TotalNitrogenVolatilisedFromMMS(F35,_xlfn.XLOOKUP($E75,$D$53:$D$58,$E$53:$E$58))} -> 6.85032 | G75: {=MMS_Swine_AtmosphericDeposition_Equations.VEERG_4_5_1_5__2_TotalNitrogenVolatilisedFromMMS(G35,_xlfn.XLOOKUP($E75,$D$53:$D$58,$E$53:$E$58))} -> 9.12135 | H75: {=MMS_Swine_AtmosphericDeposition_Equations.VEERG_4_5_1_5__2_TotalNitrogenVolatilisedFromMMS(H35,_xlfn.XLOOKUP($E75,$D$53:$D$58,$E$53:$E$58))} -> 8.5629 | I75: {=MMS_Swine_AtmosphericDeposition_Equations.VEERG_4_5_1_5__2_TotalNitrogenVolatilisedFromMMS(I35,_xlfn.XLOOKUP($E75,$D$53:$D$58,$E$53:$E$58))} -> 5.80788 | J75: =$E$11 -> kg N | O75: ='Input - Swine'!$D$58 -> Pit storage | P75: {=MMS_Swine_AtmosphericDeposition_Equations.VEERG_4_5_1_5__2_TotalNitrogenVolatilisedFromMMS(P35,_xlfn.XLOOKUP($O75,$D$53:$D$58,$E$53:$E$58))} -> 6.85032 | Q75: {=MMS_Swine_AtmosphericDeposition_Equations.VEERG_4_5_1_5__2_TotalNitrogenVolatilisedFromMMS(Q35,_xlfn.XLOOKUP($O75,$D$53:$D$58,$E$53:$E$58))} -> 9.12135 | R75: {=MMS_Swine_AtmosphericDeposition_Equations.VEERG_4_5_1_5__2_TotalNitrogenVolatilisedFromMMS(R35,_xlfn.XLOOKUP($O75,$D$53:$D$58,$E$53:$E$58))} -> 8.5629 | S75: {=MMS_Swine_AtmosphericDeposition_Equations.VEERG_4_5_1_5__2_TotalNitrogenVolatilisedFromMMS(S35,_xlfn.XLOOKUP($O75,$D$53:$D$58,$E$53:$E$58))} -> 5.80788 | T75: =$E$11 -> kg N
D76: ='Input - Swine'!$D$31 -> Digester / covered lagoons | E76: ='Input - Swine'!$D$63 -> Anaerobic lagoon | F76: {=MMS_Swine_AtmosphericDeposition_Equations.VEERG_4_5_1_5__2_TotalNitrogenVolatilisedFromMMS(F36,_xlfn.XLOOKUP($E76,$D$53:$D$58,$E$53:$E$58))} -> 22.1628 | G76: {=MMS_Swine_AtmosphericDeposition_Equations.VEERG_4_5_1_5__2_TotalNitrogenVolatilisedFromMMS(G36,_xlfn.XLOOKUP($E76,$D$53:$D$58,$E$53:$E$58))} -> 29.51025 | H76: {=MMS_Swine_AtmosphericDeposition_Equations.VEERG_4_5_1_5__2_TotalNitrogenVolatilisedFromMMS(H36,_xlfn.XLOOKUP($E76,$D$53:$D$58,$E$53:$E$58))} -> 27.7035 | I76: {=MMS_Swine_AtmosphericDeposition_Equations.VEERG_4_5_1_5__2_TotalNitrogenVolatilisedFromMMS(I36,_xlfn.XLOOKUP($E76,$D$53:$D$58,$E$53:$E$58))} -> 18.7902 | J76: =$E$11 -> kg N | N76: ='Input - Swine'!$D$31 -> Digester / covered lagoons | O76: ='Input - Swine'!$D$63 -> Anaerobic lagoon | P76: {=MMS_Swine_AtmosphericDeposition_Equations.VEERG_4_5_1_5__2_TotalNitrogenVolatilisedFromMMS(P36,_xlfn.XLOOKUP($O76,$D$53:$D$58,$E$53:$E$58))} -> 22.1628 | Q76: {=MMS_Swine_AtmosphericDeposition_Equations.VEERG_4_5_1_5__2_TotalNitrogenVolatilisedFromMMS(Q36,_xlfn.XLOOKUP($O76,$D$53:$D$58,$E$53:$E$58))} -> 29.51025 | R76: {=MMS_Swine_AtmosphericDeposition_Equations.VEERG_4_5_1_5__2_TotalNitrogenVolatilisedFromMMS(R36,_xlfn.XLOOKUP($O76,$D$53:$D$58,$E$53:$E$58))} -> 27.7035 | S76: {=MMS_Swine_AtmosphericDeposition_Equations.VEERG_4_5_1_5__2_TotalNitrogenVolatilisedFromMMS(S36,_xlfn.XLOOKUP($O76,$D$53:$D$58,$E$53:$E$58))} -> 18.7902 | T76: =$E$11 -> kg N
E77: ='Input - Swine'!$D$64 -> Deep litter | F77: {=MMS_Swine_AtmosphericDeposition_Equations.VEERG_4_5_1_5__2_TotalNitrogenVolatilisedFromMMS(F37,_xlfn.XLOOKUP($E77,$D$53:$D$58,$E$53:$E$58))} -> 5.037 | G77: {=MMS_Swine_AtmosphericDeposition_Equations.VEERG_4_5_1_5__2_TotalNitrogenVolatilisedFromMMS(G37,_xlfn.XLOOKUP($E77,$D$53:$D$58,$E$53:$E$58))} -> 6.706875 | H77: {=MMS_Swine_AtmosphericDeposition_Equations.VEERG_4_5_1_5__2_TotalNitrogenVolatilisedFromMMS(H37,_xlfn.XLOOKUP($E77,$D$53:$D$58,$E$53:$E$58))} -> 6.29625 | I77: {=MMS_Swine_AtmosphericDeposition_Equations.VEERG_4_5_1_5__2_TotalNitrogenVolatilisedFromMMS(I37,_xlfn.XLOOKUP($E77,$D$53:$D$58,$E$53:$E$58))} -> 4.2705 | J77: =$E$11 -> kg N | O77: ='Input - Swine'!$D$64 -> Deep litter | P77: {=MMS_Swine_AtmosphericDeposition_Equations.VEERG_4_5_1_5__2_TotalNitrogenVolatilisedFromMMS(P37,_xlfn.XLOOKUP($O77,$D$53:$D$58,$E$53:$E$58))} -> 5.037 | Q77: {=MMS_Swine_AtmosphericDeposition_Equations.VEERG_4_5_1_5__2_TotalNitrogenVolatilisedFromMMS(Q37,_xlfn.XLOOKUP($O77,$D$53:$D$58,$E$53:$E$58))} -> 6.706875 | R77: {=MMS_Swine_AtmosphericDeposition_Equations.VEERG_4_5_1_5__2_TotalNitrogenVolatilisedFromMMS(R37,_xlfn.XLOOKUP($O77,$D$53:$D$58,$E$53:$E$58))} -> 6.29625 | S77: {=MMS_Swine_AtmosphericDeposition_Equations.VEERG_4_5_1_5__2_TotalNitrogenVolatilisedFromMMS(S37,_xlfn.XLOOKUP($O77,$D$53:$D$58,$E$53:$E$58))} -> 4.2705 | T77: =$E$11 -> kg N
E78: ='Input - Swine'!$D$65 -> Pit storage | F78: {=MMS_Swine_AtmosphericDeposition_Equations.VEERG_4_5_1_5__2_TotalNitrogenVolatilisedFromMMS(F38,_xlfn.XLOOKUP($E78,$D$53:$D$58,$E$53:$E$58))} -> 10.074 | G78: {=MMS_Swine_AtmosphericDeposition_Equations.VEERG_4_5_1_5__2_TotalNitrogenVolatilisedFromMMS(G38,_xlfn.XLOOKUP($E78,$D$53:$D$58,$E$53:$E$58))} -> 13.41375 | H78: {=MMS_Swine_AtmosphericDeposition_Equations.VEERG_4_5_1_5__2_TotalNitrogenVolatilisedFromMMS(H38,_xlfn.XLOOKUP($E78,$D$53:$D$58,$E$53:$E$58))} -> 12.5925 | I78: {=MMS_Swine_AtmosphericDeposition_Equations.VEERG_4_5_1_5__2_TotalNitrogenVolatilisedFromMMS(I38,_xlfn.XLOOKUP($E78,$D$53:$D$58,$E$53:$E$58))} -> 8.541 | J78: =$E$11 -> kg N | O78: ='Input - Swine'!$D$65 -> Pit storage | P78: {=MMS_Swine_AtmosphericDeposition_Equations.VEERG_4_5_1_5__2_TotalNitrogenVolatilisedFromMMS(P38,_xlfn.XLOOKUP($O78,$D$53:$D$58,$E$53:$E$58))} -> 10.074 | Q78: {=MMS_Swine_AtmosphericDeposition_Equations.VEERG_4_5_1_5__2_TotalNitrogenVolatilisedFromMMS(Q38,_xlfn.XLOOKUP($O78,$D$53:$D$58,$E$53:$E$58))} -> 13.41375 | R78: {=MMS_Swine_AtmosphericDeposition_Equations.VEERG_4_5_1_5__2_TotalNitrogenVolatilisedFromMMS(R38,_xlfn.XLOOKUP($O78,$D$53:$D$58,$E$53:$E$58))} -> 12.5925 | S78: {=MMS_Swine_AtmosphericDeposition_Equations.VEERG_4_5_1_5__2_TotalNitrogenVolatilisedFromMMS(S38,_xlfn.XLOOKUP($O78,$D$53:$D$58,$E$53:$E$58))} -> 8.541 | T78: =$E$11 -> kg N
D79: ='Input - Swine'!$D$32 -> Deep litter | E79: ='Input - Swine'!$D$70 -> Anaerobic lagoon | F79: {=MMS_Swine_AtmosphericDeposition_Equations.VEERG_4_5_1_5__2_TotalNitrogenVolatilisedFromMMS(F39,_xlfn.XLOOKUP($E79,$D$53:$D$58,$E$53:$E$58))} -> 19.170822 | G79: {=MMS_Swine_AtmosphericDeposition_Equations.VEERG_4_5_1_5__2_TotalNitrogenVolatilisedFromMMS(G39,_xlfn.XLOOKUP($E79,$D$53:$D$58,$E$53:$E$58))} -> 25.526366 | H79: {=MMS_Swine_AtmosphericDeposition_Equations.VEERG_4_5_1_5__2_TotalNitrogenVolatilisedFromMMS(H39,_xlfn.XLOOKUP($E79,$D$53:$D$58,$E$53:$E$58))} -> 23.963527 | I79: {=MMS_Swine_AtmosphericDeposition_Equations.VEERG_4_5_1_5__2_TotalNitrogenVolatilisedFromMMS(I39,_xlfn.XLOOKUP($E79,$D$53:$D$58,$E$53:$E$58))} -> 16.253523 | J79: =$E$11 -> kg N | N79: ='Input - Swine'!$D$32 -> Deep litter | O79: ='Input - Swine'!$D$70 -> Anaerobic lagoon | P79: {=MMS_Swine_AtmosphericDeposition_Equations.VEERG_4_5_1_5__2_TotalNitrogenVolatilisedFromMMS(P39,_xlfn.XLOOKUP($O79,$D$53:$D$58,$E$53:$E$58))} -> 19.170822 | Q79: {=MMS_Swine_AtmosphericDeposition_Equations.VEERG_4_5_1_5__2_TotalNitrogenVolatilisedFromMMS(Q39,_xlfn.XLOOKUP($O79,$D$53:$D$58,$E$53:$E$58))} -> 25.526366 | R79: {=MMS_Swine_AtmosphericDeposition_Equations.VEERG_4_5_1_5__2_TotalNitrogenVolatilisedFromMMS(R39,_xlfn.XLOOKUP($O79,$D$53:$D$58,$E$53:$E$58))} -> 23.963527 | S79: {=MMS_Swine_AtmosphericDeposition_Equations.VEERG_4_5_1_5__2_TotalNitrogenVolatilisedFromMMS(S39,_xlfn.XLOOKUP($O79,$D$53:$D$58,$E$53:$E$58))} -> 16.253523 | T79: =$E$11 -> kg N
E80: ='Input - Swine'!$D$71 -> Digester / covered lagoons | F80: {=MMS_Swine_AtmosphericDeposition_Equations.VEERG_4_5_1_5__2_TotalNitrogenVolatilisedFromMMS(F40,_xlfn.XLOOKUP($E80,$D$53:$D$58,$E$53:$E$58))} -> 0 | G80: {=MMS_Swine_AtmosphericDeposition_Equations.VEERG_4_5_1_5__2_TotalNitrogenVolatilisedFromMMS(G40,_xlfn.XLOOKUP($E80,$D$53:$D$58,$E$53:$E$58))} -> 0 | H80: {=MMS_Swine_AtmosphericDeposition_Equations.VEERG_4_5_1_5__2_TotalNitrogenVolatilisedFromMMS(H40,_xlfn.XLOOKUP($E80,$D$53:$D$58,$E$53:$E$58))} -> 0 | I80: {=MMS_Swine_AtmosphericDeposition_Equations.VEERG_4_5_1_5__2_TotalNitrogenVolatilisedFromMMS(I40,_xlfn.XLOOKUP($E80,$D$53:$D$58,$E$53:$E$58))} -> 0 | J80: =$E$11 -> kg N | O80: ='Input - Swine'!$D$71 -> Digester / covered lagoons | P80: {=MMS_Swine_AtmosphericDeposition_Equations.VEERG_4_5_1_5__2_TotalNitrogenVolatilisedFromMMS(P40,_xlfn.XLOOKUP($O80,$D$53:$D$58,$E$53:$E$58))} -> 0 | Q80: {=MMS_Swine_AtmosphericDeposition_Equations.VEERG_4_5_1_5__2_TotalNitrogenVolatilisedFromMMS(Q40,_xlfn.XLOOKUP($O80,$D$53:$D$58,$E$53:$E$58))} -> 0 | R80: {=MMS_Swine_AtmosphericDeposition_Equations.VEERG_4_5_1_5__2_TotalNitrogenVolatilisedFromMMS(R40,_xlfn.XLOOKUP($O80,$D$53:$D$58,$E$53:$E$58))} -> 0 | S80: {=MMS_Swine_AtmosphericDeposition_Equations.VEERG_4_5_1_5__2_TotalNitrogenVolatilisedFromMMS(S40,_xlfn.XLOOKUP($O80,$D$53:$D$58,$E$53:$E$58))} -> 0 | T80: =$E$11 -> kg N
E81: ='Input - Swine'!$D$72 -> Pit storage | F81: {=MMS_Swine_AtmosphericDeposition_Equations.VEERG_4_5_1_5__2_TotalNitrogenVolatilisedFromMMS(F41,_xlfn.XLOOKUP($E81,$D$53:$D$58,$E$53:$E$58))} -> 8.71401 | G81: {=MMS_Swine_AtmosphericDeposition_Equations.VEERG_4_5_1_5__2_TotalNitrogenVolatilisedFromMMS(G41,_xlfn.XLOOKUP($E81,$D$53:$D$58,$E$53:$E$58))} -> 11.602894 | H81: {=MMS_Swine_AtmosphericDeposition_Equations.VEERG_4_5_1_5__2_TotalNitrogenVolatilisedFromMMS(H41,_xlfn.XLOOKUP($E81,$D$53:$D$58,$E$53:$E$58))} -> 10.892512 | I81: {=MMS_Swine_AtmosphericDeposition_Equations.VEERG_4_5_1_5__2_TotalNitrogenVolatilisedFromMMS(I41,_xlfn.XLOOKUP($E81,$D$53:$D$58,$E$53:$E$58))} -> 7.387965 | J81: =$E$11 -> kg N | O81: ='Input - Swine'!$D$72 -> Pit storage | P81: {=MMS_Swine_AtmosphericDeposition_Equations.VEERG_4_5_1_5__2_TotalNitrogenVolatilisedFromMMS(P41,_xlfn.XLOOKUP($O81,$D$53:$D$58,$E$53:$E$58))} -> 8.71401 | Q81: {=MMS_Swine_AtmosphericDeposition_Equations.VEERG_4_5_1_5__2_TotalNitrogenVolatilisedFromMMS(Q41,_xlfn.XLOOKUP($O81,$D$53:$D$58,$E$53:$E$58))} -> 11.602894 | R81: {=MMS_Swine_AtmosphericDeposition_Equations.VEERG_4_5_1_5__2_TotalNitrogenVolatilisedFromMMS(R41,_xlfn.XLOOKUP($O81,$D$53:$D$58,$E$53:$E$58))} -> 10.892512 | S81: {=MMS_Swine_AtmosphericDeposition_Equations.VEERG_4_5_1_5__2_TotalNitrogenVolatilisedFromMMS(S41,_xlfn.XLOOKUP($O81,$D$53:$D$58,$E$53:$E$58))} -> 7.387965 | T81: =$E$11 -> kg N
D82: ='Input - Swine'!$D$33 -> Pit storage | E82: ='Input - Swine'!$D$77 -> Anaerobic lagoon | F82: {=MMS_Swine_AtmosphericDeposition_Equations.VEERG_4_5_1_5__2_TotalNitrogenVolatilisedFromMMS(F42,_xlfn.XLOOKUP($E82,$D$53:$D$58,$E$53:$E$58))} -> 16.577774 | G82: {=MMS_Swine_AtmosphericDeposition_Equations.VEERG_4_5_1_5__2_TotalNitrogenVolatilisedFromMMS(G42,_xlfn.XLOOKUP($E82,$D$53:$D$58,$E$53:$E$58))} -> 22.073667 | H82: {=MMS_Swine_AtmosphericDeposition_Equations.VEERG_4_5_1_5__2_TotalNitrogenVolatilisedFromMMS(H42,_xlfn.XLOOKUP($E82,$D$53:$D$58,$E$53:$E$58))} -> 20.722218 | I82: {=MMS_Swine_AtmosphericDeposition_Equations.VEERG_4_5_1_5__2_TotalNitrogenVolatilisedFromMMS(I42,_xlfn.XLOOKUP($E82,$D$53:$D$58,$E$53:$E$58))} -> 14.05507 | J82: =$E$11 -> kg N | N82: ='Input - Swine'!$D$33 -> Pit storage | O82: ='Input - Swine'!$D$77 -> Anaerobic lagoon | P82: {=MMS_Swine_AtmosphericDeposition_Equations.VEERG_4_5_1_5__2_TotalNitrogenVolatilisedFromMMS(P42,_xlfn.XLOOKUP($O82,$D$53:$D$58,$E$53:$E$58))} -> 16.577774 | Q82: {=MMS_Swine_AtmosphericDeposition_Equations.VEERG_4_5_1_5__2_TotalNitrogenVolatilisedFromMMS(Q42,_xlfn.XLOOKUP($O82,$D$53:$D$58,$E$53:$E$58))} -> 22.073667 | R82: {=MMS_Swine_AtmosphericDeposition_Equations.VEERG_4_5_1_5__2_TotalNitrogenVolatilisedFromMMS(R42,_xlfn.XLOOKUP($O82,$D$53:$D$58,$E$53:$E$58))} -> 20.722218 | S82: {=MMS_Swine_AtmosphericDeposition_Equations.VEERG_4_5_1_5__2_TotalNitrogenVolatilisedFromMMS(S42,_xlfn.XLOOKUP($O82,$D$53:$D$58,$E$53:$E$58))} -> 14.05507 | T82: =$E$11 -> kg N
E83: ='Input - Swine'!$D$78 -> Digester / covered lagoons | F83: {=MMS_Swine_AtmosphericDeposition_Equations.VEERG_4_5_1_5__2_TotalNitrogenVolatilisedFromMMS(F43,_xlfn.XLOOKUP($E83,$D$53:$D$58,$E$53:$E$58))} -> 0 | G83: {=MMS_Swine_AtmosphericDeposition_Equations.VEERG_4_5_1_5__2_TotalNitrogenVolatilisedFromMMS(G43,_xlfn.XLOOKUP($E83,$D$53:$D$58,$E$53:$E$58))} -> 0 | H83: {=MMS_Swine_AtmosphericDeposition_Equations.VEERG_4_5_1_5__2_TotalNitrogenVolatilisedFromMMS(H43,_xlfn.XLOOKUP($E83,$D$53:$D$58,$E$53:$E$58))} -> 0 | I83: {=MMS_Swine_AtmosphericDeposition_Equations.VEERG_4_5_1_5__2_TotalNitrogenVolatilisedFromMMS(I43,_xlfn.XLOOKUP($E83,$D$53:$D$58,$E$53:$E$58))} -> 0 | J83: =$E$11 -> kg N | O83: ='Input - Swine'!$D$78 -> Digester / covered lagoons | P83: {=MMS_Swine_AtmosphericDeposition_Equations.VEERG_4_5_1_5__2_TotalNitrogenVolatilisedFromMMS(P43,_xlfn.XLOOKUP($O83,$D$53:$D$58,$E$53:$E$58))} -> 0 | Q83: {=MMS_Swine_AtmosphericDeposition_Equations.VEERG_4_5_1_5__2_TotalNitrogenVolatilisedFromMMS(Q43,_xlfn.XLOOKUP($O83,$D$53:$D$58,$E$53:$E$58))} -> 0 | R83: {=MMS_Swine_AtmosphericDeposition_Equations.VEERG_4_5_1_5__2_TotalNitrogenVolatilisedFromMMS(R43,_xlfn.XLOOKUP($O83,$D$53:$D$58,$E$53:$E$58))} -> 0 | S83: {=MMS_Swine_AtmosphericDeposition_Equations.VEERG_4_5_1_5__2_TotalNitrogenVolatilisedFromMMS(S43,_xlfn.XLOOKUP($O83,$D$53:$D$58,$E$53:$E$58))} -> 0 | T83: =$E$11 -> kg N
E84: ='Input - Swine'!$D$79 -> Deep litter | F84: {=MMS_Swine_AtmosphericDeposition_Equations.VEERG_4_5_1_5__2_TotalNitrogenVolatilisedFromMMS(F44,_xlfn.XLOOKUP($E84,$D$53:$D$58,$E$53:$E$58))} -> 3.767676 | G84: {=MMS_Swine_AtmosphericDeposition_Equations.VEERG_4_5_1_5__2_TotalNitrogenVolatilisedFromMMS(G44,_xlfn.XLOOKUP($E84,$D$53:$D$58,$E$53:$E$58))} -> 5.0167425 | H84: {=MMS_Swine_AtmosphericDeposition_Equations.VEERG_4_5_1_5__2_TotalNitrogenVolatilisedFromMMS(H44,_xlfn.XLOOKUP($E84,$D$53:$D$58,$E$53:$E$58))} -> 4.709595 | I84: {=MMS_Swine_AtmosphericDeposition_Equations.VEERG_4_5_1_5__2_TotalNitrogenVolatilisedFromMMS(I44,_xlfn.XLOOKUP($E84,$D$53:$D$58,$E$53:$E$58))} -> 3.194334 | J84: =$E$11 -> kg N | O84: ='Input - Swine'!$D$79 -> Deep litter | P84: {=MMS_Swine_AtmosphericDeposition_Equations.VEERG_4_5_1_5__2_TotalNitrogenVolatilisedFromMMS(P44,_xlfn.XLOOKUP($O84,$D$53:$D$58,$E$53:$E$58))} -> 3.767676 | Q84: {=MMS_Swine_AtmosphericDeposition_Equations.VEERG_4_5_1_5__2_TotalNitrogenVolatilisedFromMMS(Q44,_xlfn.XLOOKUP($O84,$D$53:$D$58,$E$53:$E$58))} -> 5.0167425 | R84: {=MMS_Swine_AtmosphericDeposition_Equations.VEERG_4_5_1_5__2_TotalNitrogenVolatilisedFromMMS(R44,_xlfn.XLOOKUP($O84,$D$53:$D$58,$E$53:$E$58))} -> 4.709595 | S84: {=MMS_Swine_AtmosphericDeposition_Equations.VEERG_4_5_1_5__2_TotalNitrogenVolatilisedFromMMS(S44,_xlfn.XLOOKUP($O84,$D$53:$D$58,$E$53:$E$58))} -> 3.194334 | T84: =$E$11 -> kg N
D85: ='Input - Swine'!$D$34 -> Solid storage | E85: ='Input - Swine'!$D$84 -> Anaerobic lagoon | F85: {=MMS_Swine_AtmosphericDeposition_Equations.VEERG_4_5_1_5__2_TotalNitrogenVolatilisedFromMMS(F45,_xlfn.XLOOKUP($E85,$D$53:$D$58,$E$53:$E$58))} -> 58.73142 | G85: {=MMS_Swine_AtmosphericDeposition_Equations.VEERG_4_5_1_5__2_TotalNitrogenVolatilisedFromMMS(G45,_xlfn.XLOOKUP($E85,$D$53:$D$58,$E$53:$E$58))} -> 62.56173 | H85: {=MMS_Swine_AtmosphericDeposition_Equations.VEERG_4_5_1_5__2_TotalNitrogenVolatilisedFromMMS(H45,_xlfn.XLOOKUP($E85,$D$53:$D$58,$E$53:$E$58))} -> 58.73142 | I85: {=MMS_Swine_AtmosphericDeposition_Equations.VEERG_4_5_1_5__2_TotalNitrogenVolatilisedFromMMS(I45,_xlfn.XLOOKUP($E85,$D$53:$D$58,$E$53:$E$58))} -> 39.835224 | J85: =$E$11 -> kg N | N85: ='Input - Swine'!$D$34 -> Solid storage | O85: ='Input - Swine'!$D$84 -> Anaerobic lagoon | P85: {=MMS_Swine_AtmosphericDeposition_Equations.VEERG_4_5_1_5__2_TotalNitrogenVolatilisedFromMMS(P45,_xlfn.XLOOKUP($O85,$D$53:$D$58,$E$53:$E$58))} -> 58.73142 | Q85: {=MMS_Swine_AtmosphericDeposition_Equations.VEERG_4_5_1_5__2_TotalNitrogenVolatilisedFromMMS(Q45,_xlfn.XLOOKUP($O85,$D$53:$D$58,$E$53:$E$58))} -> 62.56173 | R85: {=MMS_Swine_AtmosphericDeposition_Equations.VEERG_4_5_1_5__2_TotalNitrogenVolatilisedFromMMS(R45,_xlfn.XLOOKUP($O85,$D$53:$D$58,$E$53:$E$58))} -> 58.73142 | S85: {=MMS_Swine_AtmosphericDeposition_Equations.VEERG_4_5_1_5__2_TotalNitrogenVolatilisedFromMMS(S45,_xlfn.XLOOKUP($O85,$D$53:$D$58,$E$53:$E$58))} -> 39.835224 | T85: =$E$11 -> kg N
E86: ='Input - Swine'!$D$85 -> Digester / covered lagoons | F86: {=MMS_Swine_AtmosphericDeposition_Equations.VEERG_4_5_1_5__2_TotalNitrogenVolatilisedFromMMS(F46,_xlfn.XLOOKUP($E86,$D$53:$D$58,$E$53:$E$58))} -> 0 | G86: {=MMS_Swine_AtmosphericDeposition_Equations.VEERG_4_5_1_5__2_TotalNitrogenVolatilisedFromMMS(G46,_xlfn.XLOOKUP($E86,$D$53:$D$58,$E$53:$E$58))} -> 0 | H86: {=MMS_Swine_AtmosphericDeposition_Equations.VEERG_4_5_1_5__2_TotalNitrogenVolatilisedFromMMS(H46,_xlfn.XLOOKUP($E86,$D$53:$D$58,$E$53:$E$58))} -> 0 | I86: {=MMS_Swine_AtmosphericDeposition_Equations.VEERG_4_5_1_5__2_TotalNitrogenVolatilisedFromMMS(I46,_xlfn.XLOOKUP($E86,$D$53:$D$58,$E$53:$E$58))} -> 0 | J86: =$E$11 -> kg N | O86: ='Input - Swine'!$D$85 -> Digester / covered lagoons | P86: {=MMS_Swine_AtmosphericDeposition_Equations.VEERG_4_5_1_5__2_TotalNitrogenVolatilisedFromMMS(P46,_xlfn.XLOOKUP($O86,$D$53:$D$58,$E$53:$E$58))} -> 0 | Q86: {=MMS_Swine_AtmosphericDeposition_Equations.VEERG_4_5_1_5__2_TotalNitrogenVolatilisedFromMMS(Q46,_xlfn.XLOOKUP($O86,$D$53:$D$58,$E$53:$E$58))} -> 0 | R86: {=MMS_Swine_AtmosphericDeposition_Equations.VEERG_4_5_1_5__2_TotalNitrogenVolatilisedFromMMS(R46,_xlfn.XLOOKUP($O86,$D$53:$D$58,$E$53:$E$58))} -> 0 | S86: {=MMS_Swine_AtmosphericDeposition_Equations.VEERG_4_5_1_5__2_TotalNitrogenVolatilisedFromMMS(S46,_xlfn.XLOOKUP($O86,$D$53:$D$58,$E$53:$E$58))} -> 0 | T86: =$E$11 -> kg N
E87: ='Input - Swine'!$D$86 -> Deep litter | F87: {=MMS_Swine_AtmosphericDeposition_Equations.VEERG_4_5_1_5__2_TotalNitrogenVolatilisedFromMMS(F47,_xlfn.XLOOKUP($E87,$D$53:$D$58,$E$53:$E$58))} -> 13.34805 | G87: {=MMS_Swine_AtmosphericDeposition_Equations.VEERG_4_5_1_5__2_TotalNitrogenVolatilisedFromMMS(G47,_xlfn.XLOOKUP($E87,$D$53:$D$58,$E$53:$E$58))} -> 14.218575 | H87: {=MMS_Swine_AtmosphericDeposition_Equations.VEERG_4_5_1_5__2_TotalNitrogenVolatilisedFromMMS(H47,_xlfn.XLOOKUP($E87,$D$53:$D$58,$E$53:$E$58))} -> 13.34805 | I87: {=MMS_Swine_AtmosphericDeposition_Equations.VEERG_4_5_1_5__2_TotalNitrogenVolatilisedFromMMS(I47,_xlfn.XLOOKUP($E87,$D$53:$D$58,$E$53:$E$58))} -> 9.05346 | J87: =$E$11 -> kg N | O87: ='Input - Swine'!$D$86 -> Deep litter | P87: {=MMS_Swine_AtmosphericDeposition_Equations.VEERG_4_5_1_5__2_TotalNitrogenVolatilisedFromMMS(P47,_xlfn.XLOOKUP($O87,$D$53:$D$58,$E$53:$E$58))} -> 13.34805 | Q87: {=MMS_Swine_AtmosphericDeposition_Equations.VEERG_4_5_1_5__2_TotalNitrogenVolatilisedFromMMS(Q47,_xlfn.XLOOKUP($O87,$D$53:$D$58,$E$53:$E$58))} -> 14.218575 | R87: {=MMS_Swine_AtmosphericDeposition_Equations.VEERG_4_5_1_5__2_TotalNitrogenVolatilisedFromMMS(R47,_xlfn.XLOOKUP($O87,$D$53:$D$58,$E$53:$E$58))} -> 13.34805 | S87: {=MMS_Swine_AtmosphericDeposition_Equations.VEERG_4_5_1_5__2_TotalNitrogenVolatilisedFromMMS(S47,_xlfn.XLOOKUP($O87,$D$53:$D$58,$E$53:$E$58))} -> 9.05346 | T87: =$E$11 -> kg N
E88: ='Input - Swine'!$D$87 -> Pit storage | F88: {=MMS_Swine_AtmosphericDeposition_Equations.VEERG_4_5_1_5__2_TotalNitrogenVolatilisedFromMMS(F48,_xlfn.XLOOKUP($E88,$D$53:$D$58,$E$53:$E$58))} -> 13.34805 | G88: {=MMS_Swine_AtmosphericDeposition_Equations.VEERG_4_5_1_5__2_TotalNitrogenVolatilisedFromMMS(G48,_xlfn.XLOOKUP($E88,$D$53:$D$58,$E$53:$E$58))} -> 14.218575 | H88: {=MMS_Swine_AtmosphericDeposition_Equations.VEERG_4_5_1_5__2_TotalNitrogenVolatilisedFromMMS(H48,_xlfn.XLOOKUP($E88,$D$53:$D$58,$E$53:$E$58))} -> 13.34805 | I88: {=MMS_Swine_AtmosphericDeposition_Equations.VEERG_4_5_1_5__2_TotalNitrogenVolatilisedFromMMS(I48,_xlfn.XLOOKUP($E88,$D$53:$D$58,$E$53:$E$58))} -> 9.05346 | J88: =$E$11 -> kg N | O88: ='Input - Swine'!$D$87 -> Pit storage | P88: {=MMS_Swine_AtmosphericDeposition_Equations.VEERG_4_5_1_5__2_TotalNitrogenVolatilisedFromMMS(P48,_xlfn.XLOOKUP($O88,$D$53:$D$58,$E$53:$E$58))} -> 13.34805 | Q88: {=MMS_Swine_AtmosphericDeposition_Equations.VEERG_4_5_1_5__2_TotalNitrogenVolatilisedFromMMS(Q48,_xlfn.XLOOKUP($O88,$D$53:$D$58,$E$53:$E$58))} -> 14.218575 | R88: {=MMS_Swine_AtmosphericDeposition_Equations.VEERG_4_5_1_5__2_TotalNitrogenVolatilisedFromMMS(R48,_xlfn.XLOOKUP($O88,$D$53:$D$58,$E$53:$E$58))} -> 13.34805 | S88: {=MMS_Swine_AtmosphericDeposition_Equations.VEERG_4_5_1_5__2_TotalNitrogenVolatilisedFromMMS(S48,_xlfn.XLOOKUP($O88,$D$53:$D$58,$E$53:$E$58))} -> 9.05346 | T88: =$E$11 -> kg N
D90: MMSATMOS | E90: =SUM(F63:I88) -> 2267.6729 | F90: =$E$11 -> kg N | N90: MMSATMOS | O90: =SUM(P63:S88) -> 2267.6729 | P90: =$E$11 -> kg N
D94: {=MMS_Swine_AtmosphericDeposition_Equations.VEERG_4_5_1_5__1_AnnualAtmosphericDepositionEmissionsFromMMS_Title()} -> Annual atmospheric deposition emissions from MMS | N94: {=MMS_Swine_AtmosphericDeposition_Equations.VEERG_4_5_1_5__1_AnnualAtmosphericDepositionEmissionsFromMMS_Title()} -> Annual atmospheric deposition emissions from MMS
D95: {=MMS_Swine_AtmosphericDeposition_Equations.VEERG_4_5_1_5__1_AnnualAtmosphericDepositionEmissionsFromMMS_Source()} -> VEERG 2026: 4.5.1.1, Equation (1) | N95: {=MMS_Swine_AtmosphericDeposition_Equations.VEERG_4_5_1_5__1_AnnualAtmosphericDepositionEmissionsFromMMS_Source()} -> VEERG 2026: 4.5.1.1, Equation (1)
D96: Function name | E96: {=Common_InputFunctions.Utility_DisplayFunctionName(E109)} -> =MMS_Swine_AtmosphericDeposition_Equations.VEERG_4_5_1_5__1_AnnualAtmosphericDepositionEmissionsFromMMS | N96: Function name | O96: {=Common_InputFunctions.Utility_DisplayFunctionName(O109)} -> =MMS_Swine_AtmosphericDeposition_Equations.VEERG_4_5_1_5__1_AnnualAtmosphericDepositionEmissionsFromMMS
D99: Variable | E99: {=MMS_Swine_AtmosphericDeposition_Equations.VEERG_4_5_1_5__1_AnnualAtmosphericDepositionEmissionsFromMMS_Variable()} -> E_N2OMMSad | N99: Variable | O99: {=MMS_Swine_AtmosphericDeposition_Equations.VEERG_4_5_1_5__1_AnnualAtmosphericDepositionEmissionsFromMMS_Variable()} -> E_N2OMMSad
D100: Unit | E100: {=MMS_Swine_AtmosphericDeposition_Equations.VEERG_4_5_1_5__1_AnnualAtmosphericDepositionEmissionsFromMMS_Unit()} -> t N2O | N100: Unit | O100: {=MMS_Swine_AtmosphericDeposition_Equations.VEERG_4_5_1_5__1_AnnualAtmosphericDepositionEmissionsFromMMS_Unit()} -> t N2O
D102: {=MMS_Swine_AtmosphericDeposition_Equations.VEERG_4_5_1_5__1_AnnualAtmosphericDepositionEmissionsFromMMS_Arguments()} -> MMS_ATMOS | E102: mass of N volatilised from MMS (kg N) | G102: =$E$90 -> 2267.6729 | N102: {=MMS_Swine_AtmosphericDeposition_Equations.VEERG_4_5_1_5__1_AnnualAtmosphericDepositionEmissionsFromMMS_Arguments()} -> MMS_ATMOS | O102: mass of N volatilised from MMS (kg N) | Q102: =$E$90 -> 2267.6729
D103: EF_N2O | E103: nitrous oxide emission factor for atmospheric deposition (kg N2O-N/kg N) | G103: =Common_InputFunctions.Utility_LookupN2OEFFromProdIrrigationRainfall(G105,G106,G107,Table_SourceData_Common_EFN2O[Production system only],Table_SourceData_Common_EFN2O[Irrigation method],Table_SourceData_Common_EFN2O[Rainfall zone],Table_SourceData_Common_EFN2O[EFN2O]) -> 0.007 | N103: EF_N2O | O103: nitrous oxide emission factor for atmospheric deposition (kg N2O-N/kg N)
D104: C_N2O | E104: factor to convert elemental mass of N2O to molecular mass | G104: =Common_InputFunctions.Utility_LookupValueInTableNumber("N2O",Table_GasToMolecularConversionFactor[Gas],Table_GasToMolecularConversionFactor[Conversion factor combined]) -> 1.5714286 | N104: C_N2O | O104: factor to convert elemental mass of N2O to molecular mass
D105: j | E105: production system | G105: ='Input - Swine'!$E$91 -> Crop | N105: j | O105: production system
D106: ir | E106: irrigation method | G106: ='Input - Swine'!$E$92 -> Sprinkler irrigation | N106: ir | O106: irrigation method
D107: r | E107: rainfall region | G107: ='Input - Site'!$E$30 -> High rainfall | N107: r | O107: rainfall region
D109: MMSATMOS | E109: {=MMS_Swine_AtmosphericDeposition_Equations.VEERG_4_5_1_5__1_AnnualAtmosphericDepositionEmissionsFromMMS(G102,G103,G104)} -> 0.024944402 | F109: =E100 -> t N2O | N109: MMSATMOS | O109: {=MMS_Swine_AtmosphericDeposition_Equations.VEERG_4_5_1_5__1_AnnualAtmosphericDepositionEmissionsFromMMS(Q102,G103,G104)} -> 0.024944402 | P109: =O100 -> t N2O
D111: {=Common_Equations.Common_ConvertN2OToCO2e_Arguments()} -> EN2O | E111: Nitrous oxide emissions (t N2O) | G111: =E109 -> 0.024944402 | N111: {=Common_Equations.Common_ConvertN2OToCO2e_Arguments()} -> EN2O | O111: Nitrous oxide emissions (t N2O) | Q111: =O109 -> 0.024944402
D112: GWPN2O | E112: Global warming potential for nitrous oxide (t CO2-e / t N2O) | G112: =Common_InputFunctions.Utility_LookupValueInTableNumber("N2O",[2]!Table_GWPData[Gas],[2]!Table_GWPData[CO2-e factor]) -> 265 | N112: GWPN2O | O112: Global warming potential for nitrous oxide (t CO2-e / t N2O) | Q112: =Common_InputFunctions.Utility_LookupValueInTableNumber("N2O",[2]!Table_GWPData[Gas],[2]!Table_GWPData[CO2-e factor]) -> 265
D114: ECO2e | E114: {=Common_Equations.Common_ConvertN2OToCO2e(G111,G112)} -> 6.6102665 | F114: {=Common_Equations.Common_ConvertN2OToCO2e_Unit()} -> t CO2e | N114: ECO2e | O114: {=Common_Equations.Common_ConvertN2OToCO2e(Q111,Q112)} -> 6.6102665 | P114: {=Common_Equations.Common_ConvertN2OToCO2e_Unit()} -> t CO2e

Sheet 4.5.1.7-8 Leaching and runoff
A1: #VALUE! | C1: 4.5.1.7-8 Leaching and runoff
A3: =HYPERLINK("#'Home'!A1", "Home") -> Home | D3: Method 1 | M3: Method 2
A4: =HYPERLINK("#'Results'!A1", "Results") -> Results
D5: {=MMS_Swine_LeachingAndRunoff_Equations.VEERG_4_5_1_7__2_MassOfNitrogenLostToLeachingAndRunoffFromDrylotMMS_Title()} -> Mass of nitrogen lost to leaching and runoff from drylot MMS
A6: INPUTS | D6: {=MMS_Swine_LeachingAndRunoff_Equations.VEERG_4_5_1_7__2_MassOfNitrogenLostToLeachingAndRunoffFromDrylotMMS_Source()} -> VEERG 2026: 4.5.1.7, Equation (2)
A7: =HYPERLINK("#'Input - Site'!A1", "Site") -> Site | D7: Function name | E7: {=Common_InputFunctions.Utility_DisplayFunctionName($E$28)} -> =MMS_Swine_LeachingAndRunoff_Equations.VEERG_4_5_1_7__2_MassOfNitrogenLostToLeachingAndRunoffFromDrylotMMS
A8: =HYPERLINK("#'Input - Swine'!A1", "Swine") -> Swine
A10: CALCULATIONS | D10: Variable | E10: {=MMS_Swine_LeachingAndRunoff_Equations.VEERG_4_5_1_7__2_MassOfNitrogenLostToLeachingAndRunoffFromDrylotMMS_Variable()} -> MNLeach_jm5 | F10: This infers that drylot is not a stage 2 MMS option
A11: =HYPERLINK("#'4.5.1.1-2 Methane'!A1", "4.5.1.1-2 Methane") -> 4.5.1.1-2 Methane | D11: Unit | E11: {=MMS_Swine_LeachingAndRunoff_Equations.VEERG_4_5_1_7__2_MassOfNitrogenLostToLeachingAndRunoffFromDrylotMMS_Unit()} -> kg N | F11: Doc has typo - refers to 'solid storage'
A12: =HYPERLINK("#'4.5.1.3-4 Direct N20'!A1", "4.5.1.3-4 Direct N2O") -> 4.5.1.3-4 Direct N2O
A13: =HYPERLINK("#'4.5.1.5-6 Atmos Dep'!A1", "4.5.1.5-6 Soil atm. deposition") -> 4.5.1.5-6 Soil atm. deposition | D13: {=MMS_Swine_LeachingAndRunoff_Equations.VEERG_4_5_1_7__2_MassOfNitrogenLostToLeachingAndRunoffFromDrylotMMS_Arguments()} -> MN_jm5T1 | E13: nitrogen in treatment stage 1 drylot MMS (kg N) | G13: ="See " & D20 -> See M1_Table_MN_j_m-5_T-1
A14: =HYPERLINK("#'4.5.1.7-8 Leaching and runoff'!A1", "4.5.1.7-8 Leaching & runoff") -> 4.5.1.7-8 Leaching & runoff | D14: FracWET | E14: fraction of N available for leaching and runoff | G14: =Common_InputFunctions.CommonCropping_GetFracWET(G16,G18,Table_SourceData_FracWET[Is in leaching zone],Table_SourceData_FracWET[FracWET],Table_SourceData_FracWETIrrigation[Irrigation type i],Table_SourceData_FracWETIrrigation[FracWET]) -> 1
A15: =HYPERLINK("#'4.5.1.9 Manure applied to soils'!A1", "4.5.1.9 Manure applied to soils") -> 4.5.1.9 Manure applied to soils | D15: FracLEACH_MS | E15: fraction of N lost through leaching and runoff | G15: ='Constants - Swine'!$E$17 -> 0.02
D16: z | E16: location in leaching zone | G16: ='Input - Site'!$E$23 -> NO - Not in leaching zone
A17: APPENDICES | D17: j | E17: production system | G17: ='Input - Swine'!$E$91 -> Crop
A18: =HYPERLINK("#'Constants - Swine'!A1", "Constants - Swine") -> Constants - Swine | D18: ir | E18: irrigation method | G18: ='Input - Swine'!$E$92 -> Sprinkler irrigation
A19: =HYPERLINK("#'Constants - Livestock'!A1", "Constants - Livestock") -> Constants - Livestock
A20: =HYPERLINK("#'Constants - Common'!A1", "Constants - Common") -> Constants - Common | D20: M1_Table_MN_j_m-5_T-1 | M20: M2_Table_MN_j_m-5_T-1
A21: =HYPERLINK("#'Acknowledgements'!A1", "Acknowledgements") -> Acknowledgements | D21: Nitrogen in stage 1 drylot (Method 1) | M21: Nitrogen in stage 1 drylot (Method 2)
D22: Stage 1 management | E22: Boars | F22: Sows | G22: Gilts | H22: Others | M22: Stage 1 management | N22: Boars | O22: Sows | P22: Gilts | Q22: Others
D23: ='Input - Swine'!$D$30 -> Drylot (feed pad) | E23: ='4.5.1.3-4 Direct N20'!E119 -> 201.48 | F23: ='4.5.1.3-4 Direct N20'!F119 -> 214.62 | G23: ='4.5.1.3-4 Direct N20'!G119 -> 201.48 | H23: ='4.5.1.3-4 Direct N20'!H119 -> 136.656 | I23: kg N | M23: ='Input - Swine'!$D$30 -> Drylot (feed pad) | N23: ='4.5.1.3-4 Direct N20'!O119 -> 201.48 | O23: ='4.5.1.3-4 Direct N20'!P119 -> 214.62 | P23: ='4.5.1.3-4 Direct N20'!Q119 -> 201.48 | Q23: ='4.5.1.3-4 Direct N20'!R119 -> 136.656 | R23: kg N
D25: M1_Table_MN_leach_j_m-5 | M25: M1_Table_MN_leach_j_m-5
D26: Mass of nitrogen lost to leaching (Method 1) | M26: Mass of nitrogen lost to leaching (Method 1)
D27: Stage 1 management | E27: Boars | F27: Sows | G27: Gilts | H27: Others | M27: Stage 1 management | N27: Boars | O27: Sows | P27: Gilts | Q27: Others
D28: ='Input - Swine'!$D$30 -> Drylot (feed pad) | E28: {=MMS_Swine_LeachingAndRunoff_Equations.VEERG_4_5_1_7__2_MassOfNitrogenLostToLeachingAndRunoffFromDrylotMMS(E23,$G$14,$G$15)} -> 4.0296 | F28: {=MMS_Swine_LeachingAndRunoff_Equations.VEERG_4_5_1_7__2_MassOfNitrogenLostToLeachingAndRunoffFromDrylotMMS(F23,$G$14,$G$15)} -> 4.2924 | G28: {=MMS_Swine_LeachingAndRunoff_Equations.VEERG_4_5_1_7__2_MassOfNitrogenLostToLeachingAndRunoffFromDrylotMMS(G23,$G$14,$G$15)} -> 4.0296 | H28: {=MMS_Swine_LeachingAndRunoff_Equations.VEERG_4_5_1_7__2_MassOfNitrogenLostToLeachingAndRunoffFromDrylotMMS(H23,$G$14,$G$15)} -> 2.73312 | I28: =$E$11 -> kg N | M28: ='Input - Swine'!$D$30 -> Drylot (feed pad) | N28: {=MMS_Swine_LeachingAndRunoff_Equations.VEERG_4_5_1_7__2_MassOfNitrogenLostToLeachingAndRunoffFromDrylotMMS(N23,$G$14,$G$15)} -> 4.0296 | O28: {=MMS_Swine_LeachingAndRunoff_Equations.VEERG_4_5_1_7__2_MassOfNitrogenLostToLeachingAndRunoffFromDrylotMMS(O23,$G$14,$G$15)} -> 4.2924 | P28: {=MMS_Swine_LeachingAndRunoff_Equations.VEERG_4_5_1_7__2_MassOfNitrogenLostToLeachingAndRunoffFromDrylotMMS(P23,$G$14,$G$15)} -> 4.0296 | Q28: {=MMS_Swine_LeachingAndRunoff_Equations.VEERG_4_5_1_7__2_MassOfNitrogenLostToLeachingAndRunoffFromDrylotMMS(Q23,$G$14,$G$15)} -> 2.73312 | R28: =$E$11 -> kg N
D32: {=MMS_Swine_LeachingAndRunoff_Equations.VEERG_4_5_1_7__1_AnnualEmissionsFromLeachingAndRunoffFromMMS_Title()} -> Annual emissions from leaching and runoff from each MMS
D33: {=MMS_Swine_LeachingAndRunoff_Equations.VEERG_4_5_1_7__1_AnnualEmissionsFromLeachingAndRunoffFromMMS_Source()} -> VEERG 2026: 4.5.1.7, Equation (1)
D34: Function name | E34: {=Common_InputFunctions.Utility_DisplayFunctionName($E$47)} -> =MMS_Swine_LeachingAndRunoff_Equations.VEERG_4_5_1_7__1_AnnualEmissionsFromLeachingAndRunoffFromMMS
D37: Variable | E37: {=MMS_Swine_LeachingAndRunoff_Equations.VEERG_4_5_1_7__1_AnnualEmissionsFromLeachingAndRunoffFromMMS_Variable()} -> E_N2Oleach
D38: Unit | E38: {=MMS_Swine_LeachingAndRunoff_Equations.VEERG_4_5_1_7__1_AnnualEmissionsFromLeachingAndRunoffFromMMS_Unit()} -> t N2O
D40: {=MMS_Swine_LeachingAndRunoff_Equations.VEERG_4_5_1_7__1_AnnualEmissionsFromLeachingAndRunoffFromMMS_Arguments()} -> MNLeach_jm5 | E40: mass of N lost through leaching and runoff from drylot MMS (kg N) | G40: ="See " & D25 -> See M1_Table_MN_leach_j_m-5
D41: EF_leach | E41: emission factor for leaching and runoff (kg N2O-N/kg N) | G41: ='Constants - Common'!$E$170 -> 0.011
D42: C_N2O | E42: factor to convert elemental mass of N2O to molecular mass | G42: =Common_InputFunctions.Utility_LookupValueInTableNumber("N2O",Table_GasToMolecularConversionFactor[Gas],Table_GasToMolecularConversionFactor[Conversion factor combined]) -> 1.5714286
D44: M1_Table_E_N2O_leach | M44: M2_Table_E_N2O_leach
D45: Annual emissions from leaching and runoff (Method 1) | M45: Annual emissions from leaching and runoff (Method 2)
D46: Stage 1 management | E46: Boars | F46: Sows | G46: Gilts | H46: Others | M46: Stage 1 management | N46: Boars | O46: Sows | P46: Gilts | Q46: Others
D47: ='Input - Swine'!$D$30 -> Drylot (feed pad) | E47: {=MMS_Swine_LeachingAndRunoff_Equations.VEERG_4_5_1_7__1_AnnualEmissionsFromLeachingAndRunoffFromMMS(E28,$G$41,$G$42)} -> 6.9654514e-05 | F47: {=MMS_Swine_LeachingAndRunoff_Equations.VEERG_4_5_1_7__1_AnnualEmissionsFromLeachingAndRunoffFromMMS(F28,$G$41,$G$42)} -> 7.41972e-05 | G47: {=MMS_Swine_LeachingAndRunoff_Equations.VEERG_4_5_1_7__1_AnnualEmissionsFromLeachingAndRunoffFromMMS(G28,$G$41,$G$42)} -> 6.9654514e-05 | H47: {=MMS_Swine_LeachingAndRunoff_Equations.VEERG_4_5_1_7__1_AnnualEmissionsFromLeachingAndRunoffFromMMS(H28,$G$41,$G$42)} -> 4.7243931e-05 | I47: =$E$38 -> t N2O | M47: ='Input - Swine'!$D$30 -> Drylot (feed pad) | N47: {=MMS_Swine_LeachingAndRunoff_Equations.VEERG_4_5_1_7__1_AnnualEmissionsFromLeachingAndRunoffFromMMS(N28,$G$41,$G$42)} -> 6.9654514e-05 | O47: {=MMS_Swine_LeachingAndRunoff_Equations.VEERG_4_5_1_7__1_AnnualEmissionsFromLeachingAndRunoffFromMMS(O28,$G$41,$G$42)} -> 7.41972e-05 | P47: {=MMS_Swine_LeachingAndRunoff_Equations.VEERG_4_5_1_7__1_AnnualEmissionsFromLeachingAndRunoffFromMMS(P28,$G$41,$G$42)} -> 6.9654514e-05 | Q47: {=MMS_Swine_LeachingAndRunoff_Equations.VEERG_4_5_1_7__1_AnnualEmissionsFromLeachingAndRunoffFromMMS(Q28,$G$41,$G$42)} -> 4.7243931e-05 | R47: =$E$38 -> t N2O
D49: EN2O,leach | E49: =SUM(E47:H47) -> 0.00026075016 | F49: =$E$38 -> t N2O | M49: EN2O,leach | N49: =SUM(N47:Q47) -> 0.00026075016 | O49: =$E$38 -> t N2O
D51: {=Common_Equations.Common_ConvertN2OToCO2e_Arguments()} -> EN2O | E51: Nitrous oxide emissions (t N2O) | G51: =E49 -> 0.00026075016 | M51: {=Common_Equations.Common_ConvertN2OToCO2e_Arguments()} -> EN2O | N51: Nitrous oxide emissions (t N2O) | P51: =N49 -> 0.00026075016
D52: GWPN2O | E52: Global warming potential for nitrous oxide (t CO2-e / t N2O) | G52: =Common_InputFunctions.Utility_LookupValueInTableNumber("N2O",[2]!Table_GWPData[Gas],[2]!Table_GWPData[CO2-e factor]) -> 265 | M52: GWPN2O | N52: Global warming potential for nitrous oxide (t CO2-e / t N2O) | P52: =Common_InputFunctions.Utility_LookupValueInTableNumber("N2O",[2]!Table_GWPData[Gas],[2]!Table_GWPData[CO2-e factor]) -> 265
D54: ECO2e | E54: {=Common_Equations.Common_ConvertN2OToCO2e(G51,G52)} -> 0.069098792 | F54: {=Common_Equations.Common_ConvertN2OToCO2e_Unit()} -> t CO2e | M54: ECO2e | N54: {=Common_Equations.Common_ConvertN2OToCO2e(P51,P52)} -> 0.069098792 | O54: {=Common_Equations.Common_ConvertN2OToCO2e_Unit()} -> t CO2e

Sheet 4.5.1.9 Manure applied to soils
A1: #VALUE! | C1: 4.5.1.9 Manure applied to soils
A3: =HYPERLINK("#'Home'!A1", "Home") -> Home | D3: Method 1 | N3: Method 2
A4: =HYPERLINK("#'Results'!A1", "Results") -> Results
D5: {=MMS_Swine_ManureAppliedToSoils_Equations.VEERG_4_5_1_9__1_MassOfNitrogenAppliedToSoilsScope1_Title()} -> Mass of nitrogen applied to soils for scope 1 emissions
A6: INPUTS | D6: {=MMS_Swine_ManureAppliedToSoils_Equations.VEERG_4_5_1_9__1_MassOfNitrogenAppliedToSoilsScope1_Source()} -> VEERG 2026: 4.5.1.9, Equation (1)
A7: =HYPERLINK("#'Input - Site'!A1", "Site") -> Site | D7: Function name | E7: {=Common_InputFunctions.Utility_DisplayFunctionName(F115)} -> =MMS_Swine_ManureAppliedToSoils_Equations.VEERG_4_5_1_9__1_MassOfNitrogenAppliedToSoilsScope1
A8: =HYPERLINK("#'Input - Swine'!A1", "Swine") -> Swine
G9: MNleachjm=5 infers stage 1 and 2 drylot MMS
A10: CALCULATIONS | D10: Variable | E10: {=MMS_Swine_ManureAppliedToSoils_Equations.VEERG_4_5_1_9__1_MassOfNitrogenAppliedToSoilsScope1_Variable()} -> MNSoil_scope1 | G10: but 4.5.1.7, Equation (2) says MNleachjm=5 only comes from stage 1 MMS
A11: =HYPERLINK("#'4.5.1.1-2 Methane'!A1", "4.5.1.1-2 Methane") -> 4.5.1.1-2 Methane | D11: Unit | E11: {=MMS_Swine_ManureAppliedToSoils_Equations.VEERG_4_5_1_9__1_MassOfNitrogenAppliedToSoilsScope1_Unit()} -> kg N
A12: =HYPERLINK("#'4.5.1.3-4 Direct N20'!A1", "4.5.1.3-4 Direct N2O") -> 4.5.1.3-4 Direct N2O
A13: =HYPERLINK("#'4.5.1.5-6 Atmos Dep'!A1", "4.5.1.5-6 Soil atm. deposition") -> 4.5.1.5-6 Soil atm. deposition | D13: {=MMS_Swine_ManureAppliedToSoils_Equations.VEERG_4_5_1_9__1_MassOfNitrogenAppliedToSoilsScope1_Arguments()} -> MN_jmT2 | E13: mass of N in MMS at treatment stage 2 : kg N | H13: ="See " & D19 -> See M1_Table_MN_j_m_T-2
A14: =HYPERLINK("#'4.5.1.7-8 Leaching and runoff'!A1", "4.5.1.7-8 Leaching & runoff") -> 4.5.1.7-8 Leaching & runoff | D14: EF_mT2 | E14: nitrous oxide emission factor for each MMS at treatment stage 2 : kg N2O-N/kg N | H14: ="See " & D102 -> See Table_EF_m_T
A15: =HYPERLINK("#'4.5.1.9 Manure applied to soils'!A1", "4.5.1.9 Manure applied to soils") -> 4.5.1.9 Manure applied to soils | D15: FracGASM_mT2 | E15: fraction of animal waste N volatilised in each MMS at treatment stage 2 : (kg NH3-N + NOx-N)/kg N | H15: ="See " & D92 -> See Table_FracGASM_m_t
D16: MNLeach_jm5 | E16: mass of N lost to leaching and runoff from drylot MMS : kg N | H16: ="See " & D44 -> See M1_Table_MN_leach_j_m-5
A17: APPENDICES | D17: PF | E17: fraction of manure applied to soil within the piggery boundary : fraction | H17: ="See " & D68 -> See M1_Table_PF
A18: =HYPERLINK("#'Constants - Swine'!A1", "Constants - Swine") -> Constants - Swine
A19: =HYPERLINK("#'Constants - Livestock'!A1", "Constants - Livestock") -> Constants - Livestock | D19: M1_Table_MN_j_m_T-2 | N19: M2_Table_MN_j_m_T-2
A20: =HYPERLINK("#'Constants - Common'!A1", "Constants - Common") -> Constants - Common | D20: Nitrogen in stage 2 MMS (Method 1) | N20: Nitrogen in stage 2 MMS (Method 2)
A21: =HYPERLINK("#'Acknowledgements'!A1", "Acknowledgements") -> Acknowledgements | D21: Stage 1 management | E21: Stage 2 management | F21: Boars | G21: Sows | H21: Gilts | I21: Others | N21: Stage 1 management | O21: Stage 2 management | P21: Boars | Q21: Sows | R21: Gilts | S21: Others
D22: ='Input - Swine'!$D$29 -> Anaerobic lagoon | E22: ='Input - Swine'!$D$48 -> Digester / covered lagoons | F22: ='4.5.1.3-4 Direct N20'!F209 -> 18.1332 | G22: ='4.5.1.3-4 Direct N20'!G209 -> 24.14475 | H22: ='4.5.1.3-4 Direct N20'!H209 -> 22.6665 | I22: ='4.5.1.3-4 Direct N20'!I209 -> 15.3738 | J22: fraction | N22: ='Input - Swine'!$D$29 -> Anaerobic lagoon | O22: ='Input - Swine'!$D$48 -> Digester / covered lagoons | P22: ='4.5.1.3-4 Direct N20'!P209 -> 18.1332 | Q22: ='4.5.1.3-4 Direct N20'!Q209 -> 24.14475 | R22: ='4.5.1.3-4 Direct N20'!R209 -> 22.6665 | S22: ='4.5.1.3-4 Direct N20'!S209 -> 15.3738 | T22: fraction
E23: ='Input - Swine'!$D$49 -> Deep litter | F23: ='4.5.1.3-4 Direct N20'!F210 -> 18.1332 | G23: ='4.5.1.3-4 Direct N20'!G210 -> 24.14475 | H23: ='4.5.1.3-4 Direct N20'!H210 -> 22.6665 | I23: ='4.5.1.3-4 Direct N20'!I210 -> 15.3738 | J23: fraction | O23: ='Input - Swine'!$D$49 -> Deep litter | P23: ='4.5.1.3-4 Direct N20'!P210 -> 18.1332 | Q23: ='4.5.1.3-4 Direct N20'!Q210 -> 24.14475 | R23: ='4.5.1.3-4 Direct N20'!R210 -> 22.6665 | S23: ='4.5.1.3-4 Direct N20'!S210 -> 15.3738 | T23: fraction
E24: ='Input - Swine'!$D$50 -> Pit storage | F24: ='4.5.1.3-4 Direct N20'!F211 -> 18.1332 | G24: ='4.5.1.3-4 Direct N20'!G211 -> 24.14475 | H24: ='4.5.1.3-4 Direct N20'!H211 -> 22.6665 | I24: ='4.5.1.3-4 Direct N20'!I211 -> 15.3738 | J24: fraction | O24: ='Input - Swine'!$D$50 -> Pit storage | P24: ='4.5.1.3-4 Direct N20'!P211 -> 18.1332 | Q24: ='4.5.1.3-4 Direct N20'!Q211 -> 24.14475 | R24: ='4.5.1.3-4 Direct N20'!R211 -> 22.6665 | S24: ='4.5.1.3-4 Direct N20'!S211 -> 15.3738 | T24: fraction
D25: ='Input - Swine'!$D$30 -> Drylot (feed pad) | E25: ='Input - Swine'!$D$55 -> Anaerobic lagoon | F25: ='4.5.1.3-4 Direct N20'!F212 -> 27.40128 | G25: ='4.5.1.3-4 Direct N20'!G212 -> 36.4854 | H25: ='4.5.1.3-4 Direct N20'!H212 -> 34.2516 | I25: ='4.5.1.3-4 Direct N20'!I212 -> 23.23152 | J25: fraction | N25: ='Input - Swine'!$D$30 -> Drylot (feed pad) | O25: ='Input - Swine'!$D$55 -> Anaerobic lagoon | P25: ='4.5.1.3-4 Direct N20'!P212 -> 27.40128 | Q25: ='4.5.1.3-4 Direct N20'!Q212 -> 36.4854 | R25: ='4.5.1.3-4 Direct N20'!R212 -> 34.2516 | S25: ='4.5.1.3-4 Direct N20'!S212 -> 23.23152 | T25: fraction
E26: ='Input - Swine'!$D$56 -> Digester / covered lagoons | F26: ='4.5.1.3-4 Direct N20'!F213 -> 27.40128 | G26: ='4.5.1.3-4 Direct N20'!G213 -> 36.4854 | H26: ='4.5.1.3-4 Direct N20'!H213 -> 34.2516 | I26: ='4.5.1.3-4 Direct N20'!I213 -> 23.23152 | J26: fraction | O26: ='Input - Swine'!$D$56 -> Digester / covered lagoons | P26: ='4.5.1.3-4 Direct N20'!P213 -> 27.40128 | Q26: ='4.5.1.3-4 Direct N20'!Q213 -> 36.4854 | R26: ='4.5.1.3-4 Direct N20'!R213 -> 34.2516 | S26: ='4.5.1.3-4 Direct N20'!S213 -> 23.23152 | T26: fraction
E27: ='Input - Swine'!$D$57 -> Deep litter | F27: ='4.5.1.3-4 Direct N20'!F214 -> 27.40128 | G27: ='4.5.1.3-4 Direct N20'!G214 -> 36.4854 | H27: ='4.5.1.3-4 Direct N20'!H214 -> 34.2516 | I27: ='4.5.1.3-4 Direct N20'!I214 -> 23.23152 | J27: fraction | O27: ='Input - Swine'!$D$57 -> Deep litter | P27: ='4.5.1.3-4 Direct N20'!P214 -> 27.40128 | Q27: ='4.5.1.3-4 Direct N20'!Q214 -> 36.4854 | R27: ='4.5.1.3-4 Direct N20'!R214 -> 34.2516 | S27: ='4.5.1.3-4 Direct N20'!S214 -> 23.23152 | T27: fraction
E28: ='Input - Swine'!$D$58 -> Pit storage | F28: ='4.5.1.3-4 Direct N20'!F215 -> 27.40128 | G28: ='4.5.1.3-4 Direct N20'!G215 -> 36.4854 | H28: ='4.5.1.3-4 Direct N20'!H215 -> 34.2516 | I28: ='4.5.1.3-4 Direct N20'!I215 -> 23.23152 | J28: fraction | O28: ='Input - Swine'!$D$58 -> Pit storage | P28: ='4.5.1.3-4 Direct N20'!P215 -> 27.40128 | Q28: ='4.5.1.3-4 Direct N20'!Q215 -> 36.4854 | R28: ='4.5.1.3-4 Direct N20'!R215 -> 34.2516 | S28: ='4.5.1.3-4 Direct N20'!S215 -> 23.23152 | T28: fraction
D29: ='Input - Swine'!$D$31 -> Digester / covered lagoons | E29: ='Input - Swine'!$D$63 -> Anaerobic lagoon | F29: ='4.5.1.3-4 Direct N20'!F216 -> 40.296 | G29: ='4.5.1.3-4 Direct N20'!G216 -> 53.655 | H29: ='4.5.1.3-4 Direct N20'!H216 -> 50.37 | I29: ='4.5.1.3-4 Direct N20'!I216 -> 34.164 | J29: fraction | N29: ='Input - Swine'!$D$31 -> Digester / covered lagoons | O29: ='Input - Swine'!$D$63 -> Anaerobic lagoon | P29: ='4.5.1.3-4 Direct N20'!P216 -> 40.296 | Q29: ='4.5.1.3-4 Direct N20'!Q216 -> 53.655 | R29: ='4.5.1.3-4 Direct N20'!R216 -> 50.37 | S29: ='4.5.1.3-4 Direct N20'!S216 -> 34.164 | T29: fraction
E30: ='Input - Swine'!$D$64 -> Deep litter | F30: ='4.5.1.3-4 Direct N20'!F217 -> 40.296 | G30: ='4.5.1.3-4 Direct N20'!G217 -> 53.655 | H30: ='4.5.1.3-4 Direct N20'!H217 -> 50.37 | I30: ='4.5.1.3-4 Direct N20'!I217 -> 34.164 | J30: fraction | O30: ='Input - Swine'!$D$64 -> Deep litter | P30: ='4.5.1.3-4 Direct N20'!P217 -> 40.296 | Q30: ='4.5.1.3-4 Direct N20'!Q217 -> 53.655 | R30: ='4.5.1.3-4 Direct N20'!R217 -> 50.37 | S30: ='4.5.1.3-4 Direct N20'!S217 -> 34.164 | T30: fraction
E31: ='Input - Swine'!$D$65 -> Pit storage | F31: ='4.5.1.3-4 Direct N20'!F218 -> 40.296 | G31: ='4.5.1.3-4 Direct N20'!G218 -> 53.655 | H31: ='4.5.1.3-4 Direct N20'!H218 -> 50.37 | I31: ='4.5.1.3-4 Direct N20'!I218 -> 34.164 | J31: fraction | O31: ='Input - Swine'!$D$65 -> Pit storage | P31: ='4.5.1.3-4 Direct N20'!P218 -> 40.296 | Q31: ='4.5.1.3-4 Direct N20'!Q218 -> 53.655 | R31: ='4.5.1.3-4 Direct N20'!R218 -> 50.37 | S31: ='4.5.1.3-4 Direct N20'!S218 -> 34.164 | T31: fraction
D32: ='Input - Swine'!$D$32 -> Deep litter | E32: ='Input - Swine'!$D$70 -> Anaerobic lagoon | F32: ='4.5.1.3-4 Direct N20'!F219 -> 34.85604 | G32: ='4.5.1.3-4 Direct N20'!G219 -> 46.411575 | H32: ='4.5.1.3-4 Direct N20'!H219 -> 43.57005 | I32: ='4.5.1.3-4 Direct N20'!I219 -> 29.55186 | J32: fraction | N32: ='Input - Swine'!$D$32 -> Deep litter | O32: ='Input - Swine'!$D$70 -> Anaerobic lagoon | P32: ='4.5.1.3-4 Direct N20'!P219 -> 34.85604 | Q32: ='4.5.1.3-4 Direct N20'!Q219 -> 46.411575 | R32: ='4.5.1.3-4 Direct N20'!R219 -> 43.57005 | S32: ='4.5.1.3-4 Direct N20'!S219 -> 29.55186 | T32: fraction
E33: ='Input - Swine'!$D$71 -> Digester / covered lagoons | F33: ='4.5.1.3-4 Direct N20'!F220 -> 34.85604 | G33: ='4.5.1.3-4 Direct N20'!G220 -> 46.411575 | H33: ='4.5.1.3-4 Direct N20'!H220 -> 43.57005 | I33: ='4.5.1.3-4 Direct N20'!I220 -> 29.55186 | J33: fraction | O33: ='Input - Swine'!$D$71 -> Digester / covered lagoons | P33: ='4.5.1.3-4 Direct N20'!P220 -> 34.85604 | Q33: ='4.5.1.3-4 Direct N20'!Q220 -> 46.411575 | R33: ='4.5.1.3-4 Direct N20'!R220 -> 43.57005 | S33: ='4.5.1.3-4 Direct N20'!S220 -> 29.55186 | T33: fraction
E34: ='Input - Swine'!$D$72 -> Pit storage | F34: ='4.5.1.3-4 Direct N20'!F221 -> 34.85604 | G34: ='4.5.1.3-4 Direct N20'!G221 -> 46.411575 | H34: ='4.5.1.3-4 Direct N20'!H221 -> 43.57005 | I34: ='4.5.1.3-4 Direct N20'!I221 -> 29.55186 | J34: fraction | O34: ='Input - Swine'!$D$72 -> Pit storage | P34: ='4.5.1.3-4 Direct N20'!P221 -> 34.85604 | Q34: ='4.5.1.3-4 Direct N20'!Q221 -> 46.411575 | R34: ='4.5.1.3-4 Direct N20'!R221 -> 43.57005 | S34: ='4.5.1.3-4 Direct N20'!S221 -> 29.55186 | T34: fraction
D35: ='Input - Swine'!$D$33 -> Pit storage | E35: ='Input - Swine'!$D$77 -> Anaerobic lagoon | F35: ='4.5.1.3-4 Direct N20'!F222 -> 30.141408 | G35: ='4.5.1.3-4 Direct N20'!G222 -> 40.13394 | H35: ='4.5.1.3-4 Direct N20'!H222 -> 37.67676 | I35: ='4.5.1.3-4 Direct N20'!I222 -> 25.554672 | J35: fraction | N35: ='Input - Swine'!$D$33 -> Pit storage | O35: ='Input - Swine'!$D$77 -> Anaerobic lagoon | P35: ='4.5.1.3-4 Direct N20'!P222 -> 30.141408 | Q35: ='4.5.1.3-4 Direct N20'!Q222 -> 40.13394 | R35: ='4.5.1.3-4 Direct N20'!R222 -> 37.67676 | S35: ='4.5.1.3-4 Direct N20'!S222 -> 25.554672 | T35: fraction
E36: ='Input - Swine'!$D$78 -> Digester / covered lagoons | F36: ='4.5.1.3-4 Direct N20'!F223 -> 30.141408 | G36: ='4.5.1.3-4 Direct N20'!G223 -> 40.13394 | H36: ='4.5.1.3-4 Direct N20'!H223 -> 37.67676 | I36: ='4.5.1.3-4 Direct N20'!I223 -> 25.554672 | J36: fraction | O36: ='Input - Swine'!$D$78 -> Digester / covered lagoons | P36: ='4.5.1.3-4 Direct N20'!P223 -> 30.141408 | Q36: ='4.5.1.3-4 Direct N20'!Q223 -> 40.13394 | R36: ='4.5.1.3-4 Direct N20'!R223 -> 37.67676 | S36: ='4.5.1.3-4 Direct N20'!S223 -> 25.554672 | T36: fraction
E37: ='Input - Swine'!$D$79 -> Deep litter | F37: ='4.5.1.3-4 Direct N20'!F224 -> 30.141408 | G37: ='4.5.1.3-4 Direct N20'!G224 -> 40.13394 | H37: ='4.5.1.3-4 Direct N20'!H224 -> 37.67676 | I37: ='4.5.1.3-4 Direct N20'!I224 -> 25.554672 | J37: fraction | O37: ='Input - Swine'!$D$79 -> Deep litter | P37: ='4.5.1.3-4 Direct N20'!P224 -> 30.141408 | Q37: ='4.5.1.3-4 Direct N20'!Q224 -> 40.13394 | R37: ='4.5.1.3-4 Direct N20'!R224 -> 37.67676 | S37: ='4.5.1.3-4 Direct N20'!S224 -> 25.554672 | T37: fraction
D38: ='Input - Swine'!$D$34 -> Solid storage | E38: ='Input - Swine'!$D$84 -> Anaerobic lagoon | F38: ='4.5.1.3-4 Direct N20'!F225 -> 106.7844 | G38: ='4.5.1.3-4 Direct N20'!G225 -> 113.7486 | H38: ='4.5.1.3-4 Direct N20'!H225 -> 106.7844 | I38: ='4.5.1.3-4 Direct N20'!I225 -> 72.42768 | J38: fraction | N38: ='Input - Swine'!$D$34 -> Solid storage | O38: ='Input - Swine'!$D$84 -> Anaerobic lagoon | P38: ='4.5.1.3-4 Direct N20'!P225 -> 106.7844 | Q38: ='4.5.1.3-4 Direct N20'!Q225 -> 113.7486 | R38: ='4.5.1.3-4 Direct N20'!R225 -> 106.7844 | S38: ='4.5.1.3-4 Direct N20'!S225 -> 72.42768 | T38: fraction
E39: ='Input - Swine'!$D$85 -> Digester / covered lagoons | F39: ='4.5.1.3-4 Direct N20'!F226 -> 106.7844 | G39: ='4.5.1.3-4 Direct N20'!G226 -> 113.7486 | H39: ='4.5.1.3-4 Direct N20'!H226 -> 106.7844 | I39: ='4.5.1.3-4 Direct N20'!I226 -> 72.42768 | J39: fraction | O39: ='Input - Swine'!$D$85 -> Digester / covered lagoons | P39: ='4.5.1.3-4 Direct N20'!P226 -> 106.7844 | Q39: ='4.5.1.3-4 Direct N20'!Q226 -> 113.7486 | R39: ='4.5.1.3-4 Direct N20'!R226 -> 106.7844 | S39: ='4.5.1.3-4 Direct N20'!S226 -> 72.42768 | T39: fraction
E40: ='Input - Swine'!$D$86 -> Deep litter | F40: ='4.5.1.3-4 Direct N20'!F227 -> 106.7844 | G40: ='4.5.1.3-4 Direct N20'!G227 -> 113.7486 | H40: ='4.5.1.3-4 Direct N20'!H227 -> 106.7844 | I40: ='4.5.1.3-4 Direct N20'!I227 -> 72.42768 | J40: fraction | O40: ='Input - Swine'!$D$86 -> Deep litter | P40: ='4.5.1.3-4 Direct N20'!P227 -> 106.7844 | Q40: ='4.5.1.3-4 Direct N20'!Q227 -> 113.7486 | R40: ='4.5.1.3-4 Direct N20'!R227 -> 106.7844 | S40: ='4.5.1.3-4 Direct N20'!S227 -> 72.42768 | T40: fraction
E41: ='Input - Swine'!$D$87 -> Pit storage | F41: ='4.5.1.3-4 Direct N20'!F228 -> 53.3922 | G41: ='4.5.1.3-4 Direct N20'!G228 -> 56.8743 | H41: ='4.5.1.3-4 Direct N20'!H228 -> 53.3922 | I41: ='4.5.1.3-4 Direct N20'!I228 -> 36.21384 | J41: fraction | O41: ='Input - Swine'!$D$87 -> Pit storage | P41: ='4.5.1.3-4 Direct N20'!P228 -> 53.3922 | Q41: ='4.5.1.3-4 Direct N20'!Q228 -> 56.8743 | R41: ='4.5.1.3-4 Direct N20'!R228 -> 53.3922 | S41: ='4.5.1.3-4 Direct N20'!S228 -> 36.21384 | T41: fraction
D44: M1_Table_MN_leach_j_m-5 | N44: M1_Table_MN_leach_j_m-5
D45: N lost through leaching and runoff from stage 1 drylot MMS | N45: N lost through leaching and runoff from stage 1 drylot MMS
D46: Stage 1 management | E46: Stage 2 management | F46: Boars | G46: Sows | H46: Gilts | I46: Others | N46: Stage 1 management | O46: Stage 2 management | P46: Boars | Q46: Sows | R46: Gilts | S46: Others
D47: ='Input - Swine'!$D$29 -> Anaerobic lagoon | E47: ='Input - Swine'!$D$48 -> Digester / covered lagoons | F47: 0 | G47: 0 | H47: 0 | I47: 0 | J47: ='4.5.1.3-4 Direct N20'!J209 -> kg N | N47: ='Input - Swine'!$D$29 -> Anaerobic lagoon | O47: ='Input - Swine'!$D$48 -> Digester / covered lagoons | P47: 0 | Q47: 0 | R47: 0 | S47: 0 | T47: ='4.5.1.3-4 Direct N20'!T209 -> kg N
E48: ='Input - Swine'!$D$49 -> Deep litter | F48: 0 | G48: 0 | H48: 0 | I48: 0 | J48: ='4.5.1.3-4 Direct N20'!J210 -> kg N | O48: ='Input - Swine'!$D$49 -> Deep litter | P48: 0 | Q48: 0 | R48: 0 | S48: 0 | T48: ='4.5.1.3-4 Direct N20'!T210 -> kg N
E49: ='Input - Swine'!$D$50 -> Pit storage | F49: 0 | G49: 0 | H49: 0 | I49: 0 | J49: ='4.5.1.3-4 Direct N20'!J211 -> kg N | O49: ='Input - Swine'!$D$50 -> Pit storage | P49: 0 | Q49: 0 | R49: 0 | S49: 0 | T49: ='4.5.1.3-4 Direct N20'!T211 -> kg N
D50: ='Input - Swine'!$D$30 -> Drylot (feed pad) | E50: ='Input - Swine'!$D$55 -> Anaerobic lagoon | F50: ='4.5.1.7-8 Leaching and runoff'!E$28 -> 4.0296 | G50: ='4.5.1.7-8 Leaching and runoff'!F$28 -> 4.2924 | H50: ='4.5.1.7-8 Leaching and runoff'!G$28 -> 4.0296 | I50: ='4.5.1.7-8 Leaching and runoff'!H$28 -> 2.73312 | J50: ='4.5.1.3-4 Direct N20'!J212 -> kg N | N50: ='Input - Swine'!$D$30 -> Drylot (feed pad) | O50: ='Input - Swine'!$D$55 -> Anaerobic lagoon | P50: ='4.5.1.7-8 Leaching and runoff'!N$28 -> 4.0296 | Q50: ='4.5.1.7-8 Leaching and runoff'!O$28 -> 4.2924 | R50: ='4.5.1.7-8 Leaching and runoff'!P$28 -> 4.0296 | S50: ='4.5.1.7-8 Leaching and runoff'!Q$28 -> 2.73312 | T50: ='4.5.1.3-4 Direct N20'!T212 -> kg N
E51: ='Input - Swine'!$D$56 -> Digester / covered lagoons | F51: ='4.5.1.7-8 Leaching and runoff'!E$28 -> 4.0296 | G51: ='4.5.1.7-8 Leaching and runoff'!F$28 -> 4.2924 | H51: ='4.5.1.7-8 Leaching and runoff'!G$28 -> 4.0296 | I51: ='4.5.1.7-8 Leaching and runoff'!H$28 -> 2.73312 | J51: ='4.5.1.3-4 Direct N20'!J213 -> kg N | O51: ='Input - Swine'!$D$56 -> Digester / covered lagoons | P51: ='4.5.1.7-8 Leaching and runoff'!N$28 -> 4.0296 | Q51: ='4.5.1.7-8 Leaching and runoff'!O$28 -> 4.2924 | R51: ='4.5.1.7-8 Leaching and runoff'!P$28 -> 4.0296 | S51: ='4.5.1.7-8 Leaching and runoff'!Q$28 -> 2.73312 | T51: ='4.5.1.3-4 Direct N20'!T213 -> kg N
E52: ='Input - Swine'!$D$57 -> Deep litter | F52: ='4.5.1.7-8 Leaching and runoff'!E$28 -> 4.0296 | G52: ='4.5.1.7-8 Leaching and runoff'!F$28 -> 4.2924 | H52: ='4.5.1.7-8 Leaching and runoff'!G$28 -> 4.0296 | I52: ='4.5.1.7-8 Leaching and runoff'!H$28 -> 2.73312 | J52: ='4.5.1.3-4 Direct N20'!J214 -> kg N | O52: ='Input - Swine'!$D$57 -> Deep litter | P52: ='4.5.1.7-8 Leaching and runoff'!N$28 -> 4.0296 | Q52: ='4.5.1.7-8 Leaching and runoff'!O$28 -> 4.2924 | R52: ='4.5.1.7-8 Leaching and runoff'!P$28 -> 4.0296 | S52: ='4.5.1.7-8 Leaching and runoff'!Q$28 -> 2.73312 | T52: ='4.5.1.3-4 Direct N20'!T214 -> kg N
E53: ='Input - Swine'!$D$58 -> Pit storage | F53: ='4.5.1.7-8 Leaching and runoff'!E$28 -> 4.0296 | G53: ='4.5.1.7-8 Leaching and runoff'!F$28 -> 4.2924 | H53: ='4.5.1.7-8 Leaching and runoff'!G$28 -> 4.0296 | I53: ='4.5.1.7-8 Leaching and runoff'!H$28 -> 2.73312 | J53: ='4.5.1.3-4 Direct N20'!J215 -> kg N | O53: ='Input - Swine'!$D$58 -> Pit storage | P53: ='4.5.1.7-8 Leaching and runoff'!N$28 -> 4.0296 | Q53: ='4.5.1.7-8 Leaching and runoff'!O$28 -> 4.2924 | R53: ='4.5.1.7-8 Leaching and runoff'!P$28 -> 4.0296 | S53: ='4.5.1.7-8 Leaching and runoff'!Q$28 -> 2.73312 | T53: ='4.5.1.3-4 Direct N20'!T215 -> kg N
D54: ='Input - Swine'!$D$31 -> Digester / covered lagoons | E54: ='Input - Swine'!$D$63 -> Anaerobic lagoon | F54: 0 | G54: 0 | H54: 0 | I54: 0 | J54: ='4.5.1.3-4 Direct N20'!J216 -> kg N | N54: ='Input - Swine'!$D$31 -> Digester / covered lagoons | O54: ='Input - Swine'!$D$63 -> Anaerobic lagoon | P54: 0 | Q54: 0 | R54: 0 | S54: 0 | T54: ='4.5.1.3-4 Direct N20'!T216 -> kg N
E55: ='Input - Swine'!$D$64 -> Deep litter | F55: 0 | G55: 0 | H55: 0 | I55: 0 | J55: ='4.5.1.3-4 Direct N20'!J217 -> kg N | O55: ='Input - Swine'!$D$64 -> Deep litter | P55: 0 | Q55: 0 | R55: 0 | S55: 0 | T55: ='4.5.1.3-4 Direct N20'!T217 -> kg N
E56: ='Input - Swine'!$D$65 -> Pit storage | F56: 0 | G56: 0 | H56: 0 | I56: 0 | J56: ='4.5.1.3-4 Direct N20'!J218 -> kg N | O56: ='Input - Swine'!$D$65 -> Pit storage | P56: 0 | Q56: 0 | R56: 0 | S56: 0 | T56: ='4.5.1.3-4 Direct N20'!T218 -> kg N
D57: ='Input - Swine'!$D$32 -> Deep litter | E57: ='Input - Swine'!$D$70 -> Anaerobic lagoon | F57: 0 | G57: 0 | H57: 0 | I57: 0 | J57: ='4.5.1.3-4 Direct N20'!J219 -> kg N | N57: ='Input - Swine'!$D$32 -> Deep litter | O57: ='Input - Swine'!$D$70 -> Anaerobic lagoon | P57: 0 | Q57: 0 | R57: 0 | S57: 0 | T57: ='4.5.1.3-4 Direct N20'!T219 -> kg N
E58: ='Input - Swine'!$D$71 -> Digester / covered lagoons | F58: 0 | G58: 0 | H58: 0 | I58: 0 | J58: ='4.5.1.3-4 Direct N20'!J220 -> kg N | O58: ='Input - Swine'!$D$71 -> Digester / covered lagoons | P58: 0 | Q58: 0 | R58: 0 | S58: 0 | T58: ='4.5.1.3-4 Direct N20'!T220 -> kg N
E59: ='Input - Swine'!$D$72 -> Pit storage | F59: 0 | G59: 0 | H59: 0 | I59: 0 | J59: ='4.5.1.3-4 Direct N20'!J221 -> kg N | O59: ='Input - Swine'!$D$72 -> Pit storage | P59: 0 | Q59: 0 | R59: 0 | S59: 0 | T59: ='4.5.1.3-4 Direct N20'!T221 -> kg N
D60: ='Input - Swine'!$D$33 -> Pit storage | E60: ='Input - Swine'!$D$77 -> Anaerobic lagoon | F60: 0 | G60: 0 | H60: 0 | I60: 0 | J60: ='4.5.1.3-4 Direct N20'!J222 -> kg N | N60: ='Input - Swine'!$D$33 -> Pit storage | O60: ='Input - Swine'!$D$77 -> Anaerobic lagoon | P60: 0 | Q60: 0 | R60: 0 | S60: 0 | T60: ='4.5.1.3-4 Direct N20'!T222 -> kg N
E61: ='Input - Swine'!$D$78 -> Digester / covered lagoons | F61: 0 | G61: 0 | H61: 0 | I61: 0 | J61: ='4.5.1.3-4 Direct N20'!J223 -> kg N | O61: ='Input - Swine'!$D$78 -> Digester / covered lagoons | P61: 0 | Q61: 0 | R61: 0 | S61: 0 | T61: ='4.5.1.3-4 Direct N20'!T223 -> kg N
E62: ='Input - Swine'!$D$79 -> Deep litter | F62: 0 | G62: 0 | H62: 0 | I62: 0 | J62: ='4.5.1.3-4 Direct N20'!J224 -> kg N | O62: ='Input - Swine'!$D$79 -> Deep litter | P62: 0 | Q62: 0 | R62: 0 | S62: 0 | T62: ='4.5.1.3-4 Direct N20'!T224 -> kg N
D63: ='Input - Swine'!$D$34 -> Solid storage | E63: ='Input - Swine'!$D$84 -> Anaerobic lagoon | F63: 0 | G63: 0 | H63: 0 | I63: 0 | J63: ='4.5.1.3-4 Direct N20'!J225 -> kg N | N63: ='Input - Swine'!$D$34 -> Solid storage | O63: ='Input - Swine'!$D$84 -> Anaerobic lagoon | P63: 0 | Q63: 0 | R63: 0 | S63: 0 | T63: ='4.5.1.3-4 Direct N20'!T225 -> kg N
E64: ='Input - Swine'!$D$85 -> Digester / covered lagoons | F64: 0 | G64: 0 | H64: 0 | I64: 0 | J64: ='4.5.1.3-4 Direct N20'!J226 -> kg N | O64: ='Input - Swine'!$D$85 -> Digester / covered lagoons | P64: 0 | Q64: 0 | R64: 0 | S64: 0 | T64: ='4.5.1.3-4 Direct N20'!T226 -> kg N
E65: ='Input - Swine'!$D$86 -> Deep litter | F65: 0 | G65: 0 | H65: 0 | I65: 0 | J65: ='4.5.1.3-4 Direct N20'!J227 -> kg N | O65: ='Input - Swine'!$D$86 -> Deep litter | P65: 0 | Q65: 0 | R65: 0 | S65: 0 | T65: ='4.5.1.3-4 Direct N20'!T227 -> kg N
E66: ='Input - Swine'!$D$87 -> Pit storage | F66: 0 | G66: 0 | H66: 0 | I66: 0 | J66: ='4.5.1.3-4 Direct N20'!J228 -> kg N | O66: ='Input - Swine'!$D$87 -> Pit storage | P66: 0 | Q66: 0 | R66: 0 | S66: 0 | T66: ='4.5.1.3-4 Direct N20'!T228 -> kg N
D68: M1_Table_PF
D69: Fraction of manure applied to soil (Method 1)
D70: Stage 1 management | E70: Stage 2 management | F70: PF
D71: ='Input - Swine'!$D$29 -> Anaerobic lagoon | E71: ='Input - Swine'!$D$48 -> Digester / covered lagoons | F71: ='Input - Swine'!K48+'Input - Swine'!L48 -> 0.75 | G71: fraction
E72: ='Input - Swine'!$D$49 -> Deep litter | F72: ='Input - Swine'!K49+'Input - Swine'!L49 -> 0.75 | G72: fraction
E73: ='Input - Swine'!$D$50 -> Pit storage | F73: ='Input - Swine'!K50+'Input - Swine'!L50 -> 0.75 | G73: fraction
D74: ='Input - Swine'!$D$30 -> Drylot (feed pad) | E74: ='Input - Swine'!$D$55 -> Anaerobic lagoon | F74: ='Input - Swine'!K55+'Input - Swine'!L55 -> 0.75 | G74: fraction
E75: ='Input - Swine'!$D$56 -> Digester / covered lagoons | F75: ='Input - Swine'!K56+'Input - Swine'!L56 -> 0.75 | G75: fraction
E76: ='Input - Swine'!$D$57 -> Deep litter | F76: ='Input - Swine'!K57+'Input - Swine'!L57 -> 0.75 | G76: fraction
E77: ='Input - Swine'!$D$58 -> Pit storage | F77: ='Input - Swine'!K58+'Input - Swine'!L58 -> 0.75 | G77: fraction
D78: ='Input - Swine'!$D$31 -> Digester / covered lagoons | E78: ='Input - Swine'!$D$63 -> Anaerobic lagoon | F78: ='Input - Swine'!K63+'Input - Swine'!L63 -> 0.75 | G78: fraction
E79: ='Input - Swine'!$D$64 -> Deep litter | F79: ='Input - Swine'!K64+'Input - Swine'!L64 -> 0.75 | G79: fraction
E80: ='Input - Swine'!$D$65 -> Pit storage | F80: ='Input - Swine'!K65+'Input - Swine'!L65 -> 0.75 | G80: fraction
D81: ='Input - Swine'!$D$32 -> Deep litter | E81: ='Input - Swine'!$D$70 -> Anaerobic lagoon | F81: ='Input - Swine'!K70+'Input - Swine'!L70 -> 0.75 | G81: fraction
E82: ='Input - Swine'!$D$71 -> Digester / covered lagoons | F82: ='Input - Swine'!K71+'Input - Swine'!L71 -> 0.75 | G82: fraction
E83: ='Input - Swine'!$D$72 -> Pit storage | F83: ='Input - Swine'!K72+'Input - Swine'!L72 -> 0.75 | G83: fraction
D84: ='Input - Swine'!$D$33 -> Pit storage | E84: ='Input - Swine'!$D$77 -> Anaerobic lagoon | F84: ='Input - Swine'!K77+'Input - Swine'!L77 -> 0.75 | G84: fraction
E85: ='Input - Swine'!$D$78 -> Digester / covered lagoons | F85: ='Input - Swine'!K78+'Input - Swine'!L78 -> 0.75 | G85: fraction
E86: ='Input - Swine'!$D$79 -> Deep litter | F86: ='Input - Swine'!K79+'Input - Swine'!L79 -> 0.75 | G86: fraction
D87: ='Input - Swine'!$D$34 -> Solid storage | E87: ='Input - Swine'!$D$84 -> Anaerobic lagoon | F87: ='Input - Swine'!K84+'Input - Swine'!L84 -> 0.75 | G87: fraction
E88: ='Input - Swine'!$D$85 -> Digester / covered lagoons | F88: ='Input - Swine'!K85+'Input - Swine'!L85 -> 0.75 | G88: fraction
E89: ='Input - Swine'!$D$86 -> Deep litter | F89: ='Input - Swine'!K86+'Input - Swine'!L86 -> 0.75 | G89: fraction
E90: ='Input - Swine'!$D$87 -> Pit storage | F90: ='Input - Swine'!K87+'Input - Swine'!L87 -> 0.75 | G90: fraction
D92: Table_FracGASM_m_t
D93: Fraction of N volatilised from MMS
D94: Stage 1 management | E94: FracGASMm
D95: ='Input - Swine'!$D$29 -> Anaerobic lagoon | E95: {=Common_InputFunctions.Utility_LookupValueInTableNumber(D95, Table_SourceData_Swine_FracGASM[NIR reference],Table_SourceData_Swine_FracGASM[FracGASMmT])} -> 0.55
D96: ='Input - Swine'!$D$30 -> Drylot (feed pad) | E96: {=Common_InputFunctions.Utility_LookupValueInTableNumber(D96, Table_SourceData_Swine_FracGASM[NIR reference],Table_SourceData_Swine_FracGASM[FracGASMmT])} -> 0.3
D97: ='Input - Swine'!$D$31 -> Digester / covered lagoons | E97: {=Common_InputFunctions.Utility_LookupValueInTableNumber(D97, Table_SourceData_Swine_FracGASM[NIR reference],Table_SourceData_Swine_FracGASM[FracGASMmT])} -> 0
D98: ='Input - Swine'!$D$32 -> Deep litter | E98: {=Common_InputFunctions.Utility_LookupValueInTableNumber(D98, Table_SourceData_Swine_FracGASM[NIR reference],Table_SourceData_Swine_FracGASM[FracGASMmT])} -> 0.125
D99: ='Input - Swine'!$D$33 -> Pit storage | E99: {=Common_InputFunctions.Utility_LookupValueInTableNumber(D99, Table_SourceData_Swine_FracGASM[NIR reference],Table_SourceData_Swine_FracGASM[FracGASMmT])} -> 0.25
D100: ='Input - Swine'!$D$34 -> Solid storage | E100: {=Common_InputFunctions.Utility_LookupValueInTableNumber(D100, Table_SourceData_Swine_FracGASM[NIR reference],Table_SourceData_Swine_FracGASM[FracGASMmT])} -> 0.2
D102: Table_EF_m_T
D103: Nitrous oxide emissions factor for MMS
D104: MMS | E104: EF
D105: ='Input - Swine'!$D$29 -> Anaerobic lagoon | E105: {=Common_InputFunctions.Utility_LookupValueInTableNumber(D105, Table_SourceData_Swine_FracGASM28[NIR reference],Table_SourceData_Swine_FracGASM28[EFmT])} -> 0
D106: ='Input - Swine'!$D$30 -> Drylot (feed pad) | E106: {=Common_InputFunctions.Utility_LookupValueInTableNumber(D106, Table_SourceData_Swine_FracGASM28[NIR reference],Table_SourceData_Swine_FracGASM28[EFmT])} -> 0.02
...

Sheet Constants - Swine
A1: #VALUE! | C1: Constants - Swine
A3: =HYPERLINK("#'Home'!A1", "Home") -> Home
A4: =HYPERLINK("#'Results'!A1", "Results") -> Results
A6: INPUTS | D6: Swine crop or pasture production systems | G6: Irrigation methods
A7: =HYPERLINK("#'Input - Site'!A1", "Site") -> Site
A8: =HYPERLINK("#'Input - Swine'!A1", "Swine") -> Swine | D8: Production system | G8: Irrigation method
D9: ='[1]Constants - Common'!$F$187 -> Pasture | G9: Not irrigated
A10: CALCULATIONS | D10: ='[1]Constants - Common'!$F$188 -> Crop | G10: Drip irrigation
A11: =HYPERLINK("#'4.5.1.1-2 Methane'!A1", "4.5.1.1-2 Methane") -> 4.5.1.1-2 Methane | G11: Sprinkler irrigation
A12: =HYPERLINK("#'4.5.1.3-4 Direct N20'!A1", "4.5.1.3-4 Direct N2O") -> 4.5.1.3-4 Direct N2O | G12: Surface irrigation
A13: =HYPERLINK("#'4.5.1.5-6 Atmos Dep'!A1", "4.5.1.5-6 Soil atm. deposition") -> 4.5.1.5-6 Soil atm. deposition | G13: Other irrigation
A14: =HYPERLINK("#'4.5.1.7-8 Leaching and runoff'!A1", "4.5.1.7-8 Leaching & runoff") -> 4.5.1.7-8 Leaching & runoff | D14: {=SourceData_Swine.SourceData_Swine_FracLEACH_DrylotMMS_Title()} -> Fraction of nitrogen lost through leaching and runoff for drylot MMS
A15: =HYPERLINK("#'4.5.1.9 Manure applied to soils'!A1", "4.5.1.9 Manure applied to soils") -> 4.5.1.9 Manure applied to soils | D15: {=SourceData_Swine.SourceData_Swine_FracLEACH_DrylotMMS_Source()} -> VEERG 2026: 4.5.2.3 CONSTANT
D16: {=SourceData_Swine.SourceData_Swine_FracLEACH_DrylotMMS_Variation()} -> VARIATION ON SOURCE: Text refers to 'solid storage' MMS, but equation refers to 'drylot' MMS.
A17: APPENDICES | D17: {=SourceData_Swine.SourceData_Swine_FracLEACH_DrylotMMS_Variable()} -> FracLEACH_MS | E17: {=SourceData_Swine.SourceData_Swine_FracLEACH_DrylotMMS_Data()} -> 0.02 | F17: {=SourceData_Swine.SourceData_Swine_FracLEACH_DrylotMMS_Unit()} -> fraction
A18: =HYPERLINK("#'Constants - Swine'!A1", "Constants - Swine") -> Constants - Swine
A19: =HYPERLINK("#'Constants - Livestock'!A1", "Constants - Livestock") -> Constants - Livestock | D19: {=SourceData_Swine.SourceData_Swine_MethaneVolatileSolidsEmissionsPotential_Title()} -> Emissions potential of methane per kilogram of volatile solids
A20: =HYPERLINK("#'Constants - Common'!A1", "Constants - Common") -> Constants - Common | D20: {=SourceData_Swine.SourceData_Swine_MethaneVolatileSolidsEmissionsPotential_Source()} -> IPCC (2019), Chapter 10 [4]
A21: =HYPERLINK("#'Acknowledgements'!A1", "Acknowledgements") -> Acknowledgements | D21: {=SourceData_Swine.SourceData_Swine_MethaneVolatileSolidsEmissionsPotential_Variable()} -> B0 | E21: {=SourceData_Swine.SourceData_Swine_MethaneVolatileSolidsEmissionsPotential_Data()} -> 0.19 | F21: {=SourceData_Swine.SourceData_Swine_MethaneVolatileSolidsEmissionsPotential_Unit()} -> m3 CH4 / kg VS
D24: {=SourceData_Swine.SourceData_Swine_MMS_MCFs_Title()} -> Methane conversion factor for temperature zone and manure management system. | H24: CHange title to match source
D25: {=SourceData_Swine.SourceData_Swine_MMS_MCFs_Source()} -> VEERG 2026: Table A.1.6.4: Swine - MCFs (MCFim) | H25: CHange source
D26: {=SourceData_Swine.SourceData_Swine_MMS_MCFs_Variation()} -> VARIATION ON SOURCE DATA: Added columns for ACT, split QLD and NT. Added extra column with MMS names that match NIR definitions
D28: MMS | E28: NSW | F28: ACT | G28: QLD | H28: NT | I28: SA | J28: TAS | K28: VIC | L28: WA | M28: NIR definition
D29: {=Common_InputFunctions.Utility_DisplayArrayInTable(SourceData_Swine.SourceData_Swine_MMS_MCFs_Data(),Table_SourceData_Swine_MMSMCF[[#Headers],[MMS]],0)} -> Outdoor (Dry lot) | E29: {=Common_InputFunctions.Utility_DisplayArrayInTable(SourceData_Swine.SourceData_Swine_MMS_MCFs_Data(),Table_SourceData_Swine_MMSMCF[[#Headers],[MMS]],0)} -> 0.01 | F29: {=Common_InputFunctions.Utility_DisplayArrayInTable(SourceData_Swine.SourceData_Swine_MMS_MCFs_Data(),Table_SourceData_Swine_MMSMCF[[#Headers],[MMS]],0)} -> 0.01 | G29: {=Common_InputFunctions.Utility_DisplayArrayInTable(SourceData_Swine.SourceData_Swine_MMS_MCFs_Data(),Table_SourceData_Swine_MMSMCF[[#Headers],[MMS]],0)} -> 0.03 | H29: {=Common_InputFunctions.Utility_DisplayArrayInTable(SourceData_Swine.SourceData_Swine_MMS_MCFs_Data(),Table_SourceData_Swine_MMSMCF[[#Headers],[MMS]],0)} -> 0.03 | I29: {=Common_InputFunctions.Utility_DisplayArrayInTable(SourceData_Swine.SourceData_Swine_MMS_MCFs_Data(),Table_SourceData_Swine_MMSMCF[[#Headers],[MMS]],0)} -> 0.01 | J29: {=Common_InputFunctions.Utility_DisplayArrayInTable(SourceData_Swine.SourceData_Swine_MMS_MCFs_Data(),Table_SourceData_Swine_MMSMCF[[#Headers],[MMS]],0)} -> 0.01 | K29: {=Common_InputFunctions.Utility_DisplayArrayInTable(SourceData_Swine.SourceData_Swine_MMS_MCFs_Data(),Table_SourceData_Swine_MMSMCF[[#Headers],[MMS]],0)} -> 0.01 | ... M29: {=Common_InputFunctions.Utility_DisplayArrayInTable(SourceData_Swine.SourceData_Swine_MMS_MCFs_Data(),Table_SourceData_Swine_MMSMCF[[#Headers],[MMS]],0)} -> Drylot (feed pad)
D30: {=Common_InputFunctions.Utility_DisplayArrayInTable(SourceData_Swine.SourceData_Swine_MMS_MCFs_Data(),Table_SourceData_Swine_MMSMCF[[#Headers],[MMS]],0)} -> Deep litter | E30: {=Common_InputFunctions.Utility_DisplayArrayInTable(SourceData_Swine.SourceData_Swine_MMS_MCFs_Data(),Table_SourceData_Swine_MMSMCF[[#Headers],[MMS]],0)} -> 0.04 | F30: {=Common_InputFunctions.Utility_DisplayArrayInTable(SourceData_Swine.SourceData_Swine_MMS_MCFs_Data(),Table_SourceData_Swine_MMSMCF[[#Headers],[MMS]],0)} -> 0.04 | G30: {=Common_InputFunctions.Utility_DisplayArrayInTable(SourceData_Swine.SourceData_Swine_MMS_MCFs_Data(),Table_SourceData_Swine_MMSMCF[[#Headers],[MMS]],0)} -> 0.04 | H30: {=Common_InputFunctions.Utility_DisplayArrayInTable(SourceData_Swine.SourceData_Swine_MMS_MCFs_Data(),Table_SourceData_Swine_MMSMCF[[#Headers],[MMS]],0)} -> 0.04 | I30: {=Common_InputFunctions.Utility_DisplayArrayInTable(SourceData_Swine.SourceData_Swine_MMS_MCFs_Data(),Table_SourceData_Swine_MMSMCF[[#Headers],[MMS]],0)} -> 0.04 | J30: {=Common_InputFunctions.Utility_DisplayArrayInTable(SourceData_Swine.SourceData_Swine_MMS_MCFs_Data(),Table_SourceData_Swine_MMSMCF[[#Headers],[MMS]],0)} -> 0.04 | K30: {=Common_InputFunctions.Utility_DisplayArrayInTable(SourceData_Swine.SourceData_Swine_MMS_MCFs_Data(),Table_SourceData_Swine_MMSMCF[[#Headers],[MMS]],0)} -> 0.04 | ... M30: {=Common_InputFunctions.Utility_DisplayArrayInTable(SourceData_Swine.SourceData_Swine_MMS_MCFs_Data(),Table_SourceData_Swine_MMSMCF[[#Headers],[MMS]],0)} -> Deep litter
D31: {=Common_InputFunctions.Utility_DisplayArrayInTable(SourceData_Swine.SourceData_Swine_MMS_MCFs_Data(),Table_SourceData_Swine_MMSMCF[[#Headers],[MMS]],0)} -> Stockpile (Solid storage) | E31: {=Common_InputFunctions.Utility_DisplayArrayInTable(SourceData_Swine.SourceData_Swine_MMS_MCFs_Data(),Table_SourceData_Swine_MMSMCF[[#Headers],[MMS]],0)} -> 0.02 | F31: {=Common_InputFunctions.Utility_DisplayArrayInTable(SourceData_Swine.SourceData_Swine_MMS_MCFs_Data(),Table_SourceData_Swine_MMSMCF[[#Headers],[MMS]],0)} -> 0.02 | G31: {=Common_InputFunctions.Utility_DisplayArrayInTable(SourceData_Swine.SourceData_Swine_MMS_MCFs_Data(),Table_SourceData_Swine_MMSMCF[[#Headers],[MMS]],0)} -> 0.02 | H31: {=Common_InputFunctions.Utility_DisplayArrayInTable(SourceData_Swine.SourceData_Swine_MMS_MCFs_Data(),Table_SourceData_Swine_MMSMCF[[#Headers],[MMS]],0)} -> 0.02 | I31: {=Common_InputFunctions.Utility_DisplayArrayInTable(SourceData_Swine.SourceData_Swine_MMS_MCFs_Data(),Table_SourceData_Swine_MMSMCF[[#Headers],[MMS]],0)} -> 0.02 | J31: {=Common_InputFunctions.Utility_DisplayArrayInTable(SourceData_Swine.SourceData_Swine_MMS_MCFs_Data(),Table_SourceData_Swine_MMSMCF[[#Headers],[MMS]],0)} -> 0.02 | K31: {=Common_InputFunctions.Utility_DisplayArrayInTable(SourceData_Swine.SourceData_Swine_MMS_MCFs_Data(),Table_SourceData_Swine_MMSMCF[[#Headers],[MMS]],0)} -> 0.02 | ... M31: {=Common_InputFunctions.Utility_DisplayArrayInTable(SourceData_Swine.SourceData_Swine_MMS_MCFs_Data(),Table_SourceData_Swine_MMSMCF[[#Headers],[MMS]],0)} -> Solid storage
D32: {=Common_InputFunctions.Utility_DisplayArrayInTable(SourceData_Swine.SourceData_Swine_MMS_MCFs_Data(),Table_SourceData_Swine_MMSMCF[[#Headers],[MMS]],0)} -> Effluent pond (Uncovered anaerobic lagoon) | E32: {=Common_InputFunctions.Utility_DisplayArrayInTable(SourceData_Swine.SourceData_Swine_MMS_MCFs_Data(),Table_SourceData_Swine_MMSMCF[[#Headers],[MMS]],0)} -> 0.75 | F32: {=Common_InputFunctions.Utility_DisplayArrayInTable(SourceData_Swine.SourceData_Swine_MMS_MCFs_Data(),Table_SourceData_Swine_MMSMCF[[#Headers],[MMS]],0)} -> 0.75 | G32: {=Common_InputFunctions.Utility_DisplayArrayInTable(SourceData_Swine.SourceData_Swine_MMS_MCFs_Data(),Table_SourceData_Swine_MMSMCF[[#Headers],[MMS]],0)} -> 0.78 | H32: {=Common_InputFunctions.Utility_DisplayArrayInTable(SourceData_Swine.SourceData_Swine_MMS_MCFs_Data(),Table_SourceData_Swine_MMSMCF[[#Headers],[MMS]],0)} -> 0.78 | I32: {=Common_InputFunctions.Utility_DisplayArrayInTable(SourceData_Swine.SourceData_Swine_MMS_MCFs_Data(),Table_SourceData_Swine_MMSMCF[[#Headers],[MMS]],0)} -> 0.75 | J32: {=Common_InputFunctions.Utility_DisplayArrayInTable(SourceData_Swine.SourceData_Swine_MMS_MCFs_Data(),Table_SourceData_Swine_MMSMCF[[#Headers],[MMS]],0)} -> 0.7 | K32: {=Common_InputFunctions.Utility_DisplayArrayInTable(SourceData_Swine.SourceData_Swine_MMS_MCFs_Data(),Table_SourceData_Swine_MMSMCF[[#Headers],[MMS]],0)} -> 0.74 | ... M32: {=Common_InputFunctions.Utility_DisplayArrayInTable(SourceData_Swine.SourceData_Swine_MMS_MCFs_Data(),Table_SourceData_Swine_MMSMCF[[#Headers],[MMS]],0)} -> Anaerobic lagoon
D33: {=Common_InputFunctions.Utility_DisplayArrayInTable(SourceData_Swine.SourceData_Swine_MMS_MCFs_Data(),Table_SourceData_Swine_MMSMCF[[#Headers],[MMS]],0)} -> Anaerobic digester / Covered lagoon | E33: {=Common_InputFunctions.Utility_DisplayArrayInTable(SourceData_Swine.SourceData_Swine_MMS_MCFs_Data(),Table_SourceData_Swine_MMSMCF[[#Headers],[MMS]],0)} -> 0.1 | F33: {=Common_InputFunctions.Utility_DisplayArrayInTable(SourceData_Swine.SourceData_Swine_MMS_MCFs_Data(),Table_SourceData_Swine_MMSMCF[[#Headers],[MMS]],0)} -> 0.1 | G33: {=Common_InputFunctions.Utility_DisplayArrayInTable(SourceData_Swine.SourceData_Swine_MMS_MCFs_Data(),Table_SourceData_Swine_MMSMCF[[#Headers],[MMS]],0)} -> 0.1 | H33: {=Common_InputFunctions.Utility_DisplayArrayInTable(SourceData_Swine.SourceData_Swine_MMS_MCFs_Data(),Table_SourceData_Swine_MMSMCF[[#Headers],[MMS]],0)} -> 0.1 | I33: {=Common_InputFunctions.Utility_DisplayArrayInTable(SourceData_Swine.SourceData_Swine_MMS_MCFs_Data(),Table_SourceData_Swine_MMSMCF[[#Headers],[MMS]],0)} -> 0.1 | J33: {=Common_InputFunctions.Utility_DisplayArrayInTable(SourceData_Swine.SourceData_Swine_MMS_MCFs_Data(),Table_SourceData_Swine_MMSMCF[[#Headers],[MMS]],0)} -> 0.1 | K33: {=Common_InputFunctions.Utility_DisplayArrayInTable(SourceData_Swine.SourceData_Swine_MMS_MCFs_Data(),Table_SourceData_Swine_MMSMCF[[#Headers],[MMS]],0)} -> 0.1 | ... M33: {=Common_InputFunctions.Utility_DisplayArrayInTable(SourceData_Swine.SourceData_Swine_MMS_MCFs_Data(),Table_SourceData_Swine_MMSMCF[[#Headers],[MMS]],0)} -> Digester / covered lagoons
D34: {=Common_InputFunctions.Utility_DisplayArrayInTable(SourceData_Swine.SourceData_Swine_MMS_MCFs_Data(),Table_SourceData_Swine_MMSMCF[[#Headers],[MMS]],0)} -> Short HRT tank storage < 1 month (pit storage) | E34: {=Common_InputFunctions.Utility_DisplayArrayInTable(SourceData_Swine.SourceData_Swine_MMS_MCFs_Data(),Table_SourceData_Swine_MMSMCF[[#Headers],[MMS]],0)} -> 0.03 | F34: {=Common_InputFunctions.Utility_DisplayArrayInTable(SourceData_Swine.SourceData_Swine_MMS_MCFs_Data(),Table_SourceData_Swine_MMSMCF[[#Headers],[MMS]],0)} -> 0.03 | G34: {=Common_InputFunctions.Utility_DisplayArrayInTable(SourceData_Swine.SourceData_Swine_MMS_MCFs_Data(),Table_SourceData_Swine_MMSMCF[[#Headers],[MMS]],0)} -> 0.03 | H34: {=Common_InputFunctions.Utility_DisplayArrayInTable(SourceData_Swine.SourceData_Swine_MMS_MCFs_Data(),Table_SourceData_Swine_MMSMCF[[#Headers],[MMS]],0)} -> 0.03 | I34: {=Common_InputFunctions.Utility_DisplayArrayInTable(SourceData_Swine.SourceData_Swine_MMS_MCFs_Data(),Table_SourceData_Swine_MMSMCF[[#Headers],[MMS]],0)} -> 0.03 | J34: {=Common_InputFunctions.Utility_DisplayArrayInTable(SourceData_Swine.SourceData_Swine_MMS_MCFs_Data(),Table_SourceData_Swine_MMSMCF[[#Headers],[MMS]],0)} -> 0.03 | K34: {=Common_InputFunctions.Utility_DisplayArrayInTable(SourceData_Swine.SourceData_Swine_MMS_MCFs_Data(),Table_SourceData_Swine_MMSMCF[[#Headers],[MMS]],0)} -> 0.03 | ... M34: {=Common_InputFunctions.Utility_DisplayArrayInTable(SourceData_Swine.SourceData_Swine_MMS_MCFs_Data(),Table_SourceData_Swine_MMSMCF[[#Headers],[MMS]],0)} -> Pit storage
D35: {=Common_InputFunctions.Utility_DisplayArrayInTable(SourceData_Swine.SourceData_Swine_MMS_MCFs_Data(),Table_SourceData_Swine_MMSMCF[[#Headers],[MMS]],0)} -> Direct Application to soil | E35: {=Common_InputFunctions.Utility_DisplayArrayInTable(SourceData_Swine.SourceData_Swine_MMS_MCFs_Data(),Table_SourceData_Swine_MMSMCF[[#Headers],[MMS]],0)} -> 0 | F35: {=Common_InputFunctions.Utility_DisplayArrayInTable(SourceData_Swine.SourceData_Swine_MMS_MCFs_Data(),Table_SourceData_Swine_MMSMCF[[#Headers],[MMS]],0)} -> 0 | G35: {=Common_InputFunctions.Utility_DisplayArrayInTable(SourceData_Swine.SourceData_Swine_MMS_MCFs_Data(),Table_SourceData_Swine_MMSMCF[[#Headers],[MMS]],0)} -> 0 | H35: {=Common_InputFunctions.Utility_DisplayArrayInTable(SourceData_Swine.SourceData_Swine_MMS_MCFs_Data(),Table_SourceData_Swine_MMSMCF[[#Headers],[MMS]],0)} -> 0 | I35: {=Common_InputFunctions.Utility_DisplayArrayInTable(SourceData_Swine.SourceData_Swine_MMS_MCFs_Data(),Table_SourceData_Swine_MMSMCF[[#Headers],[MMS]],0)} -> 0 | J35: {=Common_InputFunctions.Utility_DisplayArrayInTable(SourceData_Swine.SourceData_Swine_MMS_MCFs_Data(),Table_SourceData_Swine_MMSMCF[[#Headers],[MMS]],0)} -> 0 | K35: {=Common_InputFunctions.Utility_DisplayArrayInTable(SourceData_Swine.SourceData_Swine_MMS_MCFs_Data(),Table_SourceData_Swine_MMSMCF[[#Headers],[MMS]],0)} -> 0 | ... M35: {=Common_InputFunctions.Utility_DisplayArrayInTable(SourceData_Swine.SourceData_Swine_MMS_MCFs_Data(),Table_SourceData_Swine_MMSMCF[[#Headers],[MMS]],0)} -> Direct application
D38: Swine Manure management systems | G38: Swine Manure management systems excl. solid storage and direct application | K38: Swine Manure management systems excl. direct application
D40: MMS | E40: Symbol and MMS | G40: MMS | H40: Symbol and MMS | K40: MMS | L40: Symbol and MMS
D41: ='Constants - Livestock'!$E$10 -> Anaerobic lagoon | E41: ='Constants - Livestock'!$F$10 -> Anaerobic lagoon (m=1) | G41: ='Constants - Livestock'!$E$10 -> Anaerobic lagoon | H41: ='Constants - Livestock'!$F$10 -> Anaerobic lagoon (m=1) | K41: ='Constants - Livestock'!$E$10 -> Anaerobic lagoon | L41: ='Constants - Livestock'!$F$10 -> Anaerobic lagoon (m=1)
D42: ='Constants - Livestock'!$E$15 -> Solid storage | E42: ='Constants - Livestock'!$F$15 -> Solid storage (m=4) | G42: ='Constants - Livestock'!$E$16 -> Drylot (feed pad) | H42: ='Constants - Livestock'!$F$16 -> Drylot (feed pad) (m=5) | K42: ='Constants - Livestock'!$E$15 -> Solid storage | L42: ='Constants - Livestock'!$F$15 -> Solid storage (m=4)
D43: ='Constants - Livestock'!$E$16 -> Drylot (feed pad) | E43: ='Constants - Livestock'!$F$16 -> Drylot (feed pad) (m=5) | G43: ='Constants - Livestock'!$E$18 -> Digester / covered lagoons | H43: ='Constants - Livestock'!$F$18 -> Digester / covered lagoons (m=7) | K43: ='Constants - Livestock'!$E$16 -> Drylot (feed pad) | L43: ='Constants - Livestock'!$F$16 -> Drylot (feed pad) (m=5)
D44: ='Constants - Livestock'!$E$18 -> Digester / covered lagoons | E44: ='Constants - Livestock'!$F$18 -> Digester / covered lagoons (m=7) | G44: ='Constants - Livestock'!$E$19 -> Deep litter | H44: ='Constants - Livestock'!$F$19 -> Deep litter (m=8) | K44: ='Constants - Livestock'!$E$18 -> Digester / covered lagoons | L44: ='Constants - Livestock'!$F$18 -> Digester / covered lagoons (m=7)
D45: ='Constants - Livestock'!$E$19 -> Deep litter | E45: ='Constants - Livestock'!$F$19 -> Deep litter (m=8) | G45: ='Constants - Livestock'!$E$20 -> Pit storage | H45: ='Constants - Livestock'!$F$20 -> Pit storage (m=9) | K45: ='Constants - Livestock'!$E$19 -> Deep litter | L45: ='Constants - Livestock'!$F$19 -> Deep litter (m=8)
D46: ='Constants - Livestock'!$E$20 -> Pit storage | E46: ='Constants - Livestock'!$F$20 -> Pit storage (m=9) | K46: ='Constants - Livestock'!$E$20 -> Pit storage | L46: ='Constants - Livestock'!$F$20 -> Pit storage (m=9)
D47: ='Constants - Livestock'!$E$26 -> Direct application | E47: ='Constants - Livestock'!$F$26 -> Direct application (m=13)
D51: Fraction volatile solids lost during storage in primary system | G51: Swine housing
D53: MMS | E53: VSL | G53: Production system
D54: ='Constants - Livestock'!$E$10 -> Anaerobic lagoon | E54: 0 | G54: {=Common_InputFunctions.Utility_DisplayArrayInTable(SourceData_Swine.SourceData_Swine_ProductionSystems_Data(), Table_SourceData_Swine_ProductionSystems[[#Headers],[Production system]], 0)} -> Conventional housing
D55: ='Constants - Livestock'!$E$15 -> Solid storage | E55: 0 | G55: {=Common_InputFunctions.Utility_DisplayArrayInTable(SourceData_Swine.SourceData_Swine_ProductionSystems_Data(), Table_SourceData_Swine_ProductionSystems[[#Headers],[Production system]], 0)} -> Deep litter housing
D56: ='Constants - Livestock'!$E$16 -> Drylot (feed pad) | E56: 0 | G56: {=Common_InputFunctions.Utility_DisplayArrayInTable(SourceData_Swine.SourceData_Swine_ProductionSystems_Data(), Table_SourceData_Swine_ProductionSystems[[#Headers],[Production system]], 0)} -> Outdoor/free range
D57: ='Constants - Livestock'!$E$18 -> Digester / covered lagoons | E57: 0.75
D58: ='Constants - Livestock'!$E$19 -> Deep litter | E58: 0.05
D59: ='Constants - Livestock'!$E$20 -> Pit storage | E59: 0
D60: ='Constants - Livestock'!$E$26 -> Direct application | E60: 0
D63: {=SourceData_Swine.SourceData_Swine_VolatileSolids_Title()} -> Swine - Volatile solids (VSj) - 2020 to 2024
D64: {=SourceData_Swine.SourceData_Swine_VolatileSolids_Source()} -> VEERG 2026: Table A.1.6.1: Swine - Intake and manure characteristics derived from PigBal
D65: {=SourceData_Swine.SourceData_Swine_VolatileSolids_Variation()} -> VARIATION ON SOURCE DATA: Only uses data for 2020-2024. Use 'Slaughter pigs' data for 'Other j=4' class.
D67: Class | E67: VSj
D68: {=Common_InputFunctions.Utility_DisplayArrayInTable(SourceData_Swine.SourceData_Swine_VolatileSolids_Data(), Table_SourceData_Swine_VolatileSolids[[#Headers],[Class]], 0)} -> Boars | E68: {=Common_InputFunctions.Utility_DisplayArrayInTable(SourceData_Swine.SourceData_Swine_VolatileSolids_Data(), Table_SourceData_Swine_VolatileSolids[[#Headers],[Class]], 0)} -> 0.4
D69: {=Common_InputFunctions.Utility_DisplayArrayInTable(SourceData_Swine.SourceData_Swine_VolatileSolids_Data(), Table_SourceData_Swine_VolatileSolids[[#Headers],[Class]], 0)} -> Sows | E69: {=Common_InputFunctions.Utility_DisplayArrayInTable(SourceData_Swine.SourceData_Swine_VolatileSolids_Data(), Table_SourceData_Swine_VolatileSolids[[#Headers],[Class]], 0)} -> 0.46
