Workbook
Name Common_Equations.Common_ConvertCH4ToCO2e: _xlfn.LAMBDA(_xlpm.E_CH4,_xlpm.GWP_CH4, _xlpm.E_CH4 * _xlpm.GWP_CH4)
Name Common_Equations.Common_ConvertCH4ToCO2e_Arguments: _xlfn.LAMBDA(_xlfn.MAKEARRAY(2, 2, _xlfn.LAMBDA(_xlpm.r,_xlpm.c, INDEX({"ECH4","Methane emissions (t CH4)";"GWPCH4","Global warming potential for methane (t CO2-e / t CH4)"}, _xlpm.r, _xlpm.c))))
Name Common_Equations.Common_ConvertCH4ToCO2e_LatexEquation: _xlfn.LAMBDA("CO2_e = E_{CH4} \times GWP_{CH4}")
Name Common_Equations.Common_ConvertCH4ToCO2e_NIRReference: _xlfn.LAMBDA("")
Name Common_Equations.Common_ConvertCH4ToCO2e_Title: _xlfn.LAMBDA("Convert methane emissions to carbon dioxide equivalent emissions")
Name Common_Equations.Common_ConvertCH4ToCO2e_Unit: _xlfn.LAMBDA("t CO2e")
Name Common_Equations.Common_ConvertCH4ToCO2e_Variable: _xlfn.LAMBDA("ECH4 CO2e")
Name Common_Equations.Common_ConvertN2OToCO2e: _xlfn.LAMBDA(_xlpm.E_N2O,_xlpm.GWP_N2O, _xlpm.E_N2O * _xlpm.GWP_N2O)
Name Common_Equations.Common_ConvertN2OToCO2e_LatexEquation: _xlfn.LAMBDA("CO2_e = E_{N2O} \times GWP_{N2O}")
Name Common_Equations.Common_ConvertN2OToCO2e_NIRReference: _xlfn.LAMBDA("")
Name Common_Equations.Common_ConvertN2OToCO2e_Title: _xlfn.LAMBDA("Convert nitrous oxide emissions to carbon dioxide equivalent emissions")
Name Common_Equations.Common_ConvertN2OToCO2e_Unit: _xlfn.LAMBDA("t CO2e")
Name Common_Equations.Common_ConvertN2OToCO2e_Variable: _xlfn.LAMBDA("EN2O CO2e")
Name Common_InputFunctions.Utility_DisplayFunctionName: _xlfn.LAMBDA(_xlpm.Function, _xlfn.TEXTBEFORE(_xlfn.FORMULATEXT(_xlpm.Function), "("))
Name Common_InputFunctions.Utility_GetArrayTableColumnStartNumber: _xlfn.LAMBDA(_xlpm.TableHeaderCell, COLUMN(_xlpm.TableHeaderCell))
Name Common_InputFunctions.Utility_GetArrayTableRowStartNumber: _xlfn.LAMBDA(_xlpm.TableheaderCell,_xlpm.RowsBetweenHeaderandArray, ROW(_xlpm.TableheaderCell) + _xlpm.RowsBetweenHeaderandArray - 1)
Name Common_InputFunctions.Utility_LookupValueInTable: _xlfn.LAMBDA(_xlpm.LookupValue,_xlpm.LookupArray,_xlpm.ReturnArray, _xlfn.XLOOKUP(_xlpm.LookupValue, _xlpm.LookupArray, _xlpm.ReturnArray, ""))
Name Common_SourceData.Common_SourceData_AustralianStatesTerritories_Source: _xlfn.LAMBDA("")
Name Common_SourceData.Common_SourceData_AustralianStatesTerritories_Title: _xlfn.LAMBDA("Australian states and territories")
Name Common_SourceData.Common_SourceData_AustralianStatesTerritories_Unit: _xlfn.LAMBDA("")
Name Common_SourceData.Common_SourceData_AustralianStatesTerritories_Variable: _xlfn.LAMBDA("")
Name Common_SourceData.Common_SourceData_ClimateZones_Source: _xlfn.LAMBDA("VEERG 2026: Table 1.3: Climate and Rainfall zone classifications and definitions")
Name Common_SourceData.Common_SourceData_ClimateZones_Title: _xlfn.LAMBDA("VEERG Australian climate zones")
Name Common_SourceData.Common_SourceData_ClimateZones_Unit: _xlfn.LAMBDA("")
Name Common_SourceData.Common_SourceData_ClimateZones_Variable: _xlfn.LAMBDA("")
Name Common_SourceData.Common_SourceData_ConvertGasElementalToMolecular_Source: _xlfn.LAMBDA("XXXXXXX")
Name Common_SourceData.Common_SourceData_ConvertGasElementalToMolecular_Title: _xlfn.LAMBDA("Factor to convert elemental mass of gas to molecular mass")
Name Common_SourceData.Common_SourceData_ConvertGasElementalToMolecular_Unit: _xlfn.LAMBDA("factor")
Name Common_SourceData.Common_SourceData_ConvertGasElementalToMolecular_Variable: _xlfn.LAMBDA("Cg")
Name Common_SourceData.Common_SourceData_ConvertN2oElementalToMolecularCg_Data: _xlfn.LAMBDA(44 / 28)
Name Common_SourceData.Common_SourceData_ConvertN2oElementalToMolecularCg_Source: _xlfn.LAMBDA("National Inventory Report 2023 Volume 1")
Name Common_SourceData.Common_SourceData_ConvertN2oElementalToMolecularCg_Title: _xlfn.LAMBDA("Factor to convert elemental mass of N2O to molecular mass")
Name Common_SourceData.Common_SourceData_ConvertN2oElementalToMolecularCg_Unit: _xlfn.LAMBDA("factor")
Name Common_SourceData.Common_SourceData_ConvertN2oElementalToMolecularCg_Variable: _xlfn.LAMBDA("CgN2O")
Name Common_SourceData.Common_SourceData_DataScores_Scope3_Source: _xlfn.LAMBDA("VEERG 2026: XXXXXXXX")
Name Common_SourceData.Common_SourceData_DataScores_Scope3_Title: _xlfn.LAMBDA("Australian data scores for scope 3")
Name Common_SourceData.Common_SourceData_DataScores_Scope3_Unit: _xlfn.LAMBDA("")
Name Common_SourceData.Common_SourceData_DataScores_Scope3_Variable: _xlfn.LAMBDA("")
Name Common_SourceData.Common_SourceData_DataScores_Scope3_Variation: _xlfn.LAMBDA("")
Name Common_SourceData.Common_SourceData_DensityOfMethane_Data: _xlfn.LAMBDA(0.6784)
Name Common_SourceData.Common_SourceData_DensityOfMethane_Source: _xlfn.LAMBDA("National Inventory Report 2023 Volume 1: Equations 3.B.1a_2, 3.B.1c_2, 3.B.3_1, 3.B.4g_2")
Name Common_SourceData.Common_SourceData_DensityOfMethane_Title: _xlfn.LAMBDA("p = density of methane")
Name Common_SourceData.Common_SourceData_DensityOfMethane_Unit: _xlfn.LAMBDA("kg/m3")
Name Common_SourceData.Common_SourceData_EFleach_Data: _xlfn.LAMBDA(_xlfn.MAKEARRAY(1, 2, _xlfn.LAMBDA(_xlpm.r,_xlpm.c, INDEX({"EFleach",0.011}, _xlpm.r, _xlpm.c))))
Name Common_SourceData.Common_SourceData_EFleach_NIRReference: _xlfn.LAMBDA("National Inventory Report Volume 1: Equation 3.D.B_10")
Name Common_SourceData.Common_SourceData_EFleach_Source: _xlfn.LAMBDA("VEERG 2026:5.5.2.3 Constant Parameters")
Name Common_SourceData.Common_SourceData_EFleach_Title: _xlfn.LAMBDA("Emission factor for nitrogen leaching and runoff")
Name Common_SourceData.Common_SourceData_EFleach_Unit: _xlfn.LAMBDA("(kg N2O-N / kg N")
Name Common_SourceData.Common_SourceData_EFleach_Variation: _xlfn.LAMBDA((""))
Name Common_SourceData.Common_SourceData_EFN2O_NIRReference: _xlfn.LAMBDA("")
Name Common_SourceData.Common_SourceData_EFN2O_Source: _xlfn.LAMBDA("VEERG 2026: Table A.2.2.1")
Name Common_SourceData.Common_SourceData_EFN2O_Title: _xlfn.LAMBDA("Nitrous oxide emission factors for inorganic fertiliser application")
Name Common_SourceData.Common_SourceData_EFN2O_Unit: _xlfn.LAMBDA("(kg N2O-N / kg N")
Name Common_SourceData.Common_SourceData_EFPastureRangeAndPaddock_Data: _xlfn.LAMBDA(_xlfn.MAKEARRAY(3, 2, _xlfn.LAMBDA(_xlpm.r,_xlpm.c, INDEX({"Climate zone","EFPRP";"Wet climate zone",0.006;"Dry climate zone",0.002}, _xlpm.r, _xlpm.c))))
Name Common_SourceData.Common_SourceData_EFPastureRangeAndPaddock_NIRReference: _xlfn.LAMBDA("")
Name Common_SourceData.Common_SourceData_EFPastureRangeAndPaddock_Source: _xlfn.LAMBDA("VEERG 2026: Table A.2.2.2")
Name Common_SourceData.Common_SourceData_EFPastureRangeAndPaddock_Title: _xlfn.LAMBDA("Emission factor for urine and dung deposited on pasture, range or paddock")
Name Common_SourceData.Common_SourceData_EFPastureRangeAndPaddock_Unit: _xlfn.LAMBDA("kg N2O - N / kg N")
Name Common_SourceData.Common_SourceData_EFPastureRangeAndPaddock_Variation: _xlfn.LAMBDA("VARIATION FROM SOURCE DATA: Changed 'Dry climate zones' to singular 'Dry climate zone' to aid lookup.")
Name Common_SourceData.Common_SourceData_FracLEACH_Data: _xlfn.LAMBDA(_xlfn.MAKEARRAY(1, 2, _xlfn.LAMBDA(_xlpm.r,_xlpm.c, INDEX({"FracLEACH",0.24}, _xlpm.r, _xlpm.c))))

Sheet Home

Sheet Results
A1: #VALUE! | C1: 4.3 Manure management: Dairy: Results
A3: =HYPERLINK("#'Home'!A1", "Home") -> Home
A4: =HYPERLINK("#'Results'!A1", "Results") -> Results | D4: Emissions breakdown
A6: INPUTS | D6: Scope 1 source | E6: GHG emissions method 1 | F6: GHG emissions method 2 | G6: GHG Unit | H6: CO2-e emissions method 1 | I6: CO2-e emissions method 2 | J6: CO2-e unit
A7: =HYPERLINK("#'Input - Site'!A1", "Site") -> Site | D7: 4.3.1.1-2 Manure methane | E7: ='4.3.1.1-2 Methane'!$E$264 -> 8.1869605 | F7: ='4.3.1.1-2 Methane'!$P$264 -> 8.0754443 | G7: ='4.3.1.1-2 Methane'!$F$264 -> t CH4 | H7: ='4.3.1.1-2 Methane'!$E$269 -> 229.2349 | I7: ='4.3.1.1-2 Methane'!$P$269 -> 226.11244 | J7: ='4.3.1.1-2 Methane'!$F$269 -> t CO2e
A8: =HYPERLINK("#'Input - Dairy'!A1", "Dairy") -> Dairy | D8: 4.3.1.3-4 Manure direct N2O | E8: ='4.3.1.3-4 Direct N20'!$E$280 -> 0.017559969 | F8: ='4.3.1.3-4 Direct N20'!$O$280 -> 0.017559969 | G8: ='4.3.1.3-4 Direct N20'!$F$280 -> t N2O | H8: ='4.3.1.3-4 Direct N20'!$E$285 -> 4.6533917 | I8: ='4.3.1.3-4 Direct N20'!$O$285 -> 4.6533917 | J8: ='4.3.1.3-4 Direct N20'!$F$285 -> t CO2e
D9: 4.3.1.5 Manure atmospheric deposition | E9: ='4.3.1.5 Atmos deposition'!$E$68 -> 0.038269028 | F9: ='4.3.1.5 Atmos deposition'!$P$68 -> 0.038269028 | G9: ='4.3.1.5 Atmos deposition'!$F$68 -> t N2O | H9: ='4.3.1.5 Atmos deposition'!$E$73 -> 10.141292 | I9: ='4.3.1.5 Atmos deposition'!$P$73 -> 10.141292 | J9: ='4.3.1.5 Atmos deposition'!$F$73 -> t CO2e
A10: CALCULATIONS | D10: 4.3.1.6-7 Manure leaching and runoff | E10: ='4.3.1.6-7 Leaching and runoff'!$E$52 -> 0.0020994899 | F10: ='4.3.1.6-7 Leaching and runoff'!$P$52 -> 0.0020994899 | G10: ='4.3.1.6-7 Leaching and runoff'!$F$52 -> t N2O | H10: ='4.3.1.6-7 Leaching and runoff'!$E$57 -> 0.55636482 | I10: ='4.3.1.6-7 Leaching and runoff'!$P$57 -> 0.55636482 | J10: ='4.3.1.6-7 Leaching and runoff'!$F$57 -> t CO2e
A11: =HYPERLINK("#'4.3.1.1-2 Methane'!A1", "4.3.1.1-2 Methane") -> 4.3.1.1-2 Methane | D11: 4.3.1.8 Manure applied to soils | E11: N/A | F11: N/A | H11: N/A | I11: N/A
A12: =HYPERLINK("#'4.3.1.3-4 Direct N20'!A1", "4.3.1.3-4 Direct N2O") -> 4.3.1.3-4 Direct N2O | D12: 4.3.1.9 Soil direct N2O | E12: ='4.3.1.9 Soil direct N2O'!$E$53 -> 0.060451181 | F12: ='4.3.1.9 Soil direct N2O'!$P$53 -> 0.060451181 | G12: ='4.3.1.9 Soil direct N2O'!$F$53 -> t N2O | H12: ='4.3.1.9 Soil direct N2O'!$E$58 -> 16.019563 | I12: ='4.3.1.9 Soil direct N2O'!$P$58 -> 16.019563 | J12: ='4.3.1.9 Soil direct N2O'!$F$58 -> t CO2e
A13: =HYPERLINK("#'4.3.1.5 Atmos Deposition'!A1", "4.3.1.5 Atmospheric deposition") -> 4.3.1.5 Atmospheric deposition | D13: 4.3.1.10-11 Soil atmospheric deposition | E13: ='4.3.1.10-11 Soil Atmos Dep'!$E$45 -> 0.037449507 | F13: ='4.3.1.10-11 Soil Atmos Dep'!$P$45 -> 0.037449507 | G13: ='4.3.1.10-11 Soil Atmos Dep'!$F$45 -> t N2O | H13: ='4.3.1.10-11 Soil Atmos Dep'!$E$50 -> 9.9241193 | I13: ='4.3.1.10-11 Soil Atmos Dep'!$P$50 -> 9.9241193 | J13: ='4.3.1.10-11 Soil Atmos Dep'!$F$50 -> t CO2e
A14: =HYPERLINK("#'4.3.1.6-7 Leaching and runoff'!A1", "4.3.1.6-7 Leaching and runoff") -> 4.3.1.6-7 Leaching and runoff | D14: 4.3.1.12-13 Soil leaching and runoff | E14: ='4.3.1.12-13 Soil leach runoff'!$E$47 -> 0.0066496299 | F14: ='4.3.1.12-13 Soil leach runoff'!$P$47 -> 0.0066496299 | G14: ='4.3.1.12-13 Soil leach runoff'!$F$47 -> t N2O | H14: ='4.3.1.12-13 Soil leach runoff'!$E$52 -> 1.7621519 | I14: ='4.3.1.12-13 Soil leach runoff'!$P$52 -> 1.7621519 | J14: ='4.3.1.12-13 Soil leach runoff'!$F$52 -> t CO2e
A15: =HYPERLINK("#'4.3.1.8 Manure applied to soils'!A1", "4.3.1.8 Manure applied to soils") -> 4.3.1.8 Manure applied to soils | D15: Total | H15: =SUM(H7:H15) -> 272.29178 | I15: =SUM(I7:I15) -> 269.16932 | J15: t CO2e
A16: =HYPERLINK("#'4.3.1.9 Soil direct N2O'!A1", "4.3.1.9 Soil direct N2O") -> 4.3.1.9 Soil direct N2O
A17: =HYPERLINK("#'4.3.1.10-11 Soil Atmos Dep'!A1", "4.3.1.10-11 Soil atm. deposition") -> 4.3.1.10-11 Soil atm. deposition | D17: WARNING: Manure nitrogen that was applied to soils must be accounted for
A18: =HYPERLINK("#'4.3.1.12-13 Soil leach runoff'!A1", "4.3.1.12-13 Soil leach & runoff") -> 4.3.1.12-13 Soil leach & runoff | D18: See the table below for how to account for manure applied to soils for scope 1 and 3.
A20: APPENDICES | D20: Manure nitrogen use | E20: Amount of N in manure | F20: N unit | G20: Emissions allocated to | H20: VEERG Calculation method
A21: =HYPERLINK("#'Constants - Dairy'!A1", "Constants - Dairy") -> Constants - Dairy | D21: Manure nitrogen deposited on farm soils with no other purpose (aka waste) | E21: ='4.3.1.8 Manure applied to soils'!$E$102 -> 6145.7183 | F21: ='4.3.1.8 Manure applied to soils'!$F$102 -> kg N | G21: This feedlot | H21: 5.2.2.1 (1), 5.4.1.3 (1, 2), 5.5.1.1 (1, 3)
A22: =HYPERLINK("#'Constants - Livestock'!A1", "Constants - Livestock") -> Constants - Livestock | D22: Manure nitrogen deposited on farm soils as fertiliser for other farm enterpsies (eg crops) | E22: ='4.3.1.8 Manure applied to soils'!$E$166 -> 3072.8591 | F22: ='4.3.1.8 Manure applied to soils'!$F$166 -> kg N | G22: Crops or pasture that use manure as fertiliser | H22: 5.2.2.1 (1), 5.4.1.3 (1, 2), 5.5.1.1 (1, 3)
A23: =HYPERLINK("#'Constants - Common'!A1", "Constants - Common") -> Constants - Common | D23: Manure nitrogen sold | E23: ='4.3.1.8 Manure applied to soils'!$E$196 -> 3072.8591 | F23: ='4.3.1.8 Manure applied to soils'!$F$196 -> kg N | G23: Scope 3 (downstream) | H23: 15.13.1.1 (1), 5.2.2.1 (1), 5.4.1.3 (1, 2), 5.5.1.1 (1, 3)
A24: =HYPERLINK("#'Acknowledgements'!A1", "Acknowledgements") -> Acknowledgements

Sheet Input - Site
A1: #VALUE! | C1: Input - Site
A3: =HYPERLINK("#'Home'!A1", "Home") -> Home
A4: =HYPERLINK("#'Results'!A1", "Results") -> Results
D5: Your business
A6: INPUTS
A7: =HYPERLINK("#'Input - Site'!A1", "Site") -> Site | D7: Farm name | E7: Test Farms
A8: =HYPERLINK("#'Input - Dairy'!A1", "Dairy") -> Dairy | D8: Reporting entity name | E8: Test Farms Pty Ltd
A10: CALCULATIONS | D10: 💡An 'Emissions accounting period' is a 12 month period where the business can report on the emissions, and is typically the same as the business' financial accounting period.
A11: =HYPERLINK("#'4.3.1.1-2 Methane'!A1", "4.3.1.1-2 Methane") -> 4.3.1.1-2 Methane
A12: =HYPERLINK("#'4.3.1.3-4 Direct N20'!A1", "4.3.1.3-4 Direct N2O") -> 4.3.1.3-4 Direct N2O | D12: Emissions calculation period start date | E12: 45292 | F12: ← DD/MM/YYYY or DD Month YYYY
A13: =HYPERLINK("#'4.3.1.5 Atmos Deposition'!A1", "4.3.1.5 Atmospheric deposition") -> 4.3.1.5 Atmospheric deposition | D13: Emissions calculation period end date | E13: =DATE(YEAR(E12)+1,MONTH(E12),DAY(E12))-1 -> 45657 | F13: ← Automatically calculated, 12 months after start date
A14: =HYPERLINK("#'4.3.1.6-7 Leaching and runoff'!A1", "4.3.1.6-7 Leaching and runoff") -> 4.3.1.6-7 Leaching and runoff
A15: =HYPERLINK("#'4.3.1.8 Manure applied to soils'!A1", "4.3.1.8 Manure applied to soils") -> 4.3.1.8 Manure applied to soils
A16: =HYPERLINK("#'4.3.1.9 Soil direct N2O'!A1", "4.3.1.9 Soil direct N2O") -> 4.3.1.9 Soil direct N2O | D16: Location and climate
A17: =HYPERLINK("#'4.3.1.10-11 Soil Atmos Dep'!A1", "4.3.1.10-11 Soil atm. deposition") -> 4.3.1.10-11 Soil atm. deposition
A18: =HYPERLINK("#'4.3.1.12-13 Soil leach runoff'!A1", "4.3.1.12-13 Soil leach & runoff") -> 4.3.1.12-13 Soil leach & runoff | D18: Location information is used to reference some region and climate-specific emission factors
D19: Tip: Use the web-based GAF Location Helper tool to easily get region and climate information. You will need an internet connection to use the GAF Location Helper.
A20: APPENDICES
A21: =HYPERLINK("#'Constants - Dairy'!A1", "Constants - Dairy") -> Constants - Dairy | D21: State | E21: New South Wales | F21: ← Please select
A22: =HYPERLINK("#'Constants - Livestock'!A1", "Constants - Livestock") -> Constants - Livestock | D22: Region (ABS Statistical area level 4) if state is WA | E22: Western Australia - Outback (South) | F22: ← Please select
A23: =HYPERLINK("#'Constants - Common'!A1", "Constants - Common") -> Constants - Common | D23: Leaching zone | E23: NO - Not in leaching zone | F23: ← Please select
A24: =HYPERLINK("#'Acknowledgements'!A1", "Acknowledgements") -> Acknowledgements | D24: Elevation | E24: 307.7 | F24: Meters
D25: Average temperature for reporting period | E25: 18 | F25: Degrees celsius
D26: Total rainfall for reporting period | E26: 601 | F26: Millimetres
D27: Potential evapotranspiration for reporting period | E27: 1326 | F27: Millimetres
D28: Number of frost days for reporting period | E28: 7 | F28: Days
D29: MAP:PET ratio | E29: =E26/E27 -> 0.45324284
D30: Rainfall zone | E30: =Common_InputFunctions.Utility_LookupItemFromMinMax(E26,Table_SourceData_RainfallZones[Min rainfall],Table_SourceData_RainfallZones[Max rainfall],Table_SourceData_RainfallZones[Rainfall Zone]) -> High rainfall
D31: Climate zone | E31: =Common_InputFunctions.Utility_GetClimateZone(E25,E26,E28,E24,E29,Table_SourceData_ClimateZones[Min temp],Table_SourceData_ClimateZones[Max temp],Table_SourceData_ClimateZones[Min rainfall],Table_SourceData_ClimateZones[Max rainfall],Table_SourceData_ClimateZones[Min frost days],Table_SourceData_ClimateZones[Max frost days],Table_SourceData_ClimateZones[Min elevation],Table_SourceData_ClimateZones[Max elevation],Table_SourceData_ClimateZones[Min MAP:PET],Table_SourceData_ClimateZones[Max MAP:PET],Table_SourceData_ClimateZones[Climate zone]) -> Warm temperate dry
D32: Wet or dry climate zone | E32: =Common_InputFunctions.Utility_LookupValueInTable($E$31,Table_SourceData_WetDryZones[Climate zone],Table_SourceData_WetDryZones[Wet or Dry Zone]) -> Dry climate zone
D33: Temperature zone | E33: =Common_InputFunctions.Utility_LookupItemFromMinMax(E25,Table_SourceData_TemperatureZones[Min MAT],Table_SourceData_TemperatureZones[Max MAT],Table_SourceData_TemperatureZones[Temperature Zone]) -> Temperate

Sheet Input - Dairy
A1: #VALUE! | C1: Input -Dairy
A3: =HYPERLINK("#'Home'!A1", "Home") -> Home
A4: =HYPERLINK("#'Results'!A1", "Results") -> Results
D5: Herd movement
A6: INPUTS
A7: =HYPERLINK("#'Input - Site'!A1", "Site") -> Site | D7: Breed | E7: Medium Friesian | F7: ← Please select
A8: =HYPERLINK("#'Input - Dairy'!A1", "Dairy") -> Dairy
E9: Milking cows | F9: Heifers > 1 year | G9: Heifers < 1 year | H9: Bulls > 1 year | I9: Bulls < 1 year
A10: CALCULATIONS | D10: ="Average number of head between " & TEXT('Input - Site'!$E$12, "dd mmm yy") & " and " & TEXT('Input - Site'!$E$13, "dd mmm yy") -> Average number of head between 01 Jan 24 and 31 Dec 24 | E10: 100 | F10: 100 | G10: 100 | H10: 100 | I10: 100 | J10: head
A11: =HYPERLINK("#'4.3.1.1-2 Methane'!A1", "4.3.1.1-2 Methane") -> 4.3.1.1-2 Methane
A12: =HYPERLINK("#'4.3.1.3-4 Direct N20'!A1", "4.3.1.3-4 Direct N2O") -> 4.3.1.3-4 Direct N2O | D12: Liveweight
A13: =HYPERLINK("#'4.3.1.5 Atmos Deposition'!A1", "4.3.1.5 Atmospheric deposition") -> 4.3.1.5 Atmospheric deposition | D13: Method 1 default values (Do not edit) | E13: Milking cows | F13: Heifers > 1 year | G13: Heifers < 1 year | H13: Bulls > 1 year | I13: Bulls < 1 year
A14: =HYPERLINK("#'4.3.1.6-7 Leaching and runoff'!A1", "4.3.1.6-7 Leaching and runoff") -> 4.3.1.6-7 Leaching and runoff | D14: Average liveweight | E14: {=Common_InputFunctions.Utility_LookupValueInTableNumber($E$7, Table_SourceData_Dairy_WjCowsHeifers[Breed],Table_SourceData_Dairy_WjCowsHeifers[Milking cows])} -> 550 | F14: {=Common_InputFunctions.Utility_LookupValueInTableNumber($E$7, Table_SourceData_Dairy_WjCowsHeifers[Breed],Table_SourceData_Dairy_WjCowsHeifers[Heifers > 1])} -> 380 | G14: {=Common_InputFunctions.Utility_LookupValueInTableNumber($E$7, Table_SourceData_Dairy_WjCowsHeifers[Breed],Table_SourceData_Dairy_WjCowsHeifers[Heifers < 1 (weaned)])} -> 155 | H14: {=Table_SourceData_Dairy_WjBulls[Bulls > 1]} -> 600 | I14: {=Table_SourceData_Dairy_WjBulls[Bulls < 1 (weaned)]} -> 225 | J14: kg/head
A15: =HYPERLINK("#'4.3.1.8 Manure applied to soils'!A1", "4.3.1.8 Manure applied to soils") -> 4.3.1.8 Manure applied to soils | D15: Average liveweight gain | E15: {=Table_SourceData_Dairy_LWGj[Milking cows]} -> 0.016 | F15: {=Table_SourceData_Dairy_LWGj[Heifers > 1]} -> 0.6 | G15: {=Table_SourceData_Dairy_LWGj[Heifers < 1 (weaned)]} -> 0.57 | H15: {=Table_SourceData_Dairy_LWGj[Bulls > 1]} -> 0.1 | I15: {=Table_SourceData_Dairy_LWGj[Bulls < 1 (weaned)]} -> 0.8 | J15: kg/head/day
A16: =HYPERLINK("#'4.3.1.9 Soil direct N2O'!A1", "4.3.1.9 Soil direct N2O") -> 4.3.1.9 Soil direct N2O
A17: =HYPERLINK("#'4.3.1.10-11 Soil Atmos Dep'!A1", "4.3.1.10-11 Soil atm. deposition") -> 4.3.1.10-11 Soil atm. deposition | D17: Method 2 custom values (Edit if known) | E17: Milking cows | F17: Heifers > 1 year | G17: Heifers < 1 year | H17: Bulls > 1 year | I17: Bulls < 1 year
A18: =HYPERLINK("#'4.3.1.12-13 Soil leach runoff'!A1", "4.3.1.12-13 Soil leach & runoff") -> 4.3.1.12-13 Soil leach & runoff | D18: Average liveweight | E18: {=Common_InputFunctions.Utility_LookupValueInTableNumber($E$7, Table_SourceData_Dairy_WjCowsHeifers[Breed],Table_SourceData_Dairy_WjCowsHeifers[Milking cows])} -> 550 | F18: {=Common_InputFunctions.Utility_LookupValueInTableNumber($E$7, Table_SourceData_Dairy_WjCowsHeifers[Breed],Table_SourceData_Dairy_WjCowsHeifers[Heifers > 1])} -> 380 | G18: {=Common_InputFunctions.Utility_LookupValueInTableNumber($E$7, Table_SourceData_Dairy_WjCowsHeifers[Breed],Table_SourceData_Dairy_WjCowsHeifers[Heifers < 1 (weaned)])} -> 155 | H18: {=Table_SourceData_Dairy_WjBulls[Bulls > 1]} -> 600 | I18: {=Table_SourceData_Dairy_WjBulls[Bulls < 1 (weaned)]} -> 225 | J18: kg/head
D19: Average liveweight gain | E19: {=Table_SourceData_Dairy_LWGj[Milking cows]} -> 0.016 | F19: {=Table_SourceData_Dairy_LWGj[Heifers > 1]} -> 0.6 | G19: {=Table_SourceData_Dairy_LWGj[Heifers < 1 (weaned)]} -> 0.57 | H19: {=Table_SourceData_Dairy_LWGj[Bulls > 1]} -> 0.1 | I19: {=Table_SourceData_Dairy_LWGj[Bulls < 1 (weaned)]} -> 0.8 | J19: kg/head/day
A20: APPENDICES
A21: =HYPERLINK("#'Constants - Dairy'!A1", "Constants - Dairy") -> Constants - Dairy | D21: Duration of stay
A22: =HYPERLINK("#'Constants - Livestock'!A1", "Constants - Livestock") -> Constants - Livestock
A23: =HYPERLINK("#'Constants - Common'!A1", "Constants - Common") -> Constants - Common | D23: Method 1 default values (Do not edit) | E23: Milking cows | F23: Heifers > 1 year | G23: Heifers < 1 year | H23: Bulls > 1 year | I23: Bulls < 1 year
A24: =HYPERLINK("#'Acknowledgements'!A1", "Acknowledgements") -> Acknowledgements | D24: ="Average duration of stay between " & TEXT('Input - Site'!$E$12, "dd mmm yy") & " and " & TEXT('Input - Site'!$E$13, "dd mmm yy") & " weaned livestock" -> Average duration of stay between 01 Jan 24 and 31 Dec 24 weaned livestock | E24: {=Common_InputFunctions.Utility_LookupValueInTableNumber(E23,Table_SourceData_Dairy_Duration[Animal class j],Table_SourceData_Dairy_Duration[Duration (weaned)])} -> 365 | F24: {=Common_InputFunctions.Utility_LookupValueInTableNumber(F23,Table_SourceData_Dairy_Duration[Animal class j],Table_SourceData_Dairy_Duration[Duration (weaned)])} -> 365 | G24: {=Common_InputFunctions.Utility_LookupValueInTableNumber(G23,Table_SourceData_Dairy_Duration[Animal class j],Table_SourceData_Dairy_Duration[Duration (weaned)])} -> 281 | H24: {=Common_InputFunctions.Utility_LookupValueInTableNumber(H23,Table_SourceData_Dairy_Duration[Animal class j],Table_SourceData_Dairy_Duration[Duration (weaned)])} -> 365 | I24: {=Common_InputFunctions.Utility_LookupValueInTableNumber(I23,Table_SourceData_Dairy_Duration[Animal class j],Table_SourceData_Dairy_Duration[Duration (weaned)])} -> 281 | J24: Days
D25: ="Average duration of stay between " & TEXT('Input - Site'!$E$12, "dd mmm yy") & " and " & TEXT('Input - Site'!$E$13, "dd mmm yy") & " pre-weaned livestock" -> Average duration of stay between 01 Jan 24 and 31 Dec 24 pre-weaned livestock | E25: {=Common_InputFunctions.Utility_LookupValueInTableNumber(E23,Table_SourceData_Dairy_Duration[Animal class j],Table_SourceData_Dairy_Duration[Duration (pre-weaned)])} -> 0 | F25: {=Common_InputFunctions.Utility_LookupValueInTableNumber(F23,Table_SourceData_Dairy_Duration[Animal class j],Table_SourceData_Dairy_Duration[Duration (pre-weaned)])} -> 0 | G25: {=Common_InputFunctions.Utility_LookupValueInTableNumber(G23,Table_SourceData_Dairy_Duration[Animal class j],Table_SourceData_Dairy_Duration[Duration (pre-weaned)])} -> 84 | H25: {=Common_InputFunctions.Utility_LookupValueInTableNumber(H23,Table_SourceData_Dairy_Duration[Animal class j],Table_SourceData_Dairy_Duration[Duration (pre-weaned)])} -> 0 | I25: {=Common_InputFunctions.Utility_LookupValueInTableNumber(I23,Table_SourceData_Dairy_Duration[Animal class j],Table_SourceData_Dairy_Duration[Duration (pre-weaned)])} -> 84 | J25: Days
D27: Method 2 custom values (Edit if known) | E27: Milking cows | F27: Heifers > 1 year | G27: Heifers < 1 year | H27: Bulls > 1 year | I27: Bulls < 1 year
D28: ="Average duration of stay between " & TEXT('Input - Site'!$E$12, "dd mmm yy") & " and " & TEXT('Input - Site'!$E$13, "dd mmm yy") & " weaned livestock" -> Average duration of stay between 01 Jan 24 and 31 Dec 24 weaned livestock | E28: {=Common_InputFunctions.Utility_LookupValueInTableNumber(E27,Table_SourceData_Dairy_Duration[Animal class j],Table_SourceData_Dairy_Duration[Duration (weaned)])} -> 365 | F28: {=Common_InputFunctions.Utility_LookupValueInTableNumber(F27,Table_SourceData_Dairy_Duration[Animal class j],Table_SourceData_Dairy_Duration[Duration (weaned)])} -> 365 | G28: {=Common_InputFunctions.Utility_LookupValueInTableNumber(G27,Table_SourceData_Dairy_Duration[Animal class j],Table_SourceData_Dairy_Duration[Duration (weaned)])} -> 281 | H28: {=Common_InputFunctions.Utility_LookupValueInTableNumber(H27,Table_SourceData_Dairy_Duration[Animal class j],Table_SourceData_Dairy_Duration[Duration (weaned)])} -> 365 | I28: {=Common_InputFunctions.Utility_LookupValueInTableNumber(I27,Table_SourceData_Dairy_Duration[Animal class j],Table_SourceData_Dairy_Duration[Duration (weaned)])} -> 281 | J28: Days
D29: ="Average duration of stay between " & TEXT('Input - Site'!$E$12, "dd mmm yy") & " and " & TEXT('Input - Site'!$E$13, "dd mmm yy") & " pre-weaned livestock" -> Average duration of stay between 01 Jan 24 and 31 Dec 24 pre-weaned livestock | E29: =365-E28 -> 0 | F29: =365-F28 -> 0 | G29: =365-G28 -> 84 | H29: =365-H28 -> 0 | I29: =365-I28 -> 84 | J29: Days
D32: Diet
D34: Method 1 default values (Do not edit) | E34: Milking cows | F34: Heifers > 1 year | G34: Heifers < 1 year | H34: Bulls > 1 year | I34: Bulls < 1 year
D35: Dry matter intake | E35: {=Common_InputFunctions.Utility_LookupValueInTableNumber(E34,Table_SourceData_Dairy_Duration[Animal class j],Table_SourceData_Dairy_Duration[Duration (weaned)])} -> 365 | F35: {=Common_InputFunctions.Utility_LookupValueInTableNumber(F34,Table_SourceData_Dairy_Duration[Animal class j],Table_SourceData_Dairy_Duration[Duration (weaned)])} -> 365 | G35: {=Common_InputFunctions.Utility_LookupValueInTableNumber(G34,Table_SourceData_Dairy_Duration[Animal class j],Table_SourceData_Dairy_Duration[Duration (weaned)])} -> 281 | H35: {=Common_InputFunctions.Utility_LookupValueInTableNumber(H34,Table_SourceData_Dairy_Duration[Animal class j],Table_SourceData_Dairy_Duration[Duration (weaned)])} -> 365 | I35: {=Common_InputFunctions.Utility_LookupValueInTableNumber(I34,Table_SourceData_Dairy_Duration[Animal class j],Table_SourceData_Dairy_Duration[Duration (weaned)])} -> 281 | J35: kgDM/head/day
D36: Dry matter digestibility | E36: ='Constants - Dairy'!$D$160 -> 0.75 | F36: ='Constants - Dairy'!$D$160 -> 0.75 | G36: ='Constants - Dairy'!$D$160 -> 0.75 | H36: ='Constants - Dairy'!$D$160 -> 0.75 | I36: ='Constants - Dairy'!$D$160 -> 0.75 | J36: Fraction
D37: Crude protein | E37: ='Constants - Dairy'!$D$153 -> 0.2 | F37: ='Constants - Dairy'!$D$153 -> 0.2 | G37: ='Constants - Dairy'!$D$153 -> 0.2 | H37: ='Constants - Dairy'!$D$153 -> 0.2 | I37: ='Constants - Dairy'!$D$153 -> 0.2 | J37: Fraction
D39: Method 2 custom values (Edit if known) | E39: Milking cows | F39: Heifers > 1 year | G39: Heifers < 1 year | H39: Bulls > 1 year | I39: Bulls < 1 year
D40: Dry matter intake | E40: {=Common_InputFunctions.Utility_LookupValueInTableNumber(E39,Table_SourceData_Dairy_Duration[Animal class j],Table_SourceData_Dairy_Duration[Duration (weaned)])} -> 365 | F40: {=Common_InputFunctions.Utility_LookupValueInTableNumber(F39,Table_SourceData_Dairy_Duration[Animal class j],Table_SourceData_Dairy_Duration[Duration (weaned)])} -> 365 | G40: {=Common_InputFunctions.Utility_LookupValueInTableNumber(G39,Table_SourceData_Dairy_Duration[Animal class j],Table_SourceData_Dairy_Duration[Duration (weaned)])} -> 281 | H40: {=Common_InputFunctions.Utility_LookupValueInTableNumber(H39,Table_SourceData_Dairy_Duration[Animal class j],Table_SourceData_Dairy_Duration[Duration (weaned)])} -> 365 | I40: {=Common_InputFunctions.Utility_LookupValueInTableNumber(I39,Table_SourceData_Dairy_Duration[Animal class j],Table_SourceData_Dairy_Duration[Duration (weaned)])} -> 281 | J40: kgDM/head/day
D41: Dry matter digestibility | E41: 0.75 | F41: 0.75 | G41: 0.75 | H41: 0.75 | I41: 0.75 | J41: Fraction
D42: Crude protein | E42: 0.2 | F42: 0.2 | G42: 0.2 | H42: 0.2 | I42: 0.2 | J42: Fraction
D44: Milk production
E45: Milking cows
D46: Average daily milk production | E46: 44 | F46: litres/head/day
D48: Production systems
D49: Time spent in production systems
D50: Production system template | E50: System 3: Pasture-grazed 3-9 months/year | F50: ← Please select
D52: Method 1 default values (Do not edit) | E52: Milking cows | F52: Heifers > 1 year | G52: Heifers < 1 year | H52: Bulls > 1 year | I52: Bulls < 1 year
D53: Pasture | E53: {=Common_InputFunctions.Utility_LookupValueInTableNumber($E$50, Table_SourceData_Dairy_ProductionSystemTemplates[Area],Table_SourceData_Dairy_ProductionSystemTemplates[Pasture])} -> 0.534 | F53: {=Common_InputFunctions.Utility_LookupValueInTableNumber($E$50, Table_SourceData_Dairy_ProductionSystemTemplates[Area],Table_SourceData_Dairy_ProductionSystemTemplates[Pasture])} -> 0.534 | G53: {=Common_InputFunctions.Utility_LookupValueInTableNumber($E$50, Table_SourceData_Dairy_ProductionSystemTemplates[Area],Table_SourceData_Dairy_ProductionSystemTemplates[Pasture])} -> 0.534 | H53: {=Common_InputFunctions.Utility_LookupValueInTableNumber($E$50, Table_SourceData_Dairy_ProductionSystemTemplates[Area],Table_SourceData_Dairy_ProductionSystemTemplates[Pasture])} -> 0.534 | I53: {=Common_InputFunctions.Utility_LookupValueInTableNumber($E$50, Table_SourceData_Dairy_ProductionSystemTemplates[Area],Table_SourceData_Dairy_ProductionSystemTemplates[Pasture])} -> 0.534 | J53: Percent
D54: Milking shed | E54: {=Common_InputFunctions.Utility_LookupValueInTableNumber($E$50, Table_SourceData_Dairy_ProductionSystemTemplates[Area],Table_SourceData_Dairy_ProductionSystemTemplates[Milking shed])} -> 0.11 | F54: {=Common_InputFunctions.Utility_LookupValueInTableNumber($E$50, Table_SourceData_Dairy_ProductionSystemTemplates[Area],Table_SourceData_Dairy_ProductionSystemTemplates[Milking shed])} -> 0.11 | G54: {=Common_InputFunctions.Utility_LookupValueInTableNumber($E$50, Table_SourceData_Dairy_ProductionSystemTemplates[Area],Table_SourceData_Dairy_ProductionSystemTemplates[Milking shed])} -> 0.11 | H54: {=Common_InputFunctions.Utility_LookupValueInTableNumber($E$50, Table_SourceData_Dairy_ProductionSystemTemplates[Area],Table_SourceData_Dairy_ProductionSystemTemplates[Milking shed])} -> 0.11 | I54: {=Common_InputFunctions.Utility_LookupValueInTableNumber($E$50, Table_SourceData_Dairy_ProductionSystemTemplates[Area],Table_SourceData_Dairy_ProductionSystemTemplates[Milking shed])} -> 0.11 | J54: Percent
D55: Feed pad | E55: {=Common_InputFunctions.Utility_LookupValueInTableNumber($E$50, Table_SourceData_Dairy_ProductionSystemTemplates[Area],Table_SourceData_Dairy_ProductionSystemTemplates[Feedpad])} -> 0.356 | F55: {=Common_InputFunctions.Utility_LookupValueInTableNumber($E$50, Table_SourceData_Dairy_ProductionSystemTemplates[Area],Table_SourceData_Dairy_ProductionSystemTemplates[Feedpad])} -> 0.356 | G55: {=Common_InputFunctions.Utility_LookupValueInTableNumber($E$50, Table_SourceData_Dairy_ProductionSystemTemplates[Area],Table_SourceData_Dairy_ProductionSystemTemplates[Feedpad])} -> 0.356 | H55: {=Common_InputFunctions.Utility_LookupValueInTableNumber($E$50, Table_SourceData_Dairy_ProductionSystemTemplates[Area],Table_SourceData_Dairy_ProductionSystemTemplates[Feedpad])} -> 0.356 | I55: {=Common_InputFunctions.Utility_LookupValueInTableNumber($E$50, Table_SourceData_Dairy_ProductionSystemTemplates[Area],Table_SourceData_Dairy_ProductionSystemTemplates[Feedpad])} -> 0.356 | J55: Percent
D57: Method 2 custom values (Edit if known) | E57: Milking cows | F57: Heifers > 1 year | G57: Heifers < 1 year | H57: Bulls > 1 year | I57: Bulls < 1 year
D58: Pasture | E58: {=Common_InputFunctions.Utility_LookupValueInTableNumber($E$50, Table_SourceData_Dairy_ProductionSystemTemplates[Area],Table_SourceData_Dairy_ProductionSystemTemplates[Pasture])} -> 0.534 | F58: {=Common_InputFunctions.Utility_LookupValueInTableNumber($E$50, Table_SourceData_Dairy_ProductionSystemTemplates[Area],Table_SourceData_Dairy_ProductionSystemTemplates[Pasture])} -> 0.534 | G58: {=Common_InputFunctions.Utility_LookupValueInTableNumber($E$50, Table_SourceData_Dairy_ProductionSystemTemplates[Area],Table_SourceData_Dairy_ProductionSystemTemplates[Pasture])} -> 0.534 | H58: {=Common_InputFunctions.Utility_LookupValueInTableNumber($E$50, Table_SourceData_Dairy_ProductionSystemTemplates[Area],Table_SourceData_Dairy_ProductionSystemTemplates[Pasture])} -> 0.534 | I58: {=Common_InputFunctions.Utility_LookupValueInTableNumber($E$50, Table_SourceData_Dairy_ProductionSystemTemplates[Area],Table_SourceData_Dairy_ProductionSystemTemplates[Pasture])} -> 0.534 | J58: Percent
D59: Milking shed | E59: {=Common_InputFunctions.Utility_LookupValueInTableNumber($E$50, Table_SourceData_Dairy_ProductionSystemTemplates[Area],Table_SourceData_Dairy_ProductionSystemTemplates[Milking shed])} -> 0.11 | F59: {=Common_InputFunctions.Utility_LookupValueInTableNumber($E$50, Table_SourceData_Dairy_ProductionSystemTemplates[Area],Table_SourceData_Dairy_ProductionSystemTemplates[Milking shed])} -> 0.11 | G59: {=Common_InputFunctions.Utility_LookupValueInTableNumber($E$50, Table_SourceData_Dairy_ProductionSystemTemplates[Area],Table_SourceData_Dairy_ProductionSystemTemplates[Milking shed])} -> 0.11 | H59: {=Common_InputFunctions.Utility_LookupValueInTableNumber($E$50, Table_SourceData_Dairy_ProductionSystemTemplates[Area],Table_SourceData_Dairy_ProductionSystemTemplates[Milking shed])} -> 0.11 | I59: {=Common_InputFunctions.Utility_LookupValueInTableNumber($E$50, Table_SourceData_Dairy_ProductionSystemTemplates[Area],Table_SourceData_Dairy_ProductionSystemTemplates[Milking shed])} -> 0.11 | J59: Percent
D60: Feed pad | E60: {=Common_InputFunctions.Utility_LookupValueInTableNumber($E$50, Table_SourceData_Dairy_ProductionSystemTemplates[Area],Table_SourceData_Dairy_ProductionSystemTemplates[Feedpad])} -> 0.356 | F60: {=Common_InputFunctions.Utility_LookupValueInTableNumber($E$50, Table_SourceData_Dairy_ProductionSystemTemplates[Area],Table_SourceData_Dairy_ProductionSystemTemplates[Feedpad])} -> 0.356 | G60: {=Common_InputFunctions.Utility_LookupValueInTableNumber($E$50, Table_SourceData_Dairy_ProductionSystemTemplates[Area],Table_SourceData_Dairy_ProductionSystemTemplates[Feedpad])} -> 0.356 | H60: {=Common_InputFunctions.Utility_LookupValueInTableNumber($E$50, Table_SourceData_Dairy_ProductionSystemTemplates[Area],Table_SourceData_Dairy_ProductionSystemTemplates[Feedpad])} -> 0.356 | I60: {=Common_InputFunctions.Utility_LookupValueInTableNumber($E$50, Table_SourceData_Dairy_ProductionSystemTemplates[Area],Table_SourceData_Dairy_ProductionSystemTemplates[Feedpad])} -> 0.356 | J60: Percent
D63: Manure management systems
D64: ="From " & $D$54 -> From Milking shed
D66: Stage 1 MMS | E66: Milking cows | F66: Heifers > 1 year | G66: Heifers < 1 year | H66: Bulls > 1 year | I66: Bulls < 1 year
D67: ='Constants - Dairy'!$D$8 -> Anaerobic lagoon | E67: 0.25 | F67: 0.25 | G67: 0.25 | H67: 0.25 | I67: 0.25 | J67: Percent
D68: ="Were solids separated from " & $D$67 & "?" -> Were solids separated from Anaerobic lagoon? | E68: Yes | F68: ← Please select
D69: ="Percent solids separated from " & $D$67 & " (Method 1 - Do not edit)" -> Percent solids separated from Anaerobic lagoon (Method 1 - Do not edit) | E69: 0.2 | F69: Percent
D70: ="Percent solids separated from " & $D$67 & " (Method 2 - Edit if known)" -> Percent solids separated from Anaerobic lagoon (Method 2 - Edit if known) | E70: 0.2 | F70: Percent
D72: ='Constants - Dairy'!$D$9 -> Sump and dispersal system | E72: 0.25 | F72: 0.25 | G72: 0.25 | H72: 0.25 | I72: 0.25 | J72: Percent
D73: ="Were solids separated from " & $D$72 & "?" -> Were solids separated from Sump and dispersal system? | E73: Yes | F73: ← Please select
D74: ="Percent solids separated from " & $D$72 & " (Method 1 - Do not edit)" -> Percent solids separated from Sump and dispersal system (Method 1 - Do not edit) | E74: 0.2 | F74: Percent
D75: ="Percent solids separated from " & $D$72 & " (Method 2 - Edit if known)" -> Percent solids separated from Sump and dispersal system (Method 2 - Edit if known) | E75: 0.2 | F75: Percent
D77: ='Constants - Dairy'!$D$10 -> Drains to paddock | E77: 0.25 | F77: 0.25 | G77: 0.25 | H77: 0.25 | I77: 0.25 | J77: Percent
D78: ="Were solids separated from " & $D$77 & "?" -> Were solids separated from Drains to paddock? | E78: Yes | F78: ← Please select
D79: ="Percent solids separated from " & $D$77 & " (Method 1 - Do not edit)" -> Percent solids separated from Drains to paddock (Method 1 - Do not edit) | E79: 0.2 | F79: Percent
D80: ="Percent solids separated from " & $D$77 & " (Method 2 - Edit if known)" -> Percent solids separated from Drains to paddock (Method 2 - Edit if known) | E80: 0.2 | F80: Percent
D82: ='Constants - Dairy'!$D$11 -> Solid storage | E82: 0.25 | F82: 0.25 | G82: 0.25 | H82: 0.25 | I82: 0.25 | J82: Percent
D83: ="Perecnt separated from " & $D$67 & " (Method 1)" -> Perecnt separated from Anaerobic lagoon (Method 1) | E83: =E67*$E$69 -> 0.05 | F83: =F67*$E$69 -> 0.05 | G83: =G67*$E$69 -> 0.05 | H83: =H67*$E$69 -> 0.05 | I83: =I67*$E$69 -> 0.05 | J83: Percent
D84: ="Perecnt separated from " & $D$72 & " (Method 1)" -> Perecnt separated from Sump and dispersal system (Method 1) | E84: =E72*$E$74 -> 0.05 | F84: =F72*$E$74 -> 0.05 | G84: =G72*$E$74 -> 0.05 | H84: =H72*$E$74 -> 0.05 | I84: =I72*$E$74 -> 0.05 | J84: Percent
D85: ="Perecnt separated from " & $D$77 & " (Method 1)" -> Perecnt separated from Drains to paddock (Method 1) | E85: =E77*$E$79 -> 0.05 | F85: =F77*$E$79 -> 0.05 | G85: =G77*$E$79 -> 0.05 | H85: =H77*$E$79 -> 0.05 | I85: =I77*$E$79 -> 0.05 | J85: Percent
D86: Total percent sent to solid storage (Method 1) | E86: =E$82+SUM(E83:E85) -> 0.4 | F86: =F$82+SUM(F83:F85) -> 0.4 | G86: =G$82+SUM(G83:G85) -> 0.4 | H86: =H$82+SUM(H83:H85) -> 0.4 | I86: =I$82+SUM(I83:I85) -> 0.4 | J86: Percent
D88: Total manure sent to MMS (Must equal 100%) (Method 1) | E88: =(E67-(E67*$E$69))+(E72-(E72*$E$74))+(E77-(E77*$E$79))+E86 -> 1 | F88: =(F67-(F67*$E$69))+(F72-(F72*$E$74))+(F77-(F77*$E$79))+F86 -> 1 | G88: =(G67-(G67*$E$69))+(G72-(G72*$E$74))+(G77-(G77*$E$79))+G86 -> 1 | H88: =(H67-(H67*$E$69))+(H72-(H72*$E$74))+(H77-(H77*$E$79))+H86 -> 1 | I88: =(I67-(I67*$E$69))+(I72-(I72*$E$74))+(I77-(I77*$E$79))+I86 -> 1 | J88: Percent
D90: ="Perecnt separated from " & $D$67 & " (Method 2)" -> Perecnt separated from Anaerobic lagoon (Method 2) | E90: =E67*$E$70 -> 0.05 | F90: =F67*$E$70 -> 0.05 | G90: =G67*$E$70 -> 0.05 | H90: =H67*$E$70 -> 0.05 | I90: =I67*$E$70 -> 0.05 | J90: Percent
D91: ="Perecnt separated from " & $D$72 & " (Method 2)" -> Perecnt separated from Sump and dispersal system (Method 2) | E91: =E72*$E$75 -> 0.05 | F91: =F72*$E$75 -> 0.05 | G91: =G72*$E$75 -> 0.05 | H91: =H72*$E$75 -> 0.05 | I91: =I72*$E$75 -> 0.05 | J91: Percent
D92: ="Perecnt separated from " & $D$77 & " (Method 2)" -> Perecnt separated from Drains to paddock (Method 2) | E92: =E77*$E$80 -> 0.05 | F92: =F77*$E$80 -> 0.05 | G92: =G77*$E$80 -> 0.05 | H92: =H77*$E$80 -> 0.05 | I92: =I77*$E$80 -> 0.05 | J92: Percent
D93: Total percent sent to solid storage (Method 2) | E93: =E$82+SUM(E90:E92) -> 0.4 | F93: =F$82+SUM(F90:F92) -> 0.4 | G93: =G$82+SUM(G90:G92) -> 0.4 | H93: =H$82+SUM(H90:H92) -> 0.4 | I93: =I$82+SUM(I90:I92) -> 0.4 | J93: Percent
D95: Total manure sent to MMS (Must equal 100%) (Method 2) | E95: =(E67-(E67*$E$70))+(E72-(E72*$E$75))+(E77-(E77*$E$80))+E93 -> 1 | F95: =(F67-(F67*$E$70))+(F72-(F72*$E$75))+(F77-(F77*$E$80))+F93 -> 1 | G95: =(G67-(G67*$E$70))+(G72-(G72*$E$75))+(G77-(G77*$E$80))+G93 -> 1 | H95: =(H67-(H67*$E$70))+(H72-(H72*$E$75))+(H77-(H77*$E$80))+H93 -> 1 | I95: =(I67-(I67*$E$70))+(I72-(I72*$E$75))+(I77-(I77*$E$80))+I93 -> 1 | J95: Percent
D98: ="From " & $D$55 -> From Feed pad
D100: Stage 1 MMS | E100: Milking cows | F100: Heifers > 1 year | G100: Heifers < 1 year | H100: Bulls > 1 year | I100: Bulls < 1 year
D101: ='Constants - Dairy'!$D$8 -> Anaerobic lagoon | E101: 0.25 | F101: 0.25 | G101: 0.25 | H101: 0.25 | I101: 0.25 | J101: Percent
D102: ="Were solids separated from " & $D$67 & "?" -> Were solids separated from Anaerobic lagoon? | E102: No | F102: ← Please select
D103: ="Percent solids separated from " & $D$67 & " (Method 1 - Do not edit)" -> Percent solids separated from Anaerobic lagoon (Method 1 - Do not edit) | E103: =IF(E102="Yes", 20%, 0) -> 0 | F103: Percent
D104: ="Percent solids separated from " & $D$67 & " (Method 2 - Edit if known)" -> Percent solids separated from Anaerobic lagoon (Method 2 - Edit if known) | E104: =IF(E102="Yes", 20%, 0) -> 0 | F104: Percent
D106: ='Constants - Dairy'!$D$9 -> Sump and dispersal system | E106: 0.25 | F106: 0.25 | G106: 0.25 | H106: 0.25 | I106: 0.25 | J106: Percent
D107: ="Were solids separated from " & $D$72 & "?" -> Were solids separated from Sump and dispersal system? | E107: Yes | F107: ← Please select
D108: ="Percent solids separated from " & $D$72 & " (Method 1 - Do not edit)" -> Percent solids separated from Sump and dispersal system (Method 1 - Do not edit) | E108: =IF(E107="Yes", 20%, 0) -> 0.2 | F108: Percent
D109: ="Percent solids separated from " & $D$72 & " (Method 2 - Edit if known)" -> Percent solids separated from Sump and dispersal system (Method 2 - Edit if known) | E109: =IF(E107="Yes", 20%, 0) -> 0.2 | F109: Percent
D111: ='Constants - Dairy'!$D$10 -> Drains to paddock | E111: 0.25 | F111: 0.25 | G111: 0.25 | H111: 0.25 | I111: 0.25 | J111: Percent
D112: ="Were solids separated from " & $D$77 & "?" -> Were solids separated from Drains to paddock? | E112: Yes | F112: ← Please select
D113: ="Percent solids separated from " & $D$77 & " (Method 1 - Do not edit)" -> Percent solids separated from Drains to paddock (Method 1 - Do not edit) | E113: =IF(E112="Yes", 20%, 0) -> 0.2 | F113: Percent
D114: ="Percent solids separated from " & $D$77 & " (Method 2 - Edit if known)" -> Percent solids separated from Drains to paddock (Method 2 - Edit if known) | E114: =IF(E112="Yes", 20%, 0) -> 0.2 | F114: Percent
D116: ='Constants - Dairy'!$D$11 -> Solid storage | E116: 0.25 | F116: 0.25 | G116: 0.25 | H116: 0.25 | I116: 0.25 | J116: Percent
D117: ="Perecnt separated from " & $D$67 & " (Method 1)" -> Perecnt separated from Anaerobic lagoon (Method 1) | E117: =E101*$E$103 -> 0 | F117: =F101*$E$103 -> 0 | G117: =G101*$E$103 -> 0 | H117: =H101*$E$103 -> 0 | I117: =I101*$E$103 -> 0 | J117: Percent
D118: ="Perecnt separated from " & $D$72 & " (Method 1)" -> Perecnt separated from Sump and dispersal system (Method 1) | E118: =E106*$E$108 -> 0.05 | F118: =F106*$E$108 -> 0.05 | G118: =G106*$E$108 -> 0.05 | H118: =H106*$E$108 -> 0.05 | I118: =I106*$E$108 -> 0.05 | J118: Percent
D119: ="Perecnt separated from " & $D$77 & " (Method 1)" -> Perecnt separated from Drains to paddock (Method 1) | E119: =E111*$E$113 -> 0.05 | F119: =F111*$E$113 -> 0.05 | G119: =G111*$E$113 -> 0.05 | H119: =H111*$E$113 -> 0.05 | I119: =I111*$E$113 -> 0.05 | J119: Percent
D120: Total percent sent to solid storage (Method 1) | E120: =E$116+SUM(E117:E119) -> 0.35 | F120: =F$116+SUM(F117:F119) -> 0.35 | G120: =G$116+SUM(G117:G119) -> 0.35 | H120: =H$116+SUM(H117:H119) -> 0.35 | I120: =I$116+SUM(I117:I119) -> 0.35 | J120: Percent
D122: Total manure sent to MMS (Must equal 100%) (Method 1) | E122: =(E101-(E101*$E$103))+(E106-(E106*$E$108))+(E111-(E111*$E$113))+E120 -> 1 | F122: =(F101-(F101*$E$103))+(F106-(F106*$E$108))+(F111-(F111*$E$113))+F120 -> 1 | G122: =(G101-(G101*$E$103))+(G106-(G106*$E$108))+(G111-(G111*$E$113))+G120 -> 1 | H122: =(H101-(H101*$E$103))+(H106-(H106*$E$108))+(H111-(H111*$E$113))+H120 -> 1 | I122: =(I101-(I101*$E$103))+(I106-(I106*$E$108))+(I111-(I111*$E$113))+I120 -> 1 | J122: Percent
D124: ="Perecnt separated from " & $D$67 & " (Method 2)" -> Perecnt separated from Anaerobic lagoon (Method 2) | E124: =E101*$E$104 -> 0 | F124: =F101*$E$104 -> 0 | G124: =G101*$E$104 -> 0 | H124: =H101*$E$104 -> 0 | I124: =I101*$E$104 -> 0 | J124: Percent
D125: ="Perecnt separated from " & $D$72 & " (Method 2)" -> Perecnt separated from Sump and dispersal system (Method 2) | E125: =E106*$E$109 -> 0.05 | F125: =F106*$E$109 -> 0.05 | G125: =G106*$E$109 -> 0.05 | H125: =H106*$E$109 -> 0.05 | I125: =I106*$E$109 -> 0.05 | J125: Percent
D126: ="Perecnt separated from " & $D$77 & " (Method 2)" -> Perecnt separated from Drains to paddock (Method 2) | E126: =E111*$E$114 -> 0.05 | F126: =F111*$E$114 -> 0.05 | G126: =G111*$E$114 -> 0.05 | H126: =H111*$E$114 -> 0.05 | I126: =I111*$E$114 -> 0.05 | J126: Percent
D127: Total percent sent to solid storage (Method 2) | E127: =E$116+SUM(E124:E126) -> 0.35 | F127: =F$116+SUM(F124:F126) -> 0.35 | G127: =G$116+SUM(G124:G126) -> 0.35 | H127: =H$116+SUM(H124:H126) -> 0.35 | I127: =I$116+SUM(I124:I126) -> 0.35 | J127: Percent
...

Sheet 4.3.1.1-2 Methane
A1: #VALUE! | C1: 4.3.1.1-2 Manure Methane
A3: =HYPERLINK("#'Home'!A1", "Home") -> Home | D3: Method 1 | O3: Method 2
A4: =HYPERLINK("#'Results'!A1", "Results") -> Results
D5: {=EntericMethane_Dairy_Equations.VEERG_3_3_1_1__6_MetabolisabilityOfDiet_Title()} -> Metabolisability of the diet based on Minson and McDonald (1987)
A6: INPUTS | D6: {=EntericMethane_Dairy_Equations.VEERG_3_3_1_1__6_MetabolisabilityOfDiet_Source()} -> VEERG 2026: 3.3.1.1, Equation (6)
A7: =HYPERLINK("#'Input - Site'!A1", "Site") -> Site | D7: Function name | E7: {=Common_InputFunctions.Utility_DisplayFunctionName(D23)} -> =EntericMethane_Dairy_Equations.VEERG_3_3_1_1__6_MetabolisabilityOfDiet
A8: =HYPERLINK("#'Input - Dairy'!A1", "Dairy") -> Dairy
A10: CALCULATIONS | D10: Variable | E10: {=EntericMethane_Dairy_Equations.VEERG_3_3_1_1__6_MetabolisabilityOfDiet_Variable()} -> qm_j
A11: =HYPERLINK("#'4.3.1.1-2 Methane'!A1", "4.3.1.1-2 Methane") -> 4.3.1.1-2 Methane | D11: Unit | E11: {=EntericMethane_Dairy_Equations.VEERG_3_3_1_1__6_MetabolisabilityOfDiet_Unit()} -> fraction
A12: =HYPERLINK("#'4.3.1.3-4 Direct N20'!A1", "4.3.1.3-4 Direct N2O") -> 4.3.1.3-4 Direct N2O
A13: =HYPERLINK("#'4.3.1.5 Atmos Deposition'!A1", "4.3.1.5 Atmospheric deposition") -> 4.3.1.5 Atmospheric deposition | D13: {=EntericMethane_Dairy_Equations.VEERG_3_3_1_1__6_MetabolisabilityOfDiet_Arguments()} -> DMD_j | E13: dry matter digestibility expressed as a fraction | G13: ="See " & D15 -> See M1_Table_DMD_j
A14: =HYPERLINK("#'4.3.1.6-7 Leaching and runoff'!A1", "4.3.1.6-7 Leaching and runoff") -> 4.3.1.6-7 Leaching and runoff
A15: =HYPERLINK("#'4.3.1.8 Manure applied to soils'!A1", "4.3.1.8 Manure applied to soils") -> 4.3.1.8 Manure applied to soils | D15: M1_Table_DMD_j | O15: M2_Table_DMD_j
A16: =HYPERLINK("#'4.3.1.9 Soil direct N2O'!A1", "4.3.1.9 Soil direct N2O") -> 4.3.1.9 Soil direct N2O | D16: Dry matter digestibility (Method 1) | O16: Dry matter digestibility (Method 2)
A17: =HYPERLINK("#'4.3.1.10-11 Soil Atmos Dep'!A1", "4.3.1.10-11 Soil atm. deposition") -> 4.3.1.10-11 Soil atm. deposition | D17: Milking cows | E17: Heifers > 1 year | F17: Heifers < 1 year | G17: Bulls > 1 year | H17: Bulls < 1 year | O17: Milking cows | P17: Heifers > 1 year | Q17: Heifers < 1 year | R17: Bulls > 1 year | S17: Bulls < 1 year
A18: =HYPERLINK("#'4.3.1.12-13 Soil leach runoff'!A1", "4.3.1.12-13 Soil leach & runoff") -> 4.3.1.12-13 Soil leach & runoff | D18: ='Input - Dairy'!$E$36 -> 0.75 | E18: ='Input - Dairy'!$F$36 -> 0.75 | F18: ='Input - Dairy'!$G$36 -> 0.75 | G18: ='Input - Dairy'!$H$36 -> 0.75 | H18: ='Input - Dairy'!$I$36 -> 0.75 | I18: fraction | O18: ='Input - Dairy'!$E$41 -> 0.75 | P18: ='Input - Dairy'!$F$41 -> 0.75 | Q18: ='Input - Dairy'!$G$41 -> 0.75 | R18: ='Input - Dairy'!$H$41 -> 0.75 | S18: ='Input - Dairy'!$I$41 -> 0.75 | T18: fraction
A20: APPENDICES | D20: M1_Table_qm_j | O20: M2_Table_qm_j
A21: =HYPERLINK("#'Constants - Dairy'!A1", "Constants - Dairy") -> Constants - Dairy | D21: Metabolisability of diet (Method 1) | O21: Metabolisability of diet (Method 2)
A22: =HYPERLINK("#'Constants - Livestock'!A1", "Constants - Livestock") -> Constants - Livestock | D22: Milking cows | E22: Heifers > 1 year | F22: Heifers < 1 year | G22: Bulls > 1 year | H22: Bulls < 1 year | O22: Milking cows | P22: Heifers > 1 year | Q22: Heifers < 1 year | R22: Bulls > 1 year | S22: Bulls < 1 year
A23: =HYPERLINK("#'Constants - Common'!A1", "Constants - Common") -> Constants - Common | D23: {=EntericMethane_Dairy_Equations.VEERG_3_3_1_1__6_MetabolisabilityOfDiet(D18)} -> 59.6236 | E23: {=EntericMethane_Dairy_Equations.VEERG_3_3_1_1__6_MetabolisabilityOfDiet(E18)} -> 59.6236 | F23: {=EntericMethane_Dairy_Equations.VEERG_3_3_1_1__6_MetabolisabilityOfDiet(F18)} -> 59.6236 | G23: {=EntericMethane_Dairy_Equations.VEERG_3_3_1_1__6_MetabolisabilityOfDiet(G18)} -> 59.6236 | H23: {=EntericMethane_Dairy_Equations.VEERG_3_3_1_1__6_MetabolisabilityOfDiet(H18)} -> 59.6236 | I23: =$E$11 -> fraction | O23: {=EntericMethane_Dairy_Equations.VEERG_3_3_1_1__6_MetabolisabilityOfDiet(O18)} -> 59.6236 | P23: {=EntericMethane_Dairy_Equations.VEERG_3_3_1_1__6_MetabolisabilityOfDiet(P18)} -> 59.6236 | Q23: {=EntericMethane_Dairy_Equations.VEERG_3_3_1_1__6_MetabolisabilityOfDiet(Q18)} -> 59.6236 | R23: {=EntericMethane_Dairy_Equations.VEERG_3_3_1_1__6_MetabolisabilityOfDiet(R18)} -> 59.6236 | S23: {=EntericMethane_Dairy_Equations.VEERG_3_3_1_1__6_MetabolisabilityOfDiet(S18)} -> 59.6236 | T23: =$E$11 -> fraction
A24: =HYPERLINK("#'Acknowledgements'!A1", "Acknowledgements") -> Acknowledgements
D27: {=EntericMethane_Dairy_Equations.VEERG_3_3_1_1__4_AdditionalIntakeForMilkProduction_Title()} -> Additional intake required for milk production
D28: {=EntericMethane_Dairy_Equations.VEERG_3_3_1_1__4_AdditionalIntakeForMilkProduction_Source()} -> VEERG 2026: 3.3.1.1, Equation (4)
D29: Function name | E29: {=Common_InputFunctions.Utility_DisplayFunctionName(D49)} -> =EntericMethane_Dairy_Equations.VEERG_3_3_1_1__4_AdditionalIntakeForMilkProduction
D32: Variable | E32: {=EntericMethane_Dairy_Equations.VEERG_3_3_1_1__4_AdditionalIntakeForMilkProduction_Variable()} -> MI_j
D33: Unit | E33: {=EntericMethane_Dairy_Equations.VEERG_3_3_1_1__4_AdditionalIntakeForMilkProduction_Unit()} -> kg DM/head/day
D35: {=EntericMethane_Dairy_Equations.VEERG_3_3_1_1__4_AdditionalIntakeForMilkProduction_Arguments()} -> MP_j | E35: milk production (L/head/day) | G35: ="See " & D41 -> See Table_MP_j
D36: NE | E36: net energy (MJ net energy/kg milk) | G36: ='Constants - Dairy'!$D$167 -> 3.054
D37: GEC | E37: gross energy content (MJ/kgDM) | G37: ='Constants - Dairy'!$D$174 -> 18.4
D38: k | E38: efficiency of metabolizable energy use for milk production (fraction) | G38: ='Constants - Dairy'!$D$181 -> 0.6
D39: qm_j | E39: metabolisability of the diet (fraction) | G39: ="See " & D20 -> See M1_Table_qm_j
D41: Table_MP_j
D42: Milk production
D43: Milking cows | E43: Heifers > 1 year | F43: Heifers < 1 year | G43: Bulls > 1 year | H43: Bulls < 1 year
D44: ='Input - Dairy'!$E$46 -> 44 | E44: 0 | F44: 0 | G44: 0 | H44: 0 | I44: L/head/day
D46: M1_Table_MI_j | O46: M2_Table_MI_j
D47: Additional intake for milk production (Method 1) | O47: Additional intake for milk production (Method 2)
D48: Milking cows | E48: Heifers > 1 year | F48: Heifers < 1 year | G48: Bulls > 1 year | H48: Bulls < 1 year | O48: Milking cows | P48: Heifers > 1 year | Q48: Heifers < 1 year | R48: Bulls > 1 year | S48: Bulls < 1 year
D49: {=EntericMethane_Dairy_Equations.VEERG_3_3_1_1__4_AdditionalIntakeForMilkProduction(D44, $G$36,$G$37,$G$38,D23)} -> 0.21026727 | E49: {=EntericMethane_Dairy_Equations.VEERG_3_3_1_1__4_AdditionalIntakeForMilkProduction(E44, $G$36,$G$37,$G$38,E23)} -> 0 | F49: {=EntericMethane_Dairy_Equations.VEERG_3_3_1_1__4_AdditionalIntakeForMilkProduction(F44, $G$36,$G$37,$G$38,F23)} -> 0 | G49: {=EntericMethane_Dairy_Equations.VEERG_3_3_1_1__4_AdditionalIntakeForMilkProduction(G44, $G$36,$G$37,$G$38,G23)} -> 0 | H49: {=EntericMethane_Dairy_Equations.VEERG_3_3_1_1__4_AdditionalIntakeForMilkProduction(H44, $G$36,$G$37,$G$38,H23)} -> 0 | I49: =$E$33 -> kg DM/head/day | O49: {=EntericMethane_Dairy_Equations.VEERG_3_3_1_1__4_AdditionalIntakeForMilkProduction(D44, $G$36,$G$37,$G$38,O23)} -> 0.21026727 | P49: {=EntericMethane_Dairy_Equations.VEERG_3_3_1_1__4_AdditionalIntakeForMilkProduction(E44, $G$36,$G$37,$G$38,P23)} -> 0 | Q49: {=EntericMethane_Dairy_Equations.VEERG_3_3_1_1__4_AdditionalIntakeForMilkProduction(F44, $G$36,$G$37,$G$38,Q23)} -> 0 | R49: {=EntericMethane_Dairy_Equations.VEERG_3_3_1_1__4_AdditionalIntakeForMilkProduction(G44, $G$36,$G$37,$G$38,R23)} -> 0 | S49: {=EntericMethane_Dairy_Equations.VEERG_3_3_1_1__4_AdditionalIntakeForMilkProduction(H44, $G$36,$G$37,$G$38,S23)} -> 0 | T49: =$E$33 -> kg DM/head/day
D53: {=EntericMethane_Dairy_Equations.VEERG_3_3_1_1__3_DryMatterFeedIntake_Title()} -> Feed intake based on Minson and McDonald (1987)
D54: {=EntericMethane_Dairy_Equations.VEERG_3_3_1_1__3_DryMatterFeedIntake_Source()} -> VEERG 2026: 3.3.1.1, Equation (3)
D55: Function name | E55: {=Common_InputFunctions.Utility_DisplayFunctionName(D84)} -> =EntericMethane_Dairy_Equations.VEERG_3_3_1_1__3_DryMatterFeedIntake
D58: Variable | E58: {=EntericMethane_Dairy_Equations.VEERG_3_3_1_1__3_DryMatterFeedIntake_Variable()} -> I_j
D59: Unit | E59: {=EntericMethane_Dairy_Equations.VEERG_3_3_1_1__3_DryMatterFeedIntake_Unit()} -> kg DM/head/day
D61: {=EntericMethane_Dairy_Equations.VEERG_3_3_1_1__3_DryMatterFeedIntake_Arguments()} -> W_j | E61: liveweight (kg) | G61: ="See " & D66 -> See M1_Table_W_j
D62: LWG_j | E62: liveweight gain (kg/head/day) | G62: ="See " & D71 -> See M1_Table_LWG_j
D63: MR_j | E63: increase in metabolic rate when producing milk (fraction) | G63: ="See " & D76 -> See Table_MR_j
D64: MI_j | E64: additional intake required for milk production (kg DM/head/day) | G64: ="See " & D46 -> See M1_Table_MI_j
D66: M1_Table_W_j | O66: M2_Table_W_j
D67: Liveweight for each animal class j (Method 1) | O67: Liveweight for each animal class j (Method 2)
D68: Milking cows | E68: Heifers > 1 year | F68: Heifers < 1 year | G68: Bulls > 1 year | H68: Bulls < 1 year | O68: Milking cows | P68: Heifers > 1 year | Q68: Heifers < 1 year | R68: Bulls > 1 year | S68: Bulls < 1 year
D69: ='Input - Dairy'!$E$14 -> 550 | E69: ='Input - Dairy'!$F$14 -> 380 | F69: ='Input - Dairy'!$G$14 -> 155 | G69: ='Input - Dairy'!$H$14 -> 600 | H69: ='Input - Dairy'!$I$14 -> 225 | I69: kg/head | O69: ='Input - Dairy'!$E$18 -> 550 | P69: ='Input - Dairy'!$F$18 -> 380 | Q69: ='Input - Dairy'!$G$18 -> 155 | R69: ='Input - Dairy'!$H$18 -> 600 | S69: ='Input - Dairy'!$I$18 -> 225 | T69: kg/head
D71: M1_Table_LWG_j | O71: M2_Table_LWG_j
D72: Liveweight gain for each animal class j (Method 1) | O72: Liveweight gain for each animal class j (Method 2)
D73: Milking cows | E73: Heifers > 1 year | F73: Heifers < 1 year | G73: Bulls > 1 year | H73: Bulls < 1 year | O73: Milking cows | P73: Heifers > 1 year | Q73: Heifers < 1 year | R73: Bulls > 1 year | S73: Bulls < 1 year
D74: ='Input - Dairy'!$E$15 -> 0.016 | E74: ='Input - Dairy'!$F$15 -> 0.6 | F74: ='Input - Dairy'!$G$15 -> 0.57 | G74: ='Input - Dairy'!$H$15 -> 0.1 | H74: ='Input - Dairy'!$I$15 -> 0.8 | I74: kg/head/day | O74: ='Input - Dairy'!$E$19 -> 0.016 | P74: ='Input - Dairy'!$F$19 -> 0.6 | Q74: ='Input - Dairy'!$G$19 -> 0.57 | R74: ='Input - Dairy'!$H$19 -> 0.1 | S74: ='Input - Dairy'!$I$19 -> 0.8 | T74: kg/head/day
D76: Table_MR_j
D77: Increase in metabolic rate when producing milk
D78: Milking cows | E78: Heifers > 1 year | F78: Heifers < 1 year | G78: Bulls > 1 year | H78: Bulls < 1 year
D79: ='Constants - Dairy'!$E$108 -> 1.1 | E79: ='Constants - Dairy'!$E$109 -> 1 | F79: ='Constants - Dairy'!$E$109 -> 1 | G79: ='Constants - Dairy'!$E$109 -> 1 | H79: ='Constants - Dairy'!$E$109 -> 1 | I79: Fraction
D81: M1_Table_I_j | O81: M2_Table_I_j
D82: Feed intake (Method 1) | O82: Feed intake (Method 2)
D83: Milking cows | E83: Heifers > 1 year | F83: Heifers < 1 year | G83: Bulls > 1 year | H83: Bulls < 1 year | O83: Milking cows | P83: Heifers > 1 year | Q83: Heifers < 1 year | R83: Bulls > 1 year | S83: Bulls < 1 year
D84: {=EntericMethane_Dairy_Equations.VEERG_3_3_1_1__3_DryMatterFeedIntake(D69,D74,D79,D49)} -> 9.4647128 | E84: {=EntericMethane_Dairy_Equations.VEERG_3_3_1_1__3_DryMatterFeedIntake(E69,E74,E79,E49)} -> 7.4188685 | F84: {=EntericMethane_Dairy_Equations.VEERG_3_3_1_1__3_DryMatterFeedIntake(F69,F74,F79,F49)} -> 4.0231735 | G84: {=EntericMethane_Dairy_Equations.VEERG_3_3_1_1__3_DryMatterFeedIntake(G69,G74,G79,G49)} -> 9.0270202 | H84: {=EntericMethane_Dairy_Equations.VEERG_3_3_1_1__3_DryMatterFeedIntake(H69,H74,H79,H49)} -> 5.4143473 | I84: =$E$59 -> kg DM/head/day | O84: {=EntericMethane_Dairy_Equations.VEERG_3_3_1_1__3_DryMatterFeedIntake(O69,O74,D79,O49)} -> 9.4647128 | P84: {=EntericMethane_Dairy_Equations.VEERG_3_3_1_1__3_DryMatterFeedIntake(P69,P74,E79,P49)} -> 7.4188685 | Q84: {=EntericMethane_Dairy_Equations.VEERG_3_3_1_1__3_DryMatterFeedIntake(Q69,Q74,F79,Q49)} -> 4.0231735 | R84: {=EntericMethane_Dairy_Equations.VEERG_3_3_1_1__3_DryMatterFeedIntake(R69,R74,G79,R49)} -> 9.0270202 | S84: {=EntericMethane_Dairy_Equations.VEERG_3_3_1_1__3_DryMatterFeedIntake(S69,S74,H79,S49)} -> 5.4143473 | T84: =$E$59 -> kg DM/head/day
D88: {=MMS_Dairy_Methane_Equations.VEERG_4_3_1_1__3_VolatileSolidsForWeanedDairyCattle_Title()} -> Volatile solids for weaned dairy cattle
D89: {=MMS_Dairy_Methane_Equations.VEERG_4_3_1_1__3_VolatileSolidsForWeanedDairyCattle_Source()} -> VEERG 2026: 4.3.1.1, Equation (3)
D90: Function name | E90: {=Common_InputFunctions.Utility_DisplayFunctionName(D103)} -> =MMS_Dairy_Methane_Equations.VEERG_4_3_1_1__3_VolatileSolidsForWeanedDairyCattle
D93: Variable | E93: {=MMS_Dairy_Methane_Equations.VEERG_4_3_1_1__3_VolatileSolidsForWeanedDairyCattle_Variable()} -> VS_j
D94: Unit | E94: {=MMS_Dairy_Methane_Equations.VEERG_4_3_1_1__3_VolatileSolidsForWeanedDairyCattle_Unit()} -> kg/head/day
D96: {=MMS_Dairy_Methane_Equations.VEERG_4_3_1_1__3_VolatileSolidsForWeanedDairyCattle_Arguments()} -> I_j | E96: dry matter feed intake (kgDM/head/day) | G96: ="See " & D81 -> See M1_Table_I_j
D97: DMD_j | E97: dry matter digestibility | G97: ="See " & D15 -> See M1_Table_DMD_j
D98: A | E98: ash content of feed intake | G98: ='Constants - Dairy'!$D$188 -> 0.08
D100: M1_Table_VS_j | O100: M2_Table_VS_j
D101: Volatile solids for weaned cattle (Method 1) | O101: Volatile solids for weaned cattle (Method 2)
D102: Milking cows | E102: Heifers > 1 year | F102: Heifers < 1 year | G102: Bulls > 1 year | H102: Bulls < 1 year | O102: Milking cows | P102: Heifers > 1 year | Q102: Heifers < 1 year | R102: Bulls > 1 year | S102: Bulls < 1 year
D103: {=MMS_Dairy_Methane_Equations.VEERG_4_3_1_1__3_VolatileSolidsForWeanedDairyCattle(D84,D18,$G$98)} -> 2.5251854 | E103: {=MMS_Dairy_Methane_Equations.VEERG_4_3_1_1__3_VolatileSolidsForWeanedDairyCattle(E84,E18,$G$98)} -> 1.9793541 | F103: {=MMS_Dairy_Methane_Equations.VEERG_4_3_1_1__3_VolatileSolidsForWeanedDairyCattle(F84,F18,$G$98)} -> 1.0733827 | G103: {=MMS_Dairy_Methane_Equations.VEERG_4_3_1_1__3_VolatileSolidsForWeanedDairyCattle(G84,G18,$G$98)} -> 2.408409 | H103: {=MMS_Dairy_Methane_Equations.VEERG_4_3_1_1__3_VolatileSolidsForWeanedDairyCattle(H84,H18,$G$98)} -> 1.4445479 | I103: =$E$94 -> kg/head/day | O103: {=MMS_Dairy_Methane_Equations.VEERG_4_3_1_1__3_VolatileSolidsForWeanedDairyCattle(O84,O18,$G$98)} -> 2.5251854 | P103: {=MMS_Dairy_Methane_Equations.VEERG_4_3_1_1__3_VolatileSolidsForWeanedDairyCattle(P84,P18,$G$98)} -> 1.9793541 | Q103: {=MMS_Dairy_Methane_Equations.VEERG_4_3_1_1__3_VolatileSolidsForWeanedDairyCattle(Q84,Q18,$G$98)} -> 1.0733827 | R103: {=MMS_Dairy_Methane_Equations.VEERG_4_3_1_1__3_VolatileSolidsForWeanedDairyCattle(R84,R18,$G$98)} -> 2.408409 | S103: {=MMS_Dairy_Methane_Equations.VEERG_4_3_1_1__3_VolatileSolidsForWeanedDairyCattle(S84,S18,$G$98)} -> 1.4445479 | T103: =$E$94 -> kg/head/day
D107: {=MMS_Dairy_Methane_Equations.VEERG_4_3_1_1__4_FractionVolatileSolidsNotSolidStorage_Title()} -> Fraction of volatile solids in each system other than solid storage
D108: {=MMS_Dairy_Methane_Equations.VEERG_4_3_1_1__4_FractionVolatileSolidsNotSolidStorage_Source()} -> VEERG 2026: 4.3.1.1, Equation (4)
D109: Function name | E109: {=Common_InputFunctions.Utility_DisplayFunctionName(F141)} -> =MMS_Dairy_Methane_Equations.VEERG_4_3_1_1__4_FractionVolatileSolidsNotSolidStorage
F111: Equation 5 includes MMS subscripts, this should too
D112: Variable | E112: {=MMS_Dairy_Methane_Equations.VEERG_4_3_1_1__4_FractionVolatileSolidsNotSolidStorage_Variable()} -> FVS_jm
D113: Unit | E113: {=MMS_Dairy_Methane_Equations.VEERG_4_3_1_1__4_FractionVolatileSolidsNotSolidStorage_Unit()} -> fraction
D115: {=MMS_Dairy_Methane_Equations.VEERG_4_3_1_1__4_FractionVolatileSolidsNotSolidStorage_Arguments()} -> MMS_jm | E115: fraction of manure to each primary MMS for each class prior to solid separation | G115: ="See " & D118 -> See M1_Table_MMS_j_m
D116: SS_m | E116: fraction of volatile solids separated to solid storage for each MMS | G116: ="See " & D128 -> See M1_Table_SS_m
D118: M1_Table_MMS_j_m | O118: M2_Table_MMS_j_m
D119: Fraction of manure in each MMS prior to solid separation (Method 1) | O119: Fraction of manure in each MMS prior to solid separation (Method 2)
D120: Production system | E120: MMS | F120: Milking cows | G120: Heifers > 1 year | H120: Heifers < 1 year | I120: Bulls > 1 year | J120: Bulls < 1 year | O120: Production system | P120: MMS | Q120: Milking cows | R120: Heifers > 1 year | S120: Heifers < 1 year | T120: Bulls > 1 year | U120: Bulls < 1 year
D121: ='Input - Dairy'!$D$54 -> Milking shed | E121: ='Input - Dairy'!$D$67 -> Anaerobic lagoon | F121: ='Input - Dairy'!E$54*'Input - Dairy'!E67 -> 0.0275 | G121: ='Input - Dairy'!F$54*'Input - Dairy'!F67 -> 0.0275 | H121: ='Input - Dairy'!G$54*'Input - Dairy'!G67 -> 0.0275 | I121: ='Input - Dairy'!H$54*'Input - Dairy'!H67 -> 0.0275 | J121: ='Input - Dairy'!I$54*'Input - Dairy'!I67 -> 0.0275 | K121: Fraction | O121: ='Input - Dairy'!$D$54 -> Milking shed | P121: ='Input - Dairy'!$D$67 -> Anaerobic lagoon | Q121: ='Input - Dairy'!E$59*'Input - Dairy'!E67 -> 0.0275 | R121: ='Input - Dairy'!F$59*'Input - Dairy'!F67 -> 0.0275 | S121: ='Input - Dairy'!G$59*'Input - Dairy'!G67 -> 0.0275 | T121: ='Input - Dairy'!H$59*'Input - Dairy'!H67 -> 0.0275 | U121: ='Input - Dairy'!I$59*'Input - Dairy'!I67 -> 0.0275 | V121: Fraction
D122: ='Input - Dairy'!$D$54 -> Milking shed | E122: ='Input - Dairy'!$D$72 -> Sump and dispersal system | F122: ='Input - Dairy'!E$54*'Input - Dairy'!E72 -> 0.0275 | G122: ='Input - Dairy'!F$54*'Input - Dairy'!F72 -> 0.0275 | H122: ='Input - Dairy'!G$54*'Input - Dairy'!G72 -> 0.0275 | I122: ='Input - Dairy'!H$54*'Input - Dairy'!H72 -> 0.0275 | J122: ='Input - Dairy'!I$54*'Input - Dairy'!I72 -> 0.0275 | K122: Fraction | O122: ='Input - Dairy'!$D$54 -> Milking shed | P122: ='Input - Dairy'!$D$72 -> Sump and dispersal system | Q122: ='Input - Dairy'!E$59*'Input - Dairy'!E72 -> 0.0275 | R122: ='Input - Dairy'!F$59*'Input - Dairy'!F72 -> 0.0275 | S122: ='Input - Dairy'!G$59*'Input - Dairy'!G72 -> 0.0275 | T122: ='Input - Dairy'!H$59*'Input - Dairy'!H72 -> 0.0275 | U122: ='Input - Dairy'!I$59*'Input - Dairy'!I72 -> 0.0275 | V122: Fraction
D123: ='Input - Dairy'!$D$54 -> Milking shed | E123: ='Input - Dairy'!$D$77 -> Drains to paddock | F123: ='Input - Dairy'!E$54*'Input - Dairy'!E77 -> 0.0275 | G123: ='Input - Dairy'!F$54*'Input - Dairy'!F77 -> 0.0275 | H123: ='Input - Dairy'!G$54*'Input - Dairy'!G77 -> 0.0275 | I123: ='Input - Dairy'!H$54*'Input - Dairy'!H77 -> 0.0275 | J123: ='Input - Dairy'!I$54*'Input - Dairy'!I77 -> 0.0275 | K123: Fraction | O123: ='Input - Dairy'!$D$54 -> Milking shed | P123: ='Input - Dairy'!$D$77 -> Drains to paddock | Q123: ='Input - Dairy'!E$59*'Input - Dairy'!E77 -> 0.0275 | R123: ='Input - Dairy'!F$59*'Input - Dairy'!F77 -> 0.0275 | S123: ='Input - Dairy'!G$59*'Input - Dairy'!G77 -> 0.0275 | T123: ='Input - Dairy'!H$59*'Input - Dairy'!H77 -> 0.0275 | U123: ='Input - Dairy'!I$59*'Input - Dairy'!I77 -> 0.0275 | V123: Fraction
D124: ='Input - Dairy'!$D$55 -> Feed pad | E124: ='Input - Dairy'!$D$101 -> Anaerobic lagoon | F124: ='Input - Dairy'!E$55*'Input - Dairy'!E101 -> 0.089 | G124: ='Input - Dairy'!F$55*'Input - Dairy'!F101 -> 0.089 | H124: ='Input - Dairy'!G$55*'Input - Dairy'!G101 -> 0.089 | I124: ='Input - Dairy'!H$55*'Input - Dairy'!H101 -> 0.089 | J124: ='Input - Dairy'!I$55*'Input - Dairy'!I101 -> 0.089 | K124: Fraction | O124: ='Input - Dairy'!$D$55 -> Feed pad | P124: ='Input - Dairy'!$D$101 -> Anaerobic lagoon | Q124: ='Input - Dairy'!E$60*'Input - Dairy'!E101 -> 0.089 | R124: ='Input - Dairy'!F$60*'Input - Dairy'!F101 -> 0.089 | S124: ='Input - Dairy'!G$60*'Input - Dairy'!G101 -> 0.089 | T124: ='Input - Dairy'!H$60*'Input - Dairy'!H101 -> 0.089 | U124: ='Input - Dairy'!I$60*'Input - Dairy'!I101 -> 0.089 | V124: Fraction
D125: ='Input - Dairy'!$D$55 -> Feed pad | E125: ='Input - Dairy'!$D$106 -> Sump and dispersal system | F125: ='Input - Dairy'!E$55*'Input - Dairy'!E106 -> 0.089 | G125: ='Input - Dairy'!F$55*'Input - Dairy'!F106 -> 0.089 | H125: ='Input - Dairy'!G$55*'Input - Dairy'!G106 -> 0.089 | I125: ='Input - Dairy'!H$55*'Input - Dairy'!H106 -> 0.089 | J125: ='Input - Dairy'!I$55*'Input - Dairy'!I106 -> 0.089 | K125: Fraction | O125: ='Input - Dairy'!$D$55 -> Feed pad | P125: ='Input - Dairy'!$D$106 -> Sump and dispersal system | Q125: ='Input - Dairy'!E$60*'Input - Dairy'!E106 -> 0.089 | R125: ='Input - Dairy'!F$60*'Input - Dairy'!F106 -> 0.089 | S125: ='Input - Dairy'!G$60*'Input - Dairy'!G106 -> 0.089 | T125: ='Input - Dairy'!H$60*'Input - Dairy'!H106 -> 0.089 | U125: ='Input - Dairy'!I$60*'Input - Dairy'!I106 -> 0.089 | V125: Fraction
D126: ='Input - Dairy'!$D$55 -> Feed pad | E126: ='Input - Dairy'!$D$111 -> Drains to paddock | F126: ='Input - Dairy'!E$55*'Input - Dairy'!E111 -> 0.089 | G126: ='Input - Dairy'!F$55*'Input - Dairy'!F111 -> 0.089 | H126: ='Input - Dairy'!G$55*'Input - Dairy'!G111 -> 0.089 | I126: ='Input - Dairy'!H$55*'Input - Dairy'!H111 -> 0.089 | J126: ='Input - Dairy'!I$55*'Input - Dairy'!I111 -> 0.089 | K126: Fraction | O126: ='Input - Dairy'!$D$55 -> Feed pad | P126: ='Input - Dairy'!$D$111 -> Drains to paddock | Q126: ='Input - Dairy'!E$60*'Input - Dairy'!E111 -> 0.089 | R126: ='Input - Dairy'!F$60*'Input - Dairy'!F111 -> 0.089 | S126: ='Input - Dairy'!G$60*'Input - Dairy'!G111 -> 0.089 | T126: ='Input - Dairy'!H$60*'Input - Dairy'!H111 -> 0.089 | U126: ='Input - Dairy'!I$60*'Input - Dairy'!I111 -> 0.089 | V126: Fraction
D128: M1_Table_SS_m | O128: M2_Table_SS_m
D129: Fraction volatile solids separated to solid storage (Method 1) | O129: Fraction volatile solids separated to solid storage (Method 2)
D130: Production system | E130: MMS | F130: SS | O130: Production system | P130: MMS | Q130: SS
D131: ='Input - Dairy'!$D$54 -> Milking shed | E131: ='Input - Dairy'!$D$67 -> Anaerobic lagoon | F131: ='Input - Dairy'!$E$69 -> 0.2 | G131: Fraction | O131: ='Input - Dairy'!$D$54 -> Milking shed | P131: ='Input - Dairy'!$D$67 -> Anaerobic lagoon | Q131: ='Input - Dairy'!$E$70 -> 0.2 | R131: Fraction
D132: ='Input - Dairy'!$D$54 -> Milking shed | E132: ='Input - Dairy'!$D$72 -> Sump and dispersal system | F132: ='Input - Dairy'!$E$74 -> 0.2 | G132: Fraction | O132: ='Input - Dairy'!$D$54 -> Milking shed | P132: ='Input - Dairy'!$D$72 -> Sump and dispersal system | Q132: ='Input - Dairy'!$E$75 -> 0.2 | R132: Fraction
D133: ='Input - Dairy'!$D$54 -> Milking shed | E133: ='Input - Dairy'!$D$77 -> Drains to paddock | F133: ='Input - Dairy'!$E$79 -> 0.2 | G133: Fraction | O133: ='Input - Dairy'!$D$54 -> Milking shed | P133: ='Input - Dairy'!$D$77 -> Drains to paddock | Q133: ='Input - Dairy'!$E$80 -> 0.2 | R133: Fraction
D134: ='Input - Dairy'!$D$55 -> Feed pad | E134: ='Input - Dairy'!$D$101 -> Anaerobic lagoon | F134: ='Input - Dairy'!$E$103 -> 0 | G134: Fraction | O134: ='Input - Dairy'!$D$55 -> Feed pad | P134: ='Input - Dairy'!$D$101 -> Anaerobic lagoon | Q134: ='Input - Dairy'!$E$104 -> 0 | R134: Fraction
...

Sheet 4.3.1.3-4 Direct N20
A1: #VALUE! | C1: 4.3.1.3-4 Manure Direct N2O
A3: =HYPERLINK("#'Home'!A1", "Home") -> Home | D3: Method 1 | N3: Method 2
A4: =HYPERLINK("#'Results'!A1", "Results") -> Results
D5: {=MMS_Dairy_N2ODirect_Equations.VEERG_4_3_1_3__8_RelativeSize_Title()} -> Relative size
A6: INPUTS | D6: {=MMS_Dairy_N2ODirect_Equations.VEERG_4_3_1_3__8_RelativeSize_Source()} -> VEERG 2026: 4.3.1.3, Equation (8)
A7: =HYPERLINK("#'Input - Site'!A1", "Site") -> Site | D7: Function name | E7: {=Common_InputFunctions.Utility_DisplayFunctionName(D29)} -> =MMS_Dairy_N2ODirect_Equations.VEERG_4_3_1_3__8_RelativeSize
A8: =HYPERLINK("#'Input - Dairy'!A1", "Dairy") -> Dairy
A10: CALCULATIONS | D10: Variable | E10: {=MMS_Dairy_N2ODirect_Equations.VEERG_4_3_1_3__8_RelativeSize_Variable()} -> Z_j
A11: =HYPERLINK("#'4.3.1.1-2 Methane'!A1", "4.3.1.1-2 Methane") -> 4.3.1.1-2 Methane | D11: Unit | E11: {=MMS_Dairy_N2ODirect_Equations.VEERG_4_3_1_3__8_RelativeSize_Unit()} -> ratio
A12: =HYPERLINK("#'4.3.1.3-4 Direct N20'!A1", "4.3.1.3-4 Direct N2O") -> 4.3.1.3-4 Direct N2O
A13: =HYPERLINK("#'4.3.1.5 Atmos Deposition'!A1", "4.3.1.5 Atmospheric deposition") -> 4.3.1.5 Atmospheric deposition | D13: {=MMS_Dairy_N2ODirect_Equations.VEERG_4_3_1_3__8_RelativeSize_Arguments()} -> W_j | E13: liveweight (kg) | F13: ="See " & D16 -> See M1_Table_W_j
A14: =HYPERLINK("#'4.3.1.6-7 Leaching and runoff'!A1", "4.3.1.6-7 Leaching and runoff") -> 4.3.1.6-7 Leaching and runoff | D14: WR_j | E14: reference weight (kg) | F14: ="See " & D21 -> See Table_WR_j
A15: =HYPERLINK("#'4.3.1.8 Manure applied to soils'!A1", "4.3.1.8 Manure applied to soils") -> 4.3.1.8 Manure applied to soils
A16: =HYPERLINK("#'4.3.1.9 Soil direct N2O'!A1", "4.3.1.9 Soil direct N2O") -> 4.3.1.9 Soil direct N2O | D16: M1_Table_W_j | N16: M2_Table_W_j
A17: =HYPERLINK("#'4.3.1.10-11 Soil Atmos Dep'!A1", "4.3.1.10-11 Soil atm. deposition") -> 4.3.1.10-11 Soil atm. deposition | D17: Liveweight for each animal class j (Method 1) | N17: Liveweight for each animal class j (Method 2)
A18: =HYPERLINK("#'4.3.1.12-13 Soil leach runoff'!A1", "4.3.1.12-13 Soil leach & runoff") -> 4.3.1.12-13 Soil leach & runoff | D18: Milking cows | E18: Heifers > 1 year | F18: Heifers < 1 year | G18: Bulls > 1 year | H18: Bulls < 1 year | N18: Milking cows | O18: Heifers > 1 year | P18: Heifers < 1 year | Q18: Bulls > 1 year | R18: Bulls < 1 year
D19: ='Input - Dairy'!$E$14 -> 550 | E19: ='Input - Dairy'!$F$14 -> 380 | F19: ='Input - Dairy'!$G$14 -> 155 | G19: ='Input - Dairy'!$H$14 -> 600 | H19: ='Input - Dairy'!$I$14 -> 225 | I19: kg/head | N19: ='Input - Dairy'!$E$18 -> 550 | O19: ='Input - Dairy'!$F$18 -> 380 | P19: ='Input - Dairy'!$G$18 -> 155 | Q19: ='Input - Dairy'!$H$18 -> 600 | R19: ='Input - Dairy'!$I$18 -> 225 | S19: kg/head
A20: APPENDICES
A21: =HYPERLINK("#'Constants - Dairy'!A1", "Constants - Dairy") -> Constants - Dairy | D21: Table_WR_j
A22: =HYPERLINK("#'Constants - Livestock'!A1", "Constants - Livestock") -> Constants - Livestock | D22: Reference weight for each animal class
A23: =HYPERLINK("#'Constants - Common'!A1", "Constants - Common") -> Constants - Common | D23: Milking cows | E23: Heifers > 1 year | F23: Heifers < 1 year | G23: Bulls > 1 year | H23: Bulls < 1 year
A24: =HYPERLINK("#'Acknowledgements'!A1", "Acknowledgements") -> Acknowledgements | D24: {=Table_SourceData_Dairy_WRj[Milking cows]} -> 590 | E24: {=Table_SourceData_Dairy_WRj[Heifers > 1]} -> 590 | F24: {=Table_SourceData_Dairy_WRj[Heifers < 1 (weaned)]} -> 590 | G24: {=Table_SourceData_Dairy_WRj[Bulls > 1]} -> 770 | H24: {=Table_SourceData_Dairy_WRj[Bulls < 1 (weaned)]} -> 770 | I24: kg/head
D26: M1_Table_Z_j | N26: M1_Table_Z_j
D27: Relative size for each animal class (Method 1) | N27: Relative size for each animal class (Method 1)
D28: Milking cows | E28: Heifers > 1 year | F28: Heifers < 1 year | G28: Bulls > 1 year | H28: Bulls < 1 year | N28: Milking cows | O28: Heifers > 1 year | P28: Heifers < 1 year | Q28: Bulls > 1 year | R28: Bulls < 1 year
D29: {=MMS_Dairy_N2ODirect_Equations.VEERG_4_3_1_3__8_RelativeSize(D19,D24)} -> 0.93220339 | E29: {=MMS_Dairy_N2ODirect_Equations.VEERG_4_3_1_3__8_RelativeSize(E19,E24)} -> 0.6440678 | F29: {=MMS_Dairy_N2ODirect_Equations.VEERG_4_3_1_3__8_RelativeSize(F19,F24)} -> 0.26271186 | G29: {=MMS_Dairy_N2ODirect_Equations.VEERG_4_3_1_3__8_RelativeSize(G19,G24)} -> 0.77922078 | H29: {=MMS_Dairy_N2ODirect_Equations.VEERG_4_3_1_3__8_RelativeSize(H19,H24)} -> 0.29220779 | I29: =$E$11 -> ratio | N29: {=MMS_Dairy_N2ODirect_Equations.VEERG_4_3_1_3__8_RelativeSize(N19,D24)} -> 0.93220339 | O29: {=MMS_Dairy_N2ODirect_Equations.VEERG_4_3_1_3__8_RelativeSize(O19,E24)} -> 0.6440678 | P29: {=MMS_Dairy_N2ODirect_Equations.VEERG_4_3_1_3__8_RelativeSize(P19,F24)} -> 0.26271186 | Q29: {=MMS_Dairy_N2ODirect_Equations.VEERG_4_3_1_3__8_RelativeSize(Q19,G24)} -> 0.77922078 | R29: {=MMS_Dairy_N2ODirect_Equations.VEERG_4_3_1_3__8_RelativeSize(R19,H24)} -> 0.29220779 | S29: =$E$11 -> ratio
D33: {=MMS_Dairy_N2ODirect_Equations.VEERG_4_3_1_3__7_IntakeRelativeToMaintenance_Title()} -> Intake relative to maintenance
D34: {=MMS_Dairy_N2ODirect_Equations.VEERG_4_3_1_3__7_IntakeRelativeToMaintenance_Source()} -> VEERG 2026: 4.3.1.3, Equation (7)
D35: Function name | E35: {=Common_InputFunctions.Utility_DisplayFunctionName(D65)} -> =MMS_Dairy_N2ODirect_Equations.VEERG_4_3_1_3__7_IntakeRelativeToMaintenance
D39: Variable | E39: {=MMS_Dairy_N2ODirect_Equations.VEERG_4_3_1_3__7_IntakeRelativeToMaintenance_Variable()} -> L_j
D40: Unit | E40: {=MMS_Dairy_N2ODirect_Equations.VEERG_4_3_1_3__7_IntakeRelativeToMaintenance_Unit()} -> ratio
D42: {=MMS_Dairy_N2ODirect_Equations.VEERG_4_3_1_3__7_IntakeRelativeToMaintenance_Arguments()} -> I_j | E42: dry matter intake (kgDM/head/day) | G42: ="See " & D47 -> See M1_Table_I_j
D43: W_j | E43: liveweight (kg) | G43: ="See " & D16 -> See M1_Table_W_j
D44: MR_j | E44: increase in metabolic rate when producing milk | G44: ="See " & D52 -> See Table_MR_j
D45: MI_j | E45: additional intake required for milk production (kgDM/head/day) | G45: ="See " & D57 -> See M1_Table_MI_j
D47: M1_Table_I_j | N47: M2_Table_I_j
D48: Feed intake (Method 1) | N48: Feed intake (Method 2)
D49: Milking cows | E49: Heifers > 1 year | F49: Heifers < 1 year | G49: Bulls > 1 year | H49: Bulls < 1 year | N49: Milking cows | O49: Heifers > 1 year | P49: Heifers < 1 year | Q49: Bulls > 1 year | R49: Bulls < 1 year
D50: ='4.3.1.1-2 Methane'!D84 -> 9.4647128 | E50: ='4.3.1.1-2 Methane'!E84 -> 7.4188685 | F50: ='4.3.1.1-2 Methane'!F84 -> 4.0231735 | G50: ='4.3.1.1-2 Methane'!G84 -> 9.0270202 | H50: ='4.3.1.1-2 Methane'!H84 -> 5.4143473 | I50: ='4.3.1.1-2 Methane'!I84 -> kg DM/head/day | N50: ='4.3.1.1-2 Methane'!O84 -> 9.4647128 | O50: ='4.3.1.1-2 Methane'!P84 -> 7.4188685 | P50: ='4.3.1.1-2 Methane'!Q84 -> 4.0231735 | Q50: ='4.3.1.1-2 Methane'!R84 -> 9.0270202 | R50: ='4.3.1.1-2 Methane'!S84 -> 5.4143473 | S50: ='4.3.1.1-2 Methane'!T84 -> kg DM/head/day
D52: Table_MR_j
D53: Increase in metabolic rate when producing milk
D54: Milking cows | E54: Heifers > 1 year | F54: Heifers < 1 year | G54: Bulls > 1 year | H54: Bulls < 1 year
D55: ='Constants - Dairy'!$E$108 -> 1.1 | E55: ='Constants - Dairy'!$E$109 -> 1 | F55: ='Constants - Dairy'!$E$109 -> 1 | G55: ='Constants - Dairy'!$E$109 -> 1 | H55: ='Constants - Dairy'!$E$109 -> 1 | I55: Fraction
D57: M1_Table_MI_j
D58: Additional intake for milk production (Method 1)
D59: Milking cows | E59: Heifers > 1 year | F59: Heifers < 1 year | G59: Bulls > 1 year | H59: Bulls < 1 year
D60: ='4.3.1.1-2 Methane'!D49 -> 0.21026727 | E60: ='4.3.1.1-2 Methane'!E49 -> 0 | F60: ='4.3.1.1-2 Methane'!F49 -> 0 | G60: ='4.3.1.1-2 Methane'!G49 -> 0 | H60: ='4.3.1.1-2 Methane'!H49 -> 0 | I60: ='4.3.1.1-2 Methane'!I49 -> kg DM/head/day
D62: M1_Table_L_j | N62: M2_Table_L_j
D63: Intake relative to maintenance (Method 1) | N63: Intake relative to maintenance (Method 2)
D64: Milking cows | E64: Heifers > 1 year | F64: Heifers < 1 year | G64: Bulls > 1 year | H64: Bulls < 1 year | N64: Milking cows | O64: Heifers > 1 year | P64: Heifers < 1 year | Q64: Bulls > 1 year | R64: Bulls < 1 year
D65: {=MMS_Dairy_N2ODirect_Equations.VEERG_4_3_1_3__7_IntakeRelativeToMaintenance(D50,D19,D55,D60)} -> 1.0034066 | E65: {=MMS_Dairy_N2ODirect_Equations.VEERG_4_3_1_3__7_IntakeRelativeToMaintenance(E50,E19,E55,E60)} -> 1.1546862 | F65: {=MMS_Dairy_N2ODirect_Equations.VEERG_4_3_1_3__7_IntakeRelativeToMaintenance(F50,F19,F55,F60)} -> 1.2063003 | G65: {=MMS_Dairy_N2ODirect_Equations.VEERG_4_3_1_3__7_IntakeRelativeToMaintenance(G50,G19,G55,G60)} -> 1.021303 | H65: {=MMS_Dairy_N2ODirect_Equations.VEERG_4_3_1_3__7_IntakeRelativeToMaintenance(H50,H19,H55,H60)} -> 1.2576571 | I65: =$E$40 -> ratio | N65: {=MMS_Dairy_N2ODirect_Equations.VEERG_4_3_1_3__7_IntakeRelativeToMaintenance(N50,N19,D55,D60)} -> 1.0034066 | O65: {=MMS_Dairy_N2ODirect_Equations.VEERG_4_3_1_3__7_IntakeRelativeToMaintenance(O50,O19,E55,E60)} -> 1.1546862 | P65: {=MMS_Dairy_N2ODirect_Equations.VEERG_4_3_1_3__7_IntakeRelativeToMaintenance(P50,P19,F55,F60)} -> 1.2063003 | Q65: {=MMS_Dairy_N2ODirect_Equations.VEERG_4_3_1_3__7_IntakeRelativeToMaintenance(Q50,Q19,G55,G60)} -> 1.021303 | R65: {=MMS_Dairy_N2ODirect_Equations.VEERG_4_3_1_3__7_IntakeRelativeToMaintenance(R50,R19,H55,H60)} -> 1.2576571 | S65: =$E$40 -> ratio
D69: {=MMS_Dairy_N2ODirect_Equations.VEERG_4_3_1_3__6_NitrogenRetainedByBody_Title()} -> Amount of nitrogen retained by the body
D70: {=MMS_Dairy_N2ODirect_Equations.VEERG_4_3_1_3__6_NitrogenRetainedByBody_Source()} -> VEERG 2026: 4.3.1.3, Equation (6)
D71: Function name | E71: {=Common_InputFunctions.Utility_DisplayFunctionName(D96)} -> =MMS_Dairy_N2ODirect_Equations.VEERG_4_3_1_3__6_NitrogenRetainedByBody
D75: Variable | E75: {=MMS_Dairy_N2ODirect_Equations.VEERG_4_3_1_3__6_NitrogenRetainedByBody_Variable()} -> NR_j
D76: Unit | E76: {=MMS_Dairy_N2ODirect_Equations.VEERG_4_3_1_3__6_NitrogenRetainedByBody_Unit()} -> kg N/head/day
D78: {=MMS_Dairy_N2ODirect_Equations.VEERG_4_3_1_3__6_NitrogenRetainedByBody_Arguments()} -> MP_j | E78: milk production (L/head/day) | G78: ="See " & D83 -> See Table_MP_j
D79: L_j | E79: intake relative to maintenance | G79: ="See " & D62 -> See M1_Table_L_j
D80: Z_j | E80: relative size | G80: ="See " & D26 -> See M1_Table_Z_j
D81: LWG_j | E81: liveweight gain (kg/day) | G81: ="See " & D88 -> See M1_Table_LWG_j
D83: Table_MP_j
D84: Milk production
D85: Milking cows | E85: Heifers > 1 year | F85: Heifers < 1 year | G85: Bulls > 1 year | H85: Bulls < 1 year
D86: ='Input - Dairy'!$E$46 -> 44 | E86: 0 | F86: 0 | G86: 0 | H86: 0 | I86: L/head/day
D88: M1_Table_LWG_j | N88: M2_Table_LWG_j
D89: Liveweight gain for each animal class j (Method 1) | N89: Liveweight gain for each animal class j (Method 2)
D90: Milking cows | E90: Heifers > 1 year | F90: Heifers < 1 year | G90: Bulls > 1 year | H90: Bulls < 1 year | N90: Milking cows | O90: Heifers > 1 year | P90: Heifers < 1 year | Q90: Bulls > 1 year | R90: Bulls < 1 year
D91: ='Input - Dairy'!$E$15 -> 0.016 | E91: ='Input - Dairy'!$F$15 -> 0.6 | F91: ='Input - Dairy'!$G$15 -> 0.57 | G91: ='Input - Dairy'!$H$15 -> 0.1 | H91: ='Input - Dairy'!$I$15 -> 0.8 | I91: kg/head/day | N91: ='Input - Dairy'!$E$19 -> 0.016 | O91: ='Input - Dairy'!$F$19 -> 0.6 | P91: ='Input - Dairy'!$G$19 -> 0.57 | Q91: ='Input - Dairy'!$H$19 -> 0.1 | R91: ='Input - Dairy'!$I$19 -> 0.8 | S91: kg/head/day
D93: M1_Table_NR_j | N93: M2_Table_NR_j
D94: Nitrogen retained in the body for each animal class j (Method 1) | N94: Nitrogen retained in the body for each animal class j (Method 2)
D95: Milking cows | E95: Heifers > 1 year | F95: Heifers < 1 year | G95: Bulls > 1 year | H95: Bulls < 1 year | N95: Milking cows | O95: Heifers > 1 year | P95: Heifers < 1 year | Q95: Bulls > 1 year | R95: Bulls < 1 year
D96: {=MMS_Dairy_N2ODirect_Equations.VEERG_4_3_1_3__6_NitrogenRetainedByBody(D86,D65,D29,D91)} -> 0.036552968 | E96: {=MMS_Dairy_N2ODirect_Equations.VEERG_4_3_1_3__6_NitrogenRetainedByBody(E86,E65,E29,E91)} -> 0.0087932412 | F96: {=MMS_Dairy_N2ODirect_Equations.VEERG_4_3_1_3__6_NitrogenRetainedByBody(F86,F65,F29,F91)} -> 0.014575548 | G96: {=MMS_Dairy_N2ODirect_Equations.VEERG_4_3_1_3__6_NitrogenRetainedByBody(G86,G65,G29,G91)} -> 0.0012626203 | H96: {=MMS_Dairy_N2ODirect_Equations.VEERG_4_3_1_3__6_NitrogenRetainedByBody(H86,H65,H29,H91)} -> 0.019757355 | I96: =$E$76 -> kg N/head/day | N96: {=MMS_Dairy_N2ODirect_Equations.VEERG_4_3_1_3__6_NitrogenRetainedByBody(D86,N65,N29,N91)} -> 0.036552968 | O96: {=MMS_Dairy_N2ODirect_Equations.VEERG_4_3_1_3__6_NitrogenRetainedByBody(E86,O65,O29,O91)} -> 0.0087932412 | P96: {=MMS_Dairy_N2ODirect_Equations.VEERG_4_3_1_3__6_NitrogenRetainedByBody(F86,P65,P29,P91)} -> 0.014575548 | Q96: {=MMS_Dairy_N2ODirect_Equations.VEERG_4_3_1_3__6_NitrogenRetainedByBody(G86,Q65,Q29,Q91)} -> 0.0012626203 | R96: {=MMS_Dairy_N2ODirect_Equations.VEERG_4_3_1_3__6_NitrogenRetainedByBody(H86,R65,R29,R91)} -> 0.019757355 | S96: =$E$76 -> kg N/head/day
D100: {=MMS_Dairy_N2ODirect_Equations.VEERG_4_3_1_3__5_CrudeProteinIntakeOfDairyCattle_Title()} -> Crude protein intake of dairy cattle
D101: {=MMS_Dairy_N2ODirect_Equations.VEERG_4_3_1_3__5_CrudeProteinIntakeOfDairyCattle_Source()} -> VEERG 2026: 4.3.1.3, Equation (5)
D102: Function name | E102: {=Common_InputFunctions.Utility_DisplayFunctionName(D119)} -> =MMS_Dairy_N2ODirect_Equations.VEERG_4_3_1_3__5_CrudeProteinIntakeOfDairyCattle
D105: Variable | E105: {=MMS_Dairy_N2ODirect_Equations.VEERG_4_3_1_3__5_CrudeProteinIntakeOfDairyCattle_Variable()} -> CPI_j
D106: Unit | E106: {=MMS_Dairy_N2ODirect_Equations.VEERG_4_3_1_3__5_CrudeProteinIntakeOfDairyCattle_Unit()} -> kg/head/day
D108: {=MMS_Dairy_N2ODirect_Equations.VEERG_4_3_1_3__5_CrudeProteinIntakeOfDairyCattle_Arguments()} -> I_j | E108: dry matter intake (kgDM/head/day) | G108: ="See " & D47 -> See M1_Table_I_j
D109: CP_j | E109: crude protein content of feed intake (fraction) | G109: ="See " & D111 -> See M1_Table_CP_j
D111: M1_Table_CP_j | N111: M1_Table_CP_j
D112: Crude protein content of feed intake for each animal class j (Method 1) | N112: Crude protein content of feed intake for each animal class j (Method 1)
D113: Milking cows | E113: Heifers > 1 year | F113: Heifers < 1 year | G113: Bulls > 1 year | H113: Bulls < 1 year | N113: Milking cows | O113: Heifers > 1 year | P113: Heifers < 1 year | Q113: Bulls > 1 year | R113: Bulls < 1 year
D114: ='Input - Dairy'!E37 -> 0.2 | E114: ='Input - Dairy'!F37 -> 0.2 | F114: ='Input - Dairy'!G37 -> 0.2 | G114: ='Input - Dairy'!H37 -> 0.2 | H114: ='Input - Dairy'!I37 -> 0.2 | I114: Fraction | N114: ='Input - Dairy'!E42 -> 0.2 | O114: ='Input - Dairy'!F42 -> 0.2 | P114: ='Input - Dairy'!G42 -> 0.2 | Q114: ='Input - Dairy'!H42 -> 0.2 | R114: ='Input - Dairy'!I42 -> 0.2 | S114: Fraction
D116: M1_Table_CPI_j | N116: M1_Table_CPI_j
D117: Crude protein intake for each animal class j (Method 1) | N117: Crude protein intake for each animal class j (Method 1)
D118: Milking cows | E118: Heifers > 1 year | F118: Heifers < 1 year | G118: Bulls > 1 year | H118: Bulls < 1 year | N118: Milking cows | O118: Heifers > 1 year | P118: Heifers < 1 year | Q118: Bulls > 1 year | R118: Bulls < 1 year
D119: {=MMS_Dairy_N2ODirect_Equations.VEERG_4_3_1_3__5_CrudeProteinIntakeOfDairyCattle(D50,D114)} -> 1.8929426 | E119: {=MMS_Dairy_N2ODirect_Equations.VEERG_4_3_1_3__5_CrudeProteinIntakeOfDairyCattle(E50,E114)} -> 1.4837737 | F119: {=MMS_Dairy_N2ODirect_Equations.VEERG_4_3_1_3__5_CrudeProteinIntakeOfDairyCattle(F50,F114)} -> 0.80463469 | G119: {=MMS_Dairy_N2ODirect_Equations.VEERG_4_3_1_3__5_CrudeProteinIntakeOfDairyCattle(G50,G114)} -> 1.805404 | H119: {=MMS_Dairy_N2ODirect_Equations.VEERG_4_3_1_3__5_CrudeProteinIntakeOfDairyCattle(H50,H114)} -> 1.0828695 | I119: =$E$106 -> kg/head/day | N119: {=MMS_Dairy_N2ODirect_Equations.VEERG_4_3_1_3__5_CrudeProteinIntakeOfDairyCattle(N50,N114)} -> 1.8929426 | O119: {=MMS_Dairy_N2ODirect_Equations.VEERG_4_3_1_3__5_CrudeProteinIntakeOfDairyCattle(O50,O114)} -> 1.4837737 | P119: {=MMS_Dairy_N2ODirect_Equations.VEERG_4_3_1_3__5_CrudeProteinIntakeOfDairyCattle(P50,P114)} -> 0.80463469 | Q119: {=MMS_Dairy_N2ODirect_Equations.VEERG_4_3_1_3__5_CrudeProteinIntakeOfDairyCattle(Q50,Q114)} -> 1.805404 | R119: {=MMS_Dairy_N2ODirect_Equations.VEERG_4_3_1_3__5_CrudeProteinIntakeOfDairyCattle(R50,R114)} -> 1.0828695 | S119: =$E$106 -> kg/head/day
D123: {=MMS_Dairy_N2ODirect_Equations.VEERG_4_3_1_3__4_NitrogenExcretedByDairyCattleGreaterThanOneYear_Title()} -> Nitrogen excreted by dairy cattle greater than one year old
D124: {=MMS_Dairy_N2ODirect_Equations.VEERG_4_3_1_3__4_NitrogenExcretedByDairyCattleGreaterThanOneYear_Source()} -> VEERG 2026: 4.3.1.3, Equation (4)
D125: Function name | E125: {=Common_InputFunctions.Utility_DisplayFunctionName(D139)} -> =MMS_Dairy_N2ODirect_Equations.VEERG_4_3_1_3__4_NitrogenExcretedByDairyCattleGreaterThanOneYear
D129: Variable | E129: {=MMS_Dairy_N2ODirect_Equations.VEERG_4_3_1_3__4_NitrogenExcretedByDairyCattleGreaterThanOneYear_Variable()} -> NE_j
D130: Unit | E130: {=MMS_Dairy_N2ODirect_Equations.VEERG_4_3_1_3__4_NitrogenExcretedByDairyCattleGreaterThanOneYear_Unit()} -> kg N/head/day
D132: {=MMS_Dairy_N2ODirect_Equations.VEERG_4_3_1_3__4_NitrogenExcretedByDairyCattleGreaterThanOneYear_Arguments()} -> CPI_j | E132: crude protein intake (kg/head/day) | G132: ="See " &D116 -> See M1_Table_CPI_j
D133: NR_j | E133: amount of nitrogen retained by the body (kg N/head/day) | G133: ="See " & D93 -> See M1_Table_NR_j
D134: W_j | E134: liveweight (kg) | G134: ="See " & D16 -> See M1_Table_W_j
D136: M1_Table_NE_j | N136: M2_Table_NE_j
D137: Nitrogen excreted for each animal class j (Method 1) | N137: Nitrogen excreted for each animal class j (Method 2)
D138: Milking cows | E138: Heifers > 1 year | F138: Heifers < 1 year | G138: Bulls > 1 year | H138: Bulls < 1 year | N138: Milking cows | O138: Heifers > 1 year | P138: Heifers < 1 year | Q138: Bulls > 1 year | R138: Bulls < 1 year
D139: {=MMS_Dairy_N2ODirect_Equations.VEERG_4_3_1_3__4_NitrogenExcretedByDairyCattleGreaterThanOneYear(D119,D96,D19)} -> 0.26431897 | E139: {=MMS_Dairy_N2ODirect_Equations.VEERG_4_3_1_3__4_NitrogenExcretedByDairyCattleGreaterThanOneYear(E119,E96,E19)} -> 0.22709577 | F139: {=MMS_Dairy_N2ODirect_Equations.VEERG_4_3_1_3__4_NitrogenExcretedByDairyCattleGreaterThanOneYear(F119,F96,F19)} -> 0.11339286 | G139: {=MMS_Dairy_N2ODirect_Equations.VEERG_4_3_1_3__4_NitrogenExcretedByDairyCattleGreaterThanOneYear(G119,G96,G19)} -> 0.28546836 | H139: {=MMS_Dairy_N2ODirect_Equations.VEERG_4_3_1_3__4_NitrogenExcretedByDairyCattleGreaterThanOneYear(H119,H96,H19)} -> 0.15247929 | I139: =$E$130 -> kg N/head/day | N139: {=MMS_Dairy_N2ODirect_Equations.VEERG_4_3_1_3__4_NitrogenExcretedByDairyCattleGreaterThanOneYear(N119,N96,N19)} -> 0.26431897 | O139: {=MMS_Dairy_N2ODirect_Equations.VEERG_4_3_1_3__4_NitrogenExcretedByDairyCattleGreaterThanOneYear(O119,O96,O19)} -> 0.22709577 | P139: {=MMS_Dairy_N2ODirect_Equations.VEERG_4_3_1_3__4_NitrogenExcretedByDairyCattleGreaterThanOneYear(P119,P96,P19)} -> 0.11339286 | Q139: {=MMS_Dairy_N2ODirect_Equations.VEERG_4_3_1_3__4_NitrogenExcretedByDairyCattleGreaterThanOneYear(Q119,Q96,Q19)} -> 0.28546836 | R139: {=MMS_Dairy_N2ODirect_Equations.VEERG_4_3_1_3__4_NitrogenExcretedByDairyCattleGreaterThanOneYear(R119,R96,R19)} -> 0.15247929 | S139: =$E$130 -> kg N/head/day
D143: {=MMS_Dairy_N2ODirect_Equations.VEERG_4_3_1_3__3a_TotalAnnualNitrogenExcretedGreaterThanOneYear_Title()} -> Total annual nitrogen excreted by dairy cattle greater than one year old
...

Sheet 4.3.1.5 Atmos deposition
A1: #VALUE! | C1: 4.3.1.5 Manure Atmospheric Deposition
A3: =HYPERLINK("#'Home'!A1", "Home") -> Home | D3: Method 1 | O3: Method 2
A4: =HYPERLINK("#'Results'!A1", "Results") -> Results
D5: {=MMS_Dairy_AtmosphericDeposition_Equations.VEERG_4_3_1_5__2_TotalNitrogenVolatilisedFromMMS_Title()} -> Total nitrogen volatilised from MMS | G5: There is no method 2 in VEERG doc, but there are method 2 flow-ons from direct N2O
A6: INPUTS | D6: {=MMS_Dairy_AtmosphericDeposition_Equations.VEERG_4_3_1_5__2_TotalNitrogenVolatilisedFromMMS_Source()} -> VEERG 2026: 4.3.1.5, Equation (2)
A7: =HYPERLINK("#'Input - Site'!A1", "Site") -> Site | D7: Function name | E7: {=Common_InputFunctions.Utility_DisplayFunctionName(F40)} -> =MMS_Dairy_AtmosphericDeposition_Equations.VEERG_4_3_1_5__2_TotalNitrogenVolatilisedFromMMS
A8: =HYPERLINK("#'Input - Dairy'!A1", "Dairy") -> Dairy
A10: CALCULATIONS | D10: Variable | E10: {=MMS_Dairy_AtmosphericDeposition_Equations.VEERG_4_3_1_5__2_TotalNitrogenVolatilisedFromMMS_Variable()} -> MN_ATMOS
A11: =HYPERLINK("#'4.3.1.1-2 Methane'!A1", "4.3.1.1-2 Methane") -> 4.3.1.1-2 Methane | D11: Unit | E11: {=MMS_Dairy_AtmosphericDeposition_Equations.VEERG_4_3_1_5__2_TotalNitrogenVolatilisedFromMMS_Unit()} -> kg N
A12: =HYPERLINK("#'4.3.1.3-4 Direct N20'!A1", "4.3.1.3-4 Direct N2O") -> 4.3.1.3-4 Direct N2O
A13: =HYPERLINK("#'4.3.1.5 Atmos Deposition'!A1", "4.3.1.5 Atmospheric deposition") -> 4.3.1.5 Atmospheric deposition | D13: {=MMS_Dairy_AtmosphericDeposition_Equations.VEERG_4_3_1_5__2_TotalNitrogenVolatilisedFromMMS_Arguments()} -> MN_jm | E13: total nitrogen in each MMS for dairy cattle classes (kg N) | G13: ="See " & $D$16 -> See M1_Table_MN_j_m
A14: =HYPERLINK("#'4.3.1.6-7 Leaching and runoff'!A1", "4.3.1.6-7 Leaching and runoff") -> 4.3.1.6-7 Leaching and runoff | D14: FracGASM_m | E14: fraction of N volatilised from MMS (fraction) | G14: ="See " & $D$28 -> See Table_FracGASM_m
A15: =HYPERLINK("#'4.3.1.8 Manure applied to soils'!A1", "4.3.1.8 Manure applied to soils") -> 4.3.1.8 Manure applied to soils
A16: =HYPERLINK("#'4.3.1.9 Soil direct N2O'!A1", "4.3.1.9 Soil direct N2O") -> 4.3.1.9 Soil direct N2O | D16: M1_Table_MN_j_m | O16: M2_Table_MN_j_m
A17: =HYPERLINK("#'4.3.1.10-11 Soil Atmos Dep'!A1", "4.3.1.10-11 Soil atm. deposition") -> 4.3.1.10-11 Soil atm. deposition | D17: Total nitrogen in each MMS (Method 1) | O17: Total nitrogen in each MMS (Method 2)
A18: =HYPERLINK("#'4.3.1.12-13 Soil leach runoff'!A1", "4.3.1.12-13 Soil leach & runoff") -> 4.3.1.12-13 Soil leach & runoff | D18: Production system | E18: MMS | F18: Milking cows | G18: Heifers > 1 year | H18: Heifers < 1 year | I18: Bulls > 1 year | J18: Bulls < 1 year | O18: Production system | P18: MMS | Q18: Milking cows | R18: Heifers > 1 year | S18: Heifers < 1 year | T18: Bulls > 1 year | U18: Bulls < 1 year
D19: ='Input - Dairy'!$D$54 -> Milking shed | E19: ='Input - Dairy'!$D$67 -> Anaerobic lagoon | F19: ='4.3.1.3-4 Direct N20'!$F$236 -> 212.24813 | G19: ='4.3.1.3-4 Direct N20'!$G$236 -> 182.3579 | H19: ='4.3.1.3-4 Direct N20'!$H$236 -> 72.631224 | I19: ='4.3.1.3-4 Direct N20'!$I$236 -> 229.2311 | J19: ='4.3.1.3-4 Direct N20'!$J$236 -> 95.962857 | K19: kg N | O19: ='Input - Dairy'!$D$54 -> Milking shed | P19: ='Input - Dairy'!$D$67 -> Anaerobic lagoon | Q19: ='4.3.1.3-4 Direct N20'!$P$236 -> 212.24813 | R19: ='4.3.1.3-4 Direct N20'!$Q$236 -> 182.3579 | S19: ='4.3.1.3-4 Direct N20'!$R$236 -> 72.631224 | T19: ='4.3.1.3-4 Direct N20'!$S$236 -> 229.2311 | U19: ='4.3.1.3-4 Direct N20'!$T$236 -> 95.962857 | V19: kg N
A20: APPENDICES | D20: ='Input - Dairy'!$D$54 -> Milking shed | E20: ='Input - Dairy'!$D$72 -> Sump and dispersal system | F20: ='4.3.1.3-4 Direct N20'!$F$237 -> 212.24813 | G20: ='4.3.1.3-4 Direct N20'!$G$237 -> 182.3579 | H20: ='4.3.1.3-4 Direct N20'!$H$237 -> 72.631224 | I20: ='4.3.1.3-4 Direct N20'!$I$237 -> 229.2311 | J20: ='4.3.1.3-4 Direct N20'!$J$237 -> 95.962857 | K20: kg N | O20: ='Input - Dairy'!$D$54 -> Milking shed | P20: ='Input - Dairy'!$D$72 -> Sump and dispersal system | Q20: ='4.3.1.3-4 Direct N20'!$P$237 -> 212.24813 | R20: ='4.3.1.3-4 Direct N20'!$Q$237 -> 182.3579 | S20: ='4.3.1.3-4 Direct N20'!$R$237 -> 72.631224 | T20: ='4.3.1.3-4 Direct N20'!$S$237 -> 229.2311 | U20: ='4.3.1.3-4 Direct N20'!$T$237 -> 95.962857 | V20: kg N
A21: =HYPERLINK("#'Constants - Dairy'!A1", "Constants - Dairy") -> Constants - Dairy | D21: ='Input - Dairy'!$D$54 -> Milking shed | E21: ='Input - Dairy'!$D$77 -> Drains to paddock | F21: ='4.3.1.3-4 Direct N20'!$F$238 -> 212.24813 | G21: ='4.3.1.3-4 Direct N20'!$G$238 -> 182.3579 | H21: ='4.3.1.3-4 Direct N20'!$H$238 -> 72.631224 | I21: ='4.3.1.3-4 Direct N20'!$I$238 -> 229.2311 | J21: ='4.3.1.3-4 Direct N20'!$J$238 -> 95.962857 | K21: kg N | O21: ='Input - Dairy'!$D$54 -> Milking shed | P21: ='Input - Dairy'!$D$77 -> Drains to paddock | Q21: ='4.3.1.3-4 Direct N20'!$P$238 -> 212.24813 | R21: ='4.3.1.3-4 Direct N20'!$Q$238 -> 182.3579 | S21: ='4.3.1.3-4 Direct N20'!$R$238 -> 72.631224 | T21: ='4.3.1.3-4 Direct N20'!$S$238 -> 229.2311 | U21: ='4.3.1.3-4 Direct N20'!$T$238 -> 95.962857 | V21: kg N
A22: =HYPERLINK("#'Constants - Livestock'!A1", "Constants - Livestock") -> Constants - Livestock | D22: ='Input - Dairy'!$D$54 -> Milking shed | E22: ='Input - Dairy'!$D$82 -> Solid storage | F22: ='4.3.1.3-4 Direct N20'!$F$239 -> 424.49627 | G22: ='4.3.1.3-4 Direct N20'!$G$239 -> 364.71581 | H22: ='4.3.1.3-4 Direct N20'!$H$239 -> 145.26245 | I22: ='4.3.1.3-4 Direct N20'!$I$239 -> 458.46219 | J22: ='4.3.1.3-4 Direct N20'!$J$239 -> 191.92571 | K22: kg N | O22: ='Input - Dairy'!$D$54 -> Milking shed | P22: ='Input - Dairy'!$D$82 -> Solid storage | Q22: ='4.3.1.3-4 Direct N20'!$P$239 -> 424.49627 | R22: ='4.3.1.3-4 Direct N20'!$Q$239 -> 364.71581 | S22: ='4.3.1.3-4 Direct N20'!$R$239 -> 145.26245 | T22: ='4.3.1.3-4 Direct N20'!$S$239 -> 458.46219 | U22: ='4.3.1.3-4 Direct N20'!$T$239 -> 191.92571 | V22: kg N
A23: =HYPERLINK("#'Constants - Common'!A1", "Constants - Common") -> Constants - Common | D23: ='Input - Dairy'!$D$55 -> Feed pad | E23: ='Input - Dairy'!$D$101 -> Anaerobic lagoon | F23: ='4.3.1.3-4 Direct N20'!$F$240 -> 858.64017 | G23: ='4.3.1.3-4 Direct N20'!$G$240 -> 737.72061 | H23: ='4.3.1.3-4 Direct N20'!$H$240 -> 293.82632 | I23: ='4.3.1.3-4 Direct N20'!$I$240 -> 927.34398 | J23: ='4.3.1.3-4 Direct N20'!$J$240 -> 388.21338 | K23: kg N | O23: ='Input - Dairy'!$D$55 -> Feed pad | P23: ='Input - Dairy'!$D$101 -> Anaerobic lagoon | Q23: ='4.3.1.3-4 Direct N20'!$P$240 -> 858.64017 | R23: ='4.3.1.3-4 Direct N20'!$Q$240 -> 737.72061 | S23: ='4.3.1.3-4 Direct N20'!$R$240 -> 293.82632 | T23: ='4.3.1.3-4 Direct N20'!$S$240 -> 927.34398 | U23: ='4.3.1.3-4 Direct N20'!$T$240 -> 388.21338 | V23: kg N
A24: =HYPERLINK("#'Acknowledgements'!A1", "Acknowledgements") -> Acknowledgements | D24: ='Input - Dairy'!$D$55 -> Feed pad | E24: ='Input - Dairy'!$D$106 -> Sump and dispersal system | F24: ='4.3.1.3-4 Direct N20'!$F$241 -> 686.91214 | G24: ='4.3.1.3-4 Direct N20'!$G$241 -> 590.17649 | H24: ='4.3.1.3-4 Direct N20'!$H$241 -> 235.06105 | I24: ='4.3.1.3-4 Direct N20'!$I$241 -> 741.87518 | J24: ='4.3.1.3-4 Direct N20'!$J$241 -> 310.5707 | K24: kg N | O24: ='Input - Dairy'!$D$55 -> Feed pad | P24: ='Input - Dairy'!$D$106 -> Sump and dispersal system | Q24: ='4.3.1.3-4 Direct N20'!$P$241 -> 686.91214 | R24: ='4.3.1.3-4 Direct N20'!$Q$241 -> 590.17649 | S24: ='4.3.1.3-4 Direct N20'!$R$241 -> 235.06105 | T24: ='4.3.1.3-4 Direct N20'!$S$241 -> 741.87518 | U24: ='4.3.1.3-4 Direct N20'!$T$241 -> 310.5707 | V24: kg N
D25: ='Input - Dairy'!$D$55 -> Feed pad | E25: ='Input - Dairy'!$D$111 -> Drains to paddock | F25: ='4.3.1.3-4 Direct N20'!$F$242 -> 686.91214 | G25: ='4.3.1.3-4 Direct N20'!$G$242 -> 590.17649 | H25: ='4.3.1.3-4 Direct N20'!$H$242 -> 235.06105 | I25: ='4.3.1.3-4 Direct N20'!$I$242 -> 741.87518 | J25: ='4.3.1.3-4 Direct N20'!$J$242 -> 310.5707 | K25: kg N | O25: ='Input - Dairy'!$D$55 -> Feed pad | P25: ='Input - Dairy'!$D$111 -> Drains to paddock | Q25: ='4.3.1.3-4 Direct N20'!$P$242 -> 686.91214 | R25: ='4.3.1.3-4 Direct N20'!$Q$242 -> 590.17649 | S25: ='4.3.1.3-4 Direct N20'!$R$242 -> 235.06105 | T25: ='4.3.1.3-4 Direct N20'!$S$242 -> 741.87518 | U25: ='4.3.1.3-4 Direct N20'!$T$242 -> 310.5707 | V25: kg N
D26: ='Input - Dairy'!$D$55 -> Feed pad | E26: ='Input - Dairy'!$D$116 -> Solid storage | F26: ='4.3.1.3-4 Direct N20'!$F$243 -> 1202.0962 | G26: ='4.3.1.3-4 Direct N20'!$G$243 -> 1032.8088 | H26: ='4.3.1.3-4 Direct N20'!$H$243 -> 411.35684 | I26: ='4.3.1.3-4 Direct N20'!$I$243 -> 1298.2816 | J26: ='4.3.1.3-4 Direct N20'!$J$243 -> 543.49873 | K26: kg N | O26: ='Input - Dairy'!$D$55 -> Feed pad | P26: ='Input - Dairy'!$D$116 -> Solid storage | Q26: ='4.3.1.3-4 Direct N20'!$P$243 -> 1202.0962 | R26: ='4.3.1.3-4 Direct N20'!$Q$243 -> 1032.8088 | S26: ='4.3.1.3-4 Direct N20'!$R$243 -> 411.35684 | T26: ='4.3.1.3-4 Direct N20'!$S$243 -> 1298.2816 | U26: ='4.3.1.3-4 Direct N20'!$T$243 -> 543.49873 | V26: kg N
D28: Table_FracGASM_m
D29: Fraction N volatilised from each MS
D30: MMS | E30: FracGASMm
D31: {=Table_SourceData_Dairy_EFmFracGASM[NIR reference]} -> Pasture range and paddock | E31: {=Table_SourceData_Dairy_EFmFracGASM[FracGASMm]} -> 0 | F31: ='Constants - Dairy'!$D$84 -> kg N2O-N/kg N excreted
D32: Anaerobic lagoon | E32: 0.35 | F32: ='Constants - Dairy'!$D$84 -> kg N2O-N/kg N excreted
D33: Sump and dispersal system | E33: 0.07 | F33: ='Constants - Dairy'!$D$84 -> kg N2O-N/kg N excreted
D34: Drains to paddock | E34: 0.2 | F34: ='Constants - Dairy'!$D$84 -> kg N2O-N/kg N excreted
D35: Solid storage | E35: 0.3 | F35: ='Constants - Dairy'!$D$84 -> kg N2O-N/kg N excreted
D37: M1_Table_MN_atmos | O37: M2_Table_MN_atmos
D38: Total nitrogen volatilised from each MMS (Method 1) | O38: Total nitrogen volatilised from each MMS (Method 2)
D39: Production system | E39: MMS | F39: Milking cows | G39: Heifers > 1 year | H39: Heifers < 1 year | I39: Bulls > 1 year | J39: Bulls < 1 year | O39: Production system | P39: MMS | Q39: Milking cows | R39: Heifers > 1 year | S39: Heifers < 1 year | T39: Bulls > 1 year | U39: Bulls < 1 year
D40: ='Input - Dairy'!$D$54 -> Milking shed | E40: ='Input - Dairy'!$D$67 -> Anaerobic lagoon | F40: {=MMS_Dairy_AtmosphericDeposition_Equations.VEERG_4_3_1_5__2_TotalNitrogenVolatilisedFromMMS(F19,$E32)} -> 74.286847 | G40: {=MMS_Dairy_AtmosphericDeposition_Equations.VEERG_4_3_1_5__2_TotalNitrogenVolatilisedFromMMS(G19,$E32)} -> 63.825266 | H40: {=MMS_Dairy_AtmosphericDeposition_Equations.VEERG_4_3_1_5__2_TotalNitrogenVolatilisedFromMMS(H19,$E32)} -> 25.420928 | I40: {=MMS_Dairy_AtmosphericDeposition_Equations.VEERG_4_3_1_5__2_TotalNitrogenVolatilisedFromMMS(I19,$E32)} -> 80.230884 | J40: {=MMS_Dairy_AtmosphericDeposition_Equations.VEERG_4_3_1_5__2_TotalNitrogenVolatilisedFromMMS(J19,$E32)} -> 33.587 | K40: kg N | O40: ='Input - Dairy'!$D$54 -> Milking shed | P40: ='Input - Dairy'!$D$67 -> Anaerobic lagoon | Q40: {=MMS_Dairy_AtmosphericDeposition_Equations.VEERG_4_3_1_5__2_TotalNitrogenVolatilisedFromMMS(Q19,$E32)} -> 74.286847 | R40: {=MMS_Dairy_AtmosphericDeposition_Equations.VEERG_4_3_1_5__2_TotalNitrogenVolatilisedFromMMS(R19,$E32)} -> 63.825266 | S40: {=MMS_Dairy_AtmosphericDeposition_Equations.VEERG_4_3_1_5__2_TotalNitrogenVolatilisedFromMMS(S19,$E32)} -> 25.420928 | T40: {=MMS_Dairy_AtmosphericDeposition_Equations.VEERG_4_3_1_5__2_TotalNitrogenVolatilisedFromMMS(T19,$E32)} -> 80.230884 | U40: {=MMS_Dairy_AtmosphericDeposition_Equations.VEERG_4_3_1_5__2_TotalNitrogenVolatilisedFromMMS(U19,$E32)} -> 33.587 | V40: kg N
D41: ='Input - Dairy'!$D$54 -> Milking shed | E41: ='Input - Dairy'!$D$72 -> Sump and dispersal system | F41: {=MMS_Dairy_AtmosphericDeposition_Equations.VEERG_4_3_1_5__2_TotalNitrogenVolatilisedFromMMS(F20,$E33)} -> 14.857369 | G41: {=MMS_Dairy_AtmosphericDeposition_Equations.VEERG_4_3_1_5__2_TotalNitrogenVolatilisedFromMMS(G20,$E33)} -> 12.765053 | H41: {=MMS_Dairy_AtmosphericDeposition_Equations.VEERG_4_3_1_5__2_TotalNitrogenVolatilisedFromMMS(H20,$E33)} -> 5.0841857 | I41: {=MMS_Dairy_AtmosphericDeposition_Equations.VEERG_4_3_1_5__2_TotalNitrogenVolatilisedFromMMS(I20,$E33)} -> 16.046177 | J41: {=MMS_Dairy_AtmosphericDeposition_Equations.VEERG_4_3_1_5__2_TotalNitrogenVolatilisedFromMMS(J20,$E33)} -> 6.7174 | K41: kg N | O41: ='Input - Dairy'!$D$54 -> Milking shed | P41: ='Input - Dairy'!$D$72 -> Sump and dispersal system | Q41: {=MMS_Dairy_AtmosphericDeposition_Equations.VEERG_4_3_1_5__2_TotalNitrogenVolatilisedFromMMS(Q20,$E33)} -> 14.857369 | R41: {=MMS_Dairy_AtmosphericDeposition_Equations.VEERG_4_3_1_5__2_TotalNitrogenVolatilisedFromMMS(R20,$E33)} -> 12.765053 | S41: {=MMS_Dairy_AtmosphericDeposition_Equations.VEERG_4_3_1_5__2_TotalNitrogenVolatilisedFromMMS(S20,$E33)} -> 5.0841857 | T41: {=MMS_Dairy_AtmosphericDeposition_Equations.VEERG_4_3_1_5__2_TotalNitrogenVolatilisedFromMMS(T20,$E33)} -> 16.046177 | U41: {=MMS_Dairy_AtmosphericDeposition_Equations.VEERG_4_3_1_5__2_TotalNitrogenVolatilisedFromMMS(U20,$E33)} -> 6.7174 | V41: kg N
D42: ='Input - Dairy'!$D$54 -> Milking shed | E42: ='Input - Dairy'!$D$77 -> Drains to paddock | F42: {=MMS_Dairy_AtmosphericDeposition_Equations.VEERG_4_3_1_5__2_TotalNitrogenVolatilisedFromMMS(F21,$E34)} -> 42.449627 | G42: {=MMS_Dairy_AtmosphericDeposition_Equations.VEERG_4_3_1_5__2_TotalNitrogenVolatilisedFromMMS(G21,$E34)} -> 36.471581 | H42: {=MMS_Dairy_AtmosphericDeposition_Equations.VEERG_4_3_1_5__2_TotalNitrogenVolatilisedFromMMS(H21,$E34)} -> 14.526245 | I42: {=MMS_Dairy_AtmosphericDeposition_Equations.VEERG_4_3_1_5__2_TotalNitrogenVolatilisedFromMMS(I21,$E34)} -> 45.846219 | J42: {=MMS_Dairy_AtmosphericDeposition_Equations.VEERG_4_3_1_5__2_TotalNitrogenVolatilisedFromMMS(J21,$E34)} -> 19.192571 | K42: kg N | O42: ='Input - Dairy'!$D$54 -> Milking shed | P42: ='Input - Dairy'!$D$77 -> Drains to paddock | Q42: {=MMS_Dairy_AtmosphericDeposition_Equations.VEERG_4_3_1_5__2_TotalNitrogenVolatilisedFromMMS(Q21,$E34)} -> 42.449627 | R42: {=MMS_Dairy_AtmosphericDeposition_Equations.VEERG_4_3_1_5__2_TotalNitrogenVolatilisedFromMMS(R21,$E34)} -> 36.471581 | S42: {=MMS_Dairy_AtmosphericDeposition_Equations.VEERG_4_3_1_5__2_TotalNitrogenVolatilisedFromMMS(S21,$E34)} -> 14.526245 | T42: {=MMS_Dairy_AtmosphericDeposition_Equations.VEERG_4_3_1_5__2_TotalNitrogenVolatilisedFromMMS(T21,$E34)} -> 45.846219 | U42: {=MMS_Dairy_AtmosphericDeposition_Equations.VEERG_4_3_1_5__2_TotalNitrogenVolatilisedFromMMS(U21,$E34)} -> 19.192571 | V42: kg N
D43: ='Input - Dairy'!$D$54 -> Milking shed | E43: ='Input - Dairy'!$D$82 -> Solid storage | F43: {=MMS_Dairy_AtmosphericDeposition_Equations.VEERG_4_3_1_5__2_TotalNitrogenVolatilisedFromMMS(F22,$E35)} -> 127.34888 | G43: {=MMS_Dairy_AtmosphericDeposition_Equations.VEERG_4_3_1_5__2_TotalNitrogenVolatilisedFromMMS(G22,$E35)} -> 109.41474 | H43: {=MMS_Dairy_AtmosphericDeposition_Equations.VEERG_4_3_1_5__2_TotalNitrogenVolatilisedFromMMS(H22,$E35)} -> 43.578734 | I43: {=MMS_Dairy_AtmosphericDeposition_Equations.VEERG_4_3_1_5__2_TotalNitrogenVolatilisedFromMMS(I22,$E35)} -> 137.53866 | J43: {=MMS_Dairy_AtmosphericDeposition_Equations.VEERG_4_3_1_5__2_TotalNitrogenVolatilisedFromMMS(J22,$E35)} -> 57.577714 | K43: kg N | O43: ='Input - Dairy'!$D$54 -> Milking shed | P43: ='Input - Dairy'!$D$82 -> Solid storage | Q43: {=MMS_Dairy_AtmosphericDeposition_Equations.VEERG_4_3_1_5__2_TotalNitrogenVolatilisedFromMMS(Q22,$E35)} -> 127.34888 | R43: {=MMS_Dairy_AtmosphericDeposition_Equations.VEERG_4_3_1_5__2_TotalNitrogenVolatilisedFromMMS(R22,$E35)} -> 109.41474 | S43: {=MMS_Dairy_AtmosphericDeposition_Equations.VEERG_4_3_1_5__2_TotalNitrogenVolatilisedFromMMS(S22,$E35)} -> 43.578734 | T43: {=MMS_Dairy_AtmosphericDeposition_Equations.VEERG_4_3_1_5__2_TotalNitrogenVolatilisedFromMMS(T22,$E35)} -> 137.53866 | U43: {=MMS_Dairy_AtmosphericDeposition_Equations.VEERG_4_3_1_5__2_TotalNitrogenVolatilisedFromMMS(U22,$E35)} -> 57.577714 | V43: kg N
D44: ='Input - Dairy'!$D$55 -> Feed pad | E44: ='Input - Dairy'!$D$101 -> Anaerobic lagoon | F44: {=MMS_Dairy_AtmosphericDeposition_Equations.VEERG_4_3_1_5__2_TotalNitrogenVolatilisedFromMMS(F23, $E32)} -> 300.52406 | G44: {=MMS_Dairy_AtmosphericDeposition_Equations.VEERG_4_3_1_5__2_TotalNitrogenVolatilisedFromMMS(G23, $E32)} -> 258.20221 | H44: {=MMS_Dairy_AtmosphericDeposition_Equations.VEERG_4_3_1_5__2_TotalNitrogenVolatilisedFromMMS(H23, $E32)} -> 102.83921 | I44: {=MMS_Dairy_AtmosphericDeposition_Equations.VEERG_4_3_1_5__2_TotalNitrogenVolatilisedFromMMS(I23, $E32)} -> 324.57039 | J44: {=MMS_Dairy_AtmosphericDeposition_Equations.VEERG_4_3_1_5__2_TotalNitrogenVolatilisedFromMMS(J23, $E32)} -> 135.87468 | K44: kg N | O44: ='Input - Dairy'!$D$55 -> Feed pad | P44: ='Input - Dairy'!$D$101 -> Anaerobic lagoon | Q44: {=MMS_Dairy_AtmosphericDeposition_Equations.VEERG_4_3_1_5__2_TotalNitrogenVolatilisedFromMMS(Q23, $E32)} -> 300.52406 | R44: {=MMS_Dairy_AtmosphericDeposition_Equations.VEERG_4_3_1_5__2_TotalNitrogenVolatilisedFromMMS(R23, $E32)} -> 258.20221 | S44: {=MMS_Dairy_AtmosphericDeposition_Equations.VEERG_4_3_1_5__2_TotalNitrogenVolatilisedFromMMS(S23, $E32)} -> 102.83921 | T44: {=MMS_Dairy_AtmosphericDeposition_Equations.VEERG_4_3_1_5__2_TotalNitrogenVolatilisedFromMMS(T23, $E32)} -> 324.57039 | U44: {=MMS_Dairy_AtmosphericDeposition_Equations.VEERG_4_3_1_5__2_TotalNitrogenVolatilisedFromMMS(U23, $E32)} -> 135.87468 | V44: kg N
D45: ='Input - Dairy'!$D$55 -> Feed pad | E45: ='Input - Dairy'!$D$106 -> Sump and dispersal system | F45: {=MMS_Dairy_AtmosphericDeposition_Equations.VEERG_4_3_1_5__2_TotalNitrogenVolatilisedFromMMS(F24, $E33)} -> 48.08385 | G45: {=MMS_Dairy_AtmosphericDeposition_Equations.VEERG_4_3_1_5__2_TotalNitrogenVolatilisedFromMMS(G24, $E33)} -> 41.312354 | H45: {=MMS_Dairy_AtmosphericDeposition_Equations.VEERG_4_3_1_5__2_TotalNitrogenVolatilisedFromMMS(H24, $E33)} -> 16.454274 | I45: {=MMS_Dairy_AtmosphericDeposition_Equations.VEERG_4_3_1_5__2_TotalNitrogenVolatilisedFromMMS(I24, $E33)} -> 51.931263 | J45: {=MMS_Dairy_AtmosphericDeposition_Equations.VEERG_4_3_1_5__2_TotalNitrogenVolatilisedFromMMS(J24, $E33)} -> 21.739949 | K45: kg N | O45: ='Input - Dairy'!$D$55 -> Feed pad | P45: ='Input - Dairy'!$D$106 -> Sump and dispersal system | Q45: {=MMS_Dairy_AtmosphericDeposition_Equations.VEERG_4_3_1_5__2_TotalNitrogenVolatilisedFromMMS(Q24, $E33)} -> 48.08385 | R45: {=MMS_Dairy_AtmosphericDeposition_Equations.VEERG_4_3_1_5__2_TotalNitrogenVolatilisedFromMMS(R24, $E33)} -> 41.312354 | S45: {=MMS_Dairy_AtmosphericDeposition_Equations.VEERG_4_3_1_5__2_TotalNitrogenVolatilisedFromMMS(S24, $E33)} -> 16.454274 | T45: {=MMS_Dairy_AtmosphericDeposition_Equations.VEERG_4_3_1_5__2_TotalNitrogenVolatilisedFromMMS(T24, $E33)} -> 51.931263 | U45: {=MMS_Dairy_AtmosphericDeposition_Equations.VEERG_4_3_1_5__2_TotalNitrogenVolatilisedFromMMS(U24, $E33)} -> 21.739949 | V45: kg N
D46: ='Input - Dairy'!$D$55 -> Feed pad | E46: ='Input - Dairy'!$D$111 -> Drains to paddock | F46: {=MMS_Dairy_AtmosphericDeposition_Equations.VEERG_4_3_1_5__2_TotalNitrogenVolatilisedFromMMS(F25, $E34)} -> 137.38243 | G46: {=MMS_Dairy_AtmosphericDeposition_Equations.VEERG_4_3_1_5__2_TotalNitrogenVolatilisedFromMMS(G25, $E34)} -> 118.0353 | H46: {=MMS_Dairy_AtmosphericDeposition_Equations.VEERG_4_3_1_5__2_TotalNitrogenVolatilisedFromMMS(H25, $E34)} -> 47.012211 | I46: {=MMS_Dairy_AtmosphericDeposition_Equations.VEERG_4_3_1_5__2_TotalNitrogenVolatilisedFromMMS(I25, $E34)} -> 148.37504 | J46: {=MMS_Dairy_AtmosphericDeposition_Equations.VEERG_4_3_1_5__2_TotalNitrogenVolatilisedFromMMS(J25, $E34)} -> 62.11414 | K46: kg N | O46: ='Input - Dairy'!$D$55 -> Feed pad | P46: ='Input - Dairy'!$D$111 -> Drains to paddock | Q46: {=MMS_Dairy_AtmosphericDeposition_Equations.VEERG_4_3_1_5__2_TotalNitrogenVolatilisedFromMMS(Q25, $E34)} -> 137.38243 | R46: {=MMS_Dairy_AtmosphericDeposition_Equations.VEERG_4_3_1_5__2_TotalNitrogenVolatilisedFromMMS(R25, $E34)} -> 118.0353 | S46: {=MMS_Dairy_AtmosphericDeposition_Equations.VEERG_4_3_1_5__2_TotalNitrogenVolatilisedFromMMS(S25, $E34)} -> 47.012211 | T46: {=MMS_Dairy_AtmosphericDeposition_Equations.VEERG_4_3_1_5__2_TotalNitrogenVolatilisedFromMMS(T25, $E34)} -> 148.37504 | U46: {=MMS_Dairy_AtmosphericDeposition_Equations.VEERG_4_3_1_5__2_TotalNitrogenVolatilisedFromMMS(U25, $E34)} -> 62.11414 | V46: kg N
D47: ='Input - Dairy'!$D$55 -> Feed pad | E47: ='Input - Dairy'!$D$116 -> Solid storage | F47: {=MMS_Dairy_AtmosphericDeposition_Equations.VEERG_4_3_1_5__2_TotalNitrogenVolatilisedFromMMS(F26, $E35)} -> 360.62887 | G47: {=MMS_Dairy_AtmosphericDeposition_Equations.VEERG_4_3_1_5__2_TotalNitrogenVolatilisedFromMMS(G26, $E35)} -> 309.84265 | H47: {=MMS_Dairy_AtmosphericDeposition_Equations.VEERG_4_3_1_5__2_TotalNitrogenVolatilisedFromMMS(H26, $E35)} -> 123.40705 | I47: {=MMS_Dairy_AtmosphericDeposition_Equations.VEERG_4_3_1_5__2_TotalNitrogenVolatilisedFromMMS(I26, $E35)} -> 389.48447 | J47: {=MMS_Dairy_AtmosphericDeposition_Equations.VEERG_4_3_1_5__2_TotalNitrogenVolatilisedFromMMS(J26, $E35)} -> 163.04962 | K47: kg N | O47: ='Input - Dairy'!$D$55 -> Feed pad | P47: ='Input - Dairy'!$D$116 -> Solid storage | Q47: {=MMS_Dairy_AtmosphericDeposition_Equations.VEERG_4_3_1_5__2_TotalNitrogenVolatilisedFromMMS(Q26, $E35)} -> 360.62887 | R47: {=MMS_Dairy_AtmosphericDeposition_Equations.VEERG_4_3_1_5__2_TotalNitrogenVolatilisedFromMMS(R26, $E35)} -> 309.84265 | S47: {=MMS_Dairy_AtmosphericDeposition_Equations.VEERG_4_3_1_5__2_TotalNitrogenVolatilisedFromMMS(S26, $E35)} -> 123.40705 | T47: {=MMS_Dairy_AtmosphericDeposition_Equations.VEERG_4_3_1_5__2_TotalNitrogenVolatilisedFromMMS(T26, $E35)} -> 389.48447 | U47: {=MMS_Dairy_AtmosphericDeposition_Equations.VEERG_4_3_1_5__2_TotalNitrogenVolatilisedFromMMS(U26, $E35)} -> 163.04962 | V47: kg N
D49: MNATMOS | E49: =SUM(F40:J47) -> 4127.6301 | F49: =$E$11 -> kg N | O49: MNATMOS | P49: =SUM(Q40:U47) -> 4127.6301 | Q49: =$E$11 -> kg N
D53: {=MMS_Dairy_AtmosphericDeposition_Equations.VEERG_4_3_1_5__1_AnnualAtmosphericDepositionEmissionsFromMMS_Title()} -> Annual atmospheric deposition emissions from MMS
D54: {=MMS_Dairy_AtmosphericDeposition_Equations.VEERG_4_3_1_5__1_AnnualAtmosphericDepositionEmissionsFromMMS_Source()} -> VEERG 2026: 4.3.1.5, Equation (1)
D55: Function name | E55: {=Common_InputFunctions.Utility_DisplayFunctionName($E$68)} -> =MMS_Dairy_AtmosphericDeposition_Equations.VEERG_4_3_1_5__1_AnnualAtmosphericDepositionEmissionsFromMMS
D58: Variable | E58: {=MMS_Dairy_AtmosphericDeposition_Equations.VEERG_4_3_1_5__1_AnnualAtmosphericDepositionEmissionsFromMMS_Variable()} -> E_N2OMMSad
D59: Unit | E59: {=MMS_Dairy_AtmosphericDeposition_Equations.VEERG_4_3_1_5__1_AnnualAtmosphericDepositionEmissionsFromMMS_Unit()} -> t N2O
D61: {=MMS_Dairy_AtmosphericDeposition_Equations.VEERG_4_3_1_5__1_AnnualAtmosphericDepositionEmissionsFromMMS_Arguments()} -> MN_ATMOS | E61: mass of N volatilised from MMS (kg N) | G61: =$E$49 -> 4127.6301 | O61: =D61 -> MN_ATMOS | P61: =E61 -> mass of N volatilised from MMS (kg N) | R61: =$E$49 -> 4127.6301
D62: EF_N2O | E62: nitrous oxide emission factor for atmospheric deposition (kg N2O-N/kg N) | G62: =Common_InputFunctions.Utility_LookupN2OEFFromProdIrrigationRainfall(G64,G65,G66,Table_SourceData_Common_EFN2O[Production system only],Table_SourceData_Common_EFN2O[Irrigation method],Table_SourceData_Common_EFN2O[Rainfall zone],Table_SourceData_Common_EFN2O[EFN2O]) -> 0.0059
D63: C_N2O | E63: factor to convert elemental mass of N2O to molecular mass | G63: =Common_InputFunctions.Utility_LookupValueInTableNumber("N2O",Table_GasToMolecularConversionFactor[Gas],Table_GasToMolecularConversionFactor[Conversion factor combined]) -> 1.5714286
D64: j | E64: production system | G64: ='Input - Dairy'!$E$183 -> Pasture
D65: ir | E65: irrigation method | G65: ='Input - Dairy'!$E$184 -> Sprinkler irrigation
D66: r | E66: rainfall region | G66: ='Input - Site'!$E$30 -> High rainfall
D68: EN2O,MMS,ad | E68: {=MMS_Dairy_AtmosphericDeposition_Equations.VEERG_4_3_1_5__1_AnnualAtmosphericDepositionEmissionsFromMMS($G$61,$G$62,$G$63)} -> 0.038269028 | F68: =$E$59 -> t N2O | O68: EN2O,MMS,ad | P68: {=MMS_Dairy_AtmosphericDeposition_Equations.VEERG_4_3_1_5__1_AnnualAtmosphericDepositionEmissionsFromMMS($R$61,$G$62,$G$63)} -> 0.038269028 | Q68: =$E$59 -> t N2O
D70: {=Common_Equations.Common_ConvertN2OToCO2e_Arguments()} -> EN2O | E70: Nitrous oxide emissions (t N2O) | G70: =$E$68 -> 0.038269028 | O70: {=Common_Equations.Common_ConvertN2OToCO2e_Arguments()} -> EN2O | P70: Nitrous oxide emissions (t N2O) | R70: =P68 -> 0.038269028
D71: GWPN2O | E71: Global warming potential for nitrous oxide (t CO2-e / t N2O) | G71: =Common_InputFunctions.Utility_LookupValueInTableNumber("N2O",Table_GWPData[Gas],Table_GWPData[CO2-e factor]) -> 265 | O71: GWPN2O | P71: Global warming potential for nitrous oxide (t CO2-e / t N2O) | R71: =Common_InputFunctions.Utility_LookupValueInTableNumber("N2O",Table_GWPData[Gas],Table_GWPData[CO2-e factor]) -> 265
D73: ECO2e | E73: {=Common_Equations.Common_ConvertN2OToCO2e(G70,G71)} -> 10.141292 | F73: {=Common_Equations.Common_ConvertN2OToCO2e_Unit()} -> t CO2e | O73: ECO2e | P73: {=Common_Equations.Common_ConvertN2OToCO2e(R70,R71)} -> 10.141292 | Q73: {=Common_Equations.Common_ConvertN2OToCO2e_Unit()} -> t CO2e

Sheet 4.3.1.6-7 Leaching and runoff
A1: #VALUE! | C1: 4.1.1.6-7 Manure leaching and runoff
A3: =HYPERLINK("#'Home'!A1", "Home") -> Home | D3: Method 1 | O3: Method 2
A4: =HYPERLINK("#'Results'!A1", "Results") -> Results
D5: {=MMS_Dairy_LeachingAndRunoff_Equations.VEERG_4_3_1_6__2_MassOfNitrogenLostToLeachingAndRunoffFromSolidStorage_Title()} -> Mass of nitrogen lost to leaching and runoff from solid storage systems
A6: INPUTS | D6: {=MMS_Dairy_LeachingAndRunoff_Equations.VEERG_4_3_1_6__2_MassOfNitrogenLostToLeachingAndRunoffFromSolidStorage_Source()} -> VEERG 2026: 4.3.1.6, Equation (2)
A7: =HYPERLINK("#'Input - Site'!A1", "Site") -> Site | D7: Function name | E7: {=Common_InputFunctions.Utility_DisplayFunctionName($F$29)} -> =MMS_Dairy_LeachingAndRunoff_Equations.VEERG_4_3_1_6__2_MassOfNitrogenLostToLeachingAndRunoffFromSolidStorage
A8: =HYPERLINK("#'Input - Dairy'!A1", "Dairy") -> Dairy | G8: There is no method 2 in VEERG doc, but there are method 2 flow-ons from direct N2O
A10: CALCULATIONS | D10: Variable | E10: {=MMS_Dairy_LeachingAndRunoff_Equations.VEERG_4_3_1_6__2_MassOfNitrogenLostToLeachingAndRunoffFromSolidStorage_Variable()} -> MNLeach_jm4
A11: =HYPERLINK("#'4.3.1.1-2 Methane'!A1", "4.3.1.1-2 Methane") -> 4.3.1.1-2 Methane | D11: Unit | E11: {=MMS_Dairy_LeachingAndRunoff_Equations.VEERG_4_3_1_6__2_MassOfNitrogenLostToLeachingAndRunoffFromSolidStorage_Unit()} -> kg N
A12: =HYPERLINK("#'4.3.1.3-4 Direct N20'!A1", "4.3.1.3-4 Direct N2O") -> 4.3.1.3-4 Direct N2O
A13: =HYPERLINK("#'4.3.1.5 Atmos Deposition'!A1", "4.3.1.5 Atmospheric deposition") -> 4.3.1.5 Atmospheric deposition | D13: {=MMS_Dairy_LeachingAndRunoff_Equations.VEERG_4_3_1_6__2_MassOfNitrogenLostToLeachingAndRunoffFromSolidStorage_Arguments()} -> MN_jm4 | E13: total nitrogen in solid storage system m=4 (kg N) | H13: ="See " & D20 -> See M1_Table_MN_j_m-4
A14: =HYPERLINK("#'4.3.1.6-7 Leaching and runoff'!A1", "4.3.1.6-7 Leaching and runoff") -> 4.3.1.6-7 Leaching and runoff | D14: FracWET_i | E14: fraction of N that is available for leaching and runoff from the leaching zone z and irrigation type ir (dimensionless) | H14: {=Common_InputFunctions.CommonCropping_GetFracWET(H16,H18,Table_SourceData_FracWET[Is in leaching zone],Table_SourceData_FracWET[FracWET],Table_SourceData_FracWETIrrigation[Irrigation type i],Table_SourceData_FracWETIrrigation[FracWET])} -> 1
A15: =HYPERLINK("#'4.3.1.8 Manure applied to soils'!A1", "4.3.1.8 Manure applied to soils") -> 4.3.1.8 Manure applied to soils | D15: FracLEACH_MS | E15: fraction of N that is lost through leaching and runoff (dimensionless) | H15: ='Constants - Dairy'!$D$209 -> 0.02
A16: =HYPERLINK("#'4.3.1.9 Soil direct N2O'!A1", "4.3.1.9 Soil direct N2O") -> 4.3.1.9 Soil direct N2O | D16: z | E16: location in leaching zone | H16: ='Input - Site'!$E$23 -> NO - Not in leaching zone
A17: =HYPERLINK("#'4.3.1.10-11 Soil Atmos Dep'!A1", "4.3.1.10-11 Soil atm. deposition") -> 4.3.1.10-11 Soil atm. deposition | D17: j | E17: production system | H17: ='Input - Dairy'!$E$183 -> Pasture
A18: =HYPERLINK("#'4.3.1.12-13 Soil leach runoff'!A1", "4.3.1.12-13 Soil leach & runoff") -> 4.3.1.12-13 Soil leach & runoff | D18: ir | E18: irrigation method | H18: ='Input - Dairy'!$E$184 -> Sprinkler irrigation
A20: APPENDICES | D20: M1_Table_MN_j_m-4 | O20: M2_Table_MN_j_m-4
A21: =HYPERLINK("#'Constants - Dairy'!A1", "Constants - Dairy") -> Constants - Dairy | D21: Total nitrogen in solid storage MMS (Method 1) | O21: Total nitrogen in solid storage MMS (Method 2)
A22: =HYPERLINK("#'Constants - Livestock'!A1", "Constants - Livestock") -> Constants - Livestock | D22: Production system | E22: MMS | F22: Milking cows | G22: Heifers > 1 year | H22: Heifers < 1 year | I22: Bulls > 1 year | J22: Bulls < 1 year | O22: Production system | P22: MMS | Q22: Milking cows | R22: Heifers > 1 year | S22: Heifers < 1 year | T22: Bulls > 1 year | U22: Bulls < 1 year
A23: =HYPERLINK("#'Constants - Common'!A1", "Constants - Common") -> Constants - Common | D23: ='Input - Dairy'!$D$54 -> Milking shed | E23: ='Input - Dairy'!$D$82 -> Solid storage | F23: ='4.3.1.3-4 Direct N20'!F239 -> 424.49627 | G23: ='4.3.1.3-4 Direct N20'!G239 -> 364.71581 | H23: ='4.3.1.3-4 Direct N20'!H239 -> 145.26245 | I23: ='4.3.1.3-4 Direct N20'!I239 -> 458.46219 | J23: ='4.3.1.3-4 Direct N20'!J239 -> 191.92571 | K23: kg N | O23: ='Input - Dairy'!$D$54 -> Milking shed | P23: ='Input - Dairy'!$D$82 -> Solid storage | Q23: ='4.3.1.3-4 Direct N20'!P239 -> 424.49627 | R23: ='4.3.1.3-4 Direct N20'!Q239 -> 364.71581 | S23: ='4.3.1.3-4 Direct N20'!R239 -> 145.26245 | T23: ='4.3.1.3-4 Direct N20'!S239 -> 458.46219 | U23: ='4.3.1.3-4 Direct N20'!T239 -> 191.92571 | V23: kg N
A24: =HYPERLINK("#'Acknowledgements'!A1", "Acknowledgements") -> Acknowledgements | D24: ='Input - Dairy'!$D$55 -> Feed pad | E24: ='Input - Dairy'!$D$116 -> Solid storage | F24: ='4.3.1.3-4 Direct N20'!F243 -> 1202.0962 | G24: ='4.3.1.3-4 Direct N20'!G243 -> 1032.8088 | H24: ='4.3.1.3-4 Direct N20'!H243 -> 411.35684 | I24: ='4.3.1.3-4 Direct N20'!I243 -> 1298.2816 | J24: ='4.3.1.3-4 Direct N20'!J243 -> 543.49873 | K24: kg N | O24: ='Input - Dairy'!$D$55 -> Feed pad | P24: ='Input - Dairy'!$D$116 -> Solid storage | Q24: ='4.3.1.3-4 Direct N20'!P243 -> 1202.0962 | R24: ='4.3.1.3-4 Direct N20'!Q243 -> 1032.8088 | S24: ='4.3.1.3-4 Direct N20'!R243 -> 411.35684 | T24: ='4.3.1.3-4 Direct N20'!S243 -> 1298.2816 | U24: ='4.3.1.3-4 Direct N20'!T243 -> 543.49873 | V24: kg N
D26: M1_Table_MN_leach_j_m-4 | O26: M2_Table_MN_leach_j_m-4
D27: Mass of N lost to leaching and runoff from solid storage (Method 1) | O27: Mass of N lost to leaching and runoff from solid storage (Method 2)
D28: Production system | E28: MMS | F28: Milking cows | G28: Heifers > 1 year | H28: Heifers < 1 year | I28: Bulls > 1 year | J28: Bulls < 1 year | O28: Production system | P28: MMS | Q28: Milking cows | R28: Heifers > 1 year | S28: Heifers < 1 year | T28: Bulls > 1 year | U28: Bulls < 1 year
D29: ='Input - Dairy'!$D$54 -> Milking shed | E29: ='Input - Dairy'!$D$82 -> Solid storage | F29: {=MMS_Dairy_LeachingAndRunoff_Equations.VEERG_4_3_1_6__2_MassOfNitrogenLostToLeachingAndRunoffFromSolidStorage(F23,$H$14,$H$15)} -> 8.4899253 | G29: {=MMS_Dairy_LeachingAndRunoff_Equations.VEERG_4_3_1_6__2_MassOfNitrogenLostToLeachingAndRunoffFromSolidStorage(G23,$H$14,$H$15)} -> 7.2943161 | H29: {=MMS_Dairy_LeachingAndRunoff_Equations.VEERG_4_3_1_6__2_MassOfNitrogenLostToLeachingAndRunoffFromSolidStorage(H23,$H$14,$H$15)} -> 2.905249 | I29: {=MMS_Dairy_LeachingAndRunoff_Equations.VEERG_4_3_1_6__2_MassOfNitrogenLostToLeachingAndRunoffFromSolidStorage(I23,$H$14,$H$15)} -> 9.1692438 | J29: {=MMS_Dairy_LeachingAndRunoff_Equations.VEERG_4_3_1_6__2_MassOfNitrogenLostToLeachingAndRunoffFromSolidStorage(J23,$H$14,$H$15)} -> 3.8385143 | K29: =$E$11 -> kg N | O29: ='Input - Dairy'!$D$54 -> Milking shed | P29: ='Input - Dairy'!$D$82 -> Solid storage | Q29: {=MMS_Dairy_LeachingAndRunoff_Equations.VEERG_4_3_1_6__2_MassOfNitrogenLostToLeachingAndRunoffFromSolidStorage(Q23,$H$14,$H$15)} -> 8.4899253 | R29: {=MMS_Dairy_LeachingAndRunoff_Equations.VEERG_4_3_1_6__2_MassOfNitrogenLostToLeachingAndRunoffFromSolidStorage(R23,$H$14,$H$15)} -> 7.2943161 | S29: {=MMS_Dairy_LeachingAndRunoff_Equations.VEERG_4_3_1_6__2_MassOfNitrogenLostToLeachingAndRunoffFromSolidStorage(S23,$H$14,$H$15)} -> 2.905249 | T29: {=MMS_Dairy_LeachingAndRunoff_Equations.VEERG_4_3_1_6__2_MassOfNitrogenLostToLeachingAndRunoffFromSolidStorage(T23,$H$14,$H$15)} -> 9.1692438 | U29: {=MMS_Dairy_LeachingAndRunoff_Equations.VEERG_4_3_1_6__2_MassOfNitrogenLostToLeachingAndRunoffFromSolidStorage(U23,$H$14,$H$15)} -> 3.8385143 | V29: =$E$11 -> kg N
D30: ='Input - Dairy'!$D$55 -> Feed pad | E30: ='Input - Dairy'!$D$116 -> Solid storage | F30: {=MMS_Dairy_LeachingAndRunoff_Equations.VEERG_4_3_1_6__2_MassOfNitrogenLostToLeachingAndRunoffFromSolidStorage(F24,$H$14,$H$15)} -> 24.041925 | G30: {=MMS_Dairy_LeachingAndRunoff_Equations.VEERG_4_3_1_6__2_MassOfNitrogenLostToLeachingAndRunoffFromSolidStorage(G24,$H$14,$H$15)} -> 20.656177 | H30: {=MMS_Dairy_LeachingAndRunoff_Equations.VEERG_4_3_1_6__2_MassOfNitrogenLostToLeachingAndRunoffFromSolidStorage(H24,$H$14,$H$15)} -> 8.2271368 | I30: {=MMS_Dairy_LeachingAndRunoff_Equations.VEERG_4_3_1_6__2_MassOfNitrogenLostToLeachingAndRunoffFromSolidStorage(I24,$H$14,$H$15)} -> 25.965631 | J30: {=MMS_Dairy_LeachingAndRunoff_Equations.VEERG_4_3_1_6__2_MassOfNitrogenLostToLeachingAndRunoffFromSolidStorage(J24,$H$14,$H$15)} -> 10.869975 | K30: =$E$11 -> kg N | O30: ='Input - Dairy'!$D$55 -> Feed pad | P30: ='Input - Dairy'!$D$116 -> Solid storage | Q30: {=MMS_Dairy_LeachingAndRunoff_Equations.VEERG_4_3_1_6__2_MassOfNitrogenLostToLeachingAndRunoffFromSolidStorage(Q24,$H$14,$H$15)} -> 24.041925 | R30: {=MMS_Dairy_LeachingAndRunoff_Equations.VEERG_4_3_1_6__2_MassOfNitrogenLostToLeachingAndRunoffFromSolidStorage(R24,$H$14,$H$15)} -> 20.656177 | S30: {=MMS_Dairy_LeachingAndRunoff_Equations.VEERG_4_3_1_6__2_MassOfNitrogenLostToLeachingAndRunoffFromSolidStorage(S24,$H$14,$H$15)} -> 8.2271368 | T30: {=MMS_Dairy_LeachingAndRunoff_Equations.VEERG_4_3_1_6__2_MassOfNitrogenLostToLeachingAndRunoffFromSolidStorage(T24,$H$14,$H$15)} -> 25.965631 | U30: {=MMS_Dairy_LeachingAndRunoff_Equations.VEERG_4_3_1_6__2_MassOfNitrogenLostToLeachingAndRunoffFromSolidStorage(U24,$H$14,$H$15)} -> 10.869975 | V30: =$E$11 -> kg N
D34: {=MMS_Dairy_LeachingAndRunoff_Equations.VEERG_4_3_1_6__1_AnnualEmissionsFromLeachingAndRunoffFromMMS_Title()} -> Annual emissions from leaching and runoff from each MMS
D35: {=MMS_Dairy_LeachingAndRunoff_Equations.VEERG_4_3_1_6__1_AnnualEmissionsFromLeachingAndRunoffFromMMS_Source()} -> VEERG 2026: 4.3.1.6, Equation (1)
D36: Function name | E36: {=Common_InputFunctions.Utility_DisplayFunctionName($F$29)} -> =MMS_Dairy_LeachingAndRunoff_Equations.VEERG_4_3_1_6__2_MassOfNitrogenLostToLeachingAndRunoffFromSolidStorage
D39: Variable | E39: {=MMS_Dairy_LeachingAndRunoff_Equations.VEERG_4_3_1_6__1_AnnualEmissionsFromLeachingAndRunoffFromMMS_Variable()} -> E_N2Oleach
D40: Unit | E40: {=MMS_Dairy_LeachingAndRunoff_Equations.VEERG_4_3_1_6__1_AnnualEmissionsFromLeachingAndRunoffFromMMS_Unit()} -> t N2O
D42: {=MMS_Dairy_LeachingAndRunoff_Equations.VEERG_4_3_1_6__1_AnnualEmissionsFromLeachingAndRunoffFromMMS_Arguments()} -> MNLeach_jm | E42: mass of N lost through leaching and runoff | G42: ="See " & D26 -> See M1_Table_MN_leach_j_m-4
D43: EF_leach | E43: nitrous oxide emission factor for leaching and runoff (kg N2O-N/kg N) | G43: ='Constants - Dairy'!$D$202 -> 0.011
D44: C_N2O | E44: factor to convert elemental mass of N2O to molecular mass | G44: =Common_InputFunctions.Utility_LookupValueInTableNumber("N2O",Table_GasToMolecularConversionFactor[Gas],Table_GasToMolecularConversionFactor[Conversion factor combined]) -> 1.5714286
D46: M1_Table_EF_N2O_leach | O46: M2_Table_EF_N2O_leach
D47: Emissions from leaching and runoff (Method 1) | O47: Emissions from leaching and runoff (Method 2)
D48: Production system | E48: MMS | F48: Milking cows | G48: Heifers > 1 year | H48: Heifers < 1 year | I48: Bulls > 1 year | J48: Bulls < 1 year | O48: Production system | P48: MMS | Q48: Milking cows | R48: Heifers > 1 year | S48: Heifers < 1 year | T48: Bulls > 1 year | U48: Bulls < 1 year
D49: ='Input - Dairy'!$D$54 -> Milking shed | E49: ='Input - Dairy'!$D$82 -> Solid storage | F49: {=MMS_Dairy_LeachingAndRunoff_Equations.VEERG_4_3_1_6__1_AnnualEmissionsFromLeachingAndRunoffFromMMS(F29,$G$43,$G$44)} -> 0.00014675442 | G49: {=MMS_Dairy_LeachingAndRunoff_Equations.VEERG_4_3_1_6__1_AnnualEmissionsFromLeachingAndRunoffFromMMS(G29,$G$43,$G$44)} -> 0.00012608746 | H49: {=MMS_Dairy_LeachingAndRunoff_Equations.VEERG_4_3_1_6__1_AnnualEmissionsFromLeachingAndRunoffFromMMS(H29,$G$43,$G$44)} -> 5.0219304e-05 | I49: {=MMS_Dairy_LeachingAndRunoff_Equations.VEERG_4_3_1_6__1_AnnualEmissionsFromLeachingAndRunoffFromMMS(I29,$G$43,$G$44)} -> 0.00015849693 | J49: {=MMS_Dairy_LeachingAndRunoff_Equations.VEERG_4_3_1_6__1_AnnualEmissionsFromLeachingAndRunoffFromMMS(J29,$G$43,$G$44)} -> 6.6351461e-05 | K49: =$E$40 -> t N2O | O49: ='Input - Dairy'!$D$54 -> Milking shed | P49: ='Input - Dairy'!$D$82 -> Solid storage | Q49: {=MMS_Dairy_LeachingAndRunoff_Equations.VEERG_4_3_1_6__1_AnnualEmissionsFromLeachingAndRunoffFromMMS(Q29,$G$43,$G$44)} -> 0.00014675442 | R49: {=MMS_Dairy_LeachingAndRunoff_Equations.VEERG_4_3_1_6__1_AnnualEmissionsFromLeachingAndRunoffFromMMS(R29,$G$43,$G$44)} -> 0.00012608746 | S49: {=MMS_Dairy_LeachingAndRunoff_Equations.VEERG_4_3_1_6__1_AnnualEmissionsFromLeachingAndRunoffFromMMS(S29,$G$43,$G$44)} -> 5.0219304e-05 | T49: {=MMS_Dairy_LeachingAndRunoff_Equations.VEERG_4_3_1_6__1_AnnualEmissionsFromLeachingAndRunoffFromMMS(T29,$G$43,$G$44)} -> 0.00015849693 | U49: {=MMS_Dairy_LeachingAndRunoff_Equations.VEERG_4_3_1_6__1_AnnualEmissionsFromLeachingAndRunoffFromMMS(U29,$G$43,$G$44)} -> 6.6351461e-05 | V49: =$E$40 -> t N2O
D50: ='Input - Dairy'!$D$55 -> Feed pad | E50: ='Input - Dairy'!$D$116 -> Solid storage | F50: {=MMS_Dairy_LeachingAndRunoff_Equations.VEERG_4_3_1_6__1_AnnualEmissionsFromLeachingAndRunoffFromMMS(F30,$G$43,$G$44)} -> 0.00041558184 | G50: {=MMS_Dairy_LeachingAndRunoff_Equations.VEERG_4_3_1_6__1_AnnualEmissionsFromLeachingAndRunoffFromMMS(G30,$G$43,$G$44)} -> 0.00035705677 | H50: {=MMS_Dairy_LeachingAndRunoff_Equations.VEERG_4_3_1_6__1_AnnualEmissionsFromLeachingAndRunoffFromMMS(H30,$G$43,$G$44)} -> 0.00014221194 | I50: {=MMS_Dairy_LeachingAndRunoff_Equations.VEERG_4_3_1_6__1_AnnualEmissionsFromLeachingAndRunoffFromMMS(I30,$G$43,$G$44)} -> 0.00044883449 | J50: {=MMS_Dairy_LeachingAndRunoff_Equations.VEERG_4_3_1_6__1_AnnualEmissionsFromLeachingAndRunoffFromMMS(J30,$G$43,$G$44)} -> 0.00018789527 | K50: =$E$40 -> t N2O | O50: ='Input - Dairy'!$D$55 -> Feed pad | P50: ='Input - Dairy'!$D$116 -> Solid storage | Q50: {=MMS_Dairy_LeachingAndRunoff_Equations.VEERG_4_3_1_6__1_AnnualEmissionsFromLeachingAndRunoffFromMMS(Q30,$G$43,$G$44)} -> 0.00041558184 | R50: {=MMS_Dairy_LeachingAndRunoff_Equations.VEERG_4_3_1_6__1_AnnualEmissionsFromLeachingAndRunoffFromMMS(R30,$G$43,$G$44)} -> 0.00035705677 | S50: {=MMS_Dairy_LeachingAndRunoff_Equations.VEERG_4_3_1_6__1_AnnualEmissionsFromLeachingAndRunoffFromMMS(S30,$G$43,$G$44)} -> 0.00014221194 | T50: {=MMS_Dairy_LeachingAndRunoff_Equations.VEERG_4_3_1_6__1_AnnualEmissionsFromLeachingAndRunoffFromMMS(T30,$G$43,$G$44)} -> 0.00044883449 | U50: {=MMS_Dairy_LeachingAndRunoff_Equations.VEERG_4_3_1_6__1_AnnualEmissionsFromLeachingAndRunoffFromMMS(U30,$G$43,$G$44)} -> 0.00018789527 | V50: =$E$40 -> t N2O
D52: EN2O,MMS,ad | E52: =SUM(F49:J50) -> 0.0020994899 | F52: =$E$40 -> t N2O | O52: EN2O,MMS,ad | P52: =SUM(Q49:U50) -> 0.0020994899 | Q52: =$E$40 -> t N2O
D54: {=Common_Equations.Common_ConvertN2OToCO2e_Arguments()} -> EN2O | E54: Nitrous oxide emissions (t N2O) | G54: =E$52 -> 0.0020994899 | O54: {=Common_Equations.Common_ConvertN2OToCO2e_Arguments()} -> EN2O | P54: Nitrous oxide emissions (t N2O) | R54: =P$52 -> 0.0020994899
D55: GWPN2O | E55: Global warming potential for nitrous oxide (t CO2-e / t N2O) | G55: =Common_InputFunctions.Utility_LookupValueInTableNumber("N2O",Table_GWPData[Gas],Table_GWPData[CO2-e factor]) -> 265 | O55: GWPN2O | P55: Global warming potential for nitrous oxide (t CO2-e / t N2O) | R55: =Common_InputFunctions.Utility_LookupValueInTableNumber("N2O",Table_GWPData[Gas],Table_GWPData[CO2-e factor]) -> 265
D57: ECO2e | E57: {=Common_Equations.Common_ConvertN2OToCO2e(G54,G55)} -> 0.55636482 | F57: {=Common_Equations.Common_ConvertN2OToCO2e_Unit()} -> t CO2e | O57: ECO2e | P57: {=Common_Equations.Common_ConvertN2OToCO2e(R54,R55)} -> 0.55636482 | Q57: {=Common_Equations.Common_ConvertN2OToCO2e_Unit()} -> t CO2e

Sheet 4.3.1.8 Manure applied to soils
A1: #VALUE! | C1: 4.3.1.8 Manure applied to soils
A3: =HYPERLINK("#'Home'!A1", "Home") -> Home | D3: Method 1 | O3: Method 2
A4: =HYPERLINK("#'Results'!A1", "Results") -> Results
D5: {=MMS_Dairy_LeachingAndRunoff_Equations.VEERG_4_3_1_6__2_MassOfNitrogenLostToLeachingAndRunoffFromSolidStorage_Title()} -> Mass of nitrogen lost to leaching and runoff from solid storage systems
A6: INPUTS | D6: {=MMS_Dairy_LeachingAndRunoff_Equations.VEERG_4_3_1_6__2_MassOfNitrogenLostToLeachingAndRunoffFromSolidStorage_Source()} -> VEERG 2026: 4.3.1.6, Equation (2)
A7: =HYPERLINK("#'Input - Site'!A1", "Site") -> Site | D7: Function name | E7: {=Common_InputFunctions.Utility_DisplayFunctionName($F$35)} -> =MMS_Dairy_LeachingAndRunoff_Equations.VEERG_4_3_1_6__2_MassOfNitrogenLostToLeachingAndRunoffFromSolidStorage
A8: =HYPERLINK("#'Input - Dairy'!A1", "Dairy") -> Dairy | G8: There is no method 2 in VEERG doc, but there are method 2 flow-ons from direct N2O
A10: CALCULATIONS | D10: Variable | E10: {=MMS_Dairy_LeachingAndRunoff_Equations.VEERG_4_3_1_6__2_MassOfNitrogenLostToLeachingAndRunoffFromSolidStorage_Variable()} -> MNLeach_jm4
A11: =HYPERLINK("#'4.3.1.1-2 Methane'!A1", "4.3.1.1-2 Methane") -> 4.3.1.1-2 Methane | D11: Unit | E11: {=MMS_Dairy_LeachingAndRunoff_Equations.VEERG_4_3_1_6__2_MassOfNitrogenLostToLeachingAndRunoffFromSolidStorage_Unit()} -> kg N
A12: =HYPERLINK("#'4.3.1.3-4 Direct N20'!A1", "4.3.1.3-4 Direct N2O") -> 4.3.1.3-4 Direct N2O
A13: =HYPERLINK("#'4.3.1.5 Atmos Deposition'!A1", "4.3.1.5 Atmospheric deposition") -> 4.3.1.5 Atmospheric deposition | D13: {=MMS_Dairy_LeachingAndRunoff_Equations.VEERG_4_3_1_6__2_MassOfNitrogenLostToLeachingAndRunoffFromSolidStorage_Arguments()} -> MN_jm4 | E13: total nitrogen in solid storage system m=4 (kg N) | H13: ="See " & D20 -> See M1_Table_MN_j_m | I13: Needs subscripts 1-13
A14: =HYPERLINK("#'4.3.1.6-7 Leaching and runoff'!A1", "4.3.1.6-7 Leaching and runoff") -> 4.3.1.6-7 Leaching and runoff | D14: FracWET_i | E14: fraction of N that is available for leaching and runoff from the leaching zone z and irrigation type ir (dimensionless) | H14: {=Common_InputFunctions.CommonCropping_GetFracWET(H16,H18,Table_SourceData_FracWET[Is in leaching zone],Table_SourceData_FracWET[FracWET],Table_SourceData_FracWETIrrigation[Irrigation type i],Table_SourceData_FracWETIrrigation[FracWET])} -> 1
A15: =HYPERLINK("#'4.3.1.8 Manure applied to soils'!A1", "4.3.1.8 Manure applied to soils") -> 4.3.1.8 Manure applied to soils | D15: FracLEACH_MS | E15: fraction of N that is lost through leaching and runoff (dimensionless) | H15: ='Constants - Dairy'!$D$209 -> 0.02
A16: =HYPERLINK("#'4.3.1.9 Soil direct N2O'!A1", "4.3.1.9 Soil direct N2O") -> 4.3.1.9 Soil direct N2O | D16: z | E16: location in leaching zone | H16: ='Input - Site'!$E$23 -> NO - Not in leaching zone
A17: =HYPERLINK("#'4.3.1.10-11 Soil Atmos Dep'!A1", "4.3.1.10-11 Soil atm. deposition") -> 4.3.1.10-11 Soil atm. deposition | D17: j | E17: production system | H17: ='Input - Dairy'!$E$183 -> Pasture
A18: =HYPERLINK("#'4.3.1.12-13 Soil leach runoff'!A1", "4.3.1.12-13 Soil leach & runoff") -> 4.3.1.12-13 Soil leach & runoff | D18: ir | E18: irrigation method | H18: ='Input - Dairy'!$E$184 -> Sprinkler irrigation
A20: APPENDICES | D20: M1_Table_MN_j_m | O20: M2_Table_MN_j_m
A21: =HYPERLINK("#'Constants - Dairy'!A1", "Constants - Dairy") -> Constants - Dairy | D21: Total nitrogen in each MMS (Method 1) | O21: Total nitrogen in each MMS (Method 2)
A22: =HYPERLINK("#'Constants - Livestock'!A1", "Constants - Livestock") -> Constants - Livestock | D22: Production system | E22: MMS | F22: Milking cows | G22: Heifers > 1 year | H22: Heifers < 1 year | I22: Bulls > 1 year | J22: Bulls < 1 year | O22: Production system | P22: MMS | Q22: Milking cows | R22: Heifers > 1 year | S22: Heifers < 1 year | T22: Bulls > 1 year | U22: Bulls < 1 year
A23: =HYPERLINK("#'Constants - Common'!A1", "Constants - Common") -> Constants - Common | D23: ='Input - Dairy'!$D$54 -> Milking shed | E23: ='Input - Dairy'!$D$67 -> Anaerobic lagoon | F23: ='4.3.1.3-4 Direct N20'!$F$236 -> 212.24813 | G23: ='4.3.1.3-4 Direct N20'!$G$236 -> 182.3579 | H23: ='4.3.1.3-4 Direct N20'!$H$236 -> 72.631224 | I23: ='4.3.1.3-4 Direct N20'!$I$236 -> 229.2311 | J23: ='4.3.1.3-4 Direct N20'!$J$236 -> 95.962857 | K23: kg N | O23: ='Input - Dairy'!$D$54 -> Milking shed | P23: ='Input - Dairy'!$D$67 -> Anaerobic lagoon | Q23: ='4.3.1.3-4 Direct N20'!$P$236 -> 212.24813 | R23: ='4.3.1.3-4 Direct N20'!$Q$236 -> 182.3579 | S23: ='4.3.1.3-4 Direct N20'!$R$236 -> 72.631224 | T23: ='4.3.1.3-4 Direct N20'!$S$236 -> 229.2311 | U23: ='4.3.1.3-4 Direct N20'!$T$236 -> 95.962857 | V23: kg N
A24: =HYPERLINK("#'Acknowledgements'!A1", "Acknowledgements") -> Acknowledgements | D24: ='Input - Dairy'!$D$54 -> Milking shed | E24: ='Input - Dairy'!$D$72 -> Sump and dispersal system | F24: ='4.3.1.3-4 Direct N20'!$F$237 -> 212.24813 | G24: ='4.3.1.3-4 Direct N20'!$G$237 -> 182.3579 | H24: ='4.3.1.3-4 Direct N20'!$H$237 -> 72.631224 | I24: ='4.3.1.3-4 Direct N20'!$I$237 -> 229.2311 | J24: ='4.3.1.3-4 Direct N20'!$J$237 -> 95.962857 | K24: kg N | O24: ='Input - Dairy'!$D$54 -> Milking shed | P24: ='Input - Dairy'!$D$72 -> Sump and dispersal system | Q24: ='4.3.1.3-4 Direct N20'!$P$237 -> 212.24813 | R24: ='4.3.1.3-4 Direct N20'!$Q$237 -> 182.3579 | S24: ='4.3.1.3-4 Direct N20'!$R$237 -> 72.631224 | T24: ='4.3.1.3-4 Direct N20'!$S$237 -> 229.2311 | U24: ='4.3.1.3-4 Direct N20'!$T$237 -> 95.962857 | V24: kg N
D25: ='Input - Dairy'!$D$54 -> Milking shed | E25: ='Input - Dairy'!$D$77 -> Drains to paddock | F25: ='4.3.1.3-4 Direct N20'!$F$238 -> 212.24813 | G25: ='4.3.1.3-4 Direct N20'!$G$238 -> 182.3579 | H25: ='4.3.1.3-4 Direct N20'!$H$238 -> 72.631224 | I25: ='4.3.1.3-4 Direct N20'!$I$238 -> 229.2311 | J25: ='4.3.1.3-4 Direct N20'!$J$238 -> 95.962857 | K25: kg N | O25: ='Input - Dairy'!$D$54 -> Milking shed | P25: ='Input - Dairy'!$D$77 -> Drains to paddock | Q25: ='4.3.1.3-4 Direct N20'!$P$238 -> 212.24813 | R25: ='4.3.1.3-4 Direct N20'!$Q$238 -> 182.3579 | S25: ='4.3.1.3-4 Direct N20'!$R$238 -> 72.631224 | T25: ='4.3.1.3-4 Direct N20'!$S$238 -> 229.2311 | U25: ='4.3.1.3-4 Direct N20'!$T$238 -> 95.962857 | V25: kg N
D26: ='Input - Dairy'!$D$54 -> Milking shed | E26: ='Input - Dairy'!$D$82 -> Solid storage | F26: ='4.3.1.3-4 Direct N20'!$F$239 -> 424.49627 | G26: ='4.3.1.3-4 Direct N20'!$G$239 -> 364.71581 | H26: ='4.3.1.3-4 Direct N20'!$H$239 -> 145.26245 | I26: ='4.3.1.3-4 Direct N20'!$I$239 -> 458.46219 | J26: ='4.3.1.3-4 Direct N20'!$J$239 -> 191.92571 | K26: kg N | O26: ='Input - Dairy'!$D$54 -> Milking shed | P26: ='Input - Dairy'!$D$82 -> Solid storage | Q26: ='4.3.1.3-4 Direct N20'!$P$239 -> 424.49627 | R26: ='4.3.1.3-4 Direct N20'!$Q$239 -> 364.71581 | S26: ='4.3.1.3-4 Direct N20'!$R$239 -> 145.26245 | T26: ='4.3.1.3-4 Direct N20'!$S$239 -> 458.46219 | U26: ='4.3.1.3-4 Direct N20'!$T$239 -> 191.92571 | V26: kg N
D27: ='Input - Dairy'!$D$55 -> Feed pad | E27: ='Input - Dairy'!$D$101 -> Anaerobic lagoon | F27: ='4.3.1.3-4 Direct N20'!$F$240 -> 858.64017 | G27: ='4.3.1.3-4 Direct N20'!$G$240 -> 737.72061 | H27: ='4.3.1.3-4 Direct N20'!$H$240 -> 293.82632 | I27: ='4.3.1.3-4 Direct N20'!$I$240 -> 927.34398 | J27: ='4.3.1.3-4 Direct N20'!$J$240 -> 388.21338 | K27: kg N | O27: ='Input - Dairy'!$D$55 -> Feed pad | P27: ='Input - Dairy'!$D$101 -> Anaerobic lagoon | Q27: ='4.3.1.3-4 Direct N20'!$P$240 -> 858.64017 | R27: ='4.3.1.3-4 Direct N20'!$Q$240 -> 737.72061 | S27: ='4.3.1.3-4 Direct N20'!$R$240 -> 293.82632 | T27: ='4.3.1.3-4 Direct N20'!$S$240 -> 927.34398 | U27: ='4.3.1.3-4 Direct N20'!$T$240 -> 388.21338 | V27: kg N
D28: ='Input - Dairy'!$D$55 -> Feed pad | E28: ='Input - Dairy'!$D$106 -> Sump and dispersal system | F28: ='4.3.1.3-4 Direct N20'!$F$241 -> 686.91214 | G28: ='4.3.1.3-4 Direct N20'!$G$241 -> 590.17649 | H28: ='4.3.1.3-4 Direct N20'!$H$241 -> 235.06105 | I28: ='4.3.1.3-4 Direct N20'!$I$241 -> 741.87518 | J28: ='4.3.1.3-4 Direct N20'!$J$241 -> 310.5707 | K28: kg N | O28: ='Input - Dairy'!$D$55 -> Feed pad | P28: ='Input - Dairy'!$D$106 -> Sump and dispersal system | Q28: ='4.3.1.3-4 Direct N20'!$P$241 -> 686.91214 | R28: ='4.3.1.3-4 Direct N20'!$Q$241 -> 590.17649 | S28: ='4.3.1.3-4 Direct N20'!$R$241 -> 235.06105 | T28: ='4.3.1.3-4 Direct N20'!$S$241 -> 741.87518 | U28: ='4.3.1.3-4 Direct N20'!$T$241 -> 310.5707 | V28: kg N
D29: ='Input - Dairy'!$D$55 -> Feed pad | E29: ='Input - Dairy'!$D$111 -> Drains to paddock | F29: ='4.3.1.3-4 Direct N20'!$F$242 -> 686.91214 | G29: ='4.3.1.3-4 Direct N20'!$G$242 -> 590.17649 | H29: ='4.3.1.3-4 Direct N20'!$H$242 -> 235.06105 | I29: ='4.3.1.3-4 Direct N20'!$I$242 -> 741.87518 | J29: ='4.3.1.3-4 Direct N20'!$J$242 -> 310.5707 | K29: kg N | O29: ='Input - Dairy'!$D$55 -> Feed pad | P29: ='Input - Dairy'!$D$111 -> Drains to paddock | Q29: ='4.3.1.3-4 Direct N20'!$P$242 -> 686.91214 | R29: ='4.3.1.3-4 Direct N20'!$Q$242 -> 590.17649 | S29: ='4.3.1.3-4 Direct N20'!$R$242 -> 235.06105 | T29: ='4.3.1.3-4 Direct N20'!$S$242 -> 741.87518 | U29: ='4.3.1.3-4 Direct N20'!$T$242 -> 310.5707 | V29: kg N
D30: ='Input - Dairy'!$D$55 -> Feed pad | E30: ='Input - Dairy'!$D$116 -> Solid storage | F30: ='4.3.1.3-4 Direct N20'!$F$243 -> 1202.0962 | G30: ='4.3.1.3-4 Direct N20'!$G$243 -> 1032.8088 | H30: ='4.3.1.3-4 Direct N20'!$H$243 -> 411.35684 | I30: ='4.3.1.3-4 Direct N20'!$I$243 -> 1298.2816 | J30: ='4.3.1.3-4 Direct N20'!$J$243 -> 543.49873 | K30: kg N | O30: ='Input - Dairy'!$D$55 -> Feed pad | P30: ='Input - Dairy'!$D$116 -> Solid storage | Q30: ='4.3.1.3-4 Direct N20'!$P$243 -> 1202.0962 | R30: ='4.3.1.3-4 Direct N20'!$Q$243 -> 1032.8088 | S30: ='4.3.1.3-4 Direct N20'!$R$243 -> 411.35684 | T30: ='4.3.1.3-4 Direct N20'!$S$243 -> 1298.2816 | U30: ='4.3.1.3-4 Direct N20'!$T$243 -> 543.49873 | V30: kg N
D32: M1_Table_MN_leach_j_m-1-13 | O32: M2_Table_MN_leach_j_m-1-13
D33: Mass of N lost to leaching and runoff from all MMS (Method 1) | O33: Mass of N lost to leaching and runoff from all MMS (Method 2)
D34: Production system | E34: MMS | F34: Milking cows | G34: Heifers > 1 year | H34: Heifers < 1 year | I34: Bulls > 1 year | J34: Bulls < 1 year | O34: Production system | P34: MMS | Q34: Milking cows | R34: Heifers > 1 year | S34: Heifers < 1 year | T34: Bulls > 1 year | U34: Bulls < 1 year
D35: ='Input - Dairy'!$D$54 -> Milking shed | E35: ='Input - Dairy'!$D$67 -> Anaerobic lagoon | F35: {=MMS_Dairy_LeachingAndRunoff_Equations.VEERG_4_3_1_6__2_MassOfNitrogenLostToLeachingAndRunoffFromSolidStorage(F23,$H$14,$H$15)} -> 4.2449627 | G35: {=MMS_Dairy_LeachingAndRunoff_Equations.VEERG_4_3_1_6__2_MassOfNitrogenLostToLeachingAndRunoffFromSolidStorage(G23,$H$14,$H$15)} -> 3.6471581 | H35: {=MMS_Dairy_LeachingAndRunoff_Equations.VEERG_4_3_1_6__2_MassOfNitrogenLostToLeachingAndRunoffFromSolidStorage(H23,$H$14,$H$15)} -> 1.4526245 | I35: {=MMS_Dairy_LeachingAndRunoff_Equations.VEERG_4_3_1_6__2_MassOfNitrogenLostToLeachingAndRunoffFromSolidStorage(I23,$H$14,$H$15)} -> 4.5846219 | J35: {=MMS_Dairy_LeachingAndRunoff_Equations.VEERG_4_3_1_6__2_MassOfNitrogenLostToLeachingAndRunoffFromSolidStorage(J23,$H$14,$H$15)} -> 1.9192571 | K35: =$E$11 -> kg N | O35: ='Input - Dairy'!$D$54 -> Milking shed | P35: ='Input - Dairy'!$D$67 -> Anaerobic lagoon | Q35: {=MMS_Dairy_LeachingAndRunoff_Equations.VEERG_4_3_1_6__2_MassOfNitrogenLostToLeachingAndRunoffFromSolidStorage(Q23,$H$14,$H$15)} -> 4.2449627 | R35: {=MMS_Dairy_LeachingAndRunoff_Equations.VEERG_4_3_1_6__2_MassOfNitrogenLostToLeachingAndRunoffFromSolidStorage(R23,$H$14,$H$15)} -> 3.6471581 | S35: {=MMS_Dairy_LeachingAndRunoff_Equations.VEERG_4_3_1_6__2_MassOfNitrogenLostToLeachingAndRunoffFromSolidStorage(S23,$H$14,$H$15)} -> 1.4526245 | T35: {=MMS_Dairy_LeachingAndRunoff_Equations.VEERG_4_3_1_6__2_MassOfNitrogenLostToLeachingAndRunoffFromSolidStorage(T23,$H$14,$H$15)} -> 4.5846219 | U35: {=MMS_Dairy_LeachingAndRunoff_Equations.VEERG_4_3_1_6__2_MassOfNitrogenLostToLeachingAndRunoffFromSolidStorage(U23,$H$14,$H$15)} -> 1.9192571 | V35: =$E$11 -> kg N
D36: ='Input - Dairy'!$D$54 -> Milking shed | E36: ='Input - Dairy'!$D$72 -> Sump and dispersal system | F36: {=MMS_Dairy_LeachingAndRunoff_Equations.VEERG_4_3_1_6__2_MassOfNitrogenLostToLeachingAndRunoffFromSolidStorage(F24,$H$14,$H$15)} -> 4.2449627 | G36: {=MMS_Dairy_LeachingAndRunoff_Equations.VEERG_4_3_1_6__2_MassOfNitrogenLostToLeachingAndRunoffFromSolidStorage(G24,$H$14,$H$15)} -> 3.6471581 | H36: {=MMS_Dairy_LeachingAndRunoff_Equations.VEERG_4_3_1_6__2_MassOfNitrogenLostToLeachingAndRunoffFromSolidStorage(H24,$H$14,$H$15)} -> 1.4526245 | I36: {=MMS_Dairy_LeachingAndRunoff_Equations.VEERG_4_3_1_6__2_MassOfNitrogenLostToLeachingAndRunoffFromSolidStorage(I24,$H$14,$H$15)} -> 4.5846219 | J36: {=MMS_Dairy_LeachingAndRunoff_Equations.VEERG_4_3_1_6__2_MassOfNitrogenLostToLeachingAndRunoffFromSolidStorage(J24,$H$14,$H$15)} -> 1.9192571 | K36: =$E$11 -> kg N | O36: ='Input - Dairy'!$D$54 -> Milking shed | P36: ='Input - Dairy'!$D$72 -> Sump and dispersal system | Q36: {=MMS_Dairy_LeachingAndRunoff_Equations.VEERG_4_3_1_6__2_MassOfNitrogenLostToLeachingAndRunoffFromSolidStorage(Q24,$H$14,$H$15)} -> 4.2449627 | R36: {=MMS_Dairy_LeachingAndRunoff_Equations.VEERG_4_3_1_6__2_MassOfNitrogenLostToLeachingAndRunoffFromSolidStorage(R24,$H$14,$H$15)} -> 3.6471581 | S36: {=MMS_Dairy_LeachingAndRunoff_Equations.VEERG_4_3_1_6__2_MassOfNitrogenLostToLeachingAndRunoffFromSolidStorage(S24,$H$14,$H$15)} -> 1.4526245 | T36: {=MMS_Dairy_LeachingAndRunoff_Equations.VEERG_4_3_1_6__2_MassOfNitrogenLostToLeachingAndRunoffFromSolidStorage(T24,$H$14,$H$15)} -> 4.5846219 | U36: {=MMS_Dairy_LeachingAndRunoff_Equations.VEERG_4_3_1_6__2_MassOfNitrogenLostToLeachingAndRunoffFromSolidStorage(U24,$H$14,$H$15)} -> 1.9192571 | V36: =$E$11 -> kg N
D37: ='Input - Dairy'!$D$54 -> Milking shed | E37: ='Input - Dairy'!$D$77 -> Drains to paddock | F37: {=MMS_Dairy_LeachingAndRunoff_Equations.VEERG_4_3_1_6__2_MassOfNitrogenLostToLeachingAndRunoffFromSolidStorage(F25,$H$14,$H$15)} -> 4.2449627 | G37: {=MMS_Dairy_LeachingAndRunoff_Equations.VEERG_4_3_1_6__2_MassOfNitrogenLostToLeachingAndRunoffFromSolidStorage(G25,$H$14,$H$15)} -> 3.6471581 | H37: {=MMS_Dairy_LeachingAndRunoff_Equations.VEERG_4_3_1_6__2_MassOfNitrogenLostToLeachingAndRunoffFromSolidStorage(H25,$H$14,$H$15)} -> 1.4526245 | I37: {=MMS_Dairy_LeachingAndRunoff_Equations.VEERG_4_3_1_6__2_MassOfNitrogenLostToLeachingAndRunoffFromSolidStorage(I25,$H$14,$H$15)} -> 4.5846219 | J37: {=MMS_Dairy_LeachingAndRunoff_Equations.VEERG_4_3_1_6__2_MassOfNitrogenLostToLeachingAndRunoffFromSolidStorage(J25,$H$14,$H$15)} -> 1.9192571 | K37: =$E$11 -> kg N | O37: ='Input - Dairy'!$D$54 -> Milking shed | P37: ='Input - Dairy'!$D$77 -> Drains to paddock | Q37: {=MMS_Dairy_LeachingAndRunoff_Equations.VEERG_4_3_1_6__2_MassOfNitrogenLostToLeachingAndRunoffFromSolidStorage(Q25,$H$14,$H$15)} -> 4.2449627 | R37: {=MMS_Dairy_LeachingAndRunoff_Equations.VEERG_4_3_1_6__2_MassOfNitrogenLostToLeachingAndRunoffFromSolidStorage(R25,$H$14,$H$15)} -> 3.6471581 | S37: {=MMS_Dairy_LeachingAndRunoff_Equations.VEERG_4_3_1_6__2_MassOfNitrogenLostToLeachingAndRunoffFromSolidStorage(S25,$H$14,$H$15)} -> 1.4526245 | T37: {=MMS_Dairy_LeachingAndRunoff_Equations.VEERG_4_3_1_6__2_MassOfNitrogenLostToLeachingAndRunoffFromSolidStorage(T25,$H$14,$H$15)} -> 4.5846219 | U37: {=MMS_Dairy_LeachingAndRunoff_Equations.VEERG_4_3_1_6__2_MassOfNitrogenLostToLeachingAndRunoffFromSolidStorage(U25,$H$14,$H$15)} -> 1.9192571 | V37: =$E$11 -> kg N
D38: ='Input - Dairy'!$D$54 -> Milking shed | E38: ='Input - Dairy'!$D$82 -> Solid storage | F38: {=MMS_Dairy_LeachingAndRunoff_Equations.VEERG_4_3_1_6__2_MassOfNitrogenLostToLeachingAndRunoffFromSolidStorage(F26,$H$14,$H$15)} -> 8.4899253 | G38: {=MMS_Dairy_LeachingAndRunoff_Equations.VEERG_4_3_1_6__2_MassOfNitrogenLostToLeachingAndRunoffFromSolidStorage(G26,$H$14,$H$15)} -> 7.2943161 | H38: {=MMS_Dairy_LeachingAndRunoff_Equations.VEERG_4_3_1_6__2_MassOfNitrogenLostToLeachingAndRunoffFromSolidStorage(H26,$H$14,$H$15)} -> 2.905249 | I38: {=MMS_Dairy_LeachingAndRunoff_Equations.VEERG_4_3_1_6__2_MassOfNitrogenLostToLeachingAndRunoffFromSolidStorage(I26,$H$14,$H$15)} -> 9.1692438 | J38: {=MMS_Dairy_LeachingAndRunoff_Equations.VEERG_4_3_1_6__2_MassOfNitrogenLostToLeachingAndRunoffFromSolidStorage(J26,$H$14,$H$15)} -> 3.8385143 | K38: =$E$11 -> kg N | O38: ='Input - Dairy'!$D$54 -> Milking shed | P38: ='Input - Dairy'!$D$82 -> Solid storage | Q38: {=MMS_Dairy_LeachingAndRunoff_Equations.VEERG_4_3_1_6__2_MassOfNitrogenLostToLeachingAndRunoffFromSolidStorage(Q26,$H$14,$H$15)} -> 8.4899253 | R38: {=MMS_Dairy_LeachingAndRunoff_Equations.VEERG_4_3_1_6__2_MassOfNitrogenLostToLeachingAndRunoffFromSolidStorage(R26,$H$14,$H$15)} -> 7.2943161 | S38: {=MMS_Dairy_LeachingAndRunoff_Equations.VEERG_4_3_1_6__2_MassOfNitrogenLostToLeachingAndRunoffFromSolidStorage(S26,$H$14,$H$15)} -> 2.905249 | T38: {=MMS_Dairy_LeachingAndRunoff_Equations.VEERG_4_3_1_6__2_MassOfNitrogenLostToLeachingAndRunoffFromSolidStorage(T26,$H$14,$H$15)} -> 9.1692438 | U38: {=MMS_Dairy_LeachingAndRunoff_Equations.VEERG_4_3_1_6__2_MassOfNitrogenLostToLeachingAndRunoffFromSolidStorage(U26,$H$14,$H$15)} -> 3.8385143 | V38: =$E$11 -> kg N
D39: ='Input - Dairy'!$D$55 -> Feed pad | E39: ='Input - Dairy'!$D$101 -> Anaerobic lagoon | F39: {=MMS_Dairy_LeachingAndRunoff_Equations.VEERG_4_3_1_6__2_MassOfNitrogenLostToLeachingAndRunoffFromSolidStorage(F27,$H$14,$H$15)} -> 17.172803 | G39: {=MMS_Dairy_LeachingAndRunoff_Equations.VEERG_4_3_1_6__2_MassOfNitrogenLostToLeachingAndRunoffFromSolidStorage(G27,$H$14,$H$15)} -> 14.754412 | H39: {=MMS_Dairy_LeachingAndRunoff_Equations.VEERG_4_3_1_6__2_MassOfNitrogenLostToLeachingAndRunoffFromSolidStorage(H27,$H$14,$H$15)} -> 5.8765263 | I39: {=MMS_Dairy_LeachingAndRunoff_Equations.VEERG_4_3_1_6__2_MassOfNitrogenLostToLeachingAndRunoffFromSolidStorage(I27,$H$14,$H$15)} -> 18.54688 | J39: {=MMS_Dairy_LeachingAndRunoff_Equations.VEERG_4_3_1_6__2_MassOfNitrogenLostToLeachingAndRunoffFromSolidStorage(J27,$H$14,$H$15)} -> 7.7642675 | K39: =$E$11 -> kg N | O39: ='Input - Dairy'!$D$55 -> Feed pad | P39: ='Input - Dairy'!$D$101 -> Anaerobic lagoon | Q39: {=MMS_Dairy_LeachingAndRunoff_Equations.VEERG_4_3_1_6__2_MassOfNitrogenLostToLeachingAndRunoffFromSolidStorage(Q27,$H$14,$H$15)} -> 17.172803 | R39: {=MMS_Dairy_LeachingAndRunoff_Equations.VEERG_4_3_1_6__2_MassOfNitrogenLostToLeachingAndRunoffFromSolidStorage(R27,$H$14,$H$15)} -> 14.754412 | S39: {=MMS_Dairy_LeachingAndRunoff_Equations.VEERG_4_3_1_6__2_MassOfNitrogenLostToLeachingAndRunoffFromSolidStorage(S27,$H$14,$H$15)} -> 5.8765263 | T39: {=MMS_Dairy_LeachingAndRunoff_Equations.VEERG_4_3_1_6__2_MassOfNitrogenLostToLeachingAndRunoffFromSolidStorage(T27,$H$14,$H$15)} -> 18.54688 | U39: {=MMS_Dairy_LeachingAndRunoff_Equations.VEERG_4_3_1_6__2_MassOfNitrogenLostToLeachingAndRunoffFromSolidStorage(U27,$H$14,$H$15)} -> 7.7642675 | V39: =$E$11 -> kg N
D40: ='Input - Dairy'!$D$55 -> Feed pad | E40: ='Input - Dairy'!$D$106 -> Sump and dispersal system | F40: {=MMS_Dairy_LeachingAndRunoff_Equations.VEERG_4_3_1_6__2_MassOfNitrogenLostToLeachingAndRunoffFromSolidStorage(F28,$H$14,$H$15)} -> 13.738243 | G40: {=MMS_Dairy_LeachingAndRunoff_Equations.VEERG_4_3_1_6__2_MassOfNitrogenLostToLeachingAndRunoffFromSolidStorage(G28,$H$14,$H$15)} -> 11.80353 | H40: {=MMS_Dairy_LeachingAndRunoff_Equations.VEERG_4_3_1_6__2_MassOfNitrogenLostToLeachingAndRunoffFromSolidStorage(H28,$H$14,$H$15)} -> 4.7012211 | I40: {=MMS_Dairy_LeachingAndRunoff_Equations.VEERG_4_3_1_6__2_MassOfNitrogenLostToLeachingAndRunoffFromSolidStorage(I28,$H$14,$H$15)} -> 14.837504 | J40: {=MMS_Dairy_LeachingAndRunoff_Equations.VEERG_4_3_1_6__2_MassOfNitrogenLostToLeachingAndRunoffFromSolidStorage(J28,$H$14,$H$15)} -> 6.211414 | K40: =$E$11 -> kg N | O40: ='Input - Dairy'!$D$55 -> Feed pad | P40: ='Input - Dairy'!$D$106 -> Sump and dispersal system | Q40: {=MMS_Dairy_LeachingAndRunoff_Equations.VEERG_4_3_1_6__2_MassOfNitrogenLostToLeachingAndRunoffFromSolidStorage(Q28,$H$14,$H$15)} -> 13.738243 | R40: {=MMS_Dairy_LeachingAndRunoff_Equations.VEERG_4_3_1_6__2_MassOfNitrogenLostToLeachingAndRunoffFromSolidStorage(R28,$H$14,$H$15)} -> 11.80353 | S40: {=MMS_Dairy_LeachingAndRunoff_Equations.VEERG_4_3_1_6__2_MassOfNitrogenLostToLeachingAndRunoffFromSolidStorage(S28,$H$14,$H$15)} -> 4.7012211 | T40: {=MMS_Dairy_LeachingAndRunoff_Equations.VEERG_4_3_1_6__2_MassOfNitrogenLostToLeachingAndRunoffFromSolidStorage(T28,$H$14,$H$15)} -> 14.837504 | U40: {=MMS_Dairy_LeachingAndRunoff_Equations.VEERG_4_3_1_6__2_MassOfNitrogenLostToLeachingAndRunoffFromSolidStorage(U28,$H$14,$H$15)} -> 6.211414 | V40: =$E$11 -> kg N
D41: ='Input - Dairy'!$D$55 -> Feed pad | E41: ='Input - Dairy'!$D$111 -> Drains to paddock | F41: {=MMS_Dairy_LeachingAndRunoff_Equations.VEERG_4_3_1_6__2_MassOfNitrogenLostToLeachingAndRunoffFromSolidStorage(F29,$H$14,$H$15)} -> 13.738243 | G41: {=MMS_Dairy_LeachingAndRunoff_Equations.VEERG_4_3_1_6__2_MassOfNitrogenLostToLeachingAndRunoffFromSolidStorage(G29,$H$14,$H$15)} -> 11.80353 | H41: {=MMS_Dairy_LeachingAndRunoff_Equations.VEERG_4_3_1_6__2_MassOfNitrogenLostToLeachingAndRunoffFromSolidStorage(H29,$H$14,$H$15)} -> 4.7012211 | I41: {=MMS_Dairy_LeachingAndRunoff_Equations.VEERG_4_3_1_6__2_MassOfNitrogenLostToLeachingAndRunoffFromSolidStorage(I29,$H$14,$H$15)} -> 14.837504 | J41: {=MMS_Dairy_LeachingAndRunoff_Equations.VEERG_4_3_1_6__2_MassOfNitrogenLostToLeachingAndRunoffFromSolidStorage(J29,$H$14,$H$15)} -> 6.211414 | K41: =$E$11 -> kg N | O41: ='Input - Dairy'!$D$55 -> Feed pad | P41: ='Input - Dairy'!$D$111 -> Drains to paddock | Q41: {=MMS_Dairy_LeachingAndRunoff_Equations.VEERG_4_3_1_6__2_MassOfNitrogenLostToLeachingAndRunoffFromSolidStorage(Q29,$H$14,$H$15)} -> 13.738243 | R41: {=MMS_Dairy_LeachingAndRunoff_Equations.VEERG_4_3_1_6__2_MassOfNitrogenLostToLeachingAndRunoffFromSolidStorage(R29,$H$14,$H$15)} -> 11.80353 | S41: {=MMS_Dairy_LeachingAndRunoff_Equations.VEERG_4_3_1_6__2_MassOfNitrogenLostToLeachingAndRunoffFromSolidStorage(S29,$H$14,$H$15)} -> 4.7012211 | T41: {=MMS_Dairy_LeachingAndRunoff_Equations.VEERG_4_3_1_6__2_MassOfNitrogenLostToLeachingAndRunoffFromSolidStorage(T29,$H$14,$H$15)} -> 14.837504 | U41: {=MMS_Dairy_LeachingAndRunoff_Equations.VEERG_4_3_1_6__2_MassOfNitrogenLostToLeachingAndRunoffFromSolidStorage(U29,$H$14,$H$15)} -> 6.211414 | V41: =$E$11 -> kg N
D42: ='Input - Dairy'!$D$55 -> Feed pad | E42: ='Input - Dairy'!$D$116 -> Solid storage | F42: {=MMS_Dairy_LeachingAndRunoff_Equations.VEERG_4_3_1_6__2_MassOfNitrogenLostToLeachingAndRunoffFromSolidStorage(F30,$H$14,$H$15)} -> 24.041925 | G42: {=MMS_Dairy_LeachingAndRunoff_Equations.VEERG_4_3_1_6__2_MassOfNitrogenLostToLeachingAndRunoffFromSolidStorage(G30,$H$14,$H$15)} -> 20.656177 | H42: {=MMS_Dairy_LeachingAndRunoff_Equations.VEERG_4_3_1_6__2_MassOfNitrogenLostToLeachingAndRunoffFromSolidStorage(H30,$H$14,$H$15)} -> 8.2271368 | I42: {=MMS_Dairy_LeachingAndRunoff_Equations.VEERG_4_3_1_6__2_MassOfNitrogenLostToLeachingAndRunoffFromSolidStorage(I30,$H$14,$H$15)} -> 25.965631 | J42: {=MMS_Dairy_LeachingAndRunoff_Equations.VEERG_4_3_1_6__2_MassOfNitrogenLostToLeachingAndRunoffFromSolidStorage(J30,$H$14,$H$15)} -> 10.869975 | K42: =$E$11 -> kg N | O42: ='Input - Dairy'!$D$55 -> Feed pad | P42: ='Input - Dairy'!$D$116 -> Solid storage | Q42: {=MMS_Dairy_LeachingAndRunoff_Equations.VEERG_4_3_1_6__2_MassOfNitrogenLostToLeachingAndRunoffFromSolidStorage(Q30,$H$14,$H$15)} -> 24.041925 | R42: {=MMS_Dairy_LeachingAndRunoff_Equations.VEERG_4_3_1_6__2_MassOfNitrogenLostToLeachingAndRunoffFromSolidStorage(R30,$H$14,$H$15)} -> 20.656177 | S42: {=MMS_Dairy_LeachingAndRunoff_Equations.VEERG_4_3_1_6__2_MassOfNitrogenLostToLeachingAndRunoffFromSolidStorage(S30,$H$14,$H$15)} -> 8.2271368 | T42: {=MMS_Dairy_LeachingAndRunoff_Equations.VEERG_4_3_1_6__2_MassOfNitrogenLostToLeachingAndRunoffFromSolidStorage(T30,$H$14,$H$15)} -> 25.965631 | U42: {=MMS_Dairy_LeachingAndRunoff_Equations.VEERG_4_3_1_6__2_MassOfNitrogenLostToLeachingAndRunoffFromSolidStorage(U30,$H$14,$H$15)} -> 10.869975 | V42: =$E$11 -> kg N
D46: {=MMS_Dairy_ManureAppliedToSoils_Equations.VEERG_4_3_1_8__1_MassOfNitrogenAppliedToSoilsScope1_Title()} -> Mass of nitrogen from manure applied to soils for scope 1 emissions
D47: {=MMS_Dairy_ManureAppliedToSoils_Equations.VEERG_4_3_1_8__1_MassOfNitrogenAppliedToSoilsScope1_Source()} -> VEERG 2026: 4.3.1.8, Equation (1)
D48: Function name | E48: {=Common_InputFunctions.Utility_DisplayFunctionName($F$93)} -> =MMS_Dairy_ManureAppliedToSoils_Equations.VEERG_4_3_1_8__1_MassOfNitrogenAppliedToSoilsScope1
G49: Guidance should reference MNLeach equation for MMS 1-13
D51: Variable | E51: {=MMS_Dairy_ManureAppliedToSoils_Equations.VEERG_4_3_1_8__1_MassOfNitrogenAppliedToSoilsScope1_Variable()} -> MNSoil_scope1
D52: Unit | E52: {=MMS_Dairy_ManureAppliedToSoils_Equations.VEERG_4_3_1_8__1_MassOfNitrogenAppliedToSoilsScope1_Unit()} -> kg N
D54: {=MMS_Dairy_ManureAppliedToSoils_Equations.VEERG_4_3_1_8__1_MassOfNitrogenAppliedToSoilsScope1_Arguments()} -> MN_jm | E54: total nitrogen in each MMS for dairy cattle classes (kg N) | G54: ="See " & $D$20 -> See M1_Table_MN_j_m
D55: EF_m | E55: emission factor for nitrous oxide emissions per MMS (kg N2O-N/kg N) | G55: ="See " & D60 -> See Table_EF_m
D56: FracGASM_m | E56: fraction of N volatilised from MMS | G56: ="See " & D69 -> See Table_FracGASM_m
D57: MNLeach_jm | E57: mass of N lost through leaching and runoff from each MMS (kg N) | G57: ="See " & D32 -> See M1_Table_MN_leach_j_m-1-13 | H57: Should have 1-13 subscript
D58: PF_scope | E58: fraction of manure applied to soil within farm boundary | G58: ="See " & D78 -> See Table_PF_scope | H58: has 'scope' subscript in arguments definition but not equation
D60: Table_EF_m
D61: Nitrous oxide EF for each MMS
D62: MMS | E62: EFm
D63: {=Table_SourceData_Dairy_EFmFracGASM[NIR reference]} -> Pasture range and paddock | E63: {=Table_SourceData_Dairy_EFmFracGASM[EFm]} -> 0
D64: Anaerobic lagoon | E64: 0
D65: Sump and dispersal system | E65: 0
D66: Drains to paddock | E66: 0
D67: Solid storage | E67: 0.005
D69: Table_FracGASM_m
D70: Fraction N volatilised from each MS
D71: MMS | E71: FracGASMm
D72: {=Table_SourceData_Dairy_EFmFracGASM[NIR reference]} -> Pasture range and paddock | E72: {=Table_SourceData_Dairy_EFmFracGASM[FracGASMm]} -> 0 | F72: ='Constants - Dairy'!$D$84 -> kg N2O-N/kg N excreted
D73: Anaerobic lagoon | E73: 0.35 | F73: ='Constants - Dairy'!$D$84 -> kg N2O-N/kg N excreted
D74: Sump and dispersal system | E74: 0.07 | F74: ='Constants - Dairy'!$D$84 -> kg N2O-N/kg N excreted
D75: Drains to paddock | E75: 0.2 | F75: ='Constants - Dairy'!$D$84 -> kg N2O-N/kg N excreted
D76: Solid storage | E76: 0.3 | F76: ='Constants - Dairy'!$D$84 -> kg N2O-N/kg N excreted
D78: Table_PF_scope
D79: Fraction of manure applied to soils within farm boundary
D80: Production system | E80: MMS | F80: Milking cows | G80: Heifers > 1 year | H80: Heifers < 1 year | I80: Bulls > 1 year | J80: Bulls < 1 year
D81: ='Input - Dairy'!$D$54 -> Milking shed | E81: ='Input - Dairy'!$D$67 -> Anaerobic lagoon | F81: ='Input - Dairy'!E139 -> 0.5 | G81: ='Input - Dairy'!F139 -> 0.5 | H81: ='Input - Dairy'!G139 -> 0.5 | I81: ='Input - Dairy'!H139 -> 0.5 | J81: ='Input - Dairy'!I139 -> 0.5 | K81: =$E$11 -> kg N
D82: ='Input - Dairy'!$D$54 -> Milking shed | E82: ='Input - Dairy'!$D$72 -> Sump and dispersal system | F82: ='Input - Dairy'!E144 -> 0.5 | G82: ='Input - Dairy'!F144 -> 0.5 | H82: ='Input - Dairy'!G144 -> 0.5 | I82: ='Input - Dairy'!H144 -> 0.5 | J82: ='Input - Dairy'!I144 -> 0.5 | K82: =$E$11 -> kg N
D83: ='Input - Dairy'!$D$54 -> Milking shed | E83: ='Input - Dairy'!$D$77 -> Drains to paddock | F83: ='Input - Dairy'!E149 -> 0.5 | G83: ='Input - Dairy'!F149 -> 0.5 | H83: ='Input - Dairy'!G149 -> 0.5 | I83: ='Input - Dairy'!H149 -> 0.5 | J83: ='Input - Dairy'!I149 -> 0.5 | K83: =$E$11 -> kg N
D84: ='Input - Dairy'!$D$54 -> Milking shed | E84: ='Input - Dairy'!$D$82 -> Solid storage | F84: ='Input - Dairy'!E154 -> 0.5 | G84: ='Input - Dairy'!F154 -> 0.5 | H84: ='Input - Dairy'!G154 -> 0.5 | I84: ='Input - Dairy'!H154 -> 0.5 | J84: ='Input - Dairy'!I154 -> 0.5 | K84: =$E$11 -> kg N
D85: ='Input - Dairy'!$D$55 -> Feed pad | E85: ='Input - Dairy'!$D$101 -> Anaerobic lagoon | F85: ='Input - Dairy'!E163 -> 0.5 | G85: ='Input - Dairy'!F163 -> 0.5 | H85: ='Input - Dairy'!G163 -> 0.5 | I85: ='Input - Dairy'!H163 -> 0.5 | J85: ='Input - Dairy'!I163 -> 0.5 | K85: =$E$11 -> kg N
D86: ='Input - Dairy'!$D$55 -> Feed pad | E86: ='Input - Dairy'!$D$106 -> Sump and dispersal system | F86: ='Input - Dairy'!E168 -> 0.5 | G86: ='Input - Dairy'!F168 -> 0.5 | H86: ='Input - Dairy'!G168 -> 0.5 | I86: ='Input - Dairy'!H168 -> 0.5 | J86: ='Input - Dairy'!I168 -> 0.5 | K86: =$E$11 -> kg N
D87: ='Input - Dairy'!$D$55 -> Feed pad | E87: ='Input - Dairy'!$D$111 -> Drains to paddock | F87: ='Input - Dairy'!E173 -> 0.5 | G87: ='Input - Dairy'!F173 -> 0.5 | H87: ='Input - Dairy'!G173 -> 0.5 | I87: ='Input - Dairy'!H173 -> 0.5 | J87: ='Input - Dairy'!I173 -> 0.5 | K87: =$E$11 -> kg N
D88: ='Input - Dairy'!$D$55 -> Feed pad | E88: ='Input - Dairy'!$D$116 -> Solid storage | F88: ='Input - Dairy'!E178 -> 0.5 | G88: ='Input - Dairy'!F178 -> 0.5 | H88: ='Input - Dairy'!G178 -> 0.5 | I88: ='Input - Dairy'!H178 -> 0.5 | J88: ='Input - Dairy'!I178 -> 0.5 | K88: =$E$11 -> kg N
D90: M1_Table_MN_soil_scope1 | O90: M2_Table_MN_soil_scope1
D91: Mass of nitrogen from manure applied to soils for scope 1 emissions (Method 1) | O91: Mass of nitrogen from manure applied to soils for scope 1 emissions (Method 2)
D92: Production system | E92: MMS | F92: Milking cows | G92: Heifers > 1 year | H92: Heifers < 1 year | I92: Bulls > 1 year | J92: Bulls < 1 year | O92: Production system | P92: MMS | Q92: Milking cows | R92: Heifers > 1 year | S92: Heifers < 1 year | T92: Bulls > 1 year | U92: Bulls < 1 year
D93: ='Input - Dairy'!$D$54 -> Milking shed | E93: ='Input - Dairy'!$D$67 -> Anaerobic lagoon | F93: {=MMS_Dairy_ManureAppliedToSoils_Equations.VEERG_4_3_1_8__1_MassOfNitrogenAppliedToSoilsScope1(F23,$E64,$E73,F35,F81)} -> 66.858162 | G93: {=MMS_Dairy_ManureAppliedToSoils_Equations.VEERG_4_3_1_8__1_MassOfNitrogenAppliedToSoilsScope1(G23,$E64,$E73,G35,G81)} -> 57.442739 | H93: {=MMS_Dairy_ManureAppliedToSoils_Equations.VEERG_4_3_1_8__1_MassOfNitrogenAppliedToSoilsScope1(H23,$E64,$E73,H35,H81)} -> 22.878836 | I93: {=MMS_Dairy_ManureAppliedToSoils_Equations.VEERG_4_3_1_8__1_MassOfNitrogenAppliedToSoilsScope1(I23,$E64,$E73,I35,I81)} -> 72.207795 | J93: {=MMS_Dairy_ManureAppliedToSoils_Equations.VEERG_4_3_1_8__1_MassOfNitrogenAppliedToSoilsScope1(J23,$E64,$E73,J35,J81)} -> 30.2283 | K93: =$E$52 -> kg N | O93: ='Input - Dairy'!$D$54 -> Milking shed | P93: ='Input - Dairy'!$D$67 -> Anaerobic lagoon | Q93: {=MMS_Dairy_ManureAppliedToSoils_Equations.VEERG_4_3_1_8__1_MassOfNitrogenAppliedToSoilsScope1(Q23,$E64,$E73,Q35,F81)} -> 66.858162 | R93: {=MMS_Dairy_ManureAppliedToSoils_Equations.VEERG_4_3_1_8__1_MassOfNitrogenAppliedToSoilsScope1(R23,$E64,$E73,R35,G81)} -> 57.442739 | S93: {=MMS_Dairy_ManureAppliedToSoils_Equations.VEERG_4_3_1_8__1_MassOfNitrogenAppliedToSoilsScope1(S23,$E64,$E73,S35,H81)} -> 22.878836 | T93: {=MMS_Dairy_ManureAppliedToSoils_Equations.VEERG_4_3_1_8__1_MassOfNitrogenAppliedToSoilsScope1(T23,$E64,$E73,T35,I81)} -> 72.207795 | U93: {=MMS_Dairy_ManureAppliedToSoils_Equations.VEERG_4_3_1_8__1_MassOfNitrogenAppliedToSoilsScope1(U23,$E64,$E73,U35,J81)} -> 30.2283 | V93: =$E$52 -> kg N
D94: ='Input - Dairy'!$D$54 -> Milking shed | E94: ='Input - Dairy'!$D$72 -> Sump and dispersal system | F94: {=MMS_Dairy_ManureAppliedToSoils_Equations.VEERG_4_3_1_8__1_MassOfNitrogenAppliedToSoilsScope1(F24,$E65,$E74,F36,F82)} -> 96.572901 | G94: {=MMS_Dairy_ManureAppliedToSoils_Equations.VEERG_4_3_1_8__1_MassOfNitrogenAppliedToSoilsScope1(G24,$E65,$E74,G36,G82)} -> 82.972846 | H94: {=MMS_Dairy_ManureAppliedToSoils_Equations.VEERG_4_3_1_8__1_MassOfNitrogenAppliedToSoilsScope1(H24,$E65,$E74,H36,H82)} -> 33.047207 | I94: {=MMS_Dairy_ManureAppliedToSoils_Equations.VEERG_4_3_1_8__1_MassOfNitrogenAppliedToSoilsScope1(I24,$E65,$E74,I36,I82)} -> 104.30015 | J94: {=MMS_Dairy_ManureAppliedToSoils_Equations.VEERG_4_3_1_8__1_MassOfNitrogenAppliedToSoilsScope1(J24,$E65,$E74,J36,J82)} -> 43.6631 | K94: =$E$52 -> kg N | O94: ='Input - Dairy'!$D$54 -> Milking shed | P94: ='Input - Dairy'!$D$72 -> Sump and dispersal system | Q94: {=MMS_Dairy_ManureAppliedToSoils_Equations.VEERG_4_3_1_8__1_MassOfNitrogenAppliedToSoilsScope1(Q24,$E65,$E74,Q36,F82)} -> 96.572901 | R94: {=MMS_Dairy_ManureAppliedToSoils_Equations.VEERG_4_3_1_8__1_MassOfNitrogenAppliedToSoilsScope1(R24,$E65,$E74,R36,G82)} -> 82.972846 | S94: {=MMS_Dairy_ManureAppliedToSoils_Equations.VEERG_4_3_1_8__1_MassOfNitrogenAppliedToSoilsScope1(S24,$E65,$E74,S36,H82)} -> 33.047207 | T94: {=MMS_Dairy_ManureAppliedToSoils_Equations.VEERG_4_3_1_8__1_MassOfNitrogenAppliedToSoilsScope1(T24,$E65,$E74,T36,I82)} -> 104.30015 | U94: {=MMS_Dairy_ManureAppliedToSoils_Equations.VEERG_4_3_1_8__1_MassOfNitrogenAppliedToSoilsScope1(U24,$E65,$E74,U36,J82)} -> 43.6631 | V94: =$E$52 -> kg N
D95: ='Input - Dairy'!$D$54 -> Milking shed | E95: ='Input - Dairy'!$D$77 -> Drains to paddock | F95: {=MMS_Dairy_ManureAppliedToSoils_Equations.VEERG_4_3_1_8__1_MassOfNitrogenAppliedToSoilsScope1(F25,$E66,$E75,F37,F83)} -> 82.776772 | G95: {=MMS_Dairy_ManureAppliedToSoils_Equations.VEERG_4_3_1_8__1_MassOfNitrogenAppliedToSoilsScope1(G25,$E66,$E75,G37,G83)} -> 71.119582 | H95: {=MMS_Dairy_ManureAppliedToSoils_Equations.VEERG_4_3_1_8__1_MassOfNitrogenAppliedToSoilsScope1(H25,$E66,$E75,H37,H83)} -> 28.326177 | I95: {=MMS_Dairy_ManureAppliedToSoils_Equations.VEERG_4_3_1_8__1_MassOfNitrogenAppliedToSoilsScope1(I25,$E66,$E75,I37,I83)} -> 89.400127 | J95: {=MMS_Dairy_ManureAppliedToSoils_Equations.VEERG_4_3_1_8__1_MassOfNitrogenAppliedToSoilsScope1(J25,$E66,$E75,J37,J83)} -> 37.425514 | K95: =$E$52 -> kg N | O95: ='Input - Dairy'!$D$54 -> Milking shed | P95: ='Input - Dairy'!$D$77 -> Drains to paddock | Q95: {=MMS_Dairy_ManureAppliedToSoils_Equations.VEERG_4_3_1_8__1_MassOfNitrogenAppliedToSoilsScope1(Q25,$E66,$E75,Q37,F83)} -> 82.776772 | R95: {=MMS_Dairy_ManureAppliedToSoils_Equations.VEERG_4_3_1_8__1_MassOfNitrogenAppliedToSoilsScope1(R25,$E66,$E75,R37,G83)} -> 71.119582 | S95: {=MMS_Dairy_ManureAppliedToSoils_Equations.VEERG_4_3_1_8__1_MassOfNitrogenAppliedToSoilsScope1(S25,$E66,$E75,S37,H83)} -> 28.326177 | T95: {=MMS_Dairy_ManureAppliedToSoils_Equations.VEERG_4_3_1_8__1_MassOfNitrogenAppliedToSoilsScope1(T25,$E66,$E75,T37,I83)} -> 89.400127 | U95: {=MMS_Dairy_ManureAppliedToSoils_Equations.VEERG_4_3_1_8__1_MassOfNitrogenAppliedToSoilsScope1(U25,$E66,$E75,U37,J83)} -> 37.425514 | V95: =$E$52 -> kg N
D96: ='Input - Dairy'!$D$54 -> Milking shed | E96: ='Input - Dairy'!$D$82 -> Solid storage | F96: {=MMS_Dairy_ManureAppliedToSoils_Equations.VEERG_4_3_1_8__1_MassOfNitrogenAppliedToSoilsScope1(F26,$E67,$E76,F38,F84)} -> 143.26749 | G96: {=MMS_Dairy_ManureAppliedToSoils_Equations.VEERG_4_3_1_8__1_MassOfNitrogenAppliedToSoilsScope1(G26,$E67,$E76,G38,G84)} -> 123.09158 | H96: {=MMS_Dairy_ManureAppliedToSoils_Equations.VEERG_4_3_1_8__1_MassOfNitrogenAppliedToSoilsScope1(H26,$E67,$E76,H38,H84)} -> 49.026076 | I96: {=MMS_Dairy_ManureAppliedToSoils_Equations.VEERG_4_3_1_8__1_MassOfNitrogenAppliedToSoilsScope1(I26,$E67,$E76,I38,I84)} -> 154.73099 | J96: {=MMS_Dairy_ManureAppliedToSoils_Equations.VEERG_4_3_1_8__1_MassOfNitrogenAppliedToSoilsScope1(J26,$E67,$E76,J38,J84)} -> 64.774929 | K96: =$E$52 -> kg N | O96: ='Input - Dairy'!$D$54 -> Milking shed | P96: ='Input - Dairy'!$D$82 -> Solid storage | Q96: {=MMS_Dairy_ManureAppliedToSoils_Equations.VEERG_4_3_1_8__1_MassOfNitrogenAppliedToSoilsScope1(Q26,$E67,$E76,Q38,F84)} -> 143.26749 | R96: {=MMS_Dairy_ManureAppliedToSoils_Equations.VEERG_4_3_1_8__1_MassOfNitrogenAppliedToSoilsScope1(R26,$E67,$E76,R38,G84)} -> 123.09158 | S96: {=MMS_Dairy_ManureAppliedToSoils_Equations.VEERG_4_3_1_8__1_MassOfNitrogenAppliedToSoilsScope1(S26,$E67,$E76,S38,H84)} -> 49.026076 | T96: {=MMS_Dairy_ManureAppliedToSoils_Equations.VEERG_4_3_1_8__1_MassOfNitrogenAppliedToSoilsScope1(T26,$E67,$E76,T38,I84)} -> 154.73099 | U96: {=MMS_Dairy_ManureAppliedToSoils_Equations.VEERG_4_3_1_8__1_MassOfNitrogenAppliedToSoilsScope1(U26,$E67,$E76,U38,J84)} -> 64.774929 | V96: =$E$52 -> kg N
D97: ='Input - Dairy'!$D$55 -> Feed pad | E97: ='Input - Dairy'!$D$101 -> Anaerobic lagoon | F97: {=MMS_Dairy_ManureAppliedToSoils_Equations.VEERG_4_3_1_8__1_MassOfNitrogenAppliedToSoilsScope1(F27,$E64,$E73,F39,F85)} -> 270.47166 | G97: {=MMS_Dairy_ManureAppliedToSoils_Equations.VEERG_4_3_1_8__1_MassOfNitrogenAppliedToSoilsScope1(G27,$E64,$E73,G39,G85)} -> 232.38199 | H97: {=MMS_Dairy_ManureAppliedToSoils_Equations.VEERG_4_3_1_8__1_MassOfNitrogenAppliedToSoilsScope1(H27,$E64,$E73,H39,H85)} -> 92.555289 | I97: {=MMS_Dairy_ManureAppliedToSoils_Equations.VEERG_4_3_1_8__1_MassOfNitrogenAppliedToSoilsScope1(I27,$E64,$E73,I39,I85)} -> 292.11335 | J97: {=MMS_Dairy_ManureAppliedToSoils_Equations.VEERG_4_3_1_8__1_MassOfNitrogenAppliedToSoilsScope1(J27,$E64,$E73,J39,J85)} -> 122.28721 | K97: =$E$52 -> kg N | O97: ='Input - Dairy'!$D$55 -> Feed pad | P97: ='Input - Dairy'!$D$101 -> Anaerobic lagoon | Q97: {=MMS_Dairy_ManureAppliedToSoils_Equations.VEERG_4_3_1_8__1_MassOfNitrogenAppliedToSoilsScope1(Q27,$E64,$E73,Q39,F85)} -> 270.47166 | R97: {=MMS_Dairy_ManureAppliedToSoils_Equations.VEERG_4_3_1_8__1_MassOfNitrogenAppliedToSoilsScope1(R27,$E64,$E73,R39,G85)} -> 232.38199 | S97: {=MMS_Dairy_ManureAppliedToSoils_Equations.VEERG_4_3_1_8__1_MassOfNitrogenAppliedToSoilsScope1(S27,$E64,$E73,S39,H85)} -> 92.555289 | T97: {=MMS_Dairy_ManureAppliedToSoils_Equations.VEERG_4_3_1_8__1_MassOfNitrogenAppliedToSoilsScope1(T27,$E64,$E73,T39,I85)} -> 292.11335 | U97: {=MMS_Dairy_ManureAppliedToSoils_Equations.VEERG_4_3_1_8__1_MassOfNitrogenAppliedToSoilsScope1(U27,$E64,$E73,U39,J85)} -> 122.28721 | V97: =$E$52 -> kg N
D98: ='Input - Dairy'!$D$55 -> Feed pad | E98: ='Input - Dairy'!$D$106 -> Sump and dispersal system | F98: {=MMS_Dairy_ManureAppliedToSoils_Equations.VEERG_4_3_1_8__1_MassOfNitrogenAppliedToSoilsScope1(F28,$E65,$E74,F40,F86)} -> 312.54502 | G98: {=MMS_Dairy_ManureAppliedToSoils_Equations.VEERG_4_3_1_8__1_MassOfNitrogenAppliedToSoilsScope1(G28,$E65,$E74,G40,G86)} -> 268.5303 | H98: {=MMS_Dairy_ManureAppliedToSoils_Equations.VEERG_4_3_1_8__1_MassOfNitrogenAppliedToSoilsScope1(H28,$E65,$E74,H40,H86)} -> 106.95278 | I98: {=MMS_Dairy_ManureAppliedToSoils_Equations.VEERG_4_3_1_8__1_MassOfNitrogenAppliedToSoilsScope1(I28,$E65,$E74,I40,I86)} -> 337.55321 | J98: {=MMS_Dairy_ManureAppliedToSoils_Equations.VEERG_4_3_1_8__1_MassOfNitrogenAppliedToSoilsScope1(J28,$E65,$E74,J40,J86)} -> 141.30967 | K98: =$E$52 -> kg N | O98: ='Input - Dairy'!$D$55 -> Feed pad | P98: ='Input - Dairy'!$D$106 -> Sump and dispersal system | Q98: {=MMS_Dairy_ManureAppliedToSoils_Equations.VEERG_4_3_1_8__1_MassOfNitrogenAppliedToSoilsScope1(Q28,$E65,$E74,Q40,F86)} -> 312.54502 | R98: {=MMS_Dairy_ManureAppliedToSoils_Equations.VEERG_4_3_1_8__1_MassOfNitrogenAppliedToSoilsScope1(R28,$E65,$E74,R40,G86)} -> 268.5303 | S98: {=MMS_Dairy_ManureAppliedToSoils_Equations.VEERG_4_3_1_8__1_MassOfNitrogenAppliedToSoilsScope1(S28,$E65,$E74,S40,H86)} -> 106.95278 | T98: {=MMS_Dairy_ManureAppliedToSoils_Equations.VEERG_4_3_1_8__1_MassOfNitrogenAppliedToSoilsScope1(T28,$E65,$E74,T40,I86)} -> 337.55321 | U98: {=MMS_Dairy_ManureAppliedToSoils_Equations.VEERG_4_3_1_8__1_MassOfNitrogenAppliedToSoilsScope1(U28,$E65,$E74,U40,J86)} -> 141.30967 | V98: =$E$52 -> kg N
D99: ='Input - Dairy'!$D$55 -> Feed pad | E99: ='Input - Dairy'!$D$111 -> Drains to paddock | F99: {=MMS_Dairy_ManureAppliedToSoils_Equations.VEERG_4_3_1_8__1_MassOfNitrogenAppliedToSoilsScope1(F29,$E66,$E75,F41,F87)} -> 267.89573 | G99: {=MMS_Dairy_ManureAppliedToSoils_Equations.VEERG_4_3_1_8__1_MassOfNitrogenAppliedToSoilsScope1(G29,$E66,$E75,G41,G87)} -> 230.16883 | H99: {=MMS_Dairy_ManureAppliedToSoils_Equations.VEERG_4_3_1_8__1_MassOfNitrogenAppliedToSoilsScope1(H29,$E66,$E75,H41,H87)} -> 91.673811 | I99: {=MMS_Dairy_ManureAppliedToSoils_Equations.VEERG_4_3_1_8__1_MassOfNitrogenAppliedToSoilsScope1(I29,$E66,$E75,I41,I87)} -> 289.33132 | J99: {=MMS_Dairy_ManureAppliedToSoils_Equations.VEERG_4_3_1_8__1_MassOfNitrogenAppliedToSoilsScope1(J29,$E66,$E75,J41,J87)} -> 121.12257 | K99: =$E$52 -> kg N | O99: ='Input - Dairy'!$D$55 -> Feed pad | P99: ='Input - Dairy'!$D$111 -> Drains to paddock | Q99: {=MMS_Dairy_ManureAppliedToSoils_Equations.VEERG_4_3_1_8__1_MassOfNitrogenAppliedToSoilsScope1(Q29,$E66,$E75,Q41,F87)} -> 267.89573 | R99: {=MMS_Dairy_ManureAppliedToSoils_Equations.VEERG_4_3_1_8__1_MassOfNitrogenAppliedToSoilsScope1(R29,$E66,$E75,R41,G87)} -> 230.16883 | S99: {=MMS_Dairy_ManureAppliedToSoils_Equations.VEERG_4_3_1_8__1_MassOfNitrogenAppliedToSoilsScope1(S29,$E66,$E75,S41,H87)} -> 91.673811 | T99: {=MMS_Dairy_ManureAppliedToSoils_Equations.VEERG_4_3_1_8__1_MassOfNitrogenAppliedToSoilsScope1(T29,$E66,$E75,T41,I87)} -> 289.33132 | U99: {=MMS_Dairy_ManureAppliedToSoils_Equations.VEERG_4_3_1_8__1_MassOfNitrogenAppliedToSoilsScope1(U29,$E66,$E75,U41,J87)} -> 121.12257 | V99: =$E$52 -> kg N
D100: ='Input - Dairy'!$D$55 -> Feed pad | E100: ='Input - Dairy'!$D$116 -> Solid storage | F100: {=MMS_Dairy_ManureAppliedToSoils_Equations.VEERG_4_3_1_8__1_MassOfNitrogenAppliedToSoilsScope1(F30,$E67,$E76,F42,F88)} -> 405.70748 | G100: {=MMS_Dairy_ManureAppliedToSoils_Equations.VEERG_4_3_1_8__1_MassOfNitrogenAppliedToSoilsScope1(G30,$E67,$E76,G42,G88)} -> 348.57299 | H100: {=MMS_Dairy_ManureAppliedToSoils_Equations.VEERG_4_3_1_8__1_MassOfNitrogenAppliedToSoilsScope1(H30,$E67,$E76,H42,H88)} -> 138.83293 | I100: {=MMS_Dairy_ManureAppliedToSoils_Equations.VEERG_4_3_1_8__1_MassOfNitrogenAppliedToSoilsScope1(I30,$E67,$E76,I42,I88)} -> 438.17003 | J100: {=MMS_Dairy_ManureAppliedToSoils_Equations.VEERG_4_3_1_8__1_MassOfNitrogenAppliedToSoilsScope1(J30,$E67,$E76,J42,J88)} -> 183.43082 | K100: =$E$52 -> kg N | O100: ='Input - Dairy'!$D$55 -> Feed pad | P100: ='Input - Dairy'!$D$116 -> Solid storage | Q100: {=MMS_Dairy_ManureAppliedToSoils_Equations.VEERG_4_3_1_8__1_MassOfNitrogenAppliedToSoilsScope1(Q30,$E67,$E76,Q42,F88)} -> 405.70748 | R100: {=MMS_Dairy_ManureAppliedToSoils_Equations.VEERG_4_3_1_8__1_MassOfNitrogenAppliedToSoilsScope1(R30,$E67,$E76,R42,G88)} -> 348.57299 | S100: {=MMS_Dairy_ManureAppliedToSoils_Equations.VEERG_4_3_1_8__1_MassOfNitrogenAppliedToSoilsScope1(S30,$E67,$E76,S42,H88)} -> 138.83293 | T100: {=MMS_Dairy_ManureAppliedToSoils_Equations.VEERG_4_3_1_8__1_MassOfNitrogenAppliedToSoilsScope1(T30,$E67,$E76,T42,I88)} -> 438.17003 | U100: {=MMS_Dairy_ManureAppliedToSoils_Equations.VEERG_4_3_1_8__1_MassOfNitrogenAppliedToSoilsScope1(U30,$E67,$E76,U42,J88)} -> 183.43082 | V100: =$E$52 -> kg N
D102: MNSoilscope1 | E102: =SUM(F93:J100) -> 6145.7183 | F102: =$E$52 -> kg N
D106: {=MMS_Dairy_ManureAppliedToSoils_Equations.VEERG_4_3_1_8__2_MassOfNitrogenAppliedToSoilsScope3_Title()} -> Mass of nitrogen from manure applied to soils for scope 3 emissions
D107: {=MMS_Dairy_ManureAppliedToSoils_Equations.VEERG_4_3_1_8__2_MassOfNitrogenAppliedToSoilsScope3_Source()} -> VEERG 2026: 4.3.1.8, Equation (2)
D108: Function name | E108: {=Common_InputFunctions.Utility_DisplayFunctionName($F$123)} -> =MMS_Dairy_ManureAppliedToSoils_Equations.VEERG_4_3_1_8__2_MassOfNitrogenAppliedToSoilsScope3
H110: equation in document has FracGASMm-1-13, should be m=1-13
D111: Variable | E111: {=MMS_Dairy_ManureAppliedToSoils_Equations.VEERG_4_3_1_8__2_MassOfNitrogenAppliedToSoilsScope3_Variable()} -> MNSoil_scope3
D112: Unit | E112: {=MMS_Dairy_ManureAppliedToSoils_Equations.VEERG_4_3_1_8__2_MassOfNitrogenAppliedToSoilsScope3_Unit()} -> kg N
D114: {=MMS_Dairy_ManureAppliedToSoils_Equations.VEERG_4_3_1_8__2_MassOfNitrogenAppliedToSoilsScope3_Arguments()} -> MN_jm | E114: total nitrogen in each MMS for dairy cattle classes (kg N) | H114: ="See " & $D$20 -> See M1_Table_MN_j_m
D115: EF_m | E115: emission factor for nitrous oxide emissions per MMS (kg N2O-N/kg N) | H115: ="See " & $D$60 -> See Table_EF_m
D116: FracGASM_m | E116: fraction of N volatilised from MMS | H116: ="See " & $D$69 -> See Table_FracGASM_m
D117: MNLeach_jm | E117: mass of N lost through leaching and runoff from each MMS (kg N) | H117: ="See " & $D$32 -> See M1_Table_MN_leach_j_m-1-13
D118: PF | E118: fraction of manure applied to soil within farm boundary | H118: ="See " & D78 -> See Table_PF_scope
D120: M1_Table_MN_soil_scope3 | O120: M2_Table_MN_soil_scope3
...

Sheet 4.3.1.9 Soil direct N2O
A1: #VALUE! | C1: 4.3.1.9 Soil direct N2O
A3: =HYPERLINK("#'Home'!A1", "Home") -> Home
A4: =HYPERLINK("#'Results'!A1", "Results") -> Results
D5: {=MMS_Dairy_N2ODirect_Equations.VEERG_4_3_1_3__2_TotalNitrogenInEachMMS_Title()} -> Total nitrogen in each MMS
A6: INPUTS | D6: {=MMS_Dairy_N2ODirect_Equations.VEERG_4_3_1_3__2_TotalNitrogenInEachMMS_Source()} -> VEERG 2026: 4.3.1.3, Equation (2)
A7: =HYPERLINK("#'Input - Site'!A1", "Site") -> Site | D7: Function name | E7: {=Common_InputFunctions.Utility_DisplayFunctionName(F31)} -> =MMS_Dairy_N2ODirect_Equations.VEERG_4_3_1_3__2_TotalNitrogenInEachMMS
A8: =HYPERLINK("#'Input - Dairy'!A1", "Dairy") -> Dairy
A10: CALCULATIONS | D10: Variable | E10: {=MMS_Dairy_N2ODirect_Equations.VEERG_4_3_1_3__2_TotalNitrogenInEachMMS_Variable()} -> MN_jm
A11: =HYPERLINK("#'4.3.1.1-2 Methane'!A1", "4.3.1.1-2 Methane") -> 4.3.1.1-2 Methane | D11: Unit | E11: {=MMS_Dairy_N2ODirect_Equations.VEERG_4_3_1_3__2_TotalNitrogenInEachMMS_Unit()} -> kg N
A12: =HYPERLINK("#'4.3.1.3-4 Direct N20'!A1", "4.3.1.3-4 Direct N2O") -> 4.3.1.3-4 Direct N2O
A13: =HYPERLINK("#'4.3.1.5 Atmos Deposition'!A1", "4.3.1.5 Atmospheric deposition") -> 4.3.1.5 Atmospheric deposition | D13: {=MMS_Dairy_N2ODirect_Equations.VEERG_4_3_1_3__2_TotalNitrogenInEachMMS_Arguments()} -> AE_j | E13: total nitrogen excreted by each dairy class (kg N) | G13: ="See " & D16 -> See M1_Table_AE_j
A14: =HYPERLINK("#'4.3.1.6-7 Leaching and runoff'!A1", "4.3.1.6-7 Leaching and runoff") -> 4.3.1.6-7 Leaching and runoff | D14: MMS_jm | E14: manure management system fraction for class j and system m | G14: ="See " & D22 -> See M1_Table_MMS_j_m-14
A15: =HYPERLINK("#'4.3.1.8 Manure applied to soils'!A1", "4.3.1.8 Manure applied to soils") -> 4.3.1.8 Manure applied to soils
A16: =HYPERLINK("#'4.3.1.9 Soil direct N2O'!A1", "4.3.1.9 Soil direct N2O") -> 4.3.1.9 Soil direct N2O | D16: M1_Table_AE_j
A17: =HYPERLINK("#'4.3.1.10-11 Soil Atmos Dep'!A1", "4.3.1.10-11 Soil atm. deposition") -> 4.3.1.10-11 Soil atm. deposition | D17: Total annual nitrogen excreted all cattle (Method 1)
A18: =HYPERLINK("#'4.3.1.12-13 Soil leach runoff'!A1", "4.3.1.12-13 Soil leach & runoff") -> 4.3.1.12-13 Soil leach & runoff | D18: Milking cows | E18: Heifers > 1 year | F18: Heifers < 1 year | G18: Bulls > 1 year | H18: Bulls < 1 year
D19: ='4.3.1.3-4 Direct N20'!D169 -> 9647.6424 | E19: ='4.3.1.3-4 Direct N20'!E169 -> 8288.9956 | F19: ='4.3.1.3-4 Direct N20'!F206 -> 3301.4193 | G19: ='4.3.1.3-4 Direct N20'!G169 -> 10419.595 | H19: ='4.3.1.3-4 Direct N20'!H206 -> 4361.948 | I19: kg N
A20: APPENDICES
A21: =HYPERLINK("#'Constants - Dairy'!A1", "Constants - Dairy") -> Constants - Dairy
A22: =HYPERLINK("#'Constants - Livestock'!A1", "Constants - Livestock") -> Constants - Livestock | D22: M1_Table_MMS_j_m-14 | O22: M1_Table_MMS_j_m-14
A23: =HYPERLINK("#'Constants - Common'!A1", "Constants - Common") -> Constants - Common | D23: Fraction of manure deposited on pasture range and paddock (Method 1) | O23: Fraction of manure deposited on pasture range and paddock (Method 1)
A24: =HYPERLINK("#'Acknowledgements'!A1", "Acknowledgements") -> Acknowledgements | D24: Production system | E24: MMS | F24: Milking cows | G24: Heifers > 1 year | H24: Heifers < 1 year | I24: Bulls > 1 year | J24: Bulls < 1 year | O24: Production system | P24: MMS | Q24: Milking cows | R24: Heifers > 1 year | S24: Heifers < 1 year | T24: Bulls > 1 year | U24: Bulls < 1 year
D25: ='Input - Dairy'!$D$53 -> Pasture | E25: ='Constants - Livestock'!$E$27 -> Pasture range and paddock | F25: ='Input - Dairy'!E53 -> 0.534 | G25: ='Input - Dairy'!F53 -> 0.534 | H25: ='Input - Dairy'!G53 -> 0.534 | I25: ='Input - Dairy'!H53 -> 0.534 | J25: ='Input - Dairy'!I53 -> 0.534 | K25: Fraction | O25: ='Input - Dairy'!$D$53 -> Pasture | P25: ='Constants - Livestock'!$E$27 -> Pasture range and paddock | Q25: ='Input - Dairy'!E58 -> 0.534 | R25: ='Input - Dairy'!F58 -> 0.534 | S25: ='Input - Dairy'!G58 -> 0.534 | T25: ='Input - Dairy'!H58 -> 0.534 | U25: ='Input - Dairy'!I58 -> 0.534 | V25: Fraction
D28: M1_Table_MN_j_m-14 | O28: M2_Table_MN_j_m-14
D29: Total nitrogen deposited on pasture range and paddock (Method 1) | O29: Total nitrogen deposited on pasture range and paddock (Method 2)
D30: Production system | E30: MMS | F30: Milking cows | G30: Heifers > 1 year | H30: Heifers < 1 year | I30: Bulls > 1 year | J30: Bulls < 1 year | O30: Production system | P30: MMS | Q30: Milking cows | R30: Heifers > 1 year | S30: Heifers < 1 year | T30: Bulls > 1 year | U30: Bulls < 1 year
D31: ='Input - Dairy'!$D$53 -> Pasture | E31: ='Constants - Livestock'!$E$27 -> Pasture range and paddock | F31: {=MMS_Dairy_N2ODirect_Equations.VEERG_4_3_1_3__2_TotalNitrogenInEachMMS(D19,F25)} -> 5151.841 | G31: {=MMS_Dairy_N2ODirect_Equations.VEERG_4_3_1_3__2_TotalNitrogenInEachMMS(E19,G25)} -> 4426.3236 | H31: {=MMS_Dairy_N2ODirect_Equations.VEERG_4_3_1_3__2_TotalNitrogenInEachMMS(F19,H25)} -> 1762.9579 | I31: {=MMS_Dairy_N2ODirect_Equations.VEERG_4_3_1_3__2_TotalNitrogenInEachMMS(G19,I25)} -> 5564.0639 | J31: {=MMS_Dairy_N2ODirect_Equations.VEERG_4_3_1_3__2_TotalNitrogenInEachMMS(H19,J25)} -> 2329.2803 | K31: =$E$11 -> kg N | O31: ='Input - Dairy'!$D$53 -> Pasture | P31: ='Constants - Livestock'!$E$27 -> Pasture range and paddock | Q31: {=MMS_Dairy_N2ODirect_Equations.VEERG_4_3_1_3__2_TotalNitrogenInEachMMS(D19,Q25)} -> 5151.841 | R31: {=MMS_Dairy_N2ODirect_Equations.VEERG_4_3_1_3__2_TotalNitrogenInEachMMS(E19,R25)} -> 4426.3236 | S31: {=MMS_Dairy_N2ODirect_Equations.VEERG_4_3_1_3__2_TotalNitrogenInEachMMS(F19,S25)} -> 1762.9579 | T31: {=MMS_Dairy_N2ODirect_Equations.VEERG_4_3_1_3__2_TotalNitrogenInEachMMS(G19,T25)} -> 5564.0639 | U31: {=MMS_Dairy_N2ODirect_Equations.VEERG_4_3_1_3__2_TotalNitrogenInEachMMS(H19,U25)} -> 2329.2803 | V31: =$E$11 -> kg N
D35: {=MMS_Dairy_Soil_N2ODirect_Equations.VEERG_4_3_1_9__1_DirectNitrousOxideEmissionsOnPasture_Title()} -> Direct nitrous oxide emissions on pasture
D36: {=MMS_Dairy_Soil_N2ODirect_Equations.VEERG_4_3_1_9__1_DirectNitrousOxideEmissionsOnPasture_Source()} -> VEERG 2026: 4.3.1.9, Equation (1)
D37: Formula name | E37: {=Common_InputFunctions.Utility_DisplayFunctionName($F$51)} -> =MMS_Dairy_Soil_N2ODirect_Equations.VEERG_4_3_1_9__1_DirectNitrousOxideEmissionsOnPasture
D40: Variable | E40: {=MMS_Dairy_Soil_N2ODirect_Equations.VEERG_4_3_1_9__1_DirectNitrousOxideEmissionsOnPasture_Variable()} -> E_N2Odir
D41: Unit | E41: {=MMS_Dairy_Soil_N2ODirect_Equations.VEERG_4_3_1_9__1_DirectNitrousOxideEmissionsOnPasture_Unit()} -> t N2O
D43: {=MMS_Dairy_Soil_N2ODirect_Equations.VEERG_4_3_1_9__1_DirectNitrousOxideEmissionsOnPasture_Arguments()} -> MN_jm14 | E43: mass of nitrogen excreted on pasture, range, and paddock for each dairy cattle class (kg N) | H43: ="See " & D28 -> See M1_Table_MN_j_m-14
D44: EF_PRP | E44: emission factor for nitrous oxide emissions for urine and dung deposited on PRP (kg N2O-N/kg N deposited) | H44: {=Common_InputFunctions.Utility_LookupValueInTable(H46, Table_SourceData_EFPastureRangeAndPaddock[Climate zone],Table_SourceData_EFPastureRangeAndPaddock[EFPRP])} -> 0.002
D45: C_N2O | E45: factor to convert elemental mass of N2O to molecular mass | H45: =Common_InputFunctions.Utility_LookupValueInTableNumber("N2O",Table_GasToMolecularConversionFactor[Gas],Table_GasToMolecularConversionFactor[Conversion factor combined]) -> 1.5714286
D46: z | E46: Wet or dry climate zone | H46: ='Input - Site'!$E$32 -> Dry climate zone
D48: M1_Table_E_N2O_dir | O48: M2_Table_E_N2O_dir
D49: Direct nitrous oxide emissions from urine and dung deposited on pasture (Method 1) | O49: Direct nitrous oxide emissions from urine and dung deposited on pasture (Method 2)
D50: Production system | E50: MMS | F50: Milking cows | G50: Heifers > 1 year | H50: Heifers < 1 year | I50: Bulls > 1 year | J50: Bulls < 1 year | O50: Production system | P50: MMS | Q50: Milking cows | R50: Heifers > 1 year | S50: Heifers < 1 year | T50: Bulls > 1 year | U50: Bulls < 1 year
D51: ='Input - Dairy'!$D$53 -> Pasture | E51: ='Constants - Livestock'!$E$27 -> Pasture range and paddock | F51: {=MMS_Dairy_Soil_N2ODirect_Equations.VEERG_4_3_1_9__1_DirectNitrousOxideEmissionsOnPasture(F31,$H$44,$H$45)} -> 0.0161915 | G51: {=MMS_Dairy_Soil_N2ODirect_Equations.VEERG_4_3_1_9__1_DirectNitrousOxideEmissionsOnPasture(G31,$H$44,$H$45)} -> 0.013911303 | H51: {=MMS_Dairy_Soil_N2ODirect_Equations.VEERG_4_3_1_9__1_DirectNitrousOxideEmissionsOnPasture(H31,$H$44,$H$45)} -> 0.0055407248 | I51: {=MMS_Dairy_Soil_N2ODirect_Equations.VEERG_4_3_1_9__1_DirectNitrousOxideEmissionsOnPasture(I31,$H$44,$H$45)} -> 0.017487058 | J51: {=MMS_Dairy_Soil_N2ODirect_Equations.VEERG_4_3_1_9__1_DirectNitrousOxideEmissionsOnPasture(J31,$H$44,$H$45)} -> 0.0073205951 | K51: =$E$41 -> t N2O | O51: ='Input - Dairy'!$D$53 -> Pasture | P51: ='Constants - Livestock'!$E$27 -> Pasture range and paddock | Q51: {=MMS_Dairy_Soil_N2ODirect_Equations.VEERG_4_3_1_9__1_DirectNitrousOxideEmissionsOnPasture(Q31,$H$44,$H$45)} -> 0.0161915 | R51: {=MMS_Dairy_Soil_N2ODirect_Equations.VEERG_4_3_1_9__1_DirectNitrousOxideEmissionsOnPasture(R31,$H$44,$H$45)} -> 0.013911303 | S51: {=MMS_Dairy_Soil_N2ODirect_Equations.VEERG_4_3_1_9__1_DirectNitrousOxideEmissionsOnPasture(S31,$H$44,$H$45)} -> 0.0055407248 | T51: {=MMS_Dairy_Soil_N2ODirect_Equations.VEERG_4_3_1_9__1_DirectNitrousOxideEmissionsOnPasture(T31,$H$44,$H$45)} -> 0.017487058 | U51: {=MMS_Dairy_Soil_N2ODirect_Equations.VEERG_4_3_1_9__1_DirectNitrousOxideEmissionsOnPasture(U31,$H$44,$H$45)} -> 0.0073205951 | V51: =$E$41 -> t N2O
D53: EN2O,dir | E53: =SUM(F51:J51) -> 0.060451181 | F53: =$E$41 -> t N2O | O53: EN2O,dir | P53: =SUM(Q51:U51) -> 0.060451181 | Q53: =$E$41 -> t N2O
D55: {=Common_Equations.Common_ConvertN2OToCO2e_Arguments()} -> EN2O | E55: Nitrous oxide emissions (t N2O) | G55: =E53 -> 0.060451181 | O55: {=Common_Equations.Common_ConvertN2OToCO2e_Arguments()} -> EN2O | P55: Nitrous oxide emissions (t N2O) | R55: =P53 -> 0.060451181
D56: GWPN2O | E56: Global warming potential for nitrous oxide (t CO2-e / t N2O) | G56: =Common_InputFunctions.Utility_LookupValueInTableNumber("N2O",Table_GWPData[Gas],Table_GWPData[CO2-e factor]) -> 265 | O56: GWPN2O | P56: Global warming potential for nitrous oxide (t CO2-e / t N2O) | R56: =Common_InputFunctions.Utility_LookupValueInTableNumber("N2O",Table_GWPData[Gas],Table_GWPData[CO2-e factor]) -> 265
D58: ECO2e | E58: {=Common_Equations.Common_ConvertN2OToCO2e(G55,G56)} -> 16.019563 | F58: {=Common_Equations.Common_ConvertN2OToCO2e_Unit()} -> t CO2e | O58: ECO2e | P58: {=Common_Equations.Common_ConvertN2OToCO2e(R55,R56)} -> 16.019563 | Q58: {=Common_Equations.Common_ConvertN2OToCO2e_Unit()} -> t CO2e

Sheet 4.3.1.10-11 Soil Atmos Dep
A1: #VALUE! | C1: 4.3.1.10-11 Soil atmospheric deposition N2O
A3: =HYPERLINK("#'Home'!A1", "Home") -> Home
A4: =HYPERLINK("#'Results'!A1", "Results") -> Results
D5: {=MMS_Dairy_Soil_AtmosphericDeposition_Equations.VEERG_4_3_1_10__2_MassOfNitrogenVolatilisedOnPasture_Title()} -> Mass of nitrogen volatilised from urine and faeces deposited on pasture
A6: INPUTS | D6: {=MMS_Dairy_Soil_AtmosphericDeposition_Equations.VEERG_4_3_1_10__2_MassOfNitrogenVolatilisedOnPasture_Source()} -> VEERG 2026: 4.3.1.10, Equation (2)
A7: =HYPERLINK("#'Input - Site'!A1", "Site") -> Site | D7: Function name | E7: {=Common_InputFunctions.Utility_DisplayFunctionName(F24)} -> =MMS_Dairy_Soil_AtmosphericDeposition_Equations.VEERG_4_3_1_10__2_MassOfNitrogenVolatilisedOnPasture
A8: =HYPERLINK("#'Input - Dairy'!A1", "Dairy") -> Dairy
A10: CALCULATIONS | D10: Variable | E10: {=MMS_Dairy_Soil_AtmosphericDeposition_Equations.VEERG_4_3_1_10__2_MassOfNitrogenVolatilisedOnPasture_Variable()} -> M_vol_m14
A11: =HYPERLINK("#'4.3.1.1-2 Methane'!A1", "4.3.1.1-2 Methane") -> 4.3.1.1-2 Methane | D11: Unit | E11: {=MMS_Dairy_Soil_AtmosphericDeposition_Equations.VEERG_4_3_1_10__2_MassOfNitrogenVolatilisedOnPasture_Unit()} -> kg N
A12: =HYPERLINK("#'4.3.1.3-4 Direct N20'!A1", "4.3.1.3-4 Direct N2O") -> 4.3.1.3-4 Direct N2O
A13: =HYPERLINK("#'4.3.1.5 Atmos Deposition'!A1", "4.3.1.5 Atmospheric deposition") -> 4.3.1.5 Atmospheric deposition | D13: {=MMS_Dairy_Soil_AtmosphericDeposition_Equations.VEERG_4_3_1_10__2_MassOfNitrogenVolatilisedOnPasture_Arguments()} -> MN_jm14 | E13: mass of nitrogen excreted on pasture, range and paddock for each dairy class (kg N) | H13: ="See " & D16 -> See M1_Table_MN_j_m-14
A14: =HYPERLINK("#'4.3.1.6-7 Leaching and runoff'!A1", "4.3.1.6-7 Leaching and runoff") -> 4.3.1.6-7 Leaching and runoff | D14: FracGASMsoil | E14: fraction of nitrogen volatilised from urine and faeces deposited on pasture ((kg NH3-N + NOx-N)/kg N) | H14: ='Constants - Dairy'!$D$215 -> 0.21
A15: =HYPERLINK("#'4.3.1.8 Manure applied to soils'!A1", "4.3.1.8 Manure applied to soils") -> 4.3.1.8 Manure applied to soils
A16: =HYPERLINK("#'4.3.1.9 Soil direct N2O'!A1", "4.3.1.9 Soil direct N2O") -> 4.3.1.9 Soil direct N2O | D16: M1_Table_MN_j_m-14 | O16: M2_Table_MN_j_m-14
A17: =HYPERLINK("#'4.3.1.10-11 Soil Atmos Dep'!A1", "4.3.1.10-11 Soil atm. deposition") -> 4.3.1.10-11 Soil atm. deposition | D17: Total nitrogen deposited on pasture range and paddock (Method 1) | O17: Total nitrogen deposited on pasture range and paddock (Method 2)
A18: =HYPERLINK("#'4.3.1.12-13 Soil leach runoff'!A1", "4.3.1.12-13 Soil leach & runoff") -> 4.3.1.12-13 Soil leach & runoff | D18: Production system | E18: MMS | F18: Milking cows | G18: Heifers > 1 year | H18: Heifers < 1 year | I18: Bulls > 1 year | J18: Bulls < 1 year | O18: Production system | P18: MMS | Q18: Milking cows | R18: Heifers > 1 year | S18: Heifers < 1 year | T18: Bulls > 1 year | U18: Bulls < 1 year
D19: ='Input - Dairy'!$D$53 -> Pasture | E19: ='Constants - Livestock'!$E$27 -> Pasture range and paddock | F19: ='4.3.1.9 Soil direct N2O'!$F$31 -> 5151.841 | G19: ='4.3.1.9 Soil direct N2O'!$G$31 -> 4426.3236 | H19: ='4.3.1.9 Soil direct N2O'!$H$31 -> 1762.9579 | I19: ='4.3.1.9 Soil direct N2O'!$I$31 -> 5564.0639 | J19: ='4.3.1.9 Soil direct N2O'!$J$31 -> 2329.2803 | K19: =$E$11 -> kg N | O19: ='Input - Dairy'!$D$53 -> Pasture | P19: ='Constants - Livestock'!$E$27 -> Pasture range and paddock | Q19: ='4.3.1.9 Soil direct N2O'!$Q$31 -> 5151.841 | R19: ='4.3.1.9 Soil direct N2O'!$R$31 -> 4426.3236 | S19: ='4.3.1.9 Soil direct N2O'!$S$31 -> 1762.9579 | T19: ='4.3.1.9 Soil direct N2O'!$T$31 -> 5564.0639 | U19: ='4.3.1.9 Soil direct N2O'!$U$31 -> 2329.2803 | V19: =$E$11 -> kg N
A20: APPENDICES
A21: =HYPERLINK("#'Constants - Dairy'!A1", "Constants - Dairy") -> Constants - Dairy | D21: M1_Table_M_vol_m-14 | O21: M2_Table_M_vol_m-14
A22: =HYPERLINK("#'Constants - Livestock'!A1", "Constants - Livestock") -> Constants - Livestock | D22: Mass of N volatilised from urine and dung on pasture (Method 1) | O22: Mass of N volatilised from urine and dung on pasture (Method 2)
A23: =HYPERLINK("#'Constants - Common'!A1", "Constants - Common") -> Constants - Common | D23: Production system | E23: MMS | F23: Milking cows | G23: Heifers > 1 year | H23: Heifers < 1 year | I23: Bulls > 1 year | J23: Bulls < 1 year | O23: Production system | P23: MMS | Q23: Milking cows | R23: Heifers > 1 year | S23: Heifers < 1 year | T23: Bulls > 1 year | U23: Bulls < 1 year
A24: =HYPERLINK("#'Acknowledgements'!A1", "Acknowledgements") -> Acknowledgements | D24: ='Input - Dairy'!$D$53 -> Pasture | E24: ='Constants - Livestock'!$E$27 -> Pasture range and paddock | F24: {=MMS_Dairy_Soil_AtmosphericDeposition_Equations.VEERG_4_3_1_10__2_MassOfNitrogenVolatilisedOnPasture(F19,$H$14)} -> 1081.8866 | G24: {=MMS_Dairy_Soil_AtmosphericDeposition_Equations.VEERG_4_3_1_10__2_MassOfNitrogenVolatilisedOnPasture(G19,$H$14)} -> 929.52796 | H24: {=MMS_Dairy_Soil_AtmosphericDeposition_Equations.VEERG_4_3_1_10__2_MassOfNitrogenVolatilisedOnPasture(H19,$H$14)} -> 370.22116 | I24: {=MMS_Dairy_Soil_AtmosphericDeposition_Equations.VEERG_4_3_1_10__2_MassOfNitrogenVolatilisedOnPasture(I19,$H$14)} -> 1168.4534 | J24: {=MMS_Dairy_Soil_AtmosphericDeposition_Equations.VEERG_4_3_1_10__2_MassOfNitrogenVolatilisedOnPasture(J19,$H$14)} -> 489.14885 | K24: =$E$11 -> kg N | O24: ='Input - Dairy'!$D$53 -> Pasture | P24: ='Constants - Livestock'!$E$27 -> Pasture range and paddock | Q24: {=MMS_Dairy_Soil_AtmosphericDeposition_Equations.VEERG_4_3_1_10__2_MassOfNitrogenVolatilisedOnPasture(Q19,$H$14)} -> 1081.8866 | R24: {=MMS_Dairy_Soil_AtmosphericDeposition_Equations.VEERG_4_3_1_10__2_MassOfNitrogenVolatilisedOnPasture(R19,$H$14)} -> 929.52796 | S24: {=MMS_Dairy_Soil_AtmosphericDeposition_Equations.VEERG_4_3_1_10__2_MassOfNitrogenVolatilisedOnPasture(S19,$H$14)} -> 370.22116 | T24: {=MMS_Dairy_Soil_AtmosphericDeposition_Equations.VEERG_4_3_1_10__2_MassOfNitrogenVolatilisedOnPasture(T19,$H$14)} -> 1168.4534 | U24: {=MMS_Dairy_Soil_AtmosphericDeposition_Equations.VEERG_4_3_1_10__2_MassOfNitrogenVolatilisedOnPasture(U19,$H$14)} -> 489.14885 | V24: =$E$11 -> kg N
D26: Mvol,m=14 | E26: =SUM(F24:J24) -> 4039.238 | F26: =$E$11 -> kg N | O26: Mvol,m=14 | P26: =SUM(Q24:U24) -> 4039.238 | Q26: =$E$11 -> kg N
D30: {=MMS_Dairy_Soil_AtmosphericDeposition_Equations.VEERG_4_3_1_10__1_AtmosphericDepositionEmissionsFromUrineAndDungOnPasture_Title()} -> Atmospheric deposition emissions from urine and dung deposited on pasture
D31: {=MMS_Dairy_Soil_AtmosphericDeposition_Equations.VEERG_4_3_1_10__1_AtmosphericDepositionEmissionsFromUrineAndDungOnPasture_Source()} -> VEERG 2026: 4.3.1.10, Equation (1)
D32: Function name | E32: {=Common_InputFunctions.Utility_DisplayFunctionName(E45)} -> =MMS_Dairy_Soil_AtmosphericDeposition_Equations.VEERG_4_3_1_10__1_AtmosphericDepositionEmissionsFromUrineAndDungOnPasture
D35: Variable | E35: {=MMS_Dairy_Soil_AtmosphericDeposition_Equations.VEERG_4_3_1_10__1_AtmosphericDepositionEmissionsFromUrineAndDungOnPasture_Variable()} -> E_N2Oad
D36: Unit | E36: {=MMS_Dairy_Soil_AtmosphericDeposition_Equations.VEERG_4_3_1_10__1_AtmosphericDepositionEmissionsFromUrineAndDungOnPasture_Unit()} -> t N2O
D38: {=MMS_Dairy_Soil_AtmosphericDeposition_Equations.VEERG_4_3_1_10__1_AtmosphericDepositionEmissionsFromUrineAndDungOnPasture_Arguments()} -> M_vol_m14 | E38: mass of nitrogen volatilised from urine and faeces deposited on pasture (kg N) | H38: =$E$26 -> 4039.238 | O38: =D38 -> M_vol_m14 | P38: =E38 -> mass of nitrogen volatilised from urine and faeces deposited on pasture (kg N) | S38: =$P$26 -> 4039.238
D39: EF_N2O | E39: nitrous oxide emission factor for atmospheric deposition (kg N2O-N/kg N) | H39: =Common_InputFunctions.Utility_LookupN2OEFFromProdIrrigationRainfall(H41,H42,H43,Table_SourceData_Common_EFN2O[Production system only],Table_SourceData_Common_EFN2O[Irrigation method],Table_SourceData_Common_EFN2O[Rainfall zone],Table_SourceData_Common_EFN2O[EFN2O]) -> 0.0059
D40: C_N2O | E40: factor to convert elemental mass of N2O to molecular mass | H40: =Common_InputFunctions.Utility_LookupValueInTableNumber("N2O",Table_GasToMolecularConversionFactor[Gas],Table_GasToMolecularConversionFactor[Conversion factor combined]) -> 1.5714286
D41: j | E41: production system | H41: ='Input - Dairy'!$E$183 -> Pasture
D42: ir | E42: irrigation method | H42: ='Input - Dairy'!$E$184 -> Sprinkler irrigation
D43: r | E43: rainfall region | H43: ='Input - Site'!$E$30 -> High rainfall
D45: EN2O,ad | E45: {=MMS_Dairy_Soil_AtmosphericDeposition_Equations.VEERG_4_3_1_10__1_AtmosphericDepositionEmissionsFromUrineAndDungOnPasture($H$38,$H$39,$H$40)} -> 0.037449507 | F45: =$E$36 -> t N2O | O45: EN2O,ad | P45: {=MMS_Dairy_Soil_AtmosphericDeposition_Equations.VEERG_4_3_1_10__1_AtmosphericDepositionEmissionsFromUrineAndDungOnPasture($S$38,$H$39,$H$40)} -> 0.037449507 | Q45: =$E$36 -> t N2O
D47: {=Common_Equations.Common_ConvertN2OToCO2e_Arguments()} -> EN2O | E47: Nitrous oxide emissions (t N2O) | G47: =E45 -> 0.037449507 | O47: {=Common_Equations.Common_ConvertN2OToCO2e_Arguments()} -> EN2O | P47: Nitrous oxide emissions (t N2O) | R47: =P45 -> 0.037449507
D48: GWPN2O | E48: Global warming potential for nitrous oxide (t CO2-e / t N2O) | G48: =Common_InputFunctions.Utility_LookupValueInTableNumber("N2O",Table_GWPData[Gas],Table_GWPData[CO2-e factor]) -> 265 | O48: GWPN2O | P48: Global warming potential for nitrous oxide (t CO2-e / t N2O) | R48: =Common_InputFunctions.Utility_LookupValueInTableNumber("N2O",Table_GWPData[Gas],Table_GWPData[CO2-e factor]) -> 265
D50: ECO2e | E50: {=Common_Equations.Common_ConvertN2OToCO2e(G47,G48)} -> 9.9241193 | F50: {=Common_Equations.Common_ConvertN2OToCO2e_Unit()} -> t CO2e | O50: ECO2e | P50: {=Common_Equations.Common_ConvertN2OToCO2e(R47,R48)} -> 9.9241193 | Q50: {=Common_Equations.Common_ConvertN2OToCO2e_Unit()} -> t CO2e

Sheet 4.3.1.12-13 Soil leach runoff
A1: #VALUE! | C1: 4.3.1.12-13 Soil leaching and runoff N2O
A3: =HYPERLINK("#'Home'!A1", "Home") -> Home
A4: =HYPERLINK("#'Results'!A1", "Results") -> Results
D5: {=MMS_Dairy_Soil_LeachingAndRunoff.VEERG_4_3_1_12__2_MassOfNitrogenLostToLeachingAndRunoffOnPasture_Title()} -> Mass of nitrogen lost to leaching and runoff from urine and faeces on pasture
A6: INPUTS | D6: {=MMS_Dairy_Soil_LeachingAndRunoff.VEERG_4_3_1_12__2_MassOfNitrogenLostToLeachingAndRunoffOnPasture_Source()} -> VEERG 2026: 4.3.1.12, Equation (2)
A7: =HYPERLINK("#'Input - Site'!A1", "Site") -> Site | D7: Function name | E7: {=Common_InputFunctions.Utility_DisplayFunctionName($F$28)} -> =MMS_Dairy_Soil_LeachingAndRunoff.VEERG_4_3_1_12__2_MassOfNitrogenLostToLeachingAndRunoffOnPasture
A8: =HYPERLINK("#'Input - Dairy'!A1", "Dairy") -> Dairy
A10: CALCULATIONS | D10: Variable | E10: {=MMS_Dairy_Soil_LeachingAndRunoff.VEERG_4_3_1_12__2_MassOfNitrogenLostToLeachingAndRunoffOnPasture_Variable()} -> M_leach_m14
A11: =HYPERLINK("#'4.3.1.1-2 Methane'!A1", "4.3.1.1-2 Methane") -> 4.3.1.1-2 Methane | D11: Unit | E11: {=MMS_Dairy_Soil_LeachingAndRunoff.VEERG_4_3_1_12__2_MassOfNitrogenLostToLeachingAndRunoffOnPasture_Unit()} -> kg N
A12: =HYPERLINK("#'4.3.1.3-4 Direct N20'!A1", "4.3.1.3-4 Direct N2O") -> 4.3.1.3-4 Direct N2O
A13: =HYPERLINK("#'4.3.1.5 Atmos Deposition'!A1", "4.3.1.5 Atmospheric deposition") -> 4.3.1.5 Atmospheric deposition | D13: {=MMS_Dairy_Soil_LeachingAndRunoff.VEERG_4_3_1_12__2_MassOfNitrogenLostToLeachingAndRunoffOnPasture_Arguments()} -> MN_jm14 | E13: mass of nitrogen excreted on pasture, range and paddock for each dairy class (kg N) | H13: ="See " & D20 -> See M1_Table_MN_j_m-14
A14: =HYPERLINK("#'4.3.1.6-7 Leaching and runoff'!A1", "4.3.1.6-7 Leaching and runoff") -> 4.3.1.6-7 Leaching and runoff | D14: FracWet | E14: fraction of N available for leaching and runoff | H14: {=Common_InputFunctions.CommonCropping_GetFracWET(H16,H18,Table_SourceData_FracWET[Is in leaching zone],Table_SourceData_FracWET[FracWET],Table_SourceData_FracWETIrrigation[Irrigation type i],Table_SourceData_FracWETIrrigation[FracWET])} -> 1
A15: =HYPERLINK("#'4.3.1.8 Manure applied to soils'!A1", "4.3.1.8 Manure applied to soils") -> 4.3.1.8 Manure applied to soils | D15: FracLEACH | E15: fraction of N lost through leaching and runoff | H15: ='Constants - Dairy'!$D$209 -> 0.02
A16: =HYPERLINK("#'4.3.1.9 Soil direct N2O'!A1", "4.3.1.9 Soil direct N2O") -> 4.3.1.9 Soil direct N2O | D16: z | E16: location in leaching zone | H16: ='Input - Site'!$E$23 -> NO - Not in leaching zone
A17: =HYPERLINK("#'4.3.1.10-11 Soil Atmos Dep'!A1", "4.3.1.10-11 Soil atm. deposition") -> 4.3.1.10-11 Soil atm. deposition | D17: j | E17: production system | H17: ='Input - Dairy'!$E$183 -> Pasture
A18: =HYPERLINK("#'4.3.1.12-13 Soil leach runoff'!A1", "4.3.1.12-13 Soil leach & runoff") -> 4.3.1.12-13 Soil leach & runoff | D18: ir | E18: irrigation method | H18: ='Input - Dairy'!$E$184 -> Sprinkler irrigation
A20: APPENDICES | D20: M1_Table_MN_j_m-14 | O20: M2_Table_MN_j_m-14
A21: =HYPERLINK("#'Constants - Dairy'!A1", "Constants - Dairy") -> Constants - Dairy | D21: Total nitrogen deposited on pasture range and paddock (Method 1) | O21: Total nitrogen deposited on pasture range and paddock (Method 2)
A22: =HYPERLINK("#'Constants - Livestock'!A1", "Constants - Livestock") -> Constants - Livestock | D22: Production system | E22: MMS | F22: Milking cows | G22: Heifers > 1 year | H22: Heifers < 1 year | I22: Bulls > 1 year | J22: Bulls < 1 year | O22: Production system | P22: MMS | Q22: Milking cows | R22: Heifers > 1 year | S22: Heifers < 1 year | T22: Bulls > 1 year | U22: Bulls < 1 year
A23: =HYPERLINK("#'Constants - Common'!A1", "Constants - Common") -> Constants - Common | D23: ='Input - Dairy'!$D$53 -> Pasture | E23: ='Constants - Livestock'!$E$27 -> Pasture range and paddock | F23: ='4.3.1.9 Soil direct N2O'!$F$31 -> 5151.841 | G23: ='4.3.1.9 Soil direct N2O'!$G$31 -> 4426.3236 | H23: ='4.3.1.9 Soil direct N2O'!$H$31 -> 1762.9579 | I23: ='4.3.1.9 Soil direct N2O'!$I$31 -> 5564.0639 | J23: ='4.3.1.9 Soil direct N2O'!$J$31 -> 2329.2803 | K23: =$E$11 -> kg N | O23: ='Input - Dairy'!$D$53 -> Pasture | P23: ='Constants - Livestock'!$E$27 -> Pasture range and paddock | Q23: ='4.3.1.9 Soil direct N2O'!$Q$31 -> 5151.841 | R23: ='4.3.1.9 Soil direct N2O'!$R$31 -> 4426.3236 | S23: ='4.3.1.9 Soil direct N2O'!$S$31 -> 1762.9579 | T23: ='4.3.1.9 Soil direct N2O'!$T$31 -> 5564.0639 | U23: ='4.3.1.9 Soil direct N2O'!$U$31 -> 2329.2803 | V23: =$E$11 -> kg N
A24: =HYPERLINK("#'Acknowledgements'!A1", "Acknowledgements") -> Acknowledgements
D25: M1_Table_M_leach_M-14 | O25: M2_Table_M_leach_M-14
D26: Mass of N lost to leaching and runoff urine and faeces on pasture (Method 1) | O26: Mass of N lost to leaching and runoff urine and faeces on pasture (Method 2)
D27: Production system | E27: MMS | F27: Milking cows | G27: Heifers > 1 year | H27: Heifers < 1 year | I27: Bulls > 1 year | J27: Bulls < 1 year | O27: Production system | P27: MMS | Q27: Milking cows | R27: Heifers > 1 year | S27: Heifers < 1 year | T27: Bulls > 1 year | U27: Bulls < 1 year
