Workbook
Name Common_Equations.Common_ConvertCH4ToCO2e: _xlfn.LAMBDA(_xlpm.E_CH4,_xlpm.GWP_CH4, _xlpm.E_CH4 * _xlpm.GWP_CH4)
Name Common_Equations.Common_ConvertCH4ToCO2e_Arguments: _xlfn.LAMBDA(_xlfn.MAKEARRAY(2, 2, _xlfn.LAMBDA(_xlpm.r,_xlpm.c, INDEX({"ECH4","Methane emissions (t CH4)";"GWPCH4","Global warming potential for methane (t CO2-e / t CH4)"}, _xlpm.r, _xlpm.c))))
Name Common_Equations.Common_ConvertCH4ToCO2e_LatexEquation: _xlfn.LAMBDA("CO2_e = E_{CH4} \times GWP_{CH4}")
Name Common_Equations.Common_ConvertCH4ToCO2e_NIRReference: _xlfn.LAMBDA("")
Name Common_Equations.Common_ConvertCH4ToCO2e_Title: _xlfn.LAMBDA("Convert methane emissions to carbon dioxide equivalent emissions")
Name Common_Equations.Common_ConvertCH4ToCO2e_Unit: _xlfn.LAMBDA("t CO2e")
Name Common_Equations.Common_ConvertCH4ToCO2e_Variable: _xlfn.LAMBDA("ECH4 CO2e")
Name Common_Equations.Common_ConvertN2OToCO2e: _xlfn.LAMBDA(_xlpm.E_N2O,_xlpm.GWP_N2O, _xlpm.E_N2O * _xlpm.GWP_N2O)
Name Common_Equations.Common_ConvertN2OToCO2e_LatexEquation: _xlfn.LAMBDA("CO2_e = E_{N2O} \times GWP_{N2O}")
Name Common_Equations.Common_ConvertN2OToCO2e_NIRReference: _xlfn.LAMBDA("")
Name Common_Equations.Common_ConvertN2OToCO2e_Title: _xlfn.LAMBDA("Convert nitrous oxide emissions to carbon dioxide equivalent emissions")
Name Common_Equations.Common_ConvertN2OToCO2e_Unit: _xlfn.LAMBDA("t CO2e")
Name Common_Equations.Common_ConvertN2OToCO2e_Variable: _xlfn.LAMBDA("EN2O CO2e")
Name Common_InputFunctions.Utility_ConvertStateCommonNameToAbbreviation: _xlfn.LAMBDA(_xlpm.StateCommonName,_xlpm.StateCommonNameArray,_xlpm.StateAbbreviationArray, _xlfn.XLOOKUP(_xlpm.StateCommonName, _xlpm.StateCommonNameArray, _xlpm.StateAbbreviationArray, ""))
Name Common_InputFunctions.Utility_DisplayArguments_1_2: _xlfn.LAMBDA(_xlpm.ArgumentsArray, _xlfn.CHOOSECOLS(_xlpm.ArgumentsArray, 1, 2))
Name Common_InputFunctions.Utility_DisplayArguments_3_4: _xlfn.LAMBDA(_xlpm.ArgumentsArray, _xlfn.CHOOSECOLS(_xlpm.ArgumentsArray, 3, 4))
Name Common_InputFunctions.Utility_DisplayFunctionName: _xlfn.LAMBDA(_xlpm.Function, _xlfn.TEXTBEFORE(_xlfn.FORMULATEXT(_xlpm.Function), "("))
Name Common_InputFunctions.Utility_GetArrayTableColumnStartNumber: _xlfn.LAMBDA(_xlpm.TableHeaderCell, COLUMN(_xlpm.TableHeaderCell))
Name Common_InputFunctions.Utility_GetArrayTableRowStartNumber: _xlfn.LAMBDA(_xlpm.TableheaderCell,_xlpm.RowsBetweenHeaderandArray, ROW(_xlpm.TableheaderCell) + _xlpm.RowsBetweenHeaderandArray - 1)
Name Common_InputFunctions.Utility_LookupValueInTable: _xlfn.LAMBDA(_xlpm.LookupValue,_xlpm.LookupArray,_xlpm.ReturnArray, _xlfn.XLOOKUP(_xlpm.LookupValue, _xlpm.LookupArray, _xlpm.ReturnArray, ""))
Name Common_InputFunctions.Utility_SourceHyperlink: _xlfn.LAMBDA(_xlpm.TargetCell, _xlfn.LET(_xlpm.sh, _xlfn.TEXTAFTER(CELL("filename", _xlpm.TargetCell), "]"), _xlpm.addr, CELL("address", _xlpm.TargetCell), "#'" & _xlpm.sh & "'!" & _xlpm.addr))
Name Common_SourceData.Common_SourceData_AustralianStatesTerritories_Source: _xlfn.LAMBDA("")
Name Common_SourceData.Common_SourceData_AustralianStatesTerritories_Title: _xlfn.LAMBDA("Australian states and territories")
Name Common_SourceData.Common_SourceData_AustralianStatesTerritories_Unit: _xlfn.LAMBDA("")
Name Common_SourceData.Common_SourceData_AustralianStatesTerritories_Variable: _xlfn.LAMBDA("")
Name Common_SourceData.Common_SourceData_ClimateZones_Source: _xlfn.LAMBDA("VEERG 2026: Table 1.3: Climate and Rainfall zone classifications and definitions")
Name Common_SourceData.Common_SourceData_ClimateZones_Title: _xlfn.LAMBDA("VEERG Australian climate zones")
Name Common_SourceData.Common_SourceData_ClimateZones_Unit: _xlfn.LAMBDA("")
Name Common_SourceData.Common_SourceData_ClimateZones_Variable: _xlfn.LAMBDA("")
Name Common_SourceData.Common_SourceData_ConvertGasElementalToMolecular_Source: _xlfn.LAMBDA("XXXXXXX")
Name Common_SourceData.Common_SourceData_ConvertGasElementalToMolecular_Title: _xlfn.LAMBDA("Factor to convert elemental mass of gas to molecular mass")
Name Common_SourceData.Common_SourceData_ConvertGasElementalToMolecular_Unit: _xlfn.LAMBDA("factor")
Name Common_SourceData.Common_SourceData_ConvertGasElementalToMolecular_Variable: _xlfn.LAMBDA("Cg")
Name Common_SourceData.Common_SourceData_ConvertN2oElementalToMolecularCg_Data: _xlfn.LAMBDA(44 / 28)
Name Common_SourceData.Common_SourceData_ConvertN2oElementalToMolecularCg_Source: _xlfn.LAMBDA("National Inventory Report 2023 Volume 1")
Name Common_SourceData.Common_SourceData_ConvertN2oElementalToMolecularCg_Title: _xlfn.LAMBDA("Factor to convert elemental mass of N2O to molecular mass")
Name Common_SourceData.Common_SourceData_ConvertN2oElementalToMolecularCg_Unit: _xlfn.LAMBDA("factor")
Name Common_SourceData.Common_SourceData_ConvertN2oElementalToMolecularCg_Variable: _xlfn.LAMBDA("CgN2O")
Name Common_SourceData.Common_SourceData_DataScores_Scope3_Source: _xlfn.LAMBDA("VEERG 2026: XXXXXXXX")
Name Common_SourceData.Common_SourceData_DataScores_Scope3_Title: _xlfn.LAMBDA("Australian data scores for scope 3")
Name Common_SourceData.Common_SourceData_DataScores_Scope3_Unit: _xlfn.LAMBDA("")
Name Common_SourceData.Common_SourceData_DataScores_Scope3_Variable: _xlfn.LAMBDA("")
Name Common_SourceData.Common_SourceData_DataScores_Scope3_Variation: _xlfn.LAMBDA("")
Name Common_SourceData.Common_SourceData_DensityOfMethane_Data: _xlfn.LAMBDA(0.6784)
Name Common_SourceData.Common_SourceData_DensityOfMethane_Source: _xlfn.LAMBDA("National Inventory Report 2023 Volume 1: Equations 3.B.1a_2, 3.B.1c_2, 3.B.3_1, 3.B.4g_2")
Name Common_SourceData.Common_SourceData_DensityOfMethane_Title: _xlfn.LAMBDA("p = density of methane")
Name Common_SourceData.Common_SourceData_DensityOfMethane_Unit: _xlfn.LAMBDA("kg/m3")
Name Common_SourceData.Common_SourceData_EFleach_Data: _xlfn.LAMBDA(_xlfn.MAKEARRAY(1, 2, _xlfn.LAMBDA(_xlpm.r,_xlpm.c, INDEX({"EFleach",0.011}, _xlpm.r, _xlpm.c))))
Name Common_SourceData.Common_SourceData_EFleach_NIRReference: _xlfn.LAMBDA("National Inventory Report Volume 1: Equation 3.D.B_10")
Name Common_SourceData.Common_SourceData_EFleach_Source: _xlfn.LAMBDA("VEERG 2026:5.5.2.3 Constant Parameters")
Name Common_SourceData.Common_SourceData_EFleach_Title: _xlfn.LAMBDA("Emission factor for nitrogen leaching and runoff")
Name Common_SourceData.Common_SourceData_EFleach_Unit: _xlfn.LAMBDA("(kg N2O-N / kg N")
Name Common_SourceData.Common_SourceData_EFleach_Variation: _xlfn.LAMBDA((""))
Name Common_SourceData.Common_SourceData_EFN2O_NIRReference: _xlfn.LAMBDA("")
Name Common_SourceData.Common_SourceData_EFN2O_Source: _xlfn.LAMBDA("VEERG 2026: Table A.2.2.1")
Name Common_SourceData.Common_SourceData_EFN2O_Title: _xlfn.LAMBDA("Nitrous oxide emission factors for inorganic fertiliser application")
Name Common_SourceData.Common_SourceData_EFN2O_Unit: _xlfn.LAMBDA("(kg N2O-N / kg N")
Name Common_SourceData.Common_SourceData_EFPastureRangeAndPaddock_Data: _xlfn.LAMBDA(_xlfn.MAKEARRAY(3, 2, _xlfn.LAMBDA(_xlpm.r,_xlpm.c, INDEX({"Climate zone","EFPRP";"Wet climate zone",0.006;"Dry climate zone",0.002}, _xlpm.r, _xlpm.c))))
Name Common_SourceData.Common_SourceData_EFPastureRangeAndPaddock_NIRReference: _xlfn.LAMBDA("")
Name Common_SourceData.Common_SourceData_EFPastureRangeAndPaddock_Source: _xlfn.LAMBDA("VEERG 2026: Table A.2.2.2")

Sheet Home
A1: Home

Sheet Results
A1: #VALUE! | C1: 4.2 Manure management: Pasture Beef: Results
A3: =HYPERLINK("#'Home'!A1", "Home") -> Home
A4: =HYPERLINK("#'Results'!A1", "Results") -> Results | D4: Emissions breakdown
A6: INPUTS | D6: Scope 1 source | E6: GHG emissions method 1 | F6: GHG emissions method 2 | G6: GHG Unit | H6: CO2-e emissions method 1 | I6: CO2-e emissions method 2 | J6: CO2-e unit
A7: =HYPERLINK("#'Input - Site'!A1", "Site") -> Site | D7: 4.2.1.1-2 Manure methane | E7: ='4.2.1.1-2 Methane'!$E$244 -> 2.1554251 | F7: ='4.2.1.1-2 Methane'!V276 -> 2.1745073 | G7: t CH4 | H7: ='4.2.1.1-2 Methane'!$E$249 -> 60.351904 | I7: ='4.2.1.1-2 Methane'!$V$281 -> 60.886206 | J7: t CO2e
A8: =HYPERLINK("#'Input - Pasture Beef'!A1", "Pasture Beef") -> Pasture Beef | D8: 4.2.1.3-4 Soil direct N2O | E8: ='4.2.1.3-4 Soil direct N20'!$E$229 -> 0.18754633 | F8: ='4.2.1.3-4 Soil direct N20'!$V$267 -> 0.18859599 | G8: t N2O | H8: ='4.2.1.3-4 Soil direct N20'!$E$234 -> 49.699777 | I8: ='4.2.1.3-4 Soil direct N20'!$V$272 -> 49.977938 | J8: t CO2e
D9: 4.2.1.5-6 Soil atmospheric deposition | E9: ='4.2.1.5-6 Soil Atmos Dep'!$E$35 -> 0.035446256 | F9: ='4.2.1.5-6 Soil Atmos Dep'!$M$35 -> 0.035644643 | G9: ='4.2.1.5-6 Soil Atmos Dep'!$F$35 -> t N2O | H9: ='4.2.1.5-6 Soil Atmos Dep'!$E$40 -> 9.3932578 | I9: ='4.2.1.5-6 Soil Atmos Dep'!$M$40 -> 9.4458304 | J9: t CO2e
A10: CALCULATIONS | D10: 4.2.1.7-8 Soil leaching and runoff | E10: ='4.2.1.7-8 Soil leach runoff'!$E$36 -> 0 | F10: ='4.2.1.7-8 Soil leach runoff'!$L$36 -> 0 | G10: ='4.2.1.7-8 Soil leach runoff'!$F$36 -> t N2O | H10: ='4.2.1.7-8 Soil leach runoff'!$E$41 -> 0 | I10: ='4.2.1.7-8 Soil leach runoff'!$L$41 -> 0 | J10: t CO2e
A11: =HYPERLINK("#'4.2.1.1-2 Methane'!A1", "4.2.1.1-2 Methane") -> 4.2.1.1-2 Methane | D11: Total | H11: =SUM(H7:H10) -> 119.44494 | I11: =SUM(I7:I10) -> 120.30997 | J11: t CO2e
A12: =HYPERLINK("#'4.2.1.3-4 Soil direct N2O'!A1", "4.2.1.3-4 Soil direct N2O") -> 4.2.1.3-4 Soil direct N2O
A13: =HYPERLINK("#'4.2.1.5-6 Soil Atmos Dep'!A1", "4.2.1.5-6 Soil atm. deposition") -> 4.2.1.5-6 Soil atm. deposition
A14: =HYPERLINK("#'4.2.1.7-8 Soil leach runoff'!A1", "4.2.1.7-8 Soil leach & runoff") -> 4.2.1.7-8 Soil leach & runoff
A16: APPENDICES
A17: =HYPERLINK("#'Constants - Pasture Beef'!A1", "Constants - Pasture Beef") -> Constants - Pasture Beef
A18: =HYPERLINK("#'Constants - Livestock'!A1", "Constants - Livestock") -> Constants - Livestock
A19: =HYPERLINK("#'Constants - Common'!A1", "Constants - Common") -> Constants - Common
A20: =HYPERLINK("#'Acknowledgements'!A1", "Acknowledgements") -> Acknowledgements

Sheet Input - Site
A1: #VALUE! | C1: Input - Site
A3: =HYPERLINK("#'Home'!A1", "Home") -> Home
A4: =HYPERLINK("#'Results'!A1", "Results") -> Results
D5: Your business
A6: INPUTS
A7: =HYPERLINK("#'Input - Site'!A1", "Site") -> Site | D7: Farm name | E7: Test Farms
A8: =HYPERLINK("#'Input - Pasture Beef'!A1", "Pasture Beef") -> Pasture Beef | D8: Reporting entity name | E8: Test Farms Pty Ltd
A10: CALCULATIONS | D10: 💡An 'Emissions accounting period' is a 12 month period where the business can report on the emissions, and is typically the same as the business' financial accounting period.
A11: =HYPERLINK("#'4.2.1.1-2 Methane'!A1", "4.2.1.1-2 Methane") -> 4.2.1.1-2 Methane
A12: =HYPERLINK("#'4.2.1.3-4 Soil direct N2O'!A1", "4.2.1.3-4 Soil direct N2O") -> 4.2.1.3-4 Soil direct N2O | D12: Emissions calculation period start date | E12: 45292 | F12: ← DD/MM/YYYY or DD Month YYYY
A13: =HYPERLINK("#'4.2.1.5-6 Soil Atmos Dep'!A1", "4.2.1.5-6 Soil atm. deposition") -> 4.2.1.5-6 Soil atm. deposition | D13: Emissions calculation period end date | E13: =DATE(YEAR(E12)+1,MONTH(E12),DAY(E12))-1 -> 45657 | F13: ← Automatically calculated, 12 months after start date
A14: =HYPERLINK("#'4.2.1.7-8 Soil leach runoff'!A1", "4.2.1.7-8 Soil leach & runoff") -> 4.2.1.7-8 Soil leach & runoff
A16: APPENDICES | D16: Location and climate
A17: =HYPERLINK("#'Constants - Pasture Beef'!A1", "Constants - Pasture Beef") -> Constants - Pasture Beef
A18: =HYPERLINK("#'Constants - Livestock'!A1", "Constants - Livestock") -> Constants - Livestock | D18: Location information is used to reference some region and climate-specific emission factors
A19: =HYPERLINK("#'Constants - Common'!A1", "Constants - Common") -> Constants - Common | D19: Tip: Use the web-based GAF Location Helper tool to easily get region and climate information. You will need an internet connection to use the GAF Location Helper.
A20: =HYPERLINK("#'Acknowledgements'!A1", "Acknowledgements") -> Acknowledgements
D21: State | E21: Western Australia | F21: ← Please select
D22: Region (ABS Statistical area level 4) if state is WA | E22: Western Australia - Outback (South) | F22: ← Please select
D23: Leaching zone | E23: NO - Not in leaching zone | F23: ← Please select
D24: Elevation | E24: 307.7 | F24: Meters
D25: Average temperature for reporting period | E25: 18 | F25: Degrees celsius
D26: Total rainfall for reporting period | E26: 601 | F26: Millimetres
D27: Potential evapotranspiration for reporting period | E27: 1326 | F27: Millimetres
D28: Number of frost days for reporting period | E28: 7 | F28: Days
D29: MAP:PET ratio | E29: =E26/E27 -> 0.45324284
D30: Rainfall zone | E30: =Common_InputFunctions.Utility_LookupItemFromMinMax(E26,Table_SourceData_RainfallZones[Min rainfall],Table_SourceData_RainfallZones[Max rainfall],Table_SourceData_RainfallZones[Rainfall Zone]) -> High rainfall
D31: Climate zone | E31: =Common_InputFunctions.Utility_GetClimateZone(E25,E26,E28,E24,E29,Table_SourceData_ClimateZones[Min temp],Table_SourceData_ClimateZones[Max temp],Table_SourceData_ClimateZones[Min rainfall],Table_SourceData_ClimateZones[Max rainfall],Table_SourceData_ClimateZones[Min frost days],Table_SourceData_ClimateZones[Max frost days],Table_SourceData_ClimateZones[Min elevation],Table_SourceData_ClimateZones[Max elevation],Table_SourceData_ClimateZones[Min MAP:PET],Table_SourceData_ClimateZones[Max MAP:PET],Table_SourceData_ClimateZones[Climate zone]) -> Warm temperate dry
D32: Wet or dry climate zone | E32: =Common_InputFunctions.Utility_LookupValueInTable($E$31,Table_SourceData_WetDryZones[Climate zone],Table_SourceData_WetDryZones[Wet or Dry Zone]) -> Dry climate zone
D33: Temperature zone | E33: =Common_InputFunctions.Utility_LookupItemFromMinMax(E25,Table_SourceData_TemperatureZones[Min MAT],Table_SourceData_TemperatureZones[Max MAT],Table_SourceData_TemperatureZones[Temperature Zone]) -> Temperate

Sheet Input - Pasture Beef
A1: #VALUE! | C1: Input -Pasture Beef
A3: =HYPERLINK("#'Home'!A1", "Home") -> Home
A4: =HYPERLINK("#'Results'!A1", "Results") -> Results
D5: Herd movement
A6: INPUTS
A7: =HYPERLINK("#'Input - Site'!A1", "Site") -> Site | D7: State | E7: ='Input - Site'!$E$21 -> Western Australia
A8: =HYPERLINK("#'Input - Pasture Beef'!A1", "Pasture Beef") -> Pasture Beef | D8: Livestock production region | E8: South West | F8: ← Please select
D9: Cattle breed | E9: Hereford or Shorthorn breeds | F9: ← Please select
A10: CALCULATIONS
A11: =HYPERLINK("#'4.2.1.1-2 Methane'!A1", "4.2.1.1-2 Methane") -> 4.2.1.1-2 Methane
A12: =HYPERLINK("#'4.2.1.3-4 Soil direct N2O'!A1", "4.2.1.3-4 Soil direct N2O") -> 4.2.1.3-4 Soil direct N2O | D12: NOTE: VEERG states that under method 2, time periods may be seasons, months or a custom time period. In this example, method 2 time periods are months.
A13: =HYPERLINK("#'4.2.1.5-6 Soil Atmos Dep'!A1", "4.2.1.5-6 Soil atm. deposition") -> 4.2.1.5-6 Soil atm. deposition
A14: =HYPERLINK("#'4.2.1.7-8 Soil leach runoff'!A1", "4.2.1.7-8 Soil leach & runoff") -> 4.2.1.7-8 Soil leach & runoff | D14: Duration on farm
D15: Method 1 default values (do not edit) | E15: Bulls < 1 year | F15: Bulls > 1 year | G15: Cows < 1 year | H15: Cows 1-2 years | I15: Cows 2-3 years | J15: Cows > 3 years | K15: Steers < 1 year | L15: Steers 1-2 years | M15: Steers 2-3 years | N15: Steers >3 years
A16: APPENDICES | D16: Spring | E16: 91.25 | F16: 91.25 | G16: 91.25 | H16: 91.25 | I16: 91.25 | J16: 91.25 | K16: 91.25 | L16: 91.25 | M16: 91.25 | N16: 91.25 | O16: Days
A17: =HYPERLINK("#'Constants - Pasture Beef'!A1", "Constants - Pasture Beef") -> Constants - Pasture Beef | D17: Summer | E17: 91.25 | F17: 91.25 | G17: 91.25 | H17: 91.25 | I17: 91.25 | J17: 91.25 | K17: 91.25 | L17: 91.25 | M17: 91.25 | N17: 91.25 | O17: Days
A18: =HYPERLINK("#'Constants - Livestock'!A1", "Constants - Livestock") -> Constants - Livestock | D18: Autumn | E18: 91.25 | F18: 91.25 | G18: 91.25 | H18: 91.25 | I18: 91.25 | J18: 91.25 | K18: 91.25 | L18: 91.25 | M18: 91.25 | N18: 91.25 | O18: Days
A19: =HYPERLINK("#'Constants - Common'!A1", "Constants - Common") -> Constants - Common | D19: Winter | E19: 91.25 | F19: 91.25 | G19: 91.25 | H19: 91.25 | I19: 91.25 | J19: 91.25 | K19: 91.25 | L19: 91.25 | M19: 91.25 | N19: 91.25 | O19: Days
A20: =HYPERLINK("#'Acknowledgements'!A1", "Acknowledgements") -> Acknowledgements
D21: Method 2 custom values (edit if known) | E21: Bulls < 1 year | F21: Bulls > 1 year | G21: Cows < 1 year | H21: Cows 1-2 years | I21: Cows 2-3 years | J21: Cows > 3 years | K21: Steers < 1 year | L21: Steers 1-2 years | M21: Steers 2-3 years | N21: Steers >3 years
D22: =TEXT('Input - Site'!$E$12, "mmmm yyyy") -> January 2024 | E22: =DAY(EOMONTH($D22,0)) -> 31 | F22: =DAY(EOMONTH($D22,0)) -> 31 | G22: =DAY(EOMONTH($D22,0)) -> 31 | H22: =DAY(EOMONTH($D22,0)) -> 31 | I22: =DAY(EOMONTH($D22,0)) -> 31 | J22: =DAY(EOMONTH($D22,0)) -> 31 | K22: =DAY(EOMONTH($D22,0)) -> 31 | L22: =DAY(EOMONTH($D22,0)) -> 31 | ... N22: =DAY(EOMONTH($D22,0)) -> 31 | O22: Days
D23: =TEXT(EDATE('Input - Site'!$E$12,1), "mmmm yyyy") -> February 2024 | E23: =DAY(EOMONTH($D23,0)) -> 29 | F23: =DAY(EOMONTH($D23,0)) -> 29 | G23: =DAY(EOMONTH($D23,0)) -> 29 | H23: =DAY(EOMONTH($D23,0)) -> 29 | I23: =DAY(EOMONTH($D23,0)) -> 29 | J23: =DAY(EOMONTH($D23,0)) -> 29 | K23: =DAY(EOMONTH($D23,0)) -> 29 | L23: =DAY(EOMONTH($D23,0)) -> 29 | ... N23: =DAY(EOMONTH($D23,0)) -> 29 | O23: Days
D24: =TEXT(EDATE('Input - Site'!$E$12,2), "mmmm yyyy") -> March 2024 | E24: =DAY(EOMONTH($D24,0)) -> 31 | F24: =DAY(EOMONTH($D24,0)) -> 31 | G24: =DAY(EOMONTH($D24,0)) -> 31 | H24: =DAY(EOMONTH($D24,0)) -> 31 | I24: =DAY(EOMONTH($D24,0)) -> 31 | J24: =DAY(EOMONTH($D24,0)) -> 31 | K24: =DAY(EOMONTH($D24,0)) -> 31 | L24: =DAY(EOMONTH($D24,0)) -> 31 | ... N24: =DAY(EOMONTH($D24,0)) -> 31 | O24: Days
D25: =TEXT(EDATE('Input - Site'!$E$12,3), "mmmm yyyy") -> April 2024 | E25: =DAY(EOMONTH($D25,0)) -> 30 | F25: =DAY(EOMONTH($D25,0)) -> 30 | G25: =DAY(EOMONTH($D25,0)) -> 30 | H25: =DAY(EOMONTH($D25,0)) -> 30 | I25: =DAY(EOMONTH($D25,0)) -> 30 | J25: =DAY(EOMONTH($D25,0)) -> 30 | K25: =DAY(EOMONTH($D25,0)) -> 30 | L25: =DAY(EOMONTH($D25,0)) -> 30 | ... N25: =DAY(EOMONTH($D25,0)) -> 30 | O25: Days
D26: =TEXT(EDATE('Input - Site'!$E$12,4), "mmmm yyyy") -> May 2024 | E26: =DAY(EOMONTH($D26,0)) -> 31 | F26: =DAY(EOMONTH($D26,0)) -> 31 | G26: =DAY(EOMONTH($D26,0)) -> 31 | H26: =DAY(EOMONTH($D26,0)) -> 31 | I26: =DAY(EOMONTH($D26,0)) -> 31 | J26: =DAY(EOMONTH($D26,0)) -> 31 | K26: =DAY(EOMONTH($D26,0)) -> 31 | L26: =DAY(EOMONTH($D26,0)) -> 31 | ... N26: =DAY(EOMONTH($D26,0)) -> 31 | O26: Days
D27: =TEXT(EDATE('Input - Site'!$E$12,5), "mmmm yyyy") -> June 2024 | E27: =DAY(EOMONTH($D27,0)) -> 30 | F27: =DAY(EOMONTH($D27,0)) -> 30 | G27: =DAY(EOMONTH($D27,0)) -> 30 | H27: =DAY(EOMONTH($D27,0)) -> 30 | I27: =DAY(EOMONTH($D27,0)) -> 30 | J27: =DAY(EOMONTH($D27,0)) -> 30 | K27: =DAY(EOMONTH($D27,0)) -> 30 | L27: =DAY(EOMONTH($D27,0)) -> 30 | ... N27: =DAY(EOMONTH($D27,0)) -> 30 | O27: Days
D28: =TEXT(EDATE('Input - Site'!$E$12,6), "mmmm yyyy") -> July 2024 | E28: =DAY(EOMONTH($D28,0)) -> 31 | F28: =DAY(EOMONTH($D28,0)) -> 31 | G28: =DAY(EOMONTH($D28,0)) -> 31 | H28: =DAY(EOMONTH($D28,0)) -> 31 | I28: =DAY(EOMONTH($D28,0)) -> 31 | J28: =DAY(EOMONTH($D28,0)) -> 31 | K28: =DAY(EOMONTH($D28,0)) -> 31 | L28: =DAY(EOMONTH($D28,0)) -> 31 | ... N28: =DAY(EOMONTH($D28,0)) -> 31 | O28: Days
D29: =TEXT(EDATE('Input - Site'!$E$12,7), "mmmm yyyy") -> August 2024 | E29: =DAY(EOMONTH($D29,0)) -> 31 | F29: =DAY(EOMONTH($D29,0)) -> 31 | G29: =DAY(EOMONTH($D29,0)) -> 31 | H29: =DAY(EOMONTH($D29,0)) -> 31 | I29: =DAY(EOMONTH($D29,0)) -> 31 | J29: =DAY(EOMONTH($D29,0)) -> 31 | K29: =DAY(EOMONTH($D29,0)) -> 31 | L29: =DAY(EOMONTH($D29,0)) -> 31 | ... N29: =DAY(EOMONTH($D29,0)) -> 31 | O29: Days
D30: =TEXT(EDATE('Input - Site'!$E$12,8), "mmmm yyyy") -> September 2024 | E30: =DAY(EOMONTH($D30,0)) -> 30 | F30: =DAY(EOMONTH($D30,0)) -> 30 | G30: =DAY(EOMONTH($D30,0)) -> 30 | H30: =DAY(EOMONTH($D30,0)) -> 30 | I30: =DAY(EOMONTH($D30,0)) -> 30 | J30: =DAY(EOMONTH($D30,0)) -> 30 | K30: =DAY(EOMONTH($D30,0)) -> 30 | L30: =DAY(EOMONTH($D30,0)) -> 30 | ... N30: =DAY(EOMONTH($D30,0)) -> 30 | O30: Days
D31: =TEXT(EDATE('Input - Site'!$E$12,9), "mmmm yyyy") -> October 2024 | E31: =DAY(EOMONTH($D31,0)) -> 31 | F31: =DAY(EOMONTH($D31,0)) -> 31 | G31: =DAY(EOMONTH($D31,0)) -> 31 | H31: =DAY(EOMONTH($D31,0)) -> 31 | I31: =DAY(EOMONTH($D31,0)) -> 31 | J31: =DAY(EOMONTH($D31,0)) -> 31 | K31: =DAY(EOMONTH($D31,0)) -> 31 | L31: =DAY(EOMONTH($D31,0)) -> 31 | ... N31: =DAY(EOMONTH($D31,0)) -> 31 | O31: Days
D32: =TEXT(EDATE('Input - Site'!$E$12,10), "mmmm yyyy") -> November 2024 | E32: =DAY(EOMONTH($D32,0)) -> 30 | F32: =DAY(EOMONTH($D32,0)) -> 30 | G32: =DAY(EOMONTH($D32,0)) -> 30 | H32: =DAY(EOMONTH($D32,0)) -> 30 | I32: =DAY(EOMONTH($D32,0)) -> 30 | J32: =DAY(EOMONTH($D32,0)) -> 30 | K32: =DAY(EOMONTH($D32,0)) -> 30 | L32: =DAY(EOMONTH($D32,0)) -> 30 | ... N32: =DAY(EOMONTH($D32,0)) -> 30 | O32: Days
D33: =TEXT(EDATE('Input - Site'!$E$12,11), "mmmm yyyy") -> December 2024 | E33: =DAY(EOMONTH($D33,0)) -> 31 | F33: =DAY(EOMONTH($D33,0)) -> 31 | G33: =DAY(EOMONTH($D33,0)) -> 31 | H33: =DAY(EOMONTH($D33,0)) -> 31 | I33: =DAY(EOMONTH($D33,0)) -> 31 | J33: =DAY(EOMONTH($D33,0)) -> 31 | K33: =DAY(EOMONTH($D33,0)) -> 31 | L33: =DAY(EOMONTH($D33,0)) -> 31 | ... N33: =DAY(EOMONTH($D33,0)) -> 31 | O33: Days
D36: Head
D37: Method 1 values | E37: Bulls < 1 year | F37: Bulls > 1 year | G37: Cows < 1 year | H37: Cows 1-2 years | I37: Cows 2-3 years | J37: Cows > 3 years | K37: Steers < 1 year | L37: Steers 1-2 years | M37: Steers 2-3 years | N37: Steers >3 years
D38: Spring | E38: 100 | F38: 100 | G38: 100 | H38: 100 | I38: 100 | J38: 100 | K38: 100 | L38: 100 | M38: 100 | N38: 100 | O38: Head
D39: Summer | E39: 100 | F39: 100 | G39: 100 | H39: 100 | I39: 100 | J39: 100 | K39: 100 | L39: 100 | M39: 100 | N39: 100 | O39: Head
D40: Autumn | E40: 100 | F40: 100 | G40: 100 | H40: 100 | I40: 100 | J40: 100 | K40: 100 | L40: 100 | M40: 100 | N40: 100 | O40: Head
D41: Winter | E41: 100 | F41: 100 | G41: 100 | H41: 100 | I41: 100 | J41: 100 | K41: 100 | L41: 100 | M41: 100 | N41: 100 | O41: Head
D43: Method 2 values | E43: Bulls < 1 year | F43: Bulls > 1 year | G43: Cows < 1 year | H43: Cows 1-2 years | I43: Cows 2-3 years | J43: Cows > 3 years | K43: Steers < 1 year | L43: Steers 1-2 years | M43: Steers 2-3 years | N43: Steers >3 years
D44: =TEXT('Input - Site'!$E$12, "mmmm yyyy") -> January 2024 | E44: 100 | F44: 100 | G44: 100 | H44: 100 | I44: 100 | J44: 100 | K44: 100 | L44: 100 | M44: 100 | N44: 100 | O44: Head
D45: =TEXT(EDATE('Input - Site'!$E$12,1), "mmmm yyyy") -> February 2024 | E45: 100 | F45: 100 | G45: 100 | H45: 100 | I45: 100 | J45: 100 | K45: 100 | L45: 100 | M45: 100 | N45: 100 | O45: Head
D46: =TEXT(EDATE('Input - Site'!$E$12,2), "mmmm yyyy") -> March 2024 | E46: 100 | F46: 100 | G46: 100 | H46: 100 | I46: 100 | J46: 100 | K46: 100 | L46: 100 | M46: 100 | N46: 100 | O46: Head
D47: =TEXT(EDATE('Input - Site'!$E$12,3), "mmmm yyyy") -> April 2024 | E47: 100 | F47: 100 | G47: 100 | H47: 100 | I47: 100 | J47: 100 | K47: 100 | L47: 100 | M47: 100 | N47: 100 | O47: Head
D48: =TEXT(EDATE('Input - Site'!$E$12,4), "mmmm yyyy") -> May 2024 | E48: 100 | F48: 100 | G48: 100 | H48: 100 | I48: 100 | J48: 100 | K48: 100 | L48: 100 | M48: 100 | N48: 100 | O48: Head
D49: =TEXT(EDATE('Input - Site'!$E$12,5), "mmmm yyyy") -> June 2024 | E49: 100 | F49: 100 | G49: 100 | H49: 100 | I49: 100 | J49: 100 | K49: 100 | L49: 100 | M49: 100 | N49: 100 | O49: Head
D50: =TEXT(EDATE('Input - Site'!$E$12,6), "mmmm yyyy") -> July 2024 | E50: 100 | F50: 100 | G50: 100 | H50: 100 | I50: 100 | J50: 100 | K50: 100 | L50: 100 | M50: 100 | N50: 100 | O50: Head
D51: =TEXT(EDATE('Input - Site'!$E$12,7), "mmmm yyyy") -> August 2024 | E51: 100 | F51: 100 | G51: 100 | H51: 100 | I51: 100 | J51: 100 | K51: 100 | L51: 100 | M51: 100 | N51: 100 | O51: Head
D52: =TEXT(EDATE('Input - Site'!$E$12,8), "mmmm yyyy") -> September 2024 | E52: 100 | F52: 100 | G52: 100 | H52: 100 | I52: 100 | J52: 100 | K52: 100 | L52: 100 | M52: 100 | N52: 100 | O52: Head
D53: =TEXT(EDATE('Input - Site'!$E$12,9), "mmmm yyyy") -> October 2024 | E53: 100 | F53: 100 | G53: 100 | H53: 100 | I53: 100 | J53: 100 | K53: 100 | L53: 100 | M53: 100 | N53: 100 | O53: Head
D54: =TEXT(EDATE('Input - Site'!$E$12,10), "mmmm yyyy") -> November 2024 | E54: 100 | F54: 100 | G54: 100 | H54: 100 | I54: 100 | J54: 100 | K54: 100 | L54: 100 | M54: 100 | N54: 100 | O54: Head
D55: =TEXT(EDATE('Input - Site'!$E$12,11), "mmmm yyyy") -> December 2024 | E55: 100 | F55: 100 | G55: 100 | H55: 100 | I55: 100 | J55: 100 | K55: 100 | L55: 100 | M55: 100 | N55: 100 | O55: Head
D58: Liveweight
D59: Method 1 default values (do not edit) | E59: Bulls < 1 year | F59: Bulls > 1 year | G59: Cows < 1 year | H59: Cows 1-2 years | I59: Cows 2-3 years | J59: Cows > 3 years | K59: Steers < 1 year | L59: Steers 1-2 years | M59: Steers 2-3 years | N59: Steers >3 years
D60: Spring | E60: =InputFunctions_PastureBeef.LookupLiveweightFromSeason($E$7,$E$8,$D60,E$59,Table_SourceData_PastureBeef_LiveweightAllStates[State],Table_SourceData_PastureBeef_LiveweightAllStates[Region],Table_SourceData_PastureBeef_LiveweightAllStates[Season],Table_SourceData_PastureBeef_LiveweightAllStates[#Headers],Table_SourceData_PastureBeef_LiveweightAllStates[],Table_AustralianStates[Common Name],Table_AustralianStates[Abbreviation]) -> 340 | F60: =InputFunctions_PastureBeef.LookupLiveweightFromSeason($E$7,$E$8,$D60,F$59,Table_SourceData_PastureBeef_LiveweightAllStates[State],Table_SourceData_PastureBeef_LiveweightAllStates[Region],Table_SourceData_PastureBeef_LiveweightAllStates[Season],Table_SourceData_PastureBeef_LiveweightAllStates[#Headers],Table_SourceData_PastureBeef_LiveweightAllStates[],Table_AustralianStates[Common Name],Table_AustralianStates[Abbreviation]) -> 800 | G60: =InputFunctions_PastureBeef.LookupLiveweightFromSeason($E$7,$E$8,$D60,G$59,Table_SourceData_PastureBeef_LiveweightAllStates[State],Table_SourceData_PastureBeef_LiveweightAllStates[Region],Table_SourceData_PastureBeef_LiveweightAllStates[Season],Table_SourceData_PastureBeef_LiveweightAllStates[#Headers],Table_SourceData_PastureBeef_LiveweightAllStates[],Table_AustralianStates[Common Name],Table_AustralianStates[Abbreviation]) -> 260 | H60: =InputFunctions_PastureBeef.LookupLiveweightFromSeason($E$7,$E$8,$D60,H$59,Table_SourceData_PastureBeef_LiveweightAllStates[State],Table_SourceData_PastureBeef_LiveweightAllStates[Region],Table_SourceData_PastureBeef_LiveweightAllStates[Season],Table_SourceData_PastureBeef_LiveweightAllStates[#Headers],Table_SourceData_PastureBeef_LiveweightAllStates[],Table_AustralianStates[Common Name],Table_AustralianStates[Abbreviation]) -> 420 | I60: =InputFunctions_PastureBeef.LookupLiveweightFromSeason($E$7,$E$8,$D60,I$59,Table_SourceData_PastureBeef_LiveweightAllStates[State],Table_SourceData_PastureBeef_LiveweightAllStates[Region],Table_SourceData_PastureBeef_LiveweightAllStates[Season],Table_SourceData_PastureBeef_LiveweightAllStates[#Headers],Table_SourceData_PastureBeef_LiveweightAllStates[],Table_AustralianStates[Common Name],Table_AustralianStates[Abbreviation]) -> 550 | J60: =InputFunctions_PastureBeef.LookupLiveweightFromSeason($E$7,$E$8,$D60,J$59,Table_SourceData_PastureBeef_LiveweightAllStates[State],Table_SourceData_PastureBeef_LiveweightAllStates[Region],Table_SourceData_PastureBeef_LiveweightAllStates[Season],Table_SourceData_PastureBeef_LiveweightAllStates[#Headers],Table_SourceData_PastureBeef_LiveweightAllStates[],Table_AustralianStates[Common Name],Table_AustralianStates[Abbreviation]) -> 550 | K60: =InputFunctions_PastureBeef.LookupLiveweightFromSeason($E$7,$E$8,$D60,K$59,Table_SourceData_PastureBeef_LiveweightAllStates[State],Table_SourceData_PastureBeef_LiveweightAllStates[Region],Table_SourceData_PastureBeef_LiveweightAllStates[Season],Table_SourceData_PastureBeef_LiveweightAllStates[#Headers],Table_SourceData_PastureBeef_LiveweightAllStates[],Table_AustralianStates[Common Name],Table_AustralianStates[Abbreviation]) -> 300 | L60: =InputFunctions_PastureBeef.LookupLiveweightFromSeason($E$7,$E$8,$D60,L$59,Table_SourceData_PastureBeef_LiveweightAllStates[State],Table_SourceData_PastureBeef_LiveweightAllStates[Region],Table_SourceData_PastureBeef_LiveweightAllStates[Season],Table_SourceData_PastureBeef_LiveweightAllStates[#Headers],Table_SourceData_PastureBeef_LiveweightAllStates[],Table_AustralianStates[Common Name],Table_AustralianStates[Abbreviation]) -> 480 | ... N60: =InputFunctions_PastureBeef.LookupLiveweightFromSeason($E$7,$E$8,$D60,N$59,Table_SourceData_PastureBeef_LiveweightAllStates[State],Table_SourceData_PastureBeef_LiveweightAllStates[Region],Table_SourceData_PastureBeef_LiveweightAllStates[Season],Table_SourceData_PastureBeef_LiveweightAllStates[#Headers],Table_SourceData_PastureBeef_LiveweightAllStates[],Table_AustralianStates[Common Name],Table_AustralianStates[Abbreviation]) -> 480 | O60: kg/head
D61: Summer | E61: =InputFunctions_PastureBeef.LookupLiveweightFromSeason($E$7,$E$8,$D61,E$59,Table_SourceData_PastureBeef_LiveweightAllStates[State],Table_SourceData_PastureBeef_LiveweightAllStates[Region],Table_SourceData_PastureBeef_LiveweightAllStates[Season],Table_SourceData_PastureBeef_LiveweightAllStates[#Headers],Table_SourceData_PastureBeef_LiveweightAllStates[],Table_AustralianStates[Common Name],Table_AustralianStates[Abbreviation]) -> 380 | F61: =InputFunctions_PastureBeef.LookupLiveweightFromSeason($E$7,$E$8,$D61,F$59,Table_SourceData_PastureBeef_LiveweightAllStates[State],Table_SourceData_PastureBeef_LiveweightAllStates[Region],Table_SourceData_PastureBeef_LiveweightAllStates[Season],Table_SourceData_PastureBeef_LiveweightAllStates[#Headers],Table_SourceData_PastureBeef_LiveweightAllStates[],Table_AustralianStates[Common Name],Table_AustralianStates[Abbreviation]) -> 780 | G61: =InputFunctions_PastureBeef.LookupLiveweightFromSeason($E$7,$E$8,$D61,G$59,Table_SourceData_PastureBeef_LiveweightAllStates[State],Table_SourceData_PastureBeef_LiveweightAllStates[Region],Table_SourceData_PastureBeef_LiveweightAllStates[Season],Table_SourceData_PastureBeef_LiveweightAllStates[#Headers],Table_SourceData_PastureBeef_LiveweightAllStates[],Table_AustralianStates[Common Name],Table_AustralianStates[Abbreviation]) -> 300 | H61: =InputFunctions_PastureBeef.LookupLiveweightFromSeason($E$7,$E$8,$D61,H$59,Table_SourceData_PastureBeef_LiveweightAllStates[State],Table_SourceData_PastureBeef_LiveweightAllStates[Region],Table_SourceData_PastureBeef_LiveweightAllStates[Season],Table_SourceData_PastureBeef_LiveweightAllStates[#Headers],Table_SourceData_PastureBeef_LiveweightAllStates[],Table_AustralianStates[Common Name],Table_AustralianStates[Abbreviation]) -> 450 | I61: =InputFunctions_PastureBeef.LookupLiveweightFromSeason($E$7,$E$8,$D61,I$59,Table_SourceData_PastureBeef_LiveweightAllStates[State],Table_SourceData_PastureBeef_LiveweightAllStates[Region],Table_SourceData_PastureBeef_LiveweightAllStates[Season],Table_SourceData_PastureBeef_LiveweightAllStates[#Headers],Table_SourceData_PastureBeef_LiveweightAllStates[],Table_AustralianStates[Common Name],Table_AustralianStates[Abbreviation]) -> 530 | J61: =InputFunctions_PastureBeef.LookupLiveweightFromSeason($E$7,$E$8,$D61,J$59,Table_SourceData_PastureBeef_LiveweightAllStates[State],Table_SourceData_PastureBeef_LiveweightAllStates[Region],Table_SourceData_PastureBeef_LiveweightAllStates[Season],Table_SourceData_PastureBeef_LiveweightAllStates[#Headers],Table_SourceData_PastureBeef_LiveweightAllStates[],Table_AustralianStates[Common Name],Table_AustralianStates[Abbreviation]) -> 530 | K61: =InputFunctions_PastureBeef.LookupLiveweightFromSeason($E$7,$E$8,$D61,K$59,Table_SourceData_PastureBeef_LiveweightAllStates[State],Table_SourceData_PastureBeef_LiveweightAllStates[Region],Table_SourceData_PastureBeef_LiveweightAllStates[Season],Table_SourceData_PastureBeef_LiveweightAllStates[#Headers],Table_SourceData_PastureBeef_LiveweightAllStates[],Table_AustralianStates[Common Name],Table_AustralianStates[Abbreviation]) -> 340 | L61: =InputFunctions_PastureBeef.LookupLiveweightFromSeason($E$7,$E$8,$D61,L$59,Table_SourceData_PastureBeef_LiveweightAllStates[State],Table_SourceData_PastureBeef_LiveweightAllStates[Region],Table_SourceData_PastureBeef_LiveweightAllStates[Season],Table_SourceData_PastureBeef_LiveweightAllStates[#Headers],Table_SourceData_PastureBeef_LiveweightAllStates[],Table_AustralianStates[Common Name],Table_AustralianStates[Abbreviation]) -> 470 | ... N61: =InputFunctions_PastureBeef.LookupLiveweightFromSeason($E$7,$E$8,$D61,N$59,Table_SourceData_PastureBeef_LiveweightAllStates[State],Table_SourceData_PastureBeef_LiveweightAllStates[Region],Table_SourceData_PastureBeef_LiveweightAllStates[Season],Table_SourceData_PastureBeef_LiveweightAllStates[#Headers],Table_SourceData_PastureBeef_LiveweightAllStates[],Table_AustralianStates[Common Name],Table_AustralianStates[Abbreviation]) -> 470 | O61: kg/head
D62: Autumn | E62: =InputFunctions_PastureBeef.LookupLiveweightFromSeason($E$7,$E$8,$D62,E$59,Table_SourceData_PastureBeef_LiveweightAllStates[State],Table_SourceData_PastureBeef_LiveweightAllStates[Region],Table_SourceData_PastureBeef_LiveweightAllStates[Season],Table_SourceData_PastureBeef_LiveweightAllStates[#Headers],Table_SourceData_PastureBeef_LiveweightAllStates[],Table_AustralianStates[Common Name],Table_AustralianStates[Abbreviation]) -> 100 | F62: =InputFunctions_PastureBeef.LookupLiveweightFromSeason($E$7,$E$8,$D62,F$59,Table_SourceData_PastureBeef_LiveweightAllStates[State],Table_SourceData_PastureBeef_LiveweightAllStates[Region],Table_SourceData_PastureBeef_LiveweightAllStates[Season],Table_SourceData_PastureBeef_LiveweightAllStates[#Headers],Table_SourceData_PastureBeef_LiveweightAllStates[],Table_AustralianStates[Common Name],Table_AustralianStates[Abbreviation]) -> 680 | G62: =InputFunctions_PastureBeef.LookupLiveweightFromSeason($E$7,$E$8,$D62,G$59,Table_SourceData_PastureBeef_LiveweightAllStates[State],Table_SourceData_PastureBeef_LiveweightAllStates[Region],Table_SourceData_PastureBeef_LiveweightAllStates[Season],Table_SourceData_PastureBeef_LiveweightAllStates[#Headers],Table_SourceData_PastureBeef_LiveweightAllStates[],Table_AustralianStates[Common Name],Table_AustralianStates[Abbreviation]) -> 80 | H62: =InputFunctions_PastureBeef.LookupLiveweightFromSeason($E$7,$E$8,$D62,H$59,Table_SourceData_PastureBeef_LiveweightAllStates[State],Table_SourceData_PastureBeef_LiveweightAllStates[Region],Table_SourceData_PastureBeef_LiveweightAllStates[Season],Table_SourceData_PastureBeef_LiveweightAllStates[#Headers],Table_SourceData_PastureBeef_LiveweightAllStates[],Table_AustralianStates[Common Name],Table_AustralianStates[Abbreviation]) -> 320 | I62: =InputFunctions_PastureBeef.LookupLiveweightFromSeason($E$7,$E$8,$D62,I$59,Table_SourceData_PastureBeef_LiveweightAllStates[State],Table_SourceData_PastureBeef_LiveweightAllStates[Region],Table_SourceData_PastureBeef_LiveweightAllStates[Season],Table_SourceData_PastureBeef_LiveweightAllStates[#Headers],Table_SourceData_PastureBeef_LiveweightAllStates[],Table_AustralianStates[Common Name],Table_AustralianStates[Abbreviation]) -> 480 | J62: =InputFunctions_PastureBeef.LookupLiveweightFromSeason($E$7,$E$8,$D62,J$59,Table_SourceData_PastureBeef_LiveweightAllStates[State],Table_SourceData_PastureBeef_LiveweightAllStates[Region],Table_SourceData_PastureBeef_LiveweightAllStates[Season],Table_SourceData_PastureBeef_LiveweightAllStates[#Headers],Table_SourceData_PastureBeef_LiveweightAllStates[],Table_AustralianStates[Common Name],Table_AustralianStates[Abbreviation]) -> 480 | K62: =InputFunctions_PastureBeef.LookupLiveweightFromSeason($E$7,$E$8,$D62,K$59,Table_SourceData_PastureBeef_LiveweightAllStates[State],Table_SourceData_PastureBeef_LiveweightAllStates[Region],Table_SourceData_PastureBeef_LiveweightAllStates[Season],Table_SourceData_PastureBeef_LiveweightAllStates[#Headers],Table_SourceData_PastureBeef_LiveweightAllStates[],Table_AustralianStates[Common Name],Table_AustralianStates[Abbreviation]) -> 100 | L62: =InputFunctions_PastureBeef.LookupLiveweightFromSeason($E$7,$E$8,$D62,L$59,Table_SourceData_PastureBeef_LiveweightAllStates[State],Table_SourceData_PastureBeef_LiveweightAllStates[Region],Table_SourceData_PastureBeef_LiveweightAllStates[Season],Table_SourceData_PastureBeef_LiveweightAllStates[#Headers],Table_SourceData_PastureBeef_LiveweightAllStates[],Table_AustralianStates[Common Name],Table_AustralianStates[Abbreviation]) -> 340 | ... N62: =InputFunctions_PastureBeef.LookupLiveweightFromSeason($E$7,$E$8,$D62,N$59,Table_SourceData_PastureBeef_LiveweightAllStates[State],Table_SourceData_PastureBeef_LiveweightAllStates[Region],Table_SourceData_PastureBeef_LiveweightAllStates[Season],Table_SourceData_PastureBeef_LiveweightAllStates[#Headers],Table_SourceData_PastureBeef_LiveweightAllStates[],Table_AustralianStates[Common Name],Table_AustralianStates[Abbreviation]) -> 340 | O62: kg/head
D63: Winter | E63: =InputFunctions_PastureBeef.LookupLiveweightFromSeason($E$7,$E$8,$D63,E$59,Table_SourceData_PastureBeef_LiveweightAllStates[State],Table_SourceData_PastureBeef_LiveweightAllStates[Region],Table_SourceData_PastureBeef_LiveweightAllStates[Season],Table_SourceData_PastureBeef_LiveweightAllStates[#Headers],Table_SourceData_PastureBeef_LiveweightAllStates[],Table_AustralianStates[Common Name],Table_AustralianStates[Abbreviation]) -> 190 | F63: =InputFunctions_PastureBeef.LookupLiveweightFromSeason($E$7,$E$8,$D63,F$59,Table_SourceData_PastureBeef_LiveweightAllStates[State],Table_SourceData_PastureBeef_LiveweightAllStates[Region],Table_SourceData_PastureBeef_LiveweightAllStates[Season],Table_SourceData_PastureBeef_LiveweightAllStates[#Headers],Table_SourceData_PastureBeef_LiveweightAllStates[],Table_AustralianStates[Common Name],Table_AustralianStates[Abbreviation]) -> 700 | G63: =InputFunctions_PastureBeef.LookupLiveweightFromSeason($E$7,$E$8,$D63,G$59,Table_SourceData_PastureBeef_LiveweightAllStates[State],Table_SourceData_PastureBeef_LiveweightAllStates[Region],Table_SourceData_PastureBeef_LiveweightAllStates[Season],Table_SourceData_PastureBeef_LiveweightAllStates[#Headers],Table_SourceData_PastureBeef_LiveweightAllStates[],Table_AustralianStates[Common Name],Table_AustralianStates[Abbreviation]) -> 150 | H63: =InputFunctions_PastureBeef.LookupLiveweightFromSeason($E$7,$E$8,$D63,H$59,Table_SourceData_PastureBeef_LiveweightAllStates[State],Table_SourceData_PastureBeef_LiveweightAllStates[Region],Table_SourceData_PastureBeef_LiveweightAllStates[Season],Table_SourceData_PastureBeef_LiveweightAllStates[#Headers],Table_SourceData_PastureBeef_LiveweightAllStates[],Table_AustralianStates[Common Name],Table_AustralianStates[Abbreviation]) -> 330 | I63: =InputFunctions_PastureBeef.LookupLiveweightFromSeason($E$7,$E$8,$D63,I$59,Table_SourceData_PastureBeef_LiveweightAllStates[State],Table_SourceData_PastureBeef_LiveweightAllStates[Region],Table_SourceData_PastureBeef_LiveweightAllStates[Season],Table_SourceData_PastureBeef_LiveweightAllStates[#Headers],Table_SourceData_PastureBeef_LiveweightAllStates[],Table_AustralianStates[Common Name],Table_AustralianStates[Abbreviation]) -> 490 | J63: =InputFunctions_PastureBeef.LookupLiveweightFromSeason($E$7,$E$8,$D63,J$59,Table_SourceData_PastureBeef_LiveweightAllStates[State],Table_SourceData_PastureBeef_LiveweightAllStates[Region],Table_SourceData_PastureBeef_LiveweightAllStates[Season],Table_SourceData_PastureBeef_LiveweightAllStates[#Headers],Table_SourceData_PastureBeef_LiveweightAllStates[],Table_AustralianStates[Common Name],Table_AustralianStates[Abbreviation]) -> 490 | K63: =InputFunctions_PastureBeef.LookupLiveweightFromSeason($E$7,$E$8,$D63,K$59,Table_SourceData_PastureBeef_LiveweightAllStates[State],Table_SourceData_PastureBeef_LiveweightAllStates[Region],Table_SourceData_PastureBeef_LiveweightAllStates[Season],Table_SourceData_PastureBeef_LiveweightAllStates[#Headers],Table_SourceData_PastureBeef_LiveweightAllStates[],Table_AustralianStates[Common Name],Table_AustralianStates[Abbreviation]) -> 170 | L63: =InputFunctions_PastureBeef.LookupLiveweightFromSeason($E$7,$E$8,$D63,L$59,Table_SourceData_PastureBeef_LiveweightAllStates[State],Table_SourceData_PastureBeef_LiveweightAllStates[Region],Table_SourceData_PastureBeef_LiveweightAllStates[Season],Table_SourceData_PastureBeef_LiveweightAllStates[#Headers],Table_SourceData_PastureBeef_LiveweightAllStates[],Table_AustralianStates[Common Name],Table_AustralianStates[Abbreviation]) -> 360 | ... N63: =InputFunctions_PastureBeef.LookupLiveweightFromSeason($E$7,$E$8,$D63,N$59,Table_SourceData_PastureBeef_LiveweightAllStates[State],Table_SourceData_PastureBeef_LiveweightAllStates[Region],Table_SourceData_PastureBeef_LiveweightAllStates[Season],Table_SourceData_PastureBeef_LiveweightAllStates[#Headers],Table_SourceData_PastureBeef_LiveweightAllStates[],Table_AustralianStates[Common Name],Table_AustralianStates[Abbreviation]) -> 360 | O63: kg/head
D65: Method 2 custom values (edit if known) | E65: Bulls < 1 year | F65: Bulls > 1 year | G65: Cows < 1 year | H65: Cows 1-2 years | I65: Cows 2-3 years | J65: Cows > 3 years | K65: Steers < 1 year | L65: Steers 1-2 years | M65: Steers 2-3 years | N65: Steers >3 years
D66: =TEXT('Input - Site'!$E$12, "mmmm yyyy") -> January 2024 | E66: =InputFunctions_PastureBeef.LookupLiveweightFromMonth($E$7,$E$8,$D66,E$65,Table_SourceData_PastureBeef_LiveweightAllStates[State],Table_SourceData_PastureBeef_LiveweightAllStates[Region],Table_SourceData_PastureBeef_LiveweightAllStates[Season],Table_SourceData_PastureBeef_LiveweightAllStates[#Headers],Table_SourceData_PastureBeef_LiveweightAllStates[],Table_AustralianStates[Common Name],Table_AustralianStates[Abbreviation],Table_SourceData_Common_MonthToSeason[Month],Table_SourceData_Common_MonthToSeason[Season]) -> 380 | F66: =InputFunctions_PastureBeef.LookupLiveweightFromMonth($E$7,$E$8,$D66,F$65,Table_SourceData_PastureBeef_LiveweightAllStates[State],Table_SourceData_PastureBeef_LiveweightAllStates[Region],Table_SourceData_PastureBeef_LiveweightAllStates[Season],Table_SourceData_PastureBeef_LiveweightAllStates[#Headers],Table_SourceData_PastureBeef_LiveweightAllStates[],Table_AustralianStates[Common Name],Table_AustralianStates[Abbreviation],Table_SourceData_Common_MonthToSeason[Month],Table_SourceData_Common_MonthToSeason[Season]) -> 780 | G66: =InputFunctions_PastureBeef.LookupLiveweightFromMonth($E$7,$E$8,$D66,G$65,Table_SourceData_PastureBeef_LiveweightAllStates[State],Table_SourceData_PastureBeef_LiveweightAllStates[Region],Table_SourceData_PastureBeef_LiveweightAllStates[Season],Table_SourceData_PastureBeef_LiveweightAllStates[#Headers],Table_SourceData_PastureBeef_LiveweightAllStates[],Table_AustralianStates[Common Name],Table_AustralianStates[Abbreviation],Table_SourceData_Common_MonthToSeason[Month],Table_SourceData_Common_MonthToSeason[Season]) -> 300 | H66: =InputFunctions_PastureBeef.LookupLiveweightFromMonth($E$7,$E$8,$D66,H$65,Table_SourceData_PastureBeef_LiveweightAllStates[State],Table_SourceData_PastureBeef_LiveweightAllStates[Region],Table_SourceData_PastureBeef_LiveweightAllStates[Season],Table_SourceData_PastureBeef_LiveweightAllStates[#Headers],Table_SourceData_PastureBeef_LiveweightAllStates[],Table_AustralianStates[Common Name],Table_AustralianStates[Abbreviation],Table_SourceData_Common_MonthToSeason[Month],Table_SourceData_Common_MonthToSeason[Season]) -> 450 | I66: =InputFunctions_PastureBeef.LookupLiveweightFromMonth($E$7,$E$8,$D66,I$65,Table_SourceData_PastureBeef_LiveweightAllStates[State],Table_SourceData_PastureBeef_LiveweightAllStates[Region],Table_SourceData_PastureBeef_LiveweightAllStates[Season],Table_SourceData_PastureBeef_LiveweightAllStates[#Headers],Table_SourceData_PastureBeef_LiveweightAllStates[],Table_AustralianStates[Common Name],Table_AustralianStates[Abbreviation],Table_SourceData_Common_MonthToSeason[Month],Table_SourceData_Common_MonthToSeason[Season]) -> 530 | J66: =InputFunctions_PastureBeef.LookupLiveweightFromMonth($E$7,$E$8,$D66,J$65,Table_SourceData_PastureBeef_LiveweightAllStates[State],Table_SourceData_PastureBeef_LiveweightAllStates[Region],Table_SourceData_PastureBeef_LiveweightAllStates[Season],Table_SourceData_PastureBeef_LiveweightAllStates[#Headers],Table_SourceData_PastureBeef_LiveweightAllStates[],Table_AustralianStates[Common Name],Table_AustralianStates[Abbreviation],Table_SourceData_Common_MonthToSeason[Month],Table_SourceData_Common_MonthToSeason[Season]) -> 530 | K66: =InputFunctions_PastureBeef.LookupLiveweightFromMonth($E$7,$E$8,$D66,K$65,Table_SourceData_PastureBeef_LiveweightAllStates[State],Table_SourceData_PastureBeef_LiveweightAllStates[Region],Table_SourceData_PastureBeef_LiveweightAllStates[Season],Table_SourceData_PastureBeef_LiveweightAllStates[#Headers],Table_SourceData_PastureBeef_LiveweightAllStates[],Table_AustralianStates[Common Name],Table_AustralianStates[Abbreviation],Table_SourceData_Common_MonthToSeason[Month],Table_SourceData_Common_MonthToSeason[Season]) -> 340 | L66: =InputFunctions_PastureBeef.LookupLiveweightFromMonth($E$7,$E$8,$D66,L$65,Table_SourceData_PastureBeef_LiveweightAllStates[State],Table_SourceData_PastureBeef_LiveweightAllStates[Region],Table_SourceData_PastureBeef_LiveweightAllStates[Season],Table_SourceData_PastureBeef_LiveweightAllStates[#Headers],Table_SourceData_PastureBeef_LiveweightAllStates[],Table_AustralianStates[Common Name],Table_AustralianStates[Abbreviation],Table_SourceData_Common_MonthToSeason[Month],Table_SourceData_Common_MonthToSeason[Season]) -> 470 | ... N66: =InputFunctions_PastureBeef.LookupLiveweightFromMonth($E$7,$E$8,$D66,N$65,Table_SourceData_PastureBeef_LiveweightAllStates[State],Table_SourceData_PastureBeef_LiveweightAllStates[Region],Table_SourceData_PastureBeef_LiveweightAllStates[Season],Table_SourceData_PastureBeef_LiveweightAllStates[#Headers],Table_SourceData_PastureBeef_LiveweightAllStates[],Table_AustralianStates[Common Name],Table_AustralianStates[Abbreviation],Table_SourceData_Common_MonthToSeason[Month],Table_SourceData_Common_MonthToSeason[Season]) -> 470 | O66: kg/head
D67: =TEXT(EDATE('Input - Site'!$E$12,1), "mmmm yyyy") -> February 2024 | E67: =InputFunctions_PastureBeef.LookupLiveweightFromMonth($E$7,$E$8,$D67,E$65,Table_SourceData_PastureBeef_LiveweightAllStates[State],Table_SourceData_PastureBeef_LiveweightAllStates[Region],Table_SourceData_PastureBeef_LiveweightAllStates[Season],Table_SourceData_PastureBeef_LiveweightAllStates[#Headers],Table_SourceData_PastureBeef_LiveweightAllStates[],Table_AustralianStates[Common Name],Table_AustralianStates[Abbreviation],Table_SourceData_Common_MonthToSeason[Month],Table_SourceData_Common_MonthToSeason[Season]) -> 380 | F67: =InputFunctions_PastureBeef.LookupLiveweightFromMonth($E$7,$E$8,$D67,F$65,Table_SourceData_PastureBeef_LiveweightAllStates[State],Table_SourceData_PastureBeef_LiveweightAllStates[Region],Table_SourceData_PastureBeef_LiveweightAllStates[Season],Table_SourceData_PastureBeef_LiveweightAllStates[#Headers],Table_SourceData_PastureBeef_LiveweightAllStates[],Table_AustralianStates[Common Name],Table_AustralianStates[Abbreviation],Table_SourceData_Common_MonthToSeason[Month],Table_SourceData_Common_MonthToSeason[Season]) -> 780 | G67: =InputFunctions_PastureBeef.LookupLiveweightFromMonth($E$7,$E$8,$D67,G$65,Table_SourceData_PastureBeef_LiveweightAllStates[State],Table_SourceData_PastureBeef_LiveweightAllStates[Region],Table_SourceData_PastureBeef_LiveweightAllStates[Season],Table_SourceData_PastureBeef_LiveweightAllStates[#Headers],Table_SourceData_PastureBeef_LiveweightAllStates[],Table_AustralianStates[Common Name],Table_AustralianStates[Abbreviation],Table_SourceData_Common_MonthToSeason[Month],Table_SourceData_Common_MonthToSeason[Season]) -> 300 | H67: =InputFunctions_PastureBeef.LookupLiveweightFromMonth($E$7,$E$8,$D67,H$65,Table_SourceData_PastureBeef_LiveweightAllStates[State],Table_SourceData_PastureBeef_LiveweightAllStates[Region],Table_SourceData_PastureBeef_LiveweightAllStates[Season],Table_SourceData_PastureBeef_LiveweightAllStates[#Headers],Table_SourceData_PastureBeef_LiveweightAllStates[],Table_AustralianStates[Common Name],Table_AustralianStates[Abbreviation],Table_SourceData_Common_MonthToSeason[Month],Table_SourceData_Common_MonthToSeason[Season]) -> 450 | I67: =InputFunctions_PastureBeef.LookupLiveweightFromMonth($E$7,$E$8,$D67,I$65,Table_SourceData_PastureBeef_LiveweightAllStates[State],Table_SourceData_PastureBeef_LiveweightAllStates[Region],Table_SourceData_PastureBeef_LiveweightAllStates[Season],Table_SourceData_PastureBeef_LiveweightAllStates[#Headers],Table_SourceData_PastureBeef_LiveweightAllStates[],Table_AustralianStates[Common Name],Table_AustralianStates[Abbreviation],Table_SourceData_Common_MonthToSeason[Month],Table_SourceData_Common_MonthToSeason[Season]) -> 530 | J67: =InputFunctions_PastureBeef.LookupLiveweightFromMonth($E$7,$E$8,$D67,J$65,Table_SourceData_PastureBeef_LiveweightAllStates[State],Table_SourceData_PastureBeef_LiveweightAllStates[Region],Table_SourceData_PastureBeef_LiveweightAllStates[Season],Table_SourceData_PastureBeef_LiveweightAllStates[#Headers],Table_SourceData_PastureBeef_LiveweightAllStates[],Table_AustralianStates[Common Name],Table_AustralianStates[Abbreviation],Table_SourceData_Common_MonthToSeason[Month],Table_SourceData_Common_MonthToSeason[Season]) -> 530 | K67: =InputFunctions_PastureBeef.LookupLiveweightFromMonth($E$7,$E$8,$D67,K$65,Table_SourceData_PastureBeef_LiveweightAllStates[State],Table_SourceData_PastureBeef_LiveweightAllStates[Region],Table_SourceData_PastureBeef_LiveweightAllStates[Season],Table_SourceData_PastureBeef_LiveweightAllStates[#Headers],Table_SourceData_PastureBeef_LiveweightAllStates[],Table_AustralianStates[Common Name],Table_AustralianStates[Abbreviation],Table_SourceData_Common_MonthToSeason[Month],Table_SourceData_Common_MonthToSeason[Season]) -> 340 | L67: =InputFunctions_PastureBeef.LookupLiveweightFromMonth($E$7,$E$8,$D67,L$65,Table_SourceData_PastureBeef_LiveweightAllStates[State],Table_SourceData_PastureBeef_LiveweightAllStates[Region],Table_SourceData_PastureBeef_LiveweightAllStates[Season],Table_SourceData_PastureBeef_LiveweightAllStates[#Headers],Table_SourceData_PastureBeef_LiveweightAllStates[],Table_AustralianStates[Common Name],Table_AustralianStates[Abbreviation],Table_SourceData_Common_MonthToSeason[Month],Table_SourceData_Common_MonthToSeason[Season]) -> 470 | ... N67: =InputFunctions_PastureBeef.LookupLiveweightFromMonth($E$7,$E$8,$D67,N$65,Table_SourceData_PastureBeef_LiveweightAllStates[State],Table_SourceData_PastureBeef_LiveweightAllStates[Region],Table_SourceData_PastureBeef_LiveweightAllStates[Season],Table_SourceData_PastureBeef_LiveweightAllStates[#Headers],Table_SourceData_PastureBeef_LiveweightAllStates[],Table_AustralianStates[Common Name],Table_AustralianStates[Abbreviation],Table_SourceData_Common_MonthToSeason[Month],Table_SourceData_Common_MonthToSeason[Season]) -> 470 | O67: kg/head
D68: =TEXT(EDATE('Input - Site'!$E$12,2), "mmmm yyyy") -> March 2024 | E68: =InputFunctions_PastureBeef.LookupLiveweightFromMonth($E$7,$E$8,$D68,E$65,Table_SourceData_PastureBeef_LiveweightAllStates[State],Table_SourceData_PastureBeef_LiveweightAllStates[Region],Table_SourceData_PastureBeef_LiveweightAllStates[Season],Table_SourceData_PastureBeef_LiveweightAllStates[#Headers],Table_SourceData_PastureBeef_LiveweightAllStates[],Table_AustralianStates[Common Name],Table_AustralianStates[Abbreviation],Table_SourceData_Common_MonthToSeason[Month],Table_SourceData_Common_MonthToSeason[Season]) -> 100 | F68: =InputFunctions_PastureBeef.LookupLiveweightFromMonth($E$7,$E$8,$D68,F$65,Table_SourceData_PastureBeef_LiveweightAllStates[State],Table_SourceData_PastureBeef_LiveweightAllStates[Region],Table_SourceData_PastureBeef_LiveweightAllStates[Season],Table_SourceData_PastureBeef_LiveweightAllStates[#Headers],Table_SourceData_PastureBeef_LiveweightAllStates[],Table_AustralianStates[Common Name],Table_AustralianStates[Abbreviation],Table_SourceData_Common_MonthToSeason[Month],Table_SourceData_Common_MonthToSeason[Season]) -> 680 | G68: =InputFunctions_PastureBeef.LookupLiveweightFromMonth($E$7,$E$8,$D68,G$65,Table_SourceData_PastureBeef_LiveweightAllStates[State],Table_SourceData_PastureBeef_LiveweightAllStates[Region],Table_SourceData_PastureBeef_LiveweightAllStates[Season],Table_SourceData_PastureBeef_LiveweightAllStates[#Headers],Table_SourceData_PastureBeef_LiveweightAllStates[],Table_AustralianStates[Common Name],Table_AustralianStates[Abbreviation],Table_SourceData_Common_MonthToSeason[Month],Table_SourceData_Common_MonthToSeason[Season]) -> 80 | H68: =InputFunctions_PastureBeef.LookupLiveweightFromMonth($E$7,$E$8,$D68,H$65,Table_SourceData_PastureBeef_LiveweightAllStates[State],Table_SourceData_PastureBeef_LiveweightAllStates[Region],Table_SourceData_PastureBeef_LiveweightAllStates[Season],Table_SourceData_PastureBeef_LiveweightAllStates[#Headers],Table_SourceData_PastureBeef_LiveweightAllStates[],Table_AustralianStates[Common Name],Table_AustralianStates[Abbreviation],Table_SourceData_Common_MonthToSeason[Month],Table_SourceData_Common_MonthToSeason[Season]) -> 320 | I68: =InputFunctions_PastureBeef.LookupLiveweightFromMonth($E$7,$E$8,$D68,I$65,Table_SourceData_PastureBeef_LiveweightAllStates[State],Table_SourceData_PastureBeef_LiveweightAllStates[Region],Table_SourceData_PastureBeef_LiveweightAllStates[Season],Table_SourceData_PastureBeef_LiveweightAllStates[#Headers],Table_SourceData_PastureBeef_LiveweightAllStates[],Table_AustralianStates[Common Name],Table_AustralianStates[Abbreviation],Table_SourceData_Common_MonthToSeason[Month],Table_SourceData_Common_MonthToSeason[Season]) -> 480 | J68: =InputFunctions_PastureBeef.LookupLiveweightFromMonth($E$7,$E$8,$D68,J$65,Table_SourceData_PastureBeef_LiveweightAllStates[State],Table_SourceData_PastureBeef_LiveweightAllStates[Region],Table_SourceData_PastureBeef_LiveweightAllStates[Season],Table_SourceData_PastureBeef_LiveweightAllStates[#Headers],Table_SourceData_PastureBeef_LiveweightAllStates[],Table_AustralianStates[Common Name],Table_AustralianStates[Abbreviation],Table_SourceData_Common_MonthToSeason[Month],Table_SourceData_Common_MonthToSeason[Season]) -> 480 | K68: =InputFunctions_PastureBeef.LookupLiveweightFromMonth($E$7,$E$8,$D68,K$65,Table_SourceData_PastureBeef_LiveweightAllStates[State],Table_SourceData_PastureBeef_LiveweightAllStates[Region],Table_SourceData_PastureBeef_LiveweightAllStates[Season],Table_SourceData_PastureBeef_LiveweightAllStates[#Headers],Table_SourceData_PastureBeef_LiveweightAllStates[],Table_AustralianStates[Common Name],Table_AustralianStates[Abbreviation],Table_SourceData_Common_MonthToSeason[Month],Table_SourceData_Common_MonthToSeason[Season]) -> 100 | L68: =InputFunctions_PastureBeef.LookupLiveweightFromMonth($E$7,$E$8,$D68,L$65,Table_SourceData_PastureBeef_LiveweightAllStates[State],Table_SourceData_PastureBeef_LiveweightAllStates[Region],Table_SourceData_PastureBeef_LiveweightAllStates[Season],Table_SourceData_PastureBeef_LiveweightAllStates[#Headers],Table_SourceData_PastureBeef_LiveweightAllStates[],Table_AustralianStates[Common Name],Table_AustralianStates[Abbreviation],Table_SourceData_Common_MonthToSeason[Month],Table_SourceData_Common_MonthToSeason[Season]) -> 340 | ... N68: =InputFunctions_PastureBeef.LookupLiveweightFromMonth($E$7,$E$8,$D68,N$65,Table_SourceData_PastureBeef_LiveweightAllStates[State],Table_SourceData_PastureBeef_LiveweightAllStates[Region],Table_SourceData_PastureBeef_LiveweightAllStates[Season],Table_SourceData_PastureBeef_LiveweightAllStates[#Headers],Table_SourceData_PastureBeef_LiveweightAllStates[],Table_AustralianStates[Common Name],Table_AustralianStates[Abbreviation],Table_SourceData_Common_MonthToSeason[Month],Table_SourceData_Common_MonthToSeason[Season]) -> 340 | O68: kg/head
D69: =TEXT(EDATE('Input - Site'!$E$12,3), "mmmm yyyy") -> April 2024 | E69: =InputFunctions_PastureBeef.LookupLiveweightFromMonth($E$7,$E$8,$D69,E$65,Table_SourceData_PastureBeef_LiveweightAllStates[State],Table_SourceData_PastureBeef_LiveweightAllStates[Region],Table_SourceData_PastureBeef_LiveweightAllStates[Season],Table_SourceData_PastureBeef_LiveweightAllStates[#Headers],Table_SourceData_PastureBeef_LiveweightAllStates[],Table_AustralianStates[Common Name],Table_AustralianStates[Abbreviation],Table_SourceData_Common_MonthToSeason[Month],Table_SourceData_Common_MonthToSeason[Season]) -> 100 | F69: =InputFunctions_PastureBeef.LookupLiveweightFromMonth($E$7,$E$8,$D69,F$65,Table_SourceData_PastureBeef_LiveweightAllStates[State],Table_SourceData_PastureBeef_LiveweightAllStates[Region],Table_SourceData_PastureBeef_LiveweightAllStates[Season],Table_SourceData_PastureBeef_LiveweightAllStates[#Headers],Table_SourceData_PastureBeef_LiveweightAllStates[],Table_AustralianStates[Common Name],Table_AustralianStates[Abbreviation],Table_SourceData_Common_MonthToSeason[Month],Table_SourceData_Common_MonthToSeason[Season]) -> 680 | G69: =InputFunctions_PastureBeef.LookupLiveweightFromMonth($E$7,$E$8,$D69,G$65,Table_SourceData_PastureBeef_LiveweightAllStates[State],Table_SourceData_PastureBeef_LiveweightAllStates[Region],Table_SourceData_PastureBeef_LiveweightAllStates[Season],Table_SourceData_PastureBeef_LiveweightAllStates[#Headers],Table_SourceData_PastureBeef_LiveweightAllStates[],Table_AustralianStates[Common Name],Table_AustralianStates[Abbreviation],Table_SourceData_Common_MonthToSeason[Month],Table_SourceData_Common_MonthToSeason[Season]) -> 80 | H69: =InputFunctions_PastureBeef.LookupLiveweightFromMonth($E$7,$E$8,$D69,H$65,Table_SourceData_PastureBeef_LiveweightAllStates[State],Table_SourceData_PastureBeef_LiveweightAllStates[Region],Table_SourceData_PastureBeef_LiveweightAllStates[Season],Table_SourceData_PastureBeef_LiveweightAllStates[#Headers],Table_SourceData_PastureBeef_LiveweightAllStates[],Table_AustralianStates[Common Name],Table_AustralianStates[Abbreviation],Table_SourceData_Common_MonthToSeason[Month],Table_SourceData_Common_MonthToSeason[Season]) -> 320 | I69: =InputFunctions_PastureBeef.LookupLiveweightFromMonth($E$7,$E$8,$D69,I$65,Table_SourceData_PastureBeef_LiveweightAllStates[State],Table_SourceData_PastureBeef_LiveweightAllStates[Region],Table_SourceData_PastureBeef_LiveweightAllStates[Season],Table_SourceData_PastureBeef_LiveweightAllStates[#Headers],Table_SourceData_PastureBeef_LiveweightAllStates[],Table_AustralianStates[Common Name],Table_AustralianStates[Abbreviation],Table_SourceData_Common_MonthToSeason[Month],Table_SourceData_Common_MonthToSeason[Season]) -> 480 | J69: =InputFunctions_PastureBeef.LookupLiveweightFromMonth($E$7,$E$8,$D69,J$65,Table_SourceData_PastureBeef_LiveweightAllStates[State],Table_SourceData_PastureBeef_LiveweightAllStates[Region],Table_SourceData_PastureBeef_LiveweightAllStates[Season],Table_SourceData_PastureBeef_LiveweightAllStates[#Headers],Table_SourceData_PastureBeef_LiveweightAllStates[],Table_AustralianStates[Common Name],Table_AustralianStates[Abbreviation],Table_SourceData_Common_MonthToSeason[Month],Table_SourceData_Common_MonthToSeason[Season]) -> 480 | K69: =InputFunctions_PastureBeef.LookupLiveweightFromMonth($E$7,$E$8,$D69,K$65,Table_SourceData_PastureBeef_LiveweightAllStates[State],Table_SourceData_PastureBeef_LiveweightAllStates[Region],Table_SourceData_PastureBeef_LiveweightAllStates[Season],Table_SourceData_PastureBeef_LiveweightAllStates[#Headers],Table_SourceData_PastureBeef_LiveweightAllStates[],Table_AustralianStates[Common Name],Table_AustralianStates[Abbreviation],Table_SourceData_Common_MonthToSeason[Month],Table_SourceData_Common_MonthToSeason[Season]) -> 100 | L69: =InputFunctions_PastureBeef.LookupLiveweightFromMonth($E$7,$E$8,$D69,L$65,Table_SourceData_PastureBeef_LiveweightAllStates[State],Table_SourceData_PastureBeef_LiveweightAllStates[Region],Table_SourceData_PastureBeef_LiveweightAllStates[Season],Table_SourceData_PastureBeef_LiveweightAllStates[#Headers],Table_SourceData_PastureBeef_LiveweightAllStates[],Table_AustralianStates[Common Name],Table_AustralianStates[Abbreviation],Table_SourceData_Common_MonthToSeason[Month],Table_SourceData_Common_MonthToSeason[Season]) -> 340 | ... N69: =InputFunctions_PastureBeef.LookupLiveweightFromMonth($E$7,$E$8,$D69,N$65,Table_SourceData_PastureBeef_LiveweightAllStates[State],Table_SourceData_PastureBeef_LiveweightAllStates[Region],Table_SourceData_PastureBeef_LiveweightAllStates[Season],Table_SourceData_PastureBeef_LiveweightAllStates[#Headers],Table_SourceData_PastureBeef_LiveweightAllStates[],Table_AustralianStates[Common Name],Table_AustralianStates[Abbreviation],Table_SourceData_Common_MonthToSeason[Month],Table_SourceData_Common_MonthToSeason[Season]) -> 340 | O69: kg/head
D70: =TEXT(EDATE('Input - Site'!$E$12,4), "mmmm yyyy") -> May 2024 | E70: =InputFunctions_PastureBeef.LookupLiveweightFromMonth($E$7,$E$8,$D70,E$65,Table_SourceData_PastureBeef_LiveweightAllStates[State],Table_SourceData_PastureBeef_LiveweightAllStates[Region],Table_SourceData_PastureBeef_LiveweightAllStates[Season],Table_SourceData_PastureBeef_LiveweightAllStates[#Headers],Table_SourceData_PastureBeef_LiveweightAllStates[],Table_AustralianStates[Common Name],Table_AustralianStates[Abbreviation],Table_SourceData_Common_MonthToSeason[Month],Table_SourceData_Common_MonthToSeason[Season]) -> 100 | F70: =InputFunctions_PastureBeef.LookupLiveweightFromMonth($E$7,$E$8,$D70,F$65,Table_SourceData_PastureBeef_LiveweightAllStates[State],Table_SourceData_PastureBeef_LiveweightAllStates[Region],Table_SourceData_PastureBeef_LiveweightAllStates[Season],Table_SourceData_PastureBeef_LiveweightAllStates[#Headers],Table_SourceData_PastureBeef_LiveweightAllStates[],Table_AustralianStates[Common Name],Table_AustralianStates[Abbreviation],Table_SourceData_Common_MonthToSeason[Month],Table_SourceData_Common_MonthToSeason[Season]) -> 680 | G70: =InputFunctions_PastureBeef.LookupLiveweightFromMonth($E$7,$E$8,$D70,G$65,Table_SourceData_PastureBeef_LiveweightAllStates[State],Table_SourceData_PastureBeef_LiveweightAllStates[Region],Table_SourceData_PastureBeef_LiveweightAllStates[Season],Table_SourceData_PastureBeef_LiveweightAllStates[#Headers],Table_SourceData_PastureBeef_LiveweightAllStates[],Table_AustralianStates[Common Name],Table_AustralianStates[Abbreviation],Table_SourceData_Common_MonthToSeason[Month],Table_SourceData_Common_MonthToSeason[Season]) -> 80 | H70: =InputFunctions_PastureBeef.LookupLiveweightFromMonth($E$7,$E$8,$D70,H$65,Table_SourceData_PastureBeef_LiveweightAllStates[State],Table_SourceData_PastureBeef_LiveweightAllStates[Region],Table_SourceData_PastureBeef_LiveweightAllStates[Season],Table_SourceData_PastureBeef_LiveweightAllStates[#Headers],Table_SourceData_PastureBeef_LiveweightAllStates[],Table_AustralianStates[Common Name],Table_AustralianStates[Abbreviation],Table_SourceData_Common_MonthToSeason[Month],Table_SourceData_Common_MonthToSeason[Season]) -> 320 | I70: =InputFunctions_PastureBeef.LookupLiveweightFromMonth($E$7,$E$8,$D70,I$65,Table_SourceData_PastureBeef_LiveweightAllStates[State],Table_SourceData_PastureBeef_LiveweightAllStates[Region],Table_SourceData_PastureBeef_LiveweightAllStates[Season],Table_SourceData_PastureBeef_LiveweightAllStates[#Headers],Table_SourceData_PastureBeef_LiveweightAllStates[],Table_AustralianStates[Common Name],Table_AustralianStates[Abbreviation],Table_SourceData_Common_MonthToSeason[Month],Table_SourceData_Common_MonthToSeason[Season]) -> 480 | J70: =InputFunctions_PastureBeef.LookupLiveweightFromMonth($E$7,$E$8,$D70,J$65,Table_SourceData_PastureBeef_LiveweightAllStates[State],Table_SourceData_PastureBeef_LiveweightAllStates[Region],Table_SourceData_PastureBeef_LiveweightAllStates[Season],Table_SourceData_PastureBeef_LiveweightAllStates[#Headers],Table_SourceData_PastureBeef_LiveweightAllStates[],Table_AustralianStates[Common Name],Table_AustralianStates[Abbreviation],Table_SourceData_Common_MonthToSeason[Month],Table_SourceData_Common_MonthToSeason[Season]) -> 480 | K70: =InputFunctions_PastureBeef.LookupLiveweightFromMonth($E$7,$E$8,$D70,K$65,Table_SourceData_PastureBeef_LiveweightAllStates[State],Table_SourceData_PastureBeef_LiveweightAllStates[Region],Table_SourceData_PastureBeef_LiveweightAllStates[Season],Table_SourceData_PastureBeef_LiveweightAllStates[#Headers],Table_SourceData_PastureBeef_LiveweightAllStates[],Table_AustralianStates[Common Name],Table_AustralianStates[Abbreviation],Table_SourceData_Common_MonthToSeason[Month],Table_SourceData_Common_MonthToSeason[Season]) -> 100 | L70: =InputFunctions_PastureBeef.LookupLiveweightFromMonth($E$7,$E$8,$D70,L$65,Table_SourceData_PastureBeef_LiveweightAllStates[State],Table_SourceData_PastureBeef_LiveweightAllStates[Region],Table_SourceData_PastureBeef_LiveweightAllStates[Season],Table_SourceData_PastureBeef_LiveweightAllStates[#Headers],Table_SourceData_PastureBeef_LiveweightAllStates[],Table_AustralianStates[Common Name],Table_AustralianStates[Abbreviation],Table_SourceData_Common_MonthToSeason[Month],Table_SourceData_Common_MonthToSeason[Season]) -> 340 | ... N70: =InputFunctions_PastureBeef.LookupLiveweightFromMonth($E$7,$E$8,$D70,N$65,Table_SourceData_PastureBeef_LiveweightAllStates[State],Table_SourceData_PastureBeef_LiveweightAllStates[Region],Table_SourceData_PastureBeef_LiveweightAllStates[Season],Table_SourceData_PastureBeef_LiveweightAllStates[#Headers],Table_SourceData_PastureBeef_LiveweightAllStates[],Table_AustralianStates[Common Name],Table_AustralianStates[Abbreviation],Table_SourceData_Common_MonthToSeason[Month],Table_SourceData_Common_MonthToSeason[Season]) -> 340 | O70: kg/head
D71: =TEXT(EDATE('Input - Site'!$E$12,5), "mmmm yyyy") -> June 2024 | E71: =InputFunctions_PastureBeef.LookupLiveweightFromMonth($E$7,$E$8,$D71,E$65,Table_SourceData_PastureBeef_LiveweightAllStates[State],Table_SourceData_PastureBeef_LiveweightAllStates[Region],Table_SourceData_PastureBeef_LiveweightAllStates[Season],Table_SourceData_PastureBeef_LiveweightAllStates[#Headers],Table_SourceData_PastureBeef_LiveweightAllStates[],Table_AustralianStates[Common Name],Table_AustralianStates[Abbreviation],Table_SourceData_Common_MonthToSeason[Month],Table_SourceData_Common_MonthToSeason[Season]) -> 190 | F71: =InputFunctions_PastureBeef.LookupLiveweightFromMonth($E$7,$E$8,$D71,F$65,Table_SourceData_PastureBeef_LiveweightAllStates[State],Table_SourceData_PastureBeef_LiveweightAllStates[Region],Table_SourceData_PastureBeef_LiveweightAllStates[Season],Table_SourceData_PastureBeef_LiveweightAllStates[#Headers],Table_SourceData_PastureBeef_LiveweightAllStates[],Table_AustralianStates[Common Name],Table_AustralianStates[Abbreviation],Table_SourceData_Common_MonthToSeason[Month],Table_SourceData_Common_MonthToSeason[Season]) -> 700 | G71: =InputFunctions_PastureBeef.LookupLiveweightFromMonth($E$7,$E$8,$D71,G$65,Table_SourceData_PastureBeef_LiveweightAllStates[State],Table_SourceData_PastureBeef_LiveweightAllStates[Region],Table_SourceData_PastureBeef_LiveweightAllStates[Season],Table_SourceData_PastureBeef_LiveweightAllStates[#Headers],Table_SourceData_PastureBeef_LiveweightAllStates[],Table_AustralianStates[Common Name],Table_AustralianStates[Abbreviation],Table_SourceData_Common_MonthToSeason[Month],Table_SourceData_Common_MonthToSeason[Season]) -> 150 | H71: =InputFunctions_PastureBeef.LookupLiveweightFromMonth($E$7,$E$8,$D71,H$65,Table_SourceData_PastureBeef_LiveweightAllStates[State],Table_SourceData_PastureBeef_LiveweightAllStates[Region],Table_SourceData_PastureBeef_LiveweightAllStates[Season],Table_SourceData_PastureBeef_LiveweightAllStates[#Headers],Table_SourceData_PastureBeef_LiveweightAllStates[],Table_AustralianStates[Common Name],Table_AustralianStates[Abbreviation],Table_SourceData_Common_MonthToSeason[Month],Table_SourceData_Common_MonthToSeason[Season]) -> 330 | I71: =InputFunctions_PastureBeef.LookupLiveweightFromMonth($E$7,$E$8,$D71,I$65,Table_SourceData_PastureBeef_LiveweightAllStates[State],Table_SourceData_PastureBeef_LiveweightAllStates[Region],Table_SourceData_PastureBeef_LiveweightAllStates[Season],Table_SourceData_PastureBeef_LiveweightAllStates[#Headers],Table_SourceData_PastureBeef_LiveweightAllStates[],Table_AustralianStates[Common Name],Table_AustralianStates[Abbreviation],Table_SourceData_Common_MonthToSeason[Month],Table_SourceData_Common_MonthToSeason[Season]) -> 490 | J71: =InputFunctions_PastureBeef.LookupLiveweightFromMonth($E$7,$E$8,$D71,J$65,Table_SourceData_PastureBeef_LiveweightAllStates[State],Table_SourceData_PastureBeef_LiveweightAllStates[Region],Table_SourceData_PastureBeef_LiveweightAllStates[Season],Table_SourceData_PastureBeef_LiveweightAllStates[#Headers],Table_SourceData_PastureBeef_LiveweightAllStates[],Table_AustralianStates[Common Name],Table_AustralianStates[Abbreviation],Table_SourceData_Common_MonthToSeason[Month],Table_SourceData_Common_MonthToSeason[Season]) -> 490 | K71: =InputFunctions_PastureBeef.LookupLiveweightFromMonth($E$7,$E$8,$D71,K$65,Table_SourceData_PastureBeef_LiveweightAllStates[State],Table_SourceData_PastureBeef_LiveweightAllStates[Region],Table_SourceData_PastureBeef_LiveweightAllStates[Season],Table_SourceData_PastureBeef_LiveweightAllStates[#Headers],Table_SourceData_PastureBeef_LiveweightAllStates[],Table_AustralianStates[Common Name],Table_AustralianStates[Abbreviation],Table_SourceData_Common_MonthToSeason[Month],Table_SourceData_Common_MonthToSeason[Season]) -> 170 | L71: =InputFunctions_PastureBeef.LookupLiveweightFromMonth($E$7,$E$8,$D71,L$65,Table_SourceData_PastureBeef_LiveweightAllStates[State],Table_SourceData_PastureBeef_LiveweightAllStates[Region],Table_SourceData_PastureBeef_LiveweightAllStates[Season],Table_SourceData_PastureBeef_LiveweightAllStates[#Headers],Table_SourceData_PastureBeef_LiveweightAllStates[],Table_AustralianStates[Common Name],Table_AustralianStates[Abbreviation],Table_SourceData_Common_MonthToSeason[Month],Table_SourceData_Common_MonthToSeason[Season]) -> 360 | ... N71: =InputFunctions_PastureBeef.LookupLiveweightFromMonth($E$7,$E$8,$D71,N$65,Table_SourceData_PastureBeef_LiveweightAllStates[State],Table_SourceData_PastureBeef_LiveweightAllStates[Region],Table_SourceData_PastureBeef_LiveweightAllStates[Season],Table_SourceData_PastureBeef_LiveweightAllStates[#Headers],Table_SourceData_PastureBeef_LiveweightAllStates[],Table_AustralianStates[Common Name],Table_AustralianStates[Abbreviation],Table_SourceData_Common_MonthToSeason[Month],Table_SourceData_Common_MonthToSeason[Season]) -> 360 | O71: kg/head
D72: =TEXT(EDATE('Input - Site'!$E$12,6), "mmmm yyyy") -> July 2024 | E72: =InputFunctions_PastureBeef.LookupLiveweightFromMonth($E$7,$E$8,$D72,E$65,Table_SourceData_PastureBeef_LiveweightAllStates[State],Table_SourceData_PastureBeef_LiveweightAllStates[Region],Table_SourceData_PastureBeef_LiveweightAllStates[Season],Table_SourceData_PastureBeef_LiveweightAllStates[#Headers],Table_SourceData_PastureBeef_LiveweightAllStates[],Table_AustralianStates[Common Name],Table_AustralianStates[Abbreviation],Table_SourceData_Common_MonthToSeason[Month],Table_SourceData_Common_MonthToSeason[Season]) -> 190 | F72: =InputFunctions_PastureBeef.LookupLiveweightFromMonth($E$7,$E$8,$D72,F$65,Table_SourceData_PastureBeef_LiveweightAllStates[State],Table_SourceData_PastureBeef_LiveweightAllStates[Region],Table_SourceData_PastureBeef_LiveweightAllStates[Season],Table_SourceData_PastureBeef_LiveweightAllStates[#Headers],Table_SourceData_PastureBeef_LiveweightAllStates[],Table_AustralianStates[Common Name],Table_AustralianStates[Abbreviation],Table_SourceData_Common_MonthToSeason[Month],Table_SourceData_Common_MonthToSeason[Season]) -> 700 | G72: =InputFunctions_PastureBeef.LookupLiveweightFromMonth($E$7,$E$8,$D72,G$65,Table_SourceData_PastureBeef_LiveweightAllStates[State],Table_SourceData_PastureBeef_LiveweightAllStates[Region],Table_SourceData_PastureBeef_LiveweightAllStates[Season],Table_SourceData_PastureBeef_LiveweightAllStates[#Headers],Table_SourceData_PastureBeef_LiveweightAllStates[],Table_AustralianStates[Common Name],Table_AustralianStates[Abbreviation],Table_SourceData_Common_MonthToSeason[Month],Table_SourceData_Common_MonthToSeason[Season]) -> 150 | H72: =InputFunctions_PastureBeef.LookupLiveweightFromMonth($E$7,$E$8,$D72,H$65,Table_SourceData_PastureBeef_LiveweightAllStates[State],Table_SourceData_PastureBeef_LiveweightAllStates[Region],Table_SourceData_PastureBeef_LiveweightAllStates[Season],Table_SourceData_PastureBeef_LiveweightAllStates[#Headers],Table_SourceData_PastureBeef_LiveweightAllStates[],Table_AustralianStates[Common Name],Table_AustralianStates[Abbreviation],Table_SourceData_Common_MonthToSeason[Month],Table_SourceData_Common_MonthToSeason[Season]) -> 330 | I72: =InputFunctions_PastureBeef.LookupLiveweightFromMonth($E$7,$E$8,$D72,I$65,Table_SourceData_PastureBeef_LiveweightAllStates[State],Table_SourceData_PastureBeef_LiveweightAllStates[Region],Table_SourceData_PastureBeef_LiveweightAllStates[Season],Table_SourceData_PastureBeef_LiveweightAllStates[#Headers],Table_SourceData_PastureBeef_LiveweightAllStates[],Table_AustralianStates[Common Name],Table_AustralianStates[Abbreviation],Table_SourceData_Common_MonthToSeason[Month],Table_SourceData_Common_MonthToSeason[Season]) -> 490 | J72: =InputFunctions_PastureBeef.LookupLiveweightFromMonth($E$7,$E$8,$D72,J$65,Table_SourceData_PastureBeef_LiveweightAllStates[State],Table_SourceData_PastureBeef_LiveweightAllStates[Region],Table_SourceData_PastureBeef_LiveweightAllStates[Season],Table_SourceData_PastureBeef_LiveweightAllStates[#Headers],Table_SourceData_PastureBeef_LiveweightAllStates[],Table_AustralianStates[Common Name],Table_AustralianStates[Abbreviation],Table_SourceData_Common_MonthToSeason[Month],Table_SourceData_Common_MonthToSeason[Season]) -> 490 | K72: =InputFunctions_PastureBeef.LookupLiveweightFromMonth($E$7,$E$8,$D72,K$65,Table_SourceData_PastureBeef_LiveweightAllStates[State],Table_SourceData_PastureBeef_LiveweightAllStates[Region],Table_SourceData_PastureBeef_LiveweightAllStates[Season],Table_SourceData_PastureBeef_LiveweightAllStates[#Headers],Table_SourceData_PastureBeef_LiveweightAllStates[],Table_AustralianStates[Common Name],Table_AustralianStates[Abbreviation],Table_SourceData_Common_MonthToSeason[Month],Table_SourceData_Common_MonthToSeason[Season]) -> 170 | L72: =InputFunctions_PastureBeef.LookupLiveweightFromMonth($E$7,$E$8,$D72,L$65,Table_SourceData_PastureBeef_LiveweightAllStates[State],Table_SourceData_PastureBeef_LiveweightAllStates[Region],Table_SourceData_PastureBeef_LiveweightAllStates[Season],Table_SourceData_PastureBeef_LiveweightAllStates[#Headers],Table_SourceData_PastureBeef_LiveweightAllStates[],Table_AustralianStates[Common Name],Table_AustralianStates[Abbreviation],Table_SourceData_Common_MonthToSeason[Month],Table_SourceData_Common_MonthToSeason[Season]) -> 360 | ... N72: =InputFunctions_PastureBeef.LookupLiveweightFromMonth($E$7,$E$8,$D72,N$65,Table_SourceData_PastureBeef_LiveweightAllStates[State],Table_SourceData_PastureBeef_LiveweightAllStates[Region],Table_SourceData_PastureBeef_LiveweightAllStates[Season],Table_SourceData_PastureBeef_LiveweightAllStates[#Headers],Table_SourceData_PastureBeef_LiveweightAllStates[],Table_AustralianStates[Common Name],Table_AustralianStates[Abbreviation],Table_SourceData_Common_MonthToSeason[Month],Table_SourceData_Common_MonthToSeason[Season]) -> 360 | O72: kg/head
D73: =TEXT(EDATE('Input - Site'!$E$12,7), "mmmm yyyy") -> August 2024 | E73: =InputFunctions_PastureBeef.LookupLiveweightFromMonth($E$7,$E$8,$D73,E$65,Table_SourceData_PastureBeef_LiveweightAllStates[State],Table_SourceData_PastureBeef_LiveweightAllStates[Region],Table_SourceData_PastureBeef_LiveweightAllStates[Season],Table_SourceData_PastureBeef_LiveweightAllStates[#Headers],Table_SourceData_PastureBeef_LiveweightAllStates[],Table_AustralianStates[Common Name],Table_AustralianStates[Abbreviation],Table_SourceData_Common_MonthToSeason[Month],Table_SourceData_Common_MonthToSeason[Season]) -> 190 | F73: =InputFunctions_PastureBeef.LookupLiveweightFromMonth($E$7,$E$8,$D73,F$65,Table_SourceData_PastureBeef_LiveweightAllStates[State],Table_SourceData_PastureBeef_LiveweightAllStates[Region],Table_SourceData_PastureBeef_LiveweightAllStates[Season],Table_SourceData_PastureBeef_LiveweightAllStates[#Headers],Table_SourceData_PastureBeef_LiveweightAllStates[],Table_AustralianStates[Common Name],Table_AustralianStates[Abbreviation],Table_SourceData_Common_MonthToSeason[Month],Table_SourceData_Common_MonthToSeason[Season]) -> 700 | G73: =InputFunctions_PastureBeef.LookupLiveweightFromMonth($E$7,$E$8,$D73,G$65,Table_SourceData_PastureBeef_LiveweightAllStates[State],Table_SourceData_PastureBeef_LiveweightAllStates[Region],Table_SourceData_PastureBeef_LiveweightAllStates[Season],Table_SourceData_PastureBeef_LiveweightAllStates[#Headers],Table_SourceData_PastureBeef_LiveweightAllStates[],Table_AustralianStates[Common Name],Table_AustralianStates[Abbreviation],Table_SourceData_Common_MonthToSeason[Month],Table_SourceData_Common_MonthToSeason[Season]) -> 150 | H73: =InputFunctions_PastureBeef.LookupLiveweightFromMonth($E$7,$E$8,$D73,H$65,Table_SourceData_PastureBeef_LiveweightAllStates[State],Table_SourceData_PastureBeef_LiveweightAllStates[Region],Table_SourceData_PastureBeef_LiveweightAllStates[Season],Table_SourceData_PastureBeef_LiveweightAllStates[#Headers],Table_SourceData_PastureBeef_LiveweightAllStates[],Table_AustralianStates[Common Name],Table_AustralianStates[Abbreviation],Table_SourceData_Common_MonthToSeason[Month],Table_SourceData_Common_MonthToSeason[Season]) -> 330 | I73: =InputFunctions_PastureBeef.LookupLiveweightFromMonth($E$7,$E$8,$D73,I$65,Table_SourceData_PastureBeef_LiveweightAllStates[State],Table_SourceData_PastureBeef_LiveweightAllStates[Region],Table_SourceData_PastureBeef_LiveweightAllStates[Season],Table_SourceData_PastureBeef_LiveweightAllStates[#Headers],Table_SourceData_PastureBeef_LiveweightAllStates[],Table_AustralianStates[Common Name],Table_AustralianStates[Abbreviation],Table_SourceData_Common_MonthToSeason[Month],Table_SourceData_Common_MonthToSeason[Season]) -> 490 | J73: =InputFunctions_PastureBeef.LookupLiveweightFromMonth($E$7,$E$8,$D73,J$65,Table_SourceData_PastureBeef_LiveweightAllStates[State],Table_SourceData_PastureBeef_LiveweightAllStates[Region],Table_SourceData_PastureBeef_LiveweightAllStates[Season],Table_SourceData_PastureBeef_LiveweightAllStates[#Headers],Table_SourceData_PastureBeef_LiveweightAllStates[],Table_AustralianStates[Common Name],Table_AustralianStates[Abbreviation],Table_SourceData_Common_MonthToSeason[Month],Table_SourceData_Common_MonthToSeason[Season]) -> 490 | K73: =InputFunctions_PastureBeef.LookupLiveweightFromMonth($E$7,$E$8,$D73,K$65,Table_SourceData_PastureBeef_LiveweightAllStates[State],Table_SourceData_PastureBeef_LiveweightAllStates[Region],Table_SourceData_PastureBeef_LiveweightAllStates[Season],Table_SourceData_PastureBeef_LiveweightAllStates[#Headers],Table_SourceData_PastureBeef_LiveweightAllStates[],Table_AustralianStates[Common Name],Table_AustralianStates[Abbreviation],Table_SourceData_Common_MonthToSeason[Month],Table_SourceData_Common_MonthToSeason[Season]) -> 170 | L73: =InputFunctions_PastureBeef.LookupLiveweightFromMonth($E$7,$E$8,$D73,L$65,Table_SourceData_PastureBeef_LiveweightAllStates[State],Table_SourceData_PastureBeef_LiveweightAllStates[Region],Table_SourceData_PastureBeef_LiveweightAllStates[Season],Table_SourceData_PastureBeef_LiveweightAllStates[#Headers],Table_SourceData_PastureBeef_LiveweightAllStates[],Table_AustralianStates[Common Name],Table_AustralianStates[Abbreviation],Table_SourceData_Common_MonthToSeason[Month],Table_SourceData_Common_MonthToSeason[Season]) -> 360 | ... N73: =InputFunctions_PastureBeef.LookupLiveweightFromMonth($E$7,$E$8,$D73,N$65,Table_SourceData_PastureBeef_LiveweightAllStates[State],Table_SourceData_PastureBeef_LiveweightAllStates[Region],Table_SourceData_PastureBeef_LiveweightAllStates[Season],Table_SourceData_PastureBeef_LiveweightAllStates[#Headers],Table_SourceData_PastureBeef_LiveweightAllStates[],Table_AustralianStates[Common Name],Table_AustralianStates[Abbreviation],Table_SourceData_Common_MonthToSeason[Month],Table_SourceData_Common_MonthToSeason[Season]) -> 360 | O73: kg/head
D74: =TEXT(EDATE('Input - Site'!$E$12,8), "mmmm yyyy") -> September 2024 | E74: =InputFunctions_PastureBeef.LookupLiveweightFromMonth($E$7,$E$8,$D74,E$65,Table_SourceData_PastureBeef_LiveweightAllStates[State],Table_SourceData_PastureBeef_LiveweightAllStates[Region],Table_SourceData_PastureBeef_LiveweightAllStates[Season],Table_SourceData_PastureBeef_LiveweightAllStates[#Headers],Table_SourceData_PastureBeef_LiveweightAllStates[],Table_AustralianStates[Common Name],Table_AustralianStates[Abbreviation],Table_SourceData_Common_MonthToSeason[Month],Table_SourceData_Common_MonthToSeason[Season]) -> 340 | F74: =InputFunctions_PastureBeef.LookupLiveweightFromMonth($E$7,$E$8,$D74,F$65,Table_SourceData_PastureBeef_LiveweightAllStates[State],Table_SourceData_PastureBeef_LiveweightAllStates[Region],Table_SourceData_PastureBeef_LiveweightAllStates[Season],Table_SourceData_PastureBeef_LiveweightAllStates[#Headers],Table_SourceData_PastureBeef_LiveweightAllStates[],Table_AustralianStates[Common Name],Table_AustralianStates[Abbreviation],Table_SourceData_Common_MonthToSeason[Month],Table_SourceData_Common_MonthToSeason[Season]) -> 800 | G74: =InputFunctions_PastureBeef.LookupLiveweightFromMonth($E$7,$E$8,$D74,G$65,Table_SourceData_PastureBeef_LiveweightAllStates[State],Table_SourceData_PastureBeef_LiveweightAllStates[Region],Table_SourceData_PastureBeef_LiveweightAllStates[Season],Table_SourceData_PastureBeef_LiveweightAllStates[#Headers],Table_SourceData_PastureBeef_LiveweightAllStates[],Table_AustralianStates[Common Name],Table_AustralianStates[Abbreviation],Table_SourceData_Common_MonthToSeason[Month],Table_SourceData_Common_MonthToSeason[Season]) -> 260 | H74: =InputFunctions_PastureBeef.LookupLiveweightFromMonth($E$7,$E$8,$D74,H$65,Table_SourceData_PastureBeef_LiveweightAllStates[State],Table_SourceData_PastureBeef_LiveweightAllStates[Region],Table_SourceData_PastureBeef_LiveweightAllStates[Season],Table_SourceData_PastureBeef_LiveweightAllStates[#Headers],Table_SourceData_PastureBeef_LiveweightAllStates[],Table_AustralianStates[Common Name],Table_AustralianStates[Abbreviation],Table_SourceData_Common_MonthToSeason[Month],Table_SourceData_Common_MonthToSeason[Season]) -> 420 | I74: =InputFunctions_PastureBeef.LookupLiveweightFromMonth($E$7,$E$8,$D74,I$65,Table_SourceData_PastureBeef_LiveweightAllStates[State],Table_SourceData_PastureBeef_LiveweightAllStates[Region],Table_SourceData_PastureBeef_LiveweightAllStates[Season],Table_SourceData_PastureBeef_LiveweightAllStates[#Headers],Table_SourceData_PastureBeef_LiveweightAllStates[],Table_AustralianStates[Common Name],Table_AustralianStates[Abbreviation],Table_SourceData_Common_MonthToSeason[Month],Table_SourceData_Common_MonthToSeason[Season]) -> 550 | J74: =InputFunctions_PastureBeef.LookupLiveweightFromMonth($E$7,$E$8,$D74,J$65,Table_SourceData_PastureBeef_LiveweightAllStates[State],Table_SourceData_PastureBeef_LiveweightAllStates[Region],Table_SourceData_PastureBeef_LiveweightAllStates[Season],Table_SourceData_PastureBeef_LiveweightAllStates[#Headers],Table_SourceData_PastureBeef_LiveweightAllStates[],Table_AustralianStates[Common Name],Table_AustralianStates[Abbreviation],Table_SourceData_Common_MonthToSeason[Month],Table_SourceData_Common_MonthToSeason[Season]) -> 550 | K74: =InputFunctions_PastureBeef.LookupLiveweightFromMonth($E$7,$E$8,$D74,K$65,Table_SourceData_PastureBeef_LiveweightAllStates[State],Table_SourceData_PastureBeef_LiveweightAllStates[Region],Table_SourceData_PastureBeef_LiveweightAllStates[Season],Table_SourceData_PastureBeef_LiveweightAllStates[#Headers],Table_SourceData_PastureBeef_LiveweightAllStates[],Table_AustralianStates[Common Name],Table_AustralianStates[Abbreviation],Table_SourceData_Common_MonthToSeason[Month],Table_SourceData_Common_MonthToSeason[Season]) -> 300 | L74: =InputFunctions_PastureBeef.LookupLiveweightFromMonth($E$7,$E$8,$D74,L$65,Table_SourceData_PastureBeef_LiveweightAllStates[State],Table_SourceData_PastureBeef_LiveweightAllStates[Region],Table_SourceData_PastureBeef_LiveweightAllStates[Season],Table_SourceData_PastureBeef_LiveweightAllStates[#Headers],Table_SourceData_PastureBeef_LiveweightAllStates[],Table_AustralianStates[Common Name],Table_AustralianStates[Abbreviation],Table_SourceData_Common_MonthToSeason[Month],Table_SourceData_Common_MonthToSeason[Season]) -> 480 | ... N74: =InputFunctions_PastureBeef.LookupLiveweightFromMonth($E$7,$E$8,$D74,N$65,Table_SourceData_PastureBeef_LiveweightAllStates[State],Table_SourceData_PastureBeef_LiveweightAllStates[Region],Table_SourceData_PastureBeef_LiveweightAllStates[Season],Table_SourceData_PastureBeef_LiveweightAllStates[#Headers],Table_SourceData_PastureBeef_LiveweightAllStates[],Table_AustralianStates[Common Name],Table_AustralianStates[Abbreviation],Table_SourceData_Common_MonthToSeason[Month],Table_SourceData_Common_MonthToSeason[Season]) -> 480 | O74: kg/head
D75: =TEXT(EDATE('Input - Site'!$E$12,9), "mmmm yyyy") -> October 2024 | E75: =InputFunctions_PastureBeef.LookupLiveweightFromMonth($E$7,$E$8,$D75,E$65,Table_SourceData_PastureBeef_LiveweightAllStates[State],Table_SourceData_PastureBeef_LiveweightAllStates[Region],Table_SourceData_PastureBeef_LiveweightAllStates[Season],Table_SourceData_PastureBeef_LiveweightAllStates[#Headers],Table_SourceData_PastureBeef_LiveweightAllStates[],Table_AustralianStates[Common Name],Table_AustralianStates[Abbreviation],Table_SourceData_Common_MonthToSeason[Month],Table_SourceData_Common_MonthToSeason[Season]) -> 340 | F75: =InputFunctions_PastureBeef.LookupLiveweightFromMonth($E$7,$E$8,$D75,F$65,Table_SourceData_PastureBeef_LiveweightAllStates[State],Table_SourceData_PastureBeef_LiveweightAllStates[Region],Table_SourceData_PastureBeef_LiveweightAllStates[Season],Table_SourceData_PastureBeef_LiveweightAllStates[#Headers],Table_SourceData_PastureBeef_LiveweightAllStates[],Table_AustralianStates[Common Name],Table_AustralianStates[Abbreviation],Table_SourceData_Common_MonthToSeason[Month],Table_SourceData_Common_MonthToSeason[Season]) -> 800 | G75: =InputFunctions_PastureBeef.LookupLiveweightFromMonth($E$7,$E$8,$D75,G$65,Table_SourceData_PastureBeef_LiveweightAllStates[State],Table_SourceData_PastureBeef_LiveweightAllStates[Region],Table_SourceData_PastureBeef_LiveweightAllStates[Season],Table_SourceData_PastureBeef_LiveweightAllStates[#Headers],Table_SourceData_PastureBeef_LiveweightAllStates[],Table_AustralianStates[Common Name],Table_AustralianStates[Abbreviation],Table_SourceData_Common_MonthToSeason[Month],Table_SourceData_Common_MonthToSeason[Season]) -> 260 | H75: =InputFunctions_PastureBeef.LookupLiveweightFromMonth($E$7,$E$8,$D75,H$65,Table_SourceData_PastureBeef_LiveweightAllStates[State],Table_SourceData_PastureBeef_LiveweightAllStates[Region],Table_SourceData_PastureBeef_LiveweightAllStates[Season],Table_SourceData_PastureBeef_LiveweightAllStates[#Headers],Table_SourceData_PastureBeef_LiveweightAllStates[],Table_AustralianStates[Common Name],Table_AustralianStates[Abbreviation],Table_SourceData_Common_MonthToSeason[Month],Table_SourceData_Common_MonthToSeason[Season]) -> 420 | I75: =InputFunctions_PastureBeef.LookupLiveweightFromMonth($E$7,$E$8,$D75,I$65,Table_SourceData_PastureBeef_LiveweightAllStates[State],Table_SourceData_PastureBeef_LiveweightAllStates[Region],Table_SourceData_PastureBeef_LiveweightAllStates[Season],Table_SourceData_PastureBeef_LiveweightAllStates[#Headers],Table_SourceData_PastureBeef_LiveweightAllStates[],Table_AustralianStates[Common Name],Table_AustralianStates[Abbreviation],Table_SourceData_Common_MonthToSeason[Month],Table_SourceData_Common_MonthToSeason[Season]) -> 550 | J75: =InputFunctions_PastureBeef.LookupLiveweightFromMonth($E$7,$E$8,$D75,J$65,Table_SourceData_PastureBeef_LiveweightAllStates[State],Table_SourceData_PastureBeef_LiveweightAllStates[Region],Table_SourceData_PastureBeef_LiveweightAllStates[Season],Table_SourceData_PastureBeef_LiveweightAllStates[#Headers],Table_SourceData_PastureBeef_LiveweightAllStates[],Table_AustralianStates[Common Name],Table_AustralianStates[Abbreviation],Table_SourceData_Common_MonthToSeason[Month],Table_SourceData_Common_MonthToSeason[Season]) -> 550 | K75: =InputFunctions_PastureBeef.LookupLiveweightFromMonth($E$7,$E$8,$D75,K$65,Table_SourceData_PastureBeef_LiveweightAllStates[State],Table_SourceData_PastureBeef_LiveweightAllStates[Region],Table_SourceData_PastureBeef_LiveweightAllStates[Season],Table_SourceData_PastureBeef_LiveweightAllStates[#Headers],Table_SourceData_PastureBeef_LiveweightAllStates[],Table_AustralianStates[Common Name],Table_AustralianStates[Abbreviation],Table_SourceData_Common_MonthToSeason[Month],Table_SourceData_Common_MonthToSeason[Season]) -> 300 | L75: =InputFunctions_PastureBeef.LookupLiveweightFromMonth($E$7,$E$8,$D75,L$65,Table_SourceData_PastureBeef_LiveweightAllStates[State],Table_SourceData_PastureBeef_LiveweightAllStates[Region],Table_SourceData_PastureBeef_LiveweightAllStates[Season],Table_SourceData_PastureBeef_LiveweightAllStates[#Headers],Table_SourceData_PastureBeef_LiveweightAllStates[],Table_AustralianStates[Common Name],Table_AustralianStates[Abbreviation],Table_SourceData_Common_MonthToSeason[Month],Table_SourceData_Common_MonthToSeason[Season]) -> 480 | ... N75: =InputFunctions_PastureBeef.LookupLiveweightFromMonth($E$7,$E$8,$D75,N$65,Table_SourceData_PastureBeef_LiveweightAllStates[State],Table_SourceData_PastureBeef_LiveweightAllStates[Region],Table_SourceData_PastureBeef_LiveweightAllStates[Season],Table_SourceData_PastureBeef_LiveweightAllStates[#Headers],Table_SourceData_PastureBeef_LiveweightAllStates[],Table_AustralianStates[Common Name],Table_AustralianStates[Abbreviation],Table_SourceData_Common_MonthToSeason[Month],Table_SourceData_Common_MonthToSeason[Season]) -> 480 | O75: kg/head
D76: =TEXT(EDATE('Input - Site'!$E$12,10), "mmmm yyyy") -> November 2024 | E76: =InputFunctions_PastureBeef.LookupLiveweightFromMonth($E$7,$E$8,$D76,E$65,Table_SourceData_PastureBeef_LiveweightAllStates[State],Table_SourceData_PastureBeef_LiveweightAllStates[Region],Table_SourceData_PastureBeef_LiveweightAllStates[Season],Table_SourceData_PastureBeef_LiveweightAllStates[#Headers],Table_SourceData_PastureBeef_LiveweightAllStates[],Table_AustralianStates[Common Name],Table_AustralianStates[Abbreviation],Table_SourceData_Common_MonthToSeason[Month],Table_SourceData_Common_MonthToSeason[Season]) -> 340 | F76: =InputFunctions_PastureBeef.LookupLiveweightFromMonth($E$7,$E$8,$D76,F$65,Table_SourceData_PastureBeef_LiveweightAllStates[State],Table_SourceData_PastureBeef_LiveweightAllStates[Region],Table_SourceData_PastureBeef_LiveweightAllStates[Season],Table_SourceData_PastureBeef_LiveweightAllStates[#Headers],Table_SourceData_PastureBeef_LiveweightAllStates[],Table_AustralianStates[Common Name],Table_AustralianStates[Abbreviation],Table_SourceData_Common_MonthToSeason[Month],Table_SourceData_Common_MonthToSeason[Season]) -> 800 | G76: =InputFunctions_PastureBeef.LookupLiveweightFromMonth($E$7,$E$8,$D76,G$65,Table_SourceData_PastureBeef_LiveweightAllStates[State],Table_SourceData_PastureBeef_LiveweightAllStates[Region],Table_SourceData_PastureBeef_LiveweightAllStates[Season],Table_SourceData_PastureBeef_LiveweightAllStates[#Headers],Table_SourceData_PastureBeef_LiveweightAllStates[],Table_AustralianStates[Common Name],Table_AustralianStates[Abbreviation],Table_SourceData_Common_MonthToSeason[Month],Table_SourceData_Common_MonthToSeason[Season]) -> 260 | H76: =InputFunctions_PastureBeef.LookupLiveweightFromMonth($E$7,$E$8,$D76,H$65,Table_SourceData_PastureBeef_LiveweightAllStates[State],Table_SourceData_PastureBeef_LiveweightAllStates[Region],Table_SourceData_PastureBeef_LiveweightAllStates[Season],Table_SourceData_PastureBeef_LiveweightAllStates[#Headers],Table_SourceData_PastureBeef_LiveweightAllStates[],Table_AustralianStates[Common Name],Table_AustralianStates[Abbreviation],Table_SourceData_Common_MonthToSeason[Month],Table_SourceData_Common_MonthToSeason[Season]) -> 420 | I76: =InputFunctions_PastureBeef.LookupLiveweightFromMonth($E$7,$E$8,$D76,I$65,Table_SourceData_PastureBeef_LiveweightAllStates[State],Table_SourceData_PastureBeef_LiveweightAllStates[Region],Table_SourceData_PastureBeef_LiveweightAllStates[Season],Table_SourceData_PastureBeef_LiveweightAllStates[#Headers],Table_SourceData_PastureBeef_LiveweightAllStates[],Table_AustralianStates[Common Name],Table_AustralianStates[Abbreviation],Table_SourceData_Common_MonthToSeason[Month],Table_SourceData_Common_MonthToSeason[Season]) -> 550 | J76: =InputFunctions_PastureBeef.LookupLiveweightFromMonth($E$7,$E$8,$D76,J$65,Table_SourceData_PastureBeef_LiveweightAllStates[State],Table_SourceData_PastureBeef_LiveweightAllStates[Region],Table_SourceData_PastureBeef_LiveweightAllStates[Season],Table_SourceData_PastureBeef_LiveweightAllStates[#Headers],Table_SourceData_PastureBeef_LiveweightAllStates[],Table_AustralianStates[Common Name],Table_AustralianStates[Abbreviation],Table_SourceData_Common_MonthToSeason[Month],Table_SourceData_Common_MonthToSeason[Season]) -> 550 | K76: =InputFunctions_PastureBeef.LookupLiveweightFromMonth($E$7,$E$8,$D76,K$65,Table_SourceData_PastureBeef_LiveweightAllStates[State],Table_SourceData_PastureBeef_LiveweightAllStates[Region],Table_SourceData_PastureBeef_LiveweightAllStates[Season],Table_SourceData_PastureBeef_LiveweightAllStates[#Headers],Table_SourceData_PastureBeef_LiveweightAllStates[],Table_AustralianStates[Common Name],Table_AustralianStates[Abbreviation],Table_SourceData_Common_MonthToSeason[Month],Table_SourceData_Common_MonthToSeason[Season]) -> 300 | L76: =InputFunctions_PastureBeef.LookupLiveweightFromMonth($E$7,$E$8,$D76,L$65,Table_SourceData_PastureBeef_LiveweightAllStates[State],Table_SourceData_PastureBeef_LiveweightAllStates[Region],Table_SourceData_PastureBeef_LiveweightAllStates[Season],Table_SourceData_PastureBeef_LiveweightAllStates[#Headers],Table_SourceData_PastureBeef_LiveweightAllStates[],Table_AustralianStates[Common Name],Table_AustralianStates[Abbreviation],Table_SourceData_Common_MonthToSeason[Month],Table_SourceData_Common_MonthToSeason[Season]) -> 480 | ... N76: =InputFunctions_PastureBeef.LookupLiveweightFromMonth($E$7,$E$8,$D76,N$65,Table_SourceData_PastureBeef_LiveweightAllStates[State],Table_SourceData_PastureBeef_LiveweightAllStates[Region],Table_SourceData_PastureBeef_LiveweightAllStates[Season],Table_SourceData_PastureBeef_LiveweightAllStates[#Headers],Table_SourceData_PastureBeef_LiveweightAllStates[],Table_AustralianStates[Common Name],Table_AustralianStates[Abbreviation],Table_SourceData_Common_MonthToSeason[Month],Table_SourceData_Common_MonthToSeason[Season]) -> 480 | O76: kg/head
D77: =TEXT(EDATE('Input - Site'!$E$12,11), "mmmm yyyy") -> December 2024 | E77: =InputFunctions_PastureBeef.LookupLiveweightFromMonth($E$7,$E$8,$D77,E$65,Table_SourceData_PastureBeef_LiveweightAllStates[State],Table_SourceData_PastureBeef_LiveweightAllStates[Region],Table_SourceData_PastureBeef_LiveweightAllStates[Season],Table_SourceData_PastureBeef_LiveweightAllStates[#Headers],Table_SourceData_PastureBeef_LiveweightAllStates[],Table_AustralianStates[Common Name],Table_AustralianStates[Abbreviation],Table_SourceData_Common_MonthToSeason[Month],Table_SourceData_Common_MonthToSeason[Season]) -> 380 | F77: =InputFunctions_PastureBeef.LookupLiveweightFromMonth($E$7,$E$8,$D77,F$65,Table_SourceData_PastureBeef_LiveweightAllStates[State],Table_SourceData_PastureBeef_LiveweightAllStates[Region],Table_SourceData_PastureBeef_LiveweightAllStates[Season],Table_SourceData_PastureBeef_LiveweightAllStates[#Headers],Table_SourceData_PastureBeef_LiveweightAllStates[],Table_AustralianStates[Common Name],Table_AustralianStates[Abbreviation],Table_SourceData_Common_MonthToSeason[Month],Table_SourceData_Common_MonthToSeason[Season]) -> 780 | G77: =InputFunctions_PastureBeef.LookupLiveweightFromMonth($E$7,$E$8,$D77,G$65,Table_SourceData_PastureBeef_LiveweightAllStates[State],Table_SourceData_PastureBeef_LiveweightAllStates[Region],Table_SourceData_PastureBeef_LiveweightAllStates[Season],Table_SourceData_PastureBeef_LiveweightAllStates[#Headers],Table_SourceData_PastureBeef_LiveweightAllStates[],Table_AustralianStates[Common Name],Table_AustralianStates[Abbreviation],Table_SourceData_Common_MonthToSeason[Month],Table_SourceData_Common_MonthToSeason[Season]) -> 300 | H77: =InputFunctions_PastureBeef.LookupLiveweightFromMonth($E$7,$E$8,$D77,H$65,Table_SourceData_PastureBeef_LiveweightAllStates[State],Table_SourceData_PastureBeef_LiveweightAllStates[Region],Table_SourceData_PastureBeef_LiveweightAllStates[Season],Table_SourceData_PastureBeef_LiveweightAllStates[#Headers],Table_SourceData_PastureBeef_LiveweightAllStates[],Table_AustralianStates[Common Name],Table_AustralianStates[Abbreviation],Table_SourceData_Common_MonthToSeason[Month],Table_SourceData_Common_MonthToSeason[Season]) -> 450 | I77: =InputFunctions_PastureBeef.LookupLiveweightFromMonth($E$7,$E$8,$D77,I$65,Table_SourceData_PastureBeef_LiveweightAllStates[State],Table_SourceData_PastureBeef_LiveweightAllStates[Region],Table_SourceData_PastureBeef_LiveweightAllStates[Season],Table_SourceData_PastureBeef_LiveweightAllStates[#Headers],Table_SourceData_PastureBeef_LiveweightAllStates[],Table_AustralianStates[Common Name],Table_AustralianStates[Abbreviation],Table_SourceData_Common_MonthToSeason[Month],Table_SourceData_Common_MonthToSeason[Season]) -> 530 | J77: =InputFunctions_PastureBeef.LookupLiveweightFromMonth($E$7,$E$8,$D77,J$65,Table_SourceData_PastureBeef_LiveweightAllStates[State],Table_SourceData_PastureBeef_LiveweightAllStates[Region],Table_SourceData_PastureBeef_LiveweightAllStates[Season],Table_SourceData_PastureBeef_LiveweightAllStates[#Headers],Table_SourceData_PastureBeef_LiveweightAllStates[],Table_AustralianStates[Common Name],Table_AustralianStates[Abbreviation],Table_SourceData_Common_MonthToSeason[Month],Table_SourceData_Common_MonthToSeason[Season]) -> 530 | K77: =InputFunctions_PastureBeef.LookupLiveweightFromMonth($E$7,$E$8,$D77,K$65,Table_SourceData_PastureBeef_LiveweightAllStates[State],Table_SourceData_PastureBeef_LiveweightAllStates[Region],Table_SourceData_PastureBeef_LiveweightAllStates[Season],Table_SourceData_PastureBeef_LiveweightAllStates[#Headers],Table_SourceData_PastureBeef_LiveweightAllStates[],Table_AustralianStates[Common Name],Table_AustralianStates[Abbreviation],Table_SourceData_Common_MonthToSeason[Month],Table_SourceData_Common_MonthToSeason[Season]) -> 340 | L77: =InputFunctions_PastureBeef.LookupLiveweightFromMonth($E$7,$E$8,$D77,L$65,Table_SourceData_PastureBeef_LiveweightAllStates[State],Table_SourceData_PastureBeef_LiveweightAllStates[Region],Table_SourceData_PastureBeef_LiveweightAllStates[Season],Table_SourceData_PastureBeef_LiveweightAllStates[#Headers],Table_SourceData_PastureBeef_LiveweightAllStates[],Table_AustralianStates[Common Name],Table_AustralianStates[Abbreviation],Table_SourceData_Common_MonthToSeason[Month],Table_SourceData_Common_MonthToSeason[Season]) -> 470 | ... N77: =InputFunctions_PastureBeef.LookupLiveweightFromMonth($E$7,$E$8,$D77,N$65,Table_SourceData_PastureBeef_LiveweightAllStates[State],Table_SourceData_PastureBeef_LiveweightAllStates[Region],Table_SourceData_PastureBeef_LiveweightAllStates[Season],Table_SourceData_PastureBeef_LiveweightAllStates[#Headers],Table_SourceData_PastureBeef_LiveweightAllStates[],Table_AustralianStates[Common Name],Table_AustralianStates[Abbreviation],Table_SourceData_Common_MonthToSeason[Month],Table_SourceData_Common_MonthToSeason[Season]) -> 470 | O77: kg/head
D80: Liveweight gain
D81: Method 1 default values (do not edit) | E81: Bulls < 1 year | F81: Bulls > 1 year | G81: Cows < 1 year | H81: Cows 1-2 years | I81: Cows 2-3 years | J81: Cows > 3 years | K81: Steers < 1 year | L81: Steers 1-2 years | M81: Steers 2-3 years | N81: Steers >3 years
D82: Spring | E82: =InputFunctions_PastureBeef.LookupLiveweightFromSeason($E$7,$E$8,$D82,E$81,Table_SourceData_PastureBeef_LiveweightGainAllStates[State],Table_SourceData_PastureBeef_LiveweightGainAllStates[Region],Table_SourceData_PastureBeef_LiveweightGainAllStates[Season],Table_SourceData_PastureBeef_LiveweightGainAllStates[#Headers],Table_SourceData_PastureBeef_LiveweightGainAllStates[],Table_AustralianStates[Common Name],Table_AustralianStates[Abbreviation]) -> 1.64 | F82: =InputFunctions_PastureBeef.LookupLiveweightFromSeason($E$7,$E$8,$D82,F$81,Table_SourceData_PastureBeef_LiveweightGainAllStates[State],Table_SourceData_PastureBeef_LiveweightGainAllStates[Region],Table_SourceData_PastureBeef_LiveweightGainAllStates[Season],Table_SourceData_PastureBeef_LiveweightGainAllStates[#Headers],Table_SourceData_PastureBeef_LiveweightGainAllStates[],Table_AustralianStates[Common Name],Table_AustralianStates[Abbreviation]) -> 1.1 | G82: =InputFunctions_PastureBeef.LookupLiveweightFromSeason($E$7,$E$8,$D82,G$81,Table_SourceData_PastureBeef_LiveweightGainAllStates[State],Table_SourceData_PastureBeef_LiveweightGainAllStates[Region],Table_SourceData_PastureBeef_LiveweightGainAllStates[Season],Table_SourceData_PastureBeef_LiveweightGainAllStates[#Headers],Table_SourceData_PastureBeef_LiveweightGainAllStates[],Table_AustralianStates[Common Name],Table_AustralianStates[Abbreviation]) -> 1.21 | H82: =InputFunctions_PastureBeef.LookupLiveweightFromSeason($E$7,$E$8,$D82,H$81,Table_SourceData_PastureBeef_LiveweightGainAllStates[State],Table_SourceData_PastureBeef_LiveweightGainAllStates[Region],Table_SourceData_PastureBeef_LiveweightGainAllStates[Season],Table_SourceData_PastureBeef_LiveweightGainAllStates[#Headers],Table_SourceData_PastureBeef_LiveweightGainAllStates[],Table_AustralianStates[Common Name],Table_AustralianStates[Abbreviation]) -> 0.99 | I82: =InputFunctions_PastureBeef.LookupLiveweightFromSeason($E$7,$E$8,$D82,I$81,Table_SourceData_PastureBeef_LiveweightGainAllStates[State],Table_SourceData_PastureBeef_LiveweightGainAllStates[Region],Table_SourceData_PastureBeef_LiveweightGainAllStates[Season],Table_SourceData_PastureBeef_LiveweightGainAllStates[#Headers],Table_SourceData_PastureBeef_LiveweightGainAllStates[],Table_AustralianStates[Common Name],Table_AustralianStates[Abbreviation]) -> 0.66 | J82: =InputFunctions_PastureBeef.LookupLiveweightFromSeason($E$7,$E$8,$D82,J$81,Table_SourceData_PastureBeef_LiveweightGainAllStates[State],Table_SourceData_PastureBeef_LiveweightGainAllStates[Region],Table_SourceData_PastureBeef_LiveweightGainAllStates[Season],Table_SourceData_PastureBeef_LiveweightGainAllStates[#Headers],Table_SourceData_PastureBeef_LiveweightGainAllStates[],Table_AustralianStates[Common Name],Table_AustralianStates[Abbreviation]) -> 0.66 | K82: =InputFunctions_PastureBeef.LookupLiveweightFromSeason($E$7,$E$8,$D82,K$81,Table_SourceData_PastureBeef_LiveweightGainAllStates[State],Table_SourceData_PastureBeef_LiveweightGainAllStates[Region],Table_SourceData_PastureBeef_LiveweightGainAllStates[Season],Table_SourceData_PastureBeef_LiveweightGainAllStates[#Headers],Table_SourceData_PastureBeef_LiveweightGainAllStates[],Table_AustralianStates[Common Name],Table_AustralianStates[Abbreviation]) -> 1.42 | L82: =InputFunctions_PastureBeef.LookupLiveweightFromSeason($E$7,$E$8,$D82,L$81,Table_SourceData_PastureBeef_LiveweightGainAllStates[State],Table_SourceData_PastureBeef_LiveweightGainAllStates[Region],Table_SourceData_PastureBeef_LiveweightGainAllStates[Season],Table_SourceData_PastureBeef_LiveweightGainAllStates[#Headers],Table_SourceData_PastureBeef_LiveweightGainAllStates[],Table_AustralianStates[Common Name],Table_AustralianStates[Abbreviation]) -> 1.1 | ... N82: =InputFunctions_PastureBeef.LookupLiveweightFromSeason($E$7,$E$8,$D82,N$81,Table_SourceData_PastureBeef_LiveweightGainAllStates[State],Table_SourceData_PastureBeef_LiveweightGainAllStates[Region],Table_SourceData_PastureBeef_LiveweightGainAllStates[Season],Table_SourceData_PastureBeef_LiveweightGainAllStates[#Headers],Table_SourceData_PastureBeef_LiveweightGainAllStates[],Table_AustralianStates[Common Name],Table_AustralianStates[Abbreviation]) -> 1.1 | O82: kg/head/day
D83: Summer | E83: =InputFunctions_PastureBeef.LookupLiveweightFromSeason($E$7,$E$8,$D83,E$81,Table_SourceData_PastureBeef_LiveweightGainAllStates[State],Table_SourceData_PastureBeef_LiveweightGainAllStates[Region],Table_SourceData_PastureBeef_LiveweightGainAllStates[Season],Table_SourceData_PastureBeef_LiveweightGainAllStates[#Headers],Table_SourceData_PastureBeef_LiveweightGainAllStates[],Table_AustralianStates[Common Name],Table_AustralianStates[Abbreviation]) -> 0.44 | F83: =InputFunctions_PastureBeef.LookupLiveweightFromSeason($E$7,$E$8,$D83,F$81,Table_SourceData_PastureBeef_LiveweightGainAllStates[State],Table_SourceData_PastureBeef_LiveweightGainAllStates[Region],Table_SourceData_PastureBeef_LiveweightGainAllStates[Season],Table_SourceData_PastureBeef_LiveweightGainAllStates[#Headers],Table_SourceData_PastureBeef_LiveweightGainAllStates[],Table_AustralianStates[Common Name],Table_AustralianStates[Abbreviation]) -> -0.22 | G83: =InputFunctions_PastureBeef.LookupLiveweightFromSeason($E$7,$E$8,$D83,G$81,Table_SourceData_PastureBeef_LiveweightGainAllStates[State],Table_SourceData_PastureBeef_LiveweightGainAllStates[Region],Table_SourceData_PastureBeef_LiveweightGainAllStates[Season],Table_SourceData_PastureBeef_LiveweightGainAllStates[#Headers],Table_SourceData_PastureBeef_LiveweightGainAllStates[],Table_AustralianStates[Common Name],Table_AustralianStates[Abbreviation]) -> 0.44 | H83: =InputFunctions_PastureBeef.LookupLiveweightFromSeason($E$7,$E$8,$D83,H$81,Table_SourceData_PastureBeef_LiveweightGainAllStates[State],Table_SourceData_PastureBeef_LiveweightGainAllStates[Region],Table_SourceData_PastureBeef_LiveweightGainAllStates[Season],Table_SourceData_PastureBeef_LiveweightGainAllStates[#Headers],Table_SourceData_PastureBeef_LiveweightGainAllStates[],Table_AustralianStates[Common Name],Table_AustralianStates[Abbreviation]) -> 0.33 | I83: =InputFunctions_PastureBeef.LookupLiveweightFromSeason($E$7,$E$8,$D83,I$81,Table_SourceData_PastureBeef_LiveweightGainAllStates[State],Table_SourceData_PastureBeef_LiveweightGainAllStates[Region],Table_SourceData_PastureBeef_LiveweightGainAllStates[Season],Table_SourceData_PastureBeef_LiveweightGainAllStates[#Headers],Table_SourceData_PastureBeef_LiveweightGainAllStates[],Table_AustralianStates[Common Name],Table_AustralianStates[Abbreviation]) -> -0.22 | J83: =InputFunctions_PastureBeef.LookupLiveweightFromSeason($E$7,$E$8,$D83,J$81,Table_SourceData_PastureBeef_LiveweightGainAllStates[State],Table_SourceData_PastureBeef_LiveweightGainAllStates[Region],Table_SourceData_PastureBeef_LiveweightGainAllStates[Season],Table_SourceData_PastureBeef_LiveweightGainAllStates[#Headers],Table_SourceData_PastureBeef_LiveweightGainAllStates[],Table_AustralianStates[Common Name],Table_AustralianStates[Abbreviation]) -> -0.22 | K83: =InputFunctions_PastureBeef.LookupLiveweightFromSeason($E$7,$E$8,$D83,K$81,Table_SourceData_PastureBeef_LiveweightGainAllStates[State],Table_SourceData_PastureBeef_LiveweightGainAllStates[Region],Table_SourceData_PastureBeef_LiveweightGainAllStates[Season],Table_SourceData_PastureBeef_LiveweightGainAllStates[#Headers],Table_SourceData_PastureBeef_LiveweightGainAllStates[],Table_AustralianStates[Common Name],Table_AustralianStates[Abbreviation]) -> 0.44 | L83: =InputFunctions_PastureBeef.LookupLiveweightFromSeason($E$7,$E$8,$D83,L$81,Table_SourceData_PastureBeef_LiveweightGainAllStates[State],Table_SourceData_PastureBeef_LiveweightGainAllStates[Region],Table_SourceData_PastureBeef_LiveweightGainAllStates[Season],Table_SourceData_PastureBeef_LiveweightGainAllStates[#Headers],Table_SourceData_PastureBeef_LiveweightGainAllStates[],Table_AustralianStates[Common Name],Table_AustralianStates[Abbreviation]) -> -0.11 | ... N83: =InputFunctions_PastureBeef.LookupLiveweightFromSeason($E$7,$E$8,$D83,N$81,Table_SourceData_PastureBeef_LiveweightGainAllStates[State],Table_SourceData_PastureBeef_LiveweightGainAllStates[Region],Table_SourceData_PastureBeef_LiveweightGainAllStates[Season],Table_SourceData_PastureBeef_LiveweightGainAllStates[#Headers],Table_SourceData_PastureBeef_LiveweightGainAllStates[],Table_AustralianStates[Common Name],Table_AustralianStates[Abbreviation]) -> -0.11 | O83: kg/head/day
D84: Autumn | E84: =InputFunctions_PastureBeef.LookupLiveweightFromSeason($E$7,$E$8,$D84,E$81,Table_SourceData_PastureBeef_LiveweightGainAllStates[State],Table_SourceData_PastureBeef_LiveweightGainAllStates[Region],Table_SourceData_PastureBeef_LiveweightGainAllStates[Season],Table_SourceData_PastureBeef_LiveweightGainAllStates[#Headers],Table_SourceData_PastureBeef_LiveweightGainAllStates[],Table_AustralianStates[Common Name],Table_AustralianStates[Abbreviation]) -> 0.6 | F84: =InputFunctions_PastureBeef.LookupLiveweightFromSeason($E$7,$E$8,$D84,F$81,Table_SourceData_PastureBeef_LiveweightGainAllStates[State],Table_SourceData_PastureBeef_LiveweightGainAllStates[Region],Table_SourceData_PastureBeef_LiveweightGainAllStates[Season],Table_SourceData_PastureBeef_LiveweightGainAllStates[#Headers],Table_SourceData_PastureBeef_LiveweightGainAllStates[],Table_AustralianStates[Common Name],Table_AustralianStates[Abbreviation]) -> 0 | G84: =InputFunctions_PastureBeef.LookupLiveweightFromSeason($E$7,$E$8,$D84,G$81,Table_SourceData_PastureBeef_LiveweightGainAllStates[State],Table_SourceData_PastureBeef_LiveweightGainAllStates[Region],Table_SourceData_PastureBeef_LiveweightGainAllStates[Season],Table_SourceData_PastureBeef_LiveweightGainAllStates[#Headers],Table_SourceData_PastureBeef_LiveweightGainAllStates[],Table_AustralianStates[Common Name],Table_AustralianStates[Abbreviation]) -> 0.6 | H84: =InputFunctions_PastureBeef.LookupLiveweightFromSeason($E$7,$E$8,$D84,H$81,Table_SourceData_PastureBeef_LiveweightGainAllStates[State],Table_SourceData_PastureBeef_LiveweightGainAllStates[Region],Table_SourceData_PastureBeef_LiveweightGainAllStates[Season],Table_SourceData_PastureBeef_LiveweightGainAllStates[#Headers],Table_SourceData_PastureBeef_LiveweightGainAllStates[],Table_AustralianStates[Common Name],Table_AustralianStates[Abbreviation]) -> 0.22 | I84: =InputFunctions_PastureBeef.LookupLiveweightFromSeason($E$7,$E$8,$D84,I$81,Table_SourceData_PastureBeef_LiveweightGainAllStates[State],Table_SourceData_PastureBeef_LiveweightGainAllStates[Region],Table_SourceData_PastureBeef_LiveweightGainAllStates[Season],Table_SourceData_PastureBeef_LiveweightGainAllStates[#Headers],Table_SourceData_PastureBeef_LiveweightGainAllStates[],Table_AustralianStates[Common Name],Table_AustralianStates[Abbreviation]) -> -0.55 | J84: =InputFunctions_PastureBeef.LookupLiveweightFromSeason($E$7,$E$8,$D84,J$81,Table_SourceData_PastureBeef_LiveweightGainAllStates[State],Table_SourceData_PastureBeef_LiveweightGainAllStates[Region],Table_SourceData_PastureBeef_LiveweightGainAllStates[Season],Table_SourceData_PastureBeef_LiveweightGainAllStates[#Headers],Table_SourceData_PastureBeef_LiveweightGainAllStates[],Table_AustralianStates[Common Name],Table_AustralianStates[Abbreviation]) -> -0.55 | K84: =InputFunctions_PastureBeef.LookupLiveweightFromSeason($E$7,$E$8,$D84,K$81,Table_SourceData_PastureBeef_LiveweightGainAllStates[State],Table_SourceData_PastureBeef_LiveweightGainAllStates[Region],Table_SourceData_PastureBeef_LiveweightGainAllStates[Season],Table_SourceData_PastureBeef_LiveweightGainAllStates[#Headers],Table_SourceData_PastureBeef_LiveweightGainAllStates[],Table_AustralianStates[Common Name],Table_AustralianStates[Abbreviation]) -> 0.6 | L84: =InputFunctions_PastureBeef.LookupLiveweightFromSeason($E$7,$E$8,$D84,L$81,Table_SourceData_PastureBeef_LiveweightGainAllStates[State],Table_SourceData_PastureBeef_LiveweightGainAllStates[Region],Table_SourceData_PastureBeef_LiveweightGainAllStates[Season],Table_SourceData_PastureBeef_LiveweightGainAllStates[#Headers],Table_SourceData_PastureBeef_LiveweightGainAllStates[],Table_AustralianStates[Common Name],Table_AustralianStates[Abbreviation]) -> 0 | ... N84: =InputFunctions_PastureBeef.LookupLiveweightFromSeason($E$7,$E$8,$D84,N$81,Table_SourceData_PastureBeef_LiveweightGainAllStates[State],Table_SourceData_PastureBeef_LiveweightGainAllStates[Region],Table_SourceData_PastureBeef_LiveweightGainAllStates[Season],Table_SourceData_PastureBeef_LiveweightGainAllStates[#Headers],Table_SourceData_PastureBeef_LiveweightGainAllStates[],Table_AustralianStates[Common Name],Table_AustralianStates[Abbreviation]) -> 0 | O84: kg/head/day
D85: Winter | E85: =InputFunctions_PastureBeef.LookupLiveweightFromSeason($E$7,$E$8,$D85,E$81,Table_SourceData_PastureBeef_LiveweightGainAllStates[State],Table_SourceData_PastureBeef_LiveweightGainAllStates[Region],Table_SourceData_PastureBeef_LiveweightGainAllStates[Season],Table_SourceData_PastureBeef_LiveweightGainAllStates[#Headers],Table_SourceData_PastureBeef_LiveweightGainAllStates[],Table_AustralianStates[Common Name],Table_AustralianStates[Abbreviation]) -> 0.99 | F85: =InputFunctions_PastureBeef.LookupLiveweightFromSeason($E$7,$E$8,$D85,F$81,Table_SourceData_PastureBeef_LiveweightGainAllStates[State],Table_SourceData_PastureBeef_LiveweightGainAllStates[Region],Table_SourceData_PastureBeef_LiveweightGainAllStates[Season],Table_SourceData_PastureBeef_LiveweightGainAllStates[#Headers],Table_SourceData_PastureBeef_LiveweightGainAllStates[],Table_AustralianStates[Common Name],Table_AustralianStates[Abbreviation]) -> 0.22 | G85: =InputFunctions_PastureBeef.LookupLiveweightFromSeason($E$7,$E$8,$D85,G$81,Table_SourceData_PastureBeef_LiveweightGainAllStates[State],Table_SourceData_PastureBeef_LiveweightGainAllStates[Region],Table_SourceData_PastureBeef_LiveweightGainAllStates[Season],Table_SourceData_PastureBeef_LiveweightGainAllStates[#Headers],Table_SourceData_PastureBeef_LiveweightGainAllStates[],Table_AustralianStates[Common Name],Table_AustralianStates[Abbreviation]) -> 0.77 | H85: =InputFunctions_PastureBeef.LookupLiveweightFromSeason($E$7,$E$8,$D85,H$81,Table_SourceData_PastureBeef_LiveweightGainAllStates[State],Table_SourceData_PastureBeef_LiveweightGainAllStates[Region],Table_SourceData_PastureBeef_LiveweightGainAllStates[Season],Table_SourceData_PastureBeef_LiveweightGainAllStates[#Headers],Table_SourceData_PastureBeef_LiveweightGainAllStates[],Table_AustralianStates[Common Name],Table_AustralianStates[Abbreviation]) -> 0.11 | I85: =InputFunctions_PastureBeef.LookupLiveweightFromSeason($E$7,$E$8,$D85,I$81,Table_SourceData_PastureBeef_LiveweightGainAllStates[State],Table_SourceData_PastureBeef_LiveweightGainAllStates[Region],Table_SourceData_PastureBeef_LiveweightGainAllStates[Season],Table_SourceData_PastureBeef_LiveweightGainAllStates[#Headers],Table_SourceData_PastureBeef_LiveweightGainAllStates[],Table_AustralianStates[Common Name],Table_AustralianStates[Abbreviation]) -> 0.11 | J85: =InputFunctions_PastureBeef.LookupLiveweightFromSeason($E$7,$E$8,$D85,J$81,Table_SourceData_PastureBeef_LiveweightGainAllStates[State],Table_SourceData_PastureBeef_LiveweightGainAllStates[Region],Table_SourceData_PastureBeef_LiveweightGainAllStates[Season],Table_SourceData_PastureBeef_LiveweightGainAllStates[#Headers],Table_SourceData_PastureBeef_LiveweightGainAllStates[],Table_AustralianStates[Common Name],Table_AustralianStates[Abbreviation]) -> 0.11 | K85: =InputFunctions_PastureBeef.LookupLiveweightFromSeason($E$7,$E$8,$D85,K$81,Table_SourceData_PastureBeef_LiveweightGainAllStates[State],Table_SourceData_PastureBeef_LiveweightGainAllStates[Region],Table_SourceData_PastureBeef_LiveweightGainAllStates[Season],Table_SourceData_PastureBeef_LiveweightGainAllStates[#Headers],Table_SourceData_PastureBeef_LiveweightGainAllStates[],Table_AustralianStates[Common Name],Table_AustralianStates[Abbreviation]) -> 0.77 | L85: =InputFunctions_PastureBeef.LookupLiveweightFromSeason($E$7,$E$8,$D85,L$81,Table_SourceData_PastureBeef_LiveweightGainAllStates[State],Table_SourceData_PastureBeef_LiveweightGainAllStates[Region],Table_SourceData_PastureBeef_LiveweightGainAllStates[Season],Table_SourceData_PastureBeef_LiveweightGainAllStates[#Headers],Table_SourceData_PastureBeef_LiveweightGainAllStates[],Table_AustralianStates[Common Name],Table_AustralianStates[Abbreviation]) -> 0.44 | ... N85: =InputFunctions_PastureBeef.LookupLiveweightFromSeason($E$7,$E$8,$D85,N$81,Table_SourceData_PastureBeef_LiveweightGainAllStates[State],Table_SourceData_PastureBeef_LiveweightGainAllStates[Region],Table_SourceData_PastureBeef_LiveweightGainAllStates[Season],Table_SourceData_PastureBeef_LiveweightGainAllStates[#Headers],Table_SourceData_PastureBeef_LiveweightGainAllStates[],Table_AustralianStates[Common Name],Table_AustralianStates[Abbreviation]) -> 0.44 | O85: kg/head/day
D87: Method 2 custom values (edit if known) | E87: Bulls < 1 year | F87: Bulls > 1 year | G87: Cows < 1 year | H87: Cows 1-2 years | I87: Cows 2-3 years | J87: Cows > 3 years | K87: Steers < 1 year | L87: Steers 1-2 years | M87: Steers 2-3 years | N87: Steers >3 years
D88: =TEXT('Input - Site'!$E$12, "mmmm yyyy") -> January 2024 | E88: =InputFunctions_PastureBeef.LookupLiveweightFromMonth($E$7,$E$8,$D88,E$87,Table_SourceData_PastureBeef_LiveweightGainAllStates[State],Table_SourceData_PastureBeef_LiveweightGainAllStates[Region],Table_SourceData_PastureBeef_LiveweightGainAllStates[Season],Table_SourceData_PastureBeef_LiveweightGainAllStates[#Headers],Table_SourceData_PastureBeef_LiveweightGainAllStates[],Table_AustralianStates[Common Name],Table_AustralianStates[Abbreviation],Table_SourceData_Common_MonthToSeason[Month],Table_SourceData_Common_MonthToSeason[Season]) -> 0.44 | F88: =InputFunctions_PastureBeef.LookupLiveweightFromMonth($E$7,$E$8,$D88,F$87,Table_SourceData_PastureBeef_LiveweightGainAllStates[State],Table_SourceData_PastureBeef_LiveweightGainAllStates[Region],Table_SourceData_PastureBeef_LiveweightGainAllStates[Season],Table_SourceData_PastureBeef_LiveweightGainAllStates[#Headers],Table_SourceData_PastureBeef_LiveweightGainAllStates[],Table_AustralianStates[Common Name],Table_AustralianStates[Abbreviation],Table_SourceData_Common_MonthToSeason[Month],Table_SourceData_Common_MonthToSeason[Season]) -> -0.22 | G88: =InputFunctions_PastureBeef.LookupLiveweightFromMonth($E$7,$E$8,$D88,G$87,Table_SourceData_PastureBeef_LiveweightGainAllStates[State],Table_SourceData_PastureBeef_LiveweightGainAllStates[Region],Table_SourceData_PastureBeef_LiveweightGainAllStates[Season],Table_SourceData_PastureBeef_LiveweightGainAllStates[#Headers],Table_SourceData_PastureBeef_LiveweightGainAllStates[],Table_AustralianStates[Common Name],Table_AustralianStates[Abbreviation],Table_SourceData_Common_MonthToSeason[Month],Table_SourceData_Common_MonthToSeason[Season]) -> 0.44 | H88: =InputFunctions_PastureBeef.LookupLiveweightFromMonth($E$7,$E$8,$D88,H$87,Table_SourceData_PastureBeef_LiveweightGainAllStates[State],Table_SourceData_PastureBeef_LiveweightGainAllStates[Region],Table_SourceData_PastureBeef_LiveweightGainAllStates[Season],Table_SourceData_PastureBeef_LiveweightGainAllStates[#Headers],Table_SourceData_PastureBeef_LiveweightGainAllStates[],Table_AustralianStates[Common Name],Table_AustralianStates[Abbreviation],Table_SourceData_Common_MonthToSeason[Month],Table_SourceData_Common_MonthToSeason[Season]) -> 0.33 | I88: =InputFunctions_PastureBeef.LookupLiveweightFromMonth($E$7,$E$8,$D88,I$87,Table_SourceData_PastureBeef_LiveweightGainAllStates[State],Table_SourceData_PastureBeef_LiveweightGainAllStates[Region],Table_SourceData_PastureBeef_LiveweightGainAllStates[Season],Table_SourceData_PastureBeef_LiveweightGainAllStates[#Headers],Table_SourceData_PastureBeef_LiveweightGainAllStates[],Table_AustralianStates[Common Name],Table_AustralianStates[Abbreviation],Table_SourceData_Common_MonthToSeason[Month],Table_SourceData_Common_MonthToSeason[Season]) -> -0.22 | J88: =InputFunctions_PastureBeef.LookupLiveweightFromMonth($E$7,$E$8,$D88,J$87,Table_SourceData_PastureBeef_LiveweightGainAllStates[State],Table_SourceData_PastureBeef_LiveweightGainAllStates[Region],Table_SourceData_PastureBeef_LiveweightGainAllStates[Season],Table_SourceData_PastureBeef_LiveweightGainAllStates[#Headers],Table_SourceData_PastureBeef_LiveweightGainAllStates[],Table_AustralianStates[Common Name],Table_AustralianStates[Abbreviation],Table_SourceData_Common_MonthToSeason[Month],Table_SourceData_Common_MonthToSeason[Season]) -> -0.22 | K88: =InputFunctions_PastureBeef.LookupLiveweightFromMonth($E$7,$E$8,$D88,K$87,Table_SourceData_PastureBeef_LiveweightGainAllStates[State],Table_SourceData_PastureBeef_LiveweightGainAllStates[Region],Table_SourceData_PastureBeef_LiveweightGainAllStates[Season],Table_SourceData_PastureBeef_LiveweightGainAllStates[#Headers],Table_SourceData_PastureBeef_LiveweightGainAllStates[],Table_AustralianStates[Common Name],Table_AustralianStates[Abbreviation],Table_SourceData_Common_MonthToSeason[Month],Table_SourceData_Common_MonthToSeason[Season]) -> 0.44 | L88: =InputFunctions_PastureBeef.LookupLiveweightFromMonth($E$7,$E$8,$D88,L$87,Table_SourceData_PastureBeef_LiveweightGainAllStates[State],Table_SourceData_PastureBeef_LiveweightGainAllStates[Region],Table_SourceData_PastureBeef_LiveweightGainAllStates[Season],Table_SourceData_PastureBeef_LiveweightGainAllStates[#Headers],Table_SourceData_PastureBeef_LiveweightGainAllStates[],Table_AustralianStates[Common Name],Table_AustralianStates[Abbreviation],Table_SourceData_Common_MonthToSeason[Month],Table_SourceData_Common_MonthToSeason[Season]) -> -0.11 | ... N88: =InputFunctions_PastureBeef.LookupLiveweightFromMonth($E$7,$E$8,$D88,N$87,Table_SourceData_PastureBeef_LiveweightGainAllStates[State],Table_SourceData_PastureBeef_LiveweightGainAllStates[Region],Table_SourceData_PastureBeef_LiveweightGainAllStates[Season],Table_SourceData_PastureBeef_LiveweightGainAllStates[#Headers],Table_SourceData_PastureBeef_LiveweightGainAllStates[],Table_AustralianStates[Common Name],Table_AustralianStates[Abbreviation],Table_SourceData_Common_MonthToSeason[Month],Table_SourceData_Common_MonthToSeason[Season]) -> -0.11 | O88: kg/head/day
D89: =TEXT(EDATE('Input - Site'!$E$12,1), "mmmm yyyy") -> February 2024 | E89: =InputFunctions_PastureBeef.LookupLiveweightFromMonth($E$7,$E$8,$D89,E$87,Table_SourceData_PastureBeef_LiveweightGainAllStates[State],Table_SourceData_PastureBeef_LiveweightGainAllStates[Region],Table_SourceData_PastureBeef_LiveweightGainAllStates[Season],Table_SourceData_PastureBeef_LiveweightGainAllStates[#Headers],Table_SourceData_PastureBeef_LiveweightGainAllStates[],Table_AustralianStates[Common Name],Table_AustralianStates[Abbreviation],Table_SourceData_Common_MonthToSeason[Month],Table_SourceData_Common_MonthToSeason[Season]) -> 0.44 | F89: =InputFunctions_PastureBeef.LookupLiveweightFromMonth($E$7,$E$8,$D89,F$87,Table_SourceData_PastureBeef_LiveweightGainAllStates[State],Table_SourceData_PastureBeef_LiveweightGainAllStates[Region],Table_SourceData_PastureBeef_LiveweightGainAllStates[Season],Table_SourceData_PastureBeef_LiveweightGainAllStates[#Headers],Table_SourceData_PastureBeef_LiveweightGainAllStates[],Table_AustralianStates[Common Name],Table_AustralianStates[Abbreviation],Table_SourceData_Common_MonthToSeason[Month],Table_SourceData_Common_MonthToSeason[Season]) -> -0.22 | G89: =InputFunctions_PastureBeef.LookupLiveweightFromMonth($E$7,$E$8,$D89,G$87,Table_SourceData_PastureBeef_LiveweightGainAllStates[State],Table_SourceData_PastureBeef_LiveweightGainAllStates[Region],Table_SourceData_PastureBeef_LiveweightGainAllStates[Season],Table_SourceData_PastureBeef_LiveweightGainAllStates[#Headers],Table_SourceData_PastureBeef_LiveweightGainAllStates[],Table_AustralianStates[Common Name],Table_AustralianStates[Abbreviation],Table_SourceData_Common_MonthToSeason[Month],Table_SourceData_Common_MonthToSeason[Season]) -> 0.44 | H89: =InputFunctions_PastureBeef.LookupLiveweightFromMonth($E$7,$E$8,$D89,H$87,Table_SourceData_PastureBeef_LiveweightGainAllStates[State],Table_SourceData_PastureBeef_LiveweightGainAllStates[Region],Table_SourceData_PastureBeef_LiveweightGainAllStates[Season],Table_SourceData_PastureBeef_LiveweightGainAllStates[#Headers],Table_SourceData_PastureBeef_LiveweightGainAllStates[],Table_AustralianStates[Common Name],Table_AustralianStates[Abbreviation],Table_SourceData_Common_MonthToSeason[Month],Table_SourceData_Common_MonthToSeason[Season]) -> 0.33 | I89: =InputFunctions_PastureBeef.LookupLiveweightFromMonth($E$7,$E$8,$D89,I$87,Table_SourceData_PastureBeef_LiveweightGainAllStates[State],Table_SourceData_PastureBeef_LiveweightGainAllStates[Region],Table_SourceData_PastureBeef_LiveweightGainAllStates[Season],Table_SourceData_PastureBeef_LiveweightGainAllStates[#Headers],Table_SourceData_PastureBeef_LiveweightGainAllStates[],Table_AustralianStates[Common Name],Table_AustralianStates[Abbreviation],Table_SourceData_Common_MonthToSeason[Month],Table_SourceData_Common_MonthToSeason[Season]) -> -0.22 | J89: =InputFunctions_PastureBeef.LookupLiveweightFromMonth($E$7,$E$8,$D89,J$87,Table_SourceData_PastureBeef_LiveweightGainAllStates[State],Table_SourceData_PastureBeef_LiveweightGainAllStates[Region],Table_SourceData_PastureBeef_LiveweightGainAllStates[Season],Table_SourceData_PastureBeef_LiveweightGainAllStates[#Headers],Table_SourceData_PastureBeef_LiveweightGainAllStates[],Table_AustralianStates[Common Name],Table_AustralianStates[Abbreviation],Table_SourceData_Common_MonthToSeason[Month],Table_SourceData_Common_MonthToSeason[Season]) -> -0.22 | K89: =InputFunctions_PastureBeef.LookupLiveweightFromMonth($E$7,$E$8,$D89,K$87,Table_SourceData_PastureBeef_LiveweightGainAllStates[State],Table_SourceData_PastureBeef_LiveweightGainAllStates[Region],Table_SourceData_PastureBeef_LiveweightGainAllStates[Season],Table_SourceData_PastureBeef_LiveweightGainAllStates[#Headers],Table_SourceData_PastureBeef_LiveweightGainAllStates[],Table_AustralianStates[Common Name],Table_AustralianStates[Abbreviation],Table_SourceData_Common_MonthToSeason[Month],Table_SourceData_Common_MonthToSeason[Season]) -> 0.44 | L89: =InputFunctions_PastureBeef.LookupLiveweightFromMonth($E$7,$E$8,$D89,L$87,Table_SourceData_PastureBeef_LiveweightGainAllStates[State],Table_SourceData_PastureBeef_LiveweightGainAllStates[Region],Table_SourceData_PastureBeef_LiveweightGainAllStates[Season],Table_SourceData_PastureBeef_LiveweightGainAllStates[#Headers],Table_SourceData_PastureBeef_LiveweightGainAllStates[],Table_AustralianStates[Common Name],Table_AustralianStates[Abbreviation],Table_SourceData_Common_MonthToSeason[Month],Table_SourceData_Common_MonthToSeason[Season]) -> -0.11 | ... N89: =InputFunctions_PastureBeef.LookupLiveweightFromMonth($E$7,$E$8,$D89,N$87,Table_SourceData_PastureBeef_LiveweightGainAllStates[State],Table_SourceData_PastureBeef_LiveweightGainAllStates[Region],Table_SourceData_PastureBeef_LiveweightGainAllStates[Season],Table_SourceData_PastureBeef_LiveweightGainAllStates[#Headers],Table_SourceData_PastureBeef_LiveweightGainAllStates[],Table_AustralianStates[Common Name],Table_AustralianStates[Abbreviation],Table_SourceData_Common_MonthToSeason[Month],Table_SourceData_Common_MonthToSeason[Season]) -> -0.11 | O89: kg/head/day
D90: =TEXT(EDATE('Input - Site'!$E$12,2), "mmmm yyyy") -> March 2024 | E90: =InputFunctions_PastureBeef.LookupLiveweightFromMonth($E$7,$E$8,$D90,E$87,Table_SourceData_PastureBeef_LiveweightGainAllStates[State],Table_SourceData_PastureBeef_LiveweightGainAllStates[Region],Table_SourceData_PastureBeef_LiveweightGainAllStates[Season],Table_SourceData_PastureBeef_LiveweightGainAllStates[#Headers],Table_SourceData_PastureBeef_LiveweightGainAllStates[],Table_AustralianStates[Common Name],Table_AustralianStates[Abbreviation],Table_SourceData_Common_MonthToSeason[Month],Table_SourceData_Common_MonthToSeason[Season]) -> 0.6 | F90: =InputFunctions_PastureBeef.LookupLiveweightFromMonth($E$7,$E$8,$D90,F$87,Table_SourceData_PastureBeef_LiveweightGainAllStates[State],Table_SourceData_PastureBeef_LiveweightGainAllStates[Region],Table_SourceData_PastureBeef_LiveweightGainAllStates[Season],Table_SourceData_PastureBeef_LiveweightGainAllStates[#Headers],Table_SourceData_PastureBeef_LiveweightGainAllStates[],Table_AustralianStates[Common Name],Table_AustralianStates[Abbreviation],Table_SourceData_Common_MonthToSeason[Month],Table_SourceData_Common_MonthToSeason[Season]) -> 0 | G90: =InputFunctions_PastureBeef.LookupLiveweightFromMonth($E$7,$E$8,$D90,G$87,Table_SourceData_PastureBeef_LiveweightGainAllStates[State],Table_SourceData_PastureBeef_LiveweightGainAllStates[Region],Table_SourceData_PastureBeef_LiveweightGainAllStates[Season],Table_SourceData_PastureBeef_LiveweightGainAllStates[#Headers],Table_SourceData_PastureBeef_LiveweightGainAllStates[],Table_AustralianStates[Common Name],Table_AustralianStates[Abbreviation],Table_SourceData_Common_MonthToSeason[Month],Table_SourceData_Common_MonthToSeason[Season]) -> 0.6 | H90: =InputFunctions_PastureBeef.LookupLiveweightFromMonth($E$7,$E$8,$D90,H$87,Table_SourceData_PastureBeef_LiveweightGainAllStates[State],Table_SourceData_PastureBeef_LiveweightGainAllStates[Region],Table_SourceData_PastureBeef_LiveweightGainAllStates[Season],Table_SourceData_PastureBeef_LiveweightGainAllStates[#Headers],Table_SourceData_PastureBeef_LiveweightGainAllStates[],Table_AustralianStates[Common Name],Table_AustralianStates[Abbreviation],Table_SourceData_Common_MonthToSeason[Month],Table_SourceData_Common_MonthToSeason[Season]) -> 0.22 | I90: =InputFunctions_PastureBeef.LookupLiveweightFromMonth($E$7,$E$8,$D90,I$87,Table_SourceData_PastureBeef_LiveweightGainAllStates[State],Table_SourceData_PastureBeef_LiveweightGainAllStates[Region],Table_SourceData_PastureBeef_LiveweightGainAllStates[Season],Table_SourceData_PastureBeef_LiveweightGainAllStates[#Headers],Table_SourceData_PastureBeef_LiveweightGainAllStates[],Table_AustralianStates[Common Name],Table_AustralianStates[Abbreviation],Table_SourceData_Common_MonthToSeason[Month],Table_SourceData_Common_MonthToSeason[Season]) -> -0.55 | J90: =InputFunctions_PastureBeef.LookupLiveweightFromMonth($E$7,$E$8,$D90,J$87,Table_SourceData_PastureBeef_LiveweightGainAllStates[State],Table_SourceData_PastureBeef_LiveweightGainAllStates[Region],Table_SourceData_PastureBeef_LiveweightGainAllStates[Season],Table_SourceData_PastureBeef_LiveweightGainAllStates[#Headers],Table_SourceData_PastureBeef_LiveweightGainAllStates[],Table_AustralianStates[Common Name],Table_AustralianStates[Abbreviation],Table_SourceData_Common_MonthToSeason[Month],Table_SourceData_Common_MonthToSeason[Season]) -> -0.55 | K90: =InputFunctions_PastureBeef.LookupLiveweightFromMonth($E$7,$E$8,$D90,K$87,Table_SourceData_PastureBeef_LiveweightGainAllStates[State],Table_SourceData_PastureBeef_LiveweightGainAllStates[Region],Table_SourceData_PastureBeef_LiveweightGainAllStates[Season],Table_SourceData_PastureBeef_LiveweightGainAllStates[#Headers],Table_SourceData_PastureBeef_LiveweightGainAllStates[],Table_AustralianStates[Common Name],Table_AustralianStates[Abbreviation],Table_SourceData_Common_MonthToSeason[Month],Table_SourceData_Common_MonthToSeason[Season]) -> 0.6 | L90: =InputFunctions_PastureBeef.LookupLiveweightFromMonth($E$7,$E$8,$D90,L$87,Table_SourceData_PastureBeef_LiveweightGainAllStates[State],Table_SourceData_PastureBeef_LiveweightGainAllStates[Region],Table_SourceData_PastureBeef_LiveweightGainAllStates[Season],Table_SourceData_PastureBeef_LiveweightGainAllStates[#Headers],Table_SourceData_PastureBeef_LiveweightGainAllStates[],Table_AustralianStates[Common Name],Table_AustralianStates[Abbreviation],Table_SourceData_Common_MonthToSeason[Month],Table_SourceData_Common_MonthToSeason[Season]) -> 0 | ... N90: =InputFunctions_PastureBeef.LookupLiveweightFromMonth($E$7,$E$8,$D90,N$87,Table_SourceData_PastureBeef_LiveweightGainAllStates[State],Table_SourceData_PastureBeef_LiveweightGainAllStates[Region],Table_SourceData_PastureBeef_LiveweightGainAllStates[Season],Table_SourceData_PastureBeef_LiveweightGainAllStates[#Headers],Table_SourceData_PastureBeef_LiveweightGainAllStates[],Table_AustralianStates[Common Name],Table_AustralianStates[Abbreviation],Table_SourceData_Common_MonthToSeason[Month],Table_SourceData_Common_MonthToSeason[Season]) -> 0 | O90: kg/head/day
D91: =TEXT(EDATE('Input - Site'!$E$12,3), "mmmm yyyy") -> April 2024 | E91: =InputFunctions_PastureBeef.LookupLiveweightFromMonth($E$7,$E$8,$D91,E$87,Table_SourceData_PastureBeef_LiveweightGainAllStates[State],Table_SourceData_PastureBeef_LiveweightGainAllStates[Region],Table_SourceData_PastureBeef_LiveweightGainAllStates[Season],Table_SourceData_PastureBeef_LiveweightGainAllStates[#Headers],Table_SourceData_PastureBeef_LiveweightGainAllStates[],Table_AustralianStates[Common Name],Table_AustralianStates[Abbreviation],Table_SourceData_Common_MonthToSeason[Month],Table_SourceData_Common_MonthToSeason[Season]) -> 0.6 | F91: =InputFunctions_PastureBeef.LookupLiveweightFromMonth($E$7,$E$8,$D91,F$87,Table_SourceData_PastureBeef_LiveweightGainAllStates[State],Table_SourceData_PastureBeef_LiveweightGainAllStates[Region],Table_SourceData_PastureBeef_LiveweightGainAllStates[Season],Table_SourceData_PastureBeef_LiveweightGainAllStates[#Headers],Table_SourceData_PastureBeef_LiveweightGainAllStates[],Table_AustralianStates[Common Name],Table_AustralianStates[Abbreviation],Table_SourceData_Common_MonthToSeason[Month],Table_SourceData_Common_MonthToSeason[Season]) -> 0 | G91: =InputFunctions_PastureBeef.LookupLiveweightFromMonth($E$7,$E$8,$D91,G$87,Table_SourceData_PastureBeef_LiveweightGainAllStates[State],Table_SourceData_PastureBeef_LiveweightGainAllStates[Region],Table_SourceData_PastureBeef_LiveweightGainAllStates[Season],Table_SourceData_PastureBeef_LiveweightGainAllStates[#Headers],Table_SourceData_PastureBeef_LiveweightGainAllStates[],Table_AustralianStates[Common Name],Table_AustralianStates[Abbreviation],Table_SourceData_Common_MonthToSeason[Month],Table_SourceData_Common_MonthToSeason[Season]) -> 0.6 | H91: =InputFunctions_PastureBeef.LookupLiveweightFromMonth($E$7,$E$8,$D91,H$87,Table_SourceData_PastureBeef_LiveweightGainAllStates[State],Table_SourceData_PastureBeef_LiveweightGainAllStates[Region],Table_SourceData_PastureBeef_LiveweightGainAllStates[Season],Table_SourceData_PastureBeef_LiveweightGainAllStates[#Headers],Table_SourceData_PastureBeef_LiveweightGainAllStates[],Table_AustralianStates[Common Name],Table_AustralianStates[Abbreviation],Table_SourceData_Common_MonthToSeason[Month],Table_SourceData_Common_MonthToSeason[Season]) -> 0.22 | I91: =InputFunctions_PastureBeef.LookupLiveweightFromMonth($E$7,$E$8,$D91,I$87,Table_SourceData_PastureBeef_LiveweightGainAllStates[State],Table_SourceData_PastureBeef_LiveweightGainAllStates[Region],Table_SourceData_PastureBeef_LiveweightGainAllStates[Season],Table_SourceData_PastureBeef_LiveweightGainAllStates[#Headers],Table_SourceData_PastureBeef_LiveweightGainAllStates[],Table_AustralianStates[Common Name],Table_AustralianStates[Abbreviation],Table_SourceData_Common_MonthToSeason[Month],Table_SourceData_Common_MonthToSeason[Season]) -> -0.55 | J91: =InputFunctions_PastureBeef.LookupLiveweightFromMonth($E$7,$E$8,$D91,J$87,Table_SourceData_PastureBeef_LiveweightGainAllStates[State],Table_SourceData_PastureBeef_LiveweightGainAllStates[Region],Table_SourceData_PastureBeef_LiveweightGainAllStates[Season],Table_SourceData_PastureBeef_LiveweightGainAllStates[#Headers],Table_SourceData_PastureBeef_LiveweightGainAllStates[],Table_AustralianStates[Common Name],Table_AustralianStates[Abbreviation],Table_SourceData_Common_MonthToSeason[Month],Table_SourceData_Common_MonthToSeason[Season]) -> -0.55 | K91: =InputFunctions_PastureBeef.LookupLiveweightFromMonth($E$7,$E$8,$D91,K$87,Table_SourceData_PastureBeef_LiveweightGainAllStates[State],Table_SourceData_PastureBeef_LiveweightGainAllStates[Region],Table_SourceData_PastureBeef_LiveweightGainAllStates[Season],Table_SourceData_PastureBeef_LiveweightGainAllStates[#Headers],Table_SourceData_PastureBeef_LiveweightGainAllStates[],Table_AustralianStates[Common Name],Table_AustralianStates[Abbreviation],Table_SourceData_Common_MonthToSeason[Month],Table_SourceData_Common_MonthToSeason[Season]) -> 0.6 | L91: =InputFunctions_PastureBeef.LookupLiveweightFromMonth($E$7,$E$8,$D91,L$87,Table_SourceData_PastureBeef_LiveweightGainAllStates[State],Table_SourceData_PastureBeef_LiveweightGainAllStates[Region],Table_SourceData_PastureBeef_LiveweightGainAllStates[Season],Table_SourceData_PastureBeef_LiveweightGainAllStates[#Headers],Table_SourceData_PastureBeef_LiveweightGainAllStates[],Table_AustralianStates[Common Name],Table_AustralianStates[Abbreviation],Table_SourceData_Common_MonthToSeason[Month],Table_SourceData_Common_MonthToSeason[Season]) -> 0 | ... N91: =InputFunctions_PastureBeef.LookupLiveweightFromMonth($E$7,$E$8,$D91,N$87,Table_SourceData_PastureBeef_LiveweightGainAllStates[State],Table_SourceData_PastureBeef_LiveweightGainAllStates[Region],Table_SourceData_PastureBeef_LiveweightGainAllStates[Season],Table_SourceData_PastureBeef_LiveweightGainAllStates[#Headers],Table_SourceData_PastureBeef_LiveweightGainAllStates[],Table_AustralianStates[Common Name],Table_AustralianStates[Abbreviation],Table_SourceData_Common_MonthToSeason[Month],Table_SourceData_Common_MonthToSeason[Season]) -> 0 | O91: kg/head/day
D92: =TEXT(EDATE('Input - Site'!$E$12,4), "mmmm yyyy") -> May 2024 | E92: =InputFunctions_PastureBeef.LookupLiveweightFromMonth($E$7,$E$8,$D92,E$87,Table_SourceData_PastureBeef_LiveweightGainAllStates[State],Table_SourceData_PastureBeef_LiveweightGainAllStates[Region],Table_SourceData_PastureBeef_LiveweightGainAllStates[Season],Table_SourceData_PastureBeef_LiveweightGainAllStates[#Headers],Table_SourceData_PastureBeef_LiveweightGainAllStates[],Table_AustralianStates[Common Name],Table_AustralianStates[Abbreviation],Table_SourceData_Common_MonthToSeason[Month],Table_SourceData_Common_MonthToSeason[Season]) -> 0.6 | F92: =InputFunctions_PastureBeef.LookupLiveweightFromMonth($E$7,$E$8,$D92,F$87,Table_SourceData_PastureBeef_LiveweightGainAllStates[State],Table_SourceData_PastureBeef_LiveweightGainAllStates[Region],Table_SourceData_PastureBeef_LiveweightGainAllStates[Season],Table_SourceData_PastureBeef_LiveweightGainAllStates[#Headers],Table_SourceData_PastureBeef_LiveweightGainAllStates[],Table_AustralianStates[Common Name],Table_AustralianStates[Abbreviation],Table_SourceData_Common_MonthToSeason[Month],Table_SourceData_Common_MonthToSeason[Season]) -> 0 | G92: =InputFunctions_PastureBeef.LookupLiveweightFromMonth($E$7,$E$8,$D92,G$87,Table_SourceData_PastureBeef_LiveweightGainAllStates[State],Table_SourceData_PastureBeef_LiveweightGainAllStates[Region],Table_SourceData_PastureBeef_LiveweightGainAllStates[Season],Table_SourceData_PastureBeef_LiveweightGainAllStates[#Headers],Table_SourceData_PastureBeef_LiveweightGainAllStates[],Table_AustralianStates[Common Name],Table_AustralianStates[Abbreviation],Table_SourceData_Common_MonthToSeason[Month],Table_SourceData_Common_MonthToSeason[Season]) -> 0.6 | H92: =InputFunctions_PastureBeef.LookupLiveweightFromMonth($E$7,$E$8,$D92,H$87,Table_SourceData_PastureBeef_LiveweightGainAllStates[State],Table_SourceData_PastureBeef_LiveweightGainAllStates[Region],Table_SourceData_PastureBeef_LiveweightGainAllStates[Season],Table_SourceData_PastureBeef_LiveweightGainAllStates[#Headers],Table_SourceData_PastureBeef_LiveweightGainAllStates[],Table_AustralianStates[Common Name],Table_AustralianStates[Abbreviation],Table_SourceData_Common_MonthToSeason[Month],Table_SourceData_Common_MonthToSeason[Season]) -> 0.22 | I92: =InputFunctions_PastureBeef.LookupLiveweightFromMonth($E$7,$E$8,$D92,I$87,Table_SourceData_PastureBeef_LiveweightGainAllStates[State],Table_SourceData_PastureBeef_LiveweightGainAllStates[Region],Table_SourceData_PastureBeef_LiveweightGainAllStates[Season],Table_SourceData_PastureBeef_LiveweightGainAllStates[#Headers],Table_SourceData_PastureBeef_LiveweightGainAllStates[],Table_AustralianStates[Common Name],Table_AustralianStates[Abbreviation],Table_SourceData_Common_MonthToSeason[Month],Table_SourceData_Common_MonthToSeason[Season]) -> -0.55 | J92: =InputFunctions_PastureBeef.LookupLiveweightFromMonth($E$7,$E$8,$D92,J$87,Table_SourceData_PastureBeef_LiveweightGainAllStates[State],Table_SourceData_PastureBeef_LiveweightGainAllStates[Region],Table_SourceData_PastureBeef_LiveweightGainAllStates[Season],Table_SourceData_PastureBeef_LiveweightGainAllStates[#Headers],Table_SourceData_PastureBeef_LiveweightGainAllStates[],Table_AustralianStates[Common Name],Table_AustralianStates[Abbreviation],Table_SourceData_Common_MonthToSeason[Month],Table_SourceData_Common_MonthToSeason[Season]) -> -0.55 | K92: =InputFunctions_PastureBeef.LookupLiveweightFromMonth($E$7,$E$8,$D92,K$87,Table_SourceData_PastureBeef_LiveweightGainAllStates[State],Table_SourceData_PastureBeef_LiveweightGainAllStates[Region],Table_SourceData_PastureBeef_LiveweightGainAllStates[Season],Table_SourceData_PastureBeef_LiveweightGainAllStates[#Headers],Table_SourceData_PastureBeef_LiveweightGainAllStates[],Table_AustralianStates[Common Name],Table_AustralianStates[Abbreviation],Table_SourceData_Common_MonthToSeason[Month],Table_SourceData_Common_MonthToSeason[Season]) -> 0.6 | L92: =InputFunctions_PastureBeef.LookupLiveweightFromMonth($E$7,$E$8,$D92,L$87,Table_SourceData_PastureBeef_LiveweightGainAllStates[State],Table_SourceData_PastureBeef_LiveweightGainAllStates[Region],Table_SourceData_PastureBeef_LiveweightGainAllStates[Season],Table_SourceData_PastureBeef_LiveweightGainAllStates[#Headers],Table_SourceData_PastureBeef_LiveweightGainAllStates[],Table_AustralianStates[Common Name],Table_AustralianStates[Abbreviation],Table_SourceData_Common_MonthToSeason[Month],Table_SourceData_Common_MonthToSeason[Season]) -> 0 | ... N92: =InputFunctions_PastureBeef.LookupLiveweightFromMonth($E$7,$E$8,$D92,N$87,Table_SourceData_PastureBeef_LiveweightGainAllStates[State],Table_SourceData_PastureBeef_LiveweightGainAllStates[Region],Table_SourceData_PastureBeef_LiveweightGainAllStates[Season],Table_SourceData_PastureBeef_LiveweightGainAllStates[#Headers],Table_SourceData_PastureBeef_LiveweightGainAllStates[],Table_AustralianStates[Common Name],Table_AustralianStates[Abbreviation],Table_SourceData_Common_MonthToSeason[Month],Table_SourceData_Common_MonthToSeason[Season]) -> 0 | O92: kg/head/day
D93: =TEXT(EDATE('Input - Site'!$E$12,5), "mmmm yyyy") -> June 2024 | E93: =InputFunctions_PastureBeef.LookupLiveweightFromMonth($E$7,$E$8,$D93,E$87,Table_SourceData_PastureBeef_LiveweightGainAllStates[State],Table_SourceData_PastureBeef_LiveweightGainAllStates[Region],Table_SourceData_PastureBeef_LiveweightGainAllStates[Season],Table_SourceData_PastureBeef_LiveweightGainAllStates[#Headers],Table_SourceData_PastureBeef_LiveweightGainAllStates[],Table_AustralianStates[Common Name],Table_AustralianStates[Abbreviation],Table_SourceData_Common_MonthToSeason[Month],Table_SourceData_Common_MonthToSeason[Season]) -> 0.99 | F93: =InputFunctions_PastureBeef.LookupLiveweightFromMonth($E$7,$E$8,$D93,F$87,Table_SourceData_PastureBeef_LiveweightGainAllStates[State],Table_SourceData_PastureBeef_LiveweightGainAllStates[Region],Table_SourceData_PastureBeef_LiveweightGainAllStates[Season],Table_SourceData_PastureBeef_LiveweightGainAllStates[#Headers],Table_SourceData_PastureBeef_LiveweightGainAllStates[],Table_AustralianStates[Common Name],Table_AustralianStates[Abbreviation],Table_SourceData_Common_MonthToSeason[Month],Table_SourceData_Common_MonthToSeason[Season]) -> 0.22 | G93: =InputFunctions_PastureBeef.LookupLiveweightFromMonth($E$7,$E$8,$D93,G$87,Table_SourceData_PastureBeef_LiveweightGainAllStates[State],Table_SourceData_PastureBeef_LiveweightGainAllStates[Region],Table_SourceData_PastureBeef_LiveweightGainAllStates[Season],Table_SourceData_PastureBeef_LiveweightGainAllStates[#Headers],Table_SourceData_PastureBeef_LiveweightGainAllStates[],Table_AustralianStates[Common Name],Table_AustralianStates[Abbreviation],Table_SourceData_Common_MonthToSeason[Month],Table_SourceData_Common_MonthToSeason[Season]) -> 0.77 | H93: =InputFunctions_PastureBeef.LookupLiveweightFromMonth($E$7,$E$8,$D93,H$87,Table_SourceData_PastureBeef_LiveweightGainAllStates[State],Table_SourceData_PastureBeef_LiveweightGainAllStates[Region],Table_SourceData_PastureBeef_LiveweightGainAllStates[Season],Table_SourceData_PastureBeef_LiveweightGainAllStates[#Headers],Table_SourceData_PastureBeef_LiveweightGainAllStates[],Table_AustralianStates[Common Name],Table_AustralianStates[Abbreviation],Table_SourceData_Common_MonthToSeason[Month],Table_SourceData_Common_MonthToSeason[Season]) -> 0.11 | I93: =InputFunctions_PastureBeef.LookupLiveweightFromMonth($E$7,$E$8,$D93,I$87,Table_SourceData_PastureBeef_LiveweightGainAllStates[State],Table_SourceData_PastureBeef_LiveweightGainAllStates[Region],Table_SourceData_PastureBeef_LiveweightGainAllStates[Season],Table_SourceData_PastureBeef_LiveweightGainAllStates[#Headers],Table_SourceData_PastureBeef_LiveweightGainAllStates[],Table_AustralianStates[Common Name],Table_AustralianStates[Abbreviation],Table_SourceData_Common_MonthToSeason[Month],Table_SourceData_Common_MonthToSeason[Season]) -> 0.11 | J93: =InputFunctions_PastureBeef.LookupLiveweightFromMonth($E$7,$E$8,$D93,J$87,Table_SourceData_PastureBeef_LiveweightGainAllStates[State],Table_SourceData_PastureBeef_LiveweightGainAllStates[Region],Table_SourceData_PastureBeef_LiveweightGainAllStates[Season],Table_SourceData_PastureBeef_LiveweightGainAllStates[#Headers],Table_SourceData_PastureBeef_LiveweightGainAllStates[],Table_AustralianStates[Common Name],Table_AustralianStates[Abbreviation],Table_SourceData_Common_MonthToSeason[Month],Table_SourceData_Common_MonthToSeason[Season]) -> 0.11 | K93: =InputFunctions_PastureBeef.LookupLiveweightFromMonth($E$7,$E$8,$D93,K$87,Table_SourceData_PastureBeef_LiveweightGainAllStates[State],Table_SourceData_PastureBeef_LiveweightGainAllStates[Region],Table_SourceData_PastureBeef_LiveweightGainAllStates[Season],Table_SourceData_PastureBeef_LiveweightGainAllStates[#Headers],Table_SourceData_PastureBeef_LiveweightGainAllStates[],Table_AustralianStates[Common Name],Table_AustralianStates[Abbreviation],Table_SourceData_Common_MonthToSeason[Month],Table_SourceData_Common_MonthToSeason[Season]) -> 0.77 | L93: =InputFunctions_PastureBeef.LookupLiveweightFromMonth($E$7,$E$8,$D93,L$87,Table_SourceData_PastureBeef_LiveweightGainAllStates[State],Table_SourceData_PastureBeef_LiveweightGainAllStates[Region],Table_SourceData_PastureBeef_LiveweightGainAllStates[Season],Table_SourceData_PastureBeef_LiveweightGainAllStates[#Headers],Table_SourceData_PastureBeef_LiveweightGainAllStates[],Table_AustralianStates[Common Name],Table_AustralianStates[Abbreviation],Table_SourceData_Common_MonthToSeason[Month],Table_SourceData_Common_MonthToSeason[Season]) -> 0.44 | ... N93: =InputFunctions_PastureBeef.LookupLiveweightFromMonth($E$7,$E$8,$D93,N$87,Table_SourceData_PastureBeef_LiveweightGainAllStates[State],Table_SourceData_PastureBeef_LiveweightGainAllStates[Region],Table_SourceData_PastureBeef_LiveweightGainAllStates[Season],Table_SourceData_PastureBeef_LiveweightGainAllStates[#Headers],Table_SourceData_PastureBeef_LiveweightGainAllStates[],Table_AustralianStates[Common Name],Table_AustralianStates[Abbreviation],Table_SourceData_Common_MonthToSeason[Month],Table_SourceData_Common_MonthToSeason[Season]) -> 0.44 | O93: kg/head/day
D94: =TEXT(EDATE('Input - Site'!$E$12,6), "mmmm yyyy") -> July 2024 | E94: =InputFunctions_PastureBeef.LookupLiveweightFromMonth($E$7,$E$8,$D94,E$87,Table_SourceData_PastureBeef_LiveweightGainAllStates[State],Table_SourceData_PastureBeef_LiveweightGainAllStates[Region],Table_SourceData_PastureBeef_LiveweightGainAllStates[Season],Table_SourceData_PastureBeef_LiveweightGainAllStates[#Headers],Table_SourceData_PastureBeef_LiveweightGainAllStates[],Table_AustralianStates[Common Name],Table_AustralianStates[Abbreviation],Table_SourceData_Common_MonthToSeason[Month],Table_SourceData_Common_MonthToSeason[Season]) -> 0.99 | F94: =InputFunctions_PastureBeef.LookupLiveweightFromMonth($E$7,$E$8,$D94,F$87,Table_SourceData_PastureBeef_LiveweightGainAllStates[State],Table_SourceData_PastureBeef_LiveweightGainAllStates[Region],Table_SourceData_PastureBeef_LiveweightGainAllStates[Season],Table_SourceData_PastureBeef_LiveweightGainAllStates[#Headers],Table_SourceData_PastureBeef_LiveweightGainAllStates[],Table_AustralianStates[Common Name],Table_AustralianStates[Abbreviation],Table_SourceData_Common_MonthToSeason[Month],Table_SourceData_Common_MonthToSeason[Season]) -> 0.22 | G94: =InputFunctions_PastureBeef.LookupLiveweightFromMonth($E$7,$E$8,$D94,G$87,Table_SourceData_PastureBeef_LiveweightGainAllStates[State],Table_SourceData_PastureBeef_LiveweightGainAllStates[Region],Table_SourceData_PastureBeef_LiveweightGainAllStates[Season],Table_SourceData_PastureBeef_LiveweightGainAllStates[#Headers],Table_SourceData_PastureBeef_LiveweightGainAllStates[],Table_AustralianStates[Common Name],Table_AustralianStates[Abbreviation],Table_SourceData_Common_MonthToSeason[Month],Table_SourceData_Common_MonthToSeason[Season]) -> 0.77 | H94: =InputFunctions_PastureBeef.LookupLiveweightFromMonth($E$7,$E$8,$D94,H$87,Table_SourceData_PastureBeef_LiveweightGainAllStates[State],Table_SourceData_PastureBeef_LiveweightGainAllStates[Region],Table_SourceData_PastureBeef_LiveweightGainAllStates[Season],Table_SourceData_PastureBeef_LiveweightGainAllStates[#Headers],Table_SourceData_PastureBeef_LiveweightGainAllStates[],Table_AustralianStates[Common Name],Table_AustralianStates[Abbreviation],Table_SourceData_Common_MonthToSeason[Month],Table_SourceData_Common_MonthToSeason[Season]) -> 0.11 | I94: =InputFunctions_PastureBeef.LookupLiveweightFromMonth($E$7,$E$8,$D94,I$87,Table_SourceData_PastureBeef_LiveweightGainAllStates[State],Table_SourceData_PastureBeef_LiveweightGainAllStates[Region],Table_SourceData_PastureBeef_LiveweightGainAllStates[Season],Table_SourceData_PastureBeef_LiveweightGainAllStates[#Headers],Table_SourceData_PastureBeef_LiveweightGainAllStates[],Table_AustralianStates[Common Name],Table_AustralianStates[Abbreviation],Table_SourceData_Common_MonthToSeason[Month],Table_SourceData_Common_MonthToSeason[Season]) -> 0.11 | J94: =InputFunctions_PastureBeef.LookupLiveweightFromMonth($E$7,$E$8,$D94,J$87,Table_SourceData_PastureBeef_LiveweightGainAllStates[State],Table_SourceData_PastureBeef_LiveweightGainAllStates[Region],Table_SourceData_PastureBeef_LiveweightGainAllStates[Season],Table_SourceData_PastureBeef_LiveweightGainAllStates[#Headers],Table_SourceData_PastureBeef_LiveweightGainAllStates[],Table_AustralianStates[Common Name],Table_AustralianStates[Abbreviation],Table_SourceData_Common_MonthToSeason[Month],Table_SourceData_Common_MonthToSeason[Season]) -> 0.11 | K94: =InputFunctions_PastureBeef.LookupLiveweightFromMonth($E$7,$E$8,$D94,K$87,Table_SourceData_PastureBeef_LiveweightGainAllStates[State],Table_SourceData_PastureBeef_LiveweightGainAllStates[Region],Table_SourceData_PastureBeef_LiveweightGainAllStates[Season],Table_SourceData_PastureBeef_LiveweightGainAllStates[#Headers],Table_SourceData_PastureBeef_LiveweightGainAllStates[],Table_AustralianStates[Common Name],Table_AustralianStates[Abbreviation],Table_SourceData_Common_MonthToSeason[Month],Table_SourceData_Common_MonthToSeason[Season]) -> 0.77 | L94: =InputFunctions_PastureBeef.LookupLiveweightFromMonth($E$7,$E$8,$D94,L$87,Table_SourceData_PastureBeef_LiveweightGainAllStates[State],Table_SourceData_PastureBeef_LiveweightGainAllStates[Region],Table_SourceData_PastureBeef_LiveweightGainAllStates[Season],Table_SourceData_PastureBeef_LiveweightGainAllStates[#Headers],Table_SourceData_PastureBeef_LiveweightGainAllStates[],Table_AustralianStates[Common Name],Table_AustralianStates[Abbreviation],Table_SourceData_Common_MonthToSeason[Month],Table_SourceData_Common_MonthToSeason[Season]) -> 0.44 | ... N94: =InputFunctions_PastureBeef.LookupLiveweightFromMonth($E$7,$E$8,$D94,N$87,Table_SourceData_PastureBeef_LiveweightGainAllStates[State],Table_SourceData_PastureBeef_LiveweightGainAllStates[Region],Table_SourceData_PastureBeef_LiveweightGainAllStates[Season],Table_SourceData_PastureBeef_LiveweightGainAllStates[#Headers],Table_SourceData_PastureBeef_LiveweightGainAllStates[],Table_AustralianStates[Common Name],Table_AustralianStates[Abbreviation],Table_SourceData_Common_MonthToSeason[Month],Table_SourceData_Common_MonthToSeason[Season]) -> 0.44 | O94: kg/head/day
D95: =TEXT(EDATE('Input - Site'!$E$12,7), "mmmm yyyy") -> August 2024 | E95: =InputFunctions_PastureBeef.LookupLiveweightFromMonth($E$7,$E$8,$D95,E$87,Table_SourceData_PastureBeef_LiveweightGainAllStates[State],Table_SourceData_PastureBeef_LiveweightGainAllStates[Region],Table_SourceData_PastureBeef_LiveweightGainAllStates[Season],Table_SourceData_PastureBeef_LiveweightGainAllStates[#Headers],Table_SourceData_PastureBeef_LiveweightGainAllStates[],Table_AustralianStates[Common Name],Table_AustralianStates[Abbreviation],Table_SourceData_Common_MonthToSeason[Month],Table_SourceData_Common_MonthToSeason[Season]) -> 0.99 | F95: =InputFunctions_PastureBeef.LookupLiveweightFromMonth($E$7,$E$8,$D95,F$87,Table_SourceData_PastureBeef_LiveweightGainAllStates[State],Table_SourceData_PastureBeef_LiveweightGainAllStates[Region],Table_SourceData_PastureBeef_LiveweightGainAllStates[Season],Table_SourceData_PastureBeef_LiveweightGainAllStates[#Headers],Table_SourceData_PastureBeef_LiveweightGainAllStates[],Table_AustralianStates[Common Name],Table_AustralianStates[Abbreviation],Table_SourceData_Common_MonthToSeason[Month],Table_SourceData_Common_MonthToSeason[Season]) -> 0.22 | G95: =InputFunctions_PastureBeef.LookupLiveweightFromMonth($E$7,$E$8,$D95,G$87,Table_SourceData_PastureBeef_LiveweightGainAllStates[State],Table_SourceData_PastureBeef_LiveweightGainAllStates[Region],Table_SourceData_PastureBeef_LiveweightGainAllStates[Season],Table_SourceData_PastureBeef_LiveweightGainAllStates[#Headers],Table_SourceData_PastureBeef_LiveweightGainAllStates[],Table_AustralianStates[Common Name],Table_AustralianStates[Abbreviation],Table_SourceData_Common_MonthToSeason[Month],Table_SourceData_Common_MonthToSeason[Season]) -> 0.77 | H95: =InputFunctions_PastureBeef.LookupLiveweightFromMonth($E$7,$E$8,$D95,H$87,Table_SourceData_PastureBeef_LiveweightGainAllStates[State],Table_SourceData_PastureBeef_LiveweightGainAllStates[Region],Table_SourceData_PastureBeef_LiveweightGainAllStates[Season],Table_SourceData_PastureBeef_LiveweightGainAllStates[#Headers],Table_SourceData_PastureBeef_LiveweightGainAllStates[],Table_AustralianStates[Common Name],Table_AustralianStates[Abbreviation],Table_SourceData_Common_MonthToSeason[Month],Table_SourceData_Common_MonthToSeason[Season]) -> 0.11 | I95: =InputFunctions_PastureBeef.LookupLiveweightFromMonth($E$7,$E$8,$D95,I$87,Table_SourceData_PastureBeef_LiveweightGainAllStates[State],Table_SourceData_PastureBeef_LiveweightGainAllStates[Region],Table_SourceData_PastureBeef_LiveweightGainAllStates[Season],Table_SourceData_PastureBeef_LiveweightGainAllStates[#Headers],Table_SourceData_PastureBeef_LiveweightGainAllStates[],Table_AustralianStates[Common Name],Table_AustralianStates[Abbreviation],Table_SourceData_Common_MonthToSeason[Month],Table_SourceData_Common_MonthToSeason[Season]) -> 0.11 | J95: =InputFunctions_PastureBeef.LookupLiveweightFromMonth($E$7,$E$8,$D95,J$87,Table_SourceData_PastureBeef_LiveweightGainAllStates[State],Table_SourceData_PastureBeef_LiveweightGainAllStates[Region],Table_SourceData_PastureBeef_LiveweightGainAllStates[Season],Table_SourceData_PastureBeef_LiveweightGainAllStates[#Headers],Table_SourceData_PastureBeef_LiveweightGainAllStates[],Table_AustralianStates[Common Name],Table_AustralianStates[Abbreviation],Table_SourceData_Common_MonthToSeason[Month],Table_SourceData_Common_MonthToSeason[Season]) -> 0.11 | K95: =InputFunctions_PastureBeef.LookupLiveweightFromMonth($E$7,$E$8,$D95,K$87,Table_SourceData_PastureBeef_LiveweightGainAllStates[State],Table_SourceData_PastureBeef_LiveweightGainAllStates[Region],Table_SourceData_PastureBeef_LiveweightGainAllStates[Season],Table_SourceData_PastureBeef_LiveweightGainAllStates[#Headers],Table_SourceData_PastureBeef_LiveweightGainAllStates[],Table_AustralianStates[Common Name],Table_AustralianStates[Abbreviation],Table_SourceData_Common_MonthToSeason[Month],Table_SourceData_Common_MonthToSeason[Season]) -> 0.77 | L95: =InputFunctions_PastureBeef.LookupLiveweightFromMonth($E$7,$E$8,$D95,L$87,Table_SourceData_PastureBeef_LiveweightGainAllStates[State],Table_SourceData_PastureBeef_LiveweightGainAllStates[Region],Table_SourceData_PastureBeef_LiveweightGainAllStates[Season],Table_SourceData_PastureBeef_LiveweightGainAllStates[#Headers],Table_SourceData_PastureBeef_LiveweightGainAllStates[],Table_AustralianStates[Common Name],Table_AustralianStates[Abbreviation],Table_SourceData_Common_MonthToSeason[Month],Table_SourceData_Common_MonthToSeason[Season]) -> 0.44 | ... N95: =InputFunctions_PastureBeef.LookupLiveweightFromMonth($E$7,$E$8,$D95,N$87,Table_SourceData_PastureBeef_LiveweightGainAllStates[State],Table_SourceData_PastureBeef_LiveweightGainAllStates[Region],Table_SourceData_PastureBeef_LiveweightGainAllStates[Season],Table_SourceData_PastureBeef_LiveweightGainAllStates[#Headers],Table_SourceData_PastureBeef_LiveweightGainAllStates[],Table_AustralianStates[Common Name],Table_AustralianStates[Abbreviation],Table_SourceData_Common_MonthToSeason[Month],Table_SourceData_Common_MonthToSeason[Season]) -> 0.44 | O95: kg/head/day
D96: =TEXT(EDATE('Input - Site'!$E$12,8), "mmmm yyyy") -> September 2024 | E96: =InputFunctions_PastureBeef.LookupLiveweightFromMonth($E$7,$E$8,$D96,E$87,Table_SourceData_PastureBeef_LiveweightGainAllStates[State],Table_SourceData_PastureBeef_LiveweightGainAllStates[Region],Table_SourceData_PastureBeef_LiveweightGainAllStates[Season],Table_SourceData_PastureBeef_LiveweightGainAllStates[#Headers],Table_SourceData_PastureBeef_LiveweightGainAllStates[],Table_AustralianStates[Common Name],Table_AustralianStates[Abbreviation],Table_SourceData_Common_MonthToSeason[Month],Table_SourceData_Common_MonthToSeason[Season]) -> 1.64 | F96: =InputFunctions_PastureBeef.LookupLiveweightFromMonth($E$7,$E$8,$D96,F$87,Table_SourceData_PastureBeef_LiveweightGainAllStates[State],Table_SourceData_PastureBeef_LiveweightGainAllStates[Region],Table_SourceData_PastureBeef_LiveweightGainAllStates[Season],Table_SourceData_PastureBeef_LiveweightGainAllStates[#Headers],Table_SourceData_PastureBeef_LiveweightGainAllStates[],Table_AustralianStates[Common Name],Table_AustralianStates[Abbreviation],Table_SourceData_Common_MonthToSeason[Month],Table_SourceData_Common_MonthToSeason[Season]) -> 1.1 | G96: =InputFunctions_PastureBeef.LookupLiveweightFromMonth($E$7,$E$8,$D96,G$87,Table_SourceData_PastureBeef_LiveweightGainAllStates[State],Table_SourceData_PastureBeef_LiveweightGainAllStates[Region],Table_SourceData_PastureBeef_LiveweightGainAllStates[Season],Table_SourceData_PastureBeef_LiveweightGainAllStates[#Headers],Table_SourceData_PastureBeef_LiveweightGainAllStates[],Table_AustralianStates[Common Name],Table_AustralianStates[Abbreviation],Table_SourceData_Common_MonthToSeason[Month],Table_SourceData_Common_MonthToSeason[Season]) -> 1.21 | H96: =InputFunctions_PastureBeef.LookupLiveweightFromMonth($E$7,$E$8,$D96,H$87,Table_SourceData_PastureBeef_LiveweightGainAllStates[State],Table_SourceData_PastureBeef_LiveweightGainAllStates[Region],Table_SourceData_PastureBeef_LiveweightGainAllStates[Season],Table_SourceData_PastureBeef_LiveweightGainAllStates[#Headers],Table_SourceData_PastureBeef_LiveweightGainAllStates[],Table_AustralianStates[Common Name],Table_AustralianStates[Abbreviation],Table_SourceData_Common_MonthToSeason[Month],Table_SourceData_Common_MonthToSeason[Season]) -> 0.99 | I96: =InputFunctions_PastureBeef.LookupLiveweightFromMonth($E$7,$E$8,$D96,I$87,Table_SourceData_PastureBeef_LiveweightGainAllStates[State],Table_SourceData_PastureBeef_LiveweightGainAllStates[Region],Table_SourceData_PastureBeef_LiveweightGainAllStates[Season],Table_SourceData_PastureBeef_LiveweightGainAllStates[#Headers],Table_SourceData_PastureBeef_LiveweightGainAllStates[],Table_AustralianStates[Common Name],Table_AustralianStates[Abbreviation],Table_SourceData_Common_MonthToSeason[Month],Table_SourceData_Common_MonthToSeason[Season]) -> 0.66 | J96: =InputFunctions_PastureBeef.LookupLiveweightFromMonth($E$7,$E$8,$D96,J$87,Table_SourceData_PastureBeef_LiveweightGainAllStates[State],Table_SourceData_PastureBeef_LiveweightGainAllStates[Region],Table_SourceData_PastureBeef_LiveweightGainAllStates[Season],Table_SourceData_PastureBeef_LiveweightGainAllStates[#Headers],Table_SourceData_PastureBeef_LiveweightGainAllStates[],Table_AustralianStates[Common Name],Table_AustralianStates[Abbreviation],Table_SourceData_Common_MonthToSeason[Month],Table_SourceData_Common_MonthToSeason[Season]) -> 0.66 | K96: =InputFunctions_PastureBeef.LookupLiveweightFromMonth($E$7,$E$8,$D96,K$87,Table_SourceData_PastureBeef_LiveweightGainAllStates[State],Table_SourceData_PastureBeef_LiveweightGainAllStates[Region],Table_SourceData_PastureBeef_LiveweightGainAllStates[Season],Table_SourceData_PastureBeef_LiveweightGainAllStates[#Headers],Table_SourceData_PastureBeef_LiveweightGainAllStates[],Table_AustralianStates[Common Name],Table_AustralianStates[Abbreviation],Table_SourceData_Common_MonthToSeason[Month],Table_SourceData_Common_MonthToSeason[Season]) -> 1.42 | L96: =InputFunctions_PastureBeef.LookupLiveweightFromMonth($E$7,$E$8,$D96,L$87,Table_SourceData_PastureBeef_LiveweightGainAllStates[State],Table_SourceData_PastureBeef_LiveweightGainAllStates[Region],Table_SourceData_PastureBeef_LiveweightGainAllStates[Season],Table_SourceData_PastureBeef_LiveweightGainAllStates[#Headers],Table_SourceData_PastureBeef_LiveweightGainAllStates[],Table_AustralianStates[Common Name],Table_AustralianStates[Abbreviation],Table_SourceData_Common_MonthToSeason[Month],Table_SourceData_Common_MonthToSeason[Season]) -> 1.1 | ... N96: =InputFunctions_PastureBeef.LookupLiveweightFromMonth($E$7,$E$8,$D96,N$87,Table_SourceData_PastureBeef_LiveweightGainAllStates[State],Table_SourceData_PastureBeef_LiveweightGainAllStates[Region],Table_SourceData_PastureBeef_LiveweightGainAllStates[Season],Table_SourceData_PastureBeef_LiveweightGainAllStates[#Headers],Table_SourceData_PastureBeef_LiveweightGainAllStates[],Table_AustralianStates[Common Name],Table_AustralianStates[Abbreviation],Table_SourceData_Common_MonthToSeason[Month],Table_SourceData_Common_MonthToSeason[Season]) -> 1.1 | O96: kg/head/day
D97: =TEXT(EDATE('Input - Site'!$E$12,9), "mmmm yyyy") -> October 2024 | E97: =InputFunctions_PastureBeef.LookupLiveweightFromMonth($E$7,$E$8,$D97,E$87,Table_SourceData_PastureBeef_LiveweightGainAllStates[State],Table_SourceData_PastureBeef_LiveweightGainAllStates[Region],Table_SourceData_PastureBeef_LiveweightGainAllStates[Season],Table_SourceData_PastureBeef_LiveweightGainAllStates[#Headers],Table_SourceData_PastureBeef_LiveweightGainAllStates[],Table_AustralianStates[Common Name],Table_AustralianStates[Abbreviation],Table_SourceData_Common_MonthToSeason[Month],Table_SourceData_Common_MonthToSeason[Season]) -> 1.64 | F97: =InputFunctions_PastureBeef.LookupLiveweightFromMonth($E$7,$E$8,$D97,F$87,Table_SourceData_PastureBeef_LiveweightGainAllStates[State],Table_SourceData_PastureBeef_LiveweightGainAllStates[Region],Table_SourceData_PastureBeef_LiveweightGainAllStates[Season],Table_SourceData_PastureBeef_LiveweightGainAllStates[#Headers],Table_SourceData_PastureBeef_LiveweightGainAllStates[],Table_AustralianStates[Common Name],Table_AustralianStates[Abbreviation],Table_SourceData_Common_MonthToSeason[Month],Table_SourceData_Common_MonthToSeason[Season]) -> 1.1 | G97: =InputFunctions_PastureBeef.LookupLiveweightFromMonth($E$7,$E$8,$D97,G$87,Table_SourceData_PastureBeef_LiveweightGainAllStates[State],Table_SourceData_PastureBeef_LiveweightGainAllStates[Region],Table_SourceData_PastureBeef_LiveweightGainAllStates[Season],Table_SourceData_PastureBeef_LiveweightGainAllStates[#Headers],Table_SourceData_PastureBeef_LiveweightGainAllStates[],Table_AustralianStates[Common Name],Table_AustralianStates[Abbreviation],Table_SourceData_Common_MonthToSeason[Month],Table_SourceData_Common_MonthToSeason[Season]) -> 1.21 | H97: =InputFunctions_PastureBeef.LookupLiveweightFromMonth($E$7,$E$8,$D97,H$87,Table_SourceData_PastureBeef_LiveweightGainAllStates[State],Table_SourceData_PastureBeef_LiveweightGainAllStates[Region],Table_SourceData_PastureBeef_LiveweightGainAllStates[Season],Table_SourceData_PastureBeef_LiveweightGainAllStates[#Headers],Table_SourceData_PastureBeef_LiveweightGainAllStates[],Table_AustralianStates[Common Name],Table_AustralianStates[Abbreviation],Table_SourceData_Common_MonthToSeason[Month],Table_SourceData_Common_MonthToSeason[Season]) -> 0.99 | I97: =InputFunctions_PastureBeef.LookupLiveweightFromMonth($E$7,$E$8,$D97,I$87,Table_SourceData_PastureBeef_LiveweightGainAllStates[State],Table_SourceData_PastureBeef_LiveweightGainAllStates[Region],Table_SourceData_PastureBeef_LiveweightGainAllStates[Season],Table_SourceData_PastureBeef_LiveweightGainAllStates[#Headers],Table_SourceData_PastureBeef_LiveweightGainAllStates[],Table_AustralianStates[Common Name],Table_AustralianStates[Abbreviation],Table_SourceData_Common_MonthToSeason[Month],Table_SourceData_Common_MonthToSeason[Season]) -> 0.66 | J97: =InputFunctions_PastureBeef.LookupLiveweightFromMonth($E$7,$E$8,$D97,J$87,Table_SourceData_PastureBeef_LiveweightGainAllStates[State],Table_SourceData_PastureBeef_LiveweightGainAllStates[Region],Table_SourceData_PastureBeef_LiveweightGainAllStates[Season],Table_SourceData_PastureBeef_LiveweightGainAllStates[#Headers],Table_SourceData_PastureBeef_LiveweightGainAllStates[],Table_AustralianStates[Common Name],Table_AustralianStates[Abbreviation],Table_SourceData_Common_MonthToSeason[Month],Table_SourceData_Common_MonthToSeason[Season]) -> 0.66 | K97: =InputFunctions_PastureBeef.LookupLiveweightFromMonth($E$7,$E$8,$D97,K$87,Table_SourceData_PastureBeef_LiveweightGainAllStates[State],Table_SourceData_PastureBeef_LiveweightGainAllStates[Region],Table_SourceData_PastureBeef_LiveweightGainAllStates[Season],Table_SourceData_PastureBeef_LiveweightGainAllStates[#Headers],Table_SourceData_PastureBeef_LiveweightGainAllStates[],Table_AustralianStates[Common Name],Table_AustralianStates[Abbreviation],Table_SourceData_Common_MonthToSeason[Month],Table_SourceData_Common_MonthToSeason[Season]) -> 1.42 | L97: =InputFunctions_PastureBeef.LookupLiveweightFromMonth($E$7,$E$8,$D97,L$87,Table_SourceData_PastureBeef_LiveweightGainAllStates[State],Table_SourceData_PastureBeef_LiveweightGainAllStates[Region],Table_SourceData_PastureBeef_LiveweightGainAllStates[Season],Table_SourceData_PastureBeef_LiveweightGainAllStates[#Headers],Table_SourceData_PastureBeef_LiveweightGainAllStates[],Table_AustralianStates[Common Name],Table_AustralianStates[Abbreviation],Table_SourceData_Common_MonthToSeason[Month],Table_SourceData_Common_MonthToSeason[Season]) -> 1.1 | ... N97: =InputFunctions_PastureBeef.LookupLiveweightFromMonth($E$7,$E$8,$D97,N$87,Table_SourceData_PastureBeef_LiveweightGainAllStates[State],Table_SourceData_PastureBeef_LiveweightGainAllStates[Region],Table_SourceData_PastureBeef_LiveweightGainAllStates[Season],Table_SourceData_PastureBeef_LiveweightGainAllStates[#Headers],Table_SourceData_PastureBeef_LiveweightGainAllStates[],Table_AustralianStates[Common Name],Table_AustralianStates[Abbreviation],Table_SourceData_Common_MonthToSeason[Month],Table_SourceData_Common_MonthToSeason[Season]) -> 1.1 | O97: kg/head/day
D98: =TEXT(EDATE('Input - Site'!$E$12,10), "mmmm yyyy") -> November 2024 | E98: =InputFunctions_PastureBeef.LookupLiveweightFromMonth($E$7,$E$8,$D98,E$87,Table_SourceData_PastureBeef_LiveweightGainAllStates[State],Table_SourceData_PastureBeef_LiveweightGainAllStates[Region],Table_SourceData_PastureBeef_LiveweightGainAllStates[Season],Table_SourceData_PastureBeef_LiveweightGainAllStates[#Headers],Table_SourceData_PastureBeef_LiveweightGainAllStates[],Table_AustralianStates[Common Name],Table_AustralianStates[Abbreviation],Table_SourceData_Common_MonthToSeason[Month],Table_SourceData_Common_MonthToSeason[Season]) -> 1.64 | F98: =InputFunctions_PastureBeef.LookupLiveweightFromMonth($E$7,$E$8,$D98,F$87,Table_SourceData_PastureBeef_LiveweightGainAllStates[State],Table_SourceData_PastureBeef_LiveweightGainAllStates[Region],Table_SourceData_PastureBeef_LiveweightGainAllStates[Season],Table_SourceData_PastureBeef_LiveweightGainAllStates[#Headers],Table_SourceData_PastureBeef_LiveweightGainAllStates[],Table_AustralianStates[Common Name],Table_AustralianStates[Abbreviation],Table_SourceData_Common_MonthToSeason[Month],Table_SourceData_Common_MonthToSeason[Season]) -> 1.1 | G98: =InputFunctions_PastureBeef.LookupLiveweightFromMonth($E$7,$E$8,$D98,G$87,Table_SourceData_PastureBeef_LiveweightGainAllStates[State],Table_SourceData_PastureBeef_LiveweightGainAllStates[Region],Table_SourceData_PastureBeef_LiveweightGainAllStates[Season],Table_SourceData_PastureBeef_LiveweightGainAllStates[#Headers],Table_SourceData_PastureBeef_LiveweightGainAllStates[],Table_AustralianStates[Common Name],Table_AustralianStates[Abbreviation],Table_SourceData_Common_MonthToSeason[Month],Table_SourceData_Common_MonthToSeason[Season]) -> 1.21 | H98: =InputFunctions_PastureBeef.LookupLiveweightFromMonth($E$7,$E$8,$D98,H$87,Table_SourceData_PastureBeef_LiveweightGainAllStates[State],Table_SourceData_PastureBeef_LiveweightGainAllStates[Region],Table_SourceData_PastureBeef_LiveweightGainAllStates[Season],Table_SourceData_PastureBeef_LiveweightGainAllStates[#Headers],Table_SourceData_PastureBeef_LiveweightGainAllStates[],Table_AustralianStates[Common Name],Table_AustralianStates[Abbreviation],Table_SourceData_Common_MonthToSeason[Month],Table_SourceData_Common_MonthToSeason[Season]) -> 0.99 | I98: =InputFunctions_PastureBeef.LookupLiveweightFromMonth($E$7,$E$8,$D98,I$87,Table_SourceData_PastureBeef_LiveweightGainAllStates[State],Table_SourceData_PastureBeef_LiveweightGainAllStates[Region],Table_SourceData_PastureBeef_LiveweightGainAllStates[Season],Table_SourceData_PastureBeef_LiveweightGainAllStates[#Headers],Table_SourceData_PastureBeef_LiveweightGainAllStates[],Table_AustralianStates[Common Name],Table_AustralianStates[Abbreviation],Table_SourceData_Common_MonthToSeason[Month],Table_SourceData_Common_MonthToSeason[Season]) -> 0.66 | J98: =InputFunctions_PastureBeef.LookupLiveweightFromMonth($E$7,$E$8,$D98,J$87,Table_SourceData_PastureBeef_LiveweightGainAllStates[State],Table_SourceData_PastureBeef_LiveweightGainAllStates[Region],Table_SourceData_PastureBeef_LiveweightGainAllStates[Season],Table_SourceData_PastureBeef_LiveweightGainAllStates[#Headers],Table_SourceData_PastureBeef_LiveweightGainAllStates[],Table_AustralianStates[Common Name],Table_AustralianStates[Abbreviation],Table_SourceData_Common_MonthToSeason[Month],Table_SourceData_Common_MonthToSeason[Season]) -> 0.66 | K98: =InputFunctions_PastureBeef.LookupLiveweightFromMonth($E$7,$E$8,$D98,K$87,Table_SourceData_PastureBeef_LiveweightGainAllStates[State],Table_SourceData_PastureBeef_LiveweightGainAllStates[Region],Table_SourceData_PastureBeef_LiveweightGainAllStates[Season],Table_SourceData_PastureBeef_LiveweightGainAllStates[#Headers],Table_SourceData_PastureBeef_LiveweightGainAllStates[],Table_AustralianStates[Common Name],Table_AustralianStates[Abbreviation],Table_SourceData_Common_MonthToSeason[Month],Table_SourceData_Common_MonthToSeason[Season]) -> 1.42 | L98: =InputFunctions_PastureBeef.LookupLiveweightFromMonth($E$7,$E$8,$D98,L$87,Table_SourceData_PastureBeef_LiveweightGainAllStates[State],Table_SourceData_PastureBeef_LiveweightGainAllStates[Region],Table_SourceData_PastureBeef_LiveweightGainAllStates[Season],Table_SourceData_PastureBeef_LiveweightGainAllStates[#Headers],Table_SourceData_PastureBeef_LiveweightGainAllStates[],Table_AustralianStates[Common Name],Table_AustralianStates[Abbreviation],Table_SourceData_Common_MonthToSeason[Month],Table_SourceData_Common_MonthToSeason[Season]) -> 1.1 | ... N98: =InputFunctions_PastureBeef.LookupLiveweightFromMonth($E$7,$E$8,$D98,N$87,Table_SourceData_PastureBeef_LiveweightGainAllStates[State],Table_SourceData_PastureBeef_LiveweightGainAllStates[Region],Table_SourceData_PastureBeef_LiveweightGainAllStates[Season],Table_SourceData_PastureBeef_LiveweightGainAllStates[#Headers],Table_SourceData_PastureBeef_LiveweightGainAllStates[],Table_AustralianStates[Common Name],Table_AustralianStates[Abbreviation],Table_SourceData_Common_MonthToSeason[Month],Table_SourceData_Common_MonthToSeason[Season]) -> 1.1 | O98: kg/head/day
D99: =TEXT(EDATE('Input - Site'!$E$12,11), "mmmm yyyy") -> December 2024 | E99: =InputFunctions_PastureBeef.LookupLiveweightFromMonth($E$7,$E$8,$D99,E$87,Table_SourceData_PastureBeef_LiveweightGainAllStates[State],Table_SourceData_PastureBeef_LiveweightGainAllStates[Region],Table_SourceData_PastureBeef_LiveweightGainAllStates[Season],Table_SourceData_PastureBeef_LiveweightGainAllStates[#Headers],Table_SourceData_PastureBeef_LiveweightGainAllStates[],Table_AustralianStates[Common Name],Table_AustralianStates[Abbreviation],Table_SourceData_Common_MonthToSeason[Month],Table_SourceData_Common_MonthToSeason[Season]) -> 0.44 | F99: =InputFunctions_PastureBeef.LookupLiveweightFromMonth($E$7,$E$8,$D99,F$87,Table_SourceData_PastureBeef_LiveweightGainAllStates[State],Table_SourceData_PastureBeef_LiveweightGainAllStates[Region],Table_SourceData_PastureBeef_LiveweightGainAllStates[Season],Table_SourceData_PastureBeef_LiveweightGainAllStates[#Headers],Table_SourceData_PastureBeef_LiveweightGainAllStates[],Table_AustralianStates[Common Name],Table_AustralianStates[Abbreviation],Table_SourceData_Common_MonthToSeason[Month],Table_SourceData_Common_MonthToSeason[Season]) -> -0.22 | G99: =InputFunctions_PastureBeef.LookupLiveweightFromMonth($E$7,$E$8,$D99,G$87,Table_SourceData_PastureBeef_LiveweightGainAllStates[State],Table_SourceData_PastureBeef_LiveweightGainAllStates[Region],Table_SourceData_PastureBeef_LiveweightGainAllStates[Season],Table_SourceData_PastureBeef_LiveweightGainAllStates[#Headers],Table_SourceData_PastureBeef_LiveweightGainAllStates[],Table_AustralianStates[Common Name],Table_AustralianStates[Abbreviation],Table_SourceData_Common_MonthToSeason[Month],Table_SourceData_Common_MonthToSeason[Season]) -> 0.44 | H99: =InputFunctions_PastureBeef.LookupLiveweightFromMonth($E$7,$E$8,$D99,H$87,Table_SourceData_PastureBeef_LiveweightGainAllStates[State],Table_SourceData_PastureBeef_LiveweightGainAllStates[Region],Table_SourceData_PastureBeef_LiveweightGainAllStates[Season],Table_SourceData_PastureBeef_LiveweightGainAllStates[#Headers],Table_SourceData_PastureBeef_LiveweightGainAllStates[],Table_AustralianStates[Common Name],Table_AustralianStates[Abbreviation],Table_SourceData_Common_MonthToSeason[Month],Table_SourceData_Common_MonthToSeason[Season]) -> 0.33 | I99: =InputFunctions_PastureBeef.LookupLiveweightFromMonth($E$7,$E$8,$D99,I$87,Table_SourceData_PastureBeef_LiveweightGainAllStates[State],Table_SourceData_PastureBeef_LiveweightGainAllStates[Region],Table_SourceData_PastureBeef_LiveweightGainAllStates[Season],Table_SourceData_PastureBeef_LiveweightGainAllStates[#Headers],Table_SourceData_PastureBeef_LiveweightGainAllStates[],Table_AustralianStates[Common Name],Table_AustralianStates[Abbreviation],Table_SourceData_Common_MonthToSeason[Month],Table_SourceData_Common_MonthToSeason[Season]) -> -0.22 | J99: =InputFunctions_PastureBeef.LookupLiveweightFromMonth($E$7,$E$8,$D99,J$87,Table_SourceData_PastureBeef_LiveweightGainAllStates[State],Table_SourceData_PastureBeef_LiveweightGainAllStates[Region],Table_SourceData_PastureBeef_LiveweightGainAllStates[Season],Table_SourceData_PastureBeef_LiveweightGainAllStates[#Headers],Table_SourceData_PastureBeef_LiveweightGainAllStates[],Table_AustralianStates[Common Name],Table_AustralianStates[Abbreviation],Table_SourceData_Common_MonthToSeason[Month],Table_SourceData_Common_MonthToSeason[Season]) -> -0.22 | K99: =InputFunctions_PastureBeef.LookupLiveweightFromMonth($E$7,$E$8,$D99,K$87,Table_SourceData_PastureBeef_LiveweightGainAllStates[State],Table_SourceData_PastureBeef_LiveweightGainAllStates[Region],Table_SourceData_PastureBeef_LiveweightGainAllStates[Season],Table_SourceData_PastureBeef_LiveweightGainAllStates[#Headers],Table_SourceData_PastureBeef_LiveweightGainAllStates[],Table_AustralianStates[Common Name],Table_AustralianStates[Abbreviation],Table_SourceData_Common_MonthToSeason[Month],Table_SourceData_Common_MonthToSeason[Season]) -> 0.44 | L99: =InputFunctions_PastureBeef.LookupLiveweightFromMonth($E$7,$E$8,$D99,L$87,Table_SourceData_PastureBeef_LiveweightGainAllStates[State],Table_SourceData_PastureBeef_LiveweightGainAllStates[Region],Table_SourceData_PastureBeef_LiveweightGainAllStates[Season],Table_SourceData_PastureBeef_LiveweightGainAllStates[#Headers],Table_SourceData_PastureBeef_LiveweightGainAllStates[],Table_AustralianStates[Common Name],Table_AustralianStates[Abbreviation],Table_SourceData_Common_MonthToSeason[Month],Table_SourceData_Common_MonthToSeason[Season]) -> -0.11 | ... N99: =InputFunctions_PastureBeef.LookupLiveweightFromMonth($E$7,$E$8,$D99,N$87,Table_SourceData_PastureBeef_LiveweightGainAllStates[State],Table_SourceData_PastureBeef_LiveweightGainAllStates[Region],Table_SourceData_PastureBeef_LiveweightGainAllStates[Season],Table_SourceData_PastureBeef_LiveweightGainAllStates[#Headers],Table_SourceData_PastureBeef_LiveweightGainAllStates[],Table_AustralianStates[Common Name],Table_AustralianStates[Abbreviation],Table_SourceData_Common_MonthToSeason[Month],Table_SourceData_Common_MonthToSeason[Season]) -> -0.11 | O99: kg/head/day
D102: Proportion of cows > 1 years in calf in the season of calving
D103: Method 1 values
D104: Calving season | E104: Winter | F104: ← Please select
E106: Cows 1-2 years | F106: Cows 2-3 years | G106: Cows > 3 years
D107: ="Proportion of cows > 1 years in calf in " & E104 -> Proportion of cows > 1 years in calf in Winter | E107: 0.9 | F107: 0.5 | G107: 0.5 | H107: Percent
D110: Method 2 values
D111: First calving month | E111: August 2024 | F111: ← Please select
D112: Calving month 2 | E112: =TEXT(EDATE(E111,1), "mmmm yyyy") -> September 2024
D113: Calving month 3 | E113: =TEXT(EDATE(E111,2), "mmmm yyyy") -> October 2024
E116: Cows 1-2 years | F116: Cows 2-3 years | G116: Cows > 3 years
D117: =E111 -> August 2024 | E117: 0.25 | F117: 0.25 | G117: 0.25 | H117: Percent
...

Sheet 4.2.1.1-2 Methane
A1: #VALUE! | C1: 4.2.1.1-2 Manure Methane
A3: =HYPERLINK("#'Home'!A1", "Home") -> Home | D3: Method 1 | U3: Method 2
A4: =HYPERLINK("#'Results'!A1", "Results") -> Results
D5: {=EntericMethane_PastureBeef_Equations.VEERG_3_2_1_1__4_AdditionalIntakeForMilkProduction_Title()} -> Additional intake for milk production in the season of calving and the season after calving
A6: INPUTS | D6: {=EntericMethane_PastureBeef_Equations.VEERG_3_2_1_1__4_AdditionalIntakeForMilkProduction_Source()} -> VEERG 2026: 3.2.1.1, Equation (4)
A7: =HYPERLINK("#'Input - Site'!A1", "Site") -> Site | D7: Function name | E7: EntericMethane_PastureBeef_Equations.VEERG_3_2_1_1__4_AdditionalIntakeForMilkProduction
A8: =HYPERLINK("#'Input - Pasture Beef'!A1", "Pasture Beef") -> Pasture Beef
A10: CALCULATIONS | D10: Variable | E10: {=EntericMethane_PastureBeef_Equations.VEERG_3_2_1_1__4_AdditionalIntakeForMilkProduction_Variable()} -> MA_jk45
A11: =HYPERLINK("#'4.2.1.1-2 Methane'!A1", "4.2.1.1-2 Methane") -> 4.2.1.1-2 Methane | D11: Unit | E11: {=EntericMethane_PastureBeef_Equations.VEERG_3_2_1_1__4_AdditionalIntakeForMilkProduction_Unit()} -> fraction
A12: =HYPERLINK("#'4.2.1.3-4 Soil direct N2O'!A1", "4.2.1.3-4 Soil direct N2O") -> 4.2.1.3-4 Soil direct N2O
A13: =HYPERLINK("#'4.2.1.5-6 Soil Atmos Dep'!A1", "4.2.1.5-6 Soil atm. deposition") -> 4.2.1.5-6 Soil atm. deposition | D13: {=EntericMethane_PastureBeef_Equations.VEERG_3_2_1_1__4_AdditionalIntakeForMilkProduction_ArgumentsVariation()} -> LC_jk45 | E13: proportion of cows greater than 1 year in calf in the season of calving expressed as a fraction | H13: ="See " & $D$19 -> See M1_Table_LC_j_k-4-5
A14: =HYPERLINK("#'4.2.1.7-8 Soil leach runoff'!A1", "4.2.1.7-8 Soil leach & runoff") -> 4.2.1.7-8 Soil leach & runoff | D14: FA_jk45calv | E14: feed adjustment value for lactating cows in the season of calving expressed as a fraction | H14: {=_xlfn.XLOOKUP(1, (Table_SourceData_PastureBeef_FeedIntakeAdjustment_Variation[Breed]=$H$16)*(Table_SourceData_PastureBeef_FeedIntakeAdjustment_Variation[Season]=+"Calving season"),Table_SourceData_PastureBeef_FeedIntakeAdjustment_Variation[Feed adjustment])} -> 1.3
D15: FA_jk45after | E15: feed adjustment value for lactating cows in the season immediately after calving expressed as a fraction | H15: {=_xlfn.XLOOKUP(1, (Table_SourceData_PastureBeef_FeedIntakeAdjustment_Variation[Breed]=$H$16)*(Table_SourceData_PastureBeef_FeedIntakeAdjustment_Variation[Season]=+"Season after calving"),Table_SourceData_PastureBeef_FeedIntakeAdjustment_Variation[Feed adjustment])} -> 1.1
A16: APPENDICES | D16: b | E16: breed of cattle | H16: ='Input - Pasture Beef'!$E$9 -> Hereford or Shorthorn breeds
A17: =HYPERLINK("#'Constants - Pasture Beef'!A1", "Constants - Pasture Beef") -> Constants - Pasture Beef
A18: =HYPERLINK("#'Constants - Livestock'!A1", "Constants - Livestock") -> Constants - Livestock
A19: =HYPERLINK("#'Constants - Common'!A1", "Constants - Common") -> Constants - Common | D19: M1_Table_LC_j_k-4-5 | U19: M2_Table_LC_j_k-4-5
A20: =HYPERLINK("#'Acknowledgements'!A1", "Acknowledgements") -> Acknowledgements | D20: Proportion of cows in calf during season (Method 1) | U20: Proportion of cows in calf during season (Method 2)
D21: Season | E21: Cows 1-2 years | F21: Cows 2-3 years | G21: Cows > 3 years | U21: Month | V21: Cows 1-2 years | W21: Cows 2-3 years | X21: Cows > 3 years
D22: ='Input - Pasture Beef'!$E$104 -> Winter | E22: ='Input - Pasture Beef'!$E$107 -> 0.9 | F22: ='Input - Pasture Beef'!$F$107 -> 0.5 | G22: ='Input - Pasture Beef'!$G$107 -> 0.5 | H22: Fraction | U22: =TEXT(EDATE('Input - Pasture Beef'!$D$117,0), "mmmm") & ", " & TEXT(EDATE('Input - Pasture Beef'!$D$118,0), "mmmm") & ", " & TEXT(EDATE('Input - Pasture Beef'!$D$119,0), "mmmm") -> August, September, October | V22: ='Input - Pasture Beef'!$E$120 -> 0.75 | W22: ='Input - Pasture Beef'!$F$120 -> 0.75 | X22: ='Input - Pasture Beef'!$G$120 -> 0.75 | Y22: Fraction
U23: =TEXT(EDATE('Input - Pasture Beef'!$D$119,1), "mmmm") & ", " & TEXT(EDATE('Input - Pasture Beef'!$D$119,2), "mmmm") & ", " & TEXT(EDATE('Input - Pasture Beef'!$D$119,3), "mmmm") -> November, December, January
U25: M2_Table_MA_j_k-4-5
U26: Additional intake for milk production in calving and post-calving seasons (Method 2)
D27: M1_Table_MA_j_k-4-5 | U27: Month | V27: Calving season | W27: FAjk=4,5 | X27: Bulls < 1 year | Y27: Bulls > 1 year | Z27: Cows < 1 year | AA27: Cows 1-2 years | AB27: Cows 2-3 years | AC27: Cows > 3 years | AD27: Steers < 1 year | AE27: Steers 1-2 years | AF27: Steers 2-3 years
D28: Additional intake for milk production in calving and post-calving seasons (Method 1) | U28: =TEXT('Input - Site'!$E$12,"mmmm") -> January | V28: {=IFERROR(_xlfn.IFS(SUMPRODUCT(ISNUMBER(SEARCH(TRIM(_xlfn.TEXTSPLIT($U$22,",")),U28))*1)>0,"Calving season",SUMPRODUCT(ISNUMBER(SEARCH(TRIM(_xlfn.TEXTSPLIT($U$23,",")),U28))*1)>0,"Season after calving"), "")} -> Season after calving | W28: {=_xlfn.IFS(V28="Calving season", $H$14, V28="Season after calving", $H$15, V28="", "")} -> 1.1 | X28: 1 | Y28: 1 | Z28: 1 | AA28: {=IFERROR(EntericMethane_PastureBeef_Equations.VEERG_3_2_1_1__4_AdditionalIntakeForMilkProduction(V$22,$W28), 1)} -> 1.075 | AB28: {=IFERROR(EntericMethane_PastureBeef_Equations.VEERG_3_2_1_1__4_AdditionalIntakeForMilkProduction(W$22,$W28), 1)} -> 1.075 | AC28: {=IFERROR(EntericMethane_PastureBeef_Equations.VEERG_3_2_1_1__4_AdditionalIntakeForMilkProduction(X$22,$W28), 1)} -> 1.075 | AD28: 1 | AE28: 1 | AF28: 1
D29: Season | E29: Calving season | F29: FAjk=4,5 | G29: Bulls < 1 year | H29: Bulls > 1 year | I29: Cows < 1 year | J29: Cows 1-2 years | K29: Cows 2-3 years | L29: Cows > 3 years | M29: Steers < 1 year | N29: Steers 1-2 years | O29: Steers 2-3 years | P29: Steers >3 years | U29: =TEXT(EDATE('Input - Site'!$E$12,1), "mmmm") -> February | V29: {=IFERROR(_xlfn.IFS(SUMPRODUCT(ISNUMBER(SEARCH(TRIM(_xlfn.TEXTSPLIT($U$22,",")),U29))*1)>0,"Calving season",SUMPRODUCT(ISNUMBER(SEARCH(TRIM(_xlfn.TEXTSPLIT($U$23,",")),U29))*1)>0,"Season after calving"), "")} | W29: {=_xlfn.IFS(V29="Calving season", $H$14, V29="Season after calving", $H$15, V29="", "")} | X29: 1 | Y29: 1 | Z29: 1 | AA29: {=IFERROR(EntericMethane_PastureBeef_Equations.VEERG_3_2_1_1__4_AdditionalIntakeForMilkProduction(V$22,$W29), 1)} -> 1 | AB29: {=IFERROR(EntericMethane_PastureBeef_Equations.VEERG_3_2_1_1__4_AdditionalIntakeForMilkProduction(W$22,$W29), 1)} -> 1 | AC29: {=IFERROR(EntericMethane_PastureBeef_Equations.VEERG_3_2_1_1__4_AdditionalIntakeForMilkProduction(X$22,$W29), 1)} -> 1 | AD29: 1 | AE29: 1 | AF29: 1 | AG29: Steers >3 years
D30: Spring | E30: {=_xlfn.IFS(D22=D30, "Calving season", D22=D33, "Season after calving", D22=D31, "", D22=D32, "")} -> Season after calving | F30: {=_xlfn.IFS(E30="Calving season", $H$14, E30="Season after calving", $H$15, E30="", "")} -> 1.1 | G30: 1 | H30: 1 | I30: 1 | J30: {=IFERROR(EntericMethane_PastureBeef_Equations.VEERG_3_2_1_1__4_AdditionalIntakeForMilkProduction(E$22,$F30), 1)} -> 1.09 | K30: {=IFERROR(EntericMethane_PastureBeef_Equations.VEERG_3_2_1_1__4_AdditionalIntakeForMilkProduction(F$22,$F30), 1)} -> 1.05 | L30: {=IFERROR(EntericMethane_PastureBeef_Equations.VEERG_3_2_1_1__4_AdditionalIntakeForMilkProduction(G$22,$F30), 1)} -> 1.05 | M30: 1 | N30: 1 | O30: 1 | P30: 1 | Q30: =$E$11 -> fraction | U30: =TEXT(EDATE('Input - Site'!$E$12,2), "mmmm") -> March | V30: {=IFERROR(_xlfn.IFS(SUMPRODUCT(ISNUMBER(SEARCH(TRIM(_xlfn.TEXTSPLIT($U$22,",")),U30))*1)>0,"Calving season",SUMPRODUCT(ISNUMBER(SEARCH(TRIM(_xlfn.TEXTSPLIT($U$23,",")),U30))*1)>0,"Season after calving"), "")} | W30: {=_xlfn.IFS(V30="Calving season", $H$14, V30="Season after calving", $H$15, V30="", "")} | X30: 1 | Y30: 1 | Z30: 1 | AA30: {=IFERROR(EntericMethane_PastureBeef_Equations.VEERG_3_2_1_1__4_AdditionalIntakeForMilkProduction(V$22,$W30), 1)} -> 1 | AB30: {=IFERROR(EntericMethane_PastureBeef_Equations.VEERG_3_2_1_1__4_AdditionalIntakeForMilkProduction(W$22,$W30), 1)} -> 1 | AC30: {=IFERROR(EntericMethane_PastureBeef_Equations.VEERG_3_2_1_1__4_AdditionalIntakeForMilkProduction(X$22,$W30), 1)} -> 1 | AD30: 1 | AE30: 1 | AF30: 1 | AG30: 1 | AH30: =$E$11 -> fraction
D31: Summer | E31: {=_xlfn.IFS(D22=D31, "Calving season", D22=D30, "Season after calving", D22=D32, "", D22=D33, "")} | F31: {=_xlfn.IFS(E31="Calving season", $H$14, E31="Season after calving", $H$15, E31="", "")} | G31: 1 | H31: 1 | I31: 1 | J31: {=IFERROR(EntericMethane_PastureBeef_Equations.VEERG_3_2_1_1__4_AdditionalIntakeForMilkProduction(E$22,$F31), 1)} -> 1 | K31: {=IFERROR(EntericMethane_PastureBeef_Equations.VEERG_3_2_1_1__4_AdditionalIntakeForMilkProduction(F$22,$F31), 1)} -> 1 | L31: {=IFERROR(EntericMethane_PastureBeef_Equations.VEERG_3_2_1_1__4_AdditionalIntakeForMilkProduction(G$22,$F31), 1)} -> 1 | M31: 1 | N31: 1 | O31: 1 | P31: 1 | Q31: =$E$11 -> fraction | U31: =TEXT(EDATE('Input - Site'!$E$12,3), "mmmm") -> April | V31: {=IFERROR(_xlfn.IFS(SUMPRODUCT(ISNUMBER(SEARCH(TRIM(_xlfn.TEXTSPLIT($U$22,",")),U31))*1)>0,"Calving season",SUMPRODUCT(ISNUMBER(SEARCH(TRIM(_xlfn.TEXTSPLIT($U$23,",")),U31))*1)>0,"Season after calving"), "")} | W31: {=_xlfn.IFS(V31="Calving season", $H$14, V31="Season after calving", $H$15, V31="", "")} | X31: 1 | Y31: 1 | Z31: 1 | AA31: {=IFERROR(EntericMethane_PastureBeef_Equations.VEERG_3_2_1_1__4_AdditionalIntakeForMilkProduction(V$22,$W31), 1)} -> 1 | AB31: {=IFERROR(EntericMethane_PastureBeef_Equations.VEERG_3_2_1_1__4_AdditionalIntakeForMilkProduction(W$22,$W31), 1)} -> 1 | AC31: {=IFERROR(EntericMethane_PastureBeef_Equations.VEERG_3_2_1_1__4_AdditionalIntakeForMilkProduction(X$22,$W31), 1)} -> 1 | AD31: 1 | AE31: 1 | AF31: 1 | AG31: 1 | AH31: =$E$11 -> fraction
D32: Autumn | E32: {=_xlfn.IFS(D22=D32, "Calving season", D22=D31, "Season after calving", D22=D33, "", D22=D30, "")} | F32: {=_xlfn.IFS(E32="Calving season", $H$14, E32="Season after calving", $H$15, E32="", "")} | G32: 1 | H32: 1 | I32: 1 | J32: {=IFERROR(EntericMethane_PastureBeef_Equations.VEERG_3_2_1_1__4_AdditionalIntakeForMilkProduction(E$22,$F32), 1)} -> 1 | K32: {=IFERROR(EntericMethane_PastureBeef_Equations.VEERG_3_2_1_1__4_AdditionalIntakeForMilkProduction(F$22,$F32), 1)} -> 1 | L32: {=IFERROR(EntericMethane_PastureBeef_Equations.VEERG_3_2_1_1__4_AdditionalIntakeForMilkProduction(G$22,$F32), 1)} -> 1 | M32: 1 | N32: 1 | O32: 1 | P32: 1 | Q32: =$E$11 -> fraction | U32: =TEXT(EDATE('Input - Site'!$E$12,4), "mmmm") -> May | V32: {=IFERROR(_xlfn.IFS(SUMPRODUCT(ISNUMBER(SEARCH(TRIM(_xlfn.TEXTSPLIT($U$22,",")),U32))*1)>0,"Calving season",SUMPRODUCT(ISNUMBER(SEARCH(TRIM(_xlfn.TEXTSPLIT($U$23,",")),U32))*1)>0,"Season after calving"), "")} | W32: {=_xlfn.IFS(V32="Calving season", $H$14, V32="Season after calving", $H$15, V32="", "")} | X32: 1 | Y32: 1 | Z32: 1 | AA32: {=IFERROR(EntericMethane_PastureBeef_Equations.VEERG_3_2_1_1__4_AdditionalIntakeForMilkProduction(V$22,$W32), 1)} -> 1 | AB32: {=IFERROR(EntericMethane_PastureBeef_Equations.VEERG_3_2_1_1__4_AdditionalIntakeForMilkProduction(W$22,$W32), 1)} -> 1 | AC32: {=IFERROR(EntericMethane_PastureBeef_Equations.VEERG_3_2_1_1__4_AdditionalIntakeForMilkProduction(X$22,$W32), 1)} -> 1 | AD32: 1 | AE32: 1 | AF32: 1 | AG32: 1 | AH32: =$E$11 -> fraction
D33: Winter | E33: {=_xlfn.IFS(D22=D33, "Calving season", D22=D32, "Season after calving", D22=D30, "", D22=D31, "")} -> Calving season | F33: {=_xlfn.IFS(E33="Calving season", $H$14, E33="Season after calving", $H$15, E33="", "")} -> 1.3 | G33: 1 | H33: 1 | I33: 1 | J33: {=IFERROR(EntericMethane_PastureBeef_Equations.VEERG_3_2_1_1__4_AdditionalIntakeForMilkProduction(E$22,$F33), 1)} -> 1.27 | K33: {=IFERROR(EntericMethane_PastureBeef_Equations.VEERG_3_2_1_1__4_AdditionalIntakeForMilkProduction(F$22,$F33), 1)} -> 1.15 | L33: {=IFERROR(EntericMethane_PastureBeef_Equations.VEERG_3_2_1_1__4_AdditionalIntakeForMilkProduction(G$22,$F33), 1)} -> 1.15 | M33: 1 | N33: 1 | O33: 1 | P33: 1 | Q33: =$E$11 -> fraction | U33: =TEXT(EDATE('Input - Site'!$E$12,5), "mmmm") -> June | V33: {=IFERROR(_xlfn.IFS(SUMPRODUCT(ISNUMBER(SEARCH(TRIM(_xlfn.TEXTSPLIT($U$22,",")),U33))*1)>0,"Calving season",SUMPRODUCT(ISNUMBER(SEARCH(TRIM(_xlfn.TEXTSPLIT($U$23,",")),U33))*1)>0,"Season after calving"), "")} | W33: {=_xlfn.IFS(V33="Calving season", $H$14, V33="Season after calving", $H$15, V33="", "")} | X33: 1 | Y33: 1 | Z33: 1 | AA33: {=IFERROR(EntericMethane_PastureBeef_Equations.VEERG_3_2_1_1__4_AdditionalIntakeForMilkProduction(V$22,$W33), 1)} -> 1 | AB33: {=IFERROR(EntericMethane_PastureBeef_Equations.VEERG_3_2_1_1__4_AdditionalIntakeForMilkProduction(W$22,$W33), 1)} -> 1 | AC33: {=IFERROR(EntericMethane_PastureBeef_Equations.VEERG_3_2_1_1__4_AdditionalIntakeForMilkProduction(X$22,$W33), 1)} -> 1 | AD33: 1 | AE33: 1 | AF33: 1 | AG33: 1 | AH33: =$E$11 -> fraction
U34: =TEXT(EDATE('Input - Site'!$E$12,6), "mmmm") -> July | V34: {=IFERROR(_xlfn.IFS(SUMPRODUCT(ISNUMBER(SEARCH(TRIM(_xlfn.TEXTSPLIT($U$22,",")),U34))*1)>0,"Calving season",SUMPRODUCT(ISNUMBER(SEARCH(TRIM(_xlfn.TEXTSPLIT($U$23,",")),U34))*1)>0,"Season after calving"), "")} | W34: {=_xlfn.IFS(V34="Calving season", $H$14, V34="Season after calving", $H$15, V34="", "")} | X34: 1 | Y34: 1 | Z34: 1 | AA34: {=IFERROR(EntericMethane_PastureBeef_Equations.VEERG_3_2_1_1__4_AdditionalIntakeForMilkProduction(V$22,$W34), 1)} -> 1 | AB34: {=IFERROR(EntericMethane_PastureBeef_Equations.VEERG_3_2_1_1__4_AdditionalIntakeForMilkProduction(W$22,$W34), 1)} -> 1 | AC34: {=IFERROR(EntericMethane_PastureBeef_Equations.VEERG_3_2_1_1__4_AdditionalIntakeForMilkProduction(X$22,$W34), 1)} -> 1 | AD34: 1 | AE34: 1 | AF34: 1 | AG34: 1 | AH34: =$E$11 -> fraction
U35: =TEXT(EDATE('Input - Site'!$E$12,7), "mmmm") -> August | V35: {=IFERROR(_xlfn.IFS(SUMPRODUCT(ISNUMBER(SEARCH(TRIM(_xlfn.TEXTSPLIT($U$22,",")),U35))*1)>0,"Calving season",SUMPRODUCT(ISNUMBER(SEARCH(TRIM(_xlfn.TEXTSPLIT($U$23,",")),U35))*1)>0,"Season after calving"), "")} -> Calving season | W35: {=_xlfn.IFS(V35="Calving season", $H$14, V35="Season after calving", $H$15, V35="", "")} -> 1.3 | X35: 1 | Y35: 1 | Z35: 1 | AA35: {=IFERROR(EntericMethane_PastureBeef_Equations.VEERG_3_2_1_1__4_AdditionalIntakeForMilkProduction(V$22,$W35), 1)} -> 1.225 | AB35: {=IFERROR(EntericMethane_PastureBeef_Equations.VEERG_3_2_1_1__4_AdditionalIntakeForMilkProduction(W$22,$W35), 1)} -> 1.225 | AC35: {=IFERROR(EntericMethane_PastureBeef_Equations.VEERG_3_2_1_1__4_AdditionalIntakeForMilkProduction(X$22,$W35), 1)} -> 1.225 | AD35: 1 | AE35: 1 | AF35: 1 | AG35: 1 | AH35: =$E$11 -> fraction
U36: =TEXT(EDATE('Input - Site'!$E$12,8), "mmmm") -> September | V36: {=IFERROR(_xlfn.IFS(SUMPRODUCT(ISNUMBER(SEARCH(TRIM(_xlfn.TEXTSPLIT($U$22,",")),U36))*1)>0,"Calving season",SUMPRODUCT(ISNUMBER(SEARCH(TRIM(_xlfn.TEXTSPLIT($U$23,",")),U36))*1)>0,"Season after calving"), "")} -> Calving season | W36: {=_xlfn.IFS(V36="Calving season", $H$14, V36="Season after calving", $H$15, V36="", "")} -> 1.3 | X36: 1 | Y36: 1 | Z36: 1 | AA36: {=IFERROR(EntericMethane_PastureBeef_Equations.VEERG_3_2_1_1__4_AdditionalIntakeForMilkProduction(V$22,$W36), 1)} -> 1.225 | AB36: {=IFERROR(EntericMethane_PastureBeef_Equations.VEERG_3_2_1_1__4_AdditionalIntakeForMilkProduction(W$22,$W36), 1)} -> 1.225 | AC36: {=IFERROR(EntericMethane_PastureBeef_Equations.VEERG_3_2_1_1__4_AdditionalIntakeForMilkProduction(X$22,$W36), 1)} -> 1.225 | AD36: 1 | AE36: 1 | AF36: 1 | AG36: 1 | AH36: =$E$11 -> fraction
D37: {=EntericMethane_PastureBeef_Equations.VEERG_3_2_1_1__3_FeedIntakeForGrazingBeef_Title()} -> Feed intake for grazing beef cattle | U37: =TEXT(EDATE('Input - Site'!$E$12,9), "mmmm") -> October | V37: {=IFERROR(_xlfn.IFS(SUMPRODUCT(ISNUMBER(SEARCH(TRIM(_xlfn.TEXTSPLIT($U$22,",")),U37))*1)>0,"Calving season",SUMPRODUCT(ISNUMBER(SEARCH(TRIM(_xlfn.TEXTSPLIT($U$23,",")),U37))*1)>0,"Season after calving"), "")} -> Calving season | W37: {=_xlfn.IFS(V37="Calving season", $H$14, V37="Season after calving", $H$15, V37="", "")} -> 1.3 | X37: 1 | Y37: 1 | Z37: 1 | AA37: {=IFERROR(EntericMethane_PastureBeef_Equations.VEERG_3_2_1_1__4_AdditionalIntakeForMilkProduction(V$22,$W37), 1)} -> 1.225 | AB37: {=IFERROR(EntericMethane_PastureBeef_Equations.VEERG_3_2_1_1__4_AdditionalIntakeForMilkProduction(W$22,$W37), 1)} -> 1.225 | AC37: {=IFERROR(EntericMethane_PastureBeef_Equations.VEERG_3_2_1_1__4_AdditionalIntakeForMilkProduction(X$22,$W37), 1)} -> 1.225 | AD37: 1 | AE37: 1 | AF37: 1 | AG37: 1 | AH37: =$E$11 -> fraction
D38: {=EntericMethane_PastureBeef_Equations.VEERG_3_2_1_1__3_FeedIntakeForGrazingBeef_Source()} -> VEERG 2026: 3.2.1.1, Equation (3) | U38: =TEXT(EDATE('Input - Site'!$E$12,10), "mmmm") -> November | V38: {=IFERROR(_xlfn.IFS(SUMPRODUCT(ISNUMBER(SEARCH(TRIM(_xlfn.TEXTSPLIT($U$22,",")),U38))*1)>0,"Calving season",SUMPRODUCT(ISNUMBER(SEARCH(TRIM(_xlfn.TEXTSPLIT($U$23,",")),U38))*1)>0,"Season after calving"), "")} -> Season after calving | W38: {=_xlfn.IFS(V38="Calving season", $H$14, V38="Season after calving", $H$15, V38="", "")} -> 1.1 | X38: 1 | Y38: 1 | Z38: 1 | AA38: {=IFERROR(EntericMethane_PastureBeef_Equations.VEERG_3_2_1_1__4_AdditionalIntakeForMilkProduction(V$22,$W38), 1)} -> 1.075 | AB38: {=IFERROR(EntericMethane_PastureBeef_Equations.VEERG_3_2_1_1__4_AdditionalIntakeForMilkProduction(W$22,$W38), 1)} -> 1.075 | AC38: {=IFERROR(EntericMethane_PastureBeef_Equations.VEERG_3_2_1_1__4_AdditionalIntakeForMilkProduction(X$22,$W38), 1)} -> 1.075 | AD38: 1 | AE38: 1 | AF38: 1 | AG38: 1 | AH38: =$E$11 -> fraction
D39: Function name | E39: {=Common_InputFunctions.Utility_DisplayFunctionName($E$84)} -> =EntericMethane_PastureBeef_Equations.VEERG_3_2_1_1__3_FeedIntakeForGrazingBeef | U39: =TEXT(EDATE('Input - Site'!$E$12,11), "mmmm") -> December | V39: {=IFERROR(_xlfn.IFS(SUMPRODUCT(ISNUMBER(SEARCH(TRIM(_xlfn.TEXTSPLIT($U$22,",")),U39))*1)>0,"Calving season",SUMPRODUCT(ISNUMBER(SEARCH(TRIM(_xlfn.TEXTSPLIT($U$23,",")),U39))*1)>0,"Season after calving"), "")} -> Season after calving | W39: {=_xlfn.IFS(V39="Calving season", $H$14, V39="Season after calving", $H$15, V39="", "")} -> 1.1 | X39: 1 | Y39: 1 | Z39: 1 | AA39: {=IFERROR(EntericMethane_PastureBeef_Equations.VEERG_3_2_1_1__4_AdditionalIntakeForMilkProduction(V$22,$W39), 1)} -> 1.075 | AB39: {=IFERROR(EntericMethane_PastureBeef_Equations.VEERG_3_2_1_1__4_AdditionalIntakeForMilkProduction(W$22,$W39), 1)} -> 1.075 | AC39: {=IFERROR(EntericMethane_PastureBeef_Equations.VEERG_3_2_1_1__4_AdditionalIntakeForMilkProduction(X$22,$W39), 1)} -> 1.075 | AD39: 1 | AE39: 1 | AF39: 1 | AG39: 1 | AH39: =$E$11 -> fraction
AG40: 1 | AH40: =$E$11 -> fraction
U41: M2_Table_LW_j_k_l | AG41: 1 | AH41: =$E$11 -> fraction
D42: Variable | E42: {=EntericMethane_PastureBeef_Equations.VEERG_3_2_1_1__3_FeedIntakeForGrazingBeef_Variable()} -> I_jkl | U42: Liveweight (Method 2)
D43: Unit | E43: {=EntericMethane_PastureBeef_Equations.VEERG_3_2_1_1__3_FeedIntakeForGrazingBeef_Unit()} -> kg DM/head/day | U43: Month | V43: Bulls < 1 year | W43: Bulls > 1 year | X43: Cows < 1 year | Y43: Cows 1-2 years | Z43: Cows 2-3 years | AA43: Cows > 3 years | AB43: Steers < 1 year | AC43: Steers 1-2 years | AD43: Steers 2-3 years | AE43: Steers >3 years
U44: =TEXT('Input - Site'!$E$12, "mmmm yyyy") -> January 2024 | V44: ='Input - Pasture Beef'!E66 -> 380 | W44: ='Input - Pasture Beef'!F66 -> 780 | X44: ='Input - Pasture Beef'!G66 -> 300 | Y44: ='Input - Pasture Beef'!H66 -> 450 | Z44: ='Input - Pasture Beef'!I66 -> 530 | AA44: ='Input - Pasture Beef'!J66 -> 530 | AB44: ='Input - Pasture Beef'!K66 -> 340 | AC44: ='Input - Pasture Beef'!L66 -> 470 | ... AE44: ='Input - Pasture Beef'!N66 -> 470 | AF44: kg/head
D45: {=EntericMethane_PastureBeef_Equations.VEERG_3_2_1_1__3_FeedIntakeForGrazingBeef_Arguments()} -> W_jkl | E45: liveweight (kg) | G45: ="See " & D49 -> See M1_Table_LW_j_k_l | U45: =TEXT(EDATE('Input - Site'!$E$12,1), "mmmm yyyy") -> February 2024 | V45: ='Input - Pasture Beef'!E67 -> 380 | W45: ='Input - Pasture Beef'!F67 -> 780 | X45: ='Input - Pasture Beef'!G67 -> 300 | Y45: ='Input - Pasture Beef'!H67 -> 450 | Z45: ='Input - Pasture Beef'!I67 -> 530 | AA45: ='Input - Pasture Beef'!J67 -> 530 | AB45: ='Input - Pasture Beef'!K67 -> 340 | AC45: ='Input - Pasture Beef'!L67 -> 470 | ... AE45: ='Input - Pasture Beef'!N67 -> 470 | AF45: kg/head
D46: LWG_jkl | E46: live weight gain (kg/head/day) | G46: ="See " & D65 -> See M1_Table_LWG_j_k_l | U46: =TEXT(EDATE('Input - Site'!$E$12,2), "mmmm yyyy") -> March 2024 | V46: ='Input - Pasture Beef'!E68 -> 100 | W46: ='Input - Pasture Beef'!F68 -> 680 | X46: ='Input - Pasture Beef'!G68 -> 80 | Y46: ='Input - Pasture Beef'!H68 -> 320 | Z46: ='Input - Pasture Beef'!I68 -> 480 | AA46: ='Input - Pasture Beef'!J68 -> 480 | AB46: ='Input - Pasture Beef'!K68 -> 100 | AC46: ='Input - Pasture Beef'!L68 -> 340 | ... AE46: ='Input - Pasture Beef'!N68 -> 340 | AF46: kg/head
