Workbook
Name Common_Equations.Common_ConvertCH4ToCO2e: _xlfn.LAMBDA(_xlpm.E_CH4,_xlpm.GWP_CH4, _xlpm.E_CH4 * _xlpm.GWP_CH4)
Name Common_Equations.Common_ConvertCH4ToCO2e_Arguments: _xlfn.LAMBDA(_xlfn.MAKEARRAY(2, 2, _xlfn.LAMBDA(_xlpm.r,_xlpm.c, INDEX({"ECH4","Methane emissions (t CH4)";"GWPCH4","Global warming potential for methane (t CO2-e / t CH4)"}, _xlpm.r, _xlpm.c))))
Name Common_Equations.Common_ConvertCH4ToCO2e_LatexEquation: _xlfn.LAMBDA("CO2_e = E_{CH4} \times GWP_{CH4}")
Name Common_Equations.Common_ConvertCH4ToCO2e_NIRReference: _xlfn.LAMBDA("")
Name Common_Equations.Common_ConvertCH4ToCO2e_Title: _xlfn.LAMBDA("Convert methane emissions to carbon dioxide equivalent emissions")
Name Common_Equations.Common_ConvertCH4ToCO2e_Unit: _xlfn.LAMBDA("t CO2e")
Name Common_Equations.Common_ConvertCH4ToCO2e_Variable: _xlfn.LAMBDA("ECH4 CO2e")
Name Common_Equations.Common_ConvertN2OToCO2e: _xlfn.LAMBDA(_xlpm.E_N2O,_xlpm.GWP_N2O, _xlpm.E_N2O * _xlpm.GWP_N2O)
Name Common_Equations.Common_ConvertN2OToCO2e_LatexEquation: _xlfn.LAMBDA("CO2_e = E_{N2O} \times GWP_{N2O}")
Name Common_Equations.Common_ConvertN2OToCO2e_NIRReference: _xlfn.LAMBDA("")
Name Common_Equations.Common_ConvertN2OToCO2e_Title: _xlfn.LAMBDA("Convert nitrous oxide emissions to carbon dioxide equivalent emissions")
Name Common_Equations.Common_ConvertN2OToCO2e_Unit: _xlfn.LAMBDA("t CO2e")
Name Common_Equations.Common_ConvertN2OToCO2e_Variable: _xlfn.LAMBDA("EN2O CO2e")
Name Common_InputFunctions.Utility_ConvertStateCommonNameToAbbreviation: _xlfn.LAMBDA(_xlpm.StateCommonName,_xlpm.StateCommonNameArray,_xlpm.StateAbbreviationArray, _xlfn.XLOOKUP(_xlpm.StateCommonName, _xlpm.StateCommonNameArray, _xlpm.StateAbbreviationArray, ""))
Name Common_InputFunctions.Utility_DisplayArguments_1_2: _xlfn.LAMBDA(_xlpm.ArgumentsArray, _xlfn.CHOOSECOLS(_xlpm.ArgumentsArray, 1, 2))
Name Common_InputFunctions.Utility_DisplayArguments_3_4: _xlfn.LAMBDA(_xlpm.ArgumentsArray, _xlfn.CHOOSECOLS(_xlpm.ArgumentsArray, 3, 4))
Name Common_InputFunctions.Utility_DisplayFunctionName: _xlfn.LAMBDA(_xlpm.Function, _xlfn.TEXTBEFORE(_xlfn.FORMULATEXT(_xlpm.Function), "("))
Name Common_InputFunctions.Utility_GetArrayTableColumnStartNumber: _xlfn.LAMBDA(_xlpm.TableHeaderCell, COLUMN(_xlpm.TableHeaderCell))
Name Common_InputFunctions.Utility_GetArrayTableRowStartNumber: _xlfn.LAMBDA(_xlpm.TableheaderCell,_xlpm.RowsBetweenHeaderandArray, ROW(_xlpm.TableheaderCell) + _xlpm.RowsBetweenHeaderandArray - 1)
Name Common_InputFunctions.Utility_LookupValueInTable: _xlfn.LAMBDA(_xlpm.LookupValue,_xlpm.LookupArray,_xlpm.ReturnArray, _xlfn.XLOOKUP(_xlpm.LookupValue, _xlpm.LookupArray, _xlpm.ReturnArray, ""))
Name Common_InputFunctions.Utility_SourceHyperlink: _xlfn.LAMBDA(_xlpm.TargetCell, _xlfn.LET(_xlpm.sh, _xlfn.TEXTAFTER(CELL("filename", _xlpm.TargetCell), "]"), _xlpm.addr, CELL("address", _xlpm.TargetCell), "#'" & _xlpm.sh & "'!" & _xlpm.addr))
Name Common_SourceData.Common_SourceData_AustralianStatesTerritories_Source: _xlfn.LAMBDA("")
Name Common_SourceData.Common_SourceData_AustralianStatesTerritories_Title: _xlfn.LAMBDA("Australian states and territories")
Name Common_SourceData.Common_SourceData_AustralianStatesTerritories_Unit: _xlfn.LAMBDA("")
Name Common_SourceData.Common_SourceData_AustralianStatesTerritories_Variable: _xlfn.LAMBDA("")
Name Common_SourceData.Common_SourceData_ClimateZones_Source: _xlfn.LAMBDA("VEERG 2026: Table 1.3: Climate and Rainfall zone classifications and definitions")
Name Common_SourceData.Common_SourceData_ClimateZones_Title: _xlfn.LAMBDA("VEERG Australian climate zones")
Name Common_SourceData.Common_SourceData_ClimateZones_Unit: _xlfn.LAMBDA("")
Name Common_SourceData.Common_SourceData_ClimateZones_Variable: _xlfn.LAMBDA("")
Name Common_SourceData.Common_SourceData_ConvertGasElementalToMolecular_Source: _xlfn.LAMBDA("XXXXXXX")
Name Common_SourceData.Common_SourceData_ConvertGasElementalToMolecular_Title: _xlfn.LAMBDA("Factor to convert elemental mass of gas to molecular mass")
Name Common_SourceData.Common_SourceData_ConvertGasElementalToMolecular_Unit: _xlfn.LAMBDA("factor")
Name Common_SourceData.Common_SourceData_ConvertGasElementalToMolecular_Variable: _xlfn.LAMBDA("Cg")
Name Common_SourceData.Common_SourceData_ConvertN2oElementalToMolecularCg_Data: _xlfn.LAMBDA(44 / 28)
Name Common_SourceData.Common_SourceData_ConvertN2oElementalToMolecularCg_Source: _xlfn.LAMBDA("National Inventory Report 2023 Volume 1")
Name Common_SourceData.Common_SourceData_ConvertN2oElementalToMolecularCg_Title: _xlfn.LAMBDA("Factor to convert elemental mass of N2O to molecular mass")
Name Common_SourceData.Common_SourceData_ConvertN2oElementalToMolecularCg_Unit: _xlfn.LAMBDA("factor")
Name Common_SourceData.Common_SourceData_ConvertN2oElementalToMolecularCg_Variable: _xlfn.LAMBDA("CgN2O")
Name Common_SourceData.Common_SourceData_DataScores_Scope3_Source: _xlfn.LAMBDA("VEERG 2026: XXXXXXXX")
Name Common_SourceData.Common_SourceData_DataScores_Scope3_Title: _xlfn.LAMBDA("Australian data scores for scope 3")
Name Common_SourceData.Common_SourceData_DataScores_Scope3_Unit: _xlfn.LAMBDA("")
Name Common_SourceData.Common_SourceData_DataScores_Scope3_Variable: _xlfn.LAMBDA("")
Name Common_SourceData.Common_SourceData_DataScores_Scope3_Variation: _xlfn.LAMBDA("")
Name Common_SourceData.Common_SourceData_DensityOfMethane_Data: _xlfn.LAMBDA(0.6784)
Name Common_SourceData.Common_SourceData_DensityOfMethane_Source: _xlfn.LAMBDA("National Inventory Report 2023 Volume 1: Equations 3.B.1a_2, 3.B.1c_2, 3.B.3_1, 3.B.4g_2")
Name Common_SourceData.Common_SourceData_DensityOfMethane_Title: _xlfn.LAMBDA("p = density of methane")
Name Common_SourceData.Common_SourceData_DensityOfMethane_Unit: _xlfn.LAMBDA("kg/m3")
Name Common_SourceData.Common_SourceData_EFleach_Data: _xlfn.LAMBDA(_xlfn.MAKEARRAY(1, 2, _xlfn.LAMBDA(_xlpm.r,_xlpm.c, INDEX({"EFleach",0.011}, _xlpm.r, _xlpm.c))))
Name Common_SourceData.Common_SourceData_EFleach_NIRReference: _xlfn.LAMBDA("National Inventory Report Volume 1: Equation 3.D.B_10")
Name Common_SourceData.Common_SourceData_EFleach_Source: _xlfn.LAMBDA("VEERG 2026:5.5.2.3 Constant Parameters")
Name Common_SourceData.Common_SourceData_EFleach_Title: _xlfn.LAMBDA("Emission factor for nitrogen leaching and runoff")
Name Common_SourceData.Common_SourceData_EFleach_Unit: _xlfn.LAMBDA("(kg N2O-N / kg N")
Name Common_SourceData.Common_SourceData_EFleach_Variation: _xlfn.LAMBDA((""))
Name Common_SourceData.Common_SourceData_EFN2O_NIRReference: _xlfn.LAMBDA("")
Name Common_SourceData.Common_SourceData_EFN2O_Source: _xlfn.LAMBDA("VEERG 2026: Table A.2.2.1")
Name Common_SourceData.Common_SourceData_EFN2O_Title: _xlfn.LAMBDA("Nitrous oxide emission factors for inorganic fertiliser application")
Name Common_SourceData.Common_SourceData_EFN2O_Unit: _xlfn.LAMBDA("(kg N2O-N / kg N")
Name Common_SourceData.Common_SourceData_EFPastureRangeAndPaddock_Data: _xlfn.LAMBDA(_xlfn.MAKEARRAY(3, 2, _xlfn.LAMBDA(_xlpm.r,_xlpm.c, INDEX({"Climate zone","EFPRP";"Wet climate zone",0.006;"Dry climate zone",0.002}, _xlpm.r, _xlpm.c))))
Name Common_SourceData.Common_SourceData_EFPastureRangeAndPaddock_NIRReference: _xlfn.LAMBDA("")
Name Common_SourceData.Common_SourceData_EFPastureRangeAndPaddock_Source: _xlfn.LAMBDA("VEERG 2026: Table A.2.2.2")

Sheet Home
A1: Home

Sheet Overview
A1: #VALUE! | C1: 4.3: Manure Management: Dairy: Overview
A3: =HYPERLINK("#'Home'!A1", "Home") -> Home
A4: =HYPERLINK("#'Overview'!A1", "Overview") -> Overview
A5: =HYPERLINK("#'Results'!A1", "Results") -> Results | D5: 💡 Below is a diagram that maps the equations used to calculate emissions, how they interact with each other and how they align with dairy manure management processes.
D6: Click on a box to go to the corresponding calculation.
A7: INPUTS
A8: =HYPERLINK("#'Input - Site'!A1", "Site") -> Site
A9: =HYPERLINK("#'Input - Dairy'!A1", "Dairy") -> Dairy
A11: CALCULATIONS
A12: =HYPERLINK("#'4.3.1.1-2 Methane'!A1", "4.3.1.1-2 Methane") -> 4.3.1.1-2 Methane
A13: =HYPERLINK("#'4.3.1.3-4 Direct N20'!A1", "4.3.1.3-4 Direct N2O") -> 4.3.1.3-4 Direct N2O
A14: =HYPERLINK("#'4.3.1.5 Atmos Deposition'!A1", "4.3.1.5 Atmospheric deposition") -> 4.3.1.5 Atmospheric deposition
A15: =HYPERLINK("#'4.3.1.6-7 Leaching and runoff'!A1", "4.3.1.6-7 Leaching and runoff") -> 4.3.1.6-7 Leaching and runoff
A16: =HYPERLINK("#'4.3.1.8 Manure applied to soils'!A1", "4.3.1.8 Manure applied to soils") -> 4.3.1.8 Manure applied to soils
A17: =HYPERLINK("#'4.3.1.9 Soil direct N2O'!A1", "4.3.1.9 Soil direct N2O") -> 4.3.1.9 Soil direct N2O
A18: =HYPERLINK("#'4.3.1.10-11 Soil Atmos Dep'!A1", "4.3.1.10-11 Soil atm. deposition") -> 4.3.1.10-11 Soil atm. deposition
A19: =HYPERLINK("#'4.3.1.12-13 Soil leach runoff'!A1", "4.3.1.12-13 Soil leach & runoff") -> 4.3.1.12-13 Soil leach & runoff
A21: APPENDICES
A22: =HYPERLINK("#'Constants - Dairy'!A1", "Constants - Dairy") -> Constants - Dairy
A23: =HYPERLINK("#'Constants - Livestock'!A1", "Constants - Livestock") -> Constants - Livestock
A24: =HYPERLINK("#'Constants - Common'!A1", "Constants - Common") -> Constants - Common
A25: =HYPERLINK("#'Acknowledgements'!A1", "Acknowledgements") -> Acknowledgements

Sheet Results
A1: #VALUE! | C1: 4.3 Manure management: Dairy: Results
A3: =HYPERLINK("#'Home'!A1", "Home") -> Home
A4: =HYPERLINK("#'Overview'!A1", "Overview") -> Overview | D4: Emissions breakdown
A5: =HYPERLINK("#'Results'!A1", "Results") -> Results
D6: Scope 1 source | E6: GHG emissions method 1 | F6: GHG emissions method 2 | G6: GHG Unit | H6: CO2-e emissions method 1 | I6: CO2-e emissions method 2 | J6: CO2-e unit
A7: INPUTS | D7: 4.3.1.1-2 Manure methane | E7: ='4.3.1.1-2 Methane'!$E$270 -> 8.675539 | F7: ='4.3.1.1-2 Methane'!$P$270 -> 8.9300276 | G7: ='4.3.1.1-2 Methane'!$F$270 -> t CH4 | H7: ='4.3.1.1-2 Methane'!$E$275 -> 242.91509 | I7: ='4.3.1.1-2 Methane'!$P$275 -> 250.04077 | J7: ='4.3.1.1-2 Methane'!$F$275 -> t CO2e
A8: =HYPERLINK("#'Input - Site'!A1", "Site") -> Site | D8: 4.3.1.3-4 Manure direct N2O | E8: ='4.3.1.3-4 Direct N20'!$E$280 -> 0.017559969 | F8: ='4.3.1.3-4 Direct N20'!$O$280 -> 0.017559969 | G8: ='4.3.1.3-4 Direct N20'!$F$280 -> t N2O | H8: ='4.3.1.3-4 Direct N20'!$E$285 -> 4.6533917 | I8: ='4.3.1.3-4 Direct N20'!$O$285 -> 4.6533917 | J8: ='4.3.1.3-4 Direct N20'!$F$285 -> t CO2e
A9: =HYPERLINK("#'Input - Dairy'!A1", "Dairy") -> Dairy | D9: 4.3.1.5 Manure atmospheric deposition | E9: ='4.3.1.5 Atmos deposition'!$E$68 -> 0.038269028 | F9: ='4.3.1.5 Atmos deposition'!$P$68 -> 0.038269028 | G9: ='4.3.1.5 Atmos deposition'!$F$68 -> t N2O | H9: ='4.3.1.5 Atmos deposition'!$E$73 -> 10.141292 | I9: ='4.3.1.5 Atmos deposition'!$P$73 -> 10.141292 | J9: ='4.3.1.5 Atmos deposition'!$F$73 -> t CO2e
D10: 4.3.1.6-7 Manure leaching and runoff | E10: ='4.3.1.6-7 Leaching and runoff'!$E$52 -> 0.0020994899 | F10: ='4.3.1.6-7 Leaching and runoff'!$P$52 -> 0.0020994899 | G10: ='4.3.1.6-7 Leaching and runoff'!$F$52 -> t N2O | H10: ='4.3.1.6-7 Leaching and runoff'!$E$57 -> 0.55636482 | I10: ='4.3.1.6-7 Leaching and runoff'!$P$57 -> 0.55636482 | J10: ='4.3.1.6-7 Leaching and runoff'!$F$57 -> t CO2e
A11: CALCULATIONS | D11: 4.3.1.9 Soil direct N2O | E11: ='4.3.1.9 Soil direct N2O'!$E$53 -> 0.060451181 | F11: ='4.3.1.9 Soil direct N2O'!$P$53 -> 0.060451181 | G11: ='4.3.1.9 Soil direct N2O'!$F$53 -> t N2O | H11: ='4.3.1.9 Soil direct N2O'!$E$58 -> 16.019563 | I11: ='4.3.1.9 Soil direct N2O'!$P$58 -> 16.019563 | J11: ='4.3.1.9 Soil direct N2O'!$F$58 -> t CO2e
A12: =HYPERLINK("#'4.3.1.1-2 Methane'!A1", "4.3.1.1-2 Methane") -> 4.3.1.1-2 Methane | D12: 4.3.1.10-11 Soil atmospheric deposition | E12: ='4.3.1.10-11 Soil Atmos Dep'!$E$45 -> 0.037449507 | F12: ='4.3.1.10-11 Soil Atmos Dep'!$P$45 -> 0.037449507 | G12: ='4.3.1.10-11 Soil Atmos Dep'!$F$45 -> t N2O | H12: ='4.3.1.10-11 Soil Atmos Dep'!$E$50 -> 9.9241193 | I12: ='4.3.1.10-11 Soil Atmos Dep'!$P$50 -> 9.9241193 | J12: ='4.3.1.10-11 Soil Atmos Dep'!$F$50 -> t CO2e
A13: =HYPERLINK("#'4.3.1.3-4 Direct N20'!A1", "4.3.1.3-4 Direct N2O") -> 4.3.1.3-4 Direct N2O | D13: 4.3.1.12-13 Soil leaching and runoff | E13: ='4.3.1.12-13 Soil leach runoff'!$E$47 -> 0.0066496299 | F13: ='4.3.1.12-13 Soil leach runoff'!$P$47 -> 0.0066496299 | G13: ='4.3.1.12-13 Soil leach runoff'!$F$47 -> t N2O | H13: ='4.3.1.12-13 Soil leach runoff'!$E$52 -> 1.7621519 | I13: ='4.3.1.12-13 Soil leach runoff'!$P$52 -> 1.7621519 | J13: ='4.3.1.12-13 Soil leach runoff'!$F$52 -> t CO2e
A14: =HYPERLINK("#'4.3.1.5 Atmos Deposition'!A1", "4.3.1.5 Atmospheric deposition") -> 4.3.1.5 Atmospheric deposition | D14: Total | H14: =SUM(H7:H13) -> 285.97198 | I14: =SUM(I7:I13) -> 293.09766 | J14: t CO2e
A15: =HYPERLINK("#'4.3.1.6-7 Leaching and runoff'!A1", "4.3.1.6-7 Leaching and runoff") -> 4.3.1.6-7 Leaching and runoff
A16: =HYPERLINK("#'4.3.1.8 Manure applied to soils'!A1", "4.3.1.8 Manure applied to soils") -> 4.3.1.8 Manure applied to soils | D16: 4.3.1.8 Manure applied to soils
A17: =HYPERLINK("#'4.3.1.9 Soil direct N2O'!A1", "4.3.1.9 Soil direct N2O") -> 4.3.1.9 Soil direct N2O | D17: WARNING: Manure nitrogen that was applied to soils must be accounted for
A18: =HYPERLINK("#'4.3.1.10-11 Soil Atmos Dep'!A1", "4.3.1.10-11 Soil atm. deposition") -> 4.3.1.10-11 Soil atm. deposition | D18: See the table below for how to account for manure applied to soils for scope 1 and 3.
A19: =HYPERLINK("#'4.3.1.12-13 Soil leach runoff'!A1", "4.3.1.12-13 Soil leach & runoff") -> 4.3.1.12-13 Soil leach & runoff | D19: Manure nitrogen use | E19: Amount of N in manure | F19: N unit | G19: Emissions allocated to | H19: VEERG Calculation method
D20: Manure nitrogen deposited on farm soils (including use as fertiliser for other enterprises on own farm eg crops) | E20: ='4.3.1.8 Manure applied to soils'!$E$85 -> 9379.2609 | F20: kg N | G20: Scope 1 - This dairy | H20: 5.2.2.1 (1), 5.4.1.3 (1, 2), 5.5.1.1 (1, 3)
A21: APPENDICES | D21: Manure nitrogen deposited on farm soils as fertiliser for other farm enterpsies (eg crops) | E21: ='4.3.1.8 Manure applied to soils'!$E$148 -> 3126.4203 | F21: kg N | G21: Scope 1 - This dairy | H21: 5.2.2.1 (1), 5.4.1.3 (1, 2), 5.5.1.1 (1, 3)
A22: =HYPERLINK("#'Constants - Dairy'!A1", "Constants - Dairy") -> Constants - Dairy | D22: Manure nitrogen sold | E22: ='4.3.1.8 Manure applied to soils'!$E$115 -> 3126.4203 | F22: kg N | G22: Scope 3 (downstream) | H22: 15.13.1.1 (1), 5.2.2.1 (1), 5.4.1.3 (1, 2), 5.5.1.1 (1, 3)
A23: =HYPERLINK("#'Constants - Livestock'!A1", "Constants - Livestock") -> Constants - Livestock
A24: =HYPERLINK("#'Constants - Common'!A1", "Constants - Common") -> Constants - Common
A25: =HYPERLINK("#'Acknowledgements'!A1", "Acknowledgements") -> Acknowledgements

Sheet Input - Site
A1: #VALUE! | C1: Input - Site
A3: =HYPERLINK("#'Home'!A1", "Home") -> Home
A4: =HYPERLINK("#'Overview'!A1", "Overview") -> Overview
A5: =HYPERLINK("#'Results'!A1", "Results") -> Results | D5: Your business
A7: INPUTS | D7: Farm name | E7: Test Farms
A8: =HYPERLINK("#'Input - Site'!A1", "Site") -> Site | D8: Reporting entity name | E8: Test Farms Pty Ltd
A9: =HYPERLINK("#'Input - Dairy'!A1", "Dairy") -> Dairy
D10: 💡An 'Emissions accounting period' is a 12 month period where the business can report on the emissions, and is typically the same as the business' financial accounting period.
A11: CALCULATIONS
A12: =HYPERLINK("#'4.3.1.1-2 Methane'!A1", "4.3.1.1-2 Methane") -> 4.3.1.1-2 Methane | D12: Emissions calculation period start date | E12: 45292 | F12: ← DD/MM/YYYY or DD Month YYYY
A13: =HYPERLINK("#'4.3.1.3-4 Direct N20'!A1", "4.3.1.3-4 Direct N2O") -> 4.3.1.3-4 Direct N2O | D13: Emissions calculation period end date | E13: =DATE(YEAR(E12)+1,MONTH(E12),DAY(E12))-1 -> 45657 | F13: ← Automatically calculated, 12 months after start date
A14: =HYPERLINK("#'4.3.1.5 Atmos Deposition'!A1", "4.3.1.5 Atmospheric deposition") -> 4.3.1.5 Atmospheric deposition
A15: =HYPERLINK("#'4.3.1.6-7 Leaching and runoff'!A1", "4.3.1.6-7 Leaching and runoff") -> 4.3.1.6-7 Leaching and runoff
A16: =HYPERLINK("#'4.3.1.8 Manure applied to soils'!A1", "4.3.1.8 Manure applied to soils") -> 4.3.1.8 Manure applied to soils | D16: Location and climate
A17: =HYPERLINK("#'4.3.1.9 Soil direct N2O'!A1", "4.3.1.9 Soil direct N2O") -> 4.3.1.9 Soil direct N2O
A18: =HYPERLINK("#'4.3.1.10-11 Soil Atmos Dep'!A1", "4.3.1.10-11 Soil atm. deposition") -> 4.3.1.10-11 Soil atm. deposition | D18: Location information is used to reference some region and climate-specific emission factors
A19: =HYPERLINK("#'4.3.1.12-13 Soil leach runoff'!A1", "4.3.1.12-13 Soil leach & runoff") -> 4.3.1.12-13 Soil leach & runoff | D19: Tip: Use the web-based GAF Location Helper tool to easily get region and climate information. You will need an internet connection to use the GAF Location Helper.
A21: APPENDICES | D21: State | E21: New South Wales | F21: ← Please select
A22: =HYPERLINK("#'Constants - Dairy'!A1", "Constants - Dairy") -> Constants - Dairy | D22: Region (ABS Statistical area level 4) if state is WA | E22: Western Australia - Outback (South) | F22: ← Please select
A23: =HYPERLINK("#'Constants - Livestock'!A1", "Constants - Livestock") -> Constants - Livestock | D23: Leaching zone | E23: NO - Not in leaching zone | F23: ← Please select
A24: =HYPERLINK("#'Constants - Common'!A1", "Constants - Common") -> Constants - Common | D24: Elevation | E24: 307.7 | F24: Meters
A25: =HYPERLINK("#'Acknowledgements'!A1", "Acknowledgements") -> Acknowledgements | D25: Average temperature for reporting period | E25: 18 | F25: Degrees celsius
D26: Total rainfall for reporting period | E26: 601 | F26: Millimetres
D27: Potential evapotranspiration for reporting period | E27: 1326 | F27: Millimetres
D28: Number of frost days for reporting period | E28: 7 | F28: Days
D29: MAP:PET ratio | E29: =E26/E27 -> 0.45324284
D30: Rainfall zone | E30: =Common_InputFunctions.Utility_LookupItemFromMinMax(E26,Table_SourceData_RainfallZones[Min rainfall],Table_SourceData_RainfallZones[Max rainfall],Table_SourceData_RainfallZones[Rainfall Zone]) -> High rainfall
D31: Climate zone | E31: =Common_InputFunctions.Utility_GetClimateZone(E25,E26,E28,E24,E29,Table_SourceData_ClimateZones[Min temp],Table_SourceData_ClimateZones[Max temp],Table_SourceData_ClimateZones[Min rainfall],Table_SourceData_ClimateZones[Max rainfall],Table_SourceData_ClimateZones[Min frost days],Table_SourceData_ClimateZones[Max frost days],Table_SourceData_ClimateZones[Min elevation],Table_SourceData_ClimateZones[Max elevation],Table_SourceData_ClimateZones[Min MAP:PET],Table_SourceData_ClimateZones[Max MAP:PET],Table_SourceData_ClimateZones[Climate zone]) -> Warm temperate dry
D32: Wet or dry climate zone | E32: =Common_InputFunctions.Utility_LookupValueInTable($E$31,Table_SourceData_WetDryZones[Climate zone],Table_SourceData_WetDryZones[Wet or Dry Zone]) -> Dry climate zone
D33: Temperature zone | E33: =Common_InputFunctions.Utility_LookupItemFromMinMax(E25,Table_SourceData_TemperatureZones[Min MAT],Table_SourceData_TemperatureZones[Max MAT],Table_SourceData_TemperatureZones[Temperature Zone]) -> Temperate

Sheet Input - Dairy
A1: #VALUE! | C1: Input -Dairy
A3: =HYPERLINK("#'Home'!A1", "Home") -> Home
A4: =HYPERLINK("#'Overview'!A1", "Overview") -> Overview
A5: =HYPERLINK("#'Results'!A1", "Results") -> Results | D5: Herd movement
A7: INPUTS | D7: Breed | E7: Medium Friesian | F7: ← Please select
A8: =HYPERLINK("#'Input - Site'!A1", "Site") -> Site
A9: =HYPERLINK("#'Input - Dairy'!A1", "Dairy") -> Dairy | E9: Milking cows | F9: Heifers > 1 year | G9: Heifers < 1 year | H9: Bulls > 1 year | I9: Bulls < 1 year
D10: ="Average number of head between " & TEXT('Input - Site'!$E$12, "dd mmm yy") & " and " & TEXT('Input - Site'!$E$13, "dd mmm yy") -> Average number of head between 01 Jan 24 and 31 Dec 24 | E10: 100 | F10: 100 | G10: 100 | H10: 100 | I10: 100 | J10: head
A11: CALCULATIONS
A12: =HYPERLINK("#'4.3.1.1-2 Methane'!A1", "4.3.1.1-2 Methane") -> 4.3.1.1-2 Methane | D12: Liveweight
A13: =HYPERLINK("#'4.3.1.3-4 Direct N20'!A1", "4.3.1.3-4 Direct N2O") -> 4.3.1.3-4 Direct N2O | D13: Method 1 default values (Do not edit) | E13: Milking cows | F13: Heifers > 1 year | G13: Heifers < 1 year | H13: Bulls > 1 year | I13: Bulls < 1 year
A14: =HYPERLINK("#'4.3.1.5 Atmos Deposition'!A1", "4.3.1.5 Atmospheric deposition") -> 4.3.1.5 Atmospheric deposition | D14: Average liveweight | E14: {=Common_InputFunctions.Utility_LookupValueInTableNumber($E$7, Table_SourceData_Dairy_WjCowsHeifers[Breed],Table_SourceData_Dairy_WjCowsHeifers[Milking cows])} -> 550 | F14: {=Common_InputFunctions.Utility_LookupValueInTableNumber($E$7, Table_SourceData_Dairy_WjCowsHeifers[Breed],Table_SourceData_Dairy_WjCowsHeifers[Heifers > 1])} -> 380 | G14: {=Common_InputFunctions.Utility_LookupValueInTableNumber($E$7, Table_SourceData_Dairy_WjCowsHeifers[Breed],Table_SourceData_Dairy_WjCowsHeifers[Heifers < 1 (weaned)])} -> 155 | H14: {=Table_SourceData_Dairy_WjBulls[Bulls > 1]} -> 600 | I14: {=Table_SourceData_Dairy_WjBulls[Bulls < 1 (weaned)]} -> 225 | J14: kg/head
A15: =HYPERLINK("#'4.3.1.6-7 Leaching and runoff'!A1", "4.3.1.6-7 Leaching and runoff") -> 4.3.1.6-7 Leaching and runoff | D15: Average liveweight gain | E15: {=Table_SourceData_Dairy_LWGj[Milking cows]} -> 0.016 | F15: {=Table_SourceData_Dairy_LWGj[Heifers > 1]} -> 0.6 | G15: {=Table_SourceData_Dairy_LWGj[Heifers < 1 (weaned)]} -> 0.57 | H15: {=Table_SourceData_Dairy_LWGj[Bulls > 1]} -> 0.1 | I15: {=Table_SourceData_Dairy_LWGj[Bulls < 1 (weaned)]} -> 0.8 | J15: kg/head/day
A16: =HYPERLINK("#'4.3.1.8 Manure applied to soils'!A1", "4.3.1.8 Manure applied to soils") -> 4.3.1.8 Manure applied to soils
A17: =HYPERLINK("#'4.3.1.9 Soil direct N2O'!A1", "4.3.1.9 Soil direct N2O") -> 4.3.1.9 Soil direct N2O | D17: Method 2 custom values (Edit if known) | E17: Milking cows | F17: Heifers > 1 year | G17: Heifers < 1 year | H17: Bulls > 1 year | I17: Bulls < 1 year
A18: =HYPERLINK("#'4.3.1.10-11 Soil Atmos Dep'!A1", "4.3.1.10-11 Soil atm. deposition") -> 4.3.1.10-11 Soil atm. deposition | D18: Average liveweight | E18: {=Common_InputFunctions.Utility_LookupValueInTableNumber($E$7, Table_SourceData_Dairy_WjCowsHeifers[Breed],Table_SourceData_Dairy_WjCowsHeifers[Milking cows])} -> 550 | F18: {=Common_InputFunctions.Utility_LookupValueInTableNumber($E$7, Table_SourceData_Dairy_WjCowsHeifers[Breed],Table_SourceData_Dairy_WjCowsHeifers[Heifers > 1])} -> 380 | G18: {=Common_InputFunctions.Utility_LookupValueInTableNumber($E$7, Table_SourceData_Dairy_WjCowsHeifers[Breed],Table_SourceData_Dairy_WjCowsHeifers[Heifers < 1 (weaned)])} -> 155 | H18: {=Table_SourceData_Dairy_WjBulls[Bulls > 1]} -> 600 | I18: {=Table_SourceData_Dairy_WjBulls[Bulls < 1 (weaned)]} -> 225 | J18: kg/head
A19: =HYPERLINK("#'4.3.1.12-13 Soil leach runoff'!A1", "4.3.1.12-13 Soil leach & runoff") -> 4.3.1.12-13 Soil leach & runoff | D19: Average liveweight gain | E19: {=Table_SourceData_Dairy_LWGj[Milking cows]} -> 0.016 | F19: {=Table_SourceData_Dairy_LWGj[Heifers > 1]} -> 0.6 | G19: {=Table_SourceData_Dairy_LWGj[Heifers < 1 (weaned)]} -> 0.57 | H19: {=Table_SourceData_Dairy_LWGj[Bulls > 1]} -> 0.1 | I19: {=Table_SourceData_Dairy_LWGj[Bulls < 1 (weaned)]} -> 0.8 | J19: kg/head/day
A21: APPENDICES | D21: Duration of stay
A22: =HYPERLINK("#'Constants - Dairy'!A1", "Constants - Dairy") -> Constants - Dairy
A23: =HYPERLINK("#'Constants - Livestock'!A1", "Constants - Livestock") -> Constants - Livestock | D23: Method 1 default values (Do not edit) | E23: Milking cows | F23: Heifers > 1 year | G23: Heifers < 1 year | H23: Bulls > 1 year | I23: Bulls < 1 year
A24: =HYPERLINK("#'Constants - Common'!A1", "Constants - Common") -> Constants - Common | D24: ="Average duration of stay between " & TEXT('Input - Site'!$E$12, "dd mmm yy") & " and " & TEXT('Input - Site'!$E$13, "dd mmm yy") & " weaned livestock" -> Average duration of stay between 01 Jan 24 and 31 Dec 24 weaned livestock | E24: {=Common_InputFunctions.Utility_LookupValueInTableNumber(E23,Table_SourceData_Dairy_Duration[Animal class j],Table_SourceData_Dairy_Duration[Duration (weaned)])} -> 365 | F24: {=Common_InputFunctions.Utility_LookupValueInTableNumber(F23,Table_SourceData_Dairy_Duration[Animal class j],Table_SourceData_Dairy_Duration[Duration (weaned)])} -> 365 | G24: {=Common_InputFunctions.Utility_LookupValueInTableNumber(G23,Table_SourceData_Dairy_Duration[Animal class j],Table_SourceData_Dairy_Duration[Duration (weaned)])} -> 281 | H24: {=Common_InputFunctions.Utility_LookupValueInTableNumber(H23,Table_SourceData_Dairy_Duration[Animal class j],Table_SourceData_Dairy_Duration[Duration (weaned)])} -> 365 | I24: {=Common_InputFunctions.Utility_LookupValueInTableNumber(I23,Table_SourceData_Dairy_Duration[Animal class j],Table_SourceData_Dairy_Duration[Duration (weaned)])} -> 281 | J24: Days
A25: =HYPERLINK("#'Acknowledgements'!A1", "Acknowledgements") -> Acknowledgements | D25: ="Average duration of stay between " & TEXT('Input - Site'!$E$12, "dd mmm yy") & " and " & TEXT('Input - Site'!$E$13, "dd mmm yy") & " pre-weaned livestock" -> Average duration of stay between 01 Jan 24 and 31 Dec 24 pre-weaned livestock | E25: {=Common_InputFunctions.Utility_LookupValueInTableNumber(E23,Table_SourceData_Dairy_Duration[Animal class j],Table_SourceData_Dairy_Duration[Duration (pre-weaned)])} -> 0 | F25: {=Common_InputFunctions.Utility_LookupValueInTableNumber(F23,Table_SourceData_Dairy_Duration[Animal class j],Table_SourceData_Dairy_Duration[Duration (pre-weaned)])} -> 0 | G25: {=Common_InputFunctions.Utility_LookupValueInTableNumber(G23,Table_SourceData_Dairy_Duration[Animal class j],Table_SourceData_Dairy_Duration[Duration (pre-weaned)])} -> 84 | H25: {=Common_InputFunctions.Utility_LookupValueInTableNumber(H23,Table_SourceData_Dairy_Duration[Animal class j],Table_SourceData_Dairy_Duration[Duration (pre-weaned)])} -> 0 | I25: {=Common_InputFunctions.Utility_LookupValueInTableNumber(I23,Table_SourceData_Dairy_Duration[Animal class j],Table_SourceData_Dairy_Duration[Duration (pre-weaned)])} -> 84 | J25: Days
D27: Method 2 custom values (Edit if known) | E27: Milking cows | F27: Heifers > 1 year | G27: Heifers < 1 year | H27: Bulls > 1 year | I27: Bulls < 1 year
D28: ="Average duration of stay between " & TEXT('Input - Site'!$E$12, "dd mmm yy") & " and " & TEXT('Input - Site'!$E$13, "dd mmm yy") & " weaned livestock" -> Average duration of stay between 01 Jan 24 and 31 Dec 24 weaned livestock | E28: {=Common_InputFunctions.Utility_LookupValueInTableNumber(E27,Table_SourceData_Dairy_Duration[Animal class j],Table_SourceData_Dairy_Duration[Duration (weaned)])} -> 365 | F28: {=Common_InputFunctions.Utility_LookupValueInTableNumber(F27,Table_SourceData_Dairy_Duration[Animal class j],Table_SourceData_Dairy_Duration[Duration (weaned)])} -> 365 | G28: {=Common_InputFunctions.Utility_LookupValueInTableNumber(G27,Table_SourceData_Dairy_Duration[Animal class j],Table_SourceData_Dairy_Duration[Duration (weaned)])} -> 281 | H28: {=Common_InputFunctions.Utility_LookupValueInTableNumber(H27,Table_SourceData_Dairy_Duration[Animal class j],Table_SourceData_Dairy_Duration[Duration (weaned)])} -> 365 | I28: {=Common_InputFunctions.Utility_LookupValueInTableNumber(I27,Table_SourceData_Dairy_Duration[Animal class j],Table_SourceData_Dairy_Duration[Duration (weaned)])} -> 281 | J28: Days
D29: ="Average duration of stay between " & TEXT('Input - Site'!$E$12, "dd mmm yy") & " and " & TEXT('Input - Site'!$E$13, "dd mmm yy") & " pre-weaned livestock" -> Average duration of stay between 01 Jan 24 and 31 Dec 24 pre-weaned livestock | E29: =365-E28 -> 0 | F29: =365-F28 -> 0 | G29: =365-G28 -> 84 | H29: =365-H28 -> 0 | I29: =365-I28 -> 84 | J29: Days
D33: Diet
D35: Method 1 default values (Do not edit) | E35: Milking cows | F35: Heifers > 1 year | G35: Heifers < 1 year | H35: Bulls > 1 year | I35: Bulls < 1 year
D36: Dry matter intake | E36: {=Common_InputFunctions.Utility_LookupValueInTableNumber(E35,Table_SourceData_Dairy_Duration[Animal class j],Table_SourceData_Dairy_Duration[Duration (weaned)])} -> 365 | F36: {=Common_InputFunctions.Utility_LookupValueInTableNumber(F35,Table_SourceData_Dairy_Duration[Animal class j],Table_SourceData_Dairy_Duration[Duration (weaned)])} -> 365 | G36: {=Common_InputFunctions.Utility_LookupValueInTableNumber(G35,Table_SourceData_Dairy_Duration[Animal class j],Table_SourceData_Dairy_Duration[Duration (weaned)])} -> 281 | H36: {=Common_InputFunctions.Utility_LookupValueInTableNumber(H35,Table_SourceData_Dairy_Duration[Animal class j],Table_SourceData_Dairy_Duration[Duration (weaned)])} -> 365 | I36: {=Common_InputFunctions.Utility_LookupValueInTableNumber(I35,Table_SourceData_Dairy_Duration[Animal class j],Table_SourceData_Dairy_Duration[Duration (weaned)])} -> 281 | J36: kgDM/head/day
D37: Dry matter digestibility | E37: ='Constants - Dairy'!$D$160 -> 0.75 | F37: ='Constants - Dairy'!$D$160 -> 0.75 | G37: ='Constants - Dairy'!$D$160 -> 0.75 | H37: ='Constants - Dairy'!$D$160 -> 0.75 | I37: ='Constants - Dairy'!$D$160 -> 0.75 | J37: Fraction
D38: Crude protein | E38: ='Constants - Dairy'!$D$153 -> 0.2 | F38: ='Constants - Dairy'!$D$153 -> 0.2 | G38: ='Constants - Dairy'!$D$153 -> 0.2 | H38: ='Constants - Dairy'!$D$153 -> 0.2 | I38: ='Constants - Dairy'!$D$153 -> 0.2 | J38: Fraction
D40: Method 2 custom values (Edit if known) | E40: Milking cows | F40: Heifers > 1 year | G40: Heifers < 1 year | H40: Bulls > 1 year | I40: Bulls < 1 year
D41: Dry matter intake | E41: {=Common_InputFunctions.Utility_LookupValueInTableNumber(E40,Table_SourceData_Dairy_Duration[Animal class j],Table_SourceData_Dairy_Duration[Duration (weaned)])} -> 365 | F41: {=Common_InputFunctions.Utility_LookupValueInTableNumber(F40,Table_SourceData_Dairy_Duration[Animal class j],Table_SourceData_Dairy_Duration[Duration (weaned)])} -> 365 | G41: {=Common_InputFunctions.Utility_LookupValueInTableNumber(G40,Table_SourceData_Dairy_Duration[Animal class j],Table_SourceData_Dairy_Duration[Duration (weaned)])} -> 281 | H41: {=Common_InputFunctions.Utility_LookupValueInTableNumber(H40,Table_SourceData_Dairy_Duration[Animal class j],Table_SourceData_Dairy_Duration[Duration (weaned)])} -> 365 | I41: {=Common_InputFunctions.Utility_LookupValueInTableNumber(I40,Table_SourceData_Dairy_Duration[Animal class j],Table_SourceData_Dairy_Duration[Duration (weaned)])} -> 281 | J41: kgDM/head/day
D42: Dry matter digestibility | E42: 0.75 | F42: 0.75 | G42: 0.75 | H42: 0.75 | I42: 0.75 | J42: Fraction
D43: Crude protein | E43: 0.2 | F43: 0.2 | G43: 0.2 | H43: 0.2 | I43: 0.2 | J43: Fraction
D47: Milk production
E48: Milking cows
D49: Average daily milk production | E49: 44 | F49: litres/head/day
D53: Production systems
D54: Time spent in production systems
D55: Production system template | E55: System 3: Pasture-grazed 3-9 months/year | F55: ← Please select
D57: Method 1 default values (Do not edit) | E57: Milking cows | F57: Heifers > 1 year | G57: Heifers < 1 year | H57: Bulls > 1 year | I57: Bulls < 1 year
D58: Pasture | E58: {=Common_InputFunctions.Utility_LookupValueInTableNumber($E$55, Table_SourceData_Dairy_ProductionSystemTemplates[Area],Table_SourceData_Dairy_ProductionSystemTemplates[Pasture])} -> 0.534 | F58: {=Common_InputFunctions.Utility_LookupValueInTableNumber($E$55, Table_SourceData_Dairy_ProductionSystemTemplates[Area],Table_SourceData_Dairy_ProductionSystemTemplates[Pasture])} -> 0.534 | G58: {=Common_InputFunctions.Utility_LookupValueInTableNumber($E$55, Table_SourceData_Dairy_ProductionSystemTemplates[Area],Table_SourceData_Dairy_ProductionSystemTemplates[Pasture])} -> 0.534 | H58: {=Common_InputFunctions.Utility_LookupValueInTableNumber($E$55, Table_SourceData_Dairy_ProductionSystemTemplates[Area],Table_SourceData_Dairy_ProductionSystemTemplates[Pasture])} -> 0.534 | I58: {=Common_InputFunctions.Utility_LookupValueInTableNumber($E$55, Table_SourceData_Dairy_ProductionSystemTemplates[Area],Table_SourceData_Dairy_ProductionSystemTemplates[Pasture])} -> 0.534 | J58: Percent
D59: Milking shed | E59: {=Common_InputFunctions.Utility_LookupValueInTableNumber($E$55, Table_SourceData_Dairy_ProductionSystemTemplates[Area],Table_SourceData_Dairy_ProductionSystemTemplates[Milking shed])} -> 0.11 | F59: {=Common_InputFunctions.Utility_LookupValueInTableNumber($E$55, Table_SourceData_Dairy_ProductionSystemTemplates[Area],Table_SourceData_Dairy_ProductionSystemTemplates[Milking shed])} -> 0.11 | G59: {=Common_InputFunctions.Utility_LookupValueInTableNumber($E$55, Table_SourceData_Dairy_ProductionSystemTemplates[Area],Table_SourceData_Dairy_ProductionSystemTemplates[Milking shed])} -> 0.11 | H59: {=Common_InputFunctions.Utility_LookupValueInTableNumber($E$55, Table_SourceData_Dairy_ProductionSystemTemplates[Area],Table_SourceData_Dairy_ProductionSystemTemplates[Milking shed])} -> 0.11 | I59: {=Common_InputFunctions.Utility_LookupValueInTableNumber($E$55, Table_SourceData_Dairy_ProductionSystemTemplates[Area],Table_SourceData_Dairy_ProductionSystemTemplates[Milking shed])} -> 0.11 | J59: Percent
D60: Feed pad | E60: {=Common_InputFunctions.Utility_LookupValueInTableNumber($E$55, Table_SourceData_Dairy_ProductionSystemTemplates[Area],Table_SourceData_Dairy_ProductionSystemTemplates[Feedpad])} -> 0.356 | F60: {=Common_InputFunctions.Utility_LookupValueInTableNumber($E$55, Table_SourceData_Dairy_ProductionSystemTemplates[Area],Table_SourceData_Dairy_ProductionSystemTemplates[Feedpad])} -> 0.356 | G60: {=Common_InputFunctions.Utility_LookupValueInTableNumber($E$55, Table_SourceData_Dairy_ProductionSystemTemplates[Area],Table_SourceData_Dairy_ProductionSystemTemplates[Feedpad])} -> 0.356 | H60: {=Common_InputFunctions.Utility_LookupValueInTableNumber($E$55, Table_SourceData_Dairy_ProductionSystemTemplates[Area],Table_SourceData_Dairy_ProductionSystemTemplates[Feedpad])} -> 0.356 | I60: {=Common_InputFunctions.Utility_LookupValueInTableNumber($E$55, Table_SourceData_Dairy_ProductionSystemTemplates[Area],Table_SourceData_Dairy_ProductionSystemTemplates[Feedpad])} -> 0.356 | J60: Percent
D62: Method 2 custom values (Edit if known) | E62: Milking cows | F62: Heifers > 1 year | G62: Heifers < 1 year | H62: Bulls > 1 year | I62: Bulls < 1 year
D63: Pasture | E63: {=Common_InputFunctions.Utility_LookupValueInTableNumber($E$55, Table_SourceData_Dairy_ProductionSystemTemplates[Area],Table_SourceData_Dairy_ProductionSystemTemplates[Pasture])} -> 0.534 | F63: {=Common_InputFunctions.Utility_LookupValueInTableNumber($E$55, Table_SourceData_Dairy_ProductionSystemTemplates[Area],Table_SourceData_Dairy_ProductionSystemTemplates[Pasture])} -> 0.534 | G63: {=Common_InputFunctions.Utility_LookupValueInTableNumber($E$55, Table_SourceData_Dairy_ProductionSystemTemplates[Area],Table_SourceData_Dairy_ProductionSystemTemplates[Pasture])} -> 0.534 | H63: {=Common_InputFunctions.Utility_LookupValueInTableNumber($E$55, Table_SourceData_Dairy_ProductionSystemTemplates[Area],Table_SourceData_Dairy_ProductionSystemTemplates[Pasture])} -> 0.534 | I63: {=Common_InputFunctions.Utility_LookupValueInTableNumber($E$55, Table_SourceData_Dairy_ProductionSystemTemplates[Area],Table_SourceData_Dairy_ProductionSystemTemplates[Pasture])} -> 0.534 | J63: Percent
D64: Milking shed | E64: {=Common_InputFunctions.Utility_LookupValueInTableNumber($E$55, Table_SourceData_Dairy_ProductionSystemTemplates[Area],Table_SourceData_Dairy_ProductionSystemTemplates[Milking shed])} -> 0.11 | F64: {=Common_InputFunctions.Utility_LookupValueInTableNumber($E$55, Table_SourceData_Dairy_ProductionSystemTemplates[Area],Table_SourceData_Dairy_ProductionSystemTemplates[Milking shed])} -> 0.11 | G64: {=Common_InputFunctions.Utility_LookupValueInTableNumber($E$55, Table_SourceData_Dairy_ProductionSystemTemplates[Area],Table_SourceData_Dairy_ProductionSystemTemplates[Milking shed])} -> 0.11 | H64: {=Common_InputFunctions.Utility_LookupValueInTableNumber($E$55, Table_SourceData_Dairy_ProductionSystemTemplates[Area],Table_SourceData_Dairy_ProductionSystemTemplates[Milking shed])} -> 0.11 | I64: {=Common_InputFunctions.Utility_LookupValueInTableNumber($E$55, Table_SourceData_Dairy_ProductionSystemTemplates[Area],Table_SourceData_Dairy_ProductionSystemTemplates[Milking shed])} -> 0.11 | J64: Percent
D65: Feed pad | E65: {=Common_InputFunctions.Utility_LookupValueInTableNumber($E$55, Table_SourceData_Dairy_ProductionSystemTemplates[Area],Table_SourceData_Dairy_ProductionSystemTemplates[Feedpad])} -> 0.356 | F65: {=Common_InputFunctions.Utility_LookupValueInTableNumber($E$55, Table_SourceData_Dairy_ProductionSystemTemplates[Area],Table_SourceData_Dairy_ProductionSystemTemplates[Feedpad])} -> 0.356 | G65: {=Common_InputFunctions.Utility_LookupValueInTableNumber($E$55, Table_SourceData_Dairy_ProductionSystemTemplates[Area],Table_SourceData_Dairy_ProductionSystemTemplates[Feedpad])} -> 0.356 | H65: {=Common_InputFunctions.Utility_LookupValueInTableNumber($E$55, Table_SourceData_Dairy_ProductionSystemTemplates[Area],Table_SourceData_Dairy_ProductionSystemTemplates[Feedpad])} -> 0.356 | I65: {=Common_InputFunctions.Utility_LookupValueInTableNumber($E$55, Table_SourceData_Dairy_ProductionSystemTemplates[Area],Table_SourceData_Dairy_ProductionSystemTemplates[Feedpad])} -> 0.356 | J65: Percent
D69: Manure management systems
D70: ="From " & $D$59 -> From Milking shed
D71: Solid separation from stage 1 MMS | E71: Were solids separated? (select) | F71: Percent separated (Method 1) | G71: Percent separated (Method 2)
D72: ='Constants - Dairy'!$D$8 -> Anaerobic lagoon | E72: Yes | F72: 0.2 | G72: 0.2
D73: ='Constants - Dairy'!$D$9 -> Sump and dispersal system | E73: Yes | F73: 0.2 | G73: 0.2
D74: ='Constants - Dairy'!$D$10 -> Drains to paddock | E74: Yes | F74: 0.2 | G74: 0.2
D75: ▼
D76: Stage 1 MMS | E76: Milking cows | F76: Heifers > 1 year | G76: Heifers < 1 year | H76: Bulls > 1 year | I76: Bulls < 1 year | J76: ► | K76: Destination after stage 2 MMS (Percent)
K77: Sold | L77: Fert for own farm (eg crop) | M77: Direct application to soil
D78: ='Constants - Dairy'!$D$8 -> Anaerobic lagoon | E78: 0.25 | F78: 0.25 | G78: 0.25 | H78: 0.25 | I78: 0.25 | J78: Percent | K78: 0.25 | L78: 0.25 | M78: =1-SUM(K78:L78) -> 0.5
D79: ='Constants - Dairy'!$D$9 -> Sump and dispersal system | E79: 0.25 | F79: 0.25 | G79: 0.25 | H79: 0.25 | I79: 0.25 | J79: Percent | K79: 0.25 | L79: 0.25 | M79: =1-SUM(K79:L79) -> 0.5
D80: ='Constants - Dairy'!$D$10 -> Drains to paddock | E80: 0.25 | F80: 0.25 | G80: 0.25 | H80: 0.25 | I80: 0.25 | J80: Percent | K80: 0.25 | L80: 0.25 | M80: =1-SUM(K80:L80) -> 0.5
D81: ='Constants - Dairy'!$D$11 & " (before solid separation)" -> Solid storage (before solid separation) | E81: 0.25 | F81: 0.25 | G81: 0.25 | H81: 0.25 | I81: 0.25 | J81: Percent | K81: 0.25 | L81: 0.25 | M81: =1-SUM(K81:L81) -> 0.5
D82: Solid storage (after solid separation) - Method 1 | E82: =E81+(E78*$F72)+(E79*$F73)+(E80*$F74) -> 0.4 | F82: =F81+(F78*$F72)+(F79*$F73)+(F80*$F74) -> 0.4 | G82: =G81+(G78*$F72)+(G79*$F73)+(G80*$F74) -> 0.4 | H82: =H81+(H78*$F72)+(H79*$F73)+(H80*$F74) -> 0.4 | I82: =I81+(I78*$F72)+(I79*$F73)+(I80*$F74) -> 0.4 | J82: Percent
D83: Solid storage (after solid separation) - Method 2 | E83: =E81+(E78*$G72)+(E79*$G73)+(E80*$G74) -> 0.4 | F83: =F81+(F78*$G72)+(F79*$G73)+(F80*$G74) -> 0.4 | G83: =G81+(G78*$G72)+(G79*$G73)+(G80*$G74) -> 0.4 | H83: =H81+(H78*$G72)+(H79*$G73)+(H80*$G74) -> 0.4 | I83: =I81+(I78*$G72)+(I79*$G73)+(I80*$G74) -> 0.4 | J83: Percent
D86: ="From " & $D$60 -> From Feed pad
D87: Solid separation from stage 1 MMS | E87: Were solids separated? (select) | F87: Percent separated (Method 1) | G87: Percent separated (Method 2)
D88: ='Constants - Dairy'!$D$8 -> Anaerobic lagoon | E88: No | F88: =IF(E88="Yes", 20%, 0) -> 0 | G88: =IF(E88="Yes", 20%, 0) -> 0
D89: ='Constants - Dairy'!$D$9 -> Sump and dispersal system | E89: Yes | F89: =IF(E89="Yes", 20%, 0) -> 0.2 | G89: =IF(E89="Yes", 20%, 0) -> 0.2
D90: ='Constants - Dairy'!$D$10 -> Drains to paddock | E90: Yes | F90: =IF(E90="Yes", 20%, 0) -> 0.2 | G90: =IF(E90="Yes", 20%, 0) -> 0.2
D91: ▼
D92: Stage 1 MMS | E92: Milking cows | F92: Heifers > 1 year | G92: Heifers < 1 year | H92: Bulls > 1 year | I92: Bulls < 1 year | J92: ► | K92: Destination after stage 2 MMS (Percent)
K93: Sold | L93: Fert for own farm (eg crop) | M93: Direct application to soil
D94: ='Constants - Dairy'!$D$8 -> Anaerobic lagoon | E94: 0.25 | F94: 0.25 | G94: 0.25 | H94: 0.25 | I94: 0.25 | J94: Percent | K94: 0.25 | L94: 0.25 | M94: =1-SUM(K94:L94) -> 0.5
D95: ='Constants - Dairy'!$D$9 -> Sump and dispersal system | E95: 0.25 | F95: 0.25 | G95: 0.25 | H95: 0.25 | I95: 0.25 | J95: Percent | K95: 0.25 | L95: 0.25 | M95: =1-SUM(K95:L95) -> 0.5
D96: ='Constants - Dairy'!$D$10 -> Drains to paddock | E96: 0.25 | F96: 0.25 | G96: 0.25 | H96: 0.25 | I96: 0.25 | J96: Percent | K96: 0.25 | L96: 0.25 | M96: =1-SUM(K96:L96) -> 0.5
D97: ='Constants - Dairy'!$D$11 & " (before solid separation)" -> Solid storage (before solid separation) | E97: 0.25 | F97: 0.25 | G97: 0.25 | H97: 0.25 | I97: 0.25 | J97: Percent | K97: 0.25 | L97: 0.25 | M97: =1-SUM(K97:L97) -> 0.5
D98: Solid storage (after solid separation) - Method 1 | E98: =E97+(E94*$F88)+(E95*$F89)+(E96*$F90) -> 0.35 | F98: =F97+(F94*$F88)+(F95*$F89)+(F96*$F90) -> 0.35 | G98: =G97+(G94*$F88)+(G95*$F89)+(G96*$F90) -> 0.35 | H98: =H97+(H94*$F88)+(H95*$F89)+(H96*$F90) -> 0.35 | I98: =I97+(I94*$F88)+(I95*$F89)+(I96*$F90) -> 0.35 | J98: Percent
D99: Solid storage (after solid separation) - Method 2 | E99: =E97+(E94*$G88)+(E95*$G89)+(E96*$G90) -> 0.35 | F99: =F97+(F94*$G88)+(F95*$G89)+(F96*$G90) -> 0.35 | G99: =G97+(G94*$G88)+(G95*$G89)+(G96*$G90) -> 0.35 | H99: =H97+(H94*$G88)+(H95*$G89)+(H96*$G90) -> 0.35 | I99: =I97+(I94*$G88)+(I95*$G89)+(I96*$G90) -> 0.35 | J99: Percent
D102: Where deposited on farm soils as waste, what is the closest match? | E102: Pasture | F102: ← Please select
E103: Sprinkler irrigation | F103: ← Please select
D132: Post treatment destinations
D133: ="From " & $D$59 -> From Milking shed
D135: Stage 1 MMS | E135: Milking cows | F135: Heifers > 1 year | G135: Heifers < 1 year | H135: Bulls > 1 year | I135: Bulls < 1 year
D136: ="Sent from stage 1: " & $D$78 & " to:" -> Sent from stage 1: Anaerobic lagoon to:
D137: Sold as fertiliser | F137: 0.25 | G137: 0.25 | H137: 0.25 | I137: 0.25 | J137: Percent
D138: Applied to farm soils as fertiliser | F138: 0.25 | G138: 0.25 | H138: 0.25 | I138: 0.25 | J138: Percent
D139: Deposited on farm soils as waste (Direct application MMS) | F139: =1-SUM(F137:F138) -> 0.5 | G139: =1-SUM(G137:G138) -> 0.5 | H139: =1-SUM(H137:H138) -> 0.5 | I139: =1-SUM(I137:I138) -> 0.5 | J139: Percent
D141: ="Sent from stage 1: " & $D$79 & " to:" -> Sent from stage 1: Sump and dispersal system to:
D142: Sold as fertiliser | E142: 0.25 | F142: 0.25 | G142: 0.25 | H142: 0.25 | I142: 0.25 | J142: Percent
D143: Applied to farm soils as fertiliser | E143: 0.25 | F143: 0.25 | G143: 0.25 | H143: 0.25 | I143: 0.25 | J143: Percent
D144: Deposited on farm soils as waste (Direct application MMS) | E144: =1-SUM(E142:E143) -> 0.5 | F144: =1-SUM(F142:F143) -> 0.5 | G144: =1-SUM(G142:G143) -> 0.5 | H144: =1-SUM(H142:H143) -> 0.5 | I144: =1-SUM(I142:I143) -> 0.5 | J144: Percent
D146: ="Sent from stage 1: " & $D$80 & " to:" -> Sent from stage 1: Drains to paddock to:
D147: Sold as fertiliser | E147: 0.25 | F147: 0.25 | G147: 0.25 | H147: 0.25 | I147: 0.25 | J147: Percent
D148: Applied to farm soils as fertiliser | E148: 0.25 | F148: 0.25 | G148: 0.25 | H148: 0.25 | I148: 0.25 | J148: Percent
D149: Deposited on farm soils as waste (Direct application MMS) | E149: =1-SUM(E147:E148) -> 0.5 | F149: =1-SUM(F147:F148) -> 0.5 | G149: =1-SUM(G147:G148) -> 0.5 | H149: =1-SUM(H147:H148) -> 0.5 | I149: =1-SUM(I147:I148) -> 0.5 | J149: Percent
D151: ="Sent from stage 1: " & $D$81 & " to:" -> Sent from stage 1: Solid storage (before solid separation) to:
D152: Sold as fertiliser | E152: 0.25 | F152: 0.25 | G152: 0.25 | H152: 0.25 | I152: 0.25 | J152: Percent
D153: Applied to farm soils as fertiliser | E153: 0.25 | F153: 0.25 | G153: 0.25 | H153: 0.25 | I153: 0.25 | J153: Percent
D154: Deposited on farm soils as waste (Direct application MMS) | E154: =1-SUM(E152:E153) -> 0.5 | F154: =1-SUM(F152:F153) -> 0.5 | G154: =1-SUM(G152:G153) -> 0.5 | H154: =1-SUM(H152:H153) -> 0.5 | I154: =1-SUM(I152:I153) -> 0.5 | J154: Percent
D157: ="From " & $D$60 -> From Feed pad
D159: Stage 1 MMS | E159: Milking cows | F159: Heifers > 1 year | G159: Heifers < 1 year | H159: Bulls > 1 year | I159: Bulls < 1 year
...

Sheet 4.3.1.1-2 Methane
A1: #VALUE! | C1: 4.3.1.1-2 Manure Methane
A3: =HYPERLINK("#'Home'!A1", "Home") -> Home | D3: Method 1 | O3: Method 2
A4: =HYPERLINK("#'Overview'!A1", "Overview") -> Overview
A5: =HYPERLINK("#'Results'!A1", "Results") -> Results | D5: {=EntericMethane_Dairy_Equations.VEERG_3_3_1_1__6_MetabolisabilityOfDiet_Title()} -> Metabolisability of diet
D6: {=EntericMethane_Dairy_Equations.VEERG_3_3_1_1__6_MetabolisabilityOfDiet_Source()} -> VEERG 2026: 3.3.1.1, Equation (6)
A7: INPUTS | D7: Function name | E7: {=Common_InputFunctions.Utility_DisplayFunctionName(D23)} -> =EntericMethane_Dairy_Equations.VEERG_3_3_1_1__6_MetabolisabilityOfDiet
A8: =HYPERLINK("#'Input - Site'!A1", "Site") -> Site
A9: =HYPERLINK("#'Input - Dairy'!A1", "Dairy") -> Dairy
D10: Variable | E10: {=EntericMethane_Dairy_Equations.VEERG_3_3_1_1__6_MetabolisabilityOfDiet_Variable()} -> qm_j
A11: CALCULATIONS | D11: Unit | E11: {=EntericMethane_Dairy_Equations.VEERG_3_3_1_1__6_MetabolisabilityOfDiet_Unit()} -> fraction
A12: =HYPERLINK("#'4.3.1.1-2 Methane'!A1", "4.3.1.1-2 Methane") -> 4.3.1.1-2 Methane
A13: =HYPERLINK("#'4.3.1.3-4 Direct N20'!A1", "4.3.1.3-4 Direct N2O") -> 4.3.1.3-4 Direct N2O | D13: {=_xlfn.CHOOSECOLS(EntericMethane_Dairy_Equations.VEERG_3_3_1_1__6_MetabolisabilityOfDiet_Arguments(), 1,2)} -> DMD_j | E13: dry matter digestibility expressed as a fraction | G13: {=_xlfn.CHOOSECOLS(EntericMethane_Dairy_Equations.VEERG_3_3_1_1__6_MetabolisabilityOfDiet_Arguments(), 3,4)} -> fraction | H13: Input | I13: ="See " & D15 -> See M1_Table_DMD_j
A14: =HYPERLINK("#'4.3.1.5 Atmos Deposition'!A1", "4.3.1.5 Atmospheric deposition") -> 4.3.1.5 Atmospheric deposition
A15: =HYPERLINK("#'4.3.1.6-7 Leaching and runoff'!A1", "4.3.1.6-7 Leaching and runoff") -> 4.3.1.6-7 Leaching and runoff | D15: M1_Table_DMD_j | O15: M2_Table_DMD_j
A16: =HYPERLINK("#'4.3.1.8 Manure applied to soils'!A1", "4.3.1.8 Manure applied to soils") -> 4.3.1.8 Manure applied to soils | D16: Dry matter digestibility (Method 1) | O16: Dry matter digestibility (Method 2)
A17: =HYPERLINK("#'4.3.1.9 Soil direct N2O'!A1", "4.3.1.9 Soil direct N2O") -> 4.3.1.9 Soil direct N2O | D17: Milking cows | E17: Heifers > 1 year | F17: Heifers < 1 year | G17: Bulls > 1 year | H17: Bulls < 1 year | O17: Milking cows | P17: Heifers > 1 year | Q17: Heifers < 1 year | R17: Bulls > 1 year | S17: Bulls < 1 year
A18: =HYPERLINK("#'4.3.1.10-11 Soil Atmos Dep'!A1", "4.3.1.10-11 Soil atm. deposition") -> 4.3.1.10-11 Soil atm. deposition | D18: ='Input - Dairy'!$E$37 -> 0.75 | E18: ='Input - Dairy'!$F$37 -> 0.75 | F18: ='Input - Dairy'!$G$37 -> 0.75 | G18: ='Input - Dairy'!$H$37 -> 0.75 | H18: ='Input - Dairy'!$I$37 -> 0.75 | I18: fraction | O18: ='Input - Dairy'!$E$42 -> 0.75 | P18: ='Input - Dairy'!$F$42 -> 0.75 | Q18: ='Input - Dairy'!$G$42 -> 0.75 | R18: ='Input - Dairy'!$H$42 -> 0.75 | S18: ='Input - Dairy'!$I$42 -> 0.75 | T18: fraction
A19: =HYPERLINK("#'4.3.1.12-13 Soil leach runoff'!A1", "4.3.1.12-13 Soil leach & runoff") -> 4.3.1.12-13 Soil leach & runoff
D20: M1_Table_qm_j | O20: M2_Table_qm_j
A21: APPENDICES | D21: Metabolisability of diet (Method 1) | O21: Metabolisability of diet (Method 2)
A22: =HYPERLINK("#'Constants - Dairy'!A1", "Constants - Dairy") -> Constants - Dairy | D22: Milking cows | E22: Heifers > 1 year | F22: Heifers < 1 year | G22: Bulls > 1 year | H22: Bulls < 1 year | O22: Milking cows | P22: Heifers > 1 year | Q22: Heifers < 1 year | R22: Bulls > 1 year | S22: Bulls < 1 year
A23: =HYPERLINK("#'Constants - Livestock'!A1", "Constants - Livestock") -> Constants - Livestock | D23: {=EntericMethane_Dairy_Equations.VEERG_3_3_1_1__6_MetabolisabilityOfDiet(D18)} -> 59.6236 | E23: {=EntericMethane_Dairy_Equations.VEERG_3_3_1_1__6_MetabolisabilityOfDiet(E18)} -> 59.6236 | F23: {=EntericMethane_Dairy_Equations.VEERG_3_3_1_1__6_MetabolisabilityOfDiet(F18)} -> 59.6236 | G23: {=EntericMethane_Dairy_Equations.VEERG_3_3_1_1__6_MetabolisabilityOfDiet(G18)} -> 59.6236 | H23: {=EntericMethane_Dairy_Equations.VEERG_3_3_1_1__6_MetabolisabilityOfDiet(H18)} -> 59.6236 | I23: =$E$11 -> fraction | O23: {=EntericMethane_Dairy_Equations.VEERG_3_3_1_1__6_MetabolisabilityOfDiet(O18)} -> 59.6236 | P23: {=EntericMethane_Dairy_Equations.VEERG_3_3_1_1__6_MetabolisabilityOfDiet(P18)} -> 59.6236 | Q23: {=EntericMethane_Dairy_Equations.VEERG_3_3_1_1__6_MetabolisabilityOfDiet(Q18)} -> 59.6236 | R23: {=EntericMethane_Dairy_Equations.VEERG_3_3_1_1__6_MetabolisabilityOfDiet(R18)} -> 59.6236 | S23: {=EntericMethane_Dairy_Equations.VEERG_3_3_1_1__6_MetabolisabilityOfDiet(S18)} -> 59.6236 | T23: =$E$11 -> fraction
A24: =HYPERLINK("#'Constants - Common'!A1", "Constants - Common") -> Constants - Common
A25: =HYPERLINK("#'Acknowledgements'!A1", "Acknowledgements") -> Acknowledgements
D27: {=EntericMethane_Dairy_Equations.VEERG_3_3_1_1__4_AdditionalIntakeForMilkProduction_Title()} -> Additional intake required for milk production
D28: {=EntericMethane_Dairy_Equations.VEERG_3_3_1_1__4_AdditionalIntakeForMilkProduction_Source()} -> VEERG 2026: 3.3.1.1, Equation (4)
D29: Function name | E29: {=Common_InputFunctions.Utility_DisplayFunctionName(D49)} -> =EntericMethane_Dairy_Equations.VEERG_3_3_1_1__4_AdditionalIntakeForMilkProduction
D32: Variable | E32: {=EntericMethane_Dairy_Equations.VEERG_3_3_1_1__4_AdditionalIntakeForMilkProduction_Variable()} -> MI_j
D33: Unit | E33: {=EntericMethane_Dairy_Equations.VEERG_3_3_1_1__4_AdditionalIntakeForMilkProduction_Unit()} -> kg DM/head/day
D35: {=_xlfn.CHOOSECOLS(EntericMethane_Dairy_Equations.VEERG_3_3_1_1__4_AdditionalIntakeForMilkProduction_Arguments(), 1,2)} -> MP_j | E35: milk production | G35: {=_xlfn.CHOOSECOLS(EntericMethane_Dairy_Equations.VEERG_3_3_1_1__4_AdditionalIntakeForMilkProduction_Arguments(), 3,4)} -> L/head/day | H35: Input | I35: {=HYPERLINK(Common_InputFunctions.Utility_SourceHyperlink($D$41), $D$41)} -> Table_MP_j
D36: NE | E36: net energy | G36: MJ net energy/kg milk | H36: Constant | I36: ='Constants - Dairy'!$D$167 -> 3.054
D37: GEC | E37: gross energy content | G37: MJ/kgDM | H37: Constant | I37: ='Constants - Dairy'!$D$174 -> 18.4
D38: k | E38: efficiency of metabolizable energy use for milk production | G38: fraction | H38: Constant | I38: ='Constants - Dairy'!$D$181 -> 0.6
D39: qm_j | E39: metabolisability of the diet | G39: fraction | H39: Calculated from 3.3.1.1 (6) | I39: {=HYPERLINK(Common_InputFunctions.Utility_SourceHyperlink($D$20), $D$20)} -> M1_Table_qm_j
D41: Table_MP_j
D42: Milk production
D43: Milking cows | E43: Heifers > 1 year | F43: Heifers < 1 year | G43: Bulls > 1 year | H43: Bulls < 1 year
D44: ='Input - Dairy'!$E$49 -> 44 | E44: 0 | F44: 0 | G44: 0 | H44: 0 | I44: L/head/day
D46: M1_Table_MI_j | O46: M2_Table_MI_j
D47: Additional intake for milk production (Method 1) | O47: Additional intake for milk production (Method 2)
D48: Milking cows | E48: Heifers > 1 year | F48: Heifers < 1 year | G48: Bulls > 1 year | H48: Bulls < 1 year | O48: Milking cows | P48: Heifers > 1 year | Q48: Heifers < 1 year | R48: Bulls > 1 year | S48: Bulls < 1 year
D49: {=EntericMethane_Dairy_Equations.VEERG_3_3_1_1__4_AdditionalIntakeForMilkProduction(D44, $I$36,$I$37,$I$38,D23)} -> 0.21026727 | E49: {=EntericMethane_Dairy_Equations.VEERG_3_3_1_1__4_AdditionalIntakeForMilkProduction(E44, $I$36,$I$37,$I$38,E23)} -> 0 | F49: {=EntericMethane_Dairy_Equations.VEERG_3_3_1_1__4_AdditionalIntakeForMilkProduction(F44, $I$36,$I$37,$I$38,F23)} -> 0 | G49: {=EntericMethane_Dairy_Equations.VEERG_3_3_1_1__4_AdditionalIntakeForMilkProduction(G44, $I$36,$I$37,$I$38,G23)} -> 0 | H49: {=EntericMethane_Dairy_Equations.VEERG_3_3_1_1__4_AdditionalIntakeForMilkProduction(H44, $I$36,$I$37,$I$38,H23)} -> 0 | I49: =$E$33 -> kg DM/head/day | O49: {=EntericMethane_Dairy_Equations.VEERG_3_3_1_1__4_AdditionalIntakeForMilkProduction(D44, $I$36,$I$37,$I$38,O23)} -> 0.21026727 | P49: {=EntericMethane_Dairy_Equations.VEERG_3_3_1_1__4_AdditionalIntakeForMilkProduction(E44, $I$36,$I$37,$I$38,P23)} -> 0 | Q49: {=EntericMethane_Dairy_Equations.VEERG_3_3_1_1__4_AdditionalIntakeForMilkProduction(F44, $I$36,$I$37,$I$38,Q23)} -> 0 | R49: {=EntericMethane_Dairy_Equations.VEERG_3_3_1_1__4_AdditionalIntakeForMilkProduction(G44, $I$36,$I$37,$I$38,R23)} -> 0 | S49: {=EntericMethane_Dairy_Equations.VEERG_3_3_1_1__4_AdditionalIntakeForMilkProduction(H44, $I$36,$I$37,$I$38,S23)} -> 0 | T49: =$E$33 -> kg DM/head/day
A51: =HYPERLINK("#A1", "▲ Back to top") -> ▲ Back to top
D53: {=EntericMethane_Dairy_Equations.VEERG_3_3_1_1__3_DryMatterFeedIntake_Title()} -> Feed intake
D54: {=EntericMethane_Dairy_Equations.VEERG_3_3_1_1__3_DryMatterFeedIntake_Source()} -> VEERG 2026: 3.3.1.1, Equation (3)
D55: Function name | E55: {=Common_InputFunctions.Utility_DisplayFunctionName(D84)} -> =EntericMethane_Dairy_Equations.VEERG_3_3_1_1__3_DryMatterFeedIntake
D58: Variable | E58: {=EntericMethane_Dairy_Equations.VEERG_3_3_1_1__3_DryMatterFeedIntake_Variable()} -> I_j
D59: Unit | E59: {=EntericMethane_Dairy_Equations.VEERG_3_3_1_1__3_DryMatterFeedIntake_Unit()} -> kg DM/head/day
D61: {=_xlfn.CHOOSECOLS(EntericMethane_Dairy_Equations.VEERG_3_3_1_1__3_DryMatterFeedIntake_Arguments(),1,2)} -> W_j | E61: liveweight | G61: {=_xlfn.CHOOSECOLS(EntericMethane_Dairy_Equations.VEERG_3_3_1_1__3_DryMatterFeedIntake_Arguments(),3,4)} -> kg | H61: Input | I61: {=HYPERLINK(Common_InputFunctions.Utility_SourceHyperlink($D$66), $D$66)} -> M1_Table_W_j
D62: LWG_j | E62: liveweight gain | G62: kg/head/day | H62: Input | I62: {=HYPERLINK(Common_InputFunctions.Utility_SourceHyperlink($D$71), $D$71)} -> M1_Table_LWG_j
D63: MR_j | E63: increase in metabolic rate when producing milk | G63: fraction | H63: Constant | I63: {=HYPERLINK(Common_InputFunctions.Utility_SourceHyperlink($D$76), $D$76)} -> Table_MR_j
D64: MI_j | E64: additional intake required for milk production | G64: kg DM/head/day | H64: Calculated from 3.3.1.1 (4) | I64: {=HYPERLINK(Common_InputFunctions.Utility_SourceHyperlink($D$46), $D$46)} -> M1_Table_MI_j
D66: M1_Table_W_j | O66: M2_Table_W_j
D67: Liveweight for each animal class j (Method 1) | O67: Liveweight for each animal class j (Method 2)
D68: Milking cows | E68: Heifers > 1 year | F68: Heifers < 1 year | G68: Bulls > 1 year | H68: Bulls < 1 year | O68: Milking cows | P68: Heifers > 1 year | Q68: Heifers < 1 year | R68: Bulls > 1 year | S68: Bulls < 1 year
D69: ='Input - Dairy'!$E$14 -> 550 | E69: ='Input - Dairy'!$F$14 -> 380 | F69: ='Input - Dairy'!$G$14 -> 155 | G69: ='Input - Dairy'!$H$14 -> 600 | H69: ='Input - Dairy'!$I$14 -> 225 | I69: kg/head | O69: ='Input - Dairy'!$E$18 -> 550 | P69: ='Input - Dairy'!$F$18 -> 380 | Q69: ='Input - Dairy'!$G$18 -> 155 | R69: ='Input - Dairy'!$H$18 -> 600 | S69: ='Input - Dairy'!$I$18 -> 225 | T69: kg/head
D71: M1_Table_LWG_j | O71: M2_Table_LWG_j
D72: Liveweight gain for each animal class j (Method 1) | O72: Liveweight gain for each animal class j (Method 2)
D73: Milking cows | E73: Heifers > 1 year | F73: Heifers < 1 year | G73: Bulls > 1 year | H73: Bulls < 1 year | O73: Milking cows | P73: Heifers > 1 year | Q73: Heifers < 1 year | R73: Bulls > 1 year | S73: Bulls < 1 year
D74: ='Input - Dairy'!$E$15 -> 0.016 | E74: ='Input - Dairy'!$F$15 -> 0.6 | F74: ='Input - Dairy'!$G$15 -> 0.57 | G74: ='Input - Dairy'!$H$15 -> 0.1 | H74: ='Input - Dairy'!$I$15 -> 0.8 | I74: kg/head/day | O74: ='Input - Dairy'!$E$19 -> 0.016 | P74: ='Input - Dairy'!$F$19 -> 0.6 | Q74: ='Input - Dairy'!$G$19 -> 0.57 | R74: ='Input - Dairy'!$H$19 -> 0.1 | S74: ='Input - Dairy'!$I$19 -> 0.8 | T74: kg/head/day
D76: Table_MR_j
D77: Increase in metabolic rate when producing milk
D78: Milking cows | E78: Heifers > 1 year | F78: Heifers < 1 year | G78: Bulls > 1 year | H78: Bulls < 1 year
D79: ='Constants - Dairy'!$E$108 -> 1.1 | E79: ='Constants - Dairy'!$E$109 -> 1 | F79: ='Constants - Dairy'!$E$109 -> 1 | G79: ='Constants - Dairy'!$E$109 -> 1 | H79: ='Constants - Dairy'!$E$109 -> 1 | I79: Fraction
D81: M1_Table_I_j | O81: M2_Table_I_j
D82: Feed intake (Method 1) | O82: Feed intake (Method 2)
D83: Milking cows | E83: Heifers > 1 year | F83: Heifers < 1 year | G83: Bulls > 1 year | H83: Bulls < 1 year | O83: Milking cows | P83: Heifers > 1 year | Q83: Heifers < 1 year | R83: Bulls > 1 year | S83: Bulls < 1 year
D84: {=EntericMethane_Dairy_Equations.VEERG_3_3_1_1__3_DryMatterFeedIntake(D69,D74,D79,D49)} -> 9.4647128 | E84: {=EntericMethane_Dairy_Equations.VEERG_3_3_1_1__3_DryMatterFeedIntake(E69,E74,E79,E49)} -> 7.4188685 | F84: {=EntericMethane_Dairy_Equations.VEERG_3_3_1_1__3_DryMatterFeedIntake(F69,F74,F79,F49)} -> 4.0231735 | G84: {=EntericMethane_Dairy_Equations.VEERG_3_3_1_1__3_DryMatterFeedIntake(G69,G74,G79,G49)} -> 9.0270202 | H84: {=EntericMethane_Dairy_Equations.VEERG_3_3_1_1__3_DryMatterFeedIntake(H69,H74,H79,H49)} -> 5.4143473 | I84: =$E$59 -> kg DM/head/day | O84: {=EntericMethane_Dairy_Equations.VEERG_3_3_1_1__3_DryMatterFeedIntake(O69,O74,D79,O49)} -> 9.4647128 | P84: {=EntericMethane_Dairy_Equations.VEERG_3_3_1_1__3_DryMatterFeedIntake(P69,P74,E79,P49)} -> 7.4188685 | Q84: {=EntericMethane_Dairy_Equations.VEERG_3_3_1_1__3_DryMatterFeedIntake(Q69,Q74,F79,Q49)} -> 4.0231735 | R84: {=EntericMethane_Dairy_Equations.VEERG_3_3_1_1__3_DryMatterFeedIntake(R69,R74,G79,R49)} -> 9.0270202 | S84: {=EntericMethane_Dairy_Equations.VEERG_3_3_1_1__3_DryMatterFeedIntake(S69,S74,H79,S49)} -> 5.4143473 | T84: =$E$59 -> kg DM/head/day
D88: {=MMS_Dairy_Methane_Equations.VEERG_4_3_1_1__3_VolatileSolidsForWeanedDairyCattle_Title()} -> Volatile solids for weaned dairy cattle
D89: {=MMS_Dairy_Methane_Equations.VEERG_4_3_1_1__3_VolatileSolidsForWeanedDairyCattle_Source()} -> VEERG 2026: 4.3.1.1, Equation (3)
D90: Function name | E90: {=Common_InputFunctions.Utility_DisplayFunctionName(D103)} -> =MMS_Dairy_Methane_Equations.VEERG_4_3_1_1__3_VolatileSolidsForWeanedDairyCattle
D93: Variable | E93: {=MMS_Dairy_Methane_Equations.VEERG_4_3_1_1__3_VolatileSolidsForWeanedDairyCattle_Variable()} -> VS_j
D94: Unit | E94: {=MMS_Dairy_Methane_Equations.VEERG_4_3_1_1__3_VolatileSolidsForWeanedDairyCattle_Unit()} -> kg/head/day
D96: {=_xlfn.CHOOSECOLS(MMS_Dairy_Methane_Equations.VEERG_4_3_1_1__3_VolatileSolidsForWeanedDairyCattle_Arguments(), 1,2)} -> I_j | E96: dry matter feed intake (kgDM/head/day) | G96: {=_xlfn.CHOOSECOLS(MMS_Dairy_Methane_Equations.VEERG_4_3_1_1__3_VolatileSolidsForWeanedDairyCattle_Arguments(), 3,4)} -> kgDM/head/day | H96: Calculated from 3.3.1.1 (3) | I96: {=HYPERLINK(Common_InputFunctions.Utility_SourceHyperlink($D$81), $D$81)} -> M1_Table_I_j
D97: DMD_j | E97: dry matter digestibility | G97: fraction | H97: Input | I97: {=HYPERLINK(Common_InputFunctions.Utility_SourceHyperlink($D$15), $D$15)} -> M1_Table_DMD_j
D98: A | E98: ash content of feed intake | G98: fraction | H98: Constant | I98: ='Constants - Dairy'!$D$188 -> 0.08
D100: M1_Table_VS_j | O100: M2_Table_VS_j
D101: Volatile solids for weaned cattle (Method 1) | O101: Volatile solids for weaned cattle (Method 2)
D102: Milking cows | E102: Heifers > 1 year | F102: Heifers < 1 year | G102: Bulls > 1 year | H102: Bulls < 1 year | O102: Milking cows | P102: Heifers > 1 year | Q102: Heifers < 1 year | R102: Bulls > 1 year | S102: Bulls < 1 year
D103: {=MMS_Dairy_Methane_Equations.VEERG_4_3_1_1__3_VolatileSolidsForWeanedDairyCattle(D84,D18,$I$98)} -> 2.5251854 | E103: {=MMS_Dairy_Methane_Equations.VEERG_4_3_1_1__3_VolatileSolidsForWeanedDairyCattle(E84,E18,$I$98)} -> 1.9793541 | F103: {=MMS_Dairy_Methane_Equations.VEERG_4_3_1_1__3_VolatileSolidsForWeanedDairyCattle(F84,F18,$I$98)} -> 1.0733827 | G103: {=MMS_Dairy_Methane_Equations.VEERG_4_3_1_1__3_VolatileSolidsForWeanedDairyCattle(G84,G18,$I$98)} -> 2.408409 | H103: {=MMS_Dairy_Methane_Equations.VEERG_4_3_1_1__3_VolatileSolidsForWeanedDairyCattle(H84,H18,$I$98)} -> 1.4445479 | I103: =$E$94 -> kg/head/day | O103: {=MMS_Dairy_Methane_Equations.VEERG_4_3_1_1__3_VolatileSolidsForWeanedDairyCattle(O84,O18,$I$98)} -> 2.5251854 | P103: {=MMS_Dairy_Methane_Equations.VEERG_4_3_1_1__3_VolatileSolidsForWeanedDairyCattle(P84,P18,$I$98)} -> 1.9793541 | Q103: {=MMS_Dairy_Methane_Equations.VEERG_4_3_1_1__3_VolatileSolidsForWeanedDairyCattle(Q84,Q18,$I$98)} -> 1.0733827 | R103: {=MMS_Dairy_Methane_Equations.VEERG_4_3_1_1__3_VolatileSolidsForWeanedDairyCattle(R84,R18,$I$98)} -> 2.408409 | S103: {=MMS_Dairy_Methane_Equations.VEERG_4_3_1_1__3_VolatileSolidsForWeanedDairyCattle(S84,S18,$I$98)} -> 1.4445479 | T103: =$E$94 -> kg/head/day
A105: =HYPERLINK("#A1", "▲ Back to top") -> ▲ Back to top
D107: {=MMS_Dairy_Methane_Equations.VEERG_4_3_1_1__4_FractionVolatileSolidsNotSolidStorage_Title()} -> Fraction of volatile solids in each system other than solid storage
D108: {=MMS_Dairy_Methane_Equations.VEERG_4_3_1_1__4_FractionVolatileSolidsNotSolidStorage_Source()} -> VEERG 2026: 4.3.1.1, Equation (4)
D109: Function name | E109: {=Common_InputFunctions.Utility_DisplayFunctionName(F144)} -> =MMS_Dairy_Methane_Equations.VEERG_4_3_1_1__4_FractionVolatileSolidsNotSolidStorage
D112: Variable | E112: {=MMS_Dairy_Methane_Equations.VEERG_4_3_1_1__4_FractionVolatileSolidsNotSolidStorage_Variable()} -> FVS_jm
D113: Unit | E113: {=MMS_Dairy_Methane_Equations.VEERG_4_3_1_1__4_FractionVolatileSolidsNotSolidStorage_Unit()} -> fraction
D115: {=_xlfn.CHOOSECOLS(MMS_Dairy_Methane_Equations.VEERG_4_3_1_1__4_FractionVolatileSolidsNotSolidStorage_Arguments(),1,2)} -> MMS_jm | E115: fraction of manure to each primary MMS for each class prior to solid separation | G115: {=_xlfn.CHOOSECOLS(MMS_Dairy_Methane_Equations.VEERG_4_3_1_1__4_FractionVolatileSolidsNotSolidStorage_Arguments(),3,4)} -> fraction | H115: Input | I115: {=HYPERLINK(Common_InputFunctions.Utility_SourceHyperlink($D$118),$D$118)} -> M1_Table_MMS_j_m
D116: SS_m | E116: fraction of volatile solids separated to solid storage for each MMS | G116: fraction | H116: Input | I116: {=HYPERLINK(Common_InputFunctions.Utility_SourceHyperlink($D$129),$D$129)} -> M1_Table_SS_m
D118: M1_Table_MMS_j_m | O118: M2_Table_MMS_j_m
D119: Fraction of manure in each MMS prior to solid separation (Method 1) | O119: Fraction of manure in each MMS prior to solid separation (Method 2)
D120: Production system | E120: MMS | F120: Milking cows | G120: Heifers > 1 year | H120: Heifers < 1 year | I120: Bulls > 1 year | J120: Bulls < 1 year | O120: Production system | P120: MMS | Q120: Milking cows | R120: Heifers > 1 year | S120: Heifers < 1 year | T120: Bulls > 1 year | U120: Bulls < 1 year
D121: ='Input - Dairy'!$D$58 -> Pasture | E121: ='Constants - Livestock'!$E$27 -> Pasture range and paddock | F121: ='Input - Dairy'!E58 -> 0.534 | G121: ='Input - Dairy'!F58 -> 0.534 | H121: ='Input - Dairy'!G58 -> 0.534 | I121: ='Input - Dairy'!H58 -> 0.534 | J121: ='Input - Dairy'!I58 -> 0.534 | K121: =$G$115 -> fraction | O121: ='Input - Dairy'!$D$58 -> Pasture | P121: ='Constants - Livestock'!$E$27 -> Pasture range and paddock | Q121: ='Input - Dairy'!E63 -> 0.534 | R121: ='Input - Dairy'!F63 -> 0.534 | S121: ='Input - Dairy'!G63 -> 0.534 | T121: ='Input - Dairy'!H63 -> 0.534 | U121: ='Input - Dairy'!I63 -> 0.534
D122: ='Input - Dairy'!$D$59 -> Milking shed | E122: ='Input - Dairy'!$D$78 -> Anaerobic lagoon | F122: ='Input - Dairy'!E$59*'Input - Dairy'!E78 -> 0.0275 | G122: ='Input - Dairy'!F$59*'Input - Dairy'!F78 -> 0.0275 | H122: ='Input - Dairy'!G$59*'Input - Dairy'!G78 -> 0.0275 | I122: ='Input - Dairy'!H$59*'Input - Dairy'!H78 -> 0.0275 | J122: ='Input - Dairy'!I$59*'Input - Dairy'!I78 -> 0.0275 | O122: ='Input - Dairy'!$D$59 -> Milking shed | P122: ='Input - Dairy'!$D$78 -> Anaerobic lagoon | Q122: ='Input - Dairy'!E$64*'Input - Dairy'!E78 -> 0.0275 | R122: ='Input - Dairy'!F$64*'Input - Dairy'!F78 -> 0.0275 | S122: ='Input - Dairy'!G$64*'Input - Dairy'!G78 -> 0.0275 | T122: ='Input - Dairy'!H$64*'Input - Dairy'!H78 -> 0.0275 | U122: ='Input - Dairy'!I$64*'Input - Dairy'!I78 -> 0.0275 | V122: =$G$115 -> fraction
D123: ='Input - Dairy'!$D$59 -> Milking shed | E123: ='Input - Dairy'!$D$79 -> Sump and dispersal system | F123: ='Input - Dairy'!E$59*'Input - Dairy'!E79 -> 0.0275 | G123: ='Input - Dairy'!F$59*'Input - Dairy'!F79 -> 0.0275 | H123: ='Input - Dairy'!G$59*'Input - Dairy'!G79 -> 0.0275 | I123: ='Input - Dairy'!H$59*'Input - Dairy'!H79 -> 0.0275 | J123: ='Input - Dairy'!I$59*'Input - Dairy'!I79 -> 0.0275 | O123: ='Input - Dairy'!$D$59 -> Milking shed | P123: ='Input - Dairy'!$D$79 -> Sump and dispersal system | Q123: ='Input - Dairy'!E$64*'Input - Dairy'!E79 -> 0.0275 | R123: ='Input - Dairy'!F$64*'Input - Dairy'!F79 -> 0.0275 | S123: ='Input - Dairy'!G$64*'Input - Dairy'!G79 -> 0.0275 | T123: ='Input - Dairy'!H$64*'Input - Dairy'!H79 -> 0.0275 | U123: ='Input - Dairy'!I$64*'Input - Dairy'!I79 -> 0.0275
D124: ='Input - Dairy'!$D$59 -> Milking shed | E124: ='Input - Dairy'!$D$80 -> Drains to paddock | F124: ='Input - Dairy'!E$59*'Input - Dairy'!E80 -> 0.0275 | G124: ='Input - Dairy'!F$59*'Input - Dairy'!F80 -> 0.0275 | H124: ='Input - Dairy'!G$59*'Input - Dairy'!G80 -> 0.0275 | I124: ='Input - Dairy'!H$59*'Input - Dairy'!H80 -> 0.0275 | J124: ='Input - Dairy'!I$59*'Input - Dairy'!I80 -> 0.0275 | O124: ='Input - Dairy'!$D$59 -> Milking shed | P124: ='Input - Dairy'!$D$80 -> Drains to paddock | Q124: ='Input - Dairy'!E$64*'Input - Dairy'!E80 -> 0.0275 | R124: ='Input - Dairy'!F$64*'Input - Dairy'!F80 -> 0.0275 | S124: ='Input - Dairy'!G$64*'Input - Dairy'!G80 -> 0.0275 | T124: ='Input - Dairy'!H$64*'Input - Dairy'!H80 -> 0.0275 | U124: ='Input - Dairy'!I$64*'Input - Dairy'!I80 -> 0.0275
D125: ='Input - Dairy'!$D$60 -> Feed pad | E125: ='Input - Dairy'!$D$94 -> Anaerobic lagoon | F125: ='Input - Dairy'!E$60*'Input - Dairy'!E94 -> 0.089 | G125: ='Input - Dairy'!F$60*'Input - Dairy'!F94 -> 0.089 | H125: ='Input - Dairy'!G$60*'Input - Dairy'!G94 -> 0.089 | I125: ='Input - Dairy'!H$60*'Input - Dairy'!H94 -> 0.089 | J125: ='Input - Dairy'!I$60*'Input - Dairy'!I94 -> 0.089 | O125: ='Input - Dairy'!$D$60 -> Feed pad | P125: ='Input - Dairy'!$D$94 -> Anaerobic lagoon | Q125: ='Input - Dairy'!E$65*'Input - Dairy'!E94 -> 0.089 | R125: ='Input - Dairy'!F$65*'Input - Dairy'!F94 -> 0.089 | S125: ='Input - Dairy'!G$65*'Input - Dairy'!G94 -> 0.089 | T125: ='Input - Dairy'!H$65*'Input - Dairy'!H94 -> 0.089 | U125: ='Input - Dairy'!I$65*'Input - Dairy'!I94 -> 0.089
D126: ='Input - Dairy'!$D$60 -> Feed pad | E126: ='Input - Dairy'!$D$95 -> Sump and dispersal system | F126: ='Input - Dairy'!E$60*'Input - Dairy'!E95 -> 0.089 | G126: ='Input - Dairy'!F$60*'Input - Dairy'!F95 -> 0.089 | H126: ='Input - Dairy'!G$60*'Input - Dairy'!G95 -> 0.089 | I126: ='Input - Dairy'!H$60*'Input - Dairy'!H95 -> 0.089 | J126: ='Input - Dairy'!I$60*'Input - Dairy'!I95 -> 0.089 | O126: ='Input - Dairy'!$D$60 -> Feed pad | P126: ='Input - Dairy'!$D$95 -> Sump and dispersal system | Q126: ='Input - Dairy'!E$65*'Input - Dairy'!E95 -> 0.089 | R126: ='Input - Dairy'!F$65*'Input - Dairy'!F95 -> 0.089 | S126: ='Input - Dairy'!G$65*'Input - Dairy'!G95 -> 0.089 | T126: ='Input - Dairy'!H$65*'Input - Dairy'!H95 -> 0.089 | U126: ='Input - Dairy'!I$65*'Input - Dairy'!I95 -> 0.089
D127: ='Input - Dairy'!$D$60 -> Feed pad | E127: ='Input - Dairy'!$D$96 -> Drains to paddock | F127: ='Input - Dairy'!E$60*'Input - Dairy'!E96 -> 0.089 | G127: ='Input - Dairy'!F$60*'Input - Dairy'!F96 -> 0.089 | H127: ='Input - Dairy'!G$60*'Input - Dairy'!G96 -> 0.089 | I127: ='Input - Dairy'!H$60*'Input - Dairy'!H96 -> 0.089 | J127: ='Input - Dairy'!I$60*'Input - Dairy'!I96 -> 0.089 | O127: ='Input - Dairy'!$D$60 -> Feed pad | P127: ='Input - Dairy'!$D$96 -> Drains to paddock | Q127: ='Input - Dairy'!E$65*'Input - Dairy'!E96 -> 0.089 | R127: ='Input - Dairy'!F$65*'Input - Dairy'!F96 -> 0.089 | S127: ='Input - Dairy'!G$65*'Input - Dairy'!G96 -> 0.089 | T127: ='Input - Dairy'!H$65*'Input - Dairy'!H96 -> 0.089 | U127: ='Input - Dairy'!I$65*'Input - Dairy'!I96 -> 0.089
D129: M1_Table_SS_m | O129: M2_Table_SS_m
D130: Fraction volatile solids separated to solid storage (Method 1) | O130: Fraction volatile solids separated to solid storage (Method 2)
...

Sheet 4.3.1.3-4 Direct N20
A1: #VALUE! | C1: 4.3.1.3-4 Manure Direct N2O
A3: =HYPERLINK("#'Home'!A1", "Home") -> Home | D3: Method 1 | N3: Method 2
A4: =HYPERLINK("#'Overview'!A1", "Overview") -> Overview
A5: =HYPERLINK("#'Results'!A1", "Results") -> Results | D5: {=MMS_Dairy_N2ODirect_Equations.VEERG_4_3_1_3__8_RelativeSize_Title()} -> Relative size
D6: {=MMS_Dairy_N2ODirect_Equations.VEERG_4_3_1_3__8_RelativeSize_Source()} -> VEERG 2026: 4.3.1.3, Equation (8)
A7: INPUTS | D7: Function name | E7: {=Common_InputFunctions.Utility_DisplayFunctionName(D29)} -> =MMS_Dairy_N2ODirect_Equations.VEERG_4_3_1_3__8_RelativeSize
A8: =HYPERLINK("#'Input - Site'!A1", "Site") -> Site
A9: =HYPERLINK("#'Input - Dairy'!A1", "Dairy") -> Dairy
D10: Variable | E10: {=MMS_Dairy_N2ODirect_Equations.VEERG_4_3_1_3__8_RelativeSize_Variable()} -> Z_j
A11: CALCULATIONS | D11: Unit | E11: {=MMS_Dairy_N2ODirect_Equations.VEERG_4_3_1_3__8_RelativeSize_Unit()} -> ratio
A12: =HYPERLINK("#'4.3.1.1-2 Methane'!A1", "4.3.1.1-2 Methane") -> 4.3.1.1-2 Methane
A13: =HYPERLINK("#'4.3.1.3-4 Direct N20'!A1", "4.3.1.3-4 Direct N2O") -> 4.3.1.3-4 Direct N2O | D13: {=_xlfn.CHOOSECOLS(MMS_Dairy_N2ODirect_Equations.VEERG_4_3_1_3__8_RelativeSize_Arguments(),1,2)} -> W_j | E13: liveweight | F13: {=_xlfn.CHOOSECOLS(MMS_Dairy_N2ODirect_Equations.VEERG_4_3_1_3__8_RelativeSize_Arguments(),3,4)} -> kg/head | G13: Input | H13: {=HYPERLINK(Common_InputFunctions.Utility_SourceHyperlink($D$16),$D$16)} -> M1_Table_W_j
A14: =HYPERLINK("#'4.3.1.5 Atmos Deposition'!A1", "4.3.1.5 Atmospheric deposition") -> 4.3.1.5 Atmospheric deposition | D14: WR_j | E14: reference weight | F14: kg/head | G14: Constant | H14: {=HYPERLINK(Common_InputFunctions.Utility_SourceHyperlink($D$21),$D$21)} -> Table_WR_j
A15: =HYPERLINK("#'4.3.1.6-7 Leaching and runoff'!A1", "4.3.1.6-7 Leaching and runoff") -> 4.3.1.6-7 Leaching and runoff
A16: =HYPERLINK("#'4.3.1.8 Manure applied to soils'!A1", "4.3.1.8 Manure applied to soils") -> 4.3.1.8 Manure applied to soils | D16: M1_Table_W_j | N16: M2_Table_W_j
A17: =HYPERLINK("#'4.3.1.9 Soil direct N2O'!A1", "4.3.1.9 Soil direct N2O") -> 4.3.1.9 Soil direct N2O | D17: Liveweight for each animal class j (Method 1) | N17: Liveweight for each animal class j (Method 2)
A18: =HYPERLINK("#'4.3.1.10-11 Soil Atmos Dep'!A1", "4.3.1.10-11 Soil atm. deposition") -> 4.3.1.10-11 Soil atm. deposition | D18: Milking cows | E18: Heifers > 1 year | F18: Heifers < 1 year | G18: Bulls > 1 year | H18: Bulls < 1 year | N18: Milking cows | O18: Heifers > 1 year | P18: Heifers < 1 year | Q18: Bulls > 1 year | R18: Bulls < 1 year
A19: =HYPERLINK("#'4.3.1.12-13 Soil leach runoff'!A1", "4.3.1.12-13 Soil leach & runoff") -> 4.3.1.12-13 Soil leach & runoff | D19: ='Input - Dairy'!$E$14 -> 550 | E19: ='Input - Dairy'!$F$14 -> 380 | F19: ='Input - Dairy'!$G$14 -> 155 | G19: ='Input - Dairy'!$H$14 -> 600 | H19: ='Input - Dairy'!$I$14 -> 225 | I19: kg/head | N19: ='Input - Dairy'!$E$18 -> 550 | O19: ='Input - Dairy'!$F$18 -> 380 | P19: ='Input - Dairy'!$G$18 -> 155 | Q19: ='Input - Dairy'!$H$18 -> 600 | R19: ='Input - Dairy'!$I$18 -> 225 | S19: kg/head
A21: APPENDICES | D21: Table_WR_j
A22: =HYPERLINK("#'Constants - Dairy'!A1", "Constants - Dairy") -> Constants - Dairy | D22: Reference weight for each animal class
A23: =HYPERLINK("#'Constants - Livestock'!A1", "Constants - Livestock") -> Constants - Livestock | D23: Milking cows | E23: Heifers > 1 year | F23: Heifers < 1 year | G23: Bulls > 1 year | H23: Bulls < 1 year
A24: =HYPERLINK("#'Constants - Common'!A1", "Constants - Common") -> Constants - Common | D24: {=Table_SourceData_Dairy_WRj[Milking cows]} -> 590 | E24: {=Table_SourceData_Dairy_WRj[Heifers > 1]} -> 590 | F24: {=Table_SourceData_Dairy_WRj[Heifers < 1 (weaned)]} -> 590 | G24: {=Table_SourceData_Dairy_WRj[Bulls > 1]} -> 770 | H24: {=Table_SourceData_Dairy_WRj[Bulls < 1 (weaned)]} -> 770 | I24: kg/head
A25: =HYPERLINK("#'Acknowledgements'!A1", "Acknowledgements") -> Acknowledgements
D26: M1_Table_Z_j | N26: M1_Table_Z_j
D27: Relative size for each animal class (Method 1) | N27: Relative size for each animal class (Method 1)
D28: Milking cows | E28: Heifers > 1 year | F28: Heifers < 1 year | G28: Bulls > 1 year | H28: Bulls < 1 year | N28: Milking cows | O28: Heifers > 1 year | P28: Heifers < 1 year | Q28: Bulls > 1 year | R28: Bulls < 1 year
D29: {=MMS_Dairy_N2ODirect_Equations.VEERG_4_3_1_3__8_RelativeSize(D19,D24)} -> 0.93220339 | E29: {=MMS_Dairy_N2ODirect_Equations.VEERG_4_3_1_3__8_RelativeSize(E19,E24)} -> 0.6440678 | F29: {=MMS_Dairy_N2ODirect_Equations.VEERG_4_3_1_3__8_RelativeSize(F19,F24)} -> 0.26271186 | G29: {=MMS_Dairy_N2ODirect_Equations.VEERG_4_3_1_3__8_RelativeSize(G19,G24)} -> 0.77922078 | H29: {=MMS_Dairy_N2ODirect_Equations.VEERG_4_3_1_3__8_RelativeSize(H19,H24)} -> 0.29220779 | I29: =$E$11 -> ratio | N29: {=MMS_Dairy_N2ODirect_Equations.VEERG_4_3_1_3__8_RelativeSize(N19,D24)} -> 0.93220339 | O29: {=MMS_Dairy_N2ODirect_Equations.VEERG_4_3_1_3__8_RelativeSize(O19,E24)} -> 0.6440678 | P29: {=MMS_Dairy_N2ODirect_Equations.VEERG_4_3_1_3__8_RelativeSize(P19,F24)} -> 0.26271186 | Q29: {=MMS_Dairy_N2ODirect_Equations.VEERG_4_3_1_3__8_RelativeSize(Q19,G24)} -> 0.77922078 | R29: {=MMS_Dairy_N2ODirect_Equations.VEERG_4_3_1_3__8_RelativeSize(R19,H24)} -> 0.29220779 | S29: =$E$11 -> ratio
D33: {=MMS_Dairy_N2ODirect_Equations.VEERG_4_3_1_3__7_IntakeRelativeToMaintenance_Title()} -> Intake relative to maintenance
D34: {=MMS_Dairy_N2ODirect_Equations.VEERG_4_3_1_3__7_IntakeRelativeToMaintenance_Source()} -> VEERG 2026: 4.3.1.3, Equation (7)
D35: Function name | E35: {=Common_InputFunctions.Utility_DisplayFunctionName(D65)} -> =MMS_Dairy_N2ODirect_Equations.VEERG_4_3_1_3__7_IntakeRelativeToMaintenance
D39: Variable | E39: {=MMS_Dairy_N2ODirect_Equations.VEERG_4_3_1_3__7_IntakeRelativeToMaintenance_Variable()} -> L_j
D40: Unit | E40: {=MMS_Dairy_N2ODirect_Equations.VEERG_4_3_1_3__7_IntakeRelativeToMaintenance_Unit()} -> ratio
D42: {=_xlfn.CHOOSECOLS(MMS_Dairy_N2ODirect_Equations.VEERG_4_3_1_3__7_IntakeRelativeToMaintenance_Arguments(),1,2)} -> I_j | E42: dry matter intake | G42: {=_xlfn.CHOOSECOLS(MMS_Dairy_N2ODirect_Equations.VEERG_4_3_1_3__7_IntakeRelativeToMaintenance_Arguments(),3,4)} -> kgDM/head/day | H42: Calculated from 3.3.1.1 (3) | I42: {=HYPERLINK(Common_InputFunctions.Utility_SourceHyperlink($D$47),$D$47)} -> M1_Table_I_j
D43: W_j | E43: liveweight | G43: kg/head | H43: Input | I43: {=HYPERLINK(Common_InputFunctions.Utility_SourceHyperlink($D$16),$D$16)} -> M1_Table_W_j
D44: MR_j | E44: increase in metabolic rate when producing milk | H44: Constant | I44: {=HYPERLINK(Common_InputFunctions.Utility_SourceHyperlink($D$52),$D$52)} -> Table_MR_j
D45: MI_j | E45: additional intake required for milk production | G45: kgDM/head/day | H45: Calculated from 3.3.1.1 (4) | I45: {=HYPERLINK(Common_InputFunctions.Utility_SourceHyperlink($D$57),$D$57)} -> M1_Table_MI_j
D47: M1_Table_I_j | N47: M2_Table_I_j
D48: Feed intake (Method 1) | N48: Feed intake (Method 2)
D49: Milking cows | E49: Heifers > 1 year | F49: Heifers < 1 year | G49: Bulls > 1 year | H49: Bulls < 1 year | N49: Milking cows | O49: Heifers > 1 year | P49: Heifers < 1 year | Q49: Bulls > 1 year | R49: Bulls < 1 year
D50: ='4.3.1.1-2 Methane'!D84 -> 9.4647128 | E50: ='4.3.1.1-2 Methane'!E84 -> 7.4188685 | F50: ='4.3.1.1-2 Methane'!F84 -> 4.0231735 | G50: ='4.3.1.1-2 Methane'!G84 -> 9.0270202 | H50: ='4.3.1.1-2 Methane'!H84 -> 5.4143473 | I50: =G42 -> kgDM/head/day | N50: ='4.3.1.1-2 Methane'!O84 -> 9.4647128 | O50: ='4.3.1.1-2 Methane'!P84 -> 7.4188685 | P50: ='4.3.1.1-2 Methane'!Q84 -> 4.0231735 | Q50: ='4.3.1.1-2 Methane'!R84 -> 9.0270202 | R50: ='4.3.1.1-2 Methane'!S84 -> 5.4143473 | S50: ='4.3.1.1-2 Methane'!T84 -> kg DM/head/day
D52: Table_MR_j
D53: Increase in metabolic rate when producing milk
D54: Milking cows | E54: Heifers > 1 year | F54: Heifers < 1 year | G54: Bulls > 1 year | H54: Bulls < 1 year
D55: ='Constants - Dairy'!$E$108 -> 1.1 | E55: ='Constants - Dairy'!$E$109 -> 1 | F55: ='Constants - Dairy'!$E$109 -> 1 | G55: ='Constants - Dairy'!$E$109 -> 1 | H55: ='Constants - Dairy'!$E$109 -> 1 | I55: =G44
D57: M1_Table_MI_j
D58: Additional intake for milk production (Method 1)
D59: Milking cows | E59: Heifers > 1 year | F59: Heifers < 1 year | G59: Bulls > 1 year | H59: Bulls < 1 year
D60: ='4.3.1.1-2 Methane'!D49 -> 0.21026727 | E60: ='4.3.1.1-2 Methane'!E49 -> 0 | F60: ='4.3.1.1-2 Methane'!F49 -> 0 | G60: ='4.3.1.1-2 Methane'!G49 -> 0 | H60: ='4.3.1.1-2 Methane'!H49 -> 0 | I60: ='4.3.1.1-2 Methane'!I49 -> kg DM/head/day
D62: M1_Table_L_j | N62: M2_Table_L_j
D63: Intake relative to maintenance (Method 1) | N63: Intake relative to maintenance (Method 2)
D64: Milking cows | E64: Heifers > 1 year | F64: Heifers < 1 year | G64: Bulls > 1 year | H64: Bulls < 1 year | N64: Milking cows | O64: Heifers > 1 year | P64: Heifers < 1 year | Q64: Bulls > 1 year | R64: Bulls < 1 year
D65: {=MMS_Dairy_N2ODirect_Equations.VEERG_4_3_1_3__7_IntakeRelativeToMaintenance(D50,D19,D55,D60)} -> 1.0034066 | E65: {=MMS_Dairy_N2ODirect_Equations.VEERG_4_3_1_3__7_IntakeRelativeToMaintenance(E50,E19,E55,E60)} -> 1.1546862 | F65: {=MMS_Dairy_N2ODirect_Equations.VEERG_4_3_1_3__7_IntakeRelativeToMaintenance(F50,F19,F55,F60)} -> 1.2063003 | G65: {=MMS_Dairy_N2ODirect_Equations.VEERG_4_3_1_3__7_IntakeRelativeToMaintenance(G50,G19,G55,G60)} -> 1.021303 | H65: {=MMS_Dairy_N2ODirect_Equations.VEERG_4_3_1_3__7_IntakeRelativeToMaintenance(H50,H19,H55,H60)} -> 1.2576571 | I65: =$E$40 -> ratio | N65: {=MMS_Dairy_N2ODirect_Equations.VEERG_4_3_1_3__7_IntakeRelativeToMaintenance(N50,N19,D55,D60)} -> 1.0034066 | O65: {=MMS_Dairy_N2ODirect_Equations.VEERG_4_3_1_3__7_IntakeRelativeToMaintenance(O50,O19,E55,E60)} -> 1.1546862 | P65: {=MMS_Dairy_N2ODirect_Equations.VEERG_4_3_1_3__7_IntakeRelativeToMaintenance(P50,P19,F55,F60)} -> 1.2063003 | Q65: {=MMS_Dairy_N2ODirect_Equations.VEERG_4_3_1_3__7_IntakeRelativeToMaintenance(Q50,Q19,G55,G60)} -> 1.021303 | R65: {=MMS_Dairy_N2ODirect_Equations.VEERG_4_3_1_3__7_IntakeRelativeToMaintenance(R50,R19,H55,H60)} -> 1.2576571 | S65: =$E$40 -> ratio
A67: =HYPERLINK("#A1", "▲ Back to top") -> ▲ Back to top
D69: {=MMS_Dairy_N2ODirect_Equations.VEERG_4_3_1_3__6_NitrogenRetainedByBody_Title()} -> Amount of nitrogen retained by the body
D70: {=MMS_Dairy_N2ODirect_Equations.VEERG_4_3_1_3__6_NitrogenRetainedByBody_Source()} -> VEERG 2026: 4.3.1.3, Equation (6)
D71: Function name | E71: {=Common_InputFunctions.Utility_DisplayFunctionName(D96)} -> =MMS_Dairy_N2ODirect_Equations.VEERG_4_3_1_3__6_NitrogenRetainedByBody
D75: Variable | E75: {=MMS_Dairy_N2ODirect_Equations.VEERG_4_3_1_3__6_NitrogenRetainedByBody_Variable()} -> NR_j
D76: Unit | E76: {=MMS_Dairy_N2ODirect_Equations.VEERG_4_3_1_3__6_NitrogenRetainedByBody_Unit()} -> kg N/head/day
D78: {=MMS_Dairy_N2ODirect_Equations.VEERG_4_3_1_3__6_NitrogenRetainedByBody_Arguments()} -> MP_j | E78: milk production | F78: L/head/day | G78: Input | H78: {=HYPERLINK(Common_InputFunctions.Utility_SourceHyperlink($D$83),$D$83)} -> Table_MP_j
D79: L_j | E79: intake relative to maintenance | G79: Calculated from 4.3.1.3 (7) | H79: {=HYPERLINK(Common_InputFunctions.Utility_SourceHyperlink($D$62),$D$62)} -> M1_Table_L_j
D80: Z_j | E80: relative size | G80: Calculated from 4.3.1.3 (8) | H80: {=HYPERLINK(Common_InputFunctions.Utility_SourceHyperlink($D$26),$D$26)} -> M1_Table_Z_j
D81: LWG_j | E81: liveweight gain | F81: kg/head/day | G81: Input | H81: {=HYPERLINK(Common_InputFunctions.Utility_SourceHyperlink($D$88),$D$88)} -> M1_Table_LWG_j
D83: Table_MP_j
D84: Milk production
D85: Milking cows | E85: Heifers > 1 year | F85: Heifers < 1 year | G85: Bulls > 1 year | H85: Bulls < 1 year
D86: ='Input - Dairy'!$E$49 -> 44 | E86: 0 | F86: 0 | G86: 0 | H86: 0 | I86: =$F$78 -> L/head/day
D88: M1_Table_LWG_j | N88: M2_Table_LWG_j
D89: Liveweight gain for each animal class j (Method 1) | N89: Liveweight gain for each animal class j (Method 2)
D90: Milking cows | E90: Heifers > 1 year | F90: Heifers < 1 year | G90: Bulls > 1 year | H90: Bulls < 1 year | N90: Milking cows | O90: Heifers > 1 year | P90: Heifers < 1 year | Q90: Bulls > 1 year | R90: Bulls < 1 year
D91: ='Input - Dairy'!$E$15 -> 0.016 | E91: ='Input - Dairy'!$F$15 -> 0.6 | F91: ='Input - Dairy'!$G$15 -> 0.57 | G91: ='Input - Dairy'!$H$15 -> 0.1 | H91: ='Input - Dairy'!$I$15 -> 0.8 | I91: =$F$81 -> kg/head/day | N91: ='Input - Dairy'!$E$19 -> 0.016 | O91: ='Input - Dairy'!$F$19 -> 0.6 | P91: ='Input - Dairy'!$G$19 -> 0.57 | Q91: ='Input - Dairy'!$H$19 -> 0.1 | R91: ='Input - Dairy'!$I$19 -> 0.8 | S91: =$F$81 -> kg/head/day
D93: M1_Table_NR_j | N93: M2_Table_NR_j
D94: Nitrogen retained in the body for each animal class j (Method 1) | N94: Nitrogen retained in the body for each animal class j (Method 2)
D95: Milking cows | E95: Heifers > 1 year | F95: Heifers < 1 year | G95: Bulls > 1 year | H95: Bulls < 1 year | N95: Milking cows | O95: Heifers > 1 year | P95: Heifers < 1 year | Q95: Bulls > 1 year | R95: Bulls < 1 year
D96: {=MMS_Dairy_N2ODirect_Equations.VEERG_4_3_1_3__6_NitrogenRetainedByBody(D86,D65,D29,D91)} -> 0.036552968 | E96: {=MMS_Dairy_N2ODirect_Equations.VEERG_4_3_1_3__6_NitrogenRetainedByBody(E86,E65,E29,E91)} -> 0.0087932412 | F96: {=MMS_Dairy_N2ODirect_Equations.VEERG_4_3_1_3__6_NitrogenRetainedByBody(F86,F65,F29,F91)} -> 0.014575548 | G96: {=MMS_Dairy_N2ODirect_Equations.VEERG_4_3_1_3__6_NitrogenRetainedByBody(G86,G65,G29,G91)} -> 0.0012626203 | H96: {=MMS_Dairy_N2ODirect_Equations.VEERG_4_3_1_3__6_NitrogenRetainedByBody(H86,H65,H29,H91)} -> 0.019757355 | I96: =$E$76 -> kg N/head/day | N96: {=MMS_Dairy_N2ODirect_Equations.VEERG_4_3_1_3__6_NitrogenRetainedByBody(D86,N65,N29,N91)} -> 0.036552968 | O96: {=MMS_Dairy_N2ODirect_Equations.VEERG_4_3_1_3__6_NitrogenRetainedByBody(E86,O65,O29,O91)} -> 0.0087932412 | P96: {=MMS_Dairy_N2ODirect_Equations.VEERG_4_3_1_3__6_NitrogenRetainedByBody(F86,P65,P29,P91)} -> 0.014575548 | Q96: {=MMS_Dairy_N2ODirect_Equations.VEERG_4_3_1_3__6_NitrogenRetainedByBody(G86,Q65,Q29,Q91)} -> 0.0012626203 | R96: {=MMS_Dairy_N2ODirect_Equations.VEERG_4_3_1_3__6_NitrogenRetainedByBody(H86,R65,R29,R91)} -> 0.019757355 | S96: =$E$76 -> kg N/head/day
A98: =HYPERLINK("#A1", "▲ Back to top") -> ▲ Back to top
D100: {=MMS_Dairy_N2ODirect_Equations.VEERG_4_3_1_3__5_CrudeProteinIntakeOfDairyCattle_Title()} -> Crude protein intake of dairy cattle
D101: {=MMS_Dairy_N2ODirect_Equations.VEERG_4_3_1_3__5_CrudeProteinIntakeOfDairyCattle_Source()} -> VEERG 2026: 4.3.1.3, Equation (5)
D102: Function name | E102: {=Common_InputFunctions.Utility_DisplayFunctionName(D119)} -> =MMS_Dairy_N2ODirect_Equations.VEERG_4_3_1_3__5_CrudeProteinIntakeOfDairyCattle
D105: Variable | E105: {=MMS_Dairy_N2ODirect_Equations.VEERG_4_3_1_3__5_CrudeProteinIntakeOfDairyCattle_Variable()} -> CPI_j
D106: Unit | E106: {=MMS_Dairy_N2ODirect_Equations.VEERG_4_3_1_3__5_CrudeProteinIntakeOfDairyCattle_Unit()} -> kg/head/day
D108: {=MMS_Dairy_N2ODirect_Equations.VEERG_4_3_1_3__5_CrudeProteinIntakeOfDairyCattle_Arguments()} -> I_j | E108: dry matter intake | F108: kgDM/head/day | G108: Calculated from 3.3.1.1 (3) | H108: {=HYPERLINK(Common_InputFunctions.Utility_SourceHyperlink($D$47),$D$47)} -> M1_Table_I_j
D109: CP_j | E109: crude protein content of feed intake | F109: fraction | G109: Input | H109: {=HYPERLINK(Common_InputFunctions.Utility_SourceHyperlink($D$111),$D$111)} -> M1_Table_CP_j
D111: M1_Table_CP_j | N111: M1_Table_CP_j
D112: Crude protein content of feed intake for each animal class j (Method 1) | N112: Crude protein content of feed intake for each animal class j (Method 1)
D113: Milking cows | E113: Heifers > 1 year | F113: Heifers < 1 year | G113: Bulls > 1 year | H113: Bulls < 1 year | N113: Milking cows | O113: Heifers > 1 year | P113: Heifers < 1 year | Q113: Bulls > 1 year | R113: Bulls < 1 year
D114: ='Input - Dairy'!E38 -> 0.2 | E114: ='Input - Dairy'!F38 -> 0.2 | F114: ='Input - Dairy'!G38 -> 0.2 | G114: ='Input - Dairy'!H38 -> 0.2 | H114: ='Input - Dairy'!I38 -> 0.2 | I114: =$F$109 -> fraction | N114: ='Input - Dairy'!E43 -> 0.2 | O114: ='Input - Dairy'!F43 -> 0.2 | P114: ='Input - Dairy'!G43 -> 0.2 | Q114: ='Input - Dairy'!H43 -> 0.2 | R114: ='Input - Dairy'!I43 -> 0.2 | S114: =$F$109 -> fraction
D116: M1_Table_CPI_j | N116: M1_Table_CPI_j
D117: Crude protein intake for each animal class j (Method 1) | N117: Crude protein intake for each animal class j (Method 1)
D118: Milking cows | E118: Heifers > 1 year | F118: Heifers < 1 year | G118: Bulls > 1 year | H118: Bulls < 1 year | N118: Milking cows | O118: Heifers > 1 year | P118: Heifers < 1 year | Q118: Bulls > 1 year | R118: Bulls < 1 year
D119: {=MMS_Dairy_N2ODirect_Equations.VEERG_4_3_1_3__5_CrudeProteinIntakeOfDairyCattle(D50,D114)} -> 1.8929426 | E119: {=MMS_Dairy_N2ODirect_Equations.VEERG_4_3_1_3__5_CrudeProteinIntakeOfDairyCattle(E50,E114)} -> 1.4837737 | F119: {=MMS_Dairy_N2ODirect_Equations.VEERG_4_3_1_3__5_CrudeProteinIntakeOfDairyCattle(F50,F114)} -> 0.80463469 | G119: {=MMS_Dairy_N2ODirect_Equations.VEERG_4_3_1_3__5_CrudeProteinIntakeOfDairyCattle(G50,G114)} -> 1.805404 | H119: {=MMS_Dairy_N2ODirect_Equations.VEERG_4_3_1_3__5_CrudeProteinIntakeOfDairyCattle(H50,H114)} -> 1.0828695 | I119: =$E$106 -> kg/head/day | N119: {=MMS_Dairy_N2ODirect_Equations.VEERG_4_3_1_3__5_CrudeProteinIntakeOfDairyCattle(N50,N114)} -> 1.8929426 | O119: {=MMS_Dairy_N2ODirect_Equations.VEERG_4_3_1_3__5_CrudeProteinIntakeOfDairyCattle(O50,O114)} -> 1.4837737 | P119: {=MMS_Dairy_N2ODirect_Equations.VEERG_4_3_1_3__5_CrudeProteinIntakeOfDairyCattle(P50,P114)} -> 0.80463469 | Q119: {=MMS_Dairy_N2ODirect_Equations.VEERG_4_3_1_3__5_CrudeProteinIntakeOfDairyCattle(Q50,Q114)} -> 1.805404 | R119: {=MMS_Dairy_N2ODirect_Equations.VEERG_4_3_1_3__5_CrudeProteinIntakeOfDairyCattle(R50,R114)} -> 1.0828695 | S119: =$E$106 -> kg/head/day
A121: =HYPERLINK("#A1", "▲ Back to top") -> ▲ Back to top
D123: {=MMS_Dairy_N2ODirect_Equations.VEERG_4_3_1_3__4_NitrogenExcretedByDairyCattleGreaterThanOneYear_Title()} -> Nitrogen excreted by dairy cattle greater than one year old
D124: {=MMS_Dairy_N2ODirect_Equations.VEERG_4_3_1_3__4_NitrogenExcretedByDairyCattleGreaterThanOneYear_Source()} -> VEERG 2026: 4.3.1.3, Equation (4)
D125: Function name | E125: {=Common_InputFunctions.Utility_DisplayFunctionName(D139)} -> =MMS_Dairy_N2ODirect_Equations.VEERG_4_3_1_3__4_NitrogenExcretedByDairyCattleGreaterThanOneYear
D129: Variable | E129: {=MMS_Dairy_N2ODirect_Equations.VEERG_4_3_1_3__4_NitrogenExcretedByDairyCattleGreaterThanOneYear_Variable()} -> NE_j
D130: Unit | E130: {=MMS_Dairy_N2ODirect_Equations.VEERG_4_3_1_3__4_NitrogenExcretedByDairyCattleGreaterThanOneYear_Unit()} -> kg N/head/day
D132: {=_xlfn.CHOOSECOLS(MMS_Dairy_N2ODirect_Equations.VEERG_4_3_1_3__4_NitrogenExcretedByDairyCattleGreaterThanOneYear_Arguments(),1,2)} -> CPI_j | E132: crude protein intake (kg/head/day) | G132: {=_xlfn.CHOOSECOLS(MMS_Dairy_N2ODirect_Equations.VEERG_4_3_1_3__4_NitrogenExcretedByDairyCattleGreaterThanOneYear_Arguments(),3,4)} -> kg/head/day | H132: Calculated from 4.3.1.3 (5) | I132: {=HYPERLINK(Common_InputFunctions.Utility_SourceHyperlink($D$116),$D$116)} -> M1_Table_CPI_j
D133: NR_j | E133: amount of nitrogen retained by the body | G133: kg N/head/day | H133: Calculated from 4.3.1.3 (6) | I133: {=HYPERLINK(Common_InputFunctions.Utility_SourceHyperlink($D$93),$D$93)} -> M1_Table_NR_j
D134: W_j | E134: liveweight (kg) | G134: kg | H134: Input | I134: {=HYPERLINK(Common_InputFunctions.Utility_SourceHyperlink($D$16),$D$16)} -> M1_Table_W_j
D136: M1_Table_NE_j | N136: M2_Table_NE_j
...

Sheet 4.3.1.5 Atmos deposition
A1: #VALUE! | C1: 4.3.1.5 Manure Atmospheric Deposition
A3: =HYPERLINK("#'Home'!A1", "Home") -> Home | D3: Method 1 | O3: Method 2
A4: =HYPERLINK("#'Overview'!A1", "Overview") -> Overview
A5: =HYPERLINK("#'Results'!A1", "Results") -> Results | D5: {=MMS_Dairy_AtmosphericDeposition_Equations.VEERG_4_3_1_5__2_TotalNitrogenVolatilisedFromMMS_Title()} -> Total nitrogen volatilised from MMS
D6: {=MMS_Dairy_AtmosphericDeposition_Equations.VEERG_4_3_1_5__2_TotalNitrogenVolatilisedFromMMS_Source()} -> VEERG 2026: 4.3.1.5, Equation (2)
A7: INPUTS | D7: Function name | E7: {=Common_InputFunctions.Utility_DisplayFunctionName(F40)} -> =MMS_Dairy_AtmosphericDeposition_Equations.VEERG_4_3_1_5__2_TotalNitrogenVolatilisedFromMMS
A8: =HYPERLINK("#'Input - Site'!A1", "Site") -> Site
A9: =HYPERLINK("#'Input - Dairy'!A1", "Dairy") -> Dairy
D10: Variable | E10: {=MMS_Dairy_AtmosphericDeposition_Equations.VEERG_4_3_1_5__2_TotalNitrogenVolatilisedFromMMS_Variable()} -> MN_ATMOS
A11: CALCULATIONS | D11: Unit | E11: {=MMS_Dairy_AtmosphericDeposition_Equations.VEERG_4_3_1_5__2_TotalNitrogenVolatilisedFromMMS_Unit()} -> kg N
A12: =HYPERLINK("#'4.3.1.1-2 Methane'!A1", "4.3.1.1-2 Methane") -> 4.3.1.1-2 Methane
A13: =HYPERLINK("#'4.3.1.3-4 Direct N20'!A1", "4.3.1.3-4 Direct N2O") -> 4.3.1.3-4 Direct N2O | D13: {=_xlfn.CHOOSECOLS(MMS_Dairy_AtmosphericDeposition_Equations.VEERG_4_3_1_5__2_TotalNitrogenVolatilisedFromMMS_Arguments(),1,2)} -> MN_jm | E13: total nitrogen in each MMS for dairy cattle classes | G13: {=_xlfn.CHOOSECOLS(MMS_Dairy_AtmosphericDeposition_Equations.VEERG_4_3_1_5__2_TotalNitrogenVolatilisedFromMMS_Arguments(),3,4)} -> kg N | H13: Calculated from 4.3.1.3 (2) | I13: {=HYPERLINK(Common_InputFunctions.Utility_SourceHyperlink(D$16),D$16)} -> M1_Table_MN_j_m
A14: =HYPERLINK("#'4.3.1.5 Atmos Deposition'!A1", "4.3.1.5 Atmospheric deposition") -> 4.3.1.5 Atmospheric deposition | D14: FracGASM_m | E14: fraction of N volatilised from MMS | G14: fraction | H14: Constant | I14: {=HYPERLINK(Common_InputFunctions.Utility_SourceHyperlink($D$28),$D$28)} -> Table_FracGASM_m
A15: =HYPERLINK("#'4.3.1.6-7 Leaching and runoff'!A1", "4.3.1.6-7 Leaching and runoff") -> 4.3.1.6-7 Leaching and runoff
A16: =HYPERLINK("#'4.3.1.8 Manure applied to soils'!A1", "4.3.1.8 Manure applied to soils") -> 4.3.1.8 Manure applied to soils | D16: M1_Table_MN_j_m | O16: M2_Table_MN_j_m
A17: =HYPERLINK("#'4.3.1.9 Soil direct N2O'!A1", "4.3.1.9 Soil direct N2O") -> 4.3.1.9 Soil direct N2O | D17: Total nitrogen in each MMS (Method 1) | O17: Total nitrogen in each MMS (Method 2)
A18: =HYPERLINK("#'4.3.1.10-11 Soil Atmos Dep'!A1", "4.3.1.10-11 Soil atm. deposition") -> 4.3.1.10-11 Soil atm. deposition | D18: Production system | E18: MMS | F18: Milking cows | G18: Heifers > 1 year | H18: Heifers < 1 year | I18: Bulls > 1 year | J18: Bulls < 1 year | O18: Production system | P18: MMS | Q18: Milking cows | R18: Heifers > 1 year | S18: Heifers < 1 year | T18: Bulls > 1 year | U18: Bulls < 1 year
A19: =HYPERLINK("#'4.3.1.12-13 Soil leach runoff'!A1", "4.3.1.12-13 Soil leach & runoff") -> 4.3.1.12-13 Soil leach & runoff | D19: ='Input - Dairy'!$D$59 -> Milking shed | E19: ='Input - Dairy'!$D$78 -> Anaerobic lagoon | F19: ='4.3.1.3-4 Direct N20'!$F$236 -> 212.24813 | G19: ='4.3.1.3-4 Direct N20'!$G$236 -> 182.3579 | H19: ='4.3.1.3-4 Direct N20'!$H$236 -> 72.631224 | I19: ='4.3.1.3-4 Direct N20'!$I$236 -> 229.2311 | J19: ='4.3.1.3-4 Direct N20'!$J$236 -> 95.962857 | K19: =$G$13 -> kg N | O19: ='Input - Dairy'!$D$59 -> Milking shed | P19: ='Input - Dairy'!$D$78 -> Anaerobic lagoon | Q19: ='4.3.1.3-4 Direct N20'!$P$236 -> 212.24813 | R19: ='4.3.1.3-4 Direct N20'!$Q$236 -> 182.3579 | S19: ='4.3.1.3-4 Direct N20'!$R$236 -> 72.631224 | T19: ='4.3.1.3-4 Direct N20'!$S$236 -> 229.2311 | U19: ='4.3.1.3-4 Direct N20'!$T$236 -> 95.962857 | V19: =$G$13 -> kg N
D20: ='Input - Dairy'!$D$59 -> Milking shed | E20: ='Input - Dairy'!$D$79 -> Sump and dispersal system | F20: ='4.3.1.3-4 Direct N20'!$F$237 -> 212.24813 | G20: ='4.3.1.3-4 Direct N20'!$G$237 -> 182.3579 | H20: ='4.3.1.3-4 Direct N20'!$H$237 -> 72.631224 | I20: ='4.3.1.3-4 Direct N20'!$I$237 -> 229.2311 | J20: ='4.3.1.3-4 Direct N20'!$J$237 -> 95.962857 | O20: ='Input - Dairy'!$D$59 -> Milking shed | P20: ='Input - Dairy'!$D$79 -> Sump and dispersal system | Q20: ='4.3.1.3-4 Direct N20'!$P$237 -> 212.24813 | R20: ='4.3.1.3-4 Direct N20'!$Q$237 -> 182.3579 | S20: ='4.3.1.3-4 Direct N20'!$R$237 -> 72.631224 | T20: ='4.3.1.3-4 Direct N20'!$S$237 -> 229.2311 | U20: ='4.3.1.3-4 Direct N20'!$T$237 -> 95.962857
A21: APPENDICES | D21: ='Input - Dairy'!$D$59 -> Milking shed | E21: ='Input - Dairy'!$D$80 -> Drains to paddock | F21: ='4.3.1.3-4 Direct N20'!$F$238 -> 212.24813 | G21: ='4.3.1.3-4 Direct N20'!$G$238 -> 182.3579 | H21: ='4.3.1.3-4 Direct N20'!$H$238 -> 72.631224 | I21: ='4.3.1.3-4 Direct N20'!$I$238 -> 229.2311 | J21: ='4.3.1.3-4 Direct N20'!$J$238 -> 95.962857 | O21: ='Input - Dairy'!$D$59 -> Milking shed | P21: ='Input - Dairy'!$D$80 -> Drains to paddock | Q21: ='4.3.1.3-4 Direct N20'!$P$238 -> 212.24813 | R21: ='4.3.1.3-4 Direct N20'!$Q$238 -> 182.3579 | S21: ='4.3.1.3-4 Direct N20'!$R$238 -> 72.631224 | T21: ='4.3.1.3-4 Direct N20'!$S$238 -> 229.2311 | U21: ='4.3.1.3-4 Direct N20'!$T$238 -> 95.962857
A22: =HYPERLINK("#'Constants - Dairy'!A1", "Constants - Dairy") -> Constants - Dairy | D22: ='Input - Dairy'!$D$59 -> Milking shed | E22: Solid storage | F22: ='4.3.1.3-4 Direct N20'!$F$239 -> 424.49627 | G22: ='4.3.1.3-4 Direct N20'!$G$239 -> 364.71581 | H22: ='4.3.1.3-4 Direct N20'!$H$239 -> 145.26245 | I22: ='4.3.1.3-4 Direct N20'!$I$239 -> 458.46219 | J22: ='4.3.1.3-4 Direct N20'!$J$239 -> 191.92571 | O22: ='Input - Dairy'!$D$59 -> Milking shed | P22: Solid storage | Q22: ='4.3.1.3-4 Direct N20'!$P$239 -> 424.49627 | R22: ='4.3.1.3-4 Direct N20'!$Q$239 -> 364.71581 | S22: ='4.3.1.3-4 Direct N20'!$R$239 -> 145.26245 | T22: ='4.3.1.3-4 Direct N20'!$S$239 -> 458.46219 | U22: ='4.3.1.3-4 Direct N20'!$T$239 -> 191.92571
A23: =HYPERLINK("#'Constants - Livestock'!A1", "Constants - Livestock") -> Constants - Livestock | D23: ='Input - Dairy'!$D$60 -> Feed pad | E23: ='Input - Dairy'!$D$94 -> Anaerobic lagoon | F23: ='4.3.1.3-4 Direct N20'!$F$240 -> 858.64017 | G23: ='4.3.1.3-4 Direct N20'!$G$240 -> 737.72061 | H23: ='4.3.1.3-4 Direct N20'!$H$240 -> 293.82632 | I23: ='4.3.1.3-4 Direct N20'!$I$240 -> 927.34398 | J23: ='4.3.1.3-4 Direct N20'!$J$240 -> 388.21338 | O23: ='Input - Dairy'!$D$60 -> Feed pad | P23: ='Input - Dairy'!$D$94 -> Anaerobic lagoon | Q23: ='4.3.1.3-4 Direct N20'!$P$240 -> 858.64017 | R23: ='4.3.1.3-4 Direct N20'!$Q$240 -> 737.72061 | S23: ='4.3.1.3-4 Direct N20'!$R$240 -> 293.82632 | T23: ='4.3.1.3-4 Direct N20'!$S$240 -> 927.34398 | U23: ='4.3.1.3-4 Direct N20'!$T$240 -> 388.21338
A24: =HYPERLINK("#'Constants - Common'!A1", "Constants - Common") -> Constants - Common | D24: ='Input - Dairy'!$D$60 -> Feed pad | E24: ='Input - Dairy'!$D$95 -> Sump and dispersal system | F24: ='4.3.1.3-4 Direct N20'!$F$241 -> 686.91214 | G24: ='4.3.1.3-4 Direct N20'!$G$241 -> 590.17649 | H24: ='4.3.1.3-4 Direct N20'!$H$241 -> 235.06105 | I24: ='4.3.1.3-4 Direct N20'!$I$241 -> 741.87518 | J24: ='4.3.1.3-4 Direct N20'!$J$241 -> 310.5707 | O24: ='Input - Dairy'!$D$60 -> Feed pad | P24: ='Input - Dairy'!$D$95 -> Sump and dispersal system | Q24: ='4.3.1.3-4 Direct N20'!$P$241 -> 686.91214 | R24: ='4.3.1.3-4 Direct N20'!$Q$241 -> 590.17649 | S24: ='4.3.1.3-4 Direct N20'!$R$241 -> 235.06105 | T24: ='4.3.1.3-4 Direct N20'!$S$241 -> 741.87518 | U24: ='4.3.1.3-4 Direct N20'!$T$241 -> 310.5707
A25: =HYPERLINK("#'Acknowledgements'!A1", "Acknowledgements") -> Acknowledgements | D25: ='Input - Dairy'!$D$60 -> Feed pad | E25: ='Input - Dairy'!$D$96 -> Drains to paddock | F25: ='4.3.1.3-4 Direct N20'!$F$242 -> 686.91214 | G25: ='4.3.1.3-4 Direct N20'!$G$242 -> 590.17649 | H25: ='4.3.1.3-4 Direct N20'!$H$242 -> 235.06105 | I25: ='4.3.1.3-4 Direct N20'!$I$242 -> 741.87518 | J25: ='4.3.1.3-4 Direct N20'!$J$242 -> 310.5707 | O25: ='Input - Dairy'!$D$60 -> Feed pad | P25: ='Input - Dairy'!$D$96 -> Drains to paddock | Q25: ='4.3.1.3-4 Direct N20'!$P$242 -> 686.91214 | R25: ='4.3.1.3-4 Direct N20'!$Q$242 -> 590.17649 | S25: ='4.3.1.3-4 Direct N20'!$R$242 -> 235.06105 | T25: ='4.3.1.3-4 Direct N20'!$S$242 -> 741.87518 | U25: ='4.3.1.3-4 Direct N20'!$T$242 -> 310.5707
D26: ='Input - Dairy'!$D$60 -> Feed pad | E26: Solid storage | F26: ='4.3.1.3-4 Direct N20'!$F$243 -> 1202.0962 | G26: ='4.3.1.3-4 Direct N20'!$G$243 -> 1032.8088 | H26: ='4.3.1.3-4 Direct N20'!$H$243 -> 411.35684 | I26: ='4.3.1.3-4 Direct N20'!$I$243 -> 1298.2816 | J26: ='4.3.1.3-4 Direct N20'!$J$243 -> 543.49873 | O26: ='Input - Dairy'!$D$60 -> Feed pad | P26: Solid storage | Q26: ='4.3.1.3-4 Direct N20'!$P$243 -> 1202.0962 | R26: ='4.3.1.3-4 Direct N20'!$Q$243 -> 1032.8088 | S26: ='4.3.1.3-4 Direct N20'!$R$243 -> 411.35684 | T26: ='4.3.1.3-4 Direct N20'!$S$243 -> 1298.2816 | U26: ='4.3.1.3-4 Direct N20'!$T$243 -> 543.49873
D28: Table_FracGASM_m
D29: Fraction N volatilised from each MS
D30: MMS | E30: FracGASMm
D31: {=Table_SourceData_Dairy_EFmFracGASM[NIR reference]} -> Pasture range and paddock | E31: {=Table_SourceData_Dairy_EFmFracGASM[FracGASMm]} -> 0 | F31: =G14 -> fraction
D32: Anaerobic lagoon | E32: 0.35
D33: Sump and dispersal system | E33: 0.07
D34: Drains to paddock | E34: 0.2
D35: Solid storage | E35: 0.3
D37: M1_Table_MN_atmos | O37: M2_Table_MN_atmos
D38: Total nitrogen volatilised from each MMS (Method 1) | O38: Total nitrogen volatilised from each MMS (Method 2)
D39: Production system | E39: MMS | F39: Milking cows | G39: Heifers > 1 year | H39: Heifers < 1 year | I39: Bulls > 1 year | J39: Bulls < 1 year | O39: Production system | P39: MMS | Q39: Milking cows | R39: Heifers > 1 year | S39: Heifers < 1 year | T39: Bulls > 1 year | U39: Bulls < 1 year
D40: ='Input - Dairy'!$D$59 -> Milking shed | E40: ='Input - Dairy'!$D$78 -> Anaerobic lagoon | F40: {=MMS_Dairy_AtmosphericDeposition_Equations.VEERG_4_3_1_5__2_TotalNitrogenVolatilisedFromMMS(F19,$E32)} -> 74.286847 | G40: {=MMS_Dairy_AtmosphericDeposition_Equations.VEERG_4_3_1_5__2_TotalNitrogenVolatilisedFromMMS(G19,$E32)} -> 63.825266 | H40: {=MMS_Dairy_AtmosphericDeposition_Equations.VEERG_4_3_1_5__2_TotalNitrogenVolatilisedFromMMS(H19,$E32)} -> 25.420928 | I40: {=MMS_Dairy_AtmosphericDeposition_Equations.VEERG_4_3_1_5__2_TotalNitrogenVolatilisedFromMMS(I19,$E32)} -> 80.230884 | J40: {=MMS_Dairy_AtmosphericDeposition_Equations.VEERG_4_3_1_5__2_TotalNitrogenVolatilisedFromMMS(J19,$E32)} -> 33.587 | K40: =$E$11 -> kg N | O40: ='Input - Dairy'!$D$59 -> Milking shed | P40: ='Input - Dairy'!$D$78 -> Anaerobic lagoon | Q40: {=MMS_Dairy_AtmosphericDeposition_Equations.VEERG_4_3_1_5__2_TotalNitrogenVolatilisedFromMMS(Q19,$E32)} -> 74.286847 | R40: {=MMS_Dairy_AtmosphericDeposition_Equations.VEERG_4_3_1_5__2_TotalNitrogenVolatilisedFromMMS(R19,$E32)} -> 63.825266 | S40: {=MMS_Dairy_AtmosphericDeposition_Equations.VEERG_4_3_1_5__2_TotalNitrogenVolatilisedFromMMS(S19,$E32)} -> 25.420928 | T40: {=MMS_Dairy_AtmosphericDeposition_Equations.VEERG_4_3_1_5__2_TotalNitrogenVolatilisedFromMMS(T19,$E32)} -> 80.230884 | U40: {=MMS_Dairy_AtmosphericDeposition_Equations.VEERG_4_3_1_5__2_TotalNitrogenVolatilisedFromMMS(U19,$E32)} -> 33.587 | V40: =$E$11 -> kg N
D41: ='Input - Dairy'!$D$59 -> Milking shed | E41: ='Input - Dairy'!$D$79 -> Sump and dispersal system | F41: {=MMS_Dairy_AtmosphericDeposition_Equations.VEERG_4_3_1_5__2_TotalNitrogenVolatilisedFromMMS(F20,$E33)} -> 14.857369 | G41: {=MMS_Dairy_AtmosphericDeposition_Equations.VEERG_4_3_1_5__2_TotalNitrogenVolatilisedFromMMS(G20,$E33)} -> 12.765053 | H41: {=MMS_Dairy_AtmosphericDeposition_Equations.VEERG_4_3_1_5__2_TotalNitrogenVolatilisedFromMMS(H20,$E33)} -> 5.0841857 | I41: {=MMS_Dairy_AtmosphericDeposition_Equations.VEERG_4_3_1_5__2_TotalNitrogenVolatilisedFromMMS(I20,$E33)} -> 16.046177 | J41: {=MMS_Dairy_AtmosphericDeposition_Equations.VEERG_4_3_1_5__2_TotalNitrogenVolatilisedFromMMS(J20,$E33)} -> 6.7174 | O41: ='Input - Dairy'!$D$59 -> Milking shed | P41: ='Input - Dairy'!$D$79 -> Sump and dispersal system | Q41: {=MMS_Dairy_AtmosphericDeposition_Equations.VEERG_4_3_1_5__2_TotalNitrogenVolatilisedFromMMS(Q20,$E33)} -> 14.857369 | R41: {=MMS_Dairy_AtmosphericDeposition_Equations.VEERG_4_3_1_5__2_TotalNitrogenVolatilisedFromMMS(R20,$E33)} -> 12.765053 | S41: {=MMS_Dairy_AtmosphericDeposition_Equations.VEERG_4_3_1_5__2_TotalNitrogenVolatilisedFromMMS(S20,$E33)} -> 5.0841857 | T41: {=MMS_Dairy_AtmosphericDeposition_Equations.VEERG_4_3_1_5__2_TotalNitrogenVolatilisedFromMMS(T20,$E33)} -> 16.046177 | U41: {=MMS_Dairy_AtmosphericDeposition_Equations.VEERG_4_3_1_5__2_TotalNitrogenVolatilisedFromMMS(U20,$E33)} -> 6.7174
D42: ='Input - Dairy'!$D$59 -> Milking shed | E42: ='Input - Dairy'!$D$80 -> Drains to paddock | F42: {=MMS_Dairy_AtmosphericDeposition_Equations.VEERG_4_3_1_5__2_TotalNitrogenVolatilisedFromMMS(F21,$E34)} -> 42.449627 | G42: {=MMS_Dairy_AtmosphericDeposition_Equations.VEERG_4_3_1_5__2_TotalNitrogenVolatilisedFromMMS(G21,$E34)} -> 36.471581 | H42: {=MMS_Dairy_AtmosphericDeposition_Equations.VEERG_4_3_1_5__2_TotalNitrogenVolatilisedFromMMS(H21,$E34)} -> 14.526245 | I42: {=MMS_Dairy_AtmosphericDeposition_Equations.VEERG_4_3_1_5__2_TotalNitrogenVolatilisedFromMMS(I21,$E34)} -> 45.846219 | J42: {=MMS_Dairy_AtmosphericDeposition_Equations.VEERG_4_3_1_5__2_TotalNitrogenVolatilisedFromMMS(J21,$E34)} -> 19.192571 | O42: ='Input - Dairy'!$D$59 -> Milking shed | P42: ='Input - Dairy'!$D$80 -> Drains to paddock | Q42: {=MMS_Dairy_AtmosphericDeposition_Equations.VEERG_4_3_1_5__2_TotalNitrogenVolatilisedFromMMS(Q21,$E34)} -> 42.449627 | R42: {=MMS_Dairy_AtmosphericDeposition_Equations.VEERG_4_3_1_5__2_TotalNitrogenVolatilisedFromMMS(R21,$E34)} -> 36.471581 | S42: {=MMS_Dairy_AtmosphericDeposition_Equations.VEERG_4_3_1_5__2_TotalNitrogenVolatilisedFromMMS(S21,$E34)} -> 14.526245 | T42: {=MMS_Dairy_AtmosphericDeposition_Equations.VEERG_4_3_1_5__2_TotalNitrogenVolatilisedFromMMS(T21,$E34)} -> 45.846219 | U42: {=MMS_Dairy_AtmosphericDeposition_Equations.VEERG_4_3_1_5__2_TotalNitrogenVolatilisedFromMMS(U21,$E34)} -> 19.192571
D43: ='Input - Dairy'!$D$59 -> Milking shed | E43: Solid storage | F43: {=MMS_Dairy_AtmosphericDeposition_Equations.VEERG_4_3_1_5__2_TotalNitrogenVolatilisedFromMMS(F22,$E35)} -> 127.34888 | G43: {=MMS_Dairy_AtmosphericDeposition_Equations.VEERG_4_3_1_5__2_TotalNitrogenVolatilisedFromMMS(G22,$E35)} -> 109.41474 | H43: {=MMS_Dairy_AtmosphericDeposition_Equations.VEERG_4_3_1_5__2_TotalNitrogenVolatilisedFromMMS(H22,$E35)} -> 43.578734 | I43: {=MMS_Dairy_AtmosphericDeposition_Equations.VEERG_4_3_1_5__2_TotalNitrogenVolatilisedFromMMS(I22,$E35)} -> 137.53866 | J43: {=MMS_Dairy_AtmosphericDeposition_Equations.VEERG_4_3_1_5__2_TotalNitrogenVolatilisedFromMMS(J22,$E35)} -> 57.577714 | O43: ='Input - Dairy'!$D$59 -> Milking shed | P43: Solid storage | Q43: {=MMS_Dairy_AtmosphericDeposition_Equations.VEERG_4_3_1_5__2_TotalNitrogenVolatilisedFromMMS(Q22,$E35)} -> 127.34888 | R43: {=MMS_Dairy_AtmosphericDeposition_Equations.VEERG_4_3_1_5__2_TotalNitrogenVolatilisedFromMMS(R22,$E35)} -> 109.41474 | S43: {=MMS_Dairy_AtmosphericDeposition_Equations.VEERG_4_3_1_5__2_TotalNitrogenVolatilisedFromMMS(S22,$E35)} -> 43.578734 | T43: {=MMS_Dairy_AtmosphericDeposition_Equations.VEERG_4_3_1_5__2_TotalNitrogenVolatilisedFromMMS(T22,$E35)} -> 137.53866 | U43: {=MMS_Dairy_AtmosphericDeposition_Equations.VEERG_4_3_1_5__2_TotalNitrogenVolatilisedFromMMS(U22,$E35)} -> 57.577714
D44: ='Input - Dairy'!$D$60 -> Feed pad | E44: ='Input - Dairy'!$D$94 -> Anaerobic lagoon | F44: {=MMS_Dairy_AtmosphericDeposition_Equations.VEERG_4_3_1_5__2_TotalNitrogenVolatilisedFromMMS(F23, $E32)} -> 300.52406 | G44: {=MMS_Dairy_AtmosphericDeposition_Equations.VEERG_4_3_1_5__2_TotalNitrogenVolatilisedFromMMS(G23, $E32)} -> 258.20221 | H44: {=MMS_Dairy_AtmosphericDeposition_Equations.VEERG_4_3_1_5__2_TotalNitrogenVolatilisedFromMMS(H23, $E32)} -> 102.83921 | I44: {=MMS_Dairy_AtmosphericDeposition_Equations.VEERG_4_3_1_5__2_TotalNitrogenVolatilisedFromMMS(I23, $E32)} -> 324.57039 | J44: {=MMS_Dairy_AtmosphericDeposition_Equations.VEERG_4_3_1_5__2_TotalNitrogenVolatilisedFromMMS(J23, $E32)} -> 135.87468 | O44: ='Input - Dairy'!$D$60 -> Feed pad | P44: ='Input - Dairy'!$D$94 -> Anaerobic lagoon | Q44: {=MMS_Dairy_AtmosphericDeposition_Equations.VEERG_4_3_1_5__2_TotalNitrogenVolatilisedFromMMS(Q23, $E32)} -> 300.52406 | R44: {=MMS_Dairy_AtmosphericDeposition_Equations.VEERG_4_3_1_5__2_TotalNitrogenVolatilisedFromMMS(R23, $E32)} -> 258.20221 | S44: {=MMS_Dairy_AtmosphericDeposition_Equations.VEERG_4_3_1_5__2_TotalNitrogenVolatilisedFromMMS(S23, $E32)} -> 102.83921 | T44: {=MMS_Dairy_AtmosphericDeposition_Equations.VEERG_4_3_1_5__2_TotalNitrogenVolatilisedFromMMS(T23, $E32)} -> 324.57039 | U44: {=MMS_Dairy_AtmosphericDeposition_Equations.VEERG_4_3_1_5__2_TotalNitrogenVolatilisedFromMMS(U23, $E32)} -> 135.87468
D45: ='Input - Dairy'!$D$60 -> Feed pad | E45: ='Input - Dairy'!$D$95 -> Sump and dispersal system | F45: {=MMS_Dairy_AtmosphericDeposition_Equations.VEERG_4_3_1_5__2_TotalNitrogenVolatilisedFromMMS(F24, $E33)} -> 48.08385 | G45: {=MMS_Dairy_AtmosphericDeposition_Equations.VEERG_4_3_1_5__2_TotalNitrogenVolatilisedFromMMS(G24, $E33)} -> 41.312354 | H45: {=MMS_Dairy_AtmosphericDeposition_Equations.VEERG_4_3_1_5__2_TotalNitrogenVolatilisedFromMMS(H24, $E33)} -> 16.454274 | I45: {=MMS_Dairy_AtmosphericDeposition_Equations.VEERG_4_3_1_5__2_TotalNitrogenVolatilisedFromMMS(I24, $E33)} -> 51.931263 | J45: {=MMS_Dairy_AtmosphericDeposition_Equations.VEERG_4_3_1_5__2_TotalNitrogenVolatilisedFromMMS(J24, $E33)} -> 21.739949 | O45: ='Input - Dairy'!$D$60 -> Feed pad | P45: ='Input - Dairy'!$D$95 -> Sump and dispersal system | Q45: {=MMS_Dairy_AtmosphericDeposition_Equations.VEERG_4_3_1_5__2_TotalNitrogenVolatilisedFromMMS(Q24, $E33)} -> 48.08385 | R45: {=MMS_Dairy_AtmosphericDeposition_Equations.VEERG_4_3_1_5__2_TotalNitrogenVolatilisedFromMMS(R24, $E33)} -> 41.312354 | S45: {=MMS_Dairy_AtmosphericDeposition_Equations.VEERG_4_3_1_5__2_TotalNitrogenVolatilisedFromMMS(S24, $E33)} -> 16.454274 | T45: {=MMS_Dairy_AtmosphericDeposition_Equations.VEERG_4_3_1_5__2_TotalNitrogenVolatilisedFromMMS(T24, $E33)} -> 51.931263 | U45: {=MMS_Dairy_AtmosphericDeposition_Equations.VEERG_4_3_1_5__2_TotalNitrogenVolatilisedFromMMS(U24, $E33)} -> 21.739949
D46: ='Input - Dairy'!$D$60 -> Feed pad | E46: ='Input - Dairy'!$D$96 -> Drains to paddock | F46: {=MMS_Dairy_AtmosphericDeposition_Equations.VEERG_4_3_1_5__2_TotalNitrogenVolatilisedFromMMS(F25, $E34)} -> 137.38243 | G46: {=MMS_Dairy_AtmosphericDeposition_Equations.VEERG_4_3_1_5__2_TotalNitrogenVolatilisedFromMMS(G25, $E34)} -> 118.0353 | H46: {=MMS_Dairy_AtmosphericDeposition_Equations.VEERG_4_3_1_5__2_TotalNitrogenVolatilisedFromMMS(H25, $E34)} -> 47.012211 | I46: {=MMS_Dairy_AtmosphericDeposition_Equations.VEERG_4_3_1_5__2_TotalNitrogenVolatilisedFromMMS(I25, $E34)} -> 148.37504 | J46: {=MMS_Dairy_AtmosphericDeposition_Equations.VEERG_4_3_1_5__2_TotalNitrogenVolatilisedFromMMS(J25, $E34)} -> 62.11414 | O46: ='Input - Dairy'!$D$60 -> Feed pad | P46: ='Input - Dairy'!$D$96 -> Drains to paddock | Q46: {=MMS_Dairy_AtmosphericDeposition_Equations.VEERG_4_3_1_5__2_TotalNitrogenVolatilisedFromMMS(Q25, $E34)} -> 137.38243 | R46: {=MMS_Dairy_AtmosphericDeposition_Equations.VEERG_4_3_1_5__2_TotalNitrogenVolatilisedFromMMS(R25, $E34)} -> 118.0353 | S46: {=MMS_Dairy_AtmosphericDeposition_Equations.VEERG_4_3_1_5__2_TotalNitrogenVolatilisedFromMMS(S25, $E34)} -> 47.012211 | T46: {=MMS_Dairy_AtmosphericDeposition_Equations.VEERG_4_3_1_5__2_TotalNitrogenVolatilisedFromMMS(T25, $E34)} -> 148.37504 | U46: {=MMS_Dairy_AtmosphericDeposition_Equations.VEERG_4_3_1_5__2_TotalNitrogenVolatilisedFromMMS(U25, $E34)} -> 62.11414
D47: ='Input - Dairy'!$D$60 -> Feed pad | E47: Solid storage | F47: {=MMS_Dairy_AtmosphericDeposition_Equations.VEERG_4_3_1_5__2_TotalNitrogenVolatilisedFromMMS(F26, $E35)} -> 360.62887 | G47: {=MMS_Dairy_AtmosphericDeposition_Equations.VEERG_4_3_1_5__2_TotalNitrogenVolatilisedFromMMS(G26, $E35)} -> 309.84265 | H47: {=MMS_Dairy_AtmosphericDeposition_Equations.VEERG_4_3_1_5__2_TotalNitrogenVolatilisedFromMMS(H26, $E35)} -> 123.40705 | I47: {=MMS_Dairy_AtmosphericDeposition_Equations.VEERG_4_3_1_5__2_TotalNitrogenVolatilisedFromMMS(I26, $E35)} -> 389.48447 | J47: {=MMS_Dairy_AtmosphericDeposition_Equations.VEERG_4_3_1_5__2_TotalNitrogenVolatilisedFromMMS(J26, $E35)} -> 163.04962 | O47: ='Input - Dairy'!$D$60 -> Feed pad | P47: Solid storage | Q47: {=MMS_Dairy_AtmosphericDeposition_Equations.VEERG_4_3_1_5__2_TotalNitrogenVolatilisedFromMMS(Q26, $E35)} -> 360.62887 | R47: {=MMS_Dairy_AtmosphericDeposition_Equations.VEERG_4_3_1_5__2_TotalNitrogenVolatilisedFromMMS(R26, $E35)} -> 309.84265 | S47: {=MMS_Dairy_AtmosphericDeposition_Equations.VEERG_4_3_1_5__2_TotalNitrogenVolatilisedFromMMS(S26, $E35)} -> 123.40705 | T47: {=MMS_Dairy_AtmosphericDeposition_Equations.VEERG_4_3_1_5__2_TotalNitrogenVolatilisedFromMMS(T26, $E35)} -> 389.48447 | U47: {=MMS_Dairy_AtmosphericDeposition_Equations.VEERG_4_3_1_5__2_TotalNitrogenVolatilisedFromMMS(U26, $E35)} -> 163.04962
D49: MNATMOS | E49: =SUM(F40:J47) -> 4127.6301 | F49: =$E$11 -> kg N | O49: MNATMOS | P49: =SUM(Q40:U47) -> 4127.6301 | Q49: =$E$11 -> kg N
A51: =HYPERLINK("#A1", "▲ Back to top") -> ▲ Back to top
D53: {=MMS_Dairy_AtmosphericDeposition_Equations.VEERG_4_3_1_5__1_AnnualAtmosphericDepositionEmissionsFromMMS_Title()} -> Annual atmospheric deposition emissions from MMS
D54: {=MMS_Dairy_AtmosphericDeposition_Equations.VEERG_4_3_1_5__1_AnnualAtmosphericDepositionEmissionsFromMMS_Source()} -> VEERG 2026: 4.3.1.5, Equation (1)
D55: Function name | E55: {=Common_InputFunctions.Utility_DisplayFunctionName($E$68)} -> =MMS_Dairy_AtmosphericDeposition_Equations.VEERG_4_3_1_5__1_AnnualAtmosphericDepositionEmissionsFromMMS
H57: `
D58: Variable | E58: {=MMS_Dairy_AtmosphericDeposition_Equations.VEERG_4_3_1_5__1_AnnualAtmosphericDepositionEmissionsFromMMS_Variable()} -> E_N2OMMSad
D59: Unit | E59: {=MMS_Dairy_AtmosphericDeposition_Equations.VEERG_4_3_1_5__1_AnnualAtmosphericDepositionEmissionsFromMMS_Unit()} -> t N2O
D61: {=_xlfn.CHOOSECOLS(MMS_Dairy_AtmosphericDeposition_Equations.VEERG_4_3_1_5__1_AnnualAtmosphericDepositionEmissionsFromMMS_Arguments(),1,2)} -> MN_ATMOS | E61: mass of N volatilised from MMS | G61: {=_xlfn.CHOOSECOLS(MMS_Dairy_AtmosphericDeposition_Equations.VEERG_4_3_1_5__1_AnnualAtmosphericDepositionEmissionsFromMMS_Arguments(),3,4)} -> kg N | H61: Calculated from 4.3.1.5 (2) | I61: =$E$49 -> 4127.6301 | O61: =D61 -> MN_ATMOS | P61: =E61 -> mass of N volatilised from MMS | R61: =$P$49 -> 4127.6301
D62: EF_N2O | E62: nitrous oxide emission factor for atmospheric deposition | G62: kg N2O-N/kg N | H62: Constant | I62: =Common_InputFunctions.Utility_LookupN2OEFFromProdIrrigationRainfall(I64,I65,I66,Table_SourceData_Common_EFN2O[Production system only],Table_SourceData_Common_EFN2O[Irrigation method],Table_SourceData_Common_EFN2O[Rainfall zone],Table_SourceData_Common_EFN2O[EFN2O]) -> 0.0059
D63: C_N2O | E63: factor to convert elemental mass of N2O to molecular mass | H63: Constant | I63: =Common_InputFunctions.Utility_LookupValueInTableNumber("N2O",Table_GasToMolecularConversionFactor[Gas],Table_GasToMolecularConversionFactor[Conversion factor combined]) -> 1.5714286
D64: j | E64: production system | H64: Input | I64: ='Input - Dairy'!$E$102 -> Pasture
D65: ir | E65: irrigation method | H65: Input | I65: ='Input - Dairy'!$E$103 -> Sprinkler irrigation
D66: r | E66: rainfall region | H66: Input | I66: ='Input - Site'!$E$30 -> High rainfall
D68: EN2O,MMS,ad | E68: {=MMS_Dairy_AtmosphericDeposition_Equations.VEERG_4_3_1_5__1_AnnualAtmosphericDepositionEmissionsFromMMS($I$61,$I$62,$I$63)} -> 0.038269028 | F68: =$E$59 -> t N2O | O68: EN2O,MMS,ad | P68: {=MMS_Dairy_AtmosphericDeposition_Equations.VEERG_4_3_1_5__1_AnnualAtmosphericDepositionEmissionsFromMMS($R$61,$I$62,$I$63)} -> 0.038269028 | Q68: =$E$59 -> t N2O
D70: {=Common_Equations.Common_ConvertN2OToCO2e_Arguments()} -> EN2O | E70: Nitrous oxide emissions (t N2O) | G70: =$E$68 -> 0.038269028 | O70: {=Common_Equations.Common_ConvertN2OToCO2e_Arguments()} -> EN2O | P70: Nitrous oxide emissions (t N2O) | R70: =P68 -> 0.038269028
D71: GWPN2O | E71: Global warming potential for nitrous oxide (t CO2-e / t N2O) | G71: =Common_InputFunctions.Utility_LookupValueInTableNumber("N2O",Table_GWPData[Gas],Table_GWPData[CO2-e factor]) -> 265 | O71: GWPN2O | P71: Global warming potential for nitrous oxide (t CO2-e / t N2O) | R71: =Common_InputFunctions.Utility_LookupValueInTableNumber("N2O",Table_GWPData[Gas],Table_GWPData[CO2-e factor]) -> 265
A73: =HYPERLINK("#A1", "▲ Back to top") -> ▲ Back to top | D73: ECO2e | E73: {=Common_Equations.Common_ConvertN2OToCO2e(G70,G71)} -> 10.141292 | F73: {=Common_Equations.Common_ConvertN2OToCO2e_Unit()} -> t CO2e | O73: ECO2e | P73: {=Common_Equations.Common_ConvertN2OToCO2e(R70,R71)} -> 10.141292 | Q73: {=Common_Equations.Common_ConvertN2OToCO2e_Unit()} -> t CO2e

Sheet 4.3.1.6-7 Leaching and runoff
A1: #VALUE! | C1: 4.1.1.6-7 Manure leaching and runoff
A3: =HYPERLINK("#'Home'!A1", "Home") -> Home | D3: Method 1 | O3: Method 2
A4: =HYPERLINK("#'Overview'!A1", "Overview") -> Overview
A5: =HYPERLINK("#'Results'!A1", "Results") -> Results | D5: {=MMS_Dairy_LeachingAndRunoff_Equations.VEERG_4_3_1_6__2_MassOfNitrogenLostToLeachingAndRunoffFromSolidStorage_Title()} -> Mass of nitrogen lost to leaching and runoff from solid storage systems
D6: {=MMS_Dairy_LeachingAndRunoff_Equations.VEERG_4_3_1_6__2_MassOfNitrogenLostToLeachingAndRunoffFromSolidStorage_Source()} -> VEERG 2026: 4.3.1.6, Equation (2)
A7: INPUTS | D7: Function name | E7: {=Common_InputFunctions.Utility_DisplayFunctionName($F$29)} -> =MMS_Dairy_LeachingAndRunoff_Equations.VEERG_4_3_1_6__2_MassOfNitrogenLostToLeachingAndRunoffFromSolidStorage
A8: =HYPERLINK("#'Input - Site'!A1", "Site") -> Site
A9: =HYPERLINK("#'Input - Dairy'!A1", "Dairy") -> Dairy
D10: Variable | E10: {=MMS_Dairy_LeachingAndRunoff_Equations.VEERG_4_3_1_6__2_MassOfNitrogenLostToLeachingAndRunoffFromSolidStorage_Variable()} -> MNLeach_jm4
A11: CALCULATIONS | D11: Unit | E11: {=MMS_Dairy_LeachingAndRunoff_Equations.VEERG_4_3_1_6__2_MassOfNitrogenLostToLeachingAndRunoffFromSolidStorage_Unit()} -> kg N
A12: =HYPERLINK("#'4.3.1.1-2 Methane'!A1", "4.3.1.1-2 Methane") -> 4.3.1.1-2 Methane
A13: =HYPERLINK("#'4.3.1.3-4 Direct N20'!A1", "4.3.1.3-4 Direct N2O") -> 4.3.1.3-4 Direct N2O | D13: {=_xlfn.CHOOSECOLS(MMS_Dairy_LeachingAndRunoff_Equations.VEERG_4_3_1_6__2_MassOfNitrogenLostToLeachingAndRunoffFromSolidStorage_Arguments(),1,2)} -> MN_jm4 | E13: total nitrogen in solid storage system m=4 (kg N) | H13: {=_xlfn.CHOOSECOLS(MMS_Dairy_LeachingAndRunoff_Equations.VEERG_4_3_1_6__2_MassOfNitrogenLostToLeachingAndRunoffFromSolidStorage_Arguments(),3,4)} -> kg N | I13: Calculated from 4.3.1.3 (2) | J13: {=HYPERLINK(Common_InputFunctions.Utility_SourceHyperlink($D$20),$D$20)} -> M1_Table_MN_j_m-4
A14: =HYPERLINK("#'4.3.1.5 Atmos Deposition'!A1", "4.3.1.5 Atmospheric deposition") -> 4.3.1.5 Atmospheric deposition | D14: FracWET_i | E14: fraction of N that is available for leaching and runoff from the leaching zone z and irrigation type ir | H14: fraction | I14: Constant | J14: =Common_InputFunctions.CommonCropping_GetFracWET(J16,J18,#REF!,#REF!,Table_SourceData_FracWETIrrigation[Irrigation type i],Table_SourceData_FracWETIrrigation[FracWET]) -> 1
A15: =HYPERLINK("#'4.3.1.6-7 Leaching and runoff'!A1", "4.3.1.6-7 Leaching and runoff") -> 4.3.1.6-7 Leaching and runoff | D15: FracLEACH_MS | E15: fraction of N that is lost through leaching and runoff | H15: fraction | I15: Constant | J15: ='Constants - Dairy'!$D$209 -> 0.02
A16: =HYPERLINK("#'4.3.1.8 Manure applied to soils'!A1", "4.3.1.8 Manure applied to soils") -> 4.3.1.8 Manure applied to soils | D16: z | E16: location in leaching zone | I16: Input | J16: ='Input - Site'!$E$23 -> NO - Not in leaching zone
A17: =HYPERLINK("#'4.3.1.9 Soil direct N2O'!A1", "4.3.1.9 Soil direct N2O") -> 4.3.1.9 Soil direct N2O | D17: j | E17: production system | I17: Input | J17: ='Input - Dairy'!$E$102 -> Pasture
A18: =HYPERLINK("#'4.3.1.10-11 Soil Atmos Dep'!A1", "4.3.1.10-11 Soil atm. deposition") -> 4.3.1.10-11 Soil atm. deposition | D18: ir | E18: irrigation method | I18: Input | J18: ='Input - Dairy'!$E$103 -> Sprinkler irrigation
A19: =HYPERLINK("#'4.3.1.12-13 Soil leach runoff'!A1", "4.3.1.12-13 Soil leach & runoff") -> 4.3.1.12-13 Soil leach & runoff
D20: M1_Table_MN_j_m-4 | O20: M2_Table_MN_j_m-4
A21: APPENDICES | D21: Total nitrogen in solid storage MMS (Method 1) | O21: Total nitrogen in solid storage MMS (Method 2)
A22: =HYPERLINK("#'Constants - Dairy'!A1", "Constants - Dairy") -> Constants - Dairy | D22: Production system | E22: MMS | F22: Milking cows | G22: Heifers > 1 year | H22: Heifers < 1 year | I22: Bulls > 1 year | J22: Bulls < 1 year | O22: Production system | P22: MMS | Q22: Milking cows | R22: Heifers > 1 year | S22: Heifers < 1 year | T22: Bulls > 1 year | U22: Bulls < 1 year
A23: =HYPERLINK("#'Constants - Livestock'!A1", "Constants - Livestock") -> Constants - Livestock | D23: ='Input - Dairy'!$D$59 -> Milking shed | E23: Solid storage | F23: ='4.3.1.3-4 Direct N20'!F239 -> 424.49627 | G23: ='4.3.1.3-4 Direct N20'!G239 -> 364.71581 | H23: ='4.3.1.3-4 Direct N20'!H239 -> 145.26245 | I23: ='4.3.1.3-4 Direct N20'!I239 -> 458.46219 | J23: ='4.3.1.3-4 Direct N20'!J239 -> 191.92571 | K23: =$H$13 -> kg N | O23: ='Input - Dairy'!$D$59 -> Milking shed | P23: Solid storage | Q23: ='4.3.1.3-4 Direct N20'!P239 -> 424.49627 | R23: ='4.3.1.3-4 Direct N20'!Q239 -> 364.71581 | S23: ='4.3.1.3-4 Direct N20'!R239 -> 145.26245 | T23: ='4.3.1.3-4 Direct N20'!S239 -> 458.46219 | U23: ='4.3.1.3-4 Direct N20'!T239 -> 191.92571 | V23: =$H$13 -> kg N
A24: =HYPERLINK("#'Constants - Common'!A1", "Constants - Common") -> Constants - Common | D24: ='Input - Dairy'!$D$60 -> Feed pad | E24: Solid storage | F24: ='4.3.1.3-4 Direct N20'!F243 -> 1202.0962 | G24: ='4.3.1.3-4 Direct N20'!G243 -> 1032.8088 | H24: ='4.3.1.3-4 Direct N20'!H243 -> 411.35684 | I24: ='4.3.1.3-4 Direct N20'!I243 -> 1298.2816 | J24: ='4.3.1.3-4 Direct N20'!J243 -> 543.49873 | O24: ='Input - Dairy'!$D$60 -> Feed pad | P24: Solid storage | Q24: ='4.3.1.3-4 Direct N20'!P243 -> 1202.0962 | R24: ='4.3.1.3-4 Direct N20'!Q243 -> 1032.8088 | S24: ='4.3.1.3-4 Direct N20'!R243 -> 411.35684 | T24: ='4.3.1.3-4 Direct N20'!S243 -> 1298.2816 | U24: ='4.3.1.3-4 Direct N20'!T243 -> 543.49873
A25: =HYPERLINK("#'Acknowledgements'!A1", "Acknowledgements") -> Acknowledgements
D26: M1_Table_MN_leach_j_m-4 | O26: M2_Table_MN_leach_j_m-4
D27: Mass of N lost to leaching and runoff from solid storage (Method 1) | O27: Mass of N lost to leaching and runoff from solid storage (Method 2)
D28: Production system | E28: MMS | F28: Milking cows | G28: Heifers > 1 year | H28: Heifers < 1 year | I28: Bulls > 1 year | J28: Bulls < 1 year | O28: Production system | P28: MMS | Q28: Milking cows | R28: Heifers > 1 year | S28: Heifers < 1 year | T28: Bulls > 1 year | U28: Bulls < 1 year
D29: ='Input - Dairy'!$D$59 -> Milking shed | E29: Solid storage | F29: {=MMS_Dairy_LeachingAndRunoff_Equations.VEERG_4_3_1_6__2_MassOfNitrogenLostToLeachingAndRunoffFromSolidStorage(F23,$J$14,$J$15)} -> 8.4899253 | G29: {=MMS_Dairy_LeachingAndRunoff_Equations.VEERG_4_3_1_6__2_MassOfNitrogenLostToLeachingAndRunoffFromSolidStorage(G23,$J$14,$J$15)} -> 7.2943161 | H29: {=MMS_Dairy_LeachingAndRunoff_Equations.VEERG_4_3_1_6__2_MassOfNitrogenLostToLeachingAndRunoffFromSolidStorage(H23,$J$14,$J$15)} -> 2.905249 | I29: {=MMS_Dairy_LeachingAndRunoff_Equations.VEERG_4_3_1_6__2_MassOfNitrogenLostToLeachingAndRunoffFromSolidStorage(I23,$J$14,$J$15)} -> 9.1692438 | J29: {=MMS_Dairy_LeachingAndRunoff_Equations.VEERG_4_3_1_6__2_MassOfNitrogenLostToLeachingAndRunoffFromSolidStorage(J23,$J$14,$J$15)} -> 3.8385143 | K29: =$E$11 -> kg N | O29: ='Input - Dairy'!$D$59 -> Milking shed | P29: Solid storage | Q29: {=MMS_Dairy_LeachingAndRunoff_Equations.VEERG_4_3_1_6__2_MassOfNitrogenLostToLeachingAndRunoffFromSolidStorage(Q23,$J$14,$J$15)} -> 8.4899253 | R29: {=MMS_Dairy_LeachingAndRunoff_Equations.VEERG_4_3_1_6__2_MassOfNitrogenLostToLeachingAndRunoffFromSolidStorage(R23,$J$14,$J$15)} -> 7.2943161 | S29: {=MMS_Dairy_LeachingAndRunoff_Equations.VEERG_4_3_1_6__2_MassOfNitrogenLostToLeachingAndRunoffFromSolidStorage(S23,$J$14,$J$15)} -> 2.905249 | T29: {=MMS_Dairy_LeachingAndRunoff_Equations.VEERG_4_3_1_6__2_MassOfNitrogenLostToLeachingAndRunoffFromSolidStorage(T23,$J$14,$J$15)} -> 9.1692438 | U29: {=MMS_Dairy_LeachingAndRunoff_Equations.VEERG_4_3_1_6__2_MassOfNitrogenLostToLeachingAndRunoffFromSolidStorage(U23,$J$14,$J$15)} -> 3.8385143 | V29: =$E$11 -> kg N
D30: ='Input - Dairy'!$D$60 -> Feed pad | E30: Solid storage | F30: {=MMS_Dairy_LeachingAndRunoff_Equations.VEERG_4_3_1_6__2_MassOfNitrogenLostToLeachingAndRunoffFromSolidStorage(F24,$J$14,$J$15)} -> 24.041925 | G30: {=MMS_Dairy_LeachingAndRunoff_Equations.VEERG_4_3_1_6__2_MassOfNitrogenLostToLeachingAndRunoffFromSolidStorage(G24,$J$14,$J$15)} -> 20.656177 | H30: {=MMS_Dairy_LeachingAndRunoff_Equations.VEERG_4_3_1_6__2_MassOfNitrogenLostToLeachingAndRunoffFromSolidStorage(H24,$J$14,$J$15)} -> 8.2271368 | I30: {=MMS_Dairy_LeachingAndRunoff_Equations.VEERG_4_3_1_6__2_MassOfNitrogenLostToLeachingAndRunoffFromSolidStorage(I24,$J$14,$J$15)} -> 25.965631 | J30: {=MMS_Dairy_LeachingAndRunoff_Equations.VEERG_4_3_1_6__2_MassOfNitrogenLostToLeachingAndRunoffFromSolidStorage(J24,$J$14,$J$15)} -> 10.869975 | O30: ='Input - Dairy'!$D$60 -> Feed pad | P30: Solid storage | Q30: {=MMS_Dairy_LeachingAndRunoff_Equations.VEERG_4_3_1_6__2_MassOfNitrogenLostToLeachingAndRunoffFromSolidStorage(Q24,$J$14,$J$15)} -> 24.041925 | R30: {=MMS_Dairy_LeachingAndRunoff_Equations.VEERG_4_3_1_6__2_MassOfNitrogenLostToLeachingAndRunoffFromSolidStorage(R24,$J$14,$J$15)} -> 20.656177 | S30: {=MMS_Dairy_LeachingAndRunoff_Equations.VEERG_4_3_1_6__2_MassOfNitrogenLostToLeachingAndRunoffFromSolidStorage(S24,$J$14,$J$15)} -> 8.2271368 | T30: {=MMS_Dairy_LeachingAndRunoff_Equations.VEERG_4_3_1_6__2_MassOfNitrogenLostToLeachingAndRunoffFromSolidStorage(T24,$J$14,$J$15)} -> 25.965631 | U30: {=MMS_Dairy_LeachingAndRunoff_Equations.VEERG_4_3_1_6__2_MassOfNitrogenLostToLeachingAndRunoffFromSolidStorage(U24,$J$14,$J$15)} -> 10.869975
D34: {=MMS_Dairy_LeachingAndRunoff_Equations.VEERG_4_3_1_6__1_AnnualEmissionsFromLeachingAndRunoffFromMMS_Title()} -> Annual emissions from leaching and runoff from each MMS
D35: {=MMS_Dairy_LeachingAndRunoff_Equations.VEERG_4_3_1_6__1_AnnualEmissionsFromLeachingAndRunoffFromMMS_Source()} -> VEERG 2026: 4.3.1.6, Equation (1)
D36: Function name | E36: {=Common_InputFunctions.Utility_DisplayFunctionName($F$29)} -> =MMS_Dairy_LeachingAndRunoff_Equations.VEERG_4_3_1_6__2_MassOfNitrogenLostToLeachingAndRunoffFromSolidStorage
D39: Variable | E39: {=MMS_Dairy_LeachingAndRunoff_Equations.VEERG_4_3_1_6__1_AnnualEmissionsFromLeachingAndRunoffFromMMS_Variable()} -> E_N2Oleach
D40: Unit | E40: {=MMS_Dairy_LeachingAndRunoff_Equations.VEERG_4_3_1_6__1_AnnualEmissionsFromLeachingAndRunoffFromMMS_Unit()} -> t N2O
D42: {=_xlfn.CHOOSECOLS(MMS_Dairy_LeachingAndRunoff_Equations.VEERG_4_3_1_6__1_AnnualEmissionsFromLeachingAndRunoffFromMMS_Arguments(),1,2)} -> MNLeach_jm | E42: mass of N lost through leaching and runoff | G42: {=_xlfn.CHOOSECOLS(MMS_Dairy_LeachingAndRunoff_Equations.VEERG_4_3_1_6__1_AnnualEmissionsFromLeachingAndRunoffFromMMS_Arguments(),3,4)} -> kg N | H42: Calculated from 4.3.1.6 (2) | I42: {=HYPERLINK(Common_InputFunctions.Utility_SourceHyperlink($D$26),$D$26)} -> M1_Table_MN_leach_j_m-4
D43: EF_leach | E43: nitrous oxide emission factor for leaching and runoff | G43: kg N2O-N/kg N | H43: Constant | I43: ='Constants - Dairy'!$D$202 -> 0.011
D44: C_N2O | E44: factor to convert elemental mass of N2O to molecular mass | H44: Constant | I44: =Common_InputFunctions.Utility_LookupValueInTableNumber("N2O",Table_GasToMolecularConversionFactor[Gas],Table_GasToMolecularConversionFactor[Conversion factor combined]) -> 1.5714286
D46: M1_Table_EF_N2O_leach | O46: M2_Table_EF_N2O_leach
D47: Emissions from leaching and runoff (Method 1) | O47: Emissions from leaching and runoff (Method 2)
D48: Production system | E48: MMS | F48: Milking cows | G48: Heifers > 1 year | H48: Heifers < 1 year | I48: Bulls > 1 year | J48: Bulls < 1 year | O48: Production system | P48: MMS | Q48: Milking cows | R48: Heifers > 1 year | S48: Heifers < 1 year | T48: Bulls > 1 year | U48: Bulls < 1 year
D49: ='Input - Dairy'!$D$59 -> Milking shed | E49: Solid storage | F49: {=MMS_Dairy_LeachingAndRunoff_Equations.VEERG_4_3_1_6__1_AnnualEmissionsFromLeachingAndRunoffFromMMS(F29,$I$43,$I$44)} -> 0.00014675442 | G49: {=MMS_Dairy_LeachingAndRunoff_Equations.VEERG_4_3_1_6__1_AnnualEmissionsFromLeachingAndRunoffFromMMS(G29,$I$43,$I$44)} -> 0.00012608746 | H49: {=MMS_Dairy_LeachingAndRunoff_Equations.VEERG_4_3_1_6__1_AnnualEmissionsFromLeachingAndRunoffFromMMS(H29,$I$43,$I$44)} -> 5.0219304e-05 | I49: {=MMS_Dairy_LeachingAndRunoff_Equations.VEERG_4_3_1_6__1_AnnualEmissionsFromLeachingAndRunoffFromMMS(I29,$I$43,$I$44)} -> 0.00015849693 | J49: {=MMS_Dairy_LeachingAndRunoff_Equations.VEERG_4_3_1_6__1_AnnualEmissionsFromLeachingAndRunoffFromMMS(J29,$I$43,$I$44)} -> 6.6351461e-05 | K49: =$E$40 -> t N2O | O49: ='Input - Dairy'!$D$59 -> Milking shed | P49: Solid storage | Q49: {=MMS_Dairy_LeachingAndRunoff_Equations.VEERG_4_3_1_6__1_AnnualEmissionsFromLeachingAndRunoffFromMMS(Q29,$I$43,$I$44)} -> 0.00014675442 | R49: {=MMS_Dairy_LeachingAndRunoff_Equations.VEERG_4_3_1_6__1_AnnualEmissionsFromLeachingAndRunoffFromMMS(R29,$I$43,$I$44)} -> 0.00012608746 | S49: {=MMS_Dairy_LeachingAndRunoff_Equations.VEERG_4_3_1_6__1_AnnualEmissionsFromLeachingAndRunoffFromMMS(S29,$I$43,$I$44)} -> 5.0219304e-05 | T49: {=MMS_Dairy_LeachingAndRunoff_Equations.VEERG_4_3_1_6__1_AnnualEmissionsFromLeachingAndRunoffFromMMS(T29,$I$43,$I$44)} -> 0.00015849693 | U49: {=MMS_Dairy_LeachingAndRunoff_Equations.VEERG_4_3_1_6__1_AnnualEmissionsFromLeachingAndRunoffFromMMS(U29,$I$43,$I$44)} -> 6.6351461e-05 | V49: =$E$40 -> t N2O
D50: ='Input - Dairy'!$D$60 -> Feed pad | E50: Solid storage | F50: {=MMS_Dairy_LeachingAndRunoff_Equations.VEERG_4_3_1_6__1_AnnualEmissionsFromLeachingAndRunoffFromMMS(F30,$I$43,$I$44)} -> 0.00041558184 | G50: {=MMS_Dairy_LeachingAndRunoff_Equations.VEERG_4_3_1_6__1_AnnualEmissionsFromLeachingAndRunoffFromMMS(G30,$I$43,$I$44)} -> 0.00035705677 | H50: {=MMS_Dairy_LeachingAndRunoff_Equations.VEERG_4_3_1_6__1_AnnualEmissionsFromLeachingAndRunoffFromMMS(H30,$I$43,$I$44)} -> 0.00014221194 | I50: {=MMS_Dairy_LeachingAndRunoff_Equations.VEERG_4_3_1_6__1_AnnualEmissionsFromLeachingAndRunoffFromMMS(I30,$I$43,$I$44)} -> 0.00044883449 | J50: {=MMS_Dairy_LeachingAndRunoff_Equations.VEERG_4_3_1_6__1_AnnualEmissionsFromLeachingAndRunoffFromMMS(J30,$I$43,$I$44)} -> 0.00018789527 | O50: ='Input - Dairy'!$D$60 -> Feed pad | P50: Solid storage | Q50: {=MMS_Dairy_LeachingAndRunoff_Equations.VEERG_4_3_1_6__1_AnnualEmissionsFromLeachingAndRunoffFromMMS(Q30,$I$43,$I$44)} -> 0.00041558184 | R50: {=MMS_Dairy_LeachingAndRunoff_Equations.VEERG_4_3_1_6__1_AnnualEmissionsFromLeachingAndRunoffFromMMS(R30,$I$43,$I$44)} -> 0.00035705677 | S50: {=MMS_Dairy_LeachingAndRunoff_Equations.VEERG_4_3_1_6__1_AnnualEmissionsFromLeachingAndRunoffFromMMS(S30,$I$43,$I$44)} -> 0.00014221194 | T50: {=MMS_Dairy_LeachingAndRunoff_Equations.VEERG_4_3_1_6__1_AnnualEmissionsFromLeachingAndRunoffFromMMS(T30,$I$43,$I$44)} -> 0.00044883449 | U50: {=MMS_Dairy_LeachingAndRunoff_Equations.VEERG_4_3_1_6__1_AnnualEmissionsFromLeachingAndRunoffFromMMS(U30,$I$43,$I$44)} -> 0.00018789527
D52: EN2O,MMS,ad | E52: =SUM(F49:J50) -> 0.0020994899 | F52: =$E$40 -> t N2O | O52: EN2O,MMS,ad | P52: =SUM(Q49:U50) -> 0.0020994899 | Q52: =$E$40 -> t N2O
D54: {=Common_Equations.Common_ConvertN2OToCO2e_Arguments()} -> EN2O | E54: Nitrous oxide emissions (t N2O) | G54: =E$52 -> 0.0020994899 | O54: {=Common_Equations.Common_ConvertN2OToCO2e_Arguments()} -> EN2O | P54: Nitrous oxide emissions (t N2O) | R54: =P$52 -> 0.0020994899
D55: GWPN2O | E55: Global warming potential for nitrous oxide (t CO2-e / t N2O) | G55: =Common_InputFunctions.Utility_LookupValueInTableNumber("N2O",Table_GWPData[Gas],Table_GWPData[CO2-e factor]) -> 265 | O55: GWPN2O | P55: Global warming potential for nitrous oxide (t CO2-e / t N2O) | R55: =Common_InputFunctions.Utility_LookupValueInTableNumber("N2O",Table_GWPData[Gas],Table_GWPData[CO2-e factor]) -> 265
A57: =HYPERLINK("#A1", "▲ Back to top") -> ▲ Back to top | D57: ECO2e | E57: {=Common_Equations.Common_ConvertN2OToCO2e(G54,G55)} -> 0.55636482 | F57: {=Common_Equations.Common_ConvertN2OToCO2e_Unit()} -> t CO2e | O57: ECO2e | P57: {=Common_Equations.Common_ConvertN2OToCO2e(R54,R55)} -> 0.55636482 | Q57: {=Common_Equations.Common_ConvertN2OToCO2e_Unit()} -> t CO2e

Sheet 4.3.1.8 Manure applied to soils
A1: #VALUE! | C1: 4.3.1.8 Manure applied to soils
A3: =HYPERLINK("#'Home'!A1", "Home") -> Home | D3: Method 1 | O3: Method 2
A4: =HYPERLINK("#'Overview'!A1", "Overview") -> Overview
A5: =HYPERLINK("#'Results'!A1", "Results") -> Results | D5: {=MMS_Dairy_ManureAppliedToSoils_Equations.VEERG_4_3_1_8__1_MassOfNitrogenAppliedToSoilsScope1_Title()} -> Mass of nitrogen from manure applied to soils for scope 1 emissions
D6: {=MMS_Dairy_ManureAppliedToSoils_Equations.VEERG_4_3_1_8__1_MassOfNitrogenAppliedToSoilsScope1_Source()} -> VEERG 2026: 4.3.1.8, Equation (1)
A7: INPUTS | D7: Function name | E7: {=Common_InputFunctions.Utility_DisplayFunctionName($F$76)} -> =MMS_Dairy_ManureAppliedToSoils_Equations.VEERG_4_3_1_8__1_MassOfNitrogenAppliedToSoilsScope1
A8: =HYPERLINK("#'Input - Site'!A1", "Site") -> Site
A9: =HYPERLINK("#'Input - Dairy'!A1", "Dairy") -> Dairy
D10: Variable | E10: {=MMS_Dairy_ManureAppliedToSoils_Equations.VEERG_4_3_1_8__1_MassOfNitrogenAppliedToSoilsScope1_Variable()} -> MNSoil_scope1
A11: CALCULATIONS | D11: Unit | E11: {=MMS_Dairy_ManureAppliedToSoils_Equations.VEERG_4_3_1_8__1_MassOfNitrogenAppliedToSoilsScope1_Unit()} -> kg N
A12: =HYPERLINK("#'4.3.1.1-2 Methane'!A1", "4.3.1.1-2 Methane") -> 4.3.1.1-2 Methane
A13: =HYPERLINK("#'4.3.1.3-4 Direct N20'!A1", "4.3.1.3-4 Direct N2O") -> 4.3.1.3-4 Direct N2O | D13: {=_xlfn.CHOOSECOLS(MMS_Dairy_ManureAppliedToSoils_Equations.VEERG_4_3_1_8__1_MassOfNitrogenAppliedToSoilsScope1_Arguments(),1,2)} -> MN_jm | E13: total nitrogen in each MMS for dairy cattle classes | G13: {=_xlfn.CHOOSECOLS(MMS_Dairy_ManureAppliedToSoils_Equations.VEERG_4_3_1_8__1_MassOfNitrogenAppliedToSoilsScope1_Arguments(),3,4)} -> kg N | H13: Calculated from 4.3.1.3 (2) | I13: {=HYPERLINK(Common_InputFunctions.Utility_SourceHyperlink($D$37),$D$37)} -> M1_Table_MN_j_m
A14: =HYPERLINK("#'4.3.1.5 Atmos Deposition'!A1", "4.3.1.5 Atmospheric deposition") -> 4.3.1.5 Atmospheric deposition | D14: EF_m | E14: emission factor for nitrous oxide emissions per MMS | G14: kg N2O-N/kg N | H14: Constant | I14: {=HYPERLINK(Common_InputFunctions.Utility_SourceHyperlink($D$19),$D$19)} -> Table_EF_m
A15: =HYPERLINK("#'4.3.1.6-7 Leaching and runoff'!A1", "4.3.1.6-7 Leaching and runoff") -> 4.3.1.6-7 Leaching and runoff | D15: FracGASM_m | E15: fraction of N volatilised from MMS | G15: fraction | H15: Constant | I15: {=HYPERLINK(Common_InputFunctions.Utility_SourceHyperlink($D$28),$D$28)} -> Table_FracGASM_m
A16: =HYPERLINK("#'4.3.1.8 Manure applied to soils'!A1", "4.3.1.8 Manure applied to soils") -> 4.3.1.8 Manure applied to soils | D16: MNLeach_jm | E16: mass of N lost through leaching and runoff from each MMS | G16: kg N | H16: Calculated from 4.3.1.6 (2) | I16: {=HYPERLINK(Common_InputFunctions.Utility_SourceHyperlink($D$49),$D$49)} -> M1_Table_MN_leach_j_m
A17: =HYPERLINK("#'4.3.1.9 Soil direct N2O'!A1", "4.3.1.9 Soil direct N2O") -> 4.3.1.9 Soil direct N2O | D17: PF_scope | E17: fraction of manure applied to soil within farm boundary | G17: fraction | H17: Input | I17: {=HYPERLINK(Common_InputFunctions.Utility_SourceHyperlink($D$61),$D$61)} -> Table_PF_scope
A18: =HYPERLINK("#'4.3.1.10-11 Soil Atmos Dep'!A1", "4.3.1.10-11 Soil atm. deposition") -> 4.3.1.10-11 Soil atm. deposition
A19: =HYPERLINK("#'4.3.1.12-13 Soil leach runoff'!A1", "4.3.1.12-13 Soil leach & runoff") -> 4.3.1.12-13 Soil leach & runoff | D19: Table_EF_m
D20: Nitrous oxide EF for each MMS
A21: APPENDICES | D21: MMS | E21: EFm
A22: =HYPERLINK("#'Constants - Dairy'!A1", "Constants - Dairy") -> Constants - Dairy | D22: {=Table_SourceData_Dairy_EFmFracGASM[NIR reference]} -> Pasture range and paddock | E22: {=Table_SourceData_Dairy_EFmFracGASM[EFm]} -> 0
A23: =HYPERLINK("#'Constants - Livestock'!A1", "Constants - Livestock") -> Constants - Livestock | D23: Anaerobic lagoon | E23: 0
A24: =HYPERLINK("#'Constants - Common'!A1", "Constants - Common") -> Constants - Common | D24: Sump and dispersal system | E24: 0
A25: =HYPERLINK("#'Acknowledgements'!A1", "Acknowledgements") -> Acknowledgements | D25: Drains to paddock | E25: 0
D26: Solid storage | E26: 0.005
D28: Table_FracGASM_m
D29: Fraction N volatilised from each MS
D30: MMS | E30: FracGASMm
D31: {=Table_SourceData_Dairy_EFmFracGASM[NIR reference]} -> Pasture range and paddock | E31: {=Table_SourceData_Dairy_EFmFracGASM[FracGASMm]} -> 0 | F31: ='Constants - Dairy'!$D$84 -> kg N2O-N/kg N excreted
D32: Anaerobic lagoon | E32: 0.35 | F32: ='Constants - Dairy'!$D$84 -> kg N2O-N/kg N excreted
D33: Sump and dispersal system | E33: 0.07 | F33: ='Constants - Dairy'!$D$84 -> kg N2O-N/kg N excreted
D34: Drains to paddock | E34: 0.2 | F34: ='Constants - Dairy'!$D$84 -> kg N2O-N/kg N excreted
D35: Solid storage | E35: 0.3 | F35: ='Constants - Dairy'!$D$84 -> kg N2O-N/kg N excreted
D37: M1_Table_MN_j_m | O37: M2_Table_MN_j_m
D38: Total nitrogen in each MMS (Method 1) | O38: Total nitrogen in each MMS (Method 2)
A39: =HYPERLINK("#A1", "▲ Back to top") -> ▲ Back to top | D39: Production system | E39: MMS | F39: Milking cows | G39: Heifers > 1 year | H39: Heifers < 1 year | I39: Bulls > 1 year | J39: Bulls < 1 year | O39: Production system | P39: MMS | Q39: Milking cows | R39: Heifers > 1 year | S39: Heifers < 1 year | T39: Bulls > 1 year | U39: Bulls < 1 year
D40: ='Input - Dairy'!$D$59 -> Milking shed | E40: ='Input - Dairy'!$D$78 -> Anaerobic lagoon | F40: ='4.3.1.3-4 Direct N20'!F236 -> 212.24813 | G40: ='4.3.1.3-4 Direct N20'!G236 -> 182.3579 | H40: ='4.3.1.3-4 Direct N20'!H236 -> 72.631224 | I40: ='4.3.1.3-4 Direct N20'!I236 -> 229.2311 | J40: ='4.3.1.3-4 Direct N20'!J236 -> 95.962857 | K40: =$G$13 -> kg N | O40: ='Input - Dairy'!$D$59 -> Milking shed | P40: ='Input - Dairy'!$D$78 -> Anaerobic lagoon | Q40: ='4.3.1.3-4 Direct N20'!P236 -> 212.24813 | R40: ='4.3.1.3-4 Direct N20'!Q236 -> 182.3579 | S40: ='4.3.1.3-4 Direct N20'!R236 -> 72.631224 | T40: ='4.3.1.3-4 Direct N20'!S236 -> 229.2311 | U40: ='4.3.1.3-4 Direct N20'!T236 -> 95.962857 | V40: =$G$13 -> kg N
D41: ='Input - Dairy'!$D$59 -> Milking shed | E41: ='Input - Dairy'!$D$79 -> Sump and dispersal system | F41: ='4.3.1.3-4 Direct N20'!F237 -> 212.24813 | G41: ='4.3.1.3-4 Direct N20'!G237 -> 182.3579 | H41: ='4.3.1.3-4 Direct N20'!H237 -> 72.631224 | I41: ='4.3.1.3-4 Direct N20'!I237 -> 229.2311 | J41: ='4.3.1.3-4 Direct N20'!J237 -> 95.962857 | O41: ='Input - Dairy'!$D$59 -> Milking shed | P41: ='Input - Dairy'!$D$79 -> Sump and dispersal system | Q41: ='4.3.1.3-4 Direct N20'!P237 -> 212.24813 | R41: ='4.3.1.3-4 Direct N20'!Q237 -> 182.3579 | S41: ='4.3.1.3-4 Direct N20'!R237 -> 72.631224 | T41: ='4.3.1.3-4 Direct N20'!S237 -> 229.2311 | U41: ='4.3.1.3-4 Direct N20'!T237 -> 95.962857
D42: ='Input - Dairy'!$D$59 -> Milking shed | E42: ='Input - Dairy'!$D$80 -> Drains to paddock | F42: ='4.3.1.3-4 Direct N20'!F238 -> 212.24813 | G42: ='4.3.1.3-4 Direct N20'!G238 -> 182.3579 | H42: ='4.3.1.3-4 Direct N20'!H238 -> 72.631224 | I42: ='4.3.1.3-4 Direct N20'!I238 -> 229.2311 | J42: ='4.3.1.3-4 Direct N20'!J238 -> 95.962857 | O42: ='Input - Dairy'!$D$59 -> Milking shed | P42: ='Input - Dairy'!$D$80 -> Drains to paddock | Q42: ='4.3.1.3-4 Direct N20'!P238 -> 212.24813 | R42: ='4.3.1.3-4 Direct N20'!Q238 -> 182.3579 | S42: ='4.3.1.3-4 Direct N20'!R238 -> 72.631224 | T42: ='4.3.1.3-4 Direct N20'!S238 -> 229.2311 | U42: ='4.3.1.3-4 Direct N20'!T238 -> 95.962857
D43: ='Input - Dairy'!$D$59 -> Milking shed | E43: Solid storage | F43: ='4.3.1.3-4 Direct N20'!F239 -> 424.49627 | G43: ='4.3.1.3-4 Direct N20'!G239 -> 364.71581 | H43: ='4.3.1.3-4 Direct N20'!H239 -> 145.26245 | I43: ='4.3.1.3-4 Direct N20'!I239 -> 458.46219 | J43: ='4.3.1.3-4 Direct N20'!J239 -> 191.92571 | O43: ='Input - Dairy'!$D$59 -> Milking shed | P43: Solid storage | Q43: ='4.3.1.3-4 Direct N20'!P239 -> 424.49627 | R43: ='4.3.1.3-4 Direct N20'!Q239 -> 364.71581 | S43: ='4.3.1.3-4 Direct N20'!R239 -> 145.26245 | T43: ='4.3.1.3-4 Direct N20'!S239 -> 458.46219 | U43: ='4.3.1.3-4 Direct N20'!T239 -> 191.92571
D44: ='Input - Dairy'!$D$60 -> Feed pad | E44: ='Input - Dairy'!$D$94 -> Anaerobic lagoon | F44: ='4.3.1.3-4 Direct N20'!F240 -> 858.64017 | G44: ='4.3.1.3-4 Direct N20'!G240 -> 737.72061 | H44: ='4.3.1.3-4 Direct N20'!H240 -> 293.82632 | I44: ='4.3.1.3-4 Direct N20'!I240 -> 927.34398 | J44: ='4.3.1.3-4 Direct N20'!J240 -> 388.21338 | O44: ='Input - Dairy'!$D$60 -> Feed pad | P44: ='Input - Dairy'!$D$94 -> Anaerobic lagoon | Q44: ='4.3.1.3-4 Direct N20'!P240 -> 858.64017 | R44: ='4.3.1.3-4 Direct N20'!Q240 -> 737.72061 | S44: ='4.3.1.3-4 Direct N20'!R240 -> 293.82632 | T44: ='4.3.1.3-4 Direct N20'!S240 -> 927.34398 | U44: ='4.3.1.3-4 Direct N20'!T240 -> 388.21338
D45: ='Input - Dairy'!$D$60 -> Feed pad | E45: ='Input - Dairy'!$D$95 -> Sump and dispersal system | F45: ='4.3.1.3-4 Direct N20'!F241 -> 686.91214 | G45: ='4.3.1.3-4 Direct N20'!G241 -> 590.17649 | H45: ='4.3.1.3-4 Direct N20'!H241 -> 235.06105 | I45: ='4.3.1.3-4 Direct N20'!I241 -> 741.87518 | J45: ='4.3.1.3-4 Direct N20'!J241 -> 310.5707 | O45: ='Input - Dairy'!$D$60 -> Feed pad | P45: ='Input - Dairy'!$D$95 -> Sump and dispersal system | Q45: ='4.3.1.3-4 Direct N20'!P241 -> 686.91214 | R45: ='4.3.1.3-4 Direct N20'!Q241 -> 590.17649 | S45: ='4.3.1.3-4 Direct N20'!R241 -> 235.06105 | T45: ='4.3.1.3-4 Direct N20'!S241 -> 741.87518 | U45: ='4.3.1.3-4 Direct N20'!T241 -> 310.5707
D46: ='Input - Dairy'!$D$60 -> Feed pad | E46: ='Input - Dairy'!$D$96 -> Drains to paddock | F46: ='4.3.1.3-4 Direct N20'!F242 -> 686.91214 | G46: ='4.3.1.3-4 Direct N20'!G242 -> 590.17649 | H46: ='4.3.1.3-4 Direct N20'!H242 -> 235.06105 | I46: ='4.3.1.3-4 Direct N20'!I242 -> 741.87518 | J46: ='4.3.1.3-4 Direct N20'!J242 -> 310.5707 | O46: ='Input - Dairy'!$D$60 -> Feed pad | P46: ='Input - Dairy'!$D$96 -> Drains to paddock | Q46: ='4.3.1.3-4 Direct N20'!P242 -> 686.91214 | R46: ='4.3.1.3-4 Direct N20'!Q242 -> 590.17649 | S46: ='4.3.1.3-4 Direct N20'!R242 -> 235.06105 | T46: ='4.3.1.3-4 Direct N20'!S242 -> 741.87518 | U46: ='4.3.1.3-4 Direct N20'!T242 -> 310.5707
D47: ='Input - Dairy'!$D$60 -> Feed pad | E47: Solid storage | F47: ='4.3.1.3-4 Direct N20'!F243 -> 1202.0962 | G47: ='4.3.1.3-4 Direct N20'!G243 -> 1032.8088 | H47: ='4.3.1.3-4 Direct N20'!H243 -> 411.35684 | I47: ='4.3.1.3-4 Direct N20'!I243 -> 1298.2816 | J47: ='4.3.1.3-4 Direct N20'!J243 -> 543.49873 | O47: ='Input - Dairy'!$D$60 -> Feed pad | P47: Solid storage | Q47: ='4.3.1.3-4 Direct N20'!P243 -> 1202.0962 | R47: ='4.3.1.3-4 Direct N20'!Q243 -> 1032.8088 | S47: ='4.3.1.3-4 Direct N20'!R243 -> 411.35684 | T47: ='4.3.1.3-4 Direct N20'!S243 -> 1298.2816 | U47: ='4.3.1.3-4 Direct N20'!T243 -> 543.49873
D49: M1_Table_MN_leach_j_m | O49: M2_Table_MN_leach_j_m
D50: Mass of N lost to leaching and runoff from MMS (Method 1) | O50: Mass of N lost to leaching and runoff from MMS (Method 2)
D51: Production system | E51: MMS | F51: Milking cows | G51: Heifers > 1 year | H51: Heifers < 1 year | I51: Bulls > 1 year | J51: Bulls < 1 year | O51: Production system | P51: MMS | Q51: Milking cows | R51: Heifers > 1 year | S51: Heifers < 1 year | T51: Bulls > 1 year | U51: Bulls < 1 year
D52: ='Input - Dairy'!$D$59 -> Milking shed | E52: ='Input - Dairy'!$D$78 -> Anaerobic lagoon | F52: 0 | G52: 0 | H52: 0 | I52: 0 | J52: 0 | K52: =$G$16 -> kg N | O52: ='Input - Dairy'!$D$59 -> Milking shed | P52: ='Input - Dairy'!$D$78 -> Anaerobic lagoon | Q52: 0 | R52: 0 | S52: 0 | T52: 0 | U52: 0 | V52: =$G$16 -> kg N
D53: ='Input - Dairy'!$D$59 -> Milking shed | E53: ='Input - Dairy'!$D$79 -> Sump and dispersal system | F53: 0 | G53: 0 | H53: 0 | I53: 0 | J53: 0 | O53: ='Input - Dairy'!$D$59 -> Milking shed | P53: ='Input - Dairy'!$D$79 -> Sump and dispersal system | Q53: 0 | R53: 0 | S53: 0 | T53: 0 | U53: 0
D54: ='Input - Dairy'!$D$59 -> Milking shed | E54: ='Input - Dairy'!$D$80 -> Drains to paddock | F54: 0 | G54: 0 | H54: 0 | I54: 0 | J54: 0 | O54: ='Input - Dairy'!$D$59 -> Milking shed | P54: ='Input - Dairy'!$D$80 -> Drains to paddock | Q54: 0 | R54: 0 | S54: 0 | T54: 0 | U54: 0
D55: ='Input - Dairy'!$D$59 -> Milking shed | E55: Solid storage | F55: ='4.3.1.6-7 Leaching and runoff'!F29 -> 8.4899253 | G55: ='4.3.1.6-7 Leaching and runoff'!G29 -> 7.2943161 | H55: ='4.3.1.6-7 Leaching and runoff'!H29 -> 2.905249 | I55: ='4.3.1.6-7 Leaching and runoff'!I29 -> 9.1692438 | J55: ='4.3.1.6-7 Leaching and runoff'!J29 -> 3.8385143 | O55: ='Input - Dairy'!$D$59 -> Milking shed | P55: Solid storage | Q55: ='4.3.1.6-7 Leaching and runoff'!Q29 -> 8.4899253 | R55: ='4.3.1.6-7 Leaching and runoff'!R29 -> 7.2943161 | S55: ='4.3.1.6-7 Leaching and runoff'!S29 -> 2.905249 | T55: ='4.3.1.6-7 Leaching and runoff'!T29 -> 9.1692438 | U55: ='4.3.1.6-7 Leaching and runoff'!U29 -> 3.8385143
D56: ='Input - Dairy'!$D$60 -> Feed pad | E56: ='Input - Dairy'!$D$94 -> Anaerobic lagoon | F56: 0 | G56: 0 | H56: 0 | I56: 0 | J56: 0 | O56: ='Input - Dairy'!$D$60 -> Feed pad | P56: ='Input - Dairy'!$D$94 -> Anaerobic lagoon | Q56: 0 | R56: 0 | S56: 0 | T56: 0 | U56: 0
D57: ='Input - Dairy'!$D$60 -> Feed pad | E57: ='Input - Dairy'!$D$95 -> Sump and dispersal system | F57: 0 | G57: 0 | H57: 0 | I57: 0 | J57: 0 | O57: ='Input - Dairy'!$D$60 -> Feed pad | P57: ='Input - Dairy'!$D$95 -> Sump and dispersal system | Q57: 0 | R57: 0 | S57: 0 | T57: 0 | U57: 0
D58: ='Input - Dairy'!$D$60 -> Feed pad | E58: ='Input - Dairy'!$D$96 -> Drains to paddock | F58: 0 | G58: 0 | H58: 0 | I58: 0 | J58: 0 | O58: ='Input - Dairy'!$D$60 -> Feed pad | P58: ='Input - Dairy'!$D$96 -> Drains to paddock | Q58: 0 | R58: 0 | S58: 0 | T58: 0 | U58: 0
D59: ='Input - Dairy'!$D$60 -> Feed pad | E59: Solid storage | F59: ='4.3.1.6-7 Leaching and runoff'!F30 -> 24.041925 | G59: ='4.3.1.6-7 Leaching and runoff'!G30 -> 20.656177 | H59: ='4.3.1.6-7 Leaching and runoff'!H30 -> 8.2271368 | I59: ='4.3.1.6-7 Leaching and runoff'!I30 -> 25.965631 | J59: ='4.3.1.6-7 Leaching and runoff'!J30 -> 10.869975 | O59: ='Input - Dairy'!$D$60 -> Feed pad | P59: Solid storage | Q59: ='4.3.1.6-7 Leaching and runoff'!Q30 -> 24.041925 | R59: ='4.3.1.6-7 Leaching and runoff'!R30 -> 20.656177 | S59: ='4.3.1.6-7 Leaching and runoff'!S30 -> 8.2271368 | T59: ='4.3.1.6-7 Leaching and runoff'!T30 -> 25.965631 | U59: ='4.3.1.6-7 Leaching and runoff'!U30 -> 10.869975
D61: Table_PF_scope
D62: Fraction of manure applied to soils within farm boundary
D63: Production system | E63: MMS | F63: PF_scope
D64: ='Input - Dairy'!$D$59 -> Milking shed | E64: ='Input - Dairy'!$D$78 -> Anaerobic lagoon | F64: ='Input - Dairy'!L78+'Input - Dairy'!M78 -> 0.75 | G64: =$G$17 -> fraction
D65: ='Input - Dairy'!$D$59 -> Milking shed | E65: ='Input - Dairy'!$D$79 -> Sump and dispersal system | F65: ='Input - Dairy'!L79+'Input - Dairy'!M79 -> 0.75
D66: ='Input - Dairy'!$D$59 -> Milking shed | E66: ='Input - Dairy'!$D$80 -> Drains to paddock | F66: ='Input - Dairy'!L80+'Input - Dairy'!M80 -> 0.75
D67: ='Input - Dairy'!$D$59 -> Milking shed | E67: ='Input - Dairy'!$D$81 -> Solid storage (before solid separation) | F67: ='Input - Dairy'!L81+'Input - Dairy'!M81 -> 0.75
D68: ='Input - Dairy'!$D$60 -> Feed pad | E68: ='Input - Dairy'!$D$94 -> Anaerobic lagoon | F68: ='Input - Dairy'!L94+'Input - Dairy'!M94 -> 0.75
D69: ='Input - Dairy'!$D$60 -> Feed pad | E69: ='Input - Dairy'!$D$95 -> Sump and dispersal system | F69: ='Input - Dairy'!L95+'Input - Dairy'!M95 -> 0.75
D70: ='Input - Dairy'!$D$60 -> Feed pad | E70: ='Input - Dairy'!$D$96 -> Drains to paddock | F70: ='Input - Dairy'!L96+'Input - Dairy'!M96 -> 0.75
D71: ='Input - Dairy'!$D$60 -> Feed pad | E71: ='Input - Dairy'!$D$97 -> Solid storage (before solid separation) | F71: ='Input - Dairy'!L97+'Input - Dairy'!M97 -> 0.75
D73: M1_Table_MN_soil_scope1 | O73: M2_Table_MN_soil_scope1
D74: Mass of nitrogen from manure applied to soils for scope 1 emissions (Method 1) | O74: Mass of nitrogen from manure applied to soils for scope 1 emissions (Method 2)
D75: Production system | E75: MMS | F75: Milking cows | G75: Heifers > 1 year | H75: Heifers < 1 year | I75: Bulls > 1 year | J75: Bulls < 1 year | O75: Production system | P75: MMS | Q75: Milking cows | R75: Heifers > 1 year | S75: Heifers < 1 year | T75: Bulls > 1 year | U75: Bulls < 1 year
D76: ='Input - Dairy'!$D$59 -> Milking shed | E76: ='Input - Dairy'!$D$78 -> Anaerobic lagoon | F76: {=MMS_Dairy_ManureAppliedToSoils_Equations.VEERG_4_3_1_8__1_MassOfNitrogenAppliedToSoilsScope1(F40,_xlfn.XLOOKUP($E76,$D$22:$D$26,$E$22:$E$26),_xlfn.XLOOKUP($E76, $D$31:$D$35,$E$31:$E$35),F52,$F64)} -> 103.47096 | G76: {=MMS_Dairy_ManureAppliedToSoils_Equations.VEERG_4_3_1_8__1_MassOfNitrogenAppliedToSoilsScope1(G40,_xlfn.XLOOKUP($E76,$D$22:$D$26,$E$22:$E$26),_xlfn.XLOOKUP($E76, $D$31:$D$35,$E$31:$E$35),G52,$F64)} -> 88.899478 | H76: {=MMS_Dairy_ManureAppliedToSoils_Equations.VEERG_4_3_1_8__1_MassOfNitrogenAppliedToSoilsScope1(H40,_xlfn.XLOOKUP($E76,$D$22:$D$26,$E$22:$E$26),_xlfn.XLOOKUP($E76, $D$31:$D$35,$E$31:$E$35),H52,$F64)} -> 35.407722 | I76: {=MMS_Dairy_ManureAppliedToSoils_Equations.VEERG_4_3_1_8__1_MassOfNitrogenAppliedToSoilsScope1(I40,_xlfn.XLOOKUP($E76,$D$22:$D$26,$E$22:$E$26),_xlfn.XLOOKUP($E76, $D$31:$D$35,$E$31:$E$35),I52,$F64)} -> 111.75016 | J76: {=MMS_Dairy_ManureAppliedToSoils_Equations.VEERG_4_3_1_8__1_MassOfNitrogenAppliedToSoilsScope1(J40,_xlfn.XLOOKUP($E76,$D$22:$D$26,$E$22:$E$26),_xlfn.XLOOKUP($E76, $D$31:$D$35,$E$31:$E$35),J52,$F64)} -> 46.781893 | K76: =$E$11 -> kg N | O76: ='Input - Dairy'!$D$59 -> Milking shed | P76: ='Input - Dairy'!$D$78 -> Anaerobic lagoon | Q76: {=MMS_Dairy_ManureAppliedToSoils_Equations.VEERG_4_3_1_8__1_MassOfNitrogenAppliedToSoilsScope1(Q40,_xlfn.XLOOKUP($P76,$D$22:$D$26,$E$22:$E$26),_xlfn.XLOOKUP($P76, $D$31:$D$35,$E$31:$E$35),Q52,$F64)} -> 103.47096 | R76: {=MMS_Dairy_ManureAppliedToSoils_Equations.VEERG_4_3_1_8__1_MassOfNitrogenAppliedToSoilsScope1(R40,_xlfn.XLOOKUP($P76,$D$22:$D$26,$E$22:$E$26),_xlfn.XLOOKUP($P76, $D$31:$D$35,$E$31:$E$35),R52,$F64)} -> 88.899478 | S76: {=MMS_Dairy_ManureAppliedToSoils_Equations.VEERG_4_3_1_8__1_MassOfNitrogenAppliedToSoilsScope1(S40,_xlfn.XLOOKUP($P76,$D$22:$D$26,$E$22:$E$26),_xlfn.XLOOKUP($P76, $D$31:$D$35,$E$31:$E$35),S52,$F64)} -> 35.407722 | T76: {=MMS_Dairy_ManureAppliedToSoils_Equations.VEERG_4_3_1_8__1_MassOfNitrogenAppliedToSoilsScope1(T40,_xlfn.XLOOKUP($P76,$D$22:$D$26,$E$22:$E$26),_xlfn.XLOOKUP($P76, $D$31:$D$35,$E$31:$E$35),T52,$F64)} -> 111.75016 | U76: {=MMS_Dairy_ManureAppliedToSoils_Equations.VEERG_4_3_1_8__1_MassOfNitrogenAppliedToSoilsScope1(U40,_xlfn.XLOOKUP($P76,$D$22:$D$26,$E$22:$E$26),_xlfn.XLOOKUP($P76, $D$31:$D$35,$E$31:$E$35),U52,$F64)} -> 46.781893 | V76: =$E$11 -> kg N
D77: ='Input - Dairy'!$D$59 -> Milking shed | E77: ='Input - Dairy'!$D$79 -> Sump and dispersal system | F77: {=MMS_Dairy_ManureAppliedToSoils_Equations.VEERG_4_3_1_8__1_MassOfNitrogenAppliedToSoilsScope1(F41,_xlfn.XLOOKUP($E77,$D$22:$D$26,$E$22:$E$26),_xlfn.XLOOKUP($E77, $D$31:$D$35,$E$31:$E$35),F53,$F65)} -> 148.04307 | G77: {=MMS_Dairy_ManureAppliedToSoils_Equations.VEERG_4_3_1_8__1_MassOfNitrogenAppliedToSoilsScope1(G41,_xlfn.XLOOKUP($E77,$D$22:$D$26,$E$22:$E$26),_xlfn.XLOOKUP($E77, $D$31:$D$35,$E$31:$E$35),G53,$F65)} -> 127.19464 | H77: {=MMS_Dairy_ManureAppliedToSoils_Equations.VEERG_4_3_1_8__1_MassOfNitrogenAppliedToSoilsScope1(H41,_xlfn.XLOOKUP($E77,$D$22:$D$26,$E$22:$E$26),_xlfn.XLOOKUP($E77, $D$31:$D$35,$E$31:$E$35),H53,$F65)} -> 50.660279 | I77: {=MMS_Dairy_ManureAppliedToSoils_Equations.VEERG_4_3_1_8__1_MassOfNitrogenAppliedToSoilsScope1(I41,_xlfn.XLOOKUP($E77,$D$22:$D$26,$E$22:$E$26),_xlfn.XLOOKUP($E77, $D$31:$D$35,$E$31:$E$35),I53,$F65)} -> 159.88869 | J77: {=MMS_Dairy_ManureAppliedToSoils_Equations.VEERG_4_3_1_8__1_MassOfNitrogenAppliedToSoilsScope1(J41,_xlfn.XLOOKUP($E77,$D$22:$D$26,$E$22:$E$26),_xlfn.XLOOKUP($E77, $D$31:$D$35,$E$31:$E$35),J53,$F65)} -> 66.934093 | O77: ='Input - Dairy'!$D$59 -> Milking shed | P77: ='Input - Dairy'!$D$79 -> Sump and dispersal system | Q77: {=MMS_Dairy_ManureAppliedToSoils_Equations.VEERG_4_3_1_8__1_MassOfNitrogenAppliedToSoilsScope1(Q41,_xlfn.XLOOKUP($P77,$D$22:$D$26,$E$22:$E$26),_xlfn.XLOOKUP($P77, $D$31:$D$35,$E$31:$E$35),Q53,$F65)} -> 148.04307 | R77: {=MMS_Dairy_ManureAppliedToSoils_Equations.VEERG_4_3_1_8__1_MassOfNitrogenAppliedToSoilsScope1(R41,_xlfn.XLOOKUP($P77,$D$22:$D$26,$E$22:$E$26),_xlfn.XLOOKUP($P77, $D$31:$D$35,$E$31:$E$35),R53,$F65)} -> 127.19464 | S77: {=MMS_Dairy_ManureAppliedToSoils_Equations.VEERG_4_3_1_8__1_MassOfNitrogenAppliedToSoilsScope1(S41,_xlfn.XLOOKUP($P77,$D$22:$D$26,$E$22:$E$26),_xlfn.XLOOKUP($P77, $D$31:$D$35,$E$31:$E$35),S53,$F65)} -> 50.660279 | T77: {=MMS_Dairy_ManureAppliedToSoils_Equations.VEERG_4_3_1_8__1_MassOfNitrogenAppliedToSoilsScope1(T41,_xlfn.XLOOKUP($P77,$D$22:$D$26,$E$22:$E$26),_xlfn.XLOOKUP($P77, $D$31:$D$35,$E$31:$E$35),T53,$F65)} -> 159.88869 | U77: {=MMS_Dairy_ManureAppliedToSoils_Equations.VEERG_4_3_1_8__1_MassOfNitrogenAppliedToSoilsScope1(U41,_xlfn.XLOOKUP($P77,$D$22:$D$26,$E$22:$E$26),_xlfn.XLOOKUP($P77, $D$31:$D$35,$E$31:$E$35),U53,$F65)} -> 66.934093
D78: ='Input - Dairy'!$D$59 -> Milking shed | E78: ='Input - Dairy'!$D$80 -> Drains to paddock | F78: {=MMS_Dairy_ManureAppliedToSoils_Equations.VEERG_4_3_1_8__1_MassOfNitrogenAppliedToSoilsScope1(F42,_xlfn.XLOOKUP($E78,$D$22:$D$26,$E$22:$E$26),_xlfn.XLOOKUP($E78, $D$31:$D$35,$E$31:$E$35),F54,$F66)} -> 127.34888 | G78: {=MMS_Dairy_ManureAppliedToSoils_Equations.VEERG_4_3_1_8__1_MassOfNitrogenAppliedToSoilsScope1(G42,_xlfn.XLOOKUP($E78,$D$22:$D$26,$E$22:$E$26),_xlfn.XLOOKUP($E78, $D$31:$D$35,$E$31:$E$35),G54,$F66)} -> 109.41474 | H78: {=MMS_Dairy_ManureAppliedToSoils_Equations.VEERG_4_3_1_8__1_MassOfNitrogenAppliedToSoilsScope1(H42,_xlfn.XLOOKUP($E78,$D$22:$D$26,$E$22:$E$26),_xlfn.XLOOKUP($E78, $D$31:$D$35,$E$31:$E$35),H54,$F66)} -> 43.578734 | I78: {=MMS_Dairy_ManureAppliedToSoils_Equations.VEERG_4_3_1_8__1_MassOfNitrogenAppliedToSoilsScope1(I42,_xlfn.XLOOKUP($E78,$D$22:$D$26,$E$22:$E$26),_xlfn.XLOOKUP($E78, $D$31:$D$35,$E$31:$E$35),I54,$F66)} -> 137.53866 | J78: {=MMS_Dairy_ManureAppliedToSoils_Equations.VEERG_4_3_1_8__1_MassOfNitrogenAppliedToSoilsScope1(J42,_xlfn.XLOOKUP($E78,$D$22:$D$26,$E$22:$E$26),_xlfn.XLOOKUP($E78, $D$31:$D$35,$E$31:$E$35),J54,$F66)} -> 57.577714 | O78: ='Input - Dairy'!$D$59 -> Milking shed | P78: ='Input - Dairy'!$D$80 -> Drains to paddock | Q78: {=MMS_Dairy_ManureAppliedToSoils_Equations.VEERG_4_3_1_8__1_MassOfNitrogenAppliedToSoilsScope1(Q42,_xlfn.XLOOKUP($P78,$D$22:$D$26,$E$22:$E$26),_xlfn.XLOOKUP($P78, $D$31:$D$35,$E$31:$E$35),Q54,$F66)} -> 127.34888 | R78: {=MMS_Dairy_ManureAppliedToSoils_Equations.VEERG_4_3_1_8__1_MassOfNitrogenAppliedToSoilsScope1(R42,_xlfn.XLOOKUP($P78,$D$22:$D$26,$E$22:$E$26),_xlfn.XLOOKUP($P78, $D$31:$D$35,$E$31:$E$35),R54,$F66)} -> 109.41474 | S78: {=MMS_Dairy_ManureAppliedToSoils_Equations.VEERG_4_3_1_8__1_MassOfNitrogenAppliedToSoilsScope1(S42,_xlfn.XLOOKUP($P78,$D$22:$D$26,$E$22:$E$26),_xlfn.XLOOKUP($P78, $D$31:$D$35,$E$31:$E$35),S54,$F66)} -> 43.578734 | T78: {=MMS_Dairy_ManureAppliedToSoils_Equations.VEERG_4_3_1_8__1_MassOfNitrogenAppliedToSoilsScope1(T42,_xlfn.XLOOKUP($P78,$D$22:$D$26,$E$22:$E$26),_xlfn.XLOOKUP($P78, $D$31:$D$35,$E$31:$E$35),T54,$F66)} -> 137.53866 | U78: {=MMS_Dairy_ManureAppliedToSoils_Equations.VEERG_4_3_1_8__1_MassOfNitrogenAppliedToSoilsScope1(U42,_xlfn.XLOOKUP($P78,$D$22:$D$26,$E$22:$E$26),_xlfn.XLOOKUP($P78, $D$31:$D$35,$E$31:$E$35),U54,$F66)} -> 57.577714
D79: ='Input - Dairy'!$D$59 -> Milking shed | E79: Solid storage | F79: {=MMS_Dairy_ManureAppliedToSoils_Equations.VEERG_4_3_1_8__1_MassOfNitrogenAppliedToSoilsScope1(F43,_xlfn.XLOOKUP($E79,$D$22:$D$26,$E$22:$E$26),_xlfn.XLOOKUP($E79, $D$31:$D$35,$E$31:$E$35),F55,$F67)} -> 214.90123 | G79: {=MMS_Dairy_ManureAppliedToSoils_Equations.VEERG_4_3_1_8__1_MassOfNitrogenAppliedToSoilsScope1(G43,_xlfn.XLOOKUP($E79,$D$22:$D$26,$E$22:$E$26),_xlfn.XLOOKUP($E79, $D$31:$D$35,$E$31:$E$35),G55,$F67)} -> 184.63738 | H79: {=MMS_Dairy_ManureAppliedToSoils_Equations.VEERG_4_3_1_8__1_MassOfNitrogenAppliedToSoilsScope1(H43,_xlfn.XLOOKUP($E79,$D$22:$D$26,$E$22:$E$26),_xlfn.XLOOKUP($E79, $D$31:$D$35,$E$31:$E$35),H55,$F67)} -> 73.539114 | I79: {=MMS_Dairy_ManureAppliedToSoils_Equations.VEERG_4_3_1_8__1_MassOfNitrogenAppliedToSoilsScope1(I43,_xlfn.XLOOKUP($E79,$D$22:$D$26,$E$22:$E$26),_xlfn.XLOOKUP($E79, $D$31:$D$35,$E$31:$E$35),I55,$F67)} -> 232.09648 | J79: {=MMS_Dairy_ManureAppliedToSoils_Equations.VEERG_4_3_1_8__1_MassOfNitrogenAppliedToSoilsScope1(J43,_xlfn.XLOOKUP($E79,$D$22:$D$26,$E$22:$E$26),_xlfn.XLOOKUP($E79, $D$31:$D$35,$E$31:$E$35),J55,$F67)} -> 97.162393 | O79: ='Input - Dairy'!$D$59 -> Milking shed | P79: Solid storage | Q79: {=MMS_Dairy_ManureAppliedToSoils_Equations.VEERG_4_3_1_8__1_MassOfNitrogenAppliedToSoilsScope1(Q43,_xlfn.XLOOKUP($P79,$D$22:$D$26,$E$22:$E$26),_xlfn.XLOOKUP($P79, $D$31:$D$35,$E$31:$E$35),Q55,$F67)} -> 214.90123 | R79: {=MMS_Dairy_ManureAppliedToSoils_Equations.VEERG_4_3_1_8__1_MassOfNitrogenAppliedToSoilsScope1(R43,_xlfn.XLOOKUP($P79,$D$22:$D$26,$E$22:$E$26),_xlfn.XLOOKUP($P79, $D$31:$D$35,$E$31:$E$35),R55,$F67)} -> 184.63738 | S79: {=MMS_Dairy_ManureAppliedToSoils_Equations.VEERG_4_3_1_8__1_MassOfNitrogenAppliedToSoilsScope1(S43,_xlfn.XLOOKUP($P79,$D$22:$D$26,$E$22:$E$26),_xlfn.XLOOKUP($P79, $D$31:$D$35,$E$31:$E$35),S55,$F67)} -> 73.539114 | T79: {=MMS_Dairy_ManureAppliedToSoils_Equations.VEERG_4_3_1_8__1_MassOfNitrogenAppliedToSoilsScope1(T43,_xlfn.XLOOKUP($P79,$D$22:$D$26,$E$22:$E$26),_xlfn.XLOOKUP($P79, $D$31:$D$35,$E$31:$E$35),T55,$F67)} -> 232.09648 | U79: {=MMS_Dairy_ManureAppliedToSoils_Equations.VEERG_4_3_1_8__1_MassOfNitrogenAppliedToSoilsScope1(U43,_xlfn.XLOOKUP($P79,$D$22:$D$26,$E$22:$E$26),_xlfn.XLOOKUP($P79, $D$31:$D$35,$E$31:$E$35),U55,$F67)} -> 97.162393
D80: ='Input - Dairy'!$D$60 -> Feed pad | E80: ='Input - Dairy'!$D$94 -> Anaerobic lagoon | F80: {=MMS_Dairy_ManureAppliedToSoils_Equations.VEERG_4_3_1_8__1_MassOfNitrogenAppliedToSoilsScope1(F44,_xlfn.XLOOKUP($E80,$D$22:$D$26,$E$22:$E$26),_xlfn.XLOOKUP($E80, $D$31:$D$35,$E$31:$E$35),F56,$F68)} -> 418.58709 | G80: {=MMS_Dairy_ManureAppliedToSoils_Equations.VEERG_4_3_1_8__1_MassOfNitrogenAppliedToSoilsScope1(G44,_xlfn.XLOOKUP($E80,$D$22:$D$26,$E$22:$E$26),_xlfn.XLOOKUP($E80, $D$31:$D$35,$E$31:$E$35),G56,$F68)} -> 359.6388 | H80: {=MMS_Dairy_ManureAppliedToSoils_Equations.VEERG_4_3_1_8__1_MassOfNitrogenAppliedToSoilsScope1(H44,_xlfn.XLOOKUP($E80,$D$22:$D$26,$E$22:$E$26),_xlfn.XLOOKUP($E80, $D$31:$D$35,$E$31:$E$35),H56,$F68)} -> 143.24033 | I80: {=MMS_Dairy_ManureAppliedToSoils_Equations.VEERG_4_3_1_8__1_MassOfNitrogenAppliedToSoilsScope1(I44,_xlfn.XLOOKUP($E80,$D$22:$D$26,$E$22:$E$26),_xlfn.XLOOKUP($E80, $D$31:$D$35,$E$31:$E$35),I56,$F68)} -> 452.08019 | J80: {=MMS_Dairy_ManureAppliedToSoils_Equations.VEERG_4_3_1_8__1_MassOfNitrogenAppliedToSoilsScope1(J44,_xlfn.XLOOKUP($E80,$D$22:$D$26,$E$22:$E$26),_xlfn.XLOOKUP($E80, $D$31:$D$35,$E$31:$E$35),J56,$F68)} -> 189.25402 | O80: ='Input - Dairy'!$D$60 -> Feed pad | P80: ='Input - Dairy'!$D$94 -> Anaerobic lagoon | Q80: {=MMS_Dairy_ManureAppliedToSoils_Equations.VEERG_4_3_1_8__1_MassOfNitrogenAppliedToSoilsScope1(Q44,_xlfn.XLOOKUP($P80,$D$22:$D$26,$E$22:$E$26),_xlfn.XLOOKUP($P80, $D$31:$D$35,$E$31:$E$35),Q56,$F68)} -> 418.58709 | R80: {=MMS_Dairy_ManureAppliedToSoils_Equations.VEERG_4_3_1_8__1_MassOfNitrogenAppliedToSoilsScope1(R44,_xlfn.XLOOKUP($P80,$D$22:$D$26,$E$22:$E$26),_xlfn.XLOOKUP($P80, $D$31:$D$35,$E$31:$E$35),R56,$F68)} -> 359.6388 | S80: {=MMS_Dairy_ManureAppliedToSoils_Equations.VEERG_4_3_1_8__1_MassOfNitrogenAppliedToSoilsScope1(S44,_xlfn.XLOOKUP($P80,$D$22:$D$26,$E$22:$E$26),_xlfn.XLOOKUP($P80, $D$31:$D$35,$E$31:$E$35),S56,$F68)} -> 143.24033 | T80: {=MMS_Dairy_ManureAppliedToSoils_Equations.VEERG_4_3_1_8__1_MassOfNitrogenAppliedToSoilsScope1(T44,_xlfn.XLOOKUP($P80,$D$22:$D$26,$E$22:$E$26),_xlfn.XLOOKUP($P80, $D$31:$D$35,$E$31:$E$35),T56,$F68)} -> 452.08019 | U80: {=MMS_Dairy_ManureAppliedToSoils_Equations.VEERG_4_3_1_8__1_MassOfNitrogenAppliedToSoilsScope1(U44,_xlfn.XLOOKUP($P80,$D$22:$D$26,$E$22:$E$26),_xlfn.XLOOKUP($P80, $D$31:$D$35,$E$31:$E$35),U56,$F68)} -> 189.25402
D81: ='Input - Dairy'!$D$60 -> Feed pad | E81: ='Input - Dairy'!$D$95 -> Sump and dispersal system | F81: {=MMS_Dairy_ManureAppliedToSoils_Equations.VEERG_4_3_1_8__1_MassOfNitrogenAppliedToSoilsScope1(F45,_xlfn.XLOOKUP($E81,$D$22:$D$26,$E$22:$E$26),_xlfn.XLOOKUP($E81, $D$31:$D$35,$E$31:$E$35),F57,$F69)} -> 479.12122 | G81: {=MMS_Dairy_ManureAppliedToSoils_Equations.VEERG_4_3_1_8__1_MassOfNitrogenAppliedToSoilsScope1(G45,_xlfn.XLOOKUP($E81,$D$22:$D$26,$E$22:$E$26),_xlfn.XLOOKUP($E81, $D$31:$D$35,$E$31:$E$35),G57,$F69)} -> 411.6481 | H81: {=MMS_Dairy_ManureAppliedToSoils_Equations.VEERG_4_3_1_8__1_MassOfNitrogenAppliedToSoilsScope1(H45,_xlfn.XLOOKUP($E81,$D$22:$D$26,$E$22:$E$26),_xlfn.XLOOKUP($E81, $D$31:$D$35,$E$31:$E$35),H57,$F69)} -> 163.95508 | I81: {=MMS_Dairy_ManureAppliedToSoils_Equations.VEERG_4_3_1_8__1_MassOfNitrogenAppliedToSoilsScope1(I45,_xlfn.XLOOKUP($E81,$D$22:$D$26,$E$22:$E$26),_xlfn.XLOOKUP($E81, $D$31:$D$35,$E$31:$E$35),I57,$F69)} -> 517.45794 | J81: {=MMS_Dairy_ManureAppliedToSoils_Equations.VEERG_4_3_1_8__1_MassOfNitrogenAppliedToSoilsScope1(J45,_xlfn.XLOOKUP($E81,$D$22:$D$26,$E$22:$E$26),_xlfn.XLOOKUP($E81, $D$31:$D$35,$E$31:$E$35),J57,$F69)} -> 216.62306 | O81: ='Input - Dairy'!$D$60 -> Feed pad | P81: ='Input - Dairy'!$D$95 -> Sump and dispersal system | Q81: {=MMS_Dairy_ManureAppliedToSoils_Equations.VEERG_4_3_1_8__1_MassOfNitrogenAppliedToSoilsScope1(Q45,_xlfn.XLOOKUP($P81,$D$22:$D$26,$E$22:$E$26),_xlfn.XLOOKUP($P81, $D$31:$D$35,$E$31:$E$35),Q57,$F69)} -> 479.12122 | R81: {=MMS_Dairy_ManureAppliedToSoils_Equations.VEERG_4_3_1_8__1_MassOfNitrogenAppliedToSoilsScope1(R45,_xlfn.XLOOKUP($P81,$D$22:$D$26,$E$22:$E$26),_xlfn.XLOOKUP($P81, $D$31:$D$35,$E$31:$E$35),R57,$F69)} -> 411.6481 | S81: {=MMS_Dairy_ManureAppliedToSoils_Equations.VEERG_4_3_1_8__1_MassOfNitrogenAppliedToSoilsScope1(S45,_xlfn.XLOOKUP($P81,$D$22:$D$26,$E$22:$E$26),_xlfn.XLOOKUP($P81, $D$31:$D$35,$E$31:$E$35),S57,$F69)} -> 163.95508 | T81: {=MMS_Dairy_ManureAppliedToSoils_Equations.VEERG_4_3_1_8__1_MassOfNitrogenAppliedToSoilsScope1(T45,_xlfn.XLOOKUP($P81,$D$22:$D$26,$E$22:$E$26),_xlfn.XLOOKUP($P81, $D$31:$D$35,$E$31:$E$35),T57,$F69)} -> 517.45794 | U81: {=MMS_Dairy_ManureAppliedToSoils_Equations.VEERG_4_3_1_8__1_MassOfNitrogenAppliedToSoilsScope1(U45,_xlfn.XLOOKUP($P81,$D$22:$D$26,$E$22:$E$26),_xlfn.XLOOKUP($P81, $D$31:$D$35,$E$31:$E$35),U57,$F69)} -> 216.62306
D82: ='Input - Dairy'!$D$60 -> Feed pad | E82: ='Input - Dairy'!$D$96 -> Drains to paddock | F82: {=MMS_Dairy_ManureAppliedToSoils_Equations.VEERG_4_3_1_8__1_MassOfNitrogenAppliedToSoilsScope1(F46,_xlfn.XLOOKUP($E82,$D$22:$D$26,$E$22:$E$26),_xlfn.XLOOKUP($E82, $D$31:$D$35,$E$31:$E$35),F58,$F70)} -> 412.14728 | G82: {=MMS_Dairy_ManureAppliedToSoils_Equations.VEERG_4_3_1_8__1_MassOfNitrogenAppliedToSoilsScope1(G46,_xlfn.XLOOKUP($E82,$D$22:$D$26,$E$22:$E$26),_xlfn.XLOOKUP($E82, $D$31:$D$35,$E$31:$E$35),G58,$F70)} -> 354.10589 | H82: {=MMS_Dairy_ManureAppliedToSoils_Equations.VEERG_4_3_1_8__1_MassOfNitrogenAppliedToSoilsScope1(H46,_xlfn.XLOOKUP($E82,$D$22:$D$26,$E$22:$E$26),_xlfn.XLOOKUP($E82, $D$31:$D$35,$E$31:$E$35),H58,$F70)} -> 141.03663 | I82: {=MMS_Dairy_ManureAppliedToSoils_Equations.VEERG_4_3_1_8__1_MassOfNitrogenAppliedToSoilsScope1(I46,_xlfn.XLOOKUP($E82,$D$22:$D$26,$E$22:$E$26),_xlfn.XLOOKUP($E82, $D$31:$D$35,$E$31:$E$35),I58,$F70)} -> 445.12511 | J82: {=MMS_Dairy_ManureAppliedToSoils_Equations.VEERG_4_3_1_8__1_MassOfNitrogenAppliedToSoilsScope1(J46,_xlfn.XLOOKUP($E82,$D$22:$D$26,$E$22:$E$26),_xlfn.XLOOKUP($E82, $D$31:$D$35,$E$31:$E$35),J58,$F70)} -> 186.34242 | O82: ='Input - Dairy'!$D$60 -> Feed pad | P82: ='Input - Dairy'!$D$96 -> Drains to paddock | Q82: {=MMS_Dairy_ManureAppliedToSoils_Equations.VEERG_4_3_1_8__1_MassOfNitrogenAppliedToSoilsScope1(Q46,_xlfn.XLOOKUP($P82,$D$22:$D$26,$E$22:$E$26),_xlfn.XLOOKUP($P82, $D$31:$D$35,$E$31:$E$35),Q58,$F70)} -> 412.14728 | R82: {=MMS_Dairy_ManureAppliedToSoils_Equations.VEERG_4_3_1_8__1_MassOfNitrogenAppliedToSoilsScope1(R46,_xlfn.XLOOKUP($P82,$D$22:$D$26,$E$22:$E$26),_xlfn.XLOOKUP($P82, $D$31:$D$35,$E$31:$E$35),R58,$F70)} -> 354.10589 | S82: {=MMS_Dairy_ManureAppliedToSoils_Equations.VEERG_4_3_1_8__1_MassOfNitrogenAppliedToSoilsScope1(S46,_xlfn.XLOOKUP($P82,$D$22:$D$26,$E$22:$E$26),_xlfn.XLOOKUP($P82, $D$31:$D$35,$E$31:$E$35),S58,$F70)} -> 141.03663 | T82: {=MMS_Dairy_ManureAppliedToSoils_Equations.VEERG_4_3_1_8__1_MassOfNitrogenAppliedToSoilsScope1(T46,_xlfn.XLOOKUP($P82,$D$22:$D$26,$E$22:$E$26),_xlfn.XLOOKUP($P82, $D$31:$D$35,$E$31:$E$35),T58,$F70)} -> 445.12511 | U82: {=MMS_Dairy_ManureAppliedToSoils_Equations.VEERG_4_3_1_8__1_MassOfNitrogenAppliedToSoilsScope1(U46,_xlfn.XLOOKUP($P82,$D$22:$D$26,$E$22:$E$26),_xlfn.XLOOKUP($P82, $D$31:$D$35,$E$31:$E$35),U58,$F70)} -> 186.34242
D83: ='Input - Dairy'!$D$60 -> Feed pad | E83: Solid storage | F83: {=MMS_Dairy_ManureAppliedToSoils_Equations.VEERG_4_3_1_8__1_MassOfNitrogenAppliedToSoilsScope1(F47,_xlfn.XLOOKUP($E83,$D$22:$D$26,$E$22:$E$26),_xlfn.XLOOKUP($E83, $D$31:$D$35,$E$31:$E$35),F59,$F71)} -> 608.56122 | G83: {=MMS_Dairy_ManureAppliedToSoils_Equations.VEERG_4_3_1_8__1_MassOfNitrogenAppliedToSoilsScope1(G47,_xlfn.XLOOKUP($E83,$D$22:$D$26,$E$22:$E$26),_xlfn.XLOOKUP($E83, $D$31:$D$35,$E$31:$E$35),G59,$F71)} -> 522.85948 | H83: {=MMS_Dairy_ManureAppliedToSoils_Equations.VEERG_4_3_1_8__1_MassOfNitrogenAppliedToSoilsScope1(H47,_xlfn.XLOOKUP($E83,$D$22:$D$26,$E$22:$E$26),_xlfn.XLOOKUP($E83, $D$31:$D$35,$E$31:$E$35),H59,$F71)} -> 208.2494 | I83: {=MMS_Dairy_ManureAppliedToSoils_Equations.VEERG_4_3_1_8__1_MassOfNitrogenAppliedToSoilsScope1(I47,_xlfn.XLOOKUP($E83,$D$22:$D$26,$E$22:$E$26),_xlfn.XLOOKUP($E83, $D$31:$D$35,$E$31:$E$35),I59,$F71)} -> 657.25504 | J83: {=MMS_Dairy_ManureAppliedToSoils_Equations.VEERG_4_3_1_8__1_MassOfNitrogenAppliedToSoilsScope1(J47,_xlfn.XLOOKUP($E83,$D$22:$D$26,$E$22:$E$26),_xlfn.XLOOKUP($E83, $D$31:$D$35,$E$31:$E$35),J59,$F71)} -> 275.14623 | O83: ='Input - Dairy'!$D$60 -> Feed pad | P83: Solid storage | Q83: {=MMS_Dairy_ManureAppliedToSoils_Equations.VEERG_4_3_1_8__1_MassOfNitrogenAppliedToSoilsScope1(Q47,_xlfn.XLOOKUP($P83,$D$22:$D$26,$E$22:$E$26),_xlfn.XLOOKUP($P83, $D$31:$D$35,$E$31:$E$35),Q59,$F71)} -> 608.56122 | R83: {=MMS_Dairy_ManureAppliedToSoils_Equations.VEERG_4_3_1_8__1_MassOfNitrogenAppliedToSoilsScope1(R47,_xlfn.XLOOKUP($P83,$D$22:$D$26,$E$22:$E$26),_xlfn.XLOOKUP($P83, $D$31:$D$35,$E$31:$E$35),R59,$F71)} -> 522.85948 | S83: {=MMS_Dairy_ManureAppliedToSoils_Equations.VEERG_4_3_1_8__1_MassOfNitrogenAppliedToSoilsScope1(S47,_xlfn.XLOOKUP($P83,$D$22:$D$26,$E$22:$E$26),_xlfn.XLOOKUP($P83, $D$31:$D$35,$E$31:$E$35),S59,$F71)} -> 208.2494 | T83: {=MMS_Dairy_ManureAppliedToSoils_Equations.VEERG_4_3_1_8__1_MassOfNitrogenAppliedToSoilsScope1(T47,_xlfn.XLOOKUP($P83,$D$22:$D$26,$E$22:$E$26),_xlfn.XLOOKUP($P83, $D$31:$D$35,$E$31:$E$35),T59,$F71)} -> 657.25504 | U83: {=MMS_Dairy_ManureAppliedToSoils_Equations.VEERG_4_3_1_8__1_MassOfNitrogenAppliedToSoilsScope1(U47,_xlfn.XLOOKUP($P83,$D$22:$D$26,$E$22:$E$26),_xlfn.XLOOKUP($P83, $D$31:$D$35,$E$31:$E$35),U59,$F71)} -> 275.14623
D85: MNSoilscope1 | E85: =SUM(F76:J83) -> 9379.2609 | F85: =$E$11 -> kg N
A87: =HYPERLINK("#A1", "▲ Back to top") -> ▲ Back to top
D89: {=MMS_Dairy_ManureAppliedToSoils_Equations.VEERG_4_3_1_8__2_MassOfNitrogenAppliedToSoilsScope3_Title()} -> Mass of nitrogen from manure applied to soils for scope 3 emissions
D90: {=MMS_Dairy_ManureAppliedToSoils_Equations.VEERG_4_3_1_8__2_MassOfNitrogenAppliedToSoilsScope3_Source()} -> VEERG 2026: 4.3.1.8, Equation (2)
D91: Function name | E91: {=Common_InputFunctions.Utility_DisplayFunctionName($F$106)} -> =MMS_Dairy_ManureAppliedToSoils_Equations.VEERG_4_3_1_8__2_MassOfNitrogenAppliedToSoilsScope3
D94: Variable | E94: {=MMS_Dairy_ManureAppliedToSoils_Equations.VEERG_4_3_1_8__2_MassOfNitrogenAppliedToSoilsScope3_Variable()} -> MNSoil_scope3
D95: Unit | E95: {=MMS_Dairy_ManureAppliedToSoils_Equations.VEERG_4_3_1_8__2_MassOfNitrogenAppliedToSoilsScope3_Unit()} -> kg N
D97: {=_xlfn.CHOOSECOLS(MMS_Dairy_ManureAppliedToSoils_Equations.VEERG_4_3_1_8__2_MassOfNitrogenAppliedToSoilsScope3_Arguments(),1,2)} -> MN_jm | E97: total nitrogen in each MMS for dairy cattle classes | G97: {=_xlfn.CHOOSECOLS(MMS_Dairy_ManureAppliedToSoils_Equations.VEERG_4_3_1_8__2_MassOfNitrogenAppliedToSoilsScope3_Arguments(),3,4)} -> kg N | H97: Calculated from 4.3.1.3 (2) | I97: {=HYPERLINK(Common_InputFunctions.Utility_SourceHyperlink($D$37),$D$37)} -> M1_Table_MN_j_m
D98: EF_m | E98: emission factor for nitrous oxide emissions per MMS | G98: kg N2O-N/kg N | H98: Constant | I98: {=HYPERLINK(Common_InputFunctions.Utility_SourceHyperlink($D$19),$D$19)} -> Table_EF_m
D99: FracGASM_m | E99: fraction of N volatilised from MMS | G99: fraction | H99: Constant | I99: {=HYPERLINK(Common_InputFunctions.Utility_SourceHyperlink($D$28),$D$28)} -> Table_FracGASM_m
D100: MNLeach_jm | E100: mass of N lost through leaching and runoff from each MMS | G100: kg N | H100: Calculated from 4.3.1.6 (2) | I100: {=HYPERLINK(Common_InputFunctions.Utility_SourceHyperlink($D$49),$D$49)} -> M1_Table_MN_leach_j_m
D101: PF | E101: fraction of manure applied to soil within farm boundary | G101: fraction | H101: Input | I101: {=HYPERLINK(Common_InputFunctions.Utility_SourceHyperlink($D$61),$D$61)} -> Table_PF_scope
D103: M1_Table_MN_soil_scope3 | O103: M2_Table_MN_soil_scope3
D104: Mass of nitrogen from manure applied to soils for scope 3 emissions (Method 1) | O104: Mass of nitrogen from manure applied to soils for scope 3 emissions (Method 2)
D105: Production system | E105: MMS | F105: Milking cows | G105: Heifers > 1 year | H105: Heifers < 1 year | I105: Bulls > 1 year | J105: Bulls < 1 year | O105: Production system | P105: MMS | Q105: Milking cows | R105: Heifers > 1 year | S105: Heifers < 1 year | T105: Bulls > 1 year | U105: Bulls < 1 year
D106: ='Input - Dairy'!$D$59 -> Milking shed | E106: ='Input - Dairy'!$D$78 -> Anaerobic lagoon | F106: {=MMS_Dairy_ManureAppliedToSoils_Equations.VEERG_4_3_1_8__2_MassOfNitrogenAppliedToSoilsScope3(F40, _xlfn.XLOOKUP($E106, $D$22:$D$26,$E$22:$E$26), _xlfn.XLOOKUP($E106,$D$31:$D$35,$E$31:$E$35),F52, $F64)} -> 34.490322 | G106: {=MMS_Dairy_ManureAppliedToSoils_Equations.VEERG_4_3_1_8__2_MassOfNitrogenAppliedToSoilsScope3(G40, _xlfn.XLOOKUP($E106, $D$22:$D$26,$E$22:$E$26), _xlfn.XLOOKUP($E106,$D$31:$D$35,$E$31:$E$35),G52, $F64)} -> 29.633159 | H106: {=MMS_Dairy_ManureAppliedToSoils_Equations.VEERG_4_3_1_8__2_MassOfNitrogenAppliedToSoilsScope3(H40, _xlfn.XLOOKUP($E106, $D$22:$D$26,$E$22:$E$26), _xlfn.XLOOKUP($E106,$D$31:$D$35,$E$31:$E$35),H52, $F64)} -> 11.802574 | I106: {=MMS_Dairy_ManureAppliedToSoils_Equations.VEERG_4_3_1_8__2_MassOfNitrogenAppliedToSoilsScope3(I40, _xlfn.XLOOKUP($E106, $D$22:$D$26,$E$22:$E$26), _xlfn.XLOOKUP($E106,$D$31:$D$35,$E$31:$E$35),I52, $F64)} -> 37.250053 | J106: {=MMS_Dairy_ManureAppliedToSoils_Equations.VEERG_4_3_1_8__2_MassOfNitrogenAppliedToSoilsScope3(J40, _xlfn.XLOOKUP($E106, $D$22:$D$26,$E$22:$E$26), _xlfn.XLOOKUP($E106,$D$31:$D$35,$E$31:$E$35),J52, $F64)} -> 15.593964 | K106: =$E$95 -> kg N | O106: ='Input - Dairy'!$D$59 -> Milking shed | P106: ='Input - Dairy'!$D$78 -> Anaerobic lagoon | Q106: {=MMS_Dairy_ManureAppliedToSoils_Equations.VEERG_4_3_1_8__2_MassOfNitrogenAppliedToSoilsScope3(Q40, _xlfn.XLOOKUP($P106, $D$22:$D$26,$E$22:$E$26), _xlfn.XLOOKUP($P106,$D$31:$D$35,$E$31:$E$35),Q52, $F64)} -> 34.490322 | R106: {=MMS_Dairy_ManureAppliedToSoils_Equations.VEERG_4_3_1_8__2_MassOfNitrogenAppliedToSoilsScope3(R40, _xlfn.XLOOKUP($P106, $D$22:$D$26,$E$22:$E$26), _xlfn.XLOOKUP($P106,$D$31:$D$35,$E$31:$E$35),R52, $F64)} -> 29.633159 | S106: {=MMS_Dairy_ManureAppliedToSoils_Equations.VEERG_4_3_1_8__2_MassOfNitrogenAppliedToSoilsScope3(S40, _xlfn.XLOOKUP($P106, $D$22:$D$26,$E$22:$E$26), _xlfn.XLOOKUP($P106,$D$31:$D$35,$E$31:$E$35),S52, $F64)} -> 11.802574 | T106: {=MMS_Dairy_ManureAppliedToSoils_Equations.VEERG_4_3_1_8__2_MassOfNitrogenAppliedToSoilsScope3(T40, _xlfn.XLOOKUP($P106, $D$22:$D$26,$E$22:$E$26), _xlfn.XLOOKUP($P106,$D$31:$D$35,$E$31:$E$35),T52, $F64)} -> 37.250053 | U106: {=MMS_Dairy_ManureAppliedToSoils_Equations.VEERG_4_3_1_8__2_MassOfNitrogenAppliedToSoilsScope3(U40, _xlfn.XLOOKUP($P106, $D$22:$D$26,$E$22:$E$26), _xlfn.XLOOKUP($P106,$D$31:$D$35,$E$31:$E$35),U52, $F64)} -> 15.593964 | V106: =$E$95 -> kg N
D107: ='Input - Dairy'!$D$59 -> Milking shed | E107: ='Input - Dairy'!$D$79 -> Sump and dispersal system | F107: {=MMS_Dairy_ManureAppliedToSoils_Equations.VEERG_4_3_1_8__2_MassOfNitrogenAppliedToSoilsScope3(F41, _xlfn.XLOOKUP($E107, $D$22:$D$26,$E$22:$E$26), _xlfn.XLOOKUP($E107,$D$31:$D$35,$E$31:$E$35),F53, $F65)} -> 49.347691 | G107: {=MMS_Dairy_ManureAppliedToSoils_Equations.VEERG_4_3_1_8__2_MassOfNitrogenAppliedToSoilsScope3(G41, _xlfn.XLOOKUP($E107, $D$22:$D$26,$E$22:$E$26), _xlfn.XLOOKUP($E107,$D$31:$D$35,$E$31:$E$35),G53, $F65)} -> 42.398212 | H107: {=MMS_Dairy_ManureAppliedToSoils_Equations.VEERG_4_3_1_8__2_MassOfNitrogenAppliedToSoilsScope3(H41, _xlfn.XLOOKUP($E107, $D$22:$D$26,$E$22:$E$26), _xlfn.XLOOKUP($E107,$D$31:$D$35,$E$31:$E$35),H53, $F65)} -> 16.88676 | I107: {=MMS_Dairy_ManureAppliedToSoils_Equations.VEERG_4_3_1_8__2_MassOfNitrogenAppliedToSoilsScope3(I41, _xlfn.XLOOKUP($E107, $D$22:$D$26,$E$22:$E$26), _xlfn.XLOOKUP($E107,$D$31:$D$35,$E$31:$E$35),I53, $F65)} -> 53.29623 | J107: {=MMS_Dairy_ManureAppliedToSoils_Equations.VEERG_4_3_1_8__2_MassOfNitrogenAppliedToSoilsScope3(J41, _xlfn.XLOOKUP($E107, $D$22:$D$26,$E$22:$E$26), _xlfn.XLOOKUP($E107,$D$31:$D$35,$E$31:$E$35),J53, $F65)} -> 22.311364 | O107: ='Input - Dairy'!$D$59 -> Milking shed | P107: ='Input - Dairy'!$D$79 -> Sump and dispersal system | Q107: {=MMS_Dairy_ManureAppliedToSoils_Equations.VEERG_4_3_1_8__2_MassOfNitrogenAppliedToSoilsScope3(Q41, _xlfn.XLOOKUP($P107, $D$22:$D$26,$E$22:$E$26), _xlfn.XLOOKUP($P107,$D$31:$D$35,$E$31:$E$35),Q53, $F65)} -> 49.347691 | R107: {=MMS_Dairy_ManureAppliedToSoils_Equations.VEERG_4_3_1_8__2_MassOfNitrogenAppliedToSoilsScope3(R41, _xlfn.XLOOKUP($P107, $D$22:$D$26,$E$22:$E$26), _xlfn.XLOOKUP($P107,$D$31:$D$35,$E$31:$E$35),R53, $F65)} -> 42.398212 | S107: {=MMS_Dairy_ManureAppliedToSoils_Equations.VEERG_4_3_1_8__2_MassOfNitrogenAppliedToSoilsScope3(S41, _xlfn.XLOOKUP($P107, $D$22:$D$26,$E$22:$E$26), _xlfn.XLOOKUP($P107,$D$31:$D$35,$E$31:$E$35),S53, $F65)} -> 16.88676 | T107: {=MMS_Dairy_ManureAppliedToSoils_Equations.VEERG_4_3_1_8__2_MassOfNitrogenAppliedToSoilsScope3(T41, _xlfn.XLOOKUP($P107, $D$22:$D$26,$E$22:$E$26), _xlfn.XLOOKUP($P107,$D$31:$D$35,$E$31:$E$35),T53, $F65)} -> 53.29623 | U107: {=MMS_Dairy_ManureAppliedToSoils_Equations.VEERG_4_3_1_8__2_MassOfNitrogenAppliedToSoilsScope3(U41, _xlfn.XLOOKUP($P107, $D$22:$D$26,$E$22:$E$26), _xlfn.XLOOKUP($P107,$D$31:$D$35,$E$31:$E$35),U53, $F65)} -> 22.311364
D108: ='Input - Dairy'!$D$59 -> Milking shed | E108: ='Input - Dairy'!$D$80 -> Drains to paddock | F108: {=MMS_Dairy_ManureAppliedToSoils_Equations.VEERG_4_3_1_8__2_MassOfNitrogenAppliedToSoilsScope3(F42, _xlfn.XLOOKUP($E108, $D$22:$D$26,$E$22:$E$26), _xlfn.XLOOKUP($E108,$D$31:$D$35,$E$31:$E$35),F54, $F66)} -> 42.449627 | G108: {=MMS_Dairy_ManureAppliedToSoils_Equations.VEERG_4_3_1_8__2_MassOfNitrogenAppliedToSoilsScope3(G42, _xlfn.XLOOKUP($E108, $D$22:$D$26,$E$22:$E$26), _xlfn.XLOOKUP($E108,$D$31:$D$35,$E$31:$E$35),G54, $F66)} -> 36.471581 | H108: {=MMS_Dairy_ManureAppliedToSoils_Equations.VEERG_4_3_1_8__2_MassOfNitrogenAppliedToSoilsScope3(H42, _xlfn.XLOOKUP($E108, $D$22:$D$26,$E$22:$E$26), _xlfn.XLOOKUP($E108,$D$31:$D$35,$E$31:$E$35),H54, $F66)} -> 14.526245 | I108: {=MMS_Dairy_ManureAppliedToSoils_Equations.VEERG_4_3_1_8__2_MassOfNitrogenAppliedToSoilsScope3(I42, _xlfn.XLOOKUP($E108, $D$22:$D$26,$E$22:$E$26), _xlfn.XLOOKUP($E108,$D$31:$D$35,$E$31:$E$35),I54, $F66)} -> 45.846219 | J108: {=MMS_Dairy_ManureAppliedToSoils_Equations.VEERG_4_3_1_8__2_MassOfNitrogenAppliedToSoilsScope3(J42, _xlfn.XLOOKUP($E108, $D$22:$D$26,$E$22:$E$26), _xlfn.XLOOKUP($E108,$D$31:$D$35,$E$31:$E$35),J54, $F66)} -> 19.192571 | O108: ='Input - Dairy'!$D$59 -> Milking shed | P108: ='Input - Dairy'!$D$80 -> Drains to paddock | Q108: {=MMS_Dairy_ManureAppliedToSoils_Equations.VEERG_4_3_1_8__2_MassOfNitrogenAppliedToSoilsScope3(Q42, _xlfn.XLOOKUP($P108, $D$22:$D$26,$E$22:$E$26), _xlfn.XLOOKUP($P108,$D$31:$D$35,$E$31:$E$35),Q54, $F66)} -> 42.449627 | R108: {=MMS_Dairy_ManureAppliedToSoils_Equations.VEERG_4_3_1_8__2_MassOfNitrogenAppliedToSoilsScope3(R42, _xlfn.XLOOKUP($P108, $D$22:$D$26,$E$22:$E$26), _xlfn.XLOOKUP($P108,$D$31:$D$35,$E$31:$E$35),R54, $F66)} -> 36.471581 | S108: {=MMS_Dairy_ManureAppliedToSoils_Equations.VEERG_4_3_1_8__2_MassOfNitrogenAppliedToSoilsScope3(S42, _xlfn.XLOOKUP($P108, $D$22:$D$26,$E$22:$E$26), _xlfn.XLOOKUP($P108,$D$31:$D$35,$E$31:$E$35),S54, $F66)} -> 14.526245 | T108: {=MMS_Dairy_ManureAppliedToSoils_Equations.VEERG_4_3_1_8__2_MassOfNitrogenAppliedToSoilsScope3(T42, _xlfn.XLOOKUP($P108, $D$22:$D$26,$E$22:$E$26), _xlfn.XLOOKUP($P108,$D$31:$D$35,$E$31:$E$35),T54, $F66)} -> 45.846219 | U108: {=MMS_Dairy_ManureAppliedToSoils_Equations.VEERG_4_3_1_8__2_MassOfNitrogenAppliedToSoilsScope3(U42, _xlfn.XLOOKUP($P108, $D$22:$D$26,$E$22:$E$26), _xlfn.XLOOKUP($P108,$D$31:$D$35,$E$31:$E$35),U54, $F66)} -> 19.192571
D109: ='Input - Dairy'!$D$59 -> Milking shed | E109: Solid storage | F109: {=MMS_Dairy_ManureAppliedToSoils_Equations.VEERG_4_3_1_8__2_MassOfNitrogenAppliedToSoilsScope3(F43, _xlfn.XLOOKUP($E109, $D$22:$D$26,$E$22:$E$26), _xlfn.XLOOKUP($E109,$D$31:$D$35,$E$31:$E$35),F55, $F67)} -> 71.633745 | G109: {=MMS_Dairy_ManureAppliedToSoils_Equations.VEERG_4_3_1_8__2_MassOfNitrogenAppliedToSoilsScope3(G43, _xlfn.XLOOKUP($E109, $D$22:$D$26,$E$22:$E$26), _xlfn.XLOOKUP($E109,$D$31:$D$35,$E$31:$E$35),G55, $F67)} -> 61.545792 | H109: {=MMS_Dairy_ManureAppliedToSoils_Equations.VEERG_4_3_1_8__2_MassOfNitrogenAppliedToSoilsScope3(H43, _xlfn.XLOOKUP($E109, $D$22:$D$26,$E$22:$E$26), _xlfn.XLOOKUP($E109,$D$31:$D$35,$E$31:$E$35),H55, $F67)} -> 24.513038 | I109: {=MMS_Dairy_ManureAppliedToSoils_Equations.VEERG_4_3_1_8__2_MassOfNitrogenAppliedToSoilsScope3(I43, _xlfn.XLOOKUP($E109, $D$22:$D$26,$E$22:$E$26), _xlfn.XLOOKUP($E109,$D$31:$D$35,$E$31:$E$35),I55, $F67)} -> 77.365495 | J109: {=MMS_Dairy_ManureAppliedToSoils_Equations.VEERG_4_3_1_8__2_MassOfNitrogenAppliedToSoilsScope3(J43, _xlfn.XLOOKUP($E109, $D$22:$D$26,$E$22:$E$26), _xlfn.XLOOKUP($E109,$D$31:$D$35,$E$31:$E$35),J55, $F67)} -> 32.387464 | O109: ='Input - Dairy'!$D$59 -> Milking shed | P109: Solid storage | Q109: {=MMS_Dairy_ManureAppliedToSoils_Equations.VEERG_4_3_1_8__2_MassOfNitrogenAppliedToSoilsScope3(Q43, _xlfn.XLOOKUP($P109, $D$22:$D$26,$E$22:$E$26), _xlfn.XLOOKUP($P109,$D$31:$D$35,$E$31:$E$35),Q55, $F67)} -> 71.633745 | R109: {=MMS_Dairy_ManureAppliedToSoils_Equations.VEERG_4_3_1_8__2_MassOfNitrogenAppliedToSoilsScope3(R43, _xlfn.XLOOKUP($P109, $D$22:$D$26,$E$22:$E$26), _xlfn.XLOOKUP($P109,$D$31:$D$35,$E$31:$E$35),R55, $F67)} -> 61.545792 | S109: {=MMS_Dairy_ManureAppliedToSoils_Equations.VEERG_4_3_1_8__2_MassOfNitrogenAppliedToSoilsScope3(S43, _xlfn.XLOOKUP($P109, $D$22:$D$26,$E$22:$E$26), _xlfn.XLOOKUP($P109,$D$31:$D$35,$E$31:$E$35),S55, $F67)} -> 24.513038 | T109: {=MMS_Dairy_ManureAppliedToSoils_Equations.VEERG_4_3_1_8__2_MassOfNitrogenAppliedToSoilsScope3(T43, _xlfn.XLOOKUP($P109, $D$22:$D$26,$E$22:$E$26), _xlfn.XLOOKUP($P109,$D$31:$D$35,$E$31:$E$35),T55, $F67)} -> 77.365495 | U109: {=MMS_Dairy_ManureAppliedToSoils_Equations.VEERG_4_3_1_8__2_MassOfNitrogenAppliedToSoilsScope3(U43, _xlfn.XLOOKUP($P109, $D$22:$D$26,$E$22:$E$26), _xlfn.XLOOKUP($P109,$D$31:$D$35,$E$31:$E$35),U55, $F67)} -> 32.387464
D110: ='Input - Dairy'!$D$60 -> Feed pad | E110: ='Input - Dairy'!$D$94 -> Anaerobic lagoon | F110: {=MMS_Dairy_ManureAppliedToSoils_Equations.VEERG_4_3_1_8__2_MassOfNitrogenAppliedToSoilsScope3(F44, _xlfn.XLOOKUP($E110, $D$22:$D$26,$E$22:$E$26), _xlfn.XLOOKUP($E110,$D$31:$D$35,$E$31:$E$35),F56, $F68)} -> 139.52903 | G110: {=MMS_Dairy_ManureAppliedToSoils_Equations.VEERG_4_3_1_8__2_MassOfNitrogenAppliedToSoilsScope3(G44, _xlfn.XLOOKUP($E110, $D$22:$D$26,$E$22:$E$26), _xlfn.XLOOKUP($E110,$D$31:$D$35,$E$31:$E$35),G56, $F68)} -> 119.8796 | H110: {=MMS_Dairy_ManureAppliedToSoils_Equations.VEERG_4_3_1_8__2_MassOfNitrogenAppliedToSoilsScope3(H44, _xlfn.XLOOKUP($E110, $D$22:$D$26,$E$22:$E$26), _xlfn.XLOOKUP($E110,$D$31:$D$35,$E$31:$E$35),H56, $F68)} -> 47.746776 | I110: {=MMS_Dairy_ManureAppliedToSoils_Equations.VEERG_4_3_1_8__2_MassOfNitrogenAppliedToSoilsScope3(I44, _xlfn.XLOOKUP($E110, $D$22:$D$26,$E$22:$E$26), _xlfn.XLOOKUP($E110,$D$31:$D$35,$E$31:$E$35),I56, $F68)} -> 150.6934 | J110: {=MMS_Dairy_ManureAppliedToSoils_Equations.VEERG_4_3_1_8__2_MassOfNitrogenAppliedToSoilsScope3(J44, _xlfn.XLOOKUP($E110, $D$22:$D$26,$E$22:$E$26), _xlfn.XLOOKUP($E110,$D$31:$D$35,$E$31:$E$35),J56, $F68)} -> 63.084674 | O110: ='Input - Dairy'!$D$60 -> Feed pad | P110: ='Input - Dairy'!$D$94 -> Anaerobic lagoon | Q110: {=MMS_Dairy_ManureAppliedToSoils_Equations.VEERG_4_3_1_8__2_MassOfNitrogenAppliedToSoilsScope3(Q44, _xlfn.XLOOKUP($P110, $D$22:$D$26,$E$22:$E$26), _xlfn.XLOOKUP($P110,$D$31:$D$35,$E$31:$E$35),Q56, $F68)} -> 139.52903 | R110: {=MMS_Dairy_ManureAppliedToSoils_Equations.VEERG_4_3_1_8__2_MassOfNitrogenAppliedToSoilsScope3(R44, _xlfn.XLOOKUP($P110, $D$22:$D$26,$E$22:$E$26), _xlfn.XLOOKUP($P110,$D$31:$D$35,$E$31:$E$35),R56, $F68)} -> 119.8796 | S110: {=MMS_Dairy_ManureAppliedToSoils_Equations.VEERG_4_3_1_8__2_MassOfNitrogenAppliedToSoilsScope3(S44, _xlfn.XLOOKUP($P110, $D$22:$D$26,$E$22:$E$26), _xlfn.XLOOKUP($P110,$D$31:$D$35,$E$31:$E$35),S56, $F68)} -> 47.746776 | T110: {=MMS_Dairy_ManureAppliedToSoils_Equations.VEERG_4_3_1_8__2_MassOfNitrogenAppliedToSoilsScope3(T44, _xlfn.XLOOKUP($P110, $D$22:$D$26,$E$22:$E$26), _xlfn.XLOOKUP($P110,$D$31:$D$35,$E$31:$E$35),T56, $F68)} -> 150.6934 | U110: {=MMS_Dairy_ManureAppliedToSoils_Equations.VEERG_4_3_1_8__2_MassOfNitrogenAppliedToSoilsScope3(U44, _xlfn.XLOOKUP($P110, $D$22:$D$26,$E$22:$E$26), _xlfn.XLOOKUP($P110,$D$31:$D$35,$E$31:$E$35),U56, $F68)} -> 63.084674
D111: ='Input - Dairy'!$D$60 -> Feed pad | E111: ='Input - Dairy'!$D$95 -> Sump and dispersal system | F111: {=MMS_Dairy_ManureAppliedToSoils_Equations.VEERG_4_3_1_8__2_MassOfNitrogenAppliedToSoilsScope3(F45, _xlfn.XLOOKUP($E111, $D$22:$D$26,$E$22:$E$26), _xlfn.XLOOKUP($E111,$D$31:$D$35,$E$31:$E$35),F57, $F69)} -> 159.70707 | G111: {=MMS_Dairy_ManureAppliedToSoils_Equations.VEERG_4_3_1_8__2_MassOfNitrogenAppliedToSoilsScope3(G45, _xlfn.XLOOKUP($E111, $D$22:$D$26,$E$22:$E$26), _xlfn.XLOOKUP($E111,$D$31:$D$35,$E$31:$E$35),G57, $F69)} -> 137.21603 | H111: {=MMS_Dairy_ManureAppliedToSoils_Equations.VEERG_4_3_1_8__2_MassOfNitrogenAppliedToSoilsScope3(H45, _xlfn.XLOOKUP($E111, $D$22:$D$26,$E$22:$E$26), _xlfn.XLOOKUP($E111,$D$31:$D$35,$E$31:$E$35),H57, $F69)} -> 54.651695 | I111: {=MMS_Dairy_ManureAppliedToSoils_Equations.VEERG_4_3_1_8__2_MassOfNitrogenAppliedToSoilsScope3(I45, _xlfn.XLOOKUP($E111, $D$22:$D$26,$E$22:$E$26), _xlfn.XLOOKUP($E111,$D$31:$D$35,$E$31:$E$35),I57, $F69)} -> 172.48598 | J111: {=MMS_Dairy_ManureAppliedToSoils_Equations.VEERG_4_3_1_8__2_MassOfNitrogenAppliedToSoilsScope3(J45, _xlfn.XLOOKUP($E111, $D$22:$D$26,$E$22:$E$26), _xlfn.XLOOKUP($E111,$D$31:$D$35,$E$31:$E$35),J57, $F69)} -> 72.207688 | O111: ='Input - Dairy'!$D$60 -> Feed pad | P111: ='Input - Dairy'!$D$95 -> Sump and dispersal system | Q111: {=MMS_Dairy_ManureAppliedToSoils_Equations.VEERG_4_3_1_8__2_MassOfNitrogenAppliedToSoilsScope3(Q45, _xlfn.XLOOKUP($P111, $D$22:$D$26,$E$22:$E$26), _xlfn.XLOOKUP($P111,$D$31:$D$35,$E$31:$E$35),Q57, $F69)} -> 159.70707 | R111: {=MMS_Dairy_ManureAppliedToSoils_Equations.VEERG_4_3_1_8__2_MassOfNitrogenAppliedToSoilsScope3(R45, _xlfn.XLOOKUP($P111, $D$22:$D$26,$E$22:$E$26), _xlfn.XLOOKUP($P111,$D$31:$D$35,$E$31:$E$35),R57, $F69)} -> 137.21603 | S111: {=MMS_Dairy_ManureAppliedToSoils_Equations.VEERG_4_3_1_8__2_MassOfNitrogenAppliedToSoilsScope3(S45, _xlfn.XLOOKUP($P111, $D$22:$D$26,$E$22:$E$26), _xlfn.XLOOKUP($P111,$D$31:$D$35,$E$31:$E$35),S57, $F69)} -> 54.651695 | T111: {=MMS_Dairy_ManureAppliedToSoils_Equations.VEERG_4_3_1_8__2_MassOfNitrogenAppliedToSoilsScope3(T45, _xlfn.XLOOKUP($P111, $D$22:$D$26,$E$22:$E$26), _xlfn.XLOOKUP($P111,$D$31:$D$35,$E$31:$E$35),T57, $F69)} -> 172.48598 | U111: {=MMS_Dairy_ManureAppliedToSoils_Equations.VEERG_4_3_1_8__2_MassOfNitrogenAppliedToSoilsScope3(U45, _xlfn.XLOOKUP($P111, $D$22:$D$26,$E$22:$E$26), _xlfn.XLOOKUP($P111,$D$31:$D$35,$E$31:$E$35),U57, $F69)} -> 72.207688
D112: ='Input - Dairy'!$D$60 -> Feed pad | E112: ='Input - Dairy'!$D$96 -> Drains to paddock | F112: {=MMS_Dairy_ManureAppliedToSoils_Equations.VEERG_4_3_1_8__2_MassOfNitrogenAppliedToSoilsScope3(F46, _xlfn.XLOOKUP($E112, $D$22:$D$26,$E$22:$E$26), _xlfn.XLOOKUP($E112,$D$31:$D$35,$E$31:$E$35),F58, $F70)} -> 137.38243 | G112: {=MMS_Dairy_ManureAppliedToSoils_Equations.VEERG_4_3_1_8__2_MassOfNitrogenAppliedToSoilsScope3(G46, _xlfn.XLOOKUP($E112, $D$22:$D$26,$E$22:$E$26), _xlfn.XLOOKUP($E112,$D$31:$D$35,$E$31:$E$35),G58, $F70)} -> 118.0353 | H112: {=MMS_Dairy_ManureAppliedToSoils_Equations.VEERG_4_3_1_8__2_MassOfNitrogenAppliedToSoilsScope3(H46, _xlfn.XLOOKUP($E112, $D$22:$D$26,$E$22:$E$26), _xlfn.XLOOKUP($E112,$D$31:$D$35,$E$31:$E$35),H58, $F70)} -> 47.012211 | I112: {=MMS_Dairy_ManureAppliedToSoils_Equations.VEERG_4_3_1_8__2_MassOfNitrogenAppliedToSoilsScope3(I46, _xlfn.XLOOKUP($E112, $D$22:$D$26,$E$22:$E$26), _xlfn.XLOOKUP($E112,$D$31:$D$35,$E$31:$E$35),I58, $F70)} -> 148.37504 | J112: {=MMS_Dairy_ManureAppliedToSoils_Equations.VEERG_4_3_1_8__2_MassOfNitrogenAppliedToSoilsScope3(J46, _xlfn.XLOOKUP($E112, $D$22:$D$26,$E$22:$E$26), _xlfn.XLOOKUP($E112,$D$31:$D$35,$E$31:$E$35),J58, $F70)} -> 62.11414 | O112: ='Input - Dairy'!$D$60 -> Feed pad | P112: ='Input - Dairy'!$D$96 -> Drains to paddock | Q112: {=MMS_Dairy_ManureAppliedToSoils_Equations.VEERG_4_3_1_8__2_MassOfNitrogenAppliedToSoilsScope3(Q46, _xlfn.XLOOKUP($P112, $D$22:$D$26,$E$22:$E$26), _xlfn.XLOOKUP($P112,$D$31:$D$35,$E$31:$E$35),Q58, $F70)} -> 137.38243 | R112: {=MMS_Dairy_ManureAppliedToSoils_Equations.VEERG_4_3_1_8__2_MassOfNitrogenAppliedToSoilsScope3(R46, _xlfn.XLOOKUP($P112, $D$22:$D$26,$E$22:$E$26), _xlfn.XLOOKUP($P112,$D$31:$D$35,$E$31:$E$35),R58, $F70)} -> 118.0353 | S112: {=MMS_Dairy_ManureAppliedToSoils_Equations.VEERG_4_3_1_8__2_MassOfNitrogenAppliedToSoilsScope3(S46, _xlfn.XLOOKUP($P112, $D$22:$D$26,$E$22:$E$26), _xlfn.XLOOKUP($P112,$D$31:$D$35,$E$31:$E$35),S58, $F70)} -> 47.012211 | T112: {=MMS_Dairy_ManureAppliedToSoils_Equations.VEERG_4_3_1_8__2_MassOfNitrogenAppliedToSoilsScope3(T46, _xlfn.XLOOKUP($P112, $D$22:$D$26,$E$22:$E$26), _xlfn.XLOOKUP($P112,$D$31:$D$35,$E$31:$E$35),T58, $F70)} -> 148.37504 | U112: {=MMS_Dairy_ManureAppliedToSoils_Equations.VEERG_4_3_1_8__2_MassOfNitrogenAppliedToSoilsScope3(U46, _xlfn.XLOOKUP($P112, $D$22:$D$26,$E$22:$E$26), _xlfn.XLOOKUP($P112,$D$31:$D$35,$E$31:$E$35),U58, $F70)} -> 62.11414
D113: ='Input - Dairy'!$D$60 -> Feed pad | E113: Solid storage | F113: {=MMS_Dairy_ManureAppliedToSoils_Equations.VEERG_4_3_1_8__2_MassOfNitrogenAppliedToSoilsScope3(F47, _xlfn.XLOOKUP($E113, $D$22:$D$26,$E$22:$E$26), _xlfn.XLOOKUP($E113,$D$31:$D$35,$E$31:$E$35),F59, $F71)} -> 202.85374 | G113: {=MMS_Dairy_ManureAppliedToSoils_Equations.VEERG_4_3_1_8__2_MassOfNitrogenAppliedToSoilsScope3(G47, _xlfn.XLOOKUP($E113, $D$22:$D$26,$E$22:$E$26), _xlfn.XLOOKUP($E113,$D$31:$D$35,$E$31:$E$35),G59, $F71)} -> 174.28649 | H113: {=MMS_Dairy_ManureAppliedToSoils_Equations.VEERG_4_3_1_8__2_MassOfNitrogenAppliedToSoilsScope3(H47, _xlfn.XLOOKUP($E113, $D$22:$D$26,$E$22:$E$26), _xlfn.XLOOKUP($E113,$D$31:$D$35,$E$31:$E$35),H59, $F71)} -> 69.416467 | I113: {=MMS_Dairy_ManureAppliedToSoils_Equations.VEERG_4_3_1_8__2_MassOfNitrogenAppliedToSoilsScope3(I47, _xlfn.XLOOKUP($E113, $D$22:$D$26,$E$22:$E$26), _xlfn.XLOOKUP($E113,$D$31:$D$35,$E$31:$E$35),I59, $F71)} -> 219.08501 | J113: {=MMS_Dairy_ManureAppliedToSoils_Equations.VEERG_4_3_1_8__2_MassOfNitrogenAppliedToSoilsScope3(J47, _xlfn.XLOOKUP($E113, $D$22:$D$26,$E$22:$E$26), _xlfn.XLOOKUP($E113,$D$31:$D$35,$E$31:$E$35),J59, $F71)} -> 91.71541 | O113: ='Input - Dairy'!$D$60 -> Feed pad | P113: Solid storage | Q113: {=MMS_Dairy_ManureAppliedToSoils_Equations.VEERG_4_3_1_8__2_MassOfNitrogenAppliedToSoilsScope3(Q47, _xlfn.XLOOKUP($P113, $D$22:$D$26,$E$22:$E$26), _xlfn.XLOOKUP($P113,$D$31:$D$35,$E$31:$E$35),Q59, $F71)} -> 202.85374 | R113: {=MMS_Dairy_ManureAppliedToSoils_Equations.VEERG_4_3_1_8__2_MassOfNitrogenAppliedToSoilsScope3(R47, _xlfn.XLOOKUP($P113, $D$22:$D$26,$E$22:$E$26), _xlfn.XLOOKUP($P113,$D$31:$D$35,$E$31:$E$35),R59, $F71)} -> 174.28649 | S113: {=MMS_Dairy_ManureAppliedToSoils_Equations.VEERG_4_3_1_8__2_MassOfNitrogenAppliedToSoilsScope3(S47, _xlfn.XLOOKUP($P113, $D$22:$D$26,$E$22:$E$26), _xlfn.XLOOKUP($P113,$D$31:$D$35,$E$31:$E$35),S59, $F71)} -> 69.416467 | T113: {=MMS_Dairy_ManureAppliedToSoils_Equations.VEERG_4_3_1_8__2_MassOfNitrogenAppliedToSoilsScope3(T47, _xlfn.XLOOKUP($P113, $D$22:$D$26,$E$22:$E$26), _xlfn.XLOOKUP($P113,$D$31:$D$35,$E$31:$E$35),T59, $F71)} -> 219.08501 | U113: {=MMS_Dairy_ManureAppliedToSoils_Equations.VEERG_4_3_1_8__2_MassOfNitrogenAppliedToSoilsScope3(U47, _xlfn.XLOOKUP($P113, $D$22:$D$26,$E$22:$E$26), _xlfn.XLOOKUP($P113,$D$31:$D$35,$E$31:$E$35),U59, $F71)} -> 91.71541
...

Sheet 4.3.1.9 Soil direct N2O
A1: #VALUE! | C1: 4.3.1.9 Soil direct N2O
A3: =HYPERLINK("#'Home'!A1", "Home") -> Home
A4: =HYPERLINK("#'Overview'!A1", "Overview") -> Overview
A5: =HYPERLINK("#'Results'!A1", "Results") -> Results | D5: {=MMS_Dairy_N2ODirect_Equations.VEERG_4_3_1_3__2_TotalNitrogenInEachMMS_Title()} -> Total nitrogen in each MMS
D6: {=MMS_Dairy_N2ODirect_Equations.VEERG_4_3_1_3__2_TotalNitrogenInEachMMS_Source()} -> VEERG 2026: 4.3.1.3, Equation (2)
A7: INPUTS | D7: Function name | E7: {=Common_InputFunctions.Utility_DisplayFunctionName(F31)} -> =MMS_Dairy_N2ODirect_Equations.VEERG_4_3_1_3__2_TotalNitrogenInEachMMS
A8: =HYPERLINK("#'Input - Site'!A1", "Site") -> Site
A9: =HYPERLINK("#'Input - Dairy'!A1", "Dairy") -> Dairy
D10: Variable | E10: {=MMS_Dairy_N2ODirect_Equations.VEERG_4_3_1_3__2_TotalNitrogenInEachMMS_Variable()} -> MN_jm
A11: CALCULATIONS | D11: Unit | E11: {=MMS_Dairy_N2ODirect_Equations.VEERG_4_3_1_3__2_TotalNitrogenInEachMMS_Unit()} -> kg N
A12: =HYPERLINK("#'4.3.1.1-2 Methane'!A1", "4.3.1.1-2 Methane") -> 4.3.1.1-2 Methane
A13: =HYPERLINK("#'4.3.1.3-4 Direct N20'!A1", "4.3.1.3-4 Direct N2O") -> 4.3.1.3-4 Direct N2O | D13: {=_xlfn.CHOOSECOLS(MMS_Dairy_N2ODirect_Equations.VEERG_4_3_1_3__2_TotalNitrogenInEachMMS_Arguments(),1,2)} -> AE_j | E13: total nitrogen excreted by each dairy class | G13: {=_xlfn.CHOOSECOLS(MMS_Dairy_N2ODirect_Equations.VEERG_4_3_1_3__2_TotalNitrogenInEachMMS_Arguments(),3,4)} -> kg N | H13: Calculated from 4.3.1.3 (3a) and (3b) | I13: {=HYPERLINK(Common_InputFunctions.Utility_SourceHyperlink($D$16),$D$16)} -> M1_Table_AE_j
A14: =HYPERLINK("#'4.3.1.5 Atmos Deposition'!A1", "4.3.1.5 Atmospheric deposition") -> 4.3.1.5 Atmospheric deposition | D14: MMS_jm | E14: manure management system fraction for class j and system m | G14: fraction | H14: Input | I14: {=HYPERLINK(Common_InputFunctions.Utility_SourceHyperlink($D$22),$D$22)} -> M1_Table_MMS_j_m-14
A15: =HYPERLINK("#'4.3.1.6-7 Leaching and runoff'!A1", "4.3.1.6-7 Leaching and runoff") -> 4.3.1.6-7 Leaching and runoff
A16: =HYPERLINK("#'4.3.1.8 Manure applied to soils'!A1", "4.3.1.8 Manure applied to soils") -> 4.3.1.8 Manure applied to soils | D16: M1_Table_AE_j | O16: M1_Table_AE_j
A17: =HYPERLINK("#'4.3.1.9 Soil direct N2O'!A1", "4.3.1.9 Soil direct N2O") -> 4.3.1.9 Soil direct N2O | D17: Total annual nitrogen excreted all cattle (Method 1) | O17: Total annual nitrogen excreted all cattle (Method 1)
A18: =HYPERLINK("#'4.3.1.10-11 Soil Atmos Dep'!A1", "4.3.1.10-11 Soil atm. deposition") -> 4.3.1.10-11 Soil atm. deposition | D18: Milking cows | E18: Heifers > 1 year | F18: Heifers < 1 year | G18: Bulls > 1 year | H18: Bulls < 1 year | O18: Milking cows | P18: Heifers > 1 year | Q18: Heifers < 1 year | R18: Bulls > 1 year | S18: Bulls < 1 year
A19: =HYPERLINK("#'4.3.1.12-13 Soil leach runoff'!A1", "4.3.1.12-13 Soil leach & runoff") -> 4.3.1.12-13 Soil leach & runoff | D19: ='4.3.1.3-4 Direct N20'!D169 -> 9647.6424 | E19: ='4.3.1.3-4 Direct N20'!E169 -> 8288.9956 | F19: ='4.3.1.3-4 Direct N20'!F206 -> 3301.4193 | G19: ='4.3.1.3-4 Direct N20'!G169 -> 10419.595 | H19: ='4.3.1.3-4 Direct N20'!H206 -> 4361.948 | I19: =$G$13 -> kg N | O19: ='4.3.1.3-4 Direct N20'!N169 -> 9647.6424 | P19: ='4.3.1.3-4 Direct N20'!O169 -> 8288.9956 | Q19: ='4.3.1.3-4 Direct N20'!P206 -> 3301.4193 | R19: ='4.3.1.3-4 Direct N20'!Q169 -> 10419.595 | S19: ='4.3.1.3-4 Direct N20'!R206 -> 4361.948 | T19: =$G$13 -> kg N
A21: APPENDICES
A22: =HYPERLINK("#'Constants - Dairy'!A1", "Constants - Dairy") -> Constants - Dairy | D22: M1_Table_MMS_j_m-14 | O22: M2_Table_MMS_j_m-14
A23: =HYPERLINK("#'Constants - Livestock'!A1", "Constants - Livestock") -> Constants - Livestock | D23: Fraction of manure deposited on pasture range and paddock (Method 1) | O23: Fraction of manure deposited on pasture range and paddock (Method 2)
A24: =HYPERLINK("#'Constants - Common'!A1", "Constants - Common") -> Constants - Common | D24: Production system | E24: MMS | F24: Milking cows | G24: Heifers > 1 year | H24: Heifers < 1 year | I24: Bulls > 1 year | J24: Bulls < 1 year | O24: Production system | P24: MMS | Q24: Milking cows | R24: Heifers > 1 year | S24: Heifers < 1 year | T24: Bulls > 1 year | U24: Bulls < 1 year
A25: =HYPERLINK("#'Acknowledgements'!A1", "Acknowledgements") -> Acknowledgements | D25: ='Input - Dairy'!$D$58 -> Pasture | E25: ='Constants - Livestock'!$E$27 -> Pasture range and paddock | F25: ='Input - Dairy'!E58 -> 0.534 | G25: ='Input - Dairy'!F58 -> 0.534 | H25: ='Input - Dairy'!G58 -> 0.534 | I25: ='Input - Dairy'!H58 -> 0.534 | J25: ='Input - Dairy'!I58 -> 0.534 | K25: =$G$14 -> fraction | O25: ='Input - Dairy'!$D$58 -> Pasture | P25: ='Constants - Livestock'!$E$27 -> Pasture range and paddock | Q25: ='Input - Dairy'!E63 -> 0.534 | R25: ='Input - Dairy'!F63 -> 0.534 | S25: ='Input - Dairy'!G63 -> 0.534 | T25: ='Input - Dairy'!H63 -> 0.534 | U25: ='Input - Dairy'!I63 -> 0.534 | V25: =$G$14 -> fraction
D28: M1_Table_MN_j_m-14 | O28: M2_Table_MN_j_m-14
D29: Total nitrogen deposited on pasture range and paddock (Method 1) | O29: Total nitrogen deposited on pasture range and paddock (Method 2)
D30: Production system | E30: MMS | F30: Milking cows | G30: Heifers > 1 year | H30: Heifers < 1 year | I30: Bulls > 1 year | J30: Bulls < 1 year | O30: Production system | P30: MMS | Q30: Milking cows | R30: Heifers > 1 year | S30: Heifers < 1 year | T30: Bulls > 1 year | U30: Bulls < 1 year
D31: ='Input - Dairy'!$D$58 -> Pasture | E31: ='Constants - Livestock'!$E$27 -> Pasture range and paddock | F31: {=MMS_Dairy_N2ODirect_Equations.VEERG_4_3_1_3__2_TotalNitrogenInEachMMS(D19,F25)} -> 5151.841 | G31: {=MMS_Dairy_N2ODirect_Equations.VEERG_4_3_1_3__2_TotalNitrogenInEachMMS(E19,G25)} -> 4426.3236 | H31: {=MMS_Dairy_N2ODirect_Equations.VEERG_4_3_1_3__2_TotalNitrogenInEachMMS(F19,H25)} -> 1762.9579 | I31: {=MMS_Dairy_N2ODirect_Equations.VEERG_4_3_1_3__2_TotalNitrogenInEachMMS(G19,I25)} -> 5564.0639 | J31: {=MMS_Dairy_N2ODirect_Equations.VEERG_4_3_1_3__2_TotalNitrogenInEachMMS(H19,J25)} -> 2329.2803 | K31: =$E$11 -> kg N | O31: ='Input - Dairy'!$D$58 -> Pasture | P31: ='Constants - Livestock'!$E$27 -> Pasture range and paddock | Q31: {=MMS_Dairy_N2ODirect_Equations.VEERG_4_3_1_3__2_TotalNitrogenInEachMMS(D19,Q25)} -> 5151.841 | R31: {=MMS_Dairy_N2ODirect_Equations.VEERG_4_3_1_3__2_TotalNitrogenInEachMMS(E19,R25)} -> 4426.3236 | S31: {=MMS_Dairy_N2ODirect_Equations.VEERG_4_3_1_3__2_TotalNitrogenInEachMMS(F19,S25)} -> 1762.9579 | T31: {=MMS_Dairy_N2ODirect_Equations.VEERG_4_3_1_3__2_TotalNitrogenInEachMMS(G19,T25)} -> 5564.0639 | U31: {=MMS_Dairy_N2ODirect_Equations.VEERG_4_3_1_3__2_TotalNitrogenInEachMMS(H19,U25)} -> 2329.2803 | V31: =$E$11 -> kg N
D35: {=MMS_Dairy_Soil_N2ODirect_Equations.VEERG_4_3_1_9__1_DirectNitrousOxideEmissionsOnPasture_Title()} -> Direct nitrous oxide emissions on pasture
D36: {=MMS_Dairy_Soil_N2ODirect_Equations.VEERG_4_3_1_9__1_DirectNitrousOxideEmissionsOnPasture_Source()} -> VEERG 2026: 4.3.1.9, Equation (1)
D37: Formula name | E37: {=Common_InputFunctions.Utility_DisplayFunctionName($F$51)} -> =MMS_Dairy_Soil_N2ODirect_Equations.VEERG_4_3_1_9__1_DirectNitrousOxideEmissionsOnPasture
D40: Variable | E40: {=MMS_Dairy_Soil_N2ODirect_Equations.VEERG_4_3_1_9__1_DirectNitrousOxideEmissionsOnPasture_Variable()} -> E_N2Odir
D41: Unit | E41: {=MMS_Dairy_Soil_N2ODirect_Equations.VEERG_4_3_1_9__1_DirectNitrousOxideEmissionsOnPasture_Unit()} -> t N2O
D43: {=_xlfn.CHOOSECOLS(MMS_Dairy_Soil_N2ODirect_Equations.VEERG_4_3_1_9__1_DirectNitrousOxideEmissionsOnPasture_Arguments(),1,2)} -> MN_jm14 | E43: mass of nitrogen excreted on pasture, range, and paddock for each dairy cattle class | H43: {=_xlfn.CHOOSECOLS(MMS_Dairy_Soil_N2ODirect_Equations.VEERG_4_3_1_9__1_DirectNitrousOxideEmissionsOnPasture_Arguments(),3,4)} -> kg N | I43: Calculated from 4.3.1.3 (2) | J43: {=HYPERLINK(Common_InputFunctions.Utility_SourceHyperlink($D$28),$D$28)} -> M1_Table_MN_j_m-14
D44: EF_PRP | E44: emission factor for nitrous oxide emissions for urine and dung deposited on PRP | H44: kg N2O-N/kg N deposited | I44: Constant | J44: =Common_InputFunctions.Utility_LookupValueInTable(J46, Table_SourceData_EFPastureRangeAndPaddock[Climate zone],Table_SourceData_EFPastureRangeAndPaddock[EFPRP]) -> 0.002
D45: C_N2O | E45: factor to convert elemental mass of N2O to molecular mass | I45: Constant | J45: =Common_InputFunctions.Utility_LookupValueInTableNumber("N2O",Table_GasToMolecularConversionFactor[Gas],Table_GasToMolecularConversionFactor[Conversion factor combined]) -> 1.5714286
D46: z | E46: Wet or dry climate zone | I46: Input | J46: ='Input - Site'!$E$32 -> Dry climate zone
D48: M1_Table_E_N2O_dir | O48: M2_Table_E_N2O_dir
D49: Direct nitrous oxide emissions from urine and dung deposited on pasture (Method 1) | O49: Direct nitrous oxide emissions from urine and dung deposited on pasture (Method 2)
D50: Production system | E50: MMS | F50: Milking cows | G50: Heifers > 1 year | H50: Heifers < 1 year | I50: Bulls > 1 year | J50: Bulls < 1 year | O50: Production system | P50: MMS | Q50: Milking cows | R50: Heifers > 1 year | S50: Heifers < 1 year | T50: Bulls > 1 year | U50: Bulls < 1 year
D51: ='Input - Dairy'!$D$58 -> Pasture | E51: ='Constants - Livestock'!$E$27 -> Pasture range and paddock | F51: {=MMS_Dairy_Soil_N2ODirect_Equations.VEERG_4_3_1_9__1_DirectNitrousOxideEmissionsOnPasture(F31,$J$44,$J$45)} -> 0.0161915 | G51: {=MMS_Dairy_Soil_N2ODirect_Equations.VEERG_4_3_1_9__1_DirectNitrousOxideEmissionsOnPasture(G31,$J$44,$J$45)} -> 0.013911303 | H51: {=MMS_Dairy_Soil_N2ODirect_Equations.VEERG_4_3_1_9__1_DirectNitrousOxideEmissionsOnPasture(H31,$J$44,$J$45)} -> 0.0055407248 | I51: {=MMS_Dairy_Soil_N2ODirect_Equations.VEERG_4_3_1_9__1_DirectNitrousOxideEmissionsOnPasture(I31,$J$44,$J$45)} -> 0.017487058 | J51: {=MMS_Dairy_Soil_N2ODirect_Equations.VEERG_4_3_1_9__1_DirectNitrousOxideEmissionsOnPasture(J31,$J$44,$J$45)} -> 0.0073205951 | K51: =$E$41 -> t N2O | O51: ='Input - Dairy'!$D$58 -> Pasture | P51: ='Constants - Livestock'!$E$27 -> Pasture range and paddock | Q51: {=MMS_Dairy_Soil_N2ODirect_Equations.VEERG_4_3_1_9__1_DirectNitrousOxideEmissionsOnPasture(Q31,$J$44,$J$45)} -> 0.0161915 | R51: {=MMS_Dairy_Soil_N2ODirect_Equations.VEERG_4_3_1_9__1_DirectNitrousOxideEmissionsOnPasture(R31,$J$44,$J$45)} -> 0.013911303 | S51: {=MMS_Dairy_Soil_N2ODirect_Equations.VEERG_4_3_1_9__1_DirectNitrousOxideEmissionsOnPasture(S31,$J$44,$J$45)} -> 0.0055407248 | T51: {=MMS_Dairy_Soil_N2ODirect_Equations.VEERG_4_3_1_9__1_DirectNitrousOxideEmissionsOnPasture(T31,$J$44,$J$45)} -> 0.017487058 | U51: {=MMS_Dairy_Soil_N2ODirect_Equations.VEERG_4_3_1_9__1_DirectNitrousOxideEmissionsOnPasture(U31,$J$44,$J$45)} -> 0.0073205951 | V51: =$E$41 -> t N2O
D53: EN2O,dir | E53: =SUM(F51:J51) -> 0.060451181 | F53: =$E$41 -> t N2O | O53: EN2O,dir | P53: =SUM(Q51:U51) -> 0.060451181 | Q53: =$E$41 -> t N2O
D55: {=Common_Equations.Common_ConvertN2OToCO2e_Arguments()} -> EN2O | E55: Nitrous oxide emissions (t N2O) | G55: =E53 -> 0.060451181 | O55: {=Common_Equations.Common_ConvertN2OToCO2e_Arguments()} -> EN2O | P55: Nitrous oxide emissions (t N2O) | R55: =P53 -> 0.060451181
D56: GWPN2O | E56: Global warming potential for nitrous oxide (t CO2-e / t N2O) | G56: =Common_InputFunctions.Utility_LookupValueInTableNumber("N2O",Table_GWPData[Gas],Table_GWPData[CO2-e factor]) -> 265 | O56: GWPN2O | P56: Global warming potential for nitrous oxide (t CO2-e / t N2O) | R56: =Common_InputFunctions.Utility_LookupValueInTableNumber("N2O",Table_GWPData[Gas],Table_GWPData[CO2-e factor]) -> 265
A58: =HYPERLINK("#A1", "▲ Back to top") -> ▲ Back to top | D58: ECO2e | E58: {=Common_Equations.Common_ConvertN2OToCO2e(G55,G56)} -> 16.019563 | F58: {=Common_Equations.Common_ConvertN2OToCO2e_Unit()} -> t CO2e | O58: ECO2e | P58: {=Common_Equations.Common_ConvertN2OToCO2e(R55,R56)} -> 16.019563 | Q58: {=Common_Equations.Common_ConvertN2OToCO2e_Unit()} -> t CO2e

Sheet 4.3.1.10-11 Soil Atmos Dep
A1: #VALUE! | C1: 4.3.1.10-11 Soil atmospheric deposition N2O
A3: =HYPERLINK("#'Home'!A1", "Home") -> Home
A4: =HYPERLINK("#'Overview'!A1", "Overview") -> Overview
A5: =HYPERLINK("#'Results'!A1", "Results") -> Results | D5: {=MMS_Dairy_Soil_AtmosphericDeposition_Equations.VEERG_4_3_1_10__2_MassOfNitrogenVolatilisedOnPasture_Title()} -> Mass of nitrogen volatilised from urine and faeces deposited on pasture
D6: {=MMS_Dairy_Soil_AtmosphericDeposition_Equations.VEERG_4_3_1_10__2_MassOfNitrogenVolatilisedOnPasture_Source()} -> VEERG 2026: 4.3.1.10, Equation (2)
A7: INPUTS | D7: Function name | E7: {=Common_InputFunctions.Utility_DisplayFunctionName(F24)} -> =MMS_Dairy_Soil_AtmosphericDeposition_Equations.VEERG_4_3_1_10__2_MassOfNitrogenVolatilisedOnPasture
A8: =HYPERLINK("#'Input - Site'!A1", "Site") -> Site
A9: =HYPERLINK("#'Input - Dairy'!A1", "Dairy") -> Dairy
D10: Variable | E10: {=MMS_Dairy_Soil_AtmosphericDeposition_Equations.VEERG_4_3_1_10__2_MassOfNitrogenVolatilisedOnPasture_Variable()} -> M_vol_m14
A11: CALCULATIONS | D11: Unit | E11: {=MMS_Dairy_Soil_AtmosphericDeposition_Equations.VEERG_4_3_1_10__2_MassOfNitrogenVolatilisedOnPasture_Unit()} -> kg N
