Workbook
Name Common_Equations.Common_ConvertCH4ToCO2e: _xlfn.LAMBDA(_xlpm.E_CH4,_xlpm.GWP_CH4, _xlpm.E_CH4 * _xlpm.GWP_CH4)
Name Common_Equations.Common_ConvertCH4ToCO2e_Arguments: _xlfn.LAMBDA(_xlfn.MAKEARRAY(2, 2, _xlfn.LAMBDA(_xlpm.r,_xlpm.c, INDEX({"ECH4","Methane emissions (t CH4)";"GWPCH4","Global warming potential for methane (t CO2-e / t CH4)"}, _xlpm.r, _xlpm.c))))
Name Common_Equations.Common_ConvertCH4ToCO2e_LatexEquation: _xlfn.LAMBDA("CO2_e = E_{CH4} \times GWP_{CH4}")
Name Common_Equations.Common_ConvertCH4ToCO2e_NIRReference: _xlfn.LAMBDA("")
Name Common_Equations.Common_ConvertCH4ToCO2e_Title: _xlfn.LAMBDA("Convert methane emissions to carbon dioxide equivalent emissions")
Name Common_Equations.Common_ConvertCH4ToCO2e_Unit: _xlfn.LAMBDA("t CO2e")
Name Common_Equations.Common_ConvertCH4ToCO2e_Variable: _xlfn.LAMBDA("ECH4 CO2e")
Name Common_Equations.Common_ConvertN2OToCO2e: _xlfn.LAMBDA(_xlpm.E_N2O,_xlpm.GWP_N2O, _xlpm.E_N2O * _xlpm.GWP_N2O)
Name Common_Equations.Common_ConvertN2OToCO2e_LatexEquation: _xlfn.LAMBDA("CO2_e = E_{N2O} \times GWP_{N2O}")
Name Common_Equations.Common_ConvertN2OToCO2e_NIRReference: _xlfn.LAMBDA("")
Name Common_Equations.Common_ConvertN2OToCO2e_Title: _xlfn.LAMBDA("Convert nitrous oxide emissions to carbon dioxide equivalent emissions")
Name Common_Equations.Common_ConvertN2OToCO2e_Unit: _xlfn.LAMBDA("t CO2e")
Name Common_Equations.Common_ConvertN2OToCO2e_Variable: _xlfn.LAMBDA("EN2O CO2e")
Name Common_InputFunctions.Utility_ConvertStateCommonNameToAbbreviation: _xlfn.LAMBDA(_xlpm.StateCommonName,_xlpm.StateCommonNameArray,_xlpm.StateAbbreviationArray, _xlfn.XLOOKUP(_xlpm.StateCommonName, _xlpm.StateCommonNameArray, _xlpm.StateAbbreviationArray, ""))
Name Common_InputFunctions.Utility_DisplayArguments_1_2: _xlfn.LAMBDA(_xlpm.ArgumentsArray, _xlfn.CHOOSECOLS(_xlpm.ArgumentsArray, 1, 2))
Name Common_InputFunctions.Utility_DisplayArguments_3_4: _xlfn.LAMBDA(_xlpm.ArgumentsArray, _xlfn.CHOOSECOLS(_xlpm.ArgumentsArray, 3, 4))
Name Common_InputFunctions.Utility_DisplayFunctionName: _xlfn.LAMBDA(_xlpm.Function, _xlfn.TEXTBEFORE(_xlfn.FORMULATEXT(_xlpm.Function), "("))
Name Common_InputFunctions.Utility_GetArrayTableColumnStartNumber: _xlfn.LAMBDA(_xlpm.TableHeaderCell, COLUMN(_xlpm.TableHeaderCell))
Name Common_InputFunctions.Utility_GetArrayTableRowStartNumber: _xlfn.LAMBDA(_xlpm.TableheaderCell,_xlpm.RowsBetweenHeaderandArray, ROW(_xlpm.TableheaderCell) + _xlpm.RowsBetweenHeaderandArray - 1)
Name Common_InputFunctions.Utility_LookupValueInTable: _xlfn.LAMBDA(_xlpm.LookupValue,_xlpm.LookupArray,_xlpm.ReturnArray, _xlfn.XLOOKUP(_xlpm.LookupValue, _xlpm.LookupArray, _xlpm.ReturnArray, ""))
Name Common_InputFunctions.Utility_SourceHyperlink: _xlfn.LAMBDA(_xlpm.TargetCell, _xlfn.LET(_xlpm.sh, _xlfn.TEXTAFTER(CELL("filename", _xlpm.TargetCell), "]"), _xlpm.addr, CELL("address", _xlpm.TargetCell), "#'" & _xlpm.sh & "'!" & _xlpm.addr))
Name Common_SourceData.Common_SourceData_AustralianStatesTerritories_Source: _xlfn.LAMBDA("")
Name Common_SourceData.Common_SourceData_AustralianStatesTerritories_Title: _xlfn.LAMBDA("Australian states and territories")
Name Common_SourceData.Common_SourceData_AustralianStatesTerritories_Unit: _xlfn.LAMBDA("")
Name Common_SourceData.Common_SourceData_AustralianStatesTerritories_Variable: _xlfn.LAMBDA("")
Name Common_SourceData.Common_SourceData_ClimateZones_Source: _xlfn.LAMBDA("VEERG 2026: Table 1.3: Climate and Rainfall zone classifications and definitions")
Name Common_SourceData.Common_SourceData_ClimateZones_Title: _xlfn.LAMBDA("VEERG Australian climate zones")
Name Common_SourceData.Common_SourceData_ClimateZones_Unit: _xlfn.LAMBDA("")
Name Common_SourceData.Common_SourceData_ClimateZones_Variable: _xlfn.LAMBDA("")
Name Common_SourceData.Common_SourceData_ConvertGasElementalToMolecular_Source: _xlfn.LAMBDA("XXXXXXX")
Name Common_SourceData.Common_SourceData_ConvertGasElementalToMolecular_Title: _xlfn.LAMBDA("Factor to convert elemental mass of gas to molecular mass")
Name Common_SourceData.Common_SourceData_ConvertGasElementalToMolecular_Unit: _xlfn.LAMBDA("factor")
Name Common_SourceData.Common_SourceData_ConvertGasElementalToMolecular_Variable: _xlfn.LAMBDA("Cg")
Name Common_SourceData.Common_SourceData_ConvertN2oElementalToMolecularCg_Data: _xlfn.LAMBDA(44 / 28)
Name Common_SourceData.Common_SourceData_ConvertN2oElementalToMolecularCg_Source: _xlfn.LAMBDA("National Inventory Report 2023 Volume 1")
Name Common_SourceData.Common_SourceData_ConvertN2oElementalToMolecularCg_Title: _xlfn.LAMBDA("Factor to convert elemental mass of N2O to molecular mass")
Name Common_SourceData.Common_SourceData_ConvertN2oElementalToMolecularCg_Unit: _xlfn.LAMBDA("factor")
Name Common_SourceData.Common_SourceData_ConvertN2oElementalToMolecularCg_Variable: _xlfn.LAMBDA("CgN2O")
Name Common_SourceData.Common_SourceData_DataScores_Scope3_Source: _xlfn.LAMBDA("VEERG 2026: XXXXXXXX")
Name Common_SourceData.Common_SourceData_DataScores_Scope3_Title: _xlfn.LAMBDA("Australian data scores for scope 3")
Name Common_SourceData.Common_SourceData_DataScores_Scope3_Unit: _xlfn.LAMBDA("")
Name Common_SourceData.Common_SourceData_DataScores_Scope3_Variable: _xlfn.LAMBDA("")
Name Common_SourceData.Common_SourceData_DataScores_Scope3_Variation: _xlfn.LAMBDA("")
Name Common_SourceData.Common_SourceData_DensityOfMethane_Data: _xlfn.LAMBDA(0.6784)
Name Common_SourceData.Common_SourceData_DensityOfMethane_Source: _xlfn.LAMBDA("National Inventory Report 2023 Volume 1: Equations 3.B.1a_2, 3.B.1c_2, 3.B.3_1, 3.B.4g_2")
Name Common_SourceData.Common_SourceData_DensityOfMethane_Title: _xlfn.LAMBDA("p = density of methane")
Name Common_SourceData.Common_SourceData_DensityOfMethane_Unit: _xlfn.LAMBDA("kg/m3")
Name Common_SourceData.Common_SourceData_EFleach_Data: _xlfn.LAMBDA(_xlfn.MAKEARRAY(1, 2, _xlfn.LAMBDA(_xlpm.r,_xlpm.c, INDEX({"EFleach",0.011}, _xlpm.r, _xlpm.c))))
Name Common_SourceData.Common_SourceData_EFleach_NIRReference: _xlfn.LAMBDA("National Inventory Report Volume 1: Equation 3.D.B_10")
Name Common_SourceData.Common_SourceData_EFleach_Source: _xlfn.LAMBDA("VEERG 2026:5.5.2.3 Constant Parameters")
Name Common_SourceData.Common_SourceData_EFleach_Title: _xlfn.LAMBDA("Emission factor for nitrogen leaching and runoff")
Name Common_SourceData.Common_SourceData_EFleach_Unit: _xlfn.LAMBDA("(kg N2O-N / kg N")
Name Common_SourceData.Common_SourceData_EFleach_Variation: _xlfn.LAMBDA((""))
Name Common_SourceData.Common_SourceData_EFN2O_NIRReference: _xlfn.LAMBDA("")
Name Common_SourceData.Common_SourceData_EFN2O_Source: _xlfn.LAMBDA("VEERG 2026: Table A.2.2.1")
Name Common_SourceData.Common_SourceData_EFN2O_Title: _xlfn.LAMBDA("Nitrous oxide emission factors for inorganic fertiliser application")
Name Common_SourceData.Common_SourceData_EFN2O_Unit: _xlfn.LAMBDA("(kg N2O-N / kg N")
Name Common_SourceData.Common_SourceData_EFPastureRangeAndPaddock_Data: _xlfn.LAMBDA(_xlfn.MAKEARRAY(3, 2, _xlfn.LAMBDA(_xlpm.r,_xlpm.c, INDEX({"Climate zone","EFPRP";"Wet climate zone",0.006;"Dry climate zone",0.002}, _xlpm.r, _xlpm.c))))
Name Common_SourceData.Common_SourceData_EFPastureRangeAndPaddock_NIRReference: _xlfn.LAMBDA("")
Name Common_SourceData.Common_SourceData_EFPastureRangeAndPaddock_Source: _xlfn.LAMBDA("VEERG 2026: Table A.2.2.2")

Sheet Home
A1: Home

Sheet Overview

Sheet Results
A1: #VALUE! | C1: 4.5 Manure management: Swine: Results
A3: =HYPERLINK("#'Home'!A1", "Home") -> Home
A4: =HYPERLINK("#'Overview'!A1", "Overview") -> Overview | D4: Emissions breakdown
A5: =HYPERLINK("#'Results'!A1", "Results") -> Results
D6: Scope 1 source | E6: GHG emissions method 1 | F6: GHG emissions method 2 | G6: GHG Unit | H6: CO2-e emissions method 1 | I6: CO2-e emissions method 2 | J6: CO2-e unit
A7: INPUTS | D7: 4.5.1.1-2 Manure methane | E7: ='4.5.1.1-2 Methane'!E261 -> 2.3840372 | F7: ='4.5.1.1-2 Methane'!O261 -> 2.4087426 | G7: t CH4 | H7: ='4.5.1.1-2 Methane'!E266 -> 66.753043 | I7: ='4.5.1.1-2 Methane'!O266 -> 67.444792 | J7: t CO2e
A8: =HYPERLINK("#'Input - Site'!A1", "Site") -> Site | D8: 4.5.1.3-4 Direct N2O | E8: ='4.5.1.3-4 Direct N2O'!E297 -> 0.074343141 | F8: ='4.5.1.3-4 Direct N2O'!O297 -> 0.074343141 | G8: t N2O | H8: ='4.5.1.3-4 Direct N2O'!E302 -> 19.700932 | I8: ='4.5.1.3-4 Direct N2O'!O302 -> 19.700932 | J8: t CO2e
A9: =HYPERLINK("#'Input - Swine'!A1", "Swine") -> Swine | D9: 4.5.1.5-6 Atmospheric deposition | E9: ='4.5.1.5-6 Atmos Dep'!E125 -> 0.024944402 | F9: ='4.5.1.5-6 Atmos Dep'!O125 -> 0.024944402 | G9: t N2O | H9: ='4.5.1.5-6 Atmos Dep'!E130 -> 6.6102665 | I9: ='4.5.1.5-6 Atmos Dep'!O130 -> 6.6102665 | J9: t CO2e
D10: 4.2.1.7-8 Leaching and runoff | E10: ='4.5.1.7-8 Leaching and runoff'!E49 -> 0.00026075016 | F10: ='4.5.1.7-8 Leaching and runoff'!N49 -> 0.00026075016 | G10: t N2O | H10: ='4.5.1.7-8 Leaching and runoff'!E54 -> 0.069098792 | I10: ='4.5.1.7-8 Leaching and runoff'!N54 -> 0.069098792 | J10: t CO2e
A11: CALCULATIONS | D11: Total | H11: =SUM(H7:H10) -> 93.13334 | I11: =SUM(I7:I10) -> 93.82509 | J11: t CO2e
A12: =HYPERLINK("#'4.5.1.1-2 Methane'!A1", "4.5.1.1-2 Methane") -> 4.5.1.1-2 Methane
A13: =HYPERLINK("#'4.5.1.3-4 Direct N2O'!A1", "4.5.1.3-4 Direct N2O") -> 4.5.1.3-4 Direct N2O | D13: 4.5.1.9 Manure applied to soils
A14: =HYPERLINK("#'4.5.1.5-6 Atmos Dep'!A1", "4.5.1.5-6 Soil atm. deposition") -> 4.5.1.5-6 Soil atm. deposition | D14: WARNING: Manure nitrogen that was applied to soils must be accounted for
A15: =HYPERLINK("#'4.5.1.7-8 Leaching and runoff'!A1", "4.5.1.7-8 Leaching & runoff") -> 4.5.1.7-8 Leaching & runoff | D15: See the table below for how to account for manure applied to soils for scope 1 and 3.
A16: =HYPERLINK("#'4.5.1.9 Manure applied to soils'!A1", "4.5.1.9 Manure applied to soils") -> 4.5.1.9 Manure applied to soils | D16: Manure nitrogen use | E16: Amount of N in manure | F16: N unit | G16: Emissions allocated to | H16: VEERG Calculation method
D17: Manure nitrogen deposited on farm soils (including use as fertiliser for other enterprises on own farm eg crops) | E17: ='4.5.1.9 Manure applied to soils'!E161 -> 3256.7705 | F17: ='4.5.1.9 Manure applied to soils'!F161 -> kg N | G17: Scope 1 - This piggery | H17: 5.2.2.1 (1), 5.4.1.3 (1, 2), 5.5.1.1 (1, 3)
A18: APPENDICES | D18: Manure nitrogen deposited on farm soils as fertiliser for other farm enterpsies (eg crops) | E18: ='4.5.1.9 Manure applied to soils'!E278 -> 653.20846 | F18: ='4.5.1.9 Manure applied to soils'!F278 -> kg N | G18: Scope 1 - This piggery | H18: 5.2.2.1 (1), 5.4.1.3 (1, 2), 5.5.1.1 (1, 3)
A19: =HYPERLINK("#'Constants - Swine'!A1", "Constants - Swine") -> Constants - Swine | D19: Manure nitrogen sold | E19: ='4.5.1.9 Manure applied to soils'!E209 -> 653.20846 | F19: ='4.5.1.9 Manure applied to soils'!F209 -> kg N | G19: Scope 3 (downstream) | H19: 15.13.1.1 (1), 5.2.2.1 (1), 5.4.1.3 (1, 2), 5.5.1.1 (1, 3)
A20: =HYPERLINK("#'Constants - Livestock'!A1", "Constants - Livestock") -> Constants - Livestock
A21: =HYPERLINK("#'Constants - Common'!A1", "Constants - Common") -> Constants - Common
A22: =HYPERLINK("#'Acknowledgements'!A1", "Acknowledgements") -> Acknowledgements

Sheet Input - Site
A1: #VALUE! | C1: Input - Site
A3: =HYPERLINK("#'Home'!A1", "Home") -> Home
A4: =HYPERLINK("#'Overview'!A1", "Overview") -> Overview
A5: =HYPERLINK("#'Results'!A1", "Results") -> Results | D5: Your business
A7: INPUTS | D7: Farm name | E7: Test Farms
A8: =HYPERLINK("#'Input - Site'!A1", "Site") -> Site | D8: Reporting entity name | E8: Test Farms Pty Ltd
A9: =HYPERLINK("#'Input - Swine'!A1", "Swine") -> Swine
D10: 💡An 'Emissions accounting period' is a 12 month period where the business can report on the emissions, and is typically the same as the business' financial accounting period.
A11: CALCULATIONS
A12: =HYPERLINK("#'4.5.1.1-2 Methane'!A1", "4.5.1.1-2 Methane") -> 4.5.1.1-2 Methane | D12: Emissions calculation period start date | E12: 45292 | F12: ← DD/MM/YYYY or DD Month YYYY
A13: =HYPERLINK("#'4.5.1.3-4 Direct N2O'!A1", "4.5.1.3-4 Direct N2O") -> 4.5.1.3-4 Direct N2O | D13: Emissions calculation period end date | E13: =DATE(YEAR(E12)+1,MONTH(E12),DAY(E12))-1 -> 45657 | F13: ← Automatically calculated, 12 months after start date
A14: =HYPERLINK("#'4.5.1.5-6 Atmos Dep'!A1", "4.5.1.5-6 Soil atm. deposition") -> 4.5.1.5-6 Soil atm. deposition
A15: =HYPERLINK("#'4.5.1.7-8 Leaching and runoff'!A1", "4.5.1.7-8 Leaching & runoff") -> 4.5.1.7-8 Leaching & runoff
A16: =HYPERLINK("#'4.5.1.9 Manure applied to soils'!A1", "4.5.1.9 Manure applied to soils") -> 4.5.1.9 Manure applied to soils | D16: Location and climate
A18: APPENDICES | D18: Location information is used to reference some region and climate-specific emission factors
A19: =HYPERLINK("#'Constants - Swine'!A1", "Constants - Swine") -> Constants - Swine | D19: Tip: Use the web-based GAF Location Helper tool to easily get region and climate information. You will need an internet connection to use the GAF Location Helper.
A20: =HYPERLINK("#'Constants - Livestock'!A1", "Constants - Livestock") -> Constants - Livestock
A21: =HYPERLINK("#'Constants - Common'!A1", "Constants - Common") -> Constants - Common | D21: State | E21: Western Australia | F21: ← Please select
A22: =HYPERLINK("#'Acknowledgements'!A1", "Acknowledgements") -> Acknowledgements | D22: Region (ABS Statistical area level 4) if state is WA | E22: Western Australia - Outback (South) | F22: ← Please select
D23: Leaching zone | E23: NO - Not in leaching zone | F23: ← Please select
D24: Elevation | E24: 307.7 | F24: Meters
D25: Average temperature for reporting period | E25: 18 | F25: Degrees celsius
D26: Total rainfall for reporting period | E26: 601 | F26: Millimetres
D27: Potential evapotranspiration for reporting period | E27: 1326 | F27: Millimetres
D28: Number of frost days for reporting period | E28: 7 | F28: Days
D29: MAP:PET ratio | E29: =E26/E27 -> 0.45324284
D30: Rainfall zone | E30: =Common_InputFunctions.Utility_LookupItemFromMinMax(E26,Table_SourceData_RainfallZones[Min rainfall],Table_SourceData_RainfallZones[Max rainfall],Table_SourceData_RainfallZones[Rainfall Zone]) -> High rainfall
D31: Climate zone | E31: =Common_InputFunctions.Utility_GetClimateZone(E25,E26,E28,E24,E29,Table_SourceData_ClimateZones[Min temp],Table_SourceData_ClimateZones[Max temp],Table_SourceData_ClimateZones[Min rainfall],Table_SourceData_ClimateZones[Max rainfall],Table_SourceData_ClimateZones[Min frost days],Table_SourceData_ClimateZones[Max frost days],Table_SourceData_ClimateZones[Min elevation],Table_SourceData_ClimateZones[Max elevation],Table_SourceData_ClimateZones[Min MAP:PET],Table_SourceData_ClimateZones[Max MAP:PET],Table_SourceData_ClimateZones[Climate zone]) -> Warm temperate dry
D32: Wet or dry climate zone | E32: =Common_InputFunctions.Utility_LookupValueInTable($E$31,Table_SourceData_WetDryZones[Climate zone],Table_SourceData_WetDryZones[Wet or Dry Zone]) -> Dry climate zone
D33: Temperature zone | E33: =Common_InputFunctions.Utility_LookupItemFromMinMax(E25,Table_SourceData_TemperatureZones[Min MAT],Table_SourceData_TemperatureZones[Max MAT],Table_SourceData_TemperatureZones[Temperature Zone]) -> Temperate

Sheet Input - Swine
A1: #VALUE! | C1: Input -Swine
A3: =HYPERLINK("#'Home'!A1", "Home") -> Home
A4: =HYPERLINK("#'Overview'!A1", "Overview") -> Overview
A5: =HYPERLINK("#'Results'!A1", "Results") -> Results | D5: This tool demostrates inputs for one production system.
D6: Because the type of production system is not relevant in emissions calculations, you can select any kind.
A7: INPUTS
A8: =HYPERLINK("#'Input - Site'!A1", "Site") -> Site
A9: =HYPERLINK("#'Input - Swine'!A1", "Swine") -> Swine | E9: Boars | F9: Sows | G9: Gilts | H9: Others
D10: ="Average duration of stay between " & TEXT('Input - Site'!$E$12, "dd mmm yy") & " and " & TEXT('Input - Site'!$E$13, "dd mmm yy") -> Average duration of stay between 01 Jan 24 and 31 Dec 24 | E10: 365 | F10: 365 | G10: 365 | H10: 365 | I10: Days
A11: CALCULATIONS | D11: ="Average number of head between " & TEXT('Input - Site'!$E$12, "dd mmm yy") & " and " & TEXT('Input - Site'!$E$13, "dd mmm yy") -> Average number of head between 01 Jan 24 and 31 Dec 24 | E11: 100 | F11: 100 | G11: 100 | H11: 100 | I11: Head
A12: =HYPERLINK("#'4.5.1.1-2 Methane'!A1", "4.5.1.1-2 Methane") -> 4.5.1.1-2 Methane
A13: =HYPERLINK("#'4.5.1.3-4 Direct N2O'!A1", "4.5.1.3-4 Direct N2O") -> 4.5.1.3-4 Direct N2O | D13: Manure production
A14: =HYPERLINK("#'4.5.1.5-6 Atmos Dep'!A1", "4.5.1.5-6 Soil atm. deposition") -> 4.5.1.5-6 Soil atm. deposition
A15: =HYPERLINK("#'4.5.1.7-8 Leaching and runoff'!A1", "4.5.1.7-8 Leaching & runoff") -> 4.5.1.7-8 Leaching & runoff | D15: Method 1 default values (Do not edit) | E15: Boars | F15: Sows | G15: Gilts | H15: Others
A16: =HYPERLINK("#'4.5.1.9 Manure applied to soils'!A1", "4.5.1.9 Manure applied to soils") -> 4.5.1.9 Manure applied to soils | D16: Volatile solids produced per head per day | E16: {=Common_InputFunctions.Utility_LookupValueInTableNumber(E15, Table_SourceData_Swine_VolatileSolids[Class], Table_SourceData_Swine_VolatileSolids[VSj])} -> 0.4 | F16: {=Common_InputFunctions.Utility_LookupValueInTableNumber(F15, Table_SourceData_Swine_VolatileSolids[Class], Table_SourceData_Swine_VolatileSolids[VSj])} -> 0.46 | G16: {=Common_InputFunctions.Utility_LookupValueInTableNumber(G15, Table_SourceData_Swine_VolatileSolids[Class], Table_SourceData_Swine_VolatileSolids[VSj])} -> 0.55 | H16: {=Common_InputFunctions.Utility_LookupValueInTableNumber(H15, Table_SourceData_Swine_VolatileSolids[Class], Table_SourceData_Swine_VolatileSolids[VSj])} -> 0.39 | I16: kg/head/day
D17: Nitrogen produced in swine waste per head per day | E17: {=Common_InputFunctions.Utility_LookupValueInTableNumber(E15, Table_SourceData_Swine_NitrogenInWaste[Class name], Table_SourceData_Swine_NitrogenInWaste[NWj Daily])} -> 0.046 | F17: {=Common_InputFunctions.Utility_LookupValueInTableNumber(F15, Table_SourceData_Swine_NitrogenInWaste[Class name], Table_SourceData_Swine_NitrogenInWaste[NWj Daily])} -> 0.049 | G17: {=Common_InputFunctions.Utility_LookupValueInTableNumber(G15, Table_SourceData_Swine_NitrogenInWaste[Class name], Table_SourceData_Swine_NitrogenInWaste[NWj Daily])} -> 0.046 | H17: {=Common_InputFunctions.Utility_LookupValueInTableNumber(H15, Table_SourceData_Swine_NitrogenInWaste[Class name], Table_SourceData_Swine_NitrogenInWaste[NWj Daily])} -> 0.0312 | I17: kg N/head/day
A18: APPENDICES
A19: =HYPERLINK("#'Constants - Swine'!A1", "Constants - Swine") -> Constants - Swine | D19: Method 2 custom values (Edit if known) | E19: Boars | F19: Sows | G19: Gilts | H19: Others
A20: =HYPERLINK("#'Constants - Livestock'!A1", "Constants - Livestock") -> Constants - Livestock | D20: Volatile solids produced per head per day | E20: {=Common_InputFunctions.Utility_LookupValueInTableNumber(E19, Table_SourceData_Swine_VolatileSolids[Class], Table_SourceData_Swine_VolatileSolids[VSj])} -> 0.4 | F20: {=Common_InputFunctions.Utility_LookupValueInTableNumber(F19, Table_SourceData_Swine_VolatileSolids[Class], Table_SourceData_Swine_VolatileSolids[VSj])} -> 0.46 | G20: {=Common_InputFunctions.Utility_LookupValueInTableNumber(G19, Table_SourceData_Swine_VolatileSolids[Class], Table_SourceData_Swine_VolatileSolids[VSj])} -> 0.55 | H20: {=Common_InputFunctions.Utility_LookupValueInTableNumber(H19, Table_SourceData_Swine_VolatileSolids[Class], Table_SourceData_Swine_VolatileSolids[VSj])} -> 0.39 | I20: kg/head/day
A21: =HYPERLINK("#'Constants - Common'!A1", "Constants - Common") -> Constants - Common | D21: Nitrogen produced in swine waste per head per day | E21: {=Common_InputFunctions.Utility_LookupValueInTableNumber(E19, Table_SourceData_Swine_NitrogenInWaste[Class name], Table_SourceData_Swine_NitrogenInWaste[NWj Daily])} -> 0.046 | F21: {=Common_InputFunctions.Utility_LookupValueInTableNumber(F19, Table_SourceData_Swine_NitrogenInWaste[Class name], Table_SourceData_Swine_NitrogenInWaste[NWj Daily])} -> 0.049 | G21: {=Common_InputFunctions.Utility_LookupValueInTableNumber(G19, Table_SourceData_Swine_NitrogenInWaste[Class name], Table_SourceData_Swine_NitrogenInWaste[NWj Daily])} -> 0.046 | H21: {=Common_InputFunctions.Utility_LookupValueInTableNumber(H19, Table_SourceData_Swine_NitrogenInWaste[Class name], Table_SourceData_Swine_NitrogenInWaste[NWj Daily])} -> 0.0312 | I21: kg N/head/day
A22: =HYPERLINK("#'Acknowledgements'!A1", "Acknowledgements") -> Acknowledgements
D24: Manure management systems
D26: Production system | E26: Outdoor/free range | F26: ← Please select
E27: =IF(E26="Outdoor/free range", "In an outdoor/free range system the only likely stage 1 MMS is 'Drylot (feed pad)'", "") -> In an outdoor/free range system the only likely stage 1 MMS is 'Drylot (feed pad)'
D28: Stage 1 MMS | E28: Boars | F28: Sows | G28: Gilts | H28: Others
D29: ='Constants - Swine'!$G$41 -> Anaerobic lagoon | E29: 0.15 | F29: 0.15 | G29: 0.15 | H29: 0.15 | I29: Percent
D30: ='Constants - Swine'!$G$42 -> Drylot (feed pad) | E30: 0.15 | F30: 0.15 | G30: 0.15 | H30: 0.15 | I30: Percent
D31: ='Constants - Swine'!$G$43 -> Digester / covered lagoons | E31: 0.15 | F31: 0.15 | G31: 0.15 | H31: 0.15 | I31: Percent
D32: ='Constants - Swine'!$G$44 -> Deep litter | E32: 0.15 | F32: 0.15 | G32: 0.15 | H32: 0.15 | I32: Percent
D33: ='Constants - Swine'!$G$45 -> Pit storage | E33: 0.15 | F33: 0.15 | G33: 0.15 | H33: 0.15 | I33: Percent
D34: ='Constants - Swine'!$D$42 -> Solid storage | E34: 0.25 | F34: 0.25 | G34: 0.25 | H34: 0.25 | I34: Percent
D35: Total sent to all MMS (Must equal 100%) | E35: =SUM(E29,E30,E31,E32,E33,E34) -> 1 | F35: =SUM(F29,F30,F31,F32,F33,F34) -> 1 | G35: =SUM(G29,G30,G31,G32,G33,G34) -> 1 | H35: =SUM(H29,H30,H31,H32,H33,H34) -> 1
D37: ▼
D38: Solid separation from stage 1 MMS | E38: Were solids separated? (select) | F38: Percent separated (Method 1) | G38: Percent separated (Method 2)
D39: ="Solids separated from " & $D$29 -> Solids separated from Anaerobic lagoon | E39: Yes | F39: 0.2 | G39: 0.2
D40: ="Solids separated from " & $D$30 -> Solids separated from Drylot (feed pad) | E40: Yes | F40: 0.2 | G40: 0.2
D41: ="Solids separated from " & $D$31 -> Solids separated from Digester / covered lagoons | E41: Yes | F41: 0.2 | G41: 0.2
D42: ="Solids separated from " & $D$32 -> Solids separated from Deep litter | E42: Yes | F42: 0.2 | G42: 0.2
D43: ="Solids separated from " & $D$33 -> Solids separated from Pit storage | E43: Yes | F43: 0.2 | G43: 0.2
D45: ▼
A46: =HYPERLINK("#A1", "▲ Back to top") -> ▲ Back to top | D46: Stage 2 MMS | E46: Boars | F46: Sows | G46: Gilts | H46: Others | I46: ► | J46: Destination after stage 2 MMS (Percent)
D47: ="From stage 1: " & $D$29 -> From stage 1: Anaerobic lagoon | E47: =IF(SUM(E29:K29)>0,"Manure was sent to this MMS, please complete this section.","NO manure was sent to this MMS. Leave this section blank.") -> Manure was sent to this MMS, please complete this section. | J47: Sold | K47: Fert for own farm (eg crop) | L47: Direct application to soil
D48: =$D$31 -> Digester / covered lagoons | E48: 0.2 | F48: 0.25 | G48: 0.25 | H48: 0.25 | I48: Percent | J48: 0.25 | K48: 0.25 | L48: =1-SUM(J48:K48) -> 0.5
D49: =$D$32 -> Deep litter | E49: 0.2 | F49: 0.25 | G49: 0.25 | H49: 0.25 | I49: Percent | J49: 0.25 | K49: 0.25 | L49: =1-SUM(J49:K49) -> 0.5
D50: =$D$33 -> Pit storage | E50: 0.2 | F50: 0.25 | G50: 0.25 | H50: 0.25 | I50: Percent | J50: 0.25 | K50: 0.25 | L50: =1-SUM(J50:K50) -> 0.5
D51: ='Constants - Swine'!$D$47 -> Direct application | E51: =1-SUM(E48:E50) -> 0.4 | F51: =1-SUM(F48:F50) -> 0.25 | G51: =1-SUM(G48:G50) -> 0.25 | H51: =1-SUM(H48:H50) -> 0.25 | I51: Percent | J51: 0 | K51: 0 | L51: =1-SUM(J51:K51) -> 1
D54: ="From stage 1: " & $D$30 -> From stage 1: Drylot (feed pad) | E54: =IF(SUM(E30:K30)>0,"Manure was sent to this MMS, please complete this section.","NO manure was sent to this MMS. Leave this section blank.") -> Manure was sent to this MMS, please complete this section. | J54: Sold | K54: Fert for own farm (eg crop) | L54: Direct application to soil
D55: =$D$29 -> Anaerobic lagoon | E55: 0.2 | F55: 0.25 | G55: 0.25 | H55: 0.25 | I55: Percent | J55: 0.25 | K55: 0.25 | L55: =1-SUM(J55:K55) -> 0.5
D56: =$D$31 -> Digester / covered lagoons | E56: 0.2 | F56: 0.25 | G56: 0.25 | H56: 0.25 | I56: Percent | J56: 0.25 | K56: 0.25 | L56: =1-SUM(J56:K56) -> 0.5
D57: =$D$32 -> Deep litter | E57: 0.2 | F57: 0.25 | G57: 0.25 | H57: 0.25 | I57: Percent | J57: 0.25 | K57: 0.25 | L57: =1-SUM(J57:K57) -> 0.5
D58: =$D$33 -> Pit storage | E58: 0.2 | F58: 0.25 | G58: 0.25 | H58: 0.25 | I58: Percent | J58: 0.25 | K58: 0.25 | L58: =1-SUM(J58:K58) -> 0.5
D59: ='Constants - Swine'!$D$47 -> Direct application | E59: =1-SUM(E55:E58) -> 0.2 | F59: =1-SUM(F55:F58) -> 0 | G59: =1-SUM(G55:G58) -> 0 | H59: =1-SUM(H55:H58) -> 0 | J59: 0 | K59: 0 | L59: =1-SUM(J59:K59) -> 1
D62: ="From stage 1: " & $D$31 -> From stage 1: Digester / covered lagoons | E62: =IF(SUM(E31:K31)>0,"Manure was sent to this MMS, please complete this section.","NO manure was sent to this MMS. Leave this section blank.") -> Manure was sent to this MMS, please complete this section. | J62: Sold | K62: Fert for own farm (eg crop) | L62: Direct application to soil
D63: =$D$29 -> Anaerobic lagoon | E63: 0.2 | F63: 0.25 | G63: 0.25 | H63: 0.25 | I63: Percent | J63: 0.25 | K63: 0.25 | L63: =1-SUM(J63:K63) -> 0.5
D64: =$D$32 -> Deep litter | E64: 0.2 | F64: 0.25 | G64: 0.25 | H64: 0.25 | I64: Percent | J64: 0.25 | K64: 0.25 | L64: =1-SUM(J64:K64) -> 0.5
D65: =$D$33 -> Pit storage | E65: 0.2 | F65: 0.25 | G65: 0.25 | H65: 0.25 | I65: Percent | J65: 0.25 | K65: 0.25 | L65: =1-SUM(J65:K65) -> 0.5
D66: ='Constants - Swine'!$D$47 -> Direct application | E66: =1-SUM(E63:E65) -> 0.4 | F66: =1-SUM(F63:F65) -> 0.25 | G66: =1-SUM(G63:G65) -> 0.25 | H66: =1-SUM(H63:H65) -> 0.25 | I66: Percent | J66: 0 | K66: 0 | L66: =1-SUM(J66:K66) -> 1
D69: ="From stage 1: " & $D$32 -> From stage 1: Deep litter | E69: =IF(SUM(E32:K32)>0,"Manure was sent to this MMS, please complete this section.","NO manure was sent to this MMS. Leave this section blank.") -> Manure was sent to this MMS, please complete this section. | J69: Sold | K69: Fert for own farm (eg crop) | L69: Direct application to soil
D70: =$D$29 -> Anaerobic lagoon | E70: 0.2 | F70: 0.25 | G70: 0.25 | H70: 0.25 | I70: Percent | J70: 0.25 | K70: 0.25 | L70: =1-SUM(J70:K70) -> 0.5
D71: =$D$31 -> Digester / covered lagoons | E71: 0.2 | F71: 0.25 | G71: 0.25 | H71: 0.25 | I71: Percent | J71: 0.25 | K71: 0.25 | L71: =1-SUM(J71:K71) -> 0.5
D72: =$D$33 -> Pit storage | E72: 0.2 | F72: 0.25 | G72: 0.25 | H72: 0.25 | I72: Percent | J72: 0.25 | K72: 0.25 | L72: =1-SUM(J72:K72) -> 0.5
D73: ='Constants - Swine'!$D$47 -> Direct application | E73: =1-SUM(E70:E72) -> 0.4 | F73: =1-SUM(F70:F72) -> 0.25 | G73: =1-SUM(G70:G72) -> 0.25 | H73: =1-SUM(H70:H72) -> 0.25 | I73: Percent | J73: 0 | K73: 0 | L73: =1-SUM(J73:K73) -> 1
D76: ="From stage 1: " & $D$33 -> From stage 1: Pit storage | E76: =IF(SUM(E33:K33)>0,"Manure was sent to this MMS, please complete this section.","NO manure was sent to this MMS. Leave this section blank.") -> Manure was sent to this MMS, please complete this section. | J76: Sold | K76: Fert for own farm (eg crop) | L76: Direct application to soil
D77: =$D$29 -> Anaerobic lagoon | E77: 0.2 | F77: 0.25 | G77: 0.25 | H77: 0.25 | I77: Percent | J77: 0.25 | K77: 0.25 | L77: =1-SUM(J77:K77) -> 0.5
D78: =$D$31 -> Digester / covered lagoons | E78: 0.2 | F78: 0.25 | G78: 0.25 | H78: 0.25 | I78: Percent | J78: 0.25 | K78: 0.25 | L78: =1-SUM(J78:K78) -> 0.5
D79: =$D$32 -> Deep litter | E79: 0.2 | F79: 0.25 | G79: 0.25 | H79: 0.25 | I79: Percent | J79: 0.25 | K79: 0.25 | L79: =1-SUM(J79:K79) -> 0.5
D80: ='Constants - Swine'!$D$47 -> Direct application | E80: =1-SUM(E77:E79) -> 0.4 | F80: =1-SUM(F77:F79) -> 0.25 | G80: =1-SUM(G77:G79) -> 0.25 | H80: =1-SUM(H77:H79) -> 0.25 | I80: Percent | J80: 0 | K80: 0 | L80: =1-SUM(J80:K80) -> 1
D83: ="From stage 1: " & $D$34 -> From stage 1: Solid storage | E83: =IF(OR(SUM(E34:H34)>0,COUNTIF(E39:E43,"Yes")>0),"Manure was sent to this MMS, please complete this section.","NO manure was sent to this MMS. Leave this section blank.") -> Manure was sent to this MMS, please complete this section. | J83: Sold | K83: Fert for own farm (eg crop) | L83: Direct application to soil
D84: =$D$29 -> Anaerobic lagoon | E84: 0.2 | F84: 0.2 | G84: 0.2 | H84: 0.2 | I84: Percent | J84: 0.25 | K84: 0.25 | L84: =1-SUM(J84:K84) -> 0.5
D85: =$D$31 -> Digester / covered lagoons | E85: 0.2 | F85: 0.2 | G85: 0.2 | H85: 0.2 | I85: Percent | J85: 0.25 | K85: 0.25 | L85: =1-SUM(J85:K85) -> 0.5
D86: =$D$32 -> Deep litter | E86: 0.2 | F86: 0.2 | G86: 0.2 | H86: 0.2 | I86: Percent | J86: 0.25 | K86: 0.25 | L86: =1-SUM(J86:K86) -> 0.5
D87: =$D$33 -> Pit storage | E87: 0.1 | F87: 0.1 | G87: 0.1 | H87: 0.1 | I87: Percent | J87: 0.25 | K87: 0.25 | L87: =1-SUM(J87:K87) -> 0.5
D88: ='Constants - Swine'!$D$47 -> Direct application | E88: =1-SUM(E84:E87) -> 0.3 | F88: =1-SUM(F84:F87) -> 0.3 | G88: =1-SUM(G84:G87) -> 0.3 | H88: =1-SUM(H84:H87) -> 0.3 | I88: Percent | J88: 0 | K88: 0 | L88: =1-SUM(J88:K88) -> 1
D91: Where manure was deposited on farm soils, what is the closest match? | E91: Crop | F91: ← Please select
A92: =HYPERLINK("#A1", "▲ Back to top") -> ▲ Back to top | D92: Irrigation method | E92: Sprinkler irrigation | F92: ← Please select

Sheet 4.5.1.1-2 Methane
A1: #VALUE! | C1: 4.5.1.1-2 Manure Methane
A3: =HYPERLINK("#'Home'!A1", "Home") -> Home | D3: Method 1 | N3: Method 2
A4: =HYPERLINK("#'Overview'!A1", "Overview") -> Overview
A5: =HYPERLINK("#'Results'!A1", "Results") -> Results | D5: {=MMS_Swine_Methane_Equations.VEERG_4_5_1_1__4_FractionVolatileSolidsPrimarySystem_Title()} -> Fraction of volatile solids in each primary system other than solid storage
D6: {=MMS_Swine_Methane_Equations.VEERG_4_5_1_1__4_FractionVolatileSolidsPrimarySystem_Source()} -> VEERG 2026: 4.5.1.1, Equation (4)
A7: INPUTS | D7: Function name | E7: {=Common_InputFunctions.Utility_DisplayFunctionName($E$37)} -> =MMS_Swine_Methane_Equations.VEERG_4_5_1_1__4_FractionVolatileSolidsPrimarySystem
A8: =HYPERLINK("#'Input - Site'!A1", "Site") -> Site
A9: =HYPERLINK("#'Input - Swine'!A1", "Swine") -> Swine
D10: Variable | E10: {=MMS_Swine_Methane_Equations.VEERG_4_5_1_1__4_FractionVolatileSolidsPrimarySystem_Variable()} -> FVSjmT1
A11: CALCULATIONS | D11: Unit | E11: {=MMS_Swine_Methane_Equations.VEERG_4_5_1_1__4_FractionVolatileSolidsPrimarySystem_Unit()} -> fraction
A12: =HYPERLINK("#'4.5.1.1-2 Methane'!A1", "4.5.1.1-2 Methane") -> 4.5.1.1-2 Methane
A13: =HYPERLINK("#'4.5.1.3-4 Direct N2O'!A1", "4.5.1.3-4 Direct N2O") -> 4.5.1.3-4 Direct N2O | D13: {=Common_InputFunctions.Utility_DisplayArguments_1_2(MMS_Swine_Methane_Equations.VEERG_4_5_1_1__4_FractionVolatileSolidsPrimarySystem_Arguments())} -> MMSjmT1 | E13: fraction of manure to each primary MMS for each class prior to solid separation | G13: {=Common_InputFunctions.Utility_DisplayArguments_3_4(MMS_Swine_Methane_Equations.VEERG_4_5_1_1__4_FractionVolatileSolidsPrimarySystem_Arguments())} -> fraction | H13: Input | I13: {=HYPERLINK(Common_InputFunctions.Utility_SourceHyperlink($D$16), $D$16)} -> Table_MMS_j_m_T-1
A14: =HYPERLINK("#'4.5.1.5-6 Atmos Dep'!A1", "4.5.1.5-6 Soil atm. deposition") -> 4.5.1.5-6 Soil atm. deposition | D14: SSm | E14: fraction of volatile solids separated to solid storage for each MMS | G14: fraction | H14: Input | I14: {=HYPERLINK(Common_InputFunctions.Utility_SourceHyperlink($D$25), $D$25)} -> M1_Table_SS_m
A15: =HYPERLINK("#'4.5.1.7-8 Leaching and runoff'!A1", "4.5.1.7-8 Leaching & runoff") -> 4.5.1.7-8 Leaching & runoff
A16: =HYPERLINK("#'4.5.1.9 Manure applied to soils'!A1", "4.5.1.9 Manure applied to soils") -> 4.5.1.9 Manure applied to soils | D16: Table_MMS_j_m_T-1
D17: Fraction VS sent to MMS other than solid storage in stage 1
A18: APPENDICES | D18: Stage 1 management | E18: Boars | F18: Sows | G18: Gilts | H18: Others
A19: =HYPERLINK("#'Constants - Swine'!A1", "Constants - Swine") -> Constants - Swine | D19: ='Input - Swine'!$D$29 -> Anaerobic lagoon | E19: ='Input - Swine'!E29 -> 0.15 | F19: ='Input - Swine'!F29 -> 0.15 | G19: ='Input - Swine'!G29 -> 0.15 | H19: ='Input - Swine'!H29 -> 0.15 | I19: =G13 -> fraction
A20: =HYPERLINK("#'Constants - Livestock'!A1", "Constants - Livestock") -> Constants - Livestock | D20: ='Input - Swine'!$D$30 -> Drylot (feed pad) | E20: ='Input - Swine'!E30 -> 0.15 | F20: ='Input - Swine'!F30 -> 0.15 | G20: ='Input - Swine'!G30 -> 0.15 | H20: ='Input - Swine'!H30 -> 0.15
A21: =HYPERLINK("#'Constants - Common'!A1", "Constants - Common") -> Constants - Common | D21: ='Input - Swine'!$D$31 -> Digester / covered lagoons | E21: ='Input - Swine'!E31 -> 0.15 | F21: ='Input - Swine'!F31 -> 0.15 | G21: ='Input - Swine'!G31 -> 0.15 | H21: ='Input - Swine'!H31 -> 0.15
A22: =HYPERLINK("#'Acknowledgements'!A1", "Acknowledgements") -> Acknowledgements | D22: ='Input - Swine'!$D$32 -> Deep litter | E22: ='Input - Swine'!E32 -> 0.15 | F22: ='Input - Swine'!F32 -> 0.15 | G22: ='Input - Swine'!G32 -> 0.15 | H22: ='Input - Swine'!H32 -> 0.15
D23: ='Input - Swine'!$D$33 -> Pit storage | E23: ='Input - Swine'!E33 -> 0.15 | F23: ='Input - Swine'!F33 -> 0.15 | G23: ='Input - Swine'!G33 -> 0.15 | H23: ='Input - Swine'!H33 -> 0.15
D25: M1_Table_SS_m | N25: M2_Table_SS_m-1-7-9
D26: Fraction separated solids sent from MMS other than solid storage to solid storage in stage 1 (Method 1) | N26: Fraction separated solids sent from MMS other than solid storage to solid storage in stage 1 (Method 2)
D27: Stage 1 management | E27: Boars | F27: Sows | G27: Gilts | H27: Others | N27: Stage 1 management | O27: Boars | P27: Sows | Q27: Gilts | R27: Others
D28: ='Input - Swine'!$D$29 -> Anaerobic lagoon | E28: ='Input - Swine'!$F$39 -> 0.2 | F28: ='Input - Swine'!$F$39 -> 0.2 | G28: ='Input - Swine'!$F$39 -> 0.2 | H28: ='Input - Swine'!$F$39 -> 0.2 | I28: =G14 -> fraction | N28: ='Input - Swine'!$D$29 -> Anaerobic lagoon | O28: ='Input - Swine'!$G$39 -> 0.2 | P28: ='Input - Swine'!$G$39 -> 0.2 | Q28: ='Input - Swine'!$G$39 -> 0.2 | R28: ='Input - Swine'!$G$39 -> 0.2 | S28: =G14 -> fraction
D29: ='Input - Swine'!$D$30 -> Drylot (feed pad) | E29: ='Input - Swine'!$F$40 -> 0.2 | F29: ='Input - Swine'!$F$40 -> 0.2 | G29: ='Input - Swine'!$F$40 -> 0.2 | H29: ='Input - Swine'!$F$40 -> 0.2 | N29: ='Input - Swine'!$D$30 -> Drylot (feed pad) | O29: ='Input - Swine'!$G$40 -> 0.2 | P29: ='Input - Swine'!$G$40 -> 0.2 | Q29: ='Input - Swine'!$G$40 -> 0.2 | R29: ='Input - Swine'!$G$40 -> 0.2
D30: ='Input - Swine'!$D$31 -> Digester / covered lagoons | E30: ='Input - Swine'!$F$41 -> 0.2 | F30: ='Input - Swine'!$F$41 -> 0.2 | G30: ='Input - Swine'!$F$41 -> 0.2 | H30: ='Input - Swine'!$F$41 -> 0.2 | N30: ='Input - Swine'!$D$31 -> Digester / covered lagoons | O30: ='Input - Swine'!$G$41 -> 0.2 | P30: ='Input - Swine'!$G$41 -> 0.2 | Q30: ='Input - Swine'!$G$41 -> 0.2 | R30: ='Input - Swine'!$G$41 -> 0.2
D31: ='Input - Swine'!$D$32 -> Deep litter | E31: ='Input - Swine'!$F$42 -> 0.2 | F31: ='Input - Swine'!$F$42 -> 0.2 | G31: ='Input - Swine'!$F$42 -> 0.2 | H31: ='Input - Swine'!$F$42 -> 0.2 | N31: ='Input - Swine'!$D$32 -> Deep litter | O31: ='Input - Swine'!$G$42 -> 0.2 | P31: ='Input - Swine'!$G$42 -> 0.2 | Q31: ='Input - Swine'!$G$42 -> 0.2 | R31: ='Input - Swine'!$G$42 -> 0.2
D32: ='Input - Swine'!$D$33 -> Pit storage | E32: ='Input - Swine'!$F$43 -> 0.2 | F32: ='Input - Swine'!$F$43 -> 0.2 | G32: ='Input - Swine'!$F$43 -> 0.2 | H32: ='Input - Swine'!$F$43 -> 0.2 | N32: ='Input - Swine'!$D$33 -> Pit storage | O32: ='Input - Swine'!$G$43 -> 0.2 | P32: ='Input - Swine'!$G$43 -> 0.2 | Q32: ='Input - Swine'!$G$43 -> 0.2 | R32: ='Input - Swine'!$G$43 -> 0.2
D34: M1_Table_FVS_j_m_T-1 | N34: M2_Table_FVS_j_m_T-1
D35: Fraction VS in MMS other than solid storage in stage 1 (Method 1) | N35: Fraction VS in MMS other than solid storage in stage 1 (Method 2)
D36: Stage 1 management | E36: Boars | F36: Sows | G36: Gilts | H36: Others | N36: Stage 1 management | O36: Boars | P36: Sows | Q36: Gilts | R36: Others
D37: ='Input - Swine'!$D$29 -> Anaerobic lagoon | E37: {=MMS_Swine_Methane_Equations.VEERG_4_5_1_1__4_FractionVolatileSolidsPrimarySystem(E19,E28)} -> 0.12 | F37: {=MMS_Swine_Methane_Equations.VEERG_4_5_1_1__4_FractionVolatileSolidsPrimarySystem(F19,F28)} -> 0.12 | G37: {=MMS_Swine_Methane_Equations.VEERG_4_5_1_1__4_FractionVolatileSolidsPrimarySystem(G19,G28)} -> 0.12 | H37: {=MMS_Swine_Methane_Equations.VEERG_4_5_1_1__4_FractionVolatileSolidsPrimarySystem(H19,H28)} -> 0.12 | I37: =$E$11 -> fraction | N37: ='Input - Swine'!$D$29 -> Anaerobic lagoon | O37: {=MMS_Swine_Methane_Equations.VEERG_4_5_1_1__4_FractionVolatileSolidsPrimarySystem(E19,O28)} -> 0.12 | P37: {=MMS_Swine_Methane_Equations.VEERG_4_5_1_1__4_FractionVolatileSolidsPrimarySystem(F19,P28)} -> 0.12 | Q37: {=MMS_Swine_Methane_Equations.VEERG_4_5_1_1__4_FractionVolatileSolidsPrimarySystem(G19,Q28)} -> 0.12 | R37: {=MMS_Swine_Methane_Equations.VEERG_4_5_1_1__4_FractionVolatileSolidsPrimarySystem(H19,R28)} -> 0.12 | S37: =$E$11 -> fraction
D38: ='Input - Swine'!$D$30 -> Drylot (feed pad) | E38: {=MMS_Swine_Methane_Equations.VEERG_4_5_1_1__4_FractionVolatileSolidsPrimarySystem(E20,E29)} -> 0.12 | F38: {=MMS_Swine_Methane_Equations.VEERG_4_5_1_1__4_FractionVolatileSolidsPrimarySystem(F20,F29)} -> 0.12 | G38: {=MMS_Swine_Methane_Equations.VEERG_4_5_1_1__4_FractionVolatileSolidsPrimarySystem(G20,G29)} -> 0.12 | H38: {=MMS_Swine_Methane_Equations.VEERG_4_5_1_1__4_FractionVolatileSolidsPrimarySystem(H20,H29)} -> 0.12 | N38: ='Input - Swine'!$D$30 -> Drylot (feed pad) | O38: {=MMS_Swine_Methane_Equations.VEERG_4_5_1_1__4_FractionVolatileSolidsPrimarySystem(E20,O29)} -> 0.12 | P38: {=MMS_Swine_Methane_Equations.VEERG_4_5_1_1__4_FractionVolatileSolidsPrimarySystem(F20,P29)} -> 0.12 | Q38: {=MMS_Swine_Methane_Equations.VEERG_4_5_1_1__4_FractionVolatileSolidsPrimarySystem(G20,Q29)} -> 0.12 | R38: {=MMS_Swine_Methane_Equations.VEERG_4_5_1_1__4_FractionVolatileSolidsPrimarySystem(H20,R29)} -> 0.12
D39: ='Input - Swine'!$D$31 -> Digester / covered lagoons | E39: {=MMS_Swine_Methane_Equations.VEERG_4_5_1_1__4_FractionVolatileSolidsPrimarySystem(E21,E30)} -> 0.12 | F39: {=MMS_Swine_Methane_Equations.VEERG_4_5_1_1__4_FractionVolatileSolidsPrimarySystem(F21,F30)} -> 0.12 | G39: {=MMS_Swine_Methane_Equations.VEERG_4_5_1_1__4_FractionVolatileSolidsPrimarySystem(G21,G30)} -> 0.12 | H39: {=MMS_Swine_Methane_Equations.VEERG_4_5_1_1__4_FractionVolatileSolidsPrimarySystem(H21,H30)} -> 0.12 | N39: ='Input - Swine'!$D$31 -> Digester / covered lagoons | O39: {=MMS_Swine_Methane_Equations.VEERG_4_5_1_1__4_FractionVolatileSolidsPrimarySystem(E21,O30)} -> 0.12 | P39: {=MMS_Swine_Methane_Equations.VEERG_4_5_1_1__4_FractionVolatileSolidsPrimarySystem(F21,P30)} -> 0.12 | Q39: {=MMS_Swine_Methane_Equations.VEERG_4_5_1_1__4_FractionVolatileSolidsPrimarySystem(G21,Q30)} -> 0.12 | R39: {=MMS_Swine_Methane_Equations.VEERG_4_5_1_1__4_FractionVolatileSolidsPrimarySystem(H21,R30)} -> 0.12
D40: ='Input - Swine'!$D$32 -> Deep litter | E40: {=MMS_Swine_Methane_Equations.VEERG_4_5_1_1__4_FractionVolatileSolidsPrimarySystem(E22,E31)} -> 0.12 | F40: {=MMS_Swine_Methane_Equations.VEERG_4_5_1_1__4_FractionVolatileSolidsPrimarySystem(F22,F31)} -> 0.12 | G40: {=MMS_Swine_Methane_Equations.VEERG_4_5_1_1__4_FractionVolatileSolidsPrimarySystem(G22,G31)} -> 0.12 | H40: {=MMS_Swine_Methane_Equations.VEERG_4_5_1_1__4_FractionVolatileSolidsPrimarySystem(H22,H31)} -> 0.12 | N40: ='Input - Swine'!$D$32 -> Deep litter | O40: {=MMS_Swine_Methane_Equations.VEERG_4_5_1_1__4_FractionVolatileSolidsPrimarySystem(E22,O31)} -> 0.12 | P40: {=MMS_Swine_Methane_Equations.VEERG_4_5_1_1__4_FractionVolatileSolidsPrimarySystem(F22,P31)} -> 0.12 | Q40: {=MMS_Swine_Methane_Equations.VEERG_4_5_1_1__4_FractionVolatileSolidsPrimarySystem(G22,Q31)} -> 0.12 | R40: {=MMS_Swine_Methane_Equations.VEERG_4_5_1_1__4_FractionVolatileSolidsPrimarySystem(H22,R31)} -> 0.12
D41: ='Input - Swine'!$D$33 -> Pit storage | E41: {=MMS_Swine_Methane_Equations.VEERG_4_5_1_1__4_FractionVolatileSolidsPrimarySystem(E23,E32)} -> 0.12 | F41: {=MMS_Swine_Methane_Equations.VEERG_4_5_1_1__4_FractionVolatileSolidsPrimarySystem(F23,F32)} -> 0.12 | G41: {=MMS_Swine_Methane_Equations.VEERG_4_5_1_1__4_FractionVolatileSolidsPrimarySystem(G23,G32)} -> 0.12 | H41: {=MMS_Swine_Methane_Equations.VEERG_4_5_1_1__4_FractionVolatileSolidsPrimarySystem(H23,H32)} -> 0.12 | N41: ='Input - Swine'!$D$33 -> Pit storage | O41: {=MMS_Swine_Methane_Equations.VEERG_4_5_1_1__4_FractionVolatileSolidsPrimarySystem(E23,O32)} -> 0.12 | P41: {=MMS_Swine_Methane_Equations.VEERG_4_5_1_1__4_FractionVolatileSolidsPrimarySystem(F23,P32)} -> 0.12 | Q41: {=MMS_Swine_Methane_Equations.VEERG_4_5_1_1__4_FractionVolatileSolidsPrimarySystem(G23,Q32)} -> 0.12 | R41: {=MMS_Swine_Methane_Equations.VEERG_4_5_1_1__4_FractionVolatileSolidsPrimarySystem(H23,R32)} -> 0.12
D45: {=MMS_Swine_Methane_Equations.VEERG_4_5_1_1__5_FractionVolatileSolidsSolidStorage_Title()} -> Fraction of volatile solids in solid storage
D46: {=MMS_Swine_Methane_Equations.VEERG_4_5_1_1__5_FractionVolatileSolidsSolidStorage_Source()} -> VEERG 2026: 4.5.1.1, Equation (5)
D47: Function name | E47: {=Common_InputFunctions.Utility_DisplayFunctionName($E$68)} -> =MMS_Swine_Methane_Equations.VEERG_4_5_1_1__5_FractionVolatileSolidsSolidStorageVariation
D48: {=MMS_Swine_Methane_Equations.VEERG_4_5_1_1__5_FractionVolatileSolidsSolidStorage_Variation()} -> VARIATION ON SOURCE: Split equation for MMSm=1,7,9 into separate items to allow for calculation
D53: Variable | E53: {=MMS_Swine_Methane_Equations.VEERG_4_5_1_1__5_FractionVolatileSolidsSolidStorage_Variable()} -> FVSjm4T1
D54: Unit | E54: {=MMS_Swine_Methane_Equations.VEERG_4_5_1_1__5_FractionVolatileSolidsSolidStorage_Unit()} -> fraction
D56: {=Common_InputFunctions.Utility_DisplayArguments_1_2(MMS_Swine_Methane_Equations.VEERG_4_5_1_1__5_FractionVolatileSolidsSolidStorage_Arguments())} -> MMSjm4T1 | E56: fraction of manure in solid storage primary system | G56: {=Common_InputFunctions.Utility_DisplayArguments_3_4(MMS_Swine_Methane_Equations.VEERG_4_5_1_1__5_FractionVolatileSolidsSolidStorage_Arguments())} -> fraction | H56: Input | I56: {=HYPERLINK(Common_InputFunctions.Utility_SourceHyperlink($D$60), $D$60)} -> Table_MMS_j_m-4_T-1
D57: MMSjm179T1 | E57: fraction of manure in MMS 1, 7, and 9 in treatment stage 1 | G57: fraction | H57: Input | I57: {=HYPERLINK(Common_InputFunctions.Utility_SourceHyperlink($D$16), $D$16)} -> Table_MMS_j_m_T-1
D58: SSm | E58: fraction of volatile solids separated to solid storage for each MMS | G58: fraction | H58: Input | I58: {=HYPERLINK(Common_InputFunctions.Utility_SourceHyperlink($D$25), $D$25)} -> M1_Table_SS_m
D60: Table_MMS_j_m-4_T-1
D61: Fraction primary system solid storage
D62: Stage 1 management | E62: Boars | F62: Sows | G62: Gilts | H62: Others
D63: ='Input - Swine'!$D$34 -> Solid storage | E63: ='Input - Swine'!E34 -> 0.25 | F63: ='Input - Swine'!F34 -> 0.25 | G63: ='Input - Swine'!G34 -> 0.25 | H63: ='Input - Swine'!H34 -> 0.25 | I63: =$G$56 -> fraction
D65: M1_Table_FVS_j_m-4_T-1 | N65: M2_Table_FVS_j_m-4_T-1
D66: Fraction VS in stage 1 solid storage (Method 1) | N66: Fraction VS in stage 1 solid storage (Method 2)
D67: Stage 1 management | E67: Boars | F67: Sows | G67: Gilts | H67: Others | N67: Stage 1 management | O67: Boars | P67: Sows | Q67: Gilts | R67: Others
D68: ='Input - Swine'!$D$34 -> Solid storage | E68: {=MMS_Swine_Methane_Equations.VEERG_4_5_1_1__5_FractionVolatileSolidsSolidStorageVariation(E63,E19,E20,E21,E22,E23,E28,E29,E30,E31,E32)} -> 0.4 | F68: {=MMS_Swine_Methane_Equations.VEERG_4_5_1_1__5_FractionVolatileSolidsSolidStorageVariation(F63,F19,F20,F21,F22,F23,F28,F29,F30,F31,F32)} -> 0.4 | G68: {=MMS_Swine_Methane_Equations.VEERG_4_5_1_1__5_FractionVolatileSolidsSolidStorageVariation(G63,G19,G20,G21,G22,G23,G28,G29,G30,G31,G32)} -> 0.4 | H68: {=MMS_Swine_Methane_Equations.VEERG_4_5_1_1__5_FractionVolatileSolidsSolidStorageVariation(H63,H19,H20,H21,H22,H23,H28,H29,H30,H31,H32)} -> 0.4 | I68: =$E$54 -> fraction | N68: ='Input - Swine'!$D$34 -> Solid storage | O68: {=MMS_Swine_Methane_Equations.VEERG_4_5_1_1__5_FractionVolatileSolidsSolidStorageVariation(E63,E19,E20,E21,E22,E23,O28,O29,O30,O31,O32)} -> 0.4 | P68: {=MMS_Swine_Methane_Equations.VEERG_4_5_1_1__5_FractionVolatileSolidsSolidStorageVariation(F63,F19,F20,F21,F22,F23,P28,P29,P30,P31,P32)} -> 0.4 | Q68: {=MMS_Swine_Methane_Equations.VEERG_4_5_1_1__5_FractionVolatileSolidsSolidStorageVariation(G63,G19,G20,G21,G22,G23,Q28,Q29,Q30,Q31,Q32)} -> 0.4 | R68: {=MMS_Swine_Methane_Equations.VEERG_4_5_1_1__5_FractionVolatileSolidsSolidStorageVariation(H63,H19,H20,H21,H22,H23,R28,R29,R30,R31,R32)} -> 0.4 | S68: =$E$54 -> fraction
A70: =HYPERLINK("#A1", "▲ Back to top") -> ▲ Back to top
D72: {=MMS_Swine_Methane_Equations.VEERG_4_5_1_1__7_VolatileSolidsTransferredStage2_Title()} -> Volatile solids transferred to treatment stage 2 MMS
D73: {=MMS_Swine_Methane_Equations.VEERG_4_5_1_1__7_VolatileSolidsTransferredStage2_Source()} -> VEERG 2026: 4.5.1.1, Equation (7)
D74: Function name | E74: {=Common_InputFunctions.Utility_DisplayFunctionName(E103)} -> =MMS_Swine_Methane_Equations.VEERG_4_5_1_1__7_VolatileSolidsTransferredStage2
D78: Variable | E78: {=MMS_Swine_Methane_Equations.VEERG_4_5_1_1__7_VolatileSolidsTransferredStage2_Variable()} -> VSTijmT2
D79: Unit | E79: {=MMS_Swine_Methane_Equations.VEERG_4_5_1_1__7_VolatileSolidsTransferredStage2_Unit()} -> kg VS
D81: {=Common_InputFunctions.Utility_DisplayArguments_1_2(MMS_Swine_Methane_Equations.VEERG_4_5_1_1__7_VolatileSolidsTransferredStage2_Arguments())} -> VSj | E81: volatile solid production from swine in each class | G81: {=Common_InputFunctions.Utility_DisplayArguments_3_4(MMS_Swine_Methane_Equations.VEERG_4_5_1_1__7_VolatileSolidsTransferredStage2_Arguments())} -> kg/head/day | H81: Input | I81: {=HYPERLINK(Common_InputFunctions.Utility_SourceHyperlink(D85), D85)} -> M1_Table_VS_j
D82: FVSjmT1 | E82: fraction of volatile solids in each primary system | G82: fraction | H82: Calculated from 4.5.1.1 (4)(5) | I82: {=HYPERLINK(Common_InputFunctions.Utility_SourceHyperlink($D$34), $D$34)} -> M1_Table_FVS_j_m_T-1 | J82: {=HYPERLINK(Common_InputFunctions.Utility_SourceHyperlink($D$65), $D$65)} -> M1_Table_FVS_j_m-4_T-1
D83: VSLmT1 | E83: fraction of volatile solids lost during storage in the primary system | G83: fraction | H83: Lookup | I83: {=HYPERLINK(Common_InputFunctions.Utility_SourceHyperlink($D$90), $D$90)} -> Table_VSL_m_T-1
D85: M1_Table_VS_j | N85: M2_Table_VS_j
D86: Daily volatile solid production (Method 1) | N86: Daily volatile solid production (Method 2)
D87: Boars | E87: Sows | F87: Gilts | G87: Others | N87: Boars | O87: Sows | P87: Gilts | Q87: Others
D88: ='Input - Swine'!E16 -> 0.4 | E88: ='Input - Swine'!F16 -> 0.46 | F88: ='Input - Swine'!G16 -> 0.55 | G88: ='Input - Swine'!H16 -> 0.39 | H88: =$G$81 -> kg/head/day | N88: ='Input - Swine'!E20 -> 0.4 | O88: ='Input - Swine'!F20 -> 0.46 | P88: ='Input - Swine'!G20 -> 0.55 | Q88: ='Input - Swine'!H20 -> 0.39 | R88: =$G$81 -> kg/head/day
D90: Table_VSL_m_T-1
D91: Fraction volatile solids lost during storage in primary system
D92: Stage 1 management | E92: VSLm,T=1
D93: ='Input - Swine'!$D$29 -> Anaerobic lagoon | E93: {=Common_InputFunctions.Utility_LookupValueInTableNumber(D93,Table_SourceData_SwineVSL[MMS],Table_SourceData_SwineVSL[VSL])} -> 0 | F93: =G83 -> fraction
D94: ='Input - Swine'!$D$30 -> Drylot (feed pad) | E94: {=Common_InputFunctions.Utility_LookupValueInTableNumber(D94,Table_SourceData_SwineVSL[MMS],Table_SourceData_SwineVSL[VSL])} -> 0
D95: ='Input - Swine'!$D$31 -> Digester / covered lagoons | E95: {=Common_InputFunctions.Utility_LookupValueInTableNumber(D95,Table_SourceData_SwineVSL[MMS],Table_SourceData_SwineVSL[VSL])} -> 0.75
D96: ='Input - Swine'!$D$32 -> Deep litter | E96: {=Common_InputFunctions.Utility_LookupValueInTableNumber(D96,Table_SourceData_SwineVSL[MMS],Table_SourceData_SwineVSL[VSL])} -> 0.05 | G96: create source data in sourcedata file
D97: ='Input - Swine'!$D$33 -> Pit storage | E97: {=Common_InputFunctions.Utility_LookupValueInTableNumber(D97,Table_SourceData_SwineVSL[MMS],Table_SourceData_SwineVSL[VSL])} -> 0
D98: ='Input - Swine'!$D$34 -> Solid storage | E98: {=Common_InputFunctions.Utility_LookupValueInTableNumber(D98,Table_SourceData_SwineVSL[MMS],Table_SourceData_SwineVSL[VSL])} -> 0
D100: M1 Table_VST_j_m_T-2 | N100: M2 Table_VST_j_m_T-2
D101: Volatile solids transferred from stage 1 to stage 2 (Method 1) | N101: Volatile solids transferred from stage 1 to stage 2 (Method 2)
D102: Stage 1 management | E102: Boars | F102: Sows | G102: Gilts | H102: Others | N102: Stage 1 management | O102: Boars | P102: Sows | Q102: Gilts | R102: Others
D103: ='Input - Swine'!$D$29 -> Anaerobic lagoon | E103: {=MMS_Swine_Methane_Equations.VEERG_4_5_1_1__7_VolatileSolidsTransferredStage2(D$88,E37,$E93)} -> 0.048 | F103: {=MMS_Swine_Methane_Equations.VEERG_4_5_1_1__7_VolatileSolidsTransferredStage2(E$88,F37,$E93)} -> 0.0552 | G103: {=MMS_Swine_Methane_Equations.VEERG_4_5_1_1__7_VolatileSolidsTransferredStage2(F$88,G37,$E93)} -> 0.066 | H103: {=MMS_Swine_Methane_Equations.VEERG_4_5_1_1__7_VolatileSolidsTransferredStage2(G$88,H37,$E93)} -> 0.0468 | I103: =$E$79 -> kg VS | N103: ='Input - Swine'!$D$29 -> Anaerobic lagoon | O103: {=MMS_Swine_Methane_Equations.VEERG_4_5_1_1__7_VolatileSolidsTransferredStage2(N$88,O37,$E93)} -> 0.048 | P103: {=MMS_Swine_Methane_Equations.VEERG_4_5_1_1__7_VolatileSolidsTransferredStage2(O$88,P37,$E93)} -> 0.0552 | Q103: {=MMS_Swine_Methane_Equations.VEERG_4_5_1_1__7_VolatileSolidsTransferredStage2(P$88,Q37,$E93)} -> 0.066 | R103: {=MMS_Swine_Methane_Equations.VEERG_4_5_1_1__7_VolatileSolidsTransferredStage2(Q$88,R37,$E93)} -> 0.0468 | S103: =$E$79 -> kg VS
D104: ='Input - Swine'!$D$30 -> Drylot (feed pad) | E104: {=MMS_Swine_Methane_Equations.VEERG_4_5_1_1__7_VolatileSolidsTransferredStage2(D$88,E38,$E94)} -> 0.048 | F104: {=MMS_Swine_Methane_Equations.VEERG_4_5_1_1__7_VolatileSolidsTransferredStage2(E$88,F38,$E94)} -> 0.0552 | G104: {=MMS_Swine_Methane_Equations.VEERG_4_5_1_1__7_VolatileSolidsTransferredStage2(F$88,G38,$E94)} -> 0.066 | H104: {=MMS_Swine_Methane_Equations.VEERG_4_5_1_1__7_VolatileSolidsTransferredStage2(G$88,H38,$E94)} -> 0.0468 | N104: ='Input - Swine'!$D$30 -> Drylot (feed pad) | O104: {=MMS_Swine_Methane_Equations.VEERG_4_5_1_1__7_VolatileSolidsTransferredStage2(N$88,O38,$E94)} -> 0.048 | P104: {=MMS_Swine_Methane_Equations.VEERG_4_5_1_1__7_VolatileSolidsTransferredStage2(O$88,P38,$E94)} -> 0.0552 | Q104: {=MMS_Swine_Methane_Equations.VEERG_4_5_1_1__7_VolatileSolidsTransferredStage2(P$88,Q38,$E94)} -> 0.066 | R104: {=MMS_Swine_Methane_Equations.VEERG_4_5_1_1__7_VolatileSolidsTransferredStage2(Q$88,R38,$E94)} -> 0.0468
D105: ='Input - Swine'!$D$31 -> Digester / covered lagoons | E105: {=MMS_Swine_Methane_Equations.VEERG_4_5_1_1__7_VolatileSolidsTransferredStage2(D$88,E39,$E95)} -> 0.012 | F105: {=MMS_Swine_Methane_Equations.VEERG_4_5_1_1__7_VolatileSolidsTransferredStage2(E$88,F39,$E95)} -> 0.0138 | G105: {=MMS_Swine_Methane_Equations.VEERG_4_5_1_1__7_VolatileSolidsTransferredStage2(F$88,G39,$E95)} -> 0.0165 | H105: {=MMS_Swine_Methane_Equations.VEERG_4_5_1_1__7_VolatileSolidsTransferredStage2(G$88,H39,$E95)} -> 0.0117 | N105: ='Input - Swine'!$D$31 -> Digester / covered lagoons | O105: {=MMS_Swine_Methane_Equations.VEERG_4_5_1_1__7_VolatileSolidsTransferredStage2(N$88,O39,$E95)} -> 0.012 | P105: {=MMS_Swine_Methane_Equations.VEERG_4_5_1_1__7_VolatileSolidsTransferredStage2(O$88,P39,$E95)} -> 0.0138 | Q105: {=MMS_Swine_Methane_Equations.VEERG_4_5_1_1__7_VolatileSolidsTransferredStage2(P$88,Q39,$E95)} -> 0.0165 | R105: {=MMS_Swine_Methane_Equations.VEERG_4_5_1_1__7_VolatileSolidsTransferredStage2(Q$88,R39,$E95)} -> 0.0117
D106: ='Input - Swine'!$D$32 -> Deep litter | E106: {=MMS_Swine_Methane_Equations.VEERG_4_5_1_1__7_VolatileSolidsTransferredStage2(D$88,E40,$E96)} -> 0.0456 | F106: {=MMS_Swine_Methane_Equations.VEERG_4_5_1_1__7_VolatileSolidsTransferredStage2(E$88,F40,$E96)} -> 0.05244 | G106: {=MMS_Swine_Methane_Equations.VEERG_4_5_1_1__7_VolatileSolidsTransferredStage2(F$88,G40,$E96)} -> 0.0627 | H106: {=MMS_Swine_Methane_Equations.VEERG_4_5_1_1__7_VolatileSolidsTransferredStage2(G$88,H40,$E96)} -> 0.04446 | N106: ='Input - Swine'!$D$32 -> Deep litter | O106: {=MMS_Swine_Methane_Equations.VEERG_4_5_1_1__7_VolatileSolidsTransferredStage2(N$88,O40,$E96)} -> 0.0456 | P106: {=MMS_Swine_Methane_Equations.VEERG_4_5_1_1__7_VolatileSolidsTransferredStage2(O$88,P40,$E96)} -> 0.05244 | Q106: {=MMS_Swine_Methane_Equations.VEERG_4_5_1_1__7_VolatileSolidsTransferredStage2(P$88,Q40,$E96)} -> 0.0627 | R106: {=MMS_Swine_Methane_Equations.VEERG_4_5_1_1__7_VolatileSolidsTransferredStage2(Q$88,R40,$E96)} -> 0.04446
D107: ='Input - Swine'!$D$33 -> Pit storage | E107: {=MMS_Swine_Methane_Equations.VEERG_4_5_1_1__7_VolatileSolidsTransferredStage2(D$88,E41,$E97)} -> 0.048 | F107: {=MMS_Swine_Methane_Equations.VEERG_4_5_1_1__7_VolatileSolidsTransferredStage2(E$88,F41,$E97)} -> 0.0552 | G107: {=MMS_Swine_Methane_Equations.VEERG_4_5_1_1__7_VolatileSolidsTransferredStage2(F$88,G41,$E97)} -> 0.066 | H107: {=MMS_Swine_Methane_Equations.VEERG_4_5_1_1__7_VolatileSolidsTransferredStage2(G$88,H41,$E97)} -> 0.0468 | N107: ='Input - Swine'!$D$33 -> Pit storage | O107: {=MMS_Swine_Methane_Equations.VEERG_4_5_1_1__7_VolatileSolidsTransferredStage2(N$88,O41,$E97)} -> 0.048 | P107: {=MMS_Swine_Methane_Equations.VEERG_4_5_1_1__7_VolatileSolidsTransferredStage2(O$88,P41,$E97)} -> 0.0552 | Q107: {=MMS_Swine_Methane_Equations.VEERG_4_5_1_1__7_VolatileSolidsTransferredStage2(P$88,Q41,$E97)} -> 0.066 | R107: {=MMS_Swine_Methane_Equations.VEERG_4_5_1_1__7_VolatileSolidsTransferredStage2(Q$88,R41,$E97)} -> 0.0468
D108: ='Input - Swine'!$D$34 -> Solid storage | E108: {=MMS_Swine_Methane_Equations.VEERG_4_5_1_1__7_VolatileSolidsTransferredStage2(D$88,E68,$E98)} -> 0.16 | F108: {=MMS_Swine_Methane_Equations.VEERG_4_5_1_1__7_VolatileSolidsTransferredStage2(E$88,F68,$E98)} -> 0.184 | G108: {=MMS_Swine_Methane_Equations.VEERG_4_5_1_1__7_VolatileSolidsTransferredStage2(F$88,G68,$E98)} -> 0.22 | H108: {=MMS_Swine_Methane_Equations.VEERG_4_5_1_1__7_VolatileSolidsTransferredStage2(G$88,H68,$E98)} -> 0.156 | N108: ='Input - Swine'!$D$34 -> Solid storage | O108: {=MMS_Swine_Methane_Equations.VEERG_4_5_1_1__7_VolatileSolidsTransferredStage2(N$88,O68,$E98)} -> 0.16 | P108: {=MMS_Swine_Methane_Equations.VEERG_4_5_1_1__7_VolatileSolidsTransferredStage2(O$88,P68,$E98)} -> 0.184 | Q108: {=MMS_Swine_Methane_Equations.VEERG_4_5_1_1__7_VolatileSolidsTransferredStage2(P$88,Q68,$E98)} -> 0.22 | R108: {=MMS_Swine_Methane_Equations.VEERG_4_5_1_1__7_VolatileSolidsTransferredStage2(Q$88,R68,$E98)} -> 0.156
A110: =HYPERLINK("#A1", "▲ Back to top") -> ▲ Back to top
D112: {=MMS_Swine_Methane_Equations.VEERG_4_5_1_1__6_Stage2MethaneProduction_Title()} -> Production of methane in each treatment stage 2 MMS
D113: {=MMS_Swine_Methane_Equations.VEERG_4_5_1_1__6_Stage2MethaneProduction_Source()} -> VEERG 2026: 4.5.1.1, Equation (6)
D114: Function name | E114: {=Common_InputFunctions.Utility_DisplayFunctionName(F165)} -> =MMS_Swine_Methane_Equations.VEERG_4_5_1_1__6_Stage2MethaneProduction
D118: Variable | E118: {=MMS_Swine_Methane_Equations.VEERG_4_5_1_1__6_Stage2MethaneProduction_Variable()} -> MijmT2
D119: Unit | E119: {=MMS_Swine_Methane_Equations.VEERG_4_5_1_1__6_Stage2MethaneProduction_Unit()} -> kg CH4/head/day
D121: {=Common_InputFunctions.Utility_DisplayArguments_1_2(MMS_Swine_Methane_Equations.VEERG_4_5_1_1__6_Stage2MethaneProduction_Arguments())} -> VSTjmT2 | E121: volatile solids transferred to treatment stage 2 MMS | G121: {=Common_InputFunctions.Utility_DisplayArguments_3_4(MMS_Swine_Methane_Equations.VEERG_4_5_1_1__6_Stage2MethaneProduction_Arguments())} -> kg/head/day | H121: Calculated from 4.5.1.1 (7) | I121: {=HYPERLINK(Common_InputFunctions.Utility_SourceHyperlink($D$100), $D$100)} -> M1 Table_VST_j_m_T-2 | N121: {=Common_InputFunctions.Utility_DisplayArguments_1_2(MMS_Swine_Methane_Equations.VEERG_4_5_1_1__6_Stage2MethaneProduction_Arguments_Method2())} -> VSTjmT2 | O121: volatile solids transferred to treatment stage 2 MMS | Q121: {=Common_InputFunctions.Utility_DisplayArguments_3_4(MMS_Swine_Methane_Equations.VEERG_4_5_1_1__6_Stage2MethaneProduction_Arguments_Method2())} -> kg/head/day | R121: Calculated from 4.5.1.1 (7)
D122: BO | E122: emissions potential | G122: m3 CH4/kg VS | H122: Constant | I122: ='Constants - Swine'!$E$21 -> 0.19 | N122: BO | O122: emissions potential | Q122: m3 CH4/kg VS | R122: Constant | S122: ='Constants - Swine'!$E$21 -> 0.19
D123: MMSjmT2 | E123: fraction of manure in each secondary system | G123: fraction | H123: Input | I123: {=HYPERLINK(Common_InputFunctions.Utility_SourceHyperlink($D$128), $D$128)} -> Table_MMS_j_m_T-2 | N123: MMSjmT2 | O123: fraction of manure in each secondary system | Q123: fraction | R123: Input
D124: MCFim | E124: methane conversion factor for temperate zone and system | G124: fraction | H124: Constant | I124: {=HYPERLINK(Common_InputFunctions.Utility_SourceHyperlink($D$152), $D$152)} -> M1_Table_MCF_i_m | N124: MCFim | O124: methane conversion factor for temperate zone and system | Q124: fraction | R124: Constant
D125: rho | E125: density of methane | G125: kg/m3 | H125: Constant | I125: ='Constants - Common'!$D$175 -> 0.6784 | N125: rho | O125: density of methane | Q125: kg/m3 | R125: Constant
D126: i | E126: state | H126: Input | I126: ='Input - Site'!$E$21 -> Western Australia | N126: MAT | O126: Mean annual temperature | Q126: °C | R126: Input | S126: ='Input - Site'!$E$25 -> 18
D128: Table_MMS_j_m_T-2
D129: Fraction of manure in each secondary system
...

Sheet 4.5.1.3-4 Direct N2O
A1: #VALUE! | C1: 4.5.1.3-4 Manure Direct N2O
A3: =HYPERLINK("#'Home'!A1", "Home") -> Home | D3: Method 1 | N3: Method 2
A4: =HYPERLINK("#'Overview'!A1", "Overview") -> Overview
A5: =HYPERLINK("#'Results'!A1", "Results") -> Results | D5: {=MMS_Swine_N2ODirect_Equations.VEERG_4_5_1_3__5_AnnualNitrogenExcretion_Title()} -> Annual nitrogen excretion from each swine group
D6: {=MMS_Swine_N2ODirect_Equations.VEERG_4_5_1_3__5_AnnualNitrogenExcretion_Source()} -> VEERG 2026: 4.5.1.3, Equation (5)
A7: INPUTS | D7: Function name | E7: {=Common_InputFunctions.Utility_DisplayFunctionName($E$35)} -> =MMS_Swine_N2ODirect_Equations.VEERG_4_5_1_3__5_AnnualNitrogenExcretion
A8: =HYPERLINK("#'Input - Site'!A1", "Site") -> Site
A9: =HYPERLINK("#'Input - Swine'!A1", "Swine") -> Swine
D10: Variable | E10: {=MMS_Swine_N2ODirect_Equations.VEERG_4_5_1_3__5_AnnualNitrogenExcretion_Variable()} -> AE_j
A11: CALCULATIONS | D11: Unit | E11: {=MMS_Swine_N2ODirect_Equations.VEERG_4_5_1_3__5_AnnualNitrogenExcretion_Unit()} -> kg N
A12: =HYPERLINK("#'4.5.1.1-2 Methane'!A1", "4.5.1.1-2 Methane") -> 4.5.1.1-2 Methane
A13: =HYPERLINK("#'4.5.1.3-4 Direct N2O'!A1", "4.5.1.3-4 Direct N2O") -> 4.5.1.3-4 Direct N2O | D13: {=Common_InputFunctions.Utility_DisplayArguments_1_2(MMS_Swine_N2ODirect_Equations.VEERG_4_5_1_3__5_AnnualNitrogenExcretion_Arguments())} -> N_j | E13: number of swine in each group | G13: {=Common_InputFunctions.Utility_DisplayArguments_3_4(MMS_Swine_N2ODirect_Equations.VEERG_4_5_1_3__5_AnnualNitrogenExcretion_Arguments())} -> head | H13: Input | I13: {=HYPERLINK(Common_InputFunctions.Utility_SourceHyperlink(D17), D17)} -> Table_N_j
A14: =HYPERLINK("#'4.5.1.5-6 Atmos Dep'!A1", "4.5.1.5-6 Soil atm. deposition") -> 4.5.1.5-6 Soil atm. deposition | D14: NW_j | E14: nitrogen produced in swine manure and waste feed in each class | G14: kg N/head/day | H14: Input | I14: {=HYPERLINK(Common_InputFunctions.Utility_SourceHyperlink(D22), D22)} -> M1_Table_NW_j
A15: =HYPERLINK("#'4.5.1.7-8 Leaching and runoff'!A1", "4.5.1.7-8 Leaching & runoff") -> 4.5.1.7-8 Leaching & runoff | D15: D_j | E15: duration of stay of swine group | G15: days | H15: Input | I15: {=HYPERLINK(Common_InputFunctions.Utility_SourceHyperlink(D27), D27)} -> Table_D_j
A16: =HYPERLINK("#'4.5.1.9 Manure applied to soils'!A1", "4.5.1.9 Manure applied to soils") -> 4.5.1.9 Manure applied to soils
D17: Table_N_j
A18: APPENDICES | D18: Number of head for each swine class
A19: =HYPERLINK("#'Constants - Swine'!A1", "Constants - Swine") -> Constants - Swine | D19: Boars | E19: Sows | F19: Gilts | G19: Others
A20: =HYPERLINK("#'Constants - Livestock'!A1", "Constants - Livestock") -> Constants - Livestock | D20: ='Input - Swine'!$E$11 -> 100 | E20: ='Input - Swine'!$F$11 -> 100 | F20: ='Input - Swine'!$G$11 -> 100 | G20: ='Input - Swine'!$H$11 -> 100 | H20: =G13 -> head
A21: =HYPERLINK("#'Constants - Common'!A1", "Constants - Common") -> Constants - Common
A22: =HYPERLINK("#'Acknowledgements'!A1", "Acknowledgements") -> Acknowledgements | D22: M1_Table_NW_j | N22: M2_Table_NW_j
D23: Nitrogen produced per class (Method 1) | N23: Nitrogen produced per class (Method 2)
D24: Boars | E24: Sows | F24: Gilts | G24: Others | N24: Boars | O24: Sows | P24: Gilts | Q24: Others
D25: ='Input - Swine'!E17 -> 0.046 | E25: ='Input - Swine'!F17 -> 0.049 | F25: ='Input - Swine'!G17 -> 0.046 | G25: ='Input - Swine'!H17 -> 0.0312 | H25: =G14 -> kg N/head/day | N25: ='Input - Swine'!E21 -> 0.046 | O25: ='Input - Swine'!F21 -> 0.049 | P25: ='Input - Swine'!G21 -> 0.046 | Q25: ='Input - Swine'!H21 -> 0.0312 | R25: =G14 -> kg N/head/day
D27: Table_D_j
D28: Duration of stay for each swine class
D29: Boars | E29: Sows | F29: Gilts | G29: Others
D30: ='Input - Swine'!E10 -> 365 | E30: ='Input - Swine'!F10 -> 365 | F30: ='Input - Swine'!G10 -> 365 | G30: ='Input - Swine'!H10 -> 365 | H30: =G15 -> days
D32: M1_Table_AE_j | N32: M2_Table_AE_j
D33: Annual nitrogen excretion (Method 1) | N33: Annual nitrogen excretion (Method 2)
D34: Boars | E34: Sows | F34: Gilts | G34: Others | N34: Boars | O34: Sows | P34: Gilts | Q34: Others
D35: {=MMS_Swine_N2ODirect_Equations.VEERG_4_5_1_3__5_AnnualNitrogenExcretion(D20,D25,D30)} -> 1679 | E35: {=MMS_Swine_N2ODirect_Equations.VEERG_4_5_1_3__5_AnnualNitrogenExcretion(E20,E25,E30)} -> 1788.5 | F35: {=MMS_Swine_N2ODirect_Equations.VEERG_4_5_1_3__5_AnnualNitrogenExcretion(F20,F25,F30)} -> 1679 | G35: {=MMS_Swine_N2ODirect_Equations.VEERG_4_5_1_3__5_AnnualNitrogenExcretion(G20,G25,G30)} -> 1138.8 | H35: =$E$11 -> kg N | N35: {=MMS_Swine_N2ODirect_Equations.VEERG_4_5_1_3__5_AnnualNitrogenExcretion(D20,N25,D30)} -> 1679 | O35: {=MMS_Swine_N2ODirect_Equations.VEERG_4_5_1_3__5_AnnualNitrogenExcretion(E20,O25,E30)} -> 1788.5 | P35: {=MMS_Swine_N2ODirect_Equations.VEERG_4_5_1_3__5_AnnualNitrogenExcretion(F20,P25,F30)} -> 1679 | Q35: {=MMS_Swine_N2ODirect_Equations.VEERG_4_5_1_3__5_AnnualNitrogenExcretion(G20,Q25,G30)} -> 1138.8 | R35: =$E$11 -> kg N
D39: {=MMS_Swine_N2ODirect_Equations.VEERG_4_5_1_3__3_FractionOfNitrogenInPrimaryMMS_Title()} -> Fraction of nitrogen in each primary MMS (excluding solid storage)
D40: {=MMS_Swine_N2ODirect_Equations.VEERG_4_5_1_3__3_FractionOfNitrogenInPrimaryMMS_Source()} -> VEERG 2026: 4.5.1.3, Equation (3)
D41: Function name | E41: {=Common_InputFunctions.Utility_DisplayFunctionName($E$71)} -> =MMS_Swine_N2ODirect_Equations.VEERG_4_5_1_3__3_FractionOfNitrogenInPrimaryMMS
D44: Variable | E44: {=MMS_Swine_N2ODirect_Equations.VEERG_4_5_1_3__3_FractionOfNitrogenInPrimaryMMS_Variable()} -> FN_jmT1
D45: Unit | E45: {=MMS_Swine_N2ODirect_Equations.VEERG_4_5_1_3__3_FractionOfNitrogenInPrimaryMMS_Unit()} -> fraction
D47: {=Common_InputFunctions.Utility_DisplayArguments_1_2(MMS_Swine_N2ODirect_Equations.VEERG_4_5_1_3__3_FractionOfNitrogenInPrimaryMMS_Arguments())} -> MMS_jmT1 | E47: fraction of manure in primary MMS | G47: {=Common_InputFunctions.Utility_DisplayArguments_3_4(MMS_Swine_N2ODirect_Equations.VEERG_4_5_1_3__3_FractionOfNitrogenInPrimaryMMS_Arguments())} -> fraction | H47: Input | I47: {=HYPERLINK(Common_InputFunctions.Utility_SourceHyperlink(D50), D50)} -> Table_MMS_j_m-1-7-9-8_T-1
D48: SN_m | E48: fraction of nitrogen separated to solid storage for each MMS | G48: fraction | H48: Input | I48: {=HYPERLINK(Common_InputFunctions.Utility_SourceHyperlink(D59), D59)} -> M1_Table_SN_m-1-7-9
D50: Table_MMS_j_m-1-7-9-8_T-1
D51: Fraction N sent to MMS other than solid storage in stage 1
D52: Stage 1 management | E52: Boars | F52: Sows | G52: Gilts | H52: Others
D53: ='Input - Swine'!$D$29 -> Anaerobic lagoon | E53: ='Input - Swine'!E29 -> 0.15 | F53: ='Input - Swine'!F29 -> 0.15 | G53: ='Input - Swine'!G29 -> 0.15 | H53: ='Input - Swine'!H29 -> 0.15 | I53: =G47 -> fraction
D54: ='Input - Swine'!$D$30 -> Drylot (feed pad) | E54: ='Input - Swine'!E30 -> 0.15 | F54: ='Input - Swine'!F30 -> 0.15 | G54: ='Input - Swine'!G30 -> 0.15 | H54: ='Input - Swine'!H30 -> 0.15
D55: ='Input - Swine'!$D$31 -> Digester / covered lagoons | E55: ='Input - Swine'!E31 -> 0.15 | F55: ='Input - Swine'!F31 -> 0.15 | G55: ='Input - Swine'!G31 -> 0.15 | H55: ='Input - Swine'!H31 -> 0.15
D56: ='Input - Swine'!$D$32 -> Deep litter | E56: ='Input - Swine'!E32 -> 0.15 | F56: ='Input - Swine'!F32 -> 0.15 | G56: ='Input - Swine'!G32 -> 0.15 | H56: ='Input - Swine'!H32 -> 0.15
D57: ='Input - Swine'!$D$33 -> Pit storage | E57: ='Input - Swine'!E33 -> 0.15 | F57: ='Input - Swine'!F33 -> 0.15 | G57: ='Input - Swine'!G33 -> 0.15 | H57: ='Input - Swine'!H33 -> 0.15
D59: M1_Table_SN_m-1-7-9 | N59: M2_Table_SN_m-1-7-9
D60: Fraction of nitrogen separated to solid storage (Method 1) | N60: Fraction of nitrogen separated to solid storage (Method 2)
D61: Stage 1 management | E61: Boars | F61: Sows | G61: Gilts | H61: Others | N61: Stage 1 management | O61: Boars | P61: Sows | Q61: Gilts | R61: Others
D62: ='Input - Swine'!$D$29 -> Anaerobic lagoon | E62: ='Input - Swine'!$F$39 -> 0.2 | F62: ='Input - Swine'!$F$39 -> 0.2 | G62: ='Input - Swine'!$F$39 -> 0.2 | H62: ='Input - Swine'!$F$39 -> 0.2 | I62: =G48 -> fraction | N62: ='Input - Swine'!$D$29 -> Anaerobic lagoon | O62: ='Input - Swine'!$G$39 -> 0.2 | P62: ='Input - Swine'!$G$39 -> 0.2 | Q62: ='Input - Swine'!$G$39 -> 0.2 | R62: ='Input - Swine'!$G$39 -> 0.2 | S62: =G48 -> fraction
D63: ='Input - Swine'!$D$30 -> Drylot (feed pad) | E63: ='Input - Swine'!$F$40 -> 0.2 | F63: ='Input - Swine'!$F$40 -> 0.2 | G63: ='Input - Swine'!$F$40 -> 0.2 | H63: ='Input - Swine'!$F$40 -> 0.2 | N63: ='Input - Swine'!$D$30 -> Drylot (feed pad) | O63: ='Input - Swine'!$G$40 -> 0.2 | P63: ='Input - Swine'!$G$40 -> 0.2 | Q63: ='Input - Swine'!$G$40 -> 0.2 | R63: ='Input - Swine'!$G$40 -> 0.2
D64: ='Input - Swine'!$D$31 -> Digester / covered lagoons | E64: ='Input - Swine'!$F$41 -> 0.2 | F64: ='Input - Swine'!$F$41 -> 0.2 | G64: ='Input - Swine'!$F$41 -> 0.2 | H64: ='Input - Swine'!$F$41 -> 0.2 | N64: ='Input - Swine'!$D$31 -> Digester / covered lagoons | O64: ='Input - Swine'!$G$41 -> 0.2 | P64: ='Input - Swine'!$G$41 -> 0.2 | Q64: ='Input - Swine'!$G$41 -> 0.2 | R64: ='Input - Swine'!$G$41 -> 0.2
D65: ='Input - Swine'!$D$32 -> Deep litter | E65: ='Input - Swine'!$F$42 -> 0.2 | F65: ='Input - Swine'!$F$42 -> 0.2 | G65: ='Input - Swine'!$F$42 -> 0.2 | H65: ='Input - Swine'!$F$42 -> 0.2 | N65: ='Input - Swine'!$D$32 -> Deep litter | O65: ='Input - Swine'!$G$42 -> 0.2 | P65: ='Input - Swine'!$G$42 -> 0.2 | Q65: ='Input - Swine'!$G$42 -> 0.2 | R65: ='Input - Swine'!$G$42 -> 0.2
D66: ='Input - Swine'!$D$33 -> Pit storage | E66: ='Input - Swine'!$F$43 -> 0.2 | F66: ='Input - Swine'!$F$43 -> 0.2 | G66: ='Input - Swine'!$F$43 -> 0.2 | H66: ='Input - Swine'!$F$43 -> 0.2 | N66: ='Input - Swine'!$D$33 -> Pit storage | O66: ='Input - Swine'!$G$43 -> 0.2 | P66: ='Input - Swine'!$G$43 -> 0.2 | Q66: ='Input - Swine'!$G$43 -> 0.2 | R66: ='Input - Swine'!$G$43 -> 0.2
D68: M1_Table_FN_j_m_T-1 | N68: M2_Table_FN_j_m_T-1
D69: Fraction N in each primary MMS (Method 1) | N69: Fraction N in each primary MMS (Method 2)
D70: Stage 1 management | E70: Boars | F70: Sows | G70: Gilts | H70: Others | N70: Stage 1 management | O70: Boars | P70: Sows | Q70: Gilts | R70: Others
D71: ='Input - Swine'!$D$29 -> Anaerobic lagoon | E71: {=MMS_Swine_N2ODirect_Equations.VEERG_4_5_1_3__3_FractionOfNitrogenInPrimaryMMS(E53,E62)} -> 0.12 | F71: {=MMS_Swine_N2ODirect_Equations.VEERG_4_5_1_3__3_FractionOfNitrogenInPrimaryMMS(F53,F62)} -> 0.12 | G71: {=MMS_Swine_N2ODirect_Equations.VEERG_4_5_1_3__3_FractionOfNitrogenInPrimaryMMS(G53,G62)} -> 0.12 | H71: {=MMS_Swine_N2ODirect_Equations.VEERG_4_5_1_3__3_FractionOfNitrogenInPrimaryMMS(H53,H62)} -> 0.12 | I71: =$E$45 -> fraction | N71: ='Input - Swine'!$D$29 -> Anaerobic lagoon | O71: {=MMS_Swine_N2ODirect_Equations.VEERG_4_5_1_3__3_FractionOfNitrogenInPrimaryMMS(E53,O62)} -> 0.12 | P71: {=MMS_Swine_N2ODirect_Equations.VEERG_4_5_1_3__3_FractionOfNitrogenInPrimaryMMS(F53,P62)} -> 0.12 | Q71: {=MMS_Swine_N2ODirect_Equations.VEERG_4_5_1_3__3_FractionOfNitrogenInPrimaryMMS(G53,Q62)} -> 0.12 | R71: {=MMS_Swine_N2ODirect_Equations.VEERG_4_5_1_3__3_FractionOfNitrogenInPrimaryMMS(H53,R62)} -> 0.12 | S71: =$E$45 -> fraction
D72: ='Input - Swine'!$D$30 -> Drylot (feed pad) | E72: {=MMS_Swine_N2ODirect_Equations.VEERG_4_5_1_3__3_FractionOfNitrogenInPrimaryMMS(E54,E63)} -> 0.12 | F72: {=MMS_Swine_N2ODirect_Equations.VEERG_4_5_1_3__3_FractionOfNitrogenInPrimaryMMS(F54,F63)} -> 0.12 | G72: {=MMS_Swine_N2ODirect_Equations.VEERG_4_5_1_3__3_FractionOfNitrogenInPrimaryMMS(G54,G63)} -> 0.12 | H72: {=MMS_Swine_N2ODirect_Equations.VEERG_4_5_1_3__3_FractionOfNitrogenInPrimaryMMS(H54,H63)} -> 0.12 | N72: ='Input - Swine'!$D$30 -> Drylot (feed pad) | O72: {=MMS_Swine_N2ODirect_Equations.VEERG_4_5_1_3__3_FractionOfNitrogenInPrimaryMMS(E54,O63)} -> 0.12 | P72: {=MMS_Swine_N2ODirect_Equations.VEERG_4_5_1_3__3_FractionOfNitrogenInPrimaryMMS(F54,P63)} -> 0.12 | Q72: {=MMS_Swine_N2ODirect_Equations.VEERG_4_5_1_3__3_FractionOfNitrogenInPrimaryMMS(G54,Q63)} -> 0.12 | R72: {=MMS_Swine_N2ODirect_Equations.VEERG_4_5_1_3__3_FractionOfNitrogenInPrimaryMMS(H54,R63)} -> 0.12
D73: ='Input - Swine'!$D$31 -> Digester / covered lagoons | E73: {=MMS_Swine_N2ODirect_Equations.VEERG_4_5_1_3__3_FractionOfNitrogenInPrimaryMMS(E55,E64)} -> 0.12 | F73: {=MMS_Swine_N2ODirect_Equations.VEERG_4_5_1_3__3_FractionOfNitrogenInPrimaryMMS(F55,F64)} -> 0.12 | G73: {=MMS_Swine_N2ODirect_Equations.VEERG_4_5_1_3__3_FractionOfNitrogenInPrimaryMMS(G55,G64)} -> 0.12 | H73: {=MMS_Swine_N2ODirect_Equations.VEERG_4_5_1_3__3_FractionOfNitrogenInPrimaryMMS(H55,H64)} -> 0.12 | N73: ='Input - Swine'!$D$31 -> Digester / covered lagoons | O73: {=MMS_Swine_N2ODirect_Equations.VEERG_4_5_1_3__3_FractionOfNitrogenInPrimaryMMS(E55,O64)} -> 0.12 | P73: {=MMS_Swine_N2ODirect_Equations.VEERG_4_5_1_3__3_FractionOfNitrogenInPrimaryMMS(F55,P64)} -> 0.12 | Q73: {=MMS_Swine_N2ODirect_Equations.VEERG_4_5_1_3__3_FractionOfNitrogenInPrimaryMMS(G55,Q64)} -> 0.12 | R73: {=MMS_Swine_N2ODirect_Equations.VEERG_4_5_1_3__3_FractionOfNitrogenInPrimaryMMS(H55,R64)} -> 0.12
D74: ='Input - Swine'!$D$32 -> Deep litter | E74: {=MMS_Swine_N2ODirect_Equations.VEERG_4_5_1_3__3_FractionOfNitrogenInPrimaryMMS(E56,E65)} -> 0.12 | F74: {=MMS_Swine_N2ODirect_Equations.VEERG_4_5_1_3__3_FractionOfNitrogenInPrimaryMMS(F56,F65)} -> 0.12 | G74: {=MMS_Swine_N2ODirect_Equations.VEERG_4_5_1_3__3_FractionOfNitrogenInPrimaryMMS(G56,G65)} -> 0.12 | H74: {=MMS_Swine_N2ODirect_Equations.VEERG_4_5_1_3__3_FractionOfNitrogenInPrimaryMMS(H56,H65)} -> 0.12 | N74: ='Input - Swine'!$D$32 -> Deep litter | O74: {=MMS_Swine_N2ODirect_Equations.VEERG_4_5_1_3__3_FractionOfNitrogenInPrimaryMMS(E56,O65)} -> 0.12 | P74: {=MMS_Swine_N2ODirect_Equations.VEERG_4_5_1_3__3_FractionOfNitrogenInPrimaryMMS(F56,P65)} -> 0.12 | Q74: {=MMS_Swine_N2ODirect_Equations.VEERG_4_5_1_3__3_FractionOfNitrogenInPrimaryMMS(G56,Q65)} -> 0.12 | R74: {=MMS_Swine_N2ODirect_Equations.VEERG_4_5_1_3__3_FractionOfNitrogenInPrimaryMMS(H56,R65)} -> 0.12
D75: ='Input - Swine'!$D$33 -> Pit storage | E75: {=MMS_Swine_N2ODirect_Equations.VEERG_4_5_1_3__3_FractionOfNitrogenInPrimaryMMS(E57,E66)} -> 0.12 | F75: {=MMS_Swine_N2ODirect_Equations.VEERG_4_5_1_3__3_FractionOfNitrogenInPrimaryMMS(F57,F66)} -> 0.12 | G75: {=MMS_Swine_N2ODirect_Equations.VEERG_4_5_1_3__3_FractionOfNitrogenInPrimaryMMS(G57,G66)} -> 0.12 | H75: {=MMS_Swine_N2ODirect_Equations.VEERG_4_5_1_3__3_FractionOfNitrogenInPrimaryMMS(H57,H66)} -> 0.12 | N75: ='Input - Swine'!$D$33 -> Pit storage | O75: {=MMS_Swine_N2ODirect_Equations.VEERG_4_5_1_3__3_FractionOfNitrogenInPrimaryMMS(E57,O66)} -> 0.12 | P75: {=MMS_Swine_N2ODirect_Equations.VEERG_4_5_1_3__3_FractionOfNitrogenInPrimaryMMS(F57,P66)} -> 0.12 | Q75: {=MMS_Swine_N2ODirect_Equations.VEERG_4_5_1_3__3_FractionOfNitrogenInPrimaryMMS(G57,Q66)} -> 0.12 | R75: {=MMS_Swine_N2ODirect_Equations.VEERG_4_5_1_3__3_FractionOfNitrogenInPrimaryMMS(H57,R66)} -> 0.12
A77: =HYPERLINK("#A1", "▲ Back to top") -> ▲ Back to top
D79: {=MMS_Swine_N2ODirect_Equations.VEERG_4_5_1_3__4_FractionOfNitrogenInSolidStorage_Title()} -> Fraction of nitrogen in solid storage
D80: {=MMS_Swine_N2ODirect_Equations.VEERG_4_5_1_3__4_FractionOfNitrogenInSolidStorage_Source()} -> VEERG 2026: 4.5.1.3, Equation (4)
D81: {=MMS_Swine_N2ODirect_Equations.VEERG_4_5_1_3__4_FractionOfNitrogenInSolidStorage_Variation()} -> VARIATION ON SOURCE: Split equation for MMSm=1,7,9 into separate items to allow for calculation
D82: Function name | E82: {=Common_InputFunctions.Utility_DisplayFunctionName($E$100)} -> =MMS_Swine_N2ODirect_Equations.VEERG_4_5_1_3__4_FractionOfNitrogenInSolidStorageVariation
D85: Variable | E85: {=MMS_Swine_N2ODirect_Equations.VEERG_4_5_1_3__4_FractionOfNitrogenInSolidStorage_Variable()} -> FN_jm4T1
D86: Unit | E86: {=MMS_Swine_N2ODirect_Equations.VEERG_4_5_1_3__4_FractionOfNitrogenInSolidStorage_Unit()} -> fraction
D88: {=Common_InputFunctions.Utility_DisplayArguments_1_2(MMS_Swine_N2ODirect_Equations.VEERG_4_5_1_3__4_FractionOfNitrogenInSolidStorage_Arguments())} -> MMS_jm4T1 | E88: fraction of manure in solid storage MMS | G88: {=Common_InputFunctions.Utility_DisplayArguments_3_4(MMS_Swine_N2ODirect_Equations.VEERG_4_5_1_3__4_FractionOfNitrogenInSolidStorage_Arguments())} -> fraction | H88: Input | I88: {=HYPERLINK(Common_InputFunctions.Utility_SourceHyperlink($D$92), $D$92)} -> Table_MMS_j_m-4_T-1
D89: MMS_jm179T1 | E89: fraction of manure in primary liquid systems (m=1,7,9) | G89: fraction | H89: Input | I89: {=HYPERLINK(Common_InputFunctions.Utility_SourceHyperlink($D$50), $D$50)} -> Table_MMS_j_m-1-7-9-8_T-1
D90: SN_m | E90: fraction of nitrogen separated to solid storage for each MMS | G90: fraction | H90: Input | I90: {=HYPERLINK(Common_InputFunctions.Utility_SourceHyperlink($D$59), $D$59)} -> M1_Table_SN_m-1-7-9
D92: Table_MMS_j_m-4_T-1
D93: Fraction primary system solid storage
D94: Stage 1 management | E94: Boars | F94: Sows | G94: Gilts | H94: Others
D95: ='Input - Swine'!$D$34 -> Solid storage | E95: ='Input - Swine'!E34 -> 0.25 | F95: ='Input - Swine'!F34 -> 0.25 | G95: ='Input - Swine'!G34 -> 0.25 | H95: ='Input - Swine'!H34 -> 0.25 | I95: fraction
D97: M1_Table_FVS_j_m-4_T-1 | N97: M2_Table_FVS_j_m-4_T-1
D98: Fraction VS in stage 1 solid storage (Method 1) | N98: Fraction VS in stage 1 solid storage (Method 2)
D99: Stage 1 management | E99: Boars | F99: Sows | G99: Gilts | H99: Others | N99: Stage 1 management | O99: Boars | P99: Sows | Q99: Gilts | R99: Others
D100: ='Input - Swine'!$D$34 -> Solid storage | E100: {=MMS_Swine_N2ODirect_Equations.VEERG_4_5_1_3__4_FractionOfNitrogenInSolidStorageVariation(E95,E53,E54,E55,E56,E57,E62,E63,E64,E65,E66)} -> 0.4 | F100: {=MMS_Swine_N2ODirect_Equations.VEERG_4_5_1_3__4_FractionOfNitrogenInSolidStorageVariation(F95,F53,F54,F55,F56,F57,F62,F63,F64,F65,F66)} -> 0.4 | G100: {=MMS_Swine_N2ODirect_Equations.VEERG_4_5_1_3__4_FractionOfNitrogenInSolidStorageVariation(G95,G53,G54,G55,G56,G57,G62,G63,G64,G65,G66)} -> 0.4 | H100: {=MMS_Swine_N2ODirect_Equations.VEERG_4_5_1_3__4_FractionOfNitrogenInSolidStorageVariation(H95,H53,H54,H55,H56,H57,H62,H63,H64,H65,H66)} -> 0.4 | I100: =$E$86 -> fraction | N100: ='Input - Swine'!$D$34 -> Solid storage | O100: {=MMS_Swine_N2ODirect_Equations.VEERG_4_5_1_3__4_FractionOfNitrogenInSolidStorageVariation(E95,E53,E54,E55,E56,E57,O62,O63,O64,O65,O66)} -> 0.4 | P100: {=MMS_Swine_N2ODirect_Equations.VEERG_4_5_1_3__4_FractionOfNitrogenInSolidStorageVariation(F95,F53,F54,F55,F56,F57,P62,P63,P64,P65,P66)} -> 0.4 | Q100: {=MMS_Swine_N2ODirect_Equations.VEERG_4_5_1_3__4_FractionOfNitrogenInSolidStorageVariation(G95,G53,G54,G55,G56,G57,Q62,Q63,Q64,Q65,Q66)} -> 0.4 | R100: {=MMS_Swine_N2ODirect_Equations.VEERG_4_5_1_3__4_FractionOfNitrogenInSolidStorageVariation(H95,H53,H54,H55,H56,H57,R62,R63,R64,R65,R66)} -> 0.4 | S100: =$E$86 -> fraction
A102: =HYPERLINK("#A1", "▲ Back to top") -> ▲ Back to top
D104: {=MMS_Swine_N2ODirect_Equations.VEERG_4_5_1_3__2_Stage1NitrogenInMMS_Title()} -> Nitrogen in treatment stage 1 MMS
D105: {=MMS_Swine_N2ODirect_Equations.VEERG_4_5_1_3__2_Stage1NitrogenInMMS_Source()} -> VEERG 2026: 4.5.1.3, Equation (2)
D106: Function name | E106: {=Common_InputFunctions.Utility_DisplayFunctionName(E118)} -> =MMS_Swine_N2ODirect_Equations.VEERG_4_5_1_3__2_Stage1NitrogenInMMS
D109: Variable | E109: {=MMS_Swine_N2ODirect_Equations.VEERG_4_5_1_3__2_Stage1NitrogenInMMS_Variable()} -> MN_jmT1
D110: Unit | E110: {=MMS_Swine_N2ODirect_Equations.VEERG_4_5_1_3__2_Stage1NitrogenInMMS_Unit()} -> kg N
D112: {=Common_InputFunctions.Utility_DisplayArguments_1_2(MMS_Swine_N2ODirect_Equations.VEERG_4_5_1_3__2_Stage1NitrogenInMMS_Arguments())} -> AE_j | E112: total nitrogen excreted by each swine class | G112: {=Common_InputFunctions.Utility_DisplayArguments_3_4(MMS_Swine_N2ODirect_Equations.VEERG_4_5_1_3__2_Stage1NitrogenInMMS_Arguments())} -> kg N | H112: Calculated from 4.5.1.3 (5) | I112: {=HYPERLINK(Common_InputFunctions.Utility_SourceHyperlink(D32), D32)} -> M1_Table_AE_j
D113: FN_jmT1 | E113: fraction of nitrogen in each primary MMS system | G113: fraction | H113: Calculated from 4.5.1.3 (3)(4) | I113: {=HYPERLINK(Common_InputFunctions.Utility_SourceHyperlink(D68), D68)} -> M1_Table_FN_j_m_T-1 | J113: {=HYPERLINK(Common_InputFunctions.Utility_SourceHyperlink(D97), D97)} -> M1_Table_FVS_j_m-4_T-1
D115: M1_Table_MN_j_m_T-1 | N115: M2_Table_MN_j_m_T-1
D116: Nitrogen in treatment stage 1 MMS (Method 1) | N116: Nitrogen in treatment stage 1 MMS (Method 2)
D117: Stage 1 management | E117: Boars | F117: Sows | G117: Gilts | H117: Others | N117: Stage 1 management | O117: Boars | P117: Sows | Q117: Gilts | R117: Others
D118: ='Input - Swine'!$D$29 -> Anaerobic lagoon | E118: {=MMS_Swine_N2ODirect_Equations.VEERG_4_5_1_3__2_Stage1NitrogenInMMS(D$35,E71)} -> 201.48 | F118: {=MMS_Swine_N2ODirect_Equations.VEERG_4_5_1_3__2_Stage1NitrogenInMMS(E$35,F71)} -> 214.62 | G118: {=MMS_Swine_N2ODirect_Equations.VEERG_4_5_1_3__2_Stage1NitrogenInMMS(F$35,G71)} -> 201.48 | H118: {=MMS_Swine_N2ODirect_Equations.VEERG_4_5_1_3__2_Stage1NitrogenInMMS(G$35,H71)} -> 136.656 | I118: =$E$110 -> kg N | N118: ='Input - Swine'!$D$29 -> Anaerobic lagoon | O118: {=MMS_Swine_N2ODirect_Equations.VEERG_4_5_1_3__2_Stage1NitrogenInMMS(N$35,O71)} -> 201.48 | P118: {=MMS_Swine_N2ODirect_Equations.VEERG_4_5_1_3__2_Stage1NitrogenInMMS(O$35,P71)} -> 214.62 | Q118: {=MMS_Swine_N2ODirect_Equations.VEERG_4_5_1_3__2_Stage1NitrogenInMMS(P$35,Q71)} -> 201.48 | R118: {=MMS_Swine_N2ODirect_Equations.VEERG_4_5_1_3__2_Stage1NitrogenInMMS(Q$35,R71)} -> 136.656 | S118: =$E$110 -> kg N
D119: ='Input - Swine'!$D$30 -> Drylot (feed pad) | E119: {=MMS_Swine_N2ODirect_Equations.VEERG_4_5_1_3__2_Stage1NitrogenInMMS(D$35,E72)} -> 201.48 | F119: {=MMS_Swine_N2ODirect_Equations.VEERG_4_5_1_3__2_Stage1NitrogenInMMS(E$35,F72)} -> 214.62 | G119: {=MMS_Swine_N2ODirect_Equations.VEERG_4_5_1_3__2_Stage1NitrogenInMMS(F$35,G72)} -> 201.48 | H119: {=MMS_Swine_N2ODirect_Equations.VEERG_4_5_1_3__2_Stage1NitrogenInMMS(G$35,H72)} -> 136.656 | N119: ='Input - Swine'!$D$30 -> Drylot (feed pad) | O119: {=MMS_Swine_N2ODirect_Equations.VEERG_4_5_1_3__2_Stage1NitrogenInMMS(N$35,O72)} -> 201.48 | P119: {=MMS_Swine_N2ODirect_Equations.VEERG_4_5_1_3__2_Stage1NitrogenInMMS(O$35,P72)} -> 214.62 | Q119: {=MMS_Swine_N2ODirect_Equations.VEERG_4_5_1_3__2_Stage1NitrogenInMMS(P$35,Q72)} -> 201.48 | R119: {=MMS_Swine_N2ODirect_Equations.VEERG_4_5_1_3__2_Stage1NitrogenInMMS(Q$35,R72)} -> 136.656
D120: ='Input - Swine'!$D$31 -> Digester / covered lagoons | E120: {=MMS_Swine_N2ODirect_Equations.VEERG_4_5_1_3__2_Stage1NitrogenInMMS(D$35,E73)} -> 201.48 | F120: {=MMS_Swine_N2ODirect_Equations.VEERG_4_5_1_3__2_Stage1NitrogenInMMS(E$35,F73)} -> 214.62 | G120: {=MMS_Swine_N2ODirect_Equations.VEERG_4_5_1_3__2_Stage1NitrogenInMMS(F$35,G73)} -> 201.48 | H120: {=MMS_Swine_N2ODirect_Equations.VEERG_4_5_1_3__2_Stage1NitrogenInMMS(G$35,H73)} -> 136.656 | N120: ='Input - Swine'!$D$31 -> Digester / covered lagoons | O120: {=MMS_Swine_N2ODirect_Equations.VEERG_4_5_1_3__2_Stage1NitrogenInMMS(N$35,O73)} -> 201.48 | P120: {=MMS_Swine_N2ODirect_Equations.VEERG_4_5_1_3__2_Stage1NitrogenInMMS(O$35,P73)} -> 214.62 | Q120: {=MMS_Swine_N2ODirect_Equations.VEERG_4_5_1_3__2_Stage1NitrogenInMMS(P$35,Q73)} -> 201.48 | R120: {=MMS_Swine_N2ODirect_Equations.VEERG_4_5_1_3__2_Stage1NitrogenInMMS(Q$35,R73)} -> 136.656
D121: ='Input - Swine'!$D$32 -> Deep litter | E121: {=MMS_Swine_N2ODirect_Equations.VEERG_4_5_1_3__2_Stage1NitrogenInMMS(D$35,E74)} -> 201.48 | F121: {=MMS_Swine_N2ODirect_Equations.VEERG_4_5_1_3__2_Stage1NitrogenInMMS(E$35,F74)} -> 214.62 | G121: {=MMS_Swine_N2ODirect_Equations.VEERG_4_5_1_3__2_Stage1NitrogenInMMS(F$35,G74)} -> 201.48 | H121: {=MMS_Swine_N2ODirect_Equations.VEERG_4_5_1_3__2_Stage1NitrogenInMMS(G$35,H74)} -> 136.656 | N121: ='Input - Swine'!$D$32 -> Deep litter | O121: {=MMS_Swine_N2ODirect_Equations.VEERG_4_5_1_3__2_Stage1NitrogenInMMS(N$35,O74)} -> 201.48 | P121: {=MMS_Swine_N2ODirect_Equations.VEERG_4_5_1_3__2_Stage1NitrogenInMMS(O$35,P74)} -> 214.62 | Q121: {=MMS_Swine_N2ODirect_Equations.VEERG_4_5_1_3__2_Stage1NitrogenInMMS(P$35,Q74)} -> 201.48 | R121: {=MMS_Swine_N2ODirect_Equations.VEERG_4_5_1_3__2_Stage1NitrogenInMMS(Q$35,R74)} -> 136.656
D122: ='Input - Swine'!$D$33 -> Pit storage | E122: {=MMS_Swine_N2ODirect_Equations.VEERG_4_5_1_3__2_Stage1NitrogenInMMS(D$35,E75)} -> 201.48 | F122: {=MMS_Swine_N2ODirect_Equations.VEERG_4_5_1_3__2_Stage1NitrogenInMMS(E$35,F75)} -> 214.62 | G122: {=MMS_Swine_N2ODirect_Equations.VEERG_4_5_1_3__2_Stage1NitrogenInMMS(F$35,G75)} -> 201.48 | H122: {=MMS_Swine_N2ODirect_Equations.VEERG_4_5_1_3__2_Stage1NitrogenInMMS(G$35,H75)} -> 136.656 | N122: ='Input - Swine'!$D$33 -> Pit storage | O122: {=MMS_Swine_N2ODirect_Equations.VEERG_4_5_1_3__2_Stage1NitrogenInMMS(N$35,O75)} -> 201.48 | P122: {=MMS_Swine_N2ODirect_Equations.VEERG_4_5_1_3__2_Stage1NitrogenInMMS(O$35,P75)} -> 214.62 | Q122: {=MMS_Swine_N2ODirect_Equations.VEERG_4_5_1_3__2_Stage1NitrogenInMMS(P$35,Q75)} -> 201.48 | R122: {=MMS_Swine_N2ODirect_Equations.VEERG_4_5_1_3__2_Stage1NitrogenInMMS(Q$35,R75)} -> 136.656
D123: ='Input - Swine'!$D$34 -> Solid storage | E123: {=MMS_Swine_N2ODirect_Equations.VEERG_4_5_1_3__2_Stage1NitrogenInMMS(D$35,E100)} -> 671.6 | F123: {=MMS_Swine_N2ODirect_Equations.VEERG_4_5_1_3__2_Stage1NitrogenInMMS(E$35,F100)} -> 715.4 | G123: {=MMS_Swine_N2ODirect_Equations.VEERG_4_5_1_3__2_Stage1NitrogenInMMS(F$35,G100)} -> 671.6 | H123: {=MMS_Swine_N2ODirect_Equations.VEERG_4_5_1_3__2_Stage1NitrogenInMMS(G$35,H100)} -> 455.52 | N123: ='Input - Swine'!$D$34 -> Solid storage | O123: {=MMS_Swine_N2ODirect_Equations.VEERG_4_5_1_3__2_Stage1NitrogenInMMS(N$35,O100)} -> 671.6 | P123: {=MMS_Swine_N2ODirect_Equations.VEERG_4_5_1_3__2_Stage1NitrogenInMMS(O$35,P100)} -> 715.4 | Q123: {=MMS_Swine_N2ODirect_Equations.VEERG_4_5_1_3__2_Stage1NitrogenInMMS(P$35,Q100)} -> 671.6 | R123: {=MMS_Swine_N2ODirect_Equations.VEERG_4_5_1_3__2_Stage1NitrogenInMMS(Q$35,R100)} -> 455.52
A125: =HYPERLINK("#A1", "▲ Back to top") -> ▲ Back to top
D127: {=MMS_Swine_N2ODirect_Equations.VEERG_4_5_1_3__7_NitrogenTransferredToStage2MMS_Title()} -> Nitrogen transferred to treatment stage 2 MMS
...

Sheet 4.5.1.5-6 Atmos Dep
A1: #VALUE! | C1: 4.5.1.5-6 Atmospheric deposition N2O
A3: =HYPERLINK("#'Home'!A1", "Home") -> Home | D3: Method 1 | N3: Method 2
A4: =HYPERLINK("#'Overview'!A1", "Overview") -> Overview
A5: =HYPERLINK("#'Results'!A1", "Results") -> Results | D5: {=MMS_Swine_AtmosphericDeposition_Equations.VEERG_4_5_1_5__2_TotalNitrogenVolatilisedFromMMS_Title()} -> Total nitrogen volatilised from MMS
D6: {=MMS_Swine_AtmosphericDeposition_Equations.VEERG_4_5_1_5__2_TotalNitrogenVolatilisedFromMMS_Source()} -> VEERG 2026: 4.5.1.1, Equation (2)
A7: INPUTS | D7: Function name | E7: {=Common_InputFunctions.Utility_DisplayFunctionName(F73)} -> =MMS_Swine_AtmosphericDeposition_Equations.VEERG_4_5_1_5__2_TotalNitrogenVolatilisedFromMMS
A8: =HYPERLINK("#'Input - Site'!A1", "Site") -> Site
A9: =HYPERLINK("#'Input - Swine'!A1", "Swine") -> Swine
D10: Variable | E10: {=MMS_Swine_AtmosphericDeposition_Equations.VEERG_4_5_1_5__2_TotalNitrogenVolatilisedFromMMS_Variable()} -> MMS_ATMOS
A11: CALCULATIONS | D11: Unit | E11: {=MMS_Swine_AtmosphericDeposition_Equations.VEERG_4_5_1_5__2_TotalNitrogenVolatilisedFromMMS_Unit()} -> kg N
A12: =HYPERLINK("#'4.5.1.1-2 Methane'!A1", "4.5.1.1-2 Methane") -> 4.5.1.1-2 Methane
A13: =HYPERLINK("#'4.5.1.3-4 Direct N2O'!A1", "4.5.1.3-4 Direct N2O") -> 4.5.1.3-4 Direct N2O | D13: {=Common_InputFunctions.Utility_DisplayArguments_1_2(MMS_Swine_AtmosphericDeposition_Equations.VEERG_4_5_1_5__2_TotalNitrogenVolatilisedFromMMS_Arguments())} -> MN_jmT | E13: nitrogen per swine class, MMS and treatment stage | G13: {=Common_InputFunctions.Utility_DisplayArguments_3_4(MMS_Swine_AtmosphericDeposition_Equations.VEERG_4_5_1_5__2_TotalNitrogenVolatilisedFromMMS_Arguments())} -> kg N | H13: Calculated from 4.5.1.3 (2)(6) | I13: {=HYPERLINK(Common_InputFunctions.Utility_SourceHyperlink(D19), D19)} -> M1_Table_MN_j_m_T-1 | J13: {=HYPERLINK(Common_InputFunctions.Utility_SourceHyperlink(D29), D29)} -> M1_Table_MN_j_m_T-2
A14: =HYPERLINK("#'4.5.1.5-6 Atmos Dep'!A1", "4.5.1.5-6 Soil atm. deposition") -> 4.5.1.5-6 Soil atm. deposition | D14: FracGASMmT | E14: fraction of N volatilised in each MMS | G14: (kg NH3-N + NOx-N)/kg N | H14: Constant | I14: {=HYPERLINK(Common_InputFunctions.Utility_SourceHyperlink(D59), D59)} -> Table_FracGASM_m_t
A15: =HYPERLINK("#'4.5.1.7-8 Leaching and runoff'!A1", "4.5.1.7-8 Leaching & runoff") -> 4.5.1.7-8 Leaching & runoff
A16: =HYPERLINK("#'4.5.1.9 Manure applied to soils'!A1", "4.5.1.9 Manure applied to soils") -> 4.5.1.9 Manure applied to soils | D16: Note: Manure that is directly applied to soil after stage 1 is not included in Atmospheric Deposition calculations
D17: and instead is handled in 'Manure applied to soils'.
A18: APPENDICES
A19: =HYPERLINK("#'Constants - Swine'!A1", "Constants - Swine") -> Constants - Swine | D19: M1_Table_MN_j_m_T-1 | N19: M1_Table_MN_j_m_T-1
A20: =HYPERLINK("#'Constants - Livestock'!A1", "Constants - Livestock") -> Constants - Livestock | D20: Nitrogen in treatment stage 1 MMS (Method 1) | N20: Nitrogen in treatment stage 1 MMS (Method 1)
A21: =HYPERLINK("#'Constants - Common'!A1", "Constants - Common") -> Constants - Common | D21: Stage 1 management | E21: Boars | F21: Sows | G21: Gilts | H21: Others | N21: Stage 1 management | O21: Boars | P21: Sows | Q21: Gilts | R21: Others
A22: =HYPERLINK("#'Acknowledgements'!A1", "Acknowledgements") -> Acknowledgements | D22: ='Input - Swine'!$D$29 -> Anaerobic lagoon | E22: ='4.5.1.3-4 Direct N2O'!E118 -> 201.48 | F22: ='4.5.1.3-4 Direct N2O'!F118 -> 214.62 | G22: ='4.5.1.3-4 Direct N2O'!G118 -> 201.48 | H22: ='4.5.1.3-4 Direct N2O'!H118 -> 136.656 | I22: =$G$13 -> kg N | N22: ='Input - Swine'!$D$29 -> Anaerobic lagoon | O22: ='4.5.1.3-4 Direct N2O'!O118 -> 201.48 | P22: ='4.5.1.3-4 Direct N2O'!P118 -> 214.62 | Q22: ='4.5.1.3-4 Direct N2O'!Q118 -> 201.48 | R22: ='4.5.1.3-4 Direct N2O'!R118 -> 136.656 | S22: =$G$13 -> kg N
D23: ='Input - Swine'!$D$30 -> Drylot (feed pad) | E23: ='4.5.1.3-4 Direct N2O'!E119 -> 201.48 | F23: ='4.5.1.3-4 Direct N2O'!F119 -> 214.62 | G23: ='4.5.1.3-4 Direct N2O'!G119 -> 201.48 | H23: ='4.5.1.3-4 Direct N2O'!H119 -> 136.656 | N23: ='Input - Swine'!$D$30 -> Drylot (feed pad) | O23: ='4.5.1.3-4 Direct N2O'!O119 -> 201.48 | P23: ='4.5.1.3-4 Direct N2O'!P119 -> 214.62 | Q23: ='4.5.1.3-4 Direct N2O'!Q119 -> 201.48 | R23: ='4.5.1.3-4 Direct N2O'!R119 -> 136.656
D24: ='Input - Swine'!$D$31 -> Digester / covered lagoons | E24: ='4.5.1.3-4 Direct N2O'!E120 -> 201.48 | F24: ='4.5.1.3-4 Direct N2O'!F120 -> 214.62 | G24: ='4.5.1.3-4 Direct N2O'!G120 -> 201.48 | H24: ='4.5.1.3-4 Direct N2O'!H120 -> 136.656 | N24: ='Input - Swine'!$D$31 -> Digester / covered lagoons | O24: ='4.5.1.3-4 Direct N2O'!O120 -> 201.48 | P24: ='4.5.1.3-4 Direct N2O'!P120 -> 214.62 | Q24: ='4.5.1.3-4 Direct N2O'!Q120 -> 201.48 | R24: ='4.5.1.3-4 Direct N2O'!R120 -> 136.656
D25: ='Input - Swine'!$D$32 -> Deep litter | E25: ='4.5.1.3-4 Direct N2O'!E121 -> 201.48 | F25: ='4.5.1.3-4 Direct N2O'!F121 -> 214.62 | G25: ='4.5.1.3-4 Direct N2O'!G121 -> 201.48 | H25: ='4.5.1.3-4 Direct N2O'!H121 -> 136.656 | N25: ='Input - Swine'!$D$32 -> Deep litter | O25: ='4.5.1.3-4 Direct N2O'!O121 -> 201.48 | P25: ='4.5.1.3-4 Direct N2O'!P121 -> 214.62 | Q25: ='4.5.1.3-4 Direct N2O'!Q121 -> 201.48 | R25: ='4.5.1.3-4 Direct N2O'!R121 -> 136.656
D26: ='Input - Swine'!$D$33 -> Pit storage | E26: ='4.5.1.3-4 Direct N2O'!E122 -> 201.48 | F26: ='4.5.1.3-4 Direct N2O'!F122 -> 214.62 | G26: ='4.5.1.3-4 Direct N2O'!G122 -> 201.48 | H26: ='4.5.1.3-4 Direct N2O'!H122 -> 136.656 | N26: ='Input - Swine'!$D$33 -> Pit storage | O26: ='4.5.1.3-4 Direct N2O'!O122 -> 201.48 | P26: ='4.5.1.3-4 Direct N2O'!P122 -> 214.62 | Q26: ='4.5.1.3-4 Direct N2O'!Q122 -> 201.48 | R26: ='4.5.1.3-4 Direct N2O'!R122 -> 136.656
D27: ='Input - Swine'!$D$34 -> Solid storage | E27: ='4.5.1.3-4 Direct N2O'!E123 -> 671.6 | F27: ='4.5.1.3-4 Direct N2O'!F123 -> 715.4 | G27: ='4.5.1.3-4 Direct N2O'!G123 -> 671.6 | H27: ='4.5.1.3-4 Direct N2O'!H123 -> 455.52 | N27: ='Input - Swine'!$D$34 -> Solid storage | O27: ='4.5.1.3-4 Direct N2O'!O123 -> 671.6 | P27: ='4.5.1.3-4 Direct N2O'!P123 -> 715.4 | Q27: ='4.5.1.3-4 Direct N2O'!Q123 -> 671.6 | R27: ='4.5.1.3-4 Direct N2O'!R123 -> 455.52
D29: M1_Table_MN_j_m_T-2 | N29: M1_Table_MN_j_m_T-2
D30: Nitrogen in stage 2 MMS (Method 1) | N30: Nitrogen in stage 2 MMS (Method 1)
D31: Stage 1 management | E31: Stage 2 management | F31: Boars | G31: Sows | H31: Gilts | I31: Others | N31: Stage 1 management | O31: Stage 2 management | P31: Boars | Q31: Sows | R31: Gilts | S31: Others
D32: ='Input - Swine'!$D$29 -> Anaerobic lagoon | E32: ='Input - Swine'!$D$48 -> Digester / covered lagoons | F32: ='4.5.1.3-4 Direct N2O'!F217 -> 18.1332 | G32: ='4.5.1.3-4 Direct N2O'!G217 -> 24.14475 | H32: ='4.5.1.3-4 Direct N2O'!H217 -> 22.6665 | I32: ='4.5.1.3-4 Direct N2O'!I217 -> 15.3738 | J32: =$G$13 -> kg N | N32: ='Input - Swine'!$D$29 -> Anaerobic lagoon | O32: ='Input - Swine'!$D$48 -> Digester / covered lagoons | P32: ='4.5.1.3-4 Direct N2O'!P217 -> 18.1332 | Q32: ='4.5.1.3-4 Direct N2O'!Q217 -> 24.14475 | R32: ='4.5.1.3-4 Direct N2O'!R217 -> 22.6665 | S32: ='4.5.1.3-4 Direct N2O'!S217 -> 15.3738 | T32: =$G$13 -> kg N
E33: ='Input - Swine'!$D$49 -> Deep litter | F33: ='4.5.1.3-4 Direct N2O'!F218 -> 18.1332 | G33: ='4.5.1.3-4 Direct N2O'!G218 -> 24.14475 | H33: ='4.5.1.3-4 Direct N2O'!H218 -> 22.6665 | I33: ='4.5.1.3-4 Direct N2O'!I218 -> 15.3738 | O33: ='Input - Swine'!$D$49 -> Deep litter | P33: ='4.5.1.3-4 Direct N2O'!P218 -> 18.1332 | Q33: ='4.5.1.3-4 Direct N2O'!Q218 -> 24.14475 | R33: ='4.5.1.3-4 Direct N2O'!R218 -> 22.6665 | S33: ='4.5.1.3-4 Direct N2O'!S218 -> 15.3738
E34: ='Input - Swine'!$D$50 -> Pit storage | F34: ='4.5.1.3-4 Direct N2O'!F219 -> 18.1332 | G34: ='4.5.1.3-4 Direct N2O'!G219 -> 24.14475 | H34: ='4.5.1.3-4 Direct N2O'!H219 -> 22.6665 | I34: ='4.5.1.3-4 Direct N2O'!I219 -> 15.3738 | O34: ='Input - Swine'!$D$50 -> Pit storage | P34: ='4.5.1.3-4 Direct N2O'!P219 -> 18.1332 | Q34: ='4.5.1.3-4 Direct N2O'!Q219 -> 24.14475 | R34: ='4.5.1.3-4 Direct N2O'!R219 -> 22.6665 | S34: ='4.5.1.3-4 Direct N2O'!S219 -> 15.3738
E35: ='Input - Swine'!$D$51 -> Direct application | F35: ='4.5.1.3-4 Direct N2O'!F220 -> 36.2664 | G35: ='4.5.1.3-4 Direct N2O'!G220 -> 24.14475 | H35: ='4.5.1.3-4 Direct N2O'!H220 -> 22.6665 | I35: ='4.5.1.3-4 Direct N2O'!I220 -> 15.3738 | O35: ='Input - Swine'!$D$51 -> Direct application | P35: ='4.5.1.3-4 Direct N2O'!P220 -> 36.2664 | Q35: ='4.5.1.3-4 Direct N2O'!Q220 -> 24.14475 | R35: ='4.5.1.3-4 Direct N2O'!R220 -> 22.6665 | S35: ='4.5.1.3-4 Direct N2O'!S220 -> 15.3738
D36: ='Input - Swine'!$D$30 -> Drylot (feed pad) | E36: ='Input - Swine'!$D$55 -> Anaerobic lagoon | F36: ='4.5.1.3-4 Direct N2O'!F221 -> 27.40128 | G36: ='4.5.1.3-4 Direct N2O'!G221 -> 36.4854 | H36: ='4.5.1.3-4 Direct N2O'!H221 -> 34.2516 | I36: ='4.5.1.3-4 Direct N2O'!I221 -> 23.23152 | N36: ='Input - Swine'!$D$30 -> Drylot (feed pad) | O36: ='Input - Swine'!$D$55 -> Anaerobic lagoon | P36: ='4.5.1.3-4 Direct N2O'!P221 -> 27.40128 | Q36: ='4.5.1.3-4 Direct N2O'!Q221 -> 36.4854 | R36: ='4.5.1.3-4 Direct N2O'!R221 -> 34.2516 | S36: ='4.5.1.3-4 Direct N2O'!S221 -> 23.23152
E37: ='Input - Swine'!$D$56 -> Digester / covered lagoons | F37: ='4.5.1.3-4 Direct N2O'!F222 -> 27.40128 | G37: ='4.5.1.3-4 Direct N2O'!G222 -> 36.4854 | H37: ='4.5.1.3-4 Direct N2O'!H222 -> 34.2516 | I37: ='4.5.1.3-4 Direct N2O'!I222 -> 23.23152 | O37: ='Input - Swine'!$D$56 -> Digester / covered lagoons | P37: ='4.5.1.3-4 Direct N2O'!P222 -> 27.40128 | Q37: ='4.5.1.3-4 Direct N2O'!Q222 -> 36.4854 | R37: ='4.5.1.3-4 Direct N2O'!R222 -> 34.2516 | S37: ='4.5.1.3-4 Direct N2O'!S222 -> 23.23152
E38: ='Input - Swine'!$D$57 -> Deep litter | F38: ='4.5.1.3-4 Direct N2O'!F223 -> 27.40128 | G38: ='4.5.1.3-4 Direct N2O'!G223 -> 36.4854 | H38: ='4.5.1.3-4 Direct N2O'!H223 -> 34.2516 | I38: ='4.5.1.3-4 Direct N2O'!I223 -> 23.23152 | O38: ='Input - Swine'!$D$57 -> Deep litter | P38: ='4.5.1.3-4 Direct N2O'!P223 -> 27.40128 | Q38: ='4.5.1.3-4 Direct N2O'!Q223 -> 36.4854 | R38: ='4.5.1.3-4 Direct N2O'!R223 -> 34.2516 | S38: ='4.5.1.3-4 Direct N2O'!S223 -> 23.23152
E39: ='Input - Swine'!$D$58 -> Pit storage | F39: ='4.5.1.3-4 Direct N2O'!F224 -> 27.40128 | G39: ='4.5.1.3-4 Direct N2O'!G224 -> 36.4854 | H39: ='4.5.1.3-4 Direct N2O'!H224 -> 34.2516 | I39: ='4.5.1.3-4 Direct N2O'!I224 -> 23.23152 | O39: ='Input - Swine'!$D$58 -> Pit storage | P39: ='4.5.1.3-4 Direct N2O'!P224 -> 27.40128 | Q39: ='4.5.1.3-4 Direct N2O'!Q224 -> 36.4854 | R39: ='4.5.1.3-4 Direct N2O'!R224 -> 34.2516 | S39: ='4.5.1.3-4 Direct N2O'!S224 -> 23.23152
E40: ='Input - Swine'!$D$59 -> Direct application | F40: ='4.5.1.3-4 Direct N2O'!F225 -> 27.40128 | G40: ='4.5.1.3-4 Direct N2O'!G225 -> 0 | H40: ='4.5.1.3-4 Direct N2O'!H225 -> 0 | I40: ='4.5.1.3-4 Direct N2O'!I225 -> 0 | O40: ='Input - Swine'!$D$59 -> Direct application | P40: ='4.5.1.3-4 Direct N2O'!P225 -> 27.40128 | Q40: ='4.5.1.3-4 Direct N2O'!Q225 -> 0 | R40: ='4.5.1.3-4 Direct N2O'!R225 -> 0 | S40: ='4.5.1.3-4 Direct N2O'!S225 -> 0
D41: ='Input - Swine'!$D$31 -> Digester / covered lagoons | E41: ='Input - Swine'!$D$63 -> Anaerobic lagoon | F41: ='4.5.1.3-4 Direct N2O'!F226 -> 40.296 | G41: ='4.5.1.3-4 Direct N2O'!G226 -> 53.655 | H41: ='4.5.1.3-4 Direct N2O'!H226 -> 50.37 | I41: ='4.5.1.3-4 Direct N2O'!I226 -> 34.164 | N41: ='Input - Swine'!$D$31 -> Digester / covered lagoons | O41: ='Input - Swine'!$D$63 -> Anaerobic lagoon | P41: ='4.5.1.3-4 Direct N2O'!P226 -> 40.296 | Q41: ='4.5.1.3-4 Direct N2O'!Q226 -> 53.655 | R41: ='4.5.1.3-4 Direct N2O'!R226 -> 50.37 | S41: ='4.5.1.3-4 Direct N2O'!S226 -> 34.164
E42: ='Input - Swine'!$D$64 -> Deep litter | F42: ='4.5.1.3-4 Direct N2O'!F227 -> 40.296 | G42: ='4.5.1.3-4 Direct N2O'!G227 -> 53.655 | H42: ='4.5.1.3-4 Direct N2O'!H227 -> 50.37 | I42: ='4.5.1.3-4 Direct N2O'!I227 -> 34.164 | O42: ='Input - Swine'!$D$64 -> Deep litter | P42: ='4.5.1.3-4 Direct N2O'!P227 -> 40.296 | Q42: ='4.5.1.3-4 Direct N2O'!Q227 -> 53.655 | R42: ='4.5.1.3-4 Direct N2O'!R227 -> 50.37 | S42: ='4.5.1.3-4 Direct N2O'!S227 -> 34.164
E43: ='Input - Swine'!$D$65 -> Pit storage | F43: ='4.5.1.3-4 Direct N2O'!F228 -> 40.296 | G43: ='4.5.1.3-4 Direct N2O'!G228 -> 53.655 | H43: ='4.5.1.3-4 Direct N2O'!H228 -> 50.37 | I43: ='4.5.1.3-4 Direct N2O'!I228 -> 34.164 | O43: ='Input - Swine'!$D$65 -> Pit storage | P43: ='4.5.1.3-4 Direct N2O'!P228 -> 40.296 | Q43: ='4.5.1.3-4 Direct N2O'!Q228 -> 53.655 | R43: ='4.5.1.3-4 Direct N2O'!R228 -> 50.37 | S43: ='4.5.1.3-4 Direct N2O'!S228 -> 34.164
E44: ='Input - Swine'!$D$66 -> Direct application | F44: ='4.5.1.3-4 Direct N2O'!F229 -> 80.592 | G44: ='4.5.1.3-4 Direct N2O'!G229 -> 53.655 | H44: ='4.5.1.3-4 Direct N2O'!H229 -> 50.37 | I44: ='4.5.1.3-4 Direct N2O'!I229 -> 34.164 | O44: ='Input - Swine'!$D$66 -> Direct application | P44: ='4.5.1.3-4 Direct N2O'!P229 -> 80.592 | Q44: ='4.5.1.3-4 Direct N2O'!Q229 -> 53.655 | R44: ='4.5.1.3-4 Direct N2O'!R229 -> 50.37 | S44: ='4.5.1.3-4 Direct N2O'!S229 -> 34.164
D45: ='Input - Swine'!$D$32 -> Deep litter | E45: ='Input - Swine'!$D$70 -> Anaerobic lagoon | F45: ='4.5.1.3-4 Direct N2O'!F230 -> 34.85604 | G45: ='4.5.1.3-4 Direct N2O'!G230 -> 46.411575 | H45: ='4.5.1.3-4 Direct N2O'!H230 -> 43.57005 | I45: ='4.5.1.3-4 Direct N2O'!I230 -> 29.55186 | N45: ='Input - Swine'!$D$32 -> Deep litter | O45: ='Input - Swine'!$D$70 -> Anaerobic lagoon | P45: ='4.5.1.3-4 Direct N2O'!P230 -> 34.85604 | Q45: ='4.5.1.3-4 Direct N2O'!Q230 -> 46.411575 | R45: ='4.5.1.3-4 Direct N2O'!R230 -> 43.57005 | S45: ='4.5.1.3-4 Direct N2O'!S230 -> 29.55186
E46: ='Input - Swine'!$D$71 -> Digester / covered lagoons | F46: ='4.5.1.3-4 Direct N2O'!F231 -> 34.85604 | G46: ='4.5.1.3-4 Direct N2O'!G231 -> 46.411575 | H46: ='4.5.1.3-4 Direct N2O'!H231 -> 43.57005 | I46: ='4.5.1.3-4 Direct N2O'!I231 -> 29.55186 | O46: ='Input - Swine'!$D$71 -> Digester / covered lagoons | P46: ='4.5.1.3-4 Direct N2O'!P231 -> 34.85604 | Q46: ='4.5.1.3-4 Direct N2O'!Q231 -> 46.411575 | R46: ='4.5.1.3-4 Direct N2O'!R231 -> 43.57005 | S46: ='4.5.1.3-4 Direct N2O'!S231 -> 29.55186
E47: ='Input - Swine'!$D$72 -> Pit storage | F47: ='4.5.1.3-4 Direct N2O'!F232 -> 34.85604 | G47: ='4.5.1.3-4 Direct N2O'!G232 -> 46.411575 | H47: ='4.5.1.3-4 Direct N2O'!H232 -> 43.57005 | I47: ='4.5.1.3-4 Direct N2O'!I232 -> 29.55186 | O47: ='Input - Swine'!$D$72 -> Pit storage | P47: ='4.5.1.3-4 Direct N2O'!P232 -> 34.85604 | Q47: ='4.5.1.3-4 Direct N2O'!Q232 -> 46.411575 | R47: ='4.5.1.3-4 Direct N2O'!R232 -> 43.57005 | S47: ='4.5.1.3-4 Direct N2O'!S232 -> 29.55186
E48: ='Input - Swine'!$D$73 -> Direct application | F48: ='4.5.1.3-4 Direct N2O'!F233 -> 69.71208 | G48: ='4.5.1.3-4 Direct N2O'!G233 -> 46.411575 | H48: ='4.5.1.3-4 Direct N2O'!H233 -> 43.57005 | I48: ='4.5.1.3-4 Direct N2O'!I233 -> 29.55186 | O48: ='Input - Swine'!$D$73 -> Direct application | P48: ='4.5.1.3-4 Direct N2O'!P233 -> 69.71208 | Q48: ='4.5.1.3-4 Direct N2O'!Q233 -> 46.411575 | R48: ='4.5.1.3-4 Direct N2O'!R233 -> 43.57005 | S48: ='4.5.1.3-4 Direct N2O'!S233 -> 29.55186
D49: ='Input - Swine'!$D$33 -> Pit storage | E49: ='Input - Swine'!$D$77 -> Anaerobic lagoon | F49: ='4.5.1.3-4 Direct N2O'!F234 -> 30.141408 | G49: ='4.5.1.3-4 Direct N2O'!G234 -> 40.13394 | H49: ='4.5.1.3-4 Direct N2O'!H234 -> 37.67676 | I49: ='4.5.1.3-4 Direct N2O'!I234 -> 25.554672 | N49: ='Input - Swine'!$D$33 -> Pit storage | O49: ='Input - Swine'!$D$77 -> Anaerobic lagoon | P49: ='4.5.1.3-4 Direct N2O'!P234 -> 30.141408 | Q49: ='4.5.1.3-4 Direct N2O'!Q234 -> 40.13394 | R49: ='4.5.1.3-4 Direct N2O'!R234 -> 37.67676 | S49: ='4.5.1.3-4 Direct N2O'!S234 -> 25.554672
E50: ='Input - Swine'!$D$78 -> Digester / covered lagoons | F50: ='4.5.1.3-4 Direct N2O'!F235 -> 30.141408 | G50: ='4.5.1.3-4 Direct N2O'!G235 -> 40.13394 | H50: ='4.5.1.3-4 Direct N2O'!H235 -> 37.67676 | I50: ='4.5.1.3-4 Direct N2O'!I235 -> 25.554672 | O50: ='Input - Swine'!$D$78 -> Digester / covered lagoons | P50: ='4.5.1.3-4 Direct N2O'!P235 -> 30.141408 | Q50: ='4.5.1.3-4 Direct N2O'!Q235 -> 40.13394 | R50: ='4.5.1.3-4 Direct N2O'!R235 -> 37.67676 | S50: ='4.5.1.3-4 Direct N2O'!S235 -> 25.554672
E51: ='Input - Swine'!$D$79 -> Deep litter | F51: ='4.5.1.3-4 Direct N2O'!F236 -> 30.141408 | G51: ='4.5.1.3-4 Direct N2O'!G236 -> 40.13394 | H51: ='4.5.1.3-4 Direct N2O'!H236 -> 37.67676 | I51: ='4.5.1.3-4 Direct N2O'!I236 -> 25.554672 | O51: ='Input - Swine'!$D$79 -> Deep litter | P51: ='4.5.1.3-4 Direct N2O'!P236 -> 30.141408 | Q51: ='4.5.1.3-4 Direct N2O'!Q236 -> 40.13394 | R51: ='4.5.1.3-4 Direct N2O'!R236 -> 37.67676 | S51: ='4.5.1.3-4 Direct N2O'!S236 -> 25.554672
E52: ='Input - Swine'!$D$80 -> Direct application | F52: ='4.5.1.3-4 Direct N2O'!F237 -> 60.282816 | G52: ='4.5.1.3-4 Direct N2O'!G237 -> 40.13394 | H52: ='4.5.1.3-4 Direct N2O'!H237 -> 37.67676 | I52: ='4.5.1.3-4 Direct N2O'!I237 -> 25.554672 | O52: ='Input - Swine'!$D$80 -> Direct application | P52: ='4.5.1.3-4 Direct N2O'!P237 -> 60.282816 | Q52: ='4.5.1.3-4 Direct N2O'!Q237 -> 40.13394 | R52: ='4.5.1.3-4 Direct N2O'!R237 -> 37.67676 | S52: ='4.5.1.3-4 Direct N2O'!S237 -> 25.554672
D53: ='Input - Swine'!$D$34 -> Solid storage | E53: ='Input - Swine'!$D$84 -> Anaerobic lagoon | F53: ='4.5.1.3-4 Direct N2O'!F238 -> 106.7844 | G53: ='4.5.1.3-4 Direct N2O'!G238 -> 113.7486 | H53: ='4.5.1.3-4 Direct N2O'!H238 -> 106.7844 | I53: ='4.5.1.3-4 Direct N2O'!I238 -> 72.42768 | N53: ='Input - Swine'!$D$34 -> Solid storage | O53: ='Input - Swine'!$D$84 -> Anaerobic lagoon | P53: ='4.5.1.3-4 Direct N2O'!P238 -> 106.7844 | Q53: ='4.5.1.3-4 Direct N2O'!Q238 -> 113.7486 | R53: ='4.5.1.3-4 Direct N2O'!R238 -> 106.7844 | S53: ='4.5.1.3-4 Direct N2O'!S238 -> 72.42768
E54: ='Input - Swine'!$D$85 -> Digester / covered lagoons | F54: ='4.5.1.3-4 Direct N2O'!F239 -> 106.7844 | G54: ='4.5.1.3-4 Direct N2O'!G239 -> 113.7486 | H54: ='4.5.1.3-4 Direct N2O'!H239 -> 106.7844 | I54: ='4.5.1.3-4 Direct N2O'!I239 -> 72.42768 | O54: ='Input - Swine'!$D$85 -> Digester / covered lagoons | P54: ='4.5.1.3-4 Direct N2O'!P239 -> 106.7844 | Q54: ='4.5.1.3-4 Direct N2O'!Q239 -> 113.7486 | R54: ='4.5.1.3-4 Direct N2O'!R239 -> 106.7844 | S54: ='4.5.1.3-4 Direct N2O'!S239 -> 72.42768
E55: ='Input - Swine'!$D$86 -> Deep litter | F55: ='4.5.1.3-4 Direct N2O'!F240 -> 106.7844 | G55: ='4.5.1.3-4 Direct N2O'!G240 -> 113.7486 | H55: ='4.5.1.3-4 Direct N2O'!H240 -> 106.7844 | I55: ='4.5.1.3-4 Direct N2O'!I240 -> 72.42768 | O55: ='Input - Swine'!$D$86 -> Deep litter | P55: ='4.5.1.3-4 Direct N2O'!P240 -> 106.7844 | Q55: ='4.5.1.3-4 Direct N2O'!Q240 -> 113.7486 | R55: ='4.5.1.3-4 Direct N2O'!R240 -> 106.7844 | S55: ='4.5.1.3-4 Direct N2O'!S240 -> 72.42768
E56: ='Input - Swine'!$D$87 -> Pit storage | F56: ='4.5.1.3-4 Direct N2O'!F241 -> 53.3922 | G56: ='4.5.1.3-4 Direct N2O'!G241 -> 56.8743 | H56: ='4.5.1.3-4 Direct N2O'!H241 -> 53.3922 | I56: ='4.5.1.3-4 Direct N2O'!I241 -> 36.21384 | O56: ='Input - Swine'!$D$87 -> Pit storage | P56: ='4.5.1.3-4 Direct N2O'!P241 -> 53.3922 | Q56: ='4.5.1.3-4 Direct N2O'!Q241 -> 56.8743 | R56: ='4.5.1.3-4 Direct N2O'!R241 -> 53.3922 | S56: ='4.5.1.3-4 Direct N2O'!S241 -> 36.21384
E57: ='Input - Swine'!$D$88 -> Direct application | F57: ='4.5.1.3-4 Direct N2O'!F242 -> 160.1766 | G57: ='4.5.1.3-4 Direct N2O'!G242 -> 170.6229 | H57: ='4.5.1.3-4 Direct N2O'!H242 -> 160.1766 | I57: ='4.5.1.3-4 Direct N2O'!I242 -> 108.64152 | O57: ='Input - Swine'!$D$88 -> Direct application | P57: ='4.5.1.3-4 Direct N2O'!P242 -> 160.1766 | Q57: ='4.5.1.3-4 Direct N2O'!Q242 -> 170.6229 | R57: ='4.5.1.3-4 Direct N2O'!R242 -> 160.1766 | S57: ='4.5.1.3-4 Direct N2O'!S242 -> 108.64152
D59: Table_FracGASM_m_t
D60: Fraction of N volatilised from MMS
A61: =HYPERLINK("#A1", "▲ Back to top") -> ▲ Back to top | D61: Stage 1 management | E61: FracGASMm
D62: ='Input - Swine'!$D$29 -> Anaerobic lagoon | E62: {=Common_InputFunctions.Utility_LookupValueInTableNumber(D62, Table_SourceData_Swine_FracGASM[NIR reference],Table_SourceData_Swine_FracGASM[FracGASMmT])} -> 0.55 | F62: =G14 -> (kg NH3-N + NOx-N)/kg N
D63: ='Input - Swine'!$D$30 -> Drylot (feed pad) | E63: {=Common_InputFunctions.Utility_LookupValueInTableNumber(D63, Table_SourceData_Swine_FracGASM[NIR reference],Table_SourceData_Swine_FracGASM[FracGASMmT])} -> 0.3
D64: ='Input - Swine'!$D$31 -> Digester / covered lagoons | E64: {=Common_InputFunctions.Utility_LookupValueInTableNumber(D64, Table_SourceData_Swine_FracGASM[NIR reference],Table_SourceData_Swine_FracGASM[FracGASMmT])} -> 0
D65: ='Input - Swine'!$D$32 -> Deep litter | E65: {=Common_InputFunctions.Utility_LookupValueInTableNumber(D65, Table_SourceData_Swine_FracGASM[NIR reference],Table_SourceData_Swine_FracGASM[FracGASMmT])} -> 0.125
D66: ='Input - Swine'!$D$33 -> Pit storage | E66: {=Common_InputFunctions.Utility_LookupValueInTableNumber(D66, Table_SourceData_Swine_FracGASM[NIR reference],Table_SourceData_Swine_FracGASM[FracGASMmT])} -> 0.25
D67: ='Input - Swine'!$D$34 -> Solid storage | E67: {=Common_InputFunctions.Utility_LookupValueInTableNumber(D67, Table_SourceData_Swine_FracGASM[NIR reference],Table_SourceData_Swine_FracGASM[FracGASMmT])} -> 0.2
D68: ='Constants - Swine'!D47 -> Direct application | E68: {=Common_InputFunctions.Utility_LookupValueInTableNumber(D68, Table_SourceData_Swine_FracGASM[NIR reference],Table_SourceData_Swine_FracGASM[FracGASMmT])} -> 0
D70: M1_Table_E_N2O_dir | N70: M1_Table_E_N2O_dir
D71: Total direct nitrous oxide emissions from MMS (Method 1) | N71: Total direct nitrous oxide emissions from MMS (Method 1)
D72: Stage 1 management | E72: Stage 2 management | F72: Boars | G72: Sows | H72: Gilts | I72: Others | N72: Stage 1 management | O72: Stage 2 management | P72: Boars | Q72: Sows | R72: Gilts | S72: Others
D73: ='Input - Swine'!$D$29 -> Anaerobic lagoon | E73: N/A | F73: {=MMS_Swine_AtmosphericDeposition_Equations.VEERG_4_5_1_5__2_TotalNitrogenVolatilisedFromMMS(E22,_xlfn.XLOOKUP($D73,$D$62:$D$68,$E$62:$E$68))} -> 110.814 | G73: {=MMS_Swine_AtmosphericDeposition_Equations.VEERG_4_5_1_5__2_TotalNitrogenVolatilisedFromMMS(F22,_xlfn.XLOOKUP($D73,$D$62:$D$68,$E$62:$E$68))} -> 118.041 | H73: {=MMS_Swine_AtmosphericDeposition_Equations.VEERG_4_5_1_5__2_TotalNitrogenVolatilisedFromMMS(G22,_xlfn.XLOOKUP($D73,$D$62:$D$68,$E$62:$E$68))} -> 110.814 | I73: {=MMS_Swine_AtmosphericDeposition_Equations.VEERG_4_5_1_5__2_TotalNitrogenVolatilisedFromMMS(H22,_xlfn.XLOOKUP($D73,$D$62:$D$68,$E$62:$E$68))} -> 75.1608 | J73: =$E$11 -> kg N | N73: ='Input - Swine'!$D$29 -> Anaerobic lagoon | O73: N/A | P73: {=MMS_Swine_AtmosphericDeposition_Equations.VEERG_4_5_1_5__2_TotalNitrogenVolatilisedFromMMS(O22,_xlfn.XLOOKUP($N73,$D$62:$D$68,$E$62:$E$68))} -> 110.814 | Q73: {=MMS_Swine_AtmosphericDeposition_Equations.VEERG_4_5_1_5__2_TotalNitrogenVolatilisedFromMMS(P22,_xlfn.XLOOKUP($N73,$D$62:$D$68,$E$62:$E$68))} -> 118.041 | R73: {=MMS_Swine_AtmosphericDeposition_Equations.VEERG_4_5_1_5__2_TotalNitrogenVolatilisedFromMMS(Q22,_xlfn.XLOOKUP($N73,$D$62:$D$68,$E$62:$E$68))} -> 110.814 | S73: {=MMS_Swine_AtmosphericDeposition_Equations.VEERG_4_5_1_5__2_TotalNitrogenVolatilisedFromMMS(R22,_xlfn.XLOOKUP($N73,$D$62:$D$68,$E$62:$E$68))} -> 75.1608 | T73: =$E$11 -> kg N
D74: ='Input - Swine'!$D$30 -> Drylot (feed pad) | E74: N/A | F74: {=MMS_Swine_AtmosphericDeposition_Equations.VEERG_4_5_1_5__2_TotalNitrogenVolatilisedFromMMS(E23,_xlfn.XLOOKUP($D74,$D$62:$D$68,$E$62:$E$68))} -> 60.444 | G74: {=MMS_Swine_AtmosphericDeposition_Equations.VEERG_4_5_1_5__2_TotalNitrogenVolatilisedFromMMS(F23,_xlfn.XLOOKUP($D74,$D$62:$D$68,$E$62:$E$68))} -> 64.386 | H74: {=MMS_Swine_AtmosphericDeposition_Equations.VEERG_4_5_1_5__2_TotalNitrogenVolatilisedFromMMS(G23,_xlfn.XLOOKUP($D74,$D$62:$D$68,$E$62:$E$68))} -> 60.444 | I74: {=MMS_Swine_AtmosphericDeposition_Equations.VEERG_4_5_1_5__2_TotalNitrogenVolatilisedFromMMS(H23,_xlfn.XLOOKUP($D74,$D$62:$D$68,$E$62:$E$68))} -> 40.9968 | N74: ='Input - Swine'!$D$30 -> Drylot (feed pad) | O74: N/A | P74: {=MMS_Swine_AtmosphericDeposition_Equations.VEERG_4_5_1_5__2_TotalNitrogenVolatilisedFromMMS(O23,_xlfn.XLOOKUP($N74,$D$62:$D$68,$E$62:$E$68))} -> 60.444 | Q74: {=MMS_Swine_AtmosphericDeposition_Equations.VEERG_4_5_1_5__2_TotalNitrogenVolatilisedFromMMS(P23,_xlfn.XLOOKUP($N74,$D$62:$D$68,$E$62:$E$68))} -> 64.386 | R74: {=MMS_Swine_AtmosphericDeposition_Equations.VEERG_4_5_1_5__2_TotalNitrogenVolatilisedFromMMS(Q23,_xlfn.XLOOKUP($N74,$D$62:$D$68,$E$62:$E$68))} -> 60.444 | S74: {=MMS_Swine_AtmosphericDeposition_Equations.VEERG_4_5_1_5__2_TotalNitrogenVolatilisedFromMMS(R23,_xlfn.XLOOKUP($N74,$D$62:$D$68,$E$62:$E$68))} -> 40.9968
D75: ='Input - Swine'!$D$31 -> Digester / covered lagoons | E75: N/A | F75: {=MMS_Swine_AtmosphericDeposition_Equations.VEERG_4_5_1_5__2_TotalNitrogenVolatilisedFromMMS(E24,_xlfn.XLOOKUP($D75,$D$62:$D$68,$E$62:$E$68))} -> 0 | G75: {=MMS_Swine_AtmosphericDeposition_Equations.VEERG_4_5_1_5__2_TotalNitrogenVolatilisedFromMMS(F24,_xlfn.XLOOKUP($D75,$D$62:$D$68,$E$62:$E$68))} -> 0 | H75: {=MMS_Swine_AtmosphericDeposition_Equations.VEERG_4_5_1_5__2_TotalNitrogenVolatilisedFromMMS(G24,_xlfn.XLOOKUP($D75,$D$62:$D$68,$E$62:$E$68))} -> 0 | I75: {=MMS_Swine_AtmosphericDeposition_Equations.VEERG_4_5_1_5__2_TotalNitrogenVolatilisedFromMMS(H24,_xlfn.XLOOKUP($D75,$D$62:$D$68,$E$62:$E$68))} -> 0 | N75: ='Input - Swine'!$D$31 -> Digester / covered lagoons | O75: N/A | P75: {=MMS_Swine_AtmosphericDeposition_Equations.VEERG_4_5_1_5__2_TotalNitrogenVolatilisedFromMMS(O24,_xlfn.XLOOKUP($N75,$D$62:$D$68,$E$62:$E$68))} -> 0 | Q75: {=MMS_Swine_AtmosphericDeposition_Equations.VEERG_4_5_1_5__2_TotalNitrogenVolatilisedFromMMS(P24,_xlfn.XLOOKUP($N75,$D$62:$D$68,$E$62:$E$68))} -> 0 | R75: {=MMS_Swine_AtmosphericDeposition_Equations.VEERG_4_5_1_5__2_TotalNitrogenVolatilisedFromMMS(Q24,_xlfn.XLOOKUP($N75,$D$62:$D$68,$E$62:$E$68))} -> 0 | S75: {=MMS_Swine_AtmosphericDeposition_Equations.VEERG_4_5_1_5__2_TotalNitrogenVolatilisedFromMMS(R24,_xlfn.XLOOKUP($N75,$D$62:$D$68,$E$62:$E$68))} -> 0
D76: ='Input - Swine'!$D$32 -> Deep litter | E76: N/A | F76: {=MMS_Swine_AtmosphericDeposition_Equations.VEERG_4_5_1_5__2_TotalNitrogenVolatilisedFromMMS(E25,_xlfn.XLOOKUP($D76,$D$62:$D$68,$E$62:$E$68))} -> 25.185 | G76: {=MMS_Swine_AtmosphericDeposition_Equations.VEERG_4_5_1_5__2_TotalNitrogenVolatilisedFromMMS(F25,_xlfn.XLOOKUP($D76,$D$62:$D$68,$E$62:$E$68))} -> 26.8275 | H76: {=MMS_Swine_AtmosphericDeposition_Equations.VEERG_4_5_1_5__2_TotalNitrogenVolatilisedFromMMS(G25,_xlfn.XLOOKUP($D76,$D$62:$D$68,$E$62:$E$68))} -> 25.185 | I76: {=MMS_Swine_AtmosphericDeposition_Equations.VEERG_4_5_1_5__2_TotalNitrogenVolatilisedFromMMS(H25,_xlfn.XLOOKUP($D76,$D$62:$D$68,$E$62:$E$68))} -> 17.082 | N76: ='Input - Swine'!$D$32 -> Deep litter | O76: N/A | P76: {=MMS_Swine_AtmosphericDeposition_Equations.VEERG_4_5_1_5__2_TotalNitrogenVolatilisedFromMMS(O25,_xlfn.XLOOKUP($N76,$D$62:$D$68,$E$62:$E$68))} -> 25.185 | Q76: {=MMS_Swine_AtmosphericDeposition_Equations.VEERG_4_5_1_5__2_TotalNitrogenVolatilisedFromMMS(P25,_xlfn.XLOOKUP($N76,$D$62:$D$68,$E$62:$E$68))} -> 26.8275 | R76: {=MMS_Swine_AtmosphericDeposition_Equations.VEERG_4_5_1_5__2_TotalNitrogenVolatilisedFromMMS(Q25,_xlfn.XLOOKUP($N76,$D$62:$D$68,$E$62:$E$68))} -> 25.185 | S76: {=MMS_Swine_AtmosphericDeposition_Equations.VEERG_4_5_1_5__2_TotalNitrogenVolatilisedFromMMS(R25,_xlfn.XLOOKUP($N76,$D$62:$D$68,$E$62:$E$68))} -> 17.082
D77: ='Input - Swine'!$D$33 -> Pit storage | E77: N/A | F77: {=MMS_Swine_AtmosphericDeposition_Equations.VEERG_4_5_1_5__2_TotalNitrogenVolatilisedFromMMS(E26,_xlfn.XLOOKUP($D77,$D$62:$D$68,$E$62:$E$68))} -> 50.37 | G77: {=MMS_Swine_AtmosphericDeposition_Equations.VEERG_4_5_1_5__2_TotalNitrogenVolatilisedFromMMS(F26,_xlfn.XLOOKUP($D77,$D$62:$D$68,$E$62:$E$68))} -> 53.655 | H77: {=MMS_Swine_AtmosphericDeposition_Equations.VEERG_4_5_1_5__2_TotalNitrogenVolatilisedFromMMS(G26,_xlfn.XLOOKUP($D77,$D$62:$D$68,$E$62:$E$68))} -> 50.37 | I77: {=MMS_Swine_AtmosphericDeposition_Equations.VEERG_4_5_1_5__2_TotalNitrogenVolatilisedFromMMS(H26,_xlfn.XLOOKUP($D77,$D$62:$D$68,$E$62:$E$68))} -> 34.164 | N77: ='Input - Swine'!$D$33 -> Pit storage | O77: N/A | P77: {=MMS_Swine_AtmosphericDeposition_Equations.VEERG_4_5_1_5__2_TotalNitrogenVolatilisedFromMMS(O26,_xlfn.XLOOKUP($N77,$D$62:$D$68,$E$62:$E$68))} -> 50.37 | Q77: {=MMS_Swine_AtmosphericDeposition_Equations.VEERG_4_5_1_5__2_TotalNitrogenVolatilisedFromMMS(P26,_xlfn.XLOOKUP($N77,$D$62:$D$68,$E$62:$E$68))} -> 53.655 | R77: {=MMS_Swine_AtmosphericDeposition_Equations.VEERG_4_5_1_5__2_TotalNitrogenVolatilisedFromMMS(Q26,_xlfn.XLOOKUP($N77,$D$62:$D$68,$E$62:$E$68))} -> 50.37 | S77: {=MMS_Swine_AtmosphericDeposition_Equations.VEERG_4_5_1_5__2_TotalNitrogenVolatilisedFromMMS(R26,_xlfn.XLOOKUP($N77,$D$62:$D$68,$E$62:$E$68))} -> 34.164
D78: ='Input - Swine'!$D$34 -> Solid storage | E78: N/A | F78: {=MMS_Swine_AtmosphericDeposition_Equations.VEERG_4_5_1_5__2_TotalNitrogenVolatilisedFromMMS(E27,_xlfn.XLOOKUP($D78,$D$62:$D$68,$E$62:$E$68))} -> 134.32 | G78: {=MMS_Swine_AtmosphericDeposition_Equations.VEERG_4_5_1_5__2_TotalNitrogenVolatilisedFromMMS(F27,_xlfn.XLOOKUP($D78,$D$62:$D$68,$E$62:$E$68))} -> 143.08 | H78: {=MMS_Swine_AtmosphericDeposition_Equations.VEERG_4_5_1_5__2_TotalNitrogenVolatilisedFromMMS(G27,_xlfn.XLOOKUP($D78,$D$62:$D$68,$E$62:$E$68))} -> 134.32 | I78: {=MMS_Swine_AtmosphericDeposition_Equations.VEERG_4_5_1_5__2_TotalNitrogenVolatilisedFromMMS(H27,_xlfn.XLOOKUP($D78,$D$62:$D$68,$E$62:$E$68))} -> 91.104 | N78: ='Input - Swine'!$D$34 -> Solid storage | O78: N/A | P78: {=MMS_Swine_AtmosphericDeposition_Equations.VEERG_4_5_1_5__2_TotalNitrogenVolatilisedFromMMS(O27,_xlfn.XLOOKUP($N78,$D$62:$D$68,$E$62:$E$68))} -> 134.32 | Q78: {=MMS_Swine_AtmosphericDeposition_Equations.VEERG_4_5_1_5__2_TotalNitrogenVolatilisedFromMMS(P27,_xlfn.XLOOKUP($N78,$D$62:$D$68,$E$62:$E$68))} -> 143.08 | R78: {=MMS_Swine_AtmosphericDeposition_Equations.VEERG_4_5_1_5__2_TotalNitrogenVolatilisedFromMMS(Q27,_xlfn.XLOOKUP($N78,$D$62:$D$68,$E$62:$E$68))} -> 134.32 | S78: {=MMS_Swine_AtmosphericDeposition_Equations.VEERG_4_5_1_5__2_TotalNitrogenVolatilisedFromMMS(R27,_xlfn.XLOOKUP($N78,$D$62:$D$68,$E$62:$E$68))} -> 91.104
D79: ='Input - Swine'!$D$29 -> Anaerobic lagoon | E79: ='Input - Swine'!$D$48 -> Digester / covered lagoons | F79: {=MMS_Swine_AtmosphericDeposition_Equations.VEERG_4_5_1_5__2_TotalNitrogenVolatilisedFromMMS(F32,_xlfn.XLOOKUP($E79,$D$62:$D$68,$E$62:$E$68))} -> 0 | G79: {=MMS_Swine_AtmosphericDeposition_Equations.VEERG_4_5_1_5__2_TotalNitrogenVolatilisedFromMMS(G32,_xlfn.XLOOKUP($E79,$D$62:$D$68,$E$62:$E$68))} -> 0 | H79: {=MMS_Swine_AtmosphericDeposition_Equations.VEERG_4_5_1_5__2_TotalNitrogenVolatilisedFromMMS(H32,_xlfn.XLOOKUP($E79,$D$62:$D$68,$E$62:$E$68))} -> 0 | I79: {=MMS_Swine_AtmosphericDeposition_Equations.VEERG_4_5_1_5__2_TotalNitrogenVolatilisedFromMMS(I32,_xlfn.XLOOKUP($E79,$D$62:$D$68,$E$62:$E$68))} -> 0 | N79: ='Input - Swine'!$D$29 -> Anaerobic lagoon | O79: ='Input - Swine'!$D$48 -> Digester / covered lagoons | P79: {=MMS_Swine_AtmosphericDeposition_Equations.VEERG_4_5_1_5__2_TotalNitrogenVolatilisedFromMMS(P32,_xlfn.XLOOKUP($O79,$D$62:$D$68,$E$62:$E$68))} -> 0 | Q79: {=MMS_Swine_AtmosphericDeposition_Equations.VEERG_4_5_1_5__2_TotalNitrogenVolatilisedFromMMS(Q32,_xlfn.XLOOKUP($O79,$D$62:$D$68,$E$62:$E$68))} -> 0 | R79: {=MMS_Swine_AtmosphericDeposition_Equations.VEERG_4_5_1_5__2_TotalNitrogenVolatilisedFromMMS(R32,_xlfn.XLOOKUP($O79,$D$62:$D$68,$E$62:$E$68))} -> 0 | S79: {=MMS_Swine_AtmosphericDeposition_Equations.VEERG_4_5_1_5__2_TotalNitrogenVolatilisedFromMMS(S32,_xlfn.XLOOKUP($O79,$D$62:$D$68,$E$62:$E$68))} -> 0
E80: ='Input - Swine'!$D$49 -> Deep litter | F80: {=MMS_Swine_AtmosphericDeposition_Equations.VEERG_4_5_1_5__2_TotalNitrogenVolatilisedFromMMS(F33,_xlfn.XLOOKUP($E80,$D$62:$D$68,$E$62:$E$68))} -> 2.26665 | G80: {=MMS_Swine_AtmosphericDeposition_Equations.VEERG_4_5_1_5__2_TotalNitrogenVolatilisedFromMMS(G33,_xlfn.XLOOKUP($E80,$D$62:$D$68,$E$62:$E$68))} -> 3.0180938 | H80: {=MMS_Swine_AtmosphericDeposition_Equations.VEERG_4_5_1_5__2_TotalNitrogenVolatilisedFromMMS(H33,_xlfn.XLOOKUP($E80,$D$62:$D$68,$E$62:$E$68))} -> 2.8333125 | I80: {=MMS_Swine_AtmosphericDeposition_Equations.VEERG_4_5_1_5__2_TotalNitrogenVolatilisedFromMMS(I33,_xlfn.XLOOKUP($E80,$D$62:$D$68,$E$62:$E$68))} -> 1.921725 | O80: ='Input - Swine'!$D$49 -> Deep litter | P80: {=MMS_Swine_AtmosphericDeposition_Equations.VEERG_4_5_1_5__2_TotalNitrogenVolatilisedFromMMS(P33,_xlfn.XLOOKUP($O80,$D$62:$D$68,$E$62:$E$68))} -> 2.26665 | Q80: {=MMS_Swine_AtmosphericDeposition_Equations.VEERG_4_5_1_5__2_TotalNitrogenVolatilisedFromMMS(Q33,_xlfn.XLOOKUP($O80,$D$62:$D$68,$E$62:$E$68))} -> 3.0180938 | R80: {=MMS_Swine_AtmosphericDeposition_Equations.VEERG_4_5_1_5__2_TotalNitrogenVolatilisedFromMMS(R33,_xlfn.XLOOKUP($O80,$D$62:$D$68,$E$62:$E$68))} -> 2.8333125 | S80: {=MMS_Swine_AtmosphericDeposition_Equations.VEERG_4_5_1_5__2_TotalNitrogenVolatilisedFromMMS(S33,_xlfn.XLOOKUP($O80,$D$62:$D$68,$E$62:$E$68))} -> 1.921725
E81: ='Input - Swine'!$D$50 -> Pit storage | F81: {=MMS_Swine_AtmosphericDeposition_Equations.VEERG_4_5_1_5__2_TotalNitrogenVolatilisedFromMMS(F34,_xlfn.XLOOKUP($E81,$D$62:$D$68,$E$62:$E$68))} -> 4.5333 | G81: {=MMS_Swine_AtmosphericDeposition_Equations.VEERG_4_5_1_5__2_TotalNitrogenVolatilisedFromMMS(G34,_xlfn.XLOOKUP($E81,$D$62:$D$68,$E$62:$E$68))} -> 6.0361875 | H81: {=MMS_Swine_AtmosphericDeposition_Equations.VEERG_4_5_1_5__2_TotalNitrogenVolatilisedFromMMS(H34,_xlfn.XLOOKUP($E81,$D$62:$D$68,$E$62:$E$68))} -> 5.666625 | I81: {=MMS_Swine_AtmosphericDeposition_Equations.VEERG_4_5_1_5__2_TotalNitrogenVolatilisedFromMMS(I34,_xlfn.XLOOKUP($E81,$D$62:$D$68,$E$62:$E$68))} -> 3.84345 | O81: ='Input - Swine'!$D$50 -> Pit storage | P81: {=MMS_Swine_AtmosphericDeposition_Equations.VEERG_4_5_1_5__2_TotalNitrogenVolatilisedFromMMS(P34,_xlfn.XLOOKUP($O81,$D$62:$D$68,$E$62:$E$68))} -> 4.5333 | Q81: {=MMS_Swine_AtmosphericDeposition_Equations.VEERG_4_5_1_5__2_TotalNitrogenVolatilisedFromMMS(Q34,_xlfn.XLOOKUP($O81,$D$62:$D$68,$E$62:$E$68))} -> 6.0361875 | R81: {=MMS_Swine_AtmosphericDeposition_Equations.VEERG_4_5_1_5__2_TotalNitrogenVolatilisedFromMMS(R34,_xlfn.XLOOKUP($O81,$D$62:$D$68,$E$62:$E$68))} -> 5.666625 | S81: {=MMS_Swine_AtmosphericDeposition_Equations.VEERG_4_5_1_5__2_TotalNitrogenVolatilisedFromMMS(S34,_xlfn.XLOOKUP($O81,$D$62:$D$68,$E$62:$E$68))} -> 3.84345
E82: ='Input - Swine'!$D$51 -> Direct application | F82: N/A | G82: N/A | H82: N/A | I82: N/A | O82: ='Input - Swine'!$D$51 -> Direct application | P82: N/A | Q82: N/A | R82: N/A | S82: N/A
D83: ='Input - Swine'!$D$30 -> Drylot (feed pad) | E83: ='Input - Swine'!$D$55 -> Anaerobic lagoon | F83: {=MMS_Swine_AtmosphericDeposition_Equations.VEERG_4_5_1_5__2_TotalNitrogenVolatilisedFromMMS(F36,_xlfn.XLOOKUP($E83,$D$62:$D$68,$E$62:$E$68))} -> 15.070704 | G83: {=MMS_Swine_AtmosphericDeposition_Equations.VEERG_4_5_1_5__2_TotalNitrogenVolatilisedFromMMS(G36,_xlfn.XLOOKUP($E83,$D$62:$D$68,$E$62:$E$68))} -> 20.06697 | H83: {=MMS_Swine_AtmosphericDeposition_Equations.VEERG_4_5_1_5__2_TotalNitrogenVolatilisedFromMMS(H36,_xlfn.XLOOKUP($E83,$D$62:$D$68,$E$62:$E$68))} -> 18.83838 | I83: {=MMS_Swine_AtmosphericDeposition_Equations.VEERG_4_5_1_5__2_TotalNitrogenVolatilisedFromMMS(I36,_xlfn.XLOOKUP($E83,$D$62:$D$68,$E$62:$E$68))} -> 12.777336 | N83: ='Input - Swine'!$D$30 -> Drylot (feed pad) | O83: ='Input - Swine'!$D$55 -> Anaerobic lagoon | P83: {=MMS_Swine_AtmosphericDeposition_Equations.VEERG_4_5_1_5__2_TotalNitrogenVolatilisedFromMMS(P36,_xlfn.XLOOKUP($O83,$D$62:$D$68,$E$62:$E$68))} -> 15.070704 | Q83: {=MMS_Swine_AtmosphericDeposition_Equations.VEERG_4_5_1_5__2_TotalNitrogenVolatilisedFromMMS(Q36,_xlfn.XLOOKUP($O83,$D$62:$D$68,$E$62:$E$68))} -> 20.06697 | R83: {=MMS_Swine_AtmosphericDeposition_Equations.VEERG_4_5_1_5__2_TotalNitrogenVolatilisedFromMMS(R36,_xlfn.XLOOKUP($O83,$D$62:$D$68,$E$62:$E$68))} -> 18.83838 | S83: {=MMS_Swine_AtmosphericDeposition_Equations.VEERG_4_5_1_5__2_TotalNitrogenVolatilisedFromMMS(S36,_xlfn.XLOOKUP($O83,$D$62:$D$68,$E$62:$E$68))} -> 12.777336
E84: ='Input - Swine'!$D$56 -> Digester / covered lagoons | F84: {=MMS_Swine_AtmosphericDeposition_Equations.VEERG_4_5_1_5__2_TotalNitrogenVolatilisedFromMMS(F37,_xlfn.XLOOKUP($E84,$D$62:$D$68,$E$62:$E$68))} -> 0 | G84: {=MMS_Swine_AtmosphericDeposition_Equations.VEERG_4_5_1_5__2_TotalNitrogenVolatilisedFromMMS(G37,_xlfn.XLOOKUP($E84,$D$62:$D$68,$E$62:$E$68))} -> 0 | H84: {=MMS_Swine_AtmosphericDeposition_Equations.VEERG_4_5_1_5__2_TotalNitrogenVolatilisedFromMMS(H37,_xlfn.XLOOKUP($E84,$D$62:$D$68,$E$62:$E$68))} -> 0 | I84: {=MMS_Swine_AtmosphericDeposition_Equations.VEERG_4_5_1_5__2_TotalNitrogenVolatilisedFromMMS(I37,_xlfn.XLOOKUP($E84,$D$62:$D$68,$E$62:$E$68))} -> 0 | O84: ='Input - Swine'!$D$56 -> Digester / covered lagoons | P84: {=MMS_Swine_AtmosphericDeposition_Equations.VEERG_4_5_1_5__2_TotalNitrogenVolatilisedFromMMS(P37,_xlfn.XLOOKUP($O84,$D$62:$D$68,$E$62:$E$68))} -> 0 | Q84: {=MMS_Swine_AtmosphericDeposition_Equations.VEERG_4_5_1_5__2_TotalNitrogenVolatilisedFromMMS(Q37,_xlfn.XLOOKUP($O84,$D$62:$D$68,$E$62:$E$68))} -> 0 | R84: {=MMS_Swine_AtmosphericDeposition_Equations.VEERG_4_5_1_5__2_TotalNitrogenVolatilisedFromMMS(R37,_xlfn.XLOOKUP($O84,$D$62:$D$68,$E$62:$E$68))} -> 0 | S84: {=MMS_Swine_AtmosphericDeposition_Equations.VEERG_4_5_1_5__2_TotalNitrogenVolatilisedFromMMS(S37,_xlfn.XLOOKUP($O84,$D$62:$D$68,$E$62:$E$68))} -> 0
E85: ='Input - Swine'!$D$57 -> Deep litter | F85: {=MMS_Swine_AtmosphericDeposition_Equations.VEERG_4_5_1_5__2_TotalNitrogenVolatilisedFromMMS(F38,_xlfn.XLOOKUP($E85,$D$62:$D$68,$E$62:$E$68))} -> 3.42516 | G85: {=MMS_Swine_AtmosphericDeposition_Equations.VEERG_4_5_1_5__2_TotalNitrogenVolatilisedFromMMS(G38,_xlfn.XLOOKUP($E85,$D$62:$D$68,$E$62:$E$68))} -> 4.560675 | H85: {=MMS_Swine_AtmosphericDeposition_Equations.VEERG_4_5_1_5__2_TotalNitrogenVolatilisedFromMMS(H38,_xlfn.XLOOKUP($E85,$D$62:$D$68,$E$62:$E$68))} -> 4.28145 | I85: {=MMS_Swine_AtmosphericDeposition_Equations.VEERG_4_5_1_5__2_TotalNitrogenVolatilisedFromMMS(I38,_xlfn.XLOOKUP($E85,$D$62:$D$68,$E$62:$E$68))} -> 2.90394 | O85: ='Input - Swine'!$D$57 -> Deep litter | P85: {=MMS_Swine_AtmosphericDeposition_Equations.VEERG_4_5_1_5__2_TotalNitrogenVolatilisedFromMMS(P38,_xlfn.XLOOKUP($O85,$D$62:$D$68,$E$62:$E$68))} -> 3.42516 | Q85: {=MMS_Swine_AtmosphericDeposition_Equations.VEERG_4_5_1_5__2_TotalNitrogenVolatilisedFromMMS(Q38,_xlfn.XLOOKUP($O85,$D$62:$D$68,$E$62:$E$68))} -> 4.560675 | R85: {=MMS_Swine_AtmosphericDeposition_Equations.VEERG_4_5_1_5__2_TotalNitrogenVolatilisedFromMMS(R38,_xlfn.XLOOKUP($O85,$D$62:$D$68,$E$62:$E$68))} -> 4.28145 | S85: {=MMS_Swine_AtmosphericDeposition_Equations.VEERG_4_5_1_5__2_TotalNitrogenVolatilisedFromMMS(S38,_xlfn.XLOOKUP($O85,$D$62:$D$68,$E$62:$E$68))} -> 2.90394
E86: ='Input - Swine'!$D$58 -> Pit storage | F86: {=MMS_Swine_AtmosphericDeposition_Equations.VEERG_4_5_1_5__2_TotalNitrogenVolatilisedFromMMS(F39,_xlfn.XLOOKUP($E86,$D$62:$D$68,$E$62:$E$68))} -> 6.85032 | G86: {=MMS_Swine_AtmosphericDeposition_Equations.VEERG_4_5_1_5__2_TotalNitrogenVolatilisedFromMMS(G39,_xlfn.XLOOKUP($E86,$D$62:$D$68,$E$62:$E$68))} -> 9.12135 | H86: {=MMS_Swine_AtmosphericDeposition_Equations.VEERG_4_5_1_5__2_TotalNitrogenVolatilisedFromMMS(H39,_xlfn.XLOOKUP($E86,$D$62:$D$68,$E$62:$E$68))} -> 8.5629 | I86: {=MMS_Swine_AtmosphericDeposition_Equations.VEERG_4_5_1_5__2_TotalNitrogenVolatilisedFromMMS(I39,_xlfn.XLOOKUP($E86,$D$62:$D$68,$E$62:$E$68))} -> 5.80788 | O86: ='Input - Swine'!$D$58 -> Pit storage | P86: {=MMS_Swine_AtmosphericDeposition_Equations.VEERG_4_5_1_5__2_TotalNitrogenVolatilisedFromMMS(P39,_xlfn.XLOOKUP($O86,$D$62:$D$68,$E$62:$E$68))} -> 6.85032 | Q86: {=MMS_Swine_AtmosphericDeposition_Equations.VEERG_4_5_1_5__2_TotalNitrogenVolatilisedFromMMS(Q39,_xlfn.XLOOKUP($O86,$D$62:$D$68,$E$62:$E$68))} -> 9.12135 | R86: {=MMS_Swine_AtmosphericDeposition_Equations.VEERG_4_5_1_5__2_TotalNitrogenVolatilisedFromMMS(R39,_xlfn.XLOOKUP($O86,$D$62:$D$68,$E$62:$E$68))} -> 8.5629 | S86: {=MMS_Swine_AtmosphericDeposition_Equations.VEERG_4_5_1_5__2_TotalNitrogenVolatilisedFromMMS(S39,_xlfn.XLOOKUP($O86,$D$62:$D$68,$E$62:$E$68))} -> 5.80788
E87: ='Input - Swine'!$D$59 -> Direct application | F87: N/A | G87: N/A | H87: N/A | I87: N/A | O87: ='Input - Swine'!$D$59 -> Direct application | P87: N/A | Q87: N/A | R87: N/A | S87: N/A
D88: ='Input - Swine'!$D$31 -> Digester / covered lagoons | E88: ='Input - Swine'!$D$63 -> Anaerobic lagoon | F88: {=MMS_Swine_AtmosphericDeposition_Equations.VEERG_4_5_1_5__2_TotalNitrogenVolatilisedFromMMS(F41,_xlfn.XLOOKUP($E88,$D$62:$D$68,$E$62:$E$68))} -> 22.1628 | G88: {=MMS_Swine_AtmosphericDeposition_Equations.VEERG_4_5_1_5__2_TotalNitrogenVolatilisedFromMMS(G41,_xlfn.XLOOKUP($E88,$D$62:$D$68,$E$62:$E$68))} -> 29.51025 | H88: {=MMS_Swine_AtmosphericDeposition_Equations.VEERG_4_5_1_5__2_TotalNitrogenVolatilisedFromMMS(H41,_xlfn.XLOOKUP($E88,$D$62:$D$68,$E$62:$E$68))} -> 27.7035 | I88: {=MMS_Swine_AtmosphericDeposition_Equations.VEERG_4_5_1_5__2_TotalNitrogenVolatilisedFromMMS(I41,_xlfn.XLOOKUP($E88,$D$62:$D$68,$E$62:$E$68))} -> 18.7902 | N88: ='Input - Swine'!$D$31 -> Digester / covered lagoons | O88: ='Input - Swine'!$D$63 -> Anaerobic lagoon | P88: {=MMS_Swine_AtmosphericDeposition_Equations.VEERG_4_5_1_5__2_TotalNitrogenVolatilisedFromMMS(P41,_xlfn.XLOOKUP($O88,$D$62:$D$68,$E$62:$E$68))} -> 22.1628 | Q88: {=MMS_Swine_AtmosphericDeposition_Equations.VEERG_4_5_1_5__2_TotalNitrogenVolatilisedFromMMS(Q41,_xlfn.XLOOKUP($O88,$D$62:$D$68,$E$62:$E$68))} -> 29.51025 | R88: {=MMS_Swine_AtmosphericDeposition_Equations.VEERG_4_5_1_5__2_TotalNitrogenVolatilisedFromMMS(R41,_xlfn.XLOOKUP($O88,$D$62:$D$68,$E$62:$E$68))} -> 27.7035 | S88: {=MMS_Swine_AtmosphericDeposition_Equations.VEERG_4_5_1_5__2_TotalNitrogenVolatilisedFromMMS(S41,_xlfn.XLOOKUP($O88,$D$62:$D$68,$E$62:$E$68))} -> 18.7902
E89: ='Input - Swine'!$D$64 -> Deep litter | F89: {=MMS_Swine_AtmosphericDeposition_Equations.VEERG_4_5_1_5__2_TotalNitrogenVolatilisedFromMMS(F42,_xlfn.XLOOKUP($E89,$D$62:$D$68,$E$62:$E$68))} -> 5.037 | G89: {=MMS_Swine_AtmosphericDeposition_Equations.VEERG_4_5_1_5__2_TotalNitrogenVolatilisedFromMMS(G42,_xlfn.XLOOKUP($E89,$D$62:$D$68,$E$62:$E$68))} -> 6.706875 | H89: {=MMS_Swine_AtmosphericDeposition_Equations.VEERG_4_5_1_5__2_TotalNitrogenVolatilisedFromMMS(H42,_xlfn.XLOOKUP($E89,$D$62:$D$68,$E$62:$E$68))} -> 6.29625 | I89: {=MMS_Swine_AtmosphericDeposition_Equations.VEERG_4_5_1_5__2_TotalNitrogenVolatilisedFromMMS(I42,_xlfn.XLOOKUP($E89,$D$62:$D$68,$E$62:$E$68))} -> 4.2705 | O89: ='Input - Swine'!$D$64 -> Deep litter | P89: {=MMS_Swine_AtmosphericDeposition_Equations.VEERG_4_5_1_5__2_TotalNitrogenVolatilisedFromMMS(P42,_xlfn.XLOOKUP($O89,$D$62:$D$68,$E$62:$E$68))} -> 5.037 | Q89: {=MMS_Swine_AtmosphericDeposition_Equations.VEERG_4_5_1_5__2_TotalNitrogenVolatilisedFromMMS(Q42,_xlfn.XLOOKUP($O89,$D$62:$D$68,$E$62:$E$68))} -> 6.706875 | R89: {=MMS_Swine_AtmosphericDeposition_Equations.VEERG_4_5_1_5__2_TotalNitrogenVolatilisedFromMMS(R42,_xlfn.XLOOKUP($O89,$D$62:$D$68,$E$62:$E$68))} -> 6.29625 | S89: {=MMS_Swine_AtmosphericDeposition_Equations.VEERG_4_5_1_5__2_TotalNitrogenVolatilisedFromMMS(S42,_xlfn.XLOOKUP($O89,$D$62:$D$68,$E$62:$E$68))} -> 4.2705
E90: ='Input - Swine'!$D$65 -> Pit storage | F90: {=MMS_Swine_AtmosphericDeposition_Equations.VEERG_4_5_1_5__2_TotalNitrogenVolatilisedFromMMS(F43,_xlfn.XLOOKUP($E90,$D$62:$D$68,$E$62:$E$68))} -> 10.074 | G90: {=MMS_Swine_AtmosphericDeposition_Equations.VEERG_4_5_1_5__2_TotalNitrogenVolatilisedFromMMS(G43,_xlfn.XLOOKUP($E90,$D$62:$D$68,$E$62:$E$68))} -> 13.41375 | H90: {=MMS_Swine_AtmosphericDeposition_Equations.VEERG_4_5_1_5__2_TotalNitrogenVolatilisedFromMMS(H43,_xlfn.XLOOKUP($E90,$D$62:$D$68,$E$62:$E$68))} -> 12.5925 | I90: {=MMS_Swine_AtmosphericDeposition_Equations.VEERG_4_5_1_5__2_TotalNitrogenVolatilisedFromMMS(I43,_xlfn.XLOOKUP($E90,$D$62:$D$68,$E$62:$E$68))} -> 8.541 | O90: ='Input - Swine'!$D$65 -> Pit storage | P90: {=MMS_Swine_AtmosphericDeposition_Equations.VEERG_4_5_1_5__2_TotalNitrogenVolatilisedFromMMS(P43,_xlfn.XLOOKUP($O90,$D$62:$D$68,$E$62:$E$68))} -> 10.074 | Q90: {=MMS_Swine_AtmosphericDeposition_Equations.VEERG_4_5_1_5__2_TotalNitrogenVolatilisedFromMMS(Q43,_xlfn.XLOOKUP($O90,$D$62:$D$68,$E$62:$E$68))} -> 13.41375 | R90: {=MMS_Swine_AtmosphericDeposition_Equations.VEERG_4_5_1_5__2_TotalNitrogenVolatilisedFromMMS(R43,_xlfn.XLOOKUP($O90,$D$62:$D$68,$E$62:$E$68))} -> 12.5925 | S90: {=MMS_Swine_AtmosphericDeposition_Equations.VEERG_4_5_1_5__2_TotalNitrogenVolatilisedFromMMS(S43,_xlfn.XLOOKUP($O90,$D$62:$D$68,$E$62:$E$68))} -> 8.541
E91: ='Input - Swine'!$D$66 -> Direct application | F91: N/A | G91: N/A | H91: N/A | I91: N/A | O91: ='Input - Swine'!$D$66 -> Direct application | P91: N/A | Q91: N/A | R91: N/A | S91: N/A
D92: ='Input - Swine'!$D$32 -> Deep litter | E92: ='Input - Swine'!$D$70 -> Anaerobic lagoon | F92: {=MMS_Swine_AtmosphericDeposition_Equations.VEERG_4_5_1_5__2_TotalNitrogenVolatilisedFromMMS(F45,_xlfn.XLOOKUP($E92,$D$62:$D$68,$E$62:$E$68))} -> 19.170822 | G92: {=MMS_Swine_AtmosphericDeposition_Equations.VEERG_4_5_1_5__2_TotalNitrogenVolatilisedFromMMS(G45,_xlfn.XLOOKUP($E92,$D$62:$D$68,$E$62:$E$68))} -> 25.526366 | H92: {=MMS_Swine_AtmosphericDeposition_Equations.VEERG_4_5_1_5__2_TotalNitrogenVolatilisedFromMMS(H45,_xlfn.XLOOKUP($E92,$D$62:$D$68,$E$62:$E$68))} -> 23.963527 | I92: {=MMS_Swine_AtmosphericDeposition_Equations.VEERG_4_5_1_5__2_TotalNitrogenVolatilisedFromMMS(I45,_xlfn.XLOOKUP($E92,$D$62:$D$68,$E$62:$E$68))} -> 16.253523 | N92: ='Input - Swine'!$D$32 -> Deep litter | O92: ='Input - Swine'!$D$70 -> Anaerobic lagoon | P92: {=MMS_Swine_AtmosphericDeposition_Equations.VEERG_4_5_1_5__2_TotalNitrogenVolatilisedFromMMS(P45,_xlfn.XLOOKUP($O92,$D$62:$D$68,$E$62:$E$68))} -> 19.170822 | Q92: {=MMS_Swine_AtmosphericDeposition_Equations.VEERG_4_5_1_5__2_TotalNitrogenVolatilisedFromMMS(Q45,_xlfn.XLOOKUP($O92,$D$62:$D$68,$E$62:$E$68))} -> 25.526366 | R92: {=MMS_Swine_AtmosphericDeposition_Equations.VEERG_4_5_1_5__2_TotalNitrogenVolatilisedFromMMS(R45,_xlfn.XLOOKUP($O92,$D$62:$D$68,$E$62:$E$68))} -> 23.963527 | S92: {=MMS_Swine_AtmosphericDeposition_Equations.VEERG_4_5_1_5__2_TotalNitrogenVolatilisedFromMMS(S45,_xlfn.XLOOKUP($O92,$D$62:$D$68,$E$62:$E$68))} -> 16.253523
E93: ='Input - Swine'!$D$71 -> Digester / covered lagoons | F93: {=MMS_Swine_AtmosphericDeposition_Equations.VEERG_4_5_1_5__2_TotalNitrogenVolatilisedFromMMS(F46,_xlfn.XLOOKUP($E93,$D$62:$D$68,$E$62:$E$68))} -> 0 | G93: {=MMS_Swine_AtmosphericDeposition_Equations.VEERG_4_5_1_5__2_TotalNitrogenVolatilisedFromMMS(G46,_xlfn.XLOOKUP($E93,$D$62:$D$68,$E$62:$E$68))} -> 0 | H93: {=MMS_Swine_AtmosphericDeposition_Equations.VEERG_4_5_1_5__2_TotalNitrogenVolatilisedFromMMS(H46,_xlfn.XLOOKUP($E93,$D$62:$D$68,$E$62:$E$68))} -> 0 | I93: {=MMS_Swine_AtmosphericDeposition_Equations.VEERG_4_5_1_5__2_TotalNitrogenVolatilisedFromMMS(I46,_xlfn.XLOOKUP($E93,$D$62:$D$68,$E$62:$E$68))} -> 0 | O93: ='Input - Swine'!$D$71 -> Digester / covered lagoons | P93: {=MMS_Swine_AtmosphericDeposition_Equations.VEERG_4_5_1_5__2_TotalNitrogenVolatilisedFromMMS(P46,_xlfn.XLOOKUP($O93,$D$62:$D$68,$E$62:$E$68))} -> 0 | Q93: {=MMS_Swine_AtmosphericDeposition_Equations.VEERG_4_5_1_5__2_TotalNitrogenVolatilisedFromMMS(Q46,_xlfn.XLOOKUP($O93,$D$62:$D$68,$E$62:$E$68))} -> 0 | R93: {=MMS_Swine_AtmosphericDeposition_Equations.VEERG_4_5_1_5__2_TotalNitrogenVolatilisedFromMMS(R46,_xlfn.XLOOKUP($O93,$D$62:$D$68,$E$62:$E$68))} -> 0 | S93: {=MMS_Swine_AtmosphericDeposition_Equations.VEERG_4_5_1_5__2_TotalNitrogenVolatilisedFromMMS(S46,_xlfn.XLOOKUP($O93,$D$62:$D$68,$E$62:$E$68))} -> 0
E94: ='Input - Swine'!$D$72 -> Pit storage | F94: {=MMS_Swine_AtmosphericDeposition_Equations.VEERG_4_5_1_5__2_TotalNitrogenVolatilisedFromMMS(F47,_xlfn.XLOOKUP($E94,$D$62:$D$68,$E$62:$E$68))} -> 8.71401 | G94: {=MMS_Swine_AtmosphericDeposition_Equations.VEERG_4_5_1_5__2_TotalNitrogenVolatilisedFromMMS(G47,_xlfn.XLOOKUP($E94,$D$62:$D$68,$E$62:$E$68))} -> 11.602894 | H94: {=MMS_Swine_AtmosphericDeposition_Equations.VEERG_4_5_1_5__2_TotalNitrogenVolatilisedFromMMS(H47,_xlfn.XLOOKUP($E94,$D$62:$D$68,$E$62:$E$68))} -> 10.892512 | I94: {=MMS_Swine_AtmosphericDeposition_Equations.VEERG_4_5_1_5__2_TotalNitrogenVolatilisedFromMMS(I47,_xlfn.XLOOKUP($E94,$D$62:$D$68,$E$62:$E$68))} -> 7.387965 | O94: ='Input - Swine'!$D$72 -> Pit storage | P94: {=MMS_Swine_AtmosphericDeposition_Equations.VEERG_4_5_1_5__2_TotalNitrogenVolatilisedFromMMS(P47,_xlfn.XLOOKUP($O94,$D$62:$D$68,$E$62:$E$68))} -> 8.71401 | Q94: {=MMS_Swine_AtmosphericDeposition_Equations.VEERG_4_5_1_5__2_TotalNitrogenVolatilisedFromMMS(Q47,_xlfn.XLOOKUP($O94,$D$62:$D$68,$E$62:$E$68))} -> 11.602894 | R94: {=MMS_Swine_AtmosphericDeposition_Equations.VEERG_4_5_1_5__2_TotalNitrogenVolatilisedFromMMS(R47,_xlfn.XLOOKUP($O94,$D$62:$D$68,$E$62:$E$68))} -> 10.892512 | S94: {=MMS_Swine_AtmosphericDeposition_Equations.VEERG_4_5_1_5__2_TotalNitrogenVolatilisedFromMMS(S47,_xlfn.XLOOKUP($O94,$D$62:$D$68,$E$62:$E$68))} -> 7.387965
E95: ='Input - Swine'!$D$73 -> Direct application | F95: N/A | G95: N/A | H95: N/A | I95: N/A | O95: ='Input - Swine'!$D$73 -> Direct application | P95: N/A | Q95: N/A | R95: N/A | S95: N/A
D96: ='Input - Swine'!$D$33 -> Pit storage | E96: ='Input - Swine'!$D$77 -> Anaerobic lagoon | F96: {=MMS_Swine_AtmosphericDeposition_Equations.VEERG_4_5_1_5__2_TotalNitrogenVolatilisedFromMMS(F49,_xlfn.XLOOKUP($E96,$D$62:$D$68,$E$62:$E$68))} -> 16.577774 | G96: {=MMS_Swine_AtmosphericDeposition_Equations.VEERG_4_5_1_5__2_TotalNitrogenVolatilisedFromMMS(G49,_xlfn.XLOOKUP($E96,$D$62:$D$68,$E$62:$E$68))} -> 22.073667 | H96: {=MMS_Swine_AtmosphericDeposition_Equations.VEERG_4_5_1_5__2_TotalNitrogenVolatilisedFromMMS(H49,_xlfn.XLOOKUP($E96,$D$62:$D$68,$E$62:$E$68))} -> 20.722218 | I96: {=MMS_Swine_AtmosphericDeposition_Equations.VEERG_4_5_1_5__2_TotalNitrogenVolatilisedFromMMS(I49,_xlfn.XLOOKUP($E96,$D$62:$D$68,$E$62:$E$68))} -> 14.05507 | N96: ='Input - Swine'!$D$33 -> Pit storage | O96: ='Input - Swine'!$D$77 -> Anaerobic lagoon | P96: {=MMS_Swine_AtmosphericDeposition_Equations.VEERG_4_5_1_5__2_TotalNitrogenVolatilisedFromMMS(P49,_xlfn.XLOOKUP($O96,$D$62:$D$68,$E$62:$E$68))} -> 16.577774 | Q96: {=MMS_Swine_AtmosphericDeposition_Equations.VEERG_4_5_1_5__2_TotalNitrogenVolatilisedFromMMS(Q49,_xlfn.XLOOKUP($O96,$D$62:$D$68,$E$62:$E$68))} -> 22.073667 | R96: {=MMS_Swine_AtmosphericDeposition_Equations.VEERG_4_5_1_5__2_TotalNitrogenVolatilisedFromMMS(R49,_xlfn.XLOOKUP($O96,$D$62:$D$68,$E$62:$E$68))} -> 20.722218 | S96: {=MMS_Swine_AtmosphericDeposition_Equations.VEERG_4_5_1_5__2_TotalNitrogenVolatilisedFromMMS(S49,_xlfn.XLOOKUP($O96,$D$62:$D$68,$E$62:$E$68))} -> 14.05507
E97: ='Input - Swine'!$D$78 -> Digester / covered lagoons | F97: {=MMS_Swine_AtmosphericDeposition_Equations.VEERG_4_5_1_5__2_TotalNitrogenVolatilisedFromMMS(F50,_xlfn.XLOOKUP($E97,$D$62:$D$68,$E$62:$E$68))} -> 0 | G97: {=MMS_Swine_AtmosphericDeposition_Equations.VEERG_4_5_1_5__2_TotalNitrogenVolatilisedFromMMS(G50,_xlfn.XLOOKUP($E97,$D$62:$D$68,$E$62:$E$68))} -> 0 | H97: {=MMS_Swine_AtmosphericDeposition_Equations.VEERG_4_5_1_5__2_TotalNitrogenVolatilisedFromMMS(H50,_xlfn.XLOOKUP($E97,$D$62:$D$68,$E$62:$E$68))} -> 0 | I97: {=MMS_Swine_AtmosphericDeposition_Equations.VEERG_4_5_1_5__2_TotalNitrogenVolatilisedFromMMS(I50,_xlfn.XLOOKUP($E97,$D$62:$D$68,$E$62:$E$68))} -> 0 | O97: ='Input - Swine'!$D$78 -> Digester / covered lagoons | P97: {=MMS_Swine_AtmosphericDeposition_Equations.VEERG_4_5_1_5__2_TotalNitrogenVolatilisedFromMMS(P50,_xlfn.XLOOKUP($O97,$D$62:$D$68,$E$62:$E$68))} -> 0 | Q97: {=MMS_Swine_AtmosphericDeposition_Equations.VEERG_4_5_1_5__2_TotalNitrogenVolatilisedFromMMS(Q50,_xlfn.XLOOKUP($O97,$D$62:$D$68,$E$62:$E$68))} -> 0 | R97: {=MMS_Swine_AtmosphericDeposition_Equations.VEERG_4_5_1_5__2_TotalNitrogenVolatilisedFromMMS(R50,_xlfn.XLOOKUP($O97,$D$62:$D$68,$E$62:$E$68))} -> 0 | S97: {=MMS_Swine_AtmosphericDeposition_Equations.VEERG_4_5_1_5__2_TotalNitrogenVolatilisedFromMMS(S50,_xlfn.XLOOKUP($O97,$D$62:$D$68,$E$62:$E$68))} -> 0
E98: ='Input - Swine'!$D$79 -> Deep litter | F98: {=MMS_Swine_AtmosphericDeposition_Equations.VEERG_4_5_1_5__2_TotalNitrogenVolatilisedFromMMS(F51,_xlfn.XLOOKUP($E98,$D$62:$D$68,$E$62:$E$68))} -> 3.767676 | G98: {=MMS_Swine_AtmosphericDeposition_Equations.VEERG_4_5_1_5__2_TotalNitrogenVolatilisedFromMMS(G51,_xlfn.XLOOKUP($E98,$D$62:$D$68,$E$62:$E$68))} -> 5.0167425 | H98: {=MMS_Swine_AtmosphericDeposition_Equations.VEERG_4_5_1_5__2_TotalNitrogenVolatilisedFromMMS(H51,_xlfn.XLOOKUP($E98,$D$62:$D$68,$E$62:$E$68))} -> 4.709595 | I98: {=MMS_Swine_AtmosphericDeposition_Equations.VEERG_4_5_1_5__2_TotalNitrogenVolatilisedFromMMS(I51,_xlfn.XLOOKUP($E98,$D$62:$D$68,$E$62:$E$68))} -> 3.194334 | O98: ='Input - Swine'!$D$79 -> Deep litter | P98: {=MMS_Swine_AtmosphericDeposition_Equations.VEERG_4_5_1_5__2_TotalNitrogenVolatilisedFromMMS(P51,_xlfn.XLOOKUP($O98,$D$62:$D$68,$E$62:$E$68))} -> 3.767676 | Q98: {=MMS_Swine_AtmosphericDeposition_Equations.VEERG_4_5_1_5__2_TotalNitrogenVolatilisedFromMMS(Q51,_xlfn.XLOOKUP($O98,$D$62:$D$68,$E$62:$E$68))} -> 5.0167425 | R98: {=MMS_Swine_AtmosphericDeposition_Equations.VEERG_4_5_1_5__2_TotalNitrogenVolatilisedFromMMS(R51,_xlfn.XLOOKUP($O98,$D$62:$D$68,$E$62:$E$68))} -> 4.709595 | S98: {=MMS_Swine_AtmosphericDeposition_Equations.VEERG_4_5_1_5__2_TotalNitrogenVolatilisedFromMMS(S51,_xlfn.XLOOKUP($O98,$D$62:$D$68,$E$62:$E$68))} -> 3.194334
E99: ='Input - Swine'!$D$80 -> Direct application | F99: N/A | G99: N/A | H99: N/A | I99: N/A | O99: ='Input - Swine'!$D$80 -> Direct application | P99: N/A | Q99: N/A | R99: N/A | S99: N/A
D100: ='Input - Swine'!$D$34 -> Solid storage | E100: ='Input - Swine'!$D$84 -> Anaerobic lagoon | F100: {=MMS_Swine_AtmosphericDeposition_Equations.VEERG_4_5_1_5__2_TotalNitrogenVolatilisedFromMMS(F53,_xlfn.XLOOKUP($E100,$D$62:$D$68,$E$62:$E$68))} -> 58.73142 | G100: {=MMS_Swine_AtmosphericDeposition_Equations.VEERG_4_5_1_5__2_TotalNitrogenVolatilisedFromMMS(G53,_xlfn.XLOOKUP($E100,$D$62:$D$68,$E$62:$E$68))} -> 62.56173 | H100: {=MMS_Swine_AtmosphericDeposition_Equations.VEERG_4_5_1_5__2_TotalNitrogenVolatilisedFromMMS(H53,_xlfn.XLOOKUP($E100,$D$62:$D$68,$E$62:$E$68))} -> 58.73142 | I100: {=MMS_Swine_AtmosphericDeposition_Equations.VEERG_4_5_1_5__2_TotalNitrogenVolatilisedFromMMS(I53,_xlfn.XLOOKUP($E100,$D$62:$D$68,$E$62:$E$68))} -> 39.835224 | N100: ='Input - Swine'!$D$34 -> Solid storage | O100: ='Input - Swine'!$D$84 -> Anaerobic lagoon | P100: {=MMS_Swine_AtmosphericDeposition_Equations.VEERG_4_5_1_5__2_TotalNitrogenVolatilisedFromMMS(P53,_xlfn.XLOOKUP($O100,$D$62:$D$68,$E$62:$E$68))} -> 58.73142 | Q100: {=MMS_Swine_AtmosphericDeposition_Equations.VEERG_4_5_1_5__2_TotalNitrogenVolatilisedFromMMS(Q53,_xlfn.XLOOKUP($O100,$D$62:$D$68,$E$62:$E$68))} -> 62.56173 | R100: {=MMS_Swine_AtmosphericDeposition_Equations.VEERG_4_5_1_5__2_TotalNitrogenVolatilisedFromMMS(R53,_xlfn.XLOOKUP($O100,$D$62:$D$68,$E$62:$E$68))} -> 58.73142 | S100: {=MMS_Swine_AtmosphericDeposition_Equations.VEERG_4_5_1_5__2_TotalNitrogenVolatilisedFromMMS(S53,_xlfn.XLOOKUP($O100,$D$62:$D$68,$E$62:$E$68))} -> 39.835224
E101: ='Input - Swine'!$D$85 -> Digester / covered lagoons | F101: {=MMS_Swine_AtmosphericDeposition_Equations.VEERG_4_5_1_5__2_TotalNitrogenVolatilisedFromMMS(F54,_xlfn.XLOOKUP($E101,$D$62:$D$68,$E$62:$E$68))} -> 0 | G101: {=MMS_Swine_AtmosphericDeposition_Equations.VEERG_4_5_1_5__2_TotalNitrogenVolatilisedFromMMS(G54,_xlfn.XLOOKUP($E101,$D$62:$D$68,$E$62:$E$68))} -> 0 | H101: {=MMS_Swine_AtmosphericDeposition_Equations.VEERG_4_5_1_5__2_TotalNitrogenVolatilisedFromMMS(H54,_xlfn.XLOOKUP($E101,$D$62:$D$68,$E$62:$E$68))} -> 0 | I101: {=MMS_Swine_AtmosphericDeposition_Equations.VEERG_4_5_1_5__2_TotalNitrogenVolatilisedFromMMS(I54,_xlfn.XLOOKUP($E101,$D$62:$D$68,$E$62:$E$68))} -> 0 | O101: ='Input - Swine'!$D$85 -> Digester / covered lagoons | P101: {=MMS_Swine_AtmosphericDeposition_Equations.VEERG_4_5_1_5__2_TotalNitrogenVolatilisedFromMMS(P54,_xlfn.XLOOKUP($O101,$D$62:$D$68,$E$62:$E$68))} -> 0 | Q101: {=MMS_Swine_AtmosphericDeposition_Equations.VEERG_4_5_1_5__2_TotalNitrogenVolatilisedFromMMS(Q54,_xlfn.XLOOKUP($O101,$D$62:$D$68,$E$62:$E$68))} -> 0 | R101: {=MMS_Swine_AtmosphericDeposition_Equations.VEERG_4_5_1_5__2_TotalNitrogenVolatilisedFromMMS(R54,_xlfn.XLOOKUP($O101,$D$62:$D$68,$E$62:$E$68))} -> 0 | S101: {=MMS_Swine_AtmosphericDeposition_Equations.VEERG_4_5_1_5__2_TotalNitrogenVolatilisedFromMMS(S54,_xlfn.XLOOKUP($O101,$D$62:$D$68,$E$62:$E$68))} -> 0
E102: ='Input - Swine'!$D$86 -> Deep litter | F102: {=MMS_Swine_AtmosphericDeposition_Equations.VEERG_4_5_1_5__2_TotalNitrogenVolatilisedFromMMS(F55,_xlfn.XLOOKUP($E102,$D$62:$D$68,$E$62:$E$68))} -> 13.34805 | G102: {=MMS_Swine_AtmosphericDeposition_Equations.VEERG_4_5_1_5__2_TotalNitrogenVolatilisedFromMMS(G55,_xlfn.XLOOKUP($E102,$D$62:$D$68,$E$62:$E$68))} -> 14.218575 | H102: {=MMS_Swine_AtmosphericDeposition_Equations.VEERG_4_5_1_5__2_TotalNitrogenVolatilisedFromMMS(H55,_xlfn.XLOOKUP($E102,$D$62:$D$68,$E$62:$E$68))} -> 13.34805 | I102: {=MMS_Swine_AtmosphericDeposition_Equations.VEERG_4_5_1_5__2_TotalNitrogenVolatilisedFromMMS(I55,_xlfn.XLOOKUP($E102,$D$62:$D$68,$E$62:$E$68))} -> 9.05346 | O102: ='Input - Swine'!$D$86 -> Deep litter | P102: {=MMS_Swine_AtmosphericDeposition_Equations.VEERG_4_5_1_5__2_TotalNitrogenVolatilisedFromMMS(P55,_xlfn.XLOOKUP($O102,$D$62:$D$68,$E$62:$E$68))} -> 13.34805 | Q102: {=MMS_Swine_AtmosphericDeposition_Equations.VEERG_4_5_1_5__2_TotalNitrogenVolatilisedFromMMS(Q55,_xlfn.XLOOKUP($O102,$D$62:$D$68,$E$62:$E$68))} -> 14.218575 | R102: {=MMS_Swine_AtmosphericDeposition_Equations.VEERG_4_5_1_5__2_TotalNitrogenVolatilisedFromMMS(R55,_xlfn.XLOOKUP($O102,$D$62:$D$68,$E$62:$E$68))} -> 13.34805 | S102: {=MMS_Swine_AtmosphericDeposition_Equations.VEERG_4_5_1_5__2_TotalNitrogenVolatilisedFromMMS(S55,_xlfn.XLOOKUP($O102,$D$62:$D$68,$E$62:$E$68))} -> 9.05346
E103: ='Input - Swine'!$D$87 -> Pit storage | F103: {=MMS_Swine_AtmosphericDeposition_Equations.VEERG_4_5_1_5__2_TotalNitrogenVolatilisedFromMMS(F56,_xlfn.XLOOKUP($E103,$D$62:$D$68,$E$62:$E$68))} -> 13.34805 | G103: {=MMS_Swine_AtmosphericDeposition_Equations.VEERG_4_5_1_5__2_TotalNitrogenVolatilisedFromMMS(G56,_xlfn.XLOOKUP($E103,$D$62:$D$68,$E$62:$E$68))} -> 14.218575 | H103: {=MMS_Swine_AtmosphericDeposition_Equations.VEERG_4_5_1_5__2_TotalNitrogenVolatilisedFromMMS(H56,_xlfn.XLOOKUP($E103,$D$62:$D$68,$E$62:$E$68))} -> 13.34805 | I103: {=MMS_Swine_AtmosphericDeposition_Equations.VEERG_4_5_1_5__2_TotalNitrogenVolatilisedFromMMS(I56,_xlfn.XLOOKUP($E103,$D$62:$D$68,$E$62:$E$68))} -> 9.05346 | O103: ='Input - Swine'!$D$87 -> Pit storage | P103: {=MMS_Swine_AtmosphericDeposition_Equations.VEERG_4_5_1_5__2_TotalNitrogenVolatilisedFromMMS(P56,_xlfn.XLOOKUP($O103,$D$62:$D$68,$E$62:$E$68))} -> 13.34805 | Q103: {=MMS_Swine_AtmosphericDeposition_Equations.VEERG_4_5_1_5__2_TotalNitrogenVolatilisedFromMMS(Q56,_xlfn.XLOOKUP($O103,$D$62:$D$68,$E$62:$E$68))} -> 14.218575 | R103: {=MMS_Swine_AtmosphericDeposition_Equations.VEERG_4_5_1_5__2_TotalNitrogenVolatilisedFromMMS(R56,_xlfn.XLOOKUP($O103,$D$62:$D$68,$E$62:$E$68))} -> 13.34805 | S103: {=MMS_Swine_AtmosphericDeposition_Equations.VEERG_4_5_1_5__2_TotalNitrogenVolatilisedFromMMS(S56,_xlfn.XLOOKUP($O103,$D$62:$D$68,$E$62:$E$68))} -> 9.05346
E104: ='Input - Swine'!$D$88 -> Direct application | F104: N/A | G104: N/A | H104: N/A | I104: N/A | O104: ='Input - Swine'!$D$88 -> Direct application | P104: N/A | Q104: N/A | R104: N/A | S104: N/A
...

Sheet 4.5.1.7-8 Leaching and runoff
A1: #VALUE! | C1: 4.5.1.7-8 Leaching and runoff
A3: =HYPERLINK("#'Home'!A1", "Home") -> Home | D3: Method 1 | M3: Method 2
A4: =HYPERLINK("#'Overview'!A1", "Overview") -> Overview
A5: =HYPERLINK("#'Results'!A1", "Results") -> Results | D5: {=MMS_Swine_LeachingAndRunoff_Equations.VEERG_4_5_1_7__2_MassOfNitrogenLostToLeachingAndRunoffFromDrylotMMS_Title()} -> Mass of nitrogen lost to leaching and runoff from drylot MMS
D6: {=MMS_Swine_LeachingAndRunoff_Equations.VEERG_4_5_1_7__2_MassOfNitrogenLostToLeachingAndRunoffFromDrylotMMS_Source()} -> VEERG 2026: 4.5.1.7, Equation (2)
A7: INPUTS | D7: Function name | E7: {=Common_InputFunctions.Utility_DisplayFunctionName($E$28)} -> =MMS_Swine_LeachingAndRunoff_Equations.VEERG_4_5_1_7__2_MassOfNitrogenLostToLeachingAndRunoffFromDrylotMMS
A8: =HYPERLINK("#'Input - Site'!A1", "Site") -> Site
A9: =HYPERLINK("#'Input - Swine'!A1", "Swine") -> Swine
D10: Variable | E10: {=MMS_Swine_LeachingAndRunoff_Equations.VEERG_4_5_1_7__2_MassOfNitrogenLostToLeachingAndRunoffFromDrylotMMS_Variable()} -> MNLeach_jm5 | F10: This infers that drylot is not a stage 2 MMS option
A11: CALCULATIONS | D11: Unit | E11: {=MMS_Swine_LeachingAndRunoff_Equations.VEERG_4_5_1_7__2_MassOfNitrogenLostToLeachingAndRunoffFromDrylotMMS_Unit()} -> kg N | F11: Doc has typo - refers to 'solid storage'
A12: =HYPERLINK("#'4.5.1.1-2 Methane'!A1", "4.5.1.1-2 Methane") -> 4.5.1.1-2 Methane
A13: =HYPERLINK("#'4.5.1.3-4 Direct N2O'!A1", "4.5.1.3-4 Direct N2O") -> 4.5.1.3-4 Direct N2O | D13: {=Common_InputFunctions.Utility_DisplayArguments_1_2(MMS_Swine_LeachingAndRunoff_Equations.VEERG_4_5_1_7__2_MassOfNitrogenLostToLeachingAndRunoffFromDrylotMMS_Arguments())} -> MN_jm5T1 | E13: nitrogen in treatment stage 1 drylot MMS | G13: {=Common_InputFunctions.Utility_DisplayArguments_3_4(MMS_Swine_LeachingAndRunoff_Equations.VEERG_4_5_1_7__2_MassOfNitrogenLostToLeachingAndRunoffFromDrylotMMS_Arguments())} -> kg N | H13: Calculated from 4.5.1.3 (2) | I13: {=HYPERLINK(Common_InputFunctions.Utility_SourceHyperlink(D20), D20)} -> M1_Table_MN_j_m-5_T-1
A14: =HYPERLINK("#'4.5.1.5-6 Atmos Dep'!A1", "4.5.1.5-6 Soil atm. deposition") -> 4.5.1.5-6 Soil atm. deposition | D14: FracWET | E14: fraction of N available for leaching and runoff | G14: fraction | H14: Constant | I14: =Common_InputFunctions.CommonCropping_GetFracWET(I16,I18,#REF!,#REF!,Table_SourceData_FracWETIrrigation[Irrigation type i],Table_SourceData_FracWETIrrigation[FracWET]) -> 1
A15: =HYPERLINK("#'4.5.1.7-8 Leaching and runoff'!A1", "4.5.1.7-8 Leaching & runoff") -> 4.5.1.7-8 Leaching & runoff | D15: FracLEACH_MS | E15: fraction of N lost through leaching and runoff | G15: fraction | H15: Constant | I15: ='Constants - Swine'!$E$17 -> 0.02
A16: =HYPERLINK("#'4.5.1.9 Manure applied to soils'!A1", "4.5.1.9 Manure applied to soils") -> 4.5.1.9 Manure applied to soils | D16: z | E16: location in leaching zone | H16: Input | I16: ='Input - Site'!$E$23 -> NO - Not in leaching zone
D17: j | E17: production system | H17: Input | I17: ='Input - Swine'!$E$91 -> Crop
A18: APPENDICES | D18: ir | E18: irrigation method | H18: Input | I18: ='Input - Swine'!$E$92 -> Sprinkler irrigation
A19: =HYPERLINK("#'Constants - Swine'!A1", "Constants - Swine") -> Constants - Swine
A20: =HYPERLINK("#'Constants - Livestock'!A1", "Constants - Livestock") -> Constants - Livestock | D20: M1_Table_MN_j_m-5_T-1 | M20: M2_Table_MN_j_m-5_T-1
A21: =HYPERLINK("#'Constants - Common'!A1", "Constants - Common") -> Constants - Common | D21: Nitrogen in stage 1 drylot (Method 1) | M21: Nitrogen in stage 1 drylot (Method 2)
A22: =HYPERLINK("#'Acknowledgements'!A1", "Acknowledgements") -> Acknowledgements | D22: Stage 1 management | E22: Boars | F22: Sows | G22: Gilts | H22: Others | M22: Stage 1 management | N22: Boars | O22: Sows | P22: Gilts | Q22: Others
D23: ='Input - Swine'!$D$30 -> Drylot (feed pad) | E23: ='4.5.1.3-4 Direct N2O'!E119 -> 201.48 | F23: ='4.5.1.3-4 Direct N2O'!F119 -> 214.62 | G23: ='4.5.1.3-4 Direct N2O'!G119 -> 201.48 | H23: ='4.5.1.3-4 Direct N2O'!H119 -> 136.656 | I23: =$G$13 -> kg N | M23: ='Input - Swine'!$D$30 -> Drylot (feed pad) | N23: ='4.5.1.3-4 Direct N2O'!O119 -> 201.48 | O23: ='4.5.1.3-4 Direct N2O'!P119 -> 214.62 | P23: ='4.5.1.3-4 Direct N2O'!Q119 -> 201.48 | Q23: ='4.5.1.3-4 Direct N2O'!R119 -> 136.656 | R23: =$G$13 -> kg N
D25: M1_Table_MN_leach_j_m-5 | M25: M1_Table_MN_leach_j_m-5
D26: Mass of nitrogen lost to leaching (Method 1) | M26: Mass of nitrogen lost to leaching (Method 1)
D27: Stage 1 management | E27: Boars | F27: Sows | G27: Gilts | H27: Others | M27: Stage 1 management | N27: Boars | O27: Sows | P27: Gilts | Q27: Others
D28: ='Input - Swine'!$D$30 -> Drylot (feed pad) | E28: {=MMS_Swine_LeachingAndRunoff_Equations.VEERG_4_5_1_7__2_MassOfNitrogenLostToLeachingAndRunoffFromDrylotMMS(E23,$I$14,$I$15)} -> 4.0296 | F28: {=MMS_Swine_LeachingAndRunoff_Equations.VEERG_4_5_1_7__2_MassOfNitrogenLostToLeachingAndRunoffFromDrylotMMS(F23,$I$14,$I$15)} -> 4.2924 | G28: {=MMS_Swine_LeachingAndRunoff_Equations.VEERG_4_5_1_7__2_MassOfNitrogenLostToLeachingAndRunoffFromDrylotMMS(G23,$I$14,$I$15)} -> 4.0296 | H28: {=MMS_Swine_LeachingAndRunoff_Equations.VEERG_4_5_1_7__2_MassOfNitrogenLostToLeachingAndRunoffFromDrylotMMS(H23,$I$14,$I$15)} -> 2.73312 | I28: =$E$11 -> kg N | M28: ='Input - Swine'!$D$30 -> Drylot (feed pad) | N28: {=MMS_Swine_LeachingAndRunoff_Equations.VEERG_4_5_1_7__2_MassOfNitrogenLostToLeachingAndRunoffFromDrylotMMS(N23,$I$14,$I$15)} -> 4.0296 | O28: {=MMS_Swine_LeachingAndRunoff_Equations.VEERG_4_5_1_7__2_MassOfNitrogenLostToLeachingAndRunoffFromDrylotMMS(O23,$I$14,$I$15)} -> 4.2924 | P28: {=MMS_Swine_LeachingAndRunoff_Equations.VEERG_4_5_1_7__2_MassOfNitrogenLostToLeachingAndRunoffFromDrylotMMS(P23,$I$14,$I$15)} -> 4.0296 | Q28: {=MMS_Swine_LeachingAndRunoff_Equations.VEERG_4_5_1_7__2_MassOfNitrogenLostToLeachingAndRunoffFromDrylotMMS(Q23,$I$14,$I$15)} -> 2.73312 | R28: =$E$11 -> kg N
D32: {=MMS_Swine_LeachingAndRunoff_Equations.VEERG_4_5_1_7__1_AnnualEmissionsFromLeachingAndRunoffFromMMS_Title()} -> Annual emissions from leaching and runoff from each MMS
D33: {=MMS_Swine_LeachingAndRunoff_Equations.VEERG_4_5_1_7__1_AnnualEmissionsFromLeachingAndRunoffFromMMS_Source()} -> VEERG 2026: 4.5.1.7, Equation (1)
D34: Function name | E34: {=Common_InputFunctions.Utility_DisplayFunctionName($E$47)} -> =MMS_Swine_LeachingAndRunoff_Equations.VEERG_4_5_1_7__1_AnnualEmissionsFromLeachingAndRunoffFromMMS
D37: Variable | E37: {=MMS_Swine_LeachingAndRunoff_Equations.VEERG_4_5_1_7__1_AnnualEmissionsFromLeachingAndRunoffFromMMS_Variable()} -> E_N2Oleach
D38: Unit | E38: {=MMS_Swine_LeachingAndRunoff_Equations.VEERG_4_5_1_7__1_AnnualEmissionsFromLeachingAndRunoffFromMMS_Unit()} -> t N2O
D40: {=Common_InputFunctions.Utility_DisplayArguments_1_2(MMS_Swine_LeachingAndRunoff_Equations.VEERG_4_5_1_7__1_AnnualEmissionsFromLeachingAndRunoffFromMMS_Arguments())} -> MNLeach_jm5 | E40: mass of N lost through leaching and runoff from drylot MMS | G40: {=Common_InputFunctions.Utility_DisplayArguments_3_4(MMS_Swine_LeachingAndRunoff_Equations.VEERG_4_5_1_7__1_AnnualEmissionsFromLeachingAndRunoffFromMMS_Arguments())} -> kg N | H40: Calculated from 4.5.1.7 (2) | I40: {=HYPERLINK(Common_InputFunctions.Utility_SourceHyperlink(D25), D25)} -> M1_Table_MN_leach_j_m-5
D41: EF_leach | E41: emission factor for leaching and runoff | G41: kg N2O-N/kg N | H41: Constant | I41: ='Constants - Common'!$E$170 -> 0.011
D42: C_N2O | E42: factor to convert elemental mass of N2O to molecular mass | H42: Constant | I42: =Common_InputFunctions.Utility_LookupValueInTableNumber("N2O",Table_GasToMolecularConversionFactor[Gas],Table_GasToMolecularConversionFactor[Conversion factor combined]) -> 1.5714286
D44: M1_Table_E_N2O_leach | M44: M2_Table_E_N2O_leach
D45: Annual emissions from leaching and runoff (Method 1) | M45: Annual emissions from leaching and runoff (Method 2)
D46: Stage 1 management | E46: Boars | F46: Sows | G46: Gilts | H46: Others | M46: Stage 1 management | N46: Boars | O46: Sows | P46: Gilts | Q46: Others
D47: ='Input - Swine'!$D$30 -> Drylot (feed pad) | E47: {=MMS_Swine_LeachingAndRunoff_Equations.VEERG_4_5_1_7__1_AnnualEmissionsFromLeachingAndRunoffFromMMS(E28,$I$41,$I$42)} -> 6.9654514e-05 | F47: {=MMS_Swine_LeachingAndRunoff_Equations.VEERG_4_5_1_7__1_AnnualEmissionsFromLeachingAndRunoffFromMMS(F28,$I$41,$I$42)} -> 7.41972e-05 | G47: {=MMS_Swine_LeachingAndRunoff_Equations.VEERG_4_5_1_7__1_AnnualEmissionsFromLeachingAndRunoffFromMMS(G28,$I$41,$I$42)} -> 6.9654514e-05 | H47: {=MMS_Swine_LeachingAndRunoff_Equations.VEERG_4_5_1_7__1_AnnualEmissionsFromLeachingAndRunoffFromMMS(H28,$I$41,$I$42)} -> 4.7243931e-05 | I47: =$E$38 -> t N2O | M47: ='Input - Swine'!$D$30 -> Drylot (feed pad) | N47: {=MMS_Swine_LeachingAndRunoff_Equations.VEERG_4_5_1_7__1_AnnualEmissionsFromLeachingAndRunoffFromMMS(N28,$I$41,$I$42)} -> 6.9654514e-05 | O47: {=MMS_Swine_LeachingAndRunoff_Equations.VEERG_4_5_1_7__1_AnnualEmissionsFromLeachingAndRunoffFromMMS(O28,$I$41,$I$42)} -> 7.41972e-05 | P47: {=MMS_Swine_LeachingAndRunoff_Equations.VEERG_4_5_1_7__1_AnnualEmissionsFromLeachingAndRunoffFromMMS(P28,$I$41,$I$42)} -> 6.9654514e-05 | Q47: {=MMS_Swine_LeachingAndRunoff_Equations.VEERG_4_5_1_7__1_AnnualEmissionsFromLeachingAndRunoffFromMMS(Q28,$I$41,$I$42)} -> 4.7243931e-05 | R47: =$E$38 -> t N2O
D49: EN2O,leach | E49: =SUM(E47:H47) -> 0.00026075016 | F49: =$E$38 -> t N2O | M49: EN2O,leach | N49: =SUM(N47:Q47) -> 0.00026075016 | O49: =$E$38 -> t N2O
D51: {=Common_Equations.Common_ConvertN2OToCO2e_Arguments()} -> EN2O | E51: Nitrous oxide emissions (t N2O) | G51: =E49 -> 0.00026075016 | M51: {=Common_Equations.Common_ConvertN2OToCO2e_Arguments()} -> EN2O | N51: Nitrous oxide emissions (t N2O) | P51: =N49 -> 0.00026075016
D52: GWPN2O | E52: Global warming potential for nitrous oxide (t CO2-e / t N2O) | G52: =Common_InputFunctions.Utility_LookupValueInTableNumber("N2O",Table_GWPData[Gas],Table_GWPData[CO2-e factor]) -> 265 | M52: GWPN2O | N52: Global warming potential for nitrous oxide (t CO2-e / t N2O) | P52: =Common_InputFunctions.Utility_LookupValueInTableNumber("N2O",Table_GWPData[Gas],Table_GWPData[CO2-e factor]) -> 265
A54: =HYPERLINK("#A1", "▲ Back to top") -> ▲ Back to top | D54: ECO2e | E54: {=Common_Equations.Common_ConvertN2OToCO2e(G51,G52)} -> 0.069098792 | F54: {=Common_Equations.Common_ConvertN2OToCO2e_Unit()} -> t CO2e | M54: ECO2e | N54: {=Common_Equations.Common_ConvertN2OToCO2e(P51,P52)} -> 0.069098792 | O54: {=Common_Equations.Common_ConvertN2OToCO2e_Unit()} -> t CO2e

Sheet 4.5.1.9 Manure applied to soils
A1: #VALUE! | C1: 4.5.1.9 Manure applied to soils
A3: =HYPERLINK("#'Home'!A1", "Home") -> Home | D3: Method 1 | N3: Method 2
A4: =HYPERLINK("#'Overview'!A1", "Overview") -> Overview
A5: =HYPERLINK("#'Results'!A1", "Results") -> Results | D5: {=MMS_Swine_ManureAppliedToSoils_Equations.VEERG_4_5_1_9__1_MassOfNitrogenAppliedToSoilsScope1_Title()} -> Mass of nitrogen applied to soils for scope 1 emissions
D6: {=MMS_Swine_ManureAppliedToSoils_Equations.VEERG_4_5_1_9__1_MassOfNitrogenAppliedToSoilsScope1_Source()} -> VEERG 2026: 4.5.1.9, Equation (1)
A7: INPUTS | D7: Function name | E7: {=Common_InputFunctions.Utility_DisplayFunctionName(F134)} -> =MMS_Swine_ManureAppliedToSoils_Equations.VEERG_4_5_1_9__1_MassOfNitrogenAppliedToSoilsScope1
A8: =HYPERLINK("#'Input - Site'!A1", "Site") -> Site
A9: =HYPERLINK("#'Input - Swine'!A1", "Swine") -> Swine | G9: MNleachjm=5 infers stage 1 and 2 drylot MMS
D10: Variable | E10: {=MMS_Swine_ManureAppliedToSoils_Equations.VEERG_4_5_1_9__1_MassOfNitrogenAppliedToSoilsScope1_Variable()} -> MNSoil_scope1 | G10: but 4.5.1.7, Equation (2) says MNleachjm=5 only comes from stage 1 MMS
A11: CALCULATIONS | D11: Unit | E11: {=MMS_Swine_ManureAppliedToSoils_Equations.VEERG_4_5_1_9__1_MassOfNitrogenAppliedToSoilsScope1_Unit()} -> kg N
A12: =HYPERLINK("#'4.5.1.1-2 Methane'!A1", "4.5.1.1-2 Methane") -> 4.5.1.1-2 Methane
A13: =HYPERLINK("#'4.5.1.3-4 Direct N2O'!A1", "4.5.1.3-4 Direct N2O") -> 4.5.1.3-4 Direct N2O | D13: {=Common_InputFunctions.Utility_DisplayArguments_1_2(MMS_Swine_ManureAppliedToSoils_Equations.VEERG_4_5_1_9__1_MassOfNitrogenAppliedToSoilsScope1_Arguments())} -> MN_jmT2 | E13: mass of N in MMS at treatment stage 2 | G13: {=Common_InputFunctions.Utility_DisplayArguments_3_4(MMS_Swine_ManureAppliedToSoils_Equations.VEERG_4_5_1_9__1_MassOfNitrogenAppliedToSoilsScope1_Arguments())} -> kg N | H13: Calculated from 4.5.1.3 (6) | I13: {=HYPERLINK(Common_InputFunctions.Utility_SourceHyperlink(D19), D19)} -> M1_Table_MN_j_m_T-2
A14: =HYPERLINK("#'4.5.1.5-6 Atmos Dep'!A1", "4.5.1.5-6 Soil atm. deposition") -> 4.5.1.5-6 Soil atm. deposition | D14: EF_mT2 | E14: nitrous oxide emission factor for each MMS at treatment stage 2 | G14: kg N2O-N/kg N | H14: Constant | I14: {=HYPERLINK(Common_InputFunctions.Utility_SourceHyperlink(D120), D120)} -> Table_EF_m_T
A15: =HYPERLINK("#'4.5.1.7-8 Leaching and runoff'!A1", "4.5.1.7-8 Leaching & runoff") -> 4.5.1.7-8 Leaching & runoff | D15: FracGASM_mT2 | E15: fraction of animal waste N volatilised in each MMS at treatment stage 2 | G15: (kg NH3-N + NOx-N)/kg N | H15: Constant | I15: {=HYPERLINK(Common_InputFunctions.Utility_SourceHyperlink(D109), D109)} -> Table_FracGASM_m_t
A16: =HYPERLINK("#'4.5.1.9 Manure applied to soils'!A1", "4.5.1.9 Manure applied to soils") -> 4.5.1.9 Manure applied to soils | D16: MNLeach_jm5 | E16: mass of N lost to leaching and runoff from drylot MMS | G16: kg N | H16: Calculated from 4.5.1.7 (2) | I16: {=HYPERLINK(Common_InputFunctions.Utility_SourceHyperlink(D49), D49)} -> M1_Table_MN_leach_j_m-5
D17: PF | E17: fraction of manure applied to soil within the piggery boundary | G17: fraction | H17: Input | I17: {=HYPERLINK(Common_InputFunctions.Utility_SourceHyperlink(D79), D79)} -> M1_Table_PF
A18: APPENDICES
A19: =HYPERLINK("#'Constants - Swine'!A1", "Constants - Swine") -> Constants - Swine | D19: M1_Table_MN_j_m_T-2 | N19: M2_Table_MN_j_m_T-2
A20: =HYPERLINK("#'Constants - Livestock'!A1", "Constants - Livestock") -> Constants - Livestock | D20: Nitrogen in stage 2 MMS (Method 1) | N20: Nitrogen in stage 2 MMS (Method 2)
A21: =HYPERLINK("#'Constants - Common'!A1", "Constants - Common") -> Constants - Common | D21: Stage 1 management | E21: Stage 2 management | F21: Boars | G21: Sows | H21: Gilts | I21: Others | N21: Stage 1 management | O21: Stage 2 management | P21: Boars | Q21: Sows | R21: Gilts | S21: Others
A22: =HYPERLINK("#'Acknowledgements'!A1", "Acknowledgements") -> Acknowledgements | D22: ='Input - Swine'!$D$29 -> Anaerobic lagoon | E22: ='Input - Swine'!$D$48 -> Digester / covered lagoons | F22: ='4.5.1.3-4 Direct N2O'!F217 -> 18.1332 | G22: ='4.5.1.3-4 Direct N2O'!G217 -> 24.14475 | H22: ='4.5.1.3-4 Direct N2O'!H217 -> 22.6665 | I22: ='4.5.1.3-4 Direct N2O'!I217 -> 15.3738 | J22: =$G$13 -> kg N | N22: ='Input - Swine'!$D$29 -> Anaerobic lagoon | O22: ='Input - Swine'!$D$48 -> Digester / covered lagoons | P22: ='4.5.1.3-4 Direct N2O'!P217 -> 18.1332 | Q22: ='4.5.1.3-4 Direct N2O'!Q217 -> 24.14475 | R22: ='4.5.1.3-4 Direct N2O'!R217 -> 22.6665 | S22: ='4.5.1.3-4 Direct N2O'!S217 -> 15.3738 | T22: =$G$13 -> kg N
E23: ='Input - Swine'!$D$49 -> Deep litter | F23: ='4.5.1.3-4 Direct N2O'!F218 -> 18.1332 | G23: ='4.5.1.3-4 Direct N2O'!G218 -> 24.14475 | H23: ='4.5.1.3-4 Direct N2O'!H218 -> 22.6665 | I23: ='4.5.1.3-4 Direct N2O'!I218 -> 15.3738 | O23: ='Input - Swine'!$D$49 -> Deep litter | P23: ='4.5.1.3-4 Direct N2O'!P218 -> 18.1332 | Q23: ='4.5.1.3-4 Direct N2O'!Q218 -> 24.14475 | R23: ='4.5.1.3-4 Direct N2O'!R218 -> 22.6665 | S23: ='4.5.1.3-4 Direct N2O'!S218 -> 15.3738
E24: ='Input - Swine'!$D$50 -> Pit storage | F24: ='4.5.1.3-4 Direct N2O'!F219 -> 18.1332 | G24: ='4.5.1.3-4 Direct N2O'!G219 -> 24.14475 | H24: ='4.5.1.3-4 Direct N2O'!H219 -> 22.6665 | I24: ='4.5.1.3-4 Direct N2O'!I219 -> 15.3738 | O24: ='Input - Swine'!$D$50 -> Pit storage | P24: ='4.5.1.3-4 Direct N2O'!P219 -> 18.1332 | Q24: ='4.5.1.3-4 Direct N2O'!Q219 -> 24.14475 | R24: ='4.5.1.3-4 Direct N2O'!R219 -> 22.6665 | S24: ='4.5.1.3-4 Direct N2O'!S219 -> 15.3738
E25: ='Input - Swine'!$D$51 -> Direct application | F25: ='4.5.1.3-4 Direct N2O'!F220 -> 36.2664 | G25: ='4.5.1.3-4 Direct N2O'!G220 -> 24.14475 | H25: ='4.5.1.3-4 Direct N2O'!H220 -> 22.6665 | I25: ='4.5.1.3-4 Direct N2O'!I220 -> 15.3738 | O25: ='Input - Swine'!$D$51 -> Direct application | P25: ='4.5.1.3-4 Direct N2O'!P220 -> 36.2664 | Q25: ='4.5.1.3-4 Direct N2O'!Q220 -> 24.14475 | R25: ='4.5.1.3-4 Direct N2O'!R220 -> 22.6665 | S25: ='4.5.1.3-4 Direct N2O'!S220 -> 15.3738
D26: ='Input - Swine'!$D$30 -> Drylot (feed pad) | E26: ='Input - Swine'!$D$55 -> Anaerobic lagoon | F26: ='4.5.1.3-4 Direct N2O'!F221 -> 27.40128 | G26: ='4.5.1.3-4 Direct N2O'!G221 -> 36.4854 | H26: ='4.5.1.3-4 Direct N2O'!H221 -> 34.2516 | I26: ='4.5.1.3-4 Direct N2O'!I221 -> 23.23152 | N26: ='Input - Swine'!$D$30 -> Drylot (feed pad) | O26: ='Input - Swine'!$D$55 -> Anaerobic lagoon | P26: ='4.5.1.3-4 Direct N2O'!P221 -> 27.40128 | Q26: ='4.5.1.3-4 Direct N2O'!Q221 -> 36.4854 | R26: ='4.5.1.3-4 Direct N2O'!R221 -> 34.2516 | S26: ='4.5.1.3-4 Direct N2O'!S221 -> 23.23152
E27: ='Input - Swine'!$D$56 -> Digester / covered lagoons | F27: ='4.5.1.3-4 Direct N2O'!F222 -> 27.40128 | G27: ='4.5.1.3-4 Direct N2O'!G222 -> 36.4854 | H27: ='4.5.1.3-4 Direct N2O'!H222 -> 34.2516 | I27: ='4.5.1.3-4 Direct N2O'!I222 -> 23.23152 | O27: ='Input - Swine'!$D$56 -> Digester / covered lagoons | P27: ='4.5.1.3-4 Direct N2O'!P222 -> 27.40128 | Q27: ='4.5.1.3-4 Direct N2O'!Q222 -> 36.4854 | R27: ='4.5.1.3-4 Direct N2O'!R222 -> 34.2516 | S27: ='4.5.1.3-4 Direct N2O'!S222 -> 23.23152
E28: ='Input - Swine'!$D$57 -> Deep litter | F28: ='4.5.1.3-4 Direct N2O'!F223 -> 27.40128 | G28: ='4.5.1.3-4 Direct N2O'!G223 -> 36.4854 | H28: ='4.5.1.3-4 Direct N2O'!H223 -> 34.2516 | I28: ='4.5.1.3-4 Direct N2O'!I223 -> 23.23152 | O28: ='Input - Swine'!$D$57 -> Deep litter | P28: ='4.5.1.3-4 Direct N2O'!P223 -> 27.40128 | Q28: ='4.5.1.3-4 Direct N2O'!Q223 -> 36.4854 | R28: ='4.5.1.3-4 Direct N2O'!R223 -> 34.2516 | S28: ='4.5.1.3-4 Direct N2O'!S223 -> 23.23152
E29: ='Input - Swine'!$D$58 -> Pit storage | F29: ='4.5.1.3-4 Direct N2O'!F224 -> 27.40128 | G29: ='4.5.1.3-4 Direct N2O'!G224 -> 36.4854 | H29: ='4.5.1.3-4 Direct N2O'!H224 -> 34.2516 | I29: ='4.5.1.3-4 Direct N2O'!I224 -> 23.23152 | O29: ='Input - Swine'!$D$58 -> Pit storage | P29: ='4.5.1.3-4 Direct N2O'!P224 -> 27.40128 | Q29: ='4.5.1.3-4 Direct N2O'!Q224 -> 36.4854 | R29: ='4.5.1.3-4 Direct N2O'!R224 -> 34.2516 | S29: ='4.5.1.3-4 Direct N2O'!S224 -> 23.23152
E30: ='Input - Swine'!$D$59 -> Direct application | F30: ='4.5.1.3-4 Direct N2O'!F225 -> 27.40128 | G30: ='4.5.1.3-4 Direct N2O'!G225 -> 0 | H30: ='4.5.1.3-4 Direct N2O'!H225 -> 0 | I30: ='4.5.1.3-4 Direct N2O'!I225 -> 0 | O30: ='Input - Swine'!$D$59 -> Direct application | P30: ='4.5.1.3-4 Direct N2O'!P225 -> 27.40128 | Q30: ='4.5.1.3-4 Direct N2O'!Q225 -> 0 | R30: ='4.5.1.3-4 Direct N2O'!R225 -> 0 | S30: ='4.5.1.3-4 Direct N2O'!S225 -> 0
D31: ='Input - Swine'!$D$31 -> Digester / covered lagoons | E31: ='Input - Swine'!$D$63 -> Anaerobic lagoon | F31: ='4.5.1.3-4 Direct N2O'!F226 -> 40.296 | G31: ='4.5.1.3-4 Direct N2O'!G226 -> 53.655 | H31: ='4.5.1.3-4 Direct N2O'!H226 -> 50.37 | I31: ='4.5.1.3-4 Direct N2O'!I226 -> 34.164 | N31: ='Input - Swine'!$D$31 -> Digester / covered lagoons | O31: ='Input - Swine'!$D$63 -> Anaerobic lagoon | P31: ='4.5.1.3-4 Direct N2O'!P226 -> 40.296 | Q31: ='4.5.1.3-4 Direct N2O'!Q226 -> 53.655 | R31: ='4.5.1.3-4 Direct N2O'!R226 -> 50.37 | S31: ='4.5.1.3-4 Direct N2O'!S226 -> 34.164
E32: ='Input - Swine'!$D$64 -> Deep litter | F32: ='4.5.1.3-4 Direct N2O'!F227 -> 40.296 | G32: ='4.5.1.3-4 Direct N2O'!G227 -> 53.655 | H32: ='4.5.1.3-4 Direct N2O'!H227 -> 50.37 | I32: ='4.5.1.3-4 Direct N2O'!I227 -> 34.164 | O32: ='Input - Swine'!$D$64 -> Deep litter | P32: ='4.5.1.3-4 Direct N2O'!P227 -> 40.296 | Q32: ='4.5.1.3-4 Direct N2O'!Q227 -> 53.655 | R32: ='4.5.1.3-4 Direct N2O'!R227 -> 50.37 | S32: ='4.5.1.3-4 Direct N2O'!S227 -> 34.164
E33: ='Input - Swine'!$D$65 -> Pit storage | F33: ='4.5.1.3-4 Direct N2O'!F228 -> 40.296 | G33: ='4.5.1.3-4 Direct N2O'!G228 -> 53.655 | H33: ='4.5.1.3-4 Direct N2O'!H228 -> 50.37 | I33: ='4.5.1.3-4 Direct N2O'!I228 -> 34.164 | O33: ='Input - Swine'!$D$65 -> Pit storage | P33: ='4.5.1.3-4 Direct N2O'!P228 -> 40.296 | Q33: ='4.5.1.3-4 Direct N2O'!Q228 -> 53.655 | R33: ='4.5.1.3-4 Direct N2O'!R228 -> 50.37 | S33: ='4.5.1.3-4 Direct N2O'!S228 -> 34.164
E34: ='Input - Swine'!$D$66 -> Direct application | F34: ='4.5.1.3-4 Direct N2O'!F229 -> 80.592 | G34: ='4.5.1.3-4 Direct N2O'!G229 -> 53.655 | H34: ='4.5.1.3-4 Direct N2O'!H229 -> 50.37 | I34: ='4.5.1.3-4 Direct N2O'!I229 -> 34.164 | O34: ='Input - Swine'!$D$66 -> Direct application | P34: ='4.5.1.3-4 Direct N2O'!P229 -> 80.592 | Q34: ='4.5.1.3-4 Direct N2O'!Q229 -> 53.655 | R34: ='4.5.1.3-4 Direct N2O'!R229 -> 50.37 | S34: ='4.5.1.3-4 Direct N2O'!S229 -> 34.164
D35: ='Input - Swine'!$D$32 -> Deep litter | E35: ='Input - Swine'!$D$70 -> Anaerobic lagoon | F35: ='4.5.1.3-4 Direct N2O'!F230 -> 34.85604 | G35: ='4.5.1.3-4 Direct N2O'!G230 -> 46.411575 | H35: ='4.5.1.3-4 Direct N2O'!H230 -> 43.57005 | I35: ='4.5.1.3-4 Direct N2O'!I230 -> 29.55186 | N35: ='Input - Swine'!$D$32 -> Deep litter | O35: ='Input - Swine'!$D$70 -> Anaerobic lagoon | P35: ='4.5.1.3-4 Direct N2O'!P230 -> 34.85604 | Q35: ='4.5.1.3-4 Direct N2O'!Q230 -> 46.411575 | R35: ='4.5.1.3-4 Direct N2O'!R230 -> 43.57005 | S35: ='4.5.1.3-4 Direct N2O'!S230 -> 29.55186
E36: ='Input - Swine'!$D$71 -> Digester / covered lagoons | F36: ='4.5.1.3-4 Direct N2O'!F231 -> 34.85604 | G36: ='4.5.1.3-4 Direct N2O'!G231 -> 46.411575 | H36: ='4.5.1.3-4 Direct N2O'!H231 -> 43.57005 | I36: ='4.5.1.3-4 Direct N2O'!I231 -> 29.55186 | O36: ='Input - Swine'!$D$71 -> Digester / covered lagoons | P36: ='4.5.1.3-4 Direct N2O'!P231 -> 34.85604 | Q36: ='4.5.1.3-4 Direct N2O'!Q231 -> 46.411575 | R36: ='4.5.1.3-4 Direct N2O'!R231 -> 43.57005 | S36: ='4.5.1.3-4 Direct N2O'!S231 -> 29.55186
E37: ='Input - Swine'!$D$72 -> Pit storage | F37: ='4.5.1.3-4 Direct N2O'!F232 -> 34.85604 | G37: ='4.5.1.3-4 Direct N2O'!G232 -> 46.411575 | H37: ='4.5.1.3-4 Direct N2O'!H232 -> 43.57005 | I37: ='4.5.1.3-4 Direct N2O'!I232 -> 29.55186 | O37: ='Input - Swine'!$D$72 -> Pit storage | P37: ='4.5.1.3-4 Direct N2O'!P232 -> 34.85604 | Q37: ='4.5.1.3-4 Direct N2O'!Q232 -> 46.411575 | R37: ='4.5.1.3-4 Direct N2O'!R232 -> 43.57005 | S37: ='4.5.1.3-4 Direct N2O'!S232 -> 29.55186
E38: ='Input - Swine'!$D$73 -> Direct application | F38: ='4.5.1.3-4 Direct N2O'!F233 -> 69.71208 | G38: ='4.5.1.3-4 Direct N2O'!G233 -> 46.411575 | H38: ='4.5.1.3-4 Direct N2O'!H233 -> 43.57005 | I38: ='4.5.1.3-4 Direct N2O'!I233 -> 29.55186 | O38: ='Input - Swine'!$D$73 -> Direct application | P38: ='4.5.1.3-4 Direct N2O'!P233 -> 69.71208 | Q38: ='4.5.1.3-4 Direct N2O'!Q233 -> 46.411575 | R38: ='4.5.1.3-4 Direct N2O'!R233 -> 43.57005 | S38: ='4.5.1.3-4 Direct N2O'!S233 -> 29.55186
D39: ='Input - Swine'!$D$33 -> Pit storage | E39: ='Input - Swine'!$D$77 -> Anaerobic lagoon | F39: ='4.5.1.3-4 Direct N2O'!F234 -> 30.141408 | G39: ='4.5.1.3-4 Direct N2O'!G234 -> 40.13394 | H39: ='4.5.1.3-4 Direct N2O'!H234 -> 37.67676 | I39: ='4.5.1.3-4 Direct N2O'!I234 -> 25.554672 | N39: ='Input - Swine'!$D$33 -> Pit storage | O39: ='Input - Swine'!$D$77 -> Anaerobic lagoon | P39: ='4.5.1.3-4 Direct N2O'!P234 -> 30.141408 | Q39: ='4.5.1.3-4 Direct N2O'!Q234 -> 40.13394 | R39: ='4.5.1.3-4 Direct N2O'!R234 -> 37.67676 | S39: ='4.5.1.3-4 Direct N2O'!S234 -> 25.554672
E40: ='Input - Swine'!$D$78 -> Digester / covered lagoons | F40: ='4.5.1.3-4 Direct N2O'!F235 -> 30.141408 | G40: ='4.5.1.3-4 Direct N2O'!G235 -> 40.13394 | H40: ='4.5.1.3-4 Direct N2O'!H235 -> 37.67676 | I40: ='4.5.1.3-4 Direct N2O'!I235 -> 25.554672 | O40: ='Input - Swine'!$D$78 -> Digester / covered lagoons | P40: ='4.5.1.3-4 Direct N2O'!P235 -> 30.141408 | Q40: ='4.5.1.3-4 Direct N2O'!Q235 -> 40.13394 | R40: ='4.5.1.3-4 Direct N2O'!R235 -> 37.67676 | S40: ='4.5.1.3-4 Direct N2O'!S235 -> 25.554672
E41: ='Input - Swine'!$D$79 -> Deep litter | F41: ='4.5.1.3-4 Direct N2O'!F236 -> 30.141408 | G41: ='4.5.1.3-4 Direct N2O'!G236 -> 40.13394 | H41: ='4.5.1.3-4 Direct N2O'!H236 -> 37.67676 | I41: ='4.5.1.3-4 Direct N2O'!I236 -> 25.554672 | O41: ='Input - Swine'!$D$79 -> Deep litter | P41: ='4.5.1.3-4 Direct N2O'!P236 -> 30.141408 | Q41: ='4.5.1.3-4 Direct N2O'!Q236 -> 40.13394 | R41: ='4.5.1.3-4 Direct N2O'!R236 -> 37.67676 | S41: ='4.5.1.3-4 Direct N2O'!S236 -> 25.554672
E42: ='Input - Swine'!$D$80 -> Direct application | F42: ='4.5.1.3-4 Direct N2O'!F237 -> 60.282816 | G42: ='4.5.1.3-4 Direct N2O'!G237 -> 40.13394 | H42: ='4.5.1.3-4 Direct N2O'!H237 -> 37.67676 | I42: ='4.5.1.3-4 Direct N2O'!I237 -> 25.554672 | O42: ='Input - Swine'!$D$80 -> Direct application | P42: ='4.5.1.3-4 Direct N2O'!P237 -> 60.282816 | Q42: ='4.5.1.3-4 Direct N2O'!Q237 -> 40.13394 | R42: ='4.5.1.3-4 Direct N2O'!R237 -> 37.67676 | S42: ='4.5.1.3-4 Direct N2O'!S237 -> 25.554672
D43: ='Input - Swine'!$D$34 -> Solid storage | E43: ='Input - Swine'!$D$84 -> Anaerobic lagoon | F43: ='4.5.1.3-4 Direct N2O'!F238 -> 106.7844 | G43: ='4.5.1.3-4 Direct N2O'!G238 -> 113.7486 | H43: ='4.5.1.3-4 Direct N2O'!H238 -> 106.7844 | I43: ='4.5.1.3-4 Direct N2O'!I238 -> 72.42768 | N43: ='Input - Swine'!$D$34 -> Solid storage | O43: ='Input - Swine'!$D$84 -> Anaerobic lagoon | P43: ='4.5.1.3-4 Direct N2O'!P238 -> 106.7844 | Q43: ='4.5.1.3-4 Direct N2O'!Q238 -> 113.7486 | R43: ='4.5.1.3-4 Direct N2O'!R238 -> 106.7844 | S43: ='4.5.1.3-4 Direct N2O'!S238 -> 72.42768
E44: ='Input - Swine'!$D$85 -> Digester / covered lagoons | F44: ='4.5.1.3-4 Direct N2O'!F239 -> 106.7844 | G44: ='4.5.1.3-4 Direct N2O'!G239 -> 113.7486 | H44: ='4.5.1.3-4 Direct N2O'!H239 -> 106.7844 | I44: ='4.5.1.3-4 Direct N2O'!I239 -> 72.42768 | O44: ='Input - Swine'!$D$85 -> Digester / covered lagoons | P44: ='4.5.1.3-4 Direct N2O'!P239 -> 106.7844 | Q44: ='4.5.1.3-4 Direct N2O'!Q239 -> 113.7486 | R44: ='4.5.1.3-4 Direct N2O'!R239 -> 106.7844 | S44: ='4.5.1.3-4 Direct N2O'!S239 -> 72.42768
E45: ='Input - Swine'!$D$86 -> Deep litter | F45: ='4.5.1.3-4 Direct N2O'!F240 -> 106.7844 | G45: ='4.5.1.3-4 Direct N2O'!G240 -> 113.7486 | H45: ='4.5.1.3-4 Direct N2O'!H240 -> 106.7844 | I45: ='4.5.1.3-4 Direct N2O'!I240 -> 72.42768 | O45: ='Input - Swine'!$D$86 -> Deep litter | P45: ='4.5.1.3-4 Direct N2O'!P240 -> 106.7844 | Q45: ='4.5.1.3-4 Direct N2O'!Q240 -> 113.7486 | R45: ='4.5.1.3-4 Direct N2O'!R240 -> 106.7844 | S45: ='4.5.1.3-4 Direct N2O'!S240 -> 72.42768
E46: ='Input - Swine'!$D$87 -> Pit storage | F46: ='4.5.1.3-4 Direct N2O'!F241 -> 53.3922 | G46: ='4.5.1.3-4 Direct N2O'!G241 -> 56.8743 | H46: ='4.5.1.3-4 Direct N2O'!H241 -> 53.3922 | I46: ='4.5.1.3-4 Direct N2O'!I241 -> 36.21384 | O46: ='Input - Swine'!$D$87 -> Pit storage | P46: ='4.5.1.3-4 Direct N2O'!P241 -> 53.3922 | Q46: ='4.5.1.3-4 Direct N2O'!Q241 -> 56.8743 | R46: ='4.5.1.3-4 Direct N2O'!R241 -> 53.3922 | S46: ='4.5.1.3-4 Direct N2O'!S241 -> 36.21384
E47: ='Input - Swine'!$D$88 -> Direct application | F47: ='4.5.1.3-4 Direct N2O'!F242 -> 160.1766 | G47: ='4.5.1.3-4 Direct N2O'!G242 -> 170.6229 | H47: ='4.5.1.3-4 Direct N2O'!H242 -> 160.1766 | I47: ='4.5.1.3-4 Direct N2O'!I242 -> 108.64152 | O47: ='Input - Swine'!$D$88 -> Direct application | P47: ='4.5.1.3-4 Direct N2O'!P242 -> 160.1766 | Q47: ='4.5.1.3-4 Direct N2O'!Q242 -> 170.6229 | R47: ='4.5.1.3-4 Direct N2O'!R242 -> 160.1766 | S47: ='4.5.1.3-4 Direct N2O'!S242 -> 108.64152
D49: M1_Table_MN_leach_j_m-5 | N49: M1_Table_MN_leach_j_m-5
D50: N lost through leaching and runoff from stage 1 drylot MMS | N50: N lost through leaching and runoff from stage 1 drylot MMS
D51: Stage 1 management | E51: Stage 2 management | F51: Boars | G51: Sows | H51: Gilts | I51: Others | N51: Stage 1 management | O51: Stage 2 management | P51: Boars | Q51: Sows | R51: Gilts | S51: Others
D52: ='Input - Swine'!$D$29 -> Anaerobic lagoon | E52: ='Input - Swine'!$D$48 -> Digester / covered lagoons | F52: 0 | G52: 0 | H52: 0 | I52: 0 | J52: =$G$16 -> kg N | N52: ='Input - Swine'!$D$29 -> Anaerobic lagoon | O52: ='Input - Swine'!$D$48 -> Digester / covered lagoons | P52: 0 | Q52: 0 | R52: 0 | S52: 0 | T52: =$G$16 -> kg N
E53: ='Input - Swine'!$D$49 -> Deep litter | F53: 0 | G53: 0 | H53: 0 | I53: 0 | O53: ='Input - Swine'!$D$49 -> Deep litter | P53: 0 | Q53: 0 | R53: 0 | S53: 0
E54: ='Input - Swine'!$D$50 -> Pit storage | F54: 0 | G54: 0 | H54: 0 | I54: 0 | O54: ='Input - Swine'!$D$50 -> Pit storage | P54: 0 | Q54: 0 | R54: 0 | S54: 0
E55: ='Input - Swine'!$D$51 -> Direct application | F55: 0 | G55: 0 | H55: 0 | I55: 0 | O55: ='Input - Swine'!$D$51 -> Direct application | P55: 0 | Q55: 0 | R55: 0 | S55: 0
D56: ='Input - Swine'!$D$30 -> Drylot (feed pad) | E56: ='Input - Swine'!$D$55 -> Anaerobic lagoon | F56: ='4.5.1.7-8 Leaching and runoff'!E$28 -> 4.0296 | G56: ='4.5.1.7-8 Leaching and runoff'!F$28 -> 4.2924 | H56: ='4.5.1.7-8 Leaching and runoff'!G$28 -> 4.0296 | I56: ='4.5.1.7-8 Leaching and runoff'!H$28 -> 2.73312 | N56: ='Input - Swine'!$D$30 -> Drylot (feed pad) | O56: ='Input - Swine'!$D$55 -> Anaerobic lagoon | P56: ='4.5.1.7-8 Leaching and runoff'!N$28 -> 4.0296 | Q56: ='4.5.1.7-8 Leaching and runoff'!O$28 -> 4.2924 | R56: ='4.5.1.7-8 Leaching and runoff'!P$28 -> 4.0296 | S56: ='4.5.1.7-8 Leaching and runoff'!Q$28 -> 2.73312
E57: ='Input - Swine'!$D$56 -> Digester / covered lagoons | F57: ='4.5.1.7-8 Leaching and runoff'!E$28 -> 4.0296 | G57: ='4.5.1.7-8 Leaching and runoff'!F$28 -> 4.2924 | H57: ='4.5.1.7-8 Leaching and runoff'!G$28 -> 4.0296 | I57: ='4.5.1.7-8 Leaching and runoff'!H$28 -> 2.73312 | O57: ='Input - Swine'!$D$56 -> Digester / covered lagoons | P57: ='4.5.1.7-8 Leaching and runoff'!N$28 -> 4.0296 | Q57: ='4.5.1.7-8 Leaching and runoff'!O$28 -> 4.2924 | R57: ='4.5.1.7-8 Leaching and runoff'!P$28 -> 4.0296 | S57: ='4.5.1.7-8 Leaching and runoff'!Q$28 -> 2.73312
E58: ='Input - Swine'!$D$57 -> Deep litter | F58: ='4.5.1.7-8 Leaching and runoff'!E$28 -> 4.0296 | G58: ='4.5.1.7-8 Leaching and runoff'!F$28 -> 4.2924 | H58: ='4.5.1.7-8 Leaching and runoff'!G$28 -> 4.0296 | I58: ='4.5.1.7-8 Leaching and runoff'!H$28 -> 2.73312 | O58: ='Input - Swine'!$D$57 -> Deep litter | P58: ='4.5.1.7-8 Leaching and runoff'!N$28 -> 4.0296 | Q58: ='4.5.1.7-8 Leaching and runoff'!O$28 -> 4.2924 | R58: ='4.5.1.7-8 Leaching and runoff'!P$28 -> 4.0296 | S58: ='4.5.1.7-8 Leaching and runoff'!Q$28 -> 2.73312
E59: ='Input - Swine'!$D$58 -> Pit storage | F59: ='4.5.1.7-8 Leaching and runoff'!E$28 -> 4.0296 | G59: ='4.5.1.7-8 Leaching and runoff'!F$28 -> 4.2924 | H59: ='4.5.1.7-8 Leaching and runoff'!G$28 -> 4.0296 | I59: ='4.5.1.7-8 Leaching and runoff'!H$28 -> 2.73312 | O59: ='Input - Swine'!$D$58 -> Pit storage | P59: ='4.5.1.7-8 Leaching and runoff'!N$28 -> 4.0296 | Q59: ='4.5.1.7-8 Leaching and runoff'!O$28 -> 4.2924 | R59: ='4.5.1.7-8 Leaching and runoff'!P$28 -> 4.0296 | S59: ='4.5.1.7-8 Leaching and runoff'!Q$28 -> 2.73312
E60: ='Input - Swine'!$D$59 -> Direct application | F60: 0 | G60: 0 | H60: 0 | I60: 0 | O60: ='Input - Swine'!$D$59 -> Direct application | P60: 0 | Q60: 0 | R60: 0 | S60: 0
D61: ='Input - Swine'!$D$31 -> Digester / covered lagoons | E61: ='Input - Swine'!$D$63 -> Anaerobic lagoon | F61: 0 | G61: 0 | H61: 0 | I61: 0 | N61: ='Input - Swine'!$D$31 -> Digester / covered lagoons | O61: ='Input - Swine'!$D$63 -> Anaerobic lagoon | P61: 0 | Q61: 0 | R61: 0 | S61: 0
E62: ='Input - Swine'!$D$64 -> Deep litter | F62: 0 | G62: 0 | H62: 0 | I62: 0 | O62: ='Input - Swine'!$D$64 -> Deep litter | P62: 0 | Q62: 0 | R62: 0 | S62: 0
A63: =HYPERLINK("#A1", "▲ Back to top") -> ▲ Back to top | E63: ='Input - Swine'!$D$65 -> Pit storage | F63: 0 | G63: 0 | H63: 0 | I63: 0 | O63: ='Input - Swine'!$D$65 -> Pit storage | P63: 0 | Q63: 0 | R63: 0 | S63: 0
E64: ='Input - Swine'!$D$66 -> Direct application | F64: 0 | G64: 0 | H64: 0 | I64: 0 | O64: ='Input - Swine'!$D$66 -> Direct application | P64: 0 | Q64: 0 | R64: 0 | S64: 0
D65: ='Input - Swine'!$D$32 -> Deep litter | E65: ='Input - Swine'!$D$70 -> Anaerobic lagoon | F65: 0 | G65: 0 | H65: 0 | I65: 0 | N65: ='Input - Swine'!$D$32 -> Deep litter | O65: ='Input - Swine'!$D$70 -> Anaerobic lagoon | P65: 0 | Q65: 0 | R65: 0 | S65: 0
E66: ='Input - Swine'!$D$71 -> Digester / covered lagoons | F66: 0 | G66: 0 | H66: 0 | I66: 0 | O66: ='Input - Swine'!$D$71 -> Digester / covered lagoons | P66: 0 | Q66: 0 | R66: 0 | S66: 0
E67: ='Input - Swine'!$D$72 -> Pit storage | F67: 0 | G67: 0 | H67: 0 | I67: 0 | O67: ='Input - Swine'!$D$72 -> Pit storage | P67: 0 | Q67: 0 | R67: 0 | S67: 0
E68: ='Input - Swine'!$D$73 -> Direct application | F68: 0 | G68: 0 | H68: 0 | I68: 0 | O68: ='Input - Swine'!$D$73 -> Direct application | P68: 0 | Q68: 0 | R68: 0 | S68: 0
D69: ='Input - Swine'!$D$33 -> Pit storage | E69: ='Input - Swine'!$D$77 -> Anaerobic lagoon | F69: 0 | G69: 0 | H69: 0 | I69: 0 | N69: ='Input - Swine'!$D$33 -> Pit storage | O69: ='Input - Swine'!$D$77 -> Anaerobic lagoon | P69: 0 | Q69: 0 | R69: 0 | S69: 0
E70: ='Input - Swine'!$D$78 -> Digester / covered lagoons | F70: 0 | G70: 0 | H70: 0 | I70: 0 | O70: ='Input - Swine'!$D$78 -> Digester / covered lagoons | P70: 0 | Q70: 0 | R70: 0 | S70: 0
E71: ='Input - Swine'!$D$79 -> Deep litter | F71: 0 | G71: 0 | H71: 0 | I71: 0 | O71: ='Input - Swine'!$D$79 -> Deep litter | P71: 0 | Q71: 0 | R71: 0 | S71: 0
E72: ='Input - Swine'!$D$80 -> Direct application | F72: 0 | G72: 0 | H72: 0 | I72: 0 | O72: ='Input - Swine'!$D$80 -> Direct application | P72: 0 | Q72: 0 | R72: 0 | S72: 0
D73: ='Input - Swine'!$D$34 -> Solid storage | E73: ='Input - Swine'!$D$84 -> Anaerobic lagoon | F73: 0 | G73: 0 | H73: 0 | I73: 0 | N73: ='Input - Swine'!$D$34 -> Solid storage | O73: ='Input - Swine'!$D$84 -> Anaerobic lagoon | P73: 0 | Q73: 0 | R73: 0 | S73: 0
E74: ='Input - Swine'!$D$85 -> Digester / covered lagoons | F74: 0 | G74: 0 | H74: 0 | I74: 0 | O74: ='Input - Swine'!$D$85 -> Digester / covered lagoons | P74: 0 | Q74: 0 | R74: 0 | S74: 0
E75: ='Input - Swine'!$D$86 -> Deep litter | F75: 0 | G75: 0 | H75: 0 | I75: 0 | O75: ='Input - Swine'!$D$86 -> Deep litter | P75: 0 | Q75: 0 | R75: 0 | S75: 0
E76: ='Input - Swine'!$D$87 -> Pit storage | F76: 0 | G76: 0 | H76: 0 | I76: 0 | O76: ='Input - Swine'!$D$87 -> Pit storage | P76: 0 | Q76: 0 | R76: 0 | S76: 0
E77: ='Input - Swine'!$D$88 -> Direct application | F77: 0 | G77: 0 | H77: 0 | I77: 0 | O77: ='Input - Swine'!$D$88 -> Direct application | P77: 0 | Q77: 0 | R77: 0 | S77: 0
D79: M1_Table_PF
D80: Fraction of manure applied to soil (Method 1)
D81: Stage 1 management | E81: Stage 2 management | F81: PF
D82: ='Input - Swine'!$D$29 -> Anaerobic lagoon | E82: ='Input - Swine'!$D$48 -> Digester / covered lagoons | F82: ='Input - Swine'!K48+'Input - Swine'!L48 -> 0.75 | G82: =G17 -> fraction
E83: ='Input - Swine'!$D$49 -> Deep litter | F83: ='Input - Swine'!K49+'Input - Swine'!L49 -> 0.75
E84: ='Input - Swine'!$D$50 -> Pit storage | F84: ='Input - Swine'!K50+'Input - Swine'!L50 -> 0.75
E85: ='Input - Swine'!$D$51 -> Direct application | F85: ='Input - Swine'!K51+'Input - Swine'!L51 -> 1
D86: ='Input - Swine'!$D$30 -> Drylot (feed pad) | E86: ='Input - Swine'!$D$55 -> Anaerobic lagoon | F86: ='Input - Swine'!K55+'Input - Swine'!L55 -> 0.75
E87: ='Input - Swine'!$D$56 -> Digester / covered lagoons | F87: ='Input - Swine'!K56+'Input - Swine'!L56 -> 0.75
E88: ='Input - Swine'!$D$57 -> Deep litter | F88: ='Input - Swine'!K57+'Input - Swine'!L57 -> 0.75
E89: ='Input - Swine'!$D$58 -> Pit storage | F89: ='Input - Swine'!K58+'Input - Swine'!L58 -> 0.75
E90: ='Input - Swine'!$D$59 -> Direct application | F90: ='Input - Swine'!K59+'Input - Swine'!L59 -> 1
D91: ='Input - Swine'!$D$31 -> Digester / covered lagoons | E91: ='Input - Swine'!$D$63 -> Anaerobic lagoon | F91: ='Input - Swine'!K63+'Input - Swine'!L63 -> 0.75
E92: ='Input - Swine'!$D$64 -> Deep litter | F92: ='Input - Swine'!K64+'Input - Swine'!L64 -> 0.75
E93: ='Input - Swine'!$D$65 -> Pit storage | F93: ='Input - Swine'!K65+'Input - Swine'!L65 -> 0.75
E94: ='Input - Swine'!$D$66 -> Direct application | F94: ='Input - Swine'!K66+'Input - Swine'!L66 -> 1
D95: ='Input - Swine'!$D$32 -> Deep litter | E95: ='Input - Swine'!$D$70 -> Anaerobic lagoon | F95: ='Input - Swine'!K70+'Input - Swine'!L70 -> 0.75
E96: ='Input - Swine'!$D$71 -> Digester / covered lagoons | F96: ='Input - Swine'!K71+'Input - Swine'!L71 -> 0.75
E97: ='Input - Swine'!$D$72 -> Pit storage | F97: ='Input - Swine'!K72+'Input - Swine'!L72 -> 0.75
E98: ='Input - Swine'!$D$73 -> Direct application | F98: ='Input - Swine'!K73+'Input - Swine'!L73 -> 1
D99: ='Input - Swine'!$D$33 -> Pit storage | E99: ='Input - Swine'!$D$77 -> Anaerobic lagoon | F99: ='Input - Swine'!K77+'Input - Swine'!L77 -> 0.75
E100: ='Input - Swine'!$D$78 -> Digester / covered lagoons | F100: ='Input - Swine'!K78+'Input - Swine'!L78 -> 0.75
E101: ='Input - Swine'!$D$79 -> Deep litter | F101: ='Input - Swine'!K79+'Input - Swine'!L79 -> 0.75
E102: ='Input - Swine'!$D$80 -> Direct application | F102: ='Input - Swine'!K80+'Input - Swine'!L80 -> 1
D103: ='Input - Swine'!$D$34 -> Solid storage | E103: ='Input - Swine'!$D$84 -> Anaerobic lagoon | F103: ='Input - Swine'!K84+'Input - Swine'!L84 -> 0.75
...

Sheet Constants - Swine
A1: #VALUE! | C1: Constants - Swine
A3: =HYPERLINK("#'Home'!A1", "Home") -> Home
A4: =HYPERLINK("#'Overview'!A1", "Overview") -> Overview
A5: =HYPERLINK("#'Results'!A1", "Results") -> Results
D6: Swine crop or pasture production systems | G6: Irrigation methods
A7: INPUTS
A8: =HYPERLINK("#'Input - Site'!A1", "Site") -> Site | D8: Production system | G8: Irrigation method
A9: =HYPERLINK("#'Input - Swine'!A1", "Swine") -> Swine | D9: Pasture | G9: Not irrigated
D10: Crop | G10: Drip irrigation
A11: CALCULATIONS | G11: Sprinkler irrigation
A12: =HYPERLINK("#'4.5.1.1-2 Methane'!A1", "4.5.1.1-2 Methane") -> 4.5.1.1-2 Methane | G12: Surface irrigation
A13: =HYPERLINK("#'4.5.1.3-4 Direct N2O'!A1", "4.5.1.3-4 Direct N2O") -> 4.5.1.3-4 Direct N2O | G13: Other irrigation
A14: =HYPERLINK("#'4.5.1.5-6 Atmos Dep'!A1", "4.5.1.5-6 Soil atm. deposition") -> 4.5.1.5-6 Soil atm. deposition | D14: {=SourceData_Swine.SourceData_Swine_FracLEACH_DrylotMMS_Title()} -> Fraction of nitrogen lost through leaching and runoff for drylot MMS
A15: =HYPERLINK("#'4.5.1.7-8 Leaching and runoff'!A1", "4.5.1.7-8 Leaching & runoff") -> 4.5.1.7-8 Leaching & runoff | D15: {=SourceData_Swine.SourceData_Swine_FracLEACH_DrylotMMS_Source()} -> VEERG 2026: 4.5.2.3 CONSTANT
A16: =HYPERLINK("#'4.5.1.9 Manure applied to soils'!A1", "4.5.1.9 Manure applied to soils") -> 4.5.1.9 Manure applied to soils | D16: {=SourceData_Swine.SourceData_Swine_FracLEACH_DrylotMMS_Variation()} -> VARIATION ON SOURCE: Text refers to 'solid storage' MMS, but equation refers to 'drylot' MMS.
D17: {=SourceData_Swine.SourceData_Swine_FracLEACH_DrylotMMS_Variable()} -> FracLEACH_MS | E17: {=SourceData_Swine.SourceData_Swine_FracLEACH_DrylotMMS_Data()} -> 0.02 | F17: {=SourceData_Swine.SourceData_Swine_FracLEACH_DrylotMMS_Unit()} -> fraction
A18: APPENDICES
A19: =HYPERLINK("#'Constants - Swine'!A1", "Constants - Swine") -> Constants - Swine | D19: {=SourceData_Swine.SourceData_Swine_MethaneVolatileSolidsEmissionsPotential_Title()} -> Emissions potential of methane per kilogram of volatile solids
A20: =HYPERLINK("#'Constants - Livestock'!A1", "Constants - Livestock") -> Constants - Livestock | D20: {=SourceData_Swine.SourceData_Swine_MethaneVolatileSolidsEmissionsPotential_Source()} -> IPCC (2019), Chapter 10 [4]
A21: =HYPERLINK("#'Constants - Common'!A1", "Constants - Common") -> Constants - Common | D21: {=SourceData_Swine.SourceData_Swine_MethaneVolatileSolidsEmissionsPotential_Variable()} -> B0 | E21: {=SourceData_Swine.SourceData_Swine_MethaneVolatileSolidsEmissionsPotential_Data()} -> 0.19 | F21: {=SourceData_Swine.SourceData_Swine_MethaneVolatileSolidsEmissionsPotential_Unit()} -> m3 CH4 / kg VS
A22: =HYPERLINK("#'Acknowledgements'!A1", "Acknowledgements") -> Acknowledgements
D24: {=SourceData_Swine.SourceData_Swine_MMS_MCFs_Title()} -> Methane conversion factor for temperature zone and manure management system. | H24: CHange title to match source
D25: {=SourceData_Swine.SourceData_Swine_MMS_MCFs_Source()} -> VEERG 2026: Table A.1.6.4: Swine - MCFs (MCFim) | H25: CHange source
D26: {=SourceData_Swine.SourceData_Swine_MMS_MCFs_Variation()} -> VARIATION ON SOURCE DATA: Added columns for ACT, split QLD and NT. Added extra column with MMS names that match NIR definitions
D28: MMS | E28: NSW | F28: ACT | G28: QLD | H28: NT | I28: SA | J28: TAS | K28: VIC | L28: WA | M28: NIR definition
D29: {=Common_InputFunctions.Utility_DisplayArrayInTable(SourceData_Swine.SourceData_Swine_MMS_MCFs_Data(),Table_SourceData_Swine_MMSMCF[[#Headers],[MMS]],0)} -> Outdoor (Dry lot) | E29: {=Common_InputFunctions.Utility_DisplayArrayInTable(SourceData_Swine.SourceData_Swine_MMS_MCFs_Data(),Table_SourceData_Swine_MMSMCF[[#Headers],[MMS]],0)} -> 0.01 | F29: {=Common_InputFunctions.Utility_DisplayArrayInTable(SourceData_Swine.SourceData_Swine_MMS_MCFs_Data(),Table_SourceData_Swine_MMSMCF[[#Headers],[MMS]],0)} -> 0.01 | G29: {=Common_InputFunctions.Utility_DisplayArrayInTable(SourceData_Swine.SourceData_Swine_MMS_MCFs_Data(),Table_SourceData_Swine_MMSMCF[[#Headers],[MMS]],0)} -> 0.03 | H29: {=Common_InputFunctions.Utility_DisplayArrayInTable(SourceData_Swine.SourceData_Swine_MMS_MCFs_Data(),Table_SourceData_Swine_MMSMCF[[#Headers],[MMS]],0)} -> 0.03 | I29: {=Common_InputFunctions.Utility_DisplayArrayInTable(SourceData_Swine.SourceData_Swine_MMS_MCFs_Data(),Table_SourceData_Swine_MMSMCF[[#Headers],[MMS]],0)} -> 0.01 | J29: {=Common_InputFunctions.Utility_DisplayArrayInTable(SourceData_Swine.SourceData_Swine_MMS_MCFs_Data(),Table_SourceData_Swine_MMSMCF[[#Headers],[MMS]],0)} -> 0.01 | K29: {=Common_InputFunctions.Utility_DisplayArrayInTable(SourceData_Swine.SourceData_Swine_MMS_MCFs_Data(),Table_SourceData_Swine_MMSMCF[[#Headers],[MMS]],0)} -> 0.01 | ... M29: {=Common_InputFunctions.Utility_DisplayArrayInTable(SourceData_Swine.SourceData_Swine_MMS_MCFs_Data(),Table_SourceData_Swine_MMSMCF[[#Headers],[MMS]],0)} -> Drylot (feed pad)
D30: {=Common_InputFunctions.Utility_DisplayArrayInTable(SourceData_Swine.SourceData_Swine_MMS_MCFs_Data(),Table_SourceData_Swine_MMSMCF[[#Headers],[MMS]],0)} -> Deep litter | E30: {=Common_InputFunctions.Utility_DisplayArrayInTable(SourceData_Swine.SourceData_Swine_MMS_MCFs_Data(),Table_SourceData_Swine_MMSMCF[[#Headers],[MMS]],0)} -> 0.04 | F30: {=Common_InputFunctions.Utility_DisplayArrayInTable(SourceData_Swine.SourceData_Swine_MMS_MCFs_Data(),Table_SourceData_Swine_MMSMCF[[#Headers],[MMS]],0)} -> 0.04 | G30: {=Common_InputFunctions.Utility_DisplayArrayInTable(SourceData_Swine.SourceData_Swine_MMS_MCFs_Data(),Table_SourceData_Swine_MMSMCF[[#Headers],[MMS]],0)} -> 0.04 | H30: {=Common_InputFunctions.Utility_DisplayArrayInTable(SourceData_Swine.SourceData_Swine_MMS_MCFs_Data(),Table_SourceData_Swine_MMSMCF[[#Headers],[MMS]],0)} -> 0.04 | I30: {=Common_InputFunctions.Utility_DisplayArrayInTable(SourceData_Swine.SourceData_Swine_MMS_MCFs_Data(),Table_SourceData_Swine_MMSMCF[[#Headers],[MMS]],0)} -> 0.04 | J30: {=Common_InputFunctions.Utility_DisplayArrayInTable(SourceData_Swine.SourceData_Swine_MMS_MCFs_Data(),Table_SourceData_Swine_MMSMCF[[#Headers],[MMS]],0)} -> 0.04 | K30: {=Common_InputFunctions.Utility_DisplayArrayInTable(SourceData_Swine.SourceData_Swine_MMS_MCFs_Data(),Table_SourceData_Swine_MMSMCF[[#Headers],[MMS]],0)} -> 0.04 | ... M30: {=Common_InputFunctions.Utility_DisplayArrayInTable(SourceData_Swine.SourceData_Swine_MMS_MCFs_Data(),Table_SourceData_Swine_MMSMCF[[#Headers],[MMS]],0)} -> Deep litter
D31: {=Common_InputFunctions.Utility_DisplayArrayInTable(SourceData_Swine.SourceData_Swine_MMS_MCFs_Data(),Table_SourceData_Swine_MMSMCF[[#Headers],[MMS]],0)} -> Stockpile (Solid storage) | E31: {=Common_InputFunctions.Utility_DisplayArrayInTable(SourceData_Swine.SourceData_Swine_MMS_MCFs_Data(),Table_SourceData_Swine_MMSMCF[[#Headers],[MMS]],0)} -> 0.02 | F31: {=Common_InputFunctions.Utility_DisplayArrayInTable(SourceData_Swine.SourceData_Swine_MMS_MCFs_Data(),Table_SourceData_Swine_MMSMCF[[#Headers],[MMS]],0)} -> 0.02 | G31: {=Common_InputFunctions.Utility_DisplayArrayInTable(SourceData_Swine.SourceData_Swine_MMS_MCFs_Data(),Table_SourceData_Swine_MMSMCF[[#Headers],[MMS]],0)} -> 0.02 | H31: {=Common_InputFunctions.Utility_DisplayArrayInTable(SourceData_Swine.SourceData_Swine_MMS_MCFs_Data(),Table_SourceData_Swine_MMSMCF[[#Headers],[MMS]],0)} -> 0.02 | I31: {=Common_InputFunctions.Utility_DisplayArrayInTable(SourceData_Swine.SourceData_Swine_MMS_MCFs_Data(),Table_SourceData_Swine_MMSMCF[[#Headers],[MMS]],0)} -> 0.02 | J31: {=Common_InputFunctions.Utility_DisplayArrayInTable(SourceData_Swine.SourceData_Swine_MMS_MCFs_Data(),Table_SourceData_Swine_MMSMCF[[#Headers],[MMS]],0)} -> 0.02 | K31: {=Common_InputFunctions.Utility_DisplayArrayInTable(SourceData_Swine.SourceData_Swine_MMS_MCFs_Data(),Table_SourceData_Swine_MMSMCF[[#Headers],[MMS]],0)} -> 0.02 | ... M31: {=Common_InputFunctions.Utility_DisplayArrayInTable(SourceData_Swine.SourceData_Swine_MMS_MCFs_Data(),Table_SourceData_Swine_MMSMCF[[#Headers],[MMS]],0)} -> Solid storage
D32: {=Common_InputFunctions.Utility_DisplayArrayInTable(SourceData_Swine.SourceData_Swine_MMS_MCFs_Data(),Table_SourceData_Swine_MMSMCF[[#Headers],[MMS]],0)} -> Effluent pond (Uncovered anaerobic lagoon) | E32: {=Common_InputFunctions.Utility_DisplayArrayInTable(SourceData_Swine.SourceData_Swine_MMS_MCFs_Data(),Table_SourceData_Swine_MMSMCF[[#Headers],[MMS]],0)} -> 0.75 | F32: {=Common_InputFunctions.Utility_DisplayArrayInTable(SourceData_Swine.SourceData_Swine_MMS_MCFs_Data(),Table_SourceData_Swine_MMSMCF[[#Headers],[MMS]],0)} -> 0.75 | G32: {=Common_InputFunctions.Utility_DisplayArrayInTable(SourceData_Swine.SourceData_Swine_MMS_MCFs_Data(),Table_SourceData_Swine_MMSMCF[[#Headers],[MMS]],0)} -> 0.78 | H32: {=Common_InputFunctions.Utility_DisplayArrayInTable(SourceData_Swine.SourceData_Swine_MMS_MCFs_Data(),Table_SourceData_Swine_MMSMCF[[#Headers],[MMS]],0)} -> 0.78 | I32: {=Common_InputFunctions.Utility_DisplayArrayInTable(SourceData_Swine.SourceData_Swine_MMS_MCFs_Data(),Table_SourceData_Swine_MMSMCF[[#Headers],[MMS]],0)} -> 0.75 | J32: {=Common_InputFunctions.Utility_DisplayArrayInTable(SourceData_Swine.SourceData_Swine_MMS_MCFs_Data(),Table_SourceData_Swine_MMSMCF[[#Headers],[MMS]],0)} -> 0.7 | K32: {=Common_InputFunctions.Utility_DisplayArrayInTable(SourceData_Swine.SourceData_Swine_MMS_MCFs_Data(),Table_SourceData_Swine_MMSMCF[[#Headers],[MMS]],0)} -> 0.74 | ... M32: {=Common_InputFunctions.Utility_DisplayArrayInTable(SourceData_Swine.SourceData_Swine_MMS_MCFs_Data(),Table_SourceData_Swine_MMSMCF[[#Headers],[MMS]],0)} -> Anaerobic lagoon
D33: {=Common_InputFunctions.Utility_DisplayArrayInTable(SourceData_Swine.SourceData_Swine_MMS_MCFs_Data(),Table_SourceData_Swine_MMSMCF[[#Headers],[MMS]],0)} -> Anaerobic digester / Covered lagoon | E33: {=Common_InputFunctions.Utility_DisplayArrayInTable(SourceData_Swine.SourceData_Swine_MMS_MCFs_Data(),Table_SourceData_Swine_MMSMCF[[#Headers],[MMS]],0)} -> 0.1 | F33: {=Common_InputFunctions.Utility_DisplayArrayInTable(SourceData_Swine.SourceData_Swine_MMS_MCFs_Data(),Table_SourceData_Swine_MMSMCF[[#Headers],[MMS]],0)} -> 0.1 | G33: {=Common_InputFunctions.Utility_DisplayArrayInTable(SourceData_Swine.SourceData_Swine_MMS_MCFs_Data(),Table_SourceData_Swine_MMSMCF[[#Headers],[MMS]],0)} -> 0.1 | H33: {=Common_InputFunctions.Utility_DisplayArrayInTable(SourceData_Swine.SourceData_Swine_MMS_MCFs_Data(),Table_SourceData_Swine_MMSMCF[[#Headers],[MMS]],0)} -> 0.1 | I33: {=Common_InputFunctions.Utility_DisplayArrayInTable(SourceData_Swine.SourceData_Swine_MMS_MCFs_Data(),Table_SourceData_Swine_MMSMCF[[#Headers],[MMS]],0)} -> 0.1 | J33: {=Common_InputFunctions.Utility_DisplayArrayInTable(SourceData_Swine.SourceData_Swine_MMS_MCFs_Data(),Table_SourceData_Swine_MMSMCF[[#Headers],[MMS]],0)} -> 0.1 | K33: {=Common_InputFunctions.Utility_DisplayArrayInTable(SourceData_Swine.SourceData_Swine_MMS_MCFs_Data(),Table_SourceData_Swine_MMSMCF[[#Headers],[MMS]],0)} -> 0.1 | ... M33: {=Common_InputFunctions.Utility_DisplayArrayInTable(SourceData_Swine.SourceData_Swine_MMS_MCFs_Data(),Table_SourceData_Swine_MMSMCF[[#Headers],[MMS]],0)} -> Digester / covered lagoons
D34: {=Common_InputFunctions.Utility_DisplayArrayInTable(SourceData_Swine.SourceData_Swine_MMS_MCFs_Data(),Table_SourceData_Swine_MMSMCF[[#Headers],[MMS]],0)} -> Short HRT tank storage < 1 month (pit storage) | E34: {=Common_InputFunctions.Utility_DisplayArrayInTable(SourceData_Swine.SourceData_Swine_MMS_MCFs_Data(),Table_SourceData_Swine_MMSMCF[[#Headers],[MMS]],0)} -> 0.03 | F34: {=Common_InputFunctions.Utility_DisplayArrayInTable(SourceData_Swine.SourceData_Swine_MMS_MCFs_Data(),Table_SourceData_Swine_MMSMCF[[#Headers],[MMS]],0)} -> 0.03 | G34: {=Common_InputFunctions.Utility_DisplayArrayInTable(SourceData_Swine.SourceData_Swine_MMS_MCFs_Data(),Table_SourceData_Swine_MMSMCF[[#Headers],[MMS]],0)} -> 0.03 | H34: {=Common_InputFunctions.Utility_DisplayArrayInTable(SourceData_Swine.SourceData_Swine_MMS_MCFs_Data(),Table_SourceData_Swine_MMSMCF[[#Headers],[MMS]],0)} -> 0.03 | I34: {=Common_InputFunctions.Utility_DisplayArrayInTable(SourceData_Swine.SourceData_Swine_MMS_MCFs_Data(),Table_SourceData_Swine_MMSMCF[[#Headers],[MMS]],0)} -> 0.03 | J34: {=Common_InputFunctions.Utility_DisplayArrayInTable(SourceData_Swine.SourceData_Swine_MMS_MCFs_Data(),Table_SourceData_Swine_MMSMCF[[#Headers],[MMS]],0)} -> 0.03 | K34: {=Common_InputFunctions.Utility_DisplayArrayInTable(SourceData_Swine.SourceData_Swine_MMS_MCFs_Data(),Table_SourceData_Swine_MMSMCF[[#Headers],[MMS]],0)} -> 0.03 | ... M34: {=Common_InputFunctions.Utility_DisplayArrayInTable(SourceData_Swine.SourceData_Swine_MMS_MCFs_Data(),Table_SourceData_Swine_MMSMCF[[#Headers],[MMS]],0)} -> Pit storage
D35: {=Common_InputFunctions.Utility_DisplayArrayInTable(SourceData_Swine.SourceData_Swine_MMS_MCFs_Data(),Table_SourceData_Swine_MMSMCF[[#Headers],[MMS]],0)} -> Direct Application to soil | E35: {=Common_InputFunctions.Utility_DisplayArrayInTable(SourceData_Swine.SourceData_Swine_MMS_MCFs_Data(),Table_SourceData_Swine_MMSMCF[[#Headers],[MMS]],0)} -> 0 | F35: {=Common_InputFunctions.Utility_DisplayArrayInTable(SourceData_Swine.SourceData_Swine_MMS_MCFs_Data(),Table_SourceData_Swine_MMSMCF[[#Headers],[MMS]],0)} -> 0 | G35: {=Common_InputFunctions.Utility_DisplayArrayInTable(SourceData_Swine.SourceData_Swine_MMS_MCFs_Data(),Table_SourceData_Swine_MMSMCF[[#Headers],[MMS]],0)} -> 0 | H35: {=Common_InputFunctions.Utility_DisplayArrayInTable(SourceData_Swine.SourceData_Swine_MMS_MCFs_Data(),Table_SourceData_Swine_MMSMCF[[#Headers],[MMS]],0)} -> 0 | I35: {=Common_InputFunctions.Utility_DisplayArrayInTable(SourceData_Swine.SourceData_Swine_MMS_MCFs_Data(),Table_SourceData_Swine_MMSMCF[[#Headers],[MMS]],0)} -> 0 | J35: {=Common_InputFunctions.Utility_DisplayArrayInTable(SourceData_Swine.SourceData_Swine_MMS_MCFs_Data(),Table_SourceData_Swine_MMSMCF[[#Headers],[MMS]],0)} -> 0 | K35: {=Common_InputFunctions.Utility_DisplayArrayInTable(SourceData_Swine.SourceData_Swine_MMS_MCFs_Data(),Table_SourceData_Swine_MMSMCF[[#Headers],[MMS]],0)} -> 0 | ... M35: {=Common_InputFunctions.Utility_DisplayArrayInTable(SourceData_Swine.SourceData_Swine_MMS_MCFs_Data(),Table_SourceData_Swine_MMSMCF[[#Headers],[MMS]],0)} -> Direct application
D38: Swine Manure management systems | G38: Swine Manure management systems excl. solid storage and direct application | K38: Swine Manure management systems excl. direct application
D40: MMS | E40: Symbol and MMS | G40: MMS | H40: Symbol and MMS | K40: MMS | L40: Symbol and MMS
D41: ='Constants - Livestock'!$E$10 -> Anaerobic lagoon | E41: ='Constants - Livestock'!$F$10 -> Anaerobic lagoon (m=1) | G41: ='Constants - Livestock'!$E$10 -> Anaerobic lagoon | H41: ='Constants - Livestock'!$F$10 -> Anaerobic lagoon (m=1) | K41: ='Constants - Livestock'!$E$10 -> Anaerobic lagoon | L41: ='Constants - Livestock'!$F$10 -> Anaerobic lagoon (m=1)
D42: ='Constants - Livestock'!$E$15 -> Solid storage | E42: ='Constants - Livestock'!$F$15 -> Solid storage (m=4) | G42: ='Constants - Livestock'!$E$16 -> Drylot (feed pad) | H42: ='Constants - Livestock'!$F$16 -> Drylot (feed pad) (m=5) | K42: ='Constants - Livestock'!$E$15 -> Solid storage | L42: ='Constants - Livestock'!$F$15 -> Solid storage (m=4)
D43: ='Constants - Livestock'!$E$16 -> Drylot (feed pad) | E43: ='Constants - Livestock'!$F$16 -> Drylot (feed pad) (m=5) | G43: ='Constants - Livestock'!$E$18 -> Digester / covered lagoons | H43: ='Constants - Livestock'!$F$18 -> Digester / covered lagoons (m=7) | K43: ='Constants - Livestock'!$E$16 -> Drylot (feed pad) | L43: ='Constants - Livestock'!$F$16 -> Drylot (feed pad) (m=5)
D44: ='Constants - Livestock'!$E$18 -> Digester / covered lagoons | E44: ='Constants - Livestock'!$F$18 -> Digester / covered lagoons (m=7) | G44: ='Constants - Livestock'!$E$19 -> Deep litter | H44: ='Constants - Livestock'!$F$19 -> Deep litter (m=8) | K44: ='Constants - Livestock'!$E$18 -> Digester / covered lagoons | L44: ='Constants - Livestock'!$F$18 -> Digester / covered lagoons (m=7)
D45: ='Constants - Livestock'!$E$19 -> Deep litter | E45: ='Constants - Livestock'!$F$19 -> Deep litter (m=8) | G45: ='Constants - Livestock'!$E$20 -> Pit storage | H45: ='Constants - Livestock'!$F$20 -> Pit storage (m=9) | K45: ='Constants - Livestock'!$E$19 -> Deep litter | L45: ='Constants - Livestock'!$F$19 -> Deep litter (m=8)
D46: ='Constants - Livestock'!$E$20 -> Pit storage | E46: ='Constants - Livestock'!$F$20 -> Pit storage (m=9) | K46: ='Constants - Livestock'!$E$20 -> Pit storage | L46: ='Constants - Livestock'!$F$20 -> Pit storage (m=9)
D47: ='Constants - Livestock'!$E$26 -> Direct application | E47: ='Constants - Livestock'!$F$26 -> Direct application (m=13)
D51: Fraction volatile solids lost during storage in primary system | G51: Swine housing
D53: MMS | E53: VSL | G53: Production system
D54: ='Constants - Livestock'!$E$10 -> Anaerobic lagoon | E54: 0 | G54: {=Common_InputFunctions.Utility_DisplayArrayInTable(SourceData_Swine.SourceData_Swine_ProductionSystems_Data(), Table_SourceData_Swine_ProductionSystems[[#Headers],[Production system]], 0)} -> Conventional housing
D55: ='Constants - Livestock'!$E$15 -> Solid storage | E55: 0 | G55: {=Common_InputFunctions.Utility_DisplayArrayInTable(SourceData_Swine.SourceData_Swine_ProductionSystems_Data(), Table_SourceData_Swine_ProductionSystems[[#Headers],[Production system]], 0)} -> Deep litter housing
D56: ='Constants - Livestock'!$E$16 -> Drylot (feed pad) | E56: 0 | G56: {=Common_InputFunctions.Utility_DisplayArrayInTable(SourceData_Swine.SourceData_Swine_ProductionSystems_Data(), Table_SourceData_Swine_ProductionSystems[[#Headers],[Production system]], 0)} -> Outdoor/free range
D57: ='Constants - Livestock'!$E$18 -> Digester / covered lagoons | E57: 0.75
D58: ='Constants - Livestock'!$E$19 -> Deep litter | E58: 0.05
D59: ='Constants - Livestock'!$E$20 -> Pit storage | E59: 0
D60: ='Constants - Livestock'!$E$26 -> Direct application | E60: 0
A63: =HYPERLINK("#A1", "▲ Back to top") -> ▲ Back to top | D63: {=SourceData_Swine.SourceData_Swine_VolatileSolids_Title()} -> Swine - Volatile solids (VSj) - 2020 to 2024
D64: {=SourceData_Swine.SourceData_Swine_VolatileSolids_Source()} -> VEERG 2026: Table A.1.6.1: Swine - Intake and manure characteristics derived from PigBal
D65: {=SourceData_Swine.SourceData_Swine_VolatileSolids_Variation()} -> VARIATION ON SOURCE DATA: Only uses data for 2020-2024. Use 'Slaughter pigs' data for 'Other j=4' class.
D67: Class | E67: VSj
