Workbook
Name Common_Equations.Common_ConvertCH4ToCO2e: _xlfn.LAMBDA(_xlpm.E_CH4,_xlpm.GWP_CH4, _xlpm.E_CH4 * _xlpm.GWP_CH4)
Name Common_Equations.Common_ConvertCH4ToCO2e_Arguments: _xlfn.LAMBDA(_xlfn.MAKEARRAY(2, 2, _xlfn.LAMBDA(_xlpm.r,_xlpm.c, INDEX({"ECH4","Methane emissions (t CH4)";"GWPCH4","Global warming potential for methane (t CO2-e / t CH4)"}, _xlpm.r, _xlpm.c))))
Name Common_Equations.Common_ConvertCH4ToCO2e_LatexEquation: _xlfn.LAMBDA("CO2_e = E_{CH4} \times GWP_{CH4}")
Name Common_Equations.Common_ConvertCH4ToCO2e_NIRReference: _xlfn.LAMBDA("")
Name Common_Equations.Common_ConvertCH4ToCO2e_Title: _xlfn.LAMBDA("Convert methane emissions to carbon dioxide equivalent emissions")
Name Common_Equations.Common_ConvertCH4ToCO2e_Unit: _xlfn.LAMBDA("t CO2e")
Name Common_Equations.Common_ConvertCH4ToCO2e_Variable: _xlfn.LAMBDA("ECH4 CO2e")
Name Common_Equations.Common_ConvertN2OToCO2e: _xlfn.LAMBDA(_xlpm.E_N2O,_xlpm.GWP_N2O, _xlpm.E_N2O * _xlpm.GWP_N2O)
Name Common_Equations.Common_ConvertN2OToCO2e_LatexEquation: _xlfn.LAMBDA("CO2_e = E_{N2O} \times GWP_{N2O}")
Name Common_Equations.Common_ConvertN2OToCO2e_NIRReference: _xlfn.LAMBDA("")
Name Common_Equations.Common_ConvertN2OToCO2e_Title: _xlfn.LAMBDA("Convert nitrous oxide emissions to carbon dioxide equivalent emissions")
Name Common_Equations.Common_ConvertN2OToCO2e_Unit: _xlfn.LAMBDA("t CO2e")
Name Common_Equations.Common_ConvertN2OToCO2e_Variable: _xlfn.LAMBDA("EN2O CO2e")
Name Common_InputFunctions.Utility_ConvertStateCommonNameToAbbreviation: _xlfn.LAMBDA(_xlpm.StateCommonName,_xlpm.StateCommonNameArray,_xlpm.StateAbbreviationArray, _xlfn.XLOOKUP(_xlpm.StateCommonName, _xlpm.StateCommonNameArray, _xlpm.StateAbbreviationArray, ""))
Name Common_InputFunctions.Utility_DisplayFunctionName: _xlfn.LAMBDA(_xlpm.Function, _xlfn.TEXTBEFORE(_xlfn.FORMULATEXT(_xlpm.Function), "("))
Name Common_InputFunctions.Utility_GetArrayTableColumnStartNumber: _xlfn.LAMBDA(_xlpm.TableHeaderCell, COLUMN(_xlpm.TableHeaderCell))
Name Common_InputFunctions.Utility_GetArrayTableRowStartNumber: _xlfn.LAMBDA(_xlpm.TableheaderCell,_xlpm.RowsBetweenHeaderandArray, ROW(_xlpm.TableheaderCell) + _xlpm.RowsBetweenHeaderandArray - 1)
Name Common_InputFunctions.Utility_LookupValueInTable: _xlfn.LAMBDA(_xlpm.LookupValue,_xlpm.LookupArray,_xlpm.ReturnArray, _xlfn.XLOOKUP(_xlpm.LookupValue, _xlpm.LookupArray, _xlpm.ReturnArray, ""))
Name Common_SourceData.Common_SourceData_AustralianStatesTerritories_Source: _xlfn.LAMBDA("")
Name Common_SourceData.Common_SourceData_AustralianStatesTerritories_Title: _xlfn.LAMBDA("Australian states and territories")
Name Common_SourceData.Common_SourceData_AustralianStatesTerritories_Unit: _xlfn.LAMBDA("")
Name Common_SourceData.Common_SourceData_AustralianStatesTerritories_Variable: _xlfn.LAMBDA("")
Name Common_SourceData.Common_SourceData_ClimateZones_Source: _xlfn.LAMBDA("VEERG 2026: Table 1.3: Climate and Rainfall zone classifications and definitions")
Name Common_SourceData.Common_SourceData_ClimateZones_Title: _xlfn.LAMBDA("VEERG Australian climate zones")
Name Common_SourceData.Common_SourceData_ClimateZones_Unit: _xlfn.LAMBDA("")
Name Common_SourceData.Common_SourceData_ClimateZones_Variable: _xlfn.LAMBDA("")
Name Common_SourceData.Common_SourceData_ConvertGasElementalToMolecular_Source: _xlfn.LAMBDA("XXXXXXX")
Name Common_SourceData.Common_SourceData_ConvertGasElementalToMolecular_Title: _xlfn.LAMBDA("Factor to convert elemental mass of gas to molecular mass")
Name Common_SourceData.Common_SourceData_ConvertGasElementalToMolecular_Unit: _xlfn.LAMBDA("factor")
Name Common_SourceData.Common_SourceData_ConvertGasElementalToMolecular_Variable: _xlfn.LAMBDA("Cg")
Name Common_SourceData.Common_SourceData_ConvertN2oElementalToMolecularCg_Data: _xlfn.LAMBDA(44 / 28)
Name Common_SourceData.Common_SourceData_ConvertN2oElementalToMolecularCg_Source: _xlfn.LAMBDA("National Inventory Report 2023 Volume 1")
Name Common_SourceData.Common_SourceData_ConvertN2oElementalToMolecularCg_Title: _xlfn.LAMBDA("Factor to convert elemental mass of N2O to molecular mass")
Name Common_SourceData.Common_SourceData_ConvertN2oElementalToMolecularCg_Unit: _xlfn.LAMBDA("factor")
Name Common_SourceData.Common_SourceData_ConvertN2oElementalToMolecularCg_Variable: _xlfn.LAMBDA("CgN2O")
Name Common_SourceData.Common_SourceData_DataScores_Scope3_Source: _xlfn.LAMBDA("VEERG 2026: XXXXXXXX")
Name Common_SourceData.Common_SourceData_DataScores_Scope3_Title: _xlfn.LAMBDA("Australian data scores for scope 3")
Name Common_SourceData.Common_SourceData_DataScores_Scope3_Unit: _xlfn.LAMBDA("")
Name Common_SourceData.Common_SourceData_DataScores_Scope3_Variable: _xlfn.LAMBDA("")
Name Common_SourceData.Common_SourceData_DataScores_Scope3_Variation: _xlfn.LAMBDA("")
Name Common_SourceData.Common_SourceData_DensityOfMethane_Data: _xlfn.LAMBDA(0.6784)
Name Common_SourceData.Common_SourceData_DensityOfMethane_Source: _xlfn.LAMBDA("National Inventory Report 2023 Volume 1: Equations 3.B.1a_2, 3.B.1c_2, 3.B.3_1, 3.B.4g_2")
Name Common_SourceData.Common_SourceData_DensityOfMethane_Title: _xlfn.LAMBDA("p = density of methane")
Name Common_SourceData.Common_SourceData_DensityOfMethane_Unit: _xlfn.LAMBDA("kg/m3")
Name Common_SourceData.Common_SourceData_EFleach_Data: _xlfn.LAMBDA(_xlfn.MAKEARRAY(1, 2, _xlfn.LAMBDA(_xlpm.r,_xlpm.c, INDEX({"EFleach",0.011}, _xlpm.r, _xlpm.c))))
Name Common_SourceData.Common_SourceData_EFleach_NIRReference: _xlfn.LAMBDA("National Inventory Report Volume 1: Equation 3.D.B_10")
Name Common_SourceData.Common_SourceData_EFleach_Source: _xlfn.LAMBDA("VEERG 2026:5.5.2.3 Constant Parameters")
Name Common_SourceData.Common_SourceData_EFleach_Title: _xlfn.LAMBDA("Emission factor for nitrogen leaching and runoff")
Name Common_SourceData.Common_SourceData_EFleach_Unit: _xlfn.LAMBDA("(kg N2O-N / kg N")
Name Common_SourceData.Common_SourceData_EFleach_Variation: _xlfn.LAMBDA((""))
Name Common_SourceData.Common_SourceData_EFN2O_NIRReference: _xlfn.LAMBDA("")
Name Common_SourceData.Common_SourceData_EFN2O_Source: _xlfn.LAMBDA("VEERG 2026: Table A.2.2.1")
Name Common_SourceData.Common_SourceData_EFN2O_Title: _xlfn.LAMBDA("Nitrous oxide emission factors for inorganic fertiliser application")
Name Common_SourceData.Common_SourceData_EFN2O_Unit: _xlfn.LAMBDA("(kg N2O-N / kg N")
Name Common_SourceData.Common_SourceData_EFPastureRangeAndPaddock_Data: _xlfn.LAMBDA(_xlfn.MAKEARRAY(3, 2, _xlfn.LAMBDA(_xlpm.r,_xlpm.c, INDEX({"Climate zone","EFPRP";"Wet climate zone",0.006;"Dry climate zone",0.002}, _xlpm.r, _xlpm.c))))
Name Common_SourceData.Common_SourceData_EFPastureRangeAndPaddock_NIRReference: _xlfn.LAMBDA("")
Name Common_SourceData.Common_SourceData_EFPastureRangeAndPaddock_Source: _xlfn.LAMBDA("VEERG 2026: Table A.2.2.2")
Name Common_SourceData.Common_SourceData_EFPastureRangeAndPaddock_Title: _xlfn.LAMBDA("Emission factor for urine and dung deposited on pasture, range or paddock")
Name Common_SourceData.Common_SourceData_EFPastureRangeAndPaddock_Unit: _xlfn.LAMBDA("kg N2O - N / kg N")
Name Common_SourceData.Common_SourceData_EFPastureRangeAndPaddock_Variation: _xlfn.LAMBDA("VARIATION FROM SOURCE DATA: Changed 'Dry climate zones' to singular 'Dry climate zone' to aid lookup.")

Sheet Home
A1: Home

Sheet Results
A1: #VALUE! | C1: 4.5 Manure management: Swine: Results
A3: =HYPERLINK("#'Home'!A1", "Home") -> Home
A4: =HYPERLINK("#'Results'!A1", "Results") -> Results | D4: Emissions breakdown
A6: INPUTS | D6: Scope 1 source | E6: GHG emissions method 1 | F6: GHG emissions method 2 | G6: GHG Unit | H6: CO2-e emissions method 1 | I6: CO2-e emissions method 2 | J6: CO2-e unit
A7: =HYPERLINK("#'Input - Site'!A1", "Site") -> Site | D7: 4.2.1.1-2 Manure methane | E7: ='4.5.1.1-2 Methane'!$D$276 -> 365 | F7: ='4.5.1.1-2 Methane'!U276 -> 0 | G7: t CH4 | H7: ='4.5.1.1-2 Methane'!#REF! -> #REF! | I7: ='4.5.1.1-2 Methane'!$U$281 -> 0 | J7: t CO2e
A8: =HYPERLINK("#'Input - Swine'!A1", "Swine") -> Swine | D8: 4.2.1.3-4 Soil direct N2O | E8: ='4.2.1.3-4 Soil direct N20'!$E$227 -> #REF! | F8: ='4.2.1.3-4 Soil direct N20'!$U$259 -> #REF! | G8: t N2O | H8: ='4.2.1.3-4 Soil direct N20'!$E$232 -> #REF! | I8: ='4.2.1.3-4 Soil direct N20'!$U$264 -> #REF! | J8: t CO2e
D9: 4.2.1.5-6 Soil atmospheric deposition | E9: ='4.2.1.5-6 Soil Atmos Dep'!$E$35 -> #REF! | F9: ='4.2.1.5-6 Soil Atmos Dep'!$M$35 -> #REF! | G9: ='4.2.1.5-6 Soil Atmos Dep'!$F$35 -> t N2O | H9: ='4.2.1.5-6 Soil Atmos Dep'!$E$40 -> #REF! | I9: ='4.2.1.5-6 Soil Atmos Dep'!$M$40 -> #REF! | J9: t CO2e
A10: CALCULATIONS | D10: 4.2.1.7-8 Soil leaching and runoff | E10: ='4.2.1.7-8 Soil leach runoff'!$E$36 -> #REF! | F10: ='4.2.1.7-8 Soil leach runoff'!$L$36 -> #REF! | G10: ='4.2.1.7-8 Soil leach runoff'!$F$36 -> t N2O | H10: ='4.2.1.7-8 Soil leach runoff'!$E$41 -> #REF! | I10: ='4.2.1.7-8 Soil leach runoff'!$L$41 -> #REF! | J10: t CO2e
A11: =HYPERLINK("#'4.2.1.1-2 Methane'!A1", "4.2.1.1-2 Methane") -> 4.2.1.1-2 Methane | D11: Total | H11: =SUM(H7:H10) -> #REF! | I11: =SUM(I7:I10) -> #REF! | J11: t CO2e
A12: =HYPERLINK("#'4.2.1.3-4 Soil direct N2O'!A1", "4.2.1.3-4 Soil direct N2O") -> 4.2.1.3-4 Soil direct N2O
A13: =HYPERLINK("#'4.2.1.5-6 Soil Atmos Dep'!A1", "4.2.1.5-6 Soil atm. deposition") -> 4.2.1.5-6 Soil atm. deposition
A14: =HYPERLINK("#'4.2.1.7-8 Soil leach runoff'!A1", "4.2.1.7-8 Soil leach & runoff") -> 4.2.1.7-8 Soil leach & runoff
A16: APPENDICES
A17: =HYPERLINK("#'Constants - Swine'!A1", "Constants - Swine") -> Constants - Swine
A18: =HYPERLINK("#'Constants - Livestock'!A1", "Constants - Livestock") -> Constants - Livestock
A19: =HYPERLINK("#'Constants - Common'!A1", "Constants - Common") -> Constants - Common
A20: =HYPERLINK("#'Acknowledgements'!A1", "Acknowledgements") -> Acknowledgements

Sheet Input - Site
A1: #VALUE! | C1: Input - Site
A3: =HYPERLINK("#'Home'!A1", "Home") -> Home
A4: =HYPERLINK("#'Results'!A1", "Results") -> Results
D5: Your business
A6: INPUTS
A7: =HYPERLINK("#'Input - Site'!A1", "Site") -> Site | D7: Farm name | E7: Test Farms
A8: =HYPERLINK("#'Input - Swine'!A1", "Swine") -> Swine | D8: Reporting entity name | E8: Test Farms Pty Ltd
A10: CALCULATIONS | D10: 💡An 'Emissions accounting period' is a 12 month period where the business can report on the emissions, and is typically the same as the business' financial accounting period.
A11: =HYPERLINK("#'4.2.1.1-2 Methane'!A1", "4.2.1.1-2 Methane") -> 4.2.1.1-2 Methane
A12: =HYPERLINK("#'4.2.1.3-4 Soil direct N2O'!A1", "4.2.1.3-4 Soil direct N2O") -> 4.2.1.3-4 Soil direct N2O | D12: Emissions calculation period start date | E12: 45292 | F12: ← DD/MM/YYYY or DD Month YYYY
A13: =HYPERLINK("#'4.2.1.5-6 Soil Atmos Dep'!A1", "4.2.1.5-6 Soil atm. deposition") -> 4.2.1.5-6 Soil atm. deposition | D13: Emissions calculation period end date | E13: =DATE(YEAR(E12)+1,MONTH(E12),DAY(E12))-1 -> 45657 | F13: ← Automatically calculated, 12 months after start date
A14: =HYPERLINK("#'4.2.1.7-8 Soil leach runoff'!A1", "4.2.1.7-8 Soil leach & runoff") -> 4.2.1.7-8 Soil leach & runoff
A16: APPENDICES | D16: Location and climate
A17: =HYPERLINK("#'Constants - Swine'!A1", "Constants - Swine") -> Constants - Swine
A18: =HYPERLINK("#'Constants - Livestock'!A1", "Constants - Livestock") -> Constants - Livestock | D18: Location information is used to reference some region and climate-specific emission factors
A19: =HYPERLINK("#'Constants - Common'!A1", "Constants - Common") -> Constants - Common | D19: Tip: Use the web-based GAF Location Helper tool to easily get region and climate information. You will need an internet connection to use the GAF Location Helper.
A20: =HYPERLINK("#'Acknowledgements'!A1", "Acknowledgements") -> Acknowledgements
D21: State | E21: Western Australia | F21: ← Please select
D22: Region (ABS Statistical area level 4) if state is WA | E22: Western Australia - Outback (South) | F22: ← Please select
D23: Leaching zone | E23: NO - Not in leaching zone | F23: ← Please select
D24: Elevation | E24: 307.7 | F24: Meters
D25: Average temperature for reporting period | E25: 18 | F25: Degrees celsius
D26: Total rainfall for reporting period | E26: 601 | F26: Millimetres
D27: Potential evapotranspiration for reporting period | E27: 1326 | F27: Millimetres
D28: Number of frost days for reporting period | E28: 7 | F28: Days
D29: MAP:PET ratio | E29: =E26/E27 -> 0.45324284
D30: Rainfall zone | E30: =Common_InputFunctions.Utility_LookupItemFromMinMax(E26,Table_SourceData_RainfallZones[Min rainfall],Table_SourceData_RainfallZones[Max rainfall],Table_SourceData_RainfallZones[Rainfall Zone]) -> High rainfall
D31: Climate zone | E31: =Common_InputFunctions.Utility_GetClimateZone(E25,E26,E28,E24,E29,Table_SourceData_ClimateZones[Min temp],Table_SourceData_ClimateZones[Max temp],Table_SourceData_ClimateZones[Min rainfall],Table_SourceData_ClimateZones[Max rainfall],Table_SourceData_ClimateZones[Min frost days],Table_SourceData_ClimateZones[Max frost days],Table_SourceData_ClimateZones[Min elevation],Table_SourceData_ClimateZones[Max elevation],Table_SourceData_ClimateZones[Min MAP:PET],Table_SourceData_ClimateZones[Max MAP:PET],Table_SourceData_ClimateZones[Climate zone]) -> Warm temperate dry
D32: Wet or dry climate zone | E32: =Common_InputFunctions.Utility_LookupValueInTable($E$31,Table_SourceData_WetDryZones[Climate zone],Table_SourceData_WetDryZones[Wet or Dry Zone]) -> Dry climate zone
D33: Temperature zone | E33: =Common_InputFunctions.Utility_LookupItemFromMinMax(E25,Table_SourceData_TemperatureZones[Min MAT],Table_SourceData_TemperatureZones[Max MAT],Table_SourceData_TemperatureZones[Temperature Zone]) -> Temperate

Sheet Input - Swine
A1: #VALUE! | C1: Input -Swine
A3: =HYPERLINK("#'Home'!A1", "Home") -> Home
A4: =HYPERLINK("#'Results'!A1", "Results") -> Results
D5: This tool demostrates inputs for one production system.
A6: INPUTS | D6: Because the type of production system is not relevant in emissions calculations, you can select any kind.
A7: =HYPERLINK("#'Input - Site'!A1", "Site") -> Site
A8: =HYPERLINK("#'Input - Swine'!A1", "Swine") -> Swine
E9: Boars | F9: Sows | G9: Gilts | H9: Suckers | I9: Weaners | J9: Growers | K9: Slaughter pigs
A10: CALCULATIONS | D10: ="Average duration of stay between " & TEXT('Input - Site'!$E$12, "dd mmm yy") & " and " & TEXT('Input - Site'!$E$13, "dd mmm yy") -> Average duration of stay between 01 Jan 24 and 31 Dec 24 | E10: 365 | F10: 365 | G10: 365 | H10: 365 | I10: 365 | J10: 365 | K10: 365 | L10: Days
A11: =HYPERLINK("#'4.2.1.1-2 Methane'!A1", "4.2.1.1-2 Methane") -> 4.2.1.1-2 Methane | D11: ="Average number of head between " & TEXT('Input - Site'!$E$12, "dd mmm yy") & " and " & TEXT('Input - Site'!$E$13, "dd mmm yy") -> Average number of head between 01 Jan 24 and 31 Dec 24 | E11: 100 | F11: 100 | G11: 100 | H11: 100 | I11: 100 | J11: 100 | K11: 100 | L11: Head
A12: =HYPERLINK("#'4.2.1.3-4 Soil direct N2O'!A1", "4.2.1.3-4 Soil direct N2O") -> 4.2.1.3-4 Soil direct N2O
A13: =HYPERLINK("#'4.2.1.5-6 Soil Atmos Dep'!A1", "4.2.1.5-6 Soil atm. deposition") -> 4.2.1.5-6 Soil atm. deposition | D13: Manure production
A14: =HYPERLINK("#'4.2.1.7-8 Soil leach runoff'!A1", "4.2.1.7-8 Soil leach & runoff") -> 4.2.1.7-8 Soil leach & runoff
D15: Method 1 default values (Do not edit) | E15: Boars | F15: Sows | G15: Gilts | H15: Suckers | I15: Weaners | J15: Growers | K15: Slaughter pigs
A16: APPENDICES | D16: Volatile solids produced per head per day | E16: {=Common_InputFunctions.Utility_LookupValueInTableNumber(E15, Table_SourceData_Swine_VolatileSolids[Class], Table_SourceData_Swine_VolatileSolids[VSj])} -> 0.4 | F16: {=Common_InputFunctions.Utility_LookupValueInTableNumber(F15, Table_SourceData_Swine_VolatileSolids[Class], Table_SourceData_Swine_VolatileSolids[VSj])} -> 0.46 | G16: {=Common_InputFunctions.Utility_LookupValueInTableNumber(G15, Table_SourceData_Swine_VolatileSolids[Class], Table_SourceData_Swine_VolatileSolids[VSj])} -> 0.55 | H16: {=Common_InputFunctions.Utility_LookupValueInTableNumber(H15, Table_SourceData_Swine_VolatileSolids[Class], Table_SourceData_Swine_VolatileSolids[VSj])} -> 0.39 | I16: {=Common_InputFunctions.Utility_LookupValueInTableNumber(I15, Table_SourceData_Swine_VolatileSolids[Class], Table_SourceData_Swine_VolatileSolids[VSj])} -> 0.39 | J16: {=Common_InputFunctions.Utility_LookupValueInTableNumber(J15, Table_SourceData_Swine_VolatileSolids[Class], Table_SourceData_Swine_VolatileSolids[VSj])} -> 0.39 | K16: {=Common_InputFunctions.Utility_LookupValueInTableNumber(K15, Table_SourceData_Swine_VolatileSolids[Class], Table_SourceData_Swine_VolatileSolids[VSj])} -> 0.39 | L16: kg/head/day
A17: =HYPERLINK("#'Constants - Swine'!A1", "Constants - Swine") -> Constants - Swine | D17: Nitrogen produced in swine waste per head per day | L17: kg N/head/day
A18: =HYPERLINK("#'Constants - Livestock'!A1", "Constants - Livestock") -> Constants - Livestock
A19: =HYPERLINK("#'Constants - Common'!A1", "Constants - Common") -> Constants - Common | D19: Method 2 custom values (Edit if known) | E19: Boars | F19: Sows | G19: Gilts | H19: Suckers | I19: Weaners | J19: Growers | K19: Slaughter pigs
A20: =HYPERLINK("#'Acknowledgements'!A1", "Acknowledgements") -> Acknowledgements | D20: Volatile solids produced per head per day | E20: {=Common_InputFunctions.Utility_LookupValueInTableNumber(E19, Table_SourceData_Swine_VolatileSolids[Class], Table_SourceData_Swine_VolatileSolids[VSj])} -> 0.4 | F20: {=Common_InputFunctions.Utility_LookupValueInTableNumber(F19, Table_SourceData_Swine_VolatileSolids[Class], Table_SourceData_Swine_VolatileSolids[VSj])} -> 0.46 | G20: {=Common_InputFunctions.Utility_LookupValueInTableNumber(G19, Table_SourceData_Swine_VolatileSolids[Class], Table_SourceData_Swine_VolatileSolids[VSj])} -> 0.55 | H20: {=Common_InputFunctions.Utility_LookupValueInTableNumber(H19, Table_SourceData_Swine_VolatileSolids[Class], Table_SourceData_Swine_VolatileSolids[VSj])} -> 0.39 | I20: {=Common_InputFunctions.Utility_LookupValueInTableNumber(I19, Table_SourceData_Swine_VolatileSolids[Class], Table_SourceData_Swine_VolatileSolids[VSj])} -> 0.39 | J20: {=Common_InputFunctions.Utility_LookupValueInTableNumber(J19, Table_SourceData_Swine_VolatileSolids[Class], Table_SourceData_Swine_VolatileSolids[VSj])} -> 0.39 | K20: {=Common_InputFunctions.Utility_LookupValueInTableNumber(K19, Table_SourceData_Swine_VolatileSolids[Class], Table_SourceData_Swine_VolatileSolids[VSj])} -> 0.39 | L20: kg/head/day
D21: Nitrogen produced in swine waste per head per day | L21: kg N/head/day
D24: Manure management systems
D26: Production system | E26: Conventional housing | F26: ← Please select
D28: Stage 1 MMS | E28: Boars | F28: Sows | G28: Gilts | H28: Suckers | I28: Weaners | J28: Growers | K28: Slaughter pigs
D29: ='Constants - Swine'!$G$41 -> Anaerobic lagoon | E29: 0.15 | F29: 0.15 | G29: 0.15 | H29: 0.15 | I29: 0.15 | J29: 0.15 | K29: 0.15 | L29: Percent
D30: ='Constants - Swine'!$G$42 -> Drylot (feed pad) | E30: 0.15 | F30: 0.15 | G30: 0.15 | H30: 0.15 | I30: 0.15 | J30: 0.15 | K30: 0.15 | L30: Percent
D31: ='Constants - Swine'!$G$43 -> Digester / covered lagoons | E31: 0.15 | F31: 0.15 | G31: 0.15 | H31: 0.15 | I31: 0.15 | J31: 0.15 | K31: 0.15 | L31: Percent
D32: ='Constants - Swine'!$G$44 -> Deep litter | E32: 0.15 | F32: 0.15 | G32: 0.15 | H32: 0.15 | I32: 0.15 | J32: 0.15 | K32: 0.15 | L32: Percent
D33: ='Constants - Swine'!$G$45 -> Pit storage | E33: 0.15 | F33: 0.15 | G33: 0.15 | H33: 0.15 | I33: 0.15 | J33: 0.15 | K33: 0.15 | L33: Percent
D34: Solid storage | E34: 0.25 | F34: 0.25 | G34: 0.25 | H34: 0.25 | I34: 0.25 | J34: 0.25 | K34: 0.25 | L34: Percent
D35: Total sent to all MMS (Must equal 100%) | E35: =SUM(E29,E30,E31,E32,E33,E34) -> 1 | F35: =SUM(F29,F30,F31,F32,F33,F34) -> 1 | G35: =SUM(G29,G30,G31,G32,G33,G34) -> 1 | H35: =SUM(H29,H30,H31,H32,H33,H34) -> 1 | I35: =SUM(I29,I30,I31,I32,I33,I34) -> 1 | J35: =SUM(J29,J30,J31,J32,J33,J34) -> 1 | K35: =SUM(K29,K30,K31,K32,K33,K34) -> 1
D37: ▼
D38: Solid separation from stage 1 MMS | E38: Were solids separated? (select) | F38: Percent separated (Method 1) | G38: Percent separated (Method 2)
D39: ="Solids separated from " & $D$29 -> Solids separated from Anaerobic lagoon | E39: Yes | F39: 0.2 | G39: 0.2
D40: ="Solids separated from " & $D$30 -> Solids separated from Drylot (feed pad) | E40: Yes | F40: 0.2 | G40: 0.2
D41: ="Solids separated from " & $D$31 -> Solids separated from Digester / covered lagoons | E41: Yes | F41: 0.2 | G41: 0.2
D42: ="Solids separated from " & $D$32 -> Solids separated from Deep litter | E42: Yes | F42: 0.2 | G42: 0.2
D43: ="Solids separated from " & $D$33 -> Solids separated from Pit storage | E43: Yes | F43: 0.2 | G43: 0.2
D45: ▼
D46: Stage 2 MMS | E46: Boars | F46: Sows | G46: Gilts | H46: Suckers | I46: Weaners | J46: Growers | K46: Slaughter pigs | L46: ► | M46: Destination after stage 2 MMS (Percent)
D47: ="Stage 2 MMS From " & $D$29 -> Stage 2 MMS From Anaerobic lagoon | E47: =IF(SUM(E29:K29)>0,"Manure was sent to this MMS, please complete this section.","No manure was sent to this MMS. Leave this section blank.") -> Manure was sent to this MMS, please complete this section. | M47: Sold | N47: Fert for own farm (eg crop) | O47: Direct application to soil
D48: =$D$30 -> Drylot (feed pad) | E48: 0.2 | F48: 0.25 | G48: 0.25 | H48: 0.25 | I48: 0.25 | J48: 0.25 | K48: 0.25 | L48: Percent | M48: 0.25 | N48: 0.25 | O48: =1-SUM(M48:N48) -> 0.5
D49: =$D$31 -> Digester / covered lagoons | E49: 0.2 | F49: 0.25 | G49: 0.25 | H49: 0.25 | I49: 0.25 | J49: 0.25 | K49: 0.25 | L49: Percent | M49: 0.25 | N49: 0.25 | O49: =1-SUM(M49:N49) -> 0.5
D50: =$D$32 -> Deep litter | E50: 0.2 | F50: 0.25 | G50: 0.25 | H50: 0.25 | I50: 0.25 | J50: 0.25 | K50: 0.25 | L50: Percent | M50: 0.25 | N50: 0.25 | O50: =1-SUM(M50:N50) -> 0.5
D51: =$D$33 -> Pit storage | E51: 0.2 | F51: 0.25 | G51: 0.25 | H51: 0.25 | I51: 0.25 | J51: 0.25 | K51: 0.25 | L51: Percent | M51: 0.25 | N51: 0.25 | O51: =1-SUM(M51:N51) -> 0.5
D52: Direct application to soil | E52: =1-SUM(E48:E51) -> 0.2 | F52: =1-SUM(F48:F51) -> 0 | G52: =1-SUM(G48:G51) -> 0 | H52: =1-SUM(H48:H51) -> 0 | I52: =1-SUM(I48:I51) -> 0 | J52: =1-SUM(J48:J51) -> 0 | K52: =1-SUM(K48:K51) -> 0 | L52: Percent
D55: ="Stage 2 MMS From " & $D$30 -> Stage 2 MMS From Drylot (feed pad) | E55: =IF(SUM(E30:K30)>0,"Manure was sent to this MMS, please complete this section.","No manure was sent to this MMS. Leave this section blank.") -> Manure was sent to this MMS, please complete this section. | M55: Sold | N55: Fert for own farm (eg crop) | O55: Direct application to soil
D56: =$D$29 -> Anaerobic lagoon | E56: 0.2 | F56: 0.25 | G56: 0.25 | H56: 0.25 | I56: 0.25 | J56: 0.25 | K56: 0.25 | L56: Percent | M56: 0.25 | N56: 0.25 | O56: =1-SUM(M56:N56) -> 0.5
D57: =$D$31 -> Digester / covered lagoons | E57: 0.2 | F57: 0.25 | G57: 0.25 | H57: 0.25 | I57: 0.25 | J57: 0.25 | K57: 0.25 | L57: Percent | M57: 0.25 | N57: 0.25 | O57: =1-SUM(M57:N57) -> 0.5
D58: =$D$32 -> Deep litter | E58: 0.2 | F58: 0.25 | G58: 0.25 | H58: 0.25 | I58: 0.25 | J58: 0.25 | K58: 0.25 | L58: Percent | M58: 0.25 | N58: 0.25 | O58: =1-SUM(M58:N58) -> 0.5
D59: =$D$33 -> Pit storage | E59: 0.2 | F59: 0.25 | G59: 0.25 | H59: 0.25 | I59: 0.25 | J59: 0.25 | K59: 0.25 | L59: Percent | M59: 0.25 | N59: 0.25 | O59: =1-SUM(M59:N59) -> 0.5
D60: Direct application to soil | E60: =1-SUM(E56:E59) -> 0.2 | F60: =1-SUM(F56:F59) -> 0 | G60: =1-SUM(G56:G59) -> 0 | H60: =1-SUM(H56:H59) -> 0 | I60: =1-SUM(I56:I59) -> 0 | J60: =1-SUM(J56:J59) -> 0 | K60: =1-SUM(K56:K59) -> 0
D63: ="Stage 2 MMS From " & $D$31 -> Stage 2 MMS From Digester / covered lagoons | E63: =IF(SUM(E31:K31)>0,"Manure was sent to this MMS, please complete this section.","No manure was sent to this MMS. Leave this section blank.") -> Manure was sent to this MMS, please complete this section. | M63: Sold | N63: Fert for own farm (eg crop) | O63: Direct application to soil
D64: =$D$29 -> Anaerobic lagoon | E64: 0.2 | F64: 0.25 | G64: 0.25 | H64: 0.25 | I64: 0.25 | J64: 0.25 | K64: 0.25 | L64: Percent | M64: 0.25 | N64: 0.25 | O64: =1-SUM(M64:N64) -> 0.5
D65: =$D$30 -> Drylot (feed pad) | E65: 0.2 | F65: 0.25 | G65: 0.25 | H65: 0.25 | I65: 0.25 | J65: 0.25 | K65: 0.25 | L65: Percent | M65: 0.25 | N65: 0.25 | O65: =1-SUM(M65:N65) -> 0.5
D66: =$D$32 -> Deep litter | E66: 0.2 | F66: 0.25 | G66: 0.25 | H66: 0.25 | I66: 0.25 | J66: 0.25 | K66: 0.25 | L66: Percent | M66: 0.25 | N66: 0.25 | O66: =1-SUM(M66:N66) -> 0.5
D67: =$D$33 -> Pit storage | E67: 0.2 | F67: 0.25 | G67: 0.25 | H67: 0.25 | I67: 0.25 | J67: 0.25 | K67: 0.25 | L67: Percent | M67: 0.25 | N67: 0.25 | O67: =1-SUM(M67:N67) -> 0.5
D68: Direct application to soil | E68: =1-SUM(E64:E67) -> 0.2 | F68: =1-SUM(F64:F67) -> 0 | G68: =1-SUM(G64:G67) -> 0 | H68: =1-SUM(H64:H67) -> 0 | I68: =1-SUM(I64:I67) -> 0 | J68: =1-SUM(J64:J67) -> 0 | K68: =1-SUM(K64:K67) -> 0 | L68: Percent
D71: ="Stage 2 MMS From " & $D$32 -> Stage 2 MMS From Deep litter | E71: =IF(SUM(E32:K32)>0,"Manure was sent to this MMS, please complete this section.","No manure was sent to this MMS. Leave this section blank.") -> Manure was sent to this MMS, please complete this section. | M71: Sold | N71: Fert for own farm (eg crop) | O71: Direct application to soil
D72: =$D$29 -> Anaerobic lagoon | E72: 0.2 | F72: 0.25 | G72: 0.25 | H72: 0.25 | I72: 0.25 | J72: 0.25 | K72: 0.25 | L72: Percent | M72: 0.25 | N72: 0.25 | O72: =1-SUM(M72:N72) -> 0.5
D73: =$D$30 -> Drylot (feed pad) | E73: 0.2 | F73: 0.25 | G73: 0.25 | H73: 0.25 | I73: 0.25 | J73: 0.25 | K73: 0.25 | L73: Percent | M73: 0.25 | N73: 0.25 | O73: =1-SUM(M73:N73) -> 0.5
D74: =$D$31 -> Digester / covered lagoons | E74: 0.2 | F74: 0.25 | G74: 0.25 | H74: 0.25 | I74: 0.25 | J74: 0.25 | K74: 0.25 | L74: Percent | M74: 0.25 | N74: 0.25 | O74: =1-SUM(M74:N74) -> 0.5
D75: =$D$33 -> Pit storage | E75: 0.2 | F75: 0.25 | G75: 0.25 | H75: 0.25 | I75: 0.25 | J75: 0.25 | K75: 0.25 | L75: Percent | M75: 0.25 | N75: 0.25 | O75: =1-SUM(M75:N75) -> 0.5
D76: Direct application to soil | E76: =1-SUM(E72:E75) -> 0.2 | F76: =1-SUM(F72:F75) -> 0 | G76: =1-SUM(G72:G75) -> 0 | H76: =1-SUM(H72:H75) -> 0 | I76: =1-SUM(I72:I75) -> 0 | J76: =1-SUM(J72:J75) -> 0 | K76: =1-SUM(K72:K75) -> 0 | L76: Percent
D79: ="Stage 2 MMS From " & $D$33 -> Stage 2 MMS From Pit storage | E79: =IF(SUM(E33:K33)>0,"Manure was sent to this MMS, please complete this section.","No manure was sent to this MMS. Leave this section blank.") -> Manure was sent to this MMS, please complete this section. | M79: Sold | N79: Fert for own farm (eg crop) | O79: Direct application to soil
D80: =$D$29 -> Anaerobic lagoon | E80: 0.2 | F80: 0.25 | G80: 0.25 | H80: 0.25 | I80: 0.25 | J80: 0.25 | K80: 0.25 | L80: Percent | M80: 0.25 | N80: 0.25 | O80: =1-SUM(M80:N80) -> 0.5
D81: =$D$30 -> Drylot (feed pad) | E81: 0.2 | F81: 0.25 | G81: 0.25 | H81: 0.25 | I81: 0.25 | J81: 0.25 | K81: 0.25 | L81: Percent | M81: 0.25 | N81: 0.25 | O81: =1-SUM(M81:N81) -> 0.5
D82: =$D$31 -> Digester / covered lagoons | E82: 0.2 | F82: 0.25 | G82: 0.25 | H82: 0.25 | I82: 0.25 | J82: 0.25 | K82: 0.25 | L82: Percent | M82: 0.25 | N82: 0.25 | O82: =1-SUM(M82:N82) -> 0.5
D83: =$D$32 -> Deep litter | E83: 0.2 | F83: 0.25 | G83: 0.25 | H83: 0.25 | I83: 0.25 | J83: 0.25 | K83: 0.25 | L83: Percent | M83: 0.25 | N83: 0.25 | O83: =1-SUM(M83:N83) -> 0.5
D84: Direct application to soil | E84: =1-SUM(E80:E83) -> 0.2 | F84: =1-SUM(F80:F83) -> 0 | G84: =1-SUM(G80:G83) -> 0 | H84: =1-SUM(H80:H83) -> 0 | I84: =1-SUM(I80:I83) -> 0 | J84: =1-SUM(J80:J83) -> 0 | K84: =1-SUM(K80:K83) -> 0 | L84: Percent
D87: ="Stage 2 MMS From " & $D$34 -> Stage 2 MMS From Solid storage | E87: =IF(SUM(E41:K41)>0,"Manure was sent to this MMS, please complete this section.","No manure was sent to this MMS. Leave this section blank.") -> Manure was sent to this MMS, please complete this section. | H87: Add OR statement if any solids were separated | M87: Sold | N87: Fert for own farm (eg crop) | O87: Direct application to soil
D88: =$D$29 -> Anaerobic lagoon | E88: 0.2 | F88: 0.2 | G88: 0.2 | H88: 0.2 | I88: 0.2 | J88: 0.2 | K88: 0.2 | L88: Percent | M88: 0.25 | N88: 0.25 | O88: =1-SUM(M88:N88) -> 0.5
D89: =$D$30 -> Drylot (feed pad) | E89: 0.2 | F89: 0.2 | G89: 0.2 | H89: 0.2 | I89: 0.2 | J89: 0.2 | K89: 0.2 | L89: Percent | M89: 0.25 | N89: 0.25 | O89: =1-SUM(M89:N89) -> 0.5
D90: =$D$31 -> Digester / covered lagoons | E90: 0.2 | F90: 0.2 | G90: 0.2 | H90: 0.2 | I90: 0.2 | J90: 0.2 | K90: 0.2 | L90: Percent | M90: 0.25 | N90: 0.25 | O90: =1-SUM(M90:N90) -> 0.5
D91: =$D$32 -> Deep litter | E91: 0.2 | F91: 0.2 | G91: 0.2 | H91: 0.2 | I91: 0.2 | J91: 0.2 | K91: 0.2 | L91: Percent | M91: 0.25 | N91: 0.25 | O91: =1-SUM(M91:N91) -> 0.5
D92: =$D$33 -> Pit storage | E92: 0.1 | F92: 0.1 | G92: 0.1 | H92: 0.1 | I92: 0.1 | J92: 0.1 | K92: 0.1 | L92: Percent | M92: 0.25 | N92: 0.25 | O92: =1-SUM(M92:N92) -> 0.5
D93: Direct application to soil | E93: =1-SUM(E88:E92) -> 0.1 | F93: =1-SUM(F88:F92) -> 0.1 | G93: =1-SUM(G88:G92) -> 0.1 | H93: =1-SUM(H88:H92) -> 0.1 | I93: =1-SUM(I88:I92) -> 0.1 | J93: =1-SUM(J88:J92) -> 0.1 | K93: =1-SUM(K88:K92) -> 0.1 | L93: Percent

Sheet 4.5.1.1-2 Methane
A1: #VALUE! | C1: 4.5.1.1-2 Manure Methane
A3: =HYPERLINK("#'Home'!A1", "Home") -> Home | D3: Method 1 | T3: Method 2
A4: =HYPERLINK("#'Results'!A1", "Results") -> Results
D5: {=ManureManagement_Swine_Methane.VEERG_4_5_1_1__4_FractionVolatileSolidsPrimarySystem_Title()} -> Fraction of volatile solids in each primary system other than solid storage
A6: INPUTS | D6: {=ManureManagement_Swine_Methane.VEERG_4_5_1_1__4_FractionVolatileSolidsPrimarySystem_Source()} -> VEERG 2026: 4.5.1.1, Equation (4)
A7: =HYPERLINK("#'Input - Site'!A1", "Site") -> Site | D7: Function name | E7: {=Common_InputFunctions.Utility_DisplayFunctionName($E$40)} -> =ManureManagement_Swine_Methane.VEERG_4_5_1_1__4_FractionVolatileSolidsPrimarySystem
A8: =HYPERLINK("#'Input - Swine'!A1", "Swine") -> Swine
A10: CALCULATIONS | D10: Variable | E10: {=ManureManagement_Swine_Methane.VEERG_4_5_1_1__4_FractionVolatileSolidsPrimarySystem_Variable()} -> FVSjmT1 | G10: Inconsistencies - 'primary system' vs 'stage 1'
A11: =HYPERLINK("#'4.2.1.1-2 Methane'!A1", "4.2.1.1-2 Methane") -> 4.2.1.1-2 Methane | D11: Unit | E11: {=ManureManagement_Swine_Methane.VEERG_4_5_1_1__4_FractionVolatileSolidsPrimarySystem_Unit()} -> fraction
A12: =HYPERLINK("#'4.2.1.3-4 Soil direct N2O'!A1", "4.2.1.3-4 Soil direct N2O") -> 4.2.1.3-4 Soil direct N2O
A13: =HYPERLINK("#'4.2.1.5-6 Soil Atmos Dep'!A1", "4.2.1.5-6 Soil atm. deposition") -> 4.2.1.5-6 Soil atm. deposition | D13: {=ManureManagement_Swine_Methane.VEERG_4_5_1_1__4_FractionVolatileSolidsPrimarySystem_Arguments()} -> MMSjmT1 | E13: fraction of manure to each primary MMS for each class prior to solid separation : fraction | H13: ="See " & $D$16 -> See Table_MMS_j_m-1-7-9-8_T-1 | I13: If this is directly related to equation 5, the mms numbers should be the same eg 1,7,9 (and probably 8,)
A14: =HYPERLINK("#'4.2.1.7-8 Soil leach runoff'!A1", "4.2.1.7-8 Soil leach & runoff") -> 4.2.1.7-8 Soil leach & runoff | D14: SSm | E14: fraction of volatile solids separated to solid storage for each MMS : fraction | H14: ="See " & $D$26 -> See M1_Table_SS_m-1-7-9 | I14: SSm should be SSjm
A16: APPENDICES | D16: Table_MMS_j_m-1-7-9-8_T-1
A17: =HYPERLINK("#'Constants - Swine'!A1", "Constants - Swine") -> Constants - Swine | D17: Fraction VS sent to MMS other than solid storage in stage 1
A18: =HYPERLINK("#'Constants - Livestock'!A1", "Constants - Livestock") -> Constants - Livestock | E18: Boars | F18: Sows | G18: Gilts | H18: Suckers | I18: Weaners | J18: Growers | K18: Slaughter pigs
A19: =HYPERLINK("#'Constants - Common'!A1", "Constants - Common") -> Constants - Common | D19: Stage 1 management | E19: MMSj=1,m=1,7,9,8,13,T=1 | F19: MMSj=2,m=1,7,9,8,13,T=1 | G19: MMSj=3,m=1,7,9,8,13,T=1 | H19: MMSj=4,m=1,7,9,8,13,T=1 | I19: MMSj=4,m=1,7,9,8,13,T=1 | J19: MMSj=4,m=1,7,9,8,13,T=1 | K19: MMSj=4,m=1,7,9,8,13,T=1
A20: =HYPERLINK("#'Acknowledgements'!A1", "Acknowledgements") -> Acknowledgements | D20: ='Input - Swine'!$D$29 -> Anaerobic lagoon | E20: ='Input - Swine'!E29 -> 0.15 | F20: ='Input - Swine'!F29 -> 0.15 | G20: ='Input - Swine'!G29 -> 0.15 | H20: ='Input - Swine'!H29 -> 0.15 | I20: ='Input - Swine'!I29 -> 0.15 | J20: ='Input - Swine'!J29 -> 0.15 | K20: ='Input - Swine'!K29 -> 0.15 | L20: Fraction
D21: ='Input - Swine'!$D$30 -> Drylot (feed pad) | E21: ='Input - Swine'!E30 -> 0.15 | F21: ='Input - Swine'!F30 -> 0.15 | G21: ='Input - Swine'!G30 -> 0.15 | H21: ='Input - Swine'!H30 -> 0.15 | I21: ='Input - Swine'!I30 -> 0.15 | J21: ='Input - Swine'!J30 -> 0.15 | K21: ='Input - Swine'!K30 -> 0.15 | L21: Fraction
D22: ='Input - Swine'!$D$31 -> Digester / covered lagoons | E22: ='Input - Swine'!E31 -> 0.15 | F22: ='Input - Swine'!F31 -> 0.15 | G22: ='Input - Swine'!G31 -> 0.15 | H22: ='Input - Swine'!H31 -> 0.15 | I22: ='Input - Swine'!I31 -> 0.15 | J22: ='Input - Swine'!J31 -> 0.15 | K22: ='Input - Swine'!K31 -> 0.15 | L22: Fraction
D23: ='Input - Swine'!$D$32 -> Deep litter | E23: ='Input - Swine'!E32 -> 0.15 | F23: ='Input - Swine'!F32 -> 0.15 | G23: ='Input - Swine'!G32 -> 0.15 | H23: ='Input - Swine'!H32 -> 0.15 | I23: ='Input - Swine'!I32 -> 0.15 | J23: ='Input - Swine'!J32 -> 0.15 | K23: ='Input - Swine'!K32 -> 0.15 | L23: Fraction
D24: ='Input - Swine'!$D$33 -> Pit storage | E24: ='Input - Swine'!E33 -> 0.15 | F24: ='Input - Swine'!F33 -> 0.15 | G24: ='Input - Swine'!G33 -> 0.15 | H24: ='Input - Swine'!H33 -> 0.15 | I24: ='Input - Swine'!I33 -> 0.15 | J24: ='Input - Swine'!J33 -> 0.15 | K24: ='Input - Swine'!K33 -> 0.15 | L24: Fraction
D26: M1_Table_SS_m-1-7-9
D27: Fraction separated solids sent from MMS other than solid storage to solid storage in stage 1 (Method 1)
E28: Boars | F28: Sows | G28: Gilts | H28: Suckers | I28: Weaners | J28: Growers | K28: Slaughter pigs
D29: Stage 1 management | E29: SSj=1m=1,7,9 | F29: SSj=2m=1,7,9 | G29: SSj=3m=1,7,9 | H29: SSj=4m=1,7,9 | I29: SSj=4m=1,7,9 | J29: SSj=4m=1,7,9 | K29: SSj=4m=1,7,9
D30: ='Input - Swine'!$D$29 -> Anaerobic lagoon | E30: ='Input - Swine'!$F$39 -> 0.2 | F30: ='Input - Swine'!$F$39 -> 0.2 | G30: ='Input - Swine'!$F$39 -> 0.2 | H30: ='Input - Swine'!$F$39 -> 0.2 | I30: ='Input - Swine'!$F$39 -> 0.2 | J30: ='Input - Swine'!$F$39 -> 0.2 | K30: ='Input - Swine'!$F$39 -> 0.2 | L30: Fraction
D31: ='Input - Swine'!$D$30 -> Drylot (feed pad) | E31: ='Input - Swine'!$F$40 -> 0.2 | F31: ='Input - Swine'!$F$40 -> 0.2 | G31: ='Input - Swine'!$F$40 -> 0.2 | H31: ='Input - Swine'!$F$40 -> 0.2 | I31: ='Input - Swine'!$F$40 -> 0.2 | J31: ='Input - Swine'!$F$40 -> 0.2 | K31: ='Input - Swine'!$F$40 -> 0.2 | L31: Fraction
D32: ='Input - Swine'!$D$31 -> Digester / covered lagoons | E32: ='Input - Swine'!$F$41 -> 0.2 | F32: ='Input - Swine'!$F$41 -> 0.2 | G32: ='Input - Swine'!$F$41 -> 0.2 | H32: ='Input - Swine'!$F$41 -> 0.2 | I32: ='Input - Swine'!$F$41 -> 0.2 | J32: ='Input - Swine'!$F$41 -> 0.2 | K32: ='Input - Swine'!$F$41 -> 0.2 | L32: Fraction
D33: ='Input - Swine'!$D$32 -> Deep litter | E33: ='Input - Swine'!$F$42 -> 0.2 | F33: ='Input - Swine'!$F$42 -> 0.2 | G33: ='Input - Swine'!$F$42 -> 0.2 | H33: ='Input - Swine'!$F$42 -> 0.2 | I33: ='Input - Swine'!$F$42 -> 0.2 | J33: ='Input - Swine'!$F$42 -> 0.2 | K33: ='Input - Swine'!$F$42 -> 0.2 | L33: Fraction
D34: ='Input - Swine'!$D$33 -> Pit storage | E34: ='Input - Swine'!$F$43 -> 0.2 | F34: ='Input - Swine'!$F$43 -> 0.2 | G34: ='Input - Swine'!$F$43 -> 0.2 | H34: ='Input - Swine'!$F$43 -> 0.2 | I34: ='Input - Swine'!$F$43 -> 0.2 | J34: ='Input - Swine'!$F$43 -> 0.2 | K34: ='Input - Swine'!$F$43 -> 0.2 | L34: Fraction
D36: M1_Table_FVS_j_m-1-7-9_T-1
D37: Fraction VS in MMS other than solid storage in stage 1 (Method 1)
E38: Boars | F38: Sows | G38: Gilts | H38: Suckers | I38: Weaners | J38: Growers | K38: Slaughter pigs
D39: Stage 1 management | E39: FVSj,m=1,7,9,T=1 | F39: FVSj,m=1,7,9,T=1 | G39: FVSj,m=1,7,9,T=1 | H39: FVSj,m=1,7,9,T=1 | I39: FVSj,m=1,7,9,T=1 | J39: FVSj,m=1,7,9,T=1 | K39: FVSj,m=1,7,9,T=1
D40: ='Input - Swine'!$D$29 -> Anaerobic lagoon | E40: {=ManureManagement_Swine_Methane.VEERG_4_5_1_1__4_FractionVolatileSolidsPrimarySystem(E20,E30)} -> 0.12 | F40: {=ManureManagement_Swine_Methane.VEERG_4_5_1_1__4_FractionVolatileSolidsPrimarySystem(F20,F30)} -> 0.12 | G40: {=ManureManagement_Swine_Methane.VEERG_4_5_1_1__4_FractionVolatileSolidsPrimarySystem(G20,G30)} -> 0.12 | H40: {=ManureManagement_Swine_Methane.VEERG_4_5_1_1__4_FractionVolatileSolidsPrimarySystem(H20,H30)} -> 0.12 | I40: {=ManureManagement_Swine_Methane.VEERG_4_5_1_1__4_FractionVolatileSolidsPrimarySystem(I20,I30)} -> 0.12 | J40: {=ManureManagement_Swine_Methane.VEERG_4_5_1_1__4_FractionVolatileSolidsPrimarySystem(J20,J30)} -> 0.12 | K40: {=ManureManagement_Swine_Methane.VEERG_4_5_1_1__4_FractionVolatileSolidsPrimarySystem(K20,K30)} -> 0.12 | L40: =$E$11 -> fraction
D41: ='Input - Swine'!$D$30 -> Drylot (feed pad) | E41: {=ManureManagement_Swine_Methane.VEERG_4_5_1_1__4_FractionVolatileSolidsPrimarySystem(E21,E31)} -> 0.12 | F41: {=ManureManagement_Swine_Methane.VEERG_4_5_1_1__4_FractionVolatileSolidsPrimarySystem(F21,F31)} -> 0.12 | G41: {=ManureManagement_Swine_Methane.VEERG_4_5_1_1__4_FractionVolatileSolidsPrimarySystem(G21,G31)} -> 0.12 | H41: {=ManureManagement_Swine_Methane.VEERG_4_5_1_1__4_FractionVolatileSolidsPrimarySystem(H21,H31)} -> 0.12 | I41: {=ManureManagement_Swine_Methane.VEERG_4_5_1_1__4_FractionVolatileSolidsPrimarySystem(I21,I31)} -> 0.12 | J41: {=ManureManagement_Swine_Methane.VEERG_4_5_1_1__4_FractionVolatileSolidsPrimarySystem(J21,J31)} -> 0.12 | K41: {=ManureManagement_Swine_Methane.VEERG_4_5_1_1__4_FractionVolatileSolidsPrimarySystem(K21,K31)} -> 0.12 | L41: =$E$11 -> fraction
D42: ='Input - Swine'!$D$31 -> Digester / covered lagoons | E42: {=ManureManagement_Swine_Methane.VEERG_4_5_1_1__4_FractionVolatileSolidsPrimarySystem(E22,E32)} -> 0.12 | F42: {=ManureManagement_Swine_Methane.VEERG_4_5_1_1__4_FractionVolatileSolidsPrimarySystem(F22,F32)} -> 0.12 | G42: {=ManureManagement_Swine_Methane.VEERG_4_5_1_1__4_FractionVolatileSolidsPrimarySystem(G22,G32)} -> 0.12 | H42: {=ManureManagement_Swine_Methane.VEERG_4_5_1_1__4_FractionVolatileSolidsPrimarySystem(H22,H32)} -> 0.12 | I42: {=ManureManagement_Swine_Methane.VEERG_4_5_1_1__4_FractionVolatileSolidsPrimarySystem(I22,I32)} -> 0.12 | J42: {=ManureManagement_Swine_Methane.VEERG_4_5_1_1__4_FractionVolatileSolidsPrimarySystem(J22,J32)} -> 0.12 | K42: {=ManureManagement_Swine_Methane.VEERG_4_5_1_1__4_FractionVolatileSolidsPrimarySystem(K22,K32)} -> 0.12 | L42: =$E$11 -> fraction
D43: ='Input - Swine'!$D$32 -> Deep litter | E43: {=ManureManagement_Swine_Methane.VEERG_4_5_1_1__4_FractionVolatileSolidsPrimarySystem(E23,E33)} -> 0.12 | F43: {=ManureManagement_Swine_Methane.VEERG_4_5_1_1__4_FractionVolatileSolidsPrimarySystem(F23,F33)} -> 0.12 | G43: {=ManureManagement_Swine_Methane.VEERG_4_5_1_1__4_FractionVolatileSolidsPrimarySystem(G23,G33)} -> 0.12 | H43: {=ManureManagement_Swine_Methane.VEERG_4_5_1_1__4_FractionVolatileSolidsPrimarySystem(H23,H33)} -> 0.12 | I43: {=ManureManagement_Swine_Methane.VEERG_4_5_1_1__4_FractionVolatileSolidsPrimarySystem(I23,I33)} -> 0.12 | J43: {=ManureManagement_Swine_Methane.VEERG_4_5_1_1__4_FractionVolatileSolidsPrimarySystem(J23,J33)} -> 0.12 | K43: {=ManureManagement_Swine_Methane.VEERG_4_5_1_1__4_FractionVolatileSolidsPrimarySystem(K23,K33)} -> 0.12 | L43: =$E$11 -> fraction
D44: ='Input - Swine'!$D$33 -> Pit storage | E44: {=ManureManagement_Swine_Methane.VEERG_4_5_1_1__4_FractionVolatileSolidsPrimarySystem(E24,E34)} -> 0.12 | F44: {=ManureManagement_Swine_Methane.VEERG_4_5_1_1__4_FractionVolatileSolidsPrimarySystem(F24,F34)} -> 0.12 | G44: {=ManureManagement_Swine_Methane.VEERG_4_5_1_1__4_FractionVolatileSolidsPrimarySystem(G24,G34)} -> 0.12 | H44: {=ManureManagement_Swine_Methane.VEERG_4_5_1_1__4_FractionVolatileSolidsPrimarySystem(H24,H34)} -> 0.12 | I44: {=ManureManagement_Swine_Methane.VEERG_4_5_1_1__4_FractionVolatileSolidsPrimarySystem(I24,I34)} -> 0.12 | J44: {=ManureManagement_Swine_Methane.VEERG_4_5_1_1__4_FractionVolatileSolidsPrimarySystem(J24,J34)} -> 0.12 | K44: {=ManureManagement_Swine_Methane.VEERG_4_5_1_1__4_FractionVolatileSolidsPrimarySystem(K24,K34)} -> 0.12 | L44: =$E$11 -> fraction
D48: {=ManureManagement_Swine_Methane.VEERG_4_5_1_1__5_FractionVolatileSolidsSolidStorage_Title()} -> Fraction of volatile solids in solid storage | F48: Rename to 'Fraction of volatile solids in primary system in solid storage'
D49: {=ManureManagement_Swine_Methane.VEERG_4_5_1_1__5_FractionVolatileSolidsSolidStorage_Source()} -> VEERG 2026: 4.5.1.1, Equation (5)
D50: Function name | E50: {=Common_InputFunctions.Utility_DisplayFunctionName($E$73)} -> =MMS_Swine_Methane_Equations.VEERG_4_5_1_1__5_FractionVolatileSolidsSolidStorageVariation
D51: {=MMS_Swine_Methane_Equations.VEERG_4_5_1_1__5_FractionVolatileSolidsSolidStorage_Variation()} -> VARIATION ON SOURCE: Split equation for MMSm=1,7,9 into separate items to allow for calculation
D56: Variable | E56: {=ManureManagement_Swine_Methane.VEERG_4_5_1_1__5_FractionVolatileSolidsSolidStorage_Variable()} -> FVSjm4T1 | I56: should have mms numbers in SSm
D57: Unit | E57: {=ManureManagement_Swine_Methane.VEERG_4_5_1_1__5_FractionVolatileSolidsSolidStorage_Unit()} -> fraction
D59: {=ManureManagement_Swine_Methane.VEERG_4_5_1_1__5_FractionVolatileSolidsSolidStorage_Arguments()} -> MMSjm4T1 | E59: fraction of manure in solid storage primary system : fraction | G59: ="See " & $D$63 -> See Table_MMS_j_m-4_T-1
D60: MMSjm179T1 | E60: fraction of manure in MMS 1, 7, and 9 in treatment stage 1 : fraction | G60: ="See " & $D$16 -> See Table_MMS_j_m-1-7-9-8_T-1
D61: SSm | E61: fraction of volatile solids separated to solid storage for each MMS : fraction | G61: ="See " & $D$26 -> See M1_Table_SS_m-1-7-9
D63: Table_MMS_j_m-4_T-1
D64: Fraction primary system solid storage
E65: Boars | F65: Sows | G65: Gilts | H65: Suckers | I65: Weaners | J65: Growers | K65: Slaughter pigs
D66: Stage 1 management | E66: MMSj=1,m=4,T=1 | F66: MMSj=2,m=4,T=1 | G66: MMSj=3,m=4,T=1 | H66: MMSj=4,m=4,T=1 | I66: MMSj=4,m=4,T=1 | J66: MMSj=4,m=4,T=1 | K66: MMSj=4,m=4,T=1
D67: ='Input - Swine'!$D$34 -> Solid storage | E67: ='Input - Swine'!E34 -> 0.25 | F67: ='Input - Swine'!F34 -> 0.25 | G67: ='Input - Swine'!G34 -> 0.25 | H67: ='Input - Swine'!H34 -> 0.25 | I67: ='Input - Swine'!I34 -> 0.25 | J67: ='Input - Swine'!J34 -> 0.25 | K67: ='Input - Swine'!K34 -> 0.25 | L67: Fraction
D69: M1_Table_FVS_j_m-4_T-1
D70: Fraction VS in stage 1 solid storage (Method 1)
E71: Boars | F71: Sows | G71: Gilts | H71: Suckers | I71: Weaners | J71: Growers | K71: Slaughter pigs
D72: Stage 1 management | E72: FVSj=1,m=4,T=1 | F72: FVSj=2,m=4,T=1 | G72: FVSj=3,m=4,T=1 | H72: FVSj=4,m=4,T=1 | I72: FVSj=4,m=4,T=1 | J72: FVSj=4,m=4,T=1 | K72: FVSj=4,m=4,T=1
D73: =IF('[1]Input - MMS - Swine'!$H$77="Solid storage", '[1]Input - MMS - Swine'!$H$77, '[1]Input - MMS - Swine'!$F$19) -> Post-separation solid storage | E73: {=MMS_Swine_Methane_Equations.VEERG_4_5_1_1__5_FractionVolatileSolidsSolidStorageVariation(E67,E20,E21,E22,E23,E24,E30,E31,E32,E33,E34)} -> 0.4 | F73: {=MMS_Swine_Methane_Equations.VEERG_4_5_1_1__5_FractionVolatileSolidsSolidStorageVariation(F67,F20,F21,F22,F23,F24,F30,F31,F32,F33,F34)} -> 0.4 | G73: {=MMS_Swine_Methane_Equations.VEERG_4_5_1_1__5_FractionVolatileSolidsSolidStorageVariation(G67,G20,G21,G22,G23,G24,G30,G31,G32,G33,G34)} -> 0.4 | H73: {=MMS_Swine_Methane_Equations.VEERG_4_5_1_1__5_FractionVolatileSolidsSolidStorageVariation(H67,H20,H21,H22,H23,H24,H30,H31,H32,H33,H34)} -> 0.4 | I73: {=MMS_Swine_Methane_Equations.VEERG_4_5_1_1__5_FractionVolatileSolidsSolidStorageVariation(I67,I20,I21,I22,I23,I24,I30,I31,I32,I33,I34)} -> 0.4 | J73: {=MMS_Swine_Methane_Equations.VEERG_4_5_1_1__5_FractionVolatileSolidsSolidStorageVariation(J67,J20,J21,J22,J23,J24,J30,J31,J32,J33,J34)} -> 0.4 | K73: {=MMS_Swine_Methane_Equations.VEERG_4_5_1_1__5_FractionVolatileSolidsSolidStorageVariation(K67,K20,K21,K22,K23,K24,K30,K31,K32,K33,K34)} -> 0.4 | L73: =$E$57 -> fraction
D77: {=ManureManagement_Swine_Methane.VEERG_4_5_1_1__7_VolatileSolidsTransferredStage2_Title()} -> Volatile solids transferred to treatment stage 2 MMS
D78: {=ManureManagement_Swine_Methane.VEERG_4_5_1_1__7_VolatileSolidsTransferredStage2_Source()} -> VEERG 2026: 4.5.1.1, Equation (7)
D79: Function name | E79: {=Common_InputFunctions.Utility_DisplayFunctionName(E110)} -> =MMS_Swine_Methane_Equations.VEERG_4_5_1_1__7_VolatileSolidsTransferredStage2
D83: Variable | E83: {=ManureManagement_Swine_Methane.VEERG_4_5_1_1__7_VolatileSolidsTransferredStage2_Variable()} -> VSTijmT2
D84: Unit | E84: {=ManureManagement_Swine_Methane.VEERG_4_5_1_1__7_VolatileSolidsTransferredStage2_Unit()} -> kg VS | F84: Should be kg/head/day
D86: {=ManureManagement_Swine_Methane.VEERG_4_5_1_1__7_VolatileSolidsTransferredStage2_Arguments()} -> VSj | E86: volatile solid production from swine in each class : kg/head/day | G86: ="See " & $D$90 -> See Table_VS_j
D87: FVSjmT1 | E87: fraction of volatile solids in each primary system : fraction | G87: ="See " & $D$36 & " and " & $D$69 -> See M1_Table_FVS_j_m-1-7-9_T-1 and M1_Table_FVS_j_m-4_T-1
D88: VSLmT1 | E88: fraction of volatile solids lost during storage in the primary system : fraction | G88: ="See " & $D$96 -> See Table_VSL_m_T-1
D90: Table_VS_j
D91: Daily volatile solid production
D92: Boars | E92: Sows | F92: Gilts | G92: Suckers | H92: Weaners | I92: Growers | J92: Slaughter pigs
D93: VSj=1 | E93: VSj=2 | F93: VSj=3 | G93: VSj=4 | H93: VSj=4 | I93: VSj=4 | J93: VSj=4
D94: ='[1]Input - MMS - Swine'!$E$11 -> 0.4 | E94: ='[1]Input - MMS - Swine'!$F$11 -> 0.46 | F94: ='[1]Input - MMS - Swine'!$G$11 -> 0.55 | G94: ='[1]Input - MMS - Swine'!$H$11 -> 0.39 | H94: ='[1]Input - MMS - Swine'!$I$11 -> 0.39 | I94: ='[1]Input - MMS - Swine'!$J$11 -> 0.39 | J94: ='[1]Input - MMS - Swine'!$K$11 -> 0.39 | K94: kg/head/day
D96: Table_VSL_m_T-1
D97: Fraction volatile solids lost during storage in primary system
D98: Stage 1 management | E98: VSLm,T=1
D99: ='Input - Swine'!$D$29 -> Anaerobic lagoon | E99: {=Common_InputFunctions.Utility_LookupValueInTableNumber(D99,Table_SourceData_SwineVSL[MMS],Table_SourceData_SwineVSL[VSL])} -> 0 | F99: Fraction
D100: ='Input - Swine'!$D$30 -> Drylot (feed pad) | E100: {=Common_InputFunctions.Utility_LookupValueInTableNumber(D100,Table_SourceData_SwineVSL[MMS],Table_SourceData_SwineVSL[VSL])} -> 0 | F100: Fraction
D101: ='Input - Swine'!$D$31 -> Digester / covered lagoons | E101: {=Common_InputFunctions.Utility_LookupValueInTableNumber(D101,Table_SourceData_SwineVSL[MMS],Table_SourceData_SwineVSL[VSL])} -> 0.75 | F101: Fraction
D102: ='Input - Swine'!$D$32 -> Deep litter | E102: {=Common_InputFunctions.Utility_LookupValueInTableNumber(D102,Table_SourceData_SwineVSL[MMS],Table_SourceData_SwineVSL[VSL])} -> 0.05 | F102: Fraction | G102: create source data in sourcedata file
D103: ='Input - Swine'!$D$33 -> Pit storage | E103: {=Common_InputFunctions.Utility_LookupValueInTableNumber(D103,Table_SourceData_SwineVSL[MMS],Table_SourceData_SwineVSL[VSL])} -> 0 | F103: Fraction
D104: ='Input - Swine'!$D$34 -> Solid storage | E104: {=Common_InputFunctions.Utility_LookupValueInTableNumber(D104,Table_SourceData_SwineVSL[MMS],Table_SourceData_SwineVSL[VSL])} -> 0 | F104: Fraction
D106: M1 Table_VST_j_m_T-2
D107: Volatile solids transferred from stage 1 to stage 2 (Method 1)
E108: Boars | F108: Sows | G108: Gilts | H108: Suckers | I108: Weaners | J108: Growers | K108: Slaughter pigs
D109: Stage 1 management | E109: VSTj=1,m,T=2 | F109: VSTj=2,m,T=1 | G109: VSTj=3,m,T=1 | H109: VSTj=4,m,T=1 | I109: VSTj=4,m,T=1 | J109: VSTj=4,m,T=1 | K109: VSTj=4,m,T=1
D110: ='Input - Swine'!$D$29 -> Anaerobic lagoon | E110: {=MMS_Swine_Methane_Equations.VEERG_4_5_1_1__7_VolatileSolidsTransferredStage2(D$94,E40,$E99)} -> 0.048 | F110: {=MMS_Swine_Methane_Equations.VEERG_4_5_1_1__7_VolatileSolidsTransferredStage2(E$94,F40,$E99)} -> 0.0552 | G110: {=MMS_Swine_Methane_Equations.VEERG_4_5_1_1__7_VolatileSolidsTransferredStage2(F$94,G40,$E99)} -> 0.066 | H110: {=MMS_Swine_Methane_Equations.VEERG_4_5_1_1__7_VolatileSolidsTransferredStage2(G$94,H40,$E99)} -> 0.0468 | I110: {=MMS_Swine_Methane_Equations.VEERG_4_5_1_1__7_VolatileSolidsTransferredStage2(H$94,I40,$E99)} -> 0.0468 | J110: {=MMS_Swine_Methane_Equations.VEERG_4_5_1_1__7_VolatileSolidsTransferredStage2(I$94,J40,$E99)} -> 0.0468 | K110: {=MMS_Swine_Methane_Equations.VEERG_4_5_1_1__7_VolatileSolidsTransferredStage2(J$94,K40,$E99)} -> 0.0468 | L110: =$E$84 -> kg VS
D111: ='Input - Swine'!$D$30 -> Drylot (feed pad) | E111: {=MMS_Swine_Methane_Equations.VEERG_4_5_1_1__7_VolatileSolidsTransferredStage2(D$94,E41,$E100)} -> 0.048 | F111: {=MMS_Swine_Methane_Equations.VEERG_4_5_1_1__7_VolatileSolidsTransferredStage2(E$94,F41,$E100)} -> 0.0552 | G111: {=MMS_Swine_Methane_Equations.VEERG_4_5_1_1__7_VolatileSolidsTransferredStage2(F$94,G41,$E100)} -> 0.066 | H111: {=MMS_Swine_Methane_Equations.VEERG_4_5_1_1__7_VolatileSolidsTransferredStage2(G$94,H41,$E100)} -> 0.0468 | I111: {=MMS_Swine_Methane_Equations.VEERG_4_5_1_1__7_VolatileSolidsTransferredStage2(H$94,I41,$E100)} -> 0.0468 | J111: {=MMS_Swine_Methane_Equations.VEERG_4_5_1_1__7_VolatileSolidsTransferredStage2(I$94,J41,$E100)} -> 0.0468 | K111: {=MMS_Swine_Methane_Equations.VEERG_4_5_1_1__7_VolatileSolidsTransferredStage2(J$94,K41,$E100)} -> 0.0468 | L111: =$E$84 -> kg VS
D112: ='Input - Swine'!$D$31 -> Digester / covered lagoons | E112: {=MMS_Swine_Methane_Equations.VEERG_4_5_1_1__7_VolatileSolidsTransferredStage2(D$94,E42,$E101)} -> 0.012 | F112: {=MMS_Swine_Methane_Equations.VEERG_4_5_1_1__7_VolatileSolidsTransferredStage2(E$94,F42,$E101)} -> 0.0138 | G112: {=MMS_Swine_Methane_Equations.VEERG_4_5_1_1__7_VolatileSolidsTransferredStage2(F$94,G42,$E101)} -> 0.0165 | H112: {=MMS_Swine_Methane_Equations.VEERG_4_5_1_1__7_VolatileSolidsTransferredStage2(G$94,H42,$E101)} -> 0.0117 | I112: {=MMS_Swine_Methane_Equations.VEERG_4_5_1_1__7_VolatileSolidsTransferredStage2(H$94,I42,$E101)} -> 0.0117 | J112: {=MMS_Swine_Methane_Equations.VEERG_4_5_1_1__7_VolatileSolidsTransferredStage2(I$94,J42,$E101)} -> 0.0117 | K112: {=MMS_Swine_Methane_Equations.VEERG_4_5_1_1__7_VolatileSolidsTransferredStage2(J$94,K42,$E101)} -> 0.0117 | L112: =$E$84 -> kg VS
D113: ='Input - Swine'!$D$32 -> Deep litter | E113: {=MMS_Swine_Methane_Equations.VEERG_4_5_1_1__7_VolatileSolidsTransferredStage2(D$94,E43,$E102)} -> 0.0456 | F113: {=MMS_Swine_Methane_Equations.VEERG_4_5_1_1__7_VolatileSolidsTransferredStage2(E$94,F43,$E102)} -> 0.05244 | G113: {=MMS_Swine_Methane_Equations.VEERG_4_5_1_1__7_VolatileSolidsTransferredStage2(F$94,G43,$E102)} -> 0.0627 | H113: {=MMS_Swine_Methane_Equations.VEERG_4_5_1_1__7_VolatileSolidsTransferredStage2(G$94,H43,$E102)} -> 0.04446 | I113: {=MMS_Swine_Methane_Equations.VEERG_4_5_1_1__7_VolatileSolidsTransferredStage2(H$94,I43,$E102)} -> 0.04446 | J113: {=MMS_Swine_Methane_Equations.VEERG_4_5_1_1__7_VolatileSolidsTransferredStage2(I$94,J43,$E102)} -> 0.04446 | K113: {=MMS_Swine_Methane_Equations.VEERG_4_5_1_1__7_VolatileSolidsTransferredStage2(J$94,K43,$E102)} -> 0.04446 | L113: =$E$84 -> kg VS
D114: ='Input - Swine'!$D$33 -> Pit storage | E114: {=MMS_Swine_Methane_Equations.VEERG_4_5_1_1__7_VolatileSolidsTransferredStage2(D$94,E44,$E103)} -> 0.048 | F114: {=MMS_Swine_Methane_Equations.VEERG_4_5_1_1__7_VolatileSolidsTransferredStage2(E$94,F44,$E103)} -> 0.0552 | G114: {=MMS_Swine_Methane_Equations.VEERG_4_5_1_1__7_VolatileSolidsTransferredStage2(F$94,G44,$E103)} -> 0.066 | H114: {=MMS_Swine_Methane_Equations.VEERG_4_5_1_1__7_VolatileSolidsTransferredStage2(G$94,H44,$E103)} -> 0.0468 | I114: {=MMS_Swine_Methane_Equations.VEERG_4_5_1_1__7_VolatileSolidsTransferredStage2(H$94,I44,$E103)} -> 0.0468 | J114: {=MMS_Swine_Methane_Equations.VEERG_4_5_1_1__7_VolatileSolidsTransferredStage2(I$94,J44,$E103)} -> 0.0468 | K114: {=MMS_Swine_Methane_Equations.VEERG_4_5_1_1__7_VolatileSolidsTransferredStage2(J$94,K44,$E103)} -> 0.0468
D115: ='Input - Swine'!$D$34 -> Solid storage | E115: {=MMS_Swine_Methane_Equations.VEERG_4_5_1_1__7_VolatileSolidsTransferredStage2(D$94,E73,$E104)} -> 0.16 | F115: {=MMS_Swine_Methane_Equations.VEERG_4_5_1_1__7_VolatileSolidsTransferredStage2(E$94,F73,$E104)} -> 0.184 | G115: {=MMS_Swine_Methane_Equations.VEERG_4_5_1_1__7_VolatileSolidsTransferredStage2(F$94,G73,$E104)} -> 0.22 | H115: {=MMS_Swine_Methane_Equations.VEERG_4_5_1_1__7_VolatileSolidsTransferredStage2(G$94,H73,$E104)} -> 0.156 | I115: {=MMS_Swine_Methane_Equations.VEERG_4_5_1_1__7_VolatileSolidsTransferredStage2(H$94,I73,$E104)} -> 0.156 | J115: {=MMS_Swine_Methane_Equations.VEERG_4_5_1_1__7_VolatileSolidsTransferredStage2(I$94,J73,$E104)} -> 0.156 | K115: {=MMS_Swine_Methane_Equations.VEERG_4_5_1_1__7_VolatileSolidsTransferredStage2(J$94,K73,$E104)} -> 0.156
D121: {=ManureManagement_Swine_Methane.VEERG_4_5_1_1__6_Stage2MethaneProduction_Title()} -> Production of methane in each treatment stage 2 MMS
D122: {=ManureManagement_Swine_Methane.VEERG_4_5_1_1__6_Stage2MethaneProduction_Source()} -> VEERG 2026: 4.5.1.1, Equation (6)
D123: Function name | E123: {=Common_InputFunctions.Utility_DisplayFunctionName(F182)} -> =ManureManagement_Swine_Methane.VEERG_4_5_1_1__6_Stage2MethaneProduction
D124: Add variation - temperature zone or state
D127: Variable | E127: {=ManureManagement_Swine_Methane.VEERG_4_5_1_1__6_Stage2MethaneProduction_Variable()} -> MijmT2
D128: Unit | E128: {=ManureManagement_Swine_Methane.VEERG_4_5_1_1__6_Stage2MethaneProduction_Unit()} -> kg CH4/head/day
D130: {=ManureManagement_Swine_Methane.VEERG_4_5_1_1__6_Stage2MethaneProduction_Arguments()} -> VSTjmT2 | E130: volatile solids transferred to treatment stage 2 MMS : kg/head/day | G130: ="See " & D106 -> See M1 Table_VST_j_m_T-2
D131: BO | E131: emissions potential : m3 CH4/kg VS | G131: ='Constants - Swine'!$E$21 -> 0.19
D132: MMSjmT2 | E132: fraction of manure in each secondary system : fraction | G132: ="See " & D137 -> See Table_MMS_j_m_T-2
D133: MCFim | E133: methane conversion factor for temperate zone and system : fraction | G133: ="See " & $D$167 -> See M1_Table_MCF_i_m
...

Sheet 4.2.1.3-4 Soil direct N20
A1: #VALUE! | C1: 4.2.1.3-4 Manure Direct N2O
A3: =HYPERLINK("#'Home'!A1", "Home") -> Home | D3: Method 1 | T3: Method 2
A4: =HYPERLINK("#'Results'!A1", "Results") -> Results
D5: {=MMS_PastureBeef_Soil_N2ODirect_Equations.VEERG_4_2_1_3__7_RelativeSize_Title()} -> Relative size of the cattle
A6: INPUTS | D6: {=MMS_PastureBeef_Soil_N2ODirect_Equations.VEERG_4_2_1_3__7_RelativeSize_Source()} -> VEERG 2026: 4.2.1.3, Equation (7)
A7: =HYPERLINK("#'Input - Site'!A1", "Site") -> Site | D7: Function name | E7: {=Common_InputFunctions.Utility_DisplayFunctionName(E33)} -> =MMS_PastureBeef_Soil_N2ODirect_Equations.VEERG_4_2_1_3__7_RelativeSize
A8: =HYPERLINK("#'Input - Swine'!A1", "Swine") -> Swine
A10: CALCULATIONS | D10: Variable | E10: {=MMS_PastureBeef_Soil_N2ODirect_Equations.VEERG_4_2_1_3__7_RelativeSize_Variable()} -> Z_jkl
A11: =HYPERLINK("#'4.2.1.1-2 Methane'!A1", "4.2.1.1-2 Methane") -> 4.2.1.1-2 Methane | D11: Unit | E11: {=MMS_PastureBeef_Soil_N2ODirect_Equations.VEERG_4_2_1_3__7_RelativeSize_Unit()} -> ratio
A12: =HYPERLINK("#'4.2.1.3-4 Soil direct N2O'!A1", "4.2.1.3-4 Soil direct N2O") -> 4.2.1.3-4 Soil direct N2O
A13: =HYPERLINK("#'4.2.1.5-6 Soil Atmos Dep'!A1", "4.2.1.5-6 Soil atm. deposition") -> 4.2.1.5-6 Soil atm. deposition | D13: {=MMS_PastureBeef_Soil_N2ODirect_Equations.VEERG_4_2_1_3__7_RelativeSize_Arguments()} -> W_jkl | E13: liveweight (kg) | F13: ="See " & D17 -> See M1_Table_W_j_k_l | G13: Variable is LW in Methane
A14: =HYPERLINK("#'4.2.1.7-8 Soil leach runoff'!A1", "4.2.1.7-8 Soil leach & runoff") -> 4.2.1.7-8 Soil leach & runoff | D14: SRW_k | E14: standard reference weight (kg) | F14: ="See " & D25 -> See Table_SRW_k
D15: i | E15: state | F15: ='Input - Swine'!$E$7 -> 0
A16: APPENDICES
A17: =HYPERLINK("#'Constants - Swine'!A1", "Constants - Swine") -> Constants - Swine | D17: M1_Table_W_j_k_l | T17: M2_Table_LW_j_k_l
A18: =HYPERLINK("#'Constants - Livestock'!A1", "Constants - Livestock") -> Constants - Livestock | D18: Liveweight (Method 1) | T18: Liveweight (Method 2)
A19: =HYPERLINK("#'Constants - Common'!A1", "Constants - Common") -> Constants - Common | D19: Season | E19: Bulls < 1 year | F19: Bulls > 1 year | G19: Cows < 1 year | H19: Cows 1-2 years | I19: Cows 2-3 years | J19: Cows > 3 years | K19: Steers < 1 year | L19: Steers 1-2 years | M19: Steers 2-3 years | N19: Steers >3 years | T19: Month | U19: Bulls < 1 year | V19: Bulls > 1 year | W19: Cows < 1 year | X19: Cows 1-2 years | Y19: Cows 2-3 years | Z19: Cows > 3 years | AA19: Steers < 1 year | AB19: Steers 1-2 years | AC19: Steers 2-3 years | AD19: Steers >3 years
A20: =HYPERLINK("#'Acknowledgements'!A1", "Acknowledgements") -> Acknowledgements | D20: ='Input - Swine'!D138 -> 0 | E20: ='Input - Swine'!E138 -> 0 | F20: ='Input - Swine'!F138 -> 0 | G20: ='Input - Swine'!G138 -> 0 | H20: ='Input - Swine'!H138 -> 0 | I20: ='Input - Swine'!I138 -> 0 | J20: ='Input - Swine'!J138 -> 0 | K20: ='Input - Swine'!K138 -> 0 | ... M20: ='Input - Swine'!M138 -> 0 | N20: ='Input - Swine'!N118 -> 0 | O20: kg/head | T20: =TEXT('Input - Site'!$E$12, "mmmm yyyy") -> January 2024 | U20: ='Input - Swine'!E144 -> 0 | V20: ='Input - Swine'!F144 -> 0 | W20: ='Input - Swine'!G144 -> 0 | X20: ='Input - Swine'!H144 -> 0 | Y20: ='Input - Swine'!I144 -> 0 | Z20: ='Input - Swine'!J144 -> 0 | AA20: ='Input - Swine'!K144 -> 0 | AB20: ='Input - Swine'!L144 -> 0 | AC20: ='Input - Swine'!M144 -> 0 | AD20: ='Input - Swine'!N124 -> 0 | AE20: kg/head
D21: ='Input - Swine'!D139 -> 0 | E21: ='Input - Swine'!E139 -> 0 | F21: ='Input - Swine'!F139 -> 0 | G21: ='Input - Swine'!G139 -> 0 | H21: ='Input - Swine'!H139 -> 0 | I21: ='Input - Swine'!I139 -> 0 | J21: ='Input - Swine'!J139 -> 0 | K21: ='Input - Swine'!K139 -> 0 | ... M21: ='Input - Swine'!M139 -> 0 | N21: ='Input - Swine'!N119 -> 0 | O21: kg/head | T21: =TEXT(EDATE('Input - Site'!$E$12,1), "mmmm yyyy") -> February 2024 | U21: ='Input - Swine'!E145 -> 0 | V21: ='Input - Swine'!F145 -> 0 | W21: ='Input - Swine'!G145 -> 0 | X21: ='Input - Swine'!H145 -> 0 | Y21: ='Input - Swine'!I145 -> 0 | Z21: ='Input - Swine'!J145 -> 0 | AA21: ='Input - Swine'!K145 -> 0 | AB21: ='Input - Swine'!L145 -> 0 | AC21: ='Input - Swine'!M145 -> 0 | AD21: ='Input - Swine'!N125 -> 0 | AE21: kg/head
D22: ='Input - Swine'!D140 -> 0 | E22: ='Input - Swine'!E140 -> 0 | F22: ='Input - Swine'!F140 -> 0 | G22: ='Input - Swine'!G140 -> 0 | H22: ='Input - Swine'!H140 -> 0 | I22: ='Input - Swine'!I140 -> 0 | J22: ='Input - Swine'!J140 -> 0 | K22: ='Input - Swine'!K140 -> 0 | ... M22: ='Input - Swine'!M140 -> 0 | N22: ='Input - Swine'!N120 -> 0 | O22: kg/head | T22: =TEXT(EDATE('Input - Site'!$E$12,2), "mmmm yyyy") -> March 2024 | U22: ='Input - Swine'!E146 -> 0 | V22: ='Input - Swine'!F146 -> 0 | W22: ='Input - Swine'!G146 -> 0 | X22: ='Input - Swine'!H146 -> 0 | Y22: ='Input - Swine'!I146 -> 0 | Z22: ='Input - Swine'!J146 -> 0 | AA22: ='Input - Swine'!K146 -> 0 | AB22: ='Input - Swine'!L146 -> 0 | AC22: ='Input - Swine'!M146 -> 0 | AD22: ='Input - Swine'!N126 -> 0 | AE22: kg/head
D23: ='Input - Swine'!D141 -> 0 | E23: ='Input - Swine'!E141 -> 0 | F23: ='Input - Swine'!F141 -> 0 | G23: ='Input - Swine'!G141 -> 0 | H23: ='Input - Swine'!H141 -> 0 | I23: ='Input - Swine'!I141 -> 0 | J23: ='Input - Swine'!J141 -> 0 | K23: ='Input - Swine'!K141 -> 0 | ... M23: ='Input - Swine'!M141 -> 0 | N23: ='Input - Swine'!N121 -> 0 | O23: kg/head | T23: =TEXT(EDATE('Input - Site'!$E$12,3), "mmmm yyyy") -> April 2024 | U23: ='Input - Swine'!E147 -> 0 | V23: ='Input - Swine'!F147 -> 0 | W23: ='Input - Swine'!G147 -> 0 | X23: ='Input - Swine'!H147 -> 0 | Y23: ='Input - Swine'!I147 -> 0 | Z23: ='Input - Swine'!J147 -> 0 | AA23: ='Input - Swine'!K147 -> 0 | AB23: ='Input - Swine'!L147 -> 0 | AC23: ='Input - Swine'!M147 -> 0 | AD23: ='Input - Swine'!N127 -> 0 | AE23: kg/head
T24: =TEXT(EDATE('Input - Site'!$E$12,4), "mmmm yyyy") -> May 2024 | U24: ='Input - Swine'!E148 -> 0 | V24: ='Input - Swine'!F148 -> 0 | W24: ='Input - Swine'!G148 -> 0 | X24: ='Input - Swine'!H148 -> 0 | Y24: ='Input - Swine'!I148 -> 0 | Z24: ='Input - Swine'!J148 -> 0 | AA24: ='Input - Swine'!K148 -> 0 | AB24: ='Input - Swine'!L148 -> 0 | AC24: ='Input - Swine'!M148 -> 0 | AD24: ='Input - Swine'!N128 -> 0 | AE24: kg/head
D25: Table_SRW_k | T25: =TEXT(EDATE('Input - Site'!$E$12,5), "mmmm yyyy") -> June 2024 | U25: ='Input - Swine'!E149 -> 0 | V25: ='Input - Swine'!F149 -> 0 | W25: ='Input - Swine'!G149 -> 0 | X25: ='Input - Swine'!H149 -> 0 | Y25: ='Input - Swine'!I149 -> 0 | Z25: ='Input - Swine'!J149 -> 0 | AA25: ='Input - Swine'!K149 -> 0 | AB25: ='Input - Swine'!L149 -> 0 | AC25: ='Input - Swine'!M149 -> 0 | AD25: ='Input - Swine'!N129 -> 0 | AE25: kg/head
D26: Standard reference weight | T26: =TEXT(EDATE('Input - Site'!$E$12,6), "mmmm yyyy") -> July 2024 | U26: ='Input - Swine'!E150 -> 0 | V26: ='Input - Swine'!F150 -> 0 | W26: ='Input - Swine'!G150 -> 0 | X26: ='Input - Swine'!H150 -> 0 | Y26: ='Input - Swine'!I150 -> 0 | Z26: ='Input - Swine'!J150 -> 0 | AA26: ='Input - Swine'!K150 -> 0 | AB26: ='Input - Swine'!L150 -> 0 | AC26: ='Input - Swine'!M150 -> 0 | AD26: ='Input - Swine'!N130 -> 0 | AE26: kg/head
D27: Bulls < 1 year | E27: Bulls > 1 year | F27: Cows < 1 year | G27: Cows 1-2 years | H27: Cows 2-3 years | I27: Cows > 3 years | J27: Steers < 1 year | K27: Steers 1-2 years | L27: Steers 2-3 years | M27: Steers >3 years | T27: =TEXT(EDATE('Input - Site'!$E$12,7), "mmmm yyyy") -> August 2024 | U27: ='Input - Swine'!E151 -> 0 | V27: ='Input - Swine'!F151 -> 0 | W27: ='Input - Swine'!G151 -> 0 | X27: ='Input - Swine'!H151 -> 0 | Y27: ='Input - Swine'!I151 -> 0 | Z27: ='Input - Swine'!J151 -> 0 | AA27: ='Input - Swine'!K151 -> 0 | AB27: ='Input - Swine'!L151 -> 0 | AC27: ='Input - Swine'!M151 -> 0 | AD27: ='Input - Swine'!N131 -> 0 | AE27: kg/head
D28: =Common_InputFunctions.Utility_LookupValueInTableOneColumnAndHeader(Common_InputFunctions.Utility_ConvertStateCommonNameToAbbreviation($F$15,Table_AustralianStates[Common Name],Table_AustralianStates[Abbreviation]),D27,#REF!,#REF!,#REF!) -> #REF! | E28: =Common_InputFunctions.Utility_LookupValueInTableOneColumnAndHeader(Common_InputFunctions.Utility_ConvertStateCommonNameToAbbreviation($F$15,Table_AustralianStates[Common Name],Table_AustralianStates[Abbreviation]),E27,#REF!,#REF!,#REF!) -> #REF! | F28: =Common_InputFunctions.Utility_LookupValueInTableOneColumnAndHeader(Common_InputFunctions.Utility_ConvertStateCommonNameToAbbreviation($F$15,Table_AustralianStates[Common Name],Table_AustralianStates[Abbreviation]),F27,#REF!,#REF!,#REF!) -> #REF! | G28: =Common_InputFunctions.Utility_LookupValueInTableOneColumnAndHeader(Common_InputFunctions.Utility_ConvertStateCommonNameToAbbreviation($F$15,Table_AustralianStates[Common Name],Table_AustralianStates[Abbreviation]),G27,#REF!,#REF!,#REF!) -> #REF! | H28: =Common_InputFunctions.Utility_LookupValueInTableOneColumnAndHeader(Common_InputFunctions.Utility_ConvertStateCommonNameToAbbreviation($F$15,Table_AustralianStates[Common Name],Table_AustralianStates[Abbreviation]),H27,#REF!,#REF!,#REF!) -> #REF! | I28: =Common_InputFunctions.Utility_LookupValueInTableOneColumnAndHeader(Common_InputFunctions.Utility_ConvertStateCommonNameToAbbreviation($F$15,Table_AustralianStates[Common Name],Table_AustralianStates[Abbreviation]),I27,#REF!,#REF!,#REF!) -> #REF! | J28: =Common_InputFunctions.Utility_LookupValueInTableOneColumnAndHeader(Common_InputFunctions.Utility_ConvertStateCommonNameToAbbreviation($F$15,Table_AustralianStates[Common Name],Table_AustralianStates[Abbreviation]),J27,#REF!,#REF!,#REF!) -> #REF! | K28: =Common_InputFunctions.Utility_LookupValueInTableOneColumnAndHeader(Common_InputFunctions.Utility_ConvertStateCommonNameToAbbreviation($F$15,Table_AustralianStates[Common Name],Table_AustralianStates[Abbreviation]),K27,#REF!,#REF!,#REF!) -> #REF! | ... M28: =Common_InputFunctions.Utility_LookupValueInTableOneColumnAndHeader(Common_InputFunctions.Utility_ConvertStateCommonNameToAbbreviation($F$15,Table_AustralianStates[Common Name],Table_AustralianStates[Abbreviation]),M27,#REF!,#REF!,#REF!) -> #REF! | N28: kg/head | T28: =TEXT(EDATE('Input - Site'!$E$12,8), "mmmm yyyy") -> September 2024 | U28: ='Input - Swine'!E152 -> 0 | V28: ='Input - Swine'!F152 -> 0 | W28: ='Input - Swine'!G152 -> 0 | X28: ='Input - Swine'!H152 -> 0 | Y28: ='Input - Swine'!I152 -> 0 | Z28: ='Input - Swine'!J152 -> 0 | AA28: ='Input - Swine'!K152 -> 0 | AB28: ='Input - Swine'!L152 -> 0 | AC28: ='Input - Swine'!M152 -> 0 | AD28: ='Input - Swine'!N132 -> 0 | AE28: kg/head
T29: =TEXT(EDATE('Input - Site'!$E$12,9), "mmmm yyyy") -> October 2024 | U29: ='Input - Swine'!E153 -> 0 | V29: ='Input - Swine'!F153 -> 0 | W29: ='Input - Swine'!G153 -> 0 | X29: ='Input - Swine'!H153 -> 0 | Y29: ='Input - Swine'!I153 -> 0 | Z29: ='Input - Swine'!J153 -> 0 | AA29: ='Input - Swine'!K153 -> 0 | AB29: ='Input - Swine'!L153 -> 0 | AC29: ='Input - Swine'!M153 -> 0 | AD29: ='Input - Swine'!N133 -> 0 | AE29: kg/head
D30: M1_Table_Z_j_k_l | T30: =TEXT(EDATE('Input - Site'!$E$12,10), "mmmm yyyy") -> November 2024 | U30: ='Input - Swine'!E154 -> 0 | V30: ='Input - Swine'!F154 -> 0 | W30: ='Input - Swine'!G154 -> 0 | X30: ='Input - Swine'!H154 -> 0 | Y30: ='Input - Swine'!I154 -> 0 | Z30: ='Input - Swine'!J154 -> 0 | AA30: ='Input - Swine'!K154 -> 0 | AB30: ='Input - Swine'!L154 -> 0 | AC30: ='Input - Swine'!M154 -> 0 | AD30: ='Input - Swine'!N134 -> 0 | AE30: kg/head
D31: Relative size (Method 1) | T31: =TEXT(EDATE('Input - Site'!$E$12,11), "mmmm yyyy") -> December 2024 | U31: ='Input - Swine'!E155 -> 0 | V31: ='Input - Swine'!F155 -> 0 | W31: ='Input - Swine'!G155 -> 0 | X31: ='Input - Swine'!H155 -> 0 | Y31: ='Input - Swine'!I155 -> 0 | Z31: ='Input - Swine'!J155 -> 0 | AA31: ='Input - Swine'!K155 -> 0 | AB31: ='Input - Swine'!L155 -> 0 | AC31: ='Input - Swine'!M155 -> 0 | AD31: ='Input - Swine'!N135 -> 0 | AE31: kg/head
D32: Season | E32: Bulls < 1 year | F32: Bulls > 1 year | G32: Cows < 1 year | H32: Cows 1-2 years | I32: Cows 2-3 years | J32: Cows > 3 years | K32: Steers < 1 year | L32: Steers 1-2 years | M32: Steers 2-3 years | N32: Steers >3 years
D33: ='Input - Swine'!D138 -> 0 | E33: {=MMS_PastureBeef_Soil_N2ODirect_Equations.VEERG_4_2_1_3__7_RelativeSize(E20,D$28)} -> #REF! | F33: {=MMS_PastureBeef_Soil_N2ODirect_Equations.VEERG_4_2_1_3__7_RelativeSize(F20,E$28)} -> #REF! | G33: {=MMS_PastureBeef_Soil_N2ODirect_Equations.VEERG_4_2_1_3__7_RelativeSize(G20,F$28)} -> #REF! | H33: {=MMS_PastureBeef_Soil_N2ODirect_Equations.VEERG_4_2_1_3__7_RelativeSize(H20,G$28)} -> #REF! | I33: {=MMS_PastureBeef_Soil_N2ODirect_Equations.VEERG_4_2_1_3__7_RelativeSize(I20,H$28)} -> #REF! | J33: {=MMS_PastureBeef_Soil_N2ODirect_Equations.VEERG_4_2_1_3__7_RelativeSize(J20,I$28)} -> #REF! | K33: {=MMS_PastureBeef_Soil_N2ODirect_Equations.VEERG_4_2_1_3__7_RelativeSize(K20,J$28)} -> #REF! | L33: {=MMS_PastureBeef_Soil_N2ODirect_Equations.VEERG_4_2_1_3__7_RelativeSize(L20,K$28)} -> #REF! | ... N33: {=MMS_PastureBeef_Soil_N2ODirect_Equations.VEERG_4_2_1_3__7_RelativeSize(N20,M$28)} -> #REF! | O33: =$E$11 -> ratio | T33: M2_Table_Z_j_k_l
D34: ='Input - Swine'!D139 -> 0 | E34: {=MMS_PastureBeef_Soil_N2ODirect_Equations.VEERG_4_2_1_3__7_RelativeSize(E21,D$28)} -> #REF! | F34: {=MMS_PastureBeef_Soil_N2ODirect_Equations.VEERG_4_2_1_3__7_RelativeSize(F21,E$28)} -> #REF! | G34: {=MMS_PastureBeef_Soil_N2ODirect_Equations.VEERG_4_2_1_3__7_RelativeSize(G21,F$28)} -> #REF! | H34: {=MMS_PastureBeef_Soil_N2ODirect_Equations.VEERG_4_2_1_3__7_RelativeSize(H21,G$28)} -> #REF! | I34: {=MMS_PastureBeef_Soil_N2ODirect_Equations.VEERG_4_2_1_3__7_RelativeSize(I21,H$28)} -> #REF! | J34: {=MMS_PastureBeef_Soil_N2ODirect_Equations.VEERG_4_2_1_3__7_RelativeSize(J21,I$28)} -> #REF! | K34: {=MMS_PastureBeef_Soil_N2ODirect_Equations.VEERG_4_2_1_3__7_RelativeSize(K21,J$28)} -> #REF! | L34: {=MMS_PastureBeef_Soil_N2ODirect_Equations.VEERG_4_2_1_3__7_RelativeSize(L21,K$28)} -> #REF! | ... N34: {=MMS_PastureBeef_Soil_N2ODirect_Equations.VEERG_4_2_1_3__7_RelativeSize(N21,M$28)} -> #REF! | O34: =$E$11 -> ratio | T34: Relative size (Method 2)
D35: ='Input - Swine'!D140 -> 0 | E35: {=MMS_PastureBeef_Soil_N2ODirect_Equations.VEERG_4_2_1_3__7_RelativeSize(E22,D$28)} -> #REF! | F35: {=MMS_PastureBeef_Soil_N2ODirect_Equations.VEERG_4_2_1_3__7_RelativeSize(F22,E$28)} -> #REF! | G35: {=MMS_PastureBeef_Soil_N2ODirect_Equations.VEERG_4_2_1_3__7_RelativeSize(G22,F$28)} -> #REF! | H35: {=MMS_PastureBeef_Soil_N2ODirect_Equations.VEERG_4_2_1_3__7_RelativeSize(H22,G$28)} -> #REF! | I35: {=MMS_PastureBeef_Soil_N2ODirect_Equations.VEERG_4_2_1_3__7_RelativeSize(I22,H$28)} -> #REF! | J35: {=MMS_PastureBeef_Soil_N2ODirect_Equations.VEERG_4_2_1_3__7_RelativeSize(J22,I$28)} -> #REF! | K35: {=MMS_PastureBeef_Soil_N2ODirect_Equations.VEERG_4_2_1_3__7_RelativeSize(K22,J$28)} -> #REF! | L35: {=MMS_PastureBeef_Soil_N2ODirect_Equations.VEERG_4_2_1_3__7_RelativeSize(L22,K$28)} -> #REF! | ... N35: {=MMS_PastureBeef_Soil_N2ODirect_Equations.VEERG_4_2_1_3__7_RelativeSize(N22,M$28)} -> #REF! | O35: =$E$11 -> ratio | T35: Month | U35: Bulls < 1 year | V35: Bulls > 1 year | W35: Cows < 1 year | X35: Cows 1-2 years | Y35: Cows 2-3 years | Z35: Cows > 3 years | AA35: Steers < 1 year | AB35: Steers 1-2 years | AC35: Steers 2-3 years | AD35: Steers >3 years
D36: ='Input - Swine'!D141 -> 0 | E36: {=MMS_PastureBeef_Soil_N2ODirect_Equations.VEERG_4_2_1_3__7_RelativeSize(E23,D$28)} -> #REF! | F36: {=MMS_PastureBeef_Soil_N2ODirect_Equations.VEERG_4_2_1_3__7_RelativeSize(F23,E$28)} -> #REF! | G36: {=MMS_PastureBeef_Soil_N2ODirect_Equations.VEERG_4_2_1_3__7_RelativeSize(G23,F$28)} -> #REF! | H36: {=MMS_PastureBeef_Soil_N2ODirect_Equations.VEERG_4_2_1_3__7_RelativeSize(H23,G$28)} -> #REF! | I36: {=MMS_PastureBeef_Soil_N2ODirect_Equations.VEERG_4_2_1_3__7_RelativeSize(I23,H$28)} -> #REF! | J36: {=MMS_PastureBeef_Soil_N2ODirect_Equations.VEERG_4_2_1_3__7_RelativeSize(J23,I$28)} -> #REF! | K36: {=MMS_PastureBeef_Soil_N2ODirect_Equations.VEERG_4_2_1_3__7_RelativeSize(K23,J$28)} -> #REF! | L36: {=MMS_PastureBeef_Soil_N2ODirect_Equations.VEERG_4_2_1_3__7_RelativeSize(L23,K$28)} -> #REF! | ... N36: {=MMS_PastureBeef_Soil_N2ODirect_Equations.VEERG_4_2_1_3__7_RelativeSize(N23,M$28)} -> #REF! | O36: =$E$11 -> ratio | T36: =TEXT('Input - Site'!$E$12, "mmmm yyyy") -> January 2024 | U36: {=MMS_PastureBeef_Soil_N2ODirect_Equations.VEERG_4_2_1_3__7_RelativeSize(U20,D$28)} -> #REF! | V36: {=MMS_PastureBeef_Soil_N2ODirect_Equations.VEERG_4_2_1_3__7_RelativeSize(V20,E$28)} -> #REF! | W36: {=MMS_PastureBeef_Soil_N2ODirect_Equations.VEERG_4_2_1_3__7_RelativeSize(W20,F$28)} -> #REF! | X36: {=MMS_PastureBeef_Soil_N2ODirect_Equations.VEERG_4_2_1_3__7_RelativeSize(X20,G$28)} -> #REF! | Y36: {=MMS_PastureBeef_Soil_N2ODirect_Equations.VEERG_4_2_1_3__7_RelativeSize(Y20,H$28)} -> #REF! | Z36: {=MMS_PastureBeef_Soil_N2ODirect_Equations.VEERG_4_2_1_3__7_RelativeSize(Z20,I$28)} -> #REF! | AA36: {=MMS_PastureBeef_Soil_N2ODirect_Equations.VEERG_4_2_1_3__7_RelativeSize(AA20,J$28)} -> #REF! | AB36: {=MMS_PastureBeef_Soil_N2ODirect_Equations.VEERG_4_2_1_3__7_RelativeSize(AB20,K$28)} -> #REF! | ... AD36: {=MMS_PastureBeef_Soil_N2ODirect_Equations.VEERG_4_2_1_3__7_RelativeSize(AD20,M$28)} -> #REF! | AE36: =$E$11 -> ratio
T37: =TEXT(EDATE('Input - Site'!$E$12,1), "mmmm yyyy") -> February 2024 | U37: {=MMS_PastureBeef_Soil_N2ODirect_Equations.VEERG_4_2_1_3__7_RelativeSize(U21,D$28)} -> #REF! | V37: {=MMS_PastureBeef_Soil_N2ODirect_Equations.VEERG_4_2_1_3__7_RelativeSize(V21,E$28)} -> #REF! | W37: {=MMS_PastureBeef_Soil_N2ODirect_Equations.VEERG_4_2_1_3__7_RelativeSize(W21,F$28)} -> #REF! | X37: {=MMS_PastureBeef_Soil_N2ODirect_Equations.VEERG_4_2_1_3__7_RelativeSize(X21,G$28)} -> #REF! | Y37: {=MMS_PastureBeef_Soil_N2ODirect_Equations.VEERG_4_2_1_3__7_RelativeSize(Y21,H$28)} -> #REF! | Z37: {=MMS_PastureBeef_Soil_N2ODirect_Equations.VEERG_4_2_1_3__7_RelativeSize(Z21,I$28)} -> #REF! | AA37: {=MMS_PastureBeef_Soil_N2ODirect_Equations.VEERG_4_2_1_3__7_RelativeSize(AA21,J$28)} -> #REF! | AB37: {=MMS_PastureBeef_Soil_N2ODirect_Equations.VEERG_4_2_1_3__7_RelativeSize(AB21,K$28)} -> #REF! | ... AD37: {=MMS_PastureBeef_Soil_N2ODirect_Equations.VEERG_4_2_1_3__7_RelativeSize(AD21,M$28)} -> #REF! | AE37: =$E$11 -> ratio
T38: =TEXT(EDATE('Input - Site'!$E$12,2), "mmmm yyyy") -> March 2024 | U38: {=MMS_PastureBeef_Soil_N2ODirect_Equations.VEERG_4_2_1_3__7_RelativeSize(U22,D$28)} -> #REF! | V38: {=MMS_PastureBeef_Soil_N2ODirect_Equations.VEERG_4_2_1_3__7_RelativeSize(V22,E$28)} -> #REF! | W38: {=MMS_PastureBeef_Soil_N2ODirect_Equations.VEERG_4_2_1_3__7_RelativeSize(W22,F$28)} -> #REF! | X38: {=MMS_PastureBeef_Soil_N2ODirect_Equations.VEERG_4_2_1_3__7_RelativeSize(X22,G$28)} -> #REF! | Y38: {=MMS_PastureBeef_Soil_N2ODirect_Equations.VEERG_4_2_1_3__7_RelativeSize(Y22,H$28)} -> #REF! | Z38: {=MMS_PastureBeef_Soil_N2ODirect_Equations.VEERG_4_2_1_3__7_RelativeSize(Z22,I$28)} -> #REF! | AA38: {=MMS_PastureBeef_Soil_N2ODirect_Equations.VEERG_4_2_1_3__7_RelativeSize(AA22,J$28)} -> #REF! | AB38: {=MMS_PastureBeef_Soil_N2ODirect_Equations.VEERG_4_2_1_3__7_RelativeSize(AB22,K$28)} -> #REF! | ... AD38: {=MMS_PastureBeef_Soil_N2ODirect_Equations.VEERG_4_2_1_3__7_RelativeSize(AD22,M$28)} -> #REF! | AE38: =$E$11 -> ratio
T39: =TEXT(EDATE('Input - Site'!$E$12,3), "mmmm yyyy") -> April 2024 | U39: {=MMS_PastureBeef_Soil_N2ODirect_Equations.VEERG_4_2_1_3__7_RelativeSize(U23,D$28)} -> #REF! | V39: {=MMS_PastureBeef_Soil_N2ODirect_Equations.VEERG_4_2_1_3__7_RelativeSize(V23,E$28)} -> #REF! | W39: {=MMS_PastureBeef_Soil_N2ODirect_Equations.VEERG_4_2_1_3__7_RelativeSize(W23,F$28)} -> #REF! | X39: {=MMS_PastureBeef_Soil_N2ODirect_Equations.VEERG_4_2_1_3__7_RelativeSize(X23,G$28)} -> #REF! | Y39: {=MMS_PastureBeef_Soil_N2ODirect_Equations.VEERG_4_2_1_3__7_RelativeSize(Y23,H$28)} -> #REF! | Z39: {=MMS_PastureBeef_Soil_N2ODirect_Equations.VEERG_4_2_1_3__7_RelativeSize(Z23,I$28)} -> #REF! | AA39: {=MMS_PastureBeef_Soil_N2ODirect_Equations.VEERG_4_2_1_3__7_RelativeSize(AA23,J$28)} -> #REF! | AB39: {=MMS_PastureBeef_Soil_N2ODirect_Equations.VEERG_4_2_1_3__7_RelativeSize(AB23,K$28)} -> #REF! | ... AD39: {=MMS_PastureBeef_Soil_N2ODirect_Equations.VEERG_4_2_1_3__7_RelativeSize(AD23,M$28)} -> #REF! | AE39: =$E$11 -> ratio
D40: {=MMS_PastureBeef_Soil_N2ODirect_Equations.VEERG_4_2_1_3__6_IntakeRelativeToMaintenance_Title()} -> Intake relative to that needed for maintenance | T40: =TEXT(EDATE('Input - Site'!$E$12,4), "mmmm yyyy") -> May 2024 | U40: {=MMS_PastureBeef_Soil_N2ODirect_Equations.VEERG_4_2_1_3__7_RelativeSize(U24,D$28)} -> #REF! | V40: {=MMS_PastureBeef_Soil_N2ODirect_Equations.VEERG_4_2_1_3__7_RelativeSize(V24,E$28)} -> #REF! | W40: {=MMS_PastureBeef_Soil_N2ODirect_Equations.VEERG_4_2_1_3__7_RelativeSize(W24,F$28)} -> #REF! | X40: {=MMS_PastureBeef_Soil_N2ODirect_Equations.VEERG_4_2_1_3__7_RelativeSize(X24,G$28)} -> #REF! | Y40: {=MMS_PastureBeef_Soil_N2ODirect_Equations.VEERG_4_2_1_3__7_RelativeSize(Y24,H$28)} -> #REF! | Z40: {=MMS_PastureBeef_Soil_N2ODirect_Equations.VEERG_4_2_1_3__7_RelativeSize(Z24,I$28)} -> #REF! | AA40: {=MMS_PastureBeef_Soil_N2ODirect_Equations.VEERG_4_2_1_3__7_RelativeSize(AA24,J$28)} -> #REF! | AB40: {=MMS_PastureBeef_Soil_N2ODirect_Equations.VEERG_4_2_1_3__7_RelativeSize(AB24,K$28)} -> #REF! | ... AD40: {=MMS_PastureBeef_Soil_N2ODirect_Equations.VEERG_4_2_1_3__7_RelativeSize(AD24,M$28)} -> #REF! | AE40: =$E$11 -> ratio
D41: {=MMS_PastureBeef_Soil_N2ODirect_Equations.VEERG_4_2_1_3__6_IntakeRelativeToMaintenance_Source()} -> VEERG 2026: 4.2.1.3, Equation (6) | T41: =TEXT(EDATE('Input - Site'!$E$12,5), "mmmm yyyy") -> June 2024 | U41: {=MMS_PastureBeef_Soil_N2ODirect_Equations.VEERG_4_2_1_3__7_RelativeSize(U25,D$28)} -> #REF! | V41: {=MMS_PastureBeef_Soil_N2ODirect_Equations.VEERG_4_2_1_3__7_RelativeSize(V25,E$28)} -> #REF! | W41: {=MMS_PastureBeef_Soil_N2ODirect_Equations.VEERG_4_2_1_3__7_RelativeSize(W25,F$28)} -> #REF! | X41: {=MMS_PastureBeef_Soil_N2ODirect_Equations.VEERG_4_2_1_3__7_RelativeSize(X25,G$28)} -> #REF! | Y41: {=MMS_PastureBeef_Soil_N2ODirect_Equations.VEERG_4_2_1_3__7_RelativeSize(Y25,H$28)} -> #REF! | Z41: {=MMS_PastureBeef_Soil_N2ODirect_Equations.VEERG_4_2_1_3__7_RelativeSize(Z25,I$28)} -> #REF! | AA41: {=MMS_PastureBeef_Soil_N2ODirect_Equations.VEERG_4_2_1_3__7_RelativeSize(AA25,J$28)} -> #REF! | AB41: {=MMS_PastureBeef_Soil_N2ODirect_Equations.VEERG_4_2_1_3__7_RelativeSize(AB25,K$28)} -> #REF! | ... AD41: {=MMS_PastureBeef_Soil_N2ODirect_Equations.VEERG_4_2_1_3__7_RelativeSize(AD25,M$28)} -> #REF! | AE41: =$E$11 -> ratio
D42: Function name | E42: {=Common_InputFunctions.Utility_DisplayFunctionName(E62)} -> =MMS_PastureBeef_Soil_N2ODirect_Equations.VEERG_4_2_1_3__6_IntakeRelativeToMaintenance | T42: =TEXT(EDATE('Input - Site'!$E$12,6), "mmmm yyyy") -> July 2024 | U42: {=MMS_PastureBeef_Soil_N2ODirect_Equations.VEERG_4_2_1_3__7_RelativeSize(U26,D$28)} -> #REF! | V42: {=MMS_PastureBeef_Soil_N2ODirect_Equations.VEERG_4_2_1_3__7_RelativeSize(V26,E$28)} -> #REF! | W42: {=MMS_PastureBeef_Soil_N2ODirect_Equations.VEERG_4_2_1_3__7_RelativeSize(W26,F$28)} -> #REF! | X42: {=MMS_PastureBeef_Soil_N2ODirect_Equations.VEERG_4_2_1_3__7_RelativeSize(X26,G$28)} -> #REF! | Y42: {=MMS_PastureBeef_Soil_N2ODirect_Equations.VEERG_4_2_1_3__7_RelativeSize(Y26,H$28)} -> #REF! | Z42: {=MMS_PastureBeef_Soil_N2ODirect_Equations.VEERG_4_2_1_3__7_RelativeSize(Z26,I$28)} -> #REF! | AA42: {=MMS_PastureBeef_Soil_N2ODirect_Equations.VEERG_4_2_1_3__7_RelativeSize(AA26,J$28)} -> #REF! | AB42: {=MMS_PastureBeef_Soil_N2ODirect_Equations.VEERG_4_2_1_3__7_RelativeSize(AB26,K$28)} -> #REF! | ... AD42: {=MMS_PastureBeef_Soil_N2ODirect_Equations.VEERG_4_2_1_3__7_RelativeSize(AD26,M$28)} -> #REF! | AE42: =$E$11 -> ratio
T43: =TEXT(EDATE('Input - Site'!$E$12,7), "mmmm yyyy") -> August 2024 | U43: {=MMS_PastureBeef_Soil_N2ODirect_Equations.VEERG_4_2_1_3__7_RelativeSize(U27,D$28)} -> #REF! | V43: {=MMS_PastureBeef_Soil_N2ODirect_Equations.VEERG_4_2_1_3__7_RelativeSize(V27,E$28)} -> #REF! | W43: {=MMS_PastureBeef_Soil_N2ODirect_Equations.VEERG_4_2_1_3__7_RelativeSize(W27,F$28)} -> #REF! | X43: {=MMS_PastureBeef_Soil_N2ODirect_Equations.VEERG_4_2_1_3__7_RelativeSize(X27,G$28)} -> #REF! | Y43: {=MMS_PastureBeef_Soil_N2ODirect_Equations.VEERG_4_2_1_3__7_RelativeSize(Y27,H$28)} -> #REF! | Z43: {=MMS_PastureBeef_Soil_N2ODirect_Equations.VEERG_4_2_1_3__7_RelativeSize(Z27,I$28)} -> #REF! | AA43: {=MMS_PastureBeef_Soil_N2ODirect_Equations.VEERG_4_2_1_3__7_RelativeSize(AA27,J$28)} -> #REF! | AB43: {=MMS_PastureBeef_Soil_N2ODirect_Equations.VEERG_4_2_1_3__7_RelativeSize(AB27,K$28)} -> #REF! | ... AD43: {=MMS_PastureBeef_Soil_N2ODirect_Equations.VEERG_4_2_1_3__7_RelativeSize(AD27,M$28)} -> #REF! | AE43: =$E$11 -> ratio
T44: =TEXT(EDATE('Input - Site'!$E$12,8), "mmmm yyyy") -> September 2024 | U44: {=MMS_PastureBeef_Soil_N2ODirect_Equations.VEERG_4_2_1_3__7_RelativeSize(U28,D$28)} -> #REF! | V44: {=MMS_PastureBeef_Soil_N2ODirect_Equations.VEERG_4_2_1_3__7_RelativeSize(V28,E$28)} -> #REF! | W44: {=MMS_PastureBeef_Soil_N2ODirect_Equations.VEERG_4_2_1_3__7_RelativeSize(W28,F$28)} -> #REF! | X44: {=MMS_PastureBeef_Soil_N2ODirect_Equations.VEERG_4_2_1_3__7_RelativeSize(X28,G$28)} -> #REF! | Y44: {=MMS_PastureBeef_Soil_N2ODirect_Equations.VEERG_4_2_1_3__7_RelativeSize(Y28,H$28)} -> #REF! | Z44: {=MMS_PastureBeef_Soil_N2ODirect_Equations.VEERG_4_2_1_3__7_RelativeSize(Z28,I$28)} -> #REF! | AA44: {=MMS_PastureBeef_Soil_N2ODirect_Equations.VEERG_4_2_1_3__7_RelativeSize(AA28,J$28)} -> #REF! | AB44: {=MMS_PastureBeef_Soil_N2ODirect_Equations.VEERG_4_2_1_3__7_RelativeSize(AB28,K$28)} -> #REF! | ... AD44: {=MMS_PastureBeef_Soil_N2ODirect_Equations.VEERG_4_2_1_3__7_RelativeSize(AD28,M$28)} -> #REF! | AE44: =$E$11 -> ratio
D45: Variable | E45: {=MMS_PastureBeef_Soil_N2ODirect_Equations.VEERG_4_2_1_3__6_IntakeRelativeToMaintenance_Variable()} -> L_jkl | T45: =TEXT(EDATE('Input - Site'!$E$12,9), "mmmm yyyy") -> October 2024 | U45: {=MMS_PastureBeef_Soil_N2ODirect_Equations.VEERG_4_2_1_3__7_RelativeSize(U29,D$28)} -> #REF! | V45: {=MMS_PastureBeef_Soil_N2ODirect_Equations.VEERG_4_2_1_3__7_RelativeSize(V29,E$28)} -> #REF! | W45: {=MMS_PastureBeef_Soil_N2ODirect_Equations.VEERG_4_2_1_3__7_RelativeSize(W29,F$28)} -> #REF! | X45: {=MMS_PastureBeef_Soil_N2ODirect_Equations.VEERG_4_2_1_3__7_RelativeSize(X29,G$28)} -> #REF! | Y45: {=MMS_PastureBeef_Soil_N2ODirect_Equations.VEERG_4_2_1_3__7_RelativeSize(Y29,H$28)} -> #REF! | Z45: {=MMS_PastureBeef_Soil_N2ODirect_Equations.VEERG_4_2_1_3__7_RelativeSize(Z29,I$28)} -> #REF! | AA45: {=MMS_PastureBeef_Soil_N2ODirect_Equations.VEERG_4_2_1_3__7_RelativeSize(AA29,J$28)} -> #REF! | AB45: {=MMS_PastureBeef_Soil_N2ODirect_Equations.VEERG_4_2_1_3__7_RelativeSize(AB29,K$28)} -> #REF! | ... AD45: {=MMS_PastureBeef_Soil_N2ODirect_Equations.VEERG_4_2_1_3__7_RelativeSize(AD29,M$28)} -> #REF! | AE45: =$E$11 -> ratio
D46: Unit | E46: {=MMS_PastureBeef_Soil_N2ODirect_Equations.VEERG_4_2_1_3__6_IntakeRelativeToMaintenance_Unit()} -> ratio | T46: =TEXT(EDATE('Input - Site'!$E$12,10), "mmmm yyyy") -> November 2024 | U46: {=MMS_PastureBeef_Soil_N2ODirect_Equations.VEERG_4_2_1_3__7_RelativeSize(U30,D$28)} -> #REF! | V46: {=MMS_PastureBeef_Soil_N2ODirect_Equations.VEERG_4_2_1_3__7_RelativeSize(V30,E$28)} -> #REF! | W46: {=MMS_PastureBeef_Soil_N2ODirect_Equations.VEERG_4_2_1_3__7_RelativeSize(W30,F$28)} -> #REF! | X46: {=MMS_PastureBeef_Soil_N2ODirect_Equations.VEERG_4_2_1_3__7_RelativeSize(X30,G$28)} -> #REF! | Y46: {=MMS_PastureBeef_Soil_N2ODirect_Equations.VEERG_4_2_1_3__7_RelativeSize(Y30,H$28)} -> #REF! | Z46: {=MMS_PastureBeef_Soil_N2ODirect_Equations.VEERG_4_2_1_3__7_RelativeSize(Z30,I$28)} -> #REF! | AA46: {=MMS_PastureBeef_Soil_N2ODirect_Equations.VEERG_4_2_1_3__7_RelativeSize(AA30,J$28)} -> #REF! | AB46: {=MMS_PastureBeef_Soil_N2ODirect_Equations.VEERG_4_2_1_3__7_RelativeSize(AB30,K$28)} -> #REF! | ... AD46: {=MMS_PastureBeef_Soil_N2ODirect_Equations.VEERG_4_2_1_3__7_RelativeSize(AD30,M$28)} -> #REF! | AE46: =$E$11 -> ratio
T47: =TEXT(EDATE('Input - Site'!$E$12,11), "mmmm yyyy") -> December 2024 | U47: {=MMS_PastureBeef_Soil_N2ODirect_Equations.VEERG_4_2_1_3__7_RelativeSize(U31,D$28)} -> #REF! | V47: {=MMS_PastureBeef_Soil_N2ODirect_Equations.VEERG_4_2_1_3__7_RelativeSize(V31,E$28)} -> #REF! | W47: {=MMS_PastureBeef_Soil_N2ODirect_Equations.VEERG_4_2_1_3__7_RelativeSize(W31,F$28)} -> #REF! | X47: {=MMS_PastureBeef_Soil_N2ODirect_Equations.VEERG_4_2_1_3__7_RelativeSize(X31,G$28)} -> #REF! | Y47: {=MMS_PastureBeef_Soil_N2ODirect_Equations.VEERG_4_2_1_3__7_RelativeSize(Y31,H$28)} -> #REF! | Z47: {=MMS_PastureBeef_Soil_N2ODirect_Equations.VEERG_4_2_1_3__7_RelativeSize(Z31,I$28)} -> #REF! | AA47: {=MMS_PastureBeef_Soil_N2ODirect_Equations.VEERG_4_2_1_3__7_RelativeSize(AA31,J$28)} -> #REF! | AB47: {=MMS_PastureBeef_Soil_N2ODirect_Equations.VEERG_4_2_1_3__7_RelativeSize(AB31,K$28)} -> #REF! | ... AD47: {=MMS_PastureBeef_Soil_N2ODirect_Equations.VEERG_4_2_1_3__7_RelativeSize(AD31,M$28)} -> #REF! | AE47: =$E$11 -> ratio
D48: {=MMS_PastureBeef_Soil_N2ODirect_Equations.VEERG_4_2_1_3__6_IntakeRelativeToMaintenance_Arguments()} -> I_jkl | E48: dry matter intake as calculated in Chapter 3 Section 3.2.1 (kg DM/head/day) | G48: ="See " & D51 -> See M1_Table_I_j_k_l
D49: W_jkl | E49: liveweight (kg/head) | G49: ="See " & D17 -> See M1_Table_W_j_k_l
D51: M1_Table_I_j_k_l | T51: {=MMS_PastureBeef_Soil_N2ODirect_Equations.VEERG_4_2_1_3__6_IntakeRelativeToMaintenance_Title()} -> Intake relative to that needed for maintenance
D52: Feed intake (Method 1)
D53: Season | E53: Bulls < 1 year | F53: Bulls > 1 year | G53: Cows < 1 year | H53: Cows 1-2 years | I53: Cows 2-3 years | J53: Cows > 3 years | K53: Steers < 1 year | L53: Steers 1-2 years | M53: Steers 2-3 years | N53: Steers >3 years | T53: M2_Table_I_j_k_l
D54: Spring | E54: ='4.5.1.1-2 Methane'!E87 -> fraction of volatile solids in each primary system : fraction | F54: ='4.5.1.1-2 Methane'!F87 -> 0 | G54: ='4.5.1.1-2 Methane'!G87 -> See M1_Table_FVS_j_m-1-7-9_T-1 and M1_Table_FVS_j_m-4_T-1 | H54: ='4.5.1.1-2 Methane'!H87 -> 0 | I54: ='4.5.1.1-2 Methane'!I87 -> 0 | J54: ='4.5.1.1-2 Methane'!J87 -> 0 | K54: ='4.5.1.1-2 Methane'!K87 -> 0 | L54: ='4.5.1.1-2 Methane'!L87 -> 0 | ... O54: ='4.5.1.1-2 Methane'!O87 -> 0 | T54: Feed intake (Method 2)
D55: Summer | E55: ='4.5.1.1-2 Methane'!E88 -> fraction of volatile solids lost during storage in the primary system : fraction | F55: ='4.5.1.1-2 Methane'!F88 -> 0 | G55: ='4.5.1.1-2 Methane'!G88 -> See Table_VSL_m_T-1 | H55: ='4.5.1.1-2 Methane'!H88 -> 0 | I55: ='4.5.1.1-2 Methane'!I88 -> 0 | J55: ='4.5.1.1-2 Methane'!J88 -> 0 | K55: ='4.5.1.1-2 Methane'!K88 -> 0 | L55: ='4.5.1.1-2 Methane'!L88 -> 0 | ... O55: ='4.5.1.1-2 Methane'!O88 -> 0 | T55: Month | U55: Bulls < 1 year | V55: Bulls > 1 year | W55: Cows < 1 year | X55: Cows 1-2 years | Y55: Cows 2-3 years | Z55: Cows > 3 years | AA55: Steers < 1 year | AB55: Steers 1-2 years | AC55: Steers 2-3 years | AD55: Steers >3 years
D56: Autumn | E56: ='4.5.1.1-2 Methane'!E89 -> 0 | F56: ='4.5.1.1-2 Methane'!F89 -> 0 | G56: ='4.5.1.1-2 Methane'!G89 -> 0 | H56: ='4.5.1.1-2 Methane'!H89 -> 0 | I56: ='4.5.1.1-2 Methane'!I89 -> 0 | J56: ='4.5.1.1-2 Methane'!J89 -> 0 | K56: ='4.5.1.1-2 Methane'!K89 -> 0 | L56: ='4.5.1.1-2 Methane'!L89 -> 0 | ... O56: ='4.5.1.1-2 Methane'!O89 -> 0 | T56: =TEXT('Input - Site'!$E$12, "mmmm yyyy") -> January 2024 | U56: ='4.5.1.1-2 Methane'!U84 -> 0 | V56: ='4.5.1.1-2 Methane'!V84 -> 0 | W56: ='4.5.1.1-2 Methane'!W84 -> 0 | X56: ='4.5.1.1-2 Methane'!X84 -> 0 | Y56: ='4.5.1.1-2 Methane'!Y84 -> 0 | Z56: ='4.5.1.1-2 Methane'!Z84 -> 0 | AA56: ='4.5.1.1-2 Methane'!AA84 -> 0 | AB56: ='4.5.1.1-2 Methane'!AB84 -> 0 | ... AE56: ='4.5.1.1-2 Methane'!AE84 -> 0
D57: Winter | E57: ='4.5.1.1-2 Methane'!E90 -> 0 | F57: ='4.5.1.1-2 Methane'!F90 -> 0 | G57: ='4.5.1.1-2 Methane'!G90 -> 0 | H57: ='4.5.1.1-2 Methane'!H90 -> 0 | I57: ='4.5.1.1-2 Methane'!I90 -> 0 | J57: ='4.5.1.1-2 Methane'!J90 -> 0 | K57: ='4.5.1.1-2 Methane'!K90 -> 0 | L57: ='4.5.1.1-2 Methane'!L90 -> 0 | ... O57: ='4.5.1.1-2 Methane'!O90 -> 0 | T57: =TEXT(EDATE('Input - Site'!$E$12,1), "mmmm yyyy") -> February 2024 | U57: ='4.5.1.1-2 Methane'!U85 -> 0 | V57: ='4.5.1.1-2 Methane'!V85 -> 0 | W57: ='4.5.1.1-2 Methane'!W85 -> 0 | X57: ='4.5.1.1-2 Methane'!X85 -> 0 | Y57: ='4.5.1.1-2 Methane'!Y85 -> 0 | Z57: ='4.5.1.1-2 Methane'!Z85 -> 0 | AA57: ='4.5.1.1-2 Methane'!AA85 -> 0 | AB57: ='4.5.1.1-2 Methane'!AB85 -> 0 | ... AE57: ='4.5.1.1-2 Methane'!AE85 -> 0
T58: =TEXT(EDATE('Input - Site'!$E$12,2), "mmmm yyyy") -> March 2024 | U58: ='4.5.1.1-2 Methane'!U86 -> 0 | V58: ='4.5.1.1-2 Methane'!V86 -> 0 | W58: ='4.5.1.1-2 Methane'!W86 -> 0 | X58: ='4.5.1.1-2 Methane'!X86 -> 0 | Y58: ='4.5.1.1-2 Methane'!Y86 -> 0 | Z58: ='4.5.1.1-2 Methane'!Z86 -> 0 | AA58: ='4.5.1.1-2 Methane'!AA86 -> 0 | AB58: ='4.5.1.1-2 Methane'!AB86 -> 0 | ... AE58: ='4.5.1.1-2 Methane'!AE86 -> 0
D59: M1_Table_L_j_k_l | T59: =TEXT(EDATE('Input - Site'!$E$12,3), "mmmm yyyy") -> April 2024 | U59: ='4.5.1.1-2 Methane'!U87 -> 0 | V59: ='4.5.1.1-2 Methane'!V87 -> 0 | W59: ='4.5.1.1-2 Methane'!W87 -> 0 | X59: ='4.5.1.1-2 Methane'!X87 -> 0 | Y59: ='4.5.1.1-2 Methane'!Y87 -> 0 | Z59: ='4.5.1.1-2 Methane'!Z87 -> 0 | AA59: ='4.5.1.1-2 Methane'!AA87 -> 0 | AB59: ='4.5.1.1-2 Methane'!AB87 -> 0 | ... AE59: ='4.5.1.1-2 Methane'!AE87 -> 0
D60: Intake relative to maintenance (Method 1) | T60: =TEXT(EDATE('Input - Site'!$E$12,4), "mmmm yyyy") -> May 2024 | U60: ='4.5.1.1-2 Methane'!U88 -> 0 | V60: ='4.5.1.1-2 Methane'!V88 -> 0 | W60: ='4.5.1.1-2 Methane'!W88 -> 0 | X60: ='4.5.1.1-2 Methane'!X88 -> 0 | Y60: ='4.5.1.1-2 Methane'!Y88 -> 0 | Z60: ='4.5.1.1-2 Methane'!Z88 -> 0 | AA60: ='4.5.1.1-2 Methane'!AA88 -> 0 | AB60: ='4.5.1.1-2 Methane'!AB88 -> 0 | ... AE60: ='4.5.1.1-2 Methane'!AE88 -> 0
D61: Season | E61: Bulls < 1 year | F61: Bulls > 1 year | G61: Cows < 1 year | H61: Cows 1-2 years | I61: Cows 2-3 years | J61: Cows > 3 years | K61: Steers < 1 year | L61: Steers 1-2 years | M61: Steers 2-3 years | N61: Steers >3 years | T61: =TEXT(EDATE('Input - Site'!$E$12,5), "mmmm yyyy") -> June 2024 | U61: ='4.5.1.1-2 Methane'!U89 -> 0 | V61: ='4.5.1.1-2 Methane'!V89 -> 0 | W61: ='4.5.1.1-2 Methane'!W89 -> 0 | X61: ='4.5.1.1-2 Methane'!X89 -> 0 | Y61: ='4.5.1.1-2 Methane'!Y89 -> 0 | Z61: ='4.5.1.1-2 Methane'!Z89 -> 0 | AA61: ='4.5.1.1-2 Methane'!AA89 -> 0 | AB61: ='4.5.1.1-2 Methane'!AB89 -> 0 | ... AE61: ='4.5.1.1-2 Methane'!AE89 -> 0
D62: Spring | E62: {=MMS_PastureBeef_Soil_N2ODirect_Equations.VEERG_4_2_1_3__6_IntakeRelativeToMaintenance(E54,E20)} -> #VALUE! | F62: {=MMS_PastureBeef_Soil_N2ODirect_Equations.VEERG_4_2_1_3__6_IntakeRelativeToMaintenance(F54,F20)} -> 0 | G62: {=MMS_PastureBeef_Soil_N2ODirect_Equations.VEERG_4_2_1_3__6_IntakeRelativeToMaintenance(G54,G20)} -> #VALUE! | H62: {=MMS_PastureBeef_Soil_N2ODirect_Equations.VEERG_4_2_1_3__6_IntakeRelativeToMaintenance(H54,H20)} -> 0 | I62: {=MMS_PastureBeef_Soil_N2ODirect_Equations.VEERG_4_2_1_3__6_IntakeRelativeToMaintenance(I54,I20)} -> 0 | J62: {=MMS_PastureBeef_Soil_N2ODirect_Equations.VEERG_4_2_1_3__6_IntakeRelativeToMaintenance(J54,J20)} -> 0 | K62: {=MMS_PastureBeef_Soil_N2ODirect_Equations.VEERG_4_2_1_3__6_IntakeRelativeToMaintenance(K54,K20)} -> 0 | L62: {=MMS_PastureBeef_Soil_N2ODirect_Equations.VEERG_4_2_1_3__6_IntakeRelativeToMaintenance(L54,L20)} -> 0 | ... N62: {=MMS_PastureBeef_Soil_N2ODirect_Equations.VEERG_4_2_1_3__6_IntakeRelativeToMaintenance(N54,N20)} -> 0 | O62: =$E$46 -> ratio | T62: =TEXT(EDATE('Input - Site'!$E$12,6), "mmmm yyyy") -> July 2024 | U62: ='4.5.1.1-2 Methane'!U90 -> 0 | V62: ='4.5.1.1-2 Methane'!V90 -> 0 | W62: ='4.5.1.1-2 Methane'!W90 -> 0 | X62: ='4.5.1.1-2 Methane'!X90 -> 0 | Y62: ='4.5.1.1-2 Methane'!Y90 -> 0 | Z62: ='4.5.1.1-2 Methane'!Z90 -> 0 | AA62: ='4.5.1.1-2 Methane'!AA90 -> 0 | AB62: ='4.5.1.1-2 Methane'!AB90 -> 0 | ... AE62: ='4.5.1.1-2 Methane'!AE90 -> 0
D63: Summer | E63: {=MMS_PastureBeef_Soil_N2ODirect_Equations.VEERG_4_2_1_3__6_IntakeRelativeToMaintenance(E55,E21)} -> #VALUE! | F63: {=MMS_PastureBeef_Soil_N2ODirect_Equations.VEERG_4_2_1_3__6_IntakeRelativeToMaintenance(F55,F21)} -> 0 | G63: {=MMS_PastureBeef_Soil_N2ODirect_Equations.VEERG_4_2_1_3__6_IntakeRelativeToMaintenance(G55,G21)} -> #VALUE! | H63: {=MMS_PastureBeef_Soil_N2ODirect_Equations.VEERG_4_2_1_3__6_IntakeRelativeToMaintenance(H55,H21)} -> 0 | I63: {=MMS_PastureBeef_Soil_N2ODirect_Equations.VEERG_4_2_1_3__6_IntakeRelativeToMaintenance(I55,I21)} -> 0 | J63: {=MMS_PastureBeef_Soil_N2ODirect_Equations.VEERG_4_2_1_3__6_IntakeRelativeToMaintenance(J55,J21)} -> 0 | K63: {=MMS_PastureBeef_Soil_N2ODirect_Equations.VEERG_4_2_1_3__6_IntakeRelativeToMaintenance(K55,K21)} -> 0 | L63: {=MMS_PastureBeef_Soil_N2ODirect_Equations.VEERG_4_2_1_3__6_IntakeRelativeToMaintenance(L55,L21)} -> 0 | ... N63: {=MMS_PastureBeef_Soil_N2ODirect_Equations.VEERG_4_2_1_3__6_IntakeRelativeToMaintenance(N55,N21)} -> 0 | O63: =$E$46 -> ratio | T63: =TEXT(EDATE('Input - Site'!$E$12,7), "mmmm yyyy") -> August 2024 | U63: ='4.5.1.1-2 Methane'!U91 -> 0 | V63: ='4.5.1.1-2 Methane'!V91 -> 0 | W63: ='4.5.1.1-2 Methane'!W91 -> 0 | X63: ='4.5.1.1-2 Methane'!X91 -> 0 | Y63: ='4.5.1.1-2 Methane'!Y91 -> 0 | Z63: ='4.5.1.1-2 Methane'!Z91 -> 0 | AA63: ='4.5.1.1-2 Methane'!AA91 -> 0 | AB63: ='4.5.1.1-2 Methane'!AB91 -> 0 | ... AE63: ='4.5.1.1-2 Methane'!AE91 -> 0
D64: Autumn | E64: {=MMS_PastureBeef_Soil_N2ODirect_Equations.VEERG_4_2_1_3__6_IntakeRelativeToMaintenance(E56,E22)} -> 0 | F64: {=MMS_PastureBeef_Soil_N2ODirect_Equations.VEERG_4_2_1_3__6_IntakeRelativeToMaintenance(F56,F22)} -> 0 | G64: {=MMS_PastureBeef_Soil_N2ODirect_Equations.VEERG_4_2_1_3__6_IntakeRelativeToMaintenance(G56,G22)} -> 0 | H64: {=MMS_PastureBeef_Soil_N2ODirect_Equations.VEERG_4_2_1_3__6_IntakeRelativeToMaintenance(H56,H22)} -> 0 | I64: {=MMS_PastureBeef_Soil_N2ODirect_Equations.VEERG_4_2_1_3__6_IntakeRelativeToMaintenance(I56,I22)} -> 0 | J64: {=MMS_PastureBeef_Soil_N2ODirect_Equations.VEERG_4_2_1_3__6_IntakeRelativeToMaintenance(J56,J22)} -> 0 | K64: {=MMS_PastureBeef_Soil_N2ODirect_Equations.VEERG_4_2_1_3__6_IntakeRelativeToMaintenance(K56,K22)} -> 0 | L64: {=MMS_PastureBeef_Soil_N2ODirect_Equations.VEERG_4_2_1_3__6_IntakeRelativeToMaintenance(L56,L22)} -> 0 | ... N64: {=MMS_PastureBeef_Soil_N2ODirect_Equations.VEERG_4_2_1_3__6_IntakeRelativeToMaintenance(N56,N22)} -> 0 | O64: =$E$46 -> ratio | T64: =TEXT(EDATE('Input - Site'!$E$12,8), "mmmm yyyy") -> September 2024 | U64: ='4.5.1.1-2 Methane'!U92 -> 0 | V64: ='4.5.1.1-2 Methane'!V92 -> 0 | W64: ='4.5.1.1-2 Methane'!W92 -> 0 | X64: ='4.5.1.1-2 Methane'!X92 -> 0 | Y64: ='4.5.1.1-2 Methane'!Y92 -> 0 | Z64: ='4.5.1.1-2 Methane'!Z92 -> 0 | AA64: ='4.5.1.1-2 Methane'!AA92 -> 0 | AB64: ='4.5.1.1-2 Methane'!AB92 -> 0 | ... AE64: ='4.5.1.1-2 Methane'!AE92 -> 0
D65: Winter | E65: {=MMS_PastureBeef_Soil_N2ODirect_Equations.VEERG_4_2_1_3__6_IntakeRelativeToMaintenance(E57,E23)} -> 0 | F65: {=MMS_PastureBeef_Soil_N2ODirect_Equations.VEERG_4_2_1_3__6_IntakeRelativeToMaintenance(F57,F23)} -> 0 | G65: {=MMS_PastureBeef_Soil_N2ODirect_Equations.VEERG_4_2_1_3__6_IntakeRelativeToMaintenance(G57,G23)} -> 0 | H65: {=MMS_PastureBeef_Soil_N2ODirect_Equations.VEERG_4_2_1_3__6_IntakeRelativeToMaintenance(H57,H23)} -> 0 | I65: {=MMS_PastureBeef_Soil_N2ODirect_Equations.VEERG_4_2_1_3__6_IntakeRelativeToMaintenance(I57,I23)} -> 0 | J65: {=MMS_PastureBeef_Soil_N2ODirect_Equations.VEERG_4_2_1_3__6_IntakeRelativeToMaintenance(J57,J23)} -> 0 | K65: {=MMS_PastureBeef_Soil_N2ODirect_Equations.VEERG_4_2_1_3__6_IntakeRelativeToMaintenance(K57,K23)} -> 0 | L65: {=MMS_PastureBeef_Soil_N2ODirect_Equations.VEERG_4_2_1_3__6_IntakeRelativeToMaintenance(L57,L23)} -> 0 | ... N65: {=MMS_PastureBeef_Soil_N2ODirect_Equations.VEERG_4_2_1_3__6_IntakeRelativeToMaintenance(N57,N23)} -> 0 | O65: =$E$46 -> ratio | T65: =TEXT(EDATE('Input - Site'!$E$12,9), "mmmm yyyy") -> October 2024 | U65: ='4.5.1.1-2 Methane'!U93 -> 0 | V65: ='4.5.1.1-2 Methane'!V93 -> 0 | W65: ='4.5.1.1-2 Methane'!W93 -> 0 | X65: ='4.5.1.1-2 Methane'!X93 -> 0 | Y65: ='4.5.1.1-2 Methane'!Y93 -> 0 | Z65: ='4.5.1.1-2 Methane'!Z93 -> 0 | AA65: ='4.5.1.1-2 Methane'!AA93 -> 0 | AB65: ='4.5.1.1-2 Methane'!AB93 -> 0 | ... AE65: ='4.5.1.1-2 Methane'!AE93 -> 0
T66: =TEXT(EDATE('Input - Site'!$E$12,10), "mmmm yyyy") -> November 2024 | U66: ='4.5.1.1-2 Methane'!U94 -> 0 | V66: ='4.5.1.1-2 Methane'!V94 -> 0 | W66: ='4.5.1.1-2 Methane'!W94 -> 0 | X66: ='4.5.1.1-2 Methane'!X94 -> 0 | Y66: ='4.5.1.1-2 Methane'!Y94 -> 0 | Z66: ='4.5.1.1-2 Methane'!Z94 -> 0 | AA66: ='4.5.1.1-2 Methane'!AA94 -> 0 | AB66: ='4.5.1.1-2 Methane'!AB94 -> 0 | ... AE66: ='4.5.1.1-2 Methane'!AE94 -> 0
T67: =TEXT(EDATE('Input - Site'!$E$12,11), "mmmm yyyy") -> December 2024 | U67: ='4.5.1.1-2 Methane'!U95 -> 0 | V67: ='4.5.1.1-2 Methane'!V95 -> 0 | W67: ='4.5.1.1-2 Methane'!W95 -> 0 | X67: ='4.5.1.1-2 Methane'!X95 -> 0 | Y67: ='4.5.1.1-2 Methane'!Y95 -> 0 | Z67: ='4.5.1.1-2 Methane'!Z95 -> 0 | AA67: ='4.5.1.1-2 Methane'!AA95 -> 0 | AB67: ='4.5.1.1-2 Methane'!AB95 -> 0 | ... AE67: ='4.5.1.1-2 Methane'!AE95 -> 0
D69: {=MMS_PastureBeef_Soil_N2ODirect_Equations.VEERG_4_2_1_3__5_MilkProductionForCalvingSeason_Title()} -> Milk production for the season of calving and season after calving | T69: M2_Table_L_j_k_l
D70: {=MMS_PastureBeef_Soil_N2ODirect_Equations.VEERG_4_2_1_3__5_MilkProductionForCalvingSeason_Source()} -> VEERG 2026: 4.2.1.3, Equation (5) | T70: Intake relative to maintenance (Method 2)
D71: {=MMS_PastureBeef_Soil_N2ODirect_Equations.VEERG_4_2_1_3__5_MilkProductionForCalvingSeason_Variation()} -> VARIATION ON SOURCE: Split LC and DMP into calving season and after calving season values. | T71: Month | U71: Bulls < 1 year | V71: Bulls > 1 year | W71: Cows < 1 year | X71: Cows 1-2 years | Y71: Cows 2-3 years | Z71: Cows > 3 years | AA71: Steers < 1 year | AB71: Steers 1-2 years | AC71: Steers 2-3 years | AD71: Steers >3 years
D72: Function name | E72: {=Common_InputFunctions.Utility_DisplayFunctionName(H95)} -> =MMS_PastureBeef_Soil_N2ODirect_Equations.VEERG_4_2_1_3__5_MilkProductionForCalvingSeasonVariation | T72: =TEXT('Input - Site'!$E$12, "mmmm yyyy") -> January 2024 | U72: {=MMS_PastureBeef_Soil_N2ODirect_Equations.VEERG_4_2_1_3__6_IntakeRelativeToMaintenance(U56,U20)} -> 0 | V72: {=MMS_PastureBeef_Soil_N2ODirect_Equations.VEERG_4_2_1_3__6_IntakeRelativeToMaintenance(V56,V20)} -> 0 | W72: {=MMS_PastureBeef_Soil_N2ODirect_Equations.VEERG_4_2_1_3__6_IntakeRelativeToMaintenance(W56,W20)} -> 0 | X72: {=MMS_PastureBeef_Soil_N2ODirect_Equations.VEERG_4_2_1_3__6_IntakeRelativeToMaintenance(X56,X20)} -> 0 | Y72: {=MMS_PastureBeef_Soil_N2ODirect_Equations.VEERG_4_2_1_3__6_IntakeRelativeToMaintenance(Y56,Y20)} -> 0 | Z72: {=MMS_PastureBeef_Soil_N2ODirect_Equations.VEERG_4_2_1_3__6_IntakeRelativeToMaintenance(Z56,Z20)} -> 0 | AA72: {=MMS_PastureBeef_Soil_N2ODirect_Equations.VEERG_4_2_1_3__6_IntakeRelativeToMaintenance(AA56,AA20)} -> 0 | AB72: {=MMS_PastureBeef_Soil_N2ODirect_Equations.VEERG_4_2_1_3__6_IntakeRelativeToMaintenance(AB56,AB20)} -> 0 | ... AD72: {=MMS_PastureBeef_Soil_N2ODirect_Equations.VEERG_4_2_1_3__6_IntakeRelativeToMaintenance(AD56,AD20)} -> 0 | AE72: =$E$46 -> ratio
T73: =TEXT(EDATE('Input - Site'!$E$12,1), "mmmm yyyy") -> February 2024 | U73: {=MMS_PastureBeef_Soil_N2ODirect_Equations.VEERG_4_2_1_3__6_IntakeRelativeToMaintenance(U57,U21)} -> 0 | V73: {=MMS_PastureBeef_Soil_N2ODirect_Equations.VEERG_4_2_1_3__6_IntakeRelativeToMaintenance(V57,V21)} -> 0 | W73: {=MMS_PastureBeef_Soil_N2ODirect_Equations.VEERG_4_2_1_3__6_IntakeRelativeToMaintenance(W57,W21)} -> 0 | X73: {=MMS_PastureBeef_Soil_N2ODirect_Equations.VEERG_4_2_1_3__6_IntakeRelativeToMaintenance(X57,X21)} -> 0 | Y73: {=MMS_PastureBeef_Soil_N2ODirect_Equations.VEERG_4_2_1_3__6_IntakeRelativeToMaintenance(Y57,Y21)} -> 0 | Z73: {=MMS_PastureBeef_Soil_N2ODirect_Equations.VEERG_4_2_1_3__6_IntakeRelativeToMaintenance(Z57,Z21)} -> 0 | AA73: {=MMS_PastureBeef_Soil_N2ODirect_Equations.VEERG_4_2_1_3__6_IntakeRelativeToMaintenance(AA57,AA21)} -> 0 | AB73: {=MMS_PastureBeef_Soil_N2ODirect_Equations.VEERG_4_2_1_3__6_IntakeRelativeToMaintenance(AB57,AB21)} -> 0 | ... AD73: {=MMS_PastureBeef_Soil_N2ODirect_Equations.VEERG_4_2_1_3__6_IntakeRelativeToMaintenance(AD57,AD21)} -> 0 | AE73: =$E$46 -> ratio
T74: =TEXT(EDATE('Input - Site'!$E$12,2), "mmmm yyyy") -> March 2024 | U74: {=MMS_PastureBeef_Soil_N2ODirect_Equations.VEERG_4_2_1_3__6_IntakeRelativeToMaintenance(U58,U22)} -> 0 | V74: {=MMS_PastureBeef_Soil_N2ODirect_Equations.VEERG_4_2_1_3__6_IntakeRelativeToMaintenance(V58,V22)} -> 0 | W74: {=MMS_PastureBeef_Soil_N2ODirect_Equations.VEERG_4_2_1_3__6_IntakeRelativeToMaintenance(W58,W22)} -> 0 | X74: {=MMS_PastureBeef_Soil_N2ODirect_Equations.VEERG_4_2_1_3__6_IntakeRelativeToMaintenance(X58,X22)} -> 0 | Y74: {=MMS_PastureBeef_Soil_N2ODirect_Equations.VEERG_4_2_1_3__6_IntakeRelativeToMaintenance(Y58,Y22)} -> 0 | Z74: {=MMS_PastureBeef_Soil_N2ODirect_Equations.VEERG_4_2_1_3__6_IntakeRelativeToMaintenance(Z58,Z22)} -> 0 | AA74: {=MMS_PastureBeef_Soil_N2ODirect_Equations.VEERG_4_2_1_3__6_IntakeRelativeToMaintenance(AA58,AA22)} -> 0 | AB74: {=MMS_PastureBeef_Soil_N2ODirect_Equations.VEERG_4_2_1_3__6_IntakeRelativeToMaintenance(AB58,AB22)} -> 0 | ... AD74: {=MMS_PastureBeef_Soil_N2ODirect_Equations.VEERG_4_2_1_3__6_IntakeRelativeToMaintenance(AD58,AD22)} -> 0 | AE74: =$E$46 -> ratio
D75: Variable | E75: {=MMS_PastureBeef_Soil_N2ODirect_Equations.VEERG_4_2_1_3__5_MilkProductionForCalvingSeason_Variable()} -> MP_jk5 | F75: Methane equation subscript is 4,5 | T75: =TEXT(EDATE('Input - Site'!$E$12,3), "mmmm yyyy") -> April 2024 | U75: {=MMS_PastureBeef_Soil_N2ODirect_Equations.VEERG_4_2_1_3__6_IntakeRelativeToMaintenance(U59,U23)} -> 0 | V75: {=MMS_PastureBeef_Soil_N2ODirect_Equations.VEERG_4_2_1_3__6_IntakeRelativeToMaintenance(V59,V23)} -> 0 | W75: {=MMS_PastureBeef_Soil_N2ODirect_Equations.VEERG_4_2_1_3__6_IntakeRelativeToMaintenance(W59,W23)} -> 0 | X75: {=MMS_PastureBeef_Soil_N2ODirect_Equations.VEERG_4_2_1_3__6_IntakeRelativeToMaintenance(X59,X23)} -> 0 | Y75: {=MMS_PastureBeef_Soil_N2ODirect_Equations.VEERG_4_2_1_3__6_IntakeRelativeToMaintenance(Y59,Y23)} -> 0 | Z75: {=MMS_PastureBeef_Soil_N2ODirect_Equations.VEERG_4_2_1_3__6_IntakeRelativeToMaintenance(Z59,Z23)} -> 0 | AA75: {=MMS_PastureBeef_Soil_N2ODirect_Equations.VEERG_4_2_1_3__6_IntakeRelativeToMaintenance(AA59,AA23)} -> 0 | AB75: {=MMS_PastureBeef_Soil_N2ODirect_Equations.VEERG_4_2_1_3__6_IntakeRelativeToMaintenance(AB59,AB23)} -> 0 | ... AD75: {=MMS_PastureBeef_Soil_N2ODirect_Equations.VEERG_4_2_1_3__6_IntakeRelativeToMaintenance(AD59,AD23)} -> 0 | AE75: =$E$46 -> ratio
D76: Unit | E76: {=MMS_PastureBeef_Soil_N2ODirect_Equations.VEERG_4_2_1_3__5_MilkProductionForCalvingSeason_Unit()} -> kg/head/day | T76: =TEXT(EDATE('Input - Site'!$E$12,4), "mmmm yyyy") -> May 2024 | U76: {=MMS_PastureBeef_Soil_N2ODirect_Equations.VEERG_4_2_1_3__6_IntakeRelativeToMaintenance(U60,U24)} -> 0 | V76: {=MMS_PastureBeef_Soil_N2ODirect_Equations.VEERG_4_2_1_3__6_IntakeRelativeToMaintenance(V60,V24)} -> 0 | W76: {=MMS_PastureBeef_Soil_N2ODirect_Equations.VEERG_4_2_1_3__6_IntakeRelativeToMaintenance(W60,W24)} -> 0 | X76: {=MMS_PastureBeef_Soil_N2ODirect_Equations.VEERG_4_2_1_3__6_IntakeRelativeToMaintenance(X60,X24)} -> 0 | Y76: {=MMS_PastureBeef_Soil_N2ODirect_Equations.VEERG_4_2_1_3__6_IntakeRelativeToMaintenance(Y60,Y24)} -> 0 | Z76: {=MMS_PastureBeef_Soil_N2ODirect_Equations.VEERG_4_2_1_3__6_IntakeRelativeToMaintenance(Z60,Z24)} -> 0 | AA76: {=MMS_PastureBeef_Soil_N2ODirect_Equations.VEERG_4_2_1_3__6_IntakeRelativeToMaintenance(AA60,AA24)} -> 0 | AB76: {=MMS_PastureBeef_Soil_N2ODirect_Equations.VEERG_4_2_1_3__6_IntakeRelativeToMaintenance(AB60,AB24)} -> 0 | ... AD76: {=MMS_PastureBeef_Soil_N2ODirect_Equations.VEERG_4_2_1_3__6_IntakeRelativeToMaintenance(AD60,AD24)} -> 0 | AE76: =$E$46 -> ratio
T77: =TEXT(EDATE('Input - Site'!$E$12,5), "mmmm yyyy") -> June 2024 | U77: {=MMS_PastureBeef_Soil_N2ODirect_Equations.VEERG_4_2_1_3__6_IntakeRelativeToMaintenance(U61,U25)} -> 0 | V77: {=MMS_PastureBeef_Soil_N2ODirect_Equations.VEERG_4_2_1_3__6_IntakeRelativeToMaintenance(V61,V25)} -> 0 | W77: {=MMS_PastureBeef_Soil_N2ODirect_Equations.VEERG_4_2_1_3__6_IntakeRelativeToMaintenance(W61,W25)} -> 0 | X77: {=MMS_PastureBeef_Soil_N2ODirect_Equations.VEERG_4_2_1_3__6_IntakeRelativeToMaintenance(X61,X25)} -> 0 | Y77: {=MMS_PastureBeef_Soil_N2ODirect_Equations.VEERG_4_2_1_3__6_IntakeRelativeToMaintenance(Y61,Y25)} -> 0 | Z77: {=MMS_PastureBeef_Soil_N2ODirect_Equations.VEERG_4_2_1_3__6_IntakeRelativeToMaintenance(Z61,Z25)} -> 0 | AA77: {=MMS_PastureBeef_Soil_N2ODirect_Equations.VEERG_4_2_1_3__6_IntakeRelativeToMaintenance(AA61,AA25)} -> 0 | AB77: {=MMS_PastureBeef_Soil_N2ODirect_Equations.VEERG_4_2_1_3__6_IntakeRelativeToMaintenance(AB61,AB25)} -> 0 | ... AD77: {=MMS_PastureBeef_Soil_N2ODirect_Equations.VEERG_4_2_1_3__6_IntakeRelativeToMaintenance(AD61,AD25)} -> 0 | AE77: =$E$46 -> ratio
D78: {=MMS_PastureBeef_Soil_N2ODirect_Equations.VEERG_4_2_1_3__5_MilkProductionForCalvingSeason_ArgumentsVariation()} -> LC_jk5curr | E78: proportion of cows greater than 2 years lactating for the season of calving | I78: ="See " & D84 -> See M1_Table_LC_j_k-4-5 | T78: =TEXT(EDATE('Input - Site'!$E$12,6), "mmmm yyyy") -> July 2024 | U78: {=MMS_PastureBeef_Soil_N2ODirect_Equations.VEERG_4_2_1_3__6_IntakeRelativeToMaintenance(U62,U26)} -> 0 | V78: {=MMS_PastureBeef_Soil_N2ODirect_Equations.VEERG_4_2_1_3__6_IntakeRelativeToMaintenance(V62,V26)} -> 0 | W78: {=MMS_PastureBeef_Soil_N2ODirect_Equations.VEERG_4_2_1_3__6_IntakeRelativeToMaintenance(W62,W26)} -> 0 | X78: {=MMS_PastureBeef_Soil_N2ODirect_Equations.VEERG_4_2_1_3__6_IntakeRelativeToMaintenance(X62,X26)} -> 0 | Y78: {=MMS_PastureBeef_Soil_N2ODirect_Equations.VEERG_4_2_1_3__6_IntakeRelativeToMaintenance(Y62,Y26)} -> 0 | Z78: {=MMS_PastureBeef_Soil_N2ODirect_Equations.VEERG_4_2_1_3__6_IntakeRelativeToMaintenance(Z62,Z26)} -> 0 | AA78: {=MMS_PastureBeef_Soil_N2ODirect_Equations.VEERG_4_2_1_3__6_IntakeRelativeToMaintenance(AA62,AA26)} -> 0 | AB78: {=MMS_PastureBeef_Soil_N2ODirect_Equations.VEERG_4_2_1_3__6_IntakeRelativeToMaintenance(AB62,AB26)} -> 0 | ... AD78: {=MMS_PastureBeef_Soil_N2ODirect_Equations.VEERG_4_2_1_3__6_IntakeRelativeToMaintenance(AD62,AD26)} -> 0 | AE78: =$E$46 -> ratio
D79: LC_jk5prev | E79: proportion of cows greater than 2 years lactating for the season after calving | I79: ="See " & D84 -> See M1_Table_LC_j_k-4-5 | T79: =TEXT(EDATE('Input - Site'!$E$12,7), "mmmm yyyy") -> August 2024 | U79: {=MMS_PastureBeef_Soil_N2ODirect_Equations.VEERG_4_2_1_3__6_IntakeRelativeToMaintenance(U63,U27)} -> 0 | V79: {=MMS_PastureBeef_Soil_N2ODirect_Equations.VEERG_4_2_1_3__6_IntakeRelativeToMaintenance(V63,V27)} -> 0 | W79: {=MMS_PastureBeef_Soil_N2ODirect_Equations.VEERG_4_2_1_3__6_IntakeRelativeToMaintenance(W63,W27)} -> 0 | X79: {=MMS_PastureBeef_Soil_N2ODirect_Equations.VEERG_4_2_1_3__6_IntakeRelativeToMaintenance(X63,X27)} -> 0 | Y79: {=MMS_PastureBeef_Soil_N2ODirect_Equations.VEERG_4_2_1_3__6_IntakeRelativeToMaintenance(Y63,Y27)} -> 0 | Z79: {=MMS_PastureBeef_Soil_N2ODirect_Equations.VEERG_4_2_1_3__6_IntakeRelativeToMaintenance(Z63,Z27)} -> 0 | AA79: {=MMS_PastureBeef_Soil_N2ODirect_Equations.VEERG_4_2_1_3__6_IntakeRelativeToMaintenance(AA63,AA27)} -> 0 | AB79: {=MMS_PastureBeef_Soil_N2ODirect_Equations.VEERG_4_2_1_3__6_IntakeRelativeToMaintenance(AB63,AB27)} -> 0 | ... AD79: {=MMS_PastureBeef_Soil_N2ODirect_Equations.VEERG_4_2_1_3__6_IntakeRelativeToMaintenance(AD63,AD27)} -> 0 | AE79: =$E$46 -> ratio
D80: DMP_jk5calv | E80: daily milk production for the season of calving (kg/head/day) | I80: {=_xlfn.XLOOKUP(1, (#REF!=$I$82)*(#REF!=+"Calving season"),#REF!)} -> #REF! | T80: =TEXT(EDATE('Input - Site'!$E$12,8), "mmmm yyyy") -> September 2024 | U80: {=MMS_PastureBeef_Soil_N2ODirect_Equations.VEERG_4_2_1_3__6_IntakeRelativeToMaintenance(U64,U28)} -> 0 | V80: {=MMS_PastureBeef_Soil_N2ODirect_Equations.VEERG_4_2_1_3__6_IntakeRelativeToMaintenance(V64,V28)} -> 0 | W80: {=MMS_PastureBeef_Soil_N2ODirect_Equations.VEERG_4_2_1_3__6_IntakeRelativeToMaintenance(W64,W28)} -> 0 | X80: {=MMS_PastureBeef_Soil_N2ODirect_Equations.VEERG_4_2_1_3__6_IntakeRelativeToMaintenance(X64,X28)} -> 0 | Y80: {=MMS_PastureBeef_Soil_N2ODirect_Equations.VEERG_4_2_1_3__6_IntakeRelativeToMaintenance(Y64,Y28)} -> 0 | Z80: {=MMS_PastureBeef_Soil_N2ODirect_Equations.VEERG_4_2_1_3__6_IntakeRelativeToMaintenance(Z64,Z28)} -> 0 | AA80: {=MMS_PastureBeef_Soil_N2ODirect_Equations.VEERG_4_2_1_3__6_IntakeRelativeToMaintenance(AA64,AA28)} -> 0 | AB80: {=MMS_PastureBeef_Soil_N2ODirect_Equations.VEERG_4_2_1_3__6_IntakeRelativeToMaintenance(AB64,AB28)} -> 0 | ... AD80: {=MMS_PastureBeef_Soil_N2ODirect_Equations.VEERG_4_2_1_3__6_IntakeRelativeToMaintenance(AD64,AD28)} -> 0 | AE80: =$E$46 -> ratio
D81: DMP_jk5after | E81: daily milk production for the season after calving (kg/head/day) | I81: {=_xlfn.XLOOKUP(1, (#REF!=$I$82)*(#REF!=+"Season after calving"),#REF!)} -> #REF! | T81: =TEXT(EDATE('Input - Site'!$E$12,9), "mmmm yyyy") -> October 2024 | U81: {=MMS_PastureBeef_Soil_N2ODirect_Equations.VEERG_4_2_1_3__6_IntakeRelativeToMaintenance(U65,U29)} -> 0 | V81: {=MMS_PastureBeef_Soil_N2ODirect_Equations.VEERG_4_2_1_3__6_IntakeRelativeToMaintenance(V65,V29)} -> 0 | W81: {=MMS_PastureBeef_Soil_N2ODirect_Equations.VEERG_4_2_1_3__6_IntakeRelativeToMaintenance(W65,W29)} -> 0 | X81: {=MMS_PastureBeef_Soil_N2ODirect_Equations.VEERG_4_2_1_3__6_IntakeRelativeToMaintenance(X65,X29)} -> 0 | Y81: {=MMS_PastureBeef_Soil_N2ODirect_Equations.VEERG_4_2_1_3__6_IntakeRelativeToMaintenance(Y65,Y29)} -> 0 | Z81: {=MMS_PastureBeef_Soil_N2ODirect_Equations.VEERG_4_2_1_3__6_IntakeRelativeToMaintenance(Z65,Z29)} -> 0 | AA81: {=MMS_PastureBeef_Soil_N2ODirect_Equations.VEERG_4_2_1_3__6_IntakeRelativeToMaintenance(AA65,AA29)} -> 0 | AB81: {=MMS_PastureBeef_Soil_N2ODirect_Equations.VEERG_4_2_1_3__6_IntakeRelativeToMaintenance(AB65,AB29)} -> 0 | ... AD81: {=MMS_PastureBeef_Soil_N2ODirect_Equations.VEERG_4_2_1_3__6_IntakeRelativeToMaintenance(AD65,AD29)} -> 0 | AE81: =$E$46 -> ratio
D82: b | E82: breed of cattle | I82: ='Input - Swine'!$E$13 -> 0 | T82: =TEXT(EDATE('Input - Site'!$E$12,10), "mmmm yyyy") -> November 2024 | U82: {=MMS_PastureBeef_Soil_N2ODirect_Equations.VEERG_4_2_1_3__6_IntakeRelativeToMaintenance(U66,U30)} -> 0 | V82: {=MMS_PastureBeef_Soil_N2ODirect_Equations.VEERG_4_2_1_3__6_IntakeRelativeToMaintenance(V66,V30)} -> 0 | W82: {=MMS_PastureBeef_Soil_N2ODirect_Equations.VEERG_4_2_1_3__6_IntakeRelativeToMaintenance(W66,W30)} -> 0 | X82: {=MMS_PastureBeef_Soil_N2ODirect_Equations.VEERG_4_2_1_3__6_IntakeRelativeToMaintenance(X66,X30)} -> 0 | Y82: {=MMS_PastureBeef_Soil_N2ODirect_Equations.VEERG_4_2_1_3__6_IntakeRelativeToMaintenance(Y66,Y30)} -> 0 | Z82: {=MMS_PastureBeef_Soil_N2ODirect_Equations.VEERG_4_2_1_3__6_IntakeRelativeToMaintenance(Z66,Z30)} -> 0 | AA82: {=MMS_PastureBeef_Soil_N2ODirect_Equations.VEERG_4_2_1_3__6_IntakeRelativeToMaintenance(AA66,AA30)} -> 0 | AB82: {=MMS_PastureBeef_Soil_N2ODirect_Equations.VEERG_4_2_1_3__6_IntakeRelativeToMaintenance(AB66,AB30)} -> 0 | ... AD82: {=MMS_PastureBeef_Soil_N2ODirect_Equations.VEERG_4_2_1_3__6_IntakeRelativeToMaintenance(AD66,AD30)} -> 0 | AE82: =$E$46 -> ratio
T83: =TEXT(EDATE('Input - Site'!$E$12,11), "mmmm yyyy") -> December 2024 | U83: {=MMS_PastureBeef_Soil_N2ODirect_Equations.VEERG_4_2_1_3__6_IntakeRelativeToMaintenance(U67,U31)} -> 0 | V83: {=MMS_PastureBeef_Soil_N2ODirect_Equations.VEERG_4_2_1_3__6_IntakeRelativeToMaintenance(V67,V31)} -> 0 | W83: {=MMS_PastureBeef_Soil_N2ODirect_Equations.VEERG_4_2_1_3__6_IntakeRelativeToMaintenance(W67,W31)} -> 0 | X83: {=MMS_PastureBeef_Soil_N2ODirect_Equations.VEERG_4_2_1_3__6_IntakeRelativeToMaintenance(X67,X31)} -> 0 | Y83: {=MMS_PastureBeef_Soil_N2ODirect_Equations.VEERG_4_2_1_3__6_IntakeRelativeToMaintenance(Y67,Y31)} -> 0 | Z83: {=MMS_PastureBeef_Soil_N2ODirect_Equations.VEERG_4_2_1_3__6_IntakeRelativeToMaintenance(Z67,Z31)} -> 0 | AA83: {=MMS_PastureBeef_Soil_N2ODirect_Equations.VEERG_4_2_1_3__6_IntakeRelativeToMaintenance(AA67,AA31)} -> 0 | AB83: {=MMS_PastureBeef_Soil_N2ODirect_Equations.VEERG_4_2_1_3__6_IntakeRelativeToMaintenance(AB67,AB31)} -> 0 | ... AD83: {=MMS_PastureBeef_Soil_N2ODirect_Equations.VEERG_4_2_1_3__6_IntakeRelativeToMaintenance(AD67,AD31)} -> 0 | AE83: =$E$46 -> ratio
D84: M1_Table_LC_j_k-4-5
D85: Proportion of cows in calf during season (Method 1)
D86: Season | E86: Cows 1-2 years | F86: Cows 2-3 years | G86: Cows > 3 years
D87: ='4.5.1.1-2 Methane'!#REF! -> #REF! | E87: ='4.5.1.1-2 Methane'!D20 -> Anaerobic lagoon | F87: ='4.5.1.1-2 Methane'!E20 -> 0.15 | G87: ='4.5.1.1-2 Methane'!F20 -> 0.15 | H87: Fraction | T87: {=MMS_PastureBeef_Soil_N2ODirect_Equations.VEERG_4_2_1_3__5_MilkProductionForCalvingSeason_Title()} -> Milk production for the season of calving and season after calving
D88: ='4.5.1.1-2 Methane'!#REF! -> #REF! | E88: ='4.5.1.1-2 Methane'!D21 -> Drylot (feed pad) | F88: ='4.5.1.1-2 Methane'!E21 -> 0.15 | G88: ='4.5.1.1-2 Methane'!F21 -> 0.15 | H88: Fraction
D89: ='4.5.1.1-2 Methane'!#REF! -> #REF! | E89: ='4.5.1.1-2 Methane'!D22 -> Digester / covered lagoons | F89: ='4.5.1.1-2 Methane'!E22 -> 0.15 | G89: ='4.5.1.1-2 Methane'!F22 -> 0.15 | H89: Fraction | T89: M2_Table_LC_j_k-4-5
D90: ='4.5.1.1-2 Methane'!#REF! -> #REF! | E90: ='4.5.1.1-2 Methane'!D23 -> Deep litter | F90: ='4.5.1.1-2 Methane'!E23 -> 0.15 | G90: ='4.5.1.1-2 Methane'!F23 -> 0.15 | H90: Fraction | T90: Proportion of cows in calf during season (Method 2)
T91: Season | U91: Cows 1-2 years | V91: Cows 2-3 years | W91: Cows > 3 years
D92: M1_Table_MP_j_k-4-5 | T92: ='Input - Swine'!$D$204 -> 0 | U92: ='4.5.1.1-2 Methane'!U22 -> 0 | V92: ='4.5.1.1-2 Methane'!V22 -> 0 | W92: ='4.5.1.1-2 Methane'!W22 -> 0 | X92: Fraction
D93: Milk production | T93: ='Input - Swine'!$D$205 -> 0 | U93: ='4.5.1.1-2 Methane'!U23 -> 0 | V93: ='4.5.1.1-2 Methane'!V23 -> 0 | W93: ='4.5.1.1-2 Methane'!W23 -> 0 | X93: Fraction
D94: Season | E94: Bulls < 1 year | F94: Bulls > 1 year | G94: Cows < 1 year | H94: Cows 1-2 years | I94: Cows 2-3 years | J94: Cows > 3 years | K94: Steers < 1 year | L94: Steers 1-2 years | M94: Steers 2-3 years | N94: Steers >3 years | T94: ='Input - Swine'!#REF! -> #REF! | U94: ='4.5.1.1-2 Methane'!U24 -> 0 | V94: ='4.5.1.1-2 Methane'!V24 -> 0 | W94: ='4.5.1.1-2 Methane'!W24 -> 0 | X94: Fraction
D95: ='4.5.1.1-2 Methane'!#REF! -> #REF! | E95: 0 | F95: 0 | G95: 0 | H95: {=MMS_PastureBeef_Soil_N2ODirect_Equations.VEERG_4_2_1_3__5_MilkProductionForCalvingSeasonVariation(E87,E90,$I$80,$I$81)} -> #VALUE! | I95: {=MMS_PastureBeef_Soil_N2ODirect_Equations.VEERG_4_2_1_3__5_MilkProductionForCalvingSeasonVariation(F87,F90,$I$80,$I$81)} -> #REF! | J95: {=MMS_PastureBeef_Soil_N2ODirect_Equations.VEERG_4_2_1_3__5_MilkProductionForCalvingSeasonVariation(G87,G90,$I$80,$I$81)} -> #REF! | K95: 0 | L95: 0 | M95: 0 | N95: 0 | O95: =$E$76 -> kg/head/day | T95: ='Input - Swine'!#REF! -> #REF! | U95: ='4.5.1.1-2 Methane'!U25 -> 0 | V95: ='4.5.1.1-2 Methane'!V25 -> 0 | W95: ='4.5.1.1-2 Methane'!W25 -> 0 | X95: Fraction
D96: ='4.5.1.1-2 Methane'!#REF! -> #REF! | E96: 0 | F96: 0 | G96: 0 | H96: {=MMS_PastureBeef_Soil_N2ODirect_Equations.VEERG_4_2_1_3__5_MilkProductionForCalvingSeasonVariation(E88,E87,$I$80,$I$81)} -> #VALUE! | I96: {=MMS_PastureBeef_Soil_N2ODirect_Equations.VEERG_4_2_1_3__5_MilkProductionForCalvingSeasonVariation(F88,F87,$I$80,$I$81)} -> #REF! | J96: {=MMS_PastureBeef_Soil_N2ODirect_Equations.VEERG_4_2_1_3__5_MilkProductionForCalvingSeasonVariation(G88,G87,$I$80,$I$81)} -> #REF! | K96: 0 | L96: 0 | M96: 0 | N96: 0 | O96: =$E$76 -> kg/head/day
D97: ='4.5.1.1-2 Methane'!#REF! -> #REF! | E97: 0 | F97: 0 | G97: 0 | H97: {=MMS_PastureBeef_Soil_N2ODirect_Equations.VEERG_4_2_1_3__5_MilkProductionForCalvingSeasonVariation(E89,E88,$I$80,$I$81)} -> #VALUE! | I97: {=MMS_PastureBeef_Soil_N2ODirect_Equations.VEERG_4_2_1_3__5_MilkProductionForCalvingSeasonVariation(F89,F88,$I$80,$I$81)} -> #REF! | J97: {=MMS_PastureBeef_Soil_N2ODirect_Equations.VEERG_4_2_1_3__5_MilkProductionForCalvingSeasonVariation(G89,G88,$I$80,$I$81)} -> #REF! | K97: 0 | L97: 0 | M97: 0 | N97: 0 | O97: =$E$76 -> kg/head/day | T97: M1_Table_MP_j_k-4-5
D98: ='4.5.1.1-2 Methane'!#REF! -> #REF! | E98: 0 | F98: 0 | G98: 0 | H98: {=MMS_PastureBeef_Soil_N2ODirect_Equations.VEERG_4_2_1_3__5_MilkProductionForCalvingSeasonVariation(E90,E89,$I$80,$I$81)} -> #VALUE! | I98: {=MMS_PastureBeef_Soil_N2ODirect_Equations.VEERG_4_2_1_3__5_MilkProductionForCalvingSeasonVariation(F90,F89,$I$80,$I$81)} -> #REF! | J98: {=MMS_PastureBeef_Soil_N2ODirect_Equations.VEERG_4_2_1_3__5_MilkProductionForCalvingSeasonVariation(G90,G89,$I$80,$I$81)} -> #REF! | K98: 0 | L98: 0 | M98: 0 | N98: 0 | O98: =$E$76 -> kg/head/day | T98: Milk production
T99: Month | U99: Bulls < 1 year | V99: Bulls > 1 year | W99: Cows < 1 year | X99: Cows 1-2 years | Y99: Cows 2-3 years | Z99: Cows > 3 years | AA99: Steers < 1 year | AB99: Steers 1-2 years | AC99: Steers 2-3 years | AD99: Steers >3 years
T100: =TEXT('Input - Site'!$E$12, "mmmm yyyy") -> January 2024 | U100: 0 | V100: 0 | W100: 0 | X100: {=MMS_PastureBeef_Soil_N2ODirect_Equations.VEERG_4_2_1_3__5_MilkProductionForCalvingSeasonVariation(U$92,U$95,$I$80,$I$81)} -> #REF! | Y100: {=MMS_PastureBeef_Soil_N2ODirect_Equations.VEERG_4_2_1_3__5_MilkProductionForCalvingSeasonVariation(V$92,V$95,$I$80,$I$81)} -> #REF! | Z100: {=MMS_PastureBeef_Soil_N2ODirect_Equations.VEERG_4_2_1_3__5_MilkProductionForCalvingSeasonVariation(W$92,W$95,$I$80,$I$81)} -> #REF! | AA100: 0 | AB100: 0 | AC100: 0 | AD100: 0 | AE100: =$E$76 -> kg/head/day
T101: =TEXT(EDATE('Input - Site'!$E$12,1), "mmmm yyyy") -> February 2024 | U101: 0 | V101: 0 | W101: 0 | X101: {=MMS_PastureBeef_Soil_N2ODirect_Equations.VEERG_4_2_1_3__5_MilkProductionForCalvingSeasonVariation(U$92,U$95,$I$80,$I$81)} -> #REF! | Y101: {=MMS_PastureBeef_Soil_N2ODirect_Equations.VEERG_4_2_1_3__5_MilkProductionForCalvingSeasonVariation(V$92,V$95,$I$80,$I$81)} -> #REF! | Z101: {=MMS_PastureBeef_Soil_N2ODirect_Equations.VEERG_4_2_1_3__5_MilkProductionForCalvingSeasonVariation(W$92,W$95,$I$80,$I$81)} -> #REF! | AA101: 0 | AB101: 0 | AC101: 0 | AD101: 0 | AE101: =$E$76 -> kg/head/day
D102: {=MMS_PastureBeef_Soil_N2ODirect_Equations.VEERG_4_2_1_3__4_NitrogenRetainedByBody_Title()} -> Amount of nitrogen retained by the body | T102: =TEXT(EDATE('Input - Site'!$E$12,2), "mmmm yyyy") -> March 2024 | U102: 0 | V102: 0 | W102: 0 | X102: {=MMS_PastureBeef_Soil_N2ODirect_Equations.VEERG_4_2_1_3__5_MilkProductionForCalvingSeasonVariation(U$92,U$95,$I$80,$I$81)} -> #REF! | Y102: {=MMS_PastureBeef_Soil_N2ODirect_Equations.VEERG_4_2_1_3__5_MilkProductionForCalvingSeasonVariation(V$92,V$95,$I$80,$I$81)} -> #REF! | Z102: {=MMS_PastureBeef_Soil_N2ODirect_Equations.VEERG_4_2_1_3__5_MilkProductionForCalvingSeasonVariation(W$92,W$95,$I$80,$I$81)} -> #REF! | AA102: 0 | AB102: 0 | AC102: 0 | AD102: 0 | AE102: =$E$76 -> kg/head/day
D103: {=MMS_PastureBeef_Soil_N2ODirect_Equations.VEERG_4_2_1_3__4_NitrogenRetainedByBody_Source()} -> VEERG 2026: 4.2.1.3, Equation (4) | T103: =TEXT(EDATE('Input - Site'!$E$12,3), "mmmm yyyy") -> April 2024 | U103: 0 | V103: 0 | W103: 0 | X103: {=MMS_PastureBeef_Soil_N2ODirect_Equations.VEERG_4_2_1_3__5_MilkProductionForCalvingSeasonVariation(U$93,U$92,$I$80,$I$81)} -> #REF! | Y103: {=MMS_PastureBeef_Soil_N2ODirect_Equations.VEERG_4_2_1_3__5_MilkProductionForCalvingSeasonVariation(V$93,V$92,$I$80,$I$81)} -> #REF! | Z103: {=MMS_PastureBeef_Soil_N2ODirect_Equations.VEERG_4_2_1_3__5_MilkProductionForCalvingSeasonVariation(W$93,W$92,$I$80,$I$81)} -> #REF! | AA103: 0 | AB103: 0 | AC103: 0 | AD103: 0 | AE103: =$E$76 -> kg/head/day
D104: Function name | E104: {=Common_InputFunctions.Utility_DisplayFunctionName(E127)} -> =MMS_PastureBeef_Soil_N2ODirect_Equations.VEERG_4_2_1_3__4_NitrogenRetainedByBody | T104: =TEXT(EDATE('Input - Site'!$E$12,4), "mmmm yyyy") -> May 2024 | U104: 0 | V104: 0 | W104: 0 | X104: {=MMS_PastureBeef_Soil_N2ODirect_Equations.VEERG_4_2_1_3__5_MilkProductionForCalvingSeasonVariation(U$93,U$92,$I$80,$I$81)} -> #REF! | Y104: {=MMS_PastureBeef_Soil_N2ODirect_Equations.VEERG_4_2_1_3__5_MilkProductionForCalvingSeasonVariation(V$93,V$92,$I$80,$I$81)} -> #REF! | Z104: {=MMS_PastureBeef_Soil_N2ODirect_Equations.VEERG_4_2_1_3__5_MilkProductionForCalvingSeasonVariation(W$93,W$92,$I$80,$I$81)} -> #REF! | AA104: 0 | AB104: 0 | AC104: 0 | AD104: 0 | AE104: =$E$76 -> kg/head/day
...

Sheet 4.2.1.5-6 Soil Atmos Dep
A1: #VALUE! | C1: 4.2.1.5-6 Soil atmospheric deposition N2O
A3: =HYPERLINK("#'Home'!A1", "Home") -> Home | D3: Method 1 | L3: Method 2
A4: =HYPERLINK("#'Results'!A1", "Results") -> Results
D5: {=MMS_PastureBeef_Soil_AtmosphericDeposition_Equations.VEERG_4_2_1_5__2_MassOfNitrogenVolatilisedOnPasture_Title()} -> Mass of nitrogen volatilised
A6: INPUTS | D6: {=MMS_PastureBeef_Soil_AtmosphericDeposition_Equations.VEERG_4_2_1_5__2_MassOfNitrogenVolatilisedOnPasture_Source()} -> VEERG 2026: 4.2.1.5, Equation (2)
A7: =HYPERLINK("#'Input - Site'!A1", "Site") -> Site | D7: Function name | E7: {=Common_InputFunctions.Utility_DisplayFunctionName(E16)} -> =MMS_PastureBeef_Soil_AtmosphericDeposition_Equations.VEERG_4_2_1_5__2_MassOfNitrogenVolatilisedOnPasture
A8: =HYPERLINK("#'Input - Swine'!A1", "Swine") -> Swine
A10: CALCULATIONS | D10: Variable | E10: {=MMS_PastureBeef_Soil_AtmosphericDeposition_Equations.VEERG_4_2_1_5__2_MassOfNitrogenVolatilisedOnPasture_Variable()} -> M_vol
A11: =HYPERLINK("#'4.2.1.1-2 Methane'!A1", "4.2.1.1-2 Methane") -> 4.2.1.1-2 Methane | D11: Unit | E11: {=MMS_PastureBeef_Soil_AtmosphericDeposition_Equations.VEERG_4_2_1_5__2_MassOfNitrogenVolatilisedOnPasture_Unit()} -> kg N
A12: =HYPERLINK("#'4.2.1.3-4 Soil direct N2O'!A1", "4.2.1.3-4 Soil direct N2O") -> 4.2.1.3-4 Soil direct N2O
A13: =HYPERLINK("#'4.2.1.5-6 Soil Atmos Dep'!A1", "4.2.1.5-6 Soil atm. deposition") -> 4.2.1.5-6 Soil atm. deposition | D13: {=MMS_PastureBeef_Soil_AtmosphericDeposition_Equations.VEERG_4_2_1_5__2_MassOfNitrogenVolatilisedOnPasture_Arguments()} -> AE | E13: total mass of nitrogen excreted on PRP for beef cattle (kg N) | H13: ='4.2.1.3-4 Soil direct N20'!$E$210 -> #REF! | L13: {=MMS_PastureBeef_Soil_AtmosphericDeposition_Equations.VEERG_4_2_1_5__2_MassOfNitrogenVolatilisedOnPasture_Arguments()} -> AE | M13: total mass of nitrogen excreted on PRP for beef cattle (kg N) | P13: ='4.2.1.3-4 Soil direct N20'!$U$253 -> #REF!
A14: =HYPERLINK("#'4.2.1.7-8 Soil leach runoff'!A1", "4.2.1.7-8 Soil leach & runoff") -> 4.2.1.7-8 Soil leach & runoff | D14: FracGASMsoil | E14: fraction of nitrogen volatilised from urine and faeces deposited on pasture ((kg NH3-N + NOx-N)/kg N) | H14: ='Constants - Swine'!$D$432 -> 0 | L14: FracGASMsoil | M14: fraction of nitrogen volatilised from urine and faeces deposited on pasture ((kg NH3-N + NOx-N)/kg N)
A16: APPENDICES | D16: Mvol | E16: {=MMS_PastureBeef_Soil_AtmosphericDeposition_Equations.VEERG_4_2_1_5__2_MassOfNitrogenVolatilisedOnPasture(H13,H14)} -> #REF! | F16: =E11 -> kg N | L16: Mvol | M16: {=MMS_PastureBeef_Soil_AtmosphericDeposition_Equations.VEERG_4_2_1_5__2_MassOfNitrogenVolatilisedOnPasture(P13,$H$14)} -> #REF! | N16: =M11 -> 0
A17: =HYPERLINK("#'Constants - Swine'!A1", "Constants - Swine") -> Constants - Swine
A18: =HYPERLINK("#'Constants - Livestock'!A1", "Constants - Livestock") -> Constants - Livestock
A19: =HYPERLINK("#'Constants - Common'!A1", "Constants - Common") -> Constants - Common
A20: =HYPERLINK("#'Acknowledgements'!A1", "Acknowledgements") -> Acknowledgements | D20: {=MMS_PastureBeef_Soil_AtmosphericDeposition_Equations.VEERG_4_2_1_5__1_AtmosphericDepositionEmissionsFromUrineAndDungOnPasture_Title()} -> Atmospheric deposition emissions from urine and dung deposited on pasture
D21: {=MMS_PastureBeef_Soil_AtmosphericDeposition_Equations.VEERG_4_2_1_5__1_AtmosphericDepositionEmissionsFromUrineAndDungOnPasture_Source()} -> VEERG 2026: 4.2.1.5, Equation (1)
D22: Function name | E22: {=Common_InputFunctions.Utility_DisplayFunctionName($E$35)} -> =MMS_PastureBeef_Soil_AtmosphericDeposition_Equations.VEERG_4_2_1_5__1_AtmosphericDepositionEmissionsFromUrineAndDungOnPasture
D25: Variable | E25: {=MMS_PastureBeef_Soil_AtmosphericDeposition_Equations.VEERG_4_2_1_5__1_AtmosphericDepositionEmissionsFromUrineAndDungOnPasture_Variable()} -> E_N2Oad
D26: Unit | E26: {=MMS_PastureBeef_Soil_AtmosphericDeposition_Equations.VEERG_4_2_1_5__1_AtmosphericDepositionEmissionsFromUrineAndDungOnPasture_Unit()} -> t N2O
D28: {=MMS_PastureBeef_Soil_AtmosphericDeposition_Equations.VEERG_4_2_1_5__1_AtmosphericDepositionEmissionsFromUrineAndDungOnPasture_Arguments()} -> M_vol | E28: mass of nitrogen volatilised from urine and faeces deposited on pasture (kg N) | H28: =E16 -> #REF! | L28: {=MMS_PastureBeef_Soil_AtmosphericDeposition_Equations.VEERG_4_2_1_5__1_AtmosphericDepositionEmissionsFromUrineAndDungOnPasture_Arguments()} -> M_vol | M28: mass of nitrogen volatilised from urine and faeces deposited on pasture (kg N) | P28: =M16 -> #REF!
D29: EF_N2O | E29: nitrous oxide emission factor for atmospheric deposition (kg N2O-N/kg N) | H29: =Common_InputFunctions.Utility_LookupN2OEFFromProdIrrigationRainfall($H$31,$H$32,$H$33,Table_SourceData_Common_EFN2O[Production system only],Table_SourceData_Common_EFN2O[Irrigation method],Table_SourceData_Common_EFN2O[Rainfall zone],Table_SourceData_Common_EFN2O[EFN2O]) -> #N/A | L29: EF_N2O | M29: nitrous oxide emission factor for atmospheric deposition (kg N2O-N/kg N)
D30: C_N2O | E30: factor to convert elemental mass of N2O to molecular mass | H30: =Common_InputFunctions.Utility_LookupValueInTableNumber("N2O",Table_GasToMolecularConversionFactor[Gas],Table_GasToMolecularConversionFactor[Conversion factor combined]) -> 1.5714286 | L30: C_N2O | M30: factor to convert elemental mass of N2O to molecular mass
D31: j | E31: production system | H31: ='Input - Swine'!#REF! -> #REF! | L31: j | M31: production system
D32: i | E32: irrigation method | H32: ='Input - Swine'!#REF! -> #REF! | L32: i | M32: irrigation method
D33: r | E33: rainfall zone | H33: ='Input - Site'!$E$30 -> High rainfall | L33: r | M33: rainfall zone
D35: EN2O,ad | E35: {=MMS_PastureBeef_Soil_AtmosphericDeposition_Equations.VEERG_4_2_1_5__1_AtmosphericDepositionEmissionsFromUrineAndDungOnPasture(H28,H29,H30)} -> #REF! | F35: =$E$26 -> t N2O | L35: EN2O,ad | M35: {=MMS_PastureBeef_Soil_AtmosphericDeposition_Equations.VEERG_4_2_1_5__1_AtmosphericDepositionEmissionsFromUrineAndDungOnPasture(P28,H29,H30)} -> #REF! | N35: =$E$26 -> t N2O
D37: {=Common_Equations.Common_ConvertN2OToCO2e_Arguments()} -> EN2O | E37: Nitrous oxide emissions (t N2O) | G37: =E35 -> #REF! | L37: {=Common_Equations.Common_ConvertN2OToCO2e_Arguments()} -> EN2O | M37: Nitrous oxide emissions (t N2O) | O37: =M35 -> #REF!
D38: GWPN2O | E38: Global warming potential for nitrous oxide (t CO2-e / t N2O) | G38: =Common_InputFunctions.Utility_LookupValueInTableNumber("N2O",Table_GWPData[Gas],Table_GWPData[CO2-e factor]) -> 265 | L38: GWPN2O | M38: Global warming potential for nitrous oxide (t CO2-e / t N2O) | O38: =Common_InputFunctions.Utility_LookupValueInTableNumber("N2O",Table_GWPData[Gas],Table_GWPData[CO2-e factor]) -> 265
D40: ECO2e | E40: {=Common_Equations.Common_ConvertN2OToCO2e(G37,G38)} -> #REF! | F40: {=Common_Equations.Common_ConvertN2OToCO2e_Unit()} -> t CO2e | L40: ECO2e | M40: {=Common_Equations.Common_ConvertN2OToCO2e(O37,O38)} -> #REF! | N40: {=Common_Equations.Common_ConvertN2OToCO2e_Unit()} -> t CO2e

Sheet 4.2.1.7-8 Soil leach runoff
A1: #VALUE! | C1: 4.3.1.12-13 Soil leaching and runoff N2O
A3: =HYPERLINK("#'Home'!A1", "Home") -> Home | D3: Method 1 | K3: Method 2
A4: =HYPERLINK("#'Results'!A1", "Results") -> Results
D5: {=MMS_PastureBeef_Soil_LeachingAndRunoff.VEERG_4_2_1_7__2_MassOfNitrogenLostToLeachingAndRunoffOnPasture_Title()} -> Mass of nitrogen lost to leaching and runoff
A6: INPUTS | D6: {=MMS_PastureBeef_Soil_LeachingAndRunoff.VEERG_4_2_1_7__2_MassOfNitrogenLostToLeachingAndRunoffOnPasture_Source()} -> VEERG 2026: 4.2.1.7, Equation (2)
A7: =HYPERLINK("#'Input - Site'!A1", "Site") -> Site | D7: Function name | E7: {=Common_InputFunctions.Utility_DisplayFunctionName(E20)} -> =MMS_PastureBeef_Soil_LeachingAndRunoff.VEERG_4_2_1_7__2_MassOfNitrogenLostToLeachingAndRunoffOnPasture
A8: =HYPERLINK("#'Input - Swine'!A1", "Swine") -> Swine
A10: CALCULATIONS | D10: Variable | E10: {=MMS_PastureBeef_Soil_LeachingAndRunoff.VEERG_4_2_1_7__2_MassOfNitrogenLostToLeachingAndRunoffOnPasture_Variable()} -> M_leach
A11: =HYPERLINK("#'4.2.1.1-2 Methane'!A1", "4.2.1.1-2 Methane") -> 4.2.1.1-2 Methane | D11: Unit | E11: {=MMS_PastureBeef_Soil_LeachingAndRunoff.VEERG_4_2_1_7__2_MassOfNitrogenLostToLeachingAndRunoffOnPasture_Unit()} -> kg N
A12: =HYPERLINK("#'4.2.1.3-4 Soil direct N2O'!A1", "4.2.1.3-4 Soil direct N2O") -> 4.2.1.3-4 Soil direct N2O
A13: =HYPERLINK("#'4.2.1.5-6 Soil Atmos Dep'!A1", "4.2.1.5-6 Soil atm. deposition") -> 4.2.1.5-6 Soil atm. deposition | D13: {=MMS_PastureBeef_Soil_LeachingAndRunoff.VEERG_4_2_1_7__2_MassOfNitrogenLostToLeachingAndRunoffOnPasture_Arguments()} -> AE | E13: total mass of nitrogen excreted on PRP for beef cattle (kg N) | G13: ='4.2.1.3-4 Soil direct N20'!$E$210 -> #REF! | K13: {=MMS_PastureBeef_Soil_LeachingAndRunoff.VEERG_4_2_1_7__2_MassOfNitrogenLostToLeachingAndRunoffOnPasture_Arguments()} -> AE | L13: total mass of nitrogen excreted on PRP for beef cattle (kg N) | N13: ='4.2.1.3-4 Soil direct N20'!$U$253 -> #REF!
A14: =HYPERLINK("#'4.2.1.7-8 Soil leach runoff'!A1", "4.2.1.7-8 Soil leach & runoff") -> 4.2.1.7-8 Soil leach & runoff | D14: FracWet | E14: fraction of N available for leaching and runoff | G14: =Common_InputFunctions.CommonCropping_GetFracWET(G16,G18,#REF!,#REF!,Table_SourceData_FracWETIrrigation[Irrigation type i],Table_SourceData_FracWETIrrigation[FracWET]) -> 0 | K14: FracWet | L14: fraction of N available for leaching and runoff
D15: FracLEACH | E15: fraction of all N that is lost through leaching and runoff | G15: ='Constants - Swine'!$D$438 -> 0 | K15: FracLEACH | L15: fraction of all N that is lost through leaching and runoff
A16: APPENDICES | D16: z | E16: location in leaching zone | G16: ='Input - Site'!$E$23 -> NO - Not in leaching zone | K16: z | L16: location in leaching zone
A17: =HYPERLINK("#'Constants - Swine'!A1", "Constants - Swine") -> Constants - Swine | D17: j | E17: production system | G17: ='Input - Swine'!#REF! -> #REF! | K17: j | L17: production system
A18: =HYPERLINK("#'Constants - Livestock'!A1", "Constants - Livestock") -> Constants - Livestock | D18: ir | E18: irrigation method | G18: ='Input - Swine'!#REF! -> #REF! | K18: ir | L18: irrigation method
A19: =HYPERLINK("#'Constants - Common'!A1", "Constants - Common") -> Constants - Common
A20: =HYPERLINK("#'Acknowledgements'!A1", "Acknowledgements") -> Acknowledgements | D20: Mleach | E20: {=MMS_PastureBeef_Soil_LeachingAndRunoff.VEERG_4_2_1_7__2_MassOfNitrogenLostToLeachingAndRunoffOnPasture($G$13,$G$14,$G$15)} -> #REF! | F20: =$E$11 -> kg N | K20: Mleach | L20: {=MMS_PastureBeef_Soil_LeachingAndRunoff.VEERG_4_2_1_7__2_MassOfNitrogenLostToLeachingAndRunoffOnPasture($N$13,$G$14,$G$15)} -> #REF! | M20: =$E$11 -> kg N
D24: {=MMS_PastureBeef_Soil_LeachingAndRunoff.VEERG_4_2_1_7__1_LeachingAndRunoffEmissionsFromUrineAndDungOnPasture_Title()} -> Leaching and runoff emissions from urine and dung deposited on pasture
D25: {=MMS_PastureBeef_Soil_LeachingAndRunoff.VEERG_4_2_1_7__1_LeachingAndRunoffEmissionsFromUrineAndDungOnPasture_Source()} -> VEERG 2026: 4.2.1.7, Equation (1)
D26: Function name | E26: {=Common_InputFunctions.Utility_DisplayFunctionName(E36)} -> =MMS_PastureBeef_Soil_LeachingAndRunoff.VEERG_4_2_1_7__1_LeachingAndRunoffEmissionsFromUrineAndDungOnPasture
D29: Variable | E29: {=MMS_PastureBeef_Soil_LeachingAndRunoff.VEERG_4_2_1_7__1_LeachingAndRunoffEmissionsFromUrineAndDungOnPasture_Variable()} -> E_N2Oleach
D30: Unit | E30: {=MMS_PastureBeef_Soil_LeachingAndRunoff.VEERG_4_2_1_7__1_LeachingAndRunoffEmissionsFromUrineAndDungOnPasture_Unit()} -> t N2O
D32: {=MMS_PastureBeef_Soil_LeachingAndRunoff.VEERG_4_2_1_7__1_LeachingAndRunoffEmissionsFromUrineAndDungOnPasture_Arguments()} -> M_leach | E32: mass of nitrogen lost to leaching and runoff (kg N) | G32: =$E$20 -> #REF! | K32: {=MMS_PastureBeef_Soil_LeachingAndRunoff.VEERG_4_2_1_7__1_LeachingAndRunoffEmissionsFromUrineAndDungOnPasture_Arguments()} -> M_leach | L32: mass of nitrogen lost to leaching and runoff (kg N) | N32: =$E$20 -> #REF!
D33: EF_leach | E33: emission factor for leaching and runoff (kg N2O-N/kg N) | G33: ='Constants - Common'!$E$170 -> 0.011 | K33: EF_leach | L33: emission factor for leaching and runoff (kg N2O-N/kg N)
D34: C_N2O | E34: factor to convert elemental mass of N2O to molecular mass | G34: =Common_InputFunctions.Utility_LookupValueInTableNumber("N2O",Table_GasToMolecularConversionFactor[Gas],Table_GasToMolecularConversionFactor[Conversion factor combined]) -> 1.5714286 | K34: C_N2O | L34: factor to convert elemental mass of N2O to molecular mass
D36: EN2O,leach | E36: {=MMS_PastureBeef_Soil_LeachingAndRunoff.VEERG_4_2_1_7__1_LeachingAndRunoffEmissionsFromUrineAndDungOnPasture(G32,G33,G34)} -> #REF! | F36: =$E$30 -> t N2O | K36: EN2O,leach | L36: {=MMS_PastureBeef_Soil_LeachingAndRunoff.VEERG_4_2_1_7__1_LeachingAndRunoffEmissionsFromUrineAndDungOnPasture(N32,G33,G34)} -> #REF! | M36: =$E$30 -> t N2O
D38: {=Common_Equations.Common_ConvertN2OToCO2e_Arguments()} -> EN2O | E38: Nitrous oxide emissions (t N2O) | G38: =E36 -> #REF! | K38: {=Common_Equations.Common_ConvertN2OToCO2e_Arguments()} -> EN2O | L38: Nitrous oxide emissions (t N2O) | N38: =L36 -> #REF!
D39: GWPN2O | E39: Global warming potential for nitrous oxide (t CO2-e / t N2O) | G39: =Common_InputFunctions.Utility_LookupValueInTableNumber("N2O",Table_GWPData[Gas],Table_GWPData[CO2-e factor]) -> 265 | K39: GWPN2O | L39: Global warming potential for nitrous oxide (t CO2-e / t N2O) | N39: =Common_InputFunctions.Utility_LookupValueInTableNumber("N2O",Table_GWPData[Gas],Table_GWPData[CO2-e factor]) -> 265
D41: ECO2e | E41: {=Common_Equations.Common_ConvertN2OToCO2e(G38,G39)} -> #REF! | F41: {=Common_Equations.Common_ConvertN2OToCO2e_Unit()} -> t CO2e | K41: ECO2e | L41: {=Common_Equations.Common_ConvertN2OToCO2e(N38,N39)} -> #REF! | M41: {=Common_Equations.Common_ConvertN2OToCO2e_Unit()} -> t CO2e

Sheet Constants - Swine
A1: #VALUE! | C1: Constants - Swine
A3: =HYPERLINK("#'Home'!A1", "Home") -> Home
A4: =HYPERLINK("#'Results'!A1", "Results") -> Results
D5: {=SourceData_Swine.SourceData_Swine_VolatileSolids_Title()} -> Swine - Volatile solids (VSj) - 2020 to 2024
A6: INPUTS | D6: {=SourceData_Swine.SourceData_Swine_VolatileSolids_Source()} -> VEERG 2026: Table A.1.6.1: Swine - Intake and manure characteristics derived from PigBal
A7: =HYPERLINK("#'Input - Site'!A1", "Site") -> Site | D7: {=SourceData_Swine.SourceData_Swine_VolatileSolids_Variation()} -> VARIATION ON SOURCE DATA: Only uses data for 2020-2024. Added 'Suckers', 'Weaners' and 'Growers' classes which have the same values as 'Slaughter pigs'.
A8: =HYPERLINK("#'Input - Swine'!A1", "Swine") -> Swine | G8: Added 'other' value from NIR
D9: Class | E9: VSj
A10: CALCULATIONS | D10: {=Common_InputFunctions.Utility_DisplayArrayInTable(SourceData_Swine.SourceData_Swine_VolatileSolids_Data(), Table_SourceData_Swine_VolatileSolids[[#Headers],[Class]], 0)} -> Boars | E10: {=Common_InputFunctions.Utility_DisplayArrayInTable(SourceData_Swine.SourceData_Swine_VolatileSolids_Data(), Table_SourceData_Swine_VolatileSolids[[#Headers],[Class]], 0)} -> 0.4
A11: =HYPERLINK("#'4.2.1.1-2 Methane'!A1", "4.2.1.1-2 Methane") -> 4.2.1.1-2 Methane | D11: {=Common_InputFunctions.Utility_DisplayArrayInTable(SourceData_Swine.SourceData_Swine_VolatileSolids_Data(), Table_SourceData_Swine_VolatileSolids[[#Headers],[Class]], 0)} -> Sows | E11: {=Common_InputFunctions.Utility_DisplayArrayInTable(SourceData_Swine.SourceData_Swine_VolatileSolids_Data(), Table_SourceData_Swine_VolatileSolids[[#Headers],[Class]], 0)} -> 0.46
A12: =HYPERLINK("#'4.2.1.3-4 Soil direct N2O'!A1", "4.2.1.3-4 Soil direct N2O") -> 4.2.1.3-4 Soil direct N2O | D12: {=Common_InputFunctions.Utility_DisplayArrayInTable(SourceData_Swine.SourceData_Swine_VolatileSolids_Data(), Table_SourceData_Swine_VolatileSolids[[#Headers],[Class]], 0)} -> Gilts | E12: {=Common_InputFunctions.Utility_DisplayArrayInTable(SourceData_Swine.SourceData_Swine_VolatileSolids_Data(), Table_SourceData_Swine_VolatileSolids[[#Headers],[Class]], 0)} -> 0.55
A13: =HYPERLINK("#'4.2.1.5-6 Soil Atmos Dep'!A1", "4.2.1.5-6 Soil atm. deposition") -> 4.2.1.5-6 Soil atm. deposition | D13: {=Common_InputFunctions.Utility_DisplayArrayInTable(SourceData_Swine.SourceData_Swine_VolatileSolids_Data(), Table_SourceData_Swine_VolatileSolids[[#Headers],[Class]], 0)} -> Slaughter pigs | E13: {=Common_InputFunctions.Utility_DisplayArrayInTable(SourceData_Swine.SourceData_Swine_VolatileSolids_Data(), Table_SourceData_Swine_VolatileSolids[[#Headers],[Class]], 0)} -> 0.39
A14: =HYPERLINK("#'4.2.1.7-8 Soil leach runoff'!A1", "4.2.1.7-8 Soil leach & runoff") -> 4.2.1.7-8 Soil leach & runoff | D14: {=Common_InputFunctions.Utility_DisplayArrayInTable(SourceData_Swine.SourceData_Swine_VolatileSolids_Data(), Table_SourceData_Swine_VolatileSolids[[#Headers],[Class]], 0)} -> Suckers | E14: {=Common_InputFunctions.Utility_DisplayArrayInTable(SourceData_Swine.SourceData_Swine_VolatileSolids_Data(), Table_SourceData_Swine_VolatileSolids[[#Headers],[Class]], 0)} -> 0.39
D15: {=Common_InputFunctions.Utility_DisplayArrayInTable(SourceData_Swine.SourceData_Swine_VolatileSolids_Data(), Table_SourceData_Swine_VolatileSolids[[#Headers],[Class]], 0)} -> Weaners | E15: {=Common_InputFunctions.Utility_DisplayArrayInTable(SourceData_Swine.SourceData_Swine_VolatileSolids_Data(), Table_SourceData_Swine_VolatileSolids[[#Headers],[Class]], 0)} -> 0.39
A16: APPENDICES | D16: {=Common_InputFunctions.Utility_DisplayArrayInTable(SourceData_Swine.SourceData_Swine_VolatileSolids_Data(), Table_SourceData_Swine_VolatileSolids[[#Headers],[Class]], 0)} -> Growers | E16: {=Common_InputFunctions.Utility_DisplayArrayInTable(SourceData_Swine.SourceData_Swine_VolatileSolids_Data(), Table_SourceData_Swine_VolatileSolids[[#Headers],[Class]], 0)} -> 0.39
A17: =HYPERLINK("#'Constants - Swine'!A1", "Constants - Swine") -> Constants - Swine
A18: =HYPERLINK("#'Constants - Livestock'!A1", "Constants - Livestock") -> Constants - Livestock
A19: =HYPERLINK("#'Constants - Common'!A1", "Constants - Common") -> Constants - Common | D19: {=SourceData_Swine.SourceData_Swine_MethaneVolatileSolidsEmissionsPotential_Title()} -> Emissions potential of methane per kilogram of volatile solids
A20: =HYPERLINK("#'Acknowledgements'!A1", "Acknowledgements") -> Acknowledgements | D20: {=SourceData_Swine.SourceData_Swine_MethaneVolatileSolidsEmissionsPotential_Source()} -> IPCC (2019), Chapter 10 [4]
D21: {=SourceData_Swine.SourceData_Swine_MethaneVolatileSolidsEmissionsPotential_Variable()} -> B0 | E21: {=SourceData_Swine.SourceData_Swine_MethaneVolatileSolidsEmissionsPotential_Data()} -> 0.19 | F21: {=SourceData_Swine.SourceData_Swine_MethaneVolatileSolidsEmissionsPotential_Unit()} -> m3 CH4 / kg VS
D24: {=SourceData_Swine.SourceData_Swine_MMS_MCFs_Title()} -> Methane conversion factor for temperature zone and manure management system. | H24: CHange title to match source
D25: {=SourceData_Swine.SourceData_Swine_MMS_MCFs_Source()} -> VEERG 2026: Table A.1.6.4: Swine – MCFs (MCFim) | H25: CHange source
D26: {=SourceData_Swine.SourceData_Swine_MMS_MCFs_Variation()} -> VARIATION ON SOURCE DATA: Added columns for ACT, split QLD and NT. Added extra column with MMS names that match NIR definitions
D28: MMS | E28: NSW | F28: ACT | G28: QLD | H28: NT | I28: SA | J28: TAS | K28: VIC | L28: WA | M28: NIR definition
D29: {=Common_InputFunctions.Utility_DisplayArrayInTable(SourceData_Swine.SourceData_Swine_MMS_MCFs_Data(),Table_SourceData_Swine_MMSMCF[[#Headers],[MMS]],0)} -> Outdoor (Dry lot) | E29: {=Common_InputFunctions.Utility_DisplayArrayInTable(SourceData_Swine.SourceData_Swine_MMS_MCFs_Data(),Table_SourceData_Swine_MMSMCF[[#Headers],[MMS]],0)} -> 0.01 | F29: {=Common_InputFunctions.Utility_DisplayArrayInTable(SourceData_Swine.SourceData_Swine_MMS_MCFs_Data(),Table_SourceData_Swine_MMSMCF[[#Headers],[MMS]],0)} -> 0.01 | G29: {=Common_InputFunctions.Utility_DisplayArrayInTable(SourceData_Swine.SourceData_Swine_MMS_MCFs_Data(),Table_SourceData_Swine_MMSMCF[[#Headers],[MMS]],0)} -> 0.03 | H29: {=Common_InputFunctions.Utility_DisplayArrayInTable(SourceData_Swine.SourceData_Swine_MMS_MCFs_Data(),Table_SourceData_Swine_MMSMCF[[#Headers],[MMS]],0)} -> 0.03 | I29: {=Common_InputFunctions.Utility_DisplayArrayInTable(SourceData_Swine.SourceData_Swine_MMS_MCFs_Data(),Table_SourceData_Swine_MMSMCF[[#Headers],[MMS]],0)} -> 0.01 | J29: {=Common_InputFunctions.Utility_DisplayArrayInTable(SourceData_Swine.SourceData_Swine_MMS_MCFs_Data(),Table_SourceData_Swine_MMSMCF[[#Headers],[MMS]],0)} -> 0.01 | K29: {=Common_InputFunctions.Utility_DisplayArrayInTable(SourceData_Swine.SourceData_Swine_MMS_MCFs_Data(),Table_SourceData_Swine_MMSMCF[[#Headers],[MMS]],0)} -> 0.01 | ... M29: {=Common_InputFunctions.Utility_DisplayArrayInTable(SourceData_Swine.SourceData_Swine_MMS_MCFs_Data(),Table_SourceData_Swine_MMSMCF[[#Headers],[MMS]],0)} -> Drylot (feed pad)
D30: {=Common_InputFunctions.Utility_DisplayArrayInTable(SourceData_Swine.SourceData_Swine_MMS_MCFs_Data(),Table_SourceData_Swine_MMSMCF[[#Headers],[MMS]],0)} -> Deep litter | E30: {=Common_InputFunctions.Utility_DisplayArrayInTable(SourceData_Swine.SourceData_Swine_MMS_MCFs_Data(),Table_SourceData_Swine_MMSMCF[[#Headers],[MMS]],0)} -> 0.04 | F30: {=Common_InputFunctions.Utility_DisplayArrayInTable(SourceData_Swine.SourceData_Swine_MMS_MCFs_Data(),Table_SourceData_Swine_MMSMCF[[#Headers],[MMS]],0)} -> 0.04 | G30: {=Common_InputFunctions.Utility_DisplayArrayInTable(SourceData_Swine.SourceData_Swine_MMS_MCFs_Data(),Table_SourceData_Swine_MMSMCF[[#Headers],[MMS]],0)} -> 0.04 | H30: {=Common_InputFunctions.Utility_DisplayArrayInTable(SourceData_Swine.SourceData_Swine_MMS_MCFs_Data(),Table_SourceData_Swine_MMSMCF[[#Headers],[MMS]],0)} -> 0.04 | I30: {=Common_InputFunctions.Utility_DisplayArrayInTable(SourceData_Swine.SourceData_Swine_MMS_MCFs_Data(),Table_SourceData_Swine_MMSMCF[[#Headers],[MMS]],0)} -> 0.04 | J30: {=Common_InputFunctions.Utility_DisplayArrayInTable(SourceData_Swine.SourceData_Swine_MMS_MCFs_Data(),Table_SourceData_Swine_MMSMCF[[#Headers],[MMS]],0)} -> 0.04 | K30: {=Common_InputFunctions.Utility_DisplayArrayInTable(SourceData_Swine.SourceData_Swine_MMS_MCFs_Data(),Table_SourceData_Swine_MMSMCF[[#Headers],[MMS]],0)} -> 0.04 | ... M30: {=Common_InputFunctions.Utility_DisplayArrayInTable(SourceData_Swine.SourceData_Swine_MMS_MCFs_Data(),Table_SourceData_Swine_MMSMCF[[#Headers],[MMS]],0)} -> Deep litter
D31: {=Common_InputFunctions.Utility_DisplayArrayInTable(SourceData_Swine.SourceData_Swine_MMS_MCFs_Data(),Table_SourceData_Swine_MMSMCF[[#Headers],[MMS]],0)} -> Stockpile (Solid storage) | E31: {=Common_InputFunctions.Utility_DisplayArrayInTable(SourceData_Swine.SourceData_Swine_MMS_MCFs_Data(),Table_SourceData_Swine_MMSMCF[[#Headers],[MMS]],0)} -> 0.02 | F31: {=Common_InputFunctions.Utility_DisplayArrayInTable(SourceData_Swine.SourceData_Swine_MMS_MCFs_Data(),Table_SourceData_Swine_MMSMCF[[#Headers],[MMS]],0)} -> 0.02 | G31: {=Common_InputFunctions.Utility_DisplayArrayInTable(SourceData_Swine.SourceData_Swine_MMS_MCFs_Data(),Table_SourceData_Swine_MMSMCF[[#Headers],[MMS]],0)} -> 0.02 | H31: {=Common_InputFunctions.Utility_DisplayArrayInTable(SourceData_Swine.SourceData_Swine_MMS_MCFs_Data(),Table_SourceData_Swine_MMSMCF[[#Headers],[MMS]],0)} -> 0.02 | I31: {=Common_InputFunctions.Utility_DisplayArrayInTable(SourceData_Swine.SourceData_Swine_MMS_MCFs_Data(),Table_SourceData_Swine_MMSMCF[[#Headers],[MMS]],0)} -> 0.02 | J31: {=Common_InputFunctions.Utility_DisplayArrayInTable(SourceData_Swine.SourceData_Swine_MMS_MCFs_Data(),Table_SourceData_Swine_MMSMCF[[#Headers],[MMS]],0)} -> 0.02 | K31: {=Common_InputFunctions.Utility_DisplayArrayInTable(SourceData_Swine.SourceData_Swine_MMS_MCFs_Data(),Table_SourceData_Swine_MMSMCF[[#Headers],[MMS]],0)} -> 0.02 | ... M31: {=Common_InputFunctions.Utility_DisplayArrayInTable(SourceData_Swine.SourceData_Swine_MMS_MCFs_Data(),Table_SourceData_Swine_MMSMCF[[#Headers],[MMS]],0)} -> Solid storage
D32: {=Common_InputFunctions.Utility_DisplayArrayInTable(SourceData_Swine.SourceData_Swine_MMS_MCFs_Data(),Table_SourceData_Swine_MMSMCF[[#Headers],[MMS]],0)} -> Effluent pond (Uncovered anaerobic lagoon) | E32: {=Common_InputFunctions.Utility_DisplayArrayInTable(SourceData_Swine.SourceData_Swine_MMS_MCFs_Data(),Table_SourceData_Swine_MMSMCF[[#Headers],[MMS]],0)} -> 0.75 | F32: {=Common_InputFunctions.Utility_DisplayArrayInTable(SourceData_Swine.SourceData_Swine_MMS_MCFs_Data(),Table_SourceData_Swine_MMSMCF[[#Headers],[MMS]],0)} -> 0.75 | G32: {=Common_InputFunctions.Utility_DisplayArrayInTable(SourceData_Swine.SourceData_Swine_MMS_MCFs_Data(),Table_SourceData_Swine_MMSMCF[[#Headers],[MMS]],0)} -> 0.78 | H32: {=Common_InputFunctions.Utility_DisplayArrayInTable(SourceData_Swine.SourceData_Swine_MMS_MCFs_Data(),Table_SourceData_Swine_MMSMCF[[#Headers],[MMS]],0)} -> 0.78 | I32: {=Common_InputFunctions.Utility_DisplayArrayInTable(SourceData_Swine.SourceData_Swine_MMS_MCFs_Data(),Table_SourceData_Swine_MMSMCF[[#Headers],[MMS]],0)} -> 0.75 | J32: {=Common_InputFunctions.Utility_DisplayArrayInTable(SourceData_Swine.SourceData_Swine_MMS_MCFs_Data(),Table_SourceData_Swine_MMSMCF[[#Headers],[MMS]],0)} -> 0.7 | K32: {=Common_InputFunctions.Utility_DisplayArrayInTable(SourceData_Swine.SourceData_Swine_MMS_MCFs_Data(),Table_SourceData_Swine_MMSMCF[[#Headers],[MMS]],0)} -> 0.74 | ... M32: {=Common_InputFunctions.Utility_DisplayArrayInTable(SourceData_Swine.SourceData_Swine_MMS_MCFs_Data(),Table_SourceData_Swine_MMSMCF[[#Headers],[MMS]],0)} -> Anaerobic lagoon
D33: {=Common_InputFunctions.Utility_DisplayArrayInTable(SourceData_Swine.SourceData_Swine_MMS_MCFs_Data(),Table_SourceData_Swine_MMSMCF[[#Headers],[MMS]],0)} -> Anaerobic digester / Covered lagoon | E33: {=Common_InputFunctions.Utility_DisplayArrayInTable(SourceData_Swine.SourceData_Swine_MMS_MCFs_Data(),Table_SourceData_Swine_MMSMCF[[#Headers],[MMS]],0)} -> 0.1 | F33: {=Common_InputFunctions.Utility_DisplayArrayInTable(SourceData_Swine.SourceData_Swine_MMS_MCFs_Data(),Table_SourceData_Swine_MMSMCF[[#Headers],[MMS]],0)} -> 0.1 | G33: {=Common_InputFunctions.Utility_DisplayArrayInTable(SourceData_Swine.SourceData_Swine_MMS_MCFs_Data(),Table_SourceData_Swine_MMSMCF[[#Headers],[MMS]],0)} -> 0.1 | H33: {=Common_InputFunctions.Utility_DisplayArrayInTable(SourceData_Swine.SourceData_Swine_MMS_MCFs_Data(),Table_SourceData_Swine_MMSMCF[[#Headers],[MMS]],0)} -> 0.1 | I33: {=Common_InputFunctions.Utility_DisplayArrayInTable(SourceData_Swine.SourceData_Swine_MMS_MCFs_Data(),Table_SourceData_Swine_MMSMCF[[#Headers],[MMS]],0)} -> 0.1 | J33: {=Common_InputFunctions.Utility_DisplayArrayInTable(SourceData_Swine.SourceData_Swine_MMS_MCFs_Data(),Table_SourceData_Swine_MMSMCF[[#Headers],[MMS]],0)} -> 0.1 | K33: {=Common_InputFunctions.Utility_DisplayArrayInTable(SourceData_Swine.SourceData_Swine_MMS_MCFs_Data(),Table_SourceData_Swine_MMSMCF[[#Headers],[MMS]],0)} -> 0.1 | ... M33: {=Common_InputFunctions.Utility_DisplayArrayInTable(SourceData_Swine.SourceData_Swine_MMS_MCFs_Data(),Table_SourceData_Swine_MMSMCF[[#Headers],[MMS]],0)} -> Digester / covered lagoons
D34: {=Common_InputFunctions.Utility_DisplayArrayInTable(SourceData_Swine.SourceData_Swine_MMS_MCFs_Data(),Table_SourceData_Swine_MMSMCF[[#Headers],[MMS]],0)} -> Short HRT tank storage < 1 month (pit storage) | E34: {=Common_InputFunctions.Utility_DisplayArrayInTable(SourceData_Swine.SourceData_Swine_MMS_MCFs_Data(),Table_SourceData_Swine_MMSMCF[[#Headers],[MMS]],0)} -> 0.03 | F34: {=Common_InputFunctions.Utility_DisplayArrayInTable(SourceData_Swine.SourceData_Swine_MMS_MCFs_Data(),Table_SourceData_Swine_MMSMCF[[#Headers],[MMS]],0)} -> 0.03 | G34: {=Common_InputFunctions.Utility_DisplayArrayInTable(SourceData_Swine.SourceData_Swine_MMS_MCFs_Data(),Table_SourceData_Swine_MMSMCF[[#Headers],[MMS]],0)} -> 0.03 | H34: {=Common_InputFunctions.Utility_DisplayArrayInTable(SourceData_Swine.SourceData_Swine_MMS_MCFs_Data(),Table_SourceData_Swine_MMSMCF[[#Headers],[MMS]],0)} -> 0.03 | I34: {=Common_InputFunctions.Utility_DisplayArrayInTable(SourceData_Swine.SourceData_Swine_MMS_MCFs_Data(),Table_SourceData_Swine_MMSMCF[[#Headers],[MMS]],0)} -> 0.03 | J34: {=Common_InputFunctions.Utility_DisplayArrayInTable(SourceData_Swine.SourceData_Swine_MMS_MCFs_Data(),Table_SourceData_Swine_MMSMCF[[#Headers],[MMS]],0)} -> 0.03 | K34: {=Common_InputFunctions.Utility_DisplayArrayInTable(SourceData_Swine.SourceData_Swine_MMS_MCFs_Data(),Table_SourceData_Swine_MMSMCF[[#Headers],[MMS]],0)} -> 0.03 | ... M34: {=Common_InputFunctions.Utility_DisplayArrayInTable(SourceData_Swine.SourceData_Swine_MMS_MCFs_Data(),Table_SourceData_Swine_MMSMCF[[#Headers],[MMS]],0)} -> Pit storage
D35: {=Common_InputFunctions.Utility_DisplayArrayInTable(SourceData_Swine.SourceData_Swine_MMS_MCFs_Data(),Table_SourceData_Swine_MMSMCF[[#Headers],[MMS]],0)} -> Direct Application to soil | E35: {=Common_InputFunctions.Utility_DisplayArrayInTable(SourceData_Swine.SourceData_Swine_MMS_MCFs_Data(),Table_SourceData_Swine_MMSMCF[[#Headers],[MMS]],0)} -> 0 | F35: {=Common_InputFunctions.Utility_DisplayArrayInTable(SourceData_Swine.SourceData_Swine_MMS_MCFs_Data(),Table_SourceData_Swine_MMSMCF[[#Headers],[MMS]],0)} -> 0 | G35: {=Common_InputFunctions.Utility_DisplayArrayInTable(SourceData_Swine.SourceData_Swine_MMS_MCFs_Data(),Table_SourceData_Swine_MMSMCF[[#Headers],[MMS]],0)} -> 0 | H35: {=Common_InputFunctions.Utility_DisplayArrayInTable(SourceData_Swine.SourceData_Swine_MMS_MCFs_Data(),Table_SourceData_Swine_MMSMCF[[#Headers],[MMS]],0)} -> 0 | I35: {=Common_InputFunctions.Utility_DisplayArrayInTable(SourceData_Swine.SourceData_Swine_MMS_MCFs_Data(),Table_SourceData_Swine_MMSMCF[[#Headers],[MMS]],0)} -> 0 | J35: {=Common_InputFunctions.Utility_DisplayArrayInTable(SourceData_Swine.SourceData_Swine_MMS_MCFs_Data(),Table_SourceData_Swine_MMSMCF[[#Headers],[MMS]],0)} -> 0 | K35: {=Common_InputFunctions.Utility_DisplayArrayInTable(SourceData_Swine.SourceData_Swine_MMS_MCFs_Data(),Table_SourceData_Swine_MMSMCF[[#Headers],[MMS]],0)} -> 0 | ... M35: {=Common_InputFunctions.Utility_DisplayArrayInTable(SourceData_Swine.SourceData_Swine_MMS_MCFs_Data(),Table_SourceData_Swine_MMSMCF[[#Headers],[MMS]],0)} -> Direct application
D38: Swine Manure management systems | G38: Swine Manure management systems excl. solid storage and direct application | K38: Swine Manure management systems excl. direct application
D40: MMS | E40: Symbol and MMS | G40: MMS | H40: Symbol and MMS | K40: MMS | L40: Symbol and MMS
D41: ='[1]Constants - Livestock'!$E$10 -> Anaerobic lagoon | E41: ='[1]Constants - Livestock'!$F$10 -> Anaerobic lagoon (m=1) | G41: ='[1]Constants - Livestock'!$E$10 -> Anaerobic lagoon | H41: ='[1]Constants - Livestock'!$F$10 -> Anaerobic lagoon (m=1) | K41: ='[1]Constants - Livestock'!$E$10 -> Anaerobic lagoon | L41: ='[1]Constants - Livestock'!$F$10 -> Anaerobic lagoon (m=1)
D42: ='[1]Constants - Livestock'!$E$15 -> Solid storage | E42: ='[1]Constants - Livestock'!$F$15 -> Solid storage (m=4) | G42: ='[1]Constants - Livestock'!$E$16 -> Drylot (feed pad) | H42: ='[1]Constants - Livestock'!$F$16 -> Drylot (feed pad) (m=5) | K42: ='[1]Constants - Livestock'!$E$15 -> Solid storage | L42: ='[1]Constants - Livestock'!$F$15 -> Solid storage (m=4)
D43: ='[1]Constants - Livestock'!$E$16 -> Drylot (feed pad) | E43: ='[1]Constants - Livestock'!$F$16 -> Drylot (feed pad) (m=5) | G43: ='[1]Constants - Livestock'!$E$18 -> Digester / covered lagoons | H43: ='[1]Constants - Livestock'!$F$18 -> Digester / covered lagoons (m=7) | K43: ='[1]Constants - Livestock'!$E$16 -> Drylot (feed pad) | L43: ='[1]Constants - Livestock'!$F$16 -> Drylot (feed pad) (m=5)
D44: ='[1]Constants - Livestock'!$E$18 -> Digester / covered lagoons | E44: ='[1]Constants - Livestock'!$F$18 -> Digester / covered lagoons (m=7) | G44: ='[1]Constants - Livestock'!$E$19 -> Deep litter | H44: ='[1]Constants - Livestock'!$F$19 -> Deep litter (m=8) | K44: ='[1]Constants - Livestock'!$E$18 -> Digester / covered lagoons | L44: ='[1]Constants - Livestock'!$F$18 -> Digester / covered lagoons (m=7)
D45: ='[1]Constants - Livestock'!$E$19 -> Deep litter | E45: ='[1]Constants - Livestock'!$F$19 -> Deep litter (m=8) | G45: ='[1]Constants - Livestock'!$E$20 -> Pit storage | H45: ='[1]Constants - Livestock'!$F$20 -> Pit storage (m=9) | K45: ='[1]Constants - Livestock'!$E$19 -> Deep litter | L45: ='[1]Constants - Livestock'!$F$19 -> Deep litter (m=8)
D46: ='[1]Constants - Livestock'!$E$20 -> Pit storage | E46: ='[1]Constants - Livestock'!$F$20 -> Pit storage (m=9) | K46: ='[1]Constants - Livestock'!$E$20 -> Pit storage | L46: ='[1]Constants - Livestock'!$F$20 -> Pit storage (m=9)
D47: ='[1]Constants - Livestock'!$E$26 -> Direct application | E47: ='[1]Constants - Livestock'!$F$26 -> Direct application (m=13)
D51: Fraction volatile solids lost during storage in primary system | G51: Swine housing
D53: MMS | E53: VSL | G53: Production system
D54: ='[1]Constants - Livestock'!$E$10 -> Anaerobic lagoon | E54: 0 | G54: {=Common_InputFunctions.Utility_DisplayArrayInTable(SourceData_Swine.SourceData_Swine_ProductionSystems_Data(), Table_SourceData_Swine_ProductionSystems[[#Headers],[Production system]], 0)} -> Conventional housing
D55: ='[1]Constants - Livestock'!$E$15 -> Solid storage | E55: 0 | G55: {=Common_InputFunctions.Utility_DisplayArrayInTable(SourceData_Swine.SourceData_Swine_ProductionSystems_Data(), Table_SourceData_Swine_ProductionSystems[[#Headers],[Production system]], 0)} -> Deep litter housing
D56: ='[1]Constants - Livestock'!$E$16 -> Drylot (feed pad) | E56: 0 | G56: {=Common_InputFunctions.Utility_DisplayArrayInTable(SourceData_Swine.SourceData_Swine_ProductionSystems_Data(), Table_SourceData_Swine_ProductionSystems[[#Headers],[Production system]], 0)} -> Outdoor/free range
D57: ='[1]Constants - Livestock'!$E$18 -> Digester / covered lagoons | E57: 0.75
D58: ='[1]Constants - Livestock'!$E$19 -> Deep litter | E58: 0.05
D59: ='[1]Constants - Livestock'!$E$20 -> Pit storage | E59: 0
D60: ='[1]Constants - Livestock'!$E$26 -> Direct application | E60: 0

Sheet Constants - Common
A1: #VALUE! | C1: Constants - Common
D5: {=Common_SourceData.Common_SourceData_AustralianStatesTerritories_Title()} -> Australian states and territories
D6: State/Territory | E6: Common Name | F6: Abbreviation
D7: {=Common_InputFunctions.Utility_DisplayArrayInTable(Common_SourceData.Common_SourceData_AustralianStatesTerritories_Data(),Table_AustralianStates[[#Headers],[State/Territory]],0)} -> New South Wales | E7: {=Common_InputFunctions.Utility_DisplayArrayInTable(Common_SourceData.Common_SourceData_AustralianStatesTerritories_Data(),Table_AustralianStates[[#Headers],[State/Territory]],0)} -> New South Wales | F7: {=Common_InputFunctions.Utility_DisplayArrayInTable(Common_SourceData.Common_SourceData_AustralianStatesTerritories_Data(),Table_AustralianStates[[#Headers],[State/Territory]],0)} -> NSW
D8: {=Common_InputFunctions.Utility_DisplayArrayInTable(Common_SourceData.Common_SourceData_AustralianStatesTerritories_Data(),Table_AustralianStates[[#Headers],[State/Territory]],0)} -> Australian Capital Territory | E8: {=Common_InputFunctions.Utility_DisplayArrayInTable(Common_SourceData.Common_SourceData_AustralianStatesTerritories_Data(),Table_AustralianStates[[#Headers],[State/Territory]],0)} -> ACT | F8: {=Common_InputFunctions.Utility_DisplayArrayInTable(Common_SourceData.Common_SourceData_AustralianStatesTerritories_Data(),Table_AustralianStates[[#Headers],[State/Territory]],0)} -> ACT
D9: {=Common_InputFunctions.Utility_DisplayArrayInTable(Common_SourceData.Common_SourceData_AustralianStatesTerritories_Data(),Table_AustralianStates[[#Headers],[State/Territory]],0)} -> Victoria | E9: {=Common_InputFunctions.Utility_DisplayArrayInTable(Common_SourceData.Common_SourceData_AustralianStatesTerritories_Data(),Table_AustralianStates[[#Headers],[State/Territory]],0)} -> Victoria | F9: {=Common_InputFunctions.Utility_DisplayArrayInTable(Common_SourceData.Common_SourceData_AustralianStatesTerritories_Data(),Table_AustralianStates[[#Headers],[State/Territory]],0)} -> VIC
D10: {=Common_InputFunctions.Utility_DisplayArrayInTable(Common_SourceData.Common_SourceData_AustralianStatesTerritories_Data(),Table_AustralianStates[[#Headers],[State/Territory]],0)} -> Queensland | E10: {=Common_InputFunctions.Utility_DisplayArrayInTable(Common_SourceData.Common_SourceData_AustralianStatesTerritories_Data(),Table_AustralianStates[[#Headers],[State/Territory]],0)} -> Queensland | F10: {=Common_InputFunctions.Utility_DisplayArrayInTable(Common_SourceData.Common_SourceData_AustralianStatesTerritories_Data(),Table_AustralianStates[[#Headers],[State/Territory]],0)} -> QLD
D11: {=Common_InputFunctions.Utility_DisplayArrayInTable(Common_SourceData.Common_SourceData_AustralianStatesTerritories_Data(),Table_AustralianStates[[#Headers],[State/Territory]],0)} -> South Australia | E11: {=Common_InputFunctions.Utility_DisplayArrayInTable(Common_SourceData.Common_SourceData_AustralianStatesTerritories_Data(),Table_AustralianStates[[#Headers],[State/Territory]],0)} -> South Australia | F11: {=Common_InputFunctions.Utility_DisplayArrayInTable(Common_SourceData.Common_SourceData_AustralianStatesTerritories_Data(),Table_AustralianStates[[#Headers],[State/Territory]],0)} -> SA
D12: {=Common_InputFunctions.Utility_DisplayArrayInTable(Common_SourceData.Common_SourceData_AustralianStatesTerritories_Data(),Table_AustralianStates[[#Headers],[State/Territory]],0)} -> Western Australia | E12: {=Common_InputFunctions.Utility_DisplayArrayInTable(Common_SourceData.Common_SourceData_AustralianStatesTerritories_Data(),Table_AustralianStates[[#Headers],[State/Territory]],0)} -> Western Australia | F12: {=Common_InputFunctions.Utility_DisplayArrayInTable(Common_SourceData.Common_SourceData_AustralianStatesTerritories_Data(),Table_AustralianStates[[#Headers],[State/Territory]],0)} -> WA
D13: {=Common_InputFunctions.Utility_DisplayArrayInTable(Common_SourceData.Common_SourceData_AustralianStatesTerritories_Data(),Table_AustralianStates[[#Headers],[State/Territory]],0)} -> Tasmania | E13: {=Common_InputFunctions.Utility_DisplayArrayInTable(Common_SourceData.Common_SourceData_AustralianStatesTerritories_Data(),Table_AustralianStates[[#Headers],[State/Territory]],0)} -> Tasmania | F13: {=Common_InputFunctions.Utility_DisplayArrayInTable(Common_SourceData.Common_SourceData_AustralianStatesTerritories_Data(),Table_AustralianStates[[#Headers],[State/Territory]],0)} -> TAS
D14: {=Common_InputFunctions.Utility_DisplayArrayInTable(Common_SourceData.Common_SourceData_AustralianStatesTerritories_Data(),Table_AustralianStates[[#Headers],[State/Territory]],0)} -> Northern Territory | E14: {=Common_InputFunctions.Utility_DisplayArrayInTable(Common_SourceData.Common_SourceData_AustralianStatesTerritories_Data(),Table_AustralianStates[[#Headers],[State/Territory]],0)} -> Northern Territory | F14: {=Common_InputFunctions.Utility_DisplayArrayInTable(Common_SourceData.Common_SourceData_AustralianStatesTerritories_Data(),Table_AustralianStates[[#Headers],[State/Territory]],0)} -> NT
D18: {=Common_SourceData.Common_SourceData_WASA4Areas_Title()} -> ABS Statistcal Areas Level 4 - Western Australia
D19: {=Common_SourceData.Common_SourceData_WASA4Areas_Source()} -> Australian Bureau of Statistics (ABS) - Statistical Areas Level 2 - 2021 - Shapefile
D20: SA 4 Name
D21: {=Common_InputFunctions.Utility_DisplayArrayInTable(Common_SourceData.Common_SourceData_WASA4Areas_Data(), Table_WASA4Areas[[#Headers],[SA 4 Name]], 0)} -> Bunbury
D22: {=Common_InputFunctions.Utility_DisplayArrayInTable(Common_SourceData.Common_SourceData_WASA4Areas_Data(), Table_WASA4Areas[[#Headers],[SA 4 Name]], 0)} -> Mandurah
D23: {=Common_InputFunctions.Utility_DisplayArrayInTable(Common_SourceData.Common_SourceData_WASA4Areas_Data(), Table_WASA4Areas[[#Headers],[SA 4 Name]], 0)} -> Perth - Inner
D24: {=Common_InputFunctions.Utility_DisplayArrayInTable(Common_SourceData.Common_SourceData_WASA4Areas_Data(), Table_WASA4Areas[[#Headers],[SA 4 Name]], 0)} -> Perth - North East
D25: {=Common_InputFunctions.Utility_DisplayArrayInTable(Common_SourceData.Common_SourceData_WASA4Areas_Data(), Table_WASA4Areas[[#Headers],[SA 4 Name]], 0)} -> Perth - North West
D26: {=Common_InputFunctions.Utility_DisplayArrayInTable(Common_SourceData.Common_SourceData_WASA4Areas_Data(), Table_WASA4Areas[[#Headers],[SA 4 Name]], 0)} -> Perth - South East
D27: {=Common_InputFunctions.Utility_DisplayArrayInTable(Common_SourceData.Common_SourceData_WASA4Areas_Data(), Table_WASA4Areas[[#Headers],[SA 4 Name]], 0)} -> Perth - South West
D28: {=Common_InputFunctions.Utility_DisplayArrayInTable(Common_SourceData.Common_SourceData_WASA4Areas_Data(), Table_WASA4Areas[[#Headers],[SA 4 Name]], 0)} -> Western Australia - Wheat Belt
D29: {=Common_InputFunctions.Utility_DisplayArrayInTable(Common_SourceData.Common_SourceData_WASA4Areas_Data(), Table_WASA4Areas[[#Headers],[SA 4 Name]], 0)} -> Western Australia - Outback (North)
D30: {=Common_InputFunctions.Utility_DisplayArrayInTable(Common_SourceData.Common_SourceData_WASA4Areas_Data(), Table_WASA4Areas[[#Headers],[SA 4 Name]], 0)} -> Western Australia - Outback (South)
D34: {=Common_SourceData.Common_SourceData_GWP_Title()} -> Global warming potential for greenhouse gases
D35: {=Common_SourceData.Common_SourceData_GWP_Source()} -> XXXXXXX
D36: Gas | E36: CO2-e factor
D37: {=Common_InputFunctions.Utility_DisplayArrayInTable(Common_SourceData.Common_SourceData_GWP_Data(), Table_GWPData[[#Headers],[Gas]], 0)} -> CO2 | E37: {=Common_InputFunctions.Utility_DisplayArrayInTable(Common_SourceData.Common_SourceData_GWP_Data(), Table_GWPData[[#Headers],[Gas]], 0)} -> 1
D38: {=Common_InputFunctions.Utility_DisplayArrayInTable(Common_SourceData.Common_SourceData_GWP_Data(), Table_GWPData[[#Headers],[Gas]], 0)} -> CH4 | E38: {=Common_InputFunctions.Utility_DisplayArrayInTable(Common_SourceData.Common_SourceData_GWP_Data(), Table_GWPData[[#Headers],[Gas]], 0)} -> 28
D39: {=Common_InputFunctions.Utility_DisplayArrayInTable(Common_SourceData.Common_SourceData_GWP_Data(), Table_GWPData[[#Headers],[Gas]], 0)} -> N2O | E39: {=Common_InputFunctions.Utility_DisplayArrayInTable(Common_SourceData.Common_SourceData_GWP_Data(), Table_GWPData[[#Headers],[Gas]], 0)} -> 265
D40: {=Common_InputFunctions.Utility_DisplayArrayInTable(Common_SourceData.Common_SourceData_GWP_Data(), Table_GWPData[[#Headers],[Gas]], 0)} -> CF4 | E40: {=Common_InputFunctions.Utility_DisplayArrayInTable(Common_SourceData.Common_SourceData_GWP_Data(), Table_GWPData[[#Headers],[Gas]], 0)} -> 6630
D41: {=Common_InputFunctions.Utility_DisplayArrayInTable(Common_SourceData.Common_SourceData_GWP_Data(), Table_GWPData[[#Headers],[Gas]], 0)} -> C2F6 | E41: {=Common_InputFunctions.Utility_DisplayArrayInTable(Common_SourceData.Common_SourceData_GWP_Data(), Table_GWPData[[#Headers],[Gas]], 0)} -> 12200
D42: {=Common_InputFunctions.Utility_DisplayArrayInTable(Common_SourceData.Common_SourceData_GWP_Data(), Table_GWPData[[#Headers],[Gas]], 0)} -> SF6 | E42: {=Common_InputFunctions.Utility_DisplayArrayInTable(Common_SourceData.Common_SourceData_GWP_Data(), Table_GWPData[[#Headers],[Gas]], 0)} -> 22800
D43: {=Common_InputFunctions.Utility_DisplayArrayInTable(Common_SourceData.Common_SourceData_GWP_Data(), Table_GWPData[[#Headers],[Gas]], 0)} -> NF3 | E43: {=Common_InputFunctions.Utility_DisplayArrayInTable(Common_SourceData.Common_SourceData_GWP_Data(), Table_GWPData[[#Headers],[Gas]], 0)} -> 17200
D45: {=Common_SourceData.Common_SourceData_ConvertGasElementalToMolecular_Title()} -> Factor to convert elemental mass of gas to molecular mass
D46: {=Common_SourceData.Common_SourceData_ConvertGasElementalToMolecular_Source()} -> XXXXXXX
D47: Gas | E47: Conversion factor | F47: Conversion factor 1 | G47: Conversion factor 2 | H47: Conversion factor combined
D48: {=Common_InputFunctions.Utility_DisplayArrayInTable(Common_SourceData.Common_SourceData_ConvertGasElementalToMolecular_Data(),Table_GasToMolecularConversionFactor[[#Headers],[Gas]], 0)} -> CO2 | E48: {=Common_InputFunctions.Utility_DisplayArrayInTable(Common_SourceData.Common_SourceData_ConvertGasElementalToMolecular_Data(),Table_GasToMolecularConversionFactor[[#Headers],[Gas]], 0)} -> 44/12 | F48: {=Common_InputFunctions.Utility_DisplayArrayInTable(Common_SourceData.Common_SourceData_ConvertGasElementalToMolecular_Data(),Table_GasToMolecularConversionFactor[[#Headers],[Gas]], 0)} -> 44 | G48: {=Common_InputFunctions.Utility_DisplayArrayInTable(Common_SourceData.Common_SourceData_ConvertGasElementalToMolecular_Data(),Table_GasToMolecularConversionFactor[[#Headers],[Gas]], 0)} -> 12 | H48: =Table_GasToMolecularConversionFactor[[#This Row],[Conversion factor 1]]/Table_GasToMolecularConversionFactor[[#This Row],[Conversion factor 2]] -> 3.6666667
D49: {=Common_InputFunctions.Utility_DisplayArrayInTable(Common_SourceData.Common_SourceData_ConvertGasElementalToMolecular_Data(),Table_GasToMolecularConversionFactor[[#Headers],[Gas]], 0)} -> CH4 | E49: {=Common_InputFunctions.Utility_DisplayArrayInTable(Common_SourceData.Common_SourceData_ConvertGasElementalToMolecular_Data(),Table_GasToMolecularConversionFactor[[#Headers],[Gas]], 0)} -> 16/12 | F49: {=Common_InputFunctions.Utility_DisplayArrayInTable(Common_SourceData.Common_SourceData_ConvertGasElementalToMolecular_Data(),Table_GasToMolecularConversionFactor[[#Headers],[Gas]], 0)} -> 16 | G49: {=Common_InputFunctions.Utility_DisplayArrayInTable(Common_SourceData.Common_SourceData_ConvertGasElementalToMolecular_Data(),Table_GasToMolecularConversionFactor[[#Headers],[Gas]], 0)} -> 12 | H49: =Table_GasToMolecularConversionFactor[[#This Row],[Conversion factor 1]]/Table_GasToMolecularConversionFactor[[#This Row],[Conversion factor 2]] -> 1.3333333
D50: {=Common_InputFunctions.Utility_DisplayArrayInTable(Common_SourceData.Common_SourceData_ConvertGasElementalToMolecular_Data(),Table_GasToMolecularConversionFactor[[#Headers],[Gas]], 0)} -> N2O | E50: {=Common_InputFunctions.Utility_DisplayArrayInTable(Common_SourceData.Common_SourceData_ConvertGasElementalToMolecular_Data(),Table_GasToMolecularConversionFactor[[#Headers],[Gas]], 0)} -> 44/28 | F50: {=Common_InputFunctions.Utility_DisplayArrayInTable(Common_SourceData.Common_SourceData_ConvertGasElementalToMolecular_Data(),Table_GasToMolecularConversionFactor[[#Headers],[Gas]], 0)} -> 44 | G50: {=Common_InputFunctions.Utility_DisplayArrayInTable(Common_SourceData.Common_SourceData_ConvertGasElementalToMolecular_Data(),Table_GasToMolecularConversionFactor[[#Headers],[Gas]], 0)} -> 28 | H50: =Table_GasToMolecularConversionFactor[[#This Row],[Conversion factor 1]]/Table_GasToMolecularConversionFactor[[#This Row],[Conversion factor 2]] -> 1.5714286
D51: {=Common_InputFunctions.Utility_DisplayArrayInTable(Common_SourceData.Common_SourceData_ConvertGasElementalToMolecular_Data(),Table_GasToMolecularConversionFactor[[#Headers],[Gas]], 0)} -> Nox | E51: {=Common_InputFunctions.Utility_DisplayArrayInTable(Common_SourceData.Common_SourceData_ConvertGasElementalToMolecular_Data(),Table_GasToMolecularConversionFactor[[#Headers],[Gas]], 0)} -> 46/14 | F51: {=Common_InputFunctions.Utility_DisplayArrayInTable(Common_SourceData.Common_SourceData_ConvertGasElementalToMolecular_Data(),Table_GasToMolecularConversionFactor[[#Headers],[Gas]], 0)} -> 46 | G51: {=Common_InputFunctions.Utility_DisplayArrayInTable(Common_SourceData.Common_SourceData_ConvertGasElementalToMolecular_Data(),Table_GasToMolecularConversionFactor[[#Headers],[Gas]], 0)} -> 14 | H51: =Table_GasToMolecularConversionFactor[[#This Row],[Conversion factor 1]]/Table_GasToMolecularConversionFactor[[#This Row],[Conversion factor 2]] -> 3.2857143
D52: {=Common_InputFunctions.Utility_DisplayArrayInTable(Common_SourceData.Common_SourceData_ConvertGasElementalToMolecular_Data(),Table_GasToMolecularConversionFactor[[#Headers],[Gas]], 0)} -> CO | E52: {=Common_InputFunctions.Utility_DisplayArrayInTable(Common_SourceData.Common_SourceData_ConvertGasElementalToMolecular_Data(),Table_GasToMolecularConversionFactor[[#Headers],[Gas]], 0)} -> 28/12 | F52: {=Common_InputFunctions.Utility_DisplayArrayInTable(Common_SourceData.Common_SourceData_ConvertGasElementalToMolecular_Data(),Table_GasToMolecularConversionFactor[[#Headers],[Gas]], 0)} -> 28 | G52: {=Common_InputFunctions.Utility_DisplayArrayInTable(Common_SourceData.Common_SourceData_ConvertGasElementalToMolecular_Data(),Table_GasToMolecularConversionFactor[[#Headers],[Gas]], 0)} -> 12 | H52: =Table_GasToMolecularConversionFactor[[#This Row],[Conversion factor 1]]/Table_GasToMolecularConversionFactor[[#This Row],[Conversion factor 2]] -> 2.3333333
D53: {=Common_InputFunctions.Utility_DisplayArrayInTable(Common_SourceData.Common_SourceData_ConvertGasElementalToMolecular_Data(),Table_GasToMolecularConversionFactor[[#Headers],[Gas]], 0)} -> CO2 Lime | E53: {=Common_InputFunctions.Utility_DisplayArrayInTable(Common_SourceData.Common_SourceData_ConvertGasElementalToMolecular_Data(),Table_GasToMolecularConversionFactor[[#Headers],[Gas]], 0)} -> 44/12 | F53: {=Common_InputFunctions.Utility_DisplayArrayInTable(Common_SourceData.Common_SourceData_ConvertGasElementalToMolecular_Data(),Table_GasToMolecularConversionFactor[[#Headers],[Gas]], 0)} -> 44 | G53: {=Common_InputFunctions.Utility_DisplayArrayInTable(Common_SourceData.Common_SourceData_ConvertGasElementalToMolecular_Data(),Table_GasToMolecularConversionFactor[[#Headers],[Gas]], 0)} -> 12 | H53: =Table_GasToMolecularConversionFactor[[#This Row],[Conversion factor 1]]/Table_GasToMolecularConversionFactor[[#This Row],[Conversion factor 2]] -> 3.6666667
D54: {=Common_InputFunctions.Utility_DisplayArrayInTable(Common_SourceData.Common_SourceData_ConvertGasElementalToMolecular_Data(),Table_GasToMolecularConversionFactor[[#Headers],[Gas]], 0)} -> NMVOC | E54: {=Common_InputFunctions.Utility_DisplayArrayInTable(Common_SourceData.Common_SourceData_ConvertGasElementalToMolecular_Data(),Table_GasToMolecularConversionFactor[[#Headers],[Gas]], 0)} -> 14/12 | F54: {=Common_InputFunctions.Utility_DisplayArrayInTable(Common_SourceData.Common_SourceData_ConvertGasElementalToMolecular_Data(),Table_GasToMolecularConversionFactor[[#Headers],[Gas]], 0)} -> 14 | G54: {=Common_InputFunctions.Utility_DisplayArrayInTable(Common_SourceData.Common_SourceData_ConvertGasElementalToMolecular_Data(),Table_GasToMolecularConversionFactor[[#Headers],[Gas]], 0)} -> 12 | H54: =Table_GasToMolecularConversionFactor[[#This Row],[Conversion factor 1]]/Table_GasToMolecularConversionFactor[[#This Row],[Conversion factor 2]] -> 1.1666667
D57: {=Common_SourceData.Common_SourceData_WetAndDryZones_Title()} -> VEERG Australian wet and dry zones
D58: {=Common_SourceData.Common_SourceData_WetAndDryZones_Source()} -> VEERG 2026: Table 1.2: Translating climate zones to wet and dry zones
D59: {="⚠️" & Common_SourceData.Common_SourceData_WetAndDryZones_Variation()} -> ⚠️VARIATION OF SOURCE DATA:
D60: ⚠️Added warm / cool temperate moist / dry - low frost and high temp classes to accommodate climate scenarios excluded by VEERG criteria.
D61: ⚠️Fixed typo - Changed 'Fry' to 'Dry'.
D63: Climate zone | E63: Wet or Dry Zone
D64: {=Common_InputFunctions.Utility_DisplayArrayInTable(Common_SourceData.Common_SourceData_WetAndDryZones_Data(), Table_SourceData_WetDryZones[[#Headers],[Climate zone]], 0)} -> Tropical montane | E64: {=Common_InputFunctions.Utility_DisplayArrayInTable(Common_SourceData.Common_SourceData_WetAndDryZones_Data(), Table_SourceData_WetDryZones[[#Headers],[Climate zone]], 0)} -> Wet climate zone
D65: {=Common_InputFunctions.Utility_DisplayArrayInTable(Common_SourceData.Common_SourceData_WetAndDryZones_Data(), Table_SourceData_WetDryZones[[#Headers],[Climate zone]], 0)} -> Tropical wet | E65: {=Common_InputFunctions.Utility_DisplayArrayInTable(Common_SourceData.Common_SourceData_WetAndDryZones_Data(), Table_SourceData_WetDryZones[[#Headers],[Climate zone]], 0)} -> Wet climate zone
D66: {=Common_InputFunctions.Utility_DisplayArrayInTable(Common_SourceData.Common_SourceData_WetAndDryZones_Data(), Table_SourceData_WetDryZones[[#Headers],[Climate zone]], 0)} -> Tropical moist | E66: {=Common_InputFunctions.Utility_DisplayArrayInTable(Common_SourceData.Common_SourceData_WetAndDryZones_Data(), Table_SourceData_WetDryZones[[#Headers],[Climate zone]], 0)} -> Wet climate zone
D67: {=Common_InputFunctions.Utility_DisplayArrayInTable(Common_SourceData.Common_SourceData_WetAndDryZones_Data(), Table_SourceData_WetDryZones[[#Headers],[Climate zone]], 0)} -> Tropical dry | E67: {=Common_InputFunctions.Utility_DisplayArrayInTable(Common_SourceData.Common_SourceData_WetAndDryZones_Data(), Table_SourceData_WetDryZones[[#Headers],[Climate zone]], 0)} -> Dry climate zone
D68: {=Common_InputFunctions.Utility_DisplayArrayInTable(Common_SourceData.Common_SourceData_WetAndDryZones_Data(), Table_SourceData_WetDryZones[[#Headers],[Climate zone]], 0)} -> Warm temperate moist | E68: {=Common_InputFunctions.Utility_DisplayArrayInTable(Common_SourceData.Common_SourceData_WetAndDryZones_Data(), Table_SourceData_WetDryZones[[#Headers],[Climate zone]], 0)} -> Wet climate zone
D69: {=Common_InputFunctions.Utility_DisplayArrayInTable(Common_SourceData.Common_SourceData_WetAndDryZones_Data(), Table_SourceData_WetDryZones[[#Headers],[Climate zone]], 0)} -> Warm temperate dry | E69: {=Common_InputFunctions.Utility_DisplayArrayInTable(Common_SourceData.Common_SourceData_WetAndDryZones_Data(), Table_SourceData_WetDryZones[[#Headers],[Climate zone]], 0)} -> Dry climate zone
D70: {=Common_InputFunctions.Utility_DisplayArrayInTable(Common_SourceData.Common_SourceData_WetAndDryZones_Data(), Table_SourceData_WetDryZones[[#Headers],[Climate zone]], 0)} -> Cool temperate moist | E70: {=Common_InputFunctions.Utility_DisplayArrayInTable(Common_SourceData.Common_SourceData_WetAndDryZones_Data(), Table_SourceData_WetDryZones[[#Headers],[Climate zone]], 0)} -> Wet climate zone
D71: {=Common_InputFunctions.Utility_DisplayArrayInTable(Common_SourceData.Common_SourceData_WetAndDryZones_Data(), Table_SourceData_WetDryZones[[#Headers],[Climate zone]], 0)} -> Cool temperate dry | E71: {=Common_InputFunctions.Utility_DisplayArrayInTable(Common_SourceData.Common_SourceData_WetAndDryZones_Data(), Table_SourceData_WetDryZones[[#Headers],[Climate zone]], 0)} -> Dry climate zone
D72: {=Common_InputFunctions.Utility_DisplayArrayInTable(Common_SourceData.Common_SourceData_WetAndDryZones_Data(), Table_SourceData_WetDryZones[[#Headers],[Climate zone]], 0)} -> Warm temperate moist - low frost | E72: {=Common_InputFunctions.Utility_DisplayArrayInTable(Common_SourceData.Common_SourceData_WetAndDryZones_Data(), Table_SourceData_WetDryZones[[#Headers],[Climate zone]], 0)} -> Wet climate zone
D73: {=Common_InputFunctions.Utility_DisplayArrayInTable(Common_SourceData.Common_SourceData_WetAndDryZones_Data(), Table_SourceData_WetDryZones[[#Headers],[Climate zone]], 0)} -> Warm temperate dry - low frost | E73: {=Common_InputFunctions.Utility_DisplayArrayInTable(Common_SourceData.Common_SourceData_WetAndDryZones_Data(), Table_SourceData_WetDryZones[[#Headers],[Climate zone]], 0)} -> Dry climate zone
D74: {=Common_InputFunctions.Utility_DisplayArrayInTable(Common_SourceData.Common_SourceData_WetAndDryZones_Data(), Table_SourceData_WetDryZones[[#Headers],[Climate zone]], 0)} -> Warm temperate moist - high temp | E74: {=Common_InputFunctions.Utility_DisplayArrayInTable(Common_SourceData.Common_SourceData_WetAndDryZones_Data(), Table_SourceData_WetDryZones[[#Headers],[Climate zone]], 0)} -> Wet climate zone
D75: {=Common_InputFunctions.Utility_DisplayArrayInTable(Common_SourceData.Common_SourceData_WetAndDryZones_Data(), Table_SourceData_WetDryZones[[#Headers],[Climate zone]], 0)} -> Warm temperate dry - high temp | E75: {=Common_InputFunctions.Utility_DisplayArrayInTable(Common_SourceData.Common_SourceData_WetAndDryZones_Data(), Table_SourceData_WetDryZones[[#Headers],[Climate zone]], 0)} -> Dry climate zone
... D77: {=Common_InputFunctions.Utility_DisplayArrayInTable(Common_SourceData.Common_SourceData_WetAndDryZones_Data(), Table_SourceData_WetDryZones[[#Headers],[Climate zone]], 0)} -> Cool temperate dry - low frost | E77: {=Common_InputFunctions.Utility_DisplayArrayInTable(Common_SourceData.Common_SourceData_WetAndDryZones_Data(), Table_SourceData_WetDryZones[[#Headers],[Climate zone]], 0)} -> Dry climate zone
D81: {=Common_SourceData.Common_SourceData_ClimateZones_Title()} -> VEERG Australian climate zones
D82: {=Common_SourceData.Common_SourceData_ClimateZones_Source()} -> VEERG 2026: Table 1.3: Climate and Rainfall zone classifications and definitions
D83: {="⚠️" & Common_SourceData.Common_SourceData_ClimateZones_Variation()} -> ⚠️VARIATION OF SOURCE DATA:
D84: ⚠️Added warm / cool temperate moist / dry - low frost and high temp classes to accommodate climate scenarios excluded by VEERG criteria.
D85: ⚠️Fixed typo in MAT value for warm temperate dry - changed 10 to 11.
D86: ⚠️Added min and max columns for MAT, MAP, frost days per year, elevation, MAP:PET to calculate zones from real climate data.
D87: ⚠️GAF accepts rainfall as a proxy for precipitation.
D89: Climate zone | E89: MAT | F89: MAP | G89: Frost days per year | H89: Elevation | I89: MAP:PET | J89: Min temp | K89: Max temp | L89: Min rainfall | M89: Max rainfall | N89: Min frost days | O89: Max frost days | P89: Min elevation | Q89: Max elevation | R89: Min MAP:PET | S89: Max MAP:PET
D90: {=Common_InputFunctions.Utility_DisplayArrayInTable(Common_SourceData.Common_SourceData_ClimateZones_Data(), Table_SourceData_ClimateZones[[#Headers],[Climate zone]], 0)} -> Tropical montane | E90: {=Common_InputFunctions.Utility_DisplayArrayInTable(Common_SourceData.Common_SourceData_ClimateZones_Data(), Table_SourceData_ClimateZones[[#Headers],[Climate zone]], 0)} -> > 18 C | F90: {=Common_InputFunctions.Utility_DisplayArrayInTable(Common_SourceData.Common_SourceData_ClimateZones_Data(), Table_SourceData_ClimateZones[[#Headers],[Climate zone]], 0)} -> Any | G90: {=Common_InputFunctions.Utility_DisplayArrayInTable(Common_SourceData.Common_SourceData_ClimateZones_Data(), Table_SourceData_ClimateZones[[#Headers],[Climate zone]], 0)} -> ≤ 7 | H90: {=Common_InputFunctions.Utility_DisplayArrayInTable(Common_SourceData.Common_SourceData_ClimateZones_Data(), Table_SourceData_ClimateZones[[#Headers],[Climate zone]], 0)} -> > 1000 m | I90: {=Common_InputFunctions.Utility_DisplayArrayInTable(Common_SourceData.Common_SourceData_ClimateZones_Data(), Table_SourceData_ClimateZones[[#Headers],[Climate zone]], 0)} -> Any | J90: {=Common_InputFunctions.Utility_DisplayArrayInTable(Common_SourceData.Common_SourceData_ClimateZones_Data(), Table_SourceData_ClimateZones[[#Headers],[Climate zone]], 0)} -> 18.001 | K90: {=Common_InputFunctions.Utility_DisplayArrayInTable(Common_SourceData.Common_SourceData_ClimateZones_Data(), Table_SourceData_ClimateZones[[#Headers],[Climate zone]], 0)} -> 999999 | ... S90: {=Common_InputFunctions.Utility_DisplayArrayInTable(Common_SourceData.Common_SourceData_ClimateZones_Data(), Table_SourceData_ClimateZones[[#Headers],[Climate zone]], 0)} -> 999999
D91: {=Common_InputFunctions.Utility_DisplayArrayInTable(Common_SourceData.Common_SourceData_ClimateZones_Data(), Table_SourceData_ClimateZones[[#Headers],[Climate zone]], 0)} -> Tropical wet | E91: {=Common_InputFunctions.Utility_DisplayArrayInTable(Common_SourceData.Common_SourceData_ClimateZones_Data(), Table_SourceData_ClimateZones[[#Headers],[Climate zone]], 0)} -> > 18 C | F91: {=Common_InputFunctions.Utility_DisplayArrayInTable(Common_SourceData.Common_SourceData_ClimateZones_Data(), Table_SourceData_ClimateZones[[#Headers],[Climate zone]], 0)} -> > 2000 mm | G91: {=Common_InputFunctions.Utility_DisplayArrayInTable(Common_SourceData.Common_SourceData_ClimateZones_Data(), Table_SourceData_ClimateZones[[#Headers],[Climate zone]], 0)} -> ≤ 7 | H91: {=Common_InputFunctions.Utility_DisplayArrayInTable(Common_SourceData.Common_SourceData_ClimateZones_Data(), Table_SourceData_ClimateZones[[#Headers],[Climate zone]], 0)} -> ≤ 1000 m | I91: {=Common_InputFunctions.Utility_DisplayArrayInTable(Common_SourceData.Common_SourceData_ClimateZones_Data(), Table_SourceData_ClimateZones[[#Headers],[Climate zone]], 0)} -> Any | J91: {=Common_InputFunctions.Utility_DisplayArrayInTable(Common_SourceData.Common_SourceData_ClimateZones_Data(), Table_SourceData_ClimateZones[[#Headers],[Climate zone]], 0)} -> 18.001 | K91: {=Common_InputFunctions.Utility_DisplayArrayInTable(Common_SourceData.Common_SourceData_ClimateZones_Data(), Table_SourceData_ClimateZones[[#Headers],[Climate zone]], 0)} -> 999999 | ... S91: {=Common_InputFunctions.Utility_DisplayArrayInTable(Common_SourceData.Common_SourceData_ClimateZones_Data(), Table_SourceData_ClimateZones[[#Headers],[Climate zone]], 0)} -> 999999
D92: {=Common_InputFunctions.Utility_DisplayArrayInTable(Common_SourceData.Common_SourceData_ClimateZones_Data(), Table_SourceData_ClimateZones[[#Headers],[Climate zone]], 0)} -> Tropical moist | E92: {=Common_InputFunctions.Utility_DisplayArrayInTable(Common_SourceData.Common_SourceData_ClimateZones_Data(), Table_SourceData_ClimateZones[[#Headers],[Climate zone]], 0)} -> > 18 C | F92: {=Common_InputFunctions.Utility_DisplayArrayInTable(Common_SourceData.Common_SourceData_ClimateZones_Data(), Table_SourceData_ClimateZones[[#Headers],[Climate zone]], 0)} -> > 1000 mm - ≤ 2000 mm | G92: {=Common_InputFunctions.Utility_DisplayArrayInTable(Common_SourceData.Common_SourceData_ClimateZones_Data(), Table_SourceData_ClimateZones[[#Headers],[Climate zone]], 0)} -> ≤ 7 | H92: {=Common_InputFunctions.Utility_DisplayArrayInTable(Common_SourceData.Common_SourceData_ClimateZones_Data(), Table_SourceData_ClimateZones[[#Headers],[Climate zone]], 0)} -> ≤ 1000 m | I92: {=Common_InputFunctions.Utility_DisplayArrayInTable(Common_SourceData.Common_SourceData_ClimateZones_Data(), Table_SourceData_ClimateZones[[#Headers],[Climate zone]], 0)} -> Any | J92: {=Common_InputFunctions.Utility_DisplayArrayInTable(Common_SourceData.Common_SourceData_ClimateZones_Data(), Table_SourceData_ClimateZones[[#Headers],[Climate zone]], 0)} -> 18.001 | K92: {=Common_InputFunctions.Utility_DisplayArrayInTable(Common_SourceData.Common_SourceData_ClimateZones_Data(), Table_SourceData_ClimateZones[[#Headers],[Climate zone]], 0)} -> 999999 | ... S92: {=Common_InputFunctions.Utility_DisplayArrayInTable(Common_SourceData.Common_SourceData_ClimateZones_Data(), Table_SourceData_ClimateZones[[#Headers],[Climate zone]], 0)} -> 999999
D93: {=Common_InputFunctions.Utility_DisplayArrayInTable(Common_SourceData.Common_SourceData_ClimateZones_Data(), Table_SourceData_ClimateZones[[#Headers],[Climate zone]], 0)} -> Tropical dry | E93: {=Common_InputFunctions.Utility_DisplayArrayInTable(Common_SourceData.Common_SourceData_ClimateZones_Data(), Table_SourceData_ClimateZones[[#Headers],[Climate zone]], 0)} -> > 18 C | F93: {=Common_InputFunctions.Utility_DisplayArrayInTable(Common_SourceData.Common_SourceData_ClimateZones_Data(), Table_SourceData_ClimateZones[[#Headers],[Climate zone]], 0)} -> ≤ 1000 mm | G93: {=Common_InputFunctions.Utility_DisplayArrayInTable(Common_SourceData.Common_SourceData_ClimateZones_Data(), Table_SourceData_ClimateZones[[#Headers],[Climate zone]], 0)} -> ≤ 7 | H93: {=Common_InputFunctions.Utility_DisplayArrayInTable(Common_SourceData.Common_SourceData_ClimateZones_Data(), Table_SourceData_ClimateZones[[#Headers],[Climate zone]], 0)} -> ≤ 1000 m | I93: {=Common_InputFunctions.Utility_DisplayArrayInTable(Common_SourceData.Common_SourceData_ClimateZones_Data(), Table_SourceData_ClimateZones[[#Headers],[Climate zone]], 0)} -> Any | J93: {=Common_InputFunctions.Utility_DisplayArrayInTable(Common_SourceData.Common_SourceData_ClimateZones_Data(), Table_SourceData_ClimateZones[[#Headers],[Climate zone]], 0)} -> 18.001 | K93: {=Common_InputFunctions.Utility_DisplayArrayInTable(Common_SourceData.Common_SourceData_ClimateZones_Data(), Table_SourceData_ClimateZones[[#Headers],[Climate zone]], 0)} -> 999999 | ... S93: {=Common_InputFunctions.Utility_DisplayArrayInTable(Common_SourceData.Common_SourceData_ClimateZones_Data(), Table_SourceData_ClimateZones[[#Headers],[Climate zone]], 0)} -> 999999
D94: {=Common_InputFunctions.Utility_DisplayArrayInTable(Common_SourceData.Common_SourceData_ClimateZones_Data(), Table_SourceData_ClimateZones[[#Headers],[Climate zone]], 0)} -> Warm temperate moist | E94: {=Common_InputFunctions.Utility_DisplayArrayInTable(Common_SourceData.Common_SourceData_ClimateZones_Data(), Table_SourceData_ClimateZones[[#Headers],[Climate zone]], 0)} -> > 10 C | F94: {=Common_InputFunctions.Utility_DisplayArrayInTable(Common_SourceData.Common_SourceData_ClimateZones_Data(), Table_SourceData_ClimateZones[[#Headers],[Climate zone]], 0)} -> Any | G94: {=Common_InputFunctions.Utility_DisplayArrayInTable(Common_SourceData.Common_SourceData_ClimateZones_Data(), Table_SourceData_ClimateZones[[#Headers],[Climate zone]], 0)} -> Any | H94: {=Common_InputFunctions.Utility_DisplayArrayInTable(Common_SourceData.Common_SourceData_ClimateZones_Data(), Table_SourceData_ClimateZones[[#Headers],[Climate zone]], 0)} -> Any | I94: {=Common_InputFunctions.Utility_DisplayArrayInTable(Common_SourceData.Common_SourceData_ClimateZones_Data(), Table_SourceData_ClimateZones[[#Headers],[Climate zone]], 0)} -> > 1 | J94: {=Common_InputFunctions.Utility_DisplayArrayInTable(Common_SourceData.Common_SourceData_ClimateZones_Data(), Table_SourceData_ClimateZones[[#Headers],[Climate zone]], 0)} -> 10.001 | K94: {=Common_InputFunctions.Utility_DisplayArrayInTable(Common_SourceData.Common_SourceData_ClimateZones_Data(), Table_SourceData_ClimateZones[[#Headers],[Climate zone]], 0)} -> 999999 | ... S94: {=Common_InputFunctions.Utility_DisplayArrayInTable(Common_SourceData.Common_SourceData_ClimateZones_Data(), Table_SourceData_ClimateZones[[#Headers],[Climate zone]], 0)} -> 999999
D95: {=Common_InputFunctions.Utility_DisplayArrayInTable(Common_SourceData.Common_SourceData_ClimateZones_Data(), Table_SourceData_ClimateZones[[#Headers],[Climate zone]], 0)} -> Warm temperate dry | E95: {=Common_InputFunctions.Utility_DisplayArrayInTable(Common_SourceData.Common_SourceData_ClimateZones_Data(), Table_SourceData_ClimateZones[[#Headers],[Climate zone]], 0)} -> > 10 C | F95: {=Common_InputFunctions.Utility_DisplayArrayInTable(Common_SourceData.Common_SourceData_ClimateZones_Data(), Table_SourceData_ClimateZones[[#Headers],[Climate zone]], 0)} -> Any | G95: {=Common_InputFunctions.Utility_DisplayArrayInTable(Common_SourceData.Common_SourceData_ClimateZones_Data(), Table_SourceData_ClimateZones[[#Headers],[Climate zone]], 0)} -> Any | H95: {=Common_InputFunctions.Utility_DisplayArrayInTable(Common_SourceData.Common_SourceData_ClimateZones_Data(), Table_SourceData_ClimateZones[[#Headers],[Climate zone]], 0)} -> Any | I95: {=Common_InputFunctions.Utility_DisplayArrayInTable(Common_SourceData.Common_SourceData_ClimateZones_Data(), Table_SourceData_ClimateZones[[#Headers],[Climate zone]], 0)} -> ≤ 1 | J95: {=Common_InputFunctions.Utility_DisplayArrayInTable(Common_SourceData.Common_SourceData_ClimateZones_Data(), Table_SourceData_ClimateZones[[#Headers],[Climate zone]], 0)} -> 10.001 | K95: {=Common_InputFunctions.Utility_DisplayArrayInTable(Common_SourceData.Common_SourceData_ClimateZones_Data(), Table_SourceData_ClimateZones[[#Headers],[Climate zone]], 0)} -> 999999 | ... S95: {=Common_InputFunctions.Utility_DisplayArrayInTable(Common_SourceData.Common_SourceData_ClimateZones_Data(), Table_SourceData_ClimateZones[[#Headers],[Climate zone]], 0)} -> 1
D96: {=Common_InputFunctions.Utility_DisplayArrayInTable(Common_SourceData.Common_SourceData_ClimateZones_Data(), Table_SourceData_ClimateZones[[#Headers],[Climate zone]], 0)} -> Cool temperate moist | E96: {=Common_InputFunctions.Utility_DisplayArrayInTable(Common_SourceData.Common_SourceData_ClimateZones_Data(), Table_SourceData_ClimateZones[[#Headers],[Climate zone]], 0)} -> > 0 C - ≤ 10 C | F96: {=Common_InputFunctions.Utility_DisplayArrayInTable(Common_SourceData.Common_SourceData_ClimateZones_Data(), Table_SourceData_ClimateZones[[#Headers],[Climate zone]], 0)} -> Any | G96: {=Common_InputFunctions.Utility_DisplayArrayInTable(Common_SourceData.Common_SourceData_ClimateZones_Data(), Table_SourceData_ClimateZones[[#Headers],[Climate zone]], 0)} -> Any | H96: {=Common_InputFunctions.Utility_DisplayArrayInTable(Common_SourceData.Common_SourceData_ClimateZones_Data(), Table_SourceData_ClimateZones[[#Headers],[Climate zone]], 0)} -> Any | I96: {=Common_InputFunctions.Utility_DisplayArrayInTable(Common_SourceData.Common_SourceData_ClimateZones_Data(), Table_SourceData_ClimateZones[[#Headers],[Climate zone]], 0)} -> > 1 | J96: {=Common_InputFunctions.Utility_DisplayArrayInTable(Common_SourceData.Common_SourceData_ClimateZones_Data(), Table_SourceData_ClimateZones[[#Headers],[Climate zone]], 0)} -> -999999 | K96: {=Common_InputFunctions.Utility_DisplayArrayInTable(Common_SourceData.Common_SourceData_ClimateZones_Data(), Table_SourceData_ClimateZones[[#Headers],[Climate zone]], 0)} -> 10 | ... S96: {=Common_InputFunctions.Utility_DisplayArrayInTable(Common_SourceData.Common_SourceData_ClimateZones_Data(), Table_SourceData_ClimateZones[[#Headers],[Climate zone]], 0)} -> 999999
D97: {=Common_InputFunctions.Utility_DisplayArrayInTable(Common_SourceData.Common_SourceData_ClimateZones_Data(), Table_SourceData_ClimateZones[[#Headers],[Climate zone]], 0)} -> Cool temperate dry | E97: {=Common_InputFunctions.Utility_DisplayArrayInTable(Common_SourceData.Common_SourceData_ClimateZones_Data(), Table_SourceData_ClimateZones[[#Headers],[Climate zone]], 0)} -> > 0 C - ≤ 10 C | F97: {=Common_InputFunctions.Utility_DisplayArrayInTable(Common_SourceData.Common_SourceData_ClimateZones_Data(), Table_SourceData_ClimateZones[[#Headers],[Climate zone]], 0)} -> Any | G97: {=Common_InputFunctions.Utility_DisplayArrayInTable(Common_SourceData.Common_SourceData_ClimateZones_Data(), Table_SourceData_ClimateZones[[#Headers],[Climate zone]], 0)} -> Any | H97: {=Common_InputFunctions.Utility_DisplayArrayInTable(Common_SourceData.Common_SourceData_ClimateZones_Data(), Table_SourceData_ClimateZones[[#Headers],[Climate zone]], 0)} -> Any | I97: {=Common_InputFunctions.Utility_DisplayArrayInTable(Common_SourceData.Common_SourceData_ClimateZones_Data(), Table_SourceData_ClimateZones[[#Headers],[Climate zone]], 0)} -> ≤ 1 | J97: {=Common_InputFunctions.Utility_DisplayArrayInTable(Common_SourceData.Common_SourceData_ClimateZones_Data(), Table_SourceData_ClimateZones[[#Headers],[Climate zone]], 0)} -> -999999 | K97: {=Common_InputFunctions.Utility_DisplayArrayInTable(Common_SourceData.Common_SourceData_ClimateZones_Data(), Table_SourceData_ClimateZones[[#Headers],[Climate zone]], 0)} -> 10 | ... S97: {=Common_InputFunctions.Utility_DisplayArrayInTable(Common_SourceData.Common_SourceData_ClimateZones_Data(), Table_SourceData_ClimateZones[[#Headers],[Climate zone]], 0)} -> 1
D98: {=Common_SourceData.Common_SourceData_ClimateZones_Appendices()} -> Note:
D99: MAT = mean annual temperature
D100: MAP = mean annual precipitation
D101: PET = potential evapotranspiration
D105: {=Common_SourceData.Common_SourceData_TemperatureZones_Title()} -> VEERG Australian temperature zones
D106: {=Common_SourceData.Common_SourceData_TemperatureZones_Source()} -> VEERG 2026: Table 1.3: Climate and Rainfall zone classifications and definitions
D107: {="⚠️" & Common_SourceData.Common_SourceData_TemperatureZones_Variation()} -> ⚠️VARIATION OF SOURCE DATA: Added extra MAT min and MAT max columns to calculate zone from real temperature data.
D109: Temperature Zone | E109: MAT | F109: Min MAT | G109: Max MAT
D110: {=Common_InputFunctions.Utility_DisplayArrayInTable(Common_SourceData.Common_SourceData_TemperatureZones_Data(),Table_SourceData_TemperatureZones[[#Headers],[Temperature Zone]],0)} -> Warm | E110: {=Common_InputFunctions.Utility_DisplayArrayInTable(Common_SourceData.Common_SourceData_TemperatureZones_Data(),Table_SourceData_TemperatureZones[[#Headers],[Temperature Zone]],0)} -> ≥ 26 C | F110: {=Common_InputFunctions.Utility_DisplayArrayInTable(Common_SourceData.Common_SourceData_TemperatureZones_Data(),Table_SourceData_TemperatureZones[[#Headers],[Temperature Zone]],0)} -> 26 | G110: {=Common_InputFunctions.Utility_DisplayArrayInTable(Common_SourceData.Common_SourceData_TemperatureZones_Data(),Table_SourceData_TemperatureZones[[#Headers],[Temperature Zone]],0)} -> 999999
D111: {=Common_InputFunctions.Utility_DisplayArrayInTable(Common_SourceData.Common_SourceData_TemperatureZones_Data(),Table_SourceData_TemperatureZones[[#Headers],[Temperature Zone]],0)} -> Temperate | E111: {=Common_InputFunctions.Utility_DisplayArrayInTable(Common_SourceData.Common_SourceData_TemperatureZones_Data(),Table_SourceData_TemperatureZones[[#Headers],[Temperature Zone]],0)} -> 15 - 25 C | F111: {=Common_InputFunctions.Utility_DisplayArrayInTable(Common_SourceData.Common_SourceData_TemperatureZones_Data(),Table_SourceData_TemperatureZones[[#Headers],[Temperature Zone]],0)} -> 15 | G111: {=Common_InputFunctions.Utility_DisplayArrayInTable(Common_SourceData.Common_SourceData_TemperatureZones_Data(),Table_SourceData_TemperatureZones[[#Headers],[Temperature Zone]],0)} -> 25.999
D112: {=Common_InputFunctions.Utility_DisplayArrayInTable(Common_SourceData.Common_SourceData_TemperatureZones_Data(),Table_SourceData_TemperatureZones[[#Headers],[Temperature Zone]],0)} -> Cool | E112: {=Common_InputFunctions.Utility_DisplayArrayInTable(Common_SourceData.Common_SourceData_TemperatureZones_Data(),Table_SourceData_TemperatureZones[[#Headers],[Temperature Zone]],0)} -> ≤ 14 C | F112: {=Common_InputFunctions.Utility_DisplayArrayInTable(Common_SourceData.Common_SourceData_TemperatureZones_Data(),Table_SourceData_TemperatureZones[[#Headers],[Temperature Zone]],0)} -> -999999 | G112: {=Common_InputFunctions.Utility_DisplayArrayInTable(Common_SourceData.Common_SourceData_TemperatureZones_Data(),Table_SourceData_TemperatureZones[[#Headers],[Temperature Zone]],0)} -> 14.999
D115: {=Common_SourceData.Common_SourceData_RainfallZones_Title()} -> VEERG Australian rainfall zones
D116: {=Common_SourceData.Common_SourceData_RainfallZones_Source()} -> VEERG 2026: Table 1.3: Climate and Rainfall zone classifications and definitions
D117: {="⚠️" & Common_SourceData.Common_SourceData_RainfallZones_Variation()} -> ⚠️VARIATION OF SOURCE DATA: Added extra Rainfall min and Rainfall max columns to calculate zone from real rainfall data.
D119: Rainfall Zone | E119: Annual rainfall | F119: Min rainfall | G119: Max rainfall
D120: {=Common_InputFunctions.Utility_DisplayArrayInTable(Common_SourceData.Common_SourceData_RainfallZones_Data(),Table_SourceData_RainfallZones[[#Headers],[Rainfall Zone]],0)} -> High rainfall | E120: {=Common_InputFunctions.Utility_DisplayArrayInTable(Common_SourceData.Common_SourceData_RainfallZones_Data(),Table_SourceData_RainfallZones[[#Headers],[Rainfall Zone]],0)} -> Annual rainfall > 600mm | F120: {=Common_InputFunctions.Utility_DisplayArrayInTable(Common_SourceData.Common_SourceData_RainfallZones_Data(),Table_SourceData_RainfallZones[[#Headers],[Rainfall Zone]],0)} -> 600.001 | G120: {=Common_InputFunctions.Utility_DisplayArrayInTable(Common_SourceData.Common_SourceData_RainfallZones_Data(),Table_SourceData_RainfallZones[[#Headers],[Rainfall Zone]],0)} -> 999999
D121: {=Common_InputFunctions.Utility_DisplayArrayInTable(Common_SourceData.Common_SourceData_RainfallZones_Data(),Table_SourceData_RainfallZones[[#Headers],[Rainfall Zone]],0)} -> Low rainfall | E121: {=Common_InputFunctions.Utility_DisplayArrayInTable(Common_SourceData.Common_SourceData_RainfallZones_Data(),Table_SourceData_RainfallZones[[#Headers],[Rainfall Zone]],0)} -> Annual rainfall ≤ 600mm | F121: {=Common_InputFunctions.Utility_DisplayArrayInTable(Common_SourceData.Common_SourceData_RainfallZones_Data(),Table_SourceData_RainfallZones[[#Headers],[Rainfall Zone]],0)} -> -999999 | G121: {=Common_InputFunctions.Utility_DisplayArrayInTable(Common_SourceData.Common_SourceData_RainfallZones_Data(),Table_SourceData_RainfallZones[[#Headers],[Rainfall Zone]],0)} -> 600
D124: {=Common_SourceData.Common_SourceData_LeachingZones_Title()} -> VEERG Australian leaching zones
D125: {=Common_SourceData.Common_SourceData_LeachingZones_Source()} -> VEERG 2026: Table 1.3: Climate and Rainfall zone classifications and definitions
D127: Leaching Zone | E127: Leaching criteria
D128: {=Common_InputFunctions.Utility_DisplayArrayInTable(Common_SourceData.Common_SourceData_LeachingZones_Data(), Table_SourceData_LeachingZones[[#Headers],[Leaching Zone]], 0)} -> Leaching occurs | E128: {=Common_InputFunctions.Utility_DisplayArrayInTable(Common_SourceData.Common_SourceData_LeachingZones_Data(), Table_SourceData_LeachingZones[[#Headers],[Leaching Zone]], 0)} -> Σ(𝑟𝑎𝑖𝑛)>Σ(𝐸𝑇0)+𝑠𝑜𝑖𝑙 𝑤𝑎𝑡𝑒𝑟 ℎ𝑜𝑙𝑑𝑖𝑛𝑔 𝑐𝑎𝑝𝑎𝑐𝑖𝑡𝑦
...

Sheet Constants - Livestock
A1: #VALUE! | C1: Constants - Livestock
A3: =HYPERLINK("#'Home'!A1", "Home") -> Home
A4: =HYPERLINK("#'Results'!A1", "Results") -> Results
A6: INPUTS | D6: {=CommonLivestock_SourceData.SourceData_Livestock_Common_SymbolsMMS_Title()} -> Table 5.12 Additional symbols used in algorithms for manure related emissions
A7: =HYPERLINK("#'Input - Site'!A1", "Site") -> Site | D7: {=CommonLivestock_SourceData.SourceData_Livestock_Common_SymbolsMMS_Vairable()} -> MMS
A8: =HYPERLINK("#'Input - Swine'!A1", "Swine") -> Swine | D8: {=CommonLivestock_SourceData.SourceData_Livestock_Common_SymbolsMMS_Source()} -> National Inventory Report 2023 Volume 1: Table 5.12
D9: Symbol | E9: Manure management system | F9: Symbol and MMS
A10: CALCULATIONS | D10: {=Common_InputFunctions.Utility_DisplayArrayInTable(CommonLivestock_SourceData.SourceData_Livestock_Common_SymbolsMMS_Data(), Table_Data_MMSSymbols[[#Headers],[Symbol]], 0)} -> 1 | E10: {=Common_InputFunctions.Utility_DisplayArrayInTable(CommonLivestock_SourceData.SourceData_Livestock_Common_SymbolsMMS_Data(), Table_Data_MMSSymbols[[#Headers],[Symbol]], 0)} -> Anaerobic lagoon | F10: {=Common_InputFunctions.Utility_DisplayArrayInTable(CommonLivestock_SourceData.SourceData_Livestock_Common_SymbolsMMS_Data(), Table_Data_MMSSymbols[[#Headers],[Symbol]], 0)} -> Anaerobic lagoon (m=1)
A11: =HYPERLINK("#'4.2.1.1-2 Methane'!A1", "4.2.1.1-2 Methane") -> 4.2.1.1-2 Methane | D11: {=Common_InputFunctions.Utility_DisplayArrayInTable(CommonLivestock_SourceData.SourceData_Livestock_Common_SymbolsMMS_Data(), Table_Data_MMSSymbols[[#Headers],[Symbol]], 0)} -> 2 | E11: {=Common_InputFunctions.Utility_DisplayArrayInTable(CommonLivestock_SourceData.SourceData_Livestock_Common_SymbolsMMS_Data(), Table_Data_MMSSymbols[[#Headers],[Symbol]], 0)} -> Liquid systems | F11: {=Common_InputFunctions.Utility_DisplayArrayInTable(CommonLivestock_SourceData.SourceData_Livestock_Common_SymbolsMMS_Data(), Table_Data_MMSSymbols[[#Headers],[Symbol]], 0)} -> Liquid systems (m=2)
A12: =HYPERLINK("#'4.2.1.3-4 Soil direct N2O'!A1", "4.2.1.3-4 Soil direct N2O") -> 4.2.1.3-4 Soil direct N2O | D12: {=Common_InputFunctions.Utility_DisplayArrayInTable(CommonLivestock_SourceData.SourceData_Livestock_Common_SymbolsMMS_Data(), Table_Data_MMSSymbols[[#Headers],[Symbol]], 0)} -> 3 | E12: {=Common_InputFunctions.Utility_DisplayArrayInTable(CommonLivestock_SourceData.SourceData_Livestock_Common_SymbolsMMS_Data(), Table_Data_MMSSymbols[[#Headers],[Symbol]], 0)} -> Daily spread | F12: {=Common_InputFunctions.Utility_DisplayArrayInTable(CommonLivestock_SourceData.SourceData_Livestock_Common_SymbolsMMS_Data(), Table_Data_MMSSymbols[[#Headers],[Symbol]], 0)} -> Daily spread (m=3)
A13: =HYPERLINK("#'4.2.1.5-6 Soil Atmos Dep'!A1", "4.2.1.5-6 Soil atm. deposition") -> 4.2.1.5-6 Soil atm. deposition | D13: {=Common_InputFunctions.Utility_DisplayArrayInTable(CommonLivestock_SourceData.SourceData_Livestock_Common_SymbolsMMS_Data(), Table_Data_MMSSymbols[[#Headers],[Symbol]], 0)} -> 3a | E13: {=Common_InputFunctions.Utility_DisplayArrayInTable(CommonLivestock_SourceData.SourceData_Livestock_Common_SymbolsMMS_Data(), Table_Data_MMSSymbols[[#Headers],[Symbol]], 0)} -> Sump and dispersal system | F13: {=Common_InputFunctions.Utility_DisplayArrayInTable(CommonLivestock_SourceData.SourceData_Livestock_Common_SymbolsMMS_Data(), Table_Data_MMSSymbols[[#Headers],[Symbol]], 0)} -> Sump and dispersal system (m=3a)
