Workbook
Name Common_Equations.Common_ConvertCH4ToCO2e: _xlfn.LAMBDA(_xlpm.E_CH4,_xlpm.GWP_CH4, _xlpm.E_CH4 * _xlpm.GWP_CH4)
Name Common_Equations.Common_ConvertCH4ToCO2e_Arguments: _xlfn.LAMBDA(_xlfn.MAKEARRAY(2, 2, _xlfn.LAMBDA(_xlpm.r,_xlpm.c, INDEX({"ECH4","Methane emissions (t CH4)";"GWPCH4","Global warming potential for methane (t CO2-e / t CH4)"}, _xlpm.r, _xlpm.c))))
Name Common_Equations.Common_ConvertCH4ToCO2e_LatexEquation: _xlfn.LAMBDA("CO2_e = E_{CH4} \times GWP_{CH4}")
Name Common_Equations.Common_ConvertCH4ToCO2e_NIRReference: _xlfn.LAMBDA("")
Name Common_Equations.Common_ConvertCH4ToCO2e_Title: _xlfn.LAMBDA("Convert methane emissions to carbon dioxide equivalent emissions")
Name Common_Equations.Common_ConvertCH4ToCO2e_Unit: _xlfn.LAMBDA("t CO2e")
Name Common_Equations.Common_ConvertCH4ToCO2e_Variable: _xlfn.LAMBDA("ECH4 CO2e")
Name Common_Equations.Common_ConvertN2OToCO2e: _xlfn.LAMBDA(_xlpm.E_N2O,_xlpm.GWP_N2O, _xlpm.E_N2O * _xlpm.GWP_N2O)
Name Common_Equations.Common_ConvertN2OToCO2e_LatexEquation: _xlfn.LAMBDA("CO2_e = E_{N2O} \times GWP_{N2O}")
Name Common_Equations.Common_ConvertN2OToCO2e_NIRReference: _xlfn.LAMBDA("")
Name Common_Equations.Common_ConvertN2OToCO2e_Title: _xlfn.LAMBDA("Convert nitrous oxide emissions to carbon dioxide equivalent emissions")
Name Common_Equations.Common_ConvertN2OToCO2e_Unit: _xlfn.LAMBDA("t CO2e")
Name Common_Equations.Common_ConvertN2OToCO2e_Variable: _xlfn.LAMBDA("EN2O CO2e")
Name Common_InputFunctions.Utility_ConvertStateCommonNameToAbbreviation: _xlfn.LAMBDA(_xlpm.StateCommonName,_xlpm.StateCommonNameArray,_xlpm.StateAbbreviationArray, _xlfn.XLOOKUP(_xlpm.StateCommonName, _xlpm.StateCommonNameArray, _xlpm.StateAbbreviationArray, ""))
Name Common_InputFunctions.Utility_DisplayFunctionName: _xlfn.LAMBDA(_xlpm.Function, _xlfn.TEXTBEFORE(_xlfn.FORMULATEXT(_xlpm.Function), "("))
Name Common_InputFunctions.Utility_GetArrayTableColumnStartNumber: _xlfn.LAMBDA(_xlpm.TableHeaderCell, COLUMN(_xlpm.TableHeaderCell))
Name Common_InputFunctions.Utility_GetArrayTableRowStartNumber: _xlfn.LAMBDA(_xlpm.TableheaderCell,_xlpm.RowsBetweenHeaderandArray, ROW(_xlpm.TableheaderCell) + _xlpm.RowsBetweenHeaderandArray - 1)
Name Common_InputFunctions.Utility_LookupValueInTable: _xlfn.LAMBDA(_xlpm.LookupValue,_xlpm.LookupArray,_xlpm.ReturnArray, _xlfn.XLOOKUP(_xlpm.LookupValue, _xlpm.LookupArray, _xlpm.ReturnArray, ""))
Name Common_SourceData.Common_SourceData_AustralianStatesTerritories_Source: _xlfn.LAMBDA("")
Name Common_SourceData.Common_SourceData_AustralianStatesTerritories_Title: _xlfn.LAMBDA("Australian states and territories")
Name Common_SourceData.Common_SourceData_AustralianStatesTerritories_Unit: _xlfn.LAMBDA("")
Name Common_SourceData.Common_SourceData_AustralianStatesTerritories_Variable: _xlfn.LAMBDA("")
Name Common_SourceData.Common_SourceData_ClimateZones_Source: _xlfn.LAMBDA("VEERG 2026: Table 1.3: Climate and Rainfall zone classifications and definitions")
Name Common_SourceData.Common_SourceData_ClimateZones_Title: _xlfn.LAMBDA("VEERG Australian climate zones")
Name Common_SourceData.Common_SourceData_ClimateZones_Unit: _xlfn.LAMBDA("")
Name Common_SourceData.Common_SourceData_ClimateZones_Variable: _xlfn.LAMBDA("")
Name Common_SourceData.Common_SourceData_ConvertGasElementalToMolecular_Source: _xlfn.LAMBDA("XXXXXXX")
Name Common_SourceData.Common_SourceData_ConvertGasElementalToMolecular_Title: _xlfn.LAMBDA("Factor to convert elemental mass of gas to molecular mass")
Name Common_SourceData.Common_SourceData_ConvertGasElementalToMolecular_Unit: _xlfn.LAMBDA("factor")
Name Common_SourceData.Common_SourceData_ConvertGasElementalToMolecular_Variable: _xlfn.LAMBDA("Cg")
Name Common_SourceData.Common_SourceData_ConvertN2oElementalToMolecularCg_Data: _xlfn.LAMBDA(44 / 28)
Name Common_SourceData.Common_SourceData_ConvertN2oElementalToMolecularCg_Source: _xlfn.LAMBDA("National Inventory Report 2023 Volume 1")
Name Common_SourceData.Common_SourceData_ConvertN2oElementalToMolecularCg_Title: _xlfn.LAMBDA("Factor to convert elemental mass of N2O to molecular mass")
Name Common_SourceData.Common_SourceData_ConvertN2oElementalToMolecularCg_Unit: _xlfn.LAMBDA("factor")
Name Common_SourceData.Common_SourceData_ConvertN2oElementalToMolecularCg_Variable: _xlfn.LAMBDA("CgN2O")
Name Common_SourceData.Common_SourceData_DataScores_Scope3_Source: _xlfn.LAMBDA("VEERG 2026: XXXXXXXX")
Name Common_SourceData.Common_SourceData_DataScores_Scope3_Title: _xlfn.LAMBDA("Australian data scores for scope 3")
Name Common_SourceData.Common_SourceData_DataScores_Scope3_Unit: _xlfn.LAMBDA("")
Name Common_SourceData.Common_SourceData_DataScores_Scope3_Variable: _xlfn.LAMBDA("")
Name Common_SourceData.Common_SourceData_DataScores_Scope3_Variation: _xlfn.LAMBDA("")
Name Common_SourceData.Common_SourceData_DensityOfMethane_Data: _xlfn.LAMBDA(0.6784)
Name Common_SourceData.Common_SourceData_DensityOfMethane_Source: _xlfn.LAMBDA("National Inventory Report 2023 Volume 1: Equations 3.B.1a_2, 3.B.1c_2, 3.B.3_1, 3.B.4g_2")
Name Common_SourceData.Common_SourceData_DensityOfMethane_Title: _xlfn.LAMBDA("p = density of methane")
Name Common_SourceData.Common_SourceData_DensityOfMethane_Unit: _xlfn.LAMBDA("kg/m3")
Name Common_SourceData.Common_SourceData_EFleach_Data: _xlfn.LAMBDA(_xlfn.MAKEARRAY(1, 2, _xlfn.LAMBDA(_xlpm.r,_xlpm.c, INDEX({"EFleach",0.011}, _xlpm.r, _xlpm.c))))
Name Common_SourceData.Common_SourceData_EFleach_NIRReference: _xlfn.LAMBDA("National Inventory Report Volume 1: Equation 3.D.B_10")
Name Common_SourceData.Common_SourceData_EFleach_Source: _xlfn.LAMBDA("VEERG 2026:5.5.2.3 Constant Parameters")
Name Common_SourceData.Common_SourceData_EFleach_Title: _xlfn.LAMBDA("Emission factor for nitrogen leaching and runoff")
Name Common_SourceData.Common_SourceData_EFleach_Unit: _xlfn.LAMBDA("(kg N2O-N / kg N")
Name Common_SourceData.Common_SourceData_EFleach_Variation: _xlfn.LAMBDA((""))
Name Common_SourceData.Common_SourceData_EFN2O_NIRReference: _xlfn.LAMBDA("")
Name Common_SourceData.Common_SourceData_EFN2O_Source: _xlfn.LAMBDA("VEERG 2026: Table A.2.2.1")
Name Common_SourceData.Common_SourceData_EFN2O_Title: _xlfn.LAMBDA("Nitrous oxide emission factors for inorganic fertiliser application")
Name Common_SourceData.Common_SourceData_EFN2O_Unit: _xlfn.LAMBDA("(kg N2O-N / kg N")
Name Common_SourceData.Common_SourceData_EFPastureRangeAndPaddock_Data: _xlfn.LAMBDA(_xlfn.MAKEARRAY(3, 2, _xlfn.LAMBDA(_xlpm.r,_xlpm.c, INDEX({"Climate zone","EFPRP";"Wet climate zone",0.006;"Dry climate zone",0.002}, _xlpm.r, _xlpm.c))))
Name Common_SourceData.Common_SourceData_EFPastureRangeAndPaddock_NIRReference: _xlfn.LAMBDA("")
Name Common_SourceData.Common_SourceData_EFPastureRangeAndPaddock_Source: _xlfn.LAMBDA("VEERG 2026: Table A.2.2.2")
Name Common_SourceData.Common_SourceData_EFPastureRangeAndPaddock_Title: _xlfn.LAMBDA("Emission factor for urine and dung deposited on pasture, range or paddock")
Name Common_SourceData.Common_SourceData_EFPastureRangeAndPaddock_Unit: _xlfn.LAMBDA("kg N2O - N / kg N")
Name Common_SourceData.Common_SourceData_EFPastureRangeAndPaddock_Variation: _xlfn.LAMBDA("VARIATION FROM SOURCE DATA: Changed 'Dry climate zones' to singular 'Dry climate zone' to aid lookup.")

Sheet Home
A1: Home

Sheet Results
A1: #VALUE! | C1: 4.6 Manure management: Poultry: Results
A3: =HYPERLINK("#'Home'!A1", "Home") -> Home
A4: =HYPERLINK("#'Results'!A1", "Results") -> Results | D4: Emissions breakdown
A6: INPUTS | D6: Scope 1 source | E6: GHG emissions method 1 | F6: GHG emissions method 2 | G6: GHG Unit | H6: CO2-e emissions method 1 | I6: CO2-e emissions method 2 | J6: CO2-e unit
A7: =HYPERLINK("#'Input - Site'!A1", "Site") -> Site | D7: 4.5.1.1-2 Manure methane | E7: ='4.6.1.1-2 Methane'!E280 -> 0 | F7: ='4.6.1.1-2 Methane'!O280 -> 0 | G7: t CH4 | H7: ='4.6.1.1-2 Methane'!E285 -> 0 | I7: ='4.6.1.1-2 Methane'!O285 -> 0 | J7: t CO2e
A8: =HYPERLINK("#'Input - Swine'!A1", "Swine") -> Swine | D8: 4.5.1.3-4 Direct N2O | E8: ='4.6.1.3-4 Direct N20'!E274 -> 0 | F8: ='4.6.1.3-4 Direct N20'!O274 -> 0 | G8: t N2O | H8: ='4.6.1.3-4 Direct N20'!E279 -> 0 | I8: ='4.6.1.3-4 Direct N20'!O279 -> 0 | J8: t CO2e
D9: 4.5.1.5-6 Atmospheric deposition | E9: ='4.5.1.5-6 Atmos Dep'!E109 -> #REF! | F9: ='4.5.1.5-6 Atmos Dep'!O109 -> #REF! | G9: t N2O | H9: ='4.5.1.5-6 Atmos Dep'!E114 -> #REF! | I9: ='4.5.1.5-6 Atmos Dep'!O114 -> #REF! | J9: t CO2e
A10: CALCULATIONS | D10: 4.2.1.7-8 Leaching and runoff | E10: ='4.5.1.7-8 Leaching and runoff'!$E$36 -> 0 | F10: ='4.5.1.7-8 Leaching and runoff'!$N$36 -> 0 | G10: t N2O | H10: ='4.5.1.7-8 Leaching and runoff'!E54 -> 0 | I10: ='4.5.1.7-8 Leaching and runoff'!N54 -> 0 | J10: t CO2e
A11: =HYPERLINK("#'4.5.1.1-2 Methane'!A1", "4.5.1.1-2 Methane") -> 4.5.1.1-2 Methane | D11: Total | H11: =SUM(H7:H10) -> #REF! | I11: =SUM(I7:I10) -> #REF! | J11: t CO2e
A12: =HYPERLINK("#'4.5.1.3-4 Direct N20'!A1", "4.5.1.3-4 Direct N2O") -> 4.5.1.3-4 Direct N2O
A13: =HYPERLINK("#'4.5.1.5-6 Atmos Dep'!A1", "4.5.1.5-6 Soil atm. deposition") -> 4.5.1.5-6 Soil atm. deposition | D13: WARNING: Manure nitrogen that was applied to soils must be accounted for
A14: =HYPERLINK("#'4.5.1.7-8 Leaching and runoff'!A1", "4.5.1.7-8 Leaching & runoff") -> 4.5.1.7-8 Leaching & runoff | D14: See the table below for how to account for manure applied to soils for scope 1 and 3.
A15: =HYPERLINK("#'4.5.1.9 Manure applied to soils'!A1", "4.5.1.9 Manure applied to soils") -> 4.5.1.9 Manure applied to soils
D16: Manure nitrogen use | E16: Amount of N in manure | F16: N unit | G16: Emissions allocated to | H16: VEERG Calculation method
A17: APPENDICES | D17: Manure nitrogen deposited on farm soils (including use as fertiliser for other enterprises on own farm eg crops) | E17: ='4.5.1.9 Manure applied to soils'!E136 -> #N/A | F17: ='4.5.1.9 Manure applied to soils'!F136 -> kg N | G17: Scope 1 - This piggery | H17: 5.2.2.1 (1), 5.4.1.3 (1, 2), 5.5.1.1 (1, 3)
A18: =HYPERLINK("#'Constants - Swine'!A1", "Constants - Swine") -> Constants - Swine | D18: Manure nitrogen deposited on farm soils as fertiliser for other farm enterpsies (eg crops) | E18: ='4.5.1.9 Manure applied to soils'!E235 -> #N/A | F18: ='4.5.1.9 Manure applied to soils'!F235 -> kg N | G18: Scope 1 - This piggery | H18: 5.2.2.1 (1), 5.4.1.3 (1, 2), 5.5.1.1 (1, 3)
A19: =HYPERLINK("#'Constants - Livestock'!A1", "Constants - Livestock") -> Constants - Livestock | D19: Manure nitrogen sold | E19: ='4.5.1.9 Manure applied to soils'!E178 -> #N/A | F19: ='4.5.1.9 Manure applied to soils'!F178 -> kg N | G19: Scope 3 (downstream) | H19: 15.13.1.1 (1), 5.2.2.1 (1), 5.4.1.3 (1, 2), 5.5.1.1 (1, 3)
A20: =HYPERLINK("#'Constants - Common'!A1", "Constants - Common") -> Constants - Common
A21: =HYPERLINK("#'Acknowledgements'!A1", "Acknowledgements") -> Acknowledgements

Sheet Input - Site
A1: #VALUE! | C1: Input - Site
A3: =HYPERLINK("#'Home'!A1", "Home") -> Home
A4: =HYPERLINK("#'Results'!A1", "Results") -> Results
D5: Your business
A6: INPUTS
A7: =HYPERLINK("#'Input - Site'!A1", "Site") -> Site | D7: Farm name | E7: Test Farms
A8: =HYPERLINK("#'Input - Swine'!A1", "Swine") -> Swine | D8: Reporting entity name | E8: Test Farms Pty Ltd
A10: CALCULATIONS | D10: 💡An 'Emissions accounting period' is a 12 month period where the business can report on the emissions, and is typically the same as the business' financial accounting period.
A11: =HYPERLINK("#'4.5.1.1-2 Methane'!A1", "4.5.1.1-2 Methane") -> 4.5.1.1-2 Methane
A12: =HYPERLINK("#'4.5.1.3-4 Direct N20'!A1", "4.5.1.3-4 Direct N2O") -> 4.5.1.3-4 Direct N2O | D12: Emissions calculation period start date | E12: 45292 | F12: ← DD/MM/YYYY or DD Month YYYY
A13: =HYPERLINK("#'4.5.1.5-6 Atmos Dep'!A1", "4.5.1.5-6 Soil atm. deposition") -> 4.5.1.5-6 Soil atm. deposition | D13: Emissions calculation period end date | E13: =DATE(YEAR(E12)+1,MONTH(E12),DAY(E12))-1 -> 45657 | F13: ← Automatically calculated, 12 months after start date
A14: =HYPERLINK("#'4.5.1.7-8 Leaching and runoff'!A1", "4.5.1.7-8 Leaching & runoff") -> 4.5.1.7-8 Leaching & runoff
A15: =HYPERLINK("#'4.5.1.9 Manure applied to soils'!A1", "4.5.1.9 Manure applied to soils") -> 4.5.1.9 Manure applied to soils
D16: Location and climate
A17: APPENDICES
A18: =HYPERLINK("#'Constants - Swine'!A1", "Constants - Swine") -> Constants - Swine | D18: Location information is used to reference some region and climate-specific emission factors
A19: =HYPERLINK("#'Constants - Livestock'!A1", "Constants - Livestock") -> Constants - Livestock | D19: Tip: Use the web-based GAF Location Helper tool to easily get region and climate information. You will need an internet connection to use the GAF Location Helper.
A20: =HYPERLINK("#'Constants - Common'!A1", "Constants - Common") -> Constants - Common
A21: =HYPERLINK("#'Acknowledgements'!A1", "Acknowledgements") -> Acknowledgements | D21: State | E21: Western Australia | F21: ← Please select
D22: Region (ABS Statistical area level 4) if state is WA | E22: Western Australia - Outback (South) | F22: ← Please select
D23: Leaching zone | E23: NO - Not in leaching zone | F23: ← Please select
D24: Elevation | E24: 307.7 | F24: Meters
D25: Average temperature for reporting period | E25: 18 | F25: Degrees celsius
D26: Total rainfall for reporting period | E26: 601 | F26: Millimetres
D27: Potential evapotranspiration for reporting period | E27: 1326 | F27: Millimetres
D28: Number of frost days for reporting period | E28: 7 | F28: Days
D29: MAP:PET ratio | E29: =E26/E27 -> 0.45324284
D30: Rainfall zone | E30: =Common_InputFunctions.Utility_LookupItemFromMinMax(E26,Table_SourceData_RainfallZones[Min rainfall],Table_SourceData_RainfallZones[Max rainfall],Table_SourceData_RainfallZones[Rainfall Zone]) -> High rainfall
D31: Climate zone | E31: =Common_InputFunctions.Utility_GetClimateZone(E25,E26,E28,E24,E29,Table_SourceData_ClimateZones[Min temp],Table_SourceData_ClimateZones[Max temp],Table_SourceData_ClimateZones[Min rainfall],Table_SourceData_ClimateZones[Max rainfall],Table_SourceData_ClimateZones[Min frost days],Table_SourceData_ClimateZones[Max frost days],Table_SourceData_ClimateZones[Min elevation],Table_SourceData_ClimateZones[Max elevation],Table_SourceData_ClimateZones[Min MAP:PET],Table_SourceData_ClimateZones[Max MAP:PET],Table_SourceData_ClimateZones[Climate zone]) -> Warm temperate dry
D32: Wet or dry climate zone | E32: =Common_InputFunctions.Utility_LookupValueInTable($E$31,Table_SourceData_WetDryZones[Climate zone],Table_SourceData_WetDryZones[Wet or Dry Zone]) -> Dry climate zone
D33: Temperature zone | E33: =Common_InputFunctions.Utility_LookupItemFromMinMax(E25,Table_SourceData_TemperatureZones[Min MAT],Table_SourceData_TemperatureZones[Max MAT],Table_SourceData_TemperatureZones[Temperature Zone]) -> Temperate

Sheet Input - Poultry
A1: #VALUE! | C1: Input -Poultry
A3: =HYPERLINK("#'Home'!A1", "Home") -> Home
A4: =HYPERLINK("#'Results'!A1", "Results") -> Results
D5: This tool demostrates inputs for one production system.
A6: INPUTS
A7: =HYPERLINK("#'Input - Site'!A1", "Site") -> Site
A8: =HYPERLINK("#'Input - Swine'!A1", "Swine") -> Swine
E9: Layers | F9: Meat chicken growers | G9: Meat chicken breeders | H9: Other
A10: CALCULATIONS | D10: ="Average duration of stay between " & TEXT('Input - Site'!$E$12, "dd mmm yy") & " and " & TEXT('Input - Site'!$E$13, "dd mmm yy") -> Average duration of stay between 01 Jan 24 and 31 Dec 24 | E10: 365 | F10: 365 | G10: 365 | H10: 365 | I10: Days
A11: =HYPERLINK("#'4.5.1.1-2 Methane'!A1", "4.5.1.1-2 Methane") -> 4.5.1.1-2 Methane | D11: ="Average number of birds between " & TEXT('Input - Site'!$E$12, "dd mmm yy") & " and " & TEXT('Input - Site'!$E$13, "dd mmm yy") -> Average number of birds between 01 Jan 24 and 31 Dec 24 | E11: 100 | F11: 100 | G11: 100 | H11: 100 | I11: Head
A12: =HYPERLINK("#'4.5.1.3-4 Direct N20'!A1", "4.5.1.3-4 Direct N2O") -> 4.5.1.3-4 Direct N2O
A13: =HYPERLINK("#'4.5.1.5-6 Atmos Dep'!A1", "4.5.1.5-6 Soil atm. deposition") -> 4.5.1.5-6 Soil atm. deposition | D13: Manure production
A14: =HYPERLINK("#'4.5.1.7-8 Leaching and runoff'!A1", "4.5.1.7-8 Leaching & runoff") -> 4.5.1.7-8 Leaching & runoff
A15: =HYPERLINK("#'4.5.1.9 Manure applied to soils'!A1", "4.5.1.9 Manure applied to soils") -> 4.5.1.9 Manure applied to soils | D15: Method 1 default values (Do not edit) | E15: Layers | F15: Meat chicken growers | G15: Meat chicken breeders | H15: Other
D16: Dry matter intake | E16: ='Constants - Poultry'!E9 -> 0.086 | F16: ='Constants - Poultry'!F9 -> 0.093 | G16: ='Constants - Poultry'!G9 -> 0.103 | H16: ='Constants - Poultry'!H9 -> 0.093 | I16: kg/DM/bird/day
A17: APPENDICES | D17: Dry matter digestibility (DMD) | E17: ='Constants - Poultry'!E10 -> 0.8 | F17: ='Constants - Poultry'!F10 -> 0.8 | G17: ='Constants - Poultry'!G10 -> 0.8 | H17: ='Constants - Poultry'!H10 -> 0.8 | I17: fraction
A18: =HYPERLINK("#'Constants - Swine'!A1", "Constants - Swine") -> Constants - Swine | D18: Crude protein (CP) | E18: ='Constants - Poultry'!E11 -> 0.19 | F18: ='Constants - Poultry'!F11 -> 0.23 | G18: ='Constants - Poultry'!G11 -> 0.19 | H18: ='Constants - Poultry'!H11 -> 0.23 | I18: fraction
A19: =HYPERLINK("#'Constants - Livestock'!A1", "Constants - Livestock") -> Constants - Livestock
A20: =HYPERLINK("#'Constants - Common'!A1", "Constants - Common") -> Constants - Common | D20: Method 2 custom values (Edit if known) | E20: Layers | F20: Meat chicken growers | G20: Meat chicken breeders | H20: Other
A21: =HYPERLINK("#'Acknowledgements'!A1", "Acknowledgements") -> Acknowledgements | D21: Dry matter intake | E21: ='Constants - Poultry'!E9 -> 0.086 | F21: ='Constants - Poultry'!F9 -> 0.093 | G21: ='Constants - Poultry'!G9 -> 0.103 | H21: ='Constants - Poultry'!H9 -> 0.093 | I21: kg/DM/bird/day
D22: Dry matter digestibility (DMD) | E22: ='Constants - Poultry'!E10 -> 0.8 | F22: ='Constants - Poultry'!F10 -> 0.8 | G22: ='Constants - Poultry'!G10 -> 0.8 | H22: ='Constants - Poultry'!H10 -> 0.8 | I22: fraction
D23: Crude protein (CP) | E23: ='Constants - Poultry'!E11 -> 0.19 | F23: ='Constants - Poultry'!F11 -> 0.23 | G23: ='Constants - Poultry'!G11 -> 0.19 | H23: ='Constants - Poultry'!H11 -> 0.23 | I23: fraction
D25: Manure management systems
D27: Production system | E27: Free range | F27: ← Please select
D29: Stage 1 MMS | E29: Layers | F29: Meat chicken growers | G29: Meat chicken breeders | H29: Other
D30: =Table_SourceData_PoultryMMSSTage1[[#This Row],[MMS]] -> Belt manure removal | E30: 0.3 | F30: 0.15 | G30: 0.15 | H30: 0.15 | I30: Percent
D31: =Table_SourceData_PoultryMMSSTage1[[#This Row],[MMS]] -> Manure stored in house | E31: 0.3 | F31: 0.15 | G31: 0.15 | H31: 0.15 | I31: Percent
D32: =Table_SourceData_PoultryMMSSTage1[[#This Row],[MMS]] -> Pasture range and paddock | E32: 0.3 | F32: 0.15 | G32: 0.15 | H32: 0.15 | I32: Percent
D33: =Table_SourceData_PoultryMMSSTage1[[#This Row],[MMS]] -> No MMS | E33: 0.1 | F33: 0.1 | G33: 0.1 | H33: 0.1 | I33: Percent
D34: Total sent to all MMS (Must equal 100%) | E34: =SUM(E30,E31,E32,E33) -> 1 | F34: =SUM(F30,F31,F32,F33) -> 0.55 | G34: =SUM(G30,G31,G32,G33) -> 0.55 | H34: =SUM(H30,H31,H32,H33) -> 0.55
D35: ▼
D36: Stage 2 MMS | E36: Layers | F36: Meat chicken growers | G36: Meat chicken breeders | H36: Other | I36: ► | J36: Destination after stage 2 MMS (Percent)
D37: ="Stage 2 MMS From " & $D$30 -> Stage 2 MMS From Belt manure removal | E37: =IF(SUM(E30:K30)>0,"Manure was sent to this MMS, please complete this section.","No manure was sent to this MMS. Leave this section blank.") -> Manure was sent to this MMS, please complete this section. | J37: Sold | K37: Fert for own farm (eg crop) | L37: Direct application to soil
D38: ='Constants - Poultry'!$J$29 -> Solid storage | E38: 0.2 | F38: 0.2 | G38: 0.2 | H38: 0.2 | I38: Percent | J38: 0.25 | K38: 0.25 | L38: =1-SUM(J38:K38) -> 0.5
D39: ='Constants - Poultry'!$J$30 -> Composting (passive windrow) | E39: 0.2 | F39: 0.2 | G39: 0.2 | H39: 0.2 | I39: Percent | J39: 0.25 | K39: 0.25 | L39: =1-SUM(J39:K39) -> 0.5
D40: ='Constants - Poultry'!$J$31 -> Digester / covered lagoons | E40: 0.2 | F40: 0.2 | G40: 0.2 | H40: 0.2 | I40: Percent | J40: 0.25 | K40: 0.25 | L40: =1-SUM(J40:K40) -> 0.5
D41: ='Constants - Poultry'!$J$32 -> Direct processing | E41: 0.2 | F41: 0.2 | G41: 0.2 | H41: 0.2 | I41: Percent | J41: 0.25 | K41: 0.25 | L41: =1-SUM(J41:K41) -> 0.5
D42: Direct application to soil | E42: =1-SUM(E38:E41) -> 0.2 | F42: =1-SUM(F38:F41) -> 0.2 | G42: =1-SUM(G38:G41) -> 0.2 | H42: =1-SUM(H38:H41) -> 0.2 | I42: Percent
D44: ="Stage 2 MMS From " & $D$31 -> Stage 2 MMS From Manure stored in house | E44: =IF(SUM(E31:K31)>0,"Manure was sent to this MMS, please complete this section.","No manure was sent to this MMS. Leave this section blank.") -> Manure was sent to this MMS, please complete this section. | J44: Sold | K44: Fert for own farm (eg crop) | L44: Direct application to soil
D45: ='Constants - Poultry'!$J$29 -> Solid storage | E45: 0.2 | F45: 0.2 | G45: 0.2 | H45: 0.2 | I45: Percent | J45: 0.25 | K45: 0.25 | L45: =1-SUM(J45:K45) -> 0.5
D46: ='Constants - Poultry'!$J$30 -> Composting (passive windrow) | E46: 0.2 | F46: 0.2 | G46: 0.2 | H46: 0.2 | I46: Percent | J46: 0.25 | K46: 0.25 | L46: =1-SUM(J46:K46) -> 0.5
D47: ='Constants - Poultry'!$J$31 -> Digester / covered lagoons | E47: 0.2 | F47: 0.2 | G47: 0.2 | H47: 0.2 | I47: Percent | J47: 0.25 | K47: 0.25 | L47: =1-SUM(J47:K47) -> 0.5
D48: ='Constants - Poultry'!$J$32 -> Direct processing | E48: 0.2 | F48: 0.2 | G48: 0.2 | H48: 0.2 | I48: Percent | J48: 0.25 | K48: 0.25 | L48: =1-SUM(J48:K48) -> 0.5
D49: Direct application to soil | E49: =1-SUM(E45:E48) -> 0.2 | F49: =1-SUM(F45:F48) -> 0.2 | G49: =1-SUM(G45:G48) -> 0.2 | H49: =1-SUM(H45:H48) -> 0.2
D51: ="Stage 2 MMS From " & $D$32 -> Stage 2 MMS From Pasture range and paddock | E51: =IF(SUM(E32:K32)>0,"Manure was sent to this MMS, please complete this section.","No manure was sent to this MMS. Leave this section blank.") -> Manure was sent to this MMS, please complete this section. | J51: Sold | K51: Fert for own farm (eg crop) | L51: Direct application to soil
D52: ='Constants - Poultry'!$J$29 -> Solid storage | E52: 0.2 | F52: 0.2 | G52: 0.2 | H52: 0.2 | I52: Percent | J52: 0.25 | K52: 0.25 | L52: =1-SUM(J52:K52) -> 0.5
D53: ='Constants - Poultry'!$J$30 -> Composting (passive windrow) | E53: 0.2 | F53: 0.2 | G53: 0.2 | H53: 0.2 | I53: Percent | J53: 0.25 | K53: 0.25 | L53: =1-SUM(J53:K53) -> 0.5
D54: ='Constants - Poultry'!$J$31 -> Digester / covered lagoons | E54: 0.2 | F54: 0.2 | G54: 0.2 | H54: 0.2 | I54: Percent | J54: 0.25 | K54: 0.25 | L54: =1-SUM(J54:K54) -> 0.5
D55: ='Constants - Poultry'!$J$32 -> Direct processing | E55: 0.2 | F55: 0.2 | G55: 0.2 | H55: 0.2 | I55: Percent | J55: 0.25 | K55: 0.25 | L55: =1-SUM(J55:K55) -> 0.5
D56: Direct application to soil | E56: =1-SUM(E52:E55) -> 0.2 | F56: =1-SUM(F52:F55) -> 0.2 | G56: =1-SUM(G52:G55) -> 0.2 | H56: =1-SUM(H52:H55) -> 0.2 | I56: Percent
D59: Where manure was deposited on farm soils, what is the closest match? | E59: Crop | F59: ← Please select
E60: Sprinkler irrigation | F60: ← Please select

Sheet 4.6.1.1-2 Methane
A1: #VALUE! | C1: 4.6.1.1-2 Manure Methane
A3: =HYPERLINK("#'Home'!A1", "Home") -> Home | D3: Method 1 | N3: Method 2
A4: =HYPERLINK("#'Results'!A1", "Results") -> Results
D5: {=MMS_poultry_Methane_Equations.VEERG_4_6_1_1__5_VolatileSolidProduction_Title()} -> Volatile solid production poultry classes
A6: INPUTS | D6: {=MMS_poultry_Methane_Equations.VEERG_4_6_1_1__5_VolatileSolidProduction_Source()} -> VEERG 2026: 4.4.1.1, Equation (5)
A7: =HYPERLINK("#'Input - Site'!A1", "Site") -> Site | D7: Function name | E7: {=Common_InputFunctions.Utility_DisplayFunctionName(D35)} -> =MMS_poultry_Methane_Equations.VEERG_4_6_1_1__5_VolatileSolidProduction
A8: =HYPERLINK("#'Input - Swine'!A1", "Swine") -> Swine
A10: CALCULATIONS | D10: Variable | E10: {=MMS_poultry_Methane_Equations.VEERG_4_6_1_1__5_VolatileSolidProduction_Variable()} -> VS_jk
A11: =HYPERLINK("#'4.5.1.1-2 Methane'!A1", "4.5.1.1-2 Methane") -> 4.5.1.1-2 Methane | D11: Unit | E11: {=MMS_poultry_Methane_Equations.VEERG_4_6_1_1__5_VolatileSolidProduction_Unit()} -> kg VS/bird/day
A12: =HYPERLINK("#'4.5.1.3-4 Direct N20'!A1", "4.5.1.3-4 Direct N2O") -> 4.5.1.3-4 Direct N2O
A13: =HYPERLINK("#'4.5.1.5-6 Atmos Dep'!A1", "4.5.1.5-6 Soil atm. deposition") -> 4.5.1.5-6 Soil atm. deposition | D13: {=MMS_poultry_Methane_Equations.VEERG_4_6_1_1__5_VolatileSolidProduction_Arguments()} -> I_jk | E13: dry matter intake for each class and subclass : kg DM/bird/day | G13: ="See " & D17 -> See M1_Table_I_j_k
A14: =HYPERLINK("#'4.5.1.7-8 Leaching and runoff'!A1", "4.5.1.7-8 Leaching & runoff") -> 4.5.1.7-8 Leaching & runoff | D14: DMD_jk | E14: dry matter digestibility for each class and subclass : fraction | G14: ="See " & D22 -> See M1_Table_DMD_j_k
A15: =HYPERLINK("#'4.5.1.9 Manure applied to soils'!A1", "4.5.1.9 Manure applied to soils") -> 4.5.1.9 Manure applied to soils | D15: A_j | E15: ash content of manure for each class and subclass : fraction | G15: ="See " & D32 -> See M1_Table_VS_j_k
A17: APPENDICES | D17: M1_Table_I_j_k | N17: M2_Table_I_j_k
A18: =HYPERLINK("#'Constants - Swine'!A1", "Constants - Swine") -> Constants - Swine | D18: Dry matter intake (Method 1) | N18: Dry matter intake (Method 2)
A19: =HYPERLINK("#'Constants - Livestock'!A1", "Constants - Livestock") -> Constants - Livestock | D19: Layers | E19: Meat chicken growers | F19: Meat chicken breeders | G19: Other | N19: Layers | O19: Meat chicken growers | P19: Meat chicken breeders | Q19: Other
A20: =HYPERLINK("#'Constants - Common'!A1", "Constants - Common") -> Constants - Common | D20: ='Input - Poultry'!E16 -> 0.086 | E20: ='Input - Poultry'!F16 -> 0.093 | F20: ='Input - Poultry'!G16 -> 0.103 | G20: ='Input - Poultry'!H16 -> 0.093 | H20: kg/DM/bird/day | N20: ='Input - Poultry'!E21 -> 0.086 | O20: ='Input - Poultry'!F21 -> 0.093 | P20: ='Input - Poultry'!G21 -> 0.103 | Q20: ='Input - Poultry'!H21 -> 0.093 | R20: kg/DM/bird/day
A21: =HYPERLINK("#'Acknowledgements'!A1", "Acknowledgements") -> Acknowledgements
D22: M1_Table_DMD_j_k | N22: M1_Table_DMD_j_k
D23: Dry matter digestibility (Method 1) | N23: Dry matter digestibility (Method 1)
D24: Layers | E24: Meat chicken growers | F24: Meat chicken breeders | G24: Other | N24: Layers | O24: Meat chicken growers | P24: Meat chicken breeders | Q24: Other
D25: ='Input - Poultry'!E17 -> 0.8 | E25: ='Input - Poultry'!F17 -> 0.8 | F25: ='Input - Poultry'!G17 -> 0.8 | G25: ='Input - Poultry'!H17 -> 0.8 | H25: fraction | N25: ='Input - Poultry'!E22 -> 0.8 | O25: ='Input - Poultry'!F22 -> 0.8 | P25: ='Input - Poultry'!G22 -> 0.8 | Q25: ='Input - Poultry'!H22 -> 0.8 | R25: fraction
D27: Table_A_j
D28: Ash content of manure
D29: Layers | E29: Meat chicken growers | F29: Meat chicken breeders | G29: Other
D30: ='Constants - Poultry'!E13 -> 0.18 | E30: ='Constants - Poultry'!F13 -> 0.15 | F30: ='Constants - Poultry'!G13 -> 0.18 | G30: ='Constants - Poultry'!H13 -> 0.15 | H30: fraction
D32: M1_Table_VS_j_k | N32: M2_Table_VS_j_k
D33: Volatile solid production (Method 1) | N33: Volatile solid production (Method 2)
D34: Layers | E34: Meat chicken growers | F34: Meat chicken breeders | G34: Other | N34: Layers | O34: Meat chicken growers | P34: Meat chicken breeders | Q34: Other
D35: {=MMS_poultry_Methane_Equations.VEERG_4_6_1_1__5_VolatileSolidProduction(D20,D25,D30)} -> 0.014104 | E35: {=MMS_poultry_Methane_Equations.VEERG_4_6_1_1__5_VolatileSolidProduction(E20,E25,E30)} -> 0.01581 | F35: {=MMS_poultry_Methane_Equations.VEERG_4_6_1_1__5_VolatileSolidProduction(F20,F25,F30)} -> 0.016892 | G35: {=MMS_poultry_Methane_Equations.VEERG_4_6_1_1__5_VolatileSolidProduction(G20,G25,G30)} -> 0.01581 | H35: =$E$11 -> kg VS/bird/day | N35: {=MMS_poultry_Methane_Equations.VEERG_4_6_1_1__5_VolatileSolidProduction(N20,N25,D30)} -> 0.014104 | O35: {=MMS_poultry_Methane_Equations.VEERG_4_6_1_1__5_VolatileSolidProduction(O20,O25,E30)} -> 0.01581 | P35: {=MMS_poultry_Methane_Equations.VEERG_4_6_1_1__5_VolatileSolidProduction(P20,P25,F30)} -> 0.016892 | Q35: {=MMS_poultry_Methane_Equations.VEERG_4_6_1_1__5_VolatileSolidProduction(Q20,Q25,G30)} -> 0.01581 | R35: =$E$11 -> kg VS/bird/day
D39: {=MMS_poultry_Methane_Equations.VEERG_4_6_1_1__2_Stage1MethaneProduction_Title()} -> Production of methane in treatment stage 1 MMS
D40: {=MMS_poultry_Methane_Equations.VEERG_4_6_1_1__2_Stage1MethaneProduction_Source()} -> VEERG 2026: 4.4.1.1, Equation (2)
D41: Function name | E41: {=Common_InputFunctions.Utility_DisplayFunctionName(E83)} -> =MMS_poultry_Methane_Equations.VEERG_4_6_1_1__2_Stage1MethaneProduction
D44: Variable | E44: {=MMS_poultry_Methane_Equations.VEERG_4_6_1_1__2_Stage1MethaneProduction_Variable()} -> M_jkmT1
D45: Unit | E45: {=MMS_poultry_Methane_Equations.VEERG_4_6_1_1__2_Stage1MethaneProduction_Unit()} -> kg CH4/bird/day
D47: {=MMS_poultry_Methane_Equations.VEERG_4_6_1_1__2_Stage1MethaneProduction_Arguments()} -> VS_jk | E47: volatile solid production poultry classes : kg VS/bird/day | G47: ="See " & D32 -> See M1_Table_VS_j_k
D48: BO_j | E48: emissions potential per class : m3 CH4/kg VS | G48: ="See " & D62 -> See Table_B_0_j
D49: MMS_jmT1 | E49: fraction of manure in each primary system : fraction | G49: ="See " & D54 -> See Table_MMS_j_m_T-1
D50: MCF_im | E50: methane conversion factor for temperature zone and MMS : fraction | G50: ="See " & D67 -> See Table_MCF_i_m
D51: rho | E51: density of methane : kg/m3 | G51: ='Constants - Common'!$D$175 -> 0.6784
D52: i | E52: state | G52: ='Input - Site'!$E$21 -> Western Australia
D54: Table_MMS_j_m_T-1
D55: Fraction of manure sent to stage 1 MMS
D56: Stage 1 MMS | E56: Layers | F56: Meat chicken growers | G56: Meat chicken breeders | H56: Other
D57: ='Input - Poultry'!$D$30 -> Belt manure removal | E57: ='Input - Poultry'!E30 -> 0.3 | F57: ='Input - Poultry'!F30 -> 0.15 | G57: ='Input - Poultry'!G30 -> 0.15 | H57: ='Input - Poultry'!H30 -> 0.15 | I57: fraction
D58: ='Input - Poultry'!$D$31 -> Manure stored in house | E58: ='Input - Poultry'!E31 -> 0.3 | F58: ='Input - Poultry'!F31 -> 0.15 | G58: ='Input - Poultry'!G31 -> 0.15 | H58: ='Input - Poultry'!H31 -> 0.15 | I58: fraction
D59: ='Input - Poultry'!$D$32 -> Pasture range and paddock | E59: ='Input - Poultry'!E32 -> 0.3 | F59: ='Input - Poultry'!F32 -> 0.15 | G59: ='Input - Poultry'!G32 -> 0.15 | H59: ='Input - Poultry'!H32 -> 0.15 | I59: fraction
D60: ='Input - Poultry'!$D$33 -> No MMS | E60: ='Input - Poultry'!E33 -> 0.1 | F60: ='Input - Poultry'!F33 -> 0.1 | G60: ='Input - Poultry'!G33 -> 0.1 | H60: ='Input - Poultry'!H33 -> 0.1 | I60: fraction
D62: Table_B_0_j
D63: Methane emissions potential per class
D64: Layers | E64: Meat chicken growers | F64: Meat chicken breeders | G64: Other
D65: ='Constants - Poultry'!$E$20 -> 0.39 | E65: ='Constants - Poultry'!$E$21 -> 0.36 | F65: ='Constants - Poultry'!$E$21 -> 0.36 | G65: ='Constants - Poultry'!$E$21 -> 0.36 | H65: m3 CH4/kg VS
D67: Table_MCF_i_m
D68: Methane conversion factor for state
D69: MMS | E69: MCFim
D70: ='Constants - Poultry'!D29 -> Poultry manure with bedding | E70: {=CommonLivestock_InputFunctions.Livestock_LookupMCFState(D70,Table_SourceData_Poultry_MMSMCF[NIR definition],Common_InputFunctions.Utility_ConvertStateCommonNameToAbbreviation($G$52,Table_AustralianStates[Common Name],Table_AustralianStates[Abbreviation]),Table_SourceData_Poultry_MMSMCF[#Headers],Table_SourceData_Poultry_MMSMCF[#Data])} -> 0.015
D71: ='Constants - Poultry'!D30 -> Belt manure removal | E71: {=CommonLivestock_InputFunctions.Livestock_LookupMCFState(D71,Table_SourceData_Poultry_MMSMCF[NIR definition],Common_InputFunctions.Utility_ConvertStateCommonNameToAbbreviation($G$52,Table_AustralianStates[Common Name],Table_AustralianStates[Abbreviation]),Table_SourceData_Poultry_MMSMCF[#Headers],Table_SourceData_Poultry_MMSMCF[#Data])} -> 0.015
D72: ='Constants - Poultry'!D31 -> Manure stored in house | E72: {=CommonLivestock_InputFunctions.Livestock_LookupMCFState(D72,Table_SourceData_Poultry_MMSMCF[NIR definition],Common_InputFunctions.Utility_ConvertStateCommonNameToAbbreviation($G$52,Table_AustralianStates[Common Name],Table_AustralianStates[Abbreviation]),Table_SourceData_Poultry_MMSMCF[#Headers],Table_SourceData_Poultry_MMSMCF[#Data])} -> 0.015
D73: ='Constants - Poultry'!D32 -> Pasture range and paddock | E73: {=CommonLivestock_InputFunctions.Livestock_LookupMCFState(D73,Table_SourceData_Poultry_MMSMCF[NIR definition],Common_InputFunctions.Utility_ConvertStateCommonNameToAbbreviation($G$52,Table_AustralianStates[Common Name],Table_AustralianStates[Abbreviation]),Table_SourceData_Poultry_MMSMCF[#Headers],Table_SourceData_Poultry_MMSMCF[#Data])} -> 0.01
D74: ='Constants - Poultry'!D33 -> Solid storage | E74: {=CommonLivestock_InputFunctions.Livestock_LookupMCFState(D74,Table_SourceData_Poultry_MMSMCF[NIR definition],Common_InputFunctions.Utility_ConvertStateCommonNameToAbbreviation($G$52,Table_AustralianStates[Common Name],Table_AustralianStates[Abbreviation]),Table_SourceData_Poultry_MMSMCF[#Headers],Table_SourceData_Poultry_MMSMCF[#Data])} -> 0.02
D75: ='Constants - Poultry'!D34 -> Composting (passive windrow) | E75: {=CommonLivestock_InputFunctions.Livestock_LookupMCFState(D75,Table_SourceData_Poultry_MMSMCF[NIR definition],Common_InputFunctions.Utility_ConvertStateCommonNameToAbbreviation($G$52,Table_AustralianStates[Common Name],Table_AustralianStates[Abbreviation]),Table_SourceData_Poultry_MMSMCF[#Headers],Table_SourceData_Poultry_MMSMCF[#Data])} -> 0.01
D76: ='Constants - Poultry'!D35 -> Digester / covered lagoons | E76: {=CommonLivestock_InputFunctions.Livestock_LookupMCFState(D76,Table_SourceData_Poultry_MMSMCF[NIR definition],Common_InputFunctions.Utility_ConvertStateCommonNameToAbbreviation($G$52,Table_AustralianStates[Common Name],Table_AustralianStates[Abbreviation]),Table_SourceData_Poultry_MMSMCF[#Headers],Table_SourceData_Poultry_MMSMCF[#Data])} -> 0.1
D77: ='Constants - Poultry'!D36 -> Direct processing | E77: {=CommonLivestock_InputFunctions.Livestock_LookupMCFState(D77,Table_SourceData_Poultry_MMSMCF[NIR definition],Common_InputFunctions.Utility_ConvertStateCommonNameToAbbreviation($G$52,Table_AustralianStates[Common Name],Table_AustralianStates[Abbreviation]),Table_SourceData_Poultry_MMSMCF[#Headers],Table_SourceData_Poultry_MMSMCF[#Data])} -> 0
D78: ='Constants - Poultry'!D37 -> Direct application | E78: {=CommonLivestock_InputFunctions.Livestock_LookupMCFState(D78,Table_SourceData_Poultry_MMSMCF[NIR definition],Common_InputFunctions.Utility_ConvertStateCommonNameToAbbreviation($G$52,Table_AustralianStates[Common Name],Table_AustralianStates[Abbreviation]),Table_SourceData_Poultry_MMSMCF[#Headers],Table_SourceData_Poultry_MMSMCF[#Data])} -> 0
D80: M1_Table_M_j_k_m_T-1 | N80: M1_Table_M_j_k_m_T-1
D81: Production of methane in stage 1 MMS (Method 1) | N81: Production of methane in stage 1 MMS (Method 1)
D82: Stage 1 MMS | E82: Layers | F82: Meat chicken growers | G82: Meat chicken breeders | H82: Other | N82: Stage 1 MMS | O82: Layers | P82: Meat chicken growers | Q82: Meat chicken breeders | R82: Other
D83: ='Input - Poultry'!$D$30 -> Belt manure removal | E83: {=MMS_poultry_Methane_Equations.VEERG_4_6_1_1__2_Stage1MethaneProduction(D$35,D$65,E57,_xlfn.XLOOKUP($D83,$D$70:$D$78,$E$70:$E$78),$G$51)} -> 1.679211e-05 | F83: {=MMS_poultry_Methane_Equations.VEERG_4_6_1_1__2_Stage1MethaneProduction(E$35,E$65,F57,_xlfn.XLOOKUP($D83,$D$70:$D$78,$E$70:$E$78),$G$51)} -> 8.6876582e-06 | G83: {=MMS_poultry_Methane_Equations.VEERG_4_6_1_1__2_Stage1MethaneProduction(F$35,F$65,G57,_xlfn.XLOOKUP($D83,$D$70:$D$78,$E$70:$E$78),$G$51)} -> 9.2822216e-06 | H83: {=MMS_poultry_Methane_Equations.VEERG_4_6_1_1__2_Stage1MethaneProduction(G$35,G$65,H57,_xlfn.XLOOKUP($D83,$D$70:$D$78,$E$70:$E$78),$G$51)} -> 8.6876582e-06 | I83: =$E$45 -> kg CH4/bird/day | N83: ='Input - Poultry'!$D$30 -> Belt manure removal | O83: {=MMS_poultry_Methane_Equations.VEERG_4_6_1_1__2_Stage1MethaneProduction(N$35,D$65,E57,_xlfn.XLOOKUP($N83,$D$70:$D$78,$E$70:$E$78),$G$51)} -> 1.679211e-05 | P83: {=MMS_poultry_Methane_Equations.VEERG_4_6_1_1__2_Stage1MethaneProduction(O$35,E$65,F57,_xlfn.XLOOKUP($N83,$D$70:$D$78,$E$70:$E$78),$G$51)} -> 8.6876582e-06 | Q83: {=MMS_poultry_Methane_Equations.VEERG_4_6_1_1__2_Stage1MethaneProduction(P$35,F$65,G57,_xlfn.XLOOKUP($N83,$D$70:$D$78,$E$70:$E$78),$G$51)} -> 9.2822216e-06 | R83: {=MMS_poultry_Methane_Equations.VEERG_4_6_1_1__2_Stage1MethaneProduction(Q$35,G$65,H57,_xlfn.XLOOKUP($N83,$D$70:$D$78,$E$70:$E$78),$G$51)} -> 8.6876582e-06 | S83: =$E$45 -> kg CH4/bird/day
D84: ='Input - Poultry'!$D$31 -> Manure stored in house | E84: {=MMS_poultry_Methane_Equations.VEERG_4_6_1_1__2_Stage1MethaneProduction(D$35,D$65,E58,_xlfn.XLOOKUP($D84,$D$70:$D$78,$E$70:$E$78),$G$51)} -> 1.679211e-05 | F84: {=MMS_poultry_Methane_Equations.VEERG_4_6_1_1__2_Stage1MethaneProduction(E$35,E$65,F58,_xlfn.XLOOKUP($D84,$D$70:$D$78,$E$70:$E$78),$G$51)} -> 8.6876582e-06 | G84: {=MMS_poultry_Methane_Equations.VEERG_4_6_1_1__2_Stage1MethaneProduction(F$35,F$65,G58,_xlfn.XLOOKUP($D84,$D$70:$D$78,$E$70:$E$78),$G$51)} -> 9.2822216e-06 | H84: {=MMS_poultry_Methane_Equations.VEERG_4_6_1_1__2_Stage1MethaneProduction(G$35,G$65,H58,_xlfn.XLOOKUP($D84,$D$70:$D$78,$E$70:$E$78),$G$51)} -> 8.6876582e-06 | I84: =$E$45 -> kg CH4/bird/day | N84: ='Input - Poultry'!$D$31 -> Manure stored in house | O84: {=MMS_poultry_Methane_Equations.VEERG_4_6_1_1__2_Stage1MethaneProduction(N$35,D$65,E58,_xlfn.XLOOKUP($N84,$D$70:$D$78,$E$70:$E$78),$G$51)} -> 1.679211e-05 | P84: {=MMS_poultry_Methane_Equations.VEERG_4_6_1_1__2_Stage1MethaneProduction(O$35,E$65,F58,_xlfn.XLOOKUP($N84,$D$70:$D$78,$E$70:$E$78),$G$51)} -> 8.6876582e-06 | Q84: {=MMS_poultry_Methane_Equations.VEERG_4_6_1_1__2_Stage1MethaneProduction(P$35,F$65,G58,_xlfn.XLOOKUP($N84,$D$70:$D$78,$E$70:$E$78),$G$51)} -> 9.2822216e-06 | R84: {=MMS_poultry_Methane_Equations.VEERG_4_6_1_1__2_Stage1MethaneProduction(Q$35,G$65,H58,_xlfn.XLOOKUP($N84,$D$70:$D$78,$E$70:$E$78),$G$51)} -> 8.6876582e-06 | S84: =$E$45 -> kg CH4/bird/day
D85: ='Input - Poultry'!$D$32 -> Pasture range and paddock | E85: {=MMS_poultry_Methane_Equations.VEERG_4_6_1_1__2_Stage1MethaneProduction(D$35,D$65,E59,_xlfn.XLOOKUP($D85,$D$70:$D$78,$E$70:$E$78),$G$51)} -> 1.119474e-05 | F85: {=MMS_poultry_Methane_Equations.VEERG_4_6_1_1__2_Stage1MethaneProduction(E$35,E$65,F59,_xlfn.XLOOKUP($D85,$D$70:$D$78,$E$70:$E$78),$G$51)} -> 5.7917722e-06 | G85: {=MMS_poultry_Methane_Equations.VEERG_4_6_1_1__2_Stage1MethaneProduction(F$35,F$65,G59,_xlfn.XLOOKUP($D85,$D$70:$D$78,$E$70:$E$78),$G$51)} -> 6.1881477e-06 | H85: {=MMS_poultry_Methane_Equations.VEERG_4_6_1_1__2_Stage1MethaneProduction(G$35,G$65,H59,_xlfn.XLOOKUP($D85,$D$70:$D$78,$E$70:$E$78),$G$51)} -> 5.7917722e-06 | I85: =$E$45 -> kg CH4/bird/day | N85: ='Input - Poultry'!$D$32 -> Pasture range and paddock | O85: {=MMS_poultry_Methane_Equations.VEERG_4_6_1_1__2_Stage1MethaneProduction(N$35,D$65,E59,_xlfn.XLOOKUP($N85,$D$70:$D$78,$E$70:$E$78),$G$51)} -> 1.119474e-05 | P85: {=MMS_poultry_Methane_Equations.VEERG_4_6_1_1__2_Stage1MethaneProduction(O$35,E$65,F59,_xlfn.XLOOKUP($N85,$D$70:$D$78,$E$70:$E$78),$G$51)} -> 5.7917722e-06 | Q85: {=MMS_poultry_Methane_Equations.VEERG_4_6_1_1__2_Stage1MethaneProduction(P$35,F$65,G59,_xlfn.XLOOKUP($N85,$D$70:$D$78,$E$70:$E$78),$G$51)} -> 6.1881477e-06 | R85: {=MMS_poultry_Methane_Equations.VEERG_4_6_1_1__2_Stage1MethaneProduction(Q$35,G$65,H59,_xlfn.XLOOKUP($N85,$D$70:$D$78,$E$70:$E$78),$G$51)} -> 5.7917722e-06 | S85: =$E$45 -> kg CH4/bird/day
D86: ='Input - Poultry'!$D$33 -> No MMS | E86: {=MMS_poultry_Methane_Equations.VEERG_4_6_1_1__2_Stage1MethaneProduction(D$35,D$65,E60,_xlfn.XLOOKUP($D86,$D$70:$D$78,$E$70:$E$78),$G$51)} -> #N/A | F86: {=MMS_poultry_Methane_Equations.VEERG_4_6_1_1__2_Stage1MethaneProduction(E$35,E$65,F60,_xlfn.XLOOKUP($D86,$D$70:$D$78,$E$70:$E$78),$G$51)} -> #N/A | G86: {=MMS_poultry_Methane_Equations.VEERG_4_6_1_1__2_Stage1MethaneProduction(F$35,F$65,G60,_xlfn.XLOOKUP($D86,$D$70:$D$78,$E$70:$E$78),$G$51)} -> #N/A | H86: {=MMS_poultry_Methane_Equations.VEERG_4_6_1_1__2_Stage1MethaneProduction(G$35,G$65,H60,_xlfn.XLOOKUP($D86,$D$70:$D$78,$E$70:$E$78),$G$51)} -> #N/A | I86: =$E$45 -> kg CH4/bird/day | N86: ='Input - Poultry'!$D$33 -> No MMS | O86: {=MMS_poultry_Methane_Equations.VEERG_4_6_1_1__2_Stage1MethaneProduction(N$35,D$65,E60,_xlfn.XLOOKUP($N86,$D$70:$D$78,$E$70:$E$78),$G$51)} -> #N/A | P86: {=MMS_poultry_Methane_Equations.VEERG_4_6_1_1__2_Stage1MethaneProduction(O$35,E$65,F60,_xlfn.XLOOKUP($N86,$D$70:$D$78,$E$70:$E$78),$G$51)} -> #N/A | Q86: {=MMS_poultry_Methane_Equations.VEERG_4_6_1_1__2_Stage1MethaneProduction(P$35,F$65,G60,_xlfn.XLOOKUP($N86,$D$70:$D$78,$E$70:$E$78),$G$51)} -> #N/A | R86: {=MMS_poultry_Methane_Equations.VEERG_4_6_1_1__2_Stage1MethaneProduction(Q$35,G$65,H60,_xlfn.XLOOKUP($N86,$D$70:$D$78,$E$70:$E$78),$G$51)} -> #N/A | S86: =$E$45 -> kg CH4/bird/day
D90: {=MMS_poultry_Methane_Equations.VEERG_4_6_1_1__4_VolatileSolidsTransferred_Title()} -> Volatile solids transferred to treatment stage 2 MMS
D91: {=MMS_poultry_Methane_Equations.VEERG_4_6_1_1__4_VolatileSolidsTransferred_Source()} -> VEERG 2026: 4.4.1.1, Equation (4)
D92: Function name | E92: {=Common_InputFunctions.Utility_DisplayFunctionName(E112)} -> =MMS_poultry_Methane_Equations.VEERG_4_6_1_1__4_VolatileSolidsTransferred
D95: Variable | E95: {=MMS_poultry_Methane_Equations.VEERG_4_6_1_1__4_VolatileSolidsTransferred_Variable()} -> VST_jk
D96: Unit | E96: {=MMS_poultry_Methane_Equations.VEERG_4_6_1_1__4_VolatileSolidsTransferred_Unit()} -> kg VS/bird/day
D98: {=MMS_poultry_Methane_Equations.VEERG_4_6_1_1__4_VolatileSolidsTransferred_Arguments()} -> VS_jk | E98: volatile solid production poultry classes : kg VS/bird/day | G98: ="See " & D32 -> See M1_Table_VS_j_k
D99: MMS_jmT1 | E99: fraction of manure in each primary system : fraction | G99: ="See " & D54 -> See Table_MMS_j_m_T-1
D100: VSL_mT1 | E100: fraction of volatile solids lost during storage in the primary system : fraction | G100: ="See " & D102 -> See Table_VSL_m_T-1
D102: Table_VSL_m_T-1
D103: Fraction volatile solids list in stage 1 MMS
D104: Stage 1 MMS | E104: VSLmT=1
D105: ='Input - Poultry'!$D$30 -> Belt manure removal | E105: {=Common_InputFunctions.Utility_LookupValueInTableNumber(D105, Table_SourceData_Poultry_MMSVSL[NIR definition],Table_SourceData_Poultry_MMSVSL[VSL])} -> 0 | F105: fraction
D106: ='Input - Poultry'!$D$31 -> Manure stored in house | E106: {=Common_InputFunctions.Utility_LookupValueInTableNumber(D106, Table_SourceData_Poultry_MMSVSL[NIR definition],Table_SourceData_Poultry_MMSVSL[VSL])} -> 0.2 | F106: fraction
D107: ='Input - Poultry'!$D$32 -> Pasture range and paddock | E107: {=Common_InputFunctions.Utility_LookupValueInTableNumber(D107, Table_SourceData_Poultry_MMSVSL[NIR definition],Table_SourceData_Poultry_MMSVSL[VSL])} -> 0 | F107: fraction
D109: M1_Table_VST_j_k | N109: M2_Table_VST_j_k
D110: Volatile solids sent to stage 2 MMS (Method 1) | N110: Volatile solids sent to stage 2 MMS (Method 2)
D111: Stage 1 MMS | E111: Layers | F111: Meat chicken growers | G111: Meat chicken breeders | H111: Other | N111: Stage 1 MMS | O111: Layers | P111: Meat chicken growers | Q111: Meat chicken breeders | R111: Other
D112: ='Input - Poultry'!$D$30 -> Belt manure removal | E112: {=MMS_poultry_Methane_Equations.VEERG_4_6_1_1__4_VolatileSolidsTransferred(D$35,E57,_xlfn.XLOOKUP($D112,$D$105:$D$107,$E$105:$E$107))} -> 0.0042312 | F112: {=MMS_poultry_Methane_Equations.VEERG_4_6_1_1__4_VolatileSolidsTransferred(E$35,F57,_xlfn.XLOOKUP($D112,$D$105:$D$107,$E$105:$E$107))} -> 0.0023715 | G112: {=MMS_poultry_Methane_Equations.VEERG_4_6_1_1__4_VolatileSolidsTransferred(F$35,G57,_xlfn.XLOOKUP($D112,$D$105:$D$107,$E$105:$E$107))} -> 0.0025338 | H112: {=MMS_poultry_Methane_Equations.VEERG_4_6_1_1__4_VolatileSolidsTransferred(G$35,H57,_xlfn.XLOOKUP($D112,$D$105:$D$107,$E$105:$E$107))} -> 0.0023715 | I112: =$E$96 -> kg VS/bird/day | N112: ='Input - Poultry'!$D$30 -> Belt manure removal | O112: {=MMS_poultry_Methane_Equations.VEERG_4_6_1_1__4_VolatileSolidsTransferred(N$35,E57,_xlfn.XLOOKUP($N112,$D$105:$D$107,$E$105:$E$107))} -> 0.0042312 | P112: {=MMS_poultry_Methane_Equations.VEERG_4_6_1_1__4_VolatileSolidsTransferred(O$35,F57,_xlfn.XLOOKUP($N112,$D$105:$D$107,$E$105:$E$107))} -> 0.0023715 | Q112: {=MMS_poultry_Methane_Equations.VEERG_4_6_1_1__4_VolatileSolidsTransferred(P$35,G57,_xlfn.XLOOKUP($N112,$D$105:$D$107,$E$105:$E$107))} -> 0.0025338 | R112: {=MMS_poultry_Methane_Equations.VEERG_4_6_1_1__4_VolatileSolidsTransferred(Q$35,H57,_xlfn.XLOOKUP($N112,$D$105:$D$107,$E$105:$E$107))} -> 0.0023715 | S112: =$E$96 -> kg VS/bird/day
D113: ='Input - Poultry'!$D$31 -> Manure stored in house | E113: {=MMS_poultry_Methane_Equations.VEERG_4_6_1_1__4_VolatileSolidsTransferred(D$35,E58,_xlfn.XLOOKUP($D113,$D$105:$D$107,$E$105:$E$107))} -> 0.00338496 | F113: {=MMS_poultry_Methane_Equations.VEERG_4_6_1_1__4_VolatileSolidsTransferred(E$35,F58,_xlfn.XLOOKUP($D113,$D$105:$D$107,$E$105:$E$107))} -> 0.0018972 | G113: {=MMS_poultry_Methane_Equations.VEERG_4_6_1_1__4_VolatileSolidsTransferred(F$35,G58,_xlfn.XLOOKUP($D113,$D$105:$D$107,$E$105:$E$107))} -> 0.00202704 | H113: {=MMS_poultry_Methane_Equations.VEERG_4_6_1_1__4_VolatileSolidsTransferred(G$35,H58,_xlfn.XLOOKUP($D113,$D$105:$D$107,$E$105:$E$107))} -> 0.0018972 | I113: =$E$96 -> kg VS/bird/day | N113: ='Input - Poultry'!$D$31 -> Manure stored in house | O113: {=MMS_poultry_Methane_Equations.VEERG_4_6_1_1__4_VolatileSolidsTransferred(N$35,E58,_xlfn.XLOOKUP($N113,$D$105:$D$107,$E$105:$E$107))} -> 0.00338496 | P113: {=MMS_poultry_Methane_Equations.VEERG_4_6_1_1__4_VolatileSolidsTransferred(O$35,F58,_xlfn.XLOOKUP($N113,$D$105:$D$107,$E$105:$E$107))} -> 0.0018972 | Q113: {=MMS_poultry_Methane_Equations.VEERG_4_6_1_1__4_VolatileSolidsTransferred(P$35,G58,_xlfn.XLOOKUP($N113,$D$105:$D$107,$E$105:$E$107))} -> 0.00202704 | R113: {=MMS_poultry_Methane_Equations.VEERG_4_6_1_1__4_VolatileSolidsTransferred(Q$35,H58,_xlfn.XLOOKUP($N113,$D$105:$D$107,$E$105:$E$107))} -> 0.0018972 | S113: =$E$96 -> kg VS/bird/day
D114: ='Input - Poultry'!$D$32 -> Pasture range and paddock | E114: {=MMS_poultry_Methane_Equations.VEERG_4_6_1_1__4_VolatileSolidsTransferred(D$35,E59,_xlfn.XLOOKUP($D114,$D$105:$D$107,$E$105:$E$107))} -> 0.0042312 | F114: {=MMS_poultry_Methane_Equations.VEERG_4_6_1_1__4_VolatileSolidsTransferred(E$35,F59,_xlfn.XLOOKUP($D114,$D$105:$D$107,$E$105:$E$107))} -> 0.0023715 | G114: {=MMS_poultry_Methane_Equations.VEERG_4_6_1_1__4_VolatileSolidsTransferred(F$35,G59,_xlfn.XLOOKUP($D114,$D$105:$D$107,$E$105:$E$107))} -> 0.0025338 | H114: {=MMS_poultry_Methane_Equations.VEERG_4_6_1_1__4_VolatileSolidsTransferred(G$35,H59,_xlfn.XLOOKUP($D114,$D$105:$D$107,$E$105:$E$107))} -> 0.0023715 | I114: =$E$96 -> kg VS/bird/day | N114: ='Input - Poultry'!$D$32 -> Pasture range and paddock | O114: {=MMS_poultry_Methane_Equations.VEERG_4_6_1_1__4_VolatileSolidsTransferred(N$35,E59,_xlfn.XLOOKUP($N114,$D$105:$D$107,$E$105:$E$107))} -> 0.0042312 | P114: {=MMS_poultry_Methane_Equations.VEERG_4_6_1_1__4_VolatileSolidsTransferred(O$35,F59,_xlfn.XLOOKUP($N114,$D$105:$D$107,$E$105:$E$107))} -> 0.0023715 | Q114: {=MMS_poultry_Methane_Equations.VEERG_4_6_1_1__4_VolatileSolidsTransferred(P$35,G59,_xlfn.XLOOKUP($N114,$D$105:$D$107,$E$105:$E$107))} -> 0.0025338 | R114: {=MMS_poultry_Methane_Equations.VEERG_4_6_1_1__4_VolatileSolidsTransferred(Q$35,H59,_xlfn.XLOOKUP($N114,$D$105:$D$107,$E$105:$E$107))} -> 0.0023715 | S114: =$E$96 -> kg VS/bird/day
D118: {=MMS_poultry_Methane_Equations.VEERG_4_6_1_1__3_Stage2MethaneProduction_Title()} -> Production of methane in treatment stage 2 MMS
D119: {=MMS_poultry_Methane_Equations.VEERG_4_6_1_1__3_Stage2MethaneProduction_Source()} -> VEERG 2026: 4.4.1.1, Equation (3)
D120: Function name | E120: {=Common_InputFunctions.Utility_DisplayFunctionName(F152)} -> =MMS_poultry_Methane_Equations.VEERG_4_6_1_1__3_Stage2MethaneProduction
D123: Variable | E123: {=MMS_poultry_Methane_Equations.VEERG_4_6_1_1__3_Stage2MethaneProduction_Variable()} -> M_jkmT2
D124: Unit | E124: {=MMS_poultry_Methane_Equations.VEERG_4_6_1_1__3_Stage2MethaneProduction_Unit()} -> kg CH4/bird/day
D126: {=MMS_poultry_Methane_Equations.VEERG_4_6_1_1__3_Stage2MethaneProduction_Arguments()} -> VST_jk | E126: volatile solids transferred to treatment stage 2 MMS : kg VS/bird/day | G126: ="See " & D109 -> See M1_Table_VST_j_k
D127: BO | E127: emissions potential : m3 CH4/kg VS | G127: ="See " & D62 -> See Table_B_0_j
D128: MMS_jmT2 | E128: fraction of manure in each secondary system : fraction | G128: ="See " & D133 -> See Table_MMS_j_m_T-2
D129: MCF_im | E129: methane conversion factor for temperature zone and MMS : fraction | G129: ="See " & D67 -> See Table_MCF_i_m
...

Sheet 4.6.1.3-4 Direct N20
A1: #VALUE! | C1: 4.6.1.3-4 Manure Direct N2O
A3: =HYPERLINK("#'Home'!A1", "Home") -> Home | D3: Method 1 | N3: Method 2
A4: =HYPERLINK("#'Results'!A1", "Results") -> Results
D5: {=MMS_Poultry_N2ODirect_Equations.VEERG_4_6_1_3__5_NitrogenIntake_Title()} -> Nitrogen intake of poultry
A6: INPUTS | D6: {=MMS_Poultry_N2ODirect_Equations.VEERG_4_6_1_3__5_NitrogenIntake_Source()} -> VEERG 2026: 4.6.1.3, Equation (5)
A7: =HYPERLINK("#'Input - Site'!A1", "Site") -> Site | D7: Function name | E7: {=Common_InputFunctions.Utility_DisplayFunctionName()} -> #VALUE!
A8: =HYPERLINK("#'Input - Swine'!A1", "Swine") -> Swine
A10: CALCULATIONS | D10: Variable | E10: {=MMS_Poultry_N2ODirect_Equations.VEERG_4_6_1_3__5_NitrogenIntake_Variable()} -> NI_jk
A11: =HYPERLINK("#'4.5.1.1-2 Methane'!A1", "4.5.1.1-2 Methane") -> 4.5.1.1-2 Methane | D11: Unit | E11: {=MMS_Poultry_N2ODirect_Equations.VEERG_4_6_1_3__5_NitrogenIntake_Unit()} -> kg N/bird/day
A12: =HYPERLINK("#'4.5.1.3-4 Direct N20'!A1", "4.5.1.3-4 Direct N2O") -> 4.5.1.3-4 Direct N2O
A13: =HYPERLINK("#'4.5.1.5-6 Atmos Dep'!A1", "4.5.1.5-6 Soil atm. deposition") -> 4.5.1.5-6 Soil atm. deposition | D13: {=MMS_Poultry_N2ODirect_Equations.VEERG_4_6_1_3__5_NitrogenIntake_Arguments()} -> I_jk | E13: dry matter intake for each class and subclass : kg DM/bird/day
A14: =HYPERLINK("#'4.5.1.7-8 Leaching and runoff'!A1", "4.5.1.7-8 Leaching & runoff") -> 4.5.1.7-8 Leaching & runoff | D14: CP_jk | E14: crude protein content of feed : fraction
A15: =HYPERLINK("#'4.5.1.9 Manure applied to soils'!A1", "4.5.1.9 Manure applied to soils") -> 4.5.1.9 Manure applied to soils | D15: 6.25 | E15: factor for converting crude protein into nitrogen : ratio
A17: APPENDICES | D17: M1_Table_I_j_k
A18: =HYPERLINK("#'Constants - Swine'!A1", "Constants - Swine") -> Constants - Swine | D18: Dry matter intake (Method 1)
A19: =HYPERLINK("#'Constants - Livestock'!A1", "Constants - Livestock") -> Constants - Livestock | D19: Layers | E19: Meat chicken growers | F19: Meat chicken breeders | G19: Other
A20: =HYPERLINK("#'Constants - Common'!A1", "Constants - Common") -> Constants - Common | D20: ='Input - Poultry'!E16 -> 0.086 | E20: ='Constants - Poultry'!E13 -> 0.18 | F20: ='Constants - Poultry'!F13 -> 0.15 | G20: ='Constants - Poultry'!G13 -> 0.18 | H20: kg/DM/bird/day
A21: =HYPERLINK("#'Acknowledgements'!A1", "Acknowledgements") -> Acknowledgements
D22: M1_Table_CP_j_k
D23: Crude protein content of feed (Method 1)
D24: Layers | E24: Meat chicken growers | F24: Meat chicken breeders | G24: Other
D25: ='Input - Poultry'!E18 -> 0.19 | E25: ='Input - Poultry'!F18 -> 0.23 | F25: ='Input - Poultry'!G18 -> 0.19 | G25: ='Input - Poultry'!H18 -> 0.23 | H25: fraction

Sheet 4.5.1.5-6 Atmos Dep
A1: #VALUE! | C1: 4.5.1.5-6 Atmospheric deposition N2O
A3: =HYPERLINK("#'Home'!A1", "Home") -> Home | D3: Method 1 | N3: Method 2
A4: =HYPERLINK("#'Results'!A1", "Results") -> Results
D5: {=MMS_Swine_AtmosphericDeposition_Equations.VEERG_4_5_1_5__2_TotalNitrogenVolatilisedFromMMS_Title()} -> Total nitrogen volatilised from MMS
A6: INPUTS | D6: {=MMS_Swine_AtmosphericDeposition_Equations.VEERG_4_5_1_5__2_TotalNitrogenVolatilisedFromMMS_Source()} -> VEERG 2026: 4.5.1.1, Equation (2)
A7: =HYPERLINK("#'Input - Site'!A1", "Site") -> Site | D7: Function name | E7: {=Common_InputFunctions.Utility_DisplayFunctionName(F63)} -> =MMS_Swine_AtmosphericDeposition_Equations.VEERG_4_5_1_5__2_TotalNitrogenVolatilisedFromMMS
A8: =HYPERLINK("#'Input - Swine'!A1", "Swine") -> Swine
A10: CALCULATIONS | D10: Variable | E10: {=MMS_Swine_AtmosphericDeposition_Equations.VEERG_4_5_1_5__2_TotalNitrogenVolatilisedFromMMS_Variable()} -> MMS_ATMOS
A11: =HYPERLINK("#'4.5.1.1-2 Methane'!A1", "4.5.1.1-2 Methane") -> 4.5.1.1-2 Methane | D11: Unit | E11: {=MMS_Swine_AtmosphericDeposition_Equations.VEERG_4_5_1_5__2_TotalNitrogenVolatilisedFromMMS_Unit()} -> kg N
A12: =HYPERLINK("#'4.5.1.3-4 Direct N20'!A1", "4.5.1.3-4 Direct N2O") -> 4.5.1.3-4 Direct N2O
A13: =HYPERLINK("#'4.5.1.5-6 Atmos Dep'!A1", "4.5.1.5-6 Soil atm. deposition") -> 4.5.1.5-6 Soil atm. deposition | D13: {=MMS_Swine_AtmosphericDeposition_Equations.VEERG_4_5_1_5__2_TotalNitrogenVolatilisedFromMMS_Arguments()} -> MN_jmT | E13: nitrogen per swine class, MMS and treatment stage (kg N) | G13: ="See " & D16 & " and " & D26 -> See M1_Table_MN_j_m_T-1 and M1_Table_MN_j_m_T-2
A14: =HYPERLINK("#'4.5.1.7-8 Leaching and runoff'!A1", "4.5.1.7-8 Leaching & runoff") -> 4.5.1.7-8 Leaching & runoff | D14: FracGASMmT | E14: fraction of N volatilised in each MMS ((kg NH3-N + NOx-N)/kg N) | G14: ="See " & D50 -> See Table_FracGASM_m_t
A15: =HYPERLINK("#'4.5.1.9 Manure applied to soils'!A1", "4.5.1.9 Manure applied to soils") -> 4.5.1.9 Manure applied to soils
D16: M1_Table_MN_j_m_T-1 | N16: M1_Table_MN_j_m_T-1
A17: APPENDICES | D17: Nitrogen in treatment stage 1 MMS (Method 1) | N17: Nitrogen in treatment stage 1 MMS (Method 1)
A18: =HYPERLINK("#'Constants - Swine'!A1", "Constants - Swine") -> Constants - Swine | D18: Stage 1 management | E18: Boars | F18: Sows | G18: Gilts | H18: Others | N18: Stage 1 management | O18: Boars | P18: Sows | Q18: Gilts | R18: Others
A19: =HYPERLINK("#'Constants - Livestock'!A1", "Constants - Livestock") -> Constants - Livestock | D19: ='Input - Poultry'!$D$30 -> Belt manure removal | E19: ='4.6.1.3-4 Direct N20'!E118 -> 0 | F19: ='4.6.1.3-4 Direct N20'!F118 -> 0 | G19: ='4.6.1.3-4 Direct N20'!G118 -> 0 | H19: ='4.6.1.3-4 Direct N20'!H118 -> 0 | I19: ='4.6.1.3-4 Direct N20'!I118 -> 0 | N19: ='Input - Poultry'!$D$30 -> Belt manure removal | O19: ='4.6.1.3-4 Direct N20'!O118 -> 0 | P19: ='4.6.1.3-4 Direct N20'!P118 -> 0 | Q19: ='4.6.1.3-4 Direct N20'!Q118 -> 0 | R19: ='4.6.1.3-4 Direct N20'!R118 -> 0 | S19: ='4.6.1.3-4 Direct N20'!S118 -> 0
A20: =HYPERLINK("#'Constants - Common'!A1", "Constants - Common") -> Constants - Common | D20: ='Input - Poultry'!$D$31 -> Manure stored in house | E20: ='4.6.1.3-4 Direct N20'!E119 -> 0 | F20: ='4.6.1.3-4 Direct N20'!F119 -> 0 | G20: ='4.6.1.3-4 Direct N20'!G119 -> 0 | H20: ='4.6.1.3-4 Direct N20'!H119 -> 0 | I20: ='4.6.1.3-4 Direct N20'!I119 -> 0 | N20: ='Input - Poultry'!$D$31 -> Manure stored in house | O20: ='4.6.1.3-4 Direct N20'!O119 -> 0 | P20: ='4.6.1.3-4 Direct N20'!P119 -> 0 | Q20: ='4.6.1.3-4 Direct N20'!Q119 -> 0 | R20: ='4.6.1.3-4 Direct N20'!R119 -> 0 | S20: ='4.6.1.3-4 Direct N20'!S119 -> 0
A21: =HYPERLINK("#'Acknowledgements'!A1", "Acknowledgements") -> Acknowledgements | D21: ='Input - Poultry'!$D$32 -> Pasture range and paddock | E21: ='4.6.1.3-4 Direct N20'!E120 -> 0 | F21: ='4.6.1.3-4 Direct N20'!F120 -> 0 | G21: ='4.6.1.3-4 Direct N20'!G120 -> 0 | H21: ='4.6.1.3-4 Direct N20'!H120 -> 0 | I21: ='4.6.1.3-4 Direct N20'!I120 -> 0 | N21: ='Input - Poultry'!$D$32 -> Pasture range and paddock | O21: ='4.6.1.3-4 Direct N20'!O120 -> 0 | P21: ='4.6.1.3-4 Direct N20'!P120 -> 0 | Q21: ='4.6.1.3-4 Direct N20'!Q120 -> 0 | R21: ='4.6.1.3-4 Direct N20'!R120 -> 0 | S21: ='4.6.1.3-4 Direct N20'!S120 -> 0
D22: ='Input - Poultry'!$D$33 -> No MMS | E22: ='4.6.1.3-4 Direct N20'!E121 -> 0 | F22: ='4.6.1.3-4 Direct N20'!F121 -> 0 | G22: ='4.6.1.3-4 Direct N20'!G121 -> 0 | H22: ='4.6.1.3-4 Direct N20'!H121 -> 0 | I22: ='4.6.1.3-4 Direct N20'!I121 -> 0 | N22: ='Input - Poultry'!$D$33 -> No MMS | O22: ='4.6.1.3-4 Direct N20'!O121 -> 0 | P22: ='4.6.1.3-4 Direct N20'!P121 -> 0 | Q22: ='4.6.1.3-4 Direct N20'!Q121 -> 0 | R22: ='4.6.1.3-4 Direct N20'!R121 -> 0 | S22: ='4.6.1.3-4 Direct N20'!S121 -> 0
D23: ='Input - Poultry'!#REF! -> #REF! | E23: ='4.6.1.3-4 Direct N20'!E122 -> 0 | F23: ='4.6.1.3-4 Direct N20'!F122 -> 0 | G23: ='4.6.1.3-4 Direct N20'!G122 -> 0 | H23: ='4.6.1.3-4 Direct N20'!H122 -> 0 | I23: ='4.6.1.3-4 Direct N20'!I122 -> 0 | N23: ='Input - Poultry'!#REF! -> #REF! | O23: ='4.6.1.3-4 Direct N20'!O122 -> 0 | P23: ='4.6.1.3-4 Direct N20'!P122 -> 0 | Q23: ='4.6.1.3-4 Direct N20'!Q122 -> 0 | R23: ='4.6.1.3-4 Direct N20'!R122 -> 0 | S23: ='4.6.1.3-4 Direct N20'!S122 -> 0
D24: ='Input - Poultry'!#REF! -> #REF! | E24: ='4.6.1.3-4 Direct N20'!E123 -> 0 | F24: ='4.6.1.3-4 Direct N20'!F123 -> 0 | G24: ='4.6.1.3-4 Direct N20'!G123 -> 0 | H24: ='4.6.1.3-4 Direct N20'!H123 -> 0 | I24: ='4.6.1.3-4 Direct N20'!I123 -> 0 | N24: ='Input - Poultry'!#REF! -> #REF! | O24: ='4.6.1.3-4 Direct N20'!O123 -> 0 | P24: ='4.6.1.3-4 Direct N20'!P123 -> 0 | Q24: ='4.6.1.3-4 Direct N20'!Q123 -> 0 | R24: ='4.6.1.3-4 Direct N20'!R123 -> 0 | S24: ='4.6.1.3-4 Direct N20'!S123 -> 0
D26: M1_Table_MN_j_m_T-2 | N26: M1_Table_MN_j_m_T-2
D27: Nitrogen in stage 2 MMS (Method 1) | N27: Nitrogen in stage 2 MMS (Method 1)
D28: Stage 1 management | E28: Stage 2 management | F28: Boars | G28: Sows | H28: Gilts | I28: Others | N28: Stage 1 management | O28: Stage 2 management | P28: Boars | Q28: Sows | R28: Gilts | S28: Others
D29: ='Input - Poultry'!$D$30 -> Belt manure removal | E29: ='Input - Poultry'!$D$38 -> Solid storage | F29: ='4.6.1.3-4 Direct N20'!F209 -> 0 | G29: ='4.6.1.3-4 Direct N20'!G209 -> 0 | H29: ='4.6.1.3-4 Direct N20'!H209 -> 0 | I29: ='4.6.1.3-4 Direct N20'!I209 -> 0 | J29: ='4.6.1.3-4 Direct N20'!J209 -> 0 | N29: ='Input - Poultry'!$D$30 -> Belt manure removal | O29: ='Input - Poultry'!$D$38 -> Solid storage | P29: ='4.6.1.3-4 Direct N20'!P209 -> 0 | Q29: ='4.6.1.3-4 Direct N20'!Q209 -> 0 | R29: ='4.6.1.3-4 Direct N20'!R209 -> 0 | S29: ='4.6.1.3-4 Direct N20'!S209 -> 0 | T29: ='4.6.1.3-4 Direct N20'!T209 -> 0
E30: ='Input - Poultry'!$D$39 -> Composting (passive windrow) | F30: ='4.6.1.3-4 Direct N20'!F210 -> 0 | G30: ='4.6.1.3-4 Direct N20'!G210 -> 0 | H30: ='4.6.1.3-4 Direct N20'!H210 -> 0 | I30: ='4.6.1.3-4 Direct N20'!I210 -> 0 | J30: ='4.6.1.3-4 Direct N20'!J210 -> 0 | O30: ='Input - Poultry'!$D$39 -> Composting (passive windrow) | P30: ='4.6.1.3-4 Direct N20'!P210 -> 0 | Q30: ='4.6.1.3-4 Direct N20'!Q210 -> 0 | R30: ='4.6.1.3-4 Direct N20'!R210 -> 0 | S30: ='4.6.1.3-4 Direct N20'!S210 -> 0 | T30: ='4.6.1.3-4 Direct N20'!T210 -> 0
E31: ='Input - Poultry'!$D$40 -> Digester / covered lagoons | F31: ='4.6.1.3-4 Direct N20'!F211 -> 0 | G31: ='4.6.1.3-4 Direct N20'!G211 -> 0 | H31: ='4.6.1.3-4 Direct N20'!H211 -> 0 | I31: ='4.6.1.3-4 Direct N20'!I211 -> 0 | J31: ='4.6.1.3-4 Direct N20'!J211 -> 0 | O31: ='Input - Poultry'!$D$40 -> Digester / covered lagoons | P31: ='4.6.1.3-4 Direct N20'!P211 -> 0 | Q31: ='4.6.1.3-4 Direct N20'!Q211 -> 0 | R31: ='4.6.1.3-4 Direct N20'!R211 -> 0 | S31: ='4.6.1.3-4 Direct N20'!S211 -> 0 | T31: ='4.6.1.3-4 Direct N20'!T211 -> 0
D32: ='Input - Poultry'!$D$31 -> Manure stored in house | E32: ='Input - Poultry'!$D$45 -> Solid storage | F32: ='4.6.1.3-4 Direct N20'!F212 -> 0 | G32: ='4.6.1.3-4 Direct N20'!G212 -> 0 | H32: ='4.6.1.3-4 Direct N20'!H212 -> 0 | I32: ='4.6.1.3-4 Direct N20'!I212 -> 0 | J32: ='4.6.1.3-4 Direct N20'!J212 -> 0 | N32: ='Input - Poultry'!$D$31 -> Manure stored in house | O32: ='Input - Poultry'!$D$45 -> Solid storage | P32: ='4.6.1.3-4 Direct N20'!P212 -> 0 | Q32: ='4.6.1.3-4 Direct N20'!Q212 -> 0 | R32: ='4.6.1.3-4 Direct N20'!R212 -> 0 | S32: ='4.6.1.3-4 Direct N20'!S212 -> 0 | T32: ='4.6.1.3-4 Direct N20'!T212 -> 0
E33: ='Input - Poultry'!$D$46 -> Composting (passive windrow) | F33: ='4.6.1.3-4 Direct N20'!F213 -> 0 | G33: ='4.6.1.3-4 Direct N20'!G213 -> 0 | H33: ='4.6.1.3-4 Direct N20'!H213 -> 0 | I33: ='4.6.1.3-4 Direct N20'!I213 -> 0 | J33: ='4.6.1.3-4 Direct N20'!J213 -> 0 | O33: ='Input - Poultry'!$D$46 -> Composting (passive windrow) | P33: ='4.6.1.3-4 Direct N20'!P213 -> 0 | Q33: ='4.6.1.3-4 Direct N20'!Q213 -> 0 | R33: ='4.6.1.3-4 Direct N20'!R213 -> 0 | S33: ='4.6.1.3-4 Direct N20'!S213 -> 0 | T33: ='4.6.1.3-4 Direct N20'!T213 -> 0
E34: ='Input - Poultry'!$D$47 -> Digester / covered lagoons | F34: ='4.6.1.3-4 Direct N20'!F214 -> 0 | G34: ='4.6.1.3-4 Direct N20'!G214 -> 0 | H34: ='4.6.1.3-4 Direct N20'!H214 -> 0 | I34: ='4.6.1.3-4 Direct N20'!I214 -> 0 | J34: ='4.6.1.3-4 Direct N20'!J214 -> 0 | O34: ='Input - Poultry'!$D$47 -> Digester / covered lagoons | P34: ='4.6.1.3-4 Direct N20'!P214 -> 0 | Q34: ='4.6.1.3-4 Direct N20'!Q214 -> 0 | R34: ='4.6.1.3-4 Direct N20'!R214 -> 0 | S34: ='4.6.1.3-4 Direct N20'!S214 -> 0 | T34: ='4.6.1.3-4 Direct N20'!T214 -> 0
E35: ='Input - Poultry'!$D$48 -> Direct processing | F35: ='4.6.1.3-4 Direct N20'!F215 -> 0 | G35: ='4.6.1.3-4 Direct N20'!G215 -> 0 | H35: ='4.6.1.3-4 Direct N20'!H215 -> 0 | I35: ='4.6.1.3-4 Direct N20'!I215 -> 0 | J35: ='4.6.1.3-4 Direct N20'!J215 -> 0 | O35: ='Input - Poultry'!$D$48 -> Direct processing | P35: ='4.6.1.3-4 Direct N20'!P215 -> 0 | Q35: ='4.6.1.3-4 Direct N20'!Q215 -> 0 | R35: ='4.6.1.3-4 Direct N20'!R215 -> 0 | S35: ='4.6.1.3-4 Direct N20'!S215 -> 0 | T35: ='4.6.1.3-4 Direct N20'!T215 -> 0
D36: ='Input - Poultry'!$D$32 -> Pasture range and paddock | E36: ='Input - Poultry'!$D$52 -> Solid storage | F36: ='4.6.1.3-4 Direct N20'!F216 -> 0 | G36: ='4.6.1.3-4 Direct N20'!G216 -> 0 | H36: ='4.6.1.3-4 Direct N20'!H216 -> 0 | I36: ='4.6.1.3-4 Direct N20'!I216 -> 0 | J36: ='4.6.1.3-4 Direct N20'!J216 -> 0 | N36: ='Input - Poultry'!$D$32 -> Pasture range and paddock | O36: ='Input - Poultry'!$D$52 -> Solid storage | P36: ='4.6.1.3-4 Direct N20'!P216 -> 0 | Q36: ='4.6.1.3-4 Direct N20'!Q216 -> 0 | R36: ='4.6.1.3-4 Direct N20'!R216 -> 0 | S36: ='4.6.1.3-4 Direct N20'!S216 -> 0 | T36: ='4.6.1.3-4 Direct N20'!T216 -> 0
E37: ='Input - Poultry'!$D$53 -> Composting (passive windrow) | F37: ='4.6.1.3-4 Direct N20'!F217 -> 0 | G37: ='4.6.1.3-4 Direct N20'!G217 -> 0 | H37: ='4.6.1.3-4 Direct N20'!H217 -> 0 | I37: ='4.6.1.3-4 Direct N20'!I217 -> 0 | J37: ='4.6.1.3-4 Direct N20'!J217 -> 0 | O37: ='Input - Poultry'!$D$53 -> Composting (passive windrow) | P37: ='4.6.1.3-4 Direct N20'!P217 -> 0 | Q37: ='4.6.1.3-4 Direct N20'!Q217 -> 0 | R37: ='4.6.1.3-4 Direct N20'!R217 -> 0 | S37: ='4.6.1.3-4 Direct N20'!S217 -> 0 | T37: ='4.6.1.3-4 Direct N20'!T217 -> 0
E38: ='Input - Poultry'!$D$54 -> Digester / covered lagoons | F38: ='4.6.1.3-4 Direct N20'!F218 -> 0 | G38: ='4.6.1.3-4 Direct N20'!G218 -> 0 | H38: ='4.6.1.3-4 Direct N20'!H218 -> 0 | I38: ='4.6.1.3-4 Direct N20'!I218 -> 0 | J38: ='4.6.1.3-4 Direct N20'!J218 -> 0 | O38: ='Input - Poultry'!$D$54 -> Digester / covered lagoons | P38: ='4.6.1.3-4 Direct N20'!P218 -> 0 | Q38: ='4.6.1.3-4 Direct N20'!Q218 -> 0 | R38: ='4.6.1.3-4 Direct N20'!R218 -> 0 | S38: ='4.6.1.3-4 Direct N20'!S218 -> 0 | T38: ='4.6.1.3-4 Direct N20'!T218 -> 0
D39: ='Input - Poultry'!$D$33 -> No MMS | E39: ='Input - Poultry'!#REF! -> #REF! | F39: ='4.6.1.3-4 Direct N20'!F219 -> 0 | G39: ='4.6.1.3-4 Direct N20'!G219 -> 0 | H39: ='4.6.1.3-4 Direct N20'!H219 -> 0 | I39: ='4.6.1.3-4 Direct N20'!I219 -> 0 | J39: ='4.6.1.3-4 Direct N20'!J219 -> 0 | N39: ='Input - Poultry'!$D$33 -> No MMS | O39: ='Input - Poultry'!#REF! -> #REF! | P39: ='4.6.1.3-4 Direct N20'!P219 -> 0 | Q39: ='4.6.1.3-4 Direct N20'!Q219 -> 0 | R39: ='4.6.1.3-4 Direct N20'!R219 -> 0 | S39: ='4.6.1.3-4 Direct N20'!S219 -> 0 | T39: ='4.6.1.3-4 Direct N20'!T219 -> 0
E40: ='Input - Poultry'!$D$71 -> 0 | F40: ='4.6.1.3-4 Direct N20'!F220 -> 0 | G40: ='4.6.1.3-4 Direct N20'!G220 -> 0 | H40: ='4.6.1.3-4 Direct N20'!H220 -> 0 | I40: ='4.6.1.3-4 Direct N20'!I220 -> 0 | J40: ='4.6.1.3-4 Direct N20'!J220 -> 0 | O40: ='Input - Poultry'!$D$71 -> 0 | P40: ='4.6.1.3-4 Direct N20'!P220 -> 0 | Q40: ='4.6.1.3-4 Direct N20'!Q220 -> 0 | R40: ='4.6.1.3-4 Direct N20'!R220 -> 0 | S40: ='4.6.1.3-4 Direct N20'!S220 -> 0 | T40: ='4.6.1.3-4 Direct N20'!T220 -> 0
E41: ='Input - Poultry'!$D$72 -> 0 | F41: ='4.6.1.3-4 Direct N20'!F221 -> 0 | G41: ='4.6.1.3-4 Direct N20'!G221 -> 0 | H41: ='4.6.1.3-4 Direct N20'!H221 -> 0 | I41: ='4.6.1.3-4 Direct N20'!I221 -> 0 | J41: ='4.6.1.3-4 Direct N20'!J221 -> 0 | O41: ='Input - Poultry'!$D$72 -> 0 | P41: ='4.6.1.3-4 Direct N20'!P221 -> 0 | Q41: ='4.6.1.3-4 Direct N20'!Q221 -> 0 | R41: ='4.6.1.3-4 Direct N20'!R221 -> 0 | S41: ='4.6.1.3-4 Direct N20'!S221 -> 0 | T41: ='4.6.1.3-4 Direct N20'!T221 -> 0
D42: ='Input - Poultry'!#REF! -> #REF! | E42: ='Input - Poultry'!$D$77 -> 0 | F42: ='4.6.1.3-4 Direct N20'!F222 -> 0 | G42: ='4.6.1.3-4 Direct N20'!G222 -> 0 | H42: ='4.6.1.3-4 Direct N20'!H222 -> 0 | I42: ='4.6.1.3-4 Direct N20'!I222 -> 0 | J42: ='4.6.1.3-4 Direct N20'!J222 -> 0 | N42: ='Input - Poultry'!#REF! -> #REF! | O42: ='Input - Poultry'!$D$77 -> 0 | P42: ='4.6.1.3-4 Direct N20'!P222 -> 0 | Q42: ='4.6.1.3-4 Direct N20'!Q222 -> 0 | R42: ='4.6.1.3-4 Direct N20'!R222 -> 0 | S42: ='4.6.1.3-4 Direct N20'!S222 -> 0 | T42: ='4.6.1.3-4 Direct N20'!T222 -> 0
E43: ='Input - Poultry'!$D$78 -> 0 | F43: ='4.6.1.3-4 Direct N20'!F223 -> 0 | G43: ='4.6.1.3-4 Direct N20'!G223 -> 0 | H43: ='4.6.1.3-4 Direct N20'!H223 -> 0 | I43: ='4.6.1.3-4 Direct N20'!I223 -> 0 | J43: ='4.6.1.3-4 Direct N20'!J223 -> 0 | O43: ='Input - Poultry'!$D$78 -> 0 | P43: ='4.6.1.3-4 Direct N20'!P223 -> 0 | Q43: ='4.6.1.3-4 Direct N20'!Q223 -> 0 | R43: ='4.6.1.3-4 Direct N20'!R223 -> 0 | S43: ='4.6.1.3-4 Direct N20'!S223 -> 0 | T43: ='4.6.1.3-4 Direct N20'!T223 -> 0
E44: ='Input - Poultry'!$D$79 -> 0 | F44: ='4.6.1.3-4 Direct N20'!F224 -> 0 | G44: ='4.6.1.3-4 Direct N20'!G224 -> 0 | H44: ='4.6.1.3-4 Direct N20'!H224 -> 0 | I44: ='4.6.1.3-4 Direct N20'!I224 -> 0 | J44: ='4.6.1.3-4 Direct N20'!J224 -> 0 | O44: ='Input - Poultry'!$D$79 -> 0 | P44: ='4.6.1.3-4 Direct N20'!P224 -> 0 | Q44: ='4.6.1.3-4 Direct N20'!Q224 -> 0 | R44: ='4.6.1.3-4 Direct N20'!R224 -> 0 | S44: ='4.6.1.3-4 Direct N20'!S224 -> 0 | T44: ='4.6.1.3-4 Direct N20'!T224 -> 0
D45: ='Input - Poultry'!#REF! -> #REF! | E45: ='Input - Poultry'!$D$84 -> 0 | F45: ='4.6.1.3-4 Direct N20'!F225 -> 0 | G45: ='4.6.1.3-4 Direct N20'!G225 -> 0 | H45: ='4.6.1.3-4 Direct N20'!H225 -> 0 | I45: ='4.6.1.3-4 Direct N20'!I225 -> 0 | J45: ='4.6.1.3-4 Direct N20'!J225 -> 0 | N45: ='Input - Poultry'!#REF! -> #REF! | O45: ='Input - Poultry'!$D$84 -> 0 | P45: ='4.6.1.3-4 Direct N20'!P225 -> 0 | Q45: ='4.6.1.3-4 Direct N20'!Q225 -> 0 | R45: ='4.6.1.3-4 Direct N20'!R225 -> 0 | S45: ='4.6.1.3-4 Direct N20'!S225 -> 0 | T45: ='4.6.1.3-4 Direct N20'!T225 -> 0
E46: ='Input - Poultry'!$D$85 -> 0 | F46: ='4.6.1.3-4 Direct N20'!F226 -> 0 | G46: ='4.6.1.3-4 Direct N20'!G226 -> 0 | H46: ='4.6.1.3-4 Direct N20'!H226 -> 0 | I46: ='4.6.1.3-4 Direct N20'!I226 -> 0 | J46: ='4.6.1.3-4 Direct N20'!J226 -> 0 | O46: ='Input - Poultry'!$D$85 -> 0 | P46: ='4.6.1.3-4 Direct N20'!P226 -> 0 | Q46: ='4.6.1.3-4 Direct N20'!Q226 -> 0 | R46: ='4.6.1.3-4 Direct N20'!R226 -> 0 | S46: ='4.6.1.3-4 Direct N20'!S226 -> 0 | T46: ='4.6.1.3-4 Direct N20'!T226 -> 0
E47: ='Input - Poultry'!$D$86 -> 0 | F47: ='4.6.1.3-4 Direct N20'!F227 -> 0 | G47: ='4.6.1.3-4 Direct N20'!G227 -> 0 | H47: ='4.6.1.3-4 Direct N20'!H227 -> 0 | I47: ='4.6.1.3-4 Direct N20'!I227 -> 0 | J47: ='4.6.1.3-4 Direct N20'!J227 -> 0 | O47: ='Input - Poultry'!$D$86 -> 0 | P47: ='4.6.1.3-4 Direct N20'!P227 -> 0 | Q47: ='4.6.1.3-4 Direct N20'!Q227 -> 0 | R47: ='4.6.1.3-4 Direct N20'!R227 -> 0 | S47: ='4.6.1.3-4 Direct N20'!S227 -> 0 | T47: ='4.6.1.3-4 Direct N20'!T227 -> 0
E48: ='Input - Poultry'!$D$87 -> 0 | F48: ='4.6.1.3-4 Direct N20'!F228 -> 0 | G48: ='4.6.1.3-4 Direct N20'!G228 -> 0 | H48: ='4.6.1.3-4 Direct N20'!H228 -> 0 | I48: ='4.6.1.3-4 Direct N20'!I228 -> 0 | J48: ='4.6.1.3-4 Direct N20'!J228 -> 0 | O48: ='Input - Poultry'!$D$87 -> 0 | P48: ='4.6.1.3-4 Direct N20'!P228 -> 0 | Q48: ='4.6.1.3-4 Direct N20'!Q228 -> 0 | R48: ='4.6.1.3-4 Direct N20'!R228 -> 0 | S48: ='4.6.1.3-4 Direct N20'!S228 -> 0 | T48: ='4.6.1.3-4 Direct N20'!T228 -> 0
D50: Table_FracGASM_m_t
D51: Fraction of N volatilised from MMS
D52: Stage 1 management | E52: FracGASMm
D53: ='Input - Poultry'!$D$30 -> Belt manure removal | E53: {=Common_InputFunctions.Utility_LookupValueInTableNumber(D53, #REF!,#REF!)} -> 0
D54: ='Input - Poultry'!$D$31 -> Manure stored in house | E54: {=Common_InputFunctions.Utility_LookupValueInTableNumber(D54, #REF!,#REF!)} -> 0
D55: ='Input - Poultry'!$D$32 -> Pasture range and paddock | E55: {=Common_InputFunctions.Utility_LookupValueInTableNumber(D55, #REF!,#REF!)} -> 0
D56: ='Input - Poultry'!$D$33 -> No MMS | E56: {=Common_InputFunctions.Utility_LookupValueInTableNumber(D56, #REF!,#REF!)} -> 0
D57: ='Input - Poultry'!#REF! -> #REF! | E57: {=Common_InputFunctions.Utility_LookupValueInTableNumber(D57, #REF!,#REF!)} -> 0
D58: ='Input - Poultry'!#REF! -> #REF! | E58: {=Common_InputFunctions.Utility_LookupValueInTableNumber(D58, #REF!,#REF!)} -> 0
D60: M1_Table_E_N2O_dir | N60: M1_Table_E_N2O_dir
D61: Total direct nitrous oxide emissions from MMS (Method 1) | N61: Total direct nitrous oxide emissions from MMS (Method 1)
D62: Stage 1 management | E62: Stage 2 management | F62: Boars | G62: Sows | H62: Gilts | I62: Others | N62: Stage 1 management | O62: Stage 2 management | P62: Boars | Q62: Sows | R62: Gilts | S62: Others
D63: ='Input - Poultry'!$D$30 -> Belt manure removal | E63: N/A | F63: {=MMS_Swine_AtmosphericDeposition_Equations.VEERG_4_5_1_5__2_TotalNitrogenVolatilisedFromMMS(E19,_xlfn.XLOOKUP($D63,$D$53:$D$58,$E$53:$E$58))} -> 0 | G63: {=MMS_Swine_AtmosphericDeposition_Equations.VEERG_4_5_1_5__2_TotalNitrogenVolatilisedFromMMS(F19,_xlfn.XLOOKUP($D63,$D$53:$D$58,$E$53:$E$58))} -> 0 | H63: {=MMS_Swine_AtmosphericDeposition_Equations.VEERG_4_5_1_5__2_TotalNitrogenVolatilisedFromMMS(G19,_xlfn.XLOOKUP($D63,$D$53:$D$58,$E$53:$E$58))} -> 0 | I63: {=MMS_Swine_AtmosphericDeposition_Equations.VEERG_4_5_1_5__2_TotalNitrogenVolatilisedFromMMS(H19,_xlfn.XLOOKUP($D63,$D$53:$D$58,$E$53:$E$58))} -> 0 | J63: =$E$11 -> kg N | N63: ='Input - Poultry'!$D$30 -> Belt manure removal | O63: N/A | P63: {=MMS_Swine_AtmosphericDeposition_Equations.VEERG_4_5_1_5__2_TotalNitrogenVolatilisedFromMMS(O19,_xlfn.XLOOKUP($N63,$D$53:$D$58,$E$53:$E$58))} -> 0 | Q63: {=MMS_Swine_AtmosphericDeposition_Equations.VEERG_4_5_1_5__2_TotalNitrogenVolatilisedFromMMS(P19,_xlfn.XLOOKUP($N63,$D$53:$D$58,$E$53:$E$58))} -> 0 | R63: {=MMS_Swine_AtmosphericDeposition_Equations.VEERG_4_5_1_5__2_TotalNitrogenVolatilisedFromMMS(Q19,_xlfn.XLOOKUP($N63,$D$53:$D$58,$E$53:$E$58))} -> 0 | S63: {=MMS_Swine_AtmosphericDeposition_Equations.VEERG_4_5_1_5__2_TotalNitrogenVolatilisedFromMMS(R19,_xlfn.XLOOKUP($N63,$D$53:$D$58,$E$53:$E$58))} -> 0 | T63: =$E$11 -> kg N
D64: ='Input - Poultry'!$D$31 -> Manure stored in house | E64: N/A | F64: {=MMS_Swine_AtmosphericDeposition_Equations.VEERG_4_5_1_5__2_TotalNitrogenVolatilisedFromMMS(E20,_xlfn.XLOOKUP($D64,$D$53:$D$58,$E$53:$E$58))} -> 0 | G64: {=MMS_Swine_AtmosphericDeposition_Equations.VEERG_4_5_1_5__2_TotalNitrogenVolatilisedFromMMS(F20,_xlfn.XLOOKUP($D64,$D$53:$D$58,$E$53:$E$58))} -> 0 | H64: {=MMS_Swine_AtmosphericDeposition_Equations.VEERG_4_5_1_5__2_TotalNitrogenVolatilisedFromMMS(G20,_xlfn.XLOOKUP($D64,$D$53:$D$58,$E$53:$E$58))} -> 0 | I64: {=MMS_Swine_AtmosphericDeposition_Equations.VEERG_4_5_1_5__2_TotalNitrogenVolatilisedFromMMS(H20,_xlfn.XLOOKUP($D64,$D$53:$D$58,$E$53:$E$58))} -> 0 | J64: =$E$11 -> kg N | N64: ='Input - Poultry'!$D$31 -> Manure stored in house | O64: N/A | P64: {=MMS_Swine_AtmosphericDeposition_Equations.VEERG_4_5_1_5__2_TotalNitrogenVolatilisedFromMMS(O20,_xlfn.XLOOKUP($N64,$D$53:$D$58,$E$53:$E$58))} -> 0 | Q64: {=MMS_Swine_AtmosphericDeposition_Equations.VEERG_4_5_1_5__2_TotalNitrogenVolatilisedFromMMS(P20,_xlfn.XLOOKUP($N64,$D$53:$D$58,$E$53:$E$58))} -> 0 | R64: {=MMS_Swine_AtmosphericDeposition_Equations.VEERG_4_5_1_5__2_TotalNitrogenVolatilisedFromMMS(Q20,_xlfn.XLOOKUP($N64,$D$53:$D$58,$E$53:$E$58))} -> 0 | S64: {=MMS_Swine_AtmosphericDeposition_Equations.VEERG_4_5_1_5__2_TotalNitrogenVolatilisedFromMMS(R20,_xlfn.XLOOKUP($N64,$D$53:$D$58,$E$53:$E$58))} -> 0 | T64: =$E$11 -> kg N
D65: ='Input - Poultry'!$D$32 -> Pasture range and paddock | E65: N/A | F65: {=MMS_Swine_AtmosphericDeposition_Equations.VEERG_4_5_1_5__2_TotalNitrogenVolatilisedFromMMS(E21,_xlfn.XLOOKUP($D65,$D$53:$D$58,$E$53:$E$58))} -> 0 | G65: {=MMS_Swine_AtmosphericDeposition_Equations.VEERG_4_5_1_5__2_TotalNitrogenVolatilisedFromMMS(F21,_xlfn.XLOOKUP($D65,$D$53:$D$58,$E$53:$E$58))} -> 0 | H65: {=MMS_Swine_AtmosphericDeposition_Equations.VEERG_4_5_1_5__2_TotalNitrogenVolatilisedFromMMS(G21,_xlfn.XLOOKUP($D65,$D$53:$D$58,$E$53:$E$58))} -> 0 | I65: {=MMS_Swine_AtmosphericDeposition_Equations.VEERG_4_5_1_5__2_TotalNitrogenVolatilisedFromMMS(H21,_xlfn.XLOOKUP($D65,$D$53:$D$58,$E$53:$E$58))} -> 0 | J65: =$E$11 -> kg N | N65: ='Input - Poultry'!$D$32 -> Pasture range and paddock | O65: N/A | P65: {=MMS_Swine_AtmosphericDeposition_Equations.VEERG_4_5_1_5__2_TotalNitrogenVolatilisedFromMMS(O21,_xlfn.XLOOKUP($N65,$D$53:$D$58,$E$53:$E$58))} -> 0 | Q65: {=MMS_Swine_AtmosphericDeposition_Equations.VEERG_4_5_1_5__2_TotalNitrogenVolatilisedFromMMS(P21,_xlfn.XLOOKUP($N65,$D$53:$D$58,$E$53:$E$58))} -> 0 | R65: {=MMS_Swine_AtmosphericDeposition_Equations.VEERG_4_5_1_5__2_TotalNitrogenVolatilisedFromMMS(Q21,_xlfn.XLOOKUP($N65,$D$53:$D$58,$E$53:$E$58))} -> 0 | S65: {=MMS_Swine_AtmosphericDeposition_Equations.VEERG_4_5_1_5__2_TotalNitrogenVolatilisedFromMMS(R21,_xlfn.XLOOKUP($N65,$D$53:$D$58,$E$53:$E$58))} -> 0 | T65: =$E$11 -> kg N
D66: ='Input - Poultry'!$D$33 -> No MMS | E66: N/A | F66: {=MMS_Swine_AtmosphericDeposition_Equations.VEERG_4_5_1_5__2_TotalNitrogenVolatilisedFromMMS(E22,_xlfn.XLOOKUP($D66,$D$53:$D$58,$E$53:$E$58))} -> 0 | G66: {=MMS_Swine_AtmosphericDeposition_Equations.VEERG_4_5_1_5__2_TotalNitrogenVolatilisedFromMMS(F22,_xlfn.XLOOKUP($D66,$D$53:$D$58,$E$53:$E$58))} -> 0 | H66: {=MMS_Swine_AtmosphericDeposition_Equations.VEERG_4_5_1_5__2_TotalNitrogenVolatilisedFromMMS(G22,_xlfn.XLOOKUP($D66,$D$53:$D$58,$E$53:$E$58))} -> 0 | I66: {=MMS_Swine_AtmosphericDeposition_Equations.VEERG_4_5_1_5__2_TotalNitrogenVolatilisedFromMMS(H22,_xlfn.XLOOKUP($D66,$D$53:$D$58,$E$53:$E$58))} -> 0 | J66: =$E$11 -> kg N | N66: ='Input - Poultry'!$D$33 -> No MMS | O66: N/A | P66: {=MMS_Swine_AtmosphericDeposition_Equations.VEERG_4_5_1_5__2_TotalNitrogenVolatilisedFromMMS(O22,_xlfn.XLOOKUP($N66,$D$53:$D$58,$E$53:$E$58))} -> 0 | Q66: {=MMS_Swine_AtmosphericDeposition_Equations.VEERG_4_5_1_5__2_TotalNitrogenVolatilisedFromMMS(P22,_xlfn.XLOOKUP($N66,$D$53:$D$58,$E$53:$E$58))} -> 0 | R66: {=MMS_Swine_AtmosphericDeposition_Equations.VEERG_4_5_1_5__2_TotalNitrogenVolatilisedFromMMS(Q22,_xlfn.XLOOKUP($N66,$D$53:$D$58,$E$53:$E$58))} -> 0 | S66: {=MMS_Swine_AtmosphericDeposition_Equations.VEERG_4_5_1_5__2_TotalNitrogenVolatilisedFromMMS(R22,_xlfn.XLOOKUP($N66,$D$53:$D$58,$E$53:$E$58))} -> 0 | T66: =$E$11 -> kg N
D67: ='Input - Poultry'!#REF! -> #REF! | E67: N/A | F67: {=MMS_Swine_AtmosphericDeposition_Equations.VEERG_4_5_1_5__2_TotalNitrogenVolatilisedFromMMS(E23,_xlfn.XLOOKUP($D67,$D$53:$D$58,$E$53:$E$58))} -> #REF! | G67: {=MMS_Swine_AtmosphericDeposition_Equations.VEERG_4_5_1_5__2_TotalNitrogenVolatilisedFromMMS(F23,_xlfn.XLOOKUP($D67,$D$53:$D$58,$E$53:$E$58))} -> #REF! | H67: {=MMS_Swine_AtmosphericDeposition_Equations.VEERG_4_5_1_5__2_TotalNitrogenVolatilisedFromMMS(G23,_xlfn.XLOOKUP($D67,$D$53:$D$58,$E$53:$E$58))} -> #REF! | I67: {=MMS_Swine_AtmosphericDeposition_Equations.VEERG_4_5_1_5__2_TotalNitrogenVolatilisedFromMMS(H23,_xlfn.XLOOKUP($D67,$D$53:$D$58,$E$53:$E$58))} -> #REF! | J67: =$E$11 -> kg N | N67: ='Input - Poultry'!#REF! -> #REF! | O67: N/A | P67: {=MMS_Swine_AtmosphericDeposition_Equations.VEERG_4_5_1_5__2_TotalNitrogenVolatilisedFromMMS(O23,_xlfn.XLOOKUP($N67,$D$53:$D$58,$E$53:$E$58))} -> #REF! | Q67: {=MMS_Swine_AtmosphericDeposition_Equations.VEERG_4_5_1_5__2_TotalNitrogenVolatilisedFromMMS(P23,_xlfn.XLOOKUP($N67,$D$53:$D$58,$E$53:$E$58))} -> #REF! | R67: {=MMS_Swine_AtmosphericDeposition_Equations.VEERG_4_5_1_5__2_TotalNitrogenVolatilisedFromMMS(Q23,_xlfn.XLOOKUP($N67,$D$53:$D$58,$E$53:$E$58))} -> #REF! | S67: {=MMS_Swine_AtmosphericDeposition_Equations.VEERG_4_5_1_5__2_TotalNitrogenVolatilisedFromMMS(R23,_xlfn.XLOOKUP($N67,$D$53:$D$58,$E$53:$E$58))} -> #REF! | T67: =$E$11 -> kg N
D68: ='Input - Poultry'!#REF! -> #REF! | E68: N/A | F68: {=MMS_Swine_AtmosphericDeposition_Equations.VEERG_4_5_1_5__2_TotalNitrogenVolatilisedFromMMS(E24,_xlfn.XLOOKUP($D68,$D$53:$D$58,$E$53:$E$58))} -> #REF! | G68: {=MMS_Swine_AtmosphericDeposition_Equations.VEERG_4_5_1_5__2_TotalNitrogenVolatilisedFromMMS(F24,_xlfn.XLOOKUP($D68,$D$53:$D$58,$E$53:$E$58))} -> #REF! | H68: {=MMS_Swine_AtmosphericDeposition_Equations.VEERG_4_5_1_5__2_TotalNitrogenVolatilisedFromMMS(G24,_xlfn.XLOOKUP($D68,$D$53:$D$58,$E$53:$E$58))} -> #REF! | I68: {=MMS_Swine_AtmosphericDeposition_Equations.VEERG_4_5_1_5__2_TotalNitrogenVolatilisedFromMMS(H24,_xlfn.XLOOKUP($D68,$D$53:$D$58,$E$53:$E$58))} -> #REF! | J68: =$E$11 -> kg N | N68: ='Input - Poultry'!#REF! -> #REF! | O68: N/A | P68: {=MMS_Swine_AtmosphericDeposition_Equations.VEERG_4_5_1_5__2_TotalNitrogenVolatilisedFromMMS(O24,_xlfn.XLOOKUP($N68,$D$53:$D$58,$E$53:$E$58))} -> #REF! | Q68: {=MMS_Swine_AtmosphericDeposition_Equations.VEERG_4_5_1_5__2_TotalNitrogenVolatilisedFromMMS(P24,_xlfn.XLOOKUP($N68,$D$53:$D$58,$E$53:$E$58))} -> #REF! | R68: {=MMS_Swine_AtmosphericDeposition_Equations.VEERG_4_5_1_5__2_TotalNitrogenVolatilisedFromMMS(Q24,_xlfn.XLOOKUP($N68,$D$53:$D$58,$E$53:$E$58))} -> #REF! | S68: {=MMS_Swine_AtmosphericDeposition_Equations.VEERG_4_5_1_5__2_TotalNitrogenVolatilisedFromMMS(R24,_xlfn.XLOOKUP($N68,$D$53:$D$58,$E$53:$E$58))} -> #REF! | T68: =$E$11 -> kg N
D69: ='Input - Poultry'!$D$30 -> Belt manure removal | E69: ='Input - Poultry'!$D$38 -> Solid storage | F69: {=MMS_Swine_AtmosphericDeposition_Equations.VEERG_4_5_1_5__2_TotalNitrogenVolatilisedFromMMS(F29,_xlfn.XLOOKUP($E69,$D$53:$D$58,$E$53:$E$58))} -> #N/A | G69: {=MMS_Swine_AtmosphericDeposition_Equations.VEERG_4_5_1_5__2_TotalNitrogenVolatilisedFromMMS(G29,_xlfn.XLOOKUP($E69,$D$53:$D$58,$E$53:$E$58))} -> #N/A | H69: {=MMS_Swine_AtmosphericDeposition_Equations.VEERG_4_5_1_5__2_TotalNitrogenVolatilisedFromMMS(H29,_xlfn.XLOOKUP($E69,$D$53:$D$58,$E$53:$E$58))} -> #N/A | I69: {=MMS_Swine_AtmosphericDeposition_Equations.VEERG_4_5_1_5__2_TotalNitrogenVolatilisedFromMMS(I29,_xlfn.XLOOKUP($E69,$D$53:$D$58,$E$53:$E$58))} -> #N/A | J69: =$E$11 -> kg N | N69: ='Input - Poultry'!$D$30 -> Belt manure removal | O69: ='Input - Poultry'!$D$38 -> Solid storage | P69: {=MMS_Swine_AtmosphericDeposition_Equations.VEERG_4_5_1_5__2_TotalNitrogenVolatilisedFromMMS(P29,_xlfn.XLOOKUP($O69,$D$53:$D$58,$E$53:$E$58))} -> #N/A | Q69: {=MMS_Swine_AtmosphericDeposition_Equations.VEERG_4_5_1_5__2_TotalNitrogenVolatilisedFromMMS(Q29,_xlfn.XLOOKUP($O69,$D$53:$D$58,$E$53:$E$58))} -> #N/A | R69: {=MMS_Swine_AtmosphericDeposition_Equations.VEERG_4_5_1_5__2_TotalNitrogenVolatilisedFromMMS(R29,_xlfn.XLOOKUP($O69,$D$53:$D$58,$E$53:$E$58))} -> #N/A | S69: {=MMS_Swine_AtmosphericDeposition_Equations.VEERG_4_5_1_5__2_TotalNitrogenVolatilisedFromMMS(S29,_xlfn.XLOOKUP($O69,$D$53:$D$58,$E$53:$E$58))} -> #N/A | T69: =$E$11 -> kg N
E70: ='Input - Poultry'!$D$39 -> Composting (passive windrow) | F70: {=MMS_Swine_AtmosphericDeposition_Equations.VEERG_4_5_1_5__2_TotalNitrogenVolatilisedFromMMS(F30,_xlfn.XLOOKUP($E70,$D$53:$D$58,$E$53:$E$58))} -> #N/A | G70: {=MMS_Swine_AtmosphericDeposition_Equations.VEERG_4_5_1_5__2_TotalNitrogenVolatilisedFromMMS(G30,_xlfn.XLOOKUP($E70,$D$53:$D$58,$E$53:$E$58))} -> #N/A | H70: {=MMS_Swine_AtmosphericDeposition_Equations.VEERG_4_5_1_5__2_TotalNitrogenVolatilisedFromMMS(H30,_xlfn.XLOOKUP($E70,$D$53:$D$58,$E$53:$E$58))} -> #N/A | I70: {=MMS_Swine_AtmosphericDeposition_Equations.VEERG_4_5_1_5__2_TotalNitrogenVolatilisedFromMMS(I30,_xlfn.XLOOKUP($E70,$D$53:$D$58,$E$53:$E$58))} -> #N/A | J70: =$E$11 -> kg N | O70: ='Input - Poultry'!$D$39 -> Composting (passive windrow) | P70: {=MMS_Swine_AtmosphericDeposition_Equations.VEERG_4_5_1_5__2_TotalNitrogenVolatilisedFromMMS(P30,_xlfn.XLOOKUP($O70,$D$53:$D$58,$E$53:$E$58))} -> #N/A | Q70: {=MMS_Swine_AtmosphericDeposition_Equations.VEERG_4_5_1_5__2_TotalNitrogenVolatilisedFromMMS(Q30,_xlfn.XLOOKUP($O70,$D$53:$D$58,$E$53:$E$58))} -> #N/A | R70: {=MMS_Swine_AtmosphericDeposition_Equations.VEERG_4_5_1_5__2_TotalNitrogenVolatilisedFromMMS(R30,_xlfn.XLOOKUP($O70,$D$53:$D$58,$E$53:$E$58))} -> #N/A | S70: {=MMS_Swine_AtmosphericDeposition_Equations.VEERG_4_5_1_5__2_TotalNitrogenVolatilisedFromMMS(S30,_xlfn.XLOOKUP($O70,$D$53:$D$58,$E$53:$E$58))} -> #N/A | T70: =$E$11 -> kg N
E71: ='Input - Poultry'!$D$40 -> Digester / covered lagoons | F71: {=MMS_Swine_AtmosphericDeposition_Equations.VEERG_4_5_1_5__2_TotalNitrogenVolatilisedFromMMS(F31,_xlfn.XLOOKUP($E71,$D$53:$D$58,$E$53:$E$58))} -> #N/A | G71: {=MMS_Swine_AtmosphericDeposition_Equations.VEERG_4_5_1_5__2_TotalNitrogenVolatilisedFromMMS(G31,_xlfn.XLOOKUP($E71,$D$53:$D$58,$E$53:$E$58))} -> #N/A | H71: {=MMS_Swine_AtmosphericDeposition_Equations.VEERG_4_5_1_5__2_TotalNitrogenVolatilisedFromMMS(H31,_xlfn.XLOOKUP($E71,$D$53:$D$58,$E$53:$E$58))} -> #N/A | I71: {=MMS_Swine_AtmosphericDeposition_Equations.VEERG_4_5_1_5__2_TotalNitrogenVolatilisedFromMMS(I31,_xlfn.XLOOKUP($E71,$D$53:$D$58,$E$53:$E$58))} -> #N/A | J71: =$E$11 -> kg N | O71: ='Input - Poultry'!$D$40 -> Digester / covered lagoons | P71: {=MMS_Swine_AtmosphericDeposition_Equations.VEERG_4_5_1_5__2_TotalNitrogenVolatilisedFromMMS(P31,_xlfn.XLOOKUP($O71,$D$53:$D$58,$E$53:$E$58))} -> #N/A | Q71: {=MMS_Swine_AtmosphericDeposition_Equations.VEERG_4_5_1_5__2_TotalNitrogenVolatilisedFromMMS(Q31,_xlfn.XLOOKUP($O71,$D$53:$D$58,$E$53:$E$58))} -> #N/A | R71: {=MMS_Swine_AtmosphericDeposition_Equations.VEERG_4_5_1_5__2_TotalNitrogenVolatilisedFromMMS(R31,_xlfn.XLOOKUP($O71,$D$53:$D$58,$E$53:$E$58))} -> #N/A | S71: {=MMS_Swine_AtmosphericDeposition_Equations.VEERG_4_5_1_5__2_TotalNitrogenVolatilisedFromMMS(S31,_xlfn.XLOOKUP($O71,$D$53:$D$58,$E$53:$E$58))} -> #N/A | T71: =$E$11 -> kg N
D72: ='Input - Poultry'!$D$31 -> Manure stored in house | E72: ='Input - Poultry'!$D$45 -> Solid storage | F72: {=MMS_Swine_AtmosphericDeposition_Equations.VEERG_4_5_1_5__2_TotalNitrogenVolatilisedFromMMS(F32,_xlfn.XLOOKUP($E72,$D$53:$D$58,$E$53:$E$58))} -> #N/A | G72: {=MMS_Swine_AtmosphericDeposition_Equations.VEERG_4_5_1_5__2_TotalNitrogenVolatilisedFromMMS(G32,_xlfn.XLOOKUP($E72,$D$53:$D$58,$E$53:$E$58))} -> #N/A | H72: {=MMS_Swine_AtmosphericDeposition_Equations.VEERG_4_5_1_5__2_TotalNitrogenVolatilisedFromMMS(H32,_xlfn.XLOOKUP($E72,$D$53:$D$58,$E$53:$E$58))} -> #N/A | I72: {=MMS_Swine_AtmosphericDeposition_Equations.VEERG_4_5_1_5__2_TotalNitrogenVolatilisedFromMMS(I32,_xlfn.XLOOKUP($E72,$D$53:$D$58,$E$53:$E$58))} -> #N/A | J72: =$E$11 -> kg N | N72: ='Input - Poultry'!$D$31 -> Manure stored in house | O72: ='Input - Poultry'!$D$45 -> Solid storage | P72: {=MMS_Swine_AtmosphericDeposition_Equations.VEERG_4_5_1_5__2_TotalNitrogenVolatilisedFromMMS(P32,_xlfn.XLOOKUP($O72,$D$53:$D$58,$E$53:$E$58))} -> #N/A | Q72: {=MMS_Swine_AtmosphericDeposition_Equations.VEERG_4_5_1_5__2_TotalNitrogenVolatilisedFromMMS(Q32,_xlfn.XLOOKUP($O72,$D$53:$D$58,$E$53:$E$58))} -> #N/A | R72: {=MMS_Swine_AtmosphericDeposition_Equations.VEERG_4_5_1_5__2_TotalNitrogenVolatilisedFromMMS(R32,_xlfn.XLOOKUP($O72,$D$53:$D$58,$E$53:$E$58))} -> #N/A | S72: {=MMS_Swine_AtmosphericDeposition_Equations.VEERG_4_5_1_5__2_TotalNitrogenVolatilisedFromMMS(S32,_xlfn.XLOOKUP($O72,$D$53:$D$58,$E$53:$E$58))} -> #N/A | T72: =$E$11 -> kg N
E73: ='Input - Poultry'!$D$46 -> Composting (passive windrow) | F73: {=MMS_Swine_AtmosphericDeposition_Equations.VEERG_4_5_1_5__2_TotalNitrogenVolatilisedFromMMS(F33,_xlfn.XLOOKUP($E73,$D$53:$D$58,$E$53:$E$58))} -> #N/A | G73: {=MMS_Swine_AtmosphericDeposition_Equations.VEERG_4_5_1_5__2_TotalNitrogenVolatilisedFromMMS(G33,_xlfn.XLOOKUP($E73,$D$53:$D$58,$E$53:$E$58))} -> #N/A | H73: {=MMS_Swine_AtmosphericDeposition_Equations.VEERG_4_5_1_5__2_TotalNitrogenVolatilisedFromMMS(H33,_xlfn.XLOOKUP($E73,$D$53:$D$58,$E$53:$E$58))} -> #N/A | I73: {=MMS_Swine_AtmosphericDeposition_Equations.VEERG_4_5_1_5__2_TotalNitrogenVolatilisedFromMMS(I33,_xlfn.XLOOKUP($E73,$D$53:$D$58,$E$53:$E$58))} -> #N/A | J73: =$E$11 -> kg N | O73: ='Input - Poultry'!$D$46 -> Composting (passive windrow) | P73: {=MMS_Swine_AtmosphericDeposition_Equations.VEERG_4_5_1_5__2_TotalNitrogenVolatilisedFromMMS(P33,_xlfn.XLOOKUP($O73,$D$53:$D$58,$E$53:$E$58))} -> #N/A | Q73: {=MMS_Swine_AtmosphericDeposition_Equations.VEERG_4_5_1_5__2_TotalNitrogenVolatilisedFromMMS(Q33,_xlfn.XLOOKUP($O73,$D$53:$D$58,$E$53:$E$58))} -> #N/A | R73: {=MMS_Swine_AtmosphericDeposition_Equations.VEERG_4_5_1_5__2_TotalNitrogenVolatilisedFromMMS(R33,_xlfn.XLOOKUP($O73,$D$53:$D$58,$E$53:$E$58))} -> #N/A | S73: {=MMS_Swine_AtmosphericDeposition_Equations.VEERG_4_5_1_5__2_TotalNitrogenVolatilisedFromMMS(S33,_xlfn.XLOOKUP($O73,$D$53:$D$58,$E$53:$E$58))} -> #N/A | T73: =$E$11 -> kg N
E74: ='Input - Poultry'!$D$47 -> Digester / covered lagoons | F74: {=MMS_Swine_AtmosphericDeposition_Equations.VEERG_4_5_1_5__2_TotalNitrogenVolatilisedFromMMS(F34,_xlfn.XLOOKUP($E74,$D$53:$D$58,$E$53:$E$58))} -> #N/A | G74: {=MMS_Swine_AtmosphericDeposition_Equations.VEERG_4_5_1_5__2_TotalNitrogenVolatilisedFromMMS(G34,_xlfn.XLOOKUP($E74,$D$53:$D$58,$E$53:$E$58))} -> #N/A | H74: {=MMS_Swine_AtmosphericDeposition_Equations.VEERG_4_5_1_5__2_TotalNitrogenVolatilisedFromMMS(H34,_xlfn.XLOOKUP($E74,$D$53:$D$58,$E$53:$E$58))} -> #N/A | I74: {=MMS_Swine_AtmosphericDeposition_Equations.VEERG_4_5_1_5__2_TotalNitrogenVolatilisedFromMMS(I34,_xlfn.XLOOKUP($E74,$D$53:$D$58,$E$53:$E$58))} -> #N/A | J74: =$E$11 -> kg N | O74: ='Input - Poultry'!$D$47 -> Digester / covered lagoons | P74: {=MMS_Swine_AtmosphericDeposition_Equations.VEERG_4_5_1_5__2_TotalNitrogenVolatilisedFromMMS(P34,_xlfn.XLOOKUP($O74,$D$53:$D$58,$E$53:$E$58))} -> #N/A | Q74: {=MMS_Swine_AtmosphericDeposition_Equations.VEERG_4_5_1_5__2_TotalNitrogenVolatilisedFromMMS(Q34,_xlfn.XLOOKUP($O74,$D$53:$D$58,$E$53:$E$58))} -> #N/A | R74: {=MMS_Swine_AtmosphericDeposition_Equations.VEERG_4_5_1_5__2_TotalNitrogenVolatilisedFromMMS(R34,_xlfn.XLOOKUP($O74,$D$53:$D$58,$E$53:$E$58))} -> #N/A | S74: {=MMS_Swine_AtmosphericDeposition_Equations.VEERG_4_5_1_5__2_TotalNitrogenVolatilisedFromMMS(S34,_xlfn.XLOOKUP($O74,$D$53:$D$58,$E$53:$E$58))} -> #N/A | T74: =$E$11 -> kg N
E75: ='Input - Poultry'!$D$48 -> Direct processing | F75: {=MMS_Swine_AtmosphericDeposition_Equations.VEERG_4_5_1_5__2_TotalNitrogenVolatilisedFromMMS(F35,_xlfn.XLOOKUP($E75,$D$53:$D$58,$E$53:$E$58))} -> #N/A | G75: {=MMS_Swine_AtmosphericDeposition_Equations.VEERG_4_5_1_5__2_TotalNitrogenVolatilisedFromMMS(G35,_xlfn.XLOOKUP($E75,$D$53:$D$58,$E$53:$E$58))} -> #N/A | H75: {=MMS_Swine_AtmosphericDeposition_Equations.VEERG_4_5_1_5__2_TotalNitrogenVolatilisedFromMMS(H35,_xlfn.XLOOKUP($E75,$D$53:$D$58,$E$53:$E$58))} -> #N/A | I75: {=MMS_Swine_AtmosphericDeposition_Equations.VEERG_4_5_1_5__2_TotalNitrogenVolatilisedFromMMS(I35,_xlfn.XLOOKUP($E75,$D$53:$D$58,$E$53:$E$58))} -> #N/A | J75: =$E$11 -> kg N | O75: ='Input - Poultry'!$D$48 -> Direct processing | P75: {=MMS_Swine_AtmosphericDeposition_Equations.VEERG_4_5_1_5__2_TotalNitrogenVolatilisedFromMMS(P35,_xlfn.XLOOKUP($O75,$D$53:$D$58,$E$53:$E$58))} -> #N/A | Q75: {=MMS_Swine_AtmosphericDeposition_Equations.VEERG_4_5_1_5__2_TotalNitrogenVolatilisedFromMMS(Q35,_xlfn.XLOOKUP($O75,$D$53:$D$58,$E$53:$E$58))} -> #N/A | R75: {=MMS_Swine_AtmosphericDeposition_Equations.VEERG_4_5_1_5__2_TotalNitrogenVolatilisedFromMMS(R35,_xlfn.XLOOKUP($O75,$D$53:$D$58,$E$53:$E$58))} -> #N/A | S75: {=MMS_Swine_AtmosphericDeposition_Equations.VEERG_4_5_1_5__2_TotalNitrogenVolatilisedFromMMS(S35,_xlfn.XLOOKUP($O75,$D$53:$D$58,$E$53:$E$58))} -> #N/A | T75: =$E$11 -> kg N
D76: ='Input - Poultry'!$D$32 -> Pasture range and paddock | E76: ='Input - Poultry'!$D$52 -> Solid storage | F76: {=MMS_Swine_AtmosphericDeposition_Equations.VEERG_4_5_1_5__2_TotalNitrogenVolatilisedFromMMS(F36,_xlfn.XLOOKUP($E76,$D$53:$D$58,$E$53:$E$58))} -> #N/A | G76: {=MMS_Swine_AtmosphericDeposition_Equations.VEERG_4_5_1_5__2_TotalNitrogenVolatilisedFromMMS(G36,_xlfn.XLOOKUP($E76,$D$53:$D$58,$E$53:$E$58))} -> #N/A | H76: {=MMS_Swine_AtmosphericDeposition_Equations.VEERG_4_5_1_5__2_TotalNitrogenVolatilisedFromMMS(H36,_xlfn.XLOOKUP($E76,$D$53:$D$58,$E$53:$E$58))} -> #N/A | I76: {=MMS_Swine_AtmosphericDeposition_Equations.VEERG_4_5_1_5__2_TotalNitrogenVolatilisedFromMMS(I36,_xlfn.XLOOKUP($E76,$D$53:$D$58,$E$53:$E$58))} -> #N/A | J76: =$E$11 -> kg N | N76: ='Input - Poultry'!$D$32 -> Pasture range and paddock | O76: ='Input - Poultry'!$D$52 -> Solid storage | P76: {=MMS_Swine_AtmosphericDeposition_Equations.VEERG_4_5_1_5__2_TotalNitrogenVolatilisedFromMMS(P36,_xlfn.XLOOKUP($O76,$D$53:$D$58,$E$53:$E$58))} -> #N/A | Q76: {=MMS_Swine_AtmosphericDeposition_Equations.VEERG_4_5_1_5__2_TotalNitrogenVolatilisedFromMMS(Q36,_xlfn.XLOOKUP($O76,$D$53:$D$58,$E$53:$E$58))} -> #N/A | R76: {=MMS_Swine_AtmosphericDeposition_Equations.VEERG_4_5_1_5__2_TotalNitrogenVolatilisedFromMMS(R36,_xlfn.XLOOKUP($O76,$D$53:$D$58,$E$53:$E$58))} -> #N/A | S76: {=MMS_Swine_AtmosphericDeposition_Equations.VEERG_4_5_1_5__2_TotalNitrogenVolatilisedFromMMS(S36,_xlfn.XLOOKUP($O76,$D$53:$D$58,$E$53:$E$58))} -> #N/A | T76: =$E$11 -> kg N
E77: ='Input - Poultry'!$D$53 -> Composting (passive windrow) | F77: {=MMS_Swine_AtmosphericDeposition_Equations.VEERG_4_5_1_5__2_TotalNitrogenVolatilisedFromMMS(F37,_xlfn.XLOOKUP($E77,$D$53:$D$58,$E$53:$E$58))} -> #N/A | G77: {=MMS_Swine_AtmosphericDeposition_Equations.VEERG_4_5_1_5__2_TotalNitrogenVolatilisedFromMMS(G37,_xlfn.XLOOKUP($E77,$D$53:$D$58,$E$53:$E$58))} -> #N/A | H77: {=MMS_Swine_AtmosphericDeposition_Equations.VEERG_4_5_1_5__2_TotalNitrogenVolatilisedFromMMS(H37,_xlfn.XLOOKUP($E77,$D$53:$D$58,$E$53:$E$58))} -> #N/A | I77: {=MMS_Swine_AtmosphericDeposition_Equations.VEERG_4_5_1_5__2_TotalNitrogenVolatilisedFromMMS(I37,_xlfn.XLOOKUP($E77,$D$53:$D$58,$E$53:$E$58))} -> #N/A | J77: =$E$11 -> kg N | O77: ='Input - Poultry'!$D$53 -> Composting (passive windrow) | P77: {=MMS_Swine_AtmosphericDeposition_Equations.VEERG_4_5_1_5__2_TotalNitrogenVolatilisedFromMMS(P37,_xlfn.XLOOKUP($O77,$D$53:$D$58,$E$53:$E$58))} -> #N/A | Q77: {=MMS_Swine_AtmosphericDeposition_Equations.VEERG_4_5_1_5__2_TotalNitrogenVolatilisedFromMMS(Q37,_xlfn.XLOOKUP($O77,$D$53:$D$58,$E$53:$E$58))} -> #N/A | R77: {=MMS_Swine_AtmosphericDeposition_Equations.VEERG_4_5_1_5__2_TotalNitrogenVolatilisedFromMMS(R37,_xlfn.XLOOKUP($O77,$D$53:$D$58,$E$53:$E$58))} -> #N/A | S77: {=MMS_Swine_AtmosphericDeposition_Equations.VEERG_4_5_1_5__2_TotalNitrogenVolatilisedFromMMS(S37,_xlfn.XLOOKUP($O77,$D$53:$D$58,$E$53:$E$58))} -> #N/A | T77: =$E$11 -> kg N
E78: ='Input - Poultry'!$D$54 -> Digester / covered lagoons | F78: {=MMS_Swine_AtmosphericDeposition_Equations.VEERG_4_5_1_5__2_TotalNitrogenVolatilisedFromMMS(F38,_xlfn.XLOOKUP($E78,$D$53:$D$58,$E$53:$E$58))} -> #N/A | G78: {=MMS_Swine_AtmosphericDeposition_Equations.VEERG_4_5_1_5__2_TotalNitrogenVolatilisedFromMMS(G38,_xlfn.XLOOKUP($E78,$D$53:$D$58,$E$53:$E$58))} -> #N/A | H78: {=MMS_Swine_AtmosphericDeposition_Equations.VEERG_4_5_1_5__2_TotalNitrogenVolatilisedFromMMS(H38,_xlfn.XLOOKUP($E78,$D$53:$D$58,$E$53:$E$58))} -> #N/A | I78: {=MMS_Swine_AtmosphericDeposition_Equations.VEERG_4_5_1_5__2_TotalNitrogenVolatilisedFromMMS(I38,_xlfn.XLOOKUP($E78,$D$53:$D$58,$E$53:$E$58))} -> #N/A | J78: =$E$11 -> kg N | O78: ='Input - Poultry'!$D$54 -> Digester / covered lagoons | P78: {=MMS_Swine_AtmosphericDeposition_Equations.VEERG_4_5_1_5__2_TotalNitrogenVolatilisedFromMMS(P38,_xlfn.XLOOKUP($O78,$D$53:$D$58,$E$53:$E$58))} -> #N/A | Q78: {=MMS_Swine_AtmosphericDeposition_Equations.VEERG_4_5_1_5__2_TotalNitrogenVolatilisedFromMMS(Q38,_xlfn.XLOOKUP($O78,$D$53:$D$58,$E$53:$E$58))} -> #N/A | R78: {=MMS_Swine_AtmosphericDeposition_Equations.VEERG_4_5_1_5__2_TotalNitrogenVolatilisedFromMMS(R38,_xlfn.XLOOKUP($O78,$D$53:$D$58,$E$53:$E$58))} -> #N/A | S78: {=MMS_Swine_AtmosphericDeposition_Equations.VEERG_4_5_1_5__2_TotalNitrogenVolatilisedFromMMS(S38,_xlfn.XLOOKUP($O78,$D$53:$D$58,$E$53:$E$58))} -> #N/A | T78: =$E$11 -> kg N
D79: ='Input - Poultry'!$D$33 -> No MMS | E79: ='Input - Poultry'!#REF! -> #REF! | F79: {=MMS_Swine_AtmosphericDeposition_Equations.VEERG_4_5_1_5__2_TotalNitrogenVolatilisedFromMMS(F39,_xlfn.XLOOKUP($E79,$D$53:$D$58,$E$53:$E$58))} -> #REF! | G79: {=MMS_Swine_AtmosphericDeposition_Equations.VEERG_4_5_1_5__2_TotalNitrogenVolatilisedFromMMS(G39,_xlfn.XLOOKUP($E79,$D$53:$D$58,$E$53:$E$58))} -> #REF! | H79: {=MMS_Swine_AtmosphericDeposition_Equations.VEERG_4_5_1_5__2_TotalNitrogenVolatilisedFromMMS(H39,_xlfn.XLOOKUP($E79,$D$53:$D$58,$E$53:$E$58))} -> #REF! | I79: {=MMS_Swine_AtmosphericDeposition_Equations.VEERG_4_5_1_5__2_TotalNitrogenVolatilisedFromMMS(I39,_xlfn.XLOOKUP($E79,$D$53:$D$58,$E$53:$E$58))} -> #REF! | J79: =$E$11 -> kg N | N79: ='Input - Poultry'!$D$33 -> No MMS | O79: ='Input - Poultry'!#REF! -> #REF! | P79: {=MMS_Swine_AtmosphericDeposition_Equations.VEERG_4_5_1_5__2_TotalNitrogenVolatilisedFromMMS(P39,_xlfn.XLOOKUP($O79,$D$53:$D$58,$E$53:$E$58))} -> #REF! | Q79: {=MMS_Swine_AtmosphericDeposition_Equations.VEERG_4_5_1_5__2_TotalNitrogenVolatilisedFromMMS(Q39,_xlfn.XLOOKUP($O79,$D$53:$D$58,$E$53:$E$58))} -> #REF! | R79: {=MMS_Swine_AtmosphericDeposition_Equations.VEERG_4_5_1_5__2_TotalNitrogenVolatilisedFromMMS(R39,_xlfn.XLOOKUP($O79,$D$53:$D$58,$E$53:$E$58))} -> #REF! | S79: {=MMS_Swine_AtmosphericDeposition_Equations.VEERG_4_5_1_5__2_TotalNitrogenVolatilisedFromMMS(S39,_xlfn.XLOOKUP($O79,$D$53:$D$58,$E$53:$E$58))} -> #REF! | T79: =$E$11 -> kg N
E80: ='Input - Poultry'!$D$71 -> 0 | F80: {=MMS_Swine_AtmosphericDeposition_Equations.VEERG_4_5_1_5__2_TotalNitrogenVolatilisedFromMMS(F40,_xlfn.XLOOKUP($E80,$D$53:$D$58,$E$53:$E$58))} -> #N/A | G80: {=MMS_Swine_AtmosphericDeposition_Equations.VEERG_4_5_1_5__2_TotalNitrogenVolatilisedFromMMS(G40,_xlfn.XLOOKUP($E80,$D$53:$D$58,$E$53:$E$58))} -> #N/A | H80: {=MMS_Swine_AtmosphericDeposition_Equations.VEERG_4_5_1_5__2_TotalNitrogenVolatilisedFromMMS(H40,_xlfn.XLOOKUP($E80,$D$53:$D$58,$E$53:$E$58))} -> #N/A | I80: {=MMS_Swine_AtmosphericDeposition_Equations.VEERG_4_5_1_5__2_TotalNitrogenVolatilisedFromMMS(I40,_xlfn.XLOOKUP($E80,$D$53:$D$58,$E$53:$E$58))} -> #N/A | J80: =$E$11 -> kg N | O80: ='Input - Poultry'!$D$71 -> 0 | P80: {=MMS_Swine_AtmosphericDeposition_Equations.VEERG_4_5_1_5__2_TotalNitrogenVolatilisedFromMMS(P40,_xlfn.XLOOKUP($O80,$D$53:$D$58,$E$53:$E$58))} -> #N/A | Q80: {=MMS_Swine_AtmosphericDeposition_Equations.VEERG_4_5_1_5__2_TotalNitrogenVolatilisedFromMMS(Q40,_xlfn.XLOOKUP($O80,$D$53:$D$58,$E$53:$E$58))} -> #N/A | R80: {=MMS_Swine_AtmosphericDeposition_Equations.VEERG_4_5_1_5__2_TotalNitrogenVolatilisedFromMMS(R40,_xlfn.XLOOKUP($O80,$D$53:$D$58,$E$53:$E$58))} -> #N/A | S80: {=MMS_Swine_AtmosphericDeposition_Equations.VEERG_4_5_1_5__2_TotalNitrogenVolatilisedFromMMS(S40,_xlfn.XLOOKUP($O80,$D$53:$D$58,$E$53:$E$58))} -> #N/A | T80: =$E$11 -> kg N
E81: ='Input - Poultry'!$D$72 -> 0 | F81: {=MMS_Swine_AtmosphericDeposition_Equations.VEERG_4_5_1_5__2_TotalNitrogenVolatilisedFromMMS(F41,_xlfn.XLOOKUP($E81,$D$53:$D$58,$E$53:$E$58))} -> #N/A | G81: {=MMS_Swine_AtmosphericDeposition_Equations.VEERG_4_5_1_5__2_TotalNitrogenVolatilisedFromMMS(G41,_xlfn.XLOOKUP($E81,$D$53:$D$58,$E$53:$E$58))} -> #N/A | H81: {=MMS_Swine_AtmosphericDeposition_Equations.VEERG_4_5_1_5__2_TotalNitrogenVolatilisedFromMMS(H41,_xlfn.XLOOKUP($E81,$D$53:$D$58,$E$53:$E$58))} -> #N/A | I81: {=MMS_Swine_AtmosphericDeposition_Equations.VEERG_4_5_1_5__2_TotalNitrogenVolatilisedFromMMS(I41,_xlfn.XLOOKUP($E81,$D$53:$D$58,$E$53:$E$58))} -> #N/A | J81: =$E$11 -> kg N | O81: ='Input - Poultry'!$D$72 -> 0 | P81: {=MMS_Swine_AtmosphericDeposition_Equations.VEERG_4_5_1_5__2_TotalNitrogenVolatilisedFromMMS(P41,_xlfn.XLOOKUP($O81,$D$53:$D$58,$E$53:$E$58))} -> #N/A | Q81: {=MMS_Swine_AtmosphericDeposition_Equations.VEERG_4_5_1_5__2_TotalNitrogenVolatilisedFromMMS(Q41,_xlfn.XLOOKUP($O81,$D$53:$D$58,$E$53:$E$58))} -> #N/A | R81: {=MMS_Swine_AtmosphericDeposition_Equations.VEERG_4_5_1_5__2_TotalNitrogenVolatilisedFromMMS(R41,_xlfn.XLOOKUP($O81,$D$53:$D$58,$E$53:$E$58))} -> #N/A | S81: {=MMS_Swine_AtmosphericDeposition_Equations.VEERG_4_5_1_5__2_TotalNitrogenVolatilisedFromMMS(S41,_xlfn.XLOOKUP($O81,$D$53:$D$58,$E$53:$E$58))} -> #N/A | T81: =$E$11 -> kg N
D82: ='Input - Poultry'!#REF! -> #REF! | E82: ='Input - Poultry'!$D$77 -> 0 | F82: {=MMS_Swine_AtmosphericDeposition_Equations.VEERG_4_5_1_5__2_TotalNitrogenVolatilisedFromMMS(F42,_xlfn.XLOOKUP($E82,$D$53:$D$58,$E$53:$E$58))} -> #N/A | G82: {=MMS_Swine_AtmosphericDeposition_Equations.VEERG_4_5_1_5__2_TotalNitrogenVolatilisedFromMMS(G42,_xlfn.XLOOKUP($E82,$D$53:$D$58,$E$53:$E$58))} -> #N/A | H82: {=MMS_Swine_AtmosphericDeposition_Equations.VEERG_4_5_1_5__2_TotalNitrogenVolatilisedFromMMS(H42,_xlfn.XLOOKUP($E82,$D$53:$D$58,$E$53:$E$58))} -> #N/A | I82: {=MMS_Swine_AtmosphericDeposition_Equations.VEERG_4_5_1_5__2_TotalNitrogenVolatilisedFromMMS(I42,_xlfn.XLOOKUP($E82,$D$53:$D$58,$E$53:$E$58))} -> #N/A | J82: =$E$11 -> kg N | N82: ='Input - Poultry'!#REF! -> #REF! | O82: ='Input - Poultry'!$D$77 -> 0 | P82: {=MMS_Swine_AtmosphericDeposition_Equations.VEERG_4_5_1_5__2_TotalNitrogenVolatilisedFromMMS(P42,_xlfn.XLOOKUP($O82,$D$53:$D$58,$E$53:$E$58))} -> #N/A | Q82: {=MMS_Swine_AtmosphericDeposition_Equations.VEERG_4_5_1_5__2_TotalNitrogenVolatilisedFromMMS(Q42,_xlfn.XLOOKUP($O82,$D$53:$D$58,$E$53:$E$58))} -> #N/A | R82: {=MMS_Swine_AtmosphericDeposition_Equations.VEERG_4_5_1_5__2_TotalNitrogenVolatilisedFromMMS(R42,_xlfn.XLOOKUP($O82,$D$53:$D$58,$E$53:$E$58))} -> #N/A | S82: {=MMS_Swine_AtmosphericDeposition_Equations.VEERG_4_5_1_5__2_TotalNitrogenVolatilisedFromMMS(S42,_xlfn.XLOOKUP($O82,$D$53:$D$58,$E$53:$E$58))} -> #N/A | T82: =$E$11 -> kg N
E83: ='Input - Poultry'!$D$78 -> 0 | F83: {=MMS_Swine_AtmosphericDeposition_Equations.VEERG_4_5_1_5__2_TotalNitrogenVolatilisedFromMMS(F43,_xlfn.XLOOKUP($E83,$D$53:$D$58,$E$53:$E$58))} -> #N/A | G83: {=MMS_Swine_AtmosphericDeposition_Equations.VEERG_4_5_1_5__2_TotalNitrogenVolatilisedFromMMS(G43,_xlfn.XLOOKUP($E83,$D$53:$D$58,$E$53:$E$58))} -> #N/A | H83: {=MMS_Swine_AtmosphericDeposition_Equations.VEERG_4_5_1_5__2_TotalNitrogenVolatilisedFromMMS(H43,_xlfn.XLOOKUP($E83,$D$53:$D$58,$E$53:$E$58))} -> #N/A | I83: {=MMS_Swine_AtmosphericDeposition_Equations.VEERG_4_5_1_5__2_TotalNitrogenVolatilisedFromMMS(I43,_xlfn.XLOOKUP($E83,$D$53:$D$58,$E$53:$E$58))} -> #N/A | J83: =$E$11 -> kg N | O83: ='Input - Poultry'!$D$78 -> 0 | P83: {=MMS_Swine_AtmosphericDeposition_Equations.VEERG_4_5_1_5__2_TotalNitrogenVolatilisedFromMMS(P43,_xlfn.XLOOKUP($O83,$D$53:$D$58,$E$53:$E$58))} -> #N/A | Q83: {=MMS_Swine_AtmosphericDeposition_Equations.VEERG_4_5_1_5__2_TotalNitrogenVolatilisedFromMMS(Q43,_xlfn.XLOOKUP($O83,$D$53:$D$58,$E$53:$E$58))} -> #N/A | R83: {=MMS_Swine_AtmosphericDeposition_Equations.VEERG_4_5_1_5__2_TotalNitrogenVolatilisedFromMMS(R43,_xlfn.XLOOKUP($O83,$D$53:$D$58,$E$53:$E$58))} -> #N/A | S83: {=MMS_Swine_AtmosphericDeposition_Equations.VEERG_4_5_1_5__2_TotalNitrogenVolatilisedFromMMS(S43,_xlfn.XLOOKUP($O83,$D$53:$D$58,$E$53:$E$58))} -> #N/A | T83: =$E$11 -> kg N
E84: ='Input - Poultry'!$D$79 -> 0 | F84: {=MMS_Swine_AtmosphericDeposition_Equations.VEERG_4_5_1_5__2_TotalNitrogenVolatilisedFromMMS(F44,_xlfn.XLOOKUP($E84,$D$53:$D$58,$E$53:$E$58))} -> #N/A | G84: {=MMS_Swine_AtmosphericDeposition_Equations.VEERG_4_5_1_5__2_TotalNitrogenVolatilisedFromMMS(G44,_xlfn.XLOOKUP($E84,$D$53:$D$58,$E$53:$E$58))} -> #N/A | H84: {=MMS_Swine_AtmosphericDeposition_Equations.VEERG_4_5_1_5__2_TotalNitrogenVolatilisedFromMMS(H44,_xlfn.XLOOKUP($E84,$D$53:$D$58,$E$53:$E$58))} -> #N/A | I84: {=MMS_Swine_AtmosphericDeposition_Equations.VEERG_4_5_1_5__2_TotalNitrogenVolatilisedFromMMS(I44,_xlfn.XLOOKUP($E84,$D$53:$D$58,$E$53:$E$58))} -> #N/A | J84: =$E$11 -> kg N | O84: ='Input - Poultry'!$D$79 -> 0 | P84: {=MMS_Swine_AtmosphericDeposition_Equations.VEERG_4_5_1_5__2_TotalNitrogenVolatilisedFromMMS(P44,_xlfn.XLOOKUP($O84,$D$53:$D$58,$E$53:$E$58))} -> #N/A | Q84: {=MMS_Swine_AtmosphericDeposition_Equations.VEERG_4_5_1_5__2_TotalNitrogenVolatilisedFromMMS(Q44,_xlfn.XLOOKUP($O84,$D$53:$D$58,$E$53:$E$58))} -> #N/A | R84: {=MMS_Swine_AtmosphericDeposition_Equations.VEERG_4_5_1_5__2_TotalNitrogenVolatilisedFromMMS(R44,_xlfn.XLOOKUP($O84,$D$53:$D$58,$E$53:$E$58))} -> #N/A | S84: {=MMS_Swine_AtmosphericDeposition_Equations.VEERG_4_5_1_5__2_TotalNitrogenVolatilisedFromMMS(S44,_xlfn.XLOOKUP($O84,$D$53:$D$58,$E$53:$E$58))} -> #N/A | T84: =$E$11 -> kg N
D85: ='Input - Poultry'!#REF! -> #REF! | E85: ='Input - Poultry'!$D$84 -> 0 | F85: {=MMS_Swine_AtmosphericDeposition_Equations.VEERG_4_5_1_5__2_TotalNitrogenVolatilisedFromMMS(F45,_xlfn.XLOOKUP($E85,$D$53:$D$58,$E$53:$E$58))} -> #N/A | G85: {=MMS_Swine_AtmosphericDeposition_Equations.VEERG_4_5_1_5__2_TotalNitrogenVolatilisedFromMMS(G45,_xlfn.XLOOKUP($E85,$D$53:$D$58,$E$53:$E$58))} -> #N/A | H85: {=MMS_Swine_AtmosphericDeposition_Equations.VEERG_4_5_1_5__2_TotalNitrogenVolatilisedFromMMS(H45,_xlfn.XLOOKUP($E85,$D$53:$D$58,$E$53:$E$58))} -> #N/A | I85: {=MMS_Swine_AtmosphericDeposition_Equations.VEERG_4_5_1_5__2_TotalNitrogenVolatilisedFromMMS(I45,_xlfn.XLOOKUP($E85,$D$53:$D$58,$E$53:$E$58))} -> #N/A | J85: =$E$11 -> kg N | N85: ='Input - Poultry'!#REF! -> #REF! | O85: ='Input - Poultry'!$D$84 -> 0 | P85: {=MMS_Swine_AtmosphericDeposition_Equations.VEERG_4_5_1_5__2_TotalNitrogenVolatilisedFromMMS(P45,_xlfn.XLOOKUP($O85,$D$53:$D$58,$E$53:$E$58))} -> #N/A | Q85: {=MMS_Swine_AtmosphericDeposition_Equations.VEERG_4_5_1_5__2_TotalNitrogenVolatilisedFromMMS(Q45,_xlfn.XLOOKUP($O85,$D$53:$D$58,$E$53:$E$58))} -> #N/A | R85: {=MMS_Swine_AtmosphericDeposition_Equations.VEERG_4_5_1_5__2_TotalNitrogenVolatilisedFromMMS(R45,_xlfn.XLOOKUP($O85,$D$53:$D$58,$E$53:$E$58))} -> #N/A | S85: {=MMS_Swine_AtmosphericDeposition_Equations.VEERG_4_5_1_5__2_TotalNitrogenVolatilisedFromMMS(S45,_xlfn.XLOOKUP($O85,$D$53:$D$58,$E$53:$E$58))} -> #N/A | T85: =$E$11 -> kg N
E86: ='Input - Poultry'!$D$85 -> 0 | F86: {=MMS_Swine_AtmosphericDeposition_Equations.VEERG_4_5_1_5__2_TotalNitrogenVolatilisedFromMMS(F46,_xlfn.XLOOKUP($E86,$D$53:$D$58,$E$53:$E$58))} -> #N/A | G86: {=MMS_Swine_AtmosphericDeposition_Equations.VEERG_4_5_1_5__2_TotalNitrogenVolatilisedFromMMS(G46,_xlfn.XLOOKUP($E86,$D$53:$D$58,$E$53:$E$58))} -> #N/A | H86: {=MMS_Swine_AtmosphericDeposition_Equations.VEERG_4_5_1_5__2_TotalNitrogenVolatilisedFromMMS(H46,_xlfn.XLOOKUP($E86,$D$53:$D$58,$E$53:$E$58))} -> #N/A | I86: {=MMS_Swine_AtmosphericDeposition_Equations.VEERG_4_5_1_5__2_TotalNitrogenVolatilisedFromMMS(I46,_xlfn.XLOOKUP($E86,$D$53:$D$58,$E$53:$E$58))} -> #N/A | J86: =$E$11 -> kg N | O86: ='Input - Poultry'!$D$85 -> 0 | P86: {=MMS_Swine_AtmosphericDeposition_Equations.VEERG_4_5_1_5__2_TotalNitrogenVolatilisedFromMMS(P46,_xlfn.XLOOKUP($O86,$D$53:$D$58,$E$53:$E$58))} -> #N/A | Q86: {=MMS_Swine_AtmosphericDeposition_Equations.VEERG_4_5_1_5__2_TotalNitrogenVolatilisedFromMMS(Q46,_xlfn.XLOOKUP($O86,$D$53:$D$58,$E$53:$E$58))} -> #N/A | R86: {=MMS_Swine_AtmosphericDeposition_Equations.VEERG_4_5_1_5__2_TotalNitrogenVolatilisedFromMMS(R46,_xlfn.XLOOKUP($O86,$D$53:$D$58,$E$53:$E$58))} -> #N/A | S86: {=MMS_Swine_AtmosphericDeposition_Equations.VEERG_4_5_1_5__2_TotalNitrogenVolatilisedFromMMS(S46,_xlfn.XLOOKUP($O86,$D$53:$D$58,$E$53:$E$58))} -> #N/A | T86: =$E$11 -> kg N
E87: ='Input - Poultry'!$D$86 -> 0 | F87: {=MMS_Swine_AtmosphericDeposition_Equations.VEERG_4_5_1_5__2_TotalNitrogenVolatilisedFromMMS(F47,_xlfn.XLOOKUP($E87,$D$53:$D$58,$E$53:$E$58))} -> #N/A | G87: {=MMS_Swine_AtmosphericDeposition_Equations.VEERG_4_5_1_5__2_TotalNitrogenVolatilisedFromMMS(G47,_xlfn.XLOOKUP($E87,$D$53:$D$58,$E$53:$E$58))} -> #N/A | H87: {=MMS_Swine_AtmosphericDeposition_Equations.VEERG_4_5_1_5__2_TotalNitrogenVolatilisedFromMMS(H47,_xlfn.XLOOKUP($E87,$D$53:$D$58,$E$53:$E$58))} -> #N/A | I87: {=MMS_Swine_AtmosphericDeposition_Equations.VEERG_4_5_1_5__2_TotalNitrogenVolatilisedFromMMS(I47,_xlfn.XLOOKUP($E87,$D$53:$D$58,$E$53:$E$58))} -> #N/A | J87: =$E$11 -> kg N | O87: ='Input - Poultry'!$D$86 -> 0 | P87: {=MMS_Swine_AtmosphericDeposition_Equations.VEERG_4_5_1_5__2_TotalNitrogenVolatilisedFromMMS(P47,_xlfn.XLOOKUP($O87,$D$53:$D$58,$E$53:$E$58))} -> #N/A | Q87: {=MMS_Swine_AtmosphericDeposition_Equations.VEERG_4_5_1_5__2_TotalNitrogenVolatilisedFromMMS(Q47,_xlfn.XLOOKUP($O87,$D$53:$D$58,$E$53:$E$58))} -> #N/A | R87: {=MMS_Swine_AtmosphericDeposition_Equations.VEERG_4_5_1_5__2_TotalNitrogenVolatilisedFromMMS(R47,_xlfn.XLOOKUP($O87,$D$53:$D$58,$E$53:$E$58))} -> #N/A | S87: {=MMS_Swine_AtmosphericDeposition_Equations.VEERG_4_5_1_5__2_TotalNitrogenVolatilisedFromMMS(S47,_xlfn.XLOOKUP($O87,$D$53:$D$58,$E$53:$E$58))} -> #N/A | T87: =$E$11 -> kg N
E88: ='Input - Poultry'!$D$87 -> 0 | F88: {=MMS_Swine_AtmosphericDeposition_Equations.VEERG_4_5_1_5__2_TotalNitrogenVolatilisedFromMMS(F48,_xlfn.XLOOKUP($E88,$D$53:$D$58,$E$53:$E$58))} -> #N/A | G88: {=MMS_Swine_AtmosphericDeposition_Equations.VEERG_4_5_1_5__2_TotalNitrogenVolatilisedFromMMS(G48,_xlfn.XLOOKUP($E88,$D$53:$D$58,$E$53:$E$58))} -> #N/A | H88: {=MMS_Swine_AtmosphericDeposition_Equations.VEERG_4_5_1_5__2_TotalNitrogenVolatilisedFromMMS(H48,_xlfn.XLOOKUP($E88,$D$53:$D$58,$E$53:$E$58))} -> #N/A | I88: {=MMS_Swine_AtmosphericDeposition_Equations.VEERG_4_5_1_5__2_TotalNitrogenVolatilisedFromMMS(I48,_xlfn.XLOOKUP($E88,$D$53:$D$58,$E$53:$E$58))} -> #N/A | J88: =$E$11 -> kg N | O88: ='Input - Poultry'!$D$87 -> 0 | P88: {=MMS_Swine_AtmosphericDeposition_Equations.VEERG_4_5_1_5__2_TotalNitrogenVolatilisedFromMMS(P48,_xlfn.XLOOKUP($O88,$D$53:$D$58,$E$53:$E$58))} -> #N/A | Q88: {=MMS_Swine_AtmosphericDeposition_Equations.VEERG_4_5_1_5__2_TotalNitrogenVolatilisedFromMMS(Q48,_xlfn.XLOOKUP($O88,$D$53:$D$58,$E$53:$E$58))} -> #N/A | R88: {=MMS_Swine_AtmosphericDeposition_Equations.VEERG_4_5_1_5__2_TotalNitrogenVolatilisedFromMMS(R48,_xlfn.XLOOKUP($O88,$D$53:$D$58,$E$53:$E$58))} -> #N/A | S88: {=MMS_Swine_AtmosphericDeposition_Equations.VEERG_4_5_1_5__2_TotalNitrogenVolatilisedFromMMS(S48,_xlfn.XLOOKUP($O88,$D$53:$D$58,$E$53:$E$58))} -> #N/A | T88: =$E$11 -> kg N
D90: MMSATMOS | E90: =SUM(F63:I88) -> #REF! | F90: =$E$11 -> kg N | N90: MMSATMOS | O90: =SUM(P63:S88) -> #REF! | P90: =$E$11 -> kg N
D94: {=MMS_Swine_AtmosphericDeposition_Equations.VEERG_4_5_1_5__1_AnnualAtmosphericDepositionEmissionsFromMMS_Title()} -> Annual atmospheric deposition emissions from MMS | N94: {=MMS_Swine_AtmosphericDeposition_Equations.VEERG_4_5_1_5__1_AnnualAtmosphericDepositionEmissionsFromMMS_Title()} -> Annual atmospheric deposition emissions from MMS
D95: {=MMS_Swine_AtmosphericDeposition_Equations.VEERG_4_5_1_5__1_AnnualAtmosphericDepositionEmissionsFromMMS_Source()} -> VEERG 2026: 4.5.1.1, Equation (1) | N95: {=MMS_Swine_AtmosphericDeposition_Equations.VEERG_4_5_1_5__1_AnnualAtmosphericDepositionEmissionsFromMMS_Source()} -> VEERG 2026: 4.5.1.1, Equation (1)
D96: Function name | E96: {=Common_InputFunctions.Utility_DisplayFunctionName(E109)} -> =MMS_Swine_AtmosphericDeposition_Equations.VEERG_4_5_1_5__1_AnnualAtmosphericDepositionEmissionsFromMMS | N96: Function name | O96: {=Common_InputFunctions.Utility_DisplayFunctionName(O109)} -> =MMS_Swine_AtmosphericDeposition_Equations.VEERG_4_5_1_5__1_AnnualAtmosphericDepositionEmissionsFromMMS
D99: Variable | E99: {=MMS_Swine_AtmosphericDeposition_Equations.VEERG_4_5_1_5__1_AnnualAtmosphericDepositionEmissionsFromMMS_Variable()} -> E_N2OMMSad | N99: Variable | O99: {=MMS_Swine_AtmosphericDeposition_Equations.VEERG_4_5_1_5__1_AnnualAtmosphericDepositionEmissionsFromMMS_Variable()} -> E_N2OMMSad
D100: Unit | E100: {=MMS_Swine_AtmosphericDeposition_Equations.VEERG_4_5_1_5__1_AnnualAtmosphericDepositionEmissionsFromMMS_Unit()} -> t N2O | N100: Unit | O100: {=MMS_Swine_AtmosphericDeposition_Equations.VEERG_4_5_1_5__1_AnnualAtmosphericDepositionEmissionsFromMMS_Unit()} -> t N2O
D102: {=MMS_Swine_AtmosphericDeposition_Equations.VEERG_4_5_1_5__1_AnnualAtmosphericDepositionEmissionsFromMMS_Arguments()} -> MMS_ATMOS | E102: mass of N volatilised from MMS (kg N) | G102: =$E$90 -> #REF! | N102: {=MMS_Swine_AtmosphericDeposition_Equations.VEERG_4_5_1_5__1_AnnualAtmosphericDepositionEmissionsFromMMS_Arguments()} -> MMS_ATMOS | O102: mass of N volatilised from MMS (kg N) | Q102: =$E$90 -> #REF!
D103: EF_N2O | E103: nitrous oxide emission factor for atmospheric deposition (kg N2O-N/kg N) | G103: =Common_InputFunctions.Utility_LookupN2OEFFromProdIrrigationRainfall(G105,G106,G107,Table_SourceData_Common_EFN2O[Production system only],Table_SourceData_Common_EFN2O[Irrigation method],Table_SourceData_Common_EFN2O[Rainfall zone],Table_SourceData_Common_EFN2O[EFN2O]) -> 0.007 | N103: EF_N2O | O103: nitrous oxide emission factor for atmospheric deposition (kg N2O-N/kg N)
D104: C_N2O | E104: factor to convert elemental mass of N2O to molecular mass | G104: =Common_InputFunctions.Utility_LookupValueInTableNumber("N2O",Table_GasToMolecularConversionFactor[Gas],Table_GasToMolecularConversionFactor[Conversion factor combined]) -> 1.5714286 | N104: C_N2O | O104: factor to convert elemental mass of N2O to molecular mass
D105: j | E105: production system | G105: ='Input - Poultry'!$E$59 -> Crop | N105: j | O105: production system
D106: ir | E106: irrigation method | G106: ='Input - Poultry'!$E$60 -> Sprinkler irrigation | N106: ir | O106: irrigation method
D107: r | E107: rainfall region | G107: ='Input - Site'!$E$30 -> High rainfall | N107: r | O107: rainfall region
D109: MMSATMOS | E109: {=MMS_Swine_AtmosphericDeposition_Equations.VEERG_4_5_1_5__1_AnnualAtmosphericDepositionEmissionsFromMMS(G102,G103,G104)} -> #REF! | F109: =E100 -> t N2O | N109: MMSATMOS | O109: {=MMS_Swine_AtmosphericDeposition_Equations.VEERG_4_5_1_5__1_AnnualAtmosphericDepositionEmissionsFromMMS(Q102,G103,G104)} -> #REF! | P109: =O100 -> t N2O
D111: {=Common_Equations.Common_ConvertN2OToCO2e_Arguments()} -> EN2O | E111: Nitrous oxide emissions (t N2O) | G111: =E109 -> #REF! | N111: {=Common_Equations.Common_ConvertN2OToCO2e_Arguments()} -> EN2O | O111: Nitrous oxide emissions (t N2O) | Q111: =O109 -> #REF!
D112: GWPN2O | E112: Global warming potential for nitrous oxide (t CO2-e / t N2O) | G112: =Common_InputFunctions.Utility_LookupValueInTableNumber("N2O",[2]!Table_GWPData[Gas],[2]!Table_GWPData[CO2-e factor]) -> 265 | N112: GWPN2O | O112: Global warming potential for nitrous oxide (t CO2-e / t N2O) | Q112: =Common_InputFunctions.Utility_LookupValueInTableNumber("N2O",[2]!Table_GWPData[Gas],[2]!Table_GWPData[CO2-e factor]) -> 265
D114: ECO2e | E114: {=Common_Equations.Common_ConvertN2OToCO2e(G111,G112)} -> #REF! | F114: {=Common_Equations.Common_ConvertN2OToCO2e_Unit()} -> t CO2e | N114: ECO2e | O114: {=Common_Equations.Common_ConvertN2OToCO2e(Q111,Q112)} -> #REF! | P114: {=Common_Equations.Common_ConvertN2OToCO2e_Unit()} -> t CO2e

Sheet 4.5.1.7-8 Leaching and runoff
A1: #VALUE! | C1: 4.5.1.7-8 Leaching and runoff
A3: =HYPERLINK("#'Home'!A1", "Home") -> Home | D3: Method 1 | M3: Method 2
A4: =HYPERLINK("#'Results'!A1", "Results") -> Results
D5: {=MMS_Swine_LeachingAndRunoff_Equations.VEERG_4_5_1_7__2_MassOfNitrogenLostToLeachingAndRunoffFromDrylotMMS_Title()} -> Mass of nitrogen lost to leaching and runoff from drylot MMS
A6: INPUTS | D6: {=MMS_Swine_LeachingAndRunoff_Equations.VEERG_4_5_1_7__2_MassOfNitrogenLostToLeachingAndRunoffFromDrylotMMS_Source()} -> VEERG 2026: 4.5.1.7, Equation (2)
A7: =HYPERLINK("#'Input - Site'!A1", "Site") -> Site | D7: Function name | E7: {=Common_InputFunctions.Utility_DisplayFunctionName($E$28)} -> =MMS_Swine_LeachingAndRunoff_Equations.VEERG_4_5_1_7__2_MassOfNitrogenLostToLeachingAndRunoffFromDrylotMMS
A8: =HYPERLINK("#'Input - Swine'!A1", "Swine") -> Swine
A10: CALCULATIONS | D10: Variable | E10: {=MMS_Swine_LeachingAndRunoff_Equations.VEERG_4_5_1_7__2_MassOfNitrogenLostToLeachingAndRunoffFromDrylotMMS_Variable()} -> MNLeach_jm5 | F10: This infers that drylot is not a stage 2 MMS option
A11: =HYPERLINK("#'4.5.1.1-2 Methane'!A1", "4.5.1.1-2 Methane") -> 4.5.1.1-2 Methane | D11: Unit | E11: {=MMS_Swine_LeachingAndRunoff_Equations.VEERG_4_5_1_7__2_MassOfNitrogenLostToLeachingAndRunoffFromDrylotMMS_Unit()} -> kg N | F11: Doc has typo - refers to 'solid storage'
A12: =HYPERLINK("#'4.5.1.3-4 Direct N20'!A1", "4.5.1.3-4 Direct N2O") -> 4.5.1.3-4 Direct N2O
A13: =HYPERLINK("#'4.5.1.5-6 Atmos Dep'!A1", "4.5.1.5-6 Soil atm. deposition") -> 4.5.1.5-6 Soil atm. deposition | D13: {=MMS_Swine_LeachingAndRunoff_Equations.VEERG_4_5_1_7__2_MassOfNitrogenLostToLeachingAndRunoffFromDrylotMMS_Arguments()} -> MN_jm5T1 | E13: nitrogen in treatment stage 1 drylot MMS (kg N) | G13: ="See " & D20 -> See M1_Table_MN_j_m-5_T-1
A14: =HYPERLINK("#'4.5.1.7-8 Leaching and runoff'!A1", "4.5.1.7-8 Leaching & runoff") -> 4.5.1.7-8 Leaching & runoff | D14: FracWET | E14: fraction of N available for leaching and runoff | G14: =Common_InputFunctions.CommonCropping_GetFracWET(G16,G18,Table_SourceData_FracWET[Is in leaching zone],Table_SourceData_FracWET[FracWET],Table_SourceData_FracWETIrrigation[Irrigation type i],Table_SourceData_FracWETIrrigation[FracWET]) -> 1
A15: =HYPERLINK("#'4.5.1.9 Manure applied to soils'!A1", "4.5.1.9 Manure applied to soils") -> 4.5.1.9 Manure applied to soils | D15: FracLEACH_MS | E15: fraction of N lost through leaching and runoff | G15: ='Constants - Poultry'!$E$17 -> 0
D16: z | E16: location in leaching zone | G16: ='Input - Site'!$E$23 -> NO - Not in leaching zone
A17: APPENDICES | D17: j | E17: production system | G17: ='Input - Poultry'!$E$59 -> Crop
A18: =HYPERLINK("#'Constants - Swine'!A1", "Constants - Swine") -> Constants - Swine | D18: ir | E18: irrigation method | G18: ='Input - Poultry'!$E$60 -> Sprinkler irrigation
A19: =HYPERLINK("#'Constants - Livestock'!A1", "Constants - Livestock") -> Constants - Livestock
A20: =HYPERLINK("#'Constants - Common'!A1", "Constants - Common") -> Constants - Common | D20: M1_Table_MN_j_m-5_T-1 | M20: M2_Table_MN_j_m-5_T-1
A21: =HYPERLINK("#'Acknowledgements'!A1", "Acknowledgements") -> Acknowledgements | D21: Nitrogen in stage 1 drylot (Method 1) | M21: Nitrogen in stage 1 drylot (Method 2)
D22: Stage 1 management | E22: Boars | F22: Sows | G22: Gilts | H22: Others | M22: Stage 1 management | N22: Boars | O22: Sows | P22: Gilts | Q22: Others
D23: ='Input - Poultry'!$D$31 -> Manure stored in house | E23: ='4.6.1.3-4 Direct N20'!E119 -> 0 | F23: ='4.6.1.3-4 Direct N20'!F119 -> 0 | G23: ='4.6.1.3-4 Direct N20'!G119 -> 0 | H23: ='4.6.1.3-4 Direct N20'!H119 -> 0 | I23: kg N | M23: ='Input - Poultry'!$D$31 -> Manure stored in house | N23: ='4.6.1.3-4 Direct N20'!O119 -> 0 | O23: ='4.6.1.3-4 Direct N20'!P119 -> 0 | P23: ='4.6.1.3-4 Direct N20'!Q119 -> 0 | Q23: ='4.6.1.3-4 Direct N20'!R119 -> 0 | R23: kg N
D25: M1_Table_MN_leach_j_m-5 | M25: M1_Table_MN_leach_j_m-5
D26: Mass of nitrogen lost to leaching (Method 1) | M26: Mass of nitrogen lost to leaching (Method 1)
D27: Stage 1 management | E27: Boars | F27: Sows | G27: Gilts | H27: Others | M27: Stage 1 management | N27: Boars | O27: Sows | P27: Gilts | Q27: Others
D28: ='Input - Poultry'!$D$31 -> Manure stored in house | E28: {=MMS_Swine_LeachingAndRunoff_Equations.VEERG_4_5_1_7__2_MassOfNitrogenLostToLeachingAndRunoffFromDrylotMMS(E23,$G$14,$G$15)} -> 0 | F28: {=MMS_Swine_LeachingAndRunoff_Equations.VEERG_4_5_1_7__2_MassOfNitrogenLostToLeachingAndRunoffFromDrylotMMS(F23,$G$14,$G$15)} -> 0 | G28: {=MMS_Swine_LeachingAndRunoff_Equations.VEERG_4_5_1_7__2_MassOfNitrogenLostToLeachingAndRunoffFromDrylotMMS(G23,$G$14,$G$15)} -> 0 | H28: {=MMS_Swine_LeachingAndRunoff_Equations.VEERG_4_5_1_7__2_MassOfNitrogenLostToLeachingAndRunoffFromDrylotMMS(H23,$G$14,$G$15)} -> 0 | I28: =$E$11 -> kg N | M28: ='Input - Poultry'!$D$31 -> Manure stored in house | N28: {=MMS_Swine_LeachingAndRunoff_Equations.VEERG_4_5_1_7__2_MassOfNitrogenLostToLeachingAndRunoffFromDrylotMMS(N23,$G$14,$G$15)} -> 0 | O28: {=MMS_Swine_LeachingAndRunoff_Equations.VEERG_4_5_1_7__2_MassOfNitrogenLostToLeachingAndRunoffFromDrylotMMS(O23,$G$14,$G$15)} -> 0 | P28: {=MMS_Swine_LeachingAndRunoff_Equations.VEERG_4_5_1_7__2_MassOfNitrogenLostToLeachingAndRunoffFromDrylotMMS(P23,$G$14,$G$15)} -> 0 | Q28: {=MMS_Swine_LeachingAndRunoff_Equations.VEERG_4_5_1_7__2_MassOfNitrogenLostToLeachingAndRunoffFromDrylotMMS(Q23,$G$14,$G$15)} -> 0 | R28: =$E$11 -> kg N
D32: {=MMS_Swine_LeachingAndRunoff_Equations.VEERG_4_5_1_7__1_AnnualEmissionsFromLeachingAndRunoffFromMMS_Title()} -> Annual emissions from leaching and runoff from each MMS
D33: {=MMS_Swine_LeachingAndRunoff_Equations.VEERG_4_5_1_7__1_AnnualEmissionsFromLeachingAndRunoffFromMMS_Source()} -> VEERG 2026: 4.5.1.7, Equation (1)
D34: Function name | E34: {=Common_InputFunctions.Utility_DisplayFunctionName($E$47)} -> =MMS_Swine_LeachingAndRunoff_Equations.VEERG_4_5_1_7__1_AnnualEmissionsFromLeachingAndRunoffFromMMS
D37: Variable | E37: {=MMS_Swine_LeachingAndRunoff_Equations.VEERG_4_5_1_7__1_AnnualEmissionsFromLeachingAndRunoffFromMMS_Variable()} -> E_N2Oleach
D38: Unit | E38: {=MMS_Swine_LeachingAndRunoff_Equations.VEERG_4_5_1_7__1_AnnualEmissionsFromLeachingAndRunoffFromMMS_Unit()} -> t N2O
D40: {=MMS_Swine_LeachingAndRunoff_Equations.VEERG_4_5_1_7__1_AnnualEmissionsFromLeachingAndRunoffFromMMS_Arguments()} -> MNLeach_jm5 | E40: mass of N lost through leaching and runoff from drylot MMS (kg N) | G40: ="See " & D25 -> See M1_Table_MN_leach_j_m-5
D41: EF_leach | E41: emission factor for leaching and runoff (kg N2O-N/kg N) | G41: ='Constants - Common'!$E$170 -> 0.011
D42: C_N2O | E42: factor to convert elemental mass of N2O to molecular mass | G42: =Common_InputFunctions.Utility_LookupValueInTableNumber("N2O",Table_GasToMolecularConversionFactor[Gas],Table_GasToMolecularConversionFactor[Conversion factor combined]) -> 1.5714286
D44: M1_Table_E_N2O_leach | M44: M2_Table_E_N2O_leach
D45: Annual emissions from leaching and runoff (Method 1) | M45: Annual emissions from leaching and runoff (Method 2)
D46: Stage 1 management | E46: Boars | F46: Sows | G46: Gilts | H46: Others | M46: Stage 1 management | N46: Boars | O46: Sows | P46: Gilts | Q46: Others
D47: ='Input - Poultry'!$D$31 -> Manure stored in house | E47: {=MMS_Swine_LeachingAndRunoff_Equations.VEERG_4_5_1_7__1_AnnualEmissionsFromLeachingAndRunoffFromMMS(E28,$G$41,$G$42)} -> 0 | F47: {=MMS_Swine_LeachingAndRunoff_Equations.VEERG_4_5_1_7__1_AnnualEmissionsFromLeachingAndRunoffFromMMS(F28,$G$41,$G$42)} -> 0 | G47: {=MMS_Swine_LeachingAndRunoff_Equations.VEERG_4_5_1_7__1_AnnualEmissionsFromLeachingAndRunoffFromMMS(G28,$G$41,$G$42)} -> 0 | H47: {=MMS_Swine_LeachingAndRunoff_Equations.VEERG_4_5_1_7__1_AnnualEmissionsFromLeachingAndRunoffFromMMS(H28,$G$41,$G$42)} -> 0 | I47: =$E$38 -> t N2O | M47: ='Input - Poultry'!$D$31 -> Manure stored in house | N47: {=MMS_Swine_LeachingAndRunoff_Equations.VEERG_4_5_1_7__1_AnnualEmissionsFromLeachingAndRunoffFromMMS(N28,$G$41,$G$42)} -> 0 | O47: {=MMS_Swine_LeachingAndRunoff_Equations.VEERG_4_5_1_7__1_AnnualEmissionsFromLeachingAndRunoffFromMMS(O28,$G$41,$G$42)} -> 0 | P47: {=MMS_Swine_LeachingAndRunoff_Equations.VEERG_4_5_1_7__1_AnnualEmissionsFromLeachingAndRunoffFromMMS(P28,$G$41,$G$42)} -> 0 | Q47: {=MMS_Swine_LeachingAndRunoff_Equations.VEERG_4_5_1_7__1_AnnualEmissionsFromLeachingAndRunoffFromMMS(Q28,$G$41,$G$42)} -> 0 | R47: =$E$38 -> t N2O
D49: EN2O,leach | E49: =SUM(E47:H47) -> 0 | F49: =$E$38 -> t N2O | M49: EN2O,leach | N49: =SUM(N47:Q47) -> 0 | O49: =$E$38 -> t N2O
D51: {=Common_Equations.Common_ConvertN2OToCO2e_Arguments()} -> EN2O | E51: Nitrous oxide emissions (t N2O) | G51: =E49 -> 0 | M51: {=Common_Equations.Common_ConvertN2OToCO2e_Arguments()} -> EN2O | N51: Nitrous oxide emissions (t N2O) | P51: =N49 -> 0
D52: GWPN2O | E52: Global warming potential for nitrous oxide (t CO2-e / t N2O) | G52: =Common_InputFunctions.Utility_LookupValueInTableNumber("N2O",[2]!Table_GWPData[Gas],[2]!Table_GWPData[CO2-e factor]) -> 265 | M52: GWPN2O | N52: Global warming potential for nitrous oxide (t CO2-e / t N2O) | P52: =Common_InputFunctions.Utility_LookupValueInTableNumber("N2O",[2]!Table_GWPData[Gas],[2]!Table_GWPData[CO2-e factor]) -> 265
D54: ECO2e | E54: {=Common_Equations.Common_ConvertN2OToCO2e(G51,G52)} -> 0 | F54: {=Common_Equations.Common_ConvertN2OToCO2e_Unit()} -> t CO2e | M54: ECO2e | N54: {=Common_Equations.Common_ConvertN2OToCO2e(P51,P52)} -> 0 | O54: {=Common_Equations.Common_ConvertN2OToCO2e_Unit()} -> t CO2e

Sheet 4.5.1.9 Manure applied to soils
A1: #VALUE! | C1: 4.5.1.9 Manure applied to soils
A3: =HYPERLINK("#'Home'!A1", "Home") -> Home | D3: Method 1 | N3: Method 2
A4: =HYPERLINK("#'Results'!A1", "Results") -> Results
D5: {=MMS_Swine_ManureAppliedToSoils_Equations.VEERG_4_5_1_9__1_MassOfNitrogenAppliedToSoilsScope1_Title()} -> Mass of nitrogen applied to soils for scope 1 emissions
A6: INPUTS | D6: {=MMS_Swine_ManureAppliedToSoils_Equations.VEERG_4_5_1_9__1_MassOfNitrogenAppliedToSoilsScope1_Source()} -> VEERG 2026: 4.5.1.9, Equation (1)
A7: =HYPERLINK("#'Input - Site'!A1", "Site") -> Site | D7: Function name | E7: {=Common_InputFunctions.Utility_DisplayFunctionName(F115)} -> =MMS_Swine_ManureAppliedToSoils_Equations.VEERG_4_5_1_9__1_MassOfNitrogenAppliedToSoilsScope1
A8: =HYPERLINK("#'Input - Swine'!A1", "Swine") -> Swine
G9: MNleachjm=5 infers stage 1 and 2 drylot MMS
A10: CALCULATIONS | D10: Variable | E10: {=MMS_Swine_ManureAppliedToSoils_Equations.VEERG_4_5_1_9__1_MassOfNitrogenAppliedToSoilsScope1_Variable()} -> MNSoil_scope1 | G10: but 4.5.1.7, Equation (2) says MNleachjm=5 only comes from stage 1 MMS
A11: =HYPERLINK("#'4.5.1.1-2 Methane'!A1", "4.5.1.1-2 Methane") -> 4.5.1.1-2 Methane | D11: Unit | E11: {=MMS_Swine_ManureAppliedToSoils_Equations.VEERG_4_5_1_9__1_MassOfNitrogenAppliedToSoilsScope1_Unit()} -> kg N
A12: =HYPERLINK("#'4.5.1.3-4 Direct N20'!A1", "4.5.1.3-4 Direct N2O") -> 4.5.1.3-4 Direct N2O
A13: =HYPERLINK("#'4.5.1.5-6 Atmos Dep'!A1", "4.5.1.5-6 Soil atm. deposition") -> 4.5.1.5-6 Soil atm. deposition | D13: {=MMS_Swine_ManureAppliedToSoils_Equations.VEERG_4_5_1_9__1_MassOfNitrogenAppliedToSoilsScope1_Arguments()} -> MN_jmT2 | E13: mass of N in MMS at treatment stage 2 : kg N | H13: ="See " & D19 -> See M1_Table_MN_j_m_T-2
A14: =HYPERLINK("#'4.5.1.7-8 Leaching and runoff'!A1", "4.5.1.7-8 Leaching & runoff") -> 4.5.1.7-8 Leaching & runoff | D14: EF_mT2 | E14: nitrous oxide emission factor for each MMS at treatment stage 2 : kg N2O-N/kg N | H14: ="See " & D102 -> See Table_EF_m_T
A15: =HYPERLINK("#'4.5.1.9 Manure applied to soils'!A1", "4.5.1.9 Manure applied to soils") -> 4.5.1.9 Manure applied to soils | D15: FracGASM_mT2 | E15: fraction of animal waste N volatilised in each MMS at treatment stage 2 : (kg NH3-N + NOx-N)/kg N | H15: ="See " & D92 -> See Table_FracGASM_m_t
D16: MNLeach_jm5 | E16: mass of N lost to leaching and runoff from drylot MMS : kg N | H16: ="See " & D44 -> See M1_Table_MN_leach_j_m-5
A17: APPENDICES | D17: PF | E17: fraction of manure applied to soil within the piggery boundary : fraction | H17: ="See " & D68 -> See M1_Table_PF
A18: =HYPERLINK("#'Constants - Swine'!A1", "Constants - Swine") -> Constants - Swine
A19: =HYPERLINK("#'Constants - Livestock'!A1", "Constants - Livestock") -> Constants - Livestock | D19: M1_Table_MN_j_m_T-2 | N19: M2_Table_MN_j_m_T-2
A20: =HYPERLINK("#'Constants - Common'!A1", "Constants - Common") -> Constants - Common | D20: Nitrogen in stage 2 MMS (Method 1) | N20: Nitrogen in stage 2 MMS (Method 2)
A21: =HYPERLINK("#'Acknowledgements'!A1", "Acknowledgements") -> Acknowledgements | D21: Stage 1 management | E21: Stage 2 management | F21: Boars | G21: Sows | H21: Gilts | I21: Others | N21: Stage 1 management | O21: Stage 2 management | P21: Boars | Q21: Sows | R21: Gilts | S21: Others
D22: ='Input - Poultry'!$D$30 -> Belt manure removal | E22: ='Input - Poultry'!$D$38 -> Solid storage | F22: ='4.6.1.3-4 Direct N20'!F209 -> 0 | G22: ='4.6.1.3-4 Direct N20'!G209 -> 0 | H22: ='4.6.1.3-4 Direct N20'!H209 -> 0 | I22: ='4.6.1.3-4 Direct N20'!I209 -> 0 | J22: fraction | N22: ='Input - Poultry'!$D$30 -> Belt manure removal | O22: ='Input - Poultry'!$D$38 -> Solid storage | P22: ='4.6.1.3-4 Direct N20'!P209 -> 0 | Q22: ='4.6.1.3-4 Direct N20'!Q209 -> 0 | R22: ='4.6.1.3-4 Direct N20'!R209 -> 0 | S22: ='4.6.1.3-4 Direct N20'!S209 -> 0 | T22: fraction
E23: ='Input - Poultry'!$D$39 -> Composting (passive windrow) | F23: ='4.6.1.3-4 Direct N20'!F210 -> 0 | G23: ='4.6.1.3-4 Direct N20'!G210 -> 0 | H23: ='4.6.1.3-4 Direct N20'!H210 -> 0 | I23: ='4.6.1.3-4 Direct N20'!I210 -> 0 | J23: fraction | O23: ='Input - Poultry'!$D$39 -> Composting (passive windrow) | P23: ='4.6.1.3-4 Direct N20'!P210 -> 0 | Q23: ='4.6.1.3-4 Direct N20'!Q210 -> 0 | R23: ='4.6.1.3-4 Direct N20'!R210 -> 0 | S23: ='4.6.1.3-4 Direct N20'!S210 -> 0 | T23: fraction
E24: ='Input - Poultry'!$D$40 -> Digester / covered lagoons | F24: ='4.6.1.3-4 Direct N20'!F211 -> 0 | G24: ='4.6.1.3-4 Direct N20'!G211 -> 0 | H24: ='4.6.1.3-4 Direct N20'!H211 -> 0 | I24: ='4.6.1.3-4 Direct N20'!I211 -> 0 | J24: fraction | O24: ='Input - Poultry'!$D$40 -> Digester / covered lagoons | P24: ='4.6.1.3-4 Direct N20'!P211 -> 0 | Q24: ='4.6.1.3-4 Direct N20'!Q211 -> 0 | R24: ='4.6.1.3-4 Direct N20'!R211 -> 0 | S24: ='4.6.1.3-4 Direct N20'!S211 -> 0 | T24: fraction
D25: ='Input - Poultry'!$D$31 -> Manure stored in house | E25: ='Input - Poultry'!$D$45 -> Solid storage | F25: ='4.6.1.3-4 Direct N20'!F212 -> 0 | G25: ='4.6.1.3-4 Direct N20'!G212 -> 0 | H25: ='4.6.1.3-4 Direct N20'!H212 -> 0 | I25: ='4.6.1.3-4 Direct N20'!I212 -> 0 | J25: fraction | N25: ='Input - Poultry'!$D$31 -> Manure stored in house | O25: ='Input - Poultry'!$D$45 -> Solid storage | P25: ='4.6.1.3-4 Direct N20'!P212 -> 0 | Q25: ='4.6.1.3-4 Direct N20'!Q212 -> 0 | R25: ='4.6.1.3-4 Direct N20'!R212 -> 0 | S25: ='4.6.1.3-4 Direct N20'!S212 -> 0 | T25: fraction
E26: ='Input - Poultry'!$D$46 -> Composting (passive windrow) | F26: ='4.6.1.3-4 Direct N20'!F213 -> 0 | G26: ='4.6.1.3-4 Direct N20'!G213 -> 0 | H26: ='4.6.1.3-4 Direct N20'!H213 -> 0 | I26: ='4.6.1.3-4 Direct N20'!I213 -> 0 | J26: fraction | O26: ='Input - Poultry'!$D$46 -> Composting (passive windrow) | P26: ='4.6.1.3-4 Direct N20'!P213 -> 0 | Q26: ='4.6.1.3-4 Direct N20'!Q213 -> 0 | R26: ='4.6.1.3-4 Direct N20'!R213 -> 0 | S26: ='4.6.1.3-4 Direct N20'!S213 -> 0 | T26: fraction
E27: ='Input - Poultry'!$D$47 -> Digester / covered lagoons | F27: ='4.6.1.3-4 Direct N20'!F214 -> 0 | G27: ='4.6.1.3-4 Direct N20'!G214 -> 0 | H27: ='4.6.1.3-4 Direct N20'!H214 -> 0 | I27: ='4.6.1.3-4 Direct N20'!I214 -> 0 | J27: fraction | O27: ='Input - Poultry'!$D$47 -> Digester / covered lagoons | P27: ='4.6.1.3-4 Direct N20'!P214 -> 0 | Q27: ='4.6.1.3-4 Direct N20'!Q214 -> 0 | R27: ='4.6.1.3-4 Direct N20'!R214 -> 0 | S27: ='4.6.1.3-4 Direct N20'!S214 -> 0 | T27: fraction
E28: ='Input - Poultry'!$D$48 -> Direct processing | F28: ='4.6.1.3-4 Direct N20'!F215 -> 0 | G28: ='4.6.1.3-4 Direct N20'!G215 -> 0 | H28: ='4.6.1.3-4 Direct N20'!H215 -> 0 | I28: ='4.6.1.3-4 Direct N20'!I215 -> 0 | J28: fraction | O28: ='Input - Poultry'!$D$48 -> Direct processing | P28: ='4.6.1.3-4 Direct N20'!P215 -> 0 | Q28: ='4.6.1.3-4 Direct N20'!Q215 -> 0 | R28: ='4.6.1.3-4 Direct N20'!R215 -> 0 | S28: ='4.6.1.3-4 Direct N20'!S215 -> 0 | T28: fraction
D29: ='Input - Poultry'!$D$32 -> Pasture range and paddock | E29: ='Input - Poultry'!$D$52 -> Solid storage | F29: ='4.6.1.3-4 Direct N20'!F216 -> 0 | G29: ='4.6.1.3-4 Direct N20'!G216 -> 0 | H29: ='4.6.1.3-4 Direct N20'!H216 -> 0 | I29: ='4.6.1.3-4 Direct N20'!I216 -> 0 | J29: fraction | N29: ='Input - Poultry'!$D$32 -> Pasture range and paddock | O29: ='Input - Poultry'!$D$52 -> Solid storage | P29: ='4.6.1.3-4 Direct N20'!P216 -> 0 | Q29: ='4.6.1.3-4 Direct N20'!Q216 -> 0 | R29: ='4.6.1.3-4 Direct N20'!R216 -> 0 | S29: ='4.6.1.3-4 Direct N20'!S216 -> 0 | T29: fraction
E30: ='Input - Poultry'!$D$53 -> Composting (passive windrow) | F30: ='4.6.1.3-4 Direct N20'!F217 -> 0 | G30: ='4.6.1.3-4 Direct N20'!G217 -> 0 | H30: ='4.6.1.3-4 Direct N20'!H217 -> 0 | I30: ='4.6.1.3-4 Direct N20'!I217 -> 0 | J30: fraction | O30: ='Input - Poultry'!$D$53 -> Composting (passive windrow) | P30: ='4.6.1.3-4 Direct N20'!P217 -> 0 | Q30: ='4.6.1.3-4 Direct N20'!Q217 -> 0 | R30: ='4.6.1.3-4 Direct N20'!R217 -> 0 | S30: ='4.6.1.3-4 Direct N20'!S217 -> 0 | T30: fraction
E31: ='Input - Poultry'!$D$54 -> Digester / covered lagoons | F31: ='4.6.1.3-4 Direct N20'!F218 -> 0 | G31: ='4.6.1.3-4 Direct N20'!G218 -> 0 | H31: ='4.6.1.3-4 Direct N20'!H218 -> 0 | I31: ='4.6.1.3-4 Direct N20'!I218 -> 0 | J31: fraction | O31: ='Input - Poultry'!$D$54 -> Digester / covered lagoons | P31: ='4.6.1.3-4 Direct N20'!P218 -> 0 | Q31: ='4.6.1.3-4 Direct N20'!Q218 -> 0 | R31: ='4.6.1.3-4 Direct N20'!R218 -> 0 | S31: ='4.6.1.3-4 Direct N20'!S218 -> 0 | T31: fraction
D32: ='Input - Poultry'!$D$33 -> No MMS | E32: ='Input - Poultry'!#REF! -> #REF! | F32: ='4.6.1.3-4 Direct N20'!F219 -> 0 | G32: ='4.6.1.3-4 Direct N20'!G219 -> 0 | H32: ='4.6.1.3-4 Direct N20'!H219 -> 0 | I32: ='4.6.1.3-4 Direct N20'!I219 -> 0 | J32: fraction | N32: ='Input - Poultry'!$D$33 -> No MMS | O32: ='Input - Poultry'!#REF! -> #REF! | P32: ='4.6.1.3-4 Direct N20'!P219 -> 0 | Q32: ='4.6.1.3-4 Direct N20'!Q219 -> 0 | R32: ='4.6.1.3-4 Direct N20'!R219 -> 0 | S32: ='4.6.1.3-4 Direct N20'!S219 -> 0 | T32: fraction
E33: ='Input - Poultry'!$D$71 -> 0 | F33: ='4.6.1.3-4 Direct N20'!F220 -> 0 | G33: ='4.6.1.3-4 Direct N20'!G220 -> 0 | H33: ='4.6.1.3-4 Direct N20'!H220 -> 0 | I33: ='4.6.1.3-4 Direct N20'!I220 -> 0 | J33: fraction | O33: ='Input - Poultry'!$D$71 -> 0 | P33: ='4.6.1.3-4 Direct N20'!P220 -> 0 | Q33: ='4.6.1.3-4 Direct N20'!Q220 -> 0 | R33: ='4.6.1.3-4 Direct N20'!R220 -> 0 | S33: ='4.6.1.3-4 Direct N20'!S220 -> 0 | T33: fraction
E34: ='Input - Poultry'!$D$72 -> 0 | F34: ='4.6.1.3-4 Direct N20'!F221 -> 0 | G34: ='4.6.1.3-4 Direct N20'!G221 -> 0 | H34: ='4.6.1.3-4 Direct N20'!H221 -> 0 | I34: ='4.6.1.3-4 Direct N20'!I221 -> 0 | J34: fraction | O34: ='Input - Poultry'!$D$72 -> 0 | P34: ='4.6.1.3-4 Direct N20'!P221 -> 0 | Q34: ='4.6.1.3-4 Direct N20'!Q221 -> 0 | R34: ='4.6.1.3-4 Direct N20'!R221 -> 0 | S34: ='4.6.1.3-4 Direct N20'!S221 -> 0 | T34: fraction
D35: ='Input - Poultry'!#REF! -> #REF! | E35: ='Input - Poultry'!$D$77 -> 0 | F35: ='4.6.1.3-4 Direct N20'!F222 -> 0 | G35: ='4.6.1.3-4 Direct N20'!G222 -> 0 | H35: ='4.6.1.3-4 Direct N20'!H222 -> 0 | I35: ='4.6.1.3-4 Direct N20'!I222 -> 0 | J35: fraction | N35: ='Input - Poultry'!#REF! -> #REF! | O35: ='Input - Poultry'!$D$77 -> 0 | P35: ='4.6.1.3-4 Direct N20'!P222 -> 0 | Q35: ='4.6.1.3-4 Direct N20'!Q222 -> 0 | R35: ='4.6.1.3-4 Direct N20'!R222 -> 0 | S35: ='4.6.1.3-4 Direct N20'!S222 -> 0 | T35: fraction
E36: ='Input - Poultry'!$D$78 -> 0 | F36: ='4.6.1.3-4 Direct N20'!F223 -> 0 | G36: ='4.6.1.3-4 Direct N20'!G223 -> 0 | H36: ='4.6.1.3-4 Direct N20'!H223 -> 0 | I36: ='4.6.1.3-4 Direct N20'!I223 -> 0 | J36: fraction | O36: ='Input - Poultry'!$D$78 -> 0 | P36: ='4.6.1.3-4 Direct N20'!P223 -> 0 | Q36: ='4.6.1.3-4 Direct N20'!Q223 -> 0 | R36: ='4.6.1.3-4 Direct N20'!R223 -> 0 | S36: ='4.6.1.3-4 Direct N20'!S223 -> 0 | T36: fraction
E37: ='Input - Poultry'!$D$79 -> 0 | F37: ='4.6.1.3-4 Direct N20'!F224 -> 0 | G37: ='4.6.1.3-4 Direct N20'!G224 -> 0 | H37: ='4.6.1.3-4 Direct N20'!H224 -> 0 | I37: ='4.6.1.3-4 Direct N20'!I224 -> 0 | J37: fraction | O37: ='Input - Poultry'!$D$79 -> 0 | P37: ='4.6.1.3-4 Direct N20'!P224 -> 0 | Q37: ='4.6.1.3-4 Direct N20'!Q224 -> 0 | R37: ='4.6.1.3-4 Direct N20'!R224 -> 0 | S37: ='4.6.1.3-4 Direct N20'!S224 -> 0 | T37: fraction
D38: ='Input - Poultry'!#REF! -> #REF! | E38: ='Input - Poultry'!$D$84 -> 0 | F38: ='4.6.1.3-4 Direct N20'!F225 -> 0 | G38: ='4.6.1.3-4 Direct N20'!G225 -> 0 | H38: ='4.6.1.3-4 Direct N20'!H225 -> 0 | I38: ='4.6.1.3-4 Direct N20'!I225 -> 0 | J38: fraction | N38: ='Input - Poultry'!#REF! -> #REF! | O38: ='Input - Poultry'!$D$84 -> 0 | P38: ='4.6.1.3-4 Direct N20'!P225 -> 0 | Q38: ='4.6.1.3-4 Direct N20'!Q225 -> 0 | R38: ='4.6.1.3-4 Direct N20'!R225 -> 0 | S38: ='4.6.1.3-4 Direct N20'!S225 -> 0 | T38: fraction
E39: ='Input - Poultry'!$D$85 -> 0 | F39: ='4.6.1.3-4 Direct N20'!F226 -> 0 | G39: ='4.6.1.3-4 Direct N20'!G226 -> 0 | H39: ='4.6.1.3-4 Direct N20'!H226 -> 0 | I39: ='4.6.1.3-4 Direct N20'!I226 -> 0 | J39: fraction | O39: ='Input - Poultry'!$D$85 -> 0 | P39: ='4.6.1.3-4 Direct N20'!P226 -> 0 | Q39: ='4.6.1.3-4 Direct N20'!Q226 -> 0 | R39: ='4.6.1.3-4 Direct N20'!R226 -> 0 | S39: ='4.6.1.3-4 Direct N20'!S226 -> 0 | T39: fraction
E40: ='Input - Poultry'!$D$86 -> 0 | F40: ='4.6.1.3-4 Direct N20'!F227 -> 0 | G40: ='4.6.1.3-4 Direct N20'!G227 -> 0 | H40: ='4.6.1.3-4 Direct N20'!H227 -> 0 | I40: ='4.6.1.3-4 Direct N20'!I227 -> 0 | J40: fraction | O40: ='Input - Poultry'!$D$86 -> 0 | P40: ='4.6.1.3-4 Direct N20'!P227 -> 0 | Q40: ='4.6.1.3-4 Direct N20'!Q227 -> 0 | R40: ='4.6.1.3-4 Direct N20'!R227 -> 0 | S40: ='4.6.1.3-4 Direct N20'!S227 -> 0 | T40: fraction
E41: ='Input - Poultry'!$D$87 -> 0 | F41: ='4.6.1.3-4 Direct N20'!F228 -> 0 | G41: ='4.6.1.3-4 Direct N20'!G228 -> 0 | H41: ='4.6.1.3-4 Direct N20'!H228 -> 0 | I41: ='4.6.1.3-4 Direct N20'!I228 -> 0 | J41: fraction | O41: ='Input - Poultry'!$D$87 -> 0 | P41: ='4.6.1.3-4 Direct N20'!P228 -> 0 | Q41: ='4.6.1.3-4 Direct N20'!Q228 -> 0 | R41: ='4.6.1.3-4 Direct N20'!R228 -> 0 | S41: ='4.6.1.3-4 Direct N20'!S228 -> 0 | T41: fraction
D44: M1_Table_MN_leach_j_m-5 | N44: M1_Table_MN_leach_j_m-5
D45: N lost through leaching and runoff from stage 1 drylot MMS | N45: N lost through leaching and runoff from stage 1 drylot MMS
D46: Stage 1 management | E46: Stage 2 management | F46: Boars | G46: Sows | H46: Gilts | I46: Others | N46: Stage 1 management | O46: Stage 2 management | P46: Boars | Q46: Sows | R46: Gilts | S46: Others
D47: ='Input - Poultry'!$D$30 -> Belt manure removal | E47: ='Input - Poultry'!$D$38 -> Solid storage | F47: 0 | G47: 0 | H47: 0 | I47: 0 | J47: ='4.6.1.3-4 Direct N20'!J209 -> 0 | N47: ='Input - Poultry'!$D$30 -> Belt manure removal | O47: ='Input - Poultry'!$D$38 -> Solid storage | P47: 0 | Q47: 0 | R47: 0 | S47: 0 | T47: ='4.6.1.3-4 Direct N20'!T209 -> 0
E48: ='Input - Poultry'!$D$39 -> Composting (passive windrow) | F48: 0 | G48: 0 | H48: 0 | I48: 0 | J48: ='4.6.1.3-4 Direct N20'!J210 -> 0 | O48: ='Input - Poultry'!$D$39 -> Composting (passive windrow) | P48: 0 | Q48: 0 | R48: 0 | S48: 0 | T48: ='4.6.1.3-4 Direct N20'!T210 -> 0
E49: ='Input - Poultry'!$D$40 -> Digester / covered lagoons | F49: 0 | G49: 0 | H49: 0 | I49: 0 | J49: ='4.6.1.3-4 Direct N20'!J211 -> 0 | O49: ='Input - Poultry'!$D$40 -> Digester / covered lagoons | P49: 0 | Q49: 0 | R49: 0 | S49: 0 | T49: ='4.6.1.3-4 Direct N20'!T211 -> 0
D50: ='Input - Poultry'!$D$31 -> Manure stored in house | E50: ='Input - Poultry'!$D$45 -> Solid storage | F50: ='4.5.1.7-8 Leaching and runoff'!E$28 -> 0 | G50: ='4.5.1.7-8 Leaching and runoff'!F$28 -> 0 | H50: ='4.5.1.7-8 Leaching and runoff'!G$28 -> 0 | I50: ='4.5.1.7-8 Leaching and runoff'!H$28 -> 0 | J50: ='4.6.1.3-4 Direct N20'!J212 -> 0 | N50: ='Input - Poultry'!$D$31 -> Manure stored in house | O50: ='Input - Poultry'!$D$45 -> Solid storage | P50: ='4.5.1.7-8 Leaching and runoff'!N$28 -> 0 | Q50: ='4.5.1.7-8 Leaching and runoff'!O$28 -> 0 | R50: ='4.5.1.7-8 Leaching and runoff'!P$28 -> 0 | S50: ='4.5.1.7-8 Leaching and runoff'!Q$28 -> 0 | T50: ='4.6.1.3-4 Direct N20'!T212 -> 0
E51: ='Input - Poultry'!$D$46 -> Composting (passive windrow) | F51: ='4.5.1.7-8 Leaching and runoff'!E$28 -> 0 | G51: ='4.5.1.7-8 Leaching and runoff'!F$28 -> 0 | H51: ='4.5.1.7-8 Leaching and runoff'!G$28 -> 0 | I51: ='4.5.1.7-8 Leaching and runoff'!H$28 -> 0 | J51: ='4.6.1.3-4 Direct N20'!J213 -> 0 | O51: ='Input - Poultry'!$D$46 -> Composting (passive windrow) | P51: ='4.5.1.7-8 Leaching and runoff'!N$28 -> 0 | Q51: ='4.5.1.7-8 Leaching and runoff'!O$28 -> 0 | R51: ='4.5.1.7-8 Leaching and runoff'!P$28 -> 0 | S51: ='4.5.1.7-8 Leaching and runoff'!Q$28 -> 0 | T51: ='4.6.1.3-4 Direct N20'!T213 -> 0
E52: ='Input - Poultry'!$D$47 -> Digester / covered lagoons | F52: ='4.5.1.7-8 Leaching and runoff'!E$28 -> 0 | G52: ='4.5.1.7-8 Leaching and runoff'!F$28 -> 0 | H52: ='4.5.1.7-8 Leaching and runoff'!G$28 -> 0 | I52: ='4.5.1.7-8 Leaching and runoff'!H$28 -> 0 | J52: ='4.6.1.3-4 Direct N20'!J214 -> 0 | O52: ='Input - Poultry'!$D$47 -> Digester / covered lagoons | P52: ='4.5.1.7-8 Leaching and runoff'!N$28 -> 0 | Q52: ='4.5.1.7-8 Leaching and runoff'!O$28 -> 0 | R52: ='4.5.1.7-8 Leaching and runoff'!P$28 -> 0 | S52: ='4.5.1.7-8 Leaching and runoff'!Q$28 -> 0 | T52: ='4.6.1.3-4 Direct N20'!T214 -> 0
E53: ='Input - Poultry'!$D$48 -> Direct processing | F53: ='4.5.1.7-8 Leaching and runoff'!E$28 -> 0 | G53: ='4.5.1.7-8 Leaching and runoff'!F$28 -> 0 | H53: ='4.5.1.7-8 Leaching and runoff'!G$28 -> 0 | I53: ='4.5.1.7-8 Leaching and runoff'!H$28 -> 0 | J53: ='4.6.1.3-4 Direct N20'!J215 -> 0 | O53: ='Input - Poultry'!$D$48 -> Direct processing | P53: ='4.5.1.7-8 Leaching and runoff'!N$28 -> 0 | Q53: ='4.5.1.7-8 Leaching and runoff'!O$28 -> 0 | R53: ='4.5.1.7-8 Leaching and runoff'!P$28 -> 0 | S53: ='4.5.1.7-8 Leaching and runoff'!Q$28 -> 0 | T53: ='4.6.1.3-4 Direct N20'!T215 -> 0
D54: ='Input - Poultry'!$D$32 -> Pasture range and paddock | E54: ='Input - Poultry'!$D$52 -> Solid storage | F54: 0 | G54: 0 | H54: 0 | I54: 0 | J54: ='4.6.1.3-4 Direct N20'!J216 -> 0 | N54: ='Input - Poultry'!$D$32 -> Pasture range and paddock | O54: ='Input - Poultry'!$D$52 -> Solid storage | P54: 0 | Q54: 0 | R54: 0 | S54: 0 | T54: ='4.6.1.3-4 Direct N20'!T216 -> 0
E55: ='Input - Poultry'!$D$53 -> Composting (passive windrow) | F55: 0 | G55: 0 | H55: 0 | I55: 0 | J55: ='4.6.1.3-4 Direct N20'!J217 -> 0 | O55: ='Input - Poultry'!$D$53 -> Composting (passive windrow) | P55: 0 | Q55: 0 | R55: 0 | S55: 0 | T55: ='4.6.1.3-4 Direct N20'!T217 -> 0
E56: ='Input - Poultry'!$D$54 -> Digester / covered lagoons | F56: 0 | G56: 0 | H56: 0 | I56: 0 | J56: ='4.6.1.3-4 Direct N20'!J218 -> 0 | O56: ='Input - Poultry'!$D$54 -> Digester / covered lagoons | P56: 0 | Q56: 0 | R56: 0 | S56: 0 | T56: ='4.6.1.3-4 Direct N20'!T218 -> 0
D57: ='Input - Poultry'!$D$33 -> No MMS | E57: ='Input - Poultry'!#REF! -> #REF! | F57: 0 | G57: 0 | H57: 0 | I57: 0 | J57: ='4.6.1.3-4 Direct N20'!J219 -> 0 | N57: ='Input - Poultry'!$D$33 -> No MMS | O57: ='Input - Poultry'!#REF! -> #REF! | P57: 0 | Q57: 0 | R57: 0 | S57: 0 | T57: ='4.6.1.3-4 Direct N20'!T219 -> 0
E58: ='Input - Poultry'!$D$71 -> 0 | F58: 0 | G58: 0 | H58: 0 | I58: 0 | J58: ='4.6.1.3-4 Direct N20'!J220 -> 0 | O58: ='Input - Poultry'!$D$71 -> 0 | P58: 0 | Q58: 0 | R58: 0 | S58: 0 | T58: ='4.6.1.3-4 Direct N20'!T220 -> 0
E59: ='Input - Poultry'!$D$72 -> 0 | F59: 0 | G59: 0 | H59: 0 | I59: 0 | J59: ='4.6.1.3-4 Direct N20'!J221 -> 0 | O59: ='Input - Poultry'!$D$72 -> 0 | P59: 0 | Q59: 0 | R59: 0 | S59: 0 | T59: ='4.6.1.3-4 Direct N20'!T221 -> 0
D60: ='Input - Poultry'!#REF! -> #REF! | E60: ='Input - Poultry'!$D$77 -> 0 | F60: 0 | G60: 0 | H60: 0 | I60: 0 | J60: ='4.6.1.3-4 Direct N20'!J222 -> 0 | N60: ='Input - Poultry'!#REF! -> #REF! | O60: ='Input - Poultry'!$D$77 -> 0 | P60: 0 | Q60: 0 | R60: 0 | S60: 0 | T60: ='4.6.1.3-4 Direct N20'!T222 -> 0
E61: ='Input - Poultry'!$D$78 -> 0 | F61: 0 | G61: 0 | H61: 0 | I61: 0 | J61: ='4.6.1.3-4 Direct N20'!J223 -> 0 | O61: ='Input - Poultry'!$D$78 -> 0 | P61: 0 | Q61: 0 | R61: 0 | S61: 0 | T61: ='4.6.1.3-4 Direct N20'!T223 -> 0
E62: ='Input - Poultry'!$D$79 -> 0 | F62: 0 | G62: 0 | H62: 0 | I62: 0 | J62: ='4.6.1.3-4 Direct N20'!J224 -> 0 | O62: ='Input - Poultry'!$D$79 -> 0 | P62: 0 | Q62: 0 | R62: 0 | S62: 0 | T62: ='4.6.1.3-4 Direct N20'!T224 -> 0
D63: ='Input - Poultry'!#REF! -> #REF! | E63: ='Input - Poultry'!$D$84 -> 0 | F63: 0 | G63: 0 | H63: 0 | I63: 0 | J63: ='4.6.1.3-4 Direct N20'!J225 -> 0 | N63: ='Input - Poultry'!#REF! -> #REF! | O63: ='Input - Poultry'!$D$84 -> 0 | P63: 0 | Q63: 0 | R63: 0 | S63: 0 | T63: ='4.6.1.3-4 Direct N20'!T225 -> 0
E64: ='Input - Poultry'!$D$85 -> 0 | F64: 0 | G64: 0 | H64: 0 | I64: 0 | J64: ='4.6.1.3-4 Direct N20'!J226 -> 0 | O64: ='Input - Poultry'!$D$85 -> 0 | P64: 0 | Q64: 0 | R64: 0 | S64: 0 | T64: ='4.6.1.3-4 Direct N20'!T226 -> 0
E65: ='Input - Poultry'!$D$86 -> 0 | F65: 0 | G65: 0 | H65: 0 | I65: 0 | J65: ='4.6.1.3-4 Direct N20'!J227 -> 0 | O65: ='Input - Poultry'!$D$86 -> 0 | P65: 0 | Q65: 0 | R65: 0 | S65: 0 | T65: ='4.6.1.3-4 Direct N20'!T227 -> 0
E66: ='Input - Poultry'!$D$87 -> 0 | F66: 0 | G66: 0 | H66: 0 | I66: 0 | J66: ='4.6.1.3-4 Direct N20'!J228 -> 0 | O66: ='Input - Poultry'!$D$87 -> 0 | P66: 0 | Q66: 0 | R66: 0 | S66: 0 | T66: ='4.6.1.3-4 Direct N20'!T228 -> 0
D68: M1_Table_PF
D69: Fraction of manure applied to soil (Method 1)
D70: Stage 1 management | E70: Stage 2 management | F70: PF
D71: ='Input - Poultry'!$D$30 -> Belt manure removal | E71: ='Input - Poultry'!$D$38 -> Solid storage | F71: ='Input - Poultry'!K38+'Input - Poultry'!L38 -> 0.75 | G71: fraction
E72: ='Input - Poultry'!$D$39 -> Composting (passive windrow) | F72: ='Input - Poultry'!K39+'Input - Poultry'!L39 -> 0.75 | G72: fraction
E73: ='Input - Poultry'!$D$40 -> Digester / covered lagoons | F73: ='Input - Poultry'!K40+'Input - Poultry'!L40 -> 0.75 | G73: fraction
D74: ='Input - Poultry'!$D$31 -> Manure stored in house | E74: ='Input - Poultry'!$D$45 -> Solid storage | F74: ='Input - Poultry'!K45+'Input - Poultry'!L45 -> 0.75 | G74: fraction
E75: ='Input - Poultry'!$D$46 -> Composting (passive windrow) | F75: ='Input - Poultry'!K46+'Input - Poultry'!L46 -> 0.75 | G75: fraction
E76: ='Input - Poultry'!$D$47 -> Digester / covered lagoons | F76: ='Input - Poultry'!K47+'Input - Poultry'!L47 -> 0.75 | G76: fraction
E77: ='Input - Poultry'!$D$48 -> Direct processing | F77: ='Input - Poultry'!K48+'Input - Poultry'!L48 -> 0.75 | G77: fraction
D78: ='Input - Poultry'!$D$32 -> Pasture range and paddock | E78: ='Input - Poultry'!$D$52 -> Solid storage | F78: ='Input - Poultry'!K52+'Input - Poultry'!L52 -> 0.75 | G78: fraction
E79: ='Input - Poultry'!$D$53 -> Composting (passive windrow) | F79: ='Input - Poultry'!K53+'Input - Poultry'!L53 -> 0.75 | G79: fraction
E80: ='Input - Poultry'!$D$54 -> Digester / covered lagoons | F80: ='Input - Poultry'!K54+'Input - Poultry'!L54 -> 0.75 | G80: fraction
D81: ='Input - Poultry'!$D$33 -> No MMS | E81: ='Input - Poultry'!#REF! -> #REF! | F81: ='Input - Poultry'!K60+'Input - Poultry'!L60 -> 0 | G81: fraction
E82: ='Input - Poultry'!$D$71 -> 0 | F82: ='Input - Poultry'!K71+'Input - Poultry'!L71 -> 0 | G82: fraction
E83: ='Input - Poultry'!$D$72 -> 0 | F83: ='Input - Poultry'!K72+'Input - Poultry'!L72 -> 0 | G83: fraction
D84: ='Input - Poultry'!#REF! -> #REF! | E84: ='Input - Poultry'!$D$77 -> 0 | F84: ='Input - Poultry'!K77+'Input - Poultry'!L77 -> 0 | G84: fraction
E85: ='Input - Poultry'!$D$78 -> 0 | F85: ='Input - Poultry'!K78+'Input - Poultry'!L78 -> 0 | G85: fraction
E86: ='Input - Poultry'!$D$79 -> 0 | F86: ='Input - Poultry'!K79+'Input - Poultry'!L79 -> 0 | G86: fraction
D87: ='Input - Poultry'!#REF! -> #REF! | E87: ='Input - Poultry'!$D$84 -> 0 | F87: ='Input - Poultry'!K84+'Input - Poultry'!L84 -> 0 | G87: fraction
E88: ='Input - Poultry'!$D$85 -> 0 | F88: ='Input - Poultry'!K85+'Input - Poultry'!L85 -> 0 | G88: fraction
E89: ='Input - Poultry'!$D$86 -> 0 | F89: ='Input - Poultry'!K86+'Input - Poultry'!L86 -> 0 | G89: fraction
E90: ='Input - Poultry'!$D$87 -> 0 | F90: ='Input - Poultry'!K87+'Input - Poultry'!L87 -> 0 | G90: fraction
D92: Table_FracGASM_m_t
D93: Fraction of N volatilised from MMS
D94: Stage 1 management | E94: FracGASMm
D95: ='Input - Poultry'!$D$30 -> Belt manure removal | E95: {=Common_InputFunctions.Utility_LookupValueInTableNumber(D95, #REF!,#REF!)} -> 0
D96: ='Input - Poultry'!$D$31 -> Manure stored in house | E96: {=Common_InputFunctions.Utility_LookupValueInTableNumber(D96, #REF!,#REF!)} -> 0
D97: ='Input - Poultry'!$D$32 -> Pasture range and paddock | E97: {=Common_InputFunctions.Utility_LookupValueInTableNumber(D97, #REF!,#REF!)} -> 0
D98: ='Input - Poultry'!$D$33 -> No MMS | E98: {=Common_InputFunctions.Utility_LookupValueInTableNumber(D98, #REF!,#REF!)} -> 0
D99: ='Input - Poultry'!#REF! -> #REF! | E99: {=Common_InputFunctions.Utility_LookupValueInTableNumber(D99, #REF!,#REF!)} -> 0
D100: ='Input - Poultry'!#REF! -> #REF! | E100: {=Common_InputFunctions.Utility_LookupValueInTableNumber(D100, #REF!,#REF!)} -> 0
D102: Table_EF_m_T
D103: Nitrous oxide emissions factor for MMS
D104: MMS | E104: EF
D105: ='Input - Poultry'!$D$30 -> Belt manure removal | E105: {=Common_InputFunctions.Utility_LookupValueInTableNumber(D105, #REF!,#REF!)} -> 0
D106: ='Input - Poultry'!$D$31 -> Manure stored in house | E106: {=Common_InputFunctions.Utility_LookupValueInTableNumber(D106, #REF!,#REF!)} -> 0
...

Sheet Constants - Poultry
A1: #VALUE! | C1: Constants - Poultry
A3: =HYPERLINK("#'Home'!A1", "Home") -> Home
A4: =HYPERLINK("#'Results'!A1", "Results") -> Results
D5: {=SourceData_Poultry.SourceData_Poultry_DietProperties_Title()} -> Poultry - Diet properties
A6: INPUTS | D6: {=SourceData_Poultry.SourceData_Poultry_DietProperties_Source()} -> VEERG 2026: Table A.1.7.1: Poultry - Diet properties
A7: =HYPERLINK("#'Input - Site'!A1", "Site") -> Site
A8: =HYPERLINK("#'Input - Swine'!A1", "Swine") -> Swine | D8: Nutrient analysis | E8: Layers | F8: Meat chicken growers | G8: Meat chicken breeder | H8: Meat other
D9: {=Common_InputFunctions.Utility_DisplayArrayInTable(SourceData_Poultry.SourceData_Poultry_DietProperties_Data(), Table_SourceData_Poultry_DietProperties[[#Headers],[Nutrient analysis]], 0)} -> Dry matter intake (kg/head/day) | E9: {=Common_InputFunctions.Utility_DisplayArrayInTable(SourceData_Poultry.SourceData_Poultry_DietProperties_Data(), Table_SourceData_Poultry_DietProperties[[#Headers],[Nutrient analysis]], 0)} -> 0.086 | F9: {=Common_InputFunctions.Utility_DisplayArrayInTable(SourceData_Poultry.SourceData_Poultry_DietProperties_Data(), Table_SourceData_Poultry_DietProperties[[#Headers],[Nutrient analysis]], 0)} -> 0.093 | G9: {=Common_InputFunctions.Utility_DisplayArrayInTable(SourceData_Poultry.SourceData_Poultry_DietProperties_Data(), Table_SourceData_Poultry_DietProperties[[#Headers],[Nutrient analysis]], 0)} -> 0.103 | H9: {=Common_InputFunctions.Utility_DisplayArrayInTable(SourceData_Poultry.SourceData_Poultry_DietProperties_Data(), Table_SourceData_Poultry_DietProperties[[#Headers],[Nutrient analysis]], 0)} -> 0.093
A10: CALCULATIONS | D10: {=Common_InputFunctions.Utility_DisplayArrayInTable(SourceData_Poultry.SourceData_Poultry_DietProperties_Data(), Table_SourceData_Poultry_DietProperties[[#Headers],[Nutrient analysis]], 0)} -> Dry matter digestibility | E10: {=Common_InputFunctions.Utility_DisplayArrayInTable(SourceData_Poultry.SourceData_Poultry_DietProperties_Data(), Table_SourceData_Poultry_DietProperties[[#Headers],[Nutrient analysis]], 0)} -> 0.8 | F10: {=Common_InputFunctions.Utility_DisplayArrayInTable(SourceData_Poultry.SourceData_Poultry_DietProperties_Data(), Table_SourceData_Poultry_DietProperties[[#Headers],[Nutrient analysis]], 0)} -> 0.8 | G10: {=Common_InputFunctions.Utility_DisplayArrayInTable(SourceData_Poultry.SourceData_Poultry_DietProperties_Data(), Table_SourceData_Poultry_DietProperties[[#Headers],[Nutrient analysis]], 0)} -> 0.8 | H10: {=Common_InputFunctions.Utility_DisplayArrayInTable(SourceData_Poultry.SourceData_Poultry_DietProperties_Data(), Table_SourceData_Poultry_DietProperties[[#Headers],[Nutrient analysis]], 0)} -> 0.8
A11: =HYPERLINK("#'4.5.1.1-2 Methane'!A1", "4.5.1.1-2 Methane") -> 4.5.1.1-2 Methane | D11: {=Common_InputFunctions.Utility_DisplayArrayInTable(SourceData_Poultry.SourceData_Poultry_DietProperties_Data(), Table_SourceData_Poultry_DietProperties[[#Headers],[Nutrient analysis]], 0)} -> Crude protein | E11: {=Common_InputFunctions.Utility_DisplayArrayInTable(SourceData_Poultry.SourceData_Poultry_DietProperties_Data(), Table_SourceData_Poultry_DietProperties[[#Headers],[Nutrient analysis]], 0)} -> 0.19 | F11: {=Common_InputFunctions.Utility_DisplayArrayInTable(SourceData_Poultry.SourceData_Poultry_DietProperties_Data(), Table_SourceData_Poultry_DietProperties[[#Headers],[Nutrient analysis]], 0)} -> 0.23 | G11: {=Common_InputFunctions.Utility_DisplayArrayInTable(SourceData_Poultry.SourceData_Poultry_DietProperties_Data(), Table_SourceData_Poultry_DietProperties[[#Headers],[Nutrient analysis]], 0)} -> 0.19 | H11: {=Common_InputFunctions.Utility_DisplayArrayInTable(SourceData_Poultry.SourceData_Poultry_DietProperties_Data(), Table_SourceData_Poultry_DietProperties[[#Headers],[Nutrient analysis]], 0)} -> 0.23
A12: =HYPERLINK("#'4.5.1.3-4 Direct N20'!A1", "4.5.1.3-4 Direct N2O") -> 4.5.1.3-4 Direct N2O | D12: {=Common_InputFunctions.Utility_DisplayArrayInTable(SourceData_Poultry.SourceData_Poultry_DietProperties_Data(), Table_SourceData_Poultry_DietProperties[[#Headers],[Nutrient analysis]], 0)} -> Nitrogen retention rate | E12: {=Common_InputFunctions.Utility_DisplayArrayInTable(SourceData_Poultry.SourceData_Poultry_DietProperties_Data(), Table_SourceData_Poultry_DietProperties[[#Headers],[Nutrient analysis]], 0)} -> 0.35 | F12: {=Common_InputFunctions.Utility_DisplayArrayInTable(SourceData_Poultry.SourceData_Poultry_DietProperties_Data(), Table_SourceData_Poultry_DietProperties[[#Headers],[Nutrient analysis]], 0)} -> 0.47 | G12: {=Common_InputFunctions.Utility_DisplayArrayInTable(SourceData_Poultry.SourceData_Poultry_DietProperties_Data(), Table_SourceData_Poultry_DietProperties[[#Headers],[Nutrient analysis]], 0)} -> 0.32 | H12: {=Common_InputFunctions.Utility_DisplayArrayInTable(SourceData_Poultry.SourceData_Poultry_DietProperties_Data(), Table_SourceData_Poultry_DietProperties[[#Headers],[Nutrient analysis]], 0)} -> 0.47
A13: =HYPERLINK("#'4.5.1.5-6 Atmos Dep'!A1", "4.5.1.5-6 Soil atm. deposition") -> 4.5.1.5-6 Soil atm. deposition | D13: {=Common_InputFunctions.Utility_DisplayArrayInTable(SourceData_Poultry.SourceData_Poultry_DietProperties_Data(), Table_SourceData_Poultry_DietProperties[[#Headers],[Nutrient analysis]], 0)} -> Manure ash | E13: {=Common_InputFunctions.Utility_DisplayArrayInTable(SourceData_Poultry.SourceData_Poultry_DietProperties_Data(), Table_SourceData_Poultry_DietProperties[[#Headers],[Nutrient analysis]], 0)} -> 0.18 | F13: {=Common_InputFunctions.Utility_DisplayArrayInTable(SourceData_Poultry.SourceData_Poultry_DietProperties_Data(), Table_SourceData_Poultry_DietProperties[[#Headers],[Nutrient analysis]], 0)} -> 0.15 | G13: {=Common_InputFunctions.Utility_DisplayArrayInTable(SourceData_Poultry.SourceData_Poultry_DietProperties_Data(), Table_SourceData_Poultry_DietProperties[[#Headers],[Nutrient analysis]], 0)} -> 0.18 | H13: {=Common_InputFunctions.Utility_DisplayArrayInTable(SourceData_Poultry.SourceData_Poultry_DietProperties_Data(), Table_SourceData_Poultry_DietProperties[[#Headers],[Nutrient analysis]], 0)} -> 0.15
A14: =HYPERLINK("#'4.5.1.7-8 Leaching and runoff'!A1", "4.5.1.7-8 Leaching & runoff") -> 4.5.1.7-8 Leaching & runoff
A15: =HYPERLINK("#'4.5.1.9 Manure applied to soils'!A1", "4.5.1.9 Manure applied to soils") -> 4.5.1.9 Manure applied to soils
A17: APPENDICES | D17: {=SourceData_Poultry.SourceData_Poultry_MethaneEmissionsPotential_Title()} -> Poultry - Methane emissions potential per class
A18: =HYPERLINK("#'Constants - Swine'!A1", "Constants - Swine") -> Constants - Swine | D18: {=SourceData_Poultry.SourceData_Poultry_MethaneEmissionsPotential_Source()} -> VEERG 2026: 4.6.2.3 CONSTANT: Poultry - Methane emissions potential per class
A19: =HYPERLINK("#'Constants - Livestock'!A1", "Constants - Livestock") -> Constants - Livestock | D19: Poultry class | E19: B0
A20: =HYPERLINK("#'Constants - Common'!A1", "Constants - Common") -> Constants - Common | D20: {=Common_InputFunctions.Utility_DisplayArrayInTable(SourceData_Poultry.SourceData_Poultry_MethaneEmissionsPotential_Data(), Table_SourceData_Poultry_MethaneEmissionsPotential[[#Headers],[Poultry class]], 0)} -> Layers | E20: {=Common_InputFunctions.Utility_DisplayArrayInTable(SourceData_Poultry.SourceData_Poultry_MethaneEmissionsPotential_Data(), Table_SourceData_Poultry_MethaneEmissionsPotential[[#Headers],[Poultry class]], 0)} -> 0.39
A21: =HYPERLINK("#'Acknowledgements'!A1", "Acknowledgements") -> Acknowledgements | D21: {=Common_InputFunctions.Utility_DisplayArrayInTable(SourceData_Poultry.SourceData_Poultry_MethaneEmissionsPotential_Data(), Table_SourceData_Poultry_MethaneEmissionsPotential[[#Headers],[Poultry class]], 0)} -> Meat chickens | E21: {=Common_InputFunctions.Utility_DisplayArrayInTable(SourceData_Poultry.SourceData_Poultry_MethaneEmissionsPotential_Data(), Table_SourceData_Poultry_MethaneEmissionsPotential[[#Headers],[Poultry class]], 0)} -> 0.36
D26: Poultry manure management systems | G26: Poultry manure management systems - Stage 1 | J26: Poultry manure management systems - Stage 2
D28: MMS | E28: Symbol and MMS | G28: MMS | H28: Symbol and MMS | J28: MMS | K28: Symbol and MMS
D29: ='[1]Constants - Livestock'!$E$21 -> Poultry manure with bedding | E29: ='[1]Constants - Livestock'!$F$21 -> Poultry manure with bedding (m=10) | G29: ='[1]Constants - Livestock'!$E$21 -> Poultry manure with bedding | H29: ='[1]Constants - Livestock'!$F$21 -> Poultry manure with bedding (m=10) | J29: ='[1]Constants - Livestock'!$E$15 -> Solid storage | K29: ='[1]Constants - Livestock'!$F$15 -> Solid storage (m=4)
D30: ='[1]Constants - Livestock'!$E$23 -> Belt manure removal | E30: ='[1]Constants - Livestock'!$F$23 -> Belt manure removal (m=11a) | G30: ='[1]Constants - Livestock'!$E$23 -> Belt manure removal | H30: ='[1]Constants - Livestock'!$F$23 -> Belt manure removal (m=11a) | J30: ='[1]Constants - Livestock'!$E$17 -> Composting (passive windrow) | K30: ='[1]Constants - Livestock'!$F$17 -> Composting (passive windrow) (m=6)
D31: ='[1]Constants - Livestock'!$E$24 -> Manure stored in house | E31: ='[1]Constants - Livestock'!$F$24 -> Manure stored in house (m=11b) | G31: ='[1]Constants - Livestock'!$E$24 -> Manure stored in house | H31: ='[1]Constants - Livestock'!$F$24 -> Manure stored in house (m=11b) | J31: ='[1]Constants - Livestock'!$E$18 -> Digester / covered lagoons | K31: ='[1]Constants - Livestock'!$F$18 -> Digester / covered lagoons (m=7)
D32: ='[1]Constants - Livestock'!$E$27 -> Pasture range and paddock | E32: ='[1]Constants - Livestock'!$F$27 -> Pasture range and paddock (m=14) | G32: ='[1]Constants - Livestock'!$E$27 -> Pasture range and paddock | H32: ='[1]Constants - Livestock'!$F$27 -> Pasture range and paddock (m=14) | J32: ='[1]Constants - Livestock'!$E$25 -> Direct processing | K32: ='[1]Constants - Livestock'!$F$25 -> Direct processing (m=12)
D33: ='[1]Constants - Livestock'!$E$15 -> Solid storage | E33: ='[1]Constants - Livestock'!$F$15 -> Solid storage (m=4) | G33: No MMS | H33: No MMS | J33: ='[1]Constants - Livestock'!$E$26 -> Direct application | K33: ='[1]Constants - Livestock'!$F$26 -> Direct application (m=13)
D34: ='[1]Constants - Livestock'!$E$17 -> Composting (passive windrow) | E34: ='[1]Constants - Livestock'!$F$17 -> Composting (passive windrow) (m=6) | J34: No MMS | K34: No MMS
D35: ='[1]Constants - Livestock'!$E$18 -> Digester / covered lagoons | E35: ='[1]Constants - Livestock'!$F$18 -> Digester / covered lagoons (m=7)
D36: ='[1]Constants - Livestock'!$E$25 -> Direct processing | E36: ='[1]Constants - Livestock'!$F$25 -> Direct processing (m=12)
D37: ='[1]Constants - Livestock'!$E$26 -> Direct application | E37: ='[1]Constants - Livestock'!$F$26 -> Direct application (m=13)
D38: No MMS | E38: No MMS
D42: Poultry production systems
D44: Production system
D45: {=Common_InputFunctions.Utility_DisplayArrayInTable(SourceData_Poultry.SourceData_Poultry_ProductionSystems_Data(), Table_SourceData_Poultry_ProductionSystems[[#Headers],[Production system]], 0)} -> Free range
D46: {=Common_InputFunctions.Utility_DisplayArrayInTable(SourceData_Poultry.SourceData_Poultry_ProductionSystems_Data(), Table_SourceData_Poultry_ProductionSystems[[#Headers],[Production system]], 0)} -> Barn
D47: {=Common_InputFunctions.Utility_DisplayArrayInTable(SourceData_Poultry.SourceData_Poultry_ProductionSystems_Data(), Table_SourceData_Poultry_ProductionSystems[[#Headers],[Production system]], 0)} -> Cage
D51: {=SourceData_Poultry.SourceData_Poultry_MCF_Title()} -> Poultry - MCFs
D52: {=SourceData_Poultry.SourceData_Poultry_MCF_Source()} -> VEERG 2026: Table A.1.7.4: Poultry - MCFs
D53: {=SourceData_Poultry.SourceData_Poultry_MCF_Variation()} -> VARIATION ON SOURCE:
D54: Split NSW and ACT into separate states. Split QLD and NT into separate states.
D55: Included values for each state when 'All states' value is given.
D56: Added 'NIR definition' column with MMS names that match NIR definitions.
D57: Duplicated 'Poultry manure without litter' row for NIR MMS 'Belt manure removal' and 'Manure stored in house'
D59: MMS m | E59: All states | F59: NSW | G59: ACT | H59: QLD | I59: NT | J59: VIC | K59: SA | L59: WA | M59: TAS | N59: NIR definition
D60: {=Common_InputFunctions.Utility_DisplayArrayInTable(SourceData_Poultry.SourceData_Poultry_MCF_Data(), Table_SourceData_Poultry_MMSMCF[[#Headers],[MMS m]], 0)} -> Poultry manure with litter | E60: {=Common_InputFunctions.Utility_DisplayArrayInTable(SourceData_Poultry.SourceData_Poultry_MCF_Data(), Table_SourceData_Poultry_MMSMCF[[#Headers],[MMS m]], 0)} -> 0.015 | F60: {=Common_InputFunctions.Utility_DisplayArrayInTable(SourceData_Poultry.SourceData_Poultry_MCF_Data(), Table_SourceData_Poultry_MMSMCF[[#Headers],[MMS m]], 0)} -> 0.015 | G60: {=Common_InputFunctions.Utility_DisplayArrayInTable(SourceData_Poultry.SourceData_Poultry_MCF_Data(), Table_SourceData_Poultry_MMSMCF[[#Headers],[MMS m]], 0)} -> 0.015 | H60: {=Common_InputFunctions.Utility_DisplayArrayInTable(SourceData_Poultry.SourceData_Poultry_MCF_Data(), Table_SourceData_Poultry_MMSMCF[[#Headers],[MMS m]], 0)} -> 0.015 | I60: {=Common_InputFunctions.Utility_DisplayArrayInTable(SourceData_Poultry.SourceData_Poultry_MCF_Data(), Table_SourceData_Poultry_MMSMCF[[#Headers],[MMS m]], 0)} -> 0.015 | J60: {=Common_InputFunctions.Utility_DisplayArrayInTable(SourceData_Poultry.SourceData_Poultry_MCF_Data(), Table_SourceData_Poultry_MMSMCF[[#Headers],[MMS m]], 0)} -> 0.015 | K60: {=Common_InputFunctions.Utility_DisplayArrayInTable(SourceData_Poultry.SourceData_Poultry_MCF_Data(), Table_SourceData_Poultry_MMSMCF[[#Headers],[MMS m]], 0)} -> 0.015 | ... N60: {=Common_InputFunctions.Utility_DisplayArrayInTable(SourceData_Poultry.SourceData_Poultry_MCF_Data(), Table_SourceData_Poultry_MMSMCF[[#Headers],[MMS m]], 0)} -> Poultry manure with bedding
D61: {=Common_InputFunctions.Utility_DisplayArrayInTable(SourceData_Poultry.SourceData_Poultry_MCF_Data(), Table_SourceData_Poultry_MMSMCF[[#Headers],[MMS m]], 0)} -> Poultry manure without litter | E61: {=Common_InputFunctions.Utility_DisplayArrayInTable(SourceData_Poultry.SourceData_Poultry_MCF_Data(), Table_SourceData_Poultry_MMSMCF[[#Headers],[MMS m]], 0)} -> 0.015 | F61: {=Common_InputFunctions.Utility_DisplayArrayInTable(SourceData_Poultry.SourceData_Poultry_MCF_Data(), Table_SourceData_Poultry_MMSMCF[[#Headers],[MMS m]], 0)} -> 0.015 | G61: {=Common_InputFunctions.Utility_DisplayArrayInTable(SourceData_Poultry.SourceData_Poultry_MCF_Data(), Table_SourceData_Poultry_MMSMCF[[#Headers],[MMS m]], 0)} -> 0.015 | H61: {=Common_InputFunctions.Utility_DisplayArrayInTable(SourceData_Poultry.SourceData_Poultry_MCF_Data(), Table_SourceData_Poultry_MMSMCF[[#Headers],[MMS m]], 0)} -> 0.015 | I61: {=Common_InputFunctions.Utility_DisplayArrayInTable(SourceData_Poultry.SourceData_Poultry_MCF_Data(), Table_SourceData_Poultry_MMSMCF[[#Headers],[MMS m]], 0)} -> 0.015 | J61: {=Common_InputFunctions.Utility_DisplayArrayInTable(SourceData_Poultry.SourceData_Poultry_MCF_Data(), Table_SourceData_Poultry_MMSMCF[[#Headers],[MMS m]], 0)} -> 0.015 | K61: {=Common_InputFunctions.Utility_DisplayArrayInTable(SourceData_Poultry.SourceData_Poultry_MCF_Data(), Table_SourceData_Poultry_MMSMCF[[#Headers],[MMS m]], 0)} -> 0.015 | ... N61: {=Common_InputFunctions.Utility_DisplayArrayInTable(SourceData_Poultry.SourceData_Poultry_MCF_Data(), Table_SourceData_Poultry_MMSMCF[[#Headers],[MMS m]], 0)} -> Belt manure removal
D62: {=Common_InputFunctions.Utility_DisplayArrayInTable(SourceData_Poultry.SourceData_Poultry_MCF_Data(), Table_SourceData_Poultry_MMSMCF[[#Headers],[MMS m]], 0)} -> Poultry manure without litter | E62: {=Common_InputFunctions.Utility_DisplayArrayInTable(SourceData_Poultry.SourceData_Poultry_MCF_Data(), Table_SourceData_Poultry_MMSMCF[[#Headers],[MMS m]], 0)} -> 0.015 | F62: {=Common_InputFunctions.Utility_DisplayArrayInTable(SourceData_Poultry.SourceData_Poultry_MCF_Data(), Table_SourceData_Poultry_MMSMCF[[#Headers],[MMS m]], 0)} -> 0.015 | G62: {=Common_InputFunctions.Utility_DisplayArrayInTable(SourceData_Poultry.SourceData_Poultry_MCF_Data(), Table_SourceData_Poultry_MMSMCF[[#Headers],[MMS m]], 0)} -> 0.015 | H62: {=Common_InputFunctions.Utility_DisplayArrayInTable(SourceData_Poultry.SourceData_Poultry_MCF_Data(), Table_SourceData_Poultry_MMSMCF[[#Headers],[MMS m]], 0)} -> 0.015 | I62: {=Common_InputFunctions.Utility_DisplayArrayInTable(SourceData_Poultry.SourceData_Poultry_MCF_Data(), Table_SourceData_Poultry_MMSMCF[[#Headers],[MMS m]], 0)} -> 0.015 | J62: {=Common_InputFunctions.Utility_DisplayArrayInTable(SourceData_Poultry.SourceData_Poultry_MCF_Data(), Table_SourceData_Poultry_MMSMCF[[#Headers],[MMS m]], 0)} -> 0.015 | K62: {=Common_InputFunctions.Utility_DisplayArrayInTable(SourceData_Poultry.SourceData_Poultry_MCF_Data(), Table_SourceData_Poultry_MMSMCF[[#Headers],[MMS m]], 0)} -> 0.015 | ... N62: {=Common_InputFunctions.Utility_DisplayArrayInTable(SourceData_Poultry.SourceData_Poultry_MCF_Data(), Table_SourceData_Poultry_MMSMCF[[#Headers],[MMS m]], 0)} -> Manure stored in house
D63: {=Common_InputFunctions.Utility_DisplayArrayInTable(SourceData_Poultry.SourceData_Poultry_MCF_Data(), Table_SourceData_Poultry_MMSMCF[[#Headers],[MMS m]], 0)} -> Pasture range and paddock | E63: {=Common_InputFunctions.Utility_DisplayArrayInTable(SourceData_Poultry.SourceData_Poultry_MCF_Data(), Table_SourceData_Poultry_MMSMCF[[#Headers],[MMS m]], 0)} -> n/a | F63: {=Common_InputFunctions.Utility_DisplayArrayInTable(SourceData_Poultry.SourceData_Poultry_MCF_Data(), Table_SourceData_Poultry_MMSMCF[[#Headers],[MMS m]], 0)} -> 0.01 | G63: {=Common_InputFunctions.Utility_DisplayArrayInTable(SourceData_Poultry.SourceData_Poultry_MCF_Data(), Table_SourceData_Poultry_MMSMCF[[#Headers],[MMS m]], 0)} -> 0.01 | H63: {=Common_InputFunctions.Utility_DisplayArrayInTable(SourceData_Poultry.SourceData_Poultry_MCF_Data(), Table_SourceData_Poultry_MMSMCF[[#Headers],[MMS m]], 0)} -> 0.03 | I63: {=Common_InputFunctions.Utility_DisplayArrayInTable(SourceData_Poultry.SourceData_Poultry_MCF_Data(), Table_SourceData_Poultry_MMSMCF[[#Headers],[MMS m]], 0)} -> 0.03 | J63: {=Common_InputFunctions.Utility_DisplayArrayInTable(SourceData_Poultry.SourceData_Poultry_MCF_Data(), Table_SourceData_Poultry_MMSMCF[[#Headers],[MMS m]], 0)} -> 0.01 | K63: {=Common_InputFunctions.Utility_DisplayArrayInTable(SourceData_Poultry.SourceData_Poultry_MCF_Data(), Table_SourceData_Poultry_MMSMCF[[#Headers],[MMS m]], 0)} -> 0.01 | ... N63: {=Common_InputFunctions.Utility_DisplayArrayInTable(SourceData_Poultry.SourceData_Poultry_MCF_Data(), Table_SourceData_Poultry_MMSMCF[[#Headers],[MMS m]], 0)} -> Pasture range and paddock
D64: {=Common_InputFunctions.Utility_DisplayArrayInTable(SourceData_Poultry.SourceData_Poultry_MCF_Data(), Table_SourceData_Poultry_MMSMCF[[#Headers],[MMS m]], 0)} -> Solid storage | E64: {=Common_InputFunctions.Utility_DisplayArrayInTable(SourceData_Poultry.SourceData_Poultry_MCF_Data(), Table_SourceData_Poultry_MMSMCF[[#Headers],[MMS m]], 0)} -> 0.02 | F64: {=Common_InputFunctions.Utility_DisplayArrayInTable(SourceData_Poultry.SourceData_Poultry_MCF_Data(), Table_SourceData_Poultry_MMSMCF[[#Headers],[MMS m]], 0)} -> 0.02 | G64: {=Common_InputFunctions.Utility_DisplayArrayInTable(SourceData_Poultry.SourceData_Poultry_MCF_Data(), Table_SourceData_Poultry_MMSMCF[[#Headers],[MMS m]], 0)} -> 0.02 | H64: {=Common_InputFunctions.Utility_DisplayArrayInTable(SourceData_Poultry.SourceData_Poultry_MCF_Data(), Table_SourceData_Poultry_MMSMCF[[#Headers],[MMS m]], 0)} -> 0.02 | I64: {=Common_InputFunctions.Utility_DisplayArrayInTable(SourceData_Poultry.SourceData_Poultry_MCF_Data(), Table_SourceData_Poultry_MMSMCF[[#Headers],[MMS m]], 0)} -> 0.02 | J64: {=Common_InputFunctions.Utility_DisplayArrayInTable(SourceData_Poultry.SourceData_Poultry_MCF_Data(), Table_SourceData_Poultry_MMSMCF[[#Headers],[MMS m]], 0)} -> 0.02 | K64: {=Common_InputFunctions.Utility_DisplayArrayInTable(SourceData_Poultry.SourceData_Poultry_MCF_Data(), Table_SourceData_Poultry_MMSMCF[[#Headers],[MMS m]], 0)} -> 0.02 | ... N64: {=Common_InputFunctions.Utility_DisplayArrayInTable(SourceData_Poultry.SourceData_Poultry_MCF_Data(), Table_SourceData_Poultry_MMSMCF[[#Headers],[MMS m]], 0)} -> Solid storage
D65: {=Common_InputFunctions.Utility_DisplayArrayInTable(SourceData_Poultry.SourceData_Poultry_MCF_Data(), Table_SourceData_Poultry_MMSMCF[[#Headers],[MMS m]], 0)} -> Composting (passive windrow) | E65: {=Common_InputFunctions.Utility_DisplayArrayInTable(SourceData_Poultry.SourceData_Poultry_MCF_Data(), Table_SourceData_Poultry_MMSMCF[[#Headers],[MMS m]], 0)} -> n/a | F65: {=Common_InputFunctions.Utility_DisplayArrayInTable(SourceData_Poultry.SourceData_Poultry_MCF_Data(), Table_SourceData_Poultry_MMSMCF[[#Headers],[MMS m]], 0)} -> 0.01 | G65: {=Common_InputFunctions.Utility_DisplayArrayInTable(SourceData_Poultry.SourceData_Poultry_MCF_Data(), Table_SourceData_Poultry_MMSMCF[[#Headers],[MMS m]], 0)} -> 0.01 | H65: {=Common_InputFunctions.Utility_DisplayArrayInTable(SourceData_Poultry.SourceData_Poultry_MCF_Data(), Table_SourceData_Poultry_MMSMCF[[#Headers],[MMS m]], 0)} -> 0.01 | I65: {=Common_InputFunctions.Utility_DisplayArrayInTable(SourceData_Poultry.SourceData_Poultry_MCF_Data(), Table_SourceData_Poultry_MMSMCF[[#Headers],[MMS m]], 0)} -> 0.01 | J65: {=Common_InputFunctions.Utility_DisplayArrayInTable(SourceData_Poultry.SourceData_Poultry_MCF_Data(), Table_SourceData_Poultry_MMSMCF[[#Headers],[MMS m]], 0)} -> 0.01 | K65: {=Common_InputFunctions.Utility_DisplayArrayInTable(SourceData_Poultry.SourceData_Poultry_MCF_Data(), Table_SourceData_Poultry_MMSMCF[[#Headers],[MMS m]], 0)} -> 0.01 | ... N65: {=Common_InputFunctions.Utility_DisplayArrayInTable(SourceData_Poultry.SourceData_Poultry_MCF_Data(), Table_SourceData_Poultry_MMSMCF[[#Headers],[MMS m]], 0)} -> Composting (passive windrow)
D66: {=Common_InputFunctions.Utility_DisplayArrayInTable(SourceData_Poultry.SourceData_Poultry_MCF_Data(), Table_SourceData_Poultry_MMSMCF[[#Headers],[MMS m]], 0)} -> Anaerobic digester / Covered pond | E66: {=Common_InputFunctions.Utility_DisplayArrayInTable(SourceData_Poultry.SourceData_Poultry_MCF_Data(), Table_SourceData_Poultry_MMSMCF[[#Headers],[MMS m]], 0)} -> 0.1 | F66: {=Common_InputFunctions.Utility_DisplayArrayInTable(SourceData_Poultry.SourceData_Poultry_MCF_Data(), Table_SourceData_Poultry_MMSMCF[[#Headers],[MMS m]], 0)} -> 0.1 | G66: {=Common_InputFunctions.Utility_DisplayArrayInTable(SourceData_Poultry.SourceData_Poultry_MCF_Data(), Table_SourceData_Poultry_MMSMCF[[#Headers],[MMS m]], 0)} -> 0.1 | H66: {=Common_InputFunctions.Utility_DisplayArrayInTable(SourceData_Poultry.SourceData_Poultry_MCF_Data(), Table_SourceData_Poultry_MMSMCF[[#Headers],[MMS m]], 0)} -> 0.1 | I66: {=Common_InputFunctions.Utility_DisplayArrayInTable(SourceData_Poultry.SourceData_Poultry_MCF_Data(), Table_SourceData_Poultry_MMSMCF[[#Headers],[MMS m]], 0)} -> 0.1 | J66: {=Common_InputFunctions.Utility_DisplayArrayInTable(SourceData_Poultry.SourceData_Poultry_MCF_Data(), Table_SourceData_Poultry_MMSMCF[[#Headers],[MMS m]], 0)} -> 0.1 | K66: {=Common_InputFunctions.Utility_DisplayArrayInTable(SourceData_Poultry.SourceData_Poultry_MCF_Data(), Table_SourceData_Poultry_MMSMCF[[#Headers],[MMS m]], 0)} -> 0.1 | ... N66: {=Common_InputFunctions.Utility_DisplayArrayInTable(SourceData_Poultry.SourceData_Poultry_MCF_Data(), Table_SourceData_Poultry_MMSMCF[[#Headers],[MMS m]], 0)} -> Digester / covered lagoons
D67: {=Common_InputFunctions.Utility_DisplayArrayInTable(SourceData_Poultry.SourceData_Poultry_MCF_Data(), Table_SourceData_Poultry_MMSMCF[[#Headers],[MMS m]], 0)} -> Direct processing | E67: {=Common_InputFunctions.Utility_DisplayArrayInTable(SourceData_Poultry.SourceData_Poultry_MCF_Data(), Table_SourceData_Poultry_MMSMCF[[#Headers],[MMS m]], 0)} -> 0 | F67: {=Common_InputFunctions.Utility_DisplayArrayInTable(SourceData_Poultry.SourceData_Poultry_MCF_Data(), Table_SourceData_Poultry_MMSMCF[[#Headers],[MMS m]], 0)} -> 0 | G67: {=Common_InputFunctions.Utility_DisplayArrayInTable(SourceData_Poultry.SourceData_Poultry_MCF_Data(), Table_SourceData_Poultry_MMSMCF[[#Headers],[MMS m]], 0)} -> 0 | H67: {=Common_InputFunctions.Utility_DisplayArrayInTable(SourceData_Poultry.SourceData_Poultry_MCF_Data(), Table_SourceData_Poultry_MMSMCF[[#Headers],[MMS m]], 0)} -> 0 | I67: {=Common_InputFunctions.Utility_DisplayArrayInTable(SourceData_Poultry.SourceData_Poultry_MCF_Data(), Table_SourceData_Poultry_MMSMCF[[#Headers],[MMS m]], 0)} -> 0 | J67: {=Common_InputFunctions.Utility_DisplayArrayInTable(SourceData_Poultry.SourceData_Poultry_MCF_Data(), Table_SourceData_Poultry_MMSMCF[[#Headers],[MMS m]], 0)} -> 0 | K67: {=Common_InputFunctions.Utility_DisplayArrayInTable(SourceData_Poultry.SourceData_Poultry_MCF_Data(), Table_SourceData_Poultry_MMSMCF[[#Headers],[MMS m]], 0)} -> 0 | ... N67: {=Common_InputFunctions.Utility_DisplayArrayInTable(SourceData_Poultry.SourceData_Poultry_MCF_Data(), Table_SourceData_Poultry_MMSMCF[[#Headers],[MMS m]], 0)} -> Direct processing
D68: {=Common_InputFunctions.Utility_DisplayArrayInTable(SourceData_Poultry.SourceData_Poultry_MCF_Data(), Table_SourceData_Poultry_MMSMCF[[#Headers],[MMS m]], 0)} -> Direct application to soil | E68: {=Common_InputFunctions.Utility_DisplayArrayInTable(SourceData_Poultry.SourceData_Poultry_MCF_Data(), Table_SourceData_Poultry_MMSMCF[[#Headers],[MMS m]], 0)} -> 0 | F68: {=Common_InputFunctions.Utility_DisplayArrayInTable(SourceData_Poultry.SourceData_Poultry_MCF_Data(), Table_SourceData_Poultry_MMSMCF[[#Headers],[MMS m]], 0)} -> 0 | G68: {=Common_InputFunctions.Utility_DisplayArrayInTable(SourceData_Poultry.SourceData_Poultry_MCF_Data(), Table_SourceData_Poultry_MMSMCF[[#Headers],[MMS m]], 0)} -> 0 | H68: {=Common_InputFunctions.Utility_DisplayArrayInTable(SourceData_Poultry.SourceData_Poultry_MCF_Data(), Table_SourceData_Poultry_MMSMCF[[#Headers],[MMS m]], 0)} -> 0 | I68: {=Common_InputFunctions.Utility_DisplayArrayInTable(SourceData_Poultry.SourceData_Poultry_MCF_Data(), Table_SourceData_Poultry_MMSMCF[[#Headers],[MMS m]], 0)} -> 0 | J68: {=Common_InputFunctions.Utility_DisplayArrayInTable(SourceData_Poultry.SourceData_Poultry_MCF_Data(), Table_SourceData_Poultry_MMSMCF[[#Headers],[MMS m]], 0)} -> 0 | K68: {=Common_InputFunctions.Utility_DisplayArrayInTable(SourceData_Poultry.SourceData_Poultry_MCF_Data(), Table_SourceData_Poultry_MMSMCF[[#Headers],[MMS m]], 0)} -> 0 | ... N68: {=Common_InputFunctions.Utility_DisplayArrayInTable(SourceData_Poultry.SourceData_Poultry_MCF_Data(), Table_SourceData_Poultry_MMSMCF[[#Headers],[MMS m]], 0)} -> Direct application
D72: {=SourceData_Poultry.SourceData_Poultry_VSL_Title()} -> Poultry - Fraction of volatile solids lost in the primary MMS
D73: {=SourceData_Poultry.SourceData_Poultry_VSL_Source()} -> VEERG 2026: 4.6.2.3 CONSTANT
D74: {=SourceData_Poultry.SourceData_Poultry_VSL_Variation()} -> VARIATION ON SOURCE: Table generated from line items. Added 'NIR definition column'.
D75: Couldn't find these numbers in NIR - what is the source?
D76: MMS | E76: VSL | F76: NIR definition
D77: {=Common_InputFunctions.Utility_DisplayArrayInTable(SourceData_Poultry.SourceData_Poultry_VSL_Data(), Table_SourceData_Poultry_MMSVSL[[#Headers],[MMS]], 0)} -> Poultry manure with litter | E77: {=Common_InputFunctions.Utility_DisplayArrayInTable(SourceData_Poultry.SourceData_Poultry_VSL_Data(), Table_SourceData_Poultry_MMSVSL[[#Headers],[MMS]], 0)} -> 0.15 | F77: {=Common_InputFunctions.Utility_DisplayArrayInTable(SourceData_Poultry.SourceData_Poultry_VSL_Data(), Table_SourceData_Poultry_MMSVSL[[#Headers],[MMS]], 0)} -> Poultry manure with bedding
D78: {=Common_InputFunctions.Utility_DisplayArrayInTable(SourceData_Poultry.SourceData_Poultry_VSL_Data(), Table_SourceData_Poultry_MMSVSL[[#Headers],[MMS]], 0)} -> Poultry manure without litter - stored in house | E78: {=Common_InputFunctions.Utility_DisplayArrayInTable(SourceData_Poultry.SourceData_Poultry_VSL_Data(), Table_SourceData_Poultry_MMSVSL[[#Headers],[MMS]], 0)} -> 0.2 | F78: {=Common_InputFunctions.Utility_DisplayArrayInTable(SourceData_Poultry.SourceData_Poultry_VSL_Data(), Table_SourceData_Poultry_MMSVSL[[#Headers],[MMS]], 0)} -> Manure stored in house
D79: {=Common_InputFunctions.Utility_DisplayArrayInTable(SourceData_Poultry.SourceData_Poultry_VSL_Data(), Table_SourceData_Poultry_MMSVSL[[#Headers],[MMS]], 0)} -> Poultry manure without litter - belt removal | E79: {=Common_InputFunctions.Utility_DisplayArrayInTable(SourceData_Poultry.SourceData_Poultry_VSL_Data(), Table_SourceData_Poultry_MMSVSL[[#Headers],[MMS]], 0)} -> 0 | F79: {=Common_InputFunctions.Utility_DisplayArrayInTable(SourceData_Poultry.SourceData_Poultry_VSL_Data(), Table_SourceData_Poultry_MMSVSL[[#Headers],[MMS]], 0)} -> Belt manure removal

Sheet Constants - Common
A1: #VALUE! | C1: Constants - Common
D5: {=Common_SourceData.Common_SourceData_AustralianStatesTerritories_Title()} -> Australian states and territories
D6: State/Territory | E6: Common Name | F6: Abbreviation
D7: {=Common_InputFunctions.Utility_DisplayArrayInTable(Common_SourceData.Common_SourceData_AustralianStatesTerritories_Data(),Table_AustralianStates[[#Headers],[State/Territory]],0)} -> New South Wales | E7: {=Common_InputFunctions.Utility_DisplayArrayInTable(Common_SourceData.Common_SourceData_AustralianStatesTerritories_Data(),Table_AustralianStates[[#Headers],[State/Territory]],0)} -> New South Wales | F7: {=Common_InputFunctions.Utility_DisplayArrayInTable(Common_SourceData.Common_SourceData_AustralianStatesTerritories_Data(),Table_AustralianStates[[#Headers],[State/Territory]],0)} -> NSW
D8: {=Common_InputFunctions.Utility_DisplayArrayInTable(Common_SourceData.Common_SourceData_AustralianStatesTerritories_Data(),Table_AustralianStates[[#Headers],[State/Territory]],0)} -> Australian Capital Territory | E8: {=Common_InputFunctions.Utility_DisplayArrayInTable(Common_SourceData.Common_SourceData_AustralianStatesTerritories_Data(),Table_AustralianStates[[#Headers],[State/Territory]],0)} -> ACT | F8: {=Common_InputFunctions.Utility_DisplayArrayInTable(Common_SourceData.Common_SourceData_AustralianStatesTerritories_Data(),Table_AustralianStates[[#Headers],[State/Territory]],0)} -> ACT
D9: {=Common_InputFunctions.Utility_DisplayArrayInTable(Common_SourceData.Common_SourceData_AustralianStatesTerritories_Data(),Table_AustralianStates[[#Headers],[State/Territory]],0)} -> Victoria | E9: {=Common_InputFunctions.Utility_DisplayArrayInTable(Common_SourceData.Common_SourceData_AustralianStatesTerritories_Data(),Table_AustralianStates[[#Headers],[State/Territory]],0)} -> Victoria | F9: {=Common_InputFunctions.Utility_DisplayArrayInTable(Common_SourceData.Common_SourceData_AustralianStatesTerritories_Data(),Table_AustralianStates[[#Headers],[State/Territory]],0)} -> VIC
D10: {=Common_InputFunctions.Utility_DisplayArrayInTable(Common_SourceData.Common_SourceData_AustralianStatesTerritories_Data(),Table_AustralianStates[[#Headers],[State/Territory]],0)} -> Queensland | E10: {=Common_InputFunctions.Utility_DisplayArrayInTable(Common_SourceData.Common_SourceData_AustralianStatesTerritories_Data(),Table_AustralianStates[[#Headers],[State/Territory]],0)} -> Queensland | F10: {=Common_InputFunctions.Utility_DisplayArrayInTable(Common_SourceData.Common_SourceData_AustralianStatesTerritories_Data(),Table_AustralianStates[[#Headers],[State/Territory]],0)} -> QLD
D11: {=Common_InputFunctions.Utility_DisplayArrayInTable(Common_SourceData.Common_SourceData_AustralianStatesTerritories_Data(),Table_AustralianStates[[#Headers],[State/Territory]],0)} -> South Australia | E11: {=Common_InputFunctions.Utility_DisplayArrayInTable(Common_SourceData.Common_SourceData_AustralianStatesTerritories_Data(),Table_AustralianStates[[#Headers],[State/Territory]],0)} -> South Australia | F11: {=Common_InputFunctions.Utility_DisplayArrayInTable(Common_SourceData.Common_SourceData_AustralianStatesTerritories_Data(),Table_AustralianStates[[#Headers],[State/Territory]],0)} -> SA
D12: {=Common_InputFunctions.Utility_DisplayArrayInTable(Common_SourceData.Common_SourceData_AustralianStatesTerritories_Data(),Table_AustralianStates[[#Headers],[State/Territory]],0)} -> Western Australia | E12: {=Common_InputFunctions.Utility_DisplayArrayInTable(Common_SourceData.Common_SourceData_AustralianStatesTerritories_Data(),Table_AustralianStates[[#Headers],[State/Territory]],0)} -> Western Australia | F12: {=Common_InputFunctions.Utility_DisplayArrayInTable(Common_SourceData.Common_SourceData_AustralianStatesTerritories_Data(),Table_AustralianStates[[#Headers],[State/Territory]],0)} -> WA
D13: {=Common_InputFunctions.Utility_DisplayArrayInTable(Common_SourceData.Common_SourceData_AustralianStatesTerritories_Data(),Table_AustralianStates[[#Headers],[State/Territory]],0)} -> Tasmania | E13: {=Common_InputFunctions.Utility_DisplayArrayInTable(Common_SourceData.Common_SourceData_AustralianStatesTerritories_Data(),Table_AustralianStates[[#Headers],[State/Territory]],0)} -> Tasmania | F13: {=Common_InputFunctions.Utility_DisplayArrayInTable(Common_SourceData.Common_SourceData_AustralianStatesTerritories_Data(),Table_AustralianStates[[#Headers],[State/Territory]],0)} -> TAS
D14: {=Common_InputFunctions.Utility_DisplayArrayInTable(Common_SourceData.Common_SourceData_AustralianStatesTerritories_Data(),Table_AustralianStates[[#Headers],[State/Territory]],0)} -> Northern Territory | E14: {=Common_InputFunctions.Utility_DisplayArrayInTable(Common_SourceData.Common_SourceData_AustralianStatesTerritories_Data(),Table_AustralianStates[[#Headers],[State/Territory]],0)} -> Northern Territory | F14: {=Common_InputFunctions.Utility_DisplayArrayInTable(Common_SourceData.Common_SourceData_AustralianStatesTerritories_Data(),Table_AustralianStates[[#Headers],[State/Territory]],0)} -> NT
D18: {=Common_SourceData.Common_SourceData_WASA4Areas_Title()} -> ABS Statistcal Areas Level 4 - Western Australia
D19: {=Common_SourceData.Common_SourceData_WASA4Areas_Source()} -> Australian Bureau of Statistics (ABS) - Statistical Areas Level 2 - 2021 - Shapefile
D20: SA 4 Name
D21: {=Common_InputFunctions.Utility_DisplayArrayInTable(Common_SourceData.Common_SourceData_WASA4Areas_Data(), Table_WASA4Areas[[#Headers],[SA 4 Name]], 0)} -> Bunbury
D22: {=Common_InputFunctions.Utility_DisplayArrayInTable(Common_SourceData.Common_SourceData_WASA4Areas_Data(), Table_WASA4Areas[[#Headers],[SA 4 Name]], 0)} -> Mandurah
D23: {=Common_InputFunctions.Utility_DisplayArrayInTable(Common_SourceData.Common_SourceData_WASA4Areas_Data(), Table_WASA4Areas[[#Headers],[SA 4 Name]], 0)} -> Perth - Inner
D24: {=Common_InputFunctions.Utility_DisplayArrayInTable(Common_SourceData.Common_SourceData_WASA4Areas_Data(), Table_WASA4Areas[[#Headers],[SA 4 Name]], 0)} -> Perth - North East
D25: {=Common_InputFunctions.Utility_DisplayArrayInTable(Common_SourceData.Common_SourceData_WASA4Areas_Data(), Table_WASA4Areas[[#Headers],[SA 4 Name]], 0)} -> Perth - North West
D26: {=Common_InputFunctions.Utility_DisplayArrayInTable(Common_SourceData.Common_SourceData_WASA4Areas_Data(), Table_WASA4Areas[[#Headers],[SA 4 Name]], 0)} -> Perth - South East
D27: {=Common_InputFunctions.Utility_DisplayArrayInTable(Common_SourceData.Common_SourceData_WASA4Areas_Data(), Table_WASA4Areas[[#Headers],[SA 4 Name]], 0)} -> Perth - South West
D28: {=Common_InputFunctions.Utility_DisplayArrayInTable(Common_SourceData.Common_SourceData_WASA4Areas_Data(), Table_WASA4Areas[[#Headers],[SA 4 Name]], 0)} -> Western Australia - Wheat Belt
D29: {=Common_InputFunctions.Utility_DisplayArrayInTable(Common_SourceData.Common_SourceData_WASA4Areas_Data(), Table_WASA4Areas[[#Headers],[SA 4 Name]], 0)} -> Western Australia - Outback (North)
D30: {=Common_InputFunctions.Utility_DisplayArrayInTable(Common_SourceData.Common_SourceData_WASA4Areas_Data(), Table_WASA4Areas[[#Headers],[SA 4 Name]], 0)} -> Western Australia - Outback (South)
D34: {=Common_SourceData.Common_SourceData_GWP_Title()} -> Global warming potential for greenhouse gases
D35: {=Common_SourceData.Common_SourceData_GWP_Source()} -> XXXXXXX
D36: Gas | E36: CO2-e factor
D37: {=Common_InputFunctions.Utility_DisplayArrayInTable(Common_SourceData.Common_SourceData_GWP_Data(), Table_GWPData[[#Headers],[Gas]], 0)} -> CO2 | E37: {=Common_InputFunctions.Utility_DisplayArrayInTable(Common_SourceData.Common_SourceData_GWP_Data(), Table_GWPData[[#Headers],[Gas]], 0)} -> 1
D38: {=Common_InputFunctions.Utility_DisplayArrayInTable(Common_SourceData.Common_SourceData_GWP_Data(), Table_GWPData[[#Headers],[Gas]], 0)} -> CH4 | E38: {=Common_InputFunctions.Utility_DisplayArrayInTable(Common_SourceData.Common_SourceData_GWP_Data(), Table_GWPData[[#Headers],[Gas]], 0)} -> 28
D39: {=Common_InputFunctions.Utility_DisplayArrayInTable(Common_SourceData.Common_SourceData_GWP_Data(), Table_GWPData[[#Headers],[Gas]], 0)} -> N2O | E39: {=Common_InputFunctions.Utility_DisplayArrayInTable(Common_SourceData.Common_SourceData_GWP_Data(), Table_GWPData[[#Headers],[Gas]], 0)} -> 265
D40: {=Common_InputFunctions.Utility_DisplayArrayInTable(Common_SourceData.Common_SourceData_GWP_Data(), Table_GWPData[[#Headers],[Gas]], 0)} -> CF4 | E40: {=Common_InputFunctions.Utility_DisplayArrayInTable(Common_SourceData.Common_SourceData_GWP_Data(), Table_GWPData[[#Headers],[Gas]], 0)} -> 6630
D41: {=Common_InputFunctions.Utility_DisplayArrayInTable(Common_SourceData.Common_SourceData_GWP_Data(), Table_GWPData[[#Headers],[Gas]], 0)} -> C2F6 | E41: {=Common_InputFunctions.Utility_DisplayArrayInTable(Common_SourceData.Common_SourceData_GWP_Data(), Table_GWPData[[#Headers],[Gas]], 0)} -> 12200
D42: {=Common_InputFunctions.Utility_DisplayArrayInTable(Common_SourceData.Common_SourceData_GWP_Data(), Table_GWPData[[#Headers],[Gas]], 0)} -> SF6 | E42: {=Common_InputFunctions.Utility_DisplayArrayInTable(Common_SourceData.Common_SourceData_GWP_Data(), Table_GWPData[[#Headers],[Gas]], 0)} -> 22800
D43: {=Common_InputFunctions.Utility_DisplayArrayInTable(Common_SourceData.Common_SourceData_GWP_Data(), Table_GWPData[[#Headers],[Gas]], 0)} -> NF3 | E43: {=Common_InputFunctions.Utility_DisplayArrayInTable(Common_SourceData.Common_SourceData_GWP_Data(), Table_GWPData[[#Headers],[Gas]], 0)} -> 17200
D45: {=Common_SourceData.Common_SourceData_ConvertGasElementalToMolecular_Title()} -> Factor to convert elemental mass of gas to molecular mass
D46: {=Common_SourceData.Common_SourceData_ConvertGasElementalToMolecular_Source()} -> XXXXXXX
D47: Gas | E47: Conversion factor | F47: Conversion factor 1 | G47: Conversion factor 2 | H47: Conversion factor combined
D48: {=Common_InputFunctions.Utility_DisplayArrayInTable(Common_SourceData.Common_SourceData_ConvertGasElementalToMolecular_Data(),Table_GasToMolecularConversionFactor[[#Headers],[Gas]], 0)} -> CO2 | E48: {=Common_InputFunctions.Utility_DisplayArrayInTable(Common_SourceData.Common_SourceData_ConvertGasElementalToMolecular_Data(),Table_GasToMolecularConversionFactor[[#Headers],[Gas]], 0)} -> 44/12 | F48: {=Common_InputFunctions.Utility_DisplayArrayInTable(Common_SourceData.Common_SourceData_ConvertGasElementalToMolecular_Data(),Table_GasToMolecularConversionFactor[[#Headers],[Gas]], 0)} -> 44 | G48: {=Common_InputFunctions.Utility_DisplayArrayInTable(Common_SourceData.Common_SourceData_ConvertGasElementalToMolecular_Data(),Table_GasToMolecularConversionFactor[[#Headers],[Gas]], 0)} -> 12 | H48: =Table_GasToMolecularConversionFactor[[#This Row],[Conversion factor 1]]/Table_GasToMolecularConversionFactor[[#This Row],[Conversion factor 2]] -> 3.6666667
D49: {=Common_InputFunctions.Utility_DisplayArrayInTable(Common_SourceData.Common_SourceData_ConvertGasElementalToMolecular_Data(),Table_GasToMolecularConversionFactor[[#Headers],[Gas]], 0)} -> CH4 | E49: {=Common_InputFunctions.Utility_DisplayArrayInTable(Common_SourceData.Common_SourceData_ConvertGasElementalToMolecular_Data(),Table_GasToMolecularConversionFactor[[#Headers],[Gas]], 0)} -> 16/12 | F49: {=Common_InputFunctions.Utility_DisplayArrayInTable(Common_SourceData.Common_SourceData_ConvertGasElementalToMolecular_Data(),Table_GasToMolecularConversionFactor[[#Headers],[Gas]], 0)} -> 16 | G49: {=Common_InputFunctions.Utility_DisplayArrayInTable(Common_SourceData.Common_SourceData_ConvertGasElementalToMolecular_Data(),Table_GasToMolecularConversionFactor[[#Headers],[Gas]], 0)} -> 12 | H49: =Table_GasToMolecularConversionFactor[[#This Row],[Conversion factor 1]]/Table_GasToMolecularConversionFactor[[#This Row],[Conversion factor 2]] -> 1.3333333
D50: {=Common_InputFunctions.Utility_DisplayArrayInTable(Common_SourceData.Common_SourceData_ConvertGasElementalToMolecular_Data(),Table_GasToMolecularConversionFactor[[#Headers],[Gas]], 0)} -> N2O | E50: {=Common_InputFunctions.Utility_DisplayArrayInTable(Common_SourceData.Common_SourceData_ConvertGasElementalToMolecular_Data(),Table_GasToMolecularConversionFactor[[#Headers],[Gas]], 0)} -> 44/28 | F50: {=Common_InputFunctions.Utility_DisplayArrayInTable(Common_SourceData.Common_SourceData_ConvertGasElementalToMolecular_Data(),Table_GasToMolecularConversionFactor[[#Headers],[Gas]], 0)} -> 44 | G50: {=Common_InputFunctions.Utility_DisplayArrayInTable(Common_SourceData.Common_SourceData_ConvertGasElementalToMolecular_Data(),Table_GasToMolecularConversionFactor[[#Headers],[Gas]], 0)} -> 28 | H50: =Table_GasToMolecularConversionFactor[[#This Row],[Conversion factor 1]]/Table_GasToMolecularConversionFactor[[#This Row],[Conversion factor 2]] -> 1.5714286
D51: {=Common_InputFunctions.Utility_DisplayArrayInTable(Common_SourceData.Common_SourceData_ConvertGasElementalToMolecular_Data(),Table_GasToMolecularConversionFactor[[#Headers],[Gas]], 0)} -> Nox | E51: {=Common_InputFunctions.Utility_DisplayArrayInTable(Common_SourceData.Common_SourceData_ConvertGasElementalToMolecular_Data(),Table_GasToMolecularConversionFactor[[#Headers],[Gas]], 0)} -> 46/14 | F51: {=Common_InputFunctions.Utility_DisplayArrayInTable(Common_SourceData.Common_SourceData_ConvertGasElementalToMolecular_Data(),Table_GasToMolecularConversionFactor[[#Headers],[Gas]], 0)} -> 46 | G51: {=Common_InputFunctions.Utility_DisplayArrayInTable(Common_SourceData.Common_SourceData_ConvertGasElementalToMolecular_Data(),Table_GasToMolecularConversionFactor[[#Headers],[Gas]], 0)} -> 14 | H51: =Table_GasToMolecularConversionFactor[[#This Row],[Conversion factor 1]]/Table_GasToMolecularConversionFactor[[#This Row],[Conversion factor 2]] -> 3.2857143
D52: {=Common_InputFunctions.Utility_DisplayArrayInTable(Common_SourceData.Common_SourceData_ConvertGasElementalToMolecular_Data(),Table_GasToMolecularConversionFactor[[#Headers],[Gas]], 0)} -> CO | E52: {=Common_InputFunctions.Utility_DisplayArrayInTable(Common_SourceData.Common_SourceData_ConvertGasElementalToMolecular_Data(),Table_GasToMolecularConversionFactor[[#Headers],[Gas]], 0)} -> 28/12 | F52: {=Common_InputFunctions.Utility_DisplayArrayInTable(Common_SourceData.Common_SourceData_ConvertGasElementalToMolecular_Data(),Table_GasToMolecularConversionFactor[[#Headers],[Gas]], 0)} -> 28 | G52: {=Common_InputFunctions.Utility_DisplayArrayInTable(Common_SourceData.Common_SourceData_ConvertGasElementalToMolecular_Data(),Table_GasToMolecularConversionFactor[[#Headers],[Gas]], 0)} -> 12 | H52: =Table_GasToMolecularConversionFactor[[#This Row],[Conversion factor 1]]/Table_GasToMolecularConversionFactor[[#This Row],[Conversion factor 2]] -> 2.3333333
D53: {=Common_InputFunctions.Utility_DisplayArrayInTable(Common_SourceData.Common_SourceData_ConvertGasElementalToMolecular_Data(),Table_GasToMolecularConversionFactor[[#Headers],[Gas]], 0)} -> CO2 Lime | E53: {=Common_InputFunctions.Utility_DisplayArrayInTable(Common_SourceData.Common_SourceData_ConvertGasElementalToMolecular_Data(),Table_GasToMolecularConversionFactor[[#Headers],[Gas]], 0)} -> 44/12 | F53: {=Common_InputFunctions.Utility_DisplayArrayInTable(Common_SourceData.Common_SourceData_ConvertGasElementalToMolecular_Data(),Table_GasToMolecularConversionFactor[[#Headers],[Gas]], 0)} -> 44 | G53: {=Common_InputFunctions.Utility_DisplayArrayInTable(Common_SourceData.Common_SourceData_ConvertGasElementalToMolecular_Data(),Table_GasToMolecularConversionFactor[[#Headers],[Gas]], 0)} -> 12 | H53: =Table_GasToMolecularConversionFactor[[#This Row],[Conversion factor 1]]/Table_GasToMolecularConversionFactor[[#This Row],[Conversion factor 2]] -> 3.6666667
D54: {=Common_InputFunctions.Utility_DisplayArrayInTable(Common_SourceData.Common_SourceData_ConvertGasElementalToMolecular_Data(),Table_GasToMolecularConversionFactor[[#Headers],[Gas]], 0)} -> NMVOC | E54: {=Common_InputFunctions.Utility_DisplayArrayInTable(Common_SourceData.Common_SourceData_ConvertGasElementalToMolecular_Data(),Table_GasToMolecularConversionFactor[[#Headers],[Gas]], 0)} -> 14/12 | F54: {=Common_InputFunctions.Utility_DisplayArrayInTable(Common_SourceData.Common_SourceData_ConvertGasElementalToMolecular_Data(),Table_GasToMolecularConversionFactor[[#Headers],[Gas]], 0)} -> 14 | G54: {=Common_InputFunctions.Utility_DisplayArrayInTable(Common_SourceData.Common_SourceData_ConvertGasElementalToMolecular_Data(),Table_GasToMolecularConversionFactor[[#Headers],[Gas]], 0)} -> 12 | H54: =Table_GasToMolecularConversionFactor[[#This Row],[Conversion factor 1]]/Table_GasToMolecularConversionFactor[[#This Row],[Conversion factor 2]] -> 1.1666667
D57: {=Common_SourceData.Common_SourceData_WetAndDryZones_Title()} -> VEERG Australian wet and dry zones
D58: {=Common_SourceData.Common_SourceData_WetAndDryZones_Source()} -> VEERG 2026: Table 1.2: Translating climate zones to wet and dry zones
D59: {="⚠️" & Common_SourceData.Common_SourceData_WetAndDryZones_Variation()} -> ⚠️VARIATION OF SOURCE DATA:
D60: ⚠️Added warm / cool temperate moist / dry - low frost and high temp classes to accommodate climate scenarios excluded by VEERG criteria.
D61: ⚠️Fixed typo - Changed 'Fry' to 'Dry'.
D63: Climate zone | E63: Wet or Dry Zone
D64: {=Common_InputFunctions.Utility_DisplayArrayInTable(Common_SourceData.Common_SourceData_WetAndDryZones_Data(), Table_SourceData_WetDryZones[[#Headers],[Climate zone]], 0)} -> Tropical montane | E64: {=Common_InputFunctions.Utility_DisplayArrayInTable(Common_SourceData.Common_SourceData_WetAndDryZones_Data(), Table_SourceData_WetDryZones[[#Headers],[Climate zone]], 0)} -> Wet climate zone
D65: {=Common_InputFunctions.Utility_DisplayArrayInTable(Common_SourceData.Common_SourceData_WetAndDryZones_Data(), Table_SourceData_WetDryZones[[#Headers],[Climate zone]], 0)} -> Tropical wet | E65: {=Common_InputFunctions.Utility_DisplayArrayInTable(Common_SourceData.Common_SourceData_WetAndDryZones_Data(), Table_SourceData_WetDryZones[[#Headers],[Climate zone]], 0)} -> Wet climate zone
D66: {=Common_InputFunctions.Utility_DisplayArrayInTable(Common_SourceData.Common_SourceData_WetAndDryZones_Data(), Table_SourceData_WetDryZones[[#Headers],[Climate zone]], 0)} -> Tropical moist | E66: {=Common_InputFunctions.Utility_DisplayArrayInTable(Common_SourceData.Common_SourceData_WetAndDryZones_Data(), Table_SourceData_WetDryZones[[#Headers],[Climate zone]], 0)} -> Wet climate zone
D67: {=Common_InputFunctions.Utility_DisplayArrayInTable(Common_SourceData.Common_SourceData_WetAndDryZones_Data(), Table_SourceData_WetDryZones[[#Headers],[Climate zone]], 0)} -> Tropical dry | E67: {=Common_InputFunctions.Utility_DisplayArrayInTable(Common_SourceData.Common_SourceData_WetAndDryZones_Data(), Table_SourceData_WetDryZones[[#Headers],[Climate zone]], 0)} -> Dry climate zone
D68: {=Common_InputFunctions.Utility_DisplayArrayInTable(Common_SourceData.Common_SourceData_WetAndDryZones_Data(), Table_SourceData_WetDryZones[[#Headers],[Climate zone]], 0)} -> Warm temperate moist | E68: {=Common_InputFunctions.Utility_DisplayArrayInTable(Common_SourceData.Common_SourceData_WetAndDryZones_Data(), Table_SourceData_WetDryZones[[#Headers],[Climate zone]], 0)} -> Wet climate zone
D69: {=Common_InputFunctions.Utility_DisplayArrayInTable(Common_SourceData.Common_SourceData_WetAndDryZones_Data(), Table_SourceData_WetDryZones[[#Headers],[Climate zone]], 0)} -> Warm temperate dry | E69: {=Common_InputFunctions.Utility_DisplayArrayInTable(Common_SourceData.Common_SourceData_WetAndDryZones_Data(), Table_SourceData_WetDryZones[[#Headers],[Climate zone]], 0)} -> Dry climate zone
D70: {=Common_InputFunctions.Utility_DisplayArrayInTable(Common_SourceData.Common_SourceData_WetAndDryZones_Data(), Table_SourceData_WetDryZones[[#Headers],[Climate zone]], 0)} -> Cool temperate moist | E70: {=Common_InputFunctions.Utility_DisplayArrayInTable(Common_SourceData.Common_SourceData_WetAndDryZones_Data(), Table_SourceData_WetDryZones[[#Headers],[Climate zone]], 0)} -> Wet climate zone
D71: {=Common_InputFunctions.Utility_DisplayArrayInTable(Common_SourceData.Common_SourceData_WetAndDryZones_Data(), Table_SourceData_WetDryZones[[#Headers],[Climate zone]], 0)} -> Cool temperate dry | E71: {=Common_InputFunctions.Utility_DisplayArrayInTable(Common_SourceData.Common_SourceData_WetAndDryZones_Data(), Table_SourceData_WetDryZones[[#Headers],[Climate zone]], 0)} -> Dry climate zone
D72: {=Common_InputFunctions.Utility_DisplayArrayInTable(Common_SourceData.Common_SourceData_WetAndDryZones_Data(), Table_SourceData_WetDryZones[[#Headers],[Climate zone]], 0)} -> Warm temperate moist - low frost | E72: {=Common_InputFunctions.Utility_DisplayArrayInTable(Common_SourceData.Common_SourceData_WetAndDryZones_Data(), Table_SourceData_WetDryZones[[#Headers],[Climate zone]], 0)} -> Wet climate zone
D73: {=Common_InputFunctions.Utility_DisplayArrayInTable(Common_SourceData.Common_SourceData_WetAndDryZones_Data(), Table_SourceData_WetDryZones[[#Headers],[Climate zone]], 0)} -> Warm temperate dry - low frost | E73: {=Common_InputFunctions.Utility_DisplayArrayInTable(Common_SourceData.Common_SourceData_WetAndDryZones_Data(), Table_SourceData_WetDryZones[[#Headers],[Climate zone]], 0)} -> Dry climate zone
D74: {=Common_InputFunctions.Utility_DisplayArrayInTable(Common_SourceData.Common_SourceData_WetAndDryZones_Data(), Table_SourceData_WetDryZones[[#Headers],[Climate zone]], 0)} -> Warm temperate moist - high temp | E74: {=Common_InputFunctions.Utility_DisplayArrayInTable(Common_SourceData.Common_SourceData_WetAndDryZones_Data(), Table_SourceData_WetDryZones[[#Headers],[Climate zone]], 0)} -> Wet climate zone
D75: {=Common_InputFunctions.Utility_DisplayArrayInTable(Common_SourceData.Common_SourceData_WetAndDryZones_Data(), Table_SourceData_WetDryZones[[#Headers],[Climate zone]], 0)} -> Warm temperate dry - high temp | E75: {=Common_InputFunctions.Utility_DisplayArrayInTable(Common_SourceData.Common_SourceData_WetAndDryZones_Data(), Table_SourceData_WetDryZones[[#Headers],[Climate zone]], 0)} -> Dry climate zone
... D77: {=Common_InputFunctions.Utility_DisplayArrayInTable(Common_SourceData.Common_SourceData_WetAndDryZones_Data(), Table_SourceData_WetDryZones[[#Headers],[Climate zone]], 0)} -> Cool temperate dry - low frost | E77: {=Common_InputFunctions.Utility_DisplayArrayInTable(Common_SourceData.Common_SourceData_WetAndDryZones_Data(), Table_SourceData_WetDryZones[[#Headers],[Climate zone]], 0)} -> Dry climate zone
D81: {=Common_SourceData.Common_SourceData_ClimateZones_Title()} -> VEERG Australian climate zones
D82: {=Common_SourceData.Common_SourceData_ClimateZones_Source()} -> VEERG 2026: Table 1.3: Climate and Rainfall zone classifications and definitions
D83: {="⚠️" & Common_SourceData.Common_SourceData_ClimateZones_Variation()} -> ⚠️VARIATION OF SOURCE DATA:
D84: ⚠️Added warm / cool temperate moist / dry - low frost and high temp classes to accommodate climate scenarios excluded by VEERG criteria.
D85: ⚠️Fixed typo in MAT value for warm temperate dry - changed 10 to 11.
D86: ⚠️Added min and max columns for MAT, MAP, frost days per year, elevation, MAP:PET to calculate zones from real climate data.
D87: ⚠️GAF accepts rainfall as a proxy for precipitation.
D89: Climate zone | E89: MAT | F89: MAP | G89: Frost days per year | H89: Elevation | I89: MAP:PET | J89: Min temp | K89: Max temp | L89: Min rainfall | M89: Max rainfall | N89: Min frost days | O89: Max frost days | P89: Min elevation | Q89: Max elevation | R89: Min MAP:PET | S89: Max MAP:PET
D90: {=Common_InputFunctions.Utility_DisplayArrayInTable(Common_SourceData.Common_SourceData_ClimateZones_Data(), Table_SourceData_ClimateZones[[#Headers],[Climate zone]], 0)} -> Tropical montane | E90: {=Common_InputFunctions.Utility_DisplayArrayInTable(Common_SourceData.Common_SourceData_ClimateZones_Data(), Table_SourceData_ClimateZones[[#Headers],[Climate zone]], 0)} -> > 18 C | F90: {=Common_InputFunctions.Utility_DisplayArrayInTable(Common_SourceData.Common_SourceData_ClimateZones_Data(), Table_SourceData_ClimateZones[[#Headers],[Climate zone]], 0)} -> Any | G90: {=Common_InputFunctions.Utility_DisplayArrayInTable(Common_SourceData.Common_SourceData_ClimateZones_Data(), Table_SourceData_ClimateZones[[#Headers],[Climate zone]], 0)} -> ≤ 7 | H90: {=Common_InputFunctions.Utility_DisplayArrayInTable(Common_SourceData.Common_SourceData_ClimateZones_Data(), Table_SourceData_ClimateZones[[#Headers],[Climate zone]], 0)} -> > 1000 m | I90: {=Common_InputFunctions.Utility_DisplayArrayInTable(Common_SourceData.Common_SourceData_ClimateZones_Data(), Table_SourceData_ClimateZones[[#Headers],[Climate zone]], 0)} -> Any | J90: {=Common_InputFunctions.Utility_DisplayArrayInTable(Common_SourceData.Common_SourceData_ClimateZones_Data(), Table_SourceData_ClimateZones[[#Headers],[Climate zone]], 0)} -> 18.001 | K90: {=Common_InputFunctions.Utility_DisplayArrayInTable(Common_SourceData.Common_SourceData_ClimateZones_Data(), Table_SourceData_ClimateZones[[#Headers],[Climate zone]], 0)} -> 999999 | ... S90: {=Common_InputFunctions.Utility_DisplayArrayInTable(Common_SourceData.Common_SourceData_ClimateZones_Data(), Table_SourceData_ClimateZones[[#Headers],[Climate zone]], 0)} -> 999999
