Workbook
Name Common_Equations.Common_ConvertCH4ToCO2e: _xlfn.LAMBDA(_xlpm.E_CH4,_xlpm.GWP_CH4, _xlpm.E_CH4 * _xlpm.GWP_CH4)
Name Common_Equations.Common_ConvertCH4ToCO2e_Arguments: _xlfn.LAMBDA(_xlfn.MAKEARRAY(2, 2, _xlfn.LAMBDA(_xlpm.r,_xlpm.c, INDEX({"ECH4","Methane emissions (t CH4)";"GWPCH4","Global warming potential for methane (t CO2-e / t CH4)"}, _xlpm.r, _xlpm.c))))
Name Common_Equations.Common_ConvertCH4ToCO2e_LatexEquation: _xlfn.LAMBDA("CO2_e = E_{CH4} \times GWP_{CH4}")
Name Common_Equations.Common_ConvertCH4ToCO2e_NIRReference: _xlfn.LAMBDA("")
Name Common_Equations.Common_ConvertCH4ToCO2e_Title: _xlfn.LAMBDA("Convert methane emissions to carbon dioxide equivalent emissions")
Name Common_Equations.Common_ConvertCH4ToCO2e_Unit: _xlfn.LAMBDA("t CO2e")
Name Common_Equations.Common_ConvertCH4ToCO2e_Variable: _xlfn.LAMBDA("ECH4 CO2e")
Name Common_Equations.Common_ConvertN2OToCO2e: _xlfn.LAMBDA(_xlpm.E_N2O,_xlpm.GWP_N2O, _xlpm.E_N2O * _xlpm.GWP_N2O)
Name Common_Equations.Common_ConvertN2OToCO2e_LatexEquation: _xlfn.LAMBDA("CO2_e = E_{N2O} \times GWP_{N2O}")
Name Common_Equations.Common_ConvertN2OToCO2e_NIRReference: _xlfn.LAMBDA("")
Name Common_Equations.Common_ConvertN2OToCO2e_Title: _xlfn.LAMBDA("Convert nitrous oxide emissions to carbon dioxide equivalent emissions")
Name Common_Equations.Common_ConvertN2OToCO2e_Unit: _xlfn.LAMBDA("t CO2e")
Name Common_Equations.Common_ConvertN2OToCO2e_Variable: _xlfn.LAMBDA("EN2O CO2e")
Name Common_InputFunctions.Utility_ConvertStateCommonNameToAbbreviation: _xlfn.LAMBDA(_xlpm.StateCommonName,_xlpm.StateCommonNameArray,_xlpm.StateAbbreviationArray, _xlfn.XLOOKUP(_xlpm.StateCommonName, _xlpm.StateCommonNameArray, _xlpm.StateAbbreviationArray, ""))
Name Common_InputFunctions.Utility_DisplayFunctionName: _xlfn.LAMBDA(_xlpm.Function, _xlfn.TEXTBEFORE(_xlfn.FORMULATEXT(_xlpm.Function), "("))
Name Common_InputFunctions.Utility_GetArrayTableColumnStartNumber: _xlfn.LAMBDA(_xlpm.TableHeaderCell, COLUMN(_xlpm.TableHeaderCell))
Name Common_InputFunctions.Utility_GetArrayTableRowStartNumber: _xlfn.LAMBDA(_xlpm.TableheaderCell,_xlpm.RowsBetweenHeaderandArray, ROW(_xlpm.TableheaderCell) + _xlpm.RowsBetweenHeaderandArray - 1)
Name Common_InputFunctions.Utility_LookupValueInTable: _xlfn.LAMBDA(_xlpm.LookupValue,_xlpm.LookupArray,_xlpm.ReturnArray, _xlfn.XLOOKUP(_xlpm.LookupValue, _xlpm.LookupArray, _xlpm.ReturnArray, ""))
Name Common_SourceData.Common_SourceData_AustralianStatesTerritories_Source: _xlfn.LAMBDA("")
Name Common_SourceData.Common_SourceData_AustralianStatesTerritories_Title: _xlfn.LAMBDA("Australian states and territories")
Name Common_SourceData.Common_SourceData_AustralianStatesTerritories_Unit: _xlfn.LAMBDA("")
Name Common_SourceData.Common_SourceData_AustralianStatesTerritories_Variable: _xlfn.LAMBDA("")
Name Common_SourceData.Common_SourceData_ClimateZones_Source: _xlfn.LAMBDA("VEERG 2026: Table 1.3: Climate and Rainfall zone classifications and definitions")
Name Common_SourceData.Common_SourceData_ClimateZones_Title: _xlfn.LAMBDA("VEERG Australian climate zones")
Name Common_SourceData.Common_SourceData_ClimateZones_Unit: _xlfn.LAMBDA("")
Name Common_SourceData.Common_SourceData_ClimateZones_Variable: _xlfn.LAMBDA("")
Name Common_SourceData.Common_SourceData_ConvertGasElementalToMolecular_Source: _xlfn.LAMBDA("XXXXXXX")
Name Common_SourceData.Common_SourceData_ConvertGasElementalToMolecular_Title: _xlfn.LAMBDA("Factor to convert elemental mass of gas to molecular mass")
Name Common_SourceData.Common_SourceData_ConvertGasElementalToMolecular_Unit: _xlfn.LAMBDA("factor")
Name Common_SourceData.Common_SourceData_ConvertGasElementalToMolecular_Variable: _xlfn.LAMBDA("Cg")
Name Common_SourceData.Common_SourceData_ConvertN2oElementalToMolecularCg_Data: _xlfn.LAMBDA(44 / 28)
Name Common_SourceData.Common_SourceData_ConvertN2oElementalToMolecularCg_Source: _xlfn.LAMBDA("National Inventory Report 2023 Volume 1")
Name Common_SourceData.Common_SourceData_ConvertN2oElementalToMolecularCg_Title: _xlfn.LAMBDA("Factor to convert elemental mass of N2O to molecular mass")
Name Common_SourceData.Common_SourceData_ConvertN2oElementalToMolecularCg_Unit: _xlfn.LAMBDA("factor")
Name Common_SourceData.Common_SourceData_ConvertN2oElementalToMolecularCg_Variable: _xlfn.LAMBDA("CgN2O")
Name Common_SourceData.Common_SourceData_DataScores_Scope3_Source: _xlfn.LAMBDA("VEERG 2026: XXXXXXXX")
Name Common_SourceData.Common_SourceData_DataScores_Scope3_Title: _xlfn.LAMBDA("Australian data scores for scope 3")
Name Common_SourceData.Common_SourceData_DataScores_Scope3_Unit: _xlfn.LAMBDA("")
Name Common_SourceData.Common_SourceData_DataScores_Scope3_Variable: _xlfn.LAMBDA("")
Name Common_SourceData.Common_SourceData_DataScores_Scope3_Variation: _xlfn.LAMBDA("")
Name Common_SourceData.Common_SourceData_DensityOfMethane_Data: _xlfn.LAMBDA(0.6784)
Name Common_SourceData.Common_SourceData_DensityOfMethane_Source: _xlfn.LAMBDA("National Inventory Report 2023 Volume 1: Equations 3.B.1a_2, 3.B.1c_2, 3.B.3_1, 3.B.4g_2")
Name Common_SourceData.Common_SourceData_DensityOfMethane_Title: _xlfn.LAMBDA("p = density of methane")
Name Common_SourceData.Common_SourceData_DensityOfMethane_Unit: _xlfn.LAMBDA("kg/m3")
Name Common_SourceData.Common_SourceData_EFleach_Data: _xlfn.LAMBDA(_xlfn.MAKEARRAY(1, 2, _xlfn.LAMBDA(_xlpm.r,_xlpm.c, INDEX({"EFleach",0.011}, _xlpm.r, _xlpm.c))))
Name Common_SourceData.Common_SourceData_EFleach_NIRReference: _xlfn.LAMBDA("National Inventory Report Volume 1: Equation 3.D.B_10")
Name Common_SourceData.Common_SourceData_EFleach_Source: _xlfn.LAMBDA("VEERG 2026:5.5.2.3 Constant Parameters")
Name Common_SourceData.Common_SourceData_EFleach_Title: _xlfn.LAMBDA("Emission factor for nitrogen leaching and runoff")
Name Common_SourceData.Common_SourceData_EFleach_Unit: _xlfn.LAMBDA("(kg N2O-N / kg N")
Name Common_SourceData.Common_SourceData_EFleach_Variation: _xlfn.LAMBDA((""))
Name Common_SourceData.Common_SourceData_EFN2O_NIRReference: _xlfn.LAMBDA("")
Name Common_SourceData.Common_SourceData_EFN2O_Source: _xlfn.LAMBDA("VEERG 2026: Table A.2.2.1")
Name Common_SourceData.Common_SourceData_EFN2O_Title: _xlfn.LAMBDA("Nitrous oxide emission factors for inorganic fertiliser application")
Name Common_SourceData.Common_SourceData_EFN2O_Unit: _xlfn.LAMBDA("(kg N2O-N / kg N")
Name Common_SourceData.Common_SourceData_EFPastureRangeAndPaddock_Data: _xlfn.LAMBDA(_xlfn.MAKEARRAY(3, 2, _xlfn.LAMBDA(_xlpm.r,_xlpm.c, INDEX({"Climate zone","EFPRP";"Wet climate zone",0.006;"Dry climate zone",0.002}, _xlpm.r, _xlpm.c))))
Name Common_SourceData.Common_SourceData_EFPastureRangeAndPaddock_NIRReference: _xlfn.LAMBDA("")
Name Common_SourceData.Common_SourceData_EFPastureRangeAndPaddock_Source: _xlfn.LAMBDA("VEERG 2026: Table A.2.2.2")
Name Common_SourceData.Common_SourceData_EFPastureRangeAndPaddock_Title: _xlfn.LAMBDA("Emission factor for urine and dung deposited on pasture, range or paddock")
Name Common_SourceData.Common_SourceData_EFPastureRangeAndPaddock_Unit: _xlfn.LAMBDA("kg N2O - N / kg N")
Name Common_SourceData.Common_SourceData_EFPastureRangeAndPaddock_Variation: _xlfn.LAMBDA("VARIATION FROM SOURCE DATA: Changed 'Dry climate zones' to singular 'Dry climate zone' to aid lookup.")

Sheet Home
A1: Home

Sheet Results
A1: #VALUE! | C1: 5.1 Inorganic Fertiliser
A3: =HYPERLINK("#'Home'!A1", "Home") -> Home
A4: =HYPERLINK("#'Results'!A1", "Results") -> Results | D4: Emissions breakdown
A6: INPUTS | D6: Scope 1 source | E6: GHG emissions method 1 | F6: GHG emissions method 2 | G6: GHG Unit | H6: CO2-e emissions method 1 | I6: CO2-e emissions method 2 | J6: CO2-e unit
A7: =HYPERLINK("#'Input - Site'!A1", "Site") -> Site | D7: 4.6.1.1-2 Manure methane | E7: ='5.1.1.1-2 Inorganic fert N2O'!E209 -> 0 | F7: ='5.1.1.1-2 Inorganic fert N2O'!N209 -> 0 | G7: t CH4 | H7: ='5.1.1.1-2 Inorganic fert N2O'!E214 -> 0 | I7: ='5.1.1.1-2 Inorganic fert N2O'!N214 -> 0 | J7: t CO2e
A8: =HYPERLINK("#'Input - Poultry'!A1", "Poultry") -> Poultry | D8: 4.6.1.3-4 Direct N2O | E8: =#REF! -> #REF! | F8: =#REF! -> #REF! | G8: t N2O | H8: =#REF! -> #REF! | I8: =#REF! -> #REF! | J8: t CO2e
D9: 4.6.1.5-6 Atmospheric deposition | E9: =#REF! -> #REF! | F9: =#REF! -> #REF! | G9: t N2O | H9: =#REF! -> #REF! | I9: =#REF! -> #REF! | J9: t CO2e
A10: CALCULATIONS | D10: 4.6.1.7-8 Leaching and runoff | E10: =#REF! -> #REF! | F10: =#REF! -> #REF! | G10: t N2O | H10: =#REF! -> #REF! | I10: =#REF! -> #REF! | J10: t CO2e
A11: =HYPERLINK("#'4.6.1.1-2 Methane'!A1", "4.6.1.1-2 Methane") -> 4.6.1.1-2 Methane | D11: 4.6.1.10-11 Soil direct N2O | E11: =#REF! -> #REF! | F11: =#REF! -> #REF! | G11: t N2O | H11: =#REF! -> #REF! | I11: =#REF! -> #REF! | J11: t CO2e
A12: =HYPERLINK("#'4.6.1.3-4 Direct N20'!A1", "4.6.1.3-4 Direct N2O") -> 4.6.1.3-4 Direct N2O | D12: 4.6.1.12-13 Soil Atmospheric deposition | E12: =#REF! -> #REF! | F12: =#REF! -> #REF! | G12: t N2O | H12: =#REF! -> #REF! | I12: =#REF! -> #REF! | J12: t CO2e
A13: =HYPERLINK("#'4.6.1.5-6 Atmos Dep'!A1", "4.6.1.5-6 Atmospheric deposition") -> 4.6.1.5-6 Atmospheric deposition | D13: 4.6.1.14-15 Soil leaching and runoff | E13: =#REF! -> #REF! | F13: =#REF! -> #REF! | G13: t N2O | H13: =#REF! -> #REF! | I13: =#REF! -> #REF! | J13: t CO2e
A14: =HYPERLINK("#'4.6.1.7-8 Leaching and runoff'!A1", "4.6.1.7-8 Leaching & runoff") -> 4.6.1.7-8 Leaching & runoff | D14: Total | H14: =SUM(H7:H13) -> #REF! | I14: =SUM(I7:I13) -> #REF! | J14: t CO2e
A15: =HYPERLINK("#'4.6.1.9 Manure applied to soils'!A1", "4.6.1.9 Manure applied to soils") -> 4.6.1.9 Manure applied to soils
A16: =HYPERLINK("#'4.6.1.10-11 Soil direct N2O'!A1", "4.6.1.10-11 Soil direct N2O") -> 4.6.1.10-11 Soil direct N2O | D16: 4.6.1.9 Manure applied to soils
A17: =HYPERLINK("#'4.6.1.12-13 Soil atmos dep'!A1", "4.6.1.12-13 Soil Atm. deposition") -> 4.6.1.12-13 Soil Atm. deposition | D17: WARNING: Manure nitrogen that was applied to soils must be accounted for
A18: =HYPERLINK("#'4.6.1.14-15 Soil leach runoff'!A1", "4.6.1.14-15 Soil leach & runoff") -> 4.6.1.14-15 Soil leach & runoff | D18: See the table below for how to account for manure applied to soils for scope 1 and 3.
D19: Manure nitrogen use | E19: Amount of N in manure | F19: N unit | G19: Emissions allocated to | H19: VEERG Calculation method
A20: APPENDICES | D20: Manure nitrogen deposited on farm soils (including use as fertiliser for other enterprises on own farm eg crops) | E20: =#REF! -> #REF! | F20: kg N | G20: Scope 1 - This poultry enterprise | H20: 5.2.2.1 (1), 5.4.1.3 (1, 2), 5.5.1.1 (1, 3)
A21: =HYPERLINK("#'Constants - Poultry'!A1", "Constants - Poultry") -> Constants - Poultry | D21: Manure nitrogen deposited on farm soils as fertiliser for other farm enterpsies (eg crops) | E21: =#REF! -> #REF! | F21: kg N | G21: Scope 1 - This poultry enterprise | H21: 5.2.2.1 (1), 5.4.1.3 (1, 2), 5.5.1.1 (1, 3)
A22: =HYPERLINK("#'Constants - Livestock'!A1", "Constants - Livestock") -> Constants - Livestock | D22: Manure nitrogen sold | E22: =#REF! -> #REF! | F22: kg N | G22: Scope 3 (downstream) | H22: 15.13.1.1 (1), 5.2.2.1 (1), 5.4.1.3 (1, 2), 5.5.1.1 (1, 3)
A23: =HYPERLINK("#'Constants - Common'!A1", "Constants - Common") -> Constants - Common
A24: =HYPERLINK("#'Acknowledgements'!A1", "Acknowledgements") -> Acknowledgements

Sheet Input - Site
A1: #VALUE! | C1: Input - Site
A3: =HYPERLINK("#'Home'!A1", "Home") -> Home
A4: =HYPERLINK("#'Results'!A1", "Results") -> Results
D5: Your business
A6: INPUTS
A7: =HYPERLINK("#'Input - Site'!A1", "Site") -> Site | D7: Farm name | E7: Test Farms
A8: =HYPERLINK("#'Input - Poultry'!A1", "Poultry") -> Poultry | D8: Reporting entity name | E8: Test Farms Pty Ltd
A10: CALCULATIONS | D10: 💡An 'Emissions accounting period' is a 12 month period where the business can report on the emissions, and is typically the same as the business' financial accounting period.
A11: =HYPERLINK("#'4.6.1.1-2 Methane'!A1", "4.6.1.1-2 Methane") -> 4.6.1.1-2 Methane
A12: =HYPERLINK("#'4.6.1.3-4 Direct N20'!A1", "4.6.1.3-4 Direct N2O") -> 4.6.1.3-4 Direct N2O | D12: Emissions calculation period start date | E12: 45292 | F12: ← DD/MM/YYYY or DD Month YYYY
A13: =HYPERLINK("#'4.6.1.5-6 Atmos Dep'!A1", "4.6.1.5-6 Atmospheric deposition") -> 4.6.1.5-6 Atmospheric deposition | D13: Emissions calculation period end date | E13: =DATE(YEAR(E12)+1,MONTH(E12),DAY(E12))-1 -> 45657 | F13: ← Automatically calculated, 12 months after start date
A14: =HYPERLINK("#'4.6.1.7-8 Leaching and runoff'!A1", "4.6.1.7-8 Leaching & runoff") -> 4.6.1.7-8 Leaching & runoff
A15: =HYPERLINK("#'4.6.1.9 Manure applied to soils'!A1", "4.6.1.9 Manure applied to soils") -> 4.6.1.9 Manure applied to soils
A16: =HYPERLINK("#'4.6.1.10-11 Soil direct N2O'!A1", "4.6.1.10-11 Soil direct N2O") -> 4.6.1.10-11 Soil direct N2O | D16: Location and climate
A17: =HYPERLINK("#'4.6.1.12-13 Soil atmos dep'!A1", "4.6.1.12-13 Soil Atm. deposition") -> 4.6.1.12-13 Soil Atm. deposition
A18: =HYPERLINK("#'4.6.1.14-15 Soil leach runoff'!A1", "4.6.1.14-15 Soil leach & runoff") -> 4.6.1.14-15 Soil leach & runoff | D18: Location information is used to reference some region and climate-specific emission factors
D19: Tip: Use the web-based GAF Location Helper tool to easily get region and climate information. You will need an internet connection to use the GAF Location Helper.
A20: APPENDICES
A21: =HYPERLINK("#'Constants - Poultry'!A1", "Constants - Poultry") -> Constants - Poultry | D21: State | E21: Western Australia | F21: ← Please select
A22: =HYPERLINK("#'Constants - Livestock'!A1", "Constants - Livestock") -> Constants - Livestock | D22: Region (ABS Statistical area level 4) if state is WA | E22: Western Australia - Outback (South) | F22: ← Please select
A23: =HYPERLINK("#'Constants - Common'!A1", "Constants - Common") -> Constants - Common | D23: Leaching zone | E23: NO - Not in leaching zone | F23: ← Please select
A24: =HYPERLINK("#'Acknowledgements'!A1", "Acknowledgements") -> Acknowledgements | D24: Elevation | E24: 307.7 | F24: Meters
D25: Average temperature for reporting period | E25: 18 | F25: Degrees celsius
D26: Total rainfall for reporting period | E26: 601 | F26: Millimetres
D27: Potential evapotranspiration for reporting period | E27: 1326 | F27: Millimetres
D28: Number of frost days for reporting period | E28: 7 | F28: Days
D29: MAP:PET ratio | E29: =E26/E27 -> 0.45324284
D30: Rainfall zone | E30: =Common_InputFunctions.Utility_LookupItemFromMinMax(E26,Table_SourceData_RainfallZones[Min rainfall],Table_SourceData_RainfallZones[Max rainfall],Table_SourceData_RainfallZones[Rainfall Zone]) -> High rainfall
D31: Climate zone | E31: =Common_InputFunctions.Utility_GetClimateZone(E25,E26,E28,E24,E29,Table_SourceData_ClimateZones[Min temp],Table_SourceData_ClimateZones[Max temp],Table_SourceData_ClimateZones[Min rainfall],Table_SourceData_ClimateZones[Max rainfall],Table_SourceData_ClimateZones[Min frost days],Table_SourceData_ClimateZones[Max frost days],Table_SourceData_ClimateZones[Min elevation],Table_SourceData_ClimateZones[Max elevation],Table_SourceData_ClimateZones[Min MAP:PET],Table_SourceData_ClimateZones[Max MAP:PET],Table_SourceData_ClimateZones[Climate zone]) -> Warm temperate dry
D32: Wet or dry climate zone | E32: =Common_InputFunctions.Utility_LookupValueInTable($E$31,Table_SourceData_WetDryZones[Climate zone],Table_SourceData_WetDryZones[Wet or Dry Zone]) -> Dry climate zone
D33: Temperature zone | E33: =Common_InputFunctions.Utility_LookupItemFromMinMax(E25,Table_SourceData_TemperatureZones[Min MAT],Table_SourceData_TemperatureZones[Max MAT],Table_SourceData_TemperatureZones[Temperature Zone]) -> Temperate

Sheet Input - Inorganic fertiliser
A1: #VALUE! | C1: Input - Inorganic Fertiliser
D6: Production system | E6: Crop | F6: ← Please select
D7: Crop type | E7: Grains | F7: ← Please select
D8: Irrigation method | E8: Not irrigated | F8: ← Please select
D9: Area under cropping | E9: 100 | F9: hectares
D11: Inorganic fertiliser applied
D13: 💡You can add more rows to tables by right-clicking on the table and selecting "Insert > Table rows above/below".
D14: 💡The application area is the same as the area under pasture / cropping by default. You can edit it if the application area is different.
D16: Branded fertiliser products
D17: Product (select) | E17: Amount applied (kg / ha) | F17: Application area (ha) | G17: Total applied (kg) | H17: Ingredient 1 | I17: Ingredient 1 percent | J17: Ingredient 2 | K17: Ingredient 2 percent | L17: Ingredient 3 | M17: Ingredient 3 percent | N17: Ingredient 4 | O17: Ingredient 4 percent | P17: Ingredient 5 | Q17: Ingredient 5 percent | R17: Ingredient 6 | S17: Ingredient 6 percent | T17: N application rate (kg/ha)
D18: 80% Urea 20% MAP | E18: 200 | F18: =$E$9 -> 100 | G18: =Table_Input_InorganicFertiliser_Brands[[#This Row],[Amount applied (kg / ha)]]*Table_Input_InorganicFertiliser_Brands[[#This Row],[Application area (ha)]] -> 20000 | H18: {=Fertiliser_InputFunctions.Fertiliser_FertiliserProductLookup(Table_Input_InorganicFertiliser_Brands[[#This Row],[Product (select)]], Table_Input_InorganicFertiliser_Brands[[#Headers],[Ingredient 1]], FertiliserProducts[#Data], FertiliserProducts[Product], FertiliserProducts[#Headers])} -> Urea-Ammonium Nitrate (UAN) | I18: {=Fertiliser_InputFunctions.Fertiliser_FertiliserProductLookup(Table_Input_InorganicFertiliser_Brands[[#This Row],[Product (select)]], Table_Input_InorganicFertiliser_Brands[[#Headers],[Ingredient 1 percent]], FertiliserProducts[#Data], FertiliserProducts[Product], FertiliserProducts[#Headers])} -> 0.8 | J18: {=Fertiliser_InputFunctions.Fertiliser_FertiliserProductLookup(Table_Input_InorganicFertiliser_Brands[[#This Row],[Product (select)]], Table_Input_InorganicFertiliser_Brands[[#Headers],[Ingredient 2]], FertiliserProducts[#Data], FertiliserProducts[Product], FertiliserProducts[#Headers])} -> Monoammonium phosphate (MAP) | K18: {=Fertiliser_InputFunctions.Fertiliser_FertiliserProductLookup(Table_Input_InorganicFertiliser_Brands[[#This Row],[Product (select)]], Table_Input_InorganicFertiliser_Brands[[#Headers],[Ingredient 2 percent]], FertiliserProducts[#Data], FertiliserProducts[Product], FertiliserProducts[#Headers])} -> 0.2 | L18: {=Fertiliser_InputFunctions.Fertiliser_FertiliserProductLookup(Table_Input_InorganicFertiliser_Brands[[#This Row],[Product (select)]], Table_Input_InorganicFertiliser_Brands[[#Headers],[Ingredient 3]], FertiliserProducts[#Data], FertiliserProducts[Product], FertiliserProducts[#Headers])} | M18: {=Fertiliser_InputFunctions.Fertiliser_FertiliserProductLookup(Table_Input_InorganicFertiliser_Brands[[#This Row],[Product (select)]], Table_Input_InorganicFertiliser_Brands[[#Headers],[Ingredient 3 percent]], FertiliserProducts[#Data], FertiliserProducts[Product], FertiliserProducts[#Headers])} | N18: {=Fertiliser_InputFunctions.Fertiliser_FertiliserProductLookup(Table_Input_InorganicFertiliser_Brands[[#This Row],[Product (select)]], Table_Input_InorganicFertiliser_Brands[[#Headers],[Ingredient 4]], FertiliserProducts[#Data], FertiliserProducts[Product], FertiliserProducts[#Headers])} | O18: {=Fertiliser_InputFunctions.Fertiliser_FertiliserProductLookup(Table_Input_InorganicFertiliser_Brands[[#This Row],[Product (select)]], Table_Input_InorganicFertiliser_Brands[[#Headers],[Ingredient 4 percent]], FertiliserProducts[#Data], FertiliserProducts[Product], FertiliserProducts[#Headers])} | P18: {=Fertiliser_InputFunctions.Fertiliser_FertiliserProductLookup(Table_Input_InorganicFertiliser_Brands[[#This Row],[Product (select)]], Table_Input_InorganicFertiliser_Brands[[#Headers],[Ingredient 5]], FertiliserProducts[#Data], FertiliserProducts[Product], FertiliserProducts[#Headers])} | Q18: {=Fertiliser_InputFunctions.Fertiliser_FertiliserProductLookup(Table_Input_InorganicFertiliser_Brands[[#This Row],[Product (select)]], Table_Input_InorganicFertiliser_Brands[[#Headers],[Ingredient 5 percent]], FertiliserProducts[#Data], FertiliserProducts[Product], FertiliserProducts[#Headers])} | R18: {=Fertiliser_InputFunctions.Fertiliser_FertiliserProductLookup(Table_Input_InorganicFertiliser_Brands[[#This Row],[Product (select)]], Table_Input_InorganicFertiliser_Brands[[#Headers],[Ingredient 6]], FertiliserProducts[#Data], FertiliserProducts[Product], FertiliserProducts[#Headers])} | S18: {=Fertiliser_InputFunctions.Fertiliser_FertiliserProductLookup(Table_Input_InorganicFertiliser_Brands[[#This Row],[Product (select)]], Table_Input_InorganicFertiliser_Brands[[#Headers],[Ingredient 6 percent]], FertiliserProducts[#Data], FertiliserProducts[Product], FertiliserProducts[#Headers])} | T18: =Table_Input_InorganicFertiliser_Brands[[#This Row],[Amount applied (kg / ha)]]*(IFERROR((_xlfn.XLOOKUP(Table_Input_InorganicFertiliser_Brands[[#This Row],[Ingredient 1]], Table_Fertiliser_ChemicalCompounds[Fertiliser type f],Table_Fertiliser_ChemicalCompounds[FNinorganic f])*Table_Input_InorganicFertiliser_Brands[[#This Row],[Ingredient 1 percent]]), 0)+ IFERROR((_xlfn.XLOOKUP(Table_Input_InorganicFertiliser_Brands[[#This Row],[Ingredient 2]],Table_Fertiliser_ChemicalCompounds[Fertiliser type f],Table_Fertiliser_ChemicalCompounds[FNinorganic f])*Table_Input_InorganicFertiliser_Brands[[#This Row],[Ingredient 2 percent]]), 0)+ IFERROR((_xlfn.XLOOKUP(Table_Input_InorganicFertiliser_Brands[[#This Row],[Ingredient 3]],Table_Fertiliser_ChemicalCompounds[Fertiliser type f],Table_Fertiliser_ChemicalCompounds[FNinorganic f])*Table_Input_InorganicFertiliser_Brands[[#This Row],[Ingredient 3 percent]]), 0)+ IFERROR((_xlfn.XLOOKUP(Table_Input_InorganicFertiliser_Brands[[#This Row],[Ingredient 4]],Table_Fertiliser_ChemicalCompounds[Fertiliser type f],Table_Fertiliser_ChemicalCompounds[FNinorganic f])*Table_Input_InorganicFertiliser_Brands[[#This Row],[Ingredient 4 percent]]), 0)+ IFERROR((_xlfn.XLOOKUP(Table_Input_InorganicFertiliser_Brands[[#This Row],[Ingredient 5]],Table_Fertiliser_ChemicalCompounds[Fertiliser type f],Table_Fertiliser_ChemicalCompounds[FNinorganic f])*Table_Input_InorganicFertiliser_Brands[[#This Row],[Ingredient 5 percent]]), 0)+ IFERROR((_xlfn.XLOOKUP(Table_Input_InorganicFertiliser_Brands[[#This Row],[Ingredient 6]],Table_Fertiliser_ChemicalCompounds[Fertiliser type f],Table_Fertiliser_ChemicalCompounds[FNinorganic f])*Table_Input_InorganicFertiliser_Brands[[#This Row],[Ingredient 6 percent]]), 0)) -> 55.2
D21: Custom fertiliser blends
D22: Custom blend name | E22: Amount applied (kg / ha) | F22: Application area (ha) | G22: Total applied (kg) | H22: Ingredient 1 (select) | I22: Ingredient 1 percent | J22: Ingredient 2 | K22: Ingredient 2 percent | L22: Ingredient 3 | M22: Ingredient 3 percent | N22: Ingredient 4 | O22: Ingredient 4 percent | P22: N application rate (kg/ha)
D23: My first custom blend | E23: 200 | F23: =$E$9 -> 100 | G23: =Table_Input_InorganicFertiliser_Custom[[#This Row],[Amount applied (kg / ha)]]*Table_Input_InorganicFertiliser_Custom[[#This Row],[Application area (ha)]] -> 20000 | H23: Nitrogen - generic | I23: 0.45 | J23: Phosphorus - Generic | K23: 0.3 | L23: Potassium - Generic | M23: 0.1 | N23: Sulfur - Generic | O23: 0.05 | P23: =Table_Input_InorganicFertiliser_Custom[[#This Row],[Amount applied (kg / ha)]]* (IFERROR((_xlfn.XLOOKUP(Table_Input_InorganicFertiliser_Custom[[#This Row],[Ingredient 1 (select)]], Table_Fertiliser_ChemicalCompounds[Fertiliser type f],Table_Fertiliser_ChemicalCompounds[FNinorganic f])*Table_Input_InorganicFertiliser_Custom[[#This Row],[Ingredient 1 percent]]), 0) + IFERROR((_xlfn.XLOOKUP(Table_Input_InorganicFertiliser_Custom[[#This Row],[Ingredient 2]], Table_Fertiliser_ChemicalCompounds[Fertiliser type f],Table_Fertiliser_ChemicalCompounds[FNinorganic f])*Table_Input_InorganicFertiliser_Custom[[#This Row],[Ingredient 2 percent]]), 0) + IFERROR((_xlfn.XLOOKUP(Table_Input_InorganicFertiliser_Custom[[#This Row],[Ingredient 3]], Table_Fertiliser_ChemicalCompounds[Fertiliser type f],Table_Fertiliser_ChemicalCompounds[FNinorganic f])*Table_Input_InorganicFertiliser_Custom[[#This Row],[Ingredient 3 percent]]), 0) + IFERROR((_xlfn.XLOOKUP(Table_Input_InorganicFertiliser_Custom[[#This Row],[Ingredient 4]], Table_Fertiliser_ChemicalCompounds[Fertiliser type f],Table_Fertiliser_ChemicalCompounds[FNinorganic f])*Table_Input_InorganicFertiliser_Custom[[#This Row],[Ingredient 4 percent]]), 0) ) -> 90
D26: Soil amendments
D28: 💡 You can add more rows to the table by right-clicking on the table and selecting "Insert > Table rows above/below".
D29: 💡 'Lime' refers to calcium carbonate - CaCO3. 'Dolomite' refers to calcium magnesium carbonate - CaMg(CO3)2
D31: Product | E31: Amount applied (t/hectare) | F31: Application area (ha) | G31: Total amount applied (t) | H31: Percent Lime CaCO3 | I31: Percent Dolomite CaMg(CO3)2 | J31: Percent Lime Sand CaCO3 | K31: Percent Gypsum | L31: Percent Potash
D32: gfdgfdgd | E32: 10 | F32: ='[1]Input - Pasture'!$E$12 -> 100 | G32: =IFERROR(Table_Input_Lime[[#This Row],[Amount applied (t/hectare)]]*Table_Input_Lime[[#This Row],[Application area (ha)]], 0) -> 1000 | H32: 0.4 | I32: 0.3 | J32: 0.15 | K32: 0.1 | L32: 0.05
D35: Organic fertiliser applied
D37: 💡 You can add more rows to the table by right-clicking on the table and selecting "Insert > Table rows above/below".
D38: 💡The application area is the same as the area under pasture / cropping by default. You can edit it if the application area is different.
D40: Organic fertiliser type (select) | E40: Source (select) | F40: Percentage of N in fertiliser | G40: Amount applied (kg/hectare) | H40: Amount N applied (kg/hectare) | I40: Application area (ha) | J40: Total organic fertliser applied | K40: Total nitrogen applied (kg)
D41: Dairy Manure | E41: Location not specified | F41: 0.3 | G41: 10 | H41: =Table_Input_OrganicFertiliser[[#This Row],[Amount applied (kg/hectare)]]*Table_Input_OrganicFertiliser[[#This Row],[Percentage of N in fertiliser]] -> 3 | I41: ='[1]Input - Pasture'!$E$12 -> 100 | J41: =Table_Input_OrganicFertiliser[[#This Row],[Amount applied (kg/hectare)]]*Table_Input_OrganicFertiliser[[#This Row],[Application area (ha)]] -> 1000 | K41: =IFERROR(Table_Input_OrganicFertiliser[[#This Row],[Amount N applied (kg/hectare)]]*Table_Input_OrganicFertiliser[[#This Row],[Application area (ha)]], 0) -> 300

Sheet 5.1.1.1-2 Inorganic fert N2O
A1: #VALUE! | C1: 5.1.1.1-2 Inorganic fertiliser application N2O emissions
D3: Method 1 | M3: Method 2
D5: {=Fertiliser_Equations_InorganicN2O.VEERG_5_1_1_1__2_MassOfNitrogenInInorganicFertiliser_Title()} -> Mass of nitrogen in inorganic fertiliser applied to production system | M5: {=Fertiliser_Equations_InorganicN2O.VEERG_5_1_1_2__1_EmissionFactorIrrigatedMaize_Title()} -> Emission factor for nitrous oxide for irrigated maize
D6: {=Fertiliser_Equations_InorganicN2O.VEERG_5_1_1_1__2_MassOfNitrogenInInorganicFertiliser_Source()} -> VEERG 2026: 5.1.1.1, Equation (2) | M6: {=Fertiliser_Equations_InorganicN2O.VEERG_5_1_1_2__1_EmissionFactorIrrigatedMaize_Source()} -> VEERG 2026: 5.1.1.2, Equation (1)
D7: Function name | E7: {=Common_InputFunctions.Utility_DisplayFunctionName(G21)} -> =Fertiliser_Equations_InorganicN2O.VEERG_5_1_1_1__2_MassOfNitrogenInInorganicFertiliser
M9: Variable | N9: {=Fertiliser_Equations_InorganicN2O.VEERG_5_1_1_2__1_EmissionFactorIrrigatedMaize_Variable()} -> EF_fjIrrigatedMaizeN2O
D10: Variable | E10: {=Fertiliser_Equations_InorganicN2O.VEERG_5_1_1_1__2_MassOfNitrogenInInorganicFertiliser_Variable()} -> MN_jf | M10: Unit | N10: {=Fertiliser_Equations_InorganicN2O.VEERG_5_1_1_2__1_EmissionFactorIrrigatedMaize_Unit()} -> kg N2O-N/kg N applied
D11: Unit | E11: {=Fertiliser_Equations_InorganicN2O.VEERG_5_1_1_1__2_MassOfNitrogenInInorganicFertiliser_Unit()} -> kg N
M12: {=_xlfn.CHOOSECOLS(Fertiliser_Equations_InorganicN2O.VEERG_5_1_1_2__1_EmissionFactorIrrigatedMaize_Arguments(), 1, 2)} -> N_fjIrrigatedMaize | N12: application rate of inorganic fertiliser type f in the irrigated maize crop (kg N/ha) | Q12: ="See " & $M$41 -> See M2_Table_FertApplications | S12: {=_xlfn.CHOOSECOLS(Fertiliser_Equations_InorganicN2O.VEERG_5_1_1_2__1_EmissionFactorIrrigatedMaize_Arguments(), 3)} -> Input
D13: {=_xlfn.CHOOSECOLS(Fertiliser_Equations_InorganicN2O.VEERG_5_1_1_1__2_MassOfNitrogenInInorganicFertiliser_Arguments(), 1,2)} -> TM_jf | E13: total mass of inorganic fertiliser type f applied to production system j (kg) | G13: ="See " & $D$16 -> See Table_MN_j_f | H13: {=_xlfn.CHOOSECOLS(Fertiliser_Equations_InorganicN2O.VEERG_5_1_1_1__2_MassOfNitrogenInInorganicFertiliser_Arguments(), 3)} -> Input | M13: f | N13: Inorganic fertiliser type | Q13: Not used - application rate calculated per product blend application | S13: Constant
D14: FN_inorganicf | E14: fraction of nitrogen in inorganic fertiliser type f (kg N/kg) | G14: ="See " & $D$16 -> See Table_MN_j_f | H14: Constant
D16: Table_MN_j_f | M16: {=Fertiliser_Equations_InorganicN2O.VEERG_5_1_1_2__2_EmissionFactorNonIrrigatedGrainsHighRainfall_Title()} -> Emission factor for nitrous oxide for non-irrigated grains in high rainfall zone
D17: Mass of nitrogen applied | M17: {=Fertiliser_Equations_InorganicN2O.VEERG_5_1_1_2__2_EmissionFactorNonIrrigatedGrainsHighRainfall_Source()} -> VEERG 2026: 5.1.1.2, Equation (2)
E18: Input | F18: Constant | G18: Calculated
E19: kg | F19: fraction | G19: =$E$11 -> kg N
D20: Fertiliser type f | E20: TMjf | F20: FNinorganic,f | G20: MNjf | M20: Variable | N20: {=Fertiliser_Equations_InorganicN2O.VEERG_5_1_1_2__2_EmissionFactorNonIrrigatedGrainsHighRainfall_Variable()} -> EF_fjNonIrrigatedGrainsN2O
D21: {=Table_Fertiliser_ChemicalCompounds[Fertiliser type f]} -> Monoammonium phosphate (MAP) | E21: {=Fertiliser_InputFunctions.Fertiliser_TotalChemicalCompoundAppliedAllIngredients($D21,Table_Input_InorganicFertiliser_Brands[Total applied (kg)],Table_Input_InorganicFertiliser_Brands[Ingredient 1],Table_Input_InorganicFertiliser_Brands[Ingredient 1 percent],Table_Input_InorganicFertiliser_Brands[Ingredient 2],Table_Input_InorganicFertiliser_Brands[Ingredient 2 percent],Table_Input_InorganicFertiliser_Brands[Ingredient 3],Table_Input_InorganicFertiliser_Brands[Ingredient 3 percent],Table_Input_InorganicFertiliser_Brands[Ingredient 4],Table_Input_InorganicFertiliser_Brands[Ingredient 4 percent],Table_Input_InorganicFertiliser_Brands[Ingredient 5],Table_Input_InorganicFertiliser_Brands[Ingredient 5 percent],Table_Input_InorganicFertiliser_Brands[Ingredient 6],Table_Input_InorganicFertiliser_Brands[Ingredient 6 percent])+ Fertiliser_InputFunctions.Fertiliser_TotalChemicalCompoundAppliedAllIngredients($D21,Table_Input_InorganicFertiliser_Custom[Total applied (kg)],Table_Input_InorganicFertiliser_Custom[Ingredient 1 (select)],Table_Input_InorganicFertiliser_Custom[Ingredient 1 percent],Table_Input_InorganicFertiliser_Custom[Ingredient 2],Table_Input_InorganicFertiliser_Custom[Ingredient 2 percent],Table_Input_InorganicFertiliser_Custom[Ingredient 3],Table_Input_InorganicFertiliser_Custom[Ingredient 3 percent],Table_Input_InorganicFertiliser_Custom[Ingredient 4],Table_Input_InorganicFertiliser_Custom[Ingredient 4 percent])} -> 4000 | F21: {=Common_InputFunctions.Utility_LookupValueInTableNumber(D21,Table_Fertiliser_ChemicalCompounds[Fertiliser type f],Table_Fertiliser_ChemicalCompounds[FNinorganic f])} -> 0.1 | G21: {=Fertiliser_Equations_InorganicN2O.VEERG_5_1_1_1__2_MassOfNitrogenInInorganicFertiliser(E21,F21)} -> 400 | M21: Unit | N21: {=Fertiliser_Equations_InorganicN2O.VEERG_5_1_1_2__2_EmissionFactorNonIrrigatedGrainsHighRainfall_Unit()} -> kg N2O-N/kg N applied
D22: Diammonium phosphate (DAP) | E22: {=Fertiliser_InputFunctions.Fertiliser_TotalChemicalCompoundAppliedAllIngredients($D22,Table_Input_InorganicFertiliser_Brands[Total applied (kg)],Table_Input_InorganicFertiliser_Brands[Ingredient 1],Table_Input_InorganicFertiliser_Brands[Ingredient 1 percent],Table_Input_InorganicFertiliser_Brands[Ingredient 2],Table_Input_InorganicFertiliser_Brands[Ingredient 2 percent],Table_Input_InorganicFertiliser_Brands[Ingredient 3],Table_Input_InorganicFertiliser_Brands[Ingredient 3 percent],Table_Input_InorganicFertiliser_Brands[Ingredient 4],Table_Input_InorganicFertiliser_Brands[Ingredient 4 percent],Table_Input_InorganicFertiliser_Brands[Ingredient 5],Table_Input_InorganicFertiliser_Brands[Ingredient 5 percent],Table_Input_InorganicFertiliser_Brands[Ingredient 6],Table_Input_InorganicFertiliser_Brands[Ingredient 6 percent])+ Fertiliser_InputFunctions.Fertiliser_TotalChemicalCompoundAppliedAllIngredients($D22,Table_Input_InorganicFertiliser_Custom[Total applied (kg)],Table_Input_InorganicFertiliser_Custom[Ingredient 1 (select)],Table_Input_InorganicFertiliser_Custom[Ingredient 1 percent],Table_Input_InorganicFertiliser_Custom[Ingredient 2],Table_Input_InorganicFertiliser_Custom[Ingredient 2 percent],Table_Input_InorganicFertiliser_Custom[Ingredient 3],Table_Input_InorganicFertiliser_Custom[Ingredient 3 percent],Table_Input_InorganicFertiliser_Custom[Ingredient 4],Table_Input_InorganicFertiliser_Custom[Ingredient 4 percent])} -> 0 | F22: {=Common_InputFunctions.Utility_LookupValueInTableNumber(D22,Table_Fertiliser_ChemicalCompounds[Fertiliser type f],Table_Fertiliser_ChemicalCompounds[FNinorganic f])} -> 0.18 | G22: {=Fertiliser_Equations_InorganicN2O.VEERG_5_1_1_1__2_MassOfNitrogenInInorganicFertiliser(E22,F22)} -> 0
D23: Urea | E23: {=Fertiliser_InputFunctions.Fertiliser_TotalChemicalCompoundAppliedAllIngredients($D23,Table_Input_InorganicFertiliser_Brands[Total applied (kg)],Table_Input_InorganicFertiliser_Brands[Ingredient 1],Table_Input_InorganicFertiliser_Brands[Ingredient 1 percent],Table_Input_InorganicFertiliser_Brands[Ingredient 2],Table_Input_InorganicFertiliser_Brands[Ingredient 2 percent],Table_Input_InorganicFertiliser_Brands[Ingredient 3],Table_Input_InorganicFertiliser_Brands[Ingredient 3 percent],Table_Input_InorganicFertiliser_Brands[Ingredient 4],Table_Input_InorganicFertiliser_Brands[Ingredient 4 percent],Table_Input_InorganicFertiliser_Brands[Ingredient 5],Table_Input_InorganicFertiliser_Brands[Ingredient 5 percent],Table_Input_InorganicFertiliser_Brands[Ingredient 6],Table_Input_InorganicFertiliser_Brands[Ingredient 6 percent])+ Fertiliser_InputFunctions.Fertiliser_TotalChemicalCompoundAppliedAllIngredients($D23,Table_Input_InorganicFertiliser_Custom[Total applied (kg)],Table_Input_InorganicFertiliser_Custom[Ingredient 1 (select)],Table_Input_InorganicFertiliser_Custom[Ingredient 1 percent],Table_Input_InorganicFertiliser_Custom[Ingredient 2],Table_Input_InorganicFertiliser_Custom[Ingredient 2 percent],Table_Input_InorganicFertiliser_Custom[Ingredient 3],Table_Input_InorganicFertiliser_Custom[Ingredient 3 percent],Table_Input_InorganicFertiliser_Custom[Ingredient 4],Table_Input_InorganicFertiliser_Custom[Ingredient 4 percent])} -> 0 | F23: {=Common_InputFunctions.Utility_LookupValueInTableNumber(D23,Table_Fertiliser_ChemicalCompounds[Fertiliser type f],Table_Fertiliser_ChemicalCompounds[FNinorganic f])} -> 0.46 | G23: {=Fertiliser_Equations_InorganicN2O.VEERG_5_1_1_1__2_MassOfNitrogenInInorganicFertiliser(E23,F23)} -> 0 | M23: {=_xlfn.CHOOSECOLS(Fertiliser_Equations_InorganicN2O.VEERG_5_1_1_2__2_EmissionFactorNonIrrigatedGrainsHighRainfall_Arguments(), 1, 2)} -> N_fjNonIrrigatedGrains | N23: application rate of inorganic fertiliser type f in the grains crop (kg N/ha) | Q23: ="See " & $M$41 -> See M2_Table_FertApplications | S23: {=_xlfn.CHOOSECOLS(Fertiliser_Equations_InorganicN2O.VEERG_5_1_1_2__2_EmissionFactorNonIrrigatedGrainsHighRainfall_Arguments(), 3)} -> Input
D24: Sulphate of ammonia (SOA) | E24: {=Fertiliser_InputFunctions.Fertiliser_TotalChemicalCompoundAppliedAllIngredients($D24,Table_Input_InorganicFertiliser_Brands[Total applied (kg)],Table_Input_InorganicFertiliser_Brands[Ingredient 1],Table_Input_InorganicFertiliser_Brands[Ingredient 1 percent],Table_Input_InorganicFertiliser_Brands[Ingredient 2],Table_Input_InorganicFertiliser_Brands[Ingredient 2 percent],Table_Input_InorganicFertiliser_Brands[Ingredient 3],Table_Input_InorganicFertiliser_Brands[Ingredient 3 percent],Table_Input_InorganicFertiliser_Brands[Ingredient 4],Table_Input_InorganicFertiliser_Brands[Ingredient 4 percent],Table_Input_InorganicFertiliser_Brands[Ingredient 5],Table_Input_InorganicFertiliser_Brands[Ingredient 5 percent],Table_Input_InorganicFertiliser_Brands[Ingredient 6],Table_Input_InorganicFertiliser_Brands[Ingredient 6 percent])+ Fertiliser_InputFunctions.Fertiliser_TotalChemicalCompoundAppliedAllIngredients($D24,Table_Input_InorganicFertiliser_Custom[Total applied (kg)],Table_Input_InorganicFertiliser_Custom[Ingredient 1 (select)],Table_Input_InorganicFertiliser_Custom[Ingredient 1 percent],Table_Input_InorganicFertiliser_Custom[Ingredient 2],Table_Input_InorganicFertiliser_Custom[Ingredient 2 percent],Table_Input_InorganicFertiliser_Custom[Ingredient 3],Table_Input_InorganicFertiliser_Custom[Ingredient 3 percent],Table_Input_InorganicFertiliser_Custom[Ingredient 4],Table_Input_InorganicFertiliser_Custom[Ingredient 4 percent])} -> 0 | F24: {=Common_InputFunctions.Utility_LookupValueInTableNumber(D24,Table_Fertiliser_ChemicalCompounds[Fertiliser type f],Table_Fertiliser_ChemicalCompounds[FNinorganic f])} -> 0.21 | G24: {=Fertiliser_Equations_InorganicN2O.VEERG_5_1_1_1__2_MassOfNitrogenInInorganicFertiliser(E24,F24)} -> 0 | M24: f | N24: Inorganic fertiliser type | Q24: Not used - application rate calculated per product blend application | S24: Constant
D25: Urea-ammonium nitrate (UAN) | E25: {=Fertiliser_InputFunctions.Fertiliser_TotalChemicalCompoundAppliedAllIngredients($D25,Table_Input_InorganicFertiliser_Brands[Total applied (kg)],Table_Input_InorganicFertiliser_Brands[Ingredient 1],Table_Input_InorganicFertiliser_Brands[Ingredient 1 percent],Table_Input_InorganicFertiliser_Brands[Ingredient 2],Table_Input_InorganicFertiliser_Brands[Ingredient 2 percent],Table_Input_InorganicFertiliser_Brands[Ingredient 3],Table_Input_InorganicFertiliser_Brands[Ingredient 3 percent],Table_Input_InorganicFertiliser_Brands[Ingredient 4],Table_Input_InorganicFertiliser_Brands[Ingredient 4 percent],Table_Input_InorganicFertiliser_Brands[Ingredient 5],Table_Input_InorganicFertiliser_Brands[Ingredient 5 percent],Table_Input_InorganicFertiliser_Brands[Ingredient 6],Table_Input_InorganicFertiliser_Brands[Ingredient 6 percent])+ Fertiliser_InputFunctions.Fertiliser_TotalChemicalCompoundAppliedAllIngredients($D25,Table_Input_InorganicFertiliser_Custom[Total applied (kg)],Table_Input_InorganicFertiliser_Custom[Ingredient 1 (select)],Table_Input_InorganicFertiliser_Custom[Ingredient 1 percent],Table_Input_InorganicFertiliser_Custom[Ingredient 2],Table_Input_InorganicFertiliser_Custom[Ingredient 2 percent],Table_Input_InorganicFertiliser_Custom[Ingredient 3],Table_Input_InorganicFertiliser_Custom[Ingredient 3 percent],Table_Input_InorganicFertiliser_Custom[Ingredient 4],Table_Input_InorganicFertiliser_Custom[Ingredient 4 percent])} -> 16000 | F25: {=Common_InputFunctions.Utility_LookupValueInTableNumber(D25,Table_Fertiliser_ChemicalCompounds[Fertiliser type f],Table_Fertiliser_ChemicalCompounds[FNinorganic f])} -> 0.32 | G25: {=Fertiliser_Equations_InorganicN2O.VEERG_5_1_1_1__2_MassOfNitrogenInInorganicFertiliser(E25,F25)} -> 5120
D26: Ammonium nitrate (AN) | E26: {=Fertiliser_InputFunctions.Fertiliser_TotalChemicalCompoundAppliedAllIngredients($D26,Table_Input_InorganicFertiliser_Brands[Total applied (kg)],Table_Input_InorganicFertiliser_Brands[Ingredient 1],Table_Input_InorganicFertiliser_Brands[Ingredient 1 percent],Table_Input_InorganicFertiliser_Brands[Ingredient 2],Table_Input_InorganicFertiliser_Brands[Ingredient 2 percent],Table_Input_InorganicFertiliser_Brands[Ingredient 3],Table_Input_InorganicFertiliser_Brands[Ingredient 3 percent],Table_Input_InorganicFertiliser_Brands[Ingredient 4],Table_Input_InorganicFertiliser_Brands[Ingredient 4 percent],Table_Input_InorganicFertiliser_Brands[Ingredient 5],Table_Input_InorganicFertiliser_Brands[Ingredient 5 percent],Table_Input_InorganicFertiliser_Brands[Ingredient 6],Table_Input_InorganicFertiliser_Brands[Ingredient 6 percent])+ Fertiliser_InputFunctions.Fertiliser_TotalChemicalCompoundAppliedAllIngredients($D26,Table_Input_InorganicFertiliser_Custom[Total applied (kg)],Table_Input_InorganicFertiliser_Custom[Ingredient 1 (select)],Table_Input_InorganicFertiliser_Custom[Ingredient 1 percent],Table_Input_InorganicFertiliser_Custom[Ingredient 2],Table_Input_InorganicFertiliser_Custom[Ingredient 2 percent],Table_Input_InorganicFertiliser_Custom[Ingredient 3],Table_Input_InorganicFertiliser_Custom[Ingredient 3 percent],Table_Input_InorganicFertiliser_Custom[Ingredient 4],Table_Input_InorganicFertiliser_Custom[Ingredient 4 percent])} -> 0 | F26: {=Common_InputFunctions.Utility_LookupValueInTableNumber(D26,Table_Fertiliser_ChemicalCompounds[Fertiliser type f],Table_Fertiliser_ChemicalCompounds[FNinorganic f])} -> 0.337 | G26: {=Fertiliser_Equations_InorganicN2O.VEERG_5_1_1_1__2_MassOfNitrogenInInorganicFertiliser(E26,F26)} -> 0
D27: Calcium ammonium nitrate (CAN) | E27: {=Fertiliser_InputFunctions.Fertiliser_TotalChemicalCompoundAppliedAllIngredients($D27,Table_Input_InorganicFertiliser_Brands[Total applied (kg)],Table_Input_InorganicFertiliser_Brands[Ingredient 1],Table_Input_InorganicFertiliser_Brands[Ingredient 1 percent],Table_Input_InorganicFertiliser_Brands[Ingredient 2],Table_Input_InorganicFertiliser_Brands[Ingredient 2 percent],Table_Input_InorganicFertiliser_Brands[Ingredient 3],Table_Input_InorganicFertiliser_Brands[Ingredient 3 percent],Table_Input_InorganicFertiliser_Brands[Ingredient 4],Table_Input_InorganicFertiliser_Brands[Ingredient 4 percent],Table_Input_InorganicFertiliser_Brands[Ingredient 5],Table_Input_InorganicFertiliser_Brands[Ingredient 5 percent],Table_Input_InorganicFertiliser_Brands[Ingredient 6],Table_Input_InorganicFertiliser_Brands[Ingredient 6 percent])+ Fertiliser_InputFunctions.Fertiliser_TotalChemicalCompoundAppliedAllIngredients($D27,Table_Input_InorganicFertiliser_Custom[Total applied (kg)],Table_Input_InorganicFertiliser_Custom[Ingredient 1 (select)],Table_Input_InorganicFertiliser_Custom[Ingredient 1 percent],Table_Input_InorganicFertiliser_Custom[Ingredient 2],Table_Input_InorganicFertiliser_Custom[Ingredient 2 percent],Table_Input_InorganicFertiliser_Custom[Ingredient 3],Table_Input_InorganicFertiliser_Custom[Ingredient 3 percent],Table_Input_InorganicFertiliser_Custom[Ingredient 4],Table_Input_InorganicFertiliser_Custom[Ingredient 4 percent])} -> 0 | F27: {=Common_InputFunctions.Utility_LookupValueInTableNumber(D27,Table_Fertiliser_ChemicalCompounds[Fertiliser type f],Table_Fertiliser_ChemicalCompounds[FNinorganic f])} -> 0.27 | G27: {=Fertiliser_Equations_InorganicN2O.VEERG_5_1_1_1__2_MassOfNitrogenInInorganicFertiliser(E27,F27)} -> 0 | M27: {=Fertiliser_Equations_InorganicN2O.VEERG_5_1_1_2__3_EmissionFactorCotton_Title()} -> Emission factor for nitrous oxide for cotton
D28: Nitrogen - Ammoniacal | E28: {=Fertiliser_InputFunctions.Fertiliser_TotalChemicalCompoundAppliedAllIngredients($D28,Table_Input_InorganicFertiliser_Brands[Total applied (kg)],Table_Input_InorganicFertiliser_Brands[Ingredient 1],Table_Input_InorganicFertiliser_Brands[Ingredient 1 percent],Table_Input_InorganicFertiliser_Brands[Ingredient 2],Table_Input_InorganicFertiliser_Brands[Ingredient 2 percent],Table_Input_InorganicFertiliser_Brands[Ingredient 3],Table_Input_InorganicFertiliser_Brands[Ingredient 3 percent],Table_Input_InorganicFertiliser_Brands[Ingredient 4],Table_Input_InorganicFertiliser_Brands[Ingredient 4 percent],Table_Input_InorganicFertiliser_Brands[Ingredient 5],Table_Input_InorganicFertiliser_Brands[Ingredient 5 percent],Table_Input_InorganicFertiliser_Brands[Ingredient 6],Table_Input_InorganicFertiliser_Brands[Ingredient 6 percent])+ Fertiliser_InputFunctions.Fertiliser_TotalChemicalCompoundAppliedAllIngredients($D28,Table_Input_InorganicFertiliser_Custom[Total applied (kg)],Table_Input_InorganicFertiliser_Custom[Ingredient 1 (select)],Table_Input_InorganicFertiliser_Custom[Ingredient 1 percent],Table_Input_InorganicFertiliser_Custom[Ingredient 2],Table_Input_InorganicFertiliser_Custom[Ingredient 2 percent],Table_Input_InorganicFertiliser_Custom[Ingredient 3],Table_Input_InorganicFertiliser_Custom[Ingredient 3 percent],Table_Input_InorganicFertiliser_Custom[Ingredient 4],Table_Input_InorganicFertiliser_Custom[Ingredient 4 percent])} -> 0 | F28: {=Common_InputFunctions.Utility_LookupValueInTableNumber(D28,Table_Fertiliser_ChemicalCompounds[Fertiliser type f],Table_Fertiliser_ChemicalCompounds[FNinorganic f])} -> 1 | G28: {=Fertiliser_Equations_InorganicN2O.VEERG_5_1_1_1__2_MassOfNitrogenInInorganicFertiliser(E28,F28)} -> 0 | M28: {=Fertiliser_Equations_InorganicN2O.VEERG_5_1_1_2__3_EmissionFactorCotton_Source()} -> VEERG 2026: 5.1.1.2, Equation (3)
D29: Nitrogen - Nitrate | E29: {=Fertiliser_InputFunctions.Fertiliser_TotalChemicalCompoundAppliedAllIngredients($D29,Table_Input_InorganicFertiliser_Brands[Total applied (kg)],Table_Input_InorganicFertiliser_Brands[Ingredient 1],Table_Input_InorganicFertiliser_Brands[Ingredient 1 percent],Table_Input_InorganicFertiliser_Brands[Ingredient 2],Table_Input_InorganicFertiliser_Brands[Ingredient 2 percent],Table_Input_InorganicFertiliser_Brands[Ingredient 3],Table_Input_InorganicFertiliser_Brands[Ingredient 3 percent],Table_Input_InorganicFertiliser_Brands[Ingredient 4],Table_Input_InorganicFertiliser_Brands[Ingredient 4 percent],Table_Input_InorganicFertiliser_Brands[Ingredient 5],Table_Input_InorganicFertiliser_Brands[Ingredient 5 percent],Table_Input_InorganicFertiliser_Brands[Ingredient 6],Table_Input_InorganicFertiliser_Brands[Ingredient 6 percent])+ Fertiliser_InputFunctions.Fertiliser_TotalChemicalCompoundAppliedAllIngredients($D29,Table_Input_InorganicFertiliser_Custom[Total applied (kg)],Table_Input_InorganicFertiliser_Custom[Ingredient 1 (select)],Table_Input_InorganicFertiliser_Custom[Ingredient 1 percent],Table_Input_InorganicFertiliser_Custom[Ingredient 2],Table_Input_InorganicFertiliser_Custom[Ingredient 2 percent],Table_Input_InorganicFertiliser_Custom[Ingredient 3],Table_Input_InorganicFertiliser_Custom[Ingredient 3 percent],Table_Input_InorganicFertiliser_Custom[Ingredient 4],Table_Input_InorganicFertiliser_Custom[Ingredient 4 percent])} -> 0 | F29: {=Common_InputFunctions.Utility_LookupValueInTableNumber(D29,Table_Fertiliser_ChemicalCompounds[Fertiliser type f],Table_Fertiliser_ChemicalCompounds[FNinorganic f])} -> 1 | G29: {=Fertiliser_Equations_InorganicN2O.VEERG_5_1_1_1__2_MassOfNitrogenInInorganicFertiliser(E29,F29)} -> 0
D30: Nitrogen - generic | E30: {=Fertiliser_InputFunctions.Fertiliser_TotalChemicalCompoundAppliedAllIngredients($D30,Table_Input_InorganicFertiliser_Brands[Total applied (kg)],Table_Input_InorganicFertiliser_Brands[Ingredient 1],Table_Input_InorganicFertiliser_Brands[Ingredient 1 percent],Table_Input_InorganicFertiliser_Brands[Ingredient 2],Table_Input_InorganicFertiliser_Brands[Ingredient 2 percent],Table_Input_InorganicFertiliser_Brands[Ingredient 3],Table_Input_InorganicFertiliser_Brands[Ingredient 3 percent],Table_Input_InorganicFertiliser_Brands[Ingredient 4],Table_Input_InorganicFertiliser_Brands[Ingredient 4 percent],Table_Input_InorganicFertiliser_Brands[Ingredient 5],Table_Input_InorganicFertiliser_Brands[Ingredient 5 percent],Table_Input_InorganicFertiliser_Brands[Ingredient 6],Table_Input_InorganicFertiliser_Brands[Ingredient 6 percent])+ Fertiliser_InputFunctions.Fertiliser_TotalChemicalCompoundAppliedAllIngredients($D30,Table_Input_InorganicFertiliser_Custom[Total applied (kg)],Table_Input_InorganicFertiliser_Custom[Ingredient 1 (select)],Table_Input_InorganicFertiliser_Custom[Ingredient 1 percent],Table_Input_InorganicFertiliser_Custom[Ingredient 2],Table_Input_InorganicFertiliser_Custom[Ingredient 2 percent],Table_Input_InorganicFertiliser_Custom[Ingredient 3],Table_Input_InorganicFertiliser_Custom[Ingredient 3 percent],Table_Input_InorganicFertiliser_Custom[Ingredient 4],Table_Input_InorganicFertiliser_Custom[Ingredient 4 percent])} -> 9000 | F30: {=Common_InputFunctions.Utility_LookupValueInTableNumber(D30,Table_Fertiliser_ChemicalCompounds[Fertiliser type f],Table_Fertiliser_ChemicalCompounds[FNinorganic f])} -> 1 | G30: {=Fertiliser_Equations_InorganicN2O.VEERG_5_1_1_1__2_MassOfNitrogenInInorganicFertiliser(E30,F30)} -> 9000
D31: Phosphorus - generic | E31: {=Fertiliser_InputFunctions.Fertiliser_TotalChemicalCompoundAppliedAllIngredients($D31,Table_Input_InorganicFertiliser_Brands[Total applied (kg)],Table_Input_InorganicFertiliser_Brands[Ingredient 1],Table_Input_InorganicFertiliser_Brands[Ingredient 1 percent],Table_Input_InorganicFertiliser_Brands[Ingredient 2],Table_Input_InorganicFertiliser_Brands[Ingredient 2 percent],Table_Input_InorganicFertiliser_Brands[Ingredient 3],Table_Input_InorganicFertiliser_Brands[Ingredient 3 percent],Table_Input_InorganicFertiliser_Brands[Ingredient 4],Table_Input_InorganicFertiliser_Brands[Ingredient 4 percent],Table_Input_InorganicFertiliser_Brands[Ingredient 5],Table_Input_InorganicFertiliser_Brands[Ingredient 5 percent],Table_Input_InorganicFertiliser_Brands[Ingredient 6],Table_Input_InorganicFertiliser_Brands[Ingredient 6 percent])+ Fertiliser_InputFunctions.Fertiliser_TotalChemicalCompoundAppliedAllIngredients($D31,Table_Input_InorganicFertiliser_Custom[Total applied (kg)],Table_Input_InorganicFertiliser_Custom[Ingredient 1 (select)],Table_Input_InorganicFertiliser_Custom[Ingredient 1 percent],Table_Input_InorganicFertiliser_Custom[Ingredient 2],Table_Input_InorganicFertiliser_Custom[Ingredient 2 percent],Table_Input_InorganicFertiliser_Custom[Ingredient 3],Table_Input_InorganicFertiliser_Custom[Ingredient 3 percent],Table_Input_InorganicFertiliser_Custom[Ingredient 4],Table_Input_InorganicFertiliser_Custom[Ingredient 4 percent])} -> 6000 | F31: {=Common_InputFunctions.Utility_LookupValueInTableNumber(D31,Table_Fertiliser_ChemicalCompounds[Fertiliser type f],Table_Fertiliser_ChemicalCompounds[FNinorganic f])} -> 0 | G31: {=Fertiliser_Equations_InorganicN2O.VEERG_5_1_1_1__2_MassOfNitrogenInInorganicFertiliser(E31,F31)} -> 0
D32: Potassium - generic | E32: {=Fertiliser_InputFunctions.Fertiliser_TotalChemicalCompoundAppliedAllIngredients($D32,Table_Input_InorganicFertiliser_Brands[Total applied (kg)],Table_Input_InorganicFertiliser_Brands[Ingredient 1],Table_Input_InorganicFertiliser_Brands[Ingredient 1 percent],Table_Input_InorganicFertiliser_Brands[Ingredient 2],Table_Input_InorganicFertiliser_Brands[Ingredient 2 percent],Table_Input_InorganicFertiliser_Brands[Ingredient 3],Table_Input_InorganicFertiliser_Brands[Ingredient 3 percent],Table_Input_InorganicFertiliser_Brands[Ingredient 4],Table_Input_InorganicFertiliser_Brands[Ingredient 4 percent],Table_Input_InorganicFertiliser_Brands[Ingredient 5],Table_Input_InorganicFertiliser_Brands[Ingredient 5 percent],Table_Input_InorganicFertiliser_Brands[Ingredient 6],Table_Input_InorganicFertiliser_Brands[Ingredient 6 percent])+ Fertiliser_InputFunctions.Fertiliser_TotalChemicalCompoundAppliedAllIngredients($D32,Table_Input_InorganicFertiliser_Custom[Total applied (kg)],Table_Input_InorganicFertiliser_Custom[Ingredient 1 (select)],Table_Input_InorganicFertiliser_Custom[Ingredient 1 percent],Table_Input_InorganicFertiliser_Custom[Ingredient 2],Table_Input_InorganicFertiliser_Custom[Ingredient 2 percent],Table_Input_InorganicFertiliser_Custom[Ingredient 3],Table_Input_InorganicFertiliser_Custom[Ingredient 3 percent],Table_Input_InorganicFertiliser_Custom[Ingredient 4],Table_Input_InorganicFertiliser_Custom[Ingredient 4 percent])} -> 2000 | F32: {=Common_InputFunctions.Utility_LookupValueInTableNumber(D32,Table_Fertiliser_ChemicalCompounds[Fertiliser type f],Table_Fertiliser_ChemicalCompounds[FNinorganic f])} -> 0 | G32: {=Fertiliser_Equations_InorganicN2O.VEERG_5_1_1_1__2_MassOfNitrogenInInorganicFertiliser(E32,F32)} -> 0 | M32: Variable | N32: {=Fertiliser_Equations_InorganicN2O.VEERG_5_1_1_2__3_EmissionFactorCotton_Variable()} -> EF_fjCottonN2O
D33: Sulfur - generic | E33: {=Fertiliser_InputFunctions.Fertiliser_TotalChemicalCompoundAppliedAllIngredients($D33,Table_Input_InorganicFertiliser_Brands[Total applied (kg)],Table_Input_InorganicFertiliser_Brands[Ingredient 1],Table_Input_InorganicFertiliser_Brands[Ingredient 1 percent],Table_Input_InorganicFertiliser_Brands[Ingredient 2],Table_Input_InorganicFertiliser_Brands[Ingredient 2 percent],Table_Input_InorganicFertiliser_Brands[Ingredient 3],Table_Input_InorganicFertiliser_Brands[Ingredient 3 percent],Table_Input_InorganicFertiliser_Brands[Ingredient 4],Table_Input_InorganicFertiliser_Brands[Ingredient 4 percent],Table_Input_InorganicFertiliser_Brands[Ingredient 5],Table_Input_InorganicFertiliser_Brands[Ingredient 5 percent],Table_Input_InorganicFertiliser_Brands[Ingredient 6],Table_Input_InorganicFertiliser_Brands[Ingredient 6 percent])+ Fertiliser_InputFunctions.Fertiliser_TotalChemicalCompoundAppliedAllIngredients($D33,Table_Input_InorganicFertiliser_Custom[Total applied (kg)],Table_Input_InorganicFertiliser_Custom[Ingredient 1 (select)],Table_Input_InorganicFertiliser_Custom[Ingredient 1 percent],Table_Input_InorganicFertiliser_Custom[Ingredient 2],Table_Input_InorganicFertiliser_Custom[Ingredient 2 percent],Table_Input_InorganicFertiliser_Custom[Ingredient 3],Table_Input_InorganicFertiliser_Custom[Ingredient 3 percent],Table_Input_InorganicFertiliser_Custom[Ingredient 4],Table_Input_InorganicFertiliser_Custom[Ingredient 4 percent])} -> 1000 | F33: {=Common_InputFunctions.Utility_LookupValueInTableNumber(D33,Table_Fertiliser_ChemicalCompounds[Fertiliser type f],Table_Fertiliser_ChemicalCompounds[FNinorganic f])} -> 0 | G33: {=Fertiliser_Equations_InorganicN2O.VEERG_5_1_1_1__2_MassOfNitrogenInInorganicFertiliser(E33,F33)} -> 0 | M33: Unit | N33: {=Fertiliser_Equations_InorganicN2O.VEERG_5_1_1_2__3_EmissionFactorCotton_Unit()} -> kg N2O-N/kg N applied
D34: Zinc - generic | E34: {=Fertiliser_InputFunctions.Fertiliser_TotalChemicalCompoundAppliedAllIngredients($D34,Table_Input_InorganicFertiliser_Brands[Total applied (kg)],Table_Input_InorganicFertiliser_Brands[Ingredient 1],Table_Input_InorganicFertiliser_Brands[Ingredient 1 percent],Table_Input_InorganicFertiliser_Brands[Ingredient 2],Table_Input_InorganicFertiliser_Brands[Ingredient 2 percent],Table_Input_InorganicFertiliser_Brands[Ingredient 3],Table_Input_InorganicFertiliser_Brands[Ingredient 3 percent],Table_Input_InorganicFertiliser_Brands[Ingredient 4],Table_Input_InorganicFertiliser_Brands[Ingredient 4 percent],Table_Input_InorganicFertiliser_Brands[Ingredient 5],Table_Input_InorganicFertiliser_Brands[Ingredient 5 percent],Table_Input_InorganicFertiliser_Brands[Ingredient 6],Table_Input_InorganicFertiliser_Brands[Ingredient 6 percent])+ Fertiliser_InputFunctions.Fertiliser_TotalChemicalCompoundAppliedAllIngredients($D34,Table_Input_InorganicFertiliser_Custom[Total applied (kg)],Table_Input_InorganicFertiliser_Custom[Ingredient 1 (select)],Table_Input_InorganicFertiliser_Custom[Ingredient 1 percent],Table_Input_InorganicFertiliser_Custom[Ingredient 2],Table_Input_InorganicFertiliser_Custom[Ingredient 2 percent],Table_Input_InorganicFertiliser_Custom[Ingredient 3],Table_Input_InorganicFertiliser_Custom[Ingredient 3 percent],Table_Input_InorganicFertiliser_Custom[Ingredient 4],Table_Input_InorganicFertiliser_Custom[Ingredient 4 percent])} -> 0 | F34: {=Common_InputFunctions.Utility_LookupValueInTableNumber(D34,Table_Fertiliser_ChemicalCompounds[Fertiliser type f],Table_Fertiliser_ChemicalCompounds[FNinorganic f])} -> 0 | G34: {=Fertiliser_Equations_InorganicN2O.VEERG_5_1_1_1__2_MassOfNitrogenInInorganicFertiliser(E34,F34)} -> 0
D35: Muriate of potash (MOP) | E35: {=Fertiliser_InputFunctions.Fertiliser_TotalChemicalCompoundAppliedAllIngredients($D35,Table_Input_InorganicFertiliser_Brands[Total applied (kg)],Table_Input_InorganicFertiliser_Brands[Ingredient 1],Table_Input_InorganicFertiliser_Brands[Ingredient 1 percent],Table_Input_InorganicFertiliser_Brands[Ingredient 2],Table_Input_InorganicFertiliser_Brands[Ingredient 2 percent],Table_Input_InorganicFertiliser_Brands[Ingredient 3],Table_Input_InorganicFertiliser_Brands[Ingredient 3 percent],Table_Input_InorganicFertiliser_Brands[Ingredient 4],Table_Input_InorganicFertiliser_Brands[Ingredient 4 percent],Table_Input_InorganicFertiliser_Brands[Ingredient 5],Table_Input_InorganicFertiliser_Brands[Ingredient 5 percent],Table_Input_InorganicFertiliser_Brands[Ingredient 6],Table_Input_InorganicFertiliser_Brands[Ingredient 6 percent])+ Fertiliser_InputFunctions.Fertiliser_TotalChemicalCompoundAppliedAllIngredients($D35,Table_Input_InorganicFertiliser_Custom[Total applied (kg)],Table_Input_InorganicFertiliser_Custom[Ingredient 1 (select)],Table_Input_InorganicFertiliser_Custom[Ingredient 1 percent],Table_Input_InorganicFertiliser_Custom[Ingredient 2],Table_Input_InorganicFertiliser_Custom[Ingredient 2 percent],Table_Input_InorganicFertiliser_Custom[Ingredient 3],Table_Input_InorganicFertiliser_Custom[Ingredient 3 percent],Table_Input_InorganicFertiliser_Custom[Ingredient 4],Table_Input_InorganicFertiliser_Custom[Ingredient 4 percent])} -> 0 | F35: {=Common_InputFunctions.Utility_LookupValueInTableNumber(D35,Table_Fertiliser_ChemicalCompounds[Fertiliser type f],Table_Fertiliser_ChemicalCompounds[FNinorganic f])} -> 0 | G35: {=Fertiliser_Equations_InorganicN2O.VEERG_5_1_1_1__2_MassOfNitrogenInInorganicFertiliser(E35,F35)} -> 0 | M35: {=_xlfn.CHOOSECOLS(Fertiliser_Equations_InorganicN2O.VEERG_5_1_1_2__3_EmissionFactorCotton_Arguments(), 1, 2)} -> N_fjCotton | N35: application rate of inorganic fertiliser type f in the cotton crop (kg N/ha) | Q35: ="See " & $M$41 -> See M2_Table_FertApplications | S35: {=_xlfn.CHOOSECOLS(Fertiliser_Equations_InorganicN2O.VEERG_5_1_1_2__3_EmissionFactorCotton_Arguments(), 3)} -> Input
D36: Double superphosphate | E36: {=Fertiliser_InputFunctions.Fertiliser_TotalChemicalCompoundAppliedAllIngredients($D36,Table_Input_InorganicFertiliser_Brands[Total applied (kg)],Table_Input_InorganicFertiliser_Brands[Ingredient 1],Table_Input_InorganicFertiliser_Brands[Ingredient 1 percent],Table_Input_InorganicFertiliser_Brands[Ingredient 2],Table_Input_InorganicFertiliser_Brands[Ingredient 2 percent],Table_Input_InorganicFertiliser_Brands[Ingredient 3],Table_Input_InorganicFertiliser_Brands[Ingredient 3 percent],Table_Input_InorganicFertiliser_Brands[Ingredient 4],Table_Input_InorganicFertiliser_Brands[Ingredient 4 percent],Table_Input_InorganicFertiliser_Brands[Ingredient 5],Table_Input_InorganicFertiliser_Brands[Ingredient 5 percent],Table_Input_InorganicFertiliser_Brands[Ingredient 6],Table_Input_InorganicFertiliser_Brands[Ingredient 6 percent])+ Fertiliser_InputFunctions.Fertiliser_TotalChemicalCompoundAppliedAllIngredients($D36,Table_Input_InorganicFertiliser_Custom[Total applied (kg)],Table_Input_InorganicFertiliser_Custom[Ingredient 1 (select)],Table_Input_InorganicFertiliser_Custom[Ingredient 1 percent],Table_Input_InorganicFertiliser_Custom[Ingredient 2],Table_Input_InorganicFertiliser_Custom[Ingredient 2 percent],Table_Input_InorganicFertiliser_Custom[Ingredient 3],Table_Input_InorganicFertiliser_Custom[Ingredient 3 percent],Table_Input_InorganicFertiliser_Custom[Ingredient 4],Table_Input_InorganicFertiliser_Custom[Ingredient 4 percent])} -> 0 | F36: {=Common_InputFunctions.Utility_LookupValueInTableNumber(D36,Table_Fertiliser_ChemicalCompounds[Fertiliser type f],Table_Fertiliser_ChemicalCompounds[FNinorganic f])} -> 0 | G36: {=Fertiliser_Equations_InorganicN2O.VEERG_5_1_1_1__2_MassOfNitrogenInInorganicFertiliser(E36,F36)} -> 0 | M36: f | N36: Inorganic fertiliser type | Q36: Not used - application rate calculated per product blend application | S36: Constant
D37: Single superphosphate (SSP) | E37: {=Fertiliser_InputFunctions.Fertiliser_TotalChemicalCompoundAppliedAllIngredients($D37,Table_Input_InorganicFertiliser_Brands[Total applied (kg)],Table_Input_InorganicFertiliser_Brands[Ingredient 1],Table_Input_InorganicFertiliser_Brands[Ingredient 1 percent],Table_Input_InorganicFertiliser_Brands[Ingredient 2],Table_Input_InorganicFertiliser_Brands[Ingredient 2 percent],Table_Input_InorganicFertiliser_Brands[Ingredient 3],Table_Input_InorganicFertiliser_Brands[Ingredient 3 percent],Table_Input_InorganicFertiliser_Brands[Ingredient 4],Table_Input_InorganicFertiliser_Brands[Ingredient 4 percent],Table_Input_InorganicFertiliser_Brands[Ingredient 5],Table_Input_InorganicFertiliser_Brands[Ingredient 5 percent],Table_Input_InorganicFertiliser_Brands[Ingredient 6],Table_Input_InorganicFertiliser_Brands[Ingredient 6 percent])+ Fertiliser_InputFunctions.Fertiliser_TotalChemicalCompoundAppliedAllIngredients($D37,Table_Input_InorganicFertiliser_Custom[Total applied (kg)],Table_Input_InorganicFertiliser_Custom[Ingredient 1 (select)],Table_Input_InorganicFertiliser_Custom[Ingredient 1 percent],Table_Input_InorganicFertiliser_Custom[Ingredient 2],Table_Input_InorganicFertiliser_Custom[Ingredient 2 percent],Table_Input_InorganicFertiliser_Custom[Ingredient 3],Table_Input_InorganicFertiliser_Custom[Ingredient 3 percent],Table_Input_InorganicFertiliser_Custom[Ingredient 4],Table_Input_InorganicFertiliser_Custom[Ingredient 4 percent])} -> 0 | F37: {=Common_InputFunctions.Utility_LookupValueInTableNumber(D37,Table_Fertiliser_ChemicalCompounds[Fertiliser type f],Table_Fertiliser_ChemicalCompounds[FNinorganic f])} -> 0 | G37: {=Fertiliser_Equations_InorganicN2O.VEERG_5_1_1_1__2_MassOfNitrogenInInorganicFertiliser(E37,F37)} -> 0
D38: Ammonia | E38: {=Fertiliser_InputFunctions.Fertiliser_TotalChemicalCompoundAppliedAllIngredients($D38,Table_Input_InorganicFertiliser_Brands[Total applied (kg)],Table_Input_InorganicFertiliser_Brands[Ingredient 1],Table_Input_InorganicFertiliser_Brands[Ingredient 1 percent],Table_Input_InorganicFertiliser_Brands[Ingredient 2],Table_Input_InorganicFertiliser_Brands[Ingredient 2 percent],Table_Input_InorganicFertiliser_Brands[Ingredient 3],Table_Input_InorganicFertiliser_Brands[Ingredient 3 percent],Table_Input_InorganicFertiliser_Brands[Ingredient 4],Table_Input_InorganicFertiliser_Brands[Ingredient 4 percent],Table_Input_InorganicFertiliser_Brands[Ingredient 5],Table_Input_InorganicFertiliser_Brands[Ingredient 5 percent],Table_Input_InorganicFertiliser_Brands[Ingredient 6],Table_Input_InorganicFertiliser_Brands[Ingredient 6 percent])+ Fertiliser_InputFunctions.Fertiliser_TotalChemicalCompoundAppliedAllIngredients($D38,Table_Input_InorganicFertiliser_Custom[Total applied (kg)],Table_Input_InorganicFertiliser_Custom[Ingredient 1 (select)],Table_Input_InorganicFertiliser_Custom[Ingredient 1 percent],Table_Input_InorganicFertiliser_Custom[Ingredient 2],Table_Input_InorganicFertiliser_Custom[Ingredient 2 percent],Table_Input_InorganicFertiliser_Custom[Ingredient 3],Table_Input_InorganicFertiliser_Custom[Ingredient 3 percent],Table_Input_InorganicFertiliser_Custom[Ingredient 4],Table_Input_InorganicFertiliser_Custom[Ingredient 4 percent])} -> 0 | F38: {=Common_InputFunctions.Utility_LookupValueInTableNumber(D38,Table_Fertiliser_ChemicalCompounds[Fertiliser type f],Table_Fertiliser_ChemicalCompounds[FNinorganic f])} -> 0.82 | G38: {=Fertiliser_Equations_InorganicN2O.VEERG_5_1_1_1__2_MassOfNitrogenInInorganicFertiliser(E38,F38)} -> 0
M39: ALERT: For method 2 the application rate (N) and mass of nitrogen (MN) is calculated per fertiliser application instance, not per fertiliser type.
M41: M2_Table_FertApplications
D42: {=Fertiliser_Equations_InorganicN2O.VEERG_5_1_1_1__1_InorganicFertiliserApplicationN2OEmissions_Title()} -> Nitrous oxide emissions from the application of all inorganic fertiliser types f to all production systems j | M42: Fertiliser product applications (Method 2) | T42: Capped cotton applicationj rate to 300 based on VEERG "application rate of inorganic fertiliser type f in the cotton crop (kg N/ha). This is capped at a maximum of 0.0183 kg CO2e/kg N, equivalent to N application rates of 300 kg N/ha "
D43: {=Fertiliser_Equations_InorganicN2O.VEERG_5_1_1_1__1_InorganicFertiliserApplicationN2OEmissions_Source()} -> VEERG 2026: 5.1.1.1, Equation (1) | N43: Input | O43: Input | P43: Input | Q43: Calculated | R43: Calculated | S43: Calculated | T43: Calculated | U43: Calculated | V43: Calculated | W43: Lookup
D44: Function name | E44: {=Common_InputFunctions.Utility_DisplayFunctionName($E$64)} -> =Fertiliser_Equations_InorganicN2O.VEERG_5_1_1_1__1_InorganicFertiliserApplicationN2OEmissions | O44: kg / hectare | P44: hectares | Q44: kg | R44: =$N$10 -> kg N2O-N/kg N applied | S44: =$N$21 -> kg N2O-N/kg N applied | T44: kg / hectare | U44: kg | V44: =$N$33 -> kg N2O-N/kg N applied | W44: kg N2O-N/kg N applied
M45: Product applied | N45: Product applied | O45: N Application rate | P45: Application area | Q45: MN | R45: EFfjirrigatemaizeN2O | S45: EFfjnonirrigatedgrainsN2O | T45: N App. rate for cotton (max 300) | U45: MN for cotton | V45: EFfjcottonN2O | W45: EFjN2O
M46: Branded product | N46: {=Table_Input_InorganicFertiliser_Brands[Product (select)]} -> 80% Urea 20% MAP | O46: {=Table_Input_InorganicFertiliser_Brands[N application rate (kg/ha)]} -> 55.2 | P46: {=Table_Input_InorganicFertiliser_Brands[Application area (ha)]} -> 100 | Q46: =O46*P46 -> 5520 | R46: {=IF(O46>0, Fertiliser_Equations_InorganicN2O.VEERG_5_1_1_2__1_EmissionFactorIrrigatedMaize(O46), 0)} -> 0.0018932 | S46: {=IF(O46>0, Fertiliser_Equations_InorganicN2O.VEERG_5_1_1_2__2_EmissionFactorNonIrrigatedGrainsHighRainfall(O46), 0)} -> 0.004921 | T46: =IF(O46>0, MIN(300, O46), 0) -> 55.2 | U46: =P46*T46 -> 5520 | V46: {=IF(O46>0, Fertiliser_Equations_InorganicN2O.VEERG_5_1_1_2__3_EmissionFactorCotton(T46), 0)} -> 2.9085079e-05 | W46: =IF(O46>0,Common_InputFunctions.Utility_LookupN2OEFFromProdIrrigationRainfall($Q$71,$Q$74,$Q$75,Table_SourceData_Common_EFN2O[Production system only],Table_SourceData_Common_EFN2O[Irrigation method],Table_SourceData_Common_EFN2O[Rainfall zone],Table_SourceData_Common_EFN2O[EFN2O]), 0) -> 0.008
M47: Branded product | Q47: =O47*P47 -> 0 | R47: {=IF(O47>0, Fertiliser_Equations_InorganicN2O.VEERG_5_1_1_2__1_EmissionFactorIrrigatedMaize(O47), 0)} -> 0 | S47: {=IF(O47>0, Fertiliser_Equations_InorganicN2O.VEERG_5_1_1_2__2_EmissionFactorNonIrrigatedGrainsHighRainfall(O47), 0)} -> 0 | T47: =IF(O47>0, MIN(300, O47), 0) -> 0 | U47: =P47*T47 -> 0 | V47: {=IF(O47>0, Fertiliser_Equations_InorganicN2O.VEERG_5_1_1_2__3_EmissionFactorCotton(T47), 0)} -> 0 | W47: =IF(O47>0,Common_InputFunctions.Utility_LookupN2OEFFromProdIrrigationRainfall($Q$71,$Q$74,$Q$75,Table_SourceData_Common_EFN2O[Production system only],Table_SourceData_Common_EFN2O[Irrigation method],Table_SourceData_Common_EFN2O[Rainfall zone],Table_SourceData_Common_EFN2O[EFN2O]), 0) -> 0
D48: Variable | E48: {=Fertiliser_Equations_InorganicN2O.VEERG_5_1_1_1__1_InorganicFertiliserApplicationN2OEmissions_Variable()} -> E_N2O | M48: Branded product | Q48: =O48*P48 -> 0 | R48: {=IF(O48>0, Fertiliser_Equations_InorganicN2O.VEERG_5_1_1_2__1_EmissionFactorIrrigatedMaize(O48), 0)} -> 0 | S48: {=IF(O48>0, Fertiliser_Equations_InorganicN2O.VEERG_5_1_1_2__2_EmissionFactorNonIrrigatedGrainsHighRainfall(O48), 0)} -> 0 | T48: =IF(O48>0, MIN(300, O48), 0) -> 0 | U48: =P48*T48 -> 0 | V48: {=IF(O48>0, Fertiliser_Equations_InorganicN2O.VEERG_5_1_1_2__3_EmissionFactorCotton(T48), 0)} -> 0 | W48: =IF(O48>0,Common_InputFunctions.Utility_LookupN2OEFFromProdIrrigationRainfall($Q$71,$Q$74,$Q$75,Table_SourceData_Common_EFN2O[Production system only],Table_SourceData_Common_EFN2O[Irrigation method],Table_SourceData_Common_EFN2O[Rainfall zone],Table_SourceData_Common_EFN2O[EFN2O]), 0) -> 0
D49: Unit | E49: {=Fertiliser_Equations_InorganicN2O.VEERG_5_1_1_1__1_InorganicFertiliserApplicationN2OEmissions_Unit()} -> t N2O | M49: Branded product | Q49: =O49*P49 -> 0 | R49: {=IF(O49>0, Fertiliser_Equations_InorganicN2O.VEERG_5_1_1_2__1_EmissionFactorIrrigatedMaize(O49), 0)} -> 0 | S49: {=IF(O49>0, Fertiliser_Equations_InorganicN2O.VEERG_5_1_1_2__2_EmissionFactorNonIrrigatedGrainsHighRainfall(O49), 0)} -> 0 | T49: =IF(O49>0, MIN(300, O49), 0) -> 0 | U49: =P49*T49 -> 0 | V49: {=IF(O49>0, Fertiliser_Equations_InorganicN2O.VEERG_5_1_1_2__3_EmissionFactorCotton(T49), 0)} -> 0 | W49: =IF(O49>0,Common_InputFunctions.Utility_LookupN2OEFFromProdIrrigationRainfall($Q$71,$Q$74,$Q$75,Table_SourceData_Common_EFN2O[Production system only],Table_SourceData_Common_EFN2O[Irrigation method],Table_SourceData_Common_EFN2O[Rainfall zone],Table_SourceData_Common_EFN2O[EFN2O]), 0) -> 0
M50: Branded product | Q50: =O50*P50 -> 0 | R50: {=IF(O50>0, Fertiliser_Equations_InorganicN2O.VEERG_5_1_1_2__1_EmissionFactorIrrigatedMaize(O50), 0)} -> 0 | S50: {=IF(O50>0, Fertiliser_Equations_InorganicN2O.VEERG_5_1_1_2__2_EmissionFactorNonIrrigatedGrainsHighRainfall(O50), 0)} -> 0 | T50: =IF(O50>0, MIN(300, O50), 0) -> 0 | U50: =P50*T50 -> 0 | V50: {=IF(O50>0, Fertiliser_Equations_InorganicN2O.VEERG_5_1_1_2__3_EmissionFactorCotton(T50), 0)} -> 0 | W50: =IF(O50>0,Common_InputFunctions.Utility_LookupN2OEFFromProdIrrigationRainfall($Q$71,$Q$74,$Q$75,Table_SourceData_Common_EFN2O[Production system only],Table_SourceData_Common_EFN2O[Irrigation method],Table_SourceData_Common_EFN2O[Rainfall zone],Table_SourceData_Common_EFN2O[EFN2O]), 0) -> 0
D51: {=_xlfn.CHOOSECOLS(Fertiliser_Equations_InorganicN2O.VEERG_5_1_1_1__1_InorganicFertiliserApplicationN2OEmissions_Arguments(), 1, 2)} -> MN_jf | E51: mass of nitrogen in inorganic fertiliser type f applied to production system j (kg N) | H51: ="See " & D16 -> See Table_MN_j_f | I51: {=_xlfn.CHOOSECOLS(Fertiliser_Equations_InorganicN2O.VEERG_5_1_1_1__1_InorganicFertiliserApplicationN2OEmissions_Arguments(), 3)} -> Calculated | M51: Custom blend | N51: {=Table_Input_InorganicFertiliser_Custom[Custom blend name]} -> My first custom blend | O51: {=Table_Input_InorganicFertiliser_Custom[N application rate (kg/ha)]} -> 90 | P51: {=Table_Input_InorganicFertiliser_Custom[Application area (ha)]} -> 100 | Q51: =O51*P51 -> 9000 | R51: {=IF(O51>0, Fertiliser_Equations_InorganicN2O.VEERG_5_1_1_2__1_EmissionFactorIrrigatedMaize(O51), 0)} -> 0.004016 | S51: {=IF(O51>0, Fertiliser_Equations_InorganicN2O.VEERG_5_1_1_2__2_EmissionFactorNonIrrigatedGrainsHighRainfall(O51), 0)} -> 0.007531 | T51: =IF(O51>0, MIN(300, O51), 0) -> 90 | U51: =P51*T51 -> 9000 | V51: {=IF(O51>0, Fertiliser_Equations_InorganicN2O.VEERG_5_1_1_2__3_EmissionFactorCotton(T51), 0)} -> 2.920952e-05 | W51: =IF(O51>0,Common_InputFunctions.Utility_LookupN2OEFFromProdIrrigationRainfall($Q$71,$Q$74,$Q$75,Table_SourceData_Common_EFN2O[Production system only],Table_SourceData_Common_EFN2O[Irrigation method],Table_SourceData_Common_EFN2O[Rainfall zone],Table_SourceData_Common_EFN2O[EFN2O]), 0) -> 0.008
D52: EF_jN2O | E52: emission factor for nitrous oxide for inorganic fertilisers (kg N2O-N/kg N applied) | H52: =Common_InputFunctions.Utility_LookupN2OEFFromProdIrrigationRainfall(H54,H56,H57,Table_SourceData_Common_EFN2O[Production system only],Table_SourceData_Common_EFN2O[Irrigation method],Table_SourceData_Common_EFN2O[Rainfall zone],Table_SourceData_Common_EFN2O[EFN2O]) -> 0.008 | I52: Constant | M52: Custom blend | Q52: =O52*P52 -> 0 | R52: {=IF(O52>0, Fertiliser_Equations_InorganicN2O.VEERG_5_1_1_2__1_EmissionFactorIrrigatedMaize(O52), 0)} -> 0 | S52: {=IF(O52>0, Fertiliser_Equations_InorganicN2O.VEERG_5_1_1_2__2_EmissionFactorNonIrrigatedGrainsHighRainfall(O52), 0)} -> 0 | T52: =IF(O52>0, MIN(300, O52), 0) -> 0 | U52: =P52*T52 -> 0 | V52: {=IF(O52>0, Fertiliser_Equations_InorganicN2O.VEERG_5_1_1_2__3_EmissionFactorCotton(T52), 0)} -> 0 | W52: =IF(O52>0,Common_InputFunctions.Utility_LookupN2OEFFromProdIrrigationRainfall($Q$71,$Q$74,$Q$75,Table_SourceData_Common_EFN2O[Production system only],Table_SourceData_Common_EFN2O[Irrigation method],Table_SourceData_Common_EFN2O[Rainfall zone],Table_SourceData_Common_EFN2O[EFN2O]), 0) -> 0
D53: C_N2O | E53: factor to convert elemental mass of nitrous oxide to molecular mass | H53: =Common_InputFunctions.Utility_LookupValueInTableNumber("N2O",Table_GasToMolecularConversionFactor[Gas],Table_GasToMolecularConversionFactor[Conversion factor combined]) -> 1.5714286 | I53: Constant | M53: Custom blend | Q53: =O53*P53 -> 0 | R53: {=IF(O53>0, Fertiliser_Equations_InorganicN2O.VEERG_5_1_1_2__1_EmissionFactorIrrigatedMaize(O53), 0)} -> 0 | S53: {=IF(O53>0, Fertiliser_Equations_InorganicN2O.VEERG_5_1_1_2__2_EmissionFactorNonIrrigatedGrainsHighRainfall(O53), 0)} -> 0 | T53: =IF(O53>0, MIN(300, O53), 0) -> 0 | U53: =P53*T53 -> 0 | V53: {=IF(O53>0, Fertiliser_Equations_InorganicN2O.VEERG_5_1_1_2__3_EmissionFactorCotton(T53), 0)} -> 0 | W53: =IF(O53>0,Common_InputFunctions.Utility_LookupN2OEFFromProdIrrigationRainfall($Q$71,$Q$74,$Q$75,Table_SourceData_Common_EFN2O[Production system only],Table_SourceData_Common_EFN2O[Irrigation method],Table_SourceData_Common_EFN2O[Rainfall zone],Table_SourceData_Common_EFN2O[EFN2O]), 0) -> 0
D54: j | E54: Production system | H54: ='Input - Inorganic fertiliser'!$E$6 -> Crop | I54: Input | M54: Custom blend | Q54: =O54*P54 -> 0 | R54: {=IF(O54>0, Fertiliser_Equations_InorganicN2O.VEERG_5_1_1_2__1_EmissionFactorIrrigatedMaize(O54), 0)} -> 0 | S54: {=IF(O54>0, Fertiliser_Equations_InorganicN2O.VEERG_5_1_1_2__2_EmissionFactorNonIrrigatedGrainsHighRainfall(O54), 0)} -> 0 | T54: =IF(O54>0, MIN(300, O54), 0) -> 0 | U54: =P54*T54 -> 0 | V54: {=IF(O54>0, Fertiliser_Equations_InorganicN2O.VEERG_5_1_1_2__3_EmissionFactorCotton(T54), 0)} -> 0 | W54: =IF(O54>0,Common_InputFunctions.Utility_LookupN2OEFFromProdIrrigationRainfall($Q$71,$Q$74,$Q$75,Table_SourceData_Common_EFN2O[Production system only],Table_SourceData_Common_EFN2O[Irrigation method],Table_SourceData_Common_EFN2O[Rainfall zone],Table_SourceData_Common_EFN2O[EFN2O]), 0) -> 0
D55: f | E55: Inorganic fertiliser type | H55: ="See " & D59 -> See M1_Table_E_N2O | I55: Constant | M55: Custom blend | Q55: =O55*P55 -> 0 | R55: {=IF(O55>0, Fertiliser_Equations_InorganicN2O.VEERG_5_1_1_2__1_EmissionFactorIrrigatedMaize(O55), 0)} -> 0 | S55: {=IF(O55>0, Fertiliser_Equations_InorganicN2O.VEERG_5_1_1_2__2_EmissionFactorNonIrrigatedGrainsHighRainfall(O55), 0)} -> 0 | T55: =IF(O55>0, MIN(300, O55), 0) -> 0 | U55: =P55*T55 -> 0 | V55: {=IF(O55>0, Fertiliser_Equations_InorganicN2O.VEERG_5_1_1_2__3_EmissionFactorCotton(T55), 0)} -> 0 | W55: =IF(O55>0,Common_InputFunctions.Utility_LookupN2OEFFromProdIrrigationRainfall($Q$71,$Q$74,$Q$75,Table_SourceData_Common_EFN2O[Production system only],Table_SourceData_Common_EFN2O[Irrigation method],Table_SourceData_Common_EFN2O[Rainfall zone],Table_SourceData_Common_EFN2O[EFN2O]), 0) -> 0
D56: ir | E56: irrigation method | H56: ='Input - Inorganic fertiliser'!$E$8 -> Not irrigated | I56: Input
D57: z | E57: rainfall zone | H57: ='Input - Site'!$E$30 -> High rainfall | I57: Input
D59: M1_Table_E_N2O | M59: {=Fertiliser_Equations_InorganicN2O.VEERG_5_1_1_1__1_InorganicFertiliserApplicationN2OEmissions_Title()} -> Nitrous oxide emissions from the application of all inorganic fertiliser types f to all production systems j
D60: Nitrous oxide emissions from inorganic fertiliser application (Method 1) | M60: {=Fertiliser_Equations_InorganicN2O.VEERG_5_1_1_1__1_InorganicFertiliserApplicationN2OEmissions_Source()} -> VEERG 2026: 5.1.1.1, Equation (1)
E61: Calculated | M61: Function name | N61: {=Common_InputFunctions.Utility_DisplayFunctionName($E$64)} -> =Fertiliser_Equations_InorganicN2O.VEERG_5_1_1_1__1_InorganicFertiliserApplicationN2OEmissions
E62: =$E$49 -> t N2O
D63: Fertiliser type f | E63: EN2O
D64: {=Table_Fertiliser_ChemicalCompounds[Fertiliser type f]} -> Monoammonium phosphate (MAP) | E64: {=Fertiliser_Equations_InorganicN2O.VEERG_5_1_1_1__1_InorganicFertiliserApplicationN2OEmissions(G21,$H$52,$H$53)} -> 0.0050285714
D65: Diammonium phosphate (DAP) | E65: {=Fertiliser_Equations_InorganicN2O.VEERG_5_1_1_1__1_InorganicFertiliserApplicationN2OEmissions(G22,$H$52,$H$53)} -> 0 | M65: Variable | N65: {=Fertiliser_Equations_InorganicN2O.VEERG_5_1_1_1__1_InorganicFertiliserApplicationN2OEmissions_Variable()} -> E_N2O
D66: Urea | E66: {=Fertiliser_Equations_InorganicN2O.VEERG_5_1_1_1__1_InorganicFertiliserApplicationN2OEmissions(G23,$H$52,$H$53)} -> 0 | M66: Unit | N66: {=Fertiliser_Equations_InorganicN2O.VEERG_5_1_1_1__1_InorganicFertiliserApplicationN2OEmissions_Unit()} -> t N2O
D67: Sulphate of ammonia (SOA) | E67: {=Fertiliser_Equations_InorganicN2O.VEERG_5_1_1_1__1_InorganicFertiliserApplicationN2OEmissions(G24,$H$52,$H$53)} -> 0
D68: Urea-ammonium nitrate (UAN) | E68: {=Fertiliser_Equations_InorganicN2O.VEERG_5_1_1_1__1_InorganicFertiliserApplicationN2OEmissions(G25,$H$52,$H$53)} -> 0.064365714 | M68: {=_xlfn.CHOOSECOLS(Fertiliser_Equations_InorganicN2O.VEERG_5_1_1_1__1_InorganicFertiliserApplicationN2OEmissions_Arguments_Method2(), 1, 2)} -> MN_jf | N68: mass of nitrogen in inorganic fertiliser type f applied to production system j (kg N) | Q68: ="See " & M41 -> See M2_Table_FertApplications | S68: {=_xlfn.CHOOSECOLS(Fertiliser_Equations_InorganicN2O.VEERG_5_1_1_1__1_InorganicFertiliserApplicationN2OEmissions_Arguments_Method2(), 3)} -> Calculated
D69: Ammonium nitrate (AN) | E69: {=Fertiliser_Equations_InorganicN2O.VEERG_5_1_1_1__1_InorganicFertiliserApplicationN2OEmissions(G26,$H$52,$H$53)} -> 0 | M69: EF_jN2O | N69: emission factor for nitrous oxide for inorganic fertilisers (kg N2O-N/kg N applied) | Q69: {=_xlfn.IFS( AND(Q71="crop", Q72="grains", Q74="not irrigated", Q75="high rainfall"), $S$45, AND(Q71="Crop", Q72="maize", Q74<>"not irrigated"), $R$45, AND(Q71="Crop", Q72="cotton"), $V$45, TRUE, $W$45 )} -> EFfjnonirrigatedgrainsN2O | S69: Lookup
D70: Calcium ammonium nitrate (CAN) | E70: {=Fertiliser_Equations_InorganicN2O.VEERG_5_1_1_1__1_InorganicFertiliserApplicationN2OEmissions(G27,$H$52,$H$53)} -> 0 | M70: C_N2O | N70: factor to convert elemental mass of nitrous oxide to molecular mass | Q70: =Common_InputFunctions.Utility_LookupValueInTableNumber("N2O",[2]!Table_GasToMolecularConversionFactor[Gas],[2]!Table_GasToMolecularConversionFactor[Conversion factor combined]) -> 1.5714286 | S70: Constant
D71: Nitrogen - Ammoniacal | E71: {=Fertiliser_Equations_InorganicN2O.VEERG_5_1_1_1__1_InorganicFertiliserApplicationN2OEmissions(G28,$H$52,$H$53)} -> 0 | M71: j | N71: Production system | Q71: ='Input - Inorganic fertiliser'!$E$6 -> Crop | S71: Input
D72: Nitrogen - Nitrate | E72: {=Fertiliser_Equations_InorganicN2O.VEERG_5_1_1_1__1_InorganicFertiliserApplicationN2OEmissions(G29,$H$52,$H$53)} -> 0 | M72: c | N72: Crop type | Q72: ='Input - Inorganic fertiliser'!$E$7 -> Grains | S72: Input
D73: Nitrogen - generic | E73: {=Fertiliser_Equations_InorganicN2O.VEERG_5_1_1_1__1_InorganicFertiliserApplicationN2OEmissions(G30,$H$52,$H$53)} -> 0.11314286 | M73: f | N73: Inorganic fertiliser type | Q73: Not used | S73: Constant
D74: Phosphorus - generic | E74: {=Fertiliser_Equations_InorganicN2O.VEERG_5_1_1_1__1_InorganicFertiliserApplicationN2OEmissions(G31,$H$52,$H$53)} -> 0 | M74: ir | N74: irrigation method | Q74: ='Input - Inorganic fertiliser'!$E$8 -> Not irrigated | S74: Input
D75: Potassium - generic | E75: {=Fertiliser_Equations_InorganicN2O.VEERG_5_1_1_1__1_InorganicFertiliserApplicationN2OEmissions(G32,$H$52,$H$53)} -> 0 | M75: z | N75: rainfall zone | Q75: ='Input - Site'!$E$30 -> High rainfall | S75: Input
D76: Sulfur - generic | E76: {=Fertiliser_Equations_InorganicN2O.VEERG_5_1_1_1__1_InorganicFertiliserApplicationN2OEmissions(G33,$H$52,$H$53)} -> 0
D77: Zinc - generic | E77: {=Fertiliser_Equations_InorganicN2O.VEERG_5_1_1_1__1_InorganicFertiliserApplicationN2OEmissions(G34,$H$52,$H$53)} -> 0 | M77: Product applied | N77: Product applied | O77: EFjN2O | P77: EN2O
D78: Muriate of potash (MOP) | E78: {=Fertiliser_Equations_InorganicN2O.VEERG_5_1_1_1__1_InorganicFertiliserApplicationN2OEmissions(G35,$H$52,$H$53)} -> 0 | M78: Branded product | N78: {=Table_Input_InorganicFertiliser_Brands[Product (select)]} -> 80% Urea 20% MAP | O78: {=_xlfn.XLOOKUP(N78,$N$46:$N$55,_xlfn.XLOOKUP($Q$69,$R$45:$W$45,$R$46:$W$55), "")} -> 0.004921 | P78: {=Fertiliser_Equations_InorganicN2O.VEERG_5_1_1_1__1_InorganicFertiliserApplicationN2OEmissions(Q46,O78,$Q$70)} -> 0.04268616
D79: Double superphosphate | E79: {=Fertiliser_Equations_InorganicN2O.VEERG_5_1_1_1__1_InorganicFertiliserApplicationN2OEmissions(G36,$H$52,$H$53)} -> 0 | M79: Branded product | O79: {=_xlfn.XLOOKUP(N79,$N$46:$N$55,_xlfn.XLOOKUP($Q$69,$R$45:$W$45,$R$46:$W$55), FALSE)} -> 0 | P79: {=Fertiliser_Equations_InorganicN2O.VEERG_5_1_1_1__1_InorganicFertiliserApplicationN2OEmissions(Q47,O79,$Q$70)} -> 0
D80: Single superphosphate (SSP) | E80: {=Fertiliser_Equations_InorganicN2O.VEERG_5_1_1_1__1_InorganicFertiliserApplicationN2OEmissions(G37,$H$52,$H$53)} -> 0 | M80: Branded product | O80: {=_xlfn.XLOOKUP(N80,$N$46:$N$55,_xlfn.XLOOKUP($Q$69,$R$45:$W$45,$R$46:$W$55))} -> 0 | P80: {=Fertiliser_Equations_InorganicN2O.VEERG_5_1_1_1__1_InorganicFertiliserApplicationN2OEmissions(Q48,O80,$Q$70)} -> 0
D81: Ammonia | E81: {=Fertiliser_Equations_InorganicN2O.VEERG_5_1_1_1__1_InorganicFertiliserApplicationN2OEmissions(G38,$H$52,$H$53)} -> 0 | M81: Branded product | O81: {=_xlfn.XLOOKUP(N81,$N$46:$N$55,_xlfn.XLOOKUP($Q$69,$R$45:$W$45,$R$46:$W$55))} -> 0 | P81: {=Fertiliser_Equations_InorganicN2O.VEERG_5_1_1_1__1_InorganicFertiliserApplicationN2OEmissions(Q49,O81,$Q$70)} -> 0
M82: Branded product | O82: {=_xlfn.XLOOKUP(N82,$N$46:$N$55,_xlfn.XLOOKUP($Q$69,$R$45:$W$45,$R$46:$W$55))} -> 0 | P82: {=Fertiliser_Equations_InorganicN2O.VEERG_5_1_1_1__1_InorganicFertiliserApplicationN2OEmissions(Q50,O82,$Q$70)} -> 0
D83: EN2O | E83: =SUM(E64:E81) -> 0.18253714 | F83: =$E$49 -> t N2O | M83: Custom blend | N83: {=Table_Input_InorganicFertiliser_Custom[Custom blend name]} -> My first custom blend | O83: {=_xlfn.XLOOKUP(N83,$N$46:$N$55,_xlfn.XLOOKUP($Q$69,$R$45:$W$45,$R$46:$W$55))} -> 0.007531 | P83: {=Fertiliser_Equations_InorganicN2O.VEERG_5_1_1_1__1_InorganicFertiliserApplicationN2OEmissions(Q51,O83,$Q$70)} -> 0.10650986
M84: Custom blend | O84: {=_xlfn.XLOOKUP(N84,$N$46:$N$55,_xlfn.XLOOKUP($Q$69,$R$45:$W$45,$R$46:$W$55))} -> 0 | P84: {=Fertiliser_Equations_InorganicN2O.VEERG_5_1_1_1__1_InorganicFertiliserApplicationN2OEmissions(Q52,O84,$Q$70)} -> 0
D85: {=Common_Equations.Common_ConvertN2OToCO2e_Arguments()} -> EN2O | E85: Nitrous oxide emissions (t N2O) | G85: =E83 -> 0.18253714 | M85: Custom blend | O85: {=_xlfn.XLOOKUP(N85,$N$46:$N$55,_xlfn.XLOOKUP($Q$69,$R$45:$W$45,$R$46:$W$55))} -> 0 | P85: {=Fertiliser_Equations_InorganicN2O.VEERG_5_1_1_1__1_InorganicFertiliserApplicationN2OEmissions(Q53,O85,$Q$70)} -> 0
D86: GWPN2O | E86: Global warming potential for nitrous oxide (t CO2-e / t N2O) | G86: =Common_InputFunctions.Utility_LookupValueInTableNumber("N2O",[2]!Table_GWPData[Gas],[2]!Table_GWPData[CO2-e factor]) -> 265 | M86: Custom blend | O86: {=_xlfn.XLOOKUP(N86,$N$46:$N$55,_xlfn.XLOOKUP($Q$69,$R$45:$W$45,$R$46:$W$55))} -> 0 | P86: {=Fertiliser_Equations_InorganicN2O.VEERG_5_1_1_1__1_InorganicFertiliserApplicationN2OEmissions(Q54,O86,$Q$70)} -> 0
M87: Custom blend | O87: {=_xlfn.XLOOKUP(N87,$N$46:$N$55,_xlfn.XLOOKUP($Q$69,$R$45:$W$45,$R$46:$W$55))} -> 0 | P87: {=Fertiliser_Equations_InorganicN2O.VEERG_5_1_1_1__1_InorganicFertiliserApplicationN2OEmissions(Q55,O87,$Q$70)} -> 0
D88: ECO2e | E88: {=Common_Equations.Common_ConvertN2OToCO2e(G85,G86)} -> 48.372343 | F88: {=Common_Equations.Common_ConvertN2OToCO2e_Unit()} -> t CO2e
M89: EN2O | N89: =SUM(P78:P87) -> 0.14919602 | O89: =$E$49 -> t N2O
M91: {=Common_Equations.Common_ConvertN2OToCO2e_Arguments()} -> EN2O | N91: Nitrous oxide emissions (t N2O) | P91: =N89 -> 0.14919602
M92: GWPN2O | N92: Global warming potential for nitrous oxide (t CO2-e / t N2O) | P92: =Common_InputFunctions.Utility_LookupValueInTableNumber("N2O",[2]!Table_GWPData[Gas],[2]!Table_GWPData[CO2-e factor]) -> 265
M94: ECO2e | N94: {=Common_Equations.Common_ConvertN2OToCO2e(P91,P92)} -> 39.536945 | O94: {=Common_Equations.Common_ConvertN2OToCO2e_Unit()} -> t CO2e

Sheet 5.1.1.3-4 Inorganic fert CO2
A1: #VALUE! | C1: 5.1.1.3-4 Inorganic fertiliser application CO2 emissions
D3: Method 1 | O3: Method 2
D5: {=Fertiliser_Equations_InorganicCO2.VEERG_5_1_1_3__2_MassOfUreaInInorganicFertiliser_Title()} -> Mass of urea applied to production system
D6: {=Fertiliser_Equations_InorganicCO2.VEERG_5_1_1_3__2_MassOfUreaInInorganicFertiliser_Source()} -> VEERG 2026: 5.1.1.3, Equation (2)
D7: Function name | E7: {=Common_InputFunctions.Utility_DisplayFunctionName(G21)} -> =Fertiliser_Equations_InorganicCO2.VEERG_5_1_1_3__2_MassOfUreaInInorganicFertiliser
D10: Variable | E10: {=Fertiliser_Equations_InorganicCO2.VEERG_5_1_1_3__2_MassOfUreaInInorganicFertiliser_Variable()} -> MU_jf
D11: Unit | E11: {=Fertiliser_Equations_InorganicCO2.VEERG_5_1_1_3__2_MassOfUreaInInorganicFertiliser_Unit()} -> kg urea
D13: {=_xlfn.CHOOSECOLS(Fertiliser_Equations_InorganicCO2.VEERG_5_1_1_3__2_MassOfUreaInInorganicFertiliser_Arguments(), 1, 2)} -> TM_jf | E13: total mass of inorganic fertiliser type f applied to production system j : kg | G13: ="See " & $D$16 -> See Table_MU_j_f | H13: {=_xlfn.CHOOSECOLS(Fertiliser_Equations_InorganicCO2.VEERG_5_1_1_3__2_MassOfUreaInInorganicFertiliser_Arguments(), 3)} -> Input
D14: FU_f | E14: fraction of urea in fertiliser type f : kg urea/kg | G14: ="See " & $D$16 -> See Table_MU_j_f | H14: Lookup
D16: Table_MU_j_f
D17: Mass of urea applied
E18: Input | F18: Constant | G18: Calculated
E19: kg | F19: fraction | G19: =$E$11 -> kg urea
D20: Fertiliser type f | E20: TMjf | F20: FUf | G20: MUjf
D21: {=Table_Fertiliser_ChemicalCompounds[Fertiliser type f]} -> Monoammonium phosphate (MAP) | E21: {=Fertiliser_InputFunctions.Fertiliser_TotalChemicalCompoundAppliedAllIngredients($D21,Table_Input_InorganicFertiliser_Brands[Total applied (kg)],Table_Input_InorganicFertiliser_Brands[Ingredient 1],Table_Input_InorganicFertiliser_Brands[Ingredient 1 percent],Table_Input_InorganicFertiliser_Brands[Ingredient 2],Table_Input_InorganicFertiliser_Brands[Ingredient 2 percent],Table_Input_InorganicFertiliser_Brands[Ingredient 3],Table_Input_InorganicFertiliser_Brands[Ingredient 3 percent],Table_Input_InorganicFertiliser_Brands[Ingredient 4],Table_Input_InorganicFertiliser_Brands[Ingredient 4 percent],Table_Input_InorganicFertiliser_Brands[Ingredient 5],Table_Input_InorganicFertiliser_Brands[Ingredient 5 percent],Table_Input_InorganicFertiliser_Brands[Ingredient 6],Table_Input_InorganicFertiliser_Brands[Ingredient 6 percent])+ Fertiliser_InputFunctions.Fertiliser_TotalChemicalCompoundAppliedAllIngredients($D21,Table_Input_InorganicFertiliser_Custom[Total applied (kg)],Table_Input_InorganicFertiliser_Custom[Ingredient 1 (select)],Table_Input_InorganicFertiliser_Custom[Ingredient 1 percent],Table_Input_InorganicFertiliser_Custom[Ingredient 2],Table_Input_InorganicFertiliser_Custom[Ingredient 2 percent],Table_Input_InorganicFertiliser_Custom[Ingredient 3],Table_Input_InorganicFertiliser_Custom[Ingredient 3 percent],Table_Input_InorganicFertiliser_Custom[Ingredient 4],Table_Input_InorganicFertiliser_Custom[Ingredient 4 percent])} -> 4000 | F21: {=Common_InputFunctions.Utility_LookupValueInTableNumber(D21,Table_Fertiliser_ChemicalCompounds[Fertiliser type f],Table_Fertiliser_ChemicalCompounds[FU f])} -> 0 | G21: {=Fertiliser_Equations_InorganicCO2.VEERG_5_1_1_3__2_MassOfUreaInInorganicFertiliser(E21,F21)} -> 0
D22: Diammonium phosphate (DAP) | E22: {=Fertiliser_InputFunctions.Fertiliser_TotalChemicalCompoundAppliedAllIngredients($D22,Table_Input_InorganicFertiliser_Brands[Total applied (kg)],Table_Input_InorganicFertiliser_Brands[Ingredient 1],Table_Input_InorganicFertiliser_Brands[Ingredient 1 percent],Table_Input_InorganicFertiliser_Brands[Ingredient 2],Table_Input_InorganicFertiliser_Brands[Ingredient 2 percent],Table_Input_InorganicFertiliser_Brands[Ingredient 3],Table_Input_InorganicFertiliser_Brands[Ingredient 3 percent],Table_Input_InorganicFertiliser_Brands[Ingredient 4],Table_Input_InorganicFertiliser_Brands[Ingredient 4 percent],Table_Input_InorganicFertiliser_Brands[Ingredient 5],Table_Input_InorganicFertiliser_Brands[Ingredient 5 percent],Table_Input_InorganicFertiliser_Brands[Ingredient 6],Table_Input_InorganicFertiliser_Brands[Ingredient 6 percent])+ Fertiliser_InputFunctions.Fertiliser_TotalChemicalCompoundAppliedAllIngredients($D22,Table_Input_InorganicFertiliser_Custom[Total applied (kg)],Table_Input_InorganicFertiliser_Custom[Ingredient 1 (select)],Table_Input_InorganicFertiliser_Custom[Ingredient 1 percent],Table_Input_InorganicFertiliser_Custom[Ingredient 2],Table_Input_InorganicFertiliser_Custom[Ingredient 2 percent],Table_Input_InorganicFertiliser_Custom[Ingredient 3],Table_Input_InorganicFertiliser_Custom[Ingredient 3 percent],Table_Input_InorganicFertiliser_Custom[Ingredient 4],Table_Input_InorganicFertiliser_Custom[Ingredient 4 percent])} -> 0 | F22: {=Common_InputFunctions.Utility_LookupValueInTableNumber(D22,Table_Fertiliser_ChemicalCompounds[Fertiliser type f],Table_Fertiliser_ChemicalCompounds[FU f])} -> 0 | G22: {=Fertiliser_Equations_InorganicCO2.VEERG_5_1_1_3__2_MassOfUreaInInorganicFertiliser(E22,F22)} -> 0
D23: Urea | E23: {=Fertiliser_InputFunctions.Fertiliser_TotalChemicalCompoundAppliedAllIngredients($D23,Table_Input_InorganicFertiliser_Brands[Total applied (kg)],Table_Input_InorganicFertiliser_Brands[Ingredient 1],Table_Input_InorganicFertiliser_Brands[Ingredient 1 percent],Table_Input_InorganicFertiliser_Brands[Ingredient 2],Table_Input_InorganicFertiliser_Brands[Ingredient 2 percent],Table_Input_InorganicFertiliser_Brands[Ingredient 3],Table_Input_InorganicFertiliser_Brands[Ingredient 3 percent],Table_Input_InorganicFertiliser_Brands[Ingredient 4],Table_Input_InorganicFertiliser_Brands[Ingredient 4 percent],Table_Input_InorganicFertiliser_Brands[Ingredient 5],Table_Input_InorganicFertiliser_Brands[Ingredient 5 percent],Table_Input_InorganicFertiliser_Brands[Ingredient 6],Table_Input_InorganicFertiliser_Brands[Ingredient 6 percent])+ Fertiliser_InputFunctions.Fertiliser_TotalChemicalCompoundAppliedAllIngredients($D23,Table_Input_InorganicFertiliser_Custom[Total applied (kg)],Table_Input_InorganicFertiliser_Custom[Ingredient 1 (select)],Table_Input_InorganicFertiliser_Custom[Ingredient 1 percent],Table_Input_InorganicFertiliser_Custom[Ingredient 2],Table_Input_InorganicFertiliser_Custom[Ingredient 2 percent],Table_Input_InorganicFertiliser_Custom[Ingredient 3],Table_Input_InorganicFertiliser_Custom[Ingredient 3 percent],Table_Input_InorganicFertiliser_Custom[Ingredient 4],Table_Input_InorganicFertiliser_Custom[Ingredient 4 percent])} -> 0 | F23: {=Common_InputFunctions.Utility_LookupValueInTableNumber(D23,Table_Fertiliser_ChemicalCompounds[Fertiliser type f],Table_Fertiliser_ChemicalCompounds[FU f])} -> 1 | G23: {=Fertiliser_Equations_InorganicCO2.VEERG_5_1_1_3__2_MassOfUreaInInorganicFertiliser(E23,F23)} -> 0
D24: Sulphate of ammonia (SOA) | E24: {=Fertiliser_InputFunctions.Fertiliser_TotalChemicalCompoundAppliedAllIngredients($D24,Table_Input_InorganicFertiliser_Brands[Total applied (kg)],Table_Input_InorganicFertiliser_Brands[Ingredient 1],Table_Input_InorganicFertiliser_Brands[Ingredient 1 percent],Table_Input_InorganicFertiliser_Brands[Ingredient 2],Table_Input_InorganicFertiliser_Brands[Ingredient 2 percent],Table_Input_InorganicFertiliser_Brands[Ingredient 3],Table_Input_InorganicFertiliser_Brands[Ingredient 3 percent],Table_Input_InorganicFertiliser_Brands[Ingredient 4],Table_Input_InorganicFertiliser_Brands[Ingredient 4 percent],Table_Input_InorganicFertiliser_Brands[Ingredient 5],Table_Input_InorganicFertiliser_Brands[Ingredient 5 percent],Table_Input_InorganicFertiliser_Brands[Ingredient 6],Table_Input_InorganicFertiliser_Brands[Ingredient 6 percent])+ Fertiliser_InputFunctions.Fertiliser_TotalChemicalCompoundAppliedAllIngredients($D24,Table_Input_InorganicFertiliser_Custom[Total applied (kg)],Table_Input_InorganicFertiliser_Custom[Ingredient 1 (select)],Table_Input_InorganicFertiliser_Custom[Ingredient 1 percent],Table_Input_InorganicFertiliser_Custom[Ingredient 2],Table_Input_InorganicFertiliser_Custom[Ingredient 2 percent],Table_Input_InorganicFertiliser_Custom[Ingredient 3],Table_Input_InorganicFertiliser_Custom[Ingredient 3 percent],Table_Input_InorganicFertiliser_Custom[Ingredient 4],Table_Input_InorganicFertiliser_Custom[Ingredient 4 percent])} -> 0 | F24: {=Common_InputFunctions.Utility_LookupValueInTableNumber(D24,Table_Fertiliser_ChemicalCompounds[Fertiliser type f],Table_Fertiliser_ChemicalCompounds[FU f])} -> 0 | G24: {=Fertiliser_Equations_InorganicCO2.VEERG_5_1_1_3__2_MassOfUreaInInorganicFertiliser(E24,F24)} -> 0
D25: Urea-ammonium nitrate (UAN) | E25: {=Fertiliser_InputFunctions.Fertiliser_TotalChemicalCompoundAppliedAllIngredients($D25,Table_Input_InorganicFertiliser_Brands[Total applied (kg)],Table_Input_InorganicFertiliser_Brands[Ingredient 1],Table_Input_InorganicFertiliser_Brands[Ingredient 1 percent],Table_Input_InorganicFertiliser_Brands[Ingredient 2],Table_Input_InorganicFertiliser_Brands[Ingredient 2 percent],Table_Input_InorganicFertiliser_Brands[Ingredient 3],Table_Input_InorganicFertiliser_Brands[Ingredient 3 percent],Table_Input_InorganicFertiliser_Brands[Ingredient 4],Table_Input_InorganicFertiliser_Brands[Ingredient 4 percent],Table_Input_InorganicFertiliser_Brands[Ingredient 5],Table_Input_InorganicFertiliser_Brands[Ingredient 5 percent],Table_Input_InorganicFertiliser_Brands[Ingredient 6],Table_Input_InorganicFertiliser_Brands[Ingredient 6 percent])+ Fertiliser_InputFunctions.Fertiliser_TotalChemicalCompoundAppliedAllIngredients($D25,Table_Input_InorganicFertiliser_Custom[Total applied (kg)],Table_Input_InorganicFertiliser_Custom[Ingredient 1 (select)],Table_Input_InorganicFertiliser_Custom[Ingredient 1 percent],Table_Input_InorganicFertiliser_Custom[Ingredient 2],Table_Input_InorganicFertiliser_Custom[Ingredient 2 percent],Table_Input_InorganicFertiliser_Custom[Ingredient 3],Table_Input_InorganicFertiliser_Custom[Ingredient 3 percent],Table_Input_InorganicFertiliser_Custom[Ingredient 4],Table_Input_InorganicFertiliser_Custom[Ingredient 4 percent])} -> 16000 | F25: {=Common_InputFunctions.Utility_LookupValueInTableNumber(D25,Table_Fertiliser_ChemicalCompounds[Fertiliser type f],Table_Fertiliser_ChemicalCompounds[FU f])} -> 0.35 | G25: {=Fertiliser_Equations_InorganicCO2.VEERG_5_1_1_3__2_MassOfUreaInInorganicFertiliser(E25,F25)} -> 5600
D26: Ammonium nitrate (AN) | E26: {=Fertiliser_InputFunctions.Fertiliser_TotalChemicalCompoundAppliedAllIngredients($D26,Table_Input_InorganicFertiliser_Brands[Total applied (kg)],Table_Input_InorganicFertiliser_Brands[Ingredient 1],Table_Input_InorganicFertiliser_Brands[Ingredient 1 percent],Table_Input_InorganicFertiliser_Brands[Ingredient 2],Table_Input_InorganicFertiliser_Brands[Ingredient 2 percent],Table_Input_InorganicFertiliser_Brands[Ingredient 3],Table_Input_InorganicFertiliser_Brands[Ingredient 3 percent],Table_Input_InorganicFertiliser_Brands[Ingredient 4],Table_Input_InorganicFertiliser_Brands[Ingredient 4 percent],Table_Input_InorganicFertiliser_Brands[Ingredient 5],Table_Input_InorganicFertiliser_Brands[Ingredient 5 percent],Table_Input_InorganicFertiliser_Brands[Ingredient 6],Table_Input_InorganicFertiliser_Brands[Ingredient 6 percent])+ Fertiliser_InputFunctions.Fertiliser_TotalChemicalCompoundAppliedAllIngredients($D26,Table_Input_InorganicFertiliser_Custom[Total applied (kg)],Table_Input_InorganicFertiliser_Custom[Ingredient 1 (select)],Table_Input_InorganicFertiliser_Custom[Ingredient 1 percent],Table_Input_InorganicFertiliser_Custom[Ingredient 2],Table_Input_InorganicFertiliser_Custom[Ingredient 2 percent],Table_Input_InorganicFertiliser_Custom[Ingredient 3],Table_Input_InorganicFertiliser_Custom[Ingredient 3 percent],Table_Input_InorganicFertiliser_Custom[Ingredient 4],Table_Input_InorganicFertiliser_Custom[Ingredient 4 percent])} -> 0 | F26: {=Common_InputFunctions.Utility_LookupValueInTableNumber(D26,Table_Fertiliser_ChemicalCompounds[Fertiliser type f],Table_Fertiliser_ChemicalCompounds[FU f])} -> 0 | G26: {=Fertiliser_Equations_InorganicCO2.VEERG_5_1_1_3__2_MassOfUreaInInorganicFertiliser(E26,F26)} -> 0
D27: Calcium ammonium nitrate (CAN) | E27: {=Fertiliser_InputFunctions.Fertiliser_TotalChemicalCompoundAppliedAllIngredients($D27,Table_Input_InorganicFertiliser_Brands[Total applied (kg)],Table_Input_InorganicFertiliser_Brands[Ingredient 1],Table_Input_InorganicFertiliser_Brands[Ingredient 1 percent],Table_Input_InorganicFertiliser_Brands[Ingredient 2],Table_Input_InorganicFertiliser_Brands[Ingredient 2 percent],Table_Input_InorganicFertiliser_Brands[Ingredient 3],Table_Input_InorganicFertiliser_Brands[Ingredient 3 percent],Table_Input_InorganicFertiliser_Brands[Ingredient 4],Table_Input_InorganicFertiliser_Brands[Ingredient 4 percent],Table_Input_InorganicFertiliser_Brands[Ingredient 5],Table_Input_InorganicFertiliser_Brands[Ingredient 5 percent],Table_Input_InorganicFertiliser_Brands[Ingredient 6],Table_Input_InorganicFertiliser_Brands[Ingredient 6 percent])+ Fertiliser_InputFunctions.Fertiliser_TotalChemicalCompoundAppliedAllIngredients($D27,Table_Input_InorganicFertiliser_Custom[Total applied (kg)],Table_Input_InorganicFertiliser_Custom[Ingredient 1 (select)],Table_Input_InorganicFertiliser_Custom[Ingredient 1 percent],Table_Input_InorganicFertiliser_Custom[Ingredient 2],Table_Input_InorganicFertiliser_Custom[Ingredient 2 percent],Table_Input_InorganicFertiliser_Custom[Ingredient 3],Table_Input_InorganicFertiliser_Custom[Ingredient 3 percent],Table_Input_InorganicFertiliser_Custom[Ingredient 4],Table_Input_InorganicFertiliser_Custom[Ingredient 4 percent])} -> 0 | F27: {=Common_InputFunctions.Utility_LookupValueInTableNumber(D27,Table_Fertiliser_ChemicalCompounds[Fertiliser type f],Table_Fertiliser_ChemicalCompounds[FU f])} -> 0 | G27: {=Fertiliser_Equations_InorganicCO2.VEERG_5_1_1_3__2_MassOfUreaInInorganicFertiliser(E27,F27)} -> 0
D28: Nitrogen - Ammoniacal | E28: {=Fertiliser_InputFunctions.Fertiliser_TotalChemicalCompoundAppliedAllIngredients($D28,Table_Input_InorganicFertiliser_Brands[Total applied (kg)],Table_Input_InorganicFertiliser_Brands[Ingredient 1],Table_Input_InorganicFertiliser_Brands[Ingredient 1 percent],Table_Input_InorganicFertiliser_Brands[Ingredient 2],Table_Input_InorganicFertiliser_Brands[Ingredient 2 percent],Table_Input_InorganicFertiliser_Brands[Ingredient 3],Table_Input_InorganicFertiliser_Brands[Ingredient 3 percent],Table_Input_InorganicFertiliser_Brands[Ingredient 4],Table_Input_InorganicFertiliser_Brands[Ingredient 4 percent],Table_Input_InorganicFertiliser_Brands[Ingredient 5],Table_Input_InorganicFertiliser_Brands[Ingredient 5 percent],Table_Input_InorganicFertiliser_Brands[Ingredient 6],Table_Input_InorganicFertiliser_Brands[Ingredient 6 percent])+ Fertiliser_InputFunctions.Fertiliser_TotalChemicalCompoundAppliedAllIngredients($D28,Table_Input_InorganicFertiliser_Custom[Total applied (kg)],Table_Input_InorganicFertiliser_Custom[Ingredient 1 (select)],Table_Input_InorganicFertiliser_Custom[Ingredient 1 percent],Table_Input_InorganicFertiliser_Custom[Ingredient 2],Table_Input_InorganicFertiliser_Custom[Ingredient 2 percent],Table_Input_InorganicFertiliser_Custom[Ingredient 3],Table_Input_InorganicFertiliser_Custom[Ingredient 3 percent],Table_Input_InorganicFertiliser_Custom[Ingredient 4],Table_Input_InorganicFertiliser_Custom[Ingredient 4 percent])} -> 0 | F28: {=Common_InputFunctions.Utility_LookupValueInTableNumber(D28,Table_Fertiliser_ChemicalCompounds[Fertiliser type f],Table_Fertiliser_ChemicalCompounds[FU f])} -> 0 | G28: {=Fertiliser_Equations_InorganicCO2.VEERG_5_1_1_3__2_MassOfUreaInInorganicFertiliser(E28,F28)} -> 0
D29: Nitrogen - Nitrate | E29: {=Fertiliser_InputFunctions.Fertiliser_TotalChemicalCompoundAppliedAllIngredients($D29,Table_Input_InorganicFertiliser_Brands[Total applied (kg)],Table_Input_InorganicFertiliser_Brands[Ingredient 1],Table_Input_InorganicFertiliser_Brands[Ingredient 1 percent],Table_Input_InorganicFertiliser_Brands[Ingredient 2],Table_Input_InorganicFertiliser_Brands[Ingredient 2 percent],Table_Input_InorganicFertiliser_Brands[Ingredient 3],Table_Input_InorganicFertiliser_Brands[Ingredient 3 percent],Table_Input_InorganicFertiliser_Brands[Ingredient 4],Table_Input_InorganicFertiliser_Brands[Ingredient 4 percent],Table_Input_InorganicFertiliser_Brands[Ingredient 5],Table_Input_InorganicFertiliser_Brands[Ingredient 5 percent],Table_Input_InorganicFertiliser_Brands[Ingredient 6],Table_Input_InorganicFertiliser_Brands[Ingredient 6 percent])+ Fertiliser_InputFunctions.Fertiliser_TotalChemicalCompoundAppliedAllIngredients($D29,Table_Input_InorganicFertiliser_Custom[Total applied (kg)],Table_Input_InorganicFertiliser_Custom[Ingredient 1 (select)],Table_Input_InorganicFertiliser_Custom[Ingredient 1 percent],Table_Input_InorganicFertiliser_Custom[Ingredient 2],Table_Input_InorganicFertiliser_Custom[Ingredient 2 percent],Table_Input_InorganicFertiliser_Custom[Ingredient 3],Table_Input_InorganicFertiliser_Custom[Ingredient 3 percent],Table_Input_InorganicFertiliser_Custom[Ingredient 4],Table_Input_InorganicFertiliser_Custom[Ingredient 4 percent])} -> 0 | F29: {=Common_InputFunctions.Utility_LookupValueInTableNumber(D29,Table_Fertiliser_ChemicalCompounds[Fertiliser type f],Table_Fertiliser_ChemicalCompounds[FU f])} -> 0 | G29: {=Fertiliser_Equations_InorganicCO2.VEERG_5_1_1_3__2_MassOfUreaInInorganicFertiliser(E29,F29)} -> 0
D30: Nitrogen - generic | E30: {=Fertiliser_InputFunctions.Fertiliser_TotalChemicalCompoundAppliedAllIngredients($D30,Table_Input_InorganicFertiliser_Brands[Total applied (kg)],Table_Input_InorganicFertiliser_Brands[Ingredient 1],Table_Input_InorganicFertiliser_Brands[Ingredient 1 percent],Table_Input_InorganicFertiliser_Brands[Ingredient 2],Table_Input_InorganicFertiliser_Brands[Ingredient 2 percent],Table_Input_InorganicFertiliser_Brands[Ingredient 3],Table_Input_InorganicFertiliser_Brands[Ingredient 3 percent],Table_Input_InorganicFertiliser_Brands[Ingredient 4],Table_Input_InorganicFertiliser_Brands[Ingredient 4 percent],Table_Input_InorganicFertiliser_Brands[Ingredient 5],Table_Input_InorganicFertiliser_Brands[Ingredient 5 percent],Table_Input_InorganicFertiliser_Brands[Ingredient 6],Table_Input_InorganicFertiliser_Brands[Ingredient 6 percent])+ Fertiliser_InputFunctions.Fertiliser_TotalChemicalCompoundAppliedAllIngredients($D30,Table_Input_InorganicFertiliser_Custom[Total applied (kg)],Table_Input_InorganicFertiliser_Custom[Ingredient 1 (select)],Table_Input_InorganicFertiliser_Custom[Ingredient 1 percent],Table_Input_InorganicFertiliser_Custom[Ingredient 2],Table_Input_InorganicFertiliser_Custom[Ingredient 2 percent],Table_Input_InorganicFertiliser_Custom[Ingredient 3],Table_Input_InorganicFertiliser_Custom[Ingredient 3 percent],Table_Input_InorganicFertiliser_Custom[Ingredient 4],Table_Input_InorganicFertiliser_Custom[Ingredient 4 percent])} -> 9000 | F30: {=Common_InputFunctions.Utility_LookupValueInTableNumber(D30,Table_Fertiliser_ChemicalCompounds[Fertiliser type f],Table_Fertiliser_ChemicalCompounds[FU f])} -> 0 | G30: {=Fertiliser_Equations_InorganicCO2.VEERG_5_1_1_3__2_MassOfUreaInInorganicFertiliser(E30,F30)} -> 0
D31: Phosphorus - generic | E31: {=Fertiliser_InputFunctions.Fertiliser_TotalChemicalCompoundAppliedAllIngredients($D31,Table_Input_InorganicFertiliser_Brands[Total applied (kg)],Table_Input_InorganicFertiliser_Brands[Ingredient 1],Table_Input_InorganicFertiliser_Brands[Ingredient 1 percent],Table_Input_InorganicFertiliser_Brands[Ingredient 2],Table_Input_InorganicFertiliser_Brands[Ingredient 2 percent],Table_Input_InorganicFertiliser_Brands[Ingredient 3],Table_Input_InorganicFertiliser_Brands[Ingredient 3 percent],Table_Input_InorganicFertiliser_Brands[Ingredient 4],Table_Input_InorganicFertiliser_Brands[Ingredient 4 percent],Table_Input_InorganicFertiliser_Brands[Ingredient 5],Table_Input_InorganicFertiliser_Brands[Ingredient 5 percent],Table_Input_InorganicFertiliser_Brands[Ingredient 6],Table_Input_InorganicFertiliser_Brands[Ingredient 6 percent])+ Fertiliser_InputFunctions.Fertiliser_TotalChemicalCompoundAppliedAllIngredients($D31,Table_Input_InorganicFertiliser_Custom[Total applied (kg)],Table_Input_InorganicFertiliser_Custom[Ingredient 1 (select)],Table_Input_InorganicFertiliser_Custom[Ingredient 1 percent],Table_Input_InorganicFertiliser_Custom[Ingredient 2],Table_Input_InorganicFertiliser_Custom[Ingredient 2 percent],Table_Input_InorganicFertiliser_Custom[Ingredient 3],Table_Input_InorganicFertiliser_Custom[Ingredient 3 percent],Table_Input_InorganicFertiliser_Custom[Ingredient 4],Table_Input_InorganicFertiliser_Custom[Ingredient 4 percent])} -> 6000 | F31: {=Common_InputFunctions.Utility_LookupValueInTableNumber(D31,Table_Fertiliser_ChemicalCompounds[Fertiliser type f],Table_Fertiliser_ChemicalCompounds[FU f])} -> 0 | G31: {=Fertiliser_Equations_InorganicCO2.VEERG_5_1_1_3__2_MassOfUreaInInorganicFertiliser(E31,F31)} -> 0
D32: Potassium - generic | E32: {=Fertiliser_InputFunctions.Fertiliser_TotalChemicalCompoundAppliedAllIngredients($D32,Table_Input_InorganicFertiliser_Brands[Total applied (kg)],Table_Input_InorganicFertiliser_Brands[Ingredient 1],Table_Input_InorganicFertiliser_Brands[Ingredient 1 percent],Table_Input_InorganicFertiliser_Brands[Ingredient 2],Table_Input_InorganicFertiliser_Brands[Ingredient 2 percent],Table_Input_InorganicFertiliser_Brands[Ingredient 3],Table_Input_InorganicFertiliser_Brands[Ingredient 3 percent],Table_Input_InorganicFertiliser_Brands[Ingredient 4],Table_Input_InorganicFertiliser_Brands[Ingredient 4 percent],Table_Input_InorganicFertiliser_Brands[Ingredient 5],Table_Input_InorganicFertiliser_Brands[Ingredient 5 percent],Table_Input_InorganicFertiliser_Brands[Ingredient 6],Table_Input_InorganicFertiliser_Brands[Ingredient 6 percent])+ Fertiliser_InputFunctions.Fertiliser_TotalChemicalCompoundAppliedAllIngredients($D32,Table_Input_InorganicFertiliser_Custom[Total applied (kg)],Table_Input_InorganicFertiliser_Custom[Ingredient 1 (select)],Table_Input_InorganicFertiliser_Custom[Ingredient 1 percent],Table_Input_InorganicFertiliser_Custom[Ingredient 2],Table_Input_InorganicFertiliser_Custom[Ingredient 2 percent],Table_Input_InorganicFertiliser_Custom[Ingredient 3],Table_Input_InorganicFertiliser_Custom[Ingredient 3 percent],Table_Input_InorganicFertiliser_Custom[Ingredient 4],Table_Input_InorganicFertiliser_Custom[Ingredient 4 percent])} -> 2000 | F32: {=Common_InputFunctions.Utility_LookupValueInTableNumber(D32,Table_Fertiliser_ChemicalCompounds[Fertiliser type f],Table_Fertiliser_ChemicalCompounds[FU f])} -> 0 | G32: {=Fertiliser_Equations_InorganicCO2.VEERG_5_1_1_3__2_MassOfUreaInInorganicFertiliser(E32,F32)} -> 0
D33: Sulfur - generic | E33: {=Fertiliser_InputFunctions.Fertiliser_TotalChemicalCompoundAppliedAllIngredients($D33,Table_Input_InorganicFertiliser_Brands[Total applied (kg)],Table_Input_InorganicFertiliser_Brands[Ingredient 1],Table_Input_InorganicFertiliser_Brands[Ingredient 1 percent],Table_Input_InorganicFertiliser_Brands[Ingredient 2],Table_Input_InorganicFertiliser_Brands[Ingredient 2 percent],Table_Input_InorganicFertiliser_Brands[Ingredient 3],Table_Input_InorganicFertiliser_Brands[Ingredient 3 percent],Table_Input_InorganicFertiliser_Brands[Ingredient 4],Table_Input_InorganicFertiliser_Brands[Ingredient 4 percent],Table_Input_InorganicFertiliser_Brands[Ingredient 5],Table_Input_InorganicFertiliser_Brands[Ingredient 5 percent],Table_Input_InorganicFertiliser_Brands[Ingredient 6],Table_Input_InorganicFertiliser_Brands[Ingredient 6 percent])+ Fertiliser_InputFunctions.Fertiliser_TotalChemicalCompoundAppliedAllIngredients($D33,Table_Input_InorganicFertiliser_Custom[Total applied (kg)],Table_Input_InorganicFertiliser_Custom[Ingredient 1 (select)],Table_Input_InorganicFertiliser_Custom[Ingredient 1 percent],Table_Input_InorganicFertiliser_Custom[Ingredient 2],Table_Input_InorganicFertiliser_Custom[Ingredient 2 percent],Table_Input_InorganicFertiliser_Custom[Ingredient 3],Table_Input_InorganicFertiliser_Custom[Ingredient 3 percent],Table_Input_InorganicFertiliser_Custom[Ingredient 4],Table_Input_InorganicFertiliser_Custom[Ingredient 4 percent])} -> 1000 | F33: {=Common_InputFunctions.Utility_LookupValueInTableNumber(D33,Table_Fertiliser_ChemicalCompounds[Fertiliser type f],Table_Fertiliser_ChemicalCompounds[FU f])} -> 0 | G33: {=Fertiliser_Equations_InorganicCO2.VEERG_5_1_1_3__2_MassOfUreaInInorganicFertiliser(E33,F33)} -> 0
... D38: Ammonia | E38: {=Fertiliser_InputFunctions.Fertiliser_TotalChemicalCompoundAppliedAllIngredients($D38,Table_Input_InorganicFertiliser_Brands[Total applied (kg)],Table_Input_InorganicFertiliser_Brands[Ingredient 1],Table_Input_InorganicFertiliser_Brands[Ingredient 1 percent],Table_Input_InorganicFertiliser_Brands[Ingredient 2],Table_Input_InorganicFertiliser_Brands[Ingredient 2 percent],Table_Input_InorganicFertiliser_Brands[Ingredient 3],Table_Input_InorganicFertiliser_Brands[Ingredient 3 percent],Table_Input_InorganicFertiliser_Brands[Ingredient 4],Table_Input_InorganicFertiliser_Brands[Ingredient 4 percent],Table_Input_InorganicFertiliser_Brands[Ingredient 5],Table_Input_InorganicFertiliser_Brands[Ingredient 5 percent],Table_Input_InorganicFertiliser_Brands[Ingredient 6],Table_Input_InorganicFertiliser_Brands[Ingredient 6 percent])+ Fertiliser_InputFunctions.Fertiliser_TotalChemicalCompoundAppliedAllIngredients($D38,Table_Input_InorganicFertiliser_Custom[Total applied (kg)],Table_Input_InorganicFertiliser_Custom[Ingredient 1 (select)],Table_Input_InorganicFertiliser_Custom[Ingredient 1 percent],Table_Input_InorganicFertiliser_Custom[Ingredient 2],Table_Input_InorganicFertiliser_Custom[Ingredient 2 percent],Table_Input_InorganicFertiliser_Custom[Ingredient 3],Table_Input_InorganicFertiliser_Custom[Ingredient 3 percent],Table_Input_InorganicFertiliser_Custom[Ingredient 4],Table_Input_InorganicFertiliser_Custom[Ingredient 4 percent])} -> 0 | F38: {=Common_InputFunctions.Utility_LookupValueInTableNumber(D38,Table_Fertiliser_ChemicalCompounds[Fertiliser type f],Table_Fertiliser_ChemicalCompounds[FU f])} -> 0 | G38: {=Fertiliser_Equations_InorganicCO2.VEERG_5_1_1_3__2_MassOfUreaInInorganicFertiliser(E38,F38)} -> 0
D42: {=Fertiliser_Equations_InorganicCO2.VEERG_5_1_1_3__1_InorganicFertiliserApplicationCO2Emissions_Title()} -> Carbon dioxide emissions resulting from the use of all inorganic, urea-based fertilisers
D43: {=Fertiliser_Equations_InorganicCO2.VEERG_5_1_1_3__1_InorganicFertiliserApplicationCO2Emissions_Source()} -> VEERG 2026: 5.1.1.3, Equation (1)
D44: Function name | E44: {=Common_InputFunctions.Utility_DisplayFunctionName(G58)} -> #N/A
D47: Variable | E47: {=Fertiliser_Equations_InorganicCO2.VEERG_5_1_1_3__1_InorganicFertiliserApplicationCO2Emissions_Variable()} -> E_CO2
D48: Unit | E48: {=Fertiliser_Equations_InorganicCO2.VEERG_5_1_1_3__1_InorganicFertiliserApplicationCO2Emissions_Unit()} -> t CO2
D50: {=_xlfn.CHOOSECOLS(Fertiliser_Equations_InorganicCO2.VEERG_5_1_1_3__1_InorganicFertiliserApplicationCO2Emissions_Arguments(), 1, 2)} -> MU_jf | E50: mass of urea of inorganic fertiliser type f applied to production system j : kg urea | G50: ="See " & D16 -> See Table_MU_j_f | H50: {=_xlfn.CHOOSECOLS(Fertiliser_Equations_InorganicCO2.VEERG_5_1_1_3__1_InorganicFertiliserApplicationCO2Emissions_Arguments(), 3)} -> Calculated
D51: EF_ureaCO2 | E51: emission factor for carbon emissions from urea-based fertilisers : kg C/kg urea | H51: Constant
D52: C_CO2 | E52: factor to convert elemental mass of carbon to molecular mass of carbon dioxide | G52: =Common_InputFunctions.Utility_LookupValueInTableNumber("CO2",Table_GasToMolecularConversionFactor[Gas], Table_GasToMolecularConversionFactor[Conversion factor combined]) -> 3.6666667 | H52: Constant
D53: j | E53: Production system | H53: Input
D54: f | E54: Inorganic fertiliser type | H54: Lookup
D56: M1_Table_E_CO2
D57: Carbon dioxide oxide emissions from inorganic fertiliser application (Method 1)
E58: Calculated
E59: =$E$48 -> t CO2
D60: Fertiliser type f | E60: EN2O
D61: {=Table_Fertiliser_ChemicalCompounds[Fertiliser type f]} -> Monoammonium phosphate (MAP) | E61: {=Fertiliser_Equations_InorganicCO2.VEERG_5_1_1_3__1_InorganicFertiliserApplicationCO2Emissions(G21,G51,G52)} -> 0
D62: Diammonium phosphate (DAP) | E62: {=Fertiliser_Equations_InorganicN2O.VEERG_5_1_1_1__1_InorganicFertiliserApplicationN2OEmissions(G19,$H$52,$H$53)} -> #VALUE!
D63: Urea | E63: {=Fertiliser_Equations_InorganicN2O.VEERG_5_1_1_1__1_InorganicFertiliserApplicationN2OEmissions(G20,$H$52,$H$53)} -> #VALUE!
D64: Sulphate of ammonia (SOA) | E64: {=Fertiliser_Equations_InorganicN2O.VEERG_5_1_1_1__1_InorganicFertiliserApplicationN2OEmissions(G21,$H$52,$H$53)} -> #VALUE!
D65: Urea-ammonium nitrate (UAN) | E65: {=Fertiliser_Equations_InorganicN2O.VEERG_5_1_1_1__1_InorganicFertiliserApplicationN2OEmissions(G22,$H$52,$H$53)} -> #VALUE!
D66: Ammonium nitrate (AN) | E66: {=Fertiliser_Equations_InorganicN2O.VEERG_5_1_1_1__1_InorganicFertiliserApplicationN2OEmissions(G23,$H$52,$H$53)} -> #VALUE!
D67: Calcium ammonium nitrate (CAN) | E67: {=Fertiliser_Equations_InorganicN2O.VEERG_5_1_1_1__1_InorganicFertiliserApplicationN2OEmissions(G24,$H$52,$H$53)} -> #VALUE!
D68: Nitrogen - Ammoniacal | E68: {=Fertiliser_Equations_InorganicN2O.VEERG_5_1_1_1__1_InorganicFertiliserApplicationN2OEmissions(G25,$H$52,$H$53)} -> #VALUE!
D69: Nitrogen - Nitrate | E69: {=Fertiliser_Equations_InorganicN2O.VEERG_5_1_1_1__1_InorganicFertiliserApplicationN2OEmissions(G26,$H$52,$H$53)} -> #VALUE!
D70: Nitrogen - generic | E70: {=Fertiliser_Equations_InorganicN2O.VEERG_5_1_1_1__1_InorganicFertiliserApplicationN2OEmissions(G27,$H$52,$H$53)} -> #VALUE!
D71: Phosphorus - generic | E71: {=Fertiliser_Equations_InorganicN2O.VEERG_5_1_1_1__1_InorganicFertiliserApplicationN2OEmissions(G28,$H$52,$H$53)} -> #VALUE!
D72: Potassium - generic | E72: {=Fertiliser_Equations_InorganicN2O.VEERG_5_1_1_1__1_InorganicFertiliserApplicationN2OEmissions(G29,$H$52,$H$53)} -> #VALUE!
D73: Sulfur - generic | E73: {=Fertiliser_Equations_InorganicN2O.VEERG_5_1_1_1__1_InorganicFertiliserApplicationN2OEmissions(G30,$H$52,$H$53)} -> #VALUE!
... D78: Ammonia | E78: {=Fertiliser_Equations_InorganicN2O.VEERG_5_1_1_1__1_InorganicFertiliserApplicationN2OEmissions(G35,$H$52,$H$53)} -> #VALUE!

Sheet Constants - Fertiliser
A1: #VALUE! | C1: Constants - Fertiliser
D5: {=Fertiliser_SourceData.Fertiliser_ChemicalCompoundElements_Title()} -> Common inorganic fertilisers | F5: TODO: Check basis
D6: {=Fertiliser_SourceData.Fertiliser_ChemicalCompoundElements_Source()} -> Table A.2.2.3: Fraction of nitrogen in common inorganic fertilisers (kgN/kg) (FNorganic,f) AND Table A.2.2.4: Fraction of urea in common inorganic fertilisers (kg urea/kg) (FUf)
D7: {=Fertiliser_SourceData.Fertiliser_ChemicalCompoundElements_Variation()} -> VARIATION ON SOURCE
D8: Added 'Basis' column to allow cross-referencing with table Table A.2.2.6: Fraction of inorganic fertiliser f that volatilises as NH3 and NOx ((kg NH3-N + NOx-N)/kg N) (FracGASFf)
D9: Added extra fertiliser types and generic chemical compounds to allow for custom NPKS blends
D10: Added extra 'Scope 3 definition' column to allow mapping with scope 3 data
D11: Added 'Source' column
D12: Combined data from Table A.2.2.3 and Table A.2.2.4 into one table to aid lookup.
D13: Excluded 'References' column
D14: Excluded 'Ammonium sulfate' as it is a duplicate of 'Sulphate of ammonia (SOA)'
D15: Excluded 'Calcium nitrate' as no scope 3 value available.
D16: Fertiliser type f | E16: FNinorganic f | F16: FU f | G16: Basis | H16: Lifecycles Scope 3 definition | I16: Source
D17: {=Common_InputFunctions.Utility_DisplayArrayInTable(Fertiliser_SourceData.Fertiliser_ChemicalCompoundElements_Data(),Table_Fertiliser_ChemicalCompounds[[#Headers],[Fertiliser type f]], 0)} -> Monoammonium phosphate (MAP) | E17: {=Common_InputFunctions.Utility_DisplayArrayInTable(Fertiliser_SourceData.Fertiliser_ChemicalCompoundElements_Data(),Table_Fertiliser_ChemicalCompounds[[#Headers],[Fertiliser type f]], 0)} -> 0.1 | F17: {=Common_InputFunctions.Utility_DisplayArrayInTable(Fertiliser_SourceData.Fertiliser_ChemicalCompoundElements_Data(),Table_Fertiliser_ChemicalCompounds[[#Headers],[Fertiliser type f]], 0)} -> 0 | G17: {=Common_InputFunctions.Utility_DisplayArrayInTable(Fertiliser_SourceData.Fertiliser_ChemicalCompoundElements_Data(),Table_Fertiliser_ChemicalCompounds[[#Headers],[Fertiliser type f]], 0)} -> Ammonium-based fertilisers | H17: {=Common_InputFunctions.Utility_DisplayArrayInTable(Fertiliser_SourceData.Fertiliser_ChemicalCompoundElements_Data(),Table_Fertiliser_ChemicalCompounds[[#Headers],[Fertiliser type f]], 0)} -> Monoammonium phosphate (MAP) | I17: {=Common_InputFunctions.Utility_DisplayArrayInTable(Fertiliser_SourceData.Fertiliser_ChemicalCompoundElements_Data(),Table_Fertiliser_ChemicalCompounds[[#Headers],[Fertiliser type f]], 0)} -> VEERG
D18: {=Common_InputFunctions.Utility_DisplayArrayInTable(Fertiliser_SourceData.Fertiliser_ChemicalCompoundElements_Data(),Table_Fertiliser_ChemicalCompounds[[#Headers],[Fertiliser type f]], 0)} -> Diammonium phosphate (DAP) | E18: {=Common_InputFunctions.Utility_DisplayArrayInTable(Fertiliser_SourceData.Fertiliser_ChemicalCompoundElements_Data(),Table_Fertiliser_ChemicalCompounds[[#Headers],[Fertiliser type f]], 0)} -> 0.18 | F18: {=Common_InputFunctions.Utility_DisplayArrayInTable(Fertiliser_SourceData.Fertiliser_ChemicalCompoundElements_Data(),Table_Fertiliser_ChemicalCompounds[[#Headers],[Fertiliser type f]], 0)} -> 0 | G18: {=Common_InputFunctions.Utility_DisplayArrayInTable(Fertiliser_SourceData.Fertiliser_ChemicalCompoundElements_Data(),Table_Fertiliser_ChemicalCompounds[[#Headers],[Fertiliser type f]], 0)} -> Ammonium-based fertilisers | H18: {=Common_InputFunctions.Utility_DisplayArrayInTable(Fertiliser_SourceData.Fertiliser_ChemicalCompoundElements_Data(),Table_Fertiliser_ChemicalCompounds[[#Headers],[Fertiliser type f]], 0)} -> Diammonium phosphate (DAP) | I18: {=Common_InputFunctions.Utility_DisplayArrayInTable(Fertiliser_SourceData.Fertiliser_ChemicalCompoundElements_Data(),Table_Fertiliser_ChemicalCompounds[[#Headers],[Fertiliser type f]], 0)} -> VEERG
D19: {=Common_InputFunctions.Utility_DisplayArrayInTable(Fertiliser_SourceData.Fertiliser_ChemicalCompoundElements_Data(),Table_Fertiliser_ChemicalCompounds[[#Headers],[Fertiliser type f]], 0)} -> Urea | E19: {=Common_InputFunctions.Utility_DisplayArrayInTable(Fertiliser_SourceData.Fertiliser_ChemicalCompoundElements_Data(),Table_Fertiliser_ChemicalCompounds[[#Headers],[Fertiliser type f]], 0)} -> 0.46 | F19: {=Common_InputFunctions.Utility_DisplayArrayInTable(Fertiliser_SourceData.Fertiliser_ChemicalCompoundElements_Data(),Table_Fertiliser_ChemicalCompounds[[#Headers],[Fertiliser type f]], 0)} -> 1 | G19: {=Common_InputFunctions.Utility_DisplayArrayInTable(Fertiliser_SourceData.Fertiliser_ChemicalCompoundElements_Data(),Table_Fertiliser_ChemicalCompounds[[#Headers],[Fertiliser type f]], 0)} -> Urea-based fertilisers | H19: {=Common_InputFunctions.Utility_DisplayArrayInTable(Fertiliser_SourceData.Fertiliser_ChemicalCompoundElements_Data(),Table_Fertiliser_ChemicalCompounds[[#Headers],[Fertiliser type f]], 0)} -> Urea | I19: {=Common_InputFunctions.Utility_DisplayArrayInTable(Fertiliser_SourceData.Fertiliser_ChemicalCompoundElements_Data(),Table_Fertiliser_ChemicalCompounds[[#Headers],[Fertiliser type f]], 0)} -> VEERG
D20: {=Common_InputFunctions.Utility_DisplayArrayInTable(Fertiliser_SourceData.Fertiliser_ChemicalCompoundElements_Data(),Table_Fertiliser_ChemicalCompounds[[#Headers],[Fertiliser type f]], 0)} -> Sulphate of ammonia (SOA) | E20: {=Common_InputFunctions.Utility_DisplayArrayInTable(Fertiliser_SourceData.Fertiliser_ChemicalCompoundElements_Data(),Table_Fertiliser_ChemicalCompounds[[#Headers],[Fertiliser type f]], 0)} -> 0.21 | F20: {=Common_InputFunctions.Utility_DisplayArrayInTable(Fertiliser_SourceData.Fertiliser_ChemicalCompoundElements_Data(),Table_Fertiliser_ChemicalCompounds[[#Headers],[Fertiliser type f]], 0)} -> 0 | G20: {=Common_InputFunctions.Utility_DisplayArrayInTable(Fertiliser_SourceData.Fertiliser_ChemicalCompoundElements_Data(),Table_Fertiliser_ChemicalCompounds[[#Headers],[Fertiliser type f]], 0)} -> Ammonium-based fertilisers | H20: {=Common_InputFunctions.Utility_DisplayArrayInTable(Fertiliser_SourceData.Fertiliser_ChemicalCompoundElements_Data(),Table_Fertiliser_ChemicalCompounds[[#Headers],[Fertiliser type f]], 0)} -> Sulphate of ammonia (SOA) | I20: {=Common_InputFunctions.Utility_DisplayArrayInTable(Fertiliser_SourceData.Fertiliser_ChemicalCompoundElements_Data(),Table_Fertiliser_ChemicalCompounds[[#Headers],[Fertiliser type f]], 0)} -> VEERG
D21: {=Common_InputFunctions.Utility_DisplayArrayInTable(Fertiliser_SourceData.Fertiliser_ChemicalCompoundElements_Data(),Table_Fertiliser_ChemicalCompounds[[#Headers],[Fertiliser type f]], 0)} -> Urea-ammonium nitrate (UAN) | E21: {=Common_InputFunctions.Utility_DisplayArrayInTable(Fertiliser_SourceData.Fertiliser_ChemicalCompoundElements_Data(),Table_Fertiliser_ChemicalCompounds[[#Headers],[Fertiliser type f]], 0)} -> 0.32 | F21: {=Common_InputFunctions.Utility_DisplayArrayInTable(Fertiliser_SourceData.Fertiliser_ChemicalCompoundElements_Data(),Table_Fertiliser_ChemicalCompounds[[#Headers],[Fertiliser type f]], 0)} -> 0.35 | G21: {=Common_InputFunctions.Utility_DisplayArrayInTable(Fertiliser_SourceData.Fertiliser_ChemicalCompoundElements_Data(),Table_Fertiliser_ChemicalCompounds[[#Headers],[Fertiliser type f]], 0)} -> Urea-based fertilisers | H21: {=Common_InputFunctions.Utility_DisplayArrayInTable(Fertiliser_SourceData.Fertiliser_ChemicalCompoundElements_Data(),Table_Fertiliser_ChemicalCompounds[[#Headers],[Fertiliser type f]], 0)} -> Urea-ammonium nitrate (UAN) | I21: {=Common_InputFunctions.Utility_DisplayArrayInTable(Fertiliser_SourceData.Fertiliser_ChemicalCompoundElements_Data(),Table_Fertiliser_ChemicalCompounds[[#Headers],[Fertiliser type f]], 0)} -> VEERG
D22: {=Common_InputFunctions.Utility_DisplayArrayInTable(Fertiliser_SourceData.Fertiliser_ChemicalCompoundElements_Data(),Table_Fertiliser_ChemicalCompounds[[#Headers],[Fertiliser type f]], 0)} -> Ammonium nitrate (AN) | E22: {=Common_InputFunctions.Utility_DisplayArrayInTable(Fertiliser_SourceData.Fertiliser_ChemicalCompoundElements_Data(),Table_Fertiliser_ChemicalCompounds[[#Headers],[Fertiliser type f]], 0)} -> 0.337 | F22: {=Common_InputFunctions.Utility_DisplayArrayInTable(Fertiliser_SourceData.Fertiliser_ChemicalCompoundElements_Data(),Table_Fertiliser_ChemicalCompounds[[#Headers],[Fertiliser type f]], 0)} -> 0 | G22: {=Common_InputFunctions.Utility_DisplayArrayInTable(Fertiliser_SourceData.Fertiliser_ChemicalCompoundElements_Data(),Table_Fertiliser_ChemicalCompounds[[#Headers],[Fertiliser type f]], 0)} -> Ammonium-nitrate based fertilisers | H22: {=Common_InputFunctions.Utility_DisplayArrayInTable(Fertiliser_SourceData.Fertiliser_ChemicalCompoundElements_Data(),Table_Fertiliser_ChemicalCompounds[[#Headers],[Fertiliser type f]], 0)} -> Ammonium nitrate (AN) | I22: {=Common_InputFunctions.Utility_DisplayArrayInTable(Fertiliser_SourceData.Fertiliser_ChemicalCompoundElements_Data(),Table_Fertiliser_ChemicalCompounds[[#Headers],[Fertiliser type f]], 0)} -> VEERG
D23: {=Common_InputFunctions.Utility_DisplayArrayInTable(Fertiliser_SourceData.Fertiliser_ChemicalCompoundElements_Data(),Table_Fertiliser_ChemicalCompounds[[#Headers],[Fertiliser type f]], 0)} -> Calcium ammonium nitrate (CAN) | E23: {=Common_InputFunctions.Utility_DisplayArrayInTable(Fertiliser_SourceData.Fertiliser_ChemicalCompoundElements_Data(),Table_Fertiliser_ChemicalCompounds[[#Headers],[Fertiliser type f]], 0)} -> 0.27 | F23: {=Common_InputFunctions.Utility_DisplayArrayInTable(Fertiliser_SourceData.Fertiliser_ChemicalCompoundElements_Data(),Table_Fertiliser_ChemicalCompounds[[#Headers],[Fertiliser type f]], 0)} -> 0 | G23: {=Common_InputFunctions.Utility_DisplayArrayInTable(Fertiliser_SourceData.Fertiliser_ChemicalCompoundElements_Data(),Table_Fertiliser_ChemicalCompounds[[#Headers],[Fertiliser type f]], 0)} -> Ammonium-nitrate based fertilisers | H23: {=Common_InputFunctions.Utility_DisplayArrayInTable(Fertiliser_SourceData.Fertiliser_ChemicalCompoundElements_Data(),Table_Fertiliser_ChemicalCompounds[[#Headers],[Fertiliser type f]], 0)} -> Calcium ammonium nitrate (CAN) | I23: {=Common_InputFunctions.Utility_DisplayArrayInTable(Fertiliser_SourceData.Fertiliser_ChemicalCompoundElements_Data(),Table_Fertiliser_ChemicalCompounds[[#Headers],[Fertiliser type f]], 0)} -> VEERG
D24: {=Common_InputFunctions.Utility_DisplayArrayInTable(Fertiliser_SourceData.Fertiliser_ChemicalCompoundElements_Data(),Table_Fertiliser_ChemicalCompounds[[#Headers],[Fertiliser type f]], 0)} -> Nitrogen - Ammoniacal | E24: {=Common_InputFunctions.Utility_DisplayArrayInTable(Fertiliser_SourceData.Fertiliser_ChemicalCompoundElements_Data(),Table_Fertiliser_ChemicalCompounds[[#Headers],[Fertiliser type f]], 0)} -> 1 | F24: {=Common_InputFunctions.Utility_DisplayArrayInTable(Fertiliser_SourceData.Fertiliser_ChemicalCompoundElements_Data(),Table_Fertiliser_ChemicalCompounds[[#Headers],[Fertiliser type f]], 0)} -> 0 | G24: {=Common_InputFunctions.Utility_DisplayArrayInTable(Fertiliser_SourceData.Fertiliser_ChemicalCompoundElements_Data(),Table_Fertiliser_ChemicalCompounds[[#Headers],[Fertiliser type f]], 0)} -> Ammonium-based fertilisers | H24: {=Common_InputFunctions.Utility_DisplayArrayInTable(Fertiliser_SourceData.Fertiliser_ChemicalCompoundElements_Data(),Table_Fertiliser_ChemicalCompounds[[#Headers],[Fertiliser type f]], 0)} -> Nitrogen from Ammonia | I24: {=Common_InputFunctions.Utility_DisplayArrayInTable(Fertiliser_SourceData.Fertiliser_ChemicalCompoundElements_Data(),Table_Fertiliser_ChemicalCompounds[[#Headers],[Fertiliser type f]], 0)} -> LifeCycles
D25: {=Common_InputFunctions.Utility_DisplayArrayInTable(Fertiliser_SourceData.Fertiliser_ChemicalCompoundElements_Data(),Table_Fertiliser_ChemicalCompounds[[#Headers],[Fertiliser type f]], 0)} -> Nitrogen - Nitrate | E25: {=Common_InputFunctions.Utility_DisplayArrayInTable(Fertiliser_SourceData.Fertiliser_ChemicalCompoundElements_Data(),Table_Fertiliser_ChemicalCompounds[[#Headers],[Fertiliser type f]], 0)} -> 1 | F25: {=Common_InputFunctions.Utility_DisplayArrayInTable(Fertiliser_SourceData.Fertiliser_ChemicalCompoundElements_Data(),Table_Fertiliser_ChemicalCompounds[[#Headers],[Fertiliser type f]], 0)} -> 0 | G25: {=Common_InputFunctions.Utility_DisplayArrayInTable(Fertiliser_SourceData.Fertiliser_ChemicalCompoundElements_Data(),Table_Fertiliser_ChemicalCompounds[[#Headers],[Fertiliser type f]], 0)} -> Nitrate-based fertilisers | H25: {=Common_InputFunctions.Utility_DisplayArrayInTable(Fertiliser_SourceData.Fertiliser_ChemicalCompoundElements_Data(),Table_Fertiliser_ChemicalCompounds[[#Headers],[Fertiliser type f]], 0)} -> Nitrogen from Nitrate | I25: {=Common_InputFunctions.Utility_DisplayArrayInTable(Fertiliser_SourceData.Fertiliser_ChemicalCompoundElements_Data(),Table_Fertiliser_ChemicalCompounds[[#Headers],[Fertiliser type f]], 0)} -> LifeCycles
D26: {=Common_InputFunctions.Utility_DisplayArrayInTable(Fertiliser_SourceData.Fertiliser_ChemicalCompoundElements_Data(),Table_Fertiliser_ChemicalCompounds[[#Headers],[Fertiliser type f]], 0)} -> Nitrogen - generic | E26: {=Common_InputFunctions.Utility_DisplayArrayInTable(Fertiliser_SourceData.Fertiliser_ChemicalCompoundElements_Data(),Table_Fertiliser_ChemicalCompounds[[#Headers],[Fertiliser type f]], 0)} -> 1 | F26: {=Common_InputFunctions.Utility_DisplayArrayInTable(Fertiliser_SourceData.Fertiliser_ChemicalCompoundElements_Data(),Table_Fertiliser_ChemicalCompounds[[#Headers],[Fertiliser type f]], 0)} -> 0 | G26: {=Common_InputFunctions.Utility_DisplayArrayInTable(Fertiliser_SourceData.Fertiliser_ChemicalCompoundElements_Data(),Table_Fertiliser_ChemicalCompounds[[#Headers],[Fertiliser type f]], 0)} -> Other fertilisers | H26: {=Common_InputFunctions.Utility_DisplayArrayInTable(Fertiliser_SourceData.Fertiliser_ChemicalCompoundElements_Data(),Table_Fertiliser_ChemicalCompounds[[#Headers],[Fertiliser type f]], 0)} -> Nitrogen from fertiliser | I26: {=Common_InputFunctions.Utility_DisplayArrayInTable(Fertiliser_SourceData.Fertiliser_ChemicalCompoundElements_Data(),Table_Fertiliser_ChemicalCompounds[[#Headers],[Fertiliser type f]], 0)} -> LifeCycles
D27: {=Common_InputFunctions.Utility_DisplayArrayInTable(Fertiliser_SourceData.Fertiliser_ChemicalCompoundElements_Data(),Table_Fertiliser_ChemicalCompounds[[#Headers],[Fertiliser type f]], 0)} -> Phosphorus - generic | E27: {=Common_InputFunctions.Utility_DisplayArrayInTable(Fertiliser_SourceData.Fertiliser_ChemicalCompoundElements_Data(),Table_Fertiliser_ChemicalCompounds[[#Headers],[Fertiliser type f]], 0)} -> 0 | F27: {=Common_InputFunctions.Utility_DisplayArrayInTable(Fertiliser_SourceData.Fertiliser_ChemicalCompoundElements_Data(),Table_Fertiliser_ChemicalCompounds[[#Headers],[Fertiliser type f]], 0)} -> 0 | G27: {=Common_InputFunctions.Utility_DisplayArrayInTable(Fertiliser_SourceData.Fertiliser_ChemicalCompoundElements_Data(),Table_Fertiliser_ChemicalCompounds[[#Headers],[Fertiliser type f]], 0)} -> Other fertilisers | H27: {=Common_InputFunctions.Utility_DisplayArrayInTable(Fertiliser_SourceData.Fertiliser_ChemicalCompoundElements_Data(),Table_Fertiliser_ChemicalCompounds[[#Headers],[Fertiliser type f]], 0)} -> Phosphorus from fertiliser | I27: {=Common_InputFunctions.Utility_DisplayArrayInTable(Fertiliser_SourceData.Fertiliser_ChemicalCompoundElements_Data(),Table_Fertiliser_ChemicalCompounds[[#Headers],[Fertiliser type f]], 0)} -> LifeCycles
D28: {=Common_InputFunctions.Utility_DisplayArrayInTable(Fertiliser_SourceData.Fertiliser_ChemicalCompoundElements_Data(),Table_Fertiliser_ChemicalCompounds[[#Headers],[Fertiliser type f]], 0)} -> Potassium - generic | E28: {=Common_InputFunctions.Utility_DisplayArrayInTable(Fertiliser_SourceData.Fertiliser_ChemicalCompoundElements_Data(),Table_Fertiliser_ChemicalCompounds[[#Headers],[Fertiliser type f]], 0)} -> 0 | F28: {=Common_InputFunctions.Utility_DisplayArrayInTable(Fertiliser_SourceData.Fertiliser_ChemicalCompoundElements_Data(),Table_Fertiliser_ChemicalCompounds[[#Headers],[Fertiliser type f]], 0)} -> 0 | G28: {=Common_InputFunctions.Utility_DisplayArrayInTable(Fertiliser_SourceData.Fertiliser_ChemicalCompoundElements_Data(),Table_Fertiliser_ChemicalCompounds[[#Headers],[Fertiliser type f]], 0)} -> Other fertilisers | H28: {=Common_InputFunctions.Utility_DisplayArrayInTable(Fertiliser_SourceData.Fertiliser_ChemicalCompoundElements_Data(),Table_Fertiliser_ChemicalCompounds[[#Headers],[Fertiliser type f]], 0)} -> Potassium from fertiliser | I28: {=Common_InputFunctions.Utility_DisplayArrayInTable(Fertiliser_SourceData.Fertiliser_ChemicalCompoundElements_Data(),Table_Fertiliser_ChemicalCompounds[[#Headers],[Fertiliser type f]], 0)} -> LifeCycles
... D34: {=Common_InputFunctions.Utility_DisplayArrayInTable(Fertiliser_SourceData.Fertiliser_ChemicalCompoundElements_Data(),Table_Fertiliser_ChemicalCompounds[[#Headers],[Fertiliser type f]], 0)} -> Ammonia | E34: {=Common_InputFunctions.Utility_DisplayArrayInTable(Fertiliser_SourceData.Fertiliser_ChemicalCompoundElements_Data(),Table_Fertiliser_ChemicalCompounds[[#Headers],[Fertiliser type f]], 0)} -> 0.82 | F34: {=Common_InputFunctions.Utility_DisplayArrayInTable(Fertiliser_SourceData.Fertiliser_ChemicalCompoundElements_Data(),Table_Fertiliser_ChemicalCompounds[[#Headers],[Fertiliser type f]], 0)} -> 0 | G34: {=Common_InputFunctions.Utility_DisplayArrayInTable(Fertiliser_SourceData.Fertiliser_ChemicalCompoundElements_Data(),Table_Fertiliser_ChemicalCompounds[[#Headers],[Fertiliser type f]], 0)} -> Ammonium-based fertilisers | H34: {=Common_InputFunctions.Utility_DisplayArrayInTable(Fertiliser_SourceData.Fertiliser_ChemicalCompoundElements_Data(),Table_Fertiliser_ChemicalCompounds[[#Headers],[Fertiliser type f]], 0)} -> Ammonia | I34: {=Common_InputFunctions.Utility_DisplayArrayInTable(Fertiliser_SourceData.Fertiliser_ChemicalCompoundElements_Data(),Table_Fertiliser_ChemicalCompounds[[#Headers],[Fertiliser type f]], 0)} -> LifeCycles
D37: Crop or pasture production systems | F37: Crop types | G37: Make common | H37: Irrigation methods
D39: Production system | F39: Production system | H39: Irrigation method
D40: Pasture | F40: Pasture | H40: Not irrigated
D41: Crop | F41: Grains | H41: Drip irrigation
F42: Maize | H42: Sprinkler irrigation
F43: Cotton | H43: Surface irrigation
H44: Other irrigation
D45: {=Fertiliser_SourceData.Fertiliser_FracGASF_Title()} -> Fraction of inorganic fertiliser that volatilises as NH3 and NOx
D46: {=Fertiliser_SourceData.Fertiliser_FracGASF_Source()} -> Table A.2.2.6: Fraction of inorganic fertiliser f that volatilises as NH3 and NOx ((kg NH3–N + NOx–N)/kg N) (FracGASFf)
D47: Fertiliser type f | E47: FracGASF f
D48: {=Common_InputFunctions.Utility_DisplayArrayInTable(Fertiliser_SourceData.Fertiliser_FracGASF_Data(), Table_SourceData_Fertiliser_FracGASF[[#Headers],[Fertiliser type f]], 0)} -> Urea-based fertilisers | E48: {=Common_InputFunctions.Utility_DisplayArrayInTable(Fertiliser_SourceData.Fertiliser_FracGASF_Data(), Table_SourceData_Fertiliser_FracGASF[[#Headers],[Fertiliser type f]], 0)} -> 0.15
D49: {=Common_InputFunctions.Utility_DisplayArrayInTable(Fertiliser_SourceData.Fertiliser_FracGASF_Data(), Table_SourceData_Fertiliser_FracGASF[[#Headers],[Fertiliser type f]], 0)} -> Ammonium-based fertilisers | E49: {=Common_InputFunctions.Utility_DisplayArrayInTable(Fertiliser_SourceData.Fertiliser_FracGASF_Data(), Table_SourceData_Fertiliser_FracGASF[[#Headers],[Fertiliser type f]], 0)} -> 0.08
D50: {=Common_InputFunctions.Utility_DisplayArrayInTable(Fertiliser_SourceData.Fertiliser_FracGASF_Data(), Table_SourceData_Fertiliser_FracGASF[[#Headers],[Fertiliser type f]], 0)} -> Nitrate-based fertilisers | E50: {=Common_InputFunctions.Utility_DisplayArrayInTable(Fertiliser_SourceData.Fertiliser_FracGASF_Data(), Table_SourceData_Fertiliser_FracGASF[[#Headers],[Fertiliser type f]], 0)} -> 0.01
D51: {=Common_InputFunctions.Utility_DisplayArrayInTable(Fertiliser_SourceData.Fertiliser_FracGASF_Data(), Table_SourceData_Fertiliser_FracGASF[[#Headers],[Fertiliser type f]], 0)} -> Ammonium-nitrate based fertilisers | E51: {=Common_InputFunctions.Utility_DisplayArrayInTable(Fertiliser_SourceData.Fertiliser_FracGASF_Data(), Table_SourceData_Fertiliser_FracGASF[[#Headers],[Fertiliser type f]], 0)} -> 0.05
D52: {=Common_InputFunctions.Utility_DisplayArrayInTable(Fertiliser_SourceData.Fertiliser_FracGASF_Data(), Table_SourceData_Fertiliser_FracGASF[[#Headers],[Fertiliser type f]], 0)} -> Other fertilisers | E52: {=Common_InputFunctions.Utility_DisplayArrayInTable(Fertiliser_SourceData.Fertiliser_FracGASF_Data(), Table_SourceData_Fertiliser_FracGASF[[#Headers],[Fertiliser type f]], 0)} -> 0.11
D55: Fertiliser products
D57: Product | E57: Ingredient 1 | F57: Ingredient 1 percent | G57: Ingredient 1 source | H57: Ingredient 2 | I57: Ingredient 2 percent | J57: Ingredient 2 source | K57: Ingredient 3 | L57: Ingredient 3 percent | M57: Ingredient 3 source | N57: Ingredient 4 | O57: Ingredient 4 percent | P57: Ingredient 4 source | Q57: Ingredient 5 | R57: Ingredient 5 percent | S57: Ingredient 5 source | T57: Ingredient 6 | U57: Ingredient 6 percent | V57: Ingredient 6 source | W57: Product info link
D58: {=Common_InputFunctions.Utility_DisplayArrayInTable(Fertiliser_SourceData.Fertiliser_Products_Data1(),FertiliserProducts[[#Headers],[Product]], 0)} -> 75% MAP 25% MOP | E58: {=Common_InputFunctions.Utility_DisplayArrayInTable(Fertiliser_SourceData.Fertiliser_Products_Data1(),FertiliserProducts[[#Headers],[Product]], 0)} -> Monoammonium phosphate (MAP) | F58: {=Common_InputFunctions.Utility_DisplayArrayInTable(Fertiliser_SourceData.Fertiliser_Products_Data1(),FertiliserProducts[[#Headers],[Product]], 0)} -> 0.75 | G58: {=Common_InputFunctions.Utility_DisplayArrayInTable(Fertiliser_SourceData.Fertiliser_Products_Data1(),FertiliserProducts[[#Headers],[Product]], 0)} -> Location not specified | H58: {=Common_InputFunctions.Utility_DisplayArrayInTable(Fertiliser_SourceData.Fertiliser_Products_Data1(),FertiliserProducts[[#Headers],[Product]], 0)} -> Muriate of Potash (MOP / KCL) | I58: {=Common_InputFunctions.Utility_DisplayArrayInTable(Fertiliser_SourceData.Fertiliser_Products_Data1(),FertiliserProducts[[#Headers],[Product]], 0)} -> 0.25 | J58: {=Common_InputFunctions.Utility_DisplayArrayInTable(Fertiliser_SourceData.Fertiliser_Products_Data1(),FertiliserProducts[[#Headers],[Product]], 0)} -> Location not specified | K58: {=Common_InputFunctions.Utility_DisplayArrayInTable(Fertiliser_SourceData.Fertiliser_Products_Data1(),FertiliserProducts[[#Headers],[Product]], 0)} | ... W58: {=Common_InputFunctions.Utility_DisplayArrayInTable(Fertiliser_SourceData.Fertiliser_Products_Data1(),FertiliserProducts[[#Headers],[Product]], 0)}
D59: {=Common_InputFunctions.Utility_DisplayArrayInTable(Fertiliser_SourceData.Fertiliser_Products_Data1(),FertiliserProducts[[#Headers],[Product]], 0)} -> 75% Urea 25% MOP | E59: {=Common_InputFunctions.Utility_DisplayArrayInTable(Fertiliser_SourceData.Fertiliser_Products_Data1(),FertiliserProducts[[#Headers],[Product]], 0)} -> Urea | F59: {=Common_InputFunctions.Utility_DisplayArrayInTable(Fertiliser_SourceData.Fertiliser_Products_Data1(),FertiliserProducts[[#Headers],[Product]], 0)} -> 0.75 | G59: {=Common_InputFunctions.Utility_DisplayArrayInTable(Fertiliser_SourceData.Fertiliser_Products_Data1(),FertiliserProducts[[#Headers],[Product]], 0)} -> Location not specified | H59: {=Common_InputFunctions.Utility_DisplayArrayInTable(Fertiliser_SourceData.Fertiliser_Products_Data1(),FertiliserProducts[[#Headers],[Product]], 0)} -> Muriate of Potash (MOP / KCL) | I59: {=Common_InputFunctions.Utility_DisplayArrayInTable(Fertiliser_SourceData.Fertiliser_Products_Data1(),FertiliserProducts[[#Headers],[Product]], 0)} -> 0.25 | J59: {=Common_InputFunctions.Utility_DisplayArrayInTable(Fertiliser_SourceData.Fertiliser_Products_Data1(),FertiliserProducts[[#Headers],[Product]], 0)} -> Location not specified | K59: {=Common_InputFunctions.Utility_DisplayArrayInTable(Fertiliser_SourceData.Fertiliser_Products_Data1(),FertiliserProducts[[#Headers],[Product]], 0)} | ... W59: {=Common_InputFunctions.Utility_DisplayArrayInTable(Fertiliser_SourceData.Fertiliser_Products_Data1(),FertiliserProducts[[#Headers],[Product]], 0)}
D60: {=Common_InputFunctions.Utility_DisplayArrayInTable(Fertiliser_SourceData.Fertiliser_Products_Data1(),FertiliserProducts[[#Headers],[Product]], 0)} -> 80% Urea 20% MAP | E60: {=Common_InputFunctions.Utility_DisplayArrayInTable(Fertiliser_SourceData.Fertiliser_Products_Data1(),FertiliserProducts[[#Headers],[Product]], 0)} -> Urea-Ammonium Nitrate (UAN) | F60: {=Common_InputFunctions.Utility_DisplayArrayInTable(Fertiliser_SourceData.Fertiliser_Products_Data1(),FertiliserProducts[[#Headers],[Product]], 0)} -> 0.8 | G60: {=Common_InputFunctions.Utility_DisplayArrayInTable(Fertiliser_SourceData.Fertiliser_Products_Data1(),FertiliserProducts[[#Headers],[Product]], 0)} -> China | H60: {=Common_InputFunctions.Utility_DisplayArrayInTable(Fertiliser_SourceData.Fertiliser_Products_Data1(),FertiliserProducts[[#Headers],[Product]], 0)} -> Monoammonium phosphate (MAP) | I60: {=Common_InputFunctions.Utility_DisplayArrayInTable(Fertiliser_SourceData.Fertiliser_Products_Data1(),FertiliserProducts[[#Headers],[Product]], 0)} -> 0.2 | J60: {=Common_InputFunctions.Utility_DisplayArrayInTable(Fertiliser_SourceData.Fertiliser_Products_Data1(),FertiliserProducts[[#Headers],[Product]], 0)} -> Location not specified | K60: {=Common_InputFunctions.Utility_DisplayArrayInTable(Fertiliser_SourceData.Fertiliser_Products_Data1(),FertiliserProducts[[#Headers],[Product]], 0)} | ... W60: {=Common_InputFunctions.Utility_DisplayArrayInTable(Fertiliser_SourceData.Fertiliser_Products_Data1(),FertiliserProducts[[#Headers],[Product]], 0)}
D61: {=Common_InputFunctions.Utility_DisplayArrayInTable(Fertiliser_SourceData.Fertiliser_Products_Data1(),FertiliserProducts[[#Headers],[Product]], 0)} -> Activate N | E61: {=Common_InputFunctions.Utility_DisplayArrayInTable(Fertiliser_SourceData.Fertiliser_Products_Data1(),FertiliserProducts[[#Headers],[Product]], 0)} -> Nitrogen - Ammoniacal | F61: {=Common_InputFunctions.Utility_DisplayArrayInTable(Fertiliser_SourceData.Fertiliser_Products_Data1(),FertiliserProducts[[#Headers],[Product]], 0)} -> 0.071 | G61: {=Common_InputFunctions.Utility_DisplayArrayInTable(Fertiliser_SourceData.Fertiliser_Products_Data1(),FertiliserProducts[[#Headers],[Product]], 0)} -> Location not specified | H61: {=Common_InputFunctions.Utility_DisplayArrayInTable(Fertiliser_SourceData.Fertiliser_Products_Data1(),FertiliserProducts[[#Headers],[Product]], 0)} -> Nitrogen - Nitrate | I61: {=Common_InputFunctions.Utility_DisplayArrayInTable(Fertiliser_SourceData.Fertiliser_Products_Data1(),FertiliserProducts[[#Headers],[Product]], 0)} -> 0.006 | J61: {=Common_InputFunctions.Utility_DisplayArrayInTable(Fertiliser_SourceData.Fertiliser_Products_Data1(),FertiliserProducts[[#Headers],[Product]], 0)} -> Location not specified | K61: {=Common_InputFunctions.Utility_DisplayArrayInTable(Fertiliser_SourceData.Fertiliser_Products_Data1(),FertiliserProducts[[#Headers],[Product]], 0)} -> Nitrogen - Ureic | ... W61: {=Common_InputFunctions.Utility_DisplayArrayInTable(Fertiliser_SourceData.Fertiliser_Products_Data1(),FertiliserProducts[[#Headers],[Product]], 0)} -> Active N (Lawnpride.com.au)
D62: {=Common_InputFunctions.Utility_DisplayArrayInTable(Fertiliser_SourceData.Fertiliser_Products_Data1(),FertiliserProducts[[#Headers],[Product]], 0)} -> Activist Max Zinc | E62: {=Common_InputFunctions.Utility_DisplayArrayInTable(Fertiliser_SourceData.Fertiliser_Products_Data1(),FertiliserProducts[[#Headers],[Product]], 0)} -> Nitrogen - Generic | F62: {=Common_InputFunctions.Utility_DisplayArrayInTable(Fertiliser_SourceData.Fertiliser_Products_Data1(),FertiliserProducts[[#Headers],[Product]], 0)} -> 0.07 | G62: {=Common_InputFunctions.Utility_DisplayArrayInTable(Fertiliser_SourceData.Fertiliser_Products_Data1(),FertiliserProducts[[#Headers],[Product]], 0)} -> Location not specified | H62: {=Common_InputFunctions.Utility_DisplayArrayInTable(Fertiliser_SourceData.Fertiliser_Products_Data1(),FertiliserProducts[[#Headers],[Product]], 0)} -> Zinc - Generic | I62: {=Common_InputFunctions.Utility_DisplayArrayInTable(Fertiliser_SourceData.Fertiliser_Products_Data1(),FertiliserProducts[[#Headers],[Product]], 0)} -> 0.7 | J62: {=Common_InputFunctions.Utility_DisplayArrayInTable(Fertiliser_SourceData.Fertiliser_Products_Data1(),FertiliserProducts[[#Headers],[Product]], 0)} -> Location not specified | K62: {=Common_InputFunctions.Utility_DisplayArrayInTable(Fertiliser_SourceData.Fertiliser_Products_Data1(),FertiliserProducts[[#Headers],[Product]], 0)} | ... W62: {=Common_InputFunctions.Utility_DisplayArrayInTable(Fertiliser_SourceData.Fertiliser_Products_Data1(),FertiliserProducts[[#Headers],[Product]], 0)} -> ACTIVIST-MAX.pdf (agrichem.com.au)
D63: {=Common_InputFunctions.Utility_DisplayArrayInTable(Fertiliser_SourceData.Fertiliser_Products_Data1(),FertiliserProducts[[#Headers],[Product]], 0)} -> Agflow | E63: {=Common_InputFunctions.Utility_DisplayArrayInTable(Fertiliser_SourceData.Fertiliser_Products_Data1(),FertiliserProducts[[#Headers],[Product]], 0)} -> Nitrogen - Generic | F63: {=Common_InputFunctions.Utility_DisplayArrayInTable(Fertiliser_SourceData.Fertiliser_Products_Data1(),FertiliserProducts[[#Headers],[Product]], 0)} -> 0.129 | G63: {=Common_InputFunctions.Utility_DisplayArrayInTable(Fertiliser_SourceData.Fertiliser_Products_Data1(),FertiliserProducts[[#Headers],[Product]], 0)} -> Location not specified | H63: {=Common_InputFunctions.Utility_DisplayArrayInTable(Fertiliser_SourceData.Fertiliser_Products_Data1(),FertiliserProducts[[#Headers],[Product]], 0)} -> Phosphorus - Generic | I63: {=Common_InputFunctions.Utility_DisplayArrayInTable(Fertiliser_SourceData.Fertiliser_Products_Data1(),FertiliserProducts[[#Headers],[Product]], 0)} -> 0.177 | J63: {=Common_InputFunctions.Utility_DisplayArrayInTable(Fertiliser_SourceData.Fertiliser_Products_Data1(),FertiliserProducts[[#Headers],[Product]], 0)} -> Location not specified | K63: {=Common_InputFunctions.Utility_DisplayArrayInTable(Fertiliser_SourceData.Fertiliser_Products_Data1(),FertiliserProducts[[#Headers],[Product]], 0)} -> Sulfur - Generic | ... W63: {=Common_InputFunctions.Utility_DisplayArrayInTable(Fertiliser_SourceData.Fertiliser_Products_Data1(),FertiliserProducts[[#Headers],[Product]], 0)} -> CSBP High / Maintenance S
D64: {=Common_InputFunctions.Utility_DisplayArrayInTable(Fertiliser_SourceData.Fertiliser_Products_Data1(),FertiliserProducts[[#Headers],[Product]], 0)} -> Agflow Boost | E64: {=Common_InputFunctions.Utility_DisplayArrayInTable(Fertiliser_SourceData.Fertiliser_Products_Data1(),FertiliserProducts[[#Headers],[Product]], 0)} -> Nitrogen - Generic | F64: {=Common_InputFunctions.Utility_DisplayArrayInTable(Fertiliser_SourceData.Fertiliser_Products_Data1(),FertiliserProducts[[#Headers],[Product]], 0)} -> 0.121 | G64: {=Common_InputFunctions.Utility_DisplayArrayInTable(Fertiliser_SourceData.Fertiliser_Products_Data1(),FertiliserProducts[[#Headers],[Product]], 0)} -> Location not specified | H64: {=Common_InputFunctions.Utility_DisplayArrayInTable(Fertiliser_SourceData.Fertiliser_Products_Data1(),FertiliserProducts[[#Headers],[Product]], 0)} -> Phosphorus - Generic | I64: {=Common_InputFunctions.Utility_DisplayArrayInTable(Fertiliser_SourceData.Fertiliser_Products_Data1(),FertiliserProducts[[#Headers],[Product]], 0)} -> 0.198 | J64: {=Common_InputFunctions.Utility_DisplayArrayInTable(Fertiliser_SourceData.Fertiliser_Products_Data1(),FertiliserProducts[[#Headers],[Product]], 0)} -> Location not specified | K64: {=Common_InputFunctions.Utility_DisplayArrayInTable(Fertiliser_SourceData.Fertiliser_Products_Data1(),FertiliserProducts[[#Headers],[Product]], 0)} -> Sulfur - Generic | ... W64: {=Common_InputFunctions.Utility_DisplayArrayInTable(Fertiliser_SourceData.Fertiliser_Products_Data1(),FertiliserProducts[[#Headers],[Product]], 0)} -> CSBP High / Maintenance S
D65: {=Common_InputFunctions.Utility_DisplayArrayInTable(Fertiliser_SourceData.Fertiliser_Products_Data1(),FertiliserProducts[[#Headers],[Product]], 0)} -> Agflow Boost Extra | E65: {=Common_InputFunctions.Utility_DisplayArrayInTable(Fertiliser_SourceData.Fertiliser_Products_Data1(),FertiliserProducts[[#Headers],[Product]], 0)} -> Nitrogen - Generic | F65: {=Common_InputFunctions.Utility_DisplayArrayInTable(Fertiliser_SourceData.Fertiliser_Products_Data1(),FertiliserProducts[[#Headers],[Product]], 0)} -> 0.12 | G65: {=Common_InputFunctions.Utility_DisplayArrayInTable(Fertiliser_SourceData.Fertiliser_Products_Data1(),FertiliserProducts[[#Headers],[Product]], 0)} -> Location not specified | H65: {=Common_InputFunctions.Utility_DisplayArrayInTable(Fertiliser_SourceData.Fertiliser_Products_Data1(),FertiliserProducts[[#Headers],[Product]], 0)} -> Phosphorus - Generic | I65: {=Common_InputFunctions.Utility_DisplayArrayInTable(Fertiliser_SourceData.Fertiliser_Products_Data1(),FertiliserProducts[[#Headers],[Product]], 0)} -> 0.197 | J65: {=Common_InputFunctions.Utility_DisplayArrayInTable(Fertiliser_SourceData.Fertiliser_Products_Data1(),FertiliserProducts[[#Headers],[Product]], 0)} -> Location not specified | K65: {=Common_InputFunctions.Utility_DisplayArrayInTable(Fertiliser_SourceData.Fertiliser_Products_Data1(),FertiliserProducts[[#Headers],[Product]], 0)} -> Sulfur - Generic | ... W65: {=Common_InputFunctions.Utility_DisplayArrayInTable(Fertiliser_SourceData.Fertiliser_Products_Data1(),FertiliserProducts[[#Headers],[Product]], 0)} -> CSBP High / Maintenance S
D66: {=Common_InputFunctions.Utility_DisplayArrayInTable(Fertiliser_SourceData.Fertiliser_Products_Data1(),FertiliserProducts[[#Headers],[Product]], 0)} -> AgNP | E66: {=Common_InputFunctions.Utility_DisplayArrayInTable(Fertiliser_SourceData.Fertiliser_Products_Data1(),FertiliserProducts[[#Headers],[Product]], 0)} | F66: {=Common_InputFunctions.Utility_DisplayArrayInTable(Fertiliser_SourceData.Fertiliser_Products_Data1(),FertiliserProducts[[#Headers],[Product]], 0)} | G66: {=Common_InputFunctions.Utility_DisplayArrayInTable(Fertiliser_SourceData.Fertiliser_Products_Data1(),FertiliserProducts[[#Headers],[Product]], 0)} | H66: {=Common_InputFunctions.Utility_DisplayArrayInTable(Fertiliser_SourceData.Fertiliser_Products_Data1(),FertiliserProducts[[#Headers],[Product]], 0)} | I66: {=Common_InputFunctions.Utility_DisplayArrayInTable(Fertiliser_SourceData.Fertiliser_Products_Data1(),FertiliserProducts[[#Headers],[Product]], 0)} | J66: {=Common_InputFunctions.Utility_DisplayArrayInTable(Fertiliser_SourceData.Fertiliser_Products_Data1(),FertiliserProducts[[#Headers],[Product]], 0)} | K66: {=Common_InputFunctions.Utility_DisplayArrayInTable(Fertiliser_SourceData.Fertiliser_Products_Data1(),FertiliserProducts[[#Headers],[Product]], 0)} | ... W66: {=Common_InputFunctions.Utility_DisplayArrayInTable(Fertiliser_SourceData.Fertiliser_Products_Data1(),FertiliserProducts[[#Headers],[Product]], 0)} -> CSBP High / Maintenance S
D67: {=Common_InputFunctions.Utility_DisplayArrayInTable(Fertiliser_SourceData.Fertiliser_Products_Data1(),FertiliserProducts[[#Headers],[Product]], 0)} -> AllStar | E67: {=Common_InputFunctions.Utility_DisplayArrayInTable(Fertiliser_SourceData.Fertiliser_Products_Data1(),FertiliserProducts[[#Headers],[Product]], 0)} | F67: {=Common_InputFunctions.Utility_DisplayArrayInTable(Fertiliser_SourceData.Fertiliser_Products_Data1(),FertiliserProducts[[#Headers],[Product]], 0)} | G67: {=Common_InputFunctions.Utility_DisplayArrayInTable(Fertiliser_SourceData.Fertiliser_Products_Data1(),FertiliserProducts[[#Headers],[Product]], 0)} | H67: {=Common_InputFunctions.Utility_DisplayArrayInTable(Fertiliser_SourceData.Fertiliser_Products_Data1(),FertiliserProducts[[#Headers],[Product]], 0)} | I67: {=Common_InputFunctions.Utility_DisplayArrayInTable(Fertiliser_SourceData.Fertiliser_Products_Data1(),FertiliserProducts[[#Headers],[Product]], 0)} | J67: {=Common_InputFunctions.Utility_DisplayArrayInTable(Fertiliser_SourceData.Fertiliser_Products_Data1(),FertiliserProducts[[#Headers],[Product]], 0)} | K67: {=Common_InputFunctions.Utility_DisplayArrayInTable(Fertiliser_SourceData.Fertiliser_Products_Data1(),FertiliserProducts[[#Headers],[Product]], 0)} | ... W67: {=Common_InputFunctions.Utility_DisplayArrayInTable(Fertiliser_SourceData.Fertiliser_Products_Data1(),FertiliserProducts[[#Headers],[Product]], 0)} -> Summit Fertilizers
D68: {=Common_InputFunctions.Utility_DisplayArrayInTable(Fertiliser_SourceData.Fertiliser_Products_Data1(),FertiliserProducts[[#Headers],[Product]], 0)} -> Ammo 36 | E68: {=Common_InputFunctions.Utility_DisplayArrayInTable(Fertiliser_SourceData.Fertiliser_Products_Data1(),FertiliserProducts[[#Headers],[Product]], 0)} -> Urea | F68: {=Common_InputFunctions.Utility_DisplayArrayInTable(Fertiliser_SourceData.Fertiliser_Products_Data1(),FertiliserProducts[[#Headers],[Product]], 0)} -> 0.4 | G68: {=Common_InputFunctions.Utility_DisplayArrayInTable(Fertiliser_SourceData.Fertiliser_Products_Data1(),FertiliserProducts[[#Headers],[Product]], 0)} -> Location not specified | H68: {=Common_InputFunctions.Utility_DisplayArrayInTable(Fertiliser_SourceData.Fertiliser_Products_Data1(),FertiliserProducts[[#Headers],[Product]], 0)} -> Sulphate of Ammonia (SOA) | I68: {=Common_InputFunctions.Utility_DisplayArrayInTable(Fertiliser_SourceData.Fertiliser_Products_Data1(),FertiliserProducts[[#Headers],[Product]], 0)} -> 0.6 | J68: {=Common_InputFunctions.Utility_DisplayArrayInTable(Fertiliser_SourceData.Fertiliser_Products_Data1(),FertiliserProducts[[#Headers],[Product]], 0)} -> Location not specified | K68: {=Common_InputFunctions.Utility_DisplayArrayInTable(Fertiliser_SourceData.Fertiliser_Products_Data1(),FertiliserProducts[[#Headers],[Product]], 0)} | ... W68: {=Common_InputFunctions.Utility_DisplayArrayInTable(Fertiliser_SourceData.Fertiliser_Products_Data1(),FertiliserProducts[[#Headers],[Product]], 0)} -> Ravensdown
D69: {=Common_InputFunctions.Utility_DisplayArrayInTable(Fertiliser_SourceData.Fertiliser_Products_Data1(),FertiliserProducts[[#Headers],[Product]], 0)} -> Apex GaIXe Low P 21-1-6 | E69: {=Common_InputFunctions.Utility_DisplayArrayInTable(Fertiliser_SourceData.Fertiliser_Products_Data1(),FertiliserProducts[[#Headers],[Product]], 0)} | F69: {=Common_InputFunctions.Utility_DisplayArrayInTable(Fertiliser_SourceData.Fertiliser_Products_Data1(),FertiliserProducts[[#Headers],[Product]], 0)} | G69: {=Common_InputFunctions.Utility_DisplayArrayInTable(Fertiliser_SourceData.Fertiliser_Products_Data1(),FertiliserProducts[[#Headers],[Product]], 0)} | H69: {=Common_InputFunctions.Utility_DisplayArrayInTable(Fertiliser_SourceData.Fertiliser_Products_Data1(),FertiliserProducts[[#Headers],[Product]], 0)} | I69: {=Common_InputFunctions.Utility_DisplayArrayInTable(Fertiliser_SourceData.Fertiliser_Products_Data1(),FertiliserProducts[[#Headers],[Product]], 0)} | J69: {=Common_InputFunctions.Utility_DisplayArrayInTable(Fertiliser_SourceData.Fertiliser_Products_Data1(),FertiliserProducts[[#Headers],[Product]], 0)} | K69: {=Common_InputFunctions.Utility_DisplayArrayInTable(Fertiliser_SourceData.Fertiliser_Products_Data1(),FertiliserProducts[[#Headers],[Product]], 0)} | ... W69: {=Common_InputFunctions.Utility_DisplayArrayInTable(Fertiliser_SourceData.Fertiliser_Products_Data1(),FertiliserProducts[[#Headers],[Product]], 0)} -> Baileys controlled release fertilisers
... D87: {=Common_InputFunctions.Utility_DisplayArrayInTable(Fertiliser_SourceData.Fertiliser_Products_Data1(),FertiliserProducts[[#Headers],[Product]], 0)} -> Invigor8 0-37-37 | E87: {=Common_InputFunctions.Utility_DisplayArrayInTable(Fertiliser_SourceData.Fertiliser_Products_Data1(),FertiliserProducts[[#Headers],[Product]], 0)} | F87: {=Common_InputFunctions.Utility_DisplayArrayInTable(Fertiliser_SourceData.Fertiliser_Products_Data1(),FertiliserProducts[[#Headers],[Product]], 0)} | G87: {=Common_InputFunctions.Utility_DisplayArrayInTable(Fertiliser_SourceData.Fertiliser_Products_Data1(),FertiliserProducts[[#Headers],[Product]], 0)} | H87: {=Common_InputFunctions.Utility_DisplayArrayInTable(Fertiliser_SourceData.Fertiliser_Products_Data1(),FertiliserProducts[[#Headers],[Product]], 0)} | I87: {=Common_InputFunctions.Utility_DisplayArrayInTable(Fertiliser_SourceData.Fertiliser_Products_Data1(),FertiliserProducts[[#Headers],[Product]], 0)} | J87: {=Common_InputFunctions.Utility_DisplayArrayInTable(Fertiliser_SourceData.Fertiliser_Products_Data1(),FertiliserProducts[[#Headers],[Product]], 0)} | K87: {=Common_InputFunctions.Utility_DisplayArrayInTable(Fertiliser_SourceData.Fertiliser_Products_Data1(),FertiliserProducts[[#Headers],[Product]], 0)} | ... W87: {=Common_InputFunctions.Utility_DisplayArrayInTable(Fertiliser_SourceData.Fertiliser_Products_Data1(),FertiliserProducts[[#Headers],[Product]], 0)} -> Genesis AG
D88: {=Common_InputFunctions.Utility_DisplayArrayInTable(Fertiliser_SourceData.Fertiliser_Products_Data2(),FertiliserProducts[[#Headers],[Product]], 30)} -> Manganese Sulphate | E88: {=Common_InputFunctions.Utility_DisplayArrayInTable(Fertiliser_SourceData.Fertiliser_Products_Data2(),FertiliserProducts[[#Headers],[Product]], 30)} | F88: {=Common_InputFunctions.Utility_DisplayArrayInTable(Fertiliser_SourceData.Fertiliser_Products_Data2(),FertiliserProducts[[#Headers],[Product]], 30)} | G88: {=Common_InputFunctions.Utility_DisplayArrayInTable(Fertiliser_SourceData.Fertiliser_Products_Data2(),FertiliserProducts[[#Headers],[Product]], 30)} | H88: {=Common_InputFunctions.Utility_DisplayArrayInTable(Fertiliser_SourceData.Fertiliser_Products_Data2(),FertiliserProducts[[#Headers],[Product]], 30)} | I88: {=Common_InputFunctions.Utility_DisplayArrayInTable(Fertiliser_SourceData.Fertiliser_Products_Data2(),FertiliserProducts[[#Headers],[Product]], 30)} | J88: {=Common_InputFunctions.Utility_DisplayArrayInTable(Fertiliser_SourceData.Fertiliser_Products_Data2(),FertiliserProducts[[#Headers],[Product]], 30)} | K88: {=Common_InputFunctions.Utility_DisplayArrayInTable(Fertiliser_SourceData.Fertiliser_Products_Data2(),FertiliserProducts[[#Headers],[Product]], 30)} | ... W88: {=Common_InputFunctions.Utility_DisplayArrayInTable(Fertiliser_SourceData.Fertiliser_Products_Data2(),FertiliserProducts[[#Headers],[Product]], 30)} -> Incitec Pivot Fertilisers
D89: {=Common_InputFunctions.Utility_DisplayArrayInTable(Fertiliser_SourceData.Fertiliser_Products_Data2(),FertiliserProducts[[#Headers],[Product]], 30)} -> MAP | E89: {=Common_InputFunctions.Utility_DisplayArrayInTable(Fertiliser_SourceData.Fertiliser_Products_Data2(),FertiliserProducts[[#Headers],[Product]], 30)} | F89: {=Common_InputFunctions.Utility_DisplayArrayInTable(Fertiliser_SourceData.Fertiliser_Products_Data2(),FertiliserProducts[[#Headers],[Product]], 30)} | G89: {=Common_InputFunctions.Utility_DisplayArrayInTable(Fertiliser_SourceData.Fertiliser_Products_Data2(),FertiliserProducts[[#Headers],[Product]], 30)} | H89: {=Common_InputFunctions.Utility_DisplayArrayInTable(Fertiliser_SourceData.Fertiliser_Products_Data2(),FertiliserProducts[[#Headers],[Product]], 30)} | I89: {=Common_InputFunctions.Utility_DisplayArrayInTable(Fertiliser_SourceData.Fertiliser_Products_Data2(),FertiliserProducts[[#Headers],[Product]], 30)} | J89: {=Common_InputFunctions.Utility_DisplayArrayInTable(Fertiliser_SourceData.Fertiliser_Products_Data2(),FertiliserProducts[[#Headers],[Product]], 30)} | K89: {=Common_InputFunctions.Utility_DisplayArrayInTable(Fertiliser_SourceData.Fertiliser_Products_Data2(),FertiliserProducts[[#Headers],[Product]], 30)} | ... W89: {=Common_InputFunctions.Utility_DisplayArrayInTable(Fertiliser_SourceData.Fertiliser_Products_Data2(),FertiliserProducts[[#Headers],[Product]], 30)} -> Incitec Pivot Fertilisers
D90: {=Common_InputFunctions.Utility_DisplayArrayInTable(Fertiliser_SourceData.Fertiliser_Products_Data2(),FertiliserProducts[[#Headers],[Product]], 30)} -> MAP Impact | E90: {=Common_InputFunctions.Utility_DisplayArrayInTable(Fertiliser_SourceData.Fertiliser_Products_Data2(),FertiliserProducts[[#Headers],[Product]], 30)} | F90: {=Common_InputFunctions.Utility_DisplayArrayInTable(Fertiliser_SourceData.Fertiliser_Products_Data2(),FertiliserProducts[[#Headers],[Product]], 30)} | G90: {=Common_InputFunctions.Utility_DisplayArrayInTable(Fertiliser_SourceData.Fertiliser_Products_Data2(),FertiliserProducts[[#Headers],[Product]], 30)} | H90: {=Common_InputFunctions.Utility_DisplayArrayInTable(Fertiliser_SourceData.Fertiliser_Products_Data2(),FertiliserProducts[[#Headers],[Product]], 30)} | I90: {=Common_InputFunctions.Utility_DisplayArrayInTable(Fertiliser_SourceData.Fertiliser_Products_Data2(),FertiliserProducts[[#Headers],[Product]], 30)} | J90: {=Common_InputFunctions.Utility_DisplayArrayInTable(Fertiliser_SourceData.Fertiliser_Products_Data2(),FertiliserProducts[[#Headers],[Product]], 30)} | K90: {=Common_InputFunctions.Utility_DisplayArrayInTable(Fertiliser_SourceData.Fertiliser_Products_Data2(),FertiliserProducts[[#Headers],[Product]], 30)} | ... W90: {=Common_InputFunctions.Utility_DisplayArrayInTable(Fertiliser_SourceData.Fertiliser_Products_Data2(),FertiliserProducts[[#Headers],[Product]], 30)} -> Impact fertilisers
D91: {=Common_InputFunctions.Utility_DisplayArrayInTable(Fertiliser_SourceData.Fertiliser_Products_Data2(),FertiliserProducts[[#Headers],[Product]], 30)} -> MAPSZC | E91: {=Common_InputFunctions.Utility_DisplayArrayInTable(Fertiliser_SourceData.Fertiliser_Products_Data2(),FertiliserProducts[[#Headers],[Product]], 30)} | F91: {=Common_InputFunctions.Utility_DisplayArrayInTable(Fertiliser_SourceData.Fertiliser_Products_Data2(),FertiliserProducts[[#Headers],[Product]], 30)} | G91: {=Common_InputFunctions.Utility_DisplayArrayInTable(Fertiliser_SourceData.Fertiliser_Products_Data2(),FertiliserProducts[[#Headers],[Product]], 30)} | H91: {=Common_InputFunctions.Utility_DisplayArrayInTable(Fertiliser_SourceData.Fertiliser_Products_Data2(),FertiliserProducts[[#Headers],[Product]], 30)} | I91: {=Common_InputFunctions.Utility_DisplayArrayInTable(Fertiliser_SourceData.Fertiliser_Products_Data2(),FertiliserProducts[[#Headers],[Product]], 30)} | J91: {=Common_InputFunctions.Utility_DisplayArrayInTable(Fertiliser_SourceData.Fertiliser_Products_Data2(),FertiliserProducts[[#Headers],[Product]], 30)} | K91: {=Common_InputFunctions.Utility_DisplayArrayInTable(Fertiliser_SourceData.Fertiliser_Products_Data2(),FertiliserProducts[[#Headers],[Product]], 30)} | ... W91: {=Common_InputFunctions.Utility_DisplayArrayInTable(Fertiliser_SourceData.Fertiliser_Products_Data2(),FertiliserProducts[[#Headers],[Product]], 30)} -> Summit Fertilizers
D92: {=Common_InputFunctions.Utility_DisplayArrayInTable(Fertiliser_SourceData.Fertiliser_Products_Data2(),FertiliserProducts[[#Headers],[Product]], 30)} -> Maximum N-Pact 29-0-0 | E92: {=Common_InputFunctions.Utility_DisplayArrayInTable(Fertiliser_SourceData.Fertiliser_Products_Data2(),FertiliserProducts[[#Headers],[Product]], 30)} | F92: {=Common_InputFunctions.Utility_DisplayArrayInTable(Fertiliser_SourceData.Fertiliser_Products_Data2(),FertiliserProducts[[#Headers],[Product]], 30)} | G92: {=Common_InputFunctions.Utility_DisplayArrayInTable(Fertiliser_SourceData.Fertiliser_Products_Data2(),FertiliserProducts[[#Headers],[Product]], 30)} | H92: {=Common_InputFunctions.Utility_DisplayArrayInTable(Fertiliser_SourceData.Fertiliser_Products_Data2(),FertiliserProducts[[#Headers],[Product]], 30)} | I92: {=Common_InputFunctions.Utility_DisplayArrayInTable(Fertiliser_SourceData.Fertiliser_Products_Data2(),FertiliserProducts[[#Headers],[Product]], 30)} | J92: {=Common_InputFunctions.Utility_DisplayArrayInTable(Fertiliser_SourceData.Fertiliser_Products_Data2(),FertiliserProducts[[#Headers],[Product]], 30)} | K92: {=Common_InputFunctions.Utility_DisplayArrayInTable(Fertiliser_SourceData.Fertiliser_Products_Data2(),FertiliserProducts[[#Headers],[Product]], 30)} | ... W92: {=Common_InputFunctions.Utility_DisplayArrayInTable(Fertiliser_SourceData.Fertiliser_Products_Data2(),FertiliserProducts[[#Headers],[Product]], 30)} -> Maximum N-Pact | Loveland (lovelandagriproducts.com.au)
D93: {=Common_InputFunctions.Utility_DisplayArrayInTable(Fertiliser_SourceData.Fertiliser_Products_Data2(),FertiliserProducts[[#Headers],[Product]], 30)} -> Microsol 12-6-44 | E93: {=Common_InputFunctions.Utility_DisplayArrayInTable(Fertiliser_SourceData.Fertiliser_Products_Data2(),FertiliserProducts[[#Headers],[Product]], 30)} | F93: {=Common_InputFunctions.Utility_DisplayArrayInTable(Fertiliser_SourceData.Fertiliser_Products_Data2(),FertiliserProducts[[#Headers],[Product]], 30)} | G93: {=Common_InputFunctions.Utility_DisplayArrayInTable(Fertiliser_SourceData.Fertiliser_Products_Data2(),FertiliserProducts[[#Headers],[Product]], 30)} | H93: {=Common_InputFunctions.Utility_DisplayArrayInTable(Fertiliser_SourceData.Fertiliser_Products_Data2(),FertiliserProducts[[#Headers],[Product]], 30)} | I93: {=Common_InputFunctions.Utility_DisplayArrayInTable(Fertiliser_SourceData.Fertiliser_Products_Data2(),FertiliserProducts[[#Headers],[Product]], 30)} | J93: {=Common_InputFunctions.Utility_DisplayArrayInTable(Fertiliser_SourceData.Fertiliser_Products_Data2(),FertiliserProducts[[#Headers],[Product]], 30)} | K93: {=Common_InputFunctions.Utility_DisplayArrayInTable(Fertiliser_SourceData.Fertiliser_Products_Data2(),FertiliserProducts[[#Headers],[Product]], 30)} | ... W93: {=Common_InputFunctions.Utility_DisplayArrayInTable(Fertiliser_SourceData.Fertiliser_Products_Data2(),FertiliserProducts[[#Headers],[Product]], 30)} -> Rigbytaylor Microsol Range
D94: {=Common_InputFunctions.Utility_DisplayArrayInTable(Fertiliser_SourceData.Fertiliser_Products_Data2(),FertiliserProducts[[#Headers],[Product]], 30)} -> Microsol 16-32-16 | E94: {=Common_InputFunctions.Utility_DisplayArrayInTable(Fertiliser_SourceData.Fertiliser_Products_Data2(),FertiliserProducts[[#Headers],[Product]], 30)} | F94: {=Common_InputFunctions.Utility_DisplayArrayInTable(Fertiliser_SourceData.Fertiliser_Products_Data2(),FertiliserProducts[[#Headers],[Product]], 30)} | G94: {=Common_InputFunctions.Utility_DisplayArrayInTable(Fertiliser_SourceData.Fertiliser_Products_Data2(),FertiliserProducts[[#Headers],[Product]], 30)} | H94: {=Common_InputFunctions.Utility_DisplayArrayInTable(Fertiliser_SourceData.Fertiliser_Products_Data2(),FertiliserProducts[[#Headers],[Product]], 30)} | I94: {=Common_InputFunctions.Utility_DisplayArrayInTable(Fertiliser_SourceData.Fertiliser_Products_Data2(),FertiliserProducts[[#Headers],[Product]], 30)} | J94: {=Common_InputFunctions.Utility_DisplayArrayInTable(Fertiliser_SourceData.Fertiliser_Products_Data2(),FertiliserProducts[[#Headers],[Product]], 30)} | K94: {=Common_InputFunctions.Utility_DisplayArrayInTable(Fertiliser_SourceData.Fertiliser_Products_Data2(),FertiliserProducts[[#Headers],[Product]], 30)} | ... W94: {=Common_InputFunctions.Utility_DisplayArrayInTable(Fertiliser_SourceData.Fertiliser_Products_Data2(),FertiliserProducts[[#Headers],[Product]], 30)} -> Rigbytaylor Microsol Range
D95: {=Common_InputFunctions.Utility_DisplayArrayInTable(Fertiliser_SourceData.Fertiliser_Products_Data2(),FertiliserProducts[[#Headers],[Product]], 30)} -> Microsol 25-5-10 | E95: {=Common_InputFunctions.Utility_DisplayArrayInTable(Fertiliser_SourceData.Fertiliser_Products_Data2(),FertiliserProducts[[#Headers],[Product]], 30)} | F95: {=Common_InputFunctions.Utility_DisplayArrayInTable(Fertiliser_SourceData.Fertiliser_Products_Data2(),FertiliserProducts[[#Headers],[Product]], 30)} | G95: {=Common_InputFunctions.Utility_DisplayArrayInTable(Fertiliser_SourceData.Fertiliser_Products_Data2(),FertiliserProducts[[#Headers],[Product]], 30)} | H95: {=Common_InputFunctions.Utility_DisplayArrayInTable(Fertiliser_SourceData.Fertiliser_Products_Data2(),FertiliserProducts[[#Headers],[Product]], 30)} | I95: {=Common_InputFunctions.Utility_DisplayArrayInTable(Fertiliser_SourceData.Fertiliser_Products_Data2(),FertiliserProducts[[#Headers],[Product]], 30)} | J95: {=Common_InputFunctions.Utility_DisplayArrayInTable(Fertiliser_SourceData.Fertiliser_Products_Data2(),FertiliserProducts[[#Headers],[Product]], 30)} | K95: {=Common_InputFunctions.Utility_DisplayArrayInTable(Fertiliser_SourceData.Fertiliser_Products_Data2(),FertiliserProducts[[#Headers],[Product]], 30)} | ... W95: {=Common_InputFunctions.Utility_DisplayArrayInTable(Fertiliser_SourceData.Fertiliser_Products_Data2(),FertiliserProducts[[#Headers],[Product]], 30)} -> Rigbytaylor Microsol Range
D96: {=Common_InputFunctions.Utility_DisplayArrayInTable(Fertiliser_SourceData.Fertiliser_Products_Data2(),FertiliserProducts[[#Headers],[Product]], 30)} -> Microsol 28-0-14 | E96: {=Common_InputFunctions.Utility_DisplayArrayInTable(Fertiliser_SourceData.Fertiliser_Products_Data2(),FertiliserProducts[[#Headers],[Product]], 30)} | F96: {=Common_InputFunctions.Utility_DisplayArrayInTable(Fertiliser_SourceData.Fertiliser_Products_Data2(),FertiliserProducts[[#Headers],[Product]], 30)} | G96: {=Common_InputFunctions.Utility_DisplayArrayInTable(Fertiliser_SourceData.Fertiliser_Products_Data2(),FertiliserProducts[[#Headers],[Product]], 30)} | H96: {=Common_InputFunctions.Utility_DisplayArrayInTable(Fertiliser_SourceData.Fertiliser_Products_Data2(),FertiliserProducts[[#Headers],[Product]], 30)} | I96: {=Common_InputFunctions.Utility_DisplayArrayInTable(Fertiliser_SourceData.Fertiliser_Products_Data2(),FertiliserProducts[[#Headers],[Product]], 30)} | J96: {=Common_InputFunctions.Utility_DisplayArrayInTable(Fertiliser_SourceData.Fertiliser_Products_Data2(),FertiliserProducts[[#Headers],[Product]], 30)} | K96: {=Common_InputFunctions.Utility_DisplayArrayInTable(Fertiliser_SourceData.Fertiliser_Products_Data2(),FertiliserProducts[[#Headers],[Product]], 30)} | ... W96: {=Common_InputFunctions.Utility_DisplayArrayInTable(Fertiliser_SourceData.Fertiliser_Products_Data2(),FertiliserProducts[[#Headers],[Product]], 30)} -> Rigbytaylor Microsol Range
D97: {=Common_InputFunctions.Utility_DisplayArrayInTable(Fertiliser_SourceData.Fertiliser_Products_Data2(),FertiliserProducts[[#Headers],[Product]], 30)} -> Mono Potassium Phosphate MKP | E97: {=Common_InputFunctions.Utility_DisplayArrayInTable(Fertiliser_SourceData.Fertiliser_Products_Data2(),FertiliserProducts[[#Headers],[Product]], 30)} | F97: {=Common_InputFunctions.Utility_DisplayArrayInTable(Fertiliser_SourceData.Fertiliser_Products_Data2(),FertiliserProducts[[#Headers],[Product]], 30)} | G97: {=Common_InputFunctions.Utility_DisplayArrayInTable(Fertiliser_SourceData.Fertiliser_Products_Data2(),FertiliserProducts[[#Headers],[Product]], 30)} | H97: {=Common_InputFunctions.Utility_DisplayArrayInTable(Fertiliser_SourceData.Fertiliser_Products_Data2(),FertiliserProducts[[#Headers],[Product]], 30)} | I97: {=Common_InputFunctions.Utility_DisplayArrayInTable(Fertiliser_SourceData.Fertiliser_Products_Data2(),FertiliserProducts[[#Headers],[Product]], 30)} | J97: {=Common_InputFunctions.Utility_DisplayArrayInTable(Fertiliser_SourceData.Fertiliser_Products_Data2(),FertiliserProducts[[#Headers],[Product]], 30)} | K97: {=Common_InputFunctions.Utility_DisplayArrayInTable(Fertiliser_SourceData.Fertiliser_Products_Data2(),FertiliserProducts[[#Headers],[Product]], 30)} | ... W97: {=Common_InputFunctions.Utility_DisplayArrayInTable(Fertiliser_SourceData.Fertiliser_Products_Data2(),FertiliserProducts[[#Headers],[Product]], 30)} -> Swancrop
D98: {=Common_InputFunctions.Utility_DisplayArrayInTable(Fertiliser_SourceData.Fertiliser_Products_Data2(),FertiliserProducts[[#Headers],[Product]], 30)} -> Muriate Of Potash MOP | E98: {=Common_InputFunctions.Utility_DisplayArrayInTable(Fertiliser_SourceData.Fertiliser_Products_Data2(),FertiliserProducts[[#Headers],[Product]], 30)} | F98: {=Common_InputFunctions.Utility_DisplayArrayInTable(Fertiliser_SourceData.Fertiliser_Products_Data2(),FertiliserProducts[[#Headers],[Product]], 30)} | G98: {=Common_InputFunctions.Utility_DisplayArrayInTable(Fertiliser_SourceData.Fertiliser_Products_Data2(),FertiliserProducts[[#Headers],[Product]], 30)} | H98: {=Common_InputFunctions.Utility_DisplayArrayInTable(Fertiliser_SourceData.Fertiliser_Products_Data2(),FertiliserProducts[[#Headers],[Product]], 30)} | I98: {=Common_InputFunctions.Utility_DisplayArrayInTable(Fertiliser_SourceData.Fertiliser_Products_Data2(),FertiliserProducts[[#Headers],[Product]], 30)} | J98: {=Common_InputFunctions.Utility_DisplayArrayInTable(Fertiliser_SourceData.Fertiliser_Products_Data2(),FertiliserProducts[[#Headers],[Product]], 30)} | K98: {=Common_InputFunctions.Utility_DisplayArrayInTable(Fertiliser_SourceData.Fertiliser_Products_Data2(),FertiliserProducts[[#Headers],[Product]], 30)} | ... W98: {=Common_InputFunctions.Utility_DisplayArrayInTable(Fertiliser_SourceData.Fertiliser_Products_Data2(),FertiliserProducts[[#Headers],[Product]], 30)} -> MountCompass Fertilisers Blends
D99: {=Common_InputFunctions.Utility_DisplayArrayInTable(Fertiliser_SourceData.Fertiliser_Products_Data2(),FertiliserProducts[[#Headers],[Product]], 30)} -> NitroPlus | E99: {=Common_InputFunctions.Utility_DisplayArrayInTable(Fertiliser_SourceData.Fertiliser_Products_Data2(),FertiliserProducts[[#Headers],[Product]], 30)} | F99: {=Common_InputFunctions.Utility_DisplayArrayInTable(Fertiliser_SourceData.Fertiliser_Products_Data2(),FertiliserProducts[[#Headers],[Product]], 30)} | G99: {=Common_InputFunctions.Utility_DisplayArrayInTable(Fertiliser_SourceData.Fertiliser_Products_Data2(),FertiliserProducts[[#Headers],[Product]], 30)} | H99: {=Common_InputFunctions.Utility_DisplayArrayInTable(Fertiliser_SourceData.Fertiliser_Products_Data2(),FertiliserProducts[[#Headers],[Product]], 30)} | I99: {=Common_InputFunctions.Utility_DisplayArrayInTable(Fertiliser_SourceData.Fertiliser_Products_Data2(),FertiliserProducts[[#Headers],[Product]], 30)} | J99: {=Common_InputFunctions.Utility_DisplayArrayInTable(Fertiliser_SourceData.Fertiliser_Products_Data2(),FertiliserProducts[[#Headers],[Product]], 30)} | K99: {=Common_InputFunctions.Utility_DisplayArrayInTable(Fertiliser_SourceData.Fertiliser_Products_Data2(),FertiliserProducts[[#Headers],[Product]], 30)} | ... W99: {=Common_InputFunctions.Utility_DisplayArrayInTable(Fertiliser_SourceData.Fertiliser_Products_Data2(),FertiliserProducts[[#Headers],[Product]], 30)} -> AgroStock Group Nitro Plus
... D117: {=Common_InputFunctions.Utility_DisplayArrayInTable(Fertiliser_SourceData.Fertiliser_Products_Data2(),FertiliserProducts[[#Headers],[Product]], 30)} -> Yara KeyPro Zinc | E117: {=Common_InputFunctions.Utility_DisplayArrayInTable(Fertiliser_SourceData.Fertiliser_Products_Data2(),FertiliserProducts[[#Headers],[Product]], 30)} | F117: {=Common_InputFunctions.Utility_DisplayArrayInTable(Fertiliser_SourceData.Fertiliser_Products_Data2(),FertiliserProducts[[#Headers],[Product]], 30)} | G117: {=Common_InputFunctions.Utility_DisplayArrayInTable(Fertiliser_SourceData.Fertiliser_Products_Data2(),FertiliserProducts[[#Headers],[Product]], 30)} | H117: {=Common_InputFunctions.Utility_DisplayArrayInTable(Fertiliser_SourceData.Fertiliser_Products_Data2(),FertiliserProducts[[#Headers],[Product]], 30)} | I117: {=Common_InputFunctions.Utility_DisplayArrayInTable(Fertiliser_SourceData.Fertiliser_Products_Data2(),FertiliserProducts[[#Headers],[Product]], 30)} | J117: {=Common_InputFunctions.Utility_DisplayArrayInTable(Fertiliser_SourceData.Fertiliser_Products_Data2(),FertiliserProducts[[#Headers],[Product]], 30)} | K117: {=Common_InputFunctions.Utility_DisplayArrayInTable(Fertiliser_SourceData.Fertiliser_Products_Data2(),FertiliserProducts[[#Headers],[Product]], 30)} | ... W117: {=Common_InputFunctions.Utility_DisplayArrayInTable(Fertiliser_SourceData.Fertiliser_Products_Data2(),FertiliserProducts[[#Headers],[Product]], 30)} -> Crop Nutrition Solutions (Yara Australia)
D118: {=Common_InputFunctions.Utility_DisplayArrayInTable(Fertiliser_SourceData.Fertiliser_Products_Data3(),FertiliserProducts[[#Headers],[Product]], 60)} -> Yara K-Flow 0-0-15 | E118: {=Common_InputFunctions.Utility_DisplayArrayInTable(Fertiliser_SourceData.Fertiliser_Products_Data3(),FertiliserProducts[[#Headers],[Product]], 60)} | F118: {=Common_InputFunctions.Utility_DisplayArrayInTable(Fertiliser_SourceData.Fertiliser_Products_Data3(),FertiliserProducts[[#Headers],[Product]], 60)} | G118: {=Common_InputFunctions.Utility_DisplayArrayInTable(Fertiliser_SourceData.Fertiliser_Products_Data3(),FertiliserProducts[[#Headers],[Product]], 60)} | H118: {=Common_InputFunctions.Utility_DisplayArrayInTable(Fertiliser_SourceData.Fertiliser_Products_Data3(),FertiliserProducts[[#Headers],[Product]], 60)} | I118: {=Common_InputFunctions.Utility_DisplayArrayInTable(Fertiliser_SourceData.Fertiliser_Products_Data3(),FertiliserProducts[[#Headers],[Product]], 60)} | J118: {=Common_InputFunctions.Utility_DisplayArrayInTable(Fertiliser_SourceData.Fertiliser_Products_Data3(),FertiliserProducts[[#Headers],[Product]], 60)} | K118: {=Common_InputFunctions.Utility_DisplayArrayInTable(Fertiliser_SourceData.Fertiliser_Products_Data3(),FertiliserProducts[[#Headers],[Product]], 60)} | ... W118: {=Common_InputFunctions.Utility_DisplayArrayInTable(Fertiliser_SourceData.Fertiliser_Products_Data3(),FertiliserProducts[[#Headers],[Product]], 60)} -> Crop Nutrition Solutions (Yara Australia)
D119: {=Common_InputFunctions.Utility_DisplayArrayInTable(Fertiliser_SourceData.Fertiliser_Products_Data3(),FertiliserProducts[[#Headers],[Product]], 60)} -> Yara K-Flow 0-14-30 | E119: {=Common_InputFunctions.Utility_DisplayArrayInTable(Fertiliser_SourceData.Fertiliser_Products_Data3(),FertiliserProducts[[#Headers],[Product]], 60)} | F119: {=Common_InputFunctions.Utility_DisplayArrayInTable(Fertiliser_SourceData.Fertiliser_Products_Data3(),FertiliserProducts[[#Headers],[Product]], 60)} | G119: {=Common_InputFunctions.Utility_DisplayArrayInTable(Fertiliser_SourceData.Fertiliser_Products_Data3(),FertiliserProducts[[#Headers],[Product]], 60)} | H119: {=Common_InputFunctions.Utility_DisplayArrayInTable(Fertiliser_SourceData.Fertiliser_Products_Data3(),FertiliserProducts[[#Headers],[Product]], 60)} | I119: {=Common_InputFunctions.Utility_DisplayArrayInTable(Fertiliser_SourceData.Fertiliser_Products_Data3(),FertiliserProducts[[#Headers],[Product]], 60)} | J119: {=Common_InputFunctions.Utility_DisplayArrayInTable(Fertiliser_SourceData.Fertiliser_Products_Data3(),FertiliserProducts[[#Headers],[Product]], 60)} | K119: {=Common_InputFunctions.Utility_DisplayArrayInTable(Fertiliser_SourceData.Fertiliser_Products_Data3(),FertiliserProducts[[#Headers],[Product]], 60)} | ... W119: {=Common_InputFunctions.Utility_DisplayArrayInTable(Fertiliser_SourceData.Fertiliser_Products_Data3(),FertiliserProducts[[#Headers],[Product]], 60)} -> Crop Nutrition Solutions (Yara Australia)
D120: {=Common_InputFunctions.Utility_DisplayArrayInTable(Fertiliser_SourceData.Fertiliser_Products_Data3(),FertiliserProducts[[#Headers],[Product]], 60)} -> Yara K-Flow 0-7-36 | E120: {=Common_InputFunctions.Utility_DisplayArrayInTable(Fertiliser_SourceData.Fertiliser_Products_Data3(),FertiliserProducts[[#Headers],[Product]], 60)} | F120: {=Common_InputFunctions.Utility_DisplayArrayInTable(Fertiliser_SourceData.Fertiliser_Products_Data3(),FertiliserProducts[[#Headers],[Product]], 60)} | G120: {=Common_InputFunctions.Utility_DisplayArrayInTable(Fertiliser_SourceData.Fertiliser_Products_Data3(),FertiliserProducts[[#Headers],[Product]], 60)} | H120: {=Common_InputFunctions.Utility_DisplayArrayInTable(Fertiliser_SourceData.Fertiliser_Products_Data3(),FertiliserProducts[[#Headers],[Product]], 60)} | I120: {=Common_InputFunctions.Utility_DisplayArrayInTable(Fertiliser_SourceData.Fertiliser_Products_Data3(),FertiliserProducts[[#Headers],[Product]], 60)} | J120: {=Common_InputFunctions.Utility_DisplayArrayInTable(Fertiliser_SourceData.Fertiliser_Products_Data3(),FertiliserProducts[[#Headers],[Product]], 60)} | K120: {=Common_InputFunctions.Utility_DisplayArrayInTable(Fertiliser_SourceData.Fertiliser_Products_Data3(),FertiliserProducts[[#Headers],[Product]], 60)} | ... W120: {=Common_InputFunctions.Utility_DisplayArrayInTable(Fertiliser_SourceData.Fertiliser_Products_Data3(),FertiliserProducts[[#Headers],[Product]], 60)} -> Crop Nutrition Solutions (Yara Australia)
D121: {=Common_InputFunctions.Utility_DisplayArrayInTable(Fertiliser_SourceData.Fertiliser_Products_Data3(),FertiliserProducts[[#Headers],[Product]], 60)} -> Yara K-Flow 13-0-7 | E121: {=Common_InputFunctions.Utility_DisplayArrayInTable(Fertiliser_SourceData.Fertiliser_Products_Data3(),FertiliserProducts[[#Headers],[Product]], 60)} | F121: {=Common_InputFunctions.Utility_DisplayArrayInTable(Fertiliser_SourceData.Fertiliser_Products_Data3(),FertiliserProducts[[#Headers],[Product]], 60)} | G121: {=Common_InputFunctions.Utility_DisplayArrayInTable(Fertiliser_SourceData.Fertiliser_Products_Data3(),FertiliserProducts[[#Headers],[Product]], 60)} | H121: {=Common_InputFunctions.Utility_DisplayArrayInTable(Fertiliser_SourceData.Fertiliser_Products_Data3(),FertiliserProducts[[#Headers],[Product]], 60)} | I121: {=Common_InputFunctions.Utility_DisplayArrayInTable(Fertiliser_SourceData.Fertiliser_Products_Data3(),FertiliserProducts[[#Headers],[Product]], 60)} | J121: {=Common_InputFunctions.Utility_DisplayArrayInTable(Fertiliser_SourceData.Fertiliser_Products_Data3(),FertiliserProducts[[#Headers],[Product]], 60)} | K121: {=Common_InputFunctions.Utility_DisplayArrayInTable(Fertiliser_SourceData.Fertiliser_Products_Data3(),FertiliserProducts[[#Headers],[Product]], 60)} | ... W121: {=Common_InputFunctions.Utility_DisplayArrayInTable(Fertiliser_SourceData.Fertiliser_Products_Data3(),FertiliserProducts[[#Headers],[Product]], 60)} -> Crop Nutrition Solutions (Yara Australia)
D122: {=Common_InputFunctions.Utility_DisplayArrayInTable(Fertiliser_SourceData.Fertiliser_Products_Data3(),FertiliserProducts[[#Headers],[Product]], 60)} -> Yara K-Flow 4-0-12 | E122: {=Common_InputFunctions.Utility_DisplayArrayInTable(Fertiliser_SourceData.Fertiliser_Products_Data3(),FertiliserProducts[[#Headers],[Product]], 60)} | F122: {=Common_InputFunctions.Utility_DisplayArrayInTable(Fertiliser_SourceData.Fertiliser_Products_Data3(),FertiliserProducts[[#Headers],[Product]], 60)} | G122: {=Common_InputFunctions.Utility_DisplayArrayInTable(Fertiliser_SourceData.Fertiliser_Products_Data3(),FertiliserProducts[[#Headers],[Product]], 60)} | H122: {=Common_InputFunctions.Utility_DisplayArrayInTable(Fertiliser_SourceData.Fertiliser_Products_Data3(),FertiliserProducts[[#Headers],[Product]], 60)} | I122: {=Common_InputFunctions.Utility_DisplayArrayInTable(Fertiliser_SourceData.Fertiliser_Products_Data3(),FertiliserProducts[[#Headers],[Product]], 60)} | J122: {=Common_InputFunctions.Utility_DisplayArrayInTable(Fertiliser_SourceData.Fertiliser_Products_Data3(),FertiliserProducts[[#Headers],[Product]], 60)} | K122: {=Common_InputFunctions.Utility_DisplayArrayInTable(Fertiliser_SourceData.Fertiliser_Products_Data3(),FertiliserProducts[[#Headers],[Product]], 60)} | ... W122: {=Common_InputFunctions.Utility_DisplayArrayInTable(Fertiliser_SourceData.Fertiliser_Products_Data3(),FertiliserProducts[[#Headers],[Product]], 60)} -> Crop Nutrition Solutions (Yara Australia)
D123: {=Common_InputFunctions.Utility_DisplayArrayInTable(Fertiliser_SourceData.Fertiliser_Products_Data3(),FertiliserProducts[[#Headers],[Product]], 60)} -> Yara Liquids MICRO-SUL | E123: {=Common_InputFunctions.Utility_DisplayArrayInTable(Fertiliser_SourceData.Fertiliser_Products_Data3(),FertiliserProducts[[#Headers],[Product]], 60)} | F123: {=Common_InputFunctions.Utility_DisplayArrayInTable(Fertiliser_SourceData.Fertiliser_Products_Data3(),FertiliserProducts[[#Headers],[Product]], 60)} | G123: {=Common_InputFunctions.Utility_DisplayArrayInTable(Fertiliser_SourceData.Fertiliser_Products_Data3(),FertiliserProducts[[#Headers],[Product]], 60)} | H123: {=Common_InputFunctions.Utility_DisplayArrayInTable(Fertiliser_SourceData.Fertiliser_Products_Data3(),FertiliserProducts[[#Headers],[Product]], 60)} | I123: {=Common_InputFunctions.Utility_DisplayArrayInTable(Fertiliser_SourceData.Fertiliser_Products_Data3(),FertiliserProducts[[#Headers],[Product]], 60)} | J123: {=Common_InputFunctions.Utility_DisplayArrayInTable(Fertiliser_SourceData.Fertiliser_Products_Data3(),FertiliserProducts[[#Headers],[Product]], 60)} | K123: {=Common_InputFunctions.Utility_DisplayArrayInTable(Fertiliser_SourceData.Fertiliser_Products_Data3(),FertiliserProducts[[#Headers],[Product]], 60)} | ... W123: {=Common_InputFunctions.Utility_DisplayArrayInTable(Fertiliser_SourceData.Fertiliser_Products_Data3(),FertiliserProducts[[#Headers],[Product]], 60)} -> Crop Nutrition Solutions (Yara Australia)
D124: {=Common_InputFunctions.Utility_DisplayArrayInTable(Fertiliser_SourceData.Fertiliser_Products_Data3(),FertiliserProducts[[#Headers],[Product]], 60)} -> Yara Liquids N24 | E124: {=Common_InputFunctions.Utility_DisplayArrayInTable(Fertiliser_SourceData.Fertiliser_Products_Data3(),FertiliserProducts[[#Headers],[Product]], 60)} | F124: {=Common_InputFunctions.Utility_DisplayArrayInTable(Fertiliser_SourceData.Fertiliser_Products_Data3(),FertiliserProducts[[#Headers],[Product]], 60)} | G124: {=Common_InputFunctions.Utility_DisplayArrayInTable(Fertiliser_SourceData.Fertiliser_Products_Data3(),FertiliserProducts[[#Headers],[Product]], 60)} | H124: {=Common_InputFunctions.Utility_DisplayArrayInTable(Fertiliser_SourceData.Fertiliser_Products_Data3(),FertiliserProducts[[#Headers],[Product]], 60)} | I124: {=Common_InputFunctions.Utility_DisplayArrayInTable(Fertiliser_SourceData.Fertiliser_Products_Data3(),FertiliserProducts[[#Headers],[Product]], 60)} | J124: {=Common_InputFunctions.Utility_DisplayArrayInTable(Fertiliser_SourceData.Fertiliser_Products_Data3(),FertiliserProducts[[#Headers],[Product]], 60)} | K124: {=Common_InputFunctions.Utility_DisplayArrayInTable(Fertiliser_SourceData.Fertiliser_Products_Data3(),FertiliserProducts[[#Headers],[Product]], 60)} | ... W124: {=Common_InputFunctions.Utility_DisplayArrayInTable(Fertiliser_SourceData.Fertiliser_Products_Data3(),FertiliserProducts[[#Headers],[Product]], 60)} -> Crop Nutrition Solutions (Yara Australia)
D125: {=Common_InputFunctions.Utility_DisplayArrayInTable(Fertiliser_SourceData.Fertiliser_Products_Data3(),FertiliserProducts[[#Headers],[Product]], 60)} -> Yara Liquids N25 | E125: {=Common_InputFunctions.Utility_DisplayArrayInTable(Fertiliser_SourceData.Fertiliser_Products_Data3(),FertiliserProducts[[#Headers],[Product]], 60)} | F125: {=Common_InputFunctions.Utility_DisplayArrayInTable(Fertiliser_SourceData.Fertiliser_Products_Data3(),FertiliserProducts[[#Headers],[Product]], 60)} | G125: {=Common_InputFunctions.Utility_DisplayArrayInTable(Fertiliser_SourceData.Fertiliser_Products_Data3(),FertiliserProducts[[#Headers],[Product]], 60)} | H125: {=Common_InputFunctions.Utility_DisplayArrayInTable(Fertiliser_SourceData.Fertiliser_Products_Data3(),FertiliserProducts[[#Headers],[Product]], 60)} | I125: {=Common_InputFunctions.Utility_DisplayArrayInTable(Fertiliser_SourceData.Fertiliser_Products_Data3(),FertiliserProducts[[#Headers],[Product]], 60)} | J125: {=Common_InputFunctions.Utility_DisplayArrayInTable(Fertiliser_SourceData.Fertiliser_Products_Data3(),FertiliserProducts[[#Headers],[Product]], 60)} | K125: {=Common_InputFunctions.Utility_DisplayArrayInTable(Fertiliser_SourceData.Fertiliser_Products_Data3(),FertiliserProducts[[#Headers],[Product]], 60)} | ... W125: {=Common_InputFunctions.Utility_DisplayArrayInTable(Fertiliser_SourceData.Fertiliser_Products_Data3(),FertiliserProducts[[#Headers],[Product]], 60)} -> Crop Nutrition Solutions (Yara Australia)
D126: {=Common_InputFunctions.Utility_DisplayArrayInTable(Fertiliser_SourceData.Fertiliser_Products_Data3(),FertiliserProducts[[#Headers],[Product]], 60)} -> Yara Liquids N26 | E126: {=Common_InputFunctions.Utility_DisplayArrayInTable(Fertiliser_SourceData.Fertiliser_Products_Data3(),FertiliserProducts[[#Headers],[Product]], 60)} | F126: {=Common_InputFunctions.Utility_DisplayArrayInTable(Fertiliser_SourceData.Fertiliser_Products_Data3(),FertiliserProducts[[#Headers],[Product]], 60)} | G126: {=Common_InputFunctions.Utility_DisplayArrayInTable(Fertiliser_SourceData.Fertiliser_Products_Data3(),FertiliserProducts[[#Headers],[Product]], 60)} | H126: {=Common_InputFunctions.Utility_DisplayArrayInTable(Fertiliser_SourceData.Fertiliser_Products_Data3(),FertiliserProducts[[#Headers],[Product]], 60)} | I126: {=Common_InputFunctions.Utility_DisplayArrayInTable(Fertiliser_SourceData.Fertiliser_Products_Data3(),FertiliserProducts[[#Headers],[Product]], 60)} | J126: {=Common_InputFunctions.Utility_DisplayArrayInTable(Fertiliser_SourceData.Fertiliser_Products_Data3(),FertiliserProducts[[#Headers],[Product]], 60)} | K126: {=Common_InputFunctions.Utility_DisplayArrayInTable(Fertiliser_SourceData.Fertiliser_Products_Data3(),FertiliserProducts[[#Headers],[Product]], 60)} | ... W126: {=Common_InputFunctions.Utility_DisplayArrayInTable(Fertiliser_SourceData.Fertiliser_Products_Data3(),FertiliserProducts[[#Headers],[Product]], 60)} -> Crop Nutrition Solutions (Yara Australia)
D127: {=Common_InputFunctions.Utility_DisplayArrayInTable(Fertiliser_SourceData.Fertiliser_Products_Data3(),FertiliserProducts[[#Headers],[Product]], 60)} -> Yara Liquids N42 | E127: {=Common_InputFunctions.Utility_DisplayArrayInTable(Fertiliser_SourceData.Fertiliser_Products_Data3(),FertiliserProducts[[#Headers],[Product]], 60)} | F127: {=Common_InputFunctions.Utility_DisplayArrayInTable(Fertiliser_SourceData.Fertiliser_Products_Data3(),FertiliserProducts[[#Headers],[Product]], 60)} | G127: {=Common_InputFunctions.Utility_DisplayArrayInTable(Fertiliser_SourceData.Fertiliser_Products_Data3(),FertiliserProducts[[#Headers],[Product]], 60)} | H127: {=Common_InputFunctions.Utility_DisplayArrayInTable(Fertiliser_SourceData.Fertiliser_Products_Data3(),FertiliserProducts[[#Headers],[Product]], 60)} | I127: {=Common_InputFunctions.Utility_DisplayArrayInTable(Fertiliser_SourceData.Fertiliser_Products_Data3(),FertiliserProducts[[#Headers],[Product]], 60)} | J127: {=Common_InputFunctions.Utility_DisplayArrayInTable(Fertiliser_SourceData.Fertiliser_Products_Data3(),FertiliserProducts[[#Headers],[Product]], 60)} | K127: {=Common_InputFunctions.Utility_DisplayArrayInTable(Fertiliser_SourceData.Fertiliser_Products_Data3(),FertiliserProducts[[#Headers],[Product]], 60)} | ... W127: {=Common_InputFunctions.Utility_DisplayArrayInTable(Fertiliser_SourceData.Fertiliser_Products_Data3(),FertiliserProducts[[#Headers],[Product]], 60)} -> Crop Nutrition Solutions (Yara Australia)
D128: {=Common_InputFunctions.Utility_DisplayArrayInTable(Fertiliser_SourceData.Fertiliser_Products_Data3(),FertiliserProducts[[#Headers],[Product]], 60)} -> Yara Liquids N-CAL 15+18Ca | E128: {=Common_InputFunctions.Utility_DisplayArrayInTable(Fertiliser_SourceData.Fertiliser_Products_Data3(),FertiliserProducts[[#Headers],[Product]], 60)} | F128: {=Common_InputFunctions.Utility_DisplayArrayInTable(Fertiliser_SourceData.Fertiliser_Products_Data3(),FertiliserProducts[[#Headers],[Product]], 60)} | G128: {=Common_InputFunctions.Utility_DisplayArrayInTable(Fertiliser_SourceData.Fertiliser_Products_Data3(),FertiliserProducts[[#Headers],[Product]], 60)} | H128: {=Common_InputFunctions.Utility_DisplayArrayInTable(Fertiliser_SourceData.Fertiliser_Products_Data3(),FertiliserProducts[[#Headers],[Product]], 60)} | I128: {=Common_InputFunctions.Utility_DisplayArrayInTable(Fertiliser_SourceData.Fertiliser_Products_Data3(),FertiliserProducts[[#Headers],[Product]], 60)} | J128: {=Common_InputFunctions.Utility_DisplayArrayInTable(Fertiliser_SourceData.Fertiliser_Products_Data3(),FertiliserProducts[[#Headers],[Product]], 60)} | K128: {=Common_InputFunctions.Utility_DisplayArrayInTable(Fertiliser_SourceData.Fertiliser_Products_Data3(),FertiliserProducts[[#Headers],[Product]], 60)} | ... W128: {=Common_InputFunctions.Utility_DisplayArrayInTable(Fertiliser_SourceData.Fertiliser_Products_Data3(),FertiliserProducts[[#Headers],[Product]], 60)} -> Crop Nutrition Solutions (Yara Australia)
D129: {=Common_InputFunctions.Utility_DisplayArrayInTable(Fertiliser_SourceData.Fertiliser_Products_Data3(),FertiliserProducts[[#Headers],[Product]], 60)} -> Yara Liquids N-CAL 20+10Ca+B | E129: {=Common_InputFunctions.Utility_DisplayArrayInTable(Fertiliser_SourceData.Fertiliser_Products_Data3(),FertiliserProducts[[#Headers],[Product]], 60)} | F129: {=Common_InputFunctions.Utility_DisplayArrayInTable(Fertiliser_SourceData.Fertiliser_Products_Data3(),FertiliserProducts[[#Headers],[Product]], 60)} | G129: {=Common_InputFunctions.Utility_DisplayArrayInTable(Fertiliser_SourceData.Fertiliser_Products_Data3(),FertiliserProducts[[#Headers],[Product]], 60)} | H129: {=Common_InputFunctions.Utility_DisplayArrayInTable(Fertiliser_SourceData.Fertiliser_Products_Data3(),FertiliserProducts[[#Headers],[Product]], 60)} | I129: {=Common_InputFunctions.Utility_DisplayArrayInTable(Fertiliser_SourceData.Fertiliser_Products_Data3(),FertiliserProducts[[#Headers],[Product]], 60)} | J129: {=Common_InputFunctions.Utility_DisplayArrayInTable(Fertiliser_SourceData.Fertiliser_Products_Data3(),FertiliserProducts[[#Headers],[Product]], 60)} | K129: {=Common_InputFunctions.Utility_DisplayArrayInTable(Fertiliser_SourceData.Fertiliser_Products_Data3(),FertiliserProducts[[#Headers],[Product]], 60)} | ... W129: {=Common_InputFunctions.Utility_DisplayArrayInTable(Fertiliser_SourceData.Fertiliser_Products_Data3(),FertiliserProducts[[#Headers],[Product]], 60)} -> Crop Nutrition Solutions (Yara Australia)
... D147: {=Common_InputFunctions.Utility_DisplayArrayInTable(Fertiliser_SourceData.Fertiliser_Products_Data3(),FertiliserProducts[[#Headers],[Product]], 60)} -> YaraVita BRASSITREL DF | E147: {=Common_InputFunctions.Utility_DisplayArrayInTable(Fertiliser_SourceData.Fertiliser_Products_Data3(),FertiliserProducts[[#Headers],[Product]], 60)} | F147: {=Common_InputFunctions.Utility_DisplayArrayInTable(Fertiliser_SourceData.Fertiliser_Products_Data3(),FertiliserProducts[[#Headers],[Product]], 60)} | G147: {=Common_InputFunctions.Utility_DisplayArrayInTable(Fertiliser_SourceData.Fertiliser_Products_Data3(),FertiliserProducts[[#Headers],[Product]], 60)} | H147: {=Common_InputFunctions.Utility_DisplayArrayInTable(Fertiliser_SourceData.Fertiliser_Products_Data3(),FertiliserProducts[[#Headers],[Product]], 60)} | I147: {=Common_InputFunctions.Utility_DisplayArrayInTable(Fertiliser_SourceData.Fertiliser_Products_Data3(),FertiliserProducts[[#Headers],[Product]], 60)} | J147: {=Common_InputFunctions.Utility_DisplayArrayInTable(Fertiliser_SourceData.Fertiliser_Products_Data3(),FertiliserProducts[[#Headers],[Product]], 60)} | K147: {=Common_InputFunctions.Utility_DisplayArrayInTable(Fertiliser_SourceData.Fertiliser_Products_Data3(),FertiliserProducts[[#Headers],[Product]], 60)} | ... W147: {=Common_InputFunctions.Utility_DisplayArrayInTable(Fertiliser_SourceData.Fertiliser_Products_Data3(),FertiliserProducts[[#Headers],[Product]], 60)} -> Crop Nutrition Solutions (Yara Australia)
D148: {=Common_InputFunctions.Utility_DisplayArrayInTable(Fertiliser_SourceData.Fertiliser_Products_Data4(),FertiliserProducts[[#Headers],[Product]], 90)} -> YaraVita BRASSITREL PRO | E148: {=Common_InputFunctions.Utility_DisplayArrayInTable(Fertiliser_SourceData.Fertiliser_Products_Data4(),FertiliserProducts[[#Headers],[Product]], 90)} | F148: {=Common_InputFunctions.Utility_DisplayArrayInTable(Fertiliser_SourceData.Fertiliser_Products_Data4(),FertiliserProducts[[#Headers],[Product]], 90)} | G148: {=Common_InputFunctions.Utility_DisplayArrayInTable(Fertiliser_SourceData.Fertiliser_Products_Data4(),FertiliserProducts[[#Headers],[Product]], 90)} | H148: {=Common_InputFunctions.Utility_DisplayArrayInTable(Fertiliser_SourceData.Fertiliser_Products_Data4(),FertiliserProducts[[#Headers],[Product]], 90)} | I148: {=Common_InputFunctions.Utility_DisplayArrayInTable(Fertiliser_SourceData.Fertiliser_Products_Data4(),FertiliserProducts[[#Headers],[Product]], 90)} | J148: {=Common_InputFunctions.Utility_DisplayArrayInTable(Fertiliser_SourceData.Fertiliser_Products_Data4(),FertiliserProducts[[#Headers],[Product]], 90)} | K148: {=Common_InputFunctions.Utility_DisplayArrayInTable(Fertiliser_SourceData.Fertiliser_Products_Data4(),FertiliserProducts[[#Headers],[Product]], 90)} | ... W148: {=Common_InputFunctions.Utility_DisplayArrayInTable(Fertiliser_SourceData.Fertiliser_Products_Data4(),FertiliserProducts[[#Headers],[Product]], 90)} -> Crop Nutrition Solutions (Yara Australia)
D149: {=Common_InputFunctions.Utility_DisplayArrayInTable(Fertiliser_SourceData.Fertiliser_Products_Data4(),FertiliserProducts[[#Headers],[Product]], 90)} -> YaraVita BUD BUILDER FL | E149: {=Common_InputFunctions.Utility_DisplayArrayInTable(Fertiliser_SourceData.Fertiliser_Products_Data4(),FertiliserProducts[[#Headers],[Product]], 90)} | F149: {=Common_InputFunctions.Utility_DisplayArrayInTable(Fertiliser_SourceData.Fertiliser_Products_Data4(),FertiliserProducts[[#Headers],[Product]], 90)} | G149: {=Common_InputFunctions.Utility_DisplayArrayInTable(Fertiliser_SourceData.Fertiliser_Products_Data4(),FertiliserProducts[[#Headers],[Product]], 90)} | H149: {=Common_InputFunctions.Utility_DisplayArrayInTable(Fertiliser_SourceData.Fertiliser_Products_Data4(),FertiliserProducts[[#Headers],[Product]], 90)} | I149: {=Common_InputFunctions.Utility_DisplayArrayInTable(Fertiliser_SourceData.Fertiliser_Products_Data4(),FertiliserProducts[[#Headers],[Product]], 90)} | J149: {=Common_InputFunctions.Utility_DisplayArrayInTable(Fertiliser_SourceData.Fertiliser_Products_Data4(),FertiliserProducts[[#Headers],[Product]], 90)} | K149: {=Common_InputFunctions.Utility_DisplayArrayInTable(Fertiliser_SourceData.Fertiliser_Products_Data4(),FertiliserProducts[[#Headers],[Product]], 90)} | ... W149: {=Common_InputFunctions.Utility_DisplayArrayInTable(Fertiliser_SourceData.Fertiliser_Products_Data4(),FertiliserProducts[[#Headers],[Product]], 90)} -> Crop Nutrition Solutions (Yara Australia)
D150: {=Common_InputFunctions.Utility_DisplayArrayInTable(Fertiliser_SourceData.Fertiliser_Products_Data4(),FertiliserProducts[[#Headers],[Product]], 90)} -> YaraVita FRUTREL | E150: {=Common_InputFunctions.Utility_DisplayArrayInTable(Fertiliser_SourceData.Fertiliser_Products_Data4(),FertiliserProducts[[#Headers],[Product]], 90)} | F150: {=Common_InputFunctions.Utility_DisplayArrayInTable(Fertiliser_SourceData.Fertiliser_Products_Data4(),FertiliserProducts[[#Headers],[Product]], 90)} | G150: {=Common_InputFunctions.Utility_DisplayArrayInTable(Fertiliser_SourceData.Fertiliser_Products_Data4(),FertiliserProducts[[#Headers],[Product]], 90)} | H150: {=Common_InputFunctions.Utility_DisplayArrayInTable(Fertiliser_SourceData.Fertiliser_Products_Data4(),FertiliserProducts[[#Headers],[Product]], 90)} | I150: {=Common_InputFunctions.Utility_DisplayArrayInTable(Fertiliser_SourceData.Fertiliser_Products_Data4(),FertiliserProducts[[#Headers],[Product]], 90)} | J150: {=Common_InputFunctions.Utility_DisplayArrayInTable(Fertiliser_SourceData.Fertiliser_Products_Data4(),FertiliserProducts[[#Headers],[Product]], 90)} | K150: {=Common_InputFunctions.Utility_DisplayArrayInTable(Fertiliser_SourceData.Fertiliser_Products_Data4(),FertiliserProducts[[#Headers],[Product]], 90)} | ... W150: {=Common_InputFunctions.Utility_DisplayArrayInTable(Fertiliser_SourceData.Fertiliser_Products_Data4(),FertiliserProducts[[#Headers],[Product]], 90)} -> Crop Nutrition Solutions (Yara Australia)
D151: {=Common_InputFunctions.Utility_DisplayArrayInTable(Fertiliser_SourceData.Fertiliser_Products_Data4(),FertiliserProducts[[#Headers],[Product]], 90)} -> YaraVita GLYTREL ZnP | E151: {=Common_InputFunctions.Utility_DisplayArrayInTable(Fertiliser_SourceData.Fertiliser_Products_Data4(),FertiliserProducts[[#Headers],[Product]], 90)} | F151: {=Common_InputFunctions.Utility_DisplayArrayInTable(Fertiliser_SourceData.Fertiliser_Products_Data4(),FertiliserProducts[[#Headers],[Product]], 90)} | G151: {=Common_InputFunctions.Utility_DisplayArrayInTable(Fertiliser_SourceData.Fertiliser_Products_Data4(),FertiliserProducts[[#Headers],[Product]], 90)} | H151: {=Common_InputFunctions.Utility_DisplayArrayInTable(Fertiliser_SourceData.Fertiliser_Products_Data4(),FertiliserProducts[[#Headers],[Product]], 90)} | I151: {=Common_InputFunctions.Utility_DisplayArrayInTable(Fertiliser_SourceData.Fertiliser_Products_Data4(),FertiliserProducts[[#Headers],[Product]], 90)} | J151: {=Common_InputFunctions.Utility_DisplayArrayInTable(Fertiliser_SourceData.Fertiliser_Products_Data4(),FertiliserProducts[[#Headers],[Product]], 90)} | K151: {=Common_InputFunctions.Utility_DisplayArrayInTable(Fertiliser_SourceData.Fertiliser_Products_Data4(),FertiliserProducts[[#Headers],[Product]], 90)} | ... W151: {=Common_InputFunctions.Utility_DisplayArrayInTable(Fertiliser_SourceData.Fertiliser_Products_Data4(),FertiliserProducts[[#Headers],[Product]], 90)} -> Crop Nutrition Solutions (Yara Australia)
