Workbook
Name AgResidue_Equations_FieldBurning.VEERG_6_4_1_1__1__MethaneEmissionsFromBurningOfCropResidues: _xlfn.LAMBDA(_xlpm.Mburnc,_xlpm.CCc,_xlpm.EFCH4,_xlpm.C_CH4, _xlpm.Mburnc * _xlpm.CCc * _xlpm.EFCH4 * _xlpm.C_CH4 * 10 ^ (-3))
Name AgResidue_Equations_FieldBurning.VEERG_6_4_1_1__1__MethaneEmissionsFromBurningOfCropResidues_FunctionName: _xlfn.LAMBDA("VEERG_6_4_1_1__1__MethaneEmissionsFromBurningOfCropResidues")
Name AgResidue_Equations_FieldBurning.VEERG_6_4_1_1__1__MethaneEmissionsFromBurningOfCropResidues_LatexEquation: _xlfn.LAMBDA("E_{CH4}=\sum_{c}(M_{burn,c}\times CC_{c}\times EF_{CH4}\times C_{CH4}\times 10^{-3})")
Name AgResidue_Equations_FieldBurning.VEERG_6_4_1_1__1__MethaneEmissionsFromBurningOfCropResidues_NIRReference: _xlfn.LAMBDA("")
Name AgResidue_Equations_FieldBurning.VEERG_6_4_1_1__1__MethaneEmissionsFromBurningOfCropResidues_Source: _xlfn.LAMBDA("VEERG 2026: 6.4.1.1, Equation (1)")
Name AgResidue_Equations_FieldBurning.VEERG_6_4_1_1__1__MethaneEmissionsFromBurningOfCropResidues_Title: _xlfn.LAMBDA("Methane emissions from the burning of crop residues")
Name AgResidue_Equations_FieldBurning.VEERG_6_4_1_1__1__MethaneEmissionsFromBurningOfCropResidues_Unit: _xlfn.LAMBDA("t CH4")
Name AgResidue_Equations_FieldBurning.VEERG_6_4_1_1__1__MethaneEmissionsFromBurningOfCropResidues_Variable: _xlfn.LAMBDA("ECH4")
Name AgResidue_Equations_FieldBurning.VEERG_6_4_1_1__2__NitrousOxideEmissionsFromBurningOfCropResidues: _xlfn.LAMBDA(_xlpm.Mburnc,_xlpm.NCAGc,_xlpm.EFN2O,_xlpm.CN2O, _xlpm.Mburnc * _xlpm.NCAGc * _xlpm.EFN2O * _xlpm.CN2O * 10 ^ (-3))
Name AgResidue_Equations_FieldBurning.VEERG_6_4_1_1__2__NitrousOxideEmissionsFromBurningOfCropResidues_FunctionName: _xlfn.LAMBDA("VEERG_6_4_1_1__2__NitrousOxideEmissionsFromBurningOfCropResidues")
Name AgResidue_Equations_FieldBurning.VEERG_6_4_1_1__2__NitrousOxideEmissionsFromBurningOfCropResidues_LatexEquation: _xlfn.LAMBDA("E_{N2O}=\sum_{c}(M_{burn,c}\times NC_{AGc}\times EF_{N2O}\times C_{N2O}\times 10^{-3})")
Name AgResidue_Equations_FieldBurning.VEERG_6_4_1_1__2__NitrousOxideEmissionsFromBurningOfCropResidues_NIRReference: _xlfn.LAMBDA("")
Name AgResidue_Equations_FieldBurning.VEERG_6_4_1_1__2__NitrousOxideEmissionsFromBurningOfCropResidues_Source: _xlfn.LAMBDA("VEERG 2026: 6.4.1.1, Equation (2)")
Name AgResidue_Equations_FieldBurning.VEERG_6_4_1_1__2__NitrousOxideEmissionsFromBurningOfCropResidues_Title: _xlfn.LAMBDA("Nitrous oxide emissions from the burning of crop residues")
Name AgResidue_Equations_FieldBurning.VEERG_6_4_1_1__2__NitrousOxideEmissionsFromBurningOfCropResidues_Unit: _xlfn.LAMBDA("t N2O")
Name AgResidue_Equations_FieldBurning.VEERG_6_4_1_1__2__NitrousOxideEmissionsFromBurningOfCropResidues_Variable: _xlfn.LAMBDA("EN2O")
Name AgResidue_Equations_FieldBurning.VEERG_6_4_1_1__3__MassOfCropResidueBurnt: _xlfn.LAMBDA(_xlpm.Pc,_xlpm.RAGc,_xlpm.Sc,_xlpm.DMc,_xlpm.Zc,_xlpm.Fc, _xlpm.Pc * _xlpm.RAGc * _xlpm.Sc * _xlpm.DMc * _xlpm.Zc * _xlpm.Fc)
Name AgResidue_Equations_FieldBurning.VEERG_6_4_1_1__3__MassOfCropResidueBurnt_FunctionName: _xlfn.LAMBDA("VEERG_6_4_1_1__3__MassOfCropResidueBurnt")
Name AgResidue_Equations_FieldBurning.VEERG_6_4_1_1__3__MassOfCropResidueBurnt_LatexEquation: _xlfn.LAMBDA("M_{burn,c}=P_{c}\times R_{AGc}\times S_{c}\times DM_{c}\times Z_{c}\times F_{c}")
Name AgResidue_Equations_FieldBurning.VEERG_6_4_1_1__3__MassOfCropResidueBurnt_NIRReference: _xlfn.LAMBDA("")
Name AgResidue_Equations_FieldBurning.VEERG_6_4_1_1__3__MassOfCropResidueBurnt_Source: _xlfn.LAMBDA("VEERG 2026: 6.4.1.1, Equation (3)")
Name AgResidue_Equations_FieldBurning.VEERG_6_4_1_1__3__MassOfCropResidueBurnt_Title: _xlfn.LAMBDA("Mass of residue of crop c burnt")
Name AgResidue_Equations_FieldBurning.VEERG_6_4_1_1__3__MassOfCropResidueBurnt_Unit: _xlfn.LAMBDA("kg")
Name AgResidue_Equations_FieldBurning.VEERG_6_4_1_1__3__MassOfCropResidueBurnt_Variable: _xlfn.LAMBDA("Mburnc")
Name AgResidues_Equations_CropResidues.VEERG_6_1_1_1__1__NitrousOxideEmissionsFromCropResidues: _xlfn.LAMBDA(_xlpm.Mc,_xlpm.EFNi,_xlpm.CgN2O, _xlpm.Mc * _xlpm.EFNi * _xlpm.CgN2O * 10 ^ (-3))
Name AgResidues_Equations_CropResidues.VEERG_6_1_1_1__1__NitrousOxideEmissionsFromCropResidues_FunctionName: _xlfn.LAMBDA("VEERG_6_1_1_1__1__NitrousOxideEmissionsFromCropResidues")
Name AgResidues_Equations_CropResidues.VEERG_6_1_1_1__1__NitrousOxideEmissionsFromCropResidues_LatexEquation: _xlfn.LAMBDA("E=\sum_{c}{M_{c}\times EF_{N}\times C_{g,N2O}\times 10^{-3}}")
Name AgResidues_Equations_CropResidues.VEERG_6_1_1_1__1__NitrousOxideEmissionsFromCropResidues_NIRReference: _xlfn.LAMBDA("")
Name AgResidues_Equations_CropResidues.VEERG_6_1_1_1__1__NitrousOxideEmissionsFromCropResidues_Source: _xlfn.LAMBDA("VEERG 2026: 6.1.1.1, Equation (1)")
Name AgResidues_Equations_CropResidues.VEERG_6_1_1_1__1__NitrousOxideEmissionsFromCropResidues_Title: _xlfn.LAMBDA("Nitrous oxide emissions from the return of crop residues across all crops c to the soil")
Name AgResidues_Equations_CropResidues.VEERG_6_1_1_1__1__NitrousOxideEmissionsFromCropResidues_Unit: _xlfn.LAMBDA("t N2O")
Name AgResidues_Equations_CropResidues.VEERG_6_1_1_1__1__NitrousOxideEmissionsFromCropResidues_Variable: _xlfn.LAMBDA("E")
Name AgResidues_Equations_CropResidues.VEERG_6_1_1_1__2__MassOfNitrogenInCropResidues_LatexEquation: _xlfn.LAMBDA("M_{c}=(P_{c}\times R_{AGc}\times(1-F_{c}-FFOD_{c})\times DM_{c}\times NC_{AGc})+(P_{c}\times R_{AGc}\times R_{BGc}\times DM_{c}\times NC_{BGc})")
Name AgResidues_Equations_CropResidues.VEERG_6_1_1_1__2__MassOfNitrogenInCropResidues_NIRReference: _xlfn.LAMBDA("")
Name AgResidues_Equations_CropResidues.VEERG_6_1_1_1__2__MassOfNitrogenInCropResidues_Source: _xlfn.LAMBDA("VEERG 2026: 6.1.1.1, Equation (2)")
Name AgResidues_Equations_CropResidues.VEERG_6_1_1_1__2__MassOfNitrogenInCropResidues_Title: _xlfn.LAMBDA("Mass of nitrogen in crop residues returned to the soil")
Name AgResidues_Equations_CropResidues.VEERG_6_1_1_1__2__MassOfNitrogenInCropResidues_Unit: _xlfn.LAMBDA("kg N")
Name AgResidues_Equations_CropResidues.VEERG_6_1_1_1__2__MassOfNitrogenInCropResidues_Variable: _xlfn.LAMBDA("Mc")
Name AgResidues_Equations_CropResidues.VEERG_6_1_1_2__1__FractionOfCropResidueRemovedBaled: _xlfn.LAMBDA(_xlpm.B,_xlpm.MB,_xlpm.Pc,_xlpm.RAGc, IFERROR((_xlpm.B * _xlpm.MB) / (_xlpm.Pc * _xlpm.RAGc), 0))
Name AgResidues_Equations_CropResidues.VEERG_6_1_1_2__1__FractionOfCropResidueRemovedBaled_LatexEquation: _xlfn.LAMBDA("FFOD_{c,baled}=\frac{B\times M_{B}}{P_{c}\times R_{AG,c}}")
Name AgResidues_Equations_CropResidues.VEERG_6_1_1_2__1__FractionOfCropResidueRemovedBaled_NIRReference: _xlfn.LAMBDA("")
Name AgResidues_Equations_CropResidues.VEERG_6_1_1_2__1__FractionOfCropResidueRemovedBaled_Source: _xlfn.LAMBDA("VEERG 2026: 6.1.1.2, Equation (1)")
Name AgResidues_Equations_CropResidues.VEERG_6_1_1_2__1__FractionOfCropResidueRemovedBaled_Title: _xlfn.LAMBDA("Fraction of crop residue that is removed for crop c, calculated where residues are baled")
Name AgResidues_Equations_CropResidues.VEERG_6_1_1_2__1__FractionOfCropResidueRemovedBaled_Unit: _xlfn.LAMBDA("dimensionless")
Name AgResidues_Equations_CropResidues.VEERG_6_1_1_2__1__FractionOfCropResidueRemovedBaled_Variable: _xlfn.LAMBDA("FFODcbaled")
Name AgResidues_Equations_CropResidues.VEERG_6_1_1_2__1__FractionOfCropResidueRemovedBaled_Variation: _xlfn.LAMBDA("VARIATION FROM SOURCE: Added 'baled' to variable subscript")
Name AgResidues_Equations_CropResidues.VEERG_6_1_1_2__1a__FractionOfCropResidueRemoved: _xlfn.LAMBDA(_xlpm.FFODcbaled,_xlpm.FFODcother, _xlpm.FFODcbaled + _xlpm.FFODcother)
Name AgResidues_Equations_CropResidues.VEERG_6_1_1_2__1a__FractionOfCropResidueRemoved_LatexEquation: _xlfn.LAMBDA("FFOD_{c} = FFOD_{c,baled} + FFOD_{c,other}")
Name AgResidues_Equations_CropResidues.VEERG_6_1_1_2__1a__FractionOfCropResidueRemoved_NIRReference: _xlfn.LAMBDA("")
Name AgResidues_Equations_CropResidues.VEERG_6_1_1_2__1a__FractionOfCropResidueRemoved_Source: _xlfn.LAMBDA("")
Name AgResidues_Equations_CropResidues.VEERG_6_1_1_2__1a__FractionOfCropResidueRemoved_Title: _xlfn.LAMBDA("Fraction of crop residue that is removed for crop c")
Name AgResidues_Equations_CropResidues.VEERG_6_1_1_2__1a__FractionOfCropResidueRemoved_Unit: _xlfn.LAMBDA("dimensionless")
Name AgResidues_Equations_CropResidues.VEERG_6_1_1_2__1a__FractionOfCropResidueRemoved_Variable: _xlfn.LAMBDA("FFODc")
Name AgResidues_Equations_CropResidues.VEERG_6_1_1_2__1a__FractionOfCropResidueRemoved_Variation: _xlfn.LAMBDA("VARIATION FROM SOURCE: Added this equation to accommodate user-defined residue removal other than baling.")
Name AgResidues_Equations_Leaching.VEERG_6_3_1_1__1__LeachingAndRunoffEmissionsCropAndPastureResidue: _xlfn.LAMBDA(_xlpm.Mleachcp,_xlpm.EFleach,_xlpm.CgN2O, _xlpm.Mleachcp * _xlpm.EFleach * _xlpm.CgN2O * 10 ^ (-3))
Name AgResidues_Equations_Leaching.VEERG_6_3_1_1__1__LeachingAndRunoffEmissionsCropAndPastureResidue_LatexEquation: _xlfn.LAMBDA("E_{N2O}=\sum_{c}\sum_{p}(M_{leach,cp}\times EF_{leach}\times Cg_{N2O}\times 10^{-3})")
Name AgResidues_Equations_Leaching.VEERG_6_3_1_1__1__LeachingAndRunoffEmissionsCropAndPastureResidue_NIRReference: _xlfn.LAMBDA("")
Name AgResidues_Equations_Leaching.VEERG_6_3_1_1__1__LeachingAndRunoffEmissionsCropAndPastureResidue_Source: _xlfn.LAMBDA("VEERG 2026: 6.3.1.1, Equation (1)")
Name AgResidues_Equations_Leaching.VEERG_6_3_1_1__1__LeachingAndRunoffEmissionsCropAndPastureResidue_Title: _xlfn.LAMBDA("Nitrous oxide leaching and runoff emissions from crop and pasture residues returned to the soil")
Name AgResidues_Equations_Leaching.VEERG_6_3_1_1__1__LeachingAndRunoffEmissionsCropAndPastureResidue_Unit: _xlfn.LAMBDA("t N2O")

Sheet Input - Site
A1: #VALUE! | C1: Input - Site
A3: =HYPERLINK("#'Home'!A1", "Home") -> Home
A4: =HYPERLINK("#'Overview'!A1", "Overview") -> Overview
A5: =HYPERLINK("#'Results'!A1", "Results") -> Results | D5: Your business
A7: INPUTS | D7: Farm name | E7: Test Farms
A8: =HYPERLINK("#'Input - Electricity'!A1", "Electricity") -> Electricity | D8: Reporting entity name | E8: Test Farms Pty Ltd
A10: CALCULATIONS | D10: 💡An 'Emissions accounting period' is a 12 month period where the business can report on the emissions, and is typically the same as the business' financial accounting period.
A11: =HYPERLINK("#'14.1.1-2 Purchased electricity'!A1", "14.1.1-2 Purchased electricity") -> 14.1.1-2 Purchased electricity
D12: Emissions calculation period start date | E12: 45292 | F12: ← DD/MM/YYYY or DD Month YYYY
A13: APPENDICES | D13: Emissions calculation period end date | E13: =DATE(YEAR(E12)+1,MONTH(E12),DAY(E12))-1 -> 45657 | F13: ← Automatically calculated, 12 months after start date
A14: =HYPERLINK("#'Constants - Electricity'!A1", "Constants - Electricity") -> Constants - Electricity
A15: =HYPERLINK("#'Constants - Common'!A1", "Constants - Common") -> Constants - Common
D16: Location and climate
D18: Location information is used to reference some region and climate-specific emission factors
D19: Tip: Use the web-based GAF Location Helper tool to easily get region and climate information. You will need an internet connection to use the GAF Location Helper.
D21: State | E21: ACT | F21: ← Please select
D22: Region (ABS Statistical area level 4) if state is WA | E22: Western Australia - Outback (South) | F22: ← Please select

Sheet Input - Fertiliser
A1: #VALUE! | C1: Input - Fertiliser
A3: =HYPERLINK("#'Home'!A1", "Home") -> Home
A4: =HYPERLINK("#'Overview'!A1", "Overview") -> Overview
A5: =HYPERLINK("#'Results'!A1", "Results") -> Results
D6: Production system | E6: Crop | F6: ← Please select
A7: INPUTS | D7: Crop type | E7: Grains | F7: ← Please select
A8: =HYPERLINK("#'Input - Site'!A1", "Site") -> Site | D8: Irrigation method | E8: Drip irrigation | F8: ← Please select
A9: =HYPERLINK("#'Input - Fertiliser'!A1", "Fertiliser") -> Fertiliser | D9: Area under cropping | E9: 100 | F9: hectares
A11: CALCULATIONS | D11: Inorganic fertiliser applied
A12: =HYPERLINK("#'5.1.1.1-2 Inorganic Fert N2O'!A1", "5.1.1.1-2 Inorganic Fert N2O") -> 5.1.1.1-2 Inorganic Fert N2O
A13: =HYPERLINK("#'5.1.1.3-4 Inorganic fert CO2'!A1", "5.1.1.3-4 Inorganic fert CO2") -> 5.1.1.3-4 Inorganic fert CO2 | D13: 💡You can add more rows to tables by right-clicking on the table and selecting "Insert > Table rows above/below".
A14: =HYPERLINK("#'5.2.1.1-2 Organic Fert N2O'!A1", "5.2.1.1-2 Organic Fert N2O") -> 5.2.1.1-2 Organic Fert N2O | D14: 💡The application area is the same as the area under pasture / cropping by default. You can edit it if the application area is different.
A15: =HYPERLINK("#'5.3.1.1-2 Lime CO2'!A1", "5.3.1.1-2 Lime CO2") -> 5.3.1.1-2 Lime CO2
A16: =HYPERLINK("#'5.4.1.1-4 Atmos deposition'!A1", "5.4.1.1-4 Atmos deposition") -> 5.4.1.1-4 Atmos deposition | D16: Branded fertiliser products
A17: =HYPERLINK("#'5.5.1.1-2 Leaching and runoff'!A1", "5.5.1.1-2 Leaching and runoff") -> 5.5.1.1-2 Leaching and runoff | D17: Product (select) | E17: Amount applied per hectare | F17: Application unit | G17: Density | H17: Application area (ha) | I17: Total applied (kg) | J17: Ingredient 1 | K17: Ingredient 1 percent | L17: Ingredient 2 | M17: Ingredient 2 percent | N17: Ingredient 3 | O17: Ingredient 3 percent | P17: Ingredient 4 | Q17: Ingredient 4 percent | R17: Ingredient 5 | S17: Ingredient 5 percent | T17: Ingredient 6 | U17: Ingredient 6 percent | V17: N application rate (kg/ha) | W17: Urea source | X17: Ammonia source
D18: CoRoN 12-0-10 | E18: 100 | F18: =_xlfn.XLOOKUP(Table_Input_InorganicFertiliser_Brands[[#This Row],[Product (select)]],FertiliserProducts[Product name],FertiliserProducts[Unit]) -> L | G18: =_xlfn.XLOOKUP(Table_Input_InorganicFertiliser_Brands[[#This Row],[Product (select)]],FertiliserProducts[Product name],FertiliserProducts[Density / gravity]) -> 1.215 | H18: =$E$9 -> 100 | I18: =(Table_Input_InorganicFertiliser_Brands[[#This Row],[Amount applied per hectare]]*Table_Input_InorganicFertiliser_Brands[[#This Row],[Density]])*Table_Input_InorganicFertiliser_Brands[[#This Row],[Application area (ha)]] -> 12150 | J18: {=Fertiliser_InputFunctions.Fertiliser_FertiliserProductLookup(Table_Input_InorganicFertiliser_Brands[[#This Row],[Product (select)]], Table_Input_InorganicFertiliser_Brands[[#Headers],[Ingredient 1]], FertiliserProducts[#Data], FertiliserProducts[Product name], FertiliserProducts[#Headers])} -> Urea | K18: {=Fertiliser_InputFunctions.Fertiliser_FertiliserProductLookup(Table_Input_InorganicFertiliser_Brands[[#This Row],[Product (select)]], Table_Input_InorganicFertiliser_Brands[[#Headers],[Ingredient 1 percent]], FertiliserProducts[#Data], FertiliserProducts[Product name], FertiliserProducts[#Headers])} -> 0.19565217 | L18: {=Fertiliser_InputFunctions.Fertiliser_FertiliserProductLookup(Table_Input_InorganicFertiliser_Brands[[#This Row],[Product (select)]], Table_Input_InorganicFertiliser_Brands[[#Headers],[Ingredient 2]], FertiliserProducts[#Data], FertiliserProducts[Product name], FertiliserProducts[#Headers])} -> Potassium - Generic | M18: {=Fertiliser_InputFunctions.Fertiliser_FertiliserProductLookup(Table_Input_InorganicFertiliser_Brands[[#This Row],[Product (select)]], Table_Input_InorganicFertiliser_Brands[[#Headers],[Ingredient 2 percent]], FertiliserProducts[#Data], FertiliserProducts[Product name], FertiliserProducts[#Headers])} -> 0.1 | N18: {=Fertiliser_InputFunctions.Fertiliser_FertiliserProductLookup(Table_Input_InorganicFertiliser_Brands[[#This Row],[Product (select)]], Table_Input_InorganicFertiliser_Brands[[#Headers],[Ingredient 3]], FertiliserProducts[#Data], FertiliserProducts[Product name], FertiliserProducts[#Headers])} -> Nitrogen - Generic | O18: {=Fertiliser_InputFunctions.Fertiliser_FertiliserProductLookup(Table_Input_InorganicFertiliser_Brands[[#This Row],[Product (select)]], Table_Input_InorganicFertiliser_Brands[[#Headers],[Ingredient 3 percent]], FertiliserProducts[#Data], FertiliserProducts[Product name], FertiliserProducts[#Headers])} -> 0.03 | P18: {=Fertiliser_InputFunctions.Fertiliser_FertiliserProductLookup(Table_Input_InorganicFertiliser_Brands[[#This Row],[Product (select)]], Table_Input_InorganicFertiliser_Brands[[#Headers],[Ingredient 4]], FertiliserProducts[#Data], FertiliserProducts[Product name], FertiliserProducts[#Headers])} -> Boron | Q18: {=Fertiliser_InputFunctions.Fertiliser_FertiliserProductLookup(Table_Input_InorganicFertiliser_Brands[[#This Row],[Product (select)]], Table_Input_InorganicFertiliser_Brands[[#Headers],[Ingredient 4 percent]], FertiliserProducts[#Data], FertiliserProducts[Product name], FertiliserProducts[#Headers])} -> 0.005 | R18: {=Fertiliser_InputFunctions.Fertiliser_FertiliserProductLookup(Table_Input_InorganicFertiliser_Brands[[#This Row],[Product (select)]], Table_Input_InorganicFertiliser_Brands[[#Headers],[Ingredient 5]], FertiliserProducts[#Data], FertiliserProducts[Product name], FertiliserProducts[#Headers])} | S18: {=Fertiliser_InputFunctions.Fertiliser_FertiliserProductLookup(Table_Input_InorganicFertiliser_Brands[[#This Row],[Product (select)]], Table_Input_InorganicFertiliser_Brands[[#Headers],[Ingredient 5 percent]], FertiliserProducts[#Data], FertiliserProducts[Product name], FertiliserProducts[#Headers])} | T18: {=Fertiliser_InputFunctions.Fertiliser_FertiliserProductLookup(Table_Input_InorganicFertiliser_Brands[[#This Row],[Product (select)]], Table_Input_InorganicFertiliser_Brands[[#Headers],[Ingredient 6]], FertiliserProducts[#Data], FertiliserProducts[Product name], FertiliserProducts[#Headers])} | U18: {=Fertiliser_InputFunctions.Fertiliser_FertiliserProductLookup(Table_Input_InorganicFertiliser_Brands[[#This Row],[Product (select)]], Table_Input_InorganicFertiliser_Brands[[#Headers],[Ingredient 6 percent]], FertiliserProducts[#Data], FertiliserProducts[Product name], FertiliserProducts[#Headers])} | V18: =(Table_Input_InorganicFertiliser_Brands[[#This Row],[Amount applied per hectare]]*Table_Input_InorganicFertiliser_Brands[[#This Row],[Density]])*(IFERROR((_xlfn.XLOOKUP(Table_Input_InorganicFertiliser_Brands[[#This Row],[Ingredient 1]], Table_Fertiliser_ChemicalCompounds[Fertiliser type f],Table_Fertiliser_ChemicalCompounds[FNinorganic f])*Table_Input_InorganicFertiliser_Brands[[#This Row],[Ingredient 1 percent]]), 0)+ IFERROR((_xlfn.XLOOKUP(Table_Input_InorganicFertiliser_Brands[[#This Row],[Ingredient 2]],Table_Fertiliser_ChemicalCompounds[Fertiliser type f],Table_Fertiliser_ChemicalCompounds[FNinorganic f])*Table_Input_InorganicFertiliser_Brands[[#This Row],[Ingredient 2 percent]]), 0)+ IFERROR((_xlfn.XLOOKUP(Table_Input_InorganicFertiliser_Brands[[#This Row],[Ingredient 3]],Table_Fertiliser_ChemicalCompounds[Fertiliser type f],Table_Fertiliser_ChemicalCompounds[FNinorganic f])*Table_Input_InorganicFertiliser_Brands[[#This Row],[Ingredient 3 percent]]), 0)+ IFERROR((_xlfn.XLOOKUP(Table_Input_InorganicFertiliser_Brands[[#This Row],[Ingredient 4]],Table_Fertiliser_ChemicalCompounds[Fertiliser type f],Table_Fertiliser_ChemicalCompounds[FNinorganic f])*Table_Input_InorganicFertiliser_Brands[[#This Row],[Ingredient 4 percent]]), 0)+ IFERROR((_xlfn.XLOOKUP(Table_Input_InorganicFertiliser_Brands[[#This Row],[Ingredient 5]],Table_Fertiliser_ChemicalCompounds[Fertiliser type f],Table_Fertiliser_ChemicalCompounds[FNinorganic f])*Table_Input_InorganicFertiliser_Brands[[#This Row],[Ingredient 5 percent]]), 0)+ IFERROR((_xlfn.XLOOKUP(Table_Input_InorganicFertiliser_Brands[[#This Row],[Ingredient 6]],Table_Fertiliser_ChemicalCompounds[Fertiliser type f],Table_Fertiliser_ChemicalCompounds[FNinorganic f])*Table_Input_InorganicFertiliser_Brands[[#This Row],[Ingredient 6 percent]]), 0)) -> 14.58 | W18: =_xlfn.XLOOKUP(Table_Input_InorganicFertiliser_Brands[[#This Row],[Product (select)]],FertiliserProducts[Product name],FertiliserProducts[Urea source]) | X18: =_xlfn.XLOOKUP(Table_Input_InorganicFertiliser_Brands[[#This Row],[Product (select)]],FertiliserProducts[Product name],FertiliserProducts[Ammonia source])
A19: APPENDICES | D19: CoRoN 12-0-10 | E19: 200 | F19: =_xlfn.XLOOKUP(Table_Input_InorganicFertiliser_Brands[[#This Row],[Product (select)]],FertiliserProducts[Product name],FertiliserProducts[Unit]) -> L | G19: =_xlfn.XLOOKUP(Table_Input_InorganicFertiliser_Brands[[#This Row],[Product (select)]],FertiliserProducts[Product name],FertiliserProducts[Density / gravity]) -> 1.215 | H19: 0 | I19: =(Table_Input_InorganicFertiliser_Brands[[#This Row],[Amount applied per hectare]]*Table_Input_InorganicFertiliser_Brands[[#This Row],[Density]])*Table_Input_InorganicFertiliser_Brands[[#This Row],[Application area (ha)]] -> 0 | J19: {=Fertiliser_InputFunctions.Fertiliser_FertiliserProductLookup(Table_Input_InorganicFertiliser_Brands[[#This Row],[Product (select)]], Table_Input_InorganicFertiliser_Brands[[#Headers],[Ingredient 1]], FertiliserProducts[#Data], FertiliserProducts[Product name], FertiliserProducts[#Headers])} -> Urea | K19: {=Fertiliser_InputFunctions.Fertiliser_FertiliserProductLookup(Table_Input_InorganicFertiliser_Brands[[#This Row],[Product (select)]], Table_Input_InorganicFertiliser_Brands[[#Headers],[Ingredient 1 percent]], FertiliserProducts[#Data], FertiliserProducts[Product name], FertiliserProducts[#Headers])} -> 0.19565217 | L19: {=Fertiliser_InputFunctions.Fertiliser_FertiliserProductLookup(Table_Input_InorganicFertiliser_Brands[[#This Row],[Product (select)]], Table_Input_InorganicFertiliser_Brands[[#Headers],[Ingredient 2]], FertiliserProducts[#Data], FertiliserProducts[Product name], FertiliserProducts[#Headers])} -> Potassium - Generic | M19: {=Fertiliser_InputFunctions.Fertiliser_FertiliserProductLookup(Table_Input_InorganicFertiliser_Brands[[#This Row],[Product (select)]], Table_Input_InorganicFertiliser_Brands[[#Headers],[Ingredient 2 percent]], FertiliserProducts[#Data], FertiliserProducts[Product name], FertiliserProducts[#Headers])} -> 0.1 | N19: {=Fertiliser_InputFunctions.Fertiliser_FertiliserProductLookup(Table_Input_InorganicFertiliser_Brands[[#This Row],[Product (select)]], Table_Input_InorganicFertiliser_Brands[[#Headers],[Ingredient 3]], FertiliserProducts[#Data], FertiliserProducts[Product name], FertiliserProducts[#Headers])} -> Nitrogen - Generic | O19: {=Fertiliser_InputFunctions.Fertiliser_FertiliserProductLookup(Table_Input_InorganicFertiliser_Brands[[#This Row],[Product (select)]], Table_Input_InorganicFertiliser_Brands[[#Headers],[Ingredient 3 percent]], FertiliserProducts[#Data], FertiliserProducts[Product name], FertiliserProducts[#Headers])} -> 0.03 | P19: {=Fertiliser_InputFunctions.Fertiliser_FertiliserProductLookup(Table_Input_InorganicFertiliser_Brands[[#This Row],[Product (select)]], Table_Input_InorganicFertiliser_Brands[[#Headers],[Ingredient 4]], FertiliserProducts[#Data], FertiliserProducts[Product name], FertiliserProducts[#Headers])} -> Boron | Q19: {=Fertiliser_InputFunctions.Fertiliser_FertiliserProductLookup(Table_Input_InorganicFertiliser_Brands[[#This Row],[Product (select)]], Table_Input_InorganicFertiliser_Brands[[#Headers],[Ingredient 4 percent]], FertiliserProducts[#Data], FertiliserProducts[Product name], FertiliserProducts[#Headers])} -> 0.005 | R19: {=Fertiliser_InputFunctions.Fertiliser_FertiliserProductLookup(Table_Input_InorganicFertiliser_Brands[[#This Row],[Product (select)]], Table_Input_InorganicFertiliser_Brands[[#Headers],[Ingredient 5]], FertiliserProducts[#Data], FertiliserProducts[Product name], FertiliserProducts[#Headers])} | S19: {=Fertiliser_InputFunctions.Fertiliser_FertiliserProductLookup(Table_Input_InorganicFertiliser_Brands[[#This Row],[Product (select)]], Table_Input_InorganicFertiliser_Brands[[#Headers],[Ingredient 5 percent]], FertiliserProducts[#Data], FertiliserProducts[Product name], FertiliserProducts[#Headers])} | T19: {=Fertiliser_InputFunctions.Fertiliser_FertiliserProductLookup(Table_Input_InorganicFertiliser_Brands[[#This Row],[Product (select)]], Table_Input_InorganicFertiliser_Brands[[#Headers],[Ingredient 6]], FertiliserProducts[#Data], FertiliserProducts[Product name], FertiliserProducts[#Headers])} | U19: {=Fertiliser_InputFunctions.Fertiliser_FertiliserProductLookup(Table_Input_InorganicFertiliser_Brands[[#This Row],[Product (select)]], Table_Input_InorganicFertiliser_Brands[[#Headers],[Ingredient 6 percent]], FertiliserProducts[#Data], FertiliserProducts[Product name], FertiliserProducts[#Headers])} | V19: =(Table_Input_InorganicFertiliser_Brands[[#This Row],[Amount applied per hectare]]*Table_Input_InorganicFertiliser_Brands[[#This Row],[Density]])*(IFERROR((_xlfn.XLOOKUP(Table_Input_InorganicFertiliser_Brands[[#This Row],[Ingredient 1]], Table_Fertiliser_ChemicalCompounds[Fertiliser type f],Table_Fertiliser_ChemicalCompounds[FNinorganic f])*Table_Input_InorganicFertiliser_Brands[[#This Row],[Ingredient 1 percent]]), 0)+ IFERROR((_xlfn.XLOOKUP(Table_Input_InorganicFertiliser_Brands[[#This Row],[Ingredient 2]],Table_Fertiliser_ChemicalCompounds[Fertiliser type f],Table_Fertiliser_ChemicalCompounds[FNinorganic f])*Table_Input_InorganicFertiliser_Brands[[#This Row],[Ingredient 2 percent]]), 0)+ IFERROR((_xlfn.XLOOKUP(Table_Input_InorganicFertiliser_Brands[[#This Row],[Ingredient 3]],Table_Fertiliser_ChemicalCompounds[Fertiliser type f],Table_Fertiliser_ChemicalCompounds[FNinorganic f])*Table_Input_InorganicFertiliser_Brands[[#This Row],[Ingredient 3 percent]]), 0)+ IFERROR((_xlfn.XLOOKUP(Table_Input_InorganicFertiliser_Brands[[#This Row],[Ingredient 4]],Table_Fertiliser_ChemicalCompounds[Fertiliser type f],Table_Fertiliser_ChemicalCompounds[FNinorganic f])*Table_Input_InorganicFertiliser_Brands[[#This Row],[Ingredient 4 percent]]), 0)+ IFERROR((_xlfn.XLOOKUP(Table_Input_InorganicFertiliser_Brands[[#This Row],[Ingredient 5]],Table_Fertiliser_ChemicalCompounds[Fertiliser type f],Table_Fertiliser_ChemicalCompounds[FNinorganic f])*Table_Input_InorganicFertiliser_Brands[[#This Row],[Ingredient 5 percent]]), 0)+ IFERROR((_xlfn.XLOOKUP(Table_Input_InorganicFertiliser_Brands[[#This Row],[Ingredient 6]],Table_Fertiliser_ChemicalCompounds[Fertiliser type f],Table_Fertiliser_ChemicalCompounds[FNinorganic f])*Table_Input_InorganicFertiliser_Brands[[#This Row],[Ingredient 6 percent]]), 0)) -> 29.16 | W19: =_xlfn.XLOOKUP(Table_Input_InorganicFertiliser_Brands[[#This Row],[Product (select)]],FertiliserProducts[Product name],FertiliserProducts[Urea source]) | X19: =_xlfn.XLOOKUP(Table_Input_InorganicFertiliser_Brands[[#This Row],[Product (select)]],FertiliserProducts[Product name],FertiliserProducts[Ammonia source])
A20: =HYPERLINK("#'Constants - Fertiliser'!A1", "Constants - Fertiliser") -> Constants - Fertiliser
A21: =HYPERLINK("#'Constants - Common'!A1", "Constants - Common") -> Constants - Common | D21: Custom fertiliser blends
D22: Custom blend name | E22: Amount applied (kg / ha) | F22: Application area (ha) | G22: Total applied (kg) | H22: Ingredient 1 (select) | I22: Ingredient 1 percent | J22: Ingredient 2 | K22: Ingredient 2 percent | L22: Ingredient 3 | M22: Ingredient 3 percent | N22: Ingredient 4 | O22: Ingredient 4 percent | P22: N application rate (kg/ha) | Q22: Urea source | R22: Ammonia source
D23: My first custom blend | E23: 0 | F23: =$E$9 -> 100 | G23: =Table_Input_InorganicFertiliser_Custom[[#This Row],[Amount applied (kg / ha)]]*Table_Input_InorganicFertiliser_Custom[[#This Row],[Application area (ha)]] -> 0 | H23: Ammonia | I23: 0.45 | J23: Calcium nitrate | K23: 0.3 | L23: Potassium - Generic | M23: 0.1 | N23: Sulfur - Generic | O23: 0.1 | P23: =Table_Input_InorganicFertiliser_Custom[[#This Row],[Amount applied (kg / ha)]]* (IFERROR((_xlfn.XLOOKUP(Table_Input_InorganicFertiliser_Custom[[#This Row],[Ingredient 1 (select)]], Table_Fertiliser_ChemicalCompounds[Fertiliser type f],Table_Fertiliser_ChemicalCompounds[FNinorganic f])*Table_Input_InorganicFertiliser_Custom[[#This Row],[Ingredient 1 percent]]), 0) + IFERROR((_xlfn.XLOOKUP(Table_Input_InorganicFertiliser_Custom[[#This Row],[Ingredient 2]], Table_Fertiliser_ChemicalCompounds[Fertiliser type f],Table_Fertiliser_ChemicalCompounds[FNinorganic f])*Table_Input_InorganicFertiliser_Custom[[#This Row],[Ingredient 2 percent]]), 0) + IFERROR((_xlfn.XLOOKUP(Table_Input_InorganicFertiliser_Custom[[#This Row],[Ingredient 3]], Table_Fertiliser_ChemicalCompounds[Fertiliser type f],Table_Fertiliser_ChemicalCompounds[FNinorganic f])*Table_Input_InorganicFertiliser_Custom[[#This Row],[Ingredient 3 percent]]), 0) + IFERROR((_xlfn.XLOOKUP(Table_Input_InorganicFertiliser_Custom[[#This Row],[Ingredient 4]], Table_Fertiliser_ChemicalCompounds[Fertiliser type f],Table_Fertiliser_ChemicalCompounds[FNinorganic f])*Table_Input_InorganicFertiliser_Custom[[#This Row],[Ingredient 4 percent]]), 0) ) -> 0 | Q23: Canada | R23: Canada
E24: 0 | F24: =$E$9 -> 100 | G24: =Table_Input_InorganicFertiliser_Custom[[#This Row],[Amount applied (kg / ha)]]*Table_Input_InorganicFertiliser_Custom[[#This Row],[Application area (ha)]] -> 0 | H24: Urea | I24: 0.9 | J24: Ammonia | K24: 0.1 | P24: =Table_Input_InorganicFertiliser_Custom[[#This Row],[Amount applied (kg / ha)]]* (IFERROR((_xlfn.XLOOKUP(Table_Input_InorganicFertiliser_Custom[[#This Row],[Ingredient 1 (select)]], Table_Fertiliser_ChemicalCompounds[Fertiliser type f],Table_Fertiliser_ChemicalCompounds[FNinorganic f])*Table_Input_InorganicFertiliser_Custom[[#This Row],[Ingredient 1 percent]]), 0) + IFERROR((_xlfn.XLOOKUP(Table_Input_InorganicFertiliser_Custom[[#This Row],[Ingredient 2]], Table_Fertiliser_ChemicalCompounds[Fertiliser type f],Table_Fertiliser_ChemicalCompounds[FNinorganic f])*Table_Input_InorganicFertiliser_Custom[[#This Row],[Ingredient 2 percent]]), 0) + IFERROR((_xlfn.XLOOKUP(Table_Input_InorganicFertiliser_Custom[[#This Row],[Ingredient 3]], Table_Fertiliser_ChemicalCompounds[Fertiliser type f],Table_Fertiliser_ChemicalCompounds[FNinorganic f])*Table_Input_InorganicFertiliser_Custom[[#This Row],[Ingredient 3 percent]]), 0) + IFERROR((_xlfn.XLOOKUP(Table_Input_InorganicFertiliser_Custom[[#This Row],[Ingredient 4]], Table_Fertiliser_ChemicalCompounds[Fertiliser type f],Table_Fertiliser_ChemicalCompounds[FNinorganic f])*Table_Input_InorganicFertiliser_Custom[[#This Row],[Ingredient 4 percent]]), 0) ) -> 0 | Q24: Canada | R24: Canada
D26: Soil amendments
D28: 💡 You can add more rows to the table by right-clicking on the table and selecting "Insert > Table rows above/below".
D29: 💡 'Lime' refers to calcium carbonate - CaCO3. 'Dolomite' refers to calcium magnesium carbonate - CaMg(CO3)2
D30: 💡The application area is the same as the area under pasture / cropping by default. You can edit it if the application area is different.
D31: =IF(MAX(Table_Input_Lime[Total]) > 1, "There can not be more than 100% ingredients in a product. Check the table below.", "")
D32: Product | E32: Amount applied (t/hectare) | F32: Application area (ha) | G32: Total amount applied (t) | H32: Percent Lime CaCO3 | I32: Percent Dolomite CaMg(CO3)2 | J32: Percent Gypsum | K32: Percent Potash | L32: Total
D33: Lime product 1 | E33: 100 | F33: =$E$9 -> 100 | G33: =IFERROR(Table_Input_Lime[[#This Row],[Amount applied (t/hectare)]]*Table_Input_Lime[[#This Row],[Application area (ha)]], 0) -> 10000 | H33: 0.4 | I33: 0.3 | J33: 0.25 | K33: 0.05 | L33: =SUM(Table_Input_Lime[[#This Row],[Percent Lime CaCO3]:[Percent Potash]]) -> 1
D34: Lime product 2 | E34: 100 | F34: =$E$9 -> 100 | G34: =IFERROR(Table_Input_Lime[[#This Row],[Amount applied (t/hectare)]]*Table_Input_Lime[[#This Row],[Application area (ha)]], 0) -> 10000 | I34: 1 | L34: =SUM(Table_Input_Lime[[#This Row],[Percent Lime CaCO3]:[Percent Potash]]) -> 1
D37: Organic fertiliser applied
D39: 💡 You can add more rows to the table by right-clicking on the table and selecting "Insert > Table rows above/below".
D40: 💡The application area is the same as the area under pasture / cropping by default. You can edit it if the application area is different.
D42: Organic fertiliser type (select) | E42: Percentage of N in fertiliser | F42: Amount applied (kg/hectare) | G42: Amount N applied (kg/hectare) | H42: Application area (ha) | I42: Total organic fertliser applied | J42: Total nitrogen applied (kg)
D43: Manure - Other | E43: 0.3 | F43: 10 | G43: =Table_Input_OrganicFertiliser[[#This Row],[Amount applied (kg/hectare)]]*Table_Input_OrganicFertiliser[[#This Row],[Percentage of N in fertiliser]] -> 3 | H43: =$E$9 -> 100 | I43: =Table_Input_OrganicFertiliser[[#This Row],[Amount applied (kg/hectare)]]*Table_Input_OrganicFertiliser[[#This Row],[Application area (ha)]] -> 1000 | J43: =IFERROR(Table_Input_OrganicFertiliser[[#This Row],[Amount N applied (kg/hectare)]]*Table_Input_OrganicFertiliser[[#This Row],[Application area (ha)]], 0) -> 300
A44: =HYPERLINK("#A1", "▲ Back to top") -> ▲ Back to top | D44: Manure - Poultry | E44: 0.25 | F44: 10 | G44: =Table_Input_OrganicFertiliser[[#This Row],[Amount applied (kg/hectare)]]*Table_Input_OrganicFertiliser[[#This Row],[Percentage of N in fertiliser]] -> 2.5 | H44: =$E$9 -> 100 | I44: =Table_Input_OrganicFertiliser[[#This Row],[Amount applied (kg/hectare)]]*Table_Input_OrganicFertiliser[[#This Row],[Application area (ha)]] -> 1000 | J44: =IFERROR(Table_Input_OrganicFertiliser[[#This Row],[Amount N applied (kg/hectare)]]*Table_Input_OrganicFertiliser[[#This Row],[Application area (ha)]], 0) -> 250

Sheet Input - Feed - Dairy
A1: #VALUE! | C1: Input - Purchased feed - Livestock
A3: Home
A4: =HYPERLINK("#'Results'!A1", "Results") -> Results
D5: Supplemental feed
A6: INPUTS
A7: =HYPERLINK("#'Input - Site'!A1", "Site") -> Site | D7: Lick blocks
A8: =HYPERLINK("#'Input - Production'!A1", "Production and outputs") -> Production and outputs | D8: Product | E8: Amount (t)
A9: =HYPERLINK("#'Input - Herd - Dairy'!A1", "Herd - Dairy") -> Herd - Dairy | D9: ='Calcs - Scope 3'!D140 -> Mineral block | E9: 10
A10: =HYPERLINK("#'Input - Feed - Dairy'!A1", "Purchased feed - Livestock") -> Purchased feed - Livestock | D10: ='Calcs - Scope 3'!D141 -> Weaner block | E10: 20
A11: =HYPERLINK("#'Input - Herd - Feedlot'!A1", "Herd - Feedlot") -> Herd - Feedlot | D11: ='Calcs - Scope 3'!D142 -> Dry season mix | E11: 30
A12: =HYPERLINK("#'Input - Pasture'!A1", "Pasture") -> Pasture
A13: =HYPERLINK("#'Input - Grains'!A1", "Crop - Grains") -> Crop - Grains | D13: Feed blends
A14: =HYPERLINK("#'Input - Fert Lime Chem'!A1", "Fertiliser, Lime & Chemicals") -> Fertiliser, Lime & Chemicals | D14: Tip: You can add more rows to the table by right-clicking on the table and selecting "Insert > Table rows above/below".
A15: =HYPERLINK("#'Input - Fuel & Energy'!A1", "Electricity and fuel") -> Electricity and fuel
A16: Waste | D16: Feed blend name | E16: Amount fed (kg) | F16: Ingredient 1 (select) | G16: Ingredient 1 percent | H16: Ingredient 2 (select) | I16: Ingredient 2 percent | J16: Ingredient 3 (select) | K16: Ingredient 3 percent | L16: Ingredient 4 (select) | M16: Ingredient 4 percent | N16: Ingredient 5 (select) | O16: Ingredient 5 percent
A17: Freight and transport | E17: 1200 | F17: Beet pulp | G17: 0.35 | H17: Wheat | I17: 0.22 | J17: Canola oil | K17: 0.12 | L17: Bentonite | M17: 0.05 | N17: Meat meal | O17: 0.02
A18: =HYPERLINK("#'Input - Other Farm Inputs'!A1", "Other farm inputs") -> Other farm inputs | E18: 3456 | F18: Cotton seed | G18: 0.2 | H18: Wheat Bran | I18: 0.2
A19: =HYPERLINK("#'Input - Data quality'!A1", "Data quality") -> Data quality | D19: Hay bales in paddock | E19: 300 | F19: Hay | G19: 1 | H19: Hay | I19: 0.2
A21: CALCULATIONS
A22: N2O MMS
A23: Enteric methane | D23: Feed blends Aquaculture and fishery
A24: =HYPERLINK("#'Calcs - Fert Lime'!A1", "Fertiliser & soil amendments") -> Fertiliser & soil amendments | D24: Tip: You can add more rows to the table by right-clicking on the table and selecting "Insert > Table rows above/below".
A25: =HYPERLINK("#'Calcs - Residue mgmt - Crop'!A1", "Residue management - Crop") -> Residue management - Crop | D25: Feed blend name | E25: Amount fed (kg) | F25: Ingredient 1 (select) | G25: Ingredient 1 percent | H25: Ingredient 2 (select) | I25: Ingredient 2 percent | J25: Ingredient 3 (select) | K25: Ingredient 3 percent | L25: Ingredient 4 (select) | M25: Ingredient 4 percent | N25: Ingredient 5 (select) | O25: Ingredient 5 percent
A26: =HYPERLINK("#'Calcs - Residue mgmt - Pasture'!A1", "Residue management - Pasture") -> Residue management - Pasture | E26: 1200 | F26: Whole Fish | G26: 0.35 | H26: High Animal Protein Formulated Feed | I26: 0.22 | J26: Cereal grain | K26: 0.12 | L26: Squid | M26: 0.05 | N26: Whole Sardines | O26: 0.02
A27: =HYPERLINK("#'Calcs - Field burning'!A1", "Field burning - Crop") -> Field burning - Crop | E27: 1200 | F27: Squid | G27: 1
A28: =HYPERLINK("#'Calcs - Fuel'!A1", "Fuel") -> Fuel
A29: =HYPERLINK("#'Calcs - Electricity'!A1", "Electricity") -> Electricity
A30: =HYPERLINK("#'Calcs - Refrigerants'!A1", "Refrigerants") -> Refrigerants
A31: Waste
A32: Freight and transport
A33: =HYPERLINK("#'Calcs - Scope 3'!A1", "Purchased goods scope 3") -> Purchased goods scope 3
A35: APPENDICES
A36: =HYPERLINK("#'Constants - Common'!A1", "Constants - Common") -> Constants - Common
A37: =HYPERLINK("#'Constants - Cropping'!A1", "Constants - Cropping") -> Constants - Cropping
A38: =HYPERLINK("#'Constants - Livestock'!A1", "Constants - Livestock") -> Constants - Livestock
A39: =HYPERLINK("#'Constants - Dairy'!A1", "Constants - Dairy") -> Constants - Dairy
A40: Sources & acknowledgements

Sheet Input - Other Farm Inputs
A1: #VALUE! | C1: Input - Other farm inputs
A3: Home
A4: =HYPERLINK("#'Results'!A1", "Results") -> Results
A6: INPUTS | D6: ='Calcs - Scope 3'!D243 -> CO2 for carbonation | E6: 100 | F6: ='Calcs - Scope 3'!F243 -> t
A7: =HYPERLINK("#'Input - Site'!A1", "Site") -> Site | D7: ='Calcs - Scope 3'!D244 -> Livestock antibiotics | E7: 200 | F7: ='Calcs - Scope 3'!F244 -> t
A8: =HYPERLINK("#'Input - Production'!A1", "Production and outputs") -> Production and outputs | D8: ='Calcs - Scope 3'!D245 -> Nylon netting for horticulture | E8: 300 | F8: ='Calcs - Scope 3'!F245 -> t
A9: =HYPERLINK("#'Input - Herd - Dairy'!A1", "Herd - Dairy") -> Herd - Dairy | D9: ='Calcs - Scope 3'!D246 -> Pallets - Wood | E9: 400 | F9: ='Calcs - Scope 3'!F246 -> t
A10: =HYPERLINK("#'Input - Feed - Dairy'!A1", "Purchased feed - Livestock") -> Purchased feed - Livestock | D10: ='Calcs - Scope 3'!D247 -> Pallets - Plastic | E10: 500 | F10: ='Calcs - Scope 3'!F247 -> t
A11: =HYPERLINK("#'Input - Herd - Feedlot'!A1", "Herd - Feedlot") -> Herd - Feedlot | D11: ='Calcs - Scope 3'!D248 -> Livestock tags | E11: 600 | F11: ='Calcs - Scope 3'!F248 -> t
A12: =HYPERLINK("#'Input - Pasture'!A1", "Pasture") -> Pasture | D12: Seed (general crop and pasture) | E12: 700 | F12: ='Calcs - Scope 3'!F232 -> t
A13: =HYPERLINK("#'Input - Grains'!A1", "Crop - Grains") -> Crop - Grains | D13: Seedlings (forestry, horticulture, environmental) | E13: 800 | F13: ='Calcs - Scope 3'!F233 -> Seedling
A14: =HYPERLINK("#'Input - Fert Lime Chem'!A1", "Fertiliser, Lime & Chemicals") -> Fertiliser, Lime & Chemicals
A15: =HYPERLINK("#'Input - Fuel & Energy'!A1", "Electricity and fuel") -> Electricity and fuel
A16: Waste
A17: Freight and transport | D17: Agrochemicals applied
A18: =HYPERLINK("#'Input - Other Farm Inputs'!A1", "Other farm inputs") -> Other farm inputs
A19: =HYPERLINK("#'Input - Data quality'!A1", "Data quality") -> Data quality | D19: 💡You can add more rows to the table by right-clicking on the table and selecting "Insert > Table rows above/below".
D20: 💡You can find specific product information in the Australian Government's 'PubCRIS' database search. | H20: Application area | I20: 100
A21: CALCULATIONS | D21: Click here to find instructions on how to use the PubCRIS database
A22: N2O MMS
A23: Enteric methane | D23: Product | E23: Amount applied per ha | F23: Application unit (select) | G23: Application area (ha) | H23: Total applied | I23: Active ingredient 1 (select) | J23: Active ingredient 1 unit (select) | K23: Active ingredient 1 amount | L23: Active ingredient 2 (select) | M23: Active ingredient 2 unit (select) | N23: Active ingredient 2 amount | O23: Active ingredient 3 (select) | P23: Active ingredient 3 unit (select) | Q23: Active ingredient 3 amount
A24: =HYPERLINK("#'Calcs - Fert Lime'!A1", "Fertiliser & soil amendments") -> Fertiliser & soil amendments | D24: RELYON DI-PAR 250 SC HERBICIDE | E24: 10 | F24: litre / hectare | G24: =I20 -> 100 | H24: =Table_Input_Agrochemicals[[#This Row],[Amount applied per ha]]*Table_Input_Agrochemicals[[#This Row],[Application area (ha)]] -> 1000 | I24: Generic Insecticide | J24: Grams / kg | K24: 115 | L24: Generic Insecticide | M24: Grams / litre | N24: 135 | O24: Paraquat, diquat | P24: Grams / litre | Q24: 200
A25: =HYPERLINK("#'Calcs - Residue mgmt - Crop'!A1", "Residue management - Crop") -> Residue management - Crop
A26: =HYPERLINK("#'Calcs - Residue mgmt - Pasture'!A1", "Residue management - Pasture") -> Residue management - Pasture | D26: Tip: You can add more rows to the table by right-clicking on the table and selecting "Insert > Table rows above/below".
A27: =HYPERLINK("#'Calcs - Field burning'!A1", "Field burning - Crop") -> Field burning - Crop
A28: =HYPERLINK("#'Calcs - Fuel'!A1", "Fuel") -> Fuel | D28: Packaging name | E28: Packaging component (select) | F28: Quantity purchased | G28: Quantity unit
A29: =HYPERLINK("#'Calcs - Electricity'!A1", "Electricity") -> Electricity | D29: Reisling bottle | E29: Polypropylene (PP) | F29: 100 | G29: {=Common_InputFunctions.Utility_LookupValueInTable(Table_Input_Packaging[[#This Row],[Packaging component (select)]], Table_Scope3_Packaging[Packaging component],Table_Scope3_Packaging[Quantity Unit])} -> kg
A30: =HYPERLINK("#'Calcs - Refrigerants'!A1", "Refrigerants") -> Refrigerants | E30: Polypropylene (PP) | F30: 1000 | G30: {=Common_InputFunctions.Utility_LookupValueInTable(Table_Input_Packaging[[#This Row],[Packaging component (select)]], Table_Scope3_Packaging[Packaging component],Table_Scope3_Packaging[Quantity Unit])} -> kg
A31: Waste | E31: Plastic packaging | F31: 456 | G31: {=Common_InputFunctions.Utility_LookupValueInTable(Table_Input_Packaging[[#This Row],[Packaging component (select)]], Table_Scope3_Packaging[Packaging component],Table_Scope3_Packaging[Quantity Unit])} -> kg
A32: Freight and transport | E32: Cardboard | F32: 1234 | G32: {=Common_InputFunctions.Utility_LookupValueInTable(Table_Input_Packaging[[#This Row],[Packaging component (select)]], Table_Scope3_Packaging[Packaging component],Table_Scope3_Packaging[Quantity Unit])} -> kg
A33: =HYPERLINK("#'Calcs - Scope 3'!A1", "Purchased goods scope 3") -> Purchased goods scope 3
A35: APPENDICES | D35: Cleaning chemicals
A36: =HYPERLINK("#'Constants - Common'!A1", "Constants - Common") -> Constants - Common
A37: =HYPERLINK("#'Constants - Cropping'!A1", "Constants - Cropping") -> Constants - Cropping | D37: Tip: You can add more rows to the table by right-clicking on the table and selecting "Insert > Table rows above/below".
A38: =HYPERLINK("#'Constants - Livestock'!A1", "Constants - Livestock") -> Constants - Livestock
A39: =HYPERLINK("#'Constants - Dairy'!A1", "Constants - Dairy") -> Constants - Dairy | D39: Chemical name | E39: Type (select) | F39: Quantity purchased (kg)
A40: Sources & acknowledgements | E40: Alkaline cleaner | F40: 100
E41: Alkaline cleaner | F41: 100
E42: Bleach | F42: 100
E43: Bleach | F43: 100
E44: Phosphoric acid | F44: 100
E45: Phosphoric acid | F45: 100

Sheet Input - Fuel
A1: #VALUE! | C1: Input - Fuel
A3: =HYPERLINK("#'Home'!A1", "Home") -> Home
A4: =HYPERLINK("#'Overview'!A1", "Overview") -> Overview
A5: =HYPERLINK("#'Results'!A1", "Results") -> Results | D5: Fuel purchases and consumption
A7: INPUTS | D7: 💡 You can add more rows to the table by right-clicking on the table and selecting "Insert > Table rows above/below"
A8: =HYPERLINK("#'Input - Fuel'!A1", "Fuel") -> Fuel | D8: 💡 'Percent consumed" is 100% by default. If you purchased more fuel than was consumed you can edit this field.
A10: CALCULATIONS | D10: Fuel use (select) | E10: Fuel type (select) | F10: Amount purchased | G10: Amount unit | H10: Percent consumed | I10: Amount consumed
A11: =HYPERLINK("#'8.1.1.1-2 Transport fuel'!A1", "8.1.1.1-2 Transport fuel") -> 8.1.1.1-2 Transport fuel | D11: Cars and light commercial vehicles | E11: Petrol | F11: 1000 | G11: {=Common_InputFunctions.Utility_LookupValueInTable(Table_Input_Fuel[[#This Row],[Fuel type (select)]],Table_FuelTypes_Units[Fuel type], Table_FuelTypes_Units[Unit])} -> kL | H11: =1 -> 1 | I11: =Table_Input_Fuel[[#This Row],[Amount purchased]]*Table_Input_Fuel[[#This Row],[Percent consumed]]*10^-3 -> 1
A12: =HYPERLINK("#'8.2.1.1-2 Stationary fuel'!A1", "8.2.1.1-2 Stationary fuel") -> 8.2.1.1-2 Stationary fuel | D12: Cars and light commercial vehicles | E12: Petrol | F12: 1000 | G12: {=Common_InputFunctions.Utility_LookupValueInTable(Table_Input_Fuel[[#This Row],[Fuel type (select)]],Table_FuelTypes_Units[Fuel type], Table_FuelTypes_Units[Unit])} -> kL | H12: =1 -> 1 | I12: =Table_Input_Fuel[[#This Row],[Amount purchased]]*Table_Input_Fuel[[#This Row],[Percent consumed]]*10^-3 -> 1
A13: =HYPERLINK("#'8.X.1.1-2 General use fuel'!A1", "8.X.1.1-2 General use fuel") -> 8.X.1.1-2 General use fuel
A15: APPENDICES
A16: =HYPERLINK("#'Constants - Fuel'!A1", "Constants - Fuel") -> Constants - Fuel
A17: =HYPERLINK("#'Constants - Common'!A1", "Constants - Common") -> Constants - Common

Sheet Input - Electricity
A1: #VALUE! | C1: Input - Electricity
A3: =HYPERLINK("#'Home'!A1", "Home") -> Home
A4: =HYPERLINK("#'Overview'!A1", "Overview") -> Overview
A5: =HYPERLINK("#'Results'!A1", "Results") -> Results | D5: Option 1: Location-based electricity
A7: INPUTS | D7: State grid electricity purchases
A8: =HYPERLINK("#'Input - Electricity'!A1", "Electricity") -> Electricity
D9: 💡The grid you purchase electricity from is typically the same as the state and region the farm is in.
A10: CALCULATIONS
A11: =HYPERLINK("#'14.1.1-2 Purchased electricity'!A1", "14.1.1-2 Purchased electricity") -> 14.1.1-2 Purchased electricity | D11: Amount purchased in kWh | E11: 500 | F11: kWh
D12: State and region your farm is in | E12: =IF('Input - Site'!E21="Western Australia", 'Input - Site'!E22, 'Input - Site'!E21) -> ACT
A13: APPENDICES | D13: Grid where electricity purchased from | E13: Western Australia - South West Interconnected System (SWIS) | F13: ← Please select
A14: =HYPERLINK("#'Constants - Electricity'!A1", "Constants - Electricity") -> Constants - Electricity
A15: =HYPERLINK("#'Constants - Common'!A1", "Constants - Common") -> Constants - Common
D17: Option 2: Market-based electricity
E18: =IF(E12="ACT", "", "ALERT: Your farm is not in the ACT, so the JRPP is not applicable")
D19: Electricity purchased in kWh (excluding GreenPower providers) | E19: 30000 | F19: kWh
D20: Renewable Power Percentage | E20: 0.1 | F20: percent
D21: Jurisdictional renewable power percentage (ACT only) | E21: 0.1 | F21: percent
D23: Electricity purchased from an accredited GreenPower provider | E23: 10000 | F23: kWh
D25: Start of reporting year | E25: =TEXT('Input - Site'!$E$12, "dd mmm yyyy") -> 01 Jan 2024
D26: End of reporting year | E26: =TEXT('Input - Site'!$E$13, "dd mmm yyyy") -> 31 Dec 2024
D28: Voluntarily surrendered Renewable Energy Certificates (RECs)
D30: 💡 You can add more rows to the table by right-clicking on the table and selecting "Insert > Table rows above/below"
D32: Description | E32: Source (select) | F32: Generation date | G32: Number of certificates | H32: MWh | I32: Elegibility
D33: Dec 2023 certs | E33: Purchased certificate | F33: 44185 | G33: 12 | H33: =Table_Input_RECSurrendered[[#This Row],[Number of certificates]] -> 12 | I33: =IF(DATEDIF(Table_Input_RECSurrendered[[#This Row],[Generation date]],DATEVALUE($E$26),"M")>36,"Ineligible - older than 36 months","Elegible") -> Ineligible - older than 36 months
E34: Issued for generated electricity | F34: 44575 | G34: 5 | H34: =Table_Input_RECSurrendered[[#This Row],[Number of certificates]] -> 5 | I34: =IF(DATEDIF(Table_Input_RECSurrendered[[#This Row],[Generation date]],DATEVALUE($E$26),"M")>36,"Ineligible - older than 36 months","Elegible") -> Elegible
E35: Purchased certificate | F35: 45438 | G35: 5 | H35: =Table_Input_RECSurrendered[[#This Row],[Number of certificates]] -> 5 | I35: =IF(DATEDIF(Table_Input_RECSurrendered[[#This Row],[Generation date]],DATEVALUE($E$26),"M")>36,"Ineligible - older than 36 months","Elegible") -> Elegible
D37: Total elegible voluntarily surrendered RECs | E37: =SUMIF(Table_Input_RECSurrendered[Elegibility], "Elegible", Table_Input_RECSurrendered[MWh]) -> 10 | F37: MWh
D39: Renewable Energy Certificates (RECs) for electricity produced on-site and consumed by the entity
D41: Description | E41: Source | F41: Generation date | G41: Number of certificates | H41: MWh | I41: Elegibility
D42: May 2022 generated | E42: ="Issued for generated electricity" -> Issued for generated electricity | F42: 44697 | G42: 10 | H42: =Table_Input_RECConsumedByEntity[[#This Row],[Number of certificates]] -> 10 | I42: =IF(AND(Table_Input_RECConsumedByEntity[[#This Row],[Generation date]]>=DATEVALUE($E$25), Table_Input_RECConsumedByEntity[[#This Row],[Generation date]]<= DATEVALUE($E$26)), "Elegible", "Ineligible - outside reporting year") -> Ineligible - outside reporting year
E43: ="Issued for generated electricity" -> Issued for generated electricity | F43: 45483 | G43: 4 | H43: =Table_Input_RECConsumedByEntity[[#This Row],[Number of certificates]] -> 4 | I43: =IF(AND(Table_Input_RECConsumedByEntity[[#This Row],[Generation date]]>=DATEVALUE($E$25), Table_Input_RECConsumedByEntity[[#This Row],[Generation date]]<= DATEVALUE($E$26)), "Elegible", "Ineligible - outside reporting year") -> Elegible
E44: ="Issued for generated electricity" -> Issued for generated electricity | F44: 45607 | G44: 7 | H44: =Table_Input_RECConsumedByEntity[[#This Row],[Number of certificates]] -> 7 | I44: =IF(AND(Table_Input_RECConsumedByEntity[[#This Row],[Generation date]]>=DATEVALUE($E$25), Table_Input_RECConsumedByEntity[[#This Row],[Generation date]]<= DATEVALUE($E$26)), "Elegible", "Ineligible - outside reporting year") -> Elegible
D46: Total elegible RECs for electricity produced on-site and consumed by entity | E46: =SUMIF(Table_Input_RECConsumedByEntity[Elegibility], "Elegible", Table_Input_RECConsumedByEntity[Number of certificates]) -> 11 | F46: MWh

Sheet Input - Livestock
D7: Livestock type (select) | E7: Class (select) | F7: Source region (Select) | G7: Quantity (head) | H7: Average liveweight (kg/head) | I7: Total liveweight (kg)
D8: Chickens | E8: Chickens | F8: Australia | G8: 100 | H8: 250 | I8: =Table_Input_LivestockPurchases[[#This Row],[Quantity (head)]]*Table_Input_LivestockPurchases[[#This Row],[Average liveweight (kg/head)]] -> 25000
D9: Beef cattle | E9: Cattle, for manufacturing beef | F9: NSW | G9: 100 | H9: 250 | I9: =Table_Input_LivestockPurchases[[#This Row],[Quantity (head)]]*Table_Input_LivestockPurchases[[#This Row],[Average liveweight (kg/head)]] -> 25000
D10: Dairy cattle | E10: Dairy cows | F10: VIC | G10: 100 | H10: 250 | I10: =Table_Input_LivestockPurchases[[#This Row],[Quantity (head)]]*Table_Input_LivestockPurchases[[#This Row],[Average liveweight (kg/head)]] -> 25000
D11: Pigs | E11: Pigs | F11: Australia | G11: 100 | H11: 250 | I11: =Table_Input_LivestockPurchases[[#This Row],[Quantity (head)]]*Table_Input_LivestockPurchases[[#This Row],[Average liveweight (kg/head)]] -> 25000
D12: Sheep | E12: Sheep, for mutton | F12: Australia | G12: 100 | H12: 250 | I12: =Table_Input_LivestockPurchases[[#This Row],[Quantity (head)]]*Table_Input_LivestockPurchases[[#This Row],[Average liveweight (kg/head)]] -> 25000
D13: Sheep | E13: Sheep, for prime lamb | F13: WA | G13: 100 | H13: 250 | I13: =Table_Input_LivestockPurchases[[#This Row],[Quantity (head)]]*Table_Input_LivestockPurchases[[#This Row],[Average liveweight (kg/head)]] -> 25000

Sheet Calcs - Scope 3
A1: #VALUE! | C1: Calculations - Purchased goods scope 3
A3: Home
A4: =HYPERLINK("#'Results'!A1", "Results") -> Results
D5: {=Scope3_SourceData.Scope3_InorganicFertilisers_Title()} -> Inorganic fertiliser chemical compound scope 3
A6: INPUTS | D6: {=Scope3_SourceData.Scope3_InorganicFertilisers_Source()} -> Lifecycles. (2026). Greenhouse Gas Emission Intensities for Material Inputs to Australian Agriculture, Fisheries and Forestry. Version 48. doi 10.5281/zenodo.19656580
A7: =HYPERLINK("#'Input - Site'!A1", "Site") -> Site
A8: =HYPERLINK("#'Input - Production'!A1", "Production and outputs") -> Production and outputs | D8: Category | E8: Product | F8: Region of origin | G8: Chemical compound | H8: Urea source | I8: Ammonia source | J8: Quantity | K8: Quantity Unit | L8: AusLCI Emissions intensity | M8: Custom emissions intensity (Method 2) | N8: Emissions intensity unit | O8: Scope 3 emissions exc. custom (t CO2-e) | P8: Scope 3 emissions inc. custom (t CO2-e)2 | Q8: Custom emissions intensity source | R8: Custom emissions intensity source type (Select) | S8: Custom emissions intensity credential / certification link | T8: Scope 3 data score
A9: =HYPERLINK("#'Input - Herd - Dairy'!A1", "Herd - Dairy") -> Herd - Dairy | D9: {=Common_InputFunctions.Utility_DisplayArrayInTable(Scope3_SourceData.Scope3_InorganicFertilisers_Data(), Table_Scope3_InorganicFertiliser[[#Headers],[Category]], 0, 2)} -> Inorganic fertilisers | E9: {=Common_InputFunctions.Utility_DisplayArrayInTable(Scope3_SourceData.Scope3_InorganicFertilisers_Data(), Table_Scope3_InorganicFertiliser[[#Headers],[Category]], 0, 2)} -> Ammonia, AU market mix | F9: {=Common_InputFunctions.Utility_DisplayArrayInTable(Scope3_SourceData.Scope3_InorganicFertilisers_Data(), Table_Scope3_InorganicFertiliser[[#Headers],[Category]], 0, 2)} -> Global | G9: ='Constants - Fertiliser'!$D$37 -> Ammonia | I9: ='Constants - Fertiliser'!$V$20 -> Global | J9: {=Fertiliser_InputFunctions.Fertiliser_TotalChemicalCompoundtAppliedBySourceAllIngredients(Table_Scope3_InorganicFertiliser[[#This Row],[Chemical compound]],Table_Scope3_InorganicFertiliser[[#This Row],[Ammonia source]],(Table_Input_InorganicFertiliser_Brands[Amount applied per hectare]*Table_Input_InorganicFertiliser_Brands[Density]),Table_Input_InorganicFertiliser_Brands[Ingredient 1],Table_Input_InorganicFertiliser_Brands[Ingredient 1 percent],Table_Input_InorganicFertiliser_Brands[Ammonia source],Table_Input_InorganicFertiliser_Brands[Ingredient 2],Table_Input_InorganicFertiliser_Brands[Ingredient 2 percent],Table_Input_InorganicFertiliser_Brands[Ingredient 3],Table_Input_InorganicFertiliser_Brands[Ingredient 3 percent],Table_Input_InorganicFertiliser_Brands[Ingredient 4],Table_Input_InorganicFertiliser_Brands[Ingredient 4 percent],Table_Input_InorganicFertiliser_Brands[Ingredient 5],Table_Input_InorganicFertiliser_Brands[Ingredient 5 percent],Table_Input_InorganicFertiliser_Brands[Ingredient 6],Table_Input_InorganicFertiliser_Brands[Ingredient 6 percent])+ Fertiliser_InputFunctions.Fertiliser_TotalChemicalCompoundtAppliedBySourceAllIngredients(Table_Scope3_InorganicFertiliser[[#This Row],[Chemical compound]],Table_Scope3_InorganicFertiliser[[#This Row],[Ammonia source]],Table_Input_InorganicFertiliser_Custom[Amount applied (kg / ha)],Table_Input_InorganicFertiliser_Custom[Ingredient 1 (select)],Table_Input_InorganicFertiliser_Custom[Ingredient 1 percent],Table_Input_InorganicFertiliser_Custom[Ammonia source],Table_Input_InorganicFertiliser_Custom[Ingredient 2],Table_Input_InorganicFertiliser_Custom[Ingredient 2 percent],Table_Input_InorganicFertiliser_Custom[Ingredient 3],Table_Input_InorganicFertiliser_Custom[Ingredient 3 percent],Table_Input_InorganicFertiliser_Custom[Ingredient 4],Table_Input_InorganicFertiliser_Custom[Ingredient 4 percent])} -> 0 | K9: {=Common_InputFunctions.Utility_DisplayArrayInTable(Scope3_SourceData.Scope3_InorganicFertilisers_Data(), Table_Scope3_InorganicFertiliser[[#Headers],[Category]], 0, -2)} -> kg | L9: {=Common_InputFunctions.Utility_DisplayArrayInTable(Scope3_SourceData.Scope3_InorganicFertilisers_Data(), Table_Scope3_InorganicFertiliser[[#Headers],[Category]], 0, -2)} -> 2.32 | N9: ="kg CO2e / " & Table_Scope3_InorganicFertiliser[[#This Row],[Quantity Unit]] -> kg CO2e / kg | O9: =Table_Scope3_InorganicFertiliser[[#This Row],[Quantity]]*Table_Scope3_InorganicFertiliser[[#This Row],[AusLCI Emissions intensity]] -> 0 | P9: =Table_Scope3_InorganicFertiliser[[#This Row],[Quantity]]*IF(Table_Scope3_InorganicFertiliser[[#This Row],[Custom emissions intensity (Method 2)]], Table_Scope3_InorganicFertiliser[[#This Row],[Custom emissions intensity (Method 2)]], Table_Scope3_InorganicFertiliser[[#This Row],[AusLCI Emissions intensity]]) -> 0 | R9: Emissions intensity calculated from approved method | T9: {=Common_InputFunctions.Utility_LookupValueInTableNumber(Table_Scope3_InorganicFertiliser[[#This Row],[Custom emissions intensity source type (Select)]],#REF!,#REF!)} -> 0
A10: =HYPERLINK("#'Input - Feed - Dairy'!A1", "Purchased feed - Livestock") -> Purchased feed - Livestock | D10: {=Common_InputFunctions.Utility_DisplayArrayInTable(Scope3_SourceData.Scope3_InorganicFertilisers_Data(), Table_Scope3_InorganicFertiliser[[#Headers],[Category]], 0, 2)} -> Inorganic fertilisers | E10: {=Common_InputFunctions.Utility_DisplayArrayInTable(Scope3_SourceData.Scope3_InorganicFertilisers_Data(), Table_Scope3_InorganicFertiliser[[#Headers],[Category]], 0, 2)} -> Ammonia, Canada | F10: {=Common_InputFunctions.Utility_DisplayArrayInTable(Scope3_SourceData.Scope3_InorganicFertilisers_Data(), Table_Scope3_InorganicFertiliser[[#Headers],[Category]], 0, 2)} -> Canada | G10: ='Constants - Fertiliser'!$D$37 -> Ammonia | I10: ='Constants - Fertiliser'!$V$21 -> Canada | J10: {=Fertiliser_InputFunctions.Fertiliser_TotalChemicalCompoundtAppliedBySourceAllIngredients(Table_Scope3_InorganicFertiliser[[#This Row],[Chemical compound]],Table_Scope3_InorganicFertiliser[[#This Row],[Ammonia source]],(Table_Input_InorganicFertiliser_Brands[Amount applied per hectare]*Table_Input_InorganicFertiliser_Brands[Density]),Table_Input_InorganicFertiliser_Brands[Ingredient 1],Table_Input_InorganicFertiliser_Brands[Ingredient 1 percent],Table_Input_InorganicFertiliser_Brands[Ammonia source],Table_Input_InorganicFertiliser_Brands[Ingredient 2],Table_Input_InorganicFertiliser_Brands[Ingredient 2 percent],Table_Input_InorganicFertiliser_Brands[Ingredient 3],Table_Input_InorganicFertiliser_Brands[Ingredient 3 percent],Table_Input_InorganicFertiliser_Brands[Ingredient 4],Table_Input_InorganicFertiliser_Brands[Ingredient 4 percent],Table_Input_InorganicFertiliser_Brands[Ingredient 5],Table_Input_InorganicFertiliser_Brands[Ingredient 5 percent],Table_Input_InorganicFertiliser_Brands[Ingredient 6],Table_Input_InorganicFertiliser_Brands[Ingredient 6 percent])+ Fertiliser_InputFunctions.Fertiliser_TotalChemicalCompoundtAppliedBySourceAllIngredients(Table_Scope3_InorganicFertiliser[[#This Row],[Chemical compound]],Table_Scope3_InorganicFertiliser[[#This Row],[Ammonia source]],Table_Input_InorganicFertiliser_Custom[Amount applied (kg / ha)],Table_Input_InorganicFertiliser_Custom[Ingredient 1 (select)],Table_Input_InorganicFertiliser_Custom[Ingredient 1 percent],Table_Input_InorganicFertiliser_Custom[Ammonia source],Table_Input_InorganicFertiliser_Custom[Ingredient 2],Table_Input_InorganicFertiliser_Custom[Ingredient 2 percent],Table_Input_InorganicFertiliser_Custom[Ingredient 3],Table_Input_InorganicFertiliser_Custom[Ingredient 3 percent],Table_Input_InorganicFertiliser_Custom[Ingredient 4],Table_Input_InorganicFertiliser_Custom[Ingredient 4 percent])} -> 0 | K10: {=Common_InputFunctions.Utility_DisplayArrayInTable(Scope3_SourceData.Scope3_InorganicFertilisers_Data(), Table_Scope3_InorganicFertiliser[[#Headers],[Category]], 0, -2)} -> kg | L10: {=Common_InputFunctions.Utility_DisplayArrayInTable(Scope3_SourceData.Scope3_InorganicFertilisers_Data(), Table_Scope3_InorganicFertiliser[[#Headers],[Category]], 0, -2)} -> 2.12 | N10: ="kg CO2e / " & Table_Scope3_InorganicFertiliser[[#This Row],[Quantity Unit]] -> kg CO2e / kg | O10: =Table_Scope3_InorganicFertiliser[[#This Row],[Quantity]]*Table_Scope3_InorganicFertiliser[[#This Row],[AusLCI Emissions intensity]] -> 0 | P10: =Table_Scope3_InorganicFertiliser[[#This Row],[Quantity]]*IF(Table_Scope3_InorganicFertiliser[[#This Row],[Custom emissions intensity (Method 2)]], Table_Scope3_InorganicFertiliser[[#This Row],[Custom emissions intensity (Method 2)]], Table_Scope3_InorganicFertiliser[[#This Row],[AusLCI Emissions intensity]]) -> 0 | T10: {=Common_InputFunctions.Utility_LookupValueInTableNumber(Table_Scope3_InorganicFertiliser[[#This Row],[Custom emissions intensity source type (Select)]],#REF!,#REF!)} -> 0
A11: =HYPERLINK("#'Input - Herd - Feedlot'!A1", "Herd - Feedlot") -> Herd - Feedlot | D11: {=Common_InputFunctions.Utility_DisplayArrayInTable(Scope3_SourceData.Scope3_InorganicFertilisers_Data(), Table_Scope3_InorganicFertiliser[[#Headers],[Category]], 0, 2)} -> Inorganic fertilisers | E11: {=Common_InputFunctions.Utility_DisplayArrayInTable(Scope3_SourceData.Scope3_InorganicFertilisers_Data(), Table_Scope3_InorganicFertiliser[[#Headers],[Category]], 0, 2)} -> Ammonia, China | F11: {=Common_InputFunctions.Utility_DisplayArrayInTable(Scope3_SourceData.Scope3_InorganicFertilisers_Data(), Table_Scope3_InorganicFertiliser[[#Headers],[Category]], 0, 2)} -> China | G11: ='Constants - Fertiliser'!$D$37 -> Ammonia | I11: ='Constants - Fertiliser'!$V$22 -> China | J11: {=Fertiliser_InputFunctions.Fertiliser_TotalChemicalCompoundtAppliedBySourceAllIngredients(Table_Scope3_InorganicFertiliser[[#This Row],[Chemical compound]],Table_Scope3_InorganicFertiliser[[#This Row],[Ammonia source]],(Table_Input_InorganicFertiliser_Brands[Amount applied per hectare]*Table_Input_InorganicFertiliser_Brands[Density]),Table_Input_InorganicFertiliser_Brands[Ingredient 1],Table_Input_InorganicFertiliser_Brands[Ingredient 1 percent],Table_Input_InorganicFertiliser_Brands[Ammonia source],Table_Input_InorganicFertiliser_Brands[Ingredient 2],Table_Input_InorganicFertiliser_Brands[Ingredient 2 percent],Table_Input_InorganicFertiliser_Brands[Ingredient 3],Table_Input_InorganicFertiliser_Brands[Ingredient 3 percent],Table_Input_InorganicFertiliser_Brands[Ingredient 4],Table_Input_InorganicFertiliser_Brands[Ingredient 4 percent],Table_Input_InorganicFertiliser_Brands[Ingredient 5],Table_Input_InorganicFertiliser_Brands[Ingredient 5 percent],Table_Input_InorganicFertiliser_Brands[Ingredient 6],Table_Input_InorganicFertiliser_Brands[Ingredient 6 percent])+ Fertiliser_InputFunctions.Fertiliser_TotalChemicalCompoundtAppliedBySourceAllIngredients(Table_Scope3_InorganicFertiliser[[#This Row],[Chemical compound]],Table_Scope3_InorganicFertiliser[[#This Row],[Ammonia source]],Table_Input_InorganicFertiliser_Custom[Amount applied (kg / ha)],Table_Input_InorganicFertiliser_Custom[Ingredient 1 (select)],Table_Input_InorganicFertiliser_Custom[Ingredient 1 percent],Table_Input_InorganicFertiliser_Custom[Ammonia source],Table_Input_InorganicFertiliser_Custom[Ingredient 2],Table_Input_InorganicFertiliser_Custom[Ingredient 2 percent],Table_Input_InorganicFertiliser_Custom[Ingredient 3],Table_Input_InorganicFertiliser_Custom[Ingredient 3 percent],Table_Input_InorganicFertiliser_Custom[Ingredient 4],Table_Input_InorganicFertiliser_Custom[Ingredient 4 percent])} -> 0 | K11: {=Common_InputFunctions.Utility_DisplayArrayInTable(Scope3_SourceData.Scope3_InorganicFertilisers_Data(), Table_Scope3_InorganicFertiliser[[#Headers],[Category]], 0, -2)} -> kg | L11: {=Common_InputFunctions.Utility_DisplayArrayInTable(Scope3_SourceData.Scope3_InorganicFertilisers_Data(), Table_Scope3_InorganicFertiliser[[#Headers],[Category]], 0, -2)} -> 4.17 | N11: ="kg CO2e / " & Table_Scope3_InorganicFertiliser[[#This Row],[Quantity Unit]] -> kg CO2e / kg | O11: =Table_Scope3_InorganicFertiliser[[#This Row],[Quantity]]*Table_Scope3_InorganicFertiliser[[#This Row],[AusLCI Emissions intensity]] -> 0 | P11: =Table_Scope3_InorganicFertiliser[[#This Row],[Quantity]]*IF(Table_Scope3_InorganicFertiliser[[#This Row],[Custom emissions intensity (Method 2)]], Table_Scope3_InorganicFertiliser[[#This Row],[Custom emissions intensity (Method 2)]], Table_Scope3_InorganicFertiliser[[#This Row],[AusLCI Emissions intensity]]) -> 0 | T11: {=Common_InputFunctions.Utility_LookupValueInTableNumber(Table_Scope3_InorganicFertiliser[[#This Row],[Custom emissions intensity source type (Select)]],#REF!,#REF!)} -> 0
A12: =HYPERLINK("#'Input - Pasture'!A1", "Pasture") -> Pasture | D12: {=Common_InputFunctions.Utility_DisplayArrayInTable(Scope3_SourceData.Scope3_InorganicFertilisers_Data(), Table_Scope3_InorganicFertiliser[[#Headers],[Category]], 0, 2)} -> Inorganic fertilisers | E12: {=Common_InputFunctions.Utility_DisplayArrayInTable(Scope3_SourceData.Scope3_InorganicFertilisers_Data(), Table_Scope3_InorganicFertiliser[[#Headers],[Category]], 0, 2)} -> Ammonia, Yemen | F12: {=Common_InputFunctions.Utility_DisplayArrayInTable(Scope3_SourceData.Scope3_InorganicFertilisers_Data(), Table_Scope3_InorganicFertiliser[[#Headers],[Category]], 0, 2)} -> Yemen | G12: ='Constants - Fertiliser'!$D$37 -> Ammonia | I12: ='Constants - Fertiliser'!$V$23 -> Yemen | J12: {=Fertiliser_InputFunctions.Fertiliser_TotalChemicalCompoundtAppliedBySourceAllIngredients(Table_Scope3_InorganicFertiliser[[#This Row],[Chemical compound]],Table_Scope3_InorganicFertiliser[[#This Row],[Ammonia source]],(Table_Input_InorganicFertiliser_Brands[Amount applied per hectare]*Table_Input_InorganicFertiliser_Brands[Density]),Table_Input_InorganicFertiliser_Brands[Ingredient 1],Table_Input_InorganicFertiliser_Brands[Ingredient 1 percent],Table_Input_InorganicFertiliser_Brands[Ammonia source],Table_Input_InorganicFertiliser_Brands[Ingredient 2],Table_Input_InorganicFertiliser_Brands[Ingredient 2 percent],Table_Input_InorganicFertiliser_Brands[Ingredient 3],Table_Input_InorganicFertiliser_Brands[Ingredient 3 percent],Table_Input_InorganicFertiliser_Brands[Ingredient 4],Table_Input_InorganicFertiliser_Brands[Ingredient 4 percent],Table_Input_InorganicFertiliser_Brands[Ingredient 5],Table_Input_InorganicFertiliser_Brands[Ingredient 5 percent],Table_Input_InorganicFertiliser_Brands[Ingredient 6],Table_Input_InorganicFertiliser_Brands[Ingredient 6 percent])+ Fertiliser_InputFunctions.Fertiliser_TotalChemicalCompoundtAppliedBySourceAllIngredients(Table_Scope3_InorganicFertiliser[[#This Row],[Chemical compound]],Table_Scope3_InorganicFertiliser[[#This Row],[Ammonia source]],Table_Input_InorganicFertiliser_Custom[Amount applied (kg / ha)],Table_Input_InorganicFertiliser_Custom[Ingredient 1 (select)],Table_Input_InorganicFertiliser_Custom[Ingredient 1 percent],Table_Input_InorganicFertiliser_Custom[Ammonia source],Table_Input_InorganicFertiliser_Custom[Ingredient 2],Table_Input_InorganicFertiliser_Custom[Ingredient 2 percent],Table_Input_InorganicFertiliser_Custom[Ingredient 3],Table_Input_InorganicFertiliser_Custom[Ingredient 3 percent],Table_Input_InorganicFertiliser_Custom[Ingredient 4],Table_Input_InorganicFertiliser_Custom[Ingredient 4 percent])} -> 0 | K12: {=Common_InputFunctions.Utility_DisplayArrayInTable(Scope3_SourceData.Scope3_InorganicFertilisers_Data(), Table_Scope3_InorganicFertiliser[[#Headers],[Category]], 0, -2)} -> kg | L12: {=Common_InputFunctions.Utility_DisplayArrayInTable(Scope3_SourceData.Scope3_InorganicFertilisers_Data(), Table_Scope3_InorganicFertiliser[[#Headers],[Category]], 0, -2)} -> 2.26 | N12: ="kg CO2e / " & Table_Scope3_InorganicFertiliser[[#This Row],[Quantity Unit]] -> kg CO2e / kg | O12: =Table_Scope3_InorganicFertiliser[[#This Row],[Quantity]]*Table_Scope3_InorganicFertiliser[[#This Row],[AusLCI Emissions intensity]] -> 0 | P12: =Table_Scope3_InorganicFertiliser[[#This Row],[Quantity]]*IF(Table_Scope3_InorganicFertiliser[[#This Row],[Custom emissions intensity (Method 2)]], Table_Scope3_InorganicFertiliser[[#This Row],[Custom emissions intensity (Method 2)]], Table_Scope3_InorganicFertiliser[[#This Row],[AusLCI Emissions intensity]]) -> 0 | T12: {=Common_InputFunctions.Utility_LookupValueInTableNumber(Table_Scope3_InorganicFertiliser[[#This Row],[Custom emissions intensity source type (Select)]],#REF!,#REF!)} -> 0
A13: =HYPERLINK("#'Input - Grains'!A1", "Crop - Grains") -> Crop - Grains | D13: {=Common_InputFunctions.Utility_DisplayArrayInTable(Scope3_SourceData.Scope3_InorganicFertilisers_Data(), Table_Scope3_InorganicFertiliser[[#Headers],[Category]], 0, 2)} -> Inorganic fertilisers | E13: {=Common_InputFunctions.Utility_DisplayArrayInTable(Scope3_SourceData.Scope3_InorganicFertilisers_Data(), Table_Scope3_InorganicFertiliser[[#Headers],[Category]], 0, 2)} -> Ammonium nitrate, AU market mix | F13: {=Common_InputFunctions.Utility_DisplayArrayInTable(Scope3_SourceData.Scope3_InorganicFertilisers_Data(), Table_Scope3_InorganicFertiliser[[#Headers],[Category]], 0, 2)} -> Global | G13: ='Constants - Fertiliser'!D25 -> Ammonium nitrate (AN) | J13: {=Fertiliser_InputFunctions.Fertiliser_TotalChemicalCompoundAppliedAllIngredients($G13,Table_Input_InorganicFertiliser_Brands[Total applied (kg)],Table_Input_InorganicFertiliser_Brands[Ingredient 1],Table_Input_InorganicFertiliser_Brands[Ingredient 1 percent],Table_Input_InorganicFertiliser_Brands[Ingredient 2],Table_Input_InorganicFertiliser_Brands[Ingredient 2 percent],Table_Input_InorganicFertiliser_Brands[Ingredient 3],Table_Input_InorganicFertiliser_Brands[Ingredient 3 percent],Table_Input_InorganicFertiliser_Brands[Ingredient 4],Table_Input_InorganicFertiliser_Brands[Ingredient 4 percent],Table_Input_InorganicFertiliser_Brands[Ingredient 5],Table_Input_InorganicFertiliser_Brands[Ingredient 5 percent],Table_Input_InorganicFertiliser_Brands[Ingredient 6],Table_Input_InorganicFertiliser_Brands[Ingredient 6 percent])+ Fertiliser_InputFunctions.Fertiliser_TotalChemicalCompoundAppliedAllIngredients($G13,Table_Input_InorganicFertiliser_Custom[Total applied (kg)],Table_Input_InorganicFertiliser_Custom[Ingredient 1 (select)],Table_Input_InorganicFertiliser_Custom[Ingredient 1 percent],Table_Input_InorganicFertiliser_Custom[Ingredient 2],Table_Input_InorganicFertiliser_Custom[Ingredient 2 percent],Table_Input_InorganicFertiliser_Custom[Ingredient 3],Table_Input_InorganicFertiliser_Custom[Ingredient 3 percent],Table_Input_InorganicFertiliser_Custom[Ingredient 4],Table_Input_InorganicFertiliser_Custom[Ingredient 4 percent])} -> 0 | K13: {=Common_InputFunctions.Utility_DisplayArrayInTable(Scope3_SourceData.Scope3_InorganicFertilisers_Data(), Table_Scope3_InorganicFertiliser[[#Headers],[Category]], 0, -2)} -> kg | L13: {=Common_InputFunctions.Utility_DisplayArrayInTable(Scope3_SourceData.Scope3_InorganicFertilisers_Data(), Table_Scope3_InorganicFertiliser[[#Headers],[Category]], 0, -2)} -> 2.21 | N13: ="kg CO2e / " & Table_Scope3_InorganicFertiliser[[#This Row],[Quantity Unit]] -> kg CO2e / kg | O13: =Table_Scope3_InorganicFertiliser[[#This Row],[Quantity]]*Table_Scope3_InorganicFertiliser[[#This Row],[AusLCI Emissions intensity]] -> 0 | P13: =Table_Scope3_InorganicFertiliser[[#This Row],[Quantity]]*IF(Table_Scope3_InorganicFertiliser[[#This Row],[Custom emissions intensity (Method 2)]], Table_Scope3_InorganicFertiliser[[#This Row],[Custom emissions intensity (Method 2)]], Table_Scope3_InorganicFertiliser[[#This Row],[AusLCI Emissions intensity]]) -> 0 | T13: {=Common_InputFunctions.Utility_LookupValueInTableNumber(Table_Scope3_InorganicFertiliser[[#This Row],[Custom emissions intensity source type (Select)]],#REF!,#REF!)} -> 0
A14: =HYPERLINK("#'Input - Fert Lime Chem'!A1", "Fertiliser, Lime & Chemicals") -> Fertiliser, Lime & Chemicals | D14: {=Common_InputFunctions.Utility_DisplayArrayInTable(Scope3_SourceData.Scope3_InorganicFertilisers_Data(), Table_Scope3_InorganicFertiliser[[#Headers],[Category]], 0, 2)} -> Inorganic fertilisers | E14: {=Common_InputFunctions.Utility_DisplayArrayInTable(Scope3_SourceData.Scope3_InorganicFertilisers_Data(), Table_Scope3_InorganicFertiliser[[#Headers],[Category]], 0, 2)} -> Calcium ammonium nitrate, AU market mix | F14: {=Common_InputFunctions.Utility_DisplayArrayInTable(Scope3_SourceData.Scope3_InorganicFertilisers_Data(), Table_Scope3_InorganicFertiliser[[#Headers],[Category]], 0, 2)} -> Global | G14: ='Constants - Fertiliser'!$D$26 -> Calcium ammonium nitrate (CAN) | J14: {=Fertiliser_InputFunctions.Fertiliser_TotalChemicalCompoundAppliedAllIngredients($G14,Table_Input_InorganicFertiliser_Brands[Total applied (kg)],Table_Input_InorganicFertiliser_Brands[Ingredient 1],Table_Input_InorganicFertiliser_Brands[Ingredient 1 percent],Table_Input_InorganicFertiliser_Brands[Ingredient 2],Table_Input_InorganicFertiliser_Brands[Ingredient 2 percent],Table_Input_InorganicFertiliser_Brands[Ingredient 3],Table_Input_InorganicFertiliser_Brands[Ingredient 3 percent],Table_Input_InorganicFertiliser_Brands[Ingredient 4],Table_Input_InorganicFertiliser_Brands[Ingredient 4 percent],Table_Input_InorganicFertiliser_Brands[Ingredient 5],Table_Input_InorganicFertiliser_Brands[Ingredient 5 percent],Table_Input_InorganicFertiliser_Brands[Ingredient 6],Table_Input_InorganicFertiliser_Brands[Ingredient 6 percent])+ Fertiliser_InputFunctions.Fertiliser_TotalChemicalCompoundAppliedAllIngredients($G14,Table_Input_InorganicFertiliser_Custom[Total applied (kg)],Table_Input_InorganicFertiliser_Custom[Ingredient 1 (select)],Table_Input_InorganicFertiliser_Custom[Ingredient 1 percent],Table_Input_InorganicFertiliser_Custom[Ingredient 2],Table_Input_InorganicFertiliser_Custom[Ingredient 2 percent],Table_Input_InorganicFertiliser_Custom[Ingredient 3],Table_Input_InorganicFertiliser_Custom[Ingredient 3 percent],Table_Input_InorganicFertiliser_Custom[Ingredient 4],Table_Input_InorganicFertiliser_Custom[Ingredient 4 percent])} -> 0 | K14: {=Common_InputFunctions.Utility_DisplayArrayInTable(Scope3_SourceData.Scope3_InorganicFertilisers_Data(), Table_Scope3_InorganicFertiliser[[#Headers],[Category]], 0, -2)} -> kg | L14: {=Common_InputFunctions.Utility_DisplayArrayInTable(Scope3_SourceData.Scope3_InorganicFertilisers_Data(), Table_Scope3_InorganicFertiliser[[#Headers],[Category]], 0, -2)} -> 1.15 | N14: ="kg CO2e / " & Table_Scope3_InorganicFertiliser[[#This Row],[Quantity Unit]] -> kg CO2e / kg | O14: =Table_Scope3_InorganicFertiliser[[#This Row],[Quantity]]*Table_Scope3_InorganicFertiliser[[#This Row],[AusLCI Emissions intensity]] -> 0 | P14: =Table_Scope3_InorganicFertiliser[[#This Row],[Quantity]]*IF(Table_Scope3_InorganicFertiliser[[#This Row],[Custom emissions intensity (Method 2)]], Table_Scope3_InorganicFertiliser[[#This Row],[Custom emissions intensity (Method 2)]], Table_Scope3_InorganicFertiliser[[#This Row],[AusLCI Emissions intensity]]) -> 0 | T14: {=Common_InputFunctions.Utility_LookupValueInTableNumber(Table_Scope3_InorganicFertiliser[[#This Row],[Custom emissions intensity source type (Select)]],#REF!,#REF!)} -> 0
A15: =HYPERLINK("#'Input - Fuel & Energy'!A1", "Electricity and fuel") -> Electricity and fuel | D15: {=Common_InputFunctions.Utility_DisplayArrayInTable(Scope3_SourceData.Scope3_InorganicFertilisers_Data(), Table_Scope3_InorganicFertiliser[[#Headers],[Category]], 0, 2)} -> Inorganic fertilisers | E15: {=Common_InputFunctions.Utility_DisplayArrayInTable(Scope3_SourceData.Scope3_InorganicFertilisers_Data(), Table_Scope3_InorganicFertiliser[[#Headers],[Category]], 0, 2)} -> Calcium nitrate | F15: {=Common_InputFunctions.Utility_DisplayArrayInTable(Scope3_SourceData.Scope3_InorganicFertilisers_Data(), Table_Scope3_InorganicFertiliser[[#Headers],[Category]], 0, 2)} -> Global | G15: ='Constants - Fertiliser'!$D$38 -> Calcium nitrate | J15: {=Fertiliser_InputFunctions.Fertiliser_TotalChemicalCompoundAppliedAllIngredients($G15,Table_Input_InorganicFertiliser_Brands[Total applied (kg)],Table_Input_InorganicFertiliser_Brands[Ingredient 1],Table_Input_InorganicFertiliser_Brands[Ingredient 1 percent],Table_Input_InorganicFertiliser_Brands[Ingredient 2],Table_Input_InorganicFertiliser_Brands[Ingredient 2 percent],Table_Input_InorganicFertiliser_Brands[Ingredient 3],Table_Input_InorganicFertiliser_Brands[Ingredient 3 percent],Table_Input_InorganicFertiliser_Brands[Ingredient 4],Table_Input_InorganicFertiliser_Brands[Ingredient 4 percent],Table_Input_InorganicFertiliser_Brands[Ingredient 5],Table_Input_InorganicFertiliser_Brands[Ingredient 5 percent],Table_Input_InorganicFertiliser_Brands[Ingredient 6],Table_Input_InorganicFertiliser_Brands[Ingredient 6 percent])+ Fertiliser_InputFunctions.Fertiliser_TotalChemicalCompoundAppliedAllIngredients($G15,Table_Input_InorganicFertiliser_Custom[Total applied (kg)],Table_Input_InorganicFertiliser_Custom[Ingredient 1 (select)],Table_Input_InorganicFertiliser_Custom[Ingredient 1 percent],Table_Input_InorganicFertiliser_Custom[Ingredient 2],Table_Input_InorganicFertiliser_Custom[Ingredient 2 percent],Table_Input_InorganicFertiliser_Custom[Ingredient 3],Table_Input_InorganicFertiliser_Custom[Ingredient 3 percent],Table_Input_InorganicFertiliser_Custom[Ingredient 4],Table_Input_InorganicFertiliser_Custom[Ingredient 4 percent])} -> 0 | K15: {=Common_InputFunctions.Utility_DisplayArrayInTable(Scope3_SourceData.Scope3_InorganicFertilisers_Data(), Table_Scope3_InorganicFertiliser[[#Headers],[Category]], 0, -2)} -> kg | L15: {=Common_InputFunctions.Utility_DisplayArrayInTable(Scope3_SourceData.Scope3_InorganicFertilisers_Data(), Table_Scope3_InorganicFertiliser[[#Headers],[Category]], 0, -2)} -> 0.75 | N15: ="kg CO2e / " & Table_Scope3_InorganicFertiliser[[#This Row],[Quantity Unit]] -> kg CO2e / kg | O15: =Table_Scope3_InorganicFertiliser[[#This Row],[Quantity]]*Table_Scope3_InorganicFertiliser[[#This Row],[AusLCI Emissions intensity]] -> 0 | P15: =Table_Scope3_InorganicFertiliser[[#This Row],[Quantity]]*IF(Table_Scope3_InorganicFertiliser[[#This Row],[Custom emissions intensity (Method 2)]], Table_Scope3_InorganicFertiliser[[#This Row],[Custom emissions intensity (Method 2)]], Table_Scope3_InorganicFertiliser[[#This Row],[AusLCI Emissions intensity]]) -> 0 | T15: {=Common_InputFunctions.Utility_LookupValueInTableNumber(Table_Scope3_InorganicFertiliser[[#This Row],[Custom emissions intensity source type (Select)]],#REF!,#REF!)} -> 0
A16: Waste | D16: {=Common_InputFunctions.Utility_DisplayArrayInTable(Scope3_SourceData.Scope3_InorganicFertilisers_Data(), Table_Scope3_InorganicFertiliser[[#Headers],[Category]], 0, 2)} -> Inorganic fertilisers | E16: {=Common_InputFunctions.Utility_DisplayArrayInTable(Scope3_SourceData.Scope3_InorganicFertilisers_Data(), Table_Scope3_InorganicFertiliser[[#Headers],[Category]], 0, 2)} -> Diammonium phosphate, AU market mix | F16: {=Common_InputFunctions.Utility_DisplayArrayInTable(Scope3_SourceData.Scope3_InorganicFertilisers_Data(), Table_Scope3_InorganicFertiliser[[#Headers],[Category]], 0, 2)} -> Global | G16: ='Constants - Fertiliser'!$D$21 -> Diammonium phosphate (DAP) | J16: {=Fertiliser_InputFunctions.Fertiliser_TotalChemicalCompoundAppliedAllIngredients($G16,Table_Input_InorganicFertiliser_Brands[Total applied (kg)],Table_Input_InorganicFertiliser_Brands[Ingredient 1],Table_Input_InorganicFertiliser_Brands[Ingredient 1 percent],Table_Input_InorganicFertiliser_Brands[Ingredient 2],Table_Input_InorganicFertiliser_Brands[Ingredient 2 percent],Table_Input_InorganicFertiliser_Brands[Ingredient 3],Table_Input_InorganicFertiliser_Brands[Ingredient 3 percent],Table_Input_InorganicFertiliser_Brands[Ingredient 4],Table_Input_InorganicFertiliser_Brands[Ingredient 4 percent],Table_Input_InorganicFertiliser_Brands[Ingredient 5],Table_Input_InorganicFertiliser_Brands[Ingredient 5 percent],Table_Input_InorganicFertiliser_Brands[Ingredient 6],Table_Input_InorganicFertiliser_Brands[Ingredient 6 percent])+ Fertiliser_InputFunctions.Fertiliser_TotalChemicalCompoundAppliedAllIngredients($G16,Table_Input_InorganicFertiliser_Custom[Total applied (kg)],Table_Input_InorganicFertiliser_Custom[Ingredient 1 (select)],Table_Input_InorganicFertiliser_Custom[Ingredient 1 percent],Table_Input_InorganicFertiliser_Custom[Ingredient 2],Table_Input_InorganicFertiliser_Custom[Ingredient 2 percent],Table_Input_InorganicFertiliser_Custom[Ingredient 3],Table_Input_InorganicFertiliser_Custom[Ingredient 3 percent],Table_Input_InorganicFertiliser_Custom[Ingredient 4],Table_Input_InorganicFertiliser_Custom[Ingredient 4 percent])} -> 0 | K16: {=Common_InputFunctions.Utility_DisplayArrayInTable(Scope3_SourceData.Scope3_InorganicFertilisers_Data(), Table_Scope3_InorganicFertiliser[[#Headers],[Category]], 0, -2)} -> kg | L16: {=Common_InputFunctions.Utility_DisplayArrayInTable(Scope3_SourceData.Scope3_InorganicFertilisers_Data(), Table_Scope3_InorganicFertiliser[[#Headers],[Category]], 0, -2)} -> 1.34 | N16: ="kg CO2e / " & Table_Scope3_InorganicFertiliser[[#This Row],[Quantity Unit]] -> kg CO2e / kg | O16: =Table_Scope3_InorganicFertiliser[[#This Row],[Quantity]]*Table_Scope3_InorganicFertiliser[[#This Row],[AusLCI Emissions intensity]] -> 0 | P16: =Table_Scope3_InorganicFertiliser[[#This Row],[Quantity]]*IF(Table_Scope3_InorganicFertiliser[[#This Row],[Custom emissions intensity (Method 2)]], Table_Scope3_InorganicFertiliser[[#This Row],[Custom emissions intensity (Method 2)]], Table_Scope3_InorganicFertiliser[[#This Row],[AusLCI Emissions intensity]]) -> 0 | T16: {=Common_InputFunctions.Utility_LookupValueInTableNumber(Table_Scope3_InorganicFertiliser[[#This Row],[Custom emissions intensity source type (Select)]],#REF!,#REF!)} -> 0
A17: Freight and transport | D17: {=Common_InputFunctions.Utility_DisplayArrayInTable(Scope3_SourceData.Scope3_InorganicFertilisers_Data(), Table_Scope3_InorganicFertiliser[[#Headers],[Category]], 0, 2)} -> Inorganic fertilisers | E17: {=Common_InputFunctions.Utility_DisplayArrayInTable(Scope3_SourceData.Scope3_InorganicFertilisers_Data(), Table_Scope3_InorganicFertiliser[[#Headers],[Category]], 0, 2)} -> Double superphosphate, AU market mix | F17: {=Common_InputFunctions.Utility_DisplayArrayInTable(Scope3_SourceData.Scope3_InorganicFertilisers_Data(), Table_Scope3_InorganicFertiliser[[#Headers],[Category]], 0, 2)} -> Global | G17: ='Constants - Fertiliser'!$D$35 -> Double superphosphate | J17: {=Fertiliser_InputFunctions.Fertiliser_TotalChemicalCompoundAppliedAllIngredients($G17,Table_Input_InorganicFertiliser_Brands[Total applied (kg)],Table_Input_InorganicFertiliser_Brands[Ingredient 1],Table_Input_InorganicFertiliser_Brands[Ingredient 1 percent],Table_Input_InorganicFertiliser_Brands[Ingredient 2],Table_Input_InorganicFertiliser_Brands[Ingredient 2 percent],Table_Input_InorganicFertiliser_Brands[Ingredient 3],Table_Input_InorganicFertiliser_Brands[Ingredient 3 percent],Table_Input_InorganicFertiliser_Brands[Ingredient 4],Table_Input_InorganicFertiliser_Brands[Ingredient 4 percent],Table_Input_InorganicFertiliser_Brands[Ingredient 5],Table_Input_InorganicFertiliser_Brands[Ingredient 5 percent],Table_Input_InorganicFertiliser_Brands[Ingredient 6],Table_Input_InorganicFertiliser_Brands[Ingredient 6 percent])+ Fertiliser_InputFunctions.Fertiliser_TotalChemicalCompoundAppliedAllIngredients($G17,Table_Input_InorganicFertiliser_Custom[Total applied (kg)],Table_Input_InorganicFertiliser_Custom[Ingredient 1 (select)],Table_Input_InorganicFertiliser_Custom[Ingredient 1 percent],Table_Input_InorganicFertiliser_Custom[Ingredient 2],Table_Input_InorganicFertiliser_Custom[Ingredient 2 percent],Table_Input_InorganicFertiliser_Custom[Ingredient 3],Table_Input_InorganicFertiliser_Custom[Ingredient 3 percent],Table_Input_InorganicFertiliser_Custom[Ingredient 4],Table_Input_InorganicFertiliser_Custom[Ingredient 4 percent])} -> 0 | K17: {=Common_InputFunctions.Utility_DisplayArrayInTable(Scope3_SourceData.Scope3_InorganicFertilisers_Data(), Table_Scope3_InorganicFertiliser[[#Headers],[Category]], 0, -2)} -> kg | L17: {=Common_InputFunctions.Utility_DisplayArrayInTable(Scope3_SourceData.Scope3_InorganicFertilisers_Data(), Table_Scope3_InorganicFertiliser[[#Headers],[Category]], 0, -2)} -> 0.392 | N17: ="kg CO2e / " & Table_Scope3_InorganicFertiliser[[#This Row],[Quantity Unit]] -> kg CO2e / kg | O17: =Table_Scope3_InorganicFertiliser[[#This Row],[Quantity]]*Table_Scope3_InorganicFertiliser[[#This Row],[AusLCI Emissions intensity]] -> 0 | P17: =Table_Scope3_InorganicFertiliser[[#This Row],[Quantity]]*IF(Table_Scope3_InorganicFertiliser[[#This Row],[Custom emissions intensity (Method 2)]], Table_Scope3_InorganicFertiliser[[#This Row],[Custom emissions intensity (Method 2)]], Table_Scope3_InorganicFertiliser[[#This Row],[AusLCI Emissions intensity]]) -> 0 | T17: {=Common_InputFunctions.Utility_LookupValueInTableNumber(Table_Scope3_InorganicFertiliser[[#This Row],[Custom emissions intensity source type (Select)]],#REF!,#REF!)} -> 0
A18: =HYPERLINK("#'Input - Other Farm Inputs'!A1", "Other farm inputs") -> Other farm inputs | D18: {=Common_InputFunctions.Utility_DisplayArrayInTable(Scope3_SourceData.Scope3_InorganicFertilisers_Data(), Table_Scope3_InorganicFertiliser[[#Headers],[Category]], 0, 2)} -> Inorganic fertilisers | E18: {=Common_InputFunctions.Utility_DisplayArrayInTable(Scope3_SourceData.Scope3_InorganicFertilisers_Data(), Table_Scope3_InorganicFertiliser[[#Headers],[Category]], 0, 2)} -> Monoammonium phosphate, AU market mix | F18: {=Common_InputFunctions.Utility_DisplayArrayInTable(Scope3_SourceData.Scope3_InorganicFertilisers_Data(), Table_Scope3_InorganicFertiliser[[#Headers],[Category]], 0, 2)} -> Global | G18: ='Constants - Fertiliser'!$D$20 -> Monoammonium phosphate (MAP) | J18: {=Fertiliser_InputFunctions.Fertiliser_TotalChemicalCompoundAppliedAllIngredients($G18,Table_Input_InorganicFertiliser_Brands[Total applied (kg)],Table_Input_InorganicFertiliser_Brands[Ingredient 1],Table_Input_InorganicFertiliser_Brands[Ingredient 1 percent],Table_Input_InorganicFertiliser_Brands[Ingredient 2],Table_Input_InorganicFertiliser_Brands[Ingredient 2 percent],Table_Input_InorganicFertiliser_Brands[Ingredient 3],Table_Input_InorganicFertiliser_Brands[Ingredient 3 percent],Table_Input_InorganicFertiliser_Brands[Ingredient 4],Table_Input_InorganicFertiliser_Brands[Ingredient 4 percent],Table_Input_InorganicFertiliser_Brands[Ingredient 5],Table_Input_InorganicFertiliser_Brands[Ingredient 5 percent],Table_Input_InorganicFertiliser_Brands[Ingredient 6],Table_Input_InorganicFertiliser_Brands[Ingredient 6 percent])+ Fertiliser_InputFunctions.Fertiliser_TotalChemicalCompoundAppliedAllIngredients($G18,Table_Input_InorganicFertiliser_Custom[Total applied (kg)],Table_Input_InorganicFertiliser_Custom[Ingredient 1 (select)],Table_Input_InorganicFertiliser_Custom[Ingredient 1 percent],Table_Input_InorganicFertiliser_Custom[Ingredient 2],Table_Input_InorganicFertiliser_Custom[Ingredient 2 percent],Table_Input_InorganicFertiliser_Custom[Ingredient 3],Table_Input_InorganicFertiliser_Custom[Ingredient 3 percent],Table_Input_InorganicFertiliser_Custom[Ingredient 4],Table_Input_InorganicFertiliser_Custom[Ingredient 4 percent])} -> 0 | K18: {=Common_InputFunctions.Utility_DisplayArrayInTable(Scope3_SourceData.Scope3_InorganicFertilisers_Data(), Table_Scope3_InorganicFertiliser[[#Headers],[Category]], 0, -2)} -> kg | L18: {=Common_InputFunctions.Utility_DisplayArrayInTable(Scope3_SourceData.Scope3_InorganicFertilisers_Data(), Table_Scope3_InorganicFertiliser[[#Headers],[Category]], 0, -2)} -> 0.827 | N18: ="kg CO2e / " & Table_Scope3_InorganicFertiliser[[#This Row],[Quantity Unit]] -> kg CO2e / kg | O18: =Table_Scope3_InorganicFertiliser[[#This Row],[Quantity]]*Table_Scope3_InorganicFertiliser[[#This Row],[AusLCI Emissions intensity]] -> 0 | P18: =Table_Scope3_InorganicFertiliser[[#This Row],[Quantity]]*IF(Table_Scope3_InorganicFertiliser[[#This Row],[Custom emissions intensity (Method 2)]], Table_Scope3_InorganicFertiliser[[#This Row],[Custom emissions intensity (Method 2)]], Table_Scope3_InorganicFertiliser[[#This Row],[AusLCI Emissions intensity]]) -> 0 | T18: {=Common_InputFunctions.Utility_LookupValueInTableNumber(Table_Scope3_InorganicFertiliser[[#This Row],[Custom emissions intensity source type (Select)]],#REF!,#REF!)} -> 0
A19: =HYPERLINK("#'Input - Data quality'!A1", "Data quality") -> Data quality | D19: {=Common_InputFunctions.Utility_DisplayArrayInTable(Scope3_SourceData.Scope3_InorganicFertilisers_Data(), Table_Scope3_InorganicFertiliser[[#Headers],[Category]], 0, 2)} -> Inorganic fertilisers | E19: {=Common_InputFunctions.Utility_DisplayArrayInTable(Scope3_SourceData.Scope3_InorganicFertilisers_Data(), Table_Scope3_InorganicFertiliser[[#Headers],[Category]], 0, 2)} -> Muriate of potash, AU market mix | F19: {=Common_InputFunctions.Utility_DisplayArrayInTable(Scope3_SourceData.Scope3_InorganicFertilisers_Data(), Table_Scope3_InorganicFertiliser[[#Headers],[Category]], 0, 2)} -> Global | G19: ='Constants - Fertiliser'!$D$34 -> Muriate of potash (MOP) | J19: {=Fertiliser_InputFunctions.Fertiliser_TotalChemicalCompoundAppliedAllIngredients($G19,Table_Input_InorganicFertiliser_Brands[Total applied (kg)],Table_Input_InorganicFertiliser_Brands[Ingredient 1],Table_Input_InorganicFertiliser_Brands[Ingredient 1 percent],Table_Input_InorganicFertiliser_Brands[Ingredient 2],Table_Input_InorganicFertiliser_Brands[Ingredient 2 percent],Table_Input_InorganicFertiliser_Brands[Ingredient 3],Table_Input_InorganicFertiliser_Brands[Ingredient 3 percent],Table_Input_InorganicFertiliser_Brands[Ingredient 4],Table_Input_InorganicFertiliser_Brands[Ingredient 4 percent],Table_Input_InorganicFertiliser_Brands[Ingredient 5],Table_Input_InorganicFertiliser_Brands[Ingredient 5 percent],Table_Input_InorganicFertiliser_Brands[Ingredient 6],Table_Input_InorganicFertiliser_Brands[Ingredient 6 percent])+ Fertiliser_InputFunctions.Fertiliser_TotalChemicalCompoundAppliedAllIngredients($G19,Table_Input_InorganicFertiliser_Custom[Total applied (kg)],Table_Input_InorganicFertiliser_Custom[Ingredient 1 (select)],Table_Input_InorganicFertiliser_Custom[Ingredient 1 percent],Table_Input_InorganicFertiliser_Custom[Ingredient 2],Table_Input_InorganicFertiliser_Custom[Ingredient 2 percent],Table_Input_InorganicFertiliser_Custom[Ingredient 3],Table_Input_InorganicFertiliser_Custom[Ingredient 3 percent],Table_Input_InorganicFertiliser_Custom[Ingredient 4],Table_Input_InorganicFertiliser_Custom[Ingredient 4 percent])} -> 0 | K19: {=Common_InputFunctions.Utility_DisplayArrayInTable(Scope3_SourceData.Scope3_InorganicFertilisers_Data(), Table_Scope3_InorganicFertiliser[[#Headers],[Category]], 0, -2)} -> kg | L19: {=Common_InputFunctions.Utility_DisplayArrayInTable(Scope3_SourceData.Scope3_InorganicFertilisers_Data(), Table_Scope3_InorganicFertiliser[[#Headers],[Category]], 0, -2)} -> 0.549 | N19: ="kg CO2e / " & Table_Scope3_InorganicFertiliser[[#This Row],[Quantity Unit]] -> kg CO2e / kg | O19: =Table_Scope3_InorganicFertiliser[[#This Row],[Quantity]]*Table_Scope3_InorganicFertiliser[[#This Row],[AusLCI Emissions intensity]] -> 0 | P19: =Table_Scope3_InorganicFertiliser[[#This Row],[Quantity]]*IF(Table_Scope3_InorganicFertiliser[[#This Row],[Custom emissions intensity (Method 2)]], Table_Scope3_InorganicFertiliser[[#This Row],[Custom emissions intensity (Method 2)]], Table_Scope3_InorganicFertiliser[[#This Row],[AusLCI Emissions intensity]]) -> 0 | T19: {=Common_InputFunctions.Utility_LookupValueInTableNumber(Table_Scope3_InorganicFertiliser[[#This Row],[Custom emissions intensity source type (Select)]],#REF!,#REF!)} -> 0
D20: {=Common_InputFunctions.Utility_DisplayArrayInTable(Scope3_SourceData.Scope3_InorganicFertilisers_Data(), Table_Scope3_InorganicFertiliser[[#Headers],[Category]], 0, 2)} -> Inorganic fertilisers | E20: {=Common_InputFunctions.Utility_DisplayArrayInTable(Scope3_SourceData.Scope3_InorganicFertilisers_Data(), Table_Scope3_InorganicFertiliser[[#Headers],[Category]], 0, 2)} -> Nitrogen from ammonia, AU market mix | F20: {=Common_InputFunctions.Utility_DisplayArrayInTable(Scope3_SourceData.Scope3_InorganicFertilisers_Data(), Table_Scope3_InorganicFertiliser[[#Headers],[Category]], 0, 2)} -> Global | G20: ='Constants - Fertiliser'!$D$27 -> Nitrogen - Ammoniacal | J20: {=Fertiliser_InputFunctions.Fertiliser_TotalChemicalCompoundAppliedAllIngredients($G20,Table_Input_InorganicFertiliser_Brands[Total applied (kg)],Table_Input_InorganicFertiliser_Brands[Ingredient 1],Table_Input_InorganicFertiliser_Brands[Ingredient 1 percent],Table_Input_InorganicFertiliser_Brands[Ingredient 2],Table_Input_InorganicFertiliser_Brands[Ingredient 2 percent],Table_Input_InorganicFertiliser_Brands[Ingredient 3],Table_Input_InorganicFertiliser_Brands[Ingredient 3 percent],Table_Input_InorganicFertiliser_Brands[Ingredient 4],Table_Input_InorganicFertiliser_Brands[Ingredient 4 percent],Table_Input_InorganicFertiliser_Brands[Ingredient 5],Table_Input_InorganicFertiliser_Brands[Ingredient 5 percent],Table_Input_InorganicFertiliser_Brands[Ingredient 6],Table_Input_InorganicFertiliser_Brands[Ingredient 6 percent])+ Fertiliser_InputFunctions.Fertiliser_TotalChemicalCompoundAppliedAllIngredients($G20,Table_Input_InorganicFertiliser_Custom[Total applied (kg)],Table_Input_InorganicFertiliser_Custom[Ingredient 1 (select)],Table_Input_InorganicFertiliser_Custom[Ingredient 1 percent],Table_Input_InorganicFertiliser_Custom[Ingredient 2],Table_Input_InorganicFertiliser_Custom[Ingredient 2 percent],Table_Input_InorganicFertiliser_Custom[Ingredient 3],Table_Input_InorganicFertiliser_Custom[Ingredient 3 percent],Table_Input_InorganicFertiliser_Custom[Ingredient 4],Table_Input_InorganicFertiliser_Custom[Ingredient 4 percent])} -> 0 | K20: {=Common_InputFunctions.Utility_DisplayArrayInTable(Scope3_SourceData.Scope3_InorganicFertilisers_Data(), Table_Scope3_InorganicFertiliser[[#Headers],[Category]], 0, -2)} -> kg N | L20: {=Common_InputFunctions.Utility_DisplayArrayInTable(Scope3_SourceData.Scope3_InorganicFertilisers_Data(), Table_Scope3_InorganicFertiliser[[#Headers],[Category]], 0, -2)} -> 2.83 | N20: ="kg CO2e / " & Table_Scope3_InorganicFertiliser[[#This Row],[Quantity Unit]] -> kg CO2e / kg N | O20: =Table_Scope3_InorganicFertiliser[[#This Row],[Quantity]]*Table_Scope3_InorganicFertiliser[[#This Row],[AusLCI Emissions intensity]] -> 0 | P20: =Table_Scope3_InorganicFertiliser[[#This Row],[Quantity]]*IF(Table_Scope3_InorganicFertiliser[[#This Row],[Custom emissions intensity (Method 2)]], Table_Scope3_InorganicFertiliser[[#This Row],[Custom emissions intensity (Method 2)]], Table_Scope3_InorganicFertiliser[[#This Row],[AusLCI Emissions intensity]]) -> 0 | T20: {=Common_InputFunctions.Utility_LookupValueInTableNumber(Table_Scope3_InorganicFertiliser[[#This Row],[Custom emissions intensity source type (Select)]],#REF!,#REF!)} -> 0
A21: CALCULATIONS | D21: {=Common_InputFunctions.Utility_DisplayArrayInTable(Scope3_SourceData.Scope3_InorganicFertilisers_Data(), Table_Scope3_InorganicFertiliser[[#Headers],[Category]], 0, 2)} -> Inorganic fertilisers | E21: {=Common_InputFunctions.Utility_DisplayArrayInTable(Scope3_SourceData.Scope3_InorganicFertilisers_Data(), Table_Scope3_InorganicFertiliser[[#Headers],[Category]], 0, 2)} -> Nitrogen from fertilizer, AU market mix | F21: {=Common_InputFunctions.Utility_DisplayArrayInTable(Scope3_SourceData.Scope3_InorganicFertilisers_Data(), Table_Scope3_InorganicFertiliser[[#Headers],[Category]], 0, 2)} -> Global | G21: ='Constants - Fertiliser'!$D$29 -> Nitrogen - Generic | J21: {=Fertiliser_InputFunctions.Fertiliser_TotalChemicalCompoundAppliedAllIngredients($G21,Table_Input_InorganicFertiliser_Brands[Total applied (kg)],Table_Input_InorganicFertiliser_Brands[Ingredient 1],Table_Input_InorganicFertiliser_Brands[Ingredient 1 percent],Table_Input_InorganicFertiliser_Brands[Ingredient 2],Table_Input_InorganicFertiliser_Brands[Ingredient 2 percent],Table_Input_InorganicFertiliser_Brands[Ingredient 3],Table_Input_InorganicFertiliser_Brands[Ingredient 3 percent],Table_Input_InorganicFertiliser_Brands[Ingredient 4],Table_Input_InorganicFertiliser_Brands[Ingredient 4 percent],Table_Input_InorganicFertiliser_Brands[Ingredient 5],Table_Input_InorganicFertiliser_Brands[Ingredient 5 percent],Table_Input_InorganicFertiliser_Brands[Ingredient 6],Table_Input_InorganicFertiliser_Brands[Ingredient 6 percent])+ Fertiliser_InputFunctions.Fertiliser_TotalChemicalCompoundAppliedAllIngredients($G21,Table_Input_InorganicFertiliser_Custom[Total applied (kg)],Table_Input_InorganicFertiliser_Custom[Ingredient 1 (select)],Table_Input_InorganicFertiliser_Custom[Ingredient 1 percent],Table_Input_InorganicFertiliser_Custom[Ingredient 2],Table_Input_InorganicFertiliser_Custom[Ingredient 2 percent],Table_Input_InorganicFertiliser_Custom[Ingredient 3],Table_Input_InorganicFertiliser_Custom[Ingredient 3 percent],Table_Input_InorganicFertiliser_Custom[Ingredient 4],Table_Input_InorganicFertiliser_Custom[Ingredient 4 percent])} -> 364.5 | K21: {=Common_InputFunctions.Utility_DisplayArrayInTable(Scope3_SourceData.Scope3_InorganicFertilisers_Data(), Table_Scope3_InorganicFertiliser[[#Headers],[Category]], 0, -2)} -> kg N | L21: {=Common_InputFunctions.Utility_DisplayArrayInTable(Scope3_SourceData.Scope3_InorganicFertilisers_Data(), Table_Scope3_InorganicFertiliser[[#Headers],[Category]], 0, -2)} -> 4.2 | M21: 4 | N21: ="kg CO2e / " & Table_Scope3_InorganicFertiliser[[#This Row],[Quantity Unit]] -> kg CO2e / kg N | O21: =Table_Scope3_InorganicFertiliser[[#This Row],[Quantity]]*Table_Scope3_InorganicFertiliser[[#This Row],[AusLCI Emissions intensity]] -> 1530.9 | P21: =Table_Scope3_InorganicFertiliser[[#This Row],[Quantity]]*IF(Table_Scope3_InorganicFertiliser[[#This Row],[Custom emissions intensity (Method 2)]], Table_Scope3_InorganicFertiliser[[#This Row],[Custom emissions intensity (Method 2)]], Table_Scope3_InorganicFertiliser[[#This Row],[AusLCI Emissions intensity]]) -> 1458 | T21: {=Common_InputFunctions.Utility_LookupValueInTableNumber(Table_Scope3_InorganicFertiliser[[#This Row],[Custom emissions intensity source type (Select)]],#REF!,#REF!)} -> 0
A22: N2O MMS | D22: {=Common_InputFunctions.Utility_DisplayArrayInTable(Scope3_SourceData.Scope3_InorganicFertilisers_Data(), Table_Scope3_InorganicFertiliser[[#Headers],[Category]], 0, 2)} -> Inorganic fertilisers | E22: {=Common_InputFunctions.Utility_DisplayArrayInTable(Scope3_SourceData.Scope3_InorganicFertilisers_Data(), Table_Scope3_InorganicFertiliser[[#Headers],[Category]], 0, 2)} -> Nitrogen from nitrate fertilizer, AU market mix | F22: {=Common_InputFunctions.Utility_DisplayArrayInTable(Scope3_SourceData.Scope3_InorganicFertilisers_Data(), Table_Scope3_InorganicFertiliser[[#Headers],[Category]], 0, 2)} -> Global | G22: ='Constants - Fertiliser'!$D$28 -> Nitrogen - Nitrate | J22: {=Fertiliser_InputFunctions.Fertiliser_TotalChemicalCompoundAppliedAllIngredients($G22,Table_Input_InorganicFertiliser_Brands[Total applied (kg)],Table_Input_InorganicFertiliser_Brands[Ingredient 1],Table_Input_InorganicFertiliser_Brands[Ingredient 1 percent],Table_Input_InorganicFertiliser_Brands[Ingredient 2],Table_Input_InorganicFertiliser_Brands[Ingredient 2 percent],Table_Input_InorganicFertiliser_Brands[Ingredient 3],Table_Input_InorganicFertiliser_Brands[Ingredient 3 percent],Table_Input_InorganicFertiliser_Brands[Ingredient 4],Table_Input_InorganicFertiliser_Brands[Ingredient 4 percent],Table_Input_InorganicFertiliser_Brands[Ingredient 5],Table_Input_InorganicFertiliser_Brands[Ingredient 5 percent],Table_Input_InorganicFertiliser_Brands[Ingredient 6],Table_Input_InorganicFertiliser_Brands[Ingredient 6 percent])+ Fertiliser_InputFunctions.Fertiliser_TotalChemicalCompoundAppliedAllIngredients($G22,Table_Input_InorganicFertiliser_Custom[Total applied (kg)],Table_Input_InorganicFertiliser_Custom[Ingredient 1 (select)],Table_Input_InorganicFertiliser_Custom[Ingredient 1 percent],Table_Input_InorganicFertiliser_Custom[Ingredient 2],Table_Input_InorganicFertiliser_Custom[Ingredient 2 percent],Table_Input_InorganicFertiliser_Custom[Ingredient 3],Table_Input_InorganicFertiliser_Custom[Ingredient 3 percent],Table_Input_InorganicFertiliser_Custom[Ingredient 4],Table_Input_InorganicFertiliser_Custom[Ingredient 4 percent])} -> 0 | K22: {=Common_InputFunctions.Utility_DisplayArrayInTable(Scope3_SourceData.Scope3_InorganicFertilisers_Data(), Table_Scope3_InorganicFertiliser[[#Headers],[Category]], 0, -2)} -> kg N | L22: {=Common_InputFunctions.Utility_DisplayArrayInTable(Scope3_SourceData.Scope3_InorganicFertilisers_Data(), Table_Scope3_InorganicFertiliser[[#Headers],[Category]], 0, -2)} -> 5.47 | N22: ="kg CO2e / " & Table_Scope3_InorganicFertiliser[[#This Row],[Quantity Unit]] -> kg CO2e / kg N | O22: =Table_Scope3_InorganicFertiliser[[#This Row],[Quantity]]*Table_Scope3_InorganicFertiliser[[#This Row],[AusLCI Emissions intensity]] -> 0 | P22: =Table_Scope3_InorganicFertiliser[[#This Row],[Quantity]]*IF(Table_Scope3_InorganicFertiliser[[#This Row],[Custom emissions intensity (Method 2)]], Table_Scope3_InorganicFertiliser[[#This Row],[Custom emissions intensity (Method 2)]], Table_Scope3_InorganicFertiliser[[#This Row],[AusLCI Emissions intensity]]) -> 0 | T22: {=Common_InputFunctions.Utility_LookupValueInTableNumber(Table_Scope3_InorganicFertiliser[[#This Row],[Custom emissions intensity source type (Select)]],#REF!,#REF!)} -> 0
A23: Enteric methane | D23: {=Common_InputFunctions.Utility_DisplayArrayInTable(Scope3_SourceData.Scope3_InorganicFertilisers_Data(), Table_Scope3_InorganicFertiliser[[#Headers],[Category]], 0, 2)} -> Inorganic fertilisers | E23: {=Common_InputFunctions.Utility_DisplayArrayInTable(Scope3_SourceData.Scope3_InorganicFertilisers_Data(), Table_Scope3_InorganicFertiliser[[#Headers],[Category]], 0, 2)} -> Phosphorus from fertilizer, AU market mix | F23: {=Common_InputFunctions.Utility_DisplayArrayInTable(Scope3_SourceData.Scope3_InorganicFertilisers_Data(), Table_Scope3_InorganicFertiliser[[#Headers],[Category]], 0, 2)} -> Global | G23: ='Constants - Fertiliser'!$D$30 -> Phosphorus - Generic | J23: {=Fertiliser_InputFunctions.Fertiliser_TotalChemicalCompoundAppliedAllIngredients($G23,Table_Input_InorganicFertiliser_Brands[Total applied (kg)],Table_Input_InorganicFertiliser_Brands[Ingredient 1],Table_Input_InorganicFertiliser_Brands[Ingredient 1 percent],Table_Input_InorganicFertiliser_Brands[Ingredient 2],Table_Input_InorganicFertiliser_Brands[Ingredient 2 percent],Table_Input_InorganicFertiliser_Brands[Ingredient 3],Table_Input_InorganicFertiliser_Brands[Ingredient 3 percent],Table_Input_InorganicFertiliser_Brands[Ingredient 4],Table_Input_InorganicFertiliser_Brands[Ingredient 4 percent],Table_Input_InorganicFertiliser_Brands[Ingredient 5],Table_Input_InorganicFertiliser_Brands[Ingredient 5 percent],Table_Input_InorganicFertiliser_Brands[Ingredient 6],Table_Input_InorganicFertiliser_Brands[Ingredient 6 percent])+ Fertiliser_InputFunctions.Fertiliser_TotalChemicalCompoundAppliedAllIngredients($G23,Table_Input_InorganicFertiliser_Custom[Total applied (kg)],Table_Input_InorganicFertiliser_Custom[Ingredient 1 (select)],Table_Input_InorganicFertiliser_Custom[Ingredient 1 percent],Table_Input_InorganicFertiliser_Custom[Ingredient 2],Table_Input_InorganicFertiliser_Custom[Ingredient 2 percent],Table_Input_InorganicFertiliser_Custom[Ingredient 3],Table_Input_InorganicFertiliser_Custom[Ingredient 3 percent],Table_Input_InorganicFertiliser_Custom[Ingredient 4],Table_Input_InorganicFertiliser_Custom[Ingredient 4 percent])} -> 0 | K23: {=Common_InputFunctions.Utility_DisplayArrayInTable(Scope3_SourceData.Scope3_InorganicFertilisers_Data(), Table_Scope3_InorganicFertiliser[[#Headers],[Category]], 0, -2)} -> kg P | L23: {=Common_InputFunctions.Utility_DisplayArrayInTable(Scope3_SourceData.Scope3_InorganicFertilisers_Data(), Table_Scope3_InorganicFertiliser[[#Headers],[Category]], 0, -2)} -> 3.96 | N23: ="kg CO2e / " & Table_Scope3_InorganicFertiliser[[#This Row],[Quantity Unit]] -> kg CO2e / kg P | O23: =Table_Scope3_InorganicFertiliser[[#This Row],[Quantity]]*Table_Scope3_InorganicFertiliser[[#This Row],[AusLCI Emissions intensity]] -> 0 | P23: =Table_Scope3_InorganicFertiliser[[#This Row],[Quantity]]*IF(Table_Scope3_InorganicFertiliser[[#This Row],[Custom emissions intensity (Method 2)]], Table_Scope3_InorganicFertiliser[[#This Row],[Custom emissions intensity (Method 2)]], Table_Scope3_InorganicFertiliser[[#This Row],[AusLCI Emissions intensity]]) -> 0 | T23: {=Common_InputFunctions.Utility_LookupValueInTableNumber(Table_Scope3_InorganicFertiliser[[#This Row],[Custom emissions intensity source type (Select)]],#REF!,#REF!)} -> 0
A24: =HYPERLINK("#'Calcs - Fert Lime'!A1", "Fertiliser & soil amendments") -> Fertiliser & soil amendments | D24: {=Common_InputFunctions.Utility_DisplayArrayInTable(Scope3_SourceData.Scope3_InorganicFertilisers_Data(), Table_Scope3_InorganicFertiliser[[#Headers],[Category]], 0, 2)} -> Inorganic fertilisers | E24: {=Common_InputFunctions.Utility_DisplayArrayInTable(Scope3_SourceData.Scope3_InorganicFertilisers_Data(), Table_Scope3_InorganicFertiliser[[#Headers],[Category]], 0, 2)} -> Potassium from fertilizer, AU market mix | F24: {=Common_InputFunctions.Utility_DisplayArrayInTable(Scope3_SourceData.Scope3_InorganicFertilisers_Data(), Table_Scope3_InorganicFertiliser[[#Headers],[Category]], 0, 2)} -> Global | G24: ='Constants - Fertiliser'!$D$31 -> Potassium - Generic | J24: {=Fertiliser_InputFunctions.Fertiliser_TotalChemicalCompoundAppliedAllIngredients($G24,Table_Input_InorganicFertiliser_Brands[Total applied (kg)],Table_Input_InorganicFertiliser_Brands[Ingredient 1],Table_Input_InorganicFertiliser_Brands[Ingredient 1 percent],Table_Input_InorganicFertiliser_Brands[Ingredient 2],Table_Input_InorganicFertiliser_Brands[Ingredient 2 percent],Table_Input_InorganicFertiliser_Brands[Ingredient 3],Table_Input_InorganicFertiliser_Brands[Ingredient 3 percent],Table_Input_InorganicFertiliser_Brands[Ingredient 4],Table_Input_InorganicFertiliser_Brands[Ingredient 4 percent],Table_Input_InorganicFertiliser_Brands[Ingredient 5],Table_Input_InorganicFertiliser_Brands[Ingredient 5 percent],Table_Input_InorganicFertiliser_Brands[Ingredient 6],Table_Input_InorganicFertiliser_Brands[Ingredient 6 percent])+ Fertiliser_InputFunctions.Fertiliser_TotalChemicalCompoundAppliedAllIngredients($G24,Table_Input_InorganicFertiliser_Custom[Total applied (kg)],Table_Input_InorganicFertiliser_Custom[Ingredient 1 (select)],Table_Input_InorganicFertiliser_Custom[Ingredient 1 percent],Table_Input_InorganicFertiliser_Custom[Ingredient 2],Table_Input_InorganicFertiliser_Custom[Ingredient 2 percent],Table_Input_InorganicFertiliser_Custom[Ingredient 3],Table_Input_InorganicFertiliser_Custom[Ingredient 3 percent],Table_Input_InorganicFertiliser_Custom[Ingredient 4],Table_Input_InorganicFertiliser_Custom[Ingredient 4 percent])} -> 1215 | K24: {=Common_InputFunctions.Utility_DisplayArrayInTable(Scope3_SourceData.Scope3_InorganicFertilisers_Data(), Table_Scope3_InorganicFertiliser[[#Headers],[Category]], 0, -2)} -> kg K | L24: {=Common_InputFunctions.Utility_DisplayArrayInTable(Scope3_SourceData.Scope3_InorganicFertilisers_Data(), Table_Scope3_InorganicFertiliser[[#Headers],[Category]], 0, -2)} -> 0.909 | N24: ="kg CO2e / " & Table_Scope3_InorganicFertiliser[[#This Row],[Quantity Unit]] -> kg CO2e / kg K | O24: =Table_Scope3_InorganicFertiliser[[#This Row],[Quantity]]*Table_Scope3_InorganicFertiliser[[#This Row],[AusLCI Emissions intensity]] -> 1104.435 | P24: =Table_Scope3_InorganicFertiliser[[#This Row],[Quantity]]*IF(Table_Scope3_InorganicFertiliser[[#This Row],[Custom emissions intensity (Method 2)]], Table_Scope3_InorganicFertiliser[[#This Row],[Custom emissions intensity (Method 2)]], Table_Scope3_InorganicFertiliser[[#This Row],[AusLCI Emissions intensity]]) -> 1104.435 | T24: {=Common_InputFunctions.Utility_LookupValueInTableNumber(Table_Scope3_InorganicFertiliser[[#This Row],[Custom emissions intensity source type (Select)]],#REF!,#REF!)} -> 0
A25: =HYPERLINK("#'Calcs - Residue mgmt - Crop'!A1", "Residue management - Crop") -> Residue management - Crop | D25: {=Common_InputFunctions.Utility_DisplayArrayInTable(Scope3_SourceData.Scope3_InorganicFertilisers_Data(), Table_Scope3_InorganicFertiliser[[#Headers],[Category]], 0, 2)} -> Inorganic fertilisers | E25: {=Common_InputFunctions.Utility_DisplayArrayInTable(Scope3_SourceData.Scope3_InorganicFertilisers_Data(), Table_Scope3_InorganicFertiliser[[#Headers],[Category]], 0, 2)} -> Single superphosphate, AU market mix | F25: {=Common_InputFunctions.Utility_DisplayArrayInTable(Scope3_SourceData.Scope3_InorganicFertilisers_Data(), Table_Scope3_InorganicFertiliser[[#Headers],[Category]], 0, 2)} -> Global | G25: ='Constants - Fertiliser'!$D$36 -> Single superphosphate (SSP) | J25: {=Fertiliser_InputFunctions.Fertiliser_TotalChemicalCompoundAppliedAllIngredients($G25,Table_Input_InorganicFertiliser_Brands[Total applied (kg)],Table_Input_InorganicFertiliser_Brands[Ingredient 1],Table_Input_InorganicFertiliser_Brands[Ingredient 1 percent],Table_Input_InorganicFertiliser_Brands[Ingredient 2],Table_Input_InorganicFertiliser_Brands[Ingredient 2 percent],Table_Input_InorganicFertiliser_Brands[Ingredient 3],Table_Input_InorganicFertiliser_Brands[Ingredient 3 percent],Table_Input_InorganicFertiliser_Brands[Ingredient 4],Table_Input_InorganicFertiliser_Brands[Ingredient 4 percent],Table_Input_InorganicFertiliser_Brands[Ingredient 5],Table_Input_InorganicFertiliser_Brands[Ingredient 5 percent],Table_Input_InorganicFertiliser_Brands[Ingredient 6],Table_Input_InorganicFertiliser_Brands[Ingredient 6 percent])+ Fertiliser_InputFunctions.Fertiliser_TotalChemicalCompoundAppliedAllIngredients($G25,Table_Input_InorganicFertiliser_Custom[Total applied (kg)],Table_Input_InorganicFertiliser_Custom[Ingredient 1 (select)],Table_Input_InorganicFertiliser_Custom[Ingredient 1 percent],Table_Input_InorganicFertiliser_Custom[Ingredient 2],Table_Input_InorganicFertiliser_Custom[Ingredient 2 percent],Table_Input_InorganicFertiliser_Custom[Ingredient 3],Table_Input_InorganicFertiliser_Custom[Ingredient 3 percent],Table_Input_InorganicFertiliser_Custom[Ingredient 4],Table_Input_InorganicFertiliser_Custom[Ingredient 4 percent])} -> 0 | K25: {=Common_InputFunctions.Utility_DisplayArrayInTable(Scope3_SourceData.Scope3_InorganicFertilisers_Data(), Table_Scope3_InorganicFertiliser[[#Headers],[Category]], 0, -2)} -> kg | L25: {=Common_InputFunctions.Utility_DisplayArrayInTable(Scope3_SourceData.Scope3_InorganicFertilisers_Data(), Table_Scope3_InorganicFertiliser[[#Headers],[Category]], 0, -2)} -> 0.227 | N25: ="kg CO2e / " & Table_Scope3_InorganicFertiliser[[#This Row],[Quantity Unit]] -> kg CO2e / kg | O25: =Table_Scope3_InorganicFertiliser[[#This Row],[Quantity]]*Table_Scope3_InorganicFertiliser[[#This Row],[AusLCI Emissions intensity]] -> 0 | P25: =Table_Scope3_InorganicFertiliser[[#This Row],[Quantity]]*IF(Table_Scope3_InorganicFertiliser[[#This Row],[Custom emissions intensity (Method 2)]], Table_Scope3_InorganicFertiliser[[#This Row],[Custom emissions intensity (Method 2)]], Table_Scope3_InorganicFertiliser[[#This Row],[AusLCI Emissions intensity]]) -> 0 | T25: {=Common_InputFunctions.Utility_LookupValueInTableNumber(Table_Scope3_InorganicFertiliser[[#This Row],[Custom emissions intensity source type (Select)]],#REF!,#REF!)} -> 0
A26: =HYPERLINK("#'Calcs - Residue mgmt - Pasture'!A1", "Residue management - Pasture") -> Residue management - Pasture | D26: {=Common_InputFunctions.Utility_DisplayArrayInTable(Scope3_SourceData.Scope3_InorganicFertilisers_Data(), Table_Scope3_InorganicFertiliser[[#Headers],[Category]], 0, 2)} -> Inorganic fertilisers | E26: {=Common_InputFunctions.Utility_DisplayArrayInTable(Scope3_SourceData.Scope3_InorganicFertilisers_Data(), Table_Scope3_InorganicFertiliser[[#Headers],[Category]], 0, 2)} -> Sulfur from fertilizer, AU market mix | F26: {=Common_InputFunctions.Utility_DisplayArrayInTable(Scope3_SourceData.Scope3_InorganicFertilisers_Data(), Table_Scope3_InorganicFertiliser[[#Headers],[Category]], 0, 2)} -> Global | G26: ='Constants - Fertiliser'!$D$32 -> Sulfur - Generic | J26: {=Fertiliser_InputFunctions.Fertiliser_TotalChemicalCompoundAppliedAllIngredients($G26,Table_Input_InorganicFertiliser_Brands[Total applied (kg)],Table_Input_InorganicFertiliser_Brands[Ingredient 1],Table_Input_InorganicFertiliser_Brands[Ingredient 1 percent],Table_Input_InorganicFertiliser_Brands[Ingredient 2],Table_Input_InorganicFertiliser_Brands[Ingredient 2 percent],Table_Input_InorganicFertiliser_Brands[Ingredient 3],Table_Input_InorganicFertiliser_Brands[Ingredient 3 percent],Table_Input_InorganicFertiliser_Brands[Ingredient 4],Table_Input_InorganicFertiliser_Brands[Ingredient 4 percent],Table_Input_InorganicFertiliser_Brands[Ingredient 5],Table_Input_InorganicFertiliser_Brands[Ingredient 5 percent],Table_Input_InorganicFertiliser_Brands[Ingredient 6],Table_Input_InorganicFertiliser_Brands[Ingredient 6 percent])+ Fertiliser_InputFunctions.Fertiliser_TotalChemicalCompoundAppliedAllIngredients($G26,Table_Input_InorganicFertiliser_Custom[Total applied (kg)],Table_Input_InorganicFertiliser_Custom[Ingredient 1 (select)],Table_Input_InorganicFertiliser_Custom[Ingredient 1 percent],Table_Input_InorganicFertiliser_Custom[Ingredient 2],Table_Input_InorganicFertiliser_Custom[Ingredient 2 percent],Table_Input_InorganicFertiliser_Custom[Ingredient 3],Table_Input_InorganicFertiliser_Custom[Ingredient 3 percent],Table_Input_InorganicFertiliser_Custom[Ingredient 4],Table_Input_InorganicFertiliser_Custom[Ingredient 4 percent])} -> 0 | K26: {=Common_InputFunctions.Utility_DisplayArrayInTable(Scope3_SourceData.Scope3_InorganicFertilisers_Data(), Table_Scope3_InorganicFertiliser[[#Headers],[Category]], 0, -2)} -> kg S | L26: {=Common_InputFunctions.Utility_DisplayArrayInTable(Scope3_SourceData.Scope3_InorganicFertilisers_Data(), Table_Scope3_InorganicFertiliser[[#Headers],[Category]], 0, -2)} -> 2.5 | N26: ="kg CO2e / " & Table_Scope3_InorganicFertiliser[[#This Row],[Quantity Unit]] -> kg CO2e / kg S | O26: =Table_Scope3_InorganicFertiliser[[#This Row],[Quantity]]*Table_Scope3_InorganicFertiliser[[#This Row],[AusLCI Emissions intensity]] -> 0 | P26: =Table_Scope3_InorganicFertiliser[[#This Row],[Quantity]]*IF(Table_Scope3_InorganicFertiliser[[#This Row],[Custom emissions intensity (Method 2)]], Table_Scope3_InorganicFertiliser[[#This Row],[Custom emissions intensity (Method 2)]], Table_Scope3_InorganicFertiliser[[#This Row],[AusLCI Emissions intensity]]) -> 0 | T26: {=Common_InputFunctions.Utility_LookupValueInTableNumber(Table_Scope3_InorganicFertiliser[[#This Row],[Custom emissions intensity source type (Select)]],#REF!,#REF!)} -> 0
A27: =HYPERLINK("#'Calcs - Field burning'!A1", "Field burning - Crop") -> Field burning - Crop | D27: {=Common_InputFunctions.Utility_DisplayArrayInTable(Scope3_SourceData.Scope3_InorganicFertilisers_Data(), Table_Scope3_InorganicFertiliser[[#Headers],[Category]], 0, 2)} -> Inorganic fertilisers | E27: {=Common_InputFunctions.Utility_DisplayArrayInTable(Scope3_SourceData.Scope3_InorganicFertilisers_Data(), Table_Scope3_InorganicFertiliser[[#Headers],[Category]], 0, 2)} -> Ammonium sulphate, AU market mix | F27: {=Common_InputFunctions.Utility_DisplayArrayInTable(Scope3_SourceData.Scope3_InorganicFertilisers_Data(), Table_Scope3_InorganicFertiliser[[#Headers],[Category]], 0, 2)} -> Global | G27: ='Constants - Fertiliser'!$D$23 -> Sulphate of ammonia (SOA) | J27: {=Fertiliser_InputFunctions.Fertiliser_TotalChemicalCompoundAppliedAllIngredients($G27,Table_Input_InorganicFertiliser_Brands[Total applied (kg)],Table_Input_InorganicFertiliser_Brands[Ingredient 1],Table_Input_InorganicFertiliser_Brands[Ingredient 1 percent],Table_Input_InorganicFertiliser_Brands[Ingredient 2],Table_Input_InorganicFertiliser_Brands[Ingredient 2 percent],Table_Input_InorganicFertiliser_Brands[Ingredient 3],Table_Input_InorganicFertiliser_Brands[Ingredient 3 percent],Table_Input_InorganicFertiliser_Brands[Ingredient 4],Table_Input_InorganicFertiliser_Brands[Ingredient 4 percent],Table_Input_InorganicFertiliser_Brands[Ingredient 5],Table_Input_InorganicFertiliser_Brands[Ingredient 5 percent],Table_Input_InorganicFertiliser_Brands[Ingredient 6],Table_Input_InorganicFertiliser_Brands[Ingredient 6 percent])+ Fertiliser_InputFunctions.Fertiliser_TotalChemicalCompoundAppliedAllIngredients($G27,Table_Input_InorganicFertiliser_Custom[Total applied (kg)],Table_Input_InorganicFertiliser_Custom[Ingredient 1 (select)],Table_Input_InorganicFertiliser_Custom[Ingredient 1 percent],Table_Input_InorganicFertiliser_Custom[Ingredient 2],Table_Input_InorganicFertiliser_Custom[Ingredient 2 percent],Table_Input_InorganicFertiliser_Custom[Ingredient 3],Table_Input_InorganicFertiliser_Custom[Ingredient 3 percent],Table_Input_InorganicFertiliser_Custom[Ingredient 4],Table_Input_InorganicFertiliser_Custom[Ingredient 4 percent])} -> 0 | K27: {=Common_InputFunctions.Utility_DisplayArrayInTable(Scope3_SourceData.Scope3_InorganicFertilisers_Data(), Table_Scope3_InorganicFertiliser[[#Headers],[Category]], 0, -2)} -> kg | L27: {=Common_InputFunctions.Utility_DisplayArrayInTable(Scope3_SourceData.Scope3_InorganicFertilisers_Data(), Table_Scope3_InorganicFertiliser[[#Headers],[Category]], 0, -2)} -> 0.865 | N27: ="kg CO2e / " & Table_Scope3_InorganicFertiliser[[#This Row],[Quantity Unit]] -> kg CO2e / kg | O27: =Table_Scope3_InorganicFertiliser[[#This Row],[Quantity]]*Table_Scope3_InorganicFertiliser[[#This Row],[AusLCI Emissions intensity]] -> 0 | P27: =Table_Scope3_InorganicFertiliser[[#This Row],[Quantity]]*IF(Table_Scope3_InorganicFertiliser[[#This Row],[Custom emissions intensity (Method 2)]], Table_Scope3_InorganicFertiliser[[#This Row],[Custom emissions intensity (Method 2)]], Table_Scope3_InorganicFertiliser[[#This Row],[AusLCI Emissions intensity]]) -> 0 | T27: {=Common_InputFunctions.Utility_LookupValueInTableNumber(Table_Scope3_InorganicFertiliser[[#This Row],[Custom emissions intensity source type (Select)]],#REF!,#REF!)} -> 0
A28: =HYPERLINK("#'Calcs - Fuel'!A1", "Fuel") -> Fuel | D28: {=Common_InputFunctions.Utility_DisplayArrayInTable(Scope3_SourceData.Scope3_InorganicFertilisers_Data(), Table_Scope3_InorganicFertiliser[[#Headers],[Category]], 0, 2)} -> Inorganic fertilisers | E28: {=Common_InputFunctions.Utility_DisplayArrayInTable(Scope3_SourceData.Scope3_InorganicFertilisers_Data(), Table_Scope3_InorganicFertiliser[[#Headers],[Category]], 0, 2)} -> Urea ammonium nitrate, AU market mix | F28: {=Common_InputFunctions.Utility_DisplayArrayInTable(Scope3_SourceData.Scope3_InorganicFertilisers_Data(), Table_Scope3_InorganicFertiliser[[#Headers],[Category]], 0, 2)} -> Global | G28: ='Constants - Fertiliser'!$D$24 -> Urea-ammonium nitrate (UAN) | J28: {=Fertiliser_InputFunctions.Fertiliser_TotalChemicalCompoundAppliedAllIngredients($G28,Table_Input_InorganicFertiliser_Brands[Total applied (kg)],Table_Input_InorganicFertiliser_Brands[Ingredient 1],Table_Input_InorganicFertiliser_Brands[Ingredient 1 percent],Table_Input_InorganicFertiliser_Brands[Ingredient 2],Table_Input_InorganicFertiliser_Brands[Ingredient 2 percent],Table_Input_InorganicFertiliser_Brands[Ingredient 3],Table_Input_InorganicFertiliser_Brands[Ingredient 3 percent],Table_Input_InorganicFertiliser_Brands[Ingredient 4],Table_Input_InorganicFertiliser_Brands[Ingredient 4 percent],Table_Input_InorganicFertiliser_Brands[Ingredient 5],Table_Input_InorganicFertiliser_Brands[Ingredient 5 percent],Table_Input_InorganicFertiliser_Brands[Ingredient 6],Table_Input_InorganicFertiliser_Brands[Ingredient 6 percent])+ Fertiliser_InputFunctions.Fertiliser_TotalChemicalCompoundAppliedAllIngredients($G28,Table_Input_InorganicFertiliser_Custom[Total applied (kg)],Table_Input_InorganicFertiliser_Custom[Ingredient 1 (select)],Table_Input_InorganicFertiliser_Custom[Ingredient 1 percent],Table_Input_InorganicFertiliser_Custom[Ingredient 2],Table_Input_InorganicFertiliser_Custom[Ingredient 2 percent],Table_Input_InorganicFertiliser_Custom[Ingredient 3],Table_Input_InorganicFertiliser_Custom[Ingredient 3 percent],Table_Input_InorganicFertiliser_Custom[Ingredient 4],Table_Input_InorganicFertiliser_Custom[Ingredient 4 percent])} -> 0 | K28: {=Common_InputFunctions.Utility_DisplayArrayInTable(Scope3_SourceData.Scope3_InorganicFertilisers_Data(), Table_Scope3_InorganicFertiliser[[#Headers],[Category]], 0, -2)} -> kg | L28: {=Common_InputFunctions.Utility_DisplayArrayInTable(Scope3_SourceData.Scope3_InorganicFertilisers_Data(), Table_Scope3_InorganicFertiliser[[#Headers],[Category]], 0, -2)} -> 1.75 | N28: ="kg CO2e / " & Table_Scope3_InorganicFertiliser[[#This Row],[Quantity Unit]] -> kg CO2e / kg | O28: =Table_Scope3_InorganicFertiliser[[#This Row],[Quantity]]*Table_Scope3_InorganicFertiliser[[#This Row],[AusLCI Emissions intensity]] -> 0 | P28: =Table_Scope3_InorganicFertiliser[[#This Row],[Quantity]]*IF(Table_Scope3_InorganicFertiliser[[#This Row],[Custom emissions intensity (Method 2)]], Table_Scope3_InorganicFertiliser[[#This Row],[Custom emissions intensity (Method 2)]], Table_Scope3_InorganicFertiliser[[#This Row],[AusLCI Emissions intensity]]) -> 0 | T28: {=Common_InputFunctions.Utility_LookupValueInTableNumber(Table_Scope3_InorganicFertiliser[[#This Row],[Custom emissions intensity source type (Select)]],#REF!,#REF!)} -> 0
A29: =HYPERLINK("#'Calcs - Electricity'!A1", "Electricity") -> Electricity | D29: {=Common_InputFunctions.Utility_DisplayArrayInTable(Scope3_SourceData.Scope3_InorganicFertilisers_Data(), Table_Scope3_InorganicFertiliser[[#Headers],[Category]], 0, 2)} -> Inorganic fertilisers | E29: {=Common_InputFunctions.Utility_DisplayArrayInTable(Scope3_SourceData.Scope3_InorganicFertilisers_Data(), Table_Scope3_InorganicFertiliser[[#Headers],[Category]], 0, 2)} -> Urea, AU market mix | F29: {=Common_InputFunctions.Utility_DisplayArrayInTable(Scope3_SourceData.Scope3_InorganicFertilisers_Data(), Table_Scope3_InorganicFertiliser[[#Headers],[Category]], 0, 2)} -> Global | G29: ='Constants - Fertiliser'!$D$22 -> Urea | H29: ='Constants - Fertiliser'!$V$20 -> Global | J29: {=Fertiliser_InputFunctions.Fertiliser_TotalChemicalCompoundtAppliedBySourceAllIngredients(Table_Scope3_InorganicFertiliser[[#This Row],[Chemical compound]],Table_Scope3_InorganicFertiliser[[#This Row],[Urea source]],(Table_Input_InorganicFertiliser_Brands[Amount applied per hectare]*Table_Input_InorganicFertiliser_Brands[Density]),Table_Input_InorganicFertiliser_Brands[Ingredient 1],Table_Input_InorganicFertiliser_Brands[Ingredient 1 percent],Table_Input_InorganicFertiliser_Brands[Urea source],Table_Input_InorganicFertiliser_Brands[Ingredient 2],Table_Input_InorganicFertiliser_Brands[Ingredient 2 percent],Table_Input_InorganicFertiliser_Brands[Ingredient 3],Table_Input_InorganicFertiliser_Brands[Ingredient 3 percent],Table_Input_InorganicFertiliser_Brands[Ingredient 4],Table_Input_InorganicFertiliser_Brands[Ingredient 4 percent],Table_Input_InorganicFertiliser_Brands[Ingredient 5],Table_Input_InorganicFertiliser_Brands[Ingredient 5 percent],Table_Input_InorganicFertiliser_Brands[Ingredient 6],Table_Input_InorganicFertiliser_Brands[Ingredient 6 percent])+ Fertiliser_InputFunctions.Fertiliser_TotalChemicalCompoundtAppliedBySourceAllIngredients(Table_Scope3_InorganicFertiliser[[#This Row],[Chemical compound]],Table_Scope3_InorganicFertiliser[[#This Row],[Urea source]],Table_Input_InorganicFertiliser_Custom[Amount applied (kg / ha)],Table_Input_InorganicFertiliser_Custom[Ingredient 1 (select)],Table_Input_InorganicFertiliser_Custom[Ingredient 1 percent],Table_Input_InorganicFertiliser_Custom[Urea source],Table_Input_InorganicFertiliser_Custom[Ingredient 2],Table_Input_InorganicFertiliser_Custom[Ingredient 2 percent],Table_Input_InorganicFertiliser_Custom[Ingredient 3],Table_Input_InorganicFertiliser_Custom[Ingredient 3 percent],Table_Input_InorganicFertiliser_Custom[Ingredient 4],Table_Input_InorganicFertiliser_Custom[Ingredient 4 percent])} -> 71.315217 | K29: {=Common_InputFunctions.Utility_DisplayArrayInTable(Scope3_SourceData.Scope3_InorganicFertilisers_Data(), Table_Scope3_InorganicFertiliser[[#Headers],[Category]], 0, -2)} -> kg | L29: {=Common_InputFunctions.Utility_DisplayArrayInTable(Scope3_SourceData.Scope3_InorganicFertilisers_Data(), Table_Scope3_InorganicFertiliser[[#Headers],[Category]], 0, -2)} -> 0.968 | N29: ="kg CO2e / " & Table_Scope3_InorganicFertiliser[[#This Row],[Quantity Unit]] -> kg CO2e / kg | O29: =Table_Scope3_InorganicFertiliser[[#This Row],[Quantity]]*Table_Scope3_InorganicFertiliser[[#This Row],[AusLCI Emissions intensity]] -> 69.03313 | P29: =Table_Scope3_InorganicFertiliser[[#This Row],[Quantity]]*IF(Table_Scope3_InorganicFertiliser[[#This Row],[Custom emissions intensity (Method 2)]], Table_Scope3_InorganicFertiliser[[#This Row],[Custom emissions intensity (Method 2)]], Table_Scope3_InorganicFertiliser[[#This Row],[AusLCI Emissions intensity]]) -> 69.03313 | T29: {=Common_InputFunctions.Utility_LookupValueInTableNumber(Table_Scope3_InorganicFertiliser[[#This Row],[Custom emissions intensity source type (Select)]],#REF!,#REF!)} -> 0
A30: =HYPERLINK("#'Calcs - Refrigerants'!A1", "Refrigerants") -> Refrigerants | D30: {=Common_InputFunctions.Utility_DisplayArrayInTable(Scope3_SourceData.Scope3_InorganicFertilisers_Data(), Table_Scope3_InorganicFertiliser[[#Headers],[Category]], 0, 2)} -> Inorganic fertilisers | E30: {=Common_InputFunctions.Utility_DisplayArrayInTable(Scope3_SourceData.Scope3_InorganicFertilisers_Data(), Table_Scope3_InorganicFertiliser[[#Headers],[Category]], 0, 2)} -> Urea, Canada | F30: {=Common_InputFunctions.Utility_DisplayArrayInTable(Scope3_SourceData.Scope3_InorganicFertilisers_Data(), Table_Scope3_InorganicFertiliser[[#Headers],[Category]], 0, 2)} -> Canada | G30: ='Constants - Fertiliser'!$D$22 -> Urea | H30: ='Constants - Fertiliser'!$V$21 -> Canada | J30: {=Fertiliser_InputFunctions.Fertiliser_TotalChemicalCompoundtAppliedBySourceAllIngredients(Table_Scope3_InorganicFertiliser[[#This Row],[Chemical compound]],Table_Scope3_InorganicFertiliser[[#This Row],[Urea source]],(Table_Input_InorganicFertiliser_Brands[Amount applied per hectare]*Table_Input_InorganicFertiliser_Brands[Density]),Table_Input_InorganicFertiliser_Brands[Ingredient 1],Table_Input_InorganicFertiliser_Brands[Ingredient 1 percent],Table_Input_InorganicFertiliser_Brands[Urea source],Table_Input_InorganicFertiliser_Brands[Ingredient 2],Table_Input_InorganicFertiliser_Brands[Ingredient 2 percent],Table_Input_InorganicFertiliser_Brands[Ingredient 3],Table_Input_InorganicFertiliser_Brands[Ingredient 3 percent],Table_Input_InorganicFertiliser_Brands[Ingredient 4],Table_Input_InorganicFertiliser_Brands[Ingredient 4 percent],Table_Input_InorganicFertiliser_Brands[Ingredient 5],Table_Input_InorganicFertiliser_Brands[Ingredient 5 percent],Table_Input_InorganicFertiliser_Brands[Ingredient 6],Table_Input_InorganicFertiliser_Brands[Ingredient 6 percent])+ Fertiliser_InputFunctions.Fertiliser_TotalChemicalCompoundtAppliedBySourceAllIngredients(Table_Scope3_InorganicFertiliser[[#This Row],[Chemical compound]],Table_Scope3_InorganicFertiliser[[#This Row],[Urea source]],Table_Input_InorganicFertiliser_Custom[Amount applied (kg / ha)],Table_Input_InorganicFertiliser_Custom[Ingredient 1 (select)],Table_Input_InorganicFertiliser_Custom[Ingredient 1 percent],Table_Input_InorganicFertiliser_Custom[Urea source],Table_Input_InorganicFertiliser_Custom[Ingredient 2],Table_Input_InorganicFertiliser_Custom[Ingredient 2 percent],Table_Input_InorganicFertiliser_Custom[Ingredient 3],Table_Input_InorganicFertiliser_Custom[Ingredient 3 percent],Table_Input_InorganicFertiliser_Custom[Ingredient 4],Table_Input_InorganicFertiliser_Custom[Ingredient 4 percent])} -> 0 | K30: {=Common_InputFunctions.Utility_DisplayArrayInTable(Scope3_SourceData.Scope3_InorganicFertilisers_Data(), Table_Scope3_InorganicFertiliser[[#Headers],[Category]], 0, -2)} -> kg | L30: {=Common_InputFunctions.Utility_DisplayArrayInTable(Scope3_SourceData.Scope3_InorganicFertilisers_Data(), Table_Scope3_InorganicFertiliser[[#Headers],[Category]], 0, -2)} -> 0.823 | N30: ="kg CO2e / " & Table_Scope3_InorganicFertiliser[[#This Row],[Quantity Unit]] -> kg CO2e / kg | O30: =Table_Scope3_InorganicFertiliser[[#This Row],[Quantity]]*Table_Scope3_InorganicFertiliser[[#This Row],[AusLCI Emissions intensity]] -> 0 | P30: =Table_Scope3_InorganicFertiliser[[#This Row],[Quantity]]*IF(Table_Scope3_InorganicFertiliser[[#This Row],[Custom emissions intensity (Method 2)]], Table_Scope3_InorganicFertiliser[[#This Row],[Custom emissions intensity (Method 2)]], Table_Scope3_InorganicFertiliser[[#This Row],[AusLCI Emissions intensity]]) -> 0 | T30: {=Common_InputFunctions.Utility_LookupValueInTableNumber(Table_Scope3_InorganicFertiliser[[#This Row],[Custom emissions intensity source type (Select)]],#REF!,#REF!)} -> 0
A31: Waste | D31: {=Common_InputFunctions.Utility_DisplayArrayInTable(Scope3_SourceData.Scope3_InorganicFertilisers_Data(), Table_Scope3_InorganicFertiliser[[#Headers],[Category]], 0, 2)} -> Inorganic fertilisers | E31: {=Common_InputFunctions.Utility_DisplayArrayInTable(Scope3_SourceData.Scope3_InorganicFertilisers_Data(), Table_Scope3_InorganicFertiliser[[#Headers],[Category]], 0, 2)} -> Urea, China | F31: {=Common_InputFunctions.Utility_DisplayArrayInTable(Scope3_SourceData.Scope3_InorganicFertilisers_Data(), Table_Scope3_InorganicFertiliser[[#Headers],[Category]], 0, 2)} -> China | G31: ='Constants - Fertiliser'!$D$22 -> Urea | H31: ='Constants - Fertiliser'!$V$22 -> China | J31: {=Fertiliser_InputFunctions.Fertiliser_TotalChemicalCompoundtAppliedBySourceAllIngredients(Table_Scope3_InorganicFertiliser[[#This Row],[Chemical compound]],Table_Scope3_InorganicFertiliser[[#This Row],[Urea source]],(Table_Input_InorganicFertiliser_Brands[Amount applied per hectare]*Table_Input_InorganicFertiliser_Brands[Density]),Table_Input_InorganicFertiliser_Brands[Ingredient 1],Table_Input_InorganicFertiliser_Brands[Ingredient 1 percent],Table_Input_InorganicFertiliser_Brands[Urea source],Table_Input_InorganicFertiliser_Brands[Ingredient 2],Table_Input_InorganicFertiliser_Brands[Ingredient 2 percent],Table_Input_InorganicFertiliser_Brands[Ingredient 3],Table_Input_InorganicFertiliser_Brands[Ingredient 3 percent],Table_Input_InorganicFertiliser_Brands[Ingredient 4],Table_Input_InorganicFertiliser_Brands[Ingredient 4 percent],Table_Input_InorganicFertiliser_Brands[Ingredient 5],Table_Input_InorganicFertiliser_Brands[Ingredient 5 percent],Table_Input_InorganicFertiliser_Brands[Ingredient 6],Table_Input_InorganicFertiliser_Brands[Ingredient 6 percent])+ Fertiliser_InputFunctions.Fertiliser_TotalChemicalCompoundtAppliedBySourceAllIngredients(Table_Scope3_InorganicFertiliser[[#This Row],[Chemical compound]],Table_Scope3_InorganicFertiliser[[#This Row],[Urea source]],Table_Input_InorganicFertiliser_Custom[Amount applied (kg / ha)],Table_Input_InorganicFertiliser_Custom[Ingredient 1 (select)],Table_Input_InorganicFertiliser_Custom[Ingredient 1 percent],Table_Input_InorganicFertiliser_Custom[Urea source],Table_Input_InorganicFertiliser_Custom[Ingredient 2],Table_Input_InorganicFertiliser_Custom[Ingredient 2 percent],Table_Input_InorganicFertiliser_Custom[Ingredient 3],Table_Input_InorganicFertiliser_Custom[Ingredient 3 percent],Table_Input_InorganicFertiliser_Custom[Ingredient 4],Table_Input_InorganicFertiliser_Custom[Ingredient 4 percent])} -> 0 | K31: {=Common_InputFunctions.Utility_DisplayArrayInTable(Scope3_SourceData.Scope3_InorganicFertilisers_Data(), Table_Scope3_InorganicFertiliser[[#Headers],[Category]], 0, -2)} -> kg | L31: {=Common_InputFunctions.Utility_DisplayArrayInTable(Scope3_SourceData.Scope3_InorganicFertilisers_Data(), Table_Scope3_InorganicFertiliser[[#Headers],[Category]], 0, -2)} -> 2.09 | N31: ="kg CO2e / " & Table_Scope3_InorganicFertiliser[[#This Row],[Quantity Unit]] -> kg CO2e / kg | O31: =Table_Scope3_InorganicFertiliser[[#This Row],[Quantity]]*Table_Scope3_InorganicFertiliser[[#This Row],[AusLCI Emissions intensity]] -> 0 | P31: =Table_Scope3_InorganicFertiliser[[#This Row],[Quantity]]*IF(Table_Scope3_InorganicFertiliser[[#This Row],[Custom emissions intensity (Method 2)]], Table_Scope3_InorganicFertiliser[[#This Row],[Custom emissions intensity (Method 2)]], Table_Scope3_InorganicFertiliser[[#This Row],[AusLCI Emissions intensity]]) -> 0 | T31: {=Common_InputFunctions.Utility_LookupValueInTableNumber(Table_Scope3_InorganicFertiliser[[#This Row],[Custom emissions intensity source type (Select)]],#REF!,#REF!)} -> 0
A32: Freight and transport | D32: {=Common_InputFunctions.Utility_DisplayArrayInTable(Scope3_SourceData.Scope3_InorganicFertilisers_Data(), Table_Scope3_InorganicFertiliser[[#Headers],[Category]], 0, 2)} -> Inorganic fertilisers | E32: {=Common_InputFunctions.Utility_DisplayArrayInTable(Scope3_SourceData.Scope3_InorganicFertilisers_Data(), Table_Scope3_InorganicFertiliser[[#Headers],[Category]], 0, 2)} -> Urea, Yemen | F32: {=Common_InputFunctions.Utility_DisplayArrayInTable(Scope3_SourceData.Scope3_InorganicFertilisers_Data(), Table_Scope3_InorganicFertiliser[[#Headers],[Category]], 0, 2)} -> Yemen | G32: ='Constants - Fertiliser'!$D$22 -> Urea | H32: ='Constants - Fertiliser'!$V$23 -> Yemen | J32: {=Fertiliser_InputFunctions.Fertiliser_TotalChemicalCompoundtAppliedBySourceAllIngredients(Table_Scope3_InorganicFertiliser[[#This Row],[Chemical compound]],Table_Scope3_InorganicFertiliser[[#This Row],[Urea source]],(Table_Input_InorganicFertiliser_Brands[Amount applied per hectare]*Table_Input_InorganicFertiliser_Brands[Density]),Table_Input_InorganicFertiliser_Brands[Ingredient 1],Table_Input_InorganicFertiliser_Brands[Ingredient 1 percent],Table_Input_InorganicFertiliser_Brands[Urea source],Table_Input_InorganicFertiliser_Brands[Ingredient 2],Table_Input_InorganicFertiliser_Brands[Ingredient 2 percent],Table_Input_InorganicFertiliser_Brands[Ingredient 3],Table_Input_InorganicFertiliser_Brands[Ingredient 3 percent],Table_Input_InorganicFertiliser_Brands[Ingredient 4],Table_Input_InorganicFertiliser_Brands[Ingredient 4 percent],Table_Input_InorganicFertiliser_Brands[Ingredient 5],Table_Input_InorganicFertiliser_Brands[Ingredient 5 percent],Table_Input_InorganicFertiliser_Brands[Ingredient 6],Table_Input_InorganicFertiliser_Brands[Ingredient 6 percent])+ Fertiliser_InputFunctions.Fertiliser_TotalChemicalCompoundtAppliedBySourceAllIngredients(Table_Scope3_InorganicFertiliser[[#This Row],[Chemical compound]],Table_Scope3_InorganicFertiliser[[#This Row],[Urea source]],Table_Input_InorganicFertiliser_Custom[Amount applied (kg / ha)],Table_Input_InorganicFertiliser_Custom[Ingredient 1 (select)],Table_Input_InorganicFertiliser_Custom[Ingredient 1 percent],Table_Input_InorganicFertiliser_Custom[Urea source],Table_Input_InorganicFertiliser_Custom[Ingredient 2],Table_Input_InorganicFertiliser_Custom[Ingredient 2 percent],Table_Input_InorganicFertiliser_Custom[Ingredient 3],Table_Input_InorganicFertiliser_Custom[Ingredient 3 percent],Table_Input_InorganicFertiliser_Custom[Ingredient 4],Table_Input_InorganicFertiliser_Custom[Ingredient 4 percent])} -> 0 | K32: {=Common_InputFunctions.Utility_DisplayArrayInTable(Scope3_SourceData.Scope3_InorganicFertilisers_Data(), Table_Scope3_InorganicFertiliser[[#Headers],[Category]], 0, -2)} -> kg | L32: {=Common_InputFunctions.Utility_DisplayArrayInTable(Scope3_SourceData.Scope3_InorganicFertilisers_Data(), Table_Scope3_InorganicFertiliser[[#Headers],[Category]], 0, -2)} -> 0.963 | N32: ="kg CO2e / " & Table_Scope3_InorganicFertiliser[[#This Row],[Quantity Unit]] -> kg CO2e / kg | O32: =Table_Scope3_InorganicFertiliser[[#This Row],[Quantity]]*Table_Scope3_InorganicFertiliser[[#This Row],[AusLCI Emissions intensity]] -> 0 | P32: =Table_Scope3_InorganicFertiliser[[#This Row],[Quantity]]*IF(Table_Scope3_InorganicFertiliser[[#This Row],[Custom emissions intensity (Method 2)]], Table_Scope3_InorganicFertiliser[[#This Row],[Custom emissions intensity (Method 2)]], Table_Scope3_InorganicFertiliser[[#This Row],[AusLCI Emissions intensity]]) -> 0 | T32: {=Common_InputFunctions.Utility_LookupValueInTableNumber(Table_Scope3_InorganicFertiliser[[#This Row],[Custom emissions intensity source type (Select)]],#REF!,#REF!)} -> 0
A33: =HYPERLINK("#'Calcs - Scope 3'!A1", "Purchased goods scope 3") -> Purchased goods scope 3 | D33: {=Common_InputFunctions.Utility_DisplayArrayInTable(Scope3_SourceData.Scope3_InorganicFertilisers_Data(), Table_Scope3_InorganicFertiliser[[#Headers],[Category]], 0, 2)} -> Inorganic fertilisers | E33: {=Common_InputFunctions.Utility_DisplayArrayInTable(Scope3_SourceData.Scope3_InorganicFertilisers_Data(), Table_Scope3_InorganicFertiliser[[#Headers],[Category]], 0, 2)} -> Zinc from fertilizer | F33: {=Common_InputFunctions.Utility_DisplayArrayInTable(Scope3_SourceData.Scope3_InorganicFertilisers_Data(), Table_Scope3_InorganicFertiliser[[#Headers],[Category]], 0, 2)} -> Global | G33: ='Constants - Fertiliser'!$D$33 -> Zinc - Generic | J33: {=Fertiliser_InputFunctions.Fertiliser_TotalChemicalCompoundAppliedAllIngredients($G33,Table_Input_InorganicFertiliser_Brands[Total applied (kg)],Table_Input_InorganicFertiliser_Brands[Ingredient 1],Table_Input_InorganicFertiliser_Brands[Ingredient 1 percent],Table_Input_InorganicFertiliser_Brands[Ingredient 2],Table_Input_InorganicFertiliser_Brands[Ingredient 2 percent],Table_Input_InorganicFertiliser_Brands[Ingredient 3],Table_Input_InorganicFertiliser_Brands[Ingredient 3 percent],Table_Input_InorganicFertiliser_Brands[Ingredient 4],Table_Input_InorganicFertiliser_Brands[Ingredient 4 percent],Table_Input_InorganicFertiliser_Brands[Ingredient 5],Table_Input_InorganicFertiliser_Brands[Ingredient 5 percent],Table_Input_InorganicFertiliser_Brands[Ingredient 6],Table_Input_InorganicFertiliser_Brands[Ingredient 6 percent])+ Fertiliser_InputFunctions.Fertiliser_TotalChemicalCompoundAppliedAllIngredients($G33,Table_Input_InorganicFertiliser_Custom[Total applied (kg)],Table_Input_InorganicFertiliser_Custom[Ingredient 1 (select)],Table_Input_InorganicFertiliser_Custom[Ingredient 1 percent],Table_Input_InorganicFertiliser_Custom[Ingredient 2],Table_Input_InorganicFertiliser_Custom[Ingredient 2 percent],Table_Input_InorganicFertiliser_Custom[Ingredient 3],Table_Input_InorganicFertiliser_Custom[Ingredient 3 percent],Table_Input_InorganicFertiliser_Custom[Ingredient 4],Table_Input_InorganicFertiliser_Custom[Ingredient 4 percent])} -> 0 | K33: {=Common_InputFunctions.Utility_DisplayArrayInTable(Scope3_SourceData.Scope3_InorganicFertilisers_Data(), Table_Scope3_InorganicFertiliser[[#Headers],[Category]], 0, -2)} -> kg Zn | L33: {=Common_InputFunctions.Utility_DisplayArrayInTable(Scope3_SourceData.Scope3_InorganicFertilisers_Data(), Table_Scope3_InorganicFertiliser[[#Headers],[Category]], 0, -2)} -> 4.82 | N33: ="kg CO2e / " & Table_Scope3_InorganicFertiliser[[#This Row],[Quantity Unit]] -> kg CO2e / kg Zn | O33: =Table_Scope3_InorganicFertiliser[[#This Row],[Quantity]]*Table_Scope3_InorganicFertiliser[[#This Row],[AusLCI Emissions intensity]] -> 0 | P33: =Table_Scope3_InorganicFertiliser[[#This Row],[Quantity]]*IF(Table_Scope3_InorganicFertiliser[[#This Row],[Custom emissions intensity (Method 2)]], Table_Scope3_InorganicFertiliser[[#This Row],[Custom emissions intensity (Method 2)]], Table_Scope3_InorganicFertiliser[[#This Row],[AusLCI Emissions intensity]]) -> 0 | T33: {=Common_InputFunctions.Utility_LookupValueInTableNumber(Table_Scope3_InorganicFertiliser[[#This Row],[Custom emissions intensity source type (Select)]],#REF!,#REF!)} -> 0
A35: APPENDICES | D35: Total scope 3 - Inorganic fertiliser chemical compounds exc. custom | G35: =SUM(Table_Scope3_InorganicFertiliser[Scope 3 emissions exc. custom (t CO2-e)]) -> 2704.3681 | H35: t CO2-e
A36: =HYPERLINK("#'Constants - Common'!A1", "Constants - Common") -> Constants - Common | D36: Total scope 3 - Inorganic fertiliser chemical compounds inc. custom | G36: =SUM(Table_Scope3_InorganicFertiliser[Scope 3 emissions inc. custom (t CO2-e)2]) -> 2631.4681 | H36: t CO2-e
A37: =HYPERLINK("#'Constants - Cropping'!A1", "Constants - Cropping") -> Constants - Cropping
A38: =HYPERLINK("#'Constants - Livestock'!A1", "Constants - Livestock") -> Constants - Livestock
A39: =HYPERLINK("#'Constants - Dairy'!A1", "Constants - Dairy") -> Constants - Dairy | D39: {=Scope3_SourceData.Scope3_OrganicFertilisers_Title()} -> Organic fertiliser scope 3
A40: Sources & acknowledgements | D40: {=Scope3_SourceData.Scope3_OrganicFertilisers_Source()} -> Lifecycles. (2026). Greenhouse Gas Emission Intensities for Material Inputs to Australian Agriculture, Fisheries and Forestry. Version 48. doi 10.5281/zenodo.19656580
D42: Organic fertiliser type | E42: Source | F42: Quantity | G42: Quantity Unit | H42: AusLCI Emissions intensity | I42: Custom emissions intensity | J42: Emissions intensity unit | K42: Scope 3 emissions exc. custom (t CO2-e) | L42: Scope 3 emissions inc. custom (t CO2-e)2 | M42: Custom emissions intensity source | N42: Custom emissions intensity source type (Select) | O42: Custom emissions intensity credential / certification link | P42: Scope 3 data score
D43: {=Common_InputFunctions.Utility_DisplayArrayInTable(Scope3_SourceData.Scope3_OrganicFertilisers_Data(), Table_Scope3_OrganicFertiliser[[#Headers],[Organic fertiliser type]], 0, 2)} -> Dairy Manure | E43: {=Common_InputFunctions.Utility_DisplayArrayInTable(Scope3_SourceData.Scope3_OrganicFertilisers_Data(), Table_Scope3_OrganicFertiliser[[#Headers],[Organic fertiliser type]], 0, 2)} -> Primary MMS | G43: {=Common_InputFunctions.Utility_DisplayArrayInTable(Scope3_SourceData.Scope3_OrganicFertilisers_Data(), Table_Scope3_OrganicFertiliser[[#Headers],[Organic fertiliser type]], 0, 1)} -> t | H43: {=Common_InputFunctions.Utility_DisplayArrayInTable(Scope3_SourceData.Scope3_OrganicFertilisers_Data(), Table_Scope3_OrganicFertiliser[[#Headers],[Organic fertiliser type]], 0, 1)} -> 20101 | I43: 100 | J43: {=Common_InputFunctions.Utility_DisplayArrayInTable(Scope3_SourceData.Scope3_OrganicFertilisers_Data(), Table_Scope3_OrganicFertiliser[[#Headers],[Organic fertiliser type]], 0, 1)} -> t CO2-e / t | K43: =Table_Scope3_OrganicFertiliser[[#This Row],[Quantity]]*Table_Scope3_OrganicFertiliser[[#This Row],[AusLCI Emissions intensity]] -> 0 | L43: =Table_Scope3_OrganicFertiliser[[#This Row],[Quantity]]*IF(Table_Scope3_OrganicFertiliser[[#This Row],[Custom emissions intensity]], Table_Scope3_OrganicFertiliser[[#This Row],[Custom emissions intensity]], Table_Scope3_OrganicFertiliser[[#This Row],[AusLCI Emissions intensity]]) -> 0 | P43: {=Common_InputFunctions.Utility_LookupValueInTableNumber(Table_Scope3_OrganicFertiliser[[#This Row],[Custom emissions intensity source type (Select)]],#REF!,#REF!)} -> 0
D44: {=Common_InputFunctions.Utility_DisplayArrayInTable(Scope3_SourceData.Scope3_OrganicFertilisers_Data(), Table_Scope3_OrganicFertiliser[[#Headers],[Organic fertiliser type]], 0, 2)} -> Dairy Manure | E44: {=Common_InputFunctions.Utility_DisplayArrayInTable(Scope3_SourceData.Scope3_OrganicFertilisers_Data(), Table_Scope3_OrganicFertiliser[[#Headers],[Organic fertiliser type]], 0, 2)} -> Secondary MMS | G44: {=Common_InputFunctions.Utility_DisplayArrayInTable(Scope3_SourceData.Scope3_OrganicFertilisers_Data(), Table_Scope3_OrganicFertiliser[[#Headers],[Organic fertiliser type]], 0, 1)} -> t | H44: {=Common_InputFunctions.Utility_DisplayArrayInTable(Scope3_SourceData.Scope3_OrganicFertilisers_Data(), Table_Scope3_OrganicFertiliser[[#Headers],[Organic fertiliser type]], 0, 1)} -> 20102 | J44: {=Common_InputFunctions.Utility_DisplayArrayInTable(Scope3_SourceData.Scope3_OrganicFertilisers_Data(), Table_Scope3_OrganicFertiliser[[#Headers],[Organic fertiliser type]], 0, 1)} -> t CO2-e / t | K44: =Table_Scope3_OrganicFertiliser[[#This Row],[Quantity]]*Table_Scope3_OrganicFertiliser[[#This Row],[AusLCI Emissions intensity]] -> 0 | L44: =Table_Scope3_OrganicFertiliser[[#This Row],[Quantity]]*IF(Table_Scope3_OrganicFertiliser[[#This Row],[Custom emissions intensity]], Table_Scope3_OrganicFertiliser[[#This Row],[Custom emissions intensity]], Table_Scope3_OrganicFertiliser[[#This Row],[AusLCI Emissions intensity]]) -> 0 | P44: {=Common_InputFunctions.Utility_LookupValueInTableNumber(Table_Scope3_OrganicFertiliser[[#This Row],[Custom emissions intensity source type (Select)]],#REF!,#REF!)} -> 0
D45: {=Common_InputFunctions.Utility_DisplayArrayInTable(Scope3_SourceData.Scope3_OrganicFertilisers_Data(), Table_Scope3_OrganicFertiliser[[#Headers],[Organic fertiliser type]], 0, 2)} -> Pork Manure | E45: {=Common_InputFunctions.Utility_DisplayArrayInTable(Scope3_SourceData.Scope3_OrganicFertilisers_Data(), Table_Scope3_OrganicFertiliser[[#Headers],[Organic fertiliser type]], 0, 2)} -> Primary MMS | G45: {=Common_InputFunctions.Utility_DisplayArrayInTable(Scope3_SourceData.Scope3_OrganicFertilisers_Data(), Table_Scope3_OrganicFertiliser[[#Headers],[Organic fertiliser type]], 0, 1)} -> t | H45: {=Common_InputFunctions.Utility_DisplayArrayInTable(Scope3_SourceData.Scope3_OrganicFertilisers_Data(), Table_Scope3_OrganicFertiliser[[#Headers],[Organic fertiliser type]], 0, 1)} -> 20201 | J45: {=Common_InputFunctions.Utility_DisplayArrayInTable(Scope3_SourceData.Scope3_OrganicFertilisers_Data(), Table_Scope3_OrganicFertiliser[[#Headers],[Organic fertiliser type]], 0, 1)} -> t CO2-e / t | K45: =Table_Scope3_OrganicFertiliser[[#This Row],[Quantity]]*Table_Scope3_OrganicFertiliser[[#This Row],[AusLCI Emissions intensity]] -> 0 | L45: =Table_Scope3_OrganicFertiliser[[#This Row],[Quantity]]*IF(Table_Scope3_OrganicFertiliser[[#This Row],[Custom emissions intensity]], Table_Scope3_OrganicFertiliser[[#This Row],[Custom emissions intensity]], Table_Scope3_OrganicFertiliser[[#This Row],[AusLCI Emissions intensity]]) -> 0 | P45: {=Common_InputFunctions.Utility_LookupValueInTableNumber(Table_Scope3_OrganicFertiliser[[#This Row],[Custom emissions intensity source type (Select)]],#REF!,#REF!)} -> 0
D46: {=Common_InputFunctions.Utility_DisplayArrayInTable(Scope3_SourceData.Scope3_OrganicFertilisers_Data(), Table_Scope3_OrganicFertiliser[[#Headers],[Organic fertiliser type]], 0, 2)} -> Pork Manure | E46: {=Common_InputFunctions.Utility_DisplayArrayInTable(Scope3_SourceData.Scope3_OrganicFertilisers_Data(), Table_Scope3_OrganicFertiliser[[#Headers],[Organic fertiliser type]], 0, 2)} -> Secondary MMS | G46: {=Common_InputFunctions.Utility_DisplayArrayInTable(Scope3_SourceData.Scope3_OrganicFertilisers_Data(), Table_Scope3_OrganicFertiliser[[#Headers],[Organic fertiliser type]], 0, 1)} -> t | H46: {=Common_InputFunctions.Utility_DisplayArrayInTable(Scope3_SourceData.Scope3_OrganicFertilisers_Data(), Table_Scope3_OrganicFertiliser[[#Headers],[Organic fertiliser type]], 0, 1)} -> 20202 | J46: {=Common_InputFunctions.Utility_DisplayArrayInTable(Scope3_SourceData.Scope3_OrganicFertilisers_Data(), Table_Scope3_OrganicFertiliser[[#Headers],[Organic fertiliser type]], 0, 1)} -> t CO2-e / t | K46: =Table_Scope3_OrganicFertiliser[[#This Row],[Quantity]]*Table_Scope3_OrganicFertiliser[[#This Row],[AusLCI Emissions intensity]] -> 0 | L46: =Table_Scope3_OrganicFertiliser[[#This Row],[Quantity]]*IF(Table_Scope3_OrganicFertiliser[[#This Row],[Custom emissions intensity]], Table_Scope3_OrganicFertiliser[[#This Row],[Custom emissions intensity]], Table_Scope3_OrganicFertiliser[[#This Row],[AusLCI Emissions intensity]]) -> 0 | P46: {=Common_InputFunctions.Utility_LookupValueInTableNumber(Table_Scope3_OrganicFertiliser[[#This Row],[Custom emissions intensity source type (Select)]],#REF!,#REF!)} -> 0
D47: {=Common_InputFunctions.Utility_DisplayArrayInTable(Scope3_SourceData.Scope3_OrganicFertilisers_Data(), Table_Scope3_OrganicFertiliser[[#Headers],[Organic fertiliser type]], 0, 2)} -> Feedlot Manure | E47: {=Common_InputFunctions.Utility_DisplayArrayInTable(Scope3_SourceData.Scope3_OrganicFertilisers_Data(), Table_Scope3_OrganicFertiliser[[#Headers],[Organic fertiliser type]], 0, 2)} -> Primary MMS | G47: {=Common_InputFunctions.Utility_DisplayArrayInTable(Scope3_SourceData.Scope3_OrganicFertilisers_Data(), Table_Scope3_OrganicFertiliser[[#Headers],[Organic fertiliser type]], 0, 1)} -> t | H47: {=Common_InputFunctions.Utility_DisplayArrayInTable(Scope3_SourceData.Scope3_OrganicFertilisers_Data(), Table_Scope3_OrganicFertiliser[[#Headers],[Organic fertiliser type]], 0, 1)} -> 20301 | J47: {=Common_InputFunctions.Utility_DisplayArrayInTable(Scope3_SourceData.Scope3_OrganicFertilisers_Data(), Table_Scope3_OrganicFertiliser[[#Headers],[Organic fertiliser type]], 0, 1)} -> t CO2-e / t | K47: =Table_Scope3_OrganicFertiliser[[#This Row],[Quantity]]*Table_Scope3_OrganicFertiliser[[#This Row],[AusLCI Emissions intensity]] -> 0 | L47: =Table_Scope3_OrganicFertiliser[[#This Row],[Quantity]]*IF(Table_Scope3_OrganicFertiliser[[#This Row],[Custom emissions intensity]], Table_Scope3_OrganicFertiliser[[#This Row],[Custom emissions intensity]], Table_Scope3_OrganicFertiliser[[#This Row],[AusLCI Emissions intensity]]) -> 0 | P47: {=Common_InputFunctions.Utility_LookupValueInTableNumber(Table_Scope3_OrganicFertiliser[[#This Row],[Custom emissions intensity source type (Select)]],#REF!,#REF!)} -> 0
D48: {=Common_InputFunctions.Utility_DisplayArrayInTable(Scope3_SourceData.Scope3_OrganicFertilisers_Data(), Table_Scope3_OrganicFertiliser[[#Headers],[Organic fertiliser type]], 0, 2)} -> Feedlot Manure | E48: {=Common_InputFunctions.Utility_DisplayArrayInTable(Scope3_SourceData.Scope3_OrganicFertilisers_Data(), Table_Scope3_OrganicFertiliser[[#Headers],[Organic fertiliser type]], 0, 2)} -> Secondary MMS | G48: {=Common_InputFunctions.Utility_DisplayArrayInTable(Scope3_SourceData.Scope3_OrganicFertilisers_Data(), Table_Scope3_OrganicFertiliser[[#Headers],[Organic fertiliser type]], 0, 1)} -> t | H48: {=Common_InputFunctions.Utility_DisplayArrayInTable(Scope3_SourceData.Scope3_OrganicFertilisers_Data(), Table_Scope3_OrganicFertiliser[[#Headers],[Organic fertiliser type]], 0, 1)} -> 20302 | J48: {=Common_InputFunctions.Utility_DisplayArrayInTable(Scope3_SourceData.Scope3_OrganicFertilisers_Data(), Table_Scope3_OrganicFertiliser[[#Headers],[Organic fertiliser type]], 0, 1)} -> t CO2-e / t | K48: =Table_Scope3_OrganicFertiliser[[#This Row],[Quantity]]*Table_Scope3_OrganicFertiliser[[#This Row],[AusLCI Emissions intensity]] -> 0 | L48: =Table_Scope3_OrganicFertiliser[[#This Row],[Quantity]]*IF(Table_Scope3_OrganicFertiliser[[#This Row],[Custom emissions intensity]], Table_Scope3_OrganicFertiliser[[#This Row],[Custom emissions intensity]], Table_Scope3_OrganicFertiliser[[#This Row],[AusLCI Emissions intensity]]) -> 0 | P48: {=Common_InputFunctions.Utility_LookupValueInTableNumber(Table_Scope3_OrganicFertiliser[[#This Row],[Custom emissions intensity source type (Select)]],#REF!,#REF!)} -> 0
D49: {=Common_InputFunctions.Utility_DisplayArrayInTable(Scope3_SourceData.Scope3_OrganicFertilisers_Data(), Table_Scope3_OrganicFertiliser[[#Headers],[Organic fertiliser type]], 0, 2)} -> Feedlot Manure | E49: {=Common_InputFunctions.Utility_DisplayArrayInTable(Scope3_SourceData.Scope3_OrganicFertilisers_Data(), Table_Scope3_OrganicFertiliser[[#Headers],[Organic fertiliser type]], 0, 2)} -> Tertiary MMS | G49: {=Common_InputFunctions.Utility_DisplayArrayInTable(Scope3_SourceData.Scope3_OrganicFertilisers_Data(), Table_Scope3_OrganicFertiliser[[#Headers],[Organic fertiliser type]], 0, 1)} -> t | H49: {=Common_InputFunctions.Utility_DisplayArrayInTable(Scope3_SourceData.Scope3_OrganicFertilisers_Data(), Table_Scope3_OrganicFertiliser[[#Headers],[Organic fertiliser type]], 0, 1)} -> 20303 | J49: {=Common_InputFunctions.Utility_DisplayArrayInTable(Scope3_SourceData.Scope3_OrganicFertilisers_Data(), Table_Scope3_OrganicFertiliser[[#Headers],[Organic fertiliser type]], 0, 1)} -> t CO2-e / t | K49: =Table_Scope3_OrganicFertiliser[[#This Row],[Quantity]]*Table_Scope3_OrganicFertiliser[[#This Row],[AusLCI Emissions intensity]] -> 0 | L49: =Table_Scope3_OrganicFertiliser[[#This Row],[Quantity]]*IF(Table_Scope3_OrganicFertiliser[[#This Row],[Custom emissions intensity]], Table_Scope3_OrganicFertiliser[[#This Row],[Custom emissions intensity]], Table_Scope3_OrganicFertiliser[[#This Row],[AusLCI Emissions intensity]]) -> 0 | P49: {=Common_InputFunctions.Utility_LookupValueInTableNumber(Table_Scope3_OrganicFertiliser[[#This Row],[Custom emissions intensity source type (Select)]],#REF!,#REF!)} -> 0
D50: {=Common_InputFunctions.Utility_DisplayArrayInTable(Scope3_SourceData.Scope3_OrganicFertilisers_Data(), Table_Scope3_OrganicFertiliser[[#Headers],[Organic fertiliser type]], 0, 2)} -> Poultry Manure | E50: {=Common_InputFunctions.Utility_DisplayArrayInTable(Scope3_SourceData.Scope3_OrganicFertilisers_Data(), Table_Scope3_OrganicFertiliser[[#Headers],[Organic fertiliser type]], 0, 2)} -> Primary MMS | G50: {=Common_InputFunctions.Utility_DisplayArrayInTable(Scope3_SourceData.Scope3_OrganicFertilisers_Data(), Table_Scope3_OrganicFertiliser[[#Headers],[Organic fertiliser type]], 0, 1)} -> t | H50: {=Common_InputFunctions.Utility_DisplayArrayInTable(Scope3_SourceData.Scope3_OrganicFertilisers_Data(), Table_Scope3_OrganicFertiliser[[#Headers],[Organic fertiliser type]], 0, 1)} -> 20401 | J50: {=Common_InputFunctions.Utility_DisplayArrayInTable(Scope3_SourceData.Scope3_OrganicFertilisers_Data(), Table_Scope3_OrganicFertiliser[[#Headers],[Organic fertiliser type]], 0, 1)} -> t CO2-e / t | K50: =Table_Scope3_OrganicFertiliser[[#This Row],[Quantity]]*Table_Scope3_OrganicFertiliser[[#This Row],[AusLCI Emissions intensity]] -> 0 | L50: =Table_Scope3_OrganicFertiliser[[#This Row],[Quantity]]*IF(Table_Scope3_OrganicFertiliser[[#This Row],[Custom emissions intensity]], Table_Scope3_OrganicFertiliser[[#This Row],[Custom emissions intensity]], Table_Scope3_OrganicFertiliser[[#This Row],[AusLCI Emissions intensity]]) -> 0 | P50: {=Common_InputFunctions.Utility_LookupValueInTableNumber(Table_Scope3_OrganicFertiliser[[#This Row],[Custom emissions intensity source type (Select)]],#REF!,#REF!)} -> 0
D51: {=Common_InputFunctions.Utility_DisplayArrayInTable(Scope3_SourceData.Scope3_OrganicFertilisers_Data(), Table_Scope3_OrganicFertiliser[[#Headers],[Organic fertiliser type]], 0, 2)} -> Poultry Manure | E51: {=Common_InputFunctions.Utility_DisplayArrayInTable(Scope3_SourceData.Scope3_OrganicFertilisers_Data(), Table_Scope3_OrganicFertiliser[[#Headers],[Organic fertiliser type]], 0, 2)} -> Secondary MMS | G51: {=Common_InputFunctions.Utility_DisplayArrayInTable(Scope3_SourceData.Scope3_OrganicFertilisers_Data(), Table_Scope3_OrganicFertiliser[[#Headers],[Organic fertiliser type]], 0, 1)} -> t | H51: {=Common_InputFunctions.Utility_DisplayArrayInTable(Scope3_SourceData.Scope3_OrganicFertilisers_Data(), Table_Scope3_OrganicFertiliser[[#Headers],[Organic fertiliser type]], 0, 1)} -> 20402 | J51: {=Common_InputFunctions.Utility_DisplayArrayInTable(Scope3_SourceData.Scope3_OrganicFertilisers_Data(), Table_Scope3_OrganicFertiliser[[#Headers],[Organic fertiliser type]], 0, 1)} -> t CO2-e / t | K51: =Table_Scope3_OrganicFertiliser[[#This Row],[Quantity]]*Table_Scope3_OrganicFertiliser[[#This Row],[AusLCI Emissions intensity]] -> 0 | L51: =Table_Scope3_OrganicFertiliser[[#This Row],[Quantity]]*IF(Table_Scope3_OrganicFertiliser[[#This Row],[Custom emissions intensity]], Table_Scope3_OrganicFertiliser[[#This Row],[Custom emissions intensity]], Table_Scope3_OrganicFertiliser[[#This Row],[AusLCI Emissions intensity]]) -> 0 | P51: {=Common_InputFunctions.Utility_LookupValueInTableNumber(Table_Scope3_OrganicFertiliser[[#This Row],[Custom emissions intensity source type (Select)]],#REF!,#REF!)} -> 0
D52: {=Common_InputFunctions.Utility_DisplayArrayInTable(Scope3_SourceData.Scope3_OrganicFertilisers_Data(), Table_Scope3_OrganicFertiliser[[#Headers],[Organic fertiliser type]], 0, 2)} -> Other | E52: {=Common_InputFunctions.Utility_DisplayArrayInTable(Scope3_SourceData.Scope3_OrganicFertilisers_Data(), Table_Scope3_OrganicFertiliser[[#Headers],[Organic fertiliser type]], 0, 2)} -> Location not specified | G52: {=Common_InputFunctions.Utility_DisplayArrayInTable(Scope3_SourceData.Scope3_OrganicFertilisers_Data(), Table_Scope3_OrganicFertiliser[[#Headers],[Organic fertiliser type]], 0, 1)} -> t | H52: {=Common_InputFunctions.Utility_DisplayArrayInTable(Scope3_SourceData.Scope3_OrganicFertilisers_Data(), Table_Scope3_OrganicFertiliser[[#Headers],[Organic fertiliser type]], 0, 1)} -> 20501 | J52: {=Common_InputFunctions.Utility_DisplayArrayInTable(Scope3_SourceData.Scope3_OrganicFertilisers_Data(), Table_Scope3_OrganicFertiliser[[#Headers],[Organic fertiliser type]], 0, 1)} -> t CO2-e / t | K52: =Table_Scope3_OrganicFertiliser[[#This Row],[Quantity]]*Table_Scope3_OrganicFertiliser[[#This Row],[AusLCI Emissions intensity]] -> 0 | L52: =Table_Scope3_OrganicFertiliser[[#This Row],[Quantity]]*IF(Table_Scope3_OrganicFertiliser[[#This Row],[Custom emissions intensity]], Table_Scope3_OrganicFertiliser[[#This Row],[Custom emissions intensity]], Table_Scope3_OrganicFertiliser[[#This Row],[AusLCI Emissions intensity]]) -> 0 | P52: {=Common_InputFunctions.Utility_LookupValueInTableNumber(Table_Scope3_OrganicFertiliser[[#This Row],[Custom emissions intensity source type (Select)]],#REF!,#REF!)} -> 0
D54: Total scope 3 - Organic fertiliser exc. custom | G54: =SUM(Table_Scope3_OrganicFertiliser[Scope 3 emissions exc. custom (t CO2-e)]) -> 0 | H54: t CO2-e
D55: Total scope 3 - Organic fertiliser inc. custom | G55: =SUM(Table_Scope3_OrganicFertiliser[Scope 3 emissions inc. custom (t CO2-e)2]) -> 0 | H55: t CO2-e
D58: {=Scope3_SourceData.Scope3_Livestock_Title()} -> Livestock scope 3
D59: {=Scope3_SourceData.Scope3_Livestock_Source()} -> Lifecycles. (2026). Greenhouse Gas Emission Intensities for Material Inputs to Australian Agriculture, Fisheries and Forestry. Version 48. doi 10.5281/zenodo.19656580
D61: Category | E61: Product | F61: Region of origin | G61: Quantity | H61: Quantity unit | I61: AusLCI Emissions intensity | J61: Custom emissions intensity | K61: Emissions intensity unit | L61: Scope 3 emissions exc. custom (t CO2-e) | M61: Scope 3 emissions inc. custom (t CO2-e)2 | N61: Custom emissions intensity source | O61: Custom emissions intensity source type (Select) | P61: Custom emissions intensity credential / certification link | Q61: Scope 3 data score
D62: {=Common_InputFunctions.Utility_DisplayArrayInTable(Scope3_SourceData.Scope3_Livestock_Data(), Table_Scope3_Livestock[[#Headers],[Category]], 0, 2)} -> Beef cattle | E62: {=Common_InputFunctions.Utility_DisplayArrayInTable(Scope3_SourceData.Scope3_Livestock_Data(), Table_Scope3_Livestock[[#Headers],[Category]], 0, 2)} -> Cattle, for manufacturing beef | F62: {=Common_InputFunctions.Utility_DisplayArrayInTable(Scope3_SourceData.Scope3_Livestock_Data(), Table_Scope3_Livestock[[#Headers],[Category]], 0, 2)} -> Australia | G62: {=Common_InputFunctions.Utility_SumQuantityFromCriteria(Table_Scope3_Livestock[[#This Row],[Product]],Table_Input_LivestockPurchases[Class (select)],Table_Input_LivestockPurchases[Quantity (head)],Table_Input_LivestockPurchases[Average liveweight (kg/head)],Table_Scope3_Livestock[[#This Row],[Region of origin]],IF(Table_Input_LivestockPurchases[Source region (Select)]="", "Australia", Table_Input_LivestockPurchases[Source region (Select)]))} -> 0 | H62: {=Common_InputFunctions.Utility_DisplayArrayInTable(Scope3_SourceData.Scope3_Livestock_Data(), Table_Scope3_Livestock[[#Headers],[Category]], 0, 1)} -> kg liveweight | I62: {=Common_InputFunctions.Utility_DisplayArrayInTable(Scope3_SourceData.Scope3_Livestock_Data(), Table_Scope3_Livestock[[#Headers],[Category]], 0, 1)} -> 11 | J62: 100 | K62: ="kg CO2e / " &Table_Scope3_Livestock[[#This Row],[Quantity unit]] -> kg CO2e / kg liveweight | L62: =Table_Scope3_Livestock[[#This Row],[Quantity]]*Table_Scope3_Livestock[[#This Row],[AusLCI Emissions intensity]] -> 0 | M62: =Table_Scope3_Livestock[[#This Row],[Quantity]]*IF(Table_Scope3_Livestock[[#This Row],[Custom emissions intensity]], Table_Scope3_Livestock[[#This Row],[Custom emissions intensity]], Table_Scope3_Livestock[[#This Row],[AusLCI Emissions intensity]]) -> 0 | Q62: {=Common_InputFunctions.Utility_LookupValueInTableNumber(Table_Scope3_Livestock[[#This Row],[Custom emissions intensity source type (Select)]],#REF!,#REF!)} -> 0
D63: {=Common_InputFunctions.Utility_DisplayArrayInTable(Scope3_SourceData.Scope3_Livestock_Data(), Table_Scope3_Livestock[[#Headers],[Category]], 0, 2)} -> Beef cattle | E63: {=Common_InputFunctions.Utility_DisplayArrayInTable(Scope3_SourceData.Scope3_Livestock_Data(), Table_Scope3_Livestock[[#Headers],[Category]], 0, 2)} -> Cattle, for manufacturing beef | F63: {=Common_InputFunctions.Utility_DisplayArrayInTable(Scope3_SourceData.Scope3_Livestock_Data(), Table_Scope3_Livestock[[#Headers],[Category]], 0, 2)} -> NSW | G63: {=Common_InputFunctions.Utility_SumQuantityFromCriteria(Table_Scope3_Livestock[[#This Row],[Product]],Table_Input_LivestockPurchases[Class (select)],Table_Input_LivestockPurchases[Quantity (head)],Table_Input_LivestockPurchases[Average liveweight (kg/head)],Table_Scope3_Livestock[[#This Row],[Region of origin]],IF(Table_Input_LivestockPurchases[Source region (Select)]="", "Australia", Table_Input_LivestockPurchases[Source region (Select)]))} -> 25000 | H63: {=Common_InputFunctions.Utility_DisplayArrayInTable(Scope3_SourceData.Scope3_Livestock_Data(), Table_Scope3_Livestock[[#Headers],[Category]], 0, 1)} -> kg liveweight | I63: {=Common_InputFunctions.Utility_DisplayArrayInTable(Scope3_SourceData.Scope3_Livestock_Data(), Table_Scope3_Livestock[[#Headers],[Category]], 0, 1)} -> 8.21 | J63: 8 | K63: ="kg CO2e / " &Table_Scope3_Livestock[[#This Row],[Quantity unit]] -> kg CO2e / kg liveweight | L63: =Table_Scope3_Livestock[[#This Row],[Quantity]]*Table_Scope3_Livestock[[#This Row],[AusLCI Emissions intensity]] -> 205250 | M63: =Table_Scope3_Livestock[[#This Row],[Quantity]]*IF(Table_Scope3_Livestock[[#This Row],[Custom emissions intensity]], Table_Scope3_Livestock[[#This Row],[Custom emissions intensity]], Table_Scope3_Livestock[[#This Row],[AusLCI Emissions intensity]]) -> 200000 | Q63: {=Common_InputFunctions.Utility_LookupValueInTableNumber(Table_Scope3_Livestock[[#This Row],[Custom emissions intensity source type (Select)]],#REF!,#REF!)} -> 0
D64: {=Common_InputFunctions.Utility_DisplayArrayInTable(Scope3_SourceData.Scope3_Livestock_Data(), Table_Scope3_Livestock[[#Headers],[Category]], 0, 2)} -> Beef cattle | E64: {=Common_InputFunctions.Utility_DisplayArrayInTable(Scope3_SourceData.Scope3_Livestock_Data(), Table_Scope3_Livestock[[#Headers],[Category]], 0, 2)} -> Cattle, for manufacturing beef | F64: {=Common_InputFunctions.Utility_DisplayArrayInTable(Scope3_SourceData.Scope3_Livestock_Data(), Table_Scope3_Livestock[[#Headers],[Category]], 0, 2)} -> NT | G64: {=Common_InputFunctions.Utility_SumQuantityFromCriteria(Table_Scope3_Livestock[[#This Row],[Product]],Table_Input_LivestockPurchases[Class (select)],Table_Input_LivestockPurchases[Quantity (head)],Table_Input_LivestockPurchases[Average liveweight (kg/head)],Table_Scope3_Livestock[[#This Row],[Region of origin]],IF(Table_Input_LivestockPurchases[Source region (Select)]="", "Australia", Table_Input_LivestockPurchases[Source region (Select)]))} -> 0 | H64: {=Common_InputFunctions.Utility_DisplayArrayInTable(Scope3_SourceData.Scope3_Livestock_Data(), Table_Scope3_Livestock[[#Headers],[Category]], 0, 1)} -> kg liveweight | I64: {=Common_InputFunctions.Utility_DisplayArrayInTable(Scope3_SourceData.Scope3_Livestock_Data(), Table_Scope3_Livestock[[#Headers],[Category]], 0, 1)} -> 12.2 | K64: ="kg CO2e / " &Table_Scope3_Livestock[[#This Row],[Quantity unit]] -> kg CO2e / kg liveweight | L64: =Table_Scope3_Livestock[[#This Row],[Quantity]]*Table_Scope3_Livestock[[#This Row],[AusLCI Emissions intensity]] -> 0 | M64: =Table_Scope3_Livestock[[#This Row],[Quantity]]*IF(Table_Scope3_Livestock[[#This Row],[Custom emissions intensity]], Table_Scope3_Livestock[[#This Row],[Custom emissions intensity]], Table_Scope3_Livestock[[#This Row],[AusLCI Emissions intensity]]) -> 0 | Q64: {=Common_InputFunctions.Utility_LookupValueInTableNumber(Table_Scope3_Livestock[[#This Row],[Custom emissions intensity source type (Select)]],#REF!,#REF!)} -> 0
D65: {=Common_InputFunctions.Utility_DisplayArrayInTable(Scope3_SourceData.Scope3_Livestock_Data(), Table_Scope3_Livestock[[#Headers],[Category]], 0, 2)} -> Beef cattle | E65: {=Common_InputFunctions.Utility_DisplayArrayInTable(Scope3_SourceData.Scope3_Livestock_Data(), Table_Scope3_Livestock[[#Headers],[Category]], 0, 2)} -> Cattle, for manufacturing beef | F65: {=Common_InputFunctions.Utility_DisplayArrayInTable(Scope3_SourceData.Scope3_Livestock_Data(), Table_Scope3_Livestock[[#Headers],[Category]], 0, 2)} -> QLD | G65: {=Common_InputFunctions.Utility_SumQuantityFromCriteria(Table_Scope3_Livestock[[#This Row],[Product]],Table_Input_LivestockPurchases[Class (select)],Table_Input_LivestockPurchases[Quantity (head)],Table_Input_LivestockPurchases[Average liveweight (kg/head)],Table_Scope3_Livestock[[#This Row],[Region of origin]],IF(Table_Input_LivestockPurchases[Source region (Select)]="", "Australia", Table_Input_LivestockPurchases[Source region (Select)]))} -> 0 | H65: {=Common_InputFunctions.Utility_DisplayArrayInTable(Scope3_SourceData.Scope3_Livestock_Data(), Table_Scope3_Livestock[[#Headers],[Category]], 0, 1)} -> kg liveweight | I65: {=Common_InputFunctions.Utility_DisplayArrayInTable(Scope3_SourceData.Scope3_Livestock_Data(), Table_Scope3_Livestock[[#Headers],[Category]], 0, 1)} -> 10.9 | K65: ="kg CO2e / " &Table_Scope3_Livestock[[#This Row],[Quantity unit]] -> kg CO2e / kg liveweight | L65: =Table_Scope3_Livestock[[#This Row],[Quantity]]*Table_Scope3_Livestock[[#This Row],[AusLCI Emissions intensity]] -> 0 | M65: =Table_Scope3_Livestock[[#This Row],[Quantity]]*IF(Table_Scope3_Livestock[[#This Row],[Custom emissions intensity]], Table_Scope3_Livestock[[#This Row],[Custom emissions intensity]], Table_Scope3_Livestock[[#This Row],[AusLCI Emissions intensity]]) -> 0 | Q65: {=Common_InputFunctions.Utility_LookupValueInTableNumber(Table_Scope3_Livestock[[#This Row],[Custom emissions intensity source type (Select)]],#REF!,#REF!)} -> 0
D66: {=Common_InputFunctions.Utility_DisplayArrayInTable(Scope3_SourceData.Scope3_Livestock_Data(), Table_Scope3_Livestock[[#Headers],[Category]], 0, 2)} -> Beef cattle | E66: {=Common_InputFunctions.Utility_DisplayArrayInTable(Scope3_SourceData.Scope3_Livestock_Data(), Table_Scope3_Livestock[[#Headers],[Category]], 0, 2)} -> Cattle, for manufacturing beef | F66: {=Common_InputFunctions.Utility_DisplayArrayInTable(Scope3_SourceData.Scope3_Livestock_Data(), Table_Scope3_Livestock[[#Headers],[Category]], 0, 2)} -> SA | G66: {=Common_InputFunctions.Utility_SumQuantityFromCriteria(Table_Scope3_Livestock[[#This Row],[Product]],Table_Input_LivestockPurchases[Class (select)],Table_Input_LivestockPurchases[Quantity (head)],Table_Input_LivestockPurchases[Average liveweight (kg/head)],Table_Scope3_Livestock[[#This Row],[Region of origin]],IF(Table_Input_LivestockPurchases[Source region (Select)]="", "Australia", Table_Input_LivestockPurchases[Source region (Select)]))} -> 0 | H66: {=Common_InputFunctions.Utility_DisplayArrayInTable(Scope3_SourceData.Scope3_Livestock_Data(), Table_Scope3_Livestock[[#Headers],[Category]], 0, 1)} -> kg liveweight | I66: {=Common_InputFunctions.Utility_DisplayArrayInTable(Scope3_SourceData.Scope3_Livestock_Data(), Table_Scope3_Livestock[[#Headers],[Category]], 0, 1)} -> 7.63 | K66: ="kg CO2e / " &Table_Scope3_Livestock[[#This Row],[Quantity unit]] -> kg CO2e / kg liveweight | L66: =Table_Scope3_Livestock[[#This Row],[Quantity]]*Table_Scope3_Livestock[[#This Row],[AusLCI Emissions intensity]] -> 0 | M66: =Table_Scope3_Livestock[[#This Row],[Quantity]]*IF(Table_Scope3_Livestock[[#This Row],[Custom emissions intensity]], Table_Scope3_Livestock[[#This Row],[Custom emissions intensity]], Table_Scope3_Livestock[[#This Row],[AusLCI Emissions intensity]]) -> 0 | Q66: {=Common_InputFunctions.Utility_LookupValueInTableNumber(Table_Scope3_Livestock[[#This Row],[Custom emissions intensity source type (Select)]],#REF!,#REF!)} -> 0
D67: {=Common_InputFunctions.Utility_DisplayArrayInTable(Scope3_SourceData.Scope3_Livestock_Data(), Table_Scope3_Livestock[[#Headers],[Category]], 0, 2)} -> Beef cattle | E67: {=Common_InputFunctions.Utility_DisplayArrayInTable(Scope3_SourceData.Scope3_Livestock_Data(), Table_Scope3_Livestock[[#Headers],[Category]], 0, 2)} -> Cattle, for manufacturing beef | F67: {=Common_InputFunctions.Utility_DisplayArrayInTable(Scope3_SourceData.Scope3_Livestock_Data(), Table_Scope3_Livestock[[#Headers],[Category]], 0, 2)} -> TAS | G67: {=Common_InputFunctions.Utility_SumQuantityFromCriteria(Table_Scope3_Livestock[[#This Row],[Product]],Table_Input_LivestockPurchases[Class (select)],Table_Input_LivestockPurchases[Quantity (head)],Table_Input_LivestockPurchases[Average liveweight (kg/head)],Table_Scope3_Livestock[[#This Row],[Region of origin]],IF(Table_Input_LivestockPurchases[Source region (Select)]="", "Australia", Table_Input_LivestockPurchases[Source region (Select)]))} -> 0 | H67: {=Common_InputFunctions.Utility_DisplayArrayInTable(Scope3_SourceData.Scope3_Livestock_Data(), Table_Scope3_Livestock[[#Headers],[Category]], 0, 1)} -> kg liveweight | I67: {=Common_InputFunctions.Utility_DisplayArrayInTable(Scope3_SourceData.Scope3_Livestock_Data(), Table_Scope3_Livestock[[#Headers],[Category]], 0, 1)} -> 8.75 | K67: ="kg CO2e / " &Table_Scope3_Livestock[[#This Row],[Quantity unit]] -> kg CO2e / kg liveweight | L67: =Table_Scope3_Livestock[[#This Row],[Quantity]]*Table_Scope3_Livestock[[#This Row],[AusLCI Emissions intensity]] -> 0 | M67: =Table_Scope3_Livestock[[#This Row],[Quantity]]*IF(Table_Scope3_Livestock[[#This Row],[Custom emissions intensity]], Table_Scope3_Livestock[[#This Row],[Custom emissions intensity]], Table_Scope3_Livestock[[#This Row],[AusLCI Emissions intensity]]) -> 0 | Q67: {=Common_InputFunctions.Utility_LookupValueInTableNumber(Table_Scope3_Livestock[[#This Row],[Custom emissions intensity source type (Select)]],#REF!,#REF!)} -> 0
D68: {=Common_InputFunctions.Utility_DisplayArrayInTable(Scope3_SourceData.Scope3_Livestock_Data(), Table_Scope3_Livestock[[#Headers],[Category]], 0, 2)} -> Beef cattle | E68: {=Common_InputFunctions.Utility_DisplayArrayInTable(Scope3_SourceData.Scope3_Livestock_Data(), Table_Scope3_Livestock[[#Headers],[Category]], 0, 2)} -> Cattle, for manufacturing beef | F68: {=Common_InputFunctions.Utility_DisplayArrayInTable(Scope3_SourceData.Scope3_Livestock_Data(), Table_Scope3_Livestock[[#Headers],[Category]], 0, 2)} -> VIC | G68: {=Common_InputFunctions.Utility_SumQuantityFromCriteria(Table_Scope3_Livestock[[#This Row],[Product]],Table_Input_LivestockPurchases[Class (select)],Table_Input_LivestockPurchases[Quantity (head)],Table_Input_LivestockPurchases[Average liveweight (kg/head)],Table_Scope3_Livestock[[#This Row],[Region of origin]],IF(Table_Input_LivestockPurchases[Source region (Select)]="", "Australia", Table_Input_LivestockPurchases[Source region (Select)]))} -> 0 | H68: {=Common_InputFunctions.Utility_DisplayArrayInTable(Scope3_SourceData.Scope3_Livestock_Data(), Table_Scope3_Livestock[[#Headers],[Category]], 0, 1)} -> kg liveweight | I68: {=Common_InputFunctions.Utility_DisplayArrayInTable(Scope3_SourceData.Scope3_Livestock_Data(), Table_Scope3_Livestock[[#Headers],[Category]], 0, 1)} -> 8.17 | K68: ="kg CO2e / " &Table_Scope3_Livestock[[#This Row],[Quantity unit]] -> kg CO2e / kg liveweight | L68: =Table_Scope3_Livestock[[#This Row],[Quantity]]*Table_Scope3_Livestock[[#This Row],[AusLCI Emissions intensity]] -> 0 | M68: =Table_Scope3_Livestock[[#This Row],[Quantity]]*IF(Table_Scope3_Livestock[[#This Row],[Custom emissions intensity]], Table_Scope3_Livestock[[#This Row],[Custom emissions intensity]], Table_Scope3_Livestock[[#This Row],[AusLCI Emissions intensity]]) -> 0 | Q68: {=Common_InputFunctions.Utility_LookupValueInTableNumber(Table_Scope3_Livestock[[#This Row],[Custom emissions intensity source type (Select)]],#REF!,#REF!)} -> 0
D69: {=Common_InputFunctions.Utility_DisplayArrayInTable(Scope3_SourceData.Scope3_Livestock_Data(), Table_Scope3_Livestock[[#Headers],[Category]], 0, 2)} -> Beef cattle | E69: {=Common_InputFunctions.Utility_DisplayArrayInTable(Scope3_SourceData.Scope3_Livestock_Data(), Table_Scope3_Livestock[[#Headers],[Category]], 0, 2)} -> Cattle, for manufacturing beef | F69: {=Common_InputFunctions.Utility_DisplayArrayInTable(Scope3_SourceData.Scope3_Livestock_Data(), Table_Scope3_Livestock[[#Headers],[Category]], 0, 2)} -> WA | G69: {=Common_InputFunctions.Utility_SumQuantityFromCriteria(Table_Scope3_Livestock[[#This Row],[Product]],Table_Input_LivestockPurchases[Class (select)],Table_Input_LivestockPurchases[Quantity (head)],Table_Input_LivestockPurchases[Average liveweight (kg/head)],Table_Scope3_Livestock[[#This Row],[Region of origin]],IF(Table_Input_LivestockPurchases[Source region (Select)]="", "Australia", Table_Input_LivestockPurchases[Source region (Select)]))} -> 0 | H69: {=Common_InputFunctions.Utility_DisplayArrayInTable(Scope3_SourceData.Scope3_Livestock_Data(), Table_Scope3_Livestock[[#Headers],[Category]], 0, 1)} -> kg liveweight | I69: {=Common_InputFunctions.Utility_DisplayArrayInTable(Scope3_SourceData.Scope3_Livestock_Data(), Table_Scope3_Livestock[[#Headers],[Category]], 0, 1)} -> 13.1 | K69: ="kg CO2e / " &Table_Scope3_Livestock[[#This Row],[Quantity unit]] -> kg CO2e / kg liveweight | L69: =Table_Scope3_Livestock[[#This Row],[Quantity]]*Table_Scope3_Livestock[[#This Row],[AusLCI Emissions intensity]] -> 0 | M69: =Table_Scope3_Livestock[[#This Row],[Quantity]]*IF(Table_Scope3_Livestock[[#This Row],[Custom emissions intensity]], Table_Scope3_Livestock[[#This Row],[Custom emissions intensity]], Table_Scope3_Livestock[[#This Row],[AusLCI Emissions intensity]]) -> 0 | Q69: {=Common_InputFunctions.Utility_LookupValueInTableNumber(Table_Scope3_Livestock[[#This Row],[Custom emissions intensity source type (Select)]],#REF!,#REF!)} -> 0
D70: {=Common_InputFunctions.Utility_DisplayArrayInTable(Scope3_SourceData.Scope3_Livestock_Data(), Table_Scope3_Livestock[[#Headers],[Category]], 0, 2)} -> Beef cattle | E70: {=Common_InputFunctions.Utility_DisplayArrayInTable(Scope3_SourceData.Scope3_Livestock_Data(), Table_Scope3_Livestock[[#Headers],[Category]], 0, 2)} -> Cattle, for prime beef | F70: {=Common_InputFunctions.Utility_DisplayArrayInTable(Scope3_SourceData.Scope3_Livestock_Data(), Table_Scope3_Livestock[[#Headers],[Category]], 0, 2)} -> Australia | G70: {=Common_InputFunctions.Utility_SumQuantityFromCriteria(Table_Scope3_Livestock[[#This Row],[Product]],Table_Input_LivestockPurchases[Class (select)],Table_Input_LivestockPurchases[Quantity (head)],Table_Input_LivestockPurchases[Average liveweight (kg/head)],Table_Scope3_Livestock[[#This Row],[Region of origin]],IF(Table_Input_LivestockPurchases[Source region (Select)]="", "Australia", Table_Input_LivestockPurchases[Source region (Select)]))} -> 0 | H70: {=Common_InputFunctions.Utility_DisplayArrayInTable(Scope3_SourceData.Scope3_Livestock_Data(), Table_Scope3_Livestock[[#Headers],[Category]], 0, 1)} -> kg liveweight | I70: {=Common_InputFunctions.Utility_DisplayArrayInTable(Scope3_SourceData.Scope3_Livestock_Data(), Table_Scope3_Livestock[[#Headers],[Category]], 0, 1)} -> 14.5 | K70: ="kg CO2e / " &Table_Scope3_Livestock[[#This Row],[Quantity unit]] -> kg CO2e / kg liveweight | L70: =Table_Scope3_Livestock[[#This Row],[Quantity]]*Table_Scope3_Livestock[[#This Row],[AusLCI Emissions intensity]] -> 0 | M70: =Table_Scope3_Livestock[[#This Row],[Quantity]]*IF(Table_Scope3_Livestock[[#This Row],[Custom emissions intensity]], Table_Scope3_Livestock[[#This Row],[Custom emissions intensity]], Table_Scope3_Livestock[[#This Row],[AusLCI Emissions intensity]]) -> 0 | Q70: {=Common_InputFunctions.Utility_LookupValueInTableNumber(Table_Scope3_Livestock[[#This Row],[Custom emissions intensity source type (Select)]],#REF!,#REF!)} -> 0
D71: {=Common_InputFunctions.Utility_DisplayArrayInTable(Scope3_SourceData.Scope3_Livestock_Data(), Table_Scope3_Livestock[[#Headers],[Category]], 0, 2)} -> Beef cattle | E71: {=Common_InputFunctions.Utility_DisplayArrayInTable(Scope3_SourceData.Scope3_Livestock_Data(), Table_Scope3_Livestock[[#Headers],[Category]], 0, 2)} -> Cattle, for prime beef | F71: {=Common_InputFunctions.Utility_DisplayArrayInTable(Scope3_SourceData.Scope3_Livestock_Data(), Table_Scope3_Livestock[[#Headers],[Category]], 0, 2)} -> NSW | G71: {=Common_InputFunctions.Utility_SumQuantityFromCriteria(Table_Scope3_Livestock[[#This Row],[Product]],Table_Input_LivestockPurchases[Class (select)],Table_Input_LivestockPurchases[Quantity (head)],Table_Input_LivestockPurchases[Average liveweight (kg/head)],Table_Scope3_Livestock[[#This Row],[Region of origin]],IF(Table_Input_LivestockPurchases[Source region (Select)]="", "Australia", Table_Input_LivestockPurchases[Source region (Select)]))} -> 0 | H71: {=Common_InputFunctions.Utility_DisplayArrayInTable(Scope3_SourceData.Scope3_Livestock_Data(), Table_Scope3_Livestock[[#Headers],[Category]], 0, 1)} -> kg liveweight | I71: {=Common_InputFunctions.Utility_DisplayArrayInTable(Scope3_SourceData.Scope3_Livestock_Data(), Table_Scope3_Livestock[[#Headers],[Category]], 0, 1)} -> 11.3 | K71: ="kg CO2e / " &Table_Scope3_Livestock[[#This Row],[Quantity unit]] -> kg CO2e / kg liveweight | L71: =Table_Scope3_Livestock[[#This Row],[Quantity]]*Table_Scope3_Livestock[[#This Row],[AusLCI Emissions intensity]] -> 0 | M71: =Table_Scope3_Livestock[[#This Row],[Quantity]]*IF(Table_Scope3_Livestock[[#This Row],[Custom emissions intensity]], Table_Scope3_Livestock[[#This Row],[Custom emissions intensity]], Table_Scope3_Livestock[[#This Row],[AusLCI Emissions intensity]]) -> 0 | Q71: {=Common_InputFunctions.Utility_LookupValueInTableNumber(Table_Scope3_Livestock[[#This Row],[Custom emissions intensity source type (Select)]],#REF!,#REF!)} -> 0
D72: {=Common_InputFunctions.Utility_DisplayArrayInTable(Scope3_SourceData.Scope3_Livestock_Data(), Table_Scope3_Livestock[[#Headers],[Category]], 0, 2)} -> Beef cattle | E72: {=Common_InputFunctions.Utility_DisplayArrayInTable(Scope3_SourceData.Scope3_Livestock_Data(), Table_Scope3_Livestock[[#Headers],[Category]], 0, 2)} -> Cattle, for prime beef | F72: {=Common_InputFunctions.Utility_DisplayArrayInTable(Scope3_SourceData.Scope3_Livestock_Data(), Table_Scope3_Livestock[[#Headers],[Category]], 0, 2)} -> NT | G72: {=Common_InputFunctions.Utility_SumQuantityFromCriteria(Table_Scope3_Livestock[[#This Row],[Product]],Table_Input_LivestockPurchases[Class (select)],Table_Input_LivestockPurchases[Quantity (head)],Table_Input_LivestockPurchases[Average liveweight (kg/head)],Table_Scope3_Livestock[[#This Row],[Region of origin]],IF(Table_Input_LivestockPurchases[Source region (Select)]="", "Australia", Table_Input_LivestockPurchases[Source region (Select)]))} -> 0 | H72: {=Common_InputFunctions.Utility_DisplayArrayInTable(Scope3_SourceData.Scope3_Livestock_Data(), Table_Scope3_Livestock[[#Headers],[Category]], 0, 1)} -> kg liveweight | I72: {=Common_InputFunctions.Utility_DisplayArrayInTable(Scope3_SourceData.Scope3_Livestock_Data(), Table_Scope3_Livestock[[#Headers],[Category]], 0, 1)} -> 18.9 | K72: ="kg CO2e / " &Table_Scope3_Livestock[[#This Row],[Quantity unit]] -> kg CO2e / kg liveweight | L72: =Table_Scope3_Livestock[[#This Row],[Quantity]]*Table_Scope3_Livestock[[#This Row],[AusLCI Emissions intensity]] -> 0 | M72: =Table_Scope3_Livestock[[#This Row],[Quantity]]*IF(Table_Scope3_Livestock[[#This Row],[Custom emissions intensity]], Table_Scope3_Livestock[[#This Row],[Custom emissions intensity]], Table_Scope3_Livestock[[#This Row],[AusLCI Emissions intensity]]) -> 0 | Q72: {=Common_InputFunctions.Utility_LookupValueInTableNumber(Table_Scope3_Livestock[[#This Row],[Custom emissions intensity source type (Select)]],#REF!,#REF!)} -> 0
D73: {=Common_InputFunctions.Utility_DisplayArrayInTable(Scope3_SourceData.Scope3_Livestock_Data(), Table_Scope3_Livestock[[#Headers],[Category]], 0, 2)} -> Beef cattle | E73: {=Common_InputFunctions.Utility_DisplayArrayInTable(Scope3_SourceData.Scope3_Livestock_Data(), Table_Scope3_Livestock[[#Headers],[Category]], 0, 2)} -> Cattle, for prime beef | F73: {=Common_InputFunctions.Utility_DisplayArrayInTable(Scope3_SourceData.Scope3_Livestock_Data(), Table_Scope3_Livestock[[#Headers],[Category]], 0, 2)} -> QLD | G73: {=Common_InputFunctions.Utility_SumQuantityFromCriteria(Table_Scope3_Livestock[[#This Row],[Product]],Table_Input_LivestockPurchases[Class (select)],Table_Input_LivestockPurchases[Quantity (head)],Table_Input_LivestockPurchases[Average liveweight (kg/head)],Table_Scope3_Livestock[[#This Row],[Region of origin]],IF(Table_Input_LivestockPurchases[Source region (Select)]="", "Australia", Table_Input_LivestockPurchases[Source region (Select)]))} -> 0 | H73: {=Common_InputFunctions.Utility_DisplayArrayInTable(Scope3_SourceData.Scope3_Livestock_Data(), Table_Scope3_Livestock[[#Headers],[Category]], 0, 1)} -> kg liveweight | I73: {=Common_InputFunctions.Utility_DisplayArrayInTable(Scope3_SourceData.Scope3_Livestock_Data(), Table_Scope3_Livestock[[#Headers],[Category]], 0, 1)} -> 13.9 | K73: ="kg CO2e / " &Table_Scope3_Livestock[[#This Row],[Quantity unit]] -> kg CO2e / kg liveweight | L73: =Table_Scope3_Livestock[[#This Row],[Quantity]]*Table_Scope3_Livestock[[#This Row],[AusLCI Emissions intensity]] -> 0 | M73: =Table_Scope3_Livestock[[#This Row],[Quantity]]*IF(Table_Scope3_Livestock[[#This Row],[Custom emissions intensity]], Table_Scope3_Livestock[[#This Row],[Custom emissions intensity]], Table_Scope3_Livestock[[#This Row],[AusLCI Emissions intensity]]) -> 0 | Q73: {=Common_InputFunctions.Utility_LookupValueInTableNumber(Table_Scope3_Livestock[[#This Row],[Custom emissions intensity source type (Select)]],#REF!,#REF!)} -> 0
D74: {=Common_InputFunctions.Utility_DisplayArrayInTable(Scope3_SourceData.Scope3_Livestock_Data(), Table_Scope3_Livestock[[#Headers],[Category]], 0, 2)} -> Beef cattle | E74: {=Common_InputFunctions.Utility_DisplayArrayInTable(Scope3_SourceData.Scope3_Livestock_Data(), Table_Scope3_Livestock[[#Headers],[Category]], 0, 2)} -> Cattle, for prime beef | F74: {=Common_InputFunctions.Utility_DisplayArrayInTable(Scope3_SourceData.Scope3_Livestock_Data(), Table_Scope3_Livestock[[#Headers],[Category]], 0, 2)} -> SA | G74: {=Common_InputFunctions.Utility_SumQuantityFromCriteria(Table_Scope3_Livestock[[#This Row],[Product]],Table_Input_LivestockPurchases[Class (select)],Table_Input_LivestockPurchases[Quantity (head)],Table_Input_LivestockPurchases[Average liveweight (kg/head)],Table_Scope3_Livestock[[#This Row],[Region of origin]],IF(Table_Input_LivestockPurchases[Source region (Select)]="", "Australia", Table_Input_LivestockPurchases[Source region (Select)]))} -> 0 | H74: {=Common_InputFunctions.Utility_DisplayArrayInTable(Scope3_SourceData.Scope3_Livestock_Data(), Table_Scope3_Livestock[[#Headers],[Category]], 0, 1)} -> kg liveweight | I74: {=Common_InputFunctions.Utility_DisplayArrayInTable(Scope3_SourceData.Scope3_Livestock_Data(), Table_Scope3_Livestock[[#Headers],[Category]], 0, 1)} -> 12.3 | K74: ="kg CO2e / " &Table_Scope3_Livestock[[#This Row],[Quantity unit]] -> kg CO2e / kg liveweight | L74: =Table_Scope3_Livestock[[#This Row],[Quantity]]*Table_Scope3_Livestock[[#This Row],[AusLCI Emissions intensity]] -> 0 | M74: =Table_Scope3_Livestock[[#This Row],[Quantity]]*IF(Table_Scope3_Livestock[[#This Row],[Custom emissions intensity]], Table_Scope3_Livestock[[#This Row],[Custom emissions intensity]], Table_Scope3_Livestock[[#This Row],[AusLCI Emissions intensity]]) -> 0 | Q74: {=Common_InputFunctions.Utility_LookupValueInTableNumber(Table_Scope3_Livestock[[#This Row],[Custom emissions intensity source type (Select)]],#REF!,#REF!)} -> 0
D75: {=Common_InputFunctions.Utility_DisplayArrayInTable(Scope3_SourceData.Scope3_Livestock_Data(), Table_Scope3_Livestock[[#Headers],[Category]], 0, 2)} -> Beef cattle | E75: {=Common_InputFunctions.Utility_DisplayArrayInTable(Scope3_SourceData.Scope3_Livestock_Data(), Table_Scope3_Livestock[[#Headers],[Category]], 0, 2)} -> Cattle, for prime beef | F75: {=Common_InputFunctions.Utility_DisplayArrayInTable(Scope3_SourceData.Scope3_Livestock_Data(), Table_Scope3_Livestock[[#Headers],[Category]], 0, 2)} -> TAS | G75: {=Common_InputFunctions.Utility_SumQuantityFromCriteria(Table_Scope3_Livestock[[#This Row],[Product]],Table_Input_LivestockPurchases[Class (select)],Table_Input_LivestockPurchases[Quantity (head)],Table_Input_LivestockPurchases[Average liveweight (kg/head)],Table_Scope3_Livestock[[#This Row],[Region of origin]],IF(Table_Input_LivestockPurchases[Source region (Select)]="", "Australia", Table_Input_LivestockPurchases[Source region (Select)]))} -> 0 | H75: {=Common_InputFunctions.Utility_DisplayArrayInTable(Scope3_SourceData.Scope3_Livestock_Data(), Table_Scope3_Livestock[[#Headers],[Category]], 0, 1)} -> kg liveweight | I75: {=Common_InputFunctions.Utility_DisplayArrayInTable(Scope3_SourceData.Scope3_Livestock_Data(), Table_Scope3_Livestock[[#Headers],[Category]], 0, 1)} -> 11.5 | K75: ="kg CO2e / " &Table_Scope3_Livestock[[#This Row],[Quantity unit]] -> kg CO2e / kg liveweight | L75: =Table_Scope3_Livestock[[#This Row],[Quantity]]*Table_Scope3_Livestock[[#This Row],[AusLCI Emissions intensity]] -> 0 | M75: =Table_Scope3_Livestock[[#This Row],[Quantity]]*IF(Table_Scope3_Livestock[[#This Row],[Custom emissions intensity]], Table_Scope3_Livestock[[#This Row],[Custom emissions intensity]], Table_Scope3_Livestock[[#This Row],[AusLCI Emissions intensity]]) -> 0 | Q75: {=Common_InputFunctions.Utility_LookupValueInTableNumber(Table_Scope3_Livestock[[#This Row],[Custom emissions intensity source type (Select)]],#REF!,#REF!)} -> 0
... D86: {=Common_InputFunctions.Utility_DisplayArrayInTable(Scope3_SourceData.Scope3_Livestock_Data(), Table_Scope3_Livestock[[#Headers],[Category]], 0, 2)} -> Chickens | E86: {=Common_InputFunctions.Utility_DisplayArrayInTable(Scope3_SourceData.Scope3_Livestock_Data(), Table_Scope3_Livestock[[#Headers],[Category]], 0, 2)} -> Chickens | F86: {=Common_InputFunctions.Utility_DisplayArrayInTable(Scope3_SourceData.Scope3_Livestock_Data(), Table_Scope3_Livestock[[#Headers],[Category]], 0, 2)} -> Australia | G86: {=Common_InputFunctions.Utility_SumQuantityFromCriteria(Table_Scope3_Livestock[[#This Row],[Product]],Table_Input_LivestockPurchases[Class (select)],Table_Input_LivestockPurchases[Quantity (head)],Table_Input_LivestockPurchases[Average liveweight (kg/head)],Table_Scope3_Livestock[[#This Row],[Region of origin]],IF(Table_Input_LivestockPurchases[Source region (Select)]="", "Australia", Table_Input_LivestockPurchases[Source region (Select)]))} -> 25000 | H86: {=Common_InputFunctions.Utility_DisplayArrayInTable(Scope3_SourceData.Scope3_Livestock_Data(), Table_Scope3_Livestock[[#Headers],[Category]], 0, 1)} -> kg liveweight | I86: {=Common_InputFunctions.Utility_DisplayArrayInTable(Scope3_SourceData.Scope3_Livestock_Data(), Table_Scope3_Livestock[[#Headers],[Category]], 0, 1)} -> 1.36 | K86: ="kg CO2e / " &Table_Scope3_Livestock[[#This Row],[Quantity unit]] -> kg CO2e / kg liveweight | L86: =Table_Scope3_Livestock[[#This Row],[Quantity]]*Table_Scope3_Livestock[[#This Row],[AusLCI Emissions intensity]] -> 34000 | M86: =Table_Scope3_Livestock[[#This Row],[Quantity]]*IF(Table_Scope3_Livestock[[#This Row],[Custom emissions intensity]], Table_Scope3_Livestock[[#This Row],[Custom emissions intensity]], Table_Scope3_Livestock[[#This Row],[AusLCI Emissions intensity]]) -> 34000 | Q86: {=Common_InputFunctions.Utility_LookupValueInTableNumber(Table_Scope3_Livestock[[#This Row],[Custom emissions intensity source type (Select)]],#REF!,#REF!)} -> 0
D87: {=Common_InputFunctions.Utility_DisplayArrayInTable(Scope3_SourceData.Scope3_Livestock_Data(), Table_Scope3_Livestock[[#Headers],[Category]], 0, 2)} -> Dairy cattle | E87: {=Common_InputFunctions.Utility_DisplayArrayInTable(Scope3_SourceData.Scope3_Livestock_Data(), Table_Scope3_Livestock[[#Headers],[Category]], 0, 2)} -> Dairy cows | F87: {=Common_InputFunctions.Utility_DisplayArrayInTable(Scope3_SourceData.Scope3_Livestock_Data(), Table_Scope3_Livestock[[#Headers],[Category]], 0, 2)} -> VIC | G87: {=Common_InputFunctions.Utility_SumQuantityFromCriteria(Table_Scope3_Livestock[[#This Row],[Product]],Table_Input_LivestockPurchases[Class (select)],Table_Input_LivestockPurchases[Quantity (head)],Table_Input_LivestockPurchases[Average liveweight (kg/head)],Table_Scope3_Livestock[[#This Row],[Region of origin]],IF(Table_Input_LivestockPurchases[Source region (Select)]="", "VIC", Table_Input_LivestockPurchases[Source region (Select)]))} -> 25000 | H87: {=Common_InputFunctions.Utility_DisplayArrayInTable(Scope3_SourceData.Scope3_Livestock_Data(), Table_Scope3_Livestock[[#Headers],[Category]], 0, 1)} -> kg liveweight | I87: {=Common_InputFunctions.Utility_DisplayArrayInTable(Scope3_SourceData.Scope3_Livestock_Data(), Table_Scope3_Livestock[[#Headers],[Category]], 0, 1)} -> 4.41 | K87: ="kg CO2e / " &Table_Scope3_Livestock[[#This Row],[Quantity unit]] -> kg CO2e / kg liveweight | L87: =Table_Scope3_Livestock[[#This Row],[Quantity]]*Table_Scope3_Livestock[[#This Row],[AusLCI Emissions intensity]] -> 110250 | M87: =Table_Scope3_Livestock[[#This Row],[Quantity]]*IF(Table_Scope3_Livestock[[#This Row],[Custom emissions intensity]], Table_Scope3_Livestock[[#This Row],[Custom emissions intensity]], Table_Scope3_Livestock[[#This Row],[AusLCI Emissions intensity]]) -> 110250 | Q87: {=Common_InputFunctions.Utility_LookupValueInTableNumber(Table_Scope3_Livestock[[#This Row],[Custom emissions intensity source type (Select)]],#REF!,#REF!)} -> 0
D88: {=Common_InputFunctions.Utility_DisplayArrayInTable(Scope3_SourceData.Scope3_Livestock_Data(), Table_Scope3_Livestock[[#Headers],[Category]], 0, 2)} -> Pigs | E88: {=Common_InputFunctions.Utility_DisplayArrayInTable(Scope3_SourceData.Scope3_Livestock_Data(), Table_Scope3_Livestock[[#Headers],[Category]], 0, 2)} -> Pigs | F88: {=Common_InputFunctions.Utility_DisplayArrayInTable(Scope3_SourceData.Scope3_Livestock_Data(), Table_Scope3_Livestock[[#Headers],[Category]], 0, 2)} -> Australia | G88: {=Common_InputFunctions.Utility_SumQuantityFromCriteria(Table_Scope3_Livestock[[#This Row],[Product]],Table_Input_LivestockPurchases[Class (select)],Table_Input_LivestockPurchases[Quantity (head)],Table_Input_LivestockPurchases[Average liveweight (kg/head)],Table_Scope3_Livestock[[#This Row],[Region of origin]],IF(Table_Input_LivestockPurchases[Source region (Select)]="", "Australia", Table_Input_LivestockPurchases[Source region (Select)]))} -> 25000 | H88: {=Common_InputFunctions.Utility_DisplayArrayInTable(Scope3_SourceData.Scope3_Livestock_Data(), Table_Scope3_Livestock[[#Headers],[Category]], 0, 1)} -> kg liveweight | I88: {=Common_InputFunctions.Utility_DisplayArrayInTable(Scope3_SourceData.Scope3_Livestock_Data(), Table_Scope3_Livestock[[#Headers],[Category]], 0, 1)} -> 3.38 | K88: ="kg CO2e / " &Table_Scope3_Livestock[[#This Row],[Quantity unit]] -> kg CO2e / kg liveweight | L88: =Table_Scope3_Livestock[[#This Row],[Quantity]]*Table_Scope3_Livestock[[#This Row],[AusLCI Emissions intensity]] -> 84500 | M88: =Table_Scope3_Livestock[[#This Row],[Quantity]]*IF(Table_Scope3_Livestock[[#This Row],[Custom emissions intensity]], Table_Scope3_Livestock[[#This Row],[Custom emissions intensity]], Table_Scope3_Livestock[[#This Row],[AusLCI Emissions intensity]]) -> 84500 | Q88: {=Common_InputFunctions.Utility_LookupValueInTableNumber(Table_Scope3_Livestock[[#This Row],[Custom emissions intensity source type (Select)]],#REF!,#REF!)} -> 0
D89: {=Common_InputFunctions.Utility_DisplayArrayInTable(Scope3_SourceData.Scope3_Livestock_Data(), Table_Scope3_Livestock[[#Headers],[Category]], 0, 2)} -> Sheep | E89: {=Common_InputFunctions.Utility_DisplayArrayInTable(Scope3_SourceData.Scope3_Livestock_Data(), Table_Scope3_Livestock[[#Headers],[Category]], 0, 2)} -> Sheep, for mutton | F89: {=Common_InputFunctions.Utility_DisplayArrayInTable(Scope3_SourceData.Scope3_Livestock_Data(), Table_Scope3_Livestock[[#Headers],[Category]], 0, 2)} -> Australia | G89: {=Common_InputFunctions.Utility_SumQuantityFromCriteria(Table_Scope3_Livestock[[#This Row],[Product]],Table_Input_LivestockPurchases[Class (select)],Table_Input_LivestockPurchases[Quantity (head)],Table_Input_LivestockPurchases[Average liveweight (kg/head)],Table_Scope3_Livestock[[#This Row],[Region of origin]],IF(Table_Input_LivestockPurchases[Source region (Select)]="", "Australia", Table_Input_LivestockPurchases[Source region (Select)]))} -> 25000 | H89: {=Common_InputFunctions.Utility_DisplayArrayInTable(Scope3_SourceData.Scope3_Livestock_Data(), Table_Scope3_Livestock[[#Headers],[Category]], 0, 1)} -> kg liveweight | I89: {=Common_InputFunctions.Utility_DisplayArrayInTable(Scope3_SourceData.Scope3_Livestock_Data(), Table_Scope3_Livestock[[#Headers],[Category]], 0, 1)} -> 6.81 | K89: ="kg CO2e / " &Table_Scope3_Livestock[[#This Row],[Quantity unit]] -> kg CO2e / kg liveweight | L89: =Table_Scope3_Livestock[[#This Row],[Quantity]]*Table_Scope3_Livestock[[#This Row],[AusLCI Emissions intensity]] -> 170250 | M89: =Table_Scope3_Livestock[[#This Row],[Quantity]]*IF(Table_Scope3_Livestock[[#This Row],[Custom emissions intensity]], Table_Scope3_Livestock[[#This Row],[Custom emissions intensity]], Table_Scope3_Livestock[[#This Row],[AusLCI Emissions intensity]]) -> 170250 | Q89: {=Common_InputFunctions.Utility_LookupValueInTableNumber(Table_Scope3_Livestock[[#This Row],[Custom emissions intensity source type (Select)]],#REF!,#REF!)} -> 0
D90: {=Common_InputFunctions.Utility_DisplayArrayInTable(Scope3_SourceData.Scope3_Livestock_Data(), Table_Scope3_Livestock[[#Headers],[Category]], 0, 2)} -> Sheep | E90: {=Common_InputFunctions.Utility_DisplayArrayInTable(Scope3_SourceData.Scope3_Livestock_Data(), Table_Scope3_Livestock[[#Headers],[Category]], 0, 2)} -> Sheep, for mutton | F90: {=Common_InputFunctions.Utility_DisplayArrayInTable(Scope3_SourceData.Scope3_Livestock_Data(), Table_Scope3_Livestock[[#Headers],[Category]], 0, 2)} -> NSW | G90: {=Common_InputFunctions.Utility_SumQuantityFromCriteria(Table_Scope3_Livestock[[#This Row],[Product]],Table_Input_LivestockPurchases[Class (select)],Table_Input_LivestockPurchases[Quantity (head)],Table_Input_LivestockPurchases[Average liveweight (kg/head)],Table_Scope3_Livestock[[#This Row],[Region of origin]],IF(Table_Input_LivestockPurchases[Source region (Select)]="", "Australia", Table_Input_LivestockPurchases[Source region (Select)]))} -> 0 | H90: {=Common_InputFunctions.Utility_DisplayArrayInTable(Scope3_SourceData.Scope3_Livestock_Data(), Table_Scope3_Livestock[[#Headers],[Category]], 0, 1)} -> kg liveweight | I90: {=Common_InputFunctions.Utility_DisplayArrayInTable(Scope3_SourceData.Scope3_Livestock_Data(), Table_Scope3_Livestock[[#Headers],[Category]], 0, 1)} -> 2.26 | K90: ="kg CO2e / " &Table_Scope3_Livestock[[#This Row],[Quantity unit]] -> kg CO2e / kg liveweight | L90: =Table_Scope3_Livestock[[#This Row],[Quantity]]*Table_Scope3_Livestock[[#This Row],[AusLCI Emissions intensity]] -> 0 | M90: =Table_Scope3_Livestock[[#This Row],[Quantity]]*IF(Table_Scope3_Livestock[[#This Row],[Custom emissions intensity]], Table_Scope3_Livestock[[#This Row],[Custom emissions intensity]], Table_Scope3_Livestock[[#This Row],[AusLCI Emissions intensity]]) -> 0 | Q90: {=Common_InputFunctions.Utility_LookupValueInTableNumber(Table_Scope3_Livestock[[#This Row],[Custom emissions intensity source type (Select)]],#REF!,#REF!)} -> 0
D91: {=Common_InputFunctions.Utility_DisplayArrayInTable(Scope3_SourceData.Scope3_Livestock_Data(), Table_Scope3_Livestock[[#Headers],[Category]], 0, 2)} -> Sheep | E91: {=Common_InputFunctions.Utility_DisplayArrayInTable(Scope3_SourceData.Scope3_Livestock_Data(), Table_Scope3_Livestock[[#Headers],[Category]], 0, 2)} -> Sheep, for mutton | F91: {=Common_InputFunctions.Utility_DisplayArrayInTable(Scope3_SourceData.Scope3_Livestock_Data(), Table_Scope3_Livestock[[#Headers],[Category]], 0, 2)} -> QLD | G91: {=Common_InputFunctions.Utility_SumQuantityFromCriteria(Table_Scope3_Livestock[[#This Row],[Product]],Table_Input_LivestockPurchases[Class (select)],Table_Input_LivestockPurchases[Quantity (head)],Table_Input_LivestockPurchases[Average liveweight (kg/head)],Table_Scope3_Livestock[[#This Row],[Region of origin]],IF(Table_Input_LivestockPurchases[Source region (Select)]="", "Australia", Table_Input_LivestockPurchases[Source region (Select)]))} -> 0 | H91: {=Common_InputFunctions.Utility_DisplayArrayInTable(Scope3_SourceData.Scope3_Livestock_Data(), Table_Scope3_Livestock[[#Headers],[Category]], 0, 1)} -> kg liveweight | I91: {=Common_InputFunctions.Utility_DisplayArrayInTable(Scope3_SourceData.Scope3_Livestock_Data(), Table_Scope3_Livestock[[#Headers],[Category]], 0, 1)} -> 6.33 | K91: ="kg CO2e / " &Table_Scope3_Livestock[[#This Row],[Quantity unit]] -> kg CO2e / kg liveweight | L91: =Table_Scope3_Livestock[[#This Row],[Quantity]]*Table_Scope3_Livestock[[#This Row],[AusLCI Emissions intensity]] -> 0 | M91: =Table_Scope3_Livestock[[#This Row],[Quantity]]*IF(Table_Scope3_Livestock[[#This Row],[Custom emissions intensity]], Table_Scope3_Livestock[[#This Row],[Custom emissions intensity]], Table_Scope3_Livestock[[#This Row],[AusLCI Emissions intensity]]) -> 0 | Q91: {=Common_InputFunctions.Utility_LookupValueInTableNumber(Table_Scope3_Livestock[[#This Row],[Custom emissions intensity source type (Select)]],#REF!,#REF!)} -> 0
D92: {=Common_InputFunctions.Utility_DisplayArrayInTable(Scope3_SourceData.Scope3_Livestock_Data(), Table_Scope3_Livestock[[#Headers],[Category]], 0, 2)} -> Sheep | E92: {=Common_InputFunctions.Utility_DisplayArrayInTable(Scope3_SourceData.Scope3_Livestock_Data(), Table_Scope3_Livestock[[#Headers],[Category]], 0, 2)} -> Sheep, for mutton | F92: {=Common_InputFunctions.Utility_DisplayArrayInTable(Scope3_SourceData.Scope3_Livestock_Data(), Table_Scope3_Livestock[[#Headers],[Category]], 0, 2)} -> SA | G92: {=Common_InputFunctions.Utility_SumQuantityFromCriteria(Table_Scope3_Livestock[[#This Row],[Product]],Table_Input_LivestockPurchases[Class (select)],Table_Input_LivestockPurchases[Quantity (head)],Table_Input_LivestockPurchases[Average liveweight (kg/head)],Table_Scope3_Livestock[[#This Row],[Region of origin]],IF(Table_Input_LivestockPurchases[Source region (Select)]="", "Australia", Table_Input_LivestockPurchases[Source region (Select)]))} -> 0 | H92: {=Common_InputFunctions.Utility_DisplayArrayInTable(Scope3_SourceData.Scope3_Livestock_Data(), Table_Scope3_Livestock[[#Headers],[Category]], 0, 1)} -> kg liveweight | I92: {=Common_InputFunctions.Utility_DisplayArrayInTable(Scope3_SourceData.Scope3_Livestock_Data(), Table_Scope3_Livestock[[#Headers],[Category]], 0, 1)} -> 6.18 | K92: ="kg CO2e / " &Table_Scope3_Livestock[[#This Row],[Quantity unit]] -> kg CO2e / kg liveweight | L92: =Table_Scope3_Livestock[[#This Row],[Quantity]]*Table_Scope3_Livestock[[#This Row],[AusLCI Emissions intensity]] -> 0 | M92: =Table_Scope3_Livestock[[#This Row],[Quantity]]*IF(Table_Scope3_Livestock[[#This Row],[Custom emissions intensity]], Table_Scope3_Livestock[[#This Row],[Custom emissions intensity]], Table_Scope3_Livestock[[#This Row],[AusLCI Emissions intensity]]) -> 0 | Q92: {=Common_InputFunctions.Utility_LookupValueInTableNumber(Table_Scope3_Livestock[[#This Row],[Custom emissions intensity source type (Select)]],#REF!,#REF!)} -> 0
