Workbook
Name _Toc225350871: '5.4.1.1-4 Atmos deposition'!$C$1
Name _Toc225350871: '5.5.1.1-2 Leaching and runoff'!$C$1
Name Common_Equations.Common_ConvertCH4ToCO2e: _xlfn.LAMBDA(_xlpm.E_CH4,_xlpm.GWP_CH4, _xlpm.E_CH4 * _xlpm.GWP_CH4)
Name Common_Equations.Common_ConvertCH4ToCO2e: _xlfn.LAMBDA(_xlpm.E_CH4,_xlpm.GWP_CH4, _xlpm.E_CH4 * _xlpm.GWP_CH4)
Name Common_Equations.Common_ConvertCH4ToCO2e: _xlfn.LAMBDA(_xlpm.E_CH4,_xlpm.GWP_CH4, _xlpm.E_CH4 * _xlpm.GWP_CH4)
Name Common_Equations.Common_ConvertCH4ToCO2e_Arguments: _xlfn.LAMBDA(_xlfn.MAKEARRAY(2, 2, _xlfn.LAMBDA(_xlpm.r,_xlpm.c, INDEX({"ECH4","Methane emissions (t CH4)";"GWPCH4","Global warming potential for methane (t CO2-e / t CH4)"}, _xlpm.r, _xlpm.c))))
Name Common_Equations.Common_ConvertCH4ToCO2e_Arguments: _xlfn.LAMBDA(_xlfn.MAKEARRAY(2, 2, _xlfn.LAMBDA(_xlpm.r,_xlpm.c, INDEX({"ECH4","Methane emissions (t CH4)";"GWPCH4","Global warming potential for methane (t CO2-e / t CH4)"}, _xlpm.r, _xlpm.c))))
Name Common_Equations.Common_ConvertCH4ToCO2e_Arguments: _xlfn.LAMBDA(_xlfn.MAKEARRAY(2, 2, _xlfn.LAMBDA(_xlpm.r,_xlpm.c, INDEX({"ECH4","Methane emissions (t CH4)";"GWPCH4","Global warming potential for methane (t CO2-e / t CH4)"}, _xlpm.r, _xlpm.c))))
Name Common_Equations.Common_ConvertCH4ToCO2e_LatexEquation: _xlfn.LAMBDA("CO2_e = E_{CH4} \times GWP_{CH4}")
Name Common_Equations.Common_ConvertCH4ToCO2e_NIRReference: _xlfn.LAMBDA("")
Name Common_Equations.Common_ConvertCH4ToCO2e_Title: _xlfn.LAMBDA("Convert methane emissions to carbon dioxide equivalent emissions")
Name Common_Equations.Common_ConvertCH4ToCO2e_Unit: _xlfn.LAMBDA("t CO2e")
Name Common_Equations.Common_ConvertCH4ToCO2e_Variable: _xlfn.LAMBDA("ECH4 CO2e")
Name Common_Equations.Common_ConvertN2OToCO2e: _xlfn.LAMBDA(_xlpm.E_N2O,_xlpm.GWP_N2O, _xlpm.E_N2O * _xlpm.GWP_N2O)
Name Common_Equations.Common_ConvertN2OToCO2e: _xlfn.LAMBDA(_xlpm.E_N2O,_xlpm.GWP_N2O, _xlpm.E_N2O * _xlpm.GWP_N2O)
Name Common_Equations.Common_ConvertN2OToCO2e: _xlfn.LAMBDA(_xlpm.E_N2O,_xlpm.GWP_N2O, _xlpm.E_N2O * _xlpm.GWP_N2O)
Name Common_Equations.Common_ConvertN2OToCO2e_LatexEquation: _xlfn.LAMBDA("CO2_e = E_{N2O} \times GWP_{N2O}")
Name Common_Equations.Common_ConvertN2OToCO2e_NIRReference: _xlfn.LAMBDA("")
Name Common_Equations.Common_ConvertN2OToCO2e_Title: _xlfn.LAMBDA("Convert nitrous oxide emissions to carbon dioxide equivalent emissions")
Name Common_Equations.Common_ConvertN2OToCO2e_Unit: _xlfn.LAMBDA("t CO2e")
Name Common_Equations.Common_ConvertN2OToCO2e_Variable: _xlfn.LAMBDA("EN2O CO2e")
Name Common_InputFunctions.Utility_ConvertStateCommonNameToAbbreviation: _xlfn.LAMBDA(_xlpm.StateCommonName,_xlpm.StateCommonNameArray,_xlpm.StateAbbreviationArray, _xlfn.XLOOKUP(_xlpm.StateCommonName, _xlpm.StateCommonNameArray, _xlpm.StateAbbreviationArray, ""))
Name Common_InputFunctions.Utility_ConvertStateCommonNameToAbbreviation: _xlfn.LAMBDA(_xlpm.StateCommonName,_xlpm.StateCommonNameArray,_xlpm.StateAbbreviationArray, _xlfn.XLOOKUP(_xlpm.StateCommonName, _xlpm.StateCommonNameArray, _xlpm.StateAbbreviationArray, ""))
Name Common_InputFunctions.Utility_ConvertStateCommonNameToAbbreviation: _xlfn.LAMBDA(_xlpm.StateCommonName,_xlpm.StateCommonNameArray,_xlpm.StateAbbreviationArray, _xlfn.XLOOKUP(_xlpm.StateCommonName, _xlpm.StateCommonNameArray, _xlpm.StateAbbreviationArray, ""))
Name Common_InputFunctions.Utility_DisplayArguments_1_2: _xlfn.LAMBDA(_xlpm.ArgumentsArray, _xlfn.CHOOSECOLS(_xlpm.ArgumentsArray, 1, 2))
Name Common_InputFunctions.Utility_DisplayArguments_1_2: _xlfn.LAMBDA(_xlpm.ArgumentsArray, _xlfn.CHOOSECOLS(_xlpm.ArgumentsArray, 1, 2))
Name Common_InputFunctions.Utility_DisplayArguments_1_2: _xlfn.LAMBDA(_xlpm.ArgumentsArray, _xlfn.CHOOSECOLS(_xlpm.ArgumentsArray, 1, 2))
Name Common_InputFunctions.Utility_DisplayArguments_3_4: _xlfn.LAMBDA(_xlpm.ArgumentsArray, _xlfn.CHOOSECOLS(_xlpm.ArgumentsArray, 3, 4))
Name Common_InputFunctions.Utility_DisplayArguments_3_4: _xlfn.LAMBDA(_xlpm.ArgumentsArray, _xlfn.CHOOSECOLS(_xlpm.ArgumentsArray, 3, 4))
Name Common_InputFunctions.Utility_DisplayArguments_3_4: _xlfn.LAMBDA(_xlpm.ArgumentsArray, _xlfn.CHOOSECOLS(_xlpm.ArgumentsArray, 3, 4))
Name Common_InputFunctions.Utility_DisplayFunctionName: _xlfn.LAMBDA(_xlpm.Function, _xlfn.TEXTBEFORE(_xlfn.FORMULATEXT(_xlpm.Function), "("))
Name Common_InputFunctions.Utility_DisplayFunctionName: _xlfn.LAMBDA(_xlpm.Function, _xlfn.TEXTBEFORE(_xlfn.FORMULATEXT(_xlpm.Function), "("))
Name Common_InputFunctions.Utility_DisplayFunctionName: _xlfn.LAMBDA(_xlpm.Function, _xlfn.TEXTBEFORE(_xlfn.FORMULATEXT(_xlpm.Function), "("))
Name Common_InputFunctions.Utility_GetArrayTableColumnStartNumber: _xlfn.LAMBDA(_xlpm.TableHeaderCell, COLUMN(_xlpm.TableHeaderCell))
Name Common_InputFunctions.Utility_GetArrayTableColumnStartNumber: _xlfn.LAMBDA(_xlpm.TableHeaderCell, COLUMN(_xlpm.TableHeaderCell))
Name Common_InputFunctions.Utility_GetArrayTableColumnStartNumber: _xlfn.LAMBDA(_xlpm.TableHeaderCell, COLUMN(_xlpm.TableHeaderCell))
Name Common_InputFunctions.Utility_GetArrayTableRowStartNumber: _xlfn.LAMBDA(_xlpm.TableheaderCell,_xlpm.RowsBetweenHeaderandArray, ROW(_xlpm.TableheaderCell) + _xlpm.RowsBetweenHeaderandArray - 1)
Name Common_InputFunctions.Utility_GetArrayTableRowStartNumber: _xlfn.LAMBDA(_xlpm.TableheaderCell,_xlpm.RowsBetweenHeaderandArray, ROW(_xlpm.TableheaderCell) + _xlpm.RowsBetweenHeaderandArray - 1)
Name Common_InputFunctions.Utility_GetArrayTableRowStartNumber: _xlfn.LAMBDA(_xlpm.TableheaderCell,_xlpm.RowsBetweenHeaderandArray, ROW(_xlpm.TableheaderCell) + _xlpm.RowsBetweenHeaderandArray - 1)
Name Common_InputFunctions.Utility_LookupValueInTable: _xlfn.LAMBDA(_xlpm.LookupValue,_xlpm.LookupArray,_xlpm.ReturnArray, _xlfn.XLOOKUP(_xlpm.LookupValue, _xlpm.LookupArray, _xlpm.ReturnArray, ""))
Name Common_InputFunctions.Utility_LookupValueInTable: _xlfn.LAMBDA(_xlpm.LookupValue,_xlpm.LookupArray,_xlpm.ReturnArray, _xlfn.XLOOKUP(_xlpm.LookupValue, _xlpm.LookupArray, _xlpm.ReturnArray, ""))
Name Common_InputFunctions.Utility_LookupValueInTable: _xlfn.LAMBDA(_xlpm.LookupValue,_xlpm.LookupArray,_xlpm.ReturnArray, _xlfn.XLOOKUP(_xlpm.LookupValue, _xlpm.LookupArray, _xlpm.ReturnArray, ""))
Name Common_InputFunctions.Utility_SourceHyperlink: _xlfn.LAMBDA(_xlpm.TargetCell, _xlfn.LET(_xlpm.sh, _xlfn.TEXTAFTER(CELL("filename", _xlpm.TargetCell), "]"), _xlpm.addr, CELL("address", _xlpm.TargetCell), "#'" & _xlpm.sh & "'!" & _xlpm.addr))
Name Common_InputFunctions.Utility_SourceHyperlink: _xlfn.LAMBDA(_xlpm.TargetCell, _xlfn.LET(_xlpm.sh, _xlfn.TEXTAFTER(CELL("filename", _xlpm.TargetCell), "]"), _xlpm.addr, CELL("address", _xlpm.TargetCell), "#'" & _xlpm.sh & "'!" & _xlpm.addr))
Name Common_InputFunctions.Utility_SourceHyperlink: _xlfn.LAMBDA(_xlpm.TargetCell, _xlfn.LET(_xlpm.sh, _xlfn.TEXTAFTER(CELL("filename", _xlpm.TargetCell), "]"), _xlpm.addr, CELL("address", _xlpm.TargetCell), "#'" & _xlpm.sh & "'!" & _xlpm.addr))
Name Common_SourceData.Common_SourceData_AustralianStatesTerritories_Source: _xlfn.LAMBDA("")
Name Common_SourceData.Common_SourceData_AustralianStatesTerritories_Title: _xlfn.LAMBDA("Australian states and territories")
Name Common_SourceData.Common_SourceData_AustralianStatesTerritories_Unit: _xlfn.LAMBDA("")
Name Common_SourceData.Common_SourceData_AustralianStatesTerritories_Variable: _xlfn.LAMBDA("")
Name Common_SourceData.Common_SourceData_ClimateZones_Source: _xlfn.LAMBDA("VEERG 2026: Table 1.3: Climate and Rainfall zone classifications and definitions")
Name Common_SourceData.Common_SourceData_ClimateZones_Title: _xlfn.LAMBDA("VEERG Australian climate zones")
Name Common_SourceData.Common_SourceData_ClimateZones_Unit: _xlfn.LAMBDA("")
Name Common_SourceData.Common_SourceData_ClimateZones_Variable: _xlfn.LAMBDA("")
Name Common_SourceData.Common_SourceData_ConvertGasElementalToMolecular_Source: _xlfn.LAMBDA("XXXXXXX")
Name Common_SourceData.Common_SourceData_ConvertGasElementalToMolecular_Title: _xlfn.LAMBDA("Factor to convert elemental mass of gas to molecular mass")
Name Common_SourceData.Common_SourceData_ConvertGasElementalToMolecular_Unit: _xlfn.LAMBDA("factor")
Name Common_SourceData.Common_SourceData_ConvertGasElementalToMolecular_Variable: _xlfn.LAMBDA("Cg")
Name Common_SourceData.Common_SourceData_ConvertN2oElementalToMolecularCg_Data: _xlfn.LAMBDA(44 / 28)
Name Common_SourceData.Common_SourceData_ConvertN2oElementalToMolecularCg_Source: _xlfn.LAMBDA("National Inventory Report 2023 Volume 1")
Name Common_SourceData.Common_SourceData_ConvertN2oElementalToMolecularCg_Title: _xlfn.LAMBDA("Factor to convert elemental mass of N2O to molecular mass")

Sheet Home
A1: Home

Sheet Overview
A1: #VALUE! | C1: 5: Fertiliser Use: Overview
A3: =HYPERLINK("#'Home'!A1", "Home") -> Home
A4: =HYPERLINK("#'Overview'!A1", "Overview") -> Overview
A5: =HYPERLINK("#'Results'!A1", "Results") -> Results | D5: 💡 Below is a diagram that maps the equations used to calculate emissions, and how they interact with each other.
D6: Click on a box to go to the corresponding calculation.
A7: INPUTS
A8: =HYPERLINK("#'Input - Site'!A1", "Site") -> Site
A9: =HYPERLINK("#'Input - Fertiliser'!A1", "Fertiliser") -> Fertiliser
A11: CALCULATIONS
A12: =HYPERLINK("#'5.1.1.1-2 Inorganic Fert N2O'!A1", "5.1.1.1-2 Inorganic Fert N2O") -> 5.1.1.1-2 Inorganic Fert N2O
A13: =HYPERLINK("#'5.1.1.3-4 Inorganic fert CO2'!A1", "5.1.1.3-4 Inorganic fert CO2") -> 5.1.1.3-4 Inorganic fert CO2
A14: =HYPERLINK("#'5.2.1.1-2 Organic Fert N2O'!A1", "5.2.1.1-2 Organic Fert N2O") -> 5.2.1.1-2 Organic Fert N2O
A15: =HYPERLINK("#'5.3.1.1-2 Lime CO2'!A1", "5.3.1.1-2 Lime CO2") -> 5.3.1.1-2 Lime CO2
A16: =HYPERLINK("#'5.4.1.1-4 Atmos deposition'!A1", "5.4.1.1-4 Atmos deposition") -> 5.4.1.1-4 Atmos deposition
A17: =HYPERLINK("#'5.5.1.1-2 Leaching and runoff'!A1", "5.5.1.1-2 Leaching and runoff") -> 5.5.1.1-2 Leaching and runoff
A19: APPENDICES
A20: =HYPERLINK("#'Constants - Fertiliser'!A1", "Constants - Fertiliser") -> Constants - Fertiliser
A21: =HYPERLINK("#'Constants - Common'!A1", "Constants - Common") -> Constants - Common
L37: `

Sheet Results
A1: #VALUE! | C1: 5: Fertiliser Use: Results
A3: =HYPERLINK("#'Home'!A1", "Home") -> Home
A4: =HYPERLINK("#'Overview'!A1", "Overview") -> Overview | D4: Emissions breakdown
A5: =HYPERLINK("#'Results'!A1", "Results") -> Results
D6: 💡 NOTE: When there is no Method 2, the Method 2 result are the same as Method 1
A7: INPUTS
A8: =HYPERLINK("#'Input - Site'!A1", "Site") -> Site | D8: Scope 1 source | E8: GHG emissions method 1 | F8: GHG emissions method 2 | G8: GHG Unit | H8: CO2-e emissions method 1 | I8: CO2-e emissions method 2 | J8: CO2-e unit
A9: =HYPERLINK("#'Input - Fertiliser'!A1", "Fertiliser") -> Fertiliser | D9: 5.1.1.1-2 Inorganic fertiliser N2O | E9: ='5.1.1.1-2 Inorganic fert N2O'!$E$78 -> 0.13266 | F9: ='5.1.1.1-2 Inorganic fert N2O'!$N$88 -> 0.13266 | G9: t N2O | H9: ='5.1.1.1-2 Inorganic fert N2O'!E83 -> 35.1549 | I9: ='5.1.1.1-2 Inorganic fert N2O'!N93 -> 35.1549 | J9: t CO2e
D10: 5.1.1.3-4 Inorganic fertiliser CO2 | E10: ='5.1.1.3-4 Inorganic fert CO2'!$E$76 -> 9.4695652 | F10: =E10 -> 9.4695652 | G10: t CO2 | H10: ='5.1.1.3-4 Inorganic fert CO2'!$E$76 -> 9.4695652 | I10: =H10 -> 9.4695652 | J10: t CO2e
A11: CALCULATIONS | D11: 5.2.1.1-2 Organic fertiliser N2O | E11: ='5.2.1.1-2 Organic Fert N2O'!$E$50 -> 0.0043214286 | F11: =E11 -> 0.0043214286 | G11: t N2O | H11: ='5.2.1.1-2 Organic Fert N2O'!$E$55 -> 1.1451786 | I11: =H11 -> 1.1451786 | J11: t CO2e
A12: =HYPERLINK("#'5.1.1.1-2 Inorganic Fert N2O'!A1", "5.1.1.1-2 Inorganic Fert N2O") -> 5.1.1.1-2 Inorganic Fert N2O | D12: 5.3.1.1-3 Lime CO2 | E12: ='5.3.1.1-2 Lime CO2'!$E$31 -> 7.4708333 | F12: =E12 -> 7.4708333 | G12: t CO2 | H12: ='5.3.1.1-2 Lime CO2'!$E$31 -> 7.4708333 | I12: =H12 -> 7.4708333 | J12: t CO2e
A13: =HYPERLINK("#'5.1.1.3-4 Inorganic fert CO2'!A1", "5.1.1.3-4 Inorganic fert CO2") -> 5.1.1.3-4 Inorganic fert CO2 | D13: 5.4.1.1-5 Atmospheric deposition | E13: ='5.4.1.1-4 Atmos deposition'!$E$144 -> 0.0012705 | F13: =E13 -> 0.0012705 | G13: t N2O | H13: ='5.4.1.1-4 Atmos deposition'!$E$149 -> 0.3366825 | I13: =H13 -> 0.3366825 | J13: t CO2e
A14: =HYPERLINK("#'5.2.1.1-2 Organic Fert N2O'!A1", "5.2.1.1-2 Organic Fert N2O") -> 5.2.1.1-2 Organic Fert N2O | D14: 5.5.1.1-2 Leaching and runoff | E14: ='5.5.1.1-2 Leaching and runoff'!$E$93 -> 0 | F14: =E14 -> 0 | G14: t N2O | H14: ='5.5.1.1-2 Leaching and runoff'!$E$98 -> 0 | I14: =H14 -> 0 | J14: t CO2e
A15: =HYPERLINK("#'5.3.1.1-2 Lime CO2'!A1", "5.3.1.1-2 Lime CO2") -> 5.3.1.1-2 Lime CO2 | D15: Total | H15: =SUM(H9:H14) -> 53.57716 | I15: =SUM(I9:I14) -> 53.57716 | J15: t CO2e
A16: =HYPERLINK("#'5.4.1.1-4 Atmos deposition'!A1", "5.4.1.1-4 Atmos deposition") -> 5.4.1.1-4 Atmos deposition
A17: =HYPERLINK("#'5.5.1.1-2 Leaching and runoff'!A1", "5.5.1.1-2 Leaching and runoff") -> 5.5.1.1-2 Leaching and runoff
A19: APPENDICES
A20: =HYPERLINK("#'Constants - Fertiliser'!A1", "Constants - Fertiliser") -> Constants - Fertiliser
A21: =HYPERLINK("#'Constants - Common'!A1", "Constants - Common") -> Constants - Common

Sheet Input - Site
A1: #VALUE! | C1: Input - Site
A3: =HYPERLINK("#'Home'!A1", "Home") -> Home
A4: =HYPERLINK("#'Overview'!A1", "Overview") -> Overview
A5: =HYPERLINK("#'Results'!A1", "Results") -> Results | D5: Your business
A7: INPUTS | D7: Farm name | E7: Test Farms
A8: =HYPERLINK("#'Input - Site'!A1", "Site") -> Site | D8: Reporting entity name | E8: Test Farms Pty Ltd
A9: =HYPERLINK("#'Input - Fertiliser'!A1", "Fertiliser") -> Fertiliser
D10: 💡An 'Emissions accounting period' is a 12 month period where the business can report on the emissions, and is typically the same as the business' financial accounting period.
A11: CALCULATIONS
A12: =HYPERLINK("#'5.1.1.1-2 Inorganic Fert N2O'!A1", "5.1.1.1-2 Inorganic Fert N2O") -> 5.1.1.1-2 Inorganic Fert N2O | D12: Emissions calculation period start date | E12: 45292 | F12: ← DD/MM/YYYY or DD Month YYYY
A13: =HYPERLINK("#'5.1.1.3-4 Inorganic fert CO2'!A1", "5.1.1.3-4 Inorganic fert CO2") -> 5.1.1.3-4 Inorganic fert CO2 | D13: Emissions calculation period end date | E13: =DATE(YEAR(E12)+1,MONTH(E12),DAY(E12))-1 -> 45657 | F13: ← Automatically calculated, 12 months after start date
A14: =HYPERLINK("#'5.2.1.1-2 Organic Fert N2O'!A1", "5.2.1.1-2 Organic Fert N2O") -> 5.2.1.1-2 Organic Fert N2O
A15: =HYPERLINK("#'5.3.1.1-2 Lime CO2'!A1", "5.3.1.1-2 Lime CO2") -> 5.3.1.1-2 Lime CO2
A16: =HYPERLINK("#'5.4.1.1-4 Atmos deposition'!A1", "5.4.1.1-4 Atmos deposition") -> 5.4.1.1-4 Atmos deposition | D16: Location and climate
A17: =HYPERLINK("#'5.5.1.1-2 Leaching and runoff'!A1", "5.5.1.1-2 Leaching and runoff") -> 5.5.1.1-2 Leaching and runoff
D18: Location information is used to reference some region and climate-specific emission factors
A19: APPENDICES | D19: Tip: Use the web-based GAF Location Helper tool to easily get region and climate information. You will need an internet connection to use the GAF Location Helper.
A20: =HYPERLINK("#'Constants - Fertiliser'!A1", "Constants - Fertiliser") -> Constants - Fertiliser
A21: =HYPERLINK("#'Constants - Common'!A1", "Constants - Common") -> Constants - Common | D21: State | E21: Western Australia | F21: ← Please select
D22: Region (ABS Statistical area level 4) if state is WA | E22: Western Australia - Outback (South) | F22: ← Please select
D23: Leaching zone | E23: NO - Not in leaching zone | F23: ← Please select
D24: Elevation | E24: 307.7 | F24: Meters
D25: Average temperature for reporting period | E25: 18 | F25: Degrees celsius
D26: Total rainfall for reporting period | E26: 599 | F26: Millimetres
D27: Potential evapotranspiration for reporting period | E27: 1326 | F27: Millimetres
D28: Number of frost days for reporting period | E28: 7 | F28: Days
D29: MAP:PET ratio | E29: =E26/E27 -> 0.45173454
D30: Rainfall zone | E30: =Common_InputFunctions.Utility_LookupItemFromMinMax(E26,Table_SourceData_RainfallZones[Min rainfall],Table_SourceData_RainfallZones[Max rainfall],Table_SourceData_RainfallZones[Rainfall Zone]) -> Low rainfall
D31: Climate zone | E31: =Common_InputFunctions.Utility_GetClimateZone(E25,E26,E28,E24,E29,Table_SourceData_ClimateZones[Min temp],Table_SourceData_ClimateZones[Max temp],Table_SourceData_ClimateZones[Min rainfall],Table_SourceData_ClimateZones[Max rainfall],Table_SourceData_ClimateZones[Min frost days],Table_SourceData_ClimateZones[Max frost days],Table_SourceData_ClimateZones[Min elevation],Table_SourceData_ClimateZones[Max elevation],Table_SourceData_ClimateZones[Min MAP:PET],Table_SourceData_ClimateZones[Max MAP:PET],Table_SourceData_ClimateZones[Climate zone]) -> Warm temperate dry
D32: Wet or dry climate zone | E32: =Common_InputFunctions.Utility_LookupValueInTable($E$31,Table_SourceData_WetDryZones[Climate zone],Table_SourceData_WetDryZones[Wet or Dry Zone]) -> Dry climate zone
D33: Temperature zone | E33: =Common_InputFunctions.Utility_LookupItemFromMinMax(E25,Table_SourceData_TemperatureZones[Min MAT],Table_SourceData_TemperatureZones[Max MAT],Table_SourceData_TemperatureZones[Temperature Zone]) -> Temperate

Sheet Input - Fertiliser
A1: #VALUE! | C1: Input - Fertiliser
A3: =HYPERLINK("#'Home'!A1", "Home") -> Home
A4: =HYPERLINK("#'Overview'!A1", "Overview") -> Overview
A5: =HYPERLINK("#'Results'!A1", "Results") -> Results
D6: Production system | E6: Crop | F6: ← Please select
A7: INPUTS | D7: Crop type | E7: Grains | F7: ← Please select
A8: =HYPERLINK("#'Input - Site'!A1", "Site") -> Site | D8: Irrigation method | E8: Drip irrigation | F8: ← Please select
A9: =HYPERLINK("#'Input - Fertiliser'!A1", "Fertiliser") -> Fertiliser | D9: Area under cropping | E9: 100 | F9: hectares
A11: CALCULATIONS | D11: Inorganic fertiliser applied
A12: =HYPERLINK("#'5.1.1.1-2 Inorganic Fert N2O'!A1", "5.1.1.1-2 Inorganic Fert N2O") -> 5.1.1.1-2 Inorganic Fert N2O
A13: =HYPERLINK("#'5.1.1.3-4 Inorganic fert CO2'!A1", "5.1.1.3-4 Inorganic fert CO2") -> 5.1.1.3-4 Inorganic fert CO2 | D13: 💡You can add more rows to tables by right-clicking on the table and selecting "Insert > Table rows above/below".
A14: =HYPERLINK("#'5.2.1.1-2 Organic Fert N2O'!A1", "5.2.1.1-2 Organic Fert N2O") -> 5.2.1.1-2 Organic Fert N2O | D14: 💡The application area is the same as the area under pasture / cropping by default. You can edit it if the application area is different.
A15: =HYPERLINK("#'5.3.1.1-2 Lime CO2'!A1", "5.3.1.1-2 Lime CO2") -> 5.3.1.1-2 Lime CO2
A16: =HYPERLINK("#'5.4.1.1-4 Atmos deposition'!A1", "5.4.1.1-4 Atmos deposition") -> 5.4.1.1-4 Atmos deposition | D16: Branded fertiliser products
A17: =HYPERLINK("#'5.5.1.1-2 Leaching and runoff'!A1", "5.5.1.1-2 Leaching and runoff") -> 5.5.1.1-2 Leaching and runoff | D17: Product (select) | E17: Amount applied (kg / ha) | F17: Application area (ha) | G17: Total applied (kg) | H17: Ingredient 1 | I17: Ingredient 1 percent | J17: Ingredient 2 | K17: Ingredient 2 percent | L17: Ingredient 3 | M17: Ingredient 3 percent | N17: Ingredient 4 | O17: Ingredient 4 percent | P17: Ingredient 5 | Q17: Ingredient 5 percent | R17: Ingredient 6 | S17: Ingredient 6 percent | T17: N application rate (kg/ha)
D18: Aqua Finish | E18: 200 | F18: =$E$9 -> 100 | G18: =Table_Input_InorganicFertiliser_Brands[[#This Row],[Amount applied (kg / ha)]]*Table_Input_InorganicFertiliser_Brands[[#This Row],[Application area (ha)]] -> 20000 | H18: {=Fertiliser_InputFunctions.Fertiliser_FertiliserProductLookup(Table_Input_InorganicFertiliser_Brands[[#This Row],[Product (select)]], Table_Input_InorganicFertiliser_Brands[[#Headers],[Ingredient 1]], FertiliserProducts[#Data], FertiliserProducts[Product name], FertiliserProducts[#Headers])} -> Potassium - Generic | I18: {=Fertiliser_InputFunctions.Fertiliser_FertiliserProductLookup(Table_Input_InorganicFertiliser_Brands[[#This Row],[Product (select)]], Table_Input_InorganicFertiliser_Brands[[#Headers],[Ingredient 1 percent]], FertiliserProducts[#Data], FertiliserProducts[Product name], FertiliserProducts[#Headers])} -> 0.225 | J18: {=Fertiliser_InputFunctions.Fertiliser_FertiliserProductLookup(Table_Input_InorganicFertiliser_Brands[[#This Row],[Product (select)]], Table_Input_InorganicFertiliser_Brands[[#Headers],[Ingredient 2]], FertiliserProducts[#Data], FertiliserProducts[Product name], FertiliserProducts[#Headers])} -> Phosphorus - Generic | K18: {=Fertiliser_InputFunctions.Fertiliser_FertiliserProductLookup(Table_Input_InorganicFertiliser_Brands[[#This Row],[Product (select)]], Table_Input_InorganicFertiliser_Brands[[#Headers],[Ingredient 2 percent]], FertiliserProducts[#Data], FertiliserProducts[Product name], FertiliserProducts[#Headers])} -> 0.04 | L18: {=Fertiliser_InputFunctions.Fertiliser_FertiliserProductLookup(Table_Input_InorganicFertiliser_Brands[[#This Row],[Product (select)]], Table_Input_InorganicFertiliser_Brands[[#Headers],[Ingredient 3]], FertiliserProducts[#Data], FertiliserProducts[Product name], FertiliserProducts[#Headers])} -> Nitrogen - Generic | M18: {=Fertiliser_InputFunctions.Fertiliser_FertiliserProductLookup(Table_Input_InorganicFertiliser_Brands[[#This Row],[Product (select)]], Table_Input_InorganicFertiliser_Brands[[#Headers],[Ingredient 3 percent]], FertiliserProducts[#Data], FertiliserProducts[Product name], FertiliserProducts[#Headers])} -> 0.026 | N18: {=Fertiliser_InputFunctions.Fertiliser_FertiliserProductLookup(Table_Input_InorganicFertiliser_Brands[[#This Row],[Product (select)]], Table_Input_InorganicFertiliser_Brands[[#Headers],[Ingredient 4]], FertiliserProducts[#Data], FertiliserProducts[Product name], FertiliserProducts[#Headers])} | O18: {=Fertiliser_InputFunctions.Fertiliser_FertiliserProductLookup(Table_Input_InorganicFertiliser_Brands[[#This Row],[Product (select)]], Table_Input_InorganicFertiliser_Brands[[#Headers],[Ingredient 4 percent]], FertiliserProducts[#Data], FertiliserProducts[Product name], FertiliserProducts[#Headers])} | P18: {=Fertiliser_InputFunctions.Fertiliser_FertiliserProductLookup(Table_Input_InorganicFertiliser_Brands[[#This Row],[Product (select)]], Table_Input_InorganicFertiliser_Brands[[#Headers],[Ingredient 5]], FertiliserProducts[#Data], FertiliserProducts[Product name], FertiliserProducts[#Headers])} | Q18: {=Fertiliser_InputFunctions.Fertiliser_FertiliserProductLookup(Table_Input_InorganicFertiliser_Brands[[#This Row],[Product (select)]], Table_Input_InorganicFertiliser_Brands[[#Headers],[Ingredient 5 percent]], FertiliserProducts[#Data], FertiliserProducts[Product name], FertiliserProducts[#Headers])} | R18: {=Fertiliser_InputFunctions.Fertiliser_FertiliserProductLookup(Table_Input_InorganicFertiliser_Brands[[#This Row],[Product (select)]], Table_Input_InorganicFertiliser_Brands[[#Headers],[Ingredient 6]], FertiliserProducts[#Data], FertiliserProducts[Product name], FertiliserProducts[#Headers])} | S18: {=Fertiliser_InputFunctions.Fertiliser_FertiliserProductLookup(Table_Input_InorganicFertiliser_Brands[[#This Row],[Product (select)]], Table_Input_InorganicFertiliser_Brands[[#Headers],[Ingredient 6 percent]], FertiliserProducts[#Data], FertiliserProducts[Product name], FertiliserProducts[#Headers])} | T18: =Table_Input_InorganicFertiliser_Brands[[#This Row],[Amount applied (kg / ha)]]*(IFERROR((_xlfn.XLOOKUP(Table_Input_InorganicFertiliser_Brands[[#This Row],[Ingredient 1]], Table_Fertiliser_ChemicalCompounds[Fertiliser type f],Table_Fertiliser_ChemicalCompounds[FNinorganic f])*Table_Input_InorganicFertiliser_Brands[[#This Row],[Ingredient 1 percent]]), 0)+ IFERROR((_xlfn.XLOOKUP(Table_Input_InorganicFertiliser_Brands[[#This Row],[Ingredient 2]],Table_Fertiliser_ChemicalCompounds[Fertiliser type f],Table_Fertiliser_ChemicalCompounds[FNinorganic f])*Table_Input_InorganicFertiliser_Brands[[#This Row],[Ingredient 2 percent]]), 0)+ IFERROR((_xlfn.XLOOKUP(Table_Input_InorganicFertiliser_Brands[[#This Row],[Ingredient 3]],Table_Fertiliser_ChemicalCompounds[Fertiliser type f],Table_Fertiliser_ChemicalCompounds[FNinorganic f])*Table_Input_InorganicFertiliser_Brands[[#This Row],[Ingredient 3 percent]]), 0)+ IFERROR((_xlfn.XLOOKUP(Table_Input_InorganicFertiliser_Brands[[#This Row],[Ingredient 4]],Table_Fertiliser_ChemicalCompounds[Fertiliser type f],Table_Fertiliser_ChemicalCompounds[FNinorganic f])*Table_Input_InorganicFertiliser_Brands[[#This Row],[Ingredient 4 percent]]), 0)+ IFERROR((_xlfn.XLOOKUP(Table_Input_InorganicFertiliser_Brands[[#This Row],[Ingredient 5]],Table_Fertiliser_ChemicalCompounds[Fertiliser type f],Table_Fertiliser_ChemicalCompounds[FNinorganic f])*Table_Input_InorganicFertiliser_Brands[[#This Row],[Ingredient 5 percent]]), 0)+ IFERROR((_xlfn.XLOOKUP(Table_Input_InorganicFertiliser_Brands[[#This Row],[Ingredient 6]],Table_Fertiliser_ChemicalCompounds[Fertiliser type f],Table_Fertiliser_ChemicalCompounds[FNinorganic f])*Table_Input_InorganicFertiliser_Brands[[#This Row],[Ingredient 6 percent]]), 0)) -> 5.2
A19: APPENDICES | D19: Compass | E19: 200 | F19: =$E$9 -> 100 | G19: =Table_Input_InorganicFertiliser_Brands[[#This Row],[Amount applied (kg / ha)]]*Table_Input_InorganicFertiliser_Brands[[#This Row],[Application area (ha)]] -> 20000 | H19: {=Fertiliser_InputFunctions.Fertiliser_FertiliserProductLookup(Table_Input_InorganicFertiliser_Brands[[#This Row],[Product (select)]], Table_Input_InorganicFertiliser_Brands[[#Headers],[Ingredient 1]], FertiliserProducts[#Data], FertiliserProducts[Product name], FertiliserProducts[#Headers])} -> Nitrogen - Ammoniacal | I19: {=Fertiliser_InputFunctions.Fertiliser_FertiliserProductLookup(Table_Input_InorganicFertiliser_Brands[[#This Row],[Product (select)]], Table_Input_InorganicFertiliser_Brands[[#Headers],[Ingredient 1 percent]], FertiliserProducts[#Data], FertiliserProducts[Product name], FertiliserProducts[#Headers])} -> 0.075 | J19: {=Fertiliser_InputFunctions.Fertiliser_FertiliserProductLookup(Table_Input_InorganicFertiliser_Brands[[#This Row],[Product (select)]], Table_Input_InorganicFertiliser_Brands[[#Headers],[Ingredient 2]], FertiliserProducts[#Data], FertiliserProducts[Product name], FertiliserProducts[#Headers])} -> Nitrogen - Nitrate | K19: {=Fertiliser_InputFunctions.Fertiliser_FertiliserProductLookup(Table_Input_InorganicFertiliser_Brands[[#This Row],[Product (select)]], Table_Input_InorganicFertiliser_Brands[[#Headers],[Ingredient 2 percent]], FertiliserProducts[#Data], FertiliserProducts[Product name], FertiliserProducts[#Headers])} -> 0.075 | L19: {=Fertiliser_InputFunctions.Fertiliser_FertiliserProductLookup(Table_Input_InorganicFertiliser_Brands[[#This Row],[Product (select)]], Table_Input_InorganicFertiliser_Brands[[#Headers],[Ingredient 3]], FertiliserProducts[#Data], FertiliserProducts[Product name], FertiliserProducts[#Headers])} -> Potassium - Generic | M19: {=Fertiliser_InputFunctions.Fertiliser_FertiliserProductLookup(Table_Input_InorganicFertiliser_Brands[[#This Row],[Product (select)]], Table_Input_InorganicFertiliser_Brands[[#Headers],[Ingredient 3 percent]], FertiliserProducts[#Data], FertiliserProducts[Product name], FertiliserProducts[#Headers])} -> 0.125 | N19: {=Fertiliser_InputFunctions.Fertiliser_FertiliserProductLookup(Table_Input_InorganicFertiliser_Brands[[#This Row],[Product (select)]], Table_Input_InorganicFertiliser_Brands[[#Headers],[Ingredient 4]], FertiliserProducts[#Data], FertiliserProducts[Product name], FertiliserProducts[#Headers])} -> Phosphorus-Generic | O19: {=Fertiliser_InputFunctions.Fertiliser_FertiliserProductLookup(Table_Input_InorganicFertiliser_Brands[[#This Row],[Product (select)]], Table_Input_InorganicFertiliser_Brands[[#Headers],[Ingredient 4 percent]], FertiliserProducts[#Data], FertiliserProducts[Product name], FertiliserProducts[#Headers])} -> 0.065 | P19: {=Fertiliser_InputFunctions.Fertiliser_FertiliserProductLookup(Table_Input_InorganicFertiliser_Brands[[#This Row],[Product (select)]], Table_Input_InorganicFertiliser_Brands[[#Headers],[Ingredient 5]], FertiliserProducts[#Data], FertiliserProducts[Product name], FertiliserProducts[#Headers])} -> Sulfur - Generic | Q19: {=Fertiliser_InputFunctions.Fertiliser_FertiliserProductLookup(Table_Input_InorganicFertiliser_Brands[[#This Row],[Product (select)]], Table_Input_InorganicFertiliser_Brands[[#Headers],[Ingredient 5 percent]], FertiliserProducts[#Data], FertiliserProducts[Product name], FertiliserProducts[#Headers])} -> 0.06 | R19: {=Fertiliser_InputFunctions.Fertiliser_FertiliserProductLookup(Table_Input_InorganicFertiliser_Brands[[#This Row],[Product (select)]], Table_Input_InorganicFertiliser_Brands[[#Headers],[Ingredient 6]], FertiliserProducts[#Data], FertiliserProducts[Product name], FertiliserProducts[#Headers])} | S19: {=Fertiliser_InputFunctions.Fertiliser_FertiliserProductLookup(Table_Input_InorganicFertiliser_Brands[[#This Row],[Product (select)]], Table_Input_InorganicFertiliser_Brands[[#Headers],[Ingredient 6 percent]], FertiliserProducts[#Data], FertiliserProducts[Product name], FertiliserProducts[#Headers])} | T19: =Table_Input_InorganicFertiliser_Brands[[#This Row],[Amount applied (kg / ha)]]*(IFERROR((_xlfn.XLOOKUP(Table_Input_InorganicFertiliser_Brands[[#This Row],[Ingredient 1]], Table_Fertiliser_ChemicalCompounds[Fertiliser type f],Table_Fertiliser_ChemicalCompounds[FNinorganic f])*Table_Input_InorganicFertiliser_Brands[[#This Row],[Ingredient 1 percent]]), 0)+ IFERROR((_xlfn.XLOOKUP(Table_Input_InorganicFertiliser_Brands[[#This Row],[Ingredient 2]],Table_Fertiliser_ChemicalCompounds[Fertiliser type f],Table_Fertiliser_ChemicalCompounds[FNinorganic f])*Table_Input_InorganicFertiliser_Brands[[#This Row],[Ingredient 2 percent]]), 0)+ IFERROR((_xlfn.XLOOKUP(Table_Input_InorganicFertiliser_Brands[[#This Row],[Ingredient 3]],Table_Fertiliser_ChemicalCompounds[Fertiliser type f],Table_Fertiliser_ChemicalCompounds[FNinorganic f])*Table_Input_InorganicFertiliser_Brands[[#This Row],[Ingredient 3 percent]]), 0)+ IFERROR((_xlfn.XLOOKUP(Table_Input_InorganicFertiliser_Brands[[#This Row],[Ingredient 4]],Table_Fertiliser_ChemicalCompounds[Fertiliser type f],Table_Fertiliser_ChemicalCompounds[FNinorganic f])*Table_Input_InorganicFertiliser_Brands[[#This Row],[Ingredient 4 percent]]), 0)+ IFERROR((_xlfn.XLOOKUP(Table_Input_InorganicFertiliser_Brands[[#This Row],[Ingredient 5]],Table_Fertiliser_ChemicalCompounds[Fertiliser type f],Table_Fertiliser_ChemicalCompounds[FNinorganic f])*Table_Input_InorganicFertiliser_Brands[[#This Row],[Ingredient 5 percent]]), 0)+ IFERROR((_xlfn.XLOOKUP(Table_Input_InorganicFertiliser_Brands[[#This Row],[Ingredient 6]],Table_Fertiliser_ChemicalCompounds[Fertiliser type f],Table_Fertiliser_ChemicalCompounds[FNinorganic f])*Table_Input_InorganicFertiliser_Brands[[#This Row],[Ingredient 6 percent]]), 0)) -> 30
A20: =HYPERLINK("#'Constants - Fertiliser'!A1", "Constants - Fertiliser") -> Constants - Fertiliser | D20: CoRoN 12-0-10 | E20: 200 | F20: =$E$9 -> 100 | G20: =Table_Input_InorganicFertiliser_Brands[[#This Row],[Amount applied (kg / ha)]]*Table_Input_InorganicFertiliser_Brands[[#This Row],[Application area (ha)]] -> 20000 | H20: {=Fertiliser_InputFunctions.Fertiliser_FertiliserProductLookup(Table_Input_InorganicFertiliser_Brands[[#This Row],[Product (select)]], Table_Input_InorganicFertiliser_Brands[[#Headers],[Ingredient 1]], FertiliserProducts[#Data], FertiliserProducts[Product name], FertiliserProducts[#Headers])} -> Urea | I20: {=Fertiliser_InputFunctions.Fertiliser_FertiliserProductLookup(Table_Input_InorganicFertiliser_Brands[[#This Row],[Product (select)]], Table_Input_InorganicFertiliser_Brands[[#Headers],[Ingredient 1 percent]], FertiliserProducts[#Data], FertiliserProducts[Product name], FertiliserProducts[#Headers])} -> 0.19565217 | J20: {=Fertiliser_InputFunctions.Fertiliser_FertiliserProductLookup(Table_Input_InorganicFertiliser_Brands[[#This Row],[Product (select)]], Table_Input_InorganicFertiliser_Brands[[#Headers],[Ingredient 2]], FertiliserProducts[#Data], FertiliserProducts[Product name], FertiliserProducts[#Headers])} -> Potassium - Generic | K20: {=Fertiliser_InputFunctions.Fertiliser_FertiliserProductLookup(Table_Input_InorganicFertiliser_Brands[[#This Row],[Product (select)]], Table_Input_InorganicFertiliser_Brands[[#Headers],[Ingredient 2 percent]], FertiliserProducts[#Data], FertiliserProducts[Product name], FertiliserProducts[#Headers])} -> 0.1 | L20: {=Fertiliser_InputFunctions.Fertiliser_FertiliserProductLookup(Table_Input_InorganicFertiliser_Brands[[#This Row],[Product (select)]], Table_Input_InorganicFertiliser_Brands[[#Headers],[Ingredient 3]], FertiliserProducts[#Data], FertiliserProducts[Product name], FertiliserProducts[#Headers])} -> Nitrogen - Generic | M20: {=Fertiliser_InputFunctions.Fertiliser_FertiliserProductLookup(Table_Input_InorganicFertiliser_Brands[[#This Row],[Product (select)]], Table_Input_InorganicFertiliser_Brands[[#Headers],[Ingredient 3 percent]], FertiliserProducts[#Data], FertiliserProducts[Product name], FertiliserProducts[#Headers])} -> 0.03 | N20: {=Fertiliser_InputFunctions.Fertiliser_FertiliserProductLookup(Table_Input_InorganicFertiliser_Brands[[#This Row],[Product (select)]], Table_Input_InorganicFertiliser_Brands[[#Headers],[Ingredient 4]], FertiliserProducts[#Data], FertiliserProducts[Product name], FertiliserProducts[#Headers])} -> Boron | O20: {=Fertiliser_InputFunctions.Fertiliser_FertiliserProductLookup(Table_Input_InorganicFertiliser_Brands[[#This Row],[Product (select)]], Table_Input_InorganicFertiliser_Brands[[#Headers],[Ingredient 4 percent]], FertiliserProducts[#Data], FertiliserProducts[Product name], FertiliserProducts[#Headers])} -> 0.005 | P20: {=Fertiliser_InputFunctions.Fertiliser_FertiliserProductLookup(Table_Input_InorganicFertiliser_Brands[[#This Row],[Product (select)]], Table_Input_InorganicFertiliser_Brands[[#Headers],[Ingredient 5]], FertiliserProducts[#Data], FertiliserProducts[Product name], FertiliserProducts[#Headers])} | Q20: {=Fertiliser_InputFunctions.Fertiliser_FertiliserProductLookup(Table_Input_InorganicFertiliser_Brands[[#This Row],[Product (select)]], Table_Input_InorganicFertiliser_Brands[[#Headers],[Ingredient 5 percent]], FertiliserProducts[#Data], FertiliserProducts[Product name], FertiliserProducts[#Headers])} | R20: {=Fertiliser_InputFunctions.Fertiliser_FertiliserProductLookup(Table_Input_InorganicFertiliser_Brands[[#This Row],[Product (select)]], Table_Input_InorganicFertiliser_Brands[[#Headers],[Ingredient 6]], FertiliserProducts[#Data], FertiliserProducts[Product name], FertiliserProducts[#Headers])} | S20: {=Fertiliser_InputFunctions.Fertiliser_FertiliserProductLookup(Table_Input_InorganicFertiliser_Brands[[#This Row],[Product (select)]], Table_Input_InorganicFertiliser_Brands[[#Headers],[Ingredient 6 percent]], FertiliserProducts[#Data], FertiliserProducts[Product name], FertiliserProducts[#Headers])} | T20: =Table_Input_InorganicFertiliser_Brands[[#This Row],[Amount applied (kg / ha)]]*(IFERROR((_xlfn.XLOOKUP(Table_Input_InorganicFertiliser_Brands[[#This Row],[Ingredient 1]], Table_Fertiliser_ChemicalCompounds[Fertiliser type f],Table_Fertiliser_ChemicalCompounds[FNinorganic f])*Table_Input_InorganicFertiliser_Brands[[#This Row],[Ingredient 1 percent]]), 0)+ IFERROR((_xlfn.XLOOKUP(Table_Input_InorganicFertiliser_Brands[[#This Row],[Ingredient 2]],Table_Fertiliser_ChemicalCompounds[Fertiliser type f],Table_Fertiliser_ChemicalCompounds[FNinorganic f])*Table_Input_InorganicFertiliser_Brands[[#This Row],[Ingredient 2 percent]]), 0)+ IFERROR((_xlfn.XLOOKUP(Table_Input_InorganicFertiliser_Brands[[#This Row],[Ingredient 3]],Table_Fertiliser_ChemicalCompounds[Fertiliser type f],Table_Fertiliser_ChemicalCompounds[FNinorganic f])*Table_Input_InorganicFertiliser_Brands[[#This Row],[Ingredient 3 percent]]), 0)+ IFERROR((_xlfn.XLOOKUP(Table_Input_InorganicFertiliser_Brands[[#This Row],[Ingredient 4]],Table_Fertiliser_ChemicalCompounds[Fertiliser type f],Table_Fertiliser_ChemicalCompounds[FNinorganic f])*Table_Input_InorganicFertiliser_Brands[[#This Row],[Ingredient 4 percent]]), 0)+ IFERROR((_xlfn.XLOOKUP(Table_Input_InorganicFertiliser_Brands[[#This Row],[Ingredient 5]],Table_Fertiliser_ChemicalCompounds[Fertiliser type f],Table_Fertiliser_ChemicalCompounds[FNinorganic f])*Table_Input_InorganicFertiliser_Brands[[#This Row],[Ingredient 5 percent]]), 0)+ IFERROR((_xlfn.XLOOKUP(Table_Input_InorganicFertiliser_Brands[[#This Row],[Ingredient 6]],Table_Fertiliser_ChemicalCompounds[Fertiliser type f],Table_Fertiliser_ChemicalCompounds[FNinorganic f])*Table_Input_InorganicFertiliser_Brands[[#This Row],[Ingredient 6 percent]]), 0)) -> 24
A21: =HYPERLINK("#'Constants - Common'!A1", "Constants - Common") -> Constants - Common
D22: Custom fertiliser blends
D23: Custom blend name | E23: Amount applied (kg / ha) | F23: Application area (ha) | G23: Total applied (kg) | H23: Ingredient 1 (select) | I23: Ingredient 1 percent | J23: Ingredient 2 | K23: Ingredient 2 percent | L23: Ingredient 3 | M23: Ingredient 3 percent | N23: Ingredient 4 | O23: Ingredient 4 percent | P23: N application rate (kg/ha)
D24: My first custom blend | E24: 200 | F24: =$E$9 -> 100 | G24: =Table_Input_InorganicFertiliser_Custom[[#This Row],[Amount applied (kg / ha)]]*Table_Input_InorganicFertiliser_Custom[[#This Row],[Application area (ha)]] -> 20000 | H24: Urea | I24: 0.45 | J24: Phosphorus - Generic | K24: 0.3 | L24: Potassium - Generic | M24: 0 | N24: Sulfur - Generic | O24: 0 | P24: =Table_Input_InorganicFertiliser_Custom[[#This Row],[Amount applied (kg / ha)]]* (IFERROR((_xlfn.XLOOKUP(Table_Input_InorganicFertiliser_Custom[[#This Row],[Ingredient 1 (select)]], Table_Fertiliser_ChemicalCompounds[Fertiliser type f],Table_Fertiliser_ChemicalCompounds[FNinorganic f])*Table_Input_InorganicFertiliser_Custom[[#This Row],[Ingredient 1 percent]]), 0) + IFERROR((_xlfn.XLOOKUP(Table_Input_InorganicFertiliser_Custom[[#This Row],[Ingredient 2]], Table_Fertiliser_ChemicalCompounds[Fertiliser type f],Table_Fertiliser_ChemicalCompounds[FNinorganic f])*Table_Input_InorganicFertiliser_Custom[[#This Row],[Ingredient 2 percent]]), 0) + IFERROR((_xlfn.XLOOKUP(Table_Input_InorganicFertiliser_Custom[[#This Row],[Ingredient 3]], Table_Fertiliser_ChemicalCompounds[Fertiliser type f],Table_Fertiliser_ChemicalCompounds[FNinorganic f])*Table_Input_InorganicFertiliser_Custom[[#This Row],[Ingredient 3 percent]]), 0) + IFERROR((_xlfn.XLOOKUP(Table_Input_InorganicFertiliser_Custom[[#This Row],[Ingredient 4]], Table_Fertiliser_ChemicalCompounds[Fertiliser type f],Table_Fertiliser_ChemicalCompounds[FNinorganic f])*Table_Input_InorganicFertiliser_Custom[[#This Row],[Ingredient 4 percent]]), 0) ) -> 41.4
D25: My second custom blend | E25: 200 | F25: =$E$9 -> 100 | G25: =Table_Input_InorganicFertiliser_Custom[[#This Row],[Amount applied (kg / ha)]]*Table_Input_InorganicFertiliser_Custom[[#This Row],[Application area (ha)]] -> 20000 | H25: Nitrogen - Ammoniacal | I25: 0.1 | P25: =Table_Input_InorganicFertiliser_Custom[[#This Row],[Amount applied (kg / ha)]]* (IFERROR((_xlfn.XLOOKUP(Table_Input_InorganicFertiliser_Custom[[#This Row],[Ingredient 1 (select)]], Table_Fertiliser_ChemicalCompounds[Fertiliser type f],Table_Fertiliser_ChemicalCompounds[FNinorganic f])*Table_Input_InorganicFertiliser_Custom[[#This Row],[Ingredient 1 percent]]), 0) + IFERROR((_xlfn.XLOOKUP(Table_Input_InorganicFertiliser_Custom[[#This Row],[Ingredient 2]], Table_Fertiliser_ChemicalCompounds[Fertiliser type f],Table_Fertiliser_ChemicalCompounds[FNinorganic f])*Table_Input_InorganicFertiliser_Custom[[#This Row],[Ingredient 2 percent]]), 0) + IFERROR((_xlfn.XLOOKUP(Table_Input_InorganicFertiliser_Custom[[#This Row],[Ingredient 3]], Table_Fertiliser_ChemicalCompounds[Fertiliser type f],Table_Fertiliser_ChemicalCompounds[FNinorganic f])*Table_Input_InorganicFertiliser_Custom[[#This Row],[Ingredient 3 percent]]), 0) + IFERROR((_xlfn.XLOOKUP(Table_Input_InorganicFertiliser_Custom[[#This Row],[Ingredient 4]], Table_Fertiliser_ChemicalCompounds[Fertiliser type f],Table_Fertiliser_ChemicalCompounds[FNinorganic f])*Table_Input_InorganicFertiliser_Custom[[#This Row],[Ingredient 4 percent]]), 0) ) -> 20
D27: Soil amendments
D29: 💡 You can add more rows to the table by right-clicking on the table and selecting "Insert > Table rows above/below".
D30: 💡 'Lime' refers to calcium carbonate - CaCO3. 'Dolomite' refers to calcium magnesium carbonate - CaMg(CO3)2
D31: 💡The application area is the same as the area under pasture / cropping by default. You can edit it if the application area is different.
D32: =IF(MAX(Table_Input_Lime[Total]) > 1, "There can not be more than 100% ingredients in a product. Check the table below.", "")
D33: Product | E33: Amount applied (t/hectare) | F33: Application area (ha) | G33: Total amount applied (t) | H33: Percent Lime CaCO3 | I33: Percent Dolomite CaMg(CO3)2 | J33: Percent Gypsum | K33: Percent Potash | L33: Total
D34: Lime product 1 | E34: 100 | F34: =$E$9 -> 100 | G34: =IFERROR(Table_Input_Lime[[#This Row],[Amount applied (t/hectare)]]*Table_Input_Lime[[#This Row],[Application area (ha)]], 0) -> 10000 | H34: 0.4 | I34: 0.3 | J34: 0.25 | K34: 0.05 | L34: =SUM(Table_Input_Lime[[#This Row],[Percent Lime CaCO3]:[Percent Potash]]) -> 1
D35: Lime product 2 | E35: 100 | F35: =$E$9 -> 100 | G35: =IFERROR(Table_Input_Lime[[#This Row],[Amount applied (t/hectare)]]*Table_Input_Lime[[#This Row],[Application area (ha)]], 0) -> 10000 | I35: 1 | L35: =SUM(Table_Input_Lime[[#This Row],[Percent Lime CaCO3]:[Percent Potash]]) -> 1
D38: Organic fertiliser applied
D40: 💡 You can add more rows to the table by right-clicking on the table and selecting "Insert > Table rows above/below".
D41: 💡The application area is the same as the area under pasture / cropping by default. You can edit it if the application area is different.
D43: Organic fertiliser type (select) | E43: Percentage of N in fertiliser | F43: Amount applied (kg/hectare) | G43: Amount N applied (kg/hectare) | H43: Application area (ha) | I43: Total organic fertliser applied | J43: Total nitrogen applied (kg)
A44: =HYPERLINK("#A1", "▲ Back to top") -> ▲ Back to top | D44: Manure - Other | E44: 0.3 | F44: 10 | G44: =Table_Input_OrganicFertiliser[[#This Row],[Amount applied (kg/hectare)]]*Table_Input_OrganicFertiliser[[#This Row],[Percentage of N in fertiliser]] -> 3 | H44: =$E$9 -> 100 | I44: =Table_Input_OrganicFertiliser[[#This Row],[Amount applied (kg/hectare)]]*Table_Input_OrganicFertiliser[[#This Row],[Application area (ha)]] -> 1000 | J44: =IFERROR(Table_Input_OrganicFertiliser[[#This Row],[Amount N applied (kg/hectare)]]*Table_Input_OrganicFertiliser[[#This Row],[Application area (ha)]], 0) -> 300
D45: Manure - Poultry | E45: 0.25 | F45: 10 | G45: =Table_Input_OrganicFertiliser[[#This Row],[Amount applied (kg/hectare)]]*Table_Input_OrganicFertiliser[[#This Row],[Percentage of N in fertiliser]] -> 2.5 | H45: =$E$9 -> 100 | I45: =Table_Input_OrganicFertiliser[[#This Row],[Amount applied (kg/hectare)]]*Table_Input_OrganicFertiliser[[#This Row],[Application area (ha)]] -> 1000 | J45: =IFERROR(Table_Input_OrganicFertiliser[[#This Row],[Amount N applied (kg/hectare)]]*Table_Input_OrganicFertiliser[[#This Row],[Application area (ha)]], 0) -> 250

Sheet Input - Fuel
A1: #VALUE! | C1: Input - Fuel
A3: =HYPERLINK("#'Home'!A1", "Home") -> Home
A4: =HYPERLINK("#'Overview'!A1", "Overview") -> Overview
A5: =HYPERLINK("#'Results'!A1", "Results") -> Results | D5: Fuel purchases and consumption
A7: INPUTS | D7: 💡 You can add more rows to the table by right-clicking on the table and selecting "Insert > Table rows above/below"
A8: =HYPERLINK("#'Input - Fuel'!A1", "Fuel") -> Fuel | D8: 💡 'Percent consumed" is 100% by default. If you purchased more fuel than was consumed you can edit this field.
A10: CALCULATIONS | D10: Fuel use (select) | E10: Fuel type (select) | F10: Amount purchased | G10: Amount unit | H10: Percent consumed | I10: Amount consumed
A11: =HYPERLINK("#'8.1.1.1-2 Transport fuel'!A1", "8.1.1.1-2 Transport fuel") -> 8.1.1.1-2 Transport fuel | D11: Cars and light commercial vehicles | E11: Petrol | F11: 100000 | G11: {=Common_InputFunctions.Utility_LookupValueInTable(Table_Input_Fuel[[#This Row],[Fuel type (select)]],[1]!Table_FuelTypes_Units[Fuel type], [1]!Table_FuelTypes_Units[Unit])} -> kL | H11: =1 -> 1 | I11: =Table_Input_Fuel[[#This Row],[Amount purchased]]*Table_Input_Fuel[[#This Row],[Percent consumed]]*10^-3 -> 100
A12: =HYPERLINK("#'8.2.1.1-2 Stationary fuel'!A1", "8.2.1.1-2 Stationary fuel") -> 8.2.1.1-2 Stationary fuel
A13: =HYPERLINK("#'8.X.1.1-2 General use fuel'!A1", "8.X.1.1-2 General use fuel") -> 8.X.1.1-2 General use fuel
A15: APPENDICES
A16: =HYPERLINK("#'Constants - Fuel'!A1", "Constants - Fuel") -> Constants - Fuel
A17: =HYPERLINK("#'Constants - Common'!A1", "Constants - Common") -> Constants - Common

Sheet Sheet3
D4: Fuel
D6: Fuel use | E6: Fuel type (NGAF terminology) | F6: Fuel type (q)
D7: =[1]!Table_FuelTypesPerUse[[#Headers],[Cars and light commercial vehicles]] -> Cars and light commercial vehicles | E7: ='[1]Constants - Fuel'!$E$10 -> Gasoline | F7: ='[1]Constants - Fuel'!$G$131 -> Petrol | H7: {=Fuel_InputFunctions.Fuel_TotalConsumption(Table_Input_Fuel[Amount consumed], Table_Input_Fuel[Fuel use (select)], D7, Table_Input_Fuel[Fuel type (select)],F7)} -> 100
D8: =$D$25 -> 0 | E8: ='[1]Constants - Fuel'!$E$11 -> Diesel oil | F8: ='[1]Constants - Fuel'!$G$132 -> Diesel | H8: {=Fuel_InputFunctions.Fuel_TotalConsumption(Table_Input_Fuel[Amount consumed], Table_Input_Fuel[Fuel use (select)], D8, Table_Input_Fuel[Fuel type (select)],F8)} -> 0
D9: =$D$25 -> 0 | E9: ='[1]Constants - Fuel'!$E$12 -> Liquefied petroleum gas (LPG) | F9: ='[1]Constants - Fuel'!$G$133 -> Liquefied petroleum gas (LPG) | H9: {=Fuel_InputFunctions.Fuel_TotalConsumption(Table_Input_Fuel[Amount consumed], Table_Input_Fuel[Fuel use (select)], D9, Table_Input_Fuel[Fuel type (select)],F9)} -> 0
D10: =$D$25 -> 0 | E10: ='[1]Constants - Fuel'!$E$13 -> Fuel oil | F10: ='[1]Constants - Fuel'!$G$134 -> Fuel oil | H10: {=Fuel_InputFunctions.Fuel_TotalConsumption(Table_Input_Fuel[Amount consumed], Table_Input_Fuel[Fuel use (select)], D10, Table_Input_Fuel[Fuel type (select)],F10)} -> 0
D11: =$D$25 -> 0 | E11: ='[1]Constants - Fuel'!$E$14 -> Ethanol | F11: ='[1]Constants - Fuel'!$G$135 -> Ethanol | H11: {=Fuel_InputFunctions.Fuel_TotalConsumption(Table_Input_Fuel[Amount consumed], Table_Input_Fuel[Fuel use (select)], D11, Table_Input_Fuel[Fuel type (select)],F11)} -> 0
D12: =$D$25 -> 0 | E12: ='[1]Constants - Fuel'!$E$15 -> Biodiesel | F12: ='[1]Constants - Fuel'!$G$136 -> Biodiesel | H12: {=Fuel_InputFunctions.Fuel_TotalConsumption(Table_Input_Fuel[Amount consumed], Table_Input_Fuel[Fuel use (select)], D12, Table_Input_Fuel[Fuel type (select)],F12)} -> 0
D13: =$D$25 -> 0 | E13: ='[1]Constants - Fuel'!$E$16 -> Renewable diesel | F13: ='[1]Constants - Fuel'!$G$137 -> Renewable diesel | H13: {=Fuel_InputFunctions.Fuel_TotalConsumption(Table_Input_Fuel[Amount consumed], Table_Input_Fuel[Fuel use (select)], D13, Table_Input_Fuel[Fuel type (select)],F13)} -> 0
D14: =$D$25 -> 0 | E14: ='[1]Constants - Fuel'!$E$17 -> Other biofuels | F14: ='[1]Constants - Fuel'!$G$138 -> Other biofuels | H14: {=Fuel_InputFunctions.Fuel_TotalConsumption(Table_Input_Fuel[Amount consumed], Table_Input_Fuel[Fuel use (select)], D14, Table_Input_Fuel[Fuel type (select)],F14)} -> 0
D15: =[1]!Table_FuelTypesPerUse[[#Headers],[Off-road Agriculture and forestry equipment]] -> Off-road Agriculture and forestry equipment | E15: ='[1]Constants - Fuel'!$E$11 -> Diesel oil | F15: ='[1]Constants - Fuel'!$H$131 -> Diesel | H15: {=Fuel_InputFunctions.Fuel_TotalConsumption(Table_Input_Fuel[Amount consumed], Table_Input_Fuel[Fuel use (select)], D15, Table_Input_Fuel[Fuel type (select)],F15)} -> 0
D16: =[1]!Table_FuelTypesPerUse[[#Headers],[Aviation]] -> Aviation | E16: ='[1]Constants - Fuel'!$E$28 -> Gasoline for use as fuel in an aircraft | F16: ='[1]Constants - Fuel'!F$131 -> Avgas | H16: {=Fuel_InputFunctions.Fuel_TotalConsumption(Table_Input_Fuel[Amount consumed], Table_Input_Fuel[Fuel use (select)], D16, Table_Input_Fuel[Fuel type (select)],F16)} -> 0
D17: =$D$34 -> 0 | E17: ='[1]Constants - Fuel'!$E$29 -> Kerosene for use as fuel in an aircraft | F17: ='[1]Constants - Fuel'!F$132 -> Jet A1, Jet B | H17: {=Fuel_InputFunctions.Fuel_TotalConsumption(Table_Input_Fuel[Amount consumed], Table_Input_Fuel[Fuel use (select)], D17, Table_Input_Fuel[Fuel type (select)],F17)} -> 0
D18: =$D$34 -> 0 | E18: ='[1]Constants - Fuel'!$E$30 -> Renewable aviation kerosene | F18: ='[1]Constants - Fuel'!F$133 -> Renewable aviation kerosene | H18: {=Fuel_InputFunctions.Fuel_TotalConsumption(Table_Input_Fuel[Amount consumed], Table_Input_Fuel[Fuel use (select)], D18, Table_Input_Fuel[Fuel type (select)],F18)} -> 0
D19: =[1]!Table_FuelTypesPerUse[[#Headers],[Vessels]] -> Vessels | E19: ='[1]Constants - Fuel'!$E$10 -> Gasoline | F19: ='[1]Constants - Fuel'!I$131 -> Petrol | H19: {=Fuel_InputFunctions.Fuel_TotalConsumption(Table_Input_Fuel[Amount consumed], Table_Input_Fuel[Fuel use (select)], D19, Table_Input_Fuel[Fuel type (select)],F19)} -> 0
D20: =D19 -> Vessels | E20: ='[1]Constants - Fuel'!$E$11 -> Diesel oil | F20: ='[1]Constants - Fuel'!I$132 -> Diesel | H20: {=Fuel_InputFunctions.Fuel_TotalConsumption(Table_Input_Fuel[Amount consumed], Table_Input_Fuel[Fuel use (select)], D20, Table_Input_Fuel[Fuel type (select)],F20)} -> 0
D21: =D19 -> Vessels | E21: ='[1]Constants - Fuel'!$E$33 -> Fuel Oil | F21: ='[1]Constants - Fuel'!I$133 -> Fuel oil | H21: {=Fuel_InputFunctions.Fuel_TotalConsumption(Table_Input_Fuel[Amount consumed], Table_Input_Fuel[Fuel use (select)], D21, Table_Input_Fuel[Fuel type (select)],F21)} -> 0

Sheet 5.1.1.1-2 Inorganic fert N2O
A1: #VALUE! | C1: 5.1.1.1-2 Inorganic fertiliser application N2O emissions
A3: =HYPERLINK("#'Home'!A1", "Home") -> Home | D3: Method 1 | M3: Method 2
A4: =HYPERLINK("#'Overview'!A1", "Overview") -> Overview
A5: =HYPERLINK("#'Results'!A1", "Results") -> Results | D5: {=Fertiliser_Equations_InorganicN2O.VEERG_5_1_1_1__2_MassOfNitrogenInInorganicFertiliser_Title()} -> Mass of nitrogen in inorganic fertiliser applied to production system | M5: {=Fertiliser_Equations_InorganicN2O.VEERG_5_1_1_2__1_EmissionFactorIrrigatedMaize_Title()} -> Emission factor for nitrous oxide for irrigated maize
D6: {=Fertiliser_Equations_InorganicN2O.VEERG_5_1_1_1__2_MassOfNitrogenInInorganicFertiliser_Source()} -> VEERG 2026: 5.1.1.1, Equation (2) | M6: {=Fertiliser_Equations_InorganicN2O.VEERG_5_1_1_2__1_EmissionFactorIrrigatedMaize_Source()} -> VEERG 2026: 5.1.1.2, Equation (1)
A7: INPUTS | D7: Function name | E7: {=Common_InputFunctions.Utility_DisplayFunctionName(G19)} -> =Fertiliser_Equations_InorganicN2O.VEERG_5_1_1_1__2_MassOfNitrogenInInorganicFertiliser
A8: =HYPERLINK("#'Input - Site'!A1", "Site") -> Site
A9: =HYPERLINK("#'Input - Fertiliser'!A1", "Fertiliser") -> Fertiliser | M9: Variable | N9: {=Fertiliser_Equations_InorganicN2O.VEERG_5_1_1_2__1_EmissionFactorIrrigatedMaize_Variable()} -> EF_fjIrrigatedMaizeN2O
D10: Variable | E10: {=Fertiliser_Equations_InorganicN2O.VEERG_5_1_1_1__2_MassOfNitrogenInInorganicFertiliser_Variable()} -> MN_jf | M10: Unit | N10: {=Fertiliser_Equations_InorganicN2O.VEERG_5_1_1_2__1_EmissionFactorIrrigatedMaize_Unit()} -> kg N2O-N/kg N applied
A11: CALCULATIONS | D11: Unit | E11: {=Fertiliser_Equations_InorganicN2O.VEERG_5_1_1_1__2_MassOfNitrogenInInorganicFertiliser_Unit()} -> kg N
A12: =HYPERLINK("#'5.1.1.1-2 Inorganic Fert N2O'!A1", "5.1.1.1-2 Inorganic Fert N2O") -> 5.1.1.1-2 Inorganic Fert N2O | M12: {=_xlfn.CHOOSECOLS(Fertiliser_Equations_InorganicN2O.VEERG_5_1_1_2__1_EmissionFactorIrrigatedMaize_Arguments(), 1, 2)} -> N_fjIrrigatedMaize | N12: application rate of inorganic fertiliser type f in the irrigated maize crop | P12: {=_xlfn.CHOOSECOLS(Fertiliser_Equations_InorganicN2O.VEERG_5_1_1_2__1_EmissionFactorIrrigatedMaize_Arguments(), 3,4)} -> kg N/ha | Q12: Input | R12: {=HYPERLINK(Common_InputFunctions.Utility_SourceHyperlink($M$41), $M$41)} -> M2_Table_FertApplications
A13: =HYPERLINK("#'5.1.1.3-4 Inorganic fert CO2'!A1", "5.1.1.3-4 Inorganic fert CO2") -> 5.1.1.3-4 Inorganic fert CO2 | D13: {=_xlfn.CHOOSECOLS(Fertiliser_Equations_InorganicN2O.VEERG_5_1_1_1__2_MassOfNitrogenInInorganicFertiliser_Arguments(), 1,2)} -> TM_jf | E13: total mass of inorganic fertiliser type f applied to production system j | G13: {=_xlfn.CHOOSECOLS(Fertiliser_Equations_InorganicN2O.VEERG_5_1_1_1__2_MassOfNitrogenInInorganicFertiliser_Arguments(), 3,4)} -> kg | H13: Input | I13: {=HYPERLINK(Common_InputFunctions.Utility_SourceHyperlink($D$16), $D$16)} -> Table_MN_j_f | M13: f | N13: Inorganic fertiliser type | Q13: Constant | R13: Not used - application rate calculated per product blend application
A14: =HYPERLINK("#'5.2.1.1-2 Organic Fert N2O'!A1", "5.2.1.1-2 Organic Fert N2O") -> 5.2.1.1-2 Organic Fert N2O | D14: FN_inorganicf | E14: fraction of nitrogen in inorganic fertiliser type f | G14: kg N/kg | H14: Constant | I14: {=HYPERLINK(Common_InputFunctions.Utility_SourceHyperlink($D$16), $D$16)} -> Table_MN_j_f
A15: =HYPERLINK("#'5.3.1.1-2 Lime CO2'!A1", "5.3.1.1-2 Lime CO2") -> 5.3.1.1-2 Lime CO2
A16: =HYPERLINK("#'5.4.1.1-4 Atmos deposition'!A1", "5.4.1.1-4 Atmos deposition") -> 5.4.1.1-4 Atmos deposition | D16: Table_MN_j_f | M16: {=Fertiliser_Equations_InorganicN2O.VEERG_5_1_1_2__2_EmissionFactorNonIrrigatedGrainsHighRainfall_Title()} -> Emission factor for nitrous oxide for non-irrigated grains in high rainfall zone
A17: =HYPERLINK("#'5.5.1.1-2 Leaching and runoff'!A1", "5.5.1.1-2 Leaching and runoff") -> 5.5.1.1-2 Leaching and runoff | D17: Mass of nitrogen applied | M17: {=Fertiliser_Equations_InorganicN2O.VEERG_5_1_1_2__2_EmissionFactorNonIrrigatedGrainsHighRainfall_Source()} -> VEERG 2026: 5.1.1.2, Equation (2)
D18: Fertiliser type f | E18: TMjf | F18: FNinorganic,f | G18: MNjf
A19: APPENDICES | D19: {=Table_Fertiliser_ChemicalCompounds[Fertiliser type f]} -> Monoammonium phosphate (MAP) | E19: {=Fertiliser_InputFunctions.Fertiliser_TotalChemicalCompoundAppliedAllIngredients($D19,Table_Input_InorganicFertiliser_Brands[Total applied (kg)],Table_Input_InorganicFertiliser_Brands[Ingredient 1],Table_Input_InorganicFertiliser_Brands[Ingredient 1 percent],Table_Input_InorganicFertiliser_Brands[Ingredient 2],Table_Input_InorganicFertiliser_Brands[Ingredient 2 percent],Table_Input_InorganicFertiliser_Brands[Ingredient 3],Table_Input_InorganicFertiliser_Brands[Ingredient 3 percent],Table_Input_InorganicFertiliser_Brands[Ingredient 4],Table_Input_InorganicFertiliser_Brands[Ingredient 4 percent],Table_Input_InorganicFertiliser_Brands[Ingredient 5],Table_Input_InorganicFertiliser_Brands[Ingredient 5 percent],Table_Input_InorganicFertiliser_Brands[Ingredient 6],Table_Input_InorganicFertiliser_Brands[Ingredient 6 percent])+ Fertiliser_InputFunctions.Fertiliser_TotalChemicalCompoundAppliedAllIngredients($D19,Table_Input_InorganicFertiliser_Custom[Total applied (kg)],Table_Input_InorganicFertiliser_Custom[Ingredient 1 (select)],Table_Input_InorganicFertiliser_Custom[Ingredient 1 percent],Table_Input_InorganicFertiliser_Custom[Ingredient 2],Table_Input_InorganicFertiliser_Custom[Ingredient 2 percent],Table_Input_InorganicFertiliser_Custom[Ingredient 3],Table_Input_InorganicFertiliser_Custom[Ingredient 3 percent],Table_Input_InorganicFertiliser_Custom[Ingredient 4],Table_Input_InorganicFertiliser_Custom[Ingredient 4 percent])} -> 0 | F19: {=Common_InputFunctions.Utility_LookupValueInTableNumber(D19,Table_Fertiliser_ChemicalCompounds[Fertiliser type f],Table_Fertiliser_ChemicalCompounds[FNinorganic f])} -> 0.1 | G19: {=Fertiliser_Equations_InorganicN2O.VEERG_5_1_1_1__2_MassOfNitrogenInInorganicFertiliser(E19,F19)} -> 0
A20: =HYPERLINK("#'Constants - Fertiliser'!A1", "Constants - Fertiliser") -> Constants - Fertiliser | D20: Diammonium phosphate (DAP) | E20: {=Fertiliser_InputFunctions.Fertiliser_TotalChemicalCompoundAppliedAllIngredients($D20,Table_Input_InorganicFertiliser_Brands[Total applied (kg)],Table_Input_InorganicFertiliser_Brands[Ingredient 1],Table_Input_InorganicFertiliser_Brands[Ingredient 1 percent],Table_Input_InorganicFertiliser_Brands[Ingredient 2],Table_Input_InorganicFertiliser_Brands[Ingredient 2 percent],Table_Input_InorganicFertiliser_Brands[Ingredient 3],Table_Input_InorganicFertiliser_Brands[Ingredient 3 percent],Table_Input_InorganicFertiliser_Brands[Ingredient 4],Table_Input_InorganicFertiliser_Brands[Ingredient 4 percent],Table_Input_InorganicFertiliser_Brands[Ingredient 5],Table_Input_InorganicFertiliser_Brands[Ingredient 5 percent],Table_Input_InorganicFertiliser_Brands[Ingredient 6],Table_Input_InorganicFertiliser_Brands[Ingredient 6 percent])+ Fertiliser_InputFunctions.Fertiliser_TotalChemicalCompoundAppliedAllIngredients($D20,Table_Input_InorganicFertiliser_Custom[Total applied (kg)],Table_Input_InorganicFertiliser_Custom[Ingredient 1 (select)],Table_Input_InorganicFertiliser_Custom[Ingredient 1 percent],Table_Input_InorganicFertiliser_Custom[Ingredient 2],Table_Input_InorganicFertiliser_Custom[Ingredient 2 percent],Table_Input_InorganicFertiliser_Custom[Ingredient 3],Table_Input_InorganicFertiliser_Custom[Ingredient 3 percent],Table_Input_InorganicFertiliser_Custom[Ingredient 4],Table_Input_InorganicFertiliser_Custom[Ingredient 4 percent])} -> 0 | F20: {=Common_InputFunctions.Utility_LookupValueInTableNumber(D20,Table_Fertiliser_ChemicalCompounds[Fertiliser type f],Table_Fertiliser_ChemicalCompounds[FNinorganic f])} -> 0.18 | G20: {=Fertiliser_Equations_InorganicN2O.VEERG_5_1_1_1__2_MassOfNitrogenInInorganicFertiliser(E20,F20)} -> 0 | M20: Variable | N20: {=Fertiliser_Equations_InorganicN2O.VEERG_5_1_1_2__2_EmissionFactorNonIrrigatedGrainsHighRainfall_Variable()} -> EF_fjNonIrrigatedGrainsN2O
A21: =HYPERLINK("#'Constants - Common'!A1", "Constants - Common") -> Constants - Common | D21: Urea | E21: {=Fertiliser_InputFunctions.Fertiliser_TotalChemicalCompoundAppliedAllIngredients($D21,Table_Input_InorganicFertiliser_Brands[Total applied (kg)],Table_Input_InorganicFertiliser_Brands[Ingredient 1],Table_Input_InorganicFertiliser_Brands[Ingredient 1 percent],Table_Input_InorganicFertiliser_Brands[Ingredient 2],Table_Input_InorganicFertiliser_Brands[Ingredient 2 percent],Table_Input_InorganicFertiliser_Brands[Ingredient 3],Table_Input_InorganicFertiliser_Brands[Ingredient 3 percent],Table_Input_InorganicFertiliser_Brands[Ingredient 4],Table_Input_InorganicFertiliser_Brands[Ingredient 4 percent],Table_Input_InorganicFertiliser_Brands[Ingredient 5],Table_Input_InorganicFertiliser_Brands[Ingredient 5 percent],Table_Input_InorganicFertiliser_Brands[Ingredient 6],Table_Input_InorganicFertiliser_Brands[Ingredient 6 percent])+ Fertiliser_InputFunctions.Fertiliser_TotalChemicalCompoundAppliedAllIngredients($D21,Table_Input_InorganicFertiliser_Custom[Total applied (kg)],Table_Input_InorganicFertiliser_Custom[Ingredient 1 (select)],Table_Input_InorganicFertiliser_Custom[Ingredient 1 percent],Table_Input_InorganicFertiliser_Custom[Ingredient 2],Table_Input_InorganicFertiliser_Custom[Ingredient 2 percent],Table_Input_InorganicFertiliser_Custom[Ingredient 3],Table_Input_InorganicFertiliser_Custom[Ingredient 3 percent],Table_Input_InorganicFertiliser_Custom[Ingredient 4],Table_Input_InorganicFertiliser_Custom[Ingredient 4 percent])} -> 12913.043 | F21: {=Common_InputFunctions.Utility_LookupValueInTableNumber(D21,Table_Fertiliser_ChemicalCompounds[Fertiliser type f],Table_Fertiliser_ChemicalCompounds[FNinorganic f])} -> 0.46 | G21: {=Fertiliser_Equations_InorganicN2O.VEERG_5_1_1_1__2_MassOfNitrogenInInorganicFertiliser(E21,F21)} -> 5940 | M21: Unit | N21: {=Fertiliser_Equations_InorganicN2O.VEERG_5_1_1_2__2_EmissionFactorNonIrrigatedGrainsHighRainfall_Unit()} -> kg N2O-N/kg N applied
D22: Sulphate of ammonia (SOA) | E22: {=Fertiliser_InputFunctions.Fertiliser_TotalChemicalCompoundAppliedAllIngredients($D22,Table_Input_InorganicFertiliser_Brands[Total applied (kg)],Table_Input_InorganicFertiliser_Brands[Ingredient 1],Table_Input_InorganicFertiliser_Brands[Ingredient 1 percent],Table_Input_InorganicFertiliser_Brands[Ingredient 2],Table_Input_InorganicFertiliser_Brands[Ingredient 2 percent],Table_Input_InorganicFertiliser_Brands[Ingredient 3],Table_Input_InorganicFertiliser_Brands[Ingredient 3 percent],Table_Input_InorganicFertiliser_Brands[Ingredient 4],Table_Input_InorganicFertiliser_Brands[Ingredient 4 percent],Table_Input_InorganicFertiliser_Brands[Ingredient 5],Table_Input_InorganicFertiliser_Brands[Ingredient 5 percent],Table_Input_InorganicFertiliser_Brands[Ingredient 6],Table_Input_InorganicFertiliser_Brands[Ingredient 6 percent])+ Fertiliser_InputFunctions.Fertiliser_TotalChemicalCompoundAppliedAllIngredients($D22,Table_Input_InorganicFertiliser_Custom[Total applied (kg)],Table_Input_InorganicFertiliser_Custom[Ingredient 1 (select)],Table_Input_InorganicFertiliser_Custom[Ingredient 1 percent],Table_Input_InorganicFertiliser_Custom[Ingredient 2],Table_Input_InorganicFertiliser_Custom[Ingredient 2 percent],Table_Input_InorganicFertiliser_Custom[Ingredient 3],Table_Input_InorganicFertiliser_Custom[Ingredient 3 percent],Table_Input_InorganicFertiliser_Custom[Ingredient 4],Table_Input_InorganicFertiliser_Custom[Ingredient 4 percent])} -> 0 | F22: {=Common_InputFunctions.Utility_LookupValueInTableNumber(D22,Table_Fertiliser_ChemicalCompounds[Fertiliser type f],Table_Fertiliser_ChemicalCompounds[FNinorganic f])} -> 0.21 | G22: {=Fertiliser_Equations_InorganicN2O.VEERG_5_1_1_1__2_MassOfNitrogenInInorganicFertiliser(E22,F22)} -> 0
D23: Urea-ammonium nitrate (UAN) | E23: {=Fertiliser_InputFunctions.Fertiliser_TotalChemicalCompoundAppliedAllIngredients($D23,Table_Input_InorganicFertiliser_Brands[Total applied (kg)],Table_Input_InorganicFertiliser_Brands[Ingredient 1],Table_Input_InorganicFertiliser_Brands[Ingredient 1 percent],Table_Input_InorganicFertiliser_Brands[Ingredient 2],Table_Input_InorganicFertiliser_Brands[Ingredient 2 percent],Table_Input_InorganicFertiliser_Brands[Ingredient 3],Table_Input_InorganicFertiliser_Brands[Ingredient 3 percent],Table_Input_InorganicFertiliser_Brands[Ingredient 4],Table_Input_InorganicFertiliser_Brands[Ingredient 4 percent],Table_Input_InorganicFertiliser_Brands[Ingredient 5],Table_Input_InorganicFertiliser_Brands[Ingredient 5 percent],Table_Input_InorganicFertiliser_Brands[Ingredient 6],Table_Input_InorganicFertiliser_Brands[Ingredient 6 percent])+ Fertiliser_InputFunctions.Fertiliser_TotalChemicalCompoundAppliedAllIngredients($D23,Table_Input_InorganicFertiliser_Custom[Total applied (kg)],Table_Input_InorganicFertiliser_Custom[Ingredient 1 (select)],Table_Input_InorganicFertiliser_Custom[Ingredient 1 percent],Table_Input_InorganicFertiliser_Custom[Ingredient 2],Table_Input_InorganicFertiliser_Custom[Ingredient 2 percent],Table_Input_InorganicFertiliser_Custom[Ingredient 3],Table_Input_InorganicFertiliser_Custom[Ingredient 3 percent],Table_Input_InorganicFertiliser_Custom[Ingredient 4],Table_Input_InorganicFertiliser_Custom[Ingredient 4 percent])} -> 0 | F23: {=Common_InputFunctions.Utility_LookupValueInTableNumber(D23,Table_Fertiliser_ChemicalCompounds[Fertiliser type f],Table_Fertiliser_ChemicalCompounds[FNinorganic f])} -> 0.32 | G23: {=Fertiliser_Equations_InorganicN2O.VEERG_5_1_1_1__2_MassOfNitrogenInInorganicFertiliser(E23,F23)} -> 0 | M23: {=_xlfn.CHOOSECOLS(Fertiliser_Equations_InorganicN2O.VEERG_5_1_1_2__2_EmissionFactorNonIrrigatedGrainsHighRainfall_Arguments(), 1, 2)} -> N_fjNonIrrigatedGrains | N23: application rate of inorganic fertiliser type f in the grains crop | P23: {=_xlfn.CHOOSECOLS(Fertiliser_Equations_InorganicN2O.VEERG_5_1_1_2__2_EmissionFactorNonIrrigatedGrainsHighRainfall_Arguments(), 3,4)} -> kg N/ha | Q23: Input | R23: {=HYPERLINK(Common_InputFunctions.Utility_SourceHyperlink($M$41), $M$41)} -> M2_Table_FertApplications
D24: Ammonium nitrate (AN) | E24: {=Fertiliser_InputFunctions.Fertiliser_TotalChemicalCompoundAppliedAllIngredients($D24,Table_Input_InorganicFertiliser_Brands[Total applied (kg)],Table_Input_InorganicFertiliser_Brands[Ingredient 1],Table_Input_InorganicFertiliser_Brands[Ingredient 1 percent],Table_Input_InorganicFertiliser_Brands[Ingredient 2],Table_Input_InorganicFertiliser_Brands[Ingredient 2 percent],Table_Input_InorganicFertiliser_Brands[Ingredient 3],Table_Input_InorganicFertiliser_Brands[Ingredient 3 percent],Table_Input_InorganicFertiliser_Brands[Ingredient 4],Table_Input_InorganicFertiliser_Brands[Ingredient 4 percent],Table_Input_InorganicFertiliser_Brands[Ingredient 5],Table_Input_InorganicFertiliser_Brands[Ingredient 5 percent],Table_Input_InorganicFertiliser_Brands[Ingredient 6],Table_Input_InorganicFertiliser_Brands[Ingredient 6 percent])+ Fertiliser_InputFunctions.Fertiliser_TotalChemicalCompoundAppliedAllIngredients($D24,Table_Input_InorganicFertiliser_Custom[Total applied (kg)],Table_Input_InorganicFertiliser_Custom[Ingredient 1 (select)],Table_Input_InorganicFertiliser_Custom[Ingredient 1 percent],Table_Input_InorganicFertiliser_Custom[Ingredient 2],Table_Input_InorganicFertiliser_Custom[Ingredient 2 percent],Table_Input_InorganicFertiliser_Custom[Ingredient 3],Table_Input_InorganicFertiliser_Custom[Ingredient 3 percent],Table_Input_InorganicFertiliser_Custom[Ingredient 4],Table_Input_InorganicFertiliser_Custom[Ingredient 4 percent])} -> 0 | F24: {=Common_InputFunctions.Utility_LookupValueInTableNumber(D24,Table_Fertiliser_ChemicalCompounds[Fertiliser type f],Table_Fertiliser_ChemicalCompounds[FNinorganic f])} -> 0.337 | G24: {=Fertiliser_Equations_InorganicN2O.VEERG_5_1_1_1__2_MassOfNitrogenInInorganicFertiliser(E24,F24)} -> 0 | M24: f | N24: Inorganic fertiliser type | Q24: Constant | R24: Not used - application rate calculated per product blend application
D25: Calcium ammonium nitrate (CAN) | E25: {=Fertiliser_InputFunctions.Fertiliser_TotalChemicalCompoundAppliedAllIngredients($D25,Table_Input_InorganicFertiliser_Brands[Total applied (kg)],Table_Input_InorganicFertiliser_Brands[Ingredient 1],Table_Input_InorganicFertiliser_Brands[Ingredient 1 percent],Table_Input_InorganicFertiliser_Brands[Ingredient 2],Table_Input_InorganicFertiliser_Brands[Ingredient 2 percent],Table_Input_InorganicFertiliser_Brands[Ingredient 3],Table_Input_InorganicFertiliser_Brands[Ingredient 3 percent],Table_Input_InorganicFertiliser_Brands[Ingredient 4],Table_Input_InorganicFertiliser_Brands[Ingredient 4 percent],Table_Input_InorganicFertiliser_Brands[Ingredient 5],Table_Input_InorganicFertiliser_Brands[Ingredient 5 percent],Table_Input_InorganicFertiliser_Brands[Ingredient 6],Table_Input_InorganicFertiliser_Brands[Ingredient 6 percent])+ Fertiliser_InputFunctions.Fertiliser_TotalChemicalCompoundAppliedAllIngredients($D25,Table_Input_InorganicFertiliser_Custom[Total applied (kg)],Table_Input_InorganicFertiliser_Custom[Ingredient 1 (select)],Table_Input_InorganicFertiliser_Custom[Ingredient 1 percent],Table_Input_InorganicFertiliser_Custom[Ingredient 2],Table_Input_InorganicFertiliser_Custom[Ingredient 2 percent],Table_Input_InorganicFertiliser_Custom[Ingredient 3],Table_Input_InorganicFertiliser_Custom[Ingredient 3 percent],Table_Input_InorganicFertiliser_Custom[Ingredient 4],Table_Input_InorganicFertiliser_Custom[Ingredient 4 percent])} -> 0 | F25: {=Common_InputFunctions.Utility_LookupValueInTableNumber(D25,Table_Fertiliser_ChemicalCompounds[Fertiliser type f],Table_Fertiliser_ChemicalCompounds[FNinorganic f])} -> 0.27 | G25: {=Fertiliser_Equations_InorganicN2O.VEERG_5_1_1_1__2_MassOfNitrogenInInorganicFertiliser(E25,F25)} -> 0
D26: Nitrogen - Ammoniacal | E26: {=Fertiliser_InputFunctions.Fertiliser_TotalChemicalCompoundAppliedAllIngredients($D26,Table_Input_InorganicFertiliser_Brands[Total applied (kg)],Table_Input_InorganicFertiliser_Brands[Ingredient 1],Table_Input_InorganicFertiliser_Brands[Ingredient 1 percent],Table_Input_InorganicFertiliser_Brands[Ingredient 2],Table_Input_InorganicFertiliser_Brands[Ingredient 2 percent],Table_Input_InorganicFertiliser_Brands[Ingredient 3],Table_Input_InorganicFertiliser_Brands[Ingredient 3 percent],Table_Input_InorganicFertiliser_Brands[Ingredient 4],Table_Input_InorganicFertiliser_Brands[Ingredient 4 percent],Table_Input_InorganicFertiliser_Brands[Ingredient 5],Table_Input_InorganicFertiliser_Brands[Ingredient 5 percent],Table_Input_InorganicFertiliser_Brands[Ingredient 6],Table_Input_InorganicFertiliser_Brands[Ingredient 6 percent])+ Fertiliser_InputFunctions.Fertiliser_TotalChemicalCompoundAppliedAllIngredients($D26,Table_Input_InorganicFertiliser_Custom[Total applied (kg)],Table_Input_InorganicFertiliser_Custom[Ingredient 1 (select)],Table_Input_InorganicFertiliser_Custom[Ingredient 1 percent],Table_Input_InorganicFertiliser_Custom[Ingredient 2],Table_Input_InorganicFertiliser_Custom[Ingredient 2 percent],Table_Input_InorganicFertiliser_Custom[Ingredient 3],Table_Input_InorganicFertiliser_Custom[Ingredient 3 percent],Table_Input_InorganicFertiliser_Custom[Ingredient 4],Table_Input_InorganicFertiliser_Custom[Ingredient 4 percent])} -> 3500 | F26: {=Common_InputFunctions.Utility_LookupValueInTableNumber(D26,Table_Fertiliser_ChemicalCompounds[Fertiliser type f],Table_Fertiliser_ChemicalCompounds[FNinorganic f])} -> 1 | G26: {=Fertiliser_Equations_InorganicN2O.VEERG_5_1_1_1__2_MassOfNitrogenInInorganicFertiliser(E26,F26)} -> 3500
D27: Nitrogen - Nitrate | E27: {=Fertiliser_InputFunctions.Fertiliser_TotalChemicalCompoundAppliedAllIngredients($D27,Table_Input_InorganicFertiliser_Brands[Total applied (kg)],Table_Input_InorganicFertiliser_Brands[Ingredient 1],Table_Input_InorganicFertiliser_Brands[Ingredient 1 percent],Table_Input_InorganicFertiliser_Brands[Ingredient 2],Table_Input_InorganicFertiliser_Brands[Ingredient 2 percent],Table_Input_InorganicFertiliser_Brands[Ingredient 3],Table_Input_InorganicFertiliser_Brands[Ingredient 3 percent],Table_Input_InorganicFertiliser_Brands[Ingredient 4],Table_Input_InorganicFertiliser_Brands[Ingredient 4 percent],Table_Input_InorganicFertiliser_Brands[Ingredient 5],Table_Input_InorganicFertiliser_Brands[Ingredient 5 percent],Table_Input_InorganicFertiliser_Brands[Ingredient 6],Table_Input_InorganicFertiliser_Brands[Ingredient 6 percent])+ Fertiliser_InputFunctions.Fertiliser_TotalChemicalCompoundAppliedAllIngredients($D27,Table_Input_InorganicFertiliser_Custom[Total applied (kg)],Table_Input_InorganicFertiliser_Custom[Ingredient 1 (select)],Table_Input_InorganicFertiliser_Custom[Ingredient 1 percent],Table_Input_InorganicFertiliser_Custom[Ingredient 2],Table_Input_InorganicFertiliser_Custom[Ingredient 2 percent],Table_Input_InorganicFertiliser_Custom[Ingredient 3],Table_Input_InorganicFertiliser_Custom[Ingredient 3 percent],Table_Input_InorganicFertiliser_Custom[Ingredient 4],Table_Input_InorganicFertiliser_Custom[Ingredient 4 percent])} -> 1500 | F27: {=Common_InputFunctions.Utility_LookupValueInTableNumber(D27,Table_Fertiliser_ChemicalCompounds[Fertiliser type f],Table_Fertiliser_ChemicalCompounds[FNinorganic f])} -> 1 | G27: {=Fertiliser_Equations_InorganicN2O.VEERG_5_1_1_1__2_MassOfNitrogenInInorganicFertiliser(E27,F27)} -> 1500 | M27: {=Fertiliser_Equations_InorganicN2O.VEERG_5_1_1_2__3_EmissionFactorCotton_Title()} -> Emission factor for nitrous oxide for cotton
D28: Nitrogen - Generic | E28: {=Fertiliser_InputFunctions.Fertiliser_TotalChemicalCompoundAppliedAllIngredients($D28,Table_Input_InorganicFertiliser_Brands[Total applied (kg)],Table_Input_InorganicFertiliser_Brands[Ingredient 1],Table_Input_InorganicFertiliser_Brands[Ingredient 1 percent],Table_Input_InorganicFertiliser_Brands[Ingredient 2],Table_Input_InorganicFertiliser_Brands[Ingredient 2 percent],Table_Input_InorganicFertiliser_Brands[Ingredient 3],Table_Input_InorganicFertiliser_Brands[Ingredient 3 percent],Table_Input_InorganicFertiliser_Brands[Ingredient 4],Table_Input_InorganicFertiliser_Brands[Ingredient 4 percent],Table_Input_InorganicFertiliser_Brands[Ingredient 5],Table_Input_InorganicFertiliser_Brands[Ingredient 5 percent],Table_Input_InorganicFertiliser_Brands[Ingredient 6],Table_Input_InorganicFertiliser_Brands[Ingredient 6 percent])+ Fertiliser_InputFunctions.Fertiliser_TotalChemicalCompoundAppliedAllIngredients($D28,Table_Input_InorganicFertiliser_Custom[Total applied (kg)],Table_Input_InorganicFertiliser_Custom[Ingredient 1 (select)],Table_Input_InorganicFertiliser_Custom[Ingredient 1 percent],Table_Input_InorganicFertiliser_Custom[Ingredient 2],Table_Input_InorganicFertiliser_Custom[Ingredient 2 percent],Table_Input_InorganicFertiliser_Custom[Ingredient 3],Table_Input_InorganicFertiliser_Custom[Ingredient 3 percent],Table_Input_InorganicFertiliser_Custom[Ingredient 4],Table_Input_InorganicFertiliser_Custom[Ingredient 4 percent])} -> 1120 | F28: {=Common_InputFunctions.Utility_LookupValueInTableNumber(D28,Table_Fertiliser_ChemicalCompounds[Fertiliser type f],Table_Fertiliser_ChemicalCompounds[FNinorganic f])} -> 1 | G28: {=Fertiliser_Equations_InorganicN2O.VEERG_5_1_1_1__2_MassOfNitrogenInInorganicFertiliser(E28,F28)} -> 1120 | M28: {=Fertiliser_Equations_InorganicN2O.VEERG_5_1_1_2__3_EmissionFactorCotton_Source()} -> VEERG 2026: 5.1.1.2, Equation (3)
D29: Phosphorus - Generic | E29: {=Fertiliser_InputFunctions.Fertiliser_TotalChemicalCompoundAppliedAllIngredients($D29,Table_Input_InorganicFertiliser_Brands[Total applied (kg)],Table_Input_InorganicFertiliser_Brands[Ingredient 1],Table_Input_InorganicFertiliser_Brands[Ingredient 1 percent],Table_Input_InorganicFertiliser_Brands[Ingredient 2],Table_Input_InorganicFertiliser_Brands[Ingredient 2 percent],Table_Input_InorganicFertiliser_Brands[Ingredient 3],Table_Input_InorganicFertiliser_Brands[Ingredient 3 percent],Table_Input_InorganicFertiliser_Brands[Ingredient 4],Table_Input_InorganicFertiliser_Brands[Ingredient 4 percent],Table_Input_InorganicFertiliser_Brands[Ingredient 5],Table_Input_InorganicFertiliser_Brands[Ingredient 5 percent],Table_Input_InorganicFertiliser_Brands[Ingredient 6],Table_Input_InorganicFertiliser_Brands[Ingredient 6 percent])+ Fertiliser_InputFunctions.Fertiliser_TotalChemicalCompoundAppliedAllIngredients($D29,Table_Input_InorganicFertiliser_Custom[Total applied (kg)],Table_Input_InorganicFertiliser_Custom[Ingredient 1 (select)],Table_Input_InorganicFertiliser_Custom[Ingredient 1 percent],Table_Input_InorganicFertiliser_Custom[Ingredient 2],Table_Input_InorganicFertiliser_Custom[Ingredient 2 percent],Table_Input_InorganicFertiliser_Custom[Ingredient 3],Table_Input_InorganicFertiliser_Custom[Ingredient 3 percent],Table_Input_InorganicFertiliser_Custom[Ingredient 4],Table_Input_InorganicFertiliser_Custom[Ingredient 4 percent])} -> 6800 | F29: {=Common_InputFunctions.Utility_LookupValueInTableNumber(D29,Table_Fertiliser_ChemicalCompounds[Fertiliser type f],Table_Fertiliser_ChemicalCompounds[FNinorganic f])} -> 0 | G29: {=Fertiliser_Equations_InorganicN2O.VEERG_5_1_1_1__2_MassOfNitrogenInInorganicFertiliser(E29,F29)} -> 0
D30: Potassium - Generic | E30: {=Fertiliser_InputFunctions.Fertiliser_TotalChemicalCompoundAppliedAllIngredients($D30,Table_Input_InorganicFertiliser_Brands[Total applied (kg)],Table_Input_InorganicFertiliser_Brands[Ingredient 1],Table_Input_InorganicFertiliser_Brands[Ingredient 1 percent],Table_Input_InorganicFertiliser_Brands[Ingredient 2],Table_Input_InorganicFertiliser_Brands[Ingredient 2 percent],Table_Input_InorganicFertiliser_Brands[Ingredient 3],Table_Input_InorganicFertiliser_Brands[Ingredient 3 percent],Table_Input_InorganicFertiliser_Brands[Ingredient 4],Table_Input_InorganicFertiliser_Brands[Ingredient 4 percent],Table_Input_InorganicFertiliser_Brands[Ingredient 5],Table_Input_InorganicFertiliser_Brands[Ingredient 5 percent],Table_Input_InorganicFertiliser_Brands[Ingredient 6],Table_Input_InorganicFertiliser_Brands[Ingredient 6 percent])+ Fertiliser_InputFunctions.Fertiliser_TotalChemicalCompoundAppliedAllIngredients($D30,Table_Input_InorganicFertiliser_Custom[Total applied (kg)],Table_Input_InorganicFertiliser_Custom[Ingredient 1 (select)],Table_Input_InorganicFertiliser_Custom[Ingredient 1 percent],Table_Input_InorganicFertiliser_Custom[Ingredient 2],Table_Input_InorganicFertiliser_Custom[Ingredient 2 percent],Table_Input_InorganicFertiliser_Custom[Ingredient 3],Table_Input_InorganicFertiliser_Custom[Ingredient 3 percent],Table_Input_InorganicFertiliser_Custom[Ingredient 4],Table_Input_InorganicFertiliser_Custom[Ingredient 4 percent])} -> 9000 | F30: {=Common_InputFunctions.Utility_LookupValueInTableNumber(D30,Table_Fertiliser_ChemicalCompounds[Fertiliser type f],Table_Fertiliser_ChemicalCompounds[FNinorganic f])} -> 0 | G30: {=Fertiliser_Equations_InorganicN2O.VEERG_5_1_1_1__2_MassOfNitrogenInInorganicFertiliser(E30,F30)} -> 0
D31: Sulfur - Generic | E31: {=Fertiliser_InputFunctions.Fertiliser_TotalChemicalCompoundAppliedAllIngredients($D31,Table_Input_InorganicFertiliser_Brands[Total applied (kg)],Table_Input_InorganicFertiliser_Brands[Ingredient 1],Table_Input_InorganicFertiliser_Brands[Ingredient 1 percent],Table_Input_InorganicFertiliser_Brands[Ingredient 2],Table_Input_InorganicFertiliser_Brands[Ingredient 2 percent],Table_Input_InorganicFertiliser_Brands[Ingredient 3],Table_Input_InorganicFertiliser_Brands[Ingredient 3 percent],Table_Input_InorganicFertiliser_Brands[Ingredient 4],Table_Input_InorganicFertiliser_Brands[Ingredient 4 percent],Table_Input_InorganicFertiliser_Brands[Ingredient 5],Table_Input_InorganicFertiliser_Brands[Ingredient 5 percent],Table_Input_InorganicFertiliser_Brands[Ingredient 6],Table_Input_InorganicFertiliser_Brands[Ingredient 6 percent])+ Fertiliser_InputFunctions.Fertiliser_TotalChemicalCompoundAppliedAllIngredients($D31,Table_Input_InorganicFertiliser_Custom[Total applied (kg)],Table_Input_InorganicFertiliser_Custom[Ingredient 1 (select)],Table_Input_InorganicFertiliser_Custom[Ingredient 1 percent],Table_Input_InorganicFertiliser_Custom[Ingredient 2],Table_Input_InorganicFertiliser_Custom[Ingredient 2 percent],Table_Input_InorganicFertiliser_Custom[Ingredient 3],Table_Input_InorganicFertiliser_Custom[Ingredient 3 percent],Table_Input_InorganicFertiliser_Custom[Ingredient 4],Table_Input_InorganicFertiliser_Custom[Ingredient 4 percent])} -> 1200 | F31: {=Common_InputFunctions.Utility_LookupValueInTableNumber(D31,Table_Fertiliser_ChemicalCompounds[Fertiliser type f],Table_Fertiliser_ChemicalCompounds[FNinorganic f])} -> 0 | G31: {=Fertiliser_Equations_InorganicN2O.VEERG_5_1_1_1__2_MassOfNitrogenInInorganicFertiliser(E31,F31)} -> 0
D32: Zinc - Generic | E32: {=Fertiliser_InputFunctions.Fertiliser_TotalChemicalCompoundAppliedAllIngredients($D32,Table_Input_InorganicFertiliser_Brands[Total applied (kg)],Table_Input_InorganicFertiliser_Brands[Ingredient 1],Table_Input_InorganicFertiliser_Brands[Ingredient 1 percent],Table_Input_InorganicFertiliser_Brands[Ingredient 2],Table_Input_InorganicFertiliser_Brands[Ingredient 2 percent],Table_Input_InorganicFertiliser_Brands[Ingredient 3],Table_Input_InorganicFertiliser_Brands[Ingredient 3 percent],Table_Input_InorganicFertiliser_Brands[Ingredient 4],Table_Input_InorganicFertiliser_Brands[Ingredient 4 percent],Table_Input_InorganicFertiliser_Brands[Ingredient 5],Table_Input_InorganicFertiliser_Brands[Ingredient 5 percent],Table_Input_InorganicFertiliser_Brands[Ingredient 6],Table_Input_InorganicFertiliser_Brands[Ingredient 6 percent])+ Fertiliser_InputFunctions.Fertiliser_TotalChemicalCompoundAppliedAllIngredients($D32,Table_Input_InorganicFertiliser_Custom[Total applied (kg)],Table_Input_InorganicFertiliser_Custom[Ingredient 1 (select)],Table_Input_InorganicFertiliser_Custom[Ingredient 1 percent],Table_Input_InorganicFertiliser_Custom[Ingredient 2],Table_Input_InorganicFertiliser_Custom[Ingredient 2 percent],Table_Input_InorganicFertiliser_Custom[Ingredient 3],Table_Input_InorganicFertiliser_Custom[Ingredient 3 percent],Table_Input_InorganicFertiliser_Custom[Ingredient 4],Table_Input_InorganicFertiliser_Custom[Ingredient 4 percent])} -> 0 | F32: {=Common_InputFunctions.Utility_LookupValueInTableNumber(D32,Table_Fertiliser_ChemicalCompounds[Fertiliser type f],Table_Fertiliser_ChemicalCompounds[FNinorganic f])} -> 0 | G32: {=Fertiliser_Equations_InorganicN2O.VEERG_5_1_1_1__2_MassOfNitrogenInInorganicFertiliser(E32,F32)} -> 0 | M32: Variable | N32: {=Fertiliser_Equations_InorganicN2O.VEERG_5_1_1_2__3_EmissionFactorCotton_Variable()} -> EF_fjCottonN2O
D33: Muriate of potash (MOP) | E33: {=Fertiliser_InputFunctions.Fertiliser_TotalChemicalCompoundAppliedAllIngredients($D33,Table_Input_InorganicFertiliser_Brands[Total applied (kg)],Table_Input_InorganicFertiliser_Brands[Ingredient 1],Table_Input_InorganicFertiliser_Brands[Ingredient 1 percent],Table_Input_InorganicFertiliser_Brands[Ingredient 2],Table_Input_InorganicFertiliser_Brands[Ingredient 2 percent],Table_Input_InorganicFertiliser_Brands[Ingredient 3],Table_Input_InorganicFertiliser_Brands[Ingredient 3 percent],Table_Input_InorganicFertiliser_Brands[Ingredient 4],Table_Input_InorganicFertiliser_Brands[Ingredient 4 percent],Table_Input_InorganicFertiliser_Brands[Ingredient 5],Table_Input_InorganicFertiliser_Brands[Ingredient 5 percent],Table_Input_InorganicFertiliser_Brands[Ingredient 6],Table_Input_InorganicFertiliser_Brands[Ingredient 6 percent])+ Fertiliser_InputFunctions.Fertiliser_TotalChemicalCompoundAppliedAllIngredients($D33,Table_Input_InorganicFertiliser_Custom[Total applied (kg)],Table_Input_InorganicFertiliser_Custom[Ingredient 1 (select)],Table_Input_InorganicFertiliser_Custom[Ingredient 1 percent],Table_Input_InorganicFertiliser_Custom[Ingredient 2],Table_Input_InorganicFertiliser_Custom[Ingredient 2 percent],Table_Input_InorganicFertiliser_Custom[Ingredient 3],Table_Input_InorganicFertiliser_Custom[Ingredient 3 percent],Table_Input_InorganicFertiliser_Custom[Ingredient 4],Table_Input_InorganicFertiliser_Custom[Ingredient 4 percent])} -> 0 | F33: {=Common_InputFunctions.Utility_LookupValueInTableNumber(D33,Table_Fertiliser_ChemicalCompounds[Fertiliser type f],Table_Fertiliser_ChemicalCompounds[FNinorganic f])} -> 0 | G33: {=Fertiliser_Equations_InorganicN2O.VEERG_5_1_1_1__2_MassOfNitrogenInInorganicFertiliser(E33,F33)} -> 0 | M33: Unit | N33: {=Fertiliser_Equations_InorganicN2O.VEERG_5_1_1_2__3_EmissionFactorCotton_Unit()} -> kg N2O-N/kg N applied
D34: Double superphosphate | E34: {=Fertiliser_InputFunctions.Fertiliser_TotalChemicalCompoundAppliedAllIngredients($D34,Table_Input_InorganicFertiliser_Brands[Total applied (kg)],Table_Input_InorganicFertiliser_Brands[Ingredient 1],Table_Input_InorganicFertiliser_Brands[Ingredient 1 percent],Table_Input_InorganicFertiliser_Brands[Ingredient 2],Table_Input_InorganicFertiliser_Brands[Ingredient 2 percent],Table_Input_InorganicFertiliser_Brands[Ingredient 3],Table_Input_InorganicFertiliser_Brands[Ingredient 3 percent],Table_Input_InorganicFertiliser_Brands[Ingredient 4],Table_Input_InorganicFertiliser_Brands[Ingredient 4 percent],Table_Input_InorganicFertiliser_Brands[Ingredient 5],Table_Input_InorganicFertiliser_Brands[Ingredient 5 percent],Table_Input_InorganicFertiliser_Brands[Ingredient 6],Table_Input_InorganicFertiliser_Brands[Ingredient 6 percent])+ Fertiliser_InputFunctions.Fertiliser_TotalChemicalCompoundAppliedAllIngredients($D34,Table_Input_InorganicFertiliser_Custom[Total applied (kg)],Table_Input_InorganicFertiliser_Custom[Ingredient 1 (select)],Table_Input_InorganicFertiliser_Custom[Ingredient 1 percent],Table_Input_InorganicFertiliser_Custom[Ingredient 2],Table_Input_InorganicFertiliser_Custom[Ingredient 2 percent],Table_Input_InorganicFertiliser_Custom[Ingredient 3],Table_Input_InorganicFertiliser_Custom[Ingredient 3 percent],Table_Input_InorganicFertiliser_Custom[Ingredient 4],Table_Input_InorganicFertiliser_Custom[Ingredient 4 percent])} -> 0 | F34: {=Common_InputFunctions.Utility_LookupValueInTableNumber(D34,Table_Fertiliser_ChemicalCompounds[Fertiliser type f],Table_Fertiliser_ChemicalCompounds[FNinorganic f])} -> 0 | G34: {=Fertiliser_Equations_InorganicN2O.VEERG_5_1_1_1__2_MassOfNitrogenInInorganicFertiliser(E34,F34)} -> 0
D35: Single superphosphate (SSP) | E35: {=Fertiliser_InputFunctions.Fertiliser_TotalChemicalCompoundAppliedAllIngredients($D35,Table_Input_InorganicFertiliser_Brands[Total applied (kg)],Table_Input_InorganicFertiliser_Brands[Ingredient 1],Table_Input_InorganicFertiliser_Brands[Ingredient 1 percent],Table_Input_InorganicFertiliser_Brands[Ingredient 2],Table_Input_InorganicFertiliser_Brands[Ingredient 2 percent],Table_Input_InorganicFertiliser_Brands[Ingredient 3],Table_Input_InorganicFertiliser_Brands[Ingredient 3 percent],Table_Input_InorganicFertiliser_Brands[Ingredient 4],Table_Input_InorganicFertiliser_Brands[Ingredient 4 percent],Table_Input_InorganicFertiliser_Brands[Ingredient 5],Table_Input_InorganicFertiliser_Brands[Ingredient 5 percent],Table_Input_InorganicFertiliser_Brands[Ingredient 6],Table_Input_InorganicFertiliser_Brands[Ingredient 6 percent])+ Fertiliser_InputFunctions.Fertiliser_TotalChemicalCompoundAppliedAllIngredients($D35,Table_Input_InorganicFertiliser_Custom[Total applied (kg)],Table_Input_InorganicFertiliser_Custom[Ingredient 1 (select)],Table_Input_InorganicFertiliser_Custom[Ingredient 1 percent],Table_Input_InorganicFertiliser_Custom[Ingredient 2],Table_Input_InorganicFertiliser_Custom[Ingredient 2 percent],Table_Input_InorganicFertiliser_Custom[Ingredient 3],Table_Input_InorganicFertiliser_Custom[Ingredient 3 percent],Table_Input_InorganicFertiliser_Custom[Ingredient 4],Table_Input_InorganicFertiliser_Custom[Ingredient 4 percent])} -> 0 | F35: {=Common_InputFunctions.Utility_LookupValueInTableNumber(D35,Table_Fertiliser_ChemicalCompounds[Fertiliser type f],Table_Fertiliser_ChemicalCompounds[FNinorganic f])} -> 0 | G35: {=Fertiliser_Equations_InorganicN2O.VEERG_5_1_1_1__2_MassOfNitrogenInInorganicFertiliser(E35,F35)} -> 0 | M35: {=_xlfn.CHOOSECOLS(Fertiliser_Equations_InorganicN2O.VEERG_5_1_1_2__3_EmissionFactorCotton_Arguments(), 1, 2)} -> N_fjCotton | N35: application rate of inorganic fertiliser type f in the cotton crop | P35: {=_xlfn.CHOOSECOLS(Fertiliser_Equations_InorganicN2O.VEERG_5_1_1_2__3_EmissionFactorCotton_Arguments(), 3,4)} -> kg N/ha | Q35: Input | R35: {=HYPERLINK(Common_InputFunctions.Utility_SourceHyperlink($M$41), $M$41)} -> M2_Table_FertApplications
D36: Ammonia | E36: {=Fertiliser_InputFunctions.Fertiliser_TotalChemicalCompoundAppliedAllIngredients($D36,Table_Input_InorganicFertiliser_Brands[Total applied (kg)],Table_Input_InorganicFertiliser_Brands[Ingredient 1],Table_Input_InorganicFertiliser_Brands[Ingredient 1 percent],Table_Input_InorganicFertiliser_Brands[Ingredient 2],Table_Input_InorganicFertiliser_Brands[Ingredient 2 percent],Table_Input_InorganicFertiliser_Brands[Ingredient 3],Table_Input_InorganicFertiliser_Brands[Ingredient 3 percent],Table_Input_InorganicFertiliser_Brands[Ingredient 4],Table_Input_InorganicFertiliser_Brands[Ingredient 4 percent],Table_Input_InorganicFertiliser_Brands[Ingredient 5],Table_Input_InorganicFertiliser_Brands[Ingredient 5 percent],Table_Input_InorganicFertiliser_Brands[Ingredient 6],Table_Input_InorganicFertiliser_Brands[Ingredient 6 percent])+ Fertiliser_InputFunctions.Fertiliser_TotalChemicalCompoundAppliedAllIngredients($D36,Table_Input_InorganicFertiliser_Custom[Total applied (kg)],Table_Input_InorganicFertiliser_Custom[Ingredient 1 (select)],Table_Input_InorganicFertiliser_Custom[Ingredient 1 percent],Table_Input_InorganicFertiliser_Custom[Ingredient 2],Table_Input_InorganicFertiliser_Custom[Ingredient 2 percent],Table_Input_InorganicFertiliser_Custom[Ingredient 3],Table_Input_InorganicFertiliser_Custom[Ingredient 3 percent],Table_Input_InorganicFertiliser_Custom[Ingredient 4],Table_Input_InorganicFertiliser_Custom[Ingredient 4 percent])} -> 0 | F36: {=Common_InputFunctions.Utility_LookupValueInTableNumber(D36,Table_Fertiliser_ChemicalCompounds[Fertiliser type f],Table_Fertiliser_ChemicalCompounds[FNinorganic f])} -> 0.8235 | G36: {=Fertiliser_Equations_InorganicN2O.VEERG_5_1_1_1__2_MassOfNitrogenInInorganicFertiliser(E36,F36)} -> 0 | M36: f | N36: Inorganic fertiliser type | Q36: Constant | R36: Not used - application rate calculated per product blend application
A37: =HYPERLINK("#A1", "▲ Back to top") -> ▲ Back to top
D39: {=Fertiliser_Equations_InorganicN2O.VEERG_5_1_1_1__1_InorganicFertiliserApplicationN2OEmissions_Title()} -> Nitrous oxide emissions from the application of all inorganic fertiliser types f to all production systems j | M39: ALERT: For method 2 the application rate (N) and mass of nitrogen (MN) is calculated per fertiliser application instance, not per fertiliser type.
D40: {=Fertiliser_Equations_InorganicN2O.VEERG_5_1_1_1__1_InorganicFertiliserApplicationN2OEmissions_Source()} -> VEERG 2026: 5.1.1.1, Equation (1)
D41: Function name | E41: {=Common_InputFunctions.Utility_DisplayFunctionName($E$59)} -> =Fertiliser_Equations_InorganicN2O.VEERG_5_1_1_1__1_InorganicFertiliserApplicationN2OEmissions | M41: M2_Table_FertApplications | T41: Capped cotton applicationj rate to 300 based on VEERG "application rate of inorganic fertiliser type f in the cotton crop (kg N/ha). This is capped at a maximum of 0.0183 kg CO2e/kg N, equivalent to N application rates of 300 kg N/ha "
M42: Fertiliser product applications (Method 2)
O43: kg / hectare | P43: hectares | Q43: kg | R43: =$N$10 -> kg N2O-N/kg N applied | S43: =$N$21 -> kg N2O-N/kg N applied | T43: kg / hectare | U43: kg | V43: =$N$33 -> kg N2O-N/kg N applied | W43: kg N2O-N/kg N applied
M44: Product applied | N44: Product applied | O44: N Application rate | P44: Application area | Q44: MN | R44: =N9 -> EF_fjIrrigatedMaizeN2O | S44: =N20 -> EF_fjNonIrrigatedGrainsN2O | T44: N App. rate for cotton (max 300) | U44: MN for cotton | V44: =N32 -> EF_fjCottonN2O | W44: EF_jN2O
D45: Variable | E45: {=Fertiliser_Equations_InorganicN2O.VEERG_5_1_1_1__1_InorganicFertiliserApplicationN2OEmissions_Variable()} -> E_N2O | M45: Branded product | N45: {=Table_Input_InorganicFertiliser_Brands[Product (select)]} -> Aqua Finish | O45: {=Table_Input_InorganicFertiliser_Brands[N application rate (kg/ha)]} -> 5.2 | P45: {=Table_Input_InorganicFertiliser_Brands[Application area (ha)]} -> 100 | Q45: =O45*P45 -> 520 | R45: {=IF(O45>0, Fertiliser_Equations_InorganicN2O.VEERG_5_1_1_2__1_EmissionFactorIrrigatedMaize(O45), 0)} -> -0.0011568 | S45: {=IF(O45>0, Fertiliser_Equations_InorganicN2O.VEERG_5_1_1_2__2_EmissionFactorNonIrrigatedGrainsHighRainfall(O45), 0)} -> 0.001171 | T45: =IF(O45>0, MIN(300, O45), 0) -> 5.2 | U45: =P45*T45 -> 520 | V45: {=IF(O45>0, Fertiliser_Equations_InorganicN2O.VEERG_5_1_1_2__3_EmissionFactorCotton(T45), 0)} -> 2.9028559e-05 | W45: =IF(O45>0,Common_InputFunctions.Utility_LookupN2OEFFromProdIrrigationRainfall($S$70,$S$73,$S$74,Table_SourceData_Common_EFN2O[Production system only],Table_SourceData_Common_EFN2O[Irrigation method],Table_SourceData_Common_EFN2O[Rainfall zone],Table_SourceData_Common_EFN2O[EFN2O]), 0) -> 0.007
D46: Unit | E46: {=Fertiliser_Equations_InorganicN2O.VEERG_5_1_1_1__1_InorganicFertiliserApplicationN2OEmissions_Unit()} -> t N2O | M46: Branded product | N46: Compass | O46: 30 | P46: 100 | Q46: =O46*P46 -> 3000 | R46: {=IF(O46>0, Fertiliser_Equations_InorganicN2O.VEERG_5_1_1_2__1_EmissionFactorIrrigatedMaize(O46), 0)} -> 0.000356 | S46: {=IF(O46>0, Fertiliser_Equations_InorganicN2O.VEERG_5_1_1_2__2_EmissionFactorNonIrrigatedGrainsHighRainfall(O46), 0)} -> 0.003031 | T46: =IF(O46>0, MIN(300, O46), 0) -> 30 | U46: =P46*T46 -> 3000 | V46: {=IF(O46>0, Fertiliser_Equations_InorganicN2O.VEERG_5_1_1_2__3_EmissionFactorCotton(T46), 0)} -> 2.9047468e-05 | W46: =IF(O46>0,Common_InputFunctions.Utility_LookupN2OEFFromProdIrrigationRainfall($S$70,$S$73,$S$74,Table_SourceData_Common_EFN2O[Production system only],Table_SourceData_Common_EFN2O[Irrigation method],Table_SourceData_Common_EFN2O[Rainfall zone],Table_SourceData_Common_EFN2O[EFN2O]), 0) -> 0.007
M47: Branded product | N47: CoRoN 12-0-10 | O47: 24 | P47: 100 | Q47: =O47*P47 -> 2400 | R47: {=IF(O47>0, Fertiliser_Equations_InorganicN2O.VEERG_5_1_1_2__1_EmissionFactorIrrigatedMaize(O47), 0)} -> -9.9999995e-06 | S47: {=IF(O47>0, Fertiliser_Equations_InorganicN2O.VEERG_5_1_1_2__2_EmissionFactorNonIrrigatedGrainsHighRainfall(O47), 0)} -> 0.002581 | T47: =IF(O47>0, MIN(300, O47), 0) -> 24 | U47: =P47*T47 -> 2400 | V47: {=IF(O47>0, Fertiliser_Equations_InorganicN2O.VEERG_5_1_1_2__3_EmissionFactorCotton(T47), 0)} -> 2.9041716e-05 | W47: =IF(O47>0,Common_InputFunctions.Utility_LookupN2OEFFromProdIrrigationRainfall($S$70,$S$73,$S$74,Table_SourceData_Common_EFN2O[Production system only],Table_SourceData_Common_EFN2O[Irrigation method],Table_SourceData_Common_EFN2O[Rainfall zone],Table_SourceData_Common_EFN2O[EFN2O]), 0) -> 0.007
D48: {=_xlfn.CHOOSECOLS(Fertiliser_Equations_InorganicN2O.VEERG_5_1_1_1__1_InorganicFertiliserApplicationN2OEmissions_Arguments(), 1, 2)} -> MN_jf | E48: mass of nitrogen in inorganic fertiliser type f applied to production system j | G48: {=_xlfn.CHOOSECOLS(Fertiliser_Equations_InorganicN2O.VEERG_5_1_1_1__1_InorganicFertiliserApplicationN2OEmissions_Arguments(), 3,4)} -> kg N | H48: Calculated from 5.1.1.1 (2) | I48: {=HYPERLINK(Common_InputFunctions.Utility_SourceHyperlink(D16), D16)} -> Table_MN_j_f | M48: Branded product | Q48: =O48*P48 -> 0 | R48: {=IF(O48>0, Fertiliser_Equations_InorganicN2O.VEERG_5_1_1_2__1_EmissionFactorIrrigatedMaize(O48), 0)} -> 0 | S48: {=IF(O48>0, Fertiliser_Equations_InorganicN2O.VEERG_5_1_1_2__2_EmissionFactorNonIrrigatedGrainsHighRainfall(O48), 0)} -> 0 | T48: =IF(O48>0, MIN(300, O48), 0) -> 0 | U48: =P48*T48 -> 0 | V48: {=IF(O48>0, Fertiliser_Equations_InorganicN2O.VEERG_5_1_1_2__3_EmissionFactorCotton(T48), 0)} -> 0 | W48: =IF(O48>0,Common_InputFunctions.Utility_LookupN2OEFFromProdIrrigationRainfall($S$70,$S$73,$S$74,Table_SourceData_Common_EFN2O[Production system only],Table_SourceData_Common_EFN2O[Irrigation method],Table_SourceData_Common_EFN2O[Rainfall zone],Table_SourceData_Common_EFN2O[EFN2O]), 0) -> 0
D49: EF_jN2O | E49: emission factor for nitrous oxide for inorganic fertilisers | G49: kg N2O-N/kg N applied | H49: Constant | I49: =Common_InputFunctions.Utility_LookupN2OEFFromProdIrrigationRainfall(I51,I53,I54,Table_SourceData_Common_EFN2O[Production system only],Table_SourceData_Common_EFN2O[Irrigation method],Table_SourceData_Common_EFN2O[Rainfall zone],Table_SourceData_Common_EFN2O[EFN2O]) -> 0.007 | M49: Branded product | Q49: =O49*P49 -> 0 | R49: {=IF(O49>0, Fertiliser_Equations_InorganicN2O.VEERG_5_1_1_2__1_EmissionFactorIrrigatedMaize(O49), 0)} -> 0 | S49: {=IF(O49>0, Fertiliser_Equations_InorganicN2O.VEERG_5_1_1_2__2_EmissionFactorNonIrrigatedGrainsHighRainfall(O49), 0)} -> 0 | T49: =IF(O49>0, MIN(300, O49), 0) -> 0 | U49: =P49*T49 -> 0 | V49: {=IF(O49>0, Fertiliser_Equations_InorganicN2O.VEERG_5_1_1_2__3_EmissionFactorCotton(T49), 0)} -> 0 | W49: =IF(O49>0,Common_InputFunctions.Utility_LookupN2OEFFromProdIrrigationRainfall($S$70,$S$73,$S$74,Table_SourceData_Common_EFN2O[Production system only],Table_SourceData_Common_EFN2O[Irrigation method],Table_SourceData_Common_EFN2O[Rainfall zone],Table_SourceData_Common_EFN2O[EFN2O]), 0) -> 0
D50: C_N2O | E50: factor to convert elemental mass of nitrous oxide to molecular mass | H50: Constant | I50: =Common_InputFunctions.Utility_LookupValueInTableNumber("N2O",Table_GasToMolecularConversionFactor[Gas],Table_GasToMolecularConversionFactor[Conversion factor combined]) -> 1.5714286 | M50: Custom blend | N50: {=Table_Input_InorganicFertiliser_Custom[Custom blend name]} -> My first custom blend | O50: {=Table_Input_InorganicFertiliser_Custom[N application rate (kg/ha)]} -> 41.4 | P50: {=Table_Input_InorganicFertiliser_Custom[Application area (ha)]} -> 100 | Q50: =O50*P50 -> 4140 | R50: {=IF(O50>0, Fertiliser_Equations_InorganicN2O.VEERG_5_1_1_2__1_EmissionFactorIrrigatedMaize(O50), 0)} -> 0.0010514 | S50: {=IF(O50>0, Fertiliser_Equations_InorganicN2O.VEERG_5_1_1_2__2_EmissionFactorNonIrrigatedGrainsHighRainfall(O50), 0)} -> 0.003886 | T50: =IF(O50>0, MIN(300, O50), 0) -> 41.4 | U50: =P50*T50 -> 4140 | V50: {=IF(O50>0, Fertiliser_Equations_InorganicN2O.VEERG_5_1_1_2__3_EmissionFactorCotton(T50), 0)} -> 2.9061318e-05 | W50: =IF(O50>0,Common_InputFunctions.Utility_LookupN2OEFFromProdIrrigationRainfall($S$70,$S$73,$S$74,Table_SourceData_Common_EFN2O[Production system only],Table_SourceData_Common_EFN2O[Irrigation method],Table_SourceData_Common_EFN2O[Rainfall zone],Table_SourceData_Common_EFN2O[EFN2O]), 0) -> 0.007
D51: j | E51: Production system | H51: Input | I51: ='Input - Fertiliser'!$E$6 -> Crop | M51: Custom blend | N51: My second custom blend | O51: 20 | P51: 100 | Q51: =O51*P51 -> 2000 | R51: {=IF(O51>0, Fertiliser_Equations_InorganicN2O.VEERG_5_1_1_2__1_EmissionFactorIrrigatedMaize(O51), 0)} -> -0.000254 | S51: {=IF(O51>0, Fertiliser_Equations_InorganicN2O.VEERG_5_1_1_2__2_EmissionFactorNonIrrigatedGrainsHighRainfall(O51), 0)} -> 0.002281 | T51: =IF(O51>0, MIN(300, O51), 0) -> 20 | U51: =P51*T51 -> 2000 | V51: {=IF(O51>0, Fertiliser_Equations_InorganicN2O.VEERG_5_1_1_2__3_EmissionFactorCotton(T51), 0)} -> 2.9038358e-05 | W51: =IF(O51>0,Common_InputFunctions.Utility_LookupN2OEFFromProdIrrigationRainfall($S$70,$S$73,$S$74,Table_SourceData_Common_EFN2O[Production system only],Table_SourceData_Common_EFN2O[Irrigation method],Table_SourceData_Common_EFN2O[Rainfall zone],Table_SourceData_Common_EFN2O[EFN2O]), 0) -> 0.007
D52: f | E52: Inorganic fertiliser type | H52: Constant | I52: ="See " & D56 -> See M1_Table_E_N2O | M52: Custom blend | Q52: =O52*P52 -> 0 | R52: {=IF(O52>0, Fertiliser_Equations_InorganicN2O.VEERG_5_1_1_2__1_EmissionFactorIrrigatedMaize(O52), 0)} -> 0 | S52: {=IF(O52>0, Fertiliser_Equations_InorganicN2O.VEERG_5_1_1_2__2_EmissionFactorNonIrrigatedGrainsHighRainfall(O52), 0)} -> 0 | T52: =IF(O52>0, MIN(300, O52), 0) -> 0 | U52: =P52*T52 -> 0 | V52: {=IF(O52>0, Fertiliser_Equations_InorganicN2O.VEERG_5_1_1_2__3_EmissionFactorCotton(T52), 0)} -> 0 | W52: =IF(O52>0,Common_InputFunctions.Utility_LookupN2OEFFromProdIrrigationRainfall($S$70,$S$73,$S$74,Table_SourceData_Common_EFN2O[Production system only],Table_SourceData_Common_EFN2O[Irrigation method],Table_SourceData_Common_EFN2O[Rainfall zone],Table_SourceData_Common_EFN2O[EFN2O]), 0) -> 0
D53: ir | E53: irrigation method | H53: Input | I53: ='Input - Fertiliser'!$E$8 -> Drip irrigation | M53: Custom blend | Q53: =O53*P53 -> 0 | R53: {=IF(O53>0, Fertiliser_Equations_InorganicN2O.VEERG_5_1_1_2__1_EmissionFactorIrrigatedMaize(O53), 0)} -> 0 | S53: {=IF(O53>0, Fertiliser_Equations_InorganicN2O.VEERG_5_1_1_2__2_EmissionFactorNonIrrigatedGrainsHighRainfall(O53), 0)} -> 0 | T53: =IF(O53>0, MIN(300, O53), 0) -> 0 | U53: =P53*T53 -> 0 | V53: {=IF(O53>0, Fertiliser_Equations_InorganicN2O.VEERG_5_1_1_2__3_EmissionFactorCotton(T53), 0)} -> 0 | W53: =IF(O53>0,Common_InputFunctions.Utility_LookupN2OEFFromProdIrrigationRainfall($S$70,$S$73,$S$74,Table_SourceData_Common_EFN2O[Production system only],Table_SourceData_Common_EFN2O[Irrigation method],Table_SourceData_Common_EFN2O[Rainfall zone],Table_SourceData_Common_EFN2O[EFN2O]), 0) -> 0
D54: z | E54: rainfall zone | H54: Input | I54: ='Input - Site'!$E$30 -> Low rainfall | M54: Custom blend | Q54: =O54*P54 -> 0 | R54: {=IF(O54>0, Fertiliser_Equations_InorganicN2O.VEERG_5_1_1_2__1_EmissionFactorIrrigatedMaize(O54), 0)} -> 0 | S54: {=IF(O54>0, Fertiliser_Equations_InorganicN2O.VEERG_5_1_1_2__2_EmissionFactorNonIrrigatedGrainsHighRainfall(O54), 0)} -> 0 | T54: =IF(O54>0, MIN(300, O54), 0) -> 0 | U54: =P54*T54 -> 0 | V54: {=IF(O54>0, Fertiliser_Equations_InorganicN2O.VEERG_5_1_1_2__3_EmissionFactorCotton(T54), 0)} -> 0 | W54: =IF(O54>0,Common_InputFunctions.Utility_LookupN2OEFFromProdIrrigationRainfall($S$70,$S$73,$S$74,Table_SourceData_Common_EFN2O[Production system only],Table_SourceData_Common_EFN2O[Irrigation method],Table_SourceData_Common_EFN2O[Rainfall zone],Table_SourceData_Common_EFN2O[EFN2O]), 0) -> 0
D56: M1_Table_E_N2O
D57: Nitrous oxide emissions from inorganic fertiliser application (Method 1)
D58: Fertiliser type f | E58: EN2O | M58: {=Fertiliser_Equations_InorganicN2O.VEERG_5_1_1_1__1_InorganicFertiliserApplicationN2OEmissions_Title()} -> Nitrous oxide emissions from the application of all inorganic fertiliser types f to all production systems j
D59: {=Table_Fertiliser_ChemicalCompounds[Fertiliser type f]} -> Monoammonium phosphate (MAP) | E59: {=Fertiliser_Equations_InorganicN2O.VEERG_5_1_1_1__1_InorganicFertiliserApplicationN2OEmissions(G19,$I$49,$I$50)} -> 0 | F59: =E46 -> t N2O | M59: {=Fertiliser_Equations_InorganicN2O.VEERG_5_1_1_1__1_InorganicFertiliserApplicationN2OEmissions_Source()} -> VEERG 2026: 5.1.1.1, Equation (1)
D60: Diammonium phosphate (DAP) | E60: {=Fertiliser_Equations_InorganicN2O.VEERG_5_1_1_1__1_InorganicFertiliserApplicationN2OEmissions(G20,$I$49,$I$50)} -> 0 | M60: Function name | N60: {=Common_InputFunctions.Utility_DisplayFunctionName($E$59)} -> =Fertiliser_Equations_InorganicN2O.VEERG_5_1_1_1__1_InorganicFertiliserApplicationN2OEmissions
D61: Urea | E61: {=Fertiliser_Equations_InorganicN2O.VEERG_5_1_1_1__1_InorganicFertiliserApplicationN2OEmissions(G21,$I$49,$I$50)} -> 0.06534
D62: Sulphate of ammonia (SOA) | E62: {=Fertiliser_Equations_InorganicN2O.VEERG_5_1_1_1__1_InorganicFertiliserApplicationN2OEmissions(G22,$I$49,$I$50)} -> 0
D63: Urea-ammonium nitrate (UAN) | E63: {=Fertiliser_Equations_InorganicN2O.VEERG_5_1_1_1__1_InorganicFertiliserApplicationN2OEmissions(G23,$I$49,$I$50)} -> 0
D64: Ammonium nitrate (AN) | E64: {=Fertiliser_Equations_InorganicN2O.VEERG_5_1_1_1__1_InorganicFertiliserApplicationN2OEmissions(G24,$I$49,$I$50)} -> 0 | M64: Variable | N64: {=Fertiliser_Equations_InorganicN2O.VEERG_5_1_1_1__1_InorganicFertiliserApplicationN2OEmissions_Variable()} -> E_N2O
D65: Calcium ammonium nitrate (CAN) | E65: {=Fertiliser_Equations_InorganicN2O.VEERG_5_1_1_1__1_InorganicFertiliserApplicationN2OEmissions(G25,$I$49,$I$50)} -> 0 | M65: Unit | N65: {=Fertiliser_Equations_InorganicN2O.VEERG_5_1_1_1__1_InorganicFertiliserApplicationN2OEmissions_Unit()} -> t N2O
D66: Nitrogen - Ammoniacal | E66: {=Fertiliser_Equations_InorganicN2O.VEERG_5_1_1_1__1_InorganicFertiliserApplicationN2OEmissions(G26,$I$49,$I$50)} -> 0.0385
D67: Nitrogen - Nitrate | E67: {=Fertiliser_Equations_InorganicN2O.VEERG_5_1_1_1__1_InorganicFertiliserApplicationN2OEmissions(G27,$I$49,$I$50)} -> 0.0165 | M67: {=_xlfn.CHOOSECOLS(Fertiliser_Equations_InorganicN2O.VEERG_5_1_1_1__1_InorganicFertiliserApplicationN2OEmissions_Arguments_Method2(), 1, 2)} -> MN_jf | N67: mass of nitrogen in inorganic fertiliser type f applied to production system j | Q67: {=_xlfn.CHOOSECOLS(Fertiliser_Equations_InorganicN2O.VEERG_5_1_1_1__1_InorganicFertiliserApplicationN2OEmissions_Arguments_Method2(), 3,4)} -> kg N | R67: Calculated from 5.1.1.1 (2) | S67: {=HYPERLINK(Common_InputFunctions.Utility_SourceHyperlink(M41), M41)} -> M2_Table_FertApplications
D68: Nitrogen - Generic | E68: {=Fertiliser_Equations_InorganicN2O.VEERG_5_1_1_1__1_InorganicFertiliserApplicationN2OEmissions(G28,$I$49,$I$50)} -> 0.01232 | M68: EF_jN2O | N68: emission factor for nitrous oxide for inorganic fertilisers | Q68: kg N2O-N/kg N applied | R68: Calculated from 5.1.1.2 (1)(2)(3) | S68: {=_xlfn.IFS( AND(S70="crop", S71="grains", S73="not irrigated", S74="high rainfall"), $S$44, AND(S70="Crop", S71="maize", S73<>"not irrigated"), $R$44, AND(S70="Crop", S71="cotton"), $V$44, TRUE, $W$44 )} -> EF_jN2O
D69: Phosphorus - Generic | E69: {=Fertiliser_Equations_InorganicN2O.VEERG_5_1_1_1__1_InorganicFertiliserApplicationN2OEmissions(G29,$I$49,$I$50)} -> 0 | M69: C_N2O | N69: factor to convert elemental mass of nitrous oxide to molecular mass | R69: Constant | S69: =Common_InputFunctions.Utility_LookupValueInTableNumber("N2O",Table_GasToMolecularConversionFactor[Gas],Table_GasToMolecularConversionFactor[Conversion factor combined]) -> 1.5714286
D70: Potassium - Generic | E70: {=Fertiliser_Equations_InorganicN2O.VEERG_5_1_1_1__1_InorganicFertiliserApplicationN2OEmissions(G30,$I$49,$I$50)} -> 0 | M70: j | N70: Production system | R70: Input | S70: ='Input - Fertiliser'!$E$6 -> Crop
D71: Sulfur - Generic | E71: {=Fertiliser_Equations_InorganicN2O.VEERG_5_1_1_1__1_InorganicFertiliserApplicationN2OEmissions(G31,$I$49,$I$50)} -> 0 | M71: c | N71: Crop type | R71: Input | S71: ='Input - Fertiliser'!$E$7 -> Grains
D72: Zinc - Generic | E72: {=Fertiliser_Equations_InorganicN2O.VEERG_5_1_1_1__1_InorganicFertiliserApplicationN2OEmissions(G32,$I$49,$I$50)} -> 0 | M72: f | N72: Inorganic fertiliser type | R72: Constant | S72: Not used
D73: Muriate of potash (MOP) | E73: {=Fertiliser_Equations_InorganicN2O.VEERG_5_1_1_1__1_InorganicFertiliserApplicationN2OEmissions(G33,$I$49,$I$50)} -> 0 | M73: ir | N73: irrigation method | R73: Input | S73: ='Input - Fertiliser'!$E$8 -> Drip irrigation
D74: Double superphosphate | E74: {=Fertiliser_Equations_InorganicN2O.VEERG_5_1_1_1__1_InorganicFertiliserApplicationN2OEmissions(G34,$I$49,$I$50)} -> 0 | M74: z | N74: rainfall zone | R74: Input | S74: ='Input - Site'!$E$30 -> Low rainfall
D75: Single superphosphate (SSP) | E75: {=Fertiliser_Equations_InorganicN2O.VEERG_5_1_1_1__1_InorganicFertiliserApplicationN2OEmissions(G35,$I$49,$I$50)} -> 0
D76: Ammonia | E76: {=Fertiliser_Equations_InorganicN2O.VEERG_5_1_1_1__1_InorganicFertiliserApplicationN2OEmissions(G36,$I$49,$I$50)} -> 0 | M76: Product applied | N76: Product applied | O76: EFjN2O | P76: EN2O
M77: Branded product | N77: {=Table_Input_InorganicFertiliser_Brands[Product (select)]} -> Aqua Finish | O77: {=_xlfn.XLOOKUP(N77,$N$45:$N$54,_xlfn.XLOOKUP($S$68,$R$44:$W$44,$R$45:$W$54), "")} -> 0.007 | P77: {=Fertiliser_Equations_InorganicN2O.VEERG_5_1_1_1__1_InorganicFertiliserApplicationN2OEmissions(Q45,O77,$S$69)} -> 0.00572
D78: EN2O | E78: =SUM(E59:E76) -> 0.13266 | F78: =$E$46 -> t N2O | M78: Branded product | N78: Compass | O78: {=_xlfn.XLOOKUP(N78,$N$45:$N$54,_xlfn.XLOOKUP($S$68,$R$44:$W$44,$R$45:$W$54), FALSE)} -> 0.007 | P78: {=Fertiliser_Equations_InorganicN2O.VEERG_5_1_1_1__1_InorganicFertiliserApplicationN2OEmissions(Q46,O78,$S$69)} -> 0.033
M79: Branded product | N79: CoRoN 12-0-10 | O79: {=_xlfn.XLOOKUP(N79,$N$45:$N$54,_xlfn.XLOOKUP($S$68,$R$44:$W$44,$R$45:$W$54))} -> 0.007 | P79: {=Fertiliser_Equations_InorganicN2O.VEERG_5_1_1_1__1_InorganicFertiliserApplicationN2OEmissions(Q47,O79,$S$69)} -> 0.0264
D80: {=Common_Equations.Common_ConvertN2OToCO2e_Arguments()} -> EN2O | E80: Nitrous oxide emissions (t N2O) | G80: =E78 -> 0.13266 | M80: Branded product | O80: {=_xlfn.XLOOKUP(N80,$N$45:$N$54,_xlfn.XLOOKUP($S$68,$R$44:$W$44,$R$45:$W$54))} -> 0 | P80: {=Fertiliser_Equations_InorganicN2O.VEERG_5_1_1_1__1_InorganicFertiliserApplicationN2OEmissions(Q48,O80,$S$69)} -> 0
D81: GWPN2O | E81: Global warming potential for nitrous oxide (t CO2-e / t N2O) | G81: =Common_InputFunctions.Utility_LookupValueInTableNumber("N2O",Table_GWPData[Gas],Table_GWPData[CO2-e factor]) -> 265 | M81: Branded product | O81: {=_xlfn.XLOOKUP(N81,$N$45:$N$54,_xlfn.XLOOKUP($S$68,$R$44:$W$44,$R$45:$W$54))} -> 0 | P81: {=Fertiliser_Equations_InorganicN2O.VEERG_5_1_1_1__1_InorganicFertiliserApplicationN2OEmissions(Q49,O81,$S$69)} -> 0
M82: Custom blend | N82: {=Table_Input_InorganicFertiliser_Custom[Custom blend name]} -> My first custom blend | O82: {=_xlfn.XLOOKUP(N82,$N$45:$N$54,_xlfn.XLOOKUP($S$68,$R$44:$W$44,$R$45:$W$54))} -> 0.007 | P82: {=Fertiliser_Equations_InorganicN2O.VEERG_5_1_1_1__1_InorganicFertiliserApplicationN2OEmissions(Q50,O82,$S$69)} -> 0.04554
A83: =HYPERLINK("#A1", "▲ Back to top") -> ▲ Back to top | D83: ECO2e | E83: {=Common_Equations.Common_ConvertN2OToCO2e(G80,G81)} -> 35.1549 | F83: {=Common_Equations.Common_ConvertN2OToCO2e_Unit()} -> t CO2e | M83: Custom blend | N83: My second custom blend | O83: {=_xlfn.XLOOKUP(N83,$N$45:$N$54,_xlfn.XLOOKUP($S$68,$R$44:$W$44,$R$45:$W$54))} -> 0.007 | P83: {=Fertiliser_Equations_InorganicN2O.VEERG_5_1_1_1__1_InorganicFertiliserApplicationN2OEmissions(Q51,O83,$S$69)} -> 0.022
M84: Custom blend | O84: {=_xlfn.XLOOKUP(N84,$N$45:$N$54,_xlfn.XLOOKUP($S$68,$R$44:$W$44,$R$45:$W$54))} -> 0 | P84: {=Fertiliser_Equations_InorganicN2O.VEERG_5_1_1_1__1_InorganicFertiliserApplicationN2OEmissions(Q52,O84,$S$69)} -> 0
M85: Custom blend | O85: {=_xlfn.XLOOKUP(N85,$N$45:$N$54,_xlfn.XLOOKUP($S$68,$R$44:$W$44,$R$45:$W$54))} -> 0 | P85: {=Fertiliser_Equations_InorganicN2O.VEERG_5_1_1_1__1_InorganicFertiliserApplicationN2OEmissions(Q53,O85,$S$69)} -> 0
M86: Custom blend | O86: {=_xlfn.XLOOKUP(N86,$N$45:$N$54,_xlfn.XLOOKUP($S$68,$R$44:$W$44,$R$45:$W$54))} -> 0 | P86: {=Fertiliser_Equations_InorganicN2O.VEERG_5_1_1_1__1_InorganicFertiliserApplicationN2OEmissions(Q54,O86,$S$69)} -> 0
M88: EN2O | N88: =SUM(P77:P86) -> 0.13266 | O88: =$E$46 -> t N2O
M90: {=Common_Equations.Common_ConvertN2OToCO2e_Arguments()} -> EN2O | N90: Nitrous oxide emissions (t N2O) | P90: =N88 -> 0.13266
M91: GWPN2O | N91: Global warming potential for nitrous oxide (t CO2-e / t N2O) | P91: =Common_InputFunctions.Utility_LookupValueInTableNumber("N2O",Table_GWPData[Gas],Table_GWPData[CO2-e factor]) -> 265
M93: ECO2e | N93: {=Common_Equations.Common_ConvertN2OToCO2e(P90,P91)} -> 35.1549 | O93: {=Common_Equations.Common_ConvertN2OToCO2e_Unit()} -> t CO2e

Sheet 5.1.1.3-4 Inorganic fert CO2
A1: #VALUE! | C1: 5.1.1.3-4 Inorganic fertiliser application CO2 emissions
A3: =HYPERLINK("#'Home'!A1", "Home") -> Home | D3: Method 1 | O3: Method 2
A4: =HYPERLINK("#'Overview'!A1", "Overview") -> Overview
A5: =HYPERLINK("#'Results'!A1", "Results") -> Results | D5: {=Fertiliser_Equations_InorganicCO2.VEERG_5_1_1_3__2_MassOfUreaInInorganicFertiliser_Title()} -> Mass of urea applied to production system
D6: {=Fertiliser_Equations_InorganicCO2.VEERG_5_1_1_3__2_MassOfUreaInInorganicFertiliser_Source()} -> VEERG 2026: 5.1.1.3, Equation (2)
A7: INPUTS | D7: Function name | E7: {=Common_InputFunctions.Utility_DisplayFunctionName(G19)} -> =Fertiliser_Equations_InorganicCO2.VEERG_5_1_1_3__2_MassOfUreaInInorganicFertiliser
A8: =HYPERLINK("#'Input - Site'!A1", "Site") -> Site
A9: =HYPERLINK("#'Input - Fertiliser'!A1", "Fertiliser") -> Fertiliser
D10: Variable | E10: {=Fertiliser_Equations_InorganicCO2.VEERG_5_1_1_3__2_MassOfUreaInInorganicFertiliser_Variable()} -> MU_jf
A11: CALCULATIONS | D11: Unit | E11: {=Fertiliser_Equations_InorganicCO2.VEERG_5_1_1_3__2_MassOfUreaInInorganicFertiliser_Unit()} -> kg urea
A12: =HYPERLINK("#'5.1.1.1-2 Inorganic Fert N2O'!A1", "5.1.1.1-2 Inorganic Fert N2O") -> 5.1.1.1-2 Inorganic Fert N2O
A13: =HYPERLINK("#'5.1.1.3-4 Inorganic fert CO2'!A1", "5.1.1.3-4 Inorganic fert CO2") -> 5.1.1.3-4 Inorganic fert CO2 | D13: {=_xlfn.CHOOSECOLS(Fertiliser_Equations_InorganicCO2.VEERG_5_1_1_3__2_MassOfUreaInInorganicFertiliser_Arguments(), 1, 2)} -> TM_jf | E13: total mass of inorganic fertiliser type f applied to production system j | G13: {=_xlfn.CHOOSECOLS(Fertiliser_Equations_InorganicCO2.VEERG_5_1_1_3__2_MassOfUreaInInorganicFertiliser_Arguments(), 3, 4)} -> kg | H13: Input | I13: {=HYPERLINK(Common_InputFunctions.Utility_SourceHyperlink($D$16), $D$16)} -> Table_MU_j_f
A14: =HYPERLINK("#'5.2.1.1-2 Organic Fert N2O'!A1", "5.2.1.1-2 Organic Fert N2O") -> 5.2.1.1-2 Organic Fert N2O | D14: FU_f | E14: fraction of urea in fertiliser type f | G14: kg urea/kg | H14: Lookup | I14: {=HYPERLINK(Common_InputFunctions.Utility_SourceHyperlink($D$16), $D$16)} -> Table_MU_j_f
A15: =HYPERLINK("#'5.3.1.1-2 Lime CO2'!A1", "5.3.1.1-2 Lime CO2") -> 5.3.1.1-2 Lime CO2
A16: =HYPERLINK("#'5.4.1.1-4 Atmos deposition'!A1", "5.4.1.1-4 Atmos deposition") -> 5.4.1.1-4 Atmos deposition | D16: Table_MU_j_f
A17: =HYPERLINK("#'5.5.1.1-2 Leaching and runoff'!A1", "5.5.1.1-2 Leaching and runoff") -> 5.5.1.1-2 Leaching and runoff | D17: Mass of urea applied
D18: Fertiliser type f | E18: TMjf | F18: FUf | G18: MUjf
A19: APPENDICES | D19: {=Table_Fertiliser_ChemicalCompounds[Fertiliser type f]} -> Monoammonium phosphate (MAP) | E19: {=Fertiliser_InputFunctions.Fertiliser_TotalChemicalCompoundAppliedAllIngredients($D19,Table_Input_InorganicFertiliser_Brands[Total applied (kg)],Table_Input_InorganicFertiliser_Brands[Ingredient 1],Table_Input_InorganicFertiliser_Brands[Ingredient 1 percent],Table_Input_InorganicFertiliser_Brands[Ingredient 2],Table_Input_InorganicFertiliser_Brands[Ingredient 2 percent],Table_Input_InorganicFertiliser_Brands[Ingredient 3],Table_Input_InorganicFertiliser_Brands[Ingredient 3 percent],Table_Input_InorganicFertiliser_Brands[Ingredient 4],Table_Input_InorganicFertiliser_Brands[Ingredient 4 percent],Table_Input_InorganicFertiliser_Brands[Ingredient 5],Table_Input_InorganicFertiliser_Brands[Ingredient 5 percent],Table_Input_InorganicFertiliser_Brands[Ingredient 6],Table_Input_InorganicFertiliser_Brands[Ingredient 6 percent])+ Fertiliser_InputFunctions.Fertiliser_TotalChemicalCompoundAppliedAllIngredients($D19,Table_Input_InorganicFertiliser_Custom[Total applied (kg)],Table_Input_InorganicFertiliser_Custom[Ingredient 1 (select)],Table_Input_InorganicFertiliser_Custom[Ingredient 1 percent],Table_Input_InorganicFertiliser_Custom[Ingredient 2],Table_Input_InorganicFertiliser_Custom[Ingredient 2 percent],Table_Input_InorganicFertiliser_Custom[Ingredient 3],Table_Input_InorganicFertiliser_Custom[Ingredient 3 percent],Table_Input_InorganicFertiliser_Custom[Ingredient 4],Table_Input_InorganicFertiliser_Custom[Ingredient 4 percent])} -> 0 | F19: {=Common_InputFunctions.Utility_LookupValueInTableNumber(D19,Table_Fertiliser_ChemicalCompounds[Fertiliser type f],Table_Fertiliser_ChemicalCompounds[FU f])} -> 0 | G19: {=Fertiliser_Equations_InorganicCO2.VEERG_5_1_1_3__2_MassOfUreaInInorganicFertiliser(E19,F19)} -> 0
A20: =HYPERLINK("#'Constants - Fertiliser'!A1", "Constants - Fertiliser") -> Constants - Fertiliser | D20: Diammonium phosphate (DAP) | E20: {=Fertiliser_InputFunctions.Fertiliser_TotalChemicalCompoundAppliedAllIngredients($D20,Table_Input_InorganicFertiliser_Brands[Total applied (kg)],Table_Input_InorganicFertiliser_Brands[Ingredient 1],Table_Input_InorganicFertiliser_Brands[Ingredient 1 percent],Table_Input_InorganicFertiliser_Brands[Ingredient 2],Table_Input_InorganicFertiliser_Brands[Ingredient 2 percent],Table_Input_InorganicFertiliser_Brands[Ingredient 3],Table_Input_InorganicFertiliser_Brands[Ingredient 3 percent],Table_Input_InorganicFertiliser_Brands[Ingredient 4],Table_Input_InorganicFertiliser_Brands[Ingredient 4 percent],Table_Input_InorganicFertiliser_Brands[Ingredient 5],Table_Input_InorganicFertiliser_Brands[Ingredient 5 percent],Table_Input_InorganicFertiliser_Brands[Ingredient 6],Table_Input_InorganicFertiliser_Brands[Ingredient 6 percent])+ Fertiliser_InputFunctions.Fertiliser_TotalChemicalCompoundAppliedAllIngredients($D20,Table_Input_InorganicFertiliser_Custom[Total applied (kg)],Table_Input_InorganicFertiliser_Custom[Ingredient 1 (select)],Table_Input_InorganicFertiliser_Custom[Ingredient 1 percent],Table_Input_InorganicFertiliser_Custom[Ingredient 2],Table_Input_InorganicFertiliser_Custom[Ingredient 2 percent],Table_Input_InorganicFertiliser_Custom[Ingredient 3],Table_Input_InorganicFertiliser_Custom[Ingredient 3 percent],Table_Input_InorganicFertiliser_Custom[Ingredient 4],Table_Input_InorganicFertiliser_Custom[Ingredient 4 percent])} -> 0 | F20: {=Common_InputFunctions.Utility_LookupValueInTableNumber(D20,Table_Fertiliser_ChemicalCompounds[Fertiliser type f],Table_Fertiliser_ChemicalCompounds[FU f])} -> 0 | G20: {=Fertiliser_Equations_InorganicCO2.VEERG_5_1_1_3__2_MassOfUreaInInorganicFertiliser(E20,F20)} -> 0
A21: =HYPERLINK("#'Constants - Common'!A1", "Constants - Common") -> Constants - Common | D21: Urea | E21: {=Fertiliser_InputFunctions.Fertiliser_TotalChemicalCompoundAppliedAllIngredients($D21,Table_Input_InorganicFertiliser_Brands[Total applied (kg)],Table_Input_InorganicFertiliser_Brands[Ingredient 1],Table_Input_InorganicFertiliser_Brands[Ingredient 1 percent],Table_Input_InorganicFertiliser_Brands[Ingredient 2],Table_Input_InorganicFertiliser_Brands[Ingredient 2 percent],Table_Input_InorganicFertiliser_Brands[Ingredient 3],Table_Input_InorganicFertiliser_Brands[Ingredient 3 percent],Table_Input_InorganicFertiliser_Brands[Ingredient 4],Table_Input_InorganicFertiliser_Brands[Ingredient 4 percent],Table_Input_InorganicFertiliser_Brands[Ingredient 5],Table_Input_InorganicFertiliser_Brands[Ingredient 5 percent],Table_Input_InorganicFertiliser_Brands[Ingredient 6],Table_Input_InorganicFertiliser_Brands[Ingredient 6 percent])+ Fertiliser_InputFunctions.Fertiliser_TotalChemicalCompoundAppliedAllIngredients($D21,Table_Input_InorganicFertiliser_Custom[Total applied (kg)],Table_Input_InorganicFertiliser_Custom[Ingredient 1 (select)],Table_Input_InorganicFertiliser_Custom[Ingredient 1 percent],Table_Input_InorganicFertiliser_Custom[Ingredient 2],Table_Input_InorganicFertiliser_Custom[Ingredient 2 percent],Table_Input_InorganicFertiliser_Custom[Ingredient 3],Table_Input_InorganicFertiliser_Custom[Ingredient 3 percent],Table_Input_InorganicFertiliser_Custom[Ingredient 4],Table_Input_InorganicFertiliser_Custom[Ingredient 4 percent])} -> 12913.043 | F21: {=Common_InputFunctions.Utility_LookupValueInTableNumber(D21,Table_Fertiliser_ChemicalCompounds[Fertiliser type f],Table_Fertiliser_ChemicalCompounds[FU f])} -> 1 | G21: {=Fertiliser_Equations_InorganicCO2.VEERG_5_1_1_3__2_MassOfUreaInInorganicFertiliser(E21,F21)} -> 12913.043
D22: Sulphate of ammonia (SOA) | E22: {=Fertiliser_InputFunctions.Fertiliser_TotalChemicalCompoundAppliedAllIngredients($D22,Table_Input_InorganicFertiliser_Brands[Total applied (kg)],Table_Input_InorganicFertiliser_Brands[Ingredient 1],Table_Input_InorganicFertiliser_Brands[Ingredient 1 percent],Table_Input_InorganicFertiliser_Brands[Ingredient 2],Table_Input_InorganicFertiliser_Brands[Ingredient 2 percent],Table_Input_InorganicFertiliser_Brands[Ingredient 3],Table_Input_InorganicFertiliser_Brands[Ingredient 3 percent],Table_Input_InorganicFertiliser_Brands[Ingredient 4],Table_Input_InorganicFertiliser_Brands[Ingredient 4 percent],Table_Input_InorganicFertiliser_Brands[Ingredient 5],Table_Input_InorganicFertiliser_Brands[Ingredient 5 percent],Table_Input_InorganicFertiliser_Brands[Ingredient 6],Table_Input_InorganicFertiliser_Brands[Ingredient 6 percent])+ Fertiliser_InputFunctions.Fertiliser_TotalChemicalCompoundAppliedAllIngredients($D22,Table_Input_InorganicFertiliser_Custom[Total applied (kg)],Table_Input_InorganicFertiliser_Custom[Ingredient 1 (select)],Table_Input_InorganicFertiliser_Custom[Ingredient 1 percent],Table_Input_InorganicFertiliser_Custom[Ingredient 2],Table_Input_InorganicFertiliser_Custom[Ingredient 2 percent],Table_Input_InorganicFertiliser_Custom[Ingredient 3],Table_Input_InorganicFertiliser_Custom[Ingredient 3 percent],Table_Input_InorganicFertiliser_Custom[Ingredient 4],Table_Input_InorganicFertiliser_Custom[Ingredient 4 percent])} -> 0 | F22: {=Common_InputFunctions.Utility_LookupValueInTableNumber(D22,Table_Fertiliser_ChemicalCompounds[Fertiliser type f],Table_Fertiliser_ChemicalCompounds[FU f])} -> 0 | G22: {=Fertiliser_Equations_InorganicCO2.VEERG_5_1_1_3__2_MassOfUreaInInorganicFertiliser(E22,F22)} -> 0
D23: Urea-ammonium nitrate (UAN) | E23: {=Fertiliser_InputFunctions.Fertiliser_TotalChemicalCompoundAppliedAllIngredients($D23,Table_Input_InorganicFertiliser_Brands[Total applied (kg)],Table_Input_InorganicFertiliser_Brands[Ingredient 1],Table_Input_InorganicFertiliser_Brands[Ingredient 1 percent],Table_Input_InorganicFertiliser_Brands[Ingredient 2],Table_Input_InorganicFertiliser_Brands[Ingredient 2 percent],Table_Input_InorganicFertiliser_Brands[Ingredient 3],Table_Input_InorganicFertiliser_Brands[Ingredient 3 percent],Table_Input_InorganicFertiliser_Brands[Ingredient 4],Table_Input_InorganicFertiliser_Brands[Ingredient 4 percent],Table_Input_InorganicFertiliser_Brands[Ingredient 5],Table_Input_InorganicFertiliser_Brands[Ingredient 5 percent],Table_Input_InorganicFertiliser_Brands[Ingredient 6],Table_Input_InorganicFertiliser_Brands[Ingredient 6 percent])+ Fertiliser_InputFunctions.Fertiliser_TotalChemicalCompoundAppliedAllIngredients($D23,Table_Input_InorganicFertiliser_Custom[Total applied (kg)],Table_Input_InorganicFertiliser_Custom[Ingredient 1 (select)],Table_Input_InorganicFertiliser_Custom[Ingredient 1 percent],Table_Input_InorganicFertiliser_Custom[Ingredient 2],Table_Input_InorganicFertiliser_Custom[Ingredient 2 percent],Table_Input_InorganicFertiliser_Custom[Ingredient 3],Table_Input_InorganicFertiliser_Custom[Ingredient 3 percent],Table_Input_InorganicFertiliser_Custom[Ingredient 4],Table_Input_InorganicFertiliser_Custom[Ingredient 4 percent])} -> 0 | F23: {=Common_InputFunctions.Utility_LookupValueInTableNumber(D23,Table_Fertiliser_ChemicalCompounds[Fertiliser type f],Table_Fertiliser_ChemicalCompounds[FU f])} -> 0.35 | G23: {=Fertiliser_Equations_InorganicCO2.VEERG_5_1_1_3__2_MassOfUreaInInorganicFertiliser(E23,F23)} -> 0
D24: Ammonium nitrate (AN) | E24: {=Fertiliser_InputFunctions.Fertiliser_TotalChemicalCompoundAppliedAllIngredients($D24,Table_Input_InorganicFertiliser_Brands[Total applied (kg)],Table_Input_InorganicFertiliser_Brands[Ingredient 1],Table_Input_InorganicFertiliser_Brands[Ingredient 1 percent],Table_Input_InorganicFertiliser_Brands[Ingredient 2],Table_Input_InorganicFertiliser_Brands[Ingredient 2 percent],Table_Input_InorganicFertiliser_Brands[Ingredient 3],Table_Input_InorganicFertiliser_Brands[Ingredient 3 percent],Table_Input_InorganicFertiliser_Brands[Ingredient 4],Table_Input_InorganicFertiliser_Brands[Ingredient 4 percent],Table_Input_InorganicFertiliser_Brands[Ingredient 5],Table_Input_InorganicFertiliser_Brands[Ingredient 5 percent],Table_Input_InorganicFertiliser_Brands[Ingredient 6],Table_Input_InorganicFertiliser_Brands[Ingredient 6 percent])+ Fertiliser_InputFunctions.Fertiliser_TotalChemicalCompoundAppliedAllIngredients($D24,Table_Input_InorganicFertiliser_Custom[Total applied (kg)],Table_Input_InorganicFertiliser_Custom[Ingredient 1 (select)],Table_Input_InorganicFertiliser_Custom[Ingredient 1 percent],Table_Input_InorganicFertiliser_Custom[Ingredient 2],Table_Input_InorganicFertiliser_Custom[Ingredient 2 percent],Table_Input_InorganicFertiliser_Custom[Ingredient 3],Table_Input_InorganicFertiliser_Custom[Ingredient 3 percent],Table_Input_InorganicFertiliser_Custom[Ingredient 4],Table_Input_InorganicFertiliser_Custom[Ingredient 4 percent])} -> 0 | F24: {=Common_InputFunctions.Utility_LookupValueInTableNumber(D24,Table_Fertiliser_ChemicalCompounds[Fertiliser type f],Table_Fertiliser_ChemicalCompounds[FU f])} -> 0 | G24: {=Fertiliser_Equations_InorganicCO2.VEERG_5_1_1_3__2_MassOfUreaInInorganicFertiliser(E24,F24)} -> 0
D25: Calcium ammonium nitrate (CAN) | E25: {=Fertiliser_InputFunctions.Fertiliser_TotalChemicalCompoundAppliedAllIngredients($D25,Table_Input_InorganicFertiliser_Brands[Total applied (kg)],Table_Input_InorganicFertiliser_Brands[Ingredient 1],Table_Input_InorganicFertiliser_Brands[Ingredient 1 percent],Table_Input_InorganicFertiliser_Brands[Ingredient 2],Table_Input_InorganicFertiliser_Brands[Ingredient 2 percent],Table_Input_InorganicFertiliser_Brands[Ingredient 3],Table_Input_InorganicFertiliser_Brands[Ingredient 3 percent],Table_Input_InorganicFertiliser_Brands[Ingredient 4],Table_Input_InorganicFertiliser_Brands[Ingredient 4 percent],Table_Input_InorganicFertiliser_Brands[Ingredient 5],Table_Input_InorganicFertiliser_Brands[Ingredient 5 percent],Table_Input_InorganicFertiliser_Brands[Ingredient 6],Table_Input_InorganicFertiliser_Brands[Ingredient 6 percent])+ Fertiliser_InputFunctions.Fertiliser_TotalChemicalCompoundAppliedAllIngredients($D25,Table_Input_InorganicFertiliser_Custom[Total applied (kg)],Table_Input_InorganicFertiliser_Custom[Ingredient 1 (select)],Table_Input_InorganicFertiliser_Custom[Ingredient 1 percent],Table_Input_InorganicFertiliser_Custom[Ingredient 2],Table_Input_InorganicFertiliser_Custom[Ingredient 2 percent],Table_Input_InorganicFertiliser_Custom[Ingredient 3],Table_Input_InorganicFertiliser_Custom[Ingredient 3 percent],Table_Input_InorganicFertiliser_Custom[Ingredient 4],Table_Input_InorganicFertiliser_Custom[Ingredient 4 percent])} -> 0 | F25: {=Common_InputFunctions.Utility_LookupValueInTableNumber(D25,Table_Fertiliser_ChemicalCompounds[Fertiliser type f],Table_Fertiliser_ChemicalCompounds[FU f])} -> 0 | G25: {=Fertiliser_Equations_InorganicCO2.VEERG_5_1_1_3__2_MassOfUreaInInorganicFertiliser(E25,F25)} -> 0
D26: Nitrogen - Ammoniacal | E26: {=Fertiliser_InputFunctions.Fertiliser_TotalChemicalCompoundAppliedAllIngredients($D26,Table_Input_InorganicFertiliser_Brands[Total applied (kg)],Table_Input_InorganicFertiliser_Brands[Ingredient 1],Table_Input_InorganicFertiliser_Brands[Ingredient 1 percent],Table_Input_InorganicFertiliser_Brands[Ingredient 2],Table_Input_InorganicFertiliser_Brands[Ingredient 2 percent],Table_Input_InorganicFertiliser_Brands[Ingredient 3],Table_Input_InorganicFertiliser_Brands[Ingredient 3 percent],Table_Input_InorganicFertiliser_Brands[Ingredient 4],Table_Input_InorganicFertiliser_Brands[Ingredient 4 percent],Table_Input_InorganicFertiliser_Brands[Ingredient 5],Table_Input_InorganicFertiliser_Brands[Ingredient 5 percent],Table_Input_InorganicFertiliser_Brands[Ingredient 6],Table_Input_InorganicFertiliser_Brands[Ingredient 6 percent])+ Fertiliser_InputFunctions.Fertiliser_TotalChemicalCompoundAppliedAllIngredients($D26,Table_Input_InorganicFertiliser_Custom[Total applied (kg)],Table_Input_InorganicFertiliser_Custom[Ingredient 1 (select)],Table_Input_InorganicFertiliser_Custom[Ingredient 1 percent],Table_Input_InorganicFertiliser_Custom[Ingredient 2],Table_Input_InorganicFertiliser_Custom[Ingredient 2 percent],Table_Input_InorganicFertiliser_Custom[Ingredient 3],Table_Input_InorganicFertiliser_Custom[Ingredient 3 percent],Table_Input_InorganicFertiliser_Custom[Ingredient 4],Table_Input_InorganicFertiliser_Custom[Ingredient 4 percent])} -> 3500 | F26: {=Common_InputFunctions.Utility_LookupValueInTableNumber(D26,Table_Fertiliser_ChemicalCompounds[Fertiliser type f],Table_Fertiliser_ChemicalCompounds[FU f])} -> 0 | G26: {=Fertiliser_Equations_InorganicCO2.VEERG_5_1_1_3__2_MassOfUreaInInorganicFertiliser(E26,F26)} -> 0
D27: Nitrogen - Nitrate | E27: {=Fertiliser_InputFunctions.Fertiliser_TotalChemicalCompoundAppliedAllIngredients($D27,Table_Input_InorganicFertiliser_Brands[Total applied (kg)],Table_Input_InorganicFertiliser_Brands[Ingredient 1],Table_Input_InorganicFertiliser_Brands[Ingredient 1 percent],Table_Input_InorganicFertiliser_Brands[Ingredient 2],Table_Input_InorganicFertiliser_Brands[Ingredient 2 percent],Table_Input_InorganicFertiliser_Brands[Ingredient 3],Table_Input_InorganicFertiliser_Brands[Ingredient 3 percent],Table_Input_InorganicFertiliser_Brands[Ingredient 4],Table_Input_InorganicFertiliser_Brands[Ingredient 4 percent],Table_Input_InorganicFertiliser_Brands[Ingredient 5],Table_Input_InorganicFertiliser_Brands[Ingredient 5 percent],Table_Input_InorganicFertiliser_Brands[Ingredient 6],Table_Input_InorganicFertiliser_Brands[Ingredient 6 percent])+ Fertiliser_InputFunctions.Fertiliser_TotalChemicalCompoundAppliedAllIngredients($D27,Table_Input_InorganicFertiliser_Custom[Total applied (kg)],Table_Input_InorganicFertiliser_Custom[Ingredient 1 (select)],Table_Input_InorganicFertiliser_Custom[Ingredient 1 percent],Table_Input_InorganicFertiliser_Custom[Ingredient 2],Table_Input_InorganicFertiliser_Custom[Ingredient 2 percent],Table_Input_InorganicFertiliser_Custom[Ingredient 3],Table_Input_InorganicFertiliser_Custom[Ingredient 3 percent],Table_Input_InorganicFertiliser_Custom[Ingredient 4],Table_Input_InorganicFertiliser_Custom[Ingredient 4 percent])} -> 1500 | F27: {=Common_InputFunctions.Utility_LookupValueInTableNumber(D27,Table_Fertiliser_ChemicalCompounds[Fertiliser type f],Table_Fertiliser_ChemicalCompounds[FU f])} -> 0 | G27: {=Fertiliser_Equations_InorganicCO2.VEERG_5_1_1_3__2_MassOfUreaInInorganicFertiliser(E27,F27)} -> 0
D28: Nitrogen - Generic | E28: {=Fertiliser_InputFunctions.Fertiliser_TotalChemicalCompoundAppliedAllIngredients($D28,Table_Input_InorganicFertiliser_Brands[Total applied (kg)],Table_Input_InorganicFertiliser_Brands[Ingredient 1],Table_Input_InorganicFertiliser_Brands[Ingredient 1 percent],Table_Input_InorganicFertiliser_Brands[Ingredient 2],Table_Input_InorganicFertiliser_Brands[Ingredient 2 percent],Table_Input_InorganicFertiliser_Brands[Ingredient 3],Table_Input_InorganicFertiliser_Brands[Ingredient 3 percent],Table_Input_InorganicFertiliser_Brands[Ingredient 4],Table_Input_InorganicFertiliser_Brands[Ingredient 4 percent],Table_Input_InorganicFertiliser_Brands[Ingredient 5],Table_Input_InorganicFertiliser_Brands[Ingredient 5 percent],Table_Input_InorganicFertiliser_Brands[Ingredient 6],Table_Input_InorganicFertiliser_Brands[Ingredient 6 percent])+ Fertiliser_InputFunctions.Fertiliser_TotalChemicalCompoundAppliedAllIngredients($D28,Table_Input_InorganicFertiliser_Custom[Total applied (kg)],Table_Input_InorganicFertiliser_Custom[Ingredient 1 (select)],Table_Input_InorganicFertiliser_Custom[Ingredient 1 percent],Table_Input_InorganicFertiliser_Custom[Ingredient 2],Table_Input_InorganicFertiliser_Custom[Ingredient 2 percent],Table_Input_InorganicFertiliser_Custom[Ingredient 3],Table_Input_InorganicFertiliser_Custom[Ingredient 3 percent],Table_Input_InorganicFertiliser_Custom[Ingredient 4],Table_Input_InorganicFertiliser_Custom[Ingredient 4 percent])} -> 1120 | F28: {=Common_InputFunctions.Utility_LookupValueInTableNumber(D28,Table_Fertiliser_ChemicalCompounds[Fertiliser type f],Table_Fertiliser_ChemicalCompounds[FU f])} -> 0 | G28: {=Fertiliser_Equations_InorganicCO2.VEERG_5_1_1_3__2_MassOfUreaInInorganicFertiliser(E28,F28)} -> 0
D29: Phosphorus - Generic | E29: {=Fertiliser_InputFunctions.Fertiliser_TotalChemicalCompoundAppliedAllIngredients($D29,Table_Input_InorganicFertiliser_Brands[Total applied (kg)],Table_Input_InorganicFertiliser_Brands[Ingredient 1],Table_Input_InorganicFertiliser_Brands[Ingredient 1 percent],Table_Input_InorganicFertiliser_Brands[Ingredient 2],Table_Input_InorganicFertiliser_Brands[Ingredient 2 percent],Table_Input_InorganicFertiliser_Brands[Ingredient 3],Table_Input_InorganicFertiliser_Brands[Ingredient 3 percent],Table_Input_InorganicFertiliser_Brands[Ingredient 4],Table_Input_InorganicFertiliser_Brands[Ingredient 4 percent],Table_Input_InorganicFertiliser_Brands[Ingredient 5],Table_Input_InorganicFertiliser_Brands[Ingredient 5 percent],Table_Input_InorganicFertiliser_Brands[Ingredient 6],Table_Input_InorganicFertiliser_Brands[Ingredient 6 percent])+ Fertiliser_InputFunctions.Fertiliser_TotalChemicalCompoundAppliedAllIngredients($D29,Table_Input_InorganicFertiliser_Custom[Total applied (kg)],Table_Input_InorganicFertiliser_Custom[Ingredient 1 (select)],Table_Input_InorganicFertiliser_Custom[Ingredient 1 percent],Table_Input_InorganicFertiliser_Custom[Ingredient 2],Table_Input_InorganicFertiliser_Custom[Ingredient 2 percent],Table_Input_InorganicFertiliser_Custom[Ingredient 3],Table_Input_InorganicFertiliser_Custom[Ingredient 3 percent],Table_Input_InorganicFertiliser_Custom[Ingredient 4],Table_Input_InorganicFertiliser_Custom[Ingredient 4 percent])} -> 6800 | F29: {=Common_InputFunctions.Utility_LookupValueInTableNumber(D29,Table_Fertiliser_ChemicalCompounds[Fertiliser type f],Table_Fertiliser_ChemicalCompounds[FU f])} -> 0 | G29: {=Fertiliser_Equations_InorganicCO2.VEERG_5_1_1_3__2_MassOfUreaInInorganicFertiliser(E29,F29)} -> 0
D30: Potassium - Generic | E30: {=Fertiliser_InputFunctions.Fertiliser_TotalChemicalCompoundAppliedAllIngredients($D30,Table_Input_InorganicFertiliser_Brands[Total applied (kg)],Table_Input_InorganicFertiliser_Brands[Ingredient 1],Table_Input_InorganicFertiliser_Brands[Ingredient 1 percent],Table_Input_InorganicFertiliser_Brands[Ingredient 2],Table_Input_InorganicFertiliser_Brands[Ingredient 2 percent],Table_Input_InorganicFertiliser_Brands[Ingredient 3],Table_Input_InorganicFertiliser_Brands[Ingredient 3 percent],Table_Input_InorganicFertiliser_Brands[Ingredient 4],Table_Input_InorganicFertiliser_Brands[Ingredient 4 percent],Table_Input_InorganicFertiliser_Brands[Ingredient 5],Table_Input_InorganicFertiliser_Brands[Ingredient 5 percent],Table_Input_InorganicFertiliser_Brands[Ingredient 6],Table_Input_InorganicFertiliser_Brands[Ingredient 6 percent])+ Fertiliser_InputFunctions.Fertiliser_TotalChemicalCompoundAppliedAllIngredients($D30,Table_Input_InorganicFertiliser_Custom[Total applied (kg)],Table_Input_InorganicFertiliser_Custom[Ingredient 1 (select)],Table_Input_InorganicFertiliser_Custom[Ingredient 1 percent],Table_Input_InorganicFertiliser_Custom[Ingredient 2],Table_Input_InorganicFertiliser_Custom[Ingredient 2 percent],Table_Input_InorganicFertiliser_Custom[Ingredient 3],Table_Input_InorganicFertiliser_Custom[Ingredient 3 percent],Table_Input_InorganicFertiliser_Custom[Ingredient 4],Table_Input_InorganicFertiliser_Custom[Ingredient 4 percent])} -> 9000 | F30: {=Common_InputFunctions.Utility_LookupValueInTableNumber(D30,Table_Fertiliser_ChemicalCompounds[Fertiliser type f],Table_Fertiliser_ChemicalCompounds[FU f])} -> 0 | G30: {=Fertiliser_Equations_InorganicCO2.VEERG_5_1_1_3__2_MassOfUreaInInorganicFertiliser(E30,F30)} -> 0
D31: Sulfur - Generic | E31: {=Fertiliser_InputFunctions.Fertiliser_TotalChemicalCompoundAppliedAllIngredients($D31,Table_Input_InorganicFertiliser_Brands[Total applied (kg)],Table_Input_InorganicFertiliser_Brands[Ingredient 1],Table_Input_InorganicFertiliser_Brands[Ingredient 1 percent],Table_Input_InorganicFertiliser_Brands[Ingredient 2],Table_Input_InorganicFertiliser_Brands[Ingredient 2 percent],Table_Input_InorganicFertiliser_Brands[Ingredient 3],Table_Input_InorganicFertiliser_Brands[Ingredient 3 percent],Table_Input_InorganicFertiliser_Brands[Ingredient 4],Table_Input_InorganicFertiliser_Brands[Ingredient 4 percent],Table_Input_InorganicFertiliser_Brands[Ingredient 5],Table_Input_InorganicFertiliser_Brands[Ingredient 5 percent],Table_Input_InorganicFertiliser_Brands[Ingredient 6],Table_Input_InorganicFertiliser_Brands[Ingredient 6 percent])+ Fertiliser_InputFunctions.Fertiliser_TotalChemicalCompoundAppliedAllIngredients($D31,Table_Input_InorganicFertiliser_Custom[Total applied (kg)],Table_Input_InorganicFertiliser_Custom[Ingredient 1 (select)],Table_Input_InorganicFertiliser_Custom[Ingredient 1 percent],Table_Input_InorganicFertiliser_Custom[Ingredient 2],Table_Input_InorganicFertiliser_Custom[Ingredient 2 percent],Table_Input_InorganicFertiliser_Custom[Ingredient 3],Table_Input_InorganicFertiliser_Custom[Ingredient 3 percent],Table_Input_InorganicFertiliser_Custom[Ingredient 4],Table_Input_InorganicFertiliser_Custom[Ingredient 4 percent])} -> 1200 | F31: {=Common_InputFunctions.Utility_LookupValueInTableNumber(D31,Table_Fertiliser_ChemicalCompounds[Fertiliser type f],Table_Fertiliser_ChemicalCompounds[FU f])} -> 0 | G31: {=Fertiliser_Equations_InorganicCO2.VEERG_5_1_1_3__2_MassOfUreaInInorganicFertiliser(E31,F31)} -> 0
D32: Zinc - Generic | E32: {=Fertiliser_InputFunctions.Fertiliser_TotalChemicalCompoundAppliedAllIngredients($D32,Table_Input_InorganicFertiliser_Brands[Total applied (kg)],Table_Input_InorganicFertiliser_Brands[Ingredient 1],Table_Input_InorganicFertiliser_Brands[Ingredient 1 percent],Table_Input_InorganicFertiliser_Brands[Ingredient 2],Table_Input_InorganicFertiliser_Brands[Ingredient 2 percent],Table_Input_InorganicFertiliser_Brands[Ingredient 3],Table_Input_InorganicFertiliser_Brands[Ingredient 3 percent],Table_Input_InorganicFertiliser_Brands[Ingredient 4],Table_Input_InorganicFertiliser_Brands[Ingredient 4 percent],Table_Input_InorganicFertiliser_Brands[Ingredient 5],Table_Input_InorganicFertiliser_Brands[Ingredient 5 percent],Table_Input_InorganicFertiliser_Brands[Ingredient 6],Table_Input_InorganicFertiliser_Brands[Ingredient 6 percent])+ Fertiliser_InputFunctions.Fertiliser_TotalChemicalCompoundAppliedAllIngredients($D32,Table_Input_InorganicFertiliser_Custom[Total applied (kg)],Table_Input_InorganicFertiliser_Custom[Ingredient 1 (select)],Table_Input_InorganicFertiliser_Custom[Ingredient 1 percent],Table_Input_InorganicFertiliser_Custom[Ingredient 2],Table_Input_InorganicFertiliser_Custom[Ingredient 2 percent],Table_Input_InorganicFertiliser_Custom[Ingredient 3],Table_Input_InorganicFertiliser_Custom[Ingredient 3 percent],Table_Input_InorganicFertiliser_Custom[Ingredient 4],Table_Input_InorganicFertiliser_Custom[Ingredient 4 percent])} -> 0 | F32: {=Common_InputFunctions.Utility_LookupValueInTableNumber(D32,Table_Fertiliser_ChemicalCompounds[Fertiliser type f],Table_Fertiliser_ChemicalCompounds[FU f])} -> 0 | G32: {=Fertiliser_Equations_InorganicCO2.VEERG_5_1_1_3__2_MassOfUreaInInorganicFertiliser(E32,F32)} -> 0
D33: Muriate of potash (MOP) | E33: {=Fertiliser_InputFunctions.Fertiliser_TotalChemicalCompoundAppliedAllIngredients($D33,Table_Input_InorganicFertiliser_Brands[Total applied (kg)],Table_Input_InorganicFertiliser_Brands[Ingredient 1],Table_Input_InorganicFertiliser_Brands[Ingredient 1 percent],Table_Input_InorganicFertiliser_Brands[Ingredient 2],Table_Input_InorganicFertiliser_Brands[Ingredient 2 percent],Table_Input_InorganicFertiliser_Brands[Ingredient 3],Table_Input_InorganicFertiliser_Brands[Ingredient 3 percent],Table_Input_InorganicFertiliser_Brands[Ingredient 4],Table_Input_InorganicFertiliser_Brands[Ingredient 4 percent],Table_Input_InorganicFertiliser_Brands[Ingredient 5],Table_Input_InorganicFertiliser_Brands[Ingredient 5 percent],Table_Input_InorganicFertiliser_Brands[Ingredient 6],Table_Input_InorganicFertiliser_Brands[Ingredient 6 percent])+ Fertiliser_InputFunctions.Fertiliser_TotalChemicalCompoundAppliedAllIngredients($D33,Table_Input_InorganicFertiliser_Custom[Total applied (kg)],Table_Input_InorganicFertiliser_Custom[Ingredient 1 (select)],Table_Input_InorganicFertiliser_Custom[Ingredient 1 percent],Table_Input_InorganicFertiliser_Custom[Ingredient 2],Table_Input_InorganicFertiliser_Custom[Ingredient 2 percent],Table_Input_InorganicFertiliser_Custom[Ingredient 3],Table_Input_InorganicFertiliser_Custom[Ingredient 3 percent],Table_Input_InorganicFertiliser_Custom[Ingredient 4],Table_Input_InorganicFertiliser_Custom[Ingredient 4 percent])} -> 0 | F33: {=Common_InputFunctions.Utility_LookupValueInTableNumber(D33,Table_Fertiliser_ChemicalCompounds[Fertiliser type f],Table_Fertiliser_ChemicalCompounds[FU f])} -> 0 | G33: {=Fertiliser_Equations_InorganicCO2.VEERG_5_1_1_3__2_MassOfUreaInInorganicFertiliser(E33,F33)} -> 0
... D36: Ammonia | E36: {=Fertiliser_InputFunctions.Fertiliser_TotalChemicalCompoundAppliedAllIngredients($D36,Table_Input_InorganicFertiliser_Brands[Total applied (kg)],Table_Input_InorganicFertiliser_Brands[Ingredient 1],Table_Input_InorganicFertiliser_Brands[Ingredient 1 percent],Table_Input_InorganicFertiliser_Brands[Ingredient 2],Table_Input_InorganicFertiliser_Brands[Ingredient 2 percent],Table_Input_InorganicFertiliser_Brands[Ingredient 3],Table_Input_InorganicFertiliser_Brands[Ingredient 3 percent],Table_Input_InorganicFertiliser_Brands[Ingredient 4],Table_Input_InorganicFertiliser_Brands[Ingredient 4 percent],Table_Input_InorganicFertiliser_Brands[Ingredient 5],Table_Input_InorganicFertiliser_Brands[Ingredient 5 percent],Table_Input_InorganicFertiliser_Brands[Ingredient 6],Table_Input_InorganicFertiliser_Brands[Ingredient 6 percent])+ Fertiliser_InputFunctions.Fertiliser_TotalChemicalCompoundAppliedAllIngredients($D36,Table_Input_InorganicFertiliser_Custom[Total applied (kg)],Table_Input_InorganicFertiliser_Custom[Ingredient 1 (select)],Table_Input_InorganicFertiliser_Custom[Ingredient 1 percent],Table_Input_InorganicFertiliser_Custom[Ingredient 2],Table_Input_InorganicFertiliser_Custom[Ingredient 2 percent],Table_Input_InorganicFertiliser_Custom[Ingredient 3],Table_Input_InorganicFertiliser_Custom[Ingredient 3 percent],Table_Input_InorganicFertiliser_Custom[Ingredient 4],Table_Input_InorganicFertiliser_Custom[Ingredient 4 percent])} -> 0 | F36: {=Common_InputFunctions.Utility_LookupValueInTableNumber(D36,Table_Fertiliser_ChemicalCompounds[Fertiliser type f],Table_Fertiliser_ChemicalCompounds[FU f])} -> 0 | G36: {=Fertiliser_Equations_InorganicCO2.VEERG_5_1_1_3__2_MassOfUreaInInorganicFertiliser(E36,F36)} -> 0
A38: =HYPERLINK("#A1", "▲ Back to top") -> ▲ Back to top
D40: {=Fertiliser_Equations_InorganicCO2.VEERG_5_1_1_3__1_InorganicFertiliserApplicationCO2Emissions_Title()} -> Carbon dioxide emissions resulting from the use of all inorganic, urea-based fertilisers
D41: {=Fertiliser_Equations_InorganicCO2.VEERG_5_1_1_3__1_InorganicFertiliserApplicationCO2Emissions_Source()} -> VEERG 2026: 5.1.1.3, Equation (1)
D42: Function name | E42: {=Common_InputFunctions.Utility_DisplayFunctionName(E57)} -> =Fertiliser_Equations_InorganicCO2.VEERG_5_1_1_3__1_InorganicFertiliserApplicationCO2Emissions
D45: Variable | E45: {=Fertiliser_Equations_InorganicCO2.VEERG_5_1_1_3__1_InorganicFertiliserApplicationCO2Emissions_Variable()} -> E_CO2
D46: Unit | E46: {=Fertiliser_Equations_InorganicCO2.VEERG_5_1_1_3__1_InorganicFertiliserApplicationCO2Emissions_Unit()} -> t CO2
D48: {=_xlfn.CHOOSECOLS(Fertiliser_Equations_InorganicCO2.VEERG_5_1_1_3__1_InorganicFertiliserApplicationCO2Emissions_Arguments(), 1, 2)} -> MU_jf | E48: mass of urea of inorganic fertiliser type f applied to production system j | G48: {=_xlfn.CHOOSECOLS(Fertiliser_Equations_InorganicCO2.VEERG_5_1_1_3__1_InorganicFertiliserApplicationCO2Emissions_Arguments(), 3,4)} -> kg urea | H48: Calculated | I48: {=HYPERLINK(Common_InputFunctions.Utility_SourceHyperlink($D$16), $D$16)} -> Table_MU_j_f
D49: EF_ureaCO2 | E49: emission factor for carbon emissions from urea-based fertilisers | G49: kg C/kg urea | H49: Constant | I49: ='Constants - Fertiliser'!$E$60 -> 0.2
D50: C_CO2 | E50: factor to convert elemental mass of carbon to molecular mass of carbon dioxide | H50: Constant | I50: =Common_InputFunctions.Utility_LookupValueInTableNumber("CO2",Table_GasToMolecularConversionFactor[Gas], Table_GasToMolecularConversionFactor[Conversion factor combined]) -> 3.6666667
D51: j | E51: Production system | H51: Input | I51: ='Input - Fertiliser'!$E$6 -> Crop
D52: f | E52: Inorganic fertiliser type | H52: Lookup | I52: {=HYPERLINK(Common_InputFunctions.Utility_SourceHyperlink($D$16), $D$16)} -> Table_MU_j_f
D54: M1_Table_E_CO2
D55: Carbon dioxide oxide emissions from inorganic fertiliser application (Method 1)
D56: Fertiliser type f | E56: EN2O
D57: {=Table_Fertiliser_ChemicalCompounds[Fertiliser type f]} -> Monoammonium phosphate (MAP) | E57: {=Fertiliser_Equations_InorganicCO2.VEERG_5_1_1_3__1_InorganicFertiliserApplicationCO2Emissions(G19,$I$49,$I$50)} -> 0 | F57: =$E$46 -> t CO2
D58: Diammonium phosphate (DAP) | E58: {=Fertiliser_Equations_InorganicCO2.VEERG_5_1_1_3__1_InorganicFertiliserApplicationCO2Emissions(G20,$I$49,$I$50)} -> 0
D59: Urea | E59: {=Fertiliser_Equations_InorganicCO2.VEERG_5_1_1_3__1_InorganicFertiliserApplicationCO2Emissions(G21,$I$49,$I$50)} -> 9.4695652
D60: Sulphate of ammonia (SOA) | E60: {=Fertiliser_Equations_InorganicCO2.VEERG_5_1_1_3__1_InorganicFertiliserApplicationCO2Emissions(G22,$I$49,$I$50)} -> 0
D61: Urea-ammonium nitrate (UAN) | E61: {=Fertiliser_Equations_InorganicCO2.VEERG_5_1_1_3__1_InorganicFertiliserApplicationCO2Emissions(G23,$I$49,$I$50)} -> 0
D62: Ammonium nitrate (AN) | E62: {=Fertiliser_Equations_InorganicCO2.VEERG_5_1_1_3__1_InorganicFertiliserApplicationCO2Emissions(G24,$I$49,$I$50)} -> 0
D63: Calcium ammonium nitrate (CAN) | E63: {=Fertiliser_Equations_InorganicCO2.VEERG_5_1_1_3__1_InorganicFertiliserApplicationCO2Emissions(G25,$I$49,$I$50)} -> 0
D64: Nitrogen - Ammoniacal | E64: {=Fertiliser_Equations_InorganicCO2.VEERG_5_1_1_3__1_InorganicFertiliserApplicationCO2Emissions(G26,$I$49,$I$50)} -> 0
D65: Nitrogen - Nitrate | E65: {=Fertiliser_Equations_InorganicCO2.VEERG_5_1_1_3__1_InorganicFertiliserApplicationCO2Emissions(G27,$I$49,$I$50)} -> 0
D66: Nitrogen - Generic | E66: {=Fertiliser_Equations_InorganicCO2.VEERG_5_1_1_3__1_InorganicFertiliserApplicationCO2Emissions(G28,$I$49,$I$50)} -> 0
D67: Phosphorus - Generic | E67: {=Fertiliser_Equations_InorganicCO2.VEERG_5_1_1_3__1_InorganicFertiliserApplicationCO2Emissions(G29,$I$49,$I$50)} -> 0
D68: Potassium - Generic | E68: {=Fertiliser_Equations_InorganicCO2.VEERG_5_1_1_3__1_InorganicFertiliserApplicationCO2Emissions(G30,$I$49,$I$50)} -> 0
D69: Sulfur - Generic | E69: {=Fertiliser_Equations_InorganicCO2.VEERG_5_1_1_3__1_InorganicFertiliserApplicationCO2Emissions(G31,$I$49,$I$50)} -> 0
... D74: Ammonia | E74: {=Fertiliser_Equations_InorganicCO2.VEERG_5_1_1_3__1_InorganicFertiliserApplicationCO2Emissions(G36,$I$49,$I$50)} -> 0
A76: =HYPERLINK("#A1", "▲ Back to top") -> ▲ Back to top | D76: ECO2 | E76: =SUM(E57:E74) -> 9.4695652 | F76: =$E$46 -> t CO2

Sheet 5.2.1.1-2 Organic Fert N2O
A1: #VALUE! | C1: 5.2.1.1 1-2 Organic fertiliser application N2O emissions
A3: =HYPERLINK("#'Home'!A1", "Home") -> Home | D3: Method 1 | O3: Method 2
A4: =HYPERLINK("#'Overview'!A1", "Overview") -> Overview
A5: =HYPERLINK("#'Results'!A1", "Results") -> Results | D5: {=Fertiliser_Equations_OrganicN2O.VEERG_5_2_1_1__2_MassOfNitrogenInOrganicFertiliser_Title()} -> Mass of nitrogen in purchased organic fertilisers applied to production system
D6: {=Fertiliser_Equations_OrganicN2O.VEERG_5_2_1_1__2_MassOfNitrogenInOrganicFertiliser_Source()} -> VEERG 2026: 5.2.1.1, Equation (2)
A7: INPUTS | D7: Function name | E7: {=Common_InputFunctions.Utility_DisplayFunctionName($I$20)} -> =Fertiliser_Equations_OrganicN2O.VEERG_5_2_1_1__2_MassOfNitrogenInOrganicFertiliser
A8: =HYPERLINK("#'Input - Site'!A1", "Site") -> Site
A9: =HYPERLINK("#'Input - Fertiliser'!A1", "Fertiliser") -> Fertiliser
D10: Variable | E10: {=Fertiliser_Equations_OrganicN2O.VEERG_5_2_1_1__2_MassOfNitrogenInOrganicFertiliser_Variable()} -> MNSoil_jf
A11: CALCULATIONS | D11: Unit | E11: {=Fertiliser_Equations_OrganicN2O.VEERG_5_2_1_1__2_MassOfNitrogenInOrganicFertiliser_Unit()} -> kg N
A12: =HYPERLINK("#'5.1.1.1-2 Inorganic Fert N2O'!A1", "5.1.1.1-2 Inorganic Fert N2O") -> 5.1.1.1-2 Inorganic Fert N2O
A13: =HYPERLINK("#'5.1.1.3-4 Inorganic fert CO2'!A1", "5.1.1.3-4 Inorganic fert CO2") -> 5.1.1.3-4 Inorganic fert CO2 | D13: {=_xlfn.CHOOSECOLS(Fertiliser_Equations_OrganicN2O.VEERG_5_2_1_1__2_MassOfNitrogenInOrganicFertiliser_Arguments(), 1, 2)} -> M_organicjf | E13: mass of organic fertiliser type f applied to production system j | G13: {=_xlfn.CHOOSECOLS(Fertiliser_Equations_OrganicN2O.VEERG_5_2_1_1__2_MassOfNitrogenInOrganicFertiliser_Arguments(), 3,4)} -> kg | H13: Input | I13: {=HYPERLINK(Common_InputFunctions.Utility_SourceHyperlink($D$17), $D$17)} -> Table_MNSoil_j_f
A14: =HYPERLINK("#'5.2.1.1-2 Organic Fert N2O'!A1", "5.2.1.1-2 Organic Fert N2O") -> 5.2.1.1-2 Organic Fert N2O | D14: FN_organicf | E14: nitrogen fraction of organic fertiliser type f | G14: kg N/kg | H14: Input | I14: {=HYPERLINK(Common_InputFunctions.Utility_SourceHyperlink($D$17), $D$17)} -> Table_MNSoil_j_f
A15: =HYPERLINK("#'5.3.1.1-2 Lime CO2'!A1", "5.3.1.1-2 Lime CO2") -> 5.3.1.1-2 Lime CO2 | D15: f | E15: Organic fertiliser type | H15: Input | I15: {=HYPERLINK(Common_InputFunctions.Utility_SourceHyperlink($D$17), $D$17)} -> Table_MNSoil_j_f
A16: =HYPERLINK("#'5.4.1.1-4 Atmos deposition'!A1", "5.4.1.1-4 Atmos deposition") -> 5.4.1.1-4 Atmos deposition
A17: =HYPERLINK("#'5.5.1.1-2 Leaching and runoff'!A1", "5.5.1.1-2 Leaching and runoff") -> 5.5.1.1-2 Leaching and runoff | D17: Table_MNSoil_j_f
D18: Mass of nitrogen in organic fertilisers
A19: APPENDICES | D19: Organic fertiliser type (f) | E19: Amount applied (kg/ha) | F19: Application area (ha) | G19: Morganicjf | H19: FNorganicf | I19: MNSoiljf
A20: =HYPERLINK("#'Constants - Fertiliser'!A1", "Constants - Fertiliser") -> Constants - Fertiliser | D20: {=Table_Input_OrganicFertiliser[Organic fertiliser type (select)]} -> Manure - Other | E20: {=Table_Input_OrganicFertiliser[Amount applied (kg/hectare)]} -> 10 | F20: {=Table_Input_OrganicFertiliser[Application area (ha)]} -> 100 | G20: {=Table_Input_OrganicFertiliser[Amount applied (kg/hectare)]*Table_Input_OrganicFertiliser[Application area (ha)]} -> 1000 | H20: {=Table_Input_OrganicFertiliser[Percentage of N in fertiliser]} -> 0.3 | I20: {=Fertiliser_Equations_OrganicN2O.VEERG_5_2_1_1__2_MassOfNitrogenInOrganicFertiliser(G20,H20)} -> 300
A21: =HYPERLINK("#'Constants - Common'!A1", "Constants - Common") -> Constants - Common | D21: Manure - Poultry | E21: 10 | F21: 100 | G21: 1000 | H21: 0.25 | I21: {=Fertiliser_Equations_Organic.VEERG_5_2_1_1__2_MassOfNitrogenInOrganicFertiliser(G21,H21)} -> 250
I22: {=Fertiliser_Equations_Organic.VEERG_5_2_1_1__2_MassOfNitrogenInOrganicFertiliser(G22,H22)} -> 0
I23: {=Fertiliser_Equations_Organic.VEERG_5_2_1_1__2_MassOfNitrogenInOrganicFertiliser(G23,H23)} -> 0
I24: {=Fertiliser_Equations_Organic.VEERG_5_2_1_1__2_MassOfNitrogenInOrganicFertiliser(G24,H24)} -> 0
I25: {=Fertiliser_Equations_Organic.VEERG_5_2_1_1__2_MassOfNitrogenInOrganicFertiliser(G25,H25)} -> 0
I26: {=Fertiliser_Equations_Organic.VEERG_5_2_1_1__2_MassOfNitrogenInOrganicFertiliser(G26,H26)} -> 0
I27: {=Fertiliser_Equations_Organic.VEERG_5_2_1_1__2_MassOfNitrogenInOrganicFertiliser(G27,H27)} -> 0
I28: {=Fertiliser_Equations_Organic.VEERG_5_2_1_1__2_MassOfNitrogenInOrganicFertiliser(G28,H28)} -> 0
I29: {=Fertiliser_Equations_Organic.VEERG_5_2_1_1__2_MassOfNitrogenInOrganicFertiliser(G29,H29)} -> 0
I30: {=Fertiliser_Equations_Organic.VEERG_5_2_1_1__2_MassOfNitrogenInOrganicFertiliser(G30,H30)} -> 0
D32: MNSoiljf | E32: =SUM(I20:I30) -> 550 | F32: =$E$11 -> kg N
A34: =HYPERLINK("#A1", "▲ Back to top") -> ▲ Back to top
D36: {=Fertiliser_Equations_OrganicN2O.VEERG_5_2_1_1__1_OrganicFertiliserApplicationN2OEmissions_Title()} -> Nitrous oxide emissions from the application of all organic fertiliser types f to all production systems j
D37: {=Fertiliser_Equations_OrganicN2O.VEERG_5_2_1_1__1_OrganicFertiliserApplicationN2OEmissions_Source()} -> VEERG 2026: 5.2.1.1, Equation (1)
D38: Function name | E38: {=Common_InputFunctions.Utility_DisplayFunctionName($I$20)} -> =Fertiliser_Equations_OrganicN2O.VEERG_5_2_1_1__2_MassOfNitrogenInOrganicFertiliser
D41: Variable | E41: {=Fertiliser_Equations_OrganicN2O.VEERG_5_2_1_1__1_OrganicFertiliserApplicationN2OEmissions_Variable()} -> E_N2O
D42: Unit | E42: {=Fertiliser_Equations_OrganicN2O.VEERG_5_2_1_1__1_OrganicFertiliserApplicationN2OEmissions_Unit()} -> t N2O
D44: {=_xlfn.CHOOSECOLS(Fertiliser_Equations_OrganicN2O.VEERG_5_2_1_1__1_OrganicFertiliserApplicationN2OEmissions_Arguments(), 1, 2)} -> MNSoil_jf | E44: mass of nitrogen in organic fertiliser type f applied to production system j | I44: {=_xlfn.CHOOSECOLS(Fertiliser_Equations_OrganicN2O.VEERG_5_2_1_1__1_OrganicFertiliserApplicationN2OEmissions_Arguments(), 3,4)} -> kg N | J44: Calculated from 5.2.1.1 (2) | K44: =$E$32 -> 550
D45: EF_N2Oi | E45: emission factor for direct nitrous oxide emissions from organic fertiliser applied to soils and aquatic systems in climate zone i | I45: kg N2O-N/kg N | J45: Lookup | K45: {=Common_InputFunctions.Utility_LookupValueInTableNumber(K48, Table_SourceData_Common_EFOrganicFertCropResidues[Climate Zone],Table_SourceData_Common_EFOrganicFertCropResidues[EFNi & EFN2Oi])} -> 0.005
D46: C_N2O | E46: factor to convert elemental mass of nitrous oxide to molecular mass | J46: Constant | K46: =Common_InputFunctions.Utility_LookupValueInTableNumber("N2O",Table_GasToMolecularConversionFactor[Gas],Table_GasToMolecularConversionFactor[Conversion factor combined]) -> 1.5714286
D47: j | E47: Production system | J47: Input | K47: ='Input - Fertiliser'!$E$6 -> Crop
D48: i | E48: Wet or dry climate zone | J48: Input | K48: ='Input - Site'!$E$32 -> Dry climate zone
D50: EN2O | E50: {=Fertiliser_Equations_OrganicN2O.VEERG_5_2_1_1__1_OrganicFertiliserApplicationN2OEmissions(K44,K45,K46)} -> 0.0043214286 | F50: =$E$42 -> t N2O
D52: {=Common_Equations.Common_ConvertN2OToCO2e_Arguments()} -> EN2O | E52: Nitrous oxide emissions (t N2O) | G52: =E50 -> 0.0043214286
D53: GWPN2O | E53: Global warming potential for nitrous oxide (t CO2-e / t N2O) | G53: =Common_InputFunctions.Utility_LookupValueInTableNumber("N2O",Table_GWPData[Gas],Table_GWPData[CO2-e factor]) -> 265
A55: =HYPERLINK("#A1", "▲ Back to top") -> ▲ Back to top | D55: ECO2e | E55: {=Common_Equations.Common_ConvertN2OToCO2e(G52,G53)} -> 1.1451786 | F55: {=Common_Equations.Common_ConvertN2OToCO2e_Unit()} -> t CO2e

Sheet 5.3.1.1-2 Lime CO2
A1: #VALUE! | C1: 5.3.1.1 1-2 Lime application CO2
A3: =HYPERLINK("#'Home'!A1", "Home") -> Home | D3: Method 1 | O3: Method 2
A4: =HYPERLINK("#'Overview'!A1", "Overview") -> Overview
A5: =HYPERLINK("#'Results'!A1", "Results") -> Results | D5: {=Fertiliser_Equations_Lime.VEERG_5_3_1_1__1_LimeApplicationCO2Emissions_Title()} -> Emissions from the application of lime and dolomite to production systems
D6: {=Fertiliser_Equations_Lime.VEERG_5_3_1_1__1_LimeApplicationCO2Emissions_Source()} -> VEERG 2026: 5.3.1.1, Equation (1)
A7: INPUTS | D7: Function name | E7: {=Common_InputFunctions.Utility_DisplayFunctionName(H25)} -> =Fertiliser_Equations_Lime.VEERG_5_3_1_1__1_LimeApplicationCO2Emissions
A8: =HYPERLINK("#'Input - Site'!A1", "Site") -> Site
A9: =HYPERLINK("#'Input - Fertiliser'!A1", "Fertiliser") -> Fertiliser
D10: Variable | E10: {=Fertiliser_Equations_Lime.VEERG_5_3_1_1__1_LimeApplicationCO2Emissions_Variable()} -> E_lime
A11: CALCULATIONS | D11: Unit | E11: {=Fertiliser_Equations_Lime.VEERG_5_3_1_1__1_LimeApplicationCO2Emissions_Unit()} -> t CO2
A12: =HYPERLINK("#'5.1.1.1-2 Inorganic Fert N2O'!A1", "5.1.1.1-2 Inorganic Fert N2O") -> 5.1.1.1-2 Inorganic Fert N2O
A13: =HYPERLINK("#'5.1.1.3-4 Inorganic fert CO2'!A1", "5.1.1.3-4 Inorganic fert CO2") -> 5.1.1.3-4 Inorganic fert CO2 | D13: {=_xlfn.CHOOSECOLS(Fertiliser_Equations_Lime.VEERG_5_3_1_1__1_LimeApplicationCO2Emissions_Arguments(), 1, 2)} -> M_lime | E13: total mass of lime applied to production system | G13: {=_xlfn.CHOOSECOLS(Fertiliser_Equations_Lime.VEERG_5_3_1_1__1_LimeApplicationCO2Emissions_Arguments(), 3,4)} -> kg | H13: Input | I13: {=HYPERLINK(Common_InputFunctions.Utility_SourceHyperlink($D$22), $D$22)} -> Table_E_lime
A14: =HYPERLINK("#'5.2.1.1-2 Organic Fert N2O'!A1", "5.2.1.1-2 Organic Fert N2O") -> 5.2.1.1-2 Organic Fert N2O | D14: FracLime | E14: fraction of lime as limestone (CaCO3) | G14: fraction | H14: Input | I14: {=HYPERLINK(Common_InputFunctions.Utility_SourceHyperlink($D$22), $D$22)} -> Table_E_lime
A15: =HYPERLINK("#'5.3.1.1-2 Lime CO2'!A1", "5.3.1.1-2 Lime CO2") -> 5.3.1.1-2 Lime CO2 | D15: P_lime | E15: fractional purity of limestone | G15: fraction | H15: Constant | I15: ='Constants - Fertiliser'!$E$66 -> 0.9
A16: =HYPERLINK("#'5.4.1.1-4 Atmos deposition'!A1", "5.4.1.1-4 Atmos deposition") -> 5.4.1.1-4 Atmos deposition | D16: EF_lime | E16: emission factor for limestone fraction of lime | G16: kg C/kg | H16: Constant | I16: ='Constants - Fertiliser'!$F$66 -> 0.12
A17: =HYPERLINK("#'5.5.1.1-2 Leaching and runoff'!A1", "5.5.1.1-2 Leaching and runoff") -> 5.5.1.1-2 Leaching and runoff | D17: FracDol | E17: fraction of lime as dolomite | G17: fraction | H17: Input | I17: {=HYPERLINK(Common_InputFunctions.Utility_SourceHyperlink($D$22), $D$22)} -> Table_E_lime
D18: P_dol | E18: fractional purity of dolomite | G18: fraction | H18: Constant | I18: ='Constants - Fertiliser'!$E$67 -> 0.95
A19: APPENDICES | D19: EF_dol | E19: emission factor for dolomite fraction of lime | G19: kg C/kg | H19: Constant | I19: ='Constants - Fertiliser'!$F$67 -> 0.13
A20: =HYPERLINK("#'Constants - Fertiliser'!A1", "Constants - Fertiliser") -> Constants - Fertiliser | D20: C_CO2 | E20: factor to convert elemental mass of carbon dioxide to molecular mass | H20: Constant | I20: =Common_InputFunctions.Utility_LookupValueInTableNumber("CO2",Table_GasToMolecularConversionFactor[Gas], Table_GasToMolecularConversionFactor[Conversion factor combined]) -> 3.6666667
A21: =HYPERLINK("#'Constants - Common'!A1", "Constants - Common") -> Constants - Common
D22: Table_E_lime
D23: Lime applications
D24: Element | E24: M | F24: FracLime | G24: FracDol | H24: Elime
D25: {=Table_Input_Lime[Product]} -> Lime product 1 | E25: {=Table_Input_Lime[Total amount applied (t)]} -> 10000 | F25: {=Table_Input_Lime[Percent Lime CaCO3]} -> 0.4 | G25: {=Table_Input_Lime[Percent Dolomite CaMg(CO3)2]} -> 0.3 | H25: {=Fertiliser_Equations_Lime.VEERG_5_3_1_1__1_LimeApplicationCO2Emissions(E25,F25,$I$15,$I$16,G25,$I$18,$I$19,$I$20)} -> 2.9425
D26: Lime product 2 | E26: 10000 | F26: 0 | G26: 1 | H26: {=Fertiliser_Equations_Lime.VEERG_5_3_1_1__1_LimeApplicationCO2Emissions(E26,F26,$I$15,$I$16,G26,$I$18,$I$19,$I$20)} -> 4.5283333
H27: {=Fertiliser_Equations_Lime.VEERG_5_3_1_1__1_LimeApplicationCO2Emissions(E27,F27,$I$15,$I$16,G27,$I$18,$I$19,$I$20)} -> 0
H28: {=Fertiliser_Equations_Lime.VEERG_5_3_1_1__1_LimeApplicationCO2Emissions(E28,F28,$I$15,$I$16,G28,$I$18,$I$19,$I$20)} -> 0
H29: {=Fertiliser_Equations_Lime.VEERG_5_3_1_1__1_LimeApplicationCO2Emissions(E29,F29,$I$15,$I$16,G29,$I$18,$I$19,$I$20)} -> 0
D31: Elime | E31: =SUM(H25:H29) -> 7.4708333 | F31: t CO2
A34: =HYPERLINK("#A1", "▲ Back to top") -> ▲ Back to top
A55: =HYPERLINK("#A1", "▲ Back to top") -> ▲ Back to top

Sheet 5.4.1.1-4 Atmos deposition
A1: #VALUE! | C1: 5.4.1.1-4 Atmospheric deposition resulting from fertiliser application
A3: =HYPERLINK("#'Home'!A1", "Home") -> Home | D3: Method 1 | O3: Method 2
A4: =HYPERLINK("#'Overview'!A1", "Overview") -> Overview
A5: =HYPERLINK("#'Results'!A1", "Results") -> Results | D5: {=Fertiliser_Equations_AtmosphericDeposition.VEERG_5_4_1_1__2_MassOfNitrogenVolatilisedFromInorganicFertiliser_Title()} -> Mass of nitrogen volatilised from inorganic fertiliser applied to production system
D6: {=Fertiliser_Equations_AtmosphericDeposition.VEERG_5_4_1_1__2_MassOfNitrogenVolatilisedFromInorganicFertiliser_Source()} -> VEERG 2026: 5.4.1.1, Equation (2)
A7: INPUTS | D7: Function name | E7: {=Common_InputFunctions.Utility_DisplayFunctionName(H19)} -> =Fertiliser_Equations_AtmosphericDeposition.VEERG_5_4_1_1__2_MassOfNitrogenVolatilisedFromInorganicFertiliser
A8: =HYPERLINK("#'Input - Site'!A1", "Site") -> Site
A9: =HYPERLINK("#'Input - Fertiliser'!A1", "Fertiliser") -> Fertiliser
D10: Variable | E10: {=Fertiliser_Equations_AtmosphericDeposition.VEERG_5_4_1_1__2_MassOfNitrogenVolatilisedFromInorganicFertiliser_Variable()} -> M_volinorganicjf
A11: CALCULATIONS | D11: Unit | E11: {=Fertiliser_Equations_AtmosphericDeposition.VEERG_5_4_1_1__2_MassOfNitrogenVolatilisedFromInorganicFertiliser_Unit()} -> kg N
A12: =HYPERLINK("#'5.1.1.1-2 Inorganic Fert N2O'!A1", "5.1.1.1-2 Inorganic Fert N2O") -> 5.1.1.1-2 Inorganic Fert N2O
A13: =HYPERLINK("#'5.1.1.3-4 Inorganic fert CO2'!A1", "5.1.1.3-4 Inorganic fert CO2") -> 5.1.1.3-4 Inorganic fert CO2 | D13: {=_xlfn.CHOOSECOLS(Fertiliser_Equations_AtmosphericDeposition.VEERG_5_4_1_1__2_MassOfNitrogenVolatilisedFromInorganicFertiliser_Arguments(), 1, 2)} -> MN_jf | E13: mass of nitrogen in inorganic fertiliser applied | G13: {=_xlfn.CHOOSECOLS(Fertiliser_Equations_AtmosphericDeposition.VEERG_5_4_1_1__2_MassOfNitrogenVolatilisedFromInorganicFertiliser_Arguments(), 3,4)} -> kg N | H13: Calculated from 5.1.1.1 (2) | I13: {=HYPERLINK(Common_InputFunctions.Utility_SourceHyperlink($D$16),$D$16)} -> Table_M_vol_inorganic_j_f
A14: =HYPERLINK("#'5.2.1.1-2 Organic Fert N2O'!A1", "5.2.1.1-2 Organic Fert N2O") -> 5.2.1.1-2 Organic Fert N2O | D14: FracGASF_f | E14: fraction of inorganic fertiliser that volatilises | G14: (kg NH3-N + NOx-N)/kg N | H14: Constant | I14: {=HYPERLINK(Common_InputFunctions.Utility_SourceHyperlink($D$16),$D$16)} -> Table_M_vol_inorganic_j_f
A15: =HYPERLINK("#'5.3.1.1-2 Lime CO2'!A1", "5.3.1.1-2 Lime CO2") -> 5.3.1.1-2 Lime CO2
A16: =HYPERLINK("#'5.4.1.1-4 Atmos deposition'!A1", "5.4.1.1-4 Atmos deposition") -> 5.4.1.1-4 Atmos deposition | D16: Table_M_vol_inorganic_j_f
A17: =HYPERLINK("#'5.5.1.1-2 Leaching and runoff'!A1", "5.5.1.1-2 Leaching and runoff") -> 5.5.1.1-2 Leaching and runoff | D17: Mass of nitrogen volatilised from inorganic fertiliser application
D18: Chemical compound | E18: MNjf | F18: Basis | G18: FracGASFf | H18: Mvolinorganicjf
A19: APPENDICES | D19: {=Table_Fertiliser_ChemicalCompounds[Fertiliser type f]} -> Monoammonium phosphate (MAP) | E19: ='5.1.1.1-2 Inorganic fert N2O'!G19 -> 0 | F19: {=Common_InputFunctions.Utility_LookupValueInTable(D19, Table_Fertiliser_ChemicalCompounds[Fertiliser type f],Table_Fertiliser_ChemicalCompounds[Basis])} -> Ammonium-based fertilisers | G19: {=Common_InputFunctions.Utility_LookupValueInTableNumber(F19, Table_SourceData_Fertiliser_FracGASF[Fertiliser type f],Table_SourceData_Fertiliser_FracGASF[FracGASF f])} -> 0.08 | H19: {=Fertiliser_Equations_AtmosphericDeposition.VEERG_5_4_1_1__2_MassOfNitrogenVolatilisedFromInorganicFertiliser(E19,G19)} -> 0
A20: =HYPERLINK("#'Constants - Fertiliser'!A1", "Constants - Fertiliser") -> Constants - Fertiliser | D20: Diammonium phosphate (DAP) | E20: ='5.1.1.1-2 Inorganic fert N2O'!G20 -> 0 | F20: {=Common_InputFunctions.Utility_LookupValueInTable(D20, Table_Fertiliser_ChemicalCompounds[Fertiliser type f],Table_Fertiliser_ChemicalCompounds[Basis])} -> Ammonium-based fertilisers | G20: {=Common_InputFunctions.Utility_LookupValueInTableNumber(F20, Table_SourceData_Fertiliser_FracGASF[Fertiliser type f],Table_SourceData_Fertiliser_FracGASF[FracGASF f])} -> 0.08 | H20: {=Fertiliser_Equations_AtmosphericDeposition.VEERG_5_4_1_1__2_MassOfNitrogenVolatilisedFromInorganicFertiliser(E20,G20)} -> 0
A21: =HYPERLINK("#'Constants - Common'!A1", "Constants - Common") -> Constants - Common | D21: Urea | E21: ='5.1.1.1-2 Inorganic fert N2O'!G21 -> 5940 | F21: {=Common_InputFunctions.Utility_LookupValueInTable(D21, Table_Fertiliser_ChemicalCompounds[Fertiliser type f],Table_Fertiliser_ChemicalCompounds[Basis])} -> Urea-based fertilisers | G21: {=Common_InputFunctions.Utility_LookupValueInTableNumber(F21, Table_SourceData_Fertiliser_FracGASF[Fertiliser type f],Table_SourceData_Fertiliser_FracGASF[FracGASF f])} -> 0.15 | H21: {=Fertiliser_Equations_AtmosphericDeposition.VEERG_5_4_1_1__2_MassOfNitrogenVolatilisedFromInorganicFertiliser(E21,G21)} -> 891
D22: Sulphate of ammonia (SOA) | E22: ='5.1.1.1-2 Inorganic fert N2O'!G22 -> 0 | F22: {=Common_InputFunctions.Utility_LookupValueInTable(D22, Table_Fertiliser_ChemicalCompounds[Fertiliser type f],Table_Fertiliser_ChemicalCompounds[Basis])} -> Ammonium-based fertilisers | G22: {=Common_InputFunctions.Utility_LookupValueInTableNumber(F22, Table_SourceData_Fertiliser_FracGASF[Fertiliser type f],Table_SourceData_Fertiliser_FracGASF[FracGASF f])} -> 0.08 | H22: {=Fertiliser_Equations_AtmosphericDeposition.VEERG_5_4_1_1__2_MassOfNitrogenVolatilisedFromInorganicFertiliser(E22,G22)} -> 0
D23: Urea-ammonium nitrate (UAN) | E23: ='5.1.1.1-2 Inorganic fert N2O'!G23 -> 0 | F23: {=Common_InputFunctions.Utility_LookupValueInTable(D23, Table_Fertiliser_ChemicalCompounds[Fertiliser type f],Table_Fertiliser_ChemicalCompounds[Basis])} -> Urea-based fertilisers | G23: {=Common_InputFunctions.Utility_LookupValueInTableNumber(F23, Table_SourceData_Fertiliser_FracGASF[Fertiliser type f],Table_SourceData_Fertiliser_FracGASF[FracGASF f])} -> 0.15 | H23: {=Fertiliser_Equations_AtmosphericDeposition.VEERG_5_4_1_1__2_MassOfNitrogenVolatilisedFromInorganicFertiliser(E23,G23)} -> 0
D24: Ammonium nitrate (AN) | E24: ='5.1.1.1-2 Inorganic fert N2O'!G24 -> 0 | F24: {=Common_InputFunctions.Utility_LookupValueInTable(D24, Table_Fertiliser_ChemicalCompounds[Fertiliser type f],Table_Fertiliser_ChemicalCompounds[Basis])} -> Ammonium-nitrate based fertilisers | G24: {=Common_InputFunctions.Utility_LookupValueInTableNumber(F24, Table_SourceData_Fertiliser_FracGASF[Fertiliser type f],Table_SourceData_Fertiliser_FracGASF[FracGASF f])} -> 0.05 | H24: {=Fertiliser_Equations_AtmosphericDeposition.VEERG_5_4_1_1__2_MassOfNitrogenVolatilisedFromInorganicFertiliser(E24,G24)} -> 0
D25: Calcium ammonium nitrate (CAN) | E25: ='5.1.1.1-2 Inorganic fert N2O'!G25 -> 0 | F25: {=Common_InputFunctions.Utility_LookupValueInTable(D25, Table_Fertiliser_ChemicalCompounds[Fertiliser type f],Table_Fertiliser_ChemicalCompounds[Basis])} -> Ammonium-nitrate based fertilisers | G25: {=Common_InputFunctions.Utility_LookupValueInTableNumber(F25, Table_SourceData_Fertiliser_FracGASF[Fertiliser type f],Table_SourceData_Fertiliser_FracGASF[FracGASF f])} -> 0.05 | H25: {=Fertiliser_Equations_AtmosphericDeposition.VEERG_5_4_1_1__2_MassOfNitrogenVolatilisedFromInorganicFertiliser(E25,G25)} -> 0
D26: Nitrogen - Ammoniacal | E26: ='5.1.1.1-2 Inorganic fert N2O'!G26 -> 3500 | F26: {=Common_InputFunctions.Utility_LookupValueInTable(D26, Table_Fertiliser_ChemicalCompounds[Fertiliser type f],Table_Fertiliser_ChemicalCompounds[Basis])} -> Ammonium-based fertilisers | G26: {=Common_InputFunctions.Utility_LookupValueInTableNumber(F26, Table_SourceData_Fertiliser_FracGASF[Fertiliser type f],Table_SourceData_Fertiliser_FracGASF[FracGASF f])} -> 0.08 | H26: {=Fertiliser_Equations_AtmosphericDeposition.VEERG_5_4_1_1__2_MassOfNitrogenVolatilisedFromInorganicFertiliser(E26,G26)} -> 280
D27: Nitrogen - Nitrate | E27: ='5.1.1.1-2 Inorganic fert N2O'!G27 -> 1500 | F27: {=Common_InputFunctions.Utility_LookupValueInTable(D27, Table_Fertiliser_ChemicalCompounds[Fertiliser type f],Table_Fertiliser_ChemicalCompounds[Basis])} -> Nitrate-based fertilisers | G27: {=Common_InputFunctions.Utility_LookupValueInTableNumber(F27, Table_SourceData_Fertiliser_FracGASF[Fertiliser type f],Table_SourceData_Fertiliser_FracGASF[FracGASF f])} -> 0.01 | H27: {=Fertiliser_Equations_AtmosphericDeposition.VEERG_5_4_1_1__2_MassOfNitrogenVolatilisedFromInorganicFertiliser(E27,G27)} -> 15
D28: Nitrogen - Generic | E28: ='5.1.1.1-2 Inorganic fert N2O'!G28 -> 1120 | F28: {=Common_InputFunctions.Utility_LookupValueInTable(D28, Table_Fertiliser_ChemicalCompounds[Fertiliser type f],Table_Fertiliser_ChemicalCompounds[Basis])} -> Urea-based fertilisers | G28: {=Common_InputFunctions.Utility_LookupValueInTableNumber(F28, Table_SourceData_Fertiliser_FracGASF[Fertiliser type f],Table_SourceData_Fertiliser_FracGASF[FracGASF f])} -> 0.15 | H28: {=Fertiliser_Equations_AtmosphericDeposition.VEERG_5_4_1_1__2_MassOfNitrogenVolatilisedFromInorganicFertiliser(E28,G28)} -> 168
D29: Phosphorus - Generic | E29: ='5.1.1.1-2 Inorganic fert N2O'!G29 -> 0 | F29: {=Common_InputFunctions.Utility_LookupValueInTable(D29, Table_Fertiliser_ChemicalCompounds[Fertiliser type f],Table_Fertiliser_ChemicalCompounds[Basis])} -> Other fertilisers | G29: {=Common_InputFunctions.Utility_LookupValueInTableNumber(F29, Table_SourceData_Fertiliser_FracGASF[Fertiliser type f],Table_SourceData_Fertiliser_FracGASF[FracGASF f])} -> 0.11 | H29: {=Fertiliser_Equations_AtmosphericDeposition.VEERG_5_4_1_1__2_MassOfNitrogenVolatilisedFromInorganicFertiliser(E29,G29)} -> 0
D30: Potassium - Generic | E30: ='5.1.1.1-2 Inorganic fert N2O'!G30 -> 0 | F30: {=Common_InputFunctions.Utility_LookupValueInTable(D30, Table_Fertiliser_ChemicalCompounds[Fertiliser type f],Table_Fertiliser_ChemicalCompounds[Basis])} -> Other fertilisers | G30: {=Common_InputFunctions.Utility_LookupValueInTableNumber(F30, Table_SourceData_Fertiliser_FracGASF[Fertiliser type f],Table_SourceData_Fertiliser_FracGASF[FracGASF f])} -> 0.11 | H30: {=Fertiliser_Equations_AtmosphericDeposition.VEERG_5_4_1_1__2_MassOfNitrogenVolatilisedFromInorganicFertiliser(E30,G30)} -> 0
D31: Sulfur - Generic | E31: ='5.1.1.1-2 Inorganic fert N2O'!G31 -> 0 | F31: {=Common_InputFunctions.Utility_LookupValueInTable(D31, Table_Fertiliser_ChemicalCompounds[Fertiliser type f],Table_Fertiliser_ChemicalCompounds[Basis])} -> Other fertilisers | G31: {=Common_InputFunctions.Utility_LookupValueInTableNumber(F31, Table_SourceData_Fertiliser_FracGASF[Fertiliser type f],Table_SourceData_Fertiliser_FracGASF[FracGASF f])} -> 0.11 | H31: {=Fertiliser_Equations_AtmosphericDeposition.VEERG_5_4_1_1__2_MassOfNitrogenVolatilisedFromInorganicFertiliser(E31,G31)} -> 0
D32: Zinc - Generic | E32: ='5.1.1.1-2 Inorganic fert N2O'!G32 -> 0 | F32: {=Common_InputFunctions.Utility_LookupValueInTable(D32, Table_Fertiliser_ChemicalCompounds[Fertiliser type f],Table_Fertiliser_ChemicalCompounds[Basis])} -> Other fertilisers | G32: {=Common_InputFunctions.Utility_LookupValueInTableNumber(F32, Table_SourceData_Fertiliser_FracGASF[Fertiliser type f],Table_SourceData_Fertiliser_FracGASF[FracGASF f])} -> 0.11 | H32: {=Fertiliser_Equations_AtmosphericDeposition.VEERG_5_4_1_1__2_MassOfNitrogenVolatilisedFromInorganicFertiliser(E32,G32)} -> 0
D33: Muriate of potash (MOP) | E33: ='5.1.1.1-2 Inorganic fert N2O'!G33 -> 0 | F33: {=Common_InputFunctions.Utility_LookupValueInTable(D33, Table_Fertiliser_ChemicalCompounds[Fertiliser type f],Table_Fertiliser_ChemicalCompounds[Basis])} -> Other fertilisers | G33: {=Common_InputFunctions.Utility_LookupValueInTableNumber(F33, Table_SourceData_Fertiliser_FracGASF[Fertiliser type f],Table_SourceData_Fertiliser_FracGASF[FracGASF f])} -> 0.11 | H33: {=Fertiliser_Equations_AtmosphericDeposition.VEERG_5_4_1_1__2_MassOfNitrogenVolatilisedFromInorganicFertiliser(E33,G33)} -> 0
A34: =HYPERLINK("#A1", "▲ Back to top") -> ▲ Back to top | D34: Double superphosphate | E34: ='5.1.1.1-2 Inorganic fert N2O'!G34 -> 0 | F34: {=Common_InputFunctions.Utility_LookupValueInTable(D34, Table_Fertiliser_ChemicalCompounds[Fertiliser type f],Table_Fertiliser_ChemicalCompounds[Basis])} -> Other fertilisers | G34: {=Common_InputFunctions.Utility_LookupValueInTableNumber(F34, Table_SourceData_Fertiliser_FracGASF[Fertiliser type f],Table_SourceData_Fertiliser_FracGASF[FracGASF f])} -> 0.11 | H34: {=Fertiliser_Equations_AtmosphericDeposition.VEERG_5_4_1_1__2_MassOfNitrogenVolatilisedFromInorganicFertiliser(E34,G34)} -> 0
D35: Single superphosphate (SSP) | E35: ='5.1.1.1-2 Inorganic fert N2O'!G35 -> 0 | F35: {=Common_InputFunctions.Utility_LookupValueInTable(D35, Table_Fertiliser_ChemicalCompounds[Fertiliser type f],Table_Fertiliser_ChemicalCompounds[Basis])} -> Other fertilisers | G35: {=Common_InputFunctions.Utility_LookupValueInTableNumber(F35, Table_SourceData_Fertiliser_FracGASF[Fertiliser type f],Table_SourceData_Fertiliser_FracGASF[FracGASF f])} -> 0.11 | H35: {=Fertiliser_Equations_AtmosphericDeposition.VEERG_5_4_1_1__2_MassOfNitrogenVolatilisedFromInorganicFertiliser(E35,G35)} -> 0
D36: Ammonia | E36: ='5.1.1.1-2 Inorganic fert N2O'!G36 -> 0 | F36: {=Common_InputFunctions.Utility_LookupValueInTable(D36, Table_Fertiliser_ChemicalCompounds[Fertiliser type f],Table_Fertiliser_ChemicalCompounds[Basis])} -> Ammonium-based fertilisers | G36: {=Common_InputFunctions.Utility_LookupValueInTableNumber(F36, Table_SourceData_Fertiliser_FracGASF[Fertiliser type f],Table_SourceData_Fertiliser_FracGASF[FracGASF f])} -> 0.08 | H36: {=Fertiliser_Equations_AtmosphericDeposition.VEERG_5_4_1_1__2_MassOfNitrogenVolatilisedFromInorganicFertiliser(E36,G36)} -> 0
D40: {=Fertiliser_Equations_AtmosphericDeposition.VEERG_5_4_1_1__1_InorganicFertiliserAtmosphericDepositionN2OEmissions_Title()} -> Nitrous oxide emissions from atmospheric deposition from all inorganic fertiliser types f and all production systems j
D41: {=Fertiliser_Equations_AtmosphericDeposition.VEERG_5_4_1_1__1_InorganicFertiliserAtmosphericDepositionN2OEmissions_Source()} -> VEERG 2026: 5.4.1.1, Equation (1)
D42: Function name | E42: {=Common_InputFunctions.Utility_DisplayFunctionName(F58)} -> =Fertiliser_Equations_AtmosphericDeposition.VEERG_5_4_1_1__1_InorganicFertiliserAtmosphericDepositionN2OEmissions
D45: Variable | E45: {=Fertiliser_Equations_AtmosphericDeposition.VEERG_5_4_1_1__1_InorganicFertiliserAtmosphericDepositionN2OEmissions_Variable()} -> E_adinorganic
D46: Unit | E46: {=Fertiliser_Equations_AtmosphericDeposition.VEERG_5_4_1_1__1_InorganicFertiliserAtmosphericDepositionN2OEmissions_Unit()} -> t N2O
D48: {=_xlfn.CHOOSECOLS(Fertiliser_Equations_AtmosphericDeposition.VEERG_5_4_1_1__1_InorganicFertiliserAtmosphericDepositionN2OEmissions_Arguments(), 1, 2)} -> M_volinorganicjf | E48: mass of nitrogen volatilised from inorganic fertiliser applied to production system | H48: {=_xlfn.CHOOSECOLS(Fertiliser_Equations_AtmosphericDeposition.VEERG_5_4_1_1__1_InorganicFertiliserAtmosphericDepositionN2OEmissions_Arguments(), 3,4)} -> kg N | I48: Calculated from 5.4.1.1 (2) | J48: {=HYPERLINK(Common_InputFunctions.Utility_SourceHyperlink($D$16),$D$16)} -> Table_M_vol_inorganic_j_f
D49: EF_N2Oj | E49: emission factor for atmospheric deposition | H49: kg N2O-N/kg N | I49: Constant | J49: =Common_InputFunctions.Utility_LookupN2OEFFromProdIrrigationRainfall(J51,J52,J53,Table_SourceData_Common_EFN2O[Production system only],Table_SourceData_Common_EFN2O[Irrigation method],Table_SourceData_Common_EFN2O[Rainfall zone],Table_SourceData_Common_EFN2O[EFN2O]) -> 0.007
D50: C_N2O | E50: factor to convert elemental mass of nitrous oxide to molecular mass | I50: Constant | J50: =Common_InputFunctions.Utility_LookupValueInTableNumber("N2O",Table_GasToMolecularConversionFactor[Gas],Table_GasToMolecularConversionFactor[Conversion factor combined]) -> 1.5714286
D51: j | E51: Production system | I51: Input | J51: ='Input - Fertiliser'!$E$6 -> Crop
D52: ir | E52: irrigation method | I52: Input | J52: ='Input - Fertiliser'!$E$8 -> Drip irrigation
D53: r | E53: rainfall region | I53: Input | J53: ='Input - Site'!$E$30 -> Low rainfall
A55: =HYPERLINK("#A1", "▲ Back to top") -> ▲ Back to top | D55: Table_E_ad_inorganic
D56: Atmospheric deposition emissions from inorganic fertiliser
D57: Chemical compound | E57: Mvolinorganicjf | F57: Ead,inorganic
D58: {=Table_Fertiliser_ChemicalCompounds[Fertiliser type f]} -> Monoammonium phosphate (MAP) | E58: =H19 -> 0 | F58: {=Fertiliser_Equations_AtmosphericDeposition.VEERG_5_4_1_1__1_InorganicFertiliserAtmosphericDepositionN2OEmissions(E58,$J$49,$J$50)} -> 0 | G58: =E46 -> t N2O
D59: Diammonium phosphate (DAP) | E59: =H20 -> 0 | F59: {=Fertiliser_Equations_AtmosphericDeposition.VEERG_5_4_1_1__1_InorganicFertiliserAtmosphericDepositionN2OEmissions(E59,$J$49,$J$50)} -> 0
D60: Urea | E60: =H21 -> 891 | F60: {=Fertiliser_Equations_AtmosphericDeposition.VEERG_5_4_1_1__1_InorganicFertiliserAtmosphericDepositionN2OEmissions(E60,$J$49,$J$50)} -> 0.009801
D61: Sulphate of ammonia (SOA) | E61: =H22 -> 0 | F61: {=Fertiliser_Equations_AtmosphericDeposition.VEERG_5_4_1_1__1_InorganicFertiliserAtmosphericDepositionN2OEmissions(E61,$J$49,$J$50)} -> 0
D62: Urea-ammonium nitrate (UAN) | E62: =H23 -> 0 | F62: {=Fertiliser_Equations_AtmosphericDeposition.VEERG_5_4_1_1__1_InorganicFertiliserAtmosphericDepositionN2OEmissions(E62,$J$49,$J$50)} -> 0
D63: Ammonium nitrate (AN) | E63: =H24 -> 0 | F63: {=Fertiliser_Equations_AtmosphericDeposition.VEERG_5_4_1_1__1_InorganicFertiliserAtmosphericDepositionN2OEmissions(E63,$J$49,$J$50)} -> 0
D64: Calcium ammonium nitrate (CAN) | E64: =H25 -> 0 | F64: {=Fertiliser_Equations_AtmosphericDeposition.VEERG_5_4_1_1__1_InorganicFertiliserAtmosphericDepositionN2OEmissions(E64,$J$49,$J$50)} -> 0
D65: Nitrogen - Ammoniacal | E65: =H26 -> 280 | F65: {=Fertiliser_Equations_AtmosphericDeposition.VEERG_5_4_1_1__1_InorganicFertiliserAtmosphericDepositionN2OEmissions(E65,$J$49,$J$50)} -> 0.00308
D66: Nitrogen - Nitrate | E66: =H27 -> 15 | F66: {=Fertiliser_Equations_AtmosphericDeposition.VEERG_5_4_1_1__1_InorganicFertiliserAtmosphericDepositionN2OEmissions(E66,$J$49,$J$50)} -> 0.000165
D67: Nitrogen - Generic | E67: =H28 -> 168 | F67: {=Fertiliser_Equations_AtmosphericDeposition.VEERG_5_4_1_1__1_InorganicFertiliserAtmosphericDepositionN2OEmissions(E67,$J$49,$J$50)} -> 0.001848
D68: Phosphorus - Generic | E68: =H29 -> 0 | F68: {=Fertiliser_Equations_AtmosphericDeposition.VEERG_5_4_1_1__1_InorganicFertiliserAtmosphericDepositionN2OEmissions(E68,$J$49,$J$50)} -> 0
D69: Potassium - Generic | E69: =H30 -> 0 | F69: {=Fertiliser_Equations_AtmosphericDeposition.VEERG_5_4_1_1__1_InorganicFertiliserAtmosphericDepositionN2OEmissions(E69,$J$49,$J$50)} -> 0
D70: Sulfur - Generic | E70: =H31 -> 0 | F70: {=Fertiliser_Equations_AtmosphericDeposition.VEERG_5_4_1_1__1_InorganicFertiliserAtmosphericDepositionN2OEmissions(E70,$J$49,$J$50)} -> 0
... D75: Ammonia | E75: =H36 -> 0 | F75: {=Fertiliser_Equations_AtmosphericDeposition.VEERG_5_4_1_1__1_InorganicFertiliserAtmosphericDepositionN2OEmissions(E75,$J$49,$J$50)} -> 0
D77: Ead,inorganic | E77: =SUM(F58:F75) -> 0.014894 | F77: =$E$46 -> t N2O
D79: {=Common_Equations.Common_ConvertN2OToCO2e_Arguments()} -> EN2O | E79: Nitrous oxide emissions (t N2O) | G79: =E77 -> 0.014894
D80: GWPN2O | E80: Global warming potential for nitrous oxide (t CO2-e / t N2O) | G80: =Common_InputFunctions.Utility_LookupValueInTableNumber("N2O",Table_GWPData[Gas],Table_GWPData[CO2-e factor]) -> 265
D82: ECO2e | E82: {=Common_Equations.Common_ConvertN2OToCO2e(G79,G80)} -> 3.94691 | F82: {=Common_Equations.Common_ConvertN2OToCO2e_Unit()} -> t CO2e
D86: {=Fertiliser_Equations_AtmosphericDeposition.VEERG_5_4_1_3__2_MassOfNitrogenVolatilisedFromOrganicFertiliser_Title()} -> Mass of nitrogen volatilised from organic fertiliser applied to production system
D87: {=Fertiliser_Equations_AtmosphericDeposition.VEERG_5_4_1_3__2_MassOfNitrogenVolatilisedFromOrganicFertiliser_Source()} -> VEERG 2026: 5.4.1.3, Equation (2)
D88: Function name | E88: {=Common_InputFunctions.Utility_DisplayFunctionName(F100)} -> =Fertiliser_Equations_AtmosphericDeposition.VEERG_5_4_1_3__2_MassOfNitrogenVolatilisedFromOrganicFertiliser
D91: Variable | E91: {=Fertiliser_Equations_AtmosphericDeposition.VEERG_5_4_1_3__2_MassOfNitrogenVolatilisedFromOrganicFertiliser_Variable()} -> M_volorganicjf
D92: Unit | E92: {=Fertiliser_Equations_AtmosphericDeposition.VEERG_5_4_1_3__2_MassOfNitrogenVolatilisedFromOrganicFertiliser_Unit()} -> kg N
D94: {=_xlfn.CHOOSECOLS(Fertiliser_Equations_AtmosphericDeposition.VEERG_5_4_1_3__2_MassOfNitrogenVolatilisedFromOrganicFertiliser_Arguments(), 1, 2)} -> MNSoil_jf | E94: mass of nitrogen in organic fertiliser type f applied to production system j | G94: {=_xlfn.CHOOSECOLS(Fertiliser_Equations_AtmosphericDeposition.VEERG_5_4_1_3__2_MassOfNitrogenVolatilisedFromOrganicFertiliser_Arguments(), 3,4)} -> kg N | H94: Calculated from 5.2.1.1 (2) | I94: {=HYPERLINK(Common_InputFunctions.Utility_SourceHyperlink($D$97), $D$97)} -> Table_M_vol_organic_j_f
D95: FracGASM_soil | E95: fraction of organic fertiliser N that volatilises | G95: (kg NH3-N + NOx-N)/kg N | H95: Constant | I95: ='Constants - Fertiliser'!$E$73 -> 0.21
D97: Table_M_vol_organic_j_f
D98: Mass of nitrogen volatilised from organic fertiliser applied
D99: Organic fertiliser type (f) | E99: MNSoiljf | F99: Mvol,organic,jf
D100: {=Table_Input_OrganicFertiliser[Organic fertiliser type (select)]} -> Manure - Other | E100: ='5.2.1.1-2 Organic Fert N2O'!I20 -> 300 | F100: {=Fertiliser_Equations_AtmosphericDeposition.VEERG_5_4_1_3__2_MassOfNitrogenVolatilisedFromOrganicFertiliser(E100,$I$95)} -> 63 | G100: =$E$92 -> kg N
D101: Manure - Poultry | E101: ='5.2.1.1-2 Organic Fert N2O'!I21 -> 250 | F101: {=Fertiliser_Equations_AtmosphericDeposition.VEERG_5_4_1_3__2_MassOfNitrogenVolatilisedFromOrganicFertiliser(E101,$I$95)} -> 52.5
E102: ='5.2.1.1-2 Organic Fert N2O'!I22 -> 0 | F102: {=Fertiliser_Equations_AtmosphericDeposition.VEERG_5_4_1_3__2_MassOfNitrogenVolatilisedFromOrganicFertiliser(E102,$I$95)} -> 0
E103: ='5.2.1.1-2 Organic Fert N2O'!I23 -> 0 | F103: {=Fertiliser_Equations_AtmosphericDeposition.VEERG_5_4_1_3__2_MassOfNitrogenVolatilisedFromOrganicFertiliser(E103,$I$95)} -> 0
E104: ='5.2.1.1-2 Organic Fert N2O'!I24 -> 0 | F104: {=Fertiliser_Equations_AtmosphericDeposition.VEERG_5_4_1_3__2_MassOfNitrogenVolatilisedFromOrganicFertiliser(E104,$I$95)} -> 0
E105: ='5.2.1.1-2 Organic Fert N2O'!I25 -> 0 | F105: {=Fertiliser_Equations_AtmosphericDeposition.VEERG_5_4_1_3__2_MassOfNitrogenVolatilisedFromOrganicFertiliser(E105,$I$95)} -> 0
E106: ='5.2.1.1-2 Organic Fert N2O'!I26 -> 0 | F106: {=Fertiliser_Equations_AtmosphericDeposition.VEERG_5_4_1_3__2_MassOfNitrogenVolatilisedFromOrganicFertiliser(E106,$I$95)} -> 0
E107: ='5.2.1.1-2 Organic Fert N2O'!I27 -> 0 | F107: {=Fertiliser_Equations_AtmosphericDeposition.VEERG_5_4_1_3__2_MassOfNitrogenVolatilisedFromOrganicFertiliser(E107,$I$95)} -> 0
E108: ='5.2.1.1-2 Organic Fert N2O'!I28 -> 0 | F108: {=Fertiliser_Equations_AtmosphericDeposition.VEERG_5_4_1_3__2_MassOfNitrogenVolatilisedFromOrganicFertiliser(E108,$I$95)} -> 0
E109: ='5.2.1.1-2 Organic Fert N2O'!I29 -> 0 | F109: {=Fertiliser_Equations_AtmosphericDeposition.VEERG_5_4_1_3__2_MassOfNitrogenVolatilisedFromOrganicFertiliser(E109,$I$95)} -> 0
E110: ='5.2.1.1-2 Organic Fert N2O'!I30 -> 0 | F110: {=Fertiliser_Equations_AtmosphericDeposition.VEERG_5_4_1_3__2_MassOfNitrogenVolatilisedFromOrganicFertiliser(E110,$I$95)} -> 0
D114: {=Fertiliser_Equations_AtmosphericDeposition.VEERG_5_4_1_3__1_OrganicFertiliserAtmosphericDepositionN2OEmissions_Title()} -> Nitrous oxide emissions from atmospheric deposition of all organic fertiliser types f and all production systems j
D115: {=Fertiliser_Equations_AtmosphericDeposition.VEERG_5_4_1_3__1_OrganicFertiliserAtmosphericDepositionN2OEmissions_Source()} -> VEERG 2026: 5.4.1.3, Equation (1)
D116: Function name | E116: {=Common_InputFunctions.Utility_DisplayFunctionName(F132)} -> =Fertiliser_Equations_AtmosphericDeposition.VEERG_5_4_1_3__1_OrganicFertiliserAtmosphericDepositionN2OEmissions
D119: Variable | E119: {=Fertiliser_Equations_AtmosphericDeposition.VEERG_5_4_1_3__1_OrganicFertiliserAtmosphericDepositionN2OEmissions_Variable()} -> E_adorganic
D120: Unit | E120: {=Fertiliser_Equations_AtmosphericDeposition.VEERG_5_4_1_3__1_OrganicFertiliserAtmosphericDepositionN2OEmissions_Unit()} -> t N2O
D122: {=_xlfn.CHOOSECOLS(Fertiliser_Equations_AtmosphericDeposition.VEERG_5_4_1_3__1_OrganicFertiliserAtmosphericDepositionN2OEmissions_Arguments(), 1, 2)} -> M_volorganicjf | E122: mass of nitrogen volatilised from organic fertiliser applied to production system | G122: {=_xlfn.CHOOSECOLS(Fertiliser_Equations_AtmosphericDeposition.VEERG_5_4_1_3__1_OrganicFertiliserAtmosphericDepositionN2OEmissions_Arguments(), 3,4)} -> kg N | H122: Calculated from 5.4.1.3 (2) | I122: {=HYPERLINK(Common_InputFunctions.Utility_SourceHyperlink($D$97), $D$97)} -> Table_M_vol_organic_j_f
D123: EF_N2Oj | E123: emission factor for atmospheric deposition in production system j | G123: kg N2O-N/kg N | H123: Constant | I123: =Common_InputFunctions.Utility_LookupN2OEFFromProdIrrigationRainfall(I125,I126,I127,Table_SourceData_Common_EFN2O[Production system only],Table_SourceData_Common_EFN2O[Irrigation method],Table_SourceData_Common_EFN2O[Rainfall zone],Table_SourceData_Common_EFN2O[EFN2O]) -> 0.007
D124: C_N2O | E124: factor to convert elemental mass of nitrous oxide to molecular mass | H124: Constant | I124: =Common_InputFunctions.Utility_LookupValueInTableNumber("N2O",Table_GasToMolecularConversionFactor[Gas],Table_GasToMolecularConversionFactor[Conversion factor combined]) -> 1.5714286
D125: j | E125: Production system | H125: Input | I125: ='Input - Fertiliser'!$E$6 -> Crop
D126: ir | E126: irrigation method | H126: Input | I126: ='Input - Fertiliser'!$E$8 -> Drip irrigation
D127: r | E127: rainfall region | H127: Input | I127: ='Input - Site'!$E$30 -> Low rainfall
D129: Table_E_ad_organic
...

Sheet 5.5.1.1-2 Leaching and runoff
A1: #VALUE! | C1: 5.5.1.1-2 Leaching and runoff
A3: =HYPERLINK("#'Home'!A1", "Home") -> Home | D3: Method 1 | N3: Method 2
A4: =HYPERLINK("#'Overview'!A1", "Overview") -> Overview
A5: =HYPERLINK("#'Results'!A1", "Results") -> Results | D5: {=Fertiliser_Equations_LeachingAndRunoff.VEERG_5_5_1_1__2_MassOfNitrogenLeachedFromInorganicFertiliser_Title()} -> Mass of nitrogen lost through leaching and runoff from inorganic fertiliser application in production system j
D6: {=Fertiliser_Equations_LeachingAndRunoff.VEERG_5_5_1_1__2_MassOfNitrogenLeachedFromInorganicFertiliser_Source()} -> VEERG 2026: 5.5, Equation (2)
A7: INPUTS | D7: Function name | E7: {=Common_InputFunctions.Utility_DisplayFunctionName(F23)} -> =Fertiliser_Equations_LeachingAndRunoff.VEERG_5_5_1_1__2_MassOfNitrogenLeachedFromInorganicFertiliser
A8: =HYPERLINK("#'Input - Site'!A1", "Site") -> Site
A9: =HYPERLINK("#'Input - Fertiliser'!A1", "Fertiliser") -> Fertiliser
D10: Variable | E10: {=Fertiliser_Equations_LeachingAndRunoff.VEERG_5_5_1_1__2_MassOfNitrogenLeachedFromInorganicFertiliser_Variable()} -> M_leachinorganicj
A11: CALCULATIONS | D11: Unit | E11: {=Fertiliser_Equations_LeachingAndRunoff.VEERG_5_5_1_1__2_MassOfNitrogenLeachedFromInorganicFertiliser_Unit()} -> kg N
A12: =HYPERLINK("#'5.1.1.1-2 Inorganic Fert N2O'!A1", "5.1.1.1-2 Inorganic Fert N2O") -> 5.1.1.1-2 Inorganic Fert N2O
A13: =HYPERLINK("#'5.1.1.3-4 Inorganic fert CO2'!A1", "5.1.1.3-4 Inorganic fert CO2") -> 5.1.1.3-4 Inorganic fert CO2 | D13: {=_xlfn.CHOOSECOLS(Fertiliser_Equations_LeachingAndRunoff.VEERG_5_5_1_1__2_MassOfNitrogenLeachedFromInorganicFertiliser_Arguments(), 1, 2)} -> MN_jf | E13: mass of nitrogen in inorganic fertiliser | G13: {=_xlfn.CHOOSECOLS(Fertiliser_Equations_LeachingAndRunoff.VEERG_5_5_1_1__2_MassOfNitrogenLeachedFromInorganicFertiliser_Arguments(), 3,4)} -> kg N | H13: Calculated from 5.1.1.1 (2) | I13: {=HYPERLINK(Common_InputFunctions.Utility_SourceHyperlink(D20), D20)} -> Table_M_leach_inorganic_j
A14: =HYPERLINK("#'5.2.1.1-2 Organic Fert N2O'!A1", "5.2.1.1-2 Organic Fert N2O") -> 5.2.1.1-2 Organic Fert N2O | D14: FracWETj | E14: fraction of N available for leaching and runoff | G14: fraction | H14: Constant | I14: {=Common_InputFunctions.CommonCropping_GetFracWET(I16,I18,Table_SourceData_FracWET[Is in leaching zone],Table_SourceData_FracWET[FracWET],Table_SourceData_FracWETIrrigation[Irrigation type i],Table_SourceData_FracWETIrrigation[FracWET])} -> 0
A15: =HYPERLINK("#'5.3.1.1-2 Lime CO2'!A1", "5.3.1.1-2 Lime CO2") -> 5.3.1.1-2 Lime CO2 | D15: FracLEACH | E15: fraction of N that is lost through leaching and runoff | G15: fraction | H15: Constant | I15: ='Constants - Fertiliser'!$E$78 -> 0.24
A16: =HYPERLINK("#'5.4.1.1-4 Atmos deposition'!A1", "5.4.1.1-4 Atmos deposition") -> 5.4.1.1-4 Atmos deposition | D16: z | E16: location in leaching zone | H16: Input | I16: ='Input - Site'!$E$23 -> NO - Not in leaching zone
A17: =HYPERLINK("#'5.5.1.1-2 Leaching and runoff'!A1", "5.5.1.1-2 Leaching and runoff") -> 5.5.1.1-2 Leaching and runoff | D17: j | E17: production system | H17: Input | I17: ='Input - Fertiliser'!$E$6 -> Crop
D18: ir | E18: irrigation method | H18: Input | I18: ='Input - Fertiliser'!$E$8 -> Drip irrigation
A19: APPENDICES
A20: =HYPERLINK("#'Constants - Fertiliser'!A1", "Constants - Fertiliser") -> Constants - Fertiliser | D20: Table_M_leach_inorganic_j
A21: =HYPERLINK("#'Constants - Common'!A1", "Constants - Common") -> Constants - Common | D21: Mass of nitrogen from inorganic fertiliser lost through leaching and runoff
D22: Fertiliser type f | E22: MNjf | F22: Mleach,inorganic,j
D23: {=Table_Fertiliser_ChemicalCompounds[Fertiliser type f]} -> Monoammonium phosphate (MAP) | E23: ='5.1.1.1-2 Inorganic fert N2O'!G19 -> 0 | F23: {=Fertiliser_Equations_LeachingAndRunoff.VEERG_5_5_1_1__2_MassOfNitrogenLeachedFromInorganicFertiliser(E23, $I$14, $I$15)} -> 0
D24: Diammonium phosphate (DAP) | E24: ='5.1.1.1-2 Inorganic fert N2O'!G20 -> 0 | F24: {=Fertiliser_Equations_LeachingAndRunoff.VEERG_5_5_1_1__2_MassOfNitrogenLeachedFromInorganicFertiliser(E24, $I$14, $I$15)} -> 0
D25: Urea | E25: ='5.1.1.1-2 Inorganic fert N2O'!G21 -> 5940 | F25: {=Fertiliser_Equations_LeachingAndRunoff.VEERG_5_5_1_1__2_MassOfNitrogenLeachedFromInorganicFertiliser(E25, $I$14, $I$15)} -> 0
D26: Sulphate of ammonia (SOA) | E26: ='5.1.1.1-2 Inorganic fert N2O'!G22 -> 0 | F26: {=Fertiliser_Equations_LeachingAndRunoff.VEERG_5_5_1_1__2_MassOfNitrogenLeachedFromInorganicFertiliser(E26, $I$14, $I$15)} -> 0
D27: Urea-ammonium nitrate (UAN) | E27: ='5.1.1.1-2 Inorganic fert N2O'!G23 -> 0 | F27: {=Fertiliser_Equations_LeachingAndRunoff.VEERG_5_5_1_1__2_MassOfNitrogenLeachedFromInorganicFertiliser(E27, $I$14, $I$15)} -> 0
D28: Ammonium nitrate (AN) | E28: ='5.1.1.1-2 Inorganic fert N2O'!G24 -> 0 | F28: {=Fertiliser_Equations_LeachingAndRunoff.VEERG_5_5_1_1__2_MassOfNitrogenLeachedFromInorganicFertiliser(E28, $I$14, $I$15)} -> 0
D29: Calcium ammonium nitrate (CAN) | E29: ='5.1.1.1-2 Inorganic fert N2O'!G25 -> 0 | F29: {=Fertiliser_Equations_LeachingAndRunoff.VEERG_5_5_1_1__2_MassOfNitrogenLeachedFromInorganicFertiliser(E29, $I$14, $I$15)} -> 0
D30: Nitrogen - Ammoniacal | E30: ='5.1.1.1-2 Inorganic fert N2O'!G26 -> 3500 | F30: {=Fertiliser_Equations_LeachingAndRunoff.VEERG_5_5_1_1__2_MassOfNitrogenLeachedFromInorganicFertiliser(E30, $I$14, $I$15)} -> 0
D31: Nitrogen - Nitrate | E31: ='5.1.1.1-2 Inorganic fert N2O'!G27 -> 1500 | F31: {=Fertiliser_Equations_LeachingAndRunoff.VEERG_5_5_1_1__2_MassOfNitrogenLeachedFromInorganicFertiliser(E31, $I$14, $I$15)} -> 0
D32: Nitrogen - Generic | E32: ='5.1.1.1-2 Inorganic fert N2O'!G28 -> 1120 | F32: {=Fertiliser_Equations_LeachingAndRunoff.VEERG_5_5_1_1__2_MassOfNitrogenLeachedFromInorganicFertiliser(E32, $I$14, $I$15)} -> 0
D33: Phosphorus - Generic | E33: ='5.1.1.1-2 Inorganic fert N2O'!G29 -> 0 | F33: {=Fertiliser_Equations_LeachingAndRunoff.VEERG_5_5_1_1__2_MassOfNitrogenLeachedFromInorganicFertiliser(E33, $I$14, $I$15)} -> 0
D34: Potassium - Generic | E34: ='5.1.1.1-2 Inorganic fert N2O'!G30 -> 0 | F34: {=Fertiliser_Equations_LeachingAndRunoff.VEERG_5_5_1_1__2_MassOfNitrogenLeachedFromInorganicFertiliser(E34, $I$14, $I$15)} -> 0
D35: Sulfur - Generic | E35: ='5.1.1.1-2 Inorganic fert N2O'!G31 -> 0 | F35: {=Fertiliser_Equations_LeachingAndRunoff.VEERG_5_5_1_1__2_MassOfNitrogenLeachedFromInorganicFertiliser(E35, $I$14, $I$15)} -> 0
... D40: Ammonia | E40: ='5.1.1.1-2 Inorganic fert N2O'!G36 -> 0 | F40: {=Fertiliser_Equations_LeachingAndRunoff.VEERG_5_5_1_1__2_MassOfNitrogenLeachedFromInorganicFertiliser(E40, $I$14, $I$15)} -> 0
D42: Mleach,inorganic,j | E42: =SUM(F23:F40) -> 0 | F42: =$E$11 -> kg N
A44: =HYPERLINK("#A1", "▲ Back to top") -> ▲ Back to top
D46: {=Fertiliser_Equations_LeachingAndRunoff.VEERG_5_5_1_1__3_MassOfNitrogenLeachedFromOrganicFertiliser_Title()} -> Mass of nitrogen lost through leaching and runoff from organic fertiliser application in production system j
D47: {=Fertiliser_Equations_LeachingAndRunoff.VEERG_5_5_1_1__3_MassOfNitrogenLeachedFromOrganicFertiliser_Source()} -> VEERG 2026: 5.5, Equation (3)
D48: Function name | E48: {=Common_InputFunctions.Utility_DisplayFunctionName(F64)} -> =Fertiliser_Equations_LeachingAndRunoff.VEERG_5_5_1_1__3_MassOfNitrogenLeachedFromOrganicFertiliser
D51: Variable | E51: {=Fertiliser_Equations_LeachingAndRunoff.VEERG_5_5_1_1__3_MassOfNitrogenLeachedFromOrganicFertiliser_Variable()} -> M_leachorganicj
D52: Unit | E52: {=Fertiliser_Equations_LeachingAndRunoff.VEERG_5_5_1_1__3_MassOfNitrogenLeachedFromOrganicFertiliser_Unit()} -> kg N
D54: {=_xlfn.CHOOSECOLS(Fertiliser_Equations_LeachingAndRunoff.VEERG_5_5_1_1__3_MassOfNitrogenLeachedFromOrganicFertiliser_Arguments(), 1, 2)} -> MNSoil_jf | E54: mass of nitrogen in organic fertiliser | G54: {=_xlfn.CHOOSECOLS(Fertiliser_Equations_LeachingAndRunoff.VEERG_5_5_1_1__3_MassOfNitrogenLeachedFromOrganicFertiliser_Arguments(), 3,4)} -> kg N | H54: Calculated from 5.2.1.1 (2) | I54: {=HYPERLINK(Common_InputFunctions.Utility_SourceHyperlink(D61), D61)} -> Table_M_leach_organic_j
D55: FracWETj | E55: fraction of N available for leaching and runoff | G55: fraction | H55: Constant | I55: {=Common_InputFunctions.CommonCropping_GetFracWET(I57,I59,Table_SourceData_FracWET[Is in leaching zone],Table_SourceData_FracWET[FracWET],Table_SourceData_FracWETIrrigation[Irrigation type i],Table_SourceData_FracWETIrrigation[FracWET])} -> 0
D56: FracLEACH | E56: fraction of N that is lost through leaching and runoff | G56: fraction | H56: Constant | I56: ='Constants - Fertiliser'!$E$78 -> 0.24
D57: z | E57: location in leaching zone | H57: Input | I57: ='Input - Site'!$E$23 -> NO - Not in leaching zone
D58: j | E58: production system | H58: Input | I58: ='Input - Fertiliser'!$E$6 -> Crop
D59: ir | E59: irrigation method | H59: Input | I59: ='Input - Fertiliser'!$E$8 -> Drip irrigation
D61: Table_M_leach_organic_j
D62: Mass of nitrogen from organic fertiliser lost through leaching and runoff
D63: Organic fertiliser type (f) | E63: MNSoiljf | F63: Mleach,organic,j
D64: ='5.2.1.1-2 Organic Fert N2O'!D20 -> Manure - Other | E64: ='5.2.1.1-2 Organic Fert N2O'!I20 -> 300 | F64: {=Fertiliser_Equations_LeachingAndRunoff.VEERG_5_5_1_1__3_MassOfNitrogenLeachedFromOrganicFertiliser(E64,$I$55, $I$56)} -> 0
D65: ='5.2.1.1-2 Organic Fert N2O'!D21 -> Manure - Poultry | E65: ='5.2.1.1-2 Organic Fert N2O'!I21 -> 250 | F65: {=Fertiliser_Equations_LeachingAndRunoff.VEERG_5_5_1_1__3_MassOfNitrogenLeachedFromOrganicFertiliser(E65,$I$55, $I$56)} -> 0
D66: ='5.2.1.1-2 Organic Fert N2O'!D22 -> 0 | E66: ='5.2.1.1-2 Organic Fert N2O'!I22 -> 0 | F66: {=Fertiliser_Equations_LeachingAndRunoff.VEERG_5_5_1_1__3_MassOfNitrogenLeachedFromOrganicFertiliser(E66,$I$55, $I$56)} -> 0
D67: ='5.2.1.1-2 Organic Fert N2O'!D23 -> 0 | E67: ='5.2.1.1-2 Organic Fert N2O'!I23 -> 0 | F67: {=Fertiliser_Equations_LeachingAndRunoff.VEERG_5_5_1_1__3_MassOfNitrogenLeachedFromOrganicFertiliser(E67,$I$55, $I$56)} -> 0
D68: ='5.2.1.1-2 Organic Fert N2O'!D24 -> 0 | E68: ='5.2.1.1-2 Organic Fert N2O'!I24 -> 0 | F68: {=Fertiliser_Equations_LeachingAndRunoff.VEERG_5_5_1_1__3_MassOfNitrogenLeachedFromOrganicFertiliser(E68,$I$55, $I$56)} -> 0
D69: ='5.2.1.1-2 Organic Fert N2O'!D25 -> 0 | E69: ='5.2.1.1-2 Organic Fert N2O'!I25 -> 0 | F69: {=Fertiliser_Equations_LeachingAndRunoff.VEERG_5_5_1_1__3_MassOfNitrogenLeachedFromOrganicFertiliser(E69,$I$55, $I$56)} -> 0
D70: ='5.2.1.1-2 Organic Fert N2O'!D26 -> 0 | E70: ='5.2.1.1-2 Organic Fert N2O'!I26 -> 0 | F70: {=Fertiliser_Equations_LeachingAndRunoff.VEERG_5_5_1_1__3_MassOfNitrogenLeachedFromOrganicFertiliser(E70,$I$55, $I$56)} -> 0
D71: ='5.2.1.1-2 Organic Fert N2O'!D27 -> 0 | E71: ='5.2.1.1-2 Organic Fert N2O'!I27 -> 0 | F71: {=Fertiliser_Equations_LeachingAndRunoff.VEERG_5_5_1_1__3_MassOfNitrogenLeachedFromOrganicFertiliser(E71,$I$55, $I$56)} -> 0
D72: ='5.2.1.1-2 Organic Fert N2O'!D28 -> 0 | E72: ='5.2.1.1-2 Organic Fert N2O'!I28 -> 0 | F72: {=Fertiliser_Equations_LeachingAndRunoff.VEERG_5_5_1_1__3_MassOfNitrogenLeachedFromOrganicFertiliser(E72,$I$55, $I$56)} -> 0
D73: ='5.2.1.1-2 Organic Fert N2O'!D29 -> 0 | E73: ='5.2.1.1-2 Organic Fert N2O'!I29 -> 0 | F73: {=Fertiliser_Equations_LeachingAndRunoff.VEERG_5_5_1_1__3_MassOfNitrogenLeachedFromOrganicFertiliser(E73,$I$55, $I$56)} -> 0
D74: ='5.2.1.1-2 Organic Fert N2O'!D30 -> 0 | E74: ='5.2.1.1-2 Organic Fert N2O'!I30 -> 0 | F74: {=Fertiliser_Equations_LeachingAndRunoff.VEERG_5_5_1_1__3_MassOfNitrogenLeachedFromOrganicFertiliser(E74,$I$55, $I$56)} -> 0
D76: Mleach,organic,j | E76: =SUM(F64:F74) -> 0 | F76: =$E$52 -> kg N
A78: =HYPERLINK("#A1", "▲ Back to top") -> ▲ Back to top
D80: {=Fertiliser_Equations_LeachingAndRunoff.VEERG_5_5_1_1__1_FertiliserLeachingAndRunoffN2OEmissions_Title()} -> Nitrous oxide emissions from nitrogen leaching and runoff from the application of all fertilisers across all production systems j
D81: {=Fertiliser_Equations_LeachingAndRunoff.VEERG_5_5_1_1__1_FertiliserLeachingAndRunoffN2OEmissions_Source()} -> VEERG 2026: 5.5, Equation (1)
D82: Function name | E82: {=Common_InputFunctions.Utility_DisplayFunctionName(E93)} -> =Fertiliser_Equations_LeachingAndRunoff.VEERG_5_5_1_1__1_FertiliserLeachingAndRunoffN2OEmissions
D85: Variable | E85: {=Fertiliser_Equations_LeachingAndRunoff.VEERG_5_5_1_1__1_FertiliserLeachingAndRunoffN2OEmissions_Variable()} -> E_fertleach
D86: Unit | E86: {=Fertiliser_Equations_LeachingAndRunoff.VEERG_5_5_1_1__1_FertiliserLeachingAndRunoffN2OEmissions_Unit()} -> t N2O
D88: {=_xlfn.CHOOSECOLS(Fertiliser_Equations_LeachingAndRunoff.VEERG_5_5_1_1__1_FertiliserLeachingAndRunoffN2OEmissions_Arguments(), 1, 2)} -> M_leachinorganicj | E88: mass of nitrogen lost through leaching and runoff from inorganic fertiliser application in production system j | H88: {=_xlfn.CHOOSECOLS(Fertiliser_Equations_LeachingAndRunoff.VEERG_5_5_1_1__1_FertiliserLeachingAndRunoffN2OEmissions_Arguments(), 3,4)} -> kg N | I88: Calculated from 5.5.1.1 (2) | J88: =$E$42 -> 0
D89: M_leachorganicj | E89: mass of nitrogen lost through leaching and runoff from organic fertiliser application | H89: kg N | I89: Calculated from 5.5.1.1 (3) | J89: =$E$76 -> 0
D90: EF_leach | E90: emission factor for nitrogen leaching and runoff | H90: kg N2O-N/kg N | I90: Constant | J90: ='Constants - Fertiliser'!$E$83 -> 0.011
D91: C_N2O | E91: factor to convert elemental mass of nitrous oxide to molecular mass | I91: Constant | J91: =Common_InputFunctions.Utility_LookupValueInTableNumber("N2O",Table_GasToMolecularConversionFactor[Gas],Table_GasToMolecularConversionFactor[Conversion factor combined]) -> 1.5714286
D93: Efert,leach | E93: {=Fertiliser_Equations_LeachingAndRunoff.VEERG_5_5_1_1__1_FertiliserLeachingAndRunoffN2OEmissions(J88,J89,J90,J91)} -> 0 | F93: =$E$86 -> t N2O
D95: {=Common_Equations.Common_ConvertN2OToCO2e_Arguments()} -> EN2O | E95: Nitrous oxide emissions (t N2O) | G95: =E93 -> 0
D96: GWPN2O | E96: Global warming potential for nitrous oxide (t CO2-e / t N2O) | G96: =Common_InputFunctions.Utility_LookupValueInTableNumber("N2O",Table_GWPData[Gas],Table_GWPData[CO2-e factor]) -> 265
D98: ECO2e | E98: {=Common_Equations.Common_ConvertN2OToCO2e(G95,G96)} -> 0 | F98: {=Common_Equations.Common_ConvertN2OToCO2e_Unit()} -> t CO2e

Sheet Constants - Fertiliser
A1: #VALUE! | C1: Constants - Fertiliser
A3: =HYPERLINK("#'Home'!A1", "Home") -> Home
A4: =HYPERLINK("#'Overview'!A1", "Overview") -> Overview
A5: =HYPERLINK("#'Results'!A1", "Results") -> Results | D5: {=Fertiliser_SourceData.Fertiliser_ChemicalCompoundElements_Title()} -> Common inorganic fertilisers
D6: {=Fertiliser_SourceData.Fertiliser_ChemicalCompoundElements_Source()} -> Table A.2.2.3: Fraction of nitrogen in common inorganic fertilisers (kgN/kg) (FNorganic,f) AND Table A.2.2.4: Fraction of urea in common inorganic fertilisers (kg urea/kg) (FUf)
A7: INPUTS | D7: {=Fertiliser_SourceData.Fertiliser_ChemicalCompoundElements_Variation()} -> VARIATION ON SOURCE
A8: =HYPERLINK("#'Input - Site'!A1", "Site") -> Site | D8: Added 'Basis' column to allow cross-referencing with table Table A.2.2.6: Fraction of inorganic fertiliser f that volatilises as NH3 and NOx ((kg NH3-N + NOx-N)/kg N) (FracGASFf)
A9: =HYPERLINK("#'Input - Fertiliser'!A1", "Fertiliser") -> Fertiliser | D9: Added extra fertiliser types and generic chemical compounds to allow for custom NPKS blends
D10: Added extra 'Scope 3 definition' column to allow mapping with scope 3 data
A11: CALCULATIONS | D11: Added 'Source' column
A12: =HYPERLINK("#'5.1.1.1-2 Inorganic Fert N2O'!A1", "5.1.1.1-2 Inorganic Fert N2O") -> 5.1.1.1-2 Inorganic Fert N2O | D12: Combined data from Table A.2.2.3 and Table A.2.2.4 into one table to aid lookup.
A13: =HYPERLINK("#'5.1.1.3-4 Inorganic fert CO2'!A1", "5.1.1.3-4 Inorganic fert CO2") -> 5.1.1.3-4 Inorganic fert CO2 | D13: Excluded 'References' column
A14: =HYPERLINK("#'5.2.1.1-2 Organic Fert N2O'!A1", "5.2.1.1-2 Organic Fert N2O") -> 5.2.1.1-2 Organic Fert N2O | D14: Excluded 'Ammonium sulfate' as it is a duplicate of 'Sulphate of ammonia (SOA)'
A15: =HYPERLINK("#'5.3.1.1-2 Lime CO2'!A1", "5.3.1.1-2 Lime CO2") -> 5.3.1.1-2 Lime CO2 | D15: Excluded 'Calcium nitrate' as no scope 3 value available.
A16: =HYPERLINK("#'5.4.1.1-4 Atmos deposition'!A1", "5.4.1.1-4 Atmos deposition") -> 5.4.1.1-4 Atmos deposition | D16: Set 'Nitrogen - Generic' basis as 'Urea-based fertilisers, as urea is the most commonly used form of nitrogen in Australian fertilisers
