Workbook
Name AgResidue_Equations_FieldBurning.VEERG_6_4_1_1__1__MethaneEmissionsFromBurningOfCropResidues: _xlfn.LAMBDA(_xlpm.Mburnc,_xlpm.CCc,_xlpm.EFCH4,_xlpm.C_CH4, _xlpm.Mburnc * _xlpm.CCc * _xlpm.EFCH4 * _xlpm.C_CH4 * 10 ^ (-3))
Name AgResidue_Equations_FieldBurning.VEERG_6_4_1_1__1__MethaneEmissionsFromBurningOfCropResidues_FunctionName: _xlfn.LAMBDA("VEERG_6_4_1_1__1__MethaneEmissionsFromBurningOfCropResidues")
Name AgResidue_Equations_FieldBurning.VEERG_6_4_1_1__1__MethaneEmissionsFromBurningOfCropResidues_LatexEquation: _xlfn.LAMBDA("E_{CH4}=\sum_{c}(M_{burn,c}\times CC_{c}\times EF_{CH4}\times C_{CH4}\times 10^{-3})")
Name AgResidue_Equations_FieldBurning.VEERG_6_4_1_1__1__MethaneEmissionsFromBurningOfCropResidues_NIRReference: _xlfn.LAMBDA("")
Name AgResidue_Equations_FieldBurning.VEERG_6_4_1_1__1__MethaneEmissionsFromBurningOfCropResidues_Source: _xlfn.LAMBDA("VEERG 2026: 6.4.1.1, Equation (1)")
Name AgResidue_Equations_FieldBurning.VEERG_6_4_1_1__1__MethaneEmissionsFromBurningOfCropResidues_Title: _xlfn.LAMBDA("Methane emissions from the burning of crop residues")
Name AgResidue_Equations_FieldBurning.VEERG_6_4_1_1__1__MethaneEmissionsFromBurningOfCropResidues_Unit: _xlfn.LAMBDA("t CH4")
Name AgResidue_Equations_FieldBurning.VEERG_6_4_1_1__1__MethaneEmissionsFromBurningOfCropResidues_Variable: _xlfn.LAMBDA("ECH4")
Name AgResidue_Equations_FieldBurning.VEERG_6_4_1_1__2__NitrousOxideEmissionsFromBurningOfCropResidues: _xlfn.LAMBDA(_xlpm.Mburnc,_xlpm.NCAGc,_xlpm.EFN2O,_xlpm.CN2O, _xlpm.Mburnc * _xlpm.NCAGc * _xlpm.EFN2O * _xlpm.CN2O * 10 ^ (-3))
Name AgResidue_Equations_FieldBurning.VEERG_6_4_1_1__2__NitrousOxideEmissionsFromBurningOfCropResidues_FunctionName: _xlfn.LAMBDA("VEERG_6_4_1_1__2__NitrousOxideEmissionsFromBurningOfCropResidues")
Name AgResidue_Equations_FieldBurning.VEERG_6_4_1_1__2__NitrousOxideEmissionsFromBurningOfCropResidues_LatexEquation: _xlfn.LAMBDA("E_{N2O}=\sum_{c}(M_{burn,c}\times NC_{AGc}\times EF_{N2O}\times C_{N2O}\times 10^{-3})")
Name AgResidue_Equations_FieldBurning.VEERG_6_4_1_1__2__NitrousOxideEmissionsFromBurningOfCropResidues_NIRReference: _xlfn.LAMBDA("")
Name AgResidue_Equations_FieldBurning.VEERG_6_4_1_1__2__NitrousOxideEmissionsFromBurningOfCropResidues_Source: _xlfn.LAMBDA("VEERG 2026: 6.4.1.1, Equation (2)")
Name AgResidue_Equations_FieldBurning.VEERG_6_4_1_1__2__NitrousOxideEmissionsFromBurningOfCropResidues_Title: _xlfn.LAMBDA("Nitrous oxide emissions from the burning of crop residues")
Name AgResidue_Equations_FieldBurning.VEERG_6_4_1_1__2__NitrousOxideEmissionsFromBurningOfCropResidues_Unit: _xlfn.LAMBDA("t N2O")
Name AgResidue_Equations_FieldBurning.VEERG_6_4_1_1__2__NitrousOxideEmissionsFromBurningOfCropResidues_Variable: _xlfn.LAMBDA("EN2O")
Name AgResidue_Equations_FieldBurning.VEERG_6_4_1_1__3__MassOfCropResidueBurnt: _xlfn.LAMBDA(_xlpm.Pc,_xlpm.RAGc,_xlpm.Sc,_xlpm.DMc,_xlpm.Zc,_xlpm.Fc, _xlpm.Pc * _xlpm.RAGc * _xlpm.Sc * _xlpm.DMc * _xlpm.Zc * _xlpm.Fc)
Name AgResidue_Equations_FieldBurning.VEERG_6_4_1_1__3__MassOfCropResidueBurnt_FunctionName: _xlfn.LAMBDA("VEERG_6_4_1_1__3__MassOfCropResidueBurnt")
Name AgResidue_Equations_FieldBurning.VEERG_6_4_1_1__3__MassOfCropResidueBurnt_LatexEquation: _xlfn.LAMBDA("M_{burn,c}=P_{c}\times R_{AGc}\times S_{c}\times DM_{c}\times Z_{c}\times F_{c}")
Name AgResidue_Equations_FieldBurning.VEERG_6_4_1_1__3__MassOfCropResidueBurnt_NIRReference: _xlfn.LAMBDA("")
Name AgResidue_Equations_FieldBurning.VEERG_6_4_1_1__3__MassOfCropResidueBurnt_Source: _xlfn.LAMBDA("VEERG 2026: 6.4.1.1, Equation (3)")
Name AgResidue_Equations_FieldBurning.VEERG_6_4_1_1__3__MassOfCropResidueBurnt_Title: _xlfn.LAMBDA("Mass of residue of crop c burnt")
Name AgResidue_Equations_FieldBurning.VEERG_6_4_1_1__3__MassOfCropResidueBurnt_Unit: _xlfn.LAMBDA("kg")
Name AgResidue_Equations_FieldBurning.VEERG_6_4_1_1__3__MassOfCropResidueBurnt_Variable: _xlfn.LAMBDA("Mburnc")
Name AgResidues_Equations_CropResidues.VEERG_6_1_1_1__1__NitrousOxideEmissionsFromCropResidues: _xlfn.LAMBDA(_xlpm.Mc,_xlpm.EFNi,_xlpm.CgN2O, _xlpm.Mc * _xlpm.EFNi * _xlpm.CgN2O * 10 ^ (-3))
Name AgResidues_Equations_CropResidues.VEERG_6_1_1_1__1__NitrousOxideEmissionsFromCropResidues_FunctionName: _xlfn.LAMBDA("VEERG_6_1_1_1__1__NitrousOxideEmissionsFromCropResidues")
Name AgResidues_Equations_CropResidues.VEERG_6_1_1_1__1__NitrousOxideEmissionsFromCropResidues_LatexEquation: _xlfn.LAMBDA("E=\sum_{c}{M_{c}\times EF_{N}\times C_{g,N2O}\times 10^{-3}}")
Name AgResidues_Equations_CropResidues.VEERG_6_1_1_1__1__NitrousOxideEmissionsFromCropResidues_NIRReference: _xlfn.LAMBDA("")
Name AgResidues_Equations_CropResidues.VEERG_6_1_1_1__1__NitrousOxideEmissionsFromCropResidues_Source: _xlfn.LAMBDA("VEERG 2026: 6.1.1.1, Equation (1)")
Name AgResidues_Equations_CropResidues.VEERG_6_1_1_1__1__NitrousOxideEmissionsFromCropResidues_Title: _xlfn.LAMBDA("Nitrous oxide emissions from the return of crop residues across all crops c to the soil")
Name AgResidues_Equations_CropResidues.VEERG_6_1_1_1__1__NitrousOxideEmissionsFromCropResidues_Unit: _xlfn.LAMBDA("t N2O")
Name AgResidues_Equations_CropResidues.VEERG_6_1_1_1__1__NitrousOxideEmissionsFromCropResidues_Variable: _xlfn.LAMBDA("E")
Name AgResidues_Equations_CropResidues.VEERG_6_1_1_1__2__MassOfNitrogenInCropResidues_LatexEquation: _xlfn.LAMBDA("M_{c}=(P_{c}\times R_{AGc}\times(1-F_{c}-FFOD_{c})\times DM_{c}\times NC_{AGc})+(P_{c}\times R_{AGc}\times R_{BGc}\times DM_{c}\times NC_{BGc})")
Name AgResidues_Equations_CropResidues.VEERG_6_1_1_1__2__MassOfNitrogenInCropResidues_NIRReference: _xlfn.LAMBDA("")
Name AgResidues_Equations_CropResidues.VEERG_6_1_1_1__2__MassOfNitrogenInCropResidues_Source: _xlfn.LAMBDA("VEERG 2026: 6.1.1.1, Equation (2)")
Name AgResidues_Equations_CropResidues.VEERG_6_1_1_1__2__MassOfNitrogenInCropResidues_Title: _xlfn.LAMBDA("Mass of nitrogen in crop residues returned to the soil")
Name AgResidues_Equations_CropResidues.VEERG_6_1_1_1__2__MassOfNitrogenInCropResidues_Unit: _xlfn.LAMBDA("kg N")
Name AgResidues_Equations_CropResidues.VEERG_6_1_1_1__2__MassOfNitrogenInCropResidues_Variable: _xlfn.LAMBDA("Mc")
Name AgResidues_Equations_CropResidues.VEERG_6_1_1_2__1__FractionOfCropResidueRemovedBaled: _xlfn.LAMBDA(_xlpm.B,_xlpm.MB,_xlpm.Pc,_xlpm.RAGc, IFERROR((_xlpm.B * _xlpm.MB) / (_xlpm.Pc * _xlpm.RAGc), 0))
Name AgResidues_Equations_CropResidues.VEERG_6_1_1_2__1__FractionOfCropResidueRemovedBaled_LatexEquation: _xlfn.LAMBDA("FFOD_{c,baled}=\frac{B\times M_{B}}{P_{c}\times R_{AG,c}}")
Name AgResidues_Equations_CropResidues.VEERG_6_1_1_2__1__FractionOfCropResidueRemovedBaled_NIRReference: _xlfn.LAMBDA("")
Name AgResidues_Equations_CropResidues.VEERG_6_1_1_2__1__FractionOfCropResidueRemovedBaled_Source: _xlfn.LAMBDA("VEERG 2026: 6.1.1.2, Equation (1)")
Name AgResidues_Equations_CropResidues.VEERG_6_1_1_2__1__FractionOfCropResidueRemovedBaled_Title: _xlfn.LAMBDA("Fraction of crop residue that is removed for crop c, calculated where residues are baled")
Name AgResidues_Equations_CropResidues.VEERG_6_1_1_2__1__FractionOfCropResidueRemovedBaled_Unit: _xlfn.LAMBDA("dimensionless")
Name AgResidues_Equations_CropResidues.VEERG_6_1_1_2__1__FractionOfCropResidueRemovedBaled_Variable: _xlfn.LAMBDA("FFODcbaled")
Name AgResidues_Equations_CropResidues.VEERG_6_1_1_2__1__FractionOfCropResidueRemovedBaled_Variation: _xlfn.LAMBDA("VARIATION FROM SOURCE: Added 'baled' to variable subscript")
Name AgResidues_Equations_CropResidues.VEERG_6_1_1_2__1a__FractionOfCropResidueRemoved: _xlfn.LAMBDA(_xlpm.FFODcbaled,_xlpm.FFODcother, _xlpm.FFODcbaled + _xlpm.FFODcother)
Name AgResidues_Equations_CropResidues.VEERG_6_1_1_2__1a__FractionOfCropResidueRemoved_LatexEquation: _xlfn.LAMBDA("FFOD_{c} = FFOD_{c,baled} + FFOD_{c,other}")
Name AgResidues_Equations_CropResidues.VEERG_6_1_1_2__1a__FractionOfCropResidueRemoved_NIRReference: _xlfn.LAMBDA("")
Name AgResidues_Equations_CropResidues.VEERG_6_1_1_2__1a__FractionOfCropResidueRemoved_Source: _xlfn.LAMBDA("")
Name AgResidues_Equations_CropResidues.VEERG_6_1_1_2__1a__FractionOfCropResidueRemoved_Title: _xlfn.LAMBDA("Fraction of crop residue that is removed for crop c")
Name AgResidues_Equations_CropResidues.VEERG_6_1_1_2__1a__FractionOfCropResidueRemoved_Unit: _xlfn.LAMBDA("dimensionless")
Name AgResidues_Equations_CropResidues.VEERG_6_1_1_2__1a__FractionOfCropResidueRemoved_Variable: _xlfn.LAMBDA("FFODc")
Name AgResidues_Equations_CropResidues.VEERG_6_1_1_2__1a__FractionOfCropResidueRemoved_Variation: _xlfn.LAMBDA("VARIATION FROM SOURCE: Added this equation to accommodate user-defined residue removal other than baling.")
Name AgResidues_Equations_Leaching.VEERG_6_3_1_1__1__LeachingAndRunoffEmissionsCropAndPastureResidue: _xlfn.LAMBDA(_xlpm.Mleachcp,_xlpm.EFleach,_xlpm.CgN2O, _xlpm.Mleachcp * _xlpm.EFleach * _xlpm.CgN2O * 10 ^ (-3))
Name AgResidues_Equations_Leaching.VEERG_6_3_1_1__1__LeachingAndRunoffEmissionsCropAndPastureResidue_LatexEquation: _xlfn.LAMBDA("E_{N2O}=\sum_{c}\sum_{p}(M_{leach,cp}\times EF_{leach}\times Cg_{N2O}\times 10^{-3})")
Name AgResidues_Equations_Leaching.VEERG_6_3_1_1__1__LeachingAndRunoffEmissionsCropAndPastureResidue_NIRReference: _xlfn.LAMBDA("")
Name AgResidues_Equations_Leaching.VEERG_6_3_1_1__1__LeachingAndRunoffEmissionsCropAndPastureResidue_Source: _xlfn.LAMBDA("VEERG 2026: 6.3.1.1, Equation (1)")
Name AgResidues_Equations_Leaching.VEERG_6_3_1_1__1__LeachingAndRunoffEmissionsCropAndPastureResidue_Title: _xlfn.LAMBDA("Nitrous oxide leaching and runoff emissions from crop and pasture residues returned to the soil")
Name AgResidues_Equations_Leaching.VEERG_6_3_1_1__1__LeachingAndRunoffEmissionsCropAndPastureResidue_Unit: _xlfn.LAMBDA("t N2O")

Sheet Constants - Poultry
A1: #VALUE! | C1: Constants - Poultry
A3: =HYPERLINK("#'Home'!A1", "Home") -> Home
A4: =HYPERLINK("#'Overview'!A1", "Overview") -> Overview
A5: =HYPERLINK("#'Results'!A1", "Results") -> Results | D5: {=SourceData_Poultry.SourceData_Poultry_DietProperties_Title()} -> Poultry - Diet properties
D6: {=SourceData_Poultry.SourceData_Poultry_DietProperties_Source()} -> VEERG 2026: Table A.1.7.1: Poultry - Diet properties
A7: INPUTS
A8: =HYPERLINK("#'Input - Site'!A1", "Site") -> Site | D8: Nutrient analysis | E8: Layers | F8: Meat chicken growers | G8: Meat chicken breeder | H8: Meat other
A9: =HYPERLINK("#'Input - Poultry'!A1", "Poultry") -> Poultry | D9: {=Common_InputFunctions.Utility_DisplayArrayInTable(SourceData_Poultry.SourceData_Poultry_DietProperties_Data(), Table_SourceData_Poultry_DietProperties[[#Headers],[Nutrient analysis]], 0)} -> Dry matter intake (kg/head/day) | E9: {=Common_InputFunctions.Utility_DisplayArrayInTable(SourceData_Poultry.SourceData_Poultry_DietProperties_Data(), Table_SourceData_Poultry_DietProperties[[#Headers],[Nutrient analysis]], 0)} -> 0.086 | F9: {=Common_InputFunctions.Utility_DisplayArrayInTable(SourceData_Poultry.SourceData_Poultry_DietProperties_Data(), Table_SourceData_Poultry_DietProperties[[#Headers],[Nutrient analysis]], 0)} -> 0.093 | G9: {=Common_InputFunctions.Utility_DisplayArrayInTable(SourceData_Poultry.SourceData_Poultry_DietProperties_Data(), Table_SourceData_Poultry_DietProperties[[#Headers],[Nutrient analysis]], 0)} -> 0.103 | H9: {=Common_InputFunctions.Utility_DisplayArrayInTable(SourceData_Poultry.SourceData_Poultry_DietProperties_Data(), Table_SourceData_Poultry_DietProperties[[#Headers],[Nutrient analysis]], 0)} -> 0.093
D10: {=Common_InputFunctions.Utility_DisplayArrayInTable(SourceData_Poultry.SourceData_Poultry_DietProperties_Data(), Table_SourceData_Poultry_DietProperties[[#Headers],[Nutrient analysis]], 0)} -> Dry matter digestibility | E10: {=Common_InputFunctions.Utility_DisplayArrayInTable(SourceData_Poultry.SourceData_Poultry_DietProperties_Data(), Table_SourceData_Poultry_DietProperties[[#Headers],[Nutrient analysis]], 0)} -> 0.8 | F10: {=Common_InputFunctions.Utility_DisplayArrayInTable(SourceData_Poultry.SourceData_Poultry_DietProperties_Data(), Table_SourceData_Poultry_DietProperties[[#Headers],[Nutrient analysis]], 0)} -> 0.8 | G10: {=Common_InputFunctions.Utility_DisplayArrayInTable(SourceData_Poultry.SourceData_Poultry_DietProperties_Data(), Table_SourceData_Poultry_DietProperties[[#Headers],[Nutrient analysis]], 0)} -> 0.8 | H10: {=Common_InputFunctions.Utility_DisplayArrayInTable(SourceData_Poultry.SourceData_Poultry_DietProperties_Data(), Table_SourceData_Poultry_DietProperties[[#Headers],[Nutrient analysis]], 0)} -> 0.8
A11: CALCULATIONS | D11: {=Common_InputFunctions.Utility_DisplayArrayInTable(SourceData_Poultry.SourceData_Poultry_DietProperties_Data(), Table_SourceData_Poultry_DietProperties[[#Headers],[Nutrient analysis]], 0)} -> Crude protein | E11: {=Common_InputFunctions.Utility_DisplayArrayInTable(SourceData_Poultry.SourceData_Poultry_DietProperties_Data(), Table_SourceData_Poultry_DietProperties[[#Headers],[Nutrient analysis]], 0)} -> 0.19 | F11: {=Common_InputFunctions.Utility_DisplayArrayInTable(SourceData_Poultry.SourceData_Poultry_DietProperties_Data(), Table_SourceData_Poultry_DietProperties[[#Headers],[Nutrient analysis]], 0)} -> 0.23 | G11: {=Common_InputFunctions.Utility_DisplayArrayInTable(SourceData_Poultry.SourceData_Poultry_DietProperties_Data(), Table_SourceData_Poultry_DietProperties[[#Headers],[Nutrient analysis]], 0)} -> 0.19 | H11: {=Common_InputFunctions.Utility_DisplayArrayInTable(SourceData_Poultry.SourceData_Poultry_DietProperties_Data(), Table_SourceData_Poultry_DietProperties[[#Headers],[Nutrient analysis]], 0)} -> 0.23
A12: =HYPERLINK("#'4.6.1.1-2 Methane'!A1", "4.6.1.1-2 Methane") -> 4.6.1.1-2 Methane | D12: {=Common_InputFunctions.Utility_DisplayArrayInTable(SourceData_Poultry.SourceData_Poultry_DietProperties_Data(), Table_SourceData_Poultry_DietProperties[[#Headers],[Nutrient analysis]], 0)} -> Nitrogen retention rate | E12: {=Common_InputFunctions.Utility_DisplayArrayInTable(SourceData_Poultry.SourceData_Poultry_DietProperties_Data(), Table_SourceData_Poultry_DietProperties[[#Headers],[Nutrient analysis]], 0)} -> 0.35 | F12: {=Common_InputFunctions.Utility_DisplayArrayInTable(SourceData_Poultry.SourceData_Poultry_DietProperties_Data(), Table_SourceData_Poultry_DietProperties[[#Headers],[Nutrient analysis]], 0)} -> 0.47 | G12: {=Common_InputFunctions.Utility_DisplayArrayInTable(SourceData_Poultry.SourceData_Poultry_DietProperties_Data(), Table_SourceData_Poultry_DietProperties[[#Headers],[Nutrient analysis]], 0)} -> 0.32 | H12: {=Common_InputFunctions.Utility_DisplayArrayInTable(SourceData_Poultry.SourceData_Poultry_DietProperties_Data(), Table_SourceData_Poultry_DietProperties[[#Headers],[Nutrient analysis]], 0)} -> 0.47
A13: =HYPERLINK("#'4.6.1.3-4 Direct N20'!A1", "4.6.1.3-4 Direct N2O") -> 4.6.1.3-4 Direct N2O | D13: {=Common_InputFunctions.Utility_DisplayArrayInTable(SourceData_Poultry.SourceData_Poultry_DietProperties_Data(), Table_SourceData_Poultry_DietProperties[[#Headers],[Nutrient analysis]], 0)} -> Manure ash | E13: {=Common_InputFunctions.Utility_DisplayArrayInTable(SourceData_Poultry.SourceData_Poultry_DietProperties_Data(), Table_SourceData_Poultry_DietProperties[[#Headers],[Nutrient analysis]], 0)} -> 0.18 | F13: {=Common_InputFunctions.Utility_DisplayArrayInTable(SourceData_Poultry.SourceData_Poultry_DietProperties_Data(), Table_SourceData_Poultry_DietProperties[[#Headers],[Nutrient analysis]], 0)} -> 0.15 | G13: {=Common_InputFunctions.Utility_DisplayArrayInTable(SourceData_Poultry.SourceData_Poultry_DietProperties_Data(), Table_SourceData_Poultry_DietProperties[[#Headers],[Nutrient analysis]], 0)} -> 0.18 | H13: {=Common_InputFunctions.Utility_DisplayArrayInTable(SourceData_Poultry.SourceData_Poultry_DietProperties_Data(), Table_SourceData_Poultry_DietProperties[[#Headers],[Nutrient analysis]], 0)} -> 0.15
A14: =HYPERLINK("#'4.6.1.5-6 Atmos Dep'!A1", "4.6.1.5-6 Atmospheric deposition") -> 4.6.1.5-6 Atmospheric deposition
A15: =HYPERLINK("#'4.6.1.7-8 Leaching and runoff'!A1", "4.6.1.7-8 Leaching & runoff") -> 4.6.1.7-8 Leaching & runoff
A16: =HYPERLINK("#'4.6.1.9 Manure applied to soils'!A1", "4.6.1.9 Manure applied to soils") -> 4.6.1.9 Manure applied to soils
A17: =HYPERLINK("#'4.6.1.10-11 Soil direct N2O'!A1", "4.6.1.10-11 Soil direct N2O") -> 4.6.1.10-11 Soil direct N2O | D17: {=SourceData_Poultry.SourceData_Poultry_MethaneEmissionsPotential_Title()} -> Poultry - Methane emissions potential per class
A18: =HYPERLINK("#'4.6.1.12-13 Soil atmos dep'!A1", "4.6.1.12-13 Soil Atm. deposition") -> 4.6.1.12-13 Soil Atm. deposition | D18: {=SourceData_Poultry.SourceData_Poultry_MethaneEmissionsPotential_Source()} -> VEERG 2026: 4.6.2.3 CONSTANT: Poultry - Methane emissions potential per class
A19: =HYPERLINK("#'4.6.1.14-15 Soil leach runoff'!A1", "4.6.1.14-15 Soil leach & runoff") -> 4.6.1.14-15 Soil leach & runoff | D19: Poultry class | E19: B0
D20: {=Common_InputFunctions.Utility_DisplayArrayInTable(SourceData_Poultry.SourceData_Poultry_MethaneEmissionsPotential_Data(), Table_SourceData_Poultry_MethaneEmissionsPotential[[#Headers],[Poultry class]], 0)} -> Layers | E20: {=Common_InputFunctions.Utility_DisplayArrayInTable(SourceData_Poultry.SourceData_Poultry_MethaneEmissionsPotential_Data(), Table_SourceData_Poultry_MethaneEmissionsPotential[[#Headers],[Poultry class]], 0)} -> 0.39
A21: APPENDICES | D21: {=Common_InputFunctions.Utility_DisplayArrayInTable(SourceData_Poultry.SourceData_Poultry_MethaneEmissionsPotential_Data(), Table_SourceData_Poultry_MethaneEmissionsPotential[[#Headers],[Poultry class]], 0)} -> Meat chickens | E21: {=Common_InputFunctions.Utility_DisplayArrayInTable(SourceData_Poultry.SourceData_Poultry_MethaneEmissionsPotential_Data(), Table_SourceData_Poultry_MethaneEmissionsPotential[[#Headers],[Poultry class]], 0)} -> 0.36
A22: =HYPERLINK("#'Constants - Poultry'!A1", "Constants - Poultry") -> Constants - Poultry
A23: =HYPERLINK("#'Constants - Livestock'!A1", "Constants - Livestock") -> Constants - Livestock
A24: =HYPERLINK("#'Constants - Common'!A1", "Constants - Common") -> Constants - Common
D26: Poultry manure management systems | G26: Poultry manure management systems - Stage 1 | J26: Poultry manure management systems - Stage 2
D28: MMS | E28: Symbol and MMS | G28: MMS | H28: Symbol and MMS | J28: MMS | K28: Symbol and MMS
D29: Poultry manure with bedding | E29: Poultry manure with bedding (m=10) | G29: Poultry manure with bedding | H29: Poultry manure with bedding (m=10) | J29: Solid storage | K29: Solid storage (m=4)
D30: Belt manure removal | E30: Belt manure removal (m=11a) | G30: Belt manure removal | H30: Belt manure removal (m=11a) | J30: Composting (passive windrow) | K30: Composting (passive windrow) (m=6)
D31: Manure stored in house | E31: Manure stored in house (m=11b) | G31: Manure stored in house | H31: Manure stored in house (m=11b) | J31: Digester / covered lagoons | K31: Digester / covered lagoons (m=7)
D32: Pasture range and paddock | E32: Pasture range and paddock (m=14) | G32: Pasture range and paddock | H32: Pasture range and paddock (m=14) | J32: Direct processing | K32: Direct processing (m=12)
D33: Solid storage | E33: Solid storage (m=4) | G33: No MMS | H33: No MMS | J33: Direct application | K33: Direct application (m=13)
D34: Composting (passive windrow) | E34: Composting (passive windrow) (m=6) | J34: No MMS | K34: No MMS
D35: Digester / covered lagoons | E35: Digester / covered lagoons (m=7)
D36: Direct processing | E36: Direct processing (m=12)
D37: Direct application | E37: Direct application (m=13)
D38: No MMS | E38: No MMS
D42: Poultry production systems
D44: Production system
D45: {=Common_InputFunctions.Utility_DisplayArrayInTable(SourceData_Poultry.SourceData_Poultry_ProductionSystems_Data(), Table_SourceData_Poultry_ProductionSystems[[#Headers],[Production system]], 0)} -> Free range
D46: {=Common_InputFunctions.Utility_DisplayArrayInTable(SourceData_Poultry.SourceData_Poultry_ProductionSystems_Data(), Table_SourceData_Poultry_ProductionSystems[[#Headers],[Production system]], 0)} -> Barn
D47: {=Common_InputFunctions.Utility_DisplayArrayInTable(SourceData_Poultry.SourceData_Poultry_ProductionSystems_Data(), Table_SourceData_Poultry_ProductionSystems[[#Headers],[Production system]], 0)} -> Cage
D51: {=SourceData_Poultry.SourceData_Poultry_MCF_Title()} -> Poultry - MCFs
D52: {=SourceData_Poultry.SourceData_Poultry_MCF_Source()} -> VEERG 2026: Table A.1.7.4: Poultry - MCFs
D53: {=SourceData_Poultry.SourceData_Poultry_MCF_Variation()} -> VARIATION ON SOURCE:
D54: Split NSW and ACT into separate states. Split QLD and NT into separate states.
D55: Included values for each state when 'All states' value is given.
D56: Added 'NIR definition' column with MMS names that match NIR definitions.
D57: Duplicated 'Poultry manure without litter' row for NIR MMS 'Belt manure removal' and 'Manure stored in house'
D59: MMS m | E59: All states | F59: NSW | G59: ACT | H59: QLD | I59: NT | J59: VIC | K59: SA | L59: WA | M59: TAS | N59: NIR definition
D60: {=Common_InputFunctions.Utility_DisplayArrayInTable(SourceData_Poultry.SourceData_Poultry_MCF_Data(), Table_SourceData_Poultry_MMSMCF[[#Headers],[MMS m]], 0)} -> Poultry manure with litter | E60: {=Common_InputFunctions.Utility_DisplayArrayInTable(SourceData_Poultry.SourceData_Poultry_MCF_Data(), Table_SourceData_Poultry_MMSMCF[[#Headers],[MMS m]], 0)} -> 0.015 | F60: {=Common_InputFunctions.Utility_DisplayArrayInTable(SourceData_Poultry.SourceData_Poultry_MCF_Data(), Table_SourceData_Poultry_MMSMCF[[#Headers],[MMS m]], 0)} -> 0.015 | G60: {=Common_InputFunctions.Utility_DisplayArrayInTable(SourceData_Poultry.SourceData_Poultry_MCF_Data(), Table_SourceData_Poultry_MMSMCF[[#Headers],[MMS m]], 0)} -> 0.015 | H60: {=Common_InputFunctions.Utility_DisplayArrayInTable(SourceData_Poultry.SourceData_Poultry_MCF_Data(), Table_SourceData_Poultry_MMSMCF[[#Headers],[MMS m]], 0)} -> 0.015 | I60: {=Common_InputFunctions.Utility_DisplayArrayInTable(SourceData_Poultry.SourceData_Poultry_MCF_Data(), Table_SourceData_Poultry_MMSMCF[[#Headers],[MMS m]], 0)} -> 0.015 | J60: {=Common_InputFunctions.Utility_DisplayArrayInTable(SourceData_Poultry.SourceData_Poultry_MCF_Data(), Table_SourceData_Poultry_MMSMCF[[#Headers],[MMS m]], 0)} -> 0.015 | K60: {=Common_InputFunctions.Utility_DisplayArrayInTable(SourceData_Poultry.SourceData_Poultry_MCF_Data(), Table_SourceData_Poultry_MMSMCF[[#Headers],[MMS m]], 0)} -> 0.015 | ... N60: {=Common_InputFunctions.Utility_DisplayArrayInTable(SourceData_Poultry.SourceData_Poultry_MCF_Data(), Table_SourceData_Poultry_MMSMCF[[#Headers],[MMS m]], 0)} -> Poultry manure with bedding
D61: {=Common_InputFunctions.Utility_DisplayArrayInTable(SourceData_Poultry.SourceData_Poultry_MCF_Data(), Table_SourceData_Poultry_MMSMCF[[#Headers],[MMS m]], 0)} -> Poultry manure without litter | E61: {=Common_InputFunctions.Utility_DisplayArrayInTable(SourceData_Poultry.SourceData_Poultry_MCF_Data(), Table_SourceData_Poultry_MMSMCF[[#Headers],[MMS m]], 0)} -> 0.015 | F61: {=Common_InputFunctions.Utility_DisplayArrayInTable(SourceData_Poultry.SourceData_Poultry_MCF_Data(), Table_SourceData_Poultry_MMSMCF[[#Headers],[MMS m]], 0)} -> 0.015 | G61: {=Common_InputFunctions.Utility_DisplayArrayInTable(SourceData_Poultry.SourceData_Poultry_MCF_Data(), Table_SourceData_Poultry_MMSMCF[[#Headers],[MMS m]], 0)} -> 0.015 | H61: {=Common_InputFunctions.Utility_DisplayArrayInTable(SourceData_Poultry.SourceData_Poultry_MCF_Data(), Table_SourceData_Poultry_MMSMCF[[#Headers],[MMS m]], 0)} -> 0.015 | I61: {=Common_InputFunctions.Utility_DisplayArrayInTable(SourceData_Poultry.SourceData_Poultry_MCF_Data(), Table_SourceData_Poultry_MMSMCF[[#Headers],[MMS m]], 0)} -> 0.015 | J61: {=Common_InputFunctions.Utility_DisplayArrayInTable(SourceData_Poultry.SourceData_Poultry_MCF_Data(), Table_SourceData_Poultry_MMSMCF[[#Headers],[MMS m]], 0)} -> 0.015 | K61: {=Common_InputFunctions.Utility_DisplayArrayInTable(SourceData_Poultry.SourceData_Poultry_MCF_Data(), Table_SourceData_Poultry_MMSMCF[[#Headers],[MMS m]], 0)} -> 0.015 | ... N61: {=Common_InputFunctions.Utility_DisplayArrayInTable(SourceData_Poultry.SourceData_Poultry_MCF_Data(), Table_SourceData_Poultry_MMSMCF[[#Headers],[MMS m]], 0)} -> Belt manure removal
D62: {=Common_InputFunctions.Utility_DisplayArrayInTable(SourceData_Poultry.SourceData_Poultry_MCF_Data(), Table_SourceData_Poultry_MMSMCF[[#Headers],[MMS m]], 0)} -> Poultry manure without litter | E62: {=Common_InputFunctions.Utility_DisplayArrayInTable(SourceData_Poultry.SourceData_Poultry_MCF_Data(), Table_SourceData_Poultry_MMSMCF[[#Headers],[MMS m]], 0)} -> 0.015 | F62: {=Common_InputFunctions.Utility_DisplayArrayInTable(SourceData_Poultry.SourceData_Poultry_MCF_Data(), Table_SourceData_Poultry_MMSMCF[[#Headers],[MMS m]], 0)} -> 0.015 | G62: {=Common_InputFunctions.Utility_DisplayArrayInTable(SourceData_Poultry.SourceData_Poultry_MCF_Data(), Table_SourceData_Poultry_MMSMCF[[#Headers],[MMS m]], 0)} -> 0.015 | H62: {=Common_InputFunctions.Utility_DisplayArrayInTable(SourceData_Poultry.SourceData_Poultry_MCF_Data(), Table_SourceData_Poultry_MMSMCF[[#Headers],[MMS m]], 0)} -> 0.015 | I62: {=Common_InputFunctions.Utility_DisplayArrayInTable(SourceData_Poultry.SourceData_Poultry_MCF_Data(), Table_SourceData_Poultry_MMSMCF[[#Headers],[MMS m]], 0)} -> 0.015 | J62: {=Common_InputFunctions.Utility_DisplayArrayInTable(SourceData_Poultry.SourceData_Poultry_MCF_Data(), Table_SourceData_Poultry_MMSMCF[[#Headers],[MMS m]], 0)} -> 0.015 | K62: {=Common_InputFunctions.Utility_DisplayArrayInTable(SourceData_Poultry.SourceData_Poultry_MCF_Data(), Table_SourceData_Poultry_MMSMCF[[#Headers],[MMS m]], 0)} -> 0.015 | ... N62: {=Common_InputFunctions.Utility_DisplayArrayInTable(SourceData_Poultry.SourceData_Poultry_MCF_Data(), Table_SourceData_Poultry_MMSMCF[[#Headers],[MMS m]], 0)} -> Manure stored in house
D63: {=Common_InputFunctions.Utility_DisplayArrayInTable(SourceData_Poultry.SourceData_Poultry_MCF_Data(), Table_SourceData_Poultry_MMSMCF[[#Headers],[MMS m]], 0)} -> Pasture range and paddock | E63: {=Common_InputFunctions.Utility_DisplayArrayInTable(SourceData_Poultry.SourceData_Poultry_MCF_Data(), Table_SourceData_Poultry_MMSMCF[[#Headers],[MMS m]], 0)} -> n/a | F63: {=Common_InputFunctions.Utility_DisplayArrayInTable(SourceData_Poultry.SourceData_Poultry_MCF_Data(), Table_SourceData_Poultry_MMSMCF[[#Headers],[MMS m]], 0)} -> 0.01 | G63: {=Common_InputFunctions.Utility_DisplayArrayInTable(SourceData_Poultry.SourceData_Poultry_MCF_Data(), Table_SourceData_Poultry_MMSMCF[[#Headers],[MMS m]], 0)} -> 0.01 | H63: {=Common_InputFunctions.Utility_DisplayArrayInTable(SourceData_Poultry.SourceData_Poultry_MCF_Data(), Table_SourceData_Poultry_MMSMCF[[#Headers],[MMS m]], 0)} -> 0.03 | I63: {=Common_InputFunctions.Utility_DisplayArrayInTable(SourceData_Poultry.SourceData_Poultry_MCF_Data(), Table_SourceData_Poultry_MMSMCF[[#Headers],[MMS m]], 0)} -> 0.03 | J63: {=Common_InputFunctions.Utility_DisplayArrayInTable(SourceData_Poultry.SourceData_Poultry_MCF_Data(), Table_SourceData_Poultry_MMSMCF[[#Headers],[MMS m]], 0)} -> 0.01 | K63: {=Common_InputFunctions.Utility_DisplayArrayInTable(SourceData_Poultry.SourceData_Poultry_MCF_Data(), Table_SourceData_Poultry_MMSMCF[[#Headers],[MMS m]], 0)} -> 0.01 | ... N63: {=Common_InputFunctions.Utility_DisplayArrayInTable(SourceData_Poultry.SourceData_Poultry_MCF_Data(), Table_SourceData_Poultry_MMSMCF[[#Headers],[MMS m]], 0)} -> Pasture range and paddock
D64: {=Common_InputFunctions.Utility_DisplayArrayInTable(SourceData_Poultry.SourceData_Poultry_MCF_Data(), Table_SourceData_Poultry_MMSMCF[[#Headers],[MMS m]], 0)} -> Solid storage | E64: {=Common_InputFunctions.Utility_DisplayArrayInTable(SourceData_Poultry.SourceData_Poultry_MCF_Data(), Table_SourceData_Poultry_MMSMCF[[#Headers],[MMS m]], 0)} -> 0.02 | F64: {=Common_InputFunctions.Utility_DisplayArrayInTable(SourceData_Poultry.SourceData_Poultry_MCF_Data(), Table_SourceData_Poultry_MMSMCF[[#Headers],[MMS m]], 0)} -> 0.02 | G64: {=Common_InputFunctions.Utility_DisplayArrayInTable(SourceData_Poultry.SourceData_Poultry_MCF_Data(), Table_SourceData_Poultry_MMSMCF[[#Headers],[MMS m]], 0)} -> 0.02 | H64: {=Common_InputFunctions.Utility_DisplayArrayInTable(SourceData_Poultry.SourceData_Poultry_MCF_Data(), Table_SourceData_Poultry_MMSMCF[[#Headers],[MMS m]], 0)} -> 0.02 | I64: {=Common_InputFunctions.Utility_DisplayArrayInTable(SourceData_Poultry.SourceData_Poultry_MCF_Data(), Table_SourceData_Poultry_MMSMCF[[#Headers],[MMS m]], 0)} -> 0.02 | J64: {=Common_InputFunctions.Utility_DisplayArrayInTable(SourceData_Poultry.SourceData_Poultry_MCF_Data(), Table_SourceData_Poultry_MMSMCF[[#Headers],[MMS m]], 0)} -> 0.02 | K64: {=Common_InputFunctions.Utility_DisplayArrayInTable(SourceData_Poultry.SourceData_Poultry_MCF_Data(), Table_SourceData_Poultry_MMSMCF[[#Headers],[MMS m]], 0)} -> 0.02 | ... N64: {=Common_InputFunctions.Utility_DisplayArrayInTable(SourceData_Poultry.SourceData_Poultry_MCF_Data(), Table_SourceData_Poultry_MMSMCF[[#Headers],[MMS m]], 0)} -> Solid storage
D65: {=Common_InputFunctions.Utility_DisplayArrayInTable(SourceData_Poultry.SourceData_Poultry_MCF_Data(), Table_SourceData_Poultry_MMSMCF[[#Headers],[MMS m]], 0)} -> Composting (passive windrow) | E65: {=Common_InputFunctions.Utility_DisplayArrayInTable(SourceData_Poultry.SourceData_Poultry_MCF_Data(), Table_SourceData_Poultry_MMSMCF[[#Headers],[MMS m]], 0)} -> n/a | F65: {=Common_InputFunctions.Utility_DisplayArrayInTable(SourceData_Poultry.SourceData_Poultry_MCF_Data(), Table_SourceData_Poultry_MMSMCF[[#Headers],[MMS m]], 0)} -> 0.01 | G65: {=Common_InputFunctions.Utility_DisplayArrayInTable(SourceData_Poultry.SourceData_Poultry_MCF_Data(), Table_SourceData_Poultry_MMSMCF[[#Headers],[MMS m]], 0)} -> 0.01 | H65: {=Common_InputFunctions.Utility_DisplayArrayInTable(SourceData_Poultry.SourceData_Poultry_MCF_Data(), Table_SourceData_Poultry_MMSMCF[[#Headers],[MMS m]], 0)} -> 0.01 | I65: {=Common_InputFunctions.Utility_DisplayArrayInTable(SourceData_Poultry.SourceData_Poultry_MCF_Data(), Table_SourceData_Poultry_MMSMCF[[#Headers],[MMS m]], 0)} -> 0.01 | J65: {=Common_InputFunctions.Utility_DisplayArrayInTable(SourceData_Poultry.SourceData_Poultry_MCF_Data(), Table_SourceData_Poultry_MMSMCF[[#Headers],[MMS m]], 0)} -> 0.01 | K65: {=Common_InputFunctions.Utility_DisplayArrayInTable(SourceData_Poultry.SourceData_Poultry_MCF_Data(), Table_SourceData_Poultry_MMSMCF[[#Headers],[MMS m]], 0)} -> 0.01 | ... N65: {=Common_InputFunctions.Utility_DisplayArrayInTable(SourceData_Poultry.SourceData_Poultry_MCF_Data(), Table_SourceData_Poultry_MMSMCF[[#Headers],[MMS m]], 0)} -> Composting (passive windrow)
D66: {=Common_InputFunctions.Utility_DisplayArrayInTable(SourceData_Poultry.SourceData_Poultry_MCF_Data(), Table_SourceData_Poultry_MMSMCF[[#Headers],[MMS m]], 0)} -> Anaerobic digester / Covered pond | E66: {=Common_InputFunctions.Utility_DisplayArrayInTable(SourceData_Poultry.SourceData_Poultry_MCF_Data(), Table_SourceData_Poultry_MMSMCF[[#Headers],[MMS m]], 0)} -> 0.1 | F66: {=Common_InputFunctions.Utility_DisplayArrayInTable(SourceData_Poultry.SourceData_Poultry_MCF_Data(), Table_SourceData_Poultry_MMSMCF[[#Headers],[MMS m]], 0)} -> 0.1 | G66: {=Common_InputFunctions.Utility_DisplayArrayInTable(SourceData_Poultry.SourceData_Poultry_MCF_Data(), Table_SourceData_Poultry_MMSMCF[[#Headers],[MMS m]], 0)} -> 0.1 | H66: {=Common_InputFunctions.Utility_DisplayArrayInTable(SourceData_Poultry.SourceData_Poultry_MCF_Data(), Table_SourceData_Poultry_MMSMCF[[#Headers],[MMS m]], 0)} -> 0.1 | I66: {=Common_InputFunctions.Utility_DisplayArrayInTable(SourceData_Poultry.SourceData_Poultry_MCF_Data(), Table_SourceData_Poultry_MMSMCF[[#Headers],[MMS m]], 0)} -> 0.1 | J66: {=Common_InputFunctions.Utility_DisplayArrayInTable(SourceData_Poultry.SourceData_Poultry_MCF_Data(), Table_SourceData_Poultry_MMSMCF[[#Headers],[MMS m]], 0)} -> 0.1 | K66: {=Common_InputFunctions.Utility_DisplayArrayInTable(SourceData_Poultry.SourceData_Poultry_MCF_Data(), Table_SourceData_Poultry_MMSMCF[[#Headers],[MMS m]], 0)} -> 0.1 | ... N66: {=Common_InputFunctions.Utility_DisplayArrayInTable(SourceData_Poultry.SourceData_Poultry_MCF_Data(), Table_SourceData_Poultry_MMSMCF[[#Headers],[MMS m]], 0)} -> Digester / covered lagoons
D67: {=Common_InputFunctions.Utility_DisplayArrayInTable(SourceData_Poultry.SourceData_Poultry_MCF_Data(), Table_SourceData_Poultry_MMSMCF[[#Headers],[MMS m]], 0)} -> Direct processing | E67: {=Common_InputFunctions.Utility_DisplayArrayInTable(SourceData_Poultry.SourceData_Poultry_MCF_Data(), Table_SourceData_Poultry_MMSMCF[[#Headers],[MMS m]], 0)} -> 0 | F67: {=Common_InputFunctions.Utility_DisplayArrayInTable(SourceData_Poultry.SourceData_Poultry_MCF_Data(), Table_SourceData_Poultry_MMSMCF[[#Headers],[MMS m]], 0)} -> 0 | G67: {=Common_InputFunctions.Utility_DisplayArrayInTable(SourceData_Poultry.SourceData_Poultry_MCF_Data(), Table_SourceData_Poultry_MMSMCF[[#Headers],[MMS m]], 0)} -> 0 | H67: {=Common_InputFunctions.Utility_DisplayArrayInTable(SourceData_Poultry.SourceData_Poultry_MCF_Data(), Table_SourceData_Poultry_MMSMCF[[#Headers],[MMS m]], 0)} -> 0 | I67: {=Common_InputFunctions.Utility_DisplayArrayInTable(SourceData_Poultry.SourceData_Poultry_MCF_Data(), Table_SourceData_Poultry_MMSMCF[[#Headers],[MMS m]], 0)} -> 0 | J67: {=Common_InputFunctions.Utility_DisplayArrayInTable(SourceData_Poultry.SourceData_Poultry_MCF_Data(), Table_SourceData_Poultry_MMSMCF[[#Headers],[MMS m]], 0)} -> 0 | K67: {=Common_InputFunctions.Utility_DisplayArrayInTable(SourceData_Poultry.SourceData_Poultry_MCF_Data(), Table_SourceData_Poultry_MMSMCF[[#Headers],[MMS m]], 0)} -> 0 | ... N67: {=Common_InputFunctions.Utility_DisplayArrayInTable(SourceData_Poultry.SourceData_Poultry_MCF_Data(), Table_SourceData_Poultry_MMSMCF[[#Headers],[MMS m]], 0)} -> Direct processing
D68: {=Common_InputFunctions.Utility_DisplayArrayInTable(SourceData_Poultry.SourceData_Poultry_MCF_Data(), Table_SourceData_Poultry_MMSMCF[[#Headers],[MMS m]], 0)} -> Direct application to soil | E68: {=Common_InputFunctions.Utility_DisplayArrayInTable(SourceData_Poultry.SourceData_Poultry_MCF_Data(), Table_SourceData_Poultry_MMSMCF[[#Headers],[MMS m]], 0)} -> 0 | F68: {=Common_InputFunctions.Utility_DisplayArrayInTable(SourceData_Poultry.SourceData_Poultry_MCF_Data(), Table_SourceData_Poultry_MMSMCF[[#Headers],[MMS m]], 0)} -> 0 | G68: {=Common_InputFunctions.Utility_DisplayArrayInTable(SourceData_Poultry.SourceData_Poultry_MCF_Data(), Table_SourceData_Poultry_MMSMCF[[#Headers],[MMS m]], 0)} -> 0 | H68: {=Common_InputFunctions.Utility_DisplayArrayInTable(SourceData_Poultry.SourceData_Poultry_MCF_Data(), Table_SourceData_Poultry_MMSMCF[[#Headers],[MMS m]], 0)} -> 0 | I68: {=Common_InputFunctions.Utility_DisplayArrayInTable(SourceData_Poultry.SourceData_Poultry_MCF_Data(), Table_SourceData_Poultry_MMSMCF[[#Headers],[MMS m]], 0)} -> 0 | J68: {=Common_InputFunctions.Utility_DisplayArrayInTable(SourceData_Poultry.SourceData_Poultry_MCF_Data(), Table_SourceData_Poultry_MMSMCF[[#Headers],[MMS m]], 0)} -> 0 | K68: {=Common_InputFunctions.Utility_DisplayArrayInTable(SourceData_Poultry.SourceData_Poultry_MCF_Data(), Table_SourceData_Poultry_MMSMCF[[#Headers],[MMS m]], 0)} -> 0 | ... N68: {=Common_InputFunctions.Utility_DisplayArrayInTable(SourceData_Poultry.SourceData_Poultry_MCF_Data(), Table_SourceData_Poultry_MMSMCF[[#Headers],[MMS m]], 0)} -> Direct application
D72: {=SourceData_Poultry.SourceData_Poultry_VSL_Title()} -> Poultry - Fraction of volatile solids lost in the primary MMS
D73: {=SourceData_Poultry.SourceData_Poultry_VSL_Source()} -> VEERG 2026: 4.6.2.3 CONSTANT
D74: {=SourceData_Poultry.SourceData_Poultry_VSL_Variation()} -> VARIATION ON SOURCE: Table generated from line items. Added 'NIR definition column'.
D75: MMS | E75: VSL | F75: NIR definition
D76: {=Common_InputFunctions.Utility_DisplayArrayInTable(SourceData_Poultry.SourceData_Poultry_VSL_Data(), Table_SourceData_Poultry_MMSVSL[[#Headers],[MMS]], 0)} -> Poultry manure with litter | E76: {=Common_InputFunctions.Utility_DisplayArrayInTable(SourceData_Poultry.SourceData_Poultry_VSL_Data(), Table_SourceData_Poultry_MMSVSL[[#Headers],[MMS]], 0)} -> 0.15 | F76: {=Common_InputFunctions.Utility_DisplayArrayInTable(SourceData_Poultry.SourceData_Poultry_VSL_Data(), Table_SourceData_Poultry_MMSVSL[[#Headers],[MMS]], 0)} -> Poultry manure with bedding
D77: {=Common_InputFunctions.Utility_DisplayArrayInTable(SourceData_Poultry.SourceData_Poultry_VSL_Data(), Table_SourceData_Poultry_MMSVSL[[#Headers],[MMS]], 0)} -> Poultry manure without litter - stored in house | E77: {=Common_InputFunctions.Utility_DisplayArrayInTable(SourceData_Poultry.SourceData_Poultry_VSL_Data(), Table_SourceData_Poultry_MMSVSL[[#Headers],[MMS]], 0)} -> 0.2 | F77: {=Common_InputFunctions.Utility_DisplayArrayInTable(SourceData_Poultry.SourceData_Poultry_VSL_Data(), Table_SourceData_Poultry_MMSVSL[[#Headers],[MMS]], 0)} -> Manure stored in house
D78: {=Common_InputFunctions.Utility_DisplayArrayInTable(SourceData_Poultry.SourceData_Poultry_VSL_Data(), Table_SourceData_Poultry_MMSVSL[[#Headers],[MMS]], 0)} -> Poultry manure without litter - belt removal | E78: {=Common_InputFunctions.Utility_DisplayArrayInTable(SourceData_Poultry.SourceData_Poultry_VSL_Data(), Table_SourceData_Poultry_MMSVSL[[#Headers],[MMS]], 0)} -> 0 | F78: {=Common_InputFunctions.Utility_DisplayArrayInTable(SourceData_Poultry.SourceData_Poultry_VSL_Data(), Table_SourceData_Poultry_MMSVSL[[#Headers],[MMS]], 0)} -> Belt manure removal
D81: {=SourceData_Poultry.SourceData_Poultry_FracGASMmT_Title()} -> Poultry - Fraction of N volatilised by MMS ((kg NH3-N + NOx-N)/kgN) (FracGASMmT)
D82: {=SourceData_Poultry.SourceData_Poultry_FracGASMmT_Source()} -> VEERG 2026: Table A.1.7.2
D83: {=SourceData_Poultry.SourceData_Poultry_FracGASMmT_Variation()} -> VARIATION ON SOURCE: Added 'NIR definition column'.
D84: MMSm | E84: FracGASMmT | F84: NIR reference
D85: {=Common_InputFunctions.Utility_DisplayArrayInTable(SourceData_Poultry.SourceData_Poultry_FracGASMmT_Data(), Table_SourceData_Poultry_FracGASM[[#Headers],[MMSm]], 0)} -> Poultry manure with litter (housing) | E85: {=Common_InputFunctions.Utility_DisplayArrayInTable(SourceData_Poultry.SourceData_Poultry_FracGASMmT_Data(), Table_SourceData_Poultry_FracGASM[[#Headers],[MMSm]], 0)} -> 0.3 | F85: {=Common_InputFunctions.Utility_DisplayArrayInTable(SourceData_Poultry.SourceData_Poultry_FracGASMmT_Data(), Table_SourceData_Poultry_FracGASM[[#Headers],[MMSm]], 0)} -> Poultry manure with bedding
D86: {=Common_InputFunctions.Utility_DisplayArrayInTable(SourceData_Poultry.SourceData_Poultry_FracGASMmT_Data(), Table_SourceData_Poultry_FracGASM[[#Headers],[MMSm]], 0)} -> Poultry manure without litter (housing) Belt manure removal | E86: {=Common_InputFunctions.Utility_DisplayArrayInTable(SourceData_Poultry.SourceData_Poultry_FracGASMmT_Data(), Table_SourceData_Poultry_FracGASM[[#Headers],[MMSm]], 0)} -> 0.05 | F86: {=Common_InputFunctions.Utility_DisplayArrayInTable(SourceData_Poultry.SourceData_Poultry_FracGASMmT_Data(), Table_SourceData_Poultry_FracGASM[[#Headers],[MMSm]], 0)} -> Belt manure removal
D87: {=Common_InputFunctions.Utility_DisplayArrayInTable(SourceData_Poultry.SourceData_Poultry_FracGASMmT_Data(), Table_SourceData_Poultry_FracGASM[[#Headers],[MMSm]], 0)} -> Poultry manure without litter (housing) Manure stored in house under cages or slat | E87: {=Common_InputFunctions.Utility_DisplayArrayInTable(SourceData_Poultry.SourceData_Poultry_FracGASMmT_Data(), Table_SourceData_Poultry_FracGASM[[#Headers],[MMSm]], 0)} -> 0.4 | F87: {=Common_InputFunctions.Utility_DisplayArrayInTable(SourceData_Poultry.SourceData_Poultry_FracGASMmT_Data(), Table_SourceData_Poultry_FracGASM[[#Headers],[MMSm]], 0)} -> Manure stored in house
D88: {=Common_InputFunctions.Utility_DisplayArrayInTable(SourceData_Poultry.SourceData_Poultry_FracGASMmT_Data(), Table_SourceData_Poultry_FracGASM[[#Headers],[MMSm]], 0)} -> Solid storage (stockpile) | E88: {=Common_InputFunctions.Utility_DisplayArrayInTable(SourceData_Poultry.SourceData_Poultry_FracGASMmT_Data(), Table_SourceData_Poultry_FracGASM[[#Headers],[MMSm]], 0)} -> 0.2 | F88: {=Common_InputFunctions.Utility_DisplayArrayInTable(SourceData_Poultry.SourceData_Poultry_FracGASMmT_Data(), Table_SourceData_Poultry_FracGASM[[#Headers],[MMSm]], 0)} -> Solid storage
D89: {=Common_InputFunctions.Utility_DisplayArrayInTable(SourceData_Poultry.SourceData_Poultry_FracGASMmT_Data(), Table_SourceData_Poultry_FracGASM[[#Headers],[MMSm]], 0)} -> Composting (passive windrow) | E89: {=Common_InputFunctions.Utility_DisplayArrayInTable(SourceData_Poultry.SourceData_Poultry_FracGASMmT_Data(), Table_SourceData_Poultry_FracGASM[[#Headers],[MMSm]], 0)} -> 0.2 | F89: {=Common_InputFunctions.Utility_DisplayArrayInTable(SourceData_Poultry.SourceData_Poultry_FracGASMmT_Data(), Table_SourceData_Poultry_FracGASM[[#Headers],[MMSm]], 0)} -> Composting (passive windrow)
D90: {=Common_InputFunctions.Utility_DisplayArrayInTable(SourceData_Poultry.SourceData_Poultry_FracGASMmT_Data(), Table_SourceData_Poultry_FracGASM[[#Headers],[MMSm]], 0)} -> Direct processing | E90: {=Common_InputFunctions.Utility_DisplayArrayInTable(SourceData_Poultry.SourceData_Poultry_FracGASMmT_Data(), Table_SourceData_Poultry_FracGASM[[#Headers],[MMSm]], 0)} -> 0 | F90: {=Common_InputFunctions.Utility_DisplayArrayInTable(SourceData_Poultry.SourceData_Poultry_FracGASMmT_Data(), Table_SourceData_Poultry_FracGASM[[#Headers],[MMSm]], 0)} -> Direct processing
D91: {=Common_InputFunctions.Utility_DisplayArrayInTable(SourceData_Poultry.SourceData_Poultry_FracGASMmT_Data(), Table_SourceData_Poultry_FracGASM[[#Headers],[MMSm]], 0)} -> Anaerobic digester / covered pond | E91: {=Common_InputFunctions.Utility_DisplayArrayInTable(SourceData_Poultry.SourceData_Poultry_FracGASMmT_Data(), Table_SourceData_Poultry_FracGASM[[#Headers],[MMSm]], 0)} -> 0 | F91: {=Common_InputFunctions.Utility_DisplayArrayInTable(SourceData_Poultry.SourceData_Poultry_FracGASMmT_Data(), Table_SourceData_Poultry_FracGASM[[#Headers],[MMSm]], 0)} -> Digester / covered lagoons
D94: {=SourceData_Poultry.SourceData_Poultry_EFmT_Title()} -> Poultry - Nitrous oxide EFs by MMS (kgN2O-N/kgN) (EFmT)
D95: {=SourceData_Poultry.SourceData_Poultry_EFmT_Source()} -> VEERG 2026: Table A.1.7.3
D96: {=SourceData_Poultry.SourceData_Poultry_EFmT_Variation()} -> VARIATION ON SOURCE: Added 'NIR definition column'. Duplicated 'Poultry manure without litter' row for NIR MMS 'Belt manure removal' and 'Manure stored in house'.
D97: MMSm | E97: EFmT | F97: NIR reference
D98: {=Common_InputFunctions.Utility_DisplayArrayInTable(SourceData_Poultry.SourceData_Poultry_EFmT_Data(),Table_SourceData_Poultry_EFmT[[#Headers],[MMSm]], 0)} -> Poultry manure with litter (housing) | E98: {=Common_InputFunctions.Utility_DisplayArrayInTable(SourceData_Poultry.SourceData_Poultry_EFmT_Data(),Table_SourceData_Poultry_EFmT[[#Headers],[MMSm]], 0)} -> 0.001 | F98: {=Common_InputFunctions.Utility_DisplayArrayInTable(SourceData_Poultry.SourceData_Poultry_EFmT_Data(),Table_SourceData_Poultry_EFmT[[#Headers],[MMSm]], 0)} -> Poultry manure with bedding
D99: {=Common_InputFunctions.Utility_DisplayArrayInTable(SourceData_Poultry.SourceData_Poultry_EFmT_Data(),Table_SourceData_Poultry_EFmT[[#Headers],[MMSm]], 0)} -> Poultry manure without litter (housing) | E99: {=Common_InputFunctions.Utility_DisplayArrayInTable(SourceData_Poultry.SourceData_Poultry_EFmT_Data(),Table_SourceData_Poultry_EFmT[[#Headers],[MMSm]], 0)} -> 0.001 | F99: {=Common_InputFunctions.Utility_DisplayArrayInTable(SourceData_Poultry.SourceData_Poultry_EFmT_Data(),Table_SourceData_Poultry_EFmT[[#Headers],[MMSm]], 0)} -> Belt manure removal
D100: {=Common_InputFunctions.Utility_DisplayArrayInTable(SourceData_Poultry.SourceData_Poultry_EFmT_Data(),Table_SourceData_Poultry_EFmT[[#Headers],[MMSm]], 0)} -> Poultry manure without litter (housing) | E100: {=Common_InputFunctions.Utility_DisplayArrayInTable(SourceData_Poultry.SourceData_Poultry_EFmT_Data(),Table_SourceData_Poultry_EFmT[[#Headers],[MMSm]], 0)} -> 0.001 | F100: {=Common_InputFunctions.Utility_DisplayArrayInTable(SourceData_Poultry.SourceData_Poultry_EFmT_Data(),Table_SourceData_Poultry_EFmT[[#Headers],[MMSm]], 0)} -> Manure stored in house
D101: {=Common_InputFunctions.Utility_DisplayArrayInTable(SourceData_Poultry.SourceData_Poultry_EFmT_Data(),Table_SourceData_Poultry_EFmT[[#Headers],[MMSm]], 0)} -> Pasture range and paddock (free range) | E101: {=Common_InputFunctions.Utility_DisplayArrayInTable(SourceData_Poultry.SourceData_Poultry_EFmT_Data(),Table_SourceData_Poultry_EFmT[[#Headers],[MMSm]], 0)} -> 0.02 | F101: {=Common_InputFunctions.Utility_DisplayArrayInTable(SourceData_Poultry.SourceData_Poultry_EFmT_Data(),Table_SourceData_Poultry_EFmT[[#Headers],[MMSm]], 0)} -> Pasture range and paddock
D102: {=Common_InputFunctions.Utility_DisplayArrayInTable(SourceData_Poultry.SourceData_Poultry_EFmT_Data(),Table_SourceData_Poultry_EFmT[[#Headers],[MMSm]], 0)} -> Solid storage (stockpile) | E102: {=Common_InputFunctions.Utility_DisplayArrayInTable(SourceData_Poultry.SourceData_Poultry_EFmT_Data(),Table_SourceData_Poultry_EFmT[[#Headers],[MMSm]], 0)} -> 0.005 | F102: {=Common_InputFunctions.Utility_DisplayArrayInTable(SourceData_Poultry.SourceData_Poultry_EFmT_Data(),Table_SourceData_Poultry_EFmT[[#Headers],[MMSm]], 0)} -> Solid storage
D103: {=Common_InputFunctions.Utility_DisplayArrayInTable(SourceData_Poultry.SourceData_Poultry_EFmT_Data(),Table_SourceData_Poultry_EFmT[[#Headers],[MMSm]], 0)} -> Composting (passive windrow) | E103: {=Common_InputFunctions.Utility_DisplayArrayInTable(SourceData_Poultry.SourceData_Poultry_EFmT_Data(),Table_SourceData_Poultry_EFmT[[#Headers],[MMSm]], 0)} -> 0.01 | F103: {=Common_InputFunctions.Utility_DisplayArrayInTable(SourceData_Poultry.SourceData_Poultry_EFmT_Data(),Table_SourceData_Poultry_EFmT[[#Headers],[MMSm]], 0)} -> Composting (passive windrow)
D104: {=Common_InputFunctions.Utility_DisplayArrayInTable(SourceData_Poultry.SourceData_Poultry_EFmT_Data(),Table_SourceData_Poultry_EFmT[[#Headers],[MMSm]], 0)} -> Direct processing | E104: {=Common_InputFunctions.Utility_DisplayArrayInTable(SourceData_Poultry.SourceData_Poultry_EFmT_Data(),Table_SourceData_Poultry_EFmT[[#Headers],[MMSm]], 0)} -> 0 | F104: {=Common_InputFunctions.Utility_DisplayArrayInTable(SourceData_Poultry.SourceData_Poultry_EFmT_Data(),Table_SourceData_Poultry_EFmT[[#Headers],[MMSm]], 0)} -> Direct processing
D105: {=Common_InputFunctions.Utility_DisplayArrayInTable(SourceData_Poultry.SourceData_Poultry_EFmT_Data(),Table_SourceData_Poultry_EFmT[[#Headers],[MMSm]], 0)} -> Anaerobic digester / covered pond | E105: {=Common_InputFunctions.Utility_DisplayArrayInTable(SourceData_Poultry.SourceData_Poultry_EFmT_Data(),Table_SourceData_Poultry_EFmT[[#Headers],[MMSm]], 0)} -> 0 | F105: {=Common_InputFunctions.Utility_DisplayArrayInTable(SourceData_Poultry.SourceData_Poultry_EFmT_Data(),Table_SourceData_Poultry_EFmT[[#Headers],[MMSm]], 0)} -> Digester / covered lagoons
D108: {=SourceData_Poultry.SourceData_Poultry_FractionOfNitrogenLostThroughLeachingAndRunoff_Title()} -> Fraction of N that is lost through leaching and runoff
D109: {=SourceData_Poultry.SourceData_Poultry_FractionOfNitrogenLostThroughLeachingAndRunoff_Source()} -> VEERG 2026: 4.6.2.3 CONSTANTS
D110: {=SourceData_Poultry.SourceData_Poultry_FractionOfNitrogenLostThroughLeachingAndRunoff_Variable()} -> Frac_LEACH_MS | E110: {=SourceData_Poultry.SourceData_Poultry_FractionOfNitrogenLostThroughLeachingAndRunoff_Data()} -> 0.02
D112: {=SourceData_Poultry.SourceData_Poultry_FracGAMSSoil_Title()} -> Fraction of nitrogen volatilised from urine and faeces deposited on pasture
D113: {=SourceData_Poultry.SourceData_Poultry_FracGAMSSoil_Source()} -> VEERG 2026: 4.6.2.3 CONSTANTS
D114: {=SourceData_Poultry.SourceData_Poultry_FracGAMSSoil_Variation()} -> VARIATION ON SOURCE: This constant is not documented in the draft, used the same value of 0.21 as all other livestock.
D115: {=SourceData_Poultry.SourceData_Poultry_FracGAMSSoil_Variable()} -> FracGASM_soil | E115: {=SourceData_Poultry.SourceData_Poultry_FracGAMSSoil_Data()} -> 0.21 | F115: {=SourceData_Poultry.SourceData_Poultry_FracGAMSSoil_Unit()} -> (kg NH3-N + NOx-N)/kg N
D117: {=SourceData_Poultry.SourceData_Poultry_Liveweights_Title()} -> Poultry - Liveweights (Wco) (kg)
D118: {=SourceData_Poultry.SourceData_Poultry_Liveweights_Source()} -> VEERG 2026: Table A.1.7.5
D119: Livestock class j | E119: Average liveweight (kg)
D120: {=Common_InputFunctions.Utility_DisplayArrayInTable(SourceData_Poultry.SourceData_Poultry_Liveweights_Data(),Table_SourceData_Poultry_Liveweights[[#Headers],[Livestock class j]],0)} -> Chicken | E120: {=Common_InputFunctions.Utility_DisplayArrayInTable(SourceData_Poultry.SourceData_Poultry_Liveweights_Data(),Table_SourceData_Poultry_Liveweights[[#Headers],[Livestock class j]],0)} -> 1.3
D121: {=Common_InputFunctions.Utility_DisplayArrayInTable(SourceData_Poultry.SourceData_Poultry_Liveweights_Data(),Table_SourceData_Poultry_Liveweights[[#Headers],[Livestock class j]],0)} -> Hen >/=1 yr | E121: {=Common_InputFunctions.Utility_DisplayArrayInTable(SourceData_Poultry.SourceData_Poultry_Liveweights_Data(),Table_SourceData_Poultry_Liveweights[[#Headers],[Livestock class j]],0)} -> 2
D122: {=Common_InputFunctions.Utility_DisplayArrayInTable(SourceData_Poultry.SourceData_Poultry_Liveweights_Data(),Table_SourceData_Poultry_Liveweights[[#Headers],[Livestock class j]],0)} -> Pullets | E122: {=Common_InputFunctions.Utility_DisplayArrayInTable(SourceData_Poultry.SourceData_Poultry_Liveweights_Data(),Table_SourceData_Poultry_Liveweights[[#Headers],[Livestock class j]],0)} -> 1.4
...

Sheet Constants - Swine
A1: #VALUE! | C1: Constants - Swine
A3: =HYPERLINK("#'Home'!A1", "Home") -> Home
A4: =HYPERLINK("#'Overview'!A1", "Overview") -> Overview
A5: =HYPERLINK("#'Results'!A1", "Results") -> Results
D6: Swine crop or pasture production systems | G6: Irrigation methods
A7: INPUTS
A8: =HYPERLINK("#'Input - Site'!A1", "Site") -> Site | D8: Production system | G8: Irrigation method
A9: =HYPERLINK("#'Input - Swine'!A1", "Swine") -> Swine | D9: Pasture | G9: Not irrigated
D10: Crop | G10: Drip irrigation
A11: CALCULATIONS | G11: Sprinkler irrigation
A12: =HYPERLINK("#'3.5.1.1-2 Enteric Methane'!A1", "3.5.1.1-2 Enteric Methane") -> 3.5.1.1-2 Enteric Methane | G12: Surface irrigation
G13: Other irrigation
A14: APPENDICES | D14: {=SourceData_Swine.SourceData_Swine_FracLEACH_DrylotMMS_Title()} -> Fraction of nitrogen lost through leaching and runoff for drylot MMS
A15: =HYPERLINK("#'Constants - Swine'!A1", "Constants - Swine") -> Constants - Swine | D15: {=SourceData_Swine.SourceData_Swine_FracLEACH_DrylotMMS_Source()} -> VEERG 2026: 4.5.2.3 CONSTANT
A16: =HYPERLINK("#'Constants - Livestock'!A1", "Constants - Livestock") -> Constants - Livestock | D16: {=SourceData_Swine.SourceData_Swine_FracLEACH_DrylotMMS_Variation()} -> VARIATION ON SOURCE: Text refers to 'solid storage' MMS, but equation refers to 'drylot' MMS.
A17: =HYPERLINK("#'Constants - Common'!A1", "Constants - Common") -> Constants - Common | D17: {=SourceData_Swine.SourceData_Swine_FracLEACH_DrylotMMS_Variable()} -> FracLEACH_MS | E17: {=SourceData_Swine.SourceData_Swine_FracLEACH_DrylotMMS_Data()} -> 0.02 | F17: {=SourceData_Swine.SourceData_Swine_FracLEACH_DrylotMMS_Unit()} -> fraction
A18: =HYPERLINK("#'Acknowledgements'!A1", "Acknowledgements") -> Acknowledgements
D19: {=SourceData_Swine.SourceData_Swine_MethaneVolatileSolidsEmissionsPotential_Title()} -> Emissions potential of methane per kilogram of volatile solids
D20: {=SourceData_Swine.SourceData_Swine_MethaneVolatileSolidsEmissionsPotential_Source()} -> IPCC (2019), Chapter 10 [4]
D21: {=SourceData_Swine.SourceData_Swine_MethaneVolatileSolidsEmissionsPotential_Variable()} -> B0 | E21: {=SourceData_Swine.SourceData_Swine_MethaneVolatileSolidsEmissionsPotential_Data()} -> 0.19 | F21: {=SourceData_Swine.SourceData_Swine_MethaneVolatileSolidsEmissionsPotential_Unit()} -> m3 CH4 / kg VS
D24: {=SourceData_Swine.SourceData_Swine_MMS_MCFs_Title()} -> Methane conversion factor for temperature zone and manure management system. | H24: CHange title to match source
D25: {=SourceData_Swine.SourceData_Swine_MMS_MCFs_Source()} -> VEERG 2026: Table A.1.6.4: Swine - MCFs (MCFim) | H25: CHange source
D26: {=SourceData_Swine.SourceData_Swine_MMS_MCFs_Variation()} -> VARIATION ON SOURCE DATA: Added columns for ACT, split QLD and NT. Added extra column with MMS names that match NIR definitions
D28: MMS | E28: NSW | F28: ACT | G28: QLD | H28: NT | I28: SA | J28: TAS | K28: VIC | L28: WA | M28: NIR definition
D29: {=Common_InputFunctions.Utility_DisplayArrayInTable(SourceData_Swine.SourceData_Swine_MMS_MCFs_Data(),Table_SourceData_Swine_MMSMCF[[#Headers],[MMS]],0)} -> Outdoor (Dry lot) | E29: {=Common_InputFunctions.Utility_DisplayArrayInTable(SourceData_Swine.SourceData_Swine_MMS_MCFs_Data(),Table_SourceData_Swine_MMSMCF[[#Headers],[MMS]],0)} -> 0.01 | F29: {=Common_InputFunctions.Utility_DisplayArrayInTable(SourceData_Swine.SourceData_Swine_MMS_MCFs_Data(),Table_SourceData_Swine_MMSMCF[[#Headers],[MMS]],0)} -> 0.01 | G29: {=Common_InputFunctions.Utility_DisplayArrayInTable(SourceData_Swine.SourceData_Swine_MMS_MCFs_Data(),Table_SourceData_Swine_MMSMCF[[#Headers],[MMS]],0)} -> 0.03 | H29: {=Common_InputFunctions.Utility_DisplayArrayInTable(SourceData_Swine.SourceData_Swine_MMS_MCFs_Data(),Table_SourceData_Swine_MMSMCF[[#Headers],[MMS]],0)} -> 0.03 | I29: {=Common_InputFunctions.Utility_DisplayArrayInTable(SourceData_Swine.SourceData_Swine_MMS_MCFs_Data(),Table_SourceData_Swine_MMSMCF[[#Headers],[MMS]],0)} -> 0.01 | J29: {=Common_InputFunctions.Utility_DisplayArrayInTable(SourceData_Swine.SourceData_Swine_MMS_MCFs_Data(),Table_SourceData_Swine_MMSMCF[[#Headers],[MMS]],0)} -> 0.01 | K29: {=Common_InputFunctions.Utility_DisplayArrayInTable(SourceData_Swine.SourceData_Swine_MMS_MCFs_Data(),Table_SourceData_Swine_MMSMCF[[#Headers],[MMS]],0)} -> 0.01 | ... M29: {=Common_InputFunctions.Utility_DisplayArrayInTable(SourceData_Swine.SourceData_Swine_MMS_MCFs_Data(),Table_SourceData_Swine_MMSMCF[[#Headers],[MMS]],0)} -> Drylot (feed pad)
D30: {=Common_InputFunctions.Utility_DisplayArrayInTable(SourceData_Swine.SourceData_Swine_MMS_MCFs_Data(),Table_SourceData_Swine_MMSMCF[[#Headers],[MMS]],0)} -> Deep litter | E30: {=Common_InputFunctions.Utility_DisplayArrayInTable(SourceData_Swine.SourceData_Swine_MMS_MCFs_Data(),Table_SourceData_Swine_MMSMCF[[#Headers],[MMS]],0)} -> 0.04 | F30: {=Common_InputFunctions.Utility_DisplayArrayInTable(SourceData_Swine.SourceData_Swine_MMS_MCFs_Data(),Table_SourceData_Swine_MMSMCF[[#Headers],[MMS]],0)} -> 0.04 | G30: {=Common_InputFunctions.Utility_DisplayArrayInTable(SourceData_Swine.SourceData_Swine_MMS_MCFs_Data(),Table_SourceData_Swine_MMSMCF[[#Headers],[MMS]],0)} -> 0.04 | H30: {=Common_InputFunctions.Utility_DisplayArrayInTable(SourceData_Swine.SourceData_Swine_MMS_MCFs_Data(),Table_SourceData_Swine_MMSMCF[[#Headers],[MMS]],0)} -> 0.04 | I30: {=Common_InputFunctions.Utility_DisplayArrayInTable(SourceData_Swine.SourceData_Swine_MMS_MCFs_Data(),Table_SourceData_Swine_MMSMCF[[#Headers],[MMS]],0)} -> 0.04 | J30: {=Common_InputFunctions.Utility_DisplayArrayInTable(SourceData_Swine.SourceData_Swine_MMS_MCFs_Data(),Table_SourceData_Swine_MMSMCF[[#Headers],[MMS]],0)} -> 0.04 | K30: {=Common_InputFunctions.Utility_DisplayArrayInTable(SourceData_Swine.SourceData_Swine_MMS_MCFs_Data(),Table_SourceData_Swine_MMSMCF[[#Headers],[MMS]],0)} -> 0.04 | ... M30: {=Common_InputFunctions.Utility_DisplayArrayInTable(SourceData_Swine.SourceData_Swine_MMS_MCFs_Data(),Table_SourceData_Swine_MMSMCF[[#Headers],[MMS]],0)} -> Deep litter
D31: {=Common_InputFunctions.Utility_DisplayArrayInTable(SourceData_Swine.SourceData_Swine_MMS_MCFs_Data(),Table_SourceData_Swine_MMSMCF[[#Headers],[MMS]],0)} -> Stockpile (Solid storage) | E31: {=Common_InputFunctions.Utility_DisplayArrayInTable(SourceData_Swine.SourceData_Swine_MMS_MCFs_Data(),Table_SourceData_Swine_MMSMCF[[#Headers],[MMS]],0)} -> 0.02 | F31: {=Common_InputFunctions.Utility_DisplayArrayInTable(SourceData_Swine.SourceData_Swine_MMS_MCFs_Data(),Table_SourceData_Swine_MMSMCF[[#Headers],[MMS]],0)} -> 0.02 | G31: {=Common_InputFunctions.Utility_DisplayArrayInTable(SourceData_Swine.SourceData_Swine_MMS_MCFs_Data(),Table_SourceData_Swine_MMSMCF[[#Headers],[MMS]],0)} -> 0.02 | H31: {=Common_InputFunctions.Utility_DisplayArrayInTable(SourceData_Swine.SourceData_Swine_MMS_MCFs_Data(),Table_SourceData_Swine_MMSMCF[[#Headers],[MMS]],0)} -> 0.02 | I31: {=Common_InputFunctions.Utility_DisplayArrayInTable(SourceData_Swine.SourceData_Swine_MMS_MCFs_Data(),Table_SourceData_Swine_MMSMCF[[#Headers],[MMS]],0)} -> 0.02 | J31: {=Common_InputFunctions.Utility_DisplayArrayInTable(SourceData_Swine.SourceData_Swine_MMS_MCFs_Data(),Table_SourceData_Swine_MMSMCF[[#Headers],[MMS]],0)} -> 0.02 | K31: {=Common_InputFunctions.Utility_DisplayArrayInTable(SourceData_Swine.SourceData_Swine_MMS_MCFs_Data(),Table_SourceData_Swine_MMSMCF[[#Headers],[MMS]],0)} -> 0.02 | ... M31: {=Common_InputFunctions.Utility_DisplayArrayInTable(SourceData_Swine.SourceData_Swine_MMS_MCFs_Data(),Table_SourceData_Swine_MMSMCF[[#Headers],[MMS]],0)} -> Solid storage
D32: {=Common_InputFunctions.Utility_DisplayArrayInTable(SourceData_Swine.SourceData_Swine_MMS_MCFs_Data(),Table_SourceData_Swine_MMSMCF[[#Headers],[MMS]],0)} -> Effluent pond (Uncovered anaerobic lagoon) | E32: {=Common_InputFunctions.Utility_DisplayArrayInTable(SourceData_Swine.SourceData_Swine_MMS_MCFs_Data(),Table_SourceData_Swine_MMSMCF[[#Headers],[MMS]],0)} -> 0.75 | F32: {=Common_InputFunctions.Utility_DisplayArrayInTable(SourceData_Swine.SourceData_Swine_MMS_MCFs_Data(),Table_SourceData_Swine_MMSMCF[[#Headers],[MMS]],0)} -> 0.75 | G32: {=Common_InputFunctions.Utility_DisplayArrayInTable(SourceData_Swine.SourceData_Swine_MMS_MCFs_Data(),Table_SourceData_Swine_MMSMCF[[#Headers],[MMS]],0)} -> 0.78 | H32: {=Common_InputFunctions.Utility_DisplayArrayInTable(SourceData_Swine.SourceData_Swine_MMS_MCFs_Data(),Table_SourceData_Swine_MMSMCF[[#Headers],[MMS]],0)} -> 0.78 | I32: {=Common_InputFunctions.Utility_DisplayArrayInTable(SourceData_Swine.SourceData_Swine_MMS_MCFs_Data(),Table_SourceData_Swine_MMSMCF[[#Headers],[MMS]],0)} -> 0.75 | J32: {=Common_InputFunctions.Utility_DisplayArrayInTable(SourceData_Swine.SourceData_Swine_MMS_MCFs_Data(),Table_SourceData_Swine_MMSMCF[[#Headers],[MMS]],0)} -> 0.7 | K32: {=Common_InputFunctions.Utility_DisplayArrayInTable(SourceData_Swine.SourceData_Swine_MMS_MCFs_Data(),Table_SourceData_Swine_MMSMCF[[#Headers],[MMS]],0)} -> 0.74 | ... M32: {=Common_InputFunctions.Utility_DisplayArrayInTable(SourceData_Swine.SourceData_Swine_MMS_MCFs_Data(),Table_SourceData_Swine_MMSMCF[[#Headers],[MMS]],0)} -> Anaerobic lagoon
D33: {=Common_InputFunctions.Utility_DisplayArrayInTable(SourceData_Swine.SourceData_Swine_MMS_MCFs_Data(),Table_SourceData_Swine_MMSMCF[[#Headers],[MMS]],0)} -> Anaerobic digester / Covered lagoon | E33: {=Common_InputFunctions.Utility_DisplayArrayInTable(SourceData_Swine.SourceData_Swine_MMS_MCFs_Data(),Table_SourceData_Swine_MMSMCF[[#Headers],[MMS]],0)} -> 0.1 | F33: {=Common_InputFunctions.Utility_DisplayArrayInTable(SourceData_Swine.SourceData_Swine_MMS_MCFs_Data(),Table_SourceData_Swine_MMSMCF[[#Headers],[MMS]],0)} -> 0.1 | G33: {=Common_InputFunctions.Utility_DisplayArrayInTable(SourceData_Swine.SourceData_Swine_MMS_MCFs_Data(),Table_SourceData_Swine_MMSMCF[[#Headers],[MMS]],0)} -> 0.1 | H33: {=Common_InputFunctions.Utility_DisplayArrayInTable(SourceData_Swine.SourceData_Swine_MMS_MCFs_Data(),Table_SourceData_Swine_MMSMCF[[#Headers],[MMS]],0)} -> 0.1 | I33: {=Common_InputFunctions.Utility_DisplayArrayInTable(SourceData_Swine.SourceData_Swine_MMS_MCFs_Data(),Table_SourceData_Swine_MMSMCF[[#Headers],[MMS]],0)} -> 0.1 | J33: {=Common_InputFunctions.Utility_DisplayArrayInTable(SourceData_Swine.SourceData_Swine_MMS_MCFs_Data(),Table_SourceData_Swine_MMSMCF[[#Headers],[MMS]],0)} -> 0.1 | K33: {=Common_InputFunctions.Utility_DisplayArrayInTable(SourceData_Swine.SourceData_Swine_MMS_MCFs_Data(),Table_SourceData_Swine_MMSMCF[[#Headers],[MMS]],0)} -> 0.1 | ... M33: {=Common_InputFunctions.Utility_DisplayArrayInTable(SourceData_Swine.SourceData_Swine_MMS_MCFs_Data(),Table_SourceData_Swine_MMSMCF[[#Headers],[MMS]],0)} -> Digester / covered lagoons
D34: {=Common_InputFunctions.Utility_DisplayArrayInTable(SourceData_Swine.SourceData_Swine_MMS_MCFs_Data(),Table_SourceData_Swine_MMSMCF[[#Headers],[MMS]],0)} -> Short HRT tank storage < 1 month (pit storage) | E34: {=Common_InputFunctions.Utility_DisplayArrayInTable(SourceData_Swine.SourceData_Swine_MMS_MCFs_Data(),Table_SourceData_Swine_MMSMCF[[#Headers],[MMS]],0)} -> 0.03 | F34: {=Common_InputFunctions.Utility_DisplayArrayInTable(SourceData_Swine.SourceData_Swine_MMS_MCFs_Data(),Table_SourceData_Swine_MMSMCF[[#Headers],[MMS]],0)} -> 0.03 | G34: {=Common_InputFunctions.Utility_DisplayArrayInTable(SourceData_Swine.SourceData_Swine_MMS_MCFs_Data(),Table_SourceData_Swine_MMSMCF[[#Headers],[MMS]],0)} -> 0.03 | H34: {=Common_InputFunctions.Utility_DisplayArrayInTable(SourceData_Swine.SourceData_Swine_MMS_MCFs_Data(),Table_SourceData_Swine_MMSMCF[[#Headers],[MMS]],0)} -> 0.03 | I34: {=Common_InputFunctions.Utility_DisplayArrayInTable(SourceData_Swine.SourceData_Swine_MMS_MCFs_Data(),Table_SourceData_Swine_MMSMCF[[#Headers],[MMS]],0)} -> 0.03 | J34: {=Common_InputFunctions.Utility_DisplayArrayInTable(SourceData_Swine.SourceData_Swine_MMS_MCFs_Data(),Table_SourceData_Swine_MMSMCF[[#Headers],[MMS]],0)} -> 0.03 | K34: {=Common_InputFunctions.Utility_DisplayArrayInTable(SourceData_Swine.SourceData_Swine_MMS_MCFs_Data(),Table_SourceData_Swine_MMSMCF[[#Headers],[MMS]],0)} -> 0.03 | ... M34: {=Common_InputFunctions.Utility_DisplayArrayInTable(SourceData_Swine.SourceData_Swine_MMS_MCFs_Data(),Table_SourceData_Swine_MMSMCF[[#Headers],[MMS]],0)} -> Pit storage
D35: {=Common_InputFunctions.Utility_DisplayArrayInTable(SourceData_Swine.SourceData_Swine_MMS_MCFs_Data(),Table_SourceData_Swine_MMSMCF[[#Headers],[MMS]],0)} -> Direct Application to soil | E35: {=Common_InputFunctions.Utility_DisplayArrayInTable(SourceData_Swine.SourceData_Swine_MMS_MCFs_Data(),Table_SourceData_Swine_MMSMCF[[#Headers],[MMS]],0)} -> 0 | F35: {=Common_InputFunctions.Utility_DisplayArrayInTable(SourceData_Swine.SourceData_Swine_MMS_MCFs_Data(),Table_SourceData_Swine_MMSMCF[[#Headers],[MMS]],0)} -> 0 | G35: {=Common_InputFunctions.Utility_DisplayArrayInTable(SourceData_Swine.SourceData_Swine_MMS_MCFs_Data(),Table_SourceData_Swine_MMSMCF[[#Headers],[MMS]],0)} -> 0 | H35: {=Common_InputFunctions.Utility_DisplayArrayInTable(SourceData_Swine.SourceData_Swine_MMS_MCFs_Data(),Table_SourceData_Swine_MMSMCF[[#Headers],[MMS]],0)} -> 0 | I35: {=Common_InputFunctions.Utility_DisplayArrayInTable(SourceData_Swine.SourceData_Swine_MMS_MCFs_Data(),Table_SourceData_Swine_MMSMCF[[#Headers],[MMS]],0)} -> 0 | J35: {=Common_InputFunctions.Utility_DisplayArrayInTable(SourceData_Swine.SourceData_Swine_MMS_MCFs_Data(),Table_SourceData_Swine_MMSMCF[[#Headers],[MMS]],0)} -> 0 | K35: {=Common_InputFunctions.Utility_DisplayArrayInTable(SourceData_Swine.SourceData_Swine_MMS_MCFs_Data(),Table_SourceData_Swine_MMSMCF[[#Headers],[MMS]],0)} -> 0 | ... M35: {=Common_InputFunctions.Utility_DisplayArrayInTable(SourceData_Swine.SourceData_Swine_MMS_MCFs_Data(),Table_SourceData_Swine_MMSMCF[[#Headers],[MMS]],0)} -> Direct application
D38: Swine Manure management systems | G38: Swine Manure management systems excl. solid storage and direct application | K38: Swine Manure management systems excl. direct application
D40: MMS | E40: Symbol and MMS | G40: MMS | H40: Symbol and MMS | K40: MMS | L40: Symbol and MMS
D41: ='Constants - Common Livestock'!$E$7 -> Anaerobic lagoon | E41: ='Constants - Common Livestock'!$F$7 -> Anaerobic lagoon (m=1) | G41: ='Constants - Common Livestock'!$E$7 -> Anaerobic lagoon | H41: ='Constants - Common Livestock'!$F$7 -> Anaerobic lagoon (m=1) | K41: ='Constants - Common Livestock'!$E$7 -> Anaerobic lagoon | L41: ='Constants - Common Livestock'!$F$7 -> Anaerobic lagoon (m=1)
D42: ='Constants - Common Livestock'!$E$12 -> Solid storage | E42: ='Constants - Common Livestock'!$F$12 -> Solid storage (m=4) | G42: ='Constants - Common Livestock'!$E$13 -> Drylot (feed pad) | H42: ='Constants - Common Livestock'!$F$13 -> Drylot (feed pad) (m=5) | K42: ='Constants - Common Livestock'!$E$12 -> Solid storage | L42: ='Constants - Common Livestock'!$F$12 -> Solid storage (m=4)
D43: ='Constants - Common Livestock'!$E$13 -> Drylot (feed pad) | E43: ='Constants - Common Livestock'!$F$13 -> Drylot (feed pad) (m=5) | G43: ='Constants - Common Livestock'!$E$15 -> Digester / covered lagoons | H43: ='Constants - Common Livestock'!$F$15 -> Digester / covered lagoons (m=7) | K43: ='Constants - Common Livestock'!$E$13 -> Drylot (feed pad) | L43: ='Constants - Common Livestock'!$F$13 -> Drylot (feed pad) (m=5)
D44: ='Constants - Common Livestock'!$E$15 -> Digester / covered lagoons | E44: ='Constants - Common Livestock'!$F$15 -> Digester / covered lagoons (m=7) | G44: ='Constants - Common Livestock'!$E$16 -> Deep litter | H44: ='Constants - Common Livestock'!$F$16 -> Deep litter (m=8) | K44: ='Constants - Common Livestock'!$E$15 -> Digester / covered lagoons | L44: ='Constants - Common Livestock'!$F$15 -> Digester / covered lagoons (m=7)
D45: ='Constants - Common Livestock'!$E$16 -> Deep litter | E45: ='Constants - Common Livestock'!$F$16 -> Deep litter (m=8) | G45: ='Constants - Common Livestock'!$E$17 -> Pit storage | H45: ='Constants - Common Livestock'!$F$17 -> Pit storage (m=9) | K45: ='Constants - Common Livestock'!$E$16 -> Deep litter | L45: ='Constants - Common Livestock'!$F$16 -> Deep litter (m=8)
D46: ='Constants - Common Livestock'!$E$17 -> Pit storage | E46: ='Constants - Common Livestock'!$F$17 -> Pit storage (m=9) | K46: ='Constants - Common Livestock'!$E$17 -> Pit storage | L46: ='Constants - Common Livestock'!$F$17 -> Pit storage (m=9)
D47: ='Constants - Common Livestock'!$E$23 -> Direct application | E47: ='Constants - Common Livestock'!$F$23 -> Direct application (m=13)
D51: Fraction volatile solids lost during storage in primary system | G51: Swine housing
D53: MMS | E53: VSL | G53: Production system
D54: ='Constants - Common Livestock'!$E$7 -> Anaerobic lagoon | E54: 0 | G54: {=Common_InputFunctions.Utility_DisplayArrayInTable(SourceData_Swine.SourceData_Swine_ProductionSystems_Data(), Table_SourceData_Swine_ProductionSystems[[#Headers],[Production system]], 0)} -> Conventional housing
D55: ='Constants - Common Livestock'!$E$12 -> Solid storage | E55: 0 | G55: {=Common_InputFunctions.Utility_DisplayArrayInTable(SourceData_Swine.SourceData_Swine_ProductionSystems_Data(), Table_SourceData_Swine_ProductionSystems[[#Headers],[Production system]], 0)} -> Deep litter housing
D56: ='Constants - Common Livestock'!$E$13 -> Drylot (feed pad) | E56: 0 | G56: {=Common_InputFunctions.Utility_DisplayArrayInTable(SourceData_Swine.SourceData_Swine_ProductionSystems_Data(), Table_SourceData_Swine_ProductionSystems[[#Headers],[Production system]], 0)} -> Outdoor/free range
D57: ='Constants - Common Livestock'!$E$15 -> Digester / covered lagoons | E57: 0.75
D58: ='Constants - Common Livestock'!$E$16 -> Deep litter | E58: 0.05
D59: ='Constants - Common Livestock'!$E$17 -> Pit storage | E59: 0
D60: ='Constants - Common Livestock'!$E$23 -> Direct application | E60: 0
A63: =HYPERLINK("#A1", "▲ Back to top") -> ▲ Back to top | D63: {=SourceData_Swine.SourceData_Swine_VolatileSolids_Title()} -> Swine - Volatile solids (VSj) - 2020 to 2024
D64: {=SourceData_Swine.SourceData_Swine_VolatileSolids_Source()} -> VEERG 2026: Table A.1.6.1: Swine - Intake and manure characteristics derived from PigBal
D65: {=SourceData_Swine.SourceData_Swine_VolatileSolids_Variation()} -> VARIATION ON SOURCE DATA: Only uses data for 2020-2024. Use 'Slaughter pigs' data for 'Other j=4' class.
D67: Class | E67: VSj
D68: {=Common_InputFunctions.Utility_DisplayArrayInTable(SourceData_Swine.SourceData_Swine_VolatileSolids_Data(), Table_SourceData_Swine_VolatileSolids[[#Headers],[Class]], 0)} -> Boars | E68: {=Common_InputFunctions.Utility_DisplayArrayInTable(SourceData_Swine.SourceData_Swine_VolatileSolids_Data(), Table_SourceData_Swine_VolatileSolids[[#Headers],[Class]], 0)} -> 0.4
D69: {=Common_InputFunctions.Utility_DisplayArrayInTable(SourceData_Swine.SourceData_Swine_VolatileSolids_Data(), Table_SourceData_Swine_VolatileSolids[[#Headers],[Class]], 0)} -> Sows | E69: {=Common_InputFunctions.Utility_DisplayArrayInTable(SourceData_Swine.SourceData_Swine_VolatileSolids_Data(), Table_SourceData_Swine_VolatileSolids[[#Headers],[Class]], 0)} -> 0.46
D70: {=Common_InputFunctions.Utility_DisplayArrayInTable(SourceData_Swine.SourceData_Swine_VolatileSolids_Data(), Table_SourceData_Swine_VolatileSolids[[#Headers],[Class]], 0)} -> Gilts | E70: {=Common_InputFunctions.Utility_DisplayArrayInTable(SourceData_Swine.SourceData_Swine_VolatileSolids_Data(), Table_SourceData_Swine_VolatileSolids[[#Headers],[Class]], 0)} -> 0.55
D71: {=Common_InputFunctions.Utility_DisplayArrayInTable(SourceData_Swine.SourceData_Swine_VolatileSolids_Data(), Table_SourceData_Swine_VolatileSolids[[#Headers],[Class]], 0)} -> Others | E71: {=Common_InputFunctions.Utility_DisplayArrayInTable(SourceData_Swine.SourceData_Swine_VolatileSolids_Data(), Table_SourceData_Swine_VolatileSolids[[#Headers],[Class]], 0)} -> 0.39
D74: {=SourceData_Swine.SourceData_Swine_FeedIntake_Title()} -> Swine - Feed intake - ingested as fed (Ij) - 2020 to 2024
D75: {=SourceData_Swine.SourceData_Swine_FeedIntake_Source()} -> VEERG 2026: Table A.1.6.1: Swine - Intake and manure characteristics derived from PigBal
D76: {=SourceData_Swine.SourceData_Swine_FeedIntake_Variation()} -> VARIATION ON SOURCE DATA: Only uses data for 2020-2024. Use 'Slaughter pigs' data for 'Other j=4' class.
D78: Class | E78: Ij
D79: {=Common_InputFunctions.Utility_DisplayArrayInTable(SourceData_Swine.SourceData_Swine_FeedIntake_Data(), Table_SourceData_Swine_FeedIntake[[#Headers],[Class]], 0)} -> Boars | E79: {=Common_InputFunctions.Utility_DisplayArrayInTable(SourceData_Swine.SourceData_Swine_FeedIntake_Data(), Table_SourceData_Swine_FeedIntake[[#Headers],[Class]], 0)} -> 2.62
D80: {=Common_InputFunctions.Utility_DisplayArrayInTable(SourceData_Swine.SourceData_Swine_FeedIntake_Data(), Table_SourceData_Swine_FeedIntake[[#Headers],[Class]], 0)} -> Sows | E80: {=Common_InputFunctions.Utility_DisplayArrayInTable(SourceData_Swine.SourceData_Swine_FeedIntake_Data(), Table_SourceData_Swine_FeedIntake[[#Headers],[Class]], 0)} -> 2.3
D81: {=Common_InputFunctions.Utility_DisplayArrayInTable(SourceData_Swine.SourceData_Swine_FeedIntake_Data(), Table_SourceData_Swine_FeedIntake[[#Headers],[Class]], 0)} -> Gilts | E81: {=Common_InputFunctions.Utility_DisplayArrayInTable(SourceData_Swine.SourceData_Swine_FeedIntake_Data(), Table_SourceData_Swine_FeedIntake[[#Headers],[Class]], 0)} -> 2.5
D82: {=Common_InputFunctions.Utility_DisplayArrayInTable(SourceData_Swine.SourceData_Swine_FeedIntake_Data(), Table_SourceData_Swine_FeedIntake[[#Headers],[Class]], 0)} -> Others | E82: {=Common_InputFunctions.Utility_DisplayArrayInTable(SourceData_Swine.SourceData_Swine_FeedIntake_Data(), Table_SourceData_Swine_FeedIntake[[#Headers],[Class]], 0)} -> 1.71
D85: {=SourceData_Swine.SourceData_Swine_NitrogenInWaste_Title()} -> Swine - Nitrogen in waste (NWj) - 2020 to 2024
D86: {=SourceData_Swine.SourceData_Swine_NitrogenInWaste_Source()} -> VEERG 2026: Table A.1.6.1: Swine - Intake and manure characteristics derived from PigBal
D87: {=SourceData_Swine.SourceData_Swine_NitrogenInWaste_Variation()} -> VARIATION ON SOURCE DATA: Only uses data for 2020-2024. Use 'Slaughter pigs' data for 'Other j=4' class. Added 'NWj daily' column to provide daily value for Others class. Added 'Class name' column to aid lookup.
D89: Class | E89: NWj | F89: NWj Daily | G89: Class name
D90: {=Common_InputFunctions.Utility_DisplayArrayInTable(SourceData_Swine.SourceData_Swine_NitrogenInWaste_Data(), Table_SourceData_Swine_NitrogenInWaste[[#Headers],[Class]], 0)} -> Boars | E90: {=Common_InputFunctions.Utility_DisplayArrayInTable(SourceData_Swine.SourceData_Swine_NitrogenInWaste_Data(), Table_SourceData_Swine_NitrogenInWaste[[#Headers],[Class]], 0)} -> 0.046 | F90: {=Common_InputFunctions.Utility_DisplayArrayInTable(SourceData_Swine.SourceData_Swine_NitrogenInWaste_Data(), Table_SourceData_Swine_NitrogenInWaste[[#Headers],[Class]], 0)} -> 0.046 | G90: {=Common_InputFunctions.Utility_DisplayArrayInTable(SourceData_Swine.SourceData_Swine_NitrogenInWaste_Data(), Table_SourceData_Swine_NitrogenInWaste[[#Headers],[Class]], 0)} -> Boars
D91: {=Common_InputFunctions.Utility_DisplayArrayInTable(SourceData_Swine.SourceData_Swine_NitrogenInWaste_Data(), Table_SourceData_Swine_NitrogenInWaste[[#Headers],[Class]], 0)} -> Sows | E91: {=Common_InputFunctions.Utility_DisplayArrayInTable(SourceData_Swine.SourceData_Swine_NitrogenInWaste_Data(), Table_SourceData_Swine_NitrogenInWaste[[#Headers],[Class]], 0)} -> 0.049 | F91: {=Common_InputFunctions.Utility_DisplayArrayInTable(SourceData_Swine.SourceData_Swine_NitrogenInWaste_Data(), Table_SourceData_Swine_NitrogenInWaste[[#Headers],[Class]], 0)} -> 0.049 | G91: {=Common_InputFunctions.Utility_DisplayArrayInTable(SourceData_Swine.SourceData_Swine_NitrogenInWaste_Data(), Table_SourceData_Swine_NitrogenInWaste[[#Headers],[Class]], 0)} -> Sows
D92: {=Common_InputFunctions.Utility_DisplayArrayInTable(SourceData_Swine.SourceData_Swine_NitrogenInWaste_Data(), Table_SourceData_Swine_NitrogenInWaste[[#Headers],[Class]], 0)} -> Gilts | E92: {=Common_InputFunctions.Utility_DisplayArrayInTable(SourceData_Swine.SourceData_Swine_NitrogenInWaste_Data(), Table_SourceData_Swine_NitrogenInWaste[[#Headers],[Class]], 0)} -> 0.046 | F92: {=Common_InputFunctions.Utility_DisplayArrayInTable(SourceData_Swine.SourceData_Swine_NitrogenInWaste_Data(), Table_SourceData_Swine_NitrogenInWaste[[#Headers],[Class]], 0)} -> 0.046 | G92: {=Common_InputFunctions.Utility_DisplayArrayInTable(SourceData_Swine.SourceData_Swine_NitrogenInWaste_Data(), Table_SourceData_Swine_NitrogenInWaste[[#Headers],[Class]], 0)} -> Gilts
D93: {=Common_InputFunctions.Utility_DisplayArrayInTable(SourceData_Swine.SourceData_Swine_NitrogenInWaste_Data(), Table_SourceData_Swine_NitrogenInWaste[[#Headers],[Class]], 0)} -> Others (kg/head/year) | E93: {=Common_InputFunctions.Utility_DisplayArrayInTable(SourceData_Swine.SourceData_Swine_NitrogenInWaste_Data(), Table_SourceData_Swine_NitrogenInWaste[[#Headers],[Class]], 0)} -> 11.4 | F93: {=Common_InputFunctions.Utility_DisplayArrayInTable(SourceData_Swine.SourceData_Swine_NitrogenInWaste_Data(), Table_SourceData_Swine_NitrogenInWaste[[#Headers],[Class]], 0)} -> 0.0312 | G93: {=Common_InputFunctions.Utility_DisplayArrayInTable(SourceData_Swine.SourceData_Swine_NitrogenInWaste_Data(), Table_SourceData_Swine_NitrogenInWaste[[#Headers],[Class]], 0)} -> Others
D96: {=SourceData_Swine.SourceData_Swine_FractionNVolatilised_Title()} -> Swine - Fraction of nitrogen volatilised (FracGASMmT)
D97: {=SourceData_Swine.SourceData_Swine_FractionNVolatilised_Source()} -> VEERG 2026: Table A.1.6.2: Swine - Fraction of N volatilised by MMS ((kg NH3-N + NOx-N)/kgN) (FracGASMmT)
D98: {=SourceData_Swine.SourceData_Swine_FractionNVolatilised_Variation()} -> VARIATION ON SOURCE DATA: Added 'NIR reference column to aid lookup.
D99: MMSm | E99: FracGASMmT | F99: NIR reference
D100: {=Common_InputFunctions.Utility_DisplayArrayInTable(SourceData_Swine.SourceData_Swine_FractionNVolatilised_Data(), Table_SourceData_Swine_FracGASM[[#Headers],[MMSm]],0)} -> Outdoor (Dry lot) | E100: {=Common_InputFunctions.Utility_DisplayArrayInTable(SourceData_Swine.SourceData_Swine_FractionNVolatilised_Data(), Table_SourceData_Swine_FracGASM[[#Headers],[MMSm]],0)} -> 0.3 | F100: {=Common_InputFunctions.Utility_DisplayArrayInTable(SourceData_Swine.SourceData_Swine_FractionNVolatilised_Data(), Table_SourceData_Swine_FracGASM[[#Headers],[MMSm]],0)} -> Drylot (feed pad)
D101: {=Common_InputFunctions.Utility_DisplayArrayInTable(SourceData_Swine.SourceData_Swine_FractionNVolatilised_Data(), Table_SourceData_Swine_FracGASM[[#Headers],[MMSm]],0)} -> Deep litter | E101: {=Common_InputFunctions.Utility_DisplayArrayInTable(SourceData_Swine.SourceData_Swine_FractionNVolatilised_Data(), Table_SourceData_Swine_FracGASM[[#Headers],[MMSm]],0)} -> 0.125 | F101: {=Common_InputFunctions.Utility_DisplayArrayInTable(SourceData_Swine.SourceData_Swine_FractionNVolatilised_Data(), Table_SourceData_Swine_FracGASM[[#Headers],[MMSm]],0)} -> Deep litter
D102: {=Common_InputFunctions.Utility_DisplayArrayInTable(SourceData_Swine.SourceData_Swine_FractionNVolatilised_Data(), Table_SourceData_Swine_FracGASM[[#Headers],[MMSm]],0)} -> Stockpile (Solid storage) | E102: {=Common_InputFunctions.Utility_DisplayArrayInTable(SourceData_Swine.SourceData_Swine_FractionNVolatilised_Data(), Table_SourceData_Swine_FracGASM[[#Headers],[MMSm]],0)} -> 0.2 | F102: {=Common_InputFunctions.Utility_DisplayArrayInTable(SourceData_Swine.SourceData_Swine_FractionNVolatilised_Data(), Table_SourceData_Swine_FracGASM[[#Headers],[MMSm]],0)} -> Solid storage
D103: {=Common_InputFunctions.Utility_DisplayArrayInTable(SourceData_Swine.SourceData_Swine_FractionNVolatilised_Data(), Table_SourceData_Swine_FracGASM[[#Headers],[MMSm]],0)} -> Effluent pond (Uncovered anaerobic lagoon) | E103: {=Common_InputFunctions.Utility_DisplayArrayInTable(SourceData_Swine.SourceData_Swine_FractionNVolatilised_Data(), Table_SourceData_Swine_FracGASM[[#Headers],[MMSm]],0)} -> 0.55 | F103: {=Common_InputFunctions.Utility_DisplayArrayInTable(SourceData_Swine.SourceData_Swine_FractionNVolatilised_Data(), Table_SourceData_Swine_FracGASM[[#Headers],[MMSm]],0)} -> Anaerobic lagoon
D104: {=Common_InputFunctions.Utility_DisplayArrayInTable(SourceData_Swine.SourceData_Swine_FractionNVolatilised_Data(), Table_SourceData_Swine_FracGASM[[#Headers],[MMSm]],0)} -> Anaerobic digester / Covered lagoon | E104: {=Common_InputFunctions.Utility_DisplayArrayInTable(SourceData_Swine.SourceData_Swine_FractionNVolatilised_Data(), Table_SourceData_Swine_FracGASM[[#Headers],[MMSm]],0)} -> 0 | F104: {=Common_InputFunctions.Utility_DisplayArrayInTable(SourceData_Swine.SourceData_Swine_FractionNVolatilised_Data(), Table_SourceData_Swine_FracGASM[[#Headers],[MMSm]],0)} -> Digester / covered lagoons
D105: {=Common_InputFunctions.Utility_DisplayArrayInTable(SourceData_Swine.SourceData_Swine_FractionNVolatilised_Data(), Table_SourceData_Swine_FracGASM[[#Headers],[MMSm]],0)} -> Short HRT tank storage < 1 month (pit storage) | E105: {=Common_InputFunctions.Utility_DisplayArrayInTable(SourceData_Swine.SourceData_Swine_FractionNVolatilised_Data(), Table_SourceData_Swine_FracGASM[[#Headers],[MMSm]],0)} -> 0.25 | F105: {=Common_InputFunctions.Utility_DisplayArrayInTable(SourceData_Swine.SourceData_Swine_FractionNVolatilised_Data(), Table_SourceData_Swine_FracGASM[[#Headers],[MMSm]],0)} -> Pit storage
D108: {=SourceData_Swine.SourceData_Swine_NitrousOxideEFs_Title()} -> Swine - Nitrous oxide EFs by MMS (EFmT)
D109: {=SourceData_Swine.SourceData_Swine_NitrousOxideEFs_Source()} -> VEERG 2026: Table A.1.6.3: Swine - Nitrous oxide EFs by MMS (kgN2O-N/kgN) (EFmT)
D110: {=SourceData_Swine.SourceData_Swine_NitrousOxideEFs_Variation()} -> VARIATION ON SOURCE DATA: Added 'NIR reference column to aid lookup.
D111: MMSm | E111: EFmT | F111: NIR reference
D112: {=Common_InputFunctions.Utility_DisplayArrayInTable(SourceData_Swine.SourceData_Swine_NitrousOxideEFs_Data(), Table_SourceData_Swine_FracGASM28[[#Headers],[MMSm]],0)} -> Outdoor (Dry lot) | E112: {=Common_InputFunctions.Utility_DisplayArrayInTable(SourceData_Swine.SourceData_Swine_NitrousOxideEFs_Data(), Table_SourceData_Swine_FracGASM28[[#Headers],[MMSm]],0)} -> 0.02 | F112: {=Common_InputFunctions.Utility_DisplayArrayInTable(SourceData_Swine.SourceData_Swine_NitrousOxideEFs_Data(), Table_SourceData_Swine_FracGASM28[[#Headers],[MMSm]],0)} -> Drylot (feed pad)
D113: {=Common_InputFunctions.Utility_DisplayArrayInTable(SourceData_Swine.SourceData_Swine_NitrousOxideEFs_Data(), Table_SourceData_Swine_FracGASM28[[#Headers],[MMSm]],0)} -> Deep litter | E113: {=Common_InputFunctions.Utility_DisplayArrayInTable(SourceData_Swine.SourceData_Swine_NitrousOxideEFs_Data(), Table_SourceData_Swine_FracGASM28[[#Headers],[MMSm]],0)} -> 0.01 | F113: {=Common_InputFunctions.Utility_DisplayArrayInTable(SourceData_Swine.SourceData_Swine_NitrousOxideEFs_Data(), Table_SourceData_Swine_FracGASM28[[#Headers],[MMSm]],0)} -> Deep litter
D114: {=Common_InputFunctions.Utility_DisplayArrayInTable(SourceData_Swine.SourceData_Swine_NitrousOxideEFs_Data(), Table_SourceData_Swine_FracGASM28[[#Headers],[MMSm]],0)} -> Stockpile (Solid storage) | E114: {=Common_InputFunctions.Utility_DisplayArrayInTable(SourceData_Swine.SourceData_Swine_NitrousOxideEFs_Data(), Table_SourceData_Swine_FracGASM28[[#Headers],[MMSm]],0)} -> 0.005 | F114: {=Common_InputFunctions.Utility_DisplayArrayInTable(SourceData_Swine.SourceData_Swine_NitrousOxideEFs_Data(), Table_SourceData_Swine_FracGASM28[[#Headers],[MMSm]],0)} -> Solid storage
D115: {=Common_InputFunctions.Utility_DisplayArrayInTable(SourceData_Swine.SourceData_Swine_NitrousOxideEFs_Data(), Table_SourceData_Swine_FracGASM28[[#Headers],[MMSm]],0)} -> Effluent pond (Uncovered anaerobic lagoon) | E115: {=Common_InputFunctions.Utility_DisplayArrayInTable(SourceData_Swine.SourceData_Swine_NitrousOxideEFs_Data(), Table_SourceData_Swine_FracGASM28[[#Headers],[MMSm]],0)} -> 0 | F115: {=Common_InputFunctions.Utility_DisplayArrayInTable(SourceData_Swine.SourceData_Swine_NitrousOxideEFs_Data(), Table_SourceData_Swine_FracGASM28[[#Headers],[MMSm]],0)} -> Anaerobic lagoon
D116: {=Common_InputFunctions.Utility_DisplayArrayInTable(SourceData_Swine.SourceData_Swine_NitrousOxideEFs_Data(), Table_SourceData_Swine_FracGASM28[[#Headers],[MMSm]],0)} -> Anaerobic digestor / Covered lagoon | E116: {=Common_InputFunctions.Utility_DisplayArrayInTable(SourceData_Swine.SourceData_Swine_NitrousOxideEFs_Data(), Table_SourceData_Swine_FracGASM28[[#Headers],[MMSm]],0)} -> 0 | F116: {=Common_InputFunctions.Utility_DisplayArrayInTable(SourceData_Swine.SourceData_Swine_NitrousOxideEFs_Data(), Table_SourceData_Swine_FracGASM28[[#Headers],[MMSm]],0)} -> Digester / covered lagoons
A117: =HYPERLINK("#A1", "▲ Back to top") -> ▲ Back to top | D117: {=Common_InputFunctions.Utility_DisplayArrayInTable(SourceData_Swine.SourceData_Swine_NitrousOxideEFs_Data(), Table_SourceData_Swine_FracGASM28[[#Headers],[MMSm]],0)} -> Short HRT tank storage < 1 month (pit storage) | E117: {=Common_InputFunctions.Utility_DisplayArrayInTable(SourceData_Swine.SourceData_Swine_NitrousOxideEFs_Data(), Table_SourceData_Swine_FracGASM28[[#Headers],[MMSm]],0)} -> 0.002 | F117: {=Common_InputFunctions.Utility_DisplayArrayInTable(SourceData_Swine.SourceData_Swine_NitrousOxideEFs_Data(), Table_SourceData_Swine_FracGASM28[[#Headers],[MMSm]],0)} -> Pit storage
D120: {=SourceData_Swine.SourceData_Swine_MegajoulesPerKilogramMethane_Title()} -> Megajoules per kilogram of methane
D121: {=SourceData_Swine.SourceData_Swine_MegajoulesPerKilogramMethane_Source()} -> VEERG 2026: 3.5.2.3 CONSTANT
D122: {=SourceData_Swine.SourceData_Swine_MegajoulesPerKilogramMethane_Variable()} -> F | E122: {=SourceData_Swine.SourceData_Swine_MegajoulesPerKilogramMethane_Data()} -> 55.22 | F122: {=SourceData_Swine.SourceData_Swine_MegajoulesPerKilogramMethane_Unit()} -> MJ / kg CH4
D125: {=SourceData_Swine.SourceData_Swine_AverageLiveweight_Title()} -> Swine - Average liveweight (inventory defaults) (kg) (Wco)
D126: {=SourceData_Swine.SourceData_Swine_AverageLiveweight_Source()} -> VEERG 2026: Table A.1.6.5: Swine - Average liveweight (inventory defaults) (kg) (Wco)
D127: Livestock type j | E127: Average liveweight (kg)
D128: {=Common_InputFunctions.Utility_DisplayArrayInTable(SourceData_Swine.SourceData_Swine_AverageLiveweight_Data(),Table_SourceData_Swine_Liveweight[[#Headers],[Livestock type j]],0)} -> Sows | E128: {=Common_InputFunctions.Utility_DisplayArrayInTable(SourceData_Swine.SourceData_Swine_AverageLiveweight_Data(),Table_SourceData_Swine_Liveweight[[#Headers],[Livestock type j]],0)} -> 188
...

Sheet Constants - Dairy
A1: #VALUE! | C1: Source Data - Dairy
D5: Dairy manure management systems | G5: Dairy crop or pasture production systems | J5: Irrigation methods
D7: MMS | E7: Symbol and MMS | G7: Production system | J7: Irrigation method
D8: ='Constants - Common Livestock'!E7 -> Anaerobic lagoon | E8: ='Constants - Common Livestock'!F7 -> Anaerobic lagoon (m=1) | G8: ='Constants - Common'!$F$187 -> Pasture | J8: Not irrigated
D9: ='Constants - Common Livestock'!E10 -> Sump and dispersal system | E9: ='Constants - Common Livestock'!F10 -> Sump and dispersal system (m=3a) | G9: ='Constants - Common'!$F$188 -> Crop | J9: Drip irrigation
D10: ='Constants - Common Livestock'!E11 -> Drains to paddock | E10: ='Constants - Common Livestock'!F11 -> Drains to paddock (m=3b) | J10: Sprinkler irrigation
D11: ='Constants - Common Livestock'!E12 -> Solid storage | E11: ='Constants - Common Livestock'!F12 -> Solid storage (m=4) | J11: Surface irrigation
J12: Other irrigation
D16: {=SourceData_Dairy.SourceData_Dairy_LiveweightCowsAndHeifers_Title()} -> Table A.1.3.1: Dairy cattle - Liveweight (kg) - Cows and Heifers (Wj)
D17: {=SourceData_Dairy.SourceData_Dairy_LiveweightCowsAndHeifers_Source()} -> VEERG 2026: Table A.1.3.1
D18: {=SourceData_Dairy.SourceData_Dairy_LiveweightCowsAndHeifers_Variable()} -> Wj
D19: {=SourceData_Dairy.SourceData_Dairy_LiveweightCowsAndHeifers_Unit()} -> kg
D20: {=SourceData_Dairy.SourceData_Dairy_LiveweightCowsAndHeifers_Variation()} -> VARIATION OF SOURCE: Excluded 'Reference', as the value is consistently 'Dairy Australia [1]' and is not used in calculation.
D21: Breed | E21: Milking cows | F21: Heifers > 1 | G21: Heifers < 1 (weaned)
D22: {=Common_InputFunctions.Utility_DisplayArrayInTable(SourceData_Dairy.SourceData_Dairy_LiveweightCowsAndHeifers_Data(), Table_SourceData_Dairy_WjCowsHeifers[[#Headers],[Breed]], 0)} -> Medium Friesian | E22: {=Common_InputFunctions.Utility_DisplayArrayInTable(SourceData_Dairy.SourceData_Dairy_LiveweightCowsAndHeifers_Data(), Table_SourceData_Dairy_WjCowsHeifers[[#Headers],[Breed]], 0)} -> 550 | F22: {=Common_InputFunctions.Utility_DisplayArrayInTable(SourceData_Dairy.SourceData_Dairy_LiveweightCowsAndHeifers_Data(), Table_SourceData_Dairy_WjCowsHeifers[[#Headers],[Breed]], 0)} -> 380 | G22: {=Common_InputFunctions.Utility_DisplayArrayInTable(SourceData_Dairy.SourceData_Dairy_LiveweightCowsAndHeifers_Data(), Table_SourceData_Dairy_WjCowsHeifers[[#Headers],[Breed]], 0)} -> 155
D23: {=Common_InputFunctions.Utility_DisplayArrayInTable(SourceData_Dairy.SourceData_Dairy_LiveweightCowsAndHeifers_Data(), Table_SourceData_Dairy_WjCowsHeifers[[#Headers],[Breed]], 0)} -> Large Friesian | E23: {=Common_InputFunctions.Utility_DisplayArrayInTable(SourceData_Dairy.SourceData_Dairy_LiveweightCowsAndHeifers_Data(), Table_SourceData_Dairy_WjCowsHeifers[[#Headers],[Breed]], 0)} -> 600 | F23: {=Common_InputFunctions.Utility_DisplayArrayInTable(SourceData_Dairy.SourceData_Dairy_LiveweightCowsAndHeifers_Data(), Table_SourceData_Dairy_WjCowsHeifers[[#Headers],[Breed]], 0)} -> 415 | G23: {=Common_InputFunctions.Utility_DisplayArrayInTable(SourceData_Dairy.SourceData_Dairy_LiveweightCowsAndHeifers_Data(), Table_SourceData_Dairy_WjCowsHeifers[[#Headers],[Breed]], 0)} -> 170
D24: {=Common_InputFunctions.Utility_DisplayArrayInTable(SourceData_Dairy.SourceData_Dairy_LiveweightCowsAndHeifers_Data(), Table_SourceData_Dairy_WjCowsHeifers[[#Headers],[Breed]], 0)} -> Holstein-Friesian | E24: {=Common_InputFunctions.Utility_DisplayArrayInTable(SourceData_Dairy.SourceData_Dairy_LiveweightCowsAndHeifers_Data(), Table_SourceData_Dairy_WjCowsHeifers[[#Headers],[Breed]], 0)} -> 650 | F24: {=Common_InputFunctions.Utility_DisplayArrayInTable(SourceData_Dairy.SourceData_Dairy_LiveweightCowsAndHeifers_Data(), Table_SourceData_Dairy_WjCowsHeifers[[#Headers],[Breed]], 0)} -> 450 | G24: {=Common_InputFunctions.Utility_DisplayArrayInTable(SourceData_Dairy.SourceData_Dairy_LiveweightCowsAndHeifers_Data(), Table_SourceData_Dairy_WjCowsHeifers[[#Headers],[Breed]], 0)} -> 185
D25: {=Common_InputFunctions.Utility_DisplayArrayInTable(SourceData_Dairy.SourceData_Dairy_LiveweightCowsAndHeifers_Data(), Table_SourceData_Dairy_WjCowsHeifers[[#Headers],[Breed]], 0)} -> Friesian crossbred | E25: {=Common_InputFunctions.Utility_DisplayArrayInTable(SourceData_Dairy.SourceData_Dairy_LiveweightCowsAndHeifers_Data(), Table_SourceData_Dairy_WjCowsHeifers[[#Headers],[Breed]], 0)} -> 500 | F25: {=Common_InputFunctions.Utility_DisplayArrayInTable(SourceData_Dairy.SourceData_Dairy_LiveweightCowsAndHeifers_Data(), Table_SourceData_Dairy_WjCowsHeifers[[#Headers],[Breed]], 0)} -> 350 | G25: {=Common_InputFunctions.Utility_DisplayArrayInTable(SourceData_Dairy.SourceData_Dairy_LiveweightCowsAndHeifers_Data(), Table_SourceData_Dairy_WjCowsHeifers[[#Headers],[Breed]], 0)} -> 145
D26: {=Common_InputFunctions.Utility_DisplayArrayInTable(SourceData_Dairy.SourceData_Dairy_LiveweightCowsAndHeifers_Data(), Table_SourceData_Dairy_WjCowsHeifers[[#Headers],[Breed]], 0)} -> Jersey | E26: {=Common_InputFunctions.Utility_DisplayArrayInTable(SourceData_Dairy.SourceData_Dairy_LiveweightCowsAndHeifers_Data(), Table_SourceData_Dairy_WjCowsHeifers[[#Headers],[Breed]], 0)} -> 400 | F26: {=Common_InputFunctions.Utility_DisplayArrayInTable(SourceData_Dairy.SourceData_Dairy_LiveweightCowsAndHeifers_Data(), Table_SourceData_Dairy_WjCowsHeifers[[#Headers],[Breed]], 0)} -> 275 | G26: {=Common_InputFunctions.Utility_DisplayArrayInTable(SourceData_Dairy.SourceData_Dairy_LiveweightCowsAndHeifers_Data(), Table_SourceData_Dairy_WjCowsHeifers[[#Headers],[Breed]], 0)} -> 115
D27: {=Common_InputFunctions.Utility_DisplayArrayInTable(SourceData_Dairy.SourceData_Dairy_LiveweightCowsAndHeifers_Data(), Table_SourceData_Dairy_WjCowsHeifers[[#Headers],[Breed]], 0)} -> Jersey crossbred | E27: {=Common_InputFunctions.Utility_DisplayArrayInTable(SourceData_Dairy.SourceData_Dairy_LiveweightCowsAndHeifers_Data(), Table_SourceData_Dairy_WjCowsHeifers[[#Headers],[Breed]], 0)} -> 450 | F27: {=Common_InputFunctions.Utility_DisplayArrayInTable(SourceData_Dairy.SourceData_Dairy_LiveweightCowsAndHeifers_Data(), Table_SourceData_Dairy_WjCowsHeifers[[#Headers],[Breed]], 0)} -> 315 | G27: {=Common_InputFunctions.Utility_DisplayArrayInTable(SourceData_Dairy.SourceData_Dairy_LiveweightCowsAndHeifers_Data(), Table_SourceData_Dairy_WjCowsHeifers[[#Headers],[Breed]], 0)} -> 130
D28: {=Common_InputFunctions.Utility_DisplayArrayInTable(SourceData_Dairy.SourceData_Dairy_LiveweightCowsAndHeifers_Data(), Table_SourceData_Dairy_WjCowsHeifers[[#Headers],[Breed]], 0)} -> Ayrshire | E28: {=Common_InputFunctions.Utility_DisplayArrayInTable(SourceData_Dairy.SourceData_Dairy_LiveweightCowsAndHeifers_Data(), Table_SourceData_Dairy_WjCowsHeifers[[#Headers],[Breed]], 0)} -> 540 | F28: {=Common_InputFunctions.Utility_DisplayArrayInTable(SourceData_Dairy.SourceData_Dairy_LiveweightCowsAndHeifers_Data(), Table_SourceData_Dairy_WjCowsHeifers[[#Headers],[Breed]], 0)} -> 375 | G28: {=Common_InputFunctions.Utility_DisplayArrayInTable(SourceData_Dairy.SourceData_Dairy_LiveweightCowsAndHeifers_Data(), Table_SourceData_Dairy_WjCowsHeifers[[#Headers],[Breed]], 0)} -> 150
D29: {=Common_InputFunctions.Utility_DisplayArrayInTable(SourceData_Dairy.SourceData_Dairy_LiveweightCowsAndHeifers_Data(), Table_SourceData_Dairy_WjCowsHeifers[[#Headers],[Breed]], 0)} -> Guernsey | E29: {=Common_InputFunctions.Utility_DisplayArrayInTable(SourceData_Dairy.SourceData_Dairy_LiveweightCowsAndHeifers_Data(), Table_SourceData_Dairy_WjCowsHeifers[[#Headers],[Breed]], 0)} -> 480 | F29: {=Common_InputFunctions.Utility_DisplayArrayInTable(SourceData_Dairy.SourceData_Dairy_LiveweightCowsAndHeifers_Data(), Table_SourceData_Dairy_WjCowsHeifers[[#Headers],[Breed]], 0)} -> 335 | G29: {=Common_InputFunctions.Utility_DisplayArrayInTable(SourceData_Dairy.SourceData_Dairy_LiveweightCowsAndHeifers_Data(), Table_SourceData_Dairy_WjCowsHeifers[[#Headers],[Breed]], 0)} -> 140
D30: {=Common_InputFunctions.Utility_DisplayArrayInTable(SourceData_Dairy.SourceData_Dairy_LiveweightCowsAndHeifers_Data(), Table_SourceData_Dairy_WjCowsHeifers[[#Headers],[Breed]], 0)} -> Brown Swiss | E30: {=Common_InputFunctions.Utility_DisplayArrayInTable(SourceData_Dairy.SourceData_Dairy_LiveweightCowsAndHeifers_Data(), Table_SourceData_Dairy_WjCowsHeifers[[#Headers],[Breed]], 0)} -> 600 | F30: {=Common_InputFunctions.Utility_DisplayArrayInTable(SourceData_Dairy.SourceData_Dairy_LiveweightCowsAndHeifers_Data(), Table_SourceData_Dairy_WjCowsHeifers[[#Headers],[Breed]], 0)} -> 415 | G30: {=Common_InputFunctions.Utility_DisplayArrayInTable(SourceData_Dairy.SourceData_Dairy_LiveweightCowsAndHeifers_Data(), Table_SourceData_Dairy_WjCowsHeifers[[#Headers],[Breed]], 0)} -> 170
D31: {=Common_InputFunctions.Utility_DisplayArrayInTable(SourceData_Dairy.SourceData_Dairy_LiveweightCowsAndHeifers_Data(), Table_SourceData_Dairy_WjCowsHeifers[[#Headers],[Breed]], 0)} -> Illawarra/Aussie Red | E31: {=Common_InputFunctions.Utility_DisplayArrayInTable(SourceData_Dairy.SourceData_Dairy_LiveweightCowsAndHeifers_Data(), Table_SourceData_Dairy_WjCowsHeifers[[#Headers],[Breed]], 0)} -> 550 | F31: {=Common_InputFunctions.Utility_DisplayArrayInTable(SourceData_Dairy.SourceData_Dairy_LiveweightCowsAndHeifers_Data(), Table_SourceData_Dairy_WjCowsHeifers[[#Headers],[Breed]], 0)} -> 375 | G31: {=Common_InputFunctions.Utility_DisplayArrayInTable(SourceData_Dairy.SourceData_Dairy_LiveweightCowsAndHeifers_Data(), Table_SourceData_Dairy_WjCowsHeifers[[#Headers],[Breed]], 0)} -> 150
D34: {=SourceData_Dairy.SourceData_Dairy_LiveweightBulls_Title()} -> Table A.1.3.2: Dairy cattle - Liveweight (kg) - Bulls (Wj)
D35: {=SourceData_Dairy.SourceData_Dairy_LiveweightBulls_Source()} -> VEERG 2026: Table A.1.3.2
D36: {=SourceData_Dairy.SourceData_Dairy_LiveweightBulls_Variable()} -> Wj
D37: {=SourceData_Dairy.SourceData_Dairy_LiveweightBulls_Unit()} -> kg
D38: Breed | E38: Bulls > 1 | F38: Bulls < 1 (weaned)
D39: {=Common_InputFunctions.Utility_DisplayArrayInTable(SourceData_Dairy.SourceData_Dairy_LiveweightBulls_Data(), Table_SourceData_Dairy_WjBulls[[#Headers],[Breed]], 0)} -> All breeds | E39: {=Common_InputFunctions.Utility_DisplayArrayInTable(SourceData_Dairy.SourceData_Dairy_LiveweightBulls_Data(), Table_SourceData_Dairy_WjBulls[[#Headers],[Breed]], 0)} -> 600 | F39: {=Common_InputFunctions.Utility_DisplayArrayInTable(SourceData_Dairy.SourceData_Dairy_LiveweightBulls_Data(), Table_SourceData_Dairy_WjBulls[[#Headers],[Breed]], 0)} -> 225
D42: {=SourceData_Dairy.SourceData_Dairy_LiveweightGain_Title()} -> Table A.1.3.3: Dairy cattle - Liveweight gain (kg) (LWGj)
D43: {=SourceData_Dairy.SourceData_Dairy_LiveweightGain_Source()} -> VEERG 2026: Table A.1.3.3
D44: {=SourceData_Dairy.SourceData_Dairy_LiveweightGain_Variable()} -> LWGj
D45: {=SourceData_Dairy.SourceData_Dairy_LiveweightGain_Unit()} -> kg
D46: Milking cows | E46: Heifers > 1 | F46: Heifers < 1 (weaned) | G46: Bulls > 1 | H46: Bulls < 1 (weaned)
D47: {=Common_InputFunctions.Utility_DisplayArrayInTable(SourceData_Dairy.SourceData_Dairy_LiveweightGain_Data(), Table_SourceData_Dairy_LWGj[[#Headers],[Milking cows]], 0)} -> 0.016 | E47: {=Common_InputFunctions.Utility_DisplayArrayInTable(SourceData_Dairy.SourceData_Dairy_LiveweightGain_Data(), Table_SourceData_Dairy_LWGj[[#Headers],[Milking cows]], 0)} -> 0.6 | F47: {=Common_InputFunctions.Utility_DisplayArrayInTable(SourceData_Dairy.SourceData_Dairy_LiveweightGain_Data(), Table_SourceData_Dairy_LWGj[[#Headers],[Milking cows]], 0)} -> 0.57 | G47: {=Common_InputFunctions.Utility_DisplayArrayInTable(SourceData_Dairy.SourceData_Dairy_LiveweightGain_Data(), Table_SourceData_Dairy_LWGj[[#Headers],[Milking cows]], 0)} -> 0.1 | H47: {=Common_InputFunctions.Utility_DisplayArrayInTable(SourceData_Dairy.SourceData_Dairy_LiveweightGain_Data(), Table_SourceData_Dairy_LWGj[[#Headers],[Milking cows]], 0)} -> 0.8
D50: {=SourceData_Dairy.SourceData_Dairy_ReferenceWeights_Title()} -> Table A.1.3.4: Dairy cattle - Reference weights (kg) (WRj)
D51: {=SourceData_Dairy.SourceData_Dairy_ReferenceWeights_Source()} -> VEERG 2026: Table A.1.3.4
D52: {=SourceData_Dairy.SourceData_Dairy_ReferenceWeights_Variable()} -> WRj
D53: {=SourceData_Dairy.SourceData_Dairy_ReferenceWeights_Unit()} -> kg
D54: Milking cows | E54: Heifers > 1 | F54: Heifers < 1 (weaned) | G54: Bulls > 1 | H54: Bulls < 1 (weaned)
A55: =HYPERLINK("#A1", "▲ Back to top") -> ▲ Back to top | D55: {=Common_InputFunctions.Utility_DisplayArrayInTable(SourceData_Dairy.SourceData_Dairy_ReferenceWeights_Data(), Table_SourceData_Dairy_WRj[[#Headers],[Milking cows]], 0)} -> 590 | E55: {=Common_InputFunctions.Utility_DisplayArrayInTable(SourceData_Dairy.SourceData_Dairy_ReferenceWeights_Data(), Table_SourceData_Dairy_WRj[[#Headers],[Milking cows]], 0)} -> 590 | F55: {=Common_InputFunctions.Utility_DisplayArrayInTable(SourceData_Dairy.SourceData_Dairy_ReferenceWeights_Data(), Table_SourceData_Dairy_WRj[[#Headers],[Milking cows]], 0)} -> 590 | G55: {=Common_InputFunctions.Utility_DisplayArrayInTable(SourceData_Dairy.SourceData_Dairy_ReferenceWeights_Data(), Table_SourceData_Dairy_WRj[[#Headers],[Milking cows]], 0)} -> 770 | H55: {=Common_InputFunctions.Utility_DisplayArrayInTable(SourceData_Dairy.SourceData_Dairy_ReferenceWeights_Data(), Table_SourceData_Dairy_WRj[[#Headers],[Milking cows]], 0)} -> 770
D58: {=SourceData_Dairy.SourceData_Dairy_PreWeanedCalves_Title()} -> Table A.1.3.5: Dairy cattle - Data for pre - weaned calves
D59: {=SourceData_Dairy.SourceData_Dairy_PreWeanedCalves_Source()} -> VEERG 2026: Table A.1.3.5
D60: {=SourceData_Dairy.SourceData_Dairy_PreWeanedCalves_Variable()} -> VSj=3,5; NPWj=3,5
D61: {=SourceData_Dairy.SourceData_Dairy_PreWeanedCalves_Unit()} -> kg/day
D62: Animal class j | E62: CH4 production | F62: Volatile solids (VSj=3,5) | G62: Nitrogen Excreted (NPWj=3,5)
D63: {=Common_InputFunctions.Utility_DisplayArrayInTable(SourceData_Dairy.SourceData_Dairy_PreWeanedCalves_Data(), Table_SourceData_Dairy_DataPreWeaned[[#Headers],[Animal class j]], -1)} -> Heifers<1 | E63: {=Common_InputFunctions.Utility_DisplayArrayInTable(SourceData_Dairy.SourceData_Dairy_PreWeanedCalves_Data(), Table_SourceData_Dairy_DataPreWeaned[[#Headers],[Animal class j]], -1)} -> 0.0176 | F63: {=Common_InputFunctions.Utility_DisplayArrayInTable(SourceData_Dairy.SourceData_Dairy_PreWeanedCalves_Data(), Table_SourceData_Dairy_DataPreWeaned[[#Headers],[Animal class j]], -1)} -> 0.2685 | G63: {=Common_InputFunctions.Utility_DisplayArrayInTable(SourceData_Dairy.SourceData_Dairy_PreWeanedCalves_Data(), Table_SourceData_Dairy_DataPreWeaned[[#Headers],[Animal class j]], -1)} -> 0.0137
D64: {=Common_InputFunctions.Utility_DisplayArrayInTable(SourceData_Dairy.SourceData_Dairy_PreWeanedCalves_Data(), Table_SourceData_Dairy_DataPreWeaned[[#Headers],[Animal class j]], -1)} -> Bulls<1 | E64: {=Common_InputFunctions.Utility_DisplayArrayInTable(SourceData_Dairy.SourceData_Dairy_PreWeanedCalves_Data(), Table_SourceData_Dairy_DataPreWeaned[[#Headers],[Animal class j]], -1)} -> 0.0204 | F64: {=Common_InputFunctions.Utility_DisplayArrayInTable(SourceData_Dairy.SourceData_Dairy_PreWeanedCalves_Data(), Table_SourceData_Dairy_DataPreWeaned[[#Headers],[Animal class j]], -1)} -> 0.3003 | G64: {=Common_InputFunctions.Utility_DisplayArrayInTable(SourceData_Dairy.SourceData_Dairy_PreWeanedCalves_Data(), Table_SourceData_Dairy_DataPreWeaned[[#Headers],[Animal class j]], -1)} -> 0.0092
D67: {=SourceData_Dairy.SourceData_Dairy_MCF_Title()} -> Table A.1.3.6: Dairy cattle - Dairy cattle - MCFs (fraction) (MCFjm)
D68: {=SourceData_Dairy.SourceData_Dairy_MCF_Source()} -> VEERG 2026: Table A.1.3.6
D69: {=SourceData_Dairy.SourceData_Dairy_MCF_Variable()} -> MCFjm
D70: {=SourceData_Dairy.SourceData_Dairy_MCF_Unit()} -> fraction
D71: {=SourceData_Dairy.SourceData_Dairy_MCF_Variation()} -> VARIATION OF SOURCE: Added 'NIR reference' column to aid lookup
D72: MMS m | E72: ACT | F72: NSW | G72: NT | H72: QLD | I72: SA | J72: TAS | K72: VIC | L72: WA | M72: NIR reference
D73: {=Common_InputFunctions.Utility_DisplayArrayInTable(SourceData_Dairy.SourceData_Dairy_MCF_Data(), Table_SourceData_Dairy_MCFjm[[#Headers],[MMS m]], 0)} -> Pasture | E73: {=Common_InputFunctions.Utility_DisplayArrayInTable(SourceData_Dairy.SourceData_Dairy_MCF_Data(), Table_SourceData_Dairy_MCFjm[[#Headers],[MMS m]], 0)} -> 0.01 | F73: {=Common_InputFunctions.Utility_DisplayArrayInTable(SourceData_Dairy.SourceData_Dairy_MCF_Data(), Table_SourceData_Dairy_MCFjm[[#Headers],[MMS m]], 0)} -> 0.01 | G73: {=Common_InputFunctions.Utility_DisplayArrayInTable(SourceData_Dairy.SourceData_Dairy_MCF_Data(), Table_SourceData_Dairy_MCFjm[[#Headers],[MMS m]], 0)} -> 0.02 | H73: {=Common_InputFunctions.Utility_DisplayArrayInTable(SourceData_Dairy.SourceData_Dairy_MCF_Data(), Table_SourceData_Dairy_MCFjm[[#Headers],[MMS m]], 0)} -> 0.01 | I73: {=Common_InputFunctions.Utility_DisplayArrayInTable(SourceData_Dairy.SourceData_Dairy_MCF_Data(), Table_SourceData_Dairy_MCFjm[[#Headers],[MMS m]], 0)} -> 0.01 | J73: {=Common_InputFunctions.Utility_DisplayArrayInTable(SourceData_Dairy.SourceData_Dairy_MCF_Data(), Table_SourceData_Dairy_MCFjm[[#Headers],[MMS m]], 0)} -> 0.01 | K73: {=Common_InputFunctions.Utility_DisplayArrayInTable(SourceData_Dairy.SourceData_Dairy_MCF_Data(), Table_SourceData_Dairy_MCFjm[[#Headers],[MMS m]], 0)} -> 0.01 | ... M73: {=Common_InputFunctions.Utility_DisplayArrayInTable(SourceData_Dairy.SourceData_Dairy_MCF_Data(), Table_SourceData_Dairy_MCFjm[[#Headers],[MMS m]], 0)} -> Pasture range and paddock
D74: {=Common_InputFunctions.Utility_DisplayArrayInTable(SourceData_Dairy.SourceData_Dairy_MCF_Data(), Table_SourceData_Dairy_MCFjm[[#Headers],[MMS m]], 0)} -> Anaerobic lagoon | E74: {=Common_InputFunctions.Utility_DisplayArrayInTable(SourceData_Dairy.SourceData_Dairy_MCF_Data(), Table_SourceData_Dairy_MCFjm[[#Headers],[MMS m]], 0)} -> 0.72 | F74: {=Common_InputFunctions.Utility_DisplayArrayInTable(SourceData_Dairy.SourceData_Dairy_MCF_Data(), Table_SourceData_Dairy_MCFjm[[#Headers],[MMS m]], 0)} -> 0.76 | G74: {=Common_InputFunctions.Utility_DisplayArrayInTable(SourceData_Dairy.SourceData_Dairy_MCF_Data(), Table_SourceData_Dairy_MCFjm[[#Headers],[MMS m]], 0)} -> 0.8 | H74: {=Common_InputFunctions.Utility_DisplayArrayInTable(SourceData_Dairy.SourceData_Dairy_MCF_Data(), Table_SourceData_Dairy_MCFjm[[#Headers],[MMS m]], 0)} -> 0.78 | I74: {=Common_InputFunctions.Utility_DisplayArrayInTable(SourceData_Dairy.SourceData_Dairy_MCF_Data(), Table_SourceData_Dairy_MCFjm[[#Headers],[MMS m]], 0)} -> 0.74 | J74: {=Common_InputFunctions.Utility_DisplayArrayInTable(SourceData_Dairy.SourceData_Dairy_MCF_Data(), Table_SourceData_Dairy_MCFjm[[#Headers],[MMS m]], 0)} -> 0.69 | K74: {=Common_InputFunctions.Utility_DisplayArrayInTable(SourceData_Dairy.SourceData_Dairy_MCF_Data(), Table_SourceData_Dairy_MCFjm[[#Headers],[MMS m]], 0)} -> 0.73 | ... M74: {=Common_InputFunctions.Utility_DisplayArrayInTable(SourceData_Dairy.SourceData_Dairy_MCF_Data(), Table_SourceData_Dairy_MCFjm[[#Headers],[MMS m]], 0)} -> Anaerobic lagoon
D75: {=Common_InputFunctions.Utility_DisplayArrayInTable(SourceData_Dairy.SourceData_Dairy_MCF_Data(), Table_SourceData_Dairy_MCFjm[[#Headers],[MMS m]], 0)} -> Daily spread - Sump and dispersal systems | E75: {=Common_InputFunctions.Utility_DisplayArrayInTable(SourceData_Dairy.SourceData_Dairy_MCF_Data(), Table_SourceData_Dairy_MCFjm[[#Headers],[MMS m]], 0)} -> 0.005 | F75: {=Common_InputFunctions.Utility_DisplayArrayInTable(SourceData_Dairy.SourceData_Dairy_MCF_Data(), Table_SourceData_Dairy_MCFjm[[#Headers],[MMS m]], 0)} -> 0.005 | G75: {=Common_InputFunctions.Utility_DisplayArrayInTable(SourceData_Dairy.SourceData_Dairy_MCF_Data(), Table_SourceData_Dairy_MCFjm[[#Headers],[MMS m]], 0)} -> 0.01 | H75: {=Common_InputFunctions.Utility_DisplayArrayInTable(SourceData_Dairy.SourceData_Dairy_MCF_Data(), Table_SourceData_Dairy_MCFjm[[#Headers],[MMS m]], 0)} -> 0.005 | I75: {=Common_InputFunctions.Utility_DisplayArrayInTable(SourceData_Dairy.SourceData_Dairy_MCF_Data(), Table_SourceData_Dairy_MCFjm[[#Headers],[MMS m]], 0)} -> 0.005 | J75: {=Common_InputFunctions.Utility_DisplayArrayInTable(SourceData_Dairy.SourceData_Dairy_MCF_Data(), Table_SourceData_Dairy_MCFjm[[#Headers],[MMS m]], 0)} -> 0.001 | K75: {=Common_InputFunctions.Utility_DisplayArrayInTable(SourceData_Dairy.SourceData_Dairy_MCF_Data(), Table_SourceData_Dairy_MCFjm[[#Headers],[MMS m]], 0)} -> 0.005 | ... M75: {=Common_InputFunctions.Utility_DisplayArrayInTable(SourceData_Dairy.SourceData_Dairy_MCF_Data(), Table_SourceData_Dairy_MCFjm[[#Headers],[MMS m]], 0)} -> Sump and dispersal system
D76: {=Common_InputFunctions.Utility_DisplayArrayInTable(SourceData_Dairy.SourceData_Dairy_MCF_Data(), Table_SourceData_Dairy_MCFjm[[#Headers],[MMS m]], 0)} -> Daily spread - Drains to paddocks (a) | E76: {=Common_InputFunctions.Utility_DisplayArrayInTable(SourceData_Dairy.SourceData_Dairy_MCF_Data(), Table_SourceData_Dairy_MCFjm[[#Headers],[MMS m]], 0)} -> 0.15 | F76: {=Common_InputFunctions.Utility_DisplayArrayInTable(SourceData_Dairy.SourceData_Dairy_MCF_Data(), Table_SourceData_Dairy_MCFjm[[#Headers],[MMS m]], 0)} -> 0.18 | G76: {=Common_InputFunctions.Utility_DisplayArrayInTable(SourceData_Dairy.SourceData_Dairy_MCF_Data(), Table_SourceData_Dairy_MCFjm[[#Headers],[MMS m]], 0)} -> 0.5 | H76: {=Common_InputFunctions.Utility_DisplayArrayInTable(SourceData_Dairy.SourceData_Dairy_MCF_Data(), Table_SourceData_Dairy_MCFjm[[#Headers],[MMS m]], 0)} -> 0.24 | I76: {=Common_InputFunctions.Utility_DisplayArrayInTable(SourceData_Dairy.SourceData_Dairy_MCF_Data(), Table_SourceData_Dairy_MCFjm[[#Headers],[MMS m]], 0)} -> 0.17 | J76: {=Common_InputFunctions.Utility_DisplayArrayInTable(SourceData_Dairy.SourceData_Dairy_MCF_Data(), Table_SourceData_Dairy_MCFjm[[#Headers],[MMS m]], 0)} -> 0.13 | K76: {=Common_InputFunctions.Utility_DisplayArrayInTable(SourceData_Dairy.SourceData_Dairy_MCF_Data(), Table_SourceData_Dairy_MCFjm[[#Headers],[MMS m]], 0)} -> 0.17 | ... M76: {=Common_InputFunctions.Utility_DisplayArrayInTable(SourceData_Dairy.SourceData_Dairy_MCF_Data(), Table_SourceData_Dairy_MCFjm[[#Headers],[MMS m]], 0)} -> Drains to paddock
D77: {=Common_InputFunctions.Utility_DisplayArrayInTable(SourceData_Dairy.SourceData_Dairy_MCF_Data(), Table_SourceData_Dairy_MCFjm[[#Headers],[MMS m]], 0)} -> Solid Storage | E77: {=Common_InputFunctions.Utility_DisplayArrayInTable(SourceData_Dairy.SourceData_Dairy_MCF_Data(), Table_SourceData_Dairy_MCFjm[[#Headers],[MMS m]], 0)} -> 0.02 | F77: {=Common_InputFunctions.Utility_DisplayArrayInTable(SourceData_Dairy.SourceData_Dairy_MCF_Data(), Table_SourceData_Dairy_MCFjm[[#Headers],[MMS m]], 0)} -> 0.02 | G77: {=Common_InputFunctions.Utility_DisplayArrayInTable(SourceData_Dairy.SourceData_Dairy_MCF_Data(), Table_SourceData_Dairy_MCFjm[[#Headers],[MMS m]], 0)} -> 0.02 | H77: {=Common_InputFunctions.Utility_DisplayArrayInTable(SourceData_Dairy.SourceData_Dairy_MCF_Data(), Table_SourceData_Dairy_MCFjm[[#Headers],[MMS m]], 0)} -> 0.02 | I77: {=Common_InputFunctions.Utility_DisplayArrayInTable(SourceData_Dairy.SourceData_Dairy_MCF_Data(), Table_SourceData_Dairy_MCFjm[[#Headers],[MMS m]], 0)} -> 0.02 | J77: {=Common_InputFunctions.Utility_DisplayArrayInTable(SourceData_Dairy.SourceData_Dairy_MCF_Data(), Table_SourceData_Dairy_MCFjm[[#Headers],[MMS m]], 0)} -> 0.02 | K77: {=Common_InputFunctions.Utility_DisplayArrayInTable(SourceData_Dairy.SourceData_Dairy_MCF_Data(), Table_SourceData_Dairy_MCFjm[[#Headers],[MMS m]], 0)} -> 0.02 | ... M77: {=Common_InputFunctions.Utility_DisplayArrayInTable(SourceData_Dairy.SourceData_Dairy_MCF_Data(), Table_SourceData_Dairy_MCFjm[[#Headers],[MMS m]], 0)} -> Solid storage
D78: {=Common_InputFunctions.Utility_DisplayArrayInTable(SourceData_Dairy.SourceData_Dairy_MCF_Data(), Table_SourceData_Dairy_MCFjm[[#Headers],[MMS m]], 0)} -> Direct Application to soil | E78: {=Common_InputFunctions.Utility_DisplayArrayInTable(SourceData_Dairy.SourceData_Dairy_MCF_Data(), Table_SourceData_Dairy_MCFjm[[#Headers],[MMS m]], 0)} -> 0 | F78: {=Common_InputFunctions.Utility_DisplayArrayInTable(SourceData_Dairy.SourceData_Dairy_MCF_Data(), Table_SourceData_Dairy_MCFjm[[#Headers],[MMS m]], 0)} -> 0 | G78: {=Common_InputFunctions.Utility_DisplayArrayInTable(SourceData_Dairy.SourceData_Dairy_MCF_Data(), Table_SourceData_Dairy_MCFjm[[#Headers],[MMS m]], 0)} -> 0 | H78: {=Common_InputFunctions.Utility_DisplayArrayInTable(SourceData_Dairy.SourceData_Dairy_MCF_Data(), Table_SourceData_Dairy_MCFjm[[#Headers],[MMS m]], 0)} -> 0 | I78: {=Common_InputFunctions.Utility_DisplayArrayInTable(SourceData_Dairy.SourceData_Dairy_MCF_Data(), Table_SourceData_Dairy_MCFjm[[#Headers],[MMS m]], 0)} -> 0 | J78: {=Common_InputFunctions.Utility_DisplayArrayInTable(SourceData_Dairy.SourceData_Dairy_MCF_Data(), Table_SourceData_Dairy_MCFjm[[#Headers],[MMS m]], 0)} -> 0 | K78: {=Common_InputFunctions.Utility_DisplayArrayInTable(SourceData_Dairy.SourceData_Dairy_MCF_Data(), Table_SourceData_Dairy_MCFjm[[#Headers],[MMS m]], 0)} -> 0 | ... M78: {=Common_InputFunctions.Utility_DisplayArrayInTable(SourceData_Dairy.SourceData_Dairy_MCF_Data(), Table_SourceData_Dairy_MCFjm[[#Headers],[MMS m]], 0)} -> Direct application
A79: =HYPERLINK("#A1", "▲ Back to top") -> ▲ Back to top
D81: {=SourceData_Dairy.SourceData_Dairy_NitrousOxideEFsAndFracGASM_Title()} -> Table A.1.3.7: Dairy cattle - Nitrous oxide EFs and fraction of N volatilised by MMS
D82: {=SourceData_Dairy.SourceData_Dairy_NitrousOxideEFsAndFracGASM_Source()} -> VEERG 2026: Table A.1.3.7
D83: {=SourceData_Dairy.SourceData_Dairy_NitrousOxideEFsAndFracGASM_Variable()} -> EFm; FracGASMm
D84: {=SourceData_Dairy.SourceData_Dairy_NitrousOxideEFsAndFracGASM_Unit()} -> kg N2O-N/kg N excreted
D85: {=SourceData_Dairy.SourceData_Dairy_NitrousOxideEFsAndFracGASM_Variation()} -> VARIATION OF SOURCE: Added 'NIR reference' column to aid lookup
D86: MMS m | E86: EFm | F86: FracGASMm | G86: NIR reference
D87: {=Common_InputFunctions.Utility_DisplayArrayInTable(SourceData_Dairy.SourceData_Dairy_NitrousOxideEFsAndFracGASM_Data(), Table_SourceData_Dairy_EFmFracGASM[[#Headers],[MMS m]], 0)} -> M=14 Pasture | E87: {=Common_InputFunctions.Utility_DisplayArrayInTable(SourceData_Dairy.SourceData_Dairy_NitrousOxideEFsAndFracGASM_Data(), Table_SourceData_Dairy_EFmFracGASM[[#Headers],[MMS m]], 0)} -> 0 | F87: {=Common_InputFunctions.Utility_DisplayArrayInTable(SourceData_Dairy.SourceData_Dairy_NitrousOxideEFsAndFracGASM_Data(), Table_SourceData_Dairy_EFmFracGASM[[#Headers],[MMS m]], 0)} -> 0 | G87: {=Common_InputFunctions.Utility_DisplayArrayInTable(SourceData_Dairy.SourceData_Dairy_NitrousOxideEFsAndFracGASM_Data(), Table_SourceData_Dairy_EFmFracGASM[[#Headers],[MMS m]], 0)} -> Pasture range and paddock
D88: {=Common_InputFunctions.Utility_DisplayArrayInTable(SourceData_Dairy.SourceData_Dairy_NitrousOxideEFsAndFracGASM_Data(), Table_SourceData_Dairy_EFmFracGASM[[#Headers],[MMS m]], 0)} -> M=1 Anaerobic lagoon | E88: {=Common_InputFunctions.Utility_DisplayArrayInTable(SourceData_Dairy.SourceData_Dairy_NitrousOxideEFsAndFracGASM_Data(), Table_SourceData_Dairy_EFmFracGASM[[#Headers],[MMS m]], 0)} -> 0 | F88: {=Common_InputFunctions.Utility_DisplayArrayInTable(SourceData_Dairy.SourceData_Dairy_NitrousOxideEFsAndFracGASM_Data(), Table_SourceData_Dairy_EFmFracGASM[[#Headers],[MMS m]], 0)} -> 0.35 | G88: {=Common_InputFunctions.Utility_DisplayArrayInTable(SourceData_Dairy.SourceData_Dairy_NitrousOxideEFsAndFracGASM_Data(), Table_SourceData_Dairy_EFmFracGASM[[#Headers],[MMS m]], 0)} -> Anaerobic lagoon
D89: {=Common_InputFunctions.Utility_DisplayArrayInTable(SourceData_Dairy.SourceData_Dairy_NitrousOxideEFsAndFracGASM_Data(), Table_SourceData_Dairy_EFmFracGASM[[#Headers],[MMS m]], 0)} -> M=2 Daily Spread - Sump and Dispersal | E89: {=Common_InputFunctions.Utility_DisplayArrayInTable(SourceData_Dairy.SourceData_Dairy_NitrousOxideEFsAndFracGASM_Data(), Table_SourceData_Dairy_EFmFracGASM[[#Headers],[MMS m]], 0)} -> 0 | F89: {=Common_InputFunctions.Utility_DisplayArrayInTable(SourceData_Dairy.SourceData_Dairy_NitrousOxideEFsAndFracGASM_Data(), Table_SourceData_Dairy_EFmFracGASM[[#Headers],[MMS m]], 0)} -> 0.07 | G89: {=Common_InputFunctions.Utility_DisplayArrayInTable(SourceData_Dairy.SourceData_Dairy_NitrousOxideEFsAndFracGASM_Data(), Table_SourceData_Dairy_EFmFracGASM[[#Headers],[MMS m]], 0)} -> Sump and dispersal system
D90: {=Common_InputFunctions.Utility_DisplayArrayInTable(SourceData_Dairy.SourceData_Dairy_NitrousOxideEFsAndFracGASM_Data(), Table_SourceData_Dairy_EFmFracGASM[[#Headers],[MMS m]], 0)} -> M=3 Daily Spread - Drains to Paddock | E90: {=Common_InputFunctions.Utility_DisplayArrayInTable(SourceData_Dairy.SourceData_Dairy_NitrousOxideEFsAndFracGASM_Data(), Table_SourceData_Dairy_EFmFracGASM[[#Headers],[MMS m]], 0)} -> 0 | F90: {=Common_InputFunctions.Utility_DisplayArrayInTable(SourceData_Dairy.SourceData_Dairy_NitrousOxideEFsAndFracGASM_Data(), Table_SourceData_Dairy_EFmFracGASM[[#Headers],[MMS m]], 0)} -> 0.2 | G90: {=Common_InputFunctions.Utility_DisplayArrayInTable(SourceData_Dairy.SourceData_Dairy_NitrousOxideEFsAndFracGASM_Data(), Table_SourceData_Dairy_EFmFracGASM[[#Headers],[MMS m]], 0)} -> Drains to paddock
D91: {=Common_InputFunctions.Utility_DisplayArrayInTable(SourceData_Dairy.SourceData_Dairy_NitrousOxideEFsAndFracGASM_Data(), Table_SourceData_Dairy_EFmFracGASM[[#Headers],[MMS m]], 0)} -> M=3 Solid Storage | E91: {=Common_InputFunctions.Utility_DisplayArrayInTable(SourceData_Dairy.SourceData_Dairy_NitrousOxideEFsAndFracGASM_Data(), Table_SourceData_Dairy_EFmFracGASM[[#Headers],[MMS m]], 0)} -> 0.005 | F91: {=Common_InputFunctions.Utility_DisplayArrayInTable(SourceData_Dairy.SourceData_Dairy_NitrousOxideEFsAndFracGASM_Data(), Table_SourceData_Dairy_EFmFracGASM[[#Headers],[MMS m]], 0)} -> 0.3 | G91: {=Common_InputFunctions.Utility_DisplayArrayInTable(SourceData_Dairy.SourceData_Dairy_NitrousOxideEFsAndFracGASM_Data(), Table_SourceData_Dairy_EFmFracGASM[[#Headers],[MMS m]], 0)} -> Solid storage
D94: {=SourceData_Dairy.SourceData_Dairy_MethaneProductionPreWeanedCalves_Title()} -> Table A.1.3.8: Dairy cattle - Methane production for pre-weaned heifer and bull calves (kg CH4/head/day) (MPWENTERIC,j=3,5)
D95: {=SourceData_Dairy.SourceData_Dairy_MethaneProductionPreWeanedCalves_Source()} -> VEERG 2026: Table A.1.3.8
D96: {=SourceData_Dairy.SourceData_Dairy_MethaneProductionPreWeanedCalves_Variable()} -> MPWENTERIC,j=3,5
D97: {=SourceData_Dairy.SourceData_Dairy_MethaneProductionPreWeanedCalves_Unit()} -> kg CH4/head/day
D98: Animal class j | E98: MPW ENTERIC
D99: {=Common_InputFunctions.Utility_DisplayArrayInTable(SourceData_Dairy.SourceData_Dairy_MethaneProductionPreWeanedCalves_Data(), Table_SourceData_Dairy_MPWENTERIC[[#Headers],[Animal class j]], 0)} -> Heifers < 1 year | E99: {=Common_InputFunctions.Utility_DisplayArrayInTable(SourceData_Dairy.SourceData_Dairy_MethaneProductionPreWeanedCalves_Data(), Table_SourceData_Dairy_MPWENTERIC[[#Headers],[Animal class j]], 0)} -> 0.0176
D100: {=Common_InputFunctions.Utility_DisplayArrayInTable(SourceData_Dairy.SourceData_Dairy_MethaneProductionPreWeanedCalves_Data(), Table_SourceData_Dairy_MPWENTERIC[[#Headers],[Animal class j]], 0)} -> Bulls < 1 year | E100: {=Common_InputFunctions.Utility_DisplayArrayInTable(SourceData_Dairy.SourceData_Dairy_MethaneProductionPreWeanedCalves_Data(), Table_SourceData_Dairy_MPWENTERIC[[#Headers],[Animal class j]], 0)} -> 0.0204
D103: {=SourceData_Dairy.SourceData_Dairy_IncreasedMetabolicRateMilk_Title()} -> Table A.1.3.9: Dairy cattle - Increased metabolic rate when producing milk (MRj)
A104: =HYPERLINK("#A1", "▲ Back to top") -> ▲ Back to top | D104: {=SourceData_Dairy.SourceData_Dairy_IncreasedMetabolicRateMilk_Source()} -> VEERG 2026: Table A.1.3.9
D105: {=SourceData_Dairy.SourceData_Dairy_IncreasedMetabolicRateMilk_Variable()} -> MRj
D106: {=SourceData_Dairy.SourceData_Dairy_IncreasedMetabolicRateMilk_Unit()}
D107: Animal class j | E107: MRj
D108: {=Common_InputFunctions.Utility_DisplayArrayInTable(SourceData_Dairy.SourceData_Dairy_IncreasedMetabolicRateMilk_Data(), Table_SourceData_Dairy_MRj[[#Headers],[Animal class j]], 0)} -> Milking cows, and house cows | E108: {=Common_InputFunctions.Utility_DisplayArrayInTable(SourceData_Dairy.SourceData_Dairy_IncreasedMetabolicRateMilk_Data(), Table_SourceData_Dairy_MRj[[#Headers],[Animal class j]], 0)} -> 1.1
D109: {=Common_InputFunctions.Utility_DisplayArrayInTable(SourceData_Dairy.SourceData_Dairy_IncreasedMetabolicRateMilk_Data(), Table_SourceData_Dairy_MRj[[#Headers],[Animal class j]], 0)} -> All other cattle classes | E109: {=Common_InputFunctions.Utility_DisplayArrayInTable(SourceData_Dairy.SourceData_Dairy_IncreasedMetabolicRateMilk_Data(), Table_SourceData_Dairy_MRj[[#Headers],[Animal class j]], 0)} -> 1
D112: {=SourceData_Dairy.SourceData_Dairy_FractionVolatileSolidsVoidedMMS_Title()} -> Table A.1.3.10: Dairy cattle - Fraction of volatile solids voided to each manure management system (fraction) (MMSjm)
D113: {=SourceData_Dairy.SourceData_Dairy_FractionVolatileSolidsVoidedMMS_Source()} -> VEERG 2026: Table A.1.3.10
D114: {=SourceData_Dairy.SourceData_Dairy_FractionVolatileSolidsVoidedMMS_Variable()} -> MMSjm
D115: {=SourceData_Dairy.SourceData_Dairy_FractionVolatileSolidsVoidedMMS_Unit()} -> fraction
D116: Area | E116: Pasture | F116: Milking shed | G116: Feedpad
D117: {=Common_InputFunctions.Utility_DisplayArrayInTable(SourceData_Dairy.SourceData_Dairy_FractionVolatileSolidsVoidedMMS_Data(), Table_SourceData_Dairy_ProductionSystemTemplates[[#Headers],[Area]], 0)} -> System 1: Grazed Only | E117: {=Common_InputFunctions.Utility_DisplayArrayInTable(SourceData_Dairy.SourceData_Dairy_FractionVolatileSolidsVoidedMMS_Data(), Table_SourceData_Dairy_ProductionSystemTemplates[[#Headers],[Area]], 0)} -> 0.89 | F117: {=Common_InputFunctions.Utility_DisplayArrayInTable(SourceData_Dairy.SourceData_Dairy_FractionVolatileSolidsVoidedMMS_Data(), Table_SourceData_Dairy_ProductionSystemTemplates[[#Headers],[Area]], 0)} -> 0.11 | G117: {=Common_InputFunctions.Utility_DisplayArrayInTable(SourceData_Dairy.SourceData_Dairy_FractionVolatileSolidsVoidedMMS_Data(), Table_SourceData_Dairy_ProductionSystemTemplates[[#Headers],[Area]], 0)} -> 0
D118: {=Common_InputFunctions.Utility_DisplayArrayInTable(SourceData_Dairy.SourceData_Dairy_FractionVolatileSolidsVoidedMMS_Data(), Table_SourceData_Dairy_ProductionSystemTemplates[[#Headers],[Area]], 0)} -> System 2: On feedpad for <10 hr/day for <3 months/year | E118: {=Common_InputFunctions.Utility_DisplayArrayInTable(SourceData_Dairy.SourceData_Dairy_FractionVolatileSolidsVoidedMMS_Data(), Table_SourceData_Dairy_ProductionSystemTemplates[[#Headers],[Area]], 0)} -> 0.79 | F118: {=Common_InputFunctions.Utility_DisplayArrayInTable(SourceData_Dairy.SourceData_Dairy_FractionVolatileSolidsVoidedMMS_Data(), Table_SourceData_Dairy_ProductionSystemTemplates[[#Headers],[Area]], 0)} -> 0.11 | G118: {=Common_InputFunctions.Utility_DisplayArrayInTable(SourceData_Dairy.SourceData_Dairy_FractionVolatileSolidsVoidedMMS_Data(), Table_SourceData_Dairy_ProductionSystemTemplates[[#Headers],[Area]], 0)} -> 0.1
D119: {=Common_InputFunctions.Utility_DisplayArrayInTable(SourceData_Dairy.SourceData_Dairy_FractionVolatileSolidsVoidedMMS_Data(), Table_SourceData_Dairy_ProductionSystemTemplates[[#Headers],[Area]], 0)} -> System 3: Pasture-grazed 3-9 months/year | E119: {=Common_InputFunctions.Utility_DisplayArrayInTable(SourceData_Dairy.SourceData_Dairy_FractionVolatileSolidsVoidedMMS_Data(), Table_SourceData_Dairy_ProductionSystemTemplates[[#Headers],[Area]], 0)} -> 0.534 | F119: {=Common_InputFunctions.Utility_DisplayArrayInTable(SourceData_Dairy.SourceData_Dairy_FractionVolatileSolidsVoidedMMS_Data(), Table_SourceData_Dairy_ProductionSystemTemplates[[#Headers],[Area]], 0)} -> 0.11 | G119: {=Common_InputFunctions.Utility_DisplayArrayInTable(SourceData_Dairy.SourceData_Dairy_FractionVolatileSolidsVoidedMMS_Data(), Table_SourceData_Dairy_ProductionSystemTemplates[[#Headers],[Area]], 0)} -> 0.356
D120: {=Common_InputFunctions.Utility_DisplayArrayInTable(SourceData_Dairy.SourceData_Dairy_FractionVolatileSolidsVoidedMMS_Data(), Table_SourceData_Dairy_ProductionSystemTemplates[[#Headers],[Area]], 0)} -> System 4: Zero grazing | E120: {=Common_InputFunctions.Utility_DisplayArrayInTable(SourceData_Dairy.SourceData_Dairy_FractionVolatileSolidsVoidedMMS_Data(), Table_SourceData_Dairy_ProductionSystemTemplates[[#Headers],[Area]], 0)} -> 0 | F120: {=Common_InputFunctions.Utility_DisplayArrayInTable(SourceData_Dairy.SourceData_Dairy_FractionVolatileSolidsVoidedMMS_Data(), Table_SourceData_Dairy_ProductionSystemTemplates[[#Headers],[Area]], 0)} -> 0.11 | G120: {=Common_InputFunctions.Utility_DisplayArrayInTable(SourceData_Dairy.SourceData_Dairy_FractionVolatileSolidsVoidedMMS_Data(), Table_SourceData_Dairy_ProductionSystemTemplates[[#Headers],[Area]], 0)} -> 0.89
D123: {=SourceData_Dairy.SourceData_Dairy_EFNitrousOxidePerMMS_Title()} -> Table A.1.3.11: Dairy cattle - EF for nitrous oxide per MMS (kg N2O-N/kg N) (EFm)
D124: {=SourceData_Dairy.SourceData_Dairy_EFNitrousOxidePerMMS_Source()} -> VEERG 2026: Table A.1.3.11
D125: {=SourceData_Dairy.SourceData_Dairy_EFNitrousOxidePerMMS_Variable()} -> EFm
D126: {=SourceData_Dairy.SourceData_Dairy_EFNitrousOxidePerMMS_Unit()} -> kg N2O-N/kg N
...

Sheet Constants - Pasture Beef
A1: #VALUE! | C1: Constants - Pasture Beef
A3: =HYPERLINK("#'Home'!A1", "Home") -> Home
A4: =HYPERLINK("#'Results'!A1", "Results") -> Results
D5: Pasture beefcrop or pasture production systems | G5: Irrigation methods | M5: Table_SourceData_PastureBeef_Region_WesternAustralia | O5: Table_SourceData_PastureBeef_Region_Queensland | Q5: Table_SourceData_PastureBeef_Region_NorthernTerritory | S5: Table_SourceData_PastureBeef_Region_Victoria
A6: INPUTS
A7: =HYPERLINK("#'Input - Site'!A1", "Site") -> Site | D7: Production system | G7: Irrigation method | M7: Region | O7: Region | Q7: Region | S7: Region
A8: =HYPERLINK("#'Input - Pasture Beef'!A1", "Pasture Beef") -> Pasture Beef | D8: ='Constants - Common'!$F$187 -> Pasture | G8: Not irrigated | M8: South West | O8: Alice Springs | Q8: High | S8: n/a
D9: ='Constants - Common'!$F$188 -> Crop | G9: Drip irrigation | M9: Pilbara | O9: Barkly | Q9: Moderate/High
A10: CALCULATIONS | G10: Sprinkler irrigation | M10: Kimberley | O10: Northern | Q10: Moderate/Low | S10: Table_SourceData_PastureBeef_Region_NewSouthWales
A11: =HYPERLINK("#'3.2.1.1-2 Enteric Methane'!A1", "3.2.1.1-2 Enteric Methane") -> 3.2.1.1-2 Enteric Methane | G11: Surface irrigation | Q11: Low
G12: Other irrigation | S12: Region
A13: APPENDICES | S13: n/a
A14: =HYPERLINK("#'Constants - Pasture Beef'!A1", "Constants - Pasture Beef") -> Constants - Pasture Beef | D14: {=SourceData_PastureBeef.SourceData_PastureBeef_Liveweight_Title()} -> Beef pasture cattle - Liveweight (kg) (Wjkl)
A15: =HYPERLINK("#'Constants - Livestock'!A1", "Constants - Livestock") -> Constants - Livestock | D15: {=SourceData_PastureBeef.SourceData_PastureBeef_Liveweight_Source()} -> VEERG 2026: Table A.1.2.1 | S15: Table_SourceData_PastureBeef_Region_SouthAustralia
A16: =HYPERLINK("#'Constants - Common'!A1", "Constants - Common") -> Constants - Common | D16: {=SourceData_PastureBeef.SourceData_PastureBeef_Liveweight_Variable()} -> Wjkl
A17: =HYPERLINK("#'Acknowledgements'!A1", "Acknowledgements") -> Acknowledgements | D17: {=SourceData_PastureBeef.SourceData_PastureBeef_Liveweight_Unit()} -> kg | S17: Region
D18: State | E18: Region | F18: Season | G18: Bull < 1 | H18: Bull > 1 | I18: Cow < 1 | J18: Cow 1-2 | K18: Cow > 2 | L18: Steer < 1 | M18: Steer > 1 | S18: n/a
D19: {=Common_InputFunctions.Utility_DisplayArrayInTable(SourceData_PastureBeef.SourceData_PastureBeef_Liveweight_Data(), Table_SourceData_PastureBeef_Liveweight[[#Headers],[State]], 0)} -> ACT/NSW | E19: {=Common_InputFunctions.Utility_DisplayArrayInTable(SourceData_PastureBeef.SourceData_PastureBeef_Liveweight_Data(), Table_SourceData_PastureBeef_Liveweight[[#Headers],[State]], 0)} -> n/a | F19: {=Common_InputFunctions.Utility_DisplayArrayInTable(SourceData_PastureBeef.SourceData_PastureBeef_Liveweight_Data(), Table_SourceData_PastureBeef_Liveweight[[#Headers],[State]], 0)} -> Spring | G19: {=Common_InputFunctions.Utility_DisplayArrayInTable(SourceData_PastureBeef.SourceData_PastureBeef_Liveweight_Data(), Table_SourceData_PastureBeef_Liveweight[[#Headers],[State]], 0)} -> 80 | H19: {=Common_InputFunctions.Utility_DisplayArrayInTable(SourceData_PastureBeef.SourceData_PastureBeef_Liveweight_Data(), Table_SourceData_PastureBeef_Liveweight[[#Headers],[State]], 0)} -> 480 | I19: {=Common_InputFunctions.Utility_DisplayArrayInTable(SourceData_PastureBeef.SourceData_PastureBeef_Liveweight_Data(), Table_SourceData_PastureBeef_Liveweight[[#Headers],[State]], 0)} -> 75 | J19: {=Common_InputFunctions.Utility_DisplayArrayInTable(SourceData_PastureBeef.SourceData_PastureBeef_Liveweight_Data(), Table_SourceData_PastureBeef_Liveweight[[#Headers],[State]], 0)} -> 300 | K19: {=Common_InputFunctions.Utility_DisplayArrayInTable(SourceData_PastureBeef.SourceData_PastureBeef_Liveweight_Data(), Table_SourceData_PastureBeef_Liveweight[[#Headers],[State]], 0)} -> 440 | ... M19: {=Common_InputFunctions.Utility_DisplayArrayInTable(SourceData_PastureBeef.SourceData_PastureBeef_Liveweight_Data(), Table_SourceData_PastureBeef_Liveweight[[#Headers],[State]], 0)} -> 380
D20: {=Common_InputFunctions.Utility_DisplayArrayInTable(SourceData_PastureBeef.SourceData_PastureBeef_Liveweight_Data(), Table_SourceData_PastureBeef_Liveweight[[#Headers],[State]], 0)} -> ACT/NSW | E20: {=Common_InputFunctions.Utility_DisplayArrayInTable(SourceData_PastureBeef.SourceData_PastureBeef_Liveweight_Data(), Table_SourceData_PastureBeef_Liveweight[[#Headers],[State]], 0)} -> n/a | F20: {=Common_InputFunctions.Utility_DisplayArrayInTable(SourceData_PastureBeef.SourceData_PastureBeef_Liveweight_Data(), Table_SourceData_PastureBeef_Liveweight[[#Headers],[State]], 0)} -> Summer | G20: {=Common_InputFunctions.Utility_DisplayArrayInTable(SourceData_PastureBeef.SourceData_PastureBeef_Liveweight_Data(), Table_SourceData_PastureBeef_Liveweight[[#Headers],[State]], 0)} -> 170 | H20: {=Common_InputFunctions.Utility_DisplayArrayInTable(SourceData_PastureBeef.SourceData_PastureBeef_Liveweight_Data(), Table_SourceData_PastureBeef_Liveweight[[#Headers],[State]], 0)} -> 520 | I20: {=Common_InputFunctions.Utility_DisplayArrayInTable(SourceData_PastureBeef.SourceData_PastureBeef_Liveweight_Data(), Table_SourceData_PastureBeef_Liveweight[[#Headers],[State]], 0)} -> 160 | J20: {=Common_InputFunctions.Utility_DisplayArrayInTable(SourceData_PastureBeef.SourceData_PastureBeef_Liveweight_Data(), Table_SourceData_PastureBeef_Liveweight[[#Headers],[State]], 0)} -> 360 | K20: {=Common_InputFunctions.Utility_DisplayArrayInTable(SourceData_PastureBeef.SourceData_PastureBeef_Liveweight_Data(), Table_SourceData_PastureBeef_Liveweight[[#Headers],[State]], 0)} -> 470 | ... M20: {=Common_InputFunctions.Utility_DisplayArrayInTable(SourceData_PastureBeef.SourceData_PastureBeef_Liveweight_Data(), Table_SourceData_PastureBeef_Liveweight[[#Headers],[State]], 0)} -> 420 | S20: Table_SourceData_PastureBeef_Region_Tasmania
D21: {=Common_InputFunctions.Utility_DisplayArrayInTable(SourceData_PastureBeef.SourceData_PastureBeef_Liveweight_Data(), Table_SourceData_PastureBeef_Liveweight[[#Headers],[State]], 0)} -> ACT/NSW | E21: {=Common_InputFunctions.Utility_DisplayArrayInTable(SourceData_PastureBeef.SourceData_PastureBeef_Liveweight_Data(), Table_SourceData_PastureBeef_Liveweight[[#Headers],[State]], 0)} -> n/a | F21: {=Common_InputFunctions.Utility_DisplayArrayInTable(SourceData_PastureBeef.SourceData_PastureBeef_Liveweight_Data(), Table_SourceData_PastureBeef_Liveweight[[#Headers],[State]], 0)} -> Autumn | G21: {=Common_InputFunctions.Utility_DisplayArrayInTable(SourceData_PastureBeef.SourceData_PastureBeef_Liveweight_Data(), Table_SourceData_PastureBeef_Liveweight[[#Headers],[State]], 0)} -> 240 | H21: {=Common_InputFunctions.Utility_DisplayArrayInTable(SourceData_PastureBeef.SourceData_PastureBeef_Liveweight_Data(), Table_SourceData_PastureBeef_Liveweight[[#Headers],[State]], 0)} -> 550 | I21: {=Common_InputFunctions.Utility_DisplayArrayInTable(SourceData_PastureBeef.SourceData_PastureBeef_Liveweight_Data(), Table_SourceData_PastureBeef_Liveweight[[#Headers],[State]], 0)} -> 220 | J21: {=Common_InputFunctions.Utility_DisplayArrayInTable(SourceData_PastureBeef.SourceData_PastureBeef_Liveweight_Data(), Table_SourceData_PastureBeef_Liveweight[[#Headers],[State]], 0)} -> 390 | K21: {=Common_InputFunctions.Utility_DisplayArrayInTable(SourceData_PastureBeef.SourceData_PastureBeef_Liveweight_Data(), Table_SourceData_PastureBeef_Liveweight[[#Headers],[State]], 0)} -> 490 | ... M21: {=Common_InputFunctions.Utility_DisplayArrayInTable(SourceData_PastureBeef.SourceData_PastureBeef_Liveweight_Data(), Table_SourceData_PastureBeef_Liveweight[[#Headers],[State]], 0)} -> 450
D22: {=Common_InputFunctions.Utility_DisplayArrayInTable(SourceData_PastureBeef.SourceData_PastureBeef_Liveweight_Data(), Table_SourceData_PastureBeef_Liveweight[[#Headers],[State]], 0)} -> ACT/NSW | E22: {=Common_InputFunctions.Utility_DisplayArrayInTable(SourceData_PastureBeef.SourceData_PastureBeef_Liveweight_Data(), Table_SourceData_PastureBeef_Liveweight[[#Headers],[State]], 0)} -> n/a | F22: {=Common_InputFunctions.Utility_DisplayArrayInTable(SourceData_PastureBeef.SourceData_PastureBeef_Liveweight_Data(), Table_SourceData_PastureBeef_Liveweight[[#Headers],[State]], 0)} -> Winter | G22: {=Common_InputFunctions.Utility_DisplayArrayInTable(SourceData_PastureBeef.SourceData_PastureBeef_Liveweight_Data(), Table_SourceData_PastureBeef_Liveweight[[#Headers],[State]], 0)} -> 280 | H22: {=Common_InputFunctions.Utility_DisplayArrayInTable(SourceData_PastureBeef.SourceData_PastureBeef_Liveweight_Data(), Table_SourceData_PastureBeef_Liveweight[[#Headers],[State]], 0)} -> 560 | I22: {=Common_InputFunctions.Utility_DisplayArrayInTable(SourceData_PastureBeef.SourceData_PastureBeef_Liveweight_Data(), Table_SourceData_PastureBeef_Liveweight[[#Headers],[State]], 0)} -> 260 | J22: {=Common_InputFunctions.Utility_DisplayArrayInTable(SourceData_PastureBeef.SourceData_PastureBeef_Liveweight_Data(), Table_SourceData_PastureBeef_Liveweight[[#Headers],[State]], 0)} -> 410 | K22: {=Common_InputFunctions.Utility_DisplayArrayInTable(SourceData_PastureBeef.SourceData_PastureBeef_Liveweight_Data(), Table_SourceData_PastureBeef_Liveweight[[#Headers],[State]], 0)} -> 500 | ... M22: {=Common_InputFunctions.Utility_DisplayArrayInTable(SourceData_PastureBeef.SourceData_PastureBeef_Liveweight_Data(), Table_SourceData_PastureBeef_Liveweight[[#Headers],[State]], 0)} -> 460 | S22: Region
D23: {=Common_InputFunctions.Utility_DisplayArrayInTable(SourceData_PastureBeef.SourceData_PastureBeef_Liveweight_Data(), Table_SourceData_PastureBeef_Liveweight[[#Headers],[State]], 0)} -> South Australia | E23: {=Common_InputFunctions.Utility_DisplayArrayInTable(SourceData_PastureBeef.SourceData_PastureBeef_Liveweight_Data(), Table_SourceData_PastureBeef_Liveweight[[#Headers],[State]], 0)} -> n/a | F23: {=Common_InputFunctions.Utility_DisplayArrayInTable(SourceData_PastureBeef.SourceData_PastureBeef_Liveweight_Data(), Table_SourceData_PastureBeef_Liveweight[[#Headers],[State]], 0)} -> Spring | G23: {=Common_InputFunctions.Utility_DisplayArrayInTable(SourceData_PastureBeef.SourceData_PastureBeef_Liveweight_Data(), Table_SourceData_PastureBeef_Liveweight[[#Headers],[State]], 0)} -> 250 | H23: {=Common_InputFunctions.Utility_DisplayArrayInTable(SourceData_PastureBeef.SourceData_PastureBeef_Liveweight_Data(), Table_SourceData_PastureBeef_Liveweight[[#Headers],[State]], 0)} -> 800 | I23: {=Common_InputFunctions.Utility_DisplayArrayInTable(SourceData_PastureBeef.SourceData_PastureBeef_Liveweight_Data(), Table_SourceData_PastureBeef_Liveweight[[#Headers],[State]], 0)} -> 220 | J23: {=Common_InputFunctions.Utility_DisplayArrayInTable(SourceData_PastureBeef.SourceData_PastureBeef_Liveweight_Data(), Table_SourceData_PastureBeef_Liveweight[[#Headers],[State]], 0)} -> 400 | K23: {=Common_InputFunctions.Utility_DisplayArrayInTable(SourceData_PastureBeef.SourceData_PastureBeef_Liveweight_Data(), Table_SourceData_PastureBeef_Liveweight[[#Headers],[State]], 0)} -> 500 | ... M23: {=Common_InputFunctions.Utility_DisplayArrayInTable(SourceData_PastureBeef.SourceData_PastureBeef_Liveweight_Data(), Table_SourceData_PastureBeef_Liveweight[[#Headers],[State]], 0)} -> 420 | S23: n/a
D24: {=Common_InputFunctions.Utility_DisplayArrayInTable(SourceData_PastureBeef.SourceData_PastureBeef_Liveweight_Data(), Table_SourceData_PastureBeef_Liveweight[[#Headers],[State]], 0)} -> South Australia | E24: {=Common_InputFunctions.Utility_DisplayArrayInTable(SourceData_PastureBeef.SourceData_PastureBeef_Liveweight_Data(), Table_SourceData_PastureBeef_Liveweight[[#Headers],[State]], 0)} -> n/a | F24: {=Common_InputFunctions.Utility_DisplayArrayInTable(SourceData_PastureBeef.SourceData_PastureBeef_Liveweight_Data(), Table_SourceData_PastureBeef_Liveweight[[#Headers],[State]], 0)} -> Summer | G24: {=Common_InputFunctions.Utility_DisplayArrayInTable(SourceData_PastureBeef.SourceData_PastureBeef_Liveweight_Data(), Table_SourceData_PastureBeef_Liveweight[[#Headers],[State]], 0)} -> 320 | H24: {=Common_InputFunctions.Utility_DisplayArrayInTable(SourceData_PastureBeef.SourceData_PastureBeef_Liveweight_Data(), Table_SourceData_PastureBeef_Liveweight[[#Headers],[State]], 0)} -> 800 | I24: {=Common_InputFunctions.Utility_DisplayArrayInTable(SourceData_PastureBeef.SourceData_PastureBeef_Liveweight_Data(), Table_SourceData_PastureBeef_Liveweight[[#Headers],[State]], 0)} -> 280 | J24: {=Common_InputFunctions.Utility_DisplayArrayInTable(SourceData_PastureBeef.SourceData_PastureBeef_Liveweight_Data(), Table_SourceData_PastureBeef_Liveweight[[#Headers],[State]], 0)} -> 420 | K24: {=Common_InputFunctions.Utility_DisplayArrayInTable(SourceData_PastureBeef.SourceData_PastureBeef_Liveweight_Data(), Table_SourceData_PastureBeef_Liveweight[[#Headers],[State]], 0)} -> 500 | ... M24: {=Common_InputFunctions.Utility_DisplayArrayInTable(SourceData_PastureBeef.SourceData_PastureBeef_Liveweight_Data(), Table_SourceData_PastureBeef_Liveweight[[#Headers],[State]], 0)} -> 420
D25: {=Common_InputFunctions.Utility_DisplayArrayInTable(SourceData_PastureBeef.SourceData_PastureBeef_Liveweight_Data(), Table_SourceData_PastureBeef_Liveweight[[#Headers],[State]], 0)} -> South Australia | E25: {=Common_InputFunctions.Utility_DisplayArrayInTable(SourceData_PastureBeef.SourceData_PastureBeef_Liveweight_Data(), Table_SourceData_PastureBeef_Liveweight[[#Headers],[State]], 0)} -> n/a | F25: {=Common_InputFunctions.Utility_DisplayArrayInTable(SourceData_PastureBeef.SourceData_PastureBeef_Liveweight_Data(), Table_SourceData_PastureBeef_Liveweight[[#Headers],[State]], 0)} -> Autumn | G25: {=Common_InputFunctions.Utility_DisplayArrayInTable(SourceData_PastureBeef.SourceData_PastureBeef_Liveweight_Data(), Table_SourceData_PastureBeef_Liveweight[[#Headers],[State]], 0)} -> 80 | H25: {=Common_InputFunctions.Utility_DisplayArrayInTable(SourceData_PastureBeef.SourceData_PastureBeef_Liveweight_Data(), Table_SourceData_PastureBeef_Liveweight[[#Headers],[State]], 0)} -> 700 | I25: {=Common_InputFunctions.Utility_DisplayArrayInTable(SourceData_PastureBeef.SourceData_PastureBeef_Liveweight_Data(), Table_SourceData_PastureBeef_Liveweight[[#Headers],[State]], 0)} -> 70 | J25: {=Common_InputFunctions.Utility_DisplayArrayInTable(SourceData_PastureBeef.SourceData_PastureBeef_Liveweight_Data(), Table_SourceData_PastureBeef_Liveweight[[#Headers],[State]], 0)} -> 300 | K25: {=Common_InputFunctions.Utility_DisplayArrayInTable(SourceData_PastureBeef.SourceData_PastureBeef_Liveweight_Data(), Table_SourceData_PastureBeef_Liveweight[[#Headers],[State]], 0)} -> 450 | ... M25: {=Common_InputFunctions.Utility_DisplayArrayInTable(SourceData_PastureBeef.SourceData_PastureBeef_Liveweight_Data(), Table_SourceData_PastureBeef_Liveweight[[#Headers],[State]], 0)} -> 400 | S25: Table_SourceData_PastureBeef_Region_ACT
D26: {=Common_InputFunctions.Utility_DisplayArrayInTable(SourceData_PastureBeef.SourceData_PastureBeef_Liveweight_Data(), Table_SourceData_PastureBeef_Liveweight[[#Headers],[State]], 0)} -> South Australia | E26: {=Common_InputFunctions.Utility_DisplayArrayInTable(SourceData_PastureBeef.SourceData_PastureBeef_Liveweight_Data(), Table_SourceData_PastureBeef_Liveweight[[#Headers],[State]], 0)} -> n/a | F26: {=Common_InputFunctions.Utility_DisplayArrayInTable(SourceData_PastureBeef.SourceData_PastureBeef_Liveweight_Data(), Table_SourceData_PastureBeef_Liveweight[[#Headers],[State]], 0)} -> Winter | G26: {=Common_InputFunctions.Utility_DisplayArrayInTable(SourceData_PastureBeef.SourceData_PastureBeef_Liveweight_Data(), Table_SourceData_PastureBeef_Liveweight[[#Headers],[State]], 0)} -> 160 | H26: {=Common_InputFunctions.Utility_DisplayArrayInTable(SourceData_PastureBeef.SourceData_PastureBeef_Liveweight_Data(), Table_SourceData_PastureBeef_Liveweight[[#Headers],[State]], 0)} -> 700 | I26: {=Common_InputFunctions.Utility_DisplayArrayInTable(SourceData_PastureBeef.SourceData_PastureBeef_Liveweight_Data(), Table_SourceData_PastureBeef_Liveweight[[#Headers],[State]], 0)} -> 140 | J26: {=Common_InputFunctions.Utility_DisplayArrayInTable(SourceData_PastureBeef.SourceData_PastureBeef_Liveweight_Data(), Table_SourceData_PastureBeef_Liveweight[[#Headers],[State]], 0)} -> 350 | K26: {=Common_InputFunctions.Utility_DisplayArrayInTable(SourceData_PastureBeef.SourceData_PastureBeef_Liveweight_Data(), Table_SourceData_PastureBeef_Liveweight[[#Headers],[State]], 0)} -> 450 | ... M26: {=Common_InputFunctions.Utility_DisplayArrayInTable(SourceData_PastureBeef.SourceData_PastureBeef_Liveweight_Data(), Table_SourceData_PastureBeef_Liveweight[[#Headers],[State]], 0)} -> 400
D27: {=Common_InputFunctions.Utility_DisplayArrayInTable(SourceData_PastureBeef.SourceData_PastureBeef_Liveweight_Data(), Table_SourceData_PastureBeef_Liveweight[[#Headers],[State]], 0)} -> Tasmania | E27: {=Common_InputFunctions.Utility_DisplayArrayInTable(SourceData_PastureBeef.SourceData_PastureBeef_Liveweight_Data(), Table_SourceData_PastureBeef_Liveweight[[#Headers],[State]], 0)} -> n/a | F27: {=Common_InputFunctions.Utility_DisplayArrayInTable(SourceData_PastureBeef.SourceData_PastureBeef_Liveweight_Data(), Table_SourceData_PastureBeef_Liveweight[[#Headers],[State]], 0)} -> Spring | G27: {=Common_InputFunctions.Utility_DisplayArrayInTable(SourceData_PastureBeef.SourceData_PastureBeef_Liveweight_Data(), Table_SourceData_PastureBeef_Liveweight[[#Headers],[State]], 0)} -> 105 | H27: {=Common_InputFunctions.Utility_DisplayArrayInTable(SourceData_PastureBeef.SourceData_PastureBeef_Liveweight_Data(), Table_SourceData_PastureBeef_Liveweight[[#Headers],[State]], 0)} -> 700 | I27: {=Common_InputFunctions.Utility_DisplayArrayInTable(SourceData_PastureBeef.SourceData_PastureBeef_Liveweight_Data(), Table_SourceData_PastureBeef_Liveweight[[#Headers],[State]], 0)} -> 85 | J27: {=Common_InputFunctions.Utility_DisplayArrayInTable(SourceData_PastureBeef.SourceData_PastureBeef_Liveweight_Data(), Table_SourceData_PastureBeef_Liveweight[[#Headers],[State]], 0)} -> 300 | K27: {=Common_InputFunctions.Utility_DisplayArrayInTable(SourceData_PastureBeef.SourceData_PastureBeef_Liveweight_Data(), Table_SourceData_PastureBeef_Liveweight[[#Headers],[State]], 0)} -> 490 | ... M27: {=Common_InputFunctions.Utility_DisplayArrayInTable(SourceData_PastureBeef.SourceData_PastureBeef_Liveweight_Data(), Table_SourceData_PastureBeef_Liveweight[[#Headers],[State]], 0)} -> 480 | S27: Region
D28: {=Common_InputFunctions.Utility_DisplayArrayInTable(SourceData_PastureBeef.SourceData_PastureBeef_Liveweight_Data(), Table_SourceData_PastureBeef_Liveweight[[#Headers],[State]], 0)} -> Tasmania | E28: {=Common_InputFunctions.Utility_DisplayArrayInTable(SourceData_PastureBeef.SourceData_PastureBeef_Liveweight_Data(), Table_SourceData_PastureBeef_Liveweight[[#Headers],[State]], 0)} -> n/a | F28: {=Common_InputFunctions.Utility_DisplayArrayInTable(SourceData_PastureBeef.SourceData_PastureBeef_Liveweight_Data(), Table_SourceData_PastureBeef_Liveweight[[#Headers],[State]], 0)} -> Summer | G28: {=Common_InputFunctions.Utility_DisplayArrayInTable(SourceData_PastureBeef.SourceData_PastureBeef_Liveweight_Data(), Table_SourceData_PastureBeef_Liveweight[[#Headers],[State]], 0)} -> 480 | H28: {=Common_InputFunctions.Utility_DisplayArrayInTable(SourceData_PastureBeef.SourceData_PastureBeef_Liveweight_Data(), Table_SourceData_PastureBeef_Liveweight[[#Headers],[State]], 0)} -> 750 | I28: {=Common_InputFunctions.Utility_DisplayArrayInTable(SourceData_PastureBeef.SourceData_PastureBeef_Liveweight_Data(), Table_SourceData_PastureBeef_Liveweight[[#Headers],[State]], 0)} -> 150 | J28: {=Common_InputFunctions.Utility_DisplayArrayInTable(SourceData_PastureBeef.SourceData_PastureBeef_Liveweight_Data(), Table_SourceData_PastureBeef_Liveweight[[#Headers],[State]], 0)} -> 350 | K28: {=Common_InputFunctions.Utility_DisplayArrayInTable(SourceData_PastureBeef.SourceData_PastureBeef_Liveweight_Data(), Table_SourceData_PastureBeef_Liveweight[[#Headers],[State]], 0)} -> 530 | ... M28: {=Common_InputFunctions.Utility_DisplayArrayInTable(SourceData_PastureBeef.SourceData_PastureBeef_Liveweight_Data(), Table_SourceData_PastureBeef_Liveweight[[#Headers],[State]], 0)} -> 460 | S28: n/a
D29: {=Common_InputFunctions.Utility_DisplayArrayInTable(SourceData_PastureBeef.SourceData_PastureBeef_Liveweight_Data(), Table_SourceData_PastureBeef_Liveweight[[#Headers],[State]], 0)} -> Tasmania | E29: {=Common_InputFunctions.Utility_DisplayArrayInTable(SourceData_PastureBeef.SourceData_PastureBeef_Liveweight_Data(), Table_SourceData_PastureBeef_Liveweight[[#Headers],[State]], 0)} -> n/a | F29: {=Common_InputFunctions.Utility_DisplayArrayInTable(SourceData_PastureBeef.SourceData_PastureBeef_Liveweight_Data(), Table_SourceData_PastureBeef_Liveweight[[#Headers],[State]], 0)} -> Autumn | G29: {=Common_InputFunctions.Utility_DisplayArrayInTable(SourceData_PastureBeef.SourceData_PastureBeef_Liveweight_Data(), Table_SourceData_PastureBeef_Liveweight[[#Headers],[State]], 0)} -> 250 | H29: {=Common_InputFunctions.Utility_DisplayArrayInTable(SourceData_PastureBeef.SourceData_PastureBeef_Liveweight_Data(), Table_SourceData_PastureBeef_Liveweight[[#Headers],[State]], 0)} -> 725 | I29: {=Common_InputFunctions.Utility_DisplayArrayInTable(SourceData_PastureBeef.SourceData_PastureBeef_Liveweight_Data(), Table_SourceData_PastureBeef_Liveweight[[#Headers],[State]], 0)} -> 200 | J29: {=Common_InputFunctions.Utility_DisplayArrayInTable(SourceData_PastureBeef.SourceData_PastureBeef_Liveweight_Data(), Table_SourceData_PastureBeef_Liveweight[[#Headers],[State]], 0)} -> 360 | K29: {=Common_InputFunctions.Utility_DisplayArrayInTable(SourceData_PastureBeef.SourceData_PastureBeef_Liveweight_Data(), Table_SourceData_PastureBeef_Liveweight[[#Headers],[State]], 0)} -> 500 | ... M29: {=Common_InputFunctions.Utility_DisplayArrayInTable(SourceData_PastureBeef.SourceData_PastureBeef_Liveweight_Data(), Table_SourceData_PastureBeef_Liveweight[[#Headers],[State]], 0)} -> 490
D30: {=Common_InputFunctions.Utility_DisplayArrayInTable(SourceData_PastureBeef.SourceData_PastureBeef_Liveweight_Data(), Table_SourceData_PastureBeef_Liveweight[[#Headers],[State]], 0)} -> Tasmania | E30: {=Common_InputFunctions.Utility_DisplayArrayInTable(SourceData_PastureBeef.SourceData_PastureBeef_Liveweight_Data(), Table_SourceData_PastureBeef_Liveweight[[#Headers],[State]], 0)} -> n/a | F30: {=Common_InputFunctions.Utility_DisplayArrayInTable(SourceData_PastureBeef.SourceData_PastureBeef_Liveweight_Data(), Table_SourceData_PastureBeef_Liveweight[[#Headers],[State]], 0)} -> Winter | G30: {=Common_InputFunctions.Utility_DisplayArrayInTable(SourceData_PastureBeef.SourceData_PastureBeef_Liveweight_Data(), Table_SourceData_PastureBeef_Liveweight[[#Headers],[State]], 0)} -> 260 | H30: {=Common_InputFunctions.Utility_DisplayArrayInTable(SourceData_PastureBeef.SourceData_PastureBeef_Liveweight_Data(), Table_SourceData_PastureBeef_Liveweight[[#Headers],[State]], 0)} -> 700 | I30: {=Common_InputFunctions.Utility_DisplayArrayInTable(SourceData_PastureBeef.SourceData_PastureBeef_Liveweight_Data(), Table_SourceData_PastureBeef_Liveweight[[#Headers],[State]], 0)} -> 210 | J30: {=Common_InputFunctions.Utility_DisplayArrayInTable(SourceData_PastureBeef.SourceData_PastureBeef_Liveweight_Data(), Table_SourceData_PastureBeef_Liveweight[[#Headers],[State]], 0)} -> 380 | K30: {=Common_InputFunctions.Utility_DisplayArrayInTable(SourceData_PastureBeef.SourceData_PastureBeef_Liveweight_Data(), Table_SourceData_PastureBeef_Liveweight[[#Headers],[State]], 0)} -> 460 | ... M30: {=Common_InputFunctions.Utility_DisplayArrayInTable(SourceData_PastureBeef.SourceData_PastureBeef_Liveweight_Data(), Table_SourceData_PastureBeef_Liveweight[[#Headers],[State]], 0)} -> 470
D31: {=Common_InputFunctions.Utility_DisplayArrayInTable(SourceData_PastureBeef.SourceData_PastureBeef_Liveweight_Data(), Table_SourceData_PastureBeef_Liveweight[[#Headers],[State]], 0)} -> Victoria | E31: {=Common_InputFunctions.Utility_DisplayArrayInTable(SourceData_PastureBeef.SourceData_PastureBeef_Liveweight_Data(), Table_SourceData_PastureBeef_Liveweight[[#Headers],[State]], 0)} -> n/a | F31: {=Common_InputFunctions.Utility_DisplayArrayInTable(SourceData_PastureBeef.SourceData_PastureBeef_Liveweight_Data(), Table_SourceData_PastureBeef_Liveweight[[#Headers],[State]], 0)} -> Spring | G31: {=Common_InputFunctions.Utility_DisplayArrayInTable(SourceData_PastureBeef.SourceData_PastureBeef_Liveweight_Data(), Table_SourceData_PastureBeef_Liveweight[[#Headers],[State]], 0)} -> 250 | H31: {=Common_InputFunctions.Utility_DisplayArrayInTable(SourceData_PastureBeef.SourceData_PastureBeef_Liveweight_Data(), Table_SourceData_PastureBeef_Liveweight[[#Headers],[State]], 0)} -> 820 | I31: {=Common_InputFunctions.Utility_DisplayArrayInTable(SourceData_PastureBeef.SourceData_PastureBeef_Liveweight_Data(), Table_SourceData_PastureBeef_Liveweight[[#Headers],[State]], 0)} -> 240 | J31: {=Common_InputFunctions.Utility_DisplayArrayInTable(SourceData_PastureBeef.SourceData_PastureBeef_Liveweight_Data(), Table_SourceData_PastureBeef_Liveweight[[#Headers],[State]], 0)} -> 410 | K31: {=Common_InputFunctions.Utility_DisplayArrayInTable(SourceData_PastureBeef.SourceData_PastureBeef_Liveweight_Data(), Table_SourceData_PastureBeef_Liveweight[[#Headers],[State]], 0)} -> 560 | ... M31: {=Common_InputFunctions.Utility_DisplayArrayInTable(SourceData_PastureBeef.SourceData_PastureBeef_Liveweight_Data(), Table_SourceData_PastureBeef_Liveweight[[#Headers],[State]], 0)} -> 510
D32: {=Common_InputFunctions.Utility_DisplayArrayInTable(SourceData_PastureBeef.SourceData_PastureBeef_Liveweight_Data(), Table_SourceData_PastureBeef_Liveweight[[#Headers],[State]], 0)} -> Victoria | E32: {=Common_InputFunctions.Utility_DisplayArrayInTable(SourceData_PastureBeef.SourceData_PastureBeef_Liveweight_Data(), Table_SourceData_PastureBeef_Liveweight[[#Headers],[State]], 0)} -> n/a | F32: {=Common_InputFunctions.Utility_DisplayArrayInTable(SourceData_PastureBeef.SourceData_PastureBeef_Liveweight_Data(), Table_SourceData_PastureBeef_Liveweight[[#Headers],[State]], 0)} -> Summer | G32: {=Common_InputFunctions.Utility_DisplayArrayInTable(SourceData_PastureBeef.SourceData_PastureBeef_Liveweight_Data(), Table_SourceData_PastureBeef_Liveweight[[#Headers],[State]], 0)} -> 280 | H32: {=Common_InputFunctions.Utility_DisplayArrayInTable(SourceData_PastureBeef.SourceData_PastureBeef_Liveweight_Data(), Table_SourceData_PastureBeef_Liveweight[[#Headers],[State]], 0)} -> 850 | I32: {=Common_InputFunctions.Utility_DisplayArrayInTable(SourceData_PastureBeef.SourceData_PastureBeef_Liveweight_Data(), Table_SourceData_PastureBeef_Liveweight[[#Headers],[State]], 0)} -> 260 | J32: {=Common_InputFunctions.Utility_DisplayArrayInTable(SourceData_PastureBeef.SourceData_PastureBeef_Liveweight_Data(), Table_SourceData_PastureBeef_Liveweight[[#Headers],[State]], 0)} -> 440 | K32: {=Common_InputFunctions.Utility_DisplayArrayInTable(SourceData_PastureBeef.SourceData_PastureBeef_Liveweight_Data(), Table_SourceData_PastureBeef_Liveweight[[#Headers],[State]], 0)} -> 550 | ... M32: {=Common_InputFunctions.Utility_DisplayArrayInTable(SourceData_PastureBeef.SourceData_PastureBeef_Liveweight_Data(), Table_SourceData_PastureBeef_Liveweight[[#Headers],[State]], 0)} -> 520
D33: {=Common_InputFunctions.Utility_DisplayArrayInTable(SourceData_PastureBeef.SourceData_PastureBeef_Liveweight_Data(), Table_SourceData_PastureBeef_Liveweight[[#Headers],[State]], 0)} -> Victoria | E33: {=Common_InputFunctions.Utility_DisplayArrayInTable(SourceData_PastureBeef.SourceData_PastureBeef_Liveweight_Data(), Table_SourceData_PastureBeef_Liveweight[[#Headers],[State]], 0)} -> n/a | F33: {=Common_InputFunctions.Utility_DisplayArrayInTable(SourceData_PastureBeef.SourceData_PastureBeef_Liveweight_Data(), Table_SourceData_PastureBeef_Liveweight[[#Headers],[State]], 0)} -> Autumn | G33: {=Common_InputFunctions.Utility_DisplayArrayInTable(SourceData_PastureBeef.SourceData_PastureBeef_Liveweight_Data(), Table_SourceData_PastureBeef_Liveweight[[#Headers],[State]], 0)} -> 100 | H33: {=Common_InputFunctions.Utility_DisplayArrayInTable(SourceData_PastureBeef.SourceData_PastureBeef_Liveweight_Data(), Table_SourceData_PastureBeef_Liveweight[[#Headers],[State]], 0)} -> 700 | I33: {=Common_InputFunctions.Utility_DisplayArrayInTable(SourceData_PastureBeef.SourceData_PastureBeef_Liveweight_Data(), Table_SourceData_PastureBeef_Liveweight[[#Headers],[State]], 0)} -> 95 | J33: {=Common_InputFunctions.Utility_DisplayArrayInTable(SourceData_PastureBeef.SourceData_PastureBeef_Liveweight_Data(), Table_SourceData_PastureBeef_Liveweight[[#Headers],[State]], 0)} -> 300 | K33: {=Common_InputFunctions.Utility_DisplayArrayInTable(SourceData_PastureBeef.SourceData_PastureBeef_Liveweight_Data(), Table_SourceData_PastureBeef_Liveweight[[#Headers],[State]], 0)} -> 450 | ... M33: {=Common_InputFunctions.Utility_DisplayArrayInTable(SourceData_PastureBeef.SourceData_PastureBeef_Liveweight_Data(), Table_SourceData_PastureBeef_Liveweight[[#Headers],[State]], 0)} -> 410
D34: {=Common_InputFunctions.Utility_DisplayArrayInTable(SourceData_PastureBeef.SourceData_PastureBeef_Liveweight_Data(), Table_SourceData_PastureBeef_Liveweight[[#Headers],[State]], 0)} -> Victoria | E34: {=Common_InputFunctions.Utility_DisplayArrayInTable(SourceData_PastureBeef.SourceData_PastureBeef_Liveweight_Data(), Table_SourceData_PastureBeef_Liveweight[[#Headers],[State]], 0)} -> n/a | F34: {=Common_InputFunctions.Utility_DisplayArrayInTable(SourceData_PastureBeef.SourceData_PastureBeef_Liveweight_Data(), Table_SourceData_PastureBeef_Liveweight[[#Headers],[State]], 0)} -> Winter | G34: {=Common_InputFunctions.Utility_DisplayArrayInTable(SourceData_PastureBeef.SourceData_PastureBeef_Liveweight_Data(), Table_SourceData_PastureBeef_Liveweight[[#Headers],[State]], 0)} -> 150 | H34: {=Common_InputFunctions.Utility_DisplayArrayInTable(SourceData_PastureBeef.SourceData_PastureBeef_Liveweight_Data(), Table_SourceData_PastureBeef_Liveweight[[#Headers],[State]], 0)} -> 720 | I34: {=Common_InputFunctions.Utility_DisplayArrayInTable(SourceData_PastureBeef.SourceData_PastureBeef_Liveweight_Data(), Table_SourceData_PastureBeef_Liveweight[[#Headers],[State]], 0)} -> 140 | J34: {=Common_InputFunctions.Utility_DisplayArrayInTable(SourceData_PastureBeef.SourceData_PastureBeef_Liveweight_Data(), Table_SourceData_PastureBeef_Liveweight[[#Headers],[State]], 0)} -> 320 | K34: {=Common_InputFunctions.Utility_DisplayArrayInTable(SourceData_PastureBeef.SourceData_PastureBeef_Liveweight_Data(), Table_SourceData_PastureBeef_Liveweight[[#Headers],[State]], 0)} -> 470 | ... M34: {=Common_InputFunctions.Utility_DisplayArrayInTable(SourceData_PastureBeef.SourceData_PastureBeef_Liveweight_Data(), Table_SourceData_PastureBeef_Liveweight[[#Headers],[State]], 0)} -> 440
D35: {=Common_InputFunctions.Utility_DisplayArrayInTable(SourceData_PastureBeef.SourceData_PastureBeef_Liveweight_Data(), Table_SourceData_PastureBeef_Liveweight[[#Headers],[State]], 0)} -> Western Australia | E35: {=Common_InputFunctions.Utility_DisplayArrayInTable(SourceData_PastureBeef.SourceData_PastureBeef_Liveweight_Data(), Table_SourceData_PastureBeef_Liveweight[[#Headers],[State]], 0)} -> South West | F35: {=Common_InputFunctions.Utility_DisplayArrayInTable(SourceData_PastureBeef.SourceData_PastureBeef_Liveweight_Data(), Table_SourceData_PastureBeef_Liveweight[[#Headers],[State]], 0)} -> Spring | G35: {=Common_InputFunctions.Utility_DisplayArrayInTable(SourceData_PastureBeef.SourceData_PastureBeef_Liveweight_Data(), Table_SourceData_PastureBeef_Liveweight[[#Headers],[State]], 0)} -> 340 | H35: {=Common_InputFunctions.Utility_DisplayArrayInTable(SourceData_PastureBeef.SourceData_PastureBeef_Liveweight_Data(), Table_SourceData_PastureBeef_Liveweight[[#Headers],[State]], 0)} -> 800 | I35: {=Common_InputFunctions.Utility_DisplayArrayInTable(SourceData_PastureBeef.SourceData_PastureBeef_Liveweight_Data(), Table_SourceData_PastureBeef_Liveweight[[#Headers],[State]], 0)} -> 260 | J35: {=Common_InputFunctions.Utility_DisplayArrayInTable(SourceData_PastureBeef.SourceData_PastureBeef_Liveweight_Data(), Table_SourceData_PastureBeef_Liveweight[[#Headers],[State]], 0)} -> 420 | K35: {=Common_InputFunctions.Utility_DisplayArrayInTable(SourceData_PastureBeef.SourceData_PastureBeef_Liveweight_Data(), Table_SourceData_PastureBeef_Liveweight[[#Headers],[State]], 0)} -> 550 | ... M35: {=Common_InputFunctions.Utility_DisplayArrayInTable(SourceData_PastureBeef.SourceData_PastureBeef_Liveweight_Data(), Table_SourceData_PastureBeef_Liveweight[[#Headers],[State]], 0)} -> 480
D36: {=Common_InputFunctions.Utility_DisplayArrayInTable(SourceData_PastureBeef.SourceData_PastureBeef_Liveweight_Data(), Table_SourceData_PastureBeef_Liveweight[[#Headers],[State]], 0)} -> Western Australia | E36: {=Common_InputFunctions.Utility_DisplayArrayInTable(SourceData_PastureBeef.SourceData_PastureBeef_Liveweight_Data(), Table_SourceData_PastureBeef_Liveweight[[#Headers],[State]], 0)} -> South West | F36: {=Common_InputFunctions.Utility_DisplayArrayInTable(SourceData_PastureBeef.SourceData_PastureBeef_Liveweight_Data(), Table_SourceData_PastureBeef_Liveweight[[#Headers],[State]], 0)} -> Summer | G36: {=Common_InputFunctions.Utility_DisplayArrayInTable(SourceData_PastureBeef.SourceData_PastureBeef_Liveweight_Data(), Table_SourceData_PastureBeef_Liveweight[[#Headers],[State]], 0)} -> 380 | H36: {=Common_InputFunctions.Utility_DisplayArrayInTable(SourceData_PastureBeef.SourceData_PastureBeef_Liveweight_Data(), Table_SourceData_PastureBeef_Liveweight[[#Headers],[State]], 0)} -> 780 | I36: {=Common_InputFunctions.Utility_DisplayArrayInTable(SourceData_PastureBeef.SourceData_PastureBeef_Liveweight_Data(), Table_SourceData_PastureBeef_Liveweight[[#Headers],[State]], 0)} -> 300 | J36: {=Common_InputFunctions.Utility_DisplayArrayInTable(SourceData_PastureBeef.SourceData_PastureBeef_Liveweight_Data(), Table_SourceData_PastureBeef_Liveweight[[#Headers],[State]], 0)} -> 450 | K36: {=Common_InputFunctions.Utility_DisplayArrayInTable(SourceData_PastureBeef.SourceData_PastureBeef_Liveweight_Data(), Table_SourceData_PastureBeef_Liveweight[[#Headers],[State]], 0)} -> 530 | ... M36: {=Common_InputFunctions.Utility_DisplayArrayInTable(SourceData_PastureBeef.SourceData_PastureBeef_Liveweight_Data(), Table_SourceData_PastureBeef_Liveweight[[#Headers],[State]], 0)} -> 470
D37: {=Common_InputFunctions.Utility_DisplayArrayInTable(SourceData_PastureBeef.SourceData_PastureBeef_Liveweight_Data(), Table_SourceData_PastureBeef_Liveweight[[#Headers],[State]], 0)} -> Western Australia | E37: {=Common_InputFunctions.Utility_DisplayArrayInTable(SourceData_PastureBeef.SourceData_PastureBeef_Liveweight_Data(), Table_SourceData_PastureBeef_Liveweight[[#Headers],[State]], 0)} -> South West | F37: {=Common_InputFunctions.Utility_DisplayArrayInTable(SourceData_PastureBeef.SourceData_PastureBeef_Liveweight_Data(), Table_SourceData_PastureBeef_Liveweight[[#Headers],[State]], 0)} -> Autumn | G37: {=Common_InputFunctions.Utility_DisplayArrayInTable(SourceData_PastureBeef.SourceData_PastureBeef_Liveweight_Data(), Table_SourceData_PastureBeef_Liveweight[[#Headers],[State]], 0)} -> 100 | H37: {=Common_InputFunctions.Utility_DisplayArrayInTable(SourceData_PastureBeef.SourceData_PastureBeef_Liveweight_Data(), Table_SourceData_PastureBeef_Liveweight[[#Headers],[State]], 0)} -> 680 | I37: {=Common_InputFunctions.Utility_DisplayArrayInTable(SourceData_PastureBeef.SourceData_PastureBeef_Liveweight_Data(), Table_SourceData_PastureBeef_Liveweight[[#Headers],[State]], 0)} -> 80 | J37: {=Common_InputFunctions.Utility_DisplayArrayInTable(SourceData_PastureBeef.SourceData_PastureBeef_Liveweight_Data(), Table_SourceData_PastureBeef_Liveweight[[#Headers],[State]], 0)} -> 320 | K37: {=Common_InputFunctions.Utility_DisplayArrayInTable(SourceData_PastureBeef.SourceData_PastureBeef_Liveweight_Data(), Table_SourceData_PastureBeef_Liveweight[[#Headers],[State]], 0)} -> 480 | ... M37: {=Common_InputFunctions.Utility_DisplayArrayInTable(SourceData_PastureBeef.SourceData_PastureBeef_Liveweight_Data(), Table_SourceData_PastureBeef_Liveweight[[#Headers],[State]], 0)} -> 340
D38: {=Common_InputFunctions.Utility_DisplayArrayInTable(SourceData_PastureBeef.SourceData_PastureBeef_Liveweight_Data(), Table_SourceData_PastureBeef_Liveweight[[#Headers],[State]], 0)} -> Western Australia | E38: {=Common_InputFunctions.Utility_DisplayArrayInTable(SourceData_PastureBeef.SourceData_PastureBeef_Liveweight_Data(), Table_SourceData_PastureBeef_Liveweight[[#Headers],[State]], 0)} -> South West | F38: {=Common_InputFunctions.Utility_DisplayArrayInTable(SourceData_PastureBeef.SourceData_PastureBeef_Liveweight_Data(), Table_SourceData_PastureBeef_Liveweight[[#Headers],[State]], 0)} -> Winter | G38: {=Common_InputFunctions.Utility_DisplayArrayInTable(SourceData_PastureBeef.SourceData_PastureBeef_Liveweight_Data(), Table_SourceData_PastureBeef_Liveweight[[#Headers],[State]], 0)} -> 190 | H38: {=Common_InputFunctions.Utility_DisplayArrayInTable(SourceData_PastureBeef.SourceData_PastureBeef_Liveweight_Data(), Table_SourceData_PastureBeef_Liveweight[[#Headers],[State]], 0)} -> 700 | I38: {=Common_InputFunctions.Utility_DisplayArrayInTable(SourceData_PastureBeef.SourceData_PastureBeef_Liveweight_Data(), Table_SourceData_PastureBeef_Liveweight[[#Headers],[State]], 0)} -> 150 | J38: {=Common_InputFunctions.Utility_DisplayArrayInTable(SourceData_PastureBeef.SourceData_PastureBeef_Liveweight_Data(), Table_SourceData_PastureBeef_Liveweight[[#Headers],[State]], 0)} -> 330 | K38: {=Common_InputFunctions.Utility_DisplayArrayInTable(SourceData_PastureBeef.SourceData_PastureBeef_Liveweight_Data(), Table_SourceData_PastureBeef_Liveweight[[#Headers],[State]], 0)} -> 490 | ... M38: {=Common_InputFunctions.Utility_DisplayArrayInTable(SourceData_PastureBeef.SourceData_PastureBeef_Liveweight_Data(), Table_SourceData_PastureBeef_Liveweight[[#Headers],[State]], 0)} -> 360
D39: {=Common_InputFunctions.Utility_DisplayArrayInTable(SourceData_PastureBeef.SourceData_PastureBeef_Liveweight_Data(), Table_SourceData_PastureBeef_Liveweight[[#Headers],[State]], 0)} -> Western Australia | E39: {=Common_InputFunctions.Utility_DisplayArrayInTable(SourceData_PastureBeef.SourceData_PastureBeef_Liveweight_Data(), Table_SourceData_PastureBeef_Liveweight[[#Headers],[State]], 0)} -> Pilbara | F39: {=Common_InputFunctions.Utility_DisplayArrayInTable(SourceData_PastureBeef.SourceData_PastureBeef_Liveweight_Data(), Table_SourceData_PastureBeef_Liveweight[[#Headers],[State]], 0)} -> Spring | G39: {=Common_InputFunctions.Utility_DisplayArrayInTable(SourceData_PastureBeef.SourceData_PastureBeef_Liveweight_Data(), Table_SourceData_PastureBeef_Liveweight[[#Headers],[State]], 0)} -> 80 | H39: {=Common_InputFunctions.Utility_DisplayArrayInTable(SourceData_PastureBeef.SourceData_PastureBeef_Liveweight_Data(), Table_SourceData_PastureBeef_Liveweight[[#Headers],[State]], 0)} -> 450 | I39: {=Common_InputFunctions.Utility_DisplayArrayInTable(SourceData_PastureBeef.SourceData_PastureBeef_Liveweight_Data(), Table_SourceData_PastureBeef_Liveweight[[#Headers],[State]], 0)} -> 70 | J39: {=Common_InputFunctions.Utility_DisplayArrayInTable(SourceData_PastureBeef.SourceData_PastureBeef_Liveweight_Data(), Table_SourceData_PastureBeef_Liveweight[[#Headers],[State]], 0)} -> 260 | K39: {=Common_InputFunctions.Utility_DisplayArrayInTable(SourceData_PastureBeef.SourceData_PastureBeef_Liveweight_Data(), Table_SourceData_PastureBeef_Liveweight[[#Headers],[State]], 0)} -> 340 | ... M39: {=Common_InputFunctions.Utility_DisplayArrayInTable(SourceData_PastureBeef.SourceData_PastureBeef_Liveweight_Data(), Table_SourceData_PastureBeef_Liveweight[[#Headers],[State]], 0)} -> 370
D40: {=Common_InputFunctions.Utility_DisplayArrayInTable(SourceData_PastureBeef.SourceData_PastureBeef_Liveweight_Data(), Table_SourceData_PastureBeef_Liveweight[[#Headers],[State]], 0)} -> Western Australia | E40: {=Common_InputFunctions.Utility_DisplayArrayInTable(SourceData_PastureBeef.SourceData_PastureBeef_Liveweight_Data(), Table_SourceData_PastureBeef_Liveweight[[#Headers],[State]], 0)} -> Pilbara | F40: {=Common_InputFunctions.Utility_DisplayArrayInTable(SourceData_PastureBeef.SourceData_PastureBeef_Liveweight_Data(), Table_SourceData_PastureBeef_Liveweight[[#Headers],[State]], 0)} -> Summer | G40: {=Common_InputFunctions.Utility_DisplayArrayInTable(SourceData_PastureBeef.SourceData_PastureBeef_Liveweight_Data(), Table_SourceData_PastureBeef_Liveweight[[#Headers],[State]], 0)} -> 150 | H40: {=Common_InputFunctions.Utility_DisplayArrayInTable(SourceData_PastureBeef.SourceData_PastureBeef_Liveweight_Data(), Table_SourceData_PastureBeef_Liveweight[[#Headers],[State]], 0)} -> 500 | I40: {=Common_InputFunctions.Utility_DisplayArrayInTable(SourceData_PastureBeef.SourceData_PastureBeef_Liveweight_Data(), Table_SourceData_PastureBeef_Liveweight[[#Headers],[State]], 0)} -> 140 | J40: {=Common_InputFunctions.Utility_DisplayArrayInTable(SourceData_PastureBeef.SourceData_PastureBeef_Liveweight_Data(), Table_SourceData_PastureBeef_Liveweight[[#Headers],[State]], 0)} -> 310 | K40: {=Common_InputFunctions.Utility_DisplayArrayInTable(SourceData_PastureBeef.SourceData_PastureBeef_Liveweight_Data(), Table_SourceData_PastureBeef_Liveweight[[#Headers],[State]], 0)} -> 360 | ... M40: {=Common_InputFunctions.Utility_DisplayArrayInTable(SourceData_PastureBeef.SourceData_PastureBeef_Liveweight_Data(), Table_SourceData_PastureBeef_Liveweight[[#Headers],[State]], 0)} -> 400
... D46: {=Common_InputFunctions.Utility_DisplayArrayInTable(SourceData_PastureBeef.SourceData_PastureBeef_Liveweight_Data(), Table_SourceData_PastureBeef_Liveweight[[#Headers],[State]], 0)} -> Western Australia | E46: {=Common_InputFunctions.Utility_DisplayArrayInTable(SourceData_PastureBeef.SourceData_PastureBeef_Liveweight_Data(), Table_SourceData_PastureBeef_Liveweight[[#Headers],[State]], 0)} -> Kimberley | F46: {=Common_InputFunctions.Utility_DisplayArrayInTable(SourceData_PastureBeef.SourceData_PastureBeef_Liveweight_Data(), Table_SourceData_PastureBeef_Liveweight[[#Headers],[State]], 0)} -> Winter | G46: {=Common_InputFunctions.Utility_DisplayArrayInTable(SourceData_PastureBeef.SourceData_PastureBeef_Liveweight_Data(), Table_SourceData_PastureBeef_Liveweight[[#Headers],[State]], 0)} -> 200 | H46: {=Common_InputFunctions.Utility_DisplayArrayInTable(SourceData_PastureBeef.SourceData_PastureBeef_Liveweight_Data(), Table_SourceData_PastureBeef_Liveweight[[#Headers],[State]], 0)} -> 550 | I46: {=Common_InputFunctions.Utility_DisplayArrayInTable(SourceData_PastureBeef.SourceData_PastureBeef_Liveweight_Data(), Table_SourceData_PastureBeef_Liveweight[[#Headers],[State]], 0)} -> 150 | J46: {=Common_InputFunctions.Utility_DisplayArrayInTable(SourceData_PastureBeef.SourceData_PastureBeef_Liveweight_Data(), Table_SourceData_PastureBeef_Liveweight[[#Headers],[State]], 0)} -> 280 | K46: {=Common_InputFunctions.Utility_DisplayArrayInTable(SourceData_PastureBeef.SourceData_PastureBeef_Liveweight_Data(), Table_SourceData_PastureBeef_Liveweight[[#Headers],[State]], 0)} -> 350 | ... M46: {=Common_InputFunctions.Utility_DisplayArrayInTable(SourceData_PastureBeef.SourceData_PastureBeef_Liveweight_Data(), Table_SourceData_PastureBeef_Liveweight[[#Headers],[State]], 0)} -> 400
D49: {=SourceData_PastureBeef.SourceData_PastureBeef_LiveweightNTQLD_Title()} -> Beef pasture cattle - Liveweight (kg) (Wjkl) for NT and QLD
D50: {=SourceData_PastureBeef.SourceData_PastureBeef_LiveweightNTQLD_Source()} -> VEERG 2026: Table A.1.2.2
D51: {=SourceData_PastureBeef.SourceData_PastureBeef_LiveweightNTQLD_Variable()} -> Wjkl
D52: {=SourceData_PastureBeef.SourceData_PastureBeef_LiveweightNTQLD_Unit()} -> kg
D53: State | E53: Region | F53: Season | G53: Bull <1 | H53: Bull >1 | I53: Cows <1 | J53: Cows 1-2 | K53: Cows 2-3 | L53: Cows >3 | M53: Steer <1 | N53: Steer 1-2 | O53: Steer 2-3 | P53: Steer >3
D54: {=Common_InputFunctions.Utility_DisplayArrayInTable(SourceData_PastureBeef.SourceData_PastureBeef_LiveweightNTQLD_Data(),Table_SourceData_PastureBeef_LiveweightNTQD[[#Headers],[State]], 0)} -> Northern Territory | E54: {=Common_InputFunctions.Utility_DisplayArrayInTable(SourceData_PastureBeef.SourceData_PastureBeef_LiveweightNTQLD_Data(),Table_SourceData_PastureBeef_LiveweightNTQD[[#Headers],[State]], 0)} -> Alice Springs | F54: {=Common_InputFunctions.Utility_DisplayArrayInTable(SourceData_PastureBeef.SourceData_PastureBeef_LiveweightNTQLD_Data(),Table_SourceData_PastureBeef_LiveweightNTQD[[#Headers],[State]], 0)} -> Spring | G54: {=Common_InputFunctions.Utility_DisplayArrayInTable(SourceData_PastureBeef.SourceData_PastureBeef_LiveweightNTQLD_Data(),Table_SourceData_PastureBeef_LiveweightNTQD[[#Headers],[State]], 0)} -> 220 | H54: {=Common_InputFunctions.Utility_DisplayArrayInTable(SourceData_PastureBeef.SourceData_PastureBeef_LiveweightNTQLD_Data(),Table_SourceData_PastureBeef_LiveweightNTQD[[#Headers],[State]], 0)} -> 706 | I54: {=Common_InputFunctions.Utility_DisplayArrayInTable(SourceData_PastureBeef.SourceData_PastureBeef_LiveweightNTQLD_Data(),Table_SourceData_PastureBeef_LiveweightNTQD[[#Headers],[State]], 0)} -> 208 | J54: {=Common_InputFunctions.Utility_DisplayArrayInTable(SourceData_PastureBeef.SourceData_PastureBeef_LiveweightNTQLD_Data(),Table_SourceData_PastureBeef_LiveweightNTQD[[#Headers],[State]], 0)} -> 323 | K54: {=Common_InputFunctions.Utility_DisplayArrayInTable(SourceData_PastureBeef.SourceData_PastureBeef_LiveweightNTQLD_Data(),Table_SourceData_PastureBeef_LiveweightNTQD[[#Headers],[State]], 0)} -> 415 | ... P54: {=Common_InputFunctions.Utility_DisplayArrayInTable(SourceData_PastureBeef.SourceData_PastureBeef_LiveweightNTQLD_Data(),Table_SourceData_PastureBeef_LiveweightNTQD[[#Headers],[State]], 0)} -> 585
D55: {=Common_InputFunctions.Utility_DisplayArrayInTable(SourceData_PastureBeef.SourceData_PastureBeef_LiveweightNTQLD_Data(),Table_SourceData_PastureBeef_LiveweightNTQD[[#Headers],[State]], 0)} -> Northern Territory | E55: {=Common_InputFunctions.Utility_DisplayArrayInTable(SourceData_PastureBeef.SourceData_PastureBeef_LiveweightNTQLD_Data(),Table_SourceData_PastureBeef_LiveweightNTQD[[#Headers],[State]], 0)} -> Alice Springs | F55: {=Common_InputFunctions.Utility_DisplayArrayInTable(SourceData_PastureBeef.SourceData_PastureBeef_LiveweightNTQLD_Data(),Table_SourceData_PastureBeef_LiveweightNTQD[[#Headers],[State]], 0)} -> Summer | G55: {=Common_InputFunctions.Utility_DisplayArrayInTable(SourceData_PastureBeef.SourceData_PastureBeef_LiveweightNTQLD_Data(),Table_SourceData_PastureBeef_LiveweightNTQD[[#Headers],[State]], 0)} -> 110 | H55: {=Common_InputFunctions.Utility_DisplayArrayInTable(SourceData_PastureBeef.SourceData_PastureBeef_LiveweightNTQLD_Data(),Table_SourceData_PastureBeef_LiveweightNTQD[[#Headers],[State]], 0)} -> 703 | I55: {=Common_InputFunctions.Utility_DisplayArrayInTable(SourceData_PastureBeef.SourceData_PastureBeef_LiveweightNTQLD_Data(),Table_SourceData_PastureBeef_LiveweightNTQD[[#Headers],[State]], 0)} -> 112 | J55: {=Common_InputFunctions.Utility_DisplayArrayInTable(SourceData_PastureBeef.SourceData_PastureBeef_LiveweightNTQLD_Data(),Table_SourceData_PastureBeef_LiveweightNTQD[[#Headers],[State]], 0)} -> 256 | K55: {=Common_InputFunctions.Utility_DisplayArrayInTable(SourceData_PastureBeef.SourceData_PastureBeef_LiveweightNTQLD_Data(),Table_SourceData_PastureBeef_LiveweightNTQD[[#Headers],[State]], 0)} -> 368 | ... P55: {=Common_InputFunctions.Utility_DisplayArrayInTable(SourceData_PastureBeef.SourceData_PastureBeef_LiveweightNTQLD_Data(),Table_SourceData_PastureBeef_LiveweightNTQD[[#Headers],[State]], 0)} -> 543
D56: {=Common_InputFunctions.Utility_DisplayArrayInTable(SourceData_PastureBeef.SourceData_PastureBeef_LiveweightNTQLD_Data(),Table_SourceData_PastureBeef_LiveweightNTQD[[#Headers],[State]], 0)} -> Northern Territory | E56: {=Common_InputFunctions.Utility_DisplayArrayInTable(SourceData_PastureBeef.SourceData_PastureBeef_LiveweightNTQLD_Data(),Table_SourceData_PastureBeef_LiveweightNTQD[[#Headers],[State]], 0)} -> Alice Springs | F56: {=Common_InputFunctions.Utility_DisplayArrayInTable(SourceData_PastureBeef.SourceData_PastureBeef_LiveweightNTQLD_Data(),Table_SourceData_PastureBeef_LiveweightNTQD[[#Headers],[State]], 0)} -> Autumn | G56: {=Common_InputFunctions.Utility_DisplayArrayInTable(SourceData_PastureBeef.SourceData_PastureBeef_LiveweightNTQLD_Data(),Table_SourceData_PastureBeef_LiveweightNTQD[[#Headers],[State]], 0)} -> 170 | H56: {=Common_InputFunctions.Utility_DisplayArrayInTable(SourceData_PastureBeef.SourceData_PastureBeef_LiveweightNTQLD_Data(),Table_SourceData_PastureBeef_LiveweightNTQD[[#Headers],[State]], 0)} -> 721 | I56: {=Common_InputFunctions.Utility_DisplayArrayInTable(SourceData_PastureBeef.SourceData_PastureBeef_LiveweightNTQLD_Data(),Table_SourceData_PastureBeef_LiveweightNTQD[[#Headers],[State]], 0)} -> 169 | J56: {=Common_InputFunctions.Utility_DisplayArrayInTable(SourceData_PastureBeef.SourceData_PastureBeef_LiveweightNTQLD_Data(),Table_SourceData_PastureBeef_LiveweightNTQD[[#Headers],[State]], 0)} -> 306 | K56: {=Common_InputFunctions.Utility_DisplayArrayInTable(SourceData_PastureBeef.SourceData_PastureBeef_LiveweightNTQLD_Data(),Table_SourceData_PastureBeef_LiveweightNTQD[[#Headers],[State]], 0)} -> 392 | ... P56: {=Common_InputFunctions.Utility_DisplayArrayInTable(SourceData_PastureBeef.SourceData_PastureBeef_LiveweightNTQLD_Data(),Table_SourceData_PastureBeef_LiveweightNTQD[[#Headers],[State]], 0)} -> 580
D57: {=Common_InputFunctions.Utility_DisplayArrayInTable(SourceData_PastureBeef.SourceData_PastureBeef_LiveweightNTQLD_Data(),Table_SourceData_PastureBeef_LiveweightNTQD[[#Headers],[State]], 0)} -> Northern Territory | E57: {=Common_InputFunctions.Utility_DisplayArrayInTable(SourceData_PastureBeef.SourceData_PastureBeef_LiveweightNTQLD_Data(),Table_SourceData_PastureBeef_LiveweightNTQD[[#Headers],[State]], 0)} -> Alice Springs | F57: {=Common_InputFunctions.Utility_DisplayArrayInTable(SourceData_PastureBeef.SourceData_PastureBeef_LiveweightNTQLD_Data(),Table_SourceData_PastureBeef_LiveweightNTQD[[#Headers],[State]], 0)} -> Winter | G57: {=Common_InputFunctions.Utility_DisplayArrayInTable(SourceData_PastureBeef.SourceData_PastureBeef_LiveweightNTQLD_Data(),Table_SourceData_PastureBeef_LiveweightNTQD[[#Headers],[State]], 0)} -> 200 | H57: {=Common_InputFunctions.Utility_DisplayArrayInTable(SourceData_PastureBeef.SourceData_PastureBeef_LiveweightNTQLD_Data(),Table_SourceData_PastureBeef_LiveweightNTQD[[#Headers],[State]], 0)} -> 727 | I57: {=Common_InputFunctions.Utility_DisplayArrayInTable(SourceData_PastureBeef.SourceData_PastureBeef_LiveweightNTQLD_Data(),Table_SourceData_PastureBeef_LiveweightNTQD[[#Headers],[State]], 0)} -> 211 | J57: {=Common_InputFunctions.Utility_DisplayArrayInTable(SourceData_PastureBeef.SourceData_PastureBeef_LiveweightNTQLD_Data(),Table_SourceData_PastureBeef_LiveweightNTQD[[#Headers],[State]], 0)} -> 338 | K57: {=Common_InputFunctions.Utility_DisplayArrayInTable(SourceData_PastureBeef.SourceData_PastureBeef_LiveweightNTQLD_Data(),Table_SourceData_PastureBeef_LiveweightNTQD[[#Headers],[State]], 0)} -> 432 | ... P57: {=Common_InputFunctions.Utility_DisplayArrayInTable(SourceData_PastureBeef.SourceData_PastureBeef_LiveweightNTQLD_Data(),Table_SourceData_PastureBeef_LiveweightNTQD[[#Headers],[State]], 0)} -> 590
D58: {=Common_InputFunctions.Utility_DisplayArrayInTable(SourceData_PastureBeef.SourceData_PastureBeef_LiveweightNTQLD_Data(),Table_SourceData_PastureBeef_LiveweightNTQD[[#Headers],[State]], 0)} -> Northern Territory | E58: {=Common_InputFunctions.Utility_DisplayArrayInTable(SourceData_PastureBeef.SourceData_PastureBeef_LiveweightNTQLD_Data(),Table_SourceData_PastureBeef_LiveweightNTQD[[#Headers],[State]], 0)} -> Barkly | F58: {=Common_InputFunctions.Utility_DisplayArrayInTable(SourceData_PastureBeef.SourceData_PastureBeef_LiveweightNTQLD_Data(),Table_SourceData_PastureBeef_LiveweightNTQD[[#Headers],[State]], 0)} -> Spring | G58: {=Common_InputFunctions.Utility_DisplayArrayInTable(SourceData_PastureBeef.SourceData_PastureBeef_LiveweightNTQLD_Data(),Table_SourceData_PastureBeef_LiveweightNTQD[[#Headers],[State]], 0)} -> 220 | H58: {=Common_InputFunctions.Utility_DisplayArrayInTable(SourceData_PastureBeef.SourceData_PastureBeef_LiveweightNTQLD_Data(),Table_SourceData_PastureBeef_LiveweightNTQD[[#Headers],[State]], 0)} -> 620 | I58: {=Common_InputFunctions.Utility_DisplayArrayInTable(SourceData_PastureBeef.SourceData_PastureBeef_LiveweightNTQLD_Data(),Table_SourceData_PastureBeef_LiveweightNTQD[[#Headers],[State]], 0)} -> 227 | J58: {=Common_InputFunctions.Utility_DisplayArrayInTable(SourceData_PastureBeef.SourceData_PastureBeef_LiveweightNTQLD_Data(),Table_SourceData_PastureBeef_LiveweightNTQD[[#Headers],[State]], 0)} -> 319 | K58: {=Common_InputFunctions.Utility_DisplayArrayInTable(SourceData_PastureBeef.SourceData_PastureBeef_LiveweightNTQLD_Data(),Table_SourceData_PastureBeef_LiveweightNTQD[[#Headers],[State]], 0)} -> 398 | ... P58: {=Common_InputFunctions.Utility_DisplayArrayInTable(SourceData_PastureBeef.SourceData_PastureBeef_LiveweightNTQLD_Data(),Table_SourceData_PastureBeef_LiveweightNTQD[[#Headers],[State]], 0)} -> NO
D59: {=Common_InputFunctions.Utility_DisplayArrayInTable(SourceData_PastureBeef.SourceData_PastureBeef_LiveweightNTQLD_Data(),Table_SourceData_PastureBeef_LiveweightNTQD[[#Headers],[State]], 0)} -> Northern Territory | E59: {=Common_InputFunctions.Utility_DisplayArrayInTable(SourceData_PastureBeef.SourceData_PastureBeef_LiveweightNTQLD_Data(),Table_SourceData_PastureBeef_LiveweightNTQD[[#Headers],[State]], 0)} -> Barkly | F59: {=Common_InputFunctions.Utility_DisplayArrayInTable(SourceData_PastureBeef.SourceData_PastureBeef_LiveweightNTQLD_Data(),Table_SourceData_PastureBeef_LiveweightNTQD[[#Headers],[State]], 0)} -> Summer | G59: {=Common_InputFunctions.Utility_DisplayArrayInTable(SourceData_PastureBeef.SourceData_PastureBeef_LiveweightNTQLD_Data(),Table_SourceData_PastureBeef_LiveweightNTQD[[#Headers],[State]], 0)} -> 110 | H59: {=Common_InputFunctions.Utility_DisplayArrayInTable(SourceData_PastureBeef.SourceData_PastureBeef_LiveweightNTQLD_Data(),Table_SourceData_PastureBeef_LiveweightNTQD[[#Headers],[State]], 0)} -> 650 | I59: {=Common_InputFunctions.Utility_DisplayArrayInTable(SourceData_PastureBeef.SourceData_PastureBeef_LiveweightNTQLD_Data(),Table_SourceData_PastureBeef_LiveweightNTQD[[#Headers],[State]], 0)} -> 108 | J59: {=Common_InputFunctions.Utility_DisplayArrayInTable(SourceData_PastureBeef.SourceData_PastureBeef_LiveweightNTQLD_Data(),Table_SourceData_PastureBeef_LiveweightNTQD[[#Headers],[State]], 0)} -> 262 | K59: {=Common_InputFunctions.Utility_DisplayArrayInTable(SourceData_PastureBeef.SourceData_PastureBeef_LiveweightNTQLD_Data(),Table_SourceData_PastureBeef_LiveweightNTQD[[#Headers],[State]], 0)} -> 346 | ... P59: {=Common_InputFunctions.Utility_DisplayArrayInTable(SourceData_PastureBeef.SourceData_PastureBeef_LiveweightNTQLD_Data(),Table_SourceData_PastureBeef_LiveweightNTQD[[#Headers],[State]], 0)} -> NO
D60: {=Common_InputFunctions.Utility_DisplayArrayInTable(SourceData_PastureBeef.SourceData_PastureBeef_LiveweightNTQLD_Data(),Table_SourceData_PastureBeef_LiveweightNTQD[[#Headers],[State]], 0)} -> Northern Territory | E60: {=Common_InputFunctions.Utility_DisplayArrayInTable(SourceData_PastureBeef.SourceData_PastureBeef_LiveweightNTQLD_Data(),Table_SourceData_PastureBeef_LiveweightNTQD[[#Headers],[State]], 0)} -> Barkly | F60: {=Common_InputFunctions.Utility_DisplayArrayInTable(SourceData_PastureBeef.SourceData_PastureBeef_LiveweightNTQLD_Data(),Table_SourceData_PastureBeef_LiveweightNTQD[[#Headers],[State]], 0)} -> Autumn | G60: {=Common_InputFunctions.Utility_DisplayArrayInTable(SourceData_PastureBeef.SourceData_PastureBeef_LiveweightNTQLD_Data(),Table_SourceData_PastureBeef_LiveweightNTQD[[#Headers],[State]], 0)} -> 170 | H60: {=Common_InputFunctions.Utility_DisplayArrayInTable(SourceData_PastureBeef.SourceData_PastureBeef_LiveweightNTQLD_Data(),Table_SourceData_PastureBeef_LiveweightNTQD[[#Headers],[State]], 0)} -> 670 | I60: {=Common_InputFunctions.Utility_DisplayArrayInTable(SourceData_PastureBeef.SourceData_PastureBeef_LiveweightNTQLD_Data(),Table_SourceData_PastureBeef_LiveweightNTQD[[#Headers],[State]], 0)} -> 170 | J60: {=Common_InputFunctions.Utility_DisplayArrayInTable(SourceData_PastureBeef.SourceData_PastureBeef_LiveweightNTQLD_Data(),Table_SourceData_PastureBeef_LiveweightNTQD[[#Headers],[State]], 0)} -> 266 | K60: {=Common_InputFunctions.Utility_DisplayArrayInTable(SourceData_PastureBeef.SourceData_PastureBeef_LiveweightNTQLD_Data(),Table_SourceData_PastureBeef_LiveweightNTQD[[#Headers],[State]], 0)} -> 363 | ... P60: {=Common_InputFunctions.Utility_DisplayArrayInTable(SourceData_PastureBeef.SourceData_PastureBeef_LiveweightNTQLD_Data(),Table_SourceData_PastureBeef_LiveweightNTQD[[#Headers],[State]], 0)} -> NO
D61: {=Common_InputFunctions.Utility_DisplayArrayInTable(SourceData_PastureBeef.SourceData_PastureBeef_LiveweightNTQLD_Data(),Table_SourceData_PastureBeef_LiveweightNTQD[[#Headers],[State]], 0)} -> Northern Territory | E61: {=Common_InputFunctions.Utility_DisplayArrayInTable(SourceData_PastureBeef.SourceData_PastureBeef_LiveweightNTQLD_Data(),Table_SourceData_PastureBeef_LiveweightNTQD[[#Headers],[State]], 0)} -> Barkly | F61: {=Common_InputFunctions.Utility_DisplayArrayInTable(SourceData_PastureBeef.SourceData_PastureBeef_LiveweightNTQLD_Data(),Table_SourceData_PastureBeef_LiveweightNTQD[[#Headers],[State]], 0)} -> Winter | G61: {=Common_InputFunctions.Utility_DisplayArrayInTable(SourceData_PastureBeef.SourceData_PastureBeef_LiveweightNTQLD_Data(),Table_SourceData_PastureBeef_LiveweightNTQD[[#Headers],[State]], 0)} -> 200 | H61: {=Common_InputFunctions.Utility_DisplayArrayInTable(SourceData_PastureBeef.SourceData_PastureBeef_LiveweightNTQLD_Data(),Table_SourceData_PastureBeef_LiveweightNTQD[[#Headers],[State]], 0)} -> 660 | I61: {=Common_InputFunctions.Utility_DisplayArrayInTable(SourceData_PastureBeef.SourceData_PastureBeef_LiveweightNTQLD_Data(),Table_SourceData_PastureBeef_LiveweightNTQD[[#Headers],[State]], 0)} -> 225 | J61: {=Common_InputFunctions.Utility_DisplayArrayInTable(SourceData_PastureBeef.SourceData_PastureBeef_LiveweightNTQLD_Data(),Table_SourceData_PastureBeef_LiveweightNTQD[[#Headers],[State]], 0)} -> 307 | K61: {=Common_InputFunctions.Utility_DisplayArrayInTable(SourceData_PastureBeef.SourceData_PastureBeef_LiveweightNTQLD_Data(),Table_SourceData_PastureBeef_LiveweightNTQD[[#Headers],[State]], 0)} -> 398 | ... P61: {=Common_InputFunctions.Utility_DisplayArrayInTable(SourceData_PastureBeef.SourceData_PastureBeef_LiveweightNTQLD_Data(),Table_SourceData_PastureBeef_LiveweightNTQD[[#Headers],[State]], 0)} -> NO
D62: {=Common_InputFunctions.Utility_DisplayArrayInTable(SourceData_PastureBeef.SourceData_PastureBeef_LiveweightNTQLD_Data(),Table_SourceData_PastureBeef_LiveweightNTQD[[#Headers],[State]], 0)} -> Northern Territory | E62: {=Common_InputFunctions.Utility_DisplayArrayInTable(SourceData_PastureBeef.SourceData_PastureBeef_LiveweightNTQLD_Data(),Table_SourceData_PastureBeef_LiveweightNTQD[[#Headers],[State]], 0)} -> Northern | F62: {=Common_InputFunctions.Utility_DisplayArrayInTable(SourceData_PastureBeef.SourceData_PastureBeef_LiveweightNTQLD_Data(),Table_SourceData_PastureBeef_LiveweightNTQD[[#Headers],[State]], 0)} -> Spring | G62: {=Common_InputFunctions.Utility_DisplayArrayInTable(SourceData_PastureBeef.SourceData_PastureBeef_LiveweightNTQLD_Data(),Table_SourceData_PastureBeef_LiveweightNTQD[[#Headers],[State]], 0)} -> 220 | H62: {=Common_InputFunctions.Utility_DisplayArrayInTable(SourceData_PastureBeef.SourceData_PastureBeef_LiveweightNTQLD_Data(),Table_SourceData_PastureBeef_LiveweightNTQD[[#Headers],[State]], 0)} -> 620 | I62: {=Common_InputFunctions.Utility_DisplayArrayInTable(SourceData_PastureBeef.SourceData_PastureBeef_LiveweightNTQLD_Data(),Table_SourceData_PastureBeef_LiveweightNTQD[[#Headers],[State]], 0)} -> 177 | J62: {=Common_InputFunctions.Utility_DisplayArrayInTable(SourceData_PastureBeef.SourceData_PastureBeef_LiveweightNTQLD_Data(),Table_SourceData_PastureBeef_LiveweightNTQD[[#Headers],[State]], 0)} -> 267 | K62: {=Common_InputFunctions.Utility_DisplayArrayInTable(SourceData_PastureBeef.SourceData_PastureBeef_LiveweightNTQLD_Data(),Table_SourceData_PastureBeef_LiveweightNTQD[[#Headers],[State]], 0)} -> 365 | ... P62: {=Common_InputFunctions.Utility_DisplayArrayInTable(SourceData_PastureBeef.SourceData_PastureBeef_LiveweightNTQLD_Data(),Table_SourceData_PastureBeef_LiveweightNTQD[[#Headers],[State]], 0)} -> NO
D63: {=Common_InputFunctions.Utility_DisplayArrayInTable(SourceData_PastureBeef.SourceData_PastureBeef_LiveweightNTQLD_Data(),Table_SourceData_PastureBeef_LiveweightNTQD[[#Headers],[State]], 0)} -> Northern Territory | E63: {=Common_InputFunctions.Utility_DisplayArrayInTable(SourceData_PastureBeef.SourceData_PastureBeef_LiveweightNTQLD_Data(),Table_SourceData_PastureBeef_LiveweightNTQD[[#Headers],[State]], 0)} -> Northern | F63: {=Common_InputFunctions.Utility_DisplayArrayInTable(SourceData_PastureBeef.SourceData_PastureBeef_LiveweightNTQLD_Data(),Table_SourceData_PastureBeef_LiveweightNTQD[[#Headers],[State]], 0)} -> Summer | G63: {=Common_InputFunctions.Utility_DisplayArrayInTable(SourceData_PastureBeef.SourceData_PastureBeef_LiveweightNTQLD_Data(),Table_SourceData_PastureBeef_LiveweightNTQD[[#Headers],[State]], 0)} -> 110 | H63: {=Common_InputFunctions.Utility_DisplayArrayInTable(SourceData_PastureBeef.SourceData_PastureBeef_LiveweightNTQLD_Data(),Table_SourceData_PastureBeef_LiveweightNTQD[[#Headers],[State]], 0)} -> 650 | I63: {=Common_InputFunctions.Utility_DisplayArrayInTable(SourceData_PastureBeef.SourceData_PastureBeef_LiveweightNTQLD_Data(),Table_SourceData_PastureBeef_LiveweightNTQD[[#Headers],[State]], 0)} -> 102 | J63: {=Common_InputFunctions.Utility_DisplayArrayInTable(SourceData_PastureBeef.SourceData_PastureBeef_LiveweightNTQLD_Data(),Table_SourceData_PastureBeef_LiveweightNTQD[[#Headers],[State]], 0)} -> 203 | K63: {=Common_InputFunctions.Utility_DisplayArrayInTable(SourceData_PastureBeef.SourceData_PastureBeef_LiveweightNTQLD_Data(),Table_SourceData_PastureBeef_LiveweightNTQD[[#Headers],[State]], 0)} -> 299 | ... P63: {=Common_InputFunctions.Utility_DisplayArrayInTable(SourceData_PastureBeef.SourceData_PastureBeef_LiveweightNTQLD_Data(),Table_SourceData_PastureBeef_LiveweightNTQD[[#Headers],[State]], 0)} -> NO
D64: {=Common_InputFunctions.Utility_DisplayArrayInTable(SourceData_PastureBeef.SourceData_PastureBeef_LiveweightNTQLD_Data(),Table_SourceData_PastureBeef_LiveweightNTQD[[#Headers],[State]], 0)} -> Northern Territory | E64: {=Common_InputFunctions.Utility_DisplayArrayInTable(SourceData_PastureBeef.SourceData_PastureBeef_LiveweightNTQLD_Data(),Table_SourceData_PastureBeef_LiveweightNTQD[[#Headers],[State]], 0)} -> Northern | F64: {=Common_InputFunctions.Utility_DisplayArrayInTable(SourceData_PastureBeef.SourceData_PastureBeef_LiveweightNTQLD_Data(),Table_SourceData_PastureBeef_LiveweightNTQD[[#Headers],[State]], 0)} -> Autumn | G64: {=Common_InputFunctions.Utility_DisplayArrayInTable(SourceData_PastureBeef.SourceData_PastureBeef_LiveweightNTQLD_Data(),Table_SourceData_PastureBeef_LiveweightNTQD[[#Headers],[State]], 0)} -> 170 | H64: {=Common_InputFunctions.Utility_DisplayArrayInTable(SourceData_PastureBeef.SourceData_PastureBeef_LiveweightNTQLD_Data(),Table_SourceData_PastureBeef_LiveweightNTQD[[#Headers],[State]], 0)} -> 670 | I64: {=Common_InputFunctions.Utility_DisplayArrayInTable(SourceData_PastureBeef.SourceData_PastureBeef_LiveweightNTQLD_Data(),Table_SourceData_PastureBeef_LiveweightNTQD[[#Headers],[State]], 0)} -> 173 | J64: {=Common_InputFunctions.Utility_DisplayArrayInTable(SourceData_PastureBeef.SourceData_PastureBeef_LiveweightNTQLD_Data(),Table_SourceData_PastureBeef_LiveweightNTQD[[#Headers],[State]], 0)} -> 250 | K64: {=Common_InputFunctions.Utility_DisplayArrayInTable(SourceData_PastureBeef.SourceData_PastureBeef_LiveweightNTQLD_Data(),Table_SourceData_PastureBeef_LiveweightNTQD[[#Headers],[State]], 0)} -> 336 | ... P64: {=Common_InputFunctions.Utility_DisplayArrayInTable(SourceData_PastureBeef.SourceData_PastureBeef_LiveweightNTQLD_Data(),Table_SourceData_PastureBeef_LiveweightNTQD[[#Headers],[State]], 0)} -> NO
D65: {=Common_InputFunctions.Utility_DisplayArrayInTable(SourceData_PastureBeef.SourceData_PastureBeef_LiveweightNTQLD_Data(),Table_SourceData_PastureBeef_LiveweightNTQD[[#Headers],[State]], 0)} -> Northern Territory | E65: {=Common_InputFunctions.Utility_DisplayArrayInTable(SourceData_PastureBeef.SourceData_PastureBeef_LiveweightNTQLD_Data(),Table_SourceData_PastureBeef_LiveweightNTQD[[#Headers],[State]], 0)} -> Northern | F65: {=Common_InputFunctions.Utility_DisplayArrayInTable(SourceData_PastureBeef.SourceData_PastureBeef_LiveweightNTQLD_Data(),Table_SourceData_PastureBeef_LiveweightNTQD[[#Headers],[State]], 0)} -> Winter | G65: {=Common_InputFunctions.Utility_DisplayArrayInTable(SourceData_PastureBeef.SourceData_PastureBeef_LiveweightNTQLD_Data(),Table_SourceData_PastureBeef_LiveweightNTQD[[#Headers],[State]], 0)} -> 200 | H65: {=Common_InputFunctions.Utility_DisplayArrayInTable(SourceData_PastureBeef.SourceData_PastureBeef_LiveweightNTQLD_Data(),Table_SourceData_PastureBeef_LiveweightNTQD[[#Headers],[State]], 0)} -> 660 | I65: {=Common_InputFunctions.Utility_DisplayArrayInTable(SourceData_PastureBeef.SourceData_PastureBeef_LiveweightNTQLD_Data(),Table_SourceData_PastureBeef_LiveweightNTQD[[#Headers],[State]], 0)} -> 202 | J65: {=Common_InputFunctions.Utility_DisplayArrayInTable(SourceData_PastureBeef.SourceData_PastureBeef_LiveweightNTQLD_Data(),Table_SourceData_PastureBeef_LiveweightNTQD[[#Headers],[State]], 0)} -> 272 | K65: {=Common_InputFunctions.Utility_DisplayArrayInTable(SourceData_PastureBeef.SourceData_PastureBeef_LiveweightNTQLD_Data(),Table_SourceData_PastureBeef_LiveweightNTQD[[#Headers],[State]], 0)} -> 365 | ... P65: {=Common_InputFunctions.Utility_DisplayArrayInTable(SourceData_PastureBeef.SourceData_PastureBeef_LiveweightNTQLD_Data(),Table_SourceData_PastureBeef_LiveweightNTQD[[#Headers],[State]], 0)} -> NO
... D81: {=Common_InputFunctions.Utility_DisplayArrayInTable(SourceData_PastureBeef.SourceData_PastureBeef_LiveweightNTQLD_Data(),Table_SourceData_PastureBeef_LiveweightNTQD[[#Headers],[State]], 0)} -> Queensland | E81: {=Common_InputFunctions.Utility_DisplayArrayInTable(SourceData_PastureBeef.SourceData_PastureBeef_LiveweightNTQLD_Data(),Table_SourceData_PastureBeef_LiveweightNTQD[[#Headers],[State]], 0)} -> Low | F81: {=Common_InputFunctions.Utility_DisplayArrayInTable(SourceData_PastureBeef.SourceData_PastureBeef_LiveweightNTQLD_Data(),Table_SourceData_PastureBeef_LiveweightNTQD[[#Headers],[State]], 0)} -> Winter | G81: {=Common_InputFunctions.Utility_DisplayArrayInTable(SourceData_PastureBeef.SourceData_PastureBeef_LiveweightNTQLD_Data(),Table_SourceData_PastureBeef_LiveweightNTQD[[#Headers],[State]], 0)} -> 192 | H81: {=Common_InputFunctions.Utility_DisplayArrayInTable(SourceData_PastureBeef.SourceData_PastureBeef_LiveweightNTQLD_Data(),Table_SourceData_PastureBeef_LiveweightNTQD[[#Headers],[State]], 0)} -> 615 | I81: {=Common_InputFunctions.Utility_DisplayArrayInTable(SourceData_PastureBeef.SourceData_PastureBeef_LiveweightNTQLD_Data(),Table_SourceData_PastureBeef_LiveweightNTQD[[#Headers],[State]], 0)} -> 162 | J81: {=Common_InputFunctions.Utility_DisplayArrayInTable(SourceData_PastureBeef.SourceData_PastureBeef_LiveweightNTQLD_Data(),Table_SourceData_PastureBeef_LiveweightNTQD[[#Headers],[State]], 0)} -> 255 | K81: {=Common_InputFunctions.Utility_DisplayArrayInTable(SourceData_PastureBeef.SourceData_PastureBeef_LiveweightNTQLD_Data(),Table_SourceData_PastureBeef_LiveweightNTQD[[#Headers],[State]], 0)} -> 364 | ... P81: {=Common_InputFunctions.Utility_DisplayArrayInTable(SourceData_PastureBeef.SourceData_PastureBeef_LiveweightNTQLD_Data(),Table_SourceData_PastureBeef_LiveweightNTQD[[#Headers],[State]], 0)} -> 484
D84: Beef pasture cattle - Liveweight (kg) (Wjkl) all states
D85: State | E85: Region | F85: Season | G85: Bulls < 1 year | H85: Bulls > 1 year | I85: Cows < 1 year | J85: Cows 1-2 years | K85: Cows 2-3 years | L85: Cows > 3 years | M85: Steers < 1 year | N85: Steers 1-2 years | O85: Steers 2-3 years | P85: Steers >3 years
D86: ACT | E86: n/a | F86: =F19 -> Spring | G86: =G19 -> 80 | H86: =H19 -> 480 | I86: =I19 -> 75 | J86: =J19 -> 300 | K86: =K19 -> 440 | L86: =K19 -> 440 | M86: =L19 -> 75 | N86: =M19 -> 380 | O86: =M19 -> 380 | P86: =M19 -> 380
D87: ACT | E87: n/a | F87: Summer | G87: =G20 -> 170 | H87: =H20 -> 520 | I87: =I20 -> 160 | J87: =J20 -> 360 | K87: =K20 -> 470 | L87: =K20 -> 470 | M87: =L20 -> 160 | N87: =M20 -> 420 | O87: =M20 -> 420 | P87: =M20 -> 420
D88: ACT | E88: n/a | F88: Autumn | G88: =G21 -> 240 | H88: =H21 -> 550 | I88: =I21 -> 220 | J88: =J21 -> 390 | K88: =K21 -> 490 | L88: =K21 -> 490 | M88: =L21 -> 220 | N88: =M21 -> 450 | O88: =M21 -> 450 | P88: =M21 -> 450
D89: ACT | E89: n/a | F89: Winter | G89: =G22 -> 280 | H89: =H22 -> 560 | I89: =I22 -> 260 | J89: =J22 -> 410 | K89: =K22 -> 500 | L89: =K22 -> 500 | M89: =L22 -> 260 | N89: =M22 -> 460 | O89: =M22 -> 460 | P89: =M22 -> 460
D90: NSW | E90: n/a | F90: =F23 -> Spring | G90: =G19 -> 80 | H90: =H19 -> 480 | I90: =I19 -> 75 | J90: =J19 -> 300 | K90: =K19 -> 440 | L90: =K19 -> 440 | M90: =L19 -> 75 | N90: =M19 -> 380 | O90: =M19 -> 380 | P90: =M19 -> 380
D91: NSW | E91: n/a | F91: Summer | G91: =G20 -> 170 | H91: =H20 -> 520 | I91: =I20 -> 160 | J91: =J20 -> 360 | K91: =K20 -> 470 | L91: =K20 -> 470 | M91: =L20 -> 160 | N91: =M20 -> 420 | O91: =M20 -> 420 | P91: =M20 -> 420
D92: NSW | E92: n/a | F92: Autumn | G92: =G21 -> 240 | H92: =H21 -> 550 | I92: =I21 -> 220 | J92: =J21 -> 390 | K92: =K21 -> 490 | L92: =K21 -> 490 | M92: =L21 -> 220 | N92: =M21 -> 450 | O92: =M21 -> 450 | P92: =M21 -> 450
D93: NSW | E93: n/a | F93: Winter | G93: =G22 -> 280 | H93: =H22 -> 560 | I93: =I22 -> 260 | J93: =J22 -> 410 | K93: =K22 -> 500 | L93: =K22 -> 500 | M93: =L22 -> 260 | N93: =M22 -> 460 | O93: =M22 -> 460 | P93: =M22 -> 460
D94: SA | E94: n/a | F94: =F27 -> Spring | G94: =G23 -> 250 | H94: =H23 -> 800 | I94: =I23 -> 220 | J94: =J23 -> 400 | K94: =K23 -> 500 | L94: =K23 -> 500 | M94: =L23 -> 230 | N94: =M23 -> 420 | O94: =M23 -> 420 | P94: =M23 -> 420
D95: SA | E95: n/a | F95: Summer | G95: =G24 -> 320 | H95: =H24 -> 800 | I95: =I24 -> 280 | J95: =J24 -> 420 | K95: =K24 -> 500 | L95: =K24 -> 500 | M95: =L24 -> 290 | N95: =M24 -> 420 | O95: =M24 -> 420 | P95: =M24 -> 420
D96: SA | E96: n/a | F96: Autumn | G96: =G25 -> 80 | H96: =H25 -> 700 | I96: =I25 -> 70 | J96: =J25 -> 300 | K96: =K25 -> 450 | L96: =K25 -> 450 | M96: =L25 -> 75 | N96: =M25 -> 400 | O96: =M25 -> 400 | P96: =M25 -> 400
D97: SA | E97: n/a | F97: Winter | G97: =G26 -> 160 | H97: =H26 -> 700 | I97: =I26 -> 140 | J97: =J26 -> 350 | K97: =K26 -> 450 | L97: =K26 -> 450 | M97: =L26 -> 150 | N97: =M26 -> 400 | O97: =M26 -> 400 | P97: =M26 -> 400
D98: TAS | E98: n/a | F98: =F31 -> Spring | G98: =G27 -> 105 | H98: =H27 -> 700 | I98: =I27 -> 85 | J98: =J27 -> 300 | K98: =K27 -> 490 | L98: =K27 -> 490 | M98: =L27 -> 90 | N98: =M27 -> 480 | O98: =M27 -> 480 | P98: =M27 -> 480
D99: TAS | E99: n/a | F99: Summer | G99: =G28 -> 480 | H99: =H28 -> 750 | I99: =I28 -> 150 | J99: =J28 -> 350 | K99: =K28 -> 530 | L99: =K28 -> 530 | M99: =L28 -> 160 | N99: =M28 -> 460 | O99: =M28 -> 460 | P99: =M28 -> 460
D100: TAS | E100: n/a | F100: Autumn | G100: =G29 -> 250 | H100: =H29 -> 725 | I100: =I29 -> 200 | J100: =J29 -> 360 | K100: =K29 -> 500 | L100: =K29 -> 500 | M100: =L29 -> 215 | N100: =M29 -> 490 | O100: =M29 -> 490 | P100: =M29 -> 490
D101: TAS | E101: n/a | F101: Winter | G101: =G30 -> 260 | H101: =H30 -> 700 | I101: =I30 -> 210 | J101: =J30 -> 380 | K101: =K30 -> 460 | L101: =K30 -> 460 | M101: =L30 -> 230 | N101: =M30 -> 470 | O101: =M30 -> 470 | P101: =M30 -> 470
D102: VIC | E102: n/a | F102: =F35 -> Spring | G102: =G31 -> 250 | H102: =H31 -> 820 | I102: =I31 -> 240 | J102: =J31 -> 410 | K102: =K31 -> 560 | L102: =K31 -> 560 | M102: =L31 -> 240 | N102: =M31 -> 510 | O102: =M31 -> 510 | P102: =M31 -> 510
D103: VIC | E103: n/a | F103: Summer | G103: =G32 -> 280 | H103: =H32 -> 850 | I103: =I32 -> 260 | J103: =J32 -> 440 | K103: =K32 -> 550 | L103: =K32 -> 550 | M103: =L32 -> 270 | N103: =M32 -> 520 | O103: =M32 -> 520 | P103: =M32 -> 520
D104: VIC | E104: n/a | F104: Autumn | G104: =G33 -> 100 | H104: =H33 -> 700 | I104: =I33 -> 95 | J104: =J33 -> 300 | K104: =K33 -> 450 | L104: =K33 -> 450 | M104: =L33 -> 95 | N104: =M33 -> 410 | O104: =M33 -> 410 | P104: =M33 -> 410
D105: VIC | E105: n/a | F105: Winter | G105: =G34 -> 150 | H105: =H34 -> 720 | I105: =I34 -> 140 | J105: =J34 -> 320 | K105: =K34 -> 470 | L105: =K34 -> 470 | M105: =L34 -> 140 | N105: =M34 -> 440 | O105: =M34 -> 440 | P105: =M34 -> 440
D106: WA | E106: =E35 -> South West | F106: =F35 -> Spring | G106: =G35 -> 340 | H106: =H35 -> 800 | I106: =I35 -> 260 | J106: =J35 -> 420 | K106: =K35 -> 550 | L106: =K35 -> 550 | M106: =L35 -> 300 | N106: =M35 -> 480 | O106: =M35 -> 480 | P106: =M35 -> 480
D107: WA | E107: =E36 -> South West | F107: =F36 -> Summer | G107: =G36 -> 380 | H107: =H36 -> 780 | I107: =I36 -> 300 | J107: =J36 -> 450 | K107: =K36 -> 530 | L107: =K36 -> 530 | M107: =L36 -> 340 | N107: =M36 -> 470 | O107: =M36 -> 470 | P107: =M36 -> 470
D108: WA | E108: =E37 -> South West | F108: =F37 -> Autumn | G108: =G37 -> 100 | H108: =H37 -> 680 | I108: =I37 -> 80 | J108: =J37 -> 320 | K108: =K37 -> 480 | L108: =K37 -> 480 | M108: =L37 -> 100 | N108: =M37 -> 340 | O108: =M37 -> 340 | P108: =M37 -> 340
D109: WA | E109: =E38 -> South West | F109: =F38 -> Winter | G109: =G38 -> 190 | H109: =H38 -> 700 | I109: =I38 -> 150 | J109: =J38 -> 330 | K109: =K38 -> 490 | L109: =K38 -> 490 | M109: =L38 -> 170 | N109: =M38 -> 360 | O109: =M38 -> 360 | P109: =M38 -> 360
D110: WA | E110: =E39 -> Pilbara | F110: =F39 -> Spring | G110: =G39 -> 80 | H110: =H39 -> 450 | I110: =I39 -> 70 | J110: =J39 -> 260 | K110: =K39 -> 340 | L110: =K39 -> 340 | M110: =L39 -> 80 | N110: =M39 -> 370 | O110: =M39 -> 370 | P110: =M39 -> 370
D111: WA | E111: =E40 -> Pilbara | F111: =F40 -> Summer | G111: =G40 -> 150 | H111: =H40 -> 500 | I111: =I40 -> 140 | J111: =J40 -> 310 | K111: =K40 -> 360 | L111: =K40 -> 360 | M111: =L40 -> 150 | N111: =M40 -> 400 | O111: =M40 -> 400 | P111: =M40 -> 400
D112: WA | E112: =E41 -> Pilbara | F112: =F41 -> Autumn | G112: =G41 -> 230 | H112: =H41 -> 550 | I112: =I41 -> 220 | J112: =J41 -> 330 | K112: =K41 -> 380 | L112: =K41 -> 380 | M112: =L41 -> 230 | N112: =M41 -> 420 | O112: =M41 -> 420 | P112: =M41 -> 420
D113: WA | E113: =E42 -> Pilbara | F113: =F42 -> Winter | G113: =G42 -> 250 | H113: =H42 -> 500 | I113: =I42 -> 240 | J113: =J42 -> 340 | K113: =K42 -> 360 | L113: =K42 -> 360 | M113: =L42 -> 250 | N113: =M42 -> 390 | O113: =M42 -> 390 | P113: =M42 -> 390
D114: WA | E114: =E43 -> Kimberley | F114: =F43 -> Spring | G114: =G43 -> 220 | H114: =H43 -> 500 | I114: =I43 -> 180 | J114: =J43 -> 300 | K114: =K43 -> 320 | L114: =K43 -> 320 | M114: =L43 -> 210 | N114: =M43 -> 340 | O114: =M43 -> 340 | P114: =M43 -> 340
D115: WA | E115: =E44 -> Kimberley | F115: =F44 -> Summer | G115: =G44 -> 110 | H115: =H44 -> 550 | I115: =I44 -> 90 | J115: =J44 -> 220 | K115: =K44 -> 380 | L115: =K44 -> 380 | M115: =L44 -> 100 | N115: =M44 -> 390 | O115: =M44 -> 390 | P115: =M44 -> 390
D116: WA | E116: =E45 -> Kimberley | F116: =F45 -> Autumn | G116: =G45 -> 170 | H116: =H45 -> 600 | I116: =I45 -> 140 | J116: =J45 -> 270 | K116: =K45 -> 390 | L116: =K45 -> 390 | M116: =L45 -> 160 | N116: =M45 -> 430 | O116: =M45 -> 430 | P116: =M45 -> 430
D117: WA | E117: =E46 -> Kimberley | F117: =F46 -> Winter | G117: =G46 -> 200 | H117: =H46 -> 550 | I117: =I46 -> 150 | J117: =J46 -> 280 | K117: =K46 -> 350 | L117: =K46 -> 350 | M117: =L46 -> 190 | N117: =M46 -> 400 | O117: =M46 -> 400 | P117: =M46 -> 400
D118: NT | E118: =E54 -> Alice Springs | F118: =F54 -> Spring | G118: =G54 -> 220 | H118: =H54 -> 706 | I118: =I54 -> 208 | J118: =J54 -> 323 | K118: =K54 -> 415 | L118: =L54 -> 467 | ... P118: =P54 -> 585
D119: NT | E119: =E55 -> Alice Springs | F119: =F55 -> Summer | G119: =G55 -> 110 | H119: =H55 -> 703 | I119: =I55 -> 112 | J119: =J55 -> 256 | K119: =K55 -> 368 | L119: =L55 -> 465 | ... P119: =P55 -> 543
D120: NT | E120: =E56 -> Alice Springs | F120: =F56 -> Autumn | G120: =G56 -> 170 | H120: =H56 -> 721 | I120: =I56 -> 169 | J120: =J56 -> 306 | K120: =K56 -> 392 | L120: =L56 -> 464 | ... P120: =P56 -> 580
D121: NT | E121: =E57 -> Alice Springs | F121: =F57 -> Winter | G121: =G57 -> 200 | H121: =H57 -> 727 | I121: =I57 -> 211 | J121: =J57 -> 338 | K121: =K57 -> 432 | L121: =L57 -> 492 | ... P121: =P57 -> 590
D122: NT | E122: =E58 -> Barkly | F122: =F58 -> Spring | G122: =G58 -> 220 | H122: =H58 -> 620 | I122: =I58 -> 227 | J122: =J58 -> 319 | K122: =K58 -> 398 | L122: =L58 -> 452 | ... P122: =P58 -> NO
D123: NT | E123: =E59 -> Barkly | F123: =F59 -> Summer | G123: =G59 -> 110 | H123: =H59 -> 650 | I123: =I59 -> 108 | J123: =J59 -> 262 | K123: =K59 -> 346 | L123: =L59 -> 430 | ... P123: =P59 -> NO
D124: NT | E124: =E60 -> Barkly | F124: =F60 -> Autumn | G124: =G60 -> 170 | H124: =H60 -> 670 | I124: =I60 -> 170 | J124: =J60 -> 266 | K124: =K60 -> 363 | L124: =L60 -> 444 | ... P124: =P60 -> NO
D125: NT | E125: =E61 -> Barkly | F125: =F61 -> Winter | G125: =G61 -> 200 | H125: =H61 -> 660 | I125: =I61 -> 225 | J125: =J61 -> 307 | K125: =K61 -> 398 | L125: =L61 -> 452 | ... P125: =P61 -> NO
...

Sheet Input - Site
A1: #VALUE! | C1: Input - Site
A3: =HYPERLINK("#'Home'!A1", "Home") -> Home
A4: =HYPERLINK("#'Overview'!A1", "Overview") -> Overview
A5: =HYPERLINK("#'Results'!A1", "Results") -> Results | D5: Your business
A7: INPUTS | D7: Farm name | E7: Test Farms
