Workbook
Name AgResidue_Equations_FieldBurning.VEERG_6_4_1_1__1__MethaneEmissionsFromBurningOfCropResidues: _xlfn.LAMBDA(_xlpm.Mburnc,_xlpm.CCc,_xlpm.EFCH4,_xlpm.C_CH4, _xlpm.Mburnc * _xlpm.CCc * _xlpm.EFCH4 * _xlpm.C_CH4 * 10 ^ (-3))
Name AgResidue_Equations_FieldBurning.VEERG_6_4_1_1__1__MethaneEmissionsFromBurningOfCropResidues_FunctionName: _xlfn.LAMBDA("VEERG_6_4_1_1__1__MethaneEmissionsFromBurningOfCropResidues")
Name AgResidue_Equations_FieldBurning.VEERG_6_4_1_1__1__MethaneEmissionsFromBurningOfCropResidues_LatexEquation: _xlfn.LAMBDA("E_{CH4}=\sum_{c}(M_{burn,c}\times CC_{c}\times EF_{CH4}\times C_{CH4}\times 10^{-3})")
Name AgResidue_Equations_FieldBurning.VEERG_6_4_1_1__1__MethaneEmissionsFromBurningOfCropResidues_NIRReference: _xlfn.LAMBDA("")
Name AgResidue_Equations_FieldBurning.VEERG_6_4_1_1__1__MethaneEmissionsFromBurningOfCropResidues_Source: _xlfn.LAMBDA("VEERG 2026: 6.4.1.1, Equation (1)")
Name AgResidue_Equations_FieldBurning.VEERG_6_4_1_1__1__MethaneEmissionsFromBurningOfCropResidues_Title: _xlfn.LAMBDA("Methane emissions from the burning of crop residues")
Name AgResidue_Equations_FieldBurning.VEERG_6_4_1_1__1__MethaneEmissionsFromBurningOfCropResidues_Unit: _xlfn.LAMBDA("t CH4")
Name AgResidue_Equations_FieldBurning.VEERG_6_4_1_1__1__MethaneEmissionsFromBurningOfCropResidues_Variable: _xlfn.LAMBDA("ECH4")
Name AgResidue_Equations_FieldBurning.VEERG_6_4_1_1__2__NitrousOxideEmissionsFromBurningOfCropResidues: _xlfn.LAMBDA(_xlpm.Mburnc,_xlpm.NCAGc,_xlpm.EFN2O,_xlpm.CN2O, _xlpm.Mburnc * _xlpm.NCAGc * _xlpm.EFN2O * _xlpm.CN2O * 10 ^ (-3))
Name AgResidue_Equations_FieldBurning.VEERG_6_4_1_1__2__NitrousOxideEmissionsFromBurningOfCropResidues_FunctionName: _xlfn.LAMBDA("VEERG_6_4_1_1__2__NitrousOxideEmissionsFromBurningOfCropResidues")
Name AgResidue_Equations_FieldBurning.VEERG_6_4_1_1__2__NitrousOxideEmissionsFromBurningOfCropResidues_LatexEquation: _xlfn.LAMBDA("E_{N2O}=\sum_{c}(M_{burn,c}\times NC_{AGc}\times EF_{N2O}\times C_{N2O}\times 10^{-3})")
Name AgResidue_Equations_FieldBurning.VEERG_6_4_1_1__2__NitrousOxideEmissionsFromBurningOfCropResidues_NIRReference: _xlfn.LAMBDA("")
Name AgResidue_Equations_FieldBurning.VEERG_6_4_1_1__2__NitrousOxideEmissionsFromBurningOfCropResidues_Source: _xlfn.LAMBDA("VEERG 2026: 6.4.1.1, Equation (2)")
Name AgResidue_Equations_FieldBurning.VEERG_6_4_1_1__2__NitrousOxideEmissionsFromBurningOfCropResidues_Title: _xlfn.LAMBDA("Nitrous oxide emissions from the burning of crop residues")
Name AgResidue_Equations_FieldBurning.VEERG_6_4_1_1__2__NitrousOxideEmissionsFromBurningOfCropResidues_Unit: _xlfn.LAMBDA("t N2O")
Name AgResidue_Equations_FieldBurning.VEERG_6_4_1_1__2__NitrousOxideEmissionsFromBurningOfCropResidues_Variable: _xlfn.LAMBDA("EN2O")
Name AgResidue_Equations_FieldBurning.VEERG_6_4_1_1__3__MassOfCropResidueBurnt: _xlfn.LAMBDA(_xlpm.Pc,_xlpm.RAGc,_xlpm.Sc,_xlpm.DMc,_xlpm.Zc,_xlpm.Fc, _xlpm.Pc * _xlpm.RAGc * _xlpm.Sc * _xlpm.DMc * _xlpm.Zc * _xlpm.Fc)
Name AgResidue_Equations_FieldBurning.VEERG_6_4_1_1__3__MassOfCropResidueBurnt_FunctionName: _xlfn.LAMBDA("VEERG_6_4_1_1__3__MassOfCropResidueBurnt")
Name AgResidue_Equations_FieldBurning.VEERG_6_4_1_1__3__MassOfCropResidueBurnt_LatexEquation: _xlfn.LAMBDA("M_{burn,c}=P_{c}\times R_{AGc}\times S_{c}\times DM_{c}\times Z_{c}\times F_{c}")
Name AgResidue_Equations_FieldBurning.VEERG_6_4_1_1__3__MassOfCropResidueBurnt_NIRReference: _xlfn.LAMBDA("")
Name AgResidue_Equations_FieldBurning.VEERG_6_4_1_1__3__MassOfCropResidueBurnt_Source: _xlfn.LAMBDA("VEERG 2026: 6.4.1.1, Equation (3)")
Name AgResidue_Equations_FieldBurning.VEERG_6_4_1_1__3__MassOfCropResidueBurnt_Title: _xlfn.LAMBDA("Mass of residue of crop c burnt")
Name AgResidue_Equations_FieldBurning.VEERG_6_4_1_1__3__MassOfCropResidueBurnt_Unit: _xlfn.LAMBDA("kg")
Name AgResidue_Equations_FieldBurning.VEERG_6_4_1_1__3__MassOfCropResidueBurnt_Variable: _xlfn.LAMBDA("Mburnc")
Name AgResidues_Equations_CropResidues.VEERG_6_1_1_1__1__NitrousOxideEmissionsFromCropResidues: _xlfn.LAMBDA(_xlpm.Mc,_xlpm.EFNi,_xlpm.CgN2O, _xlpm.Mc * _xlpm.EFNi * _xlpm.CgN2O * 10 ^ (-3))
Name AgResidues_Equations_CropResidues.VEERG_6_1_1_1__1__NitrousOxideEmissionsFromCropResidues_FunctionName: _xlfn.LAMBDA("VEERG_6_1_1_1__1__NitrousOxideEmissionsFromCropResidues")
Name AgResidues_Equations_CropResidues.VEERG_6_1_1_1__1__NitrousOxideEmissionsFromCropResidues_LatexEquation: _xlfn.LAMBDA("E=\sum_{c}{M_{c}\times EF_{N}\times C_{g,N2O}\times 10^{-3}}")
Name AgResidues_Equations_CropResidues.VEERG_6_1_1_1__1__NitrousOxideEmissionsFromCropResidues_NIRReference: _xlfn.LAMBDA("")
Name AgResidues_Equations_CropResidues.VEERG_6_1_1_1__1__NitrousOxideEmissionsFromCropResidues_Source: _xlfn.LAMBDA("VEERG 2026: 6.1.1.1, Equation (1)")
Name AgResidues_Equations_CropResidues.VEERG_6_1_1_1__1__NitrousOxideEmissionsFromCropResidues_Title: _xlfn.LAMBDA("Nitrous oxide emissions from the return of crop residues across all crops c to the soil")
Name AgResidues_Equations_CropResidues.VEERG_6_1_1_1__1__NitrousOxideEmissionsFromCropResidues_Unit: _xlfn.LAMBDA("t N2O")
Name AgResidues_Equations_CropResidues.VEERG_6_1_1_1__1__NitrousOxideEmissionsFromCropResidues_Variable: _xlfn.LAMBDA("E")
Name AgResidues_Equations_CropResidues.VEERG_6_1_1_1__2__MassOfNitrogenInCropResidues_LatexEquation: _xlfn.LAMBDA("M_{c}=(P_{c}\times R_{AGc}\times(1-F_{c}-FFOD_{c})\times DM_{c}\times NC_{AGc})+(P_{c}\times R_{AGc}\times R_{BGc}\times DM_{c}\times NC_{BGc})")
Name AgResidues_Equations_CropResidues.VEERG_6_1_1_1__2__MassOfNitrogenInCropResidues_NIRReference: _xlfn.LAMBDA("")
Name AgResidues_Equations_CropResidues.VEERG_6_1_1_1__2__MassOfNitrogenInCropResidues_Source: _xlfn.LAMBDA("VEERG 2026: 6.1.1.1, Equation (2)")
Name AgResidues_Equations_CropResidues.VEERG_6_1_1_1__2__MassOfNitrogenInCropResidues_Title: _xlfn.LAMBDA("Mass of nitrogen in crop residues returned to the soil")
Name AgResidues_Equations_CropResidues.VEERG_6_1_1_1__2__MassOfNitrogenInCropResidues_Unit: _xlfn.LAMBDA("kg N")
Name AgResidues_Equations_CropResidues.VEERG_6_1_1_1__2__MassOfNitrogenInCropResidues_Variable: _xlfn.LAMBDA("Mc")
Name AgResidues_Equations_CropResidues.VEERG_6_1_1_2__1__FractionOfCropResidueRemovedBaled: _xlfn.LAMBDA(_xlpm.B,_xlpm.MB,_xlpm.Pc,_xlpm.RAGc, IFERROR((_xlpm.B * _xlpm.MB) / (_xlpm.Pc * _xlpm.RAGc), 0))
Name AgResidues_Equations_CropResidues.VEERG_6_1_1_2__1__FractionOfCropResidueRemovedBaled_LatexEquation: _xlfn.LAMBDA("FFOD_{c,baled}=\frac{B\times M_{B}}{P_{c}\times R_{AG,c}}")
Name AgResidues_Equations_CropResidues.VEERG_6_1_1_2__1__FractionOfCropResidueRemovedBaled_NIRReference: _xlfn.LAMBDA("")
Name AgResidues_Equations_CropResidues.VEERG_6_1_1_2__1__FractionOfCropResidueRemovedBaled_Source: _xlfn.LAMBDA("VEERG 2026: 6.1.1.2, Equation (1)")
Name AgResidues_Equations_CropResidues.VEERG_6_1_1_2__1__FractionOfCropResidueRemovedBaled_Title: _xlfn.LAMBDA("Fraction of crop residue that is removed for crop c, calculated where residues are baled")
Name AgResidues_Equations_CropResidues.VEERG_6_1_1_2__1__FractionOfCropResidueRemovedBaled_Unit: _xlfn.LAMBDA("dimensionless")
Name AgResidues_Equations_CropResidues.VEERG_6_1_1_2__1__FractionOfCropResidueRemovedBaled_Variable: _xlfn.LAMBDA("FFODcbaled")
Name AgResidues_Equations_CropResidues.VEERG_6_1_1_2__1__FractionOfCropResidueRemovedBaled_Variation: _xlfn.LAMBDA("VARIATION FROM SOURCE: Added 'baled' to variable subscript")
Name AgResidues_Equations_CropResidues.VEERG_6_1_1_2__1a__FractionOfCropResidueRemoved: _xlfn.LAMBDA(_xlpm.FFODcbaled,_xlpm.FFODcother, _xlpm.FFODcbaled + _xlpm.FFODcother)
Name AgResidues_Equations_CropResidues.VEERG_6_1_1_2__1a__FractionOfCropResidueRemoved_LatexEquation: _xlfn.LAMBDA("FFOD_{c} = FFOD_{c,baled} + FFOD_{c,other}")
Name AgResidues_Equations_CropResidues.VEERG_6_1_1_2__1a__FractionOfCropResidueRemoved_NIRReference: _xlfn.LAMBDA("")
Name AgResidues_Equations_CropResidues.VEERG_6_1_1_2__1a__FractionOfCropResidueRemoved_Source: _xlfn.LAMBDA("")
Name AgResidues_Equations_CropResidues.VEERG_6_1_1_2__1a__FractionOfCropResidueRemoved_Title: _xlfn.LAMBDA("Fraction of crop residue that is removed for crop c")
Name AgResidues_Equations_CropResidues.VEERG_6_1_1_2__1a__FractionOfCropResidueRemoved_Unit: _xlfn.LAMBDA("dimensionless")
Name AgResidues_Equations_CropResidues.VEERG_6_1_1_2__1a__FractionOfCropResidueRemoved_Variable: _xlfn.LAMBDA("FFODc")
Name AgResidues_Equations_CropResidues.VEERG_6_1_1_2__1a__FractionOfCropResidueRemoved_Variation: _xlfn.LAMBDA("VARIATION FROM SOURCE: Added this equation to accommodate user-defined residue removal other than baling.")
Name AgResidues_Equations_Leaching.VEERG_6_3_1_1__1__LeachingAndRunoffEmissionsCropAndPastureResidue: _xlfn.LAMBDA(_xlpm.Mleachcp,_xlpm.EFleach,_xlpm.CgN2O, _xlpm.Mleachcp * _xlpm.EFleach * _xlpm.CgN2O * 10 ^ (-3))
Name AgResidues_Equations_Leaching.VEERG_6_3_1_1__1__LeachingAndRunoffEmissionsCropAndPastureResidue_LatexEquation: _xlfn.LAMBDA("E_{N2O}=\sum_{c}\sum_{p}(M_{leach,cp}\times EF_{leach}\times Cg_{N2O}\times 10^{-3})")
Name AgResidues_Equations_Leaching.VEERG_6_3_1_1__1__LeachingAndRunoffEmissionsCropAndPastureResidue_NIRReference: _xlfn.LAMBDA("")
Name AgResidues_Equations_Leaching.VEERG_6_3_1_1__1__LeachingAndRunoffEmissionsCropAndPastureResidue_Source: _xlfn.LAMBDA("VEERG 2026: 6.3.1.1, Equation (1)")
Name AgResidues_Equations_Leaching.VEERG_6_3_1_1__1__LeachingAndRunoffEmissionsCropAndPastureResidue_Title: _xlfn.LAMBDA("Nitrous oxide leaching and runoff emissions from crop and pasture residues returned to the soil")
Name AgResidues_Equations_Leaching.VEERG_6_3_1_1__1__LeachingAndRunoffEmissionsCropAndPastureResidue_Unit: _xlfn.LAMBDA("t N2O")

Sheet Input - Site
A1: #VALUE! | C1: Input - Site
A3: =HYPERLINK("#'Home'!A1", "Home") -> Home
A4: =HYPERLINK("#'Overview'!A1", "Overview") -> Overview
A5: =HYPERLINK("#'Results'!A1", "Results") -> Results | D5: Your business
A7: INPUTS | D7: Farm name | E7: Test Farms
A8: =HYPERLINK("#'Input - Electricity'!A1", "Electricity") -> Electricity | D8: Reporting entity name | E8: Test Farms Pty Ltd
A10: CALCULATIONS | D10: 💡An 'Emissions accounting period' is a 12 month period where the business can report on the emissions, and is typically the same as the business' financial accounting period.
A11: =HYPERLINK("#'14.1.1-2 Purchased electricity'!A1", "14.1.1-2 Purchased electricity") -> 14.1.1-2 Purchased electricity
D12: Emissions calculation period start date | E12: 45292 | F12: ← DD/MM/YYYY or DD Month YYYY
A13: APPENDICES | D13: Emissions calculation period end date | E13: =DATE(YEAR(E12)+1,MONTH(E12),DAY(E12))-1 -> 45657 | F13: ← Automatically calculated, 12 months after start date
A14: =HYPERLINK("#'Constants - Electricity'!A1", "Constants - Electricity") -> Constants - Electricity
A15: =HYPERLINK("#'Constants - Common'!A1", "Constants - Common") -> Constants - Common
D16: Location and climate
D18: Location information is used to reference some region and climate-specific emission factors
D19: Tip: Use the web-based GAF Location Helper tool to easily get region and climate information. You will need an internet connection to use the GAF Location Helper.
D21: State | E21: ACT | F21: ← Please select
D22: Region (ABS Statistical area level 4) if state is WA | E22: Western Australia - Outback (South) | F22: ← Please select

Sheet Input - Fertiliser
A1: #VALUE! | C1: Input - Fertiliser
A3: =HYPERLINK("#'Home'!A1", "Home") -> Home
A4: =HYPERLINK("#'Overview'!A1", "Overview") -> Overview
A5: =HYPERLINK("#'Results'!A1", "Results") -> Results
D6: Production system | E6: Crop | F6: ← Please select
A7: INPUTS | D7: Crop type | E7: Grains | F7: ← Please select
A8: =HYPERLINK("#'Input - Site'!A1", "Site") -> Site | D8: Irrigation method | E8: Drip irrigation | F8: ← Please select
A9: =HYPERLINK("#'Input - Fertiliser'!A1", "Fertiliser") -> Fertiliser | D9: Area under cropping | E9: 100 | F9: hectares
A11: CALCULATIONS | D11: Inorganic fertiliser applied
A12: =HYPERLINK("#'5.1.1.1-2 Inorganic Fert N2O'!A1", "5.1.1.1-2 Inorganic Fert N2O") -> 5.1.1.1-2 Inorganic Fert N2O
A13: =HYPERLINK("#'5.1.1.3-4 Inorganic fert CO2'!A1", "5.1.1.3-4 Inorganic fert CO2") -> 5.1.1.3-4 Inorganic fert CO2 | D13: 💡You can add more rows to tables by right-clicking on the table and selecting "Insert > Table rows above/below".
A14: =HYPERLINK("#'5.2.1.1-2 Organic Fert N2O'!A1", "5.2.1.1-2 Organic Fert N2O") -> 5.2.1.1-2 Organic Fert N2O | D14: 💡The application area is the same as the area under pasture / cropping by default. You can edit it if the application area is different.
A15: =HYPERLINK("#'5.3.1.1-2 Lime CO2'!A1", "5.3.1.1-2 Lime CO2") -> 5.3.1.1-2 Lime CO2
A16: =HYPERLINK("#'5.4.1.1-4 Atmos deposition'!A1", "5.4.1.1-4 Atmos deposition") -> 5.4.1.1-4 Atmos deposition | D16: Branded fertiliser products
A17: =HYPERLINK("#'5.5.1.1-2 Leaching and runoff'!A1", "5.5.1.1-2 Leaching and runoff") -> 5.5.1.1-2 Leaching and runoff | D17: Product (select) | E17: Amount applied per hectare | F17: Application unit | G17: Density | H17: Application area (ha) | I17: Total applied (kg) | J17: Ingredient 1 | K17: Ingredient 1 percent | L17: Ingredient 2 | M17: Ingredient 2 percent | N17: Ingredient 3 | O17: Ingredient 3 percent | P17: Ingredient 4 | Q17: Ingredient 4 percent | R17: Ingredient 5 | S17: Ingredient 5 percent | T17: Ingredient 6 | U17: Ingredient 6 percent | V17: N application rate (kg/ha) | W17: Urea source | X17: Ammonia source
D18: CoRoN 12-0-10 | E18: 100 | F18: =_xlfn.XLOOKUP(Table_Input_InorganicFertiliser_Brands[[#This Row],[Product (select)]],FertiliserProducts[Product name],FertiliserProducts[Unit]) -> L | G18: =_xlfn.XLOOKUP(Table_Input_InorganicFertiliser_Brands[[#This Row],[Product (select)]],FertiliserProducts[Product name],FertiliserProducts[Density / gravity]) -> 1.215 | H18: =$E$9 -> 100 | I18: =(Table_Input_InorganicFertiliser_Brands[[#This Row],[Amount applied per hectare]]*Table_Input_InorganicFertiliser_Brands[[#This Row],[Density]])*Table_Input_InorganicFertiliser_Brands[[#This Row],[Application area (ha)]] -> 12150 | J18: {=Fertiliser_InputFunctions.Fertiliser_FertiliserProductLookup(Table_Input_InorganicFertiliser_Brands[[#This Row],[Product (select)]], Table_Input_InorganicFertiliser_Brands[[#Headers],[Ingredient 1]], FertiliserProducts[#Data], FertiliserProducts[Product name], FertiliserProducts[#Headers])} -> Urea | K18: {=Fertiliser_InputFunctions.Fertiliser_FertiliserProductLookup(Table_Input_InorganicFertiliser_Brands[[#This Row],[Product (select)]], Table_Input_InorganicFertiliser_Brands[[#Headers],[Ingredient 1 percent]], FertiliserProducts[#Data], FertiliserProducts[Product name], FertiliserProducts[#Headers])} -> 0.19565217 | L18: {=Fertiliser_InputFunctions.Fertiliser_FertiliserProductLookup(Table_Input_InorganicFertiliser_Brands[[#This Row],[Product (select)]], Table_Input_InorganicFertiliser_Brands[[#Headers],[Ingredient 2]], FertiliserProducts[#Data], FertiliserProducts[Product name], FertiliserProducts[#Headers])} -> Potassium - Generic | M18: {=Fertiliser_InputFunctions.Fertiliser_FertiliserProductLookup(Table_Input_InorganicFertiliser_Brands[[#This Row],[Product (select)]], Table_Input_InorganicFertiliser_Brands[[#Headers],[Ingredient 2 percent]], FertiliserProducts[#Data], FertiliserProducts[Product name], FertiliserProducts[#Headers])} -> 0.1 | N18: {=Fertiliser_InputFunctions.Fertiliser_FertiliserProductLookup(Table_Input_InorganicFertiliser_Brands[[#This Row],[Product (select)]], Table_Input_InorganicFertiliser_Brands[[#Headers],[Ingredient 3]], FertiliserProducts[#Data], FertiliserProducts[Product name], FertiliserProducts[#Headers])} -> Nitrogen - Generic | O18: {=Fertiliser_InputFunctions.Fertiliser_FertiliserProductLookup(Table_Input_InorganicFertiliser_Brands[[#This Row],[Product (select)]], Table_Input_InorganicFertiliser_Brands[[#Headers],[Ingredient 3 percent]], FertiliserProducts[#Data], FertiliserProducts[Product name], FertiliserProducts[#Headers])} -> 0.03 | P18: {=Fertiliser_InputFunctions.Fertiliser_FertiliserProductLookup(Table_Input_InorganicFertiliser_Brands[[#This Row],[Product (select)]], Table_Input_InorganicFertiliser_Brands[[#Headers],[Ingredient 4]], FertiliserProducts[#Data], FertiliserProducts[Product name], FertiliserProducts[#Headers])} -> Boron | Q18: {=Fertiliser_InputFunctions.Fertiliser_FertiliserProductLookup(Table_Input_InorganicFertiliser_Brands[[#This Row],[Product (select)]], Table_Input_InorganicFertiliser_Brands[[#Headers],[Ingredient 4 percent]], FertiliserProducts[#Data], FertiliserProducts[Product name], FertiliserProducts[#Headers])} -> 0.005 | R18: {=Fertiliser_InputFunctions.Fertiliser_FertiliserProductLookup(Table_Input_InorganicFertiliser_Brands[[#This Row],[Product (select)]], Table_Input_InorganicFertiliser_Brands[[#Headers],[Ingredient 5]], FertiliserProducts[#Data], FertiliserProducts[Product name], FertiliserProducts[#Headers])} | S18: {=Fertiliser_InputFunctions.Fertiliser_FertiliserProductLookup(Table_Input_InorganicFertiliser_Brands[[#This Row],[Product (select)]], Table_Input_InorganicFertiliser_Brands[[#Headers],[Ingredient 5 percent]], FertiliserProducts[#Data], FertiliserProducts[Product name], FertiliserProducts[#Headers])} | T18: {=Fertiliser_InputFunctions.Fertiliser_FertiliserProductLookup(Table_Input_InorganicFertiliser_Brands[[#This Row],[Product (select)]], Table_Input_InorganicFertiliser_Brands[[#Headers],[Ingredient 6]], FertiliserProducts[#Data], FertiliserProducts[Product name], FertiliserProducts[#Headers])} | U18: {=Fertiliser_InputFunctions.Fertiliser_FertiliserProductLookup(Table_Input_InorganicFertiliser_Brands[[#This Row],[Product (select)]], Table_Input_InorganicFertiliser_Brands[[#Headers],[Ingredient 6 percent]], FertiliserProducts[#Data], FertiliserProducts[Product name], FertiliserProducts[#Headers])} | V18: =(Table_Input_InorganicFertiliser_Brands[[#This Row],[Amount applied per hectare]]*Table_Input_InorganicFertiliser_Brands[[#This Row],[Density]])*(IFERROR((_xlfn.XLOOKUP(Table_Input_InorganicFertiliser_Brands[[#This Row],[Ingredient 1]], Table_Fertiliser_ChemicalCompounds[Fertiliser type f],Table_Fertiliser_ChemicalCompounds[FNinorganic f])*Table_Input_InorganicFertiliser_Brands[[#This Row],[Ingredient 1 percent]]), 0)+ IFERROR((_xlfn.XLOOKUP(Table_Input_InorganicFertiliser_Brands[[#This Row],[Ingredient 2]],Table_Fertiliser_ChemicalCompounds[Fertiliser type f],Table_Fertiliser_ChemicalCompounds[FNinorganic f])*Table_Input_InorganicFertiliser_Brands[[#This Row],[Ingredient 2 percent]]), 0)+ IFERROR((_xlfn.XLOOKUP(Table_Input_InorganicFertiliser_Brands[[#This Row],[Ingredient 3]],Table_Fertiliser_ChemicalCompounds[Fertiliser type f],Table_Fertiliser_ChemicalCompounds[FNinorganic f])*Table_Input_InorganicFertiliser_Brands[[#This Row],[Ingredient 3 percent]]), 0)+ IFERROR((_xlfn.XLOOKUP(Table_Input_InorganicFertiliser_Brands[[#This Row],[Ingredient 4]],Table_Fertiliser_ChemicalCompounds[Fertiliser type f],Table_Fertiliser_ChemicalCompounds[FNinorganic f])*Table_Input_InorganicFertiliser_Brands[[#This Row],[Ingredient 4 percent]]), 0)+ IFERROR((_xlfn.XLOOKUP(Table_Input_InorganicFertiliser_Brands[[#This Row],[Ingredient 5]],Table_Fertiliser_ChemicalCompounds[Fertiliser type f],Table_Fertiliser_ChemicalCompounds[FNinorganic f])*Table_Input_InorganicFertiliser_Brands[[#This Row],[Ingredient 5 percent]]), 0)+ IFERROR((_xlfn.XLOOKUP(Table_Input_InorganicFertiliser_Brands[[#This Row],[Ingredient 6]],Table_Fertiliser_ChemicalCompounds[Fertiliser type f],Table_Fertiliser_ChemicalCompounds[FNinorganic f])*Table_Input_InorganicFertiliser_Brands[[#This Row],[Ingredient 6 percent]]), 0)) -> 14.58 | W18: =_xlfn.XLOOKUP(Table_Input_InorganicFertiliser_Brands[[#This Row],[Product (select)]],FertiliserProducts[Product name],FertiliserProducts[Urea source]) | X18: =_xlfn.XLOOKUP(Table_Input_InorganicFertiliser_Brands[[#This Row],[Product (select)]],FertiliserProducts[Product name],FertiliserProducts[Ammonia source])
A19: APPENDICES | D19: Boost-It | E19: 200 | F19: =_xlfn.XLOOKUP(Table_Input_InorganicFertiliser_Brands[[#This Row],[Product (select)]],FertiliserProducts[Product name],FertiliserProducts[Unit]) -> kg | G19: =_xlfn.XLOOKUP(Table_Input_InorganicFertiliser_Brands[[#This Row],[Product (select)]],FertiliserProducts[Product name],FertiliserProducts[Density / gravity]) -> 1 | H19: =$E$9 -> 100 | I19: =(Table_Input_InorganicFertiliser_Brands[[#This Row],[Amount applied per hectare]]*Table_Input_InorganicFertiliser_Brands[[#This Row],[Density]])*Table_Input_InorganicFertiliser_Brands[[#This Row],[Application area (ha)]] -> 20000 | J19: {=Fertiliser_InputFunctions.Fertiliser_FertiliserProductLookup(Table_Input_InorganicFertiliser_Brands[[#This Row],[Product (select)]], Table_Input_InorganicFertiliser_Brands[[#Headers],[Ingredient 1]], FertiliserProducts[#Data], FertiliserProducts[Product name], FertiliserProducts[#Headers])} -> Urea | K19: {=Fertiliser_InputFunctions.Fertiliser_FertiliserProductLookup(Table_Input_InorganicFertiliser_Brands[[#This Row],[Product (select)]], Table_Input_InorganicFertiliser_Brands[[#Headers],[Ingredient 1 percent]], FertiliserProducts[#Data], FertiliserProducts[Product name], FertiliserProducts[#Headers])} -> 0.52173913 | L19: {=Fertiliser_InputFunctions.Fertiliser_FertiliserProductLookup(Table_Input_InorganicFertiliser_Brands[[#This Row],[Product (select)]], Table_Input_InorganicFertiliser_Brands[[#Headers],[Ingredient 2]], FertiliserProducts[#Data], FertiliserProducts[Product name], FertiliserProducts[#Headers])} -> Potassium - Generic | M19: {=Fertiliser_InputFunctions.Fertiliser_FertiliserProductLookup(Table_Input_InorganicFertiliser_Brands[[#This Row],[Product (select)]], Table_Input_InorganicFertiliser_Brands[[#Headers],[Ingredient 2 percent]], FertiliserProducts[#Data], FertiliserProducts[Product name], FertiliserProducts[#Headers])} -> 0.08 | N19: {=Fertiliser_InputFunctions.Fertiliser_FertiliserProductLookup(Table_Input_InorganicFertiliser_Brands[[#This Row],[Product (select)]], Table_Input_InorganicFertiliser_Brands[[#Headers],[Ingredient 3]], FertiliserProducts[#Data], FertiliserProducts[Product name], FertiliserProducts[#Headers])} -> Sulfur - Generic | O19: {=Fertiliser_InputFunctions.Fertiliser_FertiliserProductLookup(Table_Input_InorganicFertiliser_Brands[[#This Row],[Product (select)]], Table_Input_InorganicFertiliser_Brands[[#Headers],[Ingredient 3 percent]], FertiliserProducts[#Data], FertiliserProducts[Product name], FertiliserProducts[#Headers])} -> 0.053 | P19: {=Fertiliser_InputFunctions.Fertiliser_FertiliserProductLookup(Table_Input_InorganicFertiliser_Brands[[#This Row],[Product (select)]], Table_Input_InorganicFertiliser_Brands[[#Headers],[Ingredient 4]], FertiliserProducts[#Data], FertiliserProducts[Product name], FertiliserProducts[#Headers])} -> Phosphorus - Generic | Q19: {=Fertiliser_InputFunctions.Fertiliser_FertiliserProductLookup(Table_Input_InorganicFertiliser_Brands[[#This Row],[Product (select)]], Table_Input_InorganicFertiliser_Brands[[#Headers],[Ingredient 4 percent]], FertiliserProducts[#Data], FertiliserProducts[Product name], FertiliserProducts[#Headers])} -> 0.052 | R19: {=Fertiliser_InputFunctions.Fertiliser_FertiliserProductLookup(Table_Input_InorganicFertiliser_Brands[[#This Row],[Product (select)]], Table_Input_InorganicFertiliser_Brands[[#Headers],[Ingredient 5]], FertiliserProducts[#Data], FertiliserProducts[Product name], FertiliserProducts[#Headers])} -> Magnesium | S19: {=Fertiliser_InputFunctions.Fertiliser_FertiliserProductLookup(Table_Input_InorganicFertiliser_Brands[[#This Row],[Product (select)]], Table_Input_InorganicFertiliser_Brands[[#Headers],[Ingredient 5 percent]], FertiliserProducts[#Data], FertiliserProducts[Product name], FertiliserProducts[#Headers])} -> 0.013 | T19: {=Fertiliser_InputFunctions.Fertiliser_FertiliserProductLookup(Table_Input_InorganicFertiliser_Brands[[#This Row],[Product (select)]], Table_Input_InorganicFertiliser_Brands[[#Headers],[Ingredient 6]], FertiliserProducts[#Data], FertiliserProducts[Product name], FertiliserProducts[#Headers])} -> Zinc | U19: {=Fertiliser_InputFunctions.Fertiliser_FertiliserProductLookup(Table_Input_InorganicFertiliser_Brands[[#This Row],[Product (select)]], Table_Input_InorganicFertiliser_Brands[[#Headers],[Ingredient 6 percent]], FertiliserProducts[#Data], FertiliserProducts[Product name], FertiliserProducts[#Headers])} -> 0.002 | V19: =(Table_Input_InorganicFertiliser_Brands[[#This Row],[Amount applied per hectare]]*Table_Input_InorganicFertiliser_Brands[[#This Row],[Density]])*(IFERROR((_xlfn.XLOOKUP(Table_Input_InorganicFertiliser_Brands[[#This Row],[Ingredient 1]], Table_Fertiliser_ChemicalCompounds[Fertiliser type f],Table_Fertiliser_ChemicalCompounds[FNinorganic f])*Table_Input_InorganicFertiliser_Brands[[#This Row],[Ingredient 1 percent]]), 0)+ IFERROR((_xlfn.XLOOKUP(Table_Input_InorganicFertiliser_Brands[[#This Row],[Ingredient 2]],Table_Fertiliser_ChemicalCompounds[Fertiliser type f],Table_Fertiliser_ChemicalCompounds[FNinorganic f])*Table_Input_InorganicFertiliser_Brands[[#This Row],[Ingredient 2 percent]]), 0)+ IFERROR((_xlfn.XLOOKUP(Table_Input_InorganicFertiliser_Brands[[#This Row],[Ingredient 3]],Table_Fertiliser_ChemicalCompounds[Fertiliser type f],Table_Fertiliser_ChemicalCompounds[FNinorganic f])*Table_Input_InorganicFertiliser_Brands[[#This Row],[Ingredient 3 percent]]), 0)+ IFERROR((_xlfn.XLOOKUP(Table_Input_InorganicFertiliser_Brands[[#This Row],[Ingredient 4]],Table_Fertiliser_ChemicalCompounds[Fertiliser type f],Table_Fertiliser_ChemicalCompounds[FNinorganic f])*Table_Input_InorganicFertiliser_Brands[[#This Row],[Ingredient 4 percent]]), 0)+ IFERROR((_xlfn.XLOOKUP(Table_Input_InorganicFertiliser_Brands[[#This Row],[Ingredient 5]],Table_Fertiliser_ChemicalCompounds[Fertiliser type f],Table_Fertiliser_ChemicalCompounds[FNinorganic f])*Table_Input_InorganicFertiliser_Brands[[#This Row],[Ingredient 5 percent]]), 0)+ IFERROR((_xlfn.XLOOKUP(Table_Input_InorganicFertiliser_Brands[[#This Row],[Ingredient 6]],Table_Fertiliser_ChemicalCompounds[Fertiliser type f],Table_Fertiliser_ChemicalCompounds[FNinorganic f])*Table_Input_InorganicFertiliser_Brands[[#This Row],[Ingredient 6 percent]]), 0)) -> 48 | W19: =_xlfn.XLOOKUP(Table_Input_InorganicFertiliser_Brands[[#This Row],[Product (select)]],FertiliserProducts[Product name],FertiliserProducts[Urea source]) | X19: =_xlfn.XLOOKUP(Table_Input_InorganicFertiliser_Brands[[#This Row],[Product (select)]],FertiliserProducts[Product name],FertiliserProducts[Ammonia source])
A20: =HYPERLINK("#'Constants - Fertiliser'!A1", "Constants - Fertiliser") -> Constants - Fertiliser | D20: CoRoN 12-0-10 | E20: 100 | F20: =_xlfn.XLOOKUP(Table_Input_InorganicFertiliser_Brands[[#This Row],[Product (select)]],FertiliserProducts[Product name],FertiliserProducts[Unit]) -> L | G20: =_xlfn.XLOOKUP(Table_Input_InorganicFertiliser_Brands[[#This Row],[Product (select)]],FertiliserProducts[Product name],FertiliserProducts[Density / gravity]) -> 1.215 | H20: =$E$9 -> 100 | I20: =(Table_Input_InorganicFertiliser_Brands[[#This Row],[Amount applied per hectare]]*Table_Input_InorganicFertiliser_Brands[[#This Row],[Density]])*Table_Input_InorganicFertiliser_Brands[[#This Row],[Application area (ha)]] -> 12150 | J20: {=Fertiliser_InputFunctions.Fertiliser_FertiliserProductLookup(Table_Input_InorganicFertiliser_Brands[[#This Row],[Product (select)]], Table_Input_InorganicFertiliser_Brands[[#Headers],[Ingredient 1]], FertiliserProducts[#Data], FertiliserProducts[Product name], FertiliserProducts[#Headers])} -> Urea | K20: {=Fertiliser_InputFunctions.Fertiliser_FertiliserProductLookup(Table_Input_InorganicFertiliser_Brands[[#This Row],[Product (select)]], Table_Input_InorganicFertiliser_Brands[[#Headers],[Ingredient 1 percent]], FertiliserProducts[#Data], FertiliserProducts[Product name], FertiliserProducts[#Headers])} -> 0.19565217 | L20: {=Fertiliser_InputFunctions.Fertiliser_FertiliserProductLookup(Table_Input_InorganicFertiliser_Brands[[#This Row],[Product (select)]], Table_Input_InorganicFertiliser_Brands[[#Headers],[Ingredient 2]], FertiliserProducts[#Data], FertiliserProducts[Product name], FertiliserProducts[#Headers])} -> Potassium - Generic | M20: {=Fertiliser_InputFunctions.Fertiliser_FertiliserProductLookup(Table_Input_InorganicFertiliser_Brands[[#This Row],[Product (select)]], Table_Input_InorganicFertiliser_Brands[[#Headers],[Ingredient 2 percent]], FertiliserProducts[#Data], FertiliserProducts[Product name], FertiliserProducts[#Headers])} -> 0.1 | N20: {=Fertiliser_InputFunctions.Fertiliser_FertiliserProductLookup(Table_Input_InorganicFertiliser_Brands[[#This Row],[Product (select)]], Table_Input_InorganicFertiliser_Brands[[#Headers],[Ingredient 3]], FertiliserProducts[#Data], FertiliserProducts[Product name], FertiliserProducts[#Headers])} -> Nitrogen - Generic | O20: {=Fertiliser_InputFunctions.Fertiliser_FertiliserProductLookup(Table_Input_InorganicFertiliser_Brands[[#This Row],[Product (select)]], Table_Input_InorganicFertiliser_Brands[[#Headers],[Ingredient 3 percent]], FertiliserProducts[#Data], FertiliserProducts[Product name], FertiliserProducts[#Headers])} -> 0.03 | P20: {=Fertiliser_InputFunctions.Fertiliser_FertiliserProductLookup(Table_Input_InorganicFertiliser_Brands[[#This Row],[Product (select)]], Table_Input_InorganicFertiliser_Brands[[#Headers],[Ingredient 4]], FertiliserProducts[#Data], FertiliserProducts[Product name], FertiliserProducts[#Headers])} -> Boron | Q20: {=Fertiliser_InputFunctions.Fertiliser_FertiliserProductLookup(Table_Input_InorganicFertiliser_Brands[[#This Row],[Product (select)]], Table_Input_InorganicFertiliser_Brands[[#Headers],[Ingredient 4 percent]], FertiliserProducts[#Data], FertiliserProducts[Product name], FertiliserProducts[#Headers])} -> 0.005 | R20: {=Fertiliser_InputFunctions.Fertiliser_FertiliserProductLookup(Table_Input_InorganicFertiliser_Brands[[#This Row],[Product (select)]], Table_Input_InorganicFertiliser_Brands[[#Headers],[Ingredient 5]], FertiliserProducts[#Data], FertiliserProducts[Product name], FertiliserProducts[#Headers])} | S20: {=Fertiliser_InputFunctions.Fertiliser_FertiliserProductLookup(Table_Input_InorganicFertiliser_Brands[[#This Row],[Product (select)]], Table_Input_InorganicFertiliser_Brands[[#Headers],[Ingredient 5 percent]], FertiliserProducts[#Data], FertiliserProducts[Product name], FertiliserProducts[#Headers])} | T20: {=Fertiliser_InputFunctions.Fertiliser_FertiliserProductLookup(Table_Input_InorganicFertiliser_Brands[[#This Row],[Product (select)]], Table_Input_InorganicFertiliser_Brands[[#Headers],[Ingredient 6]], FertiliserProducts[#Data], FertiliserProducts[Product name], FertiliserProducts[#Headers])} | U20: {=Fertiliser_InputFunctions.Fertiliser_FertiliserProductLookup(Table_Input_InorganicFertiliser_Brands[[#This Row],[Product (select)]], Table_Input_InorganicFertiliser_Brands[[#Headers],[Ingredient 6 percent]], FertiliserProducts[#Data], FertiliserProducts[Product name], FertiliserProducts[#Headers])} | V20: =(Table_Input_InorganicFertiliser_Brands[[#This Row],[Amount applied per hectare]]*Table_Input_InorganicFertiliser_Brands[[#This Row],[Density]])*(IFERROR((_xlfn.XLOOKUP(Table_Input_InorganicFertiliser_Brands[[#This Row],[Ingredient 1]], Table_Fertiliser_ChemicalCompounds[Fertiliser type f],Table_Fertiliser_ChemicalCompounds[FNinorganic f])*Table_Input_InorganicFertiliser_Brands[[#This Row],[Ingredient 1 percent]]), 0)+ IFERROR((_xlfn.XLOOKUP(Table_Input_InorganicFertiliser_Brands[[#This Row],[Ingredient 2]],Table_Fertiliser_ChemicalCompounds[Fertiliser type f],Table_Fertiliser_ChemicalCompounds[FNinorganic f])*Table_Input_InorganicFertiliser_Brands[[#This Row],[Ingredient 2 percent]]), 0)+ IFERROR((_xlfn.XLOOKUP(Table_Input_InorganicFertiliser_Brands[[#This Row],[Ingredient 3]],Table_Fertiliser_ChemicalCompounds[Fertiliser type f],Table_Fertiliser_ChemicalCompounds[FNinorganic f])*Table_Input_InorganicFertiliser_Brands[[#This Row],[Ingredient 3 percent]]), 0)+ IFERROR((_xlfn.XLOOKUP(Table_Input_InorganicFertiliser_Brands[[#This Row],[Ingredient 4]],Table_Fertiliser_ChemicalCompounds[Fertiliser type f],Table_Fertiliser_ChemicalCompounds[FNinorganic f])*Table_Input_InorganicFertiliser_Brands[[#This Row],[Ingredient 4 percent]]), 0)+ IFERROR((_xlfn.XLOOKUP(Table_Input_InorganicFertiliser_Brands[[#This Row],[Ingredient 5]],Table_Fertiliser_ChemicalCompounds[Fertiliser type f],Table_Fertiliser_ChemicalCompounds[FNinorganic f])*Table_Input_InorganicFertiliser_Brands[[#This Row],[Ingredient 5 percent]]), 0)+ IFERROR((_xlfn.XLOOKUP(Table_Input_InorganicFertiliser_Brands[[#This Row],[Ingredient 6]],Table_Fertiliser_ChemicalCompounds[Fertiliser type f],Table_Fertiliser_ChemicalCompounds[FNinorganic f])*Table_Input_InorganicFertiliser_Brands[[#This Row],[Ingredient 6 percent]]), 0)) -> 14.58 | W20: =_xlfn.XLOOKUP(Table_Input_InorganicFertiliser_Brands[[#This Row],[Product (select)]],FertiliserProducts[Product name],FertiliserProducts[Urea source]) | X20: =_xlfn.XLOOKUP(Table_Input_InorganicFertiliser_Brands[[#This Row],[Product (select)]],FertiliserProducts[Product name],FertiliserProducts[Ammonia source])
A21: =HYPERLINK("#'Constants - Common'!A1", "Constants - Common") -> Constants - Common
D22: Custom fertiliser blends
D23: Custom blend name | E23: Amount applied (kg / ha) | F23: Application area (ha) | G23: Total applied (kg) | H23: Ingredient 1 (select) | I23: Ingredient 1 percent | J23: Ingredient 2 | K23: Ingredient 2 percent | L23: Ingredient 3 | M23: Ingredient 3 percent | N23: Ingredient 4 | O23: Ingredient 4 percent | P23: N application rate (kg/ha) | Q23: Urea source | R23: Ammonia source
D24: My first custom blend | E24: 100 | F24: =$E$9 -> 100 | G24: =Table_Input_InorganicFertiliser_Custom[[#This Row],[Amount applied (kg / ha)]]*Table_Input_InorganicFertiliser_Custom[[#This Row],[Application area (ha)]] -> 10000 | H24: Ammonia | I24: 0.45 | J24: Calcium nitrate | K24: 0.3 | L24: Potassium - Generic | M24: 0.1 | N24: Sulfur - Generic | O24: 0.1 | P24: =Table_Input_InorganicFertiliser_Custom[[#This Row],[Amount applied (kg / ha)]]* (IFERROR((_xlfn.XLOOKUP(Table_Input_InorganicFertiliser_Custom[[#This Row],[Ingredient 1 (select)]], Table_Fertiliser_ChemicalCompounds[Fertiliser type f],Table_Fertiliser_ChemicalCompounds[FNinorganic f])*Table_Input_InorganicFertiliser_Custom[[#This Row],[Ingredient 1 percent]]), 0) + IFERROR((_xlfn.XLOOKUP(Table_Input_InorganicFertiliser_Custom[[#This Row],[Ingredient 2]], Table_Fertiliser_ChemicalCompounds[Fertiliser type f],Table_Fertiliser_ChemicalCompounds[FNinorganic f])*Table_Input_InorganicFertiliser_Custom[[#This Row],[Ingredient 2 percent]]), 0) + IFERROR((_xlfn.XLOOKUP(Table_Input_InorganicFertiliser_Custom[[#This Row],[Ingredient 3]], Table_Fertiliser_ChemicalCompounds[Fertiliser type f],Table_Fertiliser_ChemicalCompounds[FNinorganic f])*Table_Input_InorganicFertiliser_Custom[[#This Row],[Ingredient 3 percent]]), 0) + IFERROR((_xlfn.XLOOKUP(Table_Input_InorganicFertiliser_Custom[[#This Row],[Ingredient 4]], Table_Fertiliser_ChemicalCompounds[Fertiliser type f],Table_Fertiliser_ChemicalCompounds[FNinorganic f])*Table_Input_InorganicFertiliser_Custom[[#This Row],[Ingredient 4 percent]]), 0) ) -> 41.7075 | Q24: Canada | R24: Global
E25: 100 | F25: =$E$9 -> 100 | G25: =Table_Input_InorganicFertiliser_Custom[[#This Row],[Amount applied (kg / ha)]]*Table_Input_InorganicFertiliser_Custom[[#This Row],[Application area (ha)]] -> 10000 | H25: Urea | I25: 0.9 | J25: Ammonia | K25: 0.1 | P25: =Table_Input_InorganicFertiliser_Custom[[#This Row],[Amount applied (kg / ha)]]* (IFERROR((_xlfn.XLOOKUP(Table_Input_InorganicFertiliser_Custom[[#This Row],[Ingredient 1 (select)]], Table_Fertiliser_ChemicalCompounds[Fertiliser type f],Table_Fertiliser_ChemicalCompounds[FNinorganic f])*Table_Input_InorganicFertiliser_Custom[[#This Row],[Ingredient 1 percent]]), 0) + IFERROR((_xlfn.XLOOKUP(Table_Input_InorganicFertiliser_Custom[[#This Row],[Ingredient 2]], Table_Fertiliser_ChemicalCompounds[Fertiliser type f],Table_Fertiliser_ChemicalCompounds[FNinorganic f])*Table_Input_InorganicFertiliser_Custom[[#This Row],[Ingredient 2 percent]]), 0) + IFERROR((_xlfn.XLOOKUP(Table_Input_InorganicFertiliser_Custom[[#This Row],[Ingredient 3]], Table_Fertiliser_ChemicalCompounds[Fertiliser type f],Table_Fertiliser_ChemicalCompounds[FNinorganic f])*Table_Input_InorganicFertiliser_Custom[[#This Row],[Ingredient 3 percent]]), 0) + IFERROR((_xlfn.XLOOKUP(Table_Input_InorganicFertiliser_Custom[[#This Row],[Ingredient 4]], Table_Fertiliser_ChemicalCompounds[Fertiliser type f],Table_Fertiliser_ChemicalCompounds[FNinorganic f])*Table_Input_InorganicFertiliser_Custom[[#This Row],[Ingredient 4 percent]]), 0) ) -> 49.635 | Q25: Canada | R25: Canada
D27: Soil ameliorants
D29: 💡 You can add more rows to the table by right-clicking on the table and selecting "Insert > Table rows above/below".
D30: 💡 'Lime' refers to calcium carbonate - CaCO3. 'Dolomite' refers to calcium magnesium carbonate - CaMg(CO3)2
D31: 💡The application area is the same as the area under pasture / cropping by default. You can edit it if the application area is different.
D32: =IF(MAX(Table_Input_SoilAmeliorants[Total]) > 1, "There can not be more than 100% ingredients in a product. Check the table below.", "")
D33: Product | E33: Amount applied (t/hectare) | F33: Application area (ha) | G33: Total amount applied (t) | H33: Percent Lime CaCO3 | I33: Percent Dolomite CaMg(CO3)2 | J33: Percent Gypsum | K33: Total
D34: Lime product 1 | E34: 100 | F34: =$E$9 -> 100 | G34: =IFERROR(Table_Input_SoilAmeliorants[[#This Row],[Amount applied (t/hectare)]]*Table_Input_SoilAmeliorants[[#This Row],[Application area (ha)]], 0) -> 10000 | H34: 0.4 | I34: 0.3 | J34: 0.25 | K34: =SUM(Table_Input_SoilAmeliorants[[#This Row],[Percent Lime CaCO3]:[Percent Gypsum]]) -> 0.95
D35: Lime product 2 | E35: 100 | F35: =$E$9 -> 100 | G35: =IFERROR(Table_Input_SoilAmeliorants[[#This Row],[Amount applied (t/hectare)]]*Table_Input_SoilAmeliorants[[#This Row],[Application area (ha)]], 0) -> 10000 | H35: 1 | K35: =SUM(Table_Input_SoilAmeliorants[[#This Row],[Percent Lime CaCO3]:[Percent Gypsum]]) -> 1
D38: Organic fertiliser applied
D40: 💡 You can add more rows to the table by right-clicking on the table and selecting "Insert > Table rows above/below".
D41: 💡The application area is the same as the area under pasture / cropping by default. You can edit it if the application area is different.
D43: Organic fertiliser type (select) | E43: Percentage of N in fertiliser | F43: Amount applied (kg/hectare) | G43: Amount N applied (kg/hectare) | H43: Application area (ha) | I43: Total organic fertliser applied | J43: Total nitrogen applied (kg)
A44: =HYPERLINK("#A1", "▲ Back to top") -> ▲ Back to top | D44: Manure - Other | E44: 0.3 | F44: 10 | G44: =Table_Input_OrganicFertiliser[[#This Row],[Amount applied (kg/hectare)]]*Table_Input_OrganicFertiliser[[#This Row],[Percentage of N in fertiliser]] -> 3 | H44: =$E$9 -> 100 | I44: =Table_Input_OrganicFertiliser[[#This Row],[Amount applied (kg/hectare)]]*Table_Input_OrganicFertiliser[[#This Row],[Application area (ha)]] -> 1000 | J44: =IFERROR(Table_Input_OrganicFertiliser[[#This Row],[Amount N applied (kg/hectare)]]*Table_Input_OrganicFertiliser[[#This Row],[Application area (ha)]], 0) -> 300
D45: Manure - Poultry | E45: 0.25 | F45: 10 | G45: =Table_Input_OrganicFertiliser[[#This Row],[Amount applied (kg/hectare)]]*Table_Input_OrganicFertiliser[[#This Row],[Percentage of N in fertiliser]] -> 2.5 | H45: =$E$9 -> 100 | I45: =Table_Input_OrganicFertiliser[[#This Row],[Amount applied (kg/hectare)]]*Table_Input_OrganicFertiliser[[#This Row],[Application area (ha)]] -> 1000 | J45: =IFERROR(Table_Input_OrganicFertiliser[[#This Row],[Amount N applied (kg/hectare)]]*Table_Input_OrganicFertiliser[[#This Row],[Application area (ha)]], 0) -> 250

Sheet Input - Feed
A1: #VALUE! | C1: Input - Purchased feed - Livestock
A3: Home
A4: =HYPERLINK("#'Results'!A1", "Results") -> Results
D5: Supplemental feed
A6: INPUTS
A7: =HYPERLINK("#'Input - Site'!A1", "Site") -> Site | D7: Lick blocks
A8: =HYPERLINK("#'Input - Production'!A1", "Production and outputs") -> Production and outputs | D8: {=Table_SourceData_Scope3_LickBlocks[Product]} -> Lick block, dry season mix | E8: 100 | F8: kg
A9: =HYPERLINK("#'Input - Herd - Dairy'!A1", "Herd - Dairy") -> Herd - Dairy | D9: Lick block, mineral | E9: 100 | F9: kg
A10: =HYPERLINK("#'Input - Feed - Dairy'!A1", "Purchased feed - Livestock") -> Purchased feed - Livestock | D10: Lick block, weaner | E10: 100 | F10: kg
A11: =HYPERLINK("#'Input - Herd - Feedlot'!A1", "Herd - Feedlot") -> Herd - Feedlot
A12: =HYPERLINK("#'Input - Pasture'!A1", "Pasture") -> Pasture
A13: =HYPERLINK("#'Input - Grains'!A1", "Crop - Grains") -> Crop - Grains | D13: Feed blends
A14: =HYPERLINK("#'Input - Fert Lime Chem'!A1", "Fertiliser, Lime & Chemicals") -> Fertiliser, Lime & Chemicals | D14: Tip: You can add more rows to the table by right-clicking on the table and selecting "Insert > Table rows above/below".
A15: =HYPERLINK("#'Input - Fuel & Energy'!A1", "Electricity and fuel") -> Electricity and fuel
A16: Waste | D16: Feed blend name | E16: Amount fed (kg) | F16: Ingredient 1 (select) | G16: Ingredient 1 source region | H16: Ingredient 1 percent | I16: Ingredient 2 (select) | J16: Ingredient 2 source region | K16: Ingredient 2 percent | L16: Ingredient 3 (select) | M16: Ingredient 3 source region | N16: Ingredient 3 percent | O16: Ingredient 4 (select) | P16: Ingredient 4 source region | Q16: Ingredient 4 percent
A17: Freight and transport | E17: 1200 | F17: Oaten hay | G17: WA | H17: 0.35 | I17: Sardines (whole) | J17: SA | K17: 0.22 | L17: Canola oil | M17: Australia | N17: 0.12 | O17: Molasses | P17: QLD | Q17: 0.05
A18: =HYPERLINK("#'Input - Other Farm Inputs'!A1", "Other farm inputs") -> Other farm inputs | E18: 3456 | F18: Cereal hay | G18: TAS | H18: 0.2 | I18: Lucerne hay | J18: NSW | K18: 0.2
A19: =HYPERLINK("#'Input - Data quality'!A1", "Data quality") -> Data quality | D19: Hay bales in paddock | E19: 300 | F19: Maize grain | G19: QLD | H19: 0.8 | I19: Soybean meal | J19: Brazil | K19: 0.2
E20: 500 | F20: Pasture hay | G20: NSW | H20: 1
A21: CALCULATIONS
A22: N2O MMS
A23: Enteric methane | D23: Feed rations
A24: =HYPERLINK("#'Calcs - Fert Lime'!A1", "Fertiliser & soil amendments") -> Fertiliser & soil amendments | D24: {=Table_SourceData_Scope3_MixedRations[Product]} -> Feed for chickens | E24: 100 | F24: kg
A25: =HYPERLINK("#'Calcs - Residue mgmt - Crop'!A1", "Residue management - Crop") -> Residue management - Crop | D25: Feed for dairy calves | E25: 100 | F25: kg
A26: =HYPERLINK("#'Calcs - Residue mgmt - Pasture'!A1", "Residue management - Pasture") -> Residue management - Pasture | D26: Feed for dairy cows | E26: 100 | F26: kg
A27: =HYPERLINK("#'Calcs - Field burning'!A1", "Field burning - Crop") -> Field burning - Crop | D27: Feed for pigs | E27: 100 | F27: kg
A28: =HYPERLINK("#'Calcs - Fuel'!A1", "Fuel") -> Fuel
A29: =HYPERLINK("#'Calcs - Electricity'!A1", "Electricity") -> Electricity
A30: =HYPERLINK("#'Calcs - Refrigerants'!A1", "Refrigerants") -> Refrigerants
A31: Waste
A32: Freight and transport
A33: =HYPERLINK("#'Calcs - Scope 3'!A1", "Purchased goods scope 3") -> Purchased goods scope 3
A35: APPENDICES
A36: =HYPERLINK("#'Constants - Common'!A1", "Constants - Common") -> Constants - Common
A37: =HYPERLINK("#'Constants - Cropping'!A1", "Constants - Cropping") -> Constants - Cropping
A38: =HYPERLINK("#'Constants - Livestock'!A1", "Constants - Livestock") -> Constants - Livestock
A39: =HYPERLINK("#'Constants - Dairy'!A1", "Constants - Dairy") -> Constants - Dairy
A40: Sources & acknowledgements

Sheet Input - Farm Inputs
A1: #VALUE! | C1: Input - Other farm inputs
D5: Miscellaneous inputs
D6: ='Constants - Scope 3'!E202 -> Animal ear tags (large) | E6: 100 | F6: tags
D7: ='Constants - Scope 3'!E203 -> Animal ear tags (small) | E7: 200 | F7: tags
D8: ='Constants - Scope 3'!E206 -> Nylon netting | E8: 300 | F8: kg
D11: Seed
D12: ='Constants - Scope 3'!E204 -> Barley grain (for seed) | E12: 500 | F12: kg
D13: ='Constants - Scope 3'!E205 -> Maize grain (for seed) | E13: 600 | F13: kg
D14: ='Constants - Scope 3'!E207 -> Oat grain (for seed) | E14: 700 | F14: kg
D15: ='Constants - Scope 3'!E208 -> Sorghum grain (for seed) | E15: 800 | F15: kg
D16: ='Constants - Scope 3'!E209 -> Wheat grain (for seed) | E16: 900 | F16: kg
D19: Pesticides
D21: 💡You can add more rows to the table by right-clicking on the table and selecting "Insert > Table rows above/below".
D22: 💡You can find specific product information in the Australian Government's 'PubCRIS' database search.
D23: Click here to find instructions on how to use the PubCRIS database
K24: {=IF( SUMPRODUCT((Table_Input_Pesticides[Constituent unit (select)]="fraction of product")*(Table_Input_Pesticides[Active ingredient 1 amount]>1)*(Table_Input_Pesticides[Active ingredient 2 amount]<>""))>0, "Alert: If constituent unit is fraction of product, amount cannot exceed 1", IF( SUMPRODUCT((Table_Input_Pesticides[Constituent unit (select)]="grams/litre or grams/kg")*(Table_Input_Pesticides[Active ingredient 1 amount]<1)*(Table_Input_Pesticides[Active ingredient 2 amount]<>""))>0, "Alert: If constituent unit is grams/kg or litre, amount cannot be less than 1", "" ) )} | N24: {=IF( SUMPRODUCT((Table_Input_Pesticides[Constituent unit (select)]="fraction of product")*(Table_Input_Pesticides[Active ingredient 2 amount]>1)*(Table_Input_Pesticides[Active ingredient 2 amount]<>""))>0, "Alert: If constituent unit is fraction of product, amount cannot exceed 1", IF( SUMPRODUCT((Table_Input_Pesticides[Constituent unit (select)]="grams/litre or grams/kg")*(Table_Input_Pesticides[Active ingredient 2 amount]<1)*(Table_Input_Pesticides[Active ingredient 2 amount]<>""))>0, "Alert: If constituent unit is grams/kg or litre, amount cannot be less than 1", "" ) )} | Q24: {=IF( SUMPRODUCT((Table_Input_Pesticides[Constituent unit (select)]="fraction of product")*(Table_Input_Pesticides[Active ingredient 3 amount]>1)*(Table_Input_Pesticides[Active ingredient 3 amount]<>""))>0, "Alert: If constituent unit is fraction of product, amount cannot exceed 1", IF( SUMPRODUCT((Table_Input_Pesticides[Constituent unit (select)]="grams/litre or grams/kg")*(Table_Input_Pesticides[Active ingredient 3 amount]<1)*(Table_Input_Pesticides[Active ingredient 3 amount]<>""))>0, "Alert: If constituent unit is grams/kg or litre, amount cannot be less than 1", "" ) )}
D25: Product name | E25: Amount applied per ha | F25: Application unit (select) | G25: Application area (ha) | H25: Total applied | I25: Constituent unit (select) | J25: Active ingredient 1 (select) | K25: Active ingredient 1 amount | L25: Total active ingredient 1 (kg) | M25: Active ingredient 2 (select) | N25: Active ingredient 2 amount | O25: Total active ingredient 2 (kg) | P25: Active ingredient 3 (select) | Q25: Active ingredient 3 amount | R25: Total active ingredient 3 (kg)
D26: QA MCPA + Picloram SL Herbicide | E26: 10 | F26: kg / hectare | G26: 100 | H26: =Table_Input_Pesticides[[#This Row],[Amount applied per ha]]*Table_Input_Pesticides[[#This Row],[Application area (ha)]] -> 1000 | I26: grams/litre or grams/kg | J26: Pesticides (generic) | K26: 26 | L26: =Table_Input_Pesticides[[#This Row],[Total applied]]*Table_Input_Pesticides[[#This Row],[Active ingredient 1 amount]]*IF(Table_Input_Pesticides[[#This Row],[Constituent unit (select)]]="fraction of product", 1, 10^-3) -> 26 | M26: Pesticides (generic) | N26: 420 | O26: =Table_Input_Pesticides[[#This Row],[Total applied]]*Table_Input_Pesticides[[#This Row],[Active ingredient 2 amount]]*IF(Table_Input_Pesticides[[#This Row],[Constituent unit (select)]]="fraction of product", 1, 10^-3) -> 420 | R26: =Table_Input_Pesticides[[#This Row],[Total applied]]*Table_Input_Pesticides[[#This Row],[Active ingredient 3 amount]]*IF(Table_Input_Pesticides[[#This Row],[Constituent unit (select)]]="fraction of product", 1, 10^-3) -> 0
D27: Heben Propiconazole 550EC Fungicide | E27: 10 | F27: litre / hectare | G27: 100 | H27: =Table_Input_Pesticides[[#This Row],[Amount applied per ha]]*Table_Input_Pesticides[[#This Row],[Application area (ha)]] -> 1000 | I27: grams/litre or grams/kg | J27: Pesticides (generic) | K27: 550 | L27: =Table_Input_Pesticides[[#This Row],[Total applied]]*Table_Input_Pesticides[[#This Row],[Active ingredient 1 amount]]*IF(Table_Input_Pesticides[[#This Row],[Constituent unit (select)]]="fraction of product", 1, 10^-3) -> 550 | O27: =Table_Input_Pesticides[[#This Row],[Total applied]]*Table_Input_Pesticides[[#This Row],[Active ingredient 2 amount]]*IF(Table_Input_Pesticides[[#This Row],[Constituent unit (select)]]="fraction of product", 1, 10^-3) -> 0 | R27: =Table_Input_Pesticides[[#This Row],[Total applied]]*Table_Input_Pesticides[[#This Row],[Active ingredient 3 amount]]*IF(Table_Input_Pesticides[[#This Row],[Constituent unit (select)]]="fraction of product", 1, 10^-3) -> 0
D28: NovaGuard Boscalid 500 WG Fungicide | E28: 10 | F28: kg / hectare | G28: 100 | H28: =Table_Input_Pesticides[[#This Row],[Amount applied per ha]]*Table_Input_Pesticides[[#This Row],[Application area (ha)]] -> 1000 | I28: grams/litre or grams/kg | J28: Pesticides (generic) | K28: 500 | L28: =Table_Input_Pesticides[[#This Row],[Total applied]]*Table_Input_Pesticides[[#This Row],[Active ingredient 1 amount]]*IF(Table_Input_Pesticides[[#This Row],[Constituent unit (select)]]="fraction of product", 1, 10^-3) -> 500 | O28: =Table_Input_Pesticides[[#This Row],[Total applied]]*Table_Input_Pesticides[[#This Row],[Active ingredient 2 amount]]*IF(Table_Input_Pesticides[[#This Row],[Constituent unit (select)]]="fraction of product", 1, 10^-3) -> 0 | R28: =Table_Input_Pesticides[[#This Row],[Total applied]]*Table_Input_Pesticides[[#This Row],[Active ingredient 3 amount]]*IF(Table_Input_Pesticides[[#This Row],[Constituent unit (select)]]="fraction of product", 1, 10^-3) -> 0
D31: Livestock
D33: Transaction name | E33: Livestock type (select) | F33: Class (select) | G33: Source region (Select) | H33: Quantity (head) | I33: Average liveweight (kg/head) | J33: Total liveweight (kg)
D34: Chooks from Barry | E34: Chickens | F34: Chickens | G34: Australia | H34: 100 | I34: 250 | J34: =Table_Input_LivestockPurchases[[#This Row],[Quantity (head)]]*Table_Input_LivestockPurchases[[#This Row],[Average liveweight (kg/head)]] -> 25000
E35: Beef cattle | F35: Cattle, for manufacturing beef | G35: NSW | H35: 100 | I35: 250 | J35: =Table_Input_LivestockPurchases[[#This Row],[Quantity (head)]]*Table_Input_LivestockPurchases[[#This Row],[Average liveweight (kg/head)]] -> 25000
E36: Dairy cattle | F36: Dairy cows | G36: VIC | H36: 100 | I36: 250 | J36: =Table_Input_LivestockPurchases[[#This Row],[Quantity (head)]]*Table_Input_LivestockPurchases[[#This Row],[Average liveweight (kg/head)]] -> 25000
E37: Pigs | F37: Pigs | G37: Australia | H37: 100 | I37: 250 | J37: =Table_Input_LivestockPurchases[[#This Row],[Quantity (head)]]*Table_Input_LivestockPurchases[[#This Row],[Average liveweight (kg/head)]] -> 25000
E38: Sheep | F38: Sheep, for mutton | G38: Australia | H38: 100 | I38: 250 | J38: =Table_Input_LivestockPurchases[[#This Row],[Quantity (head)]]*Table_Input_LivestockPurchases[[#This Row],[Average liveweight (kg/head)]] -> 25000
E39: Sheep | F39: Sheep, for prime lamb | G39: WA | H39: 100 | I39: 250 | J39: =Table_Input_LivestockPurchases[[#This Row],[Quantity (head)]]*Table_Input_LivestockPurchases[[#This Row],[Average liveweight (kg/head)]] -> 25000
D42: Packaging
D44: Tip: You can add more rows to the table by right-clicking on the table and selecting "Insert > Table rows above/below".
D46: Packaging name | E46: Primary material | F46: Quantity purchased | G46: Weight per unit (kg) | H46: Total weight purchased
D47: 250g punnet | E47: Plastic sheet HDPE | F47: 100 | G47: 0.02 | H47: =Table_Input_Packaging[[#This Row],[Quantity purchased]]*Table_Input_Packaging[[#This Row],[Weight per unit (kg)]] -> 2
D48: 500g punnet | E48: Plastic crate polypropylene | F48: 1000 | G48: 100 | H48: =Table_Input_Packaging[[#This Row],[Quantity purchased]]*Table_Input_Packaging[[#This Row],[Weight per unit (kg)]] -> 100000
E49: Plastic sheet HDPE | F49: 456 | G49: 100 | H49: =Table_Input_Packaging[[#This Row],[Quantity purchased]]*Table_Input_Packaging[[#This Row],[Weight per unit (kg)]] -> 45600
D50: Cardboard box 50 litre | E50: Corrugated board | F50: 1234 | G50: 100 | H50: =Table_Input_Packaging[[#This Row],[Quantity purchased]]*Table_Input_Packaging[[#This Row],[Weight per unit (kg)]] -> 123400
D53: Cleaning chemicals
D55: Tip: You can add more rows to the table by right-clicking on the table and selecting "Insert > Table rows above/below".
D57: Product name | E57: Type (select) | F57: Quantity purchased (kg)
D58: Acid kleen | E58: Phosphoric acid | F58: 100
D59: Kleen alk | E59: Alkaline cleaner | F59: 100
D60: White king | E60: Bleach | F60: 100
D61: White king | E61: Bleach | F61: 100
D62: Acid kleen | E62: Phosphoric acid | F62: 100
D63: Acid kleen | E63: Phosphoric acid | F63: 100
D65: Pharmacy chemicals
D67: Tip: You can add more rows to the table by right-clicking on the table and selecting "Insert > Table rows above/below".
D69: Product name | E69: Type (select) | F69: Number of head treated
D70: Cow bug off | E70: Parasite control for cattle (external), dipping | F70: 100
D71: Cow worm-away | E71: Parasite control for cattle (internal) | F71: 100
D72: Sheep bug off | E72: Parasite control for sheep (external) | F72: 100
D73: Sheep worm-away | E73: Parasite control for sheep (internal) | F73: 100
D74: Cow bug off | E74: Parasite control for cattle (external), dipping | F74: 100
D75: Cow worm-away | E75: Parasite control for cattle (internal) | F75: 100

Sheet Input - Fuel
A1: #VALUE! | C1: Input - Fuel
A3: =HYPERLINK("#'Home'!A1", "Home") -> Home
A4: =HYPERLINK("#'Overview'!A1", "Overview") -> Overview
A5: =HYPERLINK("#'Results'!A1", "Results") -> Results | D5: Fuel purchases and consumption
A7: INPUTS | D7: 💡 You can add more rows to the table by right-clicking on the table and selecting "Insert > Table rows above/below"
A8: =HYPERLINK("#'Input - Fuel'!A1", "Fuel") -> Fuel | D8: 💡 'Percent consumed" is 100% by default. If you purchased more fuel than was consumed you can edit this field.
A10: CALCULATIONS | D10: Fuel use (select) | E10: Fuel type (select) | F10: Amount purchased | G10: Amount unit | H10: Percent consumed | I10: Amount consumed
A11: =HYPERLINK("#'8.1.1.1-2 Transport fuel'!A1", "8.1.1.1-2 Transport fuel") -> 8.1.1.1-2 Transport fuel | D11: Cars and light commercial vehicles | E11: Petrol | F11: 1000 | G11: {=Common_InputFunctions.Utility_LookupValueInTable(Table_Input_Fuel[[#This Row],[Fuel type (select)]],Table_FuelTypes_Units[Fuel type], Table_FuelTypes_Units[Unit])} -> kL | H11: =1 -> 1 | I11: =Table_Input_Fuel[[#This Row],[Amount purchased]]*Table_Input_Fuel[[#This Row],[Percent consumed]]*10^-3 -> 1
A12: =HYPERLINK("#'8.2.1.1-2 Stationary fuel'!A1", "8.2.1.1-2 Stationary fuel") -> 8.2.1.1-2 Stationary fuel | D12: Cars and light commercial vehicles | E12: Petrol | F12: 1000 | G12: {=Common_InputFunctions.Utility_LookupValueInTable(Table_Input_Fuel[[#This Row],[Fuel type (select)]],Table_FuelTypes_Units[Fuel type], Table_FuelTypes_Units[Unit])} -> kL | H12: =1 -> 1 | I12: =Table_Input_Fuel[[#This Row],[Amount purchased]]*Table_Input_Fuel[[#This Row],[Percent consumed]]*10^-3 -> 1
A13: =HYPERLINK("#'8.X.1.1-2 General use fuel'!A1", "8.X.1.1-2 General use fuel") -> 8.X.1.1-2 General use fuel
A15: APPENDICES
A16: =HYPERLINK("#'Constants - Fuel'!A1", "Constants - Fuel") -> Constants - Fuel
A17: =HYPERLINK("#'Constants - Common'!A1", "Constants - Common") -> Constants - Common

Sheet Input - Electricity
A1: #VALUE! | C1: Input - Electricity
A3: =HYPERLINK("#'Home'!A1", "Home") -> Home
A4: =HYPERLINK("#'Overview'!A1", "Overview") -> Overview
A5: =HYPERLINK("#'Results'!A1", "Results") -> Results | D5: Option 1: Location-based electricity
A7: INPUTS | D7: State grid electricity purchases
A8: =HYPERLINK("#'Input - Electricity'!A1", "Electricity") -> Electricity
D9: 💡The grid you purchase electricity from is typically the same as the state and region the farm is in.
A10: CALCULATIONS
A11: =HYPERLINK("#'14.1.1-2 Purchased electricity'!A1", "14.1.1-2 Purchased electricity") -> 14.1.1-2 Purchased electricity | D11: Amount purchased in kWh | E11: 500 | F11: kWh
D12: State and region your farm is in | E12: =IF('Input - Site'!E21="Western Australia", 'Input - Site'!E22, 'Input - Site'!E21) -> ACT
A13: APPENDICES | D13: Grid where electricity purchased from | E13: Western Australia - South West Interconnected System (SWIS) | F13: ← Please select
A14: =HYPERLINK("#'Constants - Electricity'!A1", "Constants - Electricity") -> Constants - Electricity
A15: =HYPERLINK("#'Constants - Common'!A1", "Constants - Common") -> Constants - Common
D17: Option 2: Market-based electricity
E18: =IF(E12="ACT", "", "ALERT: Your farm is not in the ACT, so the JRPP is not applicable")
D19: Electricity purchased in kWh (excluding GreenPower providers) | E19: 30000 | F19: kWh
D20: Renewable Power Percentage | E20: 0.1 | F20: percent
D21: Jurisdictional renewable power percentage (ACT only) | E21: 0.1 | F21: percent
D23: Electricity purchased from an accredited GreenPower provider | E23: 10000 | F23: kWh
D25: Start of reporting year | E25: =TEXT('Input - Site'!$E$12, "dd mmm yyyy") -> 01 Jan 2024
D26: End of reporting year | E26: =TEXT('Input - Site'!$E$13, "dd mmm yyyy") -> 31 Dec 2024
D28: Voluntarily surrendered Renewable Energy Certificates (RECs)
D30: 💡 You can add more rows to the table by right-clicking on the table and selecting "Insert > Table rows above/below"
D32: Description | E32: Source (select) | F32: Generation date | G32: Number of certificates | H32: MWh | I32: Elegibility
D33: Dec 2023 certs | E33: Purchased certificate | F33: 44185 | G33: 12 | H33: =Table_Input_RECSurrendered[[#This Row],[Number of certificates]] -> 12 | I33: =IF(DATEDIF(Table_Input_RECSurrendered[[#This Row],[Generation date]],DATEVALUE($E$26),"M")>36,"Ineligible - older than 36 months","Elegible") -> Ineligible - older than 36 months
E34: Issued for generated electricity | F34: 44575 | G34: 5 | H34: =Table_Input_RECSurrendered[[#This Row],[Number of certificates]] -> 5 | I34: =IF(DATEDIF(Table_Input_RECSurrendered[[#This Row],[Generation date]],DATEVALUE($E$26),"M")>36,"Ineligible - older than 36 months","Elegible") -> Elegible
E35: Purchased certificate | F35: 45438 | G35: 5 | H35: =Table_Input_RECSurrendered[[#This Row],[Number of certificates]] -> 5 | I35: =IF(DATEDIF(Table_Input_RECSurrendered[[#This Row],[Generation date]],DATEVALUE($E$26),"M")>36,"Ineligible - older than 36 months","Elegible") -> Elegible
D37: Total elegible voluntarily surrendered RECs | E37: =SUMIF(Table_Input_RECSurrendered[Elegibility], "Elegible", Table_Input_RECSurrendered[MWh]) -> 10 | F37: MWh
D39: Renewable Energy Certificates (RECs) for electricity produced on-site and consumed by the entity
D41: Description | E41: Source | F41: Generation date | G41: Number of certificates | H41: MWh | I41: Elegibility
D42: May 2022 generated | E42: ="Issued for generated electricity" -> Issued for generated electricity | F42: 44697 | G42: 10 | H42: =Table_Input_RECConsumedByEntity[[#This Row],[Number of certificates]] -> 10 | I42: =IF(AND(Table_Input_RECConsumedByEntity[[#This Row],[Generation date]]>=DATEVALUE($E$25), Table_Input_RECConsumedByEntity[[#This Row],[Generation date]]<= DATEVALUE($E$26)), "Elegible", "Ineligible - outside reporting year") -> Ineligible - outside reporting year
E43: ="Issued for generated electricity" -> Issued for generated electricity | F43: 45483 | G43: 4 | H43: =Table_Input_RECConsumedByEntity[[#This Row],[Number of certificates]] -> 4 | I43: =IF(AND(Table_Input_RECConsumedByEntity[[#This Row],[Generation date]]>=DATEVALUE($E$25), Table_Input_RECConsumedByEntity[[#This Row],[Generation date]]<= DATEVALUE($E$26)), "Elegible", "Ineligible - outside reporting year") -> Elegible
E44: ="Issued for generated electricity" -> Issued for generated electricity | F44: 45607 | G44: 7 | H44: =Table_Input_RECConsumedByEntity[[#This Row],[Number of certificates]] -> 7 | I44: =IF(AND(Table_Input_RECConsumedByEntity[[#This Row],[Generation date]]>=DATEVALUE($E$25), Table_Input_RECConsumedByEntity[[#This Row],[Generation date]]<= DATEVALUE($E$26)), "Elegible", "Ineligible - outside reporting year") -> Elegible
D46: Total elegible RECs for electricity produced on-site and consumed by entity | E46: =SUMIF(Table_Input_RECConsumedByEntity[Elegibility], "Elegible", Table_Input_RECConsumedByEntity[Number of certificates]) -> 11 | F46: MWh

Sheet Input - Livestock

Sheet Constants - Scope 3
D32: Animals
D33: Category | E33: Product | F33: Region of origin | G33: Quantity Unit | H33: AusLCI Emissions intensity | I33: System boundary
D34: {=Common_InputFunctions.Utility_DisplayArrayInTable(Scope3_SourceData.Scope3_Livestock_Data(), Table_SourceData_Scope3_Animals[[#Headers],[Category]], 0, 2)} -> Beef cattle | E34: {=Common_InputFunctions.Utility_DisplayArrayInTable(Scope3_SourceData.Scope3_Livestock_Data(), Table_SourceData_Scope3_Animals[[#Headers],[Category]], 0, 2)} -> Cattle, for manufacturing beef | F34: {=Common_InputFunctions.Utility_DisplayArrayInTable(Scope3_SourceData.Scope3_Livestock_Data(), Table_SourceData_Scope3_Animals[[#Headers],[Category]], 0, 2)} -> Australia | G34: {=Common_InputFunctions.Utility_DisplayArrayInTable(Scope3_SourceData.Scope3_Livestock_Data(), Table_SourceData_Scope3_Animals[[#Headers],[Category]], 0, 2)} -> kg liveweight | H34: {=Common_InputFunctions.Utility_DisplayArrayInTable(Scope3_SourceData.Scope3_Livestock_Data(), Table_SourceData_Scope3_Animals[[#Headers],[Category]], 0, 2)} -> 11 | I34: {=Common_InputFunctions.Utility_DisplayArrayInTable(Scope3_SourceData.Scope3_Livestock_Data(), Table_SourceData_Scope3_Animals[[#Headers],[Category]], 0, 2)} -> at market
D35: {=Common_InputFunctions.Utility_DisplayArrayInTable(Scope3_SourceData.Scope3_Livestock_Data(), Table_SourceData_Scope3_Animals[[#Headers],[Category]], 0, 2)} -> Beef cattle | E35: {=Common_InputFunctions.Utility_DisplayArrayInTable(Scope3_SourceData.Scope3_Livestock_Data(), Table_SourceData_Scope3_Animals[[#Headers],[Category]], 0, 2)} -> Cattle, for manufacturing beef | F35: {=Common_InputFunctions.Utility_DisplayArrayInTable(Scope3_SourceData.Scope3_Livestock_Data(), Table_SourceData_Scope3_Animals[[#Headers],[Category]], 0, 2)} -> NSW | G35: {=Common_InputFunctions.Utility_DisplayArrayInTable(Scope3_SourceData.Scope3_Livestock_Data(), Table_SourceData_Scope3_Animals[[#Headers],[Category]], 0, 2)} -> kg liveweight | H35: {=Common_InputFunctions.Utility_DisplayArrayInTable(Scope3_SourceData.Scope3_Livestock_Data(), Table_SourceData_Scope3_Animals[[#Headers],[Category]], 0, 2)} -> 8.21 | I35: {=Common_InputFunctions.Utility_DisplayArrayInTable(Scope3_SourceData.Scope3_Livestock_Data(), Table_SourceData_Scope3_Animals[[#Headers],[Category]], 0, 2)} -> at market
D36: {=Common_InputFunctions.Utility_DisplayArrayInTable(Scope3_SourceData.Scope3_Livestock_Data(), Table_SourceData_Scope3_Animals[[#Headers],[Category]], 0, 2)} -> Beef cattle | E36: {=Common_InputFunctions.Utility_DisplayArrayInTable(Scope3_SourceData.Scope3_Livestock_Data(), Table_SourceData_Scope3_Animals[[#Headers],[Category]], 0, 2)} -> Cattle, for manufacturing beef | F36: {=Common_InputFunctions.Utility_DisplayArrayInTable(Scope3_SourceData.Scope3_Livestock_Data(), Table_SourceData_Scope3_Animals[[#Headers],[Category]], 0, 2)} -> NT | G36: {=Common_InputFunctions.Utility_DisplayArrayInTable(Scope3_SourceData.Scope3_Livestock_Data(), Table_SourceData_Scope3_Animals[[#Headers],[Category]], 0, 2)} -> kg liveweight | H36: {=Common_InputFunctions.Utility_DisplayArrayInTable(Scope3_SourceData.Scope3_Livestock_Data(), Table_SourceData_Scope3_Animals[[#Headers],[Category]], 0, 2)} -> 12.2 | I36: {=Common_InputFunctions.Utility_DisplayArrayInTable(Scope3_SourceData.Scope3_Livestock_Data(), Table_SourceData_Scope3_Animals[[#Headers],[Category]], 0, 2)} -> at market
D37: {=Common_InputFunctions.Utility_DisplayArrayInTable(Scope3_SourceData.Scope3_Livestock_Data(), Table_SourceData_Scope3_Animals[[#Headers],[Category]], 0, 2)} -> Beef cattle | E37: {=Common_InputFunctions.Utility_DisplayArrayInTable(Scope3_SourceData.Scope3_Livestock_Data(), Table_SourceData_Scope3_Animals[[#Headers],[Category]], 0, 2)} -> Cattle, for manufacturing beef | F37: {=Common_InputFunctions.Utility_DisplayArrayInTable(Scope3_SourceData.Scope3_Livestock_Data(), Table_SourceData_Scope3_Animals[[#Headers],[Category]], 0, 2)} -> QLD | G37: {=Common_InputFunctions.Utility_DisplayArrayInTable(Scope3_SourceData.Scope3_Livestock_Data(), Table_SourceData_Scope3_Animals[[#Headers],[Category]], 0, 2)} -> kg liveweight | H37: {=Common_InputFunctions.Utility_DisplayArrayInTable(Scope3_SourceData.Scope3_Livestock_Data(), Table_SourceData_Scope3_Animals[[#Headers],[Category]], 0, 2)} -> 10.9 | I37: {=Common_InputFunctions.Utility_DisplayArrayInTable(Scope3_SourceData.Scope3_Livestock_Data(), Table_SourceData_Scope3_Animals[[#Headers],[Category]], 0, 2)} -> at market
D38: {=Common_InputFunctions.Utility_DisplayArrayInTable(Scope3_SourceData.Scope3_Livestock_Data(), Table_SourceData_Scope3_Animals[[#Headers],[Category]], 0, 2)} -> Beef cattle | E38: {=Common_InputFunctions.Utility_DisplayArrayInTable(Scope3_SourceData.Scope3_Livestock_Data(), Table_SourceData_Scope3_Animals[[#Headers],[Category]], 0, 2)} -> Cattle, for manufacturing beef | F38: {=Common_InputFunctions.Utility_DisplayArrayInTable(Scope3_SourceData.Scope3_Livestock_Data(), Table_SourceData_Scope3_Animals[[#Headers],[Category]], 0, 2)} -> SA | G38: {=Common_InputFunctions.Utility_DisplayArrayInTable(Scope3_SourceData.Scope3_Livestock_Data(), Table_SourceData_Scope3_Animals[[#Headers],[Category]], 0, 2)} -> kg liveweight | H38: {=Common_InputFunctions.Utility_DisplayArrayInTable(Scope3_SourceData.Scope3_Livestock_Data(), Table_SourceData_Scope3_Animals[[#Headers],[Category]], 0, 2)} -> 7.63 | I38: {=Common_InputFunctions.Utility_DisplayArrayInTable(Scope3_SourceData.Scope3_Livestock_Data(), Table_SourceData_Scope3_Animals[[#Headers],[Category]], 0, 2)} -> at market
D39: {=Common_InputFunctions.Utility_DisplayArrayInTable(Scope3_SourceData.Scope3_Livestock_Data(), Table_SourceData_Scope3_Animals[[#Headers],[Category]], 0, 2)} -> Beef cattle | E39: {=Common_InputFunctions.Utility_DisplayArrayInTable(Scope3_SourceData.Scope3_Livestock_Data(), Table_SourceData_Scope3_Animals[[#Headers],[Category]], 0, 2)} -> Cattle, for manufacturing beef | F39: {=Common_InputFunctions.Utility_DisplayArrayInTable(Scope3_SourceData.Scope3_Livestock_Data(), Table_SourceData_Scope3_Animals[[#Headers],[Category]], 0, 2)} -> TAS | G39: {=Common_InputFunctions.Utility_DisplayArrayInTable(Scope3_SourceData.Scope3_Livestock_Data(), Table_SourceData_Scope3_Animals[[#Headers],[Category]], 0, 2)} -> kg liveweight | H39: {=Common_InputFunctions.Utility_DisplayArrayInTable(Scope3_SourceData.Scope3_Livestock_Data(), Table_SourceData_Scope3_Animals[[#Headers],[Category]], 0, 2)} -> 8.75 | I39: {=Common_InputFunctions.Utility_DisplayArrayInTable(Scope3_SourceData.Scope3_Livestock_Data(), Table_SourceData_Scope3_Animals[[#Headers],[Category]], 0, 2)} -> at market
D40: {=Common_InputFunctions.Utility_DisplayArrayInTable(Scope3_SourceData.Scope3_Livestock_Data(), Table_SourceData_Scope3_Animals[[#Headers],[Category]], 0, 2)} -> Beef cattle | E40: {=Common_InputFunctions.Utility_DisplayArrayInTable(Scope3_SourceData.Scope3_Livestock_Data(), Table_SourceData_Scope3_Animals[[#Headers],[Category]], 0, 2)} -> Cattle, for manufacturing beef | F40: {=Common_InputFunctions.Utility_DisplayArrayInTable(Scope3_SourceData.Scope3_Livestock_Data(), Table_SourceData_Scope3_Animals[[#Headers],[Category]], 0, 2)} -> VIC | G40: {=Common_InputFunctions.Utility_DisplayArrayInTable(Scope3_SourceData.Scope3_Livestock_Data(), Table_SourceData_Scope3_Animals[[#Headers],[Category]], 0, 2)} -> kg liveweight | H40: {=Common_InputFunctions.Utility_DisplayArrayInTable(Scope3_SourceData.Scope3_Livestock_Data(), Table_SourceData_Scope3_Animals[[#Headers],[Category]], 0, 2)} -> 8.17 | I40: {=Common_InputFunctions.Utility_DisplayArrayInTable(Scope3_SourceData.Scope3_Livestock_Data(), Table_SourceData_Scope3_Animals[[#Headers],[Category]], 0, 2)} -> at market
D41: {=Common_InputFunctions.Utility_DisplayArrayInTable(Scope3_SourceData.Scope3_Livestock_Data(), Table_SourceData_Scope3_Animals[[#Headers],[Category]], 0, 2)} -> Beef cattle | E41: {=Common_InputFunctions.Utility_DisplayArrayInTable(Scope3_SourceData.Scope3_Livestock_Data(), Table_SourceData_Scope3_Animals[[#Headers],[Category]], 0, 2)} -> Cattle, for manufacturing beef | F41: {=Common_InputFunctions.Utility_DisplayArrayInTable(Scope3_SourceData.Scope3_Livestock_Data(), Table_SourceData_Scope3_Animals[[#Headers],[Category]], 0, 2)} -> WA | G41: {=Common_InputFunctions.Utility_DisplayArrayInTable(Scope3_SourceData.Scope3_Livestock_Data(), Table_SourceData_Scope3_Animals[[#Headers],[Category]], 0, 2)} -> kg liveweight | H41: {=Common_InputFunctions.Utility_DisplayArrayInTable(Scope3_SourceData.Scope3_Livestock_Data(), Table_SourceData_Scope3_Animals[[#Headers],[Category]], 0, 2)} -> 13.1 | I41: {=Common_InputFunctions.Utility_DisplayArrayInTable(Scope3_SourceData.Scope3_Livestock_Data(), Table_SourceData_Scope3_Animals[[#Headers],[Category]], 0, 2)} -> at market
D42: {=Common_InputFunctions.Utility_DisplayArrayInTable(Scope3_SourceData.Scope3_Livestock_Data(), Table_SourceData_Scope3_Animals[[#Headers],[Category]], 0, 2)} -> Beef cattle | E42: {=Common_InputFunctions.Utility_DisplayArrayInTable(Scope3_SourceData.Scope3_Livestock_Data(), Table_SourceData_Scope3_Animals[[#Headers],[Category]], 0, 2)} -> Cattle, for prime beef | F42: {=Common_InputFunctions.Utility_DisplayArrayInTable(Scope3_SourceData.Scope3_Livestock_Data(), Table_SourceData_Scope3_Animals[[#Headers],[Category]], 0, 2)} -> Australia | G42: {=Common_InputFunctions.Utility_DisplayArrayInTable(Scope3_SourceData.Scope3_Livestock_Data(), Table_SourceData_Scope3_Animals[[#Headers],[Category]], 0, 2)} -> kg liveweight | H42: {=Common_InputFunctions.Utility_DisplayArrayInTable(Scope3_SourceData.Scope3_Livestock_Data(), Table_SourceData_Scope3_Animals[[#Headers],[Category]], 0, 2)} -> 14.5 | I42: {=Common_InputFunctions.Utility_DisplayArrayInTable(Scope3_SourceData.Scope3_Livestock_Data(), Table_SourceData_Scope3_Animals[[#Headers],[Category]], 0, 2)} -> at market
D43: {=Common_InputFunctions.Utility_DisplayArrayInTable(Scope3_SourceData.Scope3_Livestock_Data(), Table_SourceData_Scope3_Animals[[#Headers],[Category]], 0, 2)} -> Beef cattle | E43: {=Common_InputFunctions.Utility_DisplayArrayInTable(Scope3_SourceData.Scope3_Livestock_Data(), Table_SourceData_Scope3_Animals[[#Headers],[Category]], 0, 2)} -> Cattle, for prime beef | F43: {=Common_InputFunctions.Utility_DisplayArrayInTable(Scope3_SourceData.Scope3_Livestock_Data(), Table_SourceData_Scope3_Animals[[#Headers],[Category]], 0, 2)} -> NSW | G43: {=Common_InputFunctions.Utility_DisplayArrayInTable(Scope3_SourceData.Scope3_Livestock_Data(), Table_SourceData_Scope3_Animals[[#Headers],[Category]], 0, 2)} -> kg liveweight | H43: {=Common_InputFunctions.Utility_DisplayArrayInTable(Scope3_SourceData.Scope3_Livestock_Data(), Table_SourceData_Scope3_Animals[[#Headers],[Category]], 0, 2)} -> 11.3 | I43: {=Common_InputFunctions.Utility_DisplayArrayInTable(Scope3_SourceData.Scope3_Livestock_Data(), Table_SourceData_Scope3_Animals[[#Headers],[Category]], 0, 2)} -> at market
D44: {=Common_InputFunctions.Utility_DisplayArrayInTable(Scope3_SourceData.Scope3_Livestock_Data(), Table_SourceData_Scope3_Animals[[#Headers],[Category]], 0, 2)} -> Beef cattle | E44: {=Common_InputFunctions.Utility_DisplayArrayInTable(Scope3_SourceData.Scope3_Livestock_Data(), Table_SourceData_Scope3_Animals[[#Headers],[Category]], 0, 2)} -> Cattle, for prime beef | F44: {=Common_InputFunctions.Utility_DisplayArrayInTable(Scope3_SourceData.Scope3_Livestock_Data(), Table_SourceData_Scope3_Animals[[#Headers],[Category]], 0, 2)} -> NT | G44: {=Common_InputFunctions.Utility_DisplayArrayInTable(Scope3_SourceData.Scope3_Livestock_Data(), Table_SourceData_Scope3_Animals[[#Headers],[Category]], 0, 2)} -> kg liveweight | H44: {=Common_InputFunctions.Utility_DisplayArrayInTable(Scope3_SourceData.Scope3_Livestock_Data(), Table_SourceData_Scope3_Animals[[#Headers],[Category]], 0, 2)} -> 18.9 | I44: {=Common_InputFunctions.Utility_DisplayArrayInTable(Scope3_SourceData.Scope3_Livestock_Data(), Table_SourceData_Scope3_Animals[[#Headers],[Category]], 0, 2)} -> at market
D45: {=Common_InputFunctions.Utility_DisplayArrayInTable(Scope3_SourceData.Scope3_Livestock_Data(), Table_SourceData_Scope3_Animals[[#Headers],[Category]], 0, 2)} -> Beef cattle | E45: {=Common_InputFunctions.Utility_DisplayArrayInTable(Scope3_SourceData.Scope3_Livestock_Data(), Table_SourceData_Scope3_Animals[[#Headers],[Category]], 0, 2)} -> Cattle, for prime beef | F45: {=Common_InputFunctions.Utility_DisplayArrayInTable(Scope3_SourceData.Scope3_Livestock_Data(), Table_SourceData_Scope3_Animals[[#Headers],[Category]], 0, 2)} -> QLD | G45: {=Common_InputFunctions.Utility_DisplayArrayInTable(Scope3_SourceData.Scope3_Livestock_Data(), Table_SourceData_Scope3_Animals[[#Headers],[Category]], 0, 2)} -> kg liveweight | H45: {=Common_InputFunctions.Utility_DisplayArrayInTable(Scope3_SourceData.Scope3_Livestock_Data(), Table_SourceData_Scope3_Animals[[#Headers],[Category]], 0, 2)} -> 13.9 | I45: {=Common_InputFunctions.Utility_DisplayArrayInTable(Scope3_SourceData.Scope3_Livestock_Data(), Table_SourceData_Scope3_Animals[[#Headers],[Category]], 0, 2)} -> at market
... D74: {=Common_InputFunctions.Utility_DisplayArrayInTable(Scope3_SourceData.Scope3_Livestock_Data(), Table_SourceData_Scope3_Animals[[#Headers],[Category]], 0, 2)} -> Sheep | E74: {=Common_InputFunctions.Utility_DisplayArrayInTable(Scope3_SourceData.Scope3_Livestock_Data(), Table_SourceData_Scope3_Animals[[#Headers],[Category]], 0, 2)} -> Sheep, for prime lamb | F74: {=Common_InputFunctions.Utility_DisplayArrayInTable(Scope3_SourceData.Scope3_Livestock_Data(), Table_SourceData_Scope3_Animals[[#Headers],[Category]], 0, 2)} -> WA | G74: {=Common_InputFunctions.Utility_DisplayArrayInTable(Scope3_SourceData.Scope3_Livestock_Data(), Table_SourceData_Scope3_Animals[[#Headers],[Category]], 0, 2)} -> kg liveweight | H74: {=Common_InputFunctions.Utility_DisplayArrayInTable(Scope3_SourceData.Scope3_Livestock_Data(), Table_SourceData_Scope3_Animals[[#Headers],[Category]], 0, 2)} -> 5.67 | I74: {=Common_InputFunctions.Utility_DisplayArrayInTable(Scope3_SourceData.Scope3_Livestock_Data(), Table_SourceData_Scope3_Animals[[#Headers],[Category]], 0, 2)} -> at market
D76: Chemicals
D77: Category | E77: Product | F77: Region of origin | G77: Quantity Unit | H77: AusLCI Emissions intensity | I77: System boundary
D78: {=Common_InputFunctions.Utility_DisplayArrayInTable(Scope3_SourceData.Scope3_Chemicals_Data(), Table_SourceData_Scope3_ChemicalsCleaning[[#Headers],[Category]], 0, 2)} -> Cleaning chemicals | E78: {=Common_InputFunctions.Utility_DisplayArrayInTable(Scope3_SourceData.Scope3_Chemicals_Data(), Table_SourceData_Scope3_ChemicalsCleaning[[#Headers],[Category]], 0, 2)} -> Alkaline cleaner | F78: {=Common_InputFunctions.Utility_DisplayArrayInTable(Scope3_SourceData.Scope3_Chemicals_Data(), Table_SourceData_Scope3_ChemicalsCleaning[[#Headers],[Category]], 0, 2)} -> Global | G78: {=Common_InputFunctions.Utility_DisplayArrayInTable(Scope3_SourceData.Scope3_Chemicals_Data(), Table_SourceData_Scope3_ChemicalsCleaning[[#Headers],[Category]], 0, 2)} -> kg | H78: {=Common_InputFunctions.Utility_DisplayArrayInTable(Scope3_SourceData.Scope3_Chemicals_Data(), Table_SourceData_Scope3_ChemicalsCleaning[[#Headers],[Category]], 0, 2)} -> 0.722 | I78: {=Common_InputFunctions.Utility_DisplayArrayInTable(Scope3_SourceData.Scope3_Chemicals_Data(), Table_SourceData_Scope3_ChemicalsCleaning[[#Headers],[Category]], 0, 2)} -> at manufacturer
D79: {=Common_InputFunctions.Utility_DisplayArrayInTable(Scope3_SourceData.Scope3_Chemicals_Data(), Table_SourceData_Scope3_ChemicalsCleaning[[#Headers],[Category]], 0, 2)} -> Cleaning chemicals | E79: {=Common_InputFunctions.Utility_DisplayArrayInTable(Scope3_SourceData.Scope3_Chemicals_Data(), Table_SourceData_Scope3_ChemicalsCleaning[[#Headers],[Category]], 0, 2)} -> Bleach | F79: {=Common_InputFunctions.Utility_DisplayArrayInTable(Scope3_SourceData.Scope3_Chemicals_Data(), Table_SourceData_Scope3_ChemicalsCleaning[[#Headers],[Category]], 0, 2)} -> Global | G79: {=Common_InputFunctions.Utility_DisplayArrayInTable(Scope3_SourceData.Scope3_Chemicals_Data(), Table_SourceData_Scope3_ChemicalsCleaning[[#Headers],[Category]], 0, 2)} -> kg | H79: {=Common_InputFunctions.Utility_DisplayArrayInTable(Scope3_SourceData.Scope3_Chemicals_Data(), Table_SourceData_Scope3_ChemicalsCleaning[[#Headers],[Category]], 0, 2)} -> 0.804 | I79: {=Common_InputFunctions.Utility_DisplayArrayInTable(Scope3_SourceData.Scope3_Chemicals_Data(), Table_SourceData_Scope3_ChemicalsCleaning[[#Headers],[Category]], 0, 2)} -> at manufacturer
D80: {=Common_InputFunctions.Utility_DisplayArrayInTable(Scope3_SourceData.Scope3_Chemicals_Data(), Table_SourceData_Scope3_ChemicalsCleaning[[#Headers],[Category]], 0, 2)} -> Cleaning chemicals | E80: {=Common_InputFunctions.Utility_DisplayArrayInTable(Scope3_SourceData.Scope3_Chemicals_Data(), Table_SourceData_Scope3_ChemicalsCleaning[[#Headers],[Category]], 0, 2)} -> Phosphoric acid | F80: {=Common_InputFunctions.Utility_DisplayArrayInTable(Scope3_SourceData.Scope3_Chemicals_Data(), Table_SourceData_Scope3_ChemicalsCleaning[[#Headers],[Category]], 0, 2)} -> Global | G80: {=Common_InputFunctions.Utility_DisplayArrayInTable(Scope3_SourceData.Scope3_Chemicals_Data(), Table_SourceData_Scope3_ChemicalsCleaning[[#Headers],[Category]], 0, 2)} -> kg | H80: {=Common_InputFunctions.Utility_DisplayArrayInTable(Scope3_SourceData.Scope3_Chemicals_Data(), Table_SourceData_Scope3_ChemicalsCleaning[[#Headers],[Category]], 0, 2)} -> 0.907 | I80: {=Common_InputFunctions.Utility_DisplayArrayInTable(Scope3_SourceData.Scope3_Chemicals_Data(), Table_SourceData_Scope3_ChemicalsCleaning[[#Headers],[Category]], 0, 2)} -> at manufacturer
D82: Category | E82: Product | F82: Region of origin | G82: Quantity Unit | H82: AusLCI Emissions intensity | I82: System boundary
D83: {=Common_InputFunctions.Utility_DisplayArrayInTable(Scope3_SourceData.Scope3_Chemicals_Data(), Table_SourceData_Scope3_ChemicalsPharmacy[[#Headers],[Category]], -3, 2)} -> Pharmacy chemicals | E83: {=Common_InputFunctions.Utility_DisplayArrayInTable(Scope3_SourceData.Scope3_Chemicals_Data(), Table_SourceData_Scope3_ChemicalsPharmacy[[#Headers],[Category]], -3, 2)} -> Parasite control for cattle (external), dipping | F83: {=Common_InputFunctions.Utility_DisplayArrayInTable(Scope3_SourceData.Scope3_Chemicals_Data(), Table_SourceData_Scope3_ChemicalsPharmacy[[#Headers],[Category]], -3, 2)} -> Global | G83: {=Common_InputFunctions.Utility_DisplayArrayInTable(Scope3_SourceData.Scope3_Chemicals_Data(), Table_SourceData_Scope3_ChemicalsPharmacy[[#Headers],[Category]], -3, 2)} -> p (head) | H83: {=Common_InputFunctions.Utility_DisplayArrayInTable(Scope3_SourceData.Scope3_Chemicals_Data(), Table_SourceData_Scope3_ChemicalsPharmacy[[#Headers],[Category]], -3, 2)} -> 0.0547 | I83: {=Common_InputFunctions.Utility_DisplayArrayInTable(Scope3_SourceData.Scope3_Chemicals_Data(), Table_SourceData_Scope3_ChemicalsPharmacy[[#Headers],[Category]], -3, 2)} -> at manufacturer
D84: {=Common_InputFunctions.Utility_DisplayArrayInTable(Scope3_SourceData.Scope3_Chemicals_Data(), Table_SourceData_Scope3_ChemicalsPharmacy[[#Headers],[Category]], -3, 2)} -> Pharmacy chemicals | E84: {=Common_InputFunctions.Utility_DisplayArrayInTable(Scope3_SourceData.Scope3_Chemicals_Data(), Table_SourceData_Scope3_ChemicalsPharmacy[[#Headers],[Category]], -3, 2)} -> Parasite control for cattle (internal) | F84: {=Common_InputFunctions.Utility_DisplayArrayInTable(Scope3_SourceData.Scope3_Chemicals_Data(), Table_SourceData_Scope3_ChemicalsPharmacy[[#Headers],[Category]], -3, 2)} -> Global | G84: {=Common_InputFunctions.Utility_DisplayArrayInTable(Scope3_SourceData.Scope3_Chemicals_Data(), Table_SourceData_Scope3_ChemicalsPharmacy[[#Headers],[Category]], -3, 2)} -> p (head) | H84: {=Common_InputFunctions.Utility_DisplayArrayInTable(Scope3_SourceData.Scope3_Chemicals_Data(), Table_SourceData_Scope3_ChemicalsPharmacy[[#Headers],[Category]], -3, 2)} -> 0.0142 | I84: {=Common_InputFunctions.Utility_DisplayArrayInTable(Scope3_SourceData.Scope3_Chemicals_Data(), Table_SourceData_Scope3_ChemicalsPharmacy[[#Headers],[Category]], -3, 2)} -> at manufacturer
D85: {=Common_InputFunctions.Utility_DisplayArrayInTable(Scope3_SourceData.Scope3_Chemicals_Data(), Table_SourceData_Scope3_ChemicalsPharmacy[[#Headers],[Category]], -3, 2)} -> Pharmacy chemicals | E85: {=Common_InputFunctions.Utility_DisplayArrayInTable(Scope3_SourceData.Scope3_Chemicals_Data(), Table_SourceData_Scope3_ChemicalsPharmacy[[#Headers],[Category]], -3, 2)} -> Parasite control for sheep (external) | F85: {=Common_InputFunctions.Utility_DisplayArrayInTable(Scope3_SourceData.Scope3_Chemicals_Data(), Table_SourceData_Scope3_ChemicalsPharmacy[[#Headers],[Category]], -3, 2)} -> Global | G85: {=Common_InputFunctions.Utility_DisplayArrayInTable(Scope3_SourceData.Scope3_Chemicals_Data(), Table_SourceData_Scope3_ChemicalsPharmacy[[#Headers],[Category]], -3, 2)} -> p (head) | H85: {=Common_InputFunctions.Utility_DisplayArrayInTable(Scope3_SourceData.Scope3_Chemicals_Data(), Table_SourceData_Scope3_ChemicalsPharmacy[[#Headers],[Category]], -3, 2)} -> 0.0143 | I85: {=Common_InputFunctions.Utility_DisplayArrayInTable(Scope3_SourceData.Scope3_Chemicals_Data(), Table_SourceData_Scope3_ChemicalsPharmacy[[#Headers],[Category]], -3, 2)} -> at manufacturer
D86: {=Common_InputFunctions.Utility_DisplayArrayInTable(Scope3_SourceData.Scope3_Chemicals_Data(), Table_SourceData_Scope3_ChemicalsPharmacy[[#Headers],[Category]], -3, 2)} -> Pharmacy chemicals | E86: {=Common_InputFunctions.Utility_DisplayArrayInTable(Scope3_SourceData.Scope3_Chemicals_Data(), Table_SourceData_Scope3_ChemicalsPharmacy[[#Headers],[Category]], -3, 2)} -> Parasite control for sheep (internal) | F86: {=Common_InputFunctions.Utility_DisplayArrayInTable(Scope3_SourceData.Scope3_Chemicals_Data(), Table_SourceData_Scope3_ChemicalsPharmacy[[#Headers],[Category]], -3, 2)} -> Global | G86: {=Common_InputFunctions.Utility_DisplayArrayInTable(Scope3_SourceData.Scope3_Chemicals_Data(), Table_SourceData_Scope3_ChemicalsPharmacy[[#Headers],[Category]], -3, 2)} -> p (head) | H86: {=Common_InputFunctions.Utility_DisplayArrayInTable(Scope3_SourceData.Scope3_Chemicals_Data(), Table_SourceData_Scope3_ChemicalsPharmacy[[#Headers],[Category]], -3, 2)} -> 0.00426 | I86: {=Common_InputFunctions.Utility_DisplayArrayInTable(Scope3_SourceData.Scope3_Chemicals_Data(), Table_SourceData_Scope3_ChemicalsPharmacy[[#Headers],[Category]], -3, 2)} -> at manufacturer
D88: Feed
D89: Category | E89: Product | F89: Region of origin | G89: Quantity Unit | H89: AusLCI Emissions intensity | I89: System boundary | K89: Product | L89: Region | M89: ="Table_ProductRegions_" & SUBSTITUTE(SUBSTITUTE(SUBSTITUTE(SUBSTITUTE(K90, " ", ""), ",", ""), "(", ""), ")", "") -> Table_ProductRegions_Sardineswhole
D90: {=Common_InputFunctions.Utility_DisplayArrayInTable(Scope3_SourceData.Scope3_Feed_Data(), Table_SourceData_Scope3_Feed[[#Headers],[Category]], 0, 2)} -> Aquaculture feed | E90: {=Common_InputFunctions.Utility_DisplayArrayInTable(Scope3_SourceData.Scope3_Feed_Data(), Table_SourceData_Scope3_Feed[[#Headers],[Category]], 0, 2)} -> Sardines (whole) | F90: {=Common_InputFunctions.Utility_DisplayArrayInTable(Scope3_SourceData.Scope3_Feed_Data(), Table_SourceData_Scope3_Feed[[#Headers],[Category]], 0, 2)} -> SA | G90: {=Common_InputFunctions.Utility_DisplayArrayInTable(Scope3_SourceData.Scope3_Feed_Data(), Table_SourceData_Scope3_Feed[[#Headers],[Category]], 0, 2)} -> kg | H90: {=Common_InputFunctions.Utility_DisplayArrayInTable(Scope3_SourceData.Scope3_Feed_Data(), Table_SourceData_Scope3_Feed[[#Headers],[Category]], 0, 2)} -> 0.376 | I90: {=Common_InputFunctions.Utility_DisplayArrayInTable(Scope3_SourceData.Scope3_Feed_Data(), Table_SourceData_Scope3_Feed[[#Headers],[Category]], 0, 2)} -> at market | K90: =Table_SourceData_Scope3_Feed[[#This Row],[Product]] -> Sardines (whole) | L90: =Table_SourceData_Scope3_Feed[[#This Row],[Region of origin]] -> SA | N90: Product | O90: Region | P90: ="Table_ProductRegions_" & SUBSTITUTE(SUBSTITUTE(SUBSTITUTE(SUBSTITUTE(N91, " ", ""), ",", ""), "(", ""), ")", "") -> Table_ProductRegions_Barleygrain
D91: {=Common_InputFunctions.Utility_DisplayArrayInTable(Scope3_SourceData.Scope3_Feed_Data(), Table_SourceData_Scope3_Feed[[#Headers],[Category]], 0, 2)} -> Grain | E91: {=Common_InputFunctions.Utility_DisplayArrayInTable(Scope3_SourceData.Scope3_Feed_Data(), Table_SourceData_Scope3_Feed[[#Headers],[Category]], 0, 2)} -> Barley grain | F91: {=Common_InputFunctions.Utility_DisplayArrayInTable(Scope3_SourceData.Scope3_Feed_Data(), Table_SourceData_Scope3_Feed[[#Headers],[Category]], 0, 2)} -> Australia | G91: {=Common_InputFunctions.Utility_DisplayArrayInTable(Scope3_SourceData.Scope3_Feed_Data(), Table_SourceData_Scope3_Feed[[#Headers],[Category]], 0, 2)} -> kg | H91: {=Common_InputFunctions.Utility_DisplayArrayInTable(Scope3_SourceData.Scope3_Feed_Data(), Table_SourceData_Scope3_Feed[[#Headers],[Category]], 0, 2)} -> 0.239 | I91: {=Common_InputFunctions.Utility_DisplayArrayInTable(Scope3_SourceData.Scope3_Feed_Data(), Table_SourceData_Scope3_Feed[[#Headers],[Category]], 0, 2)} -> at market | N91: =Table_SourceData_Scope3_Feed[[#This Row],[Product]] -> Barley grain | O91: =Table_SourceData_Scope3_Feed[[#This Row],[Region of origin]] -> Australia
D92: {=Common_InputFunctions.Utility_DisplayArrayInTable(Scope3_SourceData.Scope3_Feed_Data(), Table_SourceData_Scope3_Feed[[#Headers],[Category]], 0, 2)} -> Grain | E92: {=Common_InputFunctions.Utility_DisplayArrayInTable(Scope3_SourceData.Scope3_Feed_Data(), Table_SourceData_Scope3_Feed[[#Headers],[Category]], 0, 2)} -> Barley grain | F92: {=Common_InputFunctions.Utility_DisplayArrayInTable(Scope3_SourceData.Scope3_Feed_Data(), Table_SourceData_Scope3_Feed[[#Headers],[Category]], 0, 2)} -> NSW | G92: {=Common_InputFunctions.Utility_DisplayArrayInTable(Scope3_SourceData.Scope3_Feed_Data(), Table_SourceData_Scope3_Feed[[#Headers],[Category]], 0, 2)} -> kg | H92: {=Common_InputFunctions.Utility_DisplayArrayInTable(Scope3_SourceData.Scope3_Feed_Data(), Table_SourceData_Scope3_Feed[[#Headers],[Category]], 0, 2)} -> 0.256 | I92: {=Common_InputFunctions.Utility_DisplayArrayInTable(Scope3_SourceData.Scope3_Feed_Data(), Table_SourceData_Scope3_Feed[[#Headers],[Category]], 0, 2)} -> at market | N92: =Table_SourceData_Scope3_Feed[[#This Row],[Product]] -> Barley grain | O92: =Table_SourceData_Scope3_Feed[[#This Row],[Region of origin]] -> NSW
D93: {=Common_InputFunctions.Utility_DisplayArrayInTable(Scope3_SourceData.Scope3_Feed_Data(), Table_SourceData_Scope3_Feed[[#Headers],[Category]], 0, 2)} -> Grain | E93: {=Common_InputFunctions.Utility_DisplayArrayInTable(Scope3_SourceData.Scope3_Feed_Data(), Table_SourceData_Scope3_Feed[[#Headers],[Category]], 0, 2)} -> Barley grain | F93: {=Common_InputFunctions.Utility_DisplayArrayInTable(Scope3_SourceData.Scope3_Feed_Data(), Table_SourceData_Scope3_Feed[[#Headers],[Category]], 0, 2)} -> NT | G93: {=Common_InputFunctions.Utility_DisplayArrayInTable(Scope3_SourceData.Scope3_Feed_Data(), Table_SourceData_Scope3_Feed[[#Headers],[Category]], 0, 2)} -> kg | H93: {=Common_InputFunctions.Utility_DisplayArrayInTable(Scope3_SourceData.Scope3_Feed_Data(), Table_SourceData_Scope3_Feed[[#Headers],[Category]], 0, 2)} -> 0.332 | I93: {=Common_InputFunctions.Utility_DisplayArrayInTable(Scope3_SourceData.Scope3_Feed_Data(), Table_SourceData_Scope3_Feed[[#Headers],[Category]], 0, 2)} -> at market | N93: =Table_SourceData_Scope3_Feed[[#This Row],[Product]] -> Barley grain | O93: =Table_SourceData_Scope3_Feed[[#This Row],[Region of origin]] -> NT
D94: {=Common_InputFunctions.Utility_DisplayArrayInTable(Scope3_SourceData.Scope3_Feed_Data(), Table_SourceData_Scope3_Feed[[#Headers],[Category]], 0, 2)} -> Grain | E94: {=Common_InputFunctions.Utility_DisplayArrayInTable(Scope3_SourceData.Scope3_Feed_Data(), Table_SourceData_Scope3_Feed[[#Headers],[Category]], 0, 2)} -> Barley grain | F94: {=Common_InputFunctions.Utility_DisplayArrayInTable(Scope3_SourceData.Scope3_Feed_Data(), Table_SourceData_Scope3_Feed[[#Headers],[Category]], 0, 2)} -> QLD | G94: {=Common_InputFunctions.Utility_DisplayArrayInTable(Scope3_SourceData.Scope3_Feed_Data(), Table_SourceData_Scope3_Feed[[#Headers],[Category]], 0, 2)} -> kg | H94: {=Common_InputFunctions.Utility_DisplayArrayInTable(Scope3_SourceData.Scope3_Feed_Data(), Table_SourceData_Scope3_Feed[[#Headers],[Category]], 0, 2)} -> 0.269 | I94: {=Common_InputFunctions.Utility_DisplayArrayInTable(Scope3_SourceData.Scope3_Feed_Data(), Table_SourceData_Scope3_Feed[[#Headers],[Category]], 0, 2)} -> at market | N94: =Table_SourceData_Scope3_Feed[[#This Row],[Product]] -> Barley grain | O94: =Table_SourceData_Scope3_Feed[[#This Row],[Region of origin]] -> QLD
D95: {=Common_InputFunctions.Utility_DisplayArrayInTable(Scope3_SourceData.Scope3_Feed_Data(), Table_SourceData_Scope3_Feed[[#Headers],[Category]], 0, 2)} -> Grain | E95: {=Common_InputFunctions.Utility_DisplayArrayInTable(Scope3_SourceData.Scope3_Feed_Data(), Table_SourceData_Scope3_Feed[[#Headers],[Category]], 0, 2)} -> Barley grain | F95: {=Common_InputFunctions.Utility_DisplayArrayInTable(Scope3_SourceData.Scope3_Feed_Data(), Table_SourceData_Scope3_Feed[[#Headers],[Category]], 0, 2)} -> SA | G95: {=Common_InputFunctions.Utility_DisplayArrayInTable(Scope3_SourceData.Scope3_Feed_Data(), Table_SourceData_Scope3_Feed[[#Headers],[Category]], 0, 2)} -> kg | H95: {=Common_InputFunctions.Utility_DisplayArrayInTable(Scope3_SourceData.Scope3_Feed_Data(), Table_SourceData_Scope3_Feed[[#Headers],[Category]], 0, 2)} -> 0.223 | I95: {=Common_InputFunctions.Utility_DisplayArrayInTable(Scope3_SourceData.Scope3_Feed_Data(), Table_SourceData_Scope3_Feed[[#Headers],[Category]], 0, 2)} -> at market | N95: =Table_SourceData_Scope3_Feed[[#This Row],[Product]] -> Barley grain | O95: =Table_SourceData_Scope3_Feed[[#This Row],[Region of origin]] -> SA
D96: {=Common_InputFunctions.Utility_DisplayArrayInTable(Scope3_SourceData.Scope3_Feed_Data(), Table_SourceData_Scope3_Feed[[#Headers],[Category]], 0, 2)} -> Grain | E96: {=Common_InputFunctions.Utility_DisplayArrayInTable(Scope3_SourceData.Scope3_Feed_Data(), Table_SourceData_Scope3_Feed[[#Headers],[Category]], 0, 2)} -> Barley grain | F96: {=Common_InputFunctions.Utility_DisplayArrayInTable(Scope3_SourceData.Scope3_Feed_Data(), Table_SourceData_Scope3_Feed[[#Headers],[Category]], 0, 2)} -> TAS | G96: {=Common_InputFunctions.Utility_DisplayArrayInTable(Scope3_SourceData.Scope3_Feed_Data(), Table_SourceData_Scope3_Feed[[#Headers],[Category]], 0, 2)} -> kg | H96: {=Common_InputFunctions.Utility_DisplayArrayInTable(Scope3_SourceData.Scope3_Feed_Data(), Table_SourceData_Scope3_Feed[[#Headers],[Category]], 0, 2)} -> 0.307 | I96: {=Common_InputFunctions.Utility_DisplayArrayInTable(Scope3_SourceData.Scope3_Feed_Data(), Table_SourceData_Scope3_Feed[[#Headers],[Category]], 0, 2)} -> at market | N96: =Table_SourceData_Scope3_Feed[[#This Row],[Product]] -> Barley grain | O96: =Table_SourceData_Scope3_Feed[[#This Row],[Region of origin]] -> TAS
D97: {=Common_InputFunctions.Utility_DisplayArrayInTable(Scope3_SourceData.Scope3_Feed_Data(), Table_SourceData_Scope3_Feed[[#Headers],[Category]], 0, 2)} -> Grain | E97: {=Common_InputFunctions.Utility_DisplayArrayInTable(Scope3_SourceData.Scope3_Feed_Data(), Table_SourceData_Scope3_Feed[[#Headers],[Category]], 0, 2)} -> Barley grain | F97: {=Common_InputFunctions.Utility_DisplayArrayInTable(Scope3_SourceData.Scope3_Feed_Data(), Table_SourceData_Scope3_Feed[[#Headers],[Category]], 0, 2)} -> VIC | G97: {=Common_InputFunctions.Utility_DisplayArrayInTable(Scope3_SourceData.Scope3_Feed_Data(), Table_SourceData_Scope3_Feed[[#Headers],[Category]], 0, 2)} -> kg | H97: {=Common_InputFunctions.Utility_DisplayArrayInTable(Scope3_SourceData.Scope3_Feed_Data(), Table_SourceData_Scope3_Feed[[#Headers],[Category]], 0, 2)} -> 0.241 | I97: {=Common_InputFunctions.Utility_DisplayArrayInTable(Scope3_SourceData.Scope3_Feed_Data(), Table_SourceData_Scope3_Feed[[#Headers],[Category]], 0, 2)} -> at market | N97: =Table_SourceData_Scope3_Feed[[#This Row],[Product]] -> Barley grain | O97: =Table_SourceData_Scope3_Feed[[#This Row],[Region of origin]] -> VIC
D98: {=Common_InputFunctions.Utility_DisplayArrayInTable(Scope3_SourceData.Scope3_Feed_Data(), Table_SourceData_Scope3_Feed[[#Headers],[Category]], 0, 2)} -> Grain | E98: {=Common_InputFunctions.Utility_DisplayArrayInTable(Scope3_SourceData.Scope3_Feed_Data(), Table_SourceData_Scope3_Feed[[#Headers],[Category]], 0, 2)} -> Barley grain | F98: {=Common_InputFunctions.Utility_DisplayArrayInTable(Scope3_SourceData.Scope3_Feed_Data(), Table_SourceData_Scope3_Feed[[#Headers],[Category]], 0, 2)} -> WA | G98: {=Common_InputFunctions.Utility_DisplayArrayInTable(Scope3_SourceData.Scope3_Feed_Data(), Table_SourceData_Scope3_Feed[[#Headers],[Category]], 0, 2)} -> kg | H98: {=Common_InputFunctions.Utility_DisplayArrayInTable(Scope3_SourceData.Scope3_Feed_Data(), Table_SourceData_Scope3_Feed[[#Headers],[Category]], 0, 2)} -> 0.236 | I98: {=Common_InputFunctions.Utility_DisplayArrayInTable(Scope3_SourceData.Scope3_Feed_Data(), Table_SourceData_Scope3_Feed[[#Headers],[Category]], 0, 2)} -> at market | K98: Product | L98: Region | M98: ="Table_ProductRegions_" & SUBSTITUTE(SUBSTITUTE(SUBSTITUTE(SUBSTITUTE(K99, " ", ""), ",", ""), "(", ""), ")", "") -> Table_ProductRegions_Maizegrain | N98: =Table_SourceData_Scope3_Feed[[#This Row],[Product]] -> Barley grain | O98: =Table_SourceData_Scope3_Feed[[#This Row],[Region of origin]] -> WA
D99: {=Common_InputFunctions.Utility_DisplayArrayInTable(Scope3_SourceData.Scope3_Feed_Data(), Table_SourceData_Scope3_Feed[[#Headers],[Category]], 0, 2)} -> Grain | E99: {=Common_InputFunctions.Utility_DisplayArrayInTable(Scope3_SourceData.Scope3_Feed_Data(), Table_SourceData_Scope3_Feed[[#Headers],[Category]], 0, 2)} -> Maize grain | F99: {=Common_InputFunctions.Utility_DisplayArrayInTable(Scope3_SourceData.Scope3_Feed_Data(), Table_SourceData_Scope3_Feed[[#Headers],[Category]], 0, 2)} -> Australia | G99: {=Common_InputFunctions.Utility_DisplayArrayInTable(Scope3_SourceData.Scope3_Feed_Data(), Table_SourceData_Scope3_Feed[[#Headers],[Category]], 0, 2)} -> kg | H99: {=Common_InputFunctions.Utility_DisplayArrayInTable(Scope3_SourceData.Scope3_Feed_Data(), Table_SourceData_Scope3_Feed[[#Headers],[Category]], 0, 2)} -> 0.181 | I99: {=Common_InputFunctions.Utility_DisplayArrayInTable(Scope3_SourceData.Scope3_Feed_Data(), Table_SourceData_Scope3_Feed[[#Headers],[Category]], 0, 2)} -> at market | K99: =Table_SourceData_Scope3_Feed[[#This Row],[Product]] -> Maize grain | L99: =Table_SourceData_Scope3_Feed[[#This Row],[Region of origin]] -> Australia
D100: {=Common_InputFunctions.Utility_DisplayArrayInTable(Scope3_SourceData.Scope3_Feed_Data(), Table_SourceData_Scope3_Feed[[#Headers],[Category]], 0, 2)} -> Grain | E100: {=Common_InputFunctions.Utility_DisplayArrayInTable(Scope3_SourceData.Scope3_Feed_Data(), Table_SourceData_Scope3_Feed[[#Headers],[Category]], 0, 2)} -> Maize grain | F100: {=Common_InputFunctions.Utility_DisplayArrayInTable(Scope3_SourceData.Scope3_Feed_Data(), Table_SourceData_Scope3_Feed[[#Headers],[Category]], 0, 2)} -> NSW | G100: {=Common_InputFunctions.Utility_DisplayArrayInTable(Scope3_SourceData.Scope3_Feed_Data(), Table_SourceData_Scope3_Feed[[#Headers],[Category]], 0, 2)} -> kg | H100: {=Common_InputFunctions.Utility_DisplayArrayInTable(Scope3_SourceData.Scope3_Feed_Data(), Table_SourceData_Scope3_Feed[[#Headers],[Category]], 0, 2)} -> 0.169 | I100: {=Common_InputFunctions.Utility_DisplayArrayInTable(Scope3_SourceData.Scope3_Feed_Data(), Table_SourceData_Scope3_Feed[[#Headers],[Category]], 0, 2)} -> at market | K100: =Table_SourceData_Scope3_Feed[[#This Row],[Product]] -> Maize grain | L100: =Table_SourceData_Scope3_Feed[[#This Row],[Region of origin]] -> NSW
D101: {=Common_InputFunctions.Utility_DisplayArrayInTable(Scope3_SourceData.Scope3_Feed_Data(), Table_SourceData_Scope3_Feed[[#Headers],[Category]], 0, 2)} -> Grain | E101: {=Common_InputFunctions.Utility_DisplayArrayInTable(Scope3_SourceData.Scope3_Feed_Data(), Table_SourceData_Scope3_Feed[[#Headers],[Category]], 0, 2)} -> Maize grain | F101: {=Common_InputFunctions.Utility_DisplayArrayInTable(Scope3_SourceData.Scope3_Feed_Data(), Table_SourceData_Scope3_Feed[[#Headers],[Category]], 0, 2)} -> NT | G101: {=Common_InputFunctions.Utility_DisplayArrayInTable(Scope3_SourceData.Scope3_Feed_Data(), Table_SourceData_Scope3_Feed[[#Headers],[Category]], 0, 2)} -> kg | H101: {=Common_InputFunctions.Utility_DisplayArrayInTable(Scope3_SourceData.Scope3_Feed_Data(), Table_SourceData_Scope3_Feed[[#Headers],[Category]], 0, 2)} -> 0.256 | I101: {=Common_InputFunctions.Utility_DisplayArrayInTable(Scope3_SourceData.Scope3_Feed_Data(), Table_SourceData_Scope3_Feed[[#Headers],[Category]], 0, 2)} -> at market | K101: =Table_SourceData_Scope3_Feed[[#This Row],[Product]] -> Maize grain | L101: =Table_SourceData_Scope3_Feed[[#This Row],[Region of origin]] -> NT
D102: {=Common_InputFunctions.Utility_DisplayArrayInTable(Scope3_SourceData.Scope3_Feed_Data(), Table_SourceData_Scope3_Feed[[#Headers],[Category]], 0, 2)} -> Grain | E102: {=Common_InputFunctions.Utility_DisplayArrayInTable(Scope3_SourceData.Scope3_Feed_Data(), Table_SourceData_Scope3_Feed[[#Headers],[Category]], 0, 2)} -> Maize grain | F102: {=Common_InputFunctions.Utility_DisplayArrayInTable(Scope3_SourceData.Scope3_Feed_Data(), Table_SourceData_Scope3_Feed[[#Headers],[Category]], 0, 2)} -> QLD | G102: {=Common_InputFunctions.Utility_DisplayArrayInTable(Scope3_SourceData.Scope3_Feed_Data(), Table_SourceData_Scope3_Feed[[#Headers],[Category]], 0, 2)} -> kg | H102: {=Common_InputFunctions.Utility_DisplayArrayInTable(Scope3_SourceData.Scope3_Feed_Data(), Table_SourceData_Scope3_Feed[[#Headers],[Category]], 0, 2)} -> 0.186 | I102: {=Common_InputFunctions.Utility_DisplayArrayInTable(Scope3_SourceData.Scope3_Feed_Data(), Table_SourceData_Scope3_Feed[[#Headers],[Category]], 0, 2)} -> at market | K102: =Table_SourceData_Scope3_Feed[[#This Row],[Product]] -> Maize grain | L102: =Table_SourceData_Scope3_Feed[[#This Row],[Region of origin]] -> QLD
D103: {=Common_InputFunctions.Utility_DisplayArrayInTable(Scope3_SourceData.Scope3_Feed_Data(), Table_SourceData_Scope3_Feed[[#Headers],[Category]], 0, 2)} -> Grain | E103: {=Common_InputFunctions.Utility_DisplayArrayInTable(Scope3_SourceData.Scope3_Feed_Data(), Table_SourceData_Scope3_Feed[[#Headers],[Category]], 0, 2)} -> Maize grain | F103: {=Common_InputFunctions.Utility_DisplayArrayInTable(Scope3_SourceData.Scope3_Feed_Data(), Table_SourceData_Scope3_Feed[[#Headers],[Category]], 0, 2)} -> SA | G103: {=Common_InputFunctions.Utility_DisplayArrayInTable(Scope3_SourceData.Scope3_Feed_Data(), Table_SourceData_Scope3_Feed[[#Headers],[Category]], 0, 2)} -> kg | H103: {=Common_InputFunctions.Utility_DisplayArrayInTable(Scope3_SourceData.Scope3_Feed_Data(), Table_SourceData_Scope3_Feed[[#Headers],[Category]], 0, 2)} -> 0.176 | I103: {=Common_InputFunctions.Utility_DisplayArrayInTable(Scope3_SourceData.Scope3_Feed_Data(), Table_SourceData_Scope3_Feed[[#Headers],[Category]], 0, 2)} -> at market | K103: =Table_SourceData_Scope3_Feed[[#This Row],[Product]] -> Maize grain | L103: =Table_SourceData_Scope3_Feed[[#This Row],[Region of origin]] -> SA
D104: {=Common_InputFunctions.Utility_DisplayArrayInTable(Scope3_SourceData.Scope3_Feed_Data(), Table_SourceData_Scope3_Feed[[#Headers],[Category]], 0, 2)} -> Grain | E104: {=Common_InputFunctions.Utility_DisplayArrayInTable(Scope3_SourceData.Scope3_Feed_Data(), Table_SourceData_Scope3_Feed[[#Headers],[Category]], 0, 2)} -> Maize grain | F104: {=Common_InputFunctions.Utility_DisplayArrayInTable(Scope3_SourceData.Scope3_Feed_Data(), Table_SourceData_Scope3_Feed[[#Headers],[Category]], 0, 2)} -> VIC | G104: {=Common_InputFunctions.Utility_DisplayArrayInTable(Scope3_SourceData.Scope3_Feed_Data(), Table_SourceData_Scope3_Feed[[#Headers],[Category]], 0, 2)} -> kg | H104: {=Common_InputFunctions.Utility_DisplayArrayInTable(Scope3_SourceData.Scope3_Feed_Data(), Table_SourceData_Scope3_Feed[[#Headers],[Category]], 0, 2)} -> 0.159 | I104: {=Common_InputFunctions.Utility_DisplayArrayInTable(Scope3_SourceData.Scope3_Feed_Data(), Table_SourceData_Scope3_Feed[[#Headers],[Category]], 0, 2)} -> at market | K104: =Table_SourceData_Scope3_Feed[[#This Row],[Product]] -> Maize grain | L104: =Table_SourceData_Scope3_Feed[[#This Row],[Region of origin]] -> VIC
D105: {=Common_InputFunctions.Utility_DisplayArrayInTable(Scope3_SourceData.Scope3_Feed_Data(), Table_SourceData_Scope3_Feed[[#Headers],[Category]], 0, 2)} -> Grain | E105: {=Common_InputFunctions.Utility_DisplayArrayInTable(Scope3_SourceData.Scope3_Feed_Data(), Table_SourceData_Scope3_Feed[[#Headers],[Category]], 0, 2)} -> Maize grain | F105: {=Common_InputFunctions.Utility_DisplayArrayInTable(Scope3_SourceData.Scope3_Feed_Data(), Table_SourceData_Scope3_Feed[[#Headers],[Category]], 0, 2)} -> WA | G105: {=Common_InputFunctions.Utility_DisplayArrayInTable(Scope3_SourceData.Scope3_Feed_Data(), Table_SourceData_Scope3_Feed[[#Headers],[Category]], 0, 2)} -> kg | H105: {=Common_InputFunctions.Utility_DisplayArrayInTable(Scope3_SourceData.Scope3_Feed_Data(), Table_SourceData_Scope3_Feed[[#Headers],[Category]], 0, 2)} -> 0.285 | I105: {=Common_InputFunctions.Utility_DisplayArrayInTable(Scope3_SourceData.Scope3_Feed_Data(), Table_SourceData_Scope3_Feed[[#Headers],[Category]], 0, 2)} -> at market | K105: =Table_SourceData_Scope3_Feed[[#This Row],[Product]] -> Maize grain | L105: =Table_SourceData_Scope3_Feed[[#This Row],[Region of origin]] -> WA | N105: Product | O105: Region | P105: ="Table_ProductRegions_" & SUBSTITUTE(SUBSTITUTE(SUBSTITUTE(SUBSTITUTE(N106, " ", ""), ",", ""), "(", ""), ")", "") -> Table_ProductRegions_Sorghumgrain
D106: {=Common_InputFunctions.Utility_DisplayArrayInTable(Scope3_SourceData.Scope3_Feed_Data(), Table_SourceData_Scope3_Feed[[#Headers],[Category]], 0, 2)} -> Grain | E106: {=Common_InputFunctions.Utility_DisplayArrayInTable(Scope3_SourceData.Scope3_Feed_Data(), Table_SourceData_Scope3_Feed[[#Headers],[Category]], 0, 2)} -> Sorghum grain | F106: {=Common_InputFunctions.Utility_DisplayArrayInTable(Scope3_SourceData.Scope3_Feed_Data(), Table_SourceData_Scope3_Feed[[#Headers],[Category]], 0, 2)} -> Australia | G106: {=Common_InputFunctions.Utility_DisplayArrayInTable(Scope3_SourceData.Scope3_Feed_Data(), Table_SourceData_Scope3_Feed[[#Headers],[Category]], 0, 2)} -> kg | H106: {=Common_InputFunctions.Utility_DisplayArrayInTable(Scope3_SourceData.Scope3_Feed_Data(), Table_SourceData_Scope3_Feed[[#Headers],[Category]], 0, 2)} -> 0.232 | I106: {=Common_InputFunctions.Utility_DisplayArrayInTable(Scope3_SourceData.Scope3_Feed_Data(), Table_SourceData_Scope3_Feed[[#Headers],[Category]], 0, 2)} -> at market | N106: =Table_SourceData_Scope3_Feed[[#This Row],[Product]] -> Sorghum grain | O106: =Table_SourceData_Scope3_Feed[[#This Row],[Region of origin]] -> Australia
D107: {=Common_InputFunctions.Utility_DisplayArrayInTable(Scope3_SourceData.Scope3_Feed_Data(), Table_SourceData_Scope3_Feed[[#Headers],[Category]], 0, 2)} -> Grain | E107: {=Common_InputFunctions.Utility_DisplayArrayInTable(Scope3_SourceData.Scope3_Feed_Data(), Table_SourceData_Scope3_Feed[[#Headers],[Category]], 0, 2)} -> Sorghum grain | F107: {=Common_InputFunctions.Utility_DisplayArrayInTable(Scope3_SourceData.Scope3_Feed_Data(), Table_SourceData_Scope3_Feed[[#Headers],[Category]], 0, 2)} -> NSW | G107: {=Common_InputFunctions.Utility_DisplayArrayInTable(Scope3_SourceData.Scope3_Feed_Data(), Table_SourceData_Scope3_Feed[[#Headers],[Category]], 0, 2)} -> kg | H107: {=Common_InputFunctions.Utility_DisplayArrayInTable(Scope3_SourceData.Scope3_Feed_Data(), Table_SourceData_Scope3_Feed[[#Headers],[Category]], 0, 2)} -> 0.232 | I107: {=Common_InputFunctions.Utility_DisplayArrayInTable(Scope3_SourceData.Scope3_Feed_Data(), Table_SourceData_Scope3_Feed[[#Headers],[Category]], 0, 2)} -> at market | N107: =Table_SourceData_Scope3_Feed[[#This Row],[Product]] -> Sorghum grain | O107: =Table_SourceData_Scope3_Feed[[#This Row],[Region of origin]] -> NSW
D108: {=Common_InputFunctions.Utility_DisplayArrayInTable(Scope3_SourceData.Scope3_Feed_Data(), Table_SourceData_Scope3_Feed[[#Headers],[Category]], 0, 2)} -> Grain | E108: {=Common_InputFunctions.Utility_DisplayArrayInTable(Scope3_SourceData.Scope3_Feed_Data(), Table_SourceData_Scope3_Feed[[#Headers],[Category]], 0, 2)} -> Sorghum grain | F108: {=Common_InputFunctions.Utility_DisplayArrayInTable(Scope3_SourceData.Scope3_Feed_Data(), Table_SourceData_Scope3_Feed[[#Headers],[Category]], 0, 2)} -> QLD | G108: {=Common_InputFunctions.Utility_DisplayArrayInTable(Scope3_SourceData.Scope3_Feed_Data(), Table_SourceData_Scope3_Feed[[#Headers],[Category]], 0, 2)} -> kg | H108: {=Common_InputFunctions.Utility_DisplayArrayInTable(Scope3_SourceData.Scope3_Feed_Data(), Table_SourceData_Scope3_Feed[[#Headers],[Category]], 0, 2)} -> 0.231 | I108: {=Common_InputFunctions.Utility_DisplayArrayInTable(Scope3_SourceData.Scope3_Feed_Data(), Table_SourceData_Scope3_Feed[[#Headers],[Category]], 0, 2)} -> at market | N108: =Table_SourceData_Scope3_Feed[[#This Row],[Product]] -> Sorghum grain | O108: =Table_SourceData_Scope3_Feed[[#This Row],[Region of origin]] -> QLD
D109: {=Common_InputFunctions.Utility_DisplayArrayInTable(Scope3_SourceData.Scope3_Feed_Data(), Table_SourceData_Scope3_Feed[[#Headers],[Category]], 0, 2)} -> Grain | E109: {=Common_InputFunctions.Utility_DisplayArrayInTable(Scope3_SourceData.Scope3_Feed_Data(), Table_SourceData_Scope3_Feed[[#Headers],[Category]], 0, 2)} -> Sorghum grain | F109: {=Common_InputFunctions.Utility_DisplayArrayInTable(Scope3_SourceData.Scope3_Feed_Data(), Table_SourceData_Scope3_Feed[[#Headers],[Category]], 0, 2)} -> SA | G109: {=Common_InputFunctions.Utility_DisplayArrayInTable(Scope3_SourceData.Scope3_Feed_Data(), Table_SourceData_Scope3_Feed[[#Headers],[Category]], 0, 2)} -> kg | H109: {=Common_InputFunctions.Utility_DisplayArrayInTable(Scope3_SourceData.Scope3_Feed_Data(), Table_SourceData_Scope3_Feed[[#Headers],[Category]], 0, 2)} -> 0.218 | I109: {=Common_InputFunctions.Utility_DisplayArrayInTable(Scope3_SourceData.Scope3_Feed_Data(), Table_SourceData_Scope3_Feed[[#Headers],[Category]], 0, 2)} -> at market | N109: =Table_SourceData_Scope3_Feed[[#This Row],[Product]] -> Sorghum grain | O109: =Table_SourceData_Scope3_Feed[[#This Row],[Region of origin]] -> SA
D110: {=Common_InputFunctions.Utility_DisplayArrayInTable(Scope3_SourceData.Scope3_Feed_Data(), Table_SourceData_Scope3_Feed[[#Headers],[Category]], 0, 2)} -> Grain | E110: {=Common_InputFunctions.Utility_DisplayArrayInTable(Scope3_SourceData.Scope3_Feed_Data(), Table_SourceData_Scope3_Feed[[#Headers],[Category]], 0, 2)} -> Sorghum grain | F110: {=Common_InputFunctions.Utility_DisplayArrayInTable(Scope3_SourceData.Scope3_Feed_Data(), Table_SourceData_Scope3_Feed[[#Headers],[Category]], 0, 2)} -> VIC | G110: {=Common_InputFunctions.Utility_DisplayArrayInTable(Scope3_SourceData.Scope3_Feed_Data(), Table_SourceData_Scope3_Feed[[#Headers],[Category]], 0, 2)} -> kg | H110: {=Common_InputFunctions.Utility_DisplayArrayInTable(Scope3_SourceData.Scope3_Feed_Data(), Table_SourceData_Scope3_Feed[[#Headers],[Category]], 0, 2)} -> 0.246 | I110: {=Common_InputFunctions.Utility_DisplayArrayInTable(Scope3_SourceData.Scope3_Feed_Data(), Table_SourceData_Scope3_Feed[[#Headers],[Category]], 0, 2)} -> at market | K110: Product | L110: Region | M110: ="Table_ProductRegions_" & SUBSTITUTE(SUBSTITUTE(SUBSTITUTE(SUBSTITUTE(K111, " ", ""), ",", ""), "(", ""), ")", "") -> Table_ProductRegions_Wheatgrain | N110: =Table_SourceData_Scope3_Feed[[#This Row],[Product]] -> Sorghum grain | O110: =Table_SourceData_Scope3_Feed[[#This Row],[Region of origin]] -> VIC
D111: {=Common_InputFunctions.Utility_DisplayArrayInTable(Scope3_SourceData.Scope3_Feed_Data(), Table_SourceData_Scope3_Feed[[#Headers],[Category]], 0, 2)} -> Grain | E111: {=Common_InputFunctions.Utility_DisplayArrayInTable(Scope3_SourceData.Scope3_Feed_Data(), Table_SourceData_Scope3_Feed[[#Headers],[Category]], 0, 2)} -> Wheat grain | F111: {=Common_InputFunctions.Utility_DisplayArrayInTable(Scope3_SourceData.Scope3_Feed_Data(), Table_SourceData_Scope3_Feed[[#Headers],[Category]], 0, 2)} -> Australia | G111: {=Common_InputFunctions.Utility_DisplayArrayInTable(Scope3_SourceData.Scope3_Feed_Data(), Table_SourceData_Scope3_Feed[[#Headers],[Category]], 0, 2)} -> kg | H111: {=Common_InputFunctions.Utility_DisplayArrayInTable(Scope3_SourceData.Scope3_Feed_Data(), Table_SourceData_Scope3_Feed[[#Headers],[Category]], 0, 2)} -> 0.268 | I111: {=Common_InputFunctions.Utility_DisplayArrayInTable(Scope3_SourceData.Scope3_Feed_Data(), Table_SourceData_Scope3_Feed[[#Headers],[Category]], 0, 2)} -> at market | K111: =Table_SourceData_Scope3_Feed[[#This Row],[Product]] -> Wheat grain | L111: =Table_SourceData_Scope3_Feed[[#This Row],[Region of origin]] -> Australia
D112: {=Common_InputFunctions.Utility_DisplayArrayInTable(Scope3_SourceData.Scope3_Feed_Data(), Table_SourceData_Scope3_Feed[[#Headers],[Category]], 0, 2)} -> Grain | E112: {=Common_InputFunctions.Utility_DisplayArrayInTable(Scope3_SourceData.Scope3_Feed_Data(), Table_SourceData_Scope3_Feed[[#Headers],[Category]], 0, 2)} -> Wheat grain | F112: {=Common_InputFunctions.Utility_DisplayArrayInTable(Scope3_SourceData.Scope3_Feed_Data(), Table_SourceData_Scope3_Feed[[#Headers],[Category]], 0, 2)} -> NSW | G112: {=Common_InputFunctions.Utility_DisplayArrayInTable(Scope3_SourceData.Scope3_Feed_Data(), Table_SourceData_Scope3_Feed[[#Headers],[Category]], 0, 2)} -> kg | H112: {=Common_InputFunctions.Utility_DisplayArrayInTable(Scope3_SourceData.Scope3_Feed_Data(), Table_SourceData_Scope3_Feed[[#Headers],[Category]], 0, 2)} -> 0.282 | I112: {=Common_InputFunctions.Utility_DisplayArrayInTable(Scope3_SourceData.Scope3_Feed_Data(), Table_SourceData_Scope3_Feed[[#Headers],[Category]], 0, 2)} -> at market | K112: =Table_SourceData_Scope3_Feed[[#This Row],[Product]] -> Wheat grain | L112: =Table_SourceData_Scope3_Feed[[#This Row],[Region of origin]] -> NSW
D113: {=Common_InputFunctions.Utility_DisplayArrayInTable(Scope3_SourceData.Scope3_Feed_Data(), Table_SourceData_Scope3_Feed[[#Headers],[Category]], 0, 2)} -> Grain | E113: {=Common_InputFunctions.Utility_DisplayArrayInTable(Scope3_SourceData.Scope3_Feed_Data(), Table_SourceData_Scope3_Feed[[#Headers],[Category]], 0, 2)} -> Wheat grain | F113: {=Common_InputFunctions.Utility_DisplayArrayInTable(Scope3_SourceData.Scope3_Feed_Data(), Table_SourceData_Scope3_Feed[[#Headers],[Category]], 0, 2)} -> NT | G113: {=Common_InputFunctions.Utility_DisplayArrayInTable(Scope3_SourceData.Scope3_Feed_Data(), Table_SourceData_Scope3_Feed[[#Headers],[Category]], 0, 2)} -> kg | H113: {=Common_InputFunctions.Utility_DisplayArrayInTable(Scope3_SourceData.Scope3_Feed_Data(), Table_SourceData_Scope3_Feed[[#Headers],[Category]], 0, 2)} -> 0.385 | I113: {=Common_InputFunctions.Utility_DisplayArrayInTable(Scope3_SourceData.Scope3_Feed_Data(), Table_SourceData_Scope3_Feed[[#Headers],[Category]], 0, 2)} -> at market | K113: =Table_SourceData_Scope3_Feed[[#This Row],[Product]] -> Wheat grain | L113: =Table_SourceData_Scope3_Feed[[#This Row],[Region of origin]] -> NT
D114: {=Common_InputFunctions.Utility_DisplayArrayInTable(Scope3_SourceData.Scope3_Feed_Data(), Table_SourceData_Scope3_Feed[[#Headers],[Category]], 0, 2)} -> Grain | E114: {=Common_InputFunctions.Utility_DisplayArrayInTable(Scope3_SourceData.Scope3_Feed_Data(), Table_SourceData_Scope3_Feed[[#Headers],[Category]], 0, 2)} -> Wheat grain | F114: {=Common_InputFunctions.Utility_DisplayArrayInTable(Scope3_SourceData.Scope3_Feed_Data(), Table_SourceData_Scope3_Feed[[#Headers],[Category]], 0, 2)} -> QLD | G114: {=Common_InputFunctions.Utility_DisplayArrayInTable(Scope3_SourceData.Scope3_Feed_Data(), Table_SourceData_Scope3_Feed[[#Headers],[Category]], 0, 2)} -> kg | H114: {=Common_InputFunctions.Utility_DisplayArrayInTable(Scope3_SourceData.Scope3_Feed_Data(), Table_SourceData_Scope3_Feed[[#Headers],[Category]], 0, 2)} -> 0.296 | I114: {=Common_InputFunctions.Utility_DisplayArrayInTable(Scope3_SourceData.Scope3_Feed_Data(), Table_SourceData_Scope3_Feed[[#Headers],[Category]], 0, 2)} -> at market | K114: =Table_SourceData_Scope3_Feed[[#This Row],[Product]] -> Wheat grain | L114: =Table_SourceData_Scope3_Feed[[#This Row],[Region of origin]] -> QLD
D115: {=Common_InputFunctions.Utility_DisplayArrayInTable(Scope3_SourceData.Scope3_Feed_Data(), Table_SourceData_Scope3_Feed[[#Headers],[Category]], 0, 2)} -> Grain | E115: {=Common_InputFunctions.Utility_DisplayArrayInTable(Scope3_SourceData.Scope3_Feed_Data(), Table_SourceData_Scope3_Feed[[#Headers],[Category]], 0, 2)} -> Wheat grain | F115: {=Common_InputFunctions.Utility_DisplayArrayInTable(Scope3_SourceData.Scope3_Feed_Data(), Table_SourceData_Scope3_Feed[[#Headers],[Category]], 0, 2)} -> SA | G115: {=Common_InputFunctions.Utility_DisplayArrayInTable(Scope3_SourceData.Scope3_Feed_Data(), Table_SourceData_Scope3_Feed[[#Headers],[Category]], 0, 2)} -> kg | H115: {=Common_InputFunctions.Utility_DisplayArrayInTable(Scope3_SourceData.Scope3_Feed_Data(), Table_SourceData_Scope3_Feed[[#Headers],[Category]], 0, 2)} -> 0.241 | I115: {=Common_InputFunctions.Utility_DisplayArrayInTable(Scope3_SourceData.Scope3_Feed_Data(), Table_SourceData_Scope3_Feed[[#Headers],[Category]], 0, 2)} -> at market | K115: =Table_SourceData_Scope3_Feed[[#This Row],[Product]] -> Wheat grain | L115: =Table_SourceData_Scope3_Feed[[#This Row],[Region of origin]] -> SA
D116: {=Common_InputFunctions.Utility_DisplayArrayInTable(Scope3_SourceData.Scope3_Feed_Data(), Table_SourceData_Scope3_Feed[[#Headers],[Category]], 0, 2)} -> Grain | E116: {=Common_InputFunctions.Utility_DisplayArrayInTable(Scope3_SourceData.Scope3_Feed_Data(), Table_SourceData_Scope3_Feed[[#Headers],[Category]], 0, 2)} -> Wheat grain | F116: {=Common_InputFunctions.Utility_DisplayArrayInTable(Scope3_SourceData.Scope3_Feed_Data(), Table_SourceData_Scope3_Feed[[#Headers],[Category]], 0, 2)} -> TAS | G116: {=Common_InputFunctions.Utility_DisplayArrayInTable(Scope3_SourceData.Scope3_Feed_Data(), Table_SourceData_Scope3_Feed[[#Headers],[Category]], 0, 2)} -> kg | H116: {=Common_InputFunctions.Utility_DisplayArrayInTable(Scope3_SourceData.Scope3_Feed_Data(), Table_SourceData_Scope3_Feed[[#Headers],[Category]], 0, 2)} -> 0.338 | I116: {=Common_InputFunctions.Utility_DisplayArrayInTable(Scope3_SourceData.Scope3_Feed_Data(), Table_SourceData_Scope3_Feed[[#Headers],[Category]], 0, 2)} -> at market | K116: =Table_SourceData_Scope3_Feed[[#This Row],[Product]] -> Wheat grain | L116: =Table_SourceData_Scope3_Feed[[#This Row],[Region of origin]] -> TAS
D117: {=Common_InputFunctions.Utility_DisplayArrayInTable(Scope3_SourceData.Scope3_Feed_Data(), Table_SourceData_Scope3_Feed[[#Headers],[Category]], 0, 2)} -> Grain | E117: {=Common_InputFunctions.Utility_DisplayArrayInTable(Scope3_SourceData.Scope3_Feed_Data(), Table_SourceData_Scope3_Feed[[#Headers],[Category]], 0, 2)} -> Wheat grain | F117: {=Common_InputFunctions.Utility_DisplayArrayInTable(Scope3_SourceData.Scope3_Feed_Data(), Table_SourceData_Scope3_Feed[[#Headers],[Category]], 0, 2)} -> VIC | G117: {=Common_InputFunctions.Utility_DisplayArrayInTable(Scope3_SourceData.Scope3_Feed_Data(), Table_SourceData_Scope3_Feed[[#Headers],[Category]], 0, 2)} -> kg | H117: {=Common_InputFunctions.Utility_DisplayArrayInTable(Scope3_SourceData.Scope3_Feed_Data(), Table_SourceData_Scope3_Feed[[#Headers],[Category]], 0, 2)} -> 0.266 | I117: {=Common_InputFunctions.Utility_DisplayArrayInTable(Scope3_SourceData.Scope3_Feed_Data(), Table_SourceData_Scope3_Feed[[#Headers],[Category]], 0, 2)} -> at market | K117: =Table_SourceData_Scope3_Feed[[#This Row],[Product]] -> Wheat grain | L117: =Table_SourceData_Scope3_Feed[[#This Row],[Region of origin]] -> VIC
D118: {=Common_InputFunctions.Utility_DisplayArrayInTable(Scope3_SourceData.Scope3_Feed_Data(), Table_SourceData_Scope3_Feed[[#Headers],[Category]], 0, 2)} -> Grain | E118: {=Common_InputFunctions.Utility_DisplayArrayInTable(Scope3_SourceData.Scope3_Feed_Data(), Table_SourceData_Scope3_Feed[[#Headers],[Category]], 0, 2)} -> Wheat grain | F118: {=Common_InputFunctions.Utility_DisplayArrayInTable(Scope3_SourceData.Scope3_Feed_Data(), Table_SourceData_Scope3_Feed[[#Headers],[Category]], 0, 2)} -> WA | G118: {=Common_InputFunctions.Utility_DisplayArrayInTable(Scope3_SourceData.Scope3_Feed_Data(), Table_SourceData_Scope3_Feed[[#Headers],[Category]], 0, 2)} -> kg | H118: {=Common_InputFunctions.Utility_DisplayArrayInTable(Scope3_SourceData.Scope3_Feed_Data(), Table_SourceData_Scope3_Feed[[#Headers],[Category]], 0, 2)} -> 0.261 | I118: {=Common_InputFunctions.Utility_DisplayArrayInTable(Scope3_SourceData.Scope3_Feed_Data(), Table_SourceData_Scope3_Feed[[#Headers],[Category]], 0, 2)} -> at market | K118: =Table_SourceData_Scope3_Feed[[#This Row],[Product]] -> Wheat grain | L118: =Table_SourceData_Scope3_Feed[[#This Row],[Region of origin]] -> WA | N118: Product | O118: Region | P118: ="Table_ProductRegions_" & SUBSTITUTE(SUBSTITUTE(SUBSTITUTE(SUBSTITUTE(N119, " ", ""), ",", ""), "(", ""), ")", "") -> Table_ProductRegions_Cerealhay
D119: {=Common_InputFunctions.Utility_DisplayArrayInTable(Scope3_SourceData.Scope3_Feed_Data(), Table_SourceData_Scope3_Feed[[#Headers],[Category]], 0, 2)} -> Hay | E119: {=Common_InputFunctions.Utility_DisplayArrayInTable(Scope3_SourceData.Scope3_Feed_Data(), Table_SourceData_Scope3_Feed[[#Headers],[Category]], 0, 2)} -> Cereal hay | F119: {=Common_InputFunctions.Utility_DisplayArrayInTable(Scope3_SourceData.Scope3_Feed_Data(), Table_SourceData_Scope3_Feed[[#Headers],[Category]], 0, 2)} -> Australia | G119: {=Common_InputFunctions.Utility_DisplayArrayInTable(Scope3_SourceData.Scope3_Feed_Data(), Table_SourceData_Scope3_Feed[[#Headers],[Category]], 0, 2)} -> kg | H119: {=Common_InputFunctions.Utility_DisplayArrayInTable(Scope3_SourceData.Scope3_Feed_Data(), Table_SourceData_Scope3_Feed[[#Headers],[Category]], 0, 2)} -> 0.117 | I119: {=Common_InputFunctions.Utility_DisplayArrayInTable(Scope3_SourceData.Scope3_Feed_Data(), Table_SourceData_Scope3_Feed[[#Headers],[Category]], 0, 2)} -> at market | N119: =Table_SourceData_Scope3_Feed[[#This Row],[Product]] -> Cereal hay | O119: =Table_SourceData_Scope3_Feed[[#This Row],[Region of origin]] -> Australia
D120: {=Common_InputFunctions.Utility_DisplayArrayInTable(Scope3_SourceData.Scope3_Feed_Data(), Table_SourceData_Scope3_Feed[[#Headers],[Category]], 0, 2)} -> Hay | E120: {=Common_InputFunctions.Utility_DisplayArrayInTable(Scope3_SourceData.Scope3_Feed_Data(), Table_SourceData_Scope3_Feed[[#Headers],[Category]], 0, 2)} -> Cereal hay | F120: {=Common_InputFunctions.Utility_DisplayArrayInTable(Scope3_SourceData.Scope3_Feed_Data(), Table_SourceData_Scope3_Feed[[#Headers],[Category]], 0, 2)} -> NSW | G120: {=Common_InputFunctions.Utility_DisplayArrayInTable(Scope3_SourceData.Scope3_Feed_Data(), Table_SourceData_Scope3_Feed[[#Headers],[Category]], 0, 2)} -> kg | H120: {=Common_InputFunctions.Utility_DisplayArrayInTable(Scope3_SourceData.Scope3_Feed_Data(), Table_SourceData_Scope3_Feed[[#Headers],[Category]], 0, 2)} -> 0.116 | I120: {=Common_InputFunctions.Utility_DisplayArrayInTable(Scope3_SourceData.Scope3_Feed_Data(), Table_SourceData_Scope3_Feed[[#Headers],[Category]], 0, 2)} -> at market | N120: =Table_SourceData_Scope3_Feed[[#This Row],[Product]] -> Cereal hay | O120: =Table_SourceData_Scope3_Feed[[#This Row],[Region of origin]] -> NSW
D121: {=Common_InputFunctions.Utility_DisplayArrayInTable(Scope3_SourceData.Scope3_Feed_Data(), Table_SourceData_Scope3_Feed[[#Headers],[Category]], 0, 2)} -> Hay | E121: {=Common_InputFunctions.Utility_DisplayArrayInTable(Scope3_SourceData.Scope3_Feed_Data(), Table_SourceData_Scope3_Feed[[#Headers],[Category]], 0, 2)} -> Cereal hay | F121: {=Common_InputFunctions.Utility_DisplayArrayInTable(Scope3_SourceData.Scope3_Feed_Data(), Table_SourceData_Scope3_Feed[[#Headers],[Category]], 0, 2)} -> QLD | G121: {=Common_InputFunctions.Utility_DisplayArrayInTable(Scope3_SourceData.Scope3_Feed_Data(), Table_SourceData_Scope3_Feed[[#Headers],[Category]], 0, 2)} -> kg | H121: {=Common_InputFunctions.Utility_DisplayArrayInTable(Scope3_SourceData.Scope3_Feed_Data(), Table_SourceData_Scope3_Feed[[#Headers],[Category]], 0, 2)} -> 0.118 | I121: {=Common_InputFunctions.Utility_DisplayArrayInTable(Scope3_SourceData.Scope3_Feed_Data(), Table_SourceData_Scope3_Feed[[#Headers],[Category]], 0, 2)} -> at market | N121: =Table_SourceData_Scope3_Feed[[#This Row],[Product]] -> Cereal hay | O121: =Table_SourceData_Scope3_Feed[[#This Row],[Region of origin]] -> QLD
D122: {=Common_InputFunctions.Utility_DisplayArrayInTable(Scope3_SourceData.Scope3_Feed_Data(), Table_SourceData_Scope3_Feed[[#Headers],[Category]], 0, 2)} -> Hay | E122: {=Common_InputFunctions.Utility_DisplayArrayInTable(Scope3_SourceData.Scope3_Feed_Data(), Table_SourceData_Scope3_Feed[[#Headers],[Category]], 0, 2)} -> Cereal hay | F122: {=Common_InputFunctions.Utility_DisplayArrayInTable(Scope3_SourceData.Scope3_Feed_Data(), Table_SourceData_Scope3_Feed[[#Headers],[Category]], 0, 2)} -> SA | G122: {=Common_InputFunctions.Utility_DisplayArrayInTable(Scope3_SourceData.Scope3_Feed_Data(), Table_SourceData_Scope3_Feed[[#Headers],[Category]], 0, 2)} -> kg | H122: {=Common_InputFunctions.Utility_DisplayArrayInTable(Scope3_SourceData.Scope3_Feed_Data(), Table_SourceData_Scope3_Feed[[#Headers],[Category]], 0, 2)} -> 0.111 | I122: {=Common_InputFunctions.Utility_DisplayArrayInTable(Scope3_SourceData.Scope3_Feed_Data(), Table_SourceData_Scope3_Feed[[#Headers],[Category]], 0, 2)} -> at market | N122: =Table_SourceData_Scope3_Feed[[#This Row],[Product]] -> Cereal hay | O122: =Table_SourceData_Scope3_Feed[[#This Row],[Region of origin]] -> SA
D123: {=Common_InputFunctions.Utility_DisplayArrayInTable(Scope3_SourceData.Scope3_Feed_Data(), Table_SourceData_Scope3_Feed[[#Headers],[Category]], 0, 2)} -> Hay | E123: {=Common_InputFunctions.Utility_DisplayArrayInTable(Scope3_SourceData.Scope3_Feed_Data(), Table_SourceData_Scope3_Feed[[#Headers],[Category]], 0, 2)} -> Cereal hay | F123: {=Common_InputFunctions.Utility_DisplayArrayInTable(Scope3_SourceData.Scope3_Feed_Data(), Table_SourceData_Scope3_Feed[[#Headers],[Category]], 0, 2)} -> TAS | G123: {=Common_InputFunctions.Utility_DisplayArrayInTable(Scope3_SourceData.Scope3_Feed_Data(), Table_SourceData_Scope3_Feed[[#Headers],[Category]], 0, 2)} -> kg | H123: {=Common_InputFunctions.Utility_DisplayArrayInTable(Scope3_SourceData.Scope3_Feed_Data(), Table_SourceData_Scope3_Feed[[#Headers],[Category]], 0, 2)} -> 0.139 | I123: {=Common_InputFunctions.Utility_DisplayArrayInTable(Scope3_SourceData.Scope3_Feed_Data(), Table_SourceData_Scope3_Feed[[#Headers],[Category]], 0, 2)} -> at market | N123: =Table_SourceData_Scope3_Feed[[#This Row],[Product]] -> Cereal hay | O123: =Table_SourceData_Scope3_Feed[[#This Row],[Region of origin]] -> TAS
D124: {=Common_InputFunctions.Utility_DisplayArrayInTable(Scope3_SourceData.Scope3_Feed_Data(), Table_SourceData_Scope3_Feed[[#Headers],[Category]], 0, 2)} -> Hay | E124: {=Common_InputFunctions.Utility_DisplayArrayInTable(Scope3_SourceData.Scope3_Feed_Data(), Table_SourceData_Scope3_Feed[[#Headers],[Category]], 0, 2)} -> Cereal hay | F124: {=Common_InputFunctions.Utility_DisplayArrayInTable(Scope3_SourceData.Scope3_Feed_Data(), Table_SourceData_Scope3_Feed[[#Headers],[Category]], 0, 2)} -> VIC | G124: {=Common_InputFunctions.Utility_DisplayArrayInTable(Scope3_SourceData.Scope3_Feed_Data(), Table_SourceData_Scope3_Feed[[#Headers],[Category]], 0, 2)} -> kg | H124: {=Common_InputFunctions.Utility_DisplayArrayInTable(Scope3_SourceData.Scope3_Feed_Data(), Table_SourceData_Scope3_Feed[[#Headers],[Category]], 0, 2)} -> 0.116 | I124: {=Common_InputFunctions.Utility_DisplayArrayInTable(Scope3_SourceData.Scope3_Feed_Data(), Table_SourceData_Scope3_Feed[[#Headers],[Category]], 0, 2)} -> at market | N124: =Table_SourceData_Scope3_Feed[[#This Row],[Product]] -> Cereal hay | O124: =Table_SourceData_Scope3_Feed[[#This Row],[Region of origin]] -> VIC
D125: {=Common_InputFunctions.Utility_DisplayArrayInTable(Scope3_SourceData.Scope3_Feed_Data(), Table_SourceData_Scope3_Feed[[#Headers],[Category]], 0, 2)} -> Hay | E125: {=Common_InputFunctions.Utility_DisplayArrayInTable(Scope3_SourceData.Scope3_Feed_Data(), Table_SourceData_Scope3_Feed[[#Headers],[Category]], 0, 2)} -> Cereal hay | F125: {=Common_InputFunctions.Utility_DisplayArrayInTable(Scope3_SourceData.Scope3_Feed_Data(), Table_SourceData_Scope3_Feed[[#Headers],[Category]], 0, 2)} -> WA | G125: {=Common_InputFunctions.Utility_DisplayArrayInTable(Scope3_SourceData.Scope3_Feed_Data(), Table_SourceData_Scope3_Feed[[#Headers],[Category]], 0, 2)} -> kg | H125: {=Common_InputFunctions.Utility_DisplayArrayInTable(Scope3_SourceData.Scope3_Feed_Data(), Table_SourceData_Scope3_Feed[[#Headers],[Category]], 0, 2)} -> 0.122 | I125: {=Common_InputFunctions.Utility_DisplayArrayInTable(Scope3_SourceData.Scope3_Feed_Data(), Table_SourceData_Scope3_Feed[[#Headers],[Category]], 0, 2)} -> at market | K125: Product | L125: Region | M125: ="Table_ProductRegions_" & SUBSTITUTE(SUBSTITUTE(SUBSTITUTE(SUBSTITUTE(K126, " ", ""), ",", ""), "(", ""), ")", "") -> Table_ProductRegions_Cerealsilage | N125: =Table_SourceData_Scope3_Feed[[#This Row],[Product]] -> Cereal hay | O125: =Table_SourceData_Scope3_Feed[[#This Row],[Region of origin]] -> WA
D126: {=Common_InputFunctions.Utility_DisplayArrayInTable(Scope3_SourceData.Scope3_Feed_Data(), Table_SourceData_Scope3_Feed[[#Headers],[Category]], 0, 2)} -> Hay | E126: {=Common_InputFunctions.Utility_DisplayArrayInTable(Scope3_SourceData.Scope3_Feed_Data(), Table_SourceData_Scope3_Feed[[#Headers],[Category]], 0, 2)} -> Cereal silage | F126: {=Common_InputFunctions.Utility_DisplayArrayInTable(Scope3_SourceData.Scope3_Feed_Data(), Table_SourceData_Scope3_Feed[[#Headers],[Category]], 0, 2)} -> Australia | G126: {=Common_InputFunctions.Utility_DisplayArrayInTable(Scope3_SourceData.Scope3_Feed_Data(), Table_SourceData_Scope3_Feed[[#Headers],[Category]], 0, 2)} -> kg | H126: {=Common_InputFunctions.Utility_DisplayArrayInTable(Scope3_SourceData.Scope3_Feed_Data(), Table_SourceData_Scope3_Feed[[#Headers],[Category]], 0, 2)} -> 0.0744 | I126: {=Common_InputFunctions.Utility_DisplayArrayInTable(Scope3_SourceData.Scope3_Feed_Data(), Table_SourceData_Scope3_Feed[[#Headers],[Category]], 0, 2)} -> at market | K126: =Table_SourceData_Scope3_Feed[[#This Row],[Product]] -> Cereal silage | L126: =Table_SourceData_Scope3_Feed[[#This Row],[Region of origin]] -> Australia
D127: {=Common_InputFunctions.Utility_DisplayArrayInTable(Scope3_SourceData.Scope3_Feed_Data(), Table_SourceData_Scope3_Feed[[#Headers],[Category]], 0, 2)} -> Hay | E127: {=Common_InputFunctions.Utility_DisplayArrayInTable(Scope3_SourceData.Scope3_Feed_Data(), Table_SourceData_Scope3_Feed[[#Headers],[Category]], 0, 2)} -> Cereal silage | F127: {=Common_InputFunctions.Utility_DisplayArrayInTable(Scope3_SourceData.Scope3_Feed_Data(), Table_SourceData_Scope3_Feed[[#Headers],[Category]], 0, 2)} -> NSW | G127: {=Common_InputFunctions.Utility_DisplayArrayInTable(Scope3_SourceData.Scope3_Feed_Data(), Table_SourceData_Scope3_Feed[[#Headers],[Category]], 0, 2)} -> kg | H127: {=Common_InputFunctions.Utility_DisplayArrayInTable(Scope3_SourceData.Scope3_Feed_Data(), Table_SourceData_Scope3_Feed[[#Headers],[Category]], 0, 2)} -> 0.0739 | I127: {=Common_InputFunctions.Utility_DisplayArrayInTable(Scope3_SourceData.Scope3_Feed_Data(), Table_SourceData_Scope3_Feed[[#Headers],[Category]], 0, 2)} -> at market | K127: =Table_SourceData_Scope3_Feed[[#This Row],[Product]] -> Cereal silage | L127: =Table_SourceData_Scope3_Feed[[#This Row],[Region of origin]] -> NSW
D128: {=Common_InputFunctions.Utility_DisplayArrayInTable(Scope3_SourceData.Scope3_Feed_Data(), Table_SourceData_Scope3_Feed[[#Headers],[Category]], 0, 2)} -> Hay | E128: {=Common_InputFunctions.Utility_DisplayArrayInTable(Scope3_SourceData.Scope3_Feed_Data(), Table_SourceData_Scope3_Feed[[#Headers],[Category]], 0, 2)} -> Cereal silage | F128: {=Common_InputFunctions.Utility_DisplayArrayInTable(Scope3_SourceData.Scope3_Feed_Data(), Table_SourceData_Scope3_Feed[[#Headers],[Category]], 0, 2)} -> QLD | G128: {=Common_InputFunctions.Utility_DisplayArrayInTable(Scope3_SourceData.Scope3_Feed_Data(), Table_SourceData_Scope3_Feed[[#Headers],[Category]], 0, 2)} -> kg | H128: {=Common_InputFunctions.Utility_DisplayArrayInTable(Scope3_SourceData.Scope3_Feed_Data(), Table_SourceData_Scope3_Feed[[#Headers],[Category]], 0, 2)} -> 0.079 | I128: {=Common_InputFunctions.Utility_DisplayArrayInTable(Scope3_SourceData.Scope3_Feed_Data(), Table_SourceData_Scope3_Feed[[#Headers],[Category]], 0, 2)} -> at market | K128: =Table_SourceData_Scope3_Feed[[#This Row],[Product]] -> Cereal silage | L128: =Table_SourceData_Scope3_Feed[[#This Row],[Region of origin]] -> QLD
D129: {=Common_InputFunctions.Utility_DisplayArrayInTable(Scope3_SourceData.Scope3_Feed_Data(), Table_SourceData_Scope3_Feed[[#Headers],[Category]], 0, 2)} -> Hay | E129: {=Common_InputFunctions.Utility_DisplayArrayInTable(Scope3_SourceData.Scope3_Feed_Data(), Table_SourceData_Scope3_Feed[[#Headers],[Category]], 0, 2)} -> Cereal silage | F129: {=Common_InputFunctions.Utility_DisplayArrayInTable(Scope3_SourceData.Scope3_Feed_Data(), Table_SourceData_Scope3_Feed[[#Headers],[Category]], 0, 2)} -> SA | G129: {=Common_InputFunctions.Utility_DisplayArrayInTable(Scope3_SourceData.Scope3_Feed_Data(), Table_SourceData_Scope3_Feed[[#Headers],[Category]], 0, 2)} -> kg | H129: {=Common_InputFunctions.Utility_DisplayArrayInTable(Scope3_SourceData.Scope3_Feed_Data(), Table_SourceData_Scope3_Feed[[#Headers],[Category]], 0, 2)} -> 0.0706 | I129: {=Common_InputFunctions.Utility_DisplayArrayInTable(Scope3_SourceData.Scope3_Feed_Data(), Table_SourceData_Scope3_Feed[[#Headers],[Category]], 0, 2)} -> at market | K129: =Table_SourceData_Scope3_Feed[[#This Row],[Product]] -> Cereal silage | L129: =Table_SourceData_Scope3_Feed[[#This Row],[Region of origin]] -> SA
D130: {=Common_InputFunctions.Utility_DisplayArrayInTable(Scope3_SourceData.Scope3_Feed_Data(), Table_SourceData_Scope3_Feed[[#Headers],[Category]], 0, 2)} -> Hay | E130: {=Common_InputFunctions.Utility_DisplayArrayInTable(Scope3_SourceData.Scope3_Feed_Data(), Table_SourceData_Scope3_Feed[[#Headers],[Category]], 0, 2)} -> Cereal silage | F130: {=Common_InputFunctions.Utility_DisplayArrayInTable(Scope3_SourceData.Scope3_Feed_Data(), Table_SourceData_Scope3_Feed[[#Headers],[Category]], 0, 2)} -> TAS | G130: {=Common_InputFunctions.Utility_DisplayArrayInTable(Scope3_SourceData.Scope3_Feed_Data(), Table_SourceData_Scope3_Feed[[#Headers],[Category]], 0, 2)} -> kg | H130: {=Common_InputFunctions.Utility_DisplayArrayInTable(Scope3_SourceData.Scope3_Feed_Data(), Table_SourceData_Scope3_Feed[[#Headers],[Category]], 0, 2)} -> 0.0808 | I130: {=Common_InputFunctions.Utility_DisplayArrayInTable(Scope3_SourceData.Scope3_Feed_Data(), Table_SourceData_Scope3_Feed[[#Headers],[Category]], 0, 2)} -> at market | K130: =Table_SourceData_Scope3_Feed[[#This Row],[Product]] -> Cereal silage | L130: =Table_SourceData_Scope3_Feed[[#This Row],[Region of origin]] -> TAS
D131: {=Common_InputFunctions.Utility_DisplayArrayInTable(Scope3_SourceData.Scope3_Feed_Data(), Table_SourceData_Scope3_Feed[[#Headers],[Category]], 0, 2)} -> Hay | E131: {=Common_InputFunctions.Utility_DisplayArrayInTable(Scope3_SourceData.Scope3_Feed_Data(), Table_SourceData_Scope3_Feed[[#Headers],[Category]], 0, 2)} -> Cereal silage | F131: {=Common_InputFunctions.Utility_DisplayArrayInTable(Scope3_SourceData.Scope3_Feed_Data(), Table_SourceData_Scope3_Feed[[#Headers],[Category]], 0, 2)} -> VIC | G131: {=Common_InputFunctions.Utility_DisplayArrayInTable(Scope3_SourceData.Scope3_Feed_Data(), Table_SourceData_Scope3_Feed[[#Headers],[Category]], 0, 2)} -> kg | H131: {=Common_InputFunctions.Utility_DisplayArrayInTable(Scope3_SourceData.Scope3_Feed_Data(), Table_SourceData_Scope3_Feed[[#Headers],[Category]], 0, 2)} -> 0.0736 | I131: {=Common_InputFunctions.Utility_DisplayArrayInTable(Scope3_SourceData.Scope3_Feed_Data(), Table_SourceData_Scope3_Feed[[#Headers],[Category]], 0, 2)} -> at market | K131: =Table_SourceData_Scope3_Feed[[#This Row],[Product]] -> Cereal silage | L131: =Table_SourceData_Scope3_Feed[[#This Row],[Region of origin]] -> VIC | N131: Product | O131: Region | P131: ="Table_ProductRegions_" & SUBSTITUTE(SUBSTITUTE(SUBSTITUTE(SUBSTITUTE(N132, " ", ""), ",", ""), "(", ""), ")", "") -> Table_ProductRegions_Lucernehay
D132: {=Common_InputFunctions.Utility_DisplayArrayInTable(Scope3_SourceData.Scope3_Feed_Data(), Table_SourceData_Scope3_Feed[[#Headers],[Category]], 0, 2)} -> Hay | E132: {=Common_InputFunctions.Utility_DisplayArrayInTable(Scope3_SourceData.Scope3_Feed_Data(), Table_SourceData_Scope3_Feed[[#Headers],[Category]], 0, 2)} -> Lucerne hay | F132: {=Common_InputFunctions.Utility_DisplayArrayInTable(Scope3_SourceData.Scope3_Feed_Data(), Table_SourceData_Scope3_Feed[[#Headers],[Category]], 0, 2)} -> Australia | G132: {=Common_InputFunctions.Utility_DisplayArrayInTable(Scope3_SourceData.Scope3_Feed_Data(), Table_SourceData_Scope3_Feed[[#Headers],[Category]], 0, 2)} -> kg | H132: {=Common_InputFunctions.Utility_DisplayArrayInTable(Scope3_SourceData.Scope3_Feed_Data(), Table_SourceData_Scope3_Feed[[#Headers],[Category]], 0, 2)} -> 0.117 | I132: {=Common_InputFunctions.Utility_DisplayArrayInTable(Scope3_SourceData.Scope3_Feed_Data(), Table_SourceData_Scope3_Feed[[#Headers],[Category]], 0, 2)} -> at market | N132: =Table_SourceData_Scope3_Feed[[#This Row],[Product]] -> Lucerne hay | O132: =Table_SourceData_Scope3_Feed[[#This Row],[Region of origin]] -> Australia
D133: {=Common_InputFunctions.Utility_DisplayArrayInTable(Scope3_SourceData.Scope3_Feed_Data(), Table_SourceData_Scope3_Feed[[#Headers],[Category]], 0, 2)} -> Hay | E133: {=Common_InputFunctions.Utility_DisplayArrayInTable(Scope3_SourceData.Scope3_Feed_Data(), Table_SourceData_Scope3_Feed[[#Headers],[Category]], 0, 2)} -> Lucerne hay | F133: {=Common_InputFunctions.Utility_DisplayArrayInTable(Scope3_SourceData.Scope3_Feed_Data(), Table_SourceData_Scope3_Feed[[#Headers],[Category]], 0, 2)} -> NSW | G133: {=Common_InputFunctions.Utility_DisplayArrayInTable(Scope3_SourceData.Scope3_Feed_Data(), Table_SourceData_Scope3_Feed[[#Headers],[Category]], 0, 2)} -> kg | H133: {=Common_InputFunctions.Utility_DisplayArrayInTable(Scope3_SourceData.Scope3_Feed_Data(), Table_SourceData_Scope3_Feed[[#Headers],[Category]], 0, 2)} -> 0.113 | I133: {=Common_InputFunctions.Utility_DisplayArrayInTable(Scope3_SourceData.Scope3_Feed_Data(), Table_SourceData_Scope3_Feed[[#Headers],[Category]], 0, 2)} -> at market | N133: =Table_SourceData_Scope3_Feed[[#This Row],[Product]] -> Lucerne hay | O133: =Table_SourceData_Scope3_Feed[[#This Row],[Region of origin]] -> NSW
D134: {=Common_InputFunctions.Utility_DisplayArrayInTable(Scope3_SourceData.Scope3_Feed_Data(), Table_SourceData_Scope3_Feed[[#Headers],[Category]], 0, 2)} -> Hay | E134: {=Common_InputFunctions.Utility_DisplayArrayInTable(Scope3_SourceData.Scope3_Feed_Data(), Table_SourceData_Scope3_Feed[[#Headers],[Category]], 0, 2)} -> Lucerne hay | F134: {=Common_InputFunctions.Utility_DisplayArrayInTable(Scope3_SourceData.Scope3_Feed_Data(), Table_SourceData_Scope3_Feed[[#Headers],[Category]], 0, 2)} -> QLD | G134: {=Common_InputFunctions.Utility_DisplayArrayInTable(Scope3_SourceData.Scope3_Feed_Data(), Table_SourceData_Scope3_Feed[[#Headers],[Category]], 0, 2)} -> kg | H134: {=Common_InputFunctions.Utility_DisplayArrayInTable(Scope3_SourceData.Scope3_Feed_Data(), Table_SourceData_Scope3_Feed[[#Headers],[Category]], 0, 2)} -> 0.143 | I134: {=Common_InputFunctions.Utility_DisplayArrayInTable(Scope3_SourceData.Scope3_Feed_Data(), Table_SourceData_Scope3_Feed[[#Headers],[Category]], 0, 2)} -> at market | N134: =Table_SourceData_Scope3_Feed[[#This Row],[Product]] -> Lucerne hay | O134: =Table_SourceData_Scope3_Feed[[#This Row],[Region of origin]] -> QLD
D135: {=Common_InputFunctions.Utility_DisplayArrayInTable(Scope3_SourceData.Scope3_Feed_Data(), Table_SourceData_Scope3_Feed[[#Headers],[Category]], 0, 2)} -> Hay | E135: {=Common_InputFunctions.Utility_DisplayArrayInTable(Scope3_SourceData.Scope3_Feed_Data(), Table_SourceData_Scope3_Feed[[#Headers],[Category]], 0, 2)} -> Lucerne hay | F135: {=Common_InputFunctions.Utility_DisplayArrayInTable(Scope3_SourceData.Scope3_Feed_Data(), Table_SourceData_Scope3_Feed[[#Headers],[Category]], 0, 2)} -> SA | G135: {=Common_InputFunctions.Utility_DisplayArrayInTable(Scope3_SourceData.Scope3_Feed_Data(), Table_SourceData_Scope3_Feed[[#Headers],[Category]], 0, 2)} -> kg | H135: {=Common_InputFunctions.Utility_DisplayArrayInTable(Scope3_SourceData.Scope3_Feed_Data(), Table_SourceData_Scope3_Feed[[#Headers],[Category]], 0, 2)} -> 0.106 | I135: {=Common_InputFunctions.Utility_DisplayArrayInTable(Scope3_SourceData.Scope3_Feed_Data(), Table_SourceData_Scope3_Feed[[#Headers],[Category]], 0, 2)} -> at market | N135: =Table_SourceData_Scope3_Feed[[#This Row],[Product]] -> Lucerne hay | O135: =Table_SourceData_Scope3_Feed[[#This Row],[Region of origin]] -> SA
D136: {=Common_InputFunctions.Utility_DisplayArrayInTable(Scope3_SourceData.Scope3_Feed_Data(), Table_SourceData_Scope3_Feed[[#Headers],[Category]], 0, 2)} -> Hay | E136: {=Common_InputFunctions.Utility_DisplayArrayInTable(Scope3_SourceData.Scope3_Feed_Data(), Table_SourceData_Scope3_Feed[[#Headers],[Category]], 0, 2)} -> Lucerne hay | F136: {=Common_InputFunctions.Utility_DisplayArrayInTable(Scope3_SourceData.Scope3_Feed_Data(), Table_SourceData_Scope3_Feed[[#Headers],[Category]], 0, 2)} -> TAS | G136: {=Common_InputFunctions.Utility_DisplayArrayInTable(Scope3_SourceData.Scope3_Feed_Data(), Table_SourceData_Scope3_Feed[[#Headers],[Category]], 0, 2)} -> kg | H136: {=Common_InputFunctions.Utility_DisplayArrayInTable(Scope3_SourceData.Scope3_Feed_Data(), Table_SourceData_Scope3_Feed[[#Headers],[Category]], 0, 2)} -> 0.113 | I136: {=Common_InputFunctions.Utility_DisplayArrayInTable(Scope3_SourceData.Scope3_Feed_Data(), Table_SourceData_Scope3_Feed[[#Headers],[Category]], 0, 2)} -> at market | N136: =Table_SourceData_Scope3_Feed[[#This Row],[Product]] -> Lucerne hay | O136: =Table_SourceData_Scope3_Feed[[#This Row],[Region of origin]] -> TAS
D137: {=Common_InputFunctions.Utility_DisplayArrayInTable(Scope3_SourceData.Scope3_Feed_Data(), Table_SourceData_Scope3_Feed[[#Headers],[Category]], 0, 2)} -> Hay | E137: {=Common_InputFunctions.Utility_DisplayArrayInTable(Scope3_SourceData.Scope3_Feed_Data(), Table_SourceData_Scope3_Feed[[#Headers],[Category]], 0, 2)} -> Lucerne hay | F137: {=Common_InputFunctions.Utility_DisplayArrayInTable(Scope3_SourceData.Scope3_Feed_Data(), Table_SourceData_Scope3_Feed[[#Headers],[Category]], 0, 2)} -> VIC | G137: {=Common_InputFunctions.Utility_DisplayArrayInTable(Scope3_SourceData.Scope3_Feed_Data(), Table_SourceData_Scope3_Feed[[#Headers],[Category]], 0, 2)} -> kg | H137: {=Common_InputFunctions.Utility_DisplayArrayInTable(Scope3_SourceData.Scope3_Feed_Data(), Table_SourceData_Scope3_Feed[[#Headers],[Category]], 0, 2)} -> 0.106 | I137: {=Common_InputFunctions.Utility_DisplayArrayInTable(Scope3_SourceData.Scope3_Feed_Data(), Table_SourceData_Scope3_Feed[[#Headers],[Category]], 0, 2)} -> at market | N137: =Table_SourceData_Scope3_Feed[[#This Row],[Product]] -> Lucerne hay | O137: =Table_SourceData_Scope3_Feed[[#This Row],[Region of origin]] -> VIC
D138: {=Common_InputFunctions.Utility_DisplayArrayInTable(Scope3_SourceData.Scope3_Feed_Data(), Table_SourceData_Scope3_Feed[[#Headers],[Category]], 0, 2)} -> Hay | E138: {=Common_InputFunctions.Utility_DisplayArrayInTable(Scope3_SourceData.Scope3_Feed_Data(), Table_SourceData_Scope3_Feed[[#Headers],[Category]], 0, 2)} -> Maize silage | F138: {=Common_InputFunctions.Utility_DisplayArrayInTable(Scope3_SourceData.Scope3_Feed_Data(), Table_SourceData_Scope3_Feed[[#Headers],[Category]], 0, 2)} -> VIC | G138: {=Common_InputFunctions.Utility_DisplayArrayInTable(Scope3_SourceData.Scope3_Feed_Data(), Table_SourceData_Scope3_Feed[[#Headers],[Category]], 0, 2)} -> kg | H138: {=Common_InputFunctions.Utility_DisplayArrayInTable(Scope3_SourceData.Scope3_Feed_Data(), Table_SourceData_Scope3_Feed[[#Headers],[Category]], 0, 2)} -> 0.163 | I138: {=Common_InputFunctions.Utility_DisplayArrayInTable(Scope3_SourceData.Scope3_Feed_Data(), Table_SourceData_Scope3_Feed[[#Headers],[Category]], 0, 2)} -> at market | K138: Product | L138: Region | M138: ="Table_ProductRegions_" & SUBSTITUTE(SUBSTITUTE(SUBSTITUTE(SUBSTITUTE(K139, " ", ""), ",", ""), "(", ""), ")", "") -> Table_ProductRegions_Oatenhay | N138: =Table_SourceData_Scope3_Feed[[#This Row],[Product]] -> Maize silage | O138: =Table_SourceData_Scope3_Feed[[#This Row],[Region of origin]] -> VIC
D139: {=Common_InputFunctions.Utility_DisplayArrayInTable(Scope3_SourceData.Scope3_Feed_Data(), Table_SourceData_Scope3_Feed[[#Headers],[Category]], 0, 2)} -> Hay | E139: {=Common_InputFunctions.Utility_DisplayArrayInTable(Scope3_SourceData.Scope3_Feed_Data(), Table_SourceData_Scope3_Feed[[#Headers],[Category]], 0, 2)} -> Oaten hay | F139: {=Common_InputFunctions.Utility_DisplayArrayInTable(Scope3_SourceData.Scope3_Feed_Data(), Table_SourceData_Scope3_Feed[[#Headers],[Category]], 0, 2)} -> Australia | G139: {=Common_InputFunctions.Utility_DisplayArrayInTable(Scope3_SourceData.Scope3_Feed_Data(), Table_SourceData_Scope3_Feed[[#Headers],[Category]], 0, 2)} -> kg | H139: {=Common_InputFunctions.Utility_DisplayArrayInTable(Scope3_SourceData.Scope3_Feed_Data(), Table_SourceData_Scope3_Feed[[#Headers],[Category]], 0, 2)} -> 0.12 | I139: {=Common_InputFunctions.Utility_DisplayArrayInTable(Scope3_SourceData.Scope3_Feed_Data(), Table_SourceData_Scope3_Feed[[#Headers],[Category]], 0, 2)} -> at market | K139: =Table_SourceData_Scope3_Feed[[#This Row],[Product]] -> Oaten hay | L139: =Table_SourceData_Scope3_Feed[[#This Row],[Region of origin]] -> Australia
D140: {=Common_InputFunctions.Utility_DisplayArrayInTable(Scope3_SourceData.Scope3_Feed_Data(), Table_SourceData_Scope3_Feed[[#Headers],[Category]], 0, 2)} -> Hay | E140: {=Common_InputFunctions.Utility_DisplayArrayInTable(Scope3_SourceData.Scope3_Feed_Data(), Table_SourceData_Scope3_Feed[[#Headers],[Category]], 0, 2)} -> Oaten hay | F140: {=Common_InputFunctions.Utility_DisplayArrayInTable(Scope3_SourceData.Scope3_Feed_Data(), Table_SourceData_Scope3_Feed[[#Headers],[Category]], 0, 2)} -> NSW | G140: {=Common_InputFunctions.Utility_DisplayArrayInTable(Scope3_SourceData.Scope3_Feed_Data(), Table_SourceData_Scope3_Feed[[#Headers],[Category]], 0, 2)} -> kg | H140: {=Common_InputFunctions.Utility_DisplayArrayInTable(Scope3_SourceData.Scope3_Feed_Data(), Table_SourceData_Scope3_Feed[[#Headers],[Category]], 0, 2)} -> 0.119 | I140: {=Common_InputFunctions.Utility_DisplayArrayInTable(Scope3_SourceData.Scope3_Feed_Data(), Table_SourceData_Scope3_Feed[[#Headers],[Category]], 0, 2)} -> at market | K140: =Table_SourceData_Scope3_Feed[[#This Row],[Product]] -> Oaten hay | L140: =Table_SourceData_Scope3_Feed[[#This Row],[Region of origin]] -> NSW
D141: {=Common_InputFunctions.Utility_DisplayArrayInTable(Scope3_SourceData.Scope3_Feed_Data(), Table_SourceData_Scope3_Feed[[#Headers],[Category]], 0, 2)} -> Hay | E141: {=Common_InputFunctions.Utility_DisplayArrayInTable(Scope3_SourceData.Scope3_Feed_Data(), Table_SourceData_Scope3_Feed[[#Headers],[Category]], 0, 2)} -> Oaten hay | F141: {=Common_InputFunctions.Utility_DisplayArrayInTable(Scope3_SourceData.Scope3_Feed_Data(), Table_SourceData_Scope3_Feed[[#Headers],[Category]], 0, 2)} -> QLD | G141: {=Common_InputFunctions.Utility_DisplayArrayInTable(Scope3_SourceData.Scope3_Feed_Data(), Table_SourceData_Scope3_Feed[[#Headers],[Category]], 0, 2)} -> kg | H141: {=Common_InputFunctions.Utility_DisplayArrayInTable(Scope3_SourceData.Scope3_Feed_Data(), Table_SourceData_Scope3_Feed[[#Headers],[Category]], 0, 2)} -> 0.117 | I141: {=Common_InputFunctions.Utility_DisplayArrayInTable(Scope3_SourceData.Scope3_Feed_Data(), Table_SourceData_Scope3_Feed[[#Headers],[Category]], 0, 2)} -> at market | K141: =Table_SourceData_Scope3_Feed[[#This Row],[Product]] -> Oaten hay | L141: =Table_SourceData_Scope3_Feed[[#This Row],[Region of origin]] -> QLD
D142: {=Common_InputFunctions.Utility_DisplayArrayInTable(Scope3_SourceData.Scope3_Feed_Data(), Table_SourceData_Scope3_Feed[[#Headers],[Category]], 0, 2)} -> Hay | E142: {=Common_InputFunctions.Utility_DisplayArrayInTable(Scope3_SourceData.Scope3_Feed_Data(), Table_SourceData_Scope3_Feed[[#Headers],[Category]], 0, 2)} -> Oaten hay | F142: {=Common_InputFunctions.Utility_DisplayArrayInTable(Scope3_SourceData.Scope3_Feed_Data(), Table_SourceData_Scope3_Feed[[#Headers],[Category]], 0, 2)} -> SA | G142: {=Common_InputFunctions.Utility_DisplayArrayInTable(Scope3_SourceData.Scope3_Feed_Data(), Table_SourceData_Scope3_Feed[[#Headers],[Category]], 0, 2)} -> kg | H142: {=Common_InputFunctions.Utility_DisplayArrayInTable(Scope3_SourceData.Scope3_Feed_Data(), Table_SourceData_Scope3_Feed[[#Headers],[Category]], 0, 2)} -> 0.114 | I142: {=Common_InputFunctions.Utility_DisplayArrayInTable(Scope3_SourceData.Scope3_Feed_Data(), Table_SourceData_Scope3_Feed[[#Headers],[Category]], 0, 2)} -> at market | K142: =Table_SourceData_Scope3_Feed[[#This Row],[Product]] -> Oaten hay | L142: =Table_SourceData_Scope3_Feed[[#This Row],[Region of origin]] -> SA
D143: {=Common_InputFunctions.Utility_DisplayArrayInTable(Scope3_SourceData.Scope3_Feed_Data(), Table_SourceData_Scope3_Feed[[#Headers],[Category]], 0, 2)} -> Hay | E143: {=Common_InputFunctions.Utility_DisplayArrayInTable(Scope3_SourceData.Scope3_Feed_Data(), Table_SourceData_Scope3_Feed[[#Headers],[Category]], 0, 2)} -> Oaten hay | F143: {=Common_InputFunctions.Utility_DisplayArrayInTable(Scope3_SourceData.Scope3_Feed_Data(), Table_SourceData_Scope3_Feed[[#Headers],[Category]], 0, 2)} -> VIC | G143: {=Common_InputFunctions.Utility_DisplayArrayInTable(Scope3_SourceData.Scope3_Feed_Data(), Table_SourceData_Scope3_Feed[[#Headers],[Category]], 0, 2)} -> kg | H143: {=Common_InputFunctions.Utility_DisplayArrayInTable(Scope3_SourceData.Scope3_Feed_Data(), Table_SourceData_Scope3_Feed[[#Headers],[Category]], 0, 2)} -> 0.118 | I143: {=Common_InputFunctions.Utility_DisplayArrayInTable(Scope3_SourceData.Scope3_Feed_Data(), Table_SourceData_Scope3_Feed[[#Headers],[Category]], 0, 2)} -> at market | K143: =Table_SourceData_Scope3_Feed[[#This Row],[Product]] -> Oaten hay | L143: =Table_SourceData_Scope3_Feed[[#This Row],[Region of origin]] -> VIC
D144: {=Common_InputFunctions.Utility_DisplayArrayInTable(Scope3_SourceData.Scope3_Feed_Data(), Table_SourceData_Scope3_Feed[[#Headers],[Category]], 0, 2)} -> Hay | E144: {=Common_InputFunctions.Utility_DisplayArrayInTable(Scope3_SourceData.Scope3_Feed_Data(), Table_SourceData_Scope3_Feed[[#Headers],[Category]], 0, 2)} -> Oaten hay | F144: {=Common_InputFunctions.Utility_DisplayArrayInTable(Scope3_SourceData.Scope3_Feed_Data(), Table_SourceData_Scope3_Feed[[#Headers],[Category]], 0, 2)} -> WA | G144: {=Common_InputFunctions.Utility_DisplayArrayInTable(Scope3_SourceData.Scope3_Feed_Data(), Table_SourceData_Scope3_Feed[[#Headers],[Category]], 0, 2)} -> kg | H144: {=Common_InputFunctions.Utility_DisplayArrayInTable(Scope3_SourceData.Scope3_Feed_Data(), Table_SourceData_Scope3_Feed[[#Headers],[Category]], 0, 2)} -> 0.124 | I144: {=Common_InputFunctions.Utility_DisplayArrayInTable(Scope3_SourceData.Scope3_Feed_Data(), Table_SourceData_Scope3_Feed[[#Headers],[Category]], 0, 2)} -> at market | K144: =Table_SourceData_Scope3_Feed[[#This Row],[Product]] -> Oaten hay | L144: =Table_SourceData_Scope3_Feed[[#This Row],[Region of origin]] -> WA | N144: Product | O144: Region | P144: ="Table_ProductRegions_" & SUBSTITUTE(SUBSTITUTE(SUBSTITUTE(SUBSTITUTE(N145, " ", ""), ",", ""), "(", ""), ")", "") -> Table_ProductRegions_Pasturehay
D145: {=Common_InputFunctions.Utility_DisplayArrayInTable(Scope3_SourceData.Scope3_Feed_Data(), Table_SourceData_Scope3_Feed[[#Headers],[Category]], 0, 2)} -> Hay | E145: {=Common_InputFunctions.Utility_DisplayArrayInTable(Scope3_SourceData.Scope3_Feed_Data(), Table_SourceData_Scope3_Feed[[#Headers],[Category]], 0, 2)} -> Pasture hay | F145: {=Common_InputFunctions.Utility_DisplayArrayInTable(Scope3_SourceData.Scope3_Feed_Data(), Table_SourceData_Scope3_Feed[[#Headers],[Category]], 0, 2)} -> Australia | G145: {=Common_InputFunctions.Utility_DisplayArrayInTable(Scope3_SourceData.Scope3_Feed_Data(), Table_SourceData_Scope3_Feed[[#Headers],[Category]], 0, 2)} -> kg | H145: {=Common_InputFunctions.Utility_DisplayArrayInTable(Scope3_SourceData.Scope3_Feed_Data(), Table_SourceData_Scope3_Feed[[#Headers],[Category]], 0, 2)} -> 0.339 | I145: {=Common_InputFunctions.Utility_DisplayArrayInTable(Scope3_SourceData.Scope3_Feed_Data(), Table_SourceData_Scope3_Feed[[#Headers],[Category]], 0, 2)} -> at market | N145: =Table_SourceData_Scope3_Feed[[#This Row],[Product]] -> Pasture hay | O145: =Table_SourceData_Scope3_Feed[[#This Row],[Region of origin]] -> Australia
D146: {=Common_InputFunctions.Utility_DisplayArrayInTable(Scope3_SourceData.Scope3_Feed_Data(), Table_SourceData_Scope3_Feed[[#Headers],[Category]], 0, 2)} -> Hay | E146: {=Common_InputFunctions.Utility_DisplayArrayInTable(Scope3_SourceData.Scope3_Feed_Data(), Table_SourceData_Scope3_Feed[[#Headers],[Category]], 0, 2)} -> Pasture hay | F146: {=Common_InputFunctions.Utility_DisplayArrayInTable(Scope3_SourceData.Scope3_Feed_Data(), Table_SourceData_Scope3_Feed[[#Headers],[Category]], 0, 2)} -> NSW | G146: {=Common_InputFunctions.Utility_DisplayArrayInTable(Scope3_SourceData.Scope3_Feed_Data(), Table_SourceData_Scope3_Feed[[#Headers],[Category]], 0, 2)} -> kg | H146: {=Common_InputFunctions.Utility_DisplayArrayInTable(Scope3_SourceData.Scope3_Feed_Data(), Table_SourceData_Scope3_Feed[[#Headers],[Category]], 0, 2)} -> 0.311 | I146: {=Common_InputFunctions.Utility_DisplayArrayInTable(Scope3_SourceData.Scope3_Feed_Data(), Table_SourceData_Scope3_Feed[[#Headers],[Category]], 0, 2)} -> at market | N146: =Table_SourceData_Scope3_Feed[[#This Row],[Product]] -> Pasture hay | O146: =Table_SourceData_Scope3_Feed[[#This Row],[Region of origin]] -> NSW
D147: {=Common_InputFunctions.Utility_DisplayArrayInTable(Scope3_SourceData.Scope3_Feed_Data(), Table_SourceData_Scope3_Feed[[#Headers],[Category]], 0, 2)} -> Hay | E147: {=Common_InputFunctions.Utility_DisplayArrayInTable(Scope3_SourceData.Scope3_Feed_Data(), Table_SourceData_Scope3_Feed[[#Headers],[Category]], 0, 2)} -> Pasture hay | F147: {=Common_InputFunctions.Utility_DisplayArrayInTable(Scope3_SourceData.Scope3_Feed_Data(), Table_SourceData_Scope3_Feed[[#Headers],[Category]], 0, 2)} -> QLD | G147: {=Common_InputFunctions.Utility_DisplayArrayInTable(Scope3_SourceData.Scope3_Feed_Data(), Table_SourceData_Scope3_Feed[[#Headers],[Category]], 0, 2)} -> kg | H147: {=Common_InputFunctions.Utility_DisplayArrayInTable(Scope3_SourceData.Scope3_Feed_Data(), Table_SourceData_Scope3_Feed[[#Headers],[Category]], 0, 2)} -> 0.254 | I147: {=Common_InputFunctions.Utility_DisplayArrayInTable(Scope3_SourceData.Scope3_Feed_Data(), Table_SourceData_Scope3_Feed[[#Headers],[Category]], 0, 2)} -> at market | N147: =Table_SourceData_Scope3_Feed[[#This Row],[Product]] -> Pasture hay | O147: =Table_SourceData_Scope3_Feed[[#This Row],[Region of origin]] -> QLD
D148: {=Common_InputFunctions.Utility_DisplayArrayInTable(Scope3_SourceData.Scope3_Feed_Data(), Table_SourceData_Scope3_Feed[[#Headers],[Category]], 0, 2)} -> Hay | E148: {=Common_InputFunctions.Utility_DisplayArrayInTable(Scope3_SourceData.Scope3_Feed_Data(), Table_SourceData_Scope3_Feed[[#Headers],[Category]], 0, 2)} -> Pasture hay | F148: {=Common_InputFunctions.Utility_DisplayArrayInTable(Scope3_SourceData.Scope3_Feed_Data(), Table_SourceData_Scope3_Feed[[#Headers],[Category]], 0, 2)} -> SA | G148: {=Common_InputFunctions.Utility_DisplayArrayInTable(Scope3_SourceData.Scope3_Feed_Data(), Table_SourceData_Scope3_Feed[[#Headers],[Category]], 0, 2)} -> kg | H148: {=Common_InputFunctions.Utility_DisplayArrayInTable(Scope3_SourceData.Scope3_Feed_Data(), Table_SourceData_Scope3_Feed[[#Headers],[Category]], 0, 2)} -> 0.313 | I148: {=Common_InputFunctions.Utility_DisplayArrayInTable(Scope3_SourceData.Scope3_Feed_Data(), Table_SourceData_Scope3_Feed[[#Headers],[Category]], 0, 2)} -> at market | N148: =Table_SourceData_Scope3_Feed[[#This Row],[Product]] -> Pasture hay | O148: =Table_SourceData_Scope3_Feed[[#This Row],[Region of origin]] -> SA
D149: {=Common_InputFunctions.Utility_DisplayArrayInTable(Scope3_SourceData.Scope3_Feed_Data(), Table_SourceData_Scope3_Feed[[#Headers],[Category]], 0, 2)} -> Hay | E149: {=Common_InputFunctions.Utility_DisplayArrayInTable(Scope3_SourceData.Scope3_Feed_Data(), Table_SourceData_Scope3_Feed[[#Headers],[Category]], 0, 2)} -> Pasture hay | F149: {=Common_InputFunctions.Utility_DisplayArrayInTable(Scope3_SourceData.Scope3_Feed_Data(), Table_SourceData_Scope3_Feed[[#Headers],[Category]], 0, 2)} -> TAS | G149: {=Common_InputFunctions.Utility_DisplayArrayInTable(Scope3_SourceData.Scope3_Feed_Data(), Table_SourceData_Scope3_Feed[[#Headers],[Category]], 0, 2)} -> kg | H149: {=Common_InputFunctions.Utility_DisplayArrayInTable(Scope3_SourceData.Scope3_Feed_Data(), Table_SourceData_Scope3_Feed[[#Headers],[Category]], 0, 2)} -> 0.398 | I149: {=Common_InputFunctions.Utility_DisplayArrayInTable(Scope3_SourceData.Scope3_Feed_Data(), Table_SourceData_Scope3_Feed[[#Headers],[Category]], 0, 2)} -> at market | N149: =Table_SourceData_Scope3_Feed[[#This Row],[Product]] -> Pasture hay | O149: =Table_SourceData_Scope3_Feed[[#This Row],[Region of origin]] -> TAS
D150: {=Common_InputFunctions.Utility_DisplayArrayInTable(Scope3_SourceData.Scope3_Feed_Data(), Table_SourceData_Scope3_Feed[[#Headers],[Category]], 0, 2)} -> Hay | E150: {=Common_InputFunctions.Utility_DisplayArrayInTable(Scope3_SourceData.Scope3_Feed_Data(), Table_SourceData_Scope3_Feed[[#Headers],[Category]], 0, 2)} -> Pasture hay | F150: {=Common_InputFunctions.Utility_DisplayArrayInTable(Scope3_SourceData.Scope3_Feed_Data(), Table_SourceData_Scope3_Feed[[#Headers],[Category]], 0, 2)} -> VIC | G150: {=Common_InputFunctions.Utility_DisplayArrayInTable(Scope3_SourceData.Scope3_Feed_Data(), Table_SourceData_Scope3_Feed[[#Headers],[Category]], 0, 2)} -> kg | H150: {=Common_InputFunctions.Utility_DisplayArrayInTable(Scope3_SourceData.Scope3_Feed_Data(), Table_SourceData_Scope3_Feed[[#Headers],[Category]], 0, 2)} -> 0.345 | I150: {=Common_InputFunctions.Utility_DisplayArrayInTable(Scope3_SourceData.Scope3_Feed_Data(), Table_SourceData_Scope3_Feed[[#Headers],[Category]], 0, 2)} -> at market | N150: =Table_SourceData_Scope3_Feed[[#This Row],[Product]] -> Pasture hay | O150: =Table_SourceData_Scope3_Feed[[#This Row],[Region of origin]] -> VIC
D151: {=Common_InputFunctions.Utility_DisplayArrayInTable(Scope3_SourceData.Scope3_Feed_Data(), Table_SourceData_Scope3_Feed[[#Headers],[Category]], 0, 2)} -> Hay | E151: {=Common_InputFunctions.Utility_DisplayArrayInTable(Scope3_SourceData.Scope3_Feed_Data(), Table_SourceData_Scope3_Feed[[#Headers],[Category]], 0, 2)} -> Pasture hay | F151: {=Common_InputFunctions.Utility_DisplayArrayInTable(Scope3_SourceData.Scope3_Feed_Data(), Table_SourceData_Scope3_Feed[[#Headers],[Category]], 0, 2)} -> WA | G151: {=Common_InputFunctions.Utility_DisplayArrayInTable(Scope3_SourceData.Scope3_Feed_Data(), Table_SourceData_Scope3_Feed[[#Headers],[Category]], 0, 2)} -> kg | H151: {=Common_InputFunctions.Utility_DisplayArrayInTable(Scope3_SourceData.Scope3_Feed_Data(), Table_SourceData_Scope3_Feed[[#Headers],[Category]], 0, 2)} -> 0.368 | I151: {=Common_InputFunctions.Utility_DisplayArrayInTable(Scope3_SourceData.Scope3_Feed_Data(), Table_SourceData_Scope3_Feed[[#Headers],[Category]], 0, 2)} -> at market | K151: Product | L151: Region | M151: ="Table_ProductRegions_" & SUBSTITUTE(SUBSTITUTE(SUBSTITUTE(SUBSTITUTE(K152, " ", ""), ",", ""), "(", ""), ")", "") -> Table_ProductRegions_Canolameal | N151: =Table_SourceData_Scope3_Feed[[#This Row],[Product]] -> Pasture hay | O151: =Table_SourceData_Scope3_Feed[[#This Row],[Region of origin]] -> WA
D152: {=Common_InputFunctions.Utility_DisplayArrayInTable(Scope3_SourceData.Scope3_Feed_Data(), Table_SourceData_Scope3_Feed[[#Headers],[Category]], 0, 2)} -> Meal | E152: {=Common_InputFunctions.Utility_DisplayArrayInTable(Scope3_SourceData.Scope3_Feed_Data(), Table_SourceData_Scope3_Feed[[#Headers],[Category]], 0, 2)} -> Canola meal | F152: {=Common_InputFunctions.Utility_DisplayArrayInTable(Scope3_SourceData.Scope3_Feed_Data(), Table_SourceData_Scope3_Feed[[#Headers],[Category]], 0, 2)} -> Australia | G152: {=Common_InputFunctions.Utility_DisplayArrayInTable(Scope3_SourceData.Scope3_Feed_Data(), Table_SourceData_Scope3_Feed[[#Headers],[Category]], 0, 2)} -> kg | H152: {=Common_InputFunctions.Utility_DisplayArrayInTable(Scope3_SourceData.Scope3_Feed_Data(), Table_SourceData_Scope3_Feed[[#Headers],[Category]], 0, 2)} -> 0.244 | I152: {=Common_InputFunctions.Utility_DisplayArrayInTable(Scope3_SourceData.Scope3_Feed_Data(), Table_SourceData_Scope3_Feed[[#Headers],[Category]], 0, 2)} -> at market | K152: =Table_SourceData_Scope3_Feed[[#This Row],[Product]] -> Canola meal | L152: =Table_SourceData_Scope3_Feed[[#This Row],[Region of origin]] -> Australia | N152: Product | O152: Region | P152: ="Table_ProductRegions_" & SUBSTITUTE(SUBSTITUTE(SUBSTITUTE(SUBSTITUTE(N153, " ", ""), ",", ""), "(", ""), ")", "") -> Table_ProductRegions_Meatmeal
D153: {=Common_InputFunctions.Utility_DisplayArrayInTable(Scope3_SourceData.Scope3_Feed_Data(), Table_SourceData_Scope3_Feed[[#Headers],[Category]], 0, 2)} -> Meal | E153: {=Common_InputFunctions.Utility_DisplayArrayInTable(Scope3_SourceData.Scope3_Feed_Data(), Table_SourceData_Scope3_Feed[[#Headers],[Category]], 0, 2)} -> Meat meal | F153: {=Common_InputFunctions.Utility_DisplayArrayInTable(Scope3_SourceData.Scope3_Feed_Data(), Table_SourceData_Scope3_Feed[[#Headers],[Category]], 0, 2)} -> Australia | G153: {=Common_InputFunctions.Utility_DisplayArrayInTable(Scope3_SourceData.Scope3_Feed_Data(), Table_SourceData_Scope3_Feed[[#Headers],[Category]], 0, 2)} -> kg | H153: {=Common_InputFunctions.Utility_DisplayArrayInTable(Scope3_SourceData.Scope3_Feed_Data(), Table_SourceData_Scope3_Feed[[#Headers],[Category]], 0, 2)} -> 0.408 | I153: {=Common_InputFunctions.Utility_DisplayArrayInTable(Scope3_SourceData.Scope3_Feed_Data(), Table_SourceData_Scope3_Feed[[#Headers],[Category]], 0, 2)} -> at market | K153: Product | L153: Region | M153: ="Table_ProductRegions_" & SUBSTITUTE(SUBSTITUTE(SUBSTITUTE(SUBSTITUTE(K154, " ", ""), ",", ""), "(", ""), ")", "") -> Table_ProductRegions_Soybeanmeal | N153: =Table_SourceData_Scope3_Feed[[#This Row],[Product]] -> Meat meal | O153: =Table_SourceData_Scope3_Feed[[#This Row],[Region of origin]] -> Australia
D154: {=Common_InputFunctions.Utility_DisplayArrayInTable(Scope3_SourceData.Scope3_Feed_Data(), Table_SourceData_Scope3_Feed[[#Headers],[Category]], 0, 2)} -> Meal | E154: {=Common_InputFunctions.Utility_DisplayArrayInTable(Scope3_SourceData.Scope3_Feed_Data(), Table_SourceData_Scope3_Feed[[#Headers],[Category]], 0, 2)} -> Soybean meal | F154: {=Common_InputFunctions.Utility_DisplayArrayInTable(Scope3_SourceData.Scope3_Feed_Data(), Table_SourceData_Scope3_Feed[[#Headers],[Category]], 0, 2)} -> Brazil | G154: {=Common_InputFunctions.Utility_DisplayArrayInTable(Scope3_SourceData.Scope3_Feed_Data(), Table_SourceData_Scope3_Feed[[#Headers],[Category]], 0, 2)} -> kg | H154: {=Common_InputFunctions.Utility_DisplayArrayInTable(Scope3_SourceData.Scope3_Feed_Data(), Table_SourceData_Scope3_Feed[[#Headers],[Category]], 0, 2)} -> 0.426 | I154: {=Common_InputFunctions.Utility_DisplayArrayInTable(Scope3_SourceData.Scope3_Feed_Data(), Table_SourceData_Scope3_Feed[[#Headers],[Category]], 0, 2)} -> at market | K154: =Table_SourceData_Scope3_Feed[[#This Row],[Product]] -> Soybean meal | L154: =Table_SourceData_Scope3_Feed[[#This Row],[Region of origin]] -> Brazil | N154: Product | O154: Region | P154: ="Table_ProductRegions_" & SUBSTITUTE(SUBSTITUTE(SUBSTITUTE(SUBSTITUTE(N155, " ", ""), ",", ""), "(", ""), ")", "") -> Table_ProductRegions_Wheatbran
D155: {=Common_InputFunctions.Utility_DisplayArrayInTable(Scope3_SourceData.Scope3_Feed_Data(), Table_SourceData_Scope3_Feed[[#Headers],[Category]], 0, 2)} -> Meal | E155: {=Common_InputFunctions.Utility_DisplayArrayInTable(Scope3_SourceData.Scope3_Feed_Data(), Table_SourceData_Scope3_Feed[[#Headers],[Category]], 0, 2)} -> Wheat bran | F155: {=Common_InputFunctions.Utility_DisplayArrayInTable(Scope3_SourceData.Scope3_Feed_Data(), Table_SourceData_Scope3_Feed[[#Headers],[Category]], 0, 2)} -> Australia | G155: {=Common_InputFunctions.Utility_DisplayArrayInTable(Scope3_SourceData.Scope3_Feed_Data(), Table_SourceData_Scope3_Feed[[#Headers],[Category]], 0, 2)} -> kg | H155: {=Common_InputFunctions.Utility_DisplayArrayInTable(Scope3_SourceData.Scope3_Feed_Data(), Table_SourceData_Scope3_Feed[[#Headers],[Category]], 0, 2)} -> 0.196 | I155: {=Common_InputFunctions.Utility_DisplayArrayInTable(Scope3_SourceData.Scope3_Feed_Data(), Table_SourceData_Scope3_Feed[[#Headers],[Category]], 0, 2)} -> at market | K155: Product | L155: Region | M155: ="Table_ProductRegions_" & SUBSTITUTE(SUBSTITUTE(SUBSTITUTE(SUBSTITUTE(K156, " ", ""), ",", ""), "(", ""), ")", "") -> Table_ProductRegions_Bentonite | N155: =Table_SourceData_Scope3_Feed[[#This Row],[Product]] -> Wheat bran | O155: =Table_SourceData_Scope3_Feed[[#This Row],[Region of origin]] -> Australia
D156: {=Common_InputFunctions.Utility_DisplayArrayInTable(Scope3_SourceData.Scope3_Feed_Data(), Table_SourceData_Scope3_Feed[[#Headers],[Category]], -4, 2)} -> Other | E156: {=Common_InputFunctions.Utility_DisplayArrayInTable(Scope3_SourceData.Scope3_Feed_Data(), Table_SourceData_Scope3_Feed[[#Headers],[Category]], -4, 2)} -> Bentonite | F156: {=Common_InputFunctions.Utility_DisplayArrayInTable(Scope3_SourceData.Scope3_Feed_Data(), Table_SourceData_Scope3_Feed[[#Headers],[Category]], -4, 2)} -> Australia | G156: {=Common_InputFunctions.Utility_DisplayArrayInTable(Scope3_SourceData.Scope3_Feed_Data(), Table_SourceData_Scope3_Feed[[#Headers],[Category]], -4, 2)} -> kg | H156: {=Common_InputFunctions.Utility_DisplayArrayInTable(Scope3_SourceData.Scope3_Feed_Data(), Table_SourceData_Scope3_Feed[[#Headers],[Category]], -4, 2)} -> 0.0652 | I156: {=Common_InputFunctions.Utility_DisplayArrayInTable(Scope3_SourceData.Scope3_Feed_Data(), Table_SourceData_Scope3_Feed[[#Headers],[Category]], -4, 2)} -> at market | K156: =Table_SourceData_Scope3_Feed[[#This Row],[Product]] -> Bentonite | L156: =Table_SourceData_Scope3_Feed[[#This Row],[Region of origin]] -> Australia | N156: Product | O156: Region | P156: ="Table_ProductRegions_" & SUBSTITUTE(SUBSTITUTE(SUBSTITUTE(SUBSTITUTE(N157, " ", ""), ",", ""), "(", ""), ")", "") -> Table_ProductRegions_Canolaoil
D157: {=Common_InputFunctions.Utility_DisplayArrayInTable(Scope3_SourceData.Scope3_Feed_Data(), Table_SourceData_Scope3_Feed[[#Headers],[Category]], -4, 2)} -> Other | E157: {=Common_InputFunctions.Utility_DisplayArrayInTable(Scope3_SourceData.Scope3_Feed_Data(), Table_SourceData_Scope3_Feed[[#Headers],[Category]], -4, 2)} -> Canola oil | F157: {=Common_InputFunctions.Utility_DisplayArrayInTable(Scope3_SourceData.Scope3_Feed_Data(), Table_SourceData_Scope3_Feed[[#Headers],[Category]], -4, 2)} -> Australia | G157: {=Common_InputFunctions.Utility_DisplayArrayInTable(Scope3_SourceData.Scope3_Feed_Data(), Table_SourceData_Scope3_Feed[[#Headers],[Category]], -4, 2)} -> kg | H157: {=Common_InputFunctions.Utility_DisplayArrayInTable(Scope3_SourceData.Scope3_Feed_Data(), Table_SourceData_Scope3_Feed[[#Headers],[Category]], -4, 2)} -> 0.87 | I157: {=Common_InputFunctions.Utility_DisplayArrayInTable(Scope3_SourceData.Scope3_Feed_Data(), Table_SourceData_Scope3_Feed[[#Headers],[Category]], -4, 2)} -> at market | K157: Product | L157: Region | M157: ="Table_ProductRegions_" & SUBSTITUTE(SUBSTITUTE(SUBSTITUTE(SUBSTITUTE(K158, " ", ""), ",", ""), "(", ""), ")", "") -> Table_ProductRegions_Cottonseed | N157: =Table_SourceData_Scope3_Feed[[#This Row],[Product]] -> Canola oil | O157: =Table_SourceData_Scope3_Feed[[#This Row],[Region of origin]] -> Australia
D158: {=Common_InputFunctions.Utility_DisplayArrayInTable(Scope3_SourceData.Scope3_Feed_Data(), Table_SourceData_Scope3_Feed[[#Headers],[Category]], -4, 2)} -> Other | E158: {=Common_InputFunctions.Utility_DisplayArrayInTable(Scope3_SourceData.Scope3_Feed_Data(), Table_SourceData_Scope3_Feed[[#Headers],[Category]], -4, 2)} -> Cotton seed | F158: {=Common_InputFunctions.Utility_DisplayArrayInTable(Scope3_SourceData.Scope3_Feed_Data(), Table_SourceData_Scope3_Feed[[#Headers],[Category]], -4, 2)} -> Australia | G158: {=Common_InputFunctions.Utility_DisplayArrayInTable(Scope3_SourceData.Scope3_Feed_Data(), Table_SourceData_Scope3_Feed[[#Headers],[Category]], -4, 2)} -> kg | H158: {=Common_InputFunctions.Utility_DisplayArrayInTable(Scope3_SourceData.Scope3_Feed_Data(), Table_SourceData_Scope3_Feed[[#Headers],[Category]], -4, 2)} -> 0.197 | I158: {=Common_InputFunctions.Utility_DisplayArrayInTable(Scope3_SourceData.Scope3_Feed_Data(), Table_SourceData_Scope3_Feed[[#Headers],[Category]], -4, 2)} -> at market | K158: =Table_SourceData_Scope3_Feed[[#This Row],[Product]] -> Cotton seed | L158: =Table_SourceData_Scope3_Feed[[#This Row],[Region of origin]] -> Australia | N158: Product | O158: Region | P158: ="Table_ProductRegions_" & SUBSTITUTE(SUBSTITUTE(SUBSTITUTE(SUBSTITUTE(N159, " ", ""), ",", ""), "(", ""), ")", "") -> Table_ProductRegions_Molasses
D159: {=Common_InputFunctions.Utility_DisplayArrayInTable(Scope3_SourceData.Scope3_Feed_Data(), Table_SourceData_Scope3_Feed[[#Headers],[Category]], -7, 2)} -> Other | E159: {=Common_InputFunctions.Utility_DisplayArrayInTable(Scope3_SourceData.Scope3_Feed_Data(), Table_SourceData_Scope3_Feed[[#Headers],[Category]], -7, 2)} -> Molasses | F159: {=Common_InputFunctions.Utility_DisplayArrayInTable(Scope3_SourceData.Scope3_Feed_Data(), Table_SourceData_Scope3_Feed[[#Headers],[Category]], -7, 2)} -> QLD | G159: {=Common_InputFunctions.Utility_DisplayArrayInTable(Scope3_SourceData.Scope3_Feed_Data(), Table_SourceData_Scope3_Feed[[#Headers],[Category]], -7, 2)} -> kg | H159: {=Common_InputFunctions.Utility_DisplayArrayInTable(Scope3_SourceData.Scope3_Feed_Data(), Table_SourceData_Scope3_Feed[[#Headers],[Category]], -7, 2)} -> 0.184 | I159: {=Common_InputFunctions.Utility_DisplayArrayInTable(Scope3_SourceData.Scope3_Feed_Data(), Table_SourceData_Scope3_Feed[[#Headers],[Category]], -7, 2)} -> at market | N159: =Table_SourceData_Scope3_Feed[[#This Row],[Product]] -> Molasses | O159: =Table_SourceData_Scope3_Feed[[#This Row],[Region of origin]] -> QLD
D161: Category | E161: Product | F161: Region of origin | G161: Quantity Unit | H161: AusLCI Emissions intensity | I161: System boundary
D162: {=Common_InputFunctions.Utility_DisplayArrayInTable(Scope3_SourceData.Scope3_Feed_Data(), Table_SourceData_Scope3_MixedRations[[#Headers],[Category]], -66, 2)} -> Mixed rations | E162: {=Common_InputFunctions.Utility_DisplayArrayInTable(Scope3_SourceData.Scope3_Feed_Data(), Table_SourceData_Scope3_MixedRations[[#Headers],[Category]], -66, 2)} -> Feed for chickens | F162: {=Common_InputFunctions.Utility_DisplayArrayInTable(Scope3_SourceData.Scope3_Feed_Data(), Table_SourceData_Scope3_MixedRations[[#Headers],[Category]], -66, 2)} -> Australia | G162: {=Common_InputFunctions.Utility_DisplayArrayInTable(Scope3_SourceData.Scope3_Feed_Data(), Table_SourceData_Scope3_MixedRations[[#Headers],[Category]], -66, 2)} -> kg | H162: {=Common_InputFunctions.Utility_DisplayArrayInTable(Scope3_SourceData.Scope3_Feed_Data(), Table_SourceData_Scope3_MixedRations[[#Headers],[Category]], -66, 2)} -> 0.594 | I162: {=Common_InputFunctions.Utility_DisplayArrayInTable(Scope3_SourceData.Scope3_Feed_Data(), Table_SourceData_Scope3_MixedRations[[#Headers],[Category]], -66, 2)} -> at market
D163: {=Common_InputFunctions.Utility_DisplayArrayInTable(Scope3_SourceData.Scope3_Feed_Data(), Table_SourceData_Scope3_MixedRations[[#Headers],[Category]], -66, 2)} -> Mixed rations | E163: {=Common_InputFunctions.Utility_DisplayArrayInTable(Scope3_SourceData.Scope3_Feed_Data(), Table_SourceData_Scope3_MixedRations[[#Headers],[Category]], -66, 2)} -> Feed for dairy calves | F163: {=Common_InputFunctions.Utility_DisplayArrayInTable(Scope3_SourceData.Scope3_Feed_Data(), Table_SourceData_Scope3_MixedRations[[#Headers],[Category]], -66, 2)} -> Australia | G163: {=Common_InputFunctions.Utility_DisplayArrayInTable(Scope3_SourceData.Scope3_Feed_Data(), Table_SourceData_Scope3_MixedRations[[#Headers],[Category]], -66, 2)} -> kg | H163: {=Common_InputFunctions.Utility_DisplayArrayInTable(Scope3_SourceData.Scope3_Feed_Data(), Table_SourceData_Scope3_MixedRations[[#Headers],[Category]], -66, 2)} -> 0.419 | I163: {=Common_InputFunctions.Utility_DisplayArrayInTable(Scope3_SourceData.Scope3_Feed_Data(), Table_SourceData_Scope3_MixedRations[[#Headers],[Category]], -66, 2)} -> at market
...

Sheet Calcs scope 3
F2: The method 1 product EF is calculated by multiplying the EF of each ingredient by the fraction of that ingredient in the product, then adding them all together. This is to allow for comparison with a method 2 product EF that might be provided by the supplier.
D3: Branded fertiliser product purchases | F3: Scope 3 emissions are calculated on a maximum of 20 branded fertiliser product purchases
D5: Product | E5: Total amount (kg) | F5: Emissions intensity (Method 1) | G5: Scope 3 (Method 1) | H5: Emissions intensity (Method 2) | I5: Scope 3 (Method 2) | J5: Urea source | K5: Ammonia source | L5: Ingredient 1 | M5: Ingredient 1 percent | N5: Ingredient 1 EF | O5: Ingredient 2 | P5: Ingredient 2 percent | Q5: Ingredient 2 EF | R5: Ingredient 3 | S5: Ingredient 3 percent | T5: Ingredient 3 EF | U5: Ingredient 4 | V5: Ingredient 4 percent | W5: Ingredient 4 EF | X5: Ingredient 5 | Y5: Ingredient 5 percent | Z5: Ingredient 5 EF | AA5: Ingredient 6 | AB5: Ingredient 6 percent | AC5: Ingredient 6 EF
D6: {=IFERROR(INDEX(Table_Input_InorganicFertiliser_Brands[Product (select)], _xlfn.SEQUENCE(20)), "")} -> CoRoN 12-0-10 | E6: {=IFERROR(INDEX(Table_Input_InorganicFertiliser_Brands[Total applied (kg)], _xlfn.SEQUENCE(20)), "")} -> 12150 | F6: =IFERROR((M6*N6)+(P6*Q6)+(S6*T6)+(V6*W6)+(Y6*Z6)+(AB6*AC6), 0) -> 0.4062913 | G6: =IFERROR(F6*E6, 0) -> 4936.4393 | H6: 0.4 | I6: =IFERROR(IF(H6, E6*H6, E6*F6),0) -> 4860 | J6: {=IFERROR(INDEX(Table_Input_InorganicFertiliser_Brands[Urea source], _xlfn.SEQUENCE(20)), "")} | K6: {=IFERROR(INDEX(Table_Input_InorganicFertiliser_Brands[Ammonia source], _xlfn.SEQUENCE(20)), "")} | L6: {=IFERROR(INDEX(Table_Input_InorganicFertiliser_Brands[Ingredient 1], _xlfn.SEQUENCE(20)), "")} -> Urea | M6: {=IFERROR(INDEX(_xlfn.LET(_xlpm.result, Table_Input_InorganicFertiliser_Brands[Ingredient 1 percent], IF(_xlpm.result="", 0, _xlpm.result)), _xlfn.SEQUENCE(20)), "")} -> 0.19565217 | N6: {=_xlfn.LET(_xlpm.result, Common_InputFunctions.Utility_LookupValueInTableTwoColumns(L6, _xlfn.IFS(L6="Urea",IF($J6="", "Global", $J6), L6="Ammonia", IF($K6="", "Global", $K6), TRUE, "Global"), Table_SourceData_Scope3_InorganicFertiliser[Chemical compound],Table_SourceData_Scope3_InorganicFertiliser[Region of origin],Table_SourceData_Scope3_InorganicFertiliser[AusLCI Emissions intensity]), IF(_xlpm.result="", 0, _xlpm.result))} -> 0.968 | O6: {=IFERROR(INDEX(Table_Input_InorganicFertiliser_Brands[Ingredient 2], _xlfn.SEQUENCE(20)), "")} -> Potassium - Generic | P6: {=IFERROR(INDEX(_xlfn.LET(_xlpm.result, Table_Input_InorganicFertiliser_Brands[Ingredient 2 percent], IF(_xlpm.result="", 0, _xlpm.result)), _xlfn.SEQUENCE(20)), "")} -> 0.1 | Q6: {=_xlfn.LET(_xlpm.result, Common_InputFunctions.Utility_LookupValueInTableTwoColumns(O6, _xlfn.IFS(O6="Urea",IF($J6="", "Global", $J6), O6="Ammonia", IF($K6="", "Global", $K6), TRUE, "Global"), Table_SourceData_Scope3_InorganicFertiliser[Chemical compound],Table_SourceData_Scope3_InorganicFertiliser[Region of origin],Table_SourceData_Scope3_InorganicFertiliser[AusLCI Emissions intensity]), IF(_xlpm.result="", 0, _xlpm.result))} -> 0.909 | R6: {=IFERROR(INDEX(Table_Input_InorganicFertiliser_Brands[Ingredient 3], _xlfn.SEQUENCE(20)), "")} -> Nitrogen - Generic | S6: {=IFERROR(INDEX(_xlfn.LET(_xlpm.result, Table_Input_InorganicFertiliser_Brands[Ingredient 3 percent], IF(_xlpm.result="", 0, _xlpm.result)), _xlfn.SEQUENCE(20)), "")} -> 0.03 | T6: {=_xlfn.LET(_xlpm.result, Common_InputFunctions.Utility_LookupValueInTableTwoColumns(R6, _xlfn.IFS(R6="Urea",IF($J6="", "Global", $J6), R6="Ammonia", IF($K6="", "Global", $K6), TRUE, "Global"), Table_SourceData_Scope3_InorganicFertiliser[Chemical compound],Table_SourceData_Scope3_InorganicFertiliser[Region of origin],Table_SourceData_Scope3_InorganicFertiliser[AusLCI Emissions intensity]), IF(_xlpm.result="", 0, _xlpm.result))} -> 4.2 | U6: {=IFERROR(INDEX(Table_Input_InorganicFertiliser_Brands[Ingredient 4], _xlfn.SEQUENCE(20)), "")} -> Boron | V6: {=IFERROR(INDEX(_xlfn.LET(_xlpm.result, Table_Input_InorganicFertiliser_Brands[Ingredient 4 percent], IF(_xlpm.result="", 0, _xlpm.result)), _xlfn.SEQUENCE(20)), "")} -> 0.005 | W6: {=_xlfn.LET(_xlpm.result, Common_InputFunctions.Utility_LookupValueInTableTwoColumns(U6, _xlfn.IFS(U6="Urea",IF($J6="", "Global", $J6), U6="Ammonia", IF($K6="", "Global", $K6), TRUE, "Global"), Table_SourceData_Scope3_InorganicFertiliser[Chemical compound],Table_SourceData_Scope3_InorganicFertiliser[Region of origin],Table_SourceData_Scope3_InorganicFertiliser[AusLCI Emissions intensity]), IF(_xlpm.result="", 0, _xlpm.result))} -> 0 | X6: {=IFERROR(INDEX(Table_Input_InorganicFertiliser_Brands[Ingredient 5], _xlfn.SEQUENCE(20)), "")} | Y6: {=IFERROR(INDEX(_xlfn.LET(_xlpm.result, Table_Input_InorganicFertiliser_Brands[Ingredient 5 percent], IF(_xlpm.result="", 0, _xlpm.result)), _xlfn.SEQUENCE(20)), "")} -> 0 | Z6: {=_xlfn.LET(_xlpm.result, Common_InputFunctions.Utility_LookupValueInTableTwoColumns(X6, _xlfn.IFS(X6="Urea",IF($J6="", "Global", $J6), X6="Ammonia", IF($K6="", "Global", $K6), TRUE, "Global"), Table_SourceData_Scope3_InorganicFertiliser[Chemical compound],Table_SourceData_Scope3_InorganicFertiliser[Region of origin],Table_SourceData_Scope3_InorganicFertiliser[AusLCI Emissions intensity]), IF(_xlpm.result="", 0, _xlpm.result))} -> 0 | AA6: {=IFERROR(INDEX(Table_Input_InorganicFertiliser_Brands[Ingredient 6], _xlfn.SEQUENCE(20)), "")} | AB6: {=IFERROR(INDEX(_xlfn.LET(_xlpm.result, Table_Input_InorganicFertiliser_Brands[Ingredient 6 percent], IF(_xlpm.result="", 0, _xlpm.result)), _xlfn.SEQUENCE(20)), "")} -> 0 | AC6: {=_xlfn.LET(_xlpm.result, Common_InputFunctions.Utility_LookupValueInTableTwoColumns(AA6, _xlfn.IFS(AA6="Urea",IF($J6="", "Global", $J6), AA6="Ammonia", IF($K6="", "Global", $K6), TRUE, "Global"), Table_SourceData_Scope3_InorganicFertiliser[Chemical compound],Table_SourceData_Scope3_InorganicFertiliser[Region of origin],Table_SourceData_Scope3_InorganicFertiliser[AusLCI Emissions intensity]), IF(_xlpm.result="", 0, _xlpm.result))} -> 0
D7: Boost-It | E7: 20000 | F7: =IFERROR((M7*N7)+(P7*Q7)+(S7*T7)+(V7*W7)+(Y7*Z7)+(AB7*AC7), 0) -> 0.91618348 | G7: =IFERROR(F7*E7, 0) -> 18323.67 | H7: 0.9 | I7: =IFERROR(IF(H7, E7*H7, E7*F7),0) -> 18000 | L7: Urea | M7: 0.52173913 | N7: {=_xlfn.LET(_xlpm.result, Common_InputFunctions.Utility_LookupValueInTableTwoColumns(L7, _xlfn.IFS(L7="Urea",IF($J7="", "Global", $J7), L7="Ammonia", IF($K7="", "Global", $K7), TRUE, "Global"), Table_SourceData_Scope3_InorganicFertiliser[Chemical compound],Table_SourceData_Scope3_InorganicFertiliser[Region of origin],Table_SourceData_Scope3_InorganicFertiliser[AusLCI Emissions intensity]), IF(_xlpm.result="", 0, _xlpm.result))} -> 0.968 | O7: Potassium - Generic | P7: 0.08 | Q7: {=_xlfn.LET(_xlpm.result, Common_InputFunctions.Utility_LookupValueInTableTwoColumns(O7, _xlfn.IFS(O7="Urea",IF($J7="", "Global", $J7), O7="Ammonia", IF($K7="", "Global", $K7), TRUE, "Global"), Table_SourceData_Scope3_InorganicFertiliser[Chemical compound],Table_SourceData_Scope3_InorganicFertiliser[Region of origin],Table_SourceData_Scope3_InorganicFertiliser[AusLCI Emissions intensity]), IF(_xlpm.result="", 0, _xlpm.result))} -> 0.909 | R7: Sulfur - Generic | S7: 0.053 | T7: {=_xlfn.LET(_xlpm.result, Common_InputFunctions.Utility_LookupValueInTableTwoColumns(R7, _xlfn.IFS(R7="Urea",IF($J7="", "Global", $J7), R7="Ammonia", IF($K7="", "Global", $K7), TRUE, "Global"), Table_SourceData_Scope3_InorganicFertiliser[Chemical compound],Table_SourceData_Scope3_InorganicFertiliser[Region of origin],Table_SourceData_Scope3_InorganicFertiliser[AusLCI Emissions intensity]), IF(_xlpm.result="", 0, _xlpm.result))} -> 2.5 | U7: Phosphorus - Generic | V7: 0.052 | W7: {=_xlfn.LET(_xlpm.result, Common_InputFunctions.Utility_LookupValueInTableTwoColumns(U7, _xlfn.IFS(U7="Urea",IF($J7="", "Global", $J7), U7="Ammonia", IF($K7="", "Global", $K7), TRUE, "Global"), Table_SourceData_Scope3_InorganicFertiliser[Chemical compound],Table_SourceData_Scope3_InorganicFertiliser[Region of origin],Table_SourceData_Scope3_InorganicFertiliser[AusLCI Emissions intensity]), IF(_xlpm.result="", 0, _xlpm.result))} -> 3.96 | X7: Magnesium | Y7: 0.013 | Z7: {=_xlfn.LET(_xlpm.result, Common_InputFunctions.Utility_LookupValueInTableTwoColumns(X7, _xlfn.IFS(X7="Urea",IF($J7="", "Global", $J7), X7="Ammonia", IF($K7="", "Global", $K7), TRUE, "Global"), Table_SourceData_Scope3_InorganicFertiliser[Chemical compound],Table_SourceData_Scope3_InorganicFertiliser[Region of origin],Table_SourceData_Scope3_InorganicFertiliser[AusLCI Emissions intensity]), IF(_xlpm.result="", 0, _xlpm.result))} -> 0 | AA7: Zinc | AB7: 0.002 | AC7: {=_xlfn.LET(_xlpm.result, Common_InputFunctions.Utility_LookupValueInTableTwoColumns(AA7, _xlfn.IFS(AA7="Urea",IF($J7="", "Global", $J7), AA7="Ammonia", IF($K7="", "Global", $K7), TRUE, "Global"), Table_SourceData_Scope3_InorganicFertiliser[Chemical compound],Table_SourceData_Scope3_InorganicFertiliser[Region of origin],Table_SourceData_Scope3_InorganicFertiliser[AusLCI Emissions intensity]), IF(_xlpm.result="", 0, _xlpm.result))} -> 0
D8: CoRoN 12-0-10 | E8: 12150 | F8: =IFERROR((M8*N8)+(P8*Q8)+(S8*T8)+(V8*W8)+(Y8*Z8)+(AB8*AC8), 0) -> 0.4062913 | G8: =IFERROR(F8*E8, 0) -> 4936.4393 | H8: 0.4 | I8: =IFERROR(IF(H8, E8*H8, E8*F8),0) -> 4860 | L8: Urea | M8: 0.19565217 | N8: {=_xlfn.LET(_xlpm.result, Common_InputFunctions.Utility_LookupValueInTableTwoColumns(L8, _xlfn.IFS(L8="Urea",IF($J8="", "Global", $J8), L8="Ammonia", IF($K8="", "Global", $K8), TRUE, "Global"), Table_SourceData_Scope3_InorganicFertiliser[Chemical compound],Table_SourceData_Scope3_InorganicFertiliser[Region of origin],Table_SourceData_Scope3_InorganicFertiliser[AusLCI Emissions intensity]), IF(_xlpm.result="", 0, _xlpm.result))} -> 0.968 | O8: Potassium - Generic | P8: 0.1 | Q8: {=_xlfn.LET(_xlpm.result, Common_InputFunctions.Utility_LookupValueInTableTwoColumns(O8, _xlfn.IFS(O8="Urea",IF($J8="", "Global", $J8), O8="Ammonia", IF($K8="", "Global", $K8), TRUE, "Global"), Table_SourceData_Scope3_InorganicFertiliser[Chemical compound],Table_SourceData_Scope3_InorganicFertiliser[Region of origin],Table_SourceData_Scope3_InorganicFertiliser[AusLCI Emissions intensity]), IF(_xlpm.result="", 0, _xlpm.result))} -> 0.909 | R8: Nitrogen - Generic | S8: 0.03 | T8: {=_xlfn.LET(_xlpm.result, Common_InputFunctions.Utility_LookupValueInTableTwoColumns(R8, _xlfn.IFS(R8="Urea",IF($J8="", "Global", $J8), R8="Ammonia", IF($K8="", "Global", $K8), TRUE, "Global"), Table_SourceData_Scope3_InorganicFertiliser[Chemical compound],Table_SourceData_Scope3_InorganicFertiliser[Region of origin],Table_SourceData_Scope3_InorganicFertiliser[AusLCI Emissions intensity]), IF(_xlpm.result="", 0, _xlpm.result))} -> 4.2 | U8: Boron | V8: 0.005 | W8: {=_xlfn.LET(_xlpm.result, Common_InputFunctions.Utility_LookupValueInTableTwoColumns(U8, _xlfn.IFS(U8="Urea",IF($J8="", "Global", $J8), U8="Ammonia", IF($K8="", "Global", $K8), TRUE, "Global"), Table_SourceData_Scope3_InorganicFertiliser[Chemical compound],Table_SourceData_Scope3_InorganicFertiliser[Region of origin],Table_SourceData_Scope3_InorganicFertiliser[AusLCI Emissions intensity]), IF(_xlpm.result="", 0, _xlpm.result))} -> 0 | Y8: 0 | Z8: {=_xlfn.LET(_xlpm.result, Common_InputFunctions.Utility_LookupValueInTableTwoColumns(X8, _xlfn.IFS(X8="Urea",IF($J8="", "Global", $J8), X8="Ammonia", IF($K8="", "Global", $K8), TRUE, "Global"), Table_SourceData_Scope3_InorganicFertiliser[Chemical compound],Table_SourceData_Scope3_InorganicFertiliser[Region of origin],Table_SourceData_Scope3_InorganicFertiliser[AusLCI Emissions intensity]), IF(_xlpm.result="", 0, _xlpm.result))} -> 0 | AB8: 0 | AC8: {=_xlfn.LET(_xlpm.result, Common_InputFunctions.Utility_LookupValueInTableTwoColumns(AA8, _xlfn.IFS(AA8="Urea",IF($J8="", "Global", $J8), AA8="Ammonia", IF($K8="", "Global", $K8), TRUE, "Global"), Table_SourceData_Scope3_InorganicFertiliser[Chemical compound],Table_SourceData_Scope3_InorganicFertiliser[Region of origin],Table_SourceData_Scope3_InorganicFertiliser[AusLCI Emissions intensity]), IF(_xlpm.result="", 0, _xlpm.result))} -> 0
F9: =IFERROR((M9*N9)+(P9*Q9)+(S9*T9)+(V9*W9)+(Y9*Z9)+(AB9*AC9), 0) -> 0 | G9: =IFERROR(F9*E9, 0) -> 0 | I9: =IFERROR(IF(H9, E9*H9, E9*F9),0) -> 0 | N9: {=_xlfn.LET(_xlpm.result, Common_InputFunctions.Utility_LookupValueInTableTwoColumns(L9, _xlfn.IFS(L9="Urea",IF($J9="", "Global", $J9), L9="Ammonia", IF($K9="", "Global", $K9), TRUE, "Global"), Table_SourceData_Scope3_InorganicFertiliser[Chemical compound],Table_SourceData_Scope3_InorganicFertiliser[Region of origin],Table_SourceData_Scope3_InorganicFertiliser[AusLCI Emissions intensity]), IF(_xlpm.result="", 0, _xlpm.result))} -> 0 | Q9: {=_xlfn.LET(_xlpm.result, Common_InputFunctions.Utility_LookupValueInTableTwoColumns(O9, _xlfn.IFS(O9="Urea",IF($J9="", "Global", $J9), O9="Ammonia", IF($K9="", "Global", $K9), TRUE, "Global"), Table_SourceData_Scope3_InorganicFertiliser[Chemical compound],Table_SourceData_Scope3_InorganicFertiliser[Region of origin],Table_SourceData_Scope3_InorganicFertiliser[AusLCI Emissions intensity]), IF(_xlpm.result="", 0, _xlpm.result))} -> 0 | T9: {=_xlfn.LET(_xlpm.result, Common_InputFunctions.Utility_LookupValueInTableTwoColumns(R9, _xlfn.IFS(R9="Urea",IF($J9="", "Global", $J9), R9="Ammonia", IF($K9="", "Global", $K9), TRUE, "Global"), Table_SourceData_Scope3_InorganicFertiliser[Chemical compound],Table_SourceData_Scope3_InorganicFertiliser[Region of origin],Table_SourceData_Scope3_InorganicFertiliser[AusLCI Emissions intensity]), IF(_xlpm.result="", 0, _xlpm.result))} -> 0 | W9: {=_xlfn.LET(_xlpm.result, Common_InputFunctions.Utility_LookupValueInTableTwoColumns(U9, _xlfn.IFS(U9="Urea",IF($J9="", "Global", $J9), U9="Ammonia", IF($K9="", "Global", $K9), TRUE, "Global"), Table_SourceData_Scope3_InorganicFertiliser[Chemical compound],Table_SourceData_Scope3_InorganicFertiliser[Region of origin],Table_SourceData_Scope3_InorganicFertiliser[AusLCI Emissions intensity]), IF(_xlpm.result="", 0, _xlpm.result))} -> 0 | Z9: {=_xlfn.LET(_xlpm.result, Common_InputFunctions.Utility_LookupValueInTableTwoColumns(X9, _xlfn.IFS(X9="Urea",IF($J9="", "Global", $J9), X9="Ammonia", IF($K9="", "Global", $K9), TRUE, "Global"), Table_SourceData_Scope3_InorganicFertiliser[Chemical compound],Table_SourceData_Scope3_InorganicFertiliser[Region of origin],Table_SourceData_Scope3_InorganicFertiliser[AusLCI Emissions intensity]), IF(_xlpm.result="", 0, _xlpm.result))} -> 0 | AC9: {=_xlfn.LET(_xlpm.result, Common_InputFunctions.Utility_LookupValueInTableTwoColumns(AA9, _xlfn.IFS(AA9="Urea",IF($J9="", "Global", $J9), AA9="Ammonia", IF($K9="", "Global", $K9), TRUE, "Global"), Table_SourceData_Scope3_InorganicFertiliser[Chemical compound],Table_SourceData_Scope3_InorganicFertiliser[Region of origin],Table_SourceData_Scope3_InorganicFertiliser[AusLCI Emissions intensity]), IF(_xlpm.result="", 0, _xlpm.result))} -> 0
F10: =IFERROR((M10*N10)+(P10*Q10)+(S10*T10)+(V10*W10)+(Y10*Z10)+(AB10*AC10), 0) -> 0 | G10: =IFERROR(F10*E10, 0) -> 0 | I10: =IFERROR(IF(H10, E10*H10, E10*F10),0) -> 0 | N10: {=_xlfn.LET(_xlpm.result, Common_InputFunctions.Utility_LookupValueInTableTwoColumns(L10, _xlfn.IFS(L10="Urea",IF($J10="", "Global", $J10), L10="Ammonia", IF($K10="", "Global", $K10), TRUE, "Global"), Table_SourceData_Scope3_InorganicFertiliser[Chemical compound],Table_SourceData_Scope3_InorganicFertiliser[Region of origin],Table_SourceData_Scope3_InorganicFertiliser[AusLCI Emissions intensity]), IF(_xlpm.result="", 0, _xlpm.result))} -> 0 | Q10: {=_xlfn.LET(_xlpm.result, Common_InputFunctions.Utility_LookupValueInTableTwoColumns(O10, _xlfn.IFS(O10="Urea",IF($J10="", "Global", $J10), O10="Ammonia", IF($K10="", "Global", $K10), TRUE, "Global"), Table_SourceData_Scope3_InorganicFertiliser[Chemical compound],Table_SourceData_Scope3_InorganicFertiliser[Region of origin],Table_SourceData_Scope3_InorganicFertiliser[AusLCI Emissions intensity]), IF(_xlpm.result="", 0, _xlpm.result))} -> 0 | T10: {=_xlfn.LET(_xlpm.result, Common_InputFunctions.Utility_LookupValueInTableTwoColumns(R10, _xlfn.IFS(R10="Urea",IF($J10="", "Global", $J10), R10="Ammonia", IF($K10="", "Global", $K10), TRUE, "Global"), Table_SourceData_Scope3_InorganicFertiliser[Chemical compound],Table_SourceData_Scope3_InorganicFertiliser[Region of origin],Table_SourceData_Scope3_InorganicFertiliser[AusLCI Emissions intensity]), IF(_xlpm.result="", 0, _xlpm.result))} -> 0 | W10: {=_xlfn.LET(_xlpm.result, Common_InputFunctions.Utility_LookupValueInTableTwoColumns(U10, _xlfn.IFS(U10="Urea",IF($J10="", "Global", $J10), U10="Ammonia", IF($K10="", "Global", $K10), TRUE, "Global"), Table_SourceData_Scope3_InorganicFertiliser[Chemical compound],Table_SourceData_Scope3_InorganicFertiliser[Region of origin],Table_SourceData_Scope3_InorganicFertiliser[AusLCI Emissions intensity]), IF(_xlpm.result="", 0, _xlpm.result))} -> 0 | Z10: {=_xlfn.LET(_xlpm.result, Common_InputFunctions.Utility_LookupValueInTableTwoColumns(X10, _xlfn.IFS(X10="Urea",IF($J10="", "Global", $J10), X10="Ammonia", IF($K10="", "Global", $K10), TRUE, "Global"), Table_SourceData_Scope3_InorganicFertiliser[Chemical compound],Table_SourceData_Scope3_InorganicFertiliser[Region of origin],Table_SourceData_Scope3_InorganicFertiliser[AusLCI Emissions intensity]), IF(_xlpm.result="", 0, _xlpm.result))} -> 0 | AC10: {=_xlfn.LET(_xlpm.result, Common_InputFunctions.Utility_LookupValueInTableTwoColumns(AA10, _xlfn.IFS(AA10="Urea",IF($J10="", "Global", $J10), AA10="Ammonia", IF($K10="", "Global", $K10), TRUE, "Global"), Table_SourceData_Scope3_InorganicFertiliser[Chemical compound],Table_SourceData_Scope3_InorganicFertiliser[Region of origin],Table_SourceData_Scope3_InorganicFertiliser[AusLCI Emissions intensity]), IF(_xlpm.result="", 0, _xlpm.result))} -> 0
F11: =IFERROR((M11*N11)+(P11*Q11)+(S11*T11)+(V11*W11)+(Y11*Z11)+(AB11*AC11), 0) -> 0 | G11: =IFERROR(F11*E11, 0) -> 0 | I11: =IFERROR(IF(H11, E11*H11, E11*F11),0) -> 0 | N11: {=_xlfn.LET(_xlpm.result, Common_InputFunctions.Utility_LookupValueInTableTwoColumns(L11, _xlfn.IFS(L11="Urea",IF($J11="", "Global", $J11), L11="Ammonia", IF($K11="", "Global", $K11), TRUE, "Global"), Table_SourceData_Scope3_InorganicFertiliser[Chemical compound],Table_SourceData_Scope3_InorganicFertiliser[Region of origin],Table_SourceData_Scope3_InorganicFertiliser[AusLCI Emissions intensity]), IF(_xlpm.result="", 0, _xlpm.result))} -> 0 | Q11: {=_xlfn.LET(_xlpm.result, Common_InputFunctions.Utility_LookupValueInTableTwoColumns(O11, _xlfn.IFS(O11="Urea",IF($J11="", "Global", $J11), O11="Ammonia", IF($K11="", "Global", $K11), TRUE, "Global"), Table_SourceData_Scope3_InorganicFertiliser[Chemical compound],Table_SourceData_Scope3_InorganicFertiliser[Region of origin],Table_SourceData_Scope3_InorganicFertiliser[AusLCI Emissions intensity]), IF(_xlpm.result="", 0, _xlpm.result))} -> 0 | T11: {=_xlfn.LET(_xlpm.result, Common_InputFunctions.Utility_LookupValueInTableTwoColumns(R11, _xlfn.IFS(R11="Urea",IF($J11="", "Global", $J11), R11="Ammonia", IF($K11="", "Global", $K11), TRUE, "Global"), Table_SourceData_Scope3_InorganicFertiliser[Chemical compound],Table_SourceData_Scope3_InorganicFertiliser[Region of origin],Table_SourceData_Scope3_InorganicFertiliser[AusLCI Emissions intensity]), IF(_xlpm.result="", 0, _xlpm.result))} -> 0 | W11: {=_xlfn.LET(_xlpm.result, Common_InputFunctions.Utility_LookupValueInTableTwoColumns(U11, _xlfn.IFS(U11="Urea",IF($J11="", "Global", $J11), U11="Ammonia", IF($K11="", "Global", $K11), TRUE, "Global"), Table_SourceData_Scope3_InorganicFertiliser[Chemical compound],Table_SourceData_Scope3_InorganicFertiliser[Region of origin],Table_SourceData_Scope3_InorganicFertiliser[AusLCI Emissions intensity]), IF(_xlpm.result="", 0, _xlpm.result))} -> 0 | Z11: {=_xlfn.LET(_xlpm.result, Common_InputFunctions.Utility_LookupValueInTableTwoColumns(X11, _xlfn.IFS(X11="Urea",IF($J11="", "Global", $J11), X11="Ammonia", IF($K11="", "Global", $K11), TRUE, "Global"), Table_SourceData_Scope3_InorganicFertiliser[Chemical compound],Table_SourceData_Scope3_InorganicFertiliser[Region of origin],Table_SourceData_Scope3_InorganicFertiliser[AusLCI Emissions intensity]), IF(_xlpm.result="", 0, _xlpm.result))} -> 0 | AC11: {=_xlfn.LET(_xlpm.result, Common_InputFunctions.Utility_LookupValueInTableTwoColumns(AA11, _xlfn.IFS(AA11="Urea",IF($J11="", "Global", $J11), AA11="Ammonia", IF($K11="", "Global", $K11), TRUE, "Global"), Table_SourceData_Scope3_InorganicFertiliser[Chemical compound],Table_SourceData_Scope3_InorganicFertiliser[Region of origin],Table_SourceData_Scope3_InorganicFertiliser[AusLCI Emissions intensity]), IF(_xlpm.result="", 0, _xlpm.result))} -> 0
F12: =IFERROR((M12*N12)+(P12*Q12)+(S12*T12)+(V12*W12)+(Y12*Z12)+(AB12*AC12), 0) -> 0 | G12: =IFERROR(F12*E12, 0) -> 0 | I12: =IFERROR(IF(H12, E12*H12, E12*F12),0) -> 0 | N12: {=_xlfn.LET(_xlpm.result, Common_InputFunctions.Utility_LookupValueInTableTwoColumns(L12, _xlfn.IFS(L12="Urea",IF($J12="", "Global", $J12), L12="Ammonia", IF($K12="", "Global", $K12), TRUE, "Global"), Table_SourceData_Scope3_InorganicFertiliser[Chemical compound],Table_SourceData_Scope3_InorganicFertiliser[Region of origin],Table_SourceData_Scope3_InorganicFertiliser[AusLCI Emissions intensity]), IF(_xlpm.result="", 0, _xlpm.result))} -> 0 | Q12: {=_xlfn.LET(_xlpm.result, Common_InputFunctions.Utility_LookupValueInTableTwoColumns(O12, _xlfn.IFS(O12="Urea",IF($J12="", "Global", $J12), O12="Ammonia", IF($K12="", "Global", $K12), TRUE, "Global"), Table_SourceData_Scope3_InorganicFertiliser[Chemical compound],Table_SourceData_Scope3_InorganicFertiliser[Region of origin],Table_SourceData_Scope3_InorganicFertiliser[AusLCI Emissions intensity]), IF(_xlpm.result="", 0, _xlpm.result))} -> 0 | T12: {=_xlfn.LET(_xlpm.result, Common_InputFunctions.Utility_LookupValueInTableTwoColumns(R12, _xlfn.IFS(R12="Urea",IF($J12="", "Global", $J12), R12="Ammonia", IF($K12="", "Global", $K12), TRUE, "Global"), Table_SourceData_Scope3_InorganicFertiliser[Chemical compound],Table_SourceData_Scope3_InorganicFertiliser[Region of origin],Table_SourceData_Scope3_InorganicFertiliser[AusLCI Emissions intensity]), IF(_xlpm.result="", 0, _xlpm.result))} -> 0 | W12: {=_xlfn.LET(_xlpm.result, Common_InputFunctions.Utility_LookupValueInTableTwoColumns(U12, _xlfn.IFS(U12="Urea",IF($J12="", "Global", $J12), U12="Ammonia", IF($K12="", "Global", $K12), TRUE, "Global"), Table_SourceData_Scope3_InorganicFertiliser[Chemical compound],Table_SourceData_Scope3_InorganicFertiliser[Region of origin],Table_SourceData_Scope3_InorganicFertiliser[AusLCI Emissions intensity]), IF(_xlpm.result="", 0, _xlpm.result))} -> 0 | Z12: {=_xlfn.LET(_xlpm.result, Common_InputFunctions.Utility_LookupValueInTableTwoColumns(X12, _xlfn.IFS(X12="Urea",IF($J12="", "Global", $J12), X12="Ammonia", IF($K12="", "Global", $K12), TRUE, "Global"), Table_SourceData_Scope3_InorganicFertiliser[Chemical compound],Table_SourceData_Scope3_InorganicFertiliser[Region of origin],Table_SourceData_Scope3_InorganicFertiliser[AusLCI Emissions intensity]), IF(_xlpm.result="", 0, _xlpm.result))} -> 0 | AC12: {=_xlfn.LET(_xlpm.result, Common_InputFunctions.Utility_LookupValueInTableTwoColumns(AA12, _xlfn.IFS(AA12="Urea",IF($J12="", "Global", $J12), AA12="Ammonia", IF($K12="", "Global", $K12), TRUE, "Global"), Table_SourceData_Scope3_InorganicFertiliser[Chemical compound],Table_SourceData_Scope3_InorganicFertiliser[Region of origin],Table_SourceData_Scope3_InorganicFertiliser[AusLCI Emissions intensity]), IF(_xlpm.result="", 0, _xlpm.result))} -> 0
F13: =IFERROR((M13*N13)+(P13*Q13)+(S13*T13)+(V13*W13)+(Y13*Z13)+(AB13*AC13), 0) -> 0 | G13: =IFERROR(F13*E13, 0) -> 0 | I13: =IFERROR(IF(H13, E13*H13, E13*F13),0) -> 0 | N13: {=_xlfn.LET(_xlpm.result, Common_InputFunctions.Utility_LookupValueInTableTwoColumns(L13, _xlfn.IFS(L13="Urea",IF($J13="", "Global", $J13), L13="Ammonia", IF($K13="", "Global", $K13), TRUE, "Global"), Table_SourceData_Scope3_InorganicFertiliser[Chemical compound],Table_SourceData_Scope3_InorganicFertiliser[Region of origin],Table_SourceData_Scope3_InorganicFertiliser[AusLCI Emissions intensity]), IF(_xlpm.result="", 0, _xlpm.result))} -> 0 | Q13: {=_xlfn.LET(_xlpm.result, Common_InputFunctions.Utility_LookupValueInTableTwoColumns(O13, _xlfn.IFS(O13="Urea",IF($J13="", "Global", $J13), O13="Ammonia", IF($K13="", "Global", $K13), TRUE, "Global"), Table_SourceData_Scope3_InorganicFertiliser[Chemical compound],Table_SourceData_Scope3_InorganicFertiliser[Region of origin],Table_SourceData_Scope3_InorganicFertiliser[AusLCI Emissions intensity]), IF(_xlpm.result="", 0, _xlpm.result))} -> 0 | T13: {=_xlfn.LET(_xlpm.result, Common_InputFunctions.Utility_LookupValueInTableTwoColumns(R13, _xlfn.IFS(R13="Urea",IF($J13="", "Global", $J13), R13="Ammonia", IF($K13="", "Global", $K13), TRUE, "Global"), Table_SourceData_Scope3_InorganicFertiliser[Chemical compound],Table_SourceData_Scope3_InorganicFertiliser[Region of origin],Table_SourceData_Scope3_InorganicFertiliser[AusLCI Emissions intensity]), IF(_xlpm.result="", 0, _xlpm.result))} -> 0 | W13: {=_xlfn.LET(_xlpm.result, Common_InputFunctions.Utility_LookupValueInTableTwoColumns(U13, _xlfn.IFS(U13="Urea",IF($J13="", "Global", $J13), U13="Ammonia", IF($K13="", "Global", $K13), TRUE, "Global"), Table_SourceData_Scope3_InorganicFertiliser[Chemical compound],Table_SourceData_Scope3_InorganicFertiliser[Region of origin],Table_SourceData_Scope3_InorganicFertiliser[AusLCI Emissions intensity]), IF(_xlpm.result="", 0, _xlpm.result))} -> 0 | Z13: {=_xlfn.LET(_xlpm.result, Common_InputFunctions.Utility_LookupValueInTableTwoColumns(X13, _xlfn.IFS(X13="Urea",IF($J13="", "Global", $J13), X13="Ammonia", IF($K13="", "Global", $K13), TRUE, "Global"), Table_SourceData_Scope3_InorganicFertiliser[Chemical compound],Table_SourceData_Scope3_InorganicFertiliser[Region of origin],Table_SourceData_Scope3_InorganicFertiliser[AusLCI Emissions intensity]), IF(_xlpm.result="", 0, _xlpm.result))} -> 0 | AC13: {=_xlfn.LET(_xlpm.result, Common_InputFunctions.Utility_LookupValueInTableTwoColumns(AA13, _xlfn.IFS(AA13="Urea",IF($J13="", "Global", $J13), AA13="Ammonia", IF($K13="", "Global", $K13), TRUE, "Global"), Table_SourceData_Scope3_InorganicFertiliser[Chemical compound],Table_SourceData_Scope3_InorganicFertiliser[Region of origin],Table_SourceData_Scope3_InorganicFertiliser[AusLCI Emissions intensity]), IF(_xlpm.result="", 0, _xlpm.result))} -> 0
F14: =IFERROR((M14*N14)+(P14*Q14)+(S14*T14)+(V14*W14)+(Y14*Z14)+(AB14*AC14), 0) -> 0 | G14: =IFERROR(F14*E14, 0) -> 0 | I14: =IFERROR(IF(H14, E14*H14, E14*F14),0) -> 0 | N14: {=_xlfn.LET(_xlpm.result, Common_InputFunctions.Utility_LookupValueInTableTwoColumns(L14, _xlfn.IFS(L14="Urea",IF($J14="", "Global", $J14), L14="Ammonia", IF($K14="", "Global", $K14), TRUE, "Global"), Table_SourceData_Scope3_InorganicFertiliser[Chemical compound],Table_SourceData_Scope3_InorganicFertiliser[Region of origin],Table_SourceData_Scope3_InorganicFertiliser[AusLCI Emissions intensity]), IF(_xlpm.result="", 0, _xlpm.result))} -> 0 | Q14: {=_xlfn.LET(_xlpm.result, Common_InputFunctions.Utility_LookupValueInTableTwoColumns(O14, _xlfn.IFS(O14="Urea",IF($J14="", "Global", $J14), O14="Ammonia", IF($K14="", "Global", $K14), TRUE, "Global"), Table_SourceData_Scope3_InorganicFertiliser[Chemical compound],Table_SourceData_Scope3_InorganicFertiliser[Region of origin],Table_SourceData_Scope3_InorganicFertiliser[AusLCI Emissions intensity]), IF(_xlpm.result="", 0, _xlpm.result))} -> 0 | T14: {=_xlfn.LET(_xlpm.result, Common_InputFunctions.Utility_LookupValueInTableTwoColumns(R14, _xlfn.IFS(R14="Urea",IF($J14="", "Global", $J14), R14="Ammonia", IF($K14="", "Global", $K14), TRUE, "Global"), Table_SourceData_Scope3_InorganicFertiliser[Chemical compound],Table_SourceData_Scope3_InorganicFertiliser[Region of origin],Table_SourceData_Scope3_InorganicFertiliser[AusLCI Emissions intensity]), IF(_xlpm.result="", 0, _xlpm.result))} -> 0 | W14: {=_xlfn.LET(_xlpm.result, Common_InputFunctions.Utility_LookupValueInTableTwoColumns(U14, _xlfn.IFS(U14="Urea",IF($J14="", "Global", $J14), U14="Ammonia", IF($K14="", "Global", $K14), TRUE, "Global"), Table_SourceData_Scope3_InorganicFertiliser[Chemical compound],Table_SourceData_Scope3_InorganicFertiliser[Region of origin],Table_SourceData_Scope3_InorganicFertiliser[AusLCI Emissions intensity]), IF(_xlpm.result="", 0, _xlpm.result))} -> 0 | Z14: {=_xlfn.LET(_xlpm.result, Common_InputFunctions.Utility_LookupValueInTableTwoColumns(X14, _xlfn.IFS(X14="Urea",IF($J14="", "Global", $J14), X14="Ammonia", IF($K14="", "Global", $K14), TRUE, "Global"), Table_SourceData_Scope3_InorganicFertiliser[Chemical compound],Table_SourceData_Scope3_InorganicFertiliser[Region of origin],Table_SourceData_Scope3_InorganicFertiliser[AusLCI Emissions intensity]), IF(_xlpm.result="", 0, _xlpm.result))} -> 0 | AC14: {=_xlfn.LET(_xlpm.result, Common_InputFunctions.Utility_LookupValueInTableTwoColumns(AA14, _xlfn.IFS(AA14="Urea",IF($J14="", "Global", $J14), AA14="Ammonia", IF($K14="", "Global", $K14), TRUE, "Global"), Table_SourceData_Scope3_InorganicFertiliser[Chemical compound],Table_SourceData_Scope3_InorganicFertiliser[Region of origin],Table_SourceData_Scope3_InorganicFertiliser[AusLCI Emissions intensity]), IF(_xlpm.result="", 0, _xlpm.result))} -> 0
