Workbook
Name AgResidue_Equations_FieldBurning.VEERG_6_4_1_1__1__MethaneEmissionsFromBurningOfCropResidues: _xlfn.LAMBDA(_xlpm.Mburnc,_xlpm.CCc,_xlpm.EFCH4,_xlpm.C_CH4, _xlpm.Mburnc * _xlpm.CCc * _xlpm.EFCH4 * _xlpm.C_CH4 * 10 ^ (-3))
Name AgResidue_Equations_FieldBurning.VEERG_6_4_1_1__1__MethaneEmissionsFromBurningOfCropResidues_FunctionName: _xlfn.LAMBDA("VEERG_6_4_1_1__1__MethaneEmissionsFromBurningOfCropResidues")
Name AgResidue_Equations_FieldBurning.VEERG_6_4_1_1__1__MethaneEmissionsFromBurningOfCropResidues_LatexEquation: _xlfn.LAMBDA("E_{CH4}=\sum_{c}(M_{burn,c}\times CC_{c}\times EF_{CH4}\times C_{CH4}\times 10^{-3})")
Name AgResidue_Equations_FieldBurning.VEERG_6_4_1_1__1__MethaneEmissionsFromBurningOfCropResidues_NIRReference: _xlfn.LAMBDA("")
Name AgResidue_Equations_FieldBurning.VEERG_6_4_1_1__1__MethaneEmissionsFromBurningOfCropResidues_Source: _xlfn.LAMBDA("VEERG 2026: 6.4.1.1, Equation (1)")
Name AgResidue_Equations_FieldBurning.VEERG_6_4_1_1__1__MethaneEmissionsFromBurningOfCropResidues_Title: _xlfn.LAMBDA("Methane emissions from the burning of crop residues")
Name AgResidue_Equations_FieldBurning.VEERG_6_4_1_1__1__MethaneEmissionsFromBurningOfCropResidues_Unit: _xlfn.LAMBDA("t CH4")
Name AgResidue_Equations_FieldBurning.VEERG_6_4_1_1__1__MethaneEmissionsFromBurningOfCropResidues_Variable: _xlfn.LAMBDA("ECH4")
Name AgResidue_Equations_FieldBurning.VEERG_6_4_1_1__2__NitrousOxideEmissionsFromBurningOfCropResidues: _xlfn.LAMBDA(_xlpm.Mburnc,_xlpm.NCAGc,_xlpm.EFN2O,_xlpm.CN2O, _xlpm.Mburnc * _xlpm.NCAGc * _xlpm.EFN2O * _xlpm.CN2O * 10 ^ (-3))
Name AgResidue_Equations_FieldBurning.VEERG_6_4_1_1__2__NitrousOxideEmissionsFromBurningOfCropResidues_FunctionName: _xlfn.LAMBDA("VEERG_6_4_1_1__2__NitrousOxideEmissionsFromBurningOfCropResidues")
Name AgResidue_Equations_FieldBurning.VEERG_6_4_1_1__2__NitrousOxideEmissionsFromBurningOfCropResidues_LatexEquation: _xlfn.LAMBDA("E_{N2O}=\sum_{c}(M_{burn,c}\times NC_{AGc}\times EF_{N2O}\times C_{N2O}\times 10^{-3})")
Name AgResidue_Equations_FieldBurning.VEERG_6_4_1_1__2__NitrousOxideEmissionsFromBurningOfCropResidues_NIRReference: _xlfn.LAMBDA("")
Name AgResidue_Equations_FieldBurning.VEERG_6_4_1_1__2__NitrousOxideEmissionsFromBurningOfCropResidues_Source: _xlfn.LAMBDA("VEERG 2026: 6.4.1.1, Equation (2)")
Name AgResidue_Equations_FieldBurning.VEERG_6_4_1_1__2__NitrousOxideEmissionsFromBurningOfCropResidues_Title: _xlfn.LAMBDA("Nitrous oxide emissions from the burning of crop residues")
Name AgResidue_Equations_FieldBurning.VEERG_6_4_1_1__2__NitrousOxideEmissionsFromBurningOfCropResidues_Unit: _xlfn.LAMBDA("t N2O")
Name AgResidue_Equations_FieldBurning.VEERG_6_4_1_1__2__NitrousOxideEmissionsFromBurningOfCropResidues_Variable: _xlfn.LAMBDA("EN2O")
Name AgResidue_Equations_FieldBurning.VEERG_6_4_1_1__3__MassOfCropResidueBurnt: _xlfn.LAMBDA(_xlpm.Pc,_xlpm.RAGc,_xlpm.Sc,_xlpm.DMc,_xlpm.Zc,_xlpm.Fc, _xlpm.Pc * _xlpm.RAGc * _xlpm.Sc * _xlpm.DMc * _xlpm.Zc * _xlpm.Fc)
Name AgResidue_Equations_FieldBurning.VEERG_6_4_1_1__3__MassOfCropResidueBurnt_FunctionName: _xlfn.LAMBDA("VEERG_6_4_1_1__3__MassOfCropResidueBurnt")
Name AgResidue_Equations_FieldBurning.VEERG_6_4_1_1__3__MassOfCropResidueBurnt_LatexEquation: _xlfn.LAMBDA("M_{burn,c}=P_{c}\times R_{AGc}\times S_{c}\times DM_{c}\times Z_{c}\times F_{c}")
Name AgResidue_Equations_FieldBurning.VEERG_6_4_1_1__3__MassOfCropResidueBurnt_NIRReference: _xlfn.LAMBDA("")
Name AgResidue_Equations_FieldBurning.VEERG_6_4_1_1__3__MassOfCropResidueBurnt_Source: _xlfn.LAMBDA("VEERG 2026: 6.4.1.1, Equation (3)")
Name AgResidue_Equations_FieldBurning.VEERG_6_4_1_1__3__MassOfCropResidueBurnt_Title: _xlfn.LAMBDA("Mass of residue of crop c burnt")
Name AgResidue_Equations_FieldBurning.VEERG_6_4_1_1__3__MassOfCropResidueBurnt_Unit: _xlfn.LAMBDA("kg")
Name AgResidue_Equations_FieldBurning.VEERG_6_4_1_1__3__MassOfCropResidueBurnt_Variable: _xlfn.LAMBDA("Mburnc")
Name AgResidues_Equations_CropResidues.VEERG_6_1_1_1__1__NitrousOxideEmissionsFromCropResidues: _xlfn.LAMBDA(_xlpm.Mc,_xlpm.EFNi,_xlpm.CgN2O, _xlpm.Mc * _xlpm.EFNi * _xlpm.CgN2O * 10 ^ (-3))
Name AgResidues_Equations_CropResidues.VEERG_6_1_1_1__1__NitrousOxideEmissionsFromCropResidues_FunctionName: _xlfn.LAMBDA("VEERG_6_1_1_1__1__NitrousOxideEmissionsFromCropResidues")
Name AgResidues_Equations_CropResidues.VEERG_6_1_1_1__1__NitrousOxideEmissionsFromCropResidues_LatexEquation: _xlfn.LAMBDA("E=\sum_{c}{M_{c}\times EF_{N}\times C_{g,N2O}\times 10^{-3}}")
Name AgResidues_Equations_CropResidues.VEERG_6_1_1_1__1__NitrousOxideEmissionsFromCropResidues_NIRReference: _xlfn.LAMBDA("")
Name AgResidues_Equations_CropResidues.VEERG_6_1_1_1__1__NitrousOxideEmissionsFromCropResidues_Source: _xlfn.LAMBDA("VEERG 2026: 6.1.1.1, Equation (1)")
Name AgResidues_Equations_CropResidues.VEERG_6_1_1_1__1__NitrousOxideEmissionsFromCropResidues_Title: _xlfn.LAMBDA("Nitrous oxide emissions from the return of crop residues across all crops c to the soil")
Name AgResidues_Equations_CropResidues.VEERG_6_1_1_1__1__NitrousOxideEmissionsFromCropResidues_Unit: _xlfn.LAMBDA("t N2O")
Name AgResidues_Equations_CropResidues.VEERG_6_1_1_1__1__NitrousOxideEmissionsFromCropResidues_Variable: _xlfn.LAMBDA("E")
Name AgResidues_Equations_CropResidues.VEERG_6_1_1_1__2__MassOfNitrogenInCropResidues_LatexEquation: _xlfn.LAMBDA("M_{c}=(P_{c}\times R_{AGc}\times(1-F_{c}-FFOD_{c})\times DM_{c}\times NC_{AGc})+(P_{c}\times R_{AGc}\times R_{BGc}\times DM_{c}\times NC_{BGc})")
Name AgResidues_Equations_CropResidues.VEERG_6_1_1_1__2__MassOfNitrogenInCropResidues_NIRReference: _xlfn.LAMBDA("")
Name AgResidues_Equations_CropResidues.VEERG_6_1_1_1__2__MassOfNitrogenInCropResidues_Source: _xlfn.LAMBDA("VEERG 2026: 6.1.1.1, Equation (2)")
Name AgResidues_Equations_CropResidues.VEERG_6_1_1_1__2__MassOfNitrogenInCropResidues_Title: _xlfn.LAMBDA("Mass of nitrogen in crop residues returned to the soil")
Name AgResidues_Equations_CropResidues.VEERG_6_1_1_1__2__MassOfNitrogenInCropResidues_Unit: _xlfn.LAMBDA("kg N")
Name AgResidues_Equations_CropResidues.VEERG_6_1_1_1__2__MassOfNitrogenInCropResidues_Variable: _xlfn.LAMBDA("Mc")
Name AgResidues_Equations_CropResidues.VEERG_6_1_1_2__1__FractionOfCropResidueRemovedBaled: _xlfn.LAMBDA(_xlpm.B,_xlpm.MB,_xlpm.Pc,_xlpm.RAGc, IFERROR((_xlpm.B * _xlpm.MB) / (_xlpm.Pc * _xlpm.RAGc), 0))
Name AgResidues_Equations_CropResidues.VEERG_6_1_1_2__1__FractionOfCropResidueRemovedBaled_LatexEquation: _xlfn.LAMBDA("FFOD_{c,baled}=\frac{B\times M_{B}}{P_{c}\times R_{AG,c}}")
Name AgResidues_Equations_CropResidues.VEERG_6_1_1_2__1__FractionOfCropResidueRemovedBaled_NIRReference: _xlfn.LAMBDA("")
Name AgResidues_Equations_CropResidues.VEERG_6_1_1_2__1__FractionOfCropResidueRemovedBaled_Source: _xlfn.LAMBDA("VEERG 2026: 6.1.1.2, Equation (1)")
Name AgResidues_Equations_CropResidues.VEERG_6_1_1_2__1__FractionOfCropResidueRemovedBaled_Title: _xlfn.LAMBDA("Fraction of crop residue that is removed for crop c, calculated where residues are baled")
Name AgResidues_Equations_CropResidues.VEERG_6_1_1_2__1__FractionOfCropResidueRemovedBaled_Unit: _xlfn.LAMBDA("dimensionless")
Name AgResidues_Equations_CropResidues.VEERG_6_1_1_2__1__FractionOfCropResidueRemovedBaled_Variable: _xlfn.LAMBDA("FFODcbaled")
Name AgResidues_Equations_CropResidues.VEERG_6_1_1_2__1__FractionOfCropResidueRemovedBaled_Variation: _xlfn.LAMBDA("VARIATION FROM SOURCE: Added 'baled' to variable subscript")
Name AgResidues_Equations_CropResidues.VEERG_6_1_1_2__1a__FractionOfCropResidueRemoved: _xlfn.LAMBDA(_xlpm.FFODcbaled,_xlpm.FFODcother, _xlpm.FFODcbaled + _xlpm.FFODcother)
Name AgResidues_Equations_CropResidues.VEERG_6_1_1_2__1a__FractionOfCropResidueRemoved_LatexEquation: _xlfn.LAMBDA("FFOD_{c} = FFOD_{c,baled} + FFOD_{c,other}")
Name AgResidues_Equations_CropResidues.VEERG_6_1_1_2__1a__FractionOfCropResidueRemoved_NIRReference: _xlfn.LAMBDA("")
Name AgResidues_Equations_CropResidues.VEERG_6_1_1_2__1a__FractionOfCropResidueRemoved_Source: _xlfn.LAMBDA("")
Name AgResidues_Equations_CropResidues.VEERG_6_1_1_2__1a__FractionOfCropResidueRemoved_Title: _xlfn.LAMBDA("Fraction of crop residue that is removed for crop c")
Name AgResidues_Equations_CropResidues.VEERG_6_1_1_2__1a__FractionOfCropResidueRemoved_Unit: _xlfn.LAMBDA("dimensionless")
Name AgResidues_Equations_CropResidues.VEERG_6_1_1_2__1a__FractionOfCropResidueRemoved_Variable: _xlfn.LAMBDA("FFODc")
Name AgResidues_Equations_CropResidues.VEERG_6_1_1_2__1a__FractionOfCropResidueRemoved_Variation: _xlfn.LAMBDA("VARIATION FROM SOURCE: Added this equation to accommodate user-defined residue removal other than baling.")
Name AgResidues_Equations_Leaching.VEERG_6_3_1_1__1__LeachingAndRunoffEmissionsCropAndPastureResidue: _xlfn.LAMBDA(_xlpm.Mleachcp,_xlpm.EFleach,_xlpm.CgN2O, _xlpm.Mleachcp * _xlpm.EFleach * _xlpm.CgN2O * 10 ^ (-3))
Name AgResidues_Equations_Leaching.VEERG_6_3_1_1__1__LeachingAndRunoffEmissionsCropAndPastureResidue_LatexEquation: _xlfn.LAMBDA("E_{N2O}=\sum_{c}\sum_{p}(M_{leach,cp}\times EF_{leach}\times Cg_{N2O}\times 10^{-3})")
Name AgResidues_Equations_Leaching.VEERG_6_3_1_1__1__LeachingAndRunoffEmissionsCropAndPastureResidue_NIRReference: _xlfn.LAMBDA("")
Name AgResidues_Equations_Leaching.VEERG_6_3_1_1__1__LeachingAndRunoffEmissionsCropAndPastureResidue_Source: _xlfn.LAMBDA("VEERG 2026: 6.3.1.1, Equation (1)")
Name AgResidues_Equations_Leaching.VEERG_6_3_1_1__1__LeachingAndRunoffEmissionsCropAndPastureResidue_Title: _xlfn.LAMBDA("Nitrous oxide leaching and runoff emissions from crop and pasture residues returned to the soil")
Name AgResidues_Equations_Leaching.VEERG_6_3_1_1__1__LeachingAndRunoffEmissionsCropAndPastureResidue_Unit: _xlfn.LAMBDA("t N2O")

Sheet Overview
A1: #VALUE! | C1: 13: Sope 3 emissions: Overview
A3: =HYPERLINK("#'Overview'!A1", "Overview") -> Overview
A4: =HYPERLINK("#'Results'!A1", "Results") -> Results
A7: INPUTS
A8: =HYPERLINK("#'Input - Site'!A1", "Site") -> Site
A9: =HYPERLINK("#'Input - Fuel'!A1", "Fuel") -> Fuel
A10: =HYPERLINK("#'Input - Fertiliser'!A1", "Fertiliser") -> Fertiliser
A11: =HYPERLINK("#'Input - Farm Inputs'!A1", "Farm Inputs") -> Farm Inputs
A12: =HYPERLINK("#'Input - Beef cattle purchases'!A1", "Beef cattle purchases") -> Beef cattle purchases
A13: =HYPERLINK("#'Input - Dairy cattle purchases'!A1", "Dairy cattle purchases") -> Dairy cattle purchases
A14: =HYPERLINK("#'Input - Pig purchases'!A1", "Pig purchases") -> Pig purchases
A15: =HYPERLINK("#'Input - Poultry purchases'!A1", "Poultry purchases") -> Poultry purchases
A16: =HYPERLINK("#'Input - Freight'!A1", "Freight") -> Freight
A17: =HYPERLINK("#'Input - Solid waste'!A1", "Solid waste") -> Solid waste
A18: =HYPERLINK("#'Input - Manure sent off-site'!A1", "Manure sent off-site") -> Manure sent off-site
A19: =HYPERLINK("#'Input - Electricity'!A1", "Electricity") -> Electricity
A22: CALCULATIONS
A23: =HYPERLINK("#'15 Scope 3'!A1", "15 Scope 3") -> 15 Scope 3
A24: =HYPERLINK("#'10.1.1-2 Solid waste treatment'!A1", "10.1.1-2 Solid waste treatment") -> 10.1.1-2 Solid waste treatment
A25: =HYPERLINK("#'Calcs - Manure sent off-site'!A1", "Calcs - Manure sent off-site") -> Calcs - Manure sent off-site
A26: =HYPERLINK("#'8.1.1.1-2 Transport fuel'!A1", "8.1.1.1-2 Transport fuel") -> 8.1.1.1-2 Transport fuel
A27: =HYPERLINK("#'8.2.1.1-2 Stationary fuel'!A1", "8.2.1.1-2 Stationary fuel") -> 8.2.1.1-2 Stationary fuel
A30: APPENDICES
A31: =HYPERLINK("#'Constants - Scope 3'!A1", "Constants - Scope 3") -> Constants - Scope 3
A32: =HYPERLINK("#'Constants - Solid Waste'!A1", "Constants - Solid Waste") -> Constants - Solid Waste
A33: =HYPERLINK("#'Constants - Fuel'!A1", "Constants - Fuel") -> Constants - Fuel
A34: =HYPERLINK("#'Constants - Poultry'!A1", "Constants - Poultry") -> Constants - Poultry
A35: =HYPERLINK("#'Constants - Swine'!A1", "Constants - Swine") -> Constants - Swine
A36: =HYPERLINK("#'Constants - Dairy'!A1", "Constants - Dairy") -> Constants - Dairy
A37: =HYPERLINK("#'Constants - Pasture Beef'!A1", "Constants - Pasture Beef") -> Constants - Pasture Beef
A38: =HYPERLINK("#'Constants - Common Livestock'!A1", "Constants - Common Livestock") -> Constants - Common Livestock
A39: =HYPERLINK("#'Constants - Fertiliser'!A1", "Constants - Fertiliser") -> Constants - Fertiliser
A40: =HYPERLINK("#'Constants - Electricity'!A1", "Constants - Electricity") -> Constants - Electricity
A41: =HYPERLINK("#'Constants - Common'!A1", "Constants - Common") -> Constants - Common

Sheet Results
A1: #VALUE! | C1: 13: Sope 3 emissions: Results
A3: =HYPERLINK("#'Overview'!A1", "Overview") -> Overview
A4: =HYPERLINK("#'Results'!A1", "Results") -> Results
D5: Emissions breakdown
A7: INPUTS | D7: 💡 NOTE: When there is no Method 2, the Method 2 result are the same as Method 1
A8: =HYPERLINK("#'Input - Site'!A1", "Site") -> Site
A9: =HYPERLINK("#'Input - Fuel'!A1", "Fuel") -> Fuel | D9: Scope 1 source | E9: CO2-e emissions method 1 | F9: CO2-e emissions method 2
A10: =HYPERLINK("#'Input - Fertiliser'!A1", "Fertiliser") -> Fertiliser | D10: {=Common_InputFunctions.Utility_ResultsItemFromEquationTitleAndSource('15 Scope 3'!D5,'15 Scope 3'!D6)} -> 15.1.1.1 Total emissions from purchased livestock | E10: - | F10: - | G10: t CO2e
A11: =HYPERLINK("#'Input - Farm Inputs'!A1", "Farm Inputs") -> Farm Inputs | D11: ='15 Scope 3'!D21 -> Beef cattle | E11: =VEERG_15_1_1_1__1_EmissionsFromPurchasedLivestock_BeefCattle_Result_Method1 -> 1052.5 | F11: =VEERG_15_1_1_1__1_EmissionsFromPurchasedLivestock_BeefCattle_Result_Method2 -> 1014.5 | G11: t CO2e
A12: =HYPERLINK("#'Input - Beef cattle purchases'!A1", "Beef cattle purchases") -> Beef cattle purchases | D12: ='15 Scope 3'!D38 -> Dairy cattle | E12: =VEERG_15_1_1_1__1_EmissionsFromPurchasedLivestock_DairyCattle_Result_Method1 -> 295.47 | F12: =VEERG_15_1_1_1__1_EmissionsFromPurchasedLivestock_DairyCattle_Result_Method2 -> 415.625 | G12: t CO2e
A13: =HYPERLINK("#'Input - Dairy cattle purchases'!A1", "Dairy cattle purchases") -> Dairy cattle purchases | D13: ='15 Scope 3'!D57 -> Pigs | E13: =VEERG_15_1_1_1__1_EmissionsFromPurchasedLivestock_Pigs_Result_Method1 -> 0 | F13: =VEERG_15_1_1_1__1_EmissionsFromPurchasedLivestock_Pigs_Result_Method2 -> 73.38 | G13: t CO2e
A14: =HYPERLINK("#'Input - Pig purchases'!A1", "Pig purchases") -> Pig purchases | D14: ='15 Scope 3'!D75 -> Poultry | E14: =VEERG_15_1_1_1__1_EmissionsFromPurchasedLivestock_Poultry_Result_Method1 -> 0.3672 | F14: =VEERG_15_1_1_1__1_EmissionsFromPurchasedLivestock_Poultry_Result_Method2 -> 0.3594 | G14: t CO2e
A15: =HYPERLINK("#'Input - Poultry purchases'!A1", "Poultry purchases") -> Poultry purchases | D15: {=Common_InputFunctions.Utility_ResultsItemFromEquationTitleAndSource('15 Scope 3'!D98,'15 Scope 3'!D99)} -> 15.2.1.1 Emissions from purchased feed | E15: =VEERG_15_2_1_1__1_EmissionsFromPurchasedFeed_Result_Method1 -> 377.052 | F15: =VEERG_15_2_1_1__1_EmissionsFromPurchasedFeed_Result_Method2 -> 529.78 | G15: t CO2e
A16: =HYPERLINK("#'Input - Freight'!A1", "Freight") -> Freight | D16: {=Common_InputFunctions.Utility_ResultsItemFromEquationTitleAndSource('15 Scope 3'!D149,'15 Scope 3'!D150)} -> 15.3.1.1 Total emissions from purchased mineral supplements | E16: =VEERG_15_3_1_1__1_EmissionsFromPurchasedMineralSupplements_Result_Method1 -> 178.9 | F16: =VEERG_15_3_1_1__1_EmissionsFromPurchasedMineralSupplements_Result_Method2 -> 160 | G16: t CO2e
A17: =HYPERLINK("#'Input - Solid waste'!A1", "Solid waste") -> Solid waste | D17: {=Common_InputFunctions.Utility_ResultsItemFromEquationTitleAndSource('15 Scope 3'!D186,'15 Scope 3'!D187)} -> 15.4.1.1 Emissions from purchased fertiliser | E17: =VEERG_15_4_1_1__2_EmissionsFromPurchasedFertiliserComponentsVariation_Result_Method1 -> 78.284322 | F17: =VEERG_15_4_1_1__2_EmissionsFromPurchasedFertiliserComponentsVariation_Result_Method2 -> 75.743047 | G17: t CO2e
A18: =HYPERLINK("#'Input - Manure sent off-site'!A1", "Manure sent off-site") -> Manure sent off-site | D18: {=Common_InputFunctions.Utility_ResultsItemFromEquationTitleAndSource('15 Scope 3'!D256,'15 Scope 3'!D257)} -> 15.5.1.1 Total emissions from purchased agrichemicals | E18: =VEERG_15_5_1_1__1_EmissionsFromPurchasedAgrichemicals_Result_Method1 -> 7.516 | F18: =VEERG_15_5_1_1__1_EmissionsFromPurchasedAgrichemicals_Result_Method2 -> 7.496 | G18: t CO2e
A19: =HYPERLINK("#'Input - Electricity'!A1", "Electricity") -> Electricity | D19: {=Common_InputFunctions.Utility_ResultsItemFromEquationTitleAndSource('15 Scope 3'!D288,'15 Scope 3'!D289)} -> 15.6.1.1 Embedded emissions for purchased lime | E19: =VEERG_15_6_1_1__1_EmissionsFromPurchasedLime_Result_Method1 -> 0.016554 | F19: =VEERG_15_6_1_1__1_EmissionsFromPurchasedLime_Result_Method2 -> 0.0144 | G19: t CO2e
D20: {=Common_InputFunctions.Utility_ResultsItemFromEquationTitleAndSource('15 Scope 3'!D321,'15 Scope 3'!D322)} -> 15.7.1.1 Emissions of purchased services and contractor operations | E20: =VEERG_15_7_1_1__1_EmissionsFromPurchasedServices_Result_Method1 -> No data | F20: =VEERG_15_7_1_1__1_EmissionsFromPurchasedServices_Result_Method2 -> 42 | G20: t CO2e
D21: {=Common_InputFunctions.Utility_ResultsItemFromEquationTitleAndSource('15 Scope 3'!D352,'15 Scope 3'!D353)} -> 15.8.1.1 Embedded emissions from use of packaging materials | E21: =VEERG_15_8_1_1__1_EmissionsFromPurchasedPackaging_Result_Method1 -> 7.44 | F21: =VEERG_15_8_1_1__1_EmissionsFromPurchasedPackaging_Result_Method2 -> 6 | G21: t CO2e
A22: CALCULATIONS | D22: {=Common_InputFunctions.Utility_ResultsItemFromEquationTitleAndSource('15 Scope 3'!D383,'15 Scope 3'!D384)} -> 15.9.1.1 Embedded emissions from use of grow media products | E22: =VEERG_15_9_1_1__1_EmissionsFromPurchasedGrowMedia_Result_Method1 -> No data | F22: =VEERG_15_9_1_1__1_EmissionsFromPurchasedGrowMedia_Result_Method2 -> 40.2 | G22: t CO2e
A23: =HYPERLINK("#'15 Scope 3'!A1", "15 Scope 3") -> 15 Scope 3 | D23: {=Common_InputFunctions.Utility_ResultsItemFromEquationTitleAndSource('15 Scope 3'!D415,'15 Scope 3'!D416)} -> 15.10 Other purchased goods and services generic estimate | E23: - | F23: - | G23: t CO2e
A24: =HYPERLINK("#'10.1.1-2 Solid waste treatment'!A1", "10.1.1-2 Solid waste treatment") -> 10.1.1-2 Solid waste treatment | D24: ='15 Scope 3'!D427 -> Cleaning chemical purchases | E24: =VEERG_15_10_1_1__1_OtherPurchasedGoodsAndServices_CleaningChemicals_Result_Method1 -> 0.5051 | F24: =VEERG_15_10_1_1__1_OtherPurchasedGoodsAndServices_CleaningChemicals_Result_Method2 -> 2.73 | G24: t CO2e
A25: =HYPERLINK("#'Calcs - Manure sent off-site'!A1", "Calcs - Manure sent off-site") -> Calcs - Manure sent off-site | D25: ='15 Scope 3'!D445 -> Pharmacy chemical purchases | E25: =VEERG_15_10_1_1__1_OtherPurchasedGoodsAndServices_PharmacyChemicals_Result_Method1 -> 0.015636 | F25: =VEERG_15_10_1_1__1_OtherPurchasedGoodsAndServices_PharmacyChemicals_Result_Method2 -> 0.0134 | G25: t CO2e
A26: =HYPERLINK("#'8.1.1.1-2 Transport fuel'!A1", "8.1.1.1-2 Transport fuel") -> 8.1.1.1-2 Transport fuel | D26: ='15 Scope 3'!D463 -> Seed | E26: =VEERG_15_10_1_1__1_OtherPurchasedGoodsAndServices_Seed_Result_Method1 -> 0.8439 | F26: =VEERG_15_10_1_1__1_OtherPurchasedGoodsAndServices_Seed_Result_Method2 -> 0.7142 | G26: t CO2e
A27: =HYPERLINK("#'8.2.1.1-2 Stationary fuel'!A1", "8.2.1.1-2 Stationary fuel") -> 8.2.1.1-2 Stationary fuel | D27: ='15 Scope 3'!D476 -> Miscellaneous Inputs | E27: =VEERG_15_10_1_1__1_OtherPurchasedGoodsAndServices_Misc_Result_Method1 -> 2.9531 | F27: =VEERG_15_10_1_1__1_OtherPurchasedGoodsAndServices_Misc_Result_Method2 -> 0.08586 | G27: t CO2e
D28: ='15 Scope 3'!D487 -> Uncategorised products with no Method 1 EF data | E28: =VEERG_15_10_1_1__1_OtherPurchasedGoodsAndServices_Uncategorised_Result_Method1 -> No data | F28: =VEERG_15_10_1_1__1_OtherPurchasedGoodsAndServices_Uncategorised_Result_Method2 -> 4000 | G28: t CO2e
D29: {=Common_InputFunctions.Utility_ResultsItemFromEquationTitleAndSource('15 Scope 3'!D506,'15 Scope 3'!D507)} -> 15.11.1.1 Total upstream emissions from scope 1 fuel consumption | E29: =VEERG_15_11_1_1__1_TotalUpstreamEmissionsFromFuel_Result -> 26.794 | F29: =E29 -> 26.794 | G29: t CO2e
A30: APPENDICES | D30: {=Common_InputFunctions.Utility_ResultsItemFromEquationTitleAndSource('15 Scope 3'!D521,'15 Scope 3'!D522)} -> 15.12.1.1 Scope 3 emissions from purchased electricity location based | E30: =VEERG_15_12_1_1__1_UpstreamPurchasedElectricityLocationBased_Result -> 2.7 | F30: =E30 -> 2.7 | G30: t CO2e
A31: =HYPERLINK("#'Constants - Scope 3'!A1", "Constants - Scope 3") -> Constants - Scope 3 | D31: {=Common_InputFunctions.Utility_ResultsItemFromEquationTitleAndSource('15 Scope 3'!D537,'15 Scope 3'!D538)} -> 15.12.1.2 Scope 3 emissions from purchased electricity market based | E31: =VEERG_15_12_1_2__1_UpstreamPurchasedElectricityMarketBasedVariation_Result -> 1.5 | F31: =E31 -> 1.5 | G31: t CO2e
A32: =HYPERLINK("#'Constants - Solid Waste'!A1", "Constants - Solid Waste") -> Constants - Solid Waste | D32: {=Common_InputFunctions.Utility_ResultsItemFromEquationTitleAndSource('15 Scope 3'!D559,'15 Scope 3'!D560)} -> 15.13.1.1 Emissions from manure sent off site applied to soils in another farming system or enterprise | E32: =VEERG_15_13_1_1__1_EmissionsFromManureSentOffSite_Result_Method1_CO2e -> 3.7936643 | F32: =VEERG_15_13_1_1__1_EmissionsFromManureSentOffSite_Result_Method2_CO2e -> 7.5873286 | G32: t CO2e
A33: =HYPERLINK("#'Constants - Fuel'!A1", "Constants - Fuel") -> Constants - Fuel | D33: {=Common_InputFunctions.Utility_ResultsItemFromEquationTitleAndSource('15 Scope 3'!D582,'15 Scope 3'!D583&",")} -> 15.13.1.3 Emissions from solid waste sent to a treatment facility | E33: =VEERG_10_1_1_1__1_EmissionsFromWasteManagement_Scope3_Result_Method1 -> 441.15 | F33: =E33 -> 441.15 | G33: t CO2e
A34: =HYPERLINK("#'Constants - Poultry'!A1", "Constants - Poultry") -> Constants - Poultry | D34: {=Common_InputFunctions.Utility_ResultsItemFromEquationTitleAndSource('15 Scope 3'!D592,'15 Scope 3'!D593)} -> 15.14.1.1 Embedded emissions from upstream freight | E34: - | F34: - | G34: t CO2e
A35: =HYPERLINK("#'Constants - Swine'!A1", "Constants - Swine") -> Constants - Swine | D35: ='15 Scope 3'!D606 -> Incoming freight | E35: =VEERG_15_14_1_1__1_EmbeddedEmissionsFromUpstreamFreight_Incoming_Result_Method1 -> No data | F35: =VEERG_15_14_1_1__1_EmbeddedEmissionsFromUpstreamFreight_Incoming_Result_Method2 -> 5146700 | G35: t CO2e
A36: =HYPERLINK("#'Constants - Dairy'!A1", "Constants - Dairy") -> Constants - Dairy | D36: ='15 Scope 3'!D624 -> Outgoing freight | E36: =VEERG_15_14_1_1__1_EmbeddedEmissionsFromUpstreamFreight_Outgoing_Result_Method1 -> No data | F36: =VEERG_15_14_1_1__1_EmbeddedEmissionsFromUpstreamFreight_Outgoing_Result_Method2 -> 432640 | G36: t CO2e
A37: =HYPERLINK("#'Constants - Pasture Beef'!A1", "Constants - Pasture Beef") -> Constants - Pasture Beef | D37: Total | E37: =SUM(E10:E36) -> 2477.8015 | F37: =SUM(F10:F36) -> 5586188.4 | G37: t CO2e
A38: =HYPERLINK("#'Constants - Common Livestock'!A1", "Constants - Common Livestock") -> Constants - Common Livestock
A39: =HYPERLINK("#'Constants - Fertiliser'!A1", "Constants - Fertiliser") -> Constants - Fertiliser
A40: =HYPERLINK("#'Constants - Electricity'!A1", "Constants - Electricity") -> Constants - Electricity
A41: =HYPERLINK("#'Constants - Common'!A1", "Constants - Common") -> Constants - Common

Sheet Input - Site
A1: #VALUE! | C1: Input - Site
A3: =HYPERLINK("#'Overview'!A1", "Overview") -> Overview
A4: =HYPERLINK("#'Results'!A1", "Results") -> Results
D5: Your business
A7: INPUTS | D7: Farm name | E7: Test Farms
A8: =HYPERLINK("#'Input - Site'!A1", "Site") -> Site | D8: Reporting entity name | E8: Test Farms Pty Ltd
A9: =HYPERLINK("#'Input - Fuel'!A1", "Fuel") -> Fuel
A10: =HYPERLINK("#'Input - Fertiliser'!A1", "Fertiliser") -> Fertiliser | D10: 💡An 'Emissions accounting period' is a 12 month period where the business can report on the emissions, and is typically the same as the business' financial accounting period.
A11: =HYPERLINK("#'Input - Farm Inputs'!A1", "Farm Inputs") -> Farm Inputs
A12: =HYPERLINK("#'Input - Beef cattle purchases'!A1", "Beef cattle purchases") -> Beef cattle purchases | D12: Emissions calculation period start date | E12: 45292 | F12: ← DD/MM/YYYY or DD Month YYYY
A13: =HYPERLINK("#'Input - Dairy cattle purchases'!A1", "Dairy cattle purchases") -> Dairy cattle purchases | D13: Emissions calculation period end date | E13: =DATE(YEAR(X_Cell_Site_StartDate)+1,MONTH(X_Cell_Site_StartDate),DAY(X_Cell_Site_StartDate))-1 -> 45657 | F13: ← Automatically calculated, 12 months after start date
A14: =HYPERLINK("#'Input - Pig purchases'!A1", "Pig purchases") -> Pig purchases
A15: =HYPERLINK("#'Input - Poultry purchases'!A1", "Poultry purchases") -> Poultry purchases
A16: =HYPERLINK("#'Input - Freight'!A1", "Freight") -> Freight | D16: Location and climate
A17: =HYPERLINK("#'Input - Solid waste'!A1", "Solid waste") -> Solid waste
A18: =HYPERLINK("#'Input - Manure sent off-site'!A1", "Manure sent off-site") -> Manure sent off-site | D18: Location information is used to reference some region and climate-specific emission factors
A19: =HYPERLINK("#'Input - Electricity'!A1", "Electricity") -> Electricity | D19: Tip: Use the web-based GAF Location Helper tool to easily get region and climate information. You will need an internet connection to use the GAF Location Helper.
D21: State | E21: Western Australia | F21: ← Please select
A22: CALCULATIONS | D22: Region (ABS Statistical area level 4) if state is WA | E22: Western Australia - Outback (South) | F22: ← Please select
A23: =HYPERLINK("#'15 Scope 3'!A1", "15 Scope 3") -> 15 Scope 3 | D23: Leaching zone | E23: NO - Not in leaching zone | F23: ← Please select
A24: =HYPERLINK("#'10.1.1-2 Solid waste treatment'!A1", "10.1.1-2 Solid waste treatment") -> 10.1.1-2 Solid waste treatment | D24: Elevation | E24: 307.7 | F24: Meters
A25: =HYPERLINK("#'Calcs - Manure sent off-site'!A1", "Calcs - Manure sent off-site") -> Calcs - Manure sent off-site | D25: Average temperature for reporting period | E25: 18 | F25: Degrees celsius
A26: =HYPERLINK("#'8.1.1.1-2 Transport fuel'!A1", "8.1.1.1-2 Transport fuel") -> 8.1.1.1-2 Transport fuel | D26: Total rainfall for reporting period | E26: 599 | F26: Millimetres
A27: =HYPERLINK("#'8.2.1.1-2 Stationary fuel'!A1", "8.2.1.1-2 Stationary fuel") -> 8.2.1.1-2 Stationary fuel | D27: Potential evapotranspiration for reporting period | E27: 1326 | F27: Millimetres
D28: Number of frost days for reporting period | E28: 7 | F28: Days
D29: MAP:PET ratio | E29: =X_Cell_Site_TotalRainfall/X_Cell_Site_PotentialEvapotranspiration -> 0.45173454
A30: APPENDICES | D30: Rainfall zone | E30: =Common_InputFunctions.Utility_LookupItemFromMinMax(X_Cell_Site_TotalRainfall,Table_SourceData_RainfallZones[Min rainfall],Table_SourceData_RainfallZones[Max rainfall],Table_SourceData_RainfallZones[Rainfall Zone]) -> Low rainfall
A31: =HYPERLINK("#'Constants - Scope 3'!A1", "Constants - Scope 3") -> Constants - Scope 3 | D31: Climate zone | E31: =Common_InputFunctions.Utility_GetClimateZone(X_Cell_Site_AverageTemperature,X_Cell_Site_TotalRainfall,X_Cell_Site_FrostDays,X_Cell_Site_Elevation,X_Cell_Site_MapPetRatio,Table_SourceData_ClimateZones[Min temp],Table_SourceData_ClimateZones[Max temp],Table_SourceData_ClimateZones[Min rainfall],Table_SourceData_ClimateZones[Max rainfall],Table_SourceData_ClimateZones[Min frost days],Table_SourceData_ClimateZones[Max frost days],Table_SourceData_ClimateZones[Min elevation],Table_SourceData_ClimateZones[Max elevation],Table_SourceData_ClimateZones[Min MAP:PET],Table_SourceData_ClimateZones[Max MAP:PET],Table_SourceData_ClimateZones[Climate zone]) -> Warm temperate dry
A32: =HYPERLINK("#'Constants - Solid Waste'!A1", "Constants - Solid Waste") -> Constants - Solid Waste | D32: Wet or dry climate zone | E32: =Common_InputFunctions.Utility_LookupValueInTable(X_Cell_Site_ClimateZone,Table_SourceData_WetDryZones[Climate zone],Table_SourceData_WetDryZones[Wet or Dry Zone]) -> Dry climate zone
A33: =HYPERLINK("#'Constants - Fuel'!A1", "Constants - Fuel") -> Constants - Fuel | D33: Temperature zone | E33: =Common_InputFunctions.Utility_LookupItemFromMinMax(X_Cell_Site_AverageTemperature,Table_SourceData_TemperatureZones[Min MAT],Table_SourceData_TemperatureZones[Max MAT],Table_SourceData_TemperatureZones[Temperature Zone]) -> Temperate
A34: =HYPERLINK("#'Constants - Poultry'!A1", "Constants - Poultry") -> Constants - Poultry
A35: =HYPERLINK("#'Constants - Swine'!A1", "Constants - Swine") -> Constants - Swine
A36: =HYPERLINK("#'Constants - Dairy'!A1", "Constants - Dairy") -> Constants - Dairy
A37: =HYPERLINK("#'Constants - Pasture Beef'!A1", "Constants - Pasture Beef") -> Constants - Pasture Beef
A38: =HYPERLINK("#'Constants - Common Livestock'!A1", "Constants - Common Livestock") -> Constants - Common Livestock
A39: =HYPERLINK("#'Constants - Fertiliser'!A1", "Constants - Fertiliser") -> Constants - Fertiliser
A40: =HYPERLINK("#'Constants - Electricity'!A1", "Constants - Electricity") -> Constants - Electricity
A41: =HYPERLINK("#'Constants - Common'!A1", "Constants - Common") -> Constants - Common

Sheet Input - Fuel
A1: #VALUE! | C1: Input - Fuel
A3: =HYPERLINK("#'Overview'!A1", "Overview") -> Overview
A4: =HYPERLINK("#'Results'!A1", "Results") -> Results
D5: Fuel purchases and consumption
A7: INPUTS | D7: A 'Metropolitan' location is:
A8: =HYPERLINK("#'Input - Site'!A1", "Site") -> Site | D8: ● On or east of the dividing range in NSW (including Canberra and Queanbeyan)
A9: =HYPERLINK("#'Input - Fuel'!A1", "Fuel") -> Fuel | D9: ● In Melbourne, Brisbane, Adelaide or Perth
A10: =HYPERLINK("#'Input - Fertiliser'!A1", "Fertiliser") -> Fertiliser
A11: =HYPERLINK("#'Input - Farm Inputs'!A1", "Farm Inputs") -> Farm Inputs | D11: Is the property in a Metropolitan location? | E11: Metro | F11: ← Please select
A12: =HYPERLINK("#'Input - Beef cattle purchases'!A1", "Beef cattle purchases") -> Beef cattle purchases
A13: =HYPERLINK("#'Input - Dairy cattle purchases'!A1", "Dairy cattle purchases") -> Dairy cattle purchases | D13: 💡 You can add more rows to the table by right-clicking on the table and selecting "Insert > Table rows above/below"
A14: =HYPERLINK("#'Input - Pig purchases'!A1", "Pig purchases") -> Pig purchases | D14: 💡 'Percent consumed" is 100% by default. If you purchased more fuel than was consumed you can edit this field.
A15: =HYPERLINK("#'Input - Poultry purchases'!A1", "Poultry purchases") -> Poultry purchases
A16: =HYPERLINK("#'Input - Freight'!A1", "Freight") -> Freight | D16: Fuel use (select) | E16: Fuel type (select) | F16: Amount purchased | G16: Amount unit | H16: Percent consumed | I16: Amount consumed | J16: Amount consumed unit
A17: =HYPERLINK("#'Input - Solid waste'!A1", "Solid waste") -> Solid waste | D17: Power standalone machinery or heating | E17: Town gas in GJ | F17: 100 | G17: {=Common_InputFunctions.Utility_LookupValueInTable(Table_Input_Fuel[[#This Row],[Fuel type (select)]],Table_FuelTypes_Units[Fuel type], Table_FuelTypes_Units[Input Unit])} -> GJ | H17: =1 -> 1 | I17: =Table_Input_Fuel[[#This Row],[Amount purchased]]*Table_Input_Fuel[[#This Row],[Percent consumed]]*IF(Table_Input_Fuel[[#This Row],[Amount unit]]="L", 10^-3, 1) -> 100 | J17: {=Common_InputFunctions.Utility_LookupValueInTable(Table_Input_Fuel[[#This Row],[Fuel type (select)]],Table_FuelTypes_Units[Fuel type], Table_FuelTypes_Units[Unit])} -> GJ
A18: =HYPERLINK("#'Input - Manure sent off-site'!A1", "Manure sent off-site") -> Manure sent off-site | D18: Power standalone machinery or heating | E18: Petrol | F18: 10000 | G18: {=Common_InputFunctions.Utility_LookupValueInTable(Table_Input_Fuel[[#This Row],[Fuel type (select)]],Table_FuelTypes_Units[Fuel type], Table_FuelTypes_Units[Input Unit])} -> L | H18: =1 -> 1 | I18: =Table_Input_Fuel[[#This Row],[Amount purchased]]*Table_Input_Fuel[[#This Row],[Percent consumed]]*IF(Table_Input_Fuel[[#This Row],[Amount unit]]="L", 10^-3, 1) -> 10 | J18: {=Common_InputFunctions.Utility_LookupValueInTable(Table_Input_Fuel[[#This Row],[Fuel type (select)]],Table_FuelTypes_Units[Fuel type], Table_FuelTypes_Units[Unit])} -> kL
A19: =HYPERLINK("#'Input - Electricity'!A1", "Electricity") -> Electricity | D19: Cars and light commercial vehicles | E19: Diesel | F19: 10000 | G19: {=Common_InputFunctions.Utility_LookupValueInTable(Table_Input_Fuel[[#This Row],[Fuel type (select)]],Table_FuelTypes_Units[Fuel type], Table_FuelTypes_Units[Input Unit])} -> L | H19: =1 -> 1 | I19: =Table_Input_Fuel[[#This Row],[Amount purchased]]*Table_Input_Fuel[[#This Row],[Percent consumed]]*IF(Table_Input_Fuel[[#This Row],[Amount unit]]="L", 10^-3, 1) -> 10 | J19: {=Common_InputFunctions.Utility_LookupValueInTable(Table_Input_Fuel[[#This Row],[Fuel type (select)]],Table_FuelTypes_Units[Fuel type], Table_FuelTypes_Units[Unit])} -> kL
D20: Off-road Agriculture and forestry equipment | E20: Diesel | F20: 10000 | G20: {=Common_InputFunctions.Utility_LookupValueInTable(Table_Input_Fuel[[#This Row],[Fuel type (select)]],Table_FuelTypes_Units[Fuel type], Table_FuelTypes_Units[Input Unit])} -> L | H20: =1 -> 1 | I20: =Table_Input_Fuel[[#This Row],[Amount purchased]]*Table_Input_Fuel[[#This Row],[Percent consumed]]*IF(Table_Input_Fuel[[#This Row],[Amount unit]]="L", 10^-3, 1) -> 10 | J20: {=Common_InputFunctions.Utility_LookupValueInTable(Table_Input_Fuel[[#This Row],[Fuel type (select)]],Table_FuelTypes_Units[Fuel type], Table_FuelTypes_Units[Unit])} -> kL
D21: Vessels | E21: Fuel oil | F21: 10000 | G21: {=Common_InputFunctions.Utility_LookupValueInTable(Table_Input_Fuel[[#This Row],[Fuel type (select)]],Table_FuelTypes_Units[Fuel type], Table_FuelTypes_Units[Input Unit])} -> L | H21: =1 -> 1 | I21: =Table_Input_Fuel[[#This Row],[Amount purchased]]*Table_Input_Fuel[[#This Row],[Percent consumed]]*IF(Table_Input_Fuel[[#This Row],[Amount unit]]="L", 10^-3, 1) -> 10 | J21: {=Common_InputFunctions.Utility_LookupValueInTable(Table_Input_Fuel[[#This Row],[Fuel type (select)]],Table_FuelTypes_Units[Fuel type], Table_FuelTypes_Units[Unit])} -> kL
A22: CALCULATIONS
A23: =HYPERLINK("#'15 Scope 3'!A1", "15 Scope 3") -> 15 Scope 3
A24: =HYPERLINK("#'10.1.1-2 Solid waste treatment'!A1", "10.1.1-2 Solid waste treatment") -> 10.1.1-2 Solid waste treatment
A25: =HYPERLINK("#'Calcs - Manure sent off-site'!A1", "Calcs - Manure sent off-site") -> Calcs - Manure sent off-site
A26: =HYPERLINK("#'8.1.1.1-2 Transport fuel'!A1", "8.1.1.1-2 Transport fuel") -> 8.1.1.1-2 Transport fuel
A27: =HYPERLINK("#'8.2.1.1-2 Stationary fuel'!A1", "8.2.1.1-2 Stationary fuel") -> 8.2.1.1-2 Stationary fuel
A30: APPENDICES
A31: =HYPERLINK("#'Constants - Scope 3'!A1", "Constants - Scope 3") -> Constants - Scope 3
A32: =HYPERLINK("#'Constants - Solid Waste'!A1", "Constants - Solid Waste") -> Constants - Solid Waste
A33: =HYPERLINK("#'Constants - Fuel'!A1", "Constants - Fuel") -> Constants - Fuel
A34: =HYPERLINK("#'Constants - Poultry'!A1", "Constants - Poultry") -> Constants - Poultry
A35: =HYPERLINK("#'Constants - Swine'!A1", "Constants - Swine") -> Constants - Swine
A36: =HYPERLINK("#'Constants - Dairy'!A1", "Constants - Dairy") -> Constants - Dairy
A37: =HYPERLINK("#'Constants - Pasture Beef'!A1", "Constants - Pasture Beef") -> Constants - Pasture Beef
A38: =HYPERLINK("#'Constants - Common Livestock'!A1", "Constants - Common Livestock") -> Constants - Common Livestock
A39: =HYPERLINK("#'Constants - Fertiliser'!A1", "Constants - Fertiliser") -> Constants - Fertiliser
A40: =HYPERLINK("#'Constants - Electricity'!A1", "Constants - Electricity") -> Constants - Electricity
A41: =HYPERLINK("#'Constants - Common'!A1", "Constants - Common") -> Constants - Common

Sheet Input - Fertiliser
A1: #VALUE! | C1: Input - Fertiliser
A3: =HYPERLINK("#'Overview'!A1", "Overview") -> Overview
A4: =HYPERLINK("#'Results'!A1", "Results") -> Results
D5: Inorganic fertiliser applied
A7: INPUTS | D7: 💡You can add more rows to tables by right-clicking on the table and selecting "Insert > Table rows above/below".
A8: =HYPERLINK("#'Input - Site'!A1", "Site") -> Site | D8: 💡The application area is the same as the area under pasture / cropping by default. You can edit it if the application area is different.
A9: =HYPERLINK("#'Input - Fuel'!A1", "Fuel") -> Fuel
A10: =HYPERLINK("#'Input - Fertiliser'!A1", "Fertiliser") -> Fertiliser | D10: Branded fertiliser products
A11: =HYPERLINK("#'Input - Farm Inputs'!A1", "Farm Inputs") -> Farm Inputs | D11: Product (select) | E11: Amount applied per hectare | F11: Application unit | G11: Density | H11: Application area (ha) | I11: Total applied (kg) | J11: Ingredient 1 | K11: Ingredient 1 percent | L11: Ingredient 2 | M11: Ingredient 2 percent | N11: Ingredient 3 | O11: Ingredient 3 percent | P11: Ingredient 4 | Q11: Ingredient 4 percent | R11: Ingredient 5 | S11: Ingredient 5 percent | T11: Ingredient 6 | U11: Ingredient 6 percent | V11: N application rate (kg/ha) | W11: Urea source | X11: Ammonia source
A12: =HYPERLINK("#'Input - Beef cattle purchases'!A1", "Beef cattle purchases") -> Beef cattle purchases | D12: Aqua Finish | E12: 100 | F12: =_xlfn.XLOOKUP(Table_Input_InorganicFertiliser_Brands[[#This Row],[Product (select)]],FertiliserProducts[Product name],FertiliserProducts[Unit]) -> L | G12: =_xlfn.XLOOKUP(Table_Input_InorganicFertiliser_Brands[[#This Row],[Product (select)]],FertiliserProducts[Product name],FertiliserProducts[Density / gravity]) -> 1.26 | H12: 100 | I12: =(Table_Input_InorganicFertiliser_Brands[[#This Row],[Amount applied per hectare]]*Table_Input_InorganicFertiliser_Brands[[#This Row],[Density]])*Table_Input_InorganicFertiliser_Brands[[#This Row],[Application area (ha)]] -> 12600 | J12: {=Fertiliser_InputFunctions.Fertiliser_FertiliserProductLookup(Table_Input_InorganicFertiliser_Brands[[#This Row],[Product (select)]], Table_Input_InorganicFertiliser_Brands[[#Headers],[Ingredient 1]], FertiliserProducts[#Data], FertiliserProducts[Product name], FertiliserProducts[#Headers])} -> Potassium - Generic | K12: {=Fertiliser_InputFunctions.Fertiliser_FertiliserProductLookup(Table_Input_InorganicFertiliser_Brands[[#This Row],[Product (select)]], Table_Input_InorganicFertiliser_Brands[[#Headers],[Ingredient 1 percent]], FertiliserProducts[#Data], FertiliserProducts[Product name], FertiliserProducts[#Headers])} -> 0.225 | L12: {=Fertiliser_InputFunctions.Fertiliser_FertiliserProductLookup(Table_Input_InorganicFertiliser_Brands[[#This Row],[Product (select)]], Table_Input_InorganicFertiliser_Brands[[#Headers],[Ingredient 2]], FertiliserProducts[#Data], FertiliserProducts[Product name], FertiliserProducts[#Headers])} -> Phosphorus - Generic | M12: {=Fertiliser_InputFunctions.Fertiliser_FertiliserProductLookup(Table_Input_InorganicFertiliser_Brands[[#This Row],[Product (select)]], Table_Input_InorganicFertiliser_Brands[[#Headers],[Ingredient 2 percent]], FertiliserProducts[#Data], FertiliserProducts[Product name], FertiliserProducts[#Headers])} -> 0.04 | N12: {=Fertiliser_InputFunctions.Fertiliser_FertiliserProductLookup(Table_Input_InorganicFertiliser_Brands[[#This Row],[Product (select)]], Table_Input_InorganicFertiliser_Brands[[#Headers],[Ingredient 3]], FertiliserProducts[#Data], FertiliserProducts[Product name], FertiliserProducts[#Headers])} -> Nitrogen - Generic | O12: {=Fertiliser_InputFunctions.Fertiliser_FertiliserProductLookup(Table_Input_InorganicFertiliser_Brands[[#This Row],[Product (select)]], Table_Input_InorganicFertiliser_Brands[[#Headers],[Ingredient 3 percent]], FertiliserProducts[#Data], FertiliserProducts[Product name], FertiliserProducts[#Headers])} -> 0.026 | P12: {=Fertiliser_InputFunctions.Fertiliser_FertiliserProductLookup(Table_Input_InorganicFertiliser_Brands[[#This Row],[Product (select)]], Table_Input_InorganicFertiliser_Brands[[#Headers],[Ingredient 4]], FertiliserProducts[#Data], FertiliserProducts[Product name], FertiliserProducts[#Headers])} | Q12: {=Fertiliser_InputFunctions.Fertiliser_FertiliserProductLookup(Table_Input_InorganicFertiliser_Brands[[#This Row],[Product (select)]], Table_Input_InorganicFertiliser_Brands[[#Headers],[Ingredient 4 percent]], FertiliserProducts[#Data], FertiliserProducts[Product name], FertiliserProducts[#Headers])} | R12: {=Fertiliser_InputFunctions.Fertiliser_FertiliserProductLookup(Table_Input_InorganicFertiliser_Brands[[#This Row],[Product (select)]], Table_Input_InorganicFertiliser_Brands[[#Headers],[Ingredient 5]], FertiliserProducts[#Data], FertiliserProducts[Product name], FertiliserProducts[#Headers])} | S12: {=Fertiliser_InputFunctions.Fertiliser_FertiliserProductLookup(Table_Input_InorganicFertiliser_Brands[[#This Row],[Product (select)]], Table_Input_InorganicFertiliser_Brands[[#Headers],[Ingredient 5 percent]], FertiliserProducts[#Data], FertiliserProducts[Product name], FertiliserProducts[#Headers])} | T12: {=Fertiliser_InputFunctions.Fertiliser_FertiliserProductLookup(Table_Input_InorganicFertiliser_Brands[[#This Row],[Product (select)]], Table_Input_InorganicFertiliser_Brands[[#Headers],[Ingredient 6]], FertiliserProducts[#Data], FertiliserProducts[Product name], FertiliserProducts[#Headers])} | U12: {=Fertiliser_InputFunctions.Fertiliser_FertiliserProductLookup(Table_Input_InorganicFertiliser_Brands[[#This Row],[Product (select)]], Table_Input_InorganicFertiliser_Brands[[#Headers],[Ingredient 6 percent]], FertiliserProducts[#Data], FertiliserProducts[Product name], FertiliserProducts[#Headers])} | V12: =(Table_Input_InorganicFertiliser_Brands[[#This Row],[Amount applied per hectare]]*Table_Input_InorganicFertiliser_Brands[[#This Row],[Density]])*(IFERROR((_xlfn.XLOOKUP(Table_Input_InorganicFertiliser_Brands[[#This Row],[Ingredient 1]], Table_Fertiliser_ChemicalCompounds[Fertiliser type f],Table_Fertiliser_ChemicalCompounds[FNinorganic f])*Table_Input_InorganicFertiliser_Brands[[#This Row],[Ingredient 1 percent]]), 0)+ IFERROR((_xlfn.XLOOKUP(Table_Input_InorganicFertiliser_Brands[[#This Row],[Ingredient 2]],Table_Fertiliser_ChemicalCompounds[Fertiliser type f],Table_Fertiliser_ChemicalCompounds[FNinorganic f])*Table_Input_InorganicFertiliser_Brands[[#This Row],[Ingredient 2 percent]]), 0)+ IFERROR((_xlfn.XLOOKUP(Table_Input_InorganicFertiliser_Brands[[#This Row],[Ingredient 3]],Table_Fertiliser_ChemicalCompounds[Fertiliser type f],Table_Fertiliser_ChemicalCompounds[FNinorganic f])*Table_Input_InorganicFertiliser_Brands[[#This Row],[Ingredient 3 percent]]), 0)+ IFERROR((_xlfn.XLOOKUP(Table_Input_InorganicFertiliser_Brands[[#This Row],[Ingredient 4]],Table_Fertiliser_ChemicalCompounds[Fertiliser type f],Table_Fertiliser_ChemicalCompounds[FNinorganic f])*Table_Input_InorganicFertiliser_Brands[[#This Row],[Ingredient 4 percent]]), 0)+ IFERROR((_xlfn.XLOOKUP(Table_Input_InorganicFertiliser_Brands[[#This Row],[Ingredient 5]],Table_Fertiliser_ChemicalCompounds[Fertiliser type f],Table_Fertiliser_ChemicalCompounds[FNinorganic f])*Table_Input_InorganicFertiliser_Brands[[#This Row],[Ingredient 5 percent]]), 0)+ IFERROR((_xlfn.XLOOKUP(Table_Input_InorganicFertiliser_Brands[[#This Row],[Ingredient 6]],Table_Fertiliser_ChemicalCompounds[Fertiliser type f],Table_Fertiliser_ChemicalCompounds[FNinorganic f])*Table_Input_InorganicFertiliser_Brands[[#This Row],[Ingredient 6 percent]]), 0)) -> 3.276 | W12: =_xlfn.XLOOKUP(Table_Input_InorganicFertiliser_Brands[[#This Row],[Product (select)]],FertiliserProducts[Product name],FertiliserProducts[Urea source]) | X12: =_xlfn.XLOOKUP(Table_Input_InorganicFertiliser_Brands[[#This Row],[Product (select)]],FertiliserProducts[Product name],FertiliserProducts[Ammonia source])
A13: =HYPERLINK("#'Input - Dairy cattle purchases'!A1", "Dairy cattle purchases") -> Dairy cattle purchases | D13: CalPhos | E13: 100 | F13: =_xlfn.XLOOKUP(Table_Input_InorganicFertiliser_Brands[[#This Row],[Product (select)]],FertiliserProducts[Product name],FertiliserProducts[Unit]) -> L | G13: =_xlfn.XLOOKUP(Table_Input_InorganicFertiliser_Brands[[#This Row],[Product (select)]],FertiliserProducts[Product name],FertiliserProducts[Density / gravity]) -> 1.285 | H13: 100 | I13: =(Table_Input_InorganicFertiliser_Brands[[#This Row],[Amount applied per hectare]]*Table_Input_InorganicFertiliser_Brands[[#This Row],[Density]])*Table_Input_InorganicFertiliser_Brands[[#This Row],[Application area (ha)]] -> 12850 | J13: {=Fertiliser_InputFunctions.Fertiliser_FertiliserProductLookup(Table_Input_InorganicFertiliser_Brands[[#This Row],[Product (select)]], Table_Input_InorganicFertiliser_Brands[[#Headers],[Ingredient 1]], FertiliserProducts[#Data], FertiliserProducts[Product name], FertiliserProducts[#Headers])} -> Phosphorus - Generic | K13: {=Fertiliser_InputFunctions.Fertiliser_FertiliserProductLookup(Table_Input_InorganicFertiliser_Brands[[#This Row],[Product (select)]], Table_Input_InorganicFertiliser_Brands[[#Headers],[Ingredient 1 percent]], FertiliserProducts[#Data], FertiliserProducts[Product name], FertiliserProducts[#Headers])} -> 0.135 | L13: {=Fertiliser_InputFunctions.Fertiliser_FertiliserProductLookup(Table_Input_InorganicFertiliser_Brands[[#This Row],[Product (select)]], Table_Input_InorganicFertiliser_Brands[[#Headers],[Ingredient 2]], FertiliserProducts[#Data], FertiliserProducts[Product name], FertiliserProducts[#Headers])} -> Calcium - Generic | M13: {=Fertiliser_InputFunctions.Fertiliser_FertiliserProductLookup(Table_Input_InorganicFertiliser_Brands[[#This Row],[Product (select)]], Table_Input_InorganicFertiliser_Brands[[#Headers],[Ingredient 2 percent]], FertiliserProducts[#Data], FertiliserProducts[Product name], FertiliserProducts[#Headers])} -> 0.04 | N13: {=Fertiliser_InputFunctions.Fertiliser_FertiliserProductLookup(Table_Input_InorganicFertiliser_Brands[[#This Row],[Product (select)]], Table_Input_InorganicFertiliser_Brands[[#Headers],[Ingredient 3]], FertiliserProducts[#Data], FertiliserProducts[Product name], FertiliserProducts[#Headers])} | O13: {=Fertiliser_InputFunctions.Fertiliser_FertiliserProductLookup(Table_Input_InorganicFertiliser_Brands[[#This Row],[Product (select)]], Table_Input_InorganicFertiliser_Brands[[#Headers],[Ingredient 3 percent]], FertiliserProducts[#Data], FertiliserProducts[Product name], FertiliserProducts[#Headers])} | P13: {=Fertiliser_InputFunctions.Fertiliser_FertiliserProductLookup(Table_Input_InorganicFertiliser_Brands[[#This Row],[Product (select)]], Table_Input_InorganicFertiliser_Brands[[#Headers],[Ingredient 4]], FertiliserProducts[#Data], FertiliserProducts[Product name], FertiliserProducts[#Headers])} | Q13: {=Fertiliser_InputFunctions.Fertiliser_FertiliserProductLookup(Table_Input_InorganicFertiliser_Brands[[#This Row],[Product (select)]], Table_Input_InorganicFertiliser_Brands[[#Headers],[Ingredient 4 percent]], FertiliserProducts[#Data], FertiliserProducts[Product name], FertiliserProducts[#Headers])} | R13: {=Fertiliser_InputFunctions.Fertiliser_FertiliserProductLookup(Table_Input_InorganicFertiliser_Brands[[#This Row],[Product (select)]], Table_Input_InorganicFertiliser_Brands[[#Headers],[Ingredient 5]], FertiliserProducts[#Data], FertiliserProducts[Product name], FertiliserProducts[#Headers])} | S13: {=Fertiliser_InputFunctions.Fertiliser_FertiliserProductLookup(Table_Input_InorganicFertiliser_Brands[[#This Row],[Product (select)]], Table_Input_InorganicFertiliser_Brands[[#Headers],[Ingredient 5 percent]], FertiliserProducts[#Data], FertiliserProducts[Product name], FertiliserProducts[#Headers])} | T13: {=Fertiliser_InputFunctions.Fertiliser_FertiliserProductLookup(Table_Input_InorganicFertiliser_Brands[[#This Row],[Product (select)]], Table_Input_InorganicFertiliser_Brands[[#Headers],[Ingredient 6]], FertiliserProducts[#Data], FertiliserProducts[Product name], FertiliserProducts[#Headers])} | U13: {=Fertiliser_InputFunctions.Fertiliser_FertiliserProductLookup(Table_Input_InorganicFertiliser_Brands[[#This Row],[Product (select)]], Table_Input_InorganicFertiliser_Brands[[#Headers],[Ingredient 6 percent]], FertiliserProducts[#Data], FertiliserProducts[Product name], FertiliserProducts[#Headers])} | V13: =(Table_Input_InorganicFertiliser_Brands[[#This Row],[Amount applied per hectare]]*Table_Input_InorganicFertiliser_Brands[[#This Row],[Density]])*(IFERROR((_xlfn.XLOOKUP(Table_Input_InorganicFertiliser_Brands[[#This Row],[Ingredient 1]], Table_Fertiliser_ChemicalCompounds[Fertiliser type f],Table_Fertiliser_ChemicalCompounds[FNinorganic f])*Table_Input_InorganicFertiliser_Brands[[#This Row],[Ingredient 1 percent]]), 0)+ IFERROR((_xlfn.XLOOKUP(Table_Input_InorganicFertiliser_Brands[[#This Row],[Ingredient 2]],Table_Fertiliser_ChemicalCompounds[Fertiliser type f],Table_Fertiliser_ChemicalCompounds[FNinorganic f])*Table_Input_InorganicFertiliser_Brands[[#This Row],[Ingredient 2 percent]]), 0)+ IFERROR((_xlfn.XLOOKUP(Table_Input_InorganicFertiliser_Brands[[#This Row],[Ingredient 3]],Table_Fertiliser_ChemicalCompounds[Fertiliser type f],Table_Fertiliser_ChemicalCompounds[FNinorganic f])*Table_Input_InorganicFertiliser_Brands[[#This Row],[Ingredient 3 percent]]), 0)+ IFERROR((_xlfn.XLOOKUP(Table_Input_InorganicFertiliser_Brands[[#This Row],[Ingredient 4]],Table_Fertiliser_ChemicalCompounds[Fertiliser type f],Table_Fertiliser_ChemicalCompounds[FNinorganic f])*Table_Input_InorganicFertiliser_Brands[[#This Row],[Ingredient 4 percent]]), 0)+ IFERROR((_xlfn.XLOOKUP(Table_Input_InorganicFertiliser_Brands[[#This Row],[Ingredient 5]],Table_Fertiliser_ChemicalCompounds[Fertiliser type f],Table_Fertiliser_ChemicalCompounds[FNinorganic f])*Table_Input_InorganicFertiliser_Brands[[#This Row],[Ingredient 5 percent]]), 0)+ IFERROR((_xlfn.XLOOKUP(Table_Input_InorganicFertiliser_Brands[[#This Row],[Ingredient 6]],Table_Fertiliser_ChemicalCompounds[Fertiliser type f],Table_Fertiliser_ChemicalCompounds[FNinorganic f])*Table_Input_InorganicFertiliser_Brands[[#This Row],[Ingredient 6 percent]]), 0)) -> 0 | W13: =_xlfn.XLOOKUP(Table_Input_InorganicFertiliser_Brands[[#This Row],[Product (select)]],FertiliserProducts[Product name],FertiliserProducts[Urea source]) | X13: =_xlfn.XLOOKUP(Table_Input_InorganicFertiliser_Brands[[#This Row],[Product (select)]],FertiliserProducts[Product name],FertiliserProducts[Ammonia source])
A14: =HYPERLINK("#'Input - Pig purchases'!A1", "Pig purchases") -> Pig purchases | D14: CalPhos | E14: 100 | F14: =_xlfn.XLOOKUP(Table_Input_InorganicFertiliser_Brands[[#This Row],[Product (select)]],FertiliserProducts[Product name],FertiliserProducts[Unit]) -> L | G14: =_xlfn.XLOOKUP(Table_Input_InorganicFertiliser_Brands[[#This Row],[Product (select)]],FertiliserProducts[Product name],FertiliserProducts[Density / gravity]) -> 1.285 | H14: 100 | I14: =(Table_Input_InorganicFertiliser_Brands[[#This Row],[Amount applied per hectare]]*Table_Input_InorganicFertiliser_Brands[[#This Row],[Density]])*Table_Input_InorganicFertiliser_Brands[[#This Row],[Application area (ha)]] -> 12850 | J14: {=Fertiliser_InputFunctions.Fertiliser_FertiliserProductLookup(Table_Input_InorganicFertiliser_Brands[[#This Row],[Product (select)]], Table_Input_InorganicFertiliser_Brands[[#Headers],[Ingredient 1]], FertiliserProducts[#Data], FertiliserProducts[Product name], FertiliserProducts[#Headers])} -> Phosphorus - Generic | K14: {=Fertiliser_InputFunctions.Fertiliser_FertiliserProductLookup(Table_Input_InorganicFertiliser_Brands[[#This Row],[Product (select)]], Table_Input_InorganicFertiliser_Brands[[#Headers],[Ingredient 1 percent]], FertiliserProducts[#Data], FertiliserProducts[Product name], FertiliserProducts[#Headers])} -> 0.135 | L14: {=Fertiliser_InputFunctions.Fertiliser_FertiliserProductLookup(Table_Input_InorganicFertiliser_Brands[[#This Row],[Product (select)]], Table_Input_InorganicFertiliser_Brands[[#Headers],[Ingredient 2]], FertiliserProducts[#Data], FertiliserProducts[Product name], FertiliserProducts[#Headers])} -> Calcium - Generic | M14: {=Fertiliser_InputFunctions.Fertiliser_FertiliserProductLookup(Table_Input_InorganicFertiliser_Brands[[#This Row],[Product (select)]], Table_Input_InorganicFertiliser_Brands[[#Headers],[Ingredient 2 percent]], FertiliserProducts[#Data], FertiliserProducts[Product name], FertiliserProducts[#Headers])} -> 0.04 | N14: {=Fertiliser_InputFunctions.Fertiliser_FertiliserProductLookup(Table_Input_InorganicFertiliser_Brands[[#This Row],[Product (select)]], Table_Input_InorganicFertiliser_Brands[[#Headers],[Ingredient 3]], FertiliserProducts[#Data], FertiliserProducts[Product name], FertiliserProducts[#Headers])} | O14: {=Fertiliser_InputFunctions.Fertiliser_FertiliserProductLookup(Table_Input_InorganicFertiliser_Brands[[#This Row],[Product (select)]], Table_Input_InorganicFertiliser_Brands[[#Headers],[Ingredient 3 percent]], FertiliserProducts[#Data], FertiliserProducts[Product name], FertiliserProducts[#Headers])} | P14: {=Fertiliser_InputFunctions.Fertiliser_FertiliserProductLookup(Table_Input_InorganicFertiliser_Brands[[#This Row],[Product (select)]], Table_Input_InorganicFertiliser_Brands[[#Headers],[Ingredient 4]], FertiliserProducts[#Data], FertiliserProducts[Product name], FertiliserProducts[#Headers])} | Q14: {=Fertiliser_InputFunctions.Fertiliser_FertiliserProductLookup(Table_Input_InorganicFertiliser_Brands[[#This Row],[Product (select)]], Table_Input_InorganicFertiliser_Brands[[#Headers],[Ingredient 4 percent]], FertiliserProducts[#Data], FertiliserProducts[Product name], FertiliserProducts[#Headers])} | R14: {=Fertiliser_InputFunctions.Fertiliser_FertiliserProductLookup(Table_Input_InorganicFertiliser_Brands[[#This Row],[Product (select)]], Table_Input_InorganicFertiliser_Brands[[#Headers],[Ingredient 5]], FertiliserProducts[#Data], FertiliserProducts[Product name], FertiliserProducts[#Headers])} | S14: {=Fertiliser_InputFunctions.Fertiliser_FertiliserProductLookup(Table_Input_InorganicFertiliser_Brands[[#This Row],[Product (select)]], Table_Input_InorganicFertiliser_Brands[[#Headers],[Ingredient 5 percent]], FertiliserProducts[#Data], FertiliserProducts[Product name], FertiliserProducts[#Headers])} | T14: {=Fertiliser_InputFunctions.Fertiliser_FertiliserProductLookup(Table_Input_InorganicFertiliser_Brands[[#This Row],[Product (select)]], Table_Input_InorganicFertiliser_Brands[[#Headers],[Ingredient 6]], FertiliserProducts[#Data], FertiliserProducts[Product name], FertiliserProducts[#Headers])} | U14: {=Fertiliser_InputFunctions.Fertiliser_FertiliserProductLookup(Table_Input_InorganicFertiliser_Brands[[#This Row],[Product (select)]], Table_Input_InorganicFertiliser_Brands[[#Headers],[Ingredient 6 percent]], FertiliserProducts[#Data], FertiliserProducts[Product name], FertiliserProducts[#Headers])} | V14: =(Table_Input_InorganicFertiliser_Brands[[#This Row],[Amount applied per hectare]]*Table_Input_InorganicFertiliser_Brands[[#This Row],[Density]])*(IFERROR((_xlfn.XLOOKUP(Table_Input_InorganicFertiliser_Brands[[#This Row],[Ingredient 1]], Table_Fertiliser_ChemicalCompounds[Fertiliser type f],Table_Fertiliser_ChemicalCompounds[FNinorganic f])*Table_Input_InorganicFertiliser_Brands[[#This Row],[Ingredient 1 percent]]), 0)+ IFERROR((_xlfn.XLOOKUP(Table_Input_InorganicFertiliser_Brands[[#This Row],[Ingredient 2]],Table_Fertiliser_ChemicalCompounds[Fertiliser type f],Table_Fertiliser_ChemicalCompounds[FNinorganic f])*Table_Input_InorganicFertiliser_Brands[[#This Row],[Ingredient 2 percent]]), 0)+ IFERROR((_xlfn.XLOOKUP(Table_Input_InorganicFertiliser_Brands[[#This Row],[Ingredient 3]],Table_Fertiliser_ChemicalCompounds[Fertiliser type f],Table_Fertiliser_ChemicalCompounds[FNinorganic f])*Table_Input_InorganicFertiliser_Brands[[#This Row],[Ingredient 3 percent]]), 0)+ IFERROR((_xlfn.XLOOKUP(Table_Input_InorganicFertiliser_Brands[[#This Row],[Ingredient 4]],Table_Fertiliser_ChemicalCompounds[Fertiliser type f],Table_Fertiliser_ChemicalCompounds[FNinorganic f])*Table_Input_InorganicFertiliser_Brands[[#This Row],[Ingredient 4 percent]]), 0)+ IFERROR((_xlfn.XLOOKUP(Table_Input_InorganicFertiliser_Brands[[#This Row],[Ingredient 5]],Table_Fertiliser_ChemicalCompounds[Fertiliser type f],Table_Fertiliser_ChemicalCompounds[FNinorganic f])*Table_Input_InorganicFertiliser_Brands[[#This Row],[Ingredient 5 percent]]), 0)+ IFERROR((_xlfn.XLOOKUP(Table_Input_InorganicFertiliser_Brands[[#This Row],[Ingredient 6]],Table_Fertiliser_ChemicalCompounds[Fertiliser type f],Table_Fertiliser_ChemicalCompounds[FNinorganic f])*Table_Input_InorganicFertiliser_Brands[[#This Row],[Ingredient 6 percent]]), 0)) -> 0 | W14: =_xlfn.XLOOKUP(Table_Input_InorganicFertiliser_Brands[[#This Row],[Product (select)]],FertiliserProducts[Product name],FertiliserProducts[Urea source]) | X14: =_xlfn.XLOOKUP(Table_Input_InorganicFertiliser_Brands[[#This Row],[Product (select)]],FertiliserProducts[Product name],FertiliserProducts[Ammonia source])
A15: =HYPERLINK("#'Input - Poultry purchases'!A1", "Poultry purchases") -> Poultry purchases | D15: Aqua Grow | E15: 100 | F15: =_xlfn.XLOOKUP(Table_Input_InorganicFertiliser_Brands[[#This Row],[Product (select)]],FertiliserProducts[Product name],FertiliserProducts[Unit]) -> L | G15: =_xlfn.XLOOKUP(Table_Input_InorganicFertiliser_Brands[[#This Row],[Product (select)]],FertiliserProducts[Product name],FertiliserProducts[Density / gravity]) -> 1.26 | H15: 100 | I15: =(Table_Input_InorganicFertiliser_Brands[[#This Row],[Amount applied per hectare]]*Table_Input_InorganicFertiliser_Brands[[#This Row],[Density]])*Table_Input_InorganicFertiliser_Brands[[#This Row],[Application area (ha)]] -> 12600 | J15: {=Fertiliser_InputFunctions.Fertiliser_FertiliserProductLookup(Table_Input_InorganicFertiliser_Brands[[#This Row],[Product (select)]], Table_Input_InorganicFertiliser_Brands[[#Headers],[Ingredient 1]], FertiliserProducts[#Data], FertiliserProducts[Product name], FertiliserProducts[#Headers])} -> Potassium - Generic | K15: {=Fertiliser_InputFunctions.Fertiliser_FertiliserProductLookup(Table_Input_InorganicFertiliser_Brands[[#This Row],[Product (select)]], Table_Input_InorganicFertiliser_Brands[[#Headers],[Ingredient 1 percent]], FertiliserProducts[#Data], FertiliserProducts[Product name], FertiliserProducts[#Headers])} -> 0.105 | L15: {=Fertiliser_InputFunctions.Fertiliser_FertiliserProductLookup(Table_Input_InorganicFertiliser_Brands[[#This Row],[Product (select)]], Table_Input_InorganicFertiliser_Brands[[#Headers],[Ingredient 2]], FertiliserProducts[#Data], FertiliserProducts[Product name], FertiliserProducts[#Headers])} -> Nitrogen - Generic | M15: {=Fertiliser_InputFunctions.Fertiliser_FertiliserProductLookup(Table_Input_InorganicFertiliser_Brands[[#This Row],[Product (select)]], Table_Input_InorganicFertiliser_Brands[[#Headers],[Ingredient 2 percent]], FertiliserProducts[#Data], FertiliserProducts[Product name], FertiliserProducts[#Headers])} -> 0.096 | N15: {=Fertiliser_InputFunctions.Fertiliser_FertiliserProductLookup(Table_Input_InorganicFertiliser_Brands[[#This Row],[Product (select)]], Table_Input_InorganicFertiliser_Brands[[#Headers],[Ingredient 3]], FertiliserProducts[#Data], FertiliserProducts[Product name], FertiliserProducts[#Headers])} -> Phosphorus - Generic | O15: {=Fertiliser_InputFunctions.Fertiliser_FertiliserProductLookup(Table_Input_InorganicFertiliser_Brands[[#This Row],[Product (select)]], Table_Input_InorganicFertiliser_Brands[[#Headers],[Ingredient 3 percent]], FertiliserProducts[#Data], FertiliserProducts[Product name], FertiliserProducts[#Headers])} -> 0.05 | P15: {=Fertiliser_InputFunctions.Fertiliser_FertiliserProductLookup(Table_Input_InorganicFertiliser_Brands[[#This Row],[Product (select)]], Table_Input_InorganicFertiliser_Brands[[#Headers],[Ingredient 4]], FertiliserProducts[#Data], FertiliserProducts[Product name], FertiliserProducts[#Headers])} | Q15: {=Fertiliser_InputFunctions.Fertiliser_FertiliserProductLookup(Table_Input_InorganicFertiliser_Brands[[#This Row],[Product (select)]], Table_Input_InorganicFertiliser_Brands[[#Headers],[Ingredient 4 percent]], FertiliserProducts[#Data], FertiliserProducts[Product name], FertiliserProducts[#Headers])} | R15: {=Fertiliser_InputFunctions.Fertiliser_FertiliserProductLookup(Table_Input_InorganicFertiliser_Brands[[#This Row],[Product (select)]], Table_Input_InorganicFertiliser_Brands[[#Headers],[Ingredient 5]], FertiliserProducts[#Data], FertiliserProducts[Product name], FertiliserProducts[#Headers])} | S15: {=Fertiliser_InputFunctions.Fertiliser_FertiliserProductLookup(Table_Input_InorganicFertiliser_Brands[[#This Row],[Product (select)]], Table_Input_InorganicFertiliser_Brands[[#Headers],[Ingredient 5 percent]], FertiliserProducts[#Data], FertiliserProducts[Product name], FertiliserProducts[#Headers])} | T15: {=Fertiliser_InputFunctions.Fertiliser_FertiliserProductLookup(Table_Input_InorganicFertiliser_Brands[[#This Row],[Product (select)]], Table_Input_InorganicFertiliser_Brands[[#Headers],[Ingredient 6]], FertiliserProducts[#Data], FertiliserProducts[Product name], FertiliserProducts[#Headers])} | U15: {=Fertiliser_InputFunctions.Fertiliser_FertiliserProductLookup(Table_Input_InorganicFertiliser_Brands[[#This Row],[Product (select)]], Table_Input_InorganicFertiliser_Brands[[#Headers],[Ingredient 6 percent]], FertiliserProducts[#Data], FertiliserProducts[Product name], FertiliserProducts[#Headers])} | V15: =(Table_Input_InorganicFertiliser_Brands[[#This Row],[Amount applied per hectare]]*Table_Input_InorganicFertiliser_Brands[[#This Row],[Density]])*(IFERROR((_xlfn.XLOOKUP(Table_Input_InorganicFertiliser_Brands[[#This Row],[Ingredient 1]], Table_Fertiliser_ChemicalCompounds[Fertiliser type f],Table_Fertiliser_ChemicalCompounds[FNinorganic f])*Table_Input_InorganicFertiliser_Brands[[#This Row],[Ingredient 1 percent]]), 0)+ IFERROR((_xlfn.XLOOKUP(Table_Input_InorganicFertiliser_Brands[[#This Row],[Ingredient 2]],Table_Fertiliser_ChemicalCompounds[Fertiliser type f],Table_Fertiliser_ChemicalCompounds[FNinorganic f])*Table_Input_InorganicFertiliser_Brands[[#This Row],[Ingredient 2 percent]]), 0)+ IFERROR((_xlfn.XLOOKUP(Table_Input_InorganicFertiliser_Brands[[#This Row],[Ingredient 3]],Table_Fertiliser_ChemicalCompounds[Fertiliser type f],Table_Fertiliser_ChemicalCompounds[FNinorganic f])*Table_Input_InorganicFertiliser_Brands[[#This Row],[Ingredient 3 percent]]), 0)+ IFERROR((_xlfn.XLOOKUP(Table_Input_InorganicFertiliser_Brands[[#This Row],[Ingredient 4]],Table_Fertiliser_ChemicalCompounds[Fertiliser type f],Table_Fertiliser_ChemicalCompounds[FNinorganic f])*Table_Input_InorganicFertiliser_Brands[[#This Row],[Ingredient 4 percent]]), 0)+ IFERROR((_xlfn.XLOOKUP(Table_Input_InorganicFertiliser_Brands[[#This Row],[Ingredient 5]],Table_Fertiliser_ChemicalCompounds[Fertiliser type f],Table_Fertiliser_ChemicalCompounds[FNinorganic f])*Table_Input_InorganicFertiliser_Brands[[#This Row],[Ingredient 5 percent]]), 0)+ IFERROR((_xlfn.XLOOKUP(Table_Input_InorganicFertiliser_Brands[[#This Row],[Ingredient 6]],Table_Fertiliser_ChemicalCompounds[Fertiliser type f],Table_Fertiliser_ChemicalCompounds[FNinorganic f])*Table_Input_InorganicFertiliser_Brands[[#This Row],[Ingredient 6 percent]]), 0)) -> 12.096 | W15: =_xlfn.XLOOKUP(Table_Input_InorganicFertiliser_Brands[[#This Row],[Product (select)]],FertiliserProducts[Product name],FertiliserProducts[Urea source]) | X15: =_xlfn.XLOOKUP(Table_Input_InorganicFertiliser_Brands[[#This Row],[Product (select)]],FertiliserProducts[Product name],FertiliserProducts[Ammonia source])
A16: =HYPERLINK("#'Input - Freight'!A1", "Freight") -> Freight | D16: Aqua NitroCal | E16: 100 | F16: =_xlfn.XLOOKUP(Table_Input_InorganicFertiliser_Brands[[#This Row],[Product (select)]],FertiliserProducts[Product name],FertiliserProducts[Unit]) -> L | G16: =_xlfn.XLOOKUP(Table_Input_InorganicFertiliser_Brands[[#This Row],[Product (select)]],FertiliserProducts[Product name],FertiliserProducts[Density / gravity]) -> 1.5 | H16: 100 | I16: =(Table_Input_InorganicFertiliser_Brands[[#This Row],[Amount applied per hectare]]*Table_Input_InorganicFertiliser_Brands[[#This Row],[Density]])*Table_Input_InorganicFertiliser_Brands[[#This Row],[Application area (ha)]] -> 15000 | J16: {=Fertiliser_InputFunctions.Fertiliser_FertiliserProductLookup(Table_Input_InorganicFertiliser_Brands[[#This Row],[Product (select)]], Table_Input_InorganicFertiliser_Brands[[#Headers],[Ingredient 1]], FertiliserProducts[#Data], FertiliserProducts[Product name], FertiliserProducts[#Headers])} -> Calcium - Generic | K16: {=Fertiliser_InputFunctions.Fertiliser_FertiliserProductLookup(Table_Input_InorganicFertiliser_Brands[[#This Row],[Product (select)]], Table_Input_InorganicFertiliser_Brands[[#Headers],[Ingredient 1 percent]], FertiliserProducts[#Data], FertiliserProducts[Product name], FertiliserProducts[#Headers])} -> 0.162 | L16: {=Fertiliser_InputFunctions.Fertiliser_FertiliserProductLookup(Table_Input_InorganicFertiliser_Brands[[#This Row],[Product (select)]], Table_Input_InorganicFertiliser_Brands[[#Headers],[Ingredient 2]], FertiliserProducts[#Data], FertiliserProducts[Product name], FertiliserProducts[#Headers])} -> Nitrogen - Nitrate | M16: {=Fertiliser_InputFunctions.Fertiliser_FertiliserProductLookup(Table_Input_InorganicFertiliser_Brands[[#This Row],[Product (select)]], Table_Input_InorganicFertiliser_Brands[[#Headers],[Ingredient 2 percent]], FertiliserProducts[#Data], FertiliserProducts[Product name], FertiliserProducts[#Headers])} -> 0.132 | N16: {=Fertiliser_InputFunctions.Fertiliser_FertiliserProductLookup(Table_Input_InorganicFertiliser_Brands[[#This Row],[Product (select)]], Table_Input_InorganicFertiliser_Brands[[#Headers],[Ingredient 3]], FertiliserProducts[#Data], FertiliserProducts[Product name], FertiliserProducts[#Headers])} | O16: {=Fertiliser_InputFunctions.Fertiliser_FertiliserProductLookup(Table_Input_InorganicFertiliser_Brands[[#This Row],[Product (select)]], Table_Input_InorganicFertiliser_Brands[[#Headers],[Ingredient 3 percent]], FertiliserProducts[#Data], FertiliserProducts[Product name], FertiliserProducts[#Headers])} | P16: {=Fertiliser_InputFunctions.Fertiliser_FertiliserProductLookup(Table_Input_InorganicFertiliser_Brands[[#This Row],[Product (select)]], Table_Input_InorganicFertiliser_Brands[[#Headers],[Ingredient 4]], FertiliserProducts[#Data], FertiliserProducts[Product name], FertiliserProducts[#Headers])} | Q16: {=Fertiliser_InputFunctions.Fertiliser_FertiliserProductLookup(Table_Input_InorganicFertiliser_Brands[[#This Row],[Product (select)]], Table_Input_InorganicFertiliser_Brands[[#Headers],[Ingredient 4 percent]], FertiliserProducts[#Data], FertiliserProducts[Product name], FertiliserProducts[#Headers])} | R16: {=Fertiliser_InputFunctions.Fertiliser_FertiliserProductLookup(Table_Input_InorganicFertiliser_Brands[[#This Row],[Product (select)]], Table_Input_InorganicFertiliser_Brands[[#Headers],[Ingredient 5]], FertiliserProducts[#Data], FertiliserProducts[Product name], FertiliserProducts[#Headers])} | S16: {=Fertiliser_InputFunctions.Fertiliser_FertiliserProductLookup(Table_Input_InorganicFertiliser_Brands[[#This Row],[Product (select)]], Table_Input_InorganicFertiliser_Brands[[#Headers],[Ingredient 5 percent]], FertiliserProducts[#Data], FertiliserProducts[Product name], FertiliserProducts[#Headers])} | T16: {=Fertiliser_InputFunctions.Fertiliser_FertiliserProductLookup(Table_Input_InorganicFertiliser_Brands[[#This Row],[Product (select)]], Table_Input_InorganicFertiliser_Brands[[#Headers],[Ingredient 6]], FertiliserProducts[#Data], FertiliserProducts[Product name], FertiliserProducts[#Headers])} | U16: {=Fertiliser_InputFunctions.Fertiliser_FertiliserProductLookup(Table_Input_InorganicFertiliser_Brands[[#This Row],[Product (select)]], Table_Input_InorganicFertiliser_Brands[[#Headers],[Ingredient 6 percent]], FertiliserProducts[#Data], FertiliserProducts[Product name], FertiliserProducts[#Headers])} | V16: =(Table_Input_InorganicFertiliser_Brands[[#This Row],[Amount applied per hectare]]*Table_Input_InorganicFertiliser_Brands[[#This Row],[Density]])*(IFERROR((_xlfn.XLOOKUP(Table_Input_InorganicFertiliser_Brands[[#This Row],[Ingredient 1]], Table_Fertiliser_ChemicalCompounds[Fertiliser type f],Table_Fertiliser_ChemicalCompounds[FNinorganic f])*Table_Input_InorganicFertiliser_Brands[[#This Row],[Ingredient 1 percent]]), 0)+ IFERROR((_xlfn.XLOOKUP(Table_Input_InorganicFertiliser_Brands[[#This Row],[Ingredient 2]],Table_Fertiliser_ChemicalCompounds[Fertiliser type f],Table_Fertiliser_ChemicalCompounds[FNinorganic f])*Table_Input_InorganicFertiliser_Brands[[#This Row],[Ingredient 2 percent]]), 0)+ IFERROR((_xlfn.XLOOKUP(Table_Input_InorganicFertiliser_Brands[[#This Row],[Ingredient 3]],Table_Fertiliser_ChemicalCompounds[Fertiliser type f],Table_Fertiliser_ChemicalCompounds[FNinorganic f])*Table_Input_InorganicFertiliser_Brands[[#This Row],[Ingredient 3 percent]]), 0)+ IFERROR((_xlfn.XLOOKUP(Table_Input_InorganicFertiliser_Brands[[#This Row],[Ingredient 4]],Table_Fertiliser_ChemicalCompounds[Fertiliser type f],Table_Fertiliser_ChemicalCompounds[FNinorganic f])*Table_Input_InorganicFertiliser_Brands[[#This Row],[Ingredient 4 percent]]), 0)+ IFERROR((_xlfn.XLOOKUP(Table_Input_InorganicFertiliser_Brands[[#This Row],[Ingredient 5]],Table_Fertiliser_ChemicalCompounds[Fertiliser type f],Table_Fertiliser_ChemicalCompounds[FNinorganic f])*Table_Input_InorganicFertiliser_Brands[[#This Row],[Ingredient 5 percent]]), 0)+ IFERROR((_xlfn.XLOOKUP(Table_Input_InorganicFertiliser_Brands[[#This Row],[Ingredient 6]],Table_Fertiliser_ChemicalCompounds[Fertiliser type f],Table_Fertiliser_ChemicalCompounds[FNinorganic f])*Table_Input_InorganicFertiliser_Brands[[#This Row],[Ingredient 6 percent]]), 0)) -> 19.8 | W16: =_xlfn.XLOOKUP(Table_Input_InorganicFertiliser_Brands[[#This Row],[Product (select)]],FertiliserProducts[Product name],FertiliserProducts[Urea source]) | X16: =_xlfn.XLOOKUP(Table_Input_InorganicFertiliser_Brands[[#This Row],[Product (select)]],FertiliserProducts[Product name],FertiliserProducts[Ammonia source])
A17: =HYPERLINK("#'Input - Solid waste'!A1", "Solid waste") -> Solid waste
A18: =HYPERLINK("#'Input - Manure sent off-site'!A1", "Manure sent off-site") -> Manure sent off-site | D18: Custom fertiliser blends
A19: =HYPERLINK("#'Input - Electricity'!A1", "Electricity") -> Electricity | D19: Custom blend name | E19: Amount applied (kg / ha) | F19: Application area (ha) | G19: Total applied (kg) | H19: Ingredient 1 (select) | I19: Ingredient 1 percent | J19: Ingredient 2 | K19: Ingredient 2 percent | L19: Ingredient 3 | M19: Ingredient 3 percent | N19: Ingredient 4 | O19: Ingredient 4 percent | P19: N application rate (kg/ha) | Q19: Urea source (Select) | R19: Ammonia source (select)
D20: My first custom blend | E20: 100 | F20: 100 | G20: =Table_Input_InorganicFertiliser_Custom[[#This Row],[Amount applied (kg / ha)]]*Table_Input_InorganicFertiliser_Custom[[#This Row],[Application area (ha)]] -> 10000 | H20: Calcium nitrate | I20: 0.5 | J20: Zinc - Generic | K20: 0.2 | L20: Potassium - Generic | M20: 0.2 | N20: Sulfur - Generic | O20: 0.1 | P20: =Table_Input_InorganicFertiliser_Custom[[#This Row],[Amount applied (kg / ha)]]* (IFERROR((_xlfn.XLOOKUP(Table_Input_InorganicFertiliser_Custom[[#This Row],[Ingredient 1 (select)]], Table_Fertiliser_ChemicalCompounds[Fertiliser type f],Table_Fertiliser_ChemicalCompounds[FNinorganic f])*Table_Input_InorganicFertiliser_Custom[[#This Row],[Ingredient 1 percent]]), 0) + IFERROR((_xlfn.XLOOKUP(Table_Input_InorganicFertiliser_Custom[[#This Row],[Ingredient 2]], Table_Fertiliser_ChemicalCompounds[Fertiliser type f],Table_Fertiliser_ChemicalCompounds[FNinorganic f])*Table_Input_InorganicFertiliser_Custom[[#This Row],[Ingredient 2 percent]]), 0) + IFERROR((_xlfn.XLOOKUP(Table_Input_InorganicFertiliser_Custom[[#This Row],[Ingredient 3]], Table_Fertiliser_ChemicalCompounds[Fertiliser type f],Table_Fertiliser_ChemicalCompounds[FNinorganic f])*Table_Input_InorganicFertiliser_Custom[[#This Row],[Ingredient 3 percent]]), 0) + IFERROR((_xlfn.XLOOKUP(Table_Input_InorganicFertiliser_Custom[[#This Row],[Ingredient 4]], Table_Fertiliser_ChemicalCompounds[Fertiliser type f],Table_Fertiliser_ChemicalCompounds[FNinorganic f])*Table_Input_InorganicFertiliser_Custom[[#This Row],[Ingredient 4 percent]]), 0) ) -> 7.75
D21: My second custom blend | E21: 100 | F21: 100 | G21: =Table_Input_InorganicFertiliser_Custom[[#This Row],[Amount applied (kg / ha)]]*Table_Input_InorganicFertiliser_Custom[[#This Row],[Application area (ha)]] -> 10000 | H21: Urea | I21: 1 | P21: =Table_Input_InorganicFertiliser_Custom[[#This Row],[Amount applied (kg / ha)]]* (IFERROR((_xlfn.XLOOKUP(Table_Input_InorganicFertiliser_Custom[[#This Row],[Ingredient 1 (select)]], Table_Fertiliser_ChemicalCompounds[Fertiliser type f],Table_Fertiliser_ChemicalCompounds[FNinorganic f])*Table_Input_InorganicFertiliser_Custom[[#This Row],[Ingredient 1 percent]]), 0) + IFERROR((_xlfn.XLOOKUP(Table_Input_InorganicFertiliser_Custom[[#This Row],[Ingredient 2]], Table_Fertiliser_ChemicalCompounds[Fertiliser type f],Table_Fertiliser_ChemicalCompounds[FNinorganic f])*Table_Input_InorganicFertiliser_Custom[[#This Row],[Ingredient 2 percent]]), 0) + IFERROR((_xlfn.XLOOKUP(Table_Input_InorganicFertiliser_Custom[[#This Row],[Ingredient 3]], Table_Fertiliser_ChemicalCompounds[Fertiliser type f],Table_Fertiliser_ChemicalCompounds[FNinorganic f])*Table_Input_InorganicFertiliser_Custom[[#This Row],[Ingredient 3 percent]]), 0) + IFERROR((_xlfn.XLOOKUP(Table_Input_InorganicFertiliser_Custom[[#This Row],[Ingredient 4]], Table_Fertiliser_ChemicalCompounds[Fertiliser type f],Table_Fertiliser_ChemicalCompounds[FNinorganic f])*Table_Input_InorganicFertiliser_Custom[[#This Row],[Ingredient 4 percent]]), 0) ) -> 46
A22: CALCULATIONS | D22: My third custom blend | E22: 100 | F22: 100 | G22: =Table_Input_InorganicFertiliser_Custom[[#This Row],[Amount applied (kg / ha)]]*Table_Input_InorganicFertiliser_Custom[[#This Row],[Application area (ha)]] -> 10000 | H22: Ammonia | I22: 0.5 | P22: =Table_Input_InorganicFertiliser_Custom[[#This Row],[Amount applied (kg / ha)]]* (IFERROR((_xlfn.XLOOKUP(Table_Input_InorganicFertiliser_Custom[[#This Row],[Ingredient 1 (select)]], Table_Fertiliser_ChemicalCompounds[Fertiliser type f],Table_Fertiliser_ChemicalCompounds[FNinorganic f])*Table_Input_InorganicFertiliser_Custom[[#This Row],[Ingredient 1 percent]]), 0) + IFERROR((_xlfn.XLOOKUP(Table_Input_InorganicFertiliser_Custom[[#This Row],[Ingredient 2]], Table_Fertiliser_ChemicalCompounds[Fertiliser type f],Table_Fertiliser_ChemicalCompounds[FNinorganic f])*Table_Input_InorganicFertiliser_Custom[[#This Row],[Ingredient 2 percent]]), 0) + IFERROR((_xlfn.XLOOKUP(Table_Input_InorganicFertiliser_Custom[[#This Row],[Ingredient 3]], Table_Fertiliser_ChemicalCompounds[Fertiliser type f],Table_Fertiliser_ChemicalCompounds[FNinorganic f])*Table_Input_InorganicFertiliser_Custom[[#This Row],[Ingredient 3 percent]]), 0) + IFERROR((_xlfn.XLOOKUP(Table_Input_InorganicFertiliser_Custom[[#This Row],[Ingredient 4]], Table_Fertiliser_ChemicalCompounds[Fertiliser type f],Table_Fertiliser_ChemicalCompounds[FNinorganic f])*Table_Input_InorganicFertiliser_Custom[[#This Row],[Ingredient 4 percent]]), 0) ) -> 41.175
A23: =HYPERLINK("#'15 Scope 3'!A1", "15 Scope 3") -> 15 Scope 3
A24: =HYPERLINK("#'10.1.1-2 Solid waste treatment'!A1", "10.1.1-2 Solid waste treatment") -> 10.1.1-2 Solid waste treatment | D24: Soil ameliorants (lime)
A25: =HYPERLINK("#'Calcs - Manure sent off-site'!A1", "Calcs - Manure sent off-site") -> Calcs - Manure sent off-site
A26: =HYPERLINK("#'8.1.1.1-2 Transport fuel'!A1", "8.1.1.1-2 Transport fuel") -> 8.1.1.1-2 Transport fuel | D26: 💡 You can add more rows to the table by right-clicking on the table and selecting "Insert > Table rows above/below".
A27: =HYPERLINK("#'8.2.1.1-2 Stationary fuel'!A1", "8.2.1.1-2 Stationary fuel") -> 8.2.1.1-2 Stationary fuel | D27: 💡 'Lime' refers to calcium carbonate - CaCO3. 'Dolomite' refers to calcium magnesium carbonate - CaMg(CO3)2
D28: 💡The application area is the same as the area under pasture / cropping by default. You can edit it if the application area is different.
D29: =IF(MAX(Table_Input_Lime[Total]) > 1, "There can not be more than 100% ingredients in a product. Check the table below.", "")
A30: APPENDICES | D30: Product | E30: Amount applied (t/hectare) | F30: Application area (ha) | G30: Total amount applied (t) | H30: Percent Lime CaCO3 | I30: Percent Dolomite CaMg(CO3)2 | J30: Percent Gypsum | K30: Total
A31: =HYPERLINK("#'Constants - Scope 3'!A1", "Constants - Scope 3") -> Constants - Scope 3 | D31: Lime product 1 | E31: 1 | F31: 100 | G31: =IFERROR(Table_Input_Lime[[#This Row],[Amount applied (t/hectare)]]*Table_Input_Lime[[#This Row],[Application area (ha)]], 0) -> 100 | H31: 0.8 | I31: 0.1 | J31: 0.1 | K31: =SUM(Table_Input_Lime[[#This Row],[Percent Lime CaCO3]:[Percent Gypsum]]) -> 1
A32: =HYPERLINK("#'Constants - Solid Waste'!A1", "Constants - Solid Waste") -> Constants - Solid Waste | D32: Lime product 2 | E32: 1 | F32: 100 | G32: =IFERROR(Table_Input_Lime[[#This Row],[Amount applied (t/hectare)]]*Table_Input_Lime[[#This Row],[Application area (ha)]], 0) -> 100 | H32: 1 | K32: =SUM(Table_Input_Lime[[#This Row],[Percent Lime CaCO3]:[Percent Gypsum]]) -> 1
A33: =HYPERLINK("#'Constants - Fuel'!A1", "Constants - Fuel") -> Constants - Fuel | D33: Lime product 3 | E33: 1 | F33: 100 | G33: =IFERROR(Table_Input_Lime[[#This Row],[Amount applied (t/hectare)]]*Table_Input_Lime[[#This Row],[Application area (ha)]], 0) -> 100 | H33: 0 | J33: 1 | K33: =SUM(Table_Input_Lime[[#This Row],[Percent Lime CaCO3]:[Percent Gypsum]]) -> 1
A34: =HYPERLINK("#'Constants - Poultry'!A1", "Constants - Poultry") -> Constants - Poultry
A35: =HYPERLINK("#'Constants - Swine'!A1", "Constants - Swine") -> Constants - Swine
A36: =HYPERLINK("#'Constants - Dairy'!A1", "Constants - Dairy") -> Constants - Dairy | D36: Organic fertiliser applied
A37: =HYPERLINK("#'Constants - Pasture Beef'!A1", "Constants - Pasture Beef") -> Constants - Pasture Beef
A38: =HYPERLINK("#'Constants - Common Livestock'!A1", "Constants - Common Livestock") -> Constants - Common Livestock | D38: 💡 You can add more rows to the table by right-clicking on the table and selecting "Insert > Table rows above/below".
A39: =HYPERLINK("#'Constants - Fertiliser'!A1", "Constants - Fertiliser") -> Constants - Fertiliser | D39: 💡The application area is the same as the area under pasture / cropping by default. You can edit it if the application area is different.
A40: =HYPERLINK("#'Constants - Electricity'!A1", "Constants - Electricity") -> Constants - Electricity
A41: =HYPERLINK("#'Constants - Common'!A1", "Constants - Common") -> Constants - Common | D41: Organic fertiliser type (select) | E41: Percentage of N in fertiliser | F41: Amount applied (kg/hectare) | G41: Amount N applied (kg/hectare) | H41: Application area (ha) | I41: Total organic fertliser applied | J41: Total nitrogen applied (kg)
D42: Manure - Other | E42: 0.3 | F42: 10 | G42: =Table_Input_OrganicFertiliser[[#This Row],[Amount applied (kg/hectare)]]*Table_Input_OrganicFertiliser[[#This Row],[Percentage of N in fertiliser]] -> 3 | H42: 100 | I42: =Table_Input_OrganicFertiliser[[#This Row],[Amount applied (kg/hectare)]]*Table_Input_OrganicFertiliser[[#This Row],[Application area (ha)]] -> 1000 | J42: =IFERROR(Table_Input_OrganicFertiliser[[#This Row],[Amount N applied (kg/hectare)]]*Table_Input_OrganicFertiliser[[#This Row],[Application area (ha)]], 0) -> 300
D43: Manure - Poultry | E43: 0.25 | F43: 10 | G43: =Table_Input_OrganicFertiliser[[#This Row],[Amount applied (kg/hectare)]]*Table_Input_OrganicFertiliser[[#This Row],[Percentage of N in fertiliser]] -> 2.5 | H43: 100 | I43: =Table_Input_OrganicFertiliser[[#This Row],[Amount applied (kg/hectare)]]*Table_Input_OrganicFertiliser[[#This Row],[Application area (ha)]] -> 1000 | J43: =IFERROR(Table_Input_OrganicFertiliser[[#This Row],[Amount N applied (kg/hectare)]]*Table_Input_OrganicFertiliser[[#This Row],[Application area (ha)]], 0) -> 250
D44: Other organic fertiliser | E44: 0.16 | F44: 10 | G44: =Table_Input_OrganicFertiliser[[#This Row],[Amount applied (kg/hectare)]]*Table_Input_OrganicFertiliser[[#This Row],[Percentage of N in fertiliser]] -> 1.6 | H44: 100 | I44: =Table_Input_OrganicFertiliser[[#This Row],[Amount applied (kg/hectare)]]*Table_Input_OrganicFertiliser[[#This Row],[Application area (ha)]] -> 1000 | J44: =IFERROR(Table_Input_OrganicFertiliser[[#This Row],[Amount N applied (kg/hectare)]]*Table_Input_OrganicFertiliser[[#This Row],[Application area (ha)]], 0) -> 160

Sheet Input - Farm Inputs
A1: #VALUE! | C1: Input - Farm inputs
A3: =HYPERLINK("#'Overview'!A1", "Overview") -> Overview
A4: =HYPERLINK("#'Results'!A1", "Results") -> Results
D5: Chemicals
D6: Pesticides
A7: INPUTS | D7: 💡You can find specific product information in the Australian Government's 'PubCRIS' database search.
A8: =HYPERLINK("#'Input - Site'!A1", "Site") -> Site | D8: Click here to find instructions on how to use the PubCRIS database
A9: =HYPERLINK("#'Input - Fuel'!A1", "Fuel") -> Fuel | K9: {=IF( SUMPRODUCT((Table_Input_Pesticides[Constituent unit (select)]="fraction of product")*(Table_Input_Pesticides[Active ingredient 1 amount]>1)*(Table_Input_Pesticides[Active ingredient 2 amount]<>""))>0, "Alert: If constituent unit is fraction of product, amount cannot exceed 1", IF( SUMPRODUCT((Table_Input_Pesticides[Constituent unit (select)]="grams/litre or grams/kg")*(Table_Input_Pesticides[Active ingredient 1 amount]<1)*(Table_Input_Pesticides[Active ingredient 2 amount]<>""))>0, "Alert: If constituent unit is grams/kg or litre, amount cannot be less than 1", "" ) )} | N9: {=IF( SUMPRODUCT((Table_Input_Pesticides[Constituent unit (select)]="fraction of product")*(Table_Input_Pesticides[Active ingredient 2 amount]>1)*(Table_Input_Pesticides[Active ingredient 2 amount]<>""))>0, "Alert: If constituent unit is fraction of product, amount cannot exceed 1", IF( SUMPRODUCT((Table_Input_Pesticides[Constituent unit (select)]="grams/litre or grams/kg")*(Table_Input_Pesticides[Active ingredient 2 amount]<1)*(Table_Input_Pesticides[Active ingredient 2 amount]<>""))>0, "Alert: If constituent unit is grams/kg or litre, amount cannot be less than 1", "" ) )} | Q9: {=IF( SUMPRODUCT((Table_Input_Pesticides[Constituent unit (select)]="fraction of product")*(Table_Input_Pesticides[Active ingredient 3 amount]>1)*(Table_Input_Pesticides[Active ingredient 3 amount]<>""))>0, "Alert: If constituent unit is fraction of product, amount cannot exceed 1", IF( SUMPRODUCT((Table_Input_Pesticides[Constituent unit (select)]="grams/litre or grams/kg")*(Table_Input_Pesticides[Active ingredient 3 amount]<1)*(Table_Input_Pesticides[Active ingredient 3 amount]<>""))>0, "Alert: If constituent unit is grams/kg or litre, amount cannot be less than 1", "" ) )}
A10: =HYPERLINK("#'Input - Fertiliser'!A1", "Fertiliser") -> Fertiliser | D10: Product name | E10: Amount applied per ha | F10: Application unit (select) | G10: Application area (ha) | H10: Total applied | I10: Constituent unit (select) | J10: Active ingredient 1 (select) | K10: Active ingredient 1 amount | L10: Total active ingredient 1 (kg) | M10: Active ingredient 2 (select) | N10: Active ingredient 2 amount | O10: Total active ingredient 2 (kg) | P10: Active ingredient 3 (select) | Q10: Active ingredient 3 amount | R10: Total active ingredient 3 (kg)
A11: =HYPERLINK("#'Input - Farm Inputs'!A1", "Farm Inputs") -> Farm Inputs | D11: QA MCPA + Picloram SL Herbicide | E11: 10 | F11: kg / hectare | G11: 100 | H11: =Table_Input_Pesticides[[#This Row],[Amount applied per ha]]*Table_Input_Pesticides[[#This Row],[Application area (ha)]] -> 1000 | I11: grams/litre or grams/kg | J11: Pesticides (generic) | K11: 100 | L11: =Table_Input_Pesticides[[#This Row],[Total applied]]*Table_Input_Pesticides[[#This Row],[Active ingredient 1 amount]]*IF(Table_Input_Pesticides[[#This Row],[Constituent unit (select)]]="fraction of product", 1, 10^-3) -> 100 | M11: Pesticides (generic) | N11: 100 | O11: =Table_Input_Pesticides[[#This Row],[Total applied]]*Table_Input_Pesticides[[#This Row],[Active ingredient 2 amount]]*IF(Table_Input_Pesticides[[#This Row],[Constituent unit (select)]]="fraction of product", 1, 10^-3) -> 100 | P11: Glyphosate | Q11: 100 | R11: =Table_Input_Pesticides[[#This Row],[Total applied]]*Table_Input_Pesticides[[#This Row],[Active ingredient 3 amount]]*IF(Table_Input_Pesticides[[#This Row],[Constituent unit (select)]]="fraction of product", 1, 10^-3) -> 100
A12: =HYPERLINK("#'Input - Beef cattle purchases'!A1", "Beef cattle purchases") -> Beef cattle purchases | D12: Heben Propiconazole 550EC Fungicide | E12: 10 | F12: litre / hectare | G12: 100 | H12: =Table_Input_Pesticides[[#This Row],[Amount applied per ha]]*Table_Input_Pesticides[[#This Row],[Application area (ha)]] -> 1000 | I12: grams/litre or grams/kg | J12: Pesticides (generic) | K12: 100 | L12: =Table_Input_Pesticides[[#This Row],[Total applied]]*Table_Input_Pesticides[[#This Row],[Active ingredient 1 amount]]*IF(Table_Input_Pesticides[[#This Row],[Constituent unit (select)]]="fraction of product", 1, 10^-3) -> 100 | M12: 2,4-D | N12: 100 | O12: =Table_Input_Pesticides[[#This Row],[Total applied]]*Table_Input_Pesticides[[#This Row],[Active ingredient 2 amount]]*IF(Table_Input_Pesticides[[#This Row],[Constituent unit (select)]]="fraction of product", 1, 10^-3) -> 100 | P12: Tribenuron methyl | Q12: 100 | R12: =Table_Input_Pesticides[[#This Row],[Total applied]]*Table_Input_Pesticides[[#This Row],[Active ingredient 3 amount]]*IF(Table_Input_Pesticides[[#This Row],[Constituent unit (select)]]="fraction of product", 1, 10^-3) -> 100
A13: =HYPERLINK("#'Input - Dairy cattle purchases'!A1", "Dairy cattle purchases") -> Dairy cattle purchases | D13: NovaGuard Boscalid 500 WG Fungicide | E13: 10 | F13: kg / hectare | G13: 100 | H13: =Table_Input_Pesticides[[#This Row],[Amount applied per ha]]*Table_Input_Pesticides[[#This Row],[Application area (ha)]] -> 1000 | I13: grams/litre or grams/kg | J13: Pesticides (generic) | K13: 100 | L13: =Table_Input_Pesticides[[#This Row],[Total applied]]*Table_Input_Pesticides[[#This Row],[Active ingredient 1 amount]]*IF(Table_Input_Pesticides[[#This Row],[Constituent unit (select)]]="fraction of product", 1, 10^-3) -> 100 | M13: Metolachlor | N13: 100 | O13: =Table_Input_Pesticides[[#This Row],[Total applied]]*Table_Input_Pesticides[[#This Row],[Active ingredient 2 amount]]*IF(Table_Input_Pesticides[[#This Row],[Constituent unit (select)]]="fraction of product", 1, 10^-3) -> 100 | P13: Trifluralin | Q13: 100 | R13: =Table_Input_Pesticides[[#This Row],[Total applied]]*Table_Input_Pesticides[[#This Row],[Active ingredient 3 amount]]*IF(Table_Input_Pesticides[[#This Row],[Constituent unit (select)]]="fraction of product", 1, 10^-3) -> 100
A14: =HYPERLINK("#'Input - Pig purchases'!A1", "Pig purchases") -> Pig purchases | H14: =Table_Input_Pesticides[[#This Row],[Amount applied per ha]]*Table_Input_Pesticides[[#This Row],[Application area (ha)]] -> 0 | L14: =Table_Input_Pesticides[[#This Row],[Total applied]]*Table_Input_Pesticides[[#This Row],[Active ingredient 1 amount]]*IF(Table_Input_Pesticides[[#This Row],[Constituent unit (select)]]="fraction of product", 1, 10^-3) -> 0 | O14: =Table_Input_Pesticides[[#This Row],[Total applied]]*Table_Input_Pesticides[[#This Row],[Active ingredient 2 amount]]*IF(Table_Input_Pesticides[[#This Row],[Constituent unit (select)]]="fraction of product", 1, 10^-3) -> 0 | R14: =Table_Input_Pesticides[[#This Row],[Total applied]]*Table_Input_Pesticides[[#This Row],[Active ingredient 3 amount]]*IF(Table_Input_Pesticides[[#This Row],[Constituent unit (select)]]="fraction of product", 1, 10^-3) -> 0
A15: =HYPERLINK("#'Input - Poultry purchases'!A1", "Poultry purchases") -> Poultry purchases | H15: =Table_Input_Pesticides[[#This Row],[Amount applied per ha]]*Table_Input_Pesticides[[#This Row],[Application area (ha)]] -> 0 | L15: =Table_Input_Pesticides[[#This Row],[Total applied]]*Table_Input_Pesticides[[#This Row],[Active ingredient 1 amount]]*IF(Table_Input_Pesticides[[#This Row],[Constituent unit (select)]]="fraction of product", 1, 10^-3) -> 0 | O15: =Table_Input_Pesticides[[#This Row],[Total applied]]*Table_Input_Pesticides[[#This Row],[Active ingredient 2 amount]]*IF(Table_Input_Pesticides[[#This Row],[Constituent unit (select)]]="fraction of product", 1, 10^-3) -> 0 | R15: =Table_Input_Pesticides[[#This Row],[Total applied]]*Table_Input_Pesticides[[#This Row],[Active ingredient 3 amount]]*IF(Table_Input_Pesticides[[#This Row],[Constituent unit (select)]]="fraction of product", 1, 10^-3) -> 0
A16: =HYPERLINK("#'Input - Freight'!A1", "Freight") -> Freight | H16: =Table_Input_Pesticides[[#This Row],[Amount applied per ha]]*Table_Input_Pesticides[[#This Row],[Application area (ha)]] -> 0 | L16: =Table_Input_Pesticides[[#This Row],[Total applied]]*Table_Input_Pesticides[[#This Row],[Active ingredient 1 amount]]*IF(Table_Input_Pesticides[[#This Row],[Constituent unit (select)]]="fraction of product", 1, 10^-3) -> 0 | O16: =Table_Input_Pesticides[[#This Row],[Total applied]]*Table_Input_Pesticides[[#This Row],[Active ingredient 2 amount]]*IF(Table_Input_Pesticides[[#This Row],[Constituent unit (select)]]="fraction of product", 1, 10^-3) -> 0 | R16: =Table_Input_Pesticides[[#This Row],[Total applied]]*Table_Input_Pesticides[[#This Row],[Active ingredient 3 amount]]*IF(Table_Input_Pesticides[[#This Row],[Constituent unit (select)]]="fraction of product", 1, 10^-3) -> 0
A17: =HYPERLINK("#'Input - Solid waste'!A1", "Solid waste") -> Solid waste | H17: =Table_Input_Pesticides[[#This Row],[Amount applied per ha]]*Table_Input_Pesticides[[#This Row],[Application area (ha)]] -> 0 | L17: =Table_Input_Pesticides[[#This Row],[Total applied]]*Table_Input_Pesticides[[#This Row],[Active ingredient 1 amount]]*IF(Table_Input_Pesticides[[#This Row],[Constituent unit (select)]]="fraction of product", 1, 10^-3) -> 0 | O17: =Table_Input_Pesticides[[#This Row],[Total applied]]*Table_Input_Pesticides[[#This Row],[Active ingredient 2 amount]]*IF(Table_Input_Pesticides[[#This Row],[Constituent unit (select)]]="fraction of product", 1, 10^-3) -> 0 | R17: =Table_Input_Pesticides[[#This Row],[Total applied]]*Table_Input_Pesticides[[#This Row],[Active ingredient 3 amount]]*IF(Table_Input_Pesticides[[#This Row],[Constituent unit (select)]]="fraction of product", 1, 10^-3) -> 0
A18: =HYPERLINK("#'Input - Manure sent off-site'!A1", "Manure sent off-site") -> Manure sent off-site | H18: =Table_Input_Pesticides[[#This Row],[Amount applied per ha]]*Table_Input_Pesticides[[#This Row],[Application area (ha)]] -> 0 | L18: =Table_Input_Pesticides[[#This Row],[Total applied]]*Table_Input_Pesticides[[#This Row],[Active ingredient 1 amount]]*IF(Table_Input_Pesticides[[#This Row],[Constituent unit (select)]]="fraction of product", 1, 10^-3) -> 0 | O18: =Table_Input_Pesticides[[#This Row],[Total applied]]*Table_Input_Pesticides[[#This Row],[Active ingredient 2 amount]]*IF(Table_Input_Pesticides[[#This Row],[Constituent unit (select)]]="fraction of product", 1, 10^-3) -> 0 | R18: =Table_Input_Pesticides[[#This Row],[Total applied]]*Table_Input_Pesticides[[#This Row],[Active ingredient 3 amount]]*IF(Table_Input_Pesticides[[#This Row],[Constituent unit (select)]]="fraction of product", 1, 10^-3) -> 0
A19: =HYPERLINK("#'Input - Electricity'!A1", "Electricity") -> Electricity | H19: =Table_Input_Pesticides[[#This Row],[Amount applied per ha]]*Table_Input_Pesticides[[#This Row],[Application area (ha)]] -> 0 | L19: =Table_Input_Pesticides[[#This Row],[Total applied]]*Table_Input_Pesticides[[#This Row],[Active ingredient 1 amount]]*IF(Table_Input_Pesticides[[#This Row],[Constituent unit (select)]]="fraction of product", 1, 10^-3) -> 0 | O19: =Table_Input_Pesticides[[#This Row],[Total applied]]*Table_Input_Pesticides[[#This Row],[Active ingredient 2 amount]]*IF(Table_Input_Pesticides[[#This Row],[Constituent unit (select)]]="fraction of product", 1, 10^-3) -> 0 | R19: =Table_Input_Pesticides[[#This Row],[Total applied]]*Table_Input_Pesticides[[#This Row],[Active ingredient 3 amount]]*IF(Table_Input_Pesticides[[#This Row],[Constituent unit (select)]]="fraction of product", 1, 10^-3) -> 0
H20: =Table_Input_Pesticides[[#This Row],[Amount applied per ha]]*Table_Input_Pesticides[[#This Row],[Application area (ha)]] -> 0 | L20: =Table_Input_Pesticides[[#This Row],[Total applied]]*Table_Input_Pesticides[[#This Row],[Active ingredient 1 amount]]*IF(Table_Input_Pesticides[[#This Row],[Constituent unit (select)]]="fraction of product", 1, 10^-3) -> 0 | O20: =Table_Input_Pesticides[[#This Row],[Total applied]]*Table_Input_Pesticides[[#This Row],[Active ingredient 2 amount]]*IF(Table_Input_Pesticides[[#This Row],[Constituent unit (select)]]="fraction of product", 1, 10^-3) -> 0 | R20: =Table_Input_Pesticides[[#This Row],[Total applied]]*Table_Input_Pesticides[[#This Row],[Active ingredient 3 amount]]*IF(Table_Input_Pesticides[[#This Row],[Constituent unit (select)]]="fraction of product", 1, 10^-3) -> 0
A22: CALCULATIONS | D22: Cleaning chemicals
A23: =HYPERLINK("#'15 Scope 3'!A1", "15 Scope 3") -> 15 Scope 3 | D23: Product name | E23: Type (select) | F23: Quantity purchased (kg)
A24: =HYPERLINK("#'10.1.1-2 Solid waste treatment'!A1", "10.1.1-2 Solid waste treatment") -> 10.1.1-2 Solid waste treatment | D24: Acid kleen | E24: Phosphoric acid | F24: 100
A25: =HYPERLINK("#'Calcs - Manure sent off-site'!A1", "Calcs - Manure sent off-site") -> Calcs - Manure sent off-site | D25: Kleen alk | E25: Alkaline cleaner | F25: 100
A26: =HYPERLINK("#'8.1.1.1-2 Transport fuel'!A1", "8.1.1.1-2 Transport fuel") -> 8.1.1.1-2 Transport fuel | D26: White king | E26: Bleach | F26: 100
A27: =HYPERLINK("#'8.2.1.1-2 Stationary fuel'!A1", "8.2.1.1-2 Stationary fuel") -> 8.2.1.1-2 Stationary fuel | D27: White king | E27: Bleach | F27: 100
D28: Acid kleen | E28: Phosphoric acid | F28: 100
D29: Acid kleen | E29: Phosphoric acid | F29: 100
A30: APPENDICES
A31: =HYPERLINK("#'Constants - Scope 3'!A1", "Constants - Scope 3") -> Constants - Scope 3
A32: =HYPERLINK("#'Constants - Solid Waste'!A1", "Constants - Solid Waste") -> Constants - Solid Waste
A33: =HYPERLINK("#'Constants - Fuel'!A1", "Constants - Fuel") -> Constants - Fuel
A34: =HYPERLINK("#'Constants - Poultry'!A1", "Constants - Poultry") -> Constants - Poultry
A35: =HYPERLINK("#'Constants - Swine'!A1", "Constants - Swine") -> Constants - Swine | D35: Livestock pharmacy chemicals
A36: =HYPERLINK("#'Constants - Dairy'!A1", "Constants - Dairy") -> Constants - Dairy | D36: Product name | E36: Type (select) | F36: Number of head treated
A37: =HYPERLINK("#'Constants - Pasture Beef'!A1", "Constants - Pasture Beef") -> Constants - Pasture Beef | D37: Cow bug off | E37: Parasite control for cattle (external), dipping | F37: 100
A38: =HYPERLINK("#'Constants - Common Livestock'!A1", "Constants - Common Livestock") -> Constants - Common Livestock | D38: Cow worm-away | E38: Parasite control for cattle (internal) | F38: 100
A39: =HYPERLINK("#'Constants - Fertiliser'!A1", "Constants - Fertiliser") -> Constants - Fertiliser | D39: Sheep bug off | E39: Parasite control for sheep (external) | F39: 100
A40: =HYPERLINK("#'Constants - Electricity'!A1", "Constants - Electricity") -> Constants - Electricity | D40: Sheep worm-away | E40: Parasite control for sheep (internal) | F40: 100
A41: =HYPERLINK("#'Constants - Common'!A1", "Constants - Common") -> Constants - Common | D41: Cow bug off | E41: Parasite control for cattle (external), dipping | F41: 100
D42: Cow worm-away | E42: Parasite control for cattle (internal) | F42: 100
D49: Feed
D50: Lick blocks
D51: {=Table_SourceData_Scope3_LickBlocks[Product]} -> Lick block, dry season mix | E51: 100 | F51: kg
D52: Lick block, mineral | E52: 100 | F52: kg
D53: Lick block, weaner | E53: 100 | F53: kg
D55: Feed rations
D56: {=Table_SourceData_Scope3_MixedRations[Product]} -> Feed for chickens | E56: 100 | F56: kg
D57: Feed for dairy calves | E57: 100 | F57: kg
D58: Feed for dairy cows | E58: 100 | F58: kg
D59: Feed for pigs | E59: 100 | F59: kg
D61: Purchased feed blends
D62: Feed blend name | E62: Amount fed (kg) | F62: Ingredient 1 (select) | G62: Ingredient 1 source region | H62: Ingredient 1 percent | I62: Ingredient 2 (select) | J62: Ingredient 2 source region | K62: Ingredient 2 percent | L62: Ingredient 3 (select) | M62: Ingredient 3 source region | N62: Ingredient 3 percent | O62: Ingredient 4 (select) | P62: Ingredient 4 source region | Q62: Ingredient 4 percent
E63: 1200 | F63: Cereal silage | G63: SA | H63: 0.35 | I63: Cereal hay | J63: SA | K63: 0.22 | L63: Canola oil | M63: Australia | N63: 0.12 | O63: Molasses | P63: QLD | Q63: 0.05
E64: 3456 | F64: Lucerne hay | G64: WA | H64: 0.2 | I64: Lucerne hay | J64: NSW | K64: 0.2
D65: Hay bales in paddock | E65: 300 | F65: Sardines (whole) | G65: VIC | H65: 0.8 | I65: Soybean meal | J65: Brazil | K65: 0.2
E66: 500 | F66: Pasture hay | G66: VIC | H66: 1
D75: Services and contractors
D77: Service provider / contractor | E77: Activity | F77: Total amount | G77: Amount unit
D78: Pete's Pickers | E78: Fruit picking | F78: 10000 | G78: Hour
D79: Harini's Harvesting Services Pty Ltd | E79: Wheat harvesting | F79: 1000 | G79: Hectare
D90: Packaging
D92: Packaging name | E92: Quantity purchased | F92: Primary material | G92: Weight per unit (kg) | H92: Total weight purchased (kg)
D93: 250g punnet | E93: 100000 | F93: Plastic sheet HDPE | G93: 0.02 | H93: =Table_Input_Packaging[[#This Row],[Quantity purchased]]*Table_Input_Packaging[[#This Row],[Weight per unit (kg)]] -> 2000
H94: =Table_Input_Packaging[[#This Row],[Quantity purchased]]*Table_Input_Packaging[[#This Row],[Weight per unit (kg)]] -> 0
H95: =Table_Input_Packaging[[#This Row],[Quantity purchased]]*Table_Input_Packaging[[#This Row],[Weight per unit (kg)]] -> 0
H96: =Table_Input_Packaging[[#This Row],[Quantity purchased]]*Table_Input_Packaging[[#This Row],[Weight per unit (kg)]] -> 0
H97: =Table_Input_Packaging[[#This Row],[Quantity purchased]]*Table_Input_Packaging[[#This Row],[Weight per unit (kg)]] -> 0
H98: =Table_Input_Packaging[[#This Row],[Quantity purchased]]*Table_Input_Packaging[[#This Row],[Weight per unit (kg)]] -> 0
H99: =Table_Input_Packaging[[#This Row],[Quantity purchased]]*Table_Input_Packaging[[#This Row],[Weight per unit (kg)]] -> 0
H100: =Table_Input_Packaging[[#This Row],[Quantity purchased]]*Table_Input_Packaging[[#This Row],[Weight per unit (kg)]] -> 0
H101: =Table_Input_Packaging[[#This Row],[Quantity purchased]]*Table_Input_Packaging[[#This Row],[Weight per unit (kg)]] -> 0
H102: =Table_Input_Packaging[[#This Row],[Quantity purchased]]*Table_Input_Packaging[[#This Row],[Weight per unit (kg)]] -> 0
D105: Grow Media
D107: Grow media type | E107: Total amount | F107: Amount unit
D108: Coir | E108: 10000 | F108: kg
D109: Peat moss | E109: 100 | F109: m3
D110: tiny gravel | E110: 10000 | F110: kg
D120: Seed
D121: ='Constants - Scope 3'!E204 -> Barley grain (for seed) | E121: 500 | F121: kg
D122: ='Constants - Scope 3'!E205 -> Maize grain (for seed) | E122: 600 | F122: kg
D123: ='Constants - Scope 3'!E207 -> Oat grain (for seed) | E123: 700 | F123: kg
D124: ='Constants - Scope 3'!E208 -> Sorghum grain (for seed) | E124: 800 | F124: kg
D125: ='Constants - Scope 3'!E209 -> Wheat grain (for seed) | E125: 900 | F125: kg
D127: Miscellaneous inputs
D128: ='Constants - Scope 3'!E202 -> Animal ear tags (large) | E128: 100 | F128: tags
D129: ='Constants - Scope 3'!E203 -> Animal ear tags (small) | E129: 200 | F129: tags
D130: ='Constants - Scope 3'!E206 -> Nylon netting | E130: 300 | F130: kg
D133: Uncategorised products
D135: Product / service name | E135: Amount | F135: Amount unit
D136: Something | E136: 1000 | F136: kg

Sheet Input - Beef cattle purchases
A1: #VALUE! | C1: Input - Livestock Purchases
A3: =HYPERLINK("#'Overview'!A1", "Overview") -> Overview
A4: =HYPERLINK("#'Results'!A1", "Results") -> Results
D5: Livestock
D6: Beef cattle
A7: INPUTS | D7: Transaction name | E7: Purchase date | F7: Class (select) | G7: Purchase class (select) | H7: Source region (Select) | I7: Quantity (head) | J7: Liveweight (kg/head) Method 1 | K7: Liveweight (kg/head) Method 2
A8: =HYPERLINK("#'Input - Site'!A1", "Site") -> Site | D8: Cows from Barry | E8: 45547 | F8: Steers < 1 year | G8: Cattle, for prime beef | H8: WA - Kimberley | I8: 100 | J8: {=Scope3_InputFunctions.GetLiveweight_PastureBeef(Table_Input_LivestockPurchases_Beefcattle[[#This Row],[Purchase date]],Table_Input_LivestockPurchases_Beefcattle[[#This Row],[Class (select)]],Table_Input_LivestockPurchases_Beefcattle[[#This Row],[Source region (Select)]],Table_SourceData_PastureBeef_LiveweightAllStates[State],Table_SourceData_PastureBeef_LiveweightAllStates[Region],Table_SourceData_PastureBeef_LiveweightAllStates[Season],Table_SourceData_PastureBeef_LiveweightAllStates[#Headers],Table_SourceData_PastureBeef_LiveweightAllStates[])} -> 210 | K8: 205
A9: =HYPERLINK("#'Input - Fuel'!A1", "Fuel") -> Fuel | E9: 45292 | F9: Steers 1-2 years | G9: Cattle, for manufacturing beef | H9: WA - South west | I9: 100 | J9: {=Scope3_InputFunctions.GetLiveweight_PastureBeef(Table_Input_LivestockPurchases_Beefcattle[[#This Row],[Purchase date]],Table_Input_LivestockPurchases_Beefcattle[[#This Row],[Class (select)]],Table_Input_LivestockPurchases_Beefcattle[[#This Row],[Source region (Select)]],Table_SourceData_PastureBeef_LiveweightAllStates[State],Table_SourceData_PastureBeef_LiveweightAllStates[Region],Table_SourceData_PastureBeef_LiveweightAllStates[Season],Table_SourceData_PastureBeef_LiveweightAllStates[#Headers],Table_SourceData_PastureBeef_LiveweightAllStates[])} -> 470 | K9: 465
A10: =HYPERLINK("#'Input - Fertiliser'!A1", "Fertiliser") -> Fertiliser | J10: {=Scope3_InputFunctions.GetLiveweight_PastureBeef(Table_Input_LivestockPurchases_Beefcattle[[#This Row],[Purchase date]],Table_Input_LivestockPurchases_Beefcattle[[#This Row],[Class (select)]],Table_Input_LivestockPurchases_Beefcattle[[#This Row],[Source region (Select)]],Table_SourceData_PastureBeef_LiveweightAllStates[State],Table_SourceData_PastureBeef_LiveweightAllStates[Region],Table_SourceData_PastureBeef_LiveweightAllStates[Season],Table_SourceData_PastureBeef_LiveweightAllStates[#Headers],Table_SourceData_PastureBeef_LiveweightAllStates[])} -> 0
A11: =HYPERLINK("#'Input - Farm Inputs'!A1", "Farm Inputs") -> Farm Inputs | J11: {=Scope3_InputFunctions.GetLiveweight_PastureBeef(Table_Input_LivestockPurchases_Beefcattle[[#This Row],[Purchase date]],Table_Input_LivestockPurchases_Beefcattle[[#This Row],[Class (select)]],Table_Input_LivestockPurchases_Beefcattle[[#This Row],[Source region (Select)]],Table_SourceData_PastureBeef_LiveweightAllStates[State],Table_SourceData_PastureBeef_LiveweightAllStates[Region],Table_SourceData_PastureBeef_LiveweightAllStates[Season],Table_SourceData_PastureBeef_LiveweightAllStates[#Headers],Table_SourceData_PastureBeef_LiveweightAllStates[])} -> 0
A12: =HYPERLINK("#'Input - Beef cattle purchases'!A1", "Beef cattle purchases") -> Beef cattle purchases | J12: {=Scope3_InputFunctions.GetLiveweight_PastureBeef(Table_Input_LivestockPurchases_Beefcattle[[#This Row],[Purchase date]],Table_Input_LivestockPurchases_Beefcattle[[#This Row],[Class (select)]],Table_Input_LivestockPurchases_Beefcattle[[#This Row],[Source region (Select)]],Table_SourceData_PastureBeef_LiveweightAllStates[State],Table_SourceData_PastureBeef_LiveweightAllStates[Region],Table_SourceData_PastureBeef_LiveweightAllStates[Season],Table_SourceData_PastureBeef_LiveweightAllStates[#Headers],Table_SourceData_PastureBeef_LiveweightAllStates[])} -> 0
A13: =HYPERLINK("#'Input - Dairy cattle purchases'!A1", "Dairy cattle purchases") -> Dairy cattle purchases | J13: {=Scope3_InputFunctions.GetLiveweight_PastureBeef(Table_Input_LivestockPurchases_Beefcattle[[#This Row],[Purchase date]],Table_Input_LivestockPurchases_Beefcattle[[#This Row],[Class (select)]],Table_Input_LivestockPurchases_Beefcattle[[#This Row],[Source region (Select)]],Table_SourceData_PastureBeef_LiveweightAllStates[State],Table_SourceData_PastureBeef_LiveweightAllStates[Region],Table_SourceData_PastureBeef_LiveweightAllStates[Season],Table_SourceData_PastureBeef_LiveweightAllStates[#Headers],Table_SourceData_PastureBeef_LiveweightAllStates[])} -> 0
A14: =HYPERLINK("#'Input - Pig purchases'!A1", "Pig purchases") -> Pig purchases | J14: {=Scope3_InputFunctions.GetLiveweight_PastureBeef(Table_Input_LivestockPurchases_Beefcattle[[#This Row],[Purchase date]],Table_Input_LivestockPurchases_Beefcattle[[#This Row],[Class (select)]],Table_Input_LivestockPurchases_Beefcattle[[#This Row],[Source region (Select)]],Table_SourceData_PastureBeef_LiveweightAllStates[State],Table_SourceData_PastureBeef_LiveweightAllStates[Region],Table_SourceData_PastureBeef_LiveweightAllStates[Season],Table_SourceData_PastureBeef_LiveweightAllStates[#Headers],Table_SourceData_PastureBeef_LiveweightAllStates[])} -> 0
A15: =HYPERLINK("#'Input - Poultry purchases'!A1", "Poultry purchases") -> Poultry purchases | J15: {=Scope3_InputFunctions.GetLiveweight_PastureBeef(Table_Input_LivestockPurchases_Beefcattle[[#This Row],[Purchase date]],Table_Input_LivestockPurchases_Beefcattle[[#This Row],[Class (select)]],Table_Input_LivestockPurchases_Beefcattle[[#This Row],[Source region (Select)]],Table_SourceData_PastureBeef_LiveweightAllStates[State],Table_SourceData_PastureBeef_LiveweightAllStates[Region],Table_SourceData_PastureBeef_LiveweightAllStates[Season],Table_SourceData_PastureBeef_LiveweightAllStates[#Headers],Table_SourceData_PastureBeef_LiveweightAllStates[])} -> 0
A16: =HYPERLINK("#'Input - Freight'!A1", "Freight") -> Freight | J16: {=Scope3_InputFunctions.GetLiveweight_PastureBeef(Table_Input_LivestockPurchases_Beefcattle[[#This Row],[Purchase date]],Table_Input_LivestockPurchases_Beefcattle[[#This Row],[Class (select)]],Table_Input_LivestockPurchases_Beefcattle[[#This Row],[Source region (Select)]],Table_SourceData_PastureBeef_LiveweightAllStates[State],Table_SourceData_PastureBeef_LiveweightAllStates[Region],Table_SourceData_PastureBeef_LiveweightAllStates[Season],Table_SourceData_PastureBeef_LiveweightAllStates[#Headers],Table_SourceData_PastureBeef_LiveweightAllStates[])} -> 0
A17: =HYPERLINK("#'Input - Solid waste'!A1", "Solid waste") -> Solid waste | J17: {=Scope3_InputFunctions.GetLiveweight_PastureBeef(Table_Input_LivestockPurchases_Beefcattle[[#This Row],[Purchase date]],Table_Input_LivestockPurchases_Beefcattle[[#This Row],[Class (select)]],Table_Input_LivestockPurchases_Beefcattle[[#This Row],[Source region (Select)]],Table_SourceData_PastureBeef_LiveweightAllStates[State],Table_SourceData_PastureBeef_LiveweightAllStates[Region],Table_SourceData_PastureBeef_LiveweightAllStates[Season],Table_SourceData_PastureBeef_LiveweightAllStates[#Headers],Table_SourceData_PastureBeef_LiveweightAllStates[])} -> 0
A18: =HYPERLINK("#'Input - Manure sent off-site'!A1", "Manure sent off-site") -> Manure sent off-site
A19: =HYPERLINK("#'Input - Electricity'!A1", "Electricity") -> Electricity
A22: CALCULATIONS
A23: =HYPERLINK("#'15 Scope 3'!A1", "15 Scope 3") -> 15 Scope 3
A24: =HYPERLINK("#'10.1.1-2 Solid waste treatment'!A1", "10.1.1-2 Solid waste treatment") -> 10.1.1-2 Solid waste treatment
A25: =HYPERLINK("#'Calcs - Manure sent off-site'!A1", "Calcs - Manure sent off-site") -> Calcs - Manure sent off-site
A26: =HYPERLINK("#'8.1.1.1-2 Transport fuel'!A1", "8.1.1.1-2 Transport fuel") -> 8.1.1.1-2 Transport fuel
A27: =HYPERLINK("#'8.2.1.1-2 Stationary fuel'!A1", "8.2.1.1-2 Stationary fuel") -> 8.2.1.1-2 Stationary fuel
A30: APPENDICES
A31: =HYPERLINK("#'Constants - Scope 3'!A1", "Constants - Scope 3") -> Constants - Scope 3
A32: =HYPERLINK("#'Constants - Solid Waste'!A1", "Constants - Solid Waste") -> Constants - Solid Waste
A33: =HYPERLINK("#'Constants - Fuel'!A1", "Constants - Fuel") -> Constants - Fuel
A34: =HYPERLINK("#'Constants - Poultry'!A1", "Constants - Poultry") -> Constants - Poultry
A35: =HYPERLINK("#'Constants - Swine'!A1", "Constants - Swine") -> Constants - Swine
A36: =HYPERLINK("#'Constants - Dairy'!A1", "Constants - Dairy") -> Constants - Dairy
A37: =HYPERLINK("#'Constants - Pasture Beef'!A1", "Constants - Pasture Beef") -> Constants - Pasture Beef
A38: =HYPERLINK("#'Constants - Common Livestock'!A1", "Constants - Common Livestock") -> Constants - Common Livestock
A39: =HYPERLINK("#'Constants - Fertiliser'!A1", "Constants - Fertiliser") -> Constants - Fertiliser
A40: =HYPERLINK("#'Constants - Electricity'!A1", "Constants - Electricity") -> Constants - Electricity
A41: =HYPERLINK("#'Constants - Common'!A1", "Constants - Common") -> Constants - Common

Sheet Input - Dairy cattle purchases
A1: #VALUE!
A3: =HYPERLINK("#'Overview'!A1", "Overview") -> Overview
A4: =HYPERLINK("#'Results'!A1", "Results") -> Results
D5: Dairy cattle
D6: Transaction name | E6: Class (select) | F6: Breed (select) | G6: Quantity (head) | H6: Liveweight (kg/head) Method 1 | I6: Liveweight (kg/head) Method 2
A7: INPUTS | D7: Dairy cows from Denise | E7: Heifers < 1 (weaned) | F7: Jersey crossbred | G7: 100 | H7: {=Common_InputFunctions.Utility_LookupValueInTableOneColumnAndHeader(Table_Input_LivestockPurchases_Dairy[[#This Row],[Breed (select)]],Table_Input_LivestockPurchases_Dairy[[#This Row],[Class (select)]],Table_SourceData_Dairy_WjCowsHeifers[Breed],Table_SourceData_Dairy_WjCowsHeifers[#Headers],Table_SourceData_Dairy_WjCowsHeifers[], 0)} -> 130 | I7: 350
A8: =HYPERLINK("#'Input - Site'!A1", "Site") -> Site | E8: Milking cows | F8: Ayrshire | G8: 100 | H8: {=Common_InputFunctions.Utility_LookupValueInTableOneColumnAndHeader(Table_Input_LivestockPurchases_Dairy[[#This Row],[Breed (select)]],Table_Input_LivestockPurchases_Dairy[[#This Row],[Class (select)]],Table_SourceData_Dairy_WjCowsHeifers[Breed],Table_SourceData_Dairy_WjCowsHeifers[#Headers],Table_SourceData_Dairy_WjCowsHeifers[], 0)} -> 540 | I8: 625
A9: =HYPERLINK("#'Input - Fuel'!A1", "Fuel") -> Fuel | E9: Heifers > 1 | F9: Jersey crossbred | H9: {=Common_InputFunctions.Utility_LookupValueInTableOneColumnAndHeader(Table_Input_LivestockPurchases_Dairy[[#This Row],[Breed (select)]],Table_Input_LivestockPurchases_Dairy[[#This Row],[Class (select)]],Table_SourceData_Dairy_WjCowsHeifers[Breed],Table_SourceData_Dairy_WjCowsHeifers[#Headers],Table_SourceData_Dairy_WjCowsHeifers[], 0)} -> 315
A10: =HYPERLINK("#'Input - Fertiliser'!A1", "Fertiliser") -> Fertiliser | H10: {=Common_InputFunctions.Utility_LookupValueInTableOneColumnAndHeader(Table_Input_LivestockPurchases_Dairy[[#This Row],[Breed (select)]],Table_Input_LivestockPurchases_Dairy[[#This Row],[Class (select)]],Table_SourceData_Dairy_WjCowsHeifers[Breed],Table_SourceData_Dairy_WjCowsHeifers[#Headers],Table_SourceData_Dairy_WjCowsHeifers[], 0)} -> 0
A11: =HYPERLINK("#'Input - Farm Inputs'!A1", "Farm Inputs") -> Farm Inputs | H11: {=Common_InputFunctions.Utility_LookupValueInTableOneColumnAndHeader(Table_Input_LivestockPurchases_Dairy[[#This Row],[Breed (select)]],Table_Input_LivestockPurchases_Dairy[[#This Row],[Class (select)]],Table_SourceData_Dairy_WjCowsHeifers[Breed],Table_SourceData_Dairy_WjCowsHeifers[#Headers],Table_SourceData_Dairy_WjCowsHeifers[], 0)} -> 0
A12: =HYPERLINK("#'Input - Beef cattle purchases'!A1", "Beef cattle purchases") -> Beef cattle purchases | H12: {=Common_InputFunctions.Utility_LookupValueInTableOneColumnAndHeader(Table_Input_LivestockPurchases_Dairy[[#This Row],[Breed (select)]],Table_Input_LivestockPurchases_Dairy[[#This Row],[Class (select)]],Table_SourceData_Dairy_WjCowsHeifers[Breed],Table_SourceData_Dairy_WjCowsHeifers[#Headers],Table_SourceData_Dairy_WjCowsHeifers[], 0)} -> 0
A13: =HYPERLINK("#'Input - Dairy cattle purchases'!A1", "Dairy cattle purchases") -> Dairy cattle purchases | H13: {=Common_InputFunctions.Utility_LookupValueInTableOneColumnAndHeader(Table_Input_LivestockPurchases_Dairy[[#This Row],[Breed (select)]],Table_Input_LivestockPurchases_Dairy[[#This Row],[Class (select)]],Table_SourceData_Dairy_WjCowsHeifers[Breed],Table_SourceData_Dairy_WjCowsHeifers[#Headers],Table_SourceData_Dairy_WjCowsHeifers[], 0)} -> 0
A14: =HYPERLINK("#'Input - Pig purchases'!A1", "Pig purchases") -> Pig purchases | H14: {=Common_InputFunctions.Utility_LookupValueInTableOneColumnAndHeader(Table_Input_LivestockPurchases_Dairy[[#This Row],[Breed (select)]],Table_Input_LivestockPurchases_Dairy[[#This Row],[Class (select)]],Table_SourceData_Dairy_WjCowsHeifers[Breed],Table_SourceData_Dairy_WjCowsHeifers[#Headers],Table_SourceData_Dairy_WjCowsHeifers[], 0)} -> 0
A15: =HYPERLINK("#'Input - Poultry purchases'!A1", "Poultry purchases") -> Poultry purchases | H15: {=Common_InputFunctions.Utility_LookupValueInTableOneColumnAndHeader(Table_Input_LivestockPurchases_Dairy[[#This Row],[Breed (select)]],Table_Input_LivestockPurchases_Dairy[[#This Row],[Class (select)]],Table_SourceData_Dairy_WjCowsHeifers[Breed],Table_SourceData_Dairy_WjCowsHeifers[#Headers],Table_SourceData_Dairy_WjCowsHeifers[], 0)} -> 0
A16: =HYPERLINK("#'Input - Freight'!A1", "Freight") -> Freight | H16: {=Common_InputFunctions.Utility_LookupValueInTableOneColumnAndHeader(Table_Input_LivestockPurchases_Dairy[[#This Row],[Breed (select)]],Table_Input_LivestockPurchases_Dairy[[#This Row],[Class (select)]],Table_SourceData_Dairy_WjCowsHeifers[Breed],Table_SourceData_Dairy_WjCowsHeifers[#Headers],Table_SourceData_Dairy_WjCowsHeifers[], 0)} -> 0
A17: =HYPERLINK("#'Input - Solid waste'!A1", "Solid waste") -> Solid waste
A18: =HYPERLINK("#'Input - Manure sent off-site'!A1", "Manure sent off-site") -> Manure sent off-site
A19: =HYPERLINK("#'Input - Electricity'!A1", "Electricity") -> Electricity
A22: CALCULATIONS
A23: =HYPERLINK("#'15 Scope 3'!A1", "15 Scope 3") -> 15 Scope 3
A24: =HYPERLINK("#'10.1.1-2 Solid waste treatment'!A1", "10.1.1-2 Solid waste treatment") -> 10.1.1-2 Solid waste treatment
A25: =HYPERLINK("#'Calcs - Manure sent off-site'!A1", "Calcs - Manure sent off-site") -> Calcs - Manure sent off-site
A26: =HYPERLINK("#'8.1.1.1-2 Transport fuel'!A1", "8.1.1.1-2 Transport fuel") -> 8.1.1.1-2 Transport fuel
A27: =HYPERLINK("#'8.2.1.1-2 Stationary fuel'!A1", "8.2.1.1-2 Stationary fuel") -> 8.2.1.1-2 Stationary fuel
A30: APPENDICES
A31: =HYPERLINK("#'Constants - Scope 3'!A1", "Constants - Scope 3") -> Constants - Scope 3
A32: =HYPERLINK("#'Constants - Solid Waste'!A1", "Constants - Solid Waste") -> Constants - Solid Waste
A33: =HYPERLINK("#'Constants - Fuel'!A1", "Constants - Fuel") -> Constants - Fuel
A34: =HYPERLINK("#'Constants - Poultry'!A1", "Constants - Poultry") -> Constants - Poultry
A35: =HYPERLINK("#'Constants - Swine'!A1", "Constants - Swine") -> Constants - Swine
A36: =HYPERLINK("#'Constants - Dairy'!A1", "Constants - Dairy") -> Constants - Dairy
A37: =HYPERLINK("#'Constants - Pasture Beef'!A1", "Constants - Pasture Beef") -> Constants - Pasture Beef
A38: =HYPERLINK("#'Constants - Common Livestock'!A1", "Constants - Common Livestock") -> Constants - Common Livestock
A39: =HYPERLINK("#'Constants - Fertiliser'!A1", "Constants - Fertiliser") -> Constants - Fertiliser
A40: =HYPERLINK("#'Constants - Electricity'!A1", "Constants - Electricity") -> Constants - Electricity
A41: =HYPERLINK("#'Constants - Common'!A1", "Constants - Common") -> Constants - Common

Sheet Input - Pig purchases
A1: #VALUE!
A3: =HYPERLINK("#'Overview'!A1", "Overview") -> Overview
A4: =HYPERLINK("#'Results'!A1", "Results") -> Results
D5: Pigs
D6: Transaction name | E6: Class (select) | F6: Quantity (head) | G6: Liveweight (kg/head) Method 1 | H6: Liveweight (kg/head) Method 2
A7: INPUTS | D7: Pigs from Pam | E7: Sows | F7: 100 | G7: {=Common_InputFunctions.Utility_LookupValueInTableNumber(Table_Input_LivestockPurchases_Pigs[[#This Row],[Class (select)]],#REF!,#REF!)} -> 0 | H7: 180
A8: =HYPERLINK("#'Input - Site'!A1", "Site") -> Site | D8: Swine from Samantha | E8: Slaughter pigs | F8: 100 | G8: {=Common_InputFunctions.Utility_LookupValueInTableNumber(Table_Input_LivestockPurchases_Pigs[[#This Row],[Class (select)]],#REF!,#REF!)} -> 0 | H8: 38
A9: =HYPERLINK("#'Input - Fuel'!A1", "Fuel") -> Fuel | G9: {=Common_InputFunctions.Utility_LookupValueInTableNumber(Table_Input_LivestockPurchases_Pigs[[#This Row],[Class (select)]],#REF!,#REF!)} -> 0
A10: =HYPERLINK("#'Input - Fertiliser'!A1", "Fertiliser") -> Fertiliser | G10: {=Common_InputFunctions.Utility_LookupValueInTableNumber(Table_Input_LivestockPurchases_Pigs[[#This Row],[Class (select)]],#REF!,#REF!)} -> 0
A11: =HYPERLINK("#'Input - Farm Inputs'!A1", "Farm Inputs") -> Farm Inputs | G11: {=Common_InputFunctions.Utility_LookupValueInTableNumber(Table_Input_LivestockPurchases_Pigs[[#This Row],[Class (select)]],#REF!,#REF!)} -> 0
A12: =HYPERLINK("#'Input - Beef cattle purchases'!A1", "Beef cattle purchases") -> Beef cattle purchases | G12: {=Common_InputFunctions.Utility_LookupValueInTableNumber(Table_Input_LivestockPurchases_Pigs[[#This Row],[Class (select)]],#REF!,#REF!)} -> 0
A13: =HYPERLINK("#'Input - Dairy cattle purchases'!A1", "Dairy cattle purchases") -> Dairy cattle purchases | G13: {=Common_InputFunctions.Utility_LookupValueInTableNumber(Table_Input_LivestockPurchases_Pigs[[#This Row],[Class (select)]],#REF!,#REF!)} -> 0
A14: =HYPERLINK("#'Input - Pig purchases'!A1", "Pig purchases") -> Pig purchases | G14: {=Common_InputFunctions.Utility_LookupValueInTableNumber(Table_Input_LivestockPurchases_Pigs[[#This Row],[Class (select)]],#REF!,#REF!)} -> 0
A15: =HYPERLINK("#'Input - Poultry purchases'!A1", "Poultry purchases") -> Poultry purchases | G15: {=Common_InputFunctions.Utility_LookupValueInTableNumber(Table_Input_LivestockPurchases_Pigs[[#This Row],[Class (select)]],#REF!,#REF!)} -> 0
A16: =HYPERLINK("#'Input - Freight'!A1", "Freight") -> Freight | G16: {=Common_InputFunctions.Utility_LookupValueInTableNumber(Table_Input_LivestockPurchases_Pigs[[#This Row],[Class (select)]],#REF!,#REF!)} -> 0
A17: =HYPERLINK("#'Input - Solid waste'!A1", "Solid waste") -> Solid waste
A18: =HYPERLINK("#'Input - Manure sent off-site'!A1", "Manure sent off-site") -> Manure sent off-site
A19: =HYPERLINK("#'Input - Electricity'!A1", "Electricity") -> Electricity
A22: CALCULATIONS
A23: =HYPERLINK("#'15 Scope 3'!A1", "15 Scope 3") -> 15 Scope 3
A24: =HYPERLINK("#'10.1.1-2 Solid waste treatment'!A1", "10.1.1-2 Solid waste treatment") -> 10.1.1-2 Solid waste treatment
A25: =HYPERLINK("#'Calcs - Manure sent off-site'!A1", "Calcs - Manure sent off-site") -> Calcs - Manure sent off-site
A26: =HYPERLINK("#'8.1.1.1-2 Transport fuel'!A1", "8.1.1.1-2 Transport fuel") -> 8.1.1.1-2 Transport fuel
A27: =HYPERLINK("#'8.2.1.1-2 Stationary fuel'!A1", "8.2.1.1-2 Stationary fuel") -> 8.2.1.1-2 Stationary fuel
A30: APPENDICES
A31: =HYPERLINK("#'Constants - Scope 3'!A1", "Constants - Scope 3") -> Constants - Scope 3
A32: =HYPERLINK("#'Constants - Solid Waste'!A1", "Constants - Solid Waste") -> Constants - Solid Waste
A33: =HYPERLINK("#'Constants - Fuel'!A1", "Constants - Fuel") -> Constants - Fuel
A34: =HYPERLINK("#'Constants - Poultry'!A1", "Constants - Poultry") -> Constants - Poultry
A35: =HYPERLINK("#'Constants - Swine'!A1", "Constants - Swine") -> Constants - Swine
A36: =HYPERLINK("#'Constants - Dairy'!A1", "Constants - Dairy") -> Constants - Dairy
A37: =HYPERLINK("#'Constants - Pasture Beef'!A1", "Constants - Pasture Beef") -> Constants - Pasture Beef
A38: =HYPERLINK("#'Constants - Common Livestock'!A1", "Constants - Common Livestock") -> Constants - Common Livestock
A39: =HYPERLINK("#'Constants - Fertiliser'!A1", "Constants - Fertiliser") -> Constants - Fertiliser
A40: =HYPERLINK("#'Constants - Electricity'!A1", "Constants - Electricity") -> Constants - Electricity
A41: =HYPERLINK("#'Constants - Common'!A1", "Constants - Common") -> Constants - Common

Sheet Input - Poultry purchases
A1: #VALUE!
A3: =HYPERLINK("#'Overview'!A1", "Overview") -> Overview
A4: =HYPERLINK("#'Results'!A1", "Results") -> Results
D5: Poultry
D6: Transaction name | E6: Class (select) | F6: Quantity (head) | G6: Liveweight (kg/head) Method 1 | H6: Liveweight (kg/head) Method 2
A7: INPUTS | D7: Chooks from Carolyn | E7: Chicken | F7: 100 | G7: {=Common_InputFunctions.Utility_LookupValueInTableNumber(Table_Input_LivestockPurchases_Poultry[[#This Row],[Class (select)]], Table_SourceData_Poultry_Liveweights[Livestock class j],Table_SourceData_Poultry_Liveweights[Average liveweight (kg)])} -> 1.3 | H7: 1.3
A8: =HYPERLINK("#'Input - Site'!A1", "Site") -> Site | D8: Roosters from Raj | E8: Pullets | F8: 100 | G8: {=Common_InputFunctions.Utility_LookupValueInTableNumber(Table_Input_LivestockPurchases_Poultry[[#This Row],[Class (select)]], Table_SourceData_Poultry_Liveweights[Livestock class j],Table_SourceData_Poultry_Liveweights[Average liveweight (kg)])} -> 1.4 | H8: 1.4
A9: =HYPERLINK("#'Input - Fuel'!A1", "Fuel") -> Fuel | G9: {=Common_InputFunctions.Utility_LookupValueInTableNumber(Table_Input_LivestockPurchases_Poultry[[#This Row],[Class (select)]], Table_SourceData_Poultry_Liveweights[Livestock class j],Table_SourceData_Poultry_Liveweights[Average liveweight (kg)])} -> 0
A10: =HYPERLINK("#'Input - Fertiliser'!A1", "Fertiliser") -> Fertiliser | G10: {=Common_InputFunctions.Utility_LookupValueInTableNumber(Table_Input_LivestockPurchases_Poultry[[#This Row],[Class (select)]], Table_SourceData_Poultry_Liveweights[Livestock class j],Table_SourceData_Poultry_Liveweights[Average liveweight (kg)])} -> 0
A11: =HYPERLINK("#'Input - Farm Inputs'!A1", "Farm Inputs") -> Farm Inputs | G11: {=Common_InputFunctions.Utility_LookupValueInTableNumber(Table_Input_LivestockPurchases_Poultry[[#This Row],[Class (select)]], Table_SourceData_Poultry_Liveweights[Livestock class j],Table_SourceData_Poultry_Liveweights[Average liveweight (kg)])} -> 0
A12: =HYPERLINK("#'Input - Beef cattle purchases'!A1", "Beef cattle purchases") -> Beef cattle purchases | G12: {=Common_InputFunctions.Utility_LookupValueInTableNumber(Table_Input_LivestockPurchases_Poultry[[#This Row],[Class (select)]], Table_SourceData_Poultry_Liveweights[Livestock class j],Table_SourceData_Poultry_Liveweights[Average liveweight (kg)])} -> 0
A13: =HYPERLINK("#'Input - Dairy cattle purchases'!A1", "Dairy cattle purchases") -> Dairy cattle purchases | G13: {=Common_InputFunctions.Utility_LookupValueInTableNumber(Table_Input_LivestockPurchases_Poultry[[#This Row],[Class (select)]], Table_SourceData_Poultry_Liveweights[Livestock class j],Table_SourceData_Poultry_Liveweights[Average liveweight (kg)])} -> 0
A14: =HYPERLINK("#'Input - Pig purchases'!A1", "Pig purchases") -> Pig purchases | G14: {=Common_InputFunctions.Utility_LookupValueInTableNumber(Table_Input_LivestockPurchases_Poultry[[#This Row],[Class (select)]], Table_SourceData_Poultry_Liveweights[Livestock class j],Table_SourceData_Poultry_Liveweights[Average liveweight (kg)])} -> 0
A15: =HYPERLINK("#'Input - Poultry purchases'!A1", "Poultry purchases") -> Poultry purchases | G15: {=Common_InputFunctions.Utility_LookupValueInTableNumber(Table_Input_LivestockPurchases_Poultry[[#This Row],[Class (select)]], Table_SourceData_Poultry_Liveweights[Livestock class j],Table_SourceData_Poultry_Liveweights[Average liveweight (kg)])} -> 0
A16: =HYPERLINK("#'Input - Freight'!A1", "Freight") -> Freight | G16: {=Common_InputFunctions.Utility_LookupValueInTableNumber(Table_Input_LivestockPurchases_Poultry[[#This Row],[Class (select)]], Table_SourceData_Poultry_Liveweights[Livestock class j],Table_SourceData_Poultry_Liveweights[Average liveweight (kg)])} -> 0
A17: =HYPERLINK("#'Input - Solid waste'!A1", "Solid waste") -> Solid waste
A18: =HYPERLINK("#'Input - Manure sent off-site'!A1", "Manure sent off-site") -> Manure sent off-site
A19: =HYPERLINK("#'Input - Electricity'!A1", "Electricity") -> Electricity
A22: CALCULATIONS
A23: =HYPERLINK("#'15 Scope 3'!A1", "15 Scope 3") -> 15 Scope 3
A24: =HYPERLINK("#'10.1.1-2 Solid waste treatment'!A1", "10.1.1-2 Solid waste treatment") -> 10.1.1-2 Solid waste treatment
A25: =HYPERLINK("#'Calcs - Manure sent off-site'!A1", "Calcs - Manure sent off-site") -> Calcs - Manure sent off-site
A26: =HYPERLINK("#'8.1.1.1-2 Transport fuel'!A1", "8.1.1.1-2 Transport fuel") -> 8.1.1.1-2 Transport fuel
A27: =HYPERLINK("#'8.2.1.1-2 Stationary fuel'!A1", "8.2.1.1-2 Stationary fuel") -> 8.2.1.1-2 Stationary fuel
A30: APPENDICES
A31: =HYPERLINK("#'Constants - Scope 3'!A1", "Constants - Scope 3") -> Constants - Scope 3
A32: =HYPERLINK("#'Constants - Solid Waste'!A1", "Constants - Solid Waste") -> Constants - Solid Waste
A33: =HYPERLINK("#'Constants - Fuel'!A1", "Constants - Fuel") -> Constants - Fuel
A34: =HYPERLINK("#'Constants - Poultry'!A1", "Constants - Poultry") -> Constants - Poultry
A35: =HYPERLINK("#'Constants - Swine'!A1", "Constants - Swine") -> Constants - Swine
A36: =HYPERLINK("#'Constants - Dairy'!A1", "Constants - Dairy") -> Constants - Dairy
A37: =HYPERLINK("#'Constants - Pasture Beef'!A1", "Constants - Pasture Beef") -> Constants - Pasture Beef
A38: =HYPERLINK("#'Constants - Common Livestock'!A1", "Constants - Common Livestock") -> Constants - Common Livestock
A39: =HYPERLINK("#'Constants - Fertiliser'!A1", "Constants - Fertiliser") -> Constants - Fertiliser
A40: =HYPERLINK("#'Constants - Electricity'!A1", "Constants - Electricity") -> Constants - Electricity
A41: =HYPERLINK("#'Constants - Common'!A1", "Constants - Common") -> Constants - Common

Sheet Input - Freight
C1: Input - Freight
A3: =HYPERLINK("#'Overview'!A1", "Overview") -> Overview
A4: =HYPERLINK("#'Results'!A1", "Results") -> Results
D6: Incoming freight
A7: INPUTS
A8: =HYPERLINK("#'Input - Site'!A1", "Site") -> Site | D8: Route name | E8: Freight type (select) | F8: Route distance (km) | G8: Average weight of freight per trip (t) | H8: Number of trips taken
A9: =HYPERLINK("#'Input - Fuel'!A1", "Fuel") -> Fuel | D9: Melbourne depot to farm depot weekly | E9: Transport in truck | F9: 986 | G9: 10 | H9: 52
A10: =HYPERLINK("#'Input - Fertiliser'!A1", "Fertiliser") -> Fertiliser | D10: Fertiliser supplier to farm | E10: Rail | F10: 65 | G10: 10 | H10: 6
A11: =HYPERLINK("#'Input - Farm Inputs'!A1", "Farm Inputs") -> Farm Inputs
A12: =HYPERLINK("#'Input - Beef cattle purchases'!A1", "Beef cattle purchases") -> Beef cattle purchases
A13: =HYPERLINK("#'Input - Dairy cattle purchases'!A1", "Dairy cattle purchases") -> Dairy cattle purchases
A14: =HYPERLINK("#'Input - Pig purchases'!A1", "Pig purchases") -> Pig purchases
A15: =HYPERLINK("#'Input - Poultry purchases'!A1", "Poultry purchases") -> Poultry purchases
A16: =HYPERLINK("#'Input - Freight'!A1", "Freight") -> Freight
A17: =HYPERLINK("#'Input - Solid waste'!A1", "Solid waste") -> Solid waste
A18: =HYPERLINK("#'Input - Manure sent off-site'!A1", "Manure sent off-site") -> Manure sent off-site
A19: =HYPERLINK("#'Input - Electricity'!A1", "Electricity") -> Electricity
A22: CALCULATIONS | D22: Outgoing freight
A23: =HYPERLINK("#'15 Scope 3'!A1", "15 Scope 3") -> 15 Scope 3
A24: =HYPERLINK("#'10.1.1-2 Solid waste treatment'!A1", "10.1.1-2 Solid waste treatment") -> 10.1.1-2 Solid waste treatment | D24: Route name | E24: Freight type (select) | F24: Route distance (km) | G24: Average weight of freight per trip (t) | H24: Number of trips taken
A25: =HYPERLINK("#'Calcs - Manure sent off-site'!A1", "Calcs - Manure sent off-site") -> Calcs - Manure sent off-site | D25: Farm to bulk handler | E25: Transport in truck | F25: 65 | G25: 20 | H25: 52
A26: =HYPERLINK("#'8.1.1.1-2 Transport fuel'!A1", "8.1.1.1-2 Transport fuel") -> 8.1.1.1-2 Transport fuel
A27: =HYPERLINK("#'8.2.1.1-2 Stationary fuel'!A1", "8.2.1.1-2 Stationary fuel") -> 8.2.1.1-2 Stationary fuel
A30: APPENDICES
A31: =HYPERLINK("#'Constants - Scope 3'!A1", "Constants - Scope 3") -> Constants - Scope 3
A32: =HYPERLINK("#'Constants - Solid Waste'!A1", "Constants - Solid Waste") -> Constants - Solid Waste
A33: =HYPERLINK("#'Constants - Fuel'!A1", "Constants - Fuel") -> Constants - Fuel
A34: =HYPERLINK("#'Constants - Poultry'!A1", "Constants - Poultry") -> Constants - Poultry
A35: =HYPERLINK("#'Constants - Swine'!A1", "Constants - Swine") -> Constants - Swine
A36: =HYPERLINK("#'Constants - Dairy'!A1", "Constants - Dairy") -> Constants - Dairy
A37: =HYPERLINK("#'Constants - Pasture Beef'!A1", "Constants - Pasture Beef") -> Constants - Pasture Beef
A38: =HYPERLINK("#'Constants - Common Livestock'!A1", "Constants - Common Livestock") -> Constants - Common Livestock
A39: =HYPERLINK("#'Constants - Fertiliser'!A1", "Constants - Fertiliser") -> Constants - Fertiliser
A40: =HYPERLINK("#'Constants - Electricity'!A1", "Constants - Electricity") -> Constants - Electricity
A41: =HYPERLINK("#'Constants - Common'!A1", "Constants - Common") -> Constants - Common

Sheet Input - Solid waste
A1: #VALUE! | C1: Input - Solid waste
A3: =HYPERLINK("#'Overview'!A1", "Overview") -> Overview
A4: =HYPERLINK("#'Results'!A1", "Results") -> Results
D5: Solid waste treatment
A7: INPUTS | D7: 💡 You can add more rows to the table by right-clicking on the table and selecting "Insert > Table rows above/below"
A8: =HYPERLINK("#'Input - Site'!A1", "Site") -> Site
A9: =HYPERLINK("#'Input - Fuel'!A1", "Fuel") -> Fuel | D9: Description | E9: Treatment type (select) | F9: Waste type (select) | G9: Treatment location (select) | H9: Amount | I9: Amount unit (select)
A10: =HYPERLINK("#'Input - Fertiliser'!A1", "Fertiliser") -> Fertiliser | D10: Compost paper and cardboard on site (tonnes) | E10: Composting | F10: Paper and cardboard | G10: Removed and treated off-site | H10: 50 | I10: tonnes
A11: =HYPERLINK("#'Input - Farm Inputs'!A1", "Farm Inputs") -> Farm Inputs | D11: Compost paper and cardboard on site (m3) | E11: Composting | F11: Paper and cardboard | G11: Treated on-site | H11: 50 | I11: cubic metres m3
A12: =HYPERLINK("#'Input - Beef cattle purchases'!A1", "Beef cattle purchases") -> Beef cattle purchases | D12: Compost food waste on site (tonnes) | E12: Composting | F12: Food waste (including animal carcasses, spoiled animal feed or crop) | G12: Removed and treated off-site | H12: 50 | I12: tonnes
A13: =HYPERLINK("#'Input - Dairy cattle purchases'!A1", "Dairy cattle purchases") -> Dairy cattle purchases | D13: Compost food waste on site (m3) | E13: Composting | F13: Food waste (including animal carcasses, spoiled animal feed or crop) | G13: Treated on-site | H13: 50 | I13: cubic metres m3
A14: =HYPERLINK("#'Input - Pig purchases'!A1", "Pig purchases") -> Pig purchases | D14: Landfill food waste offsite (tonnes) | E14: Landfill | F14: Food waste (including animal carcasses, spoiled animal feed or crop) | G14: Removed and treated off-site | H14: 50 | I14: tonnes
A15: =HYPERLINK("#'Input - Poultry purchases'!A1", "Poultry purchases") -> Poultry purchases | D15: Landfill food waste offsite (m3) | E15: Landfill | F15: Food waste (including animal carcasses, spoiled animal feed or crop) | G15: Removed and treated off-site | H15: 50 | I15: cubic metres m3
A16: =HYPERLINK("#'Input - Freight'!A1", "Freight") -> Freight | D16: Landfill food waste on site (tonnes) | E16: Landfill | F16: Food waste (including animal carcasses, spoiled animal feed or crop) | G16: Treated on-site | H16: 50 | I16: tonnes
A17: =HYPERLINK("#'Input - Solid waste'!A1", "Solid waste") -> Solid waste | D17: Landfill food waste on site (m3) | E17: Landfill | F17: Food waste (including animal carcasses, spoiled animal feed or crop) | G17: Treated on-site | H17: 50 | I17: cubic metres m3
A18: =HYPERLINK("#'Input - Manure sent off-site'!A1", "Manure sent off-site") -> Manure sent off-site | D18: Landfill Paper offsite (tonnes) | E18: Landfill | F18: Paper and cardboard | G18: Removed and treated off-site | H18: 50 | I18: tonnes
A19: =HYPERLINK("#'Input - Electricity'!A1", "Electricity") -> Electricity | D19: Landfill Paper waste offsite (m3) | E19: Landfill | F19: Paper and cardboard | G19: Removed and treated off-site | H19: 50 | I19: cubic metres m3
D20: Landfill Paper waste on site (tonnes) | E20: Landfill | F20: Paper and cardboard | G20: Treated on-site | H20: 50 | I20: tonnes
D21: Landfill Paper on site (m3) | E21: Landfill | F21: Paper and cardboard | G21: Treated on-site | H21: 50 | I21: cubic metres m3
A22: CALCULATIONS | D22: Landfill Green waste offsite (tonnes) | E22: Landfill | F22: Green waste (including crop residues or prunings) | G22: Removed and treated off-site | H22: 50 | I22: tonnes
A23: =HYPERLINK("#'15 Scope 3'!A1", "15 Scope 3") -> 15 Scope 3 | D23: Landfill Green waste offsite (m3) | E23: Landfill | F23: Green waste (including crop residues or prunings) | G23: Removed and treated off-site | H23: 50 | I23: cubic metres m3
A24: =HYPERLINK("#'10.1.1-2 Solid waste treatment'!A1", "10.1.1-2 Solid waste treatment") -> 10.1.1-2 Solid waste treatment | D24: Landfill Green waste on site (tonnes) | E24: Landfill | F24: Green waste (including crop residues or prunings) | G24: Treated on-site | H24: 50 | I24: tonnes
A25: =HYPERLINK("#'Calcs - Manure sent off-site'!A1", "Calcs - Manure sent off-site") -> Calcs - Manure sent off-site | D25: Landfill Green waste on site (m3) | E25: Landfill | F25: Green waste (including crop residues or prunings) | G25: Treated on-site | H25: 50 | I25: cubic metres m3
A26: =HYPERLINK("#'8.1.1.1-2 Transport fuel'!A1", "8.1.1.1-2 Transport fuel") -> 8.1.1.1-2 Transport fuel | D26: Incineration paper and cardboard on site (tonnes) | E26: Incineration | F26: Paper and cardboard | G26: Treated on-site | H26: 50 | I26: tonnes
A27: =HYPERLINK("#'8.2.1.1-2 Stationary fuel'!A1", "8.2.1.1-2 Stationary fuel") -> 8.2.1.1-2 Stationary fuel | D27: Incineration paper and cardboard on site (m3) | E27: Incineration | F27: Paper and cardboard | G27: Treated on-site | H27: 50 | I27: cubic metres m3
D28: Incineration green waste on site (tonnes) | E28: Incineration | F28: Green waste (including crop residues or prunings) | G28: Treated on-site | H28: 50 | I28: tonnes
D29: Incineration green waste on site (m3) | E29: Incineration | F29: Green waste (including crop residues or prunings) | G29: Treated on-site | H29: 50 | I29: cubic metres m3
A30: APPENDICES | D30: Incineration green waste offsite (tonnes) | E30: Incineration | F30: Green waste (including crop residues or prunings) | G30: Removed and treated off-site | H30: 50 | I30: tonnes
A31: =HYPERLINK("#'Constants - Scope 3'!A1", "Constants - Scope 3") -> Constants - Scope 3 | D31: Incineration green waste offsite (m3) | E31: Incineration | F31: Green waste (including crop residues or prunings) | G31: Removed and treated off-site | H31: 50 | I31: cubic metres m3
A32: =HYPERLINK("#'Constants - Solid Waste'!A1", "Constants - Solid Waste") -> Constants - Solid Waste | D32: Incineration green waste on site (m3) | E32: Incineration | F32: Green waste (including crop residues or prunings) | G32: Treated on-site | H32: 50 | I32: cubic metres m3
A33: =HYPERLINK("#'Constants - Fuel'!A1", "Constants - Fuel") -> Constants - Fuel
A34: =HYPERLINK("#'Constants - Poultry'!A1", "Constants - Poultry") -> Constants - Poultry
A35: =HYPERLINK("#'Constants - Swine'!A1", "Constants - Swine") -> Constants - Swine
A36: =HYPERLINK("#'Constants - Dairy'!A1", "Constants - Dairy") -> Constants - Dairy
A37: =HYPERLINK("#'Constants - Pasture Beef'!A1", "Constants - Pasture Beef") -> Constants - Pasture Beef
A38: =HYPERLINK("#'Constants - Common Livestock'!A1", "Constants - Common Livestock") -> Constants - Common Livestock
A39: =HYPERLINK("#'Constants - Fertiliser'!A1", "Constants - Fertiliser") -> Constants - Fertiliser
A40: =HYPERLINK("#'Constants - Electricity'!A1", "Constants - Electricity") -> Constants - Electricity
A41: =HYPERLINK("#'Constants - Common'!A1", "Constants - Common") -> Constants - Common

Sheet Input - Manure sent off-site
A1: #VALUE! | C1: Input - Manure sent off-site
A3: =HYPERLINK("#'Overview'!A1", "Overview") -> Overview
A4: =HYPERLINK("#'Results'!A1", "Results") -> Results
D5: Manure sent off-site
A7: INPUTS | D7: For each relevant livestock type:
A8: =HYPERLINK("#'Input - Site'!A1", "Site") -> Site | D8: Use the 'Mass of nitrogen applied to soil for scope 3 emissions (MNSoilscope3)' value calculated in the 'Manure applied to soils' equations (Chapter 4 of VEERG)
A9: =HYPERLINK("#'Input - Fuel'!A1", "Fuel") -> Fuel
A10: =HYPERLINK("#'Input - Fertiliser'!A1", "Fertiliser") -> Fertiliser | D10: Mass of Nitrogen from manure sent offsite (MNSoil) - Method 1 | F10: 1000 | G10: kg N
A11: =HYPERLINK("#'Input - Farm Inputs'!A1", "Farm Inputs") -> Farm Inputs | D11: Mass of Nitrogen from manure sent offsite (MNSoil) - Method 2 | F11: 2000 | G11: kg N
A12: =HYPERLINK("#'Input - Beef cattle purchases'!A1", "Beef cattle purchases") -> Beef cattle purchases
A13: =HYPERLINK("#'Input - Dairy cattle purchases'!A1", "Dairy cattle purchases") -> Dairy cattle purchases | D13: Production system where manure is anticipated to be deposited | F13: Crop | G13: ← Please select
A14: =HYPERLINK("#'Input - Pig purchases'!A1", "Pig purchases") -> Pig purchases | D14: Irrigation method where manure is anticipated to be deposited | F14: Sprinkler irrigation | G14: ← Please select
A15: =HYPERLINK("#'Input - Poultry purchases'!A1", "Poultry purchases") -> Poultry purchases
A16: =HYPERLINK("#'Input - Freight'!A1", "Freight") -> Freight
A17: =HYPERLINK("#'Input - Solid waste'!A1", "Solid waste") -> Solid waste
A18: =HYPERLINK("#'Input - Manure sent off-site'!A1", "Manure sent off-site") -> Manure sent off-site
A19: =HYPERLINK("#'Input - Electricity'!A1", "Electricity") -> Electricity
A22: CALCULATIONS
A23: =HYPERLINK("#'15 Scope 3'!A1", "15 Scope 3") -> 15 Scope 3
A24: =HYPERLINK("#'10.1.1-2 Solid waste treatment'!A1", "10.1.1-2 Solid waste treatment") -> 10.1.1-2 Solid waste treatment
A25: =HYPERLINK("#'Calcs - Manure sent off-site'!A1", "Calcs - Manure sent off-site") -> Calcs - Manure sent off-site
A26: =HYPERLINK("#'8.1.1.1-2 Transport fuel'!A1", "8.1.1.1-2 Transport fuel") -> 8.1.1.1-2 Transport fuel
A27: =HYPERLINK("#'8.2.1.1-2 Stationary fuel'!A1", "8.2.1.1-2 Stationary fuel") -> 8.2.1.1-2 Stationary fuel
A30: APPENDICES
A31: =HYPERLINK("#'Constants - Scope 3'!A1", "Constants - Scope 3") -> Constants - Scope 3
A32: =HYPERLINK("#'Constants - Solid Waste'!A1", "Constants - Solid Waste") -> Constants - Solid Waste
A33: =HYPERLINK("#'Constants - Fuel'!A1", "Constants - Fuel") -> Constants - Fuel
A34: =HYPERLINK("#'Constants - Poultry'!A1", "Constants - Poultry") -> Constants - Poultry
A35: =HYPERLINK("#'Constants - Swine'!A1", "Constants - Swine") -> Constants - Swine
A36: =HYPERLINK("#'Constants - Dairy'!A1", "Constants - Dairy") -> Constants - Dairy
A37: =HYPERLINK("#'Constants - Pasture Beef'!A1", "Constants - Pasture Beef") -> Constants - Pasture Beef
A38: =HYPERLINK("#'Constants - Common Livestock'!A1", "Constants - Common Livestock") -> Constants - Common Livestock
A39: =HYPERLINK("#'Constants - Fertiliser'!A1", "Constants - Fertiliser") -> Constants - Fertiliser
A40: =HYPERLINK("#'Constants - Electricity'!A1", "Constants - Electricity") -> Constants - Electricity
A41: =HYPERLINK("#'Constants - Common'!A1", "Constants - Common") -> Constants - Common

Sheet Input - Electricity
A1: #VALUE! | C1: Input - Electricity
A3: =HYPERLINK("#'Overview'!A1", "Overview") -> Overview
A4: =HYPERLINK("#'Results'!A1", "Results") -> Results
D5: How do you want to calculate electricity emissions? | E5: Location-based (simpler) | F5: ← Please select
E6: =IF(X_Cell_Electricity_CalculationMethod="Location-based (simpler)", "Complete the fields in the Location-based section", "Complete the fields in the Market-based section") -> Complete the fields in the Location-based section
A7: INPUTS
A8: =HYPERLINK("#'Input - Site'!A1", "Site") -> Site
A9: =HYPERLINK("#'Input - Fuel'!A1", "Fuel") -> Fuel | D9: Option 1: Location-based electricity
A10: =HYPERLINK("#'Input - Fertiliser'!A1", "Fertiliser") -> Fertiliser
A11: =HYPERLINK("#'Input - Farm Inputs'!A1", "Farm Inputs") -> Farm Inputs | D11: State grid electricity purchases
A12: =HYPERLINK("#'Input - Beef cattle purchases'!A1", "Beef cattle purchases") -> Beef cattle purchases
A13: =HYPERLINK("#'Input - Dairy cattle purchases'!A1", "Dairy cattle purchases") -> Dairy cattle purchases | D13: 💡The grid you purchase electricity from is typically the same as the state and region the farm is in.
A14: =HYPERLINK("#'Input - Pig purchases'!A1", "Pig purchases") -> Pig purchases
A15: =HYPERLINK("#'Input - Poultry purchases'!A1", "Poultry purchases") -> Poultry purchases | D15: Amount purchased in kWh | E15: 30000 | F15: kWh
A16: =HYPERLINK("#'Input - Freight'!A1", "Freight") -> Freight | D16: State and region your farm is in | E16: =IF(X_Cell_Site_State="Western Australia", X_Cell_Site_Region, X_Cell_Site_State) -> Western Australia - Outback (South)
A17: =HYPERLINK("#'Input - Solid waste'!A1", "Solid waste") -> Solid waste | D17: Grid where electricity purchased from | E17: Western Australia - North Western Interconnected System (NWIS) | F17: ← Please select
A18: =HYPERLINK("#'Input - Manure sent off-site'!A1", "Manure sent off-site") -> Manure sent off-site
A19: =HYPERLINK("#'Input - Electricity'!A1", "Electricity") -> Electricity
D21: Option 2: Market-based electricity
A22: CALCULATIONS | E22: =IF(E16="ACT", "", "ALERT: Your farm is not in the ACT, so the JRPP is not applicable") -> ALERT: Your farm is not in the ACT, so the JRPP is not applicable
A23: =HYPERLINK("#'15 Scope 3'!A1", "15 Scope 3") -> 15 Scope 3 | D23: Electricity purchased in kWh (excluding GreenPower providers) | E23: 30000 | F23: kWh
A24: =HYPERLINK("#'10.1.1-2 Solid waste treatment'!A1", "10.1.1-2 Solid waste treatment") -> 10.1.1-2 Solid waste treatment | D24: Renewable Power Percentage | E24: 0.1 | F24: percent
A25: =HYPERLINK("#'Calcs - Manure sent off-site'!A1", "Calcs - Manure sent off-site") -> Calcs - Manure sent off-site | D25: Jurisdictional renewable power percentage (ACT only) | E25: 0.1 | F25: percent
A26: =HYPERLINK("#'8.1.1.1-2 Transport fuel'!A1", "8.1.1.1-2 Transport fuel") -> 8.1.1.1-2 Transport fuel
A27: =HYPERLINK("#'8.2.1.1-2 Stationary fuel'!A1", "8.2.1.1-2 Stationary fuel") -> 8.2.1.1-2 Stationary fuel | D27: Electricity purchased from an accredited GreenPower provider | E27: 10000 | F27: kWh
D29: Start of reporting year | E29: =TEXT(X_Cell_Site_StartDate, "dd mmm yyyy") -> 01 Jan 2024
A30: APPENDICES | D30: End of reporting year | E30: =TEXT(X_Cell_Site_EndDate, "dd mmm yyyy") -> 31 Dec 2024
A31: =HYPERLINK("#'Constants - Scope 3'!A1", "Constants - Scope 3") -> Constants - Scope 3
A32: =HYPERLINK("#'Constants - Solid Waste'!A1", "Constants - Solid Waste") -> Constants - Solid Waste | D32: Voluntarily surrendered Renewable Energy Certificates (RECs)
A33: =HYPERLINK("#'Constants - Fuel'!A1", "Constants - Fuel") -> Constants - Fuel
A34: =HYPERLINK("#'Constants - Poultry'!A1", "Constants - Poultry") -> Constants - Poultry | D34: 💡 You can add more rows to the table by right-clicking on the table and selecting "Insert > Table rows above/below"
A35: =HYPERLINK("#'Constants - Swine'!A1", "Constants - Swine") -> Constants - Swine
A36: =HYPERLINK("#'Constants - Dairy'!A1", "Constants - Dairy") -> Constants - Dairy | D36: Description | E36: Source (select) | F36: Generation date | G36: Number of certificates | H36: MWh | I36: Elegibility
A37: =HYPERLINK("#'Constants - Pasture Beef'!A1", "Constants - Pasture Beef") -> Constants - Pasture Beef | D37: Dec 2020 certs | E37: Purchased certificate | F37: 44185 | G37: 12 | H37: =Table_Input_RECSurrendered[[#This Row],[Number of certificates]] -> 12 | I37: =IF(DATEDIF(Table_Input_RECSurrendered[[#This Row],[Generation date]],DATEVALUE($E$30),"M")>36,"Ineligible - older than 36 months","Elegible") -> Ineligible - older than 36 months
A38: =HYPERLINK("#'Constants - Common Livestock'!A1", "Constants - Common Livestock") -> Constants - Common Livestock | D38: Jan 2022 certs | E38: Issued for generated electricity | F38: 44575 | G38: 5 | H38: =Table_Input_RECSurrendered[[#This Row],[Number of certificates]] -> 5 | I38: =IF(DATEDIF(Table_Input_RECSurrendered[[#This Row],[Generation date]],DATEVALUE($E$30),"M")>36,"Ineligible - older than 36 months","Elegible") -> Elegible
A39: =HYPERLINK("#'Constants - Fertiliser'!A1", "Constants - Fertiliser") -> Constants - Fertiliser | D39: 2024 certs | E39: Purchased certificate | F39: 45438 | G39: 5 | H39: =Table_Input_RECSurrendered[[#This Row],[Number of certificates]] -> 5 | I39: =IF(DATEDIF(Table_Input_RECSurrendered[[#This Row],[Generation date]],DATEVALUE($E$30),"M")>36,"Ineligible - older than 36 months","Elegible") -> Elegible
A40: =HYPERLINK("#'Constants - Electricity'!A1", "Constants - Electricity") -> Constants - Electricity
A41: =HYPERLINK("#'Constants - Common'!A1", "Constants - Common") -> Constants - Common | D41: Total elegible voluntarily surrendered RECs | E41: =SUMIF(Table_Input_RECSurrendered[Elegibility], "Elegible", Table_Input_RECSurrendered[MWh]) -> 10 | F41: MWh
D43: Renewable Energy Certificates (RECs) for electricity produced on-site and consumed by the entity
D45: Description | E45: Source | F45: Generation date | G45: Number of certificates | H45: MWh | I45: Elegibility
D46: May 2022 generated | E46: ="Issued for generated electricity" -> Issued for generated electricity | F46: 44697 | G46: 10 | H46: =Table_Input_RECConsumedByEntity[[#This Row],[Number of certificates]] -> 10 | I46: =IF(AND(Table_Input_RECConsumedByEntity[[#This Row],[Generation date]]>=DATEVALUE($E$29), Table_Input_RECConsumedByEntity[[#This Row],[Generation date]]<= DATEVALUE($E$30)), "Elegible", "Ineligible - outside reporting year") -> Ineligible - outside reporting year
D47: Jul 24 certs generated | E47: ="Issued for generated electricity" -> Issued for generated electricity | F47: 45483 | G47: 4 | H47: =Table_Input_RECConsumedByEntity[[#This Row],[Number of certificates]] -> 4 | I47: =IF(AND(Table_Input_RECConsumedByEntity[[#This Row],[Generation date]]>=DATEVALUE($E$29), Table_Input_RECConsumedByEntity[[#This Row],[Generation date]]<= DATEVALUE($E$30)), "Elegible", "Ineligible - outside reporting year") -> Elegible
D48: 45597 | E48: ="Issued for generated electricity" -> Issued for generated electricity | F48: 45607 | G48: 7 | H48: =Table_Input_RECConsumedByEntity[[#This Row],[Number of certificates]] -> 7 | I48: =IF(AND(Table_Input_RECConsumedByEntity[[#This Row],[Generation date]]>=DATEVALUE($E$29), Table_Input_RECConsumedByEntity[[#This Row],[Generation date]]<= DATEVALUE($E$30)), "Elegible", "Ineligible - outside reporting year") -> Elegible
D50: Total elegible RECs for electricity produced on-site and consumed by entity | E50: =SUMIF(Table_Input_RECConsumedByEntity[Elegibility], "Elegible", Table_Input_RECConsumedByEntity[Number of certificates]) -> 11 | F50: MWh

Sheet 15 Scope 3
A1: #VALUE! | C1: 15 Scope 3 emissions
A3: =HYPERLINK("#'Overview'!A1", "Overview") -> Overview
A4: =HYPERLINK("#'Results'!A1", "Results") -> Results
D5: {=Scope3_Equations.VEERG_15_1_1_1__1_EmissionsFromPurchasedLivestock_Title()} -> Total emissions from purchased livestock
D6: {=Scope3_Equations.VEERG_15_1_1_1__1_EmissionsFromPurchasedLivestock_Source()} -> VEERG 2026: 15.1.1.1, Equation (1)
A7: INPUTS | D7: Function name | E7: {=Common_InputFunctions.Utility_DisplayFunctionName(J23)} -> =Scope3_Equations.VEERG_15_1_1_1__1_EmissionsFromPurchasedLivestock
A8: =HYPERLINK("#'Input - Site'!A1", "Site") -> Site
A9: =HYPERLINK("#'Input - Fuel'!A1", "Fuel") -> Fuel
A10: =HYPERLINK("#'Input - Fertiliser'!A1", "Fertiliser") -> Fertiliser | D10: Variable | E10: {=Scope3_Equations.VEERG_15_1_1_1__1_EmissionsFromPurchasedLivestock_Variable()} -> E
A11: =HYPERLINK("#'Input - Farm Inputs'!A1", "Farm Inputs") -> Farm Inputs | D11: Unit | E11: {=Scope3_Equations.VEERG_15_1_1_1__1_EmissionsFromPurchasedLivestock_Unit()} -> t CO2e
A12: =HYPERLINK("#'Input - Beef cattle purchases'!A1", "Beef cattle purchases") -> Beef cattle purchases
A13: =HYPERLINK("#'Input - Dairy cattle purchases'!A1", "Dairy cattle purchases") -> Dairy cattle purchases | D13: {=_xlfn.CHOOSECOLS(Scope3_Equations.VEERG_15_1_1_1__1_EmissionsFromPurchasedLivestock_Arguments(),1,2)} -> N_co | E13: number of animals purchased in livestock type c from origin o | G13: {=_xlfn.CHOOSECOLS(Scope3_Equations.VEERG_15_1_1_1__1_EmissionsFromPurchasedLivestock_Arguments(),3,4)} -> head | H13: Input
A14: =HYPERLINK("#'Input - Pig purchases'!A1", "Pig purchases") -> Pig purchases | D14: W_co | E14: average liveweight of purchased livestock at point of purchase | G14: kg/head | H14: Input
A15: =HYPERLINK("#'Input - Poultry purchases'!A1", "Poultry purchases") -> Poultry purchases | D15: EF_co | E15: emission factor per livestock type and origin | G15: kg CO2e/kg | H15: Constant
A16: =HYPERLINK("#'Input - Freight'!A1", "Freight") -> Freight | D16: c | E16: livestock type | H16: Input
A17: =HYPERLINK("#'Input - Solid waste'!A1", "Solid waste") -> Solid waste | D17: o | E17: origin | H17: Input
A18: =HYPERLINK("#'Input - Manure sent off-site'!A1", "Manure sent off-site") -> Manure sent off-site
A19: =HYPERLINK("#'Input - Electricity'!A1", "Electricity") -> Electricity | D19: Scope 3 emissions are calculated on a maximum of 10 livestock purchases for each category
D21: Beef cattle
A22: CALCULATIONS | D22: Transaction description | E22: Livestock type c | F22: Origin o | G22: Nco | H22: Wco - Method 1 (kg/head) | I22: EFco (Method 1) | J22: E (Method 1) | K22: Wco - Method 2 (kg/head) | L22: EFco (Method 2) | M22: E (Method 2) | N22: Method 2 EF source | O22: Method 2 EF source type (Select) | P22: Method 2 EF proof link
A23: =HYPERLINK("#'15 Scope 3'!A1", "15 Scope 3") -> 15 Scope 3 | D23: {=IFERROR(INDEX(Table_Input_LivestockPurchases_Beefcattle[Transaction name], _xlfn.SEQUENCE(10)), "")} -> Cows from Barry | E23: {=IFERROR(INDEX(Table_Input_LivestockPurchases_Beefcattle[Purchase class (select)], _xlfn.SEQUENCE(10)), "")} -> Cattle, for prime beef | F23: {=IFERROR(_xlfn.XLOOKUP(INDEX(Table_Input_LivestockPurchases_Beefcattle[Source region (Select)], _xlfn.SEQUENCE(10)), Table_ProductRegions_Beefcattle[Region],Table_ProductRegions_Beefcattle[Scope3 region]), "")} -> WA | G23: {=IFERROR(INDEX(Table_Input_LivestockPurchases_Beefcattle[Quantity (head)], _xlfn.SEQUENCE(10)), "")} -> 100 | H23: {=IFERROR(INDEX(Table_Input_LivestockPurchases_Beefcattle[Liveweight (kg/head) Method 1], _xlfn.SEQUENCE(10)), 0)} -> 210 | I23: {=Common_InputFunctions.Utility_LookupValueInTableTwoColumns(E23,F23,Table_SourceData_Scope3_Animals[Product],Table_SourceData_Scope3_Animals[Region of origin],Table_SourceData_Scope3_Animals[AusLCI Emissions intensity], 0)} -> 20.8 | J23: {=Scope3_Equations.VEERG_15_1_1_1__1_EmissionsFromPurchasedLivestock(G23,H23,I23)} -> 436.8 | K23: {=IFERROR(INDEX(Table_Input_LivestockPurchases_Beefcattle[Liveweight (kg/head) Method 2], _xlfn.SEQUENCE(10)), "")} -> 205 | L23: 20 | M23: {=Scope3_Equations.VEERG_15_1_1_1__1_EmissionsFromPurchasedLivestock(G23,K23,IF(L23, L23, I23))} -> 410 | N23: Denise did a full LCA | O23: Verified credential matching ISO14067 | P23: http://denisesdairy.com/LCA2024.pdf
A24: =HYPERLINK("#'10.1.1-2 Solid waste treatment'!A1", "10.1.1-2 Solid waste treatment") -> 10.1.1-2 Solid waste treatment | D24: 0 | E24: Cattle, for manufacturing beef | F24: WA | G24: 100 | H24: 470 | I24: {=Common_InputFunctions.Utility_LookupValueInTableTwoColumns(E24,F24,Table_SourceData_Scope3_Animals[Product],Table_SourceData_Scope3_Animals[Region of origin],Table_SourceData_Scope3_Animals[AusLCI Emissions intensity], 0)} -> 13.1 | J24: {=Scope3_Equations.VEERG_15_1_1_1__1_EmissionsFromPurchasedLivestock(G24,H24,I24)} -> 615.7 | K24: 465 | L24: 13 | M24: {=Scope3_Equations.VEERG_15_1_1_1__1_EmissionsFromPurchasedLivestock(G24,K24,IF(L24, L24, I24))} -> 604.5
A25: =HYPERLINK("#'Calcs - Manure sent off-site'!A1", "Calcs - Manure sent off-site") -> Calcs - Manure sent off-site | D25: 0 | E25: 0 | G25: 0 | H25: 0 | I25: {=Common_InputFunctions.Utility_LookupValueInTableTwoColumns(E25,F25,Table_SourceData_Scope3_Animals[Product],Table_SourceData_Scope3_Animals[Region of origin],Table_SourceData_Scope3_Animals[AusLCI Emissions intensity], 0)} -> 0 | J25: {=Scope3_Equations.VEERG_15_1_1_1__1_EmissionsFromPurchasedLivestock(G25,H25,I25)} -> 0 | K25: 0 | M25: {=Scope3_Equations.VEERG_15_1_1_1__1_EmissionsFromPurchasedLivestock(G25,K25,IF(L25, L25, I25))} -> 0
A26: =HYPERLINK("#'8.1.1.1-2 Transport fuel'!A1", "8.1.1.1-2 Transport fuel") -> 8.1.1.1-2 Transport fuel | D26: 0 | E26: 0 | G26: 0 | H26: 0 | I26: {=Common_InputFunctions.Utility_LookupValueInTableTwoColumns(E26,F26,Table_SourceData_Scope3_Animals[Product],Table_SourceData_Scope3_Animals[Region of origin],Table_SourceData_Scope3_Animals[AusLCI Emissions intensity], 0)} -> 0 | J26: {=Scope3_Equations.VEERG_15_1_1_1__1_EmissionsFromPurchasedLivestock(G26,H26,I26)} -> 0 | K26: 0 | M26: {=Scope3_Equations.VEERG_15_1_1_1__1_EmissionsFromPurchasedLivestock(G26,K26,IF(L26, L26, I26))} -> 0
A27: =HYPERLINK("#'8.2.1.1-2 Stationary fuel'!A1", "8.2.1.1-2 Stationary fuel") -> 8.2.1.1-2 Stationary fuel | D27: 0 | E27: 0 | G27: 0 | H27: 0 | I27: {=Common_InputFunctions.Utility_LookupValueInTableTwoColumns(E27,F27,Table_SourceData_Scope3_Animals[Product],Table_SourceData_Scope3_Animals[Region of origin],Table_SourceData_Scope3_Animals[AusLCI Emissions intensity], 0)} -> 0 | J27: {=Scope3_Equations.VEERG_15_1_1_1__1_EmissionsFromPurchasedLivestock(G27,H27,I27)} -> 0 | K27: 0 | M27: {=Scope3_Equations.VEERG_15_1_1_1__1_EmissionsFromPurchasedLivestock(G27,K27,IF(L27, L27, I27))} -> 0
D28: 0 | E28: 0 | G28: 0 | H28: 0 | I28: {=Common_InputFunctions.Utility_LookupValueInTableTwoColumns(E28,F28,Table_SourceData_Scope3_Animals[Product],Table_SourceData_Scope3_Animals[Region of origin],Table_SourceData_Scope3_Animals[AusLCI Emissions intensity], 0)} -> 0 | J28: {=Scope3_Equations.VEERG_15_1_1_1__1_EmissionsFromPurchasedLivestock(G28,H28,I28)} -> 0 | K28: 0 | M28: {=Scope3_Equations.VEERG_15_1_1_1__1_EmissionsFromPurchasedLivestock(G28,K28,IF(L28, L28, I28))} -> 0
D29: 0 | E29: 0 | G29: 0 | H29: 0 | I29: {=Common_InputFunctions.Utility_LookupValueInTableTwoColumns(E29,F29,Table_SourceData_Scope3_Animals[Product],Table_SourceData_Scope3_Animals[Region of origin],Table_SourceData_Scope3_Animals[AusLCI Emissions intensity], 0)} -> 0 | J29: {=Scope3_Equations.VEERG_15_1_1_1__1_EmissionsFromPurchasedLivestock(G29,H29,I29)} -> 0 | K29: 0 | M29: {=Scope3_Equations.VEERG_15_1_1_1__1_EmissionsFromPurchasedLivestock(G29,K29,IF(L29, L29, I29))} -> 0
A30: APPENDICES | D30: 0 | E30: 0 | G30: 0 | H30: 0 | I30: {=Common_InputFunctions.Utility_LookupValueInTableTwoColumns(E30,F30,Table_SourceData_Scope3_Animals[Product],Table_SourceData_Scope3_Animals[Region of origin],Table_SourceData_Scope3_Animals[AusLCI Emissions intensity], 0)} -> 0 | J30: {=Scope3_Equations.VEERG_15_1_1_1__1_EmissionsFromPurchasedLivestock(G30,H30,I30)} -> 0 | K30: 0 | M30: {=Scope3_Equations.VEERG_15_1_1_1__1_EmissionsFromPurchasedLivestock(G30,K30,IF(L30, L30, I30))} -> 0
A31: =HYPERLINK("#'Constants - Scope 3'!A1", "Constants - Scope 3") -> Constants - Scope 3 | D31: 0 | E31: 0 | G31: 0 | H31: 0 | I31: {=Common_InputFunctions.Utility_LookupValueInTableTwoColumns(E31,F31,Table_SourceData_Scope3_Animals[Product],Table_SourceData_Scope3_Animals[Region of origin],Table_SourceData_Scope3_Animals[AusLCI Emissions intensity], 0)} -> 0 | J31: {=Scope3_Equations.VEERG_15_1_1_1__1_EmissionsFromPurchasedLivestock(G31,H31,I31)} -> 0 | K31: 0 | M31: {=Scope3_Equations.VEERG_15_1_1_1__1_EmissionsFromPurchasedLivestock(G31,K31,IF(L31, L31, I31))} -> 0
A32: =HYPERLINK("#'Constants - Solid Waste'!A1", "Constants - Solid Waste") -> Constants - Solid Waste | D32: 0 | E32: 0 | G32: 0 | H32: 0 | I32: {=Common_InputFunctions.Utility_LookupValueInTableTwoColumns(E32,F32,Table_SourceData_Scope3_Animals[Product],Table_SourceData_Scope3_Animals[Region of origin],Table_SourceData_Scope3_Animals[AusLCI Emissions intensity], 0)} -> 0 | J32: {=Scope3_Equations.VEERG_15_1_1_1__1_EmissionsFromPurchasedLivestock(G32,H32,I32)} -> 0 | K32: 0 | M32: {=Scope3_Equations.VEERG_15_1_1_1__1_EmissionsFromPurchasedLivestock(G32,K32,IF(L32, L32, I32))} -> 0
A33: =HYPERLINK("#'Constants - Fuel'!A1", "Constants - Fuel") -> Constants - Fuel
A34: =HYPERLINK("#'Constants - Poultry'!A1", "Constants - Poultry") -> Constants - Poultry | D34: E - Beef cattle (Method 1) | E34: =SUM(J23:J32) -> 1052.5 | F34: =$E$11 -> t CO2e
A35: =HYPERLINK("#'Constants - Swine'!A1", "Constants - Swine") -> Constants - Swine | D35: E - Beef cattle (Method 2) | E35: =SUM(M23:M32) -> 1014.5 | F35: =$E$11 -> t CO2e
A36: =HYPERLINK("#'Constants - Dairy'!A1", "Constants - Dairy") -> Constants - Dairy
A37: =HYPERLINK("#'Constants - Pasture Beef'!A1", "Constants - Pasture Beef") -> Constants - Pasture Beef
A38: =HYPERLINK("#'Constants - Common Livestock'!A1", "Constants - Common Livestock") -> Constants - Common Livestock | D38: Dairy cattle
A39: =HYPERLINK("#'Constants - Fertiliser'!A1", "Constants - Fertiliser") -> Constants - Fertiliser | D39: EFco (Method 1) | E39: {=Common_InputFunctions.Utility_LookupValueInTableNumber("Dairy cows", Table_SourceData_Scope3_Animals[Product],Table_SourceData_Scope3_Animals[AusLCI Emissions intensity])} -> 4.41
A40: =HYPERLINK("#'Constants - Electricity'!A1", "Constants - Electricity") -> Constants - Electricity
A41: =HYPERLINK("#'Constants - Common'!A1", "Constants - Common") -> Constants - Common | D41: Transaction description | E41: Nco | F41: Wco - Method 1 (kg/head) | G41: E (Method 1) | H41: Wco - Method 2 (kg/head) | I41: EFco (Method 2) | J41: E (Method 2) | K41: Method 2 EF source | L41: Method 2 EF source type (Select) | M41: Method 2 EF proof link
D42: {=IFERROR(INDEX(Table_Input_LivestockPurchases_Dairy[Transaction name], _xlfn.SEQUENCE(10)), "")} -> Dairy cows from Denise | E42: {=IFERROR(INDEX(Table_Input_LivestockPurchases_Dairy[Quantity (head)], _xlfn.SEQUENCE(10)), 0)} -> 100 | F42: {=IFERROR(INDEX(Table_Input_LivestockPurchases_Dairy[Liveweight (kg/head) Method 1], _xlfn.SEQUENCE(10)), 0)} -> 130 | G42: {=Scope3_Equations.VEERG_15_1_1_1__1_EmissionsFromPurchasedLivestock(E42,F42,$E$39)} -> 57.33 | H42: {=IFERROR(INDEX(Table_Input_LivestockPurchases_Dairy[Liveweight (kg/head) Method 2], _xlfn.SEQUENCE(10)), "")} -> 350 | I42: 4 | J42: {=Scope3_Equations.VEERG_15_1_1_1__1_EmissionsFromPurchasedLivestock(E42,H42,IF(I42,I42,$E$39))} -> 140 | K42: Denise did a full LCA | L42: Verified credential matching ISO14067 | M42: http://denisesdairy.com/LCA2024.pdf
D43: 0 | E43: 100 | F43: 540 | G43: {=Scope3_Equations.VEERG_15_1_1_1__1_EmissionsFromPurchasedLivestock(E43,F43,$E$39)} -> 238.14 | H43: 625 | J43: {=Scope3_Equations.VEERG_15_1_1_1__1_EmissionsFromPurchasedLivestock(E43,H43,IF(I43,I43,$E$39))} -> 275.625
D44: 0 | E44: 0 | F44: 315 | G44: {=Scope3_Equations.VEERG_15_1_1_1__1_EmissionsFromPurchasedLivestock(E44,F44,$E$39)} -> 0 | H44: 0 | J44: {=Scope3_Equations.VEERG_15_1_1_1__1_EmissionsFromPurchasedLivestock(E44,H44,IF(I44,I44,$E$39))} -> 0
D45: 0 | E45: 0 | F45: 0 | G45: {=Scope3_Equations.VEERG_15_1_1_1__1_EmissionsFromPurchasedLivestock(E45,F45,$E$39)} -> 0 | H45: 0 | J45: {=Scope3_Equations.VEERG_15_1_1_1__1_EmissionsFromPurchasedLivestock(E45,H45,IF(I45,I45,$E$39))} -> 0
D46: 0 | E46: 0 | F46: 0 | G46: {=Scope3_Equations.VEERG_15_1_1_1__1_EmissionsFromPurchasedLivestock(E46,F46,$E$39)} -> 0 | H46: 0 | J46: {=Scope3_Equations.VEERG_15_1_1_1__1_EmissionsFromPurchasedLivestock(E46,H46,IF(I46,I46,$E$39))} -> 0
D47: 0 | E47: 0 | F47: 0 | G47: {=Scope3_Equations.VEERG_15_1_1_1__1_EmissionsFromPurchasedLivestock(E47,F47,$E$39)} -> 0 | H47: 0 | J47: {=Scope3_Equations.VEERG_15_1_1_1__1_EmissionsFromPurchasedLivestock(E47,H47,IF(I47,I47,$E$39))} -> 0
D48: 0 | E48: 0 | F48: 0 | G48: {=Scope3_Equations.VEERG_15_1_1_1__1_EmissionsFromPurchasedLivestock(E48,F48,$E$39)} -> 0 | H48: 0 | J48: {=Scope3_Equations.VEERG_15_1_1_1__1_EmissionsFromPurchasedLivestock(E48,H48,IF(I48,I48,$E$39))} -> 0
D49: 0 | E49: 0 | F49: 0 | G49: {=Scope3_Equations.VEERG_15_1_1_1__1_EmissionsFromPurchasedLivestock(E49,F49,$E$39)} -> 0 | H49: 0 | J49: {=Scope3_Equations.VEERG_15_1_1_1__1_EmissionsFromPurchasedLivestock(E49,H49,IF(I49,I49,$E$39))} -> 0
D50: 0 | E50: 0 | F50: 0 | G50: {=Scope3_Equations.VEERG_15_1_1_1__1_EmissionsFromPurchasedLivestock(E50,F50,$E$39)} -> 0 | H50: 0 | J50: {=Scope3_Equations.VEERG_15_1_1_1__1_EmissionsFromPurchasedLivestock(E50,H50,IF(I50,I50,$E$39))} -> 0
D51: 0 | E51: 0 | F51: 0 | G51: {=Scope3_Equations.VEERG_15_1_1_1__1_EmissionsFromPurchasedLivestock(E51,F51,$E$39)} -> 0 | H51: 0 | J51: {=Scope3_Equations.VEERG_15_1_1_1__1_EmissionsFromPurchasedLivestock(E51,H51,IF(I51,I51,$E$39))} -> 0
D53: E - Dairy cattle (Method 1) | E53: =SUM(G42:G51) -> 295.47 | F53: =$E$11 -> t CO2e
D54: E - Dairy cattle (Method 2) | E54: =SUM(J42:J51) -> 415.625 | F54: =$E$11 -> t CO2e
D57: Pigs
D58: EFco (Method 1) | E58: {=Common_InputFunctions.Utility_LookupValueInTableNumber("Pigs", Table_SourceData_Scope3_Animals[Product],Table_SourceData_Scope3_Animals[AusLCI Emissions intensity])} -> 3.38
D60: Transaction description | E60: Nco | F60: Wco - Method 1 (kg/head) | G60: E (Method 1) | H60: Wco - Method 2 (kg/head) | I60: EFco (Method 2) | J60: E (Method 2) | K60: Method 2 EF source | L60: Method 2 EF source type (Select) | M60: Method 2 EF proof link
D61: {=IFERROR(INDEX(Table_Input_LivestockPurchases_Pigs[Transaction name], _xlfn.SEQUENCE(10)), "")} -> Pigs from Pam | E61: {=IFERROR(INDEX(Table_Input_LivestockPurchases_Pigs[Quantity (head)], _xlfn.SEQUENCE(10)), 0)} -> 100 | F61: {=IFERROR(INDEX(Table_Input_LivestockPurchases_Pigs[Liveweight (kg/head) Method 1], _xlfn.SEQUENCE(10)), 0)} -> 0 | G61: {=Scope3_Equations.VEERG_15_1_1_1__1_EmissionsFromPurchasedLivestock(E61,F61,$E$58)} -> 0 | H61: {=IFERROR(INDEX(Table_Input_LivestockPurchases_Pigs[Liveweight (kg/head) Method 2], _xlfn.SEQUENCE(10)), 0)} -> 180 | I61: 3.38 | J61: {=Scope3_Equations.VEERG_15_1_1_1__1_EmissionsFromPurchasedLivestock(E61,H61,IF(I61, I61,$E$58))} -> 60.84
D62: Swine from Samantha | E62: 100 | F62: 0 | G62: {=Scope3_Equations.VEERG_15_1_1_1__1_EmissionsFromPurchasedLivestock(E62,F62,$E$58)} -> 0 | H62: 38 | I62: 3.3 | J62: {=Scope3_Equations.VEERG_15_1_1_1__1_EmissionsFromPurchasedLivestock(E62,H62,IF(I62, I62,$E$58))} -> 12.54
D63: 0 | E63: 0 | F63: 0 | G63: {=Scope3_Equations.VEERG_15_1_1_1__1_EmissionsFromPurchasedLivestock(E63,F63,$E$58)} -> 0 | H63: 0 | J63: {=Scope3_Equations.VEERG_15_1_1_1__1_EmissionsFromPurchasedLivestock(E63,H63,IF(I63, I63,$E$58))} -> 0
D64: 0 | E64: 0 | F64: 0 | G64: {=Scope3_Equations.VEERG_15_1_1_1__1_EmissionsFromPurchasedLivestock(E64,F64,$E$58)} -> 0 | H64: 0 | J64: {=Scope3_Equations.VEERG_15_1_1_1__1_EmissionsFromPurchasedLivestock(E64,H64,IF(I64, I64,$E$58))} -> 0
D65: 0 | E65: 0 | F65: 0 | G65: {=Scope3_Equations.VEERG_15_1_1_1__1_EmissionsFromPurchasedLivestock(E65,F65,$E$58)} -> 0 | H65: 0 | J65: {=Scope3_Equations.VEERG_15_1_1_1__1_EmissionsFromPurchasedLivestock(E65,H65,IF(I65, I65,$E$58))} -> 0
D66: 0 | E66: 0 | F66: 0 | G66: {=Scope3_Equations.VEERG_15_1_1_1__1_EmissionsFromPurchasedLivestock(E66,F66,$E$58)} -> 0 | H66: 0 | J66: {=Scope3_Equations.VEERG_15_1_1_1__1_EmissionsFromPurchasedLivestock(E66,H66,IF(I66, I66,$E$58))} -> 0
D67: 0 | E67: 0 | F67: 0 | G67: {=Scope3_Equations.VEERG_15_1_1_1__1_EmissionsFromPurchasedLivestock(E67,F67,$E$58)} -> 0 | H67: 0 | J67: {=Scope3_Equations.VEERG_15_1_1_1__1_EmissionsFromPurchasedLivestock(E67,H67,IF(I67, I67,$E$58))} -> 0
D68: 0 | E68: 0 | F68: 0 | G68: {=Scope3_Equations.VEERG_15_1_1_1__1_EmissionsFromPurchasedLivestock(E68,F68,$E$58)} -> 0 | H68: 0 | J68: {=Scope3_Equations.VEERG_15_1_1_1__1_EmissionsFromPurchasedLivestock(E68,H68,IF(I68, I68,$E$58))} -> 0
D69: 0 | E69: 0 | F69: 0 | G69: {=Scope3_Equations.VEERG_15_1_1_1__1_EmissionsFromPurchasedLivestock(E69,F69,$E$58)} -> 0 | H69: 0 | J69: {=Scope3_Equations.VEERG_15_1_1_1__1_EmissionsFromPurchasedLivestock(E69,H69,IF(I69, I69,$E$58))} -> 0
D70: 0 | E70: 0 | F70: 0 | G70: {=Scope3_Equations.VEERG_15_1_1_1__1_EmissionsFromPurchasedLivestock(E70,F70,$E$58)} -> 0 | H70: 0 | J70: {=Scope3_Equations.VEERG_15_1_1_1__1_EmissionsFromPurchasedLivestock(E70,H70,IF(I70, I70,$E$58))} -> 0
D72: E - Pigs (Method 1) | E72: =SUM(G61:G70) -> 0 | F72: =$E$11 -> t CO2e
D73: E - Pigs (Method 2) | E73: =SUM(J61:J70) -> 73.38 | F73: =$E$11 -> t CO2e
D75: Poultry
D76: EFco (Method 1) | E76: {=Common_InputFunctions.Utility_LookupValueInTableNumber("Chickens", Table_SourceData_Scope3_Animals[Product],Table_SourceData_Scope3_Animals[AusLCI Emissions intensity])} -> 1.36
D78: Transaction description | E78: Nco | F78: Wco - Method 1 (kg/head) | G78: E (Method 1) | H78: Wco - Method 2 (kg/head) | I78: EFco (Method 2) | J78: E (Method 2) | K78: Method 2 EF source | L78: Method 2 EF source type (Select) | M78: Method 2 EF proof link
D79: {=IFERROR(INDEX(Table_Input_LivestockPurchases_Poultry[Transaction name], _xlfn.SEQUENCE(10)), "")} -> Chooks from Carolyn | E79: {=IFERROR(INDEX(Table_Input_LivestockPurchases_Poultry[Quantity (head)], _xlfn.SEQUENCE(10)), "")} -> 100 | F79: {=IFERROR(INDEX(Table_Input_LivestockPurchases_Poultry[Liveweight (kg/head) Method 1], _xlfn.SEQUENCE(10)), "")} -> 1.3 | G79: {=Scope3_Equations.VEERG_15_1_1_1__1_EmissionsFromPurchasedLivestock(E79,F79,$E$76)} -> 0.1768 | H79: {=IFERROR(INDEX(Table_Input_LivestockPurchases_Poultry[Liveweight (kg/head) Method 2], _xlfn.SEQUENCE(10)), "")} -> 1.3 | I79: 1.3 | J79: {=Scope3_Equations.VEERG_15_1_1_1__1_EmissionsFromPurchasedLivestock(E79,H79,IF(I79, I79,$E$76))} -> 0.169
D80: Roosters from Raj | E80: 100 | F80: 1.4 | G80: {=Scope3_Equations.VEERG_15_1_1_1__1_EmissionsFromPurchasedLivestock(E80,F80,$E$76)} -> 0.1904 | H80: 1.4 | J80: {=Scope3_Equations.VEERG_15_1_1_1__1_EmissionsFromPurchasedLivestock(E80,H80,IF(I80, I80,$E$76))} -> 0.1904
D81: 0 | E81: 0 | F81: 0 | G81: {=Scope3_Equations.VEERG_15_1_1_1__1_EmissionsFromPurchasedLivestock(E81,F81,$E$76)} -> 0 | H81: 0 | J81: {=Scope3_Equations.VEERG_15_1_1_1__1_EmissionsFromPurchasedLivestock(E81,H81,IF(I81, I81,$E$76))} -> 0
D82: 0 | E82: 0 | F82: 0 | G82: {=Scope3_Equations.VEERG_15_1_1_1__1_EmissionsFromPurchasedLivestock(E82,F82,$E$76)} -> 0 | H82: 0 | J82: {=Scope3_Equations.VEERG_15_1_1_1__1_EmissionsFromPurchasedLivestock(E82,H82,IF(I82, I82,$E$76))} -> 0
D83: 0 | E83: 0 | F83: 0 | G83: {=Scope3_Equations.VEERG_15_1_1_1__1_EmissionsFromPurchasedLivestock(E83,F83,$E$76)} -> 0 | H83: 0 | J83: {=Scope3_Equations.VEERG_15_1_1_1__1_EmissionsFromPurchasedLivestock(E83,H83,IF(I83, I83,$E$76))} -> 0
D84: 0 | E84: 0 | F84: 0 | G84: {=Scope3_Equations.VEERG_15_1_1_1__1_EmissionsFromPurchasedLivestock(E84,F84,$E$76)} -> 0 | H84: 0 | J84: {=Scope3_Equations.VEERG_15_1_1_1__1_EmissionsFromPurchasedLivestock(E84,H84,IF(I84, I84,$E$76))} -> 0
D85: 0 | E85: 0 | F85: 0 | G85: {=Scope3_Equations.VEERG_15_1_1_1__1_EmissionsFromPurchasedLivestock(E85,F85,$E$76)} -> 0 | H85: 0 | J85: {=Scope3_Equations.VEERG_15_1_1_1__1_EmissionsFromPurchasedLivestock(E85,H85,IF(I85, I85,$E$76))} -> 0
D86: 0 | E86: 0 | F86: 0 | G86: {=Scope3_Equations.VEERG_15_1_1_1__1_EmissionsFromPurchasedLivestock(E86,F86,$E$76)} -> 0 | H86: 0 | J86: {=Scope3_Equations.VEERG_15_1_1_1__1_EmissionsFromPurchasedLivestock(E86,H86,IF(I86, I86,$E$76))} -> 0
D87: 0 | E87: 0 | F87: 0 | G87: {=Scope3_Equations.VEERG_15_1_1_1__1_EmissionsFromPurchasedLivestock(E87,F87,$E$76)} -> 0 | H87: 0 | J87: {=Scope3_Equations.VEERG_15_1_1_1__1_EmissionsFromPurchasedLivestock(E87,H87,IF(I87, I87,$E$76))} -> 0
D88: 0 | E88: 0 | F88: 0 | G88: {=Scope3_Equations.VEERG_15_1_1_1__1_EmissionsFromPurchasedLivestock(E88,F88,$E$76)} -> 0 | H88: 0 | J88: {=Scope3_Equations.VEERG_15_1_1_1__1_EmissionsFromPurchasedLivestock(E88,H88,IF(I88, I88,$E$76))} -> 0
D90: E - Poultry (Method 1) | E90: =SUM(G79:G88) -> 0.3672 | F90: =$E$11 -> t CO2e
D91: E - Poultry (Method 2) | E91: =SUM(J79:J88) -> 0.3594 | F91: =$E$11 -> t CO2e
D93: E (Method 1) | E93: =VEERG_15_1_1_1__1_EmissionsFromPurchasedLivestock_BeefCattle_Result_Method1+VEERG_15_1_1_1__1_EmissionsFromPurchasedLivestock_DairyCattle_Result_Method1+VEERG_15_1_1_1__1_EmissionsFromPurchasedLivestock_Pigs_Result_Method1+VEERG_15_1_1_1__1_EmissionsFromPurchasedLivestock_Poultry_Result_Method1 -> 1348.3372 | F93: =$E$11 -> t CO2e
D94: E (Method 2) | E94: =VEERG_15_1_1_1__1_EmissionsFromPurchasedLivestock_BeefCattle_Result_Method2+VEERG_15_1_1_1__1_EmissionsFromPurchasedLivestock_DairyCattle_Result_Method2+VEERG_15_1_1_1__1_EmissionsFromPurchasedLivestock_Pigs_Result_Method2+VEERG_15_1_1_1__1_EmissionsFromPurchasedLivestock_Poultry_Result_Method2 -> 1503.8644 | F94: =$E$11 -> t CO2e
D98: {=Scope3_Equations.VEERG_15_2_1_1__1_EmissionsFromPurchasedFeed_Title()} -> Emissions from purchased feed
D99: {=Scope3_Equations.VEERG_15_2_1_1__1_EmissionsFromPurchasedFeed_Source()} -> VEERG 2026: 15.2.1.1, Equation (1)
D100: Function name | E100: {=Common_InputFunctions.Utility_DisplayFunctionName(G119)} -> =Scope3_Equations.VEERG_15_2_1_1__1_EmissionsFromPurchasedFeed
D103: Variable | E103: {=Scope3_Equations.VEERG_15_2_1_1__1_EmissionsFromPurchasedFeed_Variable()} -> E
D104: Unit | E104: {=Scope3_Equations.VEERG_15_2_1_1__1_EmissionsFromPurchasedFeed_Unit()} -> t CO2e
D106: {=_xlfn.CHOOSECOLS(Scope3_Equations.VEERG_15_2_1_1__1_EmissionsFromPurchasedFeed_Arguments(),1,2)} -> Q_j | E106: quantity of feed type j purchased | G106: {=_xlfn.CHOOSECOLS(Scope3_Equations.VEERG_15_2_1_1__1_EmissionsFromPurchasedFeed_Arguments(),3,4)} -> t | H106: Input
D107: EF_j | E107: emission factor of purchased feed | G107: kg CO2e/kg | H107: Constant
D108: j | E108: feed type | H108: Input
D110: Feed blends
D112: The method 1 product EF is calculated by multiplying the EF of each ingredient by the fraction of that ingredient in the product, then adding them all together.
D113: This is to allow for comparison with a method 2 product EF that might be provided by the supplier.
D114: If using an EF value from the manufacturer, make sure theirs is derived from the ingredients only to ensure a valid comparison with method 1 EF
D116: Scope 3 emissions are calculated on a maximum of 10 feed blends
D118: Blend name | E118: Qj | F118: EFj (Method 1) | G118: E (Method 1) | H118: EFj (Method 2) | I118: E (Method 2) | J118: Method 2 EF source | K118: Method 2 EF source type (Select) | L118: Method 2 EF proof link | M118: Ingredient 1 | N118: Ingredient 1 source | O118: Ingredient 1 percent | P118: Ingredient 1 EF | Q118: Ingredient 2 | R118: Ingredient 2 source | S118: Ingredient 2 percent | T118: Ingredient 2 EF | U118: Ingredient 3 | V118: Ingredient 3 source | W118: Ingredient 3 percent | X118: Ingredient 3 EF | Y118: Ingredient 4 | Z118: Ingredient 4 source | AA118: Ingredient 4 percent | AB118: Ingredient 4 EF
D119: {=IFERROR(INDEX(Table_Input_FeedBlends[Feed blend name], _xlfn.SEQUENCE(10)), "")} -> 0 | E119: {=IFERROR(INDEX(Table_Input_FeedBlends[Amount fed (kg)], _xlfn.SEQUENCE(10)), "")} -> 1200 | F119: =IFERROR((O119*P119)+(S119*T119)+(W119*X119)+(AA119*AB119), 0) -> 0.02471 | G119: {=Scope3_Equations.VEERG_15_2_1_1__1_EmissionsFromPurchasedFeed(E119,F119)} -> 29.652 | H119: 0.04 | I119: {=Scope3_Equations.VEERG_15_2_1_1__1_EmissionsFromPurchasedFeed(E119,IF(H119,H119, F119))} -> 48 | M119: {=IFERROR(INDEX(Table_Input_FeedBlends[Ingredient 1 (select)], _xlfn.SEQUENCE(10)), "")} -> Cereal silage | N119: {=IFERROR(INDEX(Table_Input_FeedBlends[Ingredient 1 source region], _xlfn.SEQUENCE(10)), "")} -> SA | O119: {=IFERROR(INDEX(Table_Input_FeedBlends[Ingredient 1 percent], _xlfn.SEQUENCE(10)), "")} -> 0.35 | P119: {=_xlfn.LET(_xlpm.result, Common_InputFunctions.Utility_LookupValueInTableTwoColumns(M119, N119, Table_SourceData_Scope3_Feed[Product], Table_SourceData_Scope3_Feed[Region of origin], Table_SourceData_Scope3_Feed[AusLCI Emissions intensity]), IF(_xlpm.result="", 0, _xlpm.result))} -> 0.0706 | Q119: {=IFERROR(INDEX(Table_Input_FeedBlends[Ingredient 2 (select)], _xlfn.SEQUENCE(10)), "")} -> Cereal hay | R119: {=IFERROR(INDEX(Table_Input_FeedBlends[Ingredient 2 source region], _xlfn.SEQUENCE(10)), "")} -> SA | S119: {=IFERROR(INDEX(Table_Input_FeedBlends[Ingredient 2 percent], _xlfn.SEQUENCE(10)), "")} -> 0.22 | T119: {=_xlfn.LET(_xlpm.result, Common_InputFunctions.Utility_LookupValueInTableTwoColumns(Q119, _xlfn.IFS(Q119="Urea", IF(#REF!="", "Global",#REF!), Q119="Ammonia", IF(#REF!="", "Global",#REF!), TRUE, "Global"), Table_SourceData_Scope3_InorganicFertiliser[Chemical compound],Table_SourceData_Scope3_InorganicFertiliser[Region of origin],Table_SourceData_Scope3_InorganicFertiliser[AusLCI Emissions intensity]), IF(_xlpm.result="", 0, _xlpm.result))} -> 0 | U119: {=IFERROR(INDEX(Table_Input_FeedBlends[Ingredient 3 (select)], _xlfn.SEQUENCE(10)), "")} -> Canola oil | V119: {=IFERROR(INDEX(Table_Input_FeedBlends[Ingredient 3 source region], _xlfn.SEQUENCE(10)), "")} -> Australia | W119: {=IFERROR(INDEX(Table_Input_FeedBlends[Ingredient 3 percent], _xlfn.SEQUENCE(10)), "")} -> 0.12 | X119: {=_xlfn.LET(_xlpm.result, Common_InputFunctions.Utility_LookupValueInTableTwoColumns(U119, _xlfn.IFS(U119="Urea", IF(#REF!="", "Global",#REF!), U119="Ammonia", IF(#REF!="", "Global",#REF!), TRUE, "Global"), Table_SourceData_Scope3_InorganicFertiliser[Chemical compound],Table_SourceData_Scope3_InorganicFertiliser[Region of origin],Table_SourceData_Scope3_InorganicFertiliser[AusLCI Emissions intensity]), IF(_xlpm.result="", 0, _xlpm.result))} -> 0 | Y119: {=IFERROR(INDEX(Table_Input_FeedBlends[Ingredient 4 (select)], _xlfn.SEQUENCE(10)), "")} -> Molasses | Z119: {=IFERROR(INDEX(Table_Input_FeedBlends[Ingredient 4 source region], _xlfn.SEQUENCE(10)), "")} -> QLD | AA119: {=IFERROR(INDEX(Table_Input_FeedBlends[Ingredient 4 percent], _xlfn.SEQUENCE(10)), "")} -> 0.05 | AB119: {=_xlfn.LET(_xlpm.result, Common_InputFunctions.Utility_LookupValueInTableTwoColumns(Y119, _xlfn.IFS(Y119="Urea", IF(#REF!="", "Global",#REF!), Y119="Ammonia", IF(#REF!="", "Global",#REF!), TRUE, "Global"), Table_SourceData_Scope3_InorganicFertiliser[Chemical compound],Table_SourceData_Scope3_InorganicFertiliser[Region of origin],Table_SourceData_Scope3_InorganicFertiliser[AusLCI Emissions intensity]), IF(_xlpm.result="", 0, _xlpm.result))} -> 0
D120: 0 | E120: 3456 | F120: =IFERROR((O120*P120)+(S120*T120)+(W120*X120)+(AA120*AB120), 0) -> 0 | G120: {=Scope3_Equations.VEERG_15_2_1_1__1_EmissionsFromPurchasedFeed(E120,F120)} -> 0 | H120: 0.03 | I120: {=Scope3_Equations.VEERG_15_2_1_1__1_EmissionsFromPurchasedFeed(E120,IF(H120,H120, F120))} -> 103.68 | M120: Lucerne hay | N120: WA | O120: 0.2 | P120: {=_xlfn.LET(_xlpm.result, Common_InputFunctions.Utility_LookupValueInTableTwoColumns(M120, N120, Table_SourceData_Scope3_Feed[Product], Table_SourceData_Scope3_Feed[Region of origin], Table_SourceData_Scope3_Feed[AusLCI Emissions intensity]), IF(_xlpm.result="", 0, _xlpm.result))} -> 0 | Q120: Lucerne hay | R120: NSW | S120: 0.2 | T120: {=_xlfn.LET(_xlpm.result, Common_InputFunctions.Utility_LookupValueInTableTwoColumns(Q120, _xlfn.IFS(Q120="Urea", IF(#REF!="", "Global",#REF!), Q120="Ammonia", IF(#REF!="", "Global",#REF!), TRUE, "Global"), Table_SourceData_Scope3_InorganicFertiliser[Chemical compound],Table_SourceData_Scope3_InorganicFertiliser[Region of origin],Table_SourceData_Scope3_InorganicFertiliser[AusLCI Emissions intensity]), IF(_xlpm.result="", 0, _xlpm.result))} -> 0 | U120: 0 | V120: 0 | W120: 0 | X120: {=_xlfn.LET(_xlpm.result, Common_InputFunctions.Utility_LookupValueInTableTwoColumns(U120, _xlfn.IFS(U120="Urea", IF(#REF!="", "Global",#REF!), U120="Ammonia", IF(#REF!="", "Global",#REF!), TRUE, "Global"), Table_SourceData_Scope3_InorganicFertiliser[Chemical compound],Table_SourceData_Scope3_InorganicFertiliser[Region of origin],Table_SourceData_Scope3_InorganicFertiliser[AusLCI Emissions intensity]), IF(_xlpm.result="", 0, _xlpm.result))} -> 0 | Y120: 0 | Z120: 0 | AA120: 0 | AB120: {=_xlfn.LET(_xlpm.result, Common_InputFunctions.Utility_LookupValueInTableTwoColumns(Y120, _xlfn.IFS(Y120="Urea", IF(#REF!="", "Global",#REF!), Y120="Ammonia", IF(#REF!="", "Global",#REF!), TRUE, "Global"), Table_SourceData_Scope3_InorganicFertiliser[Chemical compound],Table_SourceData_Scope3_InorganicFertiliser[Region of origin],Table_SourceData_Scope3_InorganicFertiliser[AusLCI Emissions intensity]), IF(_xlpm.result="", 0, _xlpm.result))} -> 0
D121: Hay bales in paddock | E121: 300 | F121: =IFERROR((O121*P121)+(S121*T121)+(W121*X121)+(AA121*AB121), 0) -> 0 | G121: {=Scope3_Equations.VEERG_15_2_1_1__1_EmissionsFromPurchasedFeed(E121,F121)} -> 0 | H121: 0.14 | I121: {=Scope3_Equations.VEERG_15_2_1_1__1_EmissionsFromPurchasedFeed(E121,IF(H121,H121, F121))} -> 42 | M121: Sardines (whole) | N121: VIC | O121: 0.8 | P121: {=_xlfn.LET(_xlpm.result, Common_InputFunctions.Utility_LookupValueInTableTwoColumns(M121, N121, Table_SourceData_Scope3_Feed[Product], Table_SourceData_Scope3_Feed[Region of origin], Table_SourceData_Scope3_Feed[AusLCI Emissions intensity]), IF(_xlpm.result="", 0, _xlpm.result))} -> 0 | Q121: Soybean meal | R121: Brazil | S121: 0.2 | T121: {=_xlfn.LET(_xlpm.result, Common_InputFunctions.Utility_LookupValueInTableTwoColumns(Q121, _xlfn.IFS(Q121="Urea", IF(#REF!="", "Global",#REF!), Q121="Ammonia", IF(#REF!="", "Global",#REF!), TRUE, "Global"), Table_SourceData_Scope3_InorganicFertiliser[Chemical compound],Table_SourceData_Scope3_InorganicFertiliser[Region of origin],Table_SourceData_Scope3_InorganicFertiliser[AusLCI Emissions intensity]), IF(_xlpm.result="", 0, _xlpm.result))} -> 0 | U121: 0 | V121: 0 | W121: 0 | X121: {=_xlfn.LET(_xlpm.result, Common_InputFunctions.Utility_LookupValueInTableTwoColumns(U121, _xlfn.IFS(U121="Urea", IF(#REF!="", "Global",#REF!), U121="Ammonia", IF(#REF!="", "Global",#REF!), TRUE, "Global"), Table_SourceData_Scope3_InorganicFertiliser[Chemical compound],Table_SourceData_Scope3_InorganicFertiliser[Region of origin],Table_SourceData_Scope3_InorganicFertiliser[AusLCI Emissions intensity]), IF(_xlpm.result="", 0, _xlpm.result))} -> 0 | Y121: 0 | Z121: 0 | AA121: 0 | AB121: {=_xlfn.LET(_xlpm.result, Common_InputFunctions.Utility_LookupValueInTableTwoColumns(Y121, _xlfn.IFS(Y121="Urea", IF(#REF!="", "Global",#REF!), Y121="Ammonia", IF(#REF!="", "Global",#REF!), TRUE, "Global"), Table_SourceData_Scope3_InorganicFertiliser[Chemical compound],Table_SourceData_Scope3_InorganicFertiliser[Region of origin],Table_SourceData_Scope3_InorganicFertiliser[AusLCI Emissions intensity]), IF(_xlpm.result="", 0, _xlpm.result))} -> 0
...

Sheet 10.1.1-2 Solid waste treatment
A1: #VALUE! | C1: 10.1.1-2 Solid waste treatment
A3: =HYPERLINK("#'Overview'!A1", "Overview") -> Overview | D3: Method 1
A4: =HYPERLINK("#'Results'!A1", "Results") -> Results
D5: {=WasteSolid_Equations.VEERG_10_1_1_1__2_MassOfWasteFromVolume_Title()} -> Mass of waste from waste volume
D6: {=WasteSolid_Equations.VEERG_10_1_1_1__2_MassOfWasteFromVolume_Source()} -> VEERG 2026: 10.1.1.1, Equation (2)
A7: INPUTS | D7: Function name | E7: {=Common_InputFunctions.Utility_DisplayFunctionName(I21)} -> =WasteSolid_Equations.VEERG_10_1_1_1__2_MassOfWasteFromVolume
A8: =HYPERLINK("#'Input - Site'!A1", "Site") -> Site
A9: =HYPERLINK("#'Input - Fuel'!A1", "Fuel") -> Fuel
A10: =HYPERLINK("#'Input - Fertiliser'!A1", "Fertiliser") -> Fertiliser | D10: Variable | E10: {=WasteSolid_Equations.VEERG_10_1_1_1__2_MassOfWasteFromVolume_Variable()} -> Q_wt
A11: =HYPERLINK("#'Input - Farm Inputs'!A1", "Farm Inputs") -> Farm Inputs | D11: Unit | E11: {=WasteSolid_Equations.VEERG_10_1_1_1__2_MassOfWasteFromVolume_Unit()} -> t
A12: =HYPERLINK("#'Input - Beef cattle purchases'!A1", "Beef cattle purchases") -> Beef cattle purchases
A13: =HYPERLINK("#'Input - Dairy cattle purchases'!A1", "Dairy cattle purchases") -> Dairy cattle purchases | D13: {=_xlfn.CHOOSECOLS(WasteSolid_Equations.VEERG_10_1_1_1__2_MassOfWasteFromVolume_Arguments(),1,2)} -> V_wt | E13: volume of solid waste type w being sent to treatment facility t | G13: {=_xlfn.CHOOSECOLS(WasteSolid_Equations.VEERG_10_1_1_1__2_MassOfWasteFromVolume_Arguments(),3,4)} -> m3 | H13: Input | I13: {=HYPERLINK(Common_InputFunctions.Utility_SourceHyperlink($D$18),$D$18)} -> Table_V_w_t_onsite | J13: {=HYPERLINK(Common_InputFunctions.Utility_SourceHyperlink($D$56),$D$56)} -> Table_V_w_t_offsite
A14: =HYPERLINK("#'Input - Pig purchases'!A1", "Pig purchases") -> Pig purchases | D14: VTM_w | E14: conversion factor of volume to mass for waste type w | G14: t/m3 | H14: Constant | I14: {=HYPERLINK(Common_InputFunctions.Utility_SourceHyperlink($D$18),$D$18)} -> Table_V_w_t_onsite | J14: {=HYPERLINK(Common_InputFunctions.Utility_SourceHyperlink($D$56),$D$56)} -> Table_V_w_t_offsite
A15: =HYPERLINK("#'Input - Poultry purchases'!A1", "Poultry purchases") -> Poultry purchases | D15: w | E15: waste type | H15: Input | I15: {=HYPERLINK(Common_InputFunctions.Utility_SourceHyperlink($D$18),$D$18)} -> Table_V_w_t_onsite | J15: {=HYPERLINK(Common_InputFunctions.Utility_SourceHyperlink($D$56),$D$56)} -> Table_V_w_t_offsite
A16: =HYPERLINK("#'Input - Freight'!A1", "Freight") -> Freight | D16: t | E16: treatment facility | H16: Input | I16: {=HYPERLINK(Common_InputFunctions.Utility_SourceHyperlink($D$18),$D$18)} -> Table_V_w_t_onsite | J16: {=HYPERLINK(Common_InputFunctions.Utility_SourceHyperlink($D$56),$D$56)} -> Table_V_w_t_offsite
A17: =HYPERLINK("#'Input - Solid waste'!A1", "Solid waste") -> Solid waste
A18: =HYPERLINK("#'Input - Manure sent off-site'!A1", "Manure sent off-site") -> Manure sent off-site | D18: Table_V_w_t_onsite
A19: =HYPERLINK("#'Input - Electricity'!A1", "Electricity") -> Electricity | D19: Volume of solid waste treated on-site (scope 1)
D20: Treatment | E20: Waste type | G20: Vwt | H20: VTMw | I20: Qwt
D21: {=Table_SourceData_WasteSolid_WasteTreatmentEFs[Treatment type t]} -> Landfill | E21: {=Table_SourceData_WasteSolid_WasteTreatmentEFs[Waste type w]} -> Food waste (including animal carcasses, spoiled animal feed or crop) | G21: {=WasteSolid_InputFunctions.WasteSolid_InputFunctions_SumWasteTreatment(Table_Input_SolidWaste[Treatment type (select)],Table_Input_SolidWaste[Waste type (select)],Table_Input_SolidWaste[Treatment location (select)],Table_Input_SolidWaste[Amount unit (select)],Table_Input_SolidWaste[Amount],D21,E21, "Treated on-site", "cubic metres m3")} -> 50 | H21: {=Common_InputFunctions.Utility_LookupValueInTableNumber(E21,Table_SourceData_WasteSolid_VolumeToMassConversion[Waste type w],Table_SourceData_WasteSolid_VolumeToMassConversion[VTMw])} -> 0.5 | I21: {=WasteSolid_Equations.VEERG_10_1_1_1__2_MassOfWasteFromVolume(G21,H21)} -> 25
A22: CALCULATIONS | D22: Landfill | E22: Paper and cardboard | G22: {=WasteSolid_InputFunctions.WasteSolid_InputFunctions_SumWasteTreatment(Table_Input_SolidWaste[Treatment type (select)],Table_Input_SolidWaste[Waste type (select)],Table_Input_SolidWaste[Treatment location (select)],Table_Input_SolidWaste[Amount unit (select)],Table_Input_SolidWaste[Amount],D22,E22, "Treated on-site", "cubic metres m3")} -> 50 | H22: {=Common_InputFunctions.Utility_LookupValueInTableNumber(E22,Table_SourceData_WasteSolid_VolumeToMassConversion[Waste type w],Table_SourceData_WasteSolid_VolumeToMassConversion[VTMw])} -> 0.09 | I22: {=WasteSolid_Equations.VEERG_10_1_1_1__2_MassOfWasteFromVolume(G22,H22)} -> 4.5
A23: =HYPERLINK("#'15 Scope 3'!A1", "15 Scope 3") -> 15 Scope 3 | D23: Landfill | E23: Green waste (including crop residues or prunings) | G23: {=WasteSolid_InputFunctions.WasteSolid_InputFunctions_SumWasteTreatment(Table_Input_SolidWaste[Treatment type (select)],Table_Input_SolidWaste[Waste type (select)],Table_Input_SolidWaste[Treatment location (select)],Table_Input_SolidWaste[Amount unit (select)],Table_Input_SolidWaste[Amount],D23,E23, "Treated on-site", "cubic metres m3")} -> 50 | H23: {=Common_InputFunctions.Utility_LookupValueInTableNumber(E23,Table_SourceData_WasteSolid_VolumeToMassConversion[Waste type w],Table_SourceData_WasteSolid_VolumeToMassConversion[VTMw])} -> 0.24 | I23: {=WasteSolid_Equations.VEERG_10_1_1_1__2_MassOfWasteFromVolume(G23,H23)} -> 12
A24: =HYPERLINK("#'10.1.1-2 Solid waste treatment'!A1", "10.1.1-2 Solid waste treatment") -> 10.1.1-2 Solid waste treatment | D24: Landfill | E24: Wood | G24: {=WasteSolid_InputFunctions.WasteSolid_InputFunctions_SumWasteTreatment(Table_Input_SolidWaste[Treatment type (select)],Table_Input_SolidWaste[Waste type (select)],Table_Input_SolidWaste[Treatment location (select)],Table_Input_SolidWaste[Amount unit (select)],Table_Input_SolidWaste[Amount],D24,E24, "Treated on-site", "cubic metres m3")} -> 0 | H24: {=Common_InputFunctions.Utility_LookupValueInTableNumber(E24,Table_SourceData_WasteSolid_VolumeToMassConversion[Waste type w],Table_SourceData_WasteSolid_VolumeToMassConversion[VTMw])} -> 0.15 | I24: {=WasteSolid_Equations.VEERG_10_1_1_1__2_MassOfWasteFromVolume(G24,H24)} -> 0
A25: =HYPERLINK("#'Calcs - Manure sent off-site'!A1", "Calcs - Manure sent off-site") -> Calcs - Manure sent off-site | D25: Landfill | E25: Textiles | G25: {=WasteSolid_InputFunctions.WasteSolid_InputFunctions_SumWasteTreatment(Table_Input_SolidWaste[Treatment type (select)],Table_Input_SolidWaste[Waste type (select)],Table_Input_SolidWaste[Treatment location (select)],Table_Input_SolidWaste[Amount unit (select)],Table_Input_SolidWaste[Amount],D25,E25, "Treated on-site", "cubic metres m3")} -> 0 | H25: {=Common_InputFunctions.Utility_LookupValueInTableNumber(E25,Table_SourceData_WasteSolid_VolumeToMassConversion[Waste type w],Table_SourceData_WasteSolid_VolumeToMassConversion[VTMw])} -> 0.14 | I25: {=WasteSolid_Equations.VEERG_10_1_1_1__2_MassOfWasteFromVolume(G25,H25)} -> 0
A26: =HYPERLINK("#'8.1.1.1-2 Transport fuel'!A1", "8.1.1.1-2 Transport fuel") -> 8.1.1.1-2 Transport fuel | D26: Landfill | E26: Sludge | G26: {=WasteSolid_InputFunctions.WasteSolid_InputFunctions_SumWasteTreatment(Table_Input_SolidWaste[Treatment type (select)],Table_Input_SolidWaste[Waste type (select)],Table_Input_SolidWaste[Treatment location (select)],Table_Input_SolidWaste[Amount unit (select)],Table_Input_SolidWaste[Amount],D26,E26, "Treated on-site", "cubic metres m3")} -> 0 | H26: {=Common_InputFunctions.Utility_LookupValueInTableNumber(E26,Table_SourceData_WasteSolid_VolumeToMassConversion[Waste type w],Table_SourceData_WasteSolid_VolumeToMassConversion[VTMw])} -> 0.72 | I26: {=WasteSolid_Equations.VEERG_10_1_1_1__2_MassOfWasteFromVolume(G26,H26)} -> 0
A27: =HYPERLINK("#'8.2.1.1-2 Stationary fuel'!A1", "8.2.1.1-2 Stationary fuel") -> 8.2.1.1-2 Stationary fuel | D27: Landfill | E27: Rubber and leather | G27: {=WasteSolid_InputFunctions.WasteSolid_InputFunctions_SumWasteTreatment(Table_Input_SolidWaste[Treatment type (select)],Table_Input_SolidWaste[Waste type (select)],Table_Input_SolidWaste[Treatment location (select)],Table_Input_SolidWaste[Amount unit (select)],Table_Input_SolidWaste[Amount],D27,E27, "Treated on-site", "cubic metres m3")} -> 0 | H27: {=Common_InputFunctions.Utility_LookupValueInTableNumber(E27,Table_SourceData_WasteSolid_VolumeToMassConversion[Waste type w],Table_SourceData_WasteSolid_VolumeToMassConversion[VTMw])} -> 0.14 | I27: {=WasteSolid_Equations.VEERG_10_1_1_1__2_MassOfWasteFromVolume(G27,H27)} -> 0
D28: Landfill | E28: Inert waste (including concrete, metal, plastic or glass) | G28: {=WasteSolid_InputFunctions.WasteSolid_InputFunctions_SumWasteTreatment(Table_Input_SolidWaste[Treatment type (select)],Table_Input_SolidWaste[Waste type (select)],Table_Input_SolidWaste[Treatment location (select)],Table_Input_SolidWaste[Amount unit (select)],Table_Input_SolidWaste[Amount],D28,E28, "Treated on-site", "cubic metres m3")} -> 0 | H28: {=Common_InputFunctions.Utility_LookupValueInTableNumber(E28,Table_SourceData_WasteSolid_VolumeToMassConversion[Waste type w],Table_SourceData_WasteSolid_VolumeToMassConversion[VTMw])} -> 0.42 | I28: {=WasteSolid_Equations.VEERG_10_1_1_1__2_MassOfWasteFromVolume(G28,H28)} -> 0
D29: Landfill | E29: Municipal solid waste | G29: {=WasteSolid_InputFunctions.WasteSolid_InputFunctions_SumWasteTreatment(Table_Input_SolidWaste[Treatment type (select)],Table_Input_SolidWaste[Waste type (select)],Table_Input_SolidWaste[Treatment location (select)],Table_Input_SolidWaste[Amount unit (select)],Table_Input_SolidWaste[Amount],D29,E29, "Treated on-site", "cubic metres m3")} -> 0 | H29: {=Common_InputFunctions.Utility_LookupValueInTableNumber(E29,Table_SourceData_WasteSolid_VolumeToMassConversion[Waste type w],Table_SourceData_WasteSolid_VolumeToMassConversion[VTMw])} -> 0.36 | I29: {=WasteSolid_Equations.VEERG_10_1_1_1__2_MassOfWasteFromVolume(G29,H29)} -> 0
A30: APPENDICES | D30: Landfill | E30: Commercial and industrial waste | G30: {=WasteSolid_InputFunctions.WasteSolid_InputFunctions_SumWasteTreatment(Table_Input_SolidWaste[Treatment type (select)],Table_Input_SolidWaste[Waste type (select)],Table_Input_SolidWaste[Treatment location (select)],Table_Input_SolidWaste[Amount unit (select)],Table_Input_SolidWaste[Amount],D30,E30, "Treated on-site", "cubic metres m3")} -> 0 | H30: {=Common_InputFunctions.Utility_LookupValueInTableNumber(E30,Table_SourceData_WasteSolid_VolumeToMassConversion[Waste type w],Table_SourceData_WasteSolid_VolumeToMassConversion[VTMw])} -> 0.33 | I30: {=WasteSolid_Equations.VEERG_10_1_1_1__2_MassOfWasteFromVolume(G30,H30)} -> 0
A31: =HYPERLINK("#'Constants - Scope 3'!A1", "Constants - Scope 3") -> Constants - Scope 3 | D31: Landfill | E31: Construction and demolition waste | G31: {=WasteSolid_InputFunctions.WasteSolid_InputFunctions_SumWasteTreatment(Table_Input_SolidWaste[Treatment type (select)],Table_Input_SolidWaste[Waste type (select)],Table_Input_SolidWaste[Treatment location (select)],Table_Input_SolidWaste[Amount unit (select)],Table_Input_SolidWaste[Amount],D31,E31, "Treated on-site", "cubic metres m3")} -> 0 | H31: {=Common_InputFunctions.Utility_LookupValueInTableNumber(E31,Table_SourceData_WasteSolid_VolumeToMassConversion[Waste type w],Table_SourceData_WasteSolid_VolumeToMassConversion[VTMw])} -> 0.39 | I31: {=WasteSolid_Equations.VEERG_10_1_1_1__2_MassOfWasteFromVolume(G31,H31)} -> 0
A32: =HYPERLINK("#'Constants - Solid Waste'!A1", "Constants - Solid Waste") -> Constants - Solid Waste | D32: Incineration | E32: Food waste, green waste, wood, sludge | G32: Not used | H32: Not used | I32: Not used
A33: =HYPERLINK("#'Constants - Fuel'!A1", "Constants - Fuel") -> Constants - Fuel | D33: Incineration | E33: Food waste (including animal carcasses, spoiled animal feed or crop) | G33: {=WasteSolid_InputFunctions.WasteSolid_InputFunctions_SumWasteTreatment(Table_Input_SolidWaste[Treatment type (select)],Table_Input_SolidWaste[Waste type (select)],Table_Input_SolidWaste[Treatment location (select)],Table_Input_SolidWaste[Amount unit (select)],Table_Input_SolidWaste[Amount],D33,E33, "Treated on-site", "cubic metres m3")} -> 0 | H33: {=Common_InputFunctions.Utility_LookupValueInTableNumber(E33,Table_SourceData_WasteSolid_VolumeToMassConversion[Waste type w],Table_SourceData_WasteSolid_VolumeToMassConversion[VTMw])} -> 0.5 | I33: {=WasteSolid_Equations.VEERG_10_1_1_1__2_MassOfWasteFromVolume(G33,H33)} -> 0
A34: =HYPERLINK("#'Constants - Poultry'!A1", "Constants - Poultry") -> Constants - Poultry | D34: Incineration | E34: Green waste (including crop residues or prunings) | G34: {=WasteSolid_InputFunctions.WasteSolid_InputFunctions_SumWasteTreatment(Table_Input_SolidWaste[Treatment type (select)],Table_Input_SolidWaste[Waste type (select)],Table_Input_SolidWaste[Treatment location (select)],Table_Input_SolidWaste[Amount unit (select)],Table_Input_SolidWaste[Amount],D34,E34, "Treated on-site", "cubic metres m3")} -> 100 | H34: {=Common_InputFunctions.Utility_LookupValueInTableNumber(E34,Table_SourceData_WasteSolid_VolumeToMassConversion[Waste type w],Table_SourceData_WasteSolid_VolumeToMassConversion[VTMw])} -> 0.24 | I34: {=WasteSolid_Equations.VEERG_10_1_1_1__2_MassOfWasteFromVolume(G34,H34)} -> 24
A35: =HYPERLINK("#'Constants - Swine'!A1", "Constants - Swine") -> Constants - Swine | D35: Incineration | E35: Wood | G35: {=WasteSolid_InputFunctions.WasteSolid_InputFunctions_SumWasteTreatment(Table_Input_SolidWaste[Treatment type (select)],Table_Input_SolidWaste[Waste type (select)],Table_Input_SolidWaste[Treatment location (select)],Table_Input_SolidWaste[Amount unit (select)],Table_Input_SolidWaste[Amount],D35,E35, "Treated on-site", "cubic metres m3")} -> 0 | H35: {=Common_InputFunctions.Utility_LookupValueInTableNumber(E35,Table_SourceData_WasteSolid_VolumeToMassConversion[Waste type w],Table_SourceData_WasteSolid_VolumeToMassConversion[VTMw])} -> 0.15 | I35: {=WasteSolid_Equations.VEERG_10_1_1_1__2_MassOfWasteFromVolume(G35,H35)} -> 0
A36: =HYPERLINK("#'Constants - Dairy'!A1", "Constants - Dairy") -> Constants - Dairy | D36: Incineration | E36: Sludge | G36: {=WasteSolid_InputFunctions.WasteSolid_InputFunctions_SumWasteTreatment(Table_Input_SolidWaste[Treatment type (select)],Table_Input_SolidWaste[Waste type (select)],Table_Input_SolidWaste[Treatment location (select)],Table_Input_SolidWaste[Amount unit (select)],Table_Input_SolidWaste[Amount],D36,E36, "Treated on-site", "cubic metres m3")} -> 0 | H36: {=Common_InputFunctions.Utility_LookupValueInTableNumber(E36,Table_SourceData_WasteSolid_VolumeToMassConversion[Waste type w],Table_SourceData_WasteSolid_VolumeToMassConversion[VTMw])} -> 0.72 | I36: {=WasteSolid_Equations.VEERG_10_1_1_1__2_MassOfWasteFromVolume(G36,H36)} -> 0
A37: =HYPERLINK("#'Constants - Pasture Beef'!A1", "Constants - Pasture Beef") -> Constants - Pasture Beef | D37: Incineration | E37: Paper and cardboard | G37: {=WasteSolid_InputFunctions.WasteSolid_InputFunctions_SumWasteTreatment(Table_Input_SolidWaste[Treatment type (select)],Table_Input_SolidWaste[Waste type (select)],Table_Input_SolidWaste[Treatment location (select)],Table_Input_SolidWaste[Amount unit (select)],Table_Input_SolidWaste[Amount],D37,E37, "Treated on-site", "cubic metres m3")} -> 50 | H37: {=Common_InputFunctions.Utility_LookupValueInTableNumber(E37,Table_SourceData_WasteSolid_VolumeToMassConversion[Waste type w],Table_SourceData_WasteSolid_VolumeToMassConversion[VTMw])} -> 0.09 | I37: {=WasteSolid_Equations.VEERG_10_1_1_1__2_MassOfWasteFromVolume(G37,H37)} -> 4.5
A38: =HYPERLINK("#'Constants - Common Livestock'!A1", "Constants - Common Livestock") -> Constants - Common Livestock | D38: Incineration | E38: Textiles | G38: {=WasteSolid_InputFunctions.WasteSolid_InputFunctions_SumWasteTreatment(Table_Input_SolidWaste[Treatment type (select)],Table_Input_SolidWaste[Waste type (select)],Table_Input_SolidWaste[Treatment location (select)],Table_Input_SolidWaste[Amount unit (select)],Table_Input_SolidWaste[Amount],D38,E38, "Treated on-site", "cubic metres m3")} -> 0 | H38: {=Common_InputFunctions.Utility_LookupValueInTableNumber(E38,Table_SourceData_WasteSolid_VolumeToMassConversion[Waste type w],Table_SourceData_WasteSolid_VolumeToMassConversion[VTMw])} -> 0.14 | I38: {=WasteSolid_Equations.VEERG_10_1_1_1__2_MassOfWasteFromVolume(G38,H38)} -> 0
A39: =HYPERLINK("#'Constants - Fertiliser'!A1", "Constants - Fertiliser") -> Constants - Fertiliser | D39: Incineration | E39: Rubber and leather | G39: {=WasteSolid_InputFunctions.WasteSolid_InputFunctions_SumWasteTreatment(Table_Input_SolidWaste[Treatment type (select)],Table_Input_SolidWaste[Waste type (select)],Table_Input_SolidWaste[Treatment location (select)],Table_Input_SolidWaste[Amount unit (select)],Table_Input_SolidWaste[Amount],D39,E39, "Treated on-site", "cubic metres m3")} -> 0 | H39: {=Common_InputFunctions.Utility_LookupValueInTableNumber(E39,Table_SourceData_WasteSolid_VolumeToMassConversion[Waste type w],Table_SourceData_WasteSolid_VolumeToMassConversion[VTMw])} -> 0.14 | I39: {=WasteSolid_Equations.VEERG_10_1_1_1__2_MassOfWasteFromVolume(G39,H39)} -> 0
A40: =HYPERLINK("#'Constants - Electricity'!A1", "Constants - Electricity") -> Constants - Electricity | D40: Incineration | E40: Inert waste (including concrete, metal, plastic or glass) | G40: {=WasteSolid_InputFunctions.WasteSolid_InputFunctions_SumWasteTreatment(Table_Input_SolidWaste[Treatment type (select)],Table_Input_SolidWaste[Waste type (select)],Table_Input_SolidWaste[Treatment location (select)],Table_Input_SolidWaste[Amount unit (select)],Table_Input_SolidWaste[Amount],D40,E40, "Treated on-site", "cubic metres m3")} -> 0 | H40: {=Common_InputFunctions.Utility_LookupValueInTableNumber(E40,Table_SourceData_WasteSolid_VolumeToMassConversion[Waste type w],Table_SourceData_WasteSolid_VolumeToMassConversion[VTMw])} -> 0.42 | I40: {=WasteSolid_Equations.VEERG_10_1_1_1__2_MassOfWasteFromVolume(G40,H40)} -> 0
A41: =HYPERLINK("#'Constants - Common'!A1", "Constants - Common") -> Constants - Common | D41: Incineration | E41: Municipal solid waste | G41: {=WasteSolid_InputFunctions.WasteSolid_InputFunctions_SumWasteTreatment(Table_Input_SolidWaste[Treatment type (select)],Table_Input_SolidWaste[Waste type (select)],Table_Input_SolidWaste[Treatment location (select)],Table_Input_SolidWaste[Amount unit (select)],Table_Input_SolidWaste[Amount],D41,E41, "Treated on-site", "cubic metres m3")} -> 0 | H41: {=Common_InputFunctions.Utility_LookupValueInTableNumber(E41,Table_SourceData_WasteSolid_VolumeToMassConversion[Waste type w],Table_SourceData_WasteSolid_VolumeToMassConversion[VTMw])} -> 0.36 | I41: {=WasteSolid_Equations.VEERG_10_1_1_1__2_MassOfWasteFromVolume(G41,H41)} -> 0
D42: Incineration | E42: Commercial and industrial waste | G42: {=WasteSolid_InputFunctions.WasteSolid_InputFunctions_SumWasteTreatment(Table_Input_SolidWaste[Treatment type (select)],Table_Input_SolidWaste[Waste type (select)],Table_Input_SolidWaste[Treatment location (select)],Table_Input_SolidWaste[Amount unit (select)],Table_Input_SolidWaste[Amount],D42,E42, "Treated on-site", "cubic metres m3")} -> 0 | H42: {=Common_InputFunctions.Utility_LookupValueInTableNumber(E42,Table_SourceData_WasteSolid_VolumeToMassConversion[Waste type w],Table_SourceData_WasteSolid_VolumeToMassConversion[VTMw])} -> 0.33 | I42: {=WasteSolid_Equations.VEERG_10_1_1_1__2_MassOfWasteFromVolume(G42,H42)} -> 0
D43: Composting | E43: All organic waste | G43: Not used | H43: Not used | I43: Not used
D44: Composting | E44: Food waste (including animal carcasses, spoiled animal feed or crop) | G44: {=WasteSolid_InputFunctions.WasteSolid_InputFunctions_SumWasteTreatment(Table_Input_SolidWaste[Treatment type (select)],Table_Input_SolidWaste[Waste type (select)],Table_Input_SolidWaste[Treatment location (select)],Table_Input_SolidWaste[Amount unit (select)],Table_Input_SolidWaste[Amount],D44,E44, "Treated on-site", "cubic metres m3")} -> 50 | H44: {=Common_InputFunctions.Utility_LookupValueInTableNumber(E44,Table_SourceData_WasteSolid_VolumeToMassConversion[Waste type w],Table_SourceData_WasteSolid_VolumeToMassConversion[VTMw])} -> 0.5 | I44: {=WasteSolid_Equations.VEERG_10_1_1_1__2_MassOfWasteFromVolume(G44,H44)} -> 25
D45: Composting | E45: Green waste (including crop residues or prunings) | G45: {=WasteSolid_InputFunctions.WasteSolid_InputFunctions_SumWasteTreatment(Table_Input_SolidWaste[Treatment type (select)],Table_Input_SolidWaste[Waste type (select)],Table_Input_SolidWaste[Treatment location (select)],Table_Input_SolidWaste[Amount unit (select)],Table_Input_SolidWaste[Amount],D45,E45, "Treated on-site", "cubic metres m3")} -> 0 | H45: {=Common_InputFunctions.Utility_LookupValueInTableNumber(E45,Table_SourceData_WasteSolid_VolumeToMassConversion[Waste type w],Table_SourceData_WasteSolid_VolumeToMassConversion[VTMw])} -> 0.24 | I45: {=WasteSolid_Equations.VEERG_10_1_1_1__2_MassOfWasteFromVolume(G45,H45)} -> 0
