Workbook
Name Common_Equations.Common_ConvertCH4ToCO2e: _xlfn.LAMBDA(_xlpm.E_CH4,_xlpm.GWP_CH4, _xlpm.E_CH4 * _xlpm.GWP_CH4)
Name Common_Equations.Common_ConvertCH4ToCO2e_Arguments: _xlfn.LAMBDA(_xlfn.MAKEARRAY(2, 2, _xlfn.LAMBDA(_xlpm.r,_xlpm.c, INDEX({"ECH4","Methane emissions (t CH4)";"GWPCH4","Global warming potential for methane (t CO2-e / t CH4)"}, _xlpm.r, _xlpm.c))))
Name Common_Equations.Common_ConvertCH4ToCO2e_LatexEquation: _xlfn.LAMBDA("CO2_e = E_{CH4} \times GWP_{CH4}")
Name Common_Equations.Common_ConvertCH4ToCO2e_NIRReference: _xlfn.LAMBDA("")
Name Common_Equations.Common_ConvertCH4ToCO2e_Title: _xlfn.LAMBDA("Convert methane emissions to carbon dioxide equivalent emissions")
Name Common_Equations.Common_ConvertCH4ToCO2e_Unit: _xlfn.LAMBDA("t CO2e")
Name Common_Equations.Common_ConvertCH4ToCO2e_Variable: _xlfn.LAMBDA("ECH4 CO2e")
Name Common_Equations.Common_ConvertN2OToCO2e: _xlfn.LAMBDA(_xlpm.E_N2O,_xlpm.GWP_N2O, _xlpm.E_N2O * _xlpm.GWP_N2O)
Name Common_Equations.Common_ConvertN2OToCO2e_LatexEquation: _xlfn.LAMBDA("CO2_e = E_{N2O} \times GWP_{N2O}")
Name Common_Equations.Common_ConvertN2OToCO2e_NIRReference: _xlfn.LAMBDA("")
Name Common_Equations.Common_ConvertN2OToCO2e_Title: _xlfn.LAMBDA("Convert nitrous oxide emissions to carbon dioxide equivalent emissions")
Name Common_Equations.Common_ConvertN2OToCO2e_Unit: _xlfn.LAMBDA("t CO2e")
Name Common_Equations.Common_ConvertN2OToCO2e_Variable: _xlfn.LAMBDA("EN2O CO2e")
Name Common_InputFunctions.Utility_DisplayFunctionName: _xlfn.LAMBDA(_xlpm.Function, _xlfn.TEXTBEFORE(_xlfn.FORMULATEXT(_xlpm.Function), "("))
Name Common_InputFunctions.Utility_GetArrayTableColumnStartNumber: _xlfn.LAMBDA(_xlpm.TableHeaderCell, COLUMN(_xlpm.TableHeaderCell))
Name Common_InputFunctions.Utility_GetArrayTableRowStartNumber: _xlfn.LAMBDA(_xlpm.TableheaderCell,_xlpm.RowsBetweenHeaderandArray, ROW(_xlpm.TableheaderCell) + _xlpm.RowsBetweenHeaderandArray - 1)
Name Common_InputFunctions.Utility_LookupValueInTable: _xlfn.LAMBDA(_xlpm.LookupValue,_xlpm.LookupArray,_xlpm.ReturnArray, _xlfn.XLOOKUP(_xlpm.LookupValue, _xlpm.LookupArray, _xlpm.ReturnArray, ""))
Name Common_SourceData.Common_SourceData_AustralianStatesTerritories_Source: _xlfn.LAMBDA("")
Name Common_SourceData.Common_SourceData_AustralianStatesTerritories_Title: _xlfn.LAMBDA("Australian states and territories")
Name Common_SourceData.Common_SourceData_AustralianStatesTerritories_Unit: _xlfn.LAMBDA("")
Name Common_SourceData.Common_SourceData_AustralianStatesTerritories_Variable: _xlfn.LAMBDA("")
Name Common_SourceData.Common_SourceData_ClimateZones_Source: _xlfn.LAMBDA("VEERG 2026: Table 1.3: Climate and Rainfall zone classifications and definitions")
Name Common_SourceData.Common_SourceData_ClimateZones_Title: _xlfn.LAMBDA("VEERG Australian climate zones")
Name Common_SourceData.Common_SourceData_ClimateZones_Unit: _xlfn.LAMBDA("")
Name Common_SourceData.Common_SourceData_ClimateZones_Variable: _xlfn.LAMBDA("")
Name Common_SourceData.Common_SourceData_ConvertGasElementalToMolecular_Source: _xlfn.LAMBDA("XXXXXXX")
Name Common_SourceData.Common_SourceData_ConvertGasElementalToMolecular_Title: _xlfn.LAMBDA("Factor to convert elemental mass of gas to molecular mass")
Name Common_SourceData.Common_SourceData_ConvertGasElementalToMolecular_Unit: _xlfn.LAMBDA("factor")
Name Common_SourceData.Common_SourceData_ConvertGasElementalToMolecular_Variable: _xlfn.LAMBDA("Cg")
Name Common_SourceData.Common_SourceData_ConvertN2oElementalToMolecularCg_Data: _xlfn.LAMBDA(44 / 28)
Name Common_SourceData.Common_SourceData_ConvertN2oElementalToMolecularCg_Source: _xlfn.LAMBDA("National Inventory Report 2023 Volume 1")
Name Common_SourceData.Common_SourceData_ConvertN2oElementalToMolecularCg_Title: _xlfn.LAMBDA("Factor to convert elemental mass of N2O to molecular mass")
Name Common_SourceData.Common_SourceData_ConvertN2oElementalToMolecularCg_Unit: _xlfn.LAMBDA("factor")
Name Common_SourceData.Common_SourceData_ConvertN2oElementalToMolecularCg_Variable: _xlfn.LAMBDA("CgN2O")
Name Common_SourceData.Common_SourceData_DataScores_Scope3_Source: _xlfn.LAMBDA("VEERG 2026: XXXXXXXX")
Name Common_SourceData.Common_SourceData_DataScores_Scope3_Title: _xlfn.LAMBDA("Australian data scores for scope 3")
Name Common_SourceData.Common_SourceData_DataScores_Scope3_Unit: _xlfn.LAMBDA("")
Name Common_SourceData.Common_SourceData_DataScores_Scope3_Variable: _xlfn.LAMBDA("")
Name Common_SourceData.Common_SourceData_DataScores_Scope3_Variation: _xlfn.LAMBDA("")
Name Common_SourceData.Common_SourceData_DensityOfMethane_Data: _xlfn.LAMBDA(0.6784)
Name Common_SourceData.Common_SourceData_DensityOfMethane_Source: _xlfn.LAMBDA("National Inventory Report 2023 Volume 1: Equations 3.B.1a_2, 3.B.1c_2, 3.B.3_1, 3.B.4g_2")
Name Common_SourceData.Common_SourceData_DensityOfMethane_Title: _xlfn.LAMBDA("p = density of methane")
Name Common_SourceData.Common_SourceData_DensityOfMethane_Unit: _xlfn.LAMBDA("kg/m3")
Name Common_SourceData.Common_SourceData_EFleach_Data: _xlfn.LAMBDA(_xlfn.MAKEARRAY(1, 2, _xlfn.LAMBDA(_xlpm.r,_xlpm.c, INDEX({"EFleach",0.011}, _xlpm.r, _xlpm.c))))
Name Common_SourceData.Common_SourceData_EFleach_NIRReference: _xlfn.LAMBDA("National Inventory Report Volume 1: Equation 3.D.B_10")
Name Common_SourceData.Common_SourceData_EFleach_Source: _xlfn.LAMBDA("VEERG 2026:5.5.2.3 Constant Parameters")
Name Common_SourceData.Common_SourceData_EFleach_Title: _xlfn.LAMBDA("Emission factor for nitrogen leaching and runoff")
Name Common_SourceData.Common_SourceData_EFleach_Unit: _xlfn.LAMBDA("(kg N2O-N / kg N")
Name Common_SourceData.Common_SourceData_EFleach_Variation: _xlfn.LAMBDA((""))
Name Common_SourceData.Common_SourceData_EFN2O_NIRReference: _xlfn.LAMBDA("")
Name Common_SourceData.Common_SourceData_EFN2O_Source: _xlfn.LAMBDA("VEERG 2026: Table A.2.2.1")
Name Common_SourceData.Common_SourceData_EFN2O_Title: _xlfn.LAMBDA("Nitrous oxide emission factors for inorganic fertiliser application")
Name Common_SourceData.Common_SourceData_EFN2O_Unit: _xlfn.LAMBDA("(kg N2O-N / kg N")
Name Common_SourceData.Common_SourceData_EFPastureRangeAndPaddock_Data: _xlfn.LAMBDA(_xlfn.MAKEARRAY(3, 2, _xlfn.LAMBDA(_xlpm.r,_xlpm.c, INDEX({"Climate zone","EFPRP";"Wet climate zone",0.006;"Dry climate zone",0.002}, _xlpm.r, _xlpm.c))))
Name Common_SourceData.Common_SourceData_EFPastureRangeAndPaddock_NIRReference: _xlfn.LAMBDA("")
Name Common_SourceData.Common_SourceData_EFPastureRangeAndPaddock_Source: _xlfn.LAMBDA("VEERG 2026: Table A.2.2.2")
Name Common_SourceData.Common_SourceData_EFPastureRangeAndPaddock_Title: _xlfn.LAMBDA("Emission factor for urine and dung deposited on pasture, range or paddock")
Name Common_SourceData.Common_SourceData_EFPastureRangeAndPaddock_Unit: _xlfn.LAMBDA("kg N2O - N / kg N")
Name Common_SourceData.Common_SourceData_EFPastureRangeAndPaddock_Variation: _xlfn.LAMBDA("VARIATION FROM SOURCE DATA: Changed 'Dry climate zones' to singular 'Dry climate zone' to aid lookup.")
Name Common_SourceData.Common_SourceData_FracLEACH_Data: _xlfn.LAMBDA(_xlfn.MAKEARRAY(1, 2, _xlfn.LAMBDA(_xlpm.r,_xlpm.c, INDEX({"FracLEACH",0.24}, _xlpm.r, _xlpm.c))))

Sheet Home
A1: Home

Sheet Results
A1: #VALUE! | C1: 4.1 Manure management: Beef Feedlot: Results
A3: =HYPERLINK("#'Home'!A1", "Home") -> Home
A4: =HYPERLINK("#'Results'!A1", "Results") -> Results | D4: Emissions breakdown
A6: INPUTS | D6: Scope 1 source | E6: GHG emissions | F6: GHG Unit | G6: CO2-e emissions | H6: CO2-e unit
A7: =HYPERLINK("#'Input - Site'!A1", "Site") -> Site | D7: 4.1.1.1 Method 1 Manure methane | E7: ='4.3.1.1-2 Methane'!$E$264 -> 8.1869605 | F7: ='4.3.1.1-2 Methane'!$F$264 -> t CH4 | G7: ='4.3.1.1-2 Methane'!$E$269 -> 0 | H7: ='4.3.1.1-2 Methane'!$F$269 -> t CO2e
A8: =HYPERLINK("#'Input - Feedlot'!A1", "Feedlot") -> Feedlot | D8: 4.1.1.2 Method 2 Manure methane | E8: ='4.3.1.1-2 Methane'!$P$264 -> 8.0754443 | F8: ='4.3.1.1-2 Methane'!$Q$264 -> t CH4 | G8: ='4.3.1.1-2 Methane'!$P$269 -> 0 | H8: ='4.3.1.1-2 Methane'!$Q$269 -> t CO2e
D9: 4.1.1.3 Method 1 Manure direct N2O | E9: ='4.3.1.3-4 Direct N20'!#REF! -> #REF! | F9: ='4.3.1.3-4 Direct N20'!#REF! -> #REF! | G9: ='4.3.1.3-4 Direct N20'!#REF! -> #REF! | H9: ='4.3.1.3-4 Direct N20'!#REF! -> #REF!
A10: CALCULATIONS | D10: 4.1.1.4 Method 2 Manure direct N2O | E10: ='4.3.1.3-4 Direct N20'!O207 -> 0 | F10: ='4.3.1.3-4 Direct N20'!P207 -> 0 | G10: ='4.3.1.3-4 Direct N20'!O212 -> 0 | H10: ='4.3.1.3-4 Direct N20'!P212 -> 0
A11: =HYPERLINK("#'4.1.1.1-2 Methane'!A1", "4.1.1.1-2 Methane") -> 4.1.1.1-2 Methane | D11: 4.1.1.5 Method 1 Manure atmospheric deposition | E11: ='4.1.1.5-6 Atmos Deposition'!$E$60 -> #NAME? | F11: ='4.1.1.5-6 Atmos Deposition'!$F$60 -> #NAME? | G11: ='4.1.1.5-6 Atmos Deposition'!$E$65 -> #NAME? | H11: ='4.1.1.5-6 Atmos Deposition'!$F$65 -> t CO2e
A12: =HYPERLINK("#'4.1.1.3-4 Direct N20'!A1", "4.1.1.3-4 Direct N2O") -> 4.1.1.3-4 Direct N2O | D12: 4.1.1.6 Method 2 Manure atmospheric deposition | E12: ='4.1.1.5-6 Atmos Deposition'!$M$60 -> #NAME? | F12: ='4.1.1.5-6 Atmos Deposition'!$N$60 -> #NAME? | G12: ='4.1.1.5-6 Atmos Deposition'!$M$65 -> #NAME? | H12: ='4.1.1.5-6 Atmos Deposition'!$N$65 -> t CO2e
A13: =HYPERLINK("#'4.1.1.5-6 Atmos Deposition'!A1", "4.1.1.5-6 Atmospheric deposition") -> 4.1.1.5-6 Atmospheric deposition | D13: 4.1.1.7 Method 1 Manure leaching and runoff | E13: N/A | F13: N/A | G13: 0 | H13: N/A
A14: =HYPERLINK("#'4.1.1.9 Manure applied to soils'!A1", "4.1.1.9 Manure applied to soils") -> 4.1.1.9 Manure applied to soils | D14: 4.1.1.8 Method 1 Manure leaching and runoff | E14: N/A | F14: N/A | G14: 0 | H14: N/A
D15: Total | G15: =SUM(G7:G14) -> #REF! | H15: ='4.1.1.5-6 Atmos Deposition'!$N$65 -> t CO2e
A16: APPENDICES
A17: =HYPERLINK("#'Constants - Feedlot'!A1", "Constants - Feedlot") -> Constants - Feedlot | D17: WARNING: Manure nitrogen that was applied to soils must be accounted for
A18: =HYPERLINK("#'Constants - Livestock'!A1", "Constants - Livestock") -> Constants - Livestock | D18: See the table below for how to account for manure applied to soils for scope 1 and 3.
A19: =HYPERLINK("#'Constants - Common'!A1", "Constants - Common") -> Constants - Common
A20: =HYPERLINK("#'Acknowledgements'!A1", "Acknowledgements") -> Acknowledgements | D20: Manure nitrogen use | E20: Amount of N in manure | F20: N unit | G20: Emissions allocated to | H20: VEERG Calculation method
D21: Manure nitrogen deposited on farm soils with no other purpose (aka waste) | E21: ='4.1.1.9 Manure applied to soils'!$E$56 -> #NAME? | F21: ='4.1.1.9 Manure applied to soils'!$F$56 -> #NAME? | G21: This feedlot | H21: 5.2.2.1 (1), 5.4.1.3 (1, 2), 5.5.1.1 (1, 3)
D22: Manure nitrogen deposited on farm soils as fertiliser for other farm enterpsies (eg crops) | E22: ='4.1.1.9 Manure applied to soils'!$E$104 -> #NAME? | F22: ='4.1.1.9 Manure applied to soils'!$F$104 -> #NAME? | G22: Crops or pasture that use manure as fertiliser | H22: 5.2.2.1 (1), 5.4.1.3 (1, 2), 5.5.1.1 (1, 3)
D23: Manure nitrogen sold | E23: ='4.1.1.9 Manure applied to soils'!$E$123 -> #NAME? | F23: ='4.1.1.9 Manure applied to soils'!$F$123 -> #NAME? | G23: Scope 3 (downstream) | H23: 15.13.1.1 (1), 5.2.2.1 (1), 5.4.1.3 (1, 2), 5.5.1.1 (1, 3)

Sheet Input - Site
A1: #VALUE! | C1: Input - Site
A3: =HYPERLINK("#'Home'!A1", "Home") -> Home
A4: =HYPERLINK("#'Results'!A1", "Results") -> Results
D5: Your business
A6: INPUTS
A7: =HYPERLINK("#'Input - Site'!A1", "Site") -> Site | D7: Farm name | E7: Test Farms
A8: =HYPERLINK("#'Input - Feedlot'!A1", "Feedlot") -> Feedlot | D8: Reporting entity name | E8: Test Farms Pty Ltd
A10: CALCULATIONS | D10: 💡An 'Emissions accounting period' is a 12 month period where the business can report on the emissions, and is typically the same as the business' financial accounting period.
A11: =HYPERLINK("#'4.1.1.1-2 Methane'!A1", "4.1.1.1-2 Methane") -> 4.1.1.1-2 Methane
A12: =HYPERLINK("#'4.1.1.3-4 Direct N20'!A1", "4.1.1.3-4 Direct N2O") -> 4.1.1.3-4 Direct N2O | D12: Emissions calculation period start date | E12: 45292 | F12: ← DD/MM/YYYY or DD Month YYYY
A13: =HYPERLINK("#'4.1.1.5-6 Atmos Deposition'!A1", "4.1.1.5-6 Atmospheric deposition") -> 4.1.1.5-6 Atmospheric deposition | D13: Emissions calculation period end date | E13: =DATE(YEAR(E12)+1,MONTH(E12),DAY(E12))-1 -> 45657 | F13: ← Automatically calculated, 12 months after start date
A14: =HYPERLINK("#'4.1.1.9 Manure applied to soils'!A1", "4.1.1.9 Manure applied to soils") -> 4.1.1.9 Manure applied to soils
A16: APPENDICES | D16: Location and climate
A17: =HYPERLINK("#'Constants - Feedlot'!A1", "Constants - Feedlot") -> Constants - Feedlot
A18: =HYPERLINK("#'Constants - Livestock'!A1", "Constants - Livestock") -> Constants - Livestock | D18: Location information is used to reference some region and climate-specific emission factors
A19: =HYPERLINK("#'Constants - Common'!A1", "Constants - Common") -> Constants - Common | D19: Tip: Use the web-based GAF Location Helper tool to easily get region and climate information. You will need an internet connection to use the GAF Location Helper.
A20: =HYPERLINK("#'Acknowledgements'!A1", "Acknowledgements") -> Acknowledgements
D21: State | E21: New South Wales | F21: ← Please select
D22: Region (ABS Statistical area level 4) if state is WA | E22: Western Australia - Outback (South) | F22: ← Please select
D23: Leaching zone | E23: NO - Not in leaching zone | F23: ← Please select
D24: Elevation | E24: 307.7 | F24: Meters
D25: Average temperature for reporting period | E25: 18 | F25: Degrees celsius
D26: Total rainfall for reporting period | E26: 601 | F26: Millimetres
D27: Potential evapotranspiration for reporting period | E27: 1326 | F27: Millimetres
D28: Number of frost days for reporting period | E28: 7 | F28: Days
D29: MAP:PET ratio | E29: =E26/E27 -> 0.45324284
D30: Rainfall zone | E30: =Common_InputFunctions.Utility_LookupItemFromMinMax(E26,Table_SourceData_RainfallZones[Min rainfall],Table_SourceData_RainfallZones[Max rainfall],Table_SourceData_RainfallZones[Rainfall Zone]) -> High rainfall
D31: Climate zone | E31: =Common_InputFunctions.Utility_GetClimateZone(E25,E26,E28,E24,E29,Table_SourceData_ClimateZones[Min temp],Table_SourceData_ClimateZones[Max temp],Table_SourceData_ClimateZones[Min rainfall],Table_SourceData_ClimateZones[Max rainfall],Table_SourceData_ClimateZones[Min frost days],Table_SourceData_ClimateZones[Max frost days],Table_SourceData_ClimateZones[Min elevation],Table_SourceData_ClimateZones[Max elevation],Table_SourceData_ClimateZones[Min MAP:PET],Table_SourceData_ClimateZones[Max MAP:PET],Table_SourceData_ClimateZones[Climate zone]) -> Warm temperate dry
D32: Wet or dry climate zone | E32: =Common_InputFunctions.Utility_LookupValueInTable($E$31,Table_SourceData_WetDryZones[Climate zone],Table_SourceData_WetDryZones[Wet or Dry Zone]) -> Dry climate zone
D33: Temperature zone | E33: =Common_InputFunctions.Utility_LookupItemFromMinMax(E25,Table_SourceData_TemperatureZones[Min MAT],Table_SourceData_TemperatureZones[Max MAT],Table_SourceData_TemperatureZones[Temperature Zone]) -> Temperate

Sheet Input - Dairy
A1: #VALUE! | C1: Input -Dairy
A3: =HYPERLINK("#'Home'!A1", "Home") -> Home
A4: =HYPERLINK("#'Results'!A1", "Results") -> Results
D5: Herd movement
A6: INPUTS
A7: =HYPERLINK("#'Input - Site'!A1", "Site") -> Site | D7: Breed | E7: Medium Friesian | F7: ← Please select
A8: =HYPERLINK("#'Input - Dairy'!A1", "Dairy") -> Dairy
E9: Milking cows | F9: Heifers > 1 year | G9: Heifers < 1 year | H9: Bulls > 1 year | I9: Bulls < 1 year
A10: CALCULATIONS | D10: ="Average number of head between " & TEXT('Input - Site'!$E$12, "dd mmm yy") & " and " & TEXT('Input - Site'!$E$13, "dd mmm yy") -> Average number of head between 01 Jan 24 and 31 Dec 24 | E10: 100 | F10: 100 | G10: 100 | H10: 100 | I10: 100 | J10: head
A11: =HYPERLINK("#'4.1.1.1-2 Methane'!A1", "4.1.1.1-2 Methane") -> 4.1.1.1-2 Methane
A12: =HYPERLINK("#'4.1.1.3-4 Direct N20'!A1", "4.1.1.3-4 Direct N2O") -> 4.1.1.3-4 Direct N2O | D12: Liveweight
A13: =HYPERLINK("#'4.1.1.5-6 Atmos Deposition'!A1", "4.1.1.5-6 Atmospheric deposition") -> 4.1.1.5-6 Atmospheric deposition | D13: Method 1 default values (Do not edit) | E13: Milking cows | F13: Heifers > 1 year | G13: Heifers < 1 year | H13: Bulls > 1 year | I13: Bulls < 1 year
A14: =HYPERLINK("#'4.1.1.9 Manure applied to soils'!A1", "4.1.1.9 Manure applied to soils") -> 4.1.1.9 Manure applied to soils | D14: Average liveweight | E14: {=Common_InputFunctions.Utility_LookupValueInTableNumber($E$7, Table_SourceData_Dairy_WjCowsHeifers[Breed],Table_SourceData_Dairy_WjCowsHeifers[Milking cows])} -> 550 | F14: {=Common_InputFunctions.Utility_LookupValueInTableNumber($E$7, Table_SourceData_Dairy_WjCowsHeifers[Breed],Table_SourceData_Dairy_WjCowsHeifers[Heifers > 1])} -> 380 | G14: {=Common_InputFunctions.Utility_LookupValueInTableNumber($E$7, Table_SourceData_Dairy_WjCowsHeifers[Breed],Table_SourceData_Dairy_WjCowsHeifers[Heifers < 1 (weaned)])} -> 155 | H14: {=Table_SourceData_Dairy_WjBulls[Bulls > 1]} -> 600 | I14: {=Table_SourceData_Dairy_WjBulls[Bulls < 1 (weaned)]} -> 225 | J14: kg/head
D15: Average liveweight gain | E15: {=Table_SourceData_Dairy_LWGj[Milking cows]} -> 0.016 | F15: {=Table_SourceData_Dairy_LWGj[Heifers > 1]} -> 0.6 | G15: {=Table_SourceData_Dairy_LWGj[Heifers < 1 (weaned)]} -> 0.57 | H15: {=Table_SourceData_Dairy_LWGj[Bulls > 1]} -> 0.1 | I15: {=Table_SourceData_Dairy_LWGj[Bulls < 1 (weaned)]} -> 0.8 | J15: kg/head/day
A16: APPENDICES
A17: =HYPERLINK("#'Constants - Dairy'!A1", "Constants - Dairy") -> Constants - Dairy | D17: Method 2 custom values (Edit if known) | E17: Milking cows | F17: Heifers > 1 year | G17: Heifers < 1 year | H17: Bulls > 1 year | I17: Bulls < 1 year
A18: =HYPERLINK("#'Constants - Livestock'!A1", "Constants - Livestock") -> Constants - Livestock | D18: Average liveweight | E18: {=Common_InputFunctions.Utility_LookupValueInTableNumber($E$7, Table_SourceData_Dairy_WjCowsHeifers[Breed],Table_SourceData_Dairy_WjCowsHeifers[Milking cows])} -> 550 | F18: {=Common_InputFunctions.Utility_LookupValueInTableNumber($E$7, Table_SourceData_Dairy_WjCowsHeifers[Breed],Table_SourceData_Dairy_WjCowsHeifers[Heifers > 1])} -> 380 | G18: {=Common_InputFunctions.Utility_LookupValueInTableNumber($E$7, Table_SourceData_Dairy_WjCowsHeifers[Breed],Table_SourceData_Dairy_WjCowsHeifers[Heifers < 1 (weaned)])} -> 155 | H18: {=Table_SourceData_Dairy_WjBulls[Bulls > 1]} -> 600 | I18: {=Table_SourceData_Dairy_WjBulls[Bulls < 1 (weaned)]} -> 225 | J18: kg/head
A19: =HYPERLINK("#'Constants - Common'!A1", "Constants - Common") -> Constants - Common | D19: Average liveweight gain | E19: {=Table_SourceData_Dairy_LWGj[Milking cows]} -> 0.016 | F19: {=Table_SourceData_Dairy_LWGj[Heifers > 1]} -> 0.6 | G19: {=Table_SourceData_Dairy_LWGj[Heifers < 1 (weaned)]} -> 0.57 | H19: {=Table_SourceData_Dairy_LWGj[Bulls > 1]} -> 0.1 | I19: {=Table_SourceData_Dairy_LWGj[Bulls < 1 (weaned)]} -> 0.8 | J19: kg/head/day
A20: =HYPERLINK("#'Acknowledgements'!A1", "Acknowledgements") -> Acknowledgements
D21: Duration of stay
D23: Method 1 default values (Do not edit) | E23: Milking cows | F23: Heifers > 1 year | G23: Heifers < 1 year | H23: Bulls > 1 year | I23: Bulls < 1 year
D24: ="Average duration of stay between " & TEXT('Input - Site'!$E$12, "dd mmm yy") & " and " & TEXT('Input - Site'!$E$13, "dd mmm yy") & " weaned livestock" -> Average duration of stay between 01 Jan 24 and 31 Dec 24 weaned livestock | E24: {=Common_InputFunctions.Utility_LookupValueInTableNumber(E23,Table_SourceData_Dairy_Duration[Animal class j],Table_SourceData_Dairy_Duration[Duration (weaned)])} -> 365 | F24: {=Common_InputFunctions.Utility_LookupValueInTableNumber(F23,Table_SourceData_Dairy_Duration[Animal class j],Table_SourceData_Dairy_Duration[Duration (weaned)])} -> 365 | G24: {=Common_InputFunctions.Utility_LookupValueInTableNumber(G23,Table_SourceData_Dairy_Duration[Animal class j],Table_SourceData_Dairy_Duration[Duration (weaned)])} -> 281 | H24: {=Common_InputFunctions.Utility_LookupValueInTableNumber(H23,Table_SourceData_Dairy_Duration[Animal class j],Table_SourceData_Dairy_Duration[Duration (weaned)])} -> 365 | I24: {=Common_InputFunctions.Utility_LookupValueInTableNumber(I23,Table_SourceData_Dairy_Duration[Animal class j],Table_SourceData_Dairy_Duration[Duration (weaned)])} -> 281 | J24: Days
D25: ="Average duration of stay between " & TEXT('Input - Site'!$E$12, "dd mmm yy") & " and " & TEXT('Input - Site'!$E$13, "dd mmm yy") & " pre-weaned livestock" -> Average duration of stay between 01 Jan 24 and 31 Dec 24 pre-weaned livestock | E25: {=Common_InputFunctions.Utility_LookupValueInTableNumber(E23,Table_SourceData_Dairy_Duration[Animal class j],Table_SourceData_Dairy_Duration[Duration (pre-weaned)])} -> 0 | F25: {=Common_InputFunctions.Utility_LookupValueInTableNumber(F23,Table_SourceData_Dairy_Duration[Animal class j],Table_SourceData_Dairy_Duration[Duration (pre-weaned)])} -> 0 | G25: {=Common_InputFunctions.Utility_LookupValueInTableNumber(G23,Table_SourceData_Dairy_Duration[Animal class j],Table_SourceData_Dairy_Duration[Duration (pre-weaned)])} -> 84 | H25: {=Common_InputFunctions.Utility_LookupValueInTableNumber(H23,Table_SourceData_Dairy_Duration[Animal class j],Table_SourceData_Dairy_Duration[Duration (pre-weaned)])} -> 0 | I25: {=Common_InputFunctions.Utility_LookupValueInTableNumber(I23,Table_SourceData_Dairy_Duration[Animal class j],Table_SourceData_Dairy_Duration[Duration (pre-weaned)])} -> 84 | J25: Days
D27: Method 2 custom values (Edit if known) | E27: Milking cows | F27: Heifers > 1 year | G27: Heifers < 1 year | H27: Bulls > 1 year | I27: Bulls < 1 year
D28: ="Average duration of stay between " & TEXT('Input - Site'!$E$12, "dd mmm yy") & " and " & TEXT('Input - Site'!$E$13, "dd mmm yy") & " weaned livestock" -> Average duration of stay between 01 Jan 24 and 31 Dec 24 weaned livestock | E28: {=Common_InputFunctions.Utility_LookupValueInTableNumber(E27,Table_SourceData_Dairy_Duration[Animal class j],Table_SourceData_Dairy_Duration[Duration (weaned)])} -> 365 | F28: {=Common_InputFunctions.Utility_LookupValueInTableNumber(F27,Table_SourceData_Dairy_Duration[Animal class j],Table_SourceData_Dairy_Duration[Duration (weaned)])} -> 365 | G28: {=Common_InputFunctions.Utility_LookupValueInTableNumber(G27,Table_SourceData_Dairy_Duration[Animal class j],Table_SourceData_Dairy_Duration[Duration (weaned)])} -> 281 | H28: {=Common_InputFunctions.Utility_LookupValueInTableNumber(H27,Table_SourceData_Dairy_Duration[Animal class j],Table_SourceData_Dairy_Duration[Duration (weaned)])} -> 365 | I28: {=Common_InputFunctions.Utility_LookupValueInTableNumber(I27,Table_SourceData_Dairy_Duration[Animal class j],Table_SourceData_Dairy_Duration[Duration (weaned)])} -> 281 | J28: Days
D29: ="Average duration of stay between " & TEXT('Input - Site'!$E$12, "dd mmm yy") & " and " & TEXT('Input - Site'!$E$13, "dd mmm yy") & " pre-weaned livestock" -> Average duration of stay between 01 Jan 24 and 31 Dec 24 pre-weaned livestock | E29: =365-E28 -> 0 | F29: =365-F28 -> 0 | G29: =365-G28 -> 84 | H29: =365-H28 -> 0 | I29: =365-I28 -> 84 | J29: Days
D32: Diet
D34: Method 1 default values (Do not edit) | E34: Milking cows | F34: Heifers > 1 year | G34: Heifers < 1 year | H34: Bulls > 1 year | I34: Bulls < 1 year
D35: Dry matter intake | E35: {=Common_InputFunctions.Utility_LookupValueInTableNumber(E34,Table_SourceData_Dairy_Duration[Animal class j],Table_SourceData_Dairy_Duration[Duration (weaned)])} -> 365 | F35: {=Common_InputFunctions.Utility_LookupValueInTableNumber(F34,Table_SourceData_Dairy_Duration[Animal class j],Table_SourceData_Dairy_Duration[Duration (weaned)])} -> 365 | G35: {=Common_InputFunctions.Utility_LookupValueInTableNumber(G34,Table_SourceData_Dairy_Duration[Animal class j],Table_SourceData_Dairy_Duration[Duration (weaned)])} -> 281 | H35: {=Common_InputFunctions.Utility_LookupValueInTableNumber(H34,Table_SourceData_Dairy_Duration[Animal class j],Table_SourceData_Dairy_Duration[Duration (weaned)])} -> 365 | I35: {=Common_InputFunctions.Utility_LookupValueInTableNumber(I34,Table_SourceData_Dairy_Duration[Animal class j],Table_SourceData_Dairy_Duration[Duration (weaned)])} -> 281 | J35: kgDM/head/day
D36: Dry matter digestibility | E36: ='Constants - Dairy'!$D$160 -> 0.75 | F36: ='Constants - Dairy'!$D$160 -> 0.75 | G36: ='Constants - Dairy'!$D$160 -> 0.75 | H36: ='Constants - Dairy'!$D$160 -> 0.75 | I36: ='Constants - Dairy'!$D$160 -> 0.75 | J36: Fraction
D37: Crude protein | E37: ='Constants - Dairy'!$D$153 -> 0.2 | F37: ='Constants - Dairy'!$D$153 -> 0.2 | G37: ='Constants - Dairy'!$D$153 -> 0.2 | H37: ='Constants - Dairy'!$D$153 -> 0.2 | I37: ='Constants - Dairy'!$D$153 -> 0.2 | J37: Fraction
D39: Method 2 custom values (Edit if known) | E39: Milking cows | F39: Heifers > 1 year | G39: Heifers < 1 year | H39: Bulls > 1 year | I39: Bulls < 1 year
D40: Dry matter intake | E40: {=Common_InputFunctions.Utility_LookupValueInTableNumber(E39,Table_SourceData_Dairy_Duration[Animal class j],Table_SourceData_Dairy_Duration[Duration (weaned)])} -> 365 | F40: {=Common_InputFunctions.Utility_LookupValueInTableNumber(F39,Table_SourceData_Dairy_Duration[Animal class j],Table_SourceData_Dairy_Duration[Duration (weaned)])} -> 365 | G40: {=Common_InputFunctions.Utility_LookupValueInTableNumber(G39,Table_SourceData_Dairy_Duration[Animal class j],Table_SourceData_Dairy_Duration[Duration (weaned)])} -> 281 | H40: {=Common_InputFunctions.Utility_LookupValueInTableNumber(H39,Table_SourceData_Dairy_Duration[Animal class j],Table_SourceData_Dairy_Duration[Duration (weaned)])} -> 365 | I40: {=Common_InputFunctions.Utility_LookupValueInTableNumber(I39,Table_SourceData_Dairy_Duration[Animal class j],Table_SourceData_Dairy_Duration[Duration (weaned)])} -> 281 | J40: kgDM/head/day
D41: Dry matter digestibility | E41: 0.75 | F41: 0.75 | G41: 0.75 | H41: 0.75 | I41: 0.75 | J41: Fraction
D42: Crude protein | E42: 0.2 | F42: 0.2 | G42: 0.2 | H42: 0.2 | I42: 0.2 | J42: Fraction
D44: Milk production
E45: Milking cows
D46: Average daily milk production | E46: 44 | F46: litres/head/day
D48: Production systems
D49: Time spent in production systems
D50: Production system template | E50: System 3: Pasture-grazed 3-9 months/year | F50: ← Please select
D52: Method 1 default values (Do not edit) | E52: Milking cows | F52: Heifers > 1 year | G52: Heifers < 1 year | H52: Bulls > 1 year | I52: Bulls < 1 year
D53: Pasture | E53: {=Common_InputFunctions.Utility_LookupValueInTableNumber($E$50, Table_SourceData_Dairy_ProductionSystemTemplates[Area],Table_SourceData_Dairy_ProductionSystemTemplates[Pasture])} -> 0.534 | F53: {=Common_InputFunctions.Utility_LookupValueInTableNumber($E$50, Table_SourceData_Dairy_ProductionSystemTemplates[Area],Table_SourceData_Dairy_ProductionSystemTemplates[Pasture])} -> 0.534 | G53: {=Common_InputFunctions.Utility_LookupValueInTableNumber($E$50, Table_SourceData_Dairy_ProductionSystemTemplates[Area],Table_SourceData_Dairy_ProductionSystemTemplates[Pasture])} -> 0.534 | H53: {=Common_InputFunctions.Utility_LookupValueInTableNumber($E$50, Table_SourceData_Dairy_ProductionSystemTemplates[Area],Table_SourceData_Dairy_ProductionSystemTemplates[Pasture])} -> 0.534 | I53: {=Common_InputFunctions.Utility_LookupValueInTableNumber($E$50, Table_SourceData_Dairy_ProductionSystemTemplates[Area],Table_SourceData_Dairy_ProductionSystemTemplates[Pasture])} -> 0.534 | J53: Percent
D54: Milking shed | E54: {=Common_InputFunctions.Utility_LookupValueInTableNumber($E$50, Table_SourceData_Dairy_ProductionSystemTemplates[Area],Table_SourceData_Dairy_ProductionSystemTemplates[Milking shed])} -> 0.11 | F54: {=Common_InputFunctions.Utility_LookupValueInTableNumber($E$50, Table_SourceData_Dairy_ProductionSystemTemplates[Area],Table_SourceData_Dairy_ProductionSystemTemplates[Milking shed])} -> 0.11 | G54: {=Common_InputFunctions.Utility_LookupValueInTableNumber($E$50, Table_SourceData_Dairy_ProductionSystemTemplates[Area],Table_SourceData_Dairy_ProductionSystemTemplates[Milking shed])} -> 0.11 | H54: {=Common_InputFunctions.Utility_LookupValueInTableNumber($E$50, Table_SourceData_Dairy_ProductionSystemTemplates[Area],Table_SourceData_Dairy_ProductionSystemTemplates[Milking shed])} -> 0.11 | I54: {=Common_InputFunctions.Utility_LookupValueInTableNumber($E$50, Table_SourceData_Dairy_ProductionSystemTemplates[Area],Table_SourceData_Dairy_ProductionSystemTemplates[Milking shed])} -> 0.11 | J54: Percent
D55: Feed pad | E55: {=Common_InputFunctions.Utility_LookupValueInTableNumber($E$50, Table_SourceData_Dairy_ProductionSystemTemplates[Area],Table_SourceData_Dairy_ProductionSystemTemplates[Feedpad])} -> 0.356 | F55: {=Common_InputFunctions.Utility_LookupValueInTableNumber($E$50, Table_SourceData_Dairy_ProductionSystemTemplates[Area],Table_SourceData_Dairy_ProductionSystemTemplates[Feedpad])} -> 0.356 | G55: {=Common_InputFunctions.Utility_LookupValueInTableNumber($E$50, Table_SourceData_Dairy_ProductionSystemTemplates[Area],Table_SourceData_Dairy_ProductionSystemTemplates[Feedpad])} -> 0.356 | H55: {=Common_InputFunctions.Utility_LookupValueInTableNumber($E$50, Table_SourceData_Dairy_ProductionSystemTemplates[Area],Table_SourceData_Dairy_ProductionSystemTemplates[Feedpad])} -> 0.356 | I55: {=Common_InputFunctions.Utility_LookupValueInTableNumber($E$50, Table_SourceData_Dairy_ProductionSystemTemplates[Area],Table_SourceData_Dairy_ProductionSystemTemplates[Feedpad])} -> 0.356 | J55: Percent
D57: Method 2 custom values (Edit if known) | E57: Milking cows | F57: Heifers > 1 year | G57: Heifers < 1 year | H57: Bulls > 1 year | I57: Bulls < 1 year
D58: Pasture | E58: {=Common_InputFunctions.Utility_LookupValueInTableNumber($E$50, Table_SourceData_Dairy_ProductionSystemTemplates[Area],Table_SourceData_Dairy_ProductionSystemTemplates[Pasture])} -> 0.534 | F58: {=Common_InputFunctions.Utility_LookupValueInTableNumber($E$50, Table_SourceData_Dairy_ProductionSystemTemplates[Area],Table_SourceData_Dairy_ProductionSystemTemplates[Pasture])} -> 0.534 | G58: {=Common_InputFunctions.Utility_LookupValueInTableNumber($E$50, Table_SourceData_Dairy_ProductionSystemTemplates[Area],Table_SourceData_Dairy_ProductionSystemTemplates[Pasture])} -> 0.534 | H58: {=Common_InputFunctions.Utility_LookupValueInTableNumber($E$50, Table_SourceData_Dairy_ProductionSystemTemplates[Area],Table_SourceData_Dairy_ProductionSystemTemplates[Pasture])} -> 0.534 | I58: {=Common_InputFunctions.Utility_LookupValueInTableNumber($E$50, Table_SourceData_Dairy_ProductionSystemTemplates[Area],Table_SourceData_Dairy_ProductionSystemTemplates[Pasture])} -> 0.534 | J58: Percent
D59: Milking shed | E59: {=Common_InputFunctions.Utility_LookupValueInTableNumber($E$50, Table_SourceData_Dairy_ProductionSystemTemplates[Area],Table_SourceData_Dairy_ProductionSystemTemplates[Milking shed])} -> 0.11 | F59: {=Common_InputFunctions.Utility_LookupValueInTableNumber($E$50, Table_SourceData_Dairy_ProductionSystemTemplates[Area],Table_SourceData_Dairy_ProductionSystemTemplates[Milking shed])} -> 0.11 | G59: {=Common_InputFunctions.Utility_LookupValueInTableNumber($E$50, Table_SourceData_Dairy_ProductionSystemTemplates[Area],Table_SourceData_Dairy_ProductionSystemTemplates[Milking shed])} -> 0.11 | H59: {=Common_InputFunctions.Utility_LookupValueInTableNumber($E$50, Table_SourceData_Dairy_ProductionSystemTemplates[Area],Table_SourceData_Dairy_ProductionSystemTemplates[Milking shed])} -> 0.11 | I59: {=Common_InputFunctions.Utility_LookupValueInTableNumber($E$50, Table_SourceData_Dairy_ProductionSystemTemplates[Area],Table_SourceData_Dairy_ProductionSystemTemplates[Milking shed])} -> 0.11 | J59: Percent
D60: Feed pad | E60: {=Common_InputFunctions.Utility_LookupValueInTableNumber($E$50, Table_SourceData_Dairy_ProductionSystemTemplates[Area],Table_SourceData_Dairy_ProductionSystemTemplates[Feedpad])} -> 0.356 | F60: {=Common_InputFunctions.Utility_LookupValueInTableNumber($E$50, Table_SourceData_Dairy_ProductionSystemTemplates[Area],Table_SourceData_Dairy_ProductionSystemTemplates[Feedpad])} -> 0.356 | G60: {=Common_InputFunctions.Utility_LookupValueInTableNumber($E$50, Table_SourceData_Dairy_ProductionSystemTemplates[Area],Table_SourceData_Dairy_ProductionSystemTemplates[Feedpad])} -> 0.356 | H60: {=Common_InputFunctions.Utility_LookupValueInTableNumber($E$50, Table_SourceData_Dairy_ProductionSystemTemplates[Area],Table_SourceData_Dairy_ProductionSystemTemplates[Feedpad])} -> 0.356 | I60: {=Common_InputFunctions.Utility_LookupValueInTableNumber($E$50, Table_SourceData_Dairy_ProductionSystemTemplates[Area],Table_SourceData_Dairy_ProductionSystemTemplates[Feedpad])} -> 0.356 | J60: Percent
D63: Manure management systems
D64: ="From " & $D$54 -> From Milking shed
D66: Stage 1 MMS | E66: Milking cows | F66: Heifers > 1 year | G66: Heifers < 1 year | H66: Bulls > 1 year | I66: Bulls < 1 year
D67: ='Constants - Dairy'!$D$8 -> Anaerobic lagoon | E67: 0.25 | F67: 0.25 | G67: 0.25 | H67: 0.25 | I67: 0.25 | J67: Percent
D68: ="Were solids separated from " & $D$67 & "?" -> Were solids separated from Anaerobic lagoon? | E68: Yes | F68: ← Please select
D69: ="Percent solids separated from " & $D$67 & " (Method 1 - Do not edit)" -> Percent solids separated from Anaerobic lagoon (Method 1 - Do not edit) | E69: 0.2 | F69: Percent
D70: ="Percent solids separated from " & $D$67 & " (Method 2 - Edit if known)" -> Percent solids separated from Anaerobic lagoon (Method 2 - Edit if known) | E70: 0.2 | F70: Percent
D72: ='Constants - Dairy'!$D$9 -> Sump and dispersal system | E72: 0.25 | F72: 0.25 | G72: 0.25 | H72: 0.25 | I72: 0.25 | J72: Percent
D73: ="Were solids separated from " & $D$72 & "?" -> Were solids separated from Sump and dispersal system? | E73: Yes | F73: ← Please select
D74: ="Percent solids separated from " & $D$72 & " (Method 1 - Do not edit)" -> Percent solids separated from Sump and dispersal system (Method 1 - Do not edit) | E74: 0.2 | F74: Percent
D75: ="Percent solids separated from " & $D$72 & " (Method 2 - Edit if known)" -> Percent solids separated from Sump and dispersal system (Method 2 - Edit if known) | E75: 0.2 | F75: Percent
D77: ='Constants - Dairy'!$D$10 -> Drains to paddock | E77: 0.25 | F77: 0.25 | G77: 0.25 | H77: 0.25 | I77: 0.25 | J77: Percent
D78: ="Were solids separated from " & $D$77 & "?" -> Were solids separated from Drains to paddock? | E78: Yes | F78: ← Please select
D79: ="Percent solids separated from " & $D$77 & " (Method 1 - Do not edit)" -> Percent solids separated from Drains to paddock (Method 1 - Do not edit) | E79: 0.2 | F79: Percent
D80: ="Percent solids separated from " & $D$77 & " (Method 2 - Edit if known)" -> Percent solids separated from Drains to paddock (Method 2 - Edit if known) | E80: 0.2 | F80: Percent
D82: ='Constants - Dairy'!$D$11 -> Solid storage | E82: 0.25 | F82: 0.25 | G82: 0.25 | H82: 0.25 | I82: 0.25 | J82: Percent
D83: ="Perecnt separated from " & $D$67 & " (Method 1)" -> Perecnt separated from Anaerobic lagoon (Method 1) | E83: =E67*$E$69 -> 0.05 | F83: =F67*$E$69 -> 0.05 | G83: =G67*$E$69 -> 0.05 | H83: =H67*$E$69 -> 0.05 | I83: =I67*$E$69 -> 0.05 | J83: Percent
D84: ="Perecnt separated from " & $D$72 & " (Method 1)" -> Perecnt separated from Sump and dispersal system (Method 1) | E84: =E72*$E$74 -> 0.05 | F84: =F72*$E$74 -> 0.05 | G84: =G72*$E$74 -> 0.05 | H84: =H72*$E$74 -> 0.05 | I84: =I72*$E$74 -> 0.05 | J84: Percent
D85: ="Perecnt separated from " & $D$77 & " (Method 1)" -> Perecnt separated from Drains to paddock (Method 1) | E85: =E77*$E$79 -> 0.05 | F85: =F77*$E$79 -> 0.05 | G85: =G77*$E$79 -> 0.05 | H85: =H77*$E$79 -> 0.05 | I85: =I77*$E$79 -> 0.05 | J85: Percent
D86: Total percent sent to solid storage (Method 1) | E86: =E$82+SUM(E83:E85) -> 0.4 | F86: =F$82+SUM(F83:F85) -> 0.4 | G86: =G$82+SUM(G83:G85) -> 0.4 | H86: =H$82+SUM(H83:H85) -> 0.4 | I86: =I$82+SUM(I83:I85) -> 0.4 | J86: Percent
D88: Total manure sent to MMS (Must equal 100%) (Method 1) | E88: =(E67-(E67*$E$69))+(E72-(E72*$E$74))+(E77-(E77*$E$79))+E86 -> 1 | F88: =(F67-(F67*$E$69))+(F72-(F72*$E$74))+(F77-(F77*$E$79))+F86 -> 1 | G88: =(G67-(G67*$E$69))+(G72-(G72*$E$74))+(G77-(G77*$E$79))+G86 -> 1 | H88: =(H67-(H67*$E$69))+(H72-(H72*$E$74))+(H77-(H77*$E$79))+H86 -> 1 | I88: =(I67-(I67*$E$69))+(I72-(I72*$E$74))+(I77-(I77*$E$79))+I86 -> 1 | J88: Percent
D90: ="Perecnt separated from " & $D$67 & " (Method 2)" -> Perecnt separated from Anaerobic lagoon (Method 2) | E90: =E67*$E$70 -> 0.05 | F90: =F67*$E$70 -> 0.05 | G90: =G67*$E$70 -> 0.05 | H90: =H67*$E$70 -> 0.05 | I90: =I67*$E$70 -> 0.05 | J90: Percent
D91: ="Perecnt separated from " & $D$72 & " (Method 2)" -> Perecnt separated from Sump and dispersal system (Method 2) | E91: =E72*$E$75 -> 0.05 | F91: =F72*$E$75 -> 0.05 | G91: =G72*$E$75 -> 0.05 | H91: =H72*$E$75 -> 0.05 | I91: =I72*$E$75 -> 0.05 | J91: Percent
D92: ="Perecnt separated from " & $D$77 & " (Method 2)" -> Perecnt separated from Drains to paddock (Method 2) | E92: =E77*$E$80 -> 0.05 | F92: =F77*$E$80 -> 0.05 | G92: =G77*$E$80 -> 0.05 | H92: =H77*$E$80 -> 0.05 | I92: =I77*$E$80 -> 0.05 | J92: Percent
D93: Total percent sent to solid storage (Method 2) | E93: =E$82+SUM(E90:E92) -> 0.4 | F93: =F$82+SUM(F90:F92) -> 0.4 | G93: =G$82+SUM(G90:G92) -> 0.4 | H93: =H$82+SUM(H90:H92) -> 0.4 | I93: =I$82+SUM(I90:I92) -> 0.4 | J93: Percent
D95: Total manure sent to MMS (Must equal 100%) (Method 2) | E95: =(E67-(E67*$E$70))+(E72-(E72*$E$75))+(E77-(E77*$E$80))+E93 -> 1 | F95: =(F67-(F67*$E$70))+(F72-(F72*$E$75))+(F77-(F77*$E$80))+F93 -> 1 | G95: =(G67-(G67*$E$70))+(G72-(G72*$E$75))+(G77-(G77*$E$80))+G93 -> 1 | H95: =(H67-(H67*$E$70))+(H72-(H72*$E$75))+(H77-(H77*$E$80))+H93 -> 1 | I95: =(I67-(I67*$E$70))+(I72-(I72*$E$75))+(I77-(I77*$E$80))+I93 -> 1 | J95: Percent
D98: ="From " & $D$55 -> From Feed pad
D100: Stage 1 MMS | E100: Milking cows | F100: Heifers > 1 year | G100: Heifers < 1 year | H100: Bulls > 1 year | I100: Bulls < 1 year
D101: ='Constants - Dairy'!$D$8 -> Anaerobic lagoon | E101: 0.25 | F101: 0.25 | G101: 0.25 | H101: 0.25 | I101: 0.25 | J101: Percent
D102: ="Were solids separated from " & $D$67 & "?" -> Were solids separated from Anaerobic lagoon? | E102: No | F102: ← Please select
D103: ="Percent solids separated from " & $D$67 & " (Method 1 - Do not edit)" -> Percent solids separated from Anaerobic lagoon (Method 1 - Do not edit) | E103: =IF(E102="Yes", 20%, 0) -> 0 | F103: Percent
D104: ="Percent solids separated from " & $D$67 & " (Method 2 - Edit if known)" -> Percent solids separated from Anaerobic lagoon (Method 2 - Edit if known) | E104: =IF(E102="Yes", 20%, 0) -> 0 | F104: Percent
D106: ='Constants - Dairy'!$D$9 -> Sump and dispersal system | E106: 0.25 | F106: 0.25 | G106: 0.25 | H106: 0.25 | I106: 0.25 | J106: Percent
D107: ="Were solids separated from " & $D$72 & "?" -> Were solids separated from Sump and dispersal system? | E107: Yes | F107: ← Please select
D108: ="Percent solids separated from " & $D$72 & " (Method 1 - Do not edit)" -> Percent solids separated from Sump and dispersal system (Method 1 - Do not edit) | E108: =IF(E107="Yes", 20%, 0) -> 0.2 | F108: Percent
D109: ="Percent solids separated from " & $D$72 & " (Method 2 - Edit if known)" -> Percent solids separated from Sump and dispersal system (Method 2 - Edit if known) | E109: =IF(E107="Yes", 20%, 0) -> 0.2 | F109: Percent
D111: ='Constants - Dairy'!$D$10 -> Drains to paddock | E111: 0.25 | F111: 0.25 | G111: 0.25 | H111: 0.25 | I111: 0.25 | J111: Percent
D112: ="Were solids separated from " & $D$77 & "?" -> Were solids separated from Drains to paddock? | E112: Yes | F112: ← Please select
D113: ="Percent solids separated from " & $D$77 & " (Method 1 - Do not edit)" -> Percent solids separated from Drains to paddock (Method 1 - Do not edit) | E113: =IF(E112="Yes", 20%, 0) -> 0.2 | F113: Percent
D114: ="Percent solids separated from " & $D$77 & " (Method 2 - Edit if known)" -> Percent solids separated from Drains to paddock (Method 2 - Edit if known) | E114: =IF(E112="Yes", 20%, 0) -> 0.2 | F114: Percent
D116: ='Constants - Dairy'!$D$11 -> Solid storage | E116: 0.25 | F116: 0.25 | G116: 0.25 | H116: 0.25 | I116: 0.25 | J116: Percent
D117: ="Perecnt separated from " & $D$67 & " (Method 1)" -> Perecnt separated from Anaerobic lagoon (Method 1) | E117: =E101*$E$103 -> 0 | F117: =F101*$E$103 -> 0 | G117: =G101*$E$103 -> 0 | H117: =H101*$E$103 -> 0 | I117: =I101*$E$103 -> 0 | J117: Percent
D118: ="Perecnt separated from " & $D$72 & " (Method 1)" -> Perecnt separated from Sump and dispersal system (Method 1) | E118: =E106*$E$108 -> 0.05 | F118: =F106*$E$108 -> 0.05 | G118: =G106*$E$108 -> 0.05 | H118: =H106*$E$108 -> 0.05 | I118: =I106*$E$108 -> 0.05 | J118: Percent
D119: ="Perecnt separated from " & $D$77 & " (Method 1)" -> Perecnt separated from Drains to paddock (Method 1) | E119: =E111*$E$113 -> 0.05 | F119: =F111*$E$113 -> 0.05 | G119: =G111*$E$113 -> 0.05 | H119: =H111*$E$113 -> 0.05 | I119: =I111*$E$113 -> 0.05 | J119: Percent
D120: Total percent sent to solid storage (Method 1) | E120: =E$116+SUM(E117:E119) -> 0.35 | F120: =F$116+SUM(F117:F119) -> 0.35 | G120: =G$116+SUM(G117:G119) -> 0.35 | H120: =H$116+SUM(H117:H119) -> 0.35 | I120: =I$116+SUM(I117:I119) -> 0.35 | J120: Percent
D122: Total manure sent to MMS (Must equal 100%) (Method 1) | E122: =(E101-(E101*$E$103))+(E106-(E106*$E$108))+(E111-(E111*$E$113))+E120 -> 1 | F122: =(F101-(F101*$E$103))+(F106-(F106*$E$108))+(F111-(F111*$E$113))+F120 -> 1 | G122: =(G101-(G101*$E$103))+(G106-(G106*$E$108))+(G111-(G111*$E$113))+G120 -> 1 | H122: =(H101-(H101*$E$103))+(H106-(H106*$E$108))+(H111-(H111*$E$113))+H120 -> 1 | I122: =(I101-(I101*$E$103))+(I106-(I106*$E$108))+(I111-(I111*$E$113))+I120 -> 1 | J122: Percent
D124: ="Perecnt separated from " & $D$67 & " (Method 2)" -> Perecnt separated from Anaerobic lagoon (Method 2) | E124: =E101*$E$104 -> 0 | F124: =F101*$E$104 -> 0 | G124: =G101*$E$104 -> 0 | H124: =H101*$E$104 -> 0 | I124: =I101*$E$104 -> 0 | J124: Percent
D125: ="Perecnt separated from " & $D$72 & " (Method 2)" -> Perecnt separated from Sump and dispersal system (Method 2) | E125: =E106*$E$109 -> 0.05 | F125: =F106*$E$109 -> 0.05 | G125: =G106*$E$109 -> 0.05 | H125: =H106*$E$109 -> 0.05 | I125: =I106*$E$109 -> 0.05 | J125: Percent
D126: ="Perecnt separated from " & $D$77 & " (Method 2)" -> Perecnt separated from Drains to paddock (Method 2) | E126: =E111*$E$114 -> 0.05 | F126: =F111*$E$114 -> 0.05 | G126: =G111*$E$114 -> 0.05 | H126: =H111*$E$114 -> 0.05 | I126: =I111*$E$114 -> 0.05 | J126: Percent
D127: Total percent sent to solid storage (Method 2) | E127: =E$116+SUM(E124:E126) -> 0.35 | F127: =F$116+SUM(F124:F126) -> 0.35 | G127: =G$116+SUM(G124:G126) -> 0.35 | H127: =H$116+SUM(H124:H126) -> 0.35 | I127: =I$116+SUM(I124:I126) -> 0.35 | J127: Percent
D129: Total manure sent to MMS (Must equal 100%) (Method 2) | E129: =(E101-(E101*$E$104))+(E106-(E106*$E$109))+(E111-(E111*$E$114))+E127 -> 1 | F129: =(F101-(F101*$E$104))+(F106-(F106*$E$109))+(F111-(F111*$E$114))+F127 -> 1 | G129: =(G101-(G101*$E$104))+(G106-(G106*$E$109))+(G111-(G111*$E$114))+G127 -> 1 | H129: =(H101-(H101*$E$104))+(H106-(H106*$E$109))+(H111-(H111*$E$114))+H127 -> 1 | I129: =(I101-(I101*$E$104))+(I106-(I106*$E$109))+(I111-(I111*$E$114))+I127 -> 1 | J129: Percent
...

Sheet 4.3.1.1-2 Methane
A1: #VALUE! | C1: 4.3.1.1-2 Manure Methane
A3: =HYPERLINK("#'Home'!A1", "Home") -> Home | D3: Method 1 | O3: Method 2
A4: =HYPERLINK("#'Results'!A1", "Results") -> Results
D5: {=EntericMethane_Dairy_Equations.VEERG_3_3_1_1__6_MetabolisabilityOfDiet_Title()} -> Metabolisability of the diet based on Minson and McDonald (1987)
A6: INPUTS | D6: {=EntericMethane_Dairy_Equations.VEERG_3_3_1_1__6_MetabolisabilityOfDiet_Source()} -> VEERG 2026: 3.3.1.1, Equation (6)
A7: =HYPERLINK("#'Input - Site'!A1", "Site") -> Site | D7: Function name | E7: {=Common_InputFunctions.Utility_DisplayFunctionName(D23)} -> =EntericMethane_Dairy_Equations.VEERG_3_3_1_1__6_MetabolisabilityOfDiet
A8: =HYPERLINK("#'Input - Feedlot'!A1", "Feedlot") -> Feedlot
A10: CALCULATIONS | D10: Variable | E10: {=EntericMethane_Dairy_Equations.VEERG_3_3_1_1__6_MetabolisabilityOfDiet_Variable()} -> qm_j
A11: =HYPERLINK("#'4.1.1.1-2 Methane'!A1", "4.1.1.1-2 Methane") -> 4.1.1.1-2 Methane | D11: Unit | E11: {=EntericMethane_Dairy_Equations.VEERG_3_3_1_1__6_MetabolisabilityOfDiet_Unit()} -> fraction
A12: =HYPERLINK("#'4.1.1.3-4 Direct N20'!A1", "4.1.1.3-4 Direct N2O") -> 4.1.1.3-4 Direct N2O
A13: =HYPERLINK("#'4.1.1.5-6 Atmos Deposition'!A1", "4.1.1.5-6 Atmospheric deposition") -> 4.1.1.5-6 Atmospheric deposition | D13: {=EntericMethane_Dairy_Equations.VEERG_3_3_1_1__6_MetabolisabilityOfDiet_Arguments()} -> DMD_j | E13: dry matter digestibility expressed as a fraction | G13: ="See " & D15 -> See M1_Table_DMD_j
A14: =HYPERLINK("#'4.1.1.9 Manure applied to soils'!A1", "4.1.1.9 Manure applied to soils") -> 4.1.1.9 Manure applied to soils
D15: M1_Table_DMD_j | O15: M2_Table_DMD_j
A16: APPENDICES | D16: Dry matter digestibility (Method 1) | O16: Dry matter digestibility (Method 2)
A17: =HYPERLINK("#'Constants - Feedlot'!A1", "Constants - Feedlot") -> Constants - Feedlot | D17: Milking cows | E17: Heifers > 1 year | F17: Heifers < 1 year | G17: Bulls > 1 year | H17: Bulls < 1 year | O17: Milking cows | P17: Heifers > 1 year | Q17: Heifers < 1 year | R17: Bulls > 1 year | S17: Bulls < 1 year
A18: =HYPERLINK("#'Constants - Livestock'!A1", "Constants - Livestock") -> Constants - Livestock | D18: ='Input - Dairy'!$E$36 -> 0.75 | E18: ='Input - Dairy'!$F$36 -> 0.75 | F18: ='Input - Dairy'!$G$36 -> 0.75 | G18: ='Input - Dairy'!$H$36 -> 0.75 | H18: ='Input - Dairy'!$I$36 -> 0.75 | I18: fraction | O18: ='Input - Dairy'!$E$41 -> 0.75 | P18: ='Input - Dairy'!$F$41 -> 0.75 | Q18: ='Input - Dairy'!$G$41 -> 0.75 | R18: ='Input - Dairy'!$H$41 -> 0.75 | S18: ='Input - Dairy'!$I$41 -> 0.75 | T18: fraction
A19: =HYPERLINK("#'Constants - Common'!A1", "Constants - Common") -> Constants - Common
A20: =HYPERLINK("#'Acknowledgements'!A1", "Acknowledgements") -> Acknowledgements | D20: M1_Table_qm_j | O20: M2_Table_qm_j
D21: Metabolisability of diet (Method 1) | O21: Metabolisability of diet (Method 2)
D22: Milking cows | E22: Heifers > 1 year | F22: Heifers < 1 year | G22: Bulls > 1 year | H22: Bulls < 1 year | O22: Milking cows | P22: Heifers > 1 year | Q22: Heifers < 1 year | R22: Bulls > 1 year | S22: Bulls < 1 year
D23: {=EntericMethane_Dairy_Equations.VEERG_3_3_1_1__6_MetabolisabilityOfDiet(D18)} -> 59.6236 | E23: {=EntericMethane_Dairy_Equations.VEERG_3_3_1_1__6_MetabolisabilityOfDiet(E18)} -> 59.6236 | F23: {=EntericMethane_Dairy_Equations.VEERG_3_3_1_1__6_MetabolisabilityOfDiet(F18)} -> 59.6236 | G23: {=EntericMethane_Dairy_Equations.VEERG_3_3_1_1__6_MetabolisabilityOfDiet(G18)} -> 59.6236 | H23: {=EntericMethane_Dairy_Equations.VEERG_3_3_1_1__6_MetabolisabilityOfDiet(H18)} -> 59.6236 | I23: =$E$11 -> fraction | O23: {=EntericMethane_Dairy_Equations.VEERG_3_3_1_1__6_MetabolisabilityOfDiet(O18)} -> 59.6236 | P23: {=EntericMethane_Dairy_Equations.VEERG_3_3_1_1__6_MetabolisabilityOfDiet(P18)} -> 59.6236 | Q23: {=EntericMethane_Dairy_Equations.VEERG_3_3_1_1__6_MetabolisabilityOfDiet(Q18)} -> 59.6236 | R23: {=EntericMethane_Dairy_Equations.VEERG_3_3_1_1__6_MetabolisabilityOfDiet(R18)} -> 59.6236 | S23: {=EntericMethane_Dairy_Equations.VEERG_3_3_1_1__6_MetabolisabilityOfDiet(S18)} -> 59.6236 | T23: =$E$11 -> fraction
D27: {=EntericMethane_Dairy_Equations.VEERG_3_3_1_1__4_AdditionalIntakeForMilkProduction_Title()} -> Additional intake required for milk production
D28: {=EntericMethane_Dairy_Equations.VEERG_3_3_1_1__4_AdditionalIntakeForMilkProduction_Source()} -> VEERG 2026: 3.3.1.1, Equation (4)
D29: Function name | E29: {=Common_InputFunctions.Utility_DisplayFunctionName(D49)} -> =EntericMethane_Dairy_Equations.VEERG_3_3_1_1__4_AdditionalIntakeForMilkProduction
D32: Variable | E32: {=EntericMethane_Dairy_Equations.VEERG_3_3_1_1__4_AdditionalIntakeForMilkProduction_Variable()} -> MI_j
D33: Unit | E33: {=EntericMethane_Dairy_Equations.VEERG_3_3_1_1__4_AdditionalIntakeForMilkProduction_Unit()} -> kg DM/head/day
D35: {=EntericMethane_Dairy_Equations.VEERG_3_3_1_1__4_AdditionalIntakeForMilkProduction_Arguments()} -> MP_j | E35: milk production (L/head/day) | G35: ="See " & D41 -> See Table_MP_j
D36: NE | E36: net energy (MJ net energy/kg milk) | G36: ='Constants - Dairy'!$D$167 -> 3.054
D37: GEC | E37: gross energy content (MJ/kgDM) | G37: ='Constants - Dairy'!$D$174 -> 18.4
D38: k | E38: efficiency of metabolizable energy use for milk production (fraction) | G38: ='Constants - Dairy'!$D$181 -> 0.6
D39: qm_j | E39: metabolisability of the diet (fraction) | G39: ="See " & D20 -> See M1_Table_qm_j
D41: Table_MP_j
D42: Milk production
D43: Milking cows | E43: Heifers > 1 year | F43: Heifers < 1 year | G43: Bulls > 1 year | H43: Bulls < 1 year
D44: ='Input - Dairy'!$E$46 -> 44 | E44: 0 | F44: 0 | G44: 0 | H44: 0 | I44: L/head/day
D46: M1_Table_MI_j | O46: M2_Table_MI_j
D47: Additional intake for milk production (Method 1) | O47: Additional intake for milk production (Method 2)
D48: Milking cows | E48: Heifers > 1 year | F48: Heifers < 1 year | G48: Bulls > 1 year | H48: Bulls < 1 year | O48: Milking cows | P48: Heifers > 1 year | Q48: Heifers < 1 year | R48: Bulls > 1 year | S48: Bulls < 1 year
D49: {=EntericMethane_Dairy_Equations.VEERG_3_3_1_1__4_AdditionalIntakeForMilkProduction(D44, $G$36,$G$37,$G$38,D23)} -> 0.21026727 | E49: {=EntericMethane_Dairy_Equations.VEERG_3_3_1_1__4_AdditionalIntakeForMilkProduction(E44, $G$36,$G$37,$G$38,E23)} -> 0 | F49: {=EntericMethane_Dairy_Equations.VEERG_3_3_1_1__4_AdditionalIntakeForMilkProduction(F44, $G$36,$G$37,$G$38,F23)} -> 0 | G49: {=EntericMethane_Dairy_Equations.VEERG_3_3_1_1__4_AdditionalIntakeForMilkProduction(G44, $G$36,$G$37,$G$38,G23)} -> 0 | H49: {=EntericMethane_Dairy_Equations.VEERG_3_3_1_1__4_AdditionalIntakeForMilkProduction(H44, $G$36,$G$37,$G$38,H23)} -> 0 | I49: =$E$33 -> kg DM/head/day | O49: {=EntericMethane_Dairy_Equations.VEERG_3_3_1_1__4_AdditionalIntakeForMilkProduction(D44, $G$36,$G$37,$G$38,O23)} -> 0.21026727 | P49: {=EntericMethane_Dairy_Equations.VEERG_3_3_1_1__4_AdditionalIntakeForMilkProduction(E44, $G$36,$G$37,$G$38,P23)} -> 0 | Q49: {=EntericMethane_Dairy_Equations.VEERG_3_3_1_1__4_AdditionalIntakeForMilkProduction(F44, $G$36,$G$37,$G$38,Q23)} -> 0 | R49: {=EntericMethane_Dairy_Equations.VEERG_3_3_1_1__4_AdditionalIntakeForMilkProduction(G44, $G$36,$G$37,$G$38,R23)} -> 0 | S49: {=EntericMethane_Dairy_Equations.VEERG_3_3_1_1__4_AdditionalIntakeForMilkProduction(H44, $G$36,$G$37,$G$38,S23)} -> 0 | T49: =$E$33 -> kg DM/head/day
D53: {=EntericMethane_Dairy_Equations.VEERG_3_3_1_1__3_DryMatterFeedIntake_Title()} -> Feed intake based on Minson and McDonald (1987)
D54: {=EntericMethane_Dairy_Equations.VEERG_3_3_1_1__3_DryMatterFeedIntake_Source()} -> VEERG 2026: 3.3.1.1, Equation (3)
D55: Function name | E55: {=Common_InputFunctions.Utility_DisplayFunctionName(D84)} -> =EntericMethane_Dairy_Equations.VEERG_3_3_1_1__3_DryMatterFeedIntake
D58: Variable | E58: {=EntericMethane_Dairy_Equations.VEERG_3_3_1_1__3_DryMatterFeedIntake_Variable()} -> I_j
D59: Unit | E59: {=EntericMethane_Dairy_Equations.VEERG_3_3_1_1__3_DryMatterFeedIntake_Unit()} -> kg DM/head/day
D61: {=EntericMethane_Dairy_Equations.VEERG_3_3_1_1__3_DryMatterFeedIntake_Arguments()} -> W_j | E61: liveweight (kg) | G61: ="See " & D66 -> See M1_Table_W_j
D62: LWG_j | E62: liveweight gain (kg/head/day) | G62: ="See " & D71 -> See M1_Table_LWG_j
D63: MR_j | E63: increase in metabolic rate when producing milk (fraction) | G63: ="See " & D76 -> See Table_MR_j
D64: MI_j | E64: additional intake required for milk production (kg DM/head/day) | G64: ="See " & D46 -> See M1_Table_MI_j
D66: M1_Table_W_j | O66: M2_Table_W_j
D67: Liveweight for each animal class j (Method 1) | O67: Liveweight for each animal class j (Method 2)
D68: Milking cows | E68: Heifers > 1 year | F68: Heifers < 1 year | G68: Bulls > 1 year | H68: Bulls < 1 year | O68: Milking cows | P68: Heifers > 1 year | Q68: Heifers < 1 year | R68: Bulls > 1 year | S68: Bulls < 1 year
D69: ='Input - Dairy'!$E$14 -> 550 | E69: ='Input - Dairy'!$F$14 -> 380 | F69: ='Input - Dairy'!$G$14 -> 155 | G69: ='Input - Dairy'!$H$14 -> 600 | H69: ='Input - Dairy'!$I$14 -> 225 | I69: kg/head | O69: ='Input - Dairy'!$E$18 -> 550 | P69: ='Input - Dairy'!$F$18 -> 380 | Q69: ='Input - Dairy'!$G$18 -> 155 | R69: ='Input - Dairy'!$H$18 -> 600 | S69: ='Input - Dairy'!$I$18 -> 225 | T69: kg/head
D71: M1_Table_LWG_j | O71: M2_Table_LWG_j
D72: Liveweight gain for each animal class j (Method 1) | O72: Liveweight gain for each animal class j (Method 2)
D73: Milking cows | E73: Heifers > 1 year | F73: Heifers < 1 year | G73: Bulls > 1 year | H73: Bulls < 1 year | O73: Milking cows | P73: Heifers > 1 year | Q73: Heifers < 1 year | R73: Bulls > 1 year | S73: Bulls < 1 year
D74: ='Input - Dairy'!$E$15 -> 0.016 | E74: ='Input - Dairy'!$F$15 -> 0.6 | F74: ='Input - Dairy'!$G$15 -> 0.57 | G74: ='Input - Dairy'!$H$15 -> 0.1 | H74: ='Input - Dairy'!$I$15 -> 0.8 | I74: kg/head/day | O74: ='Input - Dairy'!$E$19 -> 0.016 | P74: ='Input - Dairy'!$F$19 -> 0.6 | Q74: ='Input - Dairy'!$G$19 -> 0.57 | R74: ='Input - Dairy'!$H$19 -> 0.1 | S74: ='Input - Dairy'!$I$19 -> 0.8 | T74: kg/head/day
D76: Table_MR_j
D77: Increase in metabolic rate when producing milk
D78: Milking cows | E78: Heifers > 1 year | F78: Heifers < 1 year | G78: Bulls > 1 year | H78: Bulls < 1 year
D79: ='Constants - Dairy'!$E$108 -> 1.1 | E79: ='Constants - Dairy'!$E$109 -> 1 | F79: ='Constants - Dairy'!$E$109 -> 1 | G79: ='Constants - Dairy'!$E$109 -> 1 | H79: ='Constants - Dairy'!$E$109 -> 1 | I79: Fraction
D81: M1_Table_I_j | O81: M2_Table_I_j
D82: Feed intake (Method 1) | O82: Feed intake (Method 2)
D83: Milking cows | E83: Heifers > 1 year | F83: Heifers < 1 year | G83: Bulls > 1 year | H83: Bulls < 1 year | O83: Milking cows | P83: Heifers > 1 year | Q83: Heifers < 1 year | R83: Bulls > 1 year | S83: Bulls < 1 year
D84: {=EntericMethane_Dairy_Equations.VEERG_3_3_1_1__3_DryMatterFeedIntake(D69,D74,D79,D49)} -> 9.4647128 | E84: {=EntericMethane_Dairy_Equations.VEERG_3_3_1_1__3_DryMatterFeedIntake(E69,E74,E79,E49)} -> 7.4188685 | F84: {=EntericMethane_Dairy_Equations.VEERG_3_3_1_1__3_DryMatterFeedIntake(F69,F74,F79,F49)} -> 4.0231735 | G84: {=EntericMethane_Dairy_Equations.VEERG_3_3_1_1__3_DryMatterFeedIntake(G69,G74,G79,G49)} -> 9.0270202 | H84: {=EntericMethane_Dairy_Equations.VEERG_3_3_1_1__3_DryMatterFeedIntake(H69,H74,H79,H49)} -> 5.4143473 | I84: =$E$59 -> kg DM/head/day | O84: {=EntericMethane_Dairy_Equations.VEERG_3_3_1_1__3_DryMatterFeedIntake(O69,O74,D79,O49)} -> 9.4647128 | P84: {=EntericMethane_Dairy_Equations.VEERG_3_3_1_1__3_DryMatterFeedIntake(P69,P74,E79,P49)} -> 7.4188685 | Q84: {=EntericMethane_Dairy_Equations.VEERG_3_3_1_1__3_DryMatterFeedIntake(Q69,Q74,F79,Q49)} -> 4.0231735 | R84: {=EntericMethane_Dairy_Equations.VEERG_3_3_1_1__3_DryMatterFeedIntake(R69,R74,G79,R49)} -> 9.0270202 | S84: {=EntericMethane_Dairy_Equations.VEERG_3_3_1_1__3_DryMatterFeedIntake(S69,S74,H79,S49)} -> 5.4143473 | T84: =$E$59 -> kg DM/head/day
D88: {=MMS_Dairy_Methane_Equations.VEERG_4_3_1_1__3_VolatileSolidsForWeanedDairyCattle_Title()} -> Volatile solids for weaned dairy cattle
D89: {=MMS_Dairy_Methane_Equations.VEERG_4_3_1_1__3_VolatileSolidsForWeanedDairyCattle_Source()} -> VEERG 2026: 4.3.1.1, Equation (3)
D90: Function name | E90: {=Common_InputFunctions.Utility_DisplayFunctionName(D103)} -> =MMS_Dairy_Methane_Equations.VEERG_4_3_1_1__3_VolatileSolidsForWeanedDairyCattle
D93: Variable | E93: {=MMS_Dairy_Methane_Equations.VEERG_4_3_1_1__3_VolatileSolidsForWeanedDairyCattle_Variable()} -> VS_j
D94: Unit | E94: {=MMS_Dairy_Methane_Equations.VEERG_4_3_1_1__3_VolatileSolidsForWeanedDairyCattle_Unit()} -> kg/head/day
D96: {=MMS_Dairy_Methane_Equations.VEERG_4_3_1_1__3_VolatileSolidsForWeanedDairyCattle_Arguments()} -> I_j | E96: dry matter feed intake (kgDM/head/day) | G96: ="See " & D81 -> See M1_Table_I_j
D97: DMD_j | E97: dry matter digestibility | G97: ="See " & D15 -> See M1_Table_DMD_j
D98: A | E98: ash content of feed intake | G98: ='Constants - Dairy'!$D$188 -> 0.08
D100: M1_Table_VS_j | O100: M2_Table_VS_j
D101: Volatile solids for weaned cattle (Method 1) | O101: Volatile solids for weaned cattle (Method 2)
D102: Milking cows | E102: Heifers > 1 year | F102: Heifers < 1 year | G102: Bulls > 1 year | H102: Bulls < 1 year | O102: Milking cows | P102: Heifers > 1 year | Q102: Heifers < 1 year | R102: Bulls > 1 year | S102: Bulls < 1 year
D103: {=MMS_Dairy_Methane_Equations.VEERG_4_3_1_1__3_VolatileSolidsForWeanedDairyCattle(D84,D18,$G$98)} -> 2.5251854 | E103: {=MMS_Dairy_Methane_Equations.VEERG_4_3_1_1__3_VolatileSolidsForWeanedDairyCattle(E84,E18,$G$98)} -> 1.9793541 | F103: {=MMS_Dairy_Methane_Equations.VEERG_4_3_1_1__3_VolatileSolidsForWeanedDairyCattle(F84,F18,$G$98)} -> 1.0733827 | G103: {=MMS_Dairy_Methane_Equations.VEERG_4_3_1_1__3_VolatileSolidsForWeanedDairyCattle(G84,G18,$G$98)} -> 2.408409 | H103: {=MMS_Dairy_Methane_Equations.VEERG_4_3_1_1__3_VolatileSolidsForWeanedDairyCattle(H84,H18,$G$98)} -> 1.4445479 | I103: =$E$94 -> kg/head/day | O103: {=MMS_Dairy_Methane_Equations.VEERG_4_3_1_1__3_VolatileSolidsForWeanedDairyCattle(O84,O18,$G$98)} -> 2.5251854 | P103: {=MMS_Dairy_Methane_Equations.VEERG_4_3_1_1__3_VolatileSolidsForWeanedDairyCattle(P84,P18,$G$98)} -> 1.9793541 | Q103: {=MMS_Dairy_Methane_Equations.VEERG_4_3_1_1__3_VolatileSolidsForWeanedDairyCattle(Q84,Q18,$G$98)} -> 1.0733827 | R103: {=MMS_Dairy_Methane_Equations.VEERG_4_3_1_1__3_VolatileSolidsForWeanedDairyCattle(R84,R18,$G$98)} -> 2.408409 | S103: {=MMS_Dairy_Methane_Equations.VEERG_4_3_1_1__3_VolatileSolidsForWeanedDairyCattle(S84,S18,$G$98)} -> 1.4445479 | T103: =$E$94 -> kg/head/day
D107: {=MMS_Dairy_Methane_Equations.VEERG_4_3_1_1__4_FractionVolatileSolidsNotSolidStorage_Title()} -> Fraction of volatile solids in each system other than solid storage
D108: {=MMS_Dairy_Methane_Equations.VEERG_4_3_1_1__4_FractionVolatileSolidsNotSolidStorage_Source()} -> VEERG 2026: 4.3.1.1, Equation (4)
D109: Function name | E109: {=Common_InputFunctions.Utility_DisplayFunctionName(F141)} -> =MMS_Dairy_Methane_Equations.VEERG_4_3_1_1__4_FractionVolatileSolidsNotSolidStorage
F111: Equation 5 includes MMS subscripts, this should too
D112: Variable | E112: {=MMS_Dairy_Methane_Equations.VEERG_4_3_1_1__4_FractionVolatileSolidsNotSolidStorage_Variable()} -> FVS_jm
D113: Unit | E113: {=MMS_Dairy_Methane_Equations.VEERG_4_3_1_1__4_FractionVolatileSolidsNotSolidStorage_Unit()} -> fraction
D115: {=MMS_Dairy_Methane_Equations.VEERG_4_3_1_1__4_FractionVolatileSolidsNotSolidStorage_Arguments()} -> MMS_jm | E115: fraction of manure to each primary MMS for each class prior to solid separation | G115: ="See " & D118 -> See M1_Table_MMS_j_m
D116: SS_m | E116: fraction of volatile solids separated to solid storage for each MMS | G116: ="See " & D128 -> See M1_Table_SS_m
D118: M1_Table_MMS_j_m | O118: M2_Table_MMS_j_m
D119: Fraction of manure in each MMS prior to solid separation (Method 1) | O119: Fraction of manure in each MMS prior to solid separation (Method 2)
D120: Production system | E120: MMS | F120: Milking cows | G120: Heifers > 1 year | H120: Heifers < 1 year | I120: Bulls > 1 year | J120: Bulls < 1 year | O120: Production system | P120: MMS | Q120: Milking cows | R120: Heifers > 1 year | S120: Heifers < 1 year | T120: Bulls > 1 year | U120: Bulls < 1 year
D121: ='Input - Dairy'!$D$54 -> Milking shed | E121: ='Input - Dairy'!$D$67 -> Anaerobic lagoon | F121: ='Input - Dairy'!E$54*'Input - Dairy'!E67 -> 0.0275 | G121: ='Input - Dairy'!F$54*'Input - Dairy'!F67 -> 0.0275 | H121: ='Input - Dairy'!G$54*'Input - Dairy'!G67 -> 0.0275 | I121: ='Input - Dairy'!H$54*'Input - Dairy'!H67 -> 0.0275 | J121: ='Input - Dairy'!I$54*'Input - Dairy'!I67 -> 0.0275 | K121: Fraction | O121: ='Input - Dairy'!$D$54 -> Milking shed | P121: ='Input - Dairy'!$D$67 -> Anaerobic lagoon | Q121: ='Input - Dairy'!E$59*'Input - Dairy'!E67 -> 0.0275 | R121: ='Input - Dairy'!F$59*'Input - Dairy'!F67 -> 0.0275 | S121: ='Input - Dairy'!G$59*'Input - Dairy'!G67 -> 0.0275 | T121: ='Input - Dairy'!H$59*'Input - Dairy'!H67 -> 0.0275 | U121: ='Input - Dairy'!I$59*'Input - Dairy'!I67 -> 0.0275 | V121: Fraction
D122: ='Input - Dairy'!$D$54 -> Milking shed | E122: ='Input - Dairy'!$D$72 -> Sump and dispersal system | F122: ='Input - Dairy'!E$54*'Input - Dairy'!E72 -> 0.0275 | G122: ='Input - Dairy'!F$54*'Input - Dairy'!F72 -> 0.0275 | H122: ='Input - Dairy'!G$54*'Input - Dairy'!G72 -> 0.0275 | I122: ='Input - Dairy'!H$54*'Input - Dairy'!H72 -> 0.0275 | J122: ='Input - Dairy'!I$54*'Input - Dairy'!I72 -> 0.0275 | K122: Fraction | O122: ='Input - Dairy'!$D$54 -> Milking shed | P122: ='Input - Dairy'!$D$72 -> Sump and dispersal system | Q122: ='Input - Dairy'!E$59*'Input - Dairy'!E72 -> 0.0275 | R122: ='Input - Dairy'!F$59*'Input - Dairy'!F72 -> 0.0275 | S122: ='Input - Dairy'!G$59*'Input - Dairy'!G72 -> 0.0275 | T122: ='Input - Dairy'!H$59*'Input - Dairy'!H72 -> 0.0275 | U122: ='Input - Dairy'!I$59*'Input - Dairy'!I72 -> 0.0275 | V122: Fraction
D123: ='Input - Dairy'!$D$54 -> Milking shed | E123: ='Input - Dairy'!$D$77 -> Drains to paddock | F123: ='Input - Dairy'!E$54*'Input - Dairy'!E77 -> 0.0275 | G123: ='Input - Dairy'!F$54*'Input - Dairy'!F77 -> 0.0275 | H123: ='Input - Dairy'!G$54*'Input - Dairy'!G77 -> 0.0275 | I123: ='Input - Dairy'!H$54*'Input - Dairy'!H77 -> 0.0275 | J123: ='Input - Dairy'!I$54*'Input - Dairy'!I77 -> 0.0275 | K123: Fraction | O123: ='Input - Dairy'!$D$54 -> Milking shed | P123: ='Input - Dairy'!$D$77 -> Drains to paddock | Q123: ='Input - Dairy'!E$59*'Input - Dairy'!E77 -> 0.0275 | R123: ='Input - Dairy'!F$59*'Input - Dairy'!F77 -> 0.0275 | S123: ='Input - Dairy'!G$59*'Input - Dairy'!G77 -> 0.0275 | T123: ='Input - Dairy'!H$59*'Input - Dairy'!H77 -> 0.0275 | U123: ='Input - Dairy'!I$59*'Input - Dairy'!I77 -> 0.0275 | V123: Fraction
D124: ='Input - Dairy'!$D$55 -> Feed pad | E124: ='Input - Dairy'!$D$101 -> Anaerobic lagoon | F124: ='Input - Dairy'!E$55*'Input - Dairy'!E101 -> 0.089 | G124: ='Input - Dairy'!F$55*'Input - Dairy'!F101 -> 0.089 | H124: ='Input - Dairy'!G$55*'Input - Dairy'!G101 -> 0.089 | I124: ='Input - Dairy'!H$55*'Input - Dairy'!H101 -> 0.089 | J124: ='Input - Dairy'!I$55*'Input - Dairy'!I101 -> 0.089 | K124: Fraction | O124: ='Input - Dairy'!$D$55 -> Feed pad | P124: ='Input - Dairy'!$D$101 -> Anaerobic lagoon | Q124: ='Input - Dairy'!E$60*'Input - Dairy'!E101 -> 0.089 | R124: ='Input - Dairy'!F$60*'Input - Dairy'!F101 -> 0.089 | S124: ='Input - Dairy'!G$60*'Input - Dairy'!G101 -> 0.089 | T124: ='Input - Dairy'!H$60*'Input - Dairy'!H101 -> 0.089 | U124: ='Input - Dairy'!I$60*'Input - Dairy'!I101 -> 0.089 | V124: Fraction
D125: ='Input - Dairy'!$D$55 -> Feed pad | E125: ='Input - Dairy'!$D$106 -> Sump and dispersal system | F125: ='Input - Dairy'!E$55*'Input - Dairy'!E106 -> 0.089 | G125: ='Input - Dairy'!F$55*'Input - Dairy'!F106 -> 0.089 | H125: ='Input - Dairy'!G$55*'Input - Dairy'!G106 -> 0.089 | I125: ='Input - Dairy'!H$55*'Input - Dairy'!H106 -> 0.089 | J125: ='Input - Dairy'!I$55*'Input - Dairy'!I106 -> 0.089 | K125: Fraction | O125: ='Input - Dairy'!$D$55 -> Feed pad | P125: ='Input - Dairy'!$D$106 -> Sump and dispersal system | Q125: ='Input - Dairy'!E$60*'Input - Dairy'!E106 -> 0.089 | R125: ='Input - Dairy'!F$60*'Input - Dairy'!F106 -> 0.089 | S125: ='Input - Dairy'!G$60*'Input - Dairy'!G106 -> 0.089 | T125: ='Input - Dairy'!H$60*'Input - Dairy'!H106 -> 0.089 | U125: ='Input - Dairy'!I$60*'Input - Dairy'!I106 -> 0.089 | V125: Fraction
D126: ='Input - Dairy'!$D$55 -> Feed pad | E126: ='Input - Dairy'!$D$111 -> Drains to paddock | F126: ='Input - Dairy'!E$55*'Input - Dairy'!E111 -> 0.089 | G126: ='Input - Dairy'!F$55*'Input - Dairy'!F111 -> 0.089 | H126: ='Input - Dairy'!G$55*'Input - Dairy'!G111 -> 0.089 | I126: ='Input - Dairy'!H$55*'Input - Dairy'!H111 -> 0.089 | J126: ='Input - Dairy'!I$55*'Input - Dairy'!I111 -> 0.089 | K126: Fraction | O126: ='Input - Dairy'!$D$55 -> Feed pad | P126: ='Input - Dairy'!$D$111 -> Drains to paddock | Q126: ='Input - Dairy'!E$60*'Input - Dairy'!E111 -> 0.089 | R126: ='Input - Dairy'!F$60*'Input - Dairy'!F111 -> 0.089 | S126: ='Input - Dairy'!G$60*'Input - Dairy'!G111 -> 0.089 | T126: ='Input - Dairy'!H$60*'Input - Dairy'!H111 -> 0.089 | U126: ='Input - Dairy'!I$60*'Input - Dairy'!I111 -> 0.089 | V126: Fraction
D128: M1_Table_SS_m | O128: M2_Table_SS_m
D129: Fraction volatile solids separated to solid storage (Method 1) | O129: Fraction volatile solids separated to solid storage (Method 2)
D130: Production system | E130: MMS | F130: SS | O130: Production system | P130: MMS | Q130: SS
D131: ='Input - Dairy'!$D$54 -> Milking shed | E131: ='Input - Dairy'!$D$67 -> Anaerobic lagoon | F131: ='Input - Dairy'!$E$69 -> 0.2 | G131: Fraction | O131: ='Input - Dairy'!$D$54 -> Milking shed | P131: ='Input - Dairy'!$D$67 -> Anaerobic lagoon | Q131: ='Input - Dairy'!$E$70 -> 0.2 | R131: Fraction
D132: ='Input - Dairy'!$D$54 -> Milking shed | E132: ='Input - Dairy'!$D$72 -> Sump and dispersal system | F132: ='Input - Dairy'!$E$74 -> 0.2 | G132: Fraction | O132: ='Input - Dairy'!$D$54 -> Milking shed | P132: ='Input - Dairy'!$D$72 -> Sump and dispersal system | Q132: ='Input - Dairy'!$E$75 -> 0.2 | R132: Fraction
D133: ='Input - Dairy'!$D$54 -> Milking shed | E133: ='Input - Dairy'!$D$77 -> Drains to paddock | F133: ='Input - Dairy'!$E$79 -> 0.2 | G133: Fraction | O133: ='Input - Dairy'!$D$54 -> Milking shed | P133: ='Input - Dairy'!$D$77 -> Drains to paddock | Q133: ='Input - Dairy'!$E$80 -> 0.2 | R133: Fraction
D134: ='Input - Dairy'!$D$55 -> Feed pad | E134: ='Input - Dairy'!$D$101 -> Anaerobic lagoon | F134: ='Input - Dairy'!$E$103 -> 0 | G134: Fraction | O134: ='Input - Dairy'!$D$55 -> Feed pad | P134: ='Input - Dairy'!$D$101 -> Anaerobic lagoon | Q134: ='Input - Dairy'!$E$104 -> 0 | R134: Fraction
...

Sheet 4.3.1.3-4 Direct N20
A1: #VALUE! | C1: 4.3.1.3-4 Manure Direct N2O
A3: =HYPERLINK("#'Home'!A1", "Home") -> Home | D3: Method 1 | N3: Method 2
A4: =HYPERLINK("#'Results'!A1", "Results") -> Results
D5: {=MMS_Dairy_N2ODirect_Equations.VEERG_4_3_1_3__8_RelativeSize_Title()} -> Relative size
A6: INPUTS | D6: {=MMS_Dairy_N2ODirect_Equations.VEERG_4_3_1_3__8_RelativeSize_Source()} -> VEERG 2026: 4.3.1.3, Equation (8)
A7: =HYPERLINK("#'Input - Site'!A1", "Site") -> Site | D7: Function name | E7: {=Common_InputFunctions.Utility_DisplayFunctionName(D29)} -> =MMS_Dairy_N2ODirect_Equations.VEERG_4_3_1_3__8_RelativeSize
A8: =HYPERLINK("#'Input - Feedlot'!A1", "Feedlot") -> Feedlot
A10: CALCULATIONS | D10: Variable | E10: {=MMS_Dairy_N2ODirect_Equations.VEERG_4_3_1_3__8_RelativeSize_Variable()} -> Z_j
A11: =HYPERLINK("#'4.1.1.1-2 Methane'!A1", "4.1.1.1-2 Methane") -> 4.1.1.1-2 Methane | D11: Unit | E11: {=MMS_Dairy_N2ODirect_Equations.VEERG_4_3_1_3__8_RelativeSize_Unit()} -> ratio
A12: =HYPERLINK("#'4.1.1.3-4 Direct N20'!A1", "4.1.1.3-4 Direct N2O") -> 4.1.1.3-4 Direct N2O
A13: =HYPERLINK("#'4.1.1.5-6 Atmos Deposition'!A1", "4.1.1.5-6 Atmospheric deposition") -> 4.1.1.5-6 Atmospheric deposition | D13: {=MMS_Dairy_N2ODirect_Equations.VEERG_4_3_1_3__8_RelativeSize_Arguments()} -> W_j | E13: liveweight (kg) | F13: ="See " & D16 -> See M1_Table_W_j
A14: =HYPERLINK("#'4.1.1.9 Manure applied to soils'!A1", "4.1.1.9 Manure applied to soils") -> 4.1.1.9 Manure applied to soils | D14: WR_j | E14: reference weight (kg) | F14: ="See " & D21 -> See Table_WR_j
A16: APPENDICES | D16: M1_Table_W_j | N16: M2_Table_W_j
A17: =HYPERLINK("#'Constants - Feedlot'!A1", "Constants - Feedlot") -> Constants - Feedlot | D17: Liveweight for each animal class j (Method 1) | N17: Liveweight for each animal class j (Method 2)
A18: =HYPERLINK("#'Constants - Livestock'!A1", "Constants - Livestock") -> Constants - Livestock | D18: Milking cows | E18: Heifers > 1 year | F18: Heifers < 1 year | G18: Bulls > 1 year | H18: Bulls < 1 year | N18: Milking cows | O18: Heifers > 1 year | P18: Heifers < 1 year | Q18: Bulls > 1 year | R18: Bulls < 1 year
A19: =HYPERLINK("#'Constants - Common'!A1", "Constants - Common") -> Constants - Common | D19: ='Input - Dairy'!$E$14 -> 550 | E19: ='Input - Dairy'!$F$14 -> 380 | F19: ='Input - Dairy'!$G$14 -> 155 | G19: ='Input - Dairy'!$H$14 -> 600 | H19: ='Input - Dairy'!$I$14 -> 225 | I19: kg/head | N19: ='Input - Dairy'!$E$18 -> 550 | O19: ='Input - Dairy'!$F$18 -> 380 | P19: ='Input - Dairy'!$G$18 -> 155 | Q19: ='Input - Dairy'!$H$18 -> 600 | R19: ='Input - Dairy'!$I$18 -> 225 | S19: kg/head
A20: =HYPERLINK("#'Acknowledgements'!A1", "Acknowledgements") -> Acknowledgements
D21: Table_WR_j
D22: Reference weight for each animal class
D23: Milking cows | E23: Heifers > 1 year | F23: Heifers < 1 year | G23: Bulls > 1 year | H23: Bulls < 1 year
D24: {=Table_SourceData_Dairy_WRj[Milking cows]} -> 590 | E24: {=Table_SourceData_Dairy_WRj[Heifers > 1]} -> 590 | F24: {=Table_SourceData_Dairy_WRj[Heifers < 1 (weaned)]} -> 590 | G24: {=Table_SourceData_Dairy_WRj[Bulls > 1]} -> 770 | H24: {=Table_SourceData_Dairy_WRj[Bulls < 1 (weaned)]} -> 770 | I24: kg/head
D26: M1_Table_Z_j | N26: M1_Table_Z_j
D27: Relative size for each animal class (Method 1) | N27: Relative size for each animal class (Method 1)
D28: Milking cows | E28: Heifers > 1 year | F28: Heifers < 1 year | G28: Bulls > 1 year | H28: Bulls < 1 year | N28: Milking cows | O28: Heifers > 1 year | P28: Heifers < 1 year | Q28: Bulls > 1 year | R28: Bulls < 1 year
D29: {=MMS_Dairy_N2ODirect_Equations.VEERG_4_3_1_3__8_RelativeSize(D19,D24)} -> 0.93220339 | E29: {=MMS_Dairy_N2ODirect_Equations.VEERG_4_3_1_3__8_RelativeSize(E19,E24)} -> 0.6440678 | F29: {=MMS_Dairy_N2ODirect_Equations.VEERG_4_3_1_3__8_RelativeSize(F19,F24)} -> 0.26271186 | G29: {=MMS_Dairy_N2ODirect_Equations.VEERG_4_3_1_3__8_RelativeSize(G19,G24)} -> 0.77922078 | H29: {=MMS_Dairy_N2ODirect_Equations.VEERG_4_3_1_3__8_RelativeSize(H19,H24)} -> 0.29220779 | I29: =$E$11 -> ratio | N29: {=MMS_Dairy_N2ODirect_Equations.VEERG_4_3_1_3__8_RelativeSize(N19,D24)} -> 0.93220339 | O29: {=MMS_Dairy_N2ODirect_Equations.VEERG_4_3_1_3__8_RelativeSize(O19,E24)} -> 0.6440678 | P29: {=MMS_Dairy_N2ODirect_Equations.VEERG_4_3_1_3__8_RelativeSize(P19,F24)} -> 0.26271186 | Q29: {=MMS_Dairy_N2ODirect_Equations.VEERG_4_3_1_3__8_RelativeSize(Q19,G24)} -> 0.77922078 | R29: {=MMS_Dairy_N2ODirect_Equations.VEERG_4_3_1_3__8_RelativeSize(R19,H24)} -> 0.29220779 | S29: =$E$11 -> ratio
D33: {=MMS_Dairy_N2ODirect_Equations.VEERG_4_3_1_3__7_IntakeRelativeToMaintenance_Title()} -> Intake relative to maintenance
D34: {=MMS_Dairy_N2ODirect_Equations.VEERG_4_3_1_3__7_IntakeRelativeToMaintenance_Source()} -> VEERG 2026: 4.3.1.3, Equation (7)
D35: Function name | E35: {=Common_InputFunctions.Utility_DisplayFunctionName(D65)} -> =MMS_Dairy_N2ODirect_Equations.VEERG_4_3_1_3__7_IntakeRelativeToMaintenance
D39: Variable | E39: {=MMS_Dairy_N2ODirect_Equations.VEERG_4_3_1_3__7_IntakeRelativeToMaintenance_Variable()} -> L_j
D40: Unit | E40: {=MMS_Dairy_N2ODirect_Equations.VEERG_4_3_1_3__7_IntakeRelativeToMaintenance_Unit()} -> ratio
D42: {=MMS_Dairy_N2ODirect_Equations.VEERG_4_3_1_3__7_IntakeRelativeToMaintenance_Arguments()} -> I_j | E42: dry matter intake (kgDM/head/day) | G42: ="See " & D47 -> See M1_Table_I_j
D43: W_j | E43: liveweight (kg) | G43: ="See " & D16 -> See M1_Table_W_j
D44: MR_j | E44: increase in metabolic rate when producing milk | G44: ="See " & D52 -> See Table_MR_j
D45: MI_j | E45: additional intake required for milk production (kgDM/head/day) | G45: ="See " & D57 -> See M1_Table_MI_j
D47: M1_Table_I_j | N47: M2_Table_I_j
D48: Feed intake (Method 1) | N48: Feed intake (Method 2)
D49: Milking cows | E49: Heifers > 1 year | F49: Heifers < 1 year | G49: Bulls > 1 year | H49: Bulls < 1 year | N49: Milking cows | O49: Heifers > 1 year | P49: Heifers < 1 year | Q49: Bulls > 1 year | R49: Bulls < 1 year
D50: ='4.3.1.1-2 Methane'!D84 -> 9.4647128 | E50: ='4.3.1.1-2 Methane'!E84 -> 7.4188685 | F50: ='4.3.1.1-2 Methane'!F84 -> 4.0231735 | G50: ='4.3.1.1-2 Methane'!G84 -> 9.0270202 | H50: ='4.3.1.1-2 Methane'!H84 -> 5.4143473 | I50: ='4.3.1.1-2 Methane'!I84 -> kg DM/head/day | N50: ='4.3.1.1-2 Methane'!O84 -> 9.4647128 | O50: ='4.3.1.1-2 Methane'!P84 -> 7.4188685 | P50: ='4.3.1.1-2 Methane'!Q84 -> 4.0231735 | Q50: ='4.3.1.1-2 Methane'!R84 -> 9.0270202 | R50: ='4.3.1.1-2 Methane'!S84 -> 5.4143473 | S50: ='4.3.1.1-2 Methane'!T84 -> kg DM/head/day
D52: Table_MR_j
D53: Increase in metabolic rate when producing milk
D54: Milking cows | E54: Heifers > 1 year | F54: Heifers < 1 year | G54: Bulls > 1 year | H54: Bulls < 1 year
D55: ='Constants - Dairy'!$E$108 -> 1.1 | E55: ='Constants - Dairy'!$E$109 -> 1 | F55: ='Constants - Dairy'!$E$109 -> 1 | G55: ='Constants - Dairy'!$E$109 -> 1 | H55: ='Constants - Dairy'!$E$109 -> 1 | I55: Fraction
D57: M1_Table_MI_j
D58: Additional intake for milk production (Method 1)
D59: Milking cows | E59: Heifers > 1 year | F59: Heifers < 1 year | G59: Bulls > 1 year | H59: Bulls < 1 year
D60: ='4.3.1.1-2 Methane'!D49 -> 0.21026727 | E60: ='4.3.1.1-2 Methane'!E49 -> 0 | F60: ='4.3.1.1-2 Methane'!F49 -> 0 | G60: ='4.3.1.1-2 Methane'!G49 -> 0 | H60: ='4.3.1.1-2 Methane'!H49 -> 0 | I60: ='4.3.1.1-2 Methane'!I49 -> kg DM/head/day
D62: M1_Table_L_j | N62: M2_Table_L_j
D63: Intake relative to maintenance (Method 1) | N63: Intake relative to maintenance (Method 2)
D64: Milking cows | E64: Heifers > 1 year | F64: Heifers < 1 year | G64: Bulls > 1 year | H64: Bulls < 1 year | N64: Milking cows | O64: Heifers > 1 year | P64: Heifers < 1 year | Q64: Bulls > 1 year | R64: Bulls < 1 year
D65: {=MMS_Dairy_N2ODirect_Equations.VEERG_4_3_1_3__7_IntakeRelativeToMaintenance(D50,D19,D55,D60)} -> 1.0034066 | E65: {=MMS_Dairy_N2ODirect_Equations.VEERG_4_3_1_3__7_IntakeRelativeToMaintenance(E50,E19,E55,E60)} -> 1.1546862 | F65: {=MMS_Dairy_N2ODirect_Equations.VEERG_4_3_1_3__7_IntakeRelativeToMaintenance(F50,F19,F55,F60)} -> 1.2063003 | G65: {=MMS_Dairy_N2ODirect_Equations.VEERG_4_3_1_3__7_IntakeRelativeToMaintenance(G50,G19,G55,G60)} -> 1.021303 | H65: {=MMS_Dairy_N2ODirect_Equations.VEERG_4_3_1_3__7_IntakeRelativeToMaintenance(H50,H19,H55,H60)} -> 1.2576571 | I65: =$E$40 -> ratio | N65: {=MMS_Dairy_N2ODirect_Equations.VEERG_4_3_1_3__7_IntakeRelativeToMaintenance(N50,N19,D55,D60)} -> 1.0034066 | O65: {=MMS_Dairy_N2ODirect_Equations.VEERG_4_3_1_3__7_IntakeRelativeToMaintenance(O50,O19,E55,E60)} -> 1.1546862 | P65: {=MMS_Dairy_N2ODirect_Equations.VEERG_4_3_1_3__7_IntakeRelativeToMaintenance(P50,P19,F55,F60)} -> 1.2063003 | Q65: {=MMS_Dairy_N2ODirect_Equations.VEERG_4_3_1_3__7_IntakeRelativeToMaintenance(Q50,Q19,G55,G60)} -> 1.021303 | R65: {=MMS_Dairy_N2ODirect_Equations.VEERG_4_3_1_3__7_IntakeRelativeToMaintenance(R50,R19,H55,H60)} -> 1.2576571 | S65: =$E$40 -> ratio
D69: {=MMS_Dairy_N2ODirect_Equations.VEERG_4_3_1_3__6_NitrogenRetainedByBody_Title()} -> Amount of nitrogen retained by the body
D70: {=MMS_Dairy_N2ODirect_Equations.VEERG_4_3_1_3__6_NitrogenRetainedByBody_Source()} -> VEERG 2026: 4.3.1.3, Equation (6)
D71: Function name | E71: {=Common_InputFunctions.Utility_DisplayFunctionName(D96)} -> =MMS_Dairy_N2ODirect_Equations.VEERG_4_3_1_3__6_NitrogenRetainedByBody
D75: Variable | E75: {=MMS_Dairy_N2ODirect_Equations.VEERG_4_3_1_3__6_NitrogenRetainedByBody_Variable()} -> NR_j
D76: Unit | E76: {=MMS_Dairy_N2ODirect_Equations.VEERG_4_3_1_3__6_NitrogenRetainedByBody_Unit()} -> kg N/head/day
D78: {=MMS_Dairy_N2ODirect_Equations.VEERG_4_3_1_3__6_NitrogenRetainedByBody_Arguments()} -> MP_j | E78: milk production (L/head/day) | G78: ="See " & D83 -> See Table_MP_j
D79: L_j | E79: intake relative to maintenance | G79: ="See " & D62 -> See M1_Table_L_j
D80: Z_j | E80: relative size | G80: ="See " & D26 -> See M1_Table_Z_j
D81: LWG_j | E81: liveweight gain (kg/day) | G81: ="See " & D88 -> See M1_Table_LWG_j
D83: Table_MP_j
D84: Milk production
D85: Milking cows | E85: Heifers > 1 year | F85: Heifers < 1 year | G85: Bulls > 1 year | H85: Bulls < 1 year
D86: ='Input - Dairy'!$E$46 -> 44 | E86: 0 | F86: 0 | G86: 0 | H86: 0 | I86: L/head/day
D88: M1_Table_LWG_j | N88: M2_Table_LWG_j
D89: Liveweight gain for each animal class j (Method 1) | N89: Liveweight gain for each animal class j (Method 2)
D90: Milking cows | E90: Heifers > 1 year | F90: Heifers < 1 year | G90: Bulls > 1 year | H90: Bulls < 1 year | N90: Milking cows | O90: Heifers > 1 year | P90: Heifers < 1 year | Q90: Bulls > 1 year | R90: Bulls < 1 year
D91: ='Input - Dairy'!$E$15 -> 0.016 | E91: ='Input - Dairy'!$F$15 -> 0.6 | F91: ='Input - Dairy'!$G$15 -> 0.57 | G91: ='Input - Dairy'!$H$15 -> 0.1 | H91: ='Input - Dairy'!$I$15 -> 0.8 | I91: kg/head/day | N91: ='Input - Dairy'!$E$19 -> 0.016 | O91: ='Input - Dairy'!$F$19 -> 0.6 | P91: ='Input - Dairy'!$G$19 -> 0.57 | Q91: ='Input - Dairy'!$H$19 -> 0.1 | R91: ='Input - Dairy'!$I$19 -> 0.8 | S91: kg/head/day
D93: M1_Table_NR_j | N93: M2_Table_NR_j
D94: Nitrogen retained in the body for each animal class j (Method 1) | N94: Nitrogen retained in the body for each animal class j (Method 2)
D95: Milking cows | E95: Heifers > 1 year | F95: Heifers < 1 year | G95: Bulls > 1 year | H95: Bulls < 1 year | N95: Milking cows | O95: Heifers > 1 year | P95: Heifers < 1 year | Q95: Bulls > 1 year | R95: Bulls < 1 year
D96: {=MMS_Dairy_N2ODirect_Equations.VEERG_4_3_1_3__6_NitrogenRetainedByBody(D86,D65,D29,D91)} -> 0.036552968 | E96: {=MMS_Dairy_N2ODirect_Equations.VEERG_4_3_1_3__6_NitrogenRetainedByBody(E86,E65,E29,E91)} -> 0.0087932412 | F96: {=MMS_Dairy_N2ODirect_Equations.VEERG_4_3_1_3__6_NitrogenRetainedByBody(F86,F65,F29,F91)} -> 0.014575548 | G96: {=MMS_Dairy_N2ODirect_Equations.VEERG_4_3_1_3__6_NitrogenRetainedByBody(G86,G65,G29,G91)} -> 0.0012626203 | H96: {=MMS_Dairy_N2ODirect_Equations.VEERG_4_3_1_3__6_NitrogenRetainedByBody(H86,H65,H29,H91)} -> 0.019757355 | I96: =$E$76 -> kg N/head/day | N96: {=MMS_Dairy_N2ODirect_Equations.VEERG_4_3_1_3__6_NitrogenRetainedByBody(D86,N65,N29,N91)} -> 0.036552968 | O96: {=MMS_Dairy_N2ODirect_Equations.VEERG_4_3_1_3__6_NitrogenRetainedByBody(E86,O65,O29,O91)} -> 0.0087932412 | P96: {=MMS_Dairy_N2ODirect_Equations.VEERG_4_3_1_3__6_NitrogenRetainedByBody(F86,P65,P29,P91)} -> 0.014575548 | Q96: {=MMS_Dairy_N2ODirect_Equations.VEERG_4_3_1_3__6_NitrogenRetainedByBody(G86,Q65,Q29,Q91)} -> 0.0012626203 | R96: {=MMS_Dairy_N2ODirect_Equations.VEERG_4_3_1_3__6_NitrogenRetainedByBody(H86,R65,R29,R91)} -> 0.019757355 | S96: =$E$76 -> kg N/head/day
D100: {=MMS_Dairy_N2ODirect_Equations.VEERG_4_3_1_3__5_CrudeProteinIntakeOfDairyCattle_Title()} -> Crude protein intake of dairy cattle
D101: {=MMS_Dairy_N2ODirect_Equations.VEERG_4_3_1_3__5_CrudeProteinIntakeOfDairyCattle_Source()} -> VEERG 2026: 4.3.1.3, Equation (5)
D102: Function name | E102: {=Common_InputFunctions.Utility_DisplayFunctionName(D119)} -> =MMS_Dairy_N2ODirect_Equations.VEERG_4_3_1_3__5_CrudeProteinIntakeOfDairyCattle
D105: Variable | E105: {=MMS_Dairy_N2ODirect_Equations.VEERG_4_3_1_3__5_CrudeProteinIntakeOfDairyCattle_Variable()} -> CPI_j
D106: Unit | E106: {=MMS_Dairy_N2ODirect_Equations.VEERG_4_3_1_3__5_CrudeProteinIntakeOfDairyCattle_Unit()} -> kg/head/day
D108: {=MMS_Dairy_N2ODirect_Equations.VEERG_4_3_1_3__5_CrudeProteinIntakeOfDairyCattle_Arguments()} -> I_j | E108: dry matter intake (kgDM/head/day) | G108: ="See " & D47 -> See M1_Table_I_j
D109: CP_j | E109: crude protein content of feed intake (fraction) | G109: ="See " & D111 -> See M1_Table_CP_j
D111: M1_Table_CP_j | N111: M1_Table_CP_j
D112: Crude protein content of feed intake for each animal class j (Method 1) | N112: Crude protein content of feed intake for each animal class j (Method 1)
D113: Milking cows | E113: Heifers > 1 year | F113: Heifers < 1 year | G113: Bulls > 1 year | H113: Bulls < 1 year | N113: Milking cows | O113: Heifers > 1 year | P113: Heifers < 1 year | Q113: Bulls > 1 year | R113: Bulls < 1 year
D114: ='Input - Dairy'!E37 -> 0.2 | E114: ='Input - Dairy'!F37 -> 0.2 | F114: ='Input - Dairy'!G37 -> 0.2 | G114: ='Input - Dairy'!H37 -> 0.2 | H114: ='Input - Dairy'!I37 -> 0.2 | I114: Fraction | N114: ='Input - Dairy'!E42 -> 0.2 | O114: ='Input - Dairy'!F42 -> 0.2 | P114: ='Input - Dairy'!G42 -> 0.2 | Q114: ='Input - Dairy'!H42 -> 0.2 | R114: ='Input - Dairy'!I42 -> 0.2 | S114: Fraction
D116: M1_Table_CPI_j | N116: M1_Table_CPI_j
D117: Crude protein intake for each animal class j (Method 1) | N117: Crude protein intake for each animal class j (Method 1)
D118: Milking cows | E118: Heifers > 1 year | F118: Heifers < 1 year | G118: Bulls > 1 year | H118: Bulls < 1 year | N118: Milking cows | O118: Heifers > 1 year | P118: Heifers < 1 year | Q118: Bulls > 1 year | R118: Bulls < 1 year
D119: {=MMS_Dairy_N2ODirect_Equations.VEERG_4_3_1_3__5_CrudeProteinIntakeOfDairyCattle(D50,D114)} -> 1.8929426 | E119: {=MMS_Dairy_N2ODirect_Equations.VEERG_4_3_1_3__5_CrudeProteinIntakeOfDairyCattle(E50,E114)} -> 1.4837737 | F119: {=MMS_Dairy_N2ODirect_Equations.VEERG_4_3_1_3__5_CrudeProteinIntakeOfDairyCattle(F50,F114)} -> 0.80463469 | G119: {=MMS_Dairy_N2ODirect_Equations.VEERG_4_3_1_3__5_CrudeProteinIntakeOfDairyCattle(G50,G114)} -> 1.805404 | H119: {=MMS_Dairy_N2ODirect_Equations.VEERG_4_3_1_3__5_CrudeProteinIntakeOfDairyCattle(H50,H114)} -> 1.0828695 | I119: =$E$106 -> kg/head/day | N119: {=MMS_Dairy_N2ODirect_Equations.VEERG_4_3_1_3__5_CrudeProteinIntakeOfDairyCattle(N50,N114)} -> 1.8929426 | O119: {=MMS_Dairy_N2ODirect_Equations.VEERG_4_3_1_3__5_CrudeProteinIntakeOfDairyCattle(O50,O114)} -> 1.4837737 | P119: {=MMS_Dairy_N2ODirect_Equations.VEERG_4_3_1_3__5_CrudeProteinIntakeOfDairyCattle(P50,P114)} -> 0.80463469 | Q119: {=MMS_Dairy_N2ODirect_Equations.VEERG_4_3_1_3__5_CrudeProteinIntakeOfDairyCattle(Q50,Q114)} -> 1.805404 | R119: {=MMS_Dairy_N2ODirect_Equations.VEERG_4_3_1_3__5_CrudeProteinIntakeOfDairyCattle(R50,R114)} -> 1.0828695 | S119: =$E$106 -> kg/head/day
D123: {=MMS_Dairy_N2ODirect_Equations.VEERG_4_3_1_3__4_NitrogenExcretedByDairyCattleGreaterThanOneYear_Title()} -> Nitrogen excreted by dairy cattle greater than one year old
D124: {=MMS_Dairy_N2ODirect_Equations.VEERG_4_3_1_3__4_NitrogenExcretedByDairyCattleGreaterThanOneYear_Source()} -> VEERG 2026: 4.3.1.3, Equation (4)
D125: Function name | E125: {=Common_InputFunctions.Utility_DisplayFunctionName(D139)} -> =MMS_Dairy_N2ODirect_Equations.VEERG_4_3_1_3__4_NitrogenExcretedByDairyCattleGreaterThanOneYear
D129: Variable | E129: {=MMS_Dairy_N2ODirect_Equations.VEERG_4_3_1_3__4_NitrogenExcretedByDairyCattleGreaterThanOneYear_Variable()} -> NE_j
D130: Unit | E130: {=MMS_Dairy_N2ODirect_Equations.VEERG_4_3_1_3__4_NitrogenExcretedByDairyCattleGreaterThanOneYear_Unit()} -> kg N/head/day
D132: {=MMS_Dairy_N2ODirect_Equations.VEERG_4_3_1_3__4_NitrogenExcretedByDairyCattleGreaterThanOneYear_Arguments()} -> CPI_j | E132: crude protein intake (kg/head/day) | G132: ="See " &D116 -> See M1_Table_CPI_j
D133: NR_j | E133: amount of nitrogen retained by the body (kg N/head/day) | G133: ="See " & D93 -> See M1_Table_NR_j
D134: W_j | E134: liveweight (kg) | G134: ="See " & D16 -> See M1_Table_W_j
D136: M1_Table_NE_j | N136: M2_Table_NE_j
D137: Nitrogen excreted for each animal class j (Method 1) | N137: Nitrogen excreted for each animal class j (Method 2)
D138: Milking cows | E138: Heifers > 1 year | F138: Heifers < 1 year | G138: Bulls > 1 year | H138: Bulls < 1 year | N138: Milking cows | O138: Heifers > 1 year | P138: Heifers < 1 year | Q138: Bulls > 1 year | R138: Bulls < 1 year
D139: {=MMS_Dairy_N2ODirect_Equations.VEERG_4_3_1_3__4_NitrogenExcretedByDairyCattleGreaterThanOneYear(D119,D96,D19)} -> 0.26431897 | E139: {=MMS_Dairy_N2ODirect_Equations.VEERG_4_3_1_3__4_NitrogenExcretedByDairyCattleGreaterThanOneYear(E119,E96,E19)} -> 0.22709577 | F139: {=MMS_Dairy_N2ODirect_Equations.VEERG_4_3_1_3__4_NitrogenExcretedByDairyCattleGreaterThanOneYear(F119,F96,F19)} -> 0.11339286 | G139: {=MMS_Dairy_N2ODirect_Equations.VEERG_4_3_1_3__4_NitrogenExcretedByDairyCattleGreaterThanOneYear(G119,G96,G19)} -> 0.28546836 | H139: {=MMS_Dairy_N2ODirect_Equations.VEERG_4_3_1_3__4_NitrogenExcretedByDairyCattleGreaterThanOneYear(H119,H96,H19)} -> 0.15247929 | I139: =$E$130 -> kg N/head/day | N139: {=MMS_Dairy_N2ODirect_Equations.VEERG_4_3_1_3__4_NitrogenExcretedByDairyCattleGreaterThanOneYear(N119,N96,N19)} -> 0.26431897 | O139: {=MMS_Dairy_N2ODirect_Equations.VEERG_4_3_1_3__4_NitrogenExcretedByDairyCattleGreaterThanOneYear(O119,O96,O19)} -> 0.22709577 | P139: {=MMS_Dairy_N2ODirect_Equations.VEERG_4_3_1_3__4_NitrogenExcretedByDairyCattleGreaterThanOneYear(P119,P96,P19)} -> 0.11339286 | Q139: {=MMS_Dairy_N2ODirect_Equations.VEERG_4_3_1_3__4_NitrogenExcretedByDairyCattleGreaterThanOneYear(Q119,Q96,Q19)} -> 0.28546836 | R139: {=MMS_Dairy_N2ODirect_Equations.VEERG_4_3_1_3__4_NitrogenExcretedByDairyCattleGreaterThanOneYear(R119,R96,R19)} -> 0.15247929 | S139: =$E$130 -> kg N/head/day
D143: {=MMS_Dairy_N2ODirect_Equations.VEERG_4_3_1_3__3a_TotalAnnualNitrogenExcretedGreaterThanOneYear_Title()} -> Total annual nitrogen excreted by dairy cattle greater than one year old
D144: {=MMS_Dairy_N2ODirect_Equations.VEERG_4_3_1_3__3a_TotalAnnualNitrogenExcretedGreaterThanOneYear_Source()} -> VEERG 2026: 4.3.1.3, Equation (3a)
...

Sheet 4.1.1.5-6 Atmos Deposition
A1: #VALUE! | C1: 4.1.1.5-6 Manure Atmospheric Deposition
A3: =HYPERLINK("#'Home'!A1", "Home") -> Home | D3: Method 1 | L3: Method 2
A4: =HYPERLINK("#'Results'!A1", "Results") -> Results
D5: {=MMS_Feedlot_AtmosphericDeposition_Equations.VEERG_4_1_1_5__2_VolatilisedNitrogenFromManureManagement_Title()} -> #NAME?
A6: INPUTS | D6: {=MMS_Feedlot_AtmosphericDeposition_Equations.VEERG_4_1_1_5__2_VolatilisedNitrogenFromManureManagement_Source()} -> #NAME?
A7: =HYPERLINK("#'Input - Site'!A1", "Site") -> Site | D7: Function name | E7: {=Common_InputFunctions.Utility_DisplayFunctionName(E36)} -> =MMS_Feedlot_AtmosphericDeposition_Equations.VEERG_4_1_1_5__2_VolatilisedNitrogenFromManureManagement
A8: =HYPERLINK("#'Input - Feedlot'!A1", "Feedlot") -> Feedlot
A10: CALCULATIONS
A11: =HYPERLINK("#'4.1.1.1-2 Methane'!A1", "4.1.1.1-2 Methane") -> 4.1.1.1-2 Methane | D11: Variable | E11: {=MMS_Feedlot_AtmosphericDeposition_Equations.VEERG_4_1_1_5__2_VolatilisedNitrogenFromManureManagement_Variable()} -> #NAME?
A12: =HYPERLINK("#'4.1.1.3-4 Direct N20'!A1", "4.1.1.3-4 Direct N2O") -> 4.1.1.3-4 Direct N2O | D12: Unit | E12: {=MMS_Feedlot_AtmosphericDeposition_Equations.VEERG_4_1_1_5__2_VolatilisedNitrogenFromManureManagement_Unit()} -> #NAME?
A13: =HYPERLINK("#'4.1.1.5-6 Atmos Deposition'!A1", "4.1.1.5-6 Atmospheric deposition") -> 4.1.1.5-6 Atmospheric deposition
A14: =HYPERLINK("#'4.1.1.9 Manure applied to soils'!A1", "4.1.1.9 Manure applied to soils") -> 4.1.1.9 Manure applied to soils | D14: {=MMS_Feedlot_AtmosphericDeposition_Equations.VEERG_4_1_1_5__2_VolatilisedNitrogenFromManureManagement_Arguments()} -> #NAME? | G14: ="See " & D17 -> See M1_Table_MN_j_m_T
G15: ="See " & D25 -> See Table_FracGASM_m_T-2-3
A16: APPENDICES
A17: =HYPERLINK("#'Constants - Feedlot'!A1", "Constants - Feedlot") -> Constants - Feedlot | D17: M1_Table_MN_j_m_T | L17: M2_Table_MN_j_m_T
A18: =HYPERLINK("#'Constants - Livestock'!A1", "Constants - Livestock") -> Constants - Livestock | D18: Nitrogen in each MMS excluding direct application (Method 1) | L18: Nitrogen in each MMS excluding direct application (Method 2)
A19: =HYPERLINK("#'Constants - Common'!A1", "Constants - Common") -> Constants - Common | D19: MMS | E19: Domestic | F19: Mid-fed | G19: Long-fed | L19: MMS | M19: Domestic | N19: Mid-fed | O19: Long-fed
A20: =HYPERLINK("#'Acknowledgements'!A1", "Acknowledgements") -> Acknowledgements | D20: ='Input - Dairy'!$D$95 -> Total manure sent to MMS (Must equal 100%) (Method 2) | E20: ='4.3.1.3-4 Direct N20'!$E$106 -> kg/head/day | F20: ='4.3.1.3-4 Direct N20'!$F$106 -> 0 | G20: ='4.3.1.3-4 Direct N20'!$G$106 -> 0 | H20: kg N | L20: ='Input - Dairy'!$D$95 -> Total manure sent to MMS (Must equal 100%) (Method 2) | M20: ='4.3.1.3-4 Direct N20'!$O$106 -> 0 | N20: ='4.3.1.3-4 Direct N20'!$P$106 -> 0 | O20: ='4.3.1.3-4 Direct N20'!$Q$106 -> 0 | P20: kg N
D21: ='Input - Dairy'!$D$101 -> Anaerobic lagoon | E21: ='4.3.1.3-4 Direct N20'!$E$173 -> 0 | F21: ='4.3.1.3-4 Direct N20'!$F$173 -> 0 | G21: ='4.3.1.3-4 Direct N20'!$G$173 -> 0 | H21: kg N | L21: ='Input - Dairy'!$D$101 -> Anaerobic lagoon | M21: ='4.3.1.3-4 Direct N20'!$O$173 -> 0 | N21: ='4.3.1.3-4 Direct N20'!$P$173 -> 0 | O21: ='4.3.1.3-4 Direct N20'!$Q$173 -> 0 | P21: kg N
D22: ='Input - Dairy'!$D$102 -> Were solids separated from Anaerobic lagoon? | E22: ='4.3.1.3-4 Direct N20'!$E$174 -> 0 | F22: ='4.3.1.3-4 Direct N20'!$F$174 -> 0 | G22: ='4.3.1.3-4 Direct N20'!$G$174 -> 0 | H22: kg N | L22: ='Input - Dairy'!$D$102 -> Were solids separated from Anaerobic lagoon? | M22: ='4.3.1.3-4 Direct N20'!$O$174 -> 0 | N22: ='4.3.1.3-4 Direct N20'!$P$174 -> 0 | O22: ='4.3.1.3-4 Direct N20'!$Q$174 -> 0 | P22: kg N
D23: ='Input - Dairy'!$D$107 -> Were solids separated from Sump and dispersal system? | E23: ='4.3.1.3-4 Direct N20'!$E$130 -> kg N/head/day | F23: ='4.3.1.3-4 Direct N20'!$F$130 -> 0 | G23: ='4.3.1.3-4 Direct N20'!$G$130 -> 0 | H23: kg N | L23: ='Input - Dairy'!$D$107 -> Were solids separated from Sump and dispersal system? | M23: ='4.3.1.3-4 Direct N20'!$O$129 -> 0 | N23: ='4.3.1.3-4 Direct N20'!$P$129 -> 0 | O23: ='4.3.1.3-4 Direct N20'!$Q$129 -> 0 | P23: kg N
D25: Table_FracGASM_m_T-2-3
D26: Fraction of N volatilised in each MMS
D27: MMS | E27: EFjm
D28: ='Input - Dairy'!$D$95 -> Total manure sent to MMS (Must equal 100%) (Method 2) | E28: =_xlfn.XLOOKUP(D28,#REF!,#REF!) -> #REF! | F28: (kg NH3-N + NOx-N)/kg N
D29: ='Input - Dairy'!$D$101 -> Anaerobic lagoon | E29: =_xlfn.XLOOKUP(D29,#REF!,#REF!) -> #REF! | F29: (kg NH3-N + NOx-N)/kg N
D30: ='Input - Dairy'!$D$102 -> Were solids separated from Anaerobic lagoon? | E30: =_xlfn.XLOOKUP(D30,#REF!,#REF!) -> #REF! | F30: (kg NH3-N + NOx-N)/kg N
D31: ='Input - Dairy'!$D$107 -> Were solids separated from Sump and dispersal system? | E31: =_xlfn.XLOOKUP(D31,#REF!,#REF!) -> #REF! | F31: (kg NH3-N + NOx-N)/kg N
D33: M1_Table_MMS_ATMOS | L33: M1_Table_MMS_ATMOS
D34: Nitrogen in each MMS excluding direct application (Method 1) | L34: Nitrogen in each MMS excluding direct application (Method 1)
D35: MMS | E35: Domestic | F35: Mid-fed | G35: Long-fed | L35: MMS | M35: Domestic | N35: Mid-fed | O35: Long-fed
D36: ='Input - Dairy'!$D$95 -> Total manure sent to MMS (Must equal 100%) (Method 2) | E36: {=MMS_Feedlot_AtmosphericDeposition_Equations.VEERG_4_1_1_5__2_VolatilisedNitrogenFromManureManagement(E20,$E28)} -> #NAME? | F36: {=MMS_Feedlot_AtmosphericDeposition_Equations.VEERG_4_1_1_5__2_VolatilisedNitrogenFromManureManagement(F20,$E28)} -> #NAME? | G36: {=MMS_Feedlot_AtmosphericDeposition_Equations.VEERG_4_1_1_5__2_VolatilisedNitrogenFromManureManagement(G20,$E28)} -> #NAME? | H36: =$E$12 -> #NAME? | L36: ='Input - Dairy'!$D$95 -> Total manure sent to MMS (Must equal 100%) (Method 2) | M36: {=MMS_Feedlot_AtmosphericDeposition_Equations.VEERG_4_1_1_5__2_VolatilisedNitrogenFromManureManagement(M20,$E28)} -> #NAME? | N36: {=MMS_Feedlot_AtmosphericDeposition_Equations.VEERG_4_1_1_5__2_VolatilisedNitrogenFromManureManagement(N20,$E28)} -> #NAME? | O36: {=MMS_Feedlot_AtmosphericDeposition_Equations.VEERG_4_1_1_5__2_VolatilisedNitrogenFromManureManagement(O20,$E28)} -> #NAME? | P36: kg N
D37: ='Input - Dairy'!$D$101 -> Anaerobic lagoon | E37: {=MMS_Feedlot_AtmosphericDeposition_Equations.VEERG_4_1_1_5__2_VolatilisedNitrogenFromManureManagement(E21,$E29)} -> #NAME? | F37: {=MMS_Feedlot_AtmosphericDeposition_Equations.VEERG_4_1_1_5__2_VolatilisedNitrogenFromManureManagement(F21,$E29)} -> #NAME? | G37: {=MMS_Feedlot_AtmosphericDeposition_Equations.VEERG_4_1_1_5__2_VolatilisedNitrogenFromManureManagement(G21,$E29)} -> #NAME? | H37: =$E$12 -> #NAME? | L37: ='Input - Dairy'!$D$101 -> Anaerobic lagoon | M37: {=MMS_Feedlot_AtmosphericDeposition_Equations.VEERG_4_1_1_5__2_VolatilisedNitrogenFromManureManagement(M21,$E29)} -> #NAME? | N37: {=MMS_Feedlot_AtmosphericDeposition_Equations.VEERG_4_1_1_5__2_VolatilisedNitrogenFromManureManagement(N21,$E29)} -> #NAME? | O37: {=MMS_Feedlot_AtmosphericDeposition_Equations.VEERG_4_1_1_5__2_VolatilisedNitrogenFromManureManagement(O21,$E29)} -> #NAME? | P37: kg N
D38: ='Input - Dairy'!$D$102 -> Were solids separated from Anaerobic lagoon? | E38: {=MMS_Feedlot_AtmosphericDeposition_Equations.VEERG_4_1_1_5__2_VolatilisedNitrogenFromManureManagement(E22,$E30)} -> #NAME? | F38: {=MMS_Feedlot_AtmosphericDeposition_Equations.VEERG_4_1_1_5__2_VolatilisedNitrogenFromManureManagement(F22,$E30)} -> #NAME? | G38: {=MMS_Feedlot_AtmosphericDeposition_Equations.VEERG_4_1_1_5__2_VolatilisedNitrogenFromManureManagement(G22,$E30)} -> #NAME? | H38: =$E$12 -> #NAME? | L38: ='Input - Dairy'!$D$102 -> Were solids separated from Anaerobic lagoon? | M38: {=MMS_Feedlot_AtmosphericDeposition_Equations.VEERG_4_1_1_5__2_VolatilisedNitrogenFromManureManagement(M22,$E30)} -> #NAME? | N38: {=MMS_Feedlot_AtmosphericDeposition_Equations.VEERG_4_1_1_5__2_VolatilisedNitrogenFromManureManagement(N22,$E30)} -> #NAME? | O38: {=MMS_Feedlot_AtmosphericDeposition_Equations.VEERG_4_1_1_5__2_VolatilisedNitrogenFromManureManagement(O22,$E30)} -> #NAME? | P38: kg N
D39: ='Input - Dairy'!$D$107 -> Were solids separated from Sump and dispersal system? | E39: {=MMS_Feedlot_AtmosphericDeposition_Equations.VEERG_4_1_1_5__2_VolatilisedNitrogenFromManureManagement(E23,$E31)} -> #NAME? | F39: {=MMS_Feedlot_AtmosphericDeposition_Equations.VEERG_4_1_1_5__2_VolatilisedNitrogenFromManureManagement(F23,$E31)} -> #NAME? | G39: {=MMS_Feedlot_AtmosphericDeposition_Equations.VEERG_4_1_1_5__2_VolatilisedNitrogenFromManureManagement(G23,$E31)} -> #NAME? | H39: =$E$12 -> #NAME? | L39: ='Input - Dairy'!$D$107 -> Were solids separated from Sump and dispersal system? | M39: {=MMS_Feedlot_AtmosphericDeposition_Equations.VEERG_4_1_1_5__2_VolatilisedNitrogenFromManureManagement(M23,$E31)} -> #NAME? | N39: {=MMS_Feedlot_AtmosphericDeposition_Equations.VEERG_4_1_1_5__2_VolatilisedNitrogenFromManureManagement(N23,$E31)} -> #NAME? | O39: {=MMS_Feedlot_AtmosphericDeposition_Equations.VEERG_4_1_1_5__2_VolatilisedNitrogenFromManureManagement(O23,$E31)} -> #NAME? | P39: kg N
D41: MMSATMOS | E41: =SUM(E36:G39) -> #NAME? | F41: =$E$12 -> #NAME? | L41: MMSATMOS | M41: =SUM(M36:O39) -> #NAME? | N41: =$E$12 -> #NAME?
D45: {=MMS_Feedlot_AtmosphericDeposition_Equations.VEERG_4_1_1_5__1_TotalAnnualAtmosphericDepositionEmissions_Title()} -> #NAME?
D46: {=MMS_Feedlot_AtmosphericDeposition_Equations.VEERG_4_1_1_5__1_TotalAnnualAtmosphericDepositionEmissions_Source()} -> #NAME?
D47: Function name | E47: {=Common_InputFunctions.Utility_DisplayFunctionName(E60)} -> =MMS_Feedlot_AtmosphericDeposition_Equations.VEERG_4_1_1_5__1_TotalAnnualAtmosphericDepositionEmissions
D50: Variable | E50: {=MMS_Feedlot_AtmosphericDeposition_Equations.VEERG_4_1_1_5__1_TotalAnnualAtmosphericDepositionEmissions_Variable()} -> #NAME?
D51: Unit | E51: {=MMS_Feedlot_AtmosphericDeposition_Equations.VEERG_4_1_1_5__1_TotalAnnualAtmosphericDepositionEmissions_Unit()} -> #NAME?
D53: {=MMS_Feedlot_AtmosphericDeposition_Equations.VEERG_4_1_1_5__1_TotalAnnualAtmosphericDepositionEmissions_Arguments()} -> #NAME? | G53: =$E$41 -> #NAME? | L53: {=MMS_Feedlot_AtmosphericDeposition_Equations.VEERG_4_1_1_5__1_TotalAnnualAtmosphericDepositionEmissions_Arguments()} -> #NAME? | O53: =$M$41 -> #NAME?
G54: =Common_InputFunctions.Utility_LookupN2OEFFromProdIrrigationRainfall($G$56,$G$57,$G$58,Table_SourceData_Common_EFN2O[Production system only],Table_SourceData_Common_EFN2O[Irrigation method],Table_SourceData_Common_EFN2O[Rainfall zone],Table_SourceData_Common_EFN2O[EFN2O]) -> 0.0018 | H54: lacking subscripts | O54: =Common_InputFunctions.Utility_LookupN2OEFFromProdIrrigationRainfall($G$56,$G$57,$G$58,Table_SourceData_Common_EFN2O[Production system only],Table_SourceData_Common_EFN2O[Irrigation method],Table_SourceData_Common_EFN2O[Rainfall zone],Table_SourceData_Common_EFN2O[EFN2O]) -> 0.0018
G55: =Common_InputFunctions.Utility_LookupValueInTableNumber("N2O",Table_GasToMolecularConversionFactor[Gas],Table_GasToMolecularConversionFactor[Conversion factor combined]) -> 1.5714286 | O55: =Common_InputFunctions.Utility_LookupValueInTableNumber("N2O",Table_GasToMolecularConversionFactor[Gas],Table_GasToMolecularConversionFactor[Conversion factor combined]) -> 1.5714286
G56: ='Input - Dairy'!$E$183 -> Pasture | O56: ='Input - Dairy'!$E$183 -> Pasture
G57: ='Input - Dairy'!$E$184 -> Not irrigated | O57: ='Input - Dairy'!$E$184 -> Not irrigated
G58: ='Input - Site'!$E$30 -> High rainfall | O58: ='Input - Site'!$E$30 -> High rainfall
D60: EN2O,ad | E60: {=MMS_Feedlot_AtmosphericDeposition_Equations.VEERG_4_1_1_5__1_TotalAnnualAtmosphericDepositionEmissions(G53,G54,G55)} -> #NAME? | F60: =$E$51 -> #NAME? | L60: EN2O,ad | M60: {=MMS_Feedlot_AtmosphericDeposition_Equations.VEERG_4_1_1_5__1_TotalAnnualAtmosphericDepositionEmissions(O53,O54,O55)} -> #NAME? | N60: =$E$51 -> #NAME?
D62: {=Common_Equations.Common_ConvertN2OToCO2e_Arguments()} -> EN2O | E62: Nitrous oxide emissions (t N2O) | G62: =E60 -> #NAME? | L62: {=Common_Equations.Common_ConvertN2OToCO2e_Arguments()} -> EN2O | M62: Nitrous oxide emissions (t N2O) | O62: =M60 -> #NAME?
D63: GWPN2O | E63: Global warming potential for nitrous oxide (t CO2-e / t N2O) | G63: =Common_InputFunctions.Utility_LookupValueInTableNumber("N2O",Table_GWPData[Gas],Table_GWPData[CO2-e factor]) -> 265 | L63: GWPN2O | M63: Global warming potential for nitrous oxide (t CO2-e / t N2O) | O63: =Common_InputFunctions.Utility_LookupValueInTableNumber("N2O",Table_GWPData[Gas],Table_GWPData[CO2-e factor]) -> 265
D65: ECO2e | E65: {=Common_Equations.Common_ConvertN2OToCO2e(G62,G63)} -> #NAME? | F65: {=Common_Equations.Common_ConvertN2OToCO2e_Unit()} -> t CO2e | L65: ECO2e | M65: {=Common_Equations.Common_ConvertN2OToCO2e(O62,O63)} -> #NAME? | N65: {=Common_Equations.Common_ConvertN2OToCO2e_Unit()} -> t CO2e

Sheet 4.1.1.9 Manure applied to soils
A1: #VALUE! | C1: 4.1.1.9 Manure applied to soils
A3: =HYPERLINK("#'Home'!A1", "Home") -> Home | D3: Method 1 | L3: Method 2
A4: =HYPERLINK("#'Results'!A1", "Results") -> Results
D5: {=MMS_Feedlot_ManureAppliedToSoils_Equations.VEERG_4_1_1_9__1_MassOfNitrogenAppliedToSoilsScope1_Title()} -> #NAME?
A6: INPUTS | D6: {=MMS_Feedlot_ManureAppliedToSoils_Equations.VEERG_4_1_1_9__1_MassOfNitrogenAppliedToSoilsScope1_Source()} -> #NAME?
A7: =HYPERLINK("#'Input - Site'!A1", "Site") -> Site | D7: Function name | E7: {=Common_InputFunctions.Utility_DisplayFunctionName(E52)} -> =MMS_Feedlot_ManureAppliedToSoils_Equations.VEERG_4_1_1_9__1_MassOfNitrogenAppliedToSoilsScope1
A8: =HYPERLINK("#'Input - Feedlot'!A1", "Feedlot") -> Feedlot
A10: CALCULATIONS
A11: =HYPERLINK("#'4.1.1.1-2 Methane'!A1", "4.1.1.1-2 Methane") -> 4.1.1.1-2 Methane | D11: Variable | E11: {=MMS_Feedlot_ManureAppliedToSoils_Equations.VEERG_4_1_1_9__1_MassOfNitrogenAppliedToSoilsScope1_Variable()} -> #NAME?
A12: =HYPERLINK("#'4.1.1.3-4 Direct N20'!A1", "4.1.1.3-4 Direct N2O") -> 4.1.1.3-4 Direct N2O | D12: Unit | E12: {=MMS_Feedlot_ManureAppliedToSoils_Equations.VEERG_4_1_1_9__1_MassOfNitrogenAppliedToSoilsScope1_Unit()} -> #NAME?
A13: =HYPERLINK("#'4.1.1.5-6 Atmos Deposition'!A1", "4.1.1.5-6 Atmospheric deposition") -> 4.1.1.5-6 Atmospheric deposition
A14: =HYPERLINK("#'4.1.1.9 Manure applied to soils'!A1", "4.1.1.9 Manure applied to soils") -> 4.1.1.9 Manure applied to soils | D14: {=MMS_Feedlot_ManureAppliedToSoils_Equations.VEERG_4_1_1_9__1_MassOfNitrogenAppliedToSoilsScope1_Arguments()} -> #NAME? | H14: ="See " & $D$19 -> See M1_Table_MN_j_m_T-2-3
H15: ="See " & $D$26 -> See Table_EF_j_m_T-2-3
A16: APPENDICES | H16: ="See " & $D$34 -> See Table_FracGASM_m_T-2-3
A17: =HYPERLINK("#'Constants - Feedlot'!A1", "Constants - Feedlot") -> Constants - Feedlot | H17: ="See " & $D$42 -> See Table_PF
A18: =HYPERLINK("#'Constants - Livestock'!A1", "Constants - Livestock") -> Constants - Livestock
A19: =HYPERLINK("#'Constants - Common'!A1", "Constants - Common") -> Constants - Common | D19: M1_Table_MN_j_m_T-2-3 | L19: M2_Table_MN_j_m_T-2-3
A20: =HYPERLINK("#'Acknowledgements'!A1", "Acknowledgements") -> Acknowledgements | D20: Mass on N in stage 2 and 3 MMS (Method 1) | L20: Mass on N in stage 2 and 3 MMS (Method 2)
D21: MMS | E21: Domestic | F21: Mid-fed | G21: Long-fed | L21: MMS | M21: Domestic | N21: Mid-fed | O21: Long-fed
D22: ='Input - Dairy'!$D$101 -> Anaerobic lagoon | E22: ='4.3.1.3-4 Direct N20'!$E$173 -> 0 | F22: ='4.3.1.3-4 Direct N20'!$F$173 -> 0 | G22: ='4.3.1.3-4 Direct N20'!$G$173 -> 0 | H22: kg N | L22: ='Input - Dairy'!$D$101 -> Anaerobic lagoon | M22: ='4.3.1.3-4 Direct N20'!$O$173 -> 0 | N22: ='4.3.1.3-4 Direct N20'!$P$173 -> 0 | O22: ='4.3.1.3-4 Direct N20'!$Q$173 -> 0 | P22: kg N
D23: ='Input - Dairy'!$D$102 -> Were solids separated from Anaerobic lagoon? | E23: ='4.3.1.3-4 Direct N20'!$E$174 -> 0 | F23: ='4.3.1.3-4 Direct N20'!$F$174 -> 0 | G23: ='4.3.1.3-4 Direct N20'!$G$174 -> 0 | H23: kg N | L23: ='Input - Dairy'!$D$102 -> Were solids separated from Anaerobic lagoon? | M23: ='4.3.1.3-4 Direct N20'!$O$174 -> 0 | N23: ='4.3.1.3-4 Direct N20'!$P$174 -> 0 | O23: ='4.3.1.3-4 Direct N20'!$Q$174 -> 0 | P23: kg N
D24: ='Input - Dairy'!$D$107 -> Were solids separated from Sump and dispersal system? | E24: ='4.3.1.3-4 Direct N20'!$E$130 -> kg N/head/day | F24: ='4.3.1.3-4 Direct N20'!$F$130 -> 0 | G24: ='4.3.1.3-4 Direct N20'!$G$130 -> 0 | H24: kg N | L24: ='Input - Dairy'!$D$107 -> Were solids separated from Sump and dispersal system? | M24: ='4.3.1.3-4 Direct N20'!$O$129 -> 0 | N24: ='4.3.1.3-4 Direct N20'!$P$129 -> 0 | O24: ='4.3.1.3-4 Direct N20'!$Q$129 -> 0 | P24: kg N
D26: Table_EF_j_m_T-2-3
D27: EFs for MMS
D28: MMS | E28: EFjm
D29: ='Input - Dairy'!$D$95 -> Total manure sent to MMS (Must equal 100%) (Method 2) | E29: =_xlfn.XLOOKUP(D29,#REF!,#REF!) -> #REF! | F29: kg N2O/kg N
D30: ='Input - Dairy'!$D$101 -> Anaerobic lagoon | E30: =_xlfn.XLOOKUP($D$30,#REF!,#REF!) -> #REF! | F30: kg N2O/kg N
D31: ='Input - Dairy'!$D$102 -> Were solids separated from Anaerobic lagoon? | E31: =_xlfn.XLOOKUP($D$31,#REF!,#REF!) -> #REF! | F31: kg N2O/kg N
D32: ='Input - Dairy'!$D$107 -> Were solids separated from Sump and dispersal system? | E32: =_xlfn.XLOOKUP($D$32,#REF!,#REF!) -> #REF! | F32: kg N2O/kg N
D34: Table_FracGASM_m_T-2-3
D35: Fraction of N volatilised in each MMS
D36: MMS | E36: EFjm
D37: ='Input - Dairy'!$D$95 -> Total manure sent to MMS (Must equal 100%) (Method 2) | E37: =_xlfn.XLOOKUP(D37,#REF!,#REF!) -> #REF! | F37: (kg NH3-N + NOx-N)/kg N
D38: ='Input - Dairy'!$D$101 -> Anaerobic lagoon | E38: =_xlfn.XLOOKUP(D38,#REF!,#REF!) -> #REF! | F38: (kg NH3-N + NOx-N)/kg N
D39: ='Input - Dairy'!$D$102 -> Were solids separated from Anaerobic lagoon? | E39: =_xlfn.XLOOKUP(D39,#REF!,#REF!) -> #REF! | F39: (kg NH3-N + NOx-N)/kg N
D40: ='Input - Dairy'!$D$107 -> Were solids separated from Sump and dispersal system? | E40: =_xlfn.XLOOKUP(D40,#REF!,#REF!) -> #REF! | F40: (kg NH3-N + NOx-N)/kg N
D42: Table_PF
D43: Fraction of manure applied to soil from MMS
D44: MMS | E44: Domestic | F44: Mid-fed | G44: Long-fed
D45: ='Input - Dairy'!$D$101 -> Anaerobic lagoon | E45: ='Input - Dairy'!E139 -> 0.5 | F45: ='Input - Dairy'!F139 -> 0.5 | G45: ='Input - Dairy'!G139 -> 0.5 | H45: Fraction
D46: ='Input - Dairy'!$D$102 -> Were solids separated from Anaerobic lagoon? | E46: ='Input - Dairy'!E144 -> 0.5 | F46: ='Input - Dairy'!F144 -> 0.5 | G46: ='Input - Dairy'!G144 -> 0.5 | H46: Fraction
D47: ='Input - Dairy'!$D$107 -> Were solids separated from Sump and dispersal system? | E47: ='Input - Dairy'!E149 -> 0.5 | F47: ='Input - Dairy'!F149 -> 0.5 | G47: ='Input - Dairy'!G149 -> 0.5 | H47: Fraction
D49: M1_Table_MNSoil_scope1 | L49: M2_Table_MNSoil_scope1
D50: Mass of N applied to soils (Method 1) | L50: Mass of N applied to soils (Method 2)
D51: MMS | E51: Domestic | F51: Mid-fed | G51: Long-fed | L51: MMS | M51: Domestic | N51: Mid-fed | O51: Long-fed
D52: ='Input - Dairy'!$D$101 -> Anaerobic lagoon | E52: {=MMS_Feedlot_ManureAppliedToSoils_Equations.VEERG_4_1_1_9__1_MassOfNitrogenAppliedToSoilsScope1(E22,$E$30,$E$38,E45)} -> #NAME? | F52: {=MMS_Feedlot_ManureAppliedToSoils_Equations.VEERG_4_1_1_9__1_MassOfNitrogenAppliedToSoilsScope1(F22,$E$30,$E$38,F45)} -> #NAME? | G52: {=MMS_Feedlot_ManureAppliedToSoils_Equations.VEERG_4_1_1_9__1_MassOfNitrogenAppliedToSoilsScope1(G22,$E$30,$E$38,G45)} -> #NAME? | H52: =$E$12 -> #NAME? | L52: ='Input - Dairy'!$D$101 -> Anaerobic lagoon | M52: {=MMS_Feedlot_ManureAppliedToSoils_Equations.VEERG_4_1_1_9__1_MassOfNitrogenAppliedToSoilsScope1(M22,$E$30,$E$38,E45)} -> #NAME? | N52: {=MMS_Feedlot_ManureAppliedToSoils_Equations.VEERG_4_1_1_9__1_MassOfNitrogenAppliedToSoilsScope1(N22,$E$30,$E$38,F45)} -> #NAME? | O52: {=MMS_Feedlot_ManureAppliedToSoils_Equations.VEERG_4_1_1_9__1_MassOfNitrogenAppliedToSoilsScope1(O22,$E$30,$E$38,G45)} -> #NAME? | P52: =$E$12 -> #NAME?
D53: ='Input - Dairy'!$D$102 -> Were solids separated from Anaerobic lagoon? | E53: {=MMS_Feedlot_ManureAppliedToSoils_Equations.VEERG_4_1_1_9__1_MassOfNitrogenAppliedToSoilsScope1(E23,$E$31,$E$39,E46)} -> #NAME? | F53: {=MMS_Feedlot_ManureAppliedToSoils_Equations.VEERG_4_1_1_9__1_MassOfNitrogenAppliedToSoilsScope1(F23,$E$31,$E$39,F46)} -> #NAME? | G53: {=MMS_Feedlot_ManureAppliedToSoils_Equations.VEERG_4_1_1_9__1_MassOfNitrogenAppliedToSoilsScope1(G23,$E$31,$E$39,G46)} -> #NAME? | H53: =$E$12 -> #NAME? | L53: ='Input - Dairy'!$D$102 -> Were solids separated from Anaerobic lagoon? | M53: {=MMS_Feedlot_ManureAppliedToSoils_Equations.VEERG_4_1_1_9__1_MassOfNitrogenAppliedToSoilsScope1(M23,$E$31,$E$39,E46)} -> #NAME? | N53: {=MMS_Feedlot_ManureAppliedToSoils_Equations.VEERG_4_1_1_9__1_MassOfNitrogenAppliedToSoilsScope1(N23,$E$31,$E$39,F46)} -> #NAME? | O53: {=MMS_Feedlot_ManureAppliedToSoils_Equations.VEERG_4_1_1_9__1_MassOfNitrogenAppliedToSoilsScope1(O23,$E$31,$E$39,G46)} -> #NAME? | P53: =$E$12 -> #NAME?
D54: ='Input - Dairy'!$D$107 -> Were solids separated from Sump and dispersal system? | E54: {=MMS_Feedlot_ManureAppliedToSoils_Equations.VEERG_4_1_1_9__1_MassOfNitrogenAppliedToSoilsScope1(E24,$E$32,$E$40,E47)} -> #NAME? | F54: {=MMS_Feedlot_ManureAppliedToSoils_Equations.VEERG_4_1_1_9__1_MassOfNitrogenAppliedToSoilsScope1(F24,$E$32,$E$40,F47)} -> #NAME? | G54: {=MMS_Feedlot_ManureAppliedToSoils_Equations.VEERG_4_1_1_9__1_MassOfNitrogenAppliedToSoilsScope1(G24,$E$32,$E$40,G47)} -> #NAME? | H54: =$E$12 -> #NAME? | L54: ='Input - Dairy'!$D$107 -> Were solids separated from Sump and dispersal system? | M54: {=MMS_Feedlot_ManureAppliedToSoils_Equations.VEERG_4_1_1_9__1_MassOfNitrogenAppliedToSoilsScope1(M24,$E$32,$E$40,E47)} -> #NAME? | N54: {=MMS_Feedlot_ManureAppliedToSoils_Equations.VEERG_4_1_1_9__1_MassOfNitrogenAppliedToSoilsScope1(N24,$E$32,$E$40,F47)} -> #NAME? | O54: {=MMS_Feedlot_ManureAppliedToSoils_Equations.VEERG_4_1_1_9__1_MassOfNitrogenAppliedToSoilsScope1(O24,$E$32,$E$40,G47)} -> #NAME? | P54: =$E$12 -> #NAME?
D56: MNSoilscope1 | E56: =SUM(E52:G54) -> #NAME? | F56: =$E$12 -> #NAME? | L56: MNSoilscope1 | M56: =SUM(M52:O54) -> #NAME? | N56: =$E$12 -> #NAME?
D60: {=MMS_Feedlot_ManureAppliedToSoils_Equations.VEERG_4_1_1_9__2_MassOfNitrogenAppliedToSoilsScope3_Title()} -> #NAME?
D61: {=MMS_Feedlot_ManureAppliedToSoils_Equations.VEERG_4_1_1_9__2_MassOfNitrogenAppliedToSoilsScope3_Source()} -> #NAME?
D62: Function name | E62: {=Common_InputFunctions.Utility_DisplayFunctionName(E77)} -> =MMS_Feedlot_ManureAppliedToSoils_Equations.VEERG_4_1_1_9__2_MassOfNitrogenAppliedToSoilsScope3
D66: Variable | E66: {=MMS_Feedlot_ManureAppliedToSoils_Equations.VEERG_4_1_1_9__2_MassOfNitrogenAppliedToSoilsScope3_Variable()} -> #NAME?
D67: Unit | E67: {=MMS_Feedlot_ManureAppliedToSoils_Equations.VEERG_4_1_1_9__2_MassOfNitrogenAppliedToSoilsScope3_Unit()} -> #NAME?
D69: {=MMS_Feedlot_ManureAppliedToSoils_Equations.VEERG_4_1_1_9__2_MassOfNitrogenAppliedToSoilsScope3_Arguments()} -> #NAME? | H69: ="See " & $D$19 -> See M1_Table_MN_j_m_T-2-3
H70: ="See " & $D$26 -> See Table_EF_j_m_T-2-3
H71: ="See " & $D$34 -> See Table_FracGASM_m_T-2-3
H72: ="See " & $D$42 -> See Table_PF
D74: M1_Table_MNSoil_scope3 | L74: M2_Table_MNSoil_scope3
D75: Mass of N applied to soils as fertiliser (Method 1) | L75: Mass of N applied to soils as fertiliser (Method 2)
D76: MMS | E76: Domestic | F76: Mid-fed | G76: Long-fed | L76: MMS | M76: Domestic | N76: Mid-fed | O76: Long-fed
D77: ='Input - Dairy'!$D$101 -> Anaerobic lagoon | E77: {=MMS_Feedlot_ManureAppliedToSoils_Equations.VEERG_4_1_1_9__2_MassOfNitrogenAppliedToSoilsScope3(E22,$E30,$E38,E45)} -> #NAME? | F77: {=MMS_Feedlot_ManureAppliedToSoils_Equations.VEERG_4_1_1_9__2_MassOfNitrogenAppliedToSoilsScope3(F22,$E30,$E38,F45)} -> #NAME? | G77: {=MMS_Feedlot_ManureAppliedToSoils_Equations.VEERG_4_1_1_9__2_MassOfNitrogenAppliedToSoilsScope3(G22,$E30,$E38,G45)} -> #NAME? | H77: =$E$12 -> #NAME? | L77: ='Input - Dairy'!$D$101 -> Anaerobic lagoon | M77: {=MMS_Feedlot_ManureAppliedToSoils_Equations.VEERG_4_1_1_9__2_MassOfNitrogenAppliedToSoilsScope3(M22,$E30,$E38,E45)} -> #NAME? | N77: {=MMS_Feedlot_ManureAppliedToSoils_Equations.VEERG_4_1_1_9__2_MassOfNitrogenAppliedToSoilsScope3(N22,$E30,$E38,F45)} -> #NAME? | O77: {=MMS_Feedlot_ManureAppliedToSoils_Equations.VEERG_4_1_1_9__2_MassOfNitrogenAppliedToSoilsScope3(O22,$E30,$E38,G45)} -> #NAME? | P77: =$E$12 -> #NAME?
D78: ='Input - Dairy'!$D$102 -> Were solids separated from Anaerobic lagoon? | E78: {=MMS_Feedlot_ManureAppliedToSoils_Equations.VEERG_4_1_1_9__2_MassOfNitrogenAppliedToSoilsScope3(E23,$E31,$E39,E46)} -> #NAME? | F78: {=MMS_Feedlot_ManureAppliedToSoils_Equations.VEERG_4_1_1_9__2_MassOfNitrogenAppliedToSoilsScope3(F23,$E31,$E39,F46)} -> #NAME? | G78: {=MMS_Feedlot_ManureAppliedToSoils_Equations.VEERG_4_1_1_9__2_MassOfNitrogenAppliedToSoilsScope3(G23,$E31,$E39,G46)} -> #NAME? | H78: =$E$12 -> #NAME? | L78: ='Input - Dairy'!$D$102 -> Were solids separated from Anaerobic lagoon? | M78: {=MMS_Feedlot_ManureAppliedToSoils_Equations.VEERG_4_1_1_9__2_MassOfNitrogenAppliedToSoilsScope3(M23,$E31,$E39,E46)} -> #NAME? | N78: {=MMS_Feedlot_ManureAppliedToSoils_Equations.VEERG_4_1_1_9__2_MassOfNitrogenAppliedToSoilsScope3(N23,$E31,$E39,F46)} -> #NAME? | O78: {=MMS_Feedlot_ManureAppliedToSoils_Equations.VEERG_4_1_1_9__2_MassOfNitrogenAppliedToSoilsScope3(O23,$E31,$E39,G46)} -> #NAME? | P78: =$E$12 -> #NAME?
D79: ='Input - Dairy'!$D$107 -> Were solids separated from Sump and dispersal system? | E79: {=MMS_Feedlot_ManureAppliedToSoils_Equations.VEERG_4_1_1_9__2_MassOfNitrogenAppliedToSoilsScope3(E24,$E32,$E40,E47)} -> #NAME? | F79: {=MMS_Feedlot_ManureAppliedToSoils_Equations.VEERG_4_1_1_9__2_MassOfNitrogenAppliedToSoilsScope3(F24,$E32,$E40,F47)} -> #NAME? | G79: {=MMS_Feedlot_ManureAppliedToSoils_Equations.VEERG_4_1_1_9__2_MassOfNitrogenAppliedToSoilsScope3(G24,$E32,$E40,G47)} -> #NAME? | H79: =$E$12 -> #NAME? | L79: ='Input - Dairy'!$D$107 -> Were solids separated from Sump and dispersal system? | M79: {=MMS_Feedlot_ManureAppliedToSoils_Equations.VEERG_4_1_1_9__2_MassOfNitrogenAppliedToSoilsScope3(M24,$E32,$E40,E47)} -> #NAME? | N79: {=MMS_Feedlot_ManureAppliedToSoils_Equations.VEERG_4_1_1_9__2_MassOfNitrogenAppliedToSoilsScope3(N24,$E32,$E40,F47)} -> #NAME? | O79: {=MMS_Feedlot_ManureAppliedToSoils_Equations.VEERG_4_1_1_9__2_MassOfNitrogenAppliedToSoilsScope3(O24,$E32,$E40,G47)} -> #NAME? | P79: =$E$12 -> #NAME?
D81: MNSoilfert,scope3 | E81: =SUM(E77:G79) -> #NAME? | F81: =$E$12 -> #NAME? | L81: MNSoilfert,scope3 | M81: =SUM(M77:O79) -> #NAME? | N81: =$E$12 -> #NAME?
D85: ="Below are applications of " & D61 & " that are applied to the following contexts:" -> #NAME?
D86: * Manure that is removed from stage 2 and 3 MMS and used as fertiliser on the farm, for other enterprises (eg crops)
D87: * Manure that is removed from stage 2 and 3 MMS that is sold
D89: Mass of nitrogen applied as fertiliser on own farm
D90: Table_PF_fert
D91: Fraction of manure applied to as fertiliser on own farm from MMS
D92: MMS | E92: Domestic | F92: Mid-fed | G92: Long-fed
D93: ='Input - Dairy'!$D$101 -> Anaerobic lagoon | E93: ='Input - Dairy'!E138 -> 0.25 | F93: ='Input - Dairy'!F138 -> 0.25 | G93: ='Input - Dairy'!G138 -> 0.25 | H93: Fraction
D94: ='Input - Dairy'!$D$102 -> Were solids separated from Anaerobic lagoon? | E94: ='Input - Dairy'!E143 -> 0.25 | F94: ='Input - Dairy'!F143 -> 0.25 | G94: ='Input - Dairy'!G143 -> 0.25 | H94: Fraction
D95: ='Input - Dairy'!$D$107 -> Were solids separated from Sump and dispersal system? | E95: ='Input - Dairy'!E148 -> 0.25 | F95: ='Input - Dairy'!F148 -> 0.25 | G95: ='Input - Dairy'!G148 -> 0.25 | H95: Fraction
D97: M1_Table_MNSoil_scope3_fert | L97: M2_Table_MNSoil_scope3_fert
D98: Mass of N applied to own farm as fertiliser (Method 1) | L98: Mass of N applied to own farm as fertiliser (Method 2)
D99: MMS | E99: Domestic | F99: Mid-fed | G99: Long-fed | L99: MMS | M99: Domestic | N99: Mid-fed | O99: Long-fed
D100: ='Input - Dairy'!$D$101 -> Anaerobic lagoon | E100: {=MMS_Feedlot_ManureAppliedToSoils_Equations.VEERG_4_1_1_9__1_MassOfNitrogenAppliedToSoilsScope1(E22,$E$30,$E$38,E93)} -> #NAME? | F100: {=MMS_Feedlot_ManureAppliedToSoils_Equations.VEERG_4_1_1_9__1_MassOfNitrogenAppliedToSoilsScope1(F22,$E$30,$E$38,F93)} -> #NAME? | G100: {=MMS_Feedlot_ManureAppliedToSoils_Equations.VEERG_4_1_1_9__1_MassOfNitrogenAppliedToSoilsScope1(G22,$E$30,$E$38,G93)} -> #NAME? | H100: =$E$12 -> #NAME? | L100: ='Input - Dairy'!$D$101 -> Anaerobic lagoon | M100: {=MMS_Feedlot_ManureAppliedToSoils_Equations.VEERG_4_1_1_9__1_MassOfNitrogenAppliedToSoilsScope1(M22,$E$30,$E$38,E93)} -> #NAME? | N100: {=MMS_Feedlot_ManureAppliedToSoils_Equations.VEERG_4_1_1_9__1_MassOfNitrogenAppliedToSoilsScope1(N22,$E$30,$E$38,F93)} -> #NAME? | O100: {=MMS_Feedlot_ManureAppliedToSoils_Equations.VEERG_4_1_1_9__1_MassOfNitrogenAppliedToSoilsScope1(O22,$E$30,$E$38,G93)} -> #NAME? | P100: =$E$12 -> #NAME?
D101: ='Input - Dairy'!$D$102 -> Were solids separated from Anaerobic lagoon? | E101: {=MMS_Feedlot_ManureAppliedToSoils_Equations.VEERG_4_1_1_9__1_MassOfNitrogenAppliedToSoilsScope1(E23,$E$31,$E$39,E94)} -> #NAME? | F101: {=MMS_Feedlot_ManureAppliedToSoils_Equations.VEERG_4_1_1_9__1_MassOfNitrogenAppliedToSoilsScope1(F23,$E$31,$E$39,F94)} -> #NAME? | G101: {=MMS_Feedlot_ManureAppliedToSoils_Equations.VEERG_4_1_1_9__1_MassOfNitrogenAppliedToSoilsScope1(G23,$E$31,$E$39,G94)} -> #NAME? | H101: =$E$12 -> #NAME? | L101: ='Input - Dairy'!$D$102 -> Were solids separated from Anaerobic lagoon? | M101: {=MMS_Feedlot_ManureAppliedToSoils_Equations.VEERG_4_1_1_9__1_MassOfNitrogenAppliedToSoilsScope1(M23,$E$31,$E$39,E94)} -> #NAME? | N101: {=MMS_Feedlot_ManureAppliedToSoils_Equations.VEERG_4_1_1_9__1_MassOfNitrogenAppliedToSoilsScope1(N23,$E$31,$E$39,F94)} -> #NAME? | O101: {=MMS_Feedlot_ManureAppliedToSoils_Equations.VEERG_4_1_1_9__1_MassOfNitrogenAppliedToSoilsScope1(O23,$E$31,$E$39,G94)} -> #NAME? | P101: =$E$12 -> #NAME?
D102: ='Input - Dairy'!$D$107 -> Were solids separated from Sump and dispersal system? | E102: {=MMS_Feedlot_ManureAppliedToSoils_Equations.VEERG_4_1_1_9__1_MassOfNitrogenAppliedToSoilsScope1(E24,$E$32,$E$40,E95)} -> #NAME? | F102: {=MMS_Feedlot_ManureAppliedToSoils_Equations.VEERG_4_1_1_9__1_MassOfNitrogenAppliedToSoilsScope1(F24,$E$32,$E$40,F95)} -> #NAME? | G102: {=MMS_Feedlot_ManureAppliedToSoils_Equations.VEERG_4_1_1_9__1_MassOfNitrogenAppliedToSoilsScope1(G24,$E$32,$E$40,G95)} -> #NAME? | H102: =$E$12 -> #NAME? | L102: ='Input - Dairy'!$D$107 -> Were solids separated from Sump and dispersal system? | M102: {=MMS_Feedlot_ManureAppliedToSoils_Equations.VEERG_4_1_1_9__1_MassOfNitrogenAppliedToSoilsScope1(M24,$E$32,$E$40,E95)} -> #NAME? | N102: {=MMS_Feedlot_ManureAppliedToSoils_Equations.VEERG_4_1_1_9__1_MassOfNitrogenAppliedToSoilsScope1(N24,$E$32,$E$40,F95)} -> #NAME? | O102: {=MMS_Feedlot_ManureAppliedToSoils_Equations.VEERG_4_1_1_9__1_MassOfNitrogenAppliedToSoilsScope1(O24,$E$32,$E$40,G95)} -> #NAME? | P102: =$E$12 -> #NAME?
D104: MNSoilscope3,fert | E104: =SUM(E100:G102) -> #NAME? | F104: =$E$12 -> #NAME? | L104: MNSoilscope3,fert | M104: =SUM(M100:O102) -> #NAME? | N104: =$E$12 -> #NAME?
D108: Mass of nitrogen sold
D109: Table_PF_sold
D110: Fraction of manure sold
D111: MMS | E111: Domestic | F111: Mid-fed | G111: Long-fed
D112: ='Input - Dairy'!$D$101 -> Anaerobic lagoon | E112: ='Input - Dairy'!E137 -> 0.25 | F112: ='Input - Dairy'!F137 -> 0.25 | G112: ='Input - Dairy'!G137 -> 0.25 | H112: Fraction
D113: ='Input - Dairy'!$D$102 -> Were solids separated from Anaerobic lagoon? | E113: ='Input - Dairy'!E142 -> 0.25 | F113: ='Input - Dairy'!F142 -> 0.25 | G113: ='Input - Dairy'!G142 -> 0.25 | H113: Fraction
D114: ='Input - Dairy'!$D$107 -> Were solids separated from Sump and dispersal system? | E114: ='Input - Dairy'!E147 -> 0.25 | F114: ='Input - Dairy'!F147 -> 0.25 | G114: ='Input - Dairy'!G147 -> 0.25 | H114: Fraction
D116: M1_Table_MNSoil_scope3_sold | L116: M2_Table_MNSoil_scope3_sold
D117: Mass of N sold as fertiliser (Method 1) | L117: Mass of N sold as fertiliser (Method 2)
D118: MMS | E118: Domestic | F118: Mid-fed | G118: Long-fed | L118: MMS | M118: Domestic | N118: Mid-fed | O118: Long-fed
D119: ='Input - Dairy'!$D$101 -> Anaerobic lagoon | E119: {=MMS_Feedlot_ManureAppliedToSoils_Equations.VEERG_4_1_1_9__1_MassOfNitrogenAppliedToSoilsScope1(E22,$E$30,$E$38,E112)} -> #NAME? | F119: {=MMS_Feedlot_ManureAppliedToSoils_Equations.VEERG_4_1_1_9__1_MassOfNitrogenAppliedToSoilsScope1(F22,$E$30,$E$38,F112)} -> #NAME? | G119: {=MMS_Feedlot_ManureAppliedToSoils_Equations.VEERG_4_1_1_9__1_MassOfNitrogenAppliedToSoilsScope1(G22,$E$30,$E$38,G112)} -> #NAME? | H119: =$E$12 -> #NAME? | L119: ='Input - Dairy'!$D$101 -> Anaerobic lagoon | M119: {=MMS_Feedlot_ManureAppliedToSoils_Equations.VEERG_4_1_1_9__1_MassOfNitrogenAppliedToSoilsScope1(M22,$E$30,$E$38,E112)} -> #NAME? | N119: {=MMS_Feedlot_ManureAppliedToSoils_Equations.VEERG_4_1_1_9__1_MassOfNitrogenAppliedToSoilsScope1(N22,$E$30,$E$38,F112)} -> #NAME? | O119: {=MMS_Feedlot_ManureAppliedToSoils_Equations.VEERG_4_1_1_9__1_MassOfNitrogenAppliedToSoilsScope1(O22,$E$30,$E$38,G112)} -> #NAME? | P119: =$E$12 -> #NAME?
D120: ='Input - Dairy'!$D$102 -> Were solids separated from Anaerobic lagoon? | E120: {=MMS_Feedlot_ManureAppliedToSoils_Equations.VEERG_4_1_1_9__1_MassOfNitrogenAppliedToSoilsScope1(E23,$E$31,$E$39,E113)} -> #NAME? | F120: {=MMS_Feedlot_ManureAppliedToSoils_Equations.VEERG_4_1_1_9__1_MassOfNitrogenAppliedToSoilsScope1(F23,$E$31,$E$39,F113)} -> #NAME? | G120: {=MMS_Feedlot_ManureAppliedToSoils_Equations.VEERG_4_1_1_9__1_MassOfNitrogenAppliedToSoilsScope1(G23,$E$31,$E$39,G113)} -> #NAME? | H120: =$E$12 -> #NAME? | L120: ='Input - Dairy'!$D$102 -> Were solids separated from Anaerobic lagoon? | M120: {=MMS_Feedlot_ManureAppliedToSoils_Equations.VEERG_4_1_1_9__1_MassOfNitrogenAppliedToSoilsScope1(M23,$E$31,$E$39,E113)} -> #NAME? | N120: {=MMS_Feedlot_ManureAppliedToSoils_Equations.VEERG_4_1_1_9__1_MassOfNitrogenAppliedToSoilsScope1(N23,$E$31,$E$39,F113)} -> #NAME? | O120: {=MMS_Feedlot_ManureAppliedToSoils_Equations.VEERG_4_1_1_9__1_MassOfNitrogenAppliedToSoilsScope1(O23,$E$31,$E$39,G113)} -> #NAME? | P120: =$E$12 -> #NAME?
D121: ='Input - Dairy'!$D$107 -> Were solids separated from Sump and dispersal system? | E121: {=MMS_Feedlot_ManureAppliedToSoils_Equations.VEERG_4_1_1_9__1_MassOfNitrogenAppliedToSoilsScope1(E24,$E$32,$E$40,E114)} -> #NAME? | F121: {=MMS_Feedlot_ManureAppliedToSoils_Equations.VEERG_4_1_1_9__1_MassOfNitrogenAppliedToSoilsScope1(F24,$E$32,$E$40,F114)} -> #NAME? | G121: {=MMS_Feedlot_ManureAppliedToSoils_Equations.VEERG_4_1_1_9__1_MassOfNitrogenAppliedToSoilsScope1(G24,$E$32,$E$40,G114)} -> #NAME? | H121: =$E$12 -> #NAME? | L121: ='Input - Dairy'!$D$107 -> Were solids separated from Sump and dispersal system? | M121: {=MMS_Feedlot_ManureAppliedToSoils_Equations.VEERG_4_1_1_9__1_MassOfNitrogenAppliedToSoilsScope1(M24,$E$32,$E$40,E114)} -> #NAME? | N121: {=MMS_Feedlot_ManureAppliedToSoils_Equations.VEERG_4_1_1_9__1_MassOfNitrogenAppliedToSoilsScope1(N24,$E$32,$E$40,F114)} -> #NAME? | O121: {=MMS_Feedlot_ManureAppliedToSoils_Equations.VEERG_4_1_1_9__1_MassOfNitrogenAppliedToSoilsScope1(O24,$E$32,$E$40,G114)} -> #NAME? | P121: =$E$12 -> #NAME?
D123: MNSoilscope3,sold | E123: =SUM(E119:G121) -> #NAME? | F123: =$E$12 -> #NAME? | L123: MNSoilscope3,sold | M123: =SUM(M119:O121) -> #NAME? | N123: =$E$12 -> #NAME?

Sheet Constants - Dairy
A1: #VALUE! | C1: Source Data - Feedlot
A3: =HYPERLINK("#'Home'!A1", "Home") -> Home
A4: =HYPERLINK("#'Results'!A1", "Results") -> Results
D5: Dairy manure management systems | G5: Dairy crop or pasture production systems | J5: Irrigation methods
A6: INPUTS
A7: =HYPERLINK("#'Input - Site'!A1", "Site") -> Site | D7: MMS | E7: Symbol and MMS | G7: Production system | J7: Irrigation method
A8: =HYPERLINK("#'Input - Feedlot'!A1", "Feedlot") -> Feedlot | D8: ='Constants - Livestock'!$E$10 -> Anaerobic lagoon | E8: ='Constants - Livestock'!$F$10 -> Anaerobic lagoon (m=1) | G8: ='Constants - Common'!$F$176 -> Pasture | J8: Not irrigated
D9: ='Constants - Livestock'!$E$13 -> Sump and dispersal system | E9: ='Constants - Livestock'!$F$13 -> Sump and dispersal system (m=3a) | G9: ='Constants - Common'!$F$177 -> Crop | J9: Drip irrigation
A10: CALCULATIONS | D10: ='Constants - Livestock'!$E$14 -> Drains to paddock | E10: ='Constants - Livestock'!$F$14 -> Drains to paddock (m=3b) | J10: Sprinkler irrigation
A11: =HYPERLINK("#'4.1.1.1-2 Methane'!A1", "4.1.1.1-2 Methane") -> 4.1.1.1-2 Methane | D11: ='Constants - Livestock'!$E$15 -> Solid storage | E11: ='Constants - Livestock'!$F$15 -> Solid storage (m=4) | J11: Surface irrigation
A12: =HYPERLINK("#'4.1.1.3-4 Direct N20'!A1", "4.1.1.3-4 Direct N2O") -> 4.1.1.3-4 Direct N2O | J12: Other irrigation
A13: =HYPERLINK("#'4.1.1.5-6 Atmos Deposition'!A1", "4.1.1.5-6 Atmospheric deposition") -> 4.1.1.5-6 Atmospheric deposition
A14: =HYPERLINK("#'4.1.1.9 Manure applied to soils'!A1", "4.1.1.9 Manure applied to soils") -> 4.1.1.9 Manure applied to soils
A16: APPENDICES | D16: {=SourceData_Dairy.SourceData_Dairy_LiveweightCowsAndHeifers_Title()} -> Table A.1.3.1: Dairy cattle - Liveweight (kg) - Cows and Heifers (Wj)
A17: =HYPERLINK("#'Constants - Feedlot'!A1", "Constants - Feedlot") -> Constants - Feedlot | D17: {=SourceData_Dairy.SourceData_Dairy_LiveweightCowsAndHeifers_Source()} -> VEERG 2026: Table A.1.3.1
A18: =HYPERLINK("#'Constants - Livestock'!A1", "Constants - Livestock") -> Constants - Livestock | D18: {=SourceData_Dairy.SourceData_Dairy_LiveweightCowsAndHeifers_Variable()} -> Wj
A19: =HYPERLINK("#'Constants - Common'!A1", "Constants - Common") -> Constants - Common | D19: {=SourceData_Dairy.SourceData_Dairy_LiveweightCowsAndHeifers_Unit()} -> kg
A20: =HYPERLINK("#'Acknowledgements'!A1", "Acknowledgements") -> Acknowledgements | D20: {=SourceData_Dairy.SourceData_Dairy_LiveweightCowsAndHeifers_Variation()} -> VARIATION OF SOURCE: Excluded 'Reference', as the value is consistently 'Dairy Australia [1]' and is not used in calculation.
D21: Breed | E21: Milking cows | F21: Heifers > 1 | G21: Heifers < 1 (weaned)
D22: {=Common_InputFunctions.Utility_DisplayArrayInTable(SourceData_Dairy.SourceData_Dairy_LiveweightCowsAndHeifers_Data(), Table_SourceData_Dairy_WjCowsHeifers[[#Headers],[Breed]], 0)} -> Medium Friesian | E22: {=Common_InputFunctions.Utility_DisplayArrayInTable(SourceData_Dairy.SourceData_Dairy_LiveweightCowsAndHeifers_Data(), Table_SourceData_Dairy_WjCowsHeifers[[#Headers],[Breed]], 0)} -> 550 | F22: {=Common_InputFunctions.Utility_DisplayArrayInTable(SourceData_Dairy.SourceData_Dairy_LiveweightCowsAndHeifers_Data(), Table_SourceData_Dairy_WjCowsHeifers[[#Headers],[Breed]], 0)} -> 380 | G22: {=Common_InputFunctions.Utility_DisplayArrayInTable(SourceData_Dairy.SourceData_Dairy_LiveweightCowsAndHeifers_Data(), Table_SourceData_Dairy_WjCowsHeifers[[#Headers],[Breed]], 0)} -> 155
D23: {=Common_InputFunctions.Utility_DisplayArrayInTable(SourceData_Dairy.SourceData_Dairy_LiveweightCowsAndHeifers_Data(), Table_SourceData_Dairy_WjCowsHeifers[[#Headers],[Breed]], 0)} -> Large Friesian | E23: {=Common_InputFunctions.Utility_DisplayArrayInTable(SourceData_Dairy.SourceData_Dairy_LiveweightCowsAndHeifers_Data(), Table_SourceData_Dairy_WjCowsHeifers[[#Headers],[Breed]], 0)} -> 600 | F23: {=Common_InputFunctions.Utility_DisplayArrayInTable(SourceData_Dairy.SourceData_Dairy_LiveweightCowsAndHeifers_Data(), Table_SourceData_Dairy_WjCowsHeifers[[#Headers],[Breed]], 0)} -> 415 | G23: {=Common_InputFunctions.Utility_DisplayArrayInTable(SourceData_Dairy.SourceData_Dairy_LiveweightCowsAndHeifers_Data(), Table_SourceData_Dairy_WjCowsHeifers[[#Headers],[Breed]], 0)} -> 170
D24: {=Common_InputFunctions.Utility_DisplayArrayInTable(SourceData_Dairy.SourceData_Dairy_LiveweightCowsAndHeifers_Data(), Table_SourceData_Dairy_WjCowsHeifers[[#Headers],[Breed]], 0)} -> Holstein-Friesian | E24: {=Common_InputFunctions.Utility_DisplayArrayInTable(SourceData_Dairy.SourceData_Dairy_LiveweightCowsAndHeifers_Data(), Table_SourceData_Dairy_WjCowsHeifers[[#Headers],[Breed]], 0)} -> 650 | F24: {=Common_InputFunctions.Utility_DisplayArrayInTable(SourceData_Dairy.SourceData_Dairy_LiveweightCowsAndHeifers_Data(), Table_SourceData_Dairy_WjCowsHeifers[[#Headers],[Breed]], 0)} -> 450 | G24: {=Common_InputFunctions.Utility_DisplayArrayInTable(SourceData_Dairy.SourceData_Dairy_LiveweightCowsAndHeifers_Data(), Table_SourceData_Dairy_WjCowsHeifers[[#Headers],[Breed]], 0)} -> 185
D25: {=Common_InputFunctions.Utility_DisplayArrayInTable(SourceData_Dairy.SourceData_Dairy_LiveweightCowsAndHeifers_Data(), Table_SourceData_Dairy_WjCowsHeifers[[#Headers],[Breed]], 0)} -> Friesian crossbred | E25: {=Common_InputFunctions.Utility_DisplayArrayInTable(SourceData_Dairy.SourceData_Dairy_LiveweightCowsAndHeifers_Data(), Table_SourceData_Dairy_WjCowsHeifers[[#Headers],[Breed]], 0)} -> 500 | F25: {=Common_InputFunctions.Utility_DisplayArrayInTable(SourceData_Dairy.SourceData_Dairy_LiveweightCowsAndHeifers_Data(), Table_SourceData_Dairy_WjCowsHeifers[[#Headers],[Breed]], 0)} -> 350 | G25: {=Common_InputFunctions.Utility_DisplayArrayInTable(SourceData_Dairy.SourceData_Dairy_LiveweightCowsAndHeifers_Data(), Table_SourceData_Dairy_WjCowsHeifers[[#Headers],[Breed]], 0)} -> 145
D26: {=Common_InputFunctions.Utility_DisplayArrayInTable(SourceData_Dairy.SourceData_Dairy_LiveweightCowsAndHeifers_Data(), Table_SourceData_Dairy_WjCowsHeifers[[#Headers],[Breed]], 0)} -> Jersey | E26: {=Common_InputFunctions.Utility_DisplayArrayInTable(SourceData_Dairy.SourceData_Dairy_LiveweightCowsAndHeifers_Data(), Table_SourceData_Dairy_WjCowsHeifers[[#Headers],[Breed]], 0)} -> 400 | F26: {=Common_InputFunctions.Utility_DisplayArrayInTable(SourceData_Dairy.SourceData_Dairy_LiveweightCowsAndHeifers_Data(), Table_SourceData_Dairy_WjCowsHeifers[[#Headers],[Breed]], 0)} -> 275 | G26: {=Common_InputFunctions.Utility_DisplayArrayInTable(SourceData_Dairy.SourceData_Dairy_LiveweightCowsAndHeifers_Data(), Table_SourceData_Dairy_WjCowsHeifers[[#Headers],[Breed]], 0)} -> 115
D27: {=Common_InputFunctions.Utility_DisplayArrayInTable(SourceData_Dairy.SourceData_Dairy_LiveweightCowsAndHeifers_Data(), Table_SourceData_Dairy_WjCowsHeifers[[#Headers],[Breed]], 0)} -> Jersey crossbred | E27: {=Common_InputFunctions.Utility_DisplayArrayInTable(SourceData_Dairy.SourceData_Dairy_LiveweightCowsAndHeifers_Data(), Table_SourceData_Dairy_WjCowsHeifers[[#Headers],[Breed]], 0)} -> 450 | F27: {=Common_InputFunctions.Utility_DisplayArrayInTable(SourceData_Dairy.SourceData_Dairy_LiveweightCowsAndHeifers_Data(), Table_SourceData_Dairy_WjCowsHeifers[[#Headers],[Breed]], 0)} -> 315 | G27: {=Common_InputFunctions.Utility_DisplayArrayInTable(SourceData_Dairy.SourceData_Dairy_LiveweightCowsAndHeifers_Data(), Table_SourceData_Dairy_WjCowsHeifers[[#Headers],[Breed]], 0)} -> 130
D28: {=Common_InputFunctions.Utility_DisplayArrayInTable(SourceData_Dairy.SourceData_Dairy_LiveweightCowsAndHeifers_Data(), Table_SourceData_Dairy_WjCowsHeifers[[#Headers],[Breed]], 0)} -> Ayrshire | E28: {=Common_InputFunctions.Utility_DisplayArrayInTable(SourceData_Dairy.SourceData_Dairy_LiveweightCowsAndHeifers_Data(), Table_SourceData_Dairy_WjCowsHeifers[[#Headers],[Breed]], 0)} -> 540 | F28: {=Common_InputFunctions.Utility_DisplayArrayInTable(SourceData_Dairy.SourceData_Dairy_LiveweightCowsAndHeifers_Data(), Table_SourceData_Dairy_WjCowsHeifers[[#Headers],[Breed]], 0)} -> 375 | G28: {=Common_InputFunctions.Utility_DisplayArrayInTable(SourceData_Dairy.SourceData_Dairy_LiveweightCowsAndHeifers_Data(), Table_SourceData_Dairy_WjCowsHeifers[[#Headers],[Breed]], 0)} -> 150
D29: {=Common_InputFunctions.Utility_DisplayArrayInTable(SourceData_Dairy.SourceData_Dairy_LiveweightCowsAndHeifers_Data(), Table_SourceData_Dairy_WjCowsHeifers[[#Headers],[Breed]], 0)} -> Guernsey | E29: {=Common_InputFunctions.Utility_DisplayArrayInTable(SourceData_Dairy.SourceData_Dairy_LiveweightCowsAndHeifers_Data(), Table_SourceData_Dairy_WjCowsHeifers[[#Headers],[Breed]], 0)} -> 480 | F29: {=Common_InputFunctions.Utility_DisplayArrayInTable(SourceData_Dairy.SourceData_Dairy_LiveweightCowsAndHeifers_Data(), Table_SourceData_Dairy_WjCowsHeifers[[#Headers],[Breed]], 0)} -> 335 | G29: {=Common_InputFunctions.Utility_DisplayArrayInTable(SourceData_Dairy.SourceData_Dairy_LiveweightCowsAndHeifers_Data(), Table_SourceData_Dairy_WjCowsHeifers[[#Headers],[Breed]], 0)} -> 140
D30: {=Common_InputFunctions.Utility_DisplayArrayInTable(SourceData_Dairy.SourceData_Dairy_LiveweightCowsAndHeifers_Data(), Table_SourceData_Dairy_WjCowsHeifers[[#Headers],[Breed]], 0)} -> Brown Swiss | E30: {=Common_InputFunctions.Utility_DisplayArrayInTable(SourceData_Dairy.SourceData_Dairy_LiveweightCowsAndHeifers_Data(), Table_SourceData_Dairy_WjCowsHeifers[[#Headers],[Breed]], 0)} -> 600 | F30: {=Common_InputFunctions.Utility_DisplayArrayInTable(SourceData_Dairy.SourceData_Dairy_LiveweightCowsAndHeifers_Data(), Table_SourceData_Dairy_WjCowsHeifers[[#Headers],[Breed]], 0)} -> 415 | G30: {=Common_InputFunctions.Utility_DisplayArrayInTable(SourceData_Dairy.SourceData_Dairy_LiveweightCowsAndHeifers_Data(), Table_SourceData_Dairy_WjCowsHeifers[[#Headers],[Breed]], 0)} -> 170
D31: {=Common_InputFunctions.Utility_DisplayArrayInTable(SourceData_Dairy.SourceData_Dairy_LiveweightCowsAndHeifers_Data(), Table_SourceData_Dairy_WjCowsHeifers[[#Headers],[Breed]], 0)} -> Illawarra/Aussie Red | E31: {=Common_InputFunctions.Utility_DisplayArrayInTable(SourceData_Dairy.SourceData_Dairy_LiveweightCowsAndHeifers_Data(), Table_SourceData_Dairy_WjCowsHeifers[[#Headers],[Breed]], 0)} -> 550 | F31: {=Common_InputFunctions.Utility_DisplayArrayInTable(SourceData_Dairy.SourceData_Dairy_LiveweightCowsAndHeifers_Data(), Table_SourceData_Dairy_WjCowsHeifers[[#Headers],[Breed]], 0)} -> 375 | G31: {=Common_InputFunctions.Utility_DisplayArrayInTable(SourceData_Dairy.SourceData_Dairy_LiveweightCowsAndHeifers_Data(), Table_SourceData_Dairy_WjCowsHeifers[[#Headers],[Breed]], 0)} -> 150
D34: {=SourceData_Dairy.SourceData_Dairy_LiveweightBulls_Title()} -> Table A.1.3.2: Dairy cattle - Liveweight (kg) - Bulls (Wj)
D35: {=SourceData_Dairy.SourceData_Dairy_LiveweightBulls_Source()} -> VEERG 2026: Table A.1.3.2
D36: {=SourceData_Dairy.SourceData_Dairy_LiveweightBulls_Variable()} -> Wj
D37: {=SourceData_Dairy.SourceData_Dairy_LiveweightBulls_Unit()} -> kg
D38: Breed | E38: Bulls > 1 | F38: Bulls < 1 (weaned)
D39: {=Common_InputFunctions.Utility_DisplayArrayInTable(SourceData_Dairy.SourceData_Dairy_LiveweightBulls_Data(), Table_SourceData_Dairy_WjBulls[[#Headers],[Breed]], 0)} -> All breeds | E39: {=Common_InputFunctions.Utility_DisplayArrayInTable(SourceData_Dairy.SourceData_Dairy_LiveweightBulls_Data(), Table_SourceData_Dairy_WjBulls[[#Headers],[Breed]], 0)} -> 600 | F39: {=Common_InputFunctions.Utility_DisplayArrayInTable(SourceData_Dairy.SourceData_Dairy_LiveweightBulls_Data(), Table_SourceData_Dairy_WjBulls[[#Headers],[Breed]], 0)} -> 225
D42: {=SourceData_Dairy.SourceData_Dairy_LiveweightGain_Title()} -> Table A.1.3.3: Dairy cattle - Liveweight gain (kg) (LWGj)
D43: {=SourceData_Dairy.SourceData_Dairy_LiveweightGain_Source()} -> VEERG 2026: Table A.1.3.3
D44: {=SourceData_Dairy.SourceData_Dairy_LiveweightGain_Variable()} -> LWGj
D45: {=SourceData_Dairy.SourceData_Dairy_LiveweightGain_Unit()} -> kg
D46: Milking cows | E46: Heifers > 1 | F46: Heifers < 1 (weaned) | G46: Bulls > 1 | H46: Bulls < 1 (weaned)
D47: {=Common_InputFunctions.Utility_DisplayArrayInTable(SourceData_Dairy.SourceData_Dairy_LiveweightGain_Data(), Table_SourceData_Dairy_LWGj[[#Headers],[Milking cows]], 0)} -> 0.016 | E47: {=Common_InputFunctions.Utility_DisplayArrayInTable(SourceData_Dairy.SourceData_Dairy_LiveweightGain_Data(), Table_SourceData_Dairy_LWGj[[#Headers],[Milking cows]], 0)} -> 0.6 | F47: {=Common_InputFunctions.Utility_DisplayArrayInTable(SourceData_Dairy.SourceData_Dairy_LiveweightGain_Data(), Table_SourceData_Dairy_LWGj[[#Headers],[Milking cows]], 0)} -> 0.57 | G47: {=Common_InputFunctions.Utility_DisplayArrayInTable(SourceData_Dairy.SourceData_Dairy_LiveweightGain_Data(), Table_SourceData_Dairy_LWGj[[#Headers],[Milking cows]], 0)} -> 0.1 | H47: {=Common_InputFunctions.Utility_DisplayArrayInTable(SourceData_Dairy.SourceData_Dairy_LiveweightGain_Data(), Table_SourceData_Dairy_LWGj[[#Headers],[Milking cows]], 0)} -> 0.8
D50: {=SourceData_Dairy.SourceData_Dairy_ReferenceWeights_Title()} -> Table A.1.3.4: Dairy cattle - Reference weights (kg) (WRj)
D51: {=SourceData_Dairy.SourceData_Dairy_ReferenceWeights_Source()} -> VEERG 2026: Table A.1.3.4
D52: {=SourceData_Dairy.SourceData_Dairy_ReferenceWeights_Variable()} -> WRj
D53: {=SourceData_Dairy.SourceData_Dairy_ReferenceWeights_Unit()} -> kg
D54: Milking cows | E54: Heifers > 1 | F54: Heifers < 1 (weaned) | G54: Bulls > 1 | H54: Bulls < 1 (weaned)
D55: {=Common_InputFunctions.Utility_DisplayArrayInTable(SourceData_Dairy.SourceData_Dairy_ReferenceWeights_Data(), Table_SourceData_Dairy_WRj[[#Headers],[Milking cows]], 0)} -> 590 | E55: {=Common_InputFunctions.Utility_DisplayArrayInTable(SourceData_Dairy.SourceData_Dairy_ReferenceWeights_Data(), Table_SourceData_Dairy_WRj[[#Headers],[Milking cows]], 0)} -> 590 | F55: {=Common_InputFunctions.Utility_DisplayArrayInTable(SourceData_Dairy.SourceData_Dairy_ReferenceWeights_Data(), Table_SourceData_Dairy_WRj[[#Headers],[Milking cows]], 0)} -> 590 | G55: {=Common_InputFunctions.Utility_DisplayArrayInTable(SourceData_Dairy.SourceData_Dairy_ReferenceWeights_Data(), Table_SourceData_Dairy_WRj[[#Headers],[Milking cows]], 0)} -> 770 | H55: {=Common_InputFunctions.Utility_DisplayArrayInTable(SourceData_Dairy.SourceData_Dairy_ReferenceWeights_Data(), Table_SourceData_Dairy_WRj[[#Headers],[Milking cows]], 0)} -> 770
D58: {=SourceData_Dairy.SourceData_Dairy_PreWeanedCalves_Title()} -> Table A.1.3.5: Dairy cattle - Data for pre - weaned calves
D59: {=SourceData_Dairy.SourceData_Dairy_PreWeanedCalves_Source()} -> VEERG 2026: Table A.1.3.5
D60: {=SourceData_Dairy.SourceData_Dairy_PreWeanedCalves_Variable()} -> VSj=3,5; NPWj=3,5
D61: {=SourceData_Dairy.SourceData_Dairy_PreWeanedCalves_Unit()} -> kg/day
D62: Animal class j | E62: CH4 production | F62: Volatile solids (VSj=3,5) | G62: Nitrogen Excreted (NPWj=3,5)
D63: {=Common_InputFunctions.Utility_DisplayArrayInTable(SourceData_Dairy.SourceData_Dairy_PreWeanedCalves_Data(), Table_SourceData_Dairy_DataPreWeaned[[#Headers],[Animal class j]], -1)} -> Heifers<1 | E63: {=Common_InputFunctions.Utility_DisplayArrayInTable(SourceData_Dairy.SourceData_Dairy_PreWeanedCalves_Data(), Table_SourceData_Dairy_DataPreWeaned[[#Headers],[Animal class j]], -1)} -> 0.0176 | F63: {=Common_InputFunctions.Utility_DisplayArrayInTable(SourceData_Dairy.SourceData_Dairy_PreWeanedCalves_Data(), Table_SourceData_Dairy_DataPreWeaned[[#Headers],[Animal class j]], -1)} -> 0.2685 | G63: {=Common_InputFunctions.Utility_DisplayArrayInTable(SourceData_Dairy.SourceData_Dairy_PreWeanedCalves_Data(), Table_SourceData_Dairy_DataPreWeaned[[#Headers],[Animal class j]], -1)} -> 0.0137
D64: {=Common_InputFunctions.Utility_DisplayArrayInTable(SourceData_Dairy.SourceData_Dairy_PreWeanedCalves_Data(), Table_SourceData_Dairy_DataPreWeaned[[#Headers],[Animal class j]], -1)} -> Bulls<1 | E64: {=Common_InputFunctions.Utility_DisplayArrayInTable(SourceData_Dairy.SourceData_Dairy_PreWeanedCalves_Data(), Table_SourceData_Dairy_DataPreWeaned[[#Headers],[Animal class j]], -1)} -> 0.0204 | F64: {=Common_InputFunctions.Utility_DisplayArrayInTable(SourceData_Dairy.SourceData_Dairy_PreWeanedCalves_Data(), Table_SourceData_Dairy_DataPreWeaned[[#Headers],[Animal class j]], -1)} -> 0.3003 | G64: {=Common_InputFunctions.Utility_DisplayArrayInTable(SourceData_Dairy.SourceData_Dairy_PreWeanedCalves_Data(), Table_SourceData_Dairy_DataPreWeaned[[#Headers],[Animal class j]], -1)} -> 0.0092
D67: {=SourceData_Dairy.SourceData_Dairy_MCF_Title()} -> Table A.1.3.6: Dairy cattle - Dairy cattle - MCFs (fraction) (MCFjm)
D68: {=SourceData_Dairy.SourceData_Dairy_MCF_Source()} -> VEERG 2026: Table A.1.3.6
D69: {=SourceData_Dairy.SourceData_Dairy_MCF_Variable()} -> MCFjm
D70: {=SourceData_Dairy.SourceData_Dairy_MCF_Unit()} -> fraction
D71: {=SourceData_Dairy.SourceData_Dairy_MCF_Variation()} -> VARIATION OF SOURCE: Added 'NIR reference' column to aid lookup
D72: MMS m | E72: ACT | F72: NSW | G72: NT | H72: QLD | I72: SA | J72: TAS | K72: VIC | L72: WA | M72: NIR reference
D73: {=Common_InputFunctions.Utility_DisplayArrayInTable(SourceData_Dairy.SourceData_Dairy_MCF_Data(), Table_SourceData_Dairy_MCFjm[[#Headers],[MMS m]], 0)} -> Pasture | E73: {=Common_InputFunctions.Utility_DisplayArrayInTable(SourceData_Dairy.SourceData_Dairy_MCF_Data(), Table_SourceData_Dairy_MCFjm[[#Headers],[MMS m]], 0)} -> 0.01 | F73: {=Common_InputFunctions.Utility_DisplayArrayInTable(SourceData_Dairy.SourceData_Dairy_MCF_Data(), Table_SourceData_Dairy_MCFjm[[#Headers],[MMS m]], 0)} -> 0.01 | G73: {=Common_InputFunctions.Utility_DisplayArrayInTable(SourceData_Dairy.SourceData_Dairy_MCF_Data(), Table_SourceData_Dairy_MCFjm[[#Headers],[MMS m]], 0)} -> 0.02 | H73: {=Common_InputFunctions.Utility_DisplayArrayInTable(SourceData_Dairy.SourceData_Dairy_MCF_Data(), Table_SourceData_Dairy_MCFjm[[#Headers],[MMS m]], 0)} -> 0.01 | I73: {=Common_InputFunctions.Utility_DisplayArrayInTable(SourceData_Dairy.SourceData_Dairy_MCF_Data(), Table_SourceData_Dairy_MCFjm[[#Headers],[MMS m]], 0)} -> 0.01 | J73: {=Common_InputFunctions.Utility_DisplayArrayInTable(SourceData_Dairy.SourceData_Dairy_MCF_Data(), Table_SourceData_Dairy_MCFjm[[#Headers],[MMS m]], 0)} -> 0.01 | K73: {=Common_InputFunctions.Utility_DisplayArrayInTable(SourceData_Dairy.SourceData_Dairy_MCF_Data(), Table_SourceData_Dairy_MCFjm[[#Headers],[MMS m]], 0)} -> 0.01 | ... M73: {=Common_InputFunctions.Utility_DisplayArrayInTable(SourceData_Dairy.SourceData_Dairy_MCF_Data(), Table_SourceData_Dairy_MCFjm[[#Headers],[MMS m]], 0)} -> Pasture range and paddock
D74: {=Common_InputFunctions.Utility_DisplayArrayInTable(SourceData_Dairy.SourceData_Dairy_MCF_Data(), Table_SourceData_Dairy_MCFjm[[#Headers],[MMS m]], 0)} -> Anaerobic lagoon | E74: {=Common_InputFunctions.Utility_DisplayArrayInTable(SourceData_Dairy.SourceData_Dairy_MCF_Data(), Table_SourceData_Dairy_MCFjm[[#Headers],[MMS m]], 0)} -> 0.72 | F74: {=Common_InputFunctions.Utility_DisplayArrayInTable(SourceData_Dairy.SourceData_Dairy_MCF_Data(), Table_SourceData_Dairy_MCFjm[[#Headers],[MMS m]], 0)} -> 0.76 | G74: {=Common_InputFunctions.Utility_DisplayArrayInTable(SourceData_Dairy.SourceData_Dairy_MCF_Data(), Table_SourceData_Dairy_MCFjm[[#Headers],[MMS m]], 0)} -> 0.8 | H74: {=Common_InputFunctions.Utility_DisplayArrayInTable(SourceData_Dairy.SourceData_Dairy_MCF_Data(), Table_SourceData_Dairy_MCFjm[[#Headers],[MMS m]], 0)} -> 0.78 | I74: {=Common_InputFunctions.Utility_DisplayArrayInTable(SourceData_Dairy.SourceData_Dairy_MCF_Data(), Table_SourceData_Dairy_MCFjm[[#Headers],[MMS m]], 0)} -> 0.74 | J74: {=Common_InputFunctions.Utility_DisplayArrayInTable(SourceData_Dairy.SourceData_Dairy_MCF_Data(), Table_SourceData_Dairy_MCFjm[[#Headers],[MMS m]], 0)} -> 0.69 | K74: {=Common_InputFunctions.Utility_DisplayArrayInTable(SourceData_Dairy.SourceData_Dairy_MCF_Data(), Table_SourceData_Dairy_MCFjm[[#Headers],[MMS m]], 0)} -> 0.73 | ... M74: {=Common_InputFunctions.Utility_DisplayArrayInTable(SourceData_Dairy.SourceData_Dairy_MCF_Data(), Table_SourceData_Dairy_MCFjm[[#Headers],[MMS m]], 0)} -> Anaerobic lagoon
D75: {=Common_InputFunctions.Utility_DisplayArrayInTable(SourceData_Dairy.SourceData_Dairy_MCF_Data(), Table_SourceData_Dairy_MCFjm[[#Headers],[MMS m]], 0)} -> Daily spread - Sump and dispersal systems | E75: {=Common_InputFunctions.Utility_DisplayArrayInTable(SourceData_Dairy.SourceData_Dairy_MCF_Data(), Table_SourceData_Dairy_MCFjm[[#Headers],[MMS m]], 0)} -> 0.005 | F75: {=Common_InputFunctions.Utility_DisplayArrayInTable(SourceData_Dairy.SourceData_Dairy_MCF_Data(), Table_SourceData_Dairy_MCFjm[[#Headers],[MMS m]], 0)} -> 0.005 | G75: {=Common_InputFunctions.Utility_DisplayArrayInTable(SourceData_Dairy.SourceData_Dairy_MCF_Data(), Table_SourceData_Dairy_MCFjm[[#Headers],[MMS m]], 0)} -> 0.01 | H75: {=Common_InputFunctions.Utility_DisplayArrayInTable(SourceData_Dairy.SourceData_Dairy_MCF_Data(), Table_SourceData_Dairy_MCFjm[[#Headers],[MMS m]], 0)} -> 0.005 | I75: {=Common_InputFunctions.Utility_DisplayArrayInTable(SourceData_Dairy.SourceData_Dairy_MCF_Data(), Table_SourceData_Dairy_MCFjm[[#Headers],[MMS m]], 0)} -> 0.005 | J75: {=Common_InputFunctions.Utility_DisplayArrayInTable(SourceData_Dairy.SourceData_Dairy_MCF_Data(), Table_SourceData_Dairy_MCFjm[[#Headers],[MMS m]], 0)} -> 0.001 | K75: {=Common_InputFunctions.Utility_DisplayArrayInTable(SourceData_Dairy.SourceData_Dairy_MCF_Data(), Table_SourceData_Dairy_MCFjm[[#Headers],[MMS m]], 0)} -> 0.005 | ... M75: {=Common_InputFunctions.Utility_DisplayArrayInTable(SourceData_Dairy.SourceData_Dairy_MCF_Data(), Table_SourceData_Dairy_MCFjm[[#Headers],[MMS m]], 0)} -> Sump and dispersal system
D76: {=Common_InputFunctions.Utility_DisplayArrayInTable(SourceData_Dairy.SourceData_Dairy_MCF_Data(), Table_SourceData_Dairy_MCFjm[[#Headers],[MMS m]], 0)} -> Daily spread - Drains to paddocks (a) | E76: {=Common_InputFunctions.Utility_DisplayArrayInTable(SourceData_Dairy.SourceData_Dairy_MCF_Data(), Table_SourceData_Dairy_MCFjm[[#Headers],[MMS m]], 0)} -> 0.15 | F76: {=Common_InputFunctions.Utility_DisplayArrayInTable(SourceData_Dairy.SourceData_Dairy_MCF_Data(), Table_SourceData_Dairy_MCFjm[[#Headers],[MMS m]], 0)} -> 0.18 | G76: {=Common_InputFunctions.Utility_DisplayArrayInTable(SourceData_Dairy.SourceData_Dairy_MCF_Data(), Table_SourceData_Dairy_MCFjm[[#Headers],[MMS m]], 0)} -> 0.5 | H76: {=Common_InputFunctions.Utility_DisplayArrayInTable(SourceData_Dairy.SourceData_Dairy_MCF_Data(), Table_SourceData_Dairy_MCFjm[[#Headers],[MMS m]], 0)} -> 0.24 | I76: {=Common_InputFunctions.Utility_DisplayArrayInTable(SourceData_Dairy.SourceData_Dairy_MCF_Data(), Table_SourceData_Dairy_MCFjm[[#Headers],[MMS m]], 0)} -> 0.17 | J76: {=Common_InputFunctions.Utility_DisplayArrayInTable(SourceData_Dairy.SourceData_Dairy_MCF_Data(), Table_SourceData_Dairy_MCFjm[[#Headers],[MMS m]], 0)} -> 0.13 | K76: {=Common_InputFunctions.Utility_DisplayArrayInTable(SourceData_Dairy.SourceData_Dairy_MCF_Data(), Table_SourceData_Dairy_MCFjm[[#Headers],[MMS m]], 0)} -> 0.17 | ... M76: {=Common_InputFunctions.Utility_DisplayArrayInTable(SourceData_Dairy.SourceData_Dairy_MCF_Data(), Table_SourceData_Dairy_MCFjm[[#Headers],[MMS m]], 0)} -> Drains to paddock
D77: {=Common_InputFunctions.Utility_DisplayArrayInTable(SourceData_Dairy.SourceData_Dairy_MCF_Data(), Table_SourceData_Dairy_MCFjm[[#Headers],[MMS m]], 0)} -> Solid Storage | E77: {=Common_InputFunctions.Utility_DisplayArrayInTable(SourceData_Dairy.SourceData_Dairy_MCF_Data(), Table_SourceData_Dairy_MCFjm[[#Headers],[MMS m]], 0)} -> 0.02 | F77: {=Common_InputFunctions.Utility_DisplayArrayInTable(SourceData_Dairy.SourceData_Dairy_MCF_Data(), Table_SourceData_Dairy_MCFjm[[#Headers],[MMS m]], 0)} -> 0.02 | G77: {=Common_InputFunctions.Utility_DisplayArrayInTable(SourceData_Dairy.SourceData_Dairy_MCF_Data(), Table_SourceData_Dairy_MCFjm[[#Headers],[MMS m]], 0)} -> 0.02 | H77: {=Common_InputFunctions.Utility_DisplayArrayInTable(SourceData_Dairy.SourceData_Dairy_MCF_Data(), Table_SourceData_Dairy_MCFjm[[#Headers],[MMS m]], 0)} -> 0.02 | I77: {=Common_InputFunctions.Utility_DisplayArrayInTable(SourceData_Dairy.SourceData_Dairy_MCF_Data(), Table_SourceData_Dairy_MCFjm[[#Headers],[MMS m]], 0)} -> 0.02 | J77: {=Common_InputFunctions.Utility_DisplayArrayInTable(SourceData_Dairy.SourceData_Dairy_MCF_Data(), Table_SourceData_Dairy_MCFjm[[#Headers],[MMS m]], 0)} -> 0.02 | K77: {=Common_InputFunctions.Utility_DisplayArrayInTable(SourceData_Dairy.SourceData_Dairy_MCF_Data(), Table_SourceData_Dairy_MCFjm[[#Headers],[MMS m]], 0)} -> 0.02 | ... M77: {=Common_InputFunctions.Utility_DisplayArrayInTable(SourceData_Dairy.SourceData_Dairy_MCF_Data(), Table_SourceData_Dairy_MCFjm[[#Headers],[MMS m]], 0)} -> Solid storage
D78: {=Common_InputFunctions.Utility_DisplayArrayInTable(SourceData_Dairy.SourceData_Dairy_MCF_Data(), Table_SourceData_Dairy_MCFjm[[#Headers],[MMS m]], 0)} -> Direct Application to soil | E78: {=Common_InputFunctions.Utility_DisplayArrayInTable(SourceData_Dairy.SourceData_Dairy_MCF_Data(), Table_SourceData_Dairy_MCFjm[[#Headers],[MMS m]], 0)} -> 0 | F78: {=Common_InputFunctions.Utility_DisplayArrayInTable(SourceData_Dairy.SourceData_Dairy_MCF_Data(), Table_SourceData_Dairy_MCFjm[[#Headers],[MMS m]], 0)} -> 0 | G78: {=Common_InputFunctions.Utility_DisplayArrayInTable(SourceData_Dairy.SourceData_Dairy_MCF_Data(), Table_SourceData_Dairy_MCFjm[[#Headers],[MMS m]], 0)} -> 0 | H78: {=Common_InputFunctions.Utility_DisplayArrayInTable(SourceData_Dairy.SourceData_Dairy_MCF_Data(), Table_SourceData_Dairy_MCFjm[[#Headers],[MMS m]], 0)} -> 0 | I78: {=Common_InputFunctions.Utility_DisplayArrayInTable(SourceData_Dairy.SourceData_Dairy_MCF_Data(), Table_SourceData_Dairy_MCFjm[[#Headers],[MMS m]], 0)} -> 0 | J78: {=Common_InputFunctions.Utility_DisplayArrayInTable(SourceData_Dairy.SourceData_Dairy_MCF_Data(), Table_SourceData_Dairy_MCFjm[[#Headers],[MMS m]], 0)} -> 0 | K78: {=Common_InputFunctions.Utility_DisplayArrayInTable(SourceData_Dairy.SourceData_Dairy_MCF_Data(), Table_SourceData_Dairy_MCFjm[[#Headers],[MMS m]], 0)} -> 0 | ... M78: {=Common_InputFunctions.Utility_DisplayArrayInTable(SourceData_Dairy.SourceData_Dairy_MCF_Data(), Table_SourceData_Dairy_MCFjm[[#Headers],[MMS m]], 0)} -> Direct application
D81: {=SourceData_Dairy.SourceData_Dairy_NitrousOxideEFsAndFracGASM_Title()} -> Table A.1.3.7: Dairy cattle - Nitrous oxide EFs and fraction of N volatilised by MMS
D82: {=SourceData_Dairy.SourceData_Dairy_NitrousOxideEFsAndFracGASM_Source()} -> VEERG 2026: Table A.1.3.7
D83: {=SourceData_Dairy.SourceData_Dairy_NitrousOxideEFsAndFracGASM_Variable()} -> EFm; FracGASMm
D84: {=SourceData_Dairy.SourceData_Dairy_NitrousOxideEFsAndFracGASM_Unit()} -> kg N2O-N/kg N excreted
D85: {=SourceData_Dairy.SourceData_Dairy_NitrousOxideEFsAndFracGASM_Variation()} -> VARIATION OF SOURCE: Added 'NIR reference' column to aid lookup
D86: MMS m | E86: EFm | F86: FracGASMm | G86: NIR reference
D87: {=Common_InputFunctions.Utility_DisplayArrayInTable(SourceData_Dairy.SourceData_Dairy_NitrousOxideEFsAndFracGASM_Data(), Table_SourceData_Dairy_EFmFracGASM[[#Headers],[MMS m]], 0)} -> M=14 Pasture | E87: {=Common_InputFunctions.Utility_DisplayArrayInTable(SourceData_Dairy.SourceData_Dairy_NitrousOxideEFsAndFracGASM_Data(), Table_SourceData_Dairy_EFmFracGASM[[#Headers],[MMS m]], 0)} -> 0 | F87: {=Common_InputFunctions.Utility_DisplayArrayInTable(SourceData_Dairy.SourceData_Dairy_NitrousOxideEFsAndFracGASM_Data(), Table_SourceData_Dairy_EFmFracGASM[[#Headers],[MMS m]], 0)} -> 0 | G87: {=Common_InputFunctions.Utility_DisplayArrayInTable(SourceData_Dairy.SourceData_Dairy_NitrousOxideEFsAndFracGASM_Data(), Table_SourceData_Dairy_EFmFracGASM[[#Headers],[MMS m]], 0)} -> Pasture range and paddock
D88: {=Common_InputFunctions.Utility_DisplayArrayInTable(SourceData_Dairy.SourceData_Dairy_NitrousOxideEFsAndFracGASM_Data(), Table_SourceData_Dairy_EFmFracGASM[[#Headers],[MMS m]], 0)} -> M=1 Anaerobic lagoon | E88: {=Common_InputFunctions.Utility_DisplayArrayInTable(SourceData_Dairy.SourceData_Dairy_NitrousOxideEFsAndFracGASM_Data(), Table_SourceData_Dairy_EFmFracGASM[[#Headers],[MMS m]], 0)} -> 0 | F88: {=Common_InputFunctions.Utility_DisplayArrayInTable(SourceData_Dairy.SourceData_Dairy_NitrousOxideEFsAndFracGASM_Data(), Table_SourceData_Dairy_EFmFracGASM[[#Headers],[MMS m]], 0)} -> 0.35 | G88: {=Common_InputFunctions.Utility_DisplayArrayInTable(SourceData_Dairy.SourceData_Dairy_NitrousOxideEFsAndFracGASM_Data(), Table_SourceData_Dairy_EFmFracGASM[[#Headers],[MMS m]], 0)} -> Anaerobic lagoon
D89: {=Common_InputFunctions.Utility_DisplayArrayInTable(SourceData_Dairy.SourceData_Dairy_NitrousOxideEFsAndFracGASM_Data(), Table_SourceData_Dairy_EFmFracGASM[[#Headers],[MMS m]], 0)} -> M=2 Daily Spread - Sump and Dispersal | E89: {=Common_InputFunctions.Utility_DisplayArrayInTable(SourceData_Dairy.SourceData_Dairy_NitrousOxideEFsAndFracGASM_Data(), Table_SourceData_Dairy_EFmFracGASM[[#Headers],[MMS m]], 0)} -> 0 | F89: {=Common_InputFunctions.Utility_DisplayArrayInTable(SourceData_Dairy.SourceData_Dairy_NitrousOxideEFsAndFracGASM_Data(), Table_SourceData_Dairy_EFmFracGASM[[#Headers],[MMS m]], 0)} -> 0.07 | G89: {=Common_InputFunctions.Utility_DisplayArrayInTable(SourceData_Dairy.SourceData_Dairy_NitrousOxideEFsAndFracGASM_Data(), Table_SourceData_Dairy_EFmFracGASM[[#Headers],[MMS m]], 0)} -> Sump and dispersal system
D90: {=Common_InputFunctions.Utility_DisplayArrayInTable(SourceData_Dairy.SourceData_Dairy_NitrousOxideEFsAndFracGASM_Data(), Table_SourceData_Dairy_EFmFracGASM[[#Headers],[MMS m]], 0)} -> M=3 Daily Spread - Drains to Paddock | E90: {=Common_InputFunctions.Utility_DisplayArrayInTable(SourceData_Dairy.SourceData_Dairy_NitrousOxideEFsAndFracGASM_Data(), Table_SourceData_Dairy_EFmFracGASM[[#Headers],[MMS m]], 0)} -> 0 | F90: {=Common_InputFunctions.Utility_DisplayArrayInTable(SourceData_Dairy.SourceData_Dairy_NitrousOxideEFsAndFracGASM_Data(), Table_SourceData_Dairy_EFmFracGASM[[#Headers],[MMS m]], 0)} -> 0.2 | G90: {=Common_InputFunctions.Utility_DisplayArrayInTable(SourceData_Dairy.SourceData_Dairy_NitrousOxideEFsAndFracGASM_Data(), Table_SourceData_Dairy_EFmFracGASM[[#Headers],[MMS m]], 0)} -> Drains to paddock
D91: {=Common_InputFunctions.Utility_DisplayArrayInTable(SourceData_Dairy.SourceData_Dairy_NitrousOxideEFsAndFracGASM_Data(), Table_SourceData_Dairy_EFmFracGASM[[#Headers],[MMS m]], 0)} -> M=3 Solid Storage | E91: {=Common_InputFunctions.Utility_DisplayArrayInTable(SourceData_Dairy.SourceData_Dairy_NitrousOxideEFsAndFracGASM_Data(), Table_SourceData_Dairy_EFmFracGASM[[#Headers],[MMS m]], 0)} -> 0.005 | F91: {=Common_InputFunctions.Utility_DisplayArrayInTable(SourceData_Dairy.SourceData_Dairy_NitrousOxideEFsAndFracGASM_Data(), Table_SourceData_Dairy_EFmFracGASM[[#Headers],[MMS m]], 0)} -> 0.3 | G91: {=Common_InputFunctions.Utility_DisplayArrayInTable(SourceData_Dairy.SourceData_Dairy_NitrousOxideEFsAndFracGASM_Data(), Table_SourceData_Dairy_EFmFracGASM[[#Headers],[MMS m]], 0)} -> Solid storage
D94: {=SourceData_Dairy.SourceData_Dairy_MethaneProductionPreWeanedCalves_Title()} -> Table A.1.3.8: Dairy cattle - Methane production for pre-weaned heifer and bull calves (kg CH4/head/day) (MPWENTERIC,j=3,5)
D95: {=SourceData_Dairy.SourceData_Dairy_MethaneProductionPreWeanedCalves_Source()} -> VEERG 2026: Table A.1.3.8
D96: {=SourceData_Dairy.SourceData_Dairy_MethaneProductionPreWeanedCalves_Variable()} -> MPWENTERIC,j=3,5
D97: {=SourceData_Dairy.SourceData_Dairy_MethaneProductionPreWeanedCalves_Unit()} -> kg CH4/head/day
D98: Animal class j | E98: MPW ENTERIC
D99: {=Common_InputFunctions.Utility_DisplayArrayInTable(SourceData_Dairy.SourceData_Dairy_MethaneProductionPreWeanedCalves_Data(), Table_SourceData_Dairy_MPWENTERIC[[#Headers],[Animal class j]], 0)} -> Heifers < 1 year | E99: {=Common_InputFunctions.Utility_DisplayArrayInTable(SourceData_Dairy.SourceData_Dairy_MethaneProductionPreWeanedCalves_Data(), Table_SourceData_Dairy_MPWENTERIC[[#Headers],[Animal class j]], 0)} -> 0.0176
D100: {=Common_InputFunctions.Utility_DisplayArrayInTable(SourceData_Dairy.SourceData_Dairy_MethaneProductionPreWeanedCalves_Data(), Table_SourceData_Dairy_MPWENTERIC[[#Headers],[Animal class j]], 0)} -> Bulls < 1 year | E100: {=Common_InputFunctions.Utility_DisplayArrayInTable(SourceData_Dairy.SourceData_Dairy_MethaneProductionPreWeanedCalves_Data(), Table_SourceData_Dairy_MPWENTERIC[[#Headers],[Animal class j]], 0)} -> 0.0204
D103: {=SourceData_Dairy.SourceData_Dairy_IncreasedMetabolicRateMilk_Title()} -> Table A.1.3.9: Dairy cattle - Increased metabolic rate when producing milk (kg DM/head/day) (MRj)
D104: {=SourceData_Dairy.SourceData_Dairy_IncreasedMetabolicRateMilk_Source()} -> VEERG 2026: Table A.1.3.9
D105: {=SourceData_Dairy.SourceData_Dairy_IncreasedMetabolicRateMilk_Variable()} -> MRj
D106: {=SourceData_Dairy.SourceData_Dairy_IncreasedMetabolicRateMilk_Unit()} -> kg DM/head/day
D107: Animal class j | E107: MRj
D108: {=Common_InputFunctions.Utility_DisplayArrayInTable(SourceData_Dairy.SourceData_Dairy_IncreasedMetabolicRateMilk_Data(), Table_SourceData_Dairy_MRj[[#Headers],[Animal class j]], 0)} -> Milking cows, and house cows | E108: {=Common_InputFunctions.Utility_DisplayArrayInTable(SourceData_Dairy.SourceData_Dairy_IncreasedMetabolicRateMilk_Data(), Table_SourceData_Dairy_MRj[[#Headers],[Animal class j]], 0)} -> 1.1
D109: {=Common_InputFunctions.Utility_DisplayArrayInTable(SourceData_Dairy.SourceData_Dairy_IncreasedMetabolicRateMilk_Data(), Table_SourceData_Dairy_MRj[[#Headers],[Animal class j]], 0)} -> All other cattle classes | E109: {=Common_InputFunctions.Utility_DisplayArrayInTable(SourceData_Dairy.SourceData_Dairy_IncreasedMetabolicRateMilk_Data(), Table_SourceData_Dairy_MRj[[#Headers],[Animal class j]], 0)} -> 1
D112: {=SourceData_Dairy.SourceData_Dairy_FractionVolatileSolidsVoidedMMS_Title()} -> Table A.1.3.10: Dairy cattle - Fraction of volatile solids voided to each manure management system (fraction) (MMSjm)
D113: {=SourceData_Dairy.SourceData_Dairy_FractionVolatileSolidsVoidedMMS_Source()} -> VEERG 2026: Table A.1.3.10
D114: {=SourceData_Dairy.SourceData_Dairy_FractionVolatileSolidsVoidedMMS_Variable()} -> MMSjm
D115: {=SourceData_Dairy.SourceData_Dairy_FractionVolatileSolidsVoidedMMS_Unit()} -> fraction
D116: Area | E116: Pasture | F116: Milking shed | G116: Feedpad
D117: {=Common_InputFunctions.Utility_DisplayArrayInTable(SourceData_Dairy.SourceData_Dairy_FractionVolatileSolidsVoidedMMS_Data(), Table_SourceData_Dairy_ProductionSystemTemplates[[#Headers],[Area]], 0)} -> System 1: Grazed Only | E117: {=Common_InputFunctions.Utility_DisplayArrayInTable(SourceData_Dairy.SourceData_Dairy_FractionVolatileSolidsVoidedMMS_Data(), Table_SourceData_Dairy_ProductionSystemTemplates[[#Headers],[Area]], 0)} -> 0.89 | F117: {=Common_InputFunctions.Utility_DisplayArrayInTable(SourceData_Dairy.SourceData_Dairy_FractionVolatileSolidsVoidedMMS_Data(), Table_SourceData_Dairy_ProductionSystemTemplates[[#Headers],[Area]], 0)} -> 0.11 | G117: {=Common_InputFunctions.Utility_DisplayArrayInTable(SourceData_Dairy.SourceData_Dairy_FractionVolatileSolidsVoidedMMS_Data(), Table_SourceData_Dairy_ProductionSystemTemplates[[#Headers],[Area]], 0)} -> 0
D118: {=Common_InputFunctions.Utility_DisplayArrayInTable(SourceData_Dairy.SourceData_Dairy_FractionVolatileSolidsVoidedMMS_Data(), Table_SourceData_Dairy_ProductionSystemTemplates[[#Headers],[Area]], 0)} -> System 2: On feedpad for <10 hr/day for <3 months/year | E118: {=Common_InputFunctions.Utility_DisplayArrayInTable(SourceData_Dairy.SourceData_Dairy_FractionVolatileSolidsVoidedMMS_Data(), Table_SourceData_Dairy_ProductionSystemTemplates[[#Headers],[Area]], 0)} -> 0.79 | F118: {=Common_InputFunctions.Utility_DisplayArrayInTable(SourceData_Dairy.SourceData_Dairy_FractionVolatileSolidsVoidedMMS_Data(), Table_SourceData_Dairy_ProductionSystemTemplates[[#Headers],[Area]], 0)} -> 0.11 | G118: {=Common_InputFunctions.Utility_DisplayArrayInTable(SourceData_Dairy.SourceData_Dairy_FractionVolatileSolidsVoidedMMS_Data(), Table_SourceData_Dairy_ProductionSystemTemplates[[#Headers],[Area]], 0)} -> 0.1
D119: {=Common_InputFunctions.Utility_DisplayArrayInTable(SourceData_Dairy.SourceData_Dairy_FractionVolatileSolidsVoidedMMS_Data(), Table_SourceData_Dairy_ProductionSystemTemplates[[#Headers],[Area]], 0)} -> System 3: Pasture-grazed 3-9 months/year | E119: {=Common_InputFunctions.Utility_DisplayArrayInTable(SourceData_Dairy.SourceData_Dairy_FractionVolatileSolidsVoidedMMS_Data(), Table_SourceData_Dairy_ProductionSystemTemplates[[#Headers],[Area]], 0)} -> 0.534 | F119: {=Common_InputFunctions.Utility_DisplayArrayInTable(SourceData_Dairy.SourceData_Dairy_FractionVolatileSolidsVoidedMMS_Data(), Table_SourceData_Dairy_ProductionSystemTemplates[[#Headers],[Area]], 0)} -> 0.11 | G119: {=Common_InputFunctions.Utility_DisplayArrayInTable(SourceData_Dairy.SourceData_Dairy_FractionVolatileSolidsVoidedMMS_Data(), Table_SourceData_Dairy_ProductionSystemTemplates[[#Headers],[Area]], 0)} -> 0.356
D120: {=Common_InputFunctions.Utility_DisplayArrayInTable(SourceData_Dairy.SourceData_Dairy_FractionVolatileSolidsVoidedMMS_Data(), Table_SourceData_Dairy_ProductionSystemTemplates[[#Headers],[Area]], 0)} -> System 4: Zero grazing | E120: {=Common_InputFunctions.Utility_DisplayArrayInTable(SourceData_Dairy.SourceData_Dairy_FractionVolatileSolidsVoidedMMS_Data(), Table_SourceData_Dairy_ProductionSystemTemplates[[#Headers],[Area]], 0)} -> 0 | F120: {=Common_InputFunctions.Utility_DisplayArrayInTable(SourceData_Dairy.SourceData_Dairy_FractionVolatileSolidsVoidedMMS_Data(), Table_SourceData_Dairy_ProductionSystemTemplates[[#Headers],[Area]], 0)} -> 0.11 | G120: {=Common_InputFunctions.Utility_DisplayArrayInTable(SourceData_Dairy.SourceData_Dairy_FractionVolatileSolidsVoidedMMS_Data(), Table_SourceData_Dairy_ProductionSystemTemplates[[#Headers],[Area]], 0)} -> 0.89
...

Sheet Constants - Common
A1: #VALUE! | C1: Constants - Common
D5: {=Common_SourceData.Common_SourceData_AustralianStatesTerritories_Title()} -> Australian states and territories
D6: State/Territory | E6: Common Name | F6: Abbreviation
D7: {=Common_InputFunctions.Utility_DisplayArrayInTable(Common_SourceData.Common_SourceData_AustralianStatesTerritories_Data(),Table_AustralianStates[[#Headers],[State/Territory]],0)} -> New South Wales | E7: {=Common_InputFunctions.Utility_DisplayArrayInTable(Common_SourceData.Common_SourceData_AustralianStatesTerritories_Data(),Table_AustralianStates[[#Headers],[State/Territory]],0)} -> New South Wales | F7: {=Common_InputFunctions.Utility_DisplayArrayInTable(Common_SourceData.Common_SourceData_AustralianStatesTerritories_Data(),Table_AustralianStates[[#Headers],[State/Territory]],0)} -> NSW
D8: {=Common_InputFunctions.Utility_DisplayArrayInTable(Common_SourceData.Common_SourceData_AustralianStatesTerritories_Data(),Table_AustralianStates[[#Headers],[State/Territory]],0)} -> Australian Capital Territory | E8: {=Common_InputFunctions.Utility_DisplayArrayInTable(Common_SourceData.Common_SourceData_AustralianStatesTerritories_Data(),Table_AustralianStates[[#Headers],[State/Territory]],0)} -> ACT | F8: {=Common_InputFunctions.Utility_DisplayArrayInTable(Common_SourceData.Common_SourceData_AustralianStatesTerritories_Data(),Table_AustralianStates[[#Headers],[State/Territory]],0)} -> ACT
D9: {=Common_InputFunctions.Utility_DisplayArrayInTable(Common_SourceData.Common_SourceData_AustralianStatesTerritories_Data(),Table_AustralianStates[[#Headers],[State/Territory]],0)} -> Victoria | E9: {=Common_InputFunctions.Utility_DisplayArrayInTable(Common_SourceData.Common_SourceData_AustralianStatesTerritories_Data(),Table_AustralianStates[[#Headers],[State/Territory]],0)} -> Victoria | F9: {=Common_InputFunctions.Utility_DisplayArrayInTable(Common_SourceData.Common_SourceData_AustralianStatesTerritories_Data(),Table_AustralianStates[[#Headers],[State/Territory]],0)} -> VIC
D10: {=Common_InputFunctions.Utility_DisplayArrayInTable(Common_SourceData.Common_SourceData_AustralianStatesTerritories_Data(),Table_AustralianStates[[#Headers],[State/Territory]],0)} -> Queensland | E10: {=Common_InputFunctions.Utility_DisplayArrayInTable(Common_SourceData.Common_SourceData_AustralianStatesTerritories_Data(),Table_AustralianStates[[#Headers],[State/Territory]],0)} -> Queensland | F10: {=Common_InputFunctions.Utility_DisplayArrayInTable(Common_SourceData.Common_SourceData_AustralianStatesTerritories_Data(),Table_AustralianStates[[#Headers],[State/Territory]],0)} -> QLD
D11: {=Common_InputFunctions.Utility_DisplayArrayInTable(Common_SourceData.Common_SourceData_AustralianStatesTerritories_Data(),Table_AustralianStates[[#Headers],[State/Territory]],0)} -> South Australia | E11: {=Common_InputFunctions.Utility_DisplayArrayInTable(Common_SourceData.Common_SourceData_AustralianStatesTerritories_Data(),Table_AustralianStates[[#Headers],[State/Territory]],0)} -> South Australia | F11: {=Common_InputFunctions.Utility_DisplayArrayInTable(Common_SourceData.Common_SourceData_AustralianStatesTerritories_Data(),Table_AustralianStates[[#Headers],[State/Territory]],0)} -> SA
D12: {=Common_InputFunctions.Utility_DisplayArrayInTable(Common_SourceData.Common_SourceData_AustralianStatesTerritories_Data(),Table_AustralianStates[[#Headers],[State/Territory]],0)} -> Western Australia | E12: {=Common_InputFunctions.Utility_DisplayArrayInTable(Common_SourceData.Common_SourceData_AustralianStatesTerritories_Data(),Table_AustralianStates[[#Headers],[State/Territory]],0)} -> Western Australia | F12: {=Common_InputFunctions.Utility_DisplayArrayInTable(Common_SourceData.Common_SourceData_AustralianStatesTerritories_Data(),Table_AustralianStates[[#Headers],[State/Territory]],0)} -> WA
D13: {=Common_InputFunctions.Utility_DisplayArrayInTable(Common_SourceData.Common_SourceData_AustralianStatesTerritories_Data(),Table_AustralianStates[[#Headers],[State/Territory]],0)} -> Tasmania | E13: {=Common_InputFunctions.Utility_DisplayArrayInTable(Common_SourceData.Common_SourceData_AustralianStatesTerritories_Data(),Table_AustralianStates[[#Headers],[State/Territory]],0)} -> Tasmania | F13: {=Common_InputFunctions.Utility_DisplayArrayInTable(Common_SourceData.Common_SourceData_AustralianStatesTerritories_Data(),Table_AustralianStates[[#Headers],[State/Territory]],0)} -> TAS
D14: {=Common_InputFunctions.Utility_DisplayArrayInTable(Common_SourceData.Common_SourceData_AustralianStatesTerritories_Data(),Table_AustralianStates[[#Headers],[State/Territory]],0)} -> Northern Territory | E14: {=Common_InputFunctions.Utility_DisplayArrayInTable(Common_SourceData.Common_SourceData_AustralianStatesTerritories_Data(),Table_AustralianStates[[#Headers],[State/Territory]],0)} -> Northern Territory | F14: {=Common_InputFunctions.Utility_DisplayArrayInTable(Common_SourceData.Common_SourceData_AustralianStatesTerritories_Data(),Table_AustralianStates[[#Headers],[State/Territory]],0)} -> NT
D18: {=Common_SourceData.Common_SourceData_WASA4Areas_Title()} -> ABS Statistcal Areas Level 4 - Western Australia
D19: {=Common_SourceData.Common_SourceData_WASA4Areas_Source()} -> Australian Bureau of Statistics (ABS) - Statistical Areas Level 2 - 2021 - Shapefile
D20: SA 4 Name
D21: {=Common_InputFunctions.Utility_DisplayArrayInTable(Common_SourceData.Common_SourceData_WASA4Areas_Data(), Table_WASA4Areas[[#Headers],[SA 4 Name]], 0)} -> Bunbury
D22: {=Common_InputFunctions.Utility_DisplayArrayInTable(Common_SourceData.Common_SourceData_WASA4Areas_Data(), Table_WASA4Areas[[#Headers],[SA 4 Name]], 0)} -> Mandurah
D23: {=Common_InputFunctions.Utility_DisplayArrayInTable(Common_SourceData.Common_SourceData_WASA4Areas_Data(), Table_WASA4Areas[[#Headers],[SA 4 Name]], 0)} -> Perth - Inner
D24: {=Common_InputFunctions.Utility_DisplayArrayInTable(Common_SourceData.Common_SourceData_WASA4Areas_Data(), Table_WASA4Areas[[#Headers],[SA 4 Name]], 0)} -> Perth - North East
D25: {=Common_InputFunctions.Utility_DisplayArrayInTable(Common_SourceData.Common_SourceData_WASA4Areas_Data(), Table_WASA4Areas[[#Headers],[SA 4 Name]], 0)} -> Perth - North West
D26: {=Common_InputFunctions.Utility_DisplayArrayInTable(Common_SourceData.Common_SourceData_WASA4Areas_Data(), Table_WASA4Areas[[#Headers],[SA 4 Name]], 0)} -> Perth - South East
D27: {=Common_InputFunctions.Utility_DisplayArrayInTable(Common_SourceData.Common_SourceData_WASA4Areas_Data(), Table_WASA4Areas[[#Headers],[SA 4 Name]], 0)} -> Perth - South West
D28: {=Common_InputFunctions.Utility_DisplayArrayInTable(Common_SourceData.Common_SourceData_WASA4Areas_Data(), Table_WASA4Areas[[#Headers],[SA 4 Name]], 0)} -> Western Australia - Wheat Belt
D29: {=Common_InputFunctions.Utility_DisplayArrayInTable(Common_SourceData.Common_SourceData_WASA4Areas_Data(), Table_WASA4Areas[[#Headers],[SA 4 Name]], 0)} -> Western Australia - Outback (North)
D30: {=Common_InputFunctions.Utility_DisplayArrayInTable(Common_SourceData.Common_SourceData_WASA4Areas_Data(), Table_WASA4Areas[[#Headers],[SA 4 Name]], 0)} -> Western Australia - Outback (South)
D34: {=Common_SourceData.Common_SourceData_GWP_Title()} -> Global warming potential for greenhouse gases
D35: {=Common_SourceData.Common_SourceData_GWP_Source()} -> XXXXXXX
D36: Gas | E36: CO2-e factor
D37: {=Common_InputFunctions.Utility_DisplayArrayInTable(Common_SourceData.Common_SourceData_GWP_Data(), Table_GWPData[[#Headers],[Gas]], 0)} -> CO2 | E37: {=Common_InputFunctions.Utility_DisplayArrayInTable(Common_SourceData.Common_SourceData_GWP_Data(), Table_GWPData[[#Headers],[Gas]], 0)} -> 1
D38: {=Common_InputFunctions.Utility_DisplayArrayInTable(Common_SourceData.Common_SourceData_GWP_Data(), Table_GWPData[[#Headers],[Gas]], 0)} -> CH4 | E38: {=Common_InputFunctions.Utility_DisplayArrayInTable(Common_SourceData.Common_SourceData_GWP_Data(), Table_GWPData[[#Headers],[Gas]], 0)} -> 28
D39: {=Common_InputFunctions.Utility_DisplayArrayInTable(Common_SourceData.Common_SourceData_GWP_Data(), Table_GWPData[[#Headers],[Gas]], 0)} -> N2O | E39: {=Common_InputFunctions.Utility_DisplayArrayInTable(Common_SourceData.Common_SourceData_GWP_Data(), Table_GWPData[[#Headers],[Gas]], 0)} -> 265
D40: {=Common_InputFunctions.Utility_DisplayArrayInTable(Common_SourceData.Common_SourceData_GWP_Data(), Table_GWPData[[#Headers],[Gas]], 0)} -> CF4 | E40: {=Common_InputFunctions.Utility_DisplayArrayInTable(Common_SourceData.Common_SourceData_GWP_Data(), Table_GWPData[[#Headers],[Gas]], 0)} -> 6630
D41: {=Common_InputFunctions.Utility_DisplayArrayInTable(Common_SourceData.Common_SourceData_GWP_Data(), Table_GWPData[[#Headers],[Gas]], 0)} -> C2F6 | E41: {=Common_InputFunctions.Utility_DisplayArrayInTable(Common_SourceData.Common_SourceData_GWP_Data(), Table_GWPData[[#Headers],[Gas]], 0)} -> 12200
D42: {=Common_InputFunctions.Utility_DisplayArrayInTable(Common_SourceData.Common_SourceData_GWP_Data(), Table_GWPData[[#Headers],[Gas]], 0)} -> SF6 | E42: {=Common_InputFunctions.Utility_DisplayArrayInTable(Common_SourceData.Common_SourceData_GWP_Data(), Table_GWPData[[#Headers],[Gas]], 0)} -> 22800
D43: {=Common_InputFunctions.Utility_DisplayArrayInTable(Common_SourceData.Common_SourceData_GWP_Data(), Table_GWPData[[#Headers],[Gas]], 0)} -> NF3 | E43: {=Common_InputFunctions.Utility_DisplayArrayInTable(Common_SourceData.Common_SourceData_GWP_Data(), Table_GWPData[[#Headers],[Gas]], 0)} -> 17200
D45: {=Common_SourceData.Common_SourceData_ConvertGasElementalToMolecular_Title()} -> Factor to convert elemental mass of gas to molecular mass
D46: {=Common_SourceData.Common_SourceData_ConvertGasElementalToMolecular_Source()} -> XXXXXXX
D47: Gas | E47: Conversion factor | F47: Conversion factor 1 | G47: Conversion factor 2 | H47: Conversion factor combined
D48: {=Common_InputFunctions.Utility_DisplayArrayInTable(Common_SourceData.Common_SourceData_ConvertGasElementalToMolecular_Data(),Table_GasToMolecularConversionFactor[[#Headers],[Gas]], 0)} -> CO2 | E48: {=Common_InputFunctions.Utility_DisplayArrayInTable(Common_SourceData.Common_SourceData_ConvertGasElementalToMolecular_Data(),Table_GasToMolecularConversionFactor[[#Headers],[Gas]], 0)} -> 44/12 | F48: {=Common_InputFunctions.Utility_DisplayArrayInTable(Common_SourceData.Common_SourceData_ConvertGasElementalToMolecular_Data(),Table_GasToMolecularConversionFactor[[#Headers],[Gas]], 0)} -> 44 | G48: {=Common_InputFunctions.Utility_DisplayArrayInTable(Common_SourceData.Common_SourceData_ConvertGasElementalToMolecular_Data(),Table_GasToMolecularConversionFactor[[#Headers],[Gas]], 0)} -> 12 | H48: =Table_GasToMolecularConversionFactor[[#This Row],[Conversion factor 1]]/Table_GasToMolecularConversionFactor[[#This Row],[Conversion factor 2]] -> 3.6666667
D49: {=Common_InputFunctions.Utility_DisplayArrayInTable(Common_SourceData.Common_SourceData_ConvertGasElementalToMolecular_Data(),Table_GasToMolecularConversionFactor[[#Headers],[Gas]], 0)} -> CH4 | E49: {=Common_InputFunctions.Utility_DisplayArrayInTable(Common_SourceData.Common_SourceData_ConvertGasElementalToMolecular_Data(),Table_GasToMolecularConversionFactor[[#Headers],[Gas]], 0)} -> 16/12 | F49: {=Common_InputFunctions.Utility_DisplayArrayInTable(Common_SourceData.Common_SourceData_ConvertGasElementalToMolecular_Data(),Table_GasToMolecularConversionFactor[[#Headers],[Gas]], 0)} -> 16 | G49: {=Common_InputFunctions.Utility_DisplayArrayInTable(Common_SourceData.Common_SourceData_ConvertGasElementalToMolecular_Data(),Table_GasToMolecularConversionFactor[[#Headers],[Gas]], 0)} -> 12 | H49: =Table_GasToMolecularConversionFactor[[#This Row],[Conversion factor 1]]/Table_GasToMolecularConversionFactor[[#This Row],[Conversion factor 2]] -> 1.3333333
D50: {=Common_InputFunctions.Utility_DisplayArrayInTable(Common_SourceData.Common_SourceData_ConvertGasElementalToMolecular_Data(),Table_GasToMolecularConversionFactor[[#Headers],[Gas]], 0)} -> N2O | E50: {=Common_InputFunctions.Utility_DisplayArrayInTable(Common_SourceData.Common_SourceData_ConvertGasElementalToMolecular_Data(),Table_GasToMolecularConversionFactor[[#Headers],[Gas]], 0)} -> 44/28 | F50: {=Common_InputFunctions.Utility_DisplayArrayInTable(Common_SourceData.Common_SourceData_ConvertGasElementalToMolecular_Data(),Table_GasToMolecularConversionFactor[[#Headers],[Gas]], 0)} -> 44 | G50: {=Common_InputFunctions.Utility_DisplayArrayInTable(Common_SourceData.Common_SourceData_ConvertGasElementalToMolecular_Data(),Table_GasToMolecularConversionFactor[[#Headers],[Gas]], 0)} -> 28 | H50: =Table_GasToMolecularConversionFactor[[#This Row],[Conversion factor 1]]/Table_GasToMolecularConversionFactor[[#This Row],[Conversion factor 2]] -> 1.5714286
D51: {=Common_InputFunctions.Utility_DisplayArrayInTable(Common_SourceData.Common_SourceData_ConvertGasElementalToMolecular_Data(),Table_GasToMolecularConversionFactor[[#Headers],[Gas]], 0)} -> Nox | E51: {=Common_InputFunctions.Utility_DisplayArrayInTable(Common_SourceData.Common_SourceData_ConvertGasElementalToMolecular_Data(),Table_GasToMolecularConversionFactor[[#Headers],[Gas]], 0)} -> 46/14 | F51: {=Common_InputFunctions.Utility_DisplayArrayInTable(Common_SourceData.Common_SourceData_ConvertGasElementalToMolecular_Data(),Table_GasToMolecularConversionFactor[[#Headers],[Gas]], 0)} -> 46 | G51: {=Common_InputFunctions.Utility_DisplayArrayInTable(Common_SourceData.Common_SourceData_ConvertGasElementalToMolecular_Data(),Table_GasToMolecularConversionFactor[[#Headers],[Gas]], 0)} -> 14 | H51: =Table_GasToMolecularConversionFactor[[#This Row],[Conversion factor 1]]/Table_GasToMolecularConversionFactor[[#This Row],[Conversion factor 2]] -> 3.2857143
D52: {=Common_InputFunctions.Utility_DisplayArrayInTable(Common_SourceData.Common_SourceData_ConvertGasElementalToMolecular_Data(),Table_GasToMolecularConversionFactor[[#Headers],[Gas]], 0)} -> CO | E52: {=Common_InputFunctions.Utility_DisplayArrayInTable(Common_SourceData.Common_SourceData_ConvertGasElementalToMolecular_Data(),Table_GasToMolecularConversionFactor[[#Headers],[Gas]], 0)} -> 28/12 | F52: {=Common_InputFunctions.Utility_DisplayArrayInTable(Common_SourceData.Common_SourceData_ConvertGasElementalToMolecular_Data(),Table_GasToMolecularConversionFactor[[#Headers],[Gas]], 0)} -> 28 | G52: {=Common_InputFunctions.Utility_DisplayArrayInTable(Common_SourceData.Common_SourceData_ConvertGasElementalToMolecular_Data(),Table_GasToMolecularConversionFactor[[#Headers],[Gas]], 0)} -> 12 | H52: =Table_GasToMolecularConversionFactor[[#This Row],[Conversion factor 1]]/Table_GasToMolecularConversionFactor[[#This Row],[Conversion factor 2]] -> 2.3333333
D53: {=Common_InputFunctions.Utility_DisplayArrayInTable(Common_SourceData.Common_SourceData_ConvertGasElementalToMolecular_Data(),Table_GasToMolecularConversionFactor[[#Headers],[Gas]], 0)} -> CO2 Lime | E53: {=Common_InputFunctions.Utility_DisplayArrayInTable(Common_SourceData.Common_SourceData_ConvertGasElementalToMolecular_Data(),Table_GasToMolecularConversionFactor[[#Headers],[Gas]], 0)} -> 44/12 | F53: {=Common_InputFunctions.Utility_DisplayArrayInTable(Common_SourceData.Common_SourceData_ConvertGasElementalToMolecular_Data(),Table_GasToMolecularConversionFactor[[#Headers],[Gas]], 0)} -> 44 | G53: {=Common_InputFunctions.Utility_DisplayArrayInTable(Common_SourceData.Common_SourceData_ConvertGasElementalToMolecular_Data(),Table_GasToMolecularConversionFactor[[#Headers],[Gas]], 0)} -> 12 | H53: =Table_GasToMolecularConversionFactor[[#This Row],[Conversion factor 1]]/Table_GasToMolecularConversionFactor[[#This Row],[Conversion factor 2]] -> 3.6666667
D54: {=Common_InputFunctions.Utility_DisplayArrayInTable(Common_SourceData.Common_SourceData_ConvertGasElementalToMolecular_Data(),Table_GasToMolecularConversionFactor[[#Headers],[Gas]], 0)} -> NMVOC | E54: {=Common_InputFunctions.Utility_DisplayArrayInTable(Common_SourceData.Common_SourceData_ConvertGasElementalToMolecular_Data(),Table_GasToMolecularConversionFactor[[#Headers],[Gas]], 0)} -> 14/12 | F54: {=Common_InputFunctions.Utility_DisplayArrayInTable(Common_SourceData.Common_SourceData_ConvertGasElementalToMolecular_Data(),Table_GasToMolecularConversionFactor[[#Headers],[Gas]], 0)} -> 14 | G54: {=Common_InputFunctions.Utility_DisplayArrayInTable(Common_SourceData.Common_SourceData_ConvertGasElementalToMolecular_Data(),Table_GasToMolecularConversionFactor[[#Headers],[Gas]], 0)} -> 12 | H54: =Table_GasToMolecularConversionFactor[[#This Row],[Conversion factor 1]]/Table_GasToMolecularConversionFactor[[#This Row],[Conversion factor 2]] -> 1.1666667
D57: {=Common_SourceData.Common_SourceData_WetAndDryZones_Title()} -> VEERG Australian wet and dry zones
D58: {=Common_SourceData.Common_SourceData_WetAndDryZones_Source()} -> VEERG 2026: Table 1.2: Translating climate zones to wet and dry zones
D59: {="⚠️" & Common_SourceData.Common_SourceData_WetAndDryZones_Variation()} -> ⚠️VARIATION OF SOURCE DATA:
D60: ⚠️Added warm / cool temperate moist / dry - low frost and high temp classes to accommodate climate scenarios excluded by VEERG criteria.
D61: ⚠️Fixed typo - Changed 'Fry' to 'Dry'.
D63: Climate zone | E63: Wet or Dry Zone
D64: {=Common_InputFunctions.Utility_DisplayArrayInTable(Common_SourceData.Common_SourceData_WetAndDryZones_Data(), Table_SourceData_WetDryZones[[#Headers],[Climate zone]], 0)} -> Tropical montane | E64: {=Common_InputFunctions.Utility_DisplayArrayInTable(Common_SourceData.Common_SourceData_WetAndDryZones_Data(), Table_SourceData_WetDryZones[[#Headers],[Climate zone]], 0)} -> Wet climate zone
D65: {=Common_InputFunctions.Utility_DisplayArrayInTable(Common_SourceData.Common_SourceData_WetAndDryZones_Data(), Table_SourceData_WetDryZones[[#Headers],[Climate zone]], 0)} -> Tropical wet | E65: {=Common_InputFunctions.Utility_DisplayArrayInTable(Common_SourceData.Common_SourceData_WetAndDryZones_Data(), Table_SourceData_WetDryZones[[#Headers],[Climate zone]], 0)} -> Wet climate zone
D66: {=Common_InputFunctions.Utility_DisplayArrayInTable(Common_SourceData.Common_SourceData_WetAndDryZones_Data(), Table_SourceData_WetDryZones[[#Headers],[Climate zone]], 0)} -> Tropical moist | E66: {=Common_InputFunctions.Utility_DisplayArrayInTable(Common_SourceData.Common_SourceData_WetAndDryZones_Data(), Table_SourceData_WetDryZones[[#Headers],[Climate zone]], 0)} -> Wet climate zone
D67: {=Common_InputFunctions.Utility_DisplayArrayInTable(Common_SourceData.Common_SourceData_WetAndDryZones_Data(), Table_SourceData_WetDryZones[[#Headers],[Climate zone]], 0)} -> Tropical dry | E67: {=Common_InputFunctions.Utility_DisplayArrayInTable(Common_SourceData.Common_SourceData_WetAndDryZones_Data(), Table_SourceData_WetDryZones[[#Headers],[Climate zone]], 0)} -> Dry climate zone
D68: {=Common_InputFunctions.Utility_DisplayArrayInTable(Common_SourceData.Common_SourceData_WetAndDryZones_Data(), Table_SourceData_WetDryZones[[#Headers],[Climate zone]], 0)} -> Warm temperate moist | E68: {=Common_InputFunctions.Utility_DisplayArrayInTable(Common_SourceData.Common_SourceData_WetAndDryZones_Data(), Table_SourceData_WetDryZones[[#Headers],[Climate zone]], 0)} -> Wet climate zone
D69: {=Common_InputFunctions.Utility_DisplayArrayInTable(Common_SourceData.Common_SourceData_WetAndDryZones_Data(), Table_SourceData_WetDryZones[[#Headers],[Climate zone]], 0)} -> Warm temperate dry | E69: {=Common_InputFunctions.Utility_DisplayArrayInTable(Common_SourceData.Common_SourceData_WetAndDryZones_Data(), Table_SourceData_WetDryZones[[#Headers],[Climate zone]], 0)} -> Dry climate zone
D70: {=Common_InputFunctions.Utility_DisplayArrayInTable(Common_SourceData.Common_SourceData_WetAndDryZones_Data(), Table_SourceData_WetDryZones[[#Headers],[Climate zone]], 0)} -> Cool temperate moist | E70: {=Common_InputFunctions.Utility_DisplayArrayInTable(Common_SourceData.Common_SourceData_WetAndDryZones_Data(), Table_SourceData_WetDryZones[[#Headers],[Climate zone]], 0)} -> Wet climate zone
D71: {=Common_InputFunctions.Utility_DisplayArrayInTable(Common_SourceData.Common_SourceData_WetAndDryZones_Data(), Table_SourceData_WetDryZones[[#Headers],[Climate zone]], 0)} -> Cool temperate dry | E71: {=Common_InputFunctions.Utility_DisplayArrayInTable(Common_SourceData.Common_SourceData_WetAndDryZones_Data(), Table_SourceData_WetDryZones[[#Headers],[Climate zone]], 0)} -> Dry climate zone
D72: {=Common_InputFunctions.Utility_DisplayArrayInTable(Common_SourceData.Common_SourceData_WetAndDryZones_Data(), Table_SourceData_WetDryZones[[#Headers],[Climate zone]], 0)} -> Warm temperate moist - low frost | E72: {=Common_InputFunctions.Utility_DisplayArrayInTable(Common_SourceData.Common_SourceData_WetAndDryZones_Data(), Table_SourceData_WetDryZones[[#Headers],[Climate zone]], 0)} -> Wet climate zone
D73: {=Common_InputFunctions.Utility_DisplayArrayInTable(Common_SourceData.Common_SourceData_WetAndDryZones_Data(), Table_SourceData_WetDryZones[[#Headers],[Climate zone]], 0)} -> Warm temperate dry - low frost | E73: {=Common_InputFunctions.Utility_DisplayArrayInTable(Common_SourceData.Common_SourceData_WetAndDryZones_Data(), Table_SourceData_WetDryZones[[#Headers],[Climate zone]], 0)} -> Dry climate zone
D74: {=Common_InputFunctions.Utility_DisplayArrayInTable(Common_SourceData.Common_SourceData_WetAndDryZones_Data(), Table_SourceData_WetDryZones[[#Headers],[Climate zone]], 0)} -> Warm temperate moist - high temp | E74: {=Common_InputFunctions.Utility_DisplayArrayInTable(Common_SourceData.Common_SourceData_WetAndDryZones_Data(), Table_SourceData_WetDryZones[[#Headers],[Climate zone]], 0)} -> Wet climate zone
D75: {=Common_InputFunctions.Utility_DisplayArrayInTable(Common_SourceData.Common_SourceData_WetAndDryZones_Data(), Table_SourceData_WetDryZones[[#Headers],[Climate zone]], 0)} -> Warm temperate dry - high temp | E75: {=Common_InputFunctions.Utility_DisplayArrayInTable(Common_SourceData.Common_SourceData_WetAndDryZones_Data(), Table_SourceData_WetDryZones[[#Headers],[Climate zone]], 0)} -> Dry climate zone
... D77: {=Common_InputFunctions.Utility_DisplayArrayInTable(Common_SourceData.Common_SourceData_WetAndDryZones_Data(), Table_SourceData_WetDryZones[[#Headers],[Climate zone]], 0)} -> Cool temperate dry - low frost | E77: {=Common_InputFunctions.Utility_DisplayArrayInTable(Common_SourceData.Common_SourceData_WetAndDryZones_Data(), Table_SourceData_WetDryZones[[#Headers],[Climate zone]], 0)} -> Dry climate zone
D81: {=Common_SourceData.Common_SourceData_ClimateZones_Title()} -> VEERG Australian climate zones
D82: {=Common_SourceData.Common_SourceData_ClimateZones_Source()} -> VEERG 2026: Table 1.3: Climate and Rainfall zone classifications and definitions
D83: {="⚠️" & Common_SourceData.Common_SourceData_ClimateZones_Variation()} -> ⚠️VARIATION OF SOURCE DATA:
D84: ⚠️Added warm / cool temperate moist / dry - low frost and high temp classes to accommodate climate scenarios excluded by VEERG criteria.
D85: ⚠️Fixed typo in MAT value for warm temperate dry - changed 10 to 11.
D86: ⚠️Added min and max columns for MAT, MAP, frost days per year, elevation, MAP:PET to calculate zones from real climate data.
D87: ⚠️GAF accepts rainfall as a proxy for precipitation.
D89: Climate zone | E89: MAT | F89: MAP | G89: Frost days per year | H89: Elevation | I89: MAP:PET | J89: Min temp | K89: Max temp | L89: Min rainfall | M89: Max rainfall | N89: Min frost days | O89: Max frost days | P89: Min elevation | Q89: Max elevation | R89: Min MAP:PET | S89: Max MAP:PET
D90: {=Common_InputFunctions.Utility_DisplayArrayInTable(Common_SourceData.Common_SourceData_ClimateZones_Data(), Table_SourceData_ClimateZones[[#Headers],[Climate zone]], 0)} -> Tropical montane | E90: {=Common_InputFunctions.Utility_DisplayArrayInTable(Common_SourceData.Common_SourceData_ClimateZones_Data(), Table_SourceData_ClimateZones[[#Headers],[Climate zone]], 0)} -> > 18 C | F90: {=Common_InputFunctions.Utility_DisplayArrayInTable(Common_SourceData.Common_SourceData_ClimateZones_Data(), Table_SourceData_ClimateZones[[#Headers],[Climate zone]], 0)} -> Any | G90: {=Common_InputFunctions.Utility_DisplayArrayInTable(Common_SourceData.Common_SourceData_ClimateZones_Data(), Table_SourceData_ClimateZones[[#Headers],[Climate zone]], 0)} -> ≤ 7 | H90: {=Common_InputFunctions.Utility_DisplayArrayInTable(Common_SourceData.Common_SourceData_ClimateZones_Data(), Table_SourceData_ClimateZones[[#Headers],[Climate zone]], 0)} -> > 1000 m | I90: {=Common_InputFunctions.Utility_DisplayArrayInTable(Common_SourceData.Common_SourceData_ClimateZones_Data(), Table_SourceData_ClimateZones[[#Headers],[Climate zone]], 0)} -> Any | J90: {=Common_InputFunctions.Utility_DisplayArrayInTable(Common_SourceData.Common_SourceData_ClimateZones_Data(), Table_SourceData_ClimateZones[[#Headers],[Climate zone]], 0)} -> 18.001 | K90: {=Common_InputFunctions.Utility_DisplayArrayInTable(Common_SourceData.Common_SourceData_ClimateZones_Data(), Table_SourceData_ClimateZones[[#Headers],[Climate zone]], 0)} -> 999999 | ... S90: {=Common_InputFunctions.Utility_DisplayArrayInTable(Common_SourceData.Common_SourceData_ClimateZones_Data(), Table_SourceData_ClimateZones[[#Headers],[Climate zone]], 0)} -> 999999
D91: {=Common_InputFunctions.Utility_DisplayArrayInTable(Common_SourceData.Common_SourceData_ClimateZones_Data(), Table_SourceData_ClimateZones[[#Headers],[Climate zone]], 0)} -> Tropical wet | E91: {=Common_InputFunctions.Utility_DisplayArrayInTable(Common_SourceData.Common_SourceData_ClimateZones_Data(), Table_SourceData_ClimateZones[[#Headers],[Climate zone]], 0)} -> > 18 C | F91: {=Common_InputFunctions.Utility_DisplayArrayInTable(Common_SourceData.Common_SourceData_ClimateZones_Data(), Table_SourceData_ClimateZones[[#Headers],[Climate zone]], 0)} -> > 2000 mm | G91: {=Common_InputFunctions.Utility_DisplayArrayInTable(Common_SourceData.Common_SourceData_ClimateZones_Data(), Table_SourceData_ClimateZones[[#Headers],[Climate zone]], 0)} -> ≤ 7 | H91: {=Common_InputFunctions.Utility_DisplayArrayInTable(Common_SourceData.Common_SourceData_ClimateZones_Data(), Table_SourceData_ClimateZones[[#Headers],[Climate zone]], 0)} -> ≤ 1000 m | I91: {=Common_InputFunctions.Utility_DisplayArrayInTable(Common_SourceData.Common_SourceData_ClimateZones_Data(), Table_SourceData_ClimateZones[[#Headers],[Climate zone]], 0)} -> Any | J91: {=Common_InputFunctions.Utility_DisplayArrayInTable(Common_SourceData.Common_SourceData_ClimateZones_Data(), Table_SourceData_ClimateZones[[#Headers],[Climate zone]], 0)} -> 18.001 | K91: {=Common_InputFunctions.Utility_DisplayArrayInTable(Common_SourceData.Common_SourceData_ClimateZones_Data(), Table_SourceData_ClimateZones[[#Headers],[Climate zone]], 0)} -> 999999 | ... S91: {=Common_InputFunctions.Utility_DisplayArrayInTable(Common_SourceData.Common_SourceData_ClimateZones_Data(), Table_SourceData_ClimateZones[[#Headers],[Climate zone]], 0)} -> 999999
D92: {=Common_InputFunctions.Utility_DisplayArrayInTable(Common_SourceData.Common_SourceData_ClimateZones_Data(), Table_SourceData_ClimateZones[[#Headers],[Climate zone]], 0)} -> Tropical moist | E92: {=Common_InputFunctions.Utility_DisplayArrayInTable(Common_SourceData.Common_SourceData_ClimateZones_Data(), Table_SourceData_ClimateZones[[#Headers],[Climate zone]], 0)} -> > 18 C | F92: {=Common_InputFunctions.Utility_DisplayArrayInTable(Common_SourceData.Common_SourceData_ClimateZones_Data(), Table_SourceData_ClimateZones[[#Headers],[Climate zone]], 0)} -> > 1000 mm - ≤ 2000 mm | G92: {=Common_InputFunctions.Utility_DisplayArrayInTable(Common_SourceData.Common_SourceData_ClimateZones_Data(), Table_SourceData_ClimateZones[[#Headers],[Climate zone]], 0)} -> ≤ 7 | H92: {=Common_InputFunctions.Utility_DisplayArrayInTable(Common_SourceData.Common_SourceData_ClimateZones_Data(), Table_SourceData_ClimateZones[[#Headers],[Climate zone]], 0)} -> ≤ 1000 m | I92: {=Common_InputFunctions.Utility_DisplayArrayInTable(Common_SourceData.Common_SourceData_ClimateZones_Data(), Table_SourceData_ClimateZones[[#Headers],[Climate zone]], 0)} -> Any | J92: {=Common_InputFunctions.Utility_DisplayArrayInTable(Common_SourceData.Common_SourceData_ClimateZones_Data(), Table_SourceData_ClimateZones[[#Headers],[Climate zone]], 0)} -> 18.001 | K92: {=Common_InputFunctions.Utility_DisplayArrayInTable(Common_SourceData.Common_SourceData_ClimateZones_Data(), Table_SourceData_ClimateZones[[#Headers],[Climate zone]], 0)} -> 999999 | ... S92: {=Common_InputFunctions.Utility_DisplayArrayInTable(Common_SourceData.Common_SourceData_ClimateZones_Data(), Table_SourceData_ClimateZones[[#Headers],[Climate zone]], 0)} -> 999999
D93: {=Common_InputFunctions.Utility_DisplayArrayInTable(Common_SourceData.Common_SourceData_ClimateZones_Data(), Table_SourceData_ClimateZones[[#Headers],[Climate zone]], 0)} -> Tropical dry | E93: {=Common_InputFunctions.Utility_DisplayArrayInTable(Common_SourceData.Common_SourceData_ClimateZones_Data(), Table_SourceData_ClimateZones[[#Headers],[Climate zone]], 0)} -> > 18 C | F93: {=Common_InputFunctions.Utility_DisplayArrayInTable(Common_SourceData.Common_SourceData_ClimateZones_Data(), Table_SourceData_ClimateZones[[#Headers],[Climate zone]], 0)} -> ≤ 1000 mm | G93: {=Common_InputFunctions.Utility_DisplayArrayInTable(Common_SourceData.Common_SourceData_ClimateZones_Data(), Table_SourceData_ClimateZones[[#Headers],[Climate zone]], 0)} -> ≤ 7 | H93: {=Common_InputFunctions.Utility_DisplayArrayInTable(Common_SourceData.Common_SourceData_ClimateZones_Data(), Table_SourceData_ClimateZones[[#Headers],[Climate zone]], 0)} -> ≤ 1000 m | I93: {=Common_InputFunctions.Utility_DisplayArrayInTable(Common_SourceData.Common_SourceData_ClimateZones_Data(), Table_SourceData_ClimateZones[[#Headers],[Climate zone]], 0)} -> Any | J93: {=Common_InputFunctions.Utility_DisplayArrayInTable(Common_SourceData.Common_SourceData_ClimateZones_Data(), Table_SourceData_ClimateZones[[#Headers],[Climate zone]], 0)} -> 18.001 | K93: {=Common_InputFunctions.Utility_DisplayArrayInTable(Common_SourceData.Common_SourceData_ClimateZones_Data(), Table_SourceData_ClimateZones[[#Headers],[Climate zone]], 0)} -> 999999 | ... S93: {=Common_InputFunctions.Utility_DisplayArrayInTable(Common_SourceData.Common_SourceData_ClimateZones_Data(), Table_SourceData_ClimateZones[[#Headers],[Climate zone]], 0)} -> 999999
D94: {=Common_InputFunctions.Utility_DisplayArrayInTable(Common_SourceData.Common_SourceData_ClimateZones_Data(), Table_SourceData_ClimateZones[[#Headers],[Climate zone]], 0)} -> Warm temperate moist | E94: {=Common_InputFunctions.Utility_DisplayArrayInTable(Common_SourceData.Common_SourceData_ClimateZones_Data(), Table_SourceData_ClimateZones[[#Headers],[Climate zone]], 0)} -> > 10 C | F94: {=Common_InputFunctions.Utility_DisplayArrayInTable(Common_SourceData.Common_SourceData_ClimateZones_Data(), Table_SourceData_ClimateZones[[#Headers],[Climate zone]], 0)} -> Any | G94: {=Common_InputFunctions.Utility_DisplayArrayInTable(Common_SourceData.Common_SourceData_ClimateZones_Data(), Table_SourceData_ClimateZones[[#Headers],[Climate zone]], 0)} -> Any | H94: {=Common_InputFunctions.Utility_DisplayArrayInTable(Common_SourceData.Common_SourceData_ClimateZones_Data(), Table_SourceData_ClimateZones[[#Headers],[Climate zone]], 0)} -> Any | I94: {=Common_InputFunctions.Utility_DisplayArrayInTable(Common_SourceData.Common_SourceData_ClimateZones_Data(), Table_SourceData_ClimateZones[[#Headers],[Climate zone]], 0)} -> > 1 | J94: {=Common_InputFunctions.Utility_DisplayArrayInTable(Common_SourceData.Common_SourceData_ClimateZones_Data(), Table_SourceData_ClimateZones[[#Headers],[Climate zone]], 0)} -> 10.001 | K94: {=Common_InputFunctions.Utility_DisplayArrayInTable(Common_SourceData.Common_SourceData_ClimateZones_Data(), Table_SourceData_ClimateZones[[#Headers],[Climate zone]], 0)} -> 999999 | ... S94: {=Common_InputFunctions.Utility_DisplayArrayInTable(Common_SourceData.Common_SourceData_ClimateZones_Data(), Table_SourceData_ClimateZones[[#Headers],[Climate zone]], 0)} -> 999999
D95: {=Common_InputFunctions.Utility_DisplayArrayInTable(Common_SourceData.Common_SourceData_ClimateZones_Data(), Table_SourceData_ClimateZones[[#Headers],[Climate zone]], 0)} -> Warm temperate dry | E95: {=Common_InputFunctions.Utility_DisplayArrayInTable(Common_SourceData.Common_SourceData_ClimateZones_Data(), Table_SourceData_ClimateZones[[#Headers],[Climate zone]], 0)} -> > 10 C | F95: {=Common_InputFunctions.Utility_DisplayArrayInTable(Common_SourceData.Common_SourceData_ClimateZones_Data(), Table_SourceData_ClimateZones[[#Headers],[Climate zone]], 0)} -> Any | G95: {=Common_InputFunctions.Utility_DisplayArrayInTable(Common_SourceData.Common_SourceData_ClimateZones_Data(), Table_SourceData_ClimateZones[[#Headers],[Climate zone]], 0)} -> Any | H95: {=Common_InputFunctions.Utility_DisplayArrayInTable(Common_SourceData.Common_SourceData_ClimateZones_Data(), Table_SourceData_ClimateZones[[#Headers],[Climate zone]], 0)} -> Any | I95: {=Common_InputFunctions.Utility_DisplayArrayInTable(Common_SourceData.Common_SourceData_ClimateZones_Data(), Table_SourceData_ClimateZones[[#Headers],[Climate zone]], 0)} -> ≤ 1 | J95: {=Common_InputFunctions.Utility_DisplayArrayInTable(Common_SourceData.Common_SourceData_ClimateZones_Data(), Table_SourceData_ClimateZones[[#Headers],[Climate zone]], 0)} -> 10.001 | K95: {=Common_InputFunctions.Utility_DisplayArrayInTable(Common_SourceData.Common_SourceData_ClimateZones_Data(), Table_SourceData_ClimateZones[[#Headers],[Climate zone]], 0)} -> 999999 | ... S95: {=Common_InputFunctions.Utility_DisplayArrayInTable(Common_SourceData.Common_SourceData_ClimateZones_Data(), Table_SourceData_ClimateZones[[#Headers],[Climate zone]], 0)} -> 1
D96: {=Common_InputFunctions.Utility_DisplayArrayInTable(Common_SourceData.Common_SourceData_ClimateZones_Data(), Table_SourceData_ClimateZones[[#Headers],[Climate zone]], 0)} -> Cool temperate moist | E96: {=Common_InputFunctions.Utility_DisplayArrayInTable(Common_SourceData.Common_SourceData_ClimateZones_Data(), Table_SourceData_ClimateZones[[#Headers],[Climate zone]], 0)} -> > 0 C - ≤ 10 C | F96: {=Common_InputFunctions.Utility_DisplayArrayInTable(Common_SourceData.Common_SourceData_ClimateZones_Data(), Table_SourceData_ClimateZones[[#Headers],[Climate zone]], 0)} -> Any | G96: {=Common_InputFunctions.Utility_DisplayArrayInTable(Common_SourceData.Common_SourceData_ClimateZones_Data(), Table_SourceData_ClimateZones[[#Headers],[Climate zone]], 0)} -> Any | H96: {=Common_InputFunctions.Utility_DisplayArrayInTable(Common_SourceData.Common_SourceData_ClimateZones_Data(), Table_SourceData_ClimateZones[[#Headers],[Climate zone]], 0)} -> Any | I96: {=Common_InputFunctions.Utility_DisplayArrayInTable(Common_SourceData.Common_SourceData_ClimateZones_Data(), Table_SourceData_ClimateZones[[#Headers],[Climate zone]], 0)} -> > 1 | J96: {=Common_InputFunctions.Utility_DisplayArrayInTable(Common_SourceData.Common_SourceData_ClimateZones_Data(), Table_SourceData_ClimateZones[[#Headers],[Climate zone]], 0)} -> -999999 | K96: {=Common_InputFunctions.Utility_DisplayArrayInTable(Common_SourceData.Common_SourceData_ClimateZones_Data(), Table_SourceData_ClimateZones[[#Headers],[Climate zone]], 0)} -> 10 | ... S96: {=Common_InputFunctions.Utility_DisplayArrayInTable(Common_SourceData.Common_SourceData_ClimateZones_Data(), Table_SourceData_ClimateZones[[#Headers],[Climate zone]], 0)} -> 999999
D97: {=Common_InputFunctions.Utility_DisplayArrayInTable(Common_SourceData.Common_SourceData_ClimateZones_Data(), Table_SourceData_ClimateZones[[#Headers],[Climate zone]], 0)} -> Cool temperate dry | E97: {=Common_InputFunctions.Utility_DisplayArrayInTable(Common_SourceData.Common_SourceData_ClimateZones_Data(), Table_SourceData_ClimateZones[[#Headers],[Climate zone]], 0)} -> > 0 C - ≤ 10 C | F97: {=Common_InputFunctions.Utility_DisplayArrayInTable(Common_SourceData.Common_SourceData_ClimateZones_Data(), Table_SourceData_ClimateZones[[#Headers],[Climate zone]], 0)} -> Any | G97: {=Common_InputFunctions.Utility_DisplayArrayInTable(Common_SourceData.Common_SourceData_ClimateZones_Data(), Table_SourceData_ClimateZones[[#Headers],[Climate zone]], 0)} -> Any | H97: {=Common_InputFunctions.Utility_DisplayArrayInTable(Common_SourceData.Common_SourceData_ClimateZones_Data(), Table_SourceData_ClimateZones[[#Headers],[Climate zone]], 0)} -> Any | I97: {=Common_InputFunctions.Utility_DisplayArrayInTable(Common_SourceData.Common_SourceData_ClimateZones_Data(), Table_SourceData_ClimateZones[[#Headers],[Climate zone]], 0)} -> ≤ 1 | J97: {=Common_InputFunctions.Utility_DisplayArrayInTable(Common_SourceData.Common_SourceData_ClimateZones_Data(), Table_SourceData_ClimateZones[[#Headers],[Climate zone]], 0)} -> -999999 | K97: {=Common_InputFunctions.Utility_DisplayArrayInTable(Common_SourceData.Common_SourceData_ClimateZones_Data(), Table_SourceData_ClimateZones[[#Headers],[Climate zone]], 0)} -> 10 | ... S97: {=Common_InputFunctions.Utility_DisplayArrayInTable(Common_SourceData.Common_SourceData_ClimateZones_Data(), Table_SourceData_ClimateZones[[#Headers],[Climate zone]], 0)} -> 1
D98: {=Common_SourceData.Common_SourceData_ClimateZones_Appendices()} -> Note:
D99: MAT = mean annual temperature
D100: MAP = mean annual precipitation
D101: PET = potential evapotranspiration
D105: {=Common_SourceData.Common_SourceData_TemperatureZones_Title()} -> VEERG Australian temperature zones
D106: {=Common_SourceData.Common_SourceData_TemperatureZones_Source()} -> VEERG 2026: Table 1.3: Climate and Rainfall zone classifications and definitions
D107: {="⚠️" & Common_SourceData.Common_SourceData_TemperatureZones_Variation()} -> ⚠️VARIATION OF SOURCE DATA: Added extra MAT min and MAT max columns to calculate zone from real temperature data.
D109: Temperature Zone | E109: MAT | F109: Min MAT | G109: Max MAT
D110: {=Common_InputFunctions.Utility_DisplayArrayInTable(Common_SourceData.Common_SourceData_TemperatureZones_Data(),Table_SourceData_TemperatureZones[[#Headers],[Temperature Zone]],0)} -> Warm | E110: {=Common_InputFunctions.Utility_DisplayArrayInTable(Common_SourceData.Common_SourceData_TemperatureZones_Data(),Table_SourceData_TemperatureZones[[#Headers],[Temperature Zone]],0)} -> ≥ 26 C | F110: {=Common_InputFunctions.Utility_DisplayArrayInTable(Common_SourceData.Common_SourceData_TemperatureZones_Data(),Table_SourceData_TemperatureZones[[#Headers],[Temperature Zone]],0)} -> 26 | G110: {=Common_InputFunctions.Utility_DisplayArrayInTable(Common_SourceData.Common_SourceData_TemperatureZones_Data(),Table_SourceData_TemperatureZones[[#Headers],[Temperature Zone]],0)} -> 999999
D111: {=Common_InputFunctions.Utility_DisplayArrayInTable(Common_SourceData.Common_SourceData_TemperatureZones_Data(),Table_SourceData_TemperatureZones[[#Headers],[Temperature Zone]],0)} -> Temperate | E111: {=Common_InputFunctions.Utility_DisplayArrayInTable(Common_SourceData.Common_SourceData_TemperatureZones_Data(),Table_SourceData_TemperatureZones[[#Headers],[Temperature Zone]],0)} -> 15 - 25 C | F111: {=Common_InputFunctions.Utility_DisplayArrayInTable(Common_SourceData.Common_SourceData_TemperatureZones_Data(),Table_SourceData_TemperatureZones[[#Headers],[Temperature Zone]],0)} -> 15 | G111: {=Common_InputFunctions.Utility_DisplayArrayInTable(Common_SourceData.Common_SourceData_TemperatureZones_Data(),Table_SourceData_TemperatureZones[[#Headers],[Temperature Zone]],0)} -> 25.999
D112: {=Common_InputFunctions.Utility_DisplayArrayInTable(Common_SourceData.Common_SourceData_TemperatureZones_Data(),Table_SourceData_TemperatureZones[[#Headers],[Temperature Zone]],0)} -> Cool | E112: {=Common_InputFunctions.Utility_DisplayArrayInTable(Common_SourceData.Common_SourceData_TemperatureZones_Data(),Table_SourceData_TemperatureZones[[#Headers],[Temperature Zone]],0)} -> ≤ 14 C | F112: {=Common_InputFunctions.Utility_DisplayArrayInTable(Common_SourceData.Common_SourceData_TemperatureZones_Data(),Table_SourceData_TemperatureZones[[#Headers],[Temperature Zone]],0)} -> -999999 | G112: {=Common_InputFunctions.Utility_DisplayArrayInTable(Common_SourceData.Common_SourceData_TemperatureZones_Data(),Table_SourceData_TemperatureZones[[#Headers],[Temperature Zone]],0)} -> 14.999
D115: {=Common_SourceData.Common_SourceData_RainfallZones_Title()} -> VEERG Australian rainfall zones
D116: {=Common_SourceData.Common_SourceData_RainfallZones_Source()} -> VEERG 2026: Table 1.3: Climate and Rainfall zone classifications and definitions
D117: {="⚠️" & Common_SourceData.Common_SourceData_RainfallZones_Variation()} -> ⚠️VARIATION OF SOURCE DATA: Added extra Rainfall min and Rainfall max columns to calculate zone from real rainfall data.
D119: Rainfall Zone | E119: Annual rainfall | F119: Min rainfall | G119: Max rainfall
