Workbook
Name Common_Equations.Common_ConvertCH4ToCO2e: _xlfn.LAMBDA(_xlpm.E_CH4,_xlpm.GWP_CH4, _xlpm.E_CH4 * _xlpm.GWP_CH4)
Name Common_Equations.Common_ConvertCH4ToCO2e_Arguments: _xlfn.LAMBDA(_xlfn.MAKEARRAY(2, 2, _xlfn.LAMBDA(_xlpm.r,_xlpm.c, INDEX({"ECH4","Methane emissions (t CH4)";"GWPCH4","Global warming potential for methane (t CO2-e / t CH4)"}, _xlpm.r, _xlpm.c))))
Name Common_Equations.Common_ConvertCH4ToCO2e_LatexEquation: _xlfn.LAMBDA("CO2_e = E_{CH4} \times GWP_{CH4}")
Name Common_Equations.Common_ConvertCH4ToCO2e_NIRReference: _xlfn.LAMBDA("")
Name Common_Equations.Common_ConvertCH4ToCO2e_Title: _xlfn.LAMBDA("Convert methane emissions to carbon dioxide equivalent emissions")
Name Common_Equations.Common_ConvertCH4ToCO2e_Unit: _xlfn.LAMBDA("t CO2e")
Name Common_Equations.Common_ConvertCH4ToCO2e_Variable: _xlfn.LAMBDA("ECH4 CO2e")
Name Common_Equations.Common_ConvertN2OToCO2e: _xlfn.LAMBDA(_xlpm.E_N2O,_xlpm.GWP_N2O, _xlpm.E_N2O * _xlpm.GWP_N2O)
Name Common_Equations.Common_ConvertN2OToCO2e_LatexEquation: _xlfn.LAMBDA("CO2_e = E_{N2O} \times GWP_{N2O}")
Name Common_Equations.Common_ConvertN2OToCO2e_NIRReference: _xlfn.LAMBDA("")
Name Common_Equations.Common_ConvertN2OToCO2e_Title: _xlfn.LAMBDA("Convert nitrous oxide emissions to carbon dioxide equivalent emissions")
Name Common_Equations.Common_ConvertN2OToCO2e_Unit: _xlfn.LAMBDA("t CO2e")
Name Common_Equations.Common_ConvertN2OToCO2e_Variable: _xlfn.LAMBDA("EN2O CO2e")
Name Common_InputFunctions.Utility_ConvertStateCommonNameToAbbreviation: _xlfn.LAMBDA(_xlpm.StateCommonName,_xlpm.StateCommonNameArray,_xlpm.StateAbbreviationArray, _xlfn.XLOOKUP(_xlpm.StateCommonName, _xlpm.StateCommonNameArray, _xlpm.StateAbbreviationArray, ""))
Name Common_InputFunctions.Utility_DisplayArguments_1_2: _xlfn.LAMBDA(_xlpm.ArgumentsArray, _xlfn.CHOOSECOLS(_xlpm.ArgumentsArray, 1, 2))
Name Common_InputFunctions.Utility_DisplayArguments_3_4: _xlfn.LAMBDA(_xlpm.ArgumentsArray, _xlfn.CHOOSECOLS(_xlpm.ArgumentsArray, 3, 4))
Name Common_InputFunctions.Utility_DisplayFunctionName: _xlfn.LAMBDA(_xlpm.Function, _xlfn.TEXTBEFORE(_xlfn.FORMULATEXT(_xlpm.Function), "("))
Name Common_InputFunctions.Utility_GetArrayTableColumnStartNumber: _xlfn.LAMBDA(_xlpm.TableHeaderCell, COLUMN(_xlpm.TableHeaderCell))
Name Common_InputFunctions.Utility_GetArrayTableRowStartNumber: _xlfn.LAMBDA(_xlpm.TableheaderCell,_xlpm.RowsBetweenHeaderandArray, ROW(_xlpm.TableheaderCell) + _xlpm.RowsBetweenHeaderandArray - 1)
Name Common_InputFunctions.Utility_LookupValueInTable: _xlfn.LAMBDA(_xlpm.LookupValue,_xlpm.LookupArray,_xlpm.ReturnArray, _xlfn.XLOOKUP(_xlpm.LookupValue, _xlpm.LookupArray, _xlpm.ReturnArray, ""))
Name Common_InputFunctions.Utility_SourceHyperlink: _xlfn.LAMBDA(_xlpm.TargetCell, _xlfn.LET(_xlpm.sh, _xlfn.TEXTAFTER(CELL("filename", _xlpm.TargetCell), "]"), _xlpm.addr, CELL("address", _xlpm.TargetCell), "#'" & _xlpm.sh & "'!" & _xlpm.addr))
Name Common_SourceData.Common_SourceData_AustralianStatesTerritories_Source: _xlfn.LAMBDA("")
Name Common_SourceData.Common_SourceData_AustralianStatesTerritories_Title: _xlfn.LAMBDA("Australian states and territories")
Name Common_SourceData.Common_SourceData_AustralianStatesTerritories_Unit: _xlfn.LAMBDA("")
Name Common_SourceData.Common_SourceData_AustralianStatesTerritories_Variable: _xlfn.LAMBDA("")
Name Common_SourceData.Common_SourceData_ClimateZones_Source: _xlfn.LAMBDA("VEERG 2026: Table 1.3: Climate and Rainfall zone classifications and definitions")
Name Common_SourceData.Common_SourceData_ClimateZones_Title: _xlfn.LAMBDA("VEERG Australian climate zones")
Name Common_SourceData.Common_SourceData_ClimateZones_Unit: _xlfn.LAMBDA("")
Name Common_SourceData.Common_SourceData_ClimateZones_Variable: _xlfn.LAMBDA("")
Name Common_SourceData.Common_SourceData_ConvertGasElementalToMolecular_Source: _xlfn.LAMBDA("XXXXXXX")
Name Common_SourceData.Common_SourceData_ConvertGasElementalToMolecular_Title: _xlfn.LAMBDA("Factor to convert elemental mass of gas to molecular mass")
Name Common_SourceData.Common_SourceData_ConvertGasElementalToMolecular_Unit: _xlfn.LAMBDA("factor")
Name Common_SourceData.Common_SourceData_ConvertGasElementalToMolecular_Variable: _xlfn.LAMBDA("Cg")
Name Common_SourceData.Common_SourceData_ConvertN2oElementalToMolecularCg_Data: _xlfn.LAMBDA(44 / 28)
Name Common_SourceData.Common_SourceData_ConvertN2oElementalToMolecularCg_Source: _xlfn.LAMBDA("National Inventory Report 2023 Volume 1")
Name Common_SourceData.Common_SourceData_ConvertN2oElementalToMolecularCg_Title: _xlfn.LAMBDA("Factor to convert elemental mass of N2O to molecular mass")
Name Common_SourceData.Common_SourceData_ConvertN2oElementalToMolecularCg_Unit: _xlfn.LAMBDA("factor")
Name Common_SourceData.Common_SourceData_ConvertN2oElementalToMolecularCg_Variable: _xlfn.LAMBDA("CgN2O")
Name Common_SourceData.Common_SourceData_DataScores_Scope3_Source: _xlfn.LAMBDA("VEERG 2026: XXXXXXXX")
Name Common_SourceData.Common_SourceData_DataScores_Scope3_Title: _xlfn.LAMBDA("Australian data scores for scope 3")
Name Common_SourceData.Common_SourceData_DataScores_Scope3_Unit: _xlfn.LAMBDA("")
Name Common_SourceData.Common_SourceData_DataScores_Scope3_Variable: _xlfn.LAMBDA("")
Name Common_SourceData.Common_SourceData_DataScores_Scope3_Variation: _xlfn.LAMBDA("")
Name Common_SourceData.Common_SourceData_DensityOfMethane_Data: _xlfn.LAMBDA(0.6784)
Name Common_SourceData.Common_SourceData_DensityOfMethane_Source: _xlfn.LAMBDA("National Inventory Report 2023 Volume 1: Equations 3.B.1a_2, 3.B.1c_2, 3.B.3_1, 3.B.4g_2")
Name Common_SourceData.Common_SourceData_DensityOfMethane_Title: _xlfn.LAMBDA("p = density of methane")
Name Common_SourceData.Common_SourceData_DensityOfMethane_Unit: _xlfn.LAMBDA("kg/m3")
Name Common_SourceData.Common_SourceData_EFleach_Data: _xlfn.LAMBDA(_xlfn.MAKEARRAY(1, 2, _xlfn.LAMBDA(_xlpm.r,_xlpm.c, INDEX({"EFleach",0.011}, _xlpm.r, _xlpm.c))))
Name Common_SourceData.Common_SourceData_EFleach_NIRReference: _xlfn.LAMBDA("National Inventory Report Volume 1: Equation 3.D.B_10")
Name Common_SourceData.Common_SourceData_EFleach_Source: _xlfn.LAMBDA("VEERG 2026:5.5.2.3 Constant Parameters")
Name Common_SourceData.Common_SourceData_EFleach_Title: _xlfn.LAMBDA("Emission factor for nitrogen leaching and runoff")
Name Common_SourceData.Common_SourceData_EFleach_Unit: _xlfn.LAMBDA("(kg N2O-N / kg N")
Name Common_SourceData.Common_SourceData_EFleach_Variation: _xlfn.LAMBDA((""))
Name Common_SourceData.Common_SourceData_EFN2O_NIRReference: _xlfn.LAMBDA("")
Name Common_SourceData.Common_SourceData_EFN2O_Source: _xlfn.LAMBDA("VEERG 2026: Table A.2.2.1")
Name Common_SourceData.Common_SourceData_EFN2O_Title: _xlfn.LAMBDA("Nitrous oxide emission factors for inorganic fertiliser application")
Name Common_SourceData.Common_SourceData_EFN2O_Unit: _xlfn.LAMBDA("(kg N2O-N / kg N")
Name Common_SourceData.Common_SourceData_EFPastureRangeAndPaddock_Data: _xlfn.LAMBDA(_xlfn.MAKEARRAY(3, 2, _xlfn.LAMBDA(_xlpm.r,_xlpm.c, INDEX({"Climate zone","EFPRP";"Wet climate zone",0.006;"Dry climate zone",0.002}, _xlpm.r, _xlpm.c))))
Name Common_SourceData.Common_SourceData_EFPastureRangeAndPaddock_NIRReference: _xlfn.LAMBDA("")
Name Common_SourceData.Common_SourceData_EFPastureRangeAndPaddock_Source: _xlfn.LAMBDA("VEERG 2026: Table A.2.2.2")

Sheet Home
A1: Home

Sheet Results
A1: #VALUE! | C1: 4.1 Manure management: Beef Feedlot: Results
A3: =HYPERLINK("#'Home'!A1", "Home") -> Home
A4: =HYPERLINK("#'Results'!A1", "Results") -> Results | D4: Emissions breakdown
A6: INPUTS | D6: Scope 1 source | E6: GHG emissions method 1 | F6: GHG emissions method 2 | G6: GHG Unit | H6: CO2-e emissions method 1 | I6: CO2-e emissions method 2 | J6: CO2-e unit
A7: =HYPERLINK("#'Input - Site'!A1", "Site") -> Site | D7: 4.1.1.1-2 Method 1 Manure methane | E7: ='4.1.1.1-2 Methane'!E168 -> 2.7037519 | F7: ='4.1.1.1-2 Methane'!N168 -> 2.7037519 | G7: ='4.1.1.1-2 Methane'!F168 -> t CH4 | H7: ='4.1.1.1-2 Methane'!E173 -> 75.705053 | I7: ='4.1.1.1-2 Methane'!N173 -> 75.705053 | J7: t CO2e
A8: =HYPERLINK("#'Input - Feedlot'!A1", "Feedlot") -> Feedlot | D8: 4.1.1.3-4 Method 1 Manure direct N2O | E8: ='4.1.1.3-4 Direct N20'!E209 -> 0.79920735 | F8: ='4.1.1.3-4 Direct N20'!M209 -> 0.79920735 | G8: ='4.1.1.3-4 Direct N20'!F209 -> t N2O | H8: ='4.1.1.3-4 Direct N20'!E214 -> 211.78995 | I8: ='4.1.1.3-4 Direct N20'!M214 -> 211.78995 | J8: t CO2e
D9: 4.1.1.5-6 Method 1 Manure atmospheric deposition | E9: ='4.1.1.5-6 Atmos Deposition'!$E$65 -> 0.14458898 | F9: ='4.1.1.5-6 Atmos Deposition'!$M$65 -> 0.14458898 | G9: ='4.1.1.5-6 Atmos Deposition'!$F$65 -> t N2O | H9: ='4.1.1.5-6 Atmos Deposition'!$E$70 -> 38.31608 | I9: ='4.1.1.5-6 Atmos Deposition'!$M$70 -> 38.31608 | J9: t CO2e
A10: CALCULATIONS | D10: Total | H10: =SUM(H7:H8) -> 287.495 | I10: =SUM(I7:I8) -> 287.495 | J10: t CO2e
A11: =HYPERLINK("#'4.1.1.1-2 Methane'!A1", "4.1.1.1-2 Methane") -> 4.1.1.1-2 Methane
A12: =HYPERLINK("#'4.1.1.3-4 Direct N20'!A1", "4.1.1.3-4 Direct N2O") -> 4.1.1.3-4 Direct N2O | D12: 4.1.1.9 Manure applied to soils
A13: =HYPERLINK("#'4.1.1.5-6 Atmos Deposition'!A1", "4.1.1.5-6 Atmospheric deposition") -> 4.1.1.5-6 Atmospheric deposition | D13: WARNING: Manure nitrogen that was applied to soils must be accounted for
A14: =HYPERLINK("#'4.1.1.9 Manure applied to soils'!A1", "4.1.1.9 Manure applied to soils") -> 4.1.1.9 Manure applied to soils | D14: See the table below for how to account for manure applied to soils for scope 1 and 3.
D15: Manure nitrogen use | E15: Amount of N in manure | F15: N unit | G15: Emissions allocated to | H15: VEERG Calculation method
A16: APPENDICES | D16: Manure nitrogen deposited on farm soils (including use as fertiliser for other enterprises on own farm eg crops) | E16: ='4.1.1.9 Manure applied to soils'!$E$61 -> 24130.039 | F16: ='4.1.1.9 Manure applied to soils'!$F$61 -> kg N | G16: Scope 1 - This feedlot | H16: 5.2.2.1 (1), 5.4.1.3 (1, 2), 5.5.1.1 (1, 3)
A17: =HYPERLINK("#'Constants - Feedlot'!A1", "Constants - Feedlot") -> Constants - Feedlot | D17: Manure nitrogen deposited on farm soils as fertiliser for other farm enterpsies (eg crops) | E17: ='4.1.1.9 Manure applied to soils'!$E$111 -> 2202.6859 | F17: ='4.1.1.9 Manure applied to soils'!$F$111 -> kg N | G17: Scope 1 - This feedlot | H17: 5.2.2.1 (1), 5.4.1.3 (1, 2), 5.5.1.1 (1, 3)
A18: =HYPERLINK("#'Constants - Livestock'!A1", "Constants - Livestock") -> Constants - Livestock | D18: Manure nitrogen sold | E18: ='4.1.1.9 Manure applied to soils'!E87 -> 2202.6859 | F18: ='4.1.1.9 Manure applied to soils'!F87 -> kg N | G18: Scope 3 (downstream) | H18: 15.13.1.1 (1), 5.2.2.1 (1), 5.4.1.3 (1, 2), 5.5.1.1 (1, 3)
A19: =HYPERLINK("#'Constants - Common'!A1", "Constants - Common") -> Constants - Common
A20: =HYPERLINK("#'Acknowledgements'!A1", "Acknowledgements") -> Acknowledgements

Sheet Input - Site
A1: #VALUE! | C1: Input - Site
A3: =HYPERLINK("#'Home'!A1", "Home") -> Home
A4: =HYPERLINK("#'Results'!A1", "Results") -> Results
D5: Your business
A6: INPUTS
A7: =HYPERLINK("#'Input - Site'!A1", "Site") -> Site | D7: Farm name | E7: Test Farms
A8: =HYPERLINK("#'Input - Feedlot'!A1", "Feedlot") -> Feedlot | D8: Reporting entity name | E8: Test Farms Pty Ltd
A10: CALCULATIONS | D10: 💡An 'Emissions accounting period' is a 12 month period where the business can report on the emissions, and is typically the same as the business' financial accounting period.
A11: =HYPERLINK("#'4.1.1.1-2 Methane'!A1", "4.1.1.1-2 Methane") -> 4.1.1.1-2 Methane
A12: =HYPERLINK("#'4.1.1.3-4 Direct N20'!A1", "4.1.1.3-4 Direct N2O") -> 4.1.1.3-4 Direct N2O | D12: Emissions calculation period start date | E12: 45292 | F12: ← DD/MM/YYYY or DD Month YYYY
A13: =HYPERLINK("#'4.1.1.5-6 Atmos Deposition'!A1", "4.1.1.5-6 Atmospheric deposition") -> 4.1.1.5-6 Atmospheric deposition | D13: Emissions calculation period end date | E13: =DATE(YEAR(E12)+1,MONTH(E12),DAY(E12))-1 -> 45657 | F13: ← Automatically calculated, 12 months after start date
A14: =HYPERLINK("#'4.1.1.9 Manure applied to soils'!A1", "4.1.1.9 Manure applied to soils") -> 4.1.1.9 Manure applied to soils
A16: APPENDICES | D16: Location and climate
A17: =HYPERLINK("#'Constants - Feedlot'!A1", "Constants - Feedlot") -> Constants - Feedlot
A18: =HYPERLINK("#'Constants - Livestock'!A1", "Constants - Livestock") -> Constants - Livestock | D18: Location information is used to reference some region and climate-specific emission factors
A19: =HYPERLINK("#'Constants - Common'!A1", "Constants - Common") -> Constants - Common | D19: Tip: Use the web-based GAF Location Helper tool to easily get region and climate information. You will need an internet connection to use the GAF Location Helper.
A20: =HYPERLINK("#'Acknowledgements'!A1", "Acknowledgements") -> Acknowledgements
D21: State | E21: New South Wales | F21: ← Please select
D22: Region (ABS Statistical area level 4) if state is WA | E22: Western Australia - Outback (South) | F22: ← Please select
D23: Leaching zone | E23: NO - Not in leaching zone | F23: ← Please select
D24: Elevation | E24: 307.7 | F24: Meters
D25: Average temperature for reporting period | E25: 18 | F25: Degrees celsius
D26: Total rainfall for reporting period | E26: 601 | F26: Millimetres
D27: Potential evapotranspiration for reporting period | E27: 1326 | F27: Millimetres
D28: Number of frost days for reporting period | E28: 7 | F28: Days
D29: MAP:PET ratio | E29: =E26/E27 -> 0.45324284
D30: Rainfall zone | E30: =Common_InputFunctions.Utility_LookupItemFromMinMax(E26,Table_SourceData_RainfallZones[Min rainfall],Table_SourceData_RainfallZones[Max rainfall],Table_SourceData_RainfallZones[Rainfall Zone]) -> High rainfall
D31: Climate zone | E31: =Common_InputFunctions.Utility_GetClimateZone(E25,E26,E28,E24,E29,Table_SourceData_ClimateZones[Min temp],Table_SourceData_ClimateZones[Max temp],Table_SourceData_ClimateZones[Min rainfall],Table_SourceData_ClimateZones[Max rainfall],Table_SourceData_ClimateZones[Min frost days],Table_SourceData_ClimateZones[Max frost days],Table_SourceData_ClimateZones[Min elevation],Table_SourceData_ClimateZones[Max elevation],Table_SourceData_ClimateZones[Min MAP:PET],Table_SourceData_ClimateZones[Max MAP:PET],Table_SourceData_ClimateZones[Climate zone]) -> Warm temperate dry
D32: Wet or dry climate zone | E32: =Common_InputFunctions.Utility_LookupValueInTable($E$31,Table_SourceData_WetDryZones[Climate zone],Table_SourceData_WetDryZones[Wet or Dry Zone]) -> Dry climate zone
D33: Temperature zone | E33: =Common_InputFunctions.Utility_LookupItemFromMinMax(E25,Table_SourceData_TemperatureZones[Min MAT],Table_SourceData_TemperatureZones[Max MAT],Table_SourceData_TemperatureZones[Temperature Zone]) -> Temperate

Sheet Input - Feedlot
A1: #VALUE! | C1: Input - MMS - Feedlot
A3: =HYPERLINK("#'Home'!A1", "Home") -> Home
A4: =HYPERLINK("#'Results'!A1", "Results") -> Results
D5: Herd movement
A6: INPUTS
A7: =HYPERLINK("#'Input - Site'!A1", "Site") -> Site | E7: Domestic | F7: Mid-fed | G7: Long-fed
A8: =HYPERLINK("#'Input - Feedlot'!A1", "Feedlot") -> Feedlot | D8: ="Average number of head between " & TEXT('Input - Site'!$E$12, "dd mmm yy") & " and " & TEXT('Input - Site'!$E$13, "dd mmm yy") -> Average number of head between 01 Jan 24 and 31 Dec 24 | E8: 4300 | F8: 100 | G8: 100 | H8: head
D9: ="Average duration of stay between " & TEXT('Input - Site'!$E$12, "dd mmm yy") & " and " & TEXT('Input - Site'!$E$13, "dd mmm yy") -> Average duration of stay between 01 Jan 24 and 31 Dec 24 | E9: 90 | F9: 140 | G9: 250 | H9: days
A10: CALCULATIONS
A11: =HYPERLINK("#'4.1.1.1-2 Methane'!A1", "4.1.1.1-2 Methane") -> 4.1.1.1-2 Methane | D11: Intake
A12: =HYPERLINK("#'4.1.1.3-4 Direct N20'!A1", "4.1.1.3-4 Direct N2O") -> 4.1.1.3-4 Direct N2O
A13: =HYPERLINK("#'4.1.1.5-6 Atmos Deposition'!A1", "4.1.1.5-6 Atmospheric deposition") -> 4.1.1.5-6 Atmospheric deposition | D13: Method 1 default values (Do not edit) | E13: Domestic | F13: Mid-fed | G13: Long-fed
A14: =HYPERLINK("#'4.1.1.9 Manure applied to soils'!A1", "4.1.1.9 Manure applied to soils") -> 4.1.1.9 Manure applied to soils | D14: Feed intake | E14: {=_xlfn.XLOOKUP(1, (Table_SourceData_Feedlot_AnimalCharacteristics[Feedlot type] = E$13) * (Table_SourceData_Feedlot_AnimalCharacteristics[Characteristic] = $D$14), Table_SourceData_Feedlot_AnimalCharacteristics[2020-2023], "Not Found")} -> 10.4 | F14: {=_xlfn.XLOOKUP(1, (Table_SourceData_Feedlot_AnimalCharacteristics[Feedlot type] = F$13) * (Table_SourceData_Feedlot_AnimalCharacteristics[Characteristic] = $D$14), Table_SourceData_Feedlot_AnimalCharacteristics[2020-2023], "Not Found")} -> 10.8 | G14: {=_xlfn.XLOOKUP(1, (Table_SourceData_Feedlot_AnimalCharacteristics[Feedlot type] = G$13) * (Table_SourceData_Feedlot_AnimalCharacteristics[Characteristic] = $D$14), Table_SourceData_Feedlot_AnimalCharacteristics[2020-2023], "Not Found")} -> 8.2 | H14: kg dry matter / head day
D15: Dry matter digestibility | E15: {=_xlfn.XLOOKUP(1, (Table_SourceData_Feedlot_DietProperties[Feedlot type] = E$13) * (Table_SourceData_Feedlot_DietProperties[Nutrient analysis] = $D$15), Table_SourceData_Feedlot_DietProperties[2020-2023 Converted to fraction], "Not Found")} -> 0.81 | F15: {=_xlfn.XLOOKUP(1, (Table_SourceData_Feedlot_DietProperties[Feedlot type] = F$13) * (Table_SourceData_Feedlot_DietProperties[Nutrient analysis] = $D$15), Table_SourceData_Feedlot_DietProperties[2020-2023 Converted to fraction], "Not Found")} -> 0.81 | G15: {=_xlfn.XLOOKUP(1, (Table_SourceData_Feedlot_DietProperties[Feedlot type] = G$13) * (Table_SourceData_Feedlot_DietProperties[Nutrient analysis] = $D$15), Table_SourceData_Feedlot_DietProperties[2020-2023 Converted to fraction], "Not Found")} -> 0.81 | H15: fraction
A16: APPENDICES | D16: Crude protein | E16: {=_xlfn.XLOOKUP(1, (Table_SourceData_Feedlot_DietProperties[Feedlot type] = E$13) * (Table_SourceData_Feedlot_DietProperties[Nutrient analysis] = $D$16), Table_SourceData_Feedlot_DietProperties[2020-2023 Converted to fraction], "Not Found")} -> 0.14 | F16: {=_xlfn.XLOOKUP(1, (Table_SourceData_Feedlot_DietProperties[Feedlot type] = F$13) * (Table_SourceData_Feedlot_DietProperties[Nutrient analysis] = $D$16), Table_SourceData_Feedlot_DietProperties[2020-2023 Converted to fraction], "Not Found")} -> 0.12 | G16: {=_xlfn.XLOOKUP(1, (Table_SourceData_Feedlot_DietProperties[Feedlot type] = G$13) * (Table_SourceData_Feedlot_DietProperties[Nutrient analysis] = $D$16), Table_SourceData_Feedlot_DietProperties[2020-2023 Converted to fraction], "Not Found")} -> 0.12 | H16: fraction
A17: =HYPERLINK("#'Constants - Feedlot'!A1", "Constants - Feedlot") -> Constants - Feedlot | D17: N retention | E17: {=_xlfn.XLOOKUP(1, (Table_SourceData_Feedlot_AnimalCharacteristics[Feedlot type] = E$13) * (Table_SourceData_Feedlot_AnimalCharacteristics[Characteristic] = $D$17), Table_SourceData_Feedlot_AnimalCharacteristics[2020-2023], "Not Found")} -> 20.4 | F17: {=_xlfn.XLOOKUP(1, (Table_SourceData_Feedlot_AnimalCharacteristics[Feedlot type] = F$13) * (Table_SourceData_Feedlot_AnimalCharacteristics[Characteristic] = $D$17), Table_SourceData_Feedlot_AnimalCharacteristics[2020-2023], "Not Found")} -> 12.7 | G17: {=_xlfn.XLOOKUP(1, (Table_SourceData_Feedlot_AnimalCharacteristics[Feedlot type] = G$13) * (Table_SourceData_Feedlot_AnimalCharacteristics[Characteristic] = $D$17), Table_SourceData_Feedlot_AnimalCharacteristics[2020-2023], "Not Found")} -> 7 | H17: percent of intake
A18: =HYPERLINK("#'Constants - Livestock'!A1", "Constants - Livestock") -> Constants - Livestock
A19: =HYPERLINK("#'Constants - Common'!A1", "Constants - Common") -> Constants - Common | D19: Method 2 custom values (Edit if known) | E19: Domestic | F19: Mid-fed | G19: Long-fed
A20: =HYPERLINK("#'Acknowledgements'!A1", "Acknowledgements") -> Acknowledgements | D20: Feed intake | E20: {=_xlfn.XLOOKUP(1, (Table_SourceData_Feedlot_AnimalCharacteristics[Feedlot type] = E$19) * (Table_SourceData_Feedlot_AnimalCharacteristics[Characteristic] = $D$20), Table_SourceData_Feedlot_AnimalCharacteristics[2020-2023], "Not Found")} -> 10.4 | F20: {=_xlfn.XLOOKUP(1, (Table_SourceData_Feedlot_AnimalCharacteristics[Feedlot type] = F$19) * (Table_SourceData_Feedlot_AnimalCharacteristics[Characteristic] = $D$20), Table_SourceData_Feedlot_AnimalCharacteristics[2020-2023], "Not Found")} -> 10.8 | G20: {=_xlfn.XLOOKUP(1, (Table_SourceData_Feedlot_AnimalCharacteristics[Feedlot type] = G$19) * (Table_SourceData_Feedlot_AnimalCharacteristics[Characteristic] = $D$20), Table_SourceData_Feedlot_AnimalCharacteristics[2020-2023], "Not Found")} -> 8.2 | H20: kg dry matter / head day
D21: Dry matter digestibility | E21: {=_xlfn.XLOOKUP(1, (Table_SourceData_Feedlot_DietProperties[Feedlot type] = E$19) * (Table_SourceData_Feedlot_DietProperties[Nutrient analysis] = $D$21), Table_SourceData_Feedlot_DietProperties[2020-2023 Converted to fraction], "Not Found")} -> 0.81 | F21: {=_xlfn.XLOOKUP(1, (Table_SourceData_Feedlot_DietProperties[Feedlot type] = F$19) * (Table_SourceData_Feedlot_DietProperties[Nutrient analysis] = $D$21), Table_SourceData_Feedlot_DietProperties[2020-2023 Converted to fraction], "Not Found")} -> 0.81 | G21: {=_xlfn.XLOOKUP(1, (Table_SourceData_Feedlot_DietProperties[Feedlot type] = G$19) * (Table_SourceData_Feedlot_DietProperties[Nutrient analysis] = $D$21), Table_SourceData_Feedlot_DietProperties[2020-2023 Converted to fraction], "Not Found")} -> 0.81 | H21: fraction
D22: Crude protein | E22: {=_xlfn.XLOOKUP(1, (Table_SourceData_Feedlot_DietProperties[Feedlot type] = E$19) * (Table_SourceData_Feedlot_DietProperties[Nutrient analysis] = $D$22), Table_SourceData_Feedlot_DietProperties[2020-2023 Converted to fraction], "Not Found")} -> 0.14 | F22: {=_xlfn.XLOOKUP(1, (Table_SourceData_Feedlot_DietProperties[Feedlot type] = F$19) * (Table_SourceData_Feedlot_DietProperties[Nutrient analysis] = $D$22), Table_SourceData_Feedlot_DietProperties[2020-2023 Converted to fraction], "Not Found")} -> 0.12 | G22: {=_xlfn.XLOOKUP(1, (Table_SourceData_Feedlot_DietProperties[Feedlot type] = G$19) * (Table_SourceData_Feedlot_DietProperties[Nutrient analysis] = $D$22), Table_SourceData_Feedlot_DietProperties[2020-2023 Converted to fraction], "Not Found")} -> 0.12 | H22: fraction
D23: N retention | E23: {=_xlfn.XLOOKUP(1, (Table_SourceData_Feedlot_AnimalCharacteristics[Feedlot type] = E$19) * (Table_SourceData_Feedlot_AnimalCharacteristics[Characteristic] = $D$23), Table_SourceData_Feedlot_AnimalCharacteristics[2020-2023], "Not Found")} -> 20.4 | F23: {=_xlfn.XLOOKUP(1, (Table_SourceData_Feedlot_AnimalCharacteristics[Feedlot type] = F$19) * (Table_SourceData_Feedlot_AnimalCharacteristics[Characteristic] = $D$23), Table_SourceData_Feedlot_AnimalCharacteristics[2020-2023], "Not Found")} -> 12.7 | G23: {=_xlfn.XLOOKUP(1, (Table_SourceData_Feedlot_AnimalCharacteristics[Feedlot type] = G$19) * (Table_SourceData_Feedlot_AnimalCharacteristics[Characteristic] = $D$23), Table_SourceData_Feedlot_AnimalCharacteristics[2020-2023], "Not Found")} -> 7 | H23: percent of intake
D25: Manure management systems
D27: Stage 1 MMS | E27: Domestic | F27: Mid-fed | G27: Long-fed
D28: Drylot (feed pad) | E28: 1 | F28: 1 | G28: 1 | H28: percent
D29: ▼
D30: Stage 2 MMS | E30: Domestic | F30: Mid-fed | G30: Long-fed | H30: ► | I30: Destination after stage 2 MMS (Percent)
D31: ="From Stage 1: " & $D$28 & " to:" -> From Stage 1: Drylot (feed pad) to: | I31: Sold | J31: Fert for own farm (eg crop) | K31: Direct application to soil
D32: ='Constants - Feedlot'!D29 -> Solid storage | E32: 0.2 | F32: 0.2 | G32: 0.2 | H32: percent | I32: 0.25 | J32: 0.25 | K32: =1-SUM(I32:J32) -> 0.5
D33: ='Constants - Feedlot'!D30 -> Composting (passive windrow) | E33: 0.2 | F33: 0.2 | G33: 0.2 | H33: percent | I33: 0.25 | J33: 0.25 | K33: =1-SUM(I33:J33) -> 0.5
D34: Direct application | E34: =1-SUM(E32, E33) -> 0.6 | F34: =1-SUM(F32, F33) -> 0.6 | G34: =1-SUM(G32, G33) -> 0.6 | H34: percent | I34: 0 | J34: 0 | K34: =1-SUM(I34:J34) -> 1
D36: Stage 3 MMS | E36: Domestic | F36: Mid-fed | G36: Long-fed | H36: ► | I36: Destination after stage 3 MMS (Percent)
D37: ="From Stage 1: " & $D$28 & " to:" -> From Stage 1: Drylot (feed pad) to: | I37: Sold | J37: Fert for own farm (eg crop) | K37: Direct application to soil
D38: ='Constants - Feedlot'!$D$32 -> Anaerobic lagoon | E38: ='Constants - Feedlot'!$E$12 -> 0.02 | F38: ='Constants - Feedlot'!$E$12 -> 0.02 | G38: ='Constants - Feedlot'!$E$12 -> 0.02 | H38: percent | I38: 0.25 | J38: 0.25 | K38: =1-SUM(I38:J38) -> 0.5
D41: Where manure was deposited on farm soils, what is the closest match? | E41: Pasture | F41: ← Please select
E42: Not irrigated | F42: ← Please select

Sheet 4.1.1.1-2 Methane
A1: #VALUE! | C1: 4.1.1.1-2 Manure Methane
A3: =HYPERLINK("#'Home'!A1", "Home") -> Home | D3: Method 1 | M3: Method 2
A4: =HYPERLINK("#'Results'!A1", "Results") -> Results
D5: {=MMS_Feedlot_Methane_Equations.VEERG_4_1_1_1__5_VolatileSolidProduction_Title()} -> Volatile solid production
A6: INPUTS | D6: {=MMS_Feedlot_Methane_Equations.VEERG_4_1_1_1__5_VolatileSolidProduction_Source()} -> VEERG 2026: 4.1.1.1, Equation (5)
A7: =HYPERLINK("#'Input - Site'!A1", "Site") -> Site | D7: Function name | E7: {=Common_InputFunctions.Utility_DisplayFunctionName(D30)} -> =MMS_Feedlot_Methane_Equations.VEERG_4_1_1_1__5_VolatileSolidProduction
A8: =HYPERLINK("#'Input - Feedlot'!A1", "Feedlot") -> Feedlot
A10: CALCULATIONS | D10: Variable | E10: {=MMS_Feedlot_Methane_Equations.VEERG_4_1_1_1__5_VolatileSolidProduction_Variable()} -> VS_j
A11: =HYPERLINK("#'4.1.1.1-2 Methane'!A1", "4.1.1.1-2 Methane") -> 4.1.1.1-2 Methane | D11: Unit | E11: {=MMS_Feedlot_Methane_Equations.VEERG_4_1_1_1__5_VolatileSolidProduction_Unit()} -> kg/head/day
A12: =HYPERLINK("#'4.1.1.3-4 Direct N20'!A1", "4.1.1.3-4 Direct N2O") -> 4.1.1.3-4 Direct N2O
A13: =HYPERLINK("#'4.1.1.5-6 Atmos Deposition'!A1", "4.1.1.5-6 Atmospheric deposition") -> 4.1.1.5-6 Atmospheric deposition | D13: {=MMS_Feedlot_Methane_Equations.VEERG_4_1_1_1__5_VolatileSolidProduction_Arguments()} -> I_j | E13: dry matter intake for each group j : kg DM/head/day | G13: ="See " & D17 -> See M1_Table_I_j | H13: Input
A14: =HYPERLINK("#'4.1.1.9 Manure applied to soils'!A1", "4.1.1.9 Manure applied to soils") -> 4.1.1.9 Manure applied to soils | D14: DMD_j | E14: dry matter digestibility for each group j : fraction | G14: ="See " & D22 -> See M1_Table_DMD_j | H14: Input
D15: A | E15: ash content of manure : fraction | G15: ='Constants - Feedlot'!$E$17 -> 0.16 | H15: Constant
A16: APPENDICES
A17: =HYPERLINK("#'Constants - Feedlot'!A1", "Constants - Feedlot") -> Constants - Feedlot | D17: M1_Table_I_j | M17: M2_Table_I_j
A18: =HYPERLINK("#'Constants - Livestock'!A1", "Constants - Livestock") -> Constants - Livestock | D18: Dry matter intake (Method 1) | M18: Dry matter intake (Method 2)
A19: =HYPERLINK("#'Constants - Common'!A1", "Constants - Common") -> Constants - Common | D19: Domestic | E19: Mid-fed | F19: Long-fed | M19: Domestic | N19: Mid-fed | O19: Long-fed
A20: =HYPERLINK("#'Acknowledgements'!A1", "Acknowledgements") -> Acknowledgements | D20: ='Input - Feedlot'!$E$14 -> 10.4 | E20: ='Input - Feedlot'!$F$14 -> 10.8 | F20: ='Input - Feedlot'!$G$14 -> 8.2 | G20: kg DM/head/day | M20: ='Input - Feedlot'!$E$20 -> 10.4 | N20: ='Input - Feedlot'!$F$20 -> 10.8 | O20: ='Input - Feedlot'!$G$20 -> 8.2 | P20: kg DM/head/day
D22: M1_Table_DMD_j | M22: M2_Table_DMD_j
D23: Dry matter digestibility (Method 1) | M23: Dry matter digestibility (Method 1)
D24: Domestic | E24: Mid-fed | F24: Long-fed | M24: Domestic | N24: Mid-fed | O24: Long-fed
D25: ='Input - Feedlot'!$E$15 -> 0.81 | E25: ='Input - Feedlot'!$F$15 -> 0.81 | F25: ='Input - Feedlot'!$G$15 -> 0.81 | G25: fraction | M25: ='Input - Feedlot'!$E$21 -> 0.81 | N25: ='Input - Feedlot'!$F$21 -> 0.81 | O25: ='Input - Feedlot'!$G$21 -> 0.81 | P25: fraction
D27: M1_Table_VS_j | M27: M2_Table_VS_j
D28: Volatile solid production (Method 1) | M28: Volatile solid production (Method 2)
D29: Domestic | E29: Mid-fed | F29: Long-fed | M29: Domestic | N29: Mid-fed | O29: Long-fed
D30: {=MMS_Feedlot_Methane_Equations.VEERG_4_1_1_1__5_VolatileSolidProduction(D20,D25,$G$15)} -> 1.65984 | E30: {=MMS_Feedlot_Methane_Equations.VEERG_4_1_1_1__5_VolatileSolidProduction(E20,E25,$G$15)} -> 1.72368 | F30: {=MMS_Feedlot_Methane_Equations.VEERG_4_1_1_1__5_VolatileSolidProduction(F20,F25,$G$15)} -> 1.30872 | G30: =$E$11 -> kg/head/day | M30: {=MMS_Feedlot_Methane_Equations.VEERG_4_1_1_1__5_VolatileSolidProduction(M20,M25,$G$15)} -> 1.65984 | N30: {=MMS_Feedlot_Methane_Equations.VEERG_4_1_1_1__5_VolatileSolidProduction(N20,N25,$G$15)} -> 1.72368 | O30: {=MMS_Feedlot_Methane_Equations.VEERG_4_1_1_1__5_VolatileSolidProduction(O20,O25,$G$15)} -> 1.30872 | P30: =$E$11 -> kg/head/day
D34: {=MMS_Feedlot_Methane_Equations.VEERG_4_1_1_1__2_Stage1MethaneProductionDrylot_Title()} -> Production of methane in treatment stage 1 MMS
D35: {=MMS_Feedlot_Methane_Equations.VEERG_4_1_1_1__2_Stage1MethaneProductionDrylot_Source()} -> VEERG 2026: 4.1.1.1, Equation (2)
D36: Function name | E36: {=Common_InputFunctions.Utility_DisplayFunctionName(E57)} -> =MMS_Feedlot_Methane_Equations.VEERG_4_1_1_1__2_Stage1MethaneProductionDrylot
D39: Variable | E39: {=MMS_Feedlot_Methane_Equations.VEERG_4_1_1_1__2_Stage1MethaneProductionDrylot_Variable()} -> M_jm5T1
D40: Unit | E40: {=MMS_Feedlot_Methane_Equations.VEERG_4_1_1_1__2_Stage1MethaneProductionDrylot_Unit()} -> kg CH4/head/day
D42: {=MMS_Feedlot_Methane_Equations.VEERG_4_1_1_1__2_Stage1MethaneProductionDrylot_Arguments()} -> VS_j | E42: volatile solid production from feedlot cattle in each group : kg/head/day | G42: ="See " & $D$27 -> See M1_Table_VS_j
D43: BO | E43: emissions potential : m3 CH4/kg VS | G43: ='Constants - Feedlot'!$E$22 -> 0.19
D44: MMS_m5T1 | E44: fraction of manure in primary system drylot MMS : fraction | G44: ="See" & D49 -> SeeTable_MMS_m-5_T-1
D45: MCF_im5 | E45: methane conversion factor for temperature zone and drylot system : fraction | G45: =HLOOKUP(G47, Table_SourceData_Feedlot_MCF[#All], 2, FALSE) -> 0.01
D46: rho | E46: density of methane : kg/m3 | G46: ='Constants - Common'!$D$175 -> 0.6784
D47: i | E47: state | G47: =Common_InputFunctions.Utility_LookupValueInTable('Input - Site'!$E$21,Table_AustralianStates[Common Name],Table_AustralianStates[Abbreviation]) -> NSW
D49: Table_MMS_m-5_T-1
D50: Fraction of manure in primary system drylot
D51: Stage 1 MMS | E51: Domestic | F51: Mid-fed | G51: Long-fed
D52: ='Input - Feedlot'!$D$28 -> Drylot (feed pad) | E52: ='Input - Feedlot'!$E$28 -> 1 | F52: ='Input - Feedlot'!$F$28 -> 1 | G52: ='Input - Feedlot'!$G$28 -> 1 | H52: fraction
D54: M1_Table_M_j_m-5_T-1 | M54: M2_Table_M_j_m-5_T-1
D55: Production of methane stage 1 MMS (Method 1) | M55: Production of methane stage 1 MMS (Method 2)
D56: Stage 1 MMS | E56: Domestic | F56: Mid-fed | G56: Long-fed | M56: Stage 1 MMS | N56: Domestic | O56: Mid-fed | P56: Long-fed
D57: ='Input - Feedlot'!$D$28 -> Drylot (feed pad) | E57: {=MMS_Feedlot_Methane_Equations.VEERG_4_1_1_1__2_Stage1MethaneProductionDrylot(D30,$G$43,E52,$G$45,$G$46)} -> 0.0021394674 | F57: {=MMS_Feedlot_Methane_Equations.VEERG_4_1_1_1__2_Stage1MethaneProductionDrylot(E30,$G$43,F52,$G$45,$G$46)} -> 0.0022217546 | G57: {=MMS_Feedlot_Methane_Equations.VEERG_4_1_1_1__2_Stage1MethaneProductionDrylot(F30,$G$43,G52,$G$45,$G$46)} -> 0.0016868877 | H57: =$E$40 -> kg CH4/head/day | M57: ='Input - Feedlot'!$D$28 -> Drylot (feed pad) | N57: {=MMS_Feedlot_Methane_Equations.VEERG_4_1_1_1__2_Stage1MethaneProductionDrylot(M30,$G$43,E52,$G$45,$G$46)} -> 0.0021394674 | O57: {=MMS_Feedlot_Methane_Equations.VEERG_4_1_1_1__2_Stage1MethaneProductionDrylot(N30,$G$43,F52,$G$45,$G$46)} -> 0.0022217546 | P57: {=MMS_Feedlot_Methane_Equations.VEERG_4_1_1_1__2_Stage1MethaneProductionDrylot(O30,$G$43,G52,$G$45,$G$46)} -> 0.0016868877 | Q57: =$E$40 -> kg CH4/head/day
D58: =IF(ISNUMBER($G$45),"", "⚠️ ALERT: No MCFim5 data provided. Zero is used instead.")
D61: {=MMS_Feedlot_Methane_Equations.VEERG_4_1_1_1__3_Stage2MethaneProduction_Title()} -> Production of methane in treatment stage 2 MMS
D62: {=MMS_Feedlot_Methane_Equations.VEERG_4_1_1_1__3_Stage2MethaneProduction_Source()} -> VEERG 2026: 4.1.1.1, Equation (3)
D63: Function name | E63: {=Common_InputFunctions.Utility_DisplayFunctionName(E93)} -> =MMS_Feedlot_Methane_Equations.VEERG_4_1_1_1__3_Stage2MethaneProduction
D66: Variable | E66: {=MMS_Feedlot_Methane_Equations.VEERG_4_1_1_1__3_Stage2MethaneProduction_Variable()} -> M_jmT2
D67: Unit | E67: {=MMS_Feedlot_Methane_Equations.VEERG_4_1_1_1__3_Stage2MethaneProduction_Unit()} -> kg CH4/head/day
D69: {=MMS_Feedlot_Methane_Equations.VEERG_4_1_1_1__3_Stage2MethaneProduction_Arguments()} -> VSL | E69: fraction of volatile solids lost during storage in the primary system : fraction | G69: ='Constants - Feedlot'!$E$7 -> 0.5
D70: VS_j | E70: volatile solid production from feedlot cattle in each group : kg/head/day | G70: ="See " & $D$27 -> See M1_Table_VS_j
D71: BO | E71: emissions potential : m3 CH4/kg VS | G71: ='Constants - Feedlot'!$E$22 -> 0.19
D72: MMS_mT2 | E72: fraction of manure in each secondary system : fraction | G72: ="See " & D77 -> See Table_MMS_m_T-2 | H72: called MMSjmT2 in N2O calcs
D73: MCF_im | E73: methane conversion factor for temperature zone and MMS : fraction | G73: ="See " & D84 -> See Table_MCF_i_m
D74: rho | E74: density of methane : kg/m3 | G74: ='Constants - Common'!$D$175 -> 0.6784
D75: i | E75: state | G75: =Common_InputFunctions.Utility_LookupValueInTable('Input - Site'!$E$21,Table_AustralianStates[Common Name],Table_AustralianStates[Abbreviation]) -> NSW
D77: Table_MMS_m_T-2
D78: Fraction of manure sent to stage 2 MMS
D79: Stage 1 MMS | E79: Stage 2 MMS | F79: Domestic | G79: Mid-fed | H79: Long-fed
D80: ='Input - Feedlot'!$D$28 -> Drylot (feed pad) | E80: ='Input - Feedlot'!$D$32 -> Solid storage | F80: ='Input - Feedlot'!$E$32 -> 0.2 | G80: ='Input - Feedlot'!$F$32 -> 0.2 | H80: ='Input - Feedlot'!$G$32 -> 0.2 | I80: fraction
D81: ='Input - Feedlot'!$D$28 -> Drylot (feed pad) | E81: ='Input - Feedlot'!$D$33 -> Composting (passive windrow) | F81: ='Input - Feedlot'!$E$34 -> 0.6 | G81: ='Input - Feedlot'!$F$34 -> 0.6 | H81: ='Input - Feedlot'!$G$34 -> 0.6 | I81: fraction
D82: ='Input - Feedlot'!$D$28 -> Drylot (feed pad) | E82: ='Input - Feedlot'!$D$34 -> Direct application | F82: N/A | G82: N/A | H82: N/A | I82: fraction
D84: Table_MCF_i_m
D85: Methane conversion factor for state and MMS
D86: Stage 1 MMS | E86: Stage 2 MMS | F86: MCFim
D87: ='Input - Feedlot'!$D$28 -> Drylot (feed pad) | E87: ='Input - Feedlot'!$D$32 -> Solid storage | F87: {=_xlfn.XLOOKUP($G$75, Table_SourceData_Feedlot_MCF[#Headers], _xlfn.XLOOKUP(E87, Table_SourceData_Feedlot_MCF[NIR definition], Table_SourceData_Feedlot_MCF[]))} -> 0.02 | G87: fraction
D88: ='Input - Feedlot'!$D$28 -> Drylot (feed pad) | E88: ='Input - Feedlot'!$D$33 -> Composting (passive windrow) | F88: {=_xlfn.XLOOKUP($G$75, Table_SourceData_Feedlot_MCF[#Headers], _xlfn.XLOOKUP(E88, Table_SourceData_Feedlot_MCF[NIR definition], Table_SourceData_Feedlot_MCF[]))} -> 0.01 | G88: fraction
D90: M1_Table_M_j_m_T-2 | M90: M2_Table_M_j_m_T-2
D91: Production of methane in stage 2 MMS (Method 1) | M91: Production of methane in stage 2 MMS (Method 2)
D92: Stage 2 MMS | E92: Domestic | F92: Mid-fed | G92: Long-fed | M92: Stage 2 MMS | N92: Domestic | O92: Mid-fed | P92: Long-fed
D93: ='Input - Feedlot'!$D$32 -> Solid storage | E93: {=MMS_Feedlot_Methane_Equations.VEERG_4_1_1_1__3_Stage2MethaneProduction($G$69,D$30,$G$71,F80,$F87,$G$74)} -> 0.00042789347 | F93: {=MMS_Feedlot_Methane_Equations.VEERG_4_1_1_1__3_Stage2MethaneProduction($G$69,E$30,$G$71,G80,$F87,$G$74)} -> 0.00044435091 | G93: {=MMS_Feedlot_Methane_Equations.VEERG_4_1_1_1__3_Stage2MethaneProduction($G$69,F$30,$G$71,H80,$F87,$G$74)} -> 0.00033737755 | H93: =$E$67 -> kg CH4/head/day | M93: ='Input - Feedlot'!$D$32 -> Solid storage | N93: {=MMS_Feedlot_Methane_Equations.VEERG_4_1_1_1__3_Stage2MethaneProduction($G$69,M$30,$G$71,F80,$F87,$G$74)} -> 0.00042789347 | O93: {=MMS_Feedlot_Methane_Equations.VEERG_4_1_1_1__3_Stage2MethaneProduction($G$69,N$30,$G$71,G80,$F87,$G$74)} -> 0.00044435091 | P93: {=MMS_Feedlot_Methane_Equations.VEERG_4_1_1_1__3_Stage2MethaneProduction($G$69,O$30,$G$71,H80,$F87,$G$74)} -> 0.00033737755 | Q93: =$E$67 -> kg CH4/head/day
D94: ='Input - Feedlot'!$D$33 -> Composting (passive windrow) | E94: {=MMS_Feedlot_Methane_Equations.VEERG_4_1_1_1__3_Stage2MethaneProduction($G$69,D$30,$G$71,F81,$F88,$G$74)} -> 0.00064184021 | F94: {=MMS_Feedlot_Methane_Equations.VEERG_4_1_1_1__3_Stage2MethaneProduction($G$69,E$30,$G$71,G81,$F88,$G$74)} -> 0.00066652637 | G94: {=MMS_Feedlot_Methane_Equations.VEERG_4_1_1_1__3_Stage2MethaneProduction($G$69,F$30,$G$71,H81,$F88,$G$74)} -> 0.00050606632 | H94: =$E$67 -> kg CH4/head/day | M94: ='Input - Feedlot'!$D$33 -> Composting (passive windrow) | N94: {=MMS_Feedlot_Methane_Equations.VEERG_4_1_1_1__3_Stage2MethaneProduction($G$69,M$30,$G$71,F81,$F88,$G$74)} -> 0.00064184021 | O94: {=MMS_Feedlot_Methane_Equations.VEERG_4_1_1_1__3_Stage2MethaneProduction($G$69,N$30,$G$71,G81,$F88,$G$74)} -> 0.00066652637 | P94: {=MMS_Feedlot_Methane_Equations.VEERG_4_1_1_1__3_Stage2MethaneProduction($G$69,O$30,$G$71,H81,$F88,$G$74)} -> 0.00050606632 | Q94: =$E$67 -> kg CH4/head/day
D95: ='Input - Feedlot'!$D$34 -> Direct application | E95: N/A | F95: N/A | G95: N/A | H95: =$E$67 -> kg CH4/head/day | M95: ='Input - Feedlot'!$D$34 -> Direct application | N95: N/A | O95: N/A | P95: N/A | Q95: =$E$67 -> kg CH4/head/day
D99: {=MMS_Feedlot_Methane_Equations.VEERG_4_1_1_1__4_Stage3MethaneProductionAnaerobicLagoon_Title()} -> Production of methane in treatment stage 3 MMS
D100: {=MMS_Feedlot_Methane_Equations.VEERG_4_1_1_1__4_Stage3MethaneProductionAnaerobicLagoon_Source()} -> VEERG 2026: 4.1.1.1, Equation (4)
D101: Function name | E101: {=Common_InputFunctions.Utility_DisplayFunctionName(E122)} -> =MMS_Feedlot_Methane_Equations.VEERG_4_1_1_1__4_Stage3MethaneProductionAnaerobicLagoon
D104: Variable | E104: {=MMS_Feedlot_Methane_Equations.VEERG_4_1_1_1__4_Stage3MethaneProductionAnaerobicLagoon_Variable()} -> M_jm1T3
D105: Unit | E105: {=MMS_Feedlot_Methane_Equations.VEERG_4_1_1_1__4_Stage3MethaneProductionAnaerobicLagoon_Unit()} -> kg CH4/head/day
D107: {=MMS_Feedlot_Methane_Equations.VEERG_4_1_1_1__4_Stage3MethaneProductionAnaerobicLagoon_Arguments()} -> VS_j | E107: volatile solid production from feedlot cattle in each group j : kg/head/day | H107: ="See " & $D$27 -> See M1_Table_VS_j
D108: BO | E108: emissions potential : m3 CH4/kg VS | H108: ='Constants - Feedlot'!$E$22 -> 0.19
D109: MMS_m1T3 | E109: fraction of manure to tertiary anaerobic lagoon system : fraction | H109: ="See " & D114 -> See Table_MMS_m-1_T-3
D110: MCF_im1 | E110: methane conversion factor for temperature zone and anaerobic lagoon system : fraction | H110: =HLOOKUP(H112, Table_SourceData_Feedlot_MCF[#All], 6, FALSE) -> 0.75
D111: rho | E111: density of methane : kg/m3 | H111: ='Constants - Common'!$D$175 -> 0.6784
D112: i | E112: state | H112: =Common_InputFunctions.Utility_LookupValueInTable('Input - Site'!$E$21,Table_AustralianStates[Common Name],Table_AustralianStates[Abbreviation]) -> NSW
D114: Table_MMS_m-1_T-3
D115: Fraction of manure sent to tertiary MMS
D116: Stage 3 MMS | E116: Domestic | F116: Mid-fed | G116: Long-fed
D117: ='Input - Feedlot'!$D$38 -> Anaerobic lagoon | E117: ='Input - Feedlot'!E38 -> 0.02 | F117: ='Input - Feedlot'!F38 -> 0.02 | G117: ='Input - Feedlot'!G38 -> 0.02 | H117: fraction
D119: M1_Table_M_j_m-1_T-3 | M119: M2_Table_M_j_m-1_T-3
D120: Production of methane in stage 3 MMS (Method 1) | M120: Production of methane in stage 3 MMS (Method 2)
D121: Stage 3 MMS | E121: Domestic | F121: Mid-fed | G121: Long-fed | M121: Stage 3 MMS | N121: Domestic | O121: Mid-fed | P121: Long-fed
D122: ='Input - Feedlot'!$D$38 -> Anaerobic lagoon | E122: {=MMS_Feedlot_Methane_Equations.VEERG_4_1_1_1__4_Stage3MethaneProductionAnaerobicLagoon(D$30, $H$108,E117,$H$110,$H$111)} -> 0.003209201 | F122: {=MMS_Feedlot_Methane_Equations.VEERG_4_1_1_1__4_Stage3MethaneProductionAnaerobicLagoon(E$30, $H$108,F117,$H$110,$H$111)} -> 0.0033326319 | G122: {=MMS_Feedlot_Methane_Equations.VEERG_4_1_1_1__4_Stage3MethaneProductionAnaerobicLagoon(F$30, $H$108,G117,$H$110,$H$111)} -> 0.0025303316 | H122: =$E$105 -> kg CH4/head/day | M122: ='Input - Feedlot'!$D$38 -> Anaerobic lagoon | N122: {=MMS_Feedlot_Methane_Equations.VEERG_4_1_1_1__4_Stage3MethaneProductionAnaerobicLagoon(M$30, $H$108,E117,$H$110,$H$111)} -> 0.003209201 | O122: {=MMS_Feedlot_Methane_Equations.VEERG_4_1_1_1__4_Stage3MethaneProductionAnaerobicLagoon(N$30, $H$108,F117,$H$110,$H$111)} -> 0.0033326319 | P122: {=MMS_Feedlot_Methane_Equations.VEERG_4_1_1_1__4_Stage3MethaneProductionAnaerobicLagoon(O$30, $H$108,G117,$H$110,$H$111)} -> 0.0025303316 | Q122: =$E$105 -> kg CH4/head/day
D126: {=MMS_Feedlot_Methane_Equations.VEERG_4_1_1_1__1_TotalAnnualMethaneEmissions_Title()} -> Total annual methane emissions from manure management
D127: {=MMS_Feedlot_Methane_Equations.VEERG_4_1_1_1__1_TotalAnnualMethaneEmissions_Source()} -> VEERG 2026: 4.1.1.1, Equation (1)
D128: Function name | E128: {=Common_InputFunctions.Utility_DisplayFunctionName(F161)} -> =MMS_Feedlot_Methane_Equations.VEERG_4_1_1_1__1_TotalAnnualMethaneEmissions
D132: Variable | E132: {=MMS_Feedlot_Methane_Equations.VEERG_4_1_1_1__1_TotalAnnualMethaneEmissions_Variable()} -> E_CH4
D133: Unit | E133: {=MMS_Feedlot_Methane_Equations.VEERG_4_1_1_1__1_TotalAnnualMethaneEmissions_Unit()} -> t CH4
D135: {=MMS_Feedlot_Methane_Equations.VEERG_4_1_1_1__1_TotalAnnualMethaneEmissions_Arguments()} -> D_j | E135: length of stay of each cattle group : days | H135: ="See " & $D$139 -> See Table_D_j
...

Sheet 4.1.1.3-4 Direct N20
A1: #VALUE! | C1: 4.1.1.3-4 Manure Direct N2O
A3: =HYPERLINK("#'Home'!A1", "Home") -> Home | D3: Method 1 | L3: Method 2
A4: =HYPERLINK("#'Results'!A1", "Results") -> Results
D5: {=MMS_Feedlot_N2ODirect_Equations.VEERG_4_1_1_3__5_NitrogenIntake_Title()} -> Nitrogen intake of feedlot cattle
A6: INPUTS | D6: {=MMS_Feedlot_N2ODirect_Equations.VEERG_4_1_1_3__5_NitrogenIntake_Source()} -> VEERG 2026: 4.1.1.3, Equation (5)
A7: =HYPERLINK("#'Input - Site'!A1", "Site") -> Site | D7: Formula name | E7: {=Common_InputFunctions.Utility_DisplayFunctionName(D30)} -> =MMS_Feedlot_N2ODirect_Equations.VEERG_4_1_1_3__5_NitrogenIntake
A8: =HYPERLINK("#'Input - Feedlot'!A1", "Feedlot") -> Feedlot
A10: CALCULATIONS | D10: Variable | E10: {=MMS_Feedlot_N2ODirect_Equations.VEERG_4_1_1_3__5_NitrogenIntake_Variable()} -> NI_j
A11: =HYPERLINK("#'4.1.1.1-2 Methane'!A1", "4.1.1.1-2 Methane") -> 4.1.1.1-2 Methane | D11: Unit | E11: {=MMS_Feedlot_N2ODirect_Equations.VEERG_4_1_1_3__5_NitrogenIntake_Unit()} -> kg N/head/day
A12: =HYPERLINK("#'4.1.1.3-4 Direct N20'!A1", "4.1.1.3-4 Direct N2O") -> 4.1.1.3-4 Direct N2O
A13: =HYPERLINK("#'4.1.1.5-6 Atmos Deposition'!A1", "4.1.1.5-6 Atmospheric deposition") -> 4.1.1.5-6 Atmospheric deposition | D13: {=MMS_Feedlot_N2ODirect_Equations.VEERG_4_1_1_3__5_NitrogenIntake_Arguments()} -> I_j | E13: dry matter intake : kg DM/head/day | G13: ="See " &D17 -> See M1_Table_I_j | H13: Input
A14: =HYPERLINK("#'4.1.1.9 Manure applied to soils'!A1", "4.1.1.9 Manure applied to soils") -> 4.1.1.9 Manure applied to soils | D14: CP_j | E14: crude protein content of feed : fraction | G14: ="See " & D22 -> See M1_Table_CP_j | H14: Input
D15: 6.25 | E15: factor for converting crude protein into nitrogen : ratio | G15: =D15 -> 6.25 | H15: Constant
A16: APPENDICES
A17: =HYPERLINK("#'Constants - Feedlot'!A1", "Constants - Feedlot") -> Constants - Feedlot | D17: M1_Table_I_j | L17: M2_Table_I_j
A18: =HYPERLINK("#'Constants - Livestock'!A1", "Constants - Livestock") -> Constants - Livestock | D18: Dry matter intake (Method 1) | L18: Dry matter intake (Method 2)
A19: =HYPERLINK("#'Constants - Common'!A1", "Constants - Common") -> Constants - Common | D19: Domestic | E19: Mid-fed | F19: Long-fed | L19: Domestic | M19: Mid-fed | N19: Long-fed
A20: =HYPERLINK("#'Acknowledgements'!A1", "Acknowledgements") -> Acknowledgements | D20: ='Input - Feedlot'!$E$14 -> 10.4 | E20: ='Input - Feedlot'!$F$14 -> 10.8 | F20: ='Input - Feedlot'!$G$14 -> 8.2 | G20: kg DM/head/day | L20: ='Input - Feedlot'!$E$20 -> 10.4 | M20: ='Input - Feedlot'!$F$20 -> 10.8 | N20: ='Input - Feedlot'!$G$20 -> 8.2 | O20: kg DM/head/day
D22: M1_Table_CP_j | L22: M2_Table_CP_j
D23: Crude protein content of feed (Method 1) | L23: Crude protein content of feed (Method 2)
D24: Domestic | E24: Mid-fed | F24: Long-fed | L24: Domestic | M24: Mid-fed | N24: Long-fed
D25: ='Input - Feedlot'!$E$16 -> 0.14 | E25: ='Input - Feedlot'!$F$16 -> 0.12 | F25: ='Input - Feedlot'!$G$16 -> 0.12 | G25: fraction | L25: ='Input - Feedlot'!$E$22 -> 0.14 | M25: ='Input - Feedlot'!$F$22 -> 0.12 | N25: ='Input - Feedlot'!$G$22 -> 0.12 | O25: fraction
D27: M1_Table_NI_j | L27: M2_Table_NI_j
D28: Nitrogen intake (Method 1) | L28: Nitrogen intake (Method 2)
D29: Domestic | E29: Mid-fed | F29: Long-fed | L29: Domestic | M29: Mid-fed | N29: Long-fed
D30: {=MMS_Feedlot_N2ODirect_Equations.VEERG_4_1_1_3__5_NitrogenIntake(D20,D25)} -> 0.23296 | E30: {=MMS_Feedlot_N2ODirect_Equations.VEERG_4_1_1_3__5_NitrogenIntake(E20,E25)} -> 0.20736 | F30: {=MMS_Feedlot_N2ODirect_Equations.VEERG_4_1_1_3__5_NitrogenIntake(F20,F25)} -> 0.15744 | G30: =$E$11 -> kg N/head/day | L30: {=MMS_Feedlot_N2ODirect_Equations.VEERG_4_1_1_3__5_NitrogenIntake(L20,L25)} -> 0.23296 | M30: {=MMS_Feedlot_N2ODirect_Equations.VEERG_4_1_1_3__5_NitrogenIntake(M20,M25)} -> 0.20736 | N30: {=MMS_Feedlot_N2ODirect_Equations.VEERG_4_1_1_3__5_NitrogenIntake(N20,N25)} -> 0.15744 | O30: =$E$11 -> kg N/head/day
D34: {=MMS_Feedlot_N2ODirect_Equations.VEERG_4_1_1_3__4_NitrogenExcretionPerHead_Title()} -> Nitrogen excretion per head per day
D35: {=MMS_Feedlot_N2ODirect_Equations.VEERG_4_1_1_3__4_NitrogenExcretionPerHead_Source()} -> VEERG 2026: 4.1.1.3, Equation (4)
D36: Function name | E36: {=Common_InputFunctions.Utility_DisplayFunctionName(D54)} -> =MMS_Feedlot_N2ODirect_Equations.VEERG_4_1_1_3__4_NitrogenExcretionPerHead
D40: Variable | E40: {=MMS_Feedlot_N2ODirect_Equations.VEERG_4_1_1_3__4_NitrogenExcretionPerHead_Variable()} -> NE_j
D41: Unit | E41: {=MMS_Feedlot_N2ODirect_Equations.VEERG_4_1_1_3__4_NitrogenExcretionPerHead_Unit()} -> kg N/head/day
D43: {=MMS_Feedlot_N2ODirect_Equations.VEERG_4_1_1_3__4_NitrogenExcretionPerHead_Arguments()} -> NI_j | E43: nitrogen intake : kg N/head/day | G43: ="See " & D27 -> See M1_Table_NI_j | H43: Input
D44: NR_j | E44: nitrogen retention expressed as a fraction of intake : fraction | G44: ="See " & D46 -> See M1_Table_NR_j | H44: Calculated
D46: M1_Table_NR_j | E46: Percent of intake needs converting to faction of intake before going to equation - needs conversion in equation or change of input unit | L46: M2_Table_NR_j | M46: Percent of intake needs converting to faction of intake before going to equation - needs conversion in equation or change of input unit
D47: Nitrogen retention (Method 1) | L47: Nitrogen retention (Method 2)
D48: Domestic | E48: Mid-fed | F48: Long-fed | L48: Domestic | M48: Mid-fed | N48: Long-fed
D49: ='Input - Feedlot'!$E$17/100 -> 0.204 | E49: ='Input - Feedlot'!$F$17/100 -> 0.127 | F49: ='Input - Feedlot'!$G$17/100 -> 0.07 | G49: Fraction of intake | L49: ='Input - Feedlot'!$E$23/100 -> 0.204 | M49: ='Input - Feedlot'!$F$23/100 -> 0.127 | N49: ='Input - Feedlot'!$G$23/100 -> 0.07 | O49: fraction
D51: M1_Table_NE_j | L51: M2_Table_NE_j
D52: Nitrogen retention (Method 1) | L52: Nitrogen retention (Method 2)
D53: Domestic | E53: Mid-fed | F53: Long-fed | L53: Domestic | M53: Mid-fed | N53: Long-fed
D54: {=MMS_Feedlot_N2ODirect_Equations.VEERG_4_1_1_3__4_NitrogenExcretionPerHead(D30,D49)} -> 0.18543616 | E54: {=MMS_Feedlot_N2ODirect_Equations.VEERG_4_1_1_3__4_NitrogenExcretionPerHead(E30,E49)} -> 0.18102528 | F54: {=MMS_Feedlot_N2ODirect_Equations.VEERG_4_1_1_3__4_NitrogenExcretionPerHead(F30,F49)} -> 0.1464192 | G54: =$E$41 -> kg N/head/day | L54: {=MMS_Feedlot_N2ODirect_Equations.VEERG_4_1_1_3__4_NitrogenExcretionPerHead(L30,L49)} -> 0.18543616 | M54: {=MMS_Feedlot_N2ODirect_Equations.VEERG_4_1_1_3__4_NitrogenExcretionPerHead(M30,M49)} -> 0.18102528 | N54: {=MMS_Feedlot_N2ODirect_Equations.VEERG_4_1_1_3__4_NitrogenExcretionPerHead(N30,N49)} -> 0.1464192 | O54: =$E$41 -> kg N/head/day
D58: {=MMS_Feedlot_N2ODirect_Equations.VEERG_4_1_1_3__3_AnnualNitrogenExcretion_Title()} -> Annual nitrogen excretion from each feedlot cattle group
D59: {=MMS_Feedlot_N2ODirect_Equations.VEERG_4_1_1_3__3_AnnualNitrogenExcretion_Source()} -> VEERG 2026: 4.1.1.3, Equation (3)
D60: Function name | E60: {=Common_InputFunctions.Utility_DisplayFunctionName(D83)} -> =MMS_Feedlot_N2ODirect_Equations.VEERG_4_1_1_3__3_AnnualNitrogenExcretion
D63: Variable | E63: {=MMS_Feedlot_N2ODirect_Equations.VEERG_4_1_1_3__3_AnnualNitrogenExcretion_Variable()} -> AE_j
D64: Unit | E64: {=MMS_Feedlot_N2ODirect_Equations.VEERG_4_1_1_3__3_AnnualNitrogenExcretion_Unit()} -> kg N
D66: {=MMS_Feedlot_N2ODirect_Equations.VEERG_4_1_1_3__3_AnnualNitrogenExcretion_Arguments()} -> N_j | E66: number of cattle in each group : head | G66: ="See " & D70 -> See Table_N_j | H66: Input
D67: NE_j | E67: nitrogen excretion : kg N/head/day | G67: ="See " & D51 -> See M1_Table_NE_j | H67: Calculated
D68: D_j | E68: duration of stay of cattle group : days | G68: ="See " & D75 -> See Table_D_j | H68: Input
D70: Table_N_j
D71: Number of head in each group
D72: Domestic | E72: Mid-fed | F72: Long-fed
D73: ='Input - Feedlot'!$E$8 -> 4300 | E73: ='Input - Feedlot'!$F$8 -> 100 | F73: ='Input - Feedlot'!$G$8 -> 100 | G73: Head
D75: Table_D_j
D76: Duration of stay
D77: Domestic | E77: Mid-fed | F77: Long-fed
D78: ='Input - Feedlot'!$E$9 -> 90 | E78: ='Input - Feedlot'!$F$9 -> 140 | F78: ='Input - Feedlot'!$G$9 -> 250 | G78: Days
D80: M1_Table_AE_j | L80: M2_Table_AE_j
D81: Annual nitrogen excretion (Method 1) | L81: Annual nitrogen excretion (Method 2)
D82: Domestic | E82: Mid-fed | F82: Long-fed | L82: Domestic | M82: Mid-fed | N82: Long-fed
D83: {=MMS_Feedlot_N2ODirect_Equations.VEERG_4_1_1_3__3_AnnualNitrogenExcretion(D73,D54,D78)} -> 71763.794 | E83: {=MMS_Feedlot_N2ODirect_Equations.VEERG_4_1_1_3__3_AnnualNitrogenExcretion(E73,E54,E78)} -> 2534.3539 | F83: {=MMS_Feedlot_N2ODirect_Equations.VEERG_4_1_1_3__3_AnnualNitrogenExcretion(F73,F54,F78)} -> 3660.48 | G83: =$E$64 -> kg N | L83: {=MMS_Feedlot_N2ODirect_Equations.VEERG_4_1_1_3__3_AnnualNitrogenExcretion(D73,L54,D78)} -> 71763.794 | M83: {=MMS_Feedlot_N2ODirect_Equations.VEERG_4_1_1_3__3_AnnualNitrogenExcretion(E73,M54,E78)} -> 2534.3539 | N83: {=MMS_Feedlot_N2ODirect_Equations.VEERG_4_1_1_3__3_AnnualNitrogenExcretion(F73,N54,F78)} -> 3660.48 | O83: =$E$64 -> kg N
D87: {=MMS_Feedlot_N2ODirect_Equations.VEERG_4_1_1_3__2_Stage1NitrogenInMMSDrylot_Title()} -> Nitrogen in treatment stage 1 MMS
D88: {=MMS_Feedlot_N2ODirect_Equations.VEERG_4_1_1_3__2_Stage1NitrogenInMMSDrylot_Source()} -> VEERG 2026: 4.1.1.3, Equation (2)
D89: Function name | E89: {=Common_InputFunctions.Utility_DisplayFunctionName(E106)} -> =MMS_Feedlot_N2ODirect_Equations.VEERG_4_1_1_3__2_Stage1NitrogenInMMSDrylot
D92: Variable | E92: {=MMS_Feedlot_N2ODirect_Equations.VEERG_4_1_1_3__2_Stage1NitrogenInMMSDrylot_Variable()} -> MN_jm5T1
D93: Unit | E93: {=MMS_Feedlot_N2ODirect_Equations.VEERG_4_1_1_3__2_Stage1NitrogenInMMSDrylot_Unit()} -> kg N
D95: {=MMS_Feedlot_N2ODirect_Equations.VEERG_4_1_1_3__2_Stage1NitrogenInMMSDrylot_Arguments()} -> AE_j | E95: total nitrogen excreted by each cattle group : kg N | G95: ="See " & $D$80 -> See M1_Table_AE_j | H95: Calculated
D96: MMS_jm5T1 | E96: fraction of manure in primary system drylot MMS : fraction | G96: ="See " & D98 -> See Table_MMS_j_m-5_T-1 | H96: Input
D98: Table_MMS_j_m-5_T-1
D99: Fraction of manure in primary system drylot
D100: Stage 1 MMS | E100: Domestic | F100: Mid-fed | G100: Long-fed
D101: ='Input - Feedlot'!$D$28 -> Drylot (feed pad) | E101: ='Input - Feedlot'!$E$28 -> 1 | F101: ='Input - Feedlot'!$F$28 -> 1 | G101: ='Input - Feedlot'!$G$28 -> 1 | H101: fraction
D103: M1_Table_MN_j_m-5_T-1 | L103: M2_Table_MN_j_m-5_T-1
D104: Nitrogen in stage 1 MMS (Method 1) | L104: Nitrogen in stage 1 MMS (Method 2)
D105: Stage 1 MMS | E105: Domestic | F105: Mid-fed | G105: Long-fed | L105: Stage 1 MMS | M105: Domestic | N105: Mid-fed | O105: Long-fed
D106: ='Input - Feedlot'!$D$28 -> Drylot (feed pad) | E106: {=MMS_Feedlot_N2ODirect_Equations.VEERG_4_1_1_3__2_Stage1NitrogenInMMSDrylot(D83,E101)} -> 71763.794 | F106: {=MMS_Feedlot_N2ODirect_Equations.VEERG_4_1_1_3__2_Stage1NitrogenInMMSDrylot(E83,F101)} -> 2534.3539 | G106: {=MMS_Feedlot_N2ODirect_Equations.VEERG_4_1_1_3__2_Stage1NitrogenInMMSDrylot(F83,G101)} -> 3660.48 | H106: =$E$93 -> kg N | L106: ='Input - Feedlot'!$D$28 -> Drylot (feed pad) | M106: {=MMS_Feedlot_N2ODirect_Equations.VEERG_4_1_1_3__2_Stage1NitrogenInMMSDrylot(L83,E101)} -> 71763.794 | N106: {=MMS_Feedlot_N2ODirect_Equations.VEERG_4_1_1_3__2_Stage1NitrogenInMMSDrylot(M83,F101)} -> 2534.3539 | O106: {=MMS_Feedlot_N2ODirect_Equations.VEERG_4_1_1_3__2_Stage1NitrogenInMMSDrylot(N83,G101)} -> 3660.48 | P106: =$E$93 -> kg N
D110: {=MMS_Feedlot_N2ODirect_Equations.VEERG_4_1_1_3__8_Stage3NitrogenInMMSAnaerobicLagoon_Title()} -> Nitrogen in treatment stage 3 MMS
D111: {=MMS_Feedlot_N2ODirect_Equations.VEERG_4_1_1_3__8_Stage3NitrogenInMMSAnaerobicLagoon_Source()} -> VEERG 2026: 4.1.1.3, Equation (8)
D112: Function name | E112: {=Common_InputFunctions.Utility_DisplayFunctionName(E138)} -> =MMS_Feedlot_N2ODirect_Equations.VEERG_4_1_1_3__7_NitrogenTransferredToStage2_Variable
D115: Variable | E115: {=MMS_Feedlot_N2ODirect_Equations.VEERG_4_1_1_3__8_Stage3NitrogenInMMSAnaerobicLagoon_Variable()} -> MN_jm1T3
D116: Unit | E116: {=MMS_Feedlot_N2ODirect_Equations.VEERG_4_1_1_3__8_Stage3NitrogenInMMSAnaerobicLagoon_Unit()} -> kg N
D118: {=MMS_Feedlot_N2ODirect_Equations.VEERG_4_1_1_3__8_Stage3NitrogenInMMSAnaerobicLagoon_Arguments()} -> AE_j | E118: total nitrogen excreted by each cattle group : kg N | G118: ="See " & $D$80 -> See M1_Table_AE_j | H118: Calculated
D119: MMS_jm1T3 | E119: fraction of manure to tertiary anaerobic lagoon system : fraction | G119: ="See " & D121 -> See Table_MMS_j_m-1_T-3 | H119: Input
D121: Table_MMS_j_m-1_T-3
D122: Fraction of manure sent to stage 3 MMS
D123: Stage 3 MMS | E123: Domestic | F123: Mid-fed | G123: Long-fed
D124: ='Input - Feedlot'!$D$38 -> Anaerobic lagoon | E124: ='Input - Feedlot'!$E$38 -> 0.02 | F124: ='Input - Feedlot'!$F$38 -> 0.02 | G124: ='Input - Feedlot'!$G$38 -> 0.02 | H124: fraction
D126: M1_Table_MN_j_m-1_T-3 | L126: M2_Table_MN_j_m-1_T-3
D127: Nitrogen in stage 3 MMS (Method 1) | L127: Nitrogen in stage 3 MMS (Method 2)
D128: Stage 3 MMS | E128: Domestic | F128: Mid-fed | G128: Long-fed | L128: Stage 3 MMS | M128: Domestic | N128: Mid-fed | O128: Long-fed
D129: ='Input - Feedlot'!$D$38 -> Anaerobic lagoon | E129: {=MMS_Feedlot_N2ODirect_Equations.VEERG_4_1_1_3__8_Stage3NitrogenInMMSAnaerobicLagoon(D83,E124)} -> 1435.2759 | F129: {=MMS_Feedlot_N2ODirect_Equations.VEERG_4_1_1_3__8_Stage3NitrogenInMMSAnaerobicLagoon(E83,F124)} -> 50.687078 | G129: {=MMS_Feedlot_N2ODirect_Equations.VEERG_4_1_1_3__8_Stage3NitrogenInMMSAnaerobicLagoon(F83,G124)} -> 73.2096 | H129: =$E$116 -> kg N | L129: ='Input - Feedlot'!$D$38 -> Anaerobic lagoon | M129: {=MMS_Feedlot_N2ODirect_Equations.VEERG_4_1_1_3__8_Stage3NitrogenInMMSAnaerobicLagoon(L83,E124)} -> 1435.2759 | N129: {=MMS_Feedlot_N2ODirect_Equations.VEERG_4_1_1_3__8_Stage3NitrogenInMMSAnaerobicLagoon(M83,F124)} -> 50.687078 | O129: {=MMS_Feedlot_N2ODirect_Equations.VEERG_4_1_1_3__8_Stage3NitrogenInMMSAnaerobicLagoon(N83,G124)} -> 73.2096 | P129: =$E$116 -> kg N
D133: {=MMS_Feedlot_N2ODirect_Equations.VEERG_4_1_1_3__7_NitrogenTransferredToStage2_Title()} -> Nitrogen transferred to treatment stage 2 MMS
D134: {=MMS_Feedlot_N2ODirect_Equations.VEERG_4_1_1_3__7_NitrogenTransferredToStage2_Source()} -> VEERG 2026: 4.1.1.3, Equation (7)
D135: Function name | E135: {=Common_InputFunctions.Utility_DisplayFunctionName(D149)} -> =MMS_Feedlot_N2ODirect_Equations.VEERG_4_1_1_3__7_NitrogenTransferredToStage2
D138: Variable | E138: {=MMS_Feedlot_N2ODirect_Equations.VEERG_4_1_1_3__7_NitrogenTransferredToStage2_Variable()} -> NT_jmT2
D139: Unit | E139: {=MMS_Feedlot_N2ODirect_Equations.VEERG_4_1_1_3__7_NitrogenTransferredToStage2_Unit()} -> kg N
D141: {=MMS_Feedlot_N2ODirect_Equations.VEERG_4_1_1_3__7_NitrogenTransferredToStage2_Arguments()} -> MN_jm5T1 | E141: nitrogen in MMS treatment stage 1 : kg N | G141: ="See " & D103 -> See M1_Table_MN_j_m-5_T-1 | H141: Calculated
D142: FracGASM_m5 | E142: fraction of N volatilised from drylot MMS : fraction | G142: ='Constants - Feedlot'!$F$113 -> 0.6 | H142: Constant
D143: EF_m5 | E143: nitrous oxide emission factor for drylot MMS : kg N2O-N/kg N deposited | G143: ='Constants - Feedlot'!$F$101 -> 0.0054 | H143: Constant
D144: MN_jmT3 | E144: nitrogen in MMS treatment stage 3 : kg N | G144: ="See " & D126 -> See M1_Table_MN_j_m-1_T-3 | H144: Calculated
...

Sheet 4.1.1.5-6 Atmos Deposition
A1: #VALUE! | C1: 4.1.1.5-6 Manure Atmospheric Deposition
A3: =HYPERLINK("#'Home'!A1", "Home") -> Home | D3: Method 1 | L3: Method 2
A4: =HYPERLINK("#'Results'!A1", "Results") -> Results
D5: {=MMS_Feedlot_AtmosphericDeposition_Equations.VEERG_4_1_1_5__2_VolatilisedNitrogenFromManureManagement_Title()} -> Volatilised nitrogen from manure management
A6: INPUTS | D6: {=MMS_Feedlot_AtmosphericDeposition_Equations.VEERG_4_1_1_5__2_VolatilisedNitrogenFromManureManagement_Source()} -> VEERG 2026: 4.1.1.5, Equation (2)
A7: =HYPERLINK("#'Input - Site'!A1", "Site") -> Site | D7: Function name | E7: {=Common_InputFunctions.Utility_DisplayFunctionName(E40)} -> =MMS_Feedlot_AtmosphericDeposition_Equations.VEERG_4_1_1_5__2_VolatilisedNitrogenFromManureManagement
A8: =HYPERLINK("#'Input - Feedlot'!A1", "Feedlot") -> Feedlot
A10: CALCULATIONS
A11: =HYPERLINK("#'4.1.1.1-2 Methane'!A1", "4.1.1.1-2 Methane") -> 4.1.1.1-2 Methane | D11: Variable | E11: {=MMS_Feedlot_AtmosphericDeposition_Equations.VEERG_4_1_1_5__2_VolatilisedNitrogenFromManureManagement_Variable()} -> MMS_ATMOS
A12: =HYPERLINK("#'4.1.1.3-4 Direct N20'!A1", "4.1.1.3-4 Direct N2O") -> 4.1.1.3-4 Direct N2O | D12: Unit | E12: {=MMS_Feedlot_AtmosphericDeposition_Equations.VEERG_4_1_1_5__2_VolatilisedNitrogenFromManureManagement_Unit()} -> kg N
A13: =HYPERLINK("#'4.1.1.5-6 Atmos Deposition'!A1", "4.1.1.5-6 Atmospheric deposition") -> 4.1.1.5-6 Atmospheric deposition
A14: =HYPERLINK("#'4.1.1.9 Manure applied to soils'!A1", "4.1.1.9 Manure applied to soils") -> 4.1.1.9 Manure applied to soils | D14: {=MMS_Feedlot_AtmosphericDeposition_Equations.VEERG_4_1_1_5__2_VolatilisedNitrogenFromManureManagement_Arguments()} -> MN_jmT | E14: nitrogen in each treatment stage MMS (excluding MN_ijm13T2) : kg N | G14: ="See " & D20 -> See M1_Table_MN_j_m_T
D15: FracGASM_mT | E15: fraction of N volatilised in each MMS : (kg NH3-N + NOx-N)/kg N | G15: ="See " & D29 -> See Table_FracGASM_m_T-2-3
A16: APPENDICES
A17: =HYPERLINK("#'Constants - Feedlot'!A1", "Constants - Feedlot") -> Constants - Feedlot | D17: Note: Manure that is directly applied to soil after stage 1 is not included in Atmospheric Deposition calculations
A18: =HYPERLINK("#'Constants - Livestock'!A1", "Constants - Livestock") -> Constants - Livestock | D18: and instead is handled in 'Manure applied to soils'.
A19: =HYPERLINK("#'Constants - Common'!A1", "Constants - Common") -> Constants - Common
A20: =HYPERLINK("#'Acknowledgements'!A1", "Acknowledgements") -> Acknowledgements | D20: M1_Table_MN_j_m_T | L20: M2_Table_MN_j_m_T
D21: Nitrogen in each MMS excluding direct application (Method 1) | L21: Nitrogen in each MMS excluding direct application (Method 2)
D22: MMS | E22: Domestic | F22: Mid-fed | G22: Long-fed | L22: MMS | M22: Domestic | N22: Mid-fed | O22: Long-fed
D23: ='Input - Feedlot'!$D$28 -> Drylot (feed pad) | E23: ='4.1.1.3-4 Direct N20'!$E$106 -> 71763.794 | F23: ='4.1.1.3-4 Direct N20'!$F$106 -> 2534.3539 | G23: ='4.1.1.3-4 Direct N20'!$G$106 -> 3660.48 | H23: kg N | L23: ='Input - Feedlot'!$D$28 -> Drylot (feed pad) | M23: ='4.1.1.3-4 Direct N20'!$M$106 -> 71763.794 | N23: ='4.1.1.3-4 Direct N20'!$N$106 -> 2534.3539 | O23: ='4.1.1.3-4 Direct N20'!$O$106 -> 3660.48 | P23: kg N
D24: ='Input - Feedlot'!$D$32 -> Solid storage | E24: ='4.1.1.3-4 Direct N20'!$E$174 -> 5376.5434 | F24: ='4.1.1.3-4 Direct N20'!$F$174 -> 189.8738 | G24: ='4.1.1.3-4 Direct N20'!$G$174 -> 274.24316 | H24: kg N | L24: ='Input - Feedlot'!$D$32 -> Solid storage | M24: ='4.1.1.3-4 Direct N20'!$M$174 -> 5376.5434 | N24: ='4.1.1.3-4 Direct N20'!$N$174 -> 189.8738 | O24: ='4.1.1.3-4 Direct N20'!$O$174 -> 274.24316 | P24: kg N
D25: ='Input - Feedlot'!$D$33 -> Composting (passive windrow) | E25: ='4.1.1.3-4 Direct N20'!$E$175 -> 5376.5434 | F25: ='4.1.1.3-4 Direct N20'!$F$175 -> 189.8738 | G25: ='4.1.1.3-4 Direct N20'!$G$175 -> 274.24316 | H25: kg N | L25: ='Input - Feedlot'!$D$33 -> Composting (passive windrow) | M25: ='4.1.1.3-4 Direct N20'!$M$175 -> 5376.5434 | N25: ='4.1.1.3-4 Direct N20'!$N$175 -> 189.8738 | O25: ='4.1.1.3-4 Direct N20'!$O$175 -> 274.24316 | P25: kg N
D26: ='Input - Feedlot'!$D$34 -> Direct application | E26: N/A | F26: N/A | G26: N/A | H26: kg N | L26: ='Input - Feedlot'!$D$34 -> Direct application | M26: N/A | N26: N/A | O26: N/A | P26: kg N
D27: ='Input - Feedlot'!$D$38 -> Anaerobic lagoon | E27: ='4.1.1.3-4 Direct N20'!$E$129 -> 1435.2759 | F27: ='4.1.1.3-4 Direct N20'!$F$129 -> 50.687078 | G27: ='4.1.1.3-4 Direct N20'!$G$129 -> 73.2096 | H27: kg N | L27: ='Input - Feedlot'!$D$38 -> Anaerobic lagoon | M27: ='4.1.1.3-4 Direct N20'!$M$129 -> 1435.2759 | N27: ='4.1.1.3-4 Direct N20'!$N$129 -> 50.687078 | O27: ='4.1.1.3-4 Direct N20'!$O$129 -> 73.2096 | P27: kg N
D29: Table_FracGASM_m_T-2-3
D30: Fraction of N volatilised in each MMS
D31: MMS | E31: EFjm
D32: ='Input - Feedlot'!$D$28 -> Drylot (feed pad) | E32: =_xlfn.XLOOKUP(D32, Table_SourceData_Feedlot_FracGASMmT[NIR definition], Table_SourceData_Feedlot_FracGASMmT[FracGASMmT]) -> 0.6 | F32: (kg NH3-N + NOx-N)/kg N
D33: ='Input - Feedlot'!$D$32 -> Solid storage | E33: =_xlfn.XLOOKUP(D33, Table_SourceData_Feedlot_FracGASMmT[NIR definition], Table_SourceData_Feedlot_FracGASMmT[FracGASMmT]) -> 0.25 | F33: (kg NH3-N + NOx-N)/kg N
D34: ='Input - Feedlot'!$D$33 -> Composting (passive windrow) | E34: =_xlfn.XLOOKUP(D34, Table_SourceData_Feedlot_FracGASMmT[NIR definition], Table_SourceData_Feedlot_FracGASMmT[FracGASMmT]) -> 0.4 | F34: (kg NH3-N + NOx-N)/kg N
D35: ='Input - Feedlot'!$D$38 -> Anaerobic lagoon | E35: =_xlfn.XLOOKUP(D35, Table_SourceData_Feedlot_FracGASMmT[NIR definition], Table_SourceData_Feedlot_FracGASMmT[FracGASMmT]) -> 0.35 | F35: (kg NH3-N + NOx-N)/kg N
D37: M1_Table_MMS_ATMOS | L37: M1_Table_MMS_ATMOS
D38: Nitrogen in each MMS excluding direct application (Method 1) | L38: Nitrogen in each MMS excluding direct application (Method 1)
D39: MMS | E39: Domestic | F39: Mid-fed | G39: Long-fed | L39: MMS | M39: Domestic | N39: Mid-fed | O39: Long-fed
D40: ='Input - Feedlot'!$D$28 -> Drylot (feed pad) | E40: {=MMS_Feedlot_AtmosphericDeposition_Equations.VEERG_4_1_1_5__2_VolatilisedNitrogenFromManureManagement(E23,$E32)} -> 43058.276 | F40: {=MMS_Feedlot_AtmosphericDeposition_Equations.VEERG_4_1_1_5__2_VolatilisedNitrogenFromManureManagement(F23,$E32)} -> 1520.6124 | G40: {=MMS_Feedlot_AtmosphericDeposition_Equations.VEERG_4_1_1_5__2_VolatilisedNitrogenFromManureManagement(G23,$E32)} -> 2196.288 | H40: =$E$12 -> kg N | L40: ='Input - Feedlot'!$D$28 -> Drylot (feed pad) | M40: {=MMS_Feedlot_AtmosphericDeposition_Equations.VEERG_4_1_1_5__2_VolatilisedNitrogenFromManureManagement(M23,$E32)} -> 43058.276 | N40: {=MMS_Feedlot_AtmosphericDeposition_Equations.VEERG_4_1_1_5__2_VolatilisedNitrogenFromManureManagement(N23,$E32)} -> 1520.6124 | O40: {=MMS_Feedlot_AtmosphericDeposition_Equations.VEERG_4_1_1_5__2_VolatilisedNitrogenFromManureManagement(O23,$E32)} -> 2196.288 | P40: kg N
D41: ='Input - Feedlot'!$D$32 -> Solid storage | E41: {=MMS_Feedlot_AtmosphericDeposition_Equations.VEERG_4_1_1_5__2_VolatilisedNitrogenFromManureManagement(E24,$E33)} -> 1344.1359 | F41: {=MMS_Feedlot_AtmosphericDeposition_Equations.VEERG_4_1_1_5__2_VolatilisedNitrogenFromManureManagement(F24,$E33)} -> 47.468449 | G41: {=MMS_Feedlot_AtmosphericDeposition_Equations.VEERG_4_1_1_5__2_VolatilisedNitrogenFromManureManagement(G24,$E33)} -> 68.56079 | H41: =$E$12 -> kg N | L41: ='Input - Feedlot'!$D$32 -> Solid storage | M41: {=MMS_Feedlot_AtmosphericDeposition_Equations.VEERG_4_1_1_5__2_VolatilisedNitrogenFromManureManagement(M24,$E33)} -> 1344.1359 | N41: {=MMS_Feedlot_AtmosphericDeposition_Equations.VEERG_4_1_1_5__2_VolatilisedNitrogenFromManureManagement(N24,$E33)} -> 47.468449 | O41: {=MMS_Feedlot_AtmosphericDeposition_Equations.VEERG_4_1_1_5__2_VolatilisedNitrogenFromManureManagement(O24,$E33)} -> 68.56079 | P41: kg N
D42: ='Input - Feedlot'!$D$33 -> Composting (passive windrow) | E42: {=MMS_Feedlot_AtmosphericDeposition_Equations.VEERG_4_1_1_5__2_VolatilisedNitrogenFromManureManagement(E25,$E34)} -> 2150.6174 | F42: {=MMS_Feedlot_AtmosphericDeposition_Equations.VEERG_4_1_1_5__2_VolatilisedNitrogenFromManureManagement(F25,$E34)} -> 75.949518 | G42: {=MMS_Feedlot_AtmosphericDeposition_Equations.VEERG_4_1_1_5__2_VolatilisedNitrogenFromManureManagement(G25,$E34)} -> 109.69726 | H42: =$E$12 -> kg N | L42: ='Input - Feedlot'!$D$33 -> Composting (passive windrow) | M42: {=MMS_Feedlot_AtmosphericDeposition_Equations.VEERG_4_1_1_5__2_VolatilisedNitrogenFromManureManagement(M25,$E34)} -> 2150.6174 | N42: {=MMS_Feedlot_AtmosphericDeposition_Equations.VEERG_4_1_1_5__2_VolatilisedNitrogenFromManureManagement(N25,$E34)} -> 75.949518 | O42: {=MMS_Feedlot_AtmosphericDeposition_Equations.VEERG_4_1_1_5__2_VolatilisedNitrogenFromManureManagement(O25,$E34)} -> 109.69726 | P42: kg N
D43: ='Input - Feedlot'!$D$34 -> Direct application | E43: N/A | F43: N/A | G43: N/A | H43: =$E$12 -> kg N | L43: ='Input - Feedlot'!$D$34 -> Direct application | M43: N/A | N43: N/A | O43: N/A | P43: =$E$12 -> kg N
D44: ='Input - Feedlot'!$D$38 -> Anaerobic lagoon | E44: {=MMS_Feedlot_AtmosphericDeposition_Equations.VEERG_4_1_1_5__2_VolatilisedNitrogenFromManureManagement(E27,$E35)} -> 502.34656 | F44: {=MMS_Feedlot_AtmosphericDeposition_Equations.VEERG_4_1_1_5__2_VolatilisedNitrogenFromManureManagement(F27,$E35)} -> 17.740477 | G44: {=MMS_Feedlot_AtmosphericDeposition_Equations.VEERG_4_1_1_5__2_VolatilisedNitrogenFromManureManagement(G27,$E35)} -> 25.62336 | H44: =$E$12 -> kg N | L44: ='Input - Feedlot'!$D$38 -> Anaerobic lagoon | M44: {=MMS_Feedlot_AtmosphericDeposition_Equations.VEERG_4_1_1_5__2_VolatilisedNitrogenFromManureManagement(M27,$E35)} -> 502.34656 | N44: {=MMS_Feedlot_AtmosphericDeposition_Equations.VEERG_4_1_1_5__2_VolatilisedNitrogenFromManureManagement(N27,$E35)} -> 17.740477 | O44: {=MMS_Feedlot_AtmosphericDeposition_Equations.VEERG_4_1_1_5__2_VolatilisedNitrogenFromManureManagement(O27,$E35)} -> 25.62336 | P44: kg N
D46: MMSATMOS | E46: =SUM(E40:G44) -> 51117.316 | F46: =$E$12 -> kg N | L46: MMSATMOS | M46: =SUM(M40:O44) -> 51117.316 | N46: =$E$12 -> kg N
D50: {=MMS_Feedlot_AtmosphericDeposition_Equations.VEERG_4_1_1_5__1_TotalAnnualAtmosphericDepositionEmissions_Title()} -> Total annual atmospheric deposition emissions from manure management
D51: {=MMS_Feedlot_AtmosphericDeposition_Equations.VEERG_4_1_1_5__1_TotalAnnualAtmosphericDepositionEmissions_Source()} -> VEERG 2026: 4.1.1.5, Equation (1)
D52: Function name | E52: {=Common_InputFunctions.Utility_DisplayFunctionName(E65)} -> =MMS_Feedlot_AtmosphericDeposition_Equations.VEERG_4_1_1_5__1_TotalAnnualAtmosphericDepositionEmissions
D55: Variable | E55: {=MMS_Feedlot_AtmosphericDeposition_Equations.VEERG_4_1_1_5__1_TotalAnnualAtmosphericDepositionEmissions_Variable()} -> E_N2Oad
D56: Unit | E56: {=MMS_Feedlot_AtmosphericDeposition_Equations.VEERG_4_1_1_5__1_TotalAnnualAtmosphericDepositionEmissions_Unit()} -> t N2O
D58: {=MMS_Feedlot_AtmosphericDeposition_Equations.VEERG_4_1_1_5__1_TotalAnnualAtmosphericDepositionEmissions_Arguments()} -> MMS_ATMOS | E58: mass of N volatilised from MMS : kg N | G58: =$E$46 -> 51117.316 | L58: {=MMS_Feedlot_AtmosphericDeposition_Equations.VEERG_4_1_1_5__1_TotalAnnualAtmosphericDepositionEmissions_Arguments()} -> MMS_ATMOS | M58: mass of N volatilised from MMS : kg N | O58: =$M$46 -> 51117.316
D59: EF_N2O | E59: nitrous oxide emission factor for atmospheric deposition : kg N2O-N/kg N | G59: =Common_InputFunctions.Utility_LookupN2OEFFromProdIrrigationRainfall($G$61,$G$62,$G$63,Table_SourceData_Common_EFN2O[Production system only],Table_SourceData_Common_EFN2O[Irrigation method],Table_SourceData_Common_EFN2O[Rainfall zone],Table_SourceData_Common_EFN2O[EFN2O]) -> 0.0018 | H59: lacking subscripts | L59: EF_N2O | M59: nitrous oxide emission factor for atmospheric deposition : kg N2O-N/kg N | O59: =Common_InputFunctions.Utility_LookupN2OEFFromProdIrrigationRainfall($G$61,$G$62,$G$63,Table_SourceData_Common_EFN2O[Production system only],Table_SourceData_Common_EFN2O[Irrigation method],Table_SourceData_Common_EFN2O[Rainfall zone],Table_SourceData_Common_EFN2O[EFN2O]) -> 0.0018
D60: C_N2O | E60: factor to convert elemental mass of nitrous oxide to molecular mass : ratio | G60: =Common_InputFunctions.Utility_LookupValueInTableNumber("N2O",Table_GasToMolecularConversionFactor[Gas],Table_GasToMolecularConversionFactor[Conversion factor combined]) -> 1.5714286 | L60: C_N2O | M60: factor to convert elemental mass of nitrous oxide to molecular mass : ratio | O60: =Common_InputFunctions.Utility_LookupValueInTableNumber("N2O",Table_GasToMolecularConversionFactor[Gas],Table_GasToMolecularConversionFactor[Conversion factor combined]) -> 1.5714286
D61: j | E61: production system | G61: ='Input - Feedlot'!$E$41 -> Pasture | L61: j | M61: production system | O61: ='Input - Feedlot'!$E$41 -> Pasture
D62: i | E62: irrigation method | G62: ='Input - Feedlot'!$E$42 -> Not irrigated | L62: i | M62: irrigation method | O62: ='Input - Feedlot'!$E$42 -> Not irrigated
D63: r | E63: rainfall zone | G63: ='Input - Site'!$E$30 -> High rainfall | L63: r | M63: rainfall zone | O63: ='Input - Site'!$E$30 -> High rainfall
D65: EN2O,ad | E65: {=MMS_Feedlot_AtmosphericDeposition_Equations.VEERG_4_1_1_5__1_TotalAnnualAtmosphericDepositionEmissions(G58,G59,G60)} -> 0.14458898 | F65: =$E$56 -> t N2O | L65: EN2O,ad | M65: {=MMS_Feedlot_AtmosphericDeposition_Equations.VEERG_4_1_1_5__1_TotalAnnualAtmosphericDepositionEmissions(O58,O59,O60)} -> 0.14458898 | N65: =$E$56 -> t N2O
D67: {=Common_Equations.Common_ConvertN2OToCO2e_Arguments()} -> EN2O | E67: Nitrous oxide emissions (t N2O) | G67: =E65 -> 0.14458898 | L67: {=Common_Equations.Common_ConvertN2OToCO2e_Arguments()} -> EN2O | M67: Nitrous oxide emissions (t N2O) | O67: =M65 -> 0.14458898
D68: GWPN2O | E68: Global warming potential for nitrous oxide (t CO2-e / t N2O) | G68: =Common_InputFunctions.Utility_LookupValueInTableNumber("N2O",Table_GWPData[Gas],Table_GWPData[CO2-e factor]) -> 265 | L68: GWPN2O | M68: Global warming potential for nitrous oxide (t CO2-e / t N2O) | O68: =Common_InputFunctions.Utility_LookupValueInTableNumber("N2O",Table_GWPData[Gas],Table_GWPData[CO2-e factor]) -> 265
D70: ECO2e | E70: {=Common_Equations.Common_ConvertN2OToCO2e(G67,G68)} -> 38.31608 | F70: {=Common_Equations.Common_ConvertN2OToCO2e_Unit()} -> t CO2e | L70: ECO2e | M70: {=Common_Equations.Common_ConvertN2OToCO2e(O67,O68)} -> 38.31608 | N70: {=Common_Equations.Common_ConvertN2OToCO2e_Unit()} -> t CO2e

Sheet 4.1.1.9 Manure applied to soils
A1: #VALUE! | C1: 4.1.1.9 Manure applied to soils
A3: =HYPERLINK("#'Home'!A1", "Home") -> Home | D3: Method 1 | L3: Method 2
A4: =HYPERLINK("#'Results'!A1", "Results") -> Results
D5: {=MMS_Feedlot_ManureAppliedToSoils_Equations.VEERG_4_1_1_9__1_MassOfNitrogenAppliedToSoilsScope1_Title()} -> Mass of nitrogen applied to soils for scope 1 emissions
A6: INPUTS | D6: {=MMS_Feedlot_ManureAppliedToSoils_Equations.VEERG_4_1_1_9__1_MassOfNitrogenAppliedToSoilsScope1_Source()} -> VEERG 2026: 4.1.1.9, Equation (1)
A7: =HYPERLINK("#'Input - Site'!A1", "Site") -> Site | D7: Function name | E7: {=Common_InputFunctions.Utility_DisplayFunctionName(E56)} -> =MMS_Feedlot_ManureAppliedToSoils_Equations.VEERG_4_1_1_9__1_MassOfNitrogenAppliedToSoilsScope1
A8: =HYPERLINK("#'Input - Feedlot'!A1", "Feedlot") -> Feedlot
A10: CALCULATIONS
A11: =HYPERLINK("#'4.1.1.1-2 Methane'!A1", "4.1.1.1-2 Methane") -> 4.1.1.1-2 Methane | D11: Variable | E11: {=MMS_Feedlot_ManureAppliedToSoils_Equations.VEERG_4_1_1_9__1_MassOfNitrogenAppliedToSoilsScope1_Variable()} -> MNSoil_scope1
A12: =HYPERLINK("#'4.1.1.3-4 Direct N20'!A1", "4.1.1.3-4 Direct N2O") -> 4.1.1.3-4 Direct N2O | D12: Unit | E12: {=MMS_Feedlot_ManureAppliedToSoils_Equations.VEERG_4_1_1_9__1_MassOfNitrogenAppliedToSoilsScope1_Unit()} -> kg N
A13: =HYPERLINK("#'4.1.1.5-6 Atmos Deposition'!A1", "4.1.1.5-6 Atmospheric deposition") -> 4.1.1.5-6 Atmospheric deposition
A14: =HYPERLINK("#'4.1.1.9 Manure applied to soils'!A1", "4.1.1.9 Manure applied to soils") -> 4.1.1.9 Manure applied to soils | D14: {=MMS_Feedlot_ManureAppliedToSoils_Equations.VEERG_4_1_1_9__1_MassOfNitrogenAppliedToSoilsScope1_Arguments()} -> MN_jmT23 | E14: mass of N in secondary and tertiary treatment MMS stages as calculated for manure management : kg N | H14: ="See " & $D$19 -> See M1_Table_MN_j_m_T-2-3
D15: EF_mT23 | E15: nitrous oxide emission factor for each MMS : kg N2O-N/kg N | H15: ="See " & $D$27 -> See Table_EF_j_m_T-2-3
A16: APPENDICES | D16: FracGASM_mT23 | E16: fraction of animal waste N volatilised in each MMS for each cattle group : (kg NH3-N + NOx-N)/kg N | H16: ="See " & $D$36 -> See Table_FracGASM_m_T-2-3
A17: =HYPERLINK("#'Constants - Feedlot'!A1", "Constants - Feedlot") -> Constants - Feedlot | D17: PF | E17: fraction of manure applied to soil within the feedlot boundary : fraction | H17: ="See " & $D$45 -> See Table_PF
A18: =HYPERLINK("#'Constants - Livestock'!A1", "Constants - Livestock") -> Constants - Livestock
A19: =HYPERLINK("#'Constants - Common'!A1", "Constants - Common") -> Constants - Common | D19: M1_Table_MN_j_m_T-2-3 | L19: M2_Table_MN_j_m_T-2-3
A20: =HYPERLINK("#'Acknowledgements'!A1", "Acknowledgements") -> Acknowledgements | D20: Mass on N in stage 2 and 3 MMS (Method 1) | L20: Mass on N in stage 2 and 3 MMS (Method 2)
D21: MMS | E21: Domestic | F21: Mid-fed | G21: Long-fed | L21: MMS | M21: Domestic | N21: Mid-fed | O21: Long-fed
D22: ='Input - Feedlot'!$D$32 -> Solid storage | E22: ='4.1.1.3-4 Direct N20'!$E$174 -> 5376.5434 | F22: ='4.1.1.3-4 Direct N20'!$F$174 -> 189.8738 | G22: ='4.1.1.3-4 Direct N20'!$G$174 -> 274.24316 | H22: kg N | L22: ='Input - Feedlot'!$D$32 -> Solid storage | M22: ='4.1.1.3-4 Direct N20'!$M$174 -> 5376.5434 | N22: ='4.1.1.3-4 Direct N20'!$N$174 -> 189.8738 | O22: ='4.1.1.3-4 Direct N20'!$O$174 -> 274.24316 | P22: kg N
D23: ='Input - Feedlot'!$D$33 -> Composting (passive windrow) | E23: ='4.1.1.3-4 Direct N20'!$E$175 -> 5376.5434 | F23: ='4.1.1.3-4 Direct N20'!$F$175 -> 189.8738 | G23: ='4.1.1.3-4 Direct N20'!$G$175 -> 274.24316 | H23: kg N | L23: ='Input - Feedlot'!$D$33 -> Composting (passive windrow) | M23: ='4.1.1.3-4 Direct N20'!$M$175 -> 5376.5434 | N23: ='4.1.1.3-4 Direct N20'!$N$175 -> 189.8738 | O23: ='4.1.1.3-4 Direct N20'!$O$175 -> 274.24316 | P23: kg N
D24: ='Input - Feedlot'!$D$34 -> Direct application | E24: ='4.1.1.3-4 Direct N20'!$E$176 -> 16129.63 | F24: ='4.1.1.3-4 Direct N20'!$F$176 -> 569.62139 | G24: ='4.1.1.3-4 Direct N20'!$G$176 -> 822.72948 | L24: ='Input - Feedlot'!$D$34 -> Direct application | M24: ='4.1.1.3-4 Direct N20'!$M$176 -> 16129.63 | N24: ='4.1.1.3-4 Direct N20'!$N$176 -> 569.62139 | O24: ='4.1.1.3-4 Direct N20'!$O$176 -> 822.72948 | P24: kg N
D25: ='Input - Feedlot'!$D$38 -> Anaerobic lagoon | E25: ='4.1.1.3-4 Direct N20'!$E$129 -> 1435.2759 | F25: ='4.1.1.3-4 Direct N20'!$F$129 -> 50.687078 | G25: ='4.1.1.3-4 Direct N20'!$G$129 -> 73.2096 | H25: kg N | L25: ='Input - Feedlot'!$D$38 -> Anaerobic lagoon | M25: ='4.1.1.3-4 Direct N20'!$M$129 -> 1435.2759 | N25: ='4.1.1.3-4 Direct N20'!$N$129 -> 50.687078 | O25: ='4.1.1.3-4 Direct N20'!$O$129 -> 73.2096 | P25: kg N
D27: Table_EF_j_m_T-2-3
D28: EFs for MMS
D29: MMS | E29: EFjm
D30: ='Input - Feedlot'!$D$28 -> Drylot (feed pad) | E30: =_xlfn.XLOOKUP(D30, Table_SourceData_Feedlot_NO2EFs[NIR definition], Table_SourceData_Feedlot_NO2EFs[EF mT]) -> 0.0054 | F30: kg N2O/kg N
D31: ='Input - Feedlot'!$D$32 -> Solid storage | E31: =_xlfn.XLOOKUP($D$31, Table_SourceData_Feedlot_NO2EFs[NIR definition], Table_SourceData_Feedlot_NO2EFs[EF mT]) -> 0.005 | F31: kg N2O/kg N
D32: ='Input - Feedlot'!$D$33 -> Composting (passive windrow) | E32: =_xlfn.XLOOKUP($D$32, Table_SourceData_Feedlot_NO2EFs[NIR definition], Table_SourceData_Feedlot_NO2EFs[EF mT]) -> 0.01 | F32: kg N2O/kg N
D33: Direct application | E33: =_xlfn.XLOOKUP($D$33, Table_SourceData_Feedlot_NO2EFs[NIR definition], Table_SourceData_Feedlot_NO2EFs[EF mT]) -> 0 | F33: kg N2O/kg N
D34: ='Input - Feedlot'!$D$38 -> Anaerobic lagoon | E34: =_xlfn.XLOOKUP($D$34, Table_SourceData_Feedlot_NO2EFs[NIR definition], Table_SourceData_Feedlot_NO2EFs[EF mT]) -> 0 | F34: kg N2O/kg N
D36: Table_FracGASM_m_T-2-3
D37: Fraction of N volatilised in each MMS
D38: MMS | E38: EFjm
D39: ='Input - Feedlot'!$D$28 -> Drylot (feed pad) | E39: =_xlfn.XLOOKUP(D39, Table_SourceData_Feedlot_FracGASMmT[NIR definition], Table_SourceData_Feedlot_FracGASMmT[FracGASMmT]) -> 0.6 | F39: (kg NH3-N + NOx-N)/kg N
D40: ='Input - Feedlot'!$D$32 -> Solid storage | E40: =_xlfn.XLOOKUP(D40, Table_SourceData_Feedlot_FracGASMmT[NIR definition], Table_SourceData_Feedlot_FracGASMmT[FracGASMmT]) -> 0.25 | F40: (kg NH3-N + NOx-N)/kg N
D41: ='Input - Feedlot'!$D$33 -> Composting (passive windrow) | E41: =_xlfn.XLOOKUP(D41, Table_SourceData_Feedlot_FracGASMmT[NIR definition], Table_SourceData_Feedlot_FracGASMmT[FracGASMmT]) -> 0.4 | F41: (kg NH3-N + NOx-N)/kg N
D42: ='Input - Feedlot'!$D$34 -> Direct application | E42: =_xlfn.XLOOKUP(D42, Table_SourceData_Feedlot_FracGASMmT[NIR definition], Table_SourceData_Feedlot_FracGASMmT[FracGASMmT]) -> 0 | F42: (kg NH3-N + NOx-N)/kg N
D43: ='Input - Feedlot'!$D$38 -> Anaerobic lagoon | E43: =_xlfn.XLOOKUP(D43, Table_SourceData_Feedlot_FracGASMmT[NIR definition], Table_SourceData_Feedlot_FracGASMmT[FracGASMmT]) -> 0.35 | F43: (kg NH3-N + NOx-N)/kg N
D45: Table_PF
D46: Fraction of manure applied to soil from MMS
D47: MMS | E47: PF
D48: ='Input - Feedlot'!$D$32 -> Solid storage | E48: ='Input - Feedlot'!J32+'Input - Feedlot'!K32 -> 0.75 | F48: fraction
D49: ='Input - Feedlot'!$D$33 -> Composting (passive windrow) | E49: ='Input - Feedlot'!J33+'Input - Feedlot'!K33 -> 0.75 | F49: fraction
D50: ='Input - Feedlot'!$D$34 -> Direct application | E50: ='Input - Feedlot'!J34+'Input - Feedlot'!K34 -> 1 | F50: fraction
D51: ='Input - Feedlot'!$D$38 -> Anaerobic lagoon | E51: ='Input - Feedlot'!J38+'Input - Feedlot'!K38 -> 0.75 | F51: fraction
D53: M1_Table_MNSoil_scope1 | L53: M2_Table_MNSoil_scope1
D54: Mass of N applied to soils (Method 1) | L54: Mass of N applied to soils (Method 2)
D55: MMS | E55: Domestic | F55: Mid-fed | G55: Long-fed | L55: MMS | M55: Domestic | N55: Mid-fed | O55: Long-fed
D56: ='Input - Feedlot'!$D$32 -> Solid storage | E56: {=MMS_Feedlot_ManureAppliedToSoils_Equations.VEERG_4_1_1_9__1_MassOfNitrogenAppliedToSoilsScope1(E22,_xlfn.XLOOKUP($D56,$D$30:$D$34,$E$30:$E$34),_xlfn.XLOOKUP($D56,$D$39:$D$43,$E$39:$E$43),$E48)} -> 3004.1436 | F56: {=MMS_Feedlot_ManureAppliedToSoils_Equations.VEERG_4_1_1_9__1_MassOfNitrogenAppliedToSoilsScope1(F22,_xlfn.XLOOKUP($D56,$D$30:$D$34,$E$30:$E$34),_xlfn.XLOOKUP($D56,$D$39:$D$43,$E$39:$E$43),$E48)} -> 106.09198 | G56: {=MMS_Feedlot_ManureAppliedToSoils_Equations.VEERG_4_1_1_9__1_MassOfNitrogenAppliedToSoilsScope1(G22,_xlfn.XLOOKUP($D56,$D$30:$D$34,$E$30:$E$34),_xlfn.XLOOKUP($D56,$D$39:$D$43,$E$39:$E$43),$E48)} -> 153.23337 | H56: =$E$12 -> kg N | L56: ='Input - Feedlot'!$D$32 -> Solid storage | M56: {=MMS_Feedlot_ManureAppliedToSoils_Equations.VEERG_4_1_1_9__1_MassOfNitrogenAppliedToSoilsScope1(M22,_xlfn.XLOOKUP($L56,$D$30:$D$34,$E$30:$E$34),_xlfn.XLOOKUP($L56,$D$39:$D$43,$E$39:$E$43),$E48)} -> 3004.1436 | N56: {=MMS_Feedlot_ManureAppliedToSoils_Equations.VEERG_4_1_1_9__1_MassOfNitrogenAppliedToSoilsScope1(N22,_xlfn.XLOOKUP($L56,$D$30:$D$34,$E$30:$E$34),_xlfn.XLOOKUP($L56,$D$39:$D$43,$E$39:$E$43),$E48)} -> 106.09198 | O56: {=MMS_Feedlot_ManureAppliedToSoils_Equations.VEERG_4_1_1_9__1_MassOfNitrogenAppliedToSoilsScope1(O22,_xlfn.XLOOKUP($L56,$D$30:$D$34,$E$30:$E$34),_xlfn.XLOOKUP($L56,$D$39:$D$43,$E$39:$E$43),$E48)} -> 153.23337 | P56: =$E$12 -> kg N
D57: ='Input - Feedlot'!$D$33 -> Composting (passive windrow) | E57: {=MMS_Feedlot_ManureAppliedToSoils_Equations.VEERG_4_1_1_9__1_MassOfNitrogenAppliedToSoilsScope1(E23,_xlfn.XLOOKUP($D57,$D$30:$D$34,$E$30:$E$34),_xlfn.XLOOKUP($D57,$D$39:$D$43,$E$39:$E$43),$E49)} -> 2379.1205 | F57: {=MMS_Feedlot_ManureAppliedToSoils_Equations.VEERG_4_1_1_9__1_MassOfNitrogenAppliedToSoilsScope1(F23,_xlfn.XLOOKUP($D57,$D$30:$D$34,$E$30:$E$34),_xlfn.XLOOKUP($D57,$D$39:$D$43,$E$39:$E$43),$E49)} -> 84.019155 | G57: {=MMS_Feedlot_ManureAppliedToSoils_Equations.VEERG_4_1_1_9__1_MassOfNitrogenAppliedToSoilsScope1(G23,_xlfn.XLOOKUP($D57,$D$30:$D$34,$E$30:$E$34),_xlfn.XLOOKUP($D57,$D$39:$D$43,$E$39:$E$43),$E49)} -> 121.3526 | H57: =$E$12 -> kg N | L57: ='Input - Feedlot'!$D$33 -> Composting (passive windrow) | M57: {=MMS_Feedlot_ManureAppliedToSoils_Equations.VEERG_4_1_1_9__1_MassOfNitrogenAppliedToSoilsScope1(M23,_xlfn.XLOOKUP($L57,$D$30:$D$34,$E$30:$E$34),_xlfn.XLOOKUP($L57,$D$39:$D$43,$E$39:$E$43),$E49)} -> 2379.1205 | N57: {=MMS_Feedlot_ManureAppliedToSoils_Equations.VEERG_4_1_1_9__1_MassOfNitrogenAppliedToSoilsScope1(N23,_xlfn.XLOOKUP($L57,$D$30:$D$34,$E$30:$E$34),_xlfn.XLOOKUP($L57,$D$39:$D$43,$E$39:$E$43),$E49)} -> 84.019155 | O57: {=MMS_Feedlot_ManureAppliedToSoils_Equations.VEERG_4_1_1_9__1_MassOfNitrogenAppliedToSoilsScope1(O23,_xlfn.XLOOKUP($L57,$D$30:$D$34,$E$30:$E$34),_xlfn.XLOOKUP($L57,$D$39:$D$43,$E$39:$E$43),$E49)} -> 121.3526 | P57: =$E$12 -> kg N
D58: ='Input - Feedlot'!$D$34 -> Direct application | E58: {=MMS_Feedlot_ManureAppliedToSoils_Equations.VEERG_4_1_1_9__1_MassOfNitrogenAppliedToSoilsScope1(E24,_xlfn.XLOOKUP($D58,$D$30:$D$34,$E$30:$E$34),_xlfn.XLOOKUP($D58,$D$39:$D$43,$E$39:$E$43),$E50)} -> 16129.63 | F58: {=MMS_Feedlot_ManureAppliedToSoils_Equations.VEERG_4_1_1_9__1_MassOfNitrogenAppliedToSoilsScope1(F24,_xlfn.XLOOKUP($D58,$D$30:$D$34,$E$30:$E$34),_xlfn.XLOOKUP($D58,$D$39:$D$43,$E$39:$E$43),$E50)} -> 569.62139 | G58: {=MMS_Feedlot_ManureAppliedToSoils_Equations.VEERG_4_1_1_9__1_MassOfNitrogenAppliedToSoilsScope1(G24,_xlfn.XLOOKUP($D58,$D$30:$D$34,$E$30:$E$34),_xlfn.XLOOKUP($D58,$D$39:$D$43,$E$39:$E$43),$E50)} -> 822.72948 | H58: =$E$12 -> kg N | L58: ='Input - Feedlot'!$D$34 -> Direct application | M58: {=MMS_Feedlot_ManureAppliedToSoils_Equations.VEERG_4_1_1_9__1_MassOfNitrogenAppliedToSoilsScope1(M24,_xlfn.XLOOKUP($L58,$D$30:$D$34,$E$30:$E$34),_xlfn.XLOOKUP($L58,$D$39:$D$43,$E$39:$E$43),$E50)} -> 16129.63 | N58: {=MMS_Feedlot_ManureAppliedToSoils_Equations.VEERG_4_1_1_9__1_MassOfNitrogenAppliedToSoilsScope1(N24,_xlfn.XLOOKUP($L58,$D$30:$D$34,$E$30:$E$34),_xlfn.XLOOKUP($L58,$D$39:$D$43,$E$39:$E$43),$E50)} -> 569.62139 | O58: {=MMS_Feedlot_ManureAppliedToSoils_Equations.VEERG_4_1_1_9__1_MassOfNitrogenAppliedToSoilsScope1(O24,_xlfn.XLOOKUP($L58,$D$30:$D$34,$E$30:$E$34),_xlfn.XLOOKUP($L58,$D$39:$D$43,$E$39:$E$43),$E50)} -> 822.72948 | P58: =$E$12 -> kg N
D59: ='Input - Feedlot'!$D$38 -> Anaerobic lagoon | E59: {=MMS_Feedlot_ManureAppliedToSoils_Equations.VEERG_4_1_1_9__1_MassOfNitrogenAppliedToSoilsScope1(E25,_xlfn.XLOOKUP($D59,$D$30:$D$34,$E$30:$E$34),_xlfn.XLOOKUP($D59,$D$39:$D$43,$E$39:$E$43),$E51)} -> 699.69699 | F59: {=MMS_Feedlot_ManureAppliedToSoils_Equations.VEERG_4_1_1_9__1_MassOfNitrogenAppliedToSoilsScope1(F25,_xlfn.XLOOKUP($D59,$D$30:$D$34,$E$30:$E$34),_xlfn.XLOOKUP($D59,$D$39:$D$43,$E$39:$E$43),$E51)} -> 24.709951 | G59: {=MMS_Feedlot_ManureAppliedToSoils_Equations.VEERG_4_1_1_9__1_MassOfNitrogenAppliedToSoilsScope1(G25,_xlfn.XLOOKUP($D59,$D$30:$D$34,$E$30:$E$34),_xlfn.XLOOKUP($D59,$D$39:$D$43,$E$39:$E$43),$E51)} -> 35.68968 | H59: =$E$12 -> kg N | L59: ='Input - Feedlot'!$D$38 -> Anaerobic lagoon | M59: {=MMS_Feedlot_ManureAppliedToSoils_Equations.VEERG_4_1_1_9__1_MassOfNitrogenAppliedToSoilsScope1(M25,_xlfn.XLOOKUP($L59,$D$30:$D$34,$E$30:$E$34),_xlfn.XLOOKUP($L59,$D$39:$D$43,$E$39:$E$43),$E51)} -> 699.69699 | N59: {=MMS_Feedlot_ManureAppliedToSoils_Equations.VEERG_4_1_1_9__1_MassOfNitrogenAppliedToSoilsScope1(N25,_xlfn.XLOOKUP($L59,$D$30:$D$34,$E$30:$E$34),_xlfn.XLOOKUP($L59,$D$39:$D$43,$E$39:$E$43),$E51)} -> 24.709951 | O59: {=MMS_Feedlot_ManureAppliedToSoils_Equations.VEERG_4_1_1_9__1_MassOfNitrogenAppliedToSoilsScope1(O25,_xlfn.XLOOKUP($L59,$D$30:$D$34,$E$30:$E$34),_xlfn.XLOOKUP($L59,$D$39:$D$43,$E$39:$E$43),$E51)} -> 35.68968 | P59: =$E$12 -> kg N
D61: MNSoilscope1 | E61: =SUM(E56:G59) -> 24130.039 | F61: =$E$12 -> kg N | L61: MNSoilscope1 | M61: =SUM(M56:O59) -> 24130.039 | N61: =$E$12 -> kg N
D65: {=MMS_Feedlot_ManureAppliedToSoils_Equations.VEERG_4_1_1_9__2_MassOfNitrogenAppliedToSoilsScope3_Title()} -> Mass of nitrogen applied to soils for scope 3 emissions
D66: {=MMS_Feedlot_ManureAppliedToSoils_Equations.VEERG_4_1_1_9__2_MassOfNitrogenAppliedToSoilsScope3_Source()} -> VEERG 2026: 4.1.1.9, Equation (2)
D67: Function name | E67: {=Common_InputFunctions.Utility_DisplayFunctionName(E82)} -> =MMS_Feedlot_ManureAppliedToSoils_Equations.VEERG_4_1_1_9__2_MassOfNitrogenAppliedToSoilsScope3
D71: Variable | E71: {=MMS_Feedlot_ManureAppliedToSoils_Equations.VEERG_4_1_1_9__2_MassOfNitrogenAppliedToSoilsScope3_Variable()} -> MNSoil_scope3
D72: Unit | E72: {=MMS_Feedlot_ManureAppliedToSoils_Equations.VEERG_4_1_1_9__2_MassOfNitrogenAppliedToSoilsScope3_Unit()} -> kg N
D74: {=MMS_Feedlot_ManureAppliedToSoils_Equations.VEERG_4_1_1_9__2_MassOfNitrogenAppliedToSoilsScope3_Arguments()} -> MN_jmT23 | E74: mass of N in secondary and tertiary treatment MMS stages as calculated for manure management : kg N | H74: ="See " & $D$19 -> See M1_Table_MN_j_m_T-2-3
D75: EF_mT23 | E75: nitrous oxide emission factor for each MMS : kg N2O-N/kg N | H75: ="See " & $D$27 -> See Table_EF_j_m_T-2-3
D76: FracGASM_mT23 | E76: fraction of animal waste N volatilised in each MMS for each cattle group : (kg NH3-N + NOx-N)/kg N | H76: ="See " & $D$36 -> See Table_FracGASM_m_T-2-3
D77: PF | E77: fraction of manure applied to soil within the feedlot boundary : fraction | H77: ="See " & $D$45 -> See Table_PF
D79: M1_Table_MNSoil_scope3 | L79: M2_Table_MNSoil_scope3
D80: Mass of N applied to soils as fertiliser (Method 1) | L80: Mass of N applied to soils as fertiliser (Method 2)
D81: MMS | E81: Domestic | F81: Mid-fed | G81: Long-fed | L81: MMS | M81: Domestic | N81: Mid-fed | O81: Long-fed
D82: ='Input - Feedlot'!$D$32 -> Solid storage | E82: {=MMS_Feedlot_ManureAppliedToSoils_Equations.VEERG_4_1_1_9__2_MassOfNitrogenAppliedToSoilsScope3(E22,_xlfn.XLOOKUP($D82, $D$30:$D$34,$E$30:$E$34),_xlfn.XLOOKUP($D82,$D$39:$D$43,$E$39:$E$43),$E48)} -> 1001.3812 | F82: {=MMS_Feedlot_ManureAppliedToSoils_Equations.VEERG_4_1_1_9__2_MassOfNitrogenAppliedToSoilsScope3(F22,_xlfn.XLOOKUP($D82, $D$30:$D$34,$E$30:$E$34),_xlfn.XLOOKUP($D82,$D$39:$D$43,$E$39:$E$43),$E48)} -> 35.363994 | G82: {=MMS_Feedlot_ManureAppliedToSoils_Equations.VEERG_4_1_1_9__2_MassOfNitrogenAppliedToSoilsScope3(G22,_xlfn.XLOOKUP($D82, $D$30:$D$34,$E$30:$E$34),_xlfn.XLOOKUP($D82,$D$39:$D$43,$E$39:$E$43),$E48)} -> 51.077789 | H82: =$E$12 -> kg N | L82: ='Input - Feedlot'!$D$32 -> Solid storage | M82: {=MMS_Feedlot_ManureAppliedToSoils_Equations.VEERG_4_1_1_9__2_MassOfNitrogenAppliedToSoilsScope3(M22,_xlfn.XLOOKUP($L82, $D$30:$D$34,$E$30:$E$34),_xlfn.XLOOKUP($L82,$D$39:$D$43,$E$39:$E$43),$E48)} -> 1001.3812 | N82: {=MMS_Feedlot_ManureAppliedToSoils_Equations.VEERG_4_1_1_9__2_MassOfNitrogenAppliedToSoilsScope3(N22,_xlfn.XLOOKUP($L82, $D$30:$D$34,$E$30:$E$34),_xlfn.XLOOKUP($L82,$D$39:$D$43,$E$39:$E$43),$E48)} -> 35.363994 | O82: {=MMS_Feedlot_ManureAppliedToSoils_Equations.VEERG_4_1_1_9__2_MassOfNitrogenAppliedToSoilsScope3(O22,_xlfn.XLOOKUP($L82, $D$30:$D$34,$E$30:$E$34),_xlfn.XLOOKUP($L82,$D$39:$D$43,$E$39:$E$43),$E48)} -> 51.077789 | P82: =$E$12 -> kg N
D83: ='Input - Feedlot'!$D$33 -> Composting (passive windrow) | E83: {=MMS_Feedlot_ManureAppliedToSoils_Equations.VEERG_4_1_1_9__2_MassOfNitrogenAppliedToSoilsScope3(E23,_xlfn.XLOOKUP($D83, $D$30:$D$34,$E$30:$E$34),_xlfn.XLOOKUP($D83,$D$39:$D$43,$E$39:$E$43),$E49)} -> 793.04016 | F83: {=MMS_Feedlot_ManureAppliedToSoils_Equations.VEERG_4_1_1_9__2_MassOfNitrogenAppliedToSoilsScope3(F23,_xlfn.XLOOKUP($D83, $D$30:$D$34,$E$30:$E$34),_xlfn.XLOOKUP($D83,$D$39:$D$43,$E$39:$E$43),$E49)} -> 28.006385 | G83: {=MMS_Feedlot_ManureAppliedToSoils_Equations.VEERG_4_1_1_9__2_MassOfNitrogenAppliedToSoilsScope3(G23,_xlfn.XLOOKUP($D83, $D$30:$D$34,$E$30:$E$34),_xlfn.XLOOKUP($D83,$D$39:$D$43,$E$39:$E$43),$E49)} -> 40.450866 | H83: =$E$12 -> kg N | L83: ='Input - Feedlot'!$D$33 -> Composting (passive windrow) | M83: {=MMS_Feedlot_ManureAppliedToSoils_Equations.VEERG_4_1_1_9__2_MassOfNitrogenAppliedToSoilsScope3(M23,_xlfn.XLOOKUP($L83, $D$30:$D$34,$E$30:$E$34),_xlfn.XLOOKUP($L83,$D$39:$D$43,$E$39:$E$43),$E49)} -> 793.04016 | N83: {=MMS_Feedlot_ManureAppliedToSoils_Equations.VEERG_4_1_1_9__2_MassOfNitrogenAppliedToSoilsScope3(N23,_xlfn.XLOOKUP($L83, $D$30:$D$34,$E$30:$E$34),_xlfn.XLOOKUP($L83,$D$39:$D$43,$E$39:$E$43),$E49)} -> 28.006385 | O83: {=MMS_Feedlot_ManureAppliedToSoils_Equations.VEERG_4_1_1_9__2_MassOfNitrogenAppliedToSoilsScope3(O23,_xlfn.XLOOKUP($L83, $D$30:$D$34,$E$30:$E$34),_xlfn.XLOOKUP($L83,$D$39:$D$43,$E$39:$E$43),$E49)} -> 40.450866 | P83: =$E$12 -> kg N
D84: ='Input - Feedlot'!$D$34 -> Direct application | E84: {=MMS_Feedlot_ManureAppliedToSoils_Equations.VEERG_4_1_1_9__2_MassOfNitrogenAppliedToSoilsScope3(E24,_xlfn.XLOOKUP($D84, $D$30:$D$34,$E$30:$E$34),_xlfn.XLOOKUP($D84,$D$39:$D$43,$E$39:$E$43),$E50)} -> 0 | F84: {=MMS_Feedlot_ManureAppliedToSoils_Equations.VEERG_4_1_1_9__2_MassOfNitrogenAppliedToSoilsScope3(F24,_xlfn.XLOOKUP($D84, $D$30:$D$34,$E$30:$E$34),_xlfn.XLOOKUP($D84,$D$39:$D$43,$E$39:$E$43),$E50)} -> 0 | G84: {=MMS_Feedlot_ManureAppliedToSoils_Equations.VEERG_4_1_1_9__2_MassOfNitrogenAppliedToSoilsScope3(G24,_xlfn.XLOOKUP($D84, $D$30:$D$34,$E$30:$E$34),_xlfn.XLOOKUP($D84,$D$39:$D$43,$E$39:$E$43),$E50)} -> 0 | H84: =$E$12 -> kg N | L84: ='Input - Feedlot'!$D$34 -> Direct application | M84: {=MMS_Feedlot_ManureAppliedToSoils_Equations.VEERG_4_1_1_9__2_MassOfNitrogenAppliedToSoilsScope3(M24,_xlfn.XLOOKUP($L84, $D$30:$D$34,$E$30:$E$34),_xlfn.XLOOKUP($L84,$D$39:$D$43,$E$39:$E$43),$E50)} -> 0 | N84: {=MMS_Feedlot_ManureAppliedToSoils_Equations.VEERG_4_1_1_9__2_MassOfNitrogenAppliedToSoilsScope3(N24,_xlfn.XLOOKUP($L84, $D$30:$D$34,$E$30:$E$34),_xlfn.XLOOKUP($L84,$D$39:$D$43,$E$39:$E$43),$E50)} -> 0 | O84: {=MMS_Feedlot_ManureAppliedToSoils_Equations.VEERG_4_1_1_9__2_MassOfNitrogenAppliedToSoilsScope3(O24,_xlfn.XLOOKUP($L84, $D$30:$D$34,$E$30:$E$34),_xlfn.XLOOKUP($L84,$D$39:$D$43,$E$39:$E$43),$E50)} -> 0 | P84: =$E$12 -> kg N
D85: ='Input - Feedlot'!$D$38 -> Anaerobic lagoon | E85: {=MMS_Feedlot_ManureAppliedToSoils_Equations.VEERG_4_1_1_9__2_MassOfNitrogenAppliedToSoilsScope3(E25,_xlfn.XLOOKUP($D85, $D$30:$D$34,$E$30:$E$34),_xlfn.XLOOKUP($D85,$D$39:$D$43,$E$39:$E$43),$E51)} -> 233.23233 | F85: {=MMS_Feedlot_ManureAppliedToSoils_Equations.VEERG_4_1_1_9__2_MassOfNitrogenAppliedToSoilsScope3(F25,_xlfn.XLOOKUP($D85, $D$30:$D$34,$E$30:$E$34),_xlfn.XLOOKUP($D85,$D$39:$D$43,$E$39:$E$43),$E51)} -> 8.2366502 | G85: {=MMS_Feedlot_ManureAppliedToSoils_Equations.VEERG_4_1_1_9__2_MassOfNitrogenAppliedToSoilsScope3(G25,_xlfn.XLOOKUP($D85, $D$30:$D$34,$E$30:$E$34),_xlfn.XLOOKUP($D85,$D$39:$D$43,$E$39:$E$43),$E51)} -> 11.89656 | H85: =$E$12 -> kg N | L85: ='Input - Feedlot'!$D$38 -> Anaerobic lagoon | M85: {=MMS_Feedlot_ManureAppliedToSoils_Equations.VEERG_4_1_1_9__2_MassOfNitrogenAppliedToSoilsScope3(M25,_xlfn.XLOOKUP($L85, $D$30:$D$34,$E$30:$E$34),_xlfn.XLOOKUP($L85,$D$39:$D$43,$E$39:$E$43),$E51)} -> 233.23233 | N85: {=MMS_Feedlot_ManureAppliedToSoils_Equations.VEERG_4_1_1_9__2_MassOfNitrogenAppliedToSoilsScope3(N25,_xlfn.XLOOKUP($L85, $D$30:$D$34,$E$30:$E$34),_xlfn.XLOOKUP($L85,$D$39:$D$43,$E$39:$E$43),$E51)} -> 8.2366502 | O85: {=MMS_Feedlot_ManureAppliedToSoils_Equations.VEERG_4_1_1_9__2_MassOfNitrogenAppliedToSoilsScope3(O25,_xlfn.XLOOKUP($L85, $D$30:$D$34,$E$30:$E$34),_xlfn.XLOOKUP($L85,$D$39:$D$43,$E$39:$E$43),$E51)} -> 11.89656 | P85: =$E$12 -> kg N
D87: MNSoilfert,scope3 | E87: =SUM(E82:G85) -> 2202.6859 | F87: =$E$12 -> kg N | L87: MNSoilfert,scope3 | M87: =SUM(M82:O85) -> 2202.6859 | N87: =$E$12 -> kg N
D91: ="Below are applications of " & D6 & " that are applied to the following contexts:" -> Below are applications of VEERG 2026: 4.1.1.9, Equation (1) that are applied to the following contexts:
D92: * Manure that is removed from stage 2 and 3 MMS and used as fertiliser on the farm, for other enterprises (eg crops)
D94: Scope 1: Mass of nitrogen applied as fertiliser on own farm
D95: Table_PF_fert
D96: Fraction of manure applied to as fertiliser on own farm from MMS
D97: MMS | E97: PF
D98: ='Input - Feedlot'!$D$32 -> Solid storage | E98: ='Input - Feedlot'!J32 -> 0.25 | F98: fraction
D99: ='Input - Feedlot'!$D$33 -> Composting (passive windrow) | E99: ='Input - Feedlot'!J33 -> 0.25 | F99: fraction
D100: ='Input - Feedlot'!$D$34 -> Direct application | E100: 0 | F100: fraction
D101: ='Input - Feedlot'!$D$38 -> Anaerobic lagoon | E101: ='Input - Feedlot'!J38 -> 0.25 | F101: fraction
D103: M1_Table_MNSoil_scope3_fert | L103: M2_Table_MNSoil_scope3_fert
D104: Mass of N applied to own farm as fertiliser (Method 1) | L104: Mass of N applied to own farm as fertiliser (Method 2)
D105: MMS | E105: Domestic | F105: Mid-fed | G105: Long-fed | L105: MMS | M105: Domestic | N105: Mid-fed | O105: Long-fed
D106: ='Input - Feedlot'!$D$32 -> Solid storage | E106: {=MMS_Feedlot_ManureAppliedToSoils_Equations.VEERG_4_1_1_9__1_MassOfNitrogenAppliedToSoilsScope1(E22,_xlfn.XLOOKUP($D106,$D$30:$D$34,$E$30:$E$34),_xlfn.XLOOKUP($D106,$D$39:$D$43,$E$39:$E$43),$E98)} -> 1001.3812 | F106: {=MMS_Feedlot_ManureAppliedToSoils_Equations.VEERG_4_1_1_9__1_MassOfNitrogenAppliedToSoilsScope1(F22,_xlfn.XLOOKUP($D106,$D$30:$D$34,$E$30:$E$34),_xlfn.XLOOKUP($D106,$D$39:$D$43,$E$39:$E$43),$E98)} -> 35.363994 | G106: {=MMS_Feedlot_ManureAppliedToSoils_Equations.VEERG_4_1_1_9__1_MassOfNitrogenAppliedToSoilsScope1(G22,_xlfn.XLOOKUP($D106,$D$30:$D$34,$E$30:$E$34),_xlfn.XLOOKUP($D106,$D$39:$D$43,$E$39:$E$43),$E98)} -> 51.077789 | H106: =$E$12 -> kg N | L106: ='Input - Feedlot'!$D$32 -> Solid storage | M106: {=MMS_Feedlot_ManureAppliedToSoils_Equations.VEERG_4_1_1_9__1_MassOfNitrogenAppliedToSoilsScope1(M22,_xlfn.XLOOKUP($L106,$D$30:$D$34,$E$30:$E$34),_xlfn.XLOOKUP($L106,$D$39:$D$43,$E$39:$E$43),$E98)} -> 1001.3812 | N106: {=MMS_Feedlot_ManureAppliedToSoils_Equations.VEERG_4_1_1_9__1_MassOfNitrogenAppliedToSoilsScope1(N22,_xlfn.XLOOKUP($L106,$D$30:$D$34,$E$30:$E$34),_xlfn.XLOOKUP($L106,$D$39:$D$43,$E$39:$E$43),$E98)} -> 35.363994 | O106: {=MMS_Feedlot_ManureAppliedToSoils_Equations.VEERG_4_1_1_9__1_MassOfNitrogenAppliedToSoilsScope1(O22,_xlfn.XLOOKUP($L106,$D$30:$D$34,$E$30:$E$34),_xlfn.XLOOKUP($L106,$D$39:$D$43,$E$39:$E$43),$E98)} -> 51.077789 | P106: =$E$12 -> kg N
D107: ='Input - Feedlot'!$D$33 -> Composting (passive windrow) | E107: {=MMS_Feedlot_ManureAppliedToSoils_Equations.VEERG_4_1_1_9__1_MassOfNitrogenAppliedToSoilsScope1(E23,_xlfn.XLOOKUP($D107,$D$30:$D$34,$E$30:$E$34),_xlfn.XLOOKUP($D107,$D$39:$D$43,$E$39:$E$43),$E99)} -> 793.04016 | F107: {=MMS_Feedlot_ManureAppliedToSoils_Equations.VEERG_4_1_1_9__1_MassOfNitrogenAppliedToSoilsScope1(F23,_xlfn.XLOOKUP($D107,$D$30:$D$34,$E$30:$E$34),_xlfn.XLOOKUP($D107,$D$39:$D$43,$E$39:$E$43),$E99)} -> 28.006385 | G107: {=MMS_Feedlot_ManureAppliedToSoils_Equations.VEERG_4_1_1_9__1_MassOfNitrogenAppliedToSoilsScope1(G23,_xlfn.XLOOKUP($D107,$D$30:$D$34,$E$30:$E$34),_xlfn.XLOOKUP($D107,$D$39:$D$43,$E$39:$E$43),$E99)} -> 40.450866 | H107: =$E$12 -> kg N | L107: ='Input - Feedlot'!$D$33 -> Composting (passive windrow) | M107: {=MMS_Feedlot_ManureAppliedToSoils_Equations.VEERG_4_1_1_9__1_MassOfNitrogenAppliedToSoilsScope1(M23,_xlfn.XLOOKUP($L107,$D$30:$D$34,$E$30:$E$34),_xlfn.XLOOKUP($L107,$D$39:$D$43,$E$39:$E$43),$E99)} -> 793.04016 | N107: {=MMS_Feedlot_ManureAppliedToSoils_Equations.VEERG_4_1_1_9__1_MassOfNitrogenAppliedToSoilsScope1(N23,_xlfn.XLOOKUP($L107,$D$30:$D$34,$E$30:$E$34),_xlfn.XLOOKUP($L107,$D$39:$D$43,$E$39:$E$43),$E99)} -> 28.006385 | O107: {=MMS_Feedlot_ManureAppliedToSoils_Equations.VEERG_4_1_1_9__1_MassOfNitrogenAppliedToSoilsScope1(O23,_xlfn.XLOOKUP($L107,$D$30:$D$34,$E$30:$E$34),_xlfn.XLOOKUP($L107,$D$39:$D$43,$E$39:$E$43),$E99)} -> 40.450866 | P107: =$E$12 -> kg N
D108: ='Input - Feedlot'!$D$34 -> Direct application | E108: {=MMS_Feedlot_ManureAppliedToSoils_Equations.VEERG_4_1_1_9__1_MassOfNitrogenAppliedToSoilsScope1(E24,_xlfn.XLOOKUP($D108,$D$30:$D$34,$E$30:$E$34),_xlfn.XLOOKUP($D108,$D$39:$D$43,$E$39:$E$43),$E100)} -> 0 | F108: {=MMS_Feedlot_ManureAppliedToSoils_Equations.VEERG_4_1_1_9__1_MassOfNitrogenAppliedToSoilsScope1(F24,_xlfn.XLOOKUP($D108,$D$30:$D$34,$E$30:$E$34),_xlfn.XLOOKUP($D108,$D$39:$D$43,$E$39:$E$43),$E100)} -> 0 | G108: {=MMS_Feedlot_ManureAppliedToSoils_Equations.VEERG_4_1_1_9__1_MassOfNitrogenAppliedToSoilsScope1(G24,_xlfn.XLOOKUP($D108,$D$30:$D$34,$E$30:$E$34),_xlfn.XLOOKUP($D108,$D$39:$D$43,$E$39:$E$43),$E100)} -> 0 | H108: =$E$12 -> kg N | L108: ='Input - Feedlot'!$D$34 -> Direct application | M108: {=MMS_Feedlot_ManureAppliedToSoils_Equations.VEERG_4_1_1_9__1_MassOfNitrogenAppliedToSoilsScope1(M24,_xlfn.XLOOKUP($L108,$D$30:$D$34,$E$30:$E$34),_xlfn.XLOOKUP($L108,$D$39:$D$43,$E$39:$E$43),$E100)} -> 0 | N108: {=MMS_Feedlot_ManureAppliedToSoils_Equations.VEERG_4_1_1_9__1_MassOfNitrogenAppliedToSoilsScope1(N24,_xlfn.XLOOKUP($L108,$D$30:$D$34,$E$30:$E$34),_xlfn.XLOOKUP($L108,$D$39:$D$43,$E$39:$E$43),$E100)} -> 0 | O108: {=MMS_Feedlot_ManureAppliedToSoils_Equations.VEERG_4_1_1_9__1_MassOfNitrogenAppliedToSoilsScope1(O24,_xlfn.XLOOKUP($L108,$D$30:$D$34,$E$30:$E$34),_xlfn.XLOOKUP($L108,$D$39:$D$43,$E$39:$E$43),$E100)} -> 0 | P108: =$E$12 -> kg N
D109: ='Input - Feedlot'!$D$38 -> Anaerobic lagoon | E109: {=MMS_Feedlot_ManureAppliedToSoils_Equations.VEERG_4_1_1_9__1_MassOfNitrogenAppliedToSoilsScope1(E25,_xlfn.XLOOKUP($D109,$D$30:$D$34,$E$30:$E$34),_xlfn.XLOOKUP($D109,$D$39:$D$43,$E$39:$E$43),$E101)} -> 233.23233 | F109: {=MMS_Feedlot_ManureAppliedToSoils_Equations.VEERG_4_1_1_9__1_MassOfNitrogenAppliedToSoilsScope1(F25,_xlfn.XLOOKUP($D109,$D$30:$D$34,$E$30:$E$34),_xlfn.XLOOKUP($D109,$D$39:$D$43,$E$39:$E$43),$E101)} -> 8.2366502 | G109: {=MMS_Feedlot_ManureAppliedToSoils_Equations.VEERG_4_1_1_9__1_MassOfNitrogenAppliedToSoilsScope1(G25,_xlfn.XLOOKUP($D109,$D$30:$D$34,$E$30:$E$34),_xlfn.XLOOKUP($D109,$D$39:$D$43,$E$39:$E$43),$E101)} -> 11.89656 | H109: =$E$12 -> kg N | L109: ='Input - Feedlot'!$D$38 -> Anaerobic lagoon | M109: {=MMS_Feedlot_ManureAppliedToSoils_Equations.VEERG_4_1_1_9__1_MassOfNitrogenAppliedToSoilsScope1(M25,_xlfn.XLOOKUP($L109,$D$30:$D$34,$E$30:$E$34),_xlfn.XLOOKUP($L109,$D$39:$D$43,$E$39:$E$43),$E101)} -> 233.23233 | N109: {=MMS_Feedlot_ManureAppliedToSoils_Equations.VEERG_4_1_1_9__1_MassOfNitrogenAppliedToSoilsScope1(N25,_xlfn.XLOOKUP($L109,$D$30:$D$34,$E$30:$E$34),_xlfn.XLOOKUP($L109,$D$39:$D$43,$E$39:$E$43),$E101)} -> 8.2366502 | O109: {=MMS_Feedlot_ManureAppliedToSoils_Equations.VEERG_4_1_1_9__1_MassOfNitrogenAppliedToSoilsScope1(O25,_xlfn.XLOOKUP($L109,$D$30:$D$34,$E$30:$E$34),_xlfn.XLOOKUP($L109,$D$39:$D$43,$E$39:$E$43),$E101)} -> 11.89656 | P109: =$E$12 -> kg N
D111: MNSoilscope3,fert | E111: =SUM(E106:G109) -> 2202.6859 | F111: =$E$12 -> kg N | L111: MNSoilscope3,fert | M111: =SUM(M106:O109) -> 2202.6859 | N111: =$E$12 -> kg N

Sheet Constants - Feedlot
A1: #VALUE! | C1: Source Data - Feedlot
A3: =HYPERLINK("#'Home'!A1", "Home") -> Home
A4: =HYPERLINK("#'Results'!A1", "Results") -> Results
D5: {=SourceData_Feedlot.SourceData_Feedlot_VSL_Title()} -> Feedlot - Fraction of volatile solids lost during storage in the primary system
A6: INPUTS | D6: {=SourceData_Feedlot.SourceData_Feedlot_VSL_Source()} -> VEERG 2026: 4.1.2.3 CONSTANTS
A7: =HYPERLINK("#'Input - Site'!A1", "Site") -> Site | D7: {=SourceData_Feedlot.SourceData_Feedlot_VSL_Variable()} -> VSL | E7: {=SourceData_Feedlot.SourceData_Feedlot_VSL_Data()} -> 0.5 | F7: {=SourceData_Feedlot.SourceData_Feedlot_VSL_Unit()} -> Fraction
A8: =HYPERLINK("#'Input - Feedlot'!A1", "Feedlot") -> Feedlot
A10: CALCULATIONS | D10: {=SourceData_Feedlot.SourceData_Feedlot_MMSm1T3_Title()} -> Fraction of volatile solids to each tertiary system assumed that 2 per cent is run - off from the feed pad.
A11: =HYPERLINK("#'4.1.1.1-2 Methane'!A1", "4.1.1.1-2 Methane") -> 4.1.1.1-2 Methane | D11: {=SourceData_Feedlot.SourceData_Feedlot_MMSm1T3_Source()} -> VEERG 2026: 4.1.2.3 CONSTANTS
A12: =HYPERLINK("#'4.1.1.3-4 Direct N20'!A1", "4.1.1.3-4 Direct N2O") -> 4.1.1.3-4 Direct N2O | D12: {=SourceData_Feedlot.SourceData_Feedlot_MMSm1T3_Variable()} -> MMSm1T3 | E12: {=SourceData_Feedlot.SourceData_Feedlot_MMSm1T3_Data()} -> 0.02 | F12: {=SourceData_Feedlot.SourceData_Feedlot_MMSm1T3_Unit()} -> Fraction
A13: =HYPERLINK("#'4.1.1.5-6 Atmos Deposition'!A1", "4.1.1.5-6 Atmospheric deposition") -> 4.1.1.5-6 Atmospheric deposition
A14: =HYPERLINK("#'4.1.1.9 Manure applied to soils'!A1", "4.1.1.9 Manure applied to soils") -> 4.1.1.9 Manure applied to soils
D15: {=SourceData_Feedlot.SourceData_Feedlot_AshContent_Title()} -> Ash content of manure.
A16: APPENDICES | D16: {=SourceData_Feedlot.SourceData_Feedlot_AshContent_Source()} -> VEERG 2026: 4.1.2.3 CONSTANTS
A17: =HYPERLINK("#'Constants - Feedlot'!A1", "Constants - Feedlot") -> Constants - Feedlot | D17: {=SourceData_Feedlot.SourceData_Feedlot_AshContent_Variable()} -> A | E17: {=SourceData_Feedlot.SourceData_Feedlot_AshContent_Data()} -> 0.16 | F17: {=SourceData_Feedlot.SourceData_Feedlot_AshContent_Unit()} -> Fraction
A18: =HYPERLINK("#'Constants - Livestock'!A1", "Constants - Livestock") -> Constants - Livestock
A19: =HYPERLINK("#'Constants - Common'!A1", "Constants - Common") -> Constants - Common
A20: =HYPERLINK("#'Acknowledgements'!A1", "Acknowledgements") -> Acknowledgements | D20: {=SourceData_Feedlot.SourceData_Feedlot_MethaneEmissionsPotential_Title()} -> Methane emissions potential.
D21: {=SourceData_Feedlot.SourceData_Feedlot_MethaneEmissionsPotential_Source()} -> VEERG 2026: 4.1.2.3 CONSTANTS
D22: {=SourceData_Feedlot.SourceData_Feedlot_MethaneEmissionsPotential_Variable()} -> B0 | E22: {=SourceData_Feedlot.SourceData_Feedlot_MethaneEmissionsPotential_Data()} -> 0.19 | F22: {=SourceData_Feedlot.SourceData_Feedlot_MethaneEmissionsPotential_Unit()} -> m3 CH4 / kg VS
D25: Feedlot manure management systems | G25: Feedlot crop or pasture production systems | J25: Irrigation methods
D27: MMS | E27: Symbol and MMS | G27: Production system | J27: Irrigation method
D28: ='Constants - Livestock'!$E$16 -> Drylot (feed pad) | E28: ='Constants - Livestock'!$F$16 -> Drylot (feed pad) (m=5) | G28: ='Constants - Common'!$F$188 -> Crop | J28: Not irrigated
D29: ='Constants - Livestock'!$E$15 -> Solid storage | E29: ='Constants - Livestock'!$F$15 -> Solid storage (m=4) | G29: ='Constants - Common'!$F$187 -> Pasture | J29: Drip irrigation
D30: ='Constants - Livestock'!$E$17 -> Composting (passive windrow) | E30: ='Constants - Livestock'!$F$17 -> Composting (passive windrow) (m=6) | J30: Sprinkler irrigation
D31: ='Constants - Livestock'!$E$26 -> Direct application | E31: ='Constants - Livestock'!$F$26 -> Direct application (m=13) | J31: Surface irrigation
D32: ='Constants - Livestock'!$E$10 -> Anaerobic lagoon | E32: ='Constants - Livestock'!$F$10 -> Anaerobic lagoon (m=1) | J32: Other irrigation
D36: {=SourceData_Feedlot.SourceData_Feedlot_DurationOfStay_Title()} -> Beef feedlot cattle - Duration of stay (days)
D37: {=SourceData_Feedlot.SourceData_Feedlot_DurationOfStay_Source()} -> VEERG 2026: Table A.1.1.1: Beef feedlot cattle - Duration of stay (days)
D38: Feedlot type | E38: Length of stay
D39: {=Common_InputFunctions.Utility_DisplayArrayInTable(SourceData_Feedlot.SourceData_Feedlot_DurationOfStay_Data(), Table_SourceData_Feedlot_LengthOfStay[[#Headers],[Feedlot type]], 0)} -> Domestic | E39: {=Common_InputFunctions.Utility_DisplayArrayInTable(SourceData_Feedlot.SourceData_Feedlot_DurationOfStay_Data(), Table_SourceData_Feedlot_LengthOfStay[[#Headers],[Feedlot type]], 0)} -> 1-80 days
D40: {=Common_InputFunctions.Utility_DisplayArrayInTable(SourceData_Feedlot.SourceData_Feedlot_DurationOfStay_Data(), Table_SourceData_Feedlot_LengthOfStay[[#Headers],[Feedlot type]], 0)} -> Mid-fed | E40: {=Common_InputFunctions.Utility_DisplayArrayInTable(SourceData_Feedlot.SourceData_Feedlot_DurationOfStay_Data(), Table_SourceData_Feedlot_LengthOfStay[[#Headers],[Feedlot type]], 0)} -> 81-200 days
D41: {=Common_InputFunctions.Utility_DisplayArrayInTable(SourceData_Feedlot.SourceData_Feedlot_DurationOfStay_Data(), Table_SourceData_Feedlot_LengthOfStay[[#Headers],[Feedlot type]], 0)} -> Long-fed | E41: {=Common_InputFunctions.Utility_DisplayArrayInTable(SourceData_Feedlot.SourceData_Feedlot_DurationOfStay_Data(), Table_SourceData_Feedlot_LengthOfStay[[#Headers],[Feedlot type]], 0)} -> 201+ days
D44: {=SourceData_Feedlot.SourceData_Feedlot_AnimalCharacteristics_Title()} -> Beef feedlot cattle - Animal characteristics
D45: {=SourceData_Feedlot.SourceData_Feedlot_AnimalCharacteristics_Source()} -> VEERG 2026: Table A.1.1.2: Beef feedlot cattle - Animal characteristics
D46: {=SourceData_Feedlot.SourceData_Feedlot_AnimalCharacteristics_Variation()} -> VARIATION ON SOURCE:
D47: Moved feedlot types to a separate column to aid lookup.
D48: Named 'characteristic' column - original has header 'Unit' which covers two columns)
D49: Feedlot type | E49: Characteristic | F49: Unit | G49: 2005-2009 | H49: 2010-2014 | I49: 2015-2019 | J49: 2020-2023
D50: {=Common_InputFunctions.Utility_DisplayArrayInTable(SourceData_Feedlot.SourceData_Feedlot_AnimalCharacteristics_Data(), Table_SourceData_Feedlot_AnimalCharacteristics[[#Headers],[Feedlot type]], 0)} -> Domestic | E50: {=Common_InputFunctions.Utility_DisplayArrayInTable(SourceData_Feedlot.SourceData_Feedlot_AnimalCharacteristics_Data(), Table_SourceData_Feedlot_AnimalCharacteristics[[#Headers],[Feedlot type]], 0)} -> Days on feed | F50: {=Common_InputFunctions.Utility_DisplayArrayInTable(SourceData_Feedlot.SourceData_Feedlot_AnimalCharacteristics_Data(), Table_SourceData_Feedlot_AnimalCharacteristics[[#Headers],[Feedlot type]], 0)} -> days | G50: {=Common_InputFunctions.Utility_DisplayArrayInTable(SourceData_Feedlot.SourceData_Feedlot_AnimalCharacteristics_Data(), Table_SourceData_Feedlot_AnimalCharacteristics[[#Headers],[Feedlot type]], 0)} -> 70 | H50: {=Common_InputFunctions.Utility_DisplayArrayInTable(SourceData_Feedlot.SourceData_Feedlot_AnimalCharacteristics_Data(), Table_SourceData_Feedlot_AnimalCharacteristics[[#Headers],[Feedlot type]], 0)} -> 70 | I50: {=Common_InputFunctions.Utility_DisplayArrayInTable(SourceData_Feedlot.SourceData_Feedlot_AnimalCharacteristics_Data(), Table_SourceData_Feedlot_AnimalCharacteristics[[#Headers],[Feedlot type]], 0)} -> 70 | J50: {=Common_InputFunctions.Utility_DisplayArrayInTable(SourceData_Feedlot.SourceData_Feedlot_AnimalCharacteristics_Data(), Table_SourceData_Feedlot_AnimalCharacteristics[[#Headers],[Feedlot type]], 0)} -> 75
D51: {=Common_InputFunctions.Utility_DisplayArrayInTable(SourceData_Feedlot.SourceData_Feedlot_AnimalCharacteristics_Data(), Table_SourceData_Feedlot_AnimalCharacteristics[[#Headers],[Feedlot type]], 0)} -> Domestic | E51: {=Common_InputFunctions.Utility_DisplayArrayInTable(SourceData_Feedlot.SourceData_Feedlot_AnimalCharacteristics_Data(), Table_SourceData_Feedlot_AnimalCharacteristics[[#Headers],[Feedlot type]], 0)} -> Feed intake | F51: {=Common_InputFunctions.Utility_DisplayArrayInTable(SourceData_Feedlot.SourceData_Feedlot_AnimalCharacteristics_Data(), Table_SourceData_Feedlot_AnimalCharacteristics[[#Headers],[Feedlot type]], 0)} -> kg DM/day | G51: {=Common_InputFunctions.Utility_DisplayArrayInTable(SourceData_Feedlot.SourceData_Feedlot_AnimalCharacteristics_Data(), Table_SourceData_Feedlot_AnimalCharacteristics[[#Headers],[Feedlot type]], 0)} -> 10 | H51: {=Common_InputFunctions.Utility_DisplayArrayInTable(SourceData_Feedlot.SourceData_Feedlot_AnimalCharacteristics_Data(), Table_SourceData_Feedlot_AnimalCharacteristics[[#Headers],[Feedlot type]], 0)} -> 10 | I51: {=Common_InputFunctions.Utility_DisplayArrayInTable(SourceData_Feedlot.SourceData_Feedlot_AnimalCharacteristics_Data(), Table_SourceData_Feedlot_AnimalCharacteristics[[#Headers],[Feedlot type]], 0)} -> 10.4 | J51: {=Common_InputFunctions.Utility_DisplayArrayInTable(SourceData_Feedlot.SourceData_Feedlot_AnimalCharacteristics_Data(), Table_SourceData_Feedlot_AnimalCharacteristics[[#Headers],[Feedlot type]], 0)} -> 10.4
D52: {=Common_InputFunctions.Utility_DisplayArrayInTable(SourceData_Feedlot.SourceData_Feedlot_AnimalCharacteristics_Data(), Table_SourceData_Feedlot_AnimalCharacteristics[[#Headers],[Feedlot type]], 0)} -> Domestic | E52: {=Common_InputFunctions.Utility_DisplayArrayInTable(SourceData_Feedlot.SourceData_Feedlot_AnimalCharacteristics_Data(), Table_SourceData_Feedlot_AnimalCharacteristics[[#Headers],[Feedlot type]], 0)} -> N retention | F52: {=Common_InputFunctions.Utility_DisplayArrayInTable(SourceData_Feedlot.SourceData_Feedlot_AnimalCharacteristics_Data(), Table_SourceData_Feedlot_AnimalCharacteristics[[#Headers],[Feedlot type]], 0)} -> per cent of intake | G52: {=Common_InputFunctions.Utility_DisplayArrayInTable(SourceData_Feedlot.SourceData_Feedlot_AnimalCharacteristics_Data(), Table_SourceData_Feedlot_AnimalCharacteristics[[#Headers],[Feedlot type]], 0)} -> 21.1 | H52: {=Common_InputFunctions.Utility_DisplayArrayInTable(SourceData_Feedlot.SourceData_Feedlot_AnimalCharacteristics_Data(), Table_SourceData_Feedlot_AnimalCharacteristics[[#Headers],[Feedlot type]], 0)} -> 20.4 | I52: {=Common_InputFunctions.Utility_DisplayArrayInTable(SourceData_Feedlot.SourceData_Feedlot_AnimalCharacteristics_Data(), Table_SourceData_Feedlot_AnimalCharacteristics[[#Headers],[Feedlot type]], 0)} -> 20.4 | J52: {=Common_InputFunctions.Utility_DisplayArrayInTable(SourceData_Feedlot.SourceData_Feedlot_AnimalCharacteristics_Data(), Table_SourceData_Feedlot_AnimalCharacteristics[[#Headers],[Feedlot type]], 0)} -> 20.4
D53: {=Common_InputFunctions.Utility_DisplayArrayInTable(SourceData_Feedlot.SourceData_Feedlot_AnimalCharacteristics_Data(), Table_SourceData_Feedlot_AnimalCharacteristics[[#Headers],[Feedlot type]], 0)} -> Mid-fed | E53: {=Common_InputFunctions.Utility_DisplayArrayInTable(SourceData_Feedlot.SourceData_Feedlot_AnimalCharacteristics_Data(), Table_SourceData_Feedlot_AnimalCharacteristics[[#Headers],[Feedlot type]], 0)} -> Days on feed | F53: {=Common_InputFunctions.Utility_DisplayArrayInTable(SourceData_Feedlot.SourceData_Feedlot_AnimalCharacteristics_Data(), Table_SourceData_Feedlot_AnimalCharacteristics[[#Headers],[Feedlot type]], 0)} -> days | G53: {=Common_InputFunctions.Utility_DisplayArrayInTable(SourceData_Feedlot.SourceData_Feedlot_AnimalCharacteristics_Data(), Table_SourceData_Feedlot_AnimalCharacteristics[[#Headers],[Feedlot type]], 0)} -> 115 | H53: {=Common_InputFunctions.Utility_DisplayArrayInTable(SourceData_Feedlot.SourceData_Feedlot_AnimalCharacteristics_Data(), Table_SourceData_Feedlot_AnimalCharacteristics[[#Headers],[Feedlot type]], 0)} -> 115 | I53: {=Common_InputFunctions.Utility_DisplayArrayInTable(SourceData_Feedlot.SourceData_Feedlot_AnimalCharacteristics_Data(), Table_SourceData_Feedlot_AnimalCharacteristics[[#Headers],[Feedlot type]], 0)} -> 120 | J53: {=Common_InputFunctions.Utility_DisplayArrayInTable(SourceData_Feedlot.SourceData_Feedlot_AnimalCharacteristics_Data(), Table_SourceData_Feedlot_AnimalCharacteristics[[#Headers],[Feedlot type]], 0)} -> 150
D54: {=Common_InputFunctions.Utility_DisplayArrayInTable(SourceData_Feedlot.SourceData_Feedlot_AnimalCharacteristics_Data(), Table_SourceData_Feedlot_AnimalCharacteristics[[#Headers],[Feedlot type]], 0)} -> Mid-fed | E54: {=Common_InputFunctions.Utility_DisplayArrayInTable(SourceData_Feedlot.SourceData_Feedlot_AnimalCharacteristics_Data(), Table_SourceData_Feedlot_AnimalCharacteristics[[#Headers],[Feedlot type]], 0)} -> Feed intake | F54: {=Common_InputFunctions.Utility_DisplayArrayInTable(SourceData_Feedlot.SourceData_Feedlot_AnimalCharacteristics_Data(), Table_SourceData_Feedlot_AnimalCharacteristics[[#Headers],[Feedlot type]], 0)} -> kg DM/day | G54: {=Common_InputFunctions.Utility_DisplayArrayInTable(SourceData_Feedlot.SourceData_Feedlot_AnimalCharacteristics_Data(), Table_SourceData_Feedlot_AnimalCharacteristics[[#Headers],[Feedlot type]], 0)} -> 11.2 | H54: {=Common_InputFunctions.Utility_DisplayArrayInTable(SourceData_Feedlot.SourceData_Feedlot_AnimalCharacteristics_Data(), Table_SourceData_Feedlot_AnimalCharacteristics[[#Headers],[Feedlot type]], 0)} -> 10.8 | I54: {=Common_InputFunctions.Utility_DisplayArrayInTable(SourceData_Feedlot.SourceData_Feedlot_AnimalCharacteristics_Data(), Table_SourceData_Feedlot_AnimalCharacteristics[[#Headers],[Feedlot type]], 0)} -> 10.8 | J54: {=Common_InputFunctions.Utility_DisplayArrayInTable(SourceData_Feedlot.SourceData_Feedlot_AnimalCharacteristics_Data(), Table_SourceData_Feedlot_AnimalCharacteristics[[#Headers],[Feedlot type]], 0)} -> 10.8
D55: {=Common_InputFunctions.Utility_DisplayArrayInTable(SourceData_Feedlot.SourceData_Feedlot_AnimalCharacteristics_Data(), Table_SourceData_Feedlot_AnimalCharacteristics[[#Headers],[Feedlot type]], 0)} -> Mid-fed | E55: {=Common_InputFunctions.Utility_DisplayArrayInTable(SourceData_Feedlot.SourceData_Feedlot_AnimalCharacteristics_Data(), Table_SourceData_Feedlot_AnimalCharacteristics[[#Headers],[Feedlot type]], 0)} -> N retention | F55: {=Common_InputFunctions.Utility_DisplayArrayInTable(SourceData_Feedlot.SourceData_Feedlot_AnimalCharacteristics_Data(), Table_SourceData_Feedlot_AnimalCharacteristics[[#Headers],[Feedlot type]], 0)} -> per cent of intake | G55: {=Common_InputFunctions.Utility_DisplayArrayInTable(SourceData_Feedlot.SourceData_Feedlot_AnimalCharacteristics_Data(), Table_SourceData_Feedlot_AnimalCharacteristics[[#Headers],[Feedlot type]], 0)} -> 12.5 | H55: {=Common_InputFunctions.Utility_DisplayArrayInTable(SourceData_Feedlot.SourceData_Feedlot_AnimalCharacteristics_Data(), Table_SourceData_Feedlot_AnimalCharacteristics[[#Headers],[Feedlot type]], 0)} -> 12.7 | I55: {=Common_InputFunctions.Utility_DisplayArrayInTable(SourceData_Feedlot.SourceData_Feedlot_AnimalCharacteristics_Data(), Table_SourceData_Feedlot_AnimalCharacteristics[[#Headers],[Feedlot type]], 0)} -> 12.7 | J55: {=Common_InputFunctions.Utility_DisplayArrayInTable(SourceData_Feedlot.SourceData_Feedlot_AnimalCharacteristics_Data(), Table_SourceData_Feedlot_AnimalCharacteristics[[#Headers],[Feedlot type]], 0)} -> 12.7
D56: {=Common_InputFunctions.Utility_DisplayArrayInTable(SourceData_Feedlot.SourceData_Feedlot_AnimalCharacteristics_Data(), Table_SourceData_Feedlot_AnimalCharacteristics[[#Headers],[Feedlot type]], 0)} -> Long-fed | E56: {=Common_InputFunctions.Utility_DisplayArrayInTable(SourceData_Feedlot.SourceData_Feedlot_AnimalCharacteristics_Data(), Table_SourceData_Feedlot_AnimalCharacteristics[[#Headers],[Feedlot type]], 0)} -> Days on feed | F56: {=Common_InputFunctions.Utility_DisplayArrayInTable(SourceData_Feedlot.SourceData_Feedlot_AnimalCharacteristics_Data(), Table_SourceData_Feedlot_AnimalCharacteristics[[#Headers],[Feedlot type]], 0)} -> days | G56: {=Common_InputFunctions.Utility_DisplayArrayInTable(SourceData_Feedlot.SourceData_Feedlot_AnimalCharacteristics_Data(), Table_SourceData_Feedlot_AnimalCharacteristics[[#Headers],[Feedlot type]], 0)} -> 250 | H56: {=Common_InputFunctions.Utility_DisplayArrayInTable(SourceData_Feedlot.SourceData_Feedlot_AnimalCharacteristics_Data(), Table_SourceData_Feedlot_AnimalCharacteristics[[#Headers],[Feedlot type]], 0)} -> 250 | I56: {=Common_InputFunctions.Utility_DisplayArrayInTable(SourceData_Feedlot.SourceData_Feedlot_AnimalCharacteristics_Data(), Table_SourceData_Feedlot_AnimalCharacteristics[[#Headers],[Feedlot type]], 0)} -> 250 | J56: {=Common_InputFunctions.Utility_DisplayArrayInTable(SourceData_Feedlot.SourceData_Feedlot_AnimalCharacteristics_Data(), Table_SourceData_Feedlot_AnimalCharacteristics[[#Headers],[Feedlot type]], 0)} -> 250
D57: {=Common_InputFunctions.Utility_DisplayArrayInTable(SourceData_Feedlot.SourceData_Feedlot_AnimalCharacteristics_Data(), Table_SourceData_Feedlot_AnimalCharacteristics[[#Headers],[Feedlot type]], 0)} -> Long-fed | E57: {=Common_InputFunctions.Utility_DisplayArrayInTable(SourceData_Feedlot.SourceData_Feedlot_AnimalCharacteristics_Data(), Table_SourceData_Feedlot_AnimalCharacteristics[[#Headers],[Feedlot type]], 0)} -> Feed intake | F57: {=Common_InputFunctions.Utility_DisplayArrayInTable(SourceData_Feedlot.SourceData_Feedlot_AnimalCharacteristics_Data(), Table_SourceData_Feedlot_AnimalCharacteristics[[#Headers],[Feedlot type]], 0)} -> kg DM/day | G57: {=Common_InputFunctions.Utility_DisplayArrayInTable(SourceData_Feedlot.SourceData_Feedlot_AnimalCharacteristics_Data(), Table_SourceData_Feedlot_AnimalCharacteristics[[#Headers],[Feedlot type]], 0)} -> 9 | H57: {=Common_InputFunctions.Utility_DisplayArrayInTable(SourceData_Feedlot.SourceData_Feedlot_AnimalCharacteristics_Data(), Table_SourceData_Feedlot_AnimalCharacteristics[[#Headers],[Feedlot type]], 0)} -> 8.5 | I57: {=Common_InputFunctions.Utility_DisplayArrayInTable(SourceData_Feedlot.SourceData_Feedlot_AnimalCharacteristics_Data(), Table_SourceData_Feedlot_AnimalCharacteristics[[#Headers],[Feedlot type]], 0)} -> 8.2 | J57: {=Common_InputFunctions.Utility_DisplayArrayInTable(SourceData_Feedlot.SourceData_Feedlot_AnimalCharacteristics_Data(), Table_SourceData_Feedlot_AnimalCharacteristics[[#Headers],[Feedlot type]], 0)} -> 8.2
D58: {=Common_InputFunctions.Utility_DisplayArrayInTable(SourceData_Feedlot.SourceData_Feedlot_AnimalCharacteristics_Data(), Table_SourceData_Feedlot_AnimalCharacteristics[[#Headers],[Feedlot type]], 0)} -> Long-fed | E58: {=Common_InputFunctions.Utility_DisplayArrayInTable(SourceData_Feedlot.SourceData_Feedlot_AnimalCharacteristics_Data(), Table_SourceData_Feedlot_AnimalCharacteristics[[#Headers],[Feedlot type]], 0)} -> N retention | F58: {=Common_InputFunctions.Utility_DisplayArrayInTable(SourceData_Feedlot.SourceData_Feedlot_AnimalCharacteristics_Data(), Table_SourceData_Feedlot_AnimalCharacteristics[[#Headers],[Feedlot type]], 0)} -> per cent of intake | G58: {=Common_InputFunctions.Utility_DisplayArrayInTable(SourceData_Feedlot.SourceData_Feedlot_AnimalCharacteristics_Data(), Table_SourceData_Feedlot_AnimalCharacteristics[[#Headers],[Feedlot type]], 0)} -> 6.6 | H58: {=Common_InputFunctions.Utility_DisplayArrayInTable(SourceData_Feedlot.SourceData_Feedlot_AnimalCharacteristics_Data(), Table_SourceData_Feedlot_AnimalCharacteristics[[#Headers],[Feedlot type]], 0)} -> 7 | I58: {=Common_InputFunctions.Utility_DisplayArrayInTable(SourceData_Feedlot.SourceData_Feedlot_AnimalCharacteristics_Data(), Table_SourceData_Feedlot_AnimalCharacteristics[[#Headers],[Feedlot type]], 0)} -> 7 | J58: {=Common_InputFunctions.Utility_DisplayArrayInTable(SourceData_Feedlot.SourceData_Feedlot_AnimalCharacteristics_Data(), Table_SourceData_Feedlot_AnimalCharacteristics[[#Headers],[Feedlot type]], 0)} -> 7
D61: {=SourceData_Feedlot.SourceData_Feedlot_DietProperties_Title()} -> Beef feedlot cattle - Diet properties
D62: {=SourceData_Feedlot.SourceData_Feedlot_DietProperties_Source()} -> VEERG 2026: Table A.1.1.3: Beef feedlot cattle - Diet properties
D63: {=SourceData_Feedlot.SourceData_Feedlot_DietProperties_Variation()} -> VARIATION ON SOURCE:
D64: Added 'Converted to fraction column and converted NDF and Ether extract values to fractions.
D65: Moved feedlot types to a separate column to aid lookup.
D66: Feedlot type | E66: Nutrient analysis | F66: Unit | G66: 2010-2014 | H66: 2015-2019 | I66: 2020-2023 | J66: 2020-2023 Converted to fraction
D67: {=Common_InputFunctions.Utility_DisplayArrayInTable(SourceData_Feedlot.SourceData_Feedlot_DietProperties_Data(), Table_SourceData_Feedlot_DietProperties[[#Headers],[Feedlot type]], 0)} -> Domestic | E67: {=Common_InputFunctions.Utility_DisplayArrayInTable(SourceData_Feedlot.SourceData_Feedlot_DietProperties_Data(), Table_SourceData_Feedlot_DietProperties[[#Headers],[Feedlot type]], 0)} -> Dry matter digestibility | F67: {=Common_InputFunctions.Utility_DisplayArrayInTable(SourceData_Feedlot.SourceData_Feedlot_DietProperties_Data(), Table_SourceData_Feedlot_DietProperties[[#Headers],[Feedlot type]], 0)} -> fraction | G67: {=Common_InputFunctions.Utility_DisplayArrayInTable(SourceData_Feedlot.SourceData_Feedlot_DietProperties_Data(), Table_SourceData_Feedlot_DietProperties[[#Headers],[Feedlot type]], 0)} -> 0.81 | H67: {=Common_InputFunctions.Utility_DisplayArrayInTable(SourceData_Feedlot.SourceData_Feedlot_DietProperties_Data(), Table_SourceData_Feedlot_DietProperties[[#Headers],[Feedlot type]], 0)} -> 0.81 | I67: {=Common_InputFunctions.Utility_DisplayArrayInTable(SourceData_Feedlot.SourceData_Feedlot_DietProperties_Data(), Table_SourceData_Feedlot_DietProperties[[#Headers],[Feedlot type]], 0)} -> 0.81 | J67: {=Common_InputFunctions.Utility_DisplayArrayInTable(SourceData_Feedlot.SourceData_Feedlot_DietProperties_Data(), Table_SourceData_Feedlot_DietProperties[[#Headers],[Feedlot type]], 0)} -> 0.81
D68: {=Common_InputFunctions.Utility_DisplayArrayInTable(SourceData_Feedlot.SourceData_Feedlot_DietProperties_Data(), Table_SourceData_Feedlot_DietProperties[[#Headers],[Feedlot type]], 0)} -> Domestic | E68: {=Common_InputFunctions.Utility_DisplayArrayInTable(SourceData_Feedlot.SourceData_Feedlot_DietProperties_Data(), Table_SourceData_Feedlot_DietProperties[[#Headers],[Feedlot type]], 0)} -> Crude protein | F68: {=Common_InputFunctions.Utility_DisplayArrayInTable(SourceData_Feedlot.SourceData_Feedlot_DietProperties_Data(), Table_SourceData_Feedlot_DietProperties[[#Headers],[Feedlot type]], 0)} -> fraction | G68: {=Common_InputFunctions.Utility_DisplayArrayInTable(SourceData_Feedlot.SourceData_Feedlot_DietProperties_Data(), Table_SourceData_Feedlot_DietProperties[[#Headers],[Feedlot type]], 0)} -> 0.14 | H68: {=Common_InputFunctions.Utility_DisplayArrayInTable(SourceData_Feedlot.SourceData_Feedlot_DietProperties_Data(), Table_SourceData_Feedlot_DietProperties[[#Headers],[Feedlot type]], 0)} -> 0.14 | I68: {=Common_InputFunctions.Utility_DisplayArrayInTable(SourceData_Feedlot.SourceData_Feedlot_DietProperties_Data(), Table_SourceData_Feedlot_DietProperties[[#Headers],[Feedlot type]], 0)} -> 0.14 | J68: {=Common_InputFunctions.Utility_DisplayArrayInTable(SourceData_Feedlot.SourceData_Feedlot_DietProperties_Data(), Table_SourceData_Feedlot_DietProperties[[#Headers],[Feedlot type]], 0)} -> 0.14
D69: {=Common_InputFunctions.Utility_DisplayArrayInTable(SourceData_Feedlot.SourceData_Feedlot_DietProperties_Data(), Table_SourceData_Feedlot_DietProperties[[#Headers],[Feedlot type]], 0)} -> Domestic | E69: {=Common_InputFunctions.Utility_DisplayArrayInTable(SourceData_Feedlot.SourceData_Feedlot_DietProperties_Data(), Table_SourceData_Feedlot_DietProperties[[#Headers],[Feedlot type]], 0)} -> NDF | F69: {=Common_InputFunctions.Utility_DisplayArrayInTable(SourceData_Feedlot.SourceData_Feedlot_DietProperties_Data(), Table_SourceData_Feedlot_DietProperties[[#Headers],[Feedlot type]], 0)} -> per cent | G69: {=Common_InputFunctions.Utility_DisplayArrayInTable(SourceData_Feedlot.SourceData_Feedlot_DietProperties_Data(), Table_SourceData_Feedlot_DietProperties[[#Headers],[Feedlot type]], 0)} -> 23 | H69: {=Common_InputFunctions.Utility_DisplayArrayInTable(SourceData_Feedlot.SourceData_Feedlot_DietProperties_Data(), Table_SourceData_Feedlot_DietProperties[[#Headers],[Feedlot type]], 0)} -> 22 | I69: {=Common_InputFunctions.Utility_DisplayArrayInTable(SourceData_Feedlot.SourceData_Feedlot_DietProperties_Data(), Table_SourceData_Feedlot_DietProperties[[#Headers],[Feedlot type]], 0)} -> 22 | J69: {=Common_InputFunctions.Utility_DisplayArrayInTable(SourceData_Feedlot.SourceData_Feedlot_DietProperties_Data(), Table_SourceData_Feedlot_DietProperties[[#Headers],[Feedlot type]], 0)} -> 22
D70: {=Common_InputFunctions.Utility_DisplayArrayInTable(SourceData_Feedlot.SourceData_Feedlot_DietProperties_Data(), Table_SourceData_Feedlot_DietProperties[[#Headers],[Feedlot type]], 0)} -> Domestic | E70: {=Common_InputFunctions.Utility_DisplayArrayInTable(SourceData_Feedlot.SourceData_Feedlot_DietProperties_Data(), Table_SourceData_Feedlot_DietProperties[[#Headers],[Feedlot type]], 0)} -> Ether Extract | F70: {=Common_InputFunctions.Utility_DisplayArrayInTable(SourceData_Feedlot.SourceData_Feedlot_DietProperties_Data(), Table_SourceData_Feedlot_DietProperties[[#Headers],[Feedlot type]], 0)} -> per cent | G70: {=Common_InputFunctions.Utility_DisplayArrayInTable(SourceData_Feedlot.SourceData_Feedlot_DietProperties_Data(), Table_SourceData_Feedlot_DietProperties[[#Headers],[Feedlot type]], 0)} -> 4.5 | H70: {=Common_InputFunctions.Utility_DisplayArrayInTable(SourceData_Feedlot.SourceData_Feedlot_DietProperties_Data(), Table_SourceData_Feedlot_DietProperties[[#Headers],[Feedlot type]], 0)} -> 4.5 | I70: {=Common_InputFunctions.Utility_DisplayArrayInTable(SourceData_Feedlot.SourceData_Feedlot_DietProperties_Data(), Table_SourceData_Feedlot_DietProperties[[#Headers],[Feedlot type]], 0)} -> 4.8 | J70: {=Common_InputFunctions.Utility_DisplayArrayInTable(SourceData_Feedlot.SourceData_Feedlot_DietProperties_Data(), Table_SourceData_Feedlot_DietProperties[[#Headers],[Feedlot type]], 0)} -> 4.8
D71: {=Common_InputFunctions.Utility_DisplayArrayInTable(SourceData_Feedlot.SourceData_Feedlot_DietProperties_Data(), Table_SourceData_Feedlot_DietProperties[[#Headers],[Feedlot type]], 0)} -> Mid-fed | E71: {=Common_InputFunctions.Utility_DisplayArrayInTable(SourceData_Feedlot.SourceData_Feedlot_DietProperties_Data(), Table_SourceData_Feedlot_DietProperties[[#Headers],[Feedlot type]], 0)} -> Dry matter digestibility | F71: {=Common_InputFunctions.Utility_DisplayArrayInTable(SourceData_Feedlot.SourceData_Feedlot_DietProperties_Data(), Table_SourceData_Feedlot_DietProperties[[#Headers],[Feedlot type]], 0)} -> fraction | G71: {=Common_InputFunctions.Utility_DisplayArrayInTable(SourceData_Feedlot.SourceData_Feedlot_DietProperties_Data(), Table_SourceData_Feedlot_DietProperties[[#Headers],[Feedlot type]], 0)} -> 0.81 | H71: {=Common_InputFunctions.Utility_DisplayArrayInTable(SourceData_Feedlot.SourceData_Feedlot_DietProperties_Data(), Table_SourceData_Feedlot_DietProperties[[#Headers],[Feedlot type]], 0)} -> 0.81 | I71: {=Common_InputFunctions.Utility_DisplayArrayInTable(SourceData_Feedlot.SourceData_Feedlot_DietProperties_Data(), Table_SourceData_Feedlot_DietProperties[[#Headers],[Feedlot type]], 0)} -> 0.81 | J71: {=Common_InputFunctions.Utility_DisplayArrayInTable(SourceData_Feedlot.SourceData_Feedlot_DietProperties_Data(), Table_SourceData_Feedlot_DietProperties[[#Headers],[Feedlot type]], 0)} -> 0.81
D72: {=Common_InputFunctions.Utility_DisplayArrayInTable(SourceData_Feedlot.SourceData_Feedlot_DietProperties_Data(), Table_SourceData_Feedlot_DietProperties[[#Headers],[Feedlot type]], 0)} -> Mid-fed | E72: {=Common_InputFunctions.Utility_DisplayArrayInTable(SourceData_Feedlot.SourceData_Feedlot_DietProperties_Data(), Table_SourceData_Feedlot_DietProperties[[#Headers],[Feedlot type]], 0)} -> Crude protein | F72: {=Common_InputFunctions.Utility_DisplayArrayInTable(SourceData_Feedlot.SourceData_Feedlot_DietProperties_Data(), Table_SourceData_Feedlot_DietProperties[[#Headers],[Feedlot type]], 0)} -> fraction | G72: {=Common_InputFunctions.Utility_DisplayArrayInTable(SourceData_Feedlot.SourceData_Feedlot_DietProperties_Data(), Table_SourceData_Feedlot_DietProperties[[#Headers],[Feedlot type]], 0)} -> 0.13 | H72: {=Common_InputFunctions.Utility_DisplayArrayInTable(SourceData_Feedlot.SourceData_Feedlot_DietProperties_Data(), Table_SourceData_Feedlot_DietProperties[[#Headers],[Feedlot type]], 0)} -> 0.125 | I72: {=Common_InputFunctions.Utility_DisplayArrayInTable(SourceData_Feedlot.SourceData_Feedlot_DietProperties_Data(), Table_SourceData_Feedlot_DietProperties[[#Headers],[Feedlot type]], 0)} -> 0.12 | J72: {=Common_InputFunctions.Utility_DisplayArrayInTable(SourceData_Feedlot.SourceData_Feedlot_DietProperties_Data(), Table_SourceData_Feedlot_DietProperties[[#Headers],[Feedlot type]], 0)} -> 0.12
D73: {=Common_InputFunctions.Utility_DisplayArrayInTable(SourceData_Feedlot.SourceData_Feedlot_DietProperties_Data(), Table_SourceData_Feedlot_DietProperties[[#Headers],[Feedlot type]], 0)} -> Mid-fed | E73: {=Common_InputFunctions.Utility_DisplayArrayInTable(SourceData_Feedlot.SourceData_Feedlot_DietProperties_Data(), Table_SourceData_Feedlot_DietProperties[[#Headers],[Feedlot type]], 0)} -> NDF | F73: {=Common_InputFunctions.Utility_DisplayArrayInTable(SourceData_Feedlot.SourceData_Feedlot_DietProperties_Data(), Table_SourceData_Feedlot_DietProperties[[#Headers],[Feedlot type]], 0)} -> per cent | G73: {=Common_InputFunctions.Utility_DisplayArrayInTable(SourceData_Feedlot.SourceData_Feedlot_DietProperties_Data(), Table_SourceData_Feedlot_DietProperties[[#Headers],[Feedlot type]], 0)} -> 24 | H73: {=Common_InputFunctions.Utility_DisplayArrayInTable(SourceData_Feedlot.SourceData_Feedlot_DietProperties_Data(), Table_SourceData_Feedlot_DietProperties[[#Headers],[Feedlot type]], 0)} -> 22 | I73: {=Common_InputFunctions.Utility_DisplayArrayInTable(SourceData_Feedlot.SourceData_Feedlot_DietProperties_Data(), Table_SourceData_Feedlot_DietProperties[[#Headers],[Feedlot type]], 0)} -> 22 | J73: {=Common_InputFunctions.Utility_DisplayArrayInTable(SourceData_Feedlot.SourceData_Feedlot_DietProperties_Data(), Table_SourceData_Feedlot_DietProperties[[#Headers],[Feedlot type]], 0)} -> 22
D74: {=Common_InputFunctions.Utility_DisplayArrayInTable(SourceData_Feedlot.SourceData_Feedlot_DietProperties_Data(), Table_SourceData_Feedlot_DietProperties[[#Headers],[Feedlot type]], 0)} -> Mid-fed | E74: {=Common_InputFunctions.Utility_DisplayArrayInTable(SourceData_Feedlot.SourceData_Feedlot_DietProperties_Data(), Table_SourceData_Feedlot_DietProperties[[#Headers],[Feedlot type]], 0)} -> Ether Extract | F74: {=Common_InputFunctions.Utility_DisplayArrayInTable(SourceData_Feedlot.SourceData_Feedlot_DietProperties_Data(), Table_SourceData_Feedlot_DietProperties[[#Headers],[Feedlot type]], 0)} -> per cent | G74: {=Common_InputFunctions.Utility_DisplayArrayInTable(SourceData_Feedlot.SourceData_Feedlot_DietProperties_Data(), Table_SourceData_Feedlot_DietProperties[[#Headers],[Feedlot type]], 0)} -> 5 | H74: {=Common_InputFunctions.Utility_DisplayArrayInTable(SourceData_Feedlot.SourceData_Feedlot_DietProperties_Data(), Table_SourceData_Feedlot_DietProperties[[#Headers],[Feedlot type]], 0)} -> 5 | I74: {=Common_InputFunctions.Utility_DisplayArrayInTable(SourceData_Feedlot.SourceData_Feedlot_DietProperties_Data(), Table_SourceData_Feedlot_DietProperties[[#Headers],[Feedlot type]], 0)} -> 5 | J74: {=Common_InputFunctions.Utility_DisplayArrayInTable(SourceData_Feedlot.SourceData_Feedlot_DietProperties_Data(), Table_SourceData_Feedlot_DietProperties[[#Headers],[Feedlot type]], 0)} -> 5
D75: {=Common_InputFunctions.Utility_DisplayArrayInTable(SourceData_Feedlot.SourceData_Feedlot_DietProperties_Data(), Table_SourceData_Feedlot_DietProperties[[#Headers],[Feedlot type]], 0)} -> Long-Fed | E75: {=Common_InputFunctions.Utility_DisplayArrayInTable(SourceData_Feedlot.SourceData_Feedlot_DietProperties_Data(), Table_SourceData_Feedlot_DietProperties[[#Headers],[Feedlot type]], 0)} -> Dry matter digestibility | F75: {=Common_InputFunctions.Utility_DisplayArrayInTable(SourceData_Feedlot.SourceData_Feedlot_DietProperties_Data(), Table_SourceData_Feedlot_DietProperties[[#Headers],[Feedlot type]], 0)} -> fraction | G75: {=Common_InputFunctions.Utility_DisplayArrayInTable(SourceData_Feedlot.SourceData_Feedlot_DietProperties_Data(), Table_SourceData_Feedlot_DietProperties[[#Headers],[Feedlot type]], 0)} -> 0.81 | H75: {=Common_InputFunctions.Utility_DisplayArrayInTable(SourceData_Feedlot.SourceData_Feedlot_DietProperties_Data(), Table_SourceData_Feedlot_DietProperties[[#Headers],[Feedlot type]], 0)} -> 0.81 | I75: {=Common_InputFunctions.Utility_DisplayArrayInTable(SourceData_Feedlot.SourceData_Feedlot_DietProperties_Data(), Table_SourceData_Feedlot_DietProperties[[#Headers],[Feedlot type]], 0)} -> 0.81 | J75: {=Common_InputFunctions.Utility_DisplayArrayInTable(SourceData_Feedlot.SourceData_Feedlot_DietProperties_Data(), Table_SourceData_Feedlot_DietProperties[[#Headers],[Feedlot type]], 0)} -> 0.81
D76: {=Common_InputFunctions.Utility_DisplayArrayInTable(SourceData_Feedlot.SourceData_Feedlot_DietProperties_Data(), Table_SourceData_Feedlot_DietProperties[[#Headers],[Feedlot type]], 0)} -> Long-Fed | E76: {=Common_InputFunctions.Utility_DisplayArrayInTable(SourceData_Feedlot.SourceData_Feedlot_DietProperties_Data(), Table_SourceData_Feedlot_DietProperties[[#Headers],[Feedlot type]], 0)} -> Crude protein | F76: {=Common_InputFunctions.Utility_DisplayArrayInTable(SourceData_Feedlot.SourceData_Feedlot_DietProperties_Data(), Table_SourceData_Feedlot_DietProperties[[#Headers],[Feedlot type]], 0)} -> fraction | G76: {=Common_InputFunctions.Utility_DisplayArrayInTable(SourceData_Feedlot.SourceData_Feedlot_DietProperties_Data(), Table_SourceData_Feedlot_DietProperties[[#Headers],[Feedlot type]], 0)} -> 0.13 | H76: {=Common_InputFunctions.Utility_DisplayArrayInTable(SourceData_Feedlot.SourceData_Feedlot_DietProperties_Data(), Table_SourceData_Feedlot_DietProperties[[#Headers],[Feedlot type]], 0)} -> 0.125 | I76: {=Common_InputFunctions.Utility_DisplayArrayInTable(SourceData_Feedlot.SourceData_Feedlot_DietProperties_Data(), Table_SourceData_Feedlot_DietProperties[[#Headers],[Feedlot type]], 0)} -> 0.12 | J76: {=Common_InputFunctions.Utility_DisplayArrayInTable(SourceData_Feedlot.SourceData_Feedlot_DietProperties_Data(), Table_SourceData_Feedlot_DietProperties[[#Headers],[Feedlot type]], 0)} -> 0.12
D77: {=Common_InputFunctions.Utility_DisplayArrayInTable(SourceData_Feedlot.SourceData_Feedlot_DietProperties_Data(), Table_SourceData_Feedlot_DietProperties[[#Headers],[Feedlot type]], 0)} -> Long-Fed | E77: {=Common_InputFunctions.Utility_DisplayArrayInTable(SourceData_Feedlot.SourceData_Feedlot_DietProperties_Data(), Table_SourceData_Feedlot_DietProperties[[#Headers],[Feedlot type]], 0)} -> NDF | F77: {=Common_InputFunctions.Utility_DisplayArrayInTable(SourceData_Feedlot.SourceData_Feedlot_DietProperties_Data(), Table_SourceData_Feedlot_DietProperties[[#Headers],[Feedlot type]], 0)} -> per cent | G77: {=Common_InputFunctions.Utility_DisplayArrayInTable(SourceData_Feedlot.SourceData_Feedlot_DietProperties_Data(), Table_SourceData_Feedlot_DietProperties[[#Headers],[Feedlot type]], 0)} -> 24 | H77: {=Common_InputFunctions.Utility_DisplayArrayInTable(SourceData_Feedlot.SourceData_Feedlot_DietProperties_Data(), Table_SourceData_Feedlot_DietProperties[[#Headers],[Feedlot type]], 0)} -> 24 | I77: {=Common_InputFunctions.Utility_DisplayArrayInTable(SourceData_Feedlot.SourceData_Feedlot_DietProperties_Data(), Table_SourceData_Feedlot_DietProperties[[#Headers],[Feedlot type]], 0)} -> 24 | J77: {=Common_InputFunctions.Utility_DisplayArrayInTable(SourceData_Feedlot.SourceData_Feedlot_DietProperties_Data(), Table_SourceData_Feedlot_DietProperties[[#Headers],[Feedlot type]], 0)} -> 24
D78: {=Common_InputFunctions.Utility_DisplayArrayInTable(SourceData_Feedlot.SourceData_Feedlot_DietProperties_Data(), Table_SourceData_Feedlot_DietProperties[[#Headers],[Feedlot type]], 0)} -> Long-Fed | E78: {=Common_InputFunctions.Utility_DisplayArrayInTable(SourceData_Feedlot.SourceData_Feedlot_DietProperties_Data(), Table_SourceData_Feedlot_DietProperties[[#Headers],[Feedlot type]], 0)} -> Ether Extract | F78: {=Common_InputFunctions.Utility_DisplayArrayInTable(SourceData_Feedlot.SourceData_Feedlot_DietProperties_Data(), Table_SourceData_Feedlot_DietProperties[[#Headers],[Feedlot type]], 0)} -> per cent | G78: {=Common_InputFunctions.Utility_DisplayArrayInTable(SourceData_Feedlot.SourceData_Feedlot_DietProperties_Data(), Table_SourceData_Feedlot_DietProperties[[#Headers],[Feedlot type]], 0)} -> 5 | H78: {=Common_InputFunctions.Utility_DisplayArrayInTable(SourceData_Feedlot.SourceData_Feedlot_DietProperties_Data(), Table_SourceData_Feedlot_DietProperties[[#Headers],[Feedlot type]], 0)} -> 5 | I78: {=Common_InputFunctions.Utility_DisplayArrayInTable(SourceData_Feedlot.SourceData_Feedlot_DietProperties_Data(), Table_SourceData_Feedlot_DietProperties[[#Headers],[Feedlot type]], 0)} -> 5.5 | J78: {=Common_InputFunctions.Utility_DisplayArrayInTable(SourceData_Feedlot.SourceData_Feedlot_DietProperties_Data(), Table_SourceData_Feedlot_DietProperties[[#Headers],[Feedlot type]], 0)} -> 5.5
D81: {=SourceData_Feedlot.SourceData_Feedlot_MCF_Title()} -> Feedlot - MCFs
D82: {=SourceData_Feedlot.SourceData_Feedlot_MCF_Source()} -> VEERG 2026: Table A.1.1.4: Beef feedlot cattle - MCFs (fraction) (MCFimT)
D83: {=SourceData_Feedlot.SourceData_Feedlot_MCF_Variation()} -> VARIATION ON SOURCE:
D84: Duplicated NSW values for ACT
D85: Added NT and TAS columns with 'no data' values
D86: Added 'NIR definition' column with MMS names that match NIR definitions.
D88: Treatment stage T | E88: MMS m | F88: NSW | G88: ACT | H88: QLD | I88: NT | J88: SA | K88: VIC | L88: WA | M88: TAS | N88: NIR definition
D89: {=Common_InputFunctions.Utility_DisplayArrayInTable(SourceData_Feedlot.SourceData_Feedlot_MCF_Data(), Table_SourceData_Feedlot_MCF[[#Headers],[Treatment stage T]], 0)} -> Primary | E89: {=Common_InputFunctions.Utility_DisplayArrayInTable(SourceData_Feedlot.SourceData_Feedlot_MCF_Data(), Table_SourceData_Feedlot_MCF[[#Headers],[Treatment stage T]], 0)} -> Dry lot (Feedpad) | F89: {=Common_InputFunctions.Utility_DisplayArrayInTable(SourceData_Feedlot.SourceData_Feedlot_MCF_Data(), Table_SourceData_Feedlot_MCF[[#Headers],[Treatment stage T]], 0)} -> 0.01 | G89: {=Common_InputFunctions.Utility_DisplayArrayInTable(SourceData_Feedlot.SourceData_Feedlot_MCF_Data(), Table_SourceData_Feedlot_MCF[[#Headers],[Treatment stage T]], 0)} -> 0.01 | H89: {=Common_InputFunctions.Utility_DisplayArrayInTable(SourceData_Feedlot.SourceData_Feedlot_MCF_Data(), Table_SourceData_Feedlot_MCF[[#Headers],[Treatment stage T]], 0)} -> 0.03 | I89: {=Common_InputFunctions.Utility_DisplayArrayInTable(SourceData_Feedlot.SourceData_Feedlot_MCF_Data(), Table_SourceData_Feedlot_MCF[[#Headers],[Treatment stage T]], 0)} -> No data | J89: {=Common_InputFunctions.Utility_DisplayArrayInTable(SourceData_Feedlot.SourceData_Feedlot_MCF_Data(), Table_SourceData_Feedlot_MCF[[#Headers],[Treatment stage T]], 0)} -> 0.01 | K89: {=Common_InputFunctions.Utility_DisplayArrayInTable(SourceData_Feedlot.SourceData_Feedlot_MCF_Data(), Table_SourceData_Feedlot_MCF[[#Headers],[Treatment stage T]], 0)} -> 0.01 | ... N89: {=Common_InputFunctions.Utility_DisplayArrayInTable(SourceData_Feedlot.SourceData_Feedlot_MCF_Data(), Table_SourceData_Feedlot_MCF[[#Headers],[Treatment stage T]], 0)} -> Drylot (feed pad)
D90: {=Common_InputFunctions.Utility_DisplayArrayInTable(SourceData_Feedlot.SourceData_Feedlot_MCF_Data(), Table_SourceData_Feedlot_MCF[[#Headers],[Treatment stage T]], 0)} -> Secondary | E90: {=Common_InputFunctions.Utility_DisplayArrayInTable(SourceData_Feedlot.SourceData_Feedlot_MCF_Data(), Table_SourceData_Feedlot_MCF[[#Headers],[Treatment stage T]], 0)} -> Solid Storage (Stockpile) | F90: {=Common_InputFunctions.Utility_DisplayArrayInTable(SourceData_Feedlot.SourceData_Feedlot_MCF_Data(), Table_SourceData_Feedlot_MCF[[#Headers],[Treatment stage T]], 0)} -> 0.02 | G90: {=Common_InputFunctions.Utility_DisplayArrayInTable(SourceData_Feedlot.SourceData_Feedlot_MCF_Data(), Table_SourceData_Feedlot_MCF[[#Headers],[Treatment stage T]], 0)} -> 0.02 | H90: {=Common_InputFunctions.Utility_DisplayArrayInTable(SourceData_Feedlot.SourceData_Feedlot_MCF_Data(), Table_SourceData_Feedlot_MCF[[#Headers],[Treatment stage T]], 0)} -> 0.02 | I90: {=Common_InputFunctions.Utility_DisplayArrayInTable(SourceData_Feedlot.SourceData_Feedlot_MCF_Data(), Table_SourceData_Feedlot_MCF[[#Headers],[Treatment stage T]], 0)} -> No data | J90: {=Common_InputFunctions.Utility_DisplayArrayInTable(SourceData_Feedlot.SourceData_Feedlot_MCF_Data(), Table_SourceData_Feedlot_MCF[[#Headers],[Treatment stage T]], 0)} -> 0.02 | K90: {=Common_InputFunctions.Utility_DisplayArrayInTable(SourceData_Feedlot.SourceData_Feedlot_MCF_Data(), Table_SourceData_Feedlot_MCF[[#Headers],[Treatment stage T]], 0)} -> 0.02 | ... N90: {=Common_InputFunctions.Utility_DisplayArrayInTable(SourceData_Feedlot.SourceData_Feedlot_MCF_Data(), Table_SourceData_Feedlot_MCF[[#Headers],[Treatment stage T]], 0)} -> Solid storage
D91: {=Common_InputFunctions.Utility_DisplayArrayInTable(SourceData_Feedlot.SourceData_Feedlot_MCF_Data(), Table_SourceData_Feedlot_MCF[[#Headers],[Treatment stage T]], 0)} -> Secondary | E91: {=Common_InputFunctions.Utility_DisplayArrayInTable(SourceData_Feedlot.SourceData_Feedlot_MCF_Data(), Table_SourceData_Feedlot_MCF[[#Headers],[Treatment stage T]], 0)} -> Composting (Passive Windrow) | F91: {=Common_InputFunctions.Utility_DisplayArrayInTable(SourceData_Feedlot.SourceData_Feedlot_MCF_Data(), Table_SourceData_Feedlot_MCF[[#Headers],[Treatment stage T]], 0)} -> 0.01 | G91: {=Common_InputFunctions.Utility_DisplayArrayInTable(SourceData_Feedlot.SourceData_Feedlot_MCF_Data(), Table_SourceData_Feedlot_MCF[[#Headers],[Treatment stage T]], 0)} -> 0.01 | H91: {=Common_InputFunctions.Utility_DisplayArrayInTable(SourceData_Feedlot.SourceData_Feedlot_MCF_Data(), Table_SourceData_Feedlot_MCF[[#Headers],[Treatment stage T]], 0)} -> 0.01 | I91: {=Common_InputFunctions.Utility_DisplayArrayInTable(SourceData_Feedlot.SourceData_Feedlot_MCF_Data(), Table_SourceData_Feedlot_MCF[[#Headers],[Treatment stage T]], 0)} -> No data | J91: {=Common_InputFunctions.Utility_DisplayArrayInTable(SourceData_Feedlot.SourceData_Feedlot_MCF_Data(), Table_SourceData_Feedlot_MCF[[#Headers],[Treatment stage T]], 0)} -> 0.01 | K91: {=Common_InputFunctions.Utility_DisplayArrayInTable(SourceData_Feedlot.SourceData_Feedlot_MCF_Data(), Table_SourceData_Feedlot_MCF[[#Headers],[Treatment stage T]], 0)} -> 0.01 | ... N91: {=Common_InputFunctions.Utility_DisplayArrayInTable(SourceData_Feedlot.SourceData_Feedlot_MCF_Data(), Table_SourceData_Feedlot_MCF[[#Headers],[Treatment stage T]], 0)} -> Composting (passive windrow)
D92: {=Common_InputFunctions.Utility_DisplayArrayInTable(SourceData_Feedlot.SourceData_Feedlot_MCF_Data(), Table_SourceData_Feedlot_MCF[[#Headers],[Treatment stage T]], 0)} -> Secondary | E92: {=Common_InputFunctions.Utility_DisplayArrayInTable(SourceData_Feedlot.SourceData_Feedlot_MCF_Data(), Table_SourceData_Feedlot_MCF[[#Headers],[Treatment stage T]], 0)} -> Direct Application to soil | F92: {=Common_InputFunctions.Utility_DisplayArrayInTable(SourceData_Feedlot.SourceData_Feedlot_MCF_Data(), Table_SourceData_Feedlot_MCF[[#Headers],[Treatment stage T]], 0)} -> 0 | G92: {=Common_InputFunctions.Utility_DisplayArrayInTable(SourceData_Feedlot.SourceData_Feedlot_MCF_Data(), Table_SourceData_Feedlot_MCF[[#Headers],[Treatment stage T]], 0)} -> 0 | H92: {=Common_InputFunctions.Utility_DisplayArrayInTable(SourceData_Feedlot.SourceData_Feedlot_MCF_Data(), Table_SourceData_Feedlot_MCF[[#Headers],[Treatment stage T]], 0)} -> 0 | I92: {=Common_InputFunctions.Utility_DisplayArrayInTable(SourceData_Feedlot.SourceData_Feedlot_MCF_Data(), Table_SourceData_Feedlot_MCF[[#Headers],[Treatment stage T]], 0)} -> No data | J92: {=Common_InputFunctions.Utility_DisplayArrayInTable(SourceData_Feedlot.SourceData_Feedlot_MCF_Data(), Table_SourceData_Feedlot_MCF[[#Headers],[Treatment stage T]], 0)} -> 0 | K92: {=Common_InputFunctions.Utility_DisplayArrayInTable(SourceData_Feedlot.SourceData_Feedlot_MCF_Data(), Table_SourceData_Feedlot_MCF[[#Headers],[Treatment stage T]], 0)} -> 0 | ... N92: {=Common_InputFunctions.Utility_DisplayArrayInTable(SourceData_Feedlot.SourceData_Feedlot_MCF_Data(), Table_SourceData_Feedlot_MCF[[#Headers],[Treatment stage T]], 0)} -> Direct application
D93: {=Common_InputFunctions.Utility_DisplayArrayInTable(SourceData_Feedlot.SourceData_Feedlot_MCF_Data(), Table_SourceData_Feedlot_MCF[[#Headers],[Treatment stage T]], 0)} -> Tertiary | E93: {=Common_InputFunctions.Utility_DisplayArrayInTable(SourceData_Feedlot.SourceData_Feedlot_MCF_Data(), Table_SourceData_Feedlot_MCF[[#Headers],[Treatment stage T]], 0)} -> Uncovered anaerobic lagoon (Effluent pond) | F93: {=Common_InputFunctions.Utility_DisplayArrayInTable(SourceData_Feedlot.SourceData_Feedlot_MCF_Data(), Table_SourceData_Feedlot_MCF[[#Headers],[Treatment stage T]], 0)} -> 0.75 | G93: {=Common_InputFunctions.Utility_DisplayArrayInTable(SourceData_Feedlot.SourceData_Feedlot_MCF_Data(), Table_SourceData_Feedlot_MCF[[#Headers],[Treatment stage T]], 0)} -> 0.75 | H93: {=Common_InputFunctions.Utility_DisplayArrayInTable(SourceData_Feedlot.SourceData_Feedlot_MCF_Data(), Table_SourceData_Feedlot_MCF[[#Headers],[Treatment stage T]], 0)} -> 0.77 | I93: {=Common_InputFunctions.Utility_DisplayArrayInTable(SourceData_Feedlot.SourceData_Feedlot_MCF_Data(), Table_SourceData_Feedlot_MCF[[#Headers],[Treatment stage T]], 0)} -> No data | J93: {=Common_InputFunctions.Utility_DisplayArrayInTable(SourceData_Feedlot.SourceData_Feedlot_MCF_Data(), Table_SourceData_Feedlot_MCF[[#Headers],[Treatment stage T]], 0)} -> 0.75 | K93: {=Common_InputFunctions.Utility_DisplayArrayInTable(SourceData_Feedlot.SourceData_Feedlot_MCF_Data(), Table_SourceData_Feedlot_MCF[[#Headers],[Treatment stage T]], 0)} -> 0.75 | ... N93: {=Common_InputFunctions.Utility_DisplayArrayInTable(SourceData_Feedlot.SourceData_Feedlot_MCF_Data(), Table_SourceData_Feedlot_MCF[[#Headers],[Treatment stage T]], 0)} -> Anaerobic lagoon
I94: apply queensland | M94: use vic
D96: {=SourceData_Feedlot.SourceData_Feedlot_NitrousOxideEFs_Title()} -> Feedlot - Nitrous oxide EFs
D97: {=SourceData_Feedlot.SourceData_Feedlot_NitrousOxideEFs_Source()} -> VEERG 2026: Table A.1.1.5: Beef feedlot cattle - Nitrous oxide EFs (EFmT)
D98: {=SourceData_Feedlot.SourceData_Feedlot_NitrousOxideEFs_Variation()} -> VARIATION ON SOURCE:
D99: Added 'NIR definition' column with MMS names that match NIR definitions.
D100: Treatment stage T | E100: MMS m | F100: EF mT | G100: NIR definition
D101: {=Common_InputFunctions.Utility_DisplayArrayInTable(SourceData_Feedlot.SourceData_Feedlot_NitrousOxideEFs_Data(), Table_SourceData_Feedlot_NO2EFs[[#Headers],[Treatment stage T]], 0)} -> Primary | E101: {=Common_InputFunctions.Utility_DisplayArrayInTable(SourceData_Feedlot.SourceData_Feedlot_NitrousOxideEFs_Data(), Table_SourceData_Feedlot_NO2EFs[[#Headers],[Treatment stage T]], 0)} -> Dry lot (Feedpad) | F101: {=Common_InputFunctions.Utility_DisplayArrayInTable(SourceData_Feedlot.SourceData_Feedlot_NitrousOxideEFs_Data(), Table_SourceData_Feedlot_NO2EFs[[#Headers],[Treatment stage T]], 0)} -> 0.0054 | G101: {=Common_InputFunctions.Utility_DisplayArrayInTable(SourceData_Feedlot.SourceData_Feedlot_NitrousOxideEFs_Data(), Table_SourceData_Feedlot_NO2EFs[[#Headers],[Treatment stage T]], 0)} -> Drylot (feed pad)
D102: {=Common_InputFunctions.Utility_DisplayArrayInTable(SourceData_Feedlot.SourceData_Feedlot_NitrousOxideEFs_Data(), Table_SourceData_Feedlot_NO2EFs[[#Headers],[Treatment stage T]], 0)} -> Secondary | E102: {=Common_InputFunctions.Utility_DisplayArrayInTable(SourceData_Feedlot.SourceData_Feedlot_NitrousOxideEFs_Data(), Table_SourceData_Feedlot_NO2EFs[[#Headers],[Treatment stage T]], 0)} -> Solid Storage (Stockpile) | F102: {=Common_InputFunctions.Utility_DisplayArrayInTable(SourceData_Feedlot.SourceData_Feedlot_NitrousOxideEFs_Data(), Table_SourceData_Feedlot_NO2EFs[[#Headers],[Treatment stage T]], 0)} -> 0.005 | G102: {=Common_InputFunctions.Utility_DisplayArrayInTable(SourceData_Feedlot.SourceData_Feedlot_NitrousOxideEFs_Data(), Table_SourceData_Feedlot_NO2EFs[[#Headers],[Treatment stage T]], 0)} -> Solid storage
D103: {=Common_InputFunctions.Utility_DisplayArrayInTable(SourceData_Feedlot.SourceData_Feedlot_NitrousOxideEFs_Data(), Table_SourceData_Feedlot_NO2EFs[[#Headers],[Treatment stage T]], 0)} -> Secondary | E103: {=Common_InputFunctions.Utility_DisplayArrayInTable(SourceData_Feedlot.SourceData_Feedlot_NitrousOxideEFs_Data(), Table_SourceData_Feedlot_NO2EFs[[#Headers],[Treatment stage T]], 0)} -> Composting (Passive Windrow) | F103: {=Common_InputFunctions.Utility_DisplayArrayInTable(SourceData_Feedlot.SourceData_Feedlot_NitrousOxideEFs_Data(), Table_SourceData_Feedlot_NO2EFs[[#Headers],[Treatment stage T]], 0)} -> 0.01 | G103: {=Common_InputFunctions.Utility_DisplayArrayInTable(SourceData_Feedlot.SourceData_Feedlot_NitrousOxideEFs_Data(), Table_SourceData_Feedlot_NO2EFs[[#Headers],[Treatment stage T]], 0)} -> Composting (passive windrow)
D104: {=Common_InputFunctions.Utility_DisplayArrayInTable(SourceData_Feedlot.SourceData_Feedlot_NitrousOxideEFs_Data(), Table_SourceData_Feedlot_NO2EFs[[#Headers],[Treatment stage T]], 0)} -> Secondary | E104: {=Common_InputFunctions.Utility_DisplayArrayInTable(SourceData_Feedlot.SourceData_Feedlot_NitrousOxideEFs_Data(), Table_SourceData_Feedlot_NO2EFs[[#Headers],[Treatment stage T]], 0)} -> Direct Application to soil | F104: {=Common_InputFunctions.Utility_DisplayArrayInTable(SourceData_Feedlot.SourceData_Feedlot_NitrousOxideEFs_Data(), Table_SourceData_Feedlot_NO2EFs[[#Headers],[Treatment stage T]], 0)} -> 0 | G104: {=Common_InputFunctions.Utility_DisplayArrayInTable(SourceData_Feedlot.SourceData_Feedlot_NitrousOxideEFs_Data(), Table_SourceData_Feedlot_NO2EFs[[#Headers],[Treatment stage T]], 0)} -> Direct application
D105: {=Common_InputFunctions.Utility_DisplayArrayInTable(SourceData_Feedlot.SourceData_Feedlot_NitrousOxideEFs_Data(), Table_SourceData_Feedlot_NO2EFs[[#Headers],[Treatment stage T]], 0)} -> Tertiary | E105: {=Common_InputFunctions.Utility_DisplayArrayInTable(SourceData_Feedlot.SourceData_Feedlot_NitrousOxideEFs_Data(), Table_SourceData_Feedlot_NO2EFs[[#Headers],[Treatment stage T]], 0)} -> Uncovered anaerobic lagoon (Effluent Pond) | F105: {=Common_InputFunctions.Utility_DisplayArrayInTable(SourceData_Feedlot.SourceData_Feedlot_NitrousOxideEFs_Data(), Table_SourceData_Feedlot_NO2EFs[[#Headers],[Treatment stage T]], 0)} -> 0 | G105: {=Common_InputFunctions.Utility_DisplayArrayInTable(SourceData_Feedlot.SourceData_Feedlot_NitrousOxideEFs_Data(), Table_SourceData_Feedlot_NO2EFs[[#Headers],[Treatment stage T]], 0)} -> Anaerobic lagoon
D108: {=SourceData_Feedlot.SourceData_Feedlot_FracNVolatilised_Title()} -> Feedlot - Fraction of N volatilised by MMS (FracGASMmT)
D109: {=SourceData_Feedlot.SourceData_Feedlot_FracNVolatilised_Source()} -> VEERG 2026: Table A.1.1.6: Beef feedlot cattle - Fraction of N volatilised by MMS (FracGASMmT)
D110: {=SourceData_Feedlot.SourceData_Feedlot_FracNVolatilised_Variation()} -> VARIATION ON SOURCE:
D111: Added 'NIR definition' column with MMS names that match NIR definitions.
D112: Treatment stage T | E112: MMS m | F112: FracGASMmT | G112: NIR definition
D113: {=Common_InputFunctions.Utility_DisplayArrayInTable(SourceData_Feedlot.SourceData_Feedlot_FracNVolatilised_Data(), Table_SourceData_Feedlot_FracGASMmT[[#Headers],[Treatment stage T]], 0)} -> Primary | E113: {=Common_InputFunctions.Utility_DisplayArrayInTable(SourceData_Feedlot.SourceData_Feedlot_FracNVolatilised_Data(), Table_SourceData_Feedlot_FracGASMmT[[#Headers],[Treatment stage T]], 0)} -> Dry lot (Feedpad) | F113: {=Common_InputFunctions.Utility_DisplayArrayInTable(SourceData_Feedlot.SourceData_Feedlot_FracNVolatilised_Data(), Table_SourceData_Feedlot_FracGASMmT[[#Headers],[Treatment stage T]], 0)} -> 0.6 | G113: {=Common_InputFunctions.Utility_DisplayArrayInTable(SourceData_Feedlot.SourceData_Feedlot_FracNVolatilised_Data(), Table_SourceData_Feedlot_FracGASMmT[[#Headers],[Treatment stage T]], 0)} -> Drylot (feed pad)
D114: {=Common_InputFunctions.Utility_DisplayArrayInTable(SourceData_Feedlot.SourceData_Feedlot_FracNVolatilised_Data(), Table_SourceData_Feedlot_FracGASMmT[[#Headers],[Treatment stage T]], 0)} -> Secondary | E114: {=Common_InputFunctions.Utility_DisplayArrayInTable(SourceData_Feedlot.SourceData_Feedlot_FracNVolatilised_Data(), Table_SourceData_Feedlot_FracGASMmT[[#Headers],[Treatment stage T]], 0)} -> Solid Storage (Stockpile) | F114: {=Common_InputFunctions.Utility_DisplayArrayInTable(SourceData_Feedlot.SourceData_Feedlot_FracNVolatilised_Data(), Table_SourceData_Feedlot_FracGASMmT[[#Headers],[Treatment stage T]], 0)} -> 0.25 | G114: {=Common_InputFunctions.Utility_DisplayArrayInTable(SourceData_Feedlot.SourceData_Feedlot_FracNVolatilised_Data(), Table_SourceData_Feedlot_FracGASMmT[[#Headers],[Treatment stage T]], 0)} -> Solid storage
D115: {=Common_InputFunctions.Utility_DisplayArrayInTable(SourceData_Feedlot.SourceData_Feedlot_FracNVolatilised_Data(), Table_SourceData_Feedlot_FracGASMmT[[#Headers],[Treatment stage T]], 0)} -> Secondary | E115: {=Common_InputFunctions.Utility_DisplayArrayInTable(SourceData_Feedlot.SourceData_Feedlot_FracNVolatilised_Data(), Table_SourceData_Feedlot_FracGASMmT[[#Headers],[Treatment stage T]], 0)} -> Composting (Passive Windrow) | F115: {=Common_InputFunctions.Utility_DisplayArrayInTable(SourceData_Feedlot.SourceData_Feedlot_FracNVolatilised_Data(), Table_SourceData_Feedlot_FracGASMmT[[#Headers],[Treatment stage T]], 0)} -> 0.4 | G115: {=Common_InputFunctions.Utility_DisplayArrayInTable(SourceData_Feedlot.SourceData_Feedlot_FracNVolatilised_Data(), Table_SourceData_Feedlot_FracGASMmT[[#Headers],[Treatment stage T]], 0)} -> Composting (passive windrow)
D116: {=Common_InputFunctions.Utility_DisplayArrayInTable(SourceData_Feedlot.SourceData_Feedlot_FracNVolatilised_Data(), Table_SourceData_Feedlot_FracGASMmT[[#Headers],[Treatment stage T]], 0)} -> Secondary | E116: {=Common_InputFunctions.Utility_DisplayArrayInTable(SourceData_Feedlot.SourceData_Feedlot_FracNVolatilised_Data(), Table_SourceData_Feedlot_FracGASMmT[[#Headers],[Treatment stage T]], 0)} -> Direct Application to soil | F116: {=Common_InputFunctions.Utility_DisplayArrayInTable(SourceData_Feedlot.SourceData_Feedlot_FracNVolatilised_Data(), Table_SourceData_Feedlot_FracGASMmT[[#Headers],[Treatment stage T]], 0)} -> 0 | G116: {=Common_InputFunctions.Utility_DisplayArrayInTable(SourceData_Feedlot.SourceData_Feedlot_FracNVolatilised_Data(), Table_SourceData_Feedlot_FracGASMmT[[#Headers],[Treatment stage T]], 0)} -> Direct application
D117: {=Common_InputFunctions.Utility_DisplayArrayInTable(SourceData_Feedlot.SourceData_Feedlot_FracNVolatilised_Data(), Table_SourceData_Feedlot_FracGASMmT[[#Headers],[Treatment stage T]], 0)} -> Tertiary | E117: {=Common_InputFunctions.Utility_DisplayArrayInTable(SourceData_Feedlot.SourceData_Feedlot_FracNVolatilised_Data(), Table_SourceData_Feedlot_FracGASMmT[[#Headers],[Treatment stage T]], 0)} -> Uncovered anaerobic lagoon (Effluent pond) | F117: {=Common_InputFunctions.Utility_DisplayArrayInTable(SourceData_Feedlot.SourceData_Feedlot_FracNVolatilised_Data(), Table_SourceData_Feedlot_FracGASMmT[[#Headers],[Treatment stage T]], 0)} -> 0.35 | G117: {=Common_InputFunctions.Utility_DisplayArrayInTable(SourceData_Feedlot.SourceData_Feedlot_FracNVolatilised_Data(), Table_SourceData_Feedlot_FracGASMmT[[#Headers],[Treatment stage T]], 0)} -> Anaerobic lagoon

Sheet Constants - Common
A1: #VALUE! | C1: Constants - Common
D5: {=Common_SourceData.Common_SourceData_AustralianStatesTerritories_Title()} -> Australian states and territories
D6: State/Territory | E6: Common Name | F6: Abbreviation
D7: {=Common_InputFunctions.Utility_DisplayArrayInTable(Common_SourceData.Common_SourceData_AustralianStatesTerritories_Data(),Table_AustralianStates[[#Headers],[State/Territory]],0)} -> New South Wales | E7: {=Common_InputFunctions.Utility_DisplayArrayInTable(Common_SourceData.Common_SourceData_AustralianStatesTerritories_Data(),Table_AustralianStates[[#Headers],[State/Territory]],0)} -> New South Wales | F7: {=Common_InputFunctions.Utility_DisplayArrayInTable(Common_SourceData.Common_SourceData_AustralianStatesTerritories_Data(),Table_AustralianStates[[#Headers],[State/Territory]],0)} -> NSW
D8: {=Common_InputFunctions.Utility_DisplayArrayInTable(Common_SourceData.Common_SourceData_AustralianStatesTerritories_Data(),Table_AustralianStates[[#Headers],[State/Territory]],0)} -> Australian Capital Territory | E8: {=Common_InputFunctions.Utility_DisplayArrayInTable(Common_SourceData.Common_SourceData_AustralianStatesTerritories_Data(),Table_AustralianStates[[#Headers],[State/Territory]],0)} -> ACT | F8: {=Common_InputFunctions.Utility_DisplayArrayInTable(Common_SourceData.Common_SourceData_AustralianStatesTerritories_Data(),Table_AustralianStates[[#Headers],[State/Territory]],0)} -> ACT
D9: {=Common_InputFunctions.Utility_DisplayArrayInTable(Common_SourceData.Common_SourceData_AustralianStatesTerritories_Data(),Table_AustralianStates[[#Headers],[State/Territory]],0)} -> Victoria | E9: {=Common_InputFunctions.Utility_DisplayArrayInTable(Common_SourceData.Common_SourceData_AustralianStatesTerritories_Data(),Table_AustralianStates[[#Headers],[State/Territory]],0)} -> Victoria | F9: {=Common_InputFunctions.Utility_DisplayArrayInTable(Common_SourceData.Common_SourceData_AustralianStatesTerritories_Data(),Table_AustralianStates[[#Headers],[State/Territory]],0)} -> VIC
D10: {=Common_InputFunctions.Utility_DisplayArrayInTable(Common_SourceData.Common_SourceData_AustralianStatesTerritories_Data(),Table_AustralianStates[[#Headers],[State/Territory]],0)} -> Queensland | E10: {=Common_InputFunctions.Utility_DisplayArrayInTable(Common_SourceData.Common_SourceData_AustralianStatesTerritories_Data(),Table_AustralianStates[[#Headers],[State/Territory]],0)} -> Queensland | F10: {=Common_InputFunctions.Utility_DisplayArrayInTable(Common_SourceData.Common_SourceData_AustralianStatesTerritories_Data(),Table_AustralianStates[[#Headers],[State/Territory]],0)} -> QLD
D11: {=Common_InputFunctions.Utility_DisplayArrayInTable(Common_SourceData.Common_SourceData_AustralianStatesTerritories_Data(),Table_AustralianStates[[#Headers],[State/Territory]],0)} -> South Australia | E11: {=Common_InputFunctions.Utility_DisplayArrayInTable(Common_SourceData.Common_SourceData_AustralianStatesTerritories_Data(),Table_AustralianStates[[#Headers],[State/Territory]],0)} -> South Australia | F11: {=Common_InputFunctions.Utility_DisplayArrayInTable(Common_SourceData.Common_SourceData_AustralianStatesTerritories_Data(),Table_AustralianStates[[#Headers],[State/Territory]],0)} -> SA
D12: {=Common_InputFunctions.Utility_DisplayArrayInTable(Common_SourceData.Common_SourceData_AustralianStatesTerritories_Data(),Table_AustralianStates[[#Headers],[State/Territory]],0)} -> Western Australia | E12: {=Common_InputFunctions.Utility_DisplayArrayInTable(Common_SourceData.Common_SourceData_AustralianStatesTerritories_Data(),Table_AustralianStates[[#Headers],[State/Territory]],0)} -> Western Australia | F12: {=Common_InputFunctions.Utility_DisplayArrayInTable(Common_SourceData.Common_SourceData_AustralianStatesTerritories_Data(),Table_AustralianStates[[#Headers],[State/Territory]],0)} -> WA
D13: {=Common_InputFunctions.Utility_DisplayArrayInTable(Common_SourceData.Common_SourceData_AustralianStatesTerritories_Data(),Table_AustralianStates[[#Headers],[State/Territory]],0)} -> Tasmania | E13: {=Common_InputFunctions.Utility_DisplayArrayInTable(Common_SourceData.Common_SourceData_AustralianStatesTerritories_Data(),Table_AustralianStates[[#Headers],[State/Territory]],0)} -> Tasmania | F13: {=Common_InputFunctions.Utility_DisplayArrayInTable(Common_SourceData.Common_SourceData_AustralianStatesTerritories_Data(),Table_AustralianStates[[#Headers],[State/Territory]],0)} -> TAS
D14: {=Common_InputFunctions.Utility_DisplayArrayInTable(Common_SourceData.Common_SourceData_AustralianStatesTerritories_Data(),Table_AustralianStates[[#Headers],[State/Territory]],0)} -> Northern Territory | E14: {=Common_InputFunctions.Utility_DisplayArrayInTable(Common_SourceData.Common_SourceData_AustralianStatesTerritories_Data(),Table_AustralianStates[[#Headers],[State/Territory]],0)} -> Northern Territory | F14: {=Common_InputFunctions.Utility_DisplayArrayInTable(Common_SourceData.Common_SourceData_AustralianStatesTerritories_Data(),Table_AustralianStates[[#Headers],[State/Territory]],0)} -> NT
D18: {=Common_SourceData.Common_SourceData_WASA4Areas_Title()} -> ABS Statistcal Areas Level 4 - Western Australia
D19: {=Common_SourceData.Common_SourceData_WASA4Areas_Source()} -> Australian Bureau of Statistics (ABS) - Statistical Areas Level 2 - 2021 - Shapefile
D20: SA 4 Name
D21: {=Common_InputFunctions.Utility_DisplayArrayInTable(Common_SourceData.Common_SourceData_WASA4Areas_Data(), Table_WASA4Areas[[#Headers],[SA 4 Name]], 0)} -> Bunbury
D22: {=Common_InputFunctions.Utility_DisplayArrayInTable(Common_SourceData.Common_SourceData_WASA4Areas_Data(), Table_WASA4Areas[[#Headers],[SA 4 Name]], 0)} -> Mandurah
D23: {=Common_InputFunctions.Utility_DisplayArrayInTable(Common_SourceData.Common_SourceData_WASA4Areas_Data(), Table_WASA4Areas[[#Headers],[SA 4 Name]], 0)} -> Perth - Inner
D24: {=Common_InputFunctions.Utility_DisplayArrayInTable(Common_SourceData.Common_SourceData_WASA4Areas_Data(), Table_WASA4Areas[[#Headers],[SA 4 Name]], 0)} -> Perth - North East
D25: {=Common_InputFunctions.Utility_DisplayArrayInTable(Common_SourceData.Common_SourceData_WASA4Areas_Data(), Table_WASA4Areas[[#Headers],[SA 4 Name]], 0)} -> Perth - North West
D26: {=Common_InputFunctions.Utility_DisplayArrayInTable(Common_SourceData.Common_SourceData_WASA4Areas_Data(), Table_WASA4Areas[[#Headers],[SA 4 Name]], 0)} -> Perth - South East
D27: {=Common_InputFunctions.Utility_DisplayArrayInTable(Common_SourceData.Common_SourceData_WASA4Areas_Data(), Table_WASA4Areas[[#Headers],[SA 4 Name]], 0)} -> Perth - South West
D28: {=Common_InputFunctions.Utility_DisplayArrayInTable(Common_SourceData.Common_SourceData_WASA4Areas_Data(), Table_WASA4Areas[[#Headers],[SA 4 Name]], 0)} -> Western Australia - Wheat Belt
D29: {=Common_InputFunctions.Utility_DisplayArrayInTable(Common_SourceData.Common_SourceData_WASA4Areas_Data(), Table_WASA4Areas[[#Headers],[SA 4 Name]], 0)} -> Western Australia - Outback (North)
D30: {=Common_InputFunctions.Utility_DisplayArrayInTable(Common_SourceData.Common_SourceData_WASA4Areas_Data(), Table_WASA4Areas[[#Headers],[SA 4 Name]], 0)} -> Western Australia - Outback (South)
D34: {=Common_SourceData.Common_SourceData_GWP_Title()} -> Global warming potential for greenhouse gases
D35: {=Common_SourceData.Common_SourceData_GWP_Source()} -> XXXXXXX
D36: Gas | E36: CO2-e factor
D37: {=Common_InputFunctions.Utility_DisplayArrayInTable(Common_SourceData.Common_SourceData_GWP_Data(), Table_GWPData[[#Headers],[Gas]], 0)} -> CO2 | E37: {=Common_InputFunctions.Utility_DisplayArrayInTable(Common_SourceData.Common_SourceData_GWP_Data(), Table_GWPData[[#Headers],[Gas]], 0)} -> 1
D38: {=Common_InputFunctions.Utility_DisplayArrayInTable(Common_SourceData.Common_SourceData_GWP_Data(), Table_GWPData[[#Headers],[Gas]], 0)} -> CH4 | E38: {=Common_InputFunctions.Utility_DisplayArrayInTable(Common_SourceData.Common_SourceData_GWP_Data(), Table_GWPData[[#Headers],[Gas]], 0)} -> 28
D39: {=Common_InputFunctions.Utility_DisplayArrayInTable(Common_SourceData.Common_SourceData_GWP_Data(), Table_GWPData[[#Headers],[Gas]], 0)} -> N2O | E39: {=Common_InputFunctions.Utility_DisplayArrayInTable(Common_SourceData.Common_SourceData_GWP_Data(), Table_GWPData[[#Headers],[Gas]], 0)} -> 265
D40: {=Common_InputFunctions.Utility_DisplayArrayInTable(Common_SourceData.Common_SourceData_GWP_Data(), Table_GWPData[[#Headers],[Gas]], 0)} -> CF4 | E40: {=Common_InputFunctions.Utility_DisplayArrayInTable(Common_SourceData.Common_SourceData_GWP_Data(), Table_GWPData[[#Headers],[Gas]], 0)} -> 6630
D41: {=Common_InputFunctions.Utility_DisplayArrayInTable(Common_SourceData.Common_SourceData_GWP_Data(), Table_GWPData[[#Headers],[Gas]], 0)} -> C2F6 | E41: {=Common_InputFunctions.Utility_DisplayArrayInTable(Common_SourceData.Common_SourceData_GWP_Data(), Table_GWPData[[#Headers],[Gas]], 0)} -> 12200
D42: {=Common_InputFunctions.Utility_DisplayArrayInTable(Common_SourceData.Common_SourceData_GWP_Data(), Table_GWPData[[#Headers],[Gas]], 0)} -> SF6 | E42: {=Common_InputFunctions.Utility_DisplayArrayInTable(Common_SourceData.Common_SourceData_GWP_Data(), Table_GWPData[[#Headers],[Gas]], 0)} -> 22800
D43: {=Common_InputFunctions.Utility_DisplayArrayInTable(Common_SourceData.Common_SourceData_GWP_Data(), Table_GWPData[[#Headers],[Gas]], 0)} -> NF3 | E43: {=Common_InputFunctions.Utility_DisplayArrayInTable(Common_SourceData.Common_SourceData_GWP_Data(), Table_GWPData[[#Headers],[Gas]], 0)} -> 17200
D45: {=Common_SourceData.Common_SourceData_ConvertGasElementalToMolecular_Title()} -> Factor to convert elemental mass of gas to molecular mass
D46: {=Common_SourceData.Common_SourceData_ConvertGasElementalToMolecular_Source()} -> XXXXXXX
D47: Gas | E47: Conversion factor | F47: Conversion factor 1 | G47: Conversion factor 2 | H47: Conversion factor combined
D48: {=Common_InputFunctions.Utility_DisplayArrayInTable(Common_SourceData.Common_SourceData_ConvertGasElementalToMolecular_Data(),Table_GasToMolecularConversionFactor[[#Headers],[Gas]], 0)} -> CO2 | E48: {=Common_InputFunctions.Utility_DisplayArrayInTable(Common_SourceData.Common_SourceData_ConvertGasElementalToMolecular_Data(),Table_GasToMolecularConversionFactor[[#Headers],[Gas]], 0)} -> 44/12 | F48: {=Common_InputFunctions.Utility_DisplayArrayInTable(Common_SourceData.Common_SourceData_ConvertGasElementalToMolecular_Data(),Table_GasToMolecularConversionFactor[[#Headers],[Gas]], 0)} -> 44 | G48: {=Common_InputFunctions.Utility_DisplayArrayInTable(Common_SourceData.Common_SourceData_ConvertGasElementalToMolecular_Data(),Table_GasToMolecularConversionFactor[[#Headers],[Gas]], 0)} -> 12 | H48: =Table_GasToMolecularConversionFactor[[#This Row],[Conversion factor 1]]/Table_GasToMolecularConversionFactor[[#This Row],[Conversion factor 2]] -> 3.6666667
D49: {=Common_InputFunctions.Utility_DisplayArrayInTable(Common_SourceData.Common_SourceData_ConvertGasElementalToMolecular_Data(),Table_GasToMolecularConversionFactor[[#Headers],[Gas]], 0)} -> CH4 | E49: {=Common_InputFunctions.Utility_DisplayArrayInTable(Common_SourceData.Common_SourceData_ConvertGasElementalToMolecular_Data(),Table_GasToMolecularConversionFactor[[#Headers],[Gas]], 0)} -> 16/12 | F49: {=Common_InputFunctions.Utility_DisplayArrayInTable(Common_SourceData.Common_SourceData_ConvertGasElementalToMolecular_Data(),Table_GasToMolecularConversionFactor[[#Headers],[Gas]], 0)} -> 16 | G49: {=Common_InputFunctions.Utility_DisplayArrayInTable(Common_SourceData.Common_SourceData_ConvertGasElementalToMolecular_Data(),Table_GasToMolecularConversionFactor[[#Headers],[Gas]], 0)} -> 12 | H49: =Table_GasToMolecularConversionFactor[[#This Row],[Conversion factor 1]]/Table_GasToMolecularConversionFactor[[#This Row],[Conversion factor 2]] -> 1.3333333
D50: {=Common_InputFunctions.Utility_DisplayArrayInTable(Common_SourceData.Common_SourceData_ConvertGasElementalToMolecular_Data(),Table_GasToMolecularConversionFactor[[#Headers],[Gas]], 0)} -> N2O | E50: {=Common_InputFunctions.Utility_DisplayArrayInTable(Common_SourceData.Common_SourceData_ConvertGasElementalToMolecular_Data(),Table_GasToMolecularConversionFactor[[#Headers],[Gas]], 0)} -> 44/28 | F50: {=Common_InputFunctions.Utility_DisplayArrayInTable(Common_SourceData.Common_SourceData_ConvertGasElementalToMolecular_Data(),Table_GasToMolecularConversionFactor[[#Headers],[Gas]], 0)} -> 44 | G50: {=Common_InputFunctions.Utility_DisplayArrayInTable(Common_SourceData.Common_SourceData_ConvertGasElementalToMolecular_Data(),Table_GasToMolecularConversionFactor[[#Headers],[Gas]], 0)} -> 28 | H50: =Table_GasToMolecularConversionFactor[[#This Row],[Conversion factor 1]]/Table_GasToMolecularConversionFactor[[#This Row],[Conversion factor 2]] -> 1.5714286
D51: {=Common_InputFunctions.Utility_DisplayArrayInTable(Common_SourceData.Common_SourceData_ConvertGasElementalToMolecular_Data(),Table_GasToMolecularConversionFactor[[#Headers],[Gas]], 0)} -> Nox | E51: {=Common_InputFunctions.Utility_DisplayArrayInTable(Common_SourceData.Common_SourceData_ConvertGasElementalToMolecular_Data(),Table_GasToMolecularConversionFactor[[#Headers],[Gas]], 0)} -> 46/14 | F51: {=Common_InputFunctions.Utility_DisplayArrayInTable(Common_SourceData.Common_SourceData_ConvertGasElementalToMolecular_Data(),Table_GasToMolecularConversionFactor[[#Headers],[Gas]], 0)} -> 46 | G51: {=Common_InputFunctions.Utility_DisplayArrayInTable(Common_SourceData.Common_SourceData_ConvertGasElementalToMolecular_Data(),Table_GasToMolecularConversionFactor[[#Headers],[Gas]], 0)} -> 14 | H51: =Table_GasToMolecularConversionFactor[[#This Row],[Conversion factor 1]]/Table_GasToMolecularConversionFactor[[#This Row],[Conversion factor 2]] -> 3.2857143
D52: {=Common_InputFunctions.Utility_DisplayArrayInTable(Common_SourceData.Common_SourceData_ConvertGasElementalToMolecular_Data(),Table_GasToMolecularConversionFactor[[#Headers],[Gas]], 0)} -> CO | E52: {=Common_InputFunctions.Utility_DisplayArrayInTable(Common_SourceData.Common_SourceData_ConvertGasElementalToMolecular_Data(),Table_GasToMolecularConversionFactor[[#Headers],[Gas]], 0)} -> 28/12 | F52: {=Common_InputFunctions.Utility_DisplayArrayInTable(Common_SourceData.Common_SourceData_ConvertGasElementalToMolecular_Data(),Table_GasToMolecularConversionFactor[[#Headers],[Gas]], 0)} -> 28 | G52: {=Common_InputFunctions.Utility_DisplayArrayInTable(Common_SourceData.Common_SourceData_ConvertGasElementalToMolecular_Data(),Table_GasToMolecularConversionFactor[[#Headers],[Gas]], 0)} -> 12 | H52: =Table_GasToMolecularConversionFactor[[#This Row],[Conversion factor 1]]/Table_GasToMolecularConversionFactor[[#This Row],[Conversion factor 2]] -> 2.3333333
D53: {=Common_InputFunctions.Utility_DisplayArrayInTable(Common_SourceData.Common_SourceData_ConvertGasElementalToMolecular_Data(),Table_GasToMolecularConversionFactor[[#Headers],[Gas]], 0)} -> CO2 Lime | E53: {=Common_InputFunctions.Utility_DisplayArrayInTable(Common_SourceData.Common_SourceData_ConvertGasElementalToMolecular_Data(),Table_GasToMolecularConversionFactor[[#Headers],[Gas]], 0)} -> 44/12 | F53: {=Common_InputFunctions.Utility_DisplayArrayInTable(Common_SourceData.Common_SourceData_ConvertGasElementalToMolecular_Data(),Table_GasToMolecularConversionFactor[[#Headers],[Gas]], 0)} -> 44 | G53: {=Common_InputFunctions.Utility_DisplayArrayInTable(Common_SourceData.Common_SourceData_ConvertGasElementalToMolecular_Data(),Table_GasToMolecularConversionFactor[[#Headers],[Gas]], 0)} -> 12 | H53: =Table_GasToMolecularConversionFactor[[#This Row],[Conversion factor 1]]/Table_GasToMolecularConversionFactor[[#This Row],[Conversion factor 2]] -> 3.6666667
D54: {=Common_InputFunctions.Utility_DisplayArrayInTable(Common_SourceData.Common_SourceData_ConvertGasElementalToMolecular_Data(),Table_GasToMolecularConversionFactor[[#Headers],[Gas]], 0)} -> NMVOC | E54: {=Common_InputFunctions.Utility_DisplayArrayInTable(Common_SourceData.Common_SourceData_ConvertGasElementalToMolecular_Data(),Table_GasToMolecularConversionFactor[[#Headers],[Gas]], 0)} -> 14/12 | F54: {=Common_InputFunctions.Utility_DisplayArrayInTable(Common_SourceData.Common_SourceData_ConvertGasElementalToMolecular_Data(),Table_GasToMolecularConversionFactor[[#Headers],[Gas]], 0)} -> 14 | G54: {=Common_InputFunctions.Utility_DisplayArrayInTable(Common_SourceData.Common_SourceData_ConvertGasElementalToMolecular_Data(),Table_GasToMolecularConversionFactor[[#Headers],[Gas]], 0)} -> 12 | H54: =Table_GasToMolecularConversionFactor[[#This Row],[Conversion factor 1]]/Table_GasToMolecularConversionFactor[[#This Row],[Conversion factor 2]] -> 1.1666667
D57: {=Common_SourceData.Common_SourceData_WetAndDryZones_Title()} -> VEERG Australian wet and dry zones
D58: {=Common_SourceData.Common_SourceData_WetAndDryZones_Source()} -> VEERG 2026: Table 1.2: Translating climate zones to wet and dry zones
D59: {="⚠️" & Common_SourceData.Common_SourceData_WetAndDryZones_Variation()} -> ⚠️VARIATION OF SOURCE DATA:
D60: ⚠️Added warm / cool temperate moist / dry - low frost and high temp classes to accommodate climate scenarios excluded by VEERG criteria.
D61: ⚠️Fixed typo - Changed 'Fry' to 'Dry'.
D63: Climate zone | E63: Wet or Dry Zone
D64: {=Common_InputFunctions.Utility_DisplayArrayInTable(Common_SourceData.Common_SourceData_WetAndDryZones_Data(), Table_SourceData_WetDryZones[[#Headers],[Climate zone]], 0)} -> Tropical montane | E64: {=Common_InputFunctions.Utility_DisplayArrayInTable(Common_SourceData.Common_SourceData_WetAndDryZones_Data(), Table_SourceData_WetDryZones[[#Headers],[Climate zone]], 0)} -> Wet climate zone
D65: {=Common_InputFunctions.Utility_DisplayArrayInTable(Common_SourceData.Common_SourceData_WetAndDryZones_Data(), Table_SourceData_WetDryZones[[#Headers],[Climate zone]], 0)} -> Tropical wet | E65: {=Common_InputFunctions.Utility_DisplayArrayInTable(Common_SourceData.Common_SourceData_WetAndDryZones_Data(), Table_SourceData_WetDryZones[[#Headers],[Climate zone]], 0)} -> Wet climate zone
D66: {=Common_InputFunctions.Utility_DisplayArrayInTable(Common_SourceData.Common_SourceData_WetAndDryZones_Data(), Table_SourceData_WetDryZones[[#Headers],[Climate zone]], 0)} -> Tropical moist | E66: {=Common_InputFunctions.Utility_DisplayArrayInTable(Common_SourceData.Common_SourceData_WetAndDryZones_Data(), Table_SourceData_WetDryZones[[#Headers],[Climate zone]], 0)} -> Wet climate zone
D67: {=Common_InputFunctions.Utility_DisplayArrayInTable(Common_SourceData.Common_SourceData_WetAndDryZones_Data(), Table_SourceData_WetDryZones[[#Headers],[Climate zone]], 0)} -> Tropical dry | E67: {=Common_InputFunctions.Utility_DisplayArrayInTable(Common_SourceData.Common_SourceData_WetAndDryZones_Data(), Table_SourceData_WetDryZones[[#Headers],[Climate zone]], 0)} -> Dry climate zone
D68: {=Common_InputFunctions.Utility_DisplayArrayInTable(Common_SourceData.Common_SourceData_WetAndDryZones_Data(), Table_SourceData_WetDryZones[[#Headers],[Climate zone]], 0)} -> Warm temperate moist | E68: {=Common_InputFunctions.Utility_DisplayArrayInTable(Common_SourceData.Common_SourceData_WetAndDryZones_Data(), Table_SourceData_WetDryZones[[#Headers],[Climate zone]], 0)} -> Wet climate zone
D69: {=Common_InputFunctions.Utility_DisplayArrayInTable(Common_SourceData.Common_SourceData_WetAndDryZones_Data(), Table_SourceData_WetDryZones[[#Headers],[Climate zone]], 0)} -> Warm temperate dry | E69: {=Common_InputFunctions.Utility_DisplayArrayInTable(Common_SourceData.Common_SourceData_WetAndDryZones_Data(), Table_SourceData_WetDryZones[[#Headers],[Climate zone]], 0)} -> Dry climate zone
D70: {=Common_InputFunctions.Utility_DisplayArrayInTable(Common_SourceData.Common_SourceData_WetAndDryZones_Data(), Table_SourceData_WetDryZones[[#Headers],[Climate zone]], 0)} -> Cool temperate moist | E70: {=Common_InputFunctions.Utility_DisplayArrayInTable(Common_SourceData.Common_SourceData_WetAndDryZones_Data(), Table_SourceData_WetDryZones[[#Headers],[Climate zone]], 0)} -> Wet climate zone
D71: {=Common_InputFunctions.Utility_DisplayArrayInTable(Common_SourceData.Common_SourceData_WetAndDryZones_Data(), Table_SourceData_WetDryZones[[#Headers],[Climate zone]], 0)} -> Cool temperate dry | E71: {=Common_InputFunctions.Utility_DisplayArrayInTable(Common_SourceData.Common_SourceData_WetAndDryZones_Data(), Table_SourceData_WetDryZones[[#Headers],[Climate zone]], 0)} -> Dry climate zone
D72: {=Common_InputFunctions.Utility_DisplayArrayInTable(Common_SourceData.Common_SourceData_WetAndDryZones_Data(), Table_SourceData_WetDryZones[[#Headers],[Climate zone]], 0)} -> Warm temperate moist - low frost | E72: {=Common_InputFunctions.Utility_DisplayArrayInTable(Common_SourceData.Common_SourceData_WetAndDryZones_Data(), Table_SourceData_WetDryZones[[#Headers],[Climate zone]], 0)} -> Wet climate zone
D73: {=Common_InputFunctions.Utility_DisplayArrayInTable(Common_SourceData.Common_SourceData_WetAndDryZones_Data(), Table_SourceData_WetDryZones[[#Headers],[Climate zone]], 0)} -> Warm temperate dry - low frost | E73: {=Common_InputFunctions.Utility_DisplayArrayInTable(Common_SourceData.Common_SourceData_WetAndDryZones_Data(), Table_SourceData_WetDryZones[[#Headers],[Climate zone]], 0)} -> Dry climate zone
D74: {=Common_InputFunctions.Utility_DisplayArrayInTable(Common_SourceData.Common_SourceData_WetAndDryZones_Data(), Table_SourceData_WetDryZones[[#Headers],[Climate zone]], 0)} -> Warm temperate moist - high temp | E74: {=Common_InputFunctions.Utility_DisplayArrayInTable(Common_SourceData.Common_SourceData_WetAndDryZones_Data(), Table_SourceData_WetDryZones[[#Headers],[Climate zone]], 0)} -> Wet climate zone
D75: {=Common_InputFunctions.Utility_DisplayArrayInTable(Common_SourceData.Common_SourceData_WetAndDryZones_Data(), Table_SourceData_WetDryZones[[#Headers],[Climate zone]], 0)} -> Warm temperate dry - high temp | E75: {=Common_InputFunctions.Utility_DisplayArrayInTable(Common_SourceData.Common_SourceData_WetAndDryZones_Data(), Table_SourceData_WetDryZones[[#Headers],[Climate zone]], 0)} -> Dry climate zone
... D77: {=Common_InputFunctions.Utility_DisplayArrayInTable(Common_SourceData.Common_SourceData_WetAndDryZones_Data(), Table_SourceData_WetDryZones[[#Headers],[Climate zone]], 0)} -> Cool temperate dry - low frost | E77: {=Common_InputFunctions.Utility_DisplayArrayInTable(Common_SourceData.Common_SourceData_WetAndDryZones_Data(), Table_SourceData_WetDryZones[[#Headers],[Climate zone]], 0)} -> Dry climate zone
D81: {=Common_SourceData.Common_SourceData_ClimateZones_Title()} -> VEERG Australian climate zones
D82: {=Common_SourceData.Common_SourceData_ClimateZones_Source()} -> VEERG 2026: Table 1.3: Climate and Rainfall zone classifications and definitions
D83: {="⚠️" & Common_SourceData.Common_SourceData_ClimateZones_Variation()} -> ⚠️VARIATION OF SOURCE DATA:
D84: ⚠️Added warm / cool temperate moist / dry - low frost and high temp classes to accommodate climate scenarios excluded by VEERG criteria.
D85: ⚠️Fixed typo in MAT value for warm temperate dry - changed 10 to 11.
D86: ⚠️Added min and max columns for MAT, MAP, frost days per year, elevation, MAP:PET to calculate zones from real climate data.
D87: ⚠️GAF accepts rainfall as a proxy for precipitation.
D89: Climate zone | E89: MAT | F89: MAP | G89: Frost days per year | H89: Elevation | I89: MAP:PET | J89: Min temp | K89: Max temp | L89: Min rainfall | M89: Max rainfall | N89: Min frost days | O89: Max frost days | P89: Min elevation | Q89: Max elevation | R89: Min MAP:PET | S89: Max MAP:PET
D90: {=Common_InputFunctions.Utility_DisplayArrayInTable(Common_SourceData.Common_SourceData_ClimateZones_Data(), Table_SourceData_ClimateZones[[#Headers],[Climate zone]], 0)} -> Tropical montane | E90: {=Common_InputFunctions.Utility_DisplayArrayInTable(Common_SourceData.Common_SourceData_ClimateZones_Data(), Table_SourceData_ClimateZones[[#Headers],[Climate zone]], 0)} -> > 18 C | F90: {=Common_InputFunctions.Utility_DisplayArrayInTable(Common_SourceData.Common_SourceData_ClimateZones_Data(), Table_SourceData_ClimateZones[[#Headers],[Climate zone]], 0)} -> Any | G90: {=Common_InputFunctions.Utility_DisplayArrayInTable(Common_SourceData.Common_SourceData_ClimateZones_Data(), Table_SourceData_ClimateZones[[#Headers],[Climate zone]], 0)} -> ≤ 7 | H90: {=Common_InputFunctions.Utility_DisplayArrayInTable(Common_SourceData.Common_SourceData_ClimateZones_Data(), Table_SourceData_ClimateZones[[#Headers],[Climate zone]], 0)} -> > 1000 m | I90: {=Common_InputFunctions.Utility_DisplayArrayInTable(Common_SourceData.Common_SourceData_ClimateZones_Data(), Table_SourceData_ClimateZones[[#Headers],[Climate zone]], 0)} -> Any | J90: {=Common_InputFunctions.Utility_DisplayArrayInTable(Common_SourceData.Common_SourceData_ClimateZones_Data(), Table_SourceData_ClimateZones[[#Headers],[Climate zone]], 0)} -> 18.001 | K90: {=Common_InputFunctions.Utility_DisplayArrayInTable(Common_SourceData.Common_SourceData_ClimateZones_Data(), Table_SourceData_ClimateZones[[#Headers],[Climate zone]], 0)} -> 999999 | ... S90: {=Common_InputFunctions.Utility_DisplayArrayInTable(Common_SourceData.Common_SourceData_ClimateZones_Data(), Table_SourceData_ClimateZones[[#Headers],[Climate zone]], 0)} -> 999999
D91: {=Common_InputFunctions.Utility_DisplayArrayInTable(Common_SourceData.Common_SourceData_ClimateZones_Data(), Table_SourceData_ClimateZones[[#Headers],[Climate zone]], 0)} -> Tropical wet | E91: {=Common_InputFunctions.Utility_DisplayArrayInTable(Common_SourceData.Common_SourceData_ClimateZones_Data(), Table_SourceData_ClimateZones[[#Headers],[Climate zone]], 0)} -> > 18 C | F91: {=Common_InputFunctions.Utility_DisplayArrayInTable(Common_SourceData.Common_SourceData_ClimateZones_Data(), Table_SourceData_ClimateZones[[#Headers],[Climate zone]], 0)} -> > 2000 mm | G91: {=Common_InputFunctions.Utility_DisplayArrayInTable(Common_SourceData.Common_SourceData_ClimateZones_Data(), Table_SourceData_ClimateZones[[#Headers],[Climate zone]], 0)} -> ≤ 7 | H91: {=Common_InputFunctions.Utility_DisplayArrayInTable(Common_SourceData.Common_SourceData_ClimateZones_Data(), Table_SourceData_ClimateZones[[#Headers],[Climate zone]], 0)} -> ≤ 1000 m | I91: {=Common_InputFunctions.Utility_DisplayArrayInTable(Common_SourceData.Common_SourceData_ClimateZones_Data(), Table_SourceData_ClimateZones[[#Headers],[Climate zone]], 0)} -> Any | J91: {=Common_InputFunctions.Utility_DisplayArrayInTable(Common_SourceData.Common_SourceData_ClimateZones_Data(), Table_SourceData_ClimateZones[[#Headers],[Climate zone]], 0)} -> 18.001 | K91: {=Common_InputFunctions.Utility_DisplayArrayInTable(Common_SourceData.Common_SourceData_ClimateZones_Data(), Table_SourceData_ClimateZones[[#Headers],[Climate zone]], 0)} -> 999999 | ... S91: {=Common_InputFunctions.Utility_DisplayArrayInTable(Common_SourceData.Common_SourceData_ClimateZones_Data(), Table_SourceData_ClimateZones[[#Headers],[Climate zone]], 0)} -> 999999
D92: {=Common_InputFunctions.Utility_DisplayArrayInTable(Common_SourceData.Common_SourceData_ClimateZones_Data(), Table_SourceData_ClimateZones[[#Headers],[Climate zone]], 0)} -> Tropical moist | E92: {=Common_InputFunctions.Utility_DisplayArrayInTable(Common_SourceData.Common_SourceData_ClimateZones_Data(), Table_SourceData_ClimateZones[[#Headers],[Climate zone]], 0)} -> > 18 C | F92: {=Common_InputFunctions.Utility_DisplayArrayInTable(Common_SourceData.Common_SourceData_ClimateZones_Data(), Table_SourceData_ClimateZones[[#Headers],[Climate zone]], 0)} -> > 1000 mm - ≤ 2000 mm | G92: {=Common_InputFunctions.Utility_DisplayArrayInTable(Common_SourceData.Common_SourceData_ClimateZones_Data(), Table_SourceData_ClimateZones[[#Headers],[Climate zone]], 0)} -> ≤ 7 | H92: {=Common_InputFunctions.Utility_DisplayArrayInTable(Common_SourceData.Common_SourceData_ClimateZones_Data(), Table_SourceData_ClimateZones[[#Headers],[Climate zone]], 0)} -> ≤ 1000 m | I92: {=Common_InputFunctions.Utility_DisplayArrayInTable(Common_SourceData.Common_SourceData_ClimateZones_Data(), Table_SourceData_ClimateZones[[#Headers],[Climate zone]], 0)} -> Any | J92: {=Common_InputFunctions.Utility_DisplayArrayInTable(Common_SourceData.Common_SourceData_ClimateZones_Data(), Table_SourceData_ClimateZones[[#Headers],[Climate zone]], 0)} -> 18.001 | K92: {=Common_InputFunctions.Utility_DisplayArrayInTable(Common_SourceData.Common_SourceData_ClimateZones_Data(), Table_SourceData_ClimateZones[[#Headers],[Climate zone]], 0)} -> 999999 | ... S92: {=Common_InputFunctions.Utility_DisplayArrayInTable(Common_SourceData.Common_SourceData_ClimateZones_Data(), Table_SourceData_ClimateZones[[#Headers],[Climate zone]], 0)} -> 999999
D93: {=Common_InputFunctions.Utility_DisplayArrayInTable(Common_SourceData.Common_SourceData_ClimateZones_Data(), Table_SourceData_ClimateZones[[#Headers],[Climate zone]], 0)} -> Tropical dry | E93: {=Common_InputFunctions.Utility_DisplayArrayInTable(Common_SourceData.Common_SourceData_ClimateZones_Data(), Table_SourceData_ClimateZones[[#Headers],[Climate zone]], 0)} -> > 18 C | F93: {=Common_InputFunctions.Utility_DisplayArrayInTable(Common_SourceData.Common_SourceData_ClimateZones_Data(), Table_SourceData_ClimateZones[[#Headers],[Climate zone]], 0)} -> ≤ 1000 mm | G93: {=Common_InputFunctions.Utility_DisplayArrayInTable(Common_SourceData.Common_SourceData_ClimateZones_Data(), Table_SourceData_ClimateZones[[#Headers],[Climate zone]], 0)} -> ≤ 7 | H93: {=Common_InputFunctions.Utility_DisplayArrayInTable(Common_SourceData.Common_SourceData_ClimateZones_Data(), Table_SourceData_ClimateZones[[#Headers],[Climate zone]], 0)} -> ≤ 1000 m | I93: {=Common_InputFunctions.Utility_DisplayArrayInTable(Common_SourceData.Common_SourceData_ClimateZones_Data(), Table_SourceData_ClimateZones[[#Headers],[Climate zone]], 0)} -> Any | J93: {=Common_InputFunctions.Utility_DisplayArrayInTable(Common_SourceData.Common_SourceData_ClimateZones_Data(), Table_SourceData_ClimateZones[[#Headers],[Climate zone]], 0)} -> 18.001 | K93: {=Common_InputFunctions.Utility_DisplayArrayInTable(Common_SourceData.Common_SourceData_ClimateZones_Data(), Table_SourceData_ClimateZones[[#Headers],[Climate zone]], 0)} -> 999999 | ... S93: {=Common_InputFunctions.Utility_DisplayArrayInTable(Common_SourceData.Common_SourceData_ClimateZones_Data(), Table_SourceData_ClimateZones[[#Headers],[Climate zone]], 0)} -> 999999
D94: {=Common_InputFunctions.Utility_DisplayArrayInTable(Common_SourceData.Common_SourceData_ClimateZones_Data(), Table_SourceData_ClimateZones[[#Headers],[Climate zone]], 0)} -> Warm temperate moist | E94: {=Common_InputFunctions.Utility_DisplayArrayInTable(Common_SourceData.Common_SourceData_ClimateZones_Data(), Table_SourceData_ClimateZones[[#Headers],[Climate zone]], 0)} -> > 10 C | F94: {=Common_InputFunctions.Utility_DisplayArrayInTable(Common_SourceData.Common_SourceData_ClimateZones_Data(), Table_SourceData_ClimateZones[[#Headers],[Climate zone]], 0)} -> Any | G94: {=Common_InputFunctions.Utility_DisplayArrayInTable(Common_SourceData.Common_SourceData_ClimateZones_Data(), Table_SourceData_ClimateZones[[#Headers],[Climate zone]], 0)} -> Any | H94: {=Common_InputFunctions.Utility_DisplayArrayInTable(Common_SourceData.Common_SourceData_ClimateZones_Data(), Table_SourceData_ClimateZones[[#Headers],[Climate zone]], 0)} -> Any | I94: {=Common_InputFunctions.Utility_DisplayArrayInTable(Common_SourceData.Common_SourceData_ClimateZones_Data(), Table_SourceData_ClimateZones[[#Headers],[Climate zone]], 0)} -> > 1 | J94: {=Common_InputFunctions.Utility_DisplayArrayInTable(Common_SourceData.Common_SourceData_ClimateZones_Data(), Table_SourceData_ClimateZones[[#Headers],[Climate zone]], 0)} -> 10.001 | K94: {=Common_InputFunctions.Utility_DisplayArrayInTable(Common_SourceData.Common_SourceData_ClimateZones_Data(), Table_SourceData_ClimateZones[[#Headers],[Climate zone]], 0)} -> 999999 | ... S94: {=Common_InputFunctions.Utility_DisplayArrayInTable(Common_SourceData.Common_SourceData_ClimateZones_Data(), Table_SourceData_ClimateZones[[#Headers],[Climate zone]], 0)} -> 999999
D95: {=Common_InputFunctions.Utility_DisplayArrayInTable(Common_SourceData.Common_SourceData_ClimateZones_Data(), Table_SourceData_ClimateZones[[#Headers],[Climate zone]], 0)} -> Warm temperate dry | E95: {=Common_InputFunctions.Utility_DisplayArrayInTable(Common_SourceData.Common_SourceData_ClimateZones_Data(), Table_SourceData_ClimateZones[[#Headers],[Climate zone]], 0)} -> > 10 C | F95: {=Common_InputFunctions.Utility_DisplayArrayInTable(Common_SourceData.Common_SourceData_ClimateZones_Data(), Table_SourceData_ClimateZones[[#Headers],[Climate zone]], 0)} -> Any | G95: {=Common_InputFunctions.Utility_DisplayArrayInTable(Common_SourceData.Common_SourceData_ClimateZones_Data(), Table_SourceData_ClimateZones[[#Headers],[Climate zone]], 0)} -> Any | H95: {=Common_InputFunctions.Utility_DisplayArrayInTable(Common_SourceData.Common_SourceData_ClimateZones_Data(), Table_SourceData_ClimateZones[[#Headers],[Climate zone]], 0)} -> Any | I95: {=Common_InputFunctions.Utility_DisplayArrayInTable(Common_SourceData.Common_SourceData_ClimateZones_Data(), Table_SourceData_ClimateZones[[#Headers],[Climate zone]], 0)} -> ≤ 1 | J95: {=Common_InputFunctions.Utility_DisplayArrayInTable(Common_SourceData.Common_SourceData_ClimateZones_Data(), Table_SourceData_ClimateZones[[#Headers],[Climate zone]], 0)} -> 10.001 | K95: {=Common_InputFunctions.Utility_DisplayArrayInTable(Common_SourceData.Common_SourceData_ClimateZones_Data(), Table_SourceData_ClimateZones[[#Headers],[Climate zone]], 0)} -> 999999 | ... S95: {=Common_InputFunctions.Utility_DisplayArrayInTable(Common_SourceData.Common_SourceData_ClimateZones_Data(), Table_SourceData_ClimateZones[[#Headers],[Climate zone]], 0)} -> 1
D96: {=Common_InputFunctions.Utility_DisplayArrayInTable(Common_SourceData.Common_SourceData_ClimateZones_Data(), Table_SourceData_ClimateZones[[#Headers],[Climate zone]], 0)} -> Cool temperate moist | E96: {=Common_InputFunctions.Utility_DisplayArrayInTable(Common_SourceData.Common_SourceData_ClimateZones_Data(), Table_SourceData_ClimateZones[[#Headers],[Climate zone]], 0)} -> > 0 C - ≤ 10 C | F96: {=Common_InputFunctions.Utility_DisplayArrayInTable(Common_SourceData.Common_SourceData_ClimateZones_Data(), Table_SourceData_ClimateZones[[#Headers],[Climate zone]], 0)} -> Any | G96: {=Common_InputFunctions.Utility_DisplayArrayInTable(Common_SourceData.Common_SourceData_ClimateZones_Data(), Table_SourceData_ClimateZones[[#Headers],[Climate zone]], 0)} -> Any | H96: {=Common_InputFunctions.Utility_DisplayArrayInTable(Common_SourceData.Common_SourceData_ClimateZones_Data(), Table_SourceData_ClimateZones[[#Headers],[Climate zone]], 0)} -> Any | I96: {=Common_InputFunctions.Utility_DisplayArrayInTable(Common_SourceData.Common_SourceData_ClimateZones_Data(), Table_SourceData_ClimateZones[[#Headers],[Climate zone]], 0)} -> > 1 | J96: {=Common_InputFunctions.Utility_DisplayArrayInTable(Common_SourceData.Common_SourceData_ClimateZones_Data(), Table_SourceData_ClimateZones[[#Headers],[Climate zone]], 0)} -> -999999 | K96: {=Common_InputFunctions.Utility_DisplayArrayInTable(Common_SourceData.Common_SourceData_ClimateZones_Data(), Table_SourceData_ClimateZones[[#Headers],[Climate zone]], 0)} -> 10 | ... S96: {=Common_InputFunctions.Utility_DisplayArrayInTable(Common_SourceData.Common_SourceData_ClimateZones_Data(), Table_SourceData_ClimateZones[[#Headers],[Climate zone]], 0)} -> 999999
D97: {=Common_InputFunctions.Utility_DisplayArrayInTable(Common_SourceData.Common_SourceData_ClimateZones_Data(), Table_SourceData_ClimateZones[[#Headers],[Climate zone]], 0)} -> Cool temperate dry | E97: {=Common_InputFunctions.Utility_DisplayArrayInTable(Common_SourceData.Common_SourceData_ClimateZones_Data(), Table_SourceData_ClimateZones[[#Headers],[Climate zone]], 0)} -> > 0 C - ≤ 10 C | F97: {=Common_InputFunctions.Utility_DisplayArrayInTable(Common_SourceData.Common_SourceData_ClimateZones_Data(), Table_SourceData_ClimateZones[[#Headers],[Climate zone]], 0)} -> Any | G97: {=Common_InputFunctions.Utility_DisplayArrayInTable(Common_SourceData.Common_SourceData_ClimateZones_Data(), Table_SourceData_ClimateZones[[#Headers],[Climate zone]], 0)} -> Any | H97: {=Common_InputFunctions.Utility_DisplayArrayInTable(Common_SourceData.Common_SourceData_ClimateZones_Data(), Table_SourceData_ClimateZones[[#Headers],[Climate zone]], 0)} -> Any | I97: {=Common_InputFunctions.Utility_DisplayArrayInTable(Common_SourceData.Common_SourceData_ClimateZones_Data(), Table_SourceData_ClimateZones[[#Headers],[Climate zone]], 0)} -> ≤ 1 | J97: {=Common_InputFunctions.Utility_DisplayArrayInTable(Common_SourceData.Common_SourceData_ClimateZones_Data(), Table_SourceData_ClimateZones[[#Headers],[Climate zone]], 0)} -> -999999 | K97: {=Common_InputFunctions.Utility_DisplayArrayInTable(Common_SourceData.Common_SourceData_ClimateZones_Data(), Table_SourceData_ClimateZones[[#Headers],[Climate zone]], 0)} -> 10 | ... S97: {=Common_InputFunctions.Utility_DisplayArrayInTable(Common_SourceData.Common_SourceData_ClimateZones_Data(), Table_SourceData_ClimateZones[[#Headers],[Climate zone]], 0)} -> 1
D98: {=Common_SourceData.Common_SourceData_ClimateZones_Appendices()} -> Note:
D99: MAT = mean annual temperature
D100: MAP = mean annual precipitation
D101: PET = potential evapotranspiration
D105: {=Common_SourceData.Common_SourceData_TemperatureZones_Title()} -> VEERG Australian temperature zones
D106: {=Common_SourceData.Common_SourceData_TemperatureZones_Source()} -> VEERG 2026: Table 1.3: Climate and Rainfall zone classifications and definitions
D107: {="⚠️" & Common_SourceData.Common_SourceData_TemperatureZones_Variation()} -> ⚠️VARIATION OF SOURCE DATA: Added extra MAT min and MAT max columns to calculate zone from real temperature data.
D109: Temperature Zone | E109: MAT | F109: Min MAT | G109: Max MAT
D110: {=Common_InputFunctions.Utility_DisplayArrayInTable(Common_SourceData.Common_SourceData_TemperatureZones_Data(),Table_SourceData_TemperatureZones[[#Headers],[Temperature Zone]],0)} -> Warm | E110: {=Common_InputFunctions.Utility_DisplayArrayInTable(Common_SourceData.Common_SourceData_TemperatureZones_Data(),Table_SourceData_TemperatureZones[[#Headers],[Temperature Zone]],0)} -> ≥ 26 C | F110: {=Common_InputFunctions.Utility_DisplayArrayInTable(Common_SourceData.Common_SourceData_TemperatureZones_Data(),Table_SourceData_TemperatureZones[[#Headers],[Temperature Zone]],0)} -> 26 | G110: {=Common_InputFunctions.Utility_DisplayArrayInTable(Common_SourceData.Common_SourceData_TemperatureZones_Data(),Table_SourceData_TemperatureZones[[#Headers],[Temperature Zone]],0)} -> 999999
D111: {=Common_InputFunctions.Utility_DisplayArrayInTable(Common_SourceData.Common_SourceData_TemperatureZones_Data(),Table_SourceData_TemperatureZones[[#Headers],[Temperature Zone]],0)} -> Temperate | E111: {=Common_InputFunctions.Utility_DisplayArrayInTable(Common_SourceData.Common_SourceData_TemperatureZones_Data(),Table_SourceData_TemperatureZones[[#Headers],[Temperature Zone]],0)} -> 15 - 25 C | F111: {=Common_InputFunctions.Utility_DisplayArrayInTable(Common_SourceData.Common_SourceData_TemperatureZones_Data(),Table_SourceData_TemperatureZones[[#Headers],[Temperature Zone]],0)} -> 15 | G111: {=Common_InputFunctions.Utility_DisplayArrayInTable(Common_SourceData.Common_SourceData_TemperatureZones_Data(),Table_SourceData_TemperatureZones[[#Headers],[Temperature Zone]],0)} -> 25.999
D112: {=Common_InputFunctions.Utility_DisplayArrayInTable(Common_SourceData.Common_SourceData_TemperatureZones_Data(),Table_SourceData_TemperatureZones[[#Headers],[Temperature Zone]],0)} -> Cool | E112: {=Common_InputFunctions.Utility_DisplayArrayInTable(Common_SourceData.Common_SourceData_TemperatureZones_Data(),Table_SourceData_TemperatureZones[[#Headers],[Temperature Zone]],0)} -> ≤ 14 C | F112: {=Common_InputFunctions.Utility_DisplayArrayInTable(Common_SourceData.Common_SourceData_TemperatureZones_Data(),Table_SourceData_TemperatureZones[[#Headers],[Temperature Zone]],0)} -> -999999 | G112: {=Common_InputFunctions.Utility_DisplayArrayInTable(Common_SourceData.Common_SourceData_TemperatureZones_Data(),Table_SourceData_TemperatureZones[[#Headers],[Temperature Zone]],0)} -> 14.999
D115: {=Common_SourceData.Common_SourceData_RainfallZones_Title()} -> VEERG Australian rainfall zones
D116: {=Common_SourceData.Common_SourceData_RainfallZones_Source()} -> VEERG 2026: Table 1.3: Climate and Rainfall zone classifications and definitions
D117: {="⚠️" & Common_SourceData.Common_SourceData_RainfallZones_Variation()} -> ⚠️VARIATION OF SOURCE DATA: Added extra Rainfall min and Rainfall max columns to calculate zone from real rainfall data.
D119: Rainfall Zone | E119: Annual rainfall | F119: Min rainfall | G119: Max rainfall
D120: {=Common_InputFunctions.Utility_DisplayArrayInTable(Common_SourceData.Common_SourceData_RainfallZones_Data(),Table_SourceData_RainfallZones[[#Headers],[Rainfall Zone]],0)} -> High rainfall | E120: {=Common_InputFunctions.Utility_DisplayArrayInTable(Common_SourceData.Common_SourceData_RainfallZones_Data(),Table_SourceData_RainfallZones[[#Headers],[Rainfall Zone]],0)} -> Annual rainfall > 600mm | F120: {=Common_InputFunctions.Utility_DisplayArrayInTable(Common_SourceData.Common_SourceData_RainfallZones_Data(),Table_SourceData_RainfallZones[[#Headers],[Rainfall Zone]],0)} -> 600.001 | G120: {=Common_InputFunctions.Utility_DisplayArrayInTable(Common_SourceData.Common_SourceData_RainfallZones_Data(),Table_SourceData_RainfallZones[[#Headers],[Rainfall Zone]],0)} -> 999999
D121: {=Common_InputFunctions.Utility_DisplayArrayInTable(Common_SourceData.Common_SourceData_RainfallZones_Data(),Table_SourceData_RainfallZones[[#Headers],[Rainfall Zone]],0)} -> Low rainfall | E121: {=Common_InputFunctions.Utility_DisplayArrayInTable(Common_SourceData.Common_SourceData_RainfallZones_Data(),Table_SourceData_RainfallZones[[#Headers],[Rainfall Zone]],0)} -> Annual rainfall ≤ 600mm | F121: {=Common_InputFunctions.Utility_DisplayArrayInTable(Common_SourceData.Common_SourceData_RainfallZones_Data(),Table_SourceData_RainfallZones[[#Headers],[Rainfall Zone]],0)} -> -999999 | G121: {=Common_InputFunctions.Utility_DisplayArrayInTable(Common_SourceData.Common_SourceData_RainfallZones_Data(),Table_SourceData_RainfallZones[[#Headers],[Rainfall Zone]],0)} -> 600
D124: {=Common_SourceData.Common_SourceData_LeachingZones_Title()} -> VEERG Australian leaching zones
D125: {=Common_SourceData.Common_SourceData_LeachingZones_Source()} -> VEERG 2026: Table 1.3: Climate and Rainfall zone classifications and definitions
D127: Leaching Zone | E127: Leaching criteria
D128: {=Common_InputFunctions.Utility_DisplayArrayInTable(Common_SourceData.Common_SourceData_LeachingZones_Data(), Table_SourceData_LeachingZones[[#Headers],[Leaching Zone]], 0)} -> Leaching occurs | E128: {=Common_InputFunctions.Utility_DisplayArrayInTable(Common_SourceData.Common_SourceData_LeachingZones_Data(), Table_SourceData_LeachingZones[[#Headers],[Leaching Zone]], 0)} -> Σ(𝑟𝑎𝑖𝑛)>Σ(𝐸𝑇0)+𝑠𝑜𝑖𝑙 𝑤𝑎𝑡𝑒𝑟 ℎ𝑜𝑙𝑑𝑖𝑛𝑔 𝑐𝑎𝑝𝑎𝑐𝑖𝑡𝑦
...

Sheet Constants - Livestock
A1: #VALUE! | C1: Constants - Livestock
D6: {=CommonLivestock_SourceData.SourceData_Livestock_Common_SymbolsMMS_Title()} -> Table 5.12 Additional symbols used in algorithms for manure related emissions
D7: {=CommonLivestock_SourceData.SourceData_Livestock_Common_SymbolsMMS_Vairable()} -> MMS
D8: {=CommonLivestock_SourceData.SourceData_Livestock_Common_SymbolsMMS_Source()} -> National Inventory Report 2023 Volume 1: Table 5.12
D9: Symbol | E9: Manure management system | F9: Symbol and MMS
