Workbook
Name Common_Equations.Common_ConvertCH4ToCO2e: _xlfn.LAMBDA(_xlpm.E_CH4,_xlpm.GWP_CH4, _xlpm.E_CH4 * _xlpm.GWP_CH4)
Name Common_Equations.Common_ConvertCH4ToCO2e_Arguments: _xlfn.LAMBDA(_xlfn.MAKEARRAY(2, 2, _xlfn.LAMBDA(_xlpm.r,_xlpm.c, INDEX({"ECH4","Methane emissions (t CH4)";"GWPCH4","Global warming potential for methane (t CO2-e / t CH4)"}, _xlpm.r, _xlpm.c))))
Name Common_Equations.Common_ConvertCH4ToCO2e_LatexEquation: _xlfn.LAMBDA("CO2_e = E_{CH4} \times GWP_{CH4}")
Name Common_Equations.Common_ConvertCH4ToCO2e_NIRReference: _xlfn.LAMBDA("")
Name Common_Equations.Common_ConvertCH4ToCO2e_Title: _xlfn.LAMBDA("Convert methane emissions to carbon dioxide equivalent emissions")
Name Common_Equations.Common_ConvertCH4ToCO2e_Unit: _xlfn.LAMBDA("t CO2e")
Name Common_Equations.Common_ConvertCH4ToCO2e_Variable: _xlfn.LAMBDA("ECH4 CO2e")
Name Common_Equations.Common_ConvertN2OToCO2e: _xlfn.LAMBDA(_xlpm.E_N2O,_xlpm.GWP_N2O, _xlpm.E_N2O * _xlpm.GWP_N2O)
Name Common_Equations.Common_ConvertN2OToCO2e_LatexEquation: _xlfn.LAMBDA("CO2_e = E_{N2O} \times GWP_{N2O}")
Name Common_Equations.Common_ConvertN2OToCO2e_NIRReference: _xlfn.LAMBDA("")
Name Common_Equations.Common_ConvertN2OToCO2e_Title: _xlfn.LAMBDA("Convert nitrous oxide emissions to carbon dioxide equivalent emissions")
Name Common_Equations.Common_ConvertN2OToCO2e_Unit: _xlfn.LAMBDA("t CO2e")
Name Common_Equations.Common_ConvertN2OToCO2e_Variable: _xlfn.LAMBDA("EN2O CO2e")
Name Common_InputFunctions.Utility_DisplayFunctionName: _xlfn.LAMBDA(_xlpm.Function, _xlfn.TEXTBEFORE(_xlfn.FORMULATEXT(_xlpm.Function), "("))
Name Common_InputFunctions.Utility_GetArrayTableColumnStartNumber: _xlfn.LAMBDA(_xlpm.TableHeaderCell, COLUMN(_xlpm.TableHeaderCell))
Name Common_InputFunctions.Utility_GetArrayTableRowStartNumber: _xlfn.LAMBDA(_xlpm.TableheaderCell,_xlpm.RowsBetweenHeaderandArray, ROW(_xlpm.TableheaderCell) + _xlpm.RowsBetweenHeaderandArray - 1)
Name Common_InputFunctions.Utility_LookupValueInTable: _xlfn.LAMBDA(_xlpm.LookupValue,_xlpm.LookupArray,_xlpm.ReturnArray, _xlfn.XLOOKUP(_xlpm.LookupValue, _xlpm.LookupArray, _xlpm.ReturnArray, ""))
Name Common_SourceData.Common_SourceData_AustralianStatesTerritories_Source: _xlfn.LAMBDA("")
Name Common_SourceData.Common_SourceData_AustralianStatesTerritories_Title: _xlfn.LAMBDA("Australian states and territories")
Name Common_SourceData.Common_SourceData_AustralianStatesTerritories_Unit: _xlfn.LAMBDA("")
Name Common_SourceData.Common_SourceData_AustralianStatesTerritories_Variable: _xlfn.LAMBDA("")
Name Common_SourceData.Common_SourceData_ClimateZones_Source: _xlfn.LAMBDA("VEERG 2026: Table 1.3: Climate and Rainfall zone classifications and definitions")
Name Common_SourceData.Common_SourceData_ClimateZones_Title: _xlfn.LAMBDA("VEERG Australian climate zones")
Name Common_SourceData.Common_SourceData_ClimateZones_Unit: _xlfn.LAMBDA("")
Name Common_SourceData.Common_SourceData_ClimateZones_Variable: _xlfn.LAMBDA("")
Name Common_SourceData.Common_SourceData_ConvertGasElementalToMolecular_Source: _xlfn.LAMBDA("XXXXXXX")
Name Common_SourceData.Common_SourceData_ConvertGasElementalToMolecular_Title: _xlfn.LAMBDA("Factor to convert elemental mass of gas to molecular mass")
Name Common_SourceData.Common_SourceData_ConvertGasElementalToMolecular_Unit: _xlfn.LAMBDA("factor")
Name Common_SourceData.Common_SourceData_ConvertGasElementalToMolecular_Variable: _xlfn.LAMBDA("Cg")
Name Common_SourceData.Common_SourceData_ConvertN2oElementalToMolecularCg_Data: _xlfn.LAMBDA(44 / 28)
Name Common_SourceData.Common_SourceData_ConvertN2oElementalToMolecularCg_Source: _xlfn.LAMBDA("National Inventory Report 2023 Volume 1")
Name Common_SourceData.Common_SourceData_ConvertN2oElementalToMolecularCg_Title: _xlfn.LAMBDA("Factor to convert elemental mass of N2O to molecular mass")
Name Common_SourceData.Common_SourceData_ConvertN2oElementalToMolecularCg_Unit: _xlfn.LAMBDA("factor")
Name Common_SourceData.Common_SourceData_ConvertN2oElementalToMolecularCg_Variable: _xlfn.LAMBDA("CgN2O")
Name Common_SourceData.Common_SourceData_DataScores_Scope3_Source: _xlfn.LAMBDA("VEERG 2026: XXXXXXXX")
Name Common_SourceData.Common_SourceData_DataScores_Scope3_Title: _xlfn.LAMBDA("Australian data scores for scope 3")
Name Common_SourceData.Common_SourceData_DataScores_Scope3_Unit: _xlfn.LAMBDA("")
Name Common_SourceData.Common_SourceData_DataScores_Scope3_Variable: _xlfn.LAMBDA("")
Name Common_SourceData.Common_SourceData_DataScores_Scope3_Variation: _xlfn.LAMBDA("")
Name Common_SourceData.Common_SourceData_DensityOfMethane_Data: _xlfn.LAMBDA(0.6784)
Name Common_SourceData.Common_SourceData_DensityOfMethane_Source: _xlfn.LAMBDA("National Inventory Report 2023 Volume 1: Equations 3.B.1a_2, 3.B.1c_2, 3.B.3_1, 3.B.4g_2")
Name Common_SourceData.Common_SourceData_DensityOfMethane_Title: _xlfn.LAMBDA("p = density of methane")
Name Common_SourceData.Common_SourceData_DensityOfMethane_Unit: _xlfn.LAMBDA("kg/m3")
Name Common_SourceData.Common_SourceData_EFleach_Data: _xlfn.LAMBDA(_xlfn.MAKEARRAY(1, 2, _xlfn.LAMBDA(_xlpm.r,_xlpm.c, INDEX({"EFleach",0.011}, _xlpm.r, _xlpm.c))))
Name Common_SourceData.Common_SourceData_EFleach_NIRReference: _xlfn.LAMBDA("National Inventory Report Volume 1: Equation 3.D.B_10")
Name Common_SourceData.Common_SourceData_EFleach_Source: _xlfn.LAMBDA("VEERG 2026:5.5.2.3 Constant Parameters")
Name Common_SourceData.Common_SourceData_EFleach_Title: _xlfn.LAMBDA("Emission factor for nitrogen leaching and runoff")
Name Common_SourceData.Common_SourceData_EFleach_Unit: _xlfn.LAMBDA("(kg N2O-N / kg N")
Name Common_SourceData.Common_SourceData_EFleach_Variation: _xlfn.LAMBDA((""))
Name Common_SourceData.Common_SourceData_EFN2O_NIRReference: _xlfn.LAMBDA("")
Name Common_SourceData.Common_SourceData_EFN2O_Source: _xlfn.LAMBDA("VEERG 2026: Table A.2.2.1")
Name Common_SourceData.Common_SourceData_EFN2O_Title: _xlfn.LAMBDA("Nitrous oxide emission factors for inorganic fertiliser application")
Name Common_SourceData.Common_SourceData_EFN2O_Unit: _xlfn.LAMBDA("(kg N2O-N / kg N")
Name Common_SourceData.Common_SourceData_EFPastureRangeAndPaddock_Data: _xlfn.LAMBDA(_xlfn.MAKEARRAY(3, 2, _xlfn.LAMBDA(_xlpm.r,_xlpm.c, INDEX({"Climate zone","EFPRP";"Wet climate zone",0.006;"Dry climate zone",0.002}, _xlpm.r, _xlpm.c))))
Name Common_SourceData.Common_SourceData_EFPastureRangeAndPaddock_NIRReference: _xlfn.LAMBDA("")
Name Common_SourceData.Common_SourceData_EFPastureRangeAndPaddock_Source: _xlfn.LAMBDA("VEERG 2026: Table A.2.2.2")
Name Common_SourceData.Common_SourceData_EFPastureRangeAndPaddock_Title: _xlfn.LAMBDA("Emission factor for urine and dung deposited on pasture, range or paddock")
Name Common_SourceData.Common_SourceData_EFPastureRangeAndPaddock_Unit: _xlfn.LAMBDA("kg N2O - N / kg N")
Name Common_SourceData.Common_SourceData_EFPastureRangeAndPaddock_Variation: _xlfn.LAMBDA("VARIATION FROM SOURCE DATA: Changed 'Dry climate zones' to singular 'Dry climate zone' to aid lookup.")
Name Common_SourceData.Common_SourceData_FracLEACH_Data: _xlfn.LAMBDA(_xlfn.MAKEARRAY(1, 2, _xlfn.LAMBDA(_xlpm.r,_xlpm.c, INDEX({"FracLEACH",0.24}, _xlpm.r, _xlpm.c))))

Sheet Tab template
A1: #VALUE!
A3: Home
A4: =HYPERLINK("#'Results'!A1", "Results") -> Results
A6: INPUTS
A7: =HYPERLINK("#'Input - Site'!A1", "Site") -> Site
A8: =HYPERLINK("#'Input - Production'!A1", "Production and outputs") -> Production and outputs
A9: =HYPERLINK("#'Input - Herd - Dairy'!A1", "Herd - Dairy") -> Herd - Dairy
A10: =HYPERLINK("#'Input - Feed - Dairy'!A1", "Purchased feed - Livestock") -> Purchased feed - Livestock
A11: =HYPERLINK("#'Input - Herd - Feedlot'!A1", "Herd - Feedlot") -> Herd - Feedlot
A12: =HYPERLINK("#'Input - Pasture'!A1", "Pasture") -> Pasture
A13: =HYPERLINK("#'Input - Grains'!A1", "Crop - Grains") -> Crop - Grains
A14: =HYPERLINK("#'Input - Fert Lime Chem'!A1", "Fertiliser, Lime & Chemicals") -> Fertiliser, Lime & Chemicals
A15: =HYPERLINK("#'Input - Fuel & Energy'!A1", "Electricity and fuel") -> Electricity and fuel
A16: Waste
A17: Freight and transport
A18: =HYPERLINK("#'Input - Other Farm Inputs'!A1", "Other farm inputs") -> Other farm inputs
A19: =HYPERLINK("#'Input - Data quality'!A1", "Data quality") -> Data quality
A21: CALCULATIONS
A22: N2O MMS
A23: Enteric methane
A24: =HYPERLINK("#'Calcs - Fert Lime'!A1", "Fertiliser & soil amendments") -> Fertiliser & soil amendments
A25: =HYPERLINK("#'Calcs - Residue mgmt - Crop'!A1", "Residue management - Crop") -> Residue management - Crop
A26: =HYPERLINK("#'Calcs - Residue mgmt - Pasture'!A1", "Residue management - Pasture") -> Residue management - Pasture
A27: =HYPERLINK("#'Calcs - Field burning'!A1", "Field burning - Crop") -> Field burning - Crop
A28: =HYPERLINK("#'Calcs - Fuel'!A1", "Fuel") -> Fuel
A29: =HYPERLINK("#'Calcs - Electricity'!A1", "Electricity") -> Electricity
A30: =HYPERLINK("#'Calcs - Refrigerants'!A1", "Refrigerants") -> Refrigerants
A31: Waste
A32: Freight and transport
A33: =HYPERLINK("#'Calcs - Scope 3'!A1", "Purchased goods scope 3") -> Purchased goods scope 3
A35: APPENDICES
A36: =HYPERLINK("#'Constants - Common'!A1", "Constants - Common") -> Constants - Common
A37: =HYPERLINK("#'Constants - Cropping'!A1", "Constants - Cropping") -> Constants - Cropping
A38: =HYPERLINK("#'Constants - Livestock'!A1", "Constants - Livestock") -> Constants - Livestock
A39: =HYPERLINK("#'Constants - Dairy'!A1", "Constants - Dairy") -> Constants - Dairy
A40: Sources & acknowledgements

Sheet Home
A1: Home

Sheet Results
A1: #VALUE! | C1: =#REF! -> #REF!
A3: =HYPERLINK("#'Home'!A1", "Home") -> Home
A4: =HYPERLINK("#'Results'!A1", "Results") -> Results | D4: Emissions breakdown
A6: INPUTS | D6: Scope 1 source | E6: GHG emissions | G6: CO2-e emissions
A7: =HYPERLINK("#'Input - Site'!A1", "Site") -> Site | D7: 4.1.1.1 Method 1 Manure methane | E7: ='4.1.1.1-2 Methane'!E164 -> #REF! | F7: ='4.1.1.1-2 Methane'!F164 -> t CH4 | G7: ='4.1.1.1-2 Methane'!E169 -> #REF! | H7: ='4.1.1.1-2 Methane'!F169 -> t CO2e
A8: =HYPERLINK("#'Input - MMS - Feedlot'!A1", "MMS - Feedlot") -> MMS - Feedlot | D8: 4.1.1.2 Method 2 Manure methane | E8: ='4.1.1.1-2 Methane'!N164 -> #REF! | F8: ='4.1.1.1-2 Methane'!O164 -> t CH4 | G8: ='4.1.1.1-2 Methane'!N169 -> #REF! | H8: ='4.1.1.1-2 Methane'!O169 -> t CO2e
D9: 4.1.1.3 Method 1 Manure direct N2O | E9: ='4.1.1.3-4 Direct N20'!E207 -> 0 | F9: ='4.1.1.3-4 Direct N20'!F207 -> t N2O | G9: ='4.1.1.3-4 Direct N20'!E212 -> 0 | H9: ='4.1.1.3-4 Direct N20'!F212 -> t CO2e
A10: CALCULATIONS | D10: 4.1.1.4 Method 2 Manure direct N2O | E10: ='4.1.1.3-4 Direct N20'!M207 -> 0 | F10: ='4.1.1.3-4 Direct N20'!N207 -> t N2O | G10: ='4.1.1.3-4 Direct N20'!M212 -> 0 | H10: ='4.1.1.3-4 Direct N20'!N212 -> t CO2e
A11: =HYPERLINK("#'Calcs - CH4 MMS Feedlot'!A1", "MMS Methane") -> MMS Methane | D11: 4.1.1.5 Method 1 Manure atmospheric deposition
D12: 4.1.1.6 Method 2 Manure atmospheric deposition
A13: APPENDICES | D13: 4.1.1.7 Method 1 Manure leaching and runoff
A14: =HYPERLINK("#'Constants - Common'!A1", "Constants - Common") -> Constants - Common | D14: 4.1.1.8 Method 1 Manure leaching and runoff
A15: =HYPERLINK("#'Constants - Livestock'!A1", "Constants - Livestock") -> Constants - Livestock | D15: Total scope 1 emissions | E15: =SUM(E17:E52) -> 0
A16: =HYPERLINK("#'Acknowledgements'!A1", "Acknowledgements") -> Acknowledgements
D19: WARNING: There are XXX kg of nitrogen idenified as deposited on the farm as fertiliser
D20: There are YYY kg of nitrogen identified as applied to soils as waste

Sheet Input - Site
A1: #VALUE! | C1: Input - Site
A3: =HYPERLINK("#'Home'!A1", "Home") -> Home
A4: =HYPERLINK("#'Results'!A1", "Results") -> Results
D5: Your business
A6: INPUTS
A7: =HYPERLINK("#'Input - Site'!A1", "Site") -> Site | D7: Farm name | E7: Test Farms
A8: =HYPERLINK("#'Input - MMS - Feedlot'!A1", "MMS - Feedlot") -> MMS - Feedlot | D8: Reporting entity name | E8: Test Farms Pty Ltd
A10: CALCULATIONS | D10: 💡An 'Emissions accounting period' is a 12 month period where the business can report on the emissions, and is typically the same as the business' financial accounting period.
A11: =HYPERLINK("#'Calcs - CH4 MMS Feedlot'!A1", "MMS Methane") -> MMS Methane
D12: Emissions calculation period start date | E12: 45292 | F12: ← DD/MM/YYYY or DD Month YYYY
A13: APPENDICES | D13: Emissions calculation period end date | E13: =DATE(YEAR(E12)+1,MONTH(E12),DAY(E12))-1 -> 45657 | F13: ← Automatically calculated, 12 months after start date
A14: =HYPERLINK("#'Constants - Common'!A1", "Constants - Common") -> Constants - Common
A15: =HYPERLINK("#'Constants - Livestock'!A1", "Constants - Livestock") -> Constants - Livestock
A16: =HYPERLINK("#'Acknowledgements'!A1", "Acknowledgements") -> Acknowledgements | D16: Location and climate
D18: Location information is used to reference some region and climate-specific emission factors
D19: Tip: Use the web-based GAF Location Helper tool to easily get region and climate information. You will need an internet connection to use the GAF Location Helper.
D21: State | E21: New South Wales | F21: ← Please select
D22: Region (ABS Statistical area level 4) if state is WA | E22: Western Australia - Outback (South) | F22: ← Please select
D23: Leaching zone | E23: NO - Not in leaching zone | F23: ← Please select
D24: Elevation | E24: 307.7 | F24: Meters
D25: Average temperature for reporting period | E25: 18 | F25: Degrees celsius
D26: Total rainfall for reporting period | E26: 3000 | F26: Millimetres
D27: Potential evapotranspiration for reporting period | E27: 1326 | F27: Millimetres
D28: Number of frost days for reporting period | E28: 7 | F28: Days
D29: MAP:PET ratio | E29: =E26/E27 -> 2.2624434
D30: Rainfall zone | E30: {=Common_InputFunctions.Utility_LookupItemFromMinMax(E26,#REF!,#REF!,#REF!)} -> #REF!
D31: Climate zone | E31: {=Common_InputFunctions.Utility_GetClimateZone(E25,E26,E28,E24,E29)} -> #REF!
D32: Wet or dry climate zone | E32: {=Common_InputFunctions.Utility_LookupValueInTable($E$31,#REF!,#REF!)} -> #REF!
D33: Temperature zone | E33: =Common_InputFunctions.Utility_LookupItemFromMinMax(E25,Table_SourceData_TemperatureZones[Min MAT],Table_SourceData_TemperatureZones[Max MAT],Table_SourceData_TemperatureZones[Temperature Zone]) -> Temperate

Sheet Input - MMS - Feedlot
A1: #VALUE! | C1: Input - MMS - Feedlot
A3: =HYPERLINK("#'Home'!A1", "Home") -> Home
A4: =HYPERLINK("#'Results'!A1", "Results") -> Results
D5: Herd movement
A6: INPUTS
A7: =HYPERLINK("#'Input - Site'!A1", "Site") -> Site | E7: Domestic | F7: Mid-fed | G7: Long-fed
A8: =HYPERLINK("#'Input - MMS - Feedlot'!A1", "MMS - Feedlot") -> MMS - Feedlot | D8: ="Average number of head between " & TEXT('Input - Site'!$E$12, "dd mmm yy") & " and " & TEXT('Input - Site'!$E$13, "dd mmm yy") -> Average number of head between 01 Jan 24 and 31 Dec 24 | E8: 4300 | F8: 100 | G8: 100 | H8: head
D9: ="Average duration of stay between " & TEXT('Input - Site'!$E$12, "dd mmm yy") & " and " & TEXT('Input - Site'!$E$13, "dd mmm yy") -> Average duration of stay between 01 Jan 24 and 31 Dec 24 | E9: 90 | F9: 140 | G9: 250 | H9: Days
A10: CALCULATIONS
A11: =HYPERLINK("#'Calcs - CH4 MMS Feedlot'!A1", "MMS Methane") -> MMS Methane | D11: Intake
A13: APPENDICES | D13: Method 1 default values | E13: Domestic | F13: Mid-fed | G13: Long-fed
A14: =HYPERLINK("#'Constants - Common'!A1", "Constants - Common") -> Constants - Common | D14: Feed intake | E14: {=_xlfn.XLOOKUP(1, (Table_SourceData_Feedlot_AnimalCharacteristics[Feedlot type] = E$13) * (Table_SourceData_Feedlot_AnimalCharacteristics[Characteristic] = $D$14), Table_SourceData_Feedlot_AnimalCharacteristics[2020-2023], "Not Found")} -> 10.4 | F14: {=_xlfn.XLOOKUP(1, (Table_SourceData_Feedlot_AnimalCharacteristics[Feedlot type] = F$13) * (Table_SourceData_Feedlot_AnimalCharacteristics[Characteristic] = $D$14), Table_SourceData_Feedlot_AnimalCharacteristics[2020-2023], "Not Found")} -> 10.8 | G14: {=_xlfn.XLOOKUP(1, (Table_SourceData_Feedlot_AnimalCharacteristics[Feedlot type] = G$13) * (Table_SourceData_Feedlot_AnimalCharacteristics[Characteristic] = $D$14), Table_SourceData_Feedlot_AnimalCharacteristics[2020-2023], "Not Found")} -> 8.2 | H14: kg dry matter / head day
A15: =HYPERLINK("#'Constants - Livestock'!A1", "Constants - Livestock") -> Constants - Livestock | D15: Dry matter digestibility | E15: {=_xlfn.XLOOKUP(1, (Table_SourceData_Feedlot_DietProperties[Feedlot type] = E$13) * (Table_SourceData_Feedlot_DietProperties[Nutrient analysis] = $D$15), Table_SourceData_Feedlot_DietProperties[2020-2023 Converted to fraction], "Not Found")} -> 0.81 | F15: {=_xlfn.XLOOKUP(1, (Table_SourceData_Feedlot_DietProperties[Feedlot type] = F$13) * (Table_SourceData_Feedlot_DietProperties[Nutrient analysis] = $D$15), Table_SourceData_Feedlot_DietProperties[2020-2023 Converted to fraction], "Not Found")} -> 0.81 | G15: {=_xlfn.XLOOKUP(1, (Table_SourceData_Feedlot_DietProperties[Feedlot type] = G$13) * (Table_SourceData_Feedlot_DietProperties[Nutrient analysis] = $D$15), Table_SourceData_Feedlot_DietProperties[2020-2023 Converted to fraction], "Not Found")} -> 0.81 | H15: Fraction
A16: =HYPERLINK("#'Acknowledgements'!A1", "Acknowledgements") -> Acknowledgements | D16: Crude protein | E16: {=_xlfn.XLOOKUP(1, (Table_SourceData_Feedlot_DietProperties[Feedlot type] = E$13) * (Table_SourceData_Feedlot_DietProperties[Nutrient analysis] = $D$16), Table_SourceData_Feedlot_DietProperties[2020-2023 Converted to fraction], "Not Found")} -> 0.14 | F16: {=_xlfn.XLOOKUP(1, (Table_SourceData_Feedlot_DietProperties[Feedlot type] = F$13) * (Table_SourceData_Feedlot_DietProperties[Nutrient analysis] = $D$16), Table_SourceData_Feedlot_DietProperties[2020-2023 Converted to fraction], "Not Found")} -> 0.12 | G16: {=_xlfn.XLOOKUP(1, (Table_SourceData_Feedlot_DietProperties[Feedlot type] = G$13) * (Table_SourceData_Feedlot_DietProperties[Nutrient analysis] = $D$16), Table_SourceData_Feedlot_DietProperties[2020-2023 Converted to fraction], "Not Found")} -> 0.12 | H16: Fraction
D17: N retention | E17: {=_xlfn.XLOOKUP(1, (Table_SourceData_Feedlot_AnimalCharacteristics[Feedlot type] = E$13) * (Table_SourceData_Feedlot_AnimalCharacteristics[Characteristic] = $D$17), Table_SourceData_Feedlot_AnimalCharacteristics[2020-2023], "Not Found")} -> 20.4 | F17: {=_xlfn.XLOOKUP(1, (Table_SourceData_Feedlot_AnimalCharacteristics[Feedlot type] = F$13) * (Table_SourceData_Feedlot_AnimalCharacteristics[Characteristic] = $D$17), Table_SourceData_Feedlot_AnimalCharacteristics[2020-2023], "Not Found")} -> 12.7 | G17: {=_xlfn.XLOOKUP(1, (Table_SourceData_Feedlot_AnimalCharacteristics[Feedlot type] = G$13) * (Table_SourceData_Feedlot_AnimalCharacteristics[Characteristic] = $D$17), Table_SourceData_Feedlot_AnimalCharacteristics[2020-2023], "Not Found")} -> 7 | H17: Percent of intake
D19: Method 2 custom values | E19: Domestic | F19: Mid-fed | G19: Long-fed
D20: Feed intake | E20: {=_xlfn.XLOOKUP(1, (Table_SourceData_Feedlot_AnimalCharacteristics[Feedlot type] = E$19) * (Table_SourceData_Feedlot_AnimalCharacteristics[Characteristic] = $D$20), Table_SourceData_Feedlot_AnimalCharacteristics[2020-2023], "Not Found")} -> 10.4 | F20: {=_xlfn.XLOOKUP(1, (Table_SourceData_Feedlot_AnimalCharacteristics[Feedlot type] = F$19) * (Table_SourceData_Feedlot_AnimalCharacteristics[Characteristic] = $D$20), Table_SourceData_Feedlot_AnimalCharacteristics[2020-2023], "Not Found")} -> 10.8 | G20: {=_xlfn.XLOOKUP(1, (Table_SourceData_Feedlot_AnimalCharacteristics[Feedlot type] = G$19) * (Table_SourceData_Feedlot_AnimalCharacteristics[Characteristic] = $D$20), Table_SourceData_Feedlot_AnimalCharacteristics[2020-2023], "Not Found")} -> 8.2 | H20: kg dry matter / head day
D21: Dry matter digestibility | E21: {=_xlfn.XLOOKUP(1, (Table_SourceData_Feedlot_DietProperties[Feedlot type] = E$19) * (Table_SourceData_Feedlot_DietProperties[Nutrient analysis] = $D$21), Table_SourceData_Feedlot_DietProperties[2020-2023 Converted to fraction], "Not Found")} -> 0.81 | F21: {=_xlfn.XLOOKUP(1, (Table_SourceData_Feedlot_DietProperties[Feedlot type] = F$19) * (Table_SourceData_Feedlot_DietProperties[Nutrient analysis] = $D$21), Table_SourceData_Feedlot_DietProperties[2020-2023 Converted to fraction], "Not Found")} -> 0.81 | G21: {=_xlfn.XLOOKUP(1, (Table_SourceData_Feedlot_DietProperties[Feedlot type] = G$19) * (Table_SourceData_Feedlot_DietProperties[Nutrient analysis] = $D$21), Table_SourceData_Feedlot_DietProperties[2020-2023 Converted to fraction], "Not Found")} -> 0.81 | H21: Fraction
D22: Crude protein | E22: {=_xlfn.XLOOKUP(1, (Table_SourceData_Feedlot_DietProperties[Feedlot type] = E$19) * (Table_SourceData_Feedlot_DietProperties[Nutrient analysis] = $D$22), Table_SourceData_Feedlot_DietProperties[2020-2023 Converted to fraction], "Not Found")} -> 0.14 | F22: {=_xlfn.XLOOKUP(1, (Table_SourceData_Feedlot_DietProperties[Feedlot type] = F$19) * (Table_SourceData_Feedlot_DietProperties[Nutrient analysis] = $D$22), Table_SourceData_Feedlot_DietProperties[2020-2023 Converted to fraction], "Not Found")} -> 0.12 | G22: {=_xlfn.XLOOKUP(1, (Table_SourceData_Feedlot_DietProperties[Feedlot type] = G$19) * (Table_SourceData_Feedlot_DietProperties[Nutrient analysis] = $D$22), Table_SourceData_Feedlot_DietProperties[2020-2023 Converted to fraction], "Not Found")} -> 0.12 | H22: Fraction
D23: N retention | E23: {=_xlfn.XLOOKUP(1, (Table_SourceData_Feedlot_AnimalCharacteristics[Feedlot type] = E$19) * (Table_SourceData_Feedlot_AnimalCharacteristics[Characteristic] = $D$23), Table_SourceData_Feedlot_AnimalCharacteristics[2020-2023], "Not Found")} -> 20.4 | F23: {=_xlfn.XLOOKUP(1, (Table_SourceData_Feedlot_AnimalCharacteristics[Feedlot type] = F$19) * (Table_SourceData_Feedlot_AnimalCharacteristics[Characteristic] = $D$23), Table_SourceData_Feedlot_AnimalCharacteristics[2020-2023], "Not Found")} -> 12.7 | G23: {=_xlfn.XLOOKUP(1, (Table_SourceData_Feedlot_AnimalCharacteristics[Feedlot type] = G$19) * (Table_SourceData_Feedlot_AnimalCharacteristics[Characteristic] = $D$23), Table_SourceData_Feedlot_AnimalCharacteristics[2020-2023], "Not Found")} -> 7 | H23: Percent of intake
D25: Manure management systems
D27: Stage 1
D28: Stage 1 MMS | E28: Domestic | F28: Mid-fed | G28: Long-fed
D29: Drylot (feed pad) | E29: 1 | F29: 1 | G29: 1 | H29: Percent
D32: Stage 2
D33: Stage 2 MMS | E33: Domestic | F33: Mid-fed | G33: Long-fed
D34: ="Sent from Stage 1: " & $D$29 & " to:" -> Sent from Stage 1: Drylot (feed pad) to:
D35: ='Source Data - Feedlot'!D29 -> Solid storage | E35: 0.2 | F35: 0.2 | G35: 0.2 | H35: Percent
D36: ='Source Data - Feedlot'!D30 -> Composting (passive windrow) | E36: =1-E35 -> 0.8 | F36: =1-F35 -> 0.8 | G36: =1-G35 -> 0.8 | H36: Percent
D39: Stage 3
D40: Stage 3 MMS | E40: Domestic | F40: Mid-fed | G40: Long-fed
D41: ='Source Data - Feedlot'!$D$32 -> Anaerobic lagoon | E41: ='Source Data - Feedlot'!$E$12 -> 0.02 | F41: ='Source Data - Feedlot'!$E$12 -> 0.02 | G41: ='Source Data - Feedlot'!$E$12 -> 0.02 | H41: Percent
D44: Production system 1: Post-treatment destinations
D45: Stage 3 MMS | E45: Domestic | F45: Mid-fed | G45: Long-fed
D46: ="Sent from stage 2: " & $D$35 & " to:" -> Sent from stage 2: Solid storage to:
D47: Sold as fertiliser | E47: 0.25 | F47: 0.25 | G47: 0.25 | H47: Percent
D48: ="Applied to farm soils as fertiliser" & IF(SUM($E$48:$G$48)>0, "⚠️", "") -> Applied to farm soils as fertiliser⚠️ | E48: 0.25 | F48: 0.25 | G48: 0.25 | H48: Percent
D49: Deposited on farm soils as waste (Direct application MMS) | E49: =1-SUM(E47:E48) -> 0.5 | F49: =1-SUM(F47:F48) -> 0.5 | G49: =1-SUM(G47:G48) -> 0.5 | H49: Percent
D51: ="Sent from stage 2: " & $D$36 & " to:" -> Sent from stage 2: Composting (passive windrow) to:
D52: Sold as fertiliser | E52: 0.25 | F52: 0.25 | G52: 0.25 | H52: Percent
D53: ="Applied to farm soils as fertiliser" & IF(SUM($E$53:$G$53)>0, "⚠️", "") -> Applied to farm soils as fertiliser⚠️ | E53: 0.25 | F53: 0.25 | G53: 0.25 | H53: Percent
D54: Deposited on farm soils as waste (Direct application MMS) | E54: =1-SUM(E52:E53) -> 0.5 | F54: =1-SUM(F52:F53) -> 0.5 | G54: =1-SUM(G52:G53) -> 0.5 | H54: Percent
D56: ="Sent from stage 3: " & $D$41 & " to:" -> Sent from stage 3: Anaerobic lagoon to:
D57: Sold as fertiliser | E57: 0.25 | F57: 0.25 | G57: 0.25 | H57: Percent
D58: ="Applied to farm soils as fertiliser" & IF(SUM($E$53:$G$53)>0, "⚠️", "") -> Applied to farm soils as fertiliser⚠️ | E58: 0.25 | F58: 0.25 | G58: 0.25 | H58: Percent
D59: Deposited on farm soils as waste (Direct application MMS) | E59: =1-SUM(E57:E58) -> 0.5 | F59: =1-SUM(F57:F58) -> 0.5 | G59: =1-SUM(G57:G58) -> 0.5 | H59: Percent
D60: =IF((SUM(E48:G48)+SUM($E$53:$G$53)+SUM($E$58:$G$58))>0,"⚠️ Alert: manure applied to farm soils as fertiliser needs to be accounted for against the relevant crop or herd","") -> ⚠️ Alert: manure applied to farm soils as fertiliser needs to be accounted for against the relevant crop or herd
D63: Where deposited on farm soils as waste, what is the closest match?

Sheet 4.1.1.1-2 Methane
A1: #VALUE! | C1: 4.1.1.1-2 Manure Methane
A3: =HYPERLINK("#'Home'!A1", "Home") -> Home | D3: Method 1 | M3: Method 2
A4: =HYPERLINK("#'Results'!A1", "Results") -> Results
D5: {=MMS_Feedlot_Methane_Equations.VEERG_4_1_1_1__5_VolatileSolidProduction_Title()} -> Volatile solid production
A6: INPUTS | D6: {=MMS_Feedlot_Methane_Equations.VEERG_4_1_1_1__5_VolatileSolidProduction_Source()} -> VEERG 2026: 4.1.1.1, Equation (5)
A7: =HYPERLINK("#'Input - Site'!A1", "Site") -> Site | D7: Function name | E7: {=Common_InputFunctions.Utility_DisplayFunctionName(D30)} -> =MMS_Feedlot_Methane_Equations.VEERG_4_1_1_1__5_VolatileSolidProduction
A8: =HYPERLINK("#'Input - MMS - Feedlot'!A1", "MMS - Feedlot") -> MMS - Feedlot
A10: CALCULATIONS | D10: Variable | E10: {=MMS_Feedlot_Methane_Equations.VEERG_4_1_1_1__5_VolatileSolidProduction_Variable()} -> VS_j
A11: =HYPERLINK("#'Calcs - CH4 MMS Feedlot'!A1", "MMS Methane") -> MMS Methane | D11: Unit | E11: {=MMS_Feedlot_Methane_Equations.VEERG_4_1_1_1__5_VolatileSolidProduction_Unit()} -> kg/head/day
A12: MMS N2O
D13: {=MMS_Feedlot_Methane_Equations.VEERG_4_1_1_1__5_VolatileSolidProduction_Arguments()} -> I_j | E13: dry matter intake for each group j : kg DM/head/day | G13: ="See " & D17 -> See M1_Table_I_j
A14: APPENDICES | D14: DMD_j | E14: dry matter digestibility for each group j : fraction | G14: ="See " & D22 -> See M1_Table_DMD_j
A15: =HYPERLINK("#'Constants - Common'!A1", "Constants - Common") -> Constants - Common | D15: A | E15: ash content of manure : fraction | G15: ='Source Data - Feedlot'!$E$17 -> 0.16
A16: =HYPERLINK("#'Constants - Livestock'!A1", "Constants - Livestock") -> Constants - Livestock
A17: =HYPERLINK("#'Acknowledgements'!A1", "Acknowledgements") -> Acknowledgements | D17: M1_Table_I_j | M17: M2_Table_I_j
D18: Dry matter intake (Method 1) | M18: Dry matter intake (Method 2)
D19: Domestic | E19: Mid-fed | F19: Long-fed | M19: Domestic | N19: Mid-fed | O19: Long-fed
D20: ='Input - MMS - Feedlot'!$E$14 -> 10.4 | E20: ='Input - MMS - Feedlot'!$F$14 -> 10.8 | F20: ='Input - MMS - Feedlot'!$G$14 -> 8.2 | G20: kg DM/head/day | M20: ='Input - MMS - Feedlot'!$E$20 -> 10.4 | N20: ='Input - MMS - Feedlot'!$F$20 -> 10.8 | O20: ='Input - MMS - Feedlot'!$G$20 -> 8.2 | P20: kg DM/head/day
D22: M1_Table_DMD_j | M22: M2_Table_DMD_j
D23: Dry matter digestibility (Method 1) | M23: Dry matter digestibility (Method 1)
D24: Domestic | E24: Mid-fed | F24: Long-fed | M24: Domestic | N24: Mid-fed | O24: Long-fed
D25: ='Input - MMS - Feedlot'!$E$15 -> 0.81 | E25: ='Input - MMS - Feedlot'!$F$15 -> 0.81 | F25: ='Input - MMS - Feedlot'!$G$15 -> 0.81 | G25: Fraction | M25: ='Input - MMS - Feedlot'!$E$21 -> 0.81 | N25: ='Input - MMS - Feedlot'!$F$21 -> 0.81 | O25: ='Input - MMS - Feedlot'!$G$21 -> 0.81 | P25: Fraction
D27: M1_Table_VS_j | M27: M2_Table_VS_j
D28: Volatile solid production (Method 1) | M28: Volatile solid production (Method 2)
D29: Domestic | E29: Mid-fed | F29: Long-fed | M29: Domestic | N29: Mid-fed | O29: Long-fed
D30: {=MMS_Feedlot_Methane_Equations.VEERG_4_1_1_1__5_VolatileSolidProduction(D20,D25,$G$15)} -> 1.65984 | E30: {=MMS_Feedlot_Methane_Equations.VEERG_4_1_1_1__5_VolatileSolidProduction(E20,E25,$G$15)} -> 1.72368 | F30: {=MMS_Feedlot_Methane_Equations.VEERG_4_1_1_1__5_VolatileSolidProduction(F20,F25,$G$15)} -> 1.30872 | G30: =$E$11 -> kg/head/day | M30: {=MMS_Feedlot_Methane_Equations.VEERG_4_1_1_1__5_VolatileSolidProduction(M20,M25,$G$15)} -> 1.65984 | N30: {=MMS_Feedlot_Methane_Equations.VEERG_4_1_1_1__5_VolatileSolidProduction(N20,N25,$G$15)} -> 1.72368 | O30: {=MMS_Feedlot_Methane_Equations.VEERG_4_1_1_1__5_VolatileSolidProduction(O20,O25,$G$15)} -> 1.30872 | P30: =$E$11 -> kg/head/day
D34: {=MMS_Feedlot_Methane_Equations.VEERG_4_1_1_1__2_Stage1MethaneProductionDrylot_Title()} -> Production of methane in treatment stage 1 MMS
D35: {=MMS_Feedlot_Methane_Equations.VEERG_4_1_1_1__2_Stage1MethaneProductionDrylot_Source()} -> VEERG 2026: 4.1.1.1, Equation (2)
D36: Function name | E36: {=Common_InputFunctions.Utility_DisplayFunctionName(E57)} -> =MMS_Feedlot_Methane_Equations.VEERG_4_1_1_1__2_Stage1MethaneProductionDrylot
D39: Variable | E39: {=MMS_Feedlot_Methane_Equations.VEERG_4_1_1_1__2_Stage1MethaneProductionDrylot_Variable()} -> M_jm5T1
D40: Unit | E40: {=MMS_Feedlot_Methane_Equations.VEERG_4_1_1_1__2_Stage1MethaneProductionDrylot_Unit()} -> kg CH4/head/day
D42: {=MMS_Feedlot_Methane_Equations.VEERG_4_1_1_1__2_Stage1MethaneProductionDrylot_Arguments()} -> VS_j | E42: volatile solid production from feedlot cattle in each group : kg/head/day | G42: ="See " & $D$27 -> See M1_Table_VS_j
D43: BO | E43: emissions potential : m3 CH4/kg VS | G43: ='Source Data - Feedlot'!$E$22 -> 0.19
D44: MMS_m5T1 | E44: fraction of manure in primary system drylot MMS : fraction | G44: ="See" & D49 -> SeeTable_MMS_m-5_T-1
D45: MCF_im5 | E45: methane conversion factor for temperature zone and drylot system : fraction | G45: =HLOOKUP(G47, Table_SourceData_Feedlot_MCF[#All], 2, FALSE) -> #REF!
D46: rho | E46: density of methane : kg/m3 | G46: =#REF! -> #REF!
D47: i | E47: state | G47: {=Common_InputFunctions.Utility_LookupValueInTable('Input - Site'!$E$21,#REF!,#REF!)} -> #REF!
D49: Table_MMS_m-5_T-1
D50: Fraction of manure in primary system drylot
D51: Stage 1 MMS | E51: Domestic | F51: Mid-fed | G51: Long-fed
D52: ='Input - MMS - Feedlot'!$D$29 -> Drylot (feed pad) | E52: ='Input - MMS - Feedlot'!$E$29 -> 1 | F52: ='Input - MMS - Feedlot'!$F$29 -> 1 | G52: ='Input - MMS - Feedlot'!$G$29 -> 1 | H52: Fraction
D54: M1_Table_M_j_m-5_T-1 | M54: M2_Table_M_j_m-5_T-1
D55: Production of methane stage 1 MMS (Method 1) | M55: Production of methane stage 1 MMS (Method 2)
D56: Stage 1 MMS | E56: Domestic | F56: Mid-fed | G56: Long-fed | M56: Stage 1 MMS | N56: Domestic | O56: Mid-fed | P56: Long-fed
D57: ='Input - MMS - Feedlot'!$D$29 -> Drylot (feed pad) | E57: {=MMS_Feedlot_Methane_Equations.VEERG_4_1_1_1__2_Stage1MethaneProductionDrylot(D30,$G$43,E52,$G$45,$G$46)} -> #REF! | F57: {=MMS_Feedlot_Methane_Equations.VEERG_4_1_1_1__2_Stage1MethaneProductionDrylot(E30,$G$43,F52,$G$45,$G$46)} -> #REF! | G57: {=MMS_Feedlot_Methane_Equations.VEERG_4_1_1_1__2_Stage1MethaneProductionDrylot(F30,$G$43,G52,$G$45,$G$46)} -> #REF! | H57: =$E$40 -> kg CH4/head/day | M57: ='Input - MMS - Feedlot'!$D$29 -> Drylot (feed pad) | N57: {=MMS_Feedlot_Methane_Equations.VEERG_4_1_1_1__2_Stage1MethaneProductionDrylot(M30,$G$43,E52,$G$45,$G$46)} -> #REF! | O57: {=MMS_Feedlot_Methane_Equations.VEERG_4_1_1_1__2_Stage1MethaneProductionDrylot(N30,$G$43,F52,$G$45,$G$46)} -> #REF! | P57: {=MMS_Feedlot_Methane_Equations.VEERG_4_1_1_1__2_Stage1MethaneProductionDrylot(O30,$G$43,G52,$G$45,$G$46)} -> #REF! | Q57: =$E$40 -> kg CH4/head/day
D58: =IF(ISNUMBER($G$45),"", "⚠️ ALERT: No MCFim5 data provided. Zero is used instead.") -> ⚠️ ALERT: No MCFim5 data provided. Zero is used instead.
D61: {=MMS_Feedlot_Methane_Equations.VEERG_4_1_1_1__3_Stage2MethaneProduction_Title()} -> Production of methane in treatment stage 2 MMS
D62: {=MMS_Feedlot_Methane_Equations.VEERG_4_1_1_1__3_Stage2MethaneProduction_Source()} -> VEERG 2026: 4.1.1.1, Equation (3)
D63: Function name | E63: {=Common_InputFunctions.Utility_DisplayFunctionName(E92)} -> =MMS_Feedlot_Methane_Equations.VEERG_4_1_1_1__3_Stage2MethaneProduction
D66: Variable | E66: {=MMS_Feedlot_Methane_Equations.VEERG_4_1_1_1__3_Stage2MethaneProduction_Variable()} -> M_jmT2
D67: Unit | E67: {=MMS_Feedlot_Methane_Equations.VEERG_4_1_1_1__3_Stage2MethaneProduction_Unit()} -> kg CH4/head/day
D69: {=MMS_Feedlot_Methane_Equations.VEERG_4_1_1_1__3_Stage2MethaneProduction_Arguments()} -> VSL | E69: fraction of volatile solids lost during storage in the primary system : fraction | G69: ='Source Data - Feedlot'!$E$7 -> 0.5
D70: VS_j | E70: volatile solid production from feedlot cattle in each group : kg/head/day | G70: ="See " & $D$27 -> See M1_Table_VS_j
D71: BO | E71: emissions potential : m3 CH4/kg VS | G71: ='Source Data - Feedlot'!$E$22 -> 0.19
D72: MMS_mT2 | E72: fraction of manure in each secondary system : fraction | G72: ="See " & D77 -> See Table_MMS_m_T-2 | H72: called MMSjmT2 in N2O calcs
D73: MCF_im | E73: methane conversion factor for temperature zone and MMS : fraction | G73: ="See " & D83 -> See Table_MCF_i_m
D74: rho | E74: density of methane : kg/m3 | G74: =#REF! -> #REF!
D75: i | E75: state | G75: {=Common_InputFunctions.Utility_LookupValueInTable('Input - Site'!$E$21,#REF!,#REF!)} -> #REF!
D77: Table_MMS_m_T-2
D78: Fraction of manure sent to stage 2 MMS
D79: Stage 1 MMS | E79: Stage 2 MMS | F79: Domestic | G79: Mid-fed | H79: Long-fed
D80: ='Input - MMS - Feedlot'!$D$29 -> Drylot (feed pad) | E80: ='Input - MMS - Feedlot'!$D$35 -> Solid storage | F80: ='Input - MMS - Feedlot'!$E$35 -> 0.2 | G80: ='Input - MMS - Feedlot'!$F$35 -> 0.2 | H80: ='Input - MMS - Feedlot'!$G$35 -> 0.2 | I80: Fraction
D81: ='Input - MMS - Feedlot'!$D$29 -> Drylot (feed pad) | E81: ='Input - MMS - Feedlot'!$D$36 -> Composting (passive windrow) | F81: ='Input - MMS - Feedlot'!$E$36 -> 0.8 | G81: ='Input - MMS - Feedlot'!$F$36 -> 0.8 | H81: ='Input - MMS - Feedlot'!$G$36 -> 0.8 | I81: Fraction
D83: Table_MCF_i_m
D84: Methane conversion factor for state and MMS
D85: Stage 1 MMS | E85: Stage 2 MMS | F85: MCFim
D86: ='Input - MMS - Feedlot'!$D$29 -> Drylot (feed pad) | E86: ='Input - MMS - Feedlot'!$D$35 -> Solid storage | F86: {=_xlfn.XLOOKUP($G$75, Table_SourceData_Feedlot_MCF[#Headers], _xlfn.XLOOKUP(E86, Table_SourceData_Feedlot_MCF[NIR definition], Table_SourceData_Feedlot_MCF[]))} -> #REF! | G86: Fraction
D87: ='Input - MMS - Feedlot'!$D$29 -> Drylot (feed pad) | E87: ='Input - MMS - Feedlot'!$D$36 -> Composting (passive windrow) | F87: {=_xlfn.XLOOKUP($G$75, Table_SourceData_Feedlot_MCF[#Headers], _xlfn.XLOOKUP(E87, Table_SourceData_Feedlot_MCF[NIR definition], Table_SourceData_Feedlot_MCF[]))} -> #REF! | G87: Fraction
D89: M1_Table_M_j_m_T-2 | M89: M2_Table_M_j_m_T-2
D90: Production of methane in stage 2 MMS (Method 1) | M90: Production of methane in stage 2 MMS (Method 2)
D91: Stage 2 MMS | E91: Domestic | F91: Mid-fed | G91: Long-fed | M91: Stage 2 MMS | N91: Domestic | O91: Mid-fed | P91: Long-fed
D92: ='Input - MMS - Feedlot'!$D$35 -> Solid storage | E92: {=MMS_Feedlot_Methane_Equations.VEERG_4_1_1_1__3_Stage2MethaneProduction($G$69,D$30,$G$71,F80,$F86,$G$74)} -> #REF! | F92: {=MMS_Feedlot_Methane_Equations.VEERG_4_1_1_1__3_Stage2MethaneProduction($G$69,E$30,$G$71,G80,$F86,$G$74)} -> #REF! | G92: {=MMS_Feedlot_Methane_Equations.VEERG_4_1_1_1__3_Stage2MethaneProduction($G$69,F$30,$G$71,H80,$F86,$G$74)} -> #REF! | H92: =$E$67 -> kg CH4/head/day | M92: ='Input - MMS - Feedlot'!$D$35 -> Solid storage | N92: {=MMS_Feedlot_Methane_Equations.VEERG_4_1_1_1__3_Stage2MethaneProduction($G$69,M$30,$G$71,F80,$F86,$G$74)} -> #REF! | O92: {=MMS_Feedlot_Methane_Equations.VEERG_4_1_1_1__3_Stage2MethaneProduction($G$69,N$30,$G$71,G80,$F86,$G$74)} -> #REF! | P92: {=MMS_Feedlot_Methane_Equations.VEERG_4_1_1_1__3_Stage2MethaneProduction($G$69,O$30,$G$71,H80,$F86,$G$74)} -> #REF! | Q92: =$E$67 -> kg CH4/head/day
D93: ='Input - MMS - Feedlot'!$D$36 -> Composting (passive windrow) | E93: {=MMS_Feedlot_Methane_Equations.VEERG_4_1_1_1__3_Stage2MethaneProduction($G$69,D$30,$G$71,F81,$F87,$G$74)} -> #REF! | F93: {=MMS_Feedlot_Methane_Equations.VEERG_4_1_1_1__3_Stage2MethaneProduction($G$69,E$30,$G$71,G81,$F87,$G$74)} -> #REF! | G93: {=MMS_Feedlot_Methane_Equations.VEERG_4_1_1_1__3_Stage2MethaneProduction($G$69,F$30,$G$71,H81,$F87,$G$74)} -> #REF! | H93: =$E$67 -> kg CH4/head/day | M93: ='Input - MMS - Feedlot'!$D$36 -> Composting (passive windrow) | N93: {=MMS_Feedlot_Methane_Equations.VEERG_4_1_1_1__3_Stage2MethaneProduction($G$69,M$30,$G$71,F81,$F87,$G$74)} -> #REF! | O93: {=MMS_Feedlot_Methane_Equations.VEERG_4_1_1_1__3_Stage2MethaneProduction($G$69,N$30,$G$71,G81,$F87,$G$74)} -> #REF! | P93: {=MMS_Feedlot_Methane_Equations.VEERG_4_1_1_1__3_Stage2MethaneProduction($G$69,O$30,$G$71,H81,$F87,$G$74)} -> #REF! | Q93: =$E$67 -> kg CH4/head/day
D97: {=MMS_Feedlot_Methane_Equations.VEERG_4_1_1_1__4_Stage3MethaneProductionAnaerobicLagoon_Title()} -> Production of methane in treatment stage 3 MMS
D98: {=MMS_Feedlot_Methane_Equations.VEERG_4_1_1_1__4_Stage3MethaneProductionAnaerobicLagoon_Source()} -> VEERG 2026: 4.1.1.1, Equation (4)
D99: Function name | E99: {=Common_InputFunctions.Utility_DisplayFunctionName(E120)} -> =MMS_Feedlot_Methane_Equations.VEERG_4_1_1_1__4_Stage3MethaneProductionAnaerobicLagoon
D102: Variable | E102: {=MMS_Feedlot_Methane_Equations.VEERG_4_1_1_1__4_Stage3MethaneProductionAnaerobicLagoon_Variable()} -> M_jm1T3
D103: Unit | E103: {=MMS_Feedlot_Methane_Equations.VEERG_4_1_1_1__4_Stage3MethaneProductionAnaerobicLagoon_Unit()} -> kg CH4/head/day
D105: {=MMS_Feedlot_Methane_Equations.VEERG_4_1_1_1__4_Stage3MethaneProductionAnaerobicLagoon_Arguments()} -> VS_j | E105: volatile solid production from feedlot cattle in each group j : kg/head/day | H105: ="See " & $D$27 -> See M1_Table_VS_j
D106: BO | E106: emissions potential : m3 CH4/kg VS | H106: ='Source Data - Feedlot'!$E$22 -> 0.19
D107: MMS_m1T3 | E107: fraction of manure to tertiary anaerobic lagoon system : fraction | H107: ="See " & D112 -> See Table_MMS_m-1_T-3
D108: MCF_im1 | E108: methane conversion factor for temperature zone and anaerobic lagoon system : fraction | H108: =HLOOKUP(H110, Table_SourceData_Feedlot_MCF[#All], 6, FALSE) -> #REF!
D109: rho | E109: density of methane : kg/m3 | H109: =#REF! -> #REF!
D110: i | E110: state | H110: {=Common_InputFunctions.Utility_LookupValueInTable('Input - Site'!$E$21,#REF!,#REF!)} -> #REF!
D112: Table_MMS_m-1_T-3
D113: Fraction of manure sent to tertiary MMS
D114: Stage 3 MMS | E114: Domestic | F114: Mid-fed | G114: Long-fed
D115: ='Input - MMS - Feedlot'!$D$41 -> Anaerobic lagoon | E115: ='Input - MMS - Feedlot'!E41 -> 0.02 | F115: ='Input - MMS - Feedlot'!F41 -> 0.02 | G115: ='Input - MMS - Feedlot'!G41 -> 0.02 | H115: Fraction
D117: M1_Table_M_j_m-1_T-3 | M117: M2_Table_M_j_m-1_T-3
D118: Production of methane in stage 3 MMS (Method 1) | M118: Production of methane in stage 3 MMS (Method 2)
D119: Stage 3 MMS | E119: Domestic | F119: Mid-fed | G119: Long-fed | M119: Stage 3 MMS | N119: Domestic | O119: Mid-fed | P119: Long-fed
D120: ='Input - MMS - Feedlot'!$D$41 -> Anaerobic lagoon | E120: {=MMS_Feedlot_Methane_Equations.VEERG_4_1_1_1__4_Stage3MethaneProductionAnaerobicLagoon(D$30, $H$106,E115,$H$108,$H$109)} -> #REF! | F120: {=MMS_Feedlot_Methane_Equations.VEERG_4_1_1_1__4_Stage3MethaneProductionAnaerobicLagoon(E$30, $H$106,F115,$H$108,$H$109)} -> #REF! | G120: {=MMS_Feedlot_Methane_Equations.VEERG_4_1_1_1__4_Stage3MethaneProductionAnaerobicLagoon(F$30, $H$106,G115,$H$108,$H$109)} -> #REF! | H120: =$E$103 -> kg CH4/head/day | M120: ='Input - MMS - Feedlot'!$D$41 -> Anaerobic lagoon | N120: {=MMS_Feedlot_Methane_Equations.VEERG_4_1_1_1__4_Stage3MethaneProductionAnaerobicLagoon(M$30, $H$106,E115,$H$108,$H$109)} -> #REF! | O120: {=MMS_Feedlot_Methane_Equations.VEERG_4_1_1_1__4_Stage3MethaneProductionAnaerobicLagoon(N$30, $H$106,F115,$H$108,$H$109)} -> #REF! | P120: {=MMS_Feedlot_Methane_Equations.VEERG_4_1_1_1__4_Stage3MethaneProductionAnaerobicLagoon(O$30, $H$106,G115,$H$108,$H$109)} -> #REF! | Q120: =$E$103 -> kg CH4/head/day
D124: {=MMS_Feedlot_Methane_Equations.VEERG_4_1_1_1__1_TotalAnnualMethaneEmissions_Title()} -> Total annual methane emissions from manure management
D125: {=MMS_Feedlot_Methane_Equations.VEERG_4_1_1_1__1_TotalAnnualMethaneEmissions_Source()} -> VEERG 2026: 4.1.1.1, Equation (1)
D126: Function name | E126: {=Common_InputFunctions.Utility_DisplayFunctionName(F158)} -> =MMS_Feedlot_Methane_Equations.VEERG_4_1_1_1__1_TotalAnnualMethaneEmissions
D130: Variable | E130: {=MMS_Feedlot_Methane_Equations.VEERG_4_1_1_1__1_TotalAnnualMethaneEmissions_Variable()} -> E_CH4
D131: Unit | E131: {=MMS_Feedlot_Methane_Equations.VEERG_4_1_1_1__1_TotalAnnualMethaneEmissions_Unit()} -> t CH4
D133: {=MMS_Feedlot_Methane_Equations.VEERG_4_1_1_1__1_TotalAnnualMethaneEmissions_Arguments()} -> D_j | E133: length of stay of each cattle group : days | H133: ="See " & $D$137 -> See Table_D_j
D134: M_jmT | E134: methane production from manure per cattle group, MMS, and treatment stage : kg CH4/head/day | H134: ="See " & $D$142 -> See M1_Table_M_j_m_T
D135: N_j | E135: numbers of beef cattle in each group : head | H135: ="See " & $D$150 -> See Table_N_j
...

Sheet 4.1.1.3-4 Direct N20
A1: #VALUE! | C1: 4.1.1.3-4 Manure Direct N2O
A3: =HYPERLINK("#'Home'!A1", "Home") -> Home | D3: Method 1 | L3: Method 2
A4: =HYPERLINK("#'Results'!A1", "Results") -> Results
D5: {=MMS_Feedlot_N2O_Direct_Equations.VEERG_4_1_1_3__5_NitrogenIntake_Title()} -> Nitrogen intake of feedlot cattle
A6: INPUTS | D6: {=MMS_Feedlot_N2O_Direct_Equations.VEERG_4_1_1_3__5_NitrogenIntake_Source()} -> VEERG 2026: 4.1.1.3, Equation (5)
A7: =HYPERLINK("#'Input - Site'!A1", "Site") -> Site | D7: Formula name | E7: {=Common_InputFunctions.Utility_DisplayFunctionName(D30)} -> =MMS_Feedlot_N2O_Direct_Equations.VEERG_4_1_1_3__5_NitrogenIntake
A8: =HYPERLINK("#'Input - MMS - Feedlot'!A1", "MMS - Feedlot") -> MMS - Feedlot
A10: CALCULATIONS | D10: Variable | E10: {=MMS_Feedlot_N2O_Direct_Equations.VEERG_4_1_1_3__5_NitrogenIntake_Variable()} -> NI_j
A11: =HYPERLINK("#'Calcs - CH4 MMS Feedlot'!A1", "MMS Methane") -> MMS Methane | D11: Unit | E11: {=MMS_Feedlot_N2O_Direct_Equations.VEERG_4_1_1_3__5_NitrogenIntake_Unit()} -> kg N/head/day
A12: MMS N2O
D13: {=MMS_Feedlot_N2O_Direct_Equations.VEERG_4_1_1_3__5_NitrogenIntake_Arguments()} -> I_j | E13: dry matter intake : kg DM/head/day | G13: ="See " &D17 -> See M1_Table_I_j
A14: APPENDICES | D14: CP_j | E14: crude protein content of feed : fraction | G14: ="See " & D22 -> See M1_Table_CP_j
A15: =HYPERLINK("#'Constants - Common'!A1", "Constants - Common") -> Constants - Common | D15: 6.25 | E15: factor for converting crude protein into nitrogen : ratio | G15: =D15 -> 6.25
A16: =HYPERLINK("#'Constants - Livestock'!A1", "Constants - Livestock") -> Constants - Livestock
A17: =HYPERLINK("#'Acknowledgements'!A1", "Acknowledgements") -> Acknowledgements | D17: M1_Table_I_j | L17: M2_Table_I_j
D18: Dry matter intake (Method 1) | L18: Dry matter intake (Method 2)
D19: Domestic | E19: Mid-fed | F19: Long-fed | L19: Domestic | M19: Mid-fed | N19: Long-fed
D20: ='Input - MMS - Feedlot'!$E$14 -> 10.4 | E20: ='Input - MMS - Feedlot'!$F$14 -> 10.8 | F20: ='Input - MMS - Feedlot'!$G$14 -> 8.2 | G20: kg DM/head/day | L20: ='Input - MMS - Feedlot'!$E$20 -> 10.4 | M20: ='Input - MMS - Feedlot'!$F$20 -> 10.8 | N20: ='Input - MMS - Feedlot'!$G$20 -> 8.2 | O20: kg DM/head/day
D22: M1_Table_CP_j | L22: M2_Table_CP_j
D23: Crude protein content of feed (Method 1) | L23: Crude protein content of feed (Method 2)
D24: Domestic | E24: Mid-fed | F24: Long-fed | L24: Domestic | M24: Mid-fed | N24: Long-fed
D25: ='Input - MMS - Feedlot'!$E$16 -> 0.14 | E25: ='Input - MMS - Feedlot'!$F$16 -> 0.12 | F25: ='Input - MMS - Feedlot'!$G$16 -> 0.12 | G25: Fraction | L25: ='Input - MMS - Feedlot'!$E$22 -> 0.14 | M25: ='Input - MMS - Feedlot'!$F$22 -> 0.12 | N25: ='Input - MMS - Feedlot'!$G$22 -> 0.12 | O25: Fraction
D27: M1_Table_NI_j | L27: M2_Table_NI_j
D28: Nitrogen intake (Method 1) | L28: Nitrogen intake (Method 2)
D29: Domestic | E29: Mid-fed | F29: Long-fed | L29: Domestic | M29: Mid-fed | N29: Long-fed
D30: {=MMS_Feedlot_N2O_Direct_Equations.VEERG_4_1_1_3__5_NitrogenIntake(D20,D25)} -> 0.23296 | E30: {=MMS_Feedlot_N2O_Direct_Equations.VEERG_4_1_1_3__5_NitrogenIntake(E20,E25)} -> 0.20736 | F30: {=MMS_Feedlot_N2O_Direct_Equations.VEERG_4_1_1_3__5_NitrogenIntake(F20,F25)} -> 0.15744 | G30: =$E$11 -> kg N/head/day | L30: {=MMS_Feedlot_N2O_Direct_Equations.VEERG_4_1_1_3__5_NitrogenIntake(L20,L25)} -> 0.23296 | M30: {=MMS_Feedlot_N2O_Direct_Equations.VEERG_4_1_1_3__5_NitrogenIntake(M20,M25)} -> 0.20736 | N30: {=MMS_Feedlot_N2O_Direct_Equations.VEERG_4_1_1_3__5_NitrogenIntake(N20,N25)} -> 0.15744 | O30: =$E$11 -> kg N/head/day
D34: {=MMS_Feedlot_N2O_Direct_Equations.VEERG_4_1_1_3__4_NitrogenExcretionPerHead_Title()} -> Nitrogen excretion per head per day
D35: {=MMS_Feedlot_N2O_Direct_Equations.VEERG_4_1_1_3__4_NitrogenExcretionPerHead_Source()} -> VEERG 2026: 4.1.1.3, Equation (4)
D36: Function name | E36: {=Common_InputFunctions.Utility_DisplayFunctionName(D54)} -> =MMS_Feedlot_N2O_Direct_Equations.VEERG_4_1_1_3__4_NitrogenExcretionPerHead
D40: Variable | E40: {=MMS_Feedlot_N2O_Direct_Equations.VEERG_4_1_1_3__4_NitrogenExcretionPerHead_Variable()} -> NE_j
D41: Unit | E41: {=MMS_Feedlot_N2O_Direct_Equations.VEERG_4_1_1_3__4_NitrogenExcretionPerHead_Unit()} -> kg N/head/day
D43: {=MMS_Feedlot_N2O_Direct_Equations.VEERG_4_1_1_3__4_NitrogenExcretionPerHead_Arguments()} -> NI_j | E43: nitrogen intake : kg N/head/day | G43: ="See " & D27 -> See M1_Table_NI_j
D44: NR_j | E44: nitrogen retention expressed as a fraction of intake : fraction | G44: ="See " & D46 -> See M1_Table_NR_j
D46: M1_Table_NR_j | E46: Percent of intake needs converting to faction of intake before going to equation - needs conversion in equation or change of input unit | L46: M2_Table_NR_j | M46: Percent of intake needs converting to faction of intake before going to equation - needs conversion in equation or change of input unit
D47: Nitrogen retention (Method 1) | L47: Nitrogen retention (Method 2)
D48: Domestic | E48: Mid-fed | F48: Long-fed | L48: Domestic | M48: Mid-fed | N48: Long-fed
D49: ='Input - MMS - Feedlot'!$E$17/100 -> 0.204 | E49: ='Input - MMS - Feedlot'!$F$17/100 -> 0.127 | F49: ='Input - MMS - Feedlot'!$G$17/100 -> 0.07 | G49: Fraction of intake | L49: ='Input - MMS - Feedlot'!$E$23/100 -> 0.204 | M49: ='Input - MMS - Feedlot'!$F$23/100 -> 0.127 | N49: ='Input - MMS - Feedlot'!$G$23/100 -> 0.07 | O49: Fraction
D51: M1_Table_NE_j | L51: M2_Table_NE_j
D52: Nitrogen retention (Method 1) | L52: Nitrogen retention (Method 2)
D53: Domestic | E53: Mid-fed | F53: Long-fed | L53: Domestic | M53: Mid-fed | N53: Long-fed
D54: {=MMS_Feedlot_N2O_Direct_Equations.VEERG_4_1_1_3__4_NitrogenExcretionPerHead(D30,D49)} -> 0.18543616 | E54: {=MMS_Feedlot_N2O_Direct_Equations.VEERG_4_1_1_3__4_NitrogenExcretionPerHead(E30,E49)} -> 0.18102528 | F54: {=MMS_Feedlot_N2O_Direct_Equations.VEERG_4_1_1_3__4_NitrogenExcretionPerHead(F30,F49)} -> 0.1464192 | G54: =$E$41 -> kg N/head/day | L54: {=MMS_Feedlot_N2O_Direct_Equations.VEERG_4_1_1_3__4_NitrogenExcretionPerHead(L30,L49)} -> 0.18543616 | M54: {=MMS_Feedlot_N2O_Direct_Equations.VEERG_4_1_1_3__4_NitrogenExcretionPerHead(M30,M49)} -> 0.18102528 | N54: {=MMS_Feedlot_N2O_Direct_Equations.VEERG_4_1_1_3__4_NitrogenExcretionPerHead(N30,N49)} -> 0.1464192 | O54: =$E$41 -> kg N/head/day
D58: {=MMS_Feedlot_N2O_Direct_Equations.VEERG_4_1_1_3__3_AnnualNitrogenExcretion_Title()} -> Annual nitrogen excretion from each feedlot cattle group
D59: {=MMS_Feedlot_N2O_Direct_Equations.VEERG_4_1_1_3__3_AnnualNitrogenExcretion_Source()} -> VEERG 2026: 4.1.1.3, Equation (3)
D60: Function name | E60: {=Common_InputFunctions.Utility_DisplayFunctionName(D83)} -> =MMS_Feedlot_N2O_Direct_Equations.VEERG_4_1_1_3__3_AnnualNitrogenExcretion
D63: Variable | E63: {=MMS_Feedlot_N2O_Direct_Equations.VEERG_4_1_1_3__3_AnnualNitrogenExcretion_Variable()} -> AE_j
D64: Unit | E64: {=MMS_Feedlot_N2O_Direct_Equations.VEERG_4_1_1_3__3_AnnualNitrogenExcretion_Unit()} -> kg N
D66: {=MMS_Feedlot_N2O_Direct_Equations.VEERG_4_1_1_3__3_AnnualNitrogenExcretion_Arguments()} -> N_j | E66: number of cattle in each group : head | G66: ="See " & D70 -> See Table_N_j
D67: NE_j | E67: nitrogen excretion : kg N/head/day | G67: ="See " & D51 -> See M1_Table_NE_j
D68: D_j | E68: duration of stay of cattle group : days | G68: ="See " & D75 -> See Table_D_j
D70: Table_N_j
D71: Number of head in each group
D72: Domestic | E72: Mid-fed | F72: Long-fed
D73: ='Input - MMS - Feedlot'!$E$8 -> 4300 | E73: ='Input - MMS - Feedlot'!$F$8 -> 100 | F73: ='Input - MMS - Feedlot'!$G$8 -> 100 | G73: Head
D75: Table_D_j
D76: Duration of stay
D77: Domestic | E77: Mid-fed | F77: Long-fed
D78: ='Input - MMS - Feedlot'!$E$9 -> 90 | E78: ='Input - MMS - Feedlot'!$F$9 -> 140 | F78: ='Input - MMS - Feedlot'!$G$9 -> 250 | G78: Days
D80: M1_Table_AE_j | L80: M2_Table_AE_j
D81: Annual nitrogen excretion (Method 1) | L81: Annual nitrogen excretion (Method 2)
D82: Domestic | E82: Mid-fed | F82: Long-fed | L82: Domestic | M82: Mid-fed | N82: Long-fed
D83: {=MMS_Feedlot_N2O_Direct_Equations.VEERG_4_1_1_3__3_AnnualNitrogenExcretion(D73,D54,D78)} -> 71763.794 | E83: {=MMS_Feedlot_N2O_Direct_Equations.VEERG_4_1_1_3__3_AnnualNitrogenExcretion(E73,E54,E78)} -> 2534.3539 | F83: {=MMS_Feedlot_N2O_Direct_Equations.VEERG_4_1_1_3__3_AnnualNitrogenExcretion(F73,F54,F78)} -> 3660.48 | G83: =$E$64 -> kg N | L83: {=MMS_Feedlot_N2O_Direct_Equations.VEERG_4_1_1_3__3_AnnualNitrogenExcretion(D73,L54,D78)} -> 71763.794 | M83: {=MMS_Feedlot_N2O_Direct_Equations.VEERG_4_1_1_3__3_AnnualNitrogenExcretion(E73,M54,E78)} -> 2534.3539 | N83: {=MMS_Feedlot_N2O_Direct_Equations.VEERG_4_1_1_3__3_AnnualNitrogenExcretion(F73,N54,F78)} -> 3660.48 | O83: =$E$64 -> kg N
D87: {=MMS_Feedlot_N2O_Direct_Equations.VEERG_4_1_1_3__2_Stage1NitrogenInMMSDrylot_Title()} -> Nitrogen in treatment stage 1 MMS
D88: {=MMS_Feedlot_N2O_Direct_Equations.VEERG_4_1_1_3__2_Stage1NitrogenInMMSDrylot_Source()} -> VEERG 2026: 4.1.1.3, Equation (2)
D89: Function name | E89: {=Common_InputFunctions.Utility_DisplayFunctionName(E106)} -> =MMS_Feedlot_N2O_Direct_Equations.VEERG_4_1_1_3__2_Stage1NitrogenInMMSDrylot
D92: Variable | E92: {=MMS_Feedlot_N2O_Direct_Equations.VEERG_4_1_1_3__2_Stage1NitrogenInMMSDrylot_Variable()} -> MN_jm5T1
D93: Unit | E93: {=MMS_Feedlot_N2O_Direct_Equations.VEERG_4_1_1_3__2_Stage1NitrogenInMMSDrylot_Unit()} -> kg N
D95: {=MMS_Feedlot_N2O_Direct_Equations.VEERG_4_1_1_3__2_Stage1NitrogenInMMSDrylot_Arguments()} -> AE_j | E95: total nitrogen excreted by each cattle group : kg N | G95: ="See " & $D$80 -> See M1_Table_AE_j
D96: MMS_jm5T1 | E96: fraction of manure in primary system drylot MMS : fraction | G96: ="See " & D98 -> See Table_MMS_j_m-5_T-1
D98: Table_MMS_j_m-5_T-1
D99: Fraction of manure in primary system drylot
D100: Stage 1 MMS | E100: Domestic | F100: Mid-fed | G100: Long-fed
D101: ='Input - MMS - Feedlot'!$D$29 -> Drylot (feed pad) | E101: ='Input - MMS - Feedlot'!$E$29 -> 1 | F101: ='Input - MMS - Feedlot'!$F$29 -> 1 | G101: ='Input - MMS - Feedlot'!$G$29 -> 1 | H101: Fraction
D103: M1_Table_MN_j_m-5_T-1 | L103: M2_Table_MN_j_m-5_T-1
D104: Nitrogen in stage 1 MMS (Method 1) | L104: Nitrogen in stage 1 MMS (Method 2)
D105: Stage 1 MMS | E105: Domestic | F105: Mid-fed | G105: Long-fed | L105: Stage 1 MMS | M105: Domestic | N105: Mid-fed | O105: Long-fed
D106: ='Input - MMS - Feedlot'!$D$29 -> Drylot (feed pad) | E106: {=MMS_Feedlot_N2O_Direct_Equations.VEERG_4_1_1_3__2_Stage1NitrogenInMMSDrylot(D83,E101)} -> 71763.794 | F106: {=MMS_Feedlot_N2O_Direct_Equations.VEERG_4_1_1_3__2_Stage1NitrogenInMMSDrylot(E83,F101)} -> 2534.3539 | G106: {=MMS_Feedlot_N2O_Direct_Equations.VEERG_4_1_1_3__2_Stage1NitrogenInMMSDrylot(F83,G101)} -> 3660.48 | H106: =$E$93 -> kg N | L106: ='Input - MMS - Feedlot'!$D$29 -> Drylot (feed pad) | M106: {=MMS_Feedlot_N2O_Direct_Equations.VEERG_4_1_1_3__2_Stage1NitrogenInMMSDrylot(L83,E101)} -> 71763.794 | N106: {=MMS_Feedlot_N2O_Direct_Equations.VEERG_4_1_1_3__2_Stage1NitrogenInMMSDrylot(M83,F101)} -> 2534.3539 | O106: {=MMS_Feedlot_N2O_Direct_Equations.VEERG_4_1_1_3__2_Stage1NitrogenInMMSDrylot(N83,G101)} -> 3660.48 | P106: =$E$93 -> kg N
D110: {=MMS_Feedlot_N2O_Direct_Equations.VEERG_4_1_1_3__8_Stage3NitrogenInMMSAnaerobicLagoon_Title()} -> Nitrogen in treatment stage 3 MMS
D111: {=MMS_Feedlot_N2O_Direct_Equations.VEERG_4_1_1_3__8_Stage3NitrogenInMMSAnaerobicLagoon_Source()} -> VEERG 2026: 4.1.1.3, Equation (8)
D112: Function name | E112: {=Common_InputFunctions.Utility_DisplayFunctionName(E138)} -> =MMS_Feedlot_N2O_Direct_Equations.VEERG_4_1_1_3__7_NitrogenTransferredToStage2_Variable
D115: Variable | E115: {=MMS_Feedlot_N2O_Direct_Equations.VEERG_4_1_1_3__8_Stage3NitrogenInMMSAnaerobicLagoon_Variable()} -> MN_jm1T3
D116: Unit | E116: {=MMS_Feedlot_N2O_Direct_Equations.VEERG_4_1_1_3__8_Stage3NitrogenInMMSAnaerobicLagoon_Unit()} -> kg N
D118: {=MMS_Feedlot_N2O_Direct_Equations.VEERG_4_1_1_3__8_Stage3NitrogenInMMSAnaerobicLagoon_Arguments()} -> AE_j | E118: total nitrogen excreted by each cattle group : kg N | G118: ="See " & $D$80 -> See M1_Table_AE_j
D119: MMS_jm1T3 | E119: fraction of manure to tertiary anaerobic lagoon system : fraction | G119: ="See " & D121 -> See Table_MMS_j_m-1_T-3
D121: Table_MMS_j_m-1_T-3
D122: Fraction of manure sent to stage 3 MMS
D123: Stage 3 MMS | E123: Domestic | F123: Mid-fed | G123: Long-fed
D124: ='Input - MMS - Feedlot'!$D$41 -> Anaerobic lagoon | E124: ='Input - MMS - Feedlot'!$E$41 -> 0.02 | F124: ='Input - MMS - Feedlot'!$F$41 -> 0.02 | G124: ='Input - MMS - Feedlot'!$G$41 -> 0.02 | H124: Fraction
D126: M1_Table_MN_j_m-1_T-3 | L126: M2_Table_MN_j_m-1_T-3
D127: Nitrogen in stage 3 MMS (Method 1) | L127: Nitrogen in stage 3 MMS (Method 2)
D128: Stage 3 MMS | E128: Domestic | F128: Mid-fed | G128: Long-fed | L128: Stage 3 MMS | M128: Domestic | N128: Mid-fed | O128: Long-fed
D129: ='Input - MMS - Feedlot'!$D$41 -> Anaerobic lagoon | E129: {=MMS_Feedlot_N2O_Direct_Equations.VEERG_4_1_1_3__8_Stage3NitrogenInMMSAnaerobicLagoon(D83,E124)} -> 1435.2759 | F129: {=MMS_Feedlot_N2O_Direct_Equations.VEERG_4_1_1_3__8_Stage3NitrogenInMMSAnaerobicLagoon(E83,F124)} -> 50.687078 | G129: {=MMS_Feedlot_N2O_Direct_Equations.VEERG_4_1_1_3__8_Stage3NitrogenInMMSAnaerobicLagoon(F83,G124)} -> 73.2096 | H129: =$E$116 -> kg N | L129: ='Input - MMS - Feedlot'!$D$41 -> Anaerobic lagoon | M129: {=MMS_Feedlot_N2O_Direct_Equations.VEERG_4_1_1_3__8_Stage3NitrogenInMMSAnaerobicLagoon(L83,E124)} -> 1435.2759 | N129: {=MMS_Feedlot_N2O_Direct_Equations.VEERG_4_1_1_3__8_Stage3NitrogenInMMSAnaerobicLagoon(M83,F124)} -> 50.687078 | O129: {=MMS_Feedlot_N2O_Direct_Equations.VEERG_4_1_1_3__8_Stage3NitrogenInMMSAnaerobicLagoon(N83,G124)} -> 73.2096 | P129: =$E$116 -> kg N
D133: {=MMS_Feedlot_N2O_Direct_Equations.VEERG_4_1_1_3__7_NitrogenTransferredToStage2_Title()} -> Nitrogen transferred to treatment stage 2 MMS
D134: {=MMS_Feedlot_N2O_Direct_Equations.VEERG_4_1_1_3__7_NitrogenTransferredToStage2_Source()} -> VEERG 2026: 4.1.1.3, Equation (7)
D135: Function name | E135: {=Common_InputFunctions.Utility_DisplayFunctionName(D149)} -> =MMS_Feedlot_N2O_Direct_Equations.VEERG_4_1_1_3__7_NitrogenTransferredToStage2
D138: Variable | E138: {=MMS_Feedlot_N2O_Direct_Equations.VEERG_4_1_1_3__7_NitrogenTransferredToStage2_Variable()} -> NT_jmT2
D139: Unit | E139: {=MMS_Feedlot_N2O_Direct_Equations.VEERG_4_1_1_3__7_NitrogenTransferredToStage2_Unit()} -> kg N
D141: {=MMS_Feedlot_N2O_Direct_Equations.VEERG_4_1_1_3__7_NitrogenTransferredToStage2_Arguments()} -> MN_jm5T1 | E141: nitrogen in MMS treatment stage 1 : kg N | G141: ="See " & D103 -> See M1_Table_MN_j_m-5_T-1
D142: FracGASM_m5 | E142: fraction of N volatilised from drylot MMS : fraction | G142: ='Source Data - Feedlot'!$F$113 -> 0.6
D143: EF_m5 | E143: nitrous oxide emission factor for drylot MMS : kg N2O-N/kg N deposited | G143: ='Source Data - Feedlot'!$F$101 -> 0.0054
D144: MN_jmT3 | E144: nitrogen in MMS treatment stage 3 : kg N | G144: ="See " & D126 -> See M1_Table_MN_j_m-1_T-3
...

Sheet 4.1.1.5-6 Atmos Deposition
A1: #VALUE! | C1: 4.1.1.5-6 Manure Atmospheric Deposition
A3: Home | D3: Method 1 | L3: Method 2
A4: =HYPERLINK("#'Results'!A1", "Results") -> Results
D5: {=MMS_Feedlot_AtmosphericDeposition_Equations.VEERG_4_1_1_5__2_VolatilisedNitrogenFromManureManagement_Title()} -> Volatilised nitrogen from manure management
A6: INPUTS | D6: {=MMS_Feedlot_AtmosphericDeposition_Equations.VEERG_4_1_1_5__2_VolatilisedNitrogenFromManureManagement_Source()} -> VEERG 2026: 4.1.1.5, Equation (2)
A7: =HYPERLINK("#'Input - Site'!A1", "Site") -> Site | D7: Function name | E7: {=Common_InputFunctions.Utility_DisplayFunctionName(E36)} -> =MMS_Feedlot_AtmosphericDeposition_Equations.VEERG_4_1_1_5__2_VolatilisedNitrogenFromManureManagement
A8: =HYPERLINK("#'Input - Production'!A1", "Production and outputs") -> Production and outputs
A9: =HYPERLINK("#'Input - Herd - Dairy'!A1", "Herd - Dairy") -> Herd - Dairy
A10: =HYPERLINK("#'Input - Feed - Dairy'!A1", "Purchased feed - Livestock") -> Purchased feed - Livestock
A11: =HYPERLINK("#'Input - Herd - Feedlot'!A1", "Herd - Feedlot") -> Herd - Feedlot | D11: Variable | E11: {=MMS_Feedlot_AtmosphericDeposition_Equations.VEERG_4_1_1_5__2_VolatilisedNitrogenFromManureManagement_Variable()} -> MMS_ATMOS
A12: =HYPERLINK("#'Input - Pasture'!A1", "Pasture") -> Pasture | D12: Unit | E12: {=MMS_Feedlot_AtmosphericDeposition_Equations.VEERG_4_1_1_5__2_VolatilisedNitrogenFromManureManagement_Unit()} -> kg N
A13: =HYPERLINK("#'Input - Grains'!A1", "Crop - Grains") -> Crop - Grains
A14: =HYPERLINK("#'Input - Fert Lime Chem'!A1", "Fertiliser, Lime & Chemicals") -> Fertiliser, Lime & Chemicals | D14: {=MMS_Feedlot_AtmosphericDeposition_Equations.VEERG_4_1_1_5__2_VolatilisedNitrogenFromManureManagement_Arguments()} -> MN_jmT | E14: nitrogen in each treatment stage MMS (excluding MN_ijm13T2) : kg N | G14: ="See " & D17 -> See M1_Table_MN_j_m_T
A15: =HYPERLINK("#'Input - Fuel & Energy'!A1", "Electricity and fuel") -> Electricity and fuel | D15: FracGASM_mT | E15: fraction of N volatilised in each MMS : (kg NH3-N + NOx-N)/kg N | G15: ="See " & D25 -> See Table_FracGASM_m_T-2-3
A16: Waste
A17: Freight and transport | D17: M1_Table_MN_j_m_T | L17: M2_Table_MN_j_m_T
A18: =HYPERLINK("#'Input - Other Farm Inputs'!A1", "Other farm inputs") -> Other farm inputs | D18: Nitrogen in each MMS excluding direct application (Method 1) | L18: Nitrogen in each MMS excluding direct application (Method 2)
A19: =HYPERLINK("#'Input - Data quality'!A1", "Data quality") -> Data quality | D19: MMS | E19: Domestic | F19: Mid-fed | G19: Long-fed | L19: MMS | M19: Domestic | N19: Mid-fed | O19: Long-fed
D20: ='Input - MMS - Feedlot'!$D$29 -> Drylot (feed pad) | E20: ='4.1.1.3-4 Direct N20'!$E$106 -> 71763.794 | F20: ='4.1.1.3-4 Direct N20'!$F$106 -> 2534.3539 | G20: ='4.1.1.3-4 Direct N20'!$G$106 -> 3660.48 | H20: kg N | L20: ='Input - MMS - Feedlot'!$D$29 -> Drylot (feed pad) | M20: ='4.1.1.3-4 Direct N20'!$M$106 -> 71763.794 | N20: ='4.1.1.3-4 Direct N20'!$N$106 -> 2534.3539 | O20: ='4.1.1.3-4 Direct N20'!$O$106 -> 3660.48 | P20: kg N
A21: CALCULATIONS | D21: ='Input - MMS - Feedlot'!$D$35 -> Solid storage | E21: ='4.1.1.3-4 Direct N20'!$E$173 -> 5376.5434 | F21: ='4.1.1.3-4 Direct N20'!$F$173 -> 189.8738 | G21: ='4.1.1.3-4 Direct N20'!$G$173 -> 274.24316 | H21: kg N | L21: ='Input - MMS - Feedlot'!$D$35 -> Solid storage | M21: ='4.1.1.3-4 Direct N20'!$M$173 -> 5376.5434 | N21: ='4.1.1.3-4 Direct N20'!$N$173 -> 189.8738 | O21: ='4.1.1.3-4 Direct N20'!$O$173 -> 274.24316 | P21: kg N
A22: N2O MMS | D22: ='Input - MMS - Feedlot'!$D$36 -> Composting (passive windrow) | E22: ='4.1.1.3-4 Direct N20'!$E$174 -> 21506.174 | F22: ='4.1.1.3-4 Direct N20'!$F$174 -> 759.49518 | G22: ='4.1.1.3-4 Direct N20'!$G$174 -> 1096.9726 | H22: kg N | L22: ='Input - MMS - Feedlot'!$D$36 -> Composting (passive windrow) | M22: ='4.1.1.3-4 Direct N20'!$M$174 -> 21506.174 | N22: ='4.1.1.3-4 Direct N20'!$N$174 -> 759.49518 | O22: ='4.1.1.3-4 Direct N20'!$O$174 -> 1096.9726 | P22: kg N
A23: Enteric methane | D23: ='Input - MMS - Feedlot'!$D$41 -> Anaerobic lagoon | E23: ='4.1.1.3-4 Direct N20'!$E$129 -> 1435.2759 | F23: ='4.1.1.3-4 Direct N20'!$F$129 -> 50.687078 | G23: ='4.1.1.3-4 Direct N20'!$G$129 -> 73.2096 | H23: kg N | L23: ='Input - MMS - Feedlot'!$D$41 -> Anaerobic lagoon | M23: ='4.1.1.3-4 Direct N20'!$M$129 -> 1435.2759 | N23: ='4.1.1.3-4 Direct N20'!$N$129 -> 50.687078 | O23: ='4.1.1.3-4 Direct N20'!$O$129 -> 73.2096 | P23: kg N
A24: =HYPERLINK("#'Calcs - Fert Lime'!A1", "Fertiliser & soil amendments") -> Fertiliser & soil amendments
A25: =HYPERLINK("#'Calcs - Residue mgmt - Crop'!A1", "Residue management - Crop") -> Residue management - Crop | D25: Table_FracGASM_m_T-2-3
A26: =HYPERLINK("#'Calcs - Residue mgmt - Pasture'!A1", "Residue management - Pasture") -> Residue management - Pasture | D26: Fraction of N volatilised in each MMS
A27: =HYPERLINK("#'Calcs - Field burning'!A1", "Field burning - Crop") -> Field burning - Crop | D27: MMS | E27: EFjm
A28: =HYPERLINK("#'Calcs - Fuel'!A1", "Fuel") -> Fuel | D28: ='Input - MMS - Feedlot'!$D$29 -> Drylot (feed pad) | E28: =_xlfn.XLOOKUP(D28, Table_SourceData_Feedlot_FracGASMmT[NIR definition], Table_SourceData_Feedlot_FracGASMmT[FracGASMmT]) -> 0.6 | F28: (kg NH3-N + NOx-N)/kg N
A29: =HYPERLINK("#'Calcs - Electricity'!A1", "Electricity") -> Electricity | D29: ='Input - MMS - Feedlot'!$D$35 -> Solid storage | E29: =_xlfn.XLOOKUP(D29, Table_SourceData_Feedlot_FracGASMmT[NIR definition], Table_SourceData_Feedlot_FracGASMmT[FracGASMmT]) -> 0.25 | F29: (kg NH3-N + NOx-N)/kg N
A30: =HYPERLINK("#'Calcs - Refrigerants'!A1", "Refrigerants") -> Refrigerants | D30: ='Input - MMS - Feedlot'!$D$36 -> Composting (passive windrow) | E30: =_xlfn.XLOOKUP(D30, Table_SourceData_Feedlot_FracGASMmT[NIR definition], Table_SourceData_Feedlot_FracGASMmT[FracGASMmT]) -> 0.4 | F30: (kg NH3-N + NOx-N)/kg N
A31: Waste | D31: ='Input - MMS - Feedlot'!$D$41 -> Anaerobic lagoon | E31: =_xlfn.XLOOKUP(D31, Table_SourceData_Feedlot_FracGASMmT[NIR definition], Table_SourceData_Feedlot_FracGASMmT[FracGASMmT]) -> 0.35 | F31: (kg NH3-N + NOx-N)/kg N
A32: Freight and transport
A33: =HYPERLINK("#'Calcs - Scope 3'!A1", "Purchased goods scope 3") -> Purchased goods scope 3 | D33: M1_Table_MMS_ATMOS | L33: M1_Table_MMS_ATMOS
D34: Nitrogen in each MMS excluding direct application (Method 1) | L34: Nitrogen in each MMS excluding direct application (Method 1)
A35: APPENDICES | D35: MMS | E35: Domestic | F35: Mid-fed | G35: Long-fed | L35: MMS | M35: Domestic | N35: Mid-fed | O35: Long-fed
A36: =HYPERLINK("#'Constants - Common'!A1", "Constants - Common") -> Constants - Common | D36: ='Input - MMS - Feedlot'!$D$29 -> Drylot (feed pad) | E36: {=MMS_Feedlot_AtmosphericDeposition_Equations.VEERG_4_1_1_5__2_VolatilisedNitrogenFromManureManagement(E20,$E28)} -> 43058.276 | F36: {=MMS_Feedlot_AtmosphericDeposition_Equations.VEERG_4_1_1_5__2_VolatilisedNitrogenFromManureManagement(F20,$E28)} -> 1520.6124 | G36: {=MMS_Feedlot_AtmosphericDeposition_Equations.VEERG_4_1_1_5__2_VolatilisedNitrogenFromManureManagement(G20,$E28)} -> 2196.288 | H36: =$E$12 -> kg N | L36: ='Input - MMS - Feedlot'!$D$29 -> Drylot (feed pad) | M36: {=MMS_Feedlot_AtmosphericDeposition_Equations.VEERG_4_1_1_5__2_VolatilisedNitrogenFromManureManagement(M20,$E28)} -> 43058.276 | N36: {=MMS_Feedlot_AtmosphericDeposition_Equations.VEERG_4_1_1_5__2_VolatilisedNitrogenFromManureManagement(N20,$E28)} -> 1520.6124 | O36: {=MMS_Feedlot_AtmosphericDeposition_Equations.VEERG_4_1_1_5__2_VolatilisedNitrogenFromManureManagement(O20,$E28)} -> 2196.288 | P36: kg N
A37: =HYPERLINK("#'Constants - Cropping'!A1", "Constants - Cropping") -> Constants - Cropping | D37: ='Input - MMS - Feedlot'!$D$35 -> Solid storage | E37: {=MMS_Feedlot_AtmosphericDeposition_Equations.VEERG_4_1_1_5__2_VolatilisedNitrogenFromManureManagement(E21,$E29)} -> 1344.1359 | F37: {=MMS_Feedlot_AtmosphericDeposition_Equations.VEERG_4_1_1_5__2_VolatilisedNitrogenFromManureManagement(F21,$E29)} -> 47.468449 | G37: {=MMS_Feedlot_AtmosphericDeposition_Equations.VEERG_4_1_1_5__2_VolatilisedNitrogenFromManureManagement(G21,$E29)} -> 68.56079 | H37: =$E$12 -> kg N | L37: ='Input - MMS - Feedlot'!$D$35 -> Solid storage | M37: {=MMS_Feedlot_AtmosphericDeposition_Equations.VEERG_4_1_1_5__2_VolatilisedNitrogenFromManureManagement(M21,$E29)} -> 1344.1359 | N37: {=MMS_Feedlot_AtmosphericDeposition_Equations.VEERG_4_1_1_5__2_VolatilisedNitrogenFromManureManagement(N21,$E29)} -> 47.468449 | O37: {=MMS_Feedlot_AtmosphericDeposition_Equations.VEERG_4_1_1_5__2_VolatilisedNitrogenFromManureManagement(O21,$E29)} -> 68.56079 | P37: kg N
A38: =HYPERLINK("#'Constants - Livestock'!A1", "Constants - Livestock") -> Constants - Livestock | D38: ='Input - MMS - Feedlot'!$D$36 -> Composting (passive windrow) | E38: {=MMS_Feedlot_AtmosphericDeposition_Equations.VEERG_4_1_1_5__2_VolatilisedNitrogenFromManureManagement(E22,$E30)} -> 8602.4695 | F38: {=MMS_Feedlot_AtmosphericDeposition_Equations.VEERG_4_1_1_5__2_VolatilisedNitrogenFromManureManagement(F22,$E30)} -> 303.79807 | G38: {=MMS_Feedlot_AtmosphericDeposition_Equations.VEERG_4_1_1_5__2_VolatilisedNitrogenFromManureManagement(G22,$E30)} -> 438.78906 | H38: =$E$12 -> kg N | L38: ='Input - MMS - Feedlot'!$D$36 -> Composting (passive windrow) | M38: {=MMS_Feedlot_AtmosphericDeposition_Equations.VEERG_4_1_1_5__2_VolatilisedNitrogenFromManureManagement(M22,$E30)} -> 8602.4695 | N38: {=MMS_Feedlot_AtmosphericDeposition_Equations.VEERG_4_1_1_5__2_VolatilisedNitrogenFromManureManagement(N22,$E30)} -> 303.79807 | O38: {=MMS_Feedlot_AtmosphericDeposition_Equations.VEERG_4_1_1_5__2_VolatilisedNitrogenFromManureManagement(O22,$E30)} -> 438.78906 | P38: kg N
A39: =HYPERLINK("#'Constants - Dairy'!A1", "Constants - Dairy") -> Constants - Dairy | D39: ='Input - MMS - Feedlot'!$D$41 -> Anaerobic lagoon | E39: {=MMS_Feedlot_AtmosphericDeposition_Equations.VEERG_4_1_1_5__2_VolatilisedNitrogenFromManureManagement(E23,$E31)} -> 502.34656 | F39: {=MMS_Feedlot_AtmosphericDeposition_Equations.VEERG_4_1_1_5__2_VolatilisedNitrogenFromManureManagement(F23,$E31)} -> 17.740477 | G39: {=MMS_Feedlot_AtmosphericDeposition_Equations.VEERG_4_1_1_5__2_VolatilisedNitrogenFromManureManagement(G23,$E31)} -> 25.62336 | H39: =$E$12 -> kg N | L39: ='Input - MMS - Feedlot'!$D$41 -> Anaerobic lagoon | M39: {=MMS_Feedlot_AtmosphericDeposition_Equations.VEERG_4_1_1_5__2_VolatilisedNitrogenFromManureManagement(M23,$E31)} -> 502.34656 | N39: {=MMS_Feedlot_AtmosphericDeposition_Equations.VEERG_4_1_1_5__2_VolatilisedNitrogenFromManureManagement(N23,$E31)} -> 17.740477 | O39: {=MMS_Feedlot_AtmosphericDeposition_Equations.VEERG_4_1_1_5__2_VolatilisedNitrogenFromManureManagement(O23,$E31)} -> 25.62336 | P39: kg N
A40: Sources & acknowledgements
D41: MMSATMOS | E41: =SUM(E36:G39) -> 58126.109 | F41: =$E$12 -> kg N | L41: MMSATMOS | M41: =SUM(M36:O39) -> 58126.109 | N41: =$E$12 -> kg N
D45: {=MMS_Feedlot_AtmosphericDeposition_Equations.VEERG_4_1_1_5__1_TotalAnnualAtmosphericDepositionEmissions_Title()} -> Total annual atmospheric deposition emissions from manure management
D46: {=MMS_Feedlot_AtmosphericDeposition_Equations.VEERG_4_1_1_5__1_TotalAnnualAtmosphericDepositionEmissions_Source()} -> VEERG 2026: 4.1.1.5, Equation (1)
D47: Function name | E47: {=Common_InputFunctions.Utility_DisplayFunctionName(E76)} -> #N/A
D50: Variable | E50: {=MMS_Feedlot_AtmosphericDeposition_Equations.VEERG_4_1_1_5__1_TotalAnnualAtmosphericDepositionEmissions_Variable()} -> E_N2Oad
D51: Unit | E51: {=MMS_Feedlot_AtmosphericDeposition_Equations.VEERG_4_1_1_5__1_TotalAnnualAtmosphericDepositionEmissions_Unit()} -> t N2O
D53: {=MMS_Feedlot_AtmosphericDeposition_Equations.VEERG_4_1_1_5__1_TotalAnnualAtmosphericDepositionEmissions_Arguments()} -> MMS_ATMOS | E53: mass of N volatilised from MMS : kg N | G53: =$E$41 -> 58126.109
D54: EF_N2O | E54: nitrous oxide emission factor for atmospheric deposition : kg N2O-N/kg N | H54: lacking subscripts
D55: C_N2O | E55: factor to convert elemental mass of nitrous oxide to molecular mass : ratio | G55: {=Common_InputFunctions.Utility_LookupValueInTableNumber("N2O",#REF!,#REF!)} -> 0
D56: p | E56: production system
D57: r | E57: rainfall zone | G57: ='Input - Site'!$E$30 -> #REF!
G63: Apply the atmospheric deposition EF that best represent the production systems immediately surrounding the feedlot.
G64: For non-irrigated cropping systems, the emission factor varies depending on whether the agricultural system is in a high rainfall or low rainfall zone. Refer to Chapter 1 Section 1.8.2 for guidance on determining the relevant rainfall zone.

Sheet 4.1.1.9 Manure applied to soils
A1: #VALUE! | C1: 4.1.1.9 Manure applied to soils
A3: Home | D3: Method 1 | L3: Method 2
A4: =HYPERLINK("#'Results'!A1", "Results") -> Results
D5: {=MMS_Feedlot_ManureAppliedToSoils_Equations.VEERG_4_1_1_9__1_MassOfNitrogenAppliedToSoilsScope1_Title()} -> Mass of nitrogen applied to soils for scope 1 emissions
A6: INPUTS | D6: {=MMS_Feedlot_ManureAppliedToSoils_Equations.VEERG_4_1_1_9__1_MassOfNitrogenAppliedToSoilsScope1_Source()} -> VEERG 2026: 4.1.1.9, Equation (1)
A7: =HYPERLINK("#'Input - Site'!A1", "Site") -> Site | D7: Function name | E7: {=Common_InputFunctions.Utility_DisplayFunctionName(E52)} -> =MMS_Feedlot_ManureAppliedToSoils_Equations.VEERG_4_1_1_9__1_MassOfNitrogenAppliedToSoilsScope1
A8: =HYPERLINK("#'Input - Production'!A1", "Production and outputs") -> Production and outputs
A9: =HYPERLINK("#'Input - Herd - Dairy'!A1", "Herd - Dairy") -> Herd - Dairy
A10: =HYPERLINK("#'Input - Feed - Dairy'!A1", "Purchased feed - Livestock") -> Purchased feed - Livestock
A11: =HYPERLINK("#'Input - Herd - Feedlot'!A1", "Herd - Feedlot") -> Herd - Feedlot | D11: Variable | E11: {=MMS_Feedlot_ManureAppliedToSoils_Equations.VEERG_4_1_1_9__1_MassOfNitrogenAppliedToSoilsScope1_Variable()} -> MNSoil_scope1
A12: =HYPERLINK("#'Input - Pasture'!A1", "Pasture") -> Pasture | D12: Unit | E12: {=MMS_Feedlot_ManureAppliedToSoils_Equations.VEERG_4_1_1_9__1_MassOfNitrogenAppliedToSoilsScope1_Unit()} -> kg N
A13: =HYPERLINK("#'Input - Grains'!A1", "Crop - Grains") -> Crop - Grains
A14: =HYPERLINK("#'Input - Fert Lime Chem'!A1", "Fertiliser, Lime & Chemicals") -> Fertiliser, Lime & Chemicals | D14: {=MMS_Feedlot_ManureAppliedToSoils_Equations.VEERG_4_1_1_9__1_MassOfNitrogenAppliedToSoilsScope1_Arguments()} -> MN_jmT23 | E14: mass of N in secondary and tertiary treatment MMS stages as calculated for manure management : kg N | H14: ="See " & $D$19 -> See M1_Table_MN_j_m_T-2-3
A15: =HYPERLINK("#'Input - Fuel & Energy'!A1", "Electricity and fuel") -> Electricity and fuel | D15: EF_mT23 | E15: nitrous oxide emission factor for each MMS : kg N2O-N/kg N | H15: ="See " & $D$26 -> See Table_EF_j_m_T-2-3
A16: Waste | D16: FracGASM_mT23 | E16: fraction of animal waste N volatilised in each MMS for each cattle group : (kg NH3-N + NOx-N)/kg N | H16: ="See " & $D$34 -> See Table_FracGASM_m_T-2-3
A17: Freight and transport | D17: PF | E17: fraction of manure applied to soil within the feedlot boundary : fraction | H17: ="See " & $D$42 -> See Table_PF
A18: =HYPERLINK("#'Input - Other Farm Inputs'!A1", "Other farm inputs") -> Other farm inputs
A19: =HYPERLINK("#'Input - Data quality'!A1", "Data quality") -> Data quality | D19: M1_Table_MN_j_m_T-2-3 | L19: M2_Table_MN_j_m_T-2-3
D20: Mass on N in stage 2 and 3 MMS (Method 1) | L20: Mass on N in stage 2 and 3 MMS (Method 2)
A21: CALCULATIONS | D21: MMS | E21: Domestic | F21: Mid-fed | G21: Long-fed | L21: MMS | M21: Domestic | N21: Mid-fed | O21: Long-fed
A22: N2O MMS | D22: ='Input - MMS - Feedlot'!$D$35 -> Solid storage | E22: ='4.1.1.3-4 Direct N20'!$E$173 -> 5376.5434 | F22: ='4.1.1.3-4 Direct N20'!$F$173 -> 189.8738 | G22: ='4.1.1.3-4 Direct N20'!$G$173 -> 274.24316 | H22: kg N | L22: ='Input - MMS - Feedlot'!$D$35 -> Solid storage | M22: ='4.1.1.3-4 Direct N20'!$M$173 -> 5376.5434 | N22: ='4.1.1.3-4 Direct N20'!$N$173 -> 189.8738 | O22: ='4.1.1.3-4 Direct N20'!$O$173 -> 274.24316 | P22: kg N
A23: Enteric methane | D23: ='Input - MMS - Feedlot'!$D$36 -> Composting (passive windrow) | E23: ='4.1.1.3-4 Direct N20'!$E$174 -> 21506.174 | F23: ='4.1.1.3-4 Direct N20'!$F$174 -> 759.49518 | G23: ='4.1.1.3-4 Direct N20'!$G$174 -> 1096.9726 | H23: kg N | L23: ='Input - MMS - Feedlot'!$D$36 -> Composting (passive windrow) | M23: ='4.1.1.3-4 Direct N20'!$M$174 -> 21506.174 | N23: ='4.1.1.3-4 Direct N20'!$N$174 -> 759.49518 | O23: ='4.1.1.3-4 Direct N20'!$O$174 -> 1096.9726 | P23: kg N
A24: =HYPERLINK("#'Calcs - Fert Lime'!A1", "Fertiliser & soil amendments") -> Fertiliser & soil amendments | D24: ='Input - MMS - Feedlot'!$D$41 -> Anaerobic lagoon | E24: ='4.1.1.3-4 Direct N20'!$E$129 -> 1435.2759 | F24: ='4.1.1.3-4 Direct N20'!$F$129 -> 50.687078 | G24: ='4.1.1.3-4 Direct N20'!$G$129 -> 73.2096 | H24: kg N | L24: ='Input - MMS - Feedlot'!$D$41 -> Anaerobic lagoon | M24: ='4.1.1.3-4 Direct N20'!$M$129 -> 1435.2759 | N24: ='4.1.1.3-4 Direct N20'!$N$129 -> 50.687078 | O24: ='4.1.1.3-4 Direct N20'!$O$129 -> 73.2096 | P24: kg N
A25: =HYPERLINK("#'Calcs - Residue mgmt - Crop'!A1", "Residue management - Crop") -> Residue management - Crop
A26: =HYPERLINK("#'Calcs - Residue mgmt - Pasture'!A1", "Residue management - Pasture") -> Residue management - Pasture | D26: Table_EF_j_m_T-2-3
A27: =HYPERLINK("#'Calcs - Field burning'!A1", "Field burning - Crop") -> Field burning - Crop | D27: EFs for MMS
A28: =HYPERLINK("#'Calcs - Fuel'!A1", "Fuel") -> Fuel | D28: MMS | E28: EFjm
A29: =HYPERLINK("#'Calcs - Electricity'!A1", "Electricity") -> Electricity | D29: ='Input - MMS - Feedlot'!$D$29 -> Drylot (feed pad) | E29: =_xlfn.XLOOKUP(D29, Table_SourceData_Feedlot_NO2EFs[NIR definition], Table_SourceData_Feedlot_NO2EFs[EF mT]) -> 0.0054 | F29: kg N2O/kg N
A30: =HYPERLINK("#'Calcs - Refrigerants'!A1", "Refrigerants") -> Refrigerants | D30: ='Input - MMS - Feedlot'!$D$35 -> Solid storage | E30: =_xlfn.XLOOKUP($D$30, Table_SourceData_Feedlot_NO2EFs[NIR definition], Table_SourceData_Feedlot_NO2EFs[EF mT]) -> 0.005 | F30: kg N2O/kg N
A31: Waste | D31: ='Input - MMS - Feedlot'!$D$36 -> Composting (passive windrow) | E31: =_xlfn.XLOOKUP($D$31, Table_SourceData_Feedlot_NO2EFs[NIR definition], Table_SourceData_Feedlot_NO2EFs[EF mT]) -> 0.01 | F31: kg N2O/kg N
A32: Freight and transport | D32: ='Input - MMS - Feedlot'!$D$41 -> Anaerobic lagoon | E32: =_xlfn.XLOOKUP($D$32, Table_SourceData_Feedlot_NO2EFs[NIR definition], Table_SourceData_Feedlot_NO2EFs[EF mT]) -> 0 | F32: kg N2O/kg N
A33: =HYPERLINK("#'Calcs - Scope 3'!A1", "Purchased goods scope 3") -> Purchased goods scope 3
D34: Table_FracGASM_m_T-2-3
A35: APPENDICES | D35: Fraction of N volatilised in each MMS
A36: =HYPERLINK("#'Constants - Common'!A1", "Constants - Common") -> Constants - Common | D36: MMS | E36: EFjm
A37: =HYPERLINK("#'Constants - Cropping'!A1", "Constants - Cropping") -> Constants - Cropping | D37: ='Input - MMS - Feedlot'!$D$29 -> Drylot (feed pad) | E37: =_xlfn.XLOOKUP(D37, Table_SourceData_Feedlot_FracGASMmT[NIR definition], Table_SourceData_Feedlot_FracGASMmT[FracGASMmT]) -> 0.6 | F37: (kg NH3-N + NOx-N)/kg N
A38: =HYPERLINK("#'Constants - Livestock'!A1", "Constants - Livestock") -> Constants - Livestock | D38: ='Input - MMS - Feedlot'!$D$35 -> Solid storage | E38: =_xlfn.XLOOKUP(D38, Table_SourceData_Feedlot_FracGASMmT[NIR definition], Table_SourceData_Feedlot_FracGASMmT[FracGASMmT]) -> 0.25 | F38: (kg NH3-N + NOx-N)/kg N
A39: =HYPERLINK("#'Constants - Dairy'!A1", "Constants - Dairy") -> Constants - Dairy | D39: ='Input - MMS - Feedlot'!$D$36 -> Composting (passive windrow) | E39: =_xlfn.XLOOKUP(D39, Table_SourceData_Feedlot_FracGASMmT[NIR definition], Table_SourceData_Feedlot_FracGASMmT[FracGASMmT]) -> 0.4 | F39: (kg NH3-N + NOx-N)/kg N
A40: Sources & acknowledgements | D40: ='Input - MMS - Feedlot'!$D$41 -> Anaerobic lagoon | E40: =_xlfn.XLOOKUP(D40, Table_SourceData_Feedlot_FracGASMmT[NIR definition], Table_SourceData_Feedlot_FracGASMmT[FracGASMmT]) -> 0.35 | F40: (kg NH3-N + NOx-N)/kg N
D42: Table_PF
D43: Fraction of manure applied to soil from MMS
D44: MMS | E44: Domestic | F44: Mid-fed | G44: Long-fed
D45: ='Input - MMS - Feedlot'!$D$35 -> Solid storage | E45: ='Input - MMS - Feedlot'!E49 -> 0.5 | F45: ='Input - MMS - Feedlot'!F49 -> 0.5 | G45: ='Input - MMS - Feedlot'!G49 -> 0.5 | H45: Fraction
D46: ='Input - MMS - Feedlot'!$D$36 -> Composting (passive windrow) | E46: ='Input - MMS - Feedlot'!E54 -> 0.5 | F46: ='Input - MMS - Feedlot'!F54 -> 0.5 | G46: ='Input - MMS - Feedlot'!G54 -> 0.5 | H46: Fraction
D47: ='Input - MMS - Feedlot'!$D$41 -> Anaerobic lagoon | E47: ='Input - MMS - Feedlot'!E59 -> 0.5 | F47: ='Input - MMS - Feedlot'!F59 -> 0.5 | G47: ='Input - MMS - Feedlot'!G59 -> 0.5 | H47: Fraction
D49: M1_Table_MNSoil_scope1 | L49: M2_Table_MNSoil_scope1
D50: Mass of N applied to soils (Method 1) | L50: Mass of N applied to soils (Method 2)
D51: MMS | E51: Domestic | F51: Mid-fed | G51: Long-fed | L51: MMS | M51: Domestic | N51: Mid-fed | O51: Long-fed
D52: ='Input - MMS - Feedlot'!$D$35 -> Solid storage | E52: {=MMS_Feedlot_ManureAppliedToSoils_Equations.VEERG_4_1_1_9__1_MassOfNitrogenAppliedToSoilsScope1(E22,$E$30,$E$38,E45)} -> 2002.7624 | F52: {=MMS_Feedlot_ManureAppliedToSoils_Equations.VEERG_4_1_1_9__1_MassOfNitrogenAppliedToSoilsScope1(F22,$E$30,$E$38,F45)} -> 70.727989 | G52: {=MMS_Feedlot_ManureAppliedToSoils_Equations.VEERG_4_1_1_9__1_MassOfNitrogenAppliedToSoilsScope1(G22,$E$30,$E$38,G45)} -> 102.15558 | H52: =$E$12 -> kg N | L52: ='Input - MMS - Feedlot'!$D$35 -> Solid storage | M52: {=MMS_Feedlot_ManureAppliedToSoils_Equations.VEERG_4_1_1_9__1_MassOfNitrogenAppliedToSoilsScope1(M22,$E$30,$E$38,E45)} -> 2002.7624 | N52: {=MMS_Feedlot_ManureAppliedToSoils_Equations.VEERG_4_1_1_9__1_MassOfNitrogenAppliedToSoilsScope1(N22,$E$30,$E$38,F45)} -> 70.727989 | O52: {=MMS_Feedlot_ManureAppliedToSoils_Equations.VEERG_4_1_1_9__1_MassOfNitrogenAppliedToSoilsScope1(O22,$E$30,$E$38,G45)} -> 102.15558 | P52: =$E$12 -> kg N
D53: ='Input - MMS - Feedlot'!$D$36 -> Composting (passive windrow) | E53: {=MMS_Feedlot_ManureAppliedToSoils_Equations.VEERG_4_1_1_9__1_MassOfNitrogenAppliedToSoilsScope1(E23,$E$31,$E$39,E46)} -> 6344.3213 | F53: {=MMS_Feedlot_ManureAppliedToSoils_Equations.VEERG_4_1_1_9__1_MassOfNitrogenAppliedToSoilsScope1(F23,$E$31,$E$39,F46)} -> 224.05108 | G53: {=MMS_Feedlot_ManureAppliedToSoils_Equations.VEERG_4_1_1_9__1_MassOfNitrogenAppliedToSoilsScope1(G23,$E$31,$E$39,G46)} -> 323.60693 | H53: =$E$12 -> kg N | L53: ='Input - MMS - Feedlot'!$D$36 -> Composting (passive windrow) | M53: {=MMS_Feedlot_ManureAppliedToSoils_Equations.VEERG_4_1_1_9__1_MassOfNitrogenAppliedToSoilsScope1(M23,$E$31,$E$39,E46)} -> 6344.3213 | N53: {=MMS_Feedlot_ManureAppliedToSoils_Equations.VEERG_4_1_1_9__1_MassOfNitrogenAppliedToSoilsScope1(N23,$E$31,$E$39,F46)} -> 224.05108 | O53: {=MMS_Feedlot_ManureAppliedToSoils_Equations.VEERG_4_1_1_9__1_MassOfNitrogenAppliedToSoilsScope1(O23,$E$31,$E$39,G46)} -> 323.60693 | P53: =$E$12 -> kg N
D54: ='Input - MMS - Feedlot'!$D$41 -> Anaerobic lagoon | E54: {=MMS_Feedlot_ManureAppliedToSoils_Equations.VEERG_4_1_1_9__1_MassOfNitrogenAppliedToSoilsScope1(E24,$E$32,$E$40,E47)} -> 466.46466 | F54: {=MMS_Feedlot_ManureAppliedToSoils_Equations.VEERG_4_1_1_9__1_MassOfNitrogenAppliedToSoilsScope1(F24,$E$32,$E$40,F47)} -> 16.4733 | G54: {=MMS_Feedlot_ManureAppliedToSoils_Equations.VEERG_4_1_1_9__1_MassOfNitrogenAppliedToSoilsScope1(G24,$E$32,$E$40,G47)} -> 23.79312 | H54: =$E$12 -> kg N | L54: ='Input - MMS - Feedlot'!$D$41 -> Anaerobic lagoon | M54: {=MMS_Feedlot_ManureAppliedToSoils_Equations.VEERG_4_1_1_9__1_MassOfNitrogenAppliedToSoilsScope1(M24,$E$32,$E$40,E47)} -> 466.46466 | N54: {=MMS_Feedlot_ManureAppliedToSoils_Equations.VEERG_4_1_1_9__1_MassOfNitrogenAppliedToSoilsScope1(N24,$E$32,$E$40,F47)} -> 16.4733 | O54: {=MMS_Feedlot_ManureAppliedToSoils_Equations.VEERG_4_1_1_9__1_MassOfNitrogenAppliedToSoilsScope1(O24,$E$32,$E$40,G47)} -> 23.79312 | P54: =$E$12 -> kg N
D56: MNSoilscope1 | E56: =SUM(E52:G54) -> 9574.3563 | F56: =$E$12 -> kg N | L56: MNSoilscope1 | M56: =SUM(M52:O54) -> 9574.3563 | N56: =$E$12 -> kg N
D60: {=MMS_Feedlot_ManureAppliedToSoils_Equations.VEERG_4_1_1_9__2_MassOfNitrogenAppliedToSoilsScope3_Title()} -> Mass of nitrogen applied to soils for scope 3 emissions
D61: {=MMS_Feedlot_ManureAppliedToSoils_Equations.VEERG_4_1_1_9__2_MassOfNitrogenAppliedToSoilsScope3_Source()} -> VEERG 2026: 4.1.1.9, Equation (2)
D62: Function name | E62: {=Common_InputFunctions.Utility_DisplayFunctionName(E77)} -> =MMS_Feedlot_ManureAppliedToSoils_Equations.VEERG_4_1_1_9__2_MassOfNitrogenAppliedToSoilsScope3
D66: Variable | E66: {=MMS_Feedlot_ManureAppliedToSoils_Equations.VEERG_4_1_1_9__2_MassOfNitrogenAppliedToSoilsScope3_Variable()} -> MNSoil_scope3
D67: Unit | E67: {=MMS_Feedlot_ManureAppliedToSoils_Equations.VEERG_4_1_1_9__2_MassOfNitrogenAppliedToSoilsScope3_Unit()} -> kg N
D69: {=MMS_Feedlot_ManureAppliedToSoils_Equations.VEERG_4_1_1_9__2_MassOfNitrogenAppliedToSoilsScope3_Arguments()} -> MN_jmT23 | E69: mass of N in secondary and tertiary treatment MMS stages as calculated for manure management : kg N | H69: ="See " & $D$19 -> See M1_Table_MN_j_m_T-2-3
D70: EF_mT23 | E70: nitrous oxide emission factor for each MMS : kg N2O-N/kg N | H70: ="See " & $D$26 -> See Table_EF_j_m_T-2-3
D71: FracGASM_mT23 | E71: fraction of animal waste N volatilised in each MMS for each cattle group : (kg NH3-N + NOx-N)/kg N | H71: ="See " & $D$34 -> See Table_FracGASM_m_T-2-3
D72: PF | E72: fraction of manure applied to soil within the feedlot boundary : fraction | H72: ="See " & $D$42 -> See Table_PF
D74: M1_Table_MNSoil_scope3 | L74: M2_Table_MNSoil_scope3
D75: Mass of N applied to soils as fertiliser (Method 1) | L75: Mass of N applied to soils as fertiliser (Method 2)
D76: MMS | E76: Domestic | F76: Mid-fed | G76: Long-fed | L76: MMS | M76: Domestic | N76: Mid-fed | O76: Long-fed
D77: ='Input - MMS - Feedlot'!$D$35 -> Solid storage | E77: {=MMS_Feedlot_ManureAppliedToSoils_Equations.VEERG_4_1_1_9__2_MassOfNitrogenAppliedToSoilsScope3(E22,$E30,$E38,E45)} -> 2002.7624 | F77: {=MMS_Feedlot_ManureAppliedToSoils_Equations.VEERG_4_1_1_9__2_MassOfNitrogenAppliedToSoilsScope3(F22,$E30,$E38,F45)} -> 70.727989 | G77: {=MMS_Feedlot_ManureAppliedToSoils_Equations.VEERG_4_1_1_9__2_MassOfNitrogenAppliedToSoilsScope3(G22,$E30,$E38,G45)} -> 102.15558 | H77: =$E$12 -> kg N | L77: ='Input - MMS - Feedlot'!$D$35 -> Solid storage | M77: {=MMS_Feedlot_ManureAppliedToSoils_Equations.VEERG_4_1_1_9__2_MassOfNitrogenAppliedToSoilsScope3(M22,$E30,$E38,E45)} -> 2002.7624 | N77: {=MMS_Feedlot_ManureAppliedToSoils_Equations.VEERG_4_1_1_9__2_MassOfNitrogenAppliedToSoilsScope3(N22,$E30,$E38,F45)} -> 70.727989 | O77: {=MMS_Feedlot_ManureAppliedToSoils_Equations.VEERG_4_1_1_9__2_MassOfNitrogenAppliedToSoilsScope3(O22,$E30,$E38,G45)} -> 102.15558 | P77: =$E$12 -> kg N
D78: ='Input - MMS - Feedlot'!$D$36 -> Composting (passive windrow) | E78: {=MMS_Feedlot_ManureAppliedToSoils_Equations.VEERG_4_1_1_9__2_MassOfNitrogenAppliedToSoilsScope3(E23,$E31,$E39,E46)} -> 6344.3213 | F78: {=MMS_Feedlot_ManureAppliedToSoils_Equations.VEERG_4_1_1_9__2_MassOfNitrogenAppliedToSoilsScope3(F23,$E31,$E39,F46)} -> 224.05108 | G78: {=MMS_Feedlot_ManureAppliedToSoils_Equations.VEERG_4_1_1_9__2_MassOfNitrogenAppliedToSoilsScope3(G23,$E31,$E39,G46)} -> 323.60693 | H78: =$E$12 -> kg N | L78: ='Input - MMS - Feedlot'!$D$36 -> Composting (passive windrow) | M78: {=MMS_Feedlot_ManureAppliedToSoils_Equations.VEERG_4_1_1_9__2_MassOfNitrogenAppliedToSoilsScope3(M23,$E31,$E39,E46)} -> 6344.3213 | N78: {=MMS_Feedlot_ManureAppliedToSoils_Equations.VEERG_4_1_1_9__2_MassOfNitrogenAppliedToSoilsScope3(N23,$E31,$E39,F46)} -> 224.05108 | O78: {=MMS_Feedlot_ManureAppliedToSoils_Equations.VEERG_4_1_1_9__2_MassOfNitrogenAppliedToSoilsScope3(O23,$E31,$E39,G46)} -> 323.60693 | P78: =$E$12 -> kg N
D79: ='Input - MMS - Feedlot'!$D$41 -> Anaerobic lagoon | E79: {=MMS_Feedlot_ManureAppliedToSoils_Equations.VEERG_4_1_1_9__2_MassOfNitrogenAppliedToSoilsScope3(E24,$E32,$E40,E47)} -> 466.46466 | F79: {=MMS_Feedlot_ManureAppliedToSoils_Equations.VEERG_4_1_1_9__2_MassOfNitrogenAppliedToSoilsScope3(F24,$E32,$E40,F47)} -> 16.4733 | G79: {=MMS_Feedlot_ManureAppliedToSoils_Equations.VEERG_4_1_1_9__2_MassOfNitrogenAppliedToSoilsScope3(G24,$E32,$E40,G47)} -> 23.79312 | H79: =$E$12 -> kg N | L79: ='Input - MMS - Feedlot'!$D$41 -> Anaerobic lagoon | M79: {=MMS_Feedlot_ManureAppliedToSoils_Equations.VEERG_4_1_1_9__2_MassOfNitrogenAppliedToSoilsScope3(M24,$E32,$E40,E47)} -> 466.46466 | N79: {=MMS_Feedlot_ManureAppliedToSoils_Equations.VEERG_4_1_1_9__2_MassOfNitrogenAppliedToSoilsScope3(N24,$E32,$E40,F47)} -> 16.4733 | O79: {=MMS_Feedlot_ManureAppliedToSoils_Equations.VEERG_4_1_1_9__2_MassOfNitrogenAppliedToSoilsScope3(O24,$E32,$E40,G47)} -> 23.79312 | P79: =$E$12 -> kg N
D81: MNSoilfert,scope3 | E81: =SUM(E77:G79) -> 9574.3563 | F81: =$E$12 -> kg N | L81: MNSoilfert,scope3 | M81: =SUM(M77:O79) -> 9574.3563 | N81: =$E$12 -> kg N
D85: ="Below are applications of " & D61 & " that are applied to the following contexts:" -> Below are applications of VEERG 2026: 4.1.1.9, Equation (2) that are applied to the following contexts:
D86: * Manure that is removed from stage 2 and 3 MMS and used as fertiliser on the farm, for other enterprises (eg crops)
D87: * Manure that is removed from stage 2 and 3 MMS that is sold
D89: Mass of nitrogen applied as fertiliser on own farm
D90: Table_PF_fert
D91: Fraction of manure applied to as fertiliser on own farm from MMS
D92: MMS | E92: Domestic | F92: Mid-fed | G92: Long-fed
D93: ='Input - MMS - Feedlot'!$D$35 -> Solid storage | E93: ='Input - MMS - Feedlot'!E48 -> 0.25 | F93: ='Input - MMS - Feedlot'!F48 -> 0.25 | G93: ='Input - MMS - Feedlot'!G48 -> 0.25 | H93: Fraction
D94: ='Input - MMS - Feedlot'!$D$36 -> Composting (passive windrow) | E94: ='Input - MMS - Feedlot'!E53 -> 0.25 | F94: ='Input - MMS - Feedlot'!F53 -> 0.25 | G94: ='Input - MMS - Feedlot'!G53 -> 0.25 | H94: Fraction
D95: ='Input - MMS - Feedlot'!$D$41 -> Anaerobic lagoon | E95: ='Input - MMS - Feedlot'!E58 -> 0.25 | F95: ='Input - MMS - Feedlot'!F58 -> 0.25 | G95: ='Input - MMS - Feedlot'!G58 -> 0.25 | H95: Fraction
D97: M1_Table_MNSoil_scope3_fert | L97: M2_Table_MNSoil_scope3_fert
D98: Mass of N applied to own farm as fertiliser (Method 1) | L98: Mass of N applied to own farm as fertiliser (Method 2)
D99: MMS | E99: Domestic | F99: Mid-fed | G99: Long-fed | L99: MMS | M99: Domestic | N99: Mid-fed | O99: Long-fed
D100: ='Input - MMS - Feedlot'!$D$35 -> Solid storage | E100: {=MMS_Feedlot_ManureAppliedToSoils_Equations.VEERG_4_1_1_9__1_MassOfNitrogenAppliedToSoilsScope1(E22,$E$30,$E$38,E93)} -> 1001.3812 | F100: {=MMS_Feedlot_ManureAppliedToSoils_Equations.VEERG_4_1_1_9__1_MassOfNitrogenAppliedToSoilsScope1(F22,$E$30,$E$38,F93)} -> 35.363994 | G100: {=MMS_Feedlot_ManureAppliedToSoils_Equations.VEERG_4_1_1_9__1_MassOfNitrogenAppliedToSoilsScope1(G22,$E$30,$E$38,G93)} -> 51.077789 | H100: =$E$12 -> kg N | L100: ='Input - MMS - Feedlot'!$D$35 -> Solid storage | M100: {=MMS_Feedlot_ManureAppliedToSoils_Equations.VEERG_4_1_1_9__1_MassOfNitrogenAppliedToSoilsScope1(M22,$E$30,$E$38,E93)} -> 1001.3812 | N100: {=MMS_Feedlot_ManureAppliedToSoils_Equations.VEERG_4_1_1_9__1_MassOfNitrogenAppliedToSoilsScope1(N22,$E$30,$E$38,F93)} -> 35.363994 | O100: {=MMS_Feedlot_ManureAppliedToSoils_Equations.VEERG_4_1_1_9__1_MassOfNitrogenAppliedToSoilsScope1(O22,$E$30,$E$38,G93)} -> 51.077789 | P100: =$E$12 -> kg N
D101: ='Input - MMS - Feedlot'!$D$36 -> Composting (passive windrow) | E101: {=MMS_Feedlot_ManureAppliedToSoils_Equations.VEERG_4_1_1_9__1_MassOfNitrogenAppliedToSoilsScope1(E23,$E$31,$E$39,E94)} -> 3172.1606 | F101: {=MMS_Feedlot_ManureAppliedToSoils_Equations.VEERG_4_1_1_9__1_MassOfNitrogenAppliedToSoilsScope1(F23,$E$31,$E$39,F94)} -> 112.02554 | G101: {=MMS_Feedlot_ManureAppliedToSoils_Equations.VEERG_4_1_1_9__1_MassOfNitrogenAppliedToSoilsScope1(G23,$E$31,$E$39,G94)} -> 161.80347 | H101: =$E$12 -> kg N | L101: ='Input - MMS - Feedlot'!$D$36 -> Composting (passive windrow) | M101: {=MMS_Feedlot_ManureAppliedToSoils_Equations.VEERG_4_1_1_9__1_MassOfNitrogenAppliedToSoilsScope1(M23,$E$31,$E$39,E94)} -> 3172.1606 | N101: {=MMS_Feedlot_ManureAppliedToSoils_Equations.VEERG_4_1_1_9__1_MassOfNitrogenAppliedToSoilsScope1(N23,$E$31,$E$39,F94)} -> 112.02554 | O101: {=MMS_Feedlot_ManureAppliedToSoils_Equations.VEERG_4_1_1_9__1_MassOfNitrogenAppliedToSoilsScope1(O23,$E$31,$E$39,G94)} -> 161.80347 | P101: =$E$12 -> kg N
D102: ='Input - MMS - Feedlot'!$D$41 -> Anaerobic lagoon | E102: {=MMS_Feedlot_ManureAppliedToSoils_Equations.VEERG_4_1_1_9__1_MassOfNitrogenAppliedToSoilsScope1(E24,$E$32,$E$40,E95)} -> 233.23233 | F102: {=MMS_Feedlot_ManureAppliedToSoils_Equations.VEERG_4_1_1_9__1_MassOfNitrogenAppliedToSoilsScope1(F24,$E$32,$E$40,F95)} -> 8.2366502 | G102: {=MMS_Feedlot_ManureAppliedToSoils_Equations.VEERG_4_1_1_9__1_MassOfNitrogenAppliedToSoilsScope1(G24,$E$32,$E$40,G95)} -> 11.89656 | H102: =$E$12 -> kg N | L102: ='Input - MMS - Feedlot'!$D$41 -> Anaerobic lagoon | M102: {=MMS_Feedlot_ManureAppliedToSoils_Equations.VEERG_4_1_1_9__1_MassOfNitrogenAppliedToSoilsScope1(M24,$E$32,$E$40,E95)} -> 233.23233 | N102: {=MMS_Feedlot_ManureAppliedToSoils_Equations.VEERG_4_1_1_9__1_MassOfNitrogenAppliedToSoilsScope1(N24,$E$32,$E$40,F95)} -> 8.2366502 | O102: {=MMS_Feedlot_ManureAppliedToSoils_Equations.VEERG_4_1_1_9__1_MassOfNitrogenAppliedToSoilsScope1(O24,$E$32,$E$40,G95)} -> 11.89656 | P102: =$E$12 -> kg N
D104: MNSoilscope3,fert | E104: =SUM(E100:G102) -> 4787.1782 | F104: =$E$12 -> kg N | L104: MNSoilscope3,fert | M104: =SUM(M100:O102) -> 4787.1782 | N104: =$E$12 -> kg N
D108: Mass of nitrogen sold
D109: Table_PF_sold
D110: Fraction of manure sold
D111: MMS | E111: Domestic | F111: Mid-fed | G111: Long-fed
D112: ='Input - MMS - Feedlot'!$D$35 -> Solid storage | E112: ='Input - MMS - Feedlot'!E47 -> 0.25 | F112: ='Input - MMS - Feedlot'!F47 -> 0.25 | G112: ='Input - MMS - Feedlot'!G47 -> 0.25 | H112: Fraction
D113: ='Input - MMS - Feedlot'!$D$36 -> Composting (passive windrow) | E113: ='Input - MMS - Feedlot'!E52 -> 0.25 | F113: ='Input - MMS - Feedlot'!F52 -> 0.25 | G113: ='Input - MMS - Feedlot'!G52 -> 0.25 | H113: Fraction
D114: ='Input - MMS - Feedlot'!$D$41 -> Anaerobic lagoon | E114: ='Input - MMS - Feedlot'!E57 -> 0.25 | F114: ='Input - MMS - Feedlot'!F57 -> 0.25 | G114: ='Input - MMS - Feedlot'!G57 -> 0.25 | H114: Fraction
D116: M1_Table_MNSoil_scope3_sold | L116: M2_Table_MNSoil_scope3_sold
D117: Mass of N sold as fertiliser (Method 1) | L117: Mass of N sold as fertiliser (Method 2)
D118: MMS | E118: Domestic | F118: Mid-fed | G118: Long-fed | L118: MMS | M118: Domestic | N118: Mid-fed | O118: Long-fed
D119: ='Input - MMS - Feedlot'!$D$35 -> Solid storage | E119: {=MMS_Feedlot_ManureAppliedToSoils_Equations.VEERG_4_1_1_9__1_MassOfNitrogenAppliedToSoilsScope1(E22,$E$30,$E$38,E112)} -> 1001.3812 | F119: {=MMS_Feedlot_ManureAppliedToSoils_Equations.VEERG_4_1_1_9__1_MassOfNitrogenAppliedToSoilsScope1(F22,$E$30,$E$38,F112)} -> 35.363994 | G119: {=MMS_Feedlot_ManureAppliedToSoils_Equations.VEERG_4_1_1_9__1_MassOfNitrogenAppliedToSoilsScope1(G22,$E$30,$E$38,G112)} -> 51.077789 | H119: =$E$12 -> kg N | L119: ='Input - MMS - Feedlot'!$D$35 -> Solid storage | M119: {=MMS_Feedlot_ManureAppliedToSoils_Equations.VEERG_4_1_1_9__1_MassOfNitrogenAppliedToSoilsScope1(M22,$E$30,$E$38,E112)} -> 1001.3812 | N119: {=MMS_Feedlot_ManureAppliedToSoils_Equations.VEERG_4_1_1_9__1_MassOfNitrogenAppliedToSoilsScope1(N22,$E$30,$E$38,F112)} -> 35.363994 | O119: {=MMS_Feedlot_ManureAppliedToSoils_Equations.VEERG_4_1_1_9__1_MassOfNitrogenAppliedToSoilsScope1(O22,$E$30,$E$38,G112)} -> 51.077789 | P119: =$E$12 -> kg N
D120: ='Input - MMS - Feedlot'!$D$36 -> Composting (passive windrow) | E120: {=MMS_Feedlot_ManureAppliedToSoils_Equations.VEERG_4_1_1_9__1_MassOfNitrogenAppliedToSoilsScope1(E23,$E$31,$E$39,E113)} -> 3172.1606 | F120: {=MMS_Feedlot_ManureAppliedToSoils_Equations.VEERG_4_1_1_9__1_MassOfNitrogenAppliedToSoilsScope1(F23,$E$31,$E$39,F113)} -> 112.02554 | G120: {=MMS_Feedlot_ManureAppliedToSoils_Equations.VEERG_4_1_1_9__1_MassOfNitrogenAppliedToSoilsScope1(G23,$E$31,$E$39,G113)} -> 161.80347 | H120: =$E$12 -> kg N | L120: ='Input - MMS - Feedlot'!$D$36 -> Composting (passive windrow) | M120: {=MMS_Feedlot_ManureAppliedToSoils_Equations.VEERG_4_1_1_9__1_MassOfNitrogenAppliedToSoilsScope1(M23,$E$31,$E$39,E113)} -> 3172.1606 | N120: {=MMS_Feedlot_ManureAppliedToSoils_Equations.VEERG_4_1_1_9__1_MassOfNitrogenAppliedToSoilsScope1(N23,$E$31,$E$39,F113)} -> 112.02554 | O120: {=MMS_Feedlot_ManureAppliedToSoils_Equations.VEERG_4_1_1_9__1_MassOfNitrogenAppliedToSoilsScope1(O23,$E$31,$E$39,G113)} -> 161.80347 | P120: =$E$12 -> kg N
D121: ='Input - MMS - Feedlot'!$D$41 -> Anaerobic lagoon | E121: {=MMS_Feedlot_ManureAppliedToSoils_Equations.VEERG_4_1_1_9__1_MassOfNitrogenAppliedToSoilsScope1(E24,$E$32,$E$40,E114)} -> 233.23233 | F121: {=MMS_Feedlot_ManureAppliedToSoils_Equations.VEERG_4_1_1_9__1_MassOfNitrogenAppliedToSoilsScope1(F24,$E$32,$E$40,F114)} -> 8.2366502 | G121: {=MMS_Feedlot_ManureAppliedToSoils_Equations.VEERG_4_1_1_9__1_MassOfNitrogenAppliedToSoilsScope1(G24,$E$32,$E$40,G114)} -> 11.89656 | H121: =$E$12 -> kg N | L121: ='Input - MMS - Feedlot'!$D$41 -> Anaerobic lagoon | M121: {=MMS_Feedlot_ManureAppliedToSoils_Equations.VEERG_4_1_1_9__1_MassOfNitrogenAppliedToSoilsScope1(M24,$E$32,$E$40,E114)} -> 233.23233 | N121: {=MMS_Feedlot_ManureAppliedToSoils_Equations.VEERG_4_1_1_9__1_MassOfNitrogenAppliedToSoilsScope1(N24,$E$32,$E$40,F114)} -> 8.2366502 | O121: {=MMS_Feedlot_ManureAppliedToSoils_Equations.VEERG_4_1_1_9__1_MassOfNitrogenAppliedToSoilsScope1(O24,$E$32,$E$40,G114)} -> 11.89656 | P121: =$E$12 -> kg N
D123: MNSoilscope3,sold | E123: =SUM(E119:G121) -> 4787.1782 | F123: =$E$12 -> kg N | L123: MNSoilscope3,sold | M123: =SUM(M119:O121) -> 4787.1782 | N123: =$E$12 -> kg N

Sheet Source Data - Feedlot
C1: Source Data - Feedlot
D5: {=SourceData_Feedlot.SourceData_Feedlot_VSL_Title()} -> Feedlot - Fraction of volatile solids lost during storage in the primary system
D6: {=SourceData_Feedlot.SourceData_Feedlot_VSL_Source()} -> VEERG 2026: 4.1.2.3 CONSTANTS
D7: {=SourceData_Feedlot.SourceData_Feedlot_VSL_Variable()} -> VSL | E7: {=SourceData_Feedlot.SourceData_Feedlot_VSL_Data()} -> 0.5 | F7: {=SourceData_Feedlot.SourceData_Feedlot_VSL_Unit()} -> Fraction
D10: {=SourceData_Feedlot.SourceData_Feedlot_MMSm1T3_Title()} -> Fraction of volatile solids to each tertiary system assumed that 2 per cent is run - off from the feed pad.
D11: {=SourceData_Feedlot.SourceData_Feedlot_MMSm1T3_Source()} -> VEERG 2026: 4.1.2.3 CONSTANTS
D12: {=SourceData_Feedlot.SourceData_Feedlot_MMSm1T3_Variable()} -> MMSm1T3 | E12: {=SourceData_Feedlot.SourceData_Feedlot_MMSm1T3_Data()} -> 0.02 | F12: {=SourceData_Feedlot.SourceData_Feedlot_MMSm1T3_Unit()} -> Fraction
D15: {=SourceData_Feedlot.SourceData_Feedlot_AshContent_Title()} -> Ash content of manure.
D16: {=SourceData_Feedlot.SourceData_Feedlot_AshContent_Source()} -> VEERG 2026: 4.1.2.3 CONSTANTS
D17: {=SourceData_Feedlot.SourceData_Feedlot_AshContent_Variable()} -> A | E17: {=SourceData_Feedlot.SourceData_Feedlot_AshContent_Data()} -> 0.16 | F17: {=SourceData_Feedlot.SourceData_Feedlot_AshContent_Unit()} -> Fraction
D20: {=SourceData_Feedlot.SourceData_Feedlot_MethaneEmissionsPotential_Title()} -> Methane emissions potential.
D21: {=SourceData_Feedlot.SourceData_Feedlot_MethaneEmissionsPotential_Source()} -> VEERG 2026: 4.1.2.3 CONSTANTS
D22: {=SourceData_Feedlot.SourceData_Feedlot_MethaneEmissionsPotential_Variable()} -> B0 | E22: {=SourceData_Feedlot.SourceData_Feedlot_MethaneEmissionsPotential_Data()} -> 0.19 | F22: {=SourceData_Feedlot.SourceData_Feedlot_MethaneEmissionsPotential_Unit()} -> m3 CH4 / kg VS
D25: Feedlot manure management systems
D27: MMS | E27: Symbol and MMS
D28: ='Constants - Livestock'!$E$16 -> Drylot (feed pad) | E28: ='Constants - Livestock'!$F$16 -> Drylot (feed pad) (m=5)
D29: ='Constants - Livestock'!$E$15 -> Solid storage | E29: ='Constants - Livestock'!$F$15 -> Solid storage (m=4)
D30: ='Constants - Livestock'!$E$17 -> Composting (passive windrow) | E30: ='Constants - Livestock'!$F$17 -> Composting (passive windrow) (m=6)
D31: ='Constants - Livestock'!$E$26 -> Direct application | E31: ='Constants - Livestock'!$F$26 -> Direct application (m=13)
D32: ='Constants - Livestock'!$E$10 -> Anaerobic lagoon | E32: ='Constants - Livestock'!$F$10 -> Anaerobic lagoon (m=1)
D33: No MMS | E33: No MMS
D36: {=SourceData_Feedlot.SourceData_Feedlot_DurationOfStay_Title()} -> Beef feedlot cattle - Duration of stay (days)
D37: {=SourceData_Feedlot.SourceData_Feedlot_DurationOfStay_Source()} -> VEERG 2026: Table A.1.1.1: Beef feedlot cattle - Duration of stay (days)
D38: Feedlot type | E38: Length of stay
D39: {=Common_InputFunctions.Utility_DisplayArrayInTable(SourceData_Feedlot.SourceData_Feedlot_DurationOfStay_Data(), Table_SourceData_Feedlot_LengthOfStay[[#Headers],[Feedlot type]], 0)} -> Domestic | E39: {=Common_InputFunctions.Utility_DisplayArrayInTable(SourceData_Feedlot.SourceData_Feedlot_DurationOfStay_Data(), Table_SourceData_Feedlot_LengthOfStay[[#Headers],[Feedlot type]], 0)} -> 1-80 days
D40: {=Common_InputFunctions.Utility_DisplayArrayInTable(SourceData_Feedlot.SourceData_Feedlot_DurationOfStay_Data(), Table_SourceData_Feedlot_LengthOfStay[[#Headers],[Feedlot type]], 0)} -> Mid-fed | E40: {=Common_InputFunctions.Utility_DisplayArrayInTable(SourceData_Feedlot.SourceData_Feedlot_DurationOfStay_Data(), Table_SourceData_Feedlot_LengthOfStay[[#Headers],[Feedlot type]], 0)} -> 81-200 days
D41: {=Common_InputFunctions.Utility_DisplayArrayInTable(SourceData_Feedlot.SourceData_Feedlot_DurationOfStay_Data(), Table_SourceData_Feedlot_LengthOfStay[[#Headers],[Feedlot type]], 0)} -> Long-fed | E41: {=Common_InputFunctions.Utility_DisplayArrayInTable(SourceData_Feedlot.SourceData_Feedlot_DurationOfStay_Data(), Table_SourceData_Feedlot_LengthOfStay[[#Headers],[Feedlot type]], 0)} -> 201+ days
D44: {=SourceData_Feedlot.SourceData_Feedlot_AnimalCharacteristics_Title()} -> Beef feedlot cattle - Animal characteristics
D45: {=SourceData_Feedlot.SourceData_Feedlot_AnimalCharacteristics_Source()} -> VEERG 2026: Table A.1.1.2: Beef feedlot cattle - Animal characteristics
D46: {=SourceData_Feedlot.SourceData_Feedlot_AnimalCharacteristics_Variation()} -> VARIATION ON SOURCE:
D47: Moved feedlot types to a separate column to aid lookup.
D48: Named 'characteristic' column - original has header 'Unit' which covers two columns)
D49: Feedlot type | E49: Characteristic | F49: Unit | G49: 2005-2009 | H49: 2010-2014 | I49: 2015-2019 | J49: 2020-2023
D50: {=Common_InputFunctions.Utility_DisplayArrayInTable(SourceData_Feedlot.SourceData_Feedlot_AnimalCharacteristics_Data(), Table_SourceData_Feedlot_AnimalCharacteristics[[#Headers],[Feedlot type]], 0)} -> Domestic | E50: {=Common_InputFunctions.Utility_DisplayArrayInTable(SourceData_Feedlot.SourceData_Feedlot_AnimalCharacteristics_Data(), Table_SourceData_Feedlot_AnimalCharacteristics[[#Headers],[Feedlot type]], 0)} -> Days on feed | F50: {=Common_InputFunctions.Utility_DisplayArrayInTable(SourceData_Feedlot.SourceData_Feedlot_AnimalCharacteristics_Data(), Table_SourceData_Feedlot_AnimalCharacteristics[[#Headers],[Feedlot type]], 0)} -> days | G50: {=Common_InputFunctions.Utility_DisplayArrayInTable(SourceData_Feedlot.SourceData_Feedlot_AnimalCharacteristics_Data(), Table_SourceData_Feedlot_AnimalCharacteristics[[#Headers],[Feedlot type]], 0)} -> 70 | H50: {=Common_InputFunctions.Utility_DisplayArrayInTable(SourceData_Feedlot.SourceData_Feedlot_AnimalCharacteristics_Data(), Table_SourceData_Feedlot_AnimalCharacteristics[[#Headers],[Feedlot type]], 0)} -> 70 | I50: {=Common_InputFunctions.Utility_DisplayArrayInTable(SourceData_Feedlot.SourceData_Feedlot_AnimalCharacteristics_Data(), Table_SourceData_Feedlot_AnimalCharacteristics[[#Headers],[Feedlot type]], 0)} -> 70 | J50: {=Common_InputFunctions.Utility_DisplayArrayInTable(SourceData_Feedlot.SourceData_Feedlot_AnimalCharacteristics_Data(), Table_SourceData_Feedlot_AnimalCharacteristics[[#Headers],[Feedlot type]], 0)} -> 75
D51: {=Common_InputFunctions.Utility_DisplayArrayInTable(SourceData_Feedlot.SourceData_Feedlot_AnimalCharacteristics_Data(), Table_SourceData_Feedlot_AnimalCharacteristics[[#Headers],[Feedlot type]], 0)} -> Domestic | E51: {=Common_InputFunctions.Utility_DisplayArrayInTable(SourceData_Feedlot.SourceData_Feedlot_AnimalCharacteristics_Data(), Table_SourceData_Feedlot_AnimalCharacteristics[[#Headers],[Feedlot type]], 0)} -> Feed intake | F51: {=Common_InputFunctions.Utility_DisplayArrayInTable(SourceData_Feedlot.SourceData_Feedlot_AnimalCharacteristics_Data(), Table_SourceData_Feedlot_AnimalCharacteristics[[#Headers],[Feedlot type]], 0)} -> kg DM/day | G51: {=Common_InputFunctions.Utility_DisplayArrayInTable(SourceData_Feedlot.SourceData_Feedlot_AnimalCharacteristics_Data(), Table_SourceData_Feedlot_AnimalCharacteristics[[#Headers],[Feedlot type]], 0)} -> 10 | H51: {=Common_InputFunctions.Utility_DisplayArrayInTable(SourceData_Feedlot.SourceData_Feedlot_AnimalCharacteristics_Data(), Table_SourceData_Feedlot_AnimalCharacteristics[[#Headers],[Feedlot type]], 0)} -> 10 | I51: {=Common_InputFunctions.Utility_DisplayArrayInTable(SourceData_Feedlot.SourceData_Feedlot_AnimalCharacteristics_Data(), Table_SourceData_Feedlot_AnimalCharacteristics[[#Headers],[Feedlot type]], 0)} -> 10.4 | J51: {=Common_InputFunctions.Utility_DisplayArrayInTable(SourceData_Feedlot.SourceData_Feedlot_AnimalCharacteristics_Data(), Table_SourceData_Feedlot_AnimalCharacteristics[[#Headers],[Feedlot type]], 0)} -> 10.4
D52: {=Common_InputFunctions.Utility_DisplayArrayInTable(SourceData_Feedlot.SourceData_Feedlot_AnimalCharacteristics_Data(), Table_SourceData_Feedlot_AnimalCharacteristics[[#Headers],[Feedlot type]], 0)} -> Domestic | E52: {=Common_InputFunctions.Utility_DisplayArrayInTable(SourceData_Feedlot.SourceData_Feedlot_AnimalCharacteristics_Data(), Table_SourceData_Feedlot_AnimalCharacteristics[[#Headers],[Feedlot type]], 0)} -> N retention | F52: {=Common_InputFunctions.Utility_DisplayArrayInTable(SourceData_Feedlot.SourceData_Feedlot_AnimalCharacteristics_Data(), Table_SourceData_Feedlot_AnimalCharacteristics[[#Headers],[Feedlot type]], 0)} -> per cent of intake | G52: {=Common_InputFunctions.Utility_DisplayArrayInTable(SourceData_Feedlot.SourceData_Feedlot_AnimalCharacteristics_Data(), Table_SourceData_Feedlot_AnimalCharacteristics[[#Headers],[Feedlot type]], 0)} -> 21.1 | H52: {=Common_InputFunctions.Utility_DisplayArrayInTable(SourceData_Feedlot.SourceData_Feedlot_AnimalCharacteristics_Data(), Table_SourceData_Feedlot_AnimalCharacteristics[[#Headers],[Feedlot type]], 0)} -> 20.4 | I52: {=Common_InputFunctions.Utility_DisplayArrayInTable(SourceData_Feedlot.SourceData_Feedlot_AnimalCharacteristics_Data(), Table_SourceData_Feedlot_AnimalCharacteristics[[#Headers],[Feedlot type]], 0)} -> 20.4 | J52: {=Common_InputFunctions.Utility_DisplayArrayInTable(SourceData_Feedlot.SourceData_Feedlot_AnimalCharacteristics_Data(), Table_SourceData_Feedlot_AnimalCharacteristics[[#Headers],[Feedlot type]], 0)} -> 20.4
D53: {=Common_InputFunctions.Utility_DisplayArrayInTable(SourceData_Feedlot.SourceData_Feedlot_AnimalCharacteristics_Data(), Table_SourceData_Feedlot_AnimalCharacteristics[[#Headers],[Feedlot type]], 0)} -> Mid-fed | E53: {=Common_InputFunctions.Utility_DisplayArrayInTable(SourceData_Feedlot.SourceData_Feedlot_AnimalCharacteristics_Data(), Table_SourceData_Feedlot_AnimalCharacteristics[[#Headers],[Feedlot type]], 0)} -> Days on feed | F53: {=Common_InputFunctions.Utility_DisplayArrayInTable(SourceData_Feedlot.SourceData_Feedlot_AnimalCharacteristics_Data(), Table_SourceData_Feedlot_AnimalCharacteristics[[#Headers],[Feedlot type]], 0)} -> days | G53: {=Common_InputFunctions.Utility_DisplayArrayInTable(SourceData_Feedlot.SourceData_Feedlot_AnimalCharacteristics_Data(), Table_SourceData_Feedlot_AnimalCharacteristics[[#Headers],[Feedlot type]], 0)} -> 115 | H53: {=Common_InputFunctions.Utility_DisplayArrayInTable(SourceData_Feedlot.SourceData_Feedlot_AnimalCharacteristics_Data(), Table_SourceData_Feedlot_AnimalCharacteristics[[#Headers],[Feedlot type]], 0)} -> 115 | I53: {=Common_InputFunctions.Utility_DisplayArrayInTable(SourceData_Feedlot.SourceData_Feedlot_AnimalCharacteristics_Data(), Table_SourceData_Feedlot_AnimalCharacteristics[[#Headers],[Feedlot type]], 0)} -> 120 | J53: {=Common_InputFunctions.Utility_DisplayArrayInTable(SourceData_Feedlot.SourceData_Feedlot_AnimalCharacteristics_Data(), Table_SourceData_Feedlot_AnimalCharacteristics[[#Headers],[Feedlot type]], 0)} -> 150
D54: {=Common_InputFunctions.Utility_DisplayArrayInTable(SourceData_Feedlot.SourceData_Feedlot_AnimalCharacteristics_Data(), Table_SourceData_Feedlot_AnimalCharacteristics[[#Headers],[Feedlot type]], 0)} -> Mid-fed | E54: {=Common_InputFunctions.Utility_DisplayArrayInTable(SourceData_Feedlot.SourceData_Feedlot_AnimalCharacteristics_Data(), Table_SourceData_Feedlot_AnimalCharacteristics[[#Headers],[Feedlot type]], 0)} -> Feed intake | F54: {=Common_InputFunctions.Utility_DisplayArrayInTable(SourceData_Feedlot.SourceData_Feedlot_AnimalCharacteristics_Data(), Table_SourceData_Feedlot_AnimalCharacteristics[[#Headers],[Feedlot type]], 0)} -> kg DM/day | G54: {=Common_InputFunctions.Utility_DisplayArrayInTable(SourceData_Feedlot.SourceData_Feedlot_AnimalCharacteristics_Data(), Table_SourceData_Feedlot_AnimalCharacteristics[[#Headers],[Feedlot type]], 0)} -> 11.2 | H54: {=Common_InputFunctions.Utility_DisplayArrayInTable(SourceData_Feedlot.SourceData_Feedlot_AnimalCharacteristics_Data(), Table_SourceData_Feedlot_AnimalCharacteristics[[#Headers],[Feedlot type]], 0)} -> 10.8 | I54: {=Common_InputFunctions.Utility_DisplayArrayInTable(SourceData_Feedlot.SourceData_Feedlot_AnimalCharacteristics_Data(), Table_SourceData_Feedlot_AnimalCharacteristics[[#Headers],[Feedlot type]], 0)} -> 10.8 | J54: {=Common_InputFunctions.Utility_DisplayArrayInTable(SourceData_Feedlot.SourceData_Feedlot_AnimalCharacteristics_Data(), Table_SourceData_Feedlot_AnimalCharacteristics[[#Headers],[Feedlot type]], 0)} -> 10.8
D55: {=Common_InputFunctions.Utility_DisplayArrayInTable(SourceData_Feedlot.SourceData_Feedlot_AnimalCharacteristics_Data(), Table_SourceData_Feedlot_AnimalCharacteristics[[#Headers],[Feedlot type]], 0)} -> Mid-fed | E55: {=Common_InputFunctions.Utility_DisplayArrayInTable(SourceData_Feedlot.SourceData_Feedlot_AnimalCharacteristics_Data(), Table_SourceData_Feedlot_AnimalCharacteristics[[#Headers],[Feedlot type]], 0)} -> N retention | F55: {=Common_InputFunctions.Utility_DisplayArrayInTable(SourceData_Feedlot.SourceData_Feedlot_AnimalCharacteristics_Data(), Table_SourceData_Feedlot_AnimalCharacteristics[[#Headers],[Feedlot type]], 0)} -> per cent of intake | G55: {=Common_InputFunctions.Utility_DisplayArrayInTable(SourceData_Feedlot.SourceData_Feedlot_AnimalCharacteristics_Data(), Table_SourceData_Feedlot_AnimalCharacteristics[[#Headers],[Feedlot type]], 0)} -> 12.5 | H55: {=Common_InputFunctions.Utility_DisplayArrayInTable(SourceData_Feedlot.SourceData_Feedlot_AnimalCharacteristics_Data(), Table_SourceData_Feedlot_AnimalCharacteristics[[#Headers],[Feedlot type]], 0)} -> 12.7 | I55: {=Common_InputFunctions.Utility_DisplayArrayInTable(SourceData_Feedlot.SourceData_Feedlot_AnimalCharacteristics_Data(), Table_SourceData_Feedlot_AnimalCharacteristics[[#Headers],[Feedlot type]], 0)} -> 12.7 | J55: {=Common_InputFunctions.Utility_DisplayArrayInTable(SourceData_Feedlot.SourceData_Feedlot_AnimalCharacteristics_Data(), Table_SourceData_Feedlot_AnimalCharacteristics[[#Headers],[Feedlot type]], 0)} -> 12.7
D56: {=Common_InputFunctions.Utility_DisplayArrayInTable(SourceData_Feedlot.SourceData_Feedlot_AnimalCharacteristics_Data(), Table_SourceData_Feedlot_AnimalCharacteristics[[#Headers],[Feedlot type]], 0)} -> Long-fed | E56: {=Common_InputFunctions.Utility_DisplayArrayInTable(SourceData_Feedlot.SourceData_Feedlot_AnimalCharacteristics_Data(), Table_SourceData_Feedlot_AnimalCharacteristics[[#Headers],[Feedlot type]], 0)} -> Days on feed | F56: {=Common_InputFunctions.Utility_DisplayArrayInTable(SourceData_Feedlot.SourceData_Feedlot_AnimalCharacteristics_Data(), Table_SourceData_Feedlot_AnimalCharacteristics[[#Headers],[Feedlot type]], 0)} -> days | G56: {=Common_InputFunctions.Utility_DisplayArrayInTable(SourceData_Feedlot.SourceData_Feedlot_AnimalCharacteristics_Data(), Table_SourceData_Feedlot_AnimalCharacteristics[[#Headers],[Feedlot type]], 0)} -> 250 | H56: {=Common_InputFunctions.Utility_DisplayArrayInTable(SourceData_Feedlot.SourceData_Feedlot_AnimalCharacteristics_Data(), Table_SourceData_Feedlot_AnimalCharacteristics[[#Headers],[Feedlot type]], 0)} -> 250 | I56: {=Common_InputFunctions.Utility_DisplayArrayInTable(SourceData_Feedlot.SourceData_Feedlot_AnimalCharacteristics_Data(), Table_SourceData_Feedlot_AnimalCharacteristics[[#Headers],[Feedlot type]], 0)} -> 250 | J56: {=Common_InputFunctions.Utility_DisplayArrayInTable(SourceData_Feedlot.SourceData_Feedlot_AnimalCharacteristics_Data(), Table_SourceData_Feedlot_AnimalCharacteristics[[#Headers],[Feedlot type]], 0)} -> 250
D57: {=Common_InputFunctions.Utility_DisplayArrayInTable(SourceData_Feedlot.SourceData_Feedlot_AnimalCharacteristics_Data(), Table_SourceData_Feedlot_AnimalCharacteristics[[#Headers],[Feedlot type]], 0)} -> Long-fed | E57: {=Common_InputFunctions.Utility_DisplayArrayInTable(SourceData_Feedlot.SourceData_Feedlot_AnimalCharacteristics_Data(), Table_SourceData_Feedlot_AnimalCharacteristics[[#Headers],[Feedlot type]], 0)} -> Feed intake | F57: {=Common_InputFunctions.Utility_DisplayArrayInTable(SourceData_Feedlot.SourceData_Feedlot_AnimalCharacteristics_Data(), Table_SourceData_Feedlot_AnimalCharacteristics[[#Headers],[Feedlot type]], 0)} -> kg DM/day | G57: {=Common_InputFunctions.Utility_DisplayArrayInTable(SourceData_Feedlot.SourceData_Feedlot_AnimalCharacteristics_Data(), Table_SourceData_Feedlot_AnimalCharacteristics[[#Headers],[Feedlot type]], 0)} -> 9 | H57: {=Common_InputFunctions.Utility_DisplayArrayInTable(SourceData_Feedlot.SourceData_Feedlot_AnimalCharacteristics_Data(), Table_SourceData_Feedlot_AnimalCharacteristics[[#Headers],[Feedlot type]], 0)} -> 8.5 | I57: {=Common_InputFunctions.Utility_DisplayArrayInTable(SourceData_Feedlot.SourceData_Feedlot_AnimalCharacteristics_Data(), Table_SourceData_Feedlot_AnimalCharacteristics[[#Headers],[Feedlot type]], 0)} -> 8.2 | J57: {=Common_InputFunctions.Utility_DisplayArrayInTable(SourceData_Feedlot.SourceData_Feedlot_AnimalCharacteristics_Data(), Table_SourceData_Feedlot_AnimalCharacteristics[[#Headers],[Feedlot type]], 0)} -> 8.2
D58: {=Common_InputFunctions.Utility_DisplayArrayInTable(SourceData_Feedlot.SourceData_Feedlot_AnimalCharacteristics_Data(), Table_SourceData_Feedlot_AnimalCharacteristics[[#Headers],[Feedlot type]], 0)} -> Long-fed | E58: {=Common_InputFunctions.Utility_DisplayArrayInTable(SourceData_Feedlot.SourceData_Feedlot_AnimalCharacteristics_Data(), Table_SourceData_Feedlot_AnimalCharacteristics[[#Headers],[Feedlot type]], 0)} -> N retention | F58: {=Common_InputFunctions.Utility_DisplayArrayInTable(SourceData_Feedlot.SourceData_Feedlot_AnimalCharacteristics_Data(), Table_SourceData_Feedlot_AnimalCharacteristics[[#Headers],[Feedlot type]], 0)} -> per cent of intake | G58: {=Common_InputFunctions.Utility_DisplayArrayInTable(SourceData_Feedlot.SourceData_Feedlot_AnimalCharacteristics_Data(), Table_SourceData_Feedlot_AnimalCharacteristics[[#Headers],[Feedlot type]], 0)} -> 6.6 | H58: {=Common_InputFunctions.Utility_DisplayArrayInTable(SourceData_Feedlot.SourceData_Feedlot_AnimalCharacteristics_Data(), Table_SourceData_Feedlot_AnimalCharacteristics[[#Headers],[Feedlot type]], 0)} -> 7 | I58: {=Common_InputFunctions.Utility_DisplayArrayInTable(SourceData_Feedlot.SourceData_Feedlot_AnimalCharacteristics_Data(), Table_SourceData_Feedlot_AnimalCharacteristics[[#Headers],[Feedlot type]], 0)} -> 7 | J58: {=Common_InputFunctions.Utility_DisplayArrayInTable(SourceData_Feedlot.SourceData_Feedlot_AnimalCharacteristics_Data(), Table_SourceData_Feedlot_AnimalCharacteristics[[#Headers],[Feedlot type]], 0)} -> 7
D61: {=SourceData_Feedlot.SourceData_Feedlot_DietProperties_Title()} -> Beef feedlot cattle - Diet properties
D62: {=SourceData_Feedlot.SourceData_Feedlot_DietProperties_Source()} -> VEERG 2026: Table A.1.1.3: Beef feedlot cattle - Diet properties
D63: {=SourceData_Feedlot.SourceData_Feedlot_DietProperties_Variation()} -> VARIATION ON SOURCE:
D64: Added 'Converted to fraction column and converted NDF and Ether extract values to fractions.
D65: Moved feedlot types to a separate column to aid lookup.
D66: Feedlot type | E66: Nutrient analysis | F66: Unit | G66: 2010-2014 | H66: 2015-2019 | I66: 2020-2023 | J66: 2020-2023 Converted to fraction
D67: {=Common_InputFunctions.Utility_DisplayArrayInTable(SourceData_Feedlot.SourceData_Feedlot_DietProperties_Data(), Table_SourceData_Feedlot_DietProperties[[#Headers],[Feedlot type]], 0)} -> Domestic | E67: {=Common_InputFunctions.Utility_DisplayArrayInTable(SourceData_Feedlot.SourceData_Feedlot_DietProperties_Data(), Table_SourceData_Feedlot_DietProperties[[#Headers],[Feedlot type]], 0)} -> Dry matter digestibility | F67: {=Common_InputFunctions.Utility_DisplayArrayInTable(SourceData_Feedlot.SourceData_Feedlot_DietProperties_Data(), Table_SourceData_Feedlot_DietProperties[[#Headers],[Feedlot type]], 0)} -> fraction | G67: {=Common_InputFunctions.Utility_DisplayArrayInTable(SourceData_Feedlot.SourceData_Feedlot_DietProperties_Data(), Table_SourceData_Feedlot_DietProperties[[#Headers],[Feedlot type]], 0)} -> 0.81 | H67: {=Common_InputFunctions.Utility_DisplayArrayInTable(SourceData_Feedlot.SourceData_Feedlot_DietProperties_Data(), Table_SourceData_Feedlot_DietProperties[[#Headers],[Feedlot type]], 0)} -> 0.81 | I67: {=Common_InputFunctions.Utility_DisplayArrayInTable(SourceData_Feedlot.SourceData_Feedlot_DietProperties_Data(), Table_SourceData_Feedlot_DietProperties[[#Headers],[Feedlot type]], 0)} -> 0.81 | J67: {=Common_InputFunctions.Utility_DisplayArrayInTable(SourceData_Feedlot.SourceData_Feedlot_DietProperties_Data(), Table_SourceData_Feedlot_DietProperties[[#Headers],[Feedlot type]], 0)} -> 0.81
D68: {=Common_InputFunctions.Utility_DisplayArrayInTable(SourceData_Feedlot.SourceData_Feedlot_DietProperties_Data(), Table_SourceData_Feedlot_DietProperties[[#Headers],[Feedlot type]], 0)} -> Domestic | E68: {=Common_InputFunctions.Utility_DisplayArrayInTable(SourceData_Feedlot.SourceData_Feedlot_DietProperties_Data(), Table_SourceData_Feedlot_DietProperties[[#Headers],[Feedlot type]], 0)} -> Crude protein | F68: {=Common_InputFunctions.Utility_DisplayArrayInTable(SourceData_Feedlot.SourceData_Feedlot_DietProperties_Data(), Table_SourceData_Feedlot_DietProperties[[#Headers],[Feedlot type]], 0)} -> fraction | G68: {=Common_InputFunctions.Utility_DisplayArrayInTable(SourceData_Feedlot.SourceData_Feedlot_DietProperties_Data(), Table_SourceData_Feedlot_DietProperties[[#Headers],[Feedlot type]], 0)} -> 0.14 | H68: {=Common_InputFunctions.Utility_DisplayArrayInTable(SourceData_Feedlot.SourceData_Feedlot_DietProperties_Data(), Table_SourceData_Feedlot_DietProperties[[#Headers],[Feedlot type]], 0)} -> 0.14 | I68: {=Common_InputFunctions.Utility_DisplayArrayInTable(SourceData_Feedlot.SourceData_Feedlot_DietProperties_Data(), Table_SourceData_Feedlot_DietProperties[[#Headers],[Feedlot type]], 0)} -> 0.14 | J68: {=Common_InputFunctions.Utility_DisplayArrayInTable(SourceData_Feedlot.SourceData_Feedlot_DietProperties_Data(), Table_SourceData_Feedlot_DietProperties[[#Headers],[Feedlot type]], 0)} -> 0.14
D69: {=Common_InputFunctions.Utility_DisplayArrayInTable(SourceData_Feedlot.SourceData_Feedlot_DietProperties_Data(), Table_SourceData_Feedlot_DietProperties[[#Headers],[Feedlot type]], 0)} -> Domestic | E69: {=Common_InputFunctions.Utility_DisplayArrayInTable(SourceData_Feedlot.SourceData_Feedlot_DietProperties_Data(), Table_SourceData_Feedlot_DietProperties[[#Headers],[Feedlot type]], 0)} -> NDF | F69: {=Common_InputFunctions.Utility_DisplayArrayInTable(SourceData_Feedlot.SourceData_Feedlot_DietProperties_Data(), Table_SourceData_Feedlot_DietProperties[[#Headers],[Feedlot type]], 0)} -> per cent | G69: {=Common_InputFunctions.Utility_DisplayArrayInTable(SourceData_Feedlot.SourceData_Feedlot_DietProperties_Data(), Table_SourceData_Feedlot_DietProperties[[#Headers],[Feedlot type]], 0)} -> 23 | H69: {=Common_InputFunctions.Utility_DisplayArrayInTable(SourceData_Feedlot.SourceData_Feedlot_DietProperties_Data(), Table_SourceData_Feedlot_DietProperties[[#Headers],[Feedlot type]], 0)} -> 22 | I69: {=Common_InputFunctions.Utility_DisplayArrayInTable(SourceData_Feedlot.SourceData_Feedlot_DietProperties_Data(), Table_SourceData_Feedlot_DietProperties[[#Headers],[Feedlot type]], 0)} -> 22 | J69: {=Common_InputFunctions.Utility_DisplayArrayInTable(SourceData_Feedlot.SourceData_Feedlot_DietProperties_Data(), Table_SourceData_Feedlot_DietProperties[[#Headers],[Feedlot type]], 0)} -> 22
D70: {=Common_InputFunctions.Utility_DisplayArrayInTable(SourceData_Feedlot.SourceData_Feedlot_DietProperties_Data(), Table_SourceData_Feedlot_DietProperties[[#Headers],[Feedlot type]], 0)} -> Domestic | E70: {=Common_InputFunctions.Utility_DisplayArrayInTable(SourceData_Feedlot.SourceData_Feedlot_DietProperties_Data(), Table_SourceData_Feedlot_DietProperties[[#Headers],[Feedlot type]], 0)} -> Ether Extract | F70: {=Common_InputFunctions.Utility_DisplayArrayInTable(SourceData_Feedlot.SourceData_Feedlot_DietProperties_Data(), Table_SourceData_Feedlot_DietProperties[[#Headers],[Feedlot type]], 0)} -> per cent | G70: {=Common_InputFunctions.Utility_DisplayArrayInTable(SourceData_Feedlot.SourceData_Feedlot_DietProperties_Data(), Table_SourceData_Feedlot_DietProperties[[#Headers],[Feedlot type]], 0)} -> 4.5 | H70: {=Common_InputFunctions.Utility_DisplayArrayInTable(SourceData_Feedlot.SourceData_Feedlot_DietProperties_Data(), Table_SourceData_Feedlot_DietProperties[[#Headers],[Feedlot type]], 0)} -> 4.5 | I70: {=Common_InputFunctions.Utility_DisplayArrayInTable(SourceData_Feedlot.SourceData_Feedlot_DietProperties_Data(), Table_SourceData_Feedlot_DietProperties[[#Headers],[Feedlot type]], 0)} -> 4.8 | J70: {=Common_InputFunctions.Utility_DisplayArrayInTable(SourceData_Feedlot.SourceData_Feedlot_DietProperties_Data(), Table_SourceData_Feedlot_DietProperties[[#Headers],[Feedlot type]], 0)} -> 4.8
D71: {=Common_InputFunctions.Utility_DisplayArrayInTable(SourceData_Feedlot.SourceData_Feedlot_DietProperties_Data(), Table_SourceData_Feedlot_DietProperties[[#Headers],[Feedlot type]], 0)} -> Mid-fed | E71: {=Common_InputFunctions.Utility_DisplayArrayInTable(SourceData_Feedlot.SourceData_Feedlot_DietProperties_Data(), Table_SourceData_Feedlot_DietProperties[[#Headers],[Feedlot type]], 0)} -> Dry matter digestibility | F71: {=Common_InputFunctions.Utility_DisplayArrayInTable(SourceData_Feedlot.SourceData_Feedlot_DietProperties_Data(), Table_SourceData_Feedlot_DietProperties[[#Headers],[Feedlot type]], 0)} -> fraction | G71: {=Common_InputFunctions.Utility_DisplayArrayInTable(SourceData_Feedlot.SourceData_Feedlot_DietProperties_Data(), Table_SourceData_Feedlot_DietProperties[[#Headers],[Feedlot type]], 0)} -> 0.81 | H71: {=Common_InputFunctions.Utility_DisplayArrayInTable(SourceData_Feedlot.SourceData_Feedlot_DietProperties_Data(), Table_SourceData_Feedlot_DietProperties[[#Headers],[Feedlot type]], 0)} -> 0.81 | I71: {=Common_InputFunctions.Utility_DisplayArrayInTable(SourceData_Feedlot.SourceData_Feedlot_DietProperties_Data(), Table_SourceData_Feedlot_DietProperties[[#Headers],[Feedlot type]], 0)} -> 0.81 | J71: {=Common_InputFunctions.Utility_DisplayArrayInTable(SourceData_Feedlot.SourceData_Feedlot_DietProperties_Data(), Table_SourceData_Feedlot_DietProperties[[#Headers],[Feedlot type]], 0)} -> 0.81
D72: {=Common_InputFunctions.Utility_DisplayArrayInTable(SourceData_Feedlot.SourceData_Feedlot_DietProperties_Data(), Table_SourceData_Feedlot_DietProperties[[#Headers],[Feedlot type]], 0)} -> Mid-fed | E72: {=Common_InputFunctions.Utility_DisplayArrayInTable(SourceData_Feedlot.SourceData_Feedlot_DietProperties_Data(), Table_SourceData_Feedlot_DietProperties[[#Headers],[Feedlot type]], 0)} -> Crude protein | F72: {=Common_InputFunctions.Utility_DisplayArrayInTable(SourceData_Feedlot.SourceData_Feedlot_DietProperties_Data(), Table_SourceData_Feedlot_DietProperties[[#Headers],[Feedlot type]], 0)} -> fraction | G72: {=Common_InputFunctions.Utility_DisplayArrayInTable(SourceData_Feedlot.SourceData_Feedlot_DietProperties_Data(), Table_SourceData_Feedlot_DietProperties[[#Headers],[Feedlot type]], 0)} -> 0.13 | H72: {=Common_InputFunctions.Utility_DisplayArrayInTable(SourceData_Feedlot.SourceData_Feedlot_DietProperties_Data(), Table_SourceData_Feedlot_DietProperties[[#Headers],[Feedlot type]], 0)} -> 0.125 | I72: {=Common_InputFunctions.Utility_DisplayArrayInTable(SourceData_Feedlot.SourceData_Feedlot_DietProperties_Data(), Table_SourceData_Feedlot_DietProperties[[#Headers],[Feedlot type]], 0)} -> 0.12 | J72: {=Common_InputFunctions.Utility_DisplayArrayInTable(SourceData_Feedlot.SourceData_Feedlot_DietProperties_Data(), Table_SourceData_Feedlot_DietProperties[[#Headers],[Feedlot type]], 0)} -> 0.12
D73: {=Common_InputFunctions.Utility_DisplayArrayInTable(SourceData_Feedlot.SourceData_Feedlot_DietProperties_Data(), Table_SourceData_Feedlot_DietProperties[[#Headers],[Feedlot type]], 0)} -> Mid-fed | E73: {=Common_InputFunctions.Utility_DisplayArrayInTable(SourceData_Feedlot.SourceData_Feedlot_DietProperties_Data(), Table_SourceData_Feedlot_DietProperties[[#Headers],[Feedlot type]], 0)} -> NDF | F73: {=Common_InputFunctions.Utility_DisplayArrayInTable(SourceData_Feedlot.SourceData_Feedlot_DietProperties_Data(), Table_SourceData_Feedlot_DietProperties[[#Headers],[Feedlot type]], 0)} -> per cent | G73: {=Common_InputFunctions.Utility_DisplayArrayInTable(SourceData_Feedlot.SourceData_Feedlot_DietProperties_Data(), Table_SourceData_Feedlot_DietProperties[[#Headers],[Feedlot type]], 0)} -> 24 | H73: {=Common_InputFunctions.Utility_DisplayArrayInTable(SourceData_Feedlot.SourceData_Feedlot_DietProperties_Data(), Table_SourceData_Feedlot_DietProperties[[#Headers],[Feedlot type]], 0)} -> 22 | I73: {=Common_InputFunctions.Utility_DisplayArrayInTable(SourceData_Feedlot.SourceData_Feedlot_DietProperties_Data(), Table_SourceData_Feedlot_DietProperties[[#Headers],[Feedlot type]], 0)} -> 22 | J73: {=Common_InputFunctions.Utility_DisplayArrayInTable(SourceData_Feedlot.SourceData_Feedlot_DietProperties_Data(), Table_SourceData_Feedlot_DietProperties[[#Headers],[Feedlot type]], 0)} -> 22
D74: {=Common_InputFunctions.Utility_DisplayArrayInTable(SourceData_Feedlot.SourceData_Feedlot_DietProperties_Data(), Table_SourceData_Feedlot_DietProperties[[#Headers],[Feedlot type]], 0)} -> Mid-fed | E74: {=Common_InputFunctions.Utility_DisplayArrayInTable(SourceData_Feedlot.SourceData_Feedlot_DietProperties_Data(), Table_SourceData_Feedlot_DietProperties[[#Headers],[Feedlot type]], 0)} -> Ether Extract | F74: {=Common_InputFunctions.Utility_DisplayArrayInTable(SourceData_Feedlot.SourceData_Feedlot_DietProperties_Data(), Table_SourceData_Feedlot_DietProperties[[#Headers],[Feedlot type]], 0)} -> per cent | G74: {=Common_InputFunctions.Utility_DisplayArrayInTable(SourceData_Feedlot.SourceData_Feedlot_DietProperties_Data(), Table_SourceData_Feedlot_DietProperties[[#Headers],[Feedlot type]], 0)} -> 5 | H74: {=Common_InputFunctions.Utility_DisplayArrayInTable(SourceData_Feedlot.SourceData_Feedlot_DietProperties_Data(), Table_SourceData_Feedlot_DietProperties[[#Headers],[Feedlot type]], 0)} -> 5 | I74: {=Common_InputFunctions.Utility_DisplayArrayInTable(SourceData_Feedlot.SourceData_Feedlot_DietProperties_Data(), Table_SourceData_Feedlot_DietProperties[[#Headers],[Feedlot type]], 0)} -> 5 | J74: {=Common_InputFunctions.Utility_DisplayArrayInTable(SourceData_Feedlot.SourceData_Feedlot_DietProperties_Data(), Table_SourceData_Feedlot_DietProperties[[#Headers],[Feedlot type]], 0)} -> 5
D75: {=Common_InputFunctions.Utility_DisplayArrayInTable(SourceData_Feedlot.SourceData_Feedlot_DietProperties_Data(), Table_SourceData_Feedlot_DietProperties[[#Headers],[Feedlot type]], 0)} -> Long-Fed | E75: {=Common_InputFunctions.Utility_DisplayArrayInTable(SourceData_Feedlot.SourceData_Feedlot_DietProperties_Data(), Table_SourceData_Feedlot_DietProperties[[#Headers],[Feedlot type]], 0)} -> Dry matter digestibility | F75: {=Common_InputFunctions.Utility_DisplayArrayInTable(SourceData_Feedlot.SourceData_Feedlot_DietProperties_Data(), Table_SourceData_Feedlot_DietProperties[[#Headers],[Feedlot type]], 0)} -> fraction | G75: {=Common_InputFunctions.Utility_DisplayArrayInTable(SourceData_Feedlot.SourceData_Feedlot_DietProperties_Data(), Table_SourceData_Feedlot_DietProperties[[#Headers],[Feedlot type]], 0)} -> 0.81 | H75: {=Common_InputFunctions.Utility_DisplayArrayInTable(SourceData_Feedlot.SourceData_Feedlot_DietProperties_Data(), Table_SourceData_Feedlot_DietProperties[[#Headers],[Feedlot type]], 0)} -> 0.81 | I75: {=Common_InputFunctions.Utility_DisplayArrayInTable(SourceData_Feedlot.SourceData_Feedlot_DietProperties_Data(), Table_SourceData_Feedlot_DietProperties[[#Headers],[Feedlot type]], 0)} -> 0.81 | J75: {=Common_InputFunctions.Utility_DisplayArrayInTable(SourceData_Feedlot.SourceData_Feedlot_DietProperties_Data(), Table_SourceData_Feedlot_DietProperties[[#Headers],[Feedlot type]], 0)} -> 0.81
D76: {=Common_InputFunctions.Utility_DisplayArrayInTable(SourceData_Feedlot.SourceData_Feedlot_DietProperties_Data(), Table_SourceData_Feedlot_DietProperties[[#Headers],[Feedlot type]], 0)} -> Long-Fed | E76: {=Common_InputFunctions.Utility_DisplayArrayInTable(SourceData_Feedlot.SourceData_Feedlot_DietProperties_Data(), Table_SourceData_Feedlot_DietProperties[[#Headers],[Feedlot type]], 0)} -> Crude protein | F76: {=Common_InputFunctions.Utility_DisplayArrayInTable(SourceData_Feedlot.SourceData_Feedlot_DietProperties_Data(), Table_SourceData_Feedlot_DietProperties[[#Headers],[Feedlot type]], 0)} -> fraction | G76: {=Common_InputFunctions.Utility_DisplayArrayInTable(SourceData_Feedlot.SourceData_Feedlot_DietProperties_Data(), Table_SourceData_Feedlot_DietProperties[[#Headers],[Feedlot type]], 0)} -> 0.13 | H76: {=Common_InputFunctions.Utility_DisplayArrayInTable(SourceData_Feedlot.SourceData_Feedlot_DietProperties_Data(), Table_SourceData_Feedlot_DietProperties[[#Headers],[Feedlot type]], 0)} -> 0.125 | I76: {=Common_InputFunctions.Utility_DisplayArrayInTable(SourceData_Feedlot.SourceData_Feedlot_DietProperties_Data(), Table_SourceData_Feedlot_DietProperties[[#Headers],[Feedlot type]], 0)} -> 0.12 | J76: {=Common_InputFunctions.Utility_DisplayArrayInTable(SourceData_Feedlot.SourceData_Feedlot_DietProperties_Data(), Table_SourceData_Feedlot_DietProperties[[#Headers],[Feedlot type]], 0)} -> 0.12
D77: {=Common_InputFunctions.Utility_DisplayArrayInTable(SourceData_Feedlot.SourceData_Feedlot_DietProperties_Data(), Table_SourceData_Feedlot_DietProperties[[#Headers],[Feedlot type]], 0)} -> Long-Fed | E77: {=Common_InputFunctions.Utility_DisplayArrayInTable(SourceData_Feedlot.SourceData_Feedlot_DietProperties_Data(), Table_SourceData_Feedlot_DietProperties[[#Headers],[Feedlot type]], 0)} -> NDF | F77: {=Common_InputFunctions.Utility_DisplayArrayInTable(SourceData_Feedlot.SourceData_Feedlot_DietProperties_Data(), Table_SourceData_Feedlot_DietProperties[[#Headers],[Feedlot type]], 0)} -> per cent | G77: {=Common_InputFunctions.Utility_DisplayArrayInTable(SourceData_Feedlot.SourceData_Feedlot_DietProperties_Data(), Table_SourceData_Feedlot_DietProperties[[#Headers],[Feedlot type]], 0)} -> 24 | H77: {=Common_InputFunctions.Utility_DisplayArrayInTable(SourceData_Feedlot.SourceData_Feedlot_DietProperties_Data(), Table_SourceData_Feedlot_DietProperties[[#Headers],[Feedlot type]], 0)} -> 24 | I77: {=Common_InputFunctions.Utility_DisplayArrayInTable(SourceData_Feedlot.SourceData_Feedlot_DietProperties_Data(), Table_SourceData_Feedlot_DietProperties[[#Headers],[Feedlot type]], 0)} -> 24 | J77: {=Common_InputFunctions.Utility_DisplayArrayInTable(SourceData_Feedlot.SourceData_Feedlot_DietProperties_Data(), Table_SourceData_Feedlot_DietProperties[[#Headers],[Feedlot type]], 0)} -> 24
D78: {=Common_InputFunctions.Utility_DisplayArrayInTable(SourceData_Feedlot.SourceData_Feedlot_DietProperties_Data(), Table_SourceData_Feedlot_DietProperties[[#Headers],[Feedlot type]], 0)} -> Long-Fed | E78: {=Common_InputFunctions.Utility_DisplayArrayInTable(SourceData_Feedlot.SourceData_Feedlot_DietProperties_Data(), Table_SourceData_Feedlot_DietProperties[[#Headers],[Feedlot type]], 0)} -> Ether Extract | F78: {=Common_InputFunctions.Utility_DisplayArrayInTable(SourceData_Feedlot.SourceData_Feedlot_DietProperties_Data(), Table_SourceData_Feedlot_DietProperties[[#Headers],[Feedlot type]], 0)} -> per cent | G78: {=Common_InputFunctions.Utility_DisplayArrayInTable(SourceData_Feedlot.SourceData_Feedlot_DietProperties_Data(), Table_SourceData_Feedlot_DietProperties[[#Headers],[Feedlot type]], 0)} -> 5 | H78: {=Common_InputFunctions.Utility_DisplayArrayInTable(SourceData_Feedlot.SourceData_Feedlot_DietProperties_Data(), Table_SourceData_Feedlot_DietProperties[[#Headers],[Feedlot type]], 0)} -> 5 | I78: {=Common_InputFunctions.Utility_DisplayArrayInTable(SourceData_Feedlot.SourceData_Feedlot_DietProperties_Data(), Table_SourceData_Feedlot_DietProperties[[#Headers],[Feedlot type]], 0)} -> 5.5 | J78: {=Common_InputFunctions.Utility_DisplayArrayInTable(SourceData_Feedlot.SourceData_Feedlot_DietProperties_Data(), Table_SourceData_Feedlot_DietProperties[[#Headers],[Feedlot type]], 0)} -> 5.5
D81: {=SourceData_Feedlot.SourceData_Feedlot_MCF_Title()} -> Feedlot - MCFs
D82: {=SourceData_Feedlot.SourceData_Feedlot_MCF_Source()} -> VEERG 2026: Table A.1.1.4: Beef feedlot cattle - MCFs (fraction) (MCFimT)
D83: {=SourceData_Feedlot.SourceData_Feedlot_MCF_Variation()} -> VARIATION ON SOURCE:
D84: Duplicated NSW values for ACT
D85: Added NT and TAS columns with 'no data' values
D86: Added 'NIR definition' column with MMS names that match NIR definitions.
D88: Treatment stage T | E88: MMS m | F88: NSW | G88: ACT | H88: QLD | I88: NT | J88: SA | K88: VIC | L88: WA | M88: TAS | N88: NIR definition
D89: {=Common_InputFunctions.Utility_DisplayArrayInTable(SourceData_Feedlot.SourceData_Feedlot_MCF_Data(), Table_SourceData_Feedlot_MCF[[#Headers],[Treatment stage T]], 0)} -> Primary | E89: {=Common_InputFunctions.Utility_DisplayArrayInTable(SourceData_Feedlot.SourceData_Feedlot_MCF_Data(), Table_SourceData_Feedlot_MCF[[#Headers],[Treatment stage T]], 0)} -> Dry lot (Feedpad) | F89: {=Common_InputFunctions.Utility_DisplayArrayInTable(SourceData_Feedlot.SourceData_Feedlot_MCF_Data(), Table_SourceData_Feedlot_MCF[[#Headers],[Treatment stage T]], 0)} -> 0.01 | G89: {=Common_InputFunctions.Utility_DisplayArrayInTable(SourceData_Feedlot.SourceData_Feedlot_MCF_Data(), Table_SourceData_Feedlot_MCF[[#Headers],[Treatment stage T]], 0)} -> 0.01 | H89: {=Common_InputFunctions.Utility_DisplayArrayInTable(SourceData_Feedlot.SourceData_Feedlot_MCF_Data(), Table_SourceData_Feedlot_MCF[[#Headers],[Treatment stage T]], 0)} -> 0.03 | I89: {=Common_InputFunctions.Utility_DisplayArrayInTable(SourceData_Feedlot.SourceData_Feedlot_MCF_Data(), Table_SourceData_Feedlot_MCF[[#Headers],[Treatment stage T]], 0)} -> No data | J89: {=Common_InputFunctions.Utility_DisplayArrayInTable(SourceData_Feedlot.SourceData_Feedlot_MCF_Data(), Table_SourceData_Feedlot_MCF[[#Headers],[Treatment stage T]], 0)} -> 0.01 | K89: {=Common_InputFunctions.Utility_DisplayArrayInTable(SourceData_Feedlot.SourceData_Feedlot_MCF_Data(), Table_SourceData_Feedlot_MCF[[#Headers],[Treatment stage T]], 0)} -> 0.01 | ... N89: {=Common_InputFunctions.Utility_DisplayArrayInTable(SourceData_Feedlot.SourceData_Feedlot_MCF_Data(), Table_SourceData_Feedlot_MCF[[#Headers],[Treatment stage T]], 0)} -> Drylot (feed pad)
D90: {=Common_InputFunctions.Utility_DisplayArrayInTable(SourceData_Feedlot.SourceData_Feedlot_MCF_Data(), Table_SourceData_Feedlot_MCF[[#Headers],[Treatment stage T]], 0)} -> Secondary | E90: {=Common_InputFunctions.Utility_DisplayArrayInTable(SourceData_Feedlot.SourceData_Feedlot_MCF_Data(), Table_SourceData_Feedlot_MCF[[#Headers],[Treatment stage T]], 0)} -> Solid Storage (Stockpile) | F90: {=Common_InputFunctions.Utility_DisplayArrayInTable(SourceData_Feedlot.SourceData_Feedlot_MCF_Data(), Table_SourceData_Feedlot_MCF[[#Headers],[Treatment stage T]], 0)} -> 0.02 | G90: {=Common_InputFunctions.Utility_DisplayArrayInTable(SourceData_Feedlot.SourceData_Feedlot_MCF_Data(), Table_SourceData_Feedlot_MCF[[#Headers],[Treatment stage T]], 0)} -> 0.02 | H90: {=Common_InputFunctions.Utility_DisplayArrayInTable(SourceData_Feedlot.SourceData_Feedlot_MCF_Data(), Table_SourceData_Feedlot_MCF[[#Headers],[Treatment stage T]], 0)} -> 0.02 | I90: {=Common_InputFunctions.Utility_DisplayArrayInTable(SourceData_Feedlot.SourceData_Feedlot_MCF_Data(), Table_SourceData_Feedlot_MCF[[#Headers],[Treatment stage T]], 0)} -> No data | J90: {=Common_InputFunctions.Utility_DisplayArrayInTable(SourceData_Feedlot.SourceData_Feedlot_MCF_Data(), Table_SourceData_Feedlot_MCF[[#Headers],[Treatment stage T]], 0)} -> 0.02 | K90: {=Common_InputFunctions.Utility_DisplayArrayInTable(SourceData_Feedlot.SourceData_Feedlot_MCF_Data(), Table_SourceData_Feedlot_MCF[[#Headers],[Treatment stage T]], 0)} -> 0.02 | ... N90: {=Common_InputFunctions.Utility_DisplayArrayInTable(SourceData_Feedlot.SourceData_Feedlot_MCF_Data(), Table_SourceData_Feedlot_MCF[[#Headers],[Treatment stage T]], 0)} -> Solid storage
D91: {=Common_InputFunctions.Utility_DisplayArrayInTable(SourceData_Feedlot.SourceData_Feedlot_MCF_Data(), Table_SourceData_Feedlot_MCF[[#Headers],[Treatment stage T]], 0)} -> Secondary | E91: {=Common_InputFunctions.Utility_DisplayArrayInTable(SourceData_Feedlot.SourceData_Feedlot_MCF_Data(), Table_SourceData_Feedlot_MCF[[#Headers],[Treatment stage T]], 0)} -> Composting (Passive Windrow) | F91: {=Common_InputFunctions.Utility_DisplayArrayInTable(SourceData_Feedlot.SourceData_Feedlot_MCF_Data(), Table_SourceData_Feedlot_MCF[[#Headers],[Treatment stage T]], 0)} -> 0.01 | G91: {=Common_InputFunctions.Utility_DisplayArrayInTable(SourceData_Feedlot.SourceData_Feedlot_MCF_Data(), Table_SourceData_Feedlot_MCF[[#Headers],[Treatment stage T]], 0)} -> 0.01 | H91: {=Common_InputFunctions.Utility_DisplayArrayInTable(SourceData_Feedlot.SourceData_Feedlot_MCF_Data(), Table_SourceData_Feedlot_MCF[[#Headers],[Treatment stage T]], 0)} -> 0.01 | I91: {=Common_InputFunctions.Utility_DisplayArrayInTable(SourceData_Feedlot.SourceData_Feedlot_MCF_Data(), Table_SourceData_Feedlot_MCF[[#Headers],[Treatment stage T]], 0)} -> No data | J91: {=Common_InputFunctions.Utility_DisplayArrayInTable(SourceData_Feedlot.SourceData_Feedlot_MCF_Data(), Table_SourceData_Feedlot_MCF[[#Headers],[Treatment stage T]], 0)} -> 0.01 | K91: {=Common_InputFunctions.Utility_DisplayArrayInTable(SourceData_Feedlot.SourceData_Feedlot_MCF_Data(), Table_SourceData_Feedlot_MCF[[#Headers],[Treatment stage T]], 0)} -> 0.01 | ... N91: {=Common_InputFunctions.Utility_DisplayArrayInTable(SourceData_Feedlot.SourceData_Feedlot_MCF_Data(), Table_SourceData_Feedlot_MCF[[#Headers],[Treatment stage T]], 0)} -> Composting (passive windrow)
D92: {=Common_InputFunctions.Utility_DisplayArrayInTable(SourceData_Feedlot.SourceData_Feedlot_MCF_Data(), Table_SourceData_Feedlot_MCF[[#Headers],[Treatment stage T]], 0)} -> Secondary | E92: {=Common_InputFunctions.Utility_DisplayArrayInTable(SourceData_Feedlot.SourceData_Feedlot_MCF_Data(), Table_SourceData_Feedlot_MCF[[#Headers],[Treatment stage T]], 0)} -> Direct Application to soil | F92: {=Common_InputFunctions.Utility_DisplayArrayInTable(SourceData_Feedlot.SourceData_Feedlot_MCF_Data(), Table_SourceData_Feedlot_MCF[[#Headers],[Treatment stage T]], 0)} -> 0 | G92: {=Common_InputFunctions.Utility_DisplayArrayInTable(SourceData_Feedlot.SourceData_Feedlot_MCF_Data(), Table_SourceData_Feedlot_MCF[[#Headers],[Treatment stage T]], 0)} -> 0 | H92: {=Common_InputFunctions.Utility_DisplayArrayInTable(SourceData_Feedlot.SourceData_Feedlot_MCF_Data(), Table_SourceData_Feedlot_MCF[[#Headers],[Treatment stage T]], 0)} -> 0 | I92: {=Common_InputFunctions.Utility_DisplayArrayInTable(SourceData_Feedlot.SourceData_Feedlot_MCF_Data(), Table_SourceData_Feedlot_MCF[[#Headers],[Treatment stage T]], 0)} -> No data | J92: {=Common_InputFunctions.Utility_DisplayArrayInTable(SourceData_Feedlot.SourceData_Feedlot_MCF_Data(), Table_SourceData_Feedlot_MCF[[#Headers],[Treatment stage T]], 0)} -> 0 | K92: {=Common_InputFunctions.Utility_DisplayArrayInTable(SourceData_Feedlot.SourceData_Feedlot_MCF_Data(), Table_SourceData_Feedlot_MCF[[#Headers],[Treatment stage T]], 0)} -> 0 | ... N92: {=Common_InputFunctions.Utility_DisplayArrayInTable(SourceData_Feedlot.SourceData_Feedlot_MCF_Data(), Table_SourceData_Feedlot_MCF[[#Headers],[Treatment stage T]], 0)} -> Direct application
D93: {=Common_InputFunctions.Utility_DisplayArrayInTable(SourceData_Feedlot.SourceData_Feedlot_MCF_Data(), Table_SourceData_Feedlot_MCF[[#Headers],[Treatment stage T]], 0)} -> Tertiary | E93: {=Common_InputFunctions.Utility_DisplayArrayInTable(SourceData_Feedlot.SourceData_Feedlot_MCF_Data(), Table_SourceData_Feedlot_MCF[[#Headers],[Treatment stage T]], 0)} -> Uncovered anaerobic lagoon (Effluent pond) | F93: {=Common_InputFunctions.Utility_DisplayArrayInTable(SourceData_Feedlot.SourceData_Feedlot_MCF_Data(), Table_SourceData_Feedlot_MCF[[#Headers],[Treatment stage T]], 0)} -> 0.75 | G93: {=Common_InputFunctions.Utility_DisplayArrayInTable(SourceData_Feedlot.SourceData_Feedlot_MCF_Data(), Table_SourceData_Feedlot_MCF[[#Headers],[Treatment stage T]], 0)} -> 0.75 | H93: {=Common_InputFunctions.Utility_DisplayArrayInTable(SourceData_Feedlot.SourceData_Feedlot_MCF_Data(), Table_SourceData_Feedlot_MCF[[#Headers],[Treatment stage T]], 0)} -> 0.77 | I93: {=Common_InputFunctions.Utility_DisplayArrayInTable(SourceData_Feedlot.SourceData_Feedlot_MCF_Data(), Table_SourceData_Feedlot_MCF[[#Headers],[Treatment stage T]], 0)} -> No data | J93: {=Common_InputFunctions.Utility_DisplayArrayInTable(SourceData_Feedlot.SourceData_Feedlot_MCF_Data(), Table_SourceData_Feedlot_MCF[[#Headers],[Treatment stage T]], 0)} -> 0.75 | K93: {=Common_InputFunctions.Utility_DisplayArrayInTable(SourceData_Feedlot.SourceData_Feedlot_MCF_Data(), Table_SourceData_Feedlot_MCF[[#Headers],[Treatment stage T]], 0)} -> 0.75 | ... N93: {=Common_InputFunctions.Utility_DisplayArrayInTable(SourceData_Feedlot.SourceData_Feedlot_MCF_Data(), Table_SourceData_Feedlot_MCF[[#Headers],[Treatment stage T]], 0)} -> Anaerobic lagoon
D96: {=SourceData_Feedlot.SourceData_Feedlot_NitrousOxideEFs_Title()} -> Feedlot - Nitrous oxide EFs
D97: {=SourceData_Feedlot.SourceData_Feedlot_NitrousOxideEFs_Source()} -> VEERG 2026: Table A.1.1.5: Beef feedlot cattle - Nitrous oxide EFs (EFmT)
D98: {=SourceData_Feedlot.SourceData_Feedlot_NitrousOxideEFs_Variation()} -> VARIATION ON SOURCE:
D99: Added 'NIR definition' column with MMS names that match NIR definitions.
D100: Treatment stage T | E100: MMS m | F100: EF mT | G100: NIR definition
D101: {=Common_InputFunctions.Utility_DisplayArrayInTable(SourceData_Feedlot.SourceData_Feedlot_NitrousOxideEFs_Data(), Table_SourceData_Feedlot_NO2EFs[[#Headers],[Treatment stage T]], 0)} -> Primary | E101: {=Common_InputFunctions.Utility_DisplayArrayInTable(SourceData_Feedlot.SourceData_Feedlot_NitrousOxideEFs_Data(), Table_SourceData_Feedlot_NO2EFs[[#Headers],[Treatment stage T]], 0)} -> Dry lot (Feedpad) | F101: {=Common_InputFunctions.Utility_DisplayArrayInTable(SourceData_Feedlot.SourceData_Feedlot_NitrousOxideEFs_Data(), Table_SourceData_Feedlot_NO2EFs[[#Headers],[Treatment stage T]], 0)} -> 0.0054 | G101: {=Common_InputFunctions.Utility_DisplayArrayInTable(SourceData_Feedlot.SourceData_Feedlot_NitrousOxideEFs_Data(), Table_SourceData_Feedlot_NO2EFs[[#Headers],[Treatment stage T]], 0)} -> Drylot (feed pad)
D102: {=Common_InputFunctions.Utility_DisplayArrayInTable(SourceData_Feedlot.SourceData_Feedlot_NitrousOxideEFs_Data(), Table_SourceData_Feedlot_NO2EFs[[#Headers],[Treatment stage T]], 0)} -> Secondary | E102: {=Common_InputFunctions.Utility_DisplayArrayInTable(SourceData_Feedlot.SourceData_Feedlot_NitrousOxideEFs_Data(), Table_SourceData_Feedlot_NO2EFs[[#Headers],[Treatment stage T]], 0)} -> Solid Storage (Stockpile) | F102: {=Common_InputFunctions.Utility_DisplayArrayInTable(SourceData_Feedlot.SourceData_Feedlot_NitrousOxideEFs_Data(), Table_SourceData_Feedlot_NO2EFs[[#Headers],[Treatment stage T]], 0)} -> 0.005 | G102: {=Common_InputFunctions.Utility_DisplayArrayInTable(SourceData_Feedlot.SourceData_Feedlot_NitrousOxideEFs_Data(), Table_SourceData_Feedlot_NO2EFs[[#Headers],[Treatment stage T]], 0)} -> Solid storage
D103: {=Common_InputFunctions.Utility_DisplayArrayInTable(SourceData_Feedlot.SourceData_Feedlot_NitrousOxideEFs_Data(), Table_SourceData_Feedlot_NO2EFs[[#Headers],[Treatment stage T]], 0)} -> Secondary | E103: {=Common_InputFunctions.Utility_DisplayArrayInTable(SourceData_Feedlot.SourceData_Feedlot_NitrousOxideEFs_Data(), Table_SourceData_Feedlot_NO2EFs[[#Headers],[Treatment stage T]], 0)} -> Composting (Passive Windrow) | F103: {=Common_InputFunctions.Utility_DisplayArrayInTable(SourceData_Feedlot.SourceData_Feedlot_NitrousOxideEFs_Data(), Table_SourceData_Feedlot_NO2EFs[[#Headers],[Treatment stage T]], 0)} -> 0.01 | G103: {=Common_InputFunctions.Utility_DisplayArrayInTable(SourceData_Feedlot.SourceData_Feedlot_NitrousOxideEFs_Data(), Table_SourceData_Feedlot_NO2EFs[[#Headers],[Treatment stage T]], 0)} -> Composting (passive windrow)
D104: {=Common_InputFunctions.Utility_DisplayArrayInTable(SourceData_Feedlot.SourceData_Feedlot_NitrousOxideEFs_Data(), Table_SourceData_Feedlot_NO2EFs[[#Headers],[Treatment stage T]], 0)} -> Secondary | E104: {=Common_InputFunctions.Utility_DisplayArrayInTable(SourceData_Feedlot.SourceData_Feedlot_NitrousOxideEFs_Data(), Table_SourceData_Feedlot_NO2EFs[[#Headers],[Treatment stage T]], 0)} -> Direct Application to soil | F104: {=Common_InputFunctions.Utility_DisplayArrayInTable(SourceData_Feedlot.SourceData_Feedlot_NitrousOxideEFs_Data(), Table_SourceData_Feedlot_NO2EFs[[#Headers],[Treatment stage T]], 0)} -> 0 | G104: {=Common_InputFunctions.Utility_DisplayArrayInTable(SourceData_Feedlot.SourceData_Feedlot_NitrousOxideEFs_Data(), Table_SourceData_Feedlot_NO2EFs[[#Headers],[Treatment stage T]], 0)} -> Direct application
D105: {=Common_InputFunctions.Utility_DisplayArrayInTable(SourceData_Feedlot.SourceData_Feedlot_NitrousOxideEFs_Data(), Table_SourceData_Feedlot_NO2EFs[[#Headers],[Treatment stage T]], 0)} -> Tertiary | E105: {=Common_InputFunctions.Utility_DisplayArrayInTable(SourceData_Feedlot.SourceData_Feedlot_NitrousOxideEFs_Data(), Table_SourceData_Feedlot_NO2EFs[[#Headers],[Treatment stage T]], 0)} -> Uncovered anaerobic lagoon (Effluent Pond) | F105: {=Common_InputFunctions.Utility_DisplayArrayInTable(SourceData_Feedlot.SourceData_Feedlot_NitrousOxideEFs_Data(), Table_SourceData_Feedlot_NO2EFs[[#Headers],[Treatment stage T]], 0)} -> 0 | G105: {=Common_InputFunctions.Utility_DisplayArrayInTable(SourceData_Feedlot.SourceData_Feedlot_NitrousOxideEFs_Data(), Table_SourceData_Feedlot_NO2EFs[[#Headers],[Treatment stage T]], 0)} -> Anaerobic lagoon
D108: {=SourceData_Feedlot.SourceData_Feedlot_FracNVolatilised_Title()} -> Feedlot - Fraction of N volatilised by MMS (FracGASMmT)
D109: {=SourceData_Feedlot.SourceData_Feedlot_FracNVolatilised_Source()} -> VEERG 2026: Table A.1.1.6: Beef feedlot cattle - Fraction of N volatilised by MMS (FracGASMmT)
D110: {=SourceData_Feedlot.SourceData_Feedlot_FracNVolatilised_Variation()} -> VARIATION ON SOURCE:
D111: Added 'NIR definition' column with MMS names that match NIR definitions.
D112: Treatment stage T | E112: MMS m | F112: FracGASMmT | G112: NIR definition
D113: {=Common_InputFunctions.Utility_DisplayArrayInTable(SourceData_Feedlot.SourceData_Feedlot_FracNVolatilised_Data(), Table_SourceData_Feedlot_FracGASMmT[[#Headers],[Treatment stage T]], 0)} -> Primary | E113: {=Common_InputFunctions.Utility_DisplayArrayInTable(SourceData_Feedlot.SourceData_Feedlot_FracNVolatilised_Data(), Table_SourceData_Feedlot_FracGASMmT[[#Headers],[Treatment stage T]], 0)} -> Dry lot (Feedpad) | F113: {=Common_InputFunctions.Utility_DisplayArrayInTable(SourceData_Feedlot.SourceData_Feedlot_FracNVolatilised_Data(), Table_SourceData_Feedlot_FracGASMmT[[#Headers],[Treatment stage T]], 0)} -> 0.6 | G113: {=Common_InputFunctions.Utility_DisplayArrayInTable(SourceData_Feedlot.SourceData_Feedlot_FracNVolatilised_Data(), Table_SourceData_Feedlot_FracGASMmT[[#Headers],[Treatment stage T]], 0)} -> Drylot (feed pad)
D114: {=Common_InputFunctions.Utility_DisplayArrayInTable(SourceData_Feedlot.SourceData_Feedlot_FracNVolatilised_Data(), Table_SourceData_Feedlot_FracGASMmT[[#Headers],[Treatment stage T]], 0)} -> Secondary | E114: {=Common_InputFunctions.Utility_DisplayArrayInTable(SourceData_Feedlot.SourceData_Feedlot_FracNVolatilised_Data(), Table_SourceData_Feedlot_FracGASMmT[[#Headers],[Treatment stage T]], 0)} -> Solid Storage (Stockpile) | F114: {=Common_InputFunctions.Utility_DisplayArrayInTable(SourceData_Feedlot.SourceData_Feedlot_FracNVolatilised_Data(), Table_SourceData_Feedlot_FracGASMmT[[#Headers],[Treatment stage T]], 0)} -> 0.25 | G114: {=Common_InputFunctions.Utility_DisplayArrayInTable(SourceData_Feedlot.SourceData_Feedlot_FracNVolatilised_Data(), Table_SourceData_Feedlot_FracGASMmT[[#Headers],[Treatment stage T]], 0)} -> Solid storage
D115: {=Common_InputFunctions.Utility_DisplayArrayInTable(SourceData_Feedlot.SourceData_Feedlot_FracNVolatilised_Data(), Table_SourceData_Feedlot_FracGASMmT[[#Headers],[Treatment stage T]], 0)} -> Secondary | E115: {=Common_InputFunctions.Utility_DisplayArrayInTable(SourceData_Feedlot.SourceData_Feedlot_FracNVolatilised_Data(), Table_SourceData_Feedlot_FracGASMmT[[#Headers],[Treatment stage T]], 0)} -> Composting (Passive Windrow) | F115: {=Common_InputFunctions.Utility_DisplayArrayInTable(SourceData_Feedlot.SourceData_Feedlot_FracNVolatilised_Data(), Table_SourceData_Feedlot_FracGASMmT[[#Headers],[Treatment stage T]], 0)} -> 0.4 | G115: {=Common_InputFunctions.Utility_DisplayArrayInTable(SourceData_Feedlot.SourceData_Feedlot_FracNVolatilised_Data(), Table_SourceData_Feedlot_FracGASMmT[[#Headers],[Treatment stage T]], 0)} -> Composting (passive windrow)
D116: {=Common_InputFunctions.Utility_DisplayArrayInTable(SourceData_Feedlot.SourceData_Feedlot_FracNVolatilised_Data(), Table_SourceData_Feedlot_FracGASMmT[[#Headers],[Treatment stage T]], 0)} -> Secondary | E116: {=Common_InputFunctions.Utility_DisplayArrayInTable(SourceData_Feedlot.SourceData_Feedlot_FracNVolatilised_Data(), Table_SourceData_Feedlot_FracGASMmT[[#Headers],[Treatment stage T]], 0)} -> Direct Application to soil | F116: {=Common_InputFunctions.Utility_DisplayArrayInTable(SourceData_Feedlot.SourceData_Feedlot_FracNVolatilised_Data(), Table_SourceData_Feedlot_FracGASMmT[[#Headers],[Treatment stage T]], 0)} -> 0 | G116: {=Common_InputFunctions.Utility_DisplayArrayInTable(SourceData_Feedlot.SourceData_Feedlot_FracNVolatilised_Data(), Table_SourceData_Feedlot_FracGASMmT[[#Headers],[Treatment stage T]], 0)} -> Direct application
D117: {=Common_InputFunctions.Utility_DisplayArrayInTable(SourceData_Feedlot.SourceData_Feedlot_FracNVolatilised_Data(), Table_SourceData_Feedlot_FracGASMmT[[#Headers],[Treatment stage T]], 0)} -> Tertiary | E117: {=Common_InputFunctions.Utility_DisplayArrayInTable(SourceData_Feedlot.SourceData_Feedlot_FracNVolatilised_Data(), Table_SourceData_Feedlot_FracGASMmT[[#Headers],[Treatment stage T]], 0)} -> Uncovered anaerobic lagoon (Effluent pond) | F117: {=Common_InputFunctions.Utility_DisplayArrayInTable(SourceData_Feedlot.SourceData_Feedlot_FracNVolatilised_Data(), Table_SourceData_Feedlot_FracGASMmT[[#Headers],[Treatment stage T]], 0)} -> 0.35 | G117: {=Common_InputFunctions.Utility_DisplayArrayInTable(SourceData_Feedlot.SourceData_Feedlot_FracNVolatilised_Data(), Table_SourceData_Feedlot_FracGASMmT[[#Headers],[Treatment stage T]], 0)} -> Anaerobic lagoon

Sheet Constants - Livestock
A1: #VALUE! | C1: Constants - Livestock
A3: Home
A4: =HYPERLINK("#'Results'!A1", "Results") -> Results
A6: INPUTS | D6: {=CommonLivestock_SourceData.SourceData_Livestock_Common_SymbolsMMS_Title()} -> Table 5.12 Additional symbols used in algorithms for manure related emissions
A7: =HYPERLINK("#'Input - Site'!A1", "Site") -> Site | D7: {=CommonLivestock_SourceData.SourceData_Livestock_Common_SymbolsMMS_Vairable()} -> MMS
A8: =HYPERLINK("#'Input - Production'!A1", "Production and outputs") -> Production and outputs | D8: {=CommonLivestock_SourceData.SourceData_Livestock_Common_SymbolsMMS_Source()} -> National Inventory Report 2023 Volume 1: Table 5.12
A9: =HYPERLINK("#'Input - Herd - Dairy'!A1", "Herd - Dairy") -> Herd - Dairy | D9: Symbol | E9: Manure management system | F9: Symbol and MMS
A10: =HYPERLINK("#'Input - Feed - Dairy'!A1", "Purchased feed - Livestock") -> Purchased feed - Livestock | D10: {=Common_InputFunctions.Utility_DisplayArrayInTable(CommonLivestock_SourceData.SourceData_Livestock_Common_SymbolsMMS_Data(), Table_Data_MMSSymbols[[#Headers],[Symbol]], 0)} -> 1 | E10: {=Common_InputFunctions.Utility_DisplayArrayInTable(CommonLivestock_SourceData.SourceData_Livestock_Common_SymbolsMMS_Data(), Table_Data_MMSSymbols[[#Headers],[Symbol]], 0)} -> Anaerobic lagoon | F10: {=Common_InputFunctions.Utility_DisplayArrayInTable(CommonLivestock_SourceData.SourceData_Livestock_Common_SymbolsMMS_Data(), Table_Data_MMSSymbols[[#Headers],[Symbol]], 0)} -> Anaerobic lagoon (m=1)
A11: =HYPERLINK("#'Input - Herd - Feedlot'!A1", "Herd - Feedlot") -> Herd - Feedlot | D11: {=Common_InputFunctions.Utility_DisplayArrayInTable(CommonLivestock_SourceData.SourceData_Livestock_Common_SymbolsMMS_Data(), Table_Data_MMSSymbols[[#Headers],[Symbol]], 0)} -> 2 | E11: {=Common_InputFunctions.Utility_DisplayArrayInTable(CommonLivestock_SourceData.SourceData_Livestock_Common_SymbolsMMS_Data(), Table_Data_MMSSymbols[[#Headers],[Symbol]], 0)} -> Liquid systems | F11: {=Common_InputFunctions.Utility_DisplayArrayInTable(CommonLivestock_SourceData.SourceData_Livestock_Common_SymbolsMMS_Data(), Table_Data_MMSSymbols[[#Headers],[Symbol]], 0)} -> Liquid systems (m=2)
A12: =HYPERLINK("#'Input - Pasture'!A1", "Pasture") -> Pasture | D12: {=Common_InputFunctions.Utility_DisplayArrayInTable(CommonLivestock_SourceData.SourceData_Livestock_Common_SymbolsMMS_Data(), Table_Data_MMSSymbols[[#Headers],[Symbol]], 0)} -> 3 | E12: {=Common_InputFunctions.Utility_DisplayArrayInTable(CommonLivestock_SourceData.SourceData_Livestock_Common_SymbolsMMS_Data(), Table_Data_MMSSymbols[[#Headers],[Symbol]], 0)} -> Daily spread | F12: {=Common_InputFunctions.Utility_DisplayArrayInTable(CommonLivestock_SourceData.SourceData_Livestock_Common_SymbolsMMS_Data(), Table_Data_MMSSymbols[[#Headers],[Symbol]], 0)} -> Daily spread (m=3)
A13: =HYPERLINK("#'Input - Grains'!A1", "Crop - Grains") -> Crop - Grains | D13: {=Common_InputFunctions.Utility_DisplayArrayInTable(CommonLivestock_SourceData.SourceData_Livestock_Common_SymbolsMMS_Data(), Table_Data_MMSSymbols[[#Headers],[Symbol]], 0)} -> 3a | E13: {=Common_InputFunctions.Utility_DisplayArrayInTable(CommonLivestock_SourceData.SourceData_Livestock_Common_SymbolsMMS_Data(), Table_Data_MMSSymbols[[#Headers],[Symbol]], 0)} -> Sump and dispersal system | F13: {=Common_InputFunctions.Utility_DisplayArrayInTable(CommonLivestock_SourceData.SourceData_Livestock_Common_SymbolsMMS_Data(), Table_Data_MMSSymbols[[#Headers],[Symbol]], 0)} -> Sump and dispersal system (m=3a)
A14: =HYPERLINK("#'Input - Fert Lime Chem'!A1", "Fertiliser, Lime & Chemicals") -> Fertiliser, Lime & Chemicals | D14: {=Common_InputFunctions.Utility_DisplayArrayInTable(CommonLivestock_SourceData.SourceData_Livestock_Common_SymbolsMMS_Data(), Table_Data_MMSSymbols[[#Headers],[Symbol]], 0)} -> 3b | E14: {=Common_InputFunctions.Utility_DisplayArrayInTable(CommonLivestock_SourceData.SourceData_Livestock_Common_SymbolsMMS_Data(), Table_Data_MMSSymbols[[#Headers],[Symbol]], 0)} -> Drains to paddock | F14: {=Common_InputFunctions.Utility_DisplayArrayInTable(CommonLivestock_SourceData.SourceData_Livestock_Common_SymbolsMMS_Data(), Table_Data_MMSSymbols[[#Headers],[Symbol]], 0)} -> Drains to paddock (m=3b)
A15: =HYPERLINK("#'Input - Fuel & Energy'!A1", "Electricity and fuel") -> Electricity and fuel | D15: {=Common_InputFunctions.Utility_DisplayArrayInTable(CommonLivestock_SourceData.SourceData_Livestock_Common_SymbolsMMS_Data(), Table_Data_MMSSymbols[[#Headers],[Symbol]], 0)} -> 4 | E15: {=Common_InputFunctions.Utility_DisplayArrayInTable(CommonLivestock_SourceData.SourceData_Livestock_Common_SymbolsMMS_Data(), Table_Data_MMSSymbols[[#Headers],[Symbol]], 0)} -> Solid storage | F15: {=Common_InputFunctions.Utility_DisplayArrayInTable(CommonLivestock_SourceData.SourceData_Livestock_Common_SymbolsMMS_Data(), Table_Data_MMSSymbols[[#Headers],[Symbol]], 0)} -> Solid storage (m=4)
A16: Waste | D16: {=Common_InputFunctions.Utility_DisplayArrayInTable(CommonLivestock_SourceData.SourceData_Livestock_Common_SymbolsMMS_Data(), Table_Data_MMSSymbols[[#Headers],[Symbol]], 0)} -> 5 | E16: {=Common_InputFunctions.Utility_DisplayArrayInTable(CommonLivestock_SourceData.SourceData_Livestock_Common_SymbolsMMS_Data(), Table_Data_MMSSymbols[[#Headers],[Symbol]], 0)} -> Drylot (feed pad) | F16: {=Common_InputFunctions.Utility_DisplayArrayInTable(CommonLivestock_SourceData.SourceData_Livestock_Common_SymbolsMMS_Data(), Table_Data_MMSSymbols[[#Headers],[Symbol]], 0)} -> Drylot (feed pad) (m=5)
A17: Freight and transport | D17: {=Common_InputFunctions.Utility_DisplayArrayInTable(CommonLivestock_SourceData.SourceData_Livestock_Common_SymbolsMMS_Data(), Table_Data_MMSSymbols[[#Headers],[Symbol]], 0)} -> 6 | E17: {=Common_InputFunctions.Utility_DisplayArrayInTable(CommonLivestock_SourceData.SourceData_Livestock_Common_SymbolsMMS_Data(), Table_Data_MMSSymbols[[#Headers],[Symbol]], 0)} -> Composting (passive windrow) | F17: {=Common_InputFunctions.Utility_DisplayArrayInTable(CommonLivestock_SourceData.SourceData_Livestock_Common_SymbolsMMS_Data(), Table_Data_MMSSymbols[[#Headers],[Symbol]], 0)} -> Composting (passive windrow) (m=6)
A18: =HYPERLINK("#'Input - Other Farm Inputs'!A1", "Other farm inputs") -> Other farm inputs | D18: {=Common_InputFunctions.Utility_DisplayArrayInTable(CommonLivestock_SourceData.SourceData_Livestock_Common_SymbolsMMS_Data(), Table_Data_MMSSymbols[[#Headers],[Symbol]], 0)} -> 7 | E18: {=Common_InputFunctions.Utility_DisplayArrayInTable(CommonLivestock_SourceData.SourceData_Livestock_Common_SymbolsMMS_Data(), Table_Data_MMSSymbols[[#Headers],[Symbol]], 0)} -> Digester / covered lagoons | F18: {=Common_InputFunctions.Utility_DisplayArrayInTable(CommonLivestock_SourceData.SourceData_Livestock_Common_SymbolsMMS_Data(), Table_Data_MMSSymbols[[#Headers],[Symbol]], 0)} -> Digester / covered lagoons (m=7)
A19: =HYPERLINK("#'Input - Data quality'!A1", "Data quality") -> Data quality | D19: {=Common_InputFunctions.Utility_DisplayArrayInTable(CommonLivestock_SourceData.SourceData_Livestock_Common_SymbolsMMS_Data(), Table_Data_MMSSymbols[[#Headers],[Symbol]], 0)} -> 8 | E19: {=Common_InputFunctions.Utility_DisplayArrayInTable(CommonLivestock_SourceData.SourceData_Livestock_Common_SymbolsMMS_Data(), Table_Data_MMSSymbols[[#Headers],[Symbol]], 0)} -> Deep litter | F19: {=Common_InputFunctions.Utility_DisplayArrayInTable(CommonLivestock_SourceData.SourceData_Livestock_Common_SymbolsMMS_Data(), Table_Data_MMSSymbols[[#Headers],[Symbol]], 0)} -> Deep litter (m=8)
D20: {=Common_InputFunctions.Utility_DisplayArrayInTable(CommonLivestock_SourceData.SourceData_Livestock_Common_SymbolsMMS_Data(), Table_Data_MMSSymbols[[#Headers],[Symbol]], 0)} -> 9 | E20: {=Common_InputFunctions.Utility_DisplayArrayInTable(CommonLivestock_SourceData.SourceData_Livestock_Common_SymbolsMMS_Data(), Table_Data_MMSSymbols[[#Headers],[Symbol]], 0)} -> Pit storage | F20: {=Common_InputFunctions.Utility_DisplayArrayInTable(CommonLivestock_SourceData.SourceData_Livestock_Common_SymbolsMMS_Data(), Table_Data_MMSSymbols[[#Headers],[Symbol]], 0)} -> Pit storage (m=9)
A21: CALCULATIONS | D21: {=Common_InputFunctions.Utility_DisplayArrayInTable(CommonLivestock_SourceData.SourceData_Livestock_Common_SymbolsMMS_Data(), Table_Data_MMSSymbols[[#Headers],[Symbol]], 0)} -> 10 | E21: {=Common_InputFunctions.Utility_DisplayArrayInTable(CommonLivestock_SourceData.SourceData_Livestock_Common_SymbolsMMS_Data(), Table_Data_MMSSymbols[[#Headers],[Symbol]], 0)} -> Poultry manure with bedding | F21: {=Common_InputFunctions.Utility_DisplayArrayInTable(CommonLivestock_SourceData.SourceData_Livestock_Common_SymbolsMMS_Data(), Table_Data_MMSSymbols[[#Headers],[Symbol]], 0)} -> Poultry manure with bedding (m=10)
A22: N2O MMS | D22: {=Common_InputFunctions.Utility_DisplayArrayInTable(CommonLivestock_SourceData.SourceData_Livestock_Common_SymbolsMMS_Data(), Table_Data_MMSSymbols[[#Headers],[Symbol]], 0)} -> 11 | E22: {=Common_InputFunctions.Utility_DisplayArrayInTable(CommonLivestock_SourceData.SourceData_Livestock_Common_SymbolsMMS_Data(), Table_Data_MMSSymbols[[#Headers],[Symbol]], 0)} -> Poultry manure without bedding | F22: {=Common_InputFunctions.Utility_DisplayArrayInTable(CommonLivestock_SourceData.SourceData_Livestock_Common_SymbolsMMS_Data(), Table_Data_MMSSymbols[[#Headers],[Symbol]], 0)} -> Poultry manure without bedding (m=11)
A23: Enteric methane | D23: {=Common_InputFunctions.Utility_DisplayArrayInTable(CommonLivestock_SourceData.SourceData_Livestock_Common_SymbolsMMS_Data(), Table_Data_MMSSymbols[[#Headers],[Symbol]], 0)} -> 11a | E23: {=Common_InputFunctions.Utility_DisplayArrayInTable(CommonLivestock_SourceData.SourceData_Livestock_Common_SymbolsMMS_Data(), Table_Data_MMSSymbols[[#Headers],[Symbol]], 0)} -> Belt manure removal | F23: {=Common_InputFunctions.Utility_DisplayArrayInTable(CommonLivestock_SourceData.SourceData_Livestock_Common_SymbolsMMS_Data(), Table_Data_MMSSymbols[[#Headers],[Symbol]], 0)} -> Belt manure removal (m=11a)
A24: =HYPERLINK("#'Calcs - Fert Lime'!A1", "Fertiliser & soil amendments") -> Fertiliser & soil amendments | D24: {=Common_InputFunctions.Utility_DisplayArrayInTable(CommonLivestock_SourceData.SourceData_Livestock_Common_SymbolsMMS_Data(), Table_Data_MMSSymbols[[#Headers],[Symbol]], 0)} -> 11b | E24: {=Common_InputFunctions.Utility_DisplayArrayInTable(CommonLivestock_SourceData.SourceData_Livestock_Common_SymbolsMMS_Data(), Table_Data_MMSSymbols[[#Headers],[Symbol]], 0)} -> Manure stored in house | F24: {=Common_InputFunctions.Utility_DisplayArrayInTable(CommonLivestock_SourceData.SourceData_Livestock_Common_SymbolsMMS_Data(), Table_Data_MMSSymbols[[#Headers],[Symbol]], 0)} -> Manure stored in house (m=11b)
A25: =HYPERLINK("#'Calcs - Residue mgmt - Crop'!A1", "Residue management - Crop") -> Residue management - Crop | D25: {=Common_InputFunctions.Utility_DisplayArrayInTable(CommonLivestock_SourceData.SourceData_Livestock_Common_SymbolsMMS_Data(), Table_Data_MMSSymbols[[#Headers],[Symbol]], 0)} -> 12 | E25: {=Common_InputFunctions.Utility_DisplayArrayInTable(CommonLivestock_SourceData.SourceData_Livestock_Common_SymbolsMMS_Data(), Table_Data_MMSSymbols[[#Headers],[Symbol]], 0)} -> Direct processing | F25: {=Common_InputFunctions.Utility_DisplayArrayInTable(CommonLivestock_SourceData.SourceData_Livestock_Common_SymbolsMMS_Data(), Table_Data_MMSSymbols[[#Headers],[Symbol]], 0)} -> Direct processing (m=12)
A26: =HYPERLINK("#'Calcs - Residue mgmt - Pasture'!A1", "Residue management - Pasture") -> Residue management - Pasture | D26: {=Common_InputFunctions.Utility_DisplayArrayInTable(CommonLivestock_SourceData.SourceData_Livestock_Common_SymbolsMMS_Data(), Table_Data_MMSSymbols[[#Headers],[Symbol]], 0)} -> 13 | E26: {=Common_InputFunctions.Utility_DisplayArrayInTable(CommonLivestock_SourceData.SourceData_Livestock_Common_SymbolsMMS_Data(), Table_Data_MMSSymbols[[#Headers],[Symbol]], 0)} -> Direct application | F26: {=Common_InputFunctions.Utility_DisplayArrayInTable(CommonLivestock_SourceData.SourceData_Livestock_Common_SymbolsMMS_Data(), Table_Data_MMSSymbols[[#Headers],[Symbol]], 0)} -> Direct application (m=13)
A27: =HYPERLINK("#'Calcs - Field burning'!A1", "Field burning - Crop") -> Field burning - Crop | D27: {=Common_InputFunctions.Utility_DisplayArrayInTable(CommonLivestock_SourceData.SourceData_Livestock_Common_SymbolsMMS_Data(), Table_Data_MMSSymbols[[#Headers],[Symbol]], 0)} -> 14 | E27: {=Common_InputFunctions.Utility_DisplayArrayInTable(CommonLivestock_SourceData.SourceData_Livestock_Common_SymbolsMMS_Data(), Table_Data_MMSSymbols[[#Headers],[Symbol]], 0)} -> Pasture range and paddock | F27: {=Common_InputFunctions.Utility_DisplayArrayInTable(CommonLivestock_SourceData.SourceData_Livestock_Common_SymbolsMMS_Data(), Table_Data_MMSSymbols[[#Headers],[Symbol]], 0)} -> Pasture range and paddock (m=14)
A28: =HYPERLINK("#'Calcs - Fuel'!A1", "Fuel") -> Fuel
A29: =HYPERLINK("#'Calcs - Electricity'!A1", "Electricity") -> Electricity
A30: =HYPERLINK("#'Calcs - Refrigerants'!A1", "Refrigerants") -> Refrigerants
A31: Waste
A32: Freight and transport
A33: =HYPERLINK("#'Calcs - Scope 3'!A1", "Purchased goods scope 3") -> Purchased goods scope 3
A35: APPENDICES
A36: =HYPERLINK("#'Constants - Common'!A1", "Constants - Common") -> Constants - Common
A37: =HYPERLINK("#'Constants - Cropping'!A1", "Constants - Cropping") -> Constants - Cropping
A38: =HYPERLINK("#'Constants - Livestock'!A1", "Constants - Livestock") -> Constants - Livestock
A39: =HYPERLINK("#'Constants - Dairy'!A1", "Constants - Dairy") -> Constants - Dairy
A40: Sources & acknowledgements

Sheet Acknowledgements
A1: Acknowledgements

Sheet Constants - Common
A1: #VALUE! | C1: Constants - Common
D5: {=Common_SourceData.Common_SourceData_AustralianStatesTerritories_Title()} -> Australian states and territories
D6: State/Territory | E6: Common Name | F6: Abbreviation
D7: {=Common_InputFunctions.Utility_DisplayArrayInTable(Common_SourceData.Common_SourceData_AustralianStatesTerritories_Data(),Table_AustralianStates[[#Headers],[State/Territory]],0)} -> New South Wales | E7: {=Common_InputFunctions.Utility_DisplayArrayInTable(Common_SourceData.Common_SourceData_AustralianStatesTerritories_Data(),Table_AustralianStates[[#Headers],[State/Territory]],0)} -> New South Wales | F7: {=Common_InputFunctions.Utility_DisplayArrayInTable(Common_SourceData.Common_SourceData_AustralianStatesTerritories_Data(),Table_AustralianStates[[#Headers],[State/Territory]],0)} -> NSW
D8: {=Common_InputFunctions.Utility_DisplayArrayInTable(Common_SourceData.Common_SourceData_AustralianStatesTerritories_Data(),Table_AustralianStates[[#Headers],[State/Territory]],0)} -> Australian Capital Territory | E8: {=Common_InputFunctions.Utility_DisplayArrayInTable(Common_SourceData.Common_SourceData_AustralianStatesTerritories_Data(),Table_AustralianStates[[#Headers],[State/Territory]],0)} -> ACT | F8: {=Common_InputFunctions.Utility_DisplayArrayInTable(Common_SourceData.Common_SourceData_AustralianStatesTerritories_Data(),Table_AustralianStates[[#Headers],[State/Territory]],0)} -> ACT
D9: {=Common_InputFunctions.Utility_DisplayArrayInTable(Common_SourceData.Common_SourceData_AustralianStatesTerritories_Data(),Table_AustralianStates[[#Headers],[State/Territory]],0)} -> Victoria | E9: {=Common_InputFunctions.Utility_DisplayArrayInTable(Common_SourceData.Common_SourceData_AustralianStatesTerritories_Data(),Table_AustralianStates[[#Headers],[State/Territory]],0)} -> Victoria | F9: {=Common_InputFunctions.Utility_DisplayArrayInTable(Common_SourceData.Common_SourceData_AustralianStatesTerritories_Data(),Table_AustralianStates[[#Headers],[State/Territory]],0)} -> VIC
D10: {=Common_InputFunctions.Utility_DisplayArrayInTable(Common_SourceData.Common_SourceData_AustralianStatesTerritories_Data(),Table_AustralianStates[[#Headers],[State/Territory]],0)} -> Queensland | E10: {=Common_InputFunctions.Utility_DisplayArrayInTable(Common_SourceData.Common_SourceData_AustralianStatesTerritories_Data(),Table_AustralianStates[[#Headers],[State/Territory]],0)} -> Queensland | F10: {=Common_InputFunctions.Utility_DisplayArrayInTable(Common_SourceData.Common_SourceData_AustralianStatesTerritories_Data(),Table_AustralianStates[[#Headers],[State/Territory]],0)} -> QLD
D11: {=Common_InputFunctions.Utility_DisplayArrayInTable(Common_SourceData.Common_SourceData_AustralianStatesTerritories_Data(),Table_AustralianStates[[#Headers],[State/Territory]],0)} -> South Australia | E11: {=Common_InputFunctions.Utility_DisplayArrayInTable(Common_SourceData.Common_SourceData_AustralianStatesTerritories_Data(),Table_AustralianStates[[#Headers],[State/Territory]],0)} -> South Australia | F11: {=Common_InputFunctions.Utility_DisplayArrayInTable(Common_SourceData.Common_SourceData_AustralianStatesTerritories_Data(),Table_AustralianStates[[#Headers],[State/Territory]],0)} -> SA
D12: {=Common_InputFunctions.Utility_DisplayArrayInTable(Common_SourceData.Common_SourceData_AustralianStatesTerritories_Data(),Table_AustralianStates[[#Headers],[State/Territory]],0)} -> Western Australia | E12: {=Common_InputFunctions.Utility_DisplayArrayInTable(Common_SourceData.Common_SourceData_AustralianStatesTerritories_Data(),Table_AustralianStates[[#Headers],[State/Territory]],0)} -> Western Australia | F12: {=Common_InputFunctions.Utility_DisplayArrayInTable(Common_SourceData.Common_SourceData_AustralianStatesTerritories_Data(),Table_AustralianStates[[#Headers],[State/Territory]],0)} -> WA
D13: {=Common_InputFunctions.Utility_DisplayArrayInTable(Common_SourceData.Common_SourceData_AustralianStatesTerritories_Data(),Table_AustralianStates[[#Headers],[State/Territory]],0)} -> Tasmania | E13: {=Common_InputFunctions.Utility_DisplayArrayInTable(Common_SourceData.Common_SourceData_AustralianStatesTerritories_Data(),Table_AustralianStates[[#Headers],[State/Territory]],0)} -> Tasmania | F13: {=Common_InputFunctions.Utility_DisplayArrayInTable(Common_SourceData.Common_SourceData_AustralianStatesTerritories_Data(),Table_AustralianStates[[#Headers],[State/Territory]],0)} -> TAS
D14: {=Common_InputFunctions.Utility_DisplayArrayInTable(Common_SourceData.Common_SourceData_AustralianStatesTerritories_Data(),Table_AustralianStates[[#Headers],[State/Territory]],0)} -> Northern Territory | E14: {=Common_InputFunctions.Utility_DisplayArrayInTable(Common_SourceData.Common_SourceData_AustralianStatesTerritories_Data(),Table_AustralianStates[[#Headers],[State/Territory]],0)} -> Northern Territory | F14: {=Common_InputFunctions.Utility_DisplayArrayInTable(Common_SourceData.Common_SourceData_AustralianStatesTerritories_Data(),Table_AustralianStates[[#Headers],[State/Territory]],0)} -> NT
D18: {=Common_SourceData.Common_SourceData_WASA4Areas_Title()} -> ABS Statistcal Areas Level 4 - Western Australia
D19: {=Common_SourceData.Common_SourceData_WASA4Areas_Source()} -> Australian Bureau of Statistics (ABS) - Statistical Areas Level 2 - 2021 - Shapefile
D20: SA 4 Name
D21: {=Common_InputFunctions.Utility_DisplayArrayInTable(Common_SourceData.Common_SourceData_WASA4Areas_Data(), Table_WASA4Areas[[#Headers],[SA 4 Name]], 0)} -> Bunbury
D22: {=Common_InputFunctions.Utility_DisplayArrayInTable(Common_SourceData.Common_SourceData_WASA4Areas_Data(), Table_WASA4Areas[[#Headers],[SA 4 Name]], 0)} -> Mandurah
D23: {=Common_InputFunctions.Utility_DisplayArrayInTable(Common_SourceData.Common_SourceData_WASA4Areas_Data(), Table_WASA4Areas[[#Headers],[SA 4 Name]], 0)} -> Perth - Inner
D24: {=Common_InputFunctions.Utility_DisplayArrayInTable(Common_SourceData.Common_SourceData_WASA4Areas_Data(), Table_WASA4Areas[[#Headers],[SA 4 Name]], 0)} -> Perth - North East
D25: {=Common_InputFunctions.Utility_DisplayArrayInTable(Common_SourceData.Common_SourceData_WASA4Areas_Data(), Table_WASA4Areas[[#Headers],[SA 4 Name]], 0)} -> Perth - North West
D26: {=Common_InputFunctions.Utility_DisplayArrayInTable(Common_SourceData.Common_SourceData_WASA4Areas_Data(), Table_WASA4Areas[[#Headers],[SA 4 Name]], 0)} -> Perth - South East
D27: {=Common_InputFunctions.Utility_DisplayArrayInTable(Common_SourceData.Common_SourceData_WASA4Areas_Data(), Table_WASA4Areas[[#Headers],[SA 4 Name]], 0)} -> Perth - South West
D28: {=Common_InputFunctions.Utility_DisplayArrayInTable(Common_SourceData.Common_SourceData_WASA4Areas_Data(), Table_WASA4Areas[[#Headers],[SA 4 Name]], 0)} -> Western Australia - Wheat Belt
D29: {=Common_InputFunctions.Utility_DisplayArrayInTable(Common_SourceData.Common_SourceData_WASA4Areas_Data(), Table_WASA4Areas[[#Headers],[SA 4 Name]], 0)} -> Western Australia - Outback (North)
D30: {=Common_InputFunctions.Utility_DisplayArrayInTable(Common_SourceData.Common_SourceData_WASA4Areas_Data(), Table_WASA4Areas[[#Headers],[SA 4 Name]], 0)} -> Western Australia - Outback (South)
D34: {=Common_SourceData.Common_SourceData_GWP_Title()} -> Global warming potential for greenhouse gases
D35: {=Common_SourceData.Common_SourceData_GWP_Source()} -> XXXXXXX
D36: Gas | E36: CO2-e factor
D37: {=Common_InputFunctions.Utility_DisplayArrayInTable(Common_SourceData.Common_SourceData_GWP_Data(), Table_GWPData[[#Headers],[Gas]], 0)} -> CO2 | E37: {=Common_InputFunctions.Utility_DisplayArrayInTable(Common_SourceData.Common_SourceData_GWP_Data(), Table_GWPData[[#Headers],[Gas]], 0)} -> 1
D38: {=Common_InputFunctions.Utility_DisplayArrayInTable(Common_SourceData.Common_SourceData_GWP_Data(), Table_GWPData[[#Headers],[Gas]], 0)} -> CH4 | E38: {=Common_InputFunctions.Utility_DisplayArrayInTable(Common_SourceData.Common_SourceData_GWP_Data(), Table_GWPData[[#Headers],[Gas]], 0)} -> 28
D39: {=Common_InputFunctions.Utility_DisplayArrayInTable(Common_SourceData.Common_SourceData_GWP_Data(), Table_GWPData[[#Headers],[Gas]], 0)} -> N2O | E39: {=Common_InputFunctions.Utility_DisplayArrayInTable(Common_SourceData.Common_SourceData_GWP_Data(), Table_GWPData[[#Headers],[Gas]], 0)} -> 265
D40: {=Common_InputFunctions.Utility_DisplayArrayInTable(Common_SourceData.Common_SourceData_GWP_Data(), Table_GWPData[[#Headers],[Gas]], 0)} -> CF4 | E40: {=Common_InputFunctions.Utility_DisplayArrayInTable(Common_SourceData.Common_SourceData_GWP_Data(), Table_GWPData[[#Headers],[Gas]], 0)} -> 6630
D41: {=Common_InputFunctions.Utility_DisplayArrayInTable(Common_SourceData.Common_SourceData_GWP_Data(), Table_GWPData[[#Headers],[Gas]], 0)} -> C2F6 | E41: {=Common_InputFunctions.Utility_DisplayArrayInTable(Common_SourceData.Common_SourceData_GWP_Data(), Table_GWPData[[#Headers],[Gas]], 0)} -> 12200
D42: {=Common_InputFunctions.Utility_DisplayArrayInTable(Common_SourceData.Common_SourceData_GWP_Data(), Table_GWPData[[#Headers],[Gas]], 0)} -> SF6 | E42: {=Common_InputFunctions.Utility_DisplayArrayInTable(Common_SourceData.Common_SourceData_GWP_Data(), Table_GWPData[[#Headers],[Gas]], 0)} -> 22800
D43: {=Common_InputFunctions.Utility_DisplayArrayInTable(Common_SourceData.Common_SourceData_GWP_Data(), Table_GWPData[[#Headers],[Gas]], 0)} -> NF3 | E43: {=Common_InputFunctions.Utility_DisplayArrayInTable(Common_SourceData.Common_SourceData_GWP_Data(), Table_GWPData[[#Headers],[Gas]], 0)} -> 17200
D45: {=Common_SourceData.Common_SourceData_ConvertGasElementalToMolecular_Title()} -> Factor to convert elemental mass of gas to molecular mass
D46: {=Common_SourceData.Common_SourceData_ConvertGasElementalToMolecular_Source()} -> XXXXXXX
D47: Gas | E47: Conversion factor | F47: Conversion factor 1 | G47: Conversion factor 2 | H47: Conversion factor combined
D48: {=Common_InputFunctions.Utility_DisplayArrayInTable(Common_SourceData.Common_SourceData_ConvertGasElementalToMolecular_Data(),Table_GasToMolecularConversionFactor[[#Headers],[Gas]], 0)} -> CO2 | E48: {=Common_InputFunctions.Utility_DisplayArrayInTable(Common_SourceData.Common_SourceData_ConvertGasElementalToMolecular_Data(),Table_GasToMolecularConversionFactor[[#Headers],[Gas]], 0)} -> 44/12 | F48: {=Common_InputFunctions.Utility_DisplayArrayInTable(Common_SourceData.Common_SourceData_ConvertGasElementalToMolecular_Data(),Table_GasToMolecularConversionFactor[[#Headers],[Gas]], 0)} -> 44 | G48: {=Common_InputFunctions.Utility_DisplayArrayInTable(Common_SourceData.Common_SourceData_ConvertGasElementalToMolecular_Data(),Table_GasToMolecularConversionFactor[[#Headers],[Gas]], 0)} -> 12 | H48: =Table_GasToMolecularConversionFactor[[#This Row],[Conversion factor 1]]/Table_GasToMolecularConversionFactor[[#This Row],[Conversion factor 2]] -> 3.6666667
D49: {=Common_InputFunctions.Utility_DisplayArrayInTable(Common_SourceData.Common_SourceData_ConvertGasElementalToMolecular_Data(),Table_GasToMolecularConversionFactor[[#Headers],[Gas]], 0)} -> CH4 | E49: {=Common_InputFunctions.Utility_DisplayArrayInTable(Common_SourceData.Common_SourceData_ConvertGasElementalToMolecular_Data(),Table_GasToMolecularConversionFactor[[#Headers],[Gas]], 0)} -> 16/12 | F49: {=Common_InputFunctions.Utility_DisplayArrayInTable(Common_SourceData.Common_SourceData_ConvertGasElementalToMolecular_Data(),Table_GasToMolecularConversionFactor[[#Headers],[Gas]], 0)} -> 16 | G49: {=Common_InputFunctions.Utility_DisplayArrayInTable(Common_SourceData.Common_SourceData_ConvertGasElementalToMolecular_Data(),Table_GasToMolecularConversionFactor[[#Headers],[Gas]], 0)} -> 12 | H49: =Table_GasToMolecularConversionFactor[[#This Row],[Conversion factor 1]]/Table_GasToMolecularConversionFactor[[#This Row],[Conversion factor 2]] -> 1.3333333
D50: {=Common_InputFunctions.Utility_DisplayArrayInTable(Common_SourceData.Common_SourceData_ConvertGasElementalToMolecular_Data(),Table_GasToMolecularConversionFactor[[#Headers],[Gas]], 0)} -> N2O | E50: {=Common_InputFunctions.Utility_DisplayArrayInTable(Common_SourceData.Common_SourceData_ConvertGasElementalToMolecular_Data(),Table_GasToMolecularConversionFactor[[#Headers],[Gas]], 0)} -> 44/28 | F50: {=Common_InputFunctions.Utility_DisplayArrayInTable(Common_SourceData.Common_SourceData_ConvertGasElementalToMolecular_Data(),Table_GasToMolecularConversionFactor[[#Headers],[Gas]], 0)} -> 44 | G50: {=Common_InputFunctions.Utility_DisplayArrayInTable(Common_SourceData.Common_SourceData_ConvertGasElementalToMolecular_Data(),Table_GasToMolecularConversionFactor[[#Headers],[Gas]], 0)} -> 28 | H50: =Table_GasToMolecularConversionFactor[[#This Row],[Conversion factor 1]]/Table_GasToMolecularConversionFactor[[#This Row],[Conversion factor 2]] -> 1.5714286
D51: {=Common_InputFunctions.Utility_DisplayArrayInTable(Common_SourceData.Common_SourceData_ConvertGasElementalToMolecular_Data(),Table_GasToMolecularConversionFactor[[#Headers],[Gas]], 0)} -> Nox | E51: {=Common_InputFunctions.Utility_DisplayArrayInTable(Common_SourceData.Common_SourceData_ConvertGasElementalToMolecular_Data(),Table_GasToMolecularConversionFactor[[#Headers],[Gas]], 0)} -> 46/14 | F51: {=Common_InputFunctions.Utility_DisplayArrayInTable(Common_SourceData.Common_SourceData_ConvertGasElementalToMolecular_Data(),Table_GasToMolecularConversionFactor[[#Headers],[Gas]], 0)} -> 46 | G51: {=Common_InputFunctions.Utility_DisplayArrayInTable(Common_SourceData.Common_SourceData_ConvertGasElementalToMolecular_Data(),Table_GasToMolecularConversionFactor[[#Headers],[Gas]], 0)} -> 14 | H51: =Table_GasToMolecularConversionFactor[[#This Row],[Conversion factor 1]]/Table_GasToMolecularConversionFactor[[#This Row],[Conversion factor 2]] -> 3.2857143
D52: {=Common_InputFunctions.Utility_DisplayArrayInTable(Common_SourceData.Common_SourceData_ConvertGasElementalToMolecular_Data(),Table_GasToMolecularConversionFactor[[#Headers],[Gas]], 0)} -> CO | E52: {=Common_InputFunctions.Utility_DisplayArrayInTable(Common_SourceData.Common_SourceData_ConvertGasElementalToMolecular_Data(),Table_GasToMolecularConversionFactor[[#Headers],[Gas]], 0)} -> 28/12 | F52: {=Common_InputFunctions.Utility_DisplayArrayInTable(Common_SourceData.Common_SourceData_ConvertGasElementalToMolecular_Data(),Table_GasToMolecularConversionFactor[[#Headers],[Gas]], 0)} -> 28 | G52: {=Common_InputFunctions.Utility_DisplayArrayInTable(Common_SourceData.Common_SourceData_ConvertGasElementalToMolecular_Data(),Table_GasToMolecularConversionFactor[[#Headers],[Gas]], 0)} -> 12 | H52: =Table_GasToMolecularConversionFactor[[#This Row],[Conversion factor 1]]/Table_GasToMolecularConversionFactor[[#This Row],[Conversion factor 2]] -> 2.3333333
D53: {=Common_InputFunctions.Utility_DisplayArrayInTable(Common_SourceData.Common_SourceData_ConvertGasElementalToMolecular_Data(),Table_GasToMolecularConversionFactor[[#Headers],[Gas]], 0)} -> CO2 Lime | E53: {=Common_InputFunctions.Utility_DisplayArrayInTable(Common_SourceData.Common_SourceData_ConvertGasElementalToMolecular_Data(),Table_GasToMolecularConversionFactor[[#Headers],[Gas]], 0)} -> 44/12 | F53: {=Common_InputFunctions.Utility_DisplayArrayInTable(Common_SourceData.Common_SourceData_ConvertGasElementalToMolecular_Data(),Table_GasToMolecularConversionFactor[[#Headers],[Gas]], 0)} -> 44 | G53: {=Common_InputFunctions.Utility_DisplayArrayInTable(Common_SourceData.Common_SourceData_ConvertGasElementalToMolecular_Data(),Table_GasToMolecularConversionFactor[[#Headers],[Gas]], 0)} -> 12 | H53: =Table_GasToMolecularConversionFactor[[#This Row],[Conversion factor 1]]/Table_GasToMolecularConversionFactor[[#This Row],[Conversion factor 2]] -> 3.6666667
D54: {=Common_InputFunctions.Utility_DisplayArrayInTable(Common_SourceData.Common_SourceData_ConvertGasElementalToMolecular_Data(),Table_GasToMolecularConversionFactor[[#Headers],[Gas]], 0)} -> NMVOC | E54: {=Common_InputFunctions.Utility_DisplayArrayInTable(Common_SourceData.Common_SourceData_ConvertGasElementalToMolecular_Data(),Table_GasToMolecularConversionFactor[[#Headers],[Gas]], 0)} -> 14/12 | F54: {=Common_InputFunctions.Utility_DisplayArrayInTable(Common_SourceData.Common_SourceData_ConvertGasElementalToMolecular_Data(),Table_GasToMolecularConversionFactor[[#Headers],[Gas]], 0)} -> 14 | G54: {=Common_InputFunctions.Utility_DisplayArrayInTable(Common_SourceData.Common_SourceData_ConvertGasElementalToMolecular_Data(),Table_GasToMolecularConversionFactor[[#Headers],[Gas]], 0)} -> 12 | H54: =Table_GasToMolecularConversionFactor[[#This Row],[Conversion factor 1]]/Table_GasToMolecularConversionFactor[[#This Row],[Conversion factor 2]] -> 1.1666667
D57: {=Common_SourceData.Common_SourceData_WetAndDryZones_Title()} -> VEERG Australian wet and dry zones
D58: {=Common_SourceData.Common_SourceData_WetAndDryZones_Source()} -> VEERG 2026: Table 1.2: Translating climate zones to wet and dry zones
D59: {="⚠️" & Common_SourceData.Common_SourceData_WetAndDryZones_Variation()} -> ⚠️VARIATION OF SOURCE DATA:
D60: ⚠️Added warm / cool temperate moist / dry - low frost and high temp classes to accommodate climate scenarios excluded by VEERG criteria.
D61: ⚠️Fixed typo - Changed 'Fry' to 'Dry'.
D63: Climate zone | E63: Wet or Dry Zone
D64: {=Common_InputFunctions.Utility_DisplayArrayInTable(Common_SourceData.Common_SourceData_WetAndDryZones_Data(), Table_SourceData_WetDryZones[[#Headers],[Climate zone]], 0)} -> Tropical montane | E64: {=Common_InputFunctions.Utility_DisplayArrayInTable(Common_SourceData.Common_SourceData_WetAndDryZones_Data(), Table_SourceData_WetDryZones[[#Headers],[Climate zone]], 0)} -> Wet climate zone
D65: {=Common_InputFunctions.Utility_DisplayArrayInTable(Common_SourceData.Common_SourceData_WetAndDryZones_Data(), Table_SourceData_WetDryZones[[#Headers],[Climate zone]], 0)} -> Tropical wet | E65: {=Common_InputFunctions.Utility_DisplayArrayInTable(Common_SourceData.Common_SourceData_WetAndDryZones_Data(), Table_SourceData_WetDryZones[[#Headers],[Climate zone]], 0)} -> Wet climate zone
D66: {=Common_InputFunctions.Utility_DisplayArrayInTable(Common_SourceData.Common_SourceData_WetAndDryZones_Data(), Table_SourceData_WetDryZones[[#Headers],[Climate zone]], 0)} -> Tropical moist | E66: {=Common_InputFunctions.Utility_DisplayArrayInTable(Common_SourceData.Common_SourceData_WetAndDryZones_Data(), Table_SourceData_WetDryZones[[#Headers],[Climate zone]], 0)} -> Wet climate zone
D67: {=Common_InputFunctions.Utility_DisplayArrayInTable(Common_SourceData.Common_SourceData_WetAndDryZones_Data(), Table_SourceData_WetDryZones[[#Headers],[Climate zone]], 0)} -> Tropical dry | E67: {=Common_InputFunctions.Utility_DisplayArrayInTable(Common_SourceData.Common_SourceData_WetAndDryZones_Data(), Table_SourceData_WetDryZones[[#Headers],[Climate zone]], 0)} -> Dry climate zone
D68: {=Common_InputFunctions.Utility_DisplayArrayInTable(Common_SourceData.Common_SourceData_WetAndDryZones_Data(), Table_SourceData_WetDryZones[[#Headers],[Climate zone]], 0)} -> Warm temperate moist | E68: {=Common_InputFunctions.Utility_DisplayArrayInTable(Common_SourceData.Common_SourceData_WetAndDryZones_Data(), Table_SourceData_WetDryZones[[#Headers],[Climate zone]], 0)} -> Wet climate zone
D69: {=Common_InputFunctions.Utility_DisplayArrayInTable(Common_SourceData.Common_SourceData_WetAndDryZones_Data(), Table_SourceData_WetDryZones[[#Headers],[Climate zone]], 0)} -> Warm temperate dry | E69: {=Common_InputFunctions.Utility_DisplayArrayInTable(Common_SourceData.Common_SourceData_WetAndDryZones_Data(), Table_SourceData_WetDryZones[[#Headers],[Climate zone]], 0)} -> Dry climate zone
D70: {=Common_InputFunctions.Utility_DisplayArrayInTable(Common_SourceData.Common_SourceData_WetAndDryZones_Data(), Table_SourceData_WetDryZones[[#Headers],[Climate zone]], 0)} -> Cool temperate moist | E70: {=Common_InputFunctions.Utility_DisplayArrayInTable(Common_SourceData.Common_SourceData_WetAndDryZones_Data(), Table_SourceData_WetDryZones[[#Headers],[Climate zone]], 0)} -> Wet climate zone
D71: {=Common_InputFunctions.Utility_DisplayArrayInTable(Common_SourceData.Common_SourceData_WetAndDryZones_Data(), Table_SourceData_WetDryZones[[#Headers],[Climate zone]], 0)} -> Cool temperate dry | E71: {=Common_InputFunctions.Utility_DisplayArrayInTable(Common_SourceData.Common_SourceData_WetAndDryZones_Data(), Table_SourceData_WetDryZones[[#Headers],[Climate zone]], 0)} -> Dry climate zone
D72: {=Common_InputFunctions.Utility_DisplayArrayInTable(Common_SourceData.Common_SourceData_WetAndDryZones_Data(), Table_SourceData_WetDryZones[[#Headers],[Climate zone]], 0)} -> Warm temperate moist - low frost | E72: {=Common_InputFunctions.Utility_DisplayArrayInTable(Common_SourceData.Common_SourceData_WetAndDryZones_Data(), Table_SourceData_WetDryZones[[#Headers],[Climate zone]], 0)} -> Wet climate zone
D73: {=Common_InputFunctions.Utility_DisplayArrayInTable(Common_SourceData.Common_SourceData_WetAndDryZones_Data(), Table_SourceData_WetDryZones[[#Headers],[Climate zone]], 0)} -> Warm temperate dry - low frost | E73: {=Common_InputFunctions.Utility_DisplayArrayInTable(Common_SourceData.Common_SourceData_WetAndDryZones_Data(), Table_SourceData_WetDryZones[[#Headers],[Climate zone]], 0)} -> Dry climate zone
D74: {=Common_InputFunctions.Utility_DisplayArrayInTable(Common_SourceData.Common_SourceData_WetAndDryZones_Data(), Table_SourceData_WetDryZones[[#Headers],[Climate zone]], 0)} -> Warm temperate moist - high temp | E74: {=Common_InputFunctions.Utility_DisplayArrayInTable(Common_SourceData.Common_SourceData_WetAndDryZones_Data(), Table_SourceData_WetDryZones[[#Headers],[Climate zone]], 0)} -> Wet climate zone
D75: {=Common_InputFunctions.Utility_DisplayArrayInTable(Common_SourceData.Common_SourceData_WetAndDryZones_Data(), Table_SourceData_WetDryZones[[#Headers],[Climate zone]], 0)} -> Warm temperate dry - high temp | E75: {=Common_InputFunctions.Utility_DisplayArrayInTable(Common_SourceData.Common_SourceData_WetAndDryZones_Data(), Table_SourceData_WetDryZones[[#Headers],[Climate zone]], 0)} -> Dry climate zone
... D77: {=Common_InputFunctions.Utility_DisplayArrayInTable(Common_SourceData.Common_SourceData_WetAndDryZones_Data(), Table_SourceData_WetDryZones[[#Headers],[Climate zone]], 0)} -> Cool temperate dry - low frost | E77: {=Common_InputFunctions.Utility_DisplayArrayInTable(Common_SourceData.Common_SourceData_WetAndDryZones_Data(), Table_SourceData_WetDryZones[[#Headers],[Climate zone]], 0)} -> Dry climate zone
D81: {=Common_SourceData.Common_SourceData_ClimateZones_Title()} -> VEERG Australian climate zones
D82: {=Common_SourceData.Common_SourceData_ClimateZones_Source()} -> VEERG 2026: Table 1.3: Climate and Rainfall zone classifications and definitions
D83: {="⚠️" & Common_SourceData.Common_SourceData_ClimateZones_Variation()} -> ⚠️VARIATION OF SOURCE DATA:
D84: ⚠️Added warm / cool temperate moist / dry - low frost and high temp classes to accommodate climate scenarios excluded by VEERG criteria.
D85: ⚠️Fixed typo in MAT value for warm temperate dry - changed 10 to 11.
D86: ⚠️Added min and max columns for MAT, MAP, frost days per year, elevation, MAP:PET to calculate zones from real climate data.
D87: ⚠️GAF accepts rainfall as a proxy for precipitation.
D89: Climate zone | E89: MAT | F89: MAP | G89: Frost days per year | H89: Elevation | I89: MAP:PET | J89: Min temp | K89: Max temp | L89: Min rainfall | M89: Max rainfall | N89: Min frost days | O89: Max frost days | P89: Min elevation | Q89: Max elevation | R89: Min MAP:PET | S89: Max MAP:PET
D90: {=Common_InputFunctions.Utility_DisplayArrayInTable(Common_SourceData.Common_SourceData_ClimateZones_Data(), Table_SourceData_ClimateZones[[#Headers],[Climate zone]], 0)} -> Tropical montane | E90: {=Common_InputFunctions.Utility_DisplayArrayInTable(Common_SourceData.Common_SourceData_ClimateZones_Data(), Table_SourceData_ClimateZones[[#Headers],[Climate zone]], 0)} -> > 18 C | F90: {=Common_InputFunctions.Utility_DisplayArrayInTable(Common_SourceData.Common_SourceData_ClimateZones_Data(), Table_SourceData_ClimateZones[[#Headers],[Climate zone]], 0)} -> Any | G90: {=Common_InputFunctions.Utility_DisplayArrayInTable(Common_SourceData.Common_SourceData_ClimateZones_Data(), Table_SourceData_ClimateZones[[#Headers],[Climate zone]], 0)} -> ≤ 7 | H90: {=Common_InputFunctions.Utility_DisplayArrayInTable(Common_SourceData.Common_SourceData_ClimateZones_Data(), Table_SourceData_ClimateZones[[#Headers],[Climate zone]], 0)} -> > 1000 m | I90: {=Common_InputFunctions.Utility_DisplayArrayInTable(Common_SourceData.Common_SourceData_ClimateZones_Data(), Table_SourceData_ClimateZones[[#Headers],[Climate zone]], 0)} -> Any | J90: {=Common_InputFunctions.Utility_DisplayArrayInTable(Common_SourceData.Common_SourceData_ClimateZones_Data(), Table_SourceData_ClimateZones[[#Headers],[Climate zone]], 0)} -> 18.001 | K90: {=Common_InputFunctions.Utility_DisplayArrayInTable(Common_SourceData.Common_SourceData_ClimateZones_Data(), Table_SourceData_ClimateZones[[#Headers],[Climate zone]], 0)} -> 999999 | ... S90: {=Common_InputFunctions.Utility_DisplayArrayInTable(Common_SourceData.Common_SourceData_ClimateZones_Data(), Table_SourceData_ClimateZones[[#Headers],[Climate zone]], 0)} -> 999999
D91: {=Common_InputFunctions.Utility_DisplayArrayInTable(Common_SourceData.Common_SourceData_ClimateZones_Data(), Table_SourceData_ClimateZones[[#Headers],[Climate zone]], 0)} -> Tropical wet | E91: {=Common_InputFunctions.Utility_DisplayArrayInTable(Common_SourceData.Common_SourceData_ClimateZones_Data(), Table_SourceData_ClimateZones[[#Headers],[Climate zone]], 0)} -> > 18 C | F91: {=Common_InputFunctions.Utility_DisplayArrayInTable(Common_SourceData.Common_SourceData_ClimateZones_Data(), Table_SourceData_ClimateZones[[#Headers],[Climate zone]], 0)} -> > 2000 mm | G91: {=Common_InputFunctions.Utility_DisplayArrayInTable(Common_SourceData.Common_SourceData_ClimateZones_Data(), Table_SourceData_ClimateZones[[#Headers],[Climate zone]], 0)} -> ≤ 7 | H91: {=Common_InputFunctions.Utility_DisplayArrayInTable(Common_SourceData.Common_SourceData_ClimateZones_Data(), Table_SourceData_ClimateZones[[#Headers],[Climate zone]], 0)} -> ≤ 1000 m | I91: {=Common_InputFunctions.Utility_DisplayArrayInTable(Common_SourceData.Common_SourceData_ClimateZones_Data(), Table_SourceData_ClimateZones[[#Headers],[Climate zone]], 0)} -> Any | J91: {=Common_InputFunctions.Utility_DisplayArrayInTable(Common_SourceData.Common_SourceData_ClimateZones_Data(), Table_SourceData_ClimateZones[[#Headers],[Climate zone]], 0)} -> 18.001 | K91: {=Common_InputFunctions.Utility_DisplayArrayInTable(Common_SourceData.Common_SourceData_ClimateZones_Data(), Table_SourceData_ClimateZones[[#Headers],[Climate zone]], 0)} -> 999999 | ... S91: {=Common_InputFunctions.Utility_DisplayArrayInTable(Common_SourceData.Common_SourceData_ClimateZones_Data(), Table_SourceData_ClimateZones[[#Headers],[Climate zone]], 0)} -> 999999
D92: {=Common_InputFunctions.Utility_DisplayArrayInTable(Common_SourceData.Common_SourceData_ClimateZones_Data(), Table_SourceData_ClimateZones[[#Headers],[Climate zone]], 0)} -> Tropical moist | E92: {=Common_InputFunctions.Utility_DisplayArrayInTable(Common_SourceData.Common_SourceData_ClimateZones_Data(), Table_SourceData_ClimateZones[[#Headers],[Climate zone]], 0)} -> > 18 C | F92: {=Common_InputFunctions.Utility_DisplayArrayInTable(Common_SourceData.Common_SourceData_ClimateZones_Data(), Table_SourceData_ClimateZones[[#Headers],[Climate zone]], 0)} -> > 1000 mm - ≤ 2000 mm | G92: {=Common_InputFunctions.Utility_DisplayArrayInTable(Common_SourceData.Common_SourceData_ClimateZones_Data(), Table_SourceData_ClimateZones[[#Headers],[Climate zone]], 0)} -> ≤ 7 | H92: {=Common_InputFunctions.Utility_DisplayArrayInTable(Common_SourceData.Common_SourceData_ClimateZones_Data(), Table_SourceData_ClimateZones[[#Headers],[Climate zone]], 0)} -> ≤ 1000 m | I92: {=Common_InputFunctions.Utility_DisplayArrayInTable(Common_SourceData.Common_SourceData_ClimateZones_Data(), Table_SourceData_ClimateZones[[#Headers],[Climate zone]], 0)} -> Any | J92: {=Common_InputFunctions.Utility_DisplayArrayInTable(Common_SourceData.Common_SourceData_ClimateZones_Data(), Table_SourceData_ClimateZones[[#Headers],[Climate zone]], 0)} -> 18.001 | K92: {=Common_InputFunctions.Utility_DisplayArrayInTable(Common_SourceData.Common_SourceData_ClimateZones_Data(), Table_SourceData_ClimateZones[[#Headers],[Climate zone]], 0)} -> 999999 | ... S92: {=Common_InputFunctions.Utility_DisplayArrayInTable(Common_SourceData.Common_SourceData_ClimateZones_Data(), Table_SourceData_ClimateZones[[#Headers],[Climate zone]], 0)} -> 999999
D93: {=Common_InputFunctions.Utility_DisplayArrayInTable(Common_SourceData.Common_SourceData_ClimateZones_Data(), Table_SourceData_ClimateZones[[#Headers],[Climate zone]], 0)} -> Tropical dry | E93: {=Common_InputFunctions.Utility_DisplayArrayInTable(Common_SourceData.Common_SourceData_ClimateZones_Data(), Table_SourceData_ClimateZones[[#Headers],[Climate zone]], 0)} -> > 18 C | F93: {=Common_InputFunctions.Utility_DisplayArrayInTable(Common_SourceData.Common_SourceData_ClimateZones_Data(), Table_SourceData_ClimateZones[[#Headers],[Climate zone]], 0)} -> ≤ 1000 mm | G93: {=Common_InputFunctions.Utility_DisplayArrayInTable(Common_SourceData.Common_SourceData_ClimateZones_Data(), Table_SourceData_ClimateZones[[#Headers],[Climate zone]], 0)} -> ≤ 7 | H93: {=Common_InputFunctions.Utility_DisplayArrayInTable(Common_SourceData.Common_SourceData_ClimateZones_Data(), Table_SourceData_ClimateZones[[#Headers],[Climate zone]], 0)} -> ≤ 1000 m | I93: {=Common_InputFunctions.Utility_DisplayArrayInTable(Common_SourceData.Common_SourceData_ClimateZones_Data(), Table_SourceData_ClimateZones[[#Headers],[Climate zone]], 0)} -> Any | J93: {=Common_InputFunctions.Utility_DisplayArrayInTable(Common_SourceData.Common_SourceData_ClimateZones_Data(), Table_SourceData_ClimateZones[[#Headers],[Climate zone]], 0)} -> 18.001 | K93: {=Common_InputFunctions.Utility_DisplayArrayInTable(Common_SourceData.Common_SourceData_ClimateZones_Data(), Table_SourceData_ClimateZones[[#Headers],[Climate zone]], 0)} -> 999999 | ... S93: {=Common_InputFunctions.Utility_DisplayArrayInTable(Common_SourceData.Common_SourceData_ClimateZones_Data(), Table_SourceData_ClimateZones[[#Headers],[Climate zone]], 0)} -> 999999
D94: {=Common_InputFunctions.Utility_DisplayArrayInTable(Common_SourceData.Common_SourceData_ClimateZones_Data(), Table_SourceData_ClimateZones[[#Headers],[Climate zone]], 0)} -> Warm temperate moist | E94: {=Common_InputFunctions.Utility_DisplayArrayInTable(Common_SourceData.Common_SourceData_ClimateZones_Data(), Table_SourceData_ClimateZones[[#Headers],[Climate zone]], 0)} -> > 10 C | F94: {=Common_InputFunctions.Utility_DisplayArrayInTable(Common_SourceData.Common_SourceData_ClimateZones_Data(), Table_SourceData_ClimateZones[[#Headers],[Climate zone]], 0)} -> Any | G94: {=Common_InputFunctions.Utility_DisplayArrayInTable(Common_SourceData.Common_SourceData_ClimateZones_Data(), Table_SourceData_ClimateZones[[#Headers],[Climate zone]], 0)} -> Any | H94: {=Common_InputFunctions.Utility_DisplayArrayInTable(Common_SourceData.Common_SourceData_ClimateZones_Data(), Table_SourceData_ClimateZones[[#Headers],[Climate zone]], 0)} -> Any | I94: {=Common_InputFunctions.Utility_DisplayArrayInTable(Common_SourceData.Common_SourceData_ClimateZones_Data(), Table_SourceData_ClimateZones[[#Headers],[Climate zone]], 0)} -> > 1 | J94: {=Common_InputFunctions.Utility_DisplayArrayInTable(Common_SourceData.Common_SourceData_ClimateZones_Data(), Table_SourceData_ClimateZones[[#Headers],[Climate zone]], 0)} -> 10.001 | K94: {=Common_InputFunctions.Utility_DisplayArrayInTable(Common_SourceData.Common_SourceData_ClimateZones_Data(), Table_SourceData_ClimateZones[[#Headers],[Climate zone]], 0)} -> 999999 | ... S94: {=Common_InputFunctions.Utility_DisplayArrayInTable(Common_SourceData.Common_SourceData_ClimateZones_Data(), Table_SourceData_ClimateZones[[#Headers],[Climate zone]], 0)} -> 999999
D95: {=Common_InputFunctions.Utility_DisplayArrayInTable(Common_SourceData.Common_SourceData_ClimateZones_Data(), Table_SourceData_ClimateZones[[#Headers],[Climate zone]], 0)} -> Warm temperate dry | E95: {=Common_InputFunctions.Utility_DisplayArrayInTable(Common_SourceData.Common_SourceData_ClimateZones_Data(), Table_SourceData_ClimateZones[[#Headers],[Climate zone]], 0)} -> > 10 C | F95: {=Common_InputFunctions.Utility_DisplayArrayInTable(Common_SourceData.Common_SourceData_ClimateZones_Data(), Table_SourceData_ClimateZones[[#Headers],[Climate zone]], 0)} -> Any | G95: {=Common_InputFunctions.Utility_DisplayArrayInTable(Common_SourceData.Common_SourceData_ClimateZones_Data(), Table_SourceData_ClimateZones[[#Headers],[Climate zone]], 0)} -> Any | H95: {=Common_InputFunctions.Utility_DisplayArrayInTable(Common_SourceData.Common_SourceData_ClimateZones_Data(), Table_SourceData_ClimateZones[[#Headers],[Climate zone]], 0)} -> Any | I95: {=Common_InputFunctions.Utility_DisplayArrayInTable(Common_SourceData.Common_SourceData_ClimateZones_Data(), Table_SourceData_ClimateZones[[#Headers],[Climate zone]], 0)} -> ≤ 1 | J95: {=Common_InputFunctions.Utility_DisplayArrayInTable(Common_SourceData.Common_SourceData_ClimateZones_Data(), Table_SourceData_ClimateZones[[#Headers],[Climate zone]], 0)} -> 10.001 | K95: {=Common_InputFunctions.Utility_DisplayArrayInTable(Common_SourceData.Common_SourceData_ClimateZones_Data(), Table_SourceData_ClimateZones[[#Headers],[Climate zone]], 0)} -> 999999 | ... S95: {=Common_InputFunctions.Utility_DisplayArrayInTable(Common_SourceData.Common_SourceData_ClimateZones_Data(), Table_SourceData_ClimateZones[[#Headers],[Climate zone]], 0)} -> 1
D96: {=Common_InputFunctions.Utility_DisplayArrayInTable(Common_SourceData.Common_SourceData_ClimateZones_Data(), Table_SourceData_ClimateZones[[#Headers],[Climate zone]], 0)} -> Cool temperate moist | E96: {=Common_InputFunctions.Utility_DisplayArrayInTable(Common_SourceData.Common_SourceData_ClimateZones_Data(), Table_SourceData_ClimateZones[[#Headers],[Climate zone]], 0)} -> > 0 C - ≤ 10 C | F96: {=Common_InputFunctions.Utility_DisplayArrayInTable(Common_SourceData.Common_SourceData_ClimateZones_Data(), Table_SourceData_ClimateZones[[#Headers],[Climate zone]], 0)} -> Any | G96: {=Common_InputFunctions.Utility_DisplayArrayInTable(Common_SourceData.Common_SourceData_ClimateZones_Data(), Table_SourceData_ClimateZones[[#Headers],[Climate zone]], 0)} -> Any | H96: {=Common_InputFunctions.Utility_DisplayArrayInTable(Common_SourceData.Common_SourceData_ClimateZones_Data(), Table_SourceData_ClimateZones[[#Headers],[Climate zone]], 0)} -> Any | I96: {=Common_InputFunctions.Utility_DisplayArrayInTable(Common_SourceData.Common_SourceData_ClimateZones_Data(), Table_SourceData_ClimateZones[[#Headers],[Climate zone]], 0)} -> > 1 | J96: {=Common_InputFunctions.Utility_DisplayArrayInTable(Common_SourceData.Common_SourceData_ClimateZones_Data(), Table_SourceData_ClimateZones[[#Headers],[Climate zone]], 0)} -> -999999 | K96: {=Common_InputFunctions.Utility_DisplayArrayInTable(Common_SourceData.Common_SourceData_ClimateZones_Data(), Table_SourceData_ClimateZones[[#Headers],[Climate zone]], 0)} -> 10 | ... S96: {=Common_InputFunctions.Utility_DisplayArrayInTable(Common_SourceData.Common_SourceData_ClimateZones_Data(), Table_SourceData_ClimateZones[[#Headers],[Climate zone]], 0)} -> 999999
D97: {=Common_InputFunctions.Utility_DisplayArrayInTable(Common_SourceData.Common_SourceData_ClimateZones_Data(), Table_SourceData_ClimateZones[[#Headers],[Climate zone]], 0)} -> Cool temperate dry | E97: {=Common_InputFunctions.Utility_DisplayArrayInTable(Common_SourceData.Common_SourceData_ClimateZones_Data(), Table_SourceData_ClimateZones[[#Headers],[Climate zone]], 0)} -> > 0 C - ≤ 10 C | F97: {=Common_InputFunctions.Utility_DisplayArrayInTable(Common_SourceData.Common_SourceData_ClimateZones_Data(), Table_SourceData_ClimateZones[[#Headers],[Climate zone]], 0)} -> Any | G97: {=Common_InputFunctions.Utility_DisplayArrayInTable(Common_SourceData.Common_SourceData_ClimateZones_Data(), Table_SourceData_ClimateZones[[#Headers],[Climate zone]], 0)} -> Any | H97: {=Common_InputFunctions.Utility_DisplayArrayInTable(Common_SourceData.Common_SourceData_ClimateZones_Data(), Table_SourceData_ClimateZones[[#Headers],[Climate zone]], 0)} -> Any | I97: {=Common_InputFunctions.Utility_DisplayArrayInTable(Common_SourceData.Common_SourceData_ClimateZones_Data(), Table_SourceData_ClimateZones[[#Headers],[Climate zone]], 0)} -> ≤ 1 | J97: {=Common_InputFunctions.Utility_DisplayArrayInTable(Common_SourceData.Common_SourceData_ClimateZones_Data(), Table_SourceData_ClimateZones[[#Headers],[Climate zone]], 0)} -> -999999 | K97: {=Common_InputFunctions.Utility_DisplayArrayInTable(Common_SourceData.Common_SourceData_ClimateZones_Data(), Table_SourceData_ClimateZones[[#Headers],[Climate zone]], 0)} -> 10 | ... S97: {=Common_InputFunctions.Utility_DisplayArrayInTable(Common_SourceData.Common_SourceData_ClimateZones_Data(), Table_SourceData_ClimateZones[[#Headers],[Climate zone]], 0)} -> 1
D98: {=Common_SourceData.Common_SourceData_ClimateZones_Appendices()} -> Note:
D99: MAT = mean annual temperature
D100: MAP = mean annual precipitation
D101: PET = potential evapotranspiration
