Workbook
Name AgResidue_Equations_CropResidue.VEERG_6_1_1_1__1__NitrousOxideEmissionsFromCropResidues: _xlfn.LAMBDA(_xlpm.M_c,_xlpm.EF_Ni,_xlpm.C_N2O, _xlpm.M_c * _xlpm.EF_Ni * _xlpm.C_N2O * 10 ^ (-3))
Name AgResidue_Equations_CropResidue.VEERG_6_1_1_1__1__NitrousOxideEmissionsFromCropResidues_FunctionName: _xlfn.LAMBDA("VEERG_6_1_1_1__1__NitrousOxideEmissionsFromCropResidues")
Name AgResidue_Equations_CropResidue.VEERG_6_1_1_1__1__NitrousOxideEmissionsFromCropResidues_LatexEquation: _xlfn.LAMBDA("E=\sum\nolimits_c\left(M_{c}\times EF_{N}\right)\times C_{g,N2O}\times 10^{-3}")
Name AgResidue_Equations_CropResidue.VEERG_6_1_1_1__1__NitrousOxideEmissionsFromCropResidues_NIRReference: _xlfn.LAMBDA("")
Name AgResidue_Equations_CropResidue.VEERG_6_1_1_1__1__NitrousOxideEmissionsFromCropResidues_Source: _xlfn.LAMBDA("VEERG 2026: 6.1.1.1, Equation (1)")
Name AgResidue_Equations_CropResidue.VEERG_6_1_1_1__1__NitrousOxideEmissionsFromCropResidues_Title: _xlfn.LAMBDA("Nitrous oxide emissions from the return of crop residues across all crops c to the soil")
Name AgResidue_Equations_CropResidue.VEERG_6_1_1_1__1__NitrousOxideEmissionsFromCropResidues_Unit: _xlfn.LAMBDA("t N2O")
Name AgResidue_Equations_CropResidue.VEERG_6_1_1_1__1__NitrousOxideEmissionsFromCropResidues_Variable: _xlfn.LAMBDA("E")
Name AgResidue_Equations_CropResidue.VEERG_6_1_1_1__2__MassOfNitrogenInCropResidues_LatexEquation: _xlfn.LAMBDA("M_{c}=(P_{c}\times R_{AGc}\times(1-F_{c}-FFOD_{c})\times DM_{c}\times NC_{AGc})+(P_{c}\times R_{AGc}\times R_{BGc}\times DM_{c}\times NC_{BGc})")
Name AgResidue_Equations_CropResidue.VEERG_6_1_1_1__2__MassOfNitrogenInCropResidues_NIRReference: _xlfn.LAMBDA("")
Name AgResidue_Equations_CropResidue.VEERG_6_1_1_1__2__MassOfNitrogenInCropResidues_Source: _xlfn.LAMBDA("VEERG 2026: 6.1.1.1, Equation (2)")
Name AgResidue_Equations_CropResidue.VEERG_6_1_1_1__2__MassOfNitrogenInCropResidues_Title: _xlfn.LAMBDA("Mass of nitrogen in crop residues returned to the soil")
Name AgResidue_Equations_CropResidue.VEERG_6_1_1_1__2__MassOfNitrogenInCropResidues_Unit: _xlfn.LAMBDA("kg N")
Name AgResidue_Equations_CropResidue.VEERG_6_1_1_1__2__MassOfNitrogenInCropResidues_Variable: _xlfn.LAMBDA("M_c")
Name AgResidue_Equations_CropResidue.VEERG_6_1_1_2__1__FractionOfCropResidueRemovedBaled: _xlfn.LAMBDA(_xlpm.B,_xlpm.M_B,_xlpm.P_c,_xlpm.R_AGc, IFERROR((_xlpm.B * _xlpm.M_B) / (_xlpm.P_c * _xlpm.R_AGc), 0))
Name AgResidue_Equations_CropResidue.VEERG_6_1_1_2__1__FractionOfCropResidueRemovedBaled_LatexEquation: _xlfn.LAMBDA("FFOD_{c,baled}=\frac{B\times M_{B}}{P_{c}\times R_{AG,c}}")
Name AgResidue_Equations_CropResidue.VEERG_6_1_1_2__1__FractionOfCropResidueRemovedBaled_NIRReference: _xlfn.LAMBDA("")
Name AgResidue_Equations_CropResidue.VEERG_6_1_1_2__1__FractionOfCropResidueRemovedBaled_Source: _xlfn.LAMBDA("VEERG 2026: 6.1.1.2, Equation (1)")
Name AgResidue_Equations_CropResidue.VEERG_6_1_1_2__1__FractionOfCropResidueRemovedBaled_Title: _xlfn.LAMBDA("Fraction of crop residue that is removed for crop c, calculated where residues are baled")
Name AgResidue_Equations_CropResidue.VEERG_6_1_1_2__1__FractionOfCropResidueRemovedBaled_Unit: _xlfn.LAMBDA("dimensionless")
Name AgResidue_Equations_CropResidue.VEERG_6_1_1_2__1__FractionOfCropResidueRemovedBaled_Variable: _xlfn.LAMBDA("FFOD_cbaled")
Name AgResidue_Equations_CropResidue.VEERG_6_1_1_2__1__FractionOfCropResidueRemovedBaled_Variation: _xlfn.LAMBDA("VARIATION FROM SOURCE: Added 'baled' to variable subscript")
Name AgResidue_Equations_CropResidue.VEERG_6_1_1_2__1a__FractionOfCropResidueRemoved: _xlfn.LAMBDA(_xlpm.FFOD_cbaled,_xlpm.FFOD_cother, _xlpm.FFOD_cbaled + _xlpm.FFOD_cother)
Name AgResidue_Equations_CropResidue.VEERG_6_1_1_2__1a__FractionOfCropResidueRemoved_LatexEquation: _xlfn.LAMBDA("FFOD_{c} = FFOD_{c,baled} + FFOD_{c,other}")
Name AgResidue_Equations_CropResidue.VEERG_6_1_1_2__1a__FractionOfCropResidueRemoved_NIRReference: _xlfn.LAMBDA("")
Name AgResidue_Equations_CropResidue.VEERG_6_1_1_2__1a__FractionOfCropResidueRemoved_Source: _xlfn.LAMBDA("")
Name AgResidue_Equations_CropResidue.VEERG_6_1_1_2__1a__FractionOfCropResidueRemoved_Title: _xlfn.LAMBDA("Fraction of crop residue that is removed for crop c")
Name AgResidue_Equations_CropResidue.VEERG_6_1_1_2__1a__FractionOfCropResidueRemoved_Unit: _xlfn.LAMBDA("dimensionless")
Name AgResidue_Equations_CropResidue.VEERG_6_1_1_2__1a__FractionOfCropResidueRemoved_Variable: _xlfn.LAMBDA("FFOD_c")
Name AgResidue_Equations_CropResidue.VEERG_6_1_1_2__1a__FractionOfCropResidueRemoved_Variation: _xlfn.LAMBDA("VARIATION FROM SOURCE: Added this equation to accommodate user-defined residue removal other than baling.")
Name AgResidue_Equations_FieldBurning.VEERG_6_4_1_1__1__MethaneEmissionsFromBurningOfCropResidues: _xlfn.LAMBDA(_xlpm.M_burnc,_xlpm.CC_c,_xlpm.EF_CH4,_xlpm.C_CH4, (_xlpm.M_burnc * _xlpm.CC_c) * _xlpm.EF_CH4 * _xlpm.C_CH4 * 10 ^ (-3))
Name AgResidue_Equations_FieldBurning.VEERG_6_4_1_1__1__MethaneEmissionsFromBurningOfCropResidues_FunctionName: _xlfn.LAMBDA("VEERG_6_4_1_1__1__MethaneEmissionsFromBurningOfCropResidues")
Name AgResidue_Equations_FieldBurning.VEERG_6_4_1_1__1__MethaneEmissionsFromBurningOfCropResidues_LatexEquation: _xlfn.LAMBDA("E_{CH4}=\sum\nolimits_c(M_{burn,c}\times CC_{c})\times EF_{CH4}\times C_{CH4}\times 10^{-3}")
Name AgResidue_Equations_FieldBurning.VEERG_6_4_1_1__1__MethaneEmissionsFromBurningOfCropResidues_NIRReference: _xlfn.LAMBDA("")
Name AgResidue_Equations_FieldBurning.VEERG_6_4_1_1__1__MethaneEmissionsFromBurningOfCropResidues_Source: _xlfn.LAMBDA("VEERG 2026: 6.4.1.1, Equation (1)")
Name AgResidue_Equations_FieldBurning.VEERG_6_4_1_1__1__MethaneEmissionsFromBurningOfCropResidues_Title: _xlfn.LAMBDA("Methane emissions from the burning of crop residues")
Name AgResidue_Equations_FieldBurning.VEERG_6_4_1_1__1__MethaneEmissionsFromBurningOfCropResidues_Unit: _xlfn.LAMBDA("t CH4")
Name AgResidue_Equations_FieldBurning.VEERG_6_4_1_1__1__MethaneEmissionsFromBurningOfCropResidues_Variable: _xlfn.LAMBDA("ECH4")
Name AgResidue_Equations_FieldBurning.VEERG_6_4_1_1__2__NitrousOxideEmissionsFromBurningOfCropResidues: _xlfn.LAMBDA(_xlpm.M_burnc,_xlpm.NC_AGc,_xlpm.EF_N2O,_xlpm.C_N2O, (_xlpm.M_burnc * _xlpm.NC_AGc) * _xlpm.EF_N2O * _xlpm.C_N2O * 10 ^ (-3))
Name AgResidue_Equations_FieldBurning.VEERG_6_4_1_1__2__NitrousOxideEmissionsFromBurningOfCropResidues_FunctionName: _xlfn.LAMBDA("VEERG_6_4_1_1__2__NitrousOxideEmissionsFromBurningOfCropResidues")
Name AgResidue_Equations_FieldBurning.VEERG_6_4_1_1__2__NitrousOxideEmissionsFromBurningOfCropResidues_LatexEquation: _xlfn.LAMBDA("E_{N2O}=\sum\nolimits_c(M_{burn,c}\times NC_{AGc})\times EF_{N2O}\times C_{N2O}\times 10^{-3}")
Name AgResidue_Equations_FieldBurning.VEERG_6_4_1_1__2__NitrousOxideEmissionsFromBurningOfCropResidues_NIRReference: _xlfn.LAMBDA("")
Name AgResidue_Equations_FieldBurning.VEERG_6_4_1_1__2__NitrousOxideEmissionsFromBurningOfCropResidues_Source: _xlfn.LAMBDA("VEERG 2026: 6.4.1.1, Equation (2)")
Name AgResidue_Equations_FieldBurning.VEERG_6_4_1_1__2__NitrousOxideEmissionsFromBurningOfCropResidues_Title: _xlfn.LAMBDA("Nitrous oxide emissions from the burning of crop residues")
Name AgResidue_Equations_FieldBurning.VEERG_6_4_1_1__2__NitrousOxideEmissionsFromBurningOfCropResidues_Unit: _xlfn.LAMBDA("t N2O")
Name AgResidue_Equations_FieldBurning.VEERG_6_4_1_1__2__NitrousOxideEmissionsFromBurningOfCropResidues_Variable: _xlfn.LAMBDA("EN2O")
Name AgResidue_Equations_FieldBurning.VEERG_6_4_1_1__3__MassOfCropResidueBurnt: _xlfn.LAMBDA(_xlpm.P_c,_xlpm.R_AGc,_xlpm.S_c,_xlpm.DM_c,_xlpm.Z_c,_xlpm.F_c, _xlpm.P_c * _xlpm.R_AGc * _xlpm.S_c * _xlpm.DM_c * _xlpm.Z_c * _xlpm.F_c)
Name AgResidue_Equations_FieldBurning.VEERG_6_4_1_1__3__MassOfCropResidueBurnt_FunctionName: _xlfn.LAMBDA("VEERG_6_4_1_1__3__MassOfCropResidueBurnt")
Name AgResidue_Equations_FieldBurning.VEERG_6_4_1_1__3__MassOfCropResidueBurnt_LatexEquation: _xlfn.LAMBDA("M_{burn,c}=P_{c}\times R_{AGc}\times S_{c}\times DM_{c}\times Z_{c}\times F_{c}")
Name AgResidue_Equations_FieldBurning.VEERG_6_4_1_1__3__MassOfCropResidueBurnt_NIRReference: _xlfn.LAMBDA("")
Name AgResidue_Equations_FieldBurning.VEERG_6_4_1_1__3__MassOfCropResidueBurnt_Source: _xlfn.LAMBDA("VEERG 2026: 6.4.1.1, Equation (3)")
Name AgResidue_Equations_FieldBurning.VEERG_6_4_1_1__3__MassOfCropResidueBurnt_Title: _xlfn.LAMBDA("Mass of residue of crop c burnt")
Name AgResidue_Equations_FieldBurning.VEERG_6_4_1_1__3__MassOfCropResidueBurnt_Unit: _xlfn.LAMBDA("kg")
Name AgResidue_Equations_FieldBurning.VEERG_6_4_1_1__3__MassOfCropResidueBurnt_Variable: _xlfn.LAMBDA("M_burnc")
Name AgResidue_Equations_Leaching.VEERG_6_3_1_1__1__LeachingAndRunoffEmissionsCropAndPastureResidue: _xlfn.LAMBDA(_xlpm.M_leachcp,_xlpm.EF_leach,_xlpm.C_N2O, _xlpm.M_leachcp * _xlpm.EF_leach * _xlpm.C_N2O * 10 ^ (-3))
Name AgResidue_Equations_Leaching.VEERG_6_3_1_1__1__LeachingAndRunoffEmissionsCropAndPastureResidue_LatexEquation: _xlfn.LAMBDA("E_{N2O}=\sum\nolimits_c\sum\nolimits_p(M_{leach,cp}\times EF_{leach}\times C_{N2O}\times 10^{-3})")
Name AgResidue_Equations_Leaching.VEERG_6_3_1_1__1__LeachingAndRunoffEmissionsCropAndPastureResidue_NIRReference: _xlfn.LAMBDA("")
Name AgResidue_Equations_Leaching.VEERG_6_3_1_1__1__LeachingAndRunoffEmissionsCropAndPastureResidue_Source: _xlfn.LAMBDA("VEERG 2026: 6.3.1.1, Equation (1)")
Name AgResidue_Equations_Leaching.VEERG_6_3_1_1__1__LeachingAndRunoffEmissionsCropAndPastureResidue_Title: _xlfn.LAMBDA("Nitrous oxide leaching and runoff emissions from crop and pasture residues returned to the soil")
Name AgResidue_Equations_Leaching.VEERG_6_3_1_1__1__LeachingAndRunoffEmissionsCropAndPastureResidue_Unit: _xlfn.LAMBDA("t N2O")

Sheet Home
A1: Home

Sheet Overview
A1: #VALUE! | C1: 6: Agricultural Residue Management: Overview
A3: =HYPERLINK("#'Home'!A1", "Home") -> Home
A4: =HYPERLINK("#'Overview'!A1", "Overview") -> Overview
A5: =HYPERLINK("#'Results'!A1", "Results") -> Results | D5: 💡 Below is a diagram that maps the equations used to calculate emissions, and how they interact with each other.
D6: Click on a box to go to the corresponding calculation.
A7: INPUTS
A8: =HYPERLINK("#'Input - Site'!A1", "Site") -> Site
A9: =HYPERLINK("#'Input - Crop'!A1", "Crop") -> Crop
A10: =HYPERLINK("#'Input - Pasture'!A1", "Pasture") -> Pasture
A12: CALCULATIONS
A13: =HYPERLINK("#'6.1.1.1-2 Crop residue N2O'!A1", "6.1.1.1-2 Crop residue N2O") -> 6.1.1.1-2 Crop residue N2O
A14: =HYPERLINK("#'6.2.1.1-2 Pasture residue N2O'!A1", "6.2.1.1-2 Pasture residue N2O") -> 6.2.1.1-2 Pasture residue N2O
A15: =HYPERLINK("#'6.3.1.1-2 Leaching and runoff'!A1", "6.3.1.1-2 Leaching and runoff") -> 6.3.1.1-2 Leaching and runoff
A16: =HYPERLINK("#'6.4.1.1-2 Residue burning'!A1", "6.4.1.1-2 Residue burning") -> 6.4.1.1-2 Residue burning
A18: APPENDICES
A19: =HYPERLINK("#'Constants - Ag Residue'!A1", "Constants - Ag Residue") -> Constants - Ag Residue
A20: =HYPERLINK("#'Constants - Common'!A1", "Constants - Common") -> Constants - Common
L37: `

Sheet Results
A1: #VALUE! | C1: 6: Agricultural Residue Management: Results
A3: =HYPERLINK("#'Home'!A1", "Home") -> Home
A4: =HYPERLINK("#'Overview'!A1", "Overview") -> Overview | D4: Emissions breakdown
A5: =HYPERLINK("#'Results'!A1", "Results") -> Results
D6: 💡 NOTE: When there is no Method 2, the Method 2 result are the same as Method 1
A7: INPUTS
A8: =HYPERLINK("#'Input - Site'!A1", "Site") -> Site | D8: Scope 1 source | E8: GHG emissions method 1 | F8: GHG emissions method 2 | G8: GHG Unit | H8: CO2-e emissions method 1 | I8: CO2-e emissions method 2 | J8: CO2-e unit
A9: =HYPERLINK("#'Input - Crop'!A1", "Crop") -> Crop | D9: 6.1.1.1-2 Crop residue N2O | E9: ='6.1.1.1-2 Crop residue N2O'!E42 -> 0.00066792 | F9: ='6.1.1.1-2 Crop residue N2O'!N77 -> 0.00066792 | G9: t N2O | H9: ='6.1.1.1-2 Crop residue N2O'!E47 -> 0.1769988 | I9: ='6.1.1.1-2 Crop residue N2O'!N82 -> 0.1769988 | J9: t CO2e
A10: =HYPERLINK("#'Input - Pasture'!A1", "Pasture") -> Pasture | D10: 6.2.1.1-2 Pasture residue N2O | E10: ='6.2.1.1-2 Pasture residue N2O'!E40 -> 5.8320429e-07 | F10: ='6.2.1.1-2 Pasture residue N2O'!O40 -> 5.8320429e-07 | G10: t N2O | H10: ='6.2.1.1-2 Pasture residue N2O'!E45 -> 0.00015454914 | I10: ='6.2.1.1-2 Pasture residue N2O'!O45 -> 0.00015454914 | J10: t CO2e
D11: 6.3.1.1-2 Leaching and runoff | E11: ='6.3.1.1-2 Leaching and runoff'!E48 -> 0.00035296969 | F11: ='6.3.1.1-2 Leaching and runoff'!O48 -> 0.00035296969 | G11: t N2O | H11: ='6.3.1.1-2 Leaching and runoff'!E53 -> 0.093536968 | I11: ='6.3.1.1-2 Leaching and runoff'!O53 -> 0.093536968 | J11: t CO2e
A12: CALCULATIONS | D12: 6.4.1.1-2 Residue burning | E12: ='6.4.1.1-2 Residue burning'!E39 -> 0.00012769303 | F12: =E12 -> 0.00012769303 | G12: t N2O | H12: ='6.4.1.1-2 Residue burning'!E44 -> 0.033838653 | I12: =H12 -> 0.033838653 | J12: t CO2e
A13: =HYPERLINK("#'6.1.1.1-2 Crop residue N2O'!A1", "6.1.1.1-2 Crop residue N2O") -> 6.1.1.1-2 Crop residue N2O | D13: 6.4.1.1-2 Residue burning | E13: ='6.4.1.1-2 Residue burning'!E62 -> 0.0033264 | F13: =E13 -> 0.0033264 | G13: t CH4 | H13: ='6.4.1.1-2 Residue burning'!E67 -> 0.0931392 | I13: =H13 -> 0.0931392 | J13: t CO2e
A14: =HYPERLINK("#'6.2.1.1-2 Pasture residue N2O'!A1", "6.2.1.1-2 Pasture residue N2O") -> 6.2.1.1-2 Pasture residue N2O | D14: Total | H14: =SUM(H9:H13) -> 0.39766817 | I14: =SUM(I9:I13) -> 0.39766817 | J14: t CO2e
A15: =HYPERLINK("#'6.3.1.1-2 Leaching and runoff'!A1", "6.3.1.1-2 Leaching and runoff") -> 6.3.1.1-2 Leaching and runoff
A16: =HYPERLINK("#'6.4.1.1-2 Residue burning'!A1", "6.4.1.1-2 Residue burning") -> 6.4.1.1-2 Residue burning
A18: APPENDICES
A19: =HYPERLINK("#'Constants - Ag Residue'!A1", "Constants - Ag Residue") -> Constants - Ag Residue
A20: =HYPERLINK("#'Constants - Common'!A1", "Constants - Common") -> Constants - Common

Sheet Input - Site
A1: #VALUE! | C1: Input - Site
A3: =HYPERLINK("#'Home'!A1", "Home") -> Home
A4: =HYPERLINK("#'Overview'!A1", "Overview") -> Overview
A5: =HYPERLINK("#'Results'!A1", "Results") -> Results | D5: Your business
A7: INPUTS | D7: Farm name | E7: Test Farms
A8: =HYPERLINK("#'Input - Site'!A1", "Site") -> Site | D8: Reporting entity name | E8: Test Farms Pty Ltd
A9: =HYPERLINK("#'Input - Crop'!A1", "Crop") -> Crop
A10: =HYPERLINK("#'Input - Pasture'!A1", "Pasture") -> Pasture | D10: 💡An 'Emissions accounting period' is a 12 month period where the business can report on the emissions, and is typically the same as the business' financial accounting period.
A12: CALCULATIONS | D12: Emissions calculation period start date | E12: 45292 | F12: ← DD/MM/YYYY or DD Month YYYY
A13: =HYPERLINK("#'6.1.1.1-2 Crop residue N2O'!A1", "6.1.1.1-2 Crop residue N2O") -> 6.1.1.1-2 Crop residue N2O | D13: Emissions calculation period end date | E13: =DATE(YEAR(E12)+1,MONTH(E12),DAY(E12))-1 -> 45657 | F13: ← Automatically calculated, 12 months after start date
A14: =HYPERLINK("#'6.2.1.1-2 Pasture residue N2O'!A1", "6.2.1.1-2 Pasture residue N2O") -> 6.2.1.1-2 Pasture residue N2O
A15: =HYPERLINK("#'6.3.1.1-2 Leaching and runoff'!A1", "6.3.1.1-2 Leaching and runoff") -> 6.3.1.1-2 Leaching and runoff
A16: =HYPERLINK("#'6.4.1.1-2 Residue burning'!A1", "6.4.1.1-2 Residue burning") -> 6.4.1.1-2 Residue burning | D16: Location and climate
A18: APPENDICES | D18: Location information is used to reference some region and climate-specific emission factors
A19: =HYPERLINK("#'Constants - Ag Residue'!A1", "Constants - Ag Residue") -> Constants - Ag Residue | D19: Tip: Use the web-based GAF Location Helper tool to easily get region and climate information. You will need an internet connection to use the GAF Location Helper.
A20: =HYPERLINK("#'Constants - Common'!A1", "Constants - Common") -> Constants - Common
D21: State | E21: Western Australia | F21: ← Please select
D22: Region (ABS Statistical area level 4) if state is WA | E22: Western Australia - Outback (South) | F22: ← Please select
D23: Leaching zone | E23: NO - Not in leaching zone | F23: ← Please select
D24: Elevation | E24: 307.7 | F24: Meters
D25: Average temperature for reporting period | E25: 18 | F25: Degrees celsius
D26: Total rainfall for reporting period | E26: 599 | F26: Millimetres
D27: Potential evapotranspiration for reporting period | E27: 1326 | F27: Millimetres
D28: Number of frost days for reporting period | E28: 7 | F28: Days
D29: MAP:PET ratio | E29: =E26/E27 -> 0.45173454
D30: Rainfall zone | E30: =Common_InputFunctions.Utility_LookupItemFromMinMax(E26,Table_SourceData_RainfallZones[Min rainfall],Table_SourceData_RainfallZones[Max rainfall],Table_SourceData_RainfallZones[Rainfall Zone]) -> Low rainfall
D31: Climate zone | E31: =Common_InputFunctions.Utility_GetClimateZone(E25,E26,E28,E24,E29,Table_SourceData_ClimateZones[Min temp],Table_SourceData_ClimateZones[Max temp],Table_SourceData_ClimateZones[Min rainfall],Table_SourceData_ClimateZones[Max rainfall],Table_SourceData_ClimateZones[Min frost days],Table_SourceData_ClimateZones[Max frost days],Table_SourceData_ClimateZones[Min elevation],Table_SourceData_ClimateZones[Max elevation],Table_SourceData_ClimateZones[Min MAP:PET],Table_SourceData_ClimateZones[Max MAP:PET],Table_SourceData_ClimateZones[Climate zone]) -> Warm temperate dry
D32: Wet or dry climate zone | E32: =Common_InputFunctions.Utility_LookupValueInTable($E$31,Table_SourceData_WetDryZones[Climate zone],Table_SourceData_WetDryZones[Wet or Dry Zone]) -> Dry climate zone
D33: Temperature zone | E33: =Common_InputFunctions.Utility_LookupItemFromMinMax(E25,Table_SourceData_TemperatureZones[Min MAT],Table_SourceData_TemperatureZones[Max MAT],Table_SourceData_TemperatureZones[Temperature Zone]) -> Temperate

Sheet Input - Crop
A1: #VALUE! | C1: Input - Crop
A3: =HYPERLINK("#'Home'!A1", "Home") -> Home
A4: =HYPERLINK("#'Overview'!A1", "Overview") -> Overview
A5: =HYPERLINK("#'Results'!A1", "Results") -> Results | D5: Area
A7: INPUTS | D7: If multiple paddocks were managed in the same way at the same time, you can enter information for them all together.
A8: =HYPERLINK("#'Input - Site'!A1", "Site") -> Site
A9: =HYPERLINK("#'Input - Crop'!A1", "Crop") -> Crop | D9: Crop type | E9: Wheat | F9: ← Please select
A10: =HYPERLINK("#'Input - Pasture'!A1", "Pasture") -> Pasture | D10: Crop purpose | E10: Cash grain crop | F10: ← Please select
D11: Irrigation method | E11: Sprinkler irrigation | F11: ← Please select
A12: CALCULATIONS
A13: =HYPERLINK("#'6.1.1.1-2 Crop residue N2O'!A1", "6.1.1.1-2 Crop residue N2O") -> 6.1.1.1-2 Crop residue N2O | D13: Area under cropping | E13: 1000 | F13: Hectares
A14: =HYPERLINK("#'6.2.1.1-2 Pasture residue N2O'!A1", "6.2.1.1-2 Pasture residue N2O") -> 6.2.1.1-2 Pasture residue N2O
A15: =HYPERLINK("#'6.3.1.1-2 Leaching and runoff'!A1", "6.3.1.1-2 Leaching and runoff") -> 6.3.1.1-2 Leaching and runoff | D15: Yield
A16: =HYPERLINK("#'6.4.1.1-2 Residue burning'!A1", "6.4.1.1-2 Residue burning") -> 6.4.1.1-2 Residue burning
D17: =E10 & " " & _xlfn.XLOOKUP(E10,Table_SourceData_CropPurposeAndYields[Purpose], Table_SourceData_CropPurposeAndYields[harvest term]) & " per hectare¹" -> Cash grain crop yield per hectare¹ | E17: 10 | F17: ="Tonnes " & _xlfn.XLOOKUP(E10, Table_SourceData_CropPurposeAndYields[Purpose], Table_SourceData_CropPurposeAndYields[Per hectare unit], FALSE) & " per hectare" -> Tonnes grain per hectare
A18: APPENDICES | D18: Residue:crop ratio² | E18: {=_xlfn.IFS(E10="Cash grain crop", Common_InputFunctions.Utility_LookupValueInTableNumber(E9, Table_SourceData_CropAttributes[Crop type],Table_SourceData_CropAttributes[Residue: Crop ratio]), E10="Cash crop for hay/silage", 0, E10="Cover crop", 1)} -> 1.5
A19: =HYPERLINK("#'Constants - Ag Residue'!A1", "Constants - Ag Residue") -> Constants - Ag Residue | D19: Crop residue biomass | E19: =E17*E18 -> 15 | F19: Tonnes per hectare
A20: =HYPERLINK("#'Constants - Common'!A1", "Constants - Common") -> Constants - Common | D20: Whole plant above ground biomass | E20: =E17+E19 -> 25 | F20: Tonnes per hectare
D22: Total production of crop³ | E22: =E17*E13 -> 10000 | F22: ="Tonnes " & _xlfn.XLOOKUP(E10, Table_SourceData_CropPurposeAndYields[Purpose], Table_SourceData_CropPurposeAndYields[Harvest uit], FALSE) -> Tonnes grain
D24: ="¹ " & _xlfn.XLOOKUP(E10, Table_SourceData_CropPurposeAndYields[Purpose],Table_SourceData_CropPurposeAndYields[Yield note]) -> ¹ Yield is the grain harvested from the plant
D25: ="² " & _xlfn.XLOOKUP(E10, Table_SourceData_CropPurposeAndYields[Purpose],Table_SourceData_CropPurposeAndYields[Residue crop ratio note]) -> ² Residue to crop ratio is provided from default values
D26: ="³ " & _xlfn.XLOOKUP(E10,Table_SourceData_CropPurposeAndYields[Purpose],Table_SourceData_CropPurposeAndYields[Total production note]) -> ³ Total production is the total grain harvested
D28: Residue management
D30: ="Residue after " & VLOOKUP(E10,'Constants - Ag Residue'!D8:G10, 4, FALSE) -> Residue after harvest | E30: =E19*E13 -> 15000 | F30: Tonnes
D32: Baled residue
D33: Percentage of residue that was baled | E33: 0.1 | F33: Percent
D34: Average weight per bale | E34: 60 | F34: Kilograms
D35: Number of bales | E35: =IFERROR((E36*10^3)/E34, 0) -> 25000 | F35: Bales
D36: Total residue baled | E36: =E30*E33 -> 1500 | F36: Tonnes
D38: Grazed residue
D39: Percentage of residue that was grazed | E39: 0.01 | F39: Percent
D40: Total residue grazed | E40: =E30*E39 -> 150 | F40: Tonnes
D42: Burned residue
D43: Percentage of residue that was burned | E43: 0.3 | F43: Percent
A44: =HYPERLINK("#A1", "▲ Back to top") -> ▲ Back to top | D44: Total residue burned | E44: =E30*E43 -> 4500 | F44: Tonnes
D46: Residue retained on paddocks | E46: =E30-E36-E40-E44 -> 8850 | F46: Tonnes

Sheet Input - Pasture
A1: #VALUE! | C1: Input - Pasture
A3: =HYPERLINK("#'Home'!A1", "Home") -> Home
A4: =HYPERLINK("#'Overview'!A1", "Overview") -> Overview
A5: =HYPERLINK("#'Results'!A1", "Results") -> Results | D5: Area
A7: INPUTS | D7: If multiple paddocks were managed in the same way at the same time, you can enter information for them all together.
A8: =HYPERLINK("#'Input - Site'!A1", "Site") -> Site
A9: =HYPERLINK("#'Input - Crop'!A1", "Crop") -> Crop | D9: Pasture type | E9: Grass clover mixture | F9: ← Please select
A10: =HYPERLINK("#'Input - Pasture'!A1", "Pasture") -> Pasture | D10: Irrigation method | E10: Surface irrigation | F10: ← Please select
A12: CALCULATIONS | D12: Area under pasture | E12: 1000 | F12: Hectares
A13: =HYPERLINK("#'6.1.1.1-2 Crop residue N2O'!A1", "6.1.1.1-2 Crop residue N2O") -> 6.1.1.1-2 Crop residue N2O
A14: =HYPERLINK("#'6.2.1.1-2 Pasture residue N2O'!A1", "6.2.1.1-2 Pasture residue N2O") -> 6.2.1.1-2 Pasture residue N2O | D14: Yield
A15: =HYPERLINK("#'6.3.1.1-2 Leaching and runoff'!A1", "6.3.1.1-2 Leaching and runoff") -> 6.3.1.1-2 Leaching and runoff
A16: =HYPERLINK("#'6.4.1.1-2 Residue burning'!A1", "6.4.1.1-2 Residue burning") -> 6.4.1.1-2 Residue burning | D16: 💡 'Pasture yield' is the average amount of dry matter that is grazed.
D17: A default value is provided based on pasture type. You can edit this if known.
A18: APPENDICES
A19: =HYPERLINK("#'Constants - Ag Residue'!A1", "Constants - Ag Residue") -> Constants - Ag Residue | D19: Pasture yield | E19: =_xlfn.XLOOKUP(E9, Table_SourceData_PastureAttributes[Pasture type],Table_SourceData_PastureAttributes[Average Yield (t DM ha) Yp]) -> 8.34 | F19: Tonnes dry matter / hectare
A20: =HYPERLINK("#'Constants - Common'!A1", "Constants - Common") -> Constants - Common | D20: Total pasture yield | E20: =E12*E19 -> 8340 | F20: Tonnes
D23: Residue management
D25: Area of pasture renewed or removed | E25: 500 | F25: Hectares

Sheet 6.1.1.1-2 Crop residue N2O
A1: #VALUE! | C1: 6.1.1.1-2 Crop residue N2O emissions
A3: =HYPERLINK("#'Home'!A1", "Home") -> Home | D3: Method 1 | M3: Method 2
A4: =HYPERLINK("#'Overview'!A1", "Overview") -> Overview
A5: =HYPERLINK("#'Results'!A1", "Results") -> Results | D5: {=AgResidue_Equations_CropResidue.VEERG_6_1_1_1__2__MassOfNitrogenInCropResidues_Title()} -> Mass of nitrogen in crop residues returned to the soil | M5: {=AgResidue_Equations_CropResidue.VEERG_6_1_1_2__1__FractionOfCropResidueRemovedBaled_Title()} -> Fraction of crop residue that is removed for crop c, calculated where residues are baled
D6: {=AgResidue_Equations_CropResidue.VEERG_6_1_1_1__2__MassOfNitrogenInCropResidues_Source()} -> VEERG 2026: 6.1.1.1, Equation (2) | M6: {=AgResidue_Equations_CropResidue.VEERG_6_1_1_2__1__FractionOfCropResidueRemovedBaled_Source()} -> VEERG 2026: 6.1.1.2, Equation (1)
A7: INPUTS | D7: Function name | E7: {=Common_InputFunctions.Utility_DisplayFunctionName(E24)} -> =AgResidue_Equations_CropResidue.VEERG_6_1_1_1__2__MassOfNitrogenInCropResidues | M7: {="⚠️" & AgResidue_Equations_CropResidue.VEERG_6_1_1_2__1__FractionOfCropResidueRemovedBaled_Variation()} -> ⚠️VARIATION FROM SOURCE: Added 'baled' to variable subscript
A8: =HYPERLINK("#'Input - Site'!A1", "Site") -> Site | M8: Function name | N8: {=Common_InputFunctions.Utility_DisplayFunctionName(N21)} -> =AgResidue_Equations_CropResidue.VEERG_6_1_1_2__1__FractionOfCropResidueRemovedBaled
A9: =HYPERLINK("#'Input - Crop'!A1", "Crop") -> Crop
A10: =HYPERLINK("#'Input - Pasture'!A1", "Pasture") -> Pasture | D10: Variable | E10: {=AgResidue_Equations_CropResidue.VEERG_6_1_1_1__2__MassOfNitrogenInCropResidues_Variable()} -> M_c
D11: Unit | E11: {=AgResidue_Equations_CropResidue.VEERG_6_1_1_1__2__MassOfNitrogenInCropResidues_Unit()} -> kg N
A12: CALCULATIONS | M12: Variable | N12: {=AgResidue_Equations_CropResidue.VEERG_6_1_1_2__1__FractionOfCropResidueRemovedBaled_Variable()} -> FFOD_cbaled
A13: =HYPERLINK("#'6.1.1.1-2 Crop residue N2O'!A1", "6.1.1.1-2 Crop residue N2O") -> 6.1.1.1-2 Crop residue N2O | D13: {=_xlfn.CHOOSECOLS(AgResidue_Equations_CropResidue.VEERG_6_1_1_1__2__MassOfNitrogenInCropResidues_Arguments(), 1, 2)} -> P_c | E13: annual production of crop c | G13: {=_xlfn.CHOOSECOLS(AgResidue_Equations_CropResidue.VEERG_6_1_1_1__2__MassOfNitrogenInCropResidues_Arguments(), 3,4)} -> kg | H13: Input | I13: ='Input - Crop'!$E$17*10^3 -> 10000 | M13: Unit | N13: {=AgResidue_Equations_CropResidue.VEERG_6_1_1_2__1__FractionOfCropResidueRemovedBaled_Unit()} -> dimensionless
A14: =HYPERLINK("#'6.2.1.1-2 Pasture residue N2O'!A1", "6.2.1.1-2 Pasture residue N2O") -> 6.2.1.1-2 Pasture residue N2O | D14: R_AGc | E14: residue to crop ratio for crop c | G14: dimensionless | H14: Constant | I14: ='Input - Crop'!$E$18 -> 1.5
A15: =HYPERLINK("#'6.3.1.1-2 Leaching and runoff'!A1", "6.3.1.1-2 Leaching and runoff") -> 6.3.1.1-2 Leaching and runoff | D15: R_BGc | E15: below ground-residue to above ground residue ratio for crop c | G15: dimensionless | H15: Constant | I15: {=Common_InputFunctions.Utility_LookupValueInTableNumber($I$21,Table_SourceData_CropAttributes[Crop type],Table_SourceData_CropAttributes[Below-ground: above-ground residue ratio])} -> 0.29 | M15: {=_xlfn.CHOOSECOLS(AgResidue_Equations_CropResidue.VEERG_6_1_1_2__1__FractionOfCropResidueRemovedBaled_Arguments(), 1, 2)} -> B | N15: number of bales generated | O15: {=_xlfn.CHOOSECOLS(AgResidue_Equations_CropResidue.VEERG_6_1_1_2__1__FractionOfCropResidueRemovedBaled_Arguments(), 3,4)} -> dimensionless | P15: Input | Q15: ='Input - Crop'!$E$35 -> 25000
A16: =HYPERLINK("#'6.4.1.1-2 Residue burning'!A1", "6.4.1.1-2 Residue burning") -> 6.4.1.1-2 Residue burning | D16: F_c | E16: fraction of crop residue that is burnt for crop c | G16: dimensionless | H16: Input | I16: ='Input - Crop'!$E$43 -> 0.3 | M16: M_B | N16: mass of each bale | O16: kg | P16: Input | Q16: ='Input - Crop'!$E$34 -> 60
D17: FFOD_c | E17: fraction of the crop residue that is removed for crop c | G17: dimensionless | H17: Constant | I17: {=IF(ISNUMBER(_xlfn.XLOOKUP(1, (Table77[Crop type c]=$I$21)*(Table77[State]=$I$22),Table77[Fraction removed])), _xlfn.XLOOKUP(1, (Table77[Crop type c]=$I$21)*(Table77[State]=$I$22),Table77[Fraction removed]), 0)} -> 0.11 | M17: P_c | N17: annual production of crop c | O17: kg | P17: Input | Q17: ='Input - Crop'!$E$22*10^3 -> 10000000
A18: APPENDICES | D18: DM_c | E18: dry matter content of crop c | G18: kg dry weight/kg crop residue | H18: Constant | I18: {=Common_InputFunctions.Utility_LookupValueInTableNumber($I$21,Table_SourceData_CropAttributes[Crop type],Table_SourceData_CropAttributes[Dry matter content])} -> 0.88 | M18: R_AGc | N18: residue to crop ratio for crop c | O18: dimensionless | P18: Input | Q18: ='Input - Crop'!$E$18 -> 1.5
A19: =HYPERLINK("#'Constants - Ag Residue'!A1", "Constants - Ag Residue") -> Constants - Ag Residue | D19: NC_AGc | E19: nitrogen content of above-ground crop residue of crop c | G19: kg N/kg DM | H19: Constant | I19: {=Common_InputFunctions.Utility_LookupValueInTableNumber($I$21,Table_SourceData_CropAttributes[Crop type],Table_SourceData_CropAttributes[N content above-ground])} -> 0.006 | M19: c | N19: Crop type | P19: Input | Q19: Wheat
A20: =HYPERLINK("#'Constants - Common'!A1", "Constants - Common") -> Constants - Common | D20: NC_BGc | E20: nitrogen content of below-ground crop residue of crop c | G20: kg N/kg DM | H20: Constant | I20: {=Common_InputFunctions.Utility_LookupValueInTableNumber($I$21,Table_SourceData_CropAttributes[Crop type],Table_SourceData_CropAttributes[N content below-ground])} -> 0.01
D21: c | E21: Crop type | H21: Input | I21: ='Input - Crop'!$E$9 -> Wheat | M21: FFODc,baled | N21: {=AgResidue_Equations_CropResidue.VEERG_6_1_1_2__1__FractionOfCropResidueRemovedBaled(Q15,Q16,Q17,Q18)} -> 0.1
D22: State | E22: State or territory | H22: Input | I22: =Common_InputFunctions.Utility_ConvertStateCommonNameToAbbreviation('Input - Site'!$E$21,Table_AustralianStates[Common Name],Table_AustralianStates[Abbreviation]) -> WA
D24: Mc | E24: {=AgResidue_Equations_CropResidue.VEERG_6_1_1_1__2__MassOfNitrogenInCropResidues(I13,I14,I16,I17,I18,I19,I15,I20)} -> 85.008 | F24: =$E$11 -> kg N | M24: {=AgResidue_Equations_CropResidue.VEERG_6_1_1_2__1a__FractionOfCropResidueRemoved_Title()} -> Fraction of crop residue that is removed for crop c
M25: {=AgResidue_Equations_CropResidue.VEERG_6_1_1_2__1a__FractionOfCropResidueRemoved_Source()}
M26: {="⚠️" & AgResidue_Equations_CropResidue.VEERG_6_1_1_2__1a__FractionOfCropResidueRemoved_Variation()} -> ⚠️VARIATION FROM SOURCE: Added this equation to accommodate user-defined residue removal other than baling.
D28: {=AgResidue_Equations_CropResidue.VEERG_6_1_1_1__1__NitrousOxideEmissionsFromCropResidues_Title()} -> Nitrous oxide emissions from the return of crop residues across all crops c to the soil
D29: {=AgResidue_Equations_CropResidue.VEERG_6_1_1_1__1__NitrousOxideEmissionsFromCropResidues_Source()} -> VEERG 2026: 6.1.1.1, Equation (1)
D30: Function name | E30: {=Common_InputFunctions.Utility_DisplayFunctionName(E42)} -> =AgResidue_Equations_CropResidue.VEERG_6_1_1_1__1__NitrousOxideEmissionsFromCropResidues | M30: Variable | N30: {=AgResidue_Equations_CropResidue.VEERG_6_1_1_2__1a__FractionOfCropResidueRemoved_Variable()} -> FFOD_c
M31: Unit | N31: {=AgResidue_Equations_CropResidue.VEERG_6_1_1_2__1a__FractionOfCropResidueRemoved_Unit()} -> dimensionless
D33: Variable | E33: {=AgResidue_Equations_CropResidue.VEERG_6_1_1_1__1__NitrousOxideEmissionsFromCropResidues_Variable()} -> E | M33: {=_xlfn.CHOOSECOLS(AgResidue_Equations_CropResidue.VEERG_6_1_1_2__1a__FractionOfCropResidueRemoved_Arguments(), 1, 2)} -> FFOD_cbaled | N33: Fraction of crop residue that is removed for crop c, calculated where residues are baled | Q33: {=_xlfn.CHOOSECOLS(AgResidue_Equations_CropResidue.VEERG_6_1_1_2__1a__FractionOfCropResidueRemoved_Arguments(), 3,4)} -> fraction | R33: Calculated from 6.1.1.2, (1) | S33: =$N$21 -> 0.1
D34: Unit | E34: {=AgResidue_Equations_CropResidue.VEERG_6_1_1_1__1__NitrousOxideEmissionsFromCropResidues_Unit()} -> t N2O | M34: FFOD_cother | N34: Fraction of crop residue that is removed for crop c, calculated where residues are removed by other means | Q34: fraction | R34: Input | S34: ='Input - Crop'!$E$39 -> 0.01
D36: {=_xlfn.CHOOSECOLS(AgResidue_Equations_CropResidue.VEERG_6_1_1_1__1__NitrousOxideEmissionsFromCropResidues_Arguments(), 1, 2)} -> M_c | E36: mass of nitrogen in crop c residues returned to the soil | G36: {=_xlfn.CHOOSECOLS(AgResidue_Equations_CropResidue.VEERG_6_1_1_1__1__NitrousOxideEmissionsFromCropResidues_Arguments(), 3,4)} -> kg N | H36: Calculated from 6.1.1.1 (2) | I36: =E24 -> 85.008 | M36: FFODc | N36: {=AgResidue_Equations_CropResidue.VEERG_6_1_1_2__1a__FractionOfCropResidueRemoved($S$33,$S$34)} -> 0.11
D37: EF_Ni | E37: emission factor for crop residues returned to the soil | G37: kg N2O-N/kg N | H37: Constant | I37: {=Common_InputFunctions.Utility_LookupValueInTableNumber(I40,Table_SourceData_N2OEFOrganicFert[Climate zone type i],Table_SourceData_N2OEFOrganicFert[EF i N2O])} -> 0.005
D38: C_N2O | E38: factor to convert elemental mass of nitrous oxide to molecular mass | G38: dimensionless | H38: Constant | I38: =Common_InputFunctions.Utility_LookupValueInTableNumber("N2O",Table_GasToMolecularConversionFactor[Gas],Table_GasToMolecularConversionFactor[Conversion factor combined]) -> 1.5714286
D39: c | E39: Crop type | H39: Input | I39: ='Input - Crop'!$E$9 -> Wheat
D40: i | E40: Wet or dry climate zone | H40: Input | I40: ='Input - Site'!$E$32 -> Dry climate zone | M40: {=AgResidue_Equations_CropResidue.VEERG_6_1_1_1__2__MassOfNitrogenInCropResidues_Title()} -> Mass of nitrogen in crop residues returned to the soil
M41: {=AgResidue_Equations_CropResidue.VEERG_6_1_1_1__2__MassOfNitrogenInCropResidues_Source()} -> VEERG 2026: 6.1.1.1, Equation (2)
D42: EN2O | E42: {=AgResidue_Equations_CropResidue.VEERG_6_1_1_1__1__NitrousOxideEmissionsFromCropResidues(I36,I37,I38)} -> 0.00066792 | F42: =$E$34 -> t N2O | M42: Function name | N42: {=Common_InputFunctions.Utility_DisplayFunctionName(N59)} -> =AgResidue_Equations_CropResidue.VEERG_6_1_1_1__2__MassOfNitrogenInCropResidues
D44: {=Common_Equations.Common_ConvertN2OToCO2e_Arguments()} -> EN2O | E44: Nitrous oxide emissions (t N2O) | G44: =E42 -> 0.00066792
D45: GWPN2O | E45: Global warming potential for nitrous oxide (t CO2-e / t N2O) | G45: =Common_InputFunctions.Utility_LookupValueInTableNumber("N2O",Table_GWPData[Gas],Table_GWPData[CO2-e factor]) -> 265 | M45: Variable | N45: {=AgResidue_Equations_CropResidue.VEERG_6_1_1_1__2__MassOfNitrogenInCropResidues_Variable()} -> M_c
M46: Unit | N46: {=AgResidue_Equations_CropResidue.VEERG_6_1_1_1__2__MassOfNitrogenInCropResidues_Unit()} -> kg N
A47: =HYPERLINK("#A1", "▲ Back to top") -> ▲ Back to top | D47: ECO2e | E47: {=Common_Equations.Common_ConvertN2OToCO2e(G44,G45)} -> 0.1769988 | F47: {=Common_Equations.Common_ConvertN2OToCO2e_Unit()} -> t CO2e
M48: {=_xlfn.CHOOSECOLS(AgResidue_Equations_CropResidue.VEERG_6_1_1_1__2__MassOfNitrogenInCropResidues_Arguments_Method2(), 1, 2)} -> P_c | N48: annual production of crop c | P48: {=_xlfn.CHOOSECOLS(AgResidue_Equations_CropResidue.VEERG_6_1_1_1__2__MassOfNitrogenInCropResidues_Arguments_Method2(), 3,4)} -> kg | Q48: Input
M49: R_AGc | N49: residue to crop ratio for crop c | P49: dimensionless | Q49: Constant
M50: R_BGc | N50: below ground-residue to above ground residue ratio for crop c | P50: dimensionless | Q50: Constant
M51: F_c | N51: fraction of crop residue that is burnt for crop c | P51: dimensionless | Q51: Input
M52: FFOD_c | N52: fraction of the crop residue that is removed for crop c | P52: dimensionless | Q52: Calculated from 6.1.1.2 (1) | R52: =N36 -> 0.11
M53: DM_c | N53: dry matter content of crop c | P53: kg dry weight/kg crop residue | Q53: Constant
M54: NC_AGc | N54: nitrogen content of above-ground crop residue of crop c | P54: kg N/kg DM | Q54: Constant
M55: NC_BGc | N55: nitrogen content of below-ground crop residue of crop c | P55: kg N/kg DM | Q55: Constant
M56: c | N56: Crop type | Q56: Input
M57: State | N57: State or territory | Q57: Input
M59: Mc | N59: {=AgResidue_Equations_CropResidue.VEERG_6_1_1_1__2__MassOfNitrogenInCropResidues(I13,I14,I16,R52,I18,I19,I15,I20)} -> 85.008 | O59: =$E$11 -> kg N
M63: {=AgResidue_Equations_CropResidue.VEERG_6_1_1_1__1__NitrousOxideEmissionsFromCropResidues_Title()} -> Nitrous oxide emissions from the return of crop residues across all crops c to the soil
M64: {=AgResidue_Equations_CropResidue.VEERG_6_1_1_1__1__NitrousOxideEmissionsFromCropResidues_Source()} -> VEERG 2026: 6.1.1.1, Equation (1)
M65: Function name | N65: {=Common_InputFunctions.Utility_DisplayFunctionName(N77)} -> =AgResidue_Equations_CropResidue.VEERG_6_1_1_1__1__NitrousOxideEmissionsFromCropResidues
M68: Variable | N68: {=AgResidue_Equations_CropResidue.VEERG_6_1_1_1__1__NitrousOxideEmissionsFromCropResidues_Variable()} -> E
M69: Unit | N69: {=AgResidue_Equations_CropResidue.VEERG_6_1_1_1__1__NitrousOxideEmissionsFromCropResidues_Unit()} -> t N2O
M71: {=_xlfn.CHOOSECOLS(AgResidue_Equations_CropResidue.VEERG_6_1_1_1__1__NitrousOxideEmissionsFromCropResidues_Arguments(), 1, 2)} -> M_c | N71: mass of nitrogen in crop c residues returned to the soil | P71: {=_xlfn.CHOOSECOLS(AgResidue_Equations_CropResidue.VEERG_6_1_1_1__1__NitrousOxideEmissionsFromCropResidues_Arguments(), 3,4)} -> kg N | Q71: Calculated from 6.1.1.1 (2) | R71: =N59 -> 85.008
M72: EF_Ni | N72: emission factor for crop residues returned to the soil | P72: kg N2O-N/kg N | Q72: Constant | R72: {=Common_InputFunctions.Utility_LookupValueInTableNumber(R75,Table_SourceData_N2OEFOrganicFert[Climate zone type i],Table_SourceData_N2OEFOrganicFert[EF i N2O])} -> 0.005
M73: C_N2O | N73: factor to convert elemental mass of nitrous oxide to molecular mass | P73: dimensionless | Q73: Constant | R73: =Common_InputFunctions.Utility_LookupValueInTableNumber("N2O",Table_GasToMolecularConversionFactor[Gas],Table_GasToMolecularConversionFactor[Conversion factor combined]) -> 1.5714286
M74: c | N74: Crop type | Q74: Input | R74: Wheat
M75: i | N75: Wet or dry climate zone | Q75: Input | R75: ='Input - Site'!$E$32 -> Dry climate zone
M77: EN2O | N77: {=AgResidue_Equations_CropResidue.VEERG_6_1_1_1__1__NitrousOxideEmissionsFromCropResidues(R71,R72,R73)} -> 0.00066792 | O77: =$E$34 -> t N2O
M79: {=Common_Equations.Common_ConvertN2OToCO2e_Arguments()} -> EN2O | N79: Nitrous oxide emissions (t N2O) | P79: =N77 -> 0.00066792
M80: GWPN2O | N80: Global warming potential for nitrous oxide (t CO2-e / t N2O) | P80: =Common_InputFunctions.Utility_LookupValueInTableNumber("N2O",Table_GWPData[Gas],Table_GWPData[CO2-e factor]) -> 265
M82: ECO2e | N82: {=Common_Equations.Common_ConvertN2OToCO2e(P79,P80)} -> 0.1769988 | O82: {=Common_Equations.Common_ConvertN2OToCO2e_Unit()} -> t CO2e
A83: =HYPERLINK("#A1", "▲ Back to top") -> ▲ Back to top

Sheet 6.2.1.1-2 Pasture residue N2O
A1: #VALUE! | C1: 6.2.1.1-2 Return of pasture residue to soils
A3: =HYPERLINK("#'Home'!A1", "Home") -> Home | D3: Method 1 | N3: Method 2
A4: =HYPERLINK("#'Overview'!A1", "Overview") -> Overview
A5: =HYPERLINK("#'Results'!A1", "Results") -> Results | D5: {=AgResidue_Equations_PastureResidue.VEERG_6_2_1_1__2__MassOfNitrogenInPastureResidues_Title()} -> Mass of nitrogen in pasture residues returned to the soil
D6: {=AgResidue_Equations_PastureResidue.VEERG_6_2_1_1__2__MassOfNitrogenInPastureResidues_Source()} -> VEERG 2026: 6.2.1.1, Equation (2)
A7: INPUTS | D7: Function name | E7: {=Common_InputFunctions.Utility_DisplayFunctionName(E21)} -> =AgResidue_Equations_PastureResidue.VEERG_6_2_1_1__2__MassOfNitrogenInPastureResidues
A8: =HYPERLINK("#'Input - Site'!A1", "Site") -> Site
A9: =HYPERLINK("#'Input - Crop'!A1", "Crop") -> Crop
A10: =HYPERLINK("#'Input - Pasture'!A1", "Pasture") -> Pasture | D10: Variable | E10: {=AgResidue_Equations_PastureResidue.VEERG_6_2_1_1__2__MassOfNitrogenInPastureResidues_Variable()} -> Mp
D11: Unit | E11: {=AgResidue_Equations_PastureResidue.VEERG_6_2_1_1__2__MassOfNitrogenInPastureResidues_Unit()} -> kg N
A12: CALCULATIONS
A13: =HYPERLINK("#'6.1.1.1-2 Crop residue N2O'!A1", "6.1.1.1-2 Crop residue N2O") -> 6.1.1.1-2 Crop residue N2O | D13: {=_xlfn.CHOOSECOLS(AgResidue_Equations_PastureResidue.VEERG_6_2_1_1__2__MassOfNitrogenInPastureResidues_Arguments(), 1, 2)} -> A_p | E13: area of pasture renewed or removed | H13: {=_xlfn.CHOOSECOLS(AgResidue_Equations_PastureResidue.VEERG_6_2_1_1__2__MassOfNitrogenInPastureResidues_Arguments(), 3,4)} -> ha | I13: Input | J13: ='Input - Pasture'!$E$25 -> 500 | N13: {=_xlfn.CHOOSECOLS(AgResidue_Equations_PastureResidue.VEERG_6_2_1_1__2__MassOfNitrogenInPastureResidues_Arguments_Method2(), 1, 2)} -> A_p | O13: area of pasture renewed or removed | R13: {=_xlfn.CHOOSECOLS(AgResidue_Equations_PastureResidue.VEERG_6_2_1_1__2__MassOfNitrogenInPastureResidues_Arguments_Method2(), 3,4)} -> ha | S13: Input
A14: =HYPERLINK("#'6.2.1.1-2 Pasture residue N2O'!A1", "6.2.1.1-2 Pasture residue N2O") -> 6.2.1.1-2 Pasture residue N2O | D14: Y_p | E14: average yield of pasture crop | H14: t DM/ha | I14: Constant | J14: {=Common_InputFunctions.Utility_LookupValueInTableNumber($J$19,Table_SourceData_PastureAttributes[Pasture type],Table_SourceData_PastureAttributes[Average Yield (t DM ha) Yp])} -> 8.34 | N14: Y_p | O14: average yield of pasture crop | R14: t DM/ha | S14: Input | T14: ='Input - Pasture'!$E$19 -> 8.34
A15: =HYPERLINK("#'6.3.1.1-2 Leaching and runoff'!A1", "6.3.1.1-2 Leaching and runoff") -> 6.3.1.1-2 Leaching and runoff | D15: NC_AGp | E15: N content of above-ground pasture residue | H15: kg N/kg DM | I15: Constant | J15: {=Common_InputFunctions.Utility_LookupValueInTableNumber($J$19,Table_SourceData_PastureAttributes[Pasture type],Table_SourceData_PastureAttributes[N content Above-ground NCAGp])} -> 0.025 | N15: NC_AGp | O15: N content of above-ground pasture residue | R15: kg N/kg DM | S15: Constant
A16: =HYPERLINK("#'6.4.1.1-2 Residue burning'!A1", "6.4.1.1-2 Residue burning") -> 6.4.1.1-2 Residue burning | D16: R_BGp | E16: below-ground residue to above-ground residue ratio for pasture crop | H16: dimensionless | I16: Constant | J16: {=Common_InputFunctions.Utility_LookupValueInTableNumber($J$19,Table_SourceData_PastureAttributes[Pasture type],Table_SourceData_PastureAttributes[Below-ground: above-ground residue ratio RBGp])} -> 0.8 | N16: R_BGp | O16: below-ground residue to above-ground residue ratio for pasture crop | R16: dimensionless | S16: Constant
D17: NC_BGp | E17: N content of below-ground pasture crop residue | H17: kg N/kg DM | I17: Constant | J17: {=Common_InputFunctions.Utility_LookupValueInTableNumber($J$19,Table_SourceData_PastureAttributes[Pasture type],Table_SourceData_PastureAttributes[N content Below-ground NCBGp])} -> 0.016 | N17: NC_BGp | O17: N content of below-ground pasture crop residue | R17: kg N/kg DM | S17: Constant
A18: APPENDICES | D18: FFOD_p | E18: fraction of pasture yield that is removed | H18: dimensionless | I18: Constant | J18: {=Common_InputFunctions.Utility_LookupValueInTableNumber($J$19,Table_SourceData_PastureAttributes[Pasture type],Table_SourceData_PastureAttributes[Fraction of pasture yield that is removed FFODp])} -> 0.8 | N18: FFOD_p | O18: fraction of pasture yield that is removed | R18: dimensionless | S18: Constant
A19: =HYPERLINK("#'Constants - Ag Residue'!A1", "Constants - Ag Residue") -> Constants - Ag Residue | D19: p | E19: Pasture type | I19: Input | J19: ='Input - Pasture'!$E$9 -> Grass clover mixture | N19: p | O19: Pasture type | S19: Input
A20: =HYPERLINK("#'Constants - Common'!A1", "Constants - Common") -> Constants - Common
D21: Mp | E21: {=AgResidue_Equations_PastureResidue.VEERG_6_2_1_1__2__MassOfNitrogenInPastureResidues(J13,J14,J18,J15,J16,J17)} -> 0.074226 | F21: {=AgResidue_Equations_PastureResidue.VEERG_6_2_1_1__2__MassOfNitrogenInPastureResidues_Unit()} -> kg N | N21: Mp | O21: {=AgResidue_Equations_PastureResidue.VEERG_6_2_1_1__2__MassOfNitrogenInPastureResidues(J13,T14,J18,J15,J16,J17)} -> 0.074226 | P21: {=AgResidue_Equations_PastureResidue.VEERG_6_2_1_1__2__MassOfNitrogenInPastureResidues_Unit()} -> kg N
D25: {=AgResidue_Equations_PastureResidue.VEERG_6_2_1_1__1__NitrousOxideEmissionsFromPastureResidues_Title()} -> Nitrous oxide emissions from the return of pasture residues from all pasture types to the soil | N25: {=AgResidue_Equations_PastureResidue.VEERG_6_2_1_1__1__NitrousOxideEmissionsFromPastureResidues_Title()} -> Nitrous oxide emissions from the return of pasture residues from all pasture types to the soil
D26: {=AgResidue_Equations_PastureResidue.VEERG_6_2_1_1__1__NitrousOxideEmissionsFromPastureResidues_Source()} -> VEERG 2026: 6.2.1.1, Equation (1) | N26: {=AgResidue_Equations_PastureResidue.VEERG_6_2_1_1__1__NitrousOxideEmissionsFromPastureResidues_Source()} -> VEERG 2026: 6.2.1.1, Equation (1)
D27: Function name | E27: {=Common_InputFunctions.Utility_DisplayFunctionName(E40)} -> =AgResidue_Equations_PastureResidue.VEERG_6_2_1_1__1__NitrousOxideEmissionsFromPastureResidues | N27: Function name | O27: {=Common_InputFunctions.Utility_DisplayFunctionName(O40)} -> =AgResidue_Equations_PastureResidue.VEERG_6_2_1_1__1__NitrousOxideEmissionsFromPastureResidues
D30: Variable | E30: {=AgResidue_Equations_PastureResidue.VEERG_6_2_1_1__1__NitrousOxideEmissionsFromPastureResidues_Variable()} -> EN2O | N30: Variable | O30: {=AgResidue_Equations_PastureResidue.VEERG_6_2_1_1__1__NitrousOxideEmissionsFromPastureResidues_Variable()} -> EN2O
D31: Unit | E31: {=AgResidue_Equations_PastureResidue.VEERG_6_2_1_1__1__NitrousOxideEmissionsFromPastureResidues_Unit()} -> t N2O | N31: Unit | O31: {=AgResidue_Equations_PastureResidue.VEERG_6_2_1_1__1__NitrousOxideEmissionsFromPastureResidues_Unit()} -> t N2O
D33: {=_xlfn.CHOOSECOLS(AgResidue_Equations_PastureResidue.VEERG_6_2_1_1__1__NitrousOxideEmissionsFromPastureResidues_Arguments(), 1, 2)} -> M_p | E33: mass of nitrogen in pasture p residues returned to the soil | H33: {=_xlfn.CHOOSECOLS(AgResidue_Equations_PastureResidue.VEERG_6_2_1_1__1__NitrousOxideEmissionsFromPastureResidues_Arguments(), 3,4)} -> kg N | I33: Calculated from 6.2.1.1 (2) | J33: =$E$21 -> 0.074226 | N33: {=_xlfn.CHOOSECOLS(AgResidue_Equations_PastureResidue.VEERG_6_2_1_1__1__NitrousOxideEmissionsFromPastureResidues_Arguments(), 1, 2)} -> M_p | O33: mass of nitrogen in pasture p residues returned to the soil | R33: {=_xlfn.CHOOSECOLS(AgResidue_Equations_PastureResidue.VEERG_6_2_1_1__1__NitrousOxideEmissionsFromPastureResidues_Arguments(), 3,4)} -> kg N | S33: Calculated from 6.2.1.1 (2) | T33: =$O$21 -> 0.074226
D34: EF_Ni | E34: emission factor for crop residues returned to the soil in climate zone i | H34: kg N2O-N/kg N | I34: Constant | J34: {=Common_InputFunctions.Utility_LookupValueInTableNumber(J37,Table_SourceData_N2OEFOrganicFert[Climate zone type i],Table_SourceData_N2OEFOrganicFert[EF i N2O])} -> 0.005 | N34: EF_Ni | O34: emission factor for crop residues returned to the soil in climate zone i | R34: kg N2O-N/kg N | S34: Constant
D35: C_N2O | E35: factor to convert elemental mass of nitrous oxide to molecular mass | H35: dimensionless | I35: Constant | J35: =Common_InputFunctions.Utility_LookupValueInTableNumber("N2O",Table_GasToMolecularConversionFactor[Gas],Table_GasToMolecularConversionFactor[Conversion factor combined]) -> 1.5714286 | N35: C_N2O | O35: factor to convert elemental mass of nitrous oxide to molecular mass | R35: dimensionless | S35: Constant
D36: p | E36: Pasture type | I36: Input | J36: ='Input - Pasture'!$E$9 -> Grass clover mixture | N36: p | O36: Pasture type | S36: Input
D37: i | E37: Wet or dry climate zone | I37: Input | J37: ='Input - Site'!$E$32 -> Dry climate zone | N37: i | O37: Wet or dry climate zone | S37: Input
D40: EN2O | E40: {=AgResidue_Equations_PastureResidue.VEERG_6_2_1_1__1__NitrousOxideEmissionsFromPastureResidues(J33,J34,J35)} -> 5.8320429e-07 | F40: {=AgResidue_Equations_PastureResidue.VEERG_6_2_1_1__1__NitrousOxideEmissionsFromPastureResidues_Unit()} -> t N2O | N40: EN2O | O40: {=AgResidue_Equations_PastureResidue.VEERG_6_2_1_1__1__NitrousOxideEmissionsFromPastureResidues(T33,J34,J35)} -> 5.8320429e-07 | P40: {=AgResidue_Equations_PastureResidue.VEERG_6_2_1_1__1__NitrousOxideEmissionsFromPastureResidues_Unit()} -> t N2O
D42: {=Common_Equations.Common_ConvertN2OToCO2e_Arguments()} -> EN2O | E42: Nitrous oxide emissions (t N2O) | G42: =E40 -> 5.8320429e-07 | N42: {=Common_Equations.Common_ConvertN2OToCO2e_Arguments()} -> EN2O | O42: Nitrous oxide emissions (t N2O) | Q42: =O40 -> 5.8320429e-07
D43: GWPN2O | E43: Global warming potential for nitrous oxide (t CO2-e / t N2O) | G43: =Common_InputFunctions.Utility_LookupValueInTableNumber("N2O",Table_GWPData[Gas],Table_GWPData[CO2-e factor]) -> 265 | N43: GWPN2O | O43: Global warming potential for nitrous oxide (t CO2-e / t N2O) | Q43: =Common_InputFunctions.Utility_LookupValueInTableNumber("N2O",Table_GWPData[Gas],Table_GWPData[CO2-e factor]) -> 265
A45: =HYPERLINK("#A1", "▲ Back to top") -> ▲ Back to top | D45: EN2O GWP | E45: {=Common_Equations.Common_ConvertN2OToCO2e(G42,G43)} -> 0.00015454914 | F45: {=Common_Equations.Common_ConvertN2OToCO2e_Unit()} -> t CO2e | N45: EN2O GWP | O45: {=Common_Equations.Common_ConvertN2OToCO2e(Q42,Q43)} -> 0.00015454914 | P45: {=Common_Equations.Common_ConvertN2OToCO2e_Unit()} -> t CO2e
A76: =HYPERLINK("#A1", "▲ Back to top") -> ▲ Back to top

Sheet 6.3.1.1-2 Leaching and runoff
A1: #VALUE! | C1: 6.3.1.1-2 Leaching and run-off from crop and pasture residues
A3: =HYPERLINK("#'Home'!A1", "Home") -> Home | D3: Method 1 | N3: Method 2
A4: =HYPERLINK("#'Overview'!A1", "Overview") -> Overview
A5: =HYPERLINK("#'Results'!A1", "Results") -> Results | D5: {=AgResidue_Equations_Leaching.VEERG_6_3_1_1__2__MassOfNitrogenLostThroughLeachingAndRunoff_Title()} -> Mass of nitrogen lost through leaching and runoff
D6: {=AgResidue_Equations_Leaching.VEERG_6_3_1_1__2__MassOfNitrogenLostThroughLeachingAndRunoff_Source()} -> VEERG 2026: 6.3.1.1, Equation (2)
A7: INPUTS | D7: Function name | E7: {=Common_InputFunctions.Utility_DisplayFunctionName(I24)} -> =AgResidue_Equations_Leaching.VEERG_6_3_1_1__2__MassOfNitrogenLostThroughLeachingAndRunoff
A8: =HYPERLINK("#'Input - Site'!A1", "Site") -> Site
A9: =HYPERLINK("#'Input - Crop'!A1", "Crop") -> Crop
A10: =HYPERLINK("#'Input - Pasture'!A1", "Pasture") -> Pasture | D10: Variable | E10: {=AgResidue_Equations_Leaching.VEERG_6_3_1_1__2__MassOfNitrogenLostThroughLeachingAndRunoff_Variable()} -> M_leachcp
D11: Unit | E11: {=AgResidue_Equations_Leaching.VEERG_6_3_1_1__2__MassOfNitrogenLostThroughLeachingAndRunoff_Unit()} -> kg N
A12: CALCULATIONS
A13: =HYPERLINK("#'6.1.1.1-2 Crop residue N2O'!A1", "6.1.1.1-2 Crop residue N2O") -> 6.1.1.1-2 Crop residue N2O | D13: {=_xlfn.CHOOSECOLS(AgResidue_Equations_Leaching.VEERG_6_3_1_1__2__MassOfNitrogenLostThroughLeachingAndRunoff_Arguments(), 1,2)} -> M_cp | E13: mass of nitrogen in crop residues c or pasture residues p applied to soils | H13: {=_xlfn.CHOOSECOLS(AgResidue_Equations_Leaching.VEERG_6_3_1_1__2__MassOfNitrogenLostThroughLeachingAndRunoff_Arguments(), 3,4)} -> kg N | I13: Calc from 6.1.1.1 (2) and 6.2.1.1 (2) | J13: {=HYPERLINK(Common_InputFunctions.Utility_SourceHyperlink($D$21), $D$21)} -> M1_Table_M_leach_cp
A14: =HYPERLINK("#'6.2.1.1-2 Pasture residue N2O'!A1", "6.2.1.1-2 Pasture residue N2O") -> 6.2.1.1-2 Pasture residue N2O | D14: FracWET_j | E14: fraction of N that is available for leaching and runoff from the leaching zone z and irrigation type ir | H14: dimensionless | I14: Constant | J14: {=HYPERLINK(Common_InputFunctions.Utility_SourceHyperlink($D$21), $D$21)} -> M1_Table_M_leach_cp
A15: =HYPERLINK("#'6.3.1.1-2 Leaching and runoff'!A1", "6.3.1.1-2 Leaching and runoff") -> 6.3.1.1-2 Leaching and runoff | D15: FracLEACH | E15: fraction of N that is lost through leaching and runoff | H15: dimensionless | I15: Constant | J15: ='Constants - Common'!$E$164 -> 0.24
A16: =HYPERLINK("#'6.4.1.1-2 Residue burning'!A1", "6.4.1.1-2 Residue burning") -> 6.4.1.1-2 Residue burning | D16: z | E16: Location in leaching zone | I16: Input | J16: {=HYPERLINK(Common_InputFunctions.Utility_SourceHyperlink($D$21), $D$21)} -> M1_Table_M_leach_cp
D17: c | E17: Crop residue type | I17: Input | J17: ='Input - Crop'!$E$9 -> Wheat
A18: APPENDICES | D18: p | E18: Pasture residue type | I18: Input | J18: ='Input - Pasture'!$E$9 -> Grass clover mixture
A19: =HYPERLINK("#'Constants - Ag Residue'!A1", "Constants - Ag Residue") -> Constants - Ag Residue | D19: ir | E19: Irrigation type | I19: Input | J19: {=HYPERLINK(Common_InputFunctions.Utility_SourceHyperlink($D$21), $D$21)} -> M1_Table_M_leach_cp
A20: =HYPERLINK("#'Constants - Common'!A1", "Constants - Common") -> Constants - Common
D21: M1_Table_M_leach_cp | N21: M1_Table_M_leach_cp
D22: Mass of nitrogen lost through leaching and runoff (Method 1) | N22: Mass of nitrogen lost through leaching and runoff (Method 1)
D23: Crop or pasture | E23: M_cp | F23: Irrigation | G23: Leaching zone | H23: FracWET_j | I23: M_leachcp | N23: Crop or pasture | O23: M_cp | P23: Irrigation | Q23: Leaching zone | R23: FracWET_j | S23: M_leachcp
D24: Crop | E24: ='6.1.1.1-2 Crop residue N2O'!$E$24 -> 85.008 | F24: ='Input - Crop'!$E$11 -> Sprinkler irrigation | G24: ='Input - Site'!E$23 -> NO - Not in leaching zone | H24: =CommonCropping_InputFunctions.CommonCropping_GetFracWET(G24,F24,#REF!,#REF!, Table_SourceData_FracWETIrrigation[Irrigation type i],Table_SourceData_FracWETIrrigation[FracWET]) -> 1 | I24: {=AgResidue_Equations_Leaching.VEERG_6_3_1_1__2__MassOfNitrogenLostThroughLeachingAndRunoff(E24,H24,$J$15)} -> 20.40192 | O24: ='6.1.1.1-2 Crop residue N2O'!$N$59 -> 85.008 | S24: {=AgResidue_Equations_Leaching.VEERG_6_3_1_1__2__MassOfNitrogenLostThroughLeachingAndRunoff(O24,H24,$J$15)} -> 20.40192
D25: Pasture | E25: ='6.2.1.1-2 Pasture residue N2O'!$E$21 -> 0.074226 | F25: ='Input - Pasture'!$E$10 -> Surface irrigation | G25: ='Input - Site'!E$23 -> NO - Not in leaching zone | H25: =CommonCropping_InputFunctions.CommonCropping_GetFracWET(G25,F25,#REF!,#REF!, Table_SourceData_FracWETIrrigation[Irrigation type i],Table_SourceData_FracWETIrrigation[FracWET]) -> 1 | I25: {=AgResidue_Equations_Leaching.VEERG_6_3_1_1__2__MassOfNitrogenLostThroughLeachingAndRunoff(E25,H25,$J$15)} -> 0.01781424 | O25: ='6.2.1.1-2 Pasture residue N2O'!$O$21 -> 0.074226 | S25: {=AgResidue_Equations_Leaching.VEERG_6_3_1_1__2__MassOfNitrogenLostThroughLeachingAndRunoff(O25,H25,$J$15)} -> 0.01781424
D28: {=AgResidue_Equations_Leaching.VEERG_6_3_1_1__1__LeachingAndRunoffEmissionsCropAndPastureResidue_Title()} -> Nitrous oxide leaching and runoff emissions from crop and pasture residues returned to the soil
D29: {=AgResidue_Equations_Leaching.VEERG_6_3_1_1__1__LeachingAndRunoffEmissionsCropAndPastureResidue_Source()} -> VEERG 2026: 6.3.1.1, Equation (1)
D30: Function name | E30: {=Common_InputFunctions.Utility_DisplayFunctionName(E45)} -> =AgResidue_Equations_Leaching.VEERG_6_3_1_1__1__LeachingAndRunoffEmissionsCropAndPastureResidue
D33: Variable | E33: {=AgResidue_Equations_Leaching.VEERG_6_3_1_1__1__LeachingAndRunoffEmissionsCropAndPastureResidue_Variable()} -> EN2O
A34: =HYPERLINK("#A1", "▲ Back to top") -> ▲ Back to top | D34: Unit | E34: {=AgResidue_Equations_Leaching.VEERG_6_3_1_1__1__LeachingAndRunoffEmissionsCropAndPastureResidue_Unit()} -> t N2O
D36: {=_xlfn.CHOOSECOLS(AgResidue_Equations_Leaching.VEERG_6_3_1_1__1__LeachingAndRunoffEmissionsCropAndPastureResidue_Arguments(),1,2)} -> M_leachcp | E36: mass of nitrogen lost through leaching and runoff from the crop residue c or pasture residue p | H36: {=_xlfn.CHOOSECOLS(AgResidue_Equations_Leaching.VEERG_6_3_1_1__1__LeachingAndRunoffEmissionsCropAndPastureResidue_Arguments(),3,4)} -> kg N | I36: Calculated from 6.3.1.1 (2) | J36: {=HYPERLINK(Common_InputFunctions.Utility_SourceHyperlink($D$21), $D$21)} -> M1_Table_M_leach_cp
D37: EF_leach | E37: emission factor for leaching and runoff | H37: kg N2O-N/kg N | I37: Constant | J37: ='Constants - Common'!$E$170 -> 0.011
D38: C_N2O | E38: factor to convert elemental mass of nitrous oxide to molecular mass | H38: dimensionless | I38: Constant | J38: =Common_InputFunctions.Utility_LookupValueInTableNumber("N2O",Table_GasToMolecularConversionFactor[Gas],Table_GasToMolecularConversionFactor[Conversion factor combined]) -> 1.5714286
D39: c | E39: Crop residue type | I39: Input | J39: ='Input - Crop'!E9 -> Wheat
D40: p | E40: Pasture residue type | I40: Input | J40: ='Input - Pasture'!$E$9 -> Grass clover mixture
D42: M1_Table_E_N2O | N42: M1_Table_E_N2O
D43: Nitrous oxide leaching and runoff emissions (Method 1) | N43: Nitrous oxide leaching and runoff emissions (Method 1)
D44: M_leachcp | E44: E_N2O | N44: M_leachcp | O44: E_N2O
D45: =I24 -> 20.40192 | E45: {=AgResidue_Equations_Leaching.VEERG_6_3_1_1__1__LeachingAndRunoffEmissionsCropAndPastureResidue(D45,$J$37,$J$38)} -> 0.00035266176 | N45: =S24 -> 20.40192 | O45: {=AgResidue_Equations_Leaching.VEERG_6_3_1_1__1__LeachingAndRunoffEmissionsCropAndPastureResidue(N45,$J$37,$J$38)} -> 0.00035266176
D46: =I25 -> 0.01781424 | E46: {=AgResidue_Equations_Leaching.VEERG_6_3_1_1__1__LeachingAndRunoffEmissionsCropAndPastureResidue(D46,$J$37,$J$38)} -> 3.0793186e-07 | N46: =S25 -> 0.01781424 | O46: {=AgResidue_Equations_Leaching.VEERG_6_3_1_1__1__LeachingAndRunoffEmissionsCropAndPastureResidue(N46,$J$37,$J$38)} -> 3.0793186e-07
D48: EN2O | E48: =SUM(E45:E46) -> 0.00035296969 | F48: =$E$34 -> t N2O | N48: EN2O | O48: =SUM(O45:O46) -> 0.00035296969 | P48: =$E$34 -> t N2O
D50: {=Common_Equations.Common_ConvertN2OToCO2e_Arguments()} -> EN2O | E50: Nitrous oxide emissions (t N2O) | G50: =E48 -> 0.00035296969 | N50: {=Common_Equations.Common_ConvertN2OToCO2e_Arguments()} -> EN2O | O50: Nitrous oxide emissions (t N2O) | Q50: =O48 -> 0.00035296969
D51: GWPN2O | E51: Global warming potential for nitrous oxide (t CO2-e / t N2O) | G51: =Common_InputFunctions.Utility_LookupValueInTableNumber("N2O",Table_GWPData[Gas],Table_GWPData[CO2-e factor]) -> 265 | N51: GWPN2O | O51: Global warming potential for nitrous oxide (t CO2-e / t N2O) | Q51: =Common_InputFunctions.Utility_LookupValueInTableNumber("N2O",Table_GWPData[Gas],Table_GWPData[CO2-e factor]) -> 265
D53: ECO2e | E53: {=Common_Equations.Common_ConvertN2OToCO2e(G50,G51)} -> 0.093536968 | F53: {=Common_Equations.Common_ConvertN2OToCO2e_Unit()} -> t CO2e | N53: ECO2e | O53: {=Common_Equations.Common_ConvertN2OToCO2e(Q50,Q51)} -> 0.093536968 | P53: {=Common_Equations.Common_ConvertN2OToCO2e_Unit()} -> t CO2e
A55: =HYPERLINK("#A1", "▲ Back to top") -> ▲ Back to top

Sheet 6.4.1.1-2 Residue burning
A1: #VALUE! | C1: 6.4.1.1-2 Field burning of crop residues
A3: =HYPERLINK("#'Home'!A1", "Home") -> Home | D3: Method 1 | M3: Method 2
A4: =HYPERLINK("#'Overview'!A1", "Overview") -> Overview
A5: =HYPERLINK("#'Results'!A1", "Results") -> Results | D5: {=AgResidue_Equations_FieldBurning.VEERG_6_4_1_1__3__MassOfCropResidueBurnt_Title()} -> Mass of residue of crop c burnt
D6: {=AgResidue_Equations_FieldBurning.VEERG_6_4_1_1__3__MassOfCropResidueBurnt_Source()} -> VEERG 2026: 6.4.1.1, Equation (3)
A7: INPUTS | D7: Function name | E7: {=Common_InputFunctions.Utility_DisplayFunctionName(E21)} -> =AgResidue_Equations_FieldBurning.VEERG_6_4_1_1__3__MassOfCropResidueBurnt
A8: =HYPERLINK("#'Input - Site'!A1", "Site") -> Site
A9: =HYPERLINK("#'Input - Crop'!A1", "Crop") -> Crop
A10: =HYPERLINK("#'Input - Pasture'!A1", "Pasture") -> Pasture | D10: Variable | E10: {=AgResidue_Equations_FieldBurning.VEERG_6_4_1_1__3__MassOfCropResidueBurnt_Variable()} -> M_burnc
D11: Unit | E11: {=AgResidue_Equations_FieldBurning.VEERG_6_4_1_1__3__MassOfCropResidueBurnt_Unit()} -> kg
A12: CALCULATIONS
A13: =HYPERLINK("#'6.1.1.1-2 Crop residue N2O'!A1", "6.1.1.1-2 Crop residue N2O") -> 6.1.1.1-2 Crop residue N2O | D13: {=_xlfn.CHOOSECOLS(AgResidue_Equations_FieldBurning.VEERG_6_4_1_1__3__MassOfCropResidueBurnt_Arguments(), 1, 2)} -> P_c | E13: annual production of crop type c | G13: {=_xlfn.CHOOSECOLS(AgResidue_Equations_FieldBurning.VEERG_6_4_1_1__3__MassOfCropResidueBurnt_Arguments(), 3,4)} -> kg | H13: Input | I13: ='Input - Crop'!$E$22 -> 10000
A14: =HYPERLINK("#'6.2.1.1-2 Pasture residue N2O'!A1", "6.2.1.1-2 Pasture residue N2O") -> 6.2.1.1-2 Pasture residue N2O | D14: R_AGc | E14: residue to crop ratio of crop type c | G14: kg crop residue/kg crop | H14: Constant | I14: ='Input - Crop'!$E$18 -> 1.5
A15: =HYPERLINK("#'6.3.1.1-2 Leaching and runoff'!A1", "6.3.1.1-2 Leaching and runoff") -> 6.3.1.1-2 Leaching and runoff | D15: S_c | E15: fraction of residues of crop type c remaining at burning | G15: dimensionless | H15: Constant | I15: {=Common_InputFunctions.Utility_LookupValueInTableNumber($I$19,Table_SourceData_CropAttributes[Crop type],Table_SourceData_CropAttributes[Fraction of residue remaining at time of burning (b)])} -> 0.5
A16: =HYPERLINK("#'6.4.1.1-2 Residue burning'!A1", "6.4.1.1-2 Residue burning") -> 6.4.1.1-2 Residue burning | D16: DM_c | E16: dry matter content of crop type c | G16: kg dry weight/kg crop residue | H16: Constant | I16: {=Common_InputFunctions.Utility_LookupValueInTableNumber($I$19,Table_SourceData_CropAttributes[Crop type],Table_SourceData_CropAttributes[Dry matter content])} -> 0.88
D17: Z_c | E17: burning efficiency (ratio of fuel burnt to fuel load) of crop type c | G17: dimensionless | H17: Constant | I17: {=Common_InputFunctions.Utility_LookupValueInTableNumber($I$19,Table_SourceData_CropAttributes[Crop type],Table_SourceData_CropAttributes[Fraction burnt])} -> 0.9
A18: APPENDICES | D18: F_c | E18: fraction of the annual production of crop type c that is burnt | G18: dimensionless | H18: Constant | I18: ='Input - Crop'!$E$43 -> 0.3
A19: =HYPERLINK("#'Constants - Ag Residue'!A1", "Constants - Ag Residue") -> Constants - Ag Residue | D19: c | E19: Crop type | H19: Input | I19: ='Input - Crop'!$E$9 -> Wheat
A20: =HYPERLINK("#'Constants - Common'!A1", "Constants - Common") -> Constants - Common
D21: Mburn,c | E21: {=AgResidue_Equations_FieldBurning.VEERG_6_4_1_1__3__MassOfCropResidueBurnt(I13,I14,I15,I16,I17,I18)} -> 1782 | F21: {=AgResidue_Equations_FieldBurning.VEERG_6_4_1_1__3__MassOfCropResidueBurnt_Unit()} -> kg
D25: {=AgResidue_Equations_FieldBurning.VEERG_6_4_1_1__2__NitrousOxideEmissionsFromBurningOfCropResidues_Title()} -> Nitrous oxide emissions from the burning of crop residues
D26: {=AgResidue_Equations_FieldBurning.VEERG_6_4_1_1__2__NitrousOxideEmissionsFromBurningOfCropResidues_Source()} -> VEERG 2026: 6.4.1.1, Equation (2)
D27: Function name | E27: {=Common_InputFunctions.Utility_DisplayFunctionName(E39)} -> =AgResidue_Equations_FieldBurning.VEERG_6_4_1_1__2__NitrousOxideEmissionsFromBurningOfCropResidues
D30: Variable | E30: {=AgResidue_Equations_FieldBurning.VEERG_6_4_1_1__2__NitrousOxideEmissionsFromBurningOfCropResidues_Variable()} -> EN2O
D31: Unit | E31: {=AgResidue_Equations_FieldBurning.VEERG_6_4_1_1__2__NitrousOxideEmissionsFromBurningOfCropResidues_Unit()} -> t N2O
D33: {=_xlfn.CHOOSECOLS(AgResidue_Equations_FieldBurning.VEERG_6_4_1_1__2__NitrousOxideEmissionsFromBurningOfCropResidues_Arguments(), 1, 2)} -> M_burnc | E33: mass of residue burnt for crop type c | G33: {=_xlfn.CHOOSECOLS(AgResidue_Equations_FieldBurning.VEERG_6_4_1_1__2__NitrousOxideEmissionsFromBurningOfCropResidues_Arguments(), 3,4)} -> kg | H33: Calculated from 6.4.1.1 (3) | I33: =$E$21 -> 1782
D34: NC_AGc | E34: nitrogen content in the above-ground residue of crop type c | G34: kg N/kg DM | H34: Constant | I34: {=Common_InputFunctions.Utility_LookupValueInTableNumber($I$37,Table_SourceData_CropAttributes[Crop type],Table_SourceData_CropAttributes[N content above-ground])} -> 0.006
D35: EF_N2O | E35: emission factor for nitrous oxide from burning of crop residues | G35: kg N2O/kg N2O burnt | H35: Constant | I35: {=Common_InputFunctions.Utility_LookupValueInTableNumber("N2O", Table_SourceData_BurningResidueEFs[Gas species],Table_SourceData_BurningResidueEFs[Emission factor EFg (Gg element in species/ Gg element in fuel burnt)])} -> 0.0076
D36: C_N2O | E36: factor to convert elemental mass of nitrous oxide to molecular mass | G36: dimensionless | H36: Constant | I36: =Common_InputFunctions.Utility_LookupValueInTableNumber("N2O",Table_GasToMolecularConversionFactor[Gas],Table_GasToMolecularConversionFactor[Conversion factor combined]) -> 1.5714286
D37: c | E37: Crop type | H37: Input | I37: ='Input - Crop'!$E$9 -> Wheat
D39: EN2O | E39: {=AgResidue_Equations_FieldBurning.VEERG_6_4_1_1__2__NitrousOxideEmissionsFromBurningOfCropResidues(I33,I34,I35,I36)} -> 0.00012769303 | F39: {=AgResidue_Equations_FieldBurning.VEERG_6_4_1_1__2__NitrousOxideEmissionsFromBurningOfCropResidues_Unit()} -> t N2O
D41: {=Common_Equations.Common_ConvertN2OToCO2e_Arguments()} -> EN2O | E41: Nitrous oxide emissions (t N2O) | H41: =E39 -> 0.00012769303
D42: GWPN2O | E42: Global warming potential for nitrous oxide (t CO2-e / t N2O) | H42: =Common_InputFunctions.Utility_LookupValueInTableNumber("N2O",Table_GWPData[Gas],Table_GWPData[CO2-e factor]) -> 265
D44: ECO2e | E44: {=Common_Equations.Common_ConvertN2OToCO2e(H41,H42)} -> 0.033838653 | F44: {=Common_Equations.Common_ConvertN2OToCO2e_Unit()} -> t CO2e
A46: =HYPERLINK("#A1", "▲ Back to top") -> ▲ Back to top
D48: {=AgResidue_Equations_FieldBurning.VEERG_6_4_1_1__1__MethaneEmissionsFromBurningOfCropResidues_Title()} -> Methane emissions from the burning of crop residues
D49: {=AgResidue_Equations_FieldBurning.VEERG_6_4_1_1__1__MethaneEmissionsFromBurningOfCropResidues_Source()} -> VEERG 2026: 6.4.1.1, Equation (1)
D50: Function name | E50: {=Common_InputFunctions.Utility_DisplayFunctionName(E62)} -> =AgResidue_Equations_FieldBurning.VEERG_6_4_1_1__1__MethaneEmissionsFromBurningOfCropResidues
D53: Variable | E53: {=AgResidue_Equations_FieldBurning.VEERG_6_4_1_1__1__MethaneEmissionsFromBurningOfCropResidues_Variable()} -> ECH4
D54: Unit | E54: {=AgResidue_Equations_FieldBurning.VEERG_6_4_1_1__1__MethaneEmissionsFromBurningOfCropResidues_Unit()} -> t CH4
D56: {=_xlfn.CHOOSECOLS(AgResidue_Equations_FieldBurning.VEERG_6_4_1_1__1__MethaneEmissionsFromBurningOfCropResidues_Arguments(), 1,2)} -> M_burnc | E56: mass of residue burnt for crop type c | G56: {=_xlfn.CHOOSECOLS(AgResidue_Equations_FieldBurning.VEERG_6_4_1_1__1__MethaneEmissionsFromBurningOfCropResidues_Arguments(), 3,4)} -> kg | H56: Calculated from 6.4.1.1 (3) | I56: =$E$21 -> 1782
D57: CC_c | E57: carbon mass fraction in the residues of crop type c | G57: dimensionless | H57: Constant | I57: {=Common_InputFunctions.Utility_LookupValueInTableNumber($I$60,Table_SourceData_CropAttributes[Crop type],Table_SourceData_CropAttributes[Carbon fraction in dry matter])} -> 0.4
D58: EF_CH4 | E58: emission factor for methane from burning of crop residues | G58: kg CH4 / kg CH4 burnt | H58: Constant | I58: {=Common_InputFunctions.Utility_LookupValueInTableNumber("CH4", Table_SourceData_BurningResidueEFs[Gas species],Table_SourceData_BurningResidueEFs[Emission factor EFg (Gg element in species/ Gg element in fuel burnt)])} -> 0.0035
D59: C_CH4 | E59: factor to convert elemental mass of methane to molecular mass | G59: dimensionless | H59: Constant | I59: =Common_InputFunctions.Utility_LookupValueInTableNumber("CH4",Table_GasToMolecularConversionFactor[Gas],Table_GasToMolecularConversionFactor[Conversion factor combined]) -> 1.3333333
D60: c | E60: Crop type | H60: Input | I60: ='Input - Crop'!$E$9 -> Wheat
D62: EN2O | E62: {=AgResidue_Equations_FieldBurning.VEERG_6_4_1_1__1__MethaneEmissionsFromBurningOfCropResidues(I56,I57,I58,I59)} -> 0.0033264 | F62: {=AgResidue_Equations_FieldBurning.VEERG_6_4_1_1__2__NitrousOxideEmissionsFromBurningOfCropResidues_Unit()} -> t N2O
D64: {=Common_Equations.Common_ConvertCH4ToCO2e_Arguments()} -> ECH4 | E64: Methane emissions (t CH4) | H64: =E62 -> 0.0033264
D65: GWPCH4 | E65: Global warming potential for methane (t CO2-e / t CH4) | H65: =Common_InputFunctions.Utility_LookupValueInTableNumber("CH4",Table_GWPData[Gas],Table_GWPData[CO2-e factor]) -> 28
A67: =HYPERLINK("#A1", "▲ Back to top") -> ▲ Back to top | D67: ECO2e | E67: {=Common_Equations.Common_ConvertCH4ToCO2e(H64,H65)} -> 0.0931392 | F67: {=Common_Equations.Common_ConvertCH4ToCO2e_Unit()} -> t CO2e

Sheet Constants - Ag Residue
A1: #VALUE! | C1: Constants - Agricultural residue
A3: =HYPERLINK("#'Home'!A1", "Home") -> Home
A4: =HYPERLINK("#'Overview'!A1", "Overview") -> Overview
A5: =HYPERLINK("#'Results'!A1", "Results") -> Results | D5: {=Agresidue_SourceData.CropPurposeAndYield_Title()} -> Crop purpose and yield
A7: INPUTS | D7: Purpose | E7: Per hectare unit | F7: harvest term | G7: harvest endpoint | H7: Harvest uit | I7: Yield note | J7: Residue crop ratio note | K7: Total production note
A8: =HYPERLINK("#'Input - Site'!A1", "Site") -> Site | D8: {=Common_InputFunctions.Utility_DisplayArrayInTable(Agresidue_SourceData.CropPurposeAndYield_Data(), Table_SourceData_CropPurposeAndYields[[#Headers],[Purpose]], 0)} -> Cash grain crop | E8: {=Common_InputFunctions.Utility_DisplayArrayInTable(Agresidue_SourceData.CropPurposeAndYield_Data(), Table_SourceData_CropPurposeAndYields[[#Headers],[Purpose]], 0)} -> grain | F8: {=Common_InputFunctions.Utility_DisplayArrayInTable(Agresidue_SourceData.CropPurposeAndYield_Data(), Table_SourceData_CropPurposeAndYields[[#Headers],[Purpose]], 0)} -> yield | G8: {=Common_InputFunctions.Utility_DisplayArrayInTable(Agresidue_SourceData.CropPurposeAndYield_Data(), Table_SourceData_CropPurposeAndYields[[#Headers],[Purpose]], 0)} -> harvest | H8: {=Common_InputFunctions.Utility_DisplayArrayInTable(Agresidue_SourceData.CropPurposeAndYield_Data(), Table_SourceData_CropPurposeAndYields[[#Headers],[Purpose]], 0)} -> grain | I8: {=Common_InputFunctions.Utility_DisplayArrayInTable(Agresidue_SourceData.CropPurposeAndYield_Data(), Table_SourceData_CropPurposeAndYields[[#Headers],[Purpose]], 0)} -> Yield is the grain harvested from the plant | J8: {=Common_InputFunctions.Utility_DisplayArrayInTable(Agresidue_SourceData.CropPurposeAndYield_Data(), Table_SourceData_CropPurposeAndYields[[#Headers],[Purpose]], 0)} -> Residue to crop ratio is provided from default values | K8: {=Common_InputFunctions.Utility_DisplayArrayInTable(Agresidue_SourceData.CropPurposeAndYield_Data(), Table_SourceData_CropPurposeAndYields[[#Headers],[Purpose]], 0)} -> Total production is the total grain harvested
A9: =HYPERLINK("#'Input - Crop'!A1", "Crop") -> Crop | D9: {=Common_InputFunctions.Utility_DisplayArrayInTable(Agresidue_SourceData.CropPurposeAndYield_Data(), Table_SourceData_CropPurposeAndYields[[#Headers],[Purpose]], 0)} -> Cash crop for hay/silage | E9: {=Common_InputFunctions.Utility_DisplayArrayInTable(Agresidue_SourceData.CropPurposeAndYield_Data(), Table_SourceData_CropPurposeAndYields[[#Headers],[Purpose]], 0)} -> above ground biomass | F9: {=Common_InputFunctions.Utility_DisplayArrayInTable(Agresidue_SourceData.CropPurposeAndYield_Data(), Table_SourceData_CropPurposeAndYields[[#Headers],[Purpose]], 0)} -> yield | G9: {=Common_InputFunctions.Utility_DisplayArrayInTable(Agresidue_SourceData.CropPurposeAndYield_Data(), Table_SourceData_CropPurposeAndYields[[#Headers],[Purpose]], 0)} -> harvest | H9: {=Common_InputFunctions.Utility_DisplayArrayInTable(Agresidue_SourceData.CropPurposeAndYield_Data(), Table_SourceData_CropPurposeAndYields[[#Headers],[Purpose]], 0)} -> plant biomass | I9: {=Common_InputFunctions.Utility_DisplayArrayInTable(Agresidue_SourceData.CropPurposeAndYield_Data(), Table_SourceData_CropPurposeAndYields[[#Headers],[Purpose]], 0)} -> Yield is the whole plant harvested for hay/silage | J9: {=Common_InputFunctions.Utility_DisplayArrayInTable(Agresidue_SourceData.CropPurposeAndYield_Data(), Table_SourceData_CropPurposeAndYields[[#Headers],[Purpose]], 0)} -> Residue to crop ratio is 0 assuming the whole plant is harvested for hay/silage | K9: {=Common_InputFunctions.Utility_DisplayArrayInTable(Agresidue_SourceData.CropPurposeAndYield_Data(), Table_SourceData_CropPurposeAndYields[[#Headers],[Purpose]], 0)} -> Total production is the total whole plant biomass harvested as hay/silage
A10: =HYPERLINK("#'Input - Pasture'!A1", "Pasture") -> Pasture | D10: {=Common_InputFunctions.Utility_DisplayArrayInTable(Agresidue_SourceData.CropPurposeAndYield_Data(), Table_SourceData_CropPurposeAndYields[[#Headers],[Purpose]], 0)} -> Cover crop | E10: {=Common_InputFunctions.Utility_DisplayArrayInTable(Agresidue_SourceData.CropPurposeAndYield_Data(), Table_SourceData_CropPurposeAndYields[[#Headers],[Purpose]], 0)} -> above ground biomass | F10: {=Common_InputFunctions.Utility_DisplayArrayInTable(Agresidue_SourceData.CropPurposeAndYield_Data(), Table_SourceData_CropPurposeAndYields[[#Headers],[Purpose]], 0)} -> mass | G10: {=Common_InputFunctions.Utility_DisplayArrayInTable(Agresidue_SourceData.CropPurposeAndYield_Data(), Table_SourceData_CropPurposeAndYields[[#Headers],[Purpose]], 0)} -> end of crop cycle | H10: {=Common_InputFunctions.Utility_DisplayArrayInTable(Agresidue_SourceData.CropPurposeAndYield_Data(), Table_SourceData_CropPurposeAndYields[[#Headers],[Purpose]], 0)} -> above ground biomass | I10: {=Common_InputFunctions.Utility_DisplayArrayInTable(Agresidue_SourceData.CropPurposeAndYield_Data(), Table_SourceData_CropPurposeAndYields[[#Headers],[Purpose]], 0)} -> Yield is the whole plant kept as cover crop | J10: {=Common_InputFunctions.Utility_DisplayArrayInTable(Agresidue_SourceData.CropPurposeAndYield_Data(), Table_SourceData_CropPurposeAndYields[[#Headers],[Purpose]], 0)} -> Residue to crop ratio is 1 assuming the whole plant is kept as cover crop | K10: {=Common_InputFunctions.Utility_DisplayArrayInTable(Agresidue_SourceData.CropPurposeAndYield_Data(), Table_SourceData_CropPurposeAndYields[[#Headers],[Purpose]], 0)} -> Total production is the total whole plant biomass kept as cover crop
A12: CALCULATIONS
A13: =HYPERLINK("#'6.1.1.1-2 Crop residue N2O'!A1", "6.1.1.1-2 Crop residue N2O") -> 6.1.1.1-2 Crop residue N2O
A14: =HYPERLINK("#'6.2.1.1-2 Pasture residue N2O'!A1", "6.2.1.1-2 Pasture residue N2O") -> 6.2.1.1-2 Pasture residue N2O
A15: =HYPERLINK("#'6.3.1.1-2 Leaching and runoff'!A1", "6.3.1.1-2 Leaching and runoff") -> 6.3.1.1-2 Leaching and runoff | D15: {=Agresidue_SourceData.CropAttributes_Title()} -> Table A.2.1.1: Crop attributes
A16: =HYPERLINK("#'6.4.1.1-2 Residue burning'!A1", "6.4.1.1-2 Residue burning") -> 6.4.1.1-2 Residue burning | D16: {=Agresidue_SourceData.CropAttributes_Source()} -> VEERG 2026: Table A.2.1.1: Crop attributes
D17: {="⚠️" & Agresidue_SourceData.CropAttributes_Variation()} -> ⚠️VARIATION FROM SOURCE: 'N/A' values passed as zero for calculations.
A18: APPENDICES
A19: =HYPERLINK("#'Constants - Ag Residue'!A1", "Constants - Ag Residue") -> Constants - Ag Residue | D19: Crop type | E19: Residue: Crop ratio | F19: Below-ground: above-ground residue ratio | G19: Dry matter content | H19: Carbon fraction in dry matter | I19: N content above-ground | J19: N content below-ground | K19: Fraction of residue remaining at time of burning (b) | L19: Fraction burnt | N19: Irrigation methods
A20: =HYPERLINK("#'Constants - Common'!A1", "Constants - Common") -> Constants - Common | D20: {=Common_InputFunctions.Utility_DisplayArrayInTable(Agresidue_SourceData.CropAttributes_Data(),Table_SourceData_CropAttributes[[#Headers],[Crop type]], -1)} -> Wheat | E20: {=Common_InputFunctions.Utility_DisplayArrayInTable(Agresidue_SourceData.CropAttributes_Data(),Table_SourceData_CropAttributes[[#Headers],[Crop type]], -1)} -> 1.5 | F20: {=Common_InputFunctions.Utility_DisplayArrayInTable(Agresidue_SourceData.CropAttributes_Data(),Table_SourceData_CropAttributes[[#Headers],[Crop type]], -1)} -> 0.29 | G20: {=Common_InputFunctions.Utility_DisplayArrayInTable(Agresidue_SourceData.CropAttributes_Data(),Table_SourceData_CropAttributes[[#Headers],[Crop type]], -1)} -> 0.88 | H20: {=Common_InputFunctions.Utility_DisplayArrayInTable(Agresidue_SourceData.CropAttributes_Data(),Table_SourceData_CropAttributes[[#Headers],[Crop type]], -1)} -> 0.4 | I20: {=Common_InputFunctions.Utility_DisplayArrayInTable(Agresidue_SourceData.CropAttributes_Data(),Table_SourceData_CropAttributes[[#Headers],[Crop type]], -1)} -> 0.006 | J20: {=Common_InputFunctions.Utility_DisplayArrayInTable(Agresidue_SourceData.CropAttributes_Data(),Table_SourceData_CropAttributes[[#Headers],[Crop type]], -1)} -> 0.01 | K20: {=Common_InputFunctions.Utility_DisplayArrayInTable(Agresidue_SourceData.CropAttributes_Data(),Table_SourceData_CropAttributes[[#Headers],[Crop type]], -1)} -> 0.5 | L20: {=Common_InputFunctions.Utility_DisplayArrayInTable(Agresidue_SourceData.CropAttributes_Data(),Table_SourceData_CropAttributes[[#Headers],[Crop type]], -1)} -> 0.9
D21: {=Common_InputFunctions.Utility_DisplayArrayInTable(Agresidue_SourceData.CropAttributes_Data(),Table_SourceData_CropAttributes[[#Headers],[Crop type]], -1)} -> Barley | E21: {=Common_InputFunctions.Utility_DisplayArrayInTable(Agresidue_SourceData.CropAttributes_Data(),Table_SourceData_CropAttributes[[#Headers],[Crop type]], -1)} -> 1.24 | F21: {=Common_InputFunctions.Utility_DisplayArrayInTable(Agresidue_SourceData.CropAttributes_Data(),Table_SourceData_CropAttributes[[#Headers],[Crop type]], -1)} -> 0.32 | G21: {=Common_InputFunctions.Utility_DisplayArrayInTable(Agresidue_SourceData.CropAttributes_Data(),Table_SourceData_CropAttributes[[#Headers],[Crop type]], -1)} -> 0.88 | H21: {=Common_InputFunctions.Utility_DisplayArrayInTable(Agresidue_SourceData.CropAttributes_Data(),Table_SourceData_CropAttributes[[#Headers],[Crop type]], -1)} -> 0.4 | I21: {=Common_InputFunctions.Utility_DisplayArrayInTable(Agresidue_SourceData.CropAttributes_Data(),Table_SourceData_CropAttributes[[#Headers],[Crop type]], -1)} -> 0.007 | J21: {=Common_InputFunctions.Utility_DisplayArrayInTable(Agresidue_SourceData.CropAttributes_Data(),Table_SourceData_CropAttributes[[#Headers],[Crop type]], -1)} -> 0.01 | K21: {=Common_InputFunctions.Utility_DisplayArrayInTable(Agresidue_SourceData.CropAttributes_Data(),Table_SourceData_CropAttributes[[#Headers],[Crop type]], -1)} -> 0.5 | L21: {=Common_InputFunctions.Utility_DisplayArrayInTable(Agresidue_SourceData.CropAttributes_Data(),Table_SourceData_CropAttributes[[#Headers],[Crop type]], -1)} -> 0.85 | N21: Irrigation method
D22: {=Common_InputFunctions.Utility_DisplayArrayInTable(Agresidue_SourceData.CropAttributes_Data(),Table_SourceData_CropAttributes[[#Headers],[Crop type]], -1)} -> Maize | E22: {=Common_InputFunctions.Utility_DisplayArrayInTable(Agresidue_SourceData.CropAttributes_Data(),Table_SourceData_CropAttributes[[#Headers],[Crop type]], -1)} -> 0.81 | F22: {=Common_InputFunctions.Utility_DisplayArrayInTable(Agresidue_SourceData.CropAttributes_Data(),Table_SourceData_CropAttributes[[#Headers],[Crop type]], -1)} -> 0.39 | G22: {=Common_InputFunctions.Utility_DisplayArrayInTable(Agresidue_SourceData.CropAttributes_Data(),Table_SourceData_CropAttributes[[#Headers],[Crop type]], -1)} -> 0.85 | H22: {=Common_InputFunctions.Utility_DisplayArrayInTable(Agresidue_SourceData.CropAttributes_Data(),Table_SourceData_CropAttributes[[#Headers],[Crop type]], -1)} -> 0.42 | I22: {=Common_InputFunctions.Utility_DisplayArrayInTable(Agresidue_SourceData.CropAttributes_Data(),Table_SourceData_CropAttributes[[#Headers],[Crop type]], -1)} -> 0.005 | J22: {=Common_InputFunctions.Utility_DisplayArrayInTable(Agresidue_SourceData.CropAttributes_Data(),Table_SourceData_CropAttributes[[#Headers],[Crop type]], -1)} -> 0.007 | K22: {=Common_InputFunctions.Utility_DisplayArrayInTable(Agresidue_SourceData.CropAttributes_Data(),Table_SourceData_CropAttributes[[#Headers],[Crop type]], -1)} -> 1 | L22: {=Common_InputFunctions.Utility_DisplayArrayInTable(Agresidue_SourceData.CropAttributes_Data(),Table_SourceData_CropAttributes[[#Headers],[Crop type]], -1)} -> 0.8 | N22: Not irrigated
D23: {=Common_InputFunctions.Utility_DisplayArrayInTable(Agresidue_SourceData.CropAttributes_Data(),Table_SourceData_CropAttributes[[#Headers],[Crop type]], -1)} -> Oats | E23: {=Common_InputFunctions.Utility_DisplayArrayInTable(Agresidue_SourceData.CropAttributes_Data(),Table_SourceData_CropAttributes[[#Headers],[Crop type]], -1)} -> 1.42 | F23: {=Common_InputFunctions.Utility_DisplayArrayInTable(Agresidue_SourceData.CropAttributes_Data(),Table_SourceData_CropAttributes[[#Headers],[Crop type]], -1)} -> 0.43 | G23: {=Common_InputFunctions.Utility_DisplayArrayInTable(Agresidue_SourceData.CropAttributes_Data(),Table_SourceData_CropAttributes[[#Headers],[Crop type]], -1)} -> 0.88 | H23: {=Common_InputFunctions.Utility_DisplayArrayInTable(Agresidue_SourceData.CropAttributes_Data(),Table_SourceData_CropAttributes[[#Headers],[Crop type]], -1)} -> 0.4 | I23: {=Common_InputFunctions.Utility_DisplayArrayInTable(Agresidue_SourceData.CropAttributes_Data(),Table_SourceData_CropAttributes[[#Headers],[Crop type]], -1)} -> 0.006 | J23: {=Common_InputFunctions.Utility_DisplayArrayInTable(Agresidue_SourceData.CropAttributes_Data(),Table_SourceData_CropAttributes[[#Headers],[Crop type]], -1)} -> 0.01 | K23: {=Common_InputFunctions.Utility_DisplayArrayInTable(Agresidue_SourceData.CropAttributes_Data(),Table_SourceData_CropAttributes[[#Headers],[Crop type]], -1)} -> 0.5 | L23: {=Common_InputFunctions.Utility_DisplayArrayInTable(Agresidue_SourceData.CropAttributes_Data(),Table_SourceData_CropAttributes[[#Headers],[Crop type]], -1)} -> 0.85 | N23: Drip irrigation
D24: {=Common_InputFunctions.Utility_DisplayArrayInTable(Agresidue_SourceData.CropAttributes_Data(),Table_SourceData_CropAttributes[[#Headers],[Crop type]], -1)} -> Rice | E24: {=Common_InputFunctions.Utility_DisplayArrayInTable(Agresidue_SourceData.CropAttributes_Data(),Table_SourceData_CropAttributes[[#Headers],[Crop type]], -1)} -> 1.31 | F24: {=Common_InputFunctions.Utility_DisplayArrayInTable(Agresidue_SourceData.CropAttributes_Data(),Table_SourceData_CropAttributes[[#Headers],[Crop type]], -1)} -> 0.16 | G24: {=Common_InputFunctions.Utility_DisplayArrayInTable(Agresidue_SourceData.CropAttributes_Data(),Table_SourceData_CropAttributes[[#Headers],[Crop type]], -1)} -> 0.8 | H24: {=Common_InputFunctions.Utility_DisplayArrayInTable(Agresidue_SourceData.CropAttributes_Data(),Table_SourceData_CropAttributes[[#Headers],[Crop type]], -1)} -> 0.42 | I24: {=Common_InputFunctions.Utility_DisplayArrayInTable(Agresidue_SourceData.CropAttributes_Data(),Table_SourceData_CropAttributes[[#Headers],[Crop type]], -1)} -> 0.007 | J24: {=Common_InputFunctions.Utility_DisplayArrayInTable(Agresidue_SourceData.CropAttributes_Data(),Table_SourceData_CropAttributes[[#Headers],[Crop type]], -1)} -> 0.01 | K24: {=Common_InputFunctions.Utility_DisplayArrayInTable(Agresidue_SourceData.CropAttributes_Data(),Table_SourceData_CropAttributes[[#Headers],[Crop type]], -1)} -> 1 | L24: {=Common_InputFunctions.Utility_DisplayArrayInTable(Agresidue_SourceData.CropAttributes_Data(),Table_SourceData_CropAttributes[[#Headers],[Crop type]], -1)} -> 0.8 | N24: Sprinkler irrigation
D25: {=Common_InputFunctions.Utility_DisplayArrayInTable(Agresidue_SourceData.CropAttributes_Data(),Table_SourceData_CropAttributes[[#Headers],[Crop type]], -1)} -> Sorghum | E25: {=Common_InputFunctions.Utility_DisplayArrayInTable(Agresidue_SourceData.CropAttributes_Data(),Table_SourceData_CropAttributes[[#Headers],[Crop type]], -1)} -> 1.5 | F25: {=Common_InputFunctions.Utility_DisplayArrayInTable(Agresidue_SourceData.CropAttributes_Data(),Table_SourceData_CropAttributes[[#Headers],[Crop type]], -1)} -> 0.22 | G25: {=Common_InputFunctions.Utility_DisplayArrayInTable(Agresidue_SourceData.CropAttributes_Data(),Table_SourceData_CropAttributes[[#Headers],[Crop type]], -1)} -> 0.8 | H25: {=Common_InputFunctions.Utility_DisplayArrayInTable(Agresidue_SourceData.CropAttributes_Data(),Table_SourceData_CropAttributes[[#Headers],[Crop type]], -1)} -> 0.4 | I25: {=Common_InputFunctions.Utility_DisplayArrayInTable(Agresidue_SourceData.CropAttributes_Data(),Table_SourceData_CropAttributes[[#Headers],[Crop type]], -1)} -> 0.008 | J25: {=Common_InputFunctions.Utility_DisplayArrayInTable(Agresidue_SourceData.CropAttributes_Data(),Table_SourceData_CropAttributes[[#Headers],[Crop type]], -1)} -> 0.007 | K25: {=Common_InputFunctions.Utility_DisplayArrayInTable(Agresidue_SourceData.CropAttributes_Data(),Table_SourceData_CropAttributes[[#Headers],[Crop type]], -1)} -> 0.5 | L25: {=Common_InputFunctions.Utility_DisplayArrayInTable(Agresidue_SourceData.CropAttributes_Data(),Table_SourceData_CropAttributes[[#Headers],[Crop type]], -1)} -> 0.85 | N25: Surface irrigation
D26: {=Common_InputFunctions.Utility_DisplayArrayInTable(Agresidue_SourceData.CropAttributes_Data(),Table_SourceData_CropAttributes[[#Headers],[Crop type]], -1)} -> Triticale | E26: {=Common_InputFunctions.Utility_DisplayArrayInTable(Agresidue_SourceData.CropAttributes_Data(),Table_SourceData_CropAttributes[[#Headers],[Crop type]], -1)} -> 1.5 | F26: {=Common_InputFunctions.Utility_DisplayArrayInTable(Agresidue_SourceData.CropAttributes_Data(),Table_SourceData_CropAttributes[[#Headers],[Crop type]], -1)} -> 0.42 | G26: {=Common_InputFunctions.Utility_DisplayArrayInTable(Agresidue_SourceData.CropAttributes_Data(),Table_SourceData_CropAttributes[[#Headers],[Crop type]], -1)} -> 0.88 | H26: {=Common_InputFunctions.Utility_DisplayArrayInTable(Agresidue_SourceData.CropAttributes_Data(),Table_SourceData_CropAttributes[[#Headers],[Crop type]], -1)} -> 0.4 | I26: {=Common_InputFunctions.Utility_DisplayArrayInTable(Agresidue_SourceData.CropAttributes_Data(),Table_SourceData_CropAttributes[[#Headers],[Crop type]], -1)} -> 0.006 | J26: {=Common_InputFunctions.Utility_DisplayArrayInTable(Agresidue_SourceData.CropAttributes_Data(),Table_SourceData_CropAttributes[[#Headers],[Crop type]], -1)} -> 0.01 | K26: {=Common_InputFunctions.Utility_DisplayArrayInTable(Agresidue_SourceData.CropAttributes_Data(),Table_SourceData_CropAttributes[[#Headers],[Crop type]], -1)} -> 0.5 | L26: {=Common_InputFunctions.Utility_DisplayArrayInTable(Agresidue_SourceData.CropAttributes_Data(),Table_SourceData_CropAttributes[[#Headers],[Crop type]], -1)} -> 0.85 | N26: Other irrigation
D27: {=Common_InputFunctions.Utility_DisplayArrayInTable(Agresidue_SourceData.CropAttributes_Data(),Table_SourceData_CropAttributes[[#Headers],[Crop type]], -1)} -> Other cereals | E27: {=Common_InputFunctions.Utility_DisplayArrayInTable(Agresidue_SourceData.CropAttributes_Data(),Table_SourceData_CropAttributes[[#Headers],[Crop type]], -1)} -> 1.46 | F27: {=Common_InputFunctions.Utility_DisplayArrayInTable(Agresidue_SourceData.CropAttributes_Data(),Table_SourceData_CropAttributes[[#Headers],[Crop type]], -1)} -> 0.36 | G27: {=Common_InputFunctions.Utility_DisplayArrayInTable(Agresidue_SourceData.CropAttributes_Data(),Table_SourceData_CropAttributes[[#Headers],[Crop type]], -1)} -> 0.88 | H27: {=Common_InputFunctions.Utility_DisplayArrayInTable(Agresidue_SourceData.CropAttributes_Data(),Table_SourceData_CropAttributes[[#Headers],[Crop type]], -1)} -> 0.4 | I27: {=Common_InputFunctions.Utility_DisplayArrayInTable(Agresidue_SourceData.CropAttributes_Data(),Table_SourceData_CropAttributes[[#Headers],[Crop type]], -1)} -> 0.006 | J27: {=Common_InputFunctions.Utility_DisplayArrayInTable(Agresidue_SourceData.CropAttributes_Data(),Table_SourceData_CropAttributes[[#Headers],[Crop type]], -1)} -> 0.01 | K27: {=Common_InputFunctions.Utility_DisplayArrayInTable(Agresidue_SourceData.CropAttributes_Data(),Table_SourceData_CropAttributes[[#Headers],[Crop type]], -1)} -> 0.5 | L27: {=Common_InputFunctions.Utility_DisplayArrayInTable(Agresidue_SourceData.CropAttributes_Data(),Table_SourceData_CropAttributes[[#Headers],[Crop type]], -1)} -> 0.85
D28: {=Common_InputFunctions.Utility_DisplayArrayInTable(Agresidue_SourceData.CropAttributes_Data(),Table_SourceData_CropAttributes[[#Headers],[Crop type]], -1)} -> Pulses | E28: {=Common_InputFunctions.Utility_DisplayArrayInTable(Agresidue_SourceData.CropAttributes_Data(),Table_SourceData_CropAttributes[[#Headers],[Crop type]], -1)} -> 1.37 | F28: {=Common_InputFunctions.Utility_DisplayArrayInTable(Agresidue_SourceData.CropAttributes_Data(),Table_SourceData_CropAttributes[[#Headers],[Crop type]], -1)} -> 0.51 | G28: {=Common_InputFunctions.Utility_DisplayArrayInTable(Agresidue_SourceData.CropAttributes_Data(),Table_SourceData_CropAttributes[[#Headers],[Crop type]], -1)} -> 0.87 | H28: {=Common_InputFunctions.Utility_DisplayArrayInTable(Agresidue_SourceData.CropAttributes_Data(),Table_SourceData_CropAttributes[[#Headers],[Crop type]], -1)} -> 0.4 | I28: {=Common_InputFunctions.Utility_DisplayArrayInTable(Agresidue_SourceData.CropAttributes_Data(),Table_SourceData_CropAttributes[[#Headers],[Crop type]], -1)} -> 0.009 | J28: {=Common_InputFunctions.Utility_DisplayArrayInTable(Agresidue_SourceData.CropAttributes_Data(),Table_SourceData_CropAttributes[[#Headers],[Crop type]], -1)} -> 0.01 | K28: {=Common_InputFunctions.Utility_DisplayArrayInTable(Agresidue_SourceData.CropAttributes_Data(),Table_SourceData_CropAttributes[[#Headers],[Crop type]], -1)} -> 0.5 | L28: {=Common_InputFunctions.Utility_DisplayArrayInTable(Agresidue_SourceData.CropAttributes_Data(),Table_SourceData_CropAttributes[[#Headers],[Crop type]], -1)} -> 0.85
D29: {=Common_InputFunctions.Utility_DisplayArrayInTable(Agresidue_SourceData.CropAttributes_Data(),Table_SourceData_CropAttributes[[#Headers],[Crop type]], -1)} -> Tubers and roots | E29: {=Common_InputFunctions.Utility_DisplayArrayInTable(Agresidue_SourceData.CropAttributes_Data(),Table_SourceData_CropAttributes[[#Headers],[Crop type]], -1)} -> 0.34 | F29: {=Common_InputFunctions.Utility_DisplayArrayInTable(Agresidue_SourceData.CropAttributes_Data(),Table_SourceData_CropAttributes[[#Headers],[Crop type]], -1)} -> 0.43 | G29: {=Common_InputFunctions.Utility_DisplayArrayInTable(Agresidue_SourceData.CropAttributes_Data(),Table_SourceData_CropAttributes[[#Headers],[Crop type]], -1)} -> 0.25 | H29: {=Common_InputFunctions.Utility_DisplayArrayInTable(Agresidue_SourceData.CropAttributes_Data(),Table_SourceData_CropAttributes[[#Headers],[Crop type]], -1)} -> 0.4 | I29: {=Common_InputFunctions.Utility_DisplayArrayInTable(Agresidue_SourceData.CropAttributes_Data(),Table_SourceData_CropAttributes[[#Headers],[Crop type]], -1)} -> 0.02 | J29: {=Common_InputFunctions.Utility_DisplayArrayInTable(Agresidue_SourceData.CropAttributes_Data(),Table_SourceData_CropAttributes[[#Headers],[Crop type]], -1)} -> 0.01 | K29: {=Common_InputFunctions.Utility_DisplayArrayInTable(Agresidue_SourceData.CropAttributes_Data(),Table_SourceData_CropAttributes[[#Headers],[Crop type]], -1)} -> n/a | L29: {=Common_InputFunctions.Utility_DisplayArrayInTable(Agresidue_SourceData.CropAttributes_Data(),Table_SourceData_CropAttributes[[#Headers],[Crop type]], -1)} -> 0.85
D30: {=Common_InputFunctions.Utility_DisplayArrayInTable(Agresidue_SourceData.CropAttributes_Data(),Table_SourceData_CropAttributes[[#Headers],[Crop type]], -1)} -> Peanuts | E30: {=Common_InputFunctions.Utility_DisplayArrayInTable(Agresidue_SourceData.CropAttributes_Data(),Table_SourceData_CropAttributes[[#Headers],[Crop type]], -1)} -> 1.07 | F30: {=Common_InputFunctions.Utility_DisplayArrayInTable(Agresidue_SourceData.CropAttributes_Data(),Table_SourceData_CropAttributes[[#Headers],[Crop type]], -1)} -> 0.2 | G30: {=Common_InputFunctions.Utility_DisplayArrayInTable(Agresidue_SourceData.CropAttributes_Data(),Table_SourceData_CropAttributes[[#Headers],[Crop type]], -1)} -> 0.8 | H30: {=Common_InputFunctions.Utility_DisplayArrayInTable(Agresidue_SourceData.CropAttributes_Data(),Table_SourceData_CropAttributes[[#Headers],[Crop type]], -1)} -> 0.42 | I30: {=Common_InputFunctions.Utility_DisplayArrayInTable(Agresidue_SourceData.CropAttributes_Data(),Table_SourceData_CropAttributes[[#Headers],[Crop type]], -1)} -> 0.016 | J30: {=Common_InputFunctions.Utility_DisplayArrayInTable(Agresidue_SourceData.CropAttributes_Data(),Table_SourceData_CropAttributes[[#Headers],[Crop type]], -1)} -> 0.014 | K30: {=Common_InputFunctions.Utility_DisplayArrayInTable(Agresidue_SourceData.CropAttributes_Data(),Table_SourceData_CropAttributes[[#Headers],[Crop type]], -1)} -> 0.5 | L30: {=Common_InputFunctions.Utility_DisplayArrayInTable(Agresidue_SourceData.CropAttributes_Data(),Table_SourceData_CropAttributes[[#Headers],[Crop type]], -1)} -> 0.85
D31: {=Common_InputFunctions.Utility_DisplayArrayInTable(Agresidue_SourceData.CropAttributes_Data(),Table_SourceData_CropAttributes[[#Headers],[Crop type]], -1)} -> Sugar cane | E31: {=Common_InputFunctions.Utility_DisplayArrayInTable(Agresidue_SourceData.CropAttributes_Data(),Table_SourceData_CropAttributes[[#Headers],[Crop type]], -1)} -> 0.25 | F31: {=Common_InputFunctions.Utility_DisplayArrayInTable(Agresidue_SourceData.CropAttributes_Data(),Table_SourceData_CropAttributes[[#Headers],[Crop type]], -1)} -> 0.45 | G31: {=Common_InputFunctions.Utility_DisplayArrayInTable(Agresidue_SourceData.CropAttributes_Data(),Table_SourceData_CropAttributes[[#Headers],[Crop type]], -1)} -> 0.2 | H31: {=Common_InputFunctions.Utility_DisplayArrayInTable(Agresidue_SourceData.CropAttributes_Data(),Table_SourceData_CropAttributes[[#Headers],[Crop type]], -1)} -> 0.4 | I31: {=Common_InputFunctions.Utility_DisplayArrayInTable(Agresidue_SourceData.CropAttributes_Data(),Table_SourceData_CropAttributes[[#Headers],[Crop type]], -1)} -> 0.005 | J31: {=Common_InputFunctions.Utility_DisplayArrayInTable(Agresidue_SourceData.CropAttributes_Data(),Table_SourceData_CropAttributes[[#Headers],[Crop type]], -1)} -> 0.007 | K31: {=Common_InputFunctions.Utility_DisplayArrayInTable(Agresidue_SourceData.CropAttributes_Data(),Table_SourceData_CropAttributes[[#Headers],[Crop type]], -1)} -> 1 | L31: {=Common_InputFunctions.Utility_DisplayArrayInTable(Agresidue_SourceData.CropAttributes_Data(),Table_SourceData_CropAttributes[[#Headers],[Crop type]], -1)} -> 0.8
D32: {=Common_InputFunctions.Utility_DisplayArrayInTable(Agresidue_SourceData.CropAttributes_Data(),Table_SourceData_CropAttributes[[#Headers],[Crop type]], -1)} -> Cotton | E32: {=Common_InputFunctions.Utility_DisplayArrayInTable(Agresidue_SourceData.CropAttributes_Data(),Table_SourceData_CropAttributes[[#Headers],[Crop type]], -1)} -> 1.9 | F32: {=Common_InputFunctions.Utility_DisplayArrayInTable(Agresidue_SourceData.CropAttributes_Data(),Table_SourceData_CropAttributes[[#Headers],[Crop type]], -1)} -> 0.3 | G32: {=Common_InputFunctions.Utility_DisplayArrayInTable(Agresidue_SourceData.CropAttributes_Data(),Table_SourceData_CropAttributes[[#Headers],[Crop type]], -1)} -> 0.9 | H32: {=Common_InputFunctions.Utility_DisplayArrayInTable(Agresidue_SourceData.CropAttributes_Data(),Table_SourceData_CropAttributes[[#Headers],[Crop type]], -1)} -> 0.4 | I32: {=Common_InputFunctions.Utility_DisplayArrayInTable(Agresidue_SourceData.CropAttributes_Data(),Table_SourceData_CropAttributes[[#Headers],[Crop type]], -1)} -> 0.01 | J32: {=Common_InputFunctions.Utility_DisplayArrayInTable(Agresidue_SourceData.CropAttributes_Data(),Table_SourceData_CropAttributes[[#Headers],[Crop type]], -1)} -> 0.01 | K32: {=Common_InputFunctions.Utility_DisplayArrayInTable(Agresidue_SourceData.CropAttributes_Data(),Table_SourceData_CropAttributes[[#Headers],[Crop type]], -1)} -> n/a | L32: {=Common_InputFunctions.Utility_DisplayArrayInTable(Agresidue_SourceData.CropAttributes_Data(),Table_SourceData_CropAttributes[[#Headers],[Crop type]], -1)} -> 0.85
D33: {=Common_InputFunctions.Utility_DisplayArrayInTable(Agresidue_SourceData.CropAttributes_Data(),Table_SourceData_CropAttributes[[#Headers],[Crop type]], -1)} -> Hops | E33: {=Common_InputFunctions.Utility_DisplayArrayInTable(Agresidue_SourceData.CropAttributes_Data(),Table_SourceData_CropAttributes[[#Headers],[Crop type]], -1)} -> 1.5 | F33: {=Common_InputFunctions.Utility_DisplayArrayInTable(Agresidue_SourceData.CropAttributes_Data(),Table_SourceData_CropAttributes[[#Headers],[Crop type]], -1)} -> 0.29 | G33: {=Common_InputFunctions.Utility_DisplayArrayInTable(Agresidue_SourceData.CropAttributes_Data(),Table_SourceData_CropAttributes[[#Headers],[Crop type]], -1)} -> 0.88 | H33: {=Common_InputFunctions.Utility_DisplayArrayInTable(Agresidue_SourceData.CropAttributes_Data(),Table_SourceData_CropAttributes[[#Headers],[Crop type]], -1)} -> 0.4 | I33: {=Common_InputFunctions.Utility_DisplayArrayInTable(Agresidue_SourceData.CropAttributes_Data(),Table_SourceData_CropAttributes[[#Headers],[Crop type]], -1)} -> 0.006 | J33: {=Common_InputFunctions.Utility_DisplayArrayInTable(Agresidue_SourceData.CropAttributes_Data(),Table_SourceData_CropAttributes[[#Headers],[Crop type]], -1)} -> n/a | K33: {=Common_InputFunctions.Utility_DisplayArrayInTable(Agresidue_SourceData.CropAttributes_Data(),Table_SourceData_CropAttributes[[#Headers],[Crop type]], -1)} -> n/a | L33: {=Common_InputFunctions.Utility_DisplayArrayInTable(Agresidue_SourceData.CropAttributes_Data(),Table_SourceData_CropAttributes[[#Headers],[Crop type]], -1)} -> 0.85
D34: {=Common_InputFunctions.Utility_DisplayArrayInTable(Agresidue_SourceData.CropAttributes_Data(),Table_SourceData_CropAttributes[[#Headers],[Crop type]], -1)} -> Oilseeds | E34: {=Common_InputFunctions.Utility_DisplayArrayInTable(Agresidue_SourceData.CropAttributes_Data(),Table_SourceData_CropAttributes[[#Headers],[Crop type]], -1)} -> 2.08 | F34: {=Common_InputFunctions.Utility_DisplayArrayInTable(Agresidue_SourceData.CropAttributes_Data(),Table_SourceData_CropAttributes[[#Headers],[Crop type]], -1)} -> 0.33 | G34: {=Common_InputFunctions.Utility_DisplayArrayInTable(Agresidue_SourceData.CropAttributes_Data(),Table_SourceData_CropAttributes[[#Headers],[Crop type]], -1)} -> 0.96 | H34: {=Common_InputFunctions.Utility_DisplayArrayInTable(Agresidue_SourceData.CropAttributes_Data(),Table_SourceData_CropAttributes[[#Headers],[Crop type]], -1)} -> 0.4 | I34: {=Common_InputFunctions.Utility_DisplayArrayInTable(Agresidue_SourceData.CropAttributes_Data(),Table_SourceData_CropAttributes[[#Headers],[Crop type]], -1)} -> 0.009 | J34: {=Common_InputFunctions.Utility_DisplayArrayInTable(Agresidue_SourceData.CropAttributes_Data(),Table_SourceData_CropAttributes[[#Headers],[Crop type]], -1)} -> 0.01 | K34: {=Common_InputFunctions.Utility_DisplayArrayInTable(Agresidue_SourceData.CropAttributes_Data(),Table_SourceData_CropAttributes[[#Headers],[Crop type]], -1)} -> 0.5 | L34: {=Common_InputFunctions.Utility_DisplayArrayInTable(Agresidue_SourceData.CropAttributes_Data(),Table_SourceData_CropAttributes[[#Headers],[Crop type]], -1)} -> 0.85
D35: {=Common_InputFunctions.Utility_DisplayArrayInTable(Agresidue_SourceData.CropAttributes_Data(),Table_SourceData_CropAttributes[[#Headers],[Crop type]], -1)} -> Forage crops | E35: {=Common_InputFunctions.Utility_DisplayArrayInTable(Agresidue_SourceData.CropAttributes_Data(),Table_SourceData_CropAttributes[[#Headers],[Crop type]], -1)} -> 1.34 | F35: {=Common_InputFunctions.Utility_DisplayArrayInTable(Agresidue_SourceData.CropAttributes_Data(),Table_SourceData_CropAttributes[[#Headers],[Crop type]], -1)} -> 0.37 | G35: {=Common_InputFunctions.Utility_DisplayArrayInTable(Agresidue_SourceData.CropAttributes_Data(),Table_SourceData_CropAttributes[[#Headers],[Crop type]], -1)} -> 0.88 | H35: {=Common_InputFunctions.Utility_DisplayArrayInTable(Agresidue_SourceData.CropAttributes_Data(),Table_SourceData_CropAttributes[[#Headers],[Crop type]], -1)} -> 0.4 | I35: {=Common_InputFunctions.Utility_DisplayArrayInTable(Agresidue_SourceData.CropAttributes_Data(),Table_SourceData_CropAttributes[[#Headers],[Crop type]], -1)} -> 0.006 | J35: {=Common_InputFunctions.Utility_DisplayArrayInTable(Agresidue_SourceData.CropAttributes_Data(),Table_SourceData_CropAttributes[[#Headers],[Crop type]], -1)} -> 0.01 | K35: {=Common_InputFunctions.Utility_DisplayArrayInTable(Agresidue_SourceData.CropAttributes_Data(),Table_SourceData_CropAttributes[[#Headers],[Crop type]], -1)} -> n/a | L35: {=Common_InputFunctions.Utility_DisplayArrayInTable(Agresidue_SourceData.CropAttributes_Data(),Table_SourceData_CropAttributes[[#Headers],[Crop type]], -1)} -> 0.85
D36: {=Common_InputFunctions.Utility_DisplayArrayInTable(Agresidue_SourceData.CropAttributes_Data(),Table_SourceData_CropAttributes[[#Headers],[Crop type]], -1)} -> Other annual crops | E36: {=Common_InputFunctions.Utility_DisplayArrayInTable(Agresidue_SourceData.CropAttributes_Data(),Table_SourceData_CropAttributes[[#Headers],[Crop type]], -1)} -> 1 | F36: {=Common_InputFunctions.Utility_DisplayArrayInTable(Agresidue_SourceData.CropAttributes_Data(),Table_SourceData_CropAttributes[[#Headers],[Crop type]], -1)} -> 0.22 | G36: {=Common_InputFunctions.Utility_DisplayArrayInTable(Agresidue_SourceData.CropAttributes_Data(),Table_SourceData_CropAttributes[[#Headers],[Crop type]], -1)} -> 0.85 | H36: {=Common_InputFunctions.Utility_DisplayArrayInTable(Agresidue_SourceData.CropAttributes_Data(),Table_SourceData_CropAttributes[[#Headers],[Crop type]], -1)} -> 0.4 | I36: {=Common_InputFunctions.Utility_DisplayArrayInTable(Agresidue_SourceData.CropAttributes_Data(),Table_SourceData_CropAttributes[[#Headers],[Crop type]], -1)} -> 0.008 | J36: {=Common_InputFunctions.Utility_DisplayArrayInTable(Agresidue_SourceData.CropAttributes_Data(),Table_SourceData_CropAttributes[[#Headers],[Crop type]], -1)} -> 0.009 | K36: {=Common_InputFunctions.Utility_DisplayArrayInTable(Agresidue_SourceData.CropAttributes_Data(),Table_SourceData_CropAttributes[[#Headers],[Crop type]], -1)} -> n/a | L36: {=Common_InputFunctions.Utility_DisplayArrayInTable(Agresidue_SourceData.CropAttributes_Data(),Table_SourceData_CropAttributes[[#Headers],[Crop type]], -1)} -> n/a
D37: {=Common_InputFunctions.Utility_DisplayArrayInTable(Agresidue_SourceData.CropAttributes_Data(),Table_SourceData_CropAttributes[[#Headers],[Crop type]], -1)} -> Other perennial crops | E37: {=Common_InputFunctions.Utility_DisplayArrayInTable(Agresidue_SourceData.CropAttributes_Data(),Table_SourceData_CropAttributes[[#Headers],[Crop type]], -1)} -> 1.5 | F37: {=Common_InputFunctions.Utility_DisplayArrayInTable(Agresidue_SourceData.CropAttributes_Data(),Table_SourceData_CropAttributes[[#Headers],[Crop type]], -1)} -> 0.29 | G37: {=Common_InputFunctions.Utility_DisplayArrayInTable(Agresidue_SourceData.CropAttributes_Data(),Table_SourceData_CropAttributes[[#Headers],[Crop type]], -1)} -> 0.88 | H37: {=Common_InputFunctions.Utility_DisplayArrayInTable(Agresidue_SourceData.CropAttributes_Data(),Table_SourceData_CropAttributes[[#Headers],[Crop type]], -1)} -> 0.4 | I37: {=Common_InputFunctions.Utility_DisplayArrayInTable(Agresidue_SourceData.CropAttributes_Data(),Table_SourceData_CropAttributes[[#Headers],[Crop type]], -1)} -> 0.006 | J37: {=Common_InputFunctions.Utility_DisplayArrayInTable(Agresidue_SourceData.CropAttributes_Data(),Table_SourceData_CropAttributes[[#Headers],[Crop type]], -1)} -> n/a | K37: {=Common_InputFunctions.Utility_DisplayArrayInTable(Agresidue_SourceData.CropAttributes_Data(),Table_SourceData_CropAttributes[[#Headers],[Crop type]], -1)} -> n/a | L37: {=Common_InputFunctions.Utility_DisplayArrayInTable(Agresidue_SourceData.CropAttributes_Data(),Table_SourceData_CropAttributes[[#Headers],[Crop type]], -1)} -> n/a
D40: {=Agresidue_SourceData.N2OEFOrganicFertiliser_Title()} -> Emission factor for organic fertiliser and crop residues returned to the soil
D41: {=Agresidue_SourceData.N2OEFOrganicFertiliser_Source()} -> VEERG 2026: Table A.2.1.4
D43: Climate zone type i | E43: EF i N2O
D44: {=Common_InputFunctions.Utility_DisplayArrayInTable(Agresidue_SourceData.N2OEFOrganicFertiliser_Data(), Table_SourceData_N2OEFOrganicFert[[#Headers],[Climate zone type i]], 0)} -> Wet climate zone | E44: {=Common_InputFunctions.Utility_DisplayArrayInTable(Agresidue_SourceData.N2OEFOrganicFertiliser_Data(), Table_SourceData_N2OEFOrganicFert[[#Headers],[Climate zone type i]], 0)} -> 0.006
D45: {=Common_InputFunctions.Utility_DisplayArrayInTable(Agresidue_SourceData.N2OEFOrganicFertiliser_Data(), Table_SourceData_N2OEFOrganicFert[[#Headers],[Climate zone type i]], 0)} -> Dry climate zone | E45: {=Common_InputFunctions.Utility_DisplayArrayInTable(Agresidue_SourceData.N2OEFOrganicFertiliser_Data(), Table_SourceData_N2OEFOrganicFert[[#Headers],[Climate zone type i]], 0)} -> 0.005
D48: {=Agresidue_SourceData.PastureAttributes_Title()} -> Table A.2.1.3 Pasture attributes
D49: {=Agresidue_SourceData.PastureAttributes_Source()} -> VEERG 2026: Table A.2.1.3: Pasture attributes
D51: Pasture type | E51: Average Yield (t DM ha) Yp | F51: Below-ground: above-ground residue ratio RBGp | G51: N content Above-ground NCAGp | H51: N content Below-ground NCBGp | I51: Fraction of pasture yield that is removed FFODp
D52: {=Common_InputFunctions.Utility_DisplayArrayInTable(Agresidue_SourceData.PastureAttributes_Data(), Table_SourceData_PastureAttributes[[#Headers],[Pasture type]], 0)} -> Annual grass | E52: {=Common_InputFunctions.Utility_DisplayArrayInTable(Agresidue_SourceData.PastureAttributes_Data(), Table_SourceData_PastureAttributes[[#Headers],[Pasture type]], 0)} -> 4.41 | F52: {=Common_InputFunctions.Utility_DisplayArrayInTable(Agresidue_SourceData.PastureAttributes_Data(), Table_SourceData_PastureAttributes[[#Headers],[Pasture type]], 0)} -> 0.4 | G52: {=Common_InputFunctions.Utility_DisplayArrayInTable(Agresidue_SourceData.PastureAttributes_Data(), Table_SourceData_PastureAttributes[[#Headers],[Pasture type]], 0)} -> 0.015 | H52: {=Common_InputFunctions.Utility_DisplayArrayInTable(Agresidue_SourceData.PastureAttributes_Data(), Table_SourceData_PastureAttributes[[#Headers],[Pasture type]], 0)} -> 0.012 | I52: {=Common_InputFunctions.Utility_DisplayArrayInTable(Agresidue_SourceData.PastureAttributes_Data(), Table_SourceData_PastureAttributes[[#Headers],[Pasture type]], 0)} -> 0.8
D53: {=Common_InputFunctions.Utility_DisplayArrayInTable(Agresidue_SourceData.PastureAttributes_Data(), Table_SourceData_PastureAttributes[[#Headers],[Pasture type]], 0)} -> Grass clover mixture | E53: {=Common_InputFunctions.Utility_DisplayArrayInTable(Agresidue_SourceData.PastureAttributes_Data(), Table_SourceData_PastureAttributes[[#Headers],[Pasture type]], 0)} -> 8.34 | F53: {=Common_InputFunctions.Utility_DisplayArrayInTable(Agresidue_SourceData.PastureAttributes_Data(), Table_SourceData_PastureAttributes[[#Headers],[Pasture type]], 0)} -> 0.8 | G53: {=Common_InputFunctions.Utility_DisplayArrayInTable(Agresidue_SourceData.PastureAttributes_Data(), Table_SourceData_PastureAttributes[[#Headers],[Pasture type]], 0)} -> 0.025 | H53: {=Common_InputFunctions.Utility_DisplayArrayInTable(Agresidue_SourceData.PastureAttributes_Data(), Table_SourceData_PastureAttributes[[#Headers],[Pasture type]], 0)} -> 0.016 | I53: {=Common_InputFunctions.Utility_DisplayArrayInTable(Agresidue_SourceData.PastureAttributes_Data(), Table_SourceData_PastureAttributes[[#Headers],[Pasture type]], 0)} -> 0.8
D54: {=Common_InputFunctions.Utility_DisplayArrayInTable(Agresidue_SourceData.PastureAttributes_Data(), Table_SourceData_PastureAttributes[[#Headers],[Pasture type]], 0)} -> Lucerne | E54: {=Common_InputFunctions.Utility_DisplayArrayInTable(Agresidue_SourceData.PastureAttributes_Data(), Table_SourceData_PastureAttributes[[#Headers],[Pasture type]], 0)} -> 8.62 | F54: {=Common_InputFunctions.Utility_DisplayArrayInTable(Agresidue_SourceData.PastureAttributes_Data(), Table_SourceData_PastureAttributes[[#Headers],[Pasture type]], 0)} -> 0.4 | G54: {=Common_InputFunctions.Utility_DisplayArrayInTable(Agresidue_SourceData.PastureAttributes_Data(), Table_SourceData_PastureAttributes[[#Headers],[Pasture type]], 0)} -> 0.027 | H54: {=Common_InputFunctions.Utility_DisplayArrayInTable(Agresidue_SourceData.PastureAttributes_Data(), Table_SourceData_PastureAttributes[[#Headers],[Pasture type]], 0)} -> 0.019 | I54: {=Common_InputFunctions.Utility_DisplayArrayInTable(Agresidue_SourceData.PastureAttributes_Data(), Table_SourceData_PastureAttributes[[#Headers],[Pasture type]], 0)} -> 0.8
D55: {=Common_InputFunctions.Utility_DisplayArrayInTable(Agresidue_SourceData.PastureAttributes_Data(), Table_SourceData_PastureAttributes[[#Headers],[Pasture type]], 0)} -> Other legume | E55: {=Common_InputFunctions.Utility_DisplayArrayInTable(Agresidue_SourceData.PastureAttributes_Data(), Table_SourceData_PastureAttributes[[#Headers],[Pasture type]], 0)} -> 5.62 | F55: {=Common_InputFunctions.Utility_DisplayArrayInTable(Agresidue_SourceData.PastureAttributes_Data(), Table_SourceData_PastureAttributes[[#Headers],[Pasture type]], 0)} -> 0.4 | G55: {=Common_InputFunctions.Utility_DisplayArrayInTable(Agresidue_SourceData.PastureAttributes_Data(), Table_SourceData_PastureAttributes[[#Headers],[Pasture type]], 0)} -> 0.027 | H55: {=Common_InputFunctions.Utility_DisplayArrayInTable(Agresidue_SourceData.PastureAttributes_Data(), Table_SourceData_PastureAttributes[[#Headers],[Pasture type]], 0)} -> 0.022 | I55: {=Common_InputFunctions.Utility_DisplayArrayInTable(Agresidue_SourceData.PastureAttributes_Data(), Table_SourceData_PastureAttributes[[#Headers],[Pasture type]], 0)} -> 0.8
D56: {=Common_InputFunctions.Utility_DisplayArrayInTable(Agresidue_SourceData.PastureAttributes_Data(), Table_SourceData_PastureAttributes[[#Headers],[Pasture type]], 0)} -> Perennial pasture | E56: {=Common_InputFunctions.Utility_DisplayArrayInTable(Agresidue_SourceData.PastureAttributes_Data(), Table_SourceData_PastureAttributes[[#Headers],[Pasture type]], 0)} -> 8.35 | F56: {=Common_InputFunctions.Utility_DisplayArrayInTable(Agresidue_SourceData.PastureAttributes_Data(), Table_SourceData_PastureAttributes[[#Headers],[Pasture type]], 0)} -> 0.8 | G56: {=Common_InputFunctions.Utility_DisplayArrayInTable(Agresidue_SourceData.PastureAttributes_Data(), Table_SourceData_PastureAttributes[[#Headers],[Pasture type]], 0)} -> 0.015 | H56: {=Common_InputFunctions.Utility_DisplayArrayInTable(Agresidue_SourceData.PastureAttributes_Data(), Table_SourceData_PastureAttributes[[#Headers],[Pasture type]], 0)} -> 0.012 | I56: {=Common_InputFunctions.Utility_DisplayArrayInTable(Agresidue_SourceData.PastureAttributes_Data(), Table_SourceData_PastureAttributes[[#Headers],[Pasture type]], 0)} -> 0.8
D59: {=AgResidues_SourceData.BurningOfAgriculturalResiduesEFs_Title()} -> Table 5.31 Burning of agricultural residues - EFs
D60: {=AgResidues_SourceData.BurningOfAgriculturalResiduesEFs_Source()} -> National Inventory Report 2023 volume 2: Table 5.31: Burning of agricultural residues - EFs
D62: Gas species | E62: Emission factor EFg (Gg element in species/ Gg element in fuel burnt) | F62: Elemental to molecular mass conversion factor (Cg)
D63: {=Common_InputFunctions.Utility_DisplayArrayInTable(AgResidues_SourceData.BurningOfAgriculturalResiduesEFs_Data(), Table_SourceData_BurningResidueEFs[[#Headers],[Gas species]], 0)} -> CH4 | E63: {=Common_InputFunctions.Utility_DisplayArrayInTable(AgResidues_SourceData.BurningOfAgriculturalResiduesEFs_Data(), Table_SourceData_BurningResidueEFs[[#Headers],[Gas species]], 0)} -> 0.0035 | F63: {=Common_InputFunctions.Utility_DisplayArrayInTable(AgResidues_SourceData.BurningOfAgriculturalResiduesEFs_Data(), Table_SourceData_BurningResidueEFs[[#Headers],[Gas species]], 0)} -> 16/12
D64: {=Common_InputFunctions.Utility_DisplayArrayInTable(AgResidues_SourceData.BurningOfAgriculturalResiduesEFs_Data(), Table_SourceData_BurningResidueEFs[[#Headers],[Gas species]], 0)} -> N2O | E64: {=Common_InputFunctions.Utility_DisplayArrayInTable(AgResidues_SourceData.BurningOfAgriculturalResiduesEFs_Data(), Table_SourceData_BurningResidueEFs[[#Headers],[Gas species]], 0)} -> 0.0076 | F64: {=Common_InputFunctions.Utility_DisplayArrayInTable(AgResidues_SourceData.BurningOfAgriculturalResiduesEFs_Data(), Table_SourceData_BurningResidueEFs[[#Headers],[Gas species]], 0)} -> 44/28
D65: {=Common_InputFunctions.Utility_DisplayArrayInTable(AgResidues_SourceData.BurningOfAgriculturalResiduesEFs_Data(), Table_SourceData_BurningResidueEFs[[#Headers],[Gas species]], 0)} -> NOx | E65: {=Common_InputFunctions.Utility_DisplayArrayInTable(AgResidues_SourceData.BurningOfAgriculturalResiduesEFs_Data(), Table_SourceData_BurningResidueEFs[[#Headers],[Gas species]], 0)} -> 0.21 | F65: {=Common_InputFunctions.Utility_DisplayArrayInTable(AgResidues_SourceData.BurningOfAgriculturalResiduesEFs_Data(), Table_SourceData_BurningResidueEFs[[#Headers],[Gas species]], 0)} -> 46/14
D66: {=Common_InputFunctions.Utility_DisplayArrayInTable(AgResidues_SourceData.BurningOfAgriculturalResiduesEFs_Data(), Table_SourceData_BurningResidueEFs[[#Headers],[Gas species]], 0)} -> CO | E66: {=Common_InputFunctions.Utility_DisplayArrayInTable(AgResidues_SourceData.BurningOfAgriculturalResiduesEFs_Data(), Table_SourceData_BurningResidueEFs[[#Headers],[Gas species]], 0)} -> 0.078 | F66: {=Common_InputFunctions.Utility_DisplayArrayInTable(AgResidues_SourceData.BurningOfAgriculturalResiduesEFs_Data(), Table_SourceData_BurningResidueEFs[[#Headers],[Gas species]], 0)} -> 28/12
D67: {=Common_InputFunctions.Utility_DisplayArrayInTable(AgResidues_SourceData.BurningOfAgriculturalResiduesEFs_Data(), Table_SourceData_BurningResidueEFs[[#Headers],[Gas species]], 0)} -> NMVOC | E67: {=Common_InputFunctions.Utility_DisplayArrayInTable(AgResidues_SourceData.BurningOfAgriculturalResiduesEFs_Data(), Table_SourceData_BurningResidueEFs[[#Headers],[Gas species]], 0)} -> 0.0091 | F67: {=Common_InputFunctions.Utility_DisplayArrayInTable(AgResidues_SourceData.BurningOfAgriculturalResiduesEFs_Data(), Table_SourceData_BurningResidueEFs[[#Headers],[Gas species]], 0)} -> 14/12
D70: {=Agresidue_SourceData.CropFractionRemoved_Title()} -> Table A.2.1.2: Crop attributes - Fraction removed (FFODc)
D71: {=Agresidue_SourceData.CropFractionRemoved_Source()} -> VEERG 2026: Table A.2.1.2: Crop attributes - Fraction removed (FFODc)
D73: Crop type c | E73: State | F73: Fraction removed
D74: {=Common_InputFunctions.Utility_DisplayArrayInTable(Agresidue_SourceData.CropFractionRemoved_Data(), Table76[[#Headers],[Crop type c]], 0)} -> Rice | E74: {=Common_InputFunctions.Utility_DisplayArrayInTable(Agresidue_SourceData.CropFractionRemoved_Data(), Table76[[#Headers],[Crop type c]], 0)} -> All states | F74: {=Common_InputFunctions.Utility_DisplayArrayInTable(Agresidue_SourceData.CropFractionRemoved_Data(), Table76[[#Headers],[Crop type c]], 0)} -> 0.06
D75: {=Common_InputFunctions.Utility_DisplayArrayInTable(Agresidue_SourceData.CropFractionRemoved_Data(), Table76[[#Headers],[Crop type c]], 0)} -> Tubers and roots | E75: {=Common_InputFunctions.Utility_DisplayArrayInTable(Agresidue_SourceData.CropFractionRemoved_Data(), Table76[[#Headers],[Crop type c]], 0)} -> All states | F75: {=Common_InputFunctions.Utility_DisplayArrayInTable(Agresidue_SourceData.CropFractionRemoved_Data(), Table76[[#Headers],[Crop type c]], 0)} -> 1
D76: {=Common_InputFunctions.Utility_DisplayArrayInTable(Agresidue_SourceData.CropFractionRemoved_Data(), Table76[[#Headers],[Crop type c]], 0)} -> Cotton | E76: {=Common_InputFunctions.Utility_DisplayArrayInTable(Agresidue_SourceData.CropFractionRemoved_Data(), Table76[[#Headers],[Crop type c]], 0)} -> All states | F76: {=Common_InputFunctions.Utility_DisplayArrayInTable(Agresidue_SourceData.CropFractionRemoved_Data(), Table76[[#Headers],[Crop type c]], 0)} -> 0
D77: {=Common_InputFunctions.Utility_DisplayArrayInTable(Agresidue_SourceData.CropFractionRemoved_Data(), Table76[[#Headers],[Crop type c]], 0)} -> Hops | E77: {=Common_InputFunctions.Utility_DisplayArrayInTable(Agresidue_SourceData.CropFractionRemoved_Data(), Table76[[#Headers],[Crop type c]], 0)} -> All states | F77: {=Common_InputFunctions.Utility_DisplayArrayInTable(Agresidue_SourceData.CropFractionRemoved_Data(), Table76[[#Headers],[Crop type c]], 0)} -> 0
D78: {=Common_InputFunctions.Utility_DisplayArrayInTable(Agresidue_SourceData.CropFractionRemoved_Data(), Table76[[#Headers],[Crop type c]], 0)} -> Forage crops | E78: {=Common_InputFunctions.Utility_DisplayArrayInTable(Agresidue_SourceData.CropFractionRemoved_Data(), Table76[[#Headers],[Crop type c]], 0)} -> All states | F78: {=Common_InputFunctions.Utility_DisplayArrayInTable(Agresidue_SourceData.CropFractionRemoved_Data(), Table76[[#Headers],[Crop type c]], 0)} -> 0.8
D79: {=Common_InputFunctions.Utility_DisplayArrayInTable(Agresidue_SourceData.CropFractionRemoved_Data(), Table76[[#Headers],[Crop type c]], 0)} -> Sugar Cane | E79: {=Common_InputFunctions.Utility_DisplayArrayInTable(Agresidue_SourceData.CropFractionRemoved_Data(), Table76[[#Headers],[Crop type c]], 0)} -> NSW | F79: {=Common_InputFunctions.Utility_DisplayArrayInTable(Agresidue_SourceData.CropFractionRemoved_Data(), Table76[[#Headers],[Crop type c]], 0)} -> 0
D80: {=Common_InputFunctions.Utility_DisplayArrayInTable(Agresidue_SourceData.CropFractionRemoved_Data(), Table76[[#Headers],[Crop type c]], 0)} -> Sugar Cane | E80: {=Common_InputFunctions.Utility_DisplayArrayInTable(Agresidue_SourceData.CropFractionRemoved_Data(), Table76[[#Headers],[Crop type c]], 0)} -> QLD | F80: {=Common_InputFunctions.Utility_DisplayArrayInTable(Agresidue_SourceData.CropFractionRemoved_Data(), Table76[[#Headers],[Crop type c]], 0)} -> 0.03
D81: {=Common_InputFunctions.Utility_DisplayArrayInTable(Agresidue_SourceData.CropFractionRemoved_Data(), Table76[[#Headers],[Crop type c]], 0)} -> Sugar Cane | E81: {=Common_InputFunctions.Utility_DisplayArrayInTable(Agresidue_SourceData.CropFractionRemoved_Data(), Table76[[#Headers],[Crop type c]], 0)} -> WA | F81: {=Common_InputFunctions.Utility_DisplayArrayInTable(Agresidue_SourceData.CropFractionRemoved_Data(), Table76[[#Headers],[Crop type c]], 0)} -> 0
D82: {=Common_InputFunctions.Utility_DisplayArrayInTable(Agresidue_SourceData.CropFractionRemoved_Data(), Table76[[#Headers],[Crop type c]], 0)} -> All other crop types | E82: {=Common_InputFunctions.Utility_DisplayArrayInTable(Agresidue_SourceData.CropFractionRemoved_Data(), Table76[[#Headers],[Crop type c]], 0)} -> NSW | F82: {=Common_InputFunctions.Utility_DisplayArrayInTable(Agresidue_SourceData.CropFractionRemoved_Data(), Table76[[#Headers],[Crop type c]], 0)} -> 0.05
D83: {=Common_InputFunctions.Utility_DisplayArrayInTable(Agresidue_SourceData.CropFractionRemoved_Data(), Table76[[#Headers],[Crop type c]], 0)} -> All other crop types | E83: {=Common_InputFunctions.Utility_DisplayArrayInTable(Agresidue_SourceData.CropFractionRemoved_Data(), Table76[[#Headers],[Crop type c]], 0)} -> VIC | F83: {=Common_InputFunctions.Utility_DisplayArrayInTable(Agresidue_SourceData.CropFractionRemoved_Data(), Table76[[#Headers],[Crop type c]], 0)} -> 0.07
D84: {=Common_InputFunctions.Utility_DisplayArrayInTable(Agresidue_SourceData.CropFractionRemoved_Data(), Table76[[#Headers],[Crop type c]], 0)} -> All other crop types | E84: {=Common_InputFunctions.Utility_DisplayArrayInTable(Agresidue_SourceData.CropFractionRemoved_Data(), Table76[[#Headers],[Crop type c]], 0)} -> QLD | F84: {=Common_InputFunctions.Utility_DisplayArrayInTable(Agresidue_SourceData.CropFractionRemoved_Data(), Table76[[#Headers],[Crop type c]], 0)} -> 0.04
D85: {=Common_InputFunctions.Utility_DisplayArrayInTable(Agresidue_SourceData.CropFractionRemoved_Data(), Table76[[#Headers],[Crop type c]], 0)} -> All other crop types | E85: {=Common_InputFunctions.Utility_DisplayArrayInTable(Agresidue_SourceData.CropFractionRemoved_Data(), Table76[[#Headers],[Crop type c]], 0)} -> SA | F85: {=Common_InputFunctions.Utility_DisplayArrayInTable(Agresidue_SourceData.CropFractionRemoved_Data(), Table76[[#Headers],[Crop type c]], 0)} -> 0.09
... D89: {=Common_InputFunctions.Utility_DisplayArrayInTable(Agresidue_SourceData.CropFractionRemoved_Data(), Table76[[#Headers],[Crop type c]], 0)} -> All other crop types | E89: {=Common_InputFunctions.Utility_DisplayArrayInTable(Agresidue_SourceData.CropFractionRemoved_Data(), Table76[[#Headers],[Crop type c]], 0)} -> ACT | F89: {=Common_InputFunctions.Utility_DisplayArrayInTable(Agresidue_SourceData.CropFractionRemoved_Data(), Table76[[#Headers],[Crop type c]], 0)} -> 0
D91: {="⚠️" & Agresidue_SourceData.CropFractionRemoved_Variation()} -> ⚠️VARIATION OF SOURCE DATA: Split 'All other crop types' into individual crop types for each state. Listed all states for Sugar Cane, with 'N/A' for states where it is not grown.
D92: Crop type c | E92: State | F92: Fraction removed
D93: {=Common_InputFunctions.Utility_DisplayArrayInTable(Agresidue_SourceData.CropFractionRemoved_CustomisedData(), Table77[[#Headers],[Crop type c]], 0)} -> Rice | E93: {=Common_InputFunctions.Utility_DisplayArrayInTable(Agresidue_SourceData.CropFractionRemoved_CustomisedData(), Table77[[#Headers],[Crop type c]], 0)} -> NSW | F93: {=Common_InputFunctions.Utility_DisplayArrayInTable(Agresidue_SourceData.CropFractionRemoved_CustomisedData(), Table77[[#Headers],[Crop type c]], 0)} -> 0.06
D94: {=Common_InputFunctions.Utility_DisplayArrayInTable(Agresidue_SourceData.CropFractionRemoved_CustomisedData(), Table77[[#Headers],[Crop type c]], 0)} -> Rice | E94: {=Common_InputFunctions.Utility_DisplayArrayInTable(Agresidue_SourceData.CropFractionRemoved_CustomisedData(), Table77[[#Headers],[Crop type c]], 0)} -> VIC | F94: {=Common_InputFunctions.Utility_DisplayArrayInTable(Agresidue_SourceData.CropFractionRemoved_CustomisedData(), Table77[[#Headers],[Crop type c]], 0)} -> 0.06
D95: {=Common_InputFunctions.Utility_DisplayArrayInTable(Agresidue_SourceData.CropFractionRemoved_CustomisedData(), Table77[[#Headers],[Crop type c]], 0)} -> Rice | E95: {=Common_InputFunctions.Utility_DisplayArrayInTable(Agresidue_SourceData.CropFractionRemoved_CustomisedData(), Table77[[#Headers],[Crop type c]], 0)} -> QLD | F95: {=Common_InputFunctions.Utility_DisplayArrayInTable(Agresidue_SourceData.CropFractionRemoved_CustomisedData(), Table77[[#Headers],[Crop type c]], 0)} -> 0.06
D96: {=Common_InputFunctions.Utility_DisplayArrayInTable(Agresidue_SourceData.CropFractionRemoved_CustomisedData(), Table77[[#Headers],[Crop type c]], 0)} -> Rice | E96: {=Common_InputFunctions.Utility_DisplayArrayInTable(Agresidue_SourceData.CropFractionRemoved_CustomisedData(), Table77[[#Headers],[Crop type c]], 0)} -> SA | F96: {=Common_InputFunctions.Utility_DisplayArrayInTable(Agresidue_SourceData.CropFractionRemoved_CustomisedData(), Table77[[#Headers],[Crop type c]], 0)} -> 0.06
D97: {=Common_InputFunctions.Utility_DisplayArrayInTable(Agresidue_SourceData.CropFractionRemoved_CustomisedData(), Table77[[#Headers],[Crop type c]], 0)} -> Rice | E97: {=Common_InputFunctions.Utility_DisplayArrayInTable(Agresidue_SourceData.CropFractionRemoved_CustomisedData(), Table77[[#Headers],[Crop type c]], 0)} -> WA | F97: {=Common_InputFunctions.Utility_DisplayArrayInTable(Agresidue_SourceData.CropFractionRemoved_CustomisedData(), Table77[[#Headers],[Crop type c]], 0)} -> 0.06
D98: {=Common_InputFunctions.Utility_DisplayArrayInTable(Agresidue_SourceData.CropFractionRemoved_CustomisedData(), Table77[[#Headers],[Crop type c]], 0)} -> Rice | E98: {=Common_InputFunctions.Utility_DisplayArrayInTable(Agresidue_SourceData.CropFractionRemoved_CustomisedData(), Table77[[#Headers],[Crop type c]], 0)} -> TAS | F98: {=Common_InputFunctions.Utility_DisplayArrayInTable(Agresidue_SourceData.CropFractionRemoved_CustomisedData(), Table77[[#Headers],[Crop type c]], 0)} -> 0.06
D99: {=Common_InputFunctions.Utility_DisplayArrayInTable(Agresidue_SourceData.CropFractionRemoved_CustomisedData(), Table77[[#Headers],[Crop type c]], 0)} -> Rice | E99: {=Common_InputFunctions.Utility_DisplayArrayInTable(Agresidue_SourceData.CropFractionRemoved_CustomisedData(), Table77[[#Headers],[Crop type c]], 0)} -> NT | F99: {=Common_InputFunctions.Utility_DisplayArrayInTable(Agresidue_SourceData.CropFractionRemoved_CustomisedData(), Table77[[#Headers],[Crop type c]], 0)} -> 0.06
D100: {=Common_InputFunctions.Utility_DisplayArrayInTable(Agresidue_SourceData.CropFractionRemoved_CustomisedData(), Table77[[#Headers],[Crop type c]], 0)} -> Rice | E100: {=Common_InputFunctions.Utility_DisplayArrayInTable(Agresidue_SourceData.CropFractionRemoved_CustomisedData(), Table77[[#Headers],[Crop type c]], 0)} -> ACT | F100: {=Common_InputFunctions.Utility_DisplayArrayInTable(Agresidue_SourceData.CropFractionRemoved_CustomisedData(), Table77[[#Headers],[Crop type c]], 0)} -> 0.06
D101: {=Common_InputFunctions.Utility_DisplayArrayInTable(Agresidue_SourceData.CropFractionRemoved_CustomisedData(), Table77[[#Headers],[Crop type c]], 0)} -> Tubers and roots | E101: {=Common_InputFunctions.Utility_DisplayArrayInTable(Agresidue_SourceData.CropFractionRemoved_CustomisedData(), Table77[[#Headers],[Crop type c]], 0)} -> NSW | F101: {=Common_InputFunctions.Utility_DisplayArrayInTable(Agresidue_SourceData.CropFractionRemoved_CustomisedData(), Table77[[#Headers],[Crop type c]], 0)} -> 1
D102: {=Common_InputFunctions.Utility_DisplayArrayInTable(Agresidue_SourceData.CropFractionRemoved_CustomisedData(), Table77[[#Headers],[Crop type c]], 0)} -> Tubers and roots | E102: {=Common_InputFunctions.Utility_DisplayArrayInTable(Agresidue_SourceData.CropFractionRemoved_CustomisedData(), Table77[[#Headers],[Crop type c]], 0)} -> VIC | F102: {=Common_InputFunctions.Utility_DisplayArrayInTable(Agresidue_SourceData.CropFractionRemoved_CustomisedData(), Table77[[#Headers],[Crop type c]], 0)} -> 1
D103: {=Common_InputFunctions.Utility_DisplayArrayInTable(Agresidue_SourceData.CropFractionRemoved_CustomisedData(), Table77[[#Headers],[Crop type c]], 0)} -> Tubers and roots | E103: {=Common_InputFunctions.Utility_DisplayArrayInTable(Agresidue_SourceData.CropFractionRemoved_CustomisedData(), Table77[[#Headers],[Crop type c]], 0)} -> QLD | F103: {=Common_InputFunctions.Utility_DisplayArrayInTable(Agresidue_SourceData.CropFractionRemoved_CustomisedData(), Table77[[#Headers],[Crop type c]], 0)} -> 1
D104: {=Common_InputFunctions.Utility_DisplayArrayInTable(Agresidue_SourceData.CropFractionRemoved_CustomisedData(), Table77[[#Headers],[Crop type c]], 0)} -> Tubers and roots | E104: {=Common_InputFunctions.Utility_DisplayArrayInTable(Agresidue_SourceData.CropFractionRemoved_CustomisedData(), Table77[[#Headers],[Crop type c]], 0)} -> SA | F104: {=Common_InputFunctions.Utility_DisplayArrayInTable(Agresidue_SourceData.CropFractionRemoved_CustomisedData(), Table77[[#Headers],[Crop type c]], 0)} -> 1
... D235: {=Common_InputFunctions.Utility_DisplayArrayInTable(Agresidue_SourceData.CropFractionRemoved_CustomisedData(), Table77[[#Headers],[Crop type c]], 0)} -> Other perennial crops | E235: {=Common_InputFunctions.Utility_DisplayArrayInTable(Agresidue_SourceData.CropFractionRemoved_CustomisedData(), Table77[[#Headers],[Crop type c]], 0)} -> NT | F235: {=Common_InputFunctions.Utility_DisplayArrayInTable(Agresidue_SourceData.CropFractionRemoved_CustomisedData(), Table77[[#Headers],[Crop type c]], 0)} -> 0.01

Sheet Constants - Common
A1: #VALUE! | C1: Constants - Common
D5: {=Common_SourceData.Common_SourceData_AustralianStatesTerritories_Title()} -> Australian states and territories
D6: State/Territory | E6: Common Name | F6: Abbreviation
D7: {=Common_InputFunctions.Utility_DisplayArrayInTable(Common_SourceData.Common_SourceData_AustralianStatesTerritories_Data(),Table_AustralianStates[[#Headers],[State/Territory]],0)} -> New South Wales | E7: {=Common_InputFunctions.Utility_DisplayArrayInTable(Common_SourceData.Common_SourceData_AustralianStatesTerritories_Data(),Table_AustralianStates[[#Headers],[State/Territory]],0)} -> New South Wales | F7: {=Common_InputFunctions.Utility_DisplayArrayInTable(Common_SourceData.Common_SourceData_AustralianStatesTerritories_Data(),Table_AustralianStates[[#Headers],[State/Territory]],0)} -> NSW
D8: {=Common_InputFunctions.Utility_DisplayArrayInTable(Common_SourceData.Common_SourceData_AustralianStatesTerritories_Data(),Table_AustralianStates[[#Headers],[State/Territory]],0)} -> Australian Capital Territory | E8: {=Common_InputFunctions.Utility_DisplayArrayInTable(Common_SourceData.Common_SourceData_AustralianStatesTerritories_Data(),Table_AustralianStates[[#Headers],[State/Territory]],0)} -> ACT | F8: {=Common_InputFunctions.Utility_DisplayArrayInTable(Common_SourceData.Common_SourceData_AustralianStatesTerritories_Data(),Table_AustralianStates[[#Headers],[State/Territory]],0)} -> ACT
D9: {=Common_InputFunctions.Utility_DisplayArrayInTable(Common_SourceData.Common_SourceData_AustralianStatesTerritories_Data(),Table_AustralianStates[[#Headers],[State/Territory]],0)} -> Victoria | E9: {=Common_InputFunctions.Utility_DisplayArrayInTable(Common_SourceData.Common_SourceData_AustralianStatesTerritories_Data(),Table_AustralianStates[[#Headers],[State/Territory]],0)} -> Victoria | F9: {=Common_InputFunctions.Utility_DisplayArrayInTable(Common_SourceData.Common_SourceData_AustralianStatesTerritories_Data(),Table_AustralianStates[[#Headers],[State/Territory]],0)} -> VIC
D10: {=Common_InputFunctions.Utility_DisplayArrayInTable(Common_SourceData.Common_SourceData_AustralianStatesTerritories_Data(),Table_AustralianStates[[#Headers],[State/Territory]],0)} -> Queensland | E10: {=Common_InputFunctions.Utility_DisplayArrayInTable(Common_SourceData.Common_SourceData_AustralianStatesTerritories_Data(),Table_AustralianStates[[#Headers],[State/Territory]],0)} -> Queensland | F10: {=Common_InputFunctions.Utility_DisplayArrayInTable(Common_SourceData.Common_SourceData_AustralianStatesTerritories_Data(),Table_AustralianStates[[#Headers],[State/Territory]],0)} -> QLD
D11: {=Common_InputFunctions.Utility_DisplayArrayInTable(Common_SourceData.Common_SourceData_AustralianStatesTerritories_Data(),Table_AustralianStates[[#Headers],[State/Territory]],0)} -> South Australia | E11: {=Common_InputFunctions.Utility_DisplayArrayInTable(Common_SourceData.Common_SourceData_AustralianStatesTerritories_Data(),Table_AustralianStates[[#Headers],[State/Territory]],0)} -> South Australia | F11: {=Common_InputFunctions.Utility_DisplayArrayInTable(Common_SourceData.Common_SourceData_AustralianStatesTerritories_Data(),Table_AustralianStates[[#Headers],[State/Territory]],0)} -> SA
D12: {=Common_InputFunctions.Utility_DisplayArrayInTable(Common_SourceData.Common_SourceData_AustralianStatesTerritories_Data(),Table_AustralianStates[[#Headers],[State/Territory]],0)} -> Western Australia | E12: {=Common_InputFunctions.Utility_DisplayArrayInTable(Common_SourceData.Common_SourceData_AustralianStatesTerritories_Data(),Table_AustralianStates[[#Headers],[State/Territory]],0)} -> Western Australia | F12: {=Common_InputFunctions.Utility_DisplayArrayInTable(Common_SourceData.Common_SourceData_AustralianStatesTerritories_Data(),Table_AustralianStates[[#Headers],[State/Territory]],0)} -> WA
D13: {=Common_InputFunctions.Utility_DisplayArrayInTable(Common_SourceData.Common_SourceData_AustralianStatesTerritories_Data(),Table_AustralianStates[[#Headers],[State/Territory]],0)} -> Tasmania | E13: {=Common_InputFunctions.Utility_DisplayArrayInTable(Common_SourceData.Common_SourceData_AustralianStatesTerritories_Data(),Table_AustralianStates[[#Headers],[State/Territory]],0)} -> Tasmania | F13: {=Common_InputFunctions.Utility_DisplayArrayInTable(Common_SourceData.Common_SourceData_AustralianStatesTerritories_Data(),Table_AustralianStates[[#Headers],[State/Territory]],0)} -> TAS
D14: {=Common_InputFunctions.Utility_DisplayArrayInTable(Common_SourceData.Common_SourceData_AustralianStatesTerritories_Data(),Table_AustralianStates[[#Headers],[State/Territory]],0)} -> Northern Territory | E14: {=Common_InputFunctions.Utility_DisplayArrayInTable(Common_SourceData.Common_SourceData_AustralianStatesTerritories_Data(),Table_AustralianStates[[#Headers],[State/Territory]],0)} -> Northern Territory | F14: {=Common_InputFunctions.Utility_DisplayArrayInTable(Common_SourceData.Common_SourceData_AustralianStatesTerritories_Data(),Table_AustralianStates[[#Headers],[State/Territory]],0)} -> NT
D18: {=Common_SourceData.Common_SourceData_WASA4Areas_Title()} -> ABS Statistcal Areas Level 4 - Western Australia
D19: {=Common_SourceData.Common_SourceData_WASA4Areas_Source()} -> Australian Bureau of Statistics (ABS) - Statistical Areas Level 2 - 2021 - Shapefile
D20: SA 4 Name
D21: {=Common_InputFunctions.Utility_DisplayArrayInTable(Common_SourceData.Common_SourceData_WASA4Areas_Data(), Table_WASA4Areas[[#Headers],[SA 4 Name]], 0)} -> Bunbury
D22: {=Common_InputFunctions.Utility_DisplayArrayInTable(Common_SourceData.Common_SourceData_WASA4Areas_Data(), Table_WASA4Areas[[#Headers],[SA 4 Name]], 0)} -> Mandurah
D23: {=Common_InputFunctions.Utility_DisplayArrayInTable(Common_SourceData.Common_SourceData_WASA4Areas_Data(), Table_WASA4Areas[[#Headers],[SA 4 Name]], 0)} -> Perth - Inner
D24: {=Common_InputFunctions.Utility_DisplayArrayInTable(Common_SourceData.Common_SourceData_WASA4Areas_Data(), Table_WASA4Areas[[#Headers],[SA 4 Name]], 0)} -> Perth - North East
D25: {=Common_InputFunctions.Utility_DisplayArrayInTable(Common_SourceData.Common_SourceData_WASA4Areas_Data(), Table_WASA4Areas[[#Headers],[SA 4 Name]], 0)} -> Perth - North West
D26: {=Common_InputFunctions.Utility_DisplayArrayInTable(Common_SourceData.Common_SourceData_WASA4Areas_Data(), Table_WASA4Areas[[#Headers],[SA 4 Name]], 0)} -> Perth - South East
D27: {=Common_InputFunctions.Utility_DisplayArrayInTable(Common_SourceData.Common_SourceData_WASA4Areas_Data(), Table_WASA4Areas[[#Headers],[SA 4 Name]], 0)} -> Perth - South West
D28: {=Common_InputFunctions.Utility_DisplayArrayInTable(Common_SourceData.Common_SourceData_WASA4Areas_Data(), Table_WASA4Areas[[#Headers],[SA 4 Name]], 0)} -> Western Australia - Wheat Belt
D29: {=Common_InputFunctions.Utility_DisplayArrayInTable(Common_SourceData.Common_SourceData_WASA4Areas_Data(), Table_WASA4Areas[[#Headers],[SA 4 Name]], 0)} -> Western Australia - Outback (North)
D30: {=Common_InputFunctions.Utility_DisplayArrayInTable(Common_SourceData.Common_SourceData_WASA4Areas_Data(), Table_WASA4Areas[[#Headers],[SA 4 Name]], 0)} -> Western Australia - Outback (South)
D34: {=Common_SourceData.Common_SourceData_GWP_Title()} -> Global warming potential for greenhouse gases
D35: {=Common_SourceData.Common_SourceData_GWP_Source()} -> XXXXXXX
D36: Gas | E36: CO2-e factor
D37: {=Common_InputFunctions.Utility_DisplayArrayInTable(Common_SourceData.Common_SourceData_GWP_Data(), Table_GWPData[[#Headers],[Gas]], 0)} -> CO2 | E37: {=Common_InputFunctions.Utility_DisplayArrayInTable(Common_SourceData.Common_SourceData_GWP_Data(), Table_GWPData[[#Headers],[Gas]], 0)} -> 1
D38: {=Common_InputFunctions.Utility_DisplayArrayInTable(Common_SourceData.Common_SourceData_GWP_Data(), Table_GWPData[[#Headers],[Gas]], 0)} -> CH4 | E38: {=Common_InputFunctions.Utility_DisplayArrayInTable(Common_SourceData.Common_SourceData_GWP_Data(), Table_GWPData[[#Headers],[Gas]], 0)} -> 28
D39: {=Common_InputFunctions.Utility_DisplayArrayInTable(Common_SourceData.Common_SourceData_GWP_Data(), Table_GWPData[[#Headers],[Gas]], 0)} -> N2O | E39: {=Common_InputFunctions.Utility_DisplayArrayInTable(Common_SourceData.Common_SourceData_GWP_Data(), Table_GWPData[[#Headers],[Gas]], 0)} -> 265
D40: {=Common_InputFunctions.Utility_DisplayArrayInTable(Common_SourceData.Common_SourceData_GWP_Data(), Table_GWPData[[#Headers],[Gas]], 0)} -> CF4 | E40: {=Common_InputFunctions.Utility_DisplayArrayInTable(Common_SourceData.Common_SourceData_GWP_Data(), Table_GWPData[[#Headers],[Gas]], 0)} -> 6630
D41: {=Common_InputFunctions.Utility_DisplayArrayInTable(Common_SourceData.Common_SourceData_GWP_Data(), Table_GWPData[[#Headers],[Gas]], 0)} -> C2F6 | E41: {=Common_InputFunctions.Utility_DisplayArrayInTable(Common_SourceData.Common_SourceData_GWP_Data(), Table_GWPData[[#Headers],[Gas]], 0)} -> 12200
D42: {=Common_InputFunctions.Utility_DisplayArrayInTable(Common_SourceData.Common_SourceData_GWP_Data(), Table_GWPData[[#Headers],[Gas]], 0)} -> SF6 | E42: {=Common_InputFunctions.Utility_DisplayArrayInTable(Common_SourceData.Common_SourceData_GWP_Data(), Table_GWPData[[#Headers],[Gas]], 0)} -> 22800
D43: {=Common_InputFunctions.Utility_DisplayArrayInTable(Common_SourceData.Common_SourceData_GWP_Data(), Table_GWPData[[#Headers],[Gas]], 0)} -> NF3 | E43: {=Common_InputFunctions.Utility_DisplayArrayInTable(Common_SourceData.Common_SourceData_GWP_Data(), Table_GWPData[[#Headers],[Gas]], 0)} -> 17200
D45: {=Common_SourceData.Common_SourceData_ConvertGasElementalToMolecular_Title()} -> Factor to convert elemental mass of gas to molecular mass
D46: {=Common_SourceData.Common_SourceData_ConvertGasElementalToMolecular_Source()} -> XXXXXXX
D47: Gas | E47: Conversion factor | F47: Conversion factor 1 | G47: Conversion factor 2 | H47: Conversion factor combined
D48: {=Common_InputFunctions.Utility_DisplayArrayInTable(Common_SourceData.Common_SourceData_ConvertGasElementalToMolecular_Data(),Table_GasToMolecularConversionFactor[[#Headers],[Gas]], 0)} -> CO2 | E48: {=Common_InputFunctions.Utility_DisplayArrayInTable(Common_SourceData.Common_SourceData_ConvertGasElementalToMolecular_Data(),Table_GasToMolecularConversionFactor[[#Headers],[Gas]], 0)} -> 44/12 | F48: {=Common_InputFunctions.Utility_DisplayArrayInTable(Common_SourceData.Common_SourceData_ConvertGasElementalToMolecular_Data(),Table_GasToMolecularConversionFactor[[#Headers],[Gas]], 0)} -> 44 | G48: {=Common_InputFunctions.Utility_DisplayArrayInTable(Common_SourceData.Common_SourceData_ConvertGasElementalToMolecular_Data(),Table_GasToMolecularConversionFactor[[#Headers],[Gas]], 0)} -> 12 | H48: =Table_GasToMolecularConversionFactor[[#This Row],[Conversion factor 1]]/Table_GasToMolecularConversionFactor[[#This Row],[Conversion factor 2]] -> 3.6666667
D49: {=Common_InputFunctions.Utility_DisplayArrayInTable(Common_SourceData.Common_SourceData_ConvertGasElementalToMolecular_Data(),Table_GasToMolecularConversionFactor[[#Headers],[Gas]], 0)} -> CH4 | E49: {=Common_InputFunctions.Utility_DisplayArrayInTable(Common_SourceData.Common_SourceData_ConvertGasElementalToMolecular_Data(),Table_GasToMolecularConversionFactor[[#Headers],[Gas]], 0)} -> 16/12 | F49: {=Common_InputFunctions.Utility_DisplayArrayInTable(Common_SourceData.Common_SourceData_ConvertGasElementalToMolecular_Data(),Table_GasToMolecularConversionFactor[[#Headers],[Gas]], 0)} -> 16 | G49: {=Common_InputFunctions.Utility_DisplayArrayInTable(Common_SourceData.Common_SourceData_ConvertGasElementalToMolecular_Data(),Table_GasToMolecularConversionFactor[[#Headers],[Gas]], 0)} -> 12 | H49: =Table_GasToMolecularConversionFactor[[#This Row],[Conversion factor 1]]/Table_GasToMolecularConversionFactor[[#This Row],[Conversion factor 2]] -> 1.3333333
D50: {=Common_InputFunctions.Utility_DisplayArrayInTable(Common_SourceData.Common_SourceData_ConvertGasElementalToMolecular_Data(),Table_GasToMolecularConversionFactor[[#Headers],[Gas]], 0)} -> N2O | E50: {=Common_InputFunctions.Utility_DisplayArrayInTable(Common_SourceData.Common_SourceData_ConvertGasElementalToMolecular_Data(),Table_GasToMolecularConversionFactor[[#Headers],[Gas]], 0)} -> 44/28 | F50: {=Common_InputFunctions.Utility_DisplayArrayInTable(Common_SourceData.Common_SourceData_ConvertGasElementalToMolecular_Data(),Table_GasToMolecularConversionFactor[[#Headers],[Gas]], 0)} -> 44 | G50: {=Common_InputFunctions.Utility_DisplayArrayInTable(Common_SourceData.Common_SourceData_ConvertGasElementalToMolecular_Data(),Table_GasToMolecularConversionFactor[[#Headers],[Gas]], 0)} -> 28 | H50: =Table_GasToMolecularConversionFactor[[#This Row],[Conversion factor 1]]/Table_GasToMolecularConversionFactor[[#This Row],[Conversion factor 2]] -> 1.5714286
D51: {=Common_InputFunctions.Utility_DisplayArrayInTable(Common_SourceData.Common_SourceData_ConvertGasElementalToMolecular_Data(),Table_GasToMolecularConversionFactor[[#Headers],[Gas]], 0)} -> Nox | E51: {=Common_InputFunctions.Utility_DisplayArrayInTable(Common_SourceData.Common_SourceData_ConvertGasElementalToMolecular_Data(),Table_GasToMolecularConversionFactor[[#Headers],[Gas]], 0)} -> 46/14 | F51: {=Common_InputFunctions.Utility_DisplayArrayInTable(Common_SourceData.Common_SourceData_ConvertGasElementalToMolecular_Data(),Table_GasToMolecularConversionFactor[[#Headers],[Gas]], 0)} -> 46 | G51: {=Common_InputFunctions.Utility_DisplayArrayInTable(Common_SourceData.Common_SourceData_ConvertGasElementalToMolecular_Data(),Table_GasToMolecularConversionFactor[[#Headers],[Gas]], 0)} -> 14 | H51: =Table_GasToMolecularConversionFactor[[#This Row],[Conversion factor 1]]/Table_GasToMolecularConversionFactor[[#This Row],[Conversion factor 2]] -> 3.2857143
D52: {=Common_InputFunctions.Utility_DisplayArrayInTable(Common_SourceData.Common_SourceData_ConvertGasElementalToMolecular_Data(),Table_GasToMolecularConversionFactor[[#Headers],[Gas]], 0)} -> CO | E52: {=Common_InputFunctions.Utility_DisplayArrayInTable(Common_SourceData.Common_SourceData_ConvertGasElementalToMolecular_Data(),Table_GasToMolecularConversionFactor[[#Headers],[Gas]], 0)} -> 28/12 | F52: {=Common_InputFunctions.Utility_DisplayArrayInTable(Common_SourceData.Common_SourceData_ConvertGasElementalToMolecular_Data(),Table_GasToMolecularConversionFactor[[#Headers],[Gas]], 0)} -> 28 | G52: {=Common_InputFunctions.Utility_DisplayArrayInTable(Common_SourceData.Common_SourceData_ConvertGasElementalToMolecular_Data(),Table_GasToMolecularConversionFactor[[#Headers],[Gas]], 0)} -> 12 | H52: =Table_GasToMolecularConversionFactor[[#This Row],[Conversion factor 1]]/Table_GasToMolecularConversionFactor[[#This Row],[Conversion factor 2]] -> 2.3333333
D53: {=Common_InputFunctions.Utility_DisplayArrayInTable(Common_SourceData.Common_SourceData_ConvertGasElementalToMolecular_Data(),Table_GasToMolecularConversionFactor[[#Headers],[Gas]], 0)} -> CO2 Lime | E53: {=Common_InputFunctions.Utility_DisplayArrayInTable(Common_SourceData.Common_SourceData_ConvertGasElementalToMolecular_Data(),Table_GasToMolecularConversionFactor[[#Headers],[Gas]], 0)} -> 44/12 | F53: {=Common_InputFunctions.Utility_DisplayArrayInTable(Common_SourceData.Common_SourceData_ConvertGasElementalToMolecular_Data(),Table_GasToMolecularConversionFactor[[#Headers],[Gas]], 0)} -> 44 | G53: {=Common_InputFunctions.Utility_DisplayArrayInTable(Common_SourceData.Common_SourceData_ConvertGasElementalToMolecular_Data(),Table_GasToMolecularConversionFactor[[#Headers],[Gas]], 0)} -> 12 | H53: =Table_GasToMolecularConversionFactor[[#This Row],[Conversion factor 1]]/Table_GasToMolecularConversionFactor[[#This Row],[Conversion factor 2]] -> 3.6666667
D54: {=Common_InputFunctions.Utility_DisplayArrayInTable(Common_SourceData.Common_SourceData_ConvertGasElementalToMolecular_Data(),Table_GasToMolecularConversionFactor[[#Headers],[Gas]], 0)} -> NMVOC | E54: {=Common_InputFunctions.Utility_DisplayArrayInTable(Common_SourceData.Common_SourceData_ConvertGasElementalToMolecular_Data(),Table_GasToMolecularConversionFactor[[#Headers],[Gas]], 0)} -> 14/12 | F54: {=Common_InputFunctions.Utility_DisplayArrayInTable(Common_SourceData.Common_SourceData_ConvertGasElementalToMolecular_Data(),Table_GasToMolecularConversionFactor[[#Headers],[Gas]], 0)} -> 14 | G54: {=Common_InputFunctions.Utility_DisplayArrayInTable(Common_SourceData.Common_SourceData_ConvertGasElementalToMolecular_Data(),Table_GasToMolecularConversionFactor[[#Headers],[Gas]], 0)} -> 12 | H54: =Table_GasToMolecularConversionFactor[[#This Row],[Conversion factor 1]]/Table_GasToMolecularConversionFactor[[#This Row],[Conversion factor 2]] -> 1.1666667
D57: {=Common_SourceData.Common_SourceData_WetAndDryZones_Title()} -> VEERG Australian wet and dry zones
D58: {=Common_SourceData.Common_SourceData_WetAndDryZones_Source()} -> VEERG 2026: Table 1.2: Translating climate zones to wet and dry zones
D59: {="⚠️" & Common_SourceData.Common_SourceData_WetAndDryZones_Variation()} -> ⚠️VARIATION OF SOURCE DATA:
D60: ⚠️Added warm / cool temperate moist / dry - low frost and high temp classes to accommodate climate scenarios excluded by VEERG criteria.
D61: ⚠️Fixed typo - Changed 'Fry' to 'Dry'.
D63: Climate zone | E63: Wet or Dry Zone
D64: {=Common_InputFunctions.Utility_DisplayArrayInTable(Common_SourceData.Common_SourceData_WetAndDryZones_Data(), Table_SourceData_WetDryZones[[#Headers],[Climate zone]], 0)} -> Tropical montane | E64: {=Common_InputFunctions.Utility_DisplayArrayInTable(Common_SourceData.Common_SourceData_WetAndDryZones_Data(), Table_SourceData_WetDryZones[[#Headers],[Climate zone]], 0)} -> Wet climate zone
D65: {=Common_InputFunctions.Utility_DisplayArrayInTable(Common_SourceData.Common_SourceData_WetAndDryZones_Data(), Table_SourceData_WetDryZones[[#Headers],[Climate zone]], 0)} -> Tropical wet | E65: {=Common_InputFunctions.Utility_DisplayArrayInTable(Common_SourceData.Common_SourceData_WetAndDryZones_Data(), Table_SourceData_WetDryZones[[#Headers],[Climate zone]], 0)} -> Wet climate zone
D66: {=Common_InputFunctions.Utility_DisplayArrayInTable(Common_SourceData.Common_SourceData_WetAndDryZones_Data(), Table_SourceData_WetDryZones[[#Headers],[Climate zone]], 0)} -> Tropical moist | E66: {=Common_InputFunctions.Utility_DisplayArrayInTable(Common_SourceData.Common_SourceData_WetAndDryZones_Data(), Table_SourceData_WetDryZones[[#Headers],[Climate zone]], 0)} -> Wet climate zone
D67: {=Common_InputFunctions.Utility_DisplayArrayInTable(Common_SourceData.Common_SourceData_WetAndDryZones_Data(), Table_SourceData_WetDryZones[[#Headers],[Climate zone]], 0)} -> Tropical dry | E67: {=Common_InputFunctions.Utility_DisplayArrayInTable(Common_SourceData.Common_SourceData_WetAndDryZones_Data(), Table_SourceData_WetDryZones[[#Headers],[Climate zone]], 0)} -> Dry climate zone
D68: {=Common_InputFunctions.Utility_DisplayArrayInTable(Common_SourceData.Common_SourceData_WetAndDryZones_Data(), Table_SourceData_WetDryZones[[#Headers],[Climate zone]], 0)} -> Warm temperate moist | E68: {=Common_InputFunctions.Utility_DisplayArrayInTable(Common_SourceData.Common_SourceData_WetAndDryZones_Data(), Table_SourceData_WetDryZones[[#Headers],[Climate zone]], 0)} -> Wet climate zone
D69: {=Common_InputFunctions.Utility_DisplayArrayInTable(Common_SourceData.Common_SourceData_WetAndDryZones_Data(), Table_SourceData_WetDryZones[[#Headers],[Climate zone]], 0)} -> Warm temperate dry | E69: {=Common_InputFunctions.Utility_DisplayArrayInTable(Common_SourceData.Common_SourceData_WetAndDryZones_Data(), Table_SourceData_WetDryZones[[#Headers],[Climate zone]], 0)} -> Dry climate zone
D70: {=Common_InputFunctions.Utility_DisplayArrayInTable(Common_SourceData.Common_SourceData_WetAndDryZones_Data(), Table_SourceData_WetDryZones[[#Headers],[Climate zone]], 0)} -> Cool temperate moist | E70: {=Common_InputFunctions.Utility_DisplayArrayInTable(Common_SourceData.Common_SourceData_WetAndDryZones_Data(), Table_SourceData_WetDryZones[[#Headers],[Climate zone]], 0)} -> Wet climate zone
D71: {=Common_InputFunctions.Utility_DisplayArrayInTable(Common_SourceData.Common_SourceData_WetAndDryZones_Data(), Table_SourceData_WetDryZones[[#Headers],[Climate zone]], 0)} -> Cool temperate dry | E71: {=Common_InputFunctions.Utility_DisplayArrayInTable(Common_SourceData.Common_SourceData_WetAndDryZones_Data(), Table_SourceData_WetDryZones[[#Headers],[Climate zone]], 0)} -> Dry climate zone
D72: {=Common_InputFunctions.Utility_DisplayArrayInTable(Common_SourceData.Common_SourceData_WetAndDryZones_Data(), Table_SourceData_WetDryZones[[#Headers],[Climate zone]], 0)} -> Warm temperate moist - low frost | E72: {=Common_InputFunctions.Utility_DisplayArrayInTable(Common_SourceData.Common_SourceData_WetAndDryZones_Data(), Table_SourceData_WetDryZones[[#Headers],[Climate zone]], 0)} -> Wet climate zone
D73: {=Common_InputFunctions.Utility_DisplayArrayInTable(Common_SourceData.Common_SourceData_WetAndDryZones_Data(), Table_SourceData_WetDryZones[[#Headers],[Climate zone]], 0)} -> Warm temperate dry - low frost | E73: {=Common_InputFunctions.Utility_DisplayArrayInTable(Common_SourceData.Common_SourceData_WetAndDryZones_Data(), Table_SourceData_WetDryZones[[#Headers],[Climate zone]], 0)} -> Dry climate zone
D74: {=Common_InputFunctions.Utility_DisplayArrayInTable(Common_SourceData.Common_SourceData_WetAndDryZones_Data(), Table_SourceData_WetDryZones[[#Headers],[Climate zone]], 0)} -> Warm temperate moist - high temp | E74: {=Common_InputFunctions.Utility_DisplayArrayInTable(Common_SourceData.Common_SourceData_WetAndDryZones_Data(), Table_SourceData_WetDryZones[[#Headers],[Climate zone]], 0)} -> Wet climate zone
D75: {=Common_InputFunctions.Utility_DisplayArrayInTable(Common_SourceData.Common_SourceData_WetAndDryZones_Data(), Table_SourceData_WetDryZones[[#Headers],[Climate zone]], 0)} -> Warm temperate dry - high temp | E75: {=Common_InputFunctions.Utility_DisplayArrayInTable(Common_SourceData.Common_SourceData_WetAndDryZones_Data(), Table_SourceData_WetDryZones[[#Headers],[Climate zone]], 0)} -> Dry climate zone
... D77: {=Common_InputFunctions.Utility_DisplayArrayInTable(Common_SourceData.Common_SourceData_WetAndDryZones_Data(), Table_SourceData_WetDryZones[[#Headers],[Climate zone]], 0)} -> Cool temperate dry - low frost | E77: {=Common_InputFunctions.Utility_DisplayArrayInTable(Common_SourceData.Common_SourceData_WetAndDryZones_Data(), Table_SourceData_WetDryZones[[#Headers],[Climate zone]], 0)} -> Dry climate zone
D81: {=Common_SourceData.Common_SourceData_ClimateZones_Title()} -> VEERG Australian climate zones
D82: {=Common_SourceData.Common_SourceData_ClimateZones_Source()} -> VEERG 2026: Table 1.3: Climate and Rainfall zone classifications and definitions
D83: {="⚠️" & Common_SourceData.Common_SourceData_ClimateZones_Variation()} -> ⚠️VARIATION OF SOURCE DATA:
D84: ⚠️Added warm / cool temperate moist / dry - low frost and high temp classes to accommodate climate scenarios excluded by VEERG criteria.
D85: ⚠️Fixed typo in MAT value for warm temperate dry - changed 10 to 11.
D86: ⚠️Added min and max columns for MAT, MAP, frost days per year, elevation, MAP:PET to calculate zones from real climate data.
D87: ⚠️GAF accepts rainfall as a proxy for precipitation.
D89: Climate zone | E89: MAT | F89: MAP | G89: Frost days per year | H89: Elevation | I89: MAP:PET | J89: Min temp | K89: Max temp | L89: Min rainfall | M89: Max rainfall | N89: Min frost days | O89: Max frost days | P89: Min elevation | Q89: Max elevation | R89: Min MAP:PET | S89: Max MAP:PET
D90: {=Common_InputFunctions.Utility_DisplayArrayInTable(Common_SourceData.Common_SourceData_ClimateZones_Data(), Table_SourceData_ClimateZones[[#Headers],[Climate zone]], 0)} -> Tropical montane | E90: {=Common_InputFunctions.Utility_DisplayArrayInTable(Common_SourceData.Common_SourceData_ClimateZones_Data(), Table_SourceData_ClimateZones[[#Headers],[Climate zone]], 0)} -> > 18 C | F90: {=Common_InputFunctions.Utility_DisplayArrayInTable(Common_SourceData.Common_SourceData_ClimateZones_Data(), Table_SourceData_ClimateZones[[#Headers],[Climate zone]], 0)} -> Any | G90: {=Common_InputFunctions.Utility_DisplayArrayInTable(Common_SourceData.Common_SourceData_ClimateZones_Data(), Table_SourceData_ClimateZones[[#Headers],[Climate zone]], 0)} -> ≤ 7 | H90: {=Common_InputFunctions.Utility_DisplayArrayInTable(Common_SourceData.Common_SourceData_ClimateZones_Data(), Table_SourceData_ClimateZones[[#Headers],[Climate zone]], 0)} -> > 1000 m | I90: {=Common_InputFunctions.Utility_DisplayArrayInTable(Common_SourceData.Common_SourceData_ClimateZones_Data(), Table_SourceData_ClimateZones[[#Headers],[Climate zone]], 0)} -> Any | J90: {=Common_InputFunctions.Utility_DisplayArrayInTable(Common_SourceData.Common_SourceData_ClimateZones_Data(), Table_SourceData_ClimateZones[[#Headers],[Climate zone]], 0)} -> 18.001 | K90: {=Common_InputFunctions.Utility_DisplayArrayInTable(Common_SourceData.Common_SourceData_ClimateZones_Data(), Table_SourceData_ClimateZones[[#Headers],[Climate zone]], 0)} -> 999999 | ... S90: {=Common_InputFunctions.Utility_DisplayArrayInTable(Common_SourceData.Common_SourceData_ClimateZones_Data(), Table_SourceData_ClimateZones[[#Headers],[Climate zone]], 0)} -> 999999
D91: {=Common_InputFunctions.Utility_DisplayArrayInTable(Common_SourceData.Common_SourceData_ClimateZones_Data(), Table_SourceData_ClimateZones[[#Headers],[Climate zone]], 0)} -> Tropical wet | E91: {=Common_InputFunctions.Utility_DisplayArrayInTable(Common_SourceData.Common_SourceData_ClimateZones_Data(), Table_SourceData_ClimateZones[[#Headers],[Climate zone]], 0)} -> > 18 C | F91: {=Common_InputFunctions.Utility_DisplayArrayInTable(Common_SourceData.Common_SourceData_ClimateZones_Data(), Table_SourceData_ClimateZones[[#Headers],[Climate zone]], 0)} -> > 2000 mm | G91: {=Common_InputFunctions.Utility_DisplayArrayInTable(Common_SourceData.Common_SourceData_ClimateZones_Data(), Table_SourceData_ClimateZones[[#Headers],[Climate zone]], 0)} -> ≤ 7 | H91: {=Common_InputFunctions.Utility_DisplayArrayInTable(Common_SourceData.Common_SourceData_ClimateZones_Data(), Table_SourceData_ClimateZones[[#Headers],[Climate zone]], 0)} -> ≤ 1000 m | I91: {=Common_InputFunctions.Utility_DisplayArrayInTable(Common_SourceData.Common_SourceData_ClimateZones_Data(), Table_SourceData_ClimateZones[[#Headers],[Climate zone]], 0)} -> Any | J91: {=Common_InputFunctions.Utility_DisplayArrayInTable(Common_SourceData.Common_SourceData_ClimateZones_Data(), Table_SourceData_ClimateZones[[#Headers],[Climate zone]], 0)} -> 18.001 | K91: {=Common_InputFunctions.Utility_DisplayArrayInTable(Common_SourceData.Common_SourceData_ClimateZones_Data(), Table_SourceData_ClimateZones[[#Headers],[Climate zone]], 0)} -> 999999 | ... S91: {=Common_InputFunctions.Utility_DisplayArrayInTable(Common_SourceData.Common_SourceData_ClimateZones_Data(), Table_SourceData_ClimateZones[[#Headers],[Climate zone]], 0)} -> 999999
D92: {=Common_InputFunctions.Utility_DisplayArrayInTable(Common_SourceData.Common_SourceData_ClimateZones_Data(), Table_SourceData_ClimateZones[[#Headers],[Climate zone]], 0)} -> Tropical moist | E92: {=Common_InputFunctions.Utility_DisplayArrayInTable(Common_SourceData.Common_SourceData_ClimateZones_Data(), Table_SourceData_ClimateZones[[#Headers],[Climate zone]], 0)} -> > 18 C | F92: {=Common_InputFunctions.Utility_DisplayArrayInTable(Common_SourceData.Common_SourceData_ClimateZones_Data(), Table_SourceData_ClimateZones[[#Headers],[Climate zone]], 0)} -> > 1000 mm - ≤ 2000 mm | G92: {=Common_InputFunctions.Utility_DisplayArrayInTable(Common_SourceData.Common_SourceData_ClimateZones_Data(), Table_SourceData_ClimateZones[[#Headers],[Climate zone]], 0)} -> ≤ 7 | H92: {=Common_InputFunctions.Utility_DisplayArrayInTable(Common_SourceData.Common_SourceData_ClimateZones_Data(), Table_SourceData_ClimateZones[[#Headers],[Climate zone]], 0)} -> ≤ 1000 m | I92: {=Common_InputFunctions.Utility_DisplayArrayInTable(Common_SourceData.Common_SourceData_ClimateZones_Data(), Table_SourceData_ClimateZones[[#Headers],[Climate zone]], 0)} -> Any | J92: {=Common_InputFunctions.Utility_DisplayArrayInTable(Common_SourceData.Common_SourceData_ClimateZones_Data(), Table_SourceData_ClimateZones[[#Headers],[Climate zone]], 0)} -> 18.001 | K92: {=Common_InputFunctions.Utility_DisplayArrayInTable(Common_SourceData.Common_SourceData_ClimateZones_Data(), Table_SourceData_ClimateZones[[#Headers],[Climate zone]], 0)} -> 999999 | ... S92: {=Common_InputFunctions.Utility_DisplayArrayInTable(Common_SourceData.Common_SourceData_ClimateZones_Data(), Table_SourceData_ClimateZones[[#Headers],[Climate zone]], 0)} -> 999999
D93: {=Common_InputFunctions.Utility_DisplayArrayInTable(Common_SourceData.Common_SourceData_ClimateZones_Data(), Table_SourceData_ClimateZones[[#Headers],[Climate zone]], 0)} -> Tropical dry | E93: {=Common_InputFunctions.Utility_DisplayArrayInTable(Common_SourceData.Common_SourceData_ClimateZones_Data(), Table_SourceData_ClimateZones[[#Headers],[Climate zone]], 0)} -> > 18 C | F93: {=Common_InputFunctions.Utility_DisplayArrayInTable(Common_SourceData.Common_SourceData_ClimateZones_Data(), Table_SourceData_ClimateZones[[#Headers],[Climate zone]], 0)} -> ≤ 1000 mm | G93: {=Common_InputFunctions.Utility_DisplayArrayInTable(Common_SourceData.Common_SourceData_ClimateZones_Data(), Table_SourceData_ClimateZones[[#Headers],[Climate zone]], 0)} -> ≤ 7 | H93: {=Common_InputFunctions.Utility_DisplayArrayInTable(Common_SourceData.Common_SourceData_ClimateZones_Data(), Table_SourceData_ClimateZones[[#Headers],[Climate zone]], 0)} -> ≤ 1000 m | I93: {=Common_InputFunctions.Utility_DisplayArrayInTable(Common_SourceData.Common_SourceData_ClimateZones_Data(), Table_SourceData_ClimateZones[[#Headers],[Climate zone]], 0)} -> Any | J93: {=Common_InputFunctions.Utility_DisplayArrayInTable(Common_SourceData.Common_SourceData_ClimateZones_Data(), Table_SourceData_ClimateZones[[#Headers],[Climate zone]], 0)} -> 18.001 | K93: {=Common_InputFunctions.Utility_DisplayArrayInTable(Common_SourceData.Common_SourceData_ClimateZones_Data(), Table_SourceData_ClimateZones[[#Headers],[Climate zone]], 0)} -> 999999 | ... S93: {=Common_InputFunctions.Utility_DisplayArrayInTable(Common_SourceData.Common_SourceData_ClimateZones_Data(), Table_SourceData_ClimateZones[[#Headers],[Climate zone]], 0)} -> 999999
D94: {=Common_InputFunctions.Utility_DisplayArrayInTable(Common_SourceData.Common_SourceData_ClimateZones_Data(), Table_SourceData_ClimateZones[[#Headers],[Climate zone]], 0)} -> Warm temperate moist | E94: {=Common_InputFunctions.Utility_DisplayArrayInTable(Common_SourceData.Common_SourceData_ClimateZones_Data(), Table_SourceData_ClimateZones[[#Headers],[Climate zone]], 0)} -> > 10 C | F94: {=Common_InputFunctions.Utility_DisplayArrayInTable(Common_SourceData.Common_SourceData_ClimateZones_Data(), Table_SourceData_ClimateZones[[#Headers],[Climate zone]], 0)} -> Any | G94: {=Common_InputFunctions.Utility_DisplayArrayInTable(Common_SourceData.Common_SourceData_ClimateZones_Data(), Table_SourceData_ClimateZones[[#Headers],[Climate zone]], 0)} -> Any | H94: {=Common_InputFunctions.Utility_DisplayArrayInTable(Common_SourceData.Common_SourceData_ClimateZones_Data(), Table_SourceData_ClimateZones[[#Headers],[Climate zone]], 0)} -> Any | I94: {=Common_InputFunctions.Utility_DisplayArrayInTable(Common_SourceData.Common_SourceData_ClimateZones_Data(), Table_SourceData_ClimateZones[[#Headers],[Climate zone]], 0)} -> > 1 | J94: {=Common_InputFunctions.Utility_DisplayArrayInTable(Common_SourceData.Common_SourceData_ClimateZones_Data(), Table_SourceData_ClimateZones[[#Headers],[Climate zone]], 0)} -> 10.001 | K94: {=Common_InputFunctions.Utility_DisplayArrayInTable(Common_SourceData.Common_SourceData_ClimateZones_Data(), Table_SourceData_ClimateZones[[#Headers],[Climate zone]], 0)} -> 999999 | ... S94: {=Common_InputFunctions.Utility_DisplayArrayInTable(Common_SourceData.Common_SourceData_ClimateZones_Data(), Table_SourceData_ClimateZones[[#Headers],[Climate zone]], 0)} -> 999999
D95: {=Common_InputFunctions.Utility_DisplayArrayInTable(Common_SourceData.Common_SourceData_ClimateZones_Data(), Table_SourceData_ClimateZones[[#Headers],[Climate zone]], 0)} -> Warm temperate dry | E95: {=Common_InputFunctions.Utility_DisplayArrayInTable(Common_SourceData.Common_SourceData_ClimateZones_Data(), Table_SourceData_ClimateZones[[#Headers],[Climate zone]], 0)} -> > 10 C | F95: {=Common_InputFunctions.Utility_DisplayArrayInTable(Common_SourceData.Common_SourceData_ClimateZones_Data(), Table_SourceData_ClimateZones[[#Headers],[Climate zone]], 0)} -> Any | G95: {=Common_InputFunctions.Utility_DisplayArrayInTable(Common_SourceData.Common_SourceData_ClimateZones_Data(), Table_SourceData_ClimateZones[[#Headers],[Climate zone]], 0)} -> Any | H95: {=Common_InputFunctions.Utility_DisplayArrayInTable(Common_SourceData.Common_SourceData_ClimateZones_Data(), Table_SourceData_ClimateZones[[#Headers],[Climate zone]], 0)} -> Any | I95: {=Common_InputFunctions.Utility_DisplayArrayInTable(Common_SourceData.Common_SourceData_ClimateZones_Data(), Table_SourceData_ClimateZones[[#Headers],[Climate zone]], 0)} -> ≤ 1 | J95: {=Common_InputFunctions.Utility_DisplayArrayInTable(Common_SourceData.Common_SourceData_ClimateZones_Data(), Table_SourceData_ClimateZones[[#Headers],[Climate zone]], 0)} -> 10.001 | K95: {=Common_InputFunctions.Utility_DisplayArrayInTable(Common_SourceData.Common_SourceData_ClimateZones_Data(), Table_SourceData_ClimateZones[[#Headers],[Climate zone]], 0)} -> 999999 | ... S95: {=Common_InputFunctions.Utility_DisplayArrayInTable(Common_SourceData.Common_SourceData_ClimateZones_Data(), Table_SourceData_ClimateZones[[#Headers],[Climate zone]], 0)} -> 1
D96: {=Common_InputFunctions.Utility_DisplayArrayInTable(Common_SourceData.Common_SourceData_ClimateZones_Data(), Table_SourceData_ClimateZones[[#Headers],[Climate zone]], 0)} -> Cool temperate moist | E96: {=Common_InputFunctions.Utility_DisplayArrayInTable(Common_SourceData.Common_SourceData_ClimateZones_Data(), Table_SourceData_ClimateZones[[#Headers],[Climate zone]], 0)} -> > 0 C - ≤ 10 C | F96: {=Common_InputFunctions.Utility_DisplayArrayInTable(Common_SourceData.Common_SourceData_ClimateZones_Data(), Table_SourceData_ClimateZones[[#Headers],[Climate zone]], 0)} -> Any | G96: {=Common_InputFunctions.Utility_DisplayArrayInTable(Common_SourceData.Common_SourceData_ClimateZones_Data(), Table_SourceData_ClimateZones[[#Headers],[Climate zone]], 0)} -> Any | H96: {=Common_InputFunctions.Utility_DisplayArrayInTable(Common_SourceData.Common_SourceData_ClimateZones_Data(), Table_SourceData_ClimateZones[[#Headers],[Climate zone]], 0)} -> Any | I96: {=Common_InputFunctions.Utility_DisplayArrayInTable(Common_SourceData.Common_SourceData_ClimateZones_Data(), Table_SourceData_ClimateZones[[#Headers],[Climate zone]], 0)} -> > 1 | J96: {=Common_InputFunctions.Utility_DisplayArrayInTable(Common_SourceData.Common_SourceData_ClimateZones_Data(), Table_SourceData_ClimateZones[[#Headers],[Climate zone]], 0)} -> -999999 | K96: {=Common_InputFunctions.Utility_DisplayArrayInTable(Common_SourceData.Common_SourceData_ClimateZones_Data(), Table_SourceData_ClimateZones[[#Headers],[Climate zone]], 0)} -> 10 | ... S96: {=Common_InputFunctions.Utility_DisplayArrayInTable(Common_SourceData.Common_SourceData_ClimateZones_Data(), Table_SourceData_ClimateZones[[#Headers],[Climate zone]], 0)} -> 999999
D97: {=Common_InputFunctions.Utility_DisplayArrayInTable(Common_SourceData.Common_SourceData_ClimateZones_Data(), Table_SourceData_ClimateZones[[#Headers],[Climate zone]], 0)} -> Cool temperate dry | E97: {=Common_InputFunctions.Utility_DisplayArrayInTable(Common_SourceData.Common_SourceData_ClimateZones_Data(), Table_SourceData_ClimateZones[[#Headers],[Climate zone]], 0)} -> > 0 C - ≤ 10 C | F97: {=Common_InputFunctions.Utility_DisplayArrayInTable(Common_SourceData.Common_SourceData_ClimateZones_Data(), Table_SourceData_ClimateZones[[#Headers],[Climate zone]], 0)} -> Any | G97: {=Common_InputFunctions.Utility_DisplayArrayInTable(Common_SourceData.Common_SourceData_ClimateZones_Data(), Table_SourceData_ClimateZones[[#Headers],[Climate zone]], 0)} -> Any | H97: {=Common_InputFunctions.Utility_DisplayArrayInTable(Common_SourceData.Common_SourceData_ClimateZones_Data(), Table_SourceData_ClimateZones[[#Headers],[Climate zone]], 0)} -> Any | I97: {=Common_InputFunctions.Utility_DisplayArrayInTable(Common_SourceData.Common_SourceData_ClimateZones_Data(), Table_SourceData_ClimateZones[[#Headers],[Climate zone]], 0)} -> ≤ 1 | J97: {=Common_InputFunctions.Utility_DisplayArrayInTable(Common_SourceData.Common_SourceData_ClimateZones_Data(), Table_SourceData_ClimateZones[[#Headers],[Climate zone]], 0)} -> -999999 | K97: {=Common_InputFunctions.Utility_DisplayArrayInTable(Common_SourceData.Common_SourceData_ClimateZones_Data(), Table_SourceData_ClimateZones[[#Headers],[Climate zone]], 0)} -> 10 | ... S97: {=Common_InputFunctions.Utility_DisplayArrayInTable(Common_SourceData.Common_SourceData_ClimateZones_Data(), Table_SourceData_ClimateZones[[#Headers],[Climate zone]], 0)} -> 1
D99: {=Common_SourceData.Common_SourceData_ClimateZones_Appendices()} -> Note:
D100: MAT = mean annual temperature
D101: MAP = mean annual precipitation
D102: PET = potential evapotranspiration
D105: {=Common_SourceData.Common_SourceData_TemperatureZones_Title()} -> VEERG Australian temperature zones
D106: {=Common_SourceData.Common_SourceData_TemperatureZones_Source()} -> VEERG 2026: Table 1.3: Climate and Rainfall zone classifications and definitions
D107: {="⚠️" & Common_SourceData.Common_SourceData_TemperatureZones_Variation()} -> ⚠️VARIATION OF SOURCE DATA: Added extra MAT min and MAT max columns to calculate zone from real temperature data.
D109: Temperature Zone | E109: MAT | F109: Min MAT | G109: Max MAT
D110: {=Common_InputFunctions.Utility_DisplayArrayInTable(Common_SourceData.Common_SourceData_TemperatureZones_Data(),Table_SourceData_TemperatureZones[[#Headers],[Temperature Zone]],0)} -> Warm | E110: {=Common_InputFunctions.Utility_DisplayArrayInTable(Common_SourceData.Common_SourceData_TemperatureZones_Data(),Table_SourceData_TemperatureZones[[#Headers],[Temperature Zone]],0)} -> ≥ 26 C | F110: {=Common_InputFunctions.Utility_DisplayArrayInTable(Common_SourceData.Common_SourceData_TemperatureZones_Data(),Table_SourceData_TemperatureZones[[#Headers],[Temperature Zone]],0)} -> 26 | G110: {=Common_InputFunctions.Utility_DisplayArrayInTable(Common_SourceData.Common_SourceData_TemperatureZones_Data(),Table_SourceData_TemperatureZones[[#Headers],[Temperature Zone]],0)} -> 999999
D111: {=Common_InputFunctions.Utility_DisplayArrayInTable(Common_SourceData.Common_SourceData_TemperatureZones_Data(),Table_SourceData_TemperatureZones[[#Headers],[Temperature Zone]],0)} -> Temperate | E111: {=Common_InputFunctions.Utility_DisplayArrayInTable(Common_SourceData.Common_SourceData_TemperatureZones_Data(),Table_SourceData_TemperatureZones[[#Headers],[Temperature Zone]],0)} -> 15 - 25 C | F111: {=Common_InputFunctions.Utility_DisplayArrayInTable(Common_SourceData.Common_SourceData_TemperatureZones_Data(),Table_SourceData_TemperatureZones[[#Headers],[Temperature Zone]],0)} -> 15 | G111: {=Common_InputFunctions.Utility_DisplayArrayInTable(Common_SourceData.Common_SourceData_TemperatureZones_Data(),Table_SourceData_TemperatureZones[[#Headers],[Temperature Zone]],0)} -> 25.999
D112: {=Common_InputFunctions.Utility_DisplayArrayInTable(Common_SourceData.Common_SourceData_TemperatureZones_Data(),Table_SourceData_TemperatureZones[[#Headers],[Temperature Zone]],0)} -> Cool | E112: {=Common_InputFunctions.Utility_DisplayArrayInTable(Common_SourceData.Common_SourceData_TemperatureZones_Data(),Table_SourceData_TemperatureZones[[#Headers],[Temperature Zone]],0)} -> ≤ 14 C | F112: {=Common_InputFunctions.Utility_DisplayArrayInTable(Common_SourceData.Common_SourceData_TemperatureZones_Data(),Table_SourceData_TemperatureZones[[#Headers],[Temperature Zone]],0)} -> -999999 | G112: {=Common_InputFunctions.Utility_DisplayArrayInTable(Common_SourceData.Common_SourceData_TemperatureZones_Data(),Table_SourceData_TemperatureZones[[#Headers],[Temperature Zone]],0)} -> 14.999
D115: {=Common_SourceData.Common_SourceData_RainfallZones_Title()} -> VEERG Australian rainfall zones
D116: {=Common_SourceData.Common_SourceData_RainfallZones_Source()} -> VEERG 2026: Table 1.3: Climate and Rainfall zone classifications and definitions
D117: {="⚠️" & Common_SourceData.Common_SourceData_RainfallZones_Variation()} -> ⚠️VARIATION OF SOURCE DATA: Added extra Rainfall min and Rainfall max columns to calculate zone from real rainfall data.
D119: Rainfall Zone | E119: Annual rainfall | F119: Min rainfall | G119: Max rainfall
D120: {=Common_InputFunctions.Utility_DisplayArrayInTable(Common_SourceData.Common_SourceData_RainfallZones_Data(),Table_SourceData_RainfallZones[[#Headers],[Rainfall Zone]],0)} -> High rainfall | E120: {=Common_InputFunctions.Utility_DisplayArrayInTable(Common_SourceData.Common_SourceData_RainfallZones_Data(),Table_SourceData_RainfallZones[[#Headers],[Rainfall Zone]],0)} -> Annual rainfall > 600mm | F120: {=Common_InputFunctions.Utility_DisplayArrayInTable(Common_SourceData.Common_SourceData_RainfallZones_Data(),Table_SourceData_RainfallZones[[#Headers],[Rainfall Zone]],0)} -> 600.001 | G120: {=Common_InputFunctions.Utility_DisplayArrayInTable(Common_SourceData.Common_SourceData_RainfallZones_Data(),Table_SourceData_RainfallZones[[#Headers],[Rainfall Zone]],0)} -> 999999
D121: {=Common_InputFunctions.Utility_DisplayArrayInTable(Common_SourceData.Common_SourceData_RainfallZones_Data(),Table_SourceData_RainfallZones[[#Headers],[Rainfall Zone]],0)} -> Low rainfall | E121: {=Common_InputFunctions.Utility_DisplayArrayInTable(Common_SourceData.Common_SourceData_RainfallZones_Data(),Table_SourceData_RainfallZones[[#Headers],[Rainfall Zone]],0)} -> Annual rainfall ≤ 600mm | F121: {=Common_InputFunctions.Utility_DisplayArrayInTable(Common_SourceData.Common_SourceData_RainfallZones_Data(),Table_SourceData_RainfallZones[[#Headers],[Rainfall Zone]],0)} -> -999999 | G121: {=Common_InputFunctions.Utility_DisplayArrayInTable(Common_SourceData.Common_SourceData_RainfallZones_Data(),Table_SourceData_RainfallZones[[#Headers],[Rainfall Zone]],0)} -> 600
D124: {=Common_SourceData.Common_SourceData_LeachingZones_Title()} -> VEERG Australian leaching zones
D125: {=Common_SourceData.Common_SourceData_LeachingZones_Source()} -> VEERG 2026: Table 1.3: Climate and Rainfall zone classifications and definitions
D127: Leaching Zone | E127: Leaching criteria
D128: {=Common_InputFunctions.Utility_DisplayArrayInTable(Common_SourceData.Common_SourceData_LeachingZones_Data(), Table_SourceData_LeachingZones[[#Headers],[Leaching Zone]], 0)} -> Leaching occurs | E128: {=Common_InputFunctions.Utility_DisplayArrayInTable(Common_SourceData.Common_SourceData_LeachingZones_Data(), Table_SourceData_LeachingZones[[#Headers],[Leaching Zone]], 0)} -> Σ(𝑟𝑎𝑖𝑛)>Σ(𝐸𝑇0)+𝑠𝑜𝑖𝑙 𝑤𝑎𝑡𝑒𝑟 ℎ𝑜𝑙𝑑𝑖𝑛𝑔 𝑐𝑎𝑝𝑎𝑐𝑖𝑡𝑦
...
