Workbook
Name Common_Equations.Common_ConvertCH4ToCO2e: _xlfn.LAMBDA(_xlpm.E_CH4,_xlpm.GWP_CH4, _xlpm.E_CH4 * _xlpm.GWP_CH4)
Name Common_Equations.Common_ConvertCH4ToCO2e_Arguments: _xlfn.LAMBDA(_xlfn.MAKEARRAY(2, 2, _xlfn.LAMBDA(_xlpm.r,_xlpm.c, INDEX({"ECH4","Methane emissions (t CH4)";"GWPCH4","Global warming potential for methane (t CO2-e / t CH4)"}, _xlpm.r, _xlpm.c))))
Name Common_Equations.Common_ConvertCH4ToCO2e_LatexEquation: _xlfn.LAMBDA("CO2_e = E_{CH4} \times GWP_{CH4}")
Name Common_Equations.Common_ConvertCH4ToCO2e_NIRReference: _xlfn.LAMBDA("")
Name Common_Equations.Common_ConvertCH4ToCO2e_Title: _xlfn.LAMBDA("Convert methane emissions to carbon dioxide equivalent emissions")
Name Common_Equations.Common_ConvertCH4ToCO2e_Unit: _xlfn.LAMBDA("t CO2e")
Name Common_Equations.Common_ConvertCH4ToCO2e_Variable: _xlfn.LAMBDA("ECH4 CO2e")
Name Common_Equations.Common_ConvertN2OToCO2e: _xlfn.LAMBDA(_xlpm.E_N2O,_xlpm.GWP_N2O, _xlpm.E_N2O * _xlpm.GWP_N2O)
Name Common_Equations.Common_ConvertN2OToCO2e_LatexEquation: _xlfn.LAMBDA("CO2_e = E_{N2O} \times GWP_{N2O}")
Name Common_Equations.Common_ConvertN2OToCO2e_NIRReference: _xlfn.LAMBDA("")
Name Common_Equations.Common_ConvertN2OToCO2e_Title: _xlfn.LAMBDA("Convert nitrous oxide emissions to carbon dioxide equivalent emissions")
Name Common_Equations.Common_ConvertN2OToCO2e_Unit: _xlfn.LAMBDA("t CO2e")
Name Common_Equations.Common_ConvertN2OToCO2e_Variable: _xlfn.LAMBDA("EN2O CO2e")
Name Common_InputFunctions.Utility_ConvertStateCommonNameToAbbreviation: _xlfn.LAMBDA(_xlpm.StateCommonName,_xlpm.StateCommonNameArray,_xlpm.StateAbbreviationArray, _xlfn.XLOOKUP(_xlpm.StateCommonName, _xlpm.StateCommonNameArray, _xlpm.StateAbbreviationArray, ""))
Name Common_InputFunctions.Utility_DisplayArguments_1_2: _xlfn.LAMBDA(_xlpm.ArgumentsArray, _xlfn.CHOOSECOLS(_xlpm.ArgumentsArray, 1, 2))
Name Common_InputFunctions.Utility_DisplayArguments_3_4: _xlfn.LAMBDA(_xlpm.ArgumentsArray, _xlfn.CHOOSECOLS(_xlpm.ArgumentsArray, 3, 4))
Name Common_InputFunctions.Utility_DisplayFunctionName: _xlfn.LAMBDA(_xlpm.Function, _xlfn.TEXTBEFORE(_xlfn.FORMULATEXT(_xlpm.Function), "("))
Name Common_InputFunctions.Utility_GetArrayTableColumnStartNumber: _xlfn.LAMBDA(_xlpm.TableHeaderCell, COLUMN(_xlpm.TableHeaderCell))
Name Common_InputFunctions.Utility_GetArrayTableRowStartNumber: _xlfn.LAMBDA(_xlpm.TableheaderCell,_xlpm.RowsBetweenHeaderandArray, ROW(_xlpm.TableheaderCell) + _xlpm.RowsBetweenHeaderandArray - 1)
Name Common_InputFunctions.Utility_LookupValueInTable: _xlfn.LAMBDA(_xlpm.LookupValue,_xlpm.LookupArray,_xlpm.ReturnArray, _xlfn.XLOOKUP(_xlpm.LookupValue, _xlpm.LookupArray, _xlpm.ReturnArray, ""))
Name Common_InputFunctions.Utility_SourceHyperlink: _xlfn.LAMBDA(_xlpm.TargetCell, _xlfn.LET(_xlpm.sh, _xlfn.TEXTAFTER(CELL("filename", _xlpm.TargetCell), "]"), _xlpm.addr, CELL("address", _xlpm.TargetCell), "#'" & _xlpm.sh & "'!" & _xlpm.addr))
Name Common_SourceData.Common_SourceData_AustralianStatesTerritories_Source: _xlfn.LAMBDA("")
Name Common_SourceData.Common_SourceData_AustralianStatesTerritories_Title: _xlfn.LAMBDA("Australian states and territories")
Name Common_SourceData.Common_SourceData_AustralianStatesTerritories_Unit: _xlfn.LAMBDA("")
Name Common_SourceData.Common_SourceData_AustralianStatesTerritories_Variable: _xlfn.LAMBDA("")
Name Common_SourceData.Common_SourceData_ClimateZones_Source: _xlfn.LAMBDA("VEERG 2026: Table 1.3: Climate and Rainfall zone classifications and definitions")
Name Common_SourceData.Common_SourceData_ClimateZones_Title: _xlfn.LAMBDA("VEERG Australian climate zones")
Name Common_SourceData.Common_SourceData_ClimateZones_Unit: _xlfn.LAMBDA("")
Name Common_SourceData.Common_SourceData_ClimateZones_Variable: _xlfn.LAMBDA("")
Name Common_SourceData.Common_SourceData_ConvertGasElementalToMolecular_Source: _xlfn.LAMBDA("XXXXXXX")
Name Common_SourceData.Common_SourceData_ConvertGasElementalToMolecular_Title: _xlfn.LAMBDA("Factor to convert elemental mass of gas to molecular mass")
Name Common_SourceData.Common_SourceData_ConvertGasElementalToMolecular_Unit: _xlfn.LAMBDA("factor")
Name Common_SourceData.Common_SourceData_ConvertGasElementalToMolecular_Variable: _xlfn.LAMBDA("Cg")
Name Common_SourceData.Common_SourceData_ConvertN2oElementalToMolecularCg_Data: _xlfn.LAMBDA(44 / 28)
Name Common_SourceData.Common_SourceData_ConvertN2oElementalToMolecularCg_Source: _xlfn.LAMBDA("National Inventory Report 2023 Volume 1")
Name Common_SourceData.Common_SourceData_ConvertN2oElementalToMolecularCg_Title: _xlfn.LAMBDA("Factor to convert elemental mass of N2O to molecular mass")
Name Common_SourceData.Common_SourceData_ConvertN2oElementalToMolecularCg_Unit: _xlfn.LAMBDA("factor")
Name Common_SourceData.Common_SourceData_ConvertN2oElementalToMolecularCg_Variable: _xlfn.LAMBDA("CgN2O")
Name Common_SourceData.Common_SourceData_DataScores_Scope3_Source: _xlfn.LAMBDA("VEERG 2026: XXXXXXXX")
Name Common_SourceData.Common_SourceData_DataScores_Scope3_Title: _xlfn.LAMBDA("Australian data scores for scope 3")
Name Common_SourceData.Common_SourceData_DataScores_Scope3_Unit: _xlfn.LAMBDA("")
Name Common_SourceData.Common_SourceData_DataScores_Scope3_Variable: _xlfn.LAMBDA("")
Name Common_SourceData.Common_SourceData_DataScores_Scope3_Variation: _xlfn.LAMBDA("")
Name Common_SourceData.Common_SourceData_DensityOfMethane_Data: _xlfn.LAMBDA(0.6784)
Name Common_SourceData.Common_SourceData_DensityOfMethane_Source: _xlfn.LAMBDA("National Inventory Report 2023 Volume 1: Equations 3.B.1a_2, 3.B.1c_2, 3.B.3_1, 3.B.4g_2")
Name Common_SourceData.Common_SourceData_DensityOfMethane_Title: _xlfn.LAMBDA("p = density of methane")
Name Common_SourceData.Common_SourceData_DensityOfMethane_Unit: _xlfn.LAMBDA("kg/m3")
Name Common_SourceData.Common_SourceData_EFleach_Data: _xlfn.LAMBDA(_xlfn.MAKEARRAY(1, 2, _xlfn.LAMBDA(_xlpm.r,_xlpm.c, INDEX({"EFleach",0.011}, _xlpm.r, _xlpm.c))))
Name Common_SourceData.Common_SourceData_EFleach_NIRReference: _xlfn.LAMBDA("National Inventory Report Volume 1: Equation 3.D.B_10")
Name Common_SourceData.Common_SourceData_EFleach_Source: _xlfn.LAMBDA("VEERG 2026:5.5.2.3 Constant Parameters")
Name Common_SourceData.Common_SourceData_EFleach_Title: _xlfn.LAMBDA("Emission factor for nitrogen leaching and runoff")
Name Common_SourceData.Common_SourceData_EFleach_Unit: _xlfn.LAMBDA("(kg N2O-N / kg N")
Name Common_SourceData.Common_SourceData_EFleach_Variation: _xlfn.LAMBDA((""))
Name Common_SourceData.Common_SourceData_EFN2O_NIRReference: _xlfn.LAMBDA("")
Name Common_SourceData.Common_SourceData_EFN2O_Source: _xlfn.LAMBDA("VEERG 2026: Table A.2.2.1")
Name Common_SourceData.Common_SourceData_EFN2O_Title: _xlfn.LAMBDA("Nitrous oxide emission factors for inorganic fertiliser application")
Name Common_SourceData.Common_SourceData_EFN2O_Unit: _xlfn.LAMBDA("(kg N2O-N / kg N")
Name Common_SourceData.Common_SourceData_EFOrganicFertiliserAndCropResidues_Data: _xlfn.LAMBDA(_xlfn.MAKEARRAY(3, 2, _xlfn.LAMBDA(_xlpm.r,_xlpm.c, INDEX({"Climate zone","EFNi & EFN2O";"Wet climate zone",0.006;"Dry climate zone",0.005}, _xlpm.r, _xlpm.c))))
Name Common_SourceData.Common_SourceData_EFOrganicFertiliserAndCropResidues_NIRReference: _xlfn.LAMBDA("")
Name Common_SourceData.Common_SourceData_EFOrganicFertiliserAndCropResidues_Source: _xlfn.LAMBDA("VEERG 2026: Table A.2.1.4")

Sheet Home
A1: Home

Sheet Overview
A1: #VALUE! | C1: 5: Fertiliser Use: Overview
A3: =HYPERLINK("#'Home'!A1", "Home") -> Home
A4: =HYPERLINK("#'Overview'!A1", "Overview") -> Overview
A5: =HYPERLINK("#'Results'!A1", "Results") -> Results | D5: 💡 Below is a diagram that maps the equations used to calculate emissions, and how they interact with each other.
D6: Click on a box to go to the corresponding calculation.
A7: INPUTS
A8: =HYPERLINK("#'Input - Site'!A1", "Site") -> Site
A9: =HYPERLINK("#'Input - Fertiliser'!A1", "Fertiliser") -> Fertiliser
A11: CALCULATIONS
A12: =HYPERLINK("#'5.1.1.1-2 Inorganic Fert N2O'!A1", "5.1.1.1-2 Inorganic Fert N2O") -> 5.1.1.1-2 Inorganic Fert N2O
A13: =HYPERLINK("#'5.1.1.3-4 Inorganic fert CO2'!A1", "5.1.1.3-4 Inorganic fert CO2") -> 5.1.1.3-4 Inorganic fert CO2
A14: =HYPERLINK("#'5.2.1.1-2 Organic Fert N2O'!A1", "5.2.1.1-2 Organic Fert N2O") -> 5.2.1.1-2 Organic Fert N2O
A15: =HYPERLINK("#'5.3.1.1-2 Lime CO2'!A1", "5.3.1.1-2 Lime CO2") -> 5.3.1.1-2 Lime CO2
A16: =HYPERLINK("#'5.4.1.1-4 Atmos deposition'!A1", "5.4.1.1-4 Atmos deposition") -> 5.4.1.1-4 Atmos deposition
A17: =HYPERLINK("#'5.5.1.1-2 Leaching and runoff'!A1", "5.5.1.1-2 Leaching and runoff") -> 5.5.1.1-2 Leaching and runoff
A19: APPENDICES
A20: =HYPERLINK("#'Constants - Fertiliser'!A1", "Constants - Fertiliser") -> Constants - Fertiliser
A21: =HYPERLINK("#'Constants - Common'!A1", "Constants - Common") -> Constants - Common
L37: `

Sheet Results
A1: #VALUE! | C1: 5: Fertiliser Use: Results
A3: =HYPERLINK("#'Home'!A1", "Home") -> Home
A4: =HYPERLINK("#'Overview'!A1", "Overview") -> Overview | D4: Emissions breakdown
A5: =HYPERLINK("#'Results'!A1", "Results") -> Results
D6: 💡 NOTE: When there is no Method 2, the Method 2 result are the same as Method 1
A7: INPUTS
A8: =HYPERLINK("#'Input - Site'!A1", "Site") -> Site | D8: Scope 1 source | E8: GHG emissions method 1 | F8: GHG emissions method 2 | G8: GHG Unit | H8: CO2-e emissions method 1 | I8: CO2-e emissions method 2 | J8: CO2-e unit
A9: =HYPERLINK("#'Input - Fertiliser'!A1", "Fertiliser") -> Fertiliser | D9: 5.1.1.1-2 Inorganic fertiliser N2O | E9: ='8.1.1.1-2 Transport fuel'!$E$80 -> 0 | F9: ='8.1.1.1-2 Transport fuel'!$N$88 -> 0 | G9: t N2O | H9: ='8.1.1.1-2 Transport fuel'!E85 -> 0 | I9: ='8.1.1.1-2 Transport fuel'!N93 -> 0 | J9: t CO2e
D10: 5.1.1.3-4 Inorganic fertiliser CO2 | E10: ='8.2.1.1-2 Stationary fuel'!$E$77 -> 0 | F10: =E10 -> 0 | G10: t CO2 | H10: ='8.2.1.1-2 Stationary fuel'!$E$77 -> 0 | I10: =H10 -> 0 | J10: t CO2e
A11: CALCULATIONS | D11: 5.2.1.1-2 Organic fertiliser N2O | E11: =#REF! -> #REF! | F11: =E11 -> #REF! | G11: t N2O | H11: =#REF! -> #REF! | I11: =H11 -> #REF! | J11: t CO2e
A12: =HYPERLINK("#'5.1.1.1-2 Inorganic Fert N2O'!A1", "5.1.1.1-2 Inorganic Fert N2O") -> 5.1.1.1-2 Inorganic Fert N2O | D12: 5.3.1.1-3 Lime CO2 | E12: =#REF! -> #REF! | F12: =E12 -> #REF! | G12: t CO2 | H12: =#REF! -> #REF! | I12: =H12 -> #REF! | J12: t CO2e
A13: =HYPERLINK("#'5.1.1.3-4 Inorganic fert CO2'!A1", "5.1.1.3-4 Inorganic fert CO2") -> 5.1.1.3-4 Inorganic fert CO2 | D13: 5.4.1.1-5 Atmospheric deposition | E13: =#REF! -> #REF! | F13: =E13 -> #REF! | G13: t N2O | H13: =#REF! -> #REF! | I13: =H13 -> #REF! | J13: t CO2e
A14: =HYPERLINK("#'5.2.1.1-2 Organic Fert N2O'!A1", "5.2.1.1-2 Organic Fert N2O") -> 5.2.1.1-2 Organic Fert N2O | D14: 5.5.1.1-2 Leaching and runoff | E14: =#REF! -> #REF! | F14: =E14 -> #REF! | G14: t N2O | H14: =#REF! -> #REF! | I14: =H14 -> #REF! | J14: t CO2e
A15: =HYPERLINK("#'5.3.1.1-2 Lime CO2'!A1", "5.3.1.1-2 Lime CO2") -> 5.3.1.1-2 Lime CO2 | D15: Total | H15: =SUM(H9:H14) -> #REF! | I15: =SUM(I9:I14) -> #REF! | J15: t CO2e
A16: =HYPERLINK("#'5.4.1.1-4 Atmos deposition'!A1", "5.4.1.1-4 Atmos deposition") -> 5.4.1.1-4 Atmos deposition
A17: =HYPERLINK("#'5.5.1.1-2 Leaching and runoff'!A1", "5.5.1.1-2 Leaching and runoff") -> 5.5.1.1-2 Leaching and runoff
A19: APPENDICES
A20: =HYPERLINK("#'Constants - Fertiliser'!A1", "Constants - Fertiliser") -> Constants - Fertiliser
A21: =HYPERLINK("#'Constants - Common'!A1", "Constants - Common") -> Constants - Common

Sheet Input - Site
A1: #VALUE! | C1: Input - Site
A3: =HYPERLINK("#'Home'!A1", "Home") -> Home
A4: =HYPERLINK("#'Overview'!A1", "Overview") -> Overview
A5: =HYPERLINK("#'Results'!A1", "Results") -> Results | D5: Your business
A7: INPUTS | D7: Farm name | E7: Test Farms
A8: =HYPERLINK("#'Input - Site'!A1", "Site") -> Site | D8: Reporting entity name | E8: Test Farms Pty Ltd
A9: =HYPERLINK("#'Input - Fertiliser'!A1", "Fertiliser") -> Fertiliser
D10: 💡An 'Emissions accounting period' is a 12 month period where the business can report on the emissions, and is typically the same as the business' financial accounting period.
A11: CALCULATIONS
A12: =HYPERLINK("#'5.1.1.1-2 Inorganic Fert N2O'!A1", "5.1.1.1-2 Inorganic Fert N2O") -> 5.1.1.1-2 Inorganic Fert N2O | D12: Emissions calculation period start date | E12: 45292 | F12: ← DD/MM/YYYY or DD Month YYYY
A13: =HYPERLINK("#'5.1.1.3-4 Inorganic fert CO2'!A1", "5.1.1.3-4 Inorganic fert CO2") -> 5.1.1.3-4 Inorganic fert CO2 | D13: Emissions calculation period end date | E13: =DATE(YEAR(E12)+1,MONTH(E12),DAY(E12))-1 -> 45657 | F13: ← Automatically calculated, 12 months after start date
A14: =HYPERLINK("#'5.2.1.1-2 Organic Fert N2O'!A1", "5.2.1.1-2 Organic Fert N2O") -> 5.2.1.1-2 Organic Fert N2O
A15: =HYPERLINK("#'5.3.1.1-2 Lime CO2'!A1", "5.3.1.1-2 Lime CO2") -> 5.3.1.1-2 Lime CO2
A16: =HYPERLINK("#'5.4.1.1-4 Atmos deposition'!A1", "5.4.1.1-4 Atmos deposition") -> 5.4.1.1-4 Atmos deposition | D16: Location and climate
A17: =HYPERLINK("#'5.5.1.1-2 Leaching and runoff'!A1", "5.5.1.1-2 Leaching and runoff") -> 5.5.1.1-2 Leaching and runoff
D18: Location information is used to reference some region and climate-specific emission factors
A19: APPENDICES | D19: Tip: Use the web-based GAF Location Helper tool to easily get region and climate information. You will need an internet connection to use the GAF Location Helper.
A20: =HYPERLINK("#'Constants - Fertiliser'!A1", "Constants - Fertiliser") -> Constants - Fertiliser
A21: =HYPERLINK("#'Constants - Common'!A1", "Constants - Common") -> Constants - Common | D21: State | E21: Western Australia | F21: ← Please select
D22: Region (ABS Statistical area level 4) if state is WA | E22: Western Australia - Outback (South) | F22: ← Please select
D23: Leaching zone | E23: NO - Not in leaching zone | F23: ← Please select
D24: Elevation | E24: 307.7 | F24: Meters
D25: Average temperature for reporting period | E25: 18 | F25: Degrees celsius
D26: Total rainfall for reporting period | E26: 599 | F26: Millimetres
D27: Potential evapotranspiration for reporting period | E27: 1326 | F27: Millimetres
D28: Number of frost days for reporting period | E28: 7 | F28: Days
D29: MAP:PET ratio | E29: =E26/E27 -> 0.45173454
D30: Rainfall zone | E30: =Common_InputFunctions.Utility_LookupItemFromMinMax(E26,Table_SourceData_RainfallZones[Min rainfall],Table_SourceData_RainfallZones[Max rainfall],Table_SourceData_RainfallZones[Rainfall Zone]) -> Low rainfall
D31: Climate zone | E31: =Common_InputFunctions.Utility_GetClimateZone(E25,E26,E28,E24,E29,Table_SourceData_ClimateZones[Min temp],Table_SourceData_ClimateZones[Max temp],Table_SourceData_ClimateZones[Min rainfall],Table_SourceData_ClimateZones[Max rainfall],Table_SourceData_ClimateZones[Min frost days],Table_SourceData_ClimateZones[Max frost days],Table_SourceData_ClimateZones[Min elevation],Table_SourceData_ClimateZones[Max elevation],Table_SourceData_ClimateZones[Min MAP:PET],Table_SourceData_ClimateZones[Max MAP:PET],Table_SourceData_ClimateZones[Climate zone]) -> Warm temperate dry
D32: Wet or dry climate zone | E32: =Common_InputFunctions.Utility_LookupValueInTable($E$31,Table_SourceData_WetDryZones[Climate zone],Table_SourceData_WetDryZones[Wet or Dry Zone]) -> Dry climate zone
D33: Temperature zone | E33: =Common_InputFunctions.Utility_LookupItemFromMinMax(E25,Table_SourceData_TemperatureZones[Min MAT],Table_SourceData_TemperatureZones[Max MAT],Table_SourceData_TemperatureZones[Temperature Zone]) -> Temperate

Sheet Input - Fuel
A1: #VALUE! | C1: Input - Fuel
D5: Fuel purchases and consumption
D7: 💡 You can add more rows to the table by right-clicking on the table and selecting "Insert > Table rows above/below"
D8: 💡 'Percent consumed" is 100% by default. If you purchased more fuel than was consumed you can edit this field.
D10: Fuel use (select) | E10: Fuel type (select) | F10: Amount purchased | G10: Amount unit | H10: Percent consumed | I10: Amount consumed
D11: General use | E11: Petrol | F11: 100 | G11: {=Common_InputFunctions.Utility_LookupValueInTable(Table_Input_Fuel[[#This Row],[Fuel type (select)]],[1]!Table_FuelTypes_Units[Fuel type], [1]!Table_FuelTypes_Units[Unit])} -> kL | H11: =1 -> 1 | I11: =Table_Input_Fuel[[#This Row],[Amount purchased]]*Table_Input_Fuel[[#This Row],[Percent consumed]]*10^-3 -> 0.1
D12: General use | E12: Diesel | F12: 100 | G12: {=Common_InputFunctions.Utility_LookupValueInTable(Table_Input_Fuel[[#This Row],[Fuel type (select)]],[1]!Table_FuelTypes_Units[Fuel type], [1]!Table_FuelTypes_Units[Unit])} -> kL | H12: =1 -> 1 | I12: =Table_Input_Fuel[[#This Row],[Amount purchased]]*Table_Input_Fuel[[#This Row],[Percent consumed]]*10^-3 -> 0.1
D13: General use | E13: Biodiesel | F13: 100 | G13: {=Common_InputFunctions.Utility_LookupValueInTable(Table_Input_Fuel[[#This Row],[Fuel type (select)]],[1]!Table_FuelTypes_Units[Fuel type], [1]!Table_FuelTypes_Units[Unit])} -> kL | H13: =1 -> 1 | I13: =Table_Input_Fuel[[#This Row],[Amount purchased]]*Table_Input_Fuel[[#This Row],[Percent consumed]]*10^-3 -> 0.1
D14: General use | E14: Ethanol | F14: 100 | G14: {=Common_InputFunctions.Utility_LookupValueInTable(Table_Input_Fuel[[#This Row],[Fuel type (select)]],[1]!Table_FuelTypes_Units[Fuel type], [1]!Table_FuelTypes_Units[Unit])} -> kL | H14: =1 -> 1 | I14: =Table_Input_Fuel[[#This Row],[Amount purchased]]*Table_Input_Fuel[[#This Row],[Percent consumed]]*10^-3 -> 0.1
D15: General use | E15: Other biofuels | F15: 100 | G15: {=Common_InputFunctions.Utility_LookupValueInTable(Table_Input_Fuel[[#This Row],[Fuel type (select)]],[1]!Table_FuelTypes_Units[Fuel type], [1]!Table_FuelTypes_Units[Unit])} -> kL | H15: =1 -> 1 | I15: =Table_Input_Fuel[[#This Row],[Amount purchased]]*Table_Input_Fuel[[#This Row],[Percent consumed]]*10^-3 -> 0.1
D16: General use | E16: Biodiesel | F16: 100 | G16: {=Common_InputFunctions.Utility_LookupValueInTable(Table_Input_Fuel[[#This Row],[Fuel type (select)]],[1]!Table_FuelTypes_Units[Fuel type], [1]!Table_FuelTypes_Units[Unit])} -> kL | H16: =1 -> 1 | I16: =Table_Input_Fuel[[#This Row],[Amount purchased]]*Table_Input_Fuel[[#This Row],[Percent consumed]]*10^-3 -> 0.1
D17: General use | E17: Liquefied petroleum gas (LPG) | F17: 100 | G17: {=Common_InputFunctions.Utility_LookupValueInTable(Table_Input_Fuel[[#This Row],[Fuel type (select)]],[1]!Table_FuelTypes_Units[Fuel type], [1]!Table_FuelTypes_Units[Unit])} -> kL | H17: =1 -> 1 | I17: =Table_Input_Fuel[[#This Row],[Amount purchased]]*Table_Input_Fuel[[#This Row],[Percent consumed]]*10^-3 -> 0.1
D18: General use | E18: Petrol | F18: 100 | G18: {=Common_InputFunctions.Utility_LookupValueInTable(Table_Input_Fuel[[#This Row],[Fuel type (select)]],[1]!Table_FuelTypes_Units[Fuel type], [1]!Table_FuelTypes_Units[Unit])} -> kL | H18: =1 -> 1 | I18: =Table_Input_Fuel[[#This Row],[Amount purchased]]*Table_Input_Fuel[[#This Row],[Percent consumed]]*10^-3 -> 0.1
D19: General use | E19: Petrol | F19: 100 | G19: {=Common_InputFunctions.Utility_LookupValueInTable(Table_Input_Fuel[[#This Row],[Fuel type (select)]],[1]!Table_FuelTypes_Units[Fuel type], [1]!Table_FuelTypes_Units[Unit])} -> kL | H19: =1 -> 1 | I19: =Table_Input_Fuel[[#This Row],[Amount purchased]]*Table_Input_Fuel[[#This Row],[Percent consumed]]*10^-3 -> 0.1
D20: General use | E20: Renewable diesel | F20: 100 | G20: {=Common_InputFunctions.Utility_LookupValueInTable(Table_Input_Fuel[[#This Row],[Fuel type (select)]],[1]!Table_FuelTypes_Units[Fuel type], [1]!Table_FuelTypes_Units[Unit])} -> kL | H20: =1 -> 1 | I20: =Table_Input_Fuel[[#This Row],[Amount purchased]]*Table_Input_Fuel[[#This Row],[Percent consumed]]*10^-3 -> 0.1
D21: General use | E21: Natural gas (via pipeline) in GJ | F21: 100 | G21: {=Common_InputFunctions.Utility_LookupValueInTable(Table_Input_Fuel[[#This Row],[Fuel type (select)]],[1]!Table_FuelTypes_Units[Fuel type], [1]!Table_FuelTypes_Units[Unit])} -> GJ | H21: =1 -> 1 | I21: =Table_Input_Fuel[[#This Row],[Amount purchased]]*Table_Input_Fuel[[#This Row],[Percent consumed]]*10^-3 -> 0.1
D22: General use | E22: Town gas in GJ | F22: 100 | G22: {=Common_InputFunctions.Utility_LookupValueInTable(Table_Input_Fuel[[#This Row],[Fuel type (select)]],[1]!Table_FuelTypes_Units[Fuel type], [1]!Table_FuelTypes_Units[Unit])} -> GJ | H22: =1 -> 1 | I22: =Table_Input_Fuel[[#This Row],[Amount purchased]]*Table_Input_Fuel[[#This Row],[Percent consumed]]*10^-3 -> 0.1

Sheet 8.1.1.1-2 Transport fuel
A1: #VALUE! | C1: 8.1.1.1-2 Transport fuel combustion
D3: Method 1
D5: {=Fuel_Equations.VEERG_8_1_1_1__1_FuelCombustionTransport_Title()} -> Emissions for each GHG from the combustion of fuels for transport energy purposes
D6: {=Fuel_Equations.VEERG_8_1_1_1__1_FuelCombustionTransport_Source()} -> VEERG 2026: 8.1.1.1, Equation (1)
D7: Function name | E7: {=Common_InputFunctions.Utility_DisplayFunctionName(M25)} -> =Fuel_Equations.VEERG_8_1_1_1__1_FuelCombustionTransport
D11: Variable | E11: {=Fuel_Equations.VEERG_8_1_1_1__1_FuelCombustionTransport_Variable()} -> E_g
D12: Unit | E12: {=Fuel_Equations.VEERG_8_1_1_1__1_FuelCombustionTransport_Unit()} -> t CO2-e
D14: {=_xlfn.CHOOSECOLS(Fuel_Equations.VEERG_8_1_1_1__1_FuelCombustionTransport_Arguments(), 1,2)} -> Q_Transtq | E14: Amount of fuel type q combusted for transport energy purposes | G14: {=_xlfn.CHOOSECOLS(Fuel_Equations.VEERG_8_1_1_1__1_FuelCombustionTransport_Arguments(), 3,4)} -> Varies based on fuel type: kL, m3, GJ | H14: Input | I14: {=HYPERLINK(Common_InputFunctions.Utility_SourceHyperlink($D$22), $D$22)} -> Table_E_g
D15: EC_Transq | E15: Energy content factor for transport energy purposes | G15: GJ / unit of fuel | H15: Constant | I15: {=HYPERLINK(Common_InputFunctions.Utility_SourceHyperlink($D$22), $D$22)} -> Table_E_g
D16: EF_Trans1tqg | E16: Scope 1 emission factor for transport energy purposes for each greenhouse gas | G16: kg CO2e / GJ | H16: Constant | I16: {=HYPERLINK(Common_InputFunctions.Utility_SourceHyperlink($D$22), $D$22)} -> Table_E_g
D17: q | E17: Fuel type | H17: Constant
D18: Trans | E18: Transport combustion | H18: Constant
D19: g | E19: Greenhouse gas | H19: Constant
D20: 1 | E20: Scope 1 | H20: Constant
D22: Table_E_g
D23: Emissions for transport fuel combustion
D24: Fuel use | E24: Fuel type (NGAF terminology) | F24: Fuel type (q) | G24: ECTrans,q | H24: EFTrans,1,q,g=CO2 | I24: EFTrans,1,q,g=CH4 | J24: EFTrans,1,q,g=N20 | K24: QTrans,q | L24: Q unit | M24: Eg=CO2 | N24: Eg=CH4 | O24: Eg=N20
D25: =Table_FuelTypesPerUse[[#Headers],[Cars and light commercial vehicles]] -> Cars and light commercial vehicles | E25: ='Constants - Fuel'!$E$10 -> Gasoline | F25: ='Constants - Fuel'!G131 -> Petrol | G25: {=IFERROR(_xlfn.XLOOKUP(1, (Table_Fuel_EFs_Transport[Fuel combusted]=$E25)*(Table_Fuel_EFs_Transport[Transport type]=$D$25), Table_Fuel_EFs_Transport[Energy Content Factor (GJ per unit of fuel)]), 0)} -> 34.2 | H25: {=IFERROR(_xlfn.XLOOKUP(1, (Table_Fuel_EFs_Transport[Fuel combusted]=$E25)*(Table_Fuel_EFs_Transport[Transport type]=$D$25), Table_Fuel_EFs_Transport[Scope 1 Emission Factor (kg CO2 - e / GJ) CO2]), 0)} -> 67.4 | I25: {=IFERROR(_xlfn.XLOOKUP(1, (Table_Fuel_EFs_Transport[Fuel combusted]=$E25)*(Table_Fuel_EFs_Transport[Transport type]=$D$25), Table_Fuel_EFs_Transport[Scope 1 Emission Factor (kg CO2 - e / GJ) CH4]), 0)} -> 0.02 | J25: {=IFERROR(_xlfn.XLOOKUP(1, (Table_Fuel_EFs_Transport[Fuel combusted]=$E25)*(Table_Fuel_EFs_Transport[Transport type]=$D$25), Table_Fuel_EFs_Transport[Scope 1 Emission Factor (kg CO2 - e / GJ) N2O]), 0)} -> 0.2 | K25: {=Fuel_InputFunctions.Fuel_TotalConsumption(Table_Input_Fuel[Amount consumed], Table_Input_Fuel[Fuel use (select)], D25, Table_Input_Fuel[Fuel type (select)],F25)} -> 0 | L25: {=Common_InputFunctions.Utility_LookupValueInTable(F25,Table_FuelTypes_Units[Fuel type],Table_FuelTypes_Units[Unit])} -> kL | M25: {=Fuel_Equations.VEERG_8_1_1_1__1_FuelCombustionTransport($K25,$G25,$H25)} -> 0 | N25: {=Fuel_Equations.VEERG_8_1_1_1__1_FuelCombustionTransport($K25,$G25,$I25)} -> 0 | O25: {=Fuel_Equations.VEERG_8_1_1_1__1_FuelCombustionTransport($K25,$G25,$J25)} -> 0
D26: =$D$25 -> Cars and light commercial vehicles | E26: ='Constants - Fuel'!$E$11 -> Diesel oil | F26: ='Constants - Fuel'!G132 -> Diesel | G26: {=IFERROR(_xlfn.XLOOKUP(1, (Table_Fuel_EFs_Transport[Fuel combusted]=$E26)*(Table_Fuel_EFs_Transport[Transport type]=$D$25), Table_Fuel_EFs_Transport[Energy Content Factor (GJ per unit of fuel)]), 0)} -> 38.6 | H26: {=IFERROR(_xlfn.XLOOKUP(1, (Table_Fuel_EFs_Transport[Fuel combusted]=$E26)*(Table_Fuel_EFs_Transport[Transport type]=$D$25), Table_Fuel_EFs_Transport[Scope 1 Emission Factor (kg CO2 - e / GJ) CO2]), 0)} -> 69.9 | I26: {=IFERROR(_xlfn.XLOOKUP(1, (Table_Fuel_EFs_Transport[Fuel combusted]=$E26)*(Table_Fuel_EFs_Transport[Transport type]=$D$25), Table_Fuel_EFs_Transport[Scope 1 Emission Factor (kg CO2 - e / GJ) CH4]), 0)} -> 0.01 | J26: {=IFERROR(_xlfn.XLOOKUP(1, (Table_Fuel_EFs_Transport[Fuel combusted]=$E26)*(Table_Fuel_EFs_Transport[Transport type]=$D$25), Table_Fuel_EFs_Transport[Scope 1 Emission Factor (kg CO2 - e / GJ) N2O]), 0)} -> 0.5 | K26: {=Fuel_InputFunctions.Fuel_TotalConsumption(Table_Input_Fuel[Amount consumed], Table_Input_Fuel[Fuel use (select)], D26, Table_Input_Fuel[Fuel type (select)],F26)} -> 0 | L26: {=Common_InputFunctions.Utility_LookupValueInTable(F26,Table_FuelTypes_Units[Fuel type],Table_FuelTypes_Units[Unit])} -> kL | M26: {=Fuel_Equations.VEERG_8_1_1_1__1_FuelCombustionTransport($K26,$G26,$H26)} -> 0 | N26: {=Fuel_Equations.VEERG_8_1_1_1__1_FuelCombustionTransport($K26,$G26,$I26)} -> 0 | O26: {=Fuel_Equations.VEERG_8_1_1_1__1_FuelCombustionTransport($K26,$G26,$J26)} -> 0
D27: =$D$25 -> Cars and light commercial vehicles | E27: ='Constants - Fuel'!$E$12 -> Liquefied petroleum gas (LPG) | F27: ='Constants - Fuel'!G133 -> Liquefied petroleum gas (LPG) | G27: {=IFERROR(_xlfn.XLOOKUP(1, (Table_Fuel_EFs_Transport[Fuel combusted]=$E27)*(Table_Fuel_EFs_Transport[Transport type]=$D$25), Table_Fuel_EFs_Transport[Energy Content Factor (GJ per unit of fuel)]), 0)} -> 26.2 | H27: {=IFERROR(_xlfn.XLOOKUP(1, (Table_Fuel_EFs_Transport[Fuel combusted]=$E27)*(Table_Fuel_EFs_Transport[Transport type]=$D$25), Table_Fuel_EFs_Transport[Scope 1 Emission Factor (kg CO2 - e / GJ) CO2]), 0)} -> 60.2 | I27: {=IFERROR(_xlfn.XLOOKUP(1, (Table_Fuel_EFs_Transport[Fuel combusted]=$E27)*(Table_Fuel_EFs_Transport[Transport type]=$D$25), Table_Fuel_EFs_Transport[Scope 1 Emission Factor (kg CO2 - e / GJ) CH4]), 0)} -> 0.5 | J27: {=IFERROR(_xlfn.XLOOKUP(1, (Table_Fuel_EFs_Transport[Fuel combusted]=$E27)*(Table_Fuel_EFs_Transport[Transport type]=$D$25), Table_Fuel_EFs_Transport[Scope 1 Emission Factor (kg CO2 - e / GJ) N2O]), 0)} -> 0.3 | K27: {=Fuel_InputFunctions.Fuel_TotalConsumption(Table_Input_Fuel[Amount consumed], Table_Input_Fuel[Fuel use (select)], D27, Table_Input_Fuel[Fuel type (select)],F27)} -> 0 | L27: {=Common_InputFunctions.Utility_LookupValueInTable(F27,Table_FuelTypes_Units[Fuel type],Table_FuelTypes_Units[Unit])} -> kL | M27: {=Fuel_Equations.VEERG_8_1_1_1__1_FuelCombustionTransport($K27,$G27,$H27)} -> 0 | N27: {=Fuel_Equations.VEERG_8_1_1_1__1_FuelCombustionTransport($K27,$G27,$I27)} -> 0 | O27: {=Fuel_Equations.VEERG_8_1_1_1__1_FuelCombustionTransport($K27,$G27,$J27)} -> 0
D28: =$D$25 -> Cars and light commercial vehicles | E28: ='Constants - Fuel'!$E$13 -> Fuel oil | F28: ='Constants - Fuel'!G134 -> Fuel oil | G28: {=IFERROR(_xlfn.XLOOKUP(1, (Table_Fuel_EFs_Transport[Fuel combusted]=$E28)*(Table_Fuel_EFs_Transport[Transport type]=$D$25), Table_Fuel_EFs_Transport[Energy Content Factor (GJ per unit of fuel)]), 0)} -> 39.7 | H28: {=IFERROR(_xlfn.XLOOKUP(1, (Table_Fuel_EFs_Transport[Fuel combusted]=$E28)*(Table_Fuel_EFs_Transport[Transport type]=$D$25), Table_Fuel_EFs_Transport[Scope 1 Emission Factor (kg CO2 - e / GJ) CO2]), 0)} -> 73.6 | I28: {=IFERROR(_xlfn.XLOOKUP(1, (Table_Fuel_EFs_Transport[Fuel combusted]=$E28)*(Table_Fuel_EFs_Transport[Transport type]=$D$25), Table_Fuel_EFs_Transport[Scope 1 Emission Factor (kg CO2 - e / GJ) CH4]), 0)} -> 0.08 | J28: {=IFERROR(_xlfn.XLOOKUP(1, (Table_Fuel_EFs_Transport[Fuel combusted]=$E28)*(Table_Fuel_EFs_Transport[Transport type]=$D$25), Table_Fuel_EFs_Transport[Scope 1 Emission Factor (kg CO2 - e / GJ) N2O]), 0)} -> 0.5 | K28: {=Fuel_InputFunctions.Fuel_TotalConsumption(Table_Input_Fuel[Amount consumed], Table_Input_Fuel[Fuel use (select)], D28, Table_Input_Fuel[Fuel type (select)],F28)} -> 0 | L28: {=Common_InputFunctions.Utility_LookupValueInTable(F28,Table_FuelTypes_Units[Fuel type],Table_FuelTypes_Units[Unit])} -> kL | M28: {=Fuel_Equations.VEERG_8_1_1_1__1_FuelCombustionTransport($K28,$G28,$H28)} -> 0 | N28: {=Fuel_Equations.VEERG_8_1_1_1__1_FuelCombustionTransport($K28,$G28,$I28)} -> 0 | O28: {=Fuel_Equations.VEERG_8_1_1_1__1_FuelCombustionTransport($K28,$G28,$J28)} -> 0
D29: =$D$25 -> Cars and light commercial vehicles | E29: ='Constants - Fuel'!$E$14 -> Ethanol | F29: ='Constants - Fuel'!G135 -> Ethanol | G29: {=IFERROR(_xlfn.XLOOKUP(1, (Table_Fuel_EFs_Transport[Fuel combusted]=$E29)*(Table_Fuel_EFs_Transport[Transport type]=$D$25), Table_Fuel_EFs_Transport[Energy Content Factor (GJ per unit of fuel)]), 0)} -> 23.4 | H29: {=IFERROR(_xlfn.XLOOKUP(1, (Table_Fuel_EFs_Transport[Fuel combusted]=$E29)*(Table_Fuel_EFs_Transport[Transport type]=$D$25), Table_Fuel_EFs_Transport[Scope 1 Emission Factor (kg CO2 - e / GJ) CO2]), 0)} -> 0 | I29: {=IFERROR(_xlfn.XLOOKUP(1, (Table_Fuel_EFs_Transport[Fuel combusted]=$E29)*(Table_Fuel_EFs_Transport[Transport type]=$D$25), Table_Fuel_EFs_Transport[Scope 1 Emission Factor (kg CO2 - e / GJ) CH4]), 0)} -> 0.2 | J29: {=IFERROR(_xlfn.XLOOKUP(1, (Table_Fuel_EFs_Transport[Fuel combusted]=$E29)*(Table_Fuel_EFs_Transport[Transport type]=$D$25), Table_Fuel_EFs_Transport[Scope 1 Emission Factor (kg CO2 - e / GJ) N2O]), 0)} -> 0.2 | K29: {=Fuel_InputFunctions.Fuel_TotalConsumption(Table_Input_Fuel[Amount consumed], Table_Input_Fuel[Fuel use (select)], D29, Table_Input_Fuel[Fuel type (select)],F29)} -> 0 | L29: {=Common_InputFunctions.Utility_LookupValueInTable(F29,Table_FuelTypes_Units[Fuel type],Table_FuelTypes_Units[Unit])} -> kL | M29: {=Fuel_Equations.VEERG_8_1_1_1__1_FuelCombustionTransport($K29,$G29,$H29)} -> 0 | N29: {=Fuel_Equations.VEERG_8_1_1_1__1_FuelCombustionTransport($K29,$G29,$I29)} -> 0 | O29: {=Fuel_Equations.VEERG_8_1_1_1__1_FuelCombustionTransport($K29,$G29,$J29)} -> 0
D30: =$D$25 -> Cars and light commercial vehicles | E30: ='Constants - Fuel'!$E$15 -> Biodiesel | F30: ='Constants - Fuel'!G136 -> Biodiesel | G30: {=IFERROR(_xlfn.XLOOKUP(1, (Table_Fuel_EFs_Transport[Fuel combusted]=$E30)*(Table_Fuel_EFs_Transport[Transport type]=$D$25), Table_Fuel_EFs_Transport[Energy Content Factor (GJ per unit of fuel)]), 0)} -> 34.6 | H30: {=IFERROR(_xlfn.XLOOKUP(1, (Table_Fuel_EFs_Transport[Fuel combusted]=$E30)*(Table_Fuel_EFs_Transport[Transport type]=$D$25), Table_Fuel_EFs_Transport[Scope 1 Emission Factor (kg CO2 - e / GJ) CO2]), 0)} -> 0 | I30: {=IFERROR(_xlfn.XLOOKUP(1, (Table_Fuel_EFs_Transport[Fuel combusted]=$E30)*(Table_Fuel_EFs_Transport[Transport type]=$D$25), Table_Fuel_EFs_Transport[Scope 1 Emission Factor (kg CO2 - e / GJ) CH4]), 0)} -> 0.8 | J30: {=IFERROR(_xlfn.XLOOKUP(1, (Table_Fuel_EFs_Transport[Fuel combusted]=$E30)*(Table_Fuel_EFs_Transport[Transport type]=$D$25), Table_Fuel_EFs_Transport[Scope 1 Emission Factor (kg CO2 - e / GJ) N2O]), 0)} -> 1.7 | K30: {=Fuel_InputFunctions.Fuel_TotalConsumption(Table_Input_Fuel[Amount consumed], Table_Input_Fuel[Fuel use (select)], D30, Table_Input_Fuel[Fuel type (select)],F30)} -> 0 | L30: {=Common_InputFunctions.Utility_LookupValueInTable(F30,Table_FuelTypes_Units[Fuel type],Table_FuelTypes_Units[Unit])} -> kL | M30: {=Fuel_Equations.VEERG_8_1_1_1__1_FuelCombustionTransport($K30,$G30,$H30)} -> 0 | N30: {=Fuel_Equations.VEERG_8_1_1_1__1_FuelCombustionTransport($K30,$G30,$I30)} -> 0 | O30: {=Fuel_Equations.VEERG_8_1_1_1__1_FuelCombustionTransport($K30,$G30,$J30)} -> 0
D31: =$D$25 -> Cars and light commercial vehicles | E31: ='Constants - Fuel'!$E$16 -> Renewable diesel | F31: ='Constants - Fuel'!G137 -> Renewable diesel | G31: {=IFERROR(_xlfn.XLOOKUP(1, (Table_Fuel_EFs_Transport[Fuel combusted]=$E31)*(Table_Fuel_EFs_Transport[Transport type]=$D$25), Table_Fuel_EFs_Transport[Energy Content Factor (GJ per unit of fuel)]), 0)} -> 38.6 | H31: {=IFERROR(_xlfn.XLOOKUP(1, (Table_Fuel_EFs_Transport[Fuel combusted]=$E31)*(Table_Fuel_EFs_Transport[Transport type]=$D$25), Table_Fuel_EFs_Transport[Scope 1 Emission Factor (kg CO2 - e / GJ) CO2]), 0)} -> 0 | I31: {=IFERROR(_xlfn.XLOOKUP(1, (Table_Fuel_EFs_Transport[Fuel combusted]=$E31)*(Table_Fuel_EFs_Transport[Transport type]=$D$25), Table_Fuel_EFs_Transport[Scope 1 Emission Factor (kg CO2 - e / GJ) CH4]), 0)} -> 0.01 | J31: {=IFERROR(_xlfn.XLOOKUP(1, (Table_Fuel_EFs_Transport[Fuel combusted]=$E31)*(Table_Fuel_EFs_Transport[Transport type]=$D$25), Table_Fuel_EFs_Transport[Scope 1 Emission Factor (kg CO2 - e / GJ) N2O]), 0)} -> 0.5 | K31: {=Fuel_InputFunctions.Fuel_TotalConsumption(Table_Input_Fuel[Amount consumed], Table_Input_Fuel[Fuel use (select)], D31, Table_Input_Fuel[Fuel type (select)],F31)} -> 0 | L31: {=Common_InputFunctions.Utility_LookupValueInTable(F31,Table_FuelTypes_Units[Fuel type],Table_FuelTypes_Units[Unit])} -> kL | M31: {=Fuel_Equations.VEERG_8_1_1_1__1_FuelCombustionTransport($K31,$G31,$H31)} -> 0 | N31: {=Fuel_Equations.VEERG_8_1_1_1__1_FuelCombustionTransport($K31,$G31,$I31)} -> 0 | O31: {=Fuel_Equations.VEERG_8_1_1_1__1_FuelCombustionTransport($K31,$G31,$J31)} -> 0
D32: =$D$25 -> Cars and light commercial vehicles | E32: ='Constants - Fuel'!$E$17 -> Other biofuels | F32: ='Constants - Fuel'!G138 -> Other biofuels | G32: {=IFERROR(_xlfn.XLOOKUP(1, (Table_Fuel_EFs_Transport[Fuel combusted]=$E32)*(Table_Fuel_EFs_Transport[Transport type]=$D$25), Table_Fuel_EFs_Transport[Energy Content Factor (GJ per unit of fuel)]), 0)} -> 23.4 | H32: {=IFERROR(_xlfn.XLOOKUP(1, (Table_Fuel_EFs_Transport[Fuel combusted]=$E32)*(Table_Fuel_EFs_Transport[Transport type]=$D$25), Table_Fuel_EFs_Transport[Scope 1 Emission Factor (kg CO2 - e / GJ) CO2]), 0)} -> 0 | I32: {=IFERROR(_xlfn.XLOOKUP(1, (Table_Fuel_EFs_Transport[Fuel combusted]=$E32)*(Table_Fuel_EFs_Transport[Transport type]=$D$25), Table_Fuel_EFs_Transport[Scope 1 Emission Factor (kg CO2 - e / GJ) CH4]), 0)} -> 0.8 | J32: {=IFERROR(_xlfn.XLOOKUP(1, (Table_Fuel_EFs_Transport[Fuel combusted]=$E32)*(Table_Fuel_EFs_Transport[Transport type]=$D$25), Table_Fuel_EFs_Transport[Scope 1 Emission Factor (kg CO2 - e / GJ) N2O]), 0)} -> 1.7 | K32: {=Fuel_InputFunctions.Fuel_TotalConsumption(Table_Input_Fuel[Amount consumed], Table_Input_Fuel[Fuel use (select)], D32, Table_Input_Fuel[Fuel type (select)],F32)} -> 0 | L32: {=Common_InputFunctions.Utility_LookupValueInTable(F32,Table_FuelTypes_Units[Fuel type],Table_FuelTypes_Units[Unit])} -> kL | M32: {=Fuel_Equations.VEERG_8_1_1_1__1_FuelCombustionTransport($K32,$G32,$H32)} -> 0 | N32: {=Fuel_Equations.VEERG_8_1_1_1__1_FuelCombustionTransport($K32,$G32,$I32)} -> 0 | O32: {=Fuel_Equations.VEERG_8_1_1_1__1_FuelCombustionTransport($K32,$G32,$J32)} -> 0
D33: =Table_FuelTypesPerUse[[#Headers],[Off-road Agriculture and forestry equipment]] -> Off-road Agriculture and forestry equipment | E33: ='Constants - Fuel'!$E$11 -> Diesel oil | F33: ='Constants - Fuel'!H131 -> Diesel | G33: {=IFERROR(_xlfn.XLOOKUP(1, (Table_Fuel_EFs_Transport[Fuel combusted]=$E33)*(Table_Fuel_EFs_Transport[Transport type]=$D$33), Table_Fuel_EFs_Transport[Energy Content Factor (GJ per unit of fuel)]), 0)} -> 38.6 | H33: {=IFERROR(_xlfn.XLOOKUP(1, (Table_Fuel_EFs_Transport[Fuel combusted]=$E33)*(Table_Fuel_EFs_Transport[Transport type]=$D$33), Table_Fuel_EFs_Transport[Scope 1 Emission Factor (kg CO2 - e / GJ) CO2]), 0)} -> 69.9 | I33: {=IFERROR(_xlfn.XLOOKUP(1, (Table_Fuel_EFs_Transport[Fuel combusted]=$E33)*(Table_Fuel_EFs_Transport[Transport type]=$D$33), Table_Fuel_EFs_Transport[Scope 1 Emission Factor (kg CO2 - e / GJ) CH4]), 0)} -> 0.3 | J33: {=IFERROR(_xlfn.XLOOKUP(1, (Table_Fuel_EFs_Transport[Fuel combusted]=$E33)*(Table_Fuel_EFs_Transport[Transport type]=$D$33), Table_Fuel_EFs_Transport[Scope 1 Emission Factor (kg CO2 - e / GJ) N2O]), 0)} -> 0.5 | K33: {=Fuel_InputFunctions.Fuel_TotalConsumption(Table_Input_Fuel[Amount consumed], Table_Input_Fuel[Fuel use (select)], D33, Table_Input_Fuel[Fuel type (select)],F33)} -> 0 | L33: {=Common_InputFunctions.Utility_LookupValueInTable(F33,Table_FuelTypes_Units[Fuel type],Table_FuelTypes_Units[Unit])} -> kL | M33: {=Fuel_Equations.VEERG_8_1_1_1__1_FuelCombustionTransport($K33,$G33,$H33)} -> 0 | N33: {=Fuel_Equations.VEERG_8_1_1_1__1_FuelCombustionTransport($K33,$G33,$I33)} -> 0 | O33: {=Fuel_Equations.VEERG_8_1_1_1__1_FuelCombustionTransport($K33,$G33,$J33)} -> 0
D34: =Table_FuelTypesPerUse[[#Headers],[Aviation]] -> Aviation | E34: ='Constants - Fuel'!$E$28 -> Gasoline for use as fuel in an aircraft | F34: ='Constants - Fuel'!$F$131 -> Avgas | G34: {=IFERROR(_xlfn.XLOOKUP(1, (Table_Fuel_EFs_Transport[Fuel combusted]=$E34)*(Table_Fuel_EFs_Transport[Transport type]=$D$34), Table_Fuel_EFs_Transport[Energy Content Factor (GJ per unit of fuel)]), 0)} -> 33.1 | H34: {=IFERROR(_xlfn.XLOOKUP(1, (Table_Fuel_EFs_Transport[Fuel combusted]=$E34)*(Table_Fuel_EFs_Transport[Transport type]=$D$34), Table_Fuel_EFs_Transport[Scope 1 Emission Factor (kg CO2 - e / GJ) CO2]), 0)} -> 67 | I34: {=IFERROR(_xlfn.XLOOKUP(1, (Table_Fuel_EFs_Transport[Fuel combusted]=$E34)*(Table_Fuel_EFs_Transport[Transport type]=$D$34), Table_Fuel_EFs_Transport[Scope 1 Emission Factor (kg CO2 - e / GJ) CH4]), 0)} -> 0.06 | J34: {=IFERROR(_xlfn.XLOOKUP(1, (Table_Fuel_EFs_Transport[Fuel combusted]=$E34)*(Table_Fuel_EFs_Transport[Transport type]=$D$34), Table_Fuel_EFs_Transport[Scope 1 Emission Factor (kg CO2 - e / GJ) N2O]), 0)} -> 0.6 | K34: {=Fuel_InputFunctions.Fuel_TotalConsumption(Table_Input_Fuel[Amount consumed], Table_Input_Fuel[Fuel use (select)], D34, Table_Input_Fuel[Fuel type (select)],F34)} -> 0 | L34: {=Common_InputFunctions.Utility_LookupValueInTable(F34,Table_FuelTypes_Units[Fuel type],Table_FuelTypes_Units[Unit])} -> kL | M34: {=Fuel_Equations.VEERG_8_1_1_1__1_FuelCombustionTransport($K34,$G34,$H34)} -> 0 | N34: {=Fuel_Equations.VEERG_8_1_1_1__1_FuelCombustionTransport($K34,$G34,$I34)} -> 0 | O34: {=Fuel_Equations.VEERG_8_1_1_1__1_FuelCombustionTransport($K34,$G34,$J34)} -> 0
D35: =$D$34 -> Aviation | E35: ='Constants - Fuel'!$E$29 -> Kerosene for use as fuel in an aircraft | F35: ='Constants - Fuel'!$F$132 -> Jet A1, Jet B | G35: {=IFERROR(_xlfn.XLOOKUP(1, (Table_Fuel_EFs_Transport[Fuel combusted]=$E35)*(Table_Fuel_EFs_Transport[Transport type]=$D$34), Table_Fuel_EFs_Transport[Energy Content Factor (GJ per unit of fuel)]), 0)} -> 36.8 | H35: {=IFERROR(_xlfn.XLOOKUP(1, (Table_Fuel_EFs_Transport[Fuel combusted]=$E35)*(Table_Fuel_EFs_Transport[Transport type]=$D$34), Table_Fuel_EFs_Transport[Scope 1 Emission Factor (kg CO2 - e / GJ) CO2]), 0)} -> 69.6 | I35: {=IFERROR(_xlfn.XLOOKUP(1, (Table_Fuel_EFs_Transport[Fuel combusted]=$E35)*(Table_Fuel_EFs_Transport[Transport type]=$D$34), Table_Fuel_EFs_Transport[Scope 1 Emission Factor (kg CO2 - e / GJ) CH4]), 0)} -> 0.01 | J35: {=IFERROR(_xlfn.XLOOKUP(1, (Table_Fuel_EFs_Transport[Fuel combusted]=$E35)*(Table_Fuel_EFs_Transport[Transport type]=$D$34), Table_Fuel_EFs_Transport[Scope 1 Emission Factor (kg CO2 - e / GJ) N2O]), 0)} -> 0.6 | K35: {=Fuel_InputFunctions.Fuel_TotalConsumption(Table_Input_Fuel[Amount consumed], Table_Input_Fuel[Fuel use (select)], D35, Table_Input_Fuel[Fuel type (select)],F35)} -> 0 | L35: {=Common_InputFunctions.Utility_LookupValueInTable(F35,Table_FuelTypes_Units[Fuel type],Table_FuelTypes_Units[Unit])} -> kL | M35: {=Fuel_Equations.VEERG_8_1_1_1__1_FuelCombustionTransport($K35,$G35,$H35)} -> 0 | N35: {=Fuel_Equations.VEERG_8_1_1_1__1_FuelCombustionTransport($K35,$G35,$I35)} -> 0 | O35: {=Fuel_Equations.VEERG_8_1_1_1__1_FuelCombustionTransport($K35,$G35,$J35)} -> 0
D36: =$D$34 -> Aviation | E36: ='Constants - Fuel'!$E$30 -> Renewable aviation kerosene | F36: ='Constants - Fuel'!$F$133 -> Renewable aviation kerosene | G36: {=IFERROR(_xlfn.XLOOKUP(1, (Table_Fuel_EFs_Transport[Fuel combusted]=$E36)*(Table_Fuel_EFs_Transport[Transport type]=$D$34), Table_Fuel_EFs_Transport[Energy Content Factor (GJ per unit of fuel)]), 0)} -> 36.8 | H36: {=IFERROR(_xlfn.XLOOKUP(1, (Table_Fuel_EFs_Transport[Fuel combusted]=$E36)*(Table_Fuel_EFs_Transport[Transport type]=$D$34), Table_Fuel_EFs_Transport[Scope 1 Emission Factor (kg CO2 - e / GJ) CO2]), 0)} -> 0 | I36: {=IFERROR(_xlfn.XLOOKUP(1, (Table_Fuel_EFs_Transport[Fuel combusted]=$E36)*(Table_Fuel_EFs_Transport[Transport type]=$D$34), Table_Fuel_EFs_Transport[Scope 1 Emission Factor (kg CO2 - e / GJ) CH4]), 0)} -> 0.01 | J36: {=IFERROR(_xlfn.XLOOKUP(1, (Table_Fuel_EFs_Transport[Fuel combusted]=$E36)*(Table_Fuel_EFs_Transport[Transport type]=$D$34), Table_Fuel_EFs_Transport[Scope 1 Emission Factor (kg CO2 - e / GJ) N2O]), 0)} -> 0.6 | K36: {=Fuel_InputFunctions.Fuel_TotalConsumption(Table_Input_Fuel[Amount consumed], Table_Input_Fuel[Fuel use (select)], D36, Table_Input_Fuel[Fuel type (select)],F36)} -> 0 | L36: {=Common_InputFunctions.Utility_LookupValueInTable(F36,Table_FuelTypes_Units[Fuel type],Table_FuelTypes_Units[Unit])} -> kL | M36: {=Fuel_Equations.VEERG_8_1_1_1__1_FuelCombustionTransport($K36,$G36,$H36)} -> 0 | N36: {=Fuel_Equations.VEERG_8_1_1_1__1_FuelCombustionTransport($K36,$G36,$I36)} -> 0 | O36: {=Fuel_Equations.VEERG_8_1_1_1__1_FuelCombustionTransport($K36,$G36,$J36)} -> 0
A37: =HYPERLINK("#A1", "▲ Back to top") -> ▲ Back to top | D37: =Table_FuelTypesPerUse[[#Headers],[Vessels]] -> Vessels | E37: ='Constants - Fuel'!$E$10 -> Gasoline | F37: ='Constants - Fuel'!$I$131 -> Petrol | G37: {=IFERROR(_xlfn.XLOOKUP(1, (Table_Fuel_EFs_Transport[Fuel combusted]=$E37)*(Table_Fuel_EFs_Transport[Transport type]=$D$37), Table_Fuel_EFs_Transport[Energy Content Factor (GJ per unit of fuel)]), 0)} -> 34.2 | H37: {=IFERROR(_xlfn.XLOOKUP(1, (Table_Fuel_EFs_Transport[Fuel combusted]=$E37)*(Table_Fuel_EFs_Transport[Transport type]=$D$37), Table_Fuel_EFs_Transport[Scope 1 Emission Factor (kg CO2 - e / GJ) CO2]), 0)} -> 67.4 | I37: {=IFERROR(_xlfn.XLOOKUP(1, (Table_Fuel_EFs_Transport[Fuel combusted]=$E37)*(Table_Fuel_EFs_Transport[Transport type]=$D$37), Table_Fuel_EFs_Transport[Scope 1 Emission Factor (kg CO2 - e / GJ) CH4]), 0)} -> 10.1 | J37: {=IFERROR(_xlfn.XLOOKUP(1, (Table_Fuel_EFs_Transport[Fuel combusted]=$E37)*(Table_Fuel_EFs_Transport[Transport type]=$D$37), Table_Fuel_EFs_Transport[Scope 1 Emission Factor (kg CO2 - e / GJ) N2O]), 0)} -> 0.3 | K37: {=Fuel_InputFunctions.Fuel_TotalConsumption(Table_Input_Fuel[Amount consumed], Table_Input_Fuel[Fuel use (select)], D37, Table_Input_Fuel[Fuel type (select)],F37)} -> 0 | L37: {=Common_InputFunctions.Utility_LookupValueInTable(F37,Table_FuelTypes_Units[Fuel type],Table_FuelTypes_Units[Unit])} -> kL | M37: {=Fuel_Equations.VEERG_8_1_1_1__1_FuelCombustionTransport($K37,$G37,$H37)} -> 0 | N37: {=Fuel_Equations.VEERG_8_1_1_1__1_FuelCombustionTransport($K37,$G37,$I37)} -> 0 | O37: {=Fuel_Equations.VEERG_8_1_1_1__1_FuelCombustionTransport($K37,$G37,$J37)} -> 0
D38: =D37 -> Vessels | E38: ='Constants - Fuel'!$E$11 -> Diesel oil | F38: ='Constants - Fuel'!$I$132 -> Diesel | G38: {=IFERROR(_xlfn.XLOOKUP(1, (Table_Fuel_EFs_Transport[Fuel combusted]=$E38)*(Table_Fuel_EFs_Transport[Transport type]=$D$37), Table_Fuel_EFs_Transport[Energy Content Factor (GJ per unit of fuel)]), 0)} -> 38.6 | H38: {=IFERROR(_xlfn.XLOOKUP(1, (Table_Fuel_EFs_Transport[Fuel combusted]=$E38)*(Table_Fuel_EFs_Transport[Transport type]=$D$37), Table_Fuel_EFs_Transport[Scope 1 Emission Factor (kg CO2 - e / GJ) CO2]), 0)} -> 69.9 | I38: {=IFERROR(_xlfn.XLOOKUP(1, (Table_Fuel_EFs_Transport[Fuel combusted]=$E38)*(Table_Fuel_EFs_Transport[Transport type]=$D$37), Table_Fuel_EFs_Transport[Scope 1 Emission Factor (kg CO2 - e / GJ) CH4]), 0)} -> 0.2 | J38: {=IFERROR(_xlfn.XLOOKUP(1, (Table_Fuel_EFs_Transport[Fuel combusted]=$E38)*(Table_Fuel_EFs_Transport[Transport type]=$D$37), Table_Fuel_EFs_Transport[Scope 1 Emission Factor (kg CO2 - e / GJ) N2O]), 0)} -> 0.5 | K38: {=Fuel_InputFunctions.Fuel_TotalConsumption(Table_Input_Fuel[Amount consumed], Table_Input_Fuel[Fuel use (select)], D38, Table_Input_Fuel[Fuel type (select)],F38)} -> 0 | L38: {=Common_InputFunctions.Utility_LookupValueInTable(F38,Table_FuelTypes_Units[Fuel type],Table_FuelTypes_Units[Unit])} -> kL | M38: {=Fuel_Equations.VEERG_8_1_1_1__1_FuelCombustionTransport($K38,$G38,$H38)} -> 0 | N38: {=Fuel_Equations.VEERG_8_1_1_1__1_FuelCombustionTransport($K38,$G38,$I38)} -> 0 | O38: {=Fuel_Equations.VEERG_8_1_1_1__1_FuelCombustionTransport($K38,$G38,$J38)} -> 0
D39: =D37 -> Vessels | E39: ='Constants - Fuel'!E33 -> Fuel Oil | F39: ='Constants - Fuel'!$I$133 -> Fuel oil | G39: {=IFERROR(_xlfn.XLOOKUP(1, (Table_Fuel_EFs_Transport[Fuel combusted]=$E39)*(Table_Fuel_EFs_Transport[Transport type]=$D$37), Table_Fuel_EFs_Transport[Energy Content Factor (GJ per unit of fuel)]), 0)} -> 39.7 | H39: {=IFERROR(_xlfn.XLOOKUP(1, (Table_Fuel_EFs_Transport[Fuel combusted]=$E39)*(Table_Fuel_EFs_Transport[Transport type]=$D$37), Table_Fuel_EFs_Transport[Scope 1 Emission Factor (kg CO2 - e / GJ) CO2]), 0)} -> 73.6 | I39: {=IFERROR(_xlfn.XLOOKUP(1, (Table_Fuel_EFs_Transport[Fuel combusted]=$E39)*(Table_Fuel_EFs_Transport[Transport type]=$D$37), Table_Fuel_EFs_Transport[Scope 1 Emission Factor (kg CO2 - e / GJ) CH4]), 0)} -> 0.2 | J39: {=IFERROR(_xlfn.XLOOKUP(1, (Table_Fuel_EFs_Transport[Fuel combusted]=$E39)*(Table_Fuel_EFs_Transport[Transport type]=$D$37), Table_Fuel_EFs_Transport[Scope 1 Emission Factor (kg CO2 - e / GJ) N2O]), 0)} -> 0.5 | K39: {=Fuel_InputFunctions.Fuel_TotalConsumption(Table_Input_Fuel[Amount consumed], Table_Input_Fuel[Fuel use (select)], D39, Table_Input_Fuel[Fuel type (select)],F39)} -> 0 | L39: {=Common_InputFunctions.Utility_LookupValueInTable(F39,Table_FuelTypes_Units[Fuel type],Table_FuelTypes_Units[Unit])} -> kL | M39: {=Fuel_Equations.VEERG_8_1_1_1__1_FuelCombustionTransport($K39,$G39,$H39)} -> 0 | N39: {=Fuel_Equations.VEERG_8_1_1_1__1_FuelCombustionTransport($K39,$G39,$I39)} -> 0 | O39: {=Fuel_Equations.VEERG_8_1_1_1__1_FuelCombustionTransport($K39,$G39,$J39)} -> 0
D42: ="Total scope 1 - " & D25 -> Total scope 1 - Cars and light commercial vehicles
D43: CO2 | E43: =SUM(M25:M32) -> 0 | F43: =$E$12 -> t CO2-e
D44: CH4 | E44: =SUM(N25:N32) -> 0 | F44: =$E$12 -> t CO2-e
D45: N2O | E45: =SUM(O25:O32) -> 0 | F45: =$E$12 -> t CO2-e
D48: ="Total - " & D33 -> Total - Off-road Agriculture and forestry equipment
D49: CO2 | E49: =SUM(M33:M33) -> 0 | F49: =$E$12 -> t CO2-e
D50: CH4 | E50: =SUM(N33:N33) -> 0 | F50: =$E$12 -> t CO2-e
D51: N2O | E51: =SUM(O33:O33) -> 0 | F51: =$E$12 -> t CO2-e
D54: ="Total - " & D34 -> Total - Aviation
D55: CO2 | E55: =SUM(M34:M36) -> 0 | F55: =$E$12 -> t CO2-e
D56: CH4 | E56: =SUM(N34:N36) -> 0 | F56: =$E$12 -> t CO2-e
D57: N2O | E57: =SUM(O34:O36) -> 0 | F57: =$E$12 -> t CO2-e
D60: ="Total - " & D37 -> Total - Vessels
D61: CO2 | E61: =SUM(M37:M39) -> 0 | F61: =$E$12 -> t CO2-e
D62: CH4 | E62: =SUM(N37:N39) -> 0 | F62: =$E$12 -> t CO2-e
D63: N2O | E63: =SUM(O37:O39) -> 0 | F63: =$E$12 -> t CO2-e
D66: Total - All transport fuel combustion
D67: CO2 | E67: =E43+E49+E55 -> 0 | F67: =$E$12 -> t CO2-e
D68: CH4 | E68: =E44+E50+E56 -> 0 | F68: =$E$12 -> t CO2-e
A69: =HYPERLINK("#A1", "▲ Back to top") -> ▲ Back to top | D69: N2O | E69: =E45+E51+E57 -> 0 | F69: =$E$12 -> t CO2-e
A83: =HYPERLINK("#A1", "▲ Back to top") -> ▲ Back to top

Sheet 8.2.1.1-2 Stationary fuel
A1: #VALUE! | C1: 8.2.1.1-2 Stationary fuel combustion
A3: =HYPERLINK("#'Home'!A1", "Home") -> Home | D3: Method 1
A4: =HYPERLINK("#'Overview'!A1", "Overview") -> Overview
A5: =HYPERLINK("#'Results'!A1", "Results") -> Results | D5: {=Fuel_Equations.VEERG_8_2_1_1__1_FuelCombustionStationary_Title()} -> Emissions for each GHG from the stationary combustion of fuels
D6: {=Fuel_Equations.VEERG_8_2_1_1__1_FuelCombustionStationary_Source()} -> VEERG 2026: 8.2.1.1, Equation (1)
A7: INPUTS | D7: Function name | E7: {=Common_InputFunctions.Utility_DisplayFunctionName(M25)} -> =Fuel_Equations.VEERG_8_2_1_1__1_FuelCombustionStationary
A8: =HYPERLINK("#'Input - Site'!A1", "Site") -> Site
A9: =HYPERLINK("#'Input - Fertiliser'!A1", "Fertiliser") -> Fertiliser
A11: CALCULATIONS | D11: Variable | E11: {=Fuel_Equations.VEERG_8_2_1_1__1_FuelCombustionStationary_Variable()} -> E_g
A12: =HYPERLINK("#'5.1.1.1-2 Inorganic Fert N2O'!A1", "5.1.1.1-2 Inorganic Fert N2O") -> 5.1.1.1-2 Inorganic Fert N2O | D12: Unit | E12: {=Fuel_Equations.VEERG_8_2_1_1__1_FuelCombustionStationary_Unit()} -> t CO2-e
A13: =HYPERLINK("#'5.1.1.3-4 Inorganic fert CO2'!A1", "5.1.1.3-4 Inorganic fert CO2") -> 5.1.1.3-4 Inorganic fert CO2
A14: =HYPERLINK("#'5.2.1.1-2 Organic Fert N2O'!A1", "5.2.1.1-2 Organic Fert N2O") -> 5.2.1.1-2 Organic Fert N2O | D14: {=_xlfn.CHOOSECOLS(Fuel_Equations.VEERG_8_2_1_1__1_FuelCombustionStationary_Arguments(), 1,2)} -> Q_SCq | E14: Amount of fuel type q used for stationary combustion operations | G14: {=_xlfn.CHOOSECOLS(Fuel_Equations.VEERG_8_2_1_1__1_FuelCombustionStationary_Arguments(), 3,4)} -> Varies based on fuel type: kL, m3, GJ | H14: Input | I14: {=HYPERLINK(Common_InputFunctions.Utility_SourceHyperlink($D$22), $D$22)} -> Table_E_g
A15: =HYPERLINK("#'5.3.1.1-2 Lime CO2'!A1", "5.3.1.1-2 Lime CO2") -> 5.3.1.1-2 Lime CO2 | D15: EC_SCq | E15: Energy content factor for stationary combustion operations | G15: GJ / unit of fuel | H15: Constant | I15: {=HYPERLINK(Common_InputFunctions.Utility_SourceHyperlink($D$22), $D$22)} -> Table_E_g
A16: =HYPERLINK("#'5.4.1.1-4 Atmos deposition'!A1", "5.4.1.1-4 Atmos deposition") -> 5.4.1.1-4 Atmos deposition | D16: EF_SC1qg | E16: Scope 1 emission factor for stationary combustion for each greenhouse gas | G16: kg CO2e / GJ | H16: Constant | I16: {=HYPERLINK(Common_InputFunctions.Utility_SourceHyperlink($D$22), $D$22)} -> Table_E_g
A17: =HYPERLINK("#'5.5.1.1-2 Leaching and runoff'!A1", "5.5.1.1-2 Leaching and runoff") -> 5.5.1.1-2 Leaching and runoff | D17: q | E17: Fuel type | H17: Constant
D18: SC | E18: Stationary combustion | H18: Constant
A19: APPENDICES | D19: g | E19: Greenhouse gas | H19: Constant
A20: =HYPERLINK("#'Constants - Fertiliser'!A1", "Constants - Fertiliser") -> Constants - Fertiliser | D20: 1 | E20: Scope 1 | H20: Constant
A21: =HYPERLINK("#'Constants - Common'!A1", "Constants - Common") -> Constants - Common
D22: Table_E_g
D23: Emissions for stationary fuel combustion
D24: Fuel use | E24: Fuel type (NGAF terminology) | F24: Fuel type (q) | G24: ECSC,q | H24: EFSC,1,q,g=CO2 | I24: EFSC,1,q,g=CH4 | J24: EFSC,1,q,g=N20 | K24: QSC,q | L24: Q unit | M24: Eg=CO2 | N24: Eg=CH4 | O24: Eg=N20
D25: =Table_FuelTypesPerUse[[#Headers],[Generators]] -> Generators | E25: ='Constants - Fuel'!$D$58 -> Automotive gasoline / petrol (other than for use as fuel in an aircraft) | F25: ='Constants - Fuel'!D131 -> Petrol | G25: =IFERROR(_xlfn.XLOOKUP($E25, Table_Fuel_EFs_StationaryLiquid[Fuel combusted], Table_Fuel_EFs_StationaryLiquid[Energy Content Factor (GJ per unit of fuel)]),0) -> 34.2 | H25: =IFERROR(_xlfn.XLOOKUP($E25, Table_Fuel_EFs_StationaryLiquid[Fuel combusted], Table_Fuel_EFs_StationaryLiquid[Scope 1 Emission Factor (kg CO2 - e / GJ) CO2]),0) -> 67.4 | I25: =IFERROR(_xlfn.XLOOKUP($E25, Table_Fuel_EFs_StationaryLiquid[Fuel combusted], Table_Fuel_EFs_StationaryLiquid[Scope 1 Emission Factor (kg CO2 - e / GJ) CH4]),0) -> 0.2 | J25: =IFERROR(_xlfn.XLOOKUP($E25, Table_Fuel_EFs_StationaryLiquid[Fuel combusted], Table_Fuel_EFs_StationaryLiquid[Scope 1 Emission Factor (kg CO2 - e / GJ) N2O]),0) -> 0.2 | K25: {=Fuel_InputFunctions.Fuel_TotalConsumption(Table_Input_Fuel[Amount consumed], Table_Input_Fuel[Fuel use (select)], D25, Table_Input_Fuel[Fuel type (select)],F25)} -> 0 | L25: {=Common_InputFunctions.Utility_LookupValueInTable(F25,Table_FuelTypes_Units[Fuel type],Table_FuelTypes_Units[Unit])} -> kL | M25: {=Fuel_Equations.VEERG_8_2_1_1__1_FuelCombustionStationary($K25,$G25,H25)} -> 0 | N25: {=Fuel_Equations.VEERG_8_2_1_1__1_FuelCombustionStationary($K25,$G25,I25)} -> 0 | O25: {=Fuel_Equations.VEERG_8_2_1_1__1_FuelCombustionStationary($K25,$G25,J25)} -> 0
D26: =$D$25 -> Generators | E26: ='Constants - Fuel'!$D$63 -> Diesel oil | F26: ='Constants - Fuel'!D132 -> Diesel | G26: =IFERROR(_xlfn.XLOOKUP($E26, Table_Fuel_EFs_StationaryLiquid[Fuel combusted], Table_Fuel_EFs_StationaryLiquid[Energy Content Factor (GJ per unit of fuel)]),0) -> 38.6 | H26: =IFERROR(_xlfn.XLOOKUP($E26, Table_Fuel_EFs_StationaryLiquid[Fuel combusted], Table_Fuel_EFs_StationaryLiquid[Scope 1 Emission Factor (kg CO2 - e / GJ) CO2]),0) -> 69.9 | I26: =IFERROR(_xlfn.XLOOKUP($E26, Table_Fuel_EFs_StationaryLiquid[Fuel combusted], Table_Fuel_EFs_StationaryLiquid[Scope 1 Emission Factor (kg CO2 - e / GJ) CH4]),0) -> 0.1 | J26: =IFERROR(_xlfn.XLOOKUP($E26, Table_Fuel_EFs_StationaryLiquid[Fuel combusted], Table_Fuel_EFs_StationaryLiquid[Scope 1 Emission Factor (kg CO2 - e / GJ) N2O]),0) -> 0.2 | K26: {=Fuel_InputFunctions.Fuel_TotalConsumption(Table_Input_Fuel[Amount consumed], Table_Input_Fuel[Fuel use (select)], D26, Table_Input_Fuel[Fuel type (select)],F26)} -> 0 | L26: {=Common_InputFunctions.Utility_LookupValueInTable(F26,Table_FuelTypes_Units[Fuel type],Table_FuelTypes_Units[Unit])} -> kL | M26: {=Fuel_Equations.VEERG_8_2_1_1__1_FuelCombustionStationary($K26,$G26,H26)} -> 0 | N26: {=Fuel_Equations.VEERG_8_2_1_1__1_FuelCombustionStationary($K26,$G26,I26)} -> 0 | O26: {=Fuel_Equations.VEERG_8_2_1_1__1_FuelCombustionStationary($K26,$G26,J26)} -> 0
D27: =$D$25 -> Generators | E27: ='Constants - Fuel'!$D$67 -> Liquefied petroleum gas (LPG) | F27: ='Constants - Fuel'!D133 -> Liquefied petroleum gas (LPG) | G27: =IFERROR(_xlfn.XLOOKUP($E27, Table_Fuel_EFs_StationaryLiquid[Fuel combusted], Table_Fuel_EFs_StationaryLiquid[Energy Content Factor (GJ per unit of fuel)]),0) -> 25.7 | H27: =IFERROR(_xlfn.XLOOKUP($E27, Table_Fuel_EFs_StationaryLiquid[Fuel combusted], Table_Fuel_EFs_StationaryLiquid[Scope 1 Emission Factor (kg CO2 - e / GJ) CO2]),0) -> 60.2 | I27: =IFERROR(_xlfn.XLOOKUP($E27, Table_Fuel_EFs_StationaryLiquid[Fuel combusted], Table_Fuel_EFs_StationaryLiquid[Scope 1 Emission Factor (kg CO2 - e / GJ) CH4]),0) -> 0.2 | J27: =IFERROR(_xlfn.XLOOKUP($E27, Table_Fuel_EFs_StationaryLiquid[Fuel combusted], Table_Fuel_EFs_StationaryLiquid[Scope 1 Emission Factor (kg CO2 - e / GJ) N2O]),0) -> 0.2 | K27: {=Fuel_InputFunctions.Fuel_TotalConsumption(Table_Input_Fuel[Amount consumed], Table_Input_Fuel[Fuel use (select)], D27, Table_Input_Fuel[Fuel type (select)],F27)} -> 0 | L27: {=Common_InputFunctions.Utility_LookupValueInTable(F27,Table_FuelTypes_Units[Fuel type],Table_FuelTypes_Units[Unit])} -> kL | M27: {=Fuel_Equations.VEERG_8_2_1_1__1_FuelCombustionStationary($K27,$G27,H27)} -> 0 | N27: {=Fuel_Equations.VEERG_8_2_1_1__1_FuelCombustionStationary($K27,$G27,I27)} -> 0 | O27: {=Fuel_Equations.VEERG_8_2_1_1__1_FuelCombustionStationary($K27,$G27,J27)} -> 0
D28: =$D$25 -> Generators | E28: ='Constants - Fuel'!$D$73 -> Biodiesel | F28: ='Constants - Fuel'!D134 -> Biodiesel | G28: =IFERROR(_xlfn.XLOOKUP($E28, Table_Fuel_EFs_StationaryLiquid[Fuel combusted], Table_Fuel_EFs_StationaryLiquid[Energy Content Factor (GJ per unit of fuel)]),0) -> 34.6 | H28: =IFERROR(_xlfn.XLOOKUP($E28, Table_Fuel_EFs_StationaryLiquid[Fuel combusted], Table_Fuel_EFs_StationaryLiquid[Scope 1 Emission Factor (kg CO2 - e / GJ) CO2]),0) -> 0 | I28: =IFERROR(_xlfn.XLOOKUP($E28, Table_Fuel_EFs_StationaryLiquid[Fuel combusted], Table_Fuel_EFs_StationaryLiquid[Scope 1 Emission Factor (kg CO2 - e / GJ) CH4]),0) -> 0.08 | J28: =IFERROR(_xlfn.XLOOKUP($E28, Table_Fuel_EFs_StationaryLiquid[Fuel combusted], Table_Fuel_EFs_StationaryLiquid[Scope 1 Emission Factor (kg CO2 - e / GJ) N2O]),0) -> 0.2 | K28: {=Fuel_InputFunctions.Fuel_TotalConsumption(Table_Input_Fuel[Amount consumed], Table_Input_Fuel[Fuel use (select)], D28, Table_Input_Fuel[Fuel type (select)],F28)} -> 0 | L28: {=Common_InputFunctions.Utility_LookupValueInTable(F28,Table_FuelTypes_Units[Fuel type],Table_FuelTypes_Units[Unit])} -> kL | M28: {=Fuel_Equations.VEERG_8_2_1_1__1_FuelCombustionStationary($K28,$G28,H28)} -> 0 | N28: {=Fuel_Equations.VEERG_8_2_1_1__1_FuelCombustionStationary($K28,$G28,I28)} -> 0 | O28: {=Fuel_Equations.VEERG_8_2_1_1__1_FuelCombustionStationary($K28,$G28,J28)} -> 0
D29: =$D$25 -> Generators | E29: ='Constants - Fuel'!$D$74 -> Ethanol for use as a fuel in an internal combustion engine | F29: ='Constants - Fuel'!D135 -> Ethanol | G29: =IFERROR(_xlfn.XLOOKUP($E29, Table_Fuel_EFs_StationaryLiquid[Fuel combusted], Table_Fuel_EFs_StationaryLiquid[Energy Content Factor (GJ per unit of fuel)]),0) -> 23.4 | H29: =IFERROR(_xlfn.XLOOKUP($E29, Table_Fuel_EFs_StationaryLiquid[Fuel combusted], Table_Fuel_EFs_StationaryLiquid[Scope 1 Emission Factor (kg CO2 - e / GJ) CO2]),0) -> 0 | I29: =IFERROR(_xlfn.XLOOKUP($E29, Table_Fuel_EFs_StationaryLiquid[Fuel combusted], Table_Fuel_EFs_StationaryLiquid[Scope 1 Emission Factor (kg CO2 - e / GJ) CH4]),0) -> 0.08 | J29: =IFERROR(_xlfn.XLOOKUP($E29, Table_Fuel_EFs_StationaryLiquid[Fuel combusted], Table_Fuel_EFs_StationaryLiquid[Scope 1 Emission Factor (kg CO2 - e / GJ) N2O]),0) -> 0.2 | K29: {=Fuel_InputFunctions.Fuel_TotalConsumption(Table_Input_Fuel[Amount consumed], Table_Input_Fuel[Fuel use (select)], D29, Table_Input_Fuel[Fuel type (select)],F29)} -> 0 | L29: {=Common_InputFunctions.Utility_LookupValueInTable(F29,Table_FuelTypes_Units[Fuel type],Table_FuelTypes_Units[Unit])} -> kL | M29: {=Fuel_Equations.VEERG_8_2_1_1__1_FuelCombustionStationary($K29,$G29,H29)} -> 0 | N29: {=Fuel_Equations.VEERG_8_2_1_1__1_FuelCombustionStationary($K29,$G29,I29)} -> 0 | O29: {=Fuel_Equations.VEERG_8_2_1_1__1_FuelCombustionStationary($K29,$G29,J29)} -> 0
D30: =$D$25 -> Generators | E30: ='Constants - Fuel'!$D$75 -> Biofuels other than those mentioned in the items above and below | F30: ='Constants - Fuel'!D136 -> Other biofuels | G30: =IFERROR(_xlfn.XLOOKUP($E30, Table_Fuel_EFs_StationaryLiquid[Fuel combusted], Table_Fuel_EFs_StationaryLiquid[Energy Content Factor (GJ per unit of fuel)]),0) -> 23.4 | H30: =IFERROR(_xlfn.XLOOKUP($E30, Table_Fuel_EFs_StationaryLiquid[Fuel combusted], Table_Fuel_EFs_StationaryLiquid[Scope 1 Emission Factor (kg CO2 - e / GJ) CO2]),0) -> 0 | I30: =IFERROR(_xlfn.XLOOKUP($E30, Table_Fuel_EFs_StationaryLiquid[Fuel combusted], Table_Fuel_EFs_StationaryLiquid[Scope 1 Emission Factor (kg CO2 - e / GJ) CH4]),0) -> 0.08 | J30: =IFERROR(_xlfn.XLOOKUP($E30, Table_Fuel_EFs_StationaryLiquid[Fuel combusted], Table_Fuel_EFs_StationaryLiquid[Scope 1 Emission Factor (kg CO2 - e / GJ) N2O]),0) -> 0.2 | K30: {=Fuel_InputFunctions.Fuel_TotalConsumption(Table_Input_Fuel[Amount consumed], Table_Input_Fuel[Fuel use (select)], D30, Table_Input_Fuel[Fuel type (select)],F30)} -> 0 | L30: {=Common_InputFunctions.Utility_LookupValueInTable(F30,Table_FuelTypes_Units[Fuel type],Table_FuelTypes_Units[Unit])} -> kL | M30: {=Fuel_Equations.VEERG_8_2_1_1__1_FuelCombustionStationary($K30,$G30,H30)} -> 0 | N30: {=Fuel_Equations.VEERG_8_2_1_1__1_FuelCombustionStationary($K30,$G30,I30)} -> 0 | O30: {=Fuel_Equations.VEERG_8_2_1_1__1_FuelCombustionStationary($K30,$G30,J30)} -> 0
D31: =$D$25 -> Generators | E31: ='Constants - Fuel'!$D$77 -> Renewable diesel | F31: ='Constants - Fuel'!D137 -> Renewable diesel | G31: =IFERROR(_xlfn.XLOOKUP($E31, Table_Fuel_EFs_StationaryLiquid[Fuel combusted], Table_Fuel_EFs_StationaryLiquid[Energy Content Factor (GJ per unit of fuel)]),0) -> 38.6 | H31: =IFERROR(_xlfn.XLOOKUP($E31, Table_Fuel_EFs_StationaryLiquid[Fuel combusted], Table_Fuel_EFs_StationaryLiquid[Scope 1 Emission Factor (kg CO2 - e / GJ) CO2]),0) -> 0 | I31: =IFERROR(_xlfn.XLOOKUP($E31, Table_Fuel_EFs_StationaryLiquid[Fuel combusted], Table_Fuel_EFs_StationaryLiquid[Scope 1 Emission Factor (kg CO2 - e / GJ) CH4]),0) -> 0.1 | J31: =IFERROR(_xlfn.XLOOKUP($E31, Table_Fuel_EFs_StationaryLiquid[Fuel combusted], Table_Fuel_EFs_StationaryLiquid[Scope 1 Emission Factor (kg CO2 - e / GJ) N2O]),0) -> 0.2 | K31: {=Fuel_InputFunctions.Fuel_TotalConsumption(Table_Input_Fuel[Amount consumed], Table_Input_Fuel[Fuel use (select)], D31, Table_Input_Fuel[Fuel type (select)],F31)} -> 0 | L31: {=Common_InputFunctions.Utility_LookupValueInTable(F31,Table_FuelTypes_Units[Fuel type],Table_FuelTypes_Units[Unit])} -> kL | M31: {=Fuel_Equations.VEERG_8_2_1_1__1_FuelCombustionStationary($K31,$G31,H31)} -> 0 | N31: {=Fuel_Equations.VEERG_8_2_1_1__1_FuelCombustionStationary($K31,$G31,I31)} -> 0 | O31: {=Fuel_Equations.VEERG_8_2_1_1__1_FuelCombustionStationary($K31,$G31,J31)} -> 0
D32: =Table_FuelTypesPerUse[[#Headers],[Power standalone machinery or heating]] -> Power standalone machinery or heating | E32: ='Constants - Fuel'!$D$58 -> Automotive gasoline / petrol (other than for use as fuel in an aircraft) | F32: ='Constants - Fuel'!E131 -> Petrol | G32: =IFERROR(_xlfn.XLOOKUP($E32, Table_Fuel_EFs_StationaryLiquid[Fuel combusted], Table_Fuel_EFs_StationaryLiquid[Energy Content Factor (GJ per unit of fuel)]),0) -> 34.2 | H32: =IFERROR(_xlfn.XLOOKUP($E32, Table_Fuel_EFs_StationaryLiquid[Fuel combusted], Table_Fuel_EFs_StationaryLiquid[Scope 1 Emission Factor (kg CO2 - e / GJ) CO2]),0) -> 67.4 | I32: =IFERROR(_xlfn.XLOOKUP($E32, Table_Fuel_EFs_StationaryLiquid[Fuel combusted], Table_Fuel_EFs_StationaryLiquid[Scope 1 Emission Factor (kg CO2 - e / GJ) CH4]),0) -> 0.2 | J32: =IFERROR(_xlfn.XLOOKUP($E32, Table_Fuel_EFs_StationaryLiquid[Fuel combusted], Table_Fuel_EFs_StationaryLiquid[Scope 1 Emission Factor (kg CO2 - e / GJ) N2O]),0) -> 0.2 | K32: {=Fuel_InputFunctions.Fuel_TotalConsumption(Table_Input_Fuel[Amount consumed], Table_Input_Fuel[Fuel use (select)], D32, Table_Input_Fuel[Fuel type (select)],F32)} -> 0 | L32: {=Common_InputFunctions.Utility_LookupValueInTable(F32,Table_FuelTypes_Units[Fuel type],Table_FuelTypes_Units[Unit])} -> kL | M32: {=Fuel_Equations.VEERG_8_2_1_1__1_FuelCombustionStationary($K32,$G32,H32)} -> 0 | N32: {=Fuel_Equations.VEERG_8_2_1_1__1_FuelCombustionStationary($K32,$G32,I32)} -> 0 | O32: {=Fuel_Equations.VEERG_8_2_1_1__1_FuelCombustionStationary($K32,$G32,J32)} -> 0
D33: =$D$32 -> Power standalone machinery or heating | E33: ='Constants - Fuel'!$D$63 -> Diesel oil | F33: ='Constants - Fuel'!E132 -> Diesel | G33: =IFERROR(_xlfn.XLOOKUP($E33, Table_Fuel_EFs_StationaryLiquid[Fuel combusted], Table_Fuel_EFs_StationaryLiquid[Energy Content Factor (GJ per unit of fuel)]),0) -> 38.6 | H33: =IFERROR(_xlfn.XLOOKUP($E33, Table_Fuel_EFs_StationaryLiquid[Fuel combusted], Table_Fuel_EFs_StationaryLiquid[Scope 1 Emission Factor (kg CO2 - e / GJ) CO2]),0) -> 69.9 | I33: =IFERROR(_xlfn.XLOOKUP($E33, Table_Fuel_EFs_StationaryLiquid[Fuel combusted], Table_Fuel_EFs_StationaryLiquid[Scope 1 Emission Factor (kg CO2 - e / GJ) CH4]),0) -> 0.1 | J33: =IFERROR(_xlfn.XLOOKUP($E33, Table_Fuel_EFs_StationaryLiquid[Fuel combusted], Table_Fuel_EFs_StationaryLiquid[Scope 1 Emission Factor (kg CO2 - e / GJ) N2O]),0) -> 0.2 | K33: {=Fuel_InputFunctions.Fuel_TotalConsumption(Table_Input_Fuel[Amount consumed], Table_Input_Fuel[Fuel use (select)], D33, Table_Input_Fuel[Fuel type (select)],F33)} -> 0 | L33: {=Common_InputFunctions.Utility_LookupValueInTable(F33,Table_FuelTypes_Units[Fuel type],Table_FuelTypes_Units[Unit])} -> kL | M33: {=Fuel_Equations.VEERG_8_2_1_1__1_FuelCombustionStationary($K33,$G33,H33)} -> 0 | N33: {=Fuel_Equations.VEERG_8_2_1_1__1_FuelCombustionStationary($K33,$G33,I33)} -> 0 | O33: {=Fuel_Equations.VEERG_8_2_1_1__1_FuelCombustionStationary($K33,$G33,J33)} -> 0
D34: =$D$32 -> Power standalone machinery or heating | E34: ='Constants - Fuel'!$D$67 -> Liquefied petroleum gas (LPG) | F34: ='Constants - Fuel'!E133 -> Liquefied petroleum gas (LPG) | G34: =IFERROR(_xlfn.XLOOKUP($E34, Table_Fuel_EFs_StationaryLiquid[Fuel combusted], Table_Fuel_EFs_StationaryLiquid[Energy Content Factor (GJ per unit of fuel)]),0) -> 25.7 | H34: =IFERROR(_xlfn.XLOOKUP($E34, Table_Fuel_EFs_StationaryLiquid[Fuel combusted], Table_Fuel_EFs_StationaryLiquid[Scope 1 Emission Factor (kg CO2 - e / GJ) CO2]),0) -> 60.2 | I34: =IFERROR(_xlfn.XLOOKUP($E34, Table_Fuel_EFs_StationaryLiquid[Fuel combusted], Table_Fuel_EFs_StationaryLiquid[Scope 1 Emission Factor (kg CO2 - e / GJ) CH4]),0) -> 0.2 | J34: =IFERROR(_xlfn.XLOOKUP($E34, Table_Fuel_EFs_StationaryLiquid[Fuel combusted], Table_Fuel_EFs_StationaryLiquid[Scope 1 Emission Factor (kg CO2 - e / GJ) N2O]),0) -> 0.2 | K34: {=Fuel_InputFunctions.Fuel_TotalConsumption(Table_Input_Fuel[Amount consumed], Table_Input_Fuel[Fuel use (select)], D34, Table_Input_Fuel[Fuel type (select)],F34)} -> 0 | L34: {=Common_InputFunctions.Utility_LookupValueInTable(F34,Table_FuelTypes_Units[Fuel type],Table_FuelTypes_Units[Unit])} -> kL | M34: {=Fuel_Equations.VEERG_8_2_1_1__1_FuelCombustionStationary($K34,$G34,H34)} -> 0 | N34: {=Fuel_Equations.VEERG_8_2_1_1__1_FuelCombustionStationary($K34,$G34,I34)} -> 0 | O34: {=Fuel_Equations.VEERG_8_2_1_1__1_FuelCombustionStationary($K34,$G34,J34)} -> 0
D35: =$D$32 -> Power standalone machinery or heating | E35: ='Constants - Fuel'!$D$73 -> Biodiesel | F35: ='Constants - Fuel'!E134 -> Biodiesel | G35: =IFERROR(_xlfn.XLOOKUP($E35, Table_Fuel_EFs_StationaryLiquid[Fuel combusted], Table_Fuel_EFs_StationaryLiquid[Energy Content Factor (GJ per unit of fuel)]),0) -> 34.6 | H35: =IFERROR(_xlfn.XLOOKUP($E35, Table_Fuel_EFs_StationaryLiquid[Fuel combusted], Table_Fuel_EFs_StationaryLiquid[Scope 1 Emission Factor (kg CO2 - e / GJ) CO2]),0) -> 0 | I35: =IFERROR(_xlfn.XLOOKUP($E35, Table_Fuel_EFs_StationaryLiquid[Fuel combusted], Table_Fuel_EFs_StationaryLiquid[Scope 1 Emission Factor (kg CO2 - e / GJ) CH4]),0) -> 0.08 | J35: =IFERROR(_xlfn.XLOOKUP($E35, Table_Fuel_EFs_StationaryLiquid[Fuel combusted], Table_Fuel_EFs_StationaryLiquid[Scope 1 Emission Factor (kg CO2 - e / GJ) N2O]),0) -> 0.2 | K35: {=Fuel_InputFunctions.Fuel_TotalConsumption(Table_Input_Fuel[Amount consumed], Table_Input_Fuel[Fuel use (select)], D35, Table_Input_Fuel[Fuel type (select)],F35)} -> 0 | L35: {=Common_InputFunctions.Utility_LookupValueInTable(F35,Table_FuelTypes_Units[Fuel type],Table_FuelTypes_Units[Unit])} -> kL | M35: {=Fuel_Equations.VEERG_8_2_1_1__1_FuelCombustionStationary($K35,$G35,H35)} -> 0 | N35: {=Fuel_Equations.VEERG_8_2_1_1__1_FuelCombustionStationary($K35,$G35,I35)} -> 0 | O35: {=Fuel_Equations.VEERG_8_2_1_1__1_FuelCombustionStationary($K35,$G35,J35)} -> 0
D36: =$D$32 -> Power standalone machinery or heating | E36: ='Constants - Fuel'!$D$74 -> Ethanol for use as a fuel in an internal combustion engine | F36: ='Constants - Fuel'!E135 -> Ethanol | G36: =IFERROR(_xlfn.XLOOKUP($E36, Table_Fuel_EFs_StationaryLiquid[Fuel combusted], Table_Fuel_EFs_StationaryLiquid[Energy Content Factor (GJ per unit of fuel)]),0) -> 23.4 | H36: =IFERROR(_xlfn.XLOOKUP($E36, Table_Fuel_EFs_StationaryLiquid[Fuel combusted], Table_Fuel_EFs_StationaryLiquid[Scope 1 Emission Factor (kg CO2 - e / GJ) CO2]),0) -> 0 | I36: =IFERROR(_xlfn.XLOOKUP($E36, Table_Fuel_EFs_StationaryLiquid[Fuel combusted], Table_Fuel_EFs_StationaryLiquid[Scope 1 Emission Factor (kg CO2 - e / GJ) CH4]),0) -> 0.08 | J36: =IFERROR(_xlfn.XLOOKUP($E36, Table_Fuel_EFs_StationaryLiquid[Fuel combusted], Table_Fuel_EFs_StationaryLiquid[Scope 1 Emission Factor (kg CO2 - e / GJ) N2O]),0) -> 0.2 | K36: {=Fuel_InputFunctions.Fuel_TotalConsumption(Table_Input_Fuel[Amount consumed], Table_Input_Fuel[Fuel use (select)], D36, Table_Input_Fuel[Fuel type (select)],F36)} -> 0 | L36: {=Common_InputFunctions.Utility_LookupValueInTable(F36,Table_FuelTypes_Units[Fuel type],Table_FuelTypes_Units[Unit])} -> kL | M36: {=Fuel_Equations.VEERG_8_2_1_1__1_FuelCombustionStationary($K36,$G36,H36)} -> 0 | N36: {=Fuel_Equations.VEERG_8_2_1_1__1_FuelCombustionStationary($K36,$G36,I36)} -> 0 | O36: {=Fuel_Equations.VEERG_8_2_1_1__1_FuelCombustionStationary($K36,$G36,J36)} -> 0
D37: =$D$32 -> Power standalone machinery or heating | E37: ='Constants - Fuel'!$D$75 -> Biofuels other than those mentioned in the items above and below | F37: ='Constants - Fuel'!E136 -> Other biofuels | G37: =IFERROR(_xlfn.XLOOKUP($E37, Table_Fuel_EFs_StationaryLiquid[Fuel combusted], Table_Fuel_EFs_StationaryLiquid[Energy Content Factor (GJ per unit of fuel)]),0) -> 23.4 | H37: =IFERROR(_xlfn.XLOOKUP($E37, Table_Fuel_EFs_StationaryLiquid[Fuel combusted], Table_Fuel_EFs_StationaryLiquid[Scope 1 Emission Factor (kg CO2 - e / GJ) CO2]),0) -> 0 | I37: =IFERROR(_xlfn.XLOOKUP($E37, Table_Fuel_EFs_StationaryLiquid[Fuel combusted], Table_Fuel_EFs_StationaryLiquid[Scope 1 Emission Factor (kg CO2 - e / GJ) CH4]),0) -> 0.08 | J37: =IFERROR(_xlfn.XLOOKUP($E37, Table_Fuel_EFs_StationaryLiquid[Fuel combusted], Table_Fuel_EFs_StationaryLiquid[Scope 1 Emission Factor (kg CO2 - e / GJ) N2O]),0) -> 0.2 | K37: {=Fuel_InputFunctions.Fuel_TotalConsumption(Table_Input_Fuel[Amount consumed], Table_Input_Fuel[Fuel use (select)], D37, Table_Input_Fuel[Fuel type (select)],F37)} -> 0 | L37: {=Common_InputFunctions.Utility_LookupValueInTable(F37,Table_FuelTypes_Units[Fuel type],Table_FuelTypes_Units[Unit])} -> kL | M37: {=Fuel_Equations.VEERG_8_2_1_1__1_FuelCombustionStationary($K37,$G37,H37)} -> 0 | N37: {=Fuel_Equations.VEERG_8_2_1_1__1_FuelCombustionStationary($K37,$G37,I37)} -> 0 | O37: {=Fuel_Equations.VEERG_8_2_1_1__1_FuelCombustionStationary($K37,$G37,J37)} -> 0
A38: =HYPERLINK("#A1", "▲ Back to top") -> ▲ Back to top | D38: =$D$32 -> Power standalone machinery or heating | E38: ='Constants - Fuel'!$D$77 -> Renewable diesel | F38: ='Constants - Fuel'!E137 -> Renewable diesel | G38: =IFERROR(_xlfn.XLOOKUP($E38, Table_Fuel_EFs_StationaryLiquid[Fuel combusted], Table_Fuel_EFs_StationaryLiquid[Energy Content Factor (GJ per unit of fuel)]),0) -> 38.6 | H38: =IFERROR(_xlfn.XLOOKUP($E38, Table_Fuel_EFs_StationaryLiquid[Fuel combusted], Table_Fuel_EFs_StationaryLiquid[Scope 1 Emission Factor (kg CO2 - e / GJ) CO2]),0) -> 0 | I38: =IFERROR(_xlfn.XLOOKUP($E38, Table_Fuel_EFs_StationaryLiquid[Fuel combusted], Table_Fuel_EFs_StationaryLiquid[Scope 1 Emission Factor (kg CO2 - e / GJ) CH4]),0) -> 0.1 | J38: =IFERROR(_xlfn.XLOOKUP($E38, Table_Fuel_EFs_StationaryLiquid[Fuel combusted], Table_Fuel_EFs_StationaryLiquid[Scope 1 Emission Factor (kg CO2 - e / GJ) N2O]),0) -> 0.2 | K38: {=Fuel_InputFunctions.Fuel_TotalConsumption(Table_Input_Fuel[Amount consumed], Table_Input_Fuel[Fuel use (select)], D38, Table_Input_Fuel[Fuel type (select)],F38)} -> 0 | L38: {=Common_InputFunctions.Utility_LookupValueInTable(F38,Table_FuelTypes_Units[Fuel type],Table_FuelTypes_Units[Unit])} -> kL | M38: {=Fuel_Equations.VEERG_8_2_1_1__1_FuelCombustionStationary($K38,$G38,H38)} -> 0 | N38: {=Fuel_Equations.VEERG_8_2_1_1__1_FuelCombustionStationary($K38,$G38,I38)} -> 0 | O38: {=Fuel_Equations.VEERG_8_2_1_1__1_FuelCombustionStationary($K38,$G38,J38)} -> 0
E39: ='Constants - Fuel'!$D$103 -> Natural gas distributed in a pipeline - Gigajoules | F39: ='Constants - Fuel'!E138 -> Natural gas (via pipeline) in GJ | G39: =IFERROR(_xlfn.XLOOKUP($E39, Table_Fuel_EFs_StationaryGaseous[Fuel combusted], Table_Fuel_EFs_StationaryGaseous[Energy Content Factor (GJ per unit of fuel)]),0) -> 1 | H39: =IFERROR(_xlfn.XLOOKUP($E39, Table_Fuel_EFs_StationaryGaseous[Fuel combusted], Table_Fuel_EFs_StationaryGaseous[Scope 1 Emission Factor (kg CO2 - e / GJ) CO2]),0) -> 51.4 | I39: =IFERROR(_xlfn.XLOOKUP($E39, Table_Fuel_EFs_StationaryGaseous[Fuel combusted], Table_Fuel_EFs_StationaryGaseous[Scope 1 Emission Factor (kg CO2 - e / GJ) CH4]),0) -> 0.1 | J39: =IFERROR(_xlfn.XLOOKUP($E39, Table_Fuel_EFs_StationaryGaseous[Fuel combusted], Table_Fuel_EFs_StationaryGaseous[Scope 1 Emission Factor (kg CO2 - e / GJ) N2O]),0) -> 0.03 | K39: {=Fuel_InputFunctions.Fuel_TotalConsumption(Table_Input_Fuel[Amount consumed], Table_Input_Fuel[Fuel use (select)], D39, Table_Input_Fuel[Fuel type (select)],F39)} -> 0 | L39: {=Common_InputFunctions.Utility_LookupValueInTable(F39,Table_FuelTypes_Units[Fuel type],Table_FuelTypes_Units[Unit])} -> GJ | M39: {=Fuel_Equations.VEERG_8_2_1_1__1_FuelCombustionStationary($K39,$G39,H39)} -> 0 | N39: {=Fuel_Equations.VEERG_8_2_1_1__1_FuelCombustionStationary($K39,$G39,I39)} -> 0 | O39: {=Fuel_Equations.VEERG_8_2_1_1__1_FuelCombustionStationary($K39,$G39,J39)} -> 0
E40: ='Constants - Fuel'!$D$104 -> Town gas - Gigajoules | F40: ='Constants - Fuel'!E139 -> Town gas in GJ | G40: =IFERROR(_xlfn.XLOOKUP($E40, Table_Fuel_EFs_StationaryGaseous[Fuel combusted], Table_Fuel_EFs_StationaryGaseous[Energy Content Factor (GJ per unit of fuel)]),0) -> 1 | H40: =IFERROR(_xlfn.XLOOKUP($E40, Table_Fuel_EFs_StationaryGaseous[Fuel combusted], Table_Fuel_EFs_StationaryGaseous[Scope 1 Emission Factor (kg CO2 - e / GJ) CO2]),0) -> 60.2 | I40: =IFERROR(_xlfn.XLOOKUP($E40, Table_Fuel_EFs_StationaryGaseous[Fuel combusted], Table_Fuel_EFs_StationaryGaseous[Scope 1 Emission Factor (kg CO2 - e / GJ) CH4]),0) -> 0.04 | J40: =IFERROR(_xlfn.XLOOKUP($E40, Table_Fuel_EFs_StationaryGaseous[Fuel combusted], Table_Fuel_EFs_StationaryGaseous[Scope 1 Emission Factor (kg CO2 - e / GJ) N2O]),0) -> 0.03 | K40: {=Fuel_InputFunctions.Fuel_TotalConsumption(Table_Input_Fuel[Amount consumed], Table_Input_Fuel[Fuel use (select)], D40, Table_Input_Fuel[Fuel type (select)],F40)} -> 0 | L40: {=Common_InputFunctions.Utility_LookupValueInTable(F40,Table_FuelTypes_Units[Fuel type],Table_FuelTypes_Units[Unit])} -> GJ | M40: {=Fuel_Equations.VEERG_8_2_1_1__1_FuelCombustionStationary($K40,$G40,H40)} -> 0 | N40: {=Fuel_Equations.VEERG_8_2_1_1__1_FuelCombustionStationary($K40,$G40,I40)} -> 0 | O40: {=Fuel_Equations.VEERG_8_2_1_1__1_FuelCombustionStationary($K40,$G40,J40)} -> 0
D43: ="Total scope 1 - " & D25 -> Total scope 1 - Generators
D44: CO2 | E44: =SUM(M25:M31) -> 0 | F44: =$E$12 -> t CO2-e
D45: CH4 | E45: =SUM(N25:N31) -> 0 | F45: =$E$12 -> t CO2-e
D46: N2O | E46: =SUM(O25:O31) -> 0 | F46: =$E$12 -> t CO2-e
D49: ="Total - " & D32 -> Total - Power standalone machinery or heating
D50: CO2 | E50: =SUM(M32:M40) -> 0 | F50: =$E$12 -> t CO2-e
D51: CH4 | E51: =SUM(N32:N40) -> 0 | F51: =$E$12 -> t CO2-e
D52: N2O | E52: =SUM(O32:O40) -> 0 | F52: =$E$12 -> t CO2-e
A76: =HYPERLINK("#A1", "▲ Back to top") -> ▲ Back to top

Sheet 8.X.1.1-2 General use fuel
A1: #VALUE! | C1: 8.2.1.1-2 Stationary fuel combustion
A3: =HYPERLINK("#'Home'!A1", "Home") -> Home | D3: Method 1
A4: =HYPERLINK("#'Overview'!A1", "Overview") -> Overview
A5: =HYPERLINK("#'Results'!A1", "Results") -> Results | D5: {=Fuel_Equations.VEERG_8_X_FuelCombustionGeneric_Title()} -> Emissions for each GHG from the generic combustion of fuels
D6: {=Fuel_Equations.VEERG_8_X_FuelCombustionGeneric_Source()} -> Uses VEERG 2026: 8.1.1.1, Equation (1), 8.2.1.1, Equation (1) and everages the Australian National Greenhouse Accounts Factors 2025 for transport and stationary fuel combustion
A7: INPUTS | D7: Function name | E7: {=Common_InputFunctions.Utility_DisplayFunctionName(M25)} -> =Fuel_Equations.VEERG_8_2_1_1__1_FuelCombustionStationary
A8: =HYPERLINK("#'Input - Site'!A1", "Site") -> Site
A9: =HYPERLINK("#'Input - Fertiliser'!A1", "Fertiliser") -> Fertiliser
A11: CALCULATIONS | D11: Variable | E11: {=Fuel_Equations.VEERG_8_X_FuelCombustionGeneric_Variable()} -> E_g
A12: =HYPERLINK("#'5.1.1.1-2 Inorganic Fert N2O'!A1", "5.1.1.1-2 Inorganic Fert N2O") -> 5.1.1.1-2 Inorganic Fert N2O | D12: Unit | E12: {=Fuel_Equations.VEERG_8_X_FuelCombustionGeneric_Unit()} -> t CO2-e
A13: =HYPERLINK("#'5.1.1.3-4 Inorganic fert CO2'!A1", "5.1.1.3-4 Inorganic fert CO2") -> 5.1.1.3-4 Inorganic fert CO2
A14: =HYPERLINK("#'5.2.1.1-2 Organic Fert N2O'!A1", "5.2.1.1-2 Organic Fert N2O") -> 5.2.1.1-2 Organic Fert N2O | D14: {=_xlfn.CHOOSECOLS(Fuel_Equations.VEERG_8_X_FuelCombustionGeneric_Arguments(), 1,2)} -> Q_GCq | E14: Amount of fuel type q used for generic combustion operations | G14: {=_xlfn.CHOOSECOLS(Fuel_Equations.VEERG_8_X_FuelCombustionGeneric_Arguments(), 3,4)} -> Varies based on fuel type: kL, m3, GJ | H14: Input | I14: {=HYPERLINK(Common_InputFunctions.Utility_SourceHyperlink($D$22), $D$22)} -> Table_E_g
A15: =HYPERLINK("#'5.3.1.1-2 Lime CO2'!A1", "5.3.1.1-2 Lime CO2") -> 5.3.1.1-2 Lime CO2 | D15: EC_GCq | E15: Energy content factor for generic combustion operations | G15: GJ / unit of fuel | H15: Constant | I15: {=HYPERLINK(Common_InputFunctions.Utility_SourceHyperlink($D$22), $D$22)} -> Table_E_g
A16: =HYPERLINK("#'5.4.1.1-4 Atmos deposition'!A1", "5.4.1.1-4 Atmos deposition") -> 5.4.1.1-4 Atmos deposition | D16: EF_GC1qg | E16: Scope 1 emission factor for generic combustion for each greenhouse gas | G16: kg CO2e / GJ | H16: Constant | I16: {=HYPERLINK(Common_InputFunctions.Utility_SourceHyperlink($D$22), $D$22)} -> Table_E_g
A17: =HYPERLINK("#'5.5.1.1-2 Leaching and runoff'!A1", "5.5.1.1-2 Leaching and runoff") -> 5.5.1.1-2 Leaching and runoff | D17: q | E17: Fuel type | H17: Constant
D18: GC | E18: Generic combustion | H18: Constant
A19: APPENDICES | D19: g | E19: Greenhouse gas | H19: Constant
A20: =HYPERLINK("#'Constants - Fertiliser'!A1", "Constants - Fertiliser") -> Constants - Fertiliser | D20: 1 | E20: Scope 1 | H20: Constant
A21: =HYPERLINK("#'Constants - Common'!A1", "Constants - Common") -> Constants - Common
D22: Table_E_g
D23: Emissions for general use fuel combustion
D24: Fuel use | E24: Fuel type (NGAF terminology) | F24: Fuel type (q) | G24: ECSC,q | H24: EFSC,1,q,g=CO2 | I24: EFSC,1,q,g=CH4 | J24: EFSC,1,q,g=N20 | K24: QSC,q | L24: Q unit | M24: Eg=CO2 | N24: Eg=CH4 | O24: Eg=N20
D25: =Table_FuelTypesPerUse[[#Headers],[General use]] -> General use | E25: ='Constants - Fuel'!E10 & ", " & 'Constants - Fuel'!$D$58 -> Gasoline, Automotive gasoline / petrol (other than for use as fuel in an aircraft) | F25: ='Constants - Fuel'!J131 -> Petrol | G25: =AVERAGE(Common_InputFunctions.Utility_LookupValueInTableNumber(Fuel_InputFunctions.Fuel_GetStationaryFuelString($E25), Table_Fuel_EFs_StationaryLiquid[Fuel combusted], Table_Fuel_EFs_StationaryLiquid[Energy Content Factor (GJ per unit of fuel)]), Common_InputFunctions.Utility_LookupValueInTableNumber(Fuel_InputFunctions.Fuel_GetTransportFuelString($E25), Table_Fuel_EFs_Transport[Fuel combusted], Table_Fuel_EFs_Transport[Energy Content Factor (GJ per unit of fuel)])) -> 34.2 | H25: =AVERAGE(Common_InputFunctions.Utility_LookupValueInTableNumber(Fuel_InputFunctions.Fuel_GetStationaryFuelString($E25), Table_Fuel_EFs_StationaryLiquid[Fuel combusted], Table_Fuel_EFs_StationaryLiquid[Scope 1 Emission Factor (kg CO2 - e / GJ) CO2]), Common_InputFunctions.Utility_LookupValueInTableNumber(Fuel_InputFunctions.Fuel_GetTransportFuelString($E25), Table_Fuel_EFs_Transport[Fuel combusted], Table_Fuel_EFs_Transport[Scope 1 Emission Factor (kg CO2 - e / GJ) CO2])) -> 67.4 | I25: =AVERAGE(Common_InputFunctions.Utility_LookupValueInTableNumber(Fuel_InputFunctions.Fuel_GetStationaryFuelString($E25), Table_Fuel_EFs_StationaryLiquid[Fuel combusted], Table_Fuel_EFs_StationaryLiquid[Scope 1 Emission Factor (kg CO2 - e / GJ) CH4]), Common_InputFunctions.Utility_LookupValueInTableNumber(Fuel_InputFunctions.Fuel_GetTransportFuelString($E25), Table_Fuel_EFs_Transport[Fuel combusted], Table_Fuel_EFs_Transport[Scope 1 Emission Factor (kg CO2 - e / GJ) CH4])) -> 0.11 | J25: =AVERAGE(Common_InputFunctions.Utility_LookupValueInTableNumber(Fuel_InputFunctions.Fuel_GetStationaryFuelString($E25), Table_Fuel_EFs_StationaryLiquid[Fuel combusted], Table_Fuel_EFs_StationaryLiquid[Scope 1 Emission Factor (kg CO2 - e / GJ) N2O]), Common_InputFunctions.Utility_LookupValueInTableNumber(Fuel_InputFunctions.Fuel_GetTransportFuelString($E25), Table_Fuel_EFs_Transport[Fuel combusted], Table_Fuel_EFs_Transport[Scope 1 Emission Factor (kg CO2 - e / GJ) N2O])) -> 0.2 | K25: {=Fuel_InputFunctions.Fuel_TotalConsumption(Table_Input_Fuel[Amount consumed], Table_Input_Fuel[Fuel use (select)], D25, Table_Input_Fuel[Fuel type (select)],F25)} -> 0.3 | L25: {=Common_InputFunctions.Utility_LookupValueInTable(F25,Table_FuelTypes_Units[Fuel type],Table_FuelTypes_Units[Unit])} -> kL | M25: {=Fuel_Equations.VEERG_8_2_1_1__1_FuelCombustionStationary($K25,$G25,H25)} -> 0.691524 | N25: {=Fuel_Equations.VEERG_8_2_1_1__1_FuelCombustionStationary($K25,$G25,I25)} -> 0.0011286 | O25: {=Fuel_Equations.VEERG_8_2_1_1__1_FuelCombustionStationary($K25,$G25,J25)} -> 0.002052
D26: =$D$25 -> General use | E26: ='Constants - Fuel'!E11 & ", " & 'Constants - Fuel'!$D$63 -> Diesel oil, Diesel oil | F26: ='Constants - Fuel'!J132 -> Diesel | G26: =AVERAGE(Common_InputFunctions.Utility_LookupValueInTableNumber(Fuel_InputFunctions.Fuel_GetStationaryFuelString($E26), Table_Fuel_EFs_StationaryLiquid[Fuel combusted], Table_Fuel_EFs_StationaryLiquid[Energy Content Factor (GJ per unit of fuel)]), Common_InputFunctions.Utility_LookupValueInTableNumber(Fuel_InputFunctions.Fuel_GetTransportFuelString($E26), Table_Fuel_EFs_Transport[Fuel combusted], Table_Fuel_EFs_Transport[Energy Content Factor (GJ per unit of fuel)])) -> 38.6 | H26: =AVERAGE(Common_InputFunctions.Utility_LookupValueInTableNumber(Fuel_InputFunctions.Fuel_GetStationaryFuelString($E26), Table_Fuel_EFs_StationaryLiquid[Fuel combusted], Table_Fuel_EFs_StationaryLiquid[Scope 1 Emission Factor (kg CO2 - e / GJ) CO2]), Common_InputFunctions.Utility_LookupValueInTableNumber(Fuel_InputFunctions.Fuel_GetTransportFuelString($E26), Table_Fuel_EFs_Transport[Fuel combusted], Table_Fuel_EFs_Transport[Scope 1 Emission Factor (kg CO2 - e / GJ) CO2])) -> 69.9 | I26: =AVERAGE(Common_InputFunctions.Utility_LookupValueInTableNumber(Fuel_InputFunctions.Fuel_GetStationaryFuelString($E26), Table_Fuel_EFs_StationaryLiquid[Fuel combusted], Table_Fuel_EFs_StationaryLiquid[Scope 1 Emission Factor (kg CO2 - e / GJ) CH4]), Common_InputFunctions.Utility_LookupValueInTableNumber(Fuel_InputFunctions.Fuel_GetTransportFuelString($E26), Table_Fuel_EFs_Transport[Fuel combusted], Table_Fuel_EFs_Transport[Scope 1 Emission Factor (kg CO2 - e / GJ) CH4])) -> 0.055 | J26: =AVERAGE(Common_InputFunctions.Utility_LookupValueInTableNumber(Fuel_InputFunctions.Fuel_GetStationaryFuelString($E26), Table_Fuel_EFs_StationaryLiquid[Fuel combusted], Table_Fuel_EFs_StationaryLiquid[Scope 1 Emission Factor (kg CO2 - e / GJ) N2O]), Common_InputFunctions.Utility_LookupValueInTableNumber(Fuel_InputFunctions.Fuel_GetTransportFuelString($E26), Table_Fuel_EFs_Transport[Fuel combusted], Table_Fuel_EFs_Transport[Scope 1 Emission Factor (kg CO2 - e / GJ) N2O])) -> 0.35 | K26: {=Fuel_InputFunctions.Fuel_TotalConsumption(Table_Input_Fuel[Amount consumed], Table_Input_Fuel[Fuel use (select)], D26, Table_Input_Fuel[Fuel type (select)],F26)} -> 0.1 | L26: {=Common_InputFunctions.Utility_LookupValueInTable(F26,Table_FuelTypes_Units[Fuel type],Table_FuelTypes_Units[Unit])} -> kL | M26: {=Fuel_Equations.VEERG_8_2_1_1__1_FuelCombustionStationary($K26,$G26,H26)} -> 0.269814 | N26: {=Fuel_Equations.VEERG_8_2_1_1__1_FuelCombustionStationary($K26,$G26,I26)} -> 0.0002123 | O26: {=Fuel_Equations.VEERG_8_2_1_1__1_FuelCombustionStationary($K26,$G26,J26)} -> 0.001351
D27: =$D$25 -> General use | E27: ='Constants - Fuel'!E12 & ", " & 'Constants - Fuel'!$D$67 -> Liquefied petroleum gas (LPG), Liquefied petroleum gas (LPG) | F27: ='Constants - Fuel'!J133 -> Liquefied petroleum gas (LPG) | G27: =AVERAGE(Common_InputFunctions.Utility_LookupValueInTableNumber(Fuel_InputFunctions.Fuel_GetStationaryFuelString($E27), Table_Fuel_EFs_StationaryLiquid[Fuel combusted], Table_Fuel_EFs_StationaryLiquid[Energy Content Factor (GJ per unit of fuel)]), Common_InputFunctions.Utility_LookupValueInTableNumber(Fuel_InputFunctions.Fuel_GetTransportFuelString($E27), Table_Fuel_EFs_Transport[Fuel combusted], Table_Fuel_EFs_Transport[Energy Content Factor (GJ per unit of fuel)])) -> 25.95 | H27: =AVERAGE(Common_InputFunctions.Utility_LookupValueInTableNumber(Fuel_InputFunctions.Fuel_GetStationaryFuelString($E27), Table_Fuel_EFs_StationaryLiquid[Fuel combusted], Table_Fuel_EFs_StationaryLiquid[Scope 1 Emission Factor (kg CO2 - e / GJ) CO2]), Common_InputFunctions.Utility_LookupValueInTableNumber(Fuel_InputFunctions.Fuel_GetTransportFuelString($E27), Table_Fuel_EFs_Transport[Fuel combusted], Table_Fuel_EFs_Transport[Scope 1 Emission Factor (kg CO2 - e / GJ) CO2])) -> 60.2 | I27: =AVERAGE(Common_InputFunctions.Utility_LookupValueInTableNumber(Fuel_InputFunctions.Fuel_GetStationaryFuelString($E27), Table_Fuel_EFs_StationaryLiquid[Fuel combusted], Table_Fuel_EFs_StationaryLiquid[Scope 1 Emission Factor (kg CO2 - e / GJ) CH4]), Common_InputFunctions.Utility_LookupValueInTableNumber(Fuel_InputFunctions.Fuel_GetTransportFuelString($E27), Table_Fuel_EFs_Transport[Fuel combusted], Table_Fuel_EFs_Transport[Scope 1 Emission Factor (kg CO2 - e / GJ) CH4])) -> 0.35 | J27: =AVERAGE(Common_InputFunctions.Utility_LookupValueInTableNumber(Fuel_InputFunctions.Fuel_GetStationaryFuelString($E27), Table_Fuel_EFs_StationaryLiquid[Fuel combusted], Table_Fuel_EFs_StationaryLiquid[Scope 1 Emission Factor (kg CO2 - e / GJ) N2O]), Common_InputFunctions.Utility_LookupValueInTableNumber(Fuel_InputFunctions.Fuel_GetTransportFuelString($E27), Table_Fuel_EFs_Transport[Fuel combusted], Table_Fuel_EFs_Transport[Scope 1 Emission Factor (kg CO2 - e / GJ) N2O])) -> 0.25 | K27: {=Fuel_InputFunctions.Fuel_TotalConsumption(Table_Input_Fuel[Amount consumed], Table_Input_Fuel[Fuel use (select)], D27, Table_Input_Fuel[Fuel type (select)],F27)} -> 0.1 | L27: {=Common_InputFunctions.Utility_LookupValueInTable(F27,Table_FuelTypes_Units[Fuel type],Table_FuelTypes_Units[Unit])} -> kL | M27: {=Fuel_Equations.VEERG_8_2_1_1__1_FuelCombustionStationary($K27,$G27,H27)} -> 0.156219 | N27: {=Fuel_Equations.VEERG_8_2_1_1__1_FuelCombustionStationary($K27,$G27,I27)} -> 0.00090825 | O27: {=Fuel_Equations.VEERG_8_2_1_1__1_FuelCombustionStationary($K27,$G27,J27)} -> 0.00064875
D28: =$D$25 -> General use | E28: ='Constants - Fuel'!E15 & ", " & 'Constants - Fuel'!$D$73 -> Biodiesel, Biodiesel | F28: ='Constants - Fuel'!J134 -> Biodiesel | G28: =AVERAGE(Common_InputFunctions.Utility_LookupValueInTableNumber(Fuel_InputFunctions.Fuel_GetStationaryFuelString($E28), Table_Fuel_EFs_StationaryLiquid[Fuel combusted], Table_Fuel_EFs_StationaryLiquid[Energy Content Factor (GJ per unit of fuel)]), Common_InputFunctions.Utility_LookupValueInTableNumber(Fuel_InputFunctions.Fuel_GetTransportFuelString($E28), Table_Fuel_EFs_Transport[Fuel combusted], Table_Fuel_EFs_Transport[Energy Content Factor (GJ per unit of fuel)])) -> 34.6 | H28: =AVERAGE(Common_InputFunctions.Utility_LookupValueInTableNumber(Fuel_InputFunctions.Fuel_GetStationaryFuelString($E28), Table_Fuel_EFs_StationaryLiquid[Fuel combusted], Table_Fuel_EFs_StationaryLiquid[Scope 1 Emission Factor (kg CO2 - e / GJ) CO2]), Common_InputFunctions.Utility_LookupValueInTableNumber(Fuel_InputFunctions.Fuel_GetTransportFuelString($E28), Table_Fuel_EFs_Transport[Fuel combusted], Table_Fuel_EFs_Transport[Scope 1 Emission Factor (kg CO2 - e / GJ) CO2])) -> 0 | I28: =AVERAGE(Common_InputFunctions.Utility_LookupValueInTableNumber(Fuel_InputFunctions.Fuel_GetStationaryFuelString($E28), Table_Fuel_EFs_StationaryLiquid[Fuel combusted], Table_Fuel_EFs_StationaryLiquid[Scope 1 Emission Factor (kg CO2 - e / GJ) CH4]), Common_InputFunctions.Utility_LookupValueInTableNumber(Fuel_InputFunctions.Fuel_GetTransportFuelString($E28), Table_Fuel_EFs_Transport[Fuel combusted], Table_Fuel_EFs_Transport[Scope 1 Emission Factor (kg CO2 - e / GJ) CH4])) -> 0.44 | J28: =AVERAGE(Common_InputFunctions.Utility_LookupValueInTableNumber(Fuel_InputFunctions.Fuel_GetStationaryFuelString($E28), Table_Fuel_EFs_StationaryLiquid[Fuel combusted], Table_Fuel_EFs_StationaryLiquid[Scope 1 Emission Factor (kg CO2 - e / GJ) N2O]), Common_InputFunctions.Utility_LookupValueInTableNumber(Fuel_InputFunctions.Fuel_GetTransportFuelString($E28), Table_Fuel_EFs_Transport[Fuel combusted], Table_Fuel_EFs_Transport[Scope 1 Emission Factor (kg CO2 - e / GJ) N2O])) -> 0.95 | K28: {=Fuel_InputFunctions.Fuel_TotalConsumption(Table_Input_Fuel[Amount consumed], Table_Input_Fuel[Fuel use (select)], D28, Table_Input_Fuel[Fuel type (select)],F28)} -> 0.2 | L28: {=Common_InputFunctions.Utility_LookupValueInTable(F28,Table_FuelTypes_Units[Fuel type],Table_FuelTypes_Units[Unit])} -> kL | M28: {=Fuel_Equations.VEERG_8_2_1_1__1_FuelCombustionStationary($K28,$G28,H28)} -> 0 | N28: {=Fuel_Equations.VEERG_8_2_1_1__1_FuelCombustionStationary($K28,$G28,I28)} -> 0.0030448 | O28: {=Fuel_Equations.VEERG_8_2_1_1__1_FuelCombustionStationary($K28,$G28,J28)} -> 0.006574
D29: =$D$25 -> General use | E29: ='Constants - Fuel'!E14 & ", " & 'Constants - Fuel'!$D$74 -> Ethanol, Ethanol for use as a fuel in an internal combustion engine | F29: ='Constants - Fuel'!J135 -> Ethanol | G29: =AVERAGE(Common_InputFunctions.Utility_LookupValueInTableNumber(Fuel_InputFunctions.Fuel_GetStationaryFuelString($E29), Table_Fuel_EFs_StationaryLiquid[Fuel combusted], Table_Fuel_EFs_StationaryLiquid[Energy Content Factor (GJ per unit of fuel)]), Common_InputFunctions.Utility_LookupValueInTableNumber(Fuel_InputFunctions.Fuel_GetTransportFuelString($E29), Table_Fuel_EFs_Transport[Fuel combusted], Table_Fuel_EFs_Transport[Energy Content Factor (GJ per unit of fuel)])) -> 23.4 | H29: =AVERAGE(Common_InputFunctions.Utility_LookupValueInTableNumber(Fuel_InputFunctions.Fuel_GetStationaryFuelString($E29), Table_Fuel_EFs_StationaryLiquid[Fuel combusted], Table_Fuel_EFs_StationaryLiquid[Scope 1 Emission Factor (kg CO2 - e / GJ) CO2]), Common_InputFunctions.Utility_LookupValueInTableNumber(Fuel_InputFunctions.Fuel_GetTransportFuelString($E29), Table_Fuel_EFs_Transport[Fuel combusted], Table_Fuel_EFs_Transport[Scope 1 Emission Factor (kg CO2 - e / GJ) CO2])) -> 0 | I29: =AVERAGE(Common_InputFunctions.Utility_LookupValueInTableNumber(Fuel_InputFunctions.Fuel_GetStationaryFuelString($E29), Table_Fuel_EFs_StationaryLiquid[Fuel combusted], Table_Fuel_EFs_StationaryLiquid[Scope 1 Emission Factor (kg CO2 - e / GJ) CH4]), Common_InputFunctions.Utility_LookupValueInTableNumber(Fuel_InputFunctions.Fuel_GetTransportFuelString($E29), Table_Fuel_EFs_Transport[Fuel combusted], Table_Fuel_EFs_Transport[Scope 1 Emission Factor (kg CO2 - e / GJ) CH4])) -> 0.14 | J29: =AVERAGE(Common_InputFunctions.Utility_LookupValueInTableNumber(Fuel_InputFunctions.Fuel_GetStationaryFuelString($E29), Table_Fuel_EFs_StationaryLiquid[Fuel combusted], Table_Fuel_EFs_StationaryLiquid[Scope 1 Emission Factor (kg CO2 - e / GJ) N2O]), Common_InputFunctions.Utility_LookupValueInTableNumber(Fuel_InputFunctions.Fuel_GetTransportFuelString($E29), Table_Fuel_EFs_Transport[Fuel combusted], Table_Fuel_EFs_Transport[Scope 1 Emission Factor (kg CO2 - e / GJ) N2O])) -> 0.2 | K29: {=Fuel_InputFunctions.Fuel_TotalConsumption(Table_Input_Fuel[Amount consumed], Table_Input_Fuel[Fuel use (select)], D29, Table_Input_Fuel[Fuel type (select)],F29)} -> 0.1 | L29: {=Common_InputFunctions.Utility_LookupValueInTable(F29,Table_FuelTypes_Units[Fuel type],Table_FuelTypes_Units[Unit])} -> kL | M29: {=Fuel_Equations.VEERG_8_2_1_1__1_FuelCombustionStationary($K29,$G29,H29)} -> 0 | N29: {=Fuel_Equations.VEERG_8_2_1_1__1_FuelCombustionStationary($K29,$G29,I29)} -> 0.0003276 | O29: {=Fuel_Equations.VEERG_8_2_1_1__1_FuelCombustionStationary($K29,$G29,J29)} -> 0.000468
D30: =$D$25 -> General use | E30: ='Constants - Fuel'!E17 & ", " & 'Constants - Fuel'!$D$75 -> Other biofuels, Biofuels other than those mentioned in the items above and below | F30: ='Constants - Fuel'!J136 -> Other biofuels | G30: =AVERAGE(Common_InputFunctions.Utility_LookupValueInTableNumber(Fuel_InputFunctions.Fuel_GetStationaryFuelString($E30), Table_Fuel_EFs_StationaryLiquid[Fuel combusted], Table_Fuel_EFs_StationaryLiquid[Energy Content Factor (GJ per unit of fuel)]), Common_InputFunctions.Utility_LookupValueInTableNumber(Fuel_InputFunctions.Fuel_GetTransportFuelString($E30), Table_Fuel_EFs_Transport[Fuel combusted], Table_Fuel_EFs_Transport[Energy Content Factor (GJ per unit of fuel)])) -> 23.4 | H30: =AVERAGE(Common_InputFunctions.Utility_LookupValueInTableNumber(Fuel_InputFunctions.Fuel_GetStationaryFuelString($E30), Table_Fuel_EFs_StationaryLiquid[Fuel combusted], Table_Fuel_EFs_StationaryLiquid[Scope 1 Emission Factor (kg CO2 - e / GJ) CO2]), Common_InputFunctions.Utility_LookupValueInTableNumber(Fuel_InputFunctions.Fuel_GetTransportFuelString($E30), Table_Fuel_EFs_Transport[Fuel combusted], Table_Fuel_EFs_Transport[Scope 1 Emission Factor (kg CO2 - e / GJ) CO2])) -> 0 | I30: =AVERAGE(Common_InputFunctions.Utility_LookupValueInTableNumber(Fuel_InputFunctions.Fuel_GetStationaryFuelString($E30), Table_Fuel_EFs_StationaryLiquid[Fuel combusted], Table_Fuel_EFs_StationaryLiquid[Scope 1 Emission Factor (kg CO2 - e / GJ) CH4]), Common_InputFunctions.Utility_LookupValueInTableNumber(Fuel_InputFunctions.Fuel_GetTransportFuelString($E30), Table_Fuel_EFs_Transport[Fuel combusted], Table_Fuel_EFs_Transport[Scope 1 Emission Factor (kg CO2 - e / GJ) CH4])) -> 0.44 | J30: =AVERAGE(Common_InputFunctions.Utility_LookupValueInTableNumber(Fuel_InputFunctions.Fuel_GetStationaryFuelString($E30), Table_Fuel_EFs_StationaryLiquid[Fuel combusted], Table_Fuel_EFs_StationaryLiquid[Scope 1 Emission Factor (kg CO2 - e / GJ) N2O]), Common_InputFunctions.Utility_LookupValueInTableNumber(Fuel_InputFunctions.Fuel_GetTransportFuelString($E30), Table_Fuel_EFs_Transport[Fuel combusted], Table_Fuel_EFs_Transport[Scope 1 Emission Factor (kg CO2 - e / GJ) N2O])) -> 0.95 | K30: {=Fuel_InputFunctions.Fuel_TotalConsumption(Table_Input_Fuel[Amount consumed], Table_Input_Fuel[Fuel use (select)], D30, Table_Input_Fuel[Fuel type (select)],F30)} -> 0.1 | L30: {=Common_InputFunctions.Utility_LookupValueInTable(F30,Table_FuelTypes_Units[Fuel type],Table_FuelTypes_Units[Unit])} -> kL | M30: {=Fuel_Equations.VEERG_8_2_1_1__1_FuelCombustionStationary($K30,$G30,H30)} -> 0 | N30: {=Fuel_Equations.VEERG_8_2_1_1__1_FuelCombustionStationary($K30,$G30,I30)} -> 0.0010296 | O30: {=Fuel_Equations.VEERG_8_2_1_1__1_FuelCombustionStationary($K30,$G30,J30)} -> 0.002223
D31: =$D$25 -> General use | E31: ='Constants - Fuel'!E16 & ", " & 'Constants - Fuel'!$D$77 -> Renewable diesel, Renewable diesel | F31: ='Constants - Fuel'!J137 -> Renewable diesel | G31: =AVERAGE(Common_InputFunctions.Utility_LookupValueInTableNumber(Fuel_InputFunctions.Fuel_GetStationaryFuelString($E31), Table_Fuel_EFs_StationaryLiquid[Fuel combusted], Table_Fuel_EFs_StationaryLiquid[Energy Content Factor (GJ per unit of fuel)]), Common_InputFunctions.Utility_LookupValueInTableNumber(Fuel_InputFunctions.Fuel_GetTransportFuelString($E31), Table_Fuel_EFs_Transport[Fuel combusted], Table_Fuel_EFs_Transport[Energy Content Factor (GJ per unit of fuel)])) -> 38.6 | H31: =AVERAGE(Common_InputFunctions.Utility_LookupValueInTableNumber(Fuel_InputFunctions.Fuel_GetStationaryFuelString($E31), Table_Fuel_EFs_StationaryLiquid[Fuel combusted], Table_Fuel_EFs_StationaryLiquid[Scope 1 Emission Factor (kg CO2 - e / GJ) CO2]), Common_InputFunctions.Utility_LookupValueInTableNumber(Fuel_InputFunctions.Fuel_GetTransportFuelString($E31), Table_Fuel_EFs_Transport[Fuel combusted], Table_Fuel_EFs_Transport[Scope 1 Emission Factor (kg CO2 - e / GJ) CO2])) -> 0 | I31: =AVERAGE(Common_InputFunctions.Utility_LookupValueInTableNumber(Fuel_InputFunctions.Fuel_GetStationaryFuelString($E31), Table_Fuel_EFs_StationaryLiquid[Fuel combusted], Table_Fuel_EFs_StationaryLiquid[Scope 1 Emission Factor (kg CO2 - e / GJ) CH4]), Common_InputFunctions.Utility_LookupValueInTableNumber(Fuel_InputFunctions.Fuel_GetTransportFuelString($E31), Table_Fuel_EFs_Transport[Fuel combusted], Table_Fuel_EFs_Transport[Scope 1 Emission Factor (kg CO2 - e / GJ) CH4])) -> 0.055 | J31: =AVERAGE(Common_InputFunctions.Utility_LookupValueInTableNumber(Fuel_InputFunctions.Fuel_GetStationaryFuelString($E31), Table_Fuel_EFs_StationaryLiquid[Fuel combusted], Table_Fuel_EFs_StationaryLiquid[Scope 1 Emission Factor (kg CO2 - e / GJ) N2O]), Common_InputFunctions.Utility_LookupValueInTableNumber(Fuel_InputFunctions.Fuel_GetTransportFuelString($E31), Table_Fuel_EFs_Transport[Fuel combusted], Table_Fuel_EFs_Transport[Scope 1 Emission Factor (kg CO2 - e / GJ) N2O])) -> 0.35 | K31: {=Fuel_InputFunctions.Fuel_TotalConsumption(Table_Input_Fuel[Amount consumed], Table_Input_Fuel[Fuel use (select)], D31, Table_Input_Fuel[Fuel type (select)],F31)} -> 0.1 | L31: {=Common_InputFunctions.Utility_LookupValueInTable(F31,Table_FuelTypes_Units[Fuel type],Table_FuelTypes_Units[Unit])} -> kL | M31: {=Fuel_Equations.VEERG_8_2_1_1__1_FuelCombustionStationary($K31,$G31,H31)} -> 0 | N31: {=Fuel_Equations.VEERG_8_2_1_1__1_FuelCombustionStationary($K31,$G31,I31)} -> 0.0002123 | O31: {=Fuel_Equations.VEERG_8_2_1_1__1_FuelCombustionStationary($K31,$G31,J31)} -> 0.001351
D32: =$D$25 -> General use | E32: ='Constants - Fuel'!$D$103 -> Natural gas distributed in a pipeline - Gigajoules | F32: ='Constants - Fuel'!J138 -> Natural gas (via pipeline) in GJ | G32: =IFERROR(_xlfn.XLOOKUP($E32, Table_Fuel_EFs_StationaryGaseous[Fuel combusted], Table_Fuel_EFs_StationaryGaseous[Energy Content Factor (GJ per unit of fuel)]),0) -> 1 | H32: =IFERROR(_xlfn.XLOOKUP($E32, Table_Fuel_EFs_StationaryGaseous[Fuel combusted], Table_Fuel_EFs_StationaryGaseous[Scope 1 Emission Factor (kg CO2 - e / GJ) CO2]),0) -> 51.4 | I32: =IFERROR(_xlfn.XLOOKUP($E32, Table_Fuel_EFs_StationaryGaseous[Fuel combusted], Table_Fuel_EFs_StationaryGaseous[Scope 1 Emission Factor (kg CO2 - e / GJ) CH4]),0) -> 0.1 | J32: =IFERROR(_xlfn.XLOOKUP($E32, Table_Fuel_EFs_StationaryGaseous[Fuel combusted], Table_Fuel_EFs_StationaryGaseous[Scope 1 Emission Factor (kg CO2 - e / GJ) N2O]),0) -> 0.03 | K32: {=Fuel_InputFunctions.Fuel_TotalConsumption(Table_Input_Fuel[Amount consumed], Table_Input_Fuel[Fuel use (select)], D32, Table_Input_Fuel[Fuel type (select)],F32)} -> 0.1 | L32: {=Common_InputFunctions.Utility_LookupValueInTable(F32,Table_FuelTypes_Units[Fuel type],Table_FuelTypes_Units[Unit])} -> GJ | M32: {=Fuel_Equations.VEERG_8_2_1_1__1_FuelCombustionStationary($K32,$G32,H32)} -> 0.00514 | N32: {=Fuel_Equations.VEERG_8_2_1_1__1_FuelCombustionStationary($K32,$G32,I32)} -> 1e-05 | O32: {=Fuel_Equations.VEERG_8_2_1_1__1_FuelCombustionStationary($K32,$G32,J32)} -> 3e-06
D33: =$D$25 -> General use | E33: ='Constants - Fuel'!$D$104 -> Town gas - Gigajoules | F33: ='Constants - Fuel'!J139 -> Town gas in GJ | G33: =IFERROR(_xlfn.XLOOKUP($E33, Table_Fuel_EFs_StationaryGaseous[Fuel combusted], Table_Fuel_EFs_StationaryGaseous[Energy Content Factor (GJ per unit of fuel)]),0) -> 1 | H33: =IFERROR(_xlfn.XLOOKUP($E33, Table_Fuel_EFs_StationaryGaseous[Fuel combusted], Table_Fuel_EFs_StationaryGaseous[Scope 1 Emission Factor (kg CO2 - e / GJ) CO2]),0) -> 60.2 | I33: =IFERROR(_xlfn.XLOOKUP($E33, Table_Fuel_EFs_StationaryGaseous[Fuel combusted], Table_Fuel_EFs_StationaryGaseous[Scope 1 Emission Factor (kg CO2 - e / GJ) CH4]),0) -> 0.04 | J33: =IFERROR(_xlfn.XLOOKUP($E33, Table_Fuel_EFs_StationaryGaseous[Fuel combusted], Table_Fuel_EFs_StationaryGaseous[Scope 1 Emission Factor (kg CO2 - e / GJ) N2O]),0) -> 0.03 | K33: {=Fuel_InputFunctions.Fuel_TotalConsumption(Table_Input_Fuel[Amount consumed], Table_Input_Fuel[Fuel use (select)], D33, Table_Input_Fuel[Fuel type (select)],F33)} -> 0.1 | L33: {=Common_InputFunctions.Utility_LookupValueInTable(F33,Table_FuelTypes_Units[Fuel type],Table_FuelTypes_Units[Unit])} -> GJ | M33: {=Fuel_Equations.VEERG_8_2_1_1__1_FuelCombustionStationary($K33,$G33,H33)} -> 0.00602 | N33: {=Fuel_Equations.VEERG_8_2_1_1__1_FuelCombustionStationary($K33,$G33,I33)} -> 4e-06 | O33: {=Fuel_Equations.VEERG_8_2_1_1__1_FuelCombustionStationary($K33,$G33,J33)} -> 3e-06
D34: =$D$32 -> General use
D35: ="Total scope 1 - " & D25 -> Total scope 1 - General use
D36: CO2 | E36: =SUM(M25:M33) -> 1.128717 | F36: =$E$12 -> t CO2-e
D37: CH4 | E37: =SUM(N25:N33) -> 0.00687745 | F37: =$E$12 -> t CO2-e
A38: =HYPERLINK("#A1", "▲ Back to top") -> ▲ Back to top | D38: N2O | E38: =SUM(O25:O33) -> 0.01467375 | F38: =$E$12 -> t CO2-e
A76: =HYPERLINK("#A1", "▲ Back to top") -> ▲ Back to top

Sheet Constants - Fuel
A1: #VALUE! | C1: Constants - Fuel
A3: =HYPERLINK("#'Home'!A1", "Home") -> Home
A4: =HYPERLINK("#'Overview'!A1", "Overview") -> Overview
A5: =HYPERLINK("#'Results'!A1", "Results") -> Results | D5: {=Fuel_SourceData.Fuel_Scope1Scope3EmissionFactorsTransport_Title()} -> Fuel scope 1 and 3 emission factors - Transport
D6: {=Fuel_SourceData.Fuel_Scope1Scope3EmissionFactorsTransport_Description()} -> Direct (scope 1) and indirect (scope 3) emission factors for the consumption of transport fuels in different transport equipment
A7: INPUTS | D7: {=Fuel_SourceData.Fuel_Scope1Scope3EmissionFactorsTransport_Source()} -> Australian National Greenhouse Accounts Factors 2025 - Table 9
A8: =HYPERLINK("#'Input - Site'!A1", "Site") -> Site | D8: {="⚠️" & Fuel_SourceData.Fuel_Scope1Scope3EmissionFactorsTransport_Variation()} -> ⚠️VARIATION OF SOURCE DATA: 'NE' values returned as zero for calculations.
A9: =HYPERLINK("#'Input - Fertiliser'!A1", "Fertiliser") -> Fertiliser | D9: Transport type | E9: Fuel combusted | F9: Energy Content Factor (GJ per unit of fuel) | G9: Fuel unit | H9: Scope 1 Emission Factor (kg CO2 - e / GJ) CO2 | I9: Scope 1 Emission Factor (kg CO2 - e / GJ) CH4 | J9: Scope 1 Emission Factor (kg CO2 - e / GJ) N2O | K9: Scope 1 Emission Factor (kg CO2 - e / GJ) Combined gases | L9: Scope 3 Emission Factor (kg CO2 - e / GJ)
D10: {=Common_InputFunctions.Utility_DisplayArrayInTable(Fuel_SourceData.Fuel_Scope1Scope3EmissionFactorsTransport_Data(), Table_Fuel_EFs_Transport[[#Headers],[Transport type]], 0)} -> Cars and light commercial vehicles | E10: {=Common_InputFunctions.Utility_DisplayArrayInTable(Fuel_SourceData.Fuel_Scope1Scope3EmissionFactorsTransport_Data(), Table_Fuel_EFs_Transport[[#Headers],[Transport type]], 0)} -> Gasoline | F10: {=Common_InputFunctions.Utility_DisplayArrayInTable(Fuel_SourceData.Fuel_Scope1Scope3EmissionFactorsTransport_Data(), Table_Fuel_EFs_Transport[[#Headers],[Transport type]], 0)} -> 34.2 | G10: {=Common_InputFunctions.Utility_DisplayArrayInTable(Fuel_SourceData.Fuel_Scope1Scope3EmissionFactorsTransport_Data(), Table_Fuel_EFs_Transport[[#Headers],[Transport type]], 0)} -> kl | H10: {=Common_InputFunctions.Utility_DisplayArrayInTable(Fuel_SourceData.Fuel_Scope1Scope3EmissionFactorsTransport_Data(), Table_Fuel_EFs_Transport[[#Headers],[Transport type]], 0)} -> 67.4 | I10: {=Common_InputFunctions.Utility_DisplayArrayInTable(Fuel_SourceData.Fuel_Scope1Scope3EmissionFactorsTransport_Data(), Table_Fuel_EFs_Transport[[#Headers],[Transport type]], 0)} -> 0.02 | J10: {=Common_InputFunctions.Utility_DisplayArrayInTable(Fuel_SourceData.Fuel_Scope1Scope3EmissionFactorsTransport_Data(), Table_Fuel_EFs_Transport[[#Headers],[Transport type]], 0)} -> 0.2 | K10: {=Common_InputFunctions.Utility_DisplayArrayInTable(Fuel_SourceData.Fuel_Scope1Scope3EmissionFactorsTransport_Data(), Table_Fuel_EFs_Transport[[#Headers],[Transport type]], 0)} -> 67.62 | L10: {=Common_InputFunctions.Utility_DisplayArrayInTable(Fuel_SourceData.Fuel_Scope1Scope3EmissionFactorsTransport_Data(), Table_Fuel_EFs_Transport[[#Headers],[Transport type]], 0)} -> 17.2
A11: CALCULATIONS | D11: {=Common_InputFunctions.Utility_DisplayArrayInTable(Fuel_SourceData.Fuel_Scope1Scope3EmissionFactorsTransport_Data(), Table_Fuel_EFs_Transport[[#Headers],[Transport type]], 0)} -> Cars and light commercial vehicles | E11: {=Common_InputFunctions.Utility_DisplayArrayInTable(Fuel_SourceData.Fuel_Scope1Scope3EmissionFactorsTransport_Data(), Table_Fuel_EFs_Transport[[#Headers],[Transport type]], 0)} -> Diesel oil | F11: {=Common_InputFunctions.Utility_DisplayArrayInTable(Fuel_SourceData.Fuel_Scope1Scope3EmissionFactorsTransport_Data(), Table_Fuel_EFs_Transport[[#Headers],[Transport type]], 0)} -> 38.6 | G11: {=Common_InputFunctions.Utility_DisplayArrayInTable(Fuel_SourceData.Fuel_Scope1Scope3EmissionFactorsTransport_Data(), Table_Fuel_EFs_Transport[[#Headers],[Transport type]], 0)} -> kl | H11: {=Common_InputFunctions.Utility_DisplayArrayInTable(Fuel_SourceData.Fuel_Scope1Scope3EmissionFactorsTransport_Data(), Table_Fuel_EFs_Transport[[#Headers],[Transport type]], 0)} -> 69.9 | I11: {=Common_InputFunctions.Utility_DisplayArrayInTable(Fuel_SourceData.Fuel_Scope1Scope3EmissionFactorsTransport_Data(), Table_Fuel_EFs_Transport[[#Headers],[Transport type]], 0)} -> 0.01 | J11: {=Common_InputFunctions.Utility_DisplayArrayInTable(Fuel_SourceData.Fuel_Scope1Scope3EmissionFactorsTransport_Data(), Table_Fuel_EFs_Transport[[#Headers],[Transport type]], 0)} -> 0.5 | K11: {=Common_InputFunctions.Utility_DisplayArrayInTable(Fuel_SourceData.Fuel_Scope1Scope3EmissionFactorsTransport_Data(), Table_Fuel_EFs_Transport[[#Headers],[Transport type]], 0)} -> 70.41 | L11: {=Common_InputFunctions.Utility_DisplayArrayInTable(Fuel_SourceData.Fuel_Scope1Scope3EmissionFactorsTransport_Data(), Table_Fuel_EFs_Transport[[#Headers],[Transport type]], 0)} -> 17.3
A12: =HYPERLINK("#'5.1.1.1-2 Inorganic Fert N2O'!A1", "5.1.1.1-2 Inorganic Fert N2O") -> 5.1.1.1-2 Inorganic Fert N2O | D12: {=Common_InputFunctions.Utility_DisplayArrayInTable(Fuel_SourceData.Fuel_Scope1Scope3EmissionFactorsTransport_Data(), Table_Fuel_EFs_Transport[[#Headers],[Transport type]], 0)} -> Cars and light commercial vehicles | E12: {=Common_InputFunctions.Utility_DisplayArrayInTable(Fuel_SourceData.Fuel_Scope1Scope3EmissionFactorsTransport_Data(), Table_Fuel_EFs_Transport[[#Headers],[Transport type]], 0)} -> Liquefied petroleum gas (LPG) | F12: {=Common_InputFunctions.Utility_DisplayArrayInTable(Fuel_SourceData.Fuel_Scope1Scope3EmissionFactorsTransport_Data(), Table_Fuel_EFs_Transport[[#Headers],[Transport type]], 0)} -> 26.2 | G12: {=Common_InputFunctions.Utility_DisplayArrayInTable(Fuel_SourceData.Fuel_Scope1Scope3EmissionFactorsTransport_Data(), Table_Fuel_EFs_Transport[[#Headers],[Transport type]], 0)} -> kl | H12: {=Common_InputFunctions.Utility_DisplayArrayInTable(Fuel_SourceData.Fuel_Scope1Scope3EmissionFactorsTransport_Data(), Table_Fuel_EFs_Transport[[#Headers],[Transport type]], 0)} -> 60.2 | I12: {=Common_InputFunctions.Utility_DisplayArrayInTable(Fuel_SourceData.Fuel_Scope1Scope3EmissionFactorsTransport_Data(), Table_Fuel_EFs_Transport[[#Headers],[Transport type]], 0)} -> 0.5 | J12: {=Common_InputFunctions.Utility_DisplayArrayInTable(Fuel_SourceData.Fuel_Scope1Scope3EmissionFactorsTransport_Data(), Table_Fuel_EFs_Transport[[#Headers],[Transport type]], 0)} -> 0.3 | K12: {=Common_InputFunctions.Utility_DisplayArrayInTable(Fuel_SourceData.Fuel_Scope1Scope3EmissionFactorsTransport_Data(), Table_Fuel_EFs_Transport[[#Headers],[Transport type]], 0)} -> 61 | L12: {=Common_InputFunctions.Utility_DisplayArrayInTable(Fuel_SourceData.Fuel_Scope1Scope3EmissionFactorsTransport_Data(), Table_Fuel_EFs_Transport[[#Headers],[Transport type]], 0)} -> 20.2
A13: =HYPERLINK("#'5.1.1.3-4 Inorganic fert CO2'!A1", "5.1.1.3-4 Inorganic fert CO2") -> 5.1.1.3-4 Inorganic fert CO2 | D13: {=Common_InputFunctions.Utility_DisplayArrayInTable(Fuel_SourceData.Fuel_Scope1Scope3EmissionFactorsTransport_Data(), Table_Fuel_EFs_Transport[[#Headers],[Transport type]], 0)} -> Cars and light commercial vehicles | E13: {=Common_InputFunctions.Utility_DisplayArrayInTable(Fuel_SourceData.Fuel_Scope1Scope3EmissionFactorsTransport_Data(), Table_Fuel_EFs_Transport[[#Headers],[Transport type]], 0)} -> Fuel oil | F13: {=Common_InputFunctions.Utility_DisplayArrayInTable(Fuel_SourceData.Fuel_Scope1Scope3EmissionFactorsTransport_Data(), Table_Fuel_EFs_Transport[[#Headers],[Transport type]], 0)} -> 39.7 | G13: {=Common_InputFunctions.Utility_DisplayArrayInTable(Fuel_SourceData.Fuel_Scope1Scope3EmissionFactorsTransport_Data(), Table_Fuel_EFs_Transport[[#Headers],[Transport type]], 0)} -> kl | H13: {=Common_InputFunctions.Utility_DisplayArrayInTable(Fuel_SourceData.Fuel_Scope1Scope3EmissionFactorsTransport_Data(), Table_Fuel_EFs_Transport[[#Headers],[Transport type]], 0)} -> 73.6 | I13: {=Common_InputFunctions.Utility_DisplayArrayInTable(Fuel_SourceData.Fuel_Scope1Scope3EmissionFactorsTransport_Data(), Table_Fuel_EFs_Transport[[#Headers],[Transport type]], 0)} -> 0.08 | J13: {=Common_InputFunctions.Utility_DisplayArrayInTable(Fuel_SourceData.Fuel_Scope1Scope3EmissionFactorsTransport_Data(), Table_Fuel_EFs_Transport[[#Headers],[Transport type]], 0)} -> 0.5 | K13: {=Common_InputFunctions.Utility_DisplayArrayInTable(Fuel_SourceData.Fuel_Scope1Scope3EmissionFactorsTransport_Data(), Table_Fuel_EFs_Transport[[#Headers],[Transport type]], 0)} -> 74.18 | L13: {=Common_InputFunctions.Utility_DisplayArrayInTable(Fuel_SourceData.Fuel_Scope1Scope3EmissionFactorsTransport_Data(), Table_Fuel_EFs_Transport[[#Headers],[Transport type]], 0)} -> 18
A14: =HYPERLINK("#'5.2.1.1-2 Organic Fert N2O'!A1", "5.2.1.1-2 Organic Fert N2O") -> 5.2.1.1-2 Organic Fert N2O | D14: {=Common_InputFunctions.Utility_DisplayArrayInTable(Fuel_SourceData.Fuel_Scope1Scope3EmissionFactorsTransport_Data(), Table_Fuel_EFs_Transport[[#Headers],[Transport type]], 0)} -> Cars and light commercial vehicles | E14: {=Common_InputFunctions.Utility_DisplayArrayInTable(Fuel_SourceData.Fuel_Scope1Scope3EmissionFactorsTransport_Data(), Table_Fuel_EFs_Transport[[#Headers],[Transport type]], 0)} -> Ethanol | F14: {=Common_InputFunctions.Utility_DisplayArrayInTable(Fuel_SourceData.Fuel_Scope1Scope3EmissionFactorsTransport_Data(), Table_Fuel_EFs_Transport[[#Headers],[Transport type]], 0)} -> 23.4 | G14: {=Common_InputFunctions.Utility_DisplayArrayInTable(Fuel_SourceData.Fuel_Scope1Scope3EmissionFactorsTransport_Data(), Table_Fuel_EFs_Transport[[#Headers],[Transport type]], 0)} -> kl | H14: {=Common_InputFunctions.Utility_DisplayArrayInTable(Fuel_SourceData.Fuel_Scope1Scope3EmissionFactorsTransport_Data(), Table_Fuel_EFs_Transport[[#Headers],[Transport type]], 0)} -> 0 | I14: {=Common_InputFunctions.Utility_DisplayArrayInTable(Fuel_SourceData.Fuel_Scope1Scope3EmissionFactorsTransport_Data(), Table_Fuel_EFs_Transport[[#Headers],[Transport type]], 0)} -> 0.2 | J14: {=Common_InputFunctions.Utility_DisplayArrayInTable(Fuel_SourceData.Fuel_Scope1Scope3EmissionFactorsTransport_Data(), Table_Fuel_EFs_Transport[[#Headers],[Transport type]], 0)} -> 0.2 | K14: {=Common_InputFunctions.Utility_DisplayArrayInTable(Fuel_SourceData.Fuel_Scope1Scope3EmissionFactorsTransport_Data(), Table_Fuel_EFs_Transport[[#Headers],[Transport type]], 0)} -> 0.4 | L14: {=Common_InputFunctions.Utility_DisplayArrayInTable(Fuel_SourceData.Fuel_Scope1Scope3EmissionFactorsTransport_Data(), Table_Fuel_EFs_Transport[[#Headers],[Transport type]], 0)} -> NE
A15: =HYPERLINK("#'5.3.1.1-2 Lime CO2'!A1", "5.3.1.1-2 Lime CO2") -> 5.3.1.1-2 Lime CO2 | D15: {=Common_InputFunctions.Utility_DisplayArrayInTable(Fuel_SourceData.Fuel_Scope1Scope3EmissionFactorsTransport_Data(), Table_Fuel_EFs_Transport[[#Headers],[Transport type]], 0)} -> Cars and light commercial vehicles | E15: {=Common_InputFunctions.Utility_DisplayArrayInTable(Fuel_SourceData.Fuel_Scope1Scope3EmissionFactorsTransport_Data(), Table_Fuel_EFs_Transport[[#Headers],[Transport type]], 0)} -> Biodiesel | F15: {=Common_InputFunctions.Utility_DisplayArrayInTable(Fuel_SourceData.Fuel_Scope1Scope3EmissionFactorsTransport_Data(), Table_Fuel_EFs_Transport[[#Headers],[Transport type]], 0)} -> 34.6 | G15: {=Common_InputFunctions.Utility_DisplayArrayInTable(Fuel_SourceData.Fuel_Scope1Scope3EmissionFactorsTransport_Data(), Table_Fuel_EFs_Transport[[#Headers],[Transport type]], 0)} -> kl | H15: {=Common_InputFunctions.Utility_DisplayArrayInTable(Fuel_SourceData.Fuel_Scope1Scope3EmissionFactorsTransport_Data(), Table_Fuel_EFs_Transport[[#Headers],[Transport type]], 0)} -> 0 | I15: {=Common_InputFunctions.Utility_DisplayArrayInTable(Fuel_SourceData.Fuel_Scope1Scope3EmissionFactorsTransport_Data(), Table_Fuel_EFs_Transport[[#Headers],[Transport type]], 0)} -> 0.8 | J15: {=Common_InputFunctions.Utility_DisplayArrayInTable(Fuel_SourceData.Fuel_Scope1Scope3EmissionFactorsTransport_Data(), Table_Fuel_EFs_Transport[[#Headers],[Transport type]], 0)} -> 1.7 | K15: {=Common_InputFunctions.Utility_DisplayArrayInTable(Fuel_SourceData.Fuel_Scope1Scope3EmissionFactorsTransport_Data(), Table_Fuel_EFs_Transport[[#Headers],[Transport type]], 0)} -> 2.5 | L15: {=Common_InputFunctions.Utility_DisplayArrayInTable(Fuel_SourceData.Fuel_Scope1Scope3EmissionFactorsTransport_Data(), Table_Fuel_EFs_Transport[[#Headers],[Transport type]], 0)} -> NE
A16: =HYPERLINK("#'5.4.1.1-4 Atmos deposition'!A1", "5.4.1.1-4 Atmos deposition") -> 5.4.1.1-4 Atmos deposition | D16: {=Common_InputFunctions.Utility_DisplayArrayInTable(Fuel_SourceData.Fuel_Scope1Scope3EmissionFactorsTransport_Data(), Table_Fuel_EFs_Transport[[#Headers],[Transport type]], 0)} -> Cars and light commercial vehicles | E16: {=Common_InputFunctions.Utility_DisplayArrayInTable(Fuel_SourceData.Fuel_Scope1Scope3EmissionFactorsTransport_Data(), Table_Fuel_EFs_Transport[[#Headers],[Transport type]], 0)} -> Renewable diesel | F16: {=Common_InputFunctions.Utility_DisplayArrayInTable(Fuel_SourceData.Fuel_Scope1Scope3EmissionFactorsTransport_Data(), Table_Fuel_EFs_Transport[[#Headers],[Transport type]], 0)} -> 38.6 | G16: {=Common_InputFunctions.Utility_DisplayArrayInTable(Fuel_SourceData.Fuel_Scope1Scope3EmissionFactorsTransport_Data(), Table_Fuel_EFs_Transport[[#Headers],[Transport type]], 0)} -> kl | H16: {=Common_InputFunctions.Utility_DisplayArrayInTable(Fuel_SourceData.Fuel_Scope1Scope3EmissionFactorsTransport_Data(), Table_Fuel_EFs_Transport[[#Headers],[Transport type]], 0)} -> 0 | I16: {=Common_InputFunctions.Utility_DisplayArrayInTable(Fuel_SourceData.Fuel_Scope1Scope3EmissionFactorsTransport_Data(), Table_Fuel_EFs_Transport[[#Headers],[Transport type]], 0)} -> 0.01 | J16: {=Common_InputFunctions.Utility_DisplayArrayInTable(Fuel_SourceData.Fuel_Scope1Scope3EmissionFactorsTransport_Data(), Table_Fuel_EFs_Transport[[#Headers],[Transport type]], 0)} -> 0.5 | K16: {=Common_InputFunctions.Utility_DisplayArrayInTable(Fuel_SourceData.Fuel_Scope1Scope3EmissionFactorsTransport_Data(), Table_Fuel_EFs_Transport[[#Headers],[Transport type]], 0)} -> 0.51 | L16: {=Common_InputFunctions.Utility_DisplayArrayInTable(Fuel_SourceData.Fuel_Scope1Scope3EmissionFactorsTransport_Data(), Table_Fuel_EFs_Transport[[#Headers],[Transport type]], 0)} -> NE
A17: =HYPERLINK("#'5.5.1.1-2 Leaching and runoff'!A1", "5.5.1.1-2 Leaching and runoff") -> 5.5.1.1-2 Leaching and runoff | D17: {=Common_InputFunctions.Utility_DisplayArrayInTable(Fuel_SourceData.Fuel_Scope1Scope3EmissionFactorsTransport_Data(), Table_Fuel_EFs_Transport[[#Headers],[Transport type]], 0)} -> Cars and light commercial vehicles | E17: {=Common_InputFunctions.Utility_DisplayArrayInTable(Fuel_SourceData.Fuel_Scope1Scope3EmissionFactorsTransport_Data(), Table_Fuel_EFs_Transport[[#Headers],[Transport type]], 0)} -> Other biofuels | F17: {=Common_InputFunctions.Utility_DisplayArrayInTable(Fuel_SourceData.Fuel_Scope1Scope3EmissionFactorsTransport_Data(), Table_Fuel_EFs_Transport[[#Headers],[Transport type]], 0)} -> 23.4 | G17: {=Common_InputFunctions.Utility_DisplayArrayInTable(Fuel_SourceData.Fuel_Scope1Scope3EmissionFactorsTransport_Data(), Table_Fuel_EFs_Transport[[#Headers],[Transport type]], 0)} -> kl | H17: {=Common_InputFunctions.Utility_DisplayArrayInTable(Fuel_SourceData.Fuel_Scope1Scope3EmissionFactorsTransport_Data(), Table_Fuel_EFs_Transport[[#Headers],[Transport type]], 0)} -> 0 | I17: {=Common_InputFunctions.Utility_DisplayArrayInTable(Fuel_SourceData.Fuel_Scope1Scope3EmissionFactorsTransport_Data(), Table_Fuel_EFs_Transport[[#Headers],[Transport type]], 0)} -> 0.8 | J17: {=Common_InputFunctions.Utility_DisplayArrayInTable(Fuel_SourceData.Fuel_Scope1Scope3EmissionFactorsTransport_Data(), Table_Fuel_EFs_Transport[[#Headers],[Transport type]], 0)} -> 1.7 | K17: {=Common_InputFunctions.Utility_DisplayArrayInTable(Fuel_SourceData.Fuel_Scope1Scope3EmissionFactorsTransport_Data(), Table_Fuel_EFs_Transport[[#Headers],[Transport type]], 0)} -> 2.5 | L17: {=Common_InputFunctions.Utility_DisplayArrayInTable(Fuel_SourceData.Fuel_Scope1Scope3EmissionFactorsTransport_Data(), Table_Fuel_EFs_Transport[[#Headers],[Transport type]], 0)} -> NE
D18: {=Common_InputFunctions.Utility_DisplayArrayInTable(Fuel_SourceData.Fuel_Scope1Scope3EmissionFactorsTransport_Data(), Table_Fuel_EFs_Transport[[#Headers],[Transport type]], 0)} -> Light duty vehicles | E18: {=Common_InputFunctions.Utility_DisplayArrayInTable(Fuel_SourceData.Fuel_Scope1Scope3EmissionFactorsTransport_Data(), Table_Fuel_EFs_Transport[[#Headers],[Transport type]], 0)} -> Compressed natural gas | F18: {=Common_InputFunctions.Utility_DisplayArrayInTable(Fuel_SourceData.Fuel_Scope1Scope3EmissionFactorsTransport_Data(), Table_Fuel_EFs_Transport[[#Headers],[Transport type]], 0)} -> 0.0393 | G18: {=Common_InputFunctions.Utility_DisplayArrayInTable(Fuel_SourceData.Fuel_Scope1Scope3EmissionFactorsTransport_Data(), Table_Fuel_EFs_Transport[[#Headers],[Transport type]], 0)} -> m3 | H18: {=Common_InputFunctions.Utility_DisplayArrayInTable(Fuel_SourceData.Fuel_Scope1Scope3EmissionFactorsTransport_Data(), Table_Fuel_EFs_Transport[[#Headers],[Transport type]], 0)} -> 51.4 | I18: {=Common_InputFunctions.Utility_DisplayArrayInTable(Fuel_SourceData.Fuel_Scope1Scope3EmissionFactorsTransport_Data(), Table_Fuel_EFs_Transport[[#Headers],[Transport type]], 0)} -> 7.3 | J18: {=Common_InputFunctions.Utility_DisplayArrayInTable(Fuel_SourceData.Fuel_Scope1Scope3EmissionFactorsTransport_Data(), Table_Fuel_EFs_Transport[[#Headers],[Transport type]], 0)} -> 0.3 | K18: {=Common_InputFunctions.Utility_DisplayArrayInTable(Fuel_SourceData.Fuel_Scope1Scope3EmissionFactorsTransport_Data(), Table_Fuel_EFs_Transport[[#Headers],[Transport type]], 0)} -> 59 | L18: {=Common_InputFunctions.Utility_DisplayArrayInTable(Fuel_SourceData.Fuel_Scope1Scope3EmissionFactorsTransport_Data(), Table_Fuel_EFs_Transport[[#Headers],[Transport type]], 0)} -> 18
A19: APPENDICES | D19: {=Common_InputFunctions.Utility_DisplayArrayInTable(Fuel_SourceData.Fuel_Scope1Scope3EmissionFactorsTransport_Data(), Table_Fuel_EFs_Transport[[#Headers],[Transport type]], 0)} -> Light duty vehicles | E19: {=Common_InputFunctions.Utility_DisplayArrayInTable(Fuel_SourceData.Fuel_Scope1Scope3EmissionFactorsTransport_Data(), Table_Fuel_EFs_Transport[[#Headers],[Transport type]], 0)} -> Liquefied natural gas | F19: {=Common_InputFunctions.Utility_DisplayArrayInTable(Fuel_SourceData.Fuel_Scope1Scope3EmissionFactorsTransport_Data(), Table_Fuel_EFs_Transport[[#Headers],[Transport type]], 0)} -> 25.3 | G19: {=Common_InputFunctions.Utility_DisplayArrayInTable(Fuel_SourceData.Fuel_Scope1Scope3EmissionFactorsTransport_Data(), Table_Fuel_EFs_Transport[[#Headers],[Transport type]], 0)} -> kl | H19: {=Common_InputFunctions.Utility_DisplayArrayInTable(Fuel_SourceData.Fuel_Scope1Scope3EmissionFactorsTransport_Data(), Table_Fuel_EFs_Transport[[#Headers],[Transport type]], 0)} -> 51.4 | I19: {=Common_InputFunctions.Utility_DisplayArrayInTable(Fuel_SourceData.Fuel_Scope1Scope3EmissionFactorsTransport_Data(), Table_Fuel_EFs_Transport[[#Headers],[Transport type]], 0)} -> 7.3 | J19: {=Common_InputFunctions.Utility_DisplayArrayInTable(Fuel_SourceData.Fuel_Scope1Scope3EmissionFactorsTransport_Data(), Table_Fuel_EFs_Transport[[#Headers],[Transport type]], 0)} -> 0.3 | K19: {=Common_InputFunctions.Utility_DisplayArrayInTable(Fuel_SourceData.Fuel_Scope1Scope3EmissionFactorsTransport_Data(), Table_Fuel_EFs_Transport[[#Headers],[Transport type]], 0)} -> 59 | L19: {=Common_InputFunctions.Utility_DisplayArrayInTable(Fuel_SourceData.Fuel_Scope1Scope3EmissionFactorsTransport_Data(), Table_Fuel_EFs_Transport[[#Headers],[Transport type]], 0)} -> 18
A20: =HYPERLINK("#'Constants - Fertiliser'!A1", "Constants - Fertiliser") -> Constants - Fertiliser | D20: {=Common_InputFunctions.Utility_DisplayArrayInTable(Fuel_SourceData.Fuel_Scope1Scope3EmissionFactorsTransport_Data(), Table_Fuel_EFs_Transport[[#Headers],[Transport type]], 0)} -> Heavy duty vehicles | E20: {=Common_InputFunctions.Utility_DisplayArrayInTable(Fuel_SourceData.Fuel_Scope1Scope3EmissionFactorsTransport_Data(), Table_Fuel_EFs_Transport[[#Headers],[Transport type]], 0)} -> Compressed natural gas | F20: {=Common_InputFunctions.Utility_DisplayArrayInTable(Fuel_SourceData.Fuel_Scope1Scope3EmissionFactorsTransport_Data(), Table_Fuel_EFs_Transport[[#Headers],[Transport type]], 0)} -> 0.0393 | G20: {=Common_InputFunctions.Utility_DisplayArrayInTable(Fuel_SourceData.Fuel_Scope1Scope3EmissionFactorsTransport_Data(), Table_Fuel_EFs_Transport[[#Headers],[Transport type]], 0)} -> m3 | H20: {=Common_InputFunctions.Utility_DisplayArrayInTable(Fuel_SourceData.Fuel_Scope1Scope3EmissionFactorsTransport_Data(), Table_Fuel_EFs_Transport[[#Headers],[Transport type]], 0)} -> 51.4 | I20: {=Common_InputFunctions.Utility_DisplayArrayInTable(Fuel_SourceData.Fuel_Scope1Scope3EmissionFactorsTransport_Data(), Table_Fuel_EFs_Transport[[#Headers],[Transport type]], 0)} -> 2.8 | J20: {=Common_InputFunctions.Utility_DisplayArrayInTable(Fuel_SourceData.Fuel_Scope1Scope3EmissionFactorsTransport_Data(), Table_Fuel_EFs_Transport[[#Headers],[Transport type]], 0)} -> 0.3 | K20: {=Common_InputFunctions.Utility_DisplayArrayInTable(Fuel_SourceData.Fuel_Scope1Scope3EmissionFactorsTransport_Data(), Table_Fuel_EFs_Transport[[#Headers],[Transport type]], 0)} -> 54.5 | L20: {=Common_InputFunctions.Utility_DisplayArrayInTable(Fuel_SourceData.Fuel_Scope1Scope3EmissionFactorsTransport_Data(), Table_Fuel_EFs_Transport[[#Headers],[Transport type]], 0)} -> 18
A21: =HYPERLINK("#'Constants - Common'!A1", "Constants - Common") -> Constants - Common | D21: {=Common_InputFunctions.Utility_DisplayArrayInTable(Fuel_SourceData.Fuel_Scope1Scope3EmissionFactorsTransport_Data(), Table_Fuel_EFs_Transport[[#Headers],[Transport type]], 0)} -> Heavy duty vehicles | E21: {=Common_InputFunctions.Utility_DisplayArrayInTable(Fuel_SourceData.Fuel_Scope1Scope3EmissionFactorsTransport_Data(), Table_Fuel_EFs_Transport[[#Headers],[Transport type]], 0)} -> Liquefied natural gas | F21: {=Common_InputFunctions.Utility_DisplayArrayInTable(Fuel_SourceData.Fuel_Scope1Scope3EmissionFactorsTransport_Data(), Table_Fuel_EFs_Transport[[#Headers],[Transport type]], 0)} -> 25.3 | G21: {=Common_InputFunctions.Utility_DisplayArrayInTable(Fuel_SourceData.Fuel_Scope1Scope3EmissionFactorsTransport_Data(), Table_Fuel_EFs_Transport[[#Headers],[Transport type]], 0)} -> kl | H21: {=Common_InputFunctions.Utility_DisplayArrayInTable(Fuel_SourceData.Fuel_Scope1Scope3EmissionFactorsTransport_Data(), Table_Fuel_EFs_Transport[[#Headers],[Transport type]], 0)} -> 51.4 | I21: {=Common_InputFunctions.Utility_DisplayArrayInTable(Fuel_SourceData.Fuel_Scope1Scope3EmissionFactorsTransport_Data(), Table_Fuel_EFs_Transport[[#Headers],[Transport type]], 0)} -> 2.8 | J21: {=Common_InputFunctions.Utility_DisplayArrayInTable(Fuel_SourceData.Fuel_Scope1Scope3EmissionFactorsTransport_Data(), Table_Fuel_EFs_Transport[[#Headers],[Transport type]], 0)} -> 0.3 | K21: {=Common_InputFunctions.Utility_DisplayArrayInTable(Fuel_SourceData.Fuel_Scope1Scope3EmissionFactorsTransport_Data(), Table_Fuel_EFs_Transport[[#Headers],[Transport type]], 0)} -> 54.5 | L21: {=Common_InputFunctions.Utility_DisplayArrayInTable(Fuel_SourceData.Fuel_Scope1Scope3EmissionFactorsTransport_Data(), Table_Fuel_EFs_Transport[[#Headers],[Transport type]], 0)} -> 18
D22: {=Common_InputFunctions.Utility_DisplayArrayInTable(Fuel_SourceData.Fuel_Scope1Scope3EmissionFactorsTransport_Data(), Table_Fuel_EFs_Transport[[#Headers],[Transport type]], 0)} -> Heavy duty vehicles | E22: {=Common_InputFunctions.Utility_DisplayArrayInTable(Fuel_SourceData.Fuel_Scope1Scope3EmissionFactorsTransport_Data(), Table_Fuel_EFs_Transport[[#Headers],[Transport type]], 0)} -> Diesel oil - Euro iv or higher | F22: {=Common_InputFunctions.Utility_DisplayArrayInTable(Fuel_SourceData.Fuel_Scope1Scope3EmissionFactorsTransport_Data(), Table_Fuel_EFs_Transport[[#Headers],[Transport type]], 0)} -> 38.6 | G22: {=Common_InputFunctions.Utility_DisplayArrayInTable(Fuel_SourceData.Fuel_Scope1Scope3EmissionFactorsTransport_Data(), Table_Fuel_EFs_Transport[[#Headers],[Transport type]], 0)} -> kl | H22: {=Common_InputFunctions.Utility_DisplayArrayInTable(Fuel_SourceData.Fuel_Scope1Scope3EmissionFactorsTransport_Data(), Table_Fuel_EFs_Transport[[#Headers],[Transport type]], 0)} -> 69.9 | I22: {=Common_InputFunctions.Utility_DisplayArrayInTable(Fuel_SourceData.Fuel_Scope1Scope3EmissionFactorsTransport_Data(), Table_Fuel_EFs_Transport[[#Headers],[Transport type]], 0)} -> 0.07 | J22: {=Common_InputFunctions.Utility_DisplayArrayInTable(Fuel_SourceData.Fuel_Scope1Scope3EmissionFactorsTransport_Data(), Table_Fuel_EFs_Transport[[#Headers],[Transport type]], 0)} -> 0.4 | K22: {=Common_InputFunctions.Utility_DisplayArrayInTable(Fuel_SourceData.Fuel_Scope1Scope3EmissionFactorsTransport_Data(), Table_Fuel_EFs_Transport[[#Headers],[Transport type]], 0)} -> 70.37 | L22: {=Common_InputFunctions.Utility_DisplayArrayInTable(Fuel_SourceData.Fuel_Scope1Scope3EmissionFactorsTransport_Data(), Table_Fuel_EFs_Transport[[#Headers],[Transport type]], 0)} -> 17.3
D23: {=Common_InputFunctions.Utility_DisplayArrayInTable(Fuel_SourceData.Fuel_Scope1Scope3EmissionFactorsTransport_Data(), Table_Fuel_EFs_Transport[[#Headers],[Transport type]], 0)} -> Heavy duty vehicles | E23: {=Common_InputFunctions.Utility_DisplayArrayInTable(Fuel_SourceData.Fuel_Scope1Scope3EmissionFactorsTransport_Data(), Table_Fuel_EFs_Transport[[#Headers],[Transport type]], 0)} -> Diesel oil - Euro iii | F23: {=Common_InputFunctions.Utility_DisplayArrayInTable(Fuel_SourceData.Fuel_Scope1Scope3EmissionFactorsTransport_Data(), Table_Fuel_EFs_Transport[[#Headers],[Transport type]], 0)} -> 38.6 | G23: {=Common_InputFunctions.Utility_DisplayArrayInTable(Fuel_SourceData.Fuel_Scope1Scope3EmissionFactorsTransport_Data(), Table_Fuel_EFs_Transport[[#Headers],[Transport type]], 0)} -> kl | H23: {=Common_InputFunctions.Utility_DisplayArrayInTable(Fuel_SourceData.Fuel_Scope1Scope3EmissionFactorsTransport_Data(), Table_Fuel_EFs_Transport[[#Headers],[Transport type]], 0)} -> 69.9 | I23: {=Common_InputFunctions.Utility_DisplayArrayInTable(Fuel_SourceData.Fuel_Scope1Scope3EmissionFactorsTransport_Data(), Table_Fuel_EFs_Transport[[#Headers],[Transport type]], 0)} -> 0.1 | J23: {=Common_InputFunctions.Utility_DisplayArrayInTable(Fuel_SourceData.Fuel_Scope1Scope3EmissionFactorsTransport_Data(), Table_Fuel_EFs_Transport[[#Headers],[Transport type]], 0)} -> 0.4 | K23: {=Common_InputFunctions.Utility_DisplayArrayInTable(Fuel_SourceData.Fuel_Scope1Scope3EmissionFactorsTransport_Data(), Table_Fuel_EFs_Transport[[#Headers],[Transport type]], 0)} -> 70.4 | L23: {=Common_InputFunctions.Utility_DisplayArrayInTable(Fuel_SourceData.Fuel_Scope1Scope3EmissionFactorsTransport_Data(), Table_Fuel_EFs_Transport[[#Headers],[Transport type]], 0)} -> 17.3
D24: {=Common_InputFunctions.Utility_DisplayArrayInTable(Fuel_SourceData.Fuel_Scope1Scope3EmissionFactorsTransport_Data(), Table_Fuel_EFs_Transport[[#Headers],[Transport type]], 0)} -> Heavy duty vehicles | E24: {=Common_InputFunctions.Utility_DisplayArrayInTable(Fuel_SourceData.Fuel_Scope1Scope3EmissionFactorsTransport_Data(), Table_Fuel_EFs_Transport[[#Headers],[Transport type]], 0)} -> Diesel oil - Euro i | F24: {=Common_InputFunctions.Utility_DisplayArrayInTable(Fuel_SourceData.Fuel_Scope1Scope3EmissionFactorsTransport_Data(), Table_Fuel_EFs_Transport[[#Headers],[Transport type]], 0)} -> 38.6 | G24: {=Common_InputFunctions.Utility_DisplayArrayInTable(Fuel_SourceData.Fuel_Scope1Scope3EmissionFactorsTransport_Data(), Table_Fuel_EFs_Transport[[#Headers],[Transport type]], 0)} -> kl | H24: {=Common_InputFunctions.Utility_DisplayArrayInTable(Fuel_SourceData.Fuel_Scope1Scope3EmissionFactorsTransport_Data(), Table_Fuel_EFs_Transport[[#Headers],[Transport type]], 0)} -> 69.9 | I24: {=Common_InputFunctions.Utility_DisplayArrayInTable(Fuel_SourceData.Fuel_Scope1Scope3EmissionFactorsTransport_Data(), Table_Fuel_EFs_Transport[[#Headers],[Transport type]], 0)} -> 0.2 | J24: {=Common_InputFunctions.Utility_DisplayArrayInTable(Fuel_SourceData.Fuel_Scope1Scope3EmissionFactorsTransport_Data(), Table_Fuel_EFs_Transport[[#Headers],[Transport type]], 0)} -> 0.4 | K24: {=Common_InputFunctions.Utility_DisplayArrayInTable(Fuel_SourceData.Fuel_Scope1Scope3EmissionFactorsTransport_Data(), Table_Fuel_EFs_Transport[[#Headers],[Transport type]], 0)} -> 70.5 | L24: {=Common_InputFunctions.Utility_DisplayArrayInTable(Fuel_SourceData.Fuel_Scope1Scope3EmissionFactorsTransport_Data(), Table_Fuel_EFs_Transport[[#Headers],[Transport type]], 0)} -> 17.3
D25: {=Common_InputFunctions.Utility_DisplayArrayInTable(Fuel_SourceData.Fuel_Scope1Scope3EmissionFactorsTransport_Data(), Table_Fuel_EFs_Transport[[#Headers],[Transport type]], 0)} -> Heavy duty vehicles | E25: {=Common_InputFunctions.Utility_DisplayArrayInTable(Fuel_SourceData.Fuel_Scope1Scope3EmissionFactorsTransport_Data(), Table_Fuel_EFs_Transport[[#Headers],[Transport type]], 0)} -> Renewable diesel – Euro iv or higher | F25: {=Common_InputFunctions.Utility_DisplayArrayInTable(Fuel_SourceData.Fuel_Scope1Scope3EmissionFactorsTransport_Data(), Table_Fuel_EFs_Transport[[#Headers],[Transport type]], 0)} -> 38.6 | G25: {=Common_InputFunctions.Utility_DisplayArrayInTable(Fuel_SourceData.Fuel_Scope1Scope3EmissionFactorsTransport_Data(), Table_Fuel_EFs_Transport[[#Headers],[Transport type]], 0)} -> kl | H25: {=Common_InputFunctions.Utility_DisplayArrayInTable(Fuel_SourceData.Fuel_Scope1Scope3EmissionFactorsTransport_Data(), Table_Fuel_EFs_Transport[[#Headers],[Transport type]], 0)} -> 0 | I25: {=Common_InputFunctions.Utility_DisplayArrayInTable(Fuel_SourceData.Fuel_Scope1Scope3EmissionFactorsTransport_Data(), Table_Fuel_EFs_Transport[[#Headers],[Transport type]], 0)} -> 0.07 | J25: {=Common_InputFunctions.Utility_DisplayArrayInTable(Fuel_SourceData.Fuel_Scope1Scope3EmissionFactorsTransport_Data(), Table_Fuel_EFs_Transport[[#Headers],[Transport type]], 0)} -> 0.4 | K25: {=Common_InputFunctions.Utility_DisplayArrayInTable(Fuel_SourceData.Fuel_Scope1Scope3EmissionFactorsTransport_Data(), Table_Fuel_EFs_Transport[[#Headers],[Transport type]], 0)} -> 0.47 | L25: {=Common_InputFunctions.Utility_DisplayArrayInTable(Fuel_SourceData.Fuel_Scope1Scope3EmissionFactorsTransport_Data(), Table_Fuel_EFs_Transport[[#Headers],[Transport type]], 0)} -> NE
D26: {=Common_InputFunctions.Utility_DisplayArrayInTable(Fuel_SourceData.Fuel_Scope1Scope3EmissionFactorsTransport_Data(), Table_Fuel_EFs_Transport[[#Headers],[Transport type]], 0)} -> Heavy duty vehicles | E26: {=Common_InputFunctions.Utility_DisplayArrayInTable(Fuel_SourceData.Fuel_Scope1Scope3EmissionFactorsTransport_Data(), Table_Fuel_EFs_Transport[[#Headers],[Transport type]], 0)} -> Renewable diesel – Euro iii | F26: {=Common_InputFunctions.Utility_DisplayArrayInTable(Fuel_SourceData.Fuel_Scope1Scope3EmissionFactorsTransport_Data(), Table_Fuel_EFs_Transport[[#Headers],[Transport type]], 0)} -> 38.6 | G26: {=Common_InputFunctions.Utility_DisplayArrayInTable(Fuel_SourceData.Fuel_Scope1Scope3EmissionFactorsTransport_Data(), Table_Fuel_EFs_Transport[[#Headers],[Transport type]], 0)} -> kl | H26: {=Common_InputFunctions.Utility_DisplayArrayInTable(Fuel_SourceData.Fuel_Scope1Scope3EmissionFactorsTransport_Data(), Table_Fuel_EFs_Transport[[#Headers],[Transport type]], 0)} -> 0 | I26: {=Common_InputFunctions.Utility_DisplayArrayInTable(Fuel_SourceData.Fuel_Scope1Scope3EmissionFactorsTransport_Data(), Table_Fuel_EFs_Transport[[#Headers],[Transport type]], 0)} -> 0.1 | J26: {=Common_InputFunctions.Utility_DisplayArrayInTable(Fuel_SourceData.Fuel_Scope1Scope3EmissionFactorsTransport_Data(), Table_Fuel_EFs_Transport[[#Headers],[Transport type]], 0)} -> 0.4 | K26: {=Common_InputFunctions.Utility_DisplayArrayInTable(Fuel_SourceData.Fuel_Scope1Scope3EmissionFactorsTransport_Data(), Table_Fuel_EFs_Transport[[#Headers],[Transport type]], 0)} -> 0.5 | L26: {=Common_InputFunctions.Utility_DisplayArrayInTable(Fuel_SourceData.Fuel_Scope1Scope3EmissionFactorsTransport_Data(), Table_Fuel_EFs_Transport[[#Headers],[Transport type]], 0)} -> NE
D27: {=Common_InputFunctions.Utility_DisplayArrayInTable(Fuel_SourceData.Fuel_Scope1Scope3EmissionFactorsTransport_Data(), Table_Fuel_EFs_Transport[[#Headers],[Transport type]], 0)} -> Heavy duty vehicles | E27: {=Common_InputFunctions.Utility_DisplayArrayInTable(Fuel_SourceData.Fuel_Scope1Scope3EmissionFactorsTransport_Data(), Table_Fuel_EFs_Transport[[#Headers],[Transport type]], 0)} -> Renewable diesel – Euro i | F27: {=Common_InputFunctions.Utility_DisplayArrayInTable(Fuel_SourceData.Fuel_Scope1Scope3EmissionFactorsTransport_Data(), Table_Fuel_EFs_Transport[[#Headers],[Transport type]], 0)} -> 38.6 | G27: {=Common_InputFunctions.Utility_DisplayArrayInTable(Fuel_SourceData.Fuel_Scope1Scope3EmissionFactorsTransport_Data(), Table_Fuel_EFs_Transport[[#Headers],[Transport type]], 0)} -> kl | H27: {=Common_InputFunctions.Utility_DisplayArrayInTable(Fuel_SourceData.Fuel_Scope1Scope3EmissionFactorsTransport_Data(), Table_Fuel_EFs_Transport[[#Headers],[Transport type]], 0)} -> 0 | I27: {=Common_InputFunctions.Utility_DisplayArrayInTable(Fuel_SourceData.Fuel_Scope1Scope3EmissionFactorsTransport_Data(), Table_Fuel_EFs_Transport[[#Headers],[Transport type]], 0)} -> 0.2 | J27: {=Common_InputFunctions.Utility_DisplayArrayInTable(Fuel_SourceData.Fuel_Scope1Scope3EmissionFactorsTransport_Data(), Table_Fuel_EFs_Transport[[#Headers],[Transport type]], 0)} -> 0.4 | K27: {=Common_InputFunctions.Utility_DisplayArrayInTable(Fuel_SourceData.Fuel_Scope1Scope3EmissionFactorsTransport_Data(), Table_Fuel_EFs_Transport[[#Headers],[Transport type]], 0)} -> 0.6 | L27: {=Common_InputFunctions.Utility_DisplayArrayInTable(Fuel_SourceData.Fuel_Scope1Scope3EmissionFactorsTransport_Data(), Table_Fuel_EFs_Transport[[#Headers],[Transport type]], 0)} -> NE
D28: {=Common_InputFunctions.Utility_DisplayArrayInTable(Fuel_SourceData.Fuel_Scope1Scope3EmissionFactorsTransport_Data(), Table_Fuel_EFs_Transport[[#Headers],[Transport type]], 0)} -> Aviation | E28: {=Common_InputFunctions.Utility_DisplayArrayInTable(Fuel_SourceData.Fuel_Scope1Scope3EmissionFactorsTransport_Data(), Table_Fuel_EFs_Transport[[#Headers],[Transport type]], 0)} -> Gasoline for use as fuel in an aircraft | F28: {=Common_InputFunctions.Utility_DisplayArrayInTable(Fuel_SourceData.Fuel_Scope1Scope3EmissionFactorsTransport_Data(), Table_Fuel_EFs_Transport[[#Headers],[Transport type]], 0)} -> 33.1 | G28: {=Common_InputFunctions.Utility_DisplayArrayInTable(Fuel_SourceData.Fuel_Scope1Scope3EmissionFactorsTransport_Data(), Table_Fuel_EFs_Transport[[#Headers],[Transport type]], 0)} -> kl | H28: {=Common_InputFunctions.Utility_DisplayArrayInTable(Fuel_SourceData.Fuel_Scope1Scope3EmissionFactorsTransport_Data(), Table_Fuel_EFs_Transport[[#Headers],[Transport type]], 0)} -> 67 | I28: {=Common_InputFunctions.Utility_DisplayArrayInTable(Fuel_SourceData.Fuel_Scope1Scope3EmissionFactorsTransport_Data(), Table_Fuel_EFs_Transport[[#Headers],[Transport type]], 0)} -> 0.06 | J28: {=Common_InputFunctions.Utility_DisplayArrayInTable(Fuel_SourceData.Fuel_Scope1Scope3EmissionFactorsTransport_Data(), Table_Fuel_EFs_Transport[[#Headers],[Transport type]], 0)} -> 0.6 | K28: {=Common_InputFunctions.Utility_DisplayArrayInTable(Fuel_SourceData.Fuel_Scope1Scope3EmissionFactorsTransport_Data(), Table_Fuel_EFs_Transport[[#Headers],[Transport type]], 0)} -> 67.66 | L28: {=Common_InputFunctions.Utility_DisplayArrayInTable(Fuel_SourceData.Fuel_Scope1Scope3EmissionFactorsTransport_Data(), Table_Fuel_EFs_Transport[[#Headers],[Transport type]], 0)} -> 18
D29: {=Common_InputFunctions.Utility_DisplayArrayInTable(Fuel_SourceData.Fuel_Scope1Scope3EmissionFactorsTransport_Data(), Table_Fuel_EFs_Transport[[#Headers],[Transport type]], 0)} -> Aviation | E29: {=Common_InputFunctions.Utility_DisplayArrayInTable(Fuel_SourceData.Fuel_Scope1Scope3EmissionFactorsTransport_Data(), Table_Fuel_EFs_Transport[[#Headers],[Transport type]], 0)} -> Kerosene for use as fuel in an aircraft | F29: {=Common_InputFunctions.Utility_DisplayArrayInTable(Fuel_SourceData.Fuel_Scope1Scope3EmissionFactorsTransport_Data(), Table_Fuel_EFs_Transport[[#Headers],[Transport type]], 0)} -> 36.8 | G29: {=Common_InputFunctions.Utility_DisplayArrayInTable(Fuel_SourceData.Fuel_Scope1Scope3EmissionFactorsTransport_Data(), Table_Fuel_EFs_Transport[[#Headers],[Transport type]], 0)} -> kl | H29: {=Common_InputFunctions.Utility_DisplayArrayInTable(Fuel_SourceData.Fuel_Scope1Scope3EmissionFactorsTransport_Data(), Table_Fuel_EFs_Transport[[#Headers],[Transport type]], 0)} -> 69.6 | I29: {=Common_InputFunctions.Utility_DisplayArrayInTable(Fuel_SourceData.Fuel_Scope1Scope3EmissionFactorsTransport_Data(), Table_Fuel_EFs_Transport[[#Headers],[Transport type]], 0)} -> 0.01 | J29: {=Common_InputFunctions.Utility_DisplayArrayInTable(Fuel_SourceData.Fuel_Scope1Scope3EmissionFactorsTransport_Data(), Table_Fuel_EFs_Transport[[#Headers],[Transport type]], 0)} -> 0.6 | K29: {=Common_InputFunctions.Utility_DisplayArrayInTable(Fuel_SourceData.Fuel_Scope1Scope3EmissionFactorsTransport_Data(), Table_Fuel_EFs_Transport[[#Headers],[Transport type]], 0)} -> 70.21 | L29: {=Common_InputFunctions.Utility_DisplayArrayInTable(Fuel_SourceData.Fuel_Scope1Scope3EmissionFactorsTransport_Data(), Table_Fuel_EFs_Transport[[#Headers],[Transport type]], 0)} -> 18
D30: {=Common_InputFunctions.Utility_DisplayArrayInTable(Fuel_SourceData.Fuel_Scope1Scope3EmissionFactorsTransport_Data(), Table_Fuel_EFs_Transport[[#Headers],[Transport type]], 0)} -> Aviation | E30: {=Common_InputFunctions.Utility_DisplayArrayInTable(Fuel_SourceData.Fuel_Scope1Scope3EmissionFactorsTransport_Data(), Table_Fuel_EFs_Transport[[#Headers],[Transport type]], 0)} -> Renewable aviation kerosene | F30: {=Common_InputFunctions.Utility_DisplayArrayInTable(Fuel_SourceData.Fuel_Scope1Scope3EmissionFactorsTransport_Data(), Table_Fuel_EFs_Transport[[#Headers],[Transport type]], 0)} -> 36.8 | G30: {=Common_InputFunctions.Utility_DisplayArrayInTable(Fuel_SourceData.Fuel_Scope1Scope3EmissionFactorsTransport_Data(), Table_Fuel_EFs_Transport[[#Headers],[Transport type]], 0)} -> kl | H30: {=Common_InputFunctions.Utility_DisplayArrayInTable(Fuel_SourceData.Fuel_Scope1Scope3EmissionFactorsTransport_Data(), Table_Fuel_EFs_Transport[[#Headers],[Transport type]], 0)} -> 0 | I30: {=Common_InputFunctions.Utility_DisplayArrayInTable(Fuel_SourceData.Fuel_Scope1Scope3EmissionFactorsTransport_Data(), Table_Fuel_EFs_Transport[[#Headers],[Transport type]], 0)} -> 0.01 | J30: {=Common_InputFunctions.Utility_DisplayArrayInTable(Fuel_SourceData.Fuel_Scope1Scope3EmissionFactorsTransport_Data(), Table_Fuel_EFs_Transport[[#Headers],[Transport type]], 0)} -> 0.6 | K30: {=Common_InputFunctions.Utility_DisplayArrayInTable(Fuel_SourceData.Fuel_Scope1Scope3EmissionFactorsTransport_Data(), Table_Fuel_EFs_Transport[[#Headers],[Transport type]], 0)} -> 0.61 | L30: {=Common_InputFunctions.Utility_DisplayArrayInTable(Fuel_SourceData.Fuel_Scope1Scope3EmissionFactorsTransport_Data(), Table_Fuel_EFs_Transport[[#Headers],[Transport type]], 0)} -> NE
D31: {=Common_InputFunctions.Utility_DisplayArrayInTable(Fuel_SourceData.Fuel_Scope1Scope3EmissionFactorsTransport_Data(), Table_Fuel_EFs_Transport[[#Headers],[Transport type]], 0)} -> Vessels | E31: {=Common_InputFunctions.Utility_DisplayArrayInTable(Fuel_SourceData.Fuel_Scope1Scope3EmissionFactorsTransport_Data(), Table_Fuel_EFs_Transport[[#Headers],[Transport type]], 0)} -> Gasoline | F31: {=Common_InputFunctions.Utility_DisplayArrayInTable(Fuel_SourceData.Fuel_Scope1Scope3EmissionFactorsTransport_Data(), Table_Fuel_EFs_Transport[[#Headers],[Transport type]], 0)} -> 34.2 | G31: {=Common_InputFunctions.Utility_DisplayArrayInTable(Fuel_SourceData.Fuel_Scope1Scope3EmissionFactorsTransport_Data(), Table_Fuel_EFs_Transport[[#Headers],[Transport type]], 0)} -> kL | H31: {=Common_InputFunctions.Utility_DisplayArrayInTable(Fuel_SourceData.Fuel_Scope1Scope3EmissionFactorsTransport_Data(), Table_Fuel_EFs_Transport[[#Headers],[Transport type]], 0)} -> 67.4 | I31: {=Common_InputFunctions.Utility_DisplayArrayInTable(Fuel_SourceData.Fuel_Scope1Scope3EmissionFactorsTransport_Data(), Table_Fuel_EFs_Transport[[#Headers],[Transport type]], 0)} -> 10.1 | J31: {=Common_InputFunctions.Utility_DisplayArrayInTable(Fuel_SourceData.Fuel_Scope1Scope3EmissionFactorsTransport_Data(), Table_Fuel_EFs_Transport[[#Headers],[Transport type]], 0)} -> 0.3 | K31: {=Common_InputFunctions.Utility_DisplayArrayInTable(Fuel_SourceData.Fuel_Scope1Scope3EmissionFactorsTransport_Data(), Table_Fuel_EFs_Transport[[#Headers],[Transport type]], 0)} | L31: {=Common_InputFunctions.Utility_DisplayArrayInTable(Fuel_SourceData.Fuel_Scope1Scope3EmissionFactorsTransport_Data(), Table_Fuel_EFs_Transport[[#Headers],[Transport type]], 0)} -> 17.2
D32: {=Common_InputFunctions.Utility_DisplayArrayInTable(Fuel_SourceData.Fuel_Scope1Scope3EmissionFactorsTransport_Data(), Table_Fuel_EFs_Transport[[#Headers],[Transport type]], 0)} -> Vessels | E32: {=Common_InputFunctions.Utility_DisplayArrayInTable(Fuel_SourceData.Fuel_Scope1Scope3EmissionFactorsTransport_Data(), Table_Fuel_EFs_Transport[[#Headers],[Transport type]], 0)} -> Diesel oil | F32: {=Common_InputFunctions.Utility_DisplayArrayInTable(Fuel_SourceData.Fuel_Scope1Scope3EmissionFactorsTransport_Data(), Table_Fuel_EFs_Transport[[#Headers],[Transport type]], 0)} -> 38.6 | G32: {=Common_InputFunctions.Utility_DisplayArrayInTable(Fuel_SourceData.Fuel_Scope1Scope3EmissionFactorsTransport_Data(), Table_Fuel_EFs_Transport[[#Headers],[Transport type]], 0)} -> kL | H32: {=Common_InputFunctions.Utility_DisplayArrayInTable(Fuel_SourceData.Fuel_Scope1Scope3EmissionFactorsTransport_Data(), Table_Fuel_EFs_Transport[[#Headers],[Transport type]], 0)} -> 69.9 | I32: {=Common_InputFunctions.Utility_DisplayArrayInTable(Fuel_SourceData.Fuel_Scope1Scope3EmissionFactorsTransport_Data(), Table_Fuel_EFs_Transport[[#Headers],[Transport type]], 0)} -> 0.2 | J32: {=Common_InputFunctions.Utility_DisplayArrayInTable(Fuel_SourceData.Fuel_Scope1Scope3EmissionFactorsTransport_Data(), Table_Fuel_EFs_Transport[[#Headers],[Transport type]], 0)} -> 0.5 | K32: {=Common_InputFunctions.Utility_DisplayArrayInTable(Fuel_SourceData.Fuel_Scope1Scope3EmissionFactorsTransport_Data(), Table_Fuel_EFs_Transport[[#Headers],[Transport type]], 0)} | L32: {=Common_InputFunctions.Utility_DisplayArrayInTable(Fuel_SourceData.Fuel_Scope1Scope3EmissionFactorsTransport_Data(), Table_Fuel_EFs_Transport[[#Headers],[Transport type]], 0)} -> 17.3
D33: {=Common_InputFunctions.Utility_DisplayArrayInTable(Fuel_SourceData.Fuel_Scope1Scope3EmissionFactorsTransport_Data(), Table_Fuel_EFs_Transport[[#Headers],[Transport type]], 0)} -> Vessels | E33: {=Common_InputFunctions.Utility_DisplayArrayInTable(Fuel_SourceData.Fuel_Scope1Scope3EmissionFactorsTransport_Data(), Table_Fuel_EFs_Transport[[#Headers],[Transport type]], 0)} -> Fuel Oil | F33: {=Common_InputFunctions.Utility_DisplayArrayInTable(Fuel_SourceData.Fuel_Scope1Scope3EmissionFactorsTransport_Data(), Table_Fuel_EFs_Transport[[#Headers],[Transport type]], 0)} -> 39.7 | G33: {=Common_InputFunctions.Utility_DisplayArrayInTable(Fuel_SourceData.Fuel_Scope1Scope3EmissionFactorsTransport_Data(), Table_Fuel_EFs_Transport[[#Headers],[Transport type]], 0)} -> kL | H33: {=Common_InputFunctions.Utility_DisplayArrayInTable(Fuel_SourceData.Fuel_Scope1Scope3EmissionFactorsTransport_Data(), Table_Fuel_EFs_Transport[[#Headers],[Transport type]], 0)} -> 73.6 | I33: {=Common_InputFunctions.Utility_DisplayArrayInTable(Fuel_SourceData.Fuel_Scope1Scope3EmissionFactorsTransport_Data(), Table_Fuel_EFs_Transport[[#Headers],[Transport type]], 0)} -> 0.2 | J33: {=Common_InputFunctions.Utility_DisplayArrayInTable(Fuel_SourceData.Fuel_Scope1Scope3EmissionFactorsTransport_Data(), Table_Fuel_EFs_Transport[[#Headers],[Transport type]], 0)} -> 0.5 | K33: {=Common_InputFunctions.Utility_DisplayArrayInTable(Fuel_SourceData.Fuel_Scope1Scope3EmissionFactorsTransport_Data(), Table_Fuel_EFs_Transport[[#Headers],[Transport type]], 0)} | L33: {=Common_InputFunctions.Utility_DisplayArrayInTable(Fuel_SourceData.Fuel_Scope1Scope3EmissionFactorsTransport_Data(), Table_Fuel_EFs_Transport[[#Headers],[Transport type]], 0)} -> 18
D34: {=Common_InputFunctions.Utility_DisplayArrayInTable(Fuel_SourceData.Fuel_Scope1Scope3EmissionFactorsTransport_Data(), Table_Fuel_EFs_Transport[[#Headers],[Transport type]], 0)} -> Off-road Agriculture and forestry equipment | E34: {=Common_InputFunctions.Utility_DisplayArrayInTable(Fuel_SourceData.Fuel_Scope1Scope3EmissionFactorsTransport_Data(), Table_Fuel_EFs_Transport[[#Headers],[Transport type]], 0)} -> Diesel oil | F34: {=Common_InputFunctions.Utility_DisplayArrayInTable(Fuel_SourceData.Fuel_Scope1Scope3EmissionFactorsTransport_Data(), Table_Fuel_EFs_Transport[[#Headers],[Transport type]], 0)} -> 38.6 | G34: {=Common_InputFunctions.Utility_DisplayArrayInTable(Fuel_SourceData.Fuel_Scope1Scope3EmissionFactorsTransport_Data(), Table_Fuel_EFs_Transport[[#Headers],[Transport type]], 0)} -> kL | H34: {=Common_InputFunctions.Utility_DisplayArrayInTable(Fuel_SourceData.Fuel_Scope1Scope3EmissionFactorsTransport_Data(), Table_Fuel_EFs_Transport[[#Headers],[Transport type]], 0)} -> 69.9 | I34: {=Common_InputFunctions.Utility_DisplayArrayInTable(Fuel_SourceData.Fuel_Scope1Scope3EmissionFactorsTransport_Data(), Table_Fuel_EFs_Transport[[#Headers],[Transport type]], 0)} -> 0.3 | J34: {=Common_InputFunctions.Utility_DisplayArrayInTable(Fuel_SourceData.Fuel_Scope1Scope3EmissionFactorsTransport_Data(), Table_Fuel_EFs_Transport[[#Headers],[Transport type]], 0)} -> 0.5 | K34: {=Common_InputFunctions.Utility_DisplayArrayInTable(Fuel_SourceData.Fuel_Scope1Scope3EmissionFactorsTransport_Data(), Table_Fuel_EFs_Transport[[#Headers],[Transport type]], 0)} | L34: {=Common_InputFunctions.Utility_DisplayArrayInTable(Fuel_SourceData.Fuel_Scope1Scope3EmissionFactorsTransport_Data(), Table_Fuel_EFs_Transport[[#Headers],[Transport type]], 0)} -> 17.3
D37: {=Fuel_SourceData.Fuel_Scope1Scope3EmissionFactorsTransportOffRoad_Title()} -> Fuel scope 1 and 3 emission factors - Off-road equipment and vessels
D38: {=Fuel_SourceData.Fuel_Scope1Scope3EmissionFactorsTransportOffRoad_Source()} -> VEERG 2026: Table A.4.2.1
D39: Transport type t | E39: Fuel type q | F39: ECTrans,q (GJ/kL) | G39: Scope 1 CO2 EFTran,1,tqg (kg CO2-e/GJ) | H39: Scope 1 CH4 EFTran,1,tgg (kg CO2-e/GJ) | I39: Scope 1 N2O EFTran,1,tgg (kg CO2-e/GJ) | J39: Scope 3 EFTrans,3,q (kg CO2-e/GJ)
D40: {=Common_InputFunctions.Utility_DisplayArrayInTable(Fuel_SourceData.Fuel_Scope1Scope3EmissionFactorsTransportOffRoad_Data(), Table_SourceData_Fuel_TransportOffroad[[#Headers],[Transport type t]],0)} -> Vessel | E40: {=Common_InputFunctions.Utility_DisplayArrayInTable(Fuel_SourceData.Fuel_Scope1Scope3EmissionFactorsTransportOffRoad_Data(), Table_SourceData_Fuel_TransportOffroad[[#Headers],[Transport type t]],0)} -> Petrol | F40: {=Common_InputFunctions.Utility_DisplayArrayInTable(Fuel_SourceData.Fuel_Scope1Scope3EmissionFactorsTransportOffRoad_Data(), Table_SourceData_Fuel_TransportOffroad[[#Headers],[Transport type t]],0)} -> 34.2 | G40: {=Common_InputFunctions.Utility_DisplayArrayInTable(Fuel_SourceData.Fuel_Scope1Scope3EmissionFactorsTransportOffRoad_Data(), Table_SourceData_Fuel_TransportOffroad[[#Headers],[Transport type t]],0)} -> 67.4 | H40: {=Common_InputFunctions.Utility_DisplayArrayInTable(Fuel_SourceData.Fuel_Scope1Scope3EmissionFactorsTransportOffRoad_Data(), Table_SourceData_Fuel_TransportOffroad[[#Headers],[Transport type t]],0)} -> 10.1 | I40: {=Common_InputFunctions.Utility_DisplayArrayInTable(Fuel_SourceData.Fuel_Scope1Scope3EmissionFactorsTransportOffRoad_Data(), Table_SourceData_Fuel_TransportOffroad[[#Headers],[Transport type t]],0)} -> 0.3 | J40: {=Common_InputFunctions.Utility_DisplayArrayInTable(Fuel_SourceData.Fuel_Scope1Scope3EmissionFactorsTransportOffRoad_Data(), Table_SourceData_Fuel_TransportOffroad[[#Headers],[Transport type t]],0)} -> 17.2
D41: {=Common_InputFunctions.Utility_DisplayArrayInTable(Fuel_SourceData.Fuel_Scope1Scope3EmissionFactorsTransportOffRoad_Data(), Table_SourceData_Fuel_TransportOffroad[[#Headers],[Transport type t]],0)} -> Vessel | E41: {=Common_InputFunctions.Utility_DisplayArrayInTable(Fuel_SourceData.Fuel_Scope1Scope3EmissionFactorsTransportOffRoad_Data(), Table_SourceData_Fuel_TransportOffroad[[#Headers],[Transport type t]],0)} -> Diesel | F41: {=Common_InputFunctions.Utility_DisplayArrayInTable(Fuel_SourceData.Fuel_Scope1Scope3EmissionFactorsTransportOffRoad_Data(), Table_SourceData_Fuel_TransportOffroad[[#Headers],[Transport type t]],0)} -> 38.6 | G41: {=Common_InputFunctions.Utility_DisplayArrayInTable(Fuel_SourceData.Fuel_Scope1Scope3EmissionFactorsTransportOffRoad_Data(), Table_SourceData_Fuel_TransportOffroad[[#Headers],[Transport type t]],0)} -> 69.9 | H41: {=Common_InputFunctions.Utility_DisplayArrayInTable(Fuel_SourceData.Fuel_Scope1Scope3EmissionFactorsTransportOffRoad_Data(), Table_SourceData_Fuel_TransportOffroad[[#Headers],[Transport type t]],0)} -> 0.2 | I41: {=Common_InputFunctions.Utility_DisplayArrayInTable(Fuel_SourceData.Fuel_Scope1Scope3EmissionFactorsTransportOffRoad_Data(), Table_SourceData_Fuel_TransportOffroad[[#Headers],[Transport type t]],0)} -> 0.5 | J41: {=Common_InputFunctions.Utility_DisplayArrayInTable(Fuel_SourceData.Fuel_Scope1Scope3EmissionFactorsTransportOffRoad_Data(), Table_SourceData_Fuel_TransportOffroad[[#Headers],[Transport type t]],0)} -> 17.3
D42: {=Common_InputFunctions.Utility_DisplayArrayInTable(Fuel_SourceData.Fuel_Scope1Scope3EmissionFactorsTransportOffRoad_Data(), Table_SourceData_Fuel_TransportOffroad[[#Headers],[Transport type t]],0)} -> Vessel | E42: {=Common_InputFunctions.Utility_DisplayArrayInTable(Fuel_SourceData.Fuel_Scope1Scope3EmissionFactorsTransportOffRoad_Data(), Table_SourceData_Fuel_TransportOffroad[[#Headers],[Transport type t]],0)} -> Fuel Oil | F42: {=Common_InputFunctions.Utility_DisplayArrayInTable(Fuel_SourceData.Fuel_Scope1Scope3EmissionFactorsTransportOffRoad_Data(), Table_SourceData_Fuel_TransportOffroad[[#Headers],[Transport type t]],0)} -> 39.7 | G42: {=Common_InputFunctions.Utility_DisplayArrayInTable(Fuel_SourceData.Fuel_Scope1Scope3EmissionFactorsTransportOffRoad_Data(), Table_SourceData_Fuel_TransportOffroad[[#Headers],[Transport type t]],0)} -> 73.6 | H42: {=Common_InputFunctions.Utility_DisplayArrayInTable(Fuel_SourceData.Fuel_Scope1Scope3EmissionFactorsTransportOffRoad_Data(), Table_SourceData_Fuel_TransportOffroad[[#Headers],[Transport type t]],0)} -> 0.2 | I42: {=Common_InputFunctions.Utility_DisplayArrayInTable(Fuel_SourceData.Fuel_Scope1Scope3EmissionFactorsTransportOffRoad_Data(), Table_SourceData_Fuel_TransportOffroad[[#Headers],[Transport type t]],0)} -> 0.5 | J42: {=Common_InputFunctions.Utility_DisplayArrayInTable(Fuel_SourceData.Fuel_Scope1Scope3EmissionFactorsTransportOffRoad_Data(), Table_SourceData_Fuel_TransportOffroad[[#Headers],[Transport type t]],0)} -> 18
D43: {=Common_InputFunctions.Utility_DisplayArrayInTable(Fuel_SourceData.Fuel_Scope1Scope3EmissionFactorsTransportOffRoad_Data(), Table_SourceData_Fuel_TransportOffroad[[#Headers],[Transport type t]],0)} -> Off-road Agriculture and forestry equipment | E43: {=Common_InputFunctions.Utility_DisplayArrayInTable(Fuel_SourceData.Fuel_Scope1Scope3EmissionFactorsTransportOffRoad_Data(), Table_SourceData_Fuel_TransportOffroad[[#Headers],[Transport type t]],0)} -> Diesel | F43: {=Common_InputFunctions.Utility_DisplayArrayInTable(Fuel_SourceData.Fuel_Scope1Scope3EmissionFactorsTransportOffRoad_Data(), Table_SourceData_Fuel_TransportOffroad[[#Headers],[Transport type t]],0)} -> 38.6 | G43: {=Common_InputFunctions.Utility_DisplayArrayInTable(Fuel_SourceData.Fuel_Scope1Scope3EmissionFactorsTransportOffRoad_Data(), Table_SourceData_Fuel_TransportOffroad[[#Headers],[Transport type t]],0)} -> 69.9 | H43: {=Common_InputFunctions.Utility_DisplayArrayInTable(Fuel_SourceData.Fuel_Scope1Scope3EmissionFactorsTransportOffRoad_Data(), Table_SourceData_Fuel_TransportOffroad[[#Headers],[Transport type t]],0)} -> 0.3 | I43: {=Common_InputFunctions.Utility_DisplayArrayInTable(Fuel_SourceData.Fuel_Scope1Scope3EmissionFactorsTransportOffRoad_Data(), Table_SourceData_Fuel_TransportOffroad[[#Headers],[Transport type t]],0)} -> 0.5 | J43: {=Common_InputFunctions.Utility_DisplayArrayInTable(Fuel_SourceData.Fuel_Scope1Scope3EmissionFactorsTransportOffRoad_Data(), Table_SourceData_Fuel_TransportOffroad[[#Headers],[Transport type t]],0)} -> 17.3
D49: {=Fuel_SourceData.Fuel_Scope1Scope3EmissionFactorsStationaryLiquid_Title()} -> Fuel scope 1 and 3 emission factors - Stationary liquid fuels
D50: {=Fuel_SourceData.Fuel_Scope1Scope3EmissionFactorsStationaryLiquid_Description()} -> Direct (Scope 1) and indirect (scope 3) emission factors for the consumption of liquid fuels, including certain petroleum based products for stationary energy purposes.
D51: {=Fuel_SourceData.Fuel_Scope1Scope3EmissionFactorsStationaryLiquid_Source()} -> Australian National Greenhouse Accounts Factors 2025 - Table 8
D52: {="⚠️" & Fuel_SourceData.Fuel_Scope1Scope3EmissionFactorsStationaryLiquid_Variation()} -> ⚠️VARIATION OF SOURCE DATA: 'NE' values returned as zero for calculations.
D53: Fuel combusted | E53: Energy Content Factor (GJ per unit of fuel) | F53: Fuel unit | G53: Scope 1 Emission Factor (kg CO2 - e / GJ) CO2 | H53: Scope 1 Emission Factor (kg CO2 - e / GJ) CH4 | I53: Scope 1 Emission Factor (kg CO2 - e / GJ) N2O | J53: Scope 1 Emission Factor (kg CO2 - e / GJ) Combined gases | K53: Scope 3 Emission Factor (kg CO2 - e / GJ)
D54: {=Common_InputFunctions.Utility_DisplayArrayInTable(Fuel_SourceData.Fuel_Scope1Scope3EmissionFactorsStationaryLiquid_Data(), Table_Fuel_EFs_StationaryLiquid[[#Headers],[Fuel combusted]],0)} -> Petroleum based oils (other than petroleum based oil used as fuel), e.g. lubricants | E54: {=Common_InputFunctions.Utility_DisplayArrayInTable(Fuel_SourceData.Fuel_Scope1Scope3EmissionFactorsStationaryLiquid_Data(), Table_Fuel_EFs_StationaryLiquid[[#Headers],[Fuel combusted]],0)} -> 38.8 | F54: {=Common_InputFunctions.Utility_DisplayArrayInTable(Fuel_SourceData.Fuel_Scope1Scope3EmissionFactorsStationaryLiquid_Data(), Table_Fuel_EFs_StationaryLiquid[[#Headers],[Fuel combusted]],0)} -> kl | G54: {=Common_InputFunctions.Utility_DisplayArrayInTable(Fuel_SourceData.Fuel_Scope1Scope3EmissionFactorsStationaryLiquid_Data(), Table_Fuel_EFs_StationaryLiquid[[#Headers],[Fuel combusted]],0)} -> 13.9 | H54: {=Common_InputFunctions.Utility_DisplayArrayInTable(Fuel_SourceData.Fuel_Scope1Scope3EmissionFactorsStationaryLiquid_Data(), Table_Fuel_EFs_StationaryLiquid[[#Headers],[Fuel combusted]],0)} -> 0 | I54: {=Common_InputFunctions.Utility_DisplayArrayInTable(Fuel_SourceData.Fuel_Scope1Scope3EmissionFactorsStationaryLiquid_Data(), Table_Fuel_EFs_StationaryLiquid[[#Headers],[Fuel combusted]],0)} -> 0 | J54: {=Common_InputFunctions.Utility_DisplayArrayInTable(Fuel_SourceData.Fuel_Scope1Scope3EmissionFactorsStationaryLiquid_Data(), Table_Fuel_EFs_StationaryLiquid[[#Headers],[Fuel combusted]],0)} -> 13.9 | K54: {=Common_InputFunctions.Utility_DisplayArrayInTable(Fuel_SourceData.Fuel_Scope1Scope3EmissionFactorsStationaryLiquid_Data(), Table_Fuel_EFs_StationaryLiquid[[#Headers],[Fuel combusted]],0)} -> 18
D55: {=Common_InputFunctions.Utility_DisplayArrayInTable(Fuel_SourceData.Fuel_Scope1Scope3EmissionFactorsStationaryLiquid_Data(), Table_Fuel_EFs_StationaryLiquid[[#Headers],[Fuel combusted]],0)} -> Petroleum based greases | E55: {=Common_InputFunctions.Utility_DisplayArrayInTable(Fuel_SourceData.Fuel_Scope1Scope3EmissionFactorsStationaryLiquid_Data(), Table_Fuel_EFs_StationaryLiquid[[#Headers],[Fuel combusted]],0)} -> 38.8 | F55: {=Common_InputFunctions.Utility_DisplayArrayInTable(Fuel_SourceData.Fuel_Scope1Scope3EmissionFactorsStationaryLiquid_Data(), Table_Fuel_EFs_StationaryLiquid[[#Headers],[Fuel combusted]],0)} -> kl | G55: {=Common_InputFunctions.Utility_DisplayArrayInTable(Fuel_SourceData.Fuel_Scope1Scope3EmissionFactorsStationaryLiquid_Data(), Table_Fuel_EFs_StationaryLiquid[[#Headers],[Fuel combusted]],0)} -> 3.5 | H55: {=Common_InputFunctions.Utility_DisplayArrayInTable(Fuel_SourceData.Fuel_Scope1Scope3EmissionFactorsStationaryLiquid_Data(), Table_Fuel_EFs_StationaryLiquid[[#Headers],[Fuel combusted]],0)} -> 0 | I55: {=Common_InputFunctions.Utility_DisplayArrayInTable(Fuel_SourceData.Fuel_Scope1Scope3EmissionFactorsStationaryLiquid_Data(), Table_Fuel_EFs_StationaryLiquid[[#Headers],[Fuel combusted]],0)} -> 0 | J55: {=Common_InputFunctions.Utility_DisplayArrayInTable(Fuel_SourceData.Fuel_Scope1Scope3EmissionFactorsStationaryLiquid_Data(), Table_Fuel_EFs_StationaryLiquid[[#Headers],[Fuel combusted]],0)} -> 3.5 | K55: {=Common_InputFunctions.Utility_DisplayArrayInTable(Fuel_SourceData.Fuel_Scope1Scope3EmissionFactorsStationaryLiquid_Data(), Table_Fuel_EFs_StationaryLiquid[[#Headers],[Fuel combusted]],0)} -> 18
D56: {=Common_InputFunctions.Utility_DisplayArrayInTable(Fuel_SourceData.Fuel_Scope1Scope3EmissionFactorsStationaryLiquid_Data(), Table_Fuel_EFs_StationaryLiquid[[#Headers],[Fuel combusted]],0)} -> Crude oil including crude oil condensates | E56: {=Common_InputFunctions.Utility_DisplayArrayInTable(Fuel_SourceData.Fuel_Scope1Scope3EmissionFactorsStationaryLiquid_Data(), Table_Fuel_EFs_StationaryLiquid[[#Headers],[Fuel combusted]],0)} -> 45.3 | F56: {=Common_InputFunctions.Utility_DisplayArrayInTable(Fuel_SourceData.Fuel_Scope1Scope3EmissionFactorsStationaryLiquid_Data(), Table_Fuel_EFs_StationaryLiquid[[#Headers],[Fuel combusted]],0)} -> t | G56: {=Common_InputFunctions.Utility_DisplayArrayInTable(Fuel_SourceData.Fuel_Scope1Scope3EmissionFactorsStationaryLiquid_Data(), Table_Fuel_EFs_StationaryLiquid[[#Headers],[Fuel combusted]],0)} -> 69.6 | H56: {=Common_InputFunctions.Utility_DisplayArrayInTable(Fuel_SourceData.Fuel_Scope1Scope3EmissionFactorsStationaryLiquid_Data(), Table_Fuel_EFs_StationaryLiquid[[#Headers],[Fuel combusted]],0)} -> 0.08 | I56: {=Common_InputFunctions.Utility_DisplayArrayInTable(Fuel_SourceData.Fuel_Scope1Scope3EmissionFactorsStationaryLiquid_Data(), Table_Fuel_EFs_StationaryLiquid[[#Headers],[Fuel combusted]],0)} -> 0.2 | J56: {=Common_InputFunctions.Utility_DisplayArrayInTable(Fuel_SourceData.Fuel_Scope1Scope3EmissionFactorsStationaryLiquid_Data(), Table_Fuel_EFs_StationaryLiquid[[#Headers],[Fuel combusted]],0)} -> 69.88 | K56: {=Common_InputFunctions.Utility_DisplayArrayInTable(Fuel_SourceData.Fuel_Scope1Scope3EmissionFactorsStationaryLiquid_Data(), Table_Fuel_EFs_StationaryLiquid[[#Headers],[Fuel combusted]],0)} -> NE
D57: {=Common_InputFunctions.Utility_DisplayArrayInTable(Fuel_SourceData.Fuel_Scope1Scope3EmissionFactorsStationaryLiquid_Data(), Table_Fuel_EFs_StationaryLiquid[[#Headers],[Fuel combusted]],0)} -> Other natural gas liquids | E57: {=Common_InputFunctions.Utility_DisplayArrayInTable(Fuel_SourceData.Fuel_Scope1Scope3EmissionFactorsStationaryLiquid_Data(), Table_Fuel_EFs_StationaryLiquid[[#Headers],[Fuel combusted]],0)} -> 46.5 | F57: {=Common_InputFunctions.Utility_DisplayArrayInTable(Fuel_SourceData.Fuel_Scope1Scope3EmissionFactorsStationaryLiquid_Data(), Table_Fuel_EFs_StationaryLiquid[[#Headers],[Fuel combusted]],0)} -> t | G57: {=Common_InputFunctions.Utility_DisplayArrayInTable(Fuel_SourceData.Fuel_Scope1Scope3EmissionFactorsStationaryLiquid_Data(), Table_Fuel_EFs_StationaryLiquid[[#Headers],[Fuel combusted]],0)} -> 61 | H57: {=Common_InputFunctions.Utility_DisplayArrayInTable(Fuel_SourceData.Fuel_Scope1Scope3EmissionFactorsStationaryLiquid_Data(), Table_Fuel_EFs_StationaryLiquid[[#Headers],[Fuel combusted]],0)} -> 0.08 | I57: {=Common_InputFunctions.Utility_DisplayArrayInTable(Fuel_SourceData.Fuel_Scope1Scope3EmissionFactorsStationaryLiquid_Data(), Table_Fuel_EFs_StationaryLiquid[[#Headers],[Fuel combusted]],0)} -> 0.2 | J57: {=Common_InputFunctions.Utility_DisplayArrayInTable(Fuel_SourceData.Fuel_Scope1Scope3EmissionFactorsStationaryLiquid_Data(), Table_Fuel_EFs_StationaryLiquid[[#Headers],[Fuel combusted]],0)} -> 61.28 | K57: {=Common_InputFunctions.Utility_DisplayArrayInTable(Fuel_SourceData.Fuel_Scope1Scope3EmissionFactorsStationaryLiquid_Data(), Table_Fuel_EFs_StationaryLiquid[[#Headers],[Fuel combusted]],0)} -> NE
D58: {=Common_InputFunctions.Utility_DisplayArrayInTable(Fuel_SourceData.Fuel_Scope1Scope3EmissionFactorsStationaryLiquid_Data(), Table_Fuel_EFs_StationaryLiquid[[#Headers],[Fuel combusted]],0)} -> Automotive gasoline / petrol (other than for use as fuel in an aircraft) | E58: {=Common_InputFunctions.Utility_DisplayArrayInTable(Fuel_SourceData.Fuel_Scope1Scope3EmissionFactorsStationaryLiquid_Data(), Table_Fuel_EFs_StationaryLiquid[[#Headers],[Fuel combusted]],0)} -> 34.2 | F58: {=Common_InputFunctions.Utility_DisplayArrayInTable(Fuel_SourceData.Fuel_Scope1Scope3EmissionFactorsStationaryLiquid_Data(), Table_Fuel_EFs_StationaryLiquid[[#Headers],[Fuel combusted]],0)} -> kL | G58: {=Common_InputFunctions.Utility_DisplayArrayInTable(Fuel_SourceData.Fuel_Scope1Scope3EmissionFactorsStationaryLiquid_Data(), Table_Fuel_EFs_StationaryLiquid[[#Headers],[Fuel combusted]],0)} -> 67.4 | H58: {=Common_InputFunctions.Utility_DisplayArrayInTable(Fuel_SourceData.Fuel_Scope1Scope3EmissionFactorsStationaryLiquid_Data(), Table_Fuel_EFs_StationaryLiquid[[#Headers],[Fuel combusted]],0)} -> 0.2 | I58: {=Common_InputFunctions.Utility_DisplayArrayInTable(Fuel_SourceData.Fuel_Scope1Scope3EmissionFactorsStationaryLiquid_Data(), Table_Fuel_EFs_StationaryLiquid[[#Headers],[Fuel combusted]],0)} -> 0.2 | J58: {=Common_InputFunctions.Utility_DisplayArrayInTable(Fuel_SourceData.Fuel_Scope1Scope3EmissionFactorsStationaryLiquid_Data(), Table_Fuel_EFs_StationaryLiquid[[#Headers],[Fuel combusted]],0)} -> 67.8 | K58: {=Common_InputFunctions.Utility_DisplayArrayInTable(Fuel_SourceData.Fuel_Scope1Scope3EmissionFactorsStationaryLiquid_Data(), Table_Fuel_EFs_StationaryLiquid[[#Headers],[Fuel combusted]],0)} -> 17.2
D59: {=Common_InputFunctions.Utility_DisplayArrayInTable(Fuel_SourceData.Fuel_Scope1Scope3EmissionFactorsStationaryLiquid_Data(), Table_Fuel_EFs_StationaryLiquid[[#Headers],[Fuel combusted]],0)} -> Aviation gasoline | E59: {=Common_InputFunctions.Utility_DisplayArrayInTable(Fuel_SourceData.Fuel_Scope1Scope3EmissionFactorsStationaryLiquid_Data(), Table_Fuel_EFs_StationaryLiquid[[#Headers],[Fuel combusted]],0)} -> 33.1 | F59: {=Common_InputFunctions.Utility_DisplayArrayInTable(Fuel_SourceData.Fuel_Scope1Scope3EmissionFactorsStationaryLiquid_Data(), Table_Fuel_EFs_StationaryLiquid[[#Headers],[Fuel combusted]],0)} -> kL | G59: {=Common_InputFunctions.Utility_DisplayArrayInTable(Fuel_SourceData.Fuel_Scope1Scope3EmissionFactorsStationaryLiquid_Data(), Table_Fuel_EFs_StationaryLiquid[[#Headers],[Fuel combusted]],0)} -> 67 | H59: {=Common_InputFunctions.Utility_DisplayArrayInTable(Fuel_SourceData.Fuel_Scope1Scope3EmissionFactorsStationaryLiquid_Data(), Table_Fuel_EFs_StationaryLiquid[[#Headers],[Fuel combusted]],0)} -> 0.2 | I59: {=Common_InputFunctions.Utility_DisplayArrayInTable(Fuel_SourceData.Fuel_Scope1Scope3EmissionFactorsStationaryLiquid_Data(), Table_Fuel_EFs_StationaryLiquid[[#Headers],[Fuel combusted]],0)} -> 0.2 | J59: {=Common_InputFunctions.Utility_DisplayArrayInTable(Fuel_SourceData.Fuel_Scope1Scope3EmissionFactorsStationaryLiquid_Data(), Table_Fuel_EFs_StationaryLiquid[[#Headers],[Fuel combusted]],0)} -> 67.4 | K59: {=Common_InputFunctions.Utility_DisplayArrayInTable(Fuel_SourceData.Fuel_Scope1Scope3EmissionFactorsStationaryLiquid_Data(), Table_Fuel_EFs_StationaryLiquid[[#Headers],[Fuel combusted]],0)} -> 18
D60: {=Common_InputFunctions.Utility_DisplayArrayInTable(Fuel_SourceData.Fuel_Scope1Scope3EmissionFactorsStationaryLiquid_Data(), Table_Fuel_EFs_StationaryLiquid[[#Headers],[Fuel combusted]],0)} -> Kerosene (other than for use as fuel in an aircraft) | E60: {=Common_InputFunctions.Utility_DisplayArrayInTable(Fuel_SourceData.Fuel_Scope1Scope3EmissionFactorsStationaryLiquid_Data(), Table_Fuel_EFs_StationaryLiquid[[#Headers],[Fuel combusted]],0)} -> 37.5 | F60: {=Common_InputFunctions.Utility_DisplayArrayInTable(Fuel_SourceData.Fuel_Scope1Scope3EmissionFactorsStationaryLiquid_Data(), Table_Fuel_EFs_StationaryLiquid[[#Headers],[Fuel combusted]],0)} -> kL | G60: {=Common_InputFunctions.Utility_DisplayArrayInTable(Fuel_SourceData.Fuel_Scope1Scope3EmissionFactorsStationaryLiquid_Data(), Table_Fuel_EFs_StationaryLiquid[[#Headers],[Fuel combusted]],0)} -> 68.9 | H60: {=Common_InputFunctions.Utility_DisplayArrayInTable(Fuel_SourceData.Fuel_Scope1Scope3EmissionFactorsStationaryLiquid_Data(), Table_Fuel_EFs_StationaryLiquid[[#Headers],[Fuel combusted]],0)} -> 0.01 | I60: {=Common_InputFunctions.Utility_DisplayArrayInTable(Fuel_SourceData.Fuel_Scope1Scope3EmissionFactorsStationaryLiquid_Data(), Table_Fuel_EFs_StationaryLiquid[[#Headers],[Fuel combusted]],0)} -> 0.2 | J60: {=Common_InputFunctions.Utility_DisplayArrayInTable(Fuel_SourceData.Fuel_Scope1Scope3EmissionFactorsStationaryLiquid_Data(), Table_Fuel_EFs_StationaryLiquid[[#Headers],[Fuel combusted]],0)} -> 69.11 | K60: {=Common_InputFunctions.Utility_DisplayArrayInTable(Fuel_SourceData.Fuel_Scope1Scope3EmissionFactorsStationaryLiquid_Data(), Table_Fuel_EFs_StationaryLiquid[[#Headers],[Fuel combusted]],0)} -> 18
D61: {=Common_InputFunctions.Utility_DisplayArrayInTable(Fuel_SourceData.Fuel_Scope1Scope3EmissionFactorsStationaryLiquid_Data(), Table_Fuel_EFs_StationaryLiquid[[#Headers],[Fuel combusted]],0)} -> Aviation turbine fuel / kerosene | E61: {=Common_InputFunctions.Utility_DisplayArrayInTable(Fuel_SourceData.Fuel_Scope1Scope3EmissionFactorsStationaryLiquid_Data(), Table_Fuel_EFs_StationaryLiquid[[#Headers],[Fuel combusted]],0)} -> 36.8 | F61: {=Common_InputFunctions.Utility_DisplayArrayInTable(Fuel_SourceData.Fuel_Scope1Scope3EmissionFactorsStationaryLiquid_Data(), Table_Fuel_EFs_StationaryLiquid[[#Headers],[Fuel combusted]],0)} -> kL | G61: {=Common_InputFunctions.Utility_DisplayArrayInTable(Fuel_SourceData.Fuel_Scope1Scope3EmissionFactorsStationaryLiquid_Data(), Table_Fuel_EFs_StationaryLiquid[[#Headers],[Fuel combusted]],0)} -> 69.6 | H61: {=Common_InputFunctions.Utility_DisplayArrayInTable(Fuel_SourceData.Fuel_Scope1Scope3EmissionFactorsStationaryLiquid_Data(), Table_Fuel_EFs_StationaryLiquid[[#Headers],[Fuel combusted]],0)} -> 0.02 | I61: {=Common_InputFunctions.Utility_DisplayArrayInTable(Fuel_SourceData.Fuel_Scope1Scope3EmissionFactorsStationaryLiquid_Data(), Table_Fuel_EFs_StationaryLiquid[[#Headers],[Fuel combusted]],0)} -> 0.2 | J61: {=Common_InputFunctions.Utility_DisplayArrayInTable(Fuel_SourceData.Fuel_Scope1Scope3EmissionFactorsStationaryLiquid_Data(), Table_Fuel_EFs_StationaryLiquid[[#Headers],[Fuel combusted]],0)} -> 69.82 | K61: {=Common_InputFunctions.Utility_DisplayArrayInTable(Fuel_SourceData.Fuel_Scope1Scope3EmissionFactorsStationaryLiquid_Data(), Table_Fuel_EFs_StationaryLiquid[[#Headers],[Fuel combusted]],0)} -> 18
D62: {=Common_InputFunctions.Utility_DisplayArrayInTable(Fuel_SourceData.Fuel_Scope1Scope3EmissionFactorsStationaryLiquid_Data(), Table_Fuel_EFs_StationaryLiquid[[#Headers],[Fuel combusted]],0)} -> Heating oil | E62: {=Common_InputFunctions.Utility_DisplayArrayInTable(Fuel_SourceData.Fuel_Scope1Scope3EmissionFactorsStationaryLiquid_Data(), Table_Fuel_EFs_StationaryLiquid[[#Headers],[Fuel combusted]],0)} -> 37.3 | F62: {=Common_InputFunctions.Utility_DisplayArrayInTable(Fuel_SourceData.Fuel_Scope1Scope3EmissionFactorsStationaryLiquid_Data(), Table_Fuel_EFs_StationaryLiquid[[#Headers],[Fuel combusted]],0)} -> kL | G62: {=Common_InputFunctions.Utility_DisplayArrayInTable(Fuel_SourceData.Fuel_Scope1Scope3EmissionFactorsStationaryLiquid_Data(), Table_Fuel_EFs_StationaryLiquid[[#Headers],[Fuel combusted]],0)} -> 69.5 | H62: {=Common_InputFunctions.Utility_DisplayArrayInTable(Fuel_SourceData.Fuel_Scope1Scope3EmissionFactorsStationaryLiquid_Data(), Table_Fuel_EFs_StationaryLiquid[[#Headers],[Fuel combusted]],0)} -> 0.03 | I62: {=Common_InputFunctions.Utility_DisplayArrayInTable(Fuel_SourceData.Fuel_Scope1Scope3EmissionFactorsStationaryLiquid_Data(), Table_Fuel_EFs_StationaryLiquid[[#Headers],[Fuel combusted]],0)} -> 0.2 | J62: {=Common_InputFunctions.Utility_DisplayArrayInTable(Fuel_SourceData.Fuel_Scope1Scope3EmissionFactorsStationaryLiquid_Data(), Table_Fuel_EFs_StationaryLiquid[[#Headers],[Fuel combusted]],0)} -> 69.73 | K62: {=Common_InputFunctions.Utility_DisplayArrayInTable(Fuel_SourceData.Fuel_Scope1Scope3EmissionFactorsStationaryLiquid_Data(), Table_Fuel_EFs_StationaryLiquid[[#Headers],[Fuel combusted]],0)} -> 18
D63: {=Common_InputFunctions.Utility_DisplayArrayInTable(Fuel_SourceData.Fuel_Scope1Scope3EmissionFactorsStationaryLiquid_Data(), Table_Fuel_EFs_StationaryLiquid[[#Headers],[Fuel combusted]],0)} -> Diesel oil | E63: {=Common_InputFunctions.Utility_DisplayArrayInTable(Fuel_SourceData.Fuel_Scope1Scope3EmissionFactorsStationaryLiquid_Data(), Table_Fuel_EFs_StationaryLiquid[[#Headers],[Fuel combusted]],0)} -> 38.6 | F63: {=Common_InputFunctions.Utility_DisplayArrayInTable(Fuel_SourceData.Fuel_Scope1Scope3EmissionFactorsStationaryLiquid_Data(), Table_Fuel_EFs_StationaryLiquid[[#Headers],[Fuel combusted]],0)} -> kL | G63: {=Common_InputFunctions.Utility_DisplayArrayInTable(Fuel_SourceData.Fuel_Scope1Scope3EmissionFactorsStationaryLiquid_Data(), Table_Fuel_EFs_StationaryLiquid[[#Headers],[Fuel combusted]],0)} -> 69.9 | H63: {=Common_InputFunctions.Utility_DisplayArrayInTable(Fuel_SourceData.Fuel_Scope1Scope3EmissionFactorsStationaryLiquid_Data(), Table_Fuel_EFs_StationaryLiquid[[#Headers],[Fuel combusted]],0)} -> 0.1 | I63: {=Common_InputFunctions.Utility_DisplayArrayInTable(Fuel_SourceData.Fuel_Scope1Scope3EmissionFactorsStationaryLiquid_Data(), Table_Fuel_EFs_StationaryLiquid[[#Headers],[Fuel combusted]],0)} -> 0.2 | J63: {=Common_InputFunctions.Utility_DisplayArrayInTable(Fuel_SourceData.Fuel_Scope1Scope3EmissionFactorsStationaryLiquid_Data(), Table_Fuel_EFs_StationaryLiquid[[#Headers],[Fuel combusted]],0)} -> 70.2 | K63: {=Common_InputFunctions.Utility_DisplayArrayInTable(Fuel_SourceData.Fuel_Scope1Scope3EmissionFactorsStationaryLiquid_Data(), Table_Fuel_EFs_StationaryLiquid[[#Headers],[Fuel combusted]],0)} -> 17.3
D64: {=Common_InputFunctions.Utility_DisplayArrayInTable(Fuel_SourceData.Fuel_Scope1Scope3EmissionFactorsStationaryLiquid_Data(), Table_Fuel_EFs_StationaryLiquid[[#Headers],[Fuel combusted]],0)} -> Fuel oil | E64: {=Common_InputFunctions.Utility_DisplayArrayInTable(Fuel_SourceData.Fuel_Scope1Scope3EmissionFactorsStationaryLiquid_Data(), Table_Fuel_EFs_StationaryLiquid[[#Headers],[Fuel combusted]],0)} -> 39.7 | F64: {=Common_InputFunctions.Utility_DisplayArrayInTable(Fuel_SourceData.Fuel_Scope1Scope3EmissionFactorsStationaryLiquid_Data(), Table_Fuel_EFs_StationaryLiquid[[#Headers],[Fuel combusted]],0)} -> kL | G64: {=Common_InputFunctions.Utility_DisplayArrayInTable(Fuel_SourceData.Fuel_Scope1Scope3EmissionFactorsStationaryLiquid_Data(), Table_Fuel_EFs_StationaryLiquid[[#Headers],[Fuel combusted]],0)} -> 73.6 | H64: {=Common_InputFunctions.Utility_DisplayArrayInTable(Fuel_SourceData.Fuel_Scope1Scope3EmissionFactorsStationaryLiquid_Data(), Table_Fuel_EFs_StationaryLiquid[[#Headers],[Fuel combusted]],0)} -> 0.04 | I64: {=Common_InputFunctions.Utility_DisplayArrayInTable(Fuel_SourceData.Fuel_Scope1Scope3EmissionFactorsStationaryLiquid_Data(), Table_Fuel_EFs_StationaryLiquid[[#Headers],[Fuel combusted]],0)} -> 0.2 | J64: {=Common_InputFunctions.Utility_DisplayArrayInTable(Fuel_SourceData.Fuel_Scope1Scope3EmissionFactorsStationaryLiquid_Data(), Table_Fuel_EFs_StationaryLiquid[[#Headers],[Fuel combusted]],0)} -> 73.84 | K64: {=Common_InputFunctions.Utility_DisplayArrayInTable(Fuel_SourceData.Fuel_Scope1Scope3EmissionFactorsStationaryLiquid_Data(), Table_Fuel_EFs_StationaryLiquid[[#Headers],[Fuel combusted]],0)} -> 18
D65: {=Common_InputFunctions.Utility_DisplayArrayInTable(Fuel_SourceData.Fuel_Scope1Scope3EmissionFactorsStationaryLiquid_Data(), Table_Fuel_EFs_StationaryLiquid[[#Headers],[Fuel combusted]],0)} -> Liquefied aromatic hydrocarbons | E65: {=Common_InputFunctions.Utility_DisplayArrayInTable(Fuel_SourceData.Fuel_Scope1Scope3EmissionFactorsStationaryLiquid_Data(), Table_Fuel_EFs_StationaryLiquid[[#Headers],[Fuel combusted]],0)} -> 34.4 | F65: {=Common_InputFunctions.Utility_DisplayArrayInTable(Fuel_SourceData.Fuel_Scope1Scope3EmissionFactorsStationaryLiquid_Data(), Table_Fuel_EFs_StationaryLiquid[[#Headers],[Fuel combusted]],0)} -> kL | G65: {=Common_InputFunctions.Utility_DisplayArrayInTable(Fuel_SourceData.Fuel_Scope1Scope3EmissionFactorsStationaryLiquid_Data(), Table_Fuel_EFs_StationaryLiquid[[#Headers],[Fuel combusted]],0)} -> 69.7 | H65: {=Common_InputFunctions.Utility_DisplayArrayInTable(Fuel_SourceData.Fuel_Scope1Scope3EmissionFactorsStationaryLiquid_Data(), Table_Fuel_EFs_StationaryLiquid[[#Headers],[Fuel combusted]],0)} -> 0.03 | I65: {=Common_InputFunctions.Utility_DisplayArrayInTable(Fuel_SourceData.Fuel_Scope1Scope3EmissionFactorsStationaryLiquid_Data(), Table_Fuel_EFs_StationaryLiquid[[#Headers],[Fuel combusted]],0)} -> 0.2 | J65: {=Common_InputFunctions.Utility_DisplayArrayInTable(Fuel_SourceData.Fuel_Scope1Scope3EmissionFactorsStationaryLiquid_Data(), Table_Fuel_EFs_StationaryLiquid[[#Headers],[Fuel combusted]],0)} -> 69.93 | K65: {=Common_InputFunctions.Utility_DisplayArrayInTable(Fuel_SourceData.Fuel_Scope1Scope3EmissionFactorsStationaryLiquid_Data(), Table_Fuel_EFs_StationaryLiquid[[#Headers],[Fuel combusted]],0)} -> 18
... D77: {=Common_InputFunctions.Utility_DisplayArrayInTable(Fuel_SourceData.Fuel_Scope1Scope3EmissionFactorsStationaryLiquid_Data(), Table_Fuel_EFs_StationaryLiquid[[#Headers],[Fuel combusted]],0)} -> Renewable diesel | E77: {=Common_InputFunctions.Utility_DisplayArrayInTable(Fuel_SourceData.Fuel_Scope1Scope3EmissionFactorsStationaryLiquid_Data(), Table_Fuel_EFs_StationaryLiquid[[#Headers],[Fuel combusted]],0)} -> 38.6 | F77: {=Common_InputFunctions.Utility_DisplayArrayInTable(Fuel_SourceData.Fuel_Scope1Scope3EmissionFactorsStationaryLiquid_Data(), Table_Fuel_EFs_StationaryLiquid[[#Headers],[Fuel combusted]],0)} -> kL | G77: {=Common_InputFunctions.Utility_DisplayArrayInTable(Fuel_SourceData.Fuel_Scope1Scope3EmissionFactorsStationaryLiquid_Data(), Table_Fuel_EFs_StationaryLiquid[[#Headers],[Fuel combusted]],0)} -> 0 | H77: {=Common_InputFunctions.Utility_DisplayArrayInTable(Fuel_SourceData.Fuel_Scope1Scope3EmissionFactorsStationaryLiquid_Data(), Table_Fuel_EFs_StationaryLiquid[[#Headers],[Fuel combusted]],0)} -> 0.1 | I77: {=Common_InputFunctions.Utility_DisplayArrayInTable(Fuel_SourceData.Fuel_Scope1Scope3EmissionFactorsStationaryLiquid_Data(), Table_Fuel_EFs_StationaryLiquid[[#Headers],[Fuel combusted]],0)} -> 0.2 | J77: {=Common_InputFunctions.Utility_DisplayArrayInTable(Fuel_SourceData.Fuel_Scope1Scope3EmissionFactorsStationaryLiquid_Data(), Table_Fuel_EFs_StationaryLiquid[[#Headers],[Fuel combusted]],0)} -> 0.3 | K77: {=Common_InputFunctions.Utility_DisplayArrayInTable(Fuel_SourceData.Fuel_Scope1Scope3EmissionFactorsStationaryLiquid_Data(), Table_Fuel_EFs_StationaryLiquid[[#Headers],[Fuel combusted]],0)} -> NE
D81: {=Fuel_SourceData.Fuel_Scope1EmissionFactorsStationaryGaseous_Title()} -> Fuel scope 1 emission factors - Stationary gaseous fuels
D82: {=Fuel_SourceData.Fuel_Scope1EmissionFactorsStationaryGaseous_Description()} -> Direct (Scope 1) emission factors for the consumption of gaseous fuels including liquefied natural gas
D83: {=Fuel_SourceData.Fuel_Scope1EmissionFactorsStationaryGaseous_Source()} -> Australian National Greenhouse Accounts Factors 2025 - Table 5
D84: {="⚠️" & Fuel_SourceData.Fuel_Scope1EmissionFactorsStationaryGaseous_Variation()} -> ⚠️VARIATION OF SOURCE DATA: 'Natural gas distributed in a pipeline - Gigajoules' and 'Town gas - Gigajoules' were added, each with an energy content factor of 1 GJ per unit of fuel. This is for users who have fuel consumption data in GJ rather than m3.
D86: Fuel combusted | E86: Energy Content Factor (GJ per unit of fuel) | F86: Fuel unit | G86: Scope 1 Emission Factor (kg CO2 - e / GJ) CO2 | H86: Scope 1 Emission Factor (kg CO2 - e / GJ) CH4 | I86: Scope 1 Emission Factor (kg CO2 - e / GJ) N2O | J86: Scope 1 Emission Factor (kg CO2 - e / GJ) Combined gases
D87: {=Common_InputFunctions.Utility_DisplayArrayInTable(Fuel_SourceData.Fuel_Scope1EmissionFactorsStationaryGaseous_Data(), Table_Fuel_EFs_StationaryGaseous[[#Headers],[Fuel combusted]],0)} -> Natural gas distributed in a pipeline | E87: {=Common_InputFunctions.Utility_DisplayArrayInTable(Fuel_SourceData.Fuel_Scope1EmissionFactorsStationaryGaseous_Data(), Table_Fuel_EFs_StationaryGaseous[[#Headers],[Fuel combusted]],0)} -> 0.0393 | F87: {=Common_InputFunctions.Utility_DisplayArrayInTable(Fuel_SourceData.Fuel_Scope1EmissionFactorsStationaryGaseous_Data(), Table_Fuel_EFs_StationaryGaseous[[#Headers],[Fuel combusted]],0)} -> m3 | G87: {=Common_InputFunctions.Utility_DisplayArrayInTable(Fuel_SourceData.Fuel_Scope1EmissionFactorsStationaryGaseous_Data(), Table_Fuel_EFs_StationaryGaseous[[#Headers],[Fuel combusted]],0)} -> 51.4 | H87: {=Common_InputFunctions.Utility_DisplayArrayInTable(Fuel_SourceData.Fuel_Scope1EmissionFactorsStationaryGaseous_Data(), Table_Fuel_EFs_StationaryGaseous[[#Headers],[Fuel combusted]],0)} -> 0.1 | I87: {=Common_InputFunctions.Utility_DisplayArrayInTable(Fuel_SourceData.Fuel_Scope1EmissionFactorsStationaryGaseous_Data(), Table_Fuel_EFs_StationaryGaseous[[#Headers],[Fuel combusted]],0)} -> 0.03 | J87: {=Common_InputFunctions.Utility_DisplayArrayInTable(Fuel_SourceData.Fuel_Scope1EmissionFactorsStationaryGaseous_Data(), Table_Fuel_EFs_StationaryGaseous[[#Headers],[Fuel combusted]],0)} -> 51.53
D88: {=Common_InputFunctions.Utility_DisplayArrayInTable(Fuel_SourceData.Fuel_Scope1EmissionFactorsStationaryGaseous_Data(), Table_Fuel_EFs_StationaryGaseous[[#Headers],[Fuel combusted]],0)} -> Coal seam methane that is captured for combustion | E88: {=Common_InputFunctions.Utility_DisplayArrayInTable(Fuel_SourceData.Fuel_Scope1EmissionFactorsStationaryGaseous_Data(), Table_Fuel_EFs_StationaryGaseous[[#Headers],[Fuel combusted]],0)} -> 0.0377 | F88: {=Common_InputFunctions.Utility_DisplayArrayInTable(Fuel_SourceData.Fuel_Scope1EmissionFactorsStationaryGaseous_Data(), Table_Fuel_EFs_StationaryGaseous[[#Headers],[Fuel combusted]],0)} -> m3 | G88: {=Common_InputFunctions.Utility_DisplayArrayInTable(Fuel_SourceData.Fuel_Scope1EmissionFactorsStationaryGaseous_Data(), Table_Fuel_EFs_StationaryGaseous[[#Headers],[Fuel combusted]],0)} -> 51.4 | H88: {=Common_InputFunctions.Utility_DisplayArrayInTable(Fuel_SourceData.Fuel_Scope1EmissionFactorsStationaryGaseous_Data(), Table_Fuel_EFs_StationaryGaseous[[#Headers],[Fuel combusted]],0)} -> 0.2 | I88: {=Common_InputFunctions.Utility_DisplayArrayInTable(Fuel_SourceData.Fuel_Scope1EmissionFactorsStationaryGaseous_Data(), Table_Fuel_EFs_StationaryGaseous[[#Headers],[Fuel combusted]],0)} -> 0.03 | J88: {=Common_InputFunctions.Utility_DisplayArrayInTable(Fuel_SourceData.Fuel_Scope1EmissionFactorsStationaryGaseous_Data(), Table_Fuel_EFs_StationaryGaseous[[#Headers],[Fuel combusted]],0)} -> 51.63
D89: {=Common_InputFunctions.Utility_DisplayArrayInTable(Fuel_SourceData.Fuel_Scope1EmissionFactorsStationaryGaseous_Data(), Table_Fuel_EFs_StationaryGaseous[[#Headers],[Fuel combusted]],0)} -> Coal mine waste gas that is captured for combustion | E89: {=Common_InputFunctions.Utility_DisplayArrayInTable(Fuel_SourceData.Fuel_Scope1EmissionFactorsStationaryGaseous_Data(), Table_Fuel_EFs_StationaryGaseous[[#Headers],[Fuel combusted]],0)} -> 0.0377 | F89: {=Common_InputFunctions.Utility_DisplayArrayInTable(Fuel_SourceData.Fuel_Scope1EmissionFactorsStationaryGaseous_Data(), Table_Fuel_EFs_StationaryGaseous[[#Headers],[Fuel combusted]],0)} -> m3 | G89: {=Common_InputFunctions.Utility_DisplayArrayInTable(Fuel_SourceData.Fuel_Scope1EmissionFactorsStationaryGaseous_Data(), Table_Fuel_EFs_StationaryGaseous[[#Headers],[Fuel combusted]],0)} -> 51.9 | H89: {=Common_InputFunctions.Utility_DisplayArrayInTable(Fuel_SourceData.Fuel_Scope1EmissionFactorsStationaryGaseous_Data(), Table_Fuel_EFs_StationaryGaseous[[#Headers],[Fuel combusted]],0)} -> 4.6 | I89: {=Common_InputFunctions.Utility_DisplayArrayInTable(Fuel_SourceData.Fuel_Scope1EmissionFactorsStationaryGaseous_Data(), Table_Fuel_EFs_StationaryGaseous[[#Headers],[Fuel combusted]],0)} -> 0.3 | J89: {=Common_InputFunctions.Utility_DisplayArrayInTable(Fuel_SourceData.Fuel_Scope1EmissionFactorsStationaryGaseous_Data(), Table_Fuel_EFs_StationaryGaseous[[#Headers],[Fuel combusted]],0)} -> 56.8
D90: {=Common_InputFunctions.Utility_DisplayArrayInTable(Fuel_SourceData.Fuel_Scope1EmissionFactorsStationaryGaseous_Data(), Table_Fuel_EFs_StationaryGaseous[[#Headers],[Fuel combusted]],0)} -> Compressed natural gas(reverting to standard conditions) | E90: {=Common_InputFunctions.Utility_DisplayArrayInTable(Fuel_SourceData.Fuel_Scope1EmissionFactorsStationaryGaseous_Data(), Table_Fuel_EFs_StationaryGaseous[[#Headers],[Fuel combusted]],0)} -> 0.0393 | F90: {=Common_InputFunctions.Utility_DisplayArrayInTable(Fuel_SourceData.Fuel_Scope1EmissionFactorsStationaryGaseous_Data(), Table_Fuel_EFs_StationaryGaseous[[#Headers],[Fuel combusted]],0)} -> m3 | G90: {=Common_InputFunctions.Utility_DisplayArrayInTable(Fuel_SourceData.Fuel_Scope1EmissionFactorsStationaryGaseous_Data(), Table_Fuel_EFs_StationaryGaseous[[#Headers],[Fuel combusted]],0)} -> 51.4 | H90: {=Common_InputFunctions.Utility_DisplayArrayInTable(Fuel_SourceData.Fuel_Scope1EmissionFactorsStationaryGaseous_Data(), Table_Fuel_EFs_StationaryGaseous[[#Headers],[Fuel combusted]],0)} -> 0.1 | I90: {=Common_InputFunctions.Utility_DisplayArrayInTable(Fuel_SourceData.Fuel_Scope1EmissionFactorsStationaryGaseous_Data(), Table_Fuel_EFs_StationaryGaseous[[#Headers],[Fuel combusted]],0)} -> 0.03 | J90: {=Common_InputFunctions.Utility_DisplayArrayInTable(Fuel_SourceData.Fuel_Scope1EmissionFactorsStationaryGaseous_Data(), Table_Fuel_EFs_StationaryGaseous[[#Headers],[Fuel combusted]],0)} -> 51.53
D91: {=Common_InputFunctions.Utility_DisplayArrayInTable(Fuel_SourceData.Fuel_Scope1EmissionFactorsStationaryGaseous_Data(), Table_Fuel_EFs_StationaryGaseous[[#Headers],[Fuel combusted]],0)} -> Unprocessed natural gas | E91: {=Common_InputFunctions.Utility_DisplayArrayInTable(Fuel_SourceData.Fuel_Scope1EmissionFactorsStationaryGaseous_Data(), Table_Fuel_EFs_StationaryGaseous[[#Headers],[Fuel combusted]],0)} -> 0.0393 | F91: {=Common_InputFunctions.Utility_DisplayArrayInTable(Fuel_SourceData.Fuel_Scope1EmissionFactorsStationaryGaseous_Data(), Table_Fuel_EFs_StationaryGaseous[[#Headers],[Fuel combusted]],0)} -> m3 | G91: {=Common_InputFunctions.Utility_DisplayArrayInTable(Fuel_SourceData.Fuel_Scope1EmissionFactorsStationaryGaseous_Data(), Table_Fuel_EFs_StationaryGaseous[[#Headers],[Fuel combusted]],0)} -> 51.4 | H91: {=Common_InputFunctions.Utility_DisplayArrayInTable(Fuel_SourceData.Fuel_Scope1EmissionFactorsStationaryGaseous_Data(), Table_Fuel_EFs_StationaryGaseous[[#Headers],[Fuel combusted]],0)} -> 0.1 | I91: {=Common_InputFunctions.Utility_DisplayArrayInTable(Fuel_SourceData.Fuel_Scope1EmissionFactorsStationaryGaseous_Data(), Table_Fuel_EFs_StationaryGaseous[[#Headers],[Fuel combusted]],0)} -> 0.03 | J91: {=Common_InputFunctions.Utility_DisplayArrayInTable(Fuel_SourceData.Fuel_Scope1EmissionFactorsStationaryGaseous_Data(), Table_Fuel_EFs_StationaryGaseous[[#Headers],[Fuel combusted]],0)} -> 51.53
D92: {=Common_InputFunctions.Utility_DisplayArrayInTable(Fuel_SourceData.Fuel_Scope1EmissionFactorsStationaryGaseous_Data(), Table_Fuel_EFs_StationaryGaseous[[#Headers],[Fuel combusted]],0)} -> Ethane | E92: {=Common_InputFunctions.Utility_DisplayArrayInTable(Fuel_SourceData.Fuel_Scope1EmissionFactorsStationaryGaseous_Data(), Table_Fuel_EFs_StationaryGaseous[[#Headers],[Fuel combusted]],0)} -> 0.0629 | F92: {=Common_InputFunctions.Utility_DisplayArrayInTable(Fuel_SourceData.Fuel_Scope1EmissionFactorsStationaryGaseous_Data(), Table_Fuel_EFs_StationaryGaseous[[#Headers],[Fuel combusted]],0)} -> m3 | G92: {=Common_InputFunctions.Utility_DisplayArrayInTable(Fuel_SourceData.Fuel_Scope1EmissionFactorsStationaryGaseous_Data(), Table_Fuel_EFs_StationaryGaseous[[#Headers],[Fuel combusted]],0)} -> 56.5 | H92: {=Common_InputFunctions.Utility_DisplayArrayInTable(Fuel_SourceData.Fuel_Scope1EmissionFactorsStationaryGaseous_Data(), Table_Fuel_EFs_StationaryGaseous[[#Headers],[Fuel combusted]],0)} -> 0.03 | I92: {=Common_InputFunctions.Utility_DisplayArrayInTable(Fuel_SourceData.Fuel_Scope1EmissionFactorsStationaryGaseous_Data(), Table_Fuel_EFs_StationaryGaseous[[#Headers],[Fuel combusted]],0)} -> 0.03 | J92: {=Common_InputFunctions.Utility_DisplayArrayInTable(Fuel_SourceData.Fuel_Scope1EmissionFactorsStationaryGaseous_Data(), Table_Fuel_EFs_StationaryGaseous[[#Headers],[Fuel combusted]],0)} -> 56.56
D93: {=Common_InputFunctions.Utility_DisplayArrayInTable(Fuel_SourceData.Fuel_Scope1EmissionFactorsStationaryGaseous_Data(), Table_Fuel_EFs_StationaryGaseous[[#Headers],[Fuel combusted]],0)} -> Coke oven gas | E93: {=Common_InputFunctions.Utility_DisplayArrayInTable(Fuel_SourceData.Fuel_Scope1EmissionFactorsStationaryGaseous_Data(), Table_Fuel_EFs_StationaryGaseous[[#Headers],[Fuel combusted]],0)} -> 0.0181 | F93: {=Common_InputFunctions.Utility_DisplayArrayInTable(Fuel_SourceData.Fuel_Scope1EmissionFactorsStationaryGaseous_Data(), Table_Fuel_EFs_StationaryGaseous[[#Headers],[Fuel combusted]],0)} -> m3 | G93: {=Common_InputFunctions.Utility_DisplayArrayInTable(Fuel_SourceData.Fuel_Scope1EmissionFactorsStationaryGaseous_Data(), Table_Fuel_EFs_StationaryGaseous[[#Headers],[Fuel combusted]],0)} -> 37 | H93: {=Common_InputFunctions.Utility_DisplayArrayInTable(Fuel_SourceData.Fuel_Scope1EmissionFactorsStationaryGaseous_Data(), Table_Fuel_EFs_StationaryGaseous[[#Headers],[Fuel combusted]],0)} -> 0.03 | I93: {=Common_InputFunctions.Utility_DisplayArrayInTable(Fuel_SourceData.Fuel_Scope1EmissionFactorsStationaryGaseous_Data(), Table_Fuel_EFs_StationaryGaseous[[#Headers],[Fuel combusted]],0)} -> 0.05 | J93: {=Common_InputFunctions.Utility_DisplayArrayInTable(Fuel_SourceData.Fuel_Scope1EmissionFactorsStationaryGaseous_Data(), Table_Fuel_EFs_StationaryGaseous[[#Headers],[Fuel combusted]],0)} -> 37.08
D94: {=Common_InputFunctions.Utility_DisplayArrayInTable(Fuel_SourceData.Fuel_Scope1EmissionFactorsStationaryGaseous_Data(), Table_Fuel_EFs_StationaryGaseous[[#Headers],[Fuel combusted]],0)} -> Blast furnace gas | E94: {=Common_InputFunctions.Utility_DisplayArrayInTable(Fuel_SourceData.Fuel_Scope1EmissionFactorsStationaryGaseous_Data(), Table_Fuel_EFs_StationaryGaseous[[#Headers],[Fuel combusted]],0)} -> 0.004 | F94: {=Common_InputFunctions.Utility_DisplayArrayInTable(Fuel_SourceData.Fuel_Scope1EmissionFactorsStationaryGaseous_Data(), Table_Fuel_EFs_StationaryGaseous[[#Headers],[Fuel combusted]],0)} -> m3 | G94: {=Common_InputFunctions.Utility_DisplayArrayInTable(Fuel_SourceData.Fuel_Scope1EmissionFactorsStationaryGaseous_Data(), Table_Fuel_EFs_StationaryGaseous[[#Headers],[Fuel combusted]],0)} -> 234 | H94: {=Common_InputFunctions.Utility_DisplayArrayInTable(Fuel_SourceData.Fuel_Scope1EmissionFactorsStationaryGaseous_Data(), Table_Fuel_EFs_StationaryGaseous[[#Headers],[Fuel combusted]],0)} -> 0.03 | I94: {=Common_InputFunctions.Utility_DisplayArrayInTable(Fuel_SourceData.Fuel_Scope1EmissionFactorsStationaryGaseous_Data(), Table_Fuel_EFs_StationaryGaseous[[#Headers],[Fuel combusted]],0)} -> 0.02 | J94: {=Common_InputFunctions.Utility_DisplayArrayInTable(Fuel_SourceData.Fuel_Scope1EmissionFactorsStationaryGaseous_Data(), Table_Fuel_EFs_StationaryGaseous[[#Headers],[Fuel combusted]],0)} -> 234.05
D95: {=Common_InputFunctions.Utility_DisplayArrayInTable(Fuel_SourceData.Fuel_Scope1EmissionFactorsStationaryGaseous_Data(), Table_Fuel_EFs_StationaryGaseous[[#Headers],[Fuel combusted]],0)} -> Town gas | E95: {=Common_InputFunctions.Utility_DisplayArrayInTable(Fuel_SourceData.Fuel_Scope1EmissionFactorsStationaryGaseous_Data(), Table_Fuel_EFs_StationaryGaseous[[#Headers],[Fuel combusted]],0)} -> 0.039 | F95: {=Common_InputFunctions.Utility_DisplayArrayInTable(Fuel_SourceData.Fuel_Scope1EmissionFactorsStationaryGaseous_Data(), Table_Fuel_EFs_StationaryGaseous[[#Headers],[Fuel combusted]],0)} -> m3 | G95: {=Common_InputFunctions.Utility_DisplayArrayInTable(Fuel_SourceData.Fuel_Scope1EmissionFactorsStationaryGaseous_Data(), Table_Fuel_EFs_StationaryGaseous[[#Headers],[Fuel combusted]],0)} -> 60.2 | H95: {=Common_InputFunctions.Utility_DisplayArrayInTable(Fuel_SourceData.Fuel_Scope1EmissionFactorsStationaryGaseous_Data(), Table_Fuel_EFs_StationaryGaseous[[#Headers],[Fuel combusted]],0)} -> 0.04 | I95: {=Common_InputFunctions.Utility_DisplayArrayInTable(Fuel_SourceData.Fuel_Scope1EmissionFactorsStationaryGaseous_Data(), Table_Fuel_EFs_StationaryGaseous[[#Headers],[Fuel combusted]],0)} -> 0.03 | J95: {=Common_InputFunctions.Utility_DisplayArrayInTable(Fuel_SourceData.Fuel_Scope1EmissionFactorsStationaryGaseous_Data(), Table_Fuel_EFs_StationaryGaseous[[#Headers],[Fuel combusted]],0)} -> 60.27
D96: {=Common_InputFunctions.Utility_DisplayArrayInTable(Fuel_SourceData.Fuel_Scope1EmissionFactorsStationaryGaseous_Data(), Table_Fuel_EFs_StationaryGaseous[[#Headers],[Fuel combusted]],0)} -> Liquefied natural gas | E96: {=Common_InputFunctions.Utility_DisplayArrayInTable(Fuel_SourceData.Fuel_Scope1EmissionFactorsStationaryGaseous_Data(), Table_Fuel_EFs_StationaryGaseous[[#Headers],[Fuel combusted]],0)} -> 25.3 | F96: {=Common_InputFunctions.Utility_DisplayArrayInTable(Fuel_SourceData.Fuel_Scope1EmissionFactorsStationaryGaseous_Data(), Table_Fuel_EFs_StationaryGaseous[[#Headers],[Fuel combusted]],0)} -> kL | G96: {=Common_InputFunctions.Utility_DisplayArrayInTable(Fuel_SourceData.Fuel_Scope1EmissionFactorsStationaryGaseous_Data(), Table_Fuel_EFs_StationaryGaseous[[#Headers],[Fuel combusted]],0)} -> 51.4 | H96: {=Common_InputFunctions.Utility_DisplayArrayInTable(Fuel_SourceData.Fuel_Scope1EmissionFactorsStationaryGaseous_Data(), Table_Fuel_EFs_StationaryGaseous[[#Headers],[Fuel combusted]],0)} -> 0.1 | I96: {=Common_InputFunctions.Utility_DisplayArrayInTable(Fuel_SourceData.Fuel_Scope1EmissionFactorsStationaryGaseous_Data(), Table_Fuel_EFs_StationaryGaseous[[#Headers],[Fuel combusted]],0)} -> 0.03 | J96: {=Common_InputFunctions.Utility_DisplayArrayInTable(Fuel_SourceData.Fuel_Scope1EmissionFactorsStationaryGaseous_Data(), Table_Fuel_EFs_StationaryGaseous[[#Headers],[Fuel combusted]],0)} -> 51.53
D97: {=Common_InputFunctions.Utility_DisplayArrayInTable(Fuel_SourceData.Fuel_Scope1EmissionFactorsStationaryGaseous_Data(), Table_Fuel_EFs_StationaryGaseous[[#Headers],[Fuel combusted]],0)} -> Gaseous fossil fuels other than those mentioned in the items above | E97: {=Common_InputFunctions.Utility_DisplayArrayInTable(Fuel_SourceData.Fuel_Scope1EmissionFactorsStationaryGaseous_Data(), Table_Fuel_EFs_StationaryGaseous[[#Headers],[Fuel combusted]],0)} -> 0.039 | F97: {=Common_InputFunctions.Utility_DisplayArrayInTable(Fuel_SourceData.Fuel_Scope1EmissionFactorsStationaryGaseous_Data(), Table_Fuel_EFs_StationaryGaseous[[#Headers],[Fuel combusted]],0)} -> m3 | G97: {=Common_InputFunctions.Utility_DisplayArrayInTable(Fuel_SourceData.Fuel_Scope1EmissionFactorsStationaryGaseous_Data(), Table_Fuel_EFs_StationaryGaseous[[#Headers],[Fuel combusted]],0)} -> 51.4 | H97: {=Common_InputFunctions.Utility_DisplayArrayInTable(Fuel_SourceData.Fuel_Scope1EmissionFactorsStationaryGaseous_Data(), Table_Fuel_EFs_StationaryGaseous[[#Headers],[Fuel combusted]],0)} -> 0.1 | I97: {=Common_InputFunctions.Utility_DisplayArrayInTable(Fuel_SourceData.Fuel_Scope1EmissionFactorsStationaryGaseous_Data(), Table_Fuel_EFs_StationaryGaseous[[#Headers],[Fuel combusted]],0)} -> 0.03 | J97: {=Common_InputFunctions.Utility_DisplayArrayInTable(Fuel_SourceData.Fuel_Scope1EmissionFactorsStationaryGaseous_Data(), Table_Fuel_EFs_StationaryGaseous[[#Headers],[Fuel combusted]],0)} -> 51.53
D98: {=Common_InputFunctions.Utility_DisplayArrayInTable(Fuel_SourceData.Fuel_Scope1EmissionFactorsStationaryGaseous_Data(), Table_Fuel_EFs_StationaryGaseous[[#Headers],[Fuel combusted]],0)} -> Landfill biogas that is captured for combustion (methane only) | E98: {=Common_InputFunctions.Utility_DisplayArrayInTable(Fuel_SourceData.Fuel_Scope1EmissionFactorsStationaryGaseous_Data(), Table_Fuel_EFs_StationaryGaseous[[#Headers],[Fuel combusted]],0)} -> 0.0377 | F98: {=Common_InputFunctions.Utility_DisplayArrayInTable(Fuel_SourceData.Fuel_Scope1EmissionFactorsStationaryGaseous_Data(), Table_Fuel_EFs_StationaryGaseous[[#Headers],[Fuel combusted]],0)} -> m3 | G98: {=Common_InputFunctions.Utility_DisplayArrayInTable(Fuel_SourceData.Fuel_Scope1EmissionFactorsStationaryGaseous_Data(), Table_Fuel_EFs_StationaryGaseous[[#Headers],[Fuel combusted]],0)} -> 0 | H98: {=Common_InputFunctions.Utility_DisplayArrayInTable(Fuel_SourceData.Fuel_Scope1EmissionFactorsStationaryGaseous_Data(), Table_Fuel_EFs_StationaryGaseous[[#Headers],[Fuel combusted]],0)} -> 6.4 | I98: {=Common_InputFunctions.Utility_DisplayArrayInTable(Fuel_SourceData.Fuel_Scope1EmissionFactorsStationaryGaseous_Data(), Table_Fuel_EFs_StationaryGaseous[[#Headers],[Fuel combusted]],0)} -> 0.03 | J98: {=Common_InputFunctions.Utility_DisplayArrayInTable(Fuel_SourceData.Fuel_Scope1EmissionFactorsStationaryGaseous_Data(), Table_Fuel_EFs_StationaryGaseous[[#Headers],[Fuel combusted]],0)} -> 6.43
... D104: {=Common_InputFunctions.Utility_DisplayArrayInTable(Fuel_SourceData.Fuel_Scope1EmissionFactorsStationaryGaseous_Data(), Table_Fuel_EFs_StationaryGaseous[[#Headers],[Fuel combusted]],0)} -> Town gas - Gigajoules | E104: {=Common_InputFunctions.Utility_DisplayArrayInTable(Fuel_SourceData.Fuel_Scope1EmissionFactorsStationaryGaseous_Data(), Table_Fuel_EFs_StationaryGaseous[[#Headers],[Fuel combusted]],0)} -> 1 | F104: {=Common_InputFunctions.Utility_DisplayArrayInTable(Fuel_SourceData.Fuel_Scope1EmissionFactorsStationaryGaseous_Data(), Table_Fuel_EFs_StationaryGaseous[[#Headers],[Fuel combusted]],0)} -> GJ | G104: {=Common_InputFunctions.Utility_DisplayArrayInTable(Fuel_SourceData.Fuel_Scope1EmissionFactorsStationaryGaseous_Data(), Table_Fuel_EFs_StationaryGaseous[[#Headers],[Fuel combusted]],0)} -> 60.2 | H104: {=Common_InputFunctions.Utility_DisplayArrayInTable(Fuel_SourceData.Fuel_Scope1EmissionFactorsStationaryGaseous_Data(), Table_Fuel_EFs_StationaryGaseous[[#Headers],[Fuel combusted]],0)} -> 0.04 | I104: {=Common_InputFunctions.Utility_DisplayArrayInTable(Fuel_SourceData.Fuel_Scope1EmissionFactorsStationaryGaseous_Data(), Table_Fuel_EFs_StationaryGaseous[[#Headers],[Fuel combusted]],0)} -> 0.03 | J104: {=Common_InputFunctions.Utility_DisplayArrayInTable(Fuel_SourceData.Fuel_Scope1EmissionFactorsStationaryGaseous_Data(), Table_Fuel_EFs_StationaryGaseous[[#Headers],[Fuel combusted]],0)} -> 60.27
D107: {=Fuel_SourceData.Fuel_Scope3EmissionFactorsStationaryGaseous_Title()} -> Fuel scope 3 emission factors - Stationary gaseous fuels
D108: {=Fuel_SourceData.Fuel_Scope3EmissionFactorsStationaryGaseous_Description()} -> Indirect (Scope 3) emission factors for the consumption of natural gas.
D109: {=Fuel_SourceData.Fuel_Scope3EmissionFactorsStationaryGaseous_Source()} -> Australian National Greenhouse Accounts Factors 2025 - Table 6
D110: {="⚠️"&Fuel_SourceData.Fuel_Scope3EmissionFactorsStationaryGaseous_Variation()} -> ⚠️VARIATION OF SOURCE DATA: NSW and ACT split into separate rows. 'C' Values for Tasmania and Northern Territory replaced with those for Victoria and Western Australia respectively. (See appendices)
D112: State or territory | E112: Scope 3 Emission Factors for Natural Gas (kg CO2 - e / GJ) Metro | F112: Scope 3 Emission Factors for Natural Gas (kg CO2 - e / GJ) Non - Metro | H112: Appendices
D113: {=Common_InputFunctions.Utility_DisplayArrayInTable(Fuel_SourceData.Fuel_Scope3EmissionFactorsStationaryGaseous_Data(), Table_Fuel_EFs_StationaryGaseous34[[#Headers],[State or territory]],0)} -> New South Wales | E113: {=Common_InputFunctions.Utility_DisplayArrayInTable(Fuel_SourceData.Fuel_Scope3EmissionFactorsStationaryGaseous_Data(), Table_Fuel_EFs_StationaryGaseous34[[#Headers],[State or territory]],0)} -> 13.1 | F113: {=Common_InputFunctions.Utility_DisplayArrayInTable(Fuel_SourceData.Fuel_Scope3EmissionFactorsStationaryGaseous_Data(), Table_Fuel_EFs_StationaryGaseous34[[#Headers],[State or territory]],0)} -> 14 | G113: {=Fuel_SourceData.Fuel_Scope3EmissionFactorsStationaryGaseous_Appendices()} -> - | H113: As Scope 3 factors are calculated at the point where natural gas is delivered to end users, it is necessary to calculate consumption at each of the load centres.
D114: {=Common_InputFunctions.Utility_DisplayArrayInTable(Fuel_SourceData.Fuel_Scope3EmissionFactorsStationaryGaseous_Data(), Table_Fuel_EFs_StationaryGaseous34[[#Headers],[State or territory]],0)} -> ACT | E114: {=Common_InputFunctions.Utility_DisplayArrayInTable(Fuel_SourceData.Fuel_Scope3EmissionFactorsStationaryGaseous_Data(), Table_Fuel_EFs_StationaryGaseous34[[#Headers],[State or territory]],0)} -> 13.1 | F114: {=Common_InputFunctions.Utility_DisplayArrayInTable(Fuel_SourceData.Fuel_Scope3EmissionFactorsStationaryGaseous_Data(), Table_Fuel_EFs_StationaryGaseous34[[#Headers],[State or territory]],0)} -> 14 | H114: Gas reaches end users either from the metro distribution networks or direct from the high - pressure distribution pipelines.
D115: {=Common_InputFunctions.Utility_DisplayArrayInTable(Fuel_SourceData.Fuel_Scope3EmissionFactorsStationaryGaseous_Data(), Table_Fuel_EFs_StationaryGaseous34[[#Headers],[State or territory]],0)} -> Victoria | E115: {=Common_InputFunctions.Utility_DisplayArrayInTable(Fuel_SourceData.Fuel_Scope3EmissionFactorsStationaryGaseous_Data(), Table_Fuel_EFs_StationaryGaseous34[[#Headers],[State or territory]],0)} -> 4 | F115: {=Common_InputFunctions.Utility_DisplayArrayInTable(Fuel_SourceData.Fuel_Scope3EmissionFactorsStationaryGaseous_Data(), Table_Fuel_EFs_StationaryGaseous34[[#Headers],[State or territory]],0)} -> 4 | H115: Households and commercial users tend to be served by the former, and electricity generators and large industrial plants from the latter.
D116: {=Common_InputFunctions.Utility_DisplayArrayInTable(Fuel_SourceData.Fuel_Scope3EmissionFactorsStationaryGaseous_Data(), Table_Fuel_EFs_StationaryGaseous34[[#Headers],[State or territory]],0)} -> Queensland | E116: {=Common_InputFunctions.Utility_DisplayArrayInTable(Fuel_SourceData.Fuel_Scope3EmissionFactorsStationaryGaseous_Data(), Table_Fuel_EFs_StationaryGaseous34[[#Headers],[State or territory]],0)} -> 8.8 | F116: {=Common_InputFunctions.Utility_DisplayArrayInTable(Fuel_SourceData.Fuel_Scope3EmissionFactorsStationaryGaseous_Data(), Table_Fuel_EFs_StationaryGaseous34[[#Headers],[State or territory]],0)} -> 7.9 | G116: - | H116: Metro is defined as located on or east of the dividing range in NSW, including Canberra and Queanbeyan, Melbourne, Brisbane, Adelaide or Perth.
