Workbook
Name Common_Equations.Common_ConvertCH4ToCO2e: _xlfn.LAMBDA(_xlpm.E_CH4,_xlpm.GWP_CH4, _xlpm.E_CH4 * _xlpm.GWP_CH4)
Name Common_Equations.Common_ConvertCH4ToCO2e_Arguments: _xlfn.LAMBDA(_xlfn.MAKEARRAY(2, 2, _xlfn.LAMBDA(_xlpm.r,_xlpm.c, INDEX({"ECH4","Methane emissions (t CH4)";"GWPCH4","Global warming potential for methane (t CO2-e / t CH4)"}, _xlpm.r, _xlpm.c))))
Name Common_Equations.Common_ConvertCH4ToCO2e_LatexEquation: _xlfn.LAMBDA("CO2_e = E_{CH4} \times GWP_{CH4}")
Name Common_Equations.Common_ConvertCH4ToCO2e_NIRReference: _xlfn.LAMBDA("")
Name Common_Equations.Common_ConvertCH4ToCO2e_Title: _xlfn.LAMBDA("Convert methane emissions to carbon dioxide equivalent emissions")
Name Common_Equations.Common_ConvertCH4ToCO2e_Unit: _xlfn.LAMBDA("t CO2e")
Name Common_Equations.Common_ConvertCH4ToCO2e_Variable: _xlfn.LAMBDA("ECH4 CO2e")
Name Common_Equations.Common_ConvertN2OToCO2e: _xlfn.LAMBDA(_xlpm.E_N2O,_xlpm.GWP_N2O, _xlpm.E_N2O * _xlpm.GWP_N2O)
Name Common_Equations.Common_ConvertN2OToCO2e_LatexEquation: _xlfn.LAMBDA("CO2_e = E_{N2O} \times GWP_{N2O}")
Name Common_Equations.Common_ConvertN2OToCO2e_NIRReference: _xlfn.LAMBDA("")
Name Common_Equations.Common_ConvertN2OToCO2e_Title: _xlfn.LAMBDA("Convert nitrous oxide emissions to carbon dioxide equivalent emissions")
Name Common_Equations.Common_ConvertN2OToCO2e_Unit: _xlfn.LAMBDA("t CO2e")
Name Common_Equations.Common_ConvertN2OToCO2e_Variable: _xlfn.LAMBDA("EN2O CO2e")
Name Common_InputFunctions.Utility_ConvertStateCommonNameToAbbreviation: _xlfn.LAMBDA(_xlpm.StateCommonName,_xlpm.StateCommonNameArray,_xlpm.StateAbbreviationArray, _xlfn.XLOOKUP(_xlpm.StateCommonName, _xlpm.StateCommonNameArray, _xlpm.StateAbbreviationArray, ""))
Name Common_InputFunctions.Utility_DisplayArguments_1_2: _xlfn.LAMBDA(_xlpm.ArgumentsArray, _xlfn.CHOOSECOLS(_xlpm.ArgumentsArray, 1, 2))
Name Common_InputFunctions.Utility_DisplayArguments_3_4: _xlfn.LAMBDA(_xlpm.ArgumentsArray, _xlfn.CHOOSECOLS(_xlpm.ArgumentsArray, 3, 4))
Name Common_InputFunctions.Utility_DisplayFunctionName: _xlfn.LAMBDA(_xlpm.Function, _xlfn.TEXTBEFORE(_xlfn.FORMULATEXT(_xlpm.Function), "("))
Name Common_InputFunctions.Utility_GetArrayTableColumnStartNumber: _xlfn.LAMBDA(_xlpm.TableHeaderCell, COLUMN(_xlpm.TableHeaderCell))
Name Common_InputFunctions.Utility_GetArrayTableRowStartNumber: _xlfn.LAMBDA(_xlpm.TableheaderCell,_xlpm.RowsBetweenHeaderandArray, ROW(_xlpm.TableheaderCell) + _xlpm.RowsBetweenHeaderandArray - 1)
Name Common_InputFunctions.Utility_LookupValueInTable: _xlfn.LAMBDA(_xlpm.LookupValue,_xlpm.LookupArray,_xlpm.ReturnArray, _xlfn.XLOOKUP(_xlpm.LookupValue, _xlpm.LookupArray, _xlpm.ReturnArray, ""))
Name Common_InputFunctions.Utility_SourceHyperlink: _xlfn.LAMBDA(_xlpm.TargetCell, _xlfn.LET(_xlpm.sh, _xlfn.TEXTAFTER(CELL("filename", _xlpm.TargetCell), "]"), _xlpm.addr, CELL("address", _xlpm.TargetCell), "#'" & _xlpm.sh & "'!" & _xlpm.addr))
Name Common_SourceData.Common_SourceData_AustralianStatesTerritories_Source: _xlfn.LAMBDA("")
Name Common_SourceData.Common_SourceData_AustralianStatesTerritories_Title: _xlfn.LAMBDA("Australian states and territories")
Name Common_SourceData.Common_SourceData_AustralianStatesTerritories_Unit: _xlfn.LAMBDA("")
Name Common_SourceData.Common_SourceData_AustralianStatesTerritories_Variable: _xlfn.LAMBDA("")
Name Common_SourceData.Common_SourceData_ClimateZones_Source: _xlfn.LAMBDA("VEERG 2026: Table 1.3: Climate and Rainfall zone classifications and definitions")
Name Common_SourceData.Common_SourceData_ClimateZones_Title: _xlfn.LAMBDA("VEERG Australian climate zones")
Name Common_SourceData.Common_SourceData_ClimateZones_Unit: _xlfn.LAMBDA("")
Name Common_SourceData.Common_SourceData_ClimateZones_Variable: _xlfn.LAMBDA("")
Name Common_SourceData.Common_SourceData_ConvertGasElementalToMolecular_Source: _xlfn.LAMBDA("XXXXXXX")
Name Common_SourceData.Common_SourceData_ConvertGasElementalToMolecular_Title: _xlfn.LAMBDA("Factor to convert elemental mass of gas to molecular mass")
Name Common_SourceData.Common_SourceData_ConvertGasElementalToMolecular_Unit: _xlfn.LAMBDA("factor")
Name Common_SourceData.Common_SourceData_ConvertGasElementalToMolecular_Variable: _xlfn.LAMBDA("Cg")
Name Common_SourceData.Common_SourceData_ConvertN2oElementalToMolecularCg_Data: _xlfn.LAMBDA(44 / 28)
Name Common_SourceData.Common_SourceData_ConvertN2oElementalToMolecularCg_Source: _xlfn.LAMBDA("National Inventory Report 2023 Volume 1")
Name Common_SourceData.Common_SourceData_ConvertN2oElementalToMolecularCg_Title: _xlfn.LAMBDA("Factor to convert elemental mass of N2O to molecular mass")
Name Common_SourceData.Common_SourceData_ConvertN2oElementalToMolecularCg_Unit: _xlfn.LAMBDA("factor")
Name Common_SourceData.Common_SourceData_ConvertN2oElementalToMolecularCg_Variable: _xlfn.LAMBDA("CgN2O")
Name Common_SourceData.Common_SourceData_DataScores_Scope3_Source: _xlfn.LAMBDA("VEERG 2026: XXXXXXXX")
Name Common_SourceData.Common_SourceData_DataScores_Scope3_Title: _xlfn.LAMBDA("Australian data scores for scope 3")
Name Common_SourceData.Common_SourceData_DataScores_Scope3_Unit: _xlfn.LAMBDA("")
Name Common_SourceData.Common_SourceData_DataScores_Scope3_Variable: _xlfn.LAMBDA("")
Name Common_SourceData.Common_SourceData_DataScores_Scope3_Variation: _xlfn.LAMBDA("")
Name Common_SourceData.Common_SourceData_DensityOfMethane_Data: _xlfn.LAMBDA(0.6784)
Name Common_SourceData.Common_SourceData_DensityOfMethane_Source: _xlfn.LAMBDA("National Inventory Report 2023 Volume 1: Equations 3.B.1a_2, 3.B.1c_2, 3.B.3_1, 3.B.4g_2")
Name Common_SourceData.Common_SourceData_DensityOfMethane_Title: _xlfn.LAMBDA("p = density of methane")
Name Common_SourceData.Common_SourceData_DensityOfMethane_Unit: _xlfn.LAMBDA("kg/m3")
Name Common_SourceData.Common_SourceData_EFleach_Data: _xlfn.LAMBDA(_xlfn.MAKEARRAY(1, 2, _xlfn.LAMBDA(_xlpm.r,_xlpm.c, INDEX({"EFleach",0.011}, _xlpm.r, _xlpm.c))))
Name Common_SourceData.Common_SourceData_EFleach_NIRReference: _xlfn.LAMBDA("National Inventory Report Volume 1: Equation 3.D.B_10")
Name Common_SourceData.Common_SourceData_EFleach_Source: _xlfn.LAMBDA("VEERG 2026:5.5.2.3 Constant Parameters")
Name Common_SourceData.Common_SourceData_EFleach_Title: _xlfn.LAMBDA("Emission factor for nitrogen leaching and runoff")
Name Common_SourceData.Common_SourceData_EFleach_Unit: _xlfn.LAMBDA("(kg N2O-N / kg N")
Name Common_SourceData.Common_SourceData_EFleach_Variation: _xlfn.LAMBDA((""))
Name Common_SourceData.Common_SourceData_EFN2O_NIRReference: _xlfn.LAMBDA("")
Name Common_SourceData.Common_SourceData_EFN2O_Source: _xlfn.LAMBDA("VEERG 2026: Table A.2.2.1")
Name Common_SourceData.Common_SourceData_EFN2O_Title: _xlfn.LAMBDA("Nitrous oxide emission factors for inorganic fertiliser application")
Name Common_SourceData.Common_SourceData_EFN2O_Unit: _xlfn.LAMBDA("(kg N2O-N / kg N")
Name Common_SourceData.Common_SourceData_EFOrganicFertiliserAndCropResidues_Data: _xlfn.LAMBDA(_xlfn.MAKEARRAY(3, 2, _xlfn.LAMBDA(_xlpm.r,_xlpm.c, INDEX({"Climate zone","EFNi & EFN2O";"Wet climate zone",0.006;"Dry climate zone",0.005}, _xlpm.r, _xlpm.c))))
Name Common_SourceData.Common_SourceData_EFOrganicFertiliserAndCropResidues_NIRReference: _xlfn.LAMBDA("")
Name Common_SourceData.Common_SourceData_EFOrganicFertiliserAndCropResidues_Source: _xlfn.LAMBDA("VEERG 2026: Table A.2.1.4")

Sheet Home
A1: Home

Sheet Overview
A1: #VALUE! | C1: 9: Refrigerant use: Overview
A3: =HYPERLINK("#'Home'!A1", "Home") -> Home
A4: =HYPERLINK("#'Overview'!A1", "Overview") -> Overview
A5: =HYPERLINK("#'Results'!A1", "Results") -> Results | D5: 💡 Below is a diagram that maps the equations used to calculate emissions, and how they interact with each other.
D6: Click on a box to go to the corresponding calculation.
A7: INPUTS
A8: =HYPERLINK("#'Input - Refrigerants'!A1", "Refrigerants") -> Refrigerants
A10: CALCULATIONS
A11: =HYPERLINK("#'9.1.1.1-2 Refrigerant use'!A1", "9.1.1.1-2 Refrigerant use") -> 9.1.1.1-2 Refrigerant use
A13: APPENDICES
A14: =HYPERLINK("#'Constants - Refrigerants'!A1", "Constants - Refrigerants") -> Constants - Refrigerants
A15: =HYPERLINK("#'Constants - Common'!A1", "Constants - Common") -> Constants - Common
L37: `

Sheet Results
A1: #VALUE! | C1: 9: Refrigerant use: Results
A3: =HYPERLINK("#'Home'!A1", "Home") -> Home
A4: =HYPERLINK("#'Overview'!A1", "Overview") -> Overview | D4: Emissions breakdown
A5: =HYPERLINK("#'Results'!A1", "Results") -> Results
D6: 💡 NOTE: When there is no Method 2, the Method 2 result are the same as Method 1
A7: INPUTS
A8: =HYPERLINK("#'Input - Refrigerants'!A1", "Refrigerants") -> Refrigerants | D8: Scope 1 source | E8: GHG emissions method 1 | F8: GHG emissions method 2 | G8: GHG Unit | H8: CO2-e emissions method 1 | I8: CO2-e emissions method 2
D9: 9.1.1.1-2 Refrigerant leakage | E9: ='9.1.1.1-2 Refrigerant use'!E36 -> 0.00085 | F9: =E9 -> 0.00085 | G9: =IF(ISBLANK('9.1.1.1-2 Refrigerant use'!D36), "", "t " & '9.1.1.1-2 Refrigerant use'!D36) -> t R-402A | H9: ='9.1.1.1-2 Refrigerant use'!G62 -> 1.1860424 | I9: =H9 -> 1.1860424 | J9: =IF(ISBLANK('9.1.1.1-2 Refrigerant use'!D36), "", "t CO2e") -> t CO2e
A10: CALCULATIONS | E10: ='9.1.1.1-2 Refrigerant use'!E37 -> 0.00175 | F10: =E10 -> 0.00175 | G10: =IF(ISBLANK('9.1.1.1-2 Refrigerant use'!D37), "", "t " & '9.1.1.1-2 Refrigerant use'!D37) -> t R-422B | H10: ='9.1.1.1-2 Refrigerant use'!G63 -> 2.0794288 | I10: =H10 -> 2.0794288 | J10: =IF(ISBLANK('9.1.1.1-2 Refrigerant use'!D37), "", "t CO2e") -> t CO2e
A11: =HYPERLINK("#'9.1.1.1-2 Refrigerant use'!A1", "9.1.1.1-2 Refrigerant use") -> 9.1.1.1-2 Refrigerant use | E11: ='9.1.1.1-2 Refrigerant use'!E38 -> 0.01221 | F11: =E11 -> 0.01221 | G11: =IF(ISBLANK('9.1.1.1-2 Refrigerant use'!D38), "", "t " & '9.1.1.1-2 Refrigerant use'!D38) -> t R-400 60/40 | H11: ='9.1.1.1-2 Refrigerant use'!G64 -> 70.007256 | I11: =H11 -> 70.007256 | J11: =IF(ISBLANK('9.1.1.1-2 Refrigerant use'!D38), "", "t CO2e") -> t CO2e
E12: ='9.1.1.1-2 Refrigerant use'!E39 -> 0.0157 | F12: =E12 -> 0.0157 | G12: =IF(ISBLANK('9.1.1.1-2 Refrigerant use'!D39), "", "t " & '9.1.1.1-2 Refrigerant use'!D39) -> t R-504 | H12: ='9.1.1.1-2 Refrigerant use'!G65 -> 34.780656 | I12: =H12 -> 34.780656 | J12: =IF(ISBLANK('9.1.1.1-2 Refrigerant use'!D39), "", "t CO2e") -> t CO2e
A13: APPENDICES | E13: ='9.1.1.1-2 Refrigerant use'!E40 -> 0 | F13: =E13 -> 0 | G13: =IF(ISBLANK('9.1.1.1-2 Refrigerant use'!D40), "", "t " & '9.1.1.1-2 Refrigerant use'!D40) | H13: ='9.1.1.1-2 Refrigerant use'!G66 -> 0 | I13: =H13 -> 0 | J13: =IF(ISBLANK('9.1.1.1-2 Refrigerant use'!D40), "", "t CO2e")
A14: =HYPERLINK("#'Constants - Refrigerants'!A1", "Constants - Refrigerants") -> Constants - Refrigerants | E14: ='9.1.1.1-2 Refrigerant use'!E41 -> 0 | F14: =E14 -> 0 | G14: =IF(ISBLANK('9.1.1.1-2 Refrigerant use'!D41), "", "t " & '9.1.1.1-2 Refrigerant use'!D41) | H14: ='9.1.1.1-2 Refrigerant use'!G67 -> 0 | I14: =H14 -> 0 | J14: =IF(ISBLANK('9.1.1.1-2 Refrigerant use'!D41), "", "t CO2e")
A15: =HYPERLINK("#'Constants - Common'!A1", "Constants - Common") -> Constants - Common | E15: ='9.1.1.1-2 Refrigerant use'!E42 -> 0 | F15: =E15 -> 0 | G15: =IF(ISBLANK('9.1.1.1-2 Refrigerant use'!D42), "", "t " & '9.1.1.1-2 Refrigerant use'!D42) | H15: ='9.1.1.1-2 Refrigerant use'!G68 -> 0 | I15: =H15 -> 0 | J15: =IF(ISBLANK('9.1.1.1-2 Refrigerant use'!D42), "", "t CO2e")
E16: ='9.1.1.1-2 Refrigerant use'!E43 -> 0 | F16: =E16 -> 0 | G16: =IF(ISBLANK('9.1.1.1-2 Refrigerant use'!D43), "", "t " & '9.1.1.1-2 Refrigerant use'!D43) | H16: ='9.1.1.1-2 Refrigerant use'!G69 -> 0 | I16: =H16 -> 0 | J16: =IF(ISBLANK('9.1.1.1-2 Refrigerant use'!D43), "", "t CO2e")
E17: ='9.1.1.1-2 Refrigerant use'!E44 -> 0 | F17: =E17 -> 0 | G17: =IF(ISBLANK('9.1.1.1-2 Refrigerant use'!D44), "", "t " & '9.1.1.1-2 Refrigerant use'!D44) | H17: ='9.1.1.1-2 Refrigerant use'!G70 -> 0 | I17: =H17 -> 0 | J17: =IF(ISBLANK('9.1.1.1-2 Refrigerant use'!D44), "", "t CO2e")
E18: ='9.1.1.1-2 Refrigerant use'!E45 -> 0 | F18: =E18 -> 0 | G18: =IF(ISBLANK('9.1.1.1-2 Refrigerant use'!D45), "", "t " & '9.1.1.1-2 Refrigerant use'!D45) | H18: ='9.1.1.1-2 Refrigerant use'!G71 -> 0 | I18: =H18 -> 0 | J18: =IF(ISBLANK('9.1.1.1-2 Refrigerant use'!D45), "", "t CO2e")
D19: Total | H19: =SUM(H9:H18) -> 108.05338 | I19: =SUM(I9:I18) -> 108.05338 | J19: t CO2e

Sheet Input - Refrigerants
A1: #VALUE! | C1: Input - Refrigerants
A3: =HYPERLINK("#'Home'!A1", "Home") -> Home
A4: =HYPERLINK("#'Overview'!A1", "Overview") -> Overview
A5: =HYPERLINK("#'Results'!A1", "Results") -> Results | D5: Refrigerants
A7: INPUTS | D7: 💡 You can add more rows to the table by right-clicking on the table and selecting "Insert > Table rows above/below"
A8: =HYPERLINK("#'Input - Refrigerants'!A1", "Refrigerants") -> Refrigerants
D9: Refrigeration unit name | E9: Appliance type (select) | F9: Refrigerant used (select) | G9: Unit refrigerant gas capacity (kg) | H9: Number of units in use
A10: CALCULATIONS | D10: Cool room | E10: Domestic refrigerators | F10: R-402A | G10: 10 | H10: 5
A11: =HYPERLINK("#'9.1.1.1-2 Refrigerant use'!A1", "9.1.1.1-2 Refrigerant use") -> 9.1.1.1-2 Refrigerant use | D11: Office air con units | E11: Domestic A/C split | F11: R-422B | G11: 10 | H11: 5
D12: Car AC | E12: Light vehicle A/C | F12: R-400 60/40 | G12: 10 | H12: 13
A13: APPENDICES | D13: Storage AC | E13: Domestic A/C split | F13: R-400 60/40 | G13: 10 | H13: 10
A14: =HYPERLINK("#'Constants - Refrigerants'!A1", "Constants - Refrigerants") -> Constants - Refrigerants | D14: Refrigerated trucks | E14: Transport refrigeration | F14: R-504 | G14: 10 | H14: 10
A15: =HYPERLINK("#'Constants - Common'!A1", "Constants - Common") -> Constants - Common

Sheet 9.1.1.1-2 Refrigerant use
A1: #VALUE! | C1: 9.1.1.1-2 Refrigerant use
A3: =HYPERLINK("#'Home'!A1", "Home") -> Home | D3: Method 1
A4: =HYPERLINK("#'Overview'!A1", "Overview") -> Overview
A5: =HYPERLINK("#'Results'!A1", "Results") -> Results | D5: {=Refrigerants_Equations.VEERG_9_1_1__1_RefrigerantLeaking_Title()} -> The total emissions of refrigerant leaking during operation (not during installation or disposal)
D6: {=Refrigerants_Equations.VEERG_9_1_1__1_RefrigerantLeaking_Source()} -> VEERG 2026: 9.1.1, Equation (1)
A7: INPUTS | D7: {=Refrigerants_Equations.VEERG_9_1_1__1_RefrigerantLeaking_Variation()} -> VARIATION ON SOURCE: Added equation to convert refrigerant R to CO2-e using the refrigerant's global warming potential (GWP).
A8: =HYPERLINK("#'Input - Refrigerants'!A1", "Refrigerants") -> Refrigerants | D8: Function name | E8: {=Common_InputFunctions.Utility_DisplayFunctionName(K22)} -> =Refrigerants_Equations.VEERG_9_1_1__1_RefrigerantLeaking
A10: CALCULATIONS
A11: =HYPERLINK("#'9.1.1.1-2 Refrigerant use'!A1", "9.1.1.1-2 Refrigerant use") -> 9.1.1.1-2 Refrigerant use | D11: Variable | E11: {=Refrigerants_Equations.VEERG_9_1_1__1_RefrigerantLeaking_Variable()} -> E_R
D12: Unit | E12: {=Refrigerants_Equations.VEERG_9_1_1__1_RefrigerantLeaking_Unit()} -> t refrigerant gas
A13: APPENDICES
A14: =HYPERLINK("#'Constants - Refrigerants'!A1", "Constants - Refrigerants") -> Constants - Refrigerants | D14: {=_xlfn.CHOOSECOLS(Refrigerants_Equations.VEERG_9_1_1__1_RefrigerantLeaking_Arguments(), 1, 2)} -> charge_Ra | E14: Amount of refrigerant R contained in appliance a | G14: {=_xlfn.CHOOSECOLS(Refrigerants_Equations.VEERG_9_1_1__1_RefrigerantLeaking_Arguments(), 3,4)} -> kg | H14: Input
A15: =HYPERLINK("#'Constants - Common'!A1", "Constants - Common") -> Constants - Common | D15: leakagerate_a | E15: Prcentage of total charge leaked from appliance a each year | G15: Percent | H15: Constant
D16: a | E16: Appliance type | H16: Input
D17: R | E17: Refrigerant | H17: Input
D19: Table_E_R_Appliance
D20: Refrigerant leakage emissions by appliance
D21: Refrigeration unit name | E21: Appliance type a | F21: Refrigerant blend R | G21: Unit refrigerant gas capacity (kg) | H21: Number of units in use | I21: Total capacity | J21: Leakage rate (percent) | K21: ERa | L21: ER
D22: {=IFERROR(INDEX(Table_Input_Refrigerant[Refrigeration unit name], _xlfn.SEQUENCE(10)),"")} -> Cool room | E22: {=IFERROR(INDEX(Table_Input_Refrigerant[Appliance type (select)], _xlfn.SEQUENCE(10)),"")} -> Domestic refrigerators | F22: {=IFERROR(INDEX(Table_Input_Refrigerant[Refrigerant used (select)], _xlfn.SEQUENCE(10)),"")} -> R-402A | G22: {=IFERROR(INDEX(Table_Input_Refrigerant[Unit refrigerant gas capacity (kg)], _xlfn.SEQUENCE(10)),0)} -> 10 | H22: {=IFERROR(INDEX(Table_Input_Refrigerant[Number of units in use], _xlfn.SEQUENCE(10)),0)} -> 5 | I22: =G22*H22 -> 50 | J22: {=Common_InputFunctions.Utility_LookupValueInTableNumber(E22,Table_Refrigerants_LeakageRates[Product],Table_Refrigerants_LeakageRates[Annual leakage rate (%)])} -> 1.7 | K22: {=Refrigerants_Equations.VEERG_9_1_1__1_RefrigerantLeaking(G22,J22)} -> 0.00017 | L22: =K22*H22 -> 0.00085
D23: Office air con units | E23: Domestic A/C split | F23: R-422B | G23: 10 | H23: 5 | I23: =G23*H23 -> 50 | J23: {=Common_InputFunctions.Utility_LookupValueInTableNumber(E23,Table_Refrigerants_LeakageRates[Product],Table_Refrigerants_LeakageRates[Annual leakage rate (%)])} -> 3.5 | K23: {=Refrigerants_Equations.VEERG_9_1_1__1_RefrigerantLeaking(G23,J23)} -> 0.00035 | L23: =K23*H23 -> 0.00175
D24: Car AC | E24: Light vehicle A/C | F24: R-400 60/40 | G24: 10 | H24: 13 | I24: =G24*H24 -> 130 | J24: {=Common_InputFunctions.Utility_LookupValueInTableNumber(E24,Table_Refrigerants_LeakageRates[Product],Table_Refrigerants_LeakageRates[Annual leakage rate (%)])} -> 6.7 | K24: {=Refrigerants_Equations.VEERG_9_1_1__1_RefrigerantLeaking(G24,J24)} -> 0.00067 | L24: =K24*H24 -> 0.00871
D25: Storage AC | E25: Domestic A/C split | F25: R-400 60/40 | G25: 10 | H25: 10 | I25: =G25*H25 -> 100 | J25: {=Common_InputFunctions.Utility_LookupValueInTableNumber(E25,Table_Refrigerants_LeakageRates[Product],Table_Refrigerants_LeakageRates[Annual leakage rate (%)])} -> 3.5 | K25: {=Refrigerants_Equations.VEERG_9_1_1__1_RefrigerantLeaking(G25,J25)} -> 0.00035 | L25: =K25*H25 -> 0.0035
D26: Refrigerated trucks | E26: Transport refrigeration | F26: R-504 | G26: 10 | H26: 10 | I26: =G26*H26 -> 100 | J26: {=Common_InputFunctions.Utility_LookupValueInTableNumber(E26,Table_Refrigerants_LeakageRates[Product],Table_Refrigerants_LeakageRates[Annual leakage rate (%)])} -> 15.7 | K26: {=Refrigerants_Equations.VEERG_9_1_1__1_RefrigerantLeaking(G26,J26)} -> 0.00157 | L26: =K26*H26 -> 0.0157
D27: 0 | E27: 0 | F27: 0 | G27: 0 | H27: 0 | I27: =G27*H27 -> 0 | J27: {=Common_InputFunctions.Utility_LookupValueInTableNumber(E27,Table_Refrigerants_LeakageRates[Product],Table_Refrigerants_LeakageRates[Annual leakage rate (%)])} -> 0 | K27: {=Refrigerants_Equations.VEERG_9_1_1__1_RefrigerantLeaking(G27,J27)} -> 0 | L27: =K27*H27 -> 0
D28: 0 | E28: 0 | F28: 0 | G28: 0 | H28: 0 | I28: =G28*H28 -> 0 | J28: {=Common_InputFunctions.Utility_LookupValueInTableNumber(E28,Table_Refrigerants_LeakageRates[Product],Table_Refrigerants_LeakageRates[Annual leakage rate (%)])} -> 0 | K28: {=Refrigerants_Equations.VEERG_9_1_1__1_RefrigerantLeaking(G28,J28)} -> 0 | L28: =K28*H28 -> 0
D29: 0 | E29: 0 | F29: 0 | G29: 0 | H29: 0 | I29: =G29*H29 -> 0 | J29: {=Common_InputFunctions.Utility_LookupValueInTableNumber(E29,Table_Refrigerants_LeakageRates[Product],Table_Refrigerants_LeakageRates[Annual leakage rate (%)])} -> 0 | K29: {=Refrigerants_Equations.VEERG_9_1_1__1_RefrigerantLeaking(G29,J29)} -> 0 | L29: =K29*H29 -> 0
D30: 0 | E30: 0 | F30: 0 | G30: 0 | H30: 0 | I30: =G30*H30 -> 0 | J30: {=Common_InputFunctions.Utility_LookupValueInTableNumber(E30,Table_Refrigerants_LeakageRates[Product],Table_Refrigerants_LeakageRates[Annual leakage rate (%)])} -> 0 | K30: {=Refrigerants_Equations.VEERG_9_1_1__1_RefrigerantLeaking(G30,J30)} -> 0 | L30: =K30*H30 -> 0
D31: 0 | E31: 0 | F31: 0 | G31: 0 | H31: 0 | I31: =G31*H31 -> 0 | J31: {=Common_InputFunctions.Utility_LookupValueInTableNumber(E31,Table_Refrigerants_LeakageRates[Product],Table_Refrigerants_LeakageRates[Annual leakage rate (%)])} -> 0 | K31: {=Refrigerants_Equations.VEERG_9_1_1__1_RefrigerantLeaking(G31,J31)} -> 0 | L31: =K31*H31 -> 0
D33: Table_E_R
D34: Refrigerant leakage emisssions
D35: Refrigerant blend R | E35: ER
D36: {=_xlfn.UNIQUE(_xlfn._xlws.FILTER(F22:F31, (F22:F31<>"") * (F22:F31<>0)))} -> R-402A | E36: =SUMIF($F$22:$F$31,D36,$L$22:$L$31) -> 0.00085
D37: R-422B | E37: =SUMIF($F$22:$F$31,D37,$L$22:$L$31) -> 0.00175
D38: R-400 60/40 | E38: =SUMIF($F$22:$F$31,D38,$L$22:$L$31) -> 0.01221
D39: R-504 | E39: =SUMIF($F$22:$F$31,D39,$L$22:$L$31) -> 0.0157
E40: =SUMIF($F$22:$F$31,D40,$L$22:$L$31) -> 0
E41: =SUMIF($F$22:$F$31,D41,$L$22:$L$31) -> 0
E42: =SUMIF($F$22:$F$31,D42,$L$22:$L$31) -> 0
E43: =SUMIF($F$22:$F$31,D43,$L$22:$L$31) -> 0
E44: =SUMIF($F$22:$F$31,D44,$L$22:$L$31) -> 0
E45: =SUMIF($F$22:$F$31,D45,$L$22:$L$31) -> 0
A47: =HYPERLINK("#A1", "▲ Back to top") -> ▲ Back to top
D49: {=Refrigerants_Equations.VEERG_9_1_1__1_RefrigerantLeakingGWP_Title()} -> Refrigerant leakage emissions converted to CO2-e
D50: Function name | E50: {=Common_InputFunctions.Utility_DisplayFunctionName(G62)} -> =Refrigerants_Equations.VEERG_9_1_1__1_RefrigerantLeakingGWP
D53: Variable | E53: {=Refrigerants_Equations.VEERG_9_1_1__1_RefrigerantLeakingGWP_Variable()} -> E_CO2e
D54: Unit | E54: {=Refrigerants_Equations.VEERG_9_1_1__1_RefrigerantLeakingGWP_Unit()} -> t CO2-e
D56: {=_xlfn.CHOOSECOLS(Refrigerants_Equations.VEERG_9_1_1__1_RefrigerantLeakingGWP_Arguments(), 1,2)} -> E_R | E56: Total emissions of refrigerant R | G56: {=_xlfn.CHOOSECOLS(Refrigerants_Equations.VEERG_9_1_1__1_RefrigerantLeakingGWP_Arguments(), 3,4)} -> t refrigerant gas | H56: Calculated from 9.1.1 (1) | I56: {=HYPERLINK(Common_InputFunctions.Utility_SourceHyperlink($D$33), $D$33)} -> Table_E_R
D57: GWP_R | E57: Global warming potential of refrigerant R | G57: Dimensionless | H57: Constant | I57: {=HYPERLINK(Common_InputFunctions.Utility_SourceHyperlink($D$59), $D$59)} -> Table_E_CO2e
D59: Table_E_CO2e
D60: Refrigerant leakage emisssions carbon dioxide equivalent
D61: Refrigerant blend R | E61: ER | F61: Refrigerant GWP | G61: ECO2-e
D62: =D36 -> R-402A | E62: =E36 -> 0.00085 | F62: {=Common_InputFunctions.Utility_LookupValueInTableNumber(D62,Table_RefrigerantBlends_Cleaned[Blend],Table_RefrigerantBlends_Cleaned[Blend GWP])} -> 1395.344 | G62: {=Refrigerants_Equations.VEERG_9_1_1__1_RefrigerantLeakingGWP(E62,F62)} -> 1.1860424
D63: =D37 -> R-422B | E63: =E37 -> 0.00175 | F63: {=Common_InputFunctions.Utility_LookupValueInTableNumber(D63,Table_RefrigerantBlends_Cleaned[Blend],Table_RefrigerantBlends_Cleaned[Blend GWP])} -> 1188.245 | G63: {=Refrigerants_Equations.VEERG_9_1_1__1_RefrigerantLeakingGWP(E63,F63)} -> 2.0794288
D64: =D38 -> R-400 60/40 | E64: =E38 -> 0.01221 | F64: {=Common_InputFunctions.Utility_LookupValueInTableNumber(D64,Table_RefrigerantBlends_Cleaned[Blend],Table_RefrigerantBlends_Cleaned[Blend GWP])} -> 5733.6 | G64: {=Refrigerants_Equations.VEERG_9_1_1__1_RefrigerantLeakingGWP(E64,F64)} -> 70.007256
D65: =D39 -> R-504 | E65: =E39 -> 0.0157 | F65: {=Common_InputFunctions.Utility_LookupValueInTableNumber(D65,Table_RefrigerantBlends_Cleaned[Blend],Table_RefrigerantBlends_Cleaned[Blend GWP])} -> 2215.3284 | G65: {=Refrigerants_Equations.VEERG_9_1_1__1_RefrigerantLeakingGWP(E65,F65)} -> 34.780656
D66: =D40 -> 0 | E66: =E40 -> 0 | F66: {=Common_InputFunctions.Utility_LookupValueInTableNumber(D66,Table_RefrigerantBlends_Cleaned[Blend],Table_RefrigerantBlends_Cleaned[Blend GWP])} -> 0 | G66: {=Refrigerants_Equations.VEERG_9_1_1__1_RefrigerantLeakingGWP(E66,F66)} -> 0
D67: =D41 -> 0 | E67: =E41 -> 0 | F67: {=Common_InputFunctions.Utility_LookupValueInTableNumber(D67,Table_RefrigerantBlends_Cleaned[Blend],Table_RefrigerantBlends_Cleaned[Blend GWP])} -> 0 | G67: {=Refrigerants_Equations.VEERG_9_1_1__1_RefrigerantLeakingGWP(E67,F67)} -> 0
D68: =D42 -> 0 | E68: =E42 -> 0 | F68: {=Common_InputFunctions.Utility_LookupValueInTableNumber(D68,Table_RefrigerantBlends_Cleaned[Blend],Table_RefrigerantBlends_Cleaned[Blend GWP])} -> 0 | G68: {=Refrigerants_Equations.VEERG_9_1_1__1_RefrigerantLeakingGWP(E68,F68)} -> 0
D69: =D43 -> 0 | E69: =E43 -> 0 | F69: {=Common_InputFunctions.Utility_LookupValueInTableNumber(D69,Table_RefrigerantBlends_Cleaned[Blend],Table_RefrigerantBlends_Cleaned[Blend GWP])} -> 0 | G69: {=Refrigerants_Equations.VEERG_9_1_1__1_RefrigerantLeakingGWP(E69,F69)} -> 0
D70: =D44 -> 0 | E70: =E44 -> 0 | F70: {=Common_InputFunctions.Utility_LookupValueInTableNumber(D70,Table_RefrigerantBlends_Cleaned[Blend],Table_RefrigerantBlends_Cleaned[Blend GWP])} -> 0 | G70: {=Refrigerants_Equations.VEERG_9_1_1__1_RefrigerantLeakingGWP(E70,F70)} -> 0
D71: =D45 -> 0 | E71: =E45 -> 0 | F71: {=Common_InputFunctions.Utility_LookupValueInTableNumber(D71,Table_RefrigerantBlends_Cleaned[Blend],Table_RefrigerantBlends_Cleaned[Blend GWP])} -> 0 | G71: {=Refrigerants_Equations.VEERG_9_1_1__1_RefrigerantLeakingGWP(E71,F71)} -> 0
A73: =HYPERLINK("#A1", "▲ Back to top") -> ▲ Back to top | D73: ECO2e | E73: =SUM(G62:G71) -> 108.05338 | F73: =E54 -> t CO2-e

Sheet Constants - Refrigerants
A1: #VALUE! | C1: Constants - Refrigerants
A3: =HYPERLINK("#'Home'!A1", "Home") -> Home
A4: =HYPERLINK("#'Overview'!A1", "Overview") -> Overview
A5: =HYPERLINK("#'Results'!A1", "Results") -> Results | D5: {=Refrigerants_SourceData.Refrigerants_ChemicalGWP_Title()} -> Global Warming Potentials
D6: {=Refrigerants_SourceData.Refrigerants_ChemicalGWP_Source()} -> Australian National Greenhouse Accounts Factors 2025 - Appendix 2 - Table 23
A7: INPUTS | D7: {="⚠️" & Refrigerants_SourceData.Refrigerants_ChemicalGWP_Variation()} -> ⚠️VARIATION OF SOURCE DATA: Added 'GAS - FC name' column with truncated gas name to allow matching with other tables. Added extra gases from IPCC Global Warming Potential Values v2.0 - (AR5). Added 'Additional data source' column.
A8: =HYPERLINK("#'Input - Refrigerants'!A1", "Refrigerants") -> Refrigerants | D8: Gas | E8: Chemical formula | F8: Global warming potential (AR5) | G8: Gas - FC name | H8: Aditional data source
D9: {=Common_InputFunctions.Utility_DisplayArrayInTable(Refrigerants_SourceData.Refrigerants_ChemicalGWP_Data(), Table_RefrigerantChemicalGWP[[#Headers],[Gas]], 0)} -> Carbon dioxide | E9: {=Common_InputFunctions.Utility_DisplayArrayInTable(Refrigerants_SourceData.Refrigerants_ChemicalGWP_Data(), Table_RefrigerantChemicalGWP[[#Headers],[Gas]], 0)} -> CO2 | F9: {=Common_InputFunctions.Utility_DisplayArrayInTable(Refrigerants_SourceData.Refrigerants_ChemicalGWP_Data(), Table_RefrigerantChemicalGWP[[#Headers],[Gas]], 0)} -> 1 | G9: {=Common_InputFunctions.Utility_DisplayArrayInTable(Refrigerants_SourceData.Refrigerants_ChemicalGWP_Data(), Table_RefrigerantChemicalGWP[[#Headers],[Gas]], 0)} -> CO2 | H9: {=Common_InputFunctions.Utility_DisplayArrayInTable(Refrigerants_SourceData.Refrigerants_ChemicalGWP_Data(), Table_RefrigerantChemicalGWP[[#Headers],[Gas]], 0)}
A10: CALCULATIONS | D10: {=Common_InputFunctions.Utility_DisplayArrayInTable(Refrigerants_SourceData.Refrigerants_ChemicalGWP_Data(), Table_RefrigerantChemicalGWP[[#Headers],[Gas]], 0)} -> Methane | E10: {=Common_InputFunctions.Utility_DisplayArrayInTable(Refrigerants_SourceData.Refrigerants_ChemicalGWP_Data(), Table_RefrigerantChemicalGWP[[#Headers],[Gas]], 0)} -> CH4 | F10: {=Common_InputFunctions.Utility_DisplayArrayInTable(Refrigerants_SourceData.Refrigerants_ChemicalGWP_Data(), Table_RefrigerantChemicalGWP[[#Headers],[Gas]], 0)} -> 28 | G10: {=Common_InputFunctions.Utility_DisplayArrayInTable(Refrigerants_SourceData.Refrigerants_ChemicalGWP_Data(), Table_RefrigerantChemicalGWP[[#Headers],[Gas]], 0)} -> CH4 | H10: {=Common_InputFunctions.Utility_DisplayArrayInTable(Refrigerants_SourceData.Refrigerants_ChemicalGWP_Data(), Table_RefrigerantChemicalGWP[[#Headers],[Gas]], 0)}
A11: =HYPERLINK("#'9.1.1.1-2 Refrigerant use'!A1", "9.1.1.1-2 Refrigerant use") -> 9.1.1.1-2 Refrigerant use | D11: {=Common_InputFunctions.Utility_DisplayArrayInTable(Refrigerants_SourceData.Refrigerants_ChemicalGWP_Data(), Table_RefrigerantChemicalGWP[[#Headers],[Gas]], 0)} -> Nitrous oxide | E11: {=Common_InputFunctions.Utility_DisplayArrayInTable(Refrigerants_SourceData.Refrigerants_ChemicalGWP_Data(), Table_RefrigerantChemicalGWP[[#Headers],[Gas]], 0)} -> N2O | F11: {=Common_InputFunctions.Utility_DisplayArrayInTable(Refrigerants_SourceData.Refrigerants_ChemicalGWP_Data(), Table_RefrigerantChemicalGWP[[#Headers],[Gas]], 0)} -> 265 | G11: {=Common_InputFunctions.Utility_DisplayArrayInTable(Refrigerants_SourceData.Refrigerants_ChemicalGWP_Data(), Table_RefrigerantChemicalGWP[[#Headers],[Gas]], 0)} -> N2O | H11: {=Common_InputFunctions.Utility_DisplayArrayInTable(Refrigerants_SourceData.Refrigerants_ChemicalGWP_Data(), Table_RefrigerantChemicalGWP[[#Headers],[Gas]], 0)}
D12: {=Common_InputFunctions.Utility_DisplayArrayInTable(Refrigerants_SourceData.Refrigerants_ChemicalGWP_Data(), Table_RefrigerantChemicalGWP[[#Headers],[Gas]], 0)} -> Sulphur hexafluoride | E12: {=Common_InputFunctions.Utility_DisplayArrayInTable(Refrigerants_SourceData.Refrigerants_ChemicalGWP_Data(), Table_RefrigerantChemicalGWP[[#Headers],[Gas]], 0)} -> SF6 | F12: {=Common_InputFunctions.Utility_DisplayArrayInTable(Refrigerants_SourceData.Refrigerants_ChemicalGWP_Data(), Table_RefrigerantChemicalGWP[[#Headers],[Gas]], 0)} -> 23500 | G12: {=Common_InputFunctions.Utility_DisplayArrayInTable(Refrigerants_SourceData.Refrigerants_ChemicalGWP_Data(), Table_RefrigerantChemicalGWP[[#Headers],[Gas]], 0)} -> SF6 | H12: {=Common_InputFunctions.Utility_DisplayArrayInTable(Refrigerants_SourceData.Refrigerants_ChemicalGWP_Data(), Table_RefrigerantChemicalGWP[[#Headers],[Gas]], 0)}
A13: APPENDICES | D13: {=Common_InputFunctions.Utility_DisplayArrayInTable(Refrigerants_SourceData.Refrigerants_ChemicalGWP_Data(), Table_RefrigerantChemicalGWP[[#Headers],[Gas]], 0)} -> HFC-23 (R-23) | E13: {=Common_InputFunctions.Utility_DisplayArrayInTable(Refrigerants_SourceData.Refrigerants_ChemicalGWP_Data(), Table_RefrigerantChemicalGWP[[#Headers],[Gas]], 0)} -> CHF3 | F13: {=Common_InputFunctions.Utility_DisplayArrayInTable(Refrigerants_SourceData.Refrigerants_ChemicalGWP_Data(), Table_RefrigerantChemicalGWP[[#Headers],[Gas]], 0)} -> 12400 | G13: {=Common_InputFunctions.Utility_DisplayArrayInTable(Refrigerants_SourceData.Refrigerants_ChemicalGWP_Data(), Table_RefrigerantChemicalGWP[[#Headers],[Gas]], 0)} -> HFC-23 | H13: {=Common_InputFunctions.Utility_DisplayArrayInTable(Refrigerants_SourceData.Refrigerants_ChemicalGWP_Data(), Table_RefrigerantChemicalGWP[[#Headers],[Gas]], 0)}
A14: =HYPERLINK("#'Constants - Refrigerants'!A1", "Constants - Refrigerants") -> Constants - Refrigerants | D14: {=Common_InputFunctions.Utility_DisplayArrayInTable(Refrigerants_SourceData.Refrigerants_ChemicalGWP_Data(), Table_RefrigerantChemicalGWP[[#Headers],[Gas]], 0)} -> HFC-32 (R-32) | E14: {=Common_InputFunctions.Utility_DisplayArrayInTable(Refrigerants_SourceData.Refrigerants_ChemicalGWP_Data(), Table_RefrigerantChemicalGWP[[#Headers],[Gas]], 0)} -> CH2F2 | F14: {=Common_InputFunctions.Utility_DisplayArrayInTable(Refrigerants_SourceData.Refrigerants_ChemicalGWP_Data(), Table_RefrigerantChemicalGWP[[#Headers],[Gas]], 0)} -> 677 | G14: {=Common_InputFunctions.Utility_DisplayArrayInTable(Refrigerants_SourceData.Refrigerants_ChemicalGWP_Data(), Table_RefrigerantChemicalGWP[[#Headers],[Gas]], 0)} -> HFC-32 | H14: {=Common_InputFunctions.Utility_DisplayArrayInTable(Refrigerants_SourceData.Refrigerants_ChemicalGWP_Data(), Table_RefrigerantChemicalGWP[[#Headers],[Gas]], 0)}
A15: =HYPERLINK("#'Constants - Common'!A1", "Constants - Common") -> Constants - Common | D15: {=Common_InputFunctions.Utility_DisplayArrayInTable(Refrigerants_SourceData.Refrigerants_ChemicalGWP_Data(), Table_RefrigerantChemicalGWP[[#Headers],[Gas]], 0)} -> HFC-41 (R-41) | E15: {=Common_InputFunctions.Utility_DisplayArrayInTable(Refrigerants_SourceData.Refrigerants_ChemicalGWP_Data(), Table_RefrigerantChemicalGWP[[#Headers],[Gas]], 0)} -> CH3F | F15: {=Common_InputFunctions.Utility_DisplayArrayInTable(Refrigerants_SourceData.Refrigerants_ChemicalGWP_Data(), Table_RefrigerantChemicalGWP[[#Headers],[Gas]], 0)} -> 116 | G15: {=Common_InputFunctions.Utility_DisplayArrayInTable(Refrigerants_SourceData.Refrigerants_ChemicalGWP_Data(), Table_RefrigerantChemicalGWP[[#Headers],[Gas]], 0)} -> HFC-41 | H15: {=Common_InputFunctions.Utility_DisplayArrayInTable(Refrigerants_SourceData.Refrigerants_ChemicalGWP_Data(), Table_RefrigerantChemicalGWP[[#Headers],[Gas]], 0)}
D16: {=Common_InputFunctions.Utility_DisplayArrayInTable(Refrigerants_SourceData.Refrigerants_ChemicalGWP_Data(), Table_RefrigerantChemicalGWP[[#Headers],[Gas]], 0)} -> HFC-43-10mee (R-4310mee) | E16: {=Common_InputFunctions.Utility_DisplayArrayInTable(Refrigerants_SourceData.Refrigerants_ChemicalGWP_Data(), Table_RefrigerantChemicalGWP[[#Headers],[Gas]], 0)} -> C5H2F10 | F16: {=Common_InputFunctions.Utility_DisplayArrayInTable(Refrigerants_SourceData.Refrigerants_ChemicalGWP_Data(), Table_RefrigerantChemicalGWP[[#Headers],[Gas]], 0)} -> 1650 | G16: {=Common_InputFunctions.Utility_DisplayArrayInTable(Refrigerants_SourceData.Refrigerants_ChemicalGWP_Data(), Table_RefrigerantChemicalGWP[[#Headers],[Gas]], 0)} -> HFC-43-10mee | H16: {=Common_InputFunctions.Utility_DisplayArrayInTable(Refrigerants_SourceData.Refrigerants_ChemicalGWP_Data(), Table_RefrigerantChemicalGWP[[#Headers],[Gas]], 0)}
D17: {=Common_InputFunctions.Utility_DisplayArrayInTable(Refrigerants_SourceData.Refrigerants_ChemicalGWP_Data(), Table_RefrigerantChemicalGWP[[#Headers],[Gas]], 0)} -> HFC-125 (R-125) | E17: {=Common_InputFunctions.Utility_DisplayArrayInTable(Refrigerants_SourceData.Refrigerants_ChemicalGWP_Data(), Table_RefrigerantChemicalGWP[[#Headers],[Gas]], 0)} -> C2HF5 | F17: {=Common_InputFunctions.Utility_DisplayArrayInTable(Refrigerants_SourceData.Refrigerants_ChemicalGWP_Data(), Table_RefrigerantChemicalGWP[[#Headers],[Gas]], 0)} -> 3170 | G17: {=Common_InputFunctions.Utility_DisplayArrayInTable(Refrigerants_SourceData.Refrigerants_ChemicalGWP_Data(), Table_RefrigerantChemicalGWP[[#Headers],[Gas]], 0)} -> HFC-125 | H17: {=Common_InputFunctions.Utility_DisplayArrayInTable(Refrigerants_SourceData.Refrigerants_ChemicalGWP_Data(), Table_RefrigerantChemicalGWP[[#Headers],[Gas]], 0)}
D18: {=Common_InputFunctions.Utility_DisplayArrayInTable(Refrigerants_SourceData.Refrigerants_ChemicalGWP_Data(), Table_RefrigerantChemicalGWP[[#Headers],[Gas]], 0)} -> HFC-134 (R-134) | E18: {=Common_InputFunctions.Utility_DisplayArrayInTable(Refrigerants_SourceData.Refrigerants_ChemicalGWP_Data(), Table_RefrigerantChemicalGWP[[#Headers],[Gas]], 0)} -> C2H2F4 (CHF2CHF2) | F18: {=Common_InputFunctions.Utility_DisplayArrayInTable(Refrigerants_SourceData.Refrigerants_ChemicalGWP_Data(), Table_RefrigerantChemicalGWP[[#Headers],[Gas]], 0)} -> 1120 | G18: {=Common_InputFunctions.Utility_DisplayArrayInTable(Refrigerants_SourceData.Refrigerants_ChemicalGWP_Data(), Table_RefrigerantChemicalGWP[[#Headers],[Gas]], 0)} -> HFC-134 | H18: {=Common_InputFunctions.Utility_DisplayArrayInTable(Refrigerants_SourceData.Refrigerants_ChemicalGWP_Data(), Table_RefrigerantChemicalGWP[[#Headers],[Gas]], 0)}
D19: {=Common_InputFunctions.Utility_DisplayArrayInTable(Refrigerants_SourceData.Refrigerants_ChemicalGWP_Data(), Table_RefrigerantChemicalGWP[[#Headers],[Gas]], 0)} -> HFC-134a (R-134a) | E19: {=Common_InputFunctions.Utility_DisplayArrayInTable(Refrigerants_SourceData.Refrigerants_ChemicalGWP_Data(), Table_RefrigerantChemicalGWP[[#Headers],[Gas]], 0)} -> C2H2F4 (CH2FCF3) | F19: {=Common_InputFunctions.Utility_DisplayArrayInTable(Refrigerants_SourceData.Refrigerants_ChemicalGWP_Data(), Table_RefrigerantChemicalGWP[[#Headers],[Gas]], 0)} -> 1300 | G19: {=Common_InputFunctions.Utility_DisplayArrayInTable(Refrigerants_SourceData.Refrigerants_ChemicalGWP_Data(), Table_RefrigerantChemicalGWP[[#Headers],[Gas]], 0)} -> HFC-134a | H19: {=Common_InputFunctions.Utility_DisplayArrayInTable(Refrigerants_SourceData.Refrigerants_ChemicalGWP_Data(), Table_RefrigerantChemicalGWP[[#Headers],[Gas]], 0)}
D20: {=Common_InputFunctions.Utility_DisplayArrayInTable(Refrigerants_SourceData.Refrigerants_ChemicalGWP_Data(), Table_RefrigerantChemicalGWP[[#Headers],[Gas]], 0)} -> HFC-143 (R-143) | E20: {=Common_InputFunctions.Utility_DisplayArrayInTable(Refrigerants_SourceData.Refrigerants_ChemicalGWP_Data(), Table_RefrigerantChemicalGWP[[#Headers],[Gas]], 0)} -> C2H3F3 (CHF2CH2F) | F20: {=Common_InputFunctions.Utility_DisplayArrayInTable(Refrigerants_SourceData.Refrigerants_ChemicalGWP_Data(), Table_RefrigerantChemicalGWP[[#Headers],[Gas]], 0)} -> 328 | G20: {=Common_InputFunctions.Utility_DisplayArrayInTable(Refrigerants_SourceData.Refrigerants_ChemicalGWP_Data(), Table_RefrigerantChemicalGWP[[#Headers],[Gas]], 0)} -> HFC-143 | H20: {=Common_InputFunctions.Utility_DisplayArrayInTable(Refrigerants_SourceData.Refrigerants_ChemicalGWP_Data(), Table_RefrigerantChemicalGWP[[#Headers],[Gas]], 0)}
D21: {=Common_InputFunctions.Utility_DisplayArrayInTable(Refrigerants_SourceData.Refrigerants_ChemicalGWP_Data(), Table_RefrigerantChemicalGWP[[#Headers],[Gas]], 0)} -> HFC-143a (R-143a) | E21: {=Common_InputFunctions.Utility_DisplayArrayInTable(Refrigerants_SourceData.Refrigerants_ChemicalGWP_Data(), Table_RefrigerantChemicalGWP[[#Headers],[Gas]], 0)} -> C2H3F3 (CF3CH3) | F21: {=Common_InputFunctions.Utility_DisplayArrayInTable(Refrigerants_SourceData.Refrigerants_ChemicalGWP_Data(), Table_RefrigerantChemicalGWP[[#Headers],[Gas]], 0)} -> 4800 | G21: {=Common_InputFunctions.Utility_DisplayArrayInTable(Refrigerants_SourceData.Refrigerants_ChemicalGWP_Data(), Table_RefrigerantChemicalGWP[[#Headers],[Gas]], 0)} -> HFC-143a | H21: {=Common_InputFunctions.Utility_DisplayArrayInTable(Refrigerants_SourceData.Refrigerants_ChemicalGWP_Data(), Table_RefrigerantChemicalGWP[[#Headers],[Gas]], 0)}
D22: {=Common_InputFunctions.Utility_DisplayArrayInTable(Refrigerants_SourceData.Refrigerants_ChemicalGWP_Data(), Table_RefrigerantChemicalGWP[[#Headers],[Gas]], 0)} -> HFC-152a (R-152a) | E22: {=Common_InputFunctions.Utility_DisplayArrayInTable(Refrigerants_SourceData.Refrigerants_ChemicalGWP_Data(), Table_RefrigerantChemicalGWP[[#Headers],[Gas]], 0)} -> C2H4F2 (CH3CHF2) | F22: {=Common_InputFunctions.Utility_DisplayArrayInTable(Refrigerants_SourceData.Refrigerants_ChemicalGWP_Data(), Table_RefrigerantChemicalGWP[[#Headers],[Gas]], 0)} -> 138 | G22: {=Common_InputFunctions.Utility_DisplayArrayInTable(Refrigerants_SourceData.Refrigerants_ChemicalGWP_Data(), Table_RefrigerantChemicalGWP[[#Headers],[Gas]], 0)} -> HFC-152a | H22: {=Common_InputFunctions.Utility_DisplayArrayInTable(Refrigerants_SourceData.Refrigerants_ChemicalGWP_Data(), Table_RefrigerantChemicalGWP[[#Headers],[Gas]], 0)}
D23: {=Common_InputFunctions.Utility_DisplayArrayInTable(Refrigerants_SourceData.Refrigerants_ChemicalGWP_Data(), Table_RefrigerantChemicalGWP[[#Headers],[Gas]], 0)} -> HFC-227ea (R-227ea) | E23: {=Common_InputFunctions.Utility_DisplayArrayInTable(Refrigerants_SourceData.Refrigerants_ChemicalGWP_Data(), Table_RefrigerantChemicalGWP[[#Headers],[Gas]], 0)} -> C3HF7 | F23: {=Common_InputFunctions.Utility_DisplayArrayInTable(Refrigerants_SourceData.Refrigerants_ChemicalGWP_Data(), Table_RefrigerantChemicalGWP[[#Headers],[Gas]], 0)} -> 3350 | G23: {=Common_InputFunctions.Utility_DisplayArrayInTable(Refrigerants_SourceData.Refrigerants_ChemicalGWP_Data(), Table_RefrigerantChemicalGWP[[#Headers],[Gas]], 0)} -> HFC-227ea | H23: {=Common_InputFunctions.Utility_DisplayArrayInTable(Refrigerants_SourceData.Refrigerants_ChemicalGWP_Data(), Table_RefrigerantChemicalGWP[[#Headers],[Gas]], 0)}
D24: {=Common_InputFunctions.Utility_DisplayArrayInTable(Refrigerants_SourceData.Refrigerants_ChemicalGWP_Data(), Table_RefrigerantChemicalGWP[[#Headers],[Gas]], 0)} -> HFC-236fa (R-236fa) | E24: {=Common_InputFunctions.Utility_DisplayArrayInTable(Refrigerants_SourceData.Refrigerants_ChemicalGWP_Data(), Table_RefrigerantChemicalGWP[[#Headers],[Gas]], 0)} -> C3H2F6 | F24: {=Common_InputFunctions.Utility_DisplayArrayInTable(Refrigerants_SourceData.Refrigerants_ChemicalGWP_Data(), Table_RefrigerantChemicalGWP[[#Headers],[Gas]], 0)} -> 8060 | G24: {=Common_InputFunctions.Utility_DisplayArrayInTable(Refrigerants_SourceData.Refrigerants_ChemicalGWP_Data(), Table_RefrigerantChemicalGWP[[#Headers],[Gas]], 0)} -> HFC-236fa | H24: {=Common_InputFunctions.Utility_DisplayArrayInTable(Refrigerants_SourceData.Refrigerants_ChemicalGWP_Data(), Table_RefrigerantChemicalGWP[[#Headers],[Gas]], 0)}
D25: {=Common_InputFunctions.Utility_DisplayArrayInTable(Refrigerants_SourceData.Refrigerants_ChemicalGWP_Data(), Table_RefrigerantChemicalGWP[[#Headers],[Gas]], 0)} -> HFC-245ca (R-245ca) | E25: {=Common_InputFunctions.Utility_DisplayArrayInTable(Refrigerants_SourceData.Refrigerants_ChemicalGWP_Data(), Table_RefrigerantChemicalGWP[[#Headers],[Gas]], 0)} -> C3H3F5 | F25: {=Common_InputFunctions.Utility_DisplayArrayInTable(Refrigerants_SourceData.Refrigerants_ChemicalGWP_Data(), Table_RefrigerantChemicalGWP[[#Headers],[Gas]], 0)} -> 716 | G25: {=Common_InputFunctions.Utility_DisplayArrayInTable(Refrigerants_SourceData.Refrigerants_ChemicalGWP_Data(), Table_RefrigerantChemicalGWP[[#Headers],[Gas]], 0)} -> HFC-245ca | H25: {=Common_InputFunctions.Utility_DisplayArrayInTable(Refrigerants_SourceData.Refrigerants_ChemicalGWP_Data(), Table_RefrigerantChemicalGWP[[#Headers],[Gas]], 0)}
D26: {=Common_InputFunctions.Utility_DisplayArrayInTable(Refrigerants_SourceData.Refrigerants_ChemicalGWP_Data(), Table_RefrigerantChemicalGWP[[#Headers],[Gas]], 0)} -> HFC-245fa (R-245fa) | E26: {=Common_InputFunctions.Utility_DisplayArrayInTable(Refrigerants_SourceData.Refrigerants_ChemicalGWP_Data(), Table_RefrigerantChemicalGWP[[#Headers],[Gas]], 0)} -> CHF2CH2CF3 | F26: {=Common_InputFunctions.Utility_DisplayArrayInTable(Refrigerants_SourceData.Refrigerants_ChemicalGWP_Data(), Table_RefrigerantChemicalGWP[[#Headers],[Gas]], 0)} -> 858 | G26: {=Common_InputFunctions.Utility_DisplayArrayInTable(Refrigerants_SourceData.Refrigerants_ChemicalGWP_Data(), Table_RefrigerantChemicalGWP[[#Headers],[Gas]], 0)} -> HFC-245fa | H26: {=Common_InputFunctions.Utility_DisplayArrayInTable(Refrigerants_SourceData.Refrigerants_ChemicalGWP_Data(), Table_RefrigerantChemicalGWP[[#Headers],[Gas]], 0)}
D27: {=Common_InputFunctions.Utility_DisplayArrayInTable(Refrigerants_SourceData.Refrigerants_ChemicalGWP_Data(), Table_RefrigerantChemicalGWP[[#Headers],[Gas]], 0)} -> HFC-365mfc (R-365mfc) | E27: {=Common_InputFunctions.Utility_DisplayArrayInTable(Refrigerants_SourceData.Refrigerants_ChemicalGWP_Data(), Table_RefrigerantChemicalGWP[[#Headers],[Gas]], 0)} -> CH3CF2CH2CF3 | F27: {=Common_InputFunctions.Utility_DisplayArrayInTable(Refrigerants_SourceData.Refrigerants_ChemicalGWP_Data(), Table_RefrigerantChemicalGWP[[#Headers],[Gas]], 0)} -> 804 | G27: {=Common_InputFunctions.Utility_DisplayArrayInTable(Refrigerants_SourceData.Refrigerants_ChemicalGWP_Data(), Table_RefrigerantChemicalGWP[[#Headers],[Gas]], 0)} -> HFC-365mfc | H27: {=Common_InputFunctions.Utility_DisplayArrayInTable(Refrigerants_SourceData.Refrigerants_ChemicalGWP_Data(), Table_RefrigerantChemicalGWP[[#Headers],[Gas]], 0)}
... D46: {=Common_InputFunctions.Utility_DisplayArrayInTable(Refrigerants_SourceData.Refrigerants_ChemicalGWP_Data(), Table_RefrigerantChemicalGWP[[#Headers],[Gas]], 0)} -> CFC-115 | E46: {=Common_InputFunctions.Utility_DisplayArrayInTable(Refrigerants_SourceData.Refrigerants_ChemicalGWP_Data(), Table_RefrigerantChemicalGWP[[#Headers],[Gas]], 0)} -> CClF2CF3 | F46: {=Common_InputFunctions.Utility_DisplayArrayInTable(Refrigerants_SourceData.Refrigerants_ChemicalGWP_Data(), Table_RefrigerantChemicalGWP[[#Headers],[Gas]], 0)} -> 7670 | G46: {=Common_InputFunctions.Utility_DisplayArrayInTable(Refrigerants_SourceData.Refrigerants_ChemicalGWP_Data(), Table_RefrigerantChemicalGWP[[#Headers],[Gas]], 0)} -> CFC-115 | H46: {=Common_InputFunctions.Utility_DisplayArrayInTable(Refrigerants_SourceData.Refrigerants_ChemicalGWP_Data(), Table_RefrigerantChemicalGWP[[#Headers],[Gas]], 0)} -> IPCC Global Warming Potential Values v2.0 - (AR5)
D49: {=Refrigerants_SourceData.Refrigerants_ChemicalBlends_Title()} -> Blended refrigerants (many containing HFCS and/or PFCS)
D50: {=Refrigerants_SourceData.Refrigerants_ChemicalBlends_Source()} -> Australian National Greenhouse Accounts Factors 2025 - Appendix 2 - Table 24
D51: {="⚠️" & Refrigerants_SourceData.Refrigerants_ChemicalBlends_Variation()} -> ⚠️VARIATION OF SOURCE DATA: Fixed typo - changed HC600a to HC-600a for blend R-414B. Fixed typo for blend R-405A - Changed HCFC142b to HCFC-142b.
D52: Blend | E52: Constituents | F52: Composition (%)
D53: {=Common_InputFunctions.Utility_DisplayArrayInTable(Refrigerants_SourceData.Refrigerants_ChemicalBlends_Data(), Table_RefrigerantBlends[[#Headers],[Blend]], 0)} -> R-400 | E53: {=Common_InputFunctions.Utility_DisplayArrayInTable(Refrigerants_SourceData.Refrigerants_ChemicalBlends_Data(), Table_RefrigerantBlends[[#Headers],[Blend]], 0)} -> CFC-12/CFC-114 | F53: {=Common_InputFunctions.Utility_DisplayArrayInTable(Refrigerants_SourceData.Refrigerants_ChemicalBlends_Data(), Table_RefrigerantBlends[[#Headers],[Blend]], 0)} -> R-400 can have various proportions of CFC-12 and CFC-114. The exact composition needs to be specified, e.g., R-400 (60/40).
D54: {=Common_InputFunctions.Utility_DisplayArrayInTable(Refrigerants_SourceData.Refrigerants_ChemicalBlends_Data(), Table_RefrigerantBlends[[#Headers],[Blend]], 0)} -> R-401A | E54: {=Common_InputFunctions.Utility_DisplayArrayInTable(Refrigerants_SourceData.Refrigerants_ChemicalBlends_Data(), Table_RefrigerantBlends[[#Headers],[Blend]], 0)} -> HCFC-22/HFC-152a/HCFC-124 | F54: {=Common_InputFunctions.Utility_DisplayArrayInTable(Refrigerants_SourceData.Refrigerants_ChemicalBlends_Data(), Table_RefrigerantBlends[[#Headers],[Blend]], 0)} -> (53.0/13.0/34.0)
D55: {=Common_InputFunctions.Utility_DisplayArrayInTable(Refrigerants_SourceData.Refrigerants_ChemicalBlends_Data(), Table_RefrigerantBlends[[#Headers],[Blend]], 0)} -> R-401B | E55: {=Common_InputFunctions.Utility_DisplayArrayInTable(Refrigerants_SourceData.Refrigerants_ChemicalBlends_Data(), Table_RefrigerantBlends[[#Headers],[Blend]], 0)} -> HCFC-22/HFC-152a/HCFC-124 | F55: {=Common_InputFunctions.Utility_DisplayArrayInTable(Refrigerants_SourceData.Refrigerants_ChemicalBlends_Data(), Table_RefrigerantBlends[[#Headers],[Blend]], 0)} -> (61.0/11.0/28.0)
D56: {=Common_InputFunctions.Utility_DisplayArrayInTable(Refrigerants_SourceData.Refrigerants_ChemicalBlends_Data(), Table_RefrigerantBlends[[#Headers],[Blend]], 0)} -> R-401C | E56: {=Common_InputFunctions.Utility_DisplayArrayInTable(Refrigerants_SourceData.Refrigerants_ChemicalBlends_Data(), Table_RefrigerantBlends[[#Headers],[Blend]], 0)} -> HCFC-22/HFC-152a/HCFC-124 | F56: {=Common_InputFunctions.Utility_DisplayArrayInTable(Refrigerants_SourceData.Refrigerants_ChemicalBlends_Data(), Table_RefrigerantBlends[[#Headers],[Blend]], 0)} -> (33.0/15.0/52.0)
D57: {=Common_InputFunctions.Utility_DisplayArrayInTable(Refrigerants_SourceData.Refrigerants_ChemicalBlends_Data(), Table_RefrigerantBlends[[#Headers],[Blend]], 0)} -> R-402A | E57: {=Common_InputFunctions.Utility_DisplayArrayInTable(Refrigerants_SourceData.Refrigerants_ChemicalBlends_Data(), Table_RefrigerantBlends[[#Headers],[Blend]], 0)} -> HFC-125/HC-290/HCFC-22 | F57: {=Common_InputFunctions.Utility_DisplayArrayInTable(Refrigerants_SourceData.Refrigerants_ChemicalBlends_Data(), Table_RefrigerantBlends[[#Headers],[Blend]], 0)} -> (60.0/2.0/38.0)
D58: {=Common_InputFunctions.Utility_DisplayArrayInTable(Refrigerants_SourceData.Refrigerants_ChemicalBlends_Data(), Table_RefrigerantBlends[[#Headers],[Blend]], 0)} -> R-402B | E58: {=Common_InputFunctions.Utility_DisplayArrayInTable(Refrigerants_SourceData.Refrigerants_ChemicalBlends_Data(), Table_RefrigerantBlends[[#Headers],[Blend]], 0)} -> HFC-125/HC-290/HCFC-22 | F58: {=Common_InputFunctions.Utility_DisplayArrayInTable(Refrigerants_SourceData.Refrigerants_ChemicalBlends_Data(), Table_RefrigerantBlends[[#Headers],[Blend]], 0)} -> (38.0/2.0/60.0)
D59: {=Common_InputFunctions.Utility_DisplayArrayInTable(Refrigerants_SourceData.Refrigerants_ChemicalBlends_Data(), Table_RefrigerantBlends[[#Headers],[Blend]], 0)} -> R-403A | E59: {=Common_InputFunctions.Utility_DisplayArrayInTable(Refrigerants_SourceData.Refrigerants_ChemicalBlends_Data(), Table_RefrigerantBlends[[#Headers],[Blend]], 0)} -> HC-290/HCFC-22/PFC-218 | F59: {=Common_InputFunctions.Utility_DisplayArrayInTable(Refrigerants_SourceData.Refrigerants_ChemicalBlends_Data(), Table_RefrigerantBlends[[#Headers],[Blend]], 0)} -> (5.0/75.0/20.0)
D60: {=Common_InputFunctions.Utility_DisplayArrayInTable(Refrigerants_SourceData.Refrigerants_ChemicalBlends_Data(), Table_RefrigerantBlends[[#Headers],[Blend]], 0)} -> R-403B | E60: {=Common_InputFunctions.Utility_DisplayArrayInTable(Refrigerants_SourceData.Refrigerants_ChemicalBlends_Data(), Table_RefrigerantBlends[[#Headers],[Blend]], 0)} -> HC-290/HCFC-22/PFC-218 | F60: {=Common_InputFunctions.Utility_DisplayArrayInTable(Refrigerants_SourceData.Refrigerants_ChemicalBlends_Data(), Table_RefrigerantBlends[[#Headers],[Blend]], 0)} -> (5.0/56.0/39.0)
D61: {=Common_InputFunctions.Utility_DisplayArrayInTable(Refrigerants_SourceData.Refrigerants_ChemicalBlends_Data(), Table_RefrigerantBlends[[#Headers],[Blend]], 0)} -> R-404A | E61: {=Common_InputFunctions.Utility_DisplayArrayInTable(Refrigerants_SourceData.Refrigerants_ChemicalBlends_Data(), Table_RefrigerantBlends[[#Headers],[Blend]], 0)} -> HFC-125/HFC-143a/HFC-134a | F61: {=Common_InputFunctions.Utility_DisplayArrayInTable(Refrigerants_SourceData.Refrigerants_ChemicalBlends_Data(), Table_RefrigerantBlends[[#Headers],[Blend]], 0)} -> (44.0/52.0/4.0)
D62: {=Common_InputFunctions.Utility_DisplayArrayInTable(Refrigerants_SourceData.Refrigerants_ChemicalBlends_Data(), Table_RefrigerantBlends[[#Headers],[Blend]], 0)} -> R-405A | E62: {=Common_InputFunctions.Utility_DisplayArrayInTable(Refrigerants_SourceData.Refrigerants_ChemicalBlends_Data(), Table_RefrigerantBlends[[#Headers],[Blend]], 0)} -> HCFC-22/ HFC-152a/HCFC-142b/PFC-318 | F62: {=Common_InputFunctions.Utility_DisplayArrayInTable(Refrigerants_SourceData.Refrigerants_ChemicalBlends_Data(), Table_RefrigerantBlends[[#Headers],[Blend]], 0)} -> (45.0/7.0/5.5/42.5)
D63: {=Common_InputFunctions.Utility_DisplayArrayInTable(Refrigerants_SourceData.Refrigerants_ChemicalBlends_Data(), Table_RefrigerantBlends[[#Headers],[Blend]], 0)} -> R-406A | E63: {=Common_InputFunctions.Utility_DisplayArrayInTable(Refrigerants_SourceData.Refrigerants_ChemicalBlends_Data(), Table_RefrigerantBlends[[#Headers],[Blend]], 0)} -> HCFC-22/HC-600a/HCFC-142b | F63: {=Common_InputFunctions.Utility_DisplayArrayInTable(Refrigerants_SourceData.Refrigerants_ChemicalBlends_Data(), Table_RefrigerantBlends[[#Headers],[Blend]], 0)} -> (55.0/14.0/41.0)
D64: {=Common_InputFunctions.Utility_DisplayArrayInTable(Refrigerants_SourceData.Refrigerants_ChemicalBlends_Data(), Table_RefrigerantBlends[[#Headers],[Blend]], 0)} -> R-407A | E64: {=Common_InputFunctions.Utility_DisplayArrayInTable(Refrigerants_SourceData.Refrigerants_ChemicalBlends_Data(), Table_RefrigerantBlends[[#Headers],[Blend]], 0)} -> HFC-32/HFC-125/HFC-134a | F64: {=Common_InputFunctions.Utility_DisplayArrayInTable(Refrigerants_SourceData.Refrigerants_ChemicalBlends_Data(), Table_RefrigerantBlends[[#Headers],[Blend]], 0)} -> (20.0/40.0/40.0)
... D102: {=Common_InputFunctions.Utility_DisplayArrayInTable(Refrigerants_SourceData.Refrigerants_ChemicalBlends_Data(), Table_RefrigerantBlends[[#Headers],[Blend]], 0)} -> R-509A | E102: {=Common_InputFunctions.Utility_DisplayArrayInTable(Refrigerants_SourceData.Refrigerants_ChemicalBlends_Data(), Table_RefrigerantBlends[[#Headers],[Blend]], 0)} -> HCFC-22/PFC-218 | F102: {=Common_InputFunctions.Utility_DisplayArrayInTable(Refrigerants_SourceData.Refrigerants_ChemicalBlends_Data(), Table_RefrigerantBlends[[#Headers],[Blend]], 0)} -> (44.0/56.0)
D105: Blended refrigerants - Cleaned for calculations
D106: =" ℹ️ This table lists the refrigerant blends from the table '"&D49&"' and each constituent gas in separate cells. For each constituent gas, it GWP value is found from the '"&D5&"' table. Then the GWPs for each constituent gas are miltiplied by their blend fraction, and added together to make a GWP for the blend." -> ℹ️ This table lists the refrigerant blends from the table 'Blended refrigerants (many containing HFCS and/or PFCS)' and each constituent gas in separate cells. For each constituent gas, it GWP value is found from the 'Global Warming Potentials' table. Then the GWPs for each constituent gas are miltiplied by their blend fraction, and added together to make a GWP for the blend.
D107: ="⚠️NOTE: Some constituent gases are not listed in the '" & D5 & "' table. This is because those gases are not reportable under AR5." -> ⚠️NOTE: Some constituent gases are not listed in the 'Global Warming Potentials' table. This is because those gases are not reportable under AR5.
D108: ="⚠️NOTE: Because there are no specified blends of R-400 in the table '" & D49 & "' We have specified three blends: 'R-400 50/50', 'R-400 60/40' and 'R-400 80/20'" -> ⚠️NOTE: Because there are no specified blends of R-400 in the table 'Blended refrigerants (many containing HFCS and/or PFCS)' We have specified three blends: 'R-400 50/50', 'R-400 60/40' and 'R-400 80/20'
D109: Blend | E109: Constituent 1 | F109: Constituent 2 | G109: Constituent 3 | H109: Constituent 4 | I109: Constituent 1 fraction | J109: Constituent 2 fraction | K109: Constituent 3 fraction | L109: Constituent 4 fraction | M109: Constituent 1 GWP | N109: Constituent 2 GWP | O109: Constituent 3 GWP | P109: Constituent 4 GWP | Q109: Blend GWP
D110: =$D$53 & " 50/50" -> R-400 50/50 | E110: {=IFERROR(INDEX(TRANSPOSE(Common_InputFunctions.Utility_SplitStringIntoArray($E$53, "/")), 1), "")} -> CFC-12 | F110: {=IFERROR(INDEX(TRANSPOSE(Common_InputFunctions.Utility_SplitStringIntoArray($E$53, "/")), 2), "")} -> CFC-114 | G110: {=IFERROR(INDEX(TRANSPOSE(Common_InputFunctions.Utility_SplitStringIntoArray($E$53, "/")), 3), "")} | H110: {=IFERROR(INDEX(TRANSPOSE(Common_InputFunctions.Utility_SplitStringIntoArray($E$53, "/")), 4), "")} | I110: 0.5 | J110: 0.5 | M110: {=IFERROR(Table_RefrigerantBlends_Cleaned[[#This Row],[Constituent 1 fraction]]*Common_InputFunctions.Utility_LookupValueInTableNumber(Table_RefrigerantBlends_Cleaned[[#This Row],[Constituent 1]], Table_RefrigerantChemicalGWP[Gas - FC name], Table_RefrigerantChemicalGWP[Global warming potential (AR5)]),"")} -> 5100 | N110: {=IFERROR(Table_RefrigerantBlends_Cleaned[[#This Row],[Constituent 1 fraction]]*Common_InputFunctions.Utility_LookupValueInTableNumber(Table_RefrigerantBlends_Cleaned[[#This Row],[Constituent 2]], Table_RefrigerantChemicalGWP[Gas - FC name], Table_RefrigerantChemicalGWP[Global warming potential (AR5)]),"")} -> 4295 | O110: {=IFERROR(Table_RefrigerantBlends_Cleaned[[#This Row],[Constituent 1 fraction]]*Common_InputFunctions.Utility_LookupValueInTableNumber(Table_RefrigerantBlends_Cleaned[[#This Row],[Constituent 3]], Table_RefrigerantChemicalGWP[Gas - FC name], Table_RefrigerantChemicalGWP[Global warming potential (AR5)]),"")} -> 0 | P110: {=IFERROR(Table_RefrigerantBlends_Cleaned[[#This Row],[Constituent 1 fraction]]*Common_InputFunctions.Utility_LookupValueInTableNumber(Table_RefrigerantBlends_Cleaned[[#This Row],[Constituent 4]], Table_RefrigerantChemicalGWP[Gas - FC name], Table_RefrigerantChemicalGWP[Global warming potential (AR5)]),"")} -> 0 | Q110: {=Refrigerants_InputFunctions.Refrigerants_CalculateBlendGWP(Table_RefrigerantBlends_Cleaned[[#This Row],[Constituent 1 fraction]],Table_RefrigerantBlends_Cleaned[[#This Row],[Constituent 1 GWP]],Table_RefrigerantBlends_Cleaned[[#This Row],[Constituent 2 fraction]],Table_RefrigerantBlends_Cleaned[[#This Row],[Constituent 2 GWP]],Table_RefrigerantBlends_Cleaned[[#This Row],[Constituent 3 fraction]],Table_RefrigerantBlends_Cleaned[[#This Row],[Constituent 3 GWP]],Table_RefrigerantBlends_Cleaned[[#This Row],[Constituent 4 fraction]],Table_RefrigerantBlends_Cleaned[[#This Row],[Constituent 4 GWP]])} -> 4697.5
D111: =$D$53 & " 60/40" -> R-400 60/40 | E111: {=IFERROR(INDEX(TRANSPOSE(Common_InputFunctions.Utility_SplitStringIntoArray($E$53, "/")), 1), "")} -> CFC-12 | F111: {=IFERROR(INDEX(TRANSPOSE(Common_InputFunctions.Utility_SplitStringIntoArray($E$53, "/")), 2), "")} -> CFC-114 | G111: {=IFERROR(INDEX(TRANSPOSE(Common_InputFunctions.Utility_SplitStringIntoArray($E$53, "/")), 3), "")} | H111: {=IFERROR(INDEX(TRANSPOSE(Common_InputFunctions.Utility_SplitStringIntoArray($E$53, "/")), 4), "")} | I111: 0.6 | J111: 0.4 | M111: {=IFERROR(Table_RefrigerantBlends_Cleaned[[#This Row],[Constituent 1 fraction]]*Common_InputFunctions.Utility_LookupValueInTableNumber(Table_RefrigerantBlends_Cleaned[[#This Row],[Constituent 1]], Table_RefrigerantChemicalGWP[Gas - FC name], Table_RefrigerantChemicalGWP[Global warming potential (AR5)]),"")} -> 6120 | N111: {=IFERROR(Table_RefrigerantBlends_Cleaned[[#This Row],[Constituent 1 fraction]]*Common_InputFunctions.Utility_LookupValueInTableNumber(Table_RefrigerantBlends_Cleaned[[#This Row],[Constituent 2]], Table_RefrigerantChemicalGWP[Gas - FC name], Table_RefrigerantChemicalGWP[Global warming potential (AR5)]),"")} -> 5154 | O111: {=IFERROR(Table_RefrigerantBlends_Cleaned[[#This Row],[Constituent 1 fraction]]*Common_InputFunctions.Utility_LookupValueInTableNumber(Table_RefrigerantBlends_Cleaned[[#This Row],[Constituent 3]], Table_RefrigerantChemicalGWP[Gas - FC name], Table_RefrigerantChemicalGWP[Global warming potential (AR5)]),"")} -> 0 | P111: {=IFERROR(Table_RefrigerantBlends_Cleaned[[#This Row],[Constituent 1 fraction]]*Common_InputFunctions.Utility_LookupValueInTableNumber(Table_RefrigerantBlends_Cleaned[[#This Row],[Constituent 4]], Table_RefrigerantChemicalGWP[Gas - FC name], Table_RefrigerantChemicalGWP[Global warming potential (AR5)]),"")} -> 0 | Q111: {=Refrigerants_InputFunctions.Refrigerants_CalculateBlendGWP(Table_RefrigerantBlends_Cleaned[[#This Row],[Constituent 1 fraction]],Table_RefrigerantBlends_Cleaned[[#This Row],[Constituent 1 GWP]],Table_RefrigerantBlends_Cleaned[[#This Row],[Constituent 2 fraction]],Table_RefrigerantBlends_Cleaned[[#This Row],[Constituent 2 GWP]],Table_RefrigerantBlends_Cleaned[[#This Row],[Constituent 3 fraction]],Table_RefrigerantBlends_Cleaned[[#This Row],[Constituent 3 GWP]],Table_RefrigerantBlends_Cleaned[[#This Row],[Constituent 4 fraction]],Table_RefrigerantBlends_Cleaned[[#This Row],[Constituent 4 GWP]])} -> 5733.6
D112: =$D$53 & " 80/20" -> R-400 80/20 | E112: {=IFERROR(INDEX(TRANSPOSE(Common_InputFunctions.Utility_SplitStringIntoArray($E$53, "/")), 1), "")} -> CFC-12 | F112: {=IFERROR(INDEX(TRANSPOSE(Common_InputFunctions.Utility_SplitStringIntoArray($E$53, "/")), 2), "")} -> CFC-114 | G112: {=IFERROR(INDEX(TRANSPOSE(Common_InputFunctions.Utility_SplitStringIntoArray($E$53, "/")), 3), "")} | H112: {=IFERROR(INDEX(TRANSPOSE(Common_InputFunctions.Utility_SplitStringIntoArray($E$53, "/")), 4), "")} | I112: 0.8 | J112: 0.2 | M112: {=IFERROR(Table_RefrigerantBlends_Cleaned[[#This Row],[Constituent 1 fraction]]*Common_InputFunctions.Utility_LookupValueInTableNumber(Table_RefrigerantBlends_Cleaned[[#This Row],[Constituent 1]], Table_RefrigerantChemicalGWP[Gas - FC name], Table_RefrigerantChemicalGWP[Global warming potential (AR5)]),"")} -> 8160 | N112: {=IFERROR(Table_RefrigerantBlends_Cleaned[[#This Row],[Constituent 1 fraction]]*Common_InputFunctions.Utility_LookupValueInTableNumber(Table_RefrigerantBlends_Cleaned[[#This Row],[Constituent 2]], Table_RefrigerantChemicalGWP[Gas - FC name], Table_RefrigerantChemicalGWP[Global warming potential (AR5)]),"")} -> 6872 | O112: {=IFERROR(Table_RefrigerantBlends_Cleaned[[#This Row],[Constituent 1 fraction]]*Common_InputFunctions.Utility_LookupValueInTableNumber(Table_RefrigerantBlends_Cleaned[[#This Row],[Constituent 3]], Table_RefrigerantChemicalGWP[Gas - FC name], Table_RefrigerantChemicalGWP[Global warming potential (AR5)]),"")} -> 0 | P112: {=IFERROR(Table_RefrigerantBlends_Cleaned[[#This Row],[Constituent 1 fraction]]*Common_InputFunctions.Utility_LookupValueInTableNumber(Table_RefrigerantBlends_Cleaned[[#This Row],[Constituent 4]], Table_RefrigerantChemicalGWP[Gas - FC name], Table_RefrigerantChemicalGWP[Global warming potential (AR5)]),"")} -> 0 | Q112: {=Refrigerants_InputFunctions.Refrigerants_CalculateBlendGWP(Table_RefrigerantBlends_Cleaned[[#This Row],[Constituent 1 fraction]],Table_RefrigerantBlends_Cleaned[[#This Row],[Constituent 1 GWP]],Table_RefrigerantBlends_Cleaned[[#This Row],[Constituent 2 fraction]],Table_RefrigerantBlends_Cleaned[[#This Row],[Constituent 2 GWP]],Table_RefrigerantBlends_Cleaned[[#This Row],[Constituent 3 fraction]],Table_RefrigerantBlends_Cleaned[[#This Row],[Constituent 3 GWP]],Table_RefrigerantBlends_Cleaned[[#This Row],[Constituent 4 fraction]],Table_RefrigerantBlends_Cleaned[[#This Row],[Constituent 4 GWP]])} -> 7902.4
D113: =D54 -> R-401A | E113: {=IFERROR(INDEX(TRANSPOSE(Common_InputFunctions.Utility_SplitStringIntoArray($E54, "/")), 1), "")} -> HCFC-22 | F113: {=IFERROR(INDEX(TRANSPOSE(Common_InputFunctions.Utility_SplitStringIntoArray($E54, "/")), 2), "")} -> HFC-152a | G113: {=IFERROR(INDEX(TRANSPOSE(Common_InputFunctions.Utility_SplitStringIntoArray($E54, "/")), 3), "")} -> HCFC-124 | H113: {=IFERROR(INDEX(TRANSPOSE(Common_InputFunctions.Utility_SplitStringIntoArray($E54, "/")), 4), "")} | I113: {=IFERROR(INDEX(TRANSPOSE(Common_InputFunctions.Utility_SplitStringIntoArray($F54, "/", "(", ")")), 1)*0.01, 0)} -> 0.53 | J113: {=IFERROR(INDEX(TRANSPOSE(Common_InputFunctions.Utility_SplitStringIntoArray($F54, "/", "(", ")")), 2)*0.01, 0)} -> 0.13 | K113: {=IFERROR(INDEX(TRANSPOSE(Common_InputFunctions.Utility_SplitStringIntoArray($F54, "/", "(", ")")), 3)*0.01, 0)} -> 0.34 | L113: {=IFERROR(INDEX(TRANSPOSE(Common_InputFunctions.Utility_SplitStringIntoArray($F54, "/", "(", ")")), 4)*0.01, 0)} -> 0 | M113: {=IFERROR(Table_RefrigerantBlends_Cleaned[[#This Row],[Constituent 1 fraction]]*Common_InputFunctions.Utility_LookupValueInTableNumber(Table_RefrigerantBlends_Cleaned[[#This Row],[Constituent 1]], Table_RefrigerantChemicalGWP[Gas - FC name], Table_RefrigerantChemicalGWP[Global warming potential (AR5)]),"")} -> 932.8 | N113: {=IFERROR(Table_RefrigerantBlends_Cleaned[[#This Row],[Constituent 2 fraction]]*Common_InputFunctions.Utility_LookupValueInTableNumber(Table_RefrigerantBlends_Cleaned[[#This Row],[Constituent 2]], Table_RefrigerantChemicalGWP[Gas - FC name], Table_RefrigerantChemicalGWP[Global warming potential (AR5)]), "")} -> 17.94 | O113: {=IFERROR(Table_RefrigerantBlends_Cleaned[[#This Row],[Constituent 3 fraction]]*Common_InputFunctions.Utility_LookupValueInTableNumber(Table_RefrigerantBlends_Cleaned[[#This Row],[Constituent 3]], Table_RefrigerantChemicalGWP[Gas - FC name], Table_RefrigerantChemicalGWP[Global warming potential (AR5)]), "")} -> 179.18 | P113: {=IFERROR(Table_RefrigerantBlends_Cleaned[[#This Row],[Constituent 4 fraction]]*Common_InputFunctions.Utility_LookupValueInTableNumber(Table_RefrigerantBlends_Cleaned[[#This Row],[Constituent 4]], Table_RefrigerantChemicalGWP[Gas - FC name], Table_RefrigerantChemicalGWP[Global warming potential (AR5)]), "")} -> 0 | Q113: {=Refrigerants_InputFunctions.Refrigerants_CalculateBlendGWP(Table_RefrigerantBlends_Cleaned[[#This Row],[Constituent 1 fraction]],Table_RefrigerantBlends_Cleaned[[#This Row],[Constituent 1 GWP]],Table_RefrigerantBlends_Cleaned[[#This Row],[Constituent 2 fraction]],Table_RefrigerantBlends_Cleaned[[#This Row],[Constituent 2 GWP]],Table_RefrigerantBlends_Cleaned[[#This Row],[Constituent 3 fraction]],Table_RefrigerantBlends_Cleaned[[#This Row],[Constituent 3 GWP]],Table_RefrigerantBlends_Cleaned[[#This Row],[Constituent 4 fraction]],Table_RefrigerantBlends_Cleaned[[#This Row],[Constituent 4 GWP]])} -> 557.6374
D114: =D55 -> R-401B | E114: {=IFERROR(INDEX(TRANSPOSE(Common_InputFunctions.Utility_SplitStringIntoArray($E55, "/")), 1), "")} -> HCFC-22 | F114: {=IFERROR(INDEX(TRANSPOSE(Common_InputFunctions.Utility_SplitStringIntoArray($E55, "/")), 2), "")} -> HFC-152a | G114: {=IFERROR(INDEX(TRANSPOSE(Common_InputFunctions.Utility_SplitStringIntoArray($E55, "/")), 3), "")} -> HCFC-124 | H114: {=IFERROR(INDEX(TRANSPOSE(Common_InputFunctions.Utility_SplitStringIntoArray($E55, "/")), 4), "")} | I114: {=IFERROR(INDEX(TRANSPOSE(Common_InputFunctions.Utility_SplitStringIntoArray($F55, "/", "(", ")")), 1)*0.01, 0)} -> 0.61 | J114: {=IFERROR(INDEX(TRANSPOSE(Common_InputFunctions.Utility_SplitStringIntoArray($F55, "/", "(", ")")), 2)*0.01, 0)} -> 0.11 | K114: {=IFERROR(INDEX(TRANSPOSE(Common_InputFunctions.Utility_SplitStringIntoArray($F55, "/", "(", ")")), 3)*0.01, 0)} -> 0.28 | L114: {=IFERROR(INDEX(TRANSPOSE(Common_InputFunctions.Utility_SplitStringIntoArray($F55, "/", "(", ")")), 4)*0.01, 0)} -> 0 | M114: {=IFERROR(Table_RefrigerantBlends_Cleaned[[#This Row],[Constituent 1 fraction]]*Common_InputFunctions.Utility_LookupValueInTableNumber(Table_RefrigerantBlends_Cleaned[[#This Row],[Constituent 1]], Table_RefrigerantChemicalGWP[Gas - FC name], Table_RefrigerantChemicalGWP[Global warming potential (AR5)]),"")} -> 1073.6 | N114: {=IFERROR(Table_RefrigerantBlends_Cleaned[[#This Row],[Constituent 2 fraction]]*Common_InputFunctions.Utility_LookupValueInTableNumber(Table_RefrigerantBlends_Cleaned[[#This Row],[Constituent 2]], Table_RefrigerantChemicalGWP[Gas - FC name], Table_RefrigerantChemicalGWP[Global warming potential (AR5)]), "")} -> 15.18 | O114: {=IFERROR(Table_RefrigerantBlends_Cleaned[[#This Row],[Constituent 3 fraction]]*Common_InputFunctions.Utility_LookupValueInTableNumber(Table_RefrigerantBlends_Cleaned[[#This Row],[Constituent 3]], Table_RefrigerantChemicalGWP[Gas - FC name], Table_RefrigerantChemicalGWP[Global warming potential (AR5)]), "")} -> 147.56 | P114: {=IFERROR(Table_RefrigerantBlends_Cleaned[[#This Row],[Constituent 4 fraction]]*Common_InputFunctions.Utility_LookupValueInTableNumber(Table_RefrigerantBlends_Cleaned[[#This Row],[Constituent 4]], Table_RefrigerantChemicalGWP[Gas - FC name], Table_RefrigerantChemicalGWP[Global warming potential (AR5)]), "")} -> 0 | Q114: {=Refrigerants_InputFunctions.Refrigerants_CalculateBlendGWP(Table_RefrigerantBlends_Cleaned[[#This Row],[Constituent 1 fraction]],Table_RefrigerantBlends_Cleaned[[#This Row],[Constituent 1 GWP]],Table_RefrigerantBlends_Cleaned[[#This Row],[Constituent 2 fraction]],Table_RefrigerantBlends_Cleaned[[#This Row],[Constituent 2 GWP]],Table_RefrigerantBlends_Cleaned[[#This Row],[Constituent 3 fraction]],Table_RefrigerantBlends_Cleaned[[#This Row],[Constituent 3 GWP]],Table_RefrigerantBlends_Cleaned[[#This Row],[Constituent 4 fraction]],Table_RefrigerantBlends_Cleaned[[#This Row],[Constituent 4 GWP]])} -> 697.8826
D115: =D56 -> R-401C | E115: {=IFERROR(INDEX(TRANSPOSE(Common_InputFunctions.Utility_SplitStringIntoArray($E56, "/")), 1), "")} -> HCFC-22 | F115: {=IFERROR(INDEX(TRANSPOSE(Common_InputFunctions.Utility_SplitStringIntoArray($E56, "/")), 2), "")} -> HFC-152a | G115: {=IFERROR(INDEX(TRANSPOSE(Common_InputFunctions.Utility_SplitStringIntoArray($E56, "/")), 3), "")} -> HCFC-124 | H115: {=IFERROR(INDEX(TRANSPOSE(Common_InputFunctions.Utility_SplitStringIntoArray($E56, "/")), 4), "")} | I115: {=IFERROR(INDEX(TRANSPOSE(Common_InputFunctions.Utility_SplitStringIntoArray($F56, "/", "(", ")")), 1)*0.01, 0)} -> 0.33 | J115: {=IFERROR(INDEX(TRANSPOSE(Common_InputFunctions.Utility_SplitStringIntoArray($F56, "/", "(", ")")), 2)*0.01, 0)} -> 0.15 | K115: {=IFERROR(INDEX(TRANSPOSE(Common_InputFunctions.Utility_SplitStringIntoArray($F56, "/", "(", ")")), 3)*0.01, 0)} -> 0.52 | L115: {=IFERROR(INDEX(TRANSPOSE(Common_InputFunctions.Utility_SplitStringIntoArray($F56, "/", "(", ")")), 4)*0.01, 0)} -> 0 | M115: {=IFERROR(Table_RefrigerantBlends_Cleaned[[#This Row],[Constituent 1 fraction]]*Common_InputFunctions.Utility_LookupValueInTableNumber(Table_RefrigerantBlends_Cleaned[[#This Row],[Constituent 1]], Table_RefrigerantChemicalGWP[Gas - FC name], Table_RefrigerantChemicalGWP[Global warming potential (AR5)]),"")} -> 580.8 | N115: {=IFERROR(Table_RefrigerantBlends_Cleaned[[#This Row],[Constituent 2 fraction]]*Common_InputFunctions.Utility_LookupValueInTableNumber(Table_RefrigerantBlends_Cleaned[[#This Row],[Constituent 2]], Table_RefrigerantChemicalGWP[Gas - FC name], Table_RefrigerantChemicalGWP[Global warming potential (AR5)]), "")} -> 20.7 | O115: {=IFERROR(Table_RefrigerantBlends_Cleaned[[#This Row],[Constituent 3 fraction]]*Common_InputFunctions.Utility_LookupValueInTableNumber(Table_RefrigerantBlends_Cleaned[[#This Row],[Constituent 3]], Table_RefrigerantChemicalGWP[Gas - FC name], Table_RefrigerantChemicalGWP[Global warming potential (AR5)]), "")} -> 274.04 | P115: {=IFERROR(Table_RefrigerantBlends_Cleaned[[#This Row],[Constituent 4 fraction]]*Common_InputFunctions.Utility_LookupValueInTableNumber(Table_RefrigerantBlends_Cleaned[[#This Row],[Constituent 4]], Table_RefrigerantChemicalGWP[Gas - FC name], Table_RefrigerantChemicalGWP[Global warming potential (AR5)]), "")} -> 0 | Q115: {=Refrigerants_InputFunctions.Refrigerants_CalculateBlendGWP(Table_RefrigerantBlends_Cleaned[[#This Row],[Constituent 1 fraction]],Table_RefrigerantBlends_Cleaned[[#This Row],[Constituent 1 GWP]],Table_RefrigerantBlends_Cleaned[[#This Row],[Constituent 2 fraction]],Table_RefrigerantBlends_Cleaned[[#This Row],[Constituent 2 GWP]],Table_RefrigerantBlends_Cleaned[[#This Row],[Constituent 3 fraction]],Table_RefrigerantBlends_Cleaned[[#This Row],[Constituent 3 GWP]],Table_RefrigerantBlends_Cleaned[[#This Row],[Constituent 4 fraction]],Table_RefrigerantBlends_Cleaned[[#This Row],[Constituent 4 GWP]])} -> 337.2698
D116: =D57 -> R-402A | E116: {=IFERROR(INDEX(TRANSPOSE(Common_InputFunctions.Utility_SplitStringIntoArray($E57, "/")), 1), "")} -> HFC-125 | F116: {=IFERROR(INDEX(TRANSPOSE(Common_InputFunctions.Utility_SplitStringIntoArray($E57, "/")), 2), "")} -> HC-290 | G116: {=IFERROR(INDEX(TRANSPOSE(Common_InputFunctions.Utility_SplitStringIntoArray($E57, "/")), 3), "")} -> HCFC-22 | H116: {=IFERROR(INDEX(TRANSPOSE(Common_InputFunctions.Utility_SplitStringIntoArray($E57, "/")), 4), "")} | I116: {=IFERROR(INDEX(TRANSPOSE(Common_InputFunctions.Utility_SplitStringIntoArray($F57, "/", "(", ")")), 1)*0.01, 0)} -> 0.6 | J116: {=IFERROR(INDEX(TRANSPOSE(Common_InputFunctions.Utility_SplitStringIntoArray($F57, "/", "(", ")")), 2)*0.01, 0)} -> 0.02 | K116: {=IFERROR(INDEX(TRANSPOSE(Common_InputFunctions.Utility_SplitStringIntoArray($F57, "/", "(", ")")), 3)*0.01, 0)} -> 0.38 | L116: {=IFERROR(INDEX(TRANSPOSE(Common_InputFunctions.Utility_SplitStringIntoArray($F57, "/", "(", ")")), 4)*0.01, 0)} -> 0 | M116: {=IFERROR(Table_RefrigerantBlends_Cleaned[[#This Row],[Constituent 1 fraction]]*Common_InputFunctions.Utility_LookupValueInTableNumber(Table_RefrigerantBlends_Cleaned[[#This Row],[Constituent 1]], Table_RefrigerantChemicalGWP[Gas - FC name], Table_RefrigerantChemicalGWP[Global warming potential (AR5)]),"")} -> 1902 | N116: {=IFERROR(Table_RefrigerantBlends_Cleaned[[#This Row],[Constituent 2 fraction]]*Common_InputFunctions.Utility_LookupValueInTableNumber(Table_RefrigerantBlends_Cleaned[[#This Row],[Constituent 2]], Table_RefrigerantChemicalGWP[Gas - FC name], Table_RefrigerantChemicalGWP[Global warming potential (AR5)]), "")} -> 0 | O116: {=IFERROR(Table_RefrigerantBlends_Cleaned[[#This Row],[Constituent 3 fraction]]*Common_InputFunctions.Utility_LookupValueInTableNumber(Table_RefrigerantBlends_Cleaned[[#This Row],[Constituent 3]], Table_RefrigerantChemicalGWP[Gas - FC name], Table_RefrigerantChemicalGWP[Global warming potential (AR5)]), "")} -> 668.8 | P116: {=IFERROR(Table_RefrigerantBlends_Cleaned[[#This Row],[Constituent 4 fraction]]*Common_InputFunctions.Utility_LookupValueInTableNumber(Table_RefrigerantBlends_Cleaned[[#This Row],[Constituent 4]], Table_RefrigerantChemicalGWP[Gas - FC name], Table_RefrigerantChemicalGWP[Global warming potential (AR5)]), "")} -> 0 | Q116: {=Refrigerants_InputFunctions.Refrigerants_CalculateBlendGWP(Table_RefrigerantBlends_Cleaned[[#This Row],[Constituent 1 fraction]],Table_RefrigerantBlends_Cleaned[[#This Row],[Constituent 1 GWP]],Table_RefrigerantBlends_Cleaned[[#This Row],[Constituent 2 fraction]],Table_RefrigerantBlends_Cleaned[[#This Row],[Constituent 2 GWP]],Table_RefrigerantBlends_Cleaned[[#This Row],[Constituent 3 fraction]],Table_RefrigerantBlends_Cleaned[[#This Row],[Constituent 3 GWP]],Table_RefrigerantBlends_Cleaned[[#This Row],[Constituent 4 fraction]],Table_RefrigerantBlends_Cleaned[[#This Row],[Constituent 4 GWP]])} -> 1395.344
D117: =D58 -> R-402B | E117: {=IFERROR(INDEX(TRANSPOSE(Common_InputFunctions.Utility_SplitStringIntoArray($E58, "/")), 1), "")} -> HFC-125 | F117: {=IFERROR(INDEX(TRANSPOSE(Common_InputFunctions.Utility_SplitStringIntoArray($E58, "/")), 2), "")} -> HC-290 | G117: {=IFERROR(INDEX(TRANSPOSE(Common_InputFunctions.Utility_SplitStringIntoArray($E58, "/")), 3), "")} -> HCFC-22 | H117: {=IFERROR(INDEX(TRANSPOSE(Common_InputFunctions.Utility_SplitStringIntoArray($E58, "/")), 4), "")} | I117: {=IFERROR(INDEX(TRANSPOSE(Common_InputFunctions.Utility_SplitStringIntoArray($F58, "/", "(", ")")), 1)*0.01, 0)} -> 0.38 | J117: {=IFERROR(INDEX(TRANSPOSE(Common_InputFunctions.Utility_SplitStringIntoArray($F58, "/", "(", ")")), 2)*0.01, 0)} -> 0.02 | K117: {=IFERROR(INDEX(TRANSPOSE(Common_InputFunctions.Utility_SplitStringIntoArray($F58, "/", "(", ")")), 3)*0.01, 0)} -> 0.6 | L117: {=IFERROR(INDEX(TRANSPOSE(Common_InputFunctions.Utility_SplitStringIntoArray($F58, "/", "(", ")")), 4)*0.01, 0)} -> 0 | M117: {=IFERROR(Table_RefrigerantBlends_Cleaned[[#This Row],[Constituent 1 fraction]]*Common_InputFunctions.Utility_LookupValueInTableNumber(Table_RefrigerantBlends_Cleaned[[#This Row],[Constituent 1]], Table_RefrigerantChemicalGWP[Gas - FC name], Table_RefrigerantChemicalGWP[Global warming potential (AR5)]),"")} -> 1204.6 | N117: {=IFERROR(Table_RefrigerantBlends_Cleaned[[#This Row],[Constituent 2 fraction]]*Common_InputFunctions.Utility_LookupValueInTableNumber(Table_RefrigerantBlends_Cleaned[[#This Row],[Constituent 2]], Table_RefrigerantChemicalGWP[Gas - FC name], Table_RefrigerantChemicalGWP[Global warming potential (AR5)]), "")} -> 0 | O117: {=IFERROR(Table_RefrigerantBlends_Cleaned[[#This Row],[Constituent 3 fraction]]*Common_InputFunctions.Utility_LookupValueInTableNumber(Table_RefrigerantBlends_Cleaned[[#This Row],[Constituent 3]], Table_RefrigerantChemicalGWP[Gas - FC name], Table_RefrigerantChemicalGWP[Global warming potential (AR5)]), "")} -> 1056 | P117: {=IFERROR(Table_RefrigerantBlends_Cleaned[[#This Row],[Constituent 4 fraction]]*Common_InputFunctions.Utility_LookupValueInTableNumber(Table_RefrigerantBlends_Cleaned[[#This Row],[Constituent 4]], Table_RefrigerantChemicalGWP[Gas - FC name], Table_RefrigerantChemicalGWP[Global warming potential (AR5)]), "")} -> 0 | Q117: {=Refrigerants_InputFunctions.Refrigerants_CalculateBlendGWP(Table_RefrigerantBlends_Cleaned[[#This Row],[Constituent 1 fraction]],Table_RefrigerantBlends_Cleaned[[#This Row],[Constituent 1 GWP]],Table_RefrigerantBlends_Cleaned[[#This Row],[Constituent 2 fraction]],Table_RefrigerantBlends_Cleaned[[#This Row],[Constituent 2 GWP]],Table_RefrigerantBlends_Cleaned[[#This Row],[Constituent 3 fraction]],Table_RefrigerantBlends_Cleaned[[#This Row],[Constituent 3 GWP]],Table_RefrigerantBlends_Cleaned[[#This Row],[Constituent 4 fraction]],Table_RefrigerantBlends_Cleaned[[#This Row],[Constituent 4 GWP]])} -> 1091.348
D118: =D59 -> R-403A | E118: {=IFERROR(INDEX(TRANSPOSE(Common_InputFunctions.Utility_SplitStringIntoArray($E59, "/")), 1), "")} -> HC-290 | F118: {=IFERROR(INDEX(TRANSPOSE(Common_InputFunctions.Utility_SplitStringIntoArray($E59, "/")), 2), "")} -> HCFC-22 | G118: {=IFERROR(INDEX(TRANSPOSE(Common_InputFunctions.Utility_SplitStringIntoArray($E59, "/")), 3), "")} -> PFC-218 | H118: {=IFERROR(INDEX(TRANSPOSE(Common_InputFunctions.Utility_SplitStringIntoArray($E59, "/")), 4), "")} | I118: {=IFERROR(INDEX(TRANSPOSE(Common_InputFunctions.Utility_SplitStringIntoArray($F59, "/", "(", ")")), 1)*0.01, 0)} -> 0.05 | J118: {=IFERROR(INDEX(TRANSPOSE(Common_InputFunctions.Utility_SplitStringIntoArray($F59, "/", "(", ")")), 2)*0.01, 0)} -> 0.75 | K118: {=IFERROR(INDEX(TRANSPOSE(Common_InputFunctions.Utility_SplitStringIntoArray($F59, "/", "(", ")")), 3)*0.01, 0)} -> 0.2 | L118: {=IFERROR(INDEX(TRANSPOSE(Common_InputFunctions.Utility_SplitStringIntoArray($F59, "/", "(", ")")), 4)*0.01, 0)} -> 0 | M118: {=IFERROR(Table_RefrigerantBlends_Cleaned[[#This Row],[Constituent 1 fraction]]*Common_InputFunctions.Utility_LookupValueInTableNumber(Table_RefrigerantBlends_Cleaned[[#This Row],[Constituent 1]], Table_RefrigerantChemicalGWP[Gas - FC name], Table_RefrigerantChemicalGWP[Global warming potential (AR5)]),"")} -> 0 | N118: {=IFERROR(Table_RefrigerantBlends_Cleaned[[#This Row],[Constituent 2 fraction]]*Common_InputFunctions.Utility_LookupValueInTableNumber(Table_RefrigerantBlends_Cleaned[[#This Row],[Constituent 2]], Table_RefrigerantChemicalGWP[Gas - FC name], Table_RefrigerantChemicalGWP[Global warming potential (AR5)]), "")} -> 1320 | O118: {=IFERROR(Table_RefrigerantBlends_Cleaned[[#This Row],[Constituent 3 fraction]]*Common_InputFunctions.Utility_LookupValueInTableNumber(Table_RefrigerantBlends_Cleaned[[#This Row],[Constituent 3]], Table_RefrigerantChemicalGWP[Gas - FC name], Table_RefrigerantChemicalGWP[Global warming potential (AR5)]), "")} -> 1780 | P118: {=IFERROR(Table_RefrigerantBlends_Cleaned[[#This Row],[Constituent 4 fraction]]*Common_InputFunctions.Utility_LookupValueInTableNumber(Table_RefrigerantBlends_Cleaned[[#This Row],[Constituent 4]], Table_RefrigerantChemicalGWP[Gas - FC name], Table_RefrigerantChemicalGWP[Global warming potential (AR5)]), "")} -> 0 | Q118: {=Refrigerants_InputFunctions.Refrigerants_CalculateBlendGWP(Table_RefrigerantBlends_Cleaned[[#This Row],[Constituent 1 fraction]],Table_RefrigerantBlends_Cleaned[[#This Row],[Constituent 1 GWP]],Table_RefrigerantBlends_Cleaned[[#This Row],[Constituent 2 fraction]],Table_RefrigerantBlends_Cleaned[[#This Row],[Constituent 2 GWP]],Table_RefrigerantBlends_Cleaned[[#This Row],[Constituent 3 fraction]],Table_RefrigerantBlends_Cleaned[[#This Row],[Constituent 3 GWP]],Table_RefrigerantBlends_Cleaned[[#This Row],[Constituent 4 fraction]],Table_RefrigerantBlends_Cleaned[[#This Row],[Constituent 4 GWP]])} -> 1346
D119: =D60 -> R-403B | E119: {=IFERROR(INDEX(TRANSPOSE(Common_InputFunctions.Utility_SplitStringIntoArray($E60, "/")), 1), "")} -> HC-290 | F119: {=IFERROR(INDEX(TRANSPOSE(Common_InputFunctions.Utility_SplitStringIntoArray($E60, "/")), 2), "")} -> HCFC-22 | G119: {=IFERROR(INDEX(TRANSPOSE(Common_InputFunctions.Utility_SplitStringIntoArray($E60, "/")), 3), "")} -> PFC-218 | H119: {=IFERROR(INDEX(TRANSPOSE(Common_InputFunctions.Utility_SplitStringIntoArray($E60, "/")), 4), "")} | I119: {=IFERROR(INDEX(TRANSPOSE(Common_InputFunctions.Utility_SplitStringIntoArray($F60, "/", "(", ")")), 1)*0.01, 0)} -> 0.05 | J119: {=IFERROR(INDEX(TRANSPOSE(Common_InputFunctions.Utility_SplitStringIntoArray($F60, "/", "(", ")")), 2)*0.01, 0)} -> 0.56 | K119: {=IFERROR(INDEX(TRANSPOSE(Common_InputFunctions.Utility_SplitStringIntoArray($F60, "/", "(", ")")), 3)*0.01, 0)} -> 0.39 | L119: {=IFERROR(INDEX(TRANSPOSE(Common_InputFunctions.Utility_SplitStringIntoArray($F60, "/", "(", ")")), 4)*0.01, 0)} -> 0 | M119: {=IFERROR(Table_RefrigerantBlends_Cleaned[[#This Row],[Constituent 1 fraction]]*Common_InputFunctions.Utility_LookupValueInTableNumber(Table_RefrigerantBlends_Cleaned[[#This Row],[Constituent 1]], Table_RefrigerantChemicalGWP[Gas - FC name], Table_RefrigerantChemicalGWP[Global warming potential (AR5)]),"")} -> 0 | N119: {=IFERROR(Table_RefrigerantBlends_Cleaned[[#This Row],[Constituent 2 fraction]]*Common_InputFunctions.Utility_LookupValueInTableNumber(Table_RefrigerantBlends_Cleaned[[#This Row],[Constituent 2]], Table_RefrigerantChemicalGWP[Gas - FC name], Table_RefrigerantChemicalGWP[Global warming potential (AR5)]), "")} -> 985.6 | O119: {=IFERROR(Table_RefrigerantBlends_Cleaned[[#This Row],[Constituent 3 fraction]]*Common_InputFunctions.Utility_LookupValueInTableNumber(Table_RefrigerantBlends_Cleaned[[#This Row],[Constituent 3]], Table_RefrigerantChemicalGWP[Gas - FC name], Table_RefrigerantChemicalGWP[Global warming potential (AR5)]), "")} -> 3471 | P119: {=IFERROR(Table_RefrigerantBlends_Cleaned[[#This Row],[Constituent 4 fraction]]*Common_InputFunctions.Utility_LookupValueInTableNumber(Table_RefrigerantBlends_Cleaned[[#This Row],[Constituent 4]], Table_RefrigerantChemicalGWP[Gas - FC name], Table_RefrigerantChemicalGWP[Global warming potential (AR5)]), "")} -> 0 | Q119: {=Refrigerants_InputFunctions.Refrigerants_CalculateBlendGWP(Table_RefrigerantBlends_Cleaned[[#This Row],[Constituent 1 fraction]],Table_RefrigerantBlends_Cleaned[[#This Row],[Constituent 1 GWP]],Table_RefrigerantBlends_Cleaned[[#This Row],[Constituent 2 fraction]],Table_RefrigerantBlends_Cleaned[[#This Row],[Constituent 2 GWP]],Table_RefrigerantBlends_Cleaned[[#This Row],[Constituent 3 fraction]],Table_RefrigerantBlends_Cleaned[[#This Row],[Constituent 3 GWP]],Table_RefrigerantBlends_Cleaned[[#This Row],[Constituent 4 fraction]],Table_RefrigerantBlends_Cleaned[[#This Row],[Constituent 4 GWP]])} -> 1905.626
D120: =D61 -> R-404A | E120: {=IFERROR(INDEX(TRANSPOSE(Common_InputFunctions.Utility_SplitStringIntoArray($E61, "/")), 1), "")} -> HFC-125 | F120: {=IFERROR(INDEX(TRANSPOSE(Common_InputFunctions.Utility_SplitStringIntoArray($E61, "/")), 2), "")} -> HFC-143a | G120: {=IFERROR(INDEX(TRANSPOSE(Common_InputFunctions.Utility_SplitStringIntoArray($E61, "/")), 3), "")} -> HFC-134a | H120: {=IFERROR(INDEX(TRANSPOSE(Common_InputFunctions.Utility_SplitStringIntoArray($E61, "/")), 4), "")} | I120: {=IFERROR(INDEX(TRANSPOSE(Common_InputFunctions.Utility_SplitStringIntoArray($F61, "/", "(", ")")), 1)*0.01, 0)} -> 0.44 | J120: {=IFERROR(INDEX(TRANSPOSE(Common_InputFunctions.Utility_SplitStringIntoArray($F61, "/", "(", ")")), 2)*0.01, 0)} -> 0.52 | K120: {=IFERROR(INDEX(TRANSPOSE(Common_InputFunctions.Utility_SplitStringIntoArray($F61, "/", "(", ")")), 3)*0.01, 0)} -> 0.04 | L120: {=IFERROR(INDEX(TRANSPOSE(Common_InputFunctions.Utility_SplitStringIntoArray($F61, "/", "(", ")")), 4)*0.01, 0)} -> 0 | M120: {=IFERROR(Table_RefrigerantBlends_Cleaned[[#This Row],[Constituent 1 fraction]]*Common_InputFunctions.Utility_LookupValueInTableNumber(Table_RefrigerantBlends_Cleaned[[#This Row],[Constituent 1]], Table_RefrigerantChemicalGWP[Gas - FC name], Table_RefrigerantChemicalGWP[Global warming potential (AR5)]),"")} -> 1394.8 | N120: {=IFERROR(Table_RefrigerantBlends_Cleaned[[#This Row],[Constituent 2 fraction]]*Common_InputFunctions.Utility_LookupValueInTableNumber(Table_RefrigerantBlends_Cleaned[[#This Row],[Constituent 2]], Table_RefrigerantChemicalGWP[Gas - FC name], Table_RefrigerantChemicalGWP[Global warming potential (AR5)]), "")} -> 2496 | O120: {=IFERROR(Table_RefrigerantBlends_Cleaned[[#This Row],[Constituent 3 fraction]]*Common_InputFunctions.Utility_LookupValueInTableNumber(Table_RefrigerantBlends_Cleaned[[#This Row],[Constituent 3]], Table_RefrigerantChemicalGWP[Gas - FC name], Table_RefrigerantChemicalGWP[Global warming potential (AR5)]), "")} -> 52 | P120: {=IFERROR(Table_RefrigerantBlends_Cleaned[[#This Row],[Constituent 4 fraction]]*Common_InputFunctions.Utility_LookupValueInTableNumber(Table_RefrigerantBlends_Cleaned[[#This Row],[Constituent 4]], Table_RefrigerantChemicalGWP[Gas - FC name], Table_RefrigerantChemicalGWP[Global warming potential (AR5)]), "")} -> 0 | Q120: {=Refrigerants_InputFunctions.Refrigerants_CalculateBlendGWP(Table_RefrigerantBlends_Cleaned[[#This Row],[Constituent 1 fraction]],Table_RefrigerantBlends_Cleaned[[#This Row],[Constituent 1 GWP]],Table_RefrigerantBlends_Cleaned[[#This Row],[Constituent 2 fraction]],Table_RefrigerantBlends_Cleaned[[#This Row],[Constituent 2 GWP]],Table_RefrigerantBlends_Cleaned[[#This Row],[Constituent 3 fraction]],Table_RefrigerantBlends_Cleaned[[#This Row],[Constituent 3 GWP]],Table_RefrigerantBlends_Cleaned[[#This Row],[Constituent 4 fraction]],Table_RefrigerantBlends_Cleaned[[#This Row],[Constituent 4 GWP]])} -> 1913.712
D121: =D62 -> R-405A | E121: {=IFERROR(INDEX(TRANSPOSE(Common_InputFunctions.Utility_SplitStringIntoArray($E62, "/")), 1), "")} -> HCFC-22 | F121: {=IFERROR(INDEX(TRANSPOSE(Common_InputFunctions.Utility_SplitStringIntoArray($E62, "/")), 2), "")} -> HFC-152a | G121: {=IFERROR(INDEX(TRANSPOSE(Common_InputFunctions.Utility_SplitStringIntoArray($E62, "/")), 3), "")} -> HCFC-142b | H121: {=IFERROR(INDEX(TRANSPOSE(Common_InputFunctions.Utility_SplitStringIntoArray($E62, "/")), 4), "")} -> PFC-318 | I121: {=IFERROR(INDEX(TRANSPOSE(Common_InputFunctions.Utility_SplitStringIntoArray($F62, "/", "(", ")")), 1)*0.01, 0)} -> 0.45 | J121: {=IFERROR(INDEX(TRANSPOSE(Common_InputFunctions.Utility_SplitStringIntoArray($F62, "/", "(", ")")), 2)*0.01, 0)} -> 0.07 | K121: {=IFERROR(INDEX(TRANSPOSE(Common_InputFunctions.Utility_SplitStringIntoArray($F62, "/", "(", ")")), 3)*0.01, 0)} -> 0.055 | L121: {=IFERROR(INDEX(TRANSPOSE(Common_InputFunctions.Utility_SplitStringIntoArray($F62, "/", "(", ")")), 4)*0.01, 0)} -> 0.425 | M121: {=IFERROR(Table_RefrigerantBlends_Cleaned[[#This Row],[Constituent 1 fraction]]*Common_InputFunctions.Utility_LookupValueInTableNumber(Table_RefrigerantBlends_Cleaned[[#This Row],[Constituent 1]], Table_RefrigerantChemicalGWP[Gas - FC name], Table_RefrigerantChemicalGWP[Global warming potential (AR5)]),"")} -> 792 | N121: {=IFERROR(Table_RefrigerantBlends_Cleaned[[#This Row],[Constituent 2 fraction]]*Common_InputFunctions.Utility_LookupValueInTableNumber(Table_RefrigerantBlends_Cleaned[[#This Row],[Constituent 2]], Table_RefrigerantChemicalGWP[Gas - FC name], Table_RefrigerantChemicalGWP[Global warming potential (AR5)]), "")} -> 9.66 | O121: {=IFERROR(Table_RefrigerantBlends_Cleaned[[#This Row],[Constituent 3 fraction]]*Common_InputFunctions.Utility_LookupValueInTableNumber(Table_RefrigerantBlends_Cleaned[[#This Row],[Constituent 3]], Table_RefrigerantChemicalGWP[Gas - FC name], Table_RefrigerantChemicalGWP[Global warming potential (AR5)]), "")} -> 108.9 | P121: {=IFERROR(Table_RefrigerantBlends_Cleaned[[#This Row],[Constituent 4 fraction]]*Common_InputFunctions.Utility_LookupValueInTableNumber(Table_RefrigerantBlends_Cleaned[[#This Row],[Constituent 4]], Table_RefrigerantChemicalGWP[Gas - FC name], Table_RefrigerantChemicalGWP[Global warming potential (AR5)]), "")} -> 4054.5 | Q121: {=Refrigerants_InputFunctions.Refrigerants_CalculateBlendGWP(Table_RefrigerantBlends_Cleaned[[#This Row],[Constituent 1 fraction]],Table_RefrigerantBlends_Cleaned[[#This Row],[Constituent 1 GWP]],Table_RefrigerantBlends_Cleaned[[#This Row],[Constituent 2 fraction]],Table_RefrigerantBlends_Cleaned[[#This Row],[Constituent 2 GWP]],Table_RefrigerantBlends_Cleaned[[#This Row],[Constituent 3 fraction]],Table_RefrigerantBlends_Cleaned[[#This Row],[Constituent 3 GWP]],Table_RefrigerantBlends_Cleaned[[#This Row],[Constituent 4 fraction]],Table_RefrigerantBlends_Cleaned[[#This Row],[Constituent 4 GWP]])} -> 2086.2282
D122: =D63 -> R-406A | E122: {=IFERROR(INDEX(TRANSPOSE(Common_InputFunctions.Utility_SplitStringIntoArray($E63, "/")), 1), "")} -> HCFC-22 | F122: {=IFERROR(INDEX(TRANSPOSE(Common_InputFunctions.Utility_SplitStringIntoArray($E63, "/")), 2), "")} -> HC-600a | G122: {=IFERROR(INDEX(TRANSPOSE(Common_InputFunctions.Utility_SplitStringIntoArray($E63, "/")), 3), "")} -> HCFC-142b | H122: {=IFERROR(INDEX(TRANSPOSE(Common_InputFunctions.Utility_SplitStringIntoArray($E63, "/")), 4), "")} | I122: {=IFERROR(INDEX(TRANSPOSE(Common_InputFunctions.Utility_SplitStringIntoArray($F63, "/", "(", ")")), 1)*0.01, 0)} -> 0.55 | J122: {=IFERROR(INDEX(TRANSPOSE(Common_InputFunctions.Utility_SplitStringIntoArray($F63, "/", "(", ")")), 2)*0.01, 0)} -> 0.14 | K122: {=IFERROR(INDEX(TRANSPOSE(Common_InputFunctions.Utility_SplitStringIntoArray($F63, "/", "(", ")")), 3)*0.01, 0)} -> 0.41 | L122: {=IFERROR(INDEX(TRANSPOSE(Common_InputFunctions.Utility_SplitStringIntoArray($F63, "/", "(", ")")), 4)*0.01, 0)} -> 0 | M122: {=IFERROR(Table_RefrigerantBlends_Cleaned[[#This Row],[Constituent 1 fraction]]*Common_InputFunctions.Utility_LookupValueInTableNumber(Table_RefrigerantBlends_Cleaned[[#This Row],[Constituent 1]], Table_RefrigerantChemicalGWP[Gas - FC name], Table_RefrigerantChemicalGWP[Global warming potential (AR5)]),"")} -> 968 | N122: {=IFERROR(Table_RefrigerantBlends_Cleaned[[#This Row],[Constituent 2 fraction]]*Common_InputFunctions.Utility_LookupValueInTableNumber(Table_RefrigerantBlends_Cleaned[[#This Row],[Constituent 2]], Table_RefrigerantChemicalGWP[Gas - FC name], Table_RefrigerantChemicalGWP[Global warming potential (AR5)]), "")} -> 0 | O122: {=IFERROR(Table_RefrigerantBlends_Cleaned[[#This Row],[Constituent 3 fraction]]*Common_InputFunctions.Utility_LookupValueInTableNumber(Table_RefrigerantBlends_Cleaned[[#This Row],[Constituent 3]], Table_RefrigerantChemicalGWP[Gas - FC name], Table_RefrigerantChemicalGWP[Global warming potential (AR5)]), "")} -> 811.8 | P122: {=IFERROR(Table_RefrigerantBlends_Cleaned[[#This Row],[Constituent 4 fraction]]*Common_InputFunctions.Utility_LookupValueInTableNumber(Table_RefrigerantBlends_Cleaned[[#This Row],[Constituent 4]], Table_RefrigerantChemicalGWP[Gas - FC name], Table_RefrigerantChemicalGWP[Global warming potential (AR5)]), "")} -> 0 | Q122: {=Refrigerants_InputFunctions.Refrigerants_CalculateBlendGWP(Table_RefrigerantBlends_Cleaned[[#This Row],[Constituent 1 fraction]],Table_RefrigerantBlends_Cleaned[[#This Row],[Constituent 1 GWP]],Table_RefrigerantBlends_Cleaned[[#This Row],[Constituent 2 fraction]],Table_RefrigerantBlends_Cleaned[[#This Row],[Constituent 2 GWP]],Table_RefrigerantBlends_Cleaned[[#This Row],[Constituent 3 fraction]],Table_RefrigerantBlends_Cleaned[[#This Row],[Constituent 3 GWP]],Table_RefrigerantBlends_Cleaned[[#This Row],[Constituent 4 fraction]],Table_RefrigerantBlends_Cleaned[[#This Row],[Constituent 4 GWP]])} -> 865.238
D123: =D64 -> R-407A | E123: {=IFERROR(INDEX(TRANSPOSE(Common_InputFunctions.Utility_SplitStringIntoArray($E64, "/")), 1), "")} -> HFC-32 | F123: {=IFERROR(INDEX(TRANSPOSE(Common_InputFunctions.Utility_SplitStringIntoArray($E64, "/")), 2), "")} -> HFC-125 | G123: {=IFERROR(INDEX(TRANSPOSE(Common_InputFunctions.Utility_SplitStringIntoArray($E64, "/")), 3), "")} -> HFC-134a | H123: {=IFERROR(INDEX(TRANSPOSE(Common_InputFunctions.Utility_SplitStringIntoArray($E64, "/")), 4), "")} | I123: {=IFERROR(INDEX(TRANSPOSE(Common_InputFunctions.Utility_SplitStringIntoArray($F64, "/", "(", ")")), 1)*0.01, 0)} -> 0.2 | J123: {=IFERROR(INDEX(TRANSPOSE(Common_InputFunctions.Utility_SplitStringIntoArray($F64, "/", "(", ")")), 2)*0.01, 0)} -> 0.4 | K123: {=IFERROR(INDEX(TRANSPOSE(Common_InputFunctions.Utility_SplitStringIntoArray($F64, "/", "(", ")")), 3)*0.01, 0)} -> 0.4 | L123: {=IFERROR(INDEX(TRANSPOSE(Common_InputFunctions.Utility_SplitStringIntoArray($F64, "/", "(", ")")), 4)*0.01, 0)} -> 0 | M123: {=IFERROR(Table_RefrigerantBlends_Cleaned[[#This Row],[Constituent 1 fraction]]*Common_InputFunctions.Utility_LookupValueInTableNumber(Table_RefrigerantBlends_Cleaned[[#This Row],[Constituent 1]], Table_RefrigerantChemicalGWP[Gas - FC name], Table_RefrigerantChemicalGWP[Global warming potential (AR5)]),"")} -> 135.4 | N123: {=IFERROR(Table_RefrigerantBlends_Cleaned[[#This Row],[Constituent 2 fraction]]*Common_InputFunctions.Utility_LookupValueInTableNumber(Table_RefrigerantBlends_Cleaned[[#This Row],[Constituent 2]], Table_RefrigerantChemicalGWP[Gas - FC name], Table_RefrigerantChemicalGWP[Global warming potential (AR5)]), "")} -> 1268 | O123: {=IFERROR(Table_RefrigerantBlends_Cleaned[[#This Row],[Constituent 3 fraction]]*Common_InputFunctions.Utility_LookupValueInTableNumber(Table_RefrigerantBlends_Cleaned[[#This Row],[Constituent 3]], Table_RefrigerantChemicalGWP[Gas - FC name], Table_RefrigerantChemicalGWP[Global warming potential (AR5)]), "")} -> 520 | P123: {=IFERROR(Table_RefrigerantBlends_Cleaned[[#This Row],[Constituent 4 fraction]]*Common_InputFunctions.Utility_LookupValueInTableNumber(Table_RefrigerantBlends_Cleaned[[#This Row],[Constituent 4]], Table_RefrigerantChemicalGWP[Gas - FC name], Table_RefrigerantChemicalGWP[Global warming potential (AR5)]), "")} -> 0 | Q123: {=Refrigerants_InputFunctions.Refrigerants_CalculateBlendGWP(Table_RefrigerantBlends_Cleaned[[#This Row],[Constituent 1 fraction]],Table_RefrigerantBlends_Cleaned[[#This Row],[Constituent 1 GWP]],Table_RefrigerantBlends_Cleaned[[#This Row],[Constituent 2 fraction]],Table_RefrigerantBlends_Cleaned[[#This Row],[Constituent 2 GWP]],Table_RefrigerantBlends_Cleaned[[#This Row],[Constituent 3 fraction]],Table_RefrigerantBlends_Cleaned[[#This Row],[Constituent 3 GWP]],Table_RefrigerantBlends_Cleaned[[#This Row],[Constituent 4 fraction]],Table_RefrigerantBlends_Cleaned[[#This Row],[Constituent 4 GWP]])} -> 742.28
D124: =D65 -> R-407B | E124: {=IFERROR(INDEX(TRANSPOSE(Common_InputFunctions.Utility_SplitStringIntoArray($E65, "/")), 1), "")} -> HFC-32 | F124: {=IFERROR(INDEX(TRANSPOSE(Common_InputFunctions.Utility_SplitStringIntoArray($E65, "/")), 2), "")} -> HFC-125 | G124: {=IFERROR(INDEX(TRANSPOSE(Common_InputFunctions.Utility_SplitStringIntoArray($E65, "/")), 3), "")} -> HFC-134a | H124: {=IFERROR(INDEX(TRANSPOSE(Common_InputFunctions.Utility_SplitStringIntoArray($E65, "/")), 4), "")} | I124: {=IFERROR(INDEX(TRANSPOSE(Common_InputFunctions.Utility_SplitStringIntoArray($F65, "/", "(", ")")), 1)*0.01, 0)} -> 0.1 | J124: {=IFERROR(INDEX(TRANSPOSE(Common_InputFunctions.Utility_SplitStringIntoArray($F65, "/", "(", ")")), 2)*0.01, 0)} -> 0.7 | K124: {=IFERROR(INDEX(TRANSPOSE(Common_InputFunctions.Utility_SplitStringIntoArray($F65, "/", "(", ")")), 3)*0.01, 0)} -> 0.2 | L124: {=IFERROR(INDEX(TRANSPOSE(Common_InputFunctions.Utility_SplitStringIntoArray($F65, "/", "(", ")")), 4)*0.01, 0)} -> 0 | M124: {=IFERROR(Table_RefrigerantBlends_Cleaned[[#This Row],[Constituent 1 fraction]]*Common_InputFunctions.Utility_LookupValueInTableNumber(Table_RefrigerantBlends_Cleaned[[#This Row],[Constituent 1]], Table_RefrigerantChemicalGWP[Gas - FC name], Table_RefrigerantChemicalGWP[Global warming potential (AR5)]),"")} -> 67.7 | N124: {=IFERROR(Table_RefrigerantBlends_Cleaned[[#This Row],[Constituent 2 fraction]]*Common_InputFunctions.Utility_LookupValueInTableNumber(Table_RefrigerantBlends_Cleaned[[#This Row],[Constituent 2]], Table_RefrigerantChemicalGWP[Gas - FC name], Table_RefrigerantChemicalGWP[Global warming potential (AR5)]), "")} -> 2219 | O124: {=IFERROR(Table_RefrigerantBlends_Cleaned[[#This Row],[Constituent 3 fraction]]*Common_InputFunctions.Utility_LookupValueInTableNumber(Table_RefrigerantBlends_Cleaned[[#This Row],[Constituent 3]], Table_RefrigerantChemicalGWP[Gas - FC name], Table_RefrigerantChemicalGWP[Global warming potential (AR5)]), "")} -> 260 | P124: {=IFERROR(Table_RefrigerantBlends_Cleaned[[#This Row],[Constituent 4 fraction]]*Common_InputFunctions.Utility_LookupValueInTableNumber(Table_RefrigerantBlends_Cleaned[[#This Row],[Constituent 4]], Table_RefrigerantChemicalGWP[Gas - FC name], Table_RefrigerantChemicalGWP[Global warming potential (AR5)]), "")} -> 0 | Q124: {=Refrigerants_InputFunctions.Refrigerants_CalculateBlendGWP(Table_RefrigerantBlends_Cleaned[[#This Row],[Constituent 1 fraction]],Table_RefrigerantBlends_Cleaned[[#This Row],[Constituent 1 GWP]],Table_RefrigerantBlends_Cleaned[[#This Row],[Constituent 2 fraction]],Table_RefrigerantBlends_Cleaned[[#This Row],[Constituent 2 GWP]],Table_RefrigerantBlends_Cleaned[[#This Row],[Constituent 3 fraction]],Table_RefrigerantBlends_Cleaned[[#This Row],[Constituent 3 GWP]],Table_RefrigerantBlends_Cleaned[[#This Row],[Constituent 4 fraction]],Table_RefrigerantBlends_Cleaned[[#This Row],[Constituent 4 GWP]])} -> 1612.07
... D161: =D102 -> R-509A | E161: {=IFERROR(INDEX(TRANSPOSE(Common_InputFunctions.Utility_SplitStringIntoArray($E102, "/")), 1), "")} -> HCFC-22 | F161: {=IFERROR(INDEX(TRANSPOSE(Common_InputFunctions.Utility_SplitStringIntoArray($E102, "/")), 2), "")} -> PFC-218 | G161: {=IFERROR(INDEX(TRANSPOSE(Common_InputFunctions.Utility_SplitStringIntoArray($E102, "/")), 3), "")} | H161: {=IFERROR(INDEX(TRANSPOSE(Common_InputFunctions.Utility_SplitStringIntoArray($E102, "/")), 4), "")} | I161: {=IFERROR(INDEX(TRANSPOSE(Common_InputFunctions.Utility_SplitStringIntoArray($F102, "/", "(", ")")), 1)*0.01, 0)} -> 0.44 | J161: {=IFERROR(INDEX(TRANSPOSE(Common_InputFunctions.Utility_SplitStringIntoArray($F102, "/", "(", ")")), 2)*0.01, 0)} -> 0.56 | K161: {=IFERROR(INDEX(TRANSPOSE(Common_InputFunctions.Utility_SplitStringIntoArray($F102, "/", "(", ")")), 3)*0.01, 0)} -> 0 | L161: {=IFERROR(INDEX(TRANSPOSE(Common_InputFunctions.Utility_SplitStringIntoArray($F102, "/", "(", ")")), 4)*0.01, 0)} -> 0 | M161: {=IFERROR(Table_RefrigerantBlends_Cleaned[[#This Row],[Constituent 1 fraction]]*Common_InputFunctions.Utility_LookupValueInTableNumber(Table_RefrigerantBlends_Cleaned[[#This Row],[Constituent 1]], Table_RefrigerantChemicalGWP[Gas - FC name], Table_RefrigerantChemicalGWP[Global warming potential (AR5)]),"")} -> 774.4 | N161: {=IFERROR(Table_RefrigerantBlends_Cleaned[[#This Row],[Constituent 2 fraction]]*Common_InputFunctions.Utility_LookupValueInTableNumber(Table_RefrigerantBlends_Cleaned[[#This Row],[Constituent 2]], Table_RefrigerantChemicalGWP[Gas - FC name], Table_RefrigerantChemicalGWP[Global warming potential (AR5)]), "")} -> 4984 | O161: {=IFERROR(Table_RefrigerantBlends_Cleaned[[#This Row],[Constituent 3 fraction]]*Common_InputFunctions.Utility_LookupValueInTableNumber(Table_RefrigerantBlends_Cleaned[[#This Row],[Constituent 3]], Table_RefrigerantChemicalGWP[Gas - FC name], Table_RefrigerantChemicalGWP[Global warming potential (AR5)]), "")} -> 0 | P161: {=IFERROR(Table_RefrigerantBlends_Cleaned[[#This Row],[Constituent 4 fraction]]*Common_InputFunctions.Utility_LookupValueInTableNumber(Table_RefrigerantBlends_Cleaned[[#This Row],[Constituent 4]], Table_RefrigerantChemicalGWP[Gas - FC name], Table_RefrigerantChemicalGWP[Global warming potential (AR5)]), "")} -> 0 | Q161: {=Refrigerants_InputFunctions.Refrigerants_CalculateBlendGWP(Table_RefrigerantBlends_Cleaned[[#This Row],[Constituent 1 fraction]],Table_RefrigerantBlends_Cleaned[[#This Row],[Constituent 1 GWP]],Table_RefrigerantBlends_Cleaned[[#This Row],[Constituent 2 fraction]],Table_RefrigerantBlends_Cleaned[[#This Row],[Constituent 2 GWP]],Table_RefrigerantBlends_Cleaned[[#This Row],[Constituent 3 fraction]],Table_RefrigerantBlends_Cleaned[[#This Row],[Constituent 3 GWP]],Table_RefrigerantBlends_Cleaned[[#This Row],[Constituent 4 fraction]],Table_RefrigerantBlends_Cleaned[[#This Row],[Constituent 4 GWP]])} -> 3131.776
D164: {=Refrigerants_SourceData.Refrigerants_LeakageRates_Title()} -> Indicative leakage rates for common refrigeration and air - conditioning equipment
D165: {=Refrigerants_SourceData.Refrigerants_LeakageRates_Source()} -> Australian National Greenhouse Accounts Factors 2025 - Table 10
D167: Product | E167: Annual leakage rate (%)
D168: {=Common_InputFunctions.Utility_DisplayArrayInTable(Refrigerants_SourceData.Refrigerants_LeakageRates_Data(), Table_Refrigerants_LeakageRates[[#Headers],[Product]], 0)} -> Domestic refrigerators | E168: {=Common_InputFunctions.Utility_DisplayArrayInTable(Refrigerants_SourceData.Refrigerants_LeakageRates_Data(), Table_Refrigerants_LeakageRates[[#Headers],[Product]], 0)} -> 1.7
D169: {=Common_InputFunctions.Utility_DisplayArrayInTable(Refrigerants_SourceData.Refrigerants_LeakageRates_Data(), Table_Refrigerants_LeakageRates[[#Headers],[Product]], 0)} -> Transport refrigeration | E169: {=Common_InputFunctions.Utility_DisplayArrayInTable(Refrigerants_SourceData.Refrigerants_LeakageRates_Data(), Table_Refrigerants_LeakageRates[[#Headers],[Product]], 0)} -> 15.7
D170: {=Common_InputFunctions.Utility_DisplayArrayInTable(Refrigerants_SourceData.Refrigerants_LeakageRates_Data(), Table_Refrigerants_LeakageRates[[#Headers],[Product]], 0)} -> Domestic A/C portable | E170: {=Common_InputFunctions.Utility_DisplayArrayInTable(Refrigerants_SourceData.Refrigerants_LeakageRates_Data(), Table_Refrigerants_LeakageRates[[#Headers],[Product]], 0)} -> 2.5
D171: {=Common_InputFunctions.Utility_DisplayArrayInTable(Refrigerants_SourceData.Refrigerants_LeakageRates_Data(), Table_Refrigerants_LeakageRates[[#Headers],[Product]], 0)} -> Domestic A/C split | E171: {=Common_InputFunctions.Utility_DisplayArrayInTable(Refrigerants_SourceData.Refrigerants_LeakageRates_Data(), Table_Refrigerants_LeakageRates[[#Headers],[Product]], 0)} -> 3.5
D172: {=Common_InputFunctions.Utility_DisplayArrayInTable(Refrigerants_SourceData.Refrigerants_LeakageRates_Data(), Table_Refrigerants_LeakageRates[[#Headers],[Product]], 0)} -> Domestic A/C packaged | E172: {=Common_InputFunctions.Utility_DisplayArrayInTable(Refrigerants_SourceData.Refrigerants_LeakageRates_Data(), Table_Refrigerants_LeakageRates[[#Headers],[Product]], 0)} -> 2.5
D173: {=Common_InputFunctions.Utility_DisplayArrayInTable(Refrigerants_SourceData.Refrigerants_LeakageRates_Data(), Table_Refrigerants_LeakageRates[[#Headers],[Product]], 0)} -> Light vehicle A/C | E173: {=Common_InputFunctions.Utility_DisplayArrayInTable(Refrigerants_SourceData.Refrigerants_LeakageRates_Data(), Table_Refrigerants_LeakageRates[[#Headers],[Product]], 0)} -> 6.7
D174: {=Common_InputFunctions.Utility_DisplayArrayInTable(Refrigerants_SourceData.Refrigerants_LeakageRates_Data(), Table_Refrigerants_LeakageRates[[#Headers],[Product]], 0)} -> Heavy vehicle A/C | E174: {=Common_InputFunctions.Utility_DisplayArrayInTable(Refrigerants_SourceData.Refrigerants_LeakageRates_Data(), Table_Refrigerants_LeakageRates[[#Headers],[Product]], 0)} -> 10.8

Sheet Constants - Common
A1: #VALUE! | C1: Constants - Common
D5: {=Common_SourceData.Common_SourceData_AustralianStatesTerritories_Title()} -> Australian states and territories
D6: State/Territory | E6: Common Name | F6: Abbreviation
D7: {=Common_InputFunctions.Utility_DisplayArrayInTable(Common_SourceData.Common_SourceData_AustralianStatesTerritories_Data(),Table_AustralianStates[[#Headers],[State/Territory]],0)} -> New South Wales | E7: {=Common_InputFunctions.Utility_DisplayArrayInTable(Common_SourceData.Common_SourceData_AustralianStatesTerritories_Data(),Table_AustralianStates[[#Headers],[State/Territory]],0)} -> New South Wales | F7: {=Common_InputFunctions.Utility_DisplayArrayInTable(Common_SourceData.Common_SourceData_AustralianStatesTerritories_Data(),Table_AustralianStates[[#Headers],[State/Territory]],0)} -> NSW
D8: {=Common_InputFunctions.Utility_DisplayArrayInTable(Common_SourceData.Common_SourceData_AustralianStatesTerritories_Data(),Table_AustralianStates[[#Headers],[State/Territory]],0)} -> Australian Capital Territory | E8: {=Common_InputFunctions.Utility_DisplayArrayInTable(Common_SourceData.Common_SourceData_AustralianStatesTerritories_Data(),Table_AustralianStates[[#Headers],[State/Territory]],0)} -> ACT | F8: {=Common_InputFunctions.Utility_DisplayArrayInTable(Common_SourceData.Common_SourceData_AustralianStatesTerritories_Data(),Table_AustralianStates[[#Headers],[State/Territory]],0)} -> ACT
D9: {=Common_InputFunctions.Utility_DisplayArrayInTable(Common_SourceData.Common_SourceData_AustralianStatesTerritories_Data(),Table_AustralianStates[[#Headers],[State/Territory]],0)} -> Victoria | E9: {=Common_InputFunctions.Utility_DisplayArrayInTable(Common_SourceData.Common_SourceData_AustralianStatesTerritories_Data(),Table_AustralianStates[[#Headers],[State/Territory]],0)} -> Victoria | F9: {=Common_InputFunctions.Utility_DisplayArrayInTable(Common_SourceData.Common_SourceData_AustralianStatesTerritories_Data(),Table_AustralianStates[[#Headers],[State/Territory]],0)} -> VIC
D10: {=Common_InputFunctions.Utility_DisplayArrayInTable(Common_SourceData.Common_SourceData_AustralianStatesTerritories_Data(),Table_AustralianStates[[#Headers],[State/Territory]],0)} -> Queensland | E10: {=Common_InputFunctions.Utility_DisplayArrayInTable(Common_SourceData.Common_SourceData_AustralianStatesTerritories_Data(),Table_AustralianStates[[#Headers],[State/Territory]],0)} -> Queensland | F10: {=Common_InputFunctions.Utility_DisplayArrayInTable(Common_SourceData.Common_SourceData_AustralianStatesTerritories_Data(),Table_AustralianStates[[#Headers],[State/Territory]],0)} -> QLD
D11: {=Common_InputFunctions.Utility_DisplayArrayInTable(Common_SourceData.Common_SourceData_AustralianStatesTerritories_Data(),Table_AustralianStates[[#Headers],[State/Territory]],0)} -> South Australia | E11: {=Common_InputFunctions.Utility_DisplayArrayInTable(Common_SourceData.Common_SourceData_AustralianStatesTerritories_Data(),Table_AustralianStates[[#Headers],[State/Territory]],0)} -> South Australia | F11: {=Common_InputFunctions.Utility_DisplayArrayInTable(Common_SourceData.Common_SourceData_AustralianStatesTerritories_Data(),Table_AustralianStates[[#Headers],[State/Territory]],0)} -> SA
D12: {=Common_InputFunctions.Utility_DisplayArrayInTable(Common_SourceData.Common_SourceData_AustralianStatesTerritories_Data(),Table_AustralianStates[[#Headers],[State/Territory]],0)} -> Western Australia | E12: {=Common_InputFunctions.Utility_DisplayArrayInTable(Common_SourceData.Common_SourceData_AustralianStatesTerritories_Data(),Table_AustralianStates[[#Headers],[State/Territory]],0)} -> Western Australia | F12: {=Common_InputFunctions.Utility_DisplayArrayInTable(Common_SourceData.Common_SourceData_AustralianStatesTerritories_Data(),Table_AustralianStates[[#Headers],[State/Territory]],0)} -> WA
D13: {=Common_InputFunctions.Utility_DisplayArrayInTable(Common_SourceData.Common_SourceData_AustralianStatesTerritories_Data(),Table_AustralianStates[[#Headers],[State/Territory]],0)} -> Tasmania | E13: {=Common_InputFunctions.Utility_DisplayArrayInTable(Common_SourceData.Common_SourceData_AustralianStatesTerritories_Data(),Table_AustralianStates[[#Headers],[State/Territory]],0)} -> Tasmania | F13: {=Common_InputFunctions.Utility_DisplayArrayInTable(Common_SourceData.Common_SourceData_AustralianStatesTerritories_Data(),Table_AustralianStates[[#Headers],[State/Territory]],0)} -> TAS
D14: {=Common_InputFunctions.Utility_DisplayArrayInTable(Common_SourceData.Common_SourceData_AustralianStatesTerritories_Data(),Table_AustralianStates[[#Headers],[State/Territory]],0)} -> Northern Territory | E14: {=Common_InputFunctions.Utility_DisplayArrayInTable(Common_SourceData.Common_SourceData_AustralianStatesTerritories_Data(),Table_AustralianStates[[#Headers],[State/Territory]],0)} -> Northern Territory | F14: {=Common_InputFunctions.Utility_DisplayArrayInTable(Common_SourceData.Common_SourceData_AustralianStatesTerritories_Data(),Table_AustralianStates[[#Headers],[State/Territory]],0)} -> NT
D18: {=Common_SourceData.Common_SourceData_WASA4Areas_Title()} -> ABS Statistcal Areas Level 4 - Western Australia
D19: {=Common_SourceData.Common_SourceData_WASA4Areas_Source()} -> Australian Bureau of Statistics (ABS) - Statistical Areas Level 2 - 2021 - Shapefile
D20: SA 4 Name
D21: {=Common_InputFunctions.Utility_DisplayArrayInTable(Common_SourceData.Common_SourceData_WASA4Areas_Data(), Table_WASA4Areas[[#Headers],[SA 4 Name]], 0)} -> Bunbury
D22: {=Common_InputFunctions.Utility_DisplayArrayInTable(Common_SourceData.Common_SourceData_WASA4Areas_Data(), Table_WASA4Areas[[#Headers],[SA 4 Name]], 0)} -> Mandurah
D23: {=Common_InputFunctions.Utility_DisplayArrayInTable(Common_SourceData.Common_SourceData_WASA4Areas_Data(), Table_WASA4Areas[[#Headers],[SA 4 Name]], 0)} -> Perth - Inner
D24: {=Common_InputFunctions.Utility_DisplayArrayInTable(Common_SourceData.Common_SourceData_WASA4Areas_Data(), Table_WASA4Areas[[#Headers],[SA 4 Name]], 0)} -> Perth - North East
D25: {=Common_InputFunctions.Utility_DisplayArrayInTable(Common_SourceData.Common_SourceData_WASA4Areas_Data(), Table_WASA4Areas[[#Headers],[SA 4 Name]], 0)} -> Perth - North West
D26: {=Common_InputFunctions.Utility_DisplayArrayInTable(Common_SourceData.Common_SourceData_WASA4Areas_Data(), Table_WASA4Areas[[#Headers],[SA 4 Name]], 0)} -> Perth - South East
D27: {=Common_InputFunctions.Utility_DisplayArrayInTable(Common_SourceData.Common_SourceData_WASA4Areas_Data(), Table_WASA4Areas[[#Headers],[SA 4 Name]], 0)} -> Perth - South West
D28: {=Common_InputFunctions.Utility_DisplayArrayInTable(Common_SourceData.Common_SourceData_WASA4Areas_Data(), Table_WASA4Areas[[#Headers],[SA 4 Name]], 0)} -> Western Australia - Wheat Belt
D29: {=Common_InputFunctions.Utility_DisplayArrayInTable(Common_SourceData.Common_SourceData_WASA4Areas_Data(), Table_WASA4Areas[[#Headers],[SA 4 Name]], 0)} -> Western Australia - Outback (North)
D30: {=Common_InputFunctions.Utility_DisplayArrayInTable(Common_SourceData.Common_SourceData_WASA4Areas_Data(), Table_WASA4Areas[[#Headers],[SA 4 Name]], 0)} -> Western Australia - Outback (South)
D34: {=Common_SourceData.Common_SourceData_GWP_Title()} -> Global warming potential for greenhouse gases
D35: {=Common_SourceData.Common_SourceData_GWP_Source()} -> XXXXXXX
D36: Gas | E36: CO2-e factor
D37: {=Common_InputFunctions.Utility_DisplayArrayInTable(Common_SourceData.Common_SourceData_GWP_Data(), Table_GWPData[[#Headers],[Gas]], 0)} -> CO2 | E37: {=Common_InputFunctions.Utility_DisplayArrayInTable(Common_SourceData.Common_SourceData_GWP_Data(), Table_GWPData[[#Headers],[Gas]], 0)} -> 1
D38: {=Common_InputFunctions.Utility_DisplayArrayInTable(Common_SourceData.Common_SourceData_GWP_Data(), Table_GWPData[[#Headers],[Gas]], 0)} -> CH4 | E38: {=Common_InputFunctions.Utility_DisplayArrayInTable(Common_SourceData.Common_SourceData_GWP_Data(), Table_GWPData[[#Headers],[Gas]], 0)} -> 28
D39: {=Common_InputFunctions.Utility_DisplayArrayInTable(Common_SourceData.Common_SourceData_GWP_Data(), Table_GWPData[[#Headers],[Gas]], 0)} -> N2O | E39: {=Common_InputFunctions.Utility_DisplayArrayInTable(Common_SourceData.Common_SourceData_GWP_Data(), Table_GWPData[[#Headers],[Gas]], 0)} -> 265
D40: {=Common_InputFunctions.Utility_DisplayArrayInTable(Common_SourceData.Common_SourceData_GWP_Data(), Table_GWPData[[#Headers],[Gas]], 0)} -> CF4 | E40: {=Common_InputFunctions.Utility_DisplayArrayInTable(Common_SourceData.Common_SourceData_GWP_Data(), Table_GWPData[[#Headers],[Gas]], 0)} -> 6630
D41: {=Common_InputFunctions.Utility_DisplayArrayInTable(Common_SourceData.Common_SourceData_GWP_Data(), Table_GWPData[[#Headers],[Gas]], 0)} -> C2F6 | E41: {=Common_InputFunctions.Utility_DisplayArrayInTable(Common_SourceData.Common_SourceData_GWP_Data(), Table_GWPData[[#Headers],[Gas]], 0)} -> 12200
D42: {=Common_InputFunctions.Utility_DisplayArrayInTable(Common_SourceData.Common_SourceData_GWP_Data(), Table_GWPData[[#Headers],[Gas]], 0)} -> SF6 | E42: {=Common_InputFunctions.Utility_DisplayArrayInTable(Common_SourceData.Common_SourceData_GWP_Data(), Table_GWPData[[#Headers],[Gas]], 0)} -> 22800
D43: {=Common_InputFunctions.Utility_DisplayArrayInTable(Common_SourceData.Common_SourceData_GWP_Data(), Table_GWPData[[#Headers],[Gas]], 0)} -> NF3 | E43: {=Common_InputFunctions.Utility_DisplayArrayInTable(Common_SourceData.Common_SourceData_GWP_Data(), Table_GWPData[[#Headers],[Gas]], 0)} -> 17200
D45: {=Common_SourceData.Common_SourceData_ConvertGasElementalToMolecular_Title()} -> Factor to convert elemental mass of gas to molecular mass
D46: {=Common_SourceData.Common_SourceData_ConvertGasElementalToMolecular_Source()} -> XXXXXXX
D47: Gas | E47: Conversion factor | F47: Conversion factor 1 | G47: Conversion factor 2 | H47: Conversion factor combined
D48: {=Common_InputFunctions.Utility_DisplayArrayInTable(Common_SourceData.Common_SourceData_ConvertGasElementalToMolecular_Data(),Table_GasToMolecularConversionFactor[[#Headers],[Gas]], 0)} -> CO2 | E48: {=Common_InputFunctions.Utility_DisplayArrayInTable(Common_SourceData.Common_SourceData_ConvertGasElementalToMolecular_Data(),Table_GasToMolecularConversionFactor[[#Headers],[Gas]], 0)} -> 44/12 | F48: {=Common_InputFunctions.Utility_DisplayArrayInTable(Common_SourceData.Common_SourceData_ConvertGasElementalToMolecular_Data(),Table_GasToMolecularConversionFactor[[#Headers],[Gas]], 0)} -> 44 | G48: {=Common_InputFunctions.Utility_DisplayArrayInTable(Common_SourceData.Common_SourceData_ConvertGasElementalToMolecular_Data(),Table_GasToMolecularConversionFactor[[#Headers],[Gas]], 0)} -> 12 | H48: =Table_GasToMolecularConversionFactor[[#This Row],[Conversion factor 1]]/Table_GasToMolecularConversionFactor[[#This Row],[Conversion factor 2]] -> 3.6666667
D49: {=Common_InputFunctions.Utility_DisplayArrayInTable(Common_SourceData.Common_SourceData_ConvertGasElementalToMolecular_Data(),Table_GasToMolecularConversionFactor[[#Headers],[Gas]], 0)} -> CH4 | E49: {=Common_InputFunctions.Utility_DisplayArrayInTable(Common_SourceData.Common_SourceData_ConvertGasElementalToMolecular_Data(),Table_GasToMolecularConversionFactor[[#Headers],[Gas]], 0)} -> 16/12 | F49: {=Common_InputFunctions.Utility_DisplayArrayInTable(Common_SourceData.Common_SourceData_ConvertGasElementalToMolecular_Data(),Table_GasToMolecularConversionFactor[[#Headers],[Gas]], 0)} -> 16 | G49: {=Common_InputFunctions.Utility_DisplayArrayInTable(Common_SourceData.Common_SourceData_ConvertGasElementalToMolecular_Data(),Table_GasToMolecularConversionFactor[[#Headers],[Gas]], 0)} -> 12 | H49: =Table_GasToMolecularConversionFactor[[#This Row],[Conversion factor 1]]/Table_GasToMolecularConversionFactor[[#This Row],[Conversion factor 2]] -> 1.3333333
D50: {=Common_InputFunctions.Utility_DisplayArrayInTable(Common_SourceData.Common_SourceData_ConvertGasElementalToMolecular_Data(),Table_GasToMolecularConversionFactor[[#Headers],[Gas]], 0)} -> N2O | E50: {=Common_InputFunctions.Utility_DisplayArrayInTable(Common_SourceData.Common_SourceData_ConvertGasElementalToMolecular_Data(),Table_GasToMolecularConversionFactor[[#Headers],[Gas]], 0)} -> 44/28 | F50: {=Common_InputFunctions.Utility_DisplayArrayInTable(Common_SourceData.Common_SourceData_ConvertGasElementalToMolecular_Data(),Table_GasToMolecularConversionFactor[[#Headers],[Gas]], 0)} -> 44 | G50: {=Common_InputFunctions.Utility_DisplayArrayInTable(Common_SourceData.Common_SourceData_ConvertGasElementalToMolecular_Data(),Table_GasToMolecularConversionFactor[[#Headers],[Gas]], 0)} -> 28 | H50: =Table_GasToMolecularConversionFactor[[#This Row],[Conversion factor 1]]/Table_GasToMolecularConversionFactor[[#This Row],[Conversion factor 2]] -> 1.5714286
D51: {=Common_InputFunctions.Utility_DisplayArrayInTable(Common_SourceData.Common_SourceData_ConvertGasElementalToMolecular_Data(),Table_GasToMolecularConversionFactor[[#Headers],[Gas]], 0)} -> Nox | E51: {=Common_InputFunctions.Utility_DisplayArrayInTable(Common_SourceData.Common_SourceData_ConvertGasElementalToMolecular_Data(),Table_GasToMolecularConversionFactor[[#Headers],[Gas]], 0)} -> 46/14 | F51: {=Common_InputFunctions.Utility_DisplayArrayInTable(Common_SourceData.Common_SourceData_ConvertGasElementalToMolecular_Data(),Table_GasToMolecularConversionFactor[[#Headers],[Gas]], 0)} -> 46 | G51: {=Common_InputFunctions.Utility_DisplayArrayInTable(Common_SourceData.Common_SourceData_ConvertGasElementalToMolecular_Data(),Table_GasToMolecularConversionFactor[[#Headers],[Gas]], 0)} -> 14 | H51: =Table_GasToMolecularConversionFactor[[#This Row],[Conversion factor 1]]/Table_GasToMolecularConversionFactor[[#This Row],[Conversion factor 2]] -> 3.2857143
D52: {=Common_InputFunctions.Utility_DisplayArrayInTable(Common_SourceData.Common_SourceData_ConvertGasElementalToMolecular_Data(),Table_GasToMolecularConversionFactor[[#Headers],[Gas]], 0)} -> CO | E52: {=Common_InputFunctions.Utility_DisplayArrayInTable(Common_SourceData.Common_SourceData_ConvertGasElementalToMolecular_Data(),Table_GasToMolecularConversionFactor[[#Headers],[Gas]], 0)} -> 28/12 | F52: {=Common_InputFunctions.Utility_DisplayArrayInTable(Common_SourceData.Common_SourceData_ConvertGasElementalToMolecular_Data(),Table_GasToMolecularConversionFactor[[#Headers],[Gas]], 0)} -> 28 | G52: {=Common_InputFunctions.Utility_DisplayArrayInTable(Common_SourceData.Common_SourceData_ConvertGasElementalToMolecular_Data(),Table_GasToMolecularConversionFactor[[#Headers],[Gas]], 0)} -> 12 | H52: =Table_GasToMolecularConversionFactor[[#This Row],[Conversion factor 1]]/Table_GasToMolecularConversionFactor[[#This Row],[Conversion factor 2]] -> 2.3333333
D53: {=Common_InputFunctions.Utility_DisplayArrayInTable(Common_SourceData.Common_SourceData_ConvertGasElementalToMolecular_Data(),Table_GasToMolecularConversionFactor[[#Headers],[Gas]], 0)} -> CO2 Lime | E53: {=Common_InputFunctions.Utility_DisplayArrayInTable(Common_SourceData.Common_SourceData_ConvertGasElementalToMolecular_Data(),Table_GasToMolecularConversionFactor[[#Headers],[Gas]], 0)} -> 44/12 | F53: {=Common_InputFunctions.Utility_DisplayArrayInTable(Common_SourceData.Common_SourceData_ConvertGasElementalToMolecular_Data(),Table_GasToMolecularConversionFactor[[#Headers],[Gas]], 0)} -> 44 | G53: {=Common_InputFunctions.Utility_DisplayArrayInTable(Common_SourceData.Common_SourceData_ConvertGasElementalToMolecular_Data(),Table_GasToMolecularConversionFactor[[#Headers],[Gas]], 0)} -> 12 | H53: =Table_GasToMolecularConversionFactor[[#This Row],[Conversion factor 1]]/Table_GasToMolecularConversionFactor[[#This Row],[Conversion factor 2]] -> 3.6666667
D54: {=Common_InputFunctions.Utility_DisplayArrayInTable(Common_SourceData.Common_SourceData_ConvertGasElementalToMolecular_Data(),Table_GasToMolecularConversionFactor[[#Headers],[Gas]], 0)} -> NMVOC | E54: {=Common_InputFunctions.Utility_DisplayArrayInTable(Common_SourceData.Common_SourceData_ConvertGasElementalToMolecular_Data(),Table_GasToMolecularConversionFactor[[#Headers],[Gas]], 0)} -> 14/12 | F54: {=Common_InputFunctions.Utility_DisplayArrayInTable(Common_SourceData.Common_SourceData_ConvertGasElementalToMolecular_Data(),Table_GasToMolecularConversionFactor[[#Headers],[Gas]], 0)} -> 14 | G54: {=Common_InputFunctions.Utility_DisplayArrayInTable(Common_SourceData.Common_SourceData_ConvertGasElementalToMolecular_Data(),Table_GasToMolecularConversionFactor[[#Headers],[Gas]], 0)} -> 12 | H54: =Table_GasToMolecularConversionFactor[[#This Row],[Conversion factor 1]]/Table_GasToMolecularConversionFactor[[#This Row],[Conversion factor 2]] -> 1.1666667
D57: {=Common_SourceData.Common_SourceData_WetAndDryZones_Title()} -> VEERG Australian wet and dry zones
D58: {=Common_SourceData.Common_SourceData_WetAndDryZones_Source()} -> VEERG 2026: Table 1.2: Translating climate zones to wet and dry zones
D59: {="⚠️" & Common_SourceData.Common_SourceData_WetAndDryZones_Variation()} -> ⚠️VARIATION OF SOURCE DATA:
D60: ⚠️Added warm / cool temperate moist / dry - low frost and high temp classes to accommodate climate scenarios excluded by VEERG criteria.
D61: ⚠️Fixed typo - Changed 'Fry' to 'Dry'.
D63: Climate zone | E63: Wet or Dry Zone
D64: {=Common_InputFunctions.Utility_DisplayArrayInTable(Common_SourceData.Common_SourceData_WetAndDryZones_Data(), Table_SourceData_WetDryZones[[#Headers],[Climate zone]], 0)} -> Tropical montane | E64: {=Common_InputFunctions.Utility_DisplayArrayInTable(Common_SourceData.Common_SourceData_WetAndDryZones_Data(), Table_SourceData_WetDryZones[[#Headers],[Climate zone]], 0)} -> Wet climate zone
D65: {=Common_InputFunctions.Utility_DisplayArrayInTable(Common_SourceData.Common_SourceData_WetAndDryZones_Data(), Table_SourceData_WetDryZones[[#Headers],[Climate zone]], 0)} -> Tropical wet | E65: {=Common_InputFunctions.Utility_DisplayArrayInTable(Common_SourceData.Common_SourceData_WetAndDryZones_Data(), Table_SourceData_WetDryZones[[#Headers],[Climate zone]], 0)} -> Wet climate zone
D66: {=Common_InputFunctions.Utility_DisplayArrayInTable(Common_SourceData.Common_SourceData_WetAndDryZones_Data(), Table_SourceData_WetDryZones[[#Headers],[Climate zone]], 0)} -> Tropical moist | E66: {=Common_InputFunctions.Utility_DisplayArrayInTable(Common_SourceData.Common_SourceData_WetAndDryZones_Data(), Table_SourceData_WetDryZones[[#Headers],[Climate zone]], 0)} -> Wet climate zone
D67: {=Common_InputFunctions.Utility_DisplayArrayInTable(Common_SourceData.Common_SourceData_WetAndDryZones_Data(), Table_SourceData_WetDryZones[[#Headers],[Climate zone]], 0)} -> Tropical dry | E67: {=Common_InputFunctions.Utility_DisplayArrayInTable(Common_SourceData.Common_SourceData_WetAndDryZones_Data(), Table_SourceData_WetDryZones[[#Headers],[Climate zone]], 0)} -> Dry climate zone
D68: {=Common_InputFunctions.Utility_DisplayArrayInTable(Common_SourceData.Common_SourceData_WetAndDryZones_Data(), Table_SourceData_WetDryZones[[#Headers],[Climate zone]], 0)} -> Warm temperate moist | E68: {=Common_InputFunctions.Utility_DisplayArrayInTable(Common_SourceData.Common_SourceData_WetAndDryZones_Data(), Table_SourceData_WetDryZones[[#Headers],[Climate zone]], 0)} -> Wet climate zone
D69: {=Common_InputFunctions.Utility_DisplayArrayInTable(Common_SourceData.Common_SourceData_WetAndDryZones_Data(), Table_SourceData_WetDryZones[[#Headers],[Climate zone]], 0)} -> Warm temperate dry | E69: {=Common_InputFunctions.Utility_DisplayArrayInTable(Common_SourceData.Common_SourceData_WetAndDryZones_Data(), Table_SourceData_WetDryZones[[#Headers],[Climate zone]], 0)} -> Dry climate zone
D70: {=Common_InputFunctions.Utility_DisplayArrayInTable(Common_SourceData.Common_SourceData_WetAndDryZones_Data(), Table_SourceData_WetDryZones[[#Headers],[Climate zone]], 0)} -> Cool temperate moist | E70: {=Common_InputFunctions.Utility_DisplayArrayInTable(Common_SourceData.Common_SourceData_WetAndDryZones_Data(), Table_SourceData_WetDryZones[[#Headers],[Climate zone]], 0)} -> Wet climate zone
D71: {=Common_InputFunctions.Utility_DisplayArrayInTable(Common_SourceData.Common_SourceData_WetAndDryZones_Data(), Table_SourceData_WetDryZones[[#Headers],[Climate zone]], 0)} -> Cool temperate dry | E71: {=Common_InputFunctions.Utility_DisplayArrayInTable(Common_SourceData.Common_SourceData_WetAndDryZones_Data(), Table_SourceData_WetDryZones[[#Headers],[Climate zone]], 0)} -> Dry climate zone
D72: {=Common_InputFunctions.Utility_DisplayArrayInTable(Common_SourceData.Common_SourceData_WetAndDryZones_Data(), Table_SourceData_WetDryZones[[#Headers],[Climate zone]], 0)} -> Warm temperate moist - low frost | E72: {=Common_InputFunctions.Utility_DisplayArrayInTable(Common_SourceData.Common_SourceData_WetAndDryZones_Data(), Table_SourceData_WetDryZones[[#Headers],[Climate zone]], 0)} -> Wet climate zone
D73: {=Common_InputFunctions.Utility_DisplayArrayInTable(Common_SourceData.Common_SourceData_WetAndDryZones_Data(), Table_SourceData_WetDryZones[[#Headers],[Climate zone]], 0)} -> Warm temperate dry - low frost | E73: {=Common_InputFunctions.Utility_DisplayArrayInTable(Common_SourceData.Common_SourceData_WetAndDryZones_Data(), Table_SourceData_WetDryZones[[#Headers],[Climate zone]], 0)} -> Dry climate zone
D74: {=Common_InputFunctions.Utility_DisplayArrayInTable(Common_SourceData.Common_SourceData_WetAndDryZones_Data(), Table_SourceData_WetDryZones[[#Headers],[Climate zone]], 0)} -> Warm temperate moist - high temp | E74: {=Common_InputFunctions.Utility_DisplayArrayInTable(Common_SourceData.Common_SourceData_WetAndDryZones_Data(), Table_SourceData_WetDryZones[[#Headers],[Climate zone]], 0)} -> Wet climate zone
D75: {=Common_InputFunctions.Utility_DisplayArrayInTable(Common_SourceData.Common_SourceData_WetAndDryZones_Data(), Table_SourceData_WetDryZones[[#Headers],[Climate zone]], 0)} -> Warm temperate dry - high temp | E75: {=Common_InputFunctions.Utility_DisplayArrayInTable(Common_SourceData.Common_SourceData_WetAndDryZones_Data(), Table_SourceData_WetDryZones[[#Headers],[Climate zone]], 0)} -> Dry climate zone
... D77: {=Common_InputFunctions.Utility_DisplayArrayInTable(Common_SourceData.Common_SourceData_WetAndDryZones_Data(), Table_SourceData_WetDryZones[[#Headers],[Climate zone]], 0)} -> Cool temperate dry - low frost | E77: {=Common_InputFunctions.Utility_DisplayArrayInTable(Common_SourceData.Common_SourceData_WetAndDryZones_Data(), Table_SourceData_WetDryZones[[#Headers],[Climate zone]], 0)} -> Dry climate zone
D81: {=Common_SourceData.Common_SourceData_ClimateZones_Title()} -> VEERG Australian climate zones
D82: {=Common_SourceData.Common_SourceData_ClimateZones_Source()} -> VEERG 2026: Table 1.3: Climate and Rainfall zone classifications and definitions
D83: {="⚠️" & Common_SourceData.Common_SourceData_ClimateZones_Variation()} -> ⚠️VARIATION OF SOURCE DATA:
D84: ⚠️Added warm / cool temperate moist / dry - low frost and high temp classes to accommodate climate scenarios excluded by VEERG criteria.
D85: ⚠️Fixed typo in MAT value for warm temperate dry - changed 10 to 11.
D86: ⚠️Added min and max columns for MAT, MAP, frost days per year, elevation, MAP:PET to calculate zones from real climate data.
D87: ⚠️GAF accepts rainfall as a proxy for precipitation.
D89: Climate zone | E89: MAT | F89: MAP | G89: Frost days per year | H89: Elevation | I89: MAP:PET | J89: Min temp | K89: Max temp | L89: Min rainfall | M89: Max rainfall | N89: Min frost days | O89: Max frost days | P89: Min elevation | Q89: Max elevation | R89: Min MAP:PET | S89: Max MAP:PET
D90: {=Common_InputFunctions.Utility_DisplayArrayInTable(Common_SourceData.Common_SourceData_ClimateZones_Data(), Table_SourceData_ClimateZones[[#Headers],[Climate zone]], 0)} -> Tropical montane | E90: {=Common_InputFunctions.Utility_DisplayArrayInTable(Common_SourceData.Common_SourceData_ClimateZones_Data(), Table_SourceData_ClimateZones[[#Headers],[Climate zone]], 0)} -> > 18 C | F90: {=Common_InputFunctions.Utility_DisplayArrayInTable(Common_SourceData.Common_SourceData_ClimateZones_Data(), Table_SourceData_ClimateZones[[#Headers],[Climate zone]], 0)} -> Any | G90: {=Common_InputFunctions.Utility_DisplayArrayInTable(Common_SourceData.Common_SourceData_ClimateZones_Data(), Table_SourceData_ClimateZones[[#Headers],[Climate zone]], 0)} -> ≤ 7 | H90: {=Common_InputFunctions.Utility_DisplayArrayInTable(Common_SourceData.Common_SourceData_ClimateZones_Data(), Table_SourceData_ClimateZones[[#Headers],[Climate zone]], 0)} -> > 1000 m | I90: {=Common_InputFunctions.Utility_DisplayArrayInTable(Common_SourceData.Common_SourceData_ClimateZones_Data(), Table_SourceData_ClimateZones[[#Headers],[Climate zone]], 0)} -> Any | J90: {=Common_InputFunctions.Utility_DisplayArrayInTable(Common_SourceData.Common_SourceData_ClimateZones_Data(), Table_SourceData_ClimateZones[[#Headers],[Climate zone]], 0)} -> 18.001 | K90: {=Common_InputFunctions.Utility_DisplayArrayInTable(Common_SourceData.Common_SourceData_ClimateZones_Data(), Table_SourceData_ClimateZones[[#Headers],[Climate zone]], 0)} -> 999999 | ... S90: {=Common_InputFunctions.Utility_DisplayArrayInTable(Common_SourceData.Common_SourceData_ClimateZones_Data(), Table_SourceData_ClimateZones[[#Headers],[Climate zone]], 0)} -> 999999
D91: {=Common_InputFunctions.Utility_DisplayArrayInTable(Common_SourceData.Common_SourceData_ClimateZones_Data(), Table_SourceData_ClimateZones[[#Headers],[Climate zone]], 0)} -> Tropical wet | E91: {=Common_InputFunctions.Utility_DisplayArrayInTable(Common_SourceData.Common_SourceData_ClimateZones_Data(), Table_SourceData_ClimateZones[[#Headers],[Climate zone]], 0)} -> > 18 C | F91: {=Common_InputFunctions.Utility_DisplayArrayInTable(Common_SourceData.Common_SourceData_ClimateZones_Data(), Table_SourceData_ClimateZones[[#Headers],[Climate zone]], 0)} -> > 2000 mm | G91: {=Common_InputFunctions.Utility_DisplayArrayInTable(Common_SourceData.Common_SourceData_ClimateZones_Data(), Table_SourceData_ClimateZones[[#Headers],[Climate zone]], 0)} -> ≤ 7 | H91: {=Common_InputFunctions.Utility_DisplayArrayInTable(Common_SourceData.Common_SourceData_ClimateZones_Data(), Table_SourceData_ClimateZones[[#Headers],[Climate zone]], 0)} -> ≤ 1000 m | I91: {=Common_InputFunctions.Utility_DisplayArrayInTable(Common_SourceData.Common_SourceData_ClimateZones_Data(), Table_SourceData_ClimateZones[[#Headers],[Climate zone]], 0)} -> Any | J91: {=Common_InputFunctions.Utility_DisplayArrayInTable(Common_SourceData.Common_SourceData_ClimateZones_Data(), Table_SourceData_ClimateZones[[#Headers],[Climate zone]], 0)} -> 18.001 | K91: {=Common_InputFunctions.Utility_DisplayArrayInTable(Common_SourceData.Common_SourceData_ClimateZones_Data(), Table_SourceData_ClimateZones[[#Headers],[Climate zone]], 0)} -> 999999 | ... S91: {=Common_InputFunctions.Utility_DisplayArrayInTable(Common_SourceData.Common_SourceData_ClimateZones_Data(), Table_SourceData_ClimateZones[[#Headers],[Climate zone]], 0)} -> 999999
D92: {=Common_InputFunctions.Utility_DisplayArrayInTable(Common_SourceData.Common_SourceData_ClimateZones_Data(), Table_SourceData_ClimateZones[[#Headers],[Climate zone]], 0)} -> Tropical moist | E92: {=Common_InputFunctions.Utility_DisplayArrayInTable(Common_SourceData.Common_SourceData_ClimateZones_Data(), Table_SourceData_ClimateZones[[#Headers],[Climate zone]], 0)} -> > 18 C | F92: {=Common_InputFunctions.Utility_DisplayArrayInTable(Common_SourceData.Common_SourceData_ClimateZones_Data(), Table_SourceData_ClimateZones[[#Headers],[Climate zone]], 0)} -> > 1000 mm - ≤ 2000 mm | G92: {=Common_InputFunctions.Utility_DisplayArrayInTable(Common_SourceData.Common_SourceData_ClimateZones_Data(), Table_SourceData_ClimateZones[[#Headers],[Climate zone]], 0)} -> ≤ 7 | H92: {=Common_InputFunctions.Utility_DisplayArrayInTable(Common_SourceData.Common_SourceData_ClimateZones_Data(), Table_SourceData_ClimateZones[[#Headers],[Climate zone]], 0)} -> ≤ 1000 m | I92: {=Common_InputFunctions.Utility_DisplayArrayInTable(Common_SourceData.Common_SourceData_ClimateZones_Data(), Table_SourceData_ClimateZones[[#Headers],[Climate zone]], 0)} -> Any | J92: {=Common_InputFunctions.Utility_DisplayArrayInTable(Common_SourceData.Common_SourceData_ClimateZones_Data(), Table_SourceData_ClimateZones[[#Headers],[Climate zone]], 0)} -> 18.001 | K92: {=Common_InputFunctions.Utility_DisplayArrayInTable(Common_SourceData.Common_SourceData_ClimateZones_Data(), Table_SourceData_ClimateZones[[#Headers],[Climate zone]], 0)} -> 999999 | ... S92: {=Common_InputFunctions.Utility_DisplayArrayInTable(Common_SourceData.Common_SourceData_ClimateZones_Data(), Table_SourceData_ClimateZones[[#Headers],[Climate zone]], 0)} -> 999999
D93: {=Common_InputFunctions.Utility_DisplayArrayInTable(Common_SourceData.Common_SourceData_ClimateZones_Data(), Table_SourceData_ClimateZones[[#Headers],[Climate zone]], 0)} -> Tropical dry | E93: {=Common_InputFunctions.Utility_DisplayArrayInTable(Common_SourceData.Common_SourceData_ClimateZones_Data(), Table_SourceData_ClimateZones[[#Headers],[Climate zone]], 0)} -> > 18 C | F93: {=Common_InputFunctions.Utility_DisplayArrayInTable(Common_SourceData.Common_SourceData_ClimateZones_Data(), Table_SourceData_ClimateZones[[#Headers],[Climate zone]], 0)} -> ≤ 1000 mm | G93: {=Common_InputFunctions.Utility_DisplayArrayInTable(Common_SourceData.Common_SourceData_ClimateZones_Data(), Table_SourceData_ClimateZones[[#Headers],[Climate zone]], 0)} -> ≤ 7 | H93: {=Common_InputFunctions.Utility_DisplayArrayInTable(Common_SourceData.Common_SourceData_ClimateZones_Data(), Table_SourceData_ClimateZones[[#Headers],[Climate zone]], 0)} -> ≤ 1000 m | I93: {=Common_InputFunctions.Utility_DisplayArrayInTable(Common_SourceData.Common_SourceData_ClimateZones_Data(), Table_SourceData_ClimateZones[[#Headers],[Climate zone]], 0)} -> Any | J93: {=Common_InputFunctions.Utility_DisplayArrayInTable(Common_SourceData.Common_SourceData_ClimateZones_Data(), Table_SourceData_ClimateZones[[#Headers],[Climate zone]], 0)} -> 18.001 | K93: {=Common_InputFunctions.Utility_DisplayArrayInTable(Common_SourceData.Common_SourceData_ClimateZones_Data(), Table_SourceData_ClimateZones[[#Headers],[Climate zone]], 0)} -> 999999 | ... S93: {=Common_InputFunctions.Utility_DisplayArrayInTable(Common_SourceData.Common_SourceData_ClimateZones_Data(), Table_SourceData_ClimateZones[[#Headers],[Climate zone]], 0)} -> 999999
D94: {=Common_InputFunctions.Utility_DisplayArrayInTable(Common_SourceData.Common_SourceData_ClimateZones_Data(), Table_SourceData_ClimateZones[[#Headers],[Climate zone]], 0)} -> Warm temperate moist | E94: {=Common_InputFunctions.Utility_DisplayArrayInTable(Common_SourceData.Common_SourceData_ClimateZones_Data(), Table_SourceData_ClimateZones[[#Headers],[Climate zone]], 0)} -> > 10 C | F94: {=Common_InputFunctions.Utility_DisplayArrayInTable(Common_SourceData.Common_SourceData_ClimateZones_Data(), Table_SourceData_ClimateZones[[#Headers],[Climate zone]], 0)} -> Any | G94: {=Common_InputFunctions.Utility_DisplayArrayInTable(Common_SourceData.Common_SourceData_ClimateZones_Data(), Table_SourceData_ClimateZones[[#Headers],[Climate zone]], 0)} -> Any | H94: {=Common_InputFunctions.Utility_DisplayArrayInTable(Common_SourceData.Common_SourceData_ClimateZones_Data(), Table_SourceData_ClimateZones[[#Headers],[Climate zone]], 0)} -> Any | I94: {=Common_InputFunctions.Utility_DisplayArrayInTable(Common_SourceData.Common_SourceData_ClimateZones_Data(), Table_SourceData_ClimateZones[[#Headers],[Climate zone]], 0)} -> > 1 | J94: {=Common_InputFunctions.Utility_DisplayArrayInTable(Common_SourceData.Common_SourceData_ClimateZones_Data(), Table_SourceData_ClimateZones[[#Headers],[Climate zone]], 0)} -> 10.001 | K94: {=Common_InputFunctions.Utility_DisplayArrayInTable(Common_SourceData.Common_SourceData_ClimateZones_Data(), Table_SourceData_ClimateZones[[#Headers],[Climate zone]], 0)} -> 999999 | ... S94: {=Common_InputFunctions.Utility_DisplayArrayInTable(Common_SourceData.Common_SourceData_ClimateZones_Data(), Table_SourceData_ClimateZones[[#Headers],[Climate zone]], 0)} -> 999999
D95: {=Common_InputFunctions.Utility_DisplayArrayInTable(Common_SourceData.Common_SourceData_ClimateZones_Data(), Table_SourceData_ClimateZones[[#Headers],[Climate zone]], 0)} -> Warm temperate dry | E95: {=Common_InputFunctions.Utility_DisplayArrayInTable(Common_SourceData.Common_SourceData_ClimateZones_Data(), Table_SourceData_ClimateZones[[#Headers],[Climate zone]], 0)} -> > 10 C | F95: {=Common_InputFunctions.Utility_DisplayArrayInTable(Common_SourceData.Common_SourceData_ClimateZones_Data(), Table_SourceData_ClimateZones[[#Headers],[Climate zone]], 0)} -> Any | G95: {=Common_InputFunctions.Utility_DisplayArrayInTable(Common_SourceData.Common_SourceData_ClimateZones_Data(), Table_SourceData_ClimateZones[[#Headers],[Climate zone]], 0)} -> Any | H95: {=Common_InputFunctions.Utility_DisplayArrayInTable(Common_SourceData.Common_SourceData_ClimateZones_Data(), Table_SourceData_ClimateZones[[#Headers],[Climate zone]], 0)} -> Any | I95: {=Common_InputFunctions.Utility_DisplayArrayInTable(Common_SourceData.Common_SourceData_ClimateZones_Data(), Table_SourceData_ClimateZones[[#Headers],[Climate zone]], 0)} -> ≤ 1 | J95: {=Common_InputFunctions.Utility_DisplayArrayInTable(Common_SourceData.Common_SourceData_ClimateZones_Data(), Table_SourceData_ClimateZones[[#Headers],[Climate zone]], 0)} -> 10.001 | K95: {=Common_InputFunctions.Utility_DisplayArrayInTable(Common_SourceData.Common_SourceData_ClimateZones_Data(), Table_SourceData_ClimateZones[[#Headers],[Climate zone]], 0)} -> 999999 | ... S95: {=Common_InputFunctions.Utility_DisplayArrayInTable(Common_SourceData.Common_SourceData_ClimateZones_Data(), Table_SourceData_ClimateZones[[#Headers],[Climate zone]], 0)} -> 1
D96: {=Common_InputFunctions.Utility_DisplayArrayInTable(Common_SourceData.Common_SourceData_ClimateZones_Data(), Table_SourceData_ClimateZones[[#Headers],[Climate zone]], 0)} -> Cool temperate moist | E96: {=Common_InputFunctions.Utility_DisplayArrayInTable(Common_SourceData.Common_SourceData_ClimateZones_Data(), Table_SourceData_ClimateZones[[#Headers],[Climate zone]], 0)} -> > 0 C - ≤ 10 C | F96: {=Common_InputFunctions.Utility_DisplayArrayInTable(Common_SourceData.Common_SourceData_ClimateZones_Data(), Table_SourceData_ClimateZones[[#Headers],[Climate zone]], 0)} -> Any | G96: {=Common_InputFunctions.Utility_DisplayArrayInTable(Common_SourceData.Common_SourceData_ClimateZones_Data(), Table_SourceData_ClimateZones[[#Headers],[Climate zone]], 0)} -> Any | H96: {=Common_InputFunctions.Utility_DisplayArrayInTable(Common_SourceData.Common_SourceData_ClimateZones_Data(), Table_SourceData_ClimateZones[[#Headers],[Climate zone]], 0)} -> Any | I96: {=Common_InputFunctions.Utility_DisplayArrayInTable(Common_SourceData.Common_SourceData_ClimateZones_Data(), Table_SourceData_ClimateZones[[#Headers],[Climate zone]], 0)} -> > 1 | J96: {=Common_InputFunctions.Utility_DisplayArrayInTable(Common_SourceData.Common_SourceData_ClimateZones_Data(), Table_SourceData_ClimateZones[[#Headers],[Climate zone]], 0)} -> -999999 | K96: {=Common_InputFunctions.Utility_DisplayArrayInTable(Common_SourceData.Common_SourceData_ClimateZones_Data(), Table_SourceData_ClimateZones[[#Headers],[Climate zone]], 0)} -> 10 | ... S96: {=Common_InputFunctions.Utility_DisplayArrayInTable(Common_SourceData.Common_SourceData_ClimateZones_Data(), Table_SourceData_ClimateZones[[#Headers],[Climate zone]], 0)} -> 999999
D97: {=Common_InputFunctions.Utility_DisplayArrayInTable(Common_SourceData.Common_SourceData_ClimateZones_Data(), Table_SourceData_ClimateZones[[#Headers],[Climate zone]], 0)} -> Cool temperate dry | E97: {=Common_InputFunctions.Utility_DisplayArrayInTable(Common_SourceData.Common_SourceData_ClimateZones_Data(), Table_SourceData_ClimateZones[[#Headers],[Climate zone]], 0)} -> > 0 C - ≤ 10 C | F97: {=Common_InputFunctions.Utility_DisplayArrayInTable(Common_SourceData.Common_SourceData_ClimateZones_Data(), Table_SourceData_ClimateZones[[#Headers],[Climate zone]], 0)} -> Any | G97: {=Common_InputFunctions.Utility_DisplayArrayInTable(Common_SourceData.Common_SourceData_ClimateZones_Data(), Table_SourceData_ClimateZones[[#Headers],[Climate zone]], 0)} -> Any | H97: {=Common_InputFunctions.Utility_DisplayArrayInTable(Common_SourceData.Common_SourceData_ClimateZones_Data(), Table_SourceData_ClimateZones[[#Headers],[Climate zone]], 0)} -> Any | I97: {=Common_InputFunctions.Utility_DisplayArrayInTable(Common_SourceData.Common_SourceData_ClimateZones_Data(), Table_SourceData_ClimateZones[[#Headers],[Climate zone]], 0)} -> ≤ 1 | J97: {=Common_InputFunctions.Utility_DisplayArrayInTable(Common_SourceData.Common_SourceData_ClimateZones_Data(), Table_SourceData_ClimateZones[[#Headers],[Climate zone]], 0)} -> -999999 | K97: {=Common_InputFunctions.Utility_DisplayArrayInTable(Common_SourceData.Common_SourceData_ClimateZones_Data(), Table_SourceData_ClimateZones[[#Headers],[Climate zone]], 0)} -> 10 | ... S97: {=Common_InputFunctions.Utility_DisplayArrayInTable(Common_SourceData.Common_SourceData_ClimateZones_Data(), Table_SourceData_ClimateZones[[#Headers],[Climate zone]], 0)} -> 1
D99: {=Common_SourceData.Common_SourceData_ClimateZones_Appendices()} -> Note:
D100: MAT = mean annual temperature
D101: MAP = mean annual precipitation
D102: PET = potential evapotranspiration
D105: {=Common_SourceData.Common_SourceData_TemperatureZones_Title()} -> VEERG Australian temperature zones
D106: {=Common_SourceData.Common_SourceData_TemperatureZones_Source()} -> VEERG 2026: Table 1.3: Climate and Rainfall zone classifications and definitions
D107: {="⚠️" & Common_SourceData.Common_SourceData_TemperatureZones_Variation()} -> ⚠️VARIATION OF SOURCE DATA: Added extra MAT min and MAT max columns to calculate zone from real temperature data.
D109: Temperature Zone | E109: MAT | F109: Min MAT | G109: Max MAT
D110: {=Common_InputFunctions.Utility_DisplayArrayInTable(Common_SourceData.Common_SourceData_TemperatureZones_Data(),Table_SourceData_TemperatureZones[[#Headers],[Temperature Zone]],0)} -> Warm | E110: {=Common_InputFunctions.Utility_DisplayArrayInTable(Common_SourceData.Common_SourceData_TemperatureZones_Data(),Table_SourceData_TemperatureZones[[#Headers],[Temperature Zone]],0)} -> ≥ 26 C | F110: {=Common_InputFunctions.Utility_DisplayArrayInTable(Common_SourceData.Common_SourceData_TemperatureZones_Data(),Table_SourceData_TemperatureZones[[#Headers],[Temperature Zone]],0)} -> 26 | G110: {=Common_InputFunctions.Utility_DisplayArrayInTable(Common_SourceData.Common_SourceData_TemperatureZones_Data(),Table_SourceData_TemperatureZones[[#Headers],[Temperature Zone]],0)} -> 999999
D111: {=Common_InputFunctions.Utility_DisplayArrayInTable(Common_SourceData.Common_SourceData_TemperatureZones_Data(),Table_SourceData_TemperatureZones[[#Headers],[Temperature Zone]],0)} -> Temperate | E111: {=Common_InputFunctions.Utility_DisplayArrayInTable(Common_SourceData.Common_SourceData_TemperatureZones_Data(),Table_SourceData_TemperatureZones[[#Headers],[Temperature Zone]],0)} -> 15 - 25 C | F111: {=Common_InputFunctions.Utility_DisplayArrayInTable(Common_SourceData.Common_SourceData_TemperatureZones_Data(),Table_SourceData_TemperatureZones[[#Headers],[Temperature Zone]],0)} -> 15 | G111: {=Common_InputFunctions.Utility_DisplayArrayInTable(Common_SourceData.Common_SourceData_TemperatureZones_Data(),Table_SourceData_TemperatureZones[[#Headers],[Temperature Zone]],0)} -> 25.999
D112: {=Common_InputFunctions.Utility_DisplayArrayInTable(Common_SourceData.Common_SourceData_TemperatureZones_Data(),Table_SourceData_TemperatureZones[[#Headers],[Temperature Zone]],0)} -> Cool | E112: {=Common_InputFunctions.Utility_DisplayArrayInTable(Common_SourceData.Common_SourceData_TemperatureZones_Data(),Table_SourceData_TemperatureZones[[#Headers],[Temperature Zone]],0)} -> ≤ 14 C | F112: {=Common_InputFunctions.Utility_DisplayArrayInTable(Common_SourceData.Common_SourceData_TemperatureZones_Data(),Table_SourceData_TemperatureZones[[#Headers],[Temperature Zone]],0)} -> -999999 | G112: {=Common_InputFunctions.Utility_DisplayArrayInTable(Common_SourceData.Common_SourceData_TemperatureZones_Data(),Table_SourceData_TemperatureZones[[#Headers],[Temperature Zone]],0)} -> 14.999
D115: {=Common_SourceData.Common_SourceData_RainfallZones_Title()} -> VEERG Australian rainfall zones
D116: {=Common_SourceData.Common_SourceData_RainfallZones_Source()} -> VEERG 2026: Table 1.3: Climate and Rainfall zone classifications and definitions
D117: {="⚠️" & Common_SourceData.Common_SourceData_RainfallZones_Variation()} -> ⚠️VARIATION OF SOURCE DATA: Added extra Rainfall min and Rainfall max columns to calculate zone from real rainfall data.
D119: Rainfall Zone | E119: Annual rainfall | F119: Min rainfall | G119: Max rainfall
D120: {=Common_InputFunctions.Utility_DisplayArrayInTable(Common_SourceData.Common_SourceData_RainfallZones_Data(),Table_SourceData_RainfallZones[[#Headers],[Rainfall Zone]],0)} -> High rainfall | E120: {=Common_InputFunctions.Utility_DisplayArrayInTable(Common_SourceData.Common_SourceData_RainfallZones_Data(),Table_SourceData_RainfallZones[[#Headers],[Rainfall Zone]],0)} -> Annual rainfall > 600mm | F120: {=Common_InputFunctions.Utility_DisplayArrayInTable(Common_SourceData.Common_SourceData_RainfallZones_Data(),Table_SourceData_RainfallZones[[#Headers],[Rainfall Zone]],0)} -> 600.001 | G120: {=Common_InputFunctions.Utility_DisplayArrayInTable(Common_SourceData.Common_SourceData_RainfallZones_Data(),Table_SourceData_RainfallZones[[#Headers],[Rainfall Zone]],0)} -> 999999
D121: {=Common_InputFunctions.Utility_DisplayArrayInTable(Common_SourceData.Common_SourceData_RainfallZones_Data(),Table_SourceData_RainfallZones[[#Headers],[Rainfall Zone]],0)} -> Low rainfall | E121: {=Common_InputFunctions.Utility_DisplayArrayInTable(Common_SourceData.Common_SourceData_RainfallZones_Data(),Table_SourceData_RainfallZones[[#Headers],[Rainfall Zone]],0)} -> Annual rainfall ≤ 600mm | F121: {=Common_InputFunctions.Utility_DisplayArrayInTable(Common_SourceData.Common_SourceData_RainfallZones_Data(),Table_SourceData_RainfallZones[[#Headers],[Rainfall Zone]],0)} -> -999999 | G121: {=Common_InputFunctions.Utility_DisplayArrayInTable(Common_SourceData.Common_SourceData_RainfallZones_Data(),Table_SourceData_RainfallZones[[#Headers],[Rainfall Zone]],0)} -> 600
D124: {=Common_SourceData.Common_SourceData_LeachingZones_Title()} -> VEERG Australian leaching zones
D125: {=Common_SourceData.Common_SourceData_LeachingZones_Source()} -> VEERG 2026: Table 1.3: Climate and Rainfall zone classifications and definitions
D127: Leaching Zone | E127: Leaching criteria
D128: {=Common_InputFunctions.Utility_DisplayArrayInTable(Common_SourceData.Common_SourceData_LeachingZones_Data(), Table_SourceData_LeachingZones[[#Headers],[Leaching Zone]], 0)} -> Leaching occurs | E128: {=Common_InputFunctions.Utility_DisplayArrayInTable(Common_SourceData.Common_SourceData_LeachingZones_Data(), Table_SourceData_LeachingZones[[#Headers],[Leaching Zone]], 0)} -> Σ(𝑟𝑎𝑖𝑛)>Σ(𝐸𝑇0)+𝑠𝑜𝑖𝑙 𝑤𝑎𝑡𝑒𝑟 ℎ𝑜𝑙𝑑𝑖𝑛𝑔 𝑐𝑎𝑝𝑎𝑐𝑖𝑡𝑦
...
