Workbook
Name Common_Equations.Common_ConvertCH4ToCO2e: _xlfn.LAMBDA(_xlpm.E_CH4,_xlpm.GWP_CH4, _xlpm.E_CH4 * _xlpm.GWP_CH4)
Name Common_Equations.Common_ConvertCH4ToCO2e_Arguments: _xlfn.LAMBDA(_xlfn.MAKEARRAY(2, 2, _xlfn.LAMBDA(_xlpm.r,_xlpm.c, INDEX({"ECH4","Methane emissions (t CH4)";"GWPCH4","Global warming potential for methane (t CO2-e / t CH4)"}, _xlpm.r, _xlpm.c))))
Name Common_Equations.Common_ConvertCH4ToCO2e_LatexEquation: _xlfn.LAMBDA("CO2_e = E_{CH4} \times GWP_{CH4}")
Name Common_Equations.Common_ConvertCH4ToCO2e_NIRReference: _xlfn.LAMBDA("")
Name Common_Equations.Common_ConvertCH4ToCO2e_Title: _xlfn.LAMBDA("Convert methane emissions to carbon dioxide equivalent emissions")
Name Common_Equations.Common_ConvertCH4ToCO2e_Unit: _xlfn.LAMBDA("t CO2e")
Name Common_Equations.Common_ConvertCH4ToCO2e_Variable: _xlfn.LAMBDA("ECH4 CO2e")
Name Common_Equations.Common_ConvertN2OToCO2e: _xlfn.LAMBDA(_xlpm.E_N2O,_xlpm.GWP_N2O, _xlpm.E_N2O * _xlpm.GWP_N2O)
Name Common_Equations.Common_ConvertN2OToCO2e_LatexEquation: _xlfn.LAMBDA("CO2_e = E_{N2O} \times GWP_{N2O}")
Name Common_Equations.Common_ConvertN2OToCO2e_NIRReference: _xlfn.LAMBDA("")
Name Common_Equations.Common_ConvertN2OToCO2e_Title: _xlfn.LAMBDA("Convert nitrous oxide emissions to carbon dioxide equivalent emissions")
Name Common_Equations.Common_ConvertN2OToCO2e_Unit: _xlfn.LAMBDA("t CO2e")
Name Common_Equations.Common_ConvertN2OToCO2e_Variable: _xlfn.LAMBDA("EN2O CO2e")
Name Common_InputFunctions.Utility_ConvertStateCommonNameToAbbreviation: _xlfn.LAMBDA(_xlpm.StateCommonName,_xlpm.StateCommonNameArray,_xlpm.StateAbbreviationArray, _xlfn.XLOOKUP(_xlpm.StateCommonName, _xlpm.StateCommonNameArray, _xlpm.StateAbbreviationArray, ""))
Name Common_InputFunctions.Utility_DisplayArguments_1_2: _xlfn.LAMBDA(_xlpm.ArgumentsArray, _xlfn.CHOOSECOLS(_xlpm.ArgumentsArray, 1, 2))
Name Common_InputFunctions.Utility_DisplayArguments_3_4: _xlfn.LAMBDA(_xlpm.ArgumentsArray, _xlfn.CHOOSECOLS(_xlpm.ArgumentsArray, 3, 4))
Name Common_InputFunctions.Utility_DisplayFunctionName: _xlfn.LAMBDA(_xlpm.Function, _xlfn.TEXTBEFORE(_xlfn.FORMULATEXT(_xlpm.Function), "("))
Name Common_InputFunctions.Utility_GetArrayTableColumnStartNumber: _xlfn.LAMBDA(_xlpm.TableHeaderCell, COLUMN(_xlpm.TableHeaderCell))
Name Common_InputFunctions.Utility_GetArrayTableRowStartNumber: _xlfn.LAMBDA(_xlpm.TableheaderCell,_xlpm.RowsBetweenHeaderandArray, ROW(_xlpm.TableheaderCell) + _xlpm.RowsBetweenHeaderandArray - 1)
Name Common_InputFunctions.Utility_LookupValueInTable: _xlfn.LAMBDA(_xlpm.LookupValue,_xlpm.LookupArray,_xlpm.ReturnArray, _xlfn.XLOOKUP(_xlpm.LookupValue, _xlpm.LookupArray, _xlpm.ReturnArray, ""))
Name Common_InputFunctions.Utility_SourceHyperlink: _xlfn.LAMBDA(_xlpm.TargetCell, _xlfn.LET(_xlpm.sh, _xlfn.TEXTAFTER(CELL("filename", _xlpm.TargetCell), "]"), _xlpm.addr, CELL("address", _xlpm.TargetCell), "#'" & _xlpm.sh & "'!" & _xlpm.addr))
Name Common_SourceData.Common_SourceData_AustralianStatesTerritories_Source: _xlfn.LAMBDA("")
Name Common_SourceData.Common_SourceData_AustralianStatesTerritories_Title: _xlfn.LAMBDA("Australian states and territories")
Name Common_SourceData.Common_SourceData_AustralianStatesTerritories_Unit: _xlfn.LAMBDA("")
Name Common_SourceData.Common_SourceData_AustralianStatesTerritories_Variable: _xlfn.LAMBDA("")
Name Common_SourceData.Common_SourceData_ClimateZones_Source: _xlfn.LAMBDA("VEERG 2026: Table 1.3: Climate and Rainfall zone classifications and definitions")
Name Common_SourceData.Common_SourceData_ClimateZones_Title: _xlfn.LAMBDA("VEERG Australian climate zones")
Name Common_SourceData.Common_SourceData_ClimateZones_Unit: _xlfn.LAMBDA("")
Name Common_SourceData.Common_SourceData_ClimateZones_Variable: _xlfn.LAMBDA("")
Name Common_SourceData.Common_SourceData_ConvertGasElementalToMolecular_Source: _xlfn.LAMBDA("XXXXXXX")
Name Common_SourceData.Common_SourceData_ConvertGasElementalToMolecular_Title: _xlfn.LAMBDA("Factor to convert elemental mass of gas to molecular mass")
Name Common_SourceData.Common_SourceData_ConvertGasElementalToMolecular_Unit: _xlfn.LAMBDA("factor")
Name Common_SourceData.Common_SourceData_ConvertGasElementalToMolecular_Variable: _xlfn.LAMBDA("Cg")
Name Common_SourceData.Common_SourceData_ConvertN2oElementalToMolecularCg_Data: _xlfn.LAMBDA(44 / 28)
Name Common_SourceData.Common_SourceData_ConvertN2oElementalToMolecularCg_Source: _xlfn.LAMBDA("National Inventory Report 2023 Volume 1")
Name Common_SourceData.Common_SourceData_ConvertN2oElementalToMolecularCg_Title: _xlfn.LAMBDA("Factor to convert elemental mass of N2O to molecular mass")
Name Common_SourceData.Common_SourceData_ConvertN2oElementalToMolecularCg_Unit: _xlfn.LAMBDA("factor")
Name Common_SourceData.Common_SourceData_ConvertN2oElementalToMolecularCg_Variable: _xlfn.LAMBDA("CgN2O")
Name Common_SourceData.Common_SourceData_DataScores_Scope3_Source: _xlfn.LAMBDA("VEERG 2026: XXXXXXXX")
Name Common_SourceData.Common_SourceData_DataScores_Scope3_Title: _xlfn.LAMBDA("Australian data scores for scope 3")
Name Common_SourceData.Common_SourceData_DataScores_Scope3_Unit: _xlfn.LAMBDA("")
Name Common_SourceData.Common_SourceData_DataScores_Scope3_Variable: _xlfn.LAMBDA("")
Name Common_SourceData.Common_SourceData_DataScores_Scope3_Variation: _xlfn.LAMBDA("")
Name Common_SourceData.Common_SourceData_DensityOfMethane_Data: _xlfn.LAMBDA(0.6784)
Name Common_SourceData.Common_SourceData_DensityOfMethane_Source: _xlfn.LAMBDA("National Inventory Report 2023 Volume 1: Equations 3.B.1a_2, 3.B.1c_2, 3.B.3_1, 3.B.4g_2")
Name Common_SourceData.Common_SourceData_DensityOfMethane_Title: _xlfn.LAMBDA("p = density of methane")
Name Common_SourceData.Common_SourceData_DensityOfMethane_Unit: _xlfn.LAMBDA("kg/m3")
Name Common_SourceData.Common_SourceData_EFleach_Data: _xlfn.LAMBDA(_xlfn.MAKEARRAY(1, 2, _xlfn.LAMBDA(_xlpm.r,_xlpm.c, INDEX({"EFleach",0.011}, _xlpm.r, _xlpm.c))))
Name Common_SourceData.Common_SourceData_EFleach_NIRReference: _xlfn.LAMBDA("National Inventory Report Volume 1: Equation 3.D.B_10")
Name Common_SourceData.Common_SourceData_EFleach_Source: _xlfn.LAMBDA("VEERG 2026:5.5.2.3 Constant Parameters")
Name Common_SourceData.Common_SourceData_EFleach_Title: _xlfn.LAMBDA("Emission factor for nitrogen leaching and runoff")
Name Common_SourceData.Common_SourceData_EFleach_Unit: _xlfn.LAMBDA("(kg N2O-N / kg N")
Name Common_SourceData.Common_SourceData_EFleach_Variation: _xlfn.LAMBDA((""))
Name Common_SourceData.Common_SourceData_EFN2O_NIRReference: _xlfn.LAMBDA("")
Name Common_SourceData.Common_SourceData_EFN2O_Source: _xlfn.LAMBDA("VEERG 2026: Table A.2.2.1")
Name Common_SourceData.Common_SourceData_EFN2O_Title: _xlfn.LAMBDA("Nitrous oxide emission factors for inorganic fertiliser application")
Name Common_SourceData.Common_SourceData_EFN2O_Unit: _xlfn.LAMBDA("(kg N2O-N / kg N")
Name Common_SourceData.Common_SourceData_EFOrganicFertiliserAndCropResidues_Data: _xlfn.LAMBDA(_xlfn.MAKEARRAY(3, 2, _xlfn.LAMBDA(_xlpm.r,_xlpm.c, INDEX({"Climate zone","EFNi & EFN2O";"Wet climate zone",0.006;"Dry climate zone",0.005}, _xlpm.r, _xlpm.c))))
Name Common_SourceData.Common_SourceData_EFOrganicFertiliserAndCropResidues_NIRReference: _xlfn.LAMBDA("")
Name Common_SourceData.Common_SourceData_EFOrganicFertiliserAndCropResidues_Source: _xlfn.LAMBDA("VEERG 2026: Table A.2.1.4")

Sheet Home
A1: Home

Sheet Overview
A1: #VALUE! | C1: 8: Fuel use: Overview
A3: =HYPERLINK("#'Home'!A1", "Home") -> Home
A4: =HYPERLINK("#'Overview'!A1", "Overview") -> Overview
A5: =HYPERLINK("#'Results'!A1", "Results") -> Results | D5: 💡 Below is a diagram that maps the equations used to calculate emissions, and how they interact with each other.
D6: Click on a box to go to the corresponding calculation.
A7: INPUTS
A8: =HYPERLINK("#'Input - Fuel'!A1", "Fuel") -> Fuel
A10: CALCULATIONS
A11: =HYPERLINK("#'8.1.1.1-2 Transport fuel'!A1", "8.1.1.1-2 Transport fuel") -> 8.1.1.1-2 Transport fuel
A12: =HYPERLINK("#'8.2.1.1-2 Stationary fuel'!A1", "8.2.1.1-2 Stationary fuel") -> 8.2.1.1-2 Stationary fuel
A13: =HYPERLINK("#'8.X.1.1-2 General use fuel'!A1", "8.X.1.1-2 General use fuel") -> 8.X.1.1-2 General use fuel
A15: APPENDICES
A16: =HYPERLINK("#'Constants - Fuel'!A1", "Constants - Fuel") -> Constants - Fuel
A17: =HYPERLINK("#'Constants - Common'!A1", "Constants - Common") -> Constants - Common
L37: `

Sheet Results
A1: #VALUE! | C1: 8: Fuel use: Results
A3: =HYPERLINK("#'Home'!A1", "Home") -> Home
A4: =HYPERLINK("#'Overview'!A1", "Overview") -> Overview | D4: Emissions breakdown
A5: =HYPERLINK("#'Results'!A1", "Results") -> Results
D6: 💡 NOTE: When there is no Method 2, the Method 2 result are the same as Method 1
A7: INPUTS
A8: =HYPERLINK("#'Input - Fuel'!A1", "Fuel") -> Fuel | D8: Scope 1 source | E8: GHG emissions method 1 | F8: GHG emissions method 2 | G8: GHG Unit
D9: 8.1.1.1-2 Transport fuel: CO2 | E9: ='8.1.1.1-2 Transport fuel'!E67 -> 0 | F9: =E9 -> 0 | G9: t CO2e
A10: CALCULATIONS | D10: 8.1.1.1-2 Transport fuel: CH4 | E10: ='8.1.1.1-2 Transport fuel'!E68 -> 0 | F10: =E10 -> 0 | G10: t CO2e
A11: =HYPERLINK("#'8.1.1.1-2 Transport fuel'!A1", "8.1.1.1-2 Transport fuel") -> 8.1.1.1-2 Transport fuel | D11: 8.1.1.1-2 Transport fuel: N2O | E11: ='8.1.1.1-2 Transport fuel'!E69 -> 0 | F11: =E11 -> 0 | G11: t CO2e
A12: =HYPERLINK("#'8.2.1.1-2 Stationary fuel'!A1", "8.2.1.1-2 Stationary fuel") -> 8.2.1.1-2 Stationary fuel | D12: 8.2.1.1-2 Stationary fuel: CO2 | E12: ='8.2.1.1-2 Stationary fuel'!E55 -> 0.00602 | F12: =E12 -> 0.00602 | G12: t CO2e
A13: =HYPERLINK("#'8.X.1.1-2 General use fuel'!A1", "8.X.1.1-2 General use fuel") -> 8.X.1.1-2 General use fuel | D13: 8.2.1.1-2 Stationary fuel: CH4 | E13: ='8.2.1.1-2 Stationary fuel'!E56 -> 4e-06 | F13: =E13 -> 4e-06 | G13: t CO2e
D14: 8.2.1.1-2 Stationary fuel: N2O | E14: ='8.2.1.1-2 Stationary fuel'!E57 -> 3e-06 | F14: =E14 -> 3e-06 | G14: t CO2e
A15: APPENDICES | D15: Total | E15: =SUM(E9:E14) -> 0.006027 | F15: =SUM(F9:F14) -> 0.006027 | G15: t CO2e
A16: =HYPERLINK("#'Constants - Fuel'!A1", "Constants - Fuel") -> Constants - Fuel
A17: =HYPERLINK("#'Constants - Common'!A1", "Constants - Common") -> Constants - Common

Sheet Input - Site
A1: #VALUE! | C1: Input - Site
A3: =HYPERLINK("#'Home'!A1", "Home") -> Home
A4: =HYPERLINK("#'Overview'!A1", "Overview") -> Overview
A5: =HYPERLINK("#'Results'!A1", "Results") -> Results | D5: Your business
A7: INPUTS | D7: Farm name | E7: Test Farms
A8: =HYPERLINK("#'Input - Electricity'!A1", "Electricity") -> Electricity | D8: Reporting entity name | E8: Test Farms Pty Ltd
A10: CALCULATIONS | D10: 💡An 'Emissions accounting period' is a 12 month period where the business can report on the emissions, and is typically the same as the business' financial accounting period.
A11: =HYPERLINK("#'14.1.1-2 Purchased electricity'!A1", "14.1.1-2 Purchased electricity") -> 14.1.1-2 Purchased electricity
D12: Emissions calculation period start date | E12: 45292 | F12: ← DD/MM/YYYY or DD Month YYYY
A13: APPENDICES | D13: Emissions calculation period end date | E13: =DATE(YEAR(E12)+1,MONTH(E12),DAY(E12))-1 -> 45657 | F13: ← Automatically calculated, 12 months after start date
A14: =HYPERLINK("#'Constants - Electricity'!A1", "Constants - Electricity") -> Constants - Electricity
A15: =HYPERLINK("#'Constants - Common'!A1", "Constants - Common") -> Constants - Common
D16: Location and climate
D18: Location information is used to reference some region and climate-specific emission factors
D19: Tip: Use the web-based GAF Location Helper tool to easily get region and climate information. You will need an internet connection to use the GAF Location Helper.
D21: State | E21: Western Australia | F21: ← Please select
D22: Region (ABS Statistical area level 4) if state is WA | E22: Western Australia - Outback (South) | F22: ← Please select

Sheet Input - Fuel
A1: #VALUE! | C1: Input - Fuel
A3: =HYPERLINK("#'Home'!A1", "Home") -> Home
A4: =HYPERLINK("#'Overview'!A1", "Overview") -> Overview
A5: =HYPERLINK("#'Results'!A1", "Results") -> Results | D5: Fuel purchases and consumption
A7: INPUTS | D7: A 'Metropolitan' location is:
A8: =HYPERLINK("#'Input - Fuel'!A1", "Fuel") -> Fuel | D8: ● On or east of the dividing range in NSW (including Canberra and Queanbeyan)
D9: ● In Melbourne, Brisbane, Adelaide or Perth
A10: CALCULATIONS
A11: =HYPERLINK("#'8.1.1.1-2 Transport fuel'!A1", "8.1.1.1-2 Transport fuel") -> 8.1.1.1-2 Transport fuel | D11: Is the property in a Metropolitan location? | E11: Metro | F11: ← Please select
A12: =HYPERLINK("#'8.2.1.1-2 Stationary fuel'!A1", "8.2.1.1-2 Stationary fuel") -> 8.2.1.1-2 Stationary fuel
A13: =HYPERLINK("#'8.X.1.1-2 General use fuel'!A1", "8.X.1.1-2 General use fuel") -> 8.X.1.1-2 General use fuel | D13: 💡 You can add more rows to the table by right-clicking on the table and selecting "Insert > Table rows above/below"
D14: 💡 'Percent consumed" is 100% by default. If you purchased more fuel than was consumed you can edit this field.
A15: APPENDICES
A16: =HYPERLINK("#'Constants - Fuel'!A1", "Constants - Fuel") -> Constants - Fuel | D16: Fuel use (select) | E16: Fuel type (select) | F16: Amount purchased | G16: Amount unit | H16: Percent consumed | I16: Amount consumed
A17: =HYPERLINK("#'Constants - Common'!A1", "Constants - Common") -> Constants - Common | D17: Power standalone machinery or heating | E17: Town gas in GJ | F17: 100 | G17: {=Common_InputFunctions.Utility_LookupValueInTable(Table_Input_Fuel[[#This Row],[Fuel type (select)]],Table_FuelTypes_Units[Fuel type], Table_FuelTypes_Units[Unit])} -> GJ | H17: =1 -> 1 | I17: =Table_Input_Fuel[[#This Row],[Amount purchased]]*Table_Input_Fuel[[#This Row],[Percent consumed]]*10^-3 -> 0.1

Sheet 8.1.1.1-2 Transport fuel
A1: #VALUE! | C1: 8.1.1.1-2 Transport fuel combustion
A3: =HYPERLINK("#'Home'!A1", "Home") -> Home | D3: Method 1
A4: =HYPERLINK("#'Overview'!A1", "Overview") -> Overview
A5: =HYPERLINK("#'Results'!A1", "Results") -> Results | D5: Emissions for each GHG from the combustion of fuels for transport energy purposes | K5: Upstream emissions from scope 1 fuel use for transport purposes
D6: VEERG 2026: 8.1.1.1, Equation (1) | K6: VEERG 2026: 15.11.1.1, Equation (2)
A7: INPUTS
A8: =HYPERLINK("#'Input - Fuel'!A1", "Fuel") -> Fuel
A10: CALCULATIONS
A11: =HYPERLINK("#'8.1.1.1-2 Transport fuel'!A1", "8.1.1.1-2 Transport fuel") -> 8.1.1.1-2 Transport fuel | D11: Variable | E11: E_g | K11: Variable | L11: E_WTTtransq
A12: =HYPERLINK("#'8.2.1.1-2 Stationary fuel'!A1", "8.2.1.1-2 Stationary fuel") -> 8.2.1.1-2 Stationary fuel | D12: Unit | E12: t CO2-e | K12: Unit | L12: t CO2e
A13: =HYPERLINK("#'8.X.1.1-2 General use fuel'!A1", "8.X.1.1-2 General use fuel") -> 8.X.1.1-2 General use fuel
D14: Q_Transtq | E14: Amount of fuel type q combusted for transport energy purposes | G14: Varies based on fuel type: kL, m3, GJ | H14: Input | I14: {=HYPERLINK(Common_InputFunctions.Utility_SourceHyperlink($D$22), $D$22)} -> Table_E_g | K14: Q_Transq | L14: amount of fuel q combusted for transport energy purposes | N14: kL | O14: Input | P14: {=HYPERLINK(Common_InputFunctions.Utility_SourceHyperlink($D$22), $D$22)} -> Table_E_g
A15: APPENDICES | D15: EC_Transq | E15: Energy content factor for transport energy purposes | G15: GJ / unit of fuel | H15: Constant | I15: {=HYPERLINK(Common_InputFunctions.Utility_SourceHyperlink($D$22), $D$22)} -> Table_E_g | K15: EC_Transq | L15: energy content factor for transport energy purposes | N15: GJ/kL or GJ/m3 | O15: Constant | P15: {=HYPERLINK(Common_InputFunctions.Utility_SourceHyperlink($D$22), $D$22)} -> Table_E_g
A16: =HYPERLINK("#'Constants - Fuel'!A1", "Constants - Fuel") -> Constants - Fuel | D16: EF_Trans1tqg | E16: Scope 1 emission factor for transport energy purposes for each greenhouse gas | G16: kg CO2e / GJ | H16: Constant | I16: {=HYPERLINK(Common_InputFunctions.Utility_SourceHyperlink($D$22), $D$22)} -> Table_E_g | K16: EF_Trans3q | L16: scope 3 emission factor for transport energy purposes | N16: kg CO2e/GJ | O16: Constant | P16: {=HYPERLINK(Common_InputFunctions.Utility_SourceHyperlink($D$22), $D$22)} -> Table_E_g
A17: =HYPERLINK("#'Constants - Common'!A1", "Constants - Common") -> Constants - Common | D17: q | E17: Fuel type | H17: Constant
D18: Trans | E18: Transport combustion | H18: Constant
D19: g | E19: Greenhouse gas | H19: Constant
D20: 1 | E20: Scope 1 | H20: Constant
D22: Table_E_g
D23: Emissions for transport fuel combustion
D24: Fuel use | E24: Fuel type (NGAF terminology) | F24: Fuel type (q) | G24: ECTrans,q | H24: EFTrans,1,q,g=CO2 | I24: EFTrans,1,q,g=CH4 | J24: EFTrans,1,q,g=N20 | K24: EFTrans,3,q | L24: QTrans,q | M24: Q unit | N24: Eg=CO2 | O24: Eg=CH4 | P24: Eg=N20 | Q24: E3WTT,trans,q
D25: =Table_FuelTypesPerUse[[#Headers],[from the use of a limited number of NGER data inputs. It is suggested that for Tasmania the use of the Victorian emission factors is appropriate,]] -> from the use of a limited number of NGER data inputs. It is suggested that for Tasmania the use of the Victorian emission factors is appropriate, | E25: ='Constants - Fuel'!$E$10 -> Gasoline | F25: ='Constants - Fuel'!G131 -> 0 | G25: {=IFERROR(_xlfn.XLOOKUP(1, (Table_Fuel_EFs_Transport[Fuel combusted]=$E25)*(Table_Fuel_EFs_Transport[Transport type]=$D$25), Table_Fuel_EFs_Transport[Energy Content Factor (GJ per unit of fuel)]), 0)} -> 0 | H25: {=IFERROR(_xlfn.XLOOKUP(1, (Table_Fuel_EFs_Transport[Fuel combusted]=$E25)*(Table_Fuel_EFs_Transport[Transport type]=$D$25), Table_Fuel_EFs_Transport[Scope 1 Emission Factor (kg CO2 - e / GJ) CO2]), 0)} -> 0 | I25: {=IFERROR(_xlfn.XLOOKUP(1, (Table_Fuel_EFs_Transport[Fuel combusted]=$E25)*(Table_Fuel_EFs_Transport[Transport type]=$D$25), Table_Fuel_EFs_Transport[Scope 1 Emission Factor (kg CO2 - e / GJ) CH4]), 0)} -> 0 | J25: {=IFERROR(_xlfn.XLOOKUP(1, (Table_Fuel_EFs_Transport[Fuel combusted]=$E25)*(Table_Fuel_EFs_Transport[Transport type]=$D$25), Table_Fuel_EFs_Transport[Scope 1 Emission Factor (kg CO2 - e / GJ) N2O]), 0)} -> 0 | K25: {=IFERROR(_xlfn.XLOOKUP(1, (Table_Fuel_EFs_Transport[Fuel combusted]=$E25)*(Table_Fuel_EFs_Transport[Transport type]=$D$25), Table_Fuel_EFs_Transport[Scope 3 Emission Factor (kg CO2 - e / GJ)]), 0)} -> 0 | L25: {=Fuel_InputFunctions.Fuel_TotalConsumption(Table_Input_Fuel[Amount consumed], Table_Input_Fuel[Fuel use (select)], D25, Table_Input_Fuel[Fuel type (select)],F25)} -> 0 | M25: {=Common_InputFunctions.Utility_LookupValueInTable(F25,Table_FuelTypes_Units[Fuel type],Table_FuelTypes_Units[Unit])} | N25: =((($L25 * $G25 * $H25) * 10 ^ -3)) -> 0 | O25: =((($L25 * $G25 * $I25) * 10 ^ -3)) -> 0 | P25: =((($L25 * $G25 * $J25) * 10 ^ -3)) -> 0 | Q25: =((L25 * G25 * K25) * 10 ^ -3) -> 0
D26: =$D$25 -> from the use of a limited number of NGER data inputs. It is suggested that for Tasmania the use of the Victorian emission factors is appropriate, | E26: ='Constants - Fuel'!$E$11 -> Diesel oil | F26: ='Constants - Fuel'!G132 -> while for Northern Territory the use of the Western Australian emission factors is appropriate. | G26: {=IFERROR(_xlfn.XLOOKUP(1, (Table_Fuel_EFs_Transport[Fuel combusted]=$E26)*(Table_Fuel_EFs_Transport[Transport type]=$D$25), Table_Fuel_EFs_Transport[Energy Content Factor (GJ per unit of fuel)]), 0)} -> 0 | H26: {=IFERROR(_xlfn.XLOOKUP(1, (Table_Fuel_EFs_Transport[Fuel combusted]=$E26)*(Table_Fuel_EFs_Transport[Transport type]=$D$25), Table_Fuel_EFs_Transport[Scope 1 Emission Factor (kg CO2 - e / GJ) CO2]), 0)} -> 0 | I26: {=IFERROR(_xlfn.XLOOKUP(1, (Table_Fuel_EFs_Transport[Fuel combusted]=$E26)*(Table_Fuel_EFs_Transport[Transport type]=$D$25), Table_Fuel_EFs_Transport[Scope 1 Emission Factor (kg CO2 - e / GJ) CH4]), 0)} -> 0 | J26: {=IFERROR(_xlfn.XLOOKUP(1, (Table_Fuel_EFs_Transport[Fuel combusted]=$E26)*(Table_Fuel_EFs_Transport[Transport type]=$D$25), Table_Fuel_EFs_Transport[Scope 1 Emission Factor (kg CO2 - e / GJ) N2O]), 0)} -> 0 | K26: {=IFERROR(_xlfn.XLOOKUP(1, (Table_Fuel_EFs_Transport[Fuel combusted]=$E26)*(Table_Fuel_EFs_Transport[Transport type]=$D$25), Table_Fuel_EFs_Transport[Scope 3 Emission Factor (kg CO2 - e / GJ)]), 0)} -> 0 | L26: {=Fuel_InputFunctions.Fuel_TotalConsumption(Table_Input_Fuel[Amount consumed], Table_Input_Fuel[Fuel use (select)], D26, Table_Input_Fuel[Fuel type (select)],F26)} -> 0 | M26: {=Common_InputFunctions.Utility_LookupValueInTable(F26,Table_FuelTypes_Units[Fuel type],Table_FuelTypes_Units[Unit])} | N26: =((($L26 * $G26 * $H26) * 10 ^ -3)) -> 0 | O26: =((($L26 * $G26 * $I26) * 10 ^ -3)) -> 0 | P26: =((($L26 * $G26 * $J26) * 10 ^ -3)) -> 0 | Q26: =((L26 * G26 * K26) * 10 ^ -3) -> 0
D27: =$D$25 -> from the use of a limited number of NGER data inputs. It is suggested that for Tasmania the use of the Victorian emission factors is appropriate, | E27: ='Constants - Fuel'!$E$12 -> Liquefied petroleum gas (LPG) | F27: ='Constants - Fuel'!G133 -> - | G27: {=IFERROR(_xlfn.XLOOKUP(1, (Table_Fuel_EFs_Transport[Fuel combusted]=$E27)*(Table_Fuel_EFs_Transport[Transport type]=$D$25), Table_Fuel_EFs_Transport[Energy Content Factor (GJ per unit of fuel)]), 0)} -> 0 | H27: {=IFERROR(_xlfn.XLOOKUP(1, (Table_Fuel_EFs_Transport[Fuel combusted]=$E27)*(Table_Fuel_EFs_Transport[Transport type]=$D$25), Table_Fuel_EFs_Transport[Scope 1 Emission Factor (kg CO2 - e / GJ) CO2]), 0)} -> 0 | I27: {=IFERROR(_xlfn.XLOOKUP(1, (Table_Fuel_EFs_Transport[Fuel combusted]=$E27)*(Table_Fuel_EFs_Transport[Transport type]=$D$25), Table_Fuel_EFs_Transport[Scope 1 Emission Factor (kg CO2 - e / GJ) CH4]), 0)} -> 0 | J27: {=IFERROR(_xlfn.XLOOKUP(1, (Table_Fuel_EFs_Transport[Fuel combusted]=$E27)*(Table_Fuel_EFs_Transport[Transport type]=$D$25), Table_Fuel_EFs_Transport[Scope 1 Emission Factor (kg CO2 - e / GJ) N2O]), 0)} -> 0 | K27: {=IFERROR(_xlfn.XLOOKUP(1, (Table_Fuel_EFs_Transport[Fuel combusted]=$E27)*(Table_Fuel_EFs_Transport[Transport type]=$D$25), Table_Fuel_EFs_Transport[Scope 3 Emission Factor (kg CO2 - e / GJ)]), 0)} -> 0 | L27: {=Fuel_InputFunctions.Fuel_TotalConsumption(Table_Input_Fuel[Amount consumed], Table_Input_Fuel[Fuel use (select)], D27, Table_Input_Fuel[Fuel type (select)],F27)} -> 0 | M27: {=Common_InputFunctions.Utility_LookupValueInTable(F27,Table_FuelTypes_Units[Fuel type],Table_FuelTypes_Units[Unit])} | N27: =((($L27 * $G27 * $H27) * 10 ^ -3)) -> 0 | O27: =((($L27 * $G27 * $I27) * 10 ^ -3)) -> 0 | P27: =((($L27 * $G27 * $J27) * 10 ^ -3)) -> 0 | Q27: =((L27 * G27 * K27) * 10 ^ -3) -> 0
D28: =$D$25 -> from the use of a limited number of NGER data inputs. It is suggested that for Tasmania the use of the Victorian emission factors is appropriate, | E28: ='Constants - Fuel'!$E$13 -> Fuel oil | F28: ='Constants - Fuel'!G134 -> Scope 3 emission factors do not include fugitive emission leakage from low pressure natural gas distribution pipeline networks while those from high pressure | G28: {=IFERROR(_xlfn.XLOOKUP(1, (Table_Fuel_EFs_Transport[Fuel combusted]=$E28)*(Table_Fuel_EFs_Transport[Transport type]=$D$25), Table_Fuel_EFs_Transport[Energy Content Factor (GJ per unit of fuel)]), 0)} -> 0 | H28: {=IFERROR(_xlfn.XLOOKUP(1, (Table_Fuel_EFs_Transport[Fuel combusted]=$E28)*(Table_Fuel_EFs_Transport[Transport type]=$D$25), Table_Fuel_EFs_Transport[Scope 1 Emission Factor (kg CO2 - e / GJ) CO2]), 0)} -> 0 | I28: {=IFERROR(_xlfn.XLOOKUP(1, (Table_Fuel_EFs_Transport[Fuel combusted]=$E28)*(Table_Fuel_EFs_Transport[Transport type]=$D$25), Table_Fuel_EFs_Transport[Scope 1 Emission Factor (kg CO2 - e / GJ) CH4]), 0)} -> 0 | J28: {=IFERROR(_xlfn.XLOOKUP(1, (Table_Fuel_EFs_Transport[Fuel combusted]=$E28)*(Table_Fuel_EFs_Transport[Transport type]=$D$25), Table_Fuel_EFs_Transport[Scope 1 Emission Factor (kg CO2 - e / GJ) N2O]), 0)} -> 0 | K28: {=IFERROR(_xlfn.XLOOKUP(1, (Table_Fuel_EFs_Transport[Fuel combusted]=$E28)*(Table_Fuel_EFs_Transport[Transport type]=$D$25), Table_Fuel_EFs_Transport[Scope 3 Emission Factor (kg CO2 - e / GJ)]), 0)} -> 0 | L28: {=Fuel_InputFunctions.Fuel_TotalConsumption(Table_Input_Fuel[Amount consumed], Table_Input_Fuel[Fuel use (select)], D28, Table_Input_Fuel[Fuel type (select)],F28)} -> 0 | M28: {=Common_InputFunctions.Utility_LookupValueInTable(F28,Table_FuelTypes_Units[Fuel type],Table_FuelTypes_Units[Unit])} | N28: =((($L28 * $G28 * $H28) * 10 ^ -3)) -> 0 | O28: =((($L28 * $G28 * $I28) * 10 ^ -3)) -> 0 | P28: =((($L28 * $G28 * $J28) * 10 ^ -3)) -> 0 | Q28: =((L28 * G28 * K28) * 10 ^ -3) -> 0
D29: =$D$25 -> from the use of a limited number of NGER data inputs. It is suggested that for Tasmania the use of the Victorian emission factors is appropriate, | E29: ='Constants - Fuel'!$E$14 -> Ethanol | F29: ='Constants - Fuel'!G135 -> 0 | G29: {=IFERROR(_xlfn.XLOOKUP(1, (Table_Fuel_EFs_Transport[Fuel combusted]=$E29)*(Table_Fuel_EFs_Transport[Transport type]=$D$25), Table_Fuel_EFs_Transport[Energy Content Factor (GJ per unit of fuel)]), 0)} -> 0 | H29: {=IFERROR(_xlfn.XLOOKUP(1, (Table_Fuel_EFs_Transport[Fuel combusted]=$E29)*(Table_Fuel_EFs_Transport[Transport type]=$D$25), Table_Fuel_EFs_Transport[Scope 1 Emission Factor (kg CO2 - e / GJ) CO2]), 0)} -> 0 | I29: {=IFERROR(_xlfn.XLOOKUP(1, (Table_Fuel_EFs_Transport[Fuel combusted]=$E29)*(Table_Fuel_EFs_Transport[Transport type]=$D$25), Table_Fuel_EFs_Transport[Scope 1 Emission Factor (kg CO2 - e / GJ) CH4]), 0)} -> 0 | J29: {=IFERROR(_xlfn.XLOOKUP(1, (Table_Fuel_EFs_Transport[Fuel combusted]=$E29)*(Table_Fuel_EFs_Transport[Transport type]=$D$25), Table_Fuel_EFs_Transport[Scope 1 Emission Factor (kg CO2 - e / GJ) N2O]), 0)} -> 0 | K29: {=IFERROR(_xlfn.XLOOKUP(1, (Table_Fuel_EFs_Transport[Fuel combusted]=$E29)*(Table_Fuel_EFs_Transport[Transport type]=$D$25), Table_Fuel_EFs_Transport[Scope 3 Emission Factor (kg CO2 - e / GJ)]), 0)} -> 0 | L29: {=Fuel_InputFunctions.Fuel_TotalConsumption(Table_Input_Fuel[Amount consumed], Table_Input_Fuel[Fuel use (select)], D29, Table_Input_Fuel[Fuel type (select)],F29)} -> 0 | M29: {=Common_InputFunctions.Utility_LookupValueInTable(F29,Table_FuelTypes_Units[Fuel type],Table_FuelTypes_Units[Unit])} | N29: =((($L29 * $G29 * $H29) * 10 ^ -3)) -> 0 | O29: =((($L29 * $G29 * $I29) * 10 ^ -3)) -> 0 | P29: =((($L29 * $G29 * $J29) * 10 ^ -3)) -> 0 | Q29: =((L29 * G29 * (IF(ISNUMBER(K29),K29,0))) * 10 ^ -3) -> 0
D30: =$D$25 -> from the use of a limited number of NGER data inputs. It is suggested that for Tasmania the use of the Victorian emission factors is appropriate, | E30: ='Constants - Fuel'!$E$15 -> Biodiesel | F30: ='Constants - Fuel'!G136 -> gas networks are considered negligible. | G30: {=IFERROR(_xlfn.XLOOKUP(1, (Table_Fuel_EFs_Transport[Fuel combusted]=$E30)*(Table_Fuel_EFs_Transport[Transport type]=$D$25), Table_Fuel_EFs_Transport[Energy Content Factor (GJ per unit of fuel)]), 0)} -> 0 | H30: {=IFERROR(_xlfn.XLOOKUP(1, (Table_Fuel_EFs_Transport[Fuel combusted]=$E30)*(Table_Fuel_EFs_Transport[Transport type]=$D$25), Table_Fuel_EFs_Transport[Scope 1 Emission Factor (kg CO2 - e / GJ) CO2]), 0)} -> 0 | I30: {=IFERROR(_xlfn.XLOOKUP(1, (Table_Fuel_EFs_Transport[Fuel combusted]=$E30)*(Table_Fuel_EFs_Transport[Transport type]=$D$25), Table_Fuel_EFs_Transport[Scope 1 Emission Factor (kg CO2 - e / GJ) CH4]), 0)} -> 0 | J30: {=IFERROR(_xlfn.XLOOKUP(1, (Table_Fuel_EFs_Transport[Fuel combusted]=$E30)*(Table_Fuel_EFs_Transport[Transport type]=$D$25), Table_Fuel_EFs_Transport[Scope 1 Emission Factor (kg CO2 - e / GJ) N2O]), 0)} -> 0 | K30: {=IFERROR(_xlfn.XLOOKUP(1, (Table_Fuel_EFs_Transport[Fuel combusted]=$E30)*(Table_Fuel_EFs_Transport[Transport type]=$D$25), Table_Fuel_EFs_Transport[Scope 3 Emission Factor (kg CO2 - e / GJ)]), 0)} -> 0 | L30: {=Fuel_InputFunctions.Fuel_TotalConsumption(Table_Input_Fuel[Amount consumed], Table_Input_Fuel[Fuel use (select)], D30, Table_Input_Fuel[Fuel type (select)],F30)} -> 0 | M30: {=Common_InputFunctions.Utility_LookupValueInTable(F30,Table_FuelTypes_Units[Fuel type],Table_FuelTypes_Units[Unit])} | N30: =((($L30 * $G30 * $H30) * 10 ^ -3)) -> 0 | O30: =((($L30 * $G30 * $I30) * 10 ^ -3)) -> 0 | P30: =((($L30 * $G30 * $J30) * 10 ^ -3)) -> 0 | Q30: =((L30 * G30 * (IF(ISNUMBER(K30),K30,0))) * 10 ^ -3) -> 0
D31: =$D$25 -> from the use of a limited number of NGER data inputs. It is suggested that for Tasmania the use of the Victorian emission factors is appropriate, | E31: ='Constants - Fuel'!$E$16 -> Renewable diesel | F31: ='Constants - Fuel'!G137 -> Renewable diesel | G31: {=IFERROR(_xlfn.XLOOKUP(1, (Table_Fuel_EFs_Transport[Fuel combusted]=$E31)*(Table_Fuel_EFs_Transport[Transport type]=$D$25), Table_Fuel_EFs_Transport[Energy Content Factor (GJ per unit of fuel)]), 0)} -> 0 | H31: {=IFERROR(_xlfn.XLOOKUP(1, (Table_Fuel_EFs_Transport[Fuel combusted]=$E31)*(Table_Fuel_EFs_Transport[Transport type]=$D$25), Table_Fuel_EFs_Transport[Scope 1 Emission Factor (kg CO2 - e / GJ) CO2]), 0)} -> 0 | I31: {=IFERROR(_xlfn.XLOOKUP(1, (Table_Fuel_EFs_Transport[Fuel combusted]=$E31)*(Table_Fuel_EFs_Transport[Transport type]=$D$25), Table_Fuel_EFs_Transport[Scope 1 Emission Factor (kg CO2 - e / GJ) CH4]), 0)} -> 0 | J31: {=IFERROR(_xlfn.XLOOKUP(1, (Table_Fuel_EFs_Transport[Fuel combusted]=$E31)*(Table_Fuel_EFs_Transport[Transport type]=$D$25), Table_Fuel_EFs_Transport[Scope 1 Emission Factor (kg CO2 - e / GJ) N2O]), 0)} -> 0 | K31: {=IFERROR(_xlfn.XLOOKUP(1, (Table_Fuel_EFs_Transport[Fuel combusted]=$E31)*(Table_Fuel_EFs_Transport[Transport type]=$D$25), Table_Fuel_EFs_Transport[Scope 3 Emission Factor (kg CO2 - e / GJ)]), 0)} -> 0 | L31: {=Fuel_InputFunctions.Fuel_TotalConsumption(Table_Input_Fuel[Amount consumed], Table_Input_Fuel[Fuel use (select)], D31, Table_Input_Fuel[Fuel type (select)],F31)} -> 0 | M31: {=Common_InputFunctions.Utility_LookupValueInTable(F31,Table_FuelTypes_Units[Fuel type],Table_FuelTypes_Units[Unit])} -> kL | N31: =((($L31 * $G31 * $H31) * 10 ^ -3)) -> 0 | O31: =((($L31 * $G31 * $I31) * 10 ^ -3)) -> 0 | P31: =((($L31 * $G31 * $J31) * 10 ^ -3)) -> 0 | Q31: =((L31 * G31 * (IF(ISNUMBER(K31),K31,0))) * 10 ^ -3) -> 0
D32: =$D$25 -> from the use of a limited number of NGER data inputs. It is suggested that for Tasmania the use of the Victorian emission factors is appropriate, | E32: ='Constants - Fuel'!$E$17 -> Other biofuels | F32: ='Constants - Fuel'!G138 -> Other biofuels | G32: {=IFERROR(_xlfn.XLOOKUP(1, (Table_Fuel_EFs_Transport[Fuel combusted]=$E32)*(Table_Fuel_EFs_Transport[Transport type]=$D$25), Table_Fuel_EFs_Transport[Energy Content Factor (GJ per unit of fuel)]), 0)} -> 0 | H32: {=IFERROR(_xlfn.XLOOKUP(1, (Table_Fuel_EFs_Transport[Fuel combusted]=$E32)*(Table_Fuel_EFs_Transport[Transport type]=$D$25), Table_Fuel_EFs_Transport[Scope 1 Emission Factor (kg CO2 - e / GJ) CO2]), 0)} -> 0 | I32: {=IFERROR(_xlfn.XLOOKUP(1, (Table_Fuel_EFs_Transport[Fuel combusted]=$E32)*(Table_Fuel_EFs_Transport[Transport type]=$D$25), Table_Fuel_EFs_Transport[Scope 1 Emission Factor (kg CO2 - e / GJ) CH4]), 0)} -> 0 | J32: {=IFERROR(_xlfn.XLOOKUP(1, (Table_Fuel_EFs_Transport[Fuel combusted]=$E32)*(Table_Fuel_EFs_Transport[Transport type]=$D$25), Table_Fuel_EFs_Transport[Scope 1 Emission Factor (kg CO2 - e / GJ) N2O]), 0)} -> 0 | K32: {=IFERROR(_xlfn.XLOOKUP(1, (Table_Fuel_EFs_Transport[Fuel combusted]=$E32)*(Table_Fuel_EFs_Transport[Transport type]=$D$25), Table_Fuel_EFs_Transport[Scope 3 Emission Factor (kg CO2 - e / GJ)]), 0)} -> 0 | L32: {=Fuel_InputFunctions.Fuel_TotalConsumption(Table_Input_Fuel[Amount consumed], Table_Input_Fuel[Fuel use (select)], D32, Table_Input_Fuel[Fuel type (select)],F32)} -> 0 | M32: {=Common_InputFunctions.Utility_LookupValueInTable(F32,Table_FuelTypes_Units[Fuel type],Table_FuelTypes_Units[Unit])} -> kL | N32: =((($L32 * $G32 * $H32) * 10 ^ -3)) -> 0 | O32: =((($L32 * $G32 * $I32) * 10 ^ -3)) -> 0 | P32: =((($L32 * $G32 * $J32) * 10 ^ -3)) -> 0 | Q32: =((L32 * G32 * (IF(ISNUMBER(K32),K32,0))) * 10 ^ -3) -> 0
D33: =Table_FuelTypesPerUse[[#Headers],[Off-road Agriculture and forestry equipment]] -> Off-road Agriculture and forestry equipment | E33: ='Constants - Fuel'!$E$11 -> Diesel oil | F33: ='Constants - Fuel'!H131 -> Diesel | G33: {=IFERROR(_xlfn.XLOOKUP(1, (Table_Fuel_EFs_Transport[Fuel combusted]=$E33)*(Table_Fuel_EFs_Transport[Transport type]=$D$33), Table_Fuel_EFs_Transport[Energy Content Factor (GJ per unit of fuel)]), 0)} -> 38.6 | H33: {=IFERROR(_xlfn.XLOOKUP(1, (Table_Fuel_EFs_Transport[Fuel combusted]=$E33)*(Table_Fuel_EFs_Transport[Transport type]=$D$33), Table_Fuel_EFs_Transport[Scope 1 Emission Factor (kg CO2 - e / GJ) CO2]), 0)} -> 69.9 | I33: {=IFERROR(_xlfn.XLOOKUP(1, (Table_Fuel_EFs_Transport[Fuel combusted]=$E33)*(Table_Fuel_EFs_Transport[Transport type]=$D$33), Table_Fuel_EFs_Transport[Scope 1 Emission Factor (kg CO2 - e / GJ) CH4]), 0)} -> 0.3 | J33: {=IFERROR(_xlfn.XLOOKUP(1, (Table_Fuel_EFs_Transport[Fuel combusted]=$E33)*(Table_Fuel_EFs_Transport[Transport type]=$D$33), Table_Fuel_EFs_Transport[Scope 1 Emission Factor (kg CO2 - e / GJ) N2O]), 0)} -> 0.5 | K33: {=IFERROR(_xlfn.XLOOKUP(1, (Table_Fuel_EFs_Transport[Fuel combusted]=$E33)*(Table_Fuel_EFs_Transport[Transport type]=$D$25), Table_Fuel_EFs_Transport[Scope 3 Emission Factor (kg CO2 - e / GJ)]), 0)} -> 0 | L33: {=Fuel_InputFunctions.Fuel_TotalConsumption(Table_Input_Fuel[Amount consumed], Table_Input_Fuel[Fuel use (select)], D33, Table_Input_Fuel[Fuel type (select)],F33)} -> 0 | M33: {=Common_InputFunctions.Utility_LookupValueInTable(F33,Table_FuelTypes_Units[Fuel type],Table_FuelTypes_Units[Unit])} -> kL | N33: =((($L33 * $G33 * $H33) * 10 ^ -3)) -> 0 | O33: =((($L33 * $G33 * $I33) * 10 ^ -3)) -> 0 | P33: =((($L33 * $G33 * $J33) * 10 ^ -3)) -> 0 | Q33: =((L33 * G33 * K33) * 10 ^ -3) -> 0
D34: =Table_FuelTypesPerUse[[#Headers],[Aviation]] -> Aviation | E34: ='Constants - Fuel'!$E$28 -> Gasoline for use as fuel in an aircraft | F34: ='Constants - Fuel'!$F$131 -> Avgas | G34: {=IFERROR(_xlfn.XLOOKUP(1, (Table_Fuel_EFs_Transport[Fuel combusted]=$E34)*(Table_Fuel_EFs_Transport[Transport type]=$D$34), Table_Fuel_EFs_Transport[Energy Content Factor (GJ per unit of fuel)]), 0)} -> 33.1 | H34: {=IFERROR(_xlfn.XLOOKUP(1, (Table_Fuel_EFs_Transport[Fuel combusted]=$E34)*(Table_Fuel_EFs_Transport[Transport type]=$D$34), Table_Fuel_EFs_Transport[Scope 1 Emission Factor (kg CO2 - e / GJ) CO2]), 0)} -> 67 | I34: {=IFERROR(_xlfn.XLOOKUP(1, (Table_Fuel_EFs_Transport[Fuel combusted]=$E34)*(Table_Fuel_EFs_Transport[Transport type]=$D$34), Table_Fuel_EFs_Transport[Scope 1 Emission Factor (kg CO2 - e / GJ) CH4]), 0)} -> 0.06 | J34: {=IFERROR(_xlfn.XLOOKUP(1, (Table_Fuel_EFs_Transport[Fuel combusted]=$E34)*(Table_Fuel_EFs_Transport[Transport type]=$D$34), Table_Fuel_EFs_Transport[Scope 1 Emission Factor (kg CO2 - e / GJ) N2O]), 0)} -> 0.6 | K34: {=IFERROR(_xlfn.XLOOKUP(1, (Table_Fuel_EFs_Transport[Fuel combusted]=$E34)*(Table_Fuel_EFs_Transport[Transport type]=$D$25), Table_Fuel_EFs_Transport[Scope 3 Emission Factor (kg CO2 - e / GJ)]), 0)} -> 0 | L34: {=Fuel_InputFunctions.Fuel_TotalConsumption(Table_Input_Fuel[Amount consumed], Table_Input_Fuel[Fuel use (select)], D34, Table_Input_Fuel[Fuel type (select)],F34)} -> 0 | M34: {=Common_InputFunctions.Utility_LookupValueInTable(F34,Table_FuelTypes_Units[Fuel type],Table_FuelTypes_Units[Unit])} -> kL | N34: =((($L34 * $G34 * $H34) * 10 ^ -3)) -> 0 | O34: =((($L34 * $G34 * $I34) * 10 ^ -3)) -> 0 | P34: =((($L34 * $G34 * $J34) * 10 ^ -3)) -> 0 | Q34: =((L34 * G34 * K34) * 10 ^ -3) -> 0
D35: =$D$34 -> Aviation | E35: ='Constants - Fuel'!$E$29 -> Kerosene for use as fuel in an aircraft | F35: ='Constants - Fuel'!$F$132 -> Jet A1, Jet B | G35: {=IFERROR(_xlfn.XLOOKUP(1, (Table_Fuel_EFs_Transport[Fuel combusted]=$E35)*(Table_Fuel_EFs_Transport[Transport type]=$D$34), Table_Fuel_EFs_Transport[Energy Content Factor (GJ per unit of fuel)]), 0)} -> 36.8 | H35: {=IFERROR(_xlfn.XLOOKUP(1, (Table_Fuel_EFs_Transport[Fuel combusted]=$E35)*(Table_Fuel_EFs_Transport[Transport type]=$D$34), Table_Fuel_EFs_Transport[Scope 1 Emission Factor (kg CO2 - e / GJ) CO2]), 0)} -> 69.6 | I35: {=IFERROR(_xlfn.XLOOKUP(1, (Table_Fuel_EFs_Transport[Fuel combusted]=$E35)*(Table_Fuel_EFs_Transport[Transport type]=$D$34), Table_Fuel_EFs_Transport[Scope 1 Emission Factor (kg CO2 - e / GJ) CH4]), 0)} -> 0.01 | J35: {=IFERROR(_xlfn.XLOOKUP(1, (Table_Fuel_EFs_Transport[Fuel combusted]=$E35)*(Table_Fuel_EFs_Transport[Transport type]=$D$34), Table_Fuel_EFs_Transport[Scope 1 Emission Factor (kg CO2 - e / GJ) N2O]), 0)} -> 0.6 | K35: {=IFERROR(_xlfn.XLOOKUP(1, (Table_Fuel_EFs_Transport[Fuel combusted]=$E35)*(Table_Fuel_EFs_Transport[Transport type]=$D$25), Table_Fuel_EFs_Transport[Scope 3 Emission Factor (kg CO2 - e / GJ)]), 0)} -> 0 | L35: {=Fuel_InputFunctions.Fuel_TotalConsumption(Table_Input_Fuel[Amount consumed], Table_Input_Fuel[Fuel use (select)], D35, Table_Input_Fuel[Fuel type (select)],F35)} -> 0 | M35: {=Common_InputFunctions.Utility_LookupValueInTable(F35,Table_FuelTypes_Units[Fuel type],Table_FuelTypes_Units[Unit])} -> kL | N35: =((($L35 * $G35 * $H35) * 10 ^ -3)) -> 0 | O35: =((($L35 * $G35 * $I35) * 10 ^ -3)) -> 0 | P35: =((($L35 * $G35 * $J35) * 10 ^ -3)) -> 0 | Q35: =((L35 * G35 * K35) * 10 ^ -3) -> 0
D36: =$D$34 -> Aviation | E36: ='Constants - Fuel'!$E$30 -> Renewable aviation kerosene | F36: ='Constants - Fuel'!$F$133 -> Renewable aviation kerosene | G36: {=IFERROR(_xlfn.XLOOKUP(1, (Table_Fuel_EFs_Transport[Fuel combusted]=$E36)*(Table_Fuel_EFs_Transport[Transport type]=$D$34), Table_Fuel_EFs_Transport[Energy Content Factor (GJ per unit of fuel)]), 0)} -> 36.8 | H36: {=IFERROR(_xlfn.XLOOKUP(1, (Table_Fuel_EFs_Transport[Fuel combusted]=$E36)*(Table_Fuel_EFs_Transport[Transport type]=$D$34), Table_Fuel_EFs_Transport[Scope 1 Emission Factor (kg CO2 - e / GJ) CO2]), 0)} -> 0 | I36: {=IFERROR(_xlfn.XLOOKUP(1, (Table_Fuel_EFs_Transport[Fuel combusted]=$E36)*(Table_Fuel_EFs_Transport[Transport type]=$D$34), Table_Fuel_EFs_Transport[Scope 1 Emission Factor (kg CO2 - e / GJ) CH4]), 0)} -> 0.01 | J36: {=IFERROR(_xlfn.XLOOKUP(1, (Table_Fuel_EFs_Transport[Fuel combusted]=$E36)*(Table_Fuel_EFs_Transport[Transport type]=$D$34), Table_Fuel_EFs_Transport[Scope 1 Emission Factor (kg CO2 - e / GJ) N2O]), 0)} -> 0.6 | K36: {=IFERROR(_xlfn.XLOOKUP(1, (Table_Fuel_EFs_Transport[Fuel combusted]=$E36)*(Table_Fuel_EFs_Transport[Transport type]=$D$25), Table_Fuel_EFs_Transport[Scope 3 Emission Factor (kg CO2 - e / GJ)]), 0)} -> 0 | L36: {=Fuel_InputFunctions.Fuel_TotalConsumption(Table_Input_Fuel[Amount consumed], Table_Input_Fuel[Fuel use (select)], D36, Table_Input_Fuel[Fuel type (select)],F36)} -> 0 | M36: {=Common_InputFunctions.Utility_LookupValueInTable(F36,Table_FuelTypes_Units[Fuel type],Table_FuelTypes_Units[Unit])} -> kL | N36: =((($L36 * $G36 * $H36) * 10 ^ -3)) -> 0 | O36: =((($L36 * $G36 * $I36) * 10 ^ -3)) -> 0 | P36: =((($L36 * $G36 * $J36) * 10 ^ -3)) -> 0 | Q36: =((L36 * G36 * K36) * 10 ^ -3) -> 0
A37: =HYPERLINK("#A1", "▲ Back to top") -> ▲ Back to top | D37: =Table_FuelTypesPerUse[[#Headers],[Vessels]] -> Vessels | E37: ='Constants - Fuel'!$E$10 -> Gasoline | F37: ='Constants - Fuel'!$I$131 -> Petrol | G37: {=IFERROR(_xlfn.XLOOKUP(1, (Table_Fuel_EFs_Transport[Fuel combusted]=$E37)*(Table_Fuel_EFs_Transport[Transport type]=$D$37), Table_Fuel_EFs_Transport[Energy Content Factor (GJ per unit of fuel)]), 0)} -> 34.2 | H37: {=IFERROR(_xlfn.XLOOKUP(1, (Table_Fuel_EFs_Transport[Fuel combusted]=$E37)*(Table_Fuel_EFs_Transport[Transport type]=$D$37), Table_Fuel_EFs_Transport[Scope 1 Emission Factor (kg CO2 - e / GJ) CO2]), 0)} -> 67.4 | I37: {=IFERROR(_xlfn.XLOOKUP(1, (Table_Fuel_EFs_Transport[Fuel combusted]=$E37)*(Table_Fuel_EFs_Transport[Transport type]=$D$37), Table_Fuel_EFs_Transport[Scope 1 Emission Factor (kg CO2 - e / GJ) CH4]), 0)} -> 10.1 | J37: {=IFERROR(_xlfn.XLOOKUP(1, (Table_Fuel_EFs_Transport[Fuel combusted]=$E37)*(Table_Fuel_EFs_Transport[Transport type]=$D$37), Table_Fuel_EFs_Transport[Scope 1 Emission Factor (kg CO2 - e / GJ) N2O]), 0)} -> 0.3 | K37: {=IFERROR(_xlfn.XLOOKUP(1, (Table_Fuel_EFs_Transport[Fuel combusted]=$E37)*(Table_Fuel_EFs_Transport[Transport type]=$D$25), Table_Fuel_EFs_Transport[Scope 3 Emission Factor (kg CO2 - e / GJ)]), 0)} -> 0 | L37: {=Fuel_InputFunctions.Fuel_TotalConsumption(Table_Input_Fuel[Amount consumed], Table_Input_Fuel[Fuel use (select)], D37, Table_Input_Fuel[Fuel type (select)],F37)} -> 0 | M37: {=Common_InputFunctions.Utility_LookupValueInTable(F37,Table_FuelTypes_Units[Fuel type],Table_FuelTypes_Units[Unit])} -> kL | N37: =((($L37 * $G37 * $H37) * 10 ^ -3)) -> 0 | O37: =((($L37 * $G37 * $I37) * 10 ^ -3)) -> 0 | P37: =((($L37 * $G37 * $J37) * 10 ^ -3)) -> 0 | Q37: =((L37 * G37 * K37) * 10 ^ -3) -> 0
D38: =$D$37 -> Vessels | E38: ='Constants - Fuel'!$E$11 -> Diesel oil | F38: ='Constants - Fuel'!$I$132 -> Diesel | G38: {=IFERROR(_xlfn.XLOOKUP(1, (Table_Fuel_EFs_Transport[Fuel combusted]=$E38)*(Table_Fuel_EFs_Transport[Transport type]=$D$37), Table_Fuel_EFs_Transport[Energy Content Factor (GJ per unit of fuel)]), 0)} -> 38.6 | H38: {=IFERROR(_xlfn.XLOOKUP(1, (Table_Fuel_EFs_Transport[Fuel combusted]=$E38)*(Table_Fuel_EFs_Transport[Transport type]=$D$37), Table_Fuel_EFs_Transport[Scope 1 Emission Factor (kg CO2 - e / GJ) CO2]), 0)} -> 69.9 | I38: {=IFERROR(_xlfn.XLOOKUP(1, (Table_Fuel_EFs_Transport[Fuel combusted]=$E38)*(Table_Fuel_EFs_Transport[Transport type]=$D$37), Table_Fuel_EFs_Transport[Scope 1 Emission Factor (kg CO2 - e / GJ) CH4]), 0)} -> 0.2 | J38: {=IFERROR(_xlfn.XLOOKUP(1, (Table_Fuel_EFs_Transport[Fuel combusted]=$E38)*(Table_Fuel_EFs_Transport[Transport type]=$D$37), Table_Fuel_EFs_Transport[Scope 1 Emission Factor (kg CO2 - e / GJ) N2O]), 0)} -> 0.5 | K38: {=IFERROR(_xlfn.XLOOKUP(1, (Table_Fuel_EFs_Transport[Fuel combusted]=$E38)*(Table_Fuel_EFs_Transport[Transport type]=$D$25), Table_Fuel_EFs_Transport[Scope 3 Emission Factor (kg CO2 - e / GJ)]), 0)} -> 0 | L38: {=Fuel_InputFunctions.Fuel_TotalConsumption(Table_Input_Fuel[Amount consumed], Table_Input_Fuel[Fuel use (select)], D38, Table_Input_Fuel[Fuel type (select)],F38)} -> 0 | M38: {=Common_InputFunctions.Utility_LookupValueInTable(F38,Table_FuelTypes_Units[Fuel type],Table_FuelTypes_Units[Unit])} -> kL | N38: =((($L38 * $G38 * $H38) * 10 ^ -3)) -> 0 | O38: =((($L38 * $G38 * $I38) * 10 ^ -3)) -> 0 | P38: =((($L38 * $G38 * $J38) * 10 ^ -3)) -> 0 | Q38: =((L38 * G38 * K38) * 10 ^ -3) -> 0
D39: =$D$37 -> Vessels | E39: ='Constants - Fuel'!E33 -> Fuel Oil | F39: ='Constants - Fuel'!$I$133 -> Fuel oil | G39: {=IFERROR(_xlfn.XLOOKUP(1, (Table_Fuel_EFs_Transport[Fuel combusted]=$E39)*(Table_Fuel_EFs_Transport[Transport type]=$D$37), Table_Fuel_EFs_Transport[Energy Content Factor (GJ per unit of fuel)]), 0)} -> 39.7 | H39: {=IFERROR(_xlfn.XLOOKUP(1, (Table_Fuel_EFs_Transport[Fuel combusted]=$E39)*(Table_Fuel_EFs_Transport[Transport type]=$D$37), Table_Fuel_EFs_Transport[Scope 1 Emission Factor (kg CO2 - e / GJ) CO2]), 0)} -> 73.6 | I39: {=IFERROR(_xlfn.XLOOKUP(1, (Table_Fuel_EFs_Transport[Fuel combusted]=$E39)*(Table_Fuel_EFs_Transport[Transport type]=$D$37), Table_Fuel_EFs_Transport[Scope 1 Emission Factor (kg CO2 - e / GJ) CH4]), 0)} -> 0.2 | J39: {=IFERROR(_xlfn.XLOOKUP(1, (Table_Fuel_EFs_Transport[Fuel combusted]=$E39)*(Table_Fuel_EFs_Transport[Transport type]=$D$37), Table_Fuel_EFs_Transport[Scope 1 Emission Factor (kg CO2 - e / GJ) N2O]), 0)} -> 0.5 | K39: {=IFERROR(_xlfn.XLOOKUP(1, (Table_Fuel_EFs_Transport[Fuel combusted]=$E39)*(Table_Fuel_EFs_Transport[Transport type]=$D$25), Table_Fuel_EFs_Transport[Scope 3 Emission Factor (kg CO2 - e / GJ)]), 0)} -> 0 | L39: {=Fuel_InputFunctions.Fuel_TotalConsumption(Table_Input_Fuel[Amount consumed], Table_Input_Fuel[Fuel use (select)], D39, Table_Input_Fuel[Fuel type (select)],F39)} -> 0 | M39: {=Common_InputFunctions.Utility_LookupValueInTable(F39,Table_FuelTypes_Units[Fuel type],Table_FuelTypes_Units[Unit])} -> kL | N39: =((($L39 * $G39 * $H39) * 10 ^ -3)) -> 0 | O39: =((($L39 * $G39 * $I39) * 10 ^ -3)) -> 0 | P39: =((($L39 * $G39 * $J39) * 10 ^ -3)) -> 0 | Q39: =((L39 * G39 * K39) * 10 ^ -3) -> 0
D42: ="Total scope 1 - " & D25 -> Total scope 1 - from the use of a limited number of NGER data inputs. It is suggested that for Tasmania the use of the Victorian emission factors is appropriate,
D43: CO2 | E43: =SUM(N25:N32) -> 0 | F43: =$E$12 -> t CO2-e
D44: CH4 | E44: =SUM(O25:O32) -> 0 | F44: =$E$12 -> t CO2-e
D45: N2O | E45: =SUM(P25:P32) -> 0 | F45: =$E$12 -> t CO2-e
D46: Scope 3 | E46: =SUM(Q25:Q32) -> 0 | F46: =$E$12 -> t CO2-e
D48: ="Total scope 1 - " & D33 -> Total scope 1 - Off-road Agriculture and forestry equipment
D49: CO2 | E49: =SUM(N33:N33) -> 0 | F49: =$E$12 -> t CO2-e
D50: CH4 | E50: =SUM(O33:O33) -> 0 | F50: =$E$12 -> t CO2-e
D51: N2O | E51: =SUM(P33:P33) -> 0 | F51: =$E$12 -> t CO2-e
D52: Scope 3 | E52: =SUM(Q33) -> 0 | F52: =$E$12 -> t CO2-e
D54: ="Total scope 1 - " & D34 -> Total scope 1 - Aviation
D55: CO2 | E55: =SUM(N34:N36) -> 0 | F55: =$E$12 -> t CO2-e
D56: CH4 | E56: =SUM(O34:O36) -> 0 | F56: =$E$12 -> t CO2-e
D57: N2O | E57: =SUM(P34:P36) -> 0 | F57: =$E$12 -> t CO2-e
D58: Scope 3 | E58: =SUM(Q34:Q36) -> 0 | F58: =$E$12 -> t CO2-e
D60: ="Total scope 1 - " & D37 -> Total scope 1 - Vessels
D61: CO2 | E61: =SUM(N37:N39) -> 0 | F61: =$E$12 -> t CO2-e
D62: CH4 | E62: =SUM(O37:O39) -> 0 | F62: =$E$12 -> t CO2-e
D63: N2O | E63: =SUM(P37:P39) -> 0 | F63: =$E$12 -> t CO2-e
D64: Scope 3 | E64: =SUM(Q37:Q39) -> 0 | F64: =$E$12 -> t CO2-e
D66: Total sope 1 - All transport fuel combustion
D67: CO2 | E67: =E43+E49+E55+E61 -> 0 | F67: =$E$12 -> t CO2-e
D68: CH4 | E68: =E44+E50+E56+E62 -> 0 | F68: =$E$12 -> t CO2-e
A69: =HYPERLINK("#A1", "▲ Back to top") -> ▲ Back to top | D69: N2O | E69: =E45+E51+E57+E63 -> 0 | F69: =$E$12 -> t CO2-e
D70: Scope 3 | E70: =E46+E52+E58+E64 -> 0 | F70: =$E$12 -> t CO2-e
A83: =HYPERLINK("#A1", "▲ Back to top") -> ▲ Back to top

Sheet 8.2.1.1-2 Stationary fuel
A1: #VALUE! | C1: 8.2.1.1-2 Stationary fuel combustion
A3: =HYPERLINK("#'Home'!A1", "Home") -> Home | D3: Method 1
A4: =HYPERLINK("#'Overview'!A1", "Overview") -> Overview
A5: =HYPERLINK("#'Results'!A1", "Results") -> Results | D5: Emissions for each GHG from the stationary combustion of fuels | K5: Upstream emissions from scope 1 stationary combustion fuel use
D6: VEERG 2026: 8.2.1.1, Equation (1) | K6: VEERG 2026: 15.11.1.1, Equation (3)
A7: INPUTS | K7: VARIATION ON SOURCE: Added 'state' and 'metro/non-metro' arguments as gaseous scope 3 EFs are state and metro/non-metro location-based.
A8: =HYPERLINK("#'Input - Fuel'!A1", "Fuel") -> Fuel
A10: CALCULATIONS
A11: =HYPERLINK("#'8.1.1.1-2 Transport fuel'!A1", "8.1.1.1-2 Transport fuel") -> 8.1.1.1-2 Transport fuel | D11: Variable | E11: E_g | K11: Variable | L11: E_WTTSCq
A12: =HYPERLINK("#'8.2.1.1-2 Stationary fuel'!A1", "8.2.1.1-2 Stationary fuel") -> 8.2.1.1-2 Stationary fuel | D12: Unit | E12: t CO2-e | K12: Unit | L12: t CO2e
A13: =HYPERLINK("#'8.X.1.1-2 General use fuel'!A1", "8.X.1.1-2 General use fuel") -> 8.X.1.1-2 General use fuel
D14: Q_SCq | E14: Amount of fuel type q used for stationary combustion operations | G14: Varies based on fuel type: kL, m3, GJ | H14: Input | I14: {=HYPERLINK(Common_InputFunctions.Utility_SourceHyperlink($D$22), $D$22)} -> Table_E_g | K14: Q_SCq | L14: amount of fuel q used for stationary combustion operations | N14: kL | O14: Input | P14: {=HYPERLINK(Common_InputFunctions.Utility_SourceHyperlink($D$22), $D$22)} -> Table_E_g
A15: APPENDICES | D15: EC_SCq | E15: Energy content factor for stationary combustion operations | G15: GJ / unit of fuel | H15: Constant | I15: {=HYPERLINK(Common_InputFunctions.Utility_SourceHyperlink($D$22), $D$22)} -> Table_E_g | K15: EC_SCq | L15: energy content factor for stationary combustion operations | N15: GJ/kL | O15: Constant | P15: {=HYPERLINK(Common_InputFunctions.Utility_SourceHyperlink($D$22), $D$22)} -> Table_E_g
A16: =HYPERLINK("#'Constants - Fuel'!A1", "Constants - Fuel") -> Constants - Fuel | D16: EF_SC1qg | E16: Scope 1 emission factor for stationary combustion for each greenhouse gas | G16: kg CO2e / GJ | H16: Constant | I16: {=HYPERLINK(Common_InputFunctions.Utility_SourceHyperlink($D$22), $D$22)} -> Table_E_g | K16: EF_SC3q | L16: scope 3 emission factor for stationary combustion operations | N16: kg CO2e/GJ | O16: Constant | P16: {=HYPERLINK(Common_InputFunctions.Utility_SourceHyperlink($D$22), $D$22)} -> Table_E_g
A17: =HYPERLINK("#'Constants - Common'!A1", "Constants - Common") -> Constants - Common | D17: q | E17: Fuel type | H17: Constant | K17: i | L17: state | O17: Input | P17: ='Input - Site'!$E$21 -> Western Australia
D18: SC | E18: Stationary combustion | H18: Constant | K18: m | L18: metropolitan/non-metropolitan location | O18: Input | P18: ='Input - Fuel'!E11 -> Metro
D19: g | E19: Greenhouse gas | H19: Constant
D20: 1 | E20: Scope 1 | H20: Constant
D22: Table_E_g
D23: Emissions for stationary fuel combustion
D24: Fuel use | E24: Fuel type (NGAF terminology) | F24: Fuel type (q) | G24: ECSC,q | H24: EFSC,1,q,g=CO2 | I24: EFSC,1,q,g=CH4 | J24: EFSC,1,q,g=N20 | K24: EFSC,3,q | L24: QSC,q | M24: Q unit | N24: Eg=CO2 | O24: Eg=CH4 | P24: Eg=N20 | Q24: EWTT,SC,q=N20
D25: =Table_FuelTypesPerUse[[#Headers],[Generators]] -> Generators | E25: ='Constants - Fuel'!$D$58 -> Automotive gasoline / petrol (other than for use as fuel in an aircraft) | F25: ='Constants - Fuel'!D131 -> Petrol | G25: =IFERROR(_xlfn.XLOOKUP($E25, Table_Fuel_EFs_StationaryLiquid[Fuel combusted], Table_Fuel_EFs_StationaryLiquid[Energy Content Factor (GJ per unit of fuel)]),0) -> 34.2 | H25: =IFERROR(_xlfn.XLOOKUP($E25, Table_Fuel_EFs_StationaryLiquid[Fuel combusted], Table_Fuel_EFs_StationaryLiquid[Scope 1 Emission Factor (kg CO2 - e / GJ) CO2]),0) -> 67.4 | I25: =IFERROR(_xlfn.XLOOKUP($E25, Table_Fuel_EFs_StationaryLiquid[Fuel combusted], Table_Fuel_EFs_StationaryLiquid[Scope 1 Emission Factor (kg CO2 - e / GJ) CH4]),0) -> 0.2 | J25: =IFERROR(_xlfn.XLOOKUP($E25, Table_Fuel_EFs_StationaryLiquid[Fuel combusted], Table_Fuel_EFs_StationaryLiquid[Scope 1 Emission Factor (kg CO2 - e / GJ) N2O]),0) -> 0.2 | K25: =IFERROR(_xlfn.XLOOKUP($E25, Table_Fuel_EFs_StationaryLiquid[Fuel combusted], Table_Fuel_EFs_StationaryLiquid[Scope 3 Emission Factor (kg CO2 - e / GJ)]),0) -> 17.2 | L25: {=Fuel_InputFunctions.Fuel_TotalConsumption(Table_Input_Fuel[Amount consumed], Table_Input_Fuel[Fuel use (select)], D25, Table_Input_Fuel[Fuel type (select)],F25)} -> 0 | M25: {=Common_InputFunctions.Utility_LookupValueInTable(F25,Table_FuelTypes_Units[Fuel type],Table_FuelTypes_Units[Unit])} -> kL | N25: =((($L25 * $G25 * H25) * 10 ^ -3)) -> 0 | O25: =((($L25 * $G25 * I25) * 10 ^ -3)) -> 0 | P25: =((($L25 * $G25 * J25) * 10 ^ -3)) -> 0 | Q25: =((($L25 * $G25 * ((IF(ISNUMBER(K25), K25, 0)))) * 10 ^ -3)) -> 0
D26: =$D$25 -> Generators | E26: ='Constants - Fuel'!$D$63 -> Diesel oil | F26: ='Constants - Fuel'!D132 -> Diesel | G26: =IFERROR(_xlfn.XLOOKUP($E26, Table_Fuel_EFs_StationaryLiquid[Fuel combusted], Table_Fuel_EFs_StationaryLiquid[Energy Content Factor (GJ per unit of fuel)]),0) -> 38.6 | H26: =IFERROR(_xlfn.XLOOKUP($E26, Table_Fuel_EFs_StationaryLiquid[Fuel combusted], Table_Fuel_EFs_StationaryLiquid[Scope 1 Emission Factor (kg CO2 - e / GJ) CO2]),0) -> 69.9 | I26: =IFERROR(_xlfn.XLOOKUP($E26, Table_Fuel_EFs_StationaryLiquid[Fuel combusted], Table_Fuel_EFs_StationaryLiquid[Scope 1 Emission Factor (kg CO2 - e / GJ) CH4]),0) -> 0.1 | J26: =IFERROR(_xlfn.XLOOKUP($E26, Table_Fuel_EFs_StationaryLiquid[Fuel combusted], Table_Fuel_EFs_StationaryLiquid[Scope 1 Emission Factor (kg CO2 - e / GJ) N2O]),0) -> 0.2 | K26: =IFERROR(_xlfn.XLOOKUP($E26, Table_Fuel_EFs_StationaryLiquid[Fuel combusted], Table_Fuel_EFs_StationaryLiquid[Scope 3 Emission Factor (kg CO2 - e / GJ)]),0) -> 17.3 | L26: {=Fuel_InputFunctions.Fuel_TotalConsumption(Table_Input_Fuel[Amount consumed], Table_Input_Fuel[Fuel use (select)], D26, Table_Input_Fuel[Fuel type (select)],F26)} -> 0 | M26: {=Common_InputFunctions.Utility_LookupValueInTable(F26,Table_FuelTypes_Units[Fuel type],Table_FuelTypes_Units[Unit])} -> kL | N26: =((($L26 * $G26 * H26) * 10 ^ -3)) -> 0 | O26: =((($L26 * $G26 * I26) * 10 ^ -3)) -> 0 | P26: =((($L26 * $G26 * J26) * 10 ^ -3)) -> 0 | Q26: =((($L26 * $G26 * ((IF(ISNUMBER(K26), K26, 0)))) * 10 ^ -3)) -> 0
D27: =$D$25 -> Generators | E27: ='Constants - Fuel'!$D$67 -> Liquefied petroleum gas (LPG) | F27: ='Constants - Fuel'!D133 -> Liquefied petroleum gas (LPG) | G27: =IFERROR(_xlfn.XLOOKUP($E27, Table_Fuel_EFs_StationaryLiquid[Fuel combusted], Table_Fuel_EFs_StationaryLiquid[Energy Content Factor (GJ per unit of fuel)]),0) -> 25.7 | H27: =IFERROR(_xlfn.XLOOKUP($E27, Table_Fuel_EFs_StationaryLiquid[Fuel combusted], Table_Fuel_EFs_StationaryLiquid[Scope 1 Emission Factor (kg CO2 - e / GJ) CO2]),0) -> 60.2 | I27: =IFERROR(_xlfn.XLOOKUP($E27, Table_Fuel_EFs_StationaryLiquid[Fuel combusted], Table_Fuel_EFs_StationaryLiquid[Scope 1 Emission Factor (kg CO2 - e / GJ) CH4]),0) -> 0.2 | J27: =IFERROR(_xlfn.XLOOKUP($E27, Table_Fuel_EFs_StationaryLiquid[Fuel combusted], Table_Fuel_EFs_StationaryLiquid[Scope 1 Emission Factor (kg CO2 - e / GJ) N2O]),0) -> 0.2 | K27: =IFERROR(_xlfn.XLOOKUP($E27, Table_Fuel_EFs_StationaryLiquid[Fuel combusted], Table_Fuel_EFs_StationaryLiquid[Scope 3 Emission Factor (kg CO2 - e / GJ)]),0) -> 20.2 | L27: {=Fuel_InputFunctions.Fuel_TotalConsumption(Table_Input_Fuel[Amount consumed], Table_Input_Fuel[Fuel use (select)], D27, Table_Input_Fuel[Fuel type (select)],F27)} -> 0 | M27: {=Common_InputFunctions.Utility_LookupValueInTable(F27,Table_FuelTypes_Units[Fuel type],Table_FuelTypes_Units[Unit])} -> kL | N27: =((($L27 * $G27 * H27) * 10 ^ -3)) -> 0 | O27: =((($L27 * $G27 * I27) * 10 ^ -3)) -> 0 | P27: =((($L27 * $G27 * J27) * 10 ^ -3)) -> 0 | Q27: =((($L27 * $G27 * ((IF(ISNUMBER(K27), K27, 0)))) * 10 ^ -3)) -> 0
D28: =$D$25 -> Generators | E28: ='Constants - Fuel'!$D$73 -> Biodiesel | F28: ='Constants - Fuel'!D134 -> Biodiesel | G28: =IFERROR(_xlfn.XLOOKUP($E28, Table_Fuel_EFs_StationaryLiquid[Fuel combusted], Table_Fuel_EFs_StationaryLiquid[Energy Content Factor (GJ per unit of fuel)]),0) -> 34.6 | H28: =IFERROR(_xlfn.XLOOKUP($E28, Table_Fuel_EFs_StationaryLiquid[Fuel combusted], Table_Fuel_EFs_StationaryLiquid[Scope 1 Emission Factor (kg CO2 - e / GJ) CO2]),0) -> 0 | I28: =IFERROR(_xlfn.XLOOKUP($E28, Table_Fuel_EFs_StationaryLiquid[Fuel combusted], Table_Fuel_EFs_StationaryLiquid[Scope 1 Emission Factor (kg CO2 - e / GJ) CH4]),0) -> 0.08 | J28: =IFERROR(_xlfn.XLOOKUP($E28, Table_Fuel_EFs_StationaryLiquid[Fuel combusted], Table_Fuel_EFs_StationaryLiquid[Scope 1 Emission Factor (kg CO2 - e / GJ) N2O]),0) -> 0.2 | K28: =IFERROR(_xlfn.XLOOKUP($E28, Table_Fuel_EFs_StationaryLiquid[Fuel combusted], Table_Fuel_EFs_StationaryLiquid[Scope 3 Emission Factor (kg CO2 - e / GJ)]),0) -> NE | L28: {=Fuel_InputFunctions.Fuel_TotalConsumption(Table_Input_Fuel[Amount consumed], Table_Input_Fuel[Fuel use (select)], D28, Table_Input_Fuel[Fuel type (select)],F28)} -> 0 | M28: {=Common_InputFunctions.Utility_LookupValueInTable(F28,Table_FuelTypes_Units[Fuel type],Table_FuelTypes_Units[Unit])} -> kL | N28: =((($L28 * $G28 * H28) * 10 ^ -3)) -> 0 | O28: =((($L28 * $G28 * I28) * 10 ^ -3)) -> 0 | P28: =((($L28 * $G28 * J28) * 10 ^ -3)) -> 0 | Q28: =((($L28 * $G28 * ((IF(ISNUMBER(K28), K28, 0)))) * 10 ^ -3)) -> 0
D29: =$D$25 -> Generators | E29: ='Constants - Fuel'!$D$74 -> Ethanol for use as a fuel in an internal combustion engine | F29: ='Constants - Fuel'!D135 -> Ethanol | G29: =IFERROR(_xlfn.XLOOKUP($E29, Table_Fuel_EFs_StationaryLiquid[Fuel combusted], Table_Fuel_EFs_StationaryLiquid[Energy Content Factor (GJ per unit of fuel)]),0) -> 23.4 | H29: =IFERROR(_xlfn.XLOOKUP($E29, Table_Fuel_EFs_StationaryLiquid[Fuel combusted], Table_Fuel_EFs_StationaryLiquid[Scope 1 Emission Factor (kg CO2 - e / GJ) CO2]),0) -> 0 | I29: =IFERROR(_xlfn.XLOOKUP($E29, Table_Fuel_EFs_StationaryLiquid[Fuel combusted], Table_Fuel_EFs_StationaryLiquid[Scope 1 Emission Factor (kg CO2 - e / GJ) CH4]),0) -> 0.08 | J29: =IFERROR(_xlfn.XLOOKUP($E29, Table_Fuel_EFs_StationaryLiquid[Fuel combusted], Table_Fuel_EFs_StationaryLiquid[Scope 1 Emission Factor (kg CO2 - e / GJ) N2O]),0) -> 0.2 | K29: =IFERROR(_xlfn.XLOOKUP($E29, Table_Fuel_EFs_StationaryLiquid[Fuel combusted], Table_Fuel_EFs_StationaryLiquid[Scope 3 Emission Factor (kg CO2 - e / GJ)]),0) -> NE | L29: {=Fuel_InputFunctions.Fuel_TotalConsumption(Table_Input_Fuel[Amount consumed], Table_Input_Fuel[Fuel use (select)], D29, Table_Input_Fuel[Fuel type (select)],F29)} -> 0 | M29: {=Common_InputFunctions.Utility_LookupValueInTable(F29,Table_FuelTypes_Units[Fuel type],Table_FuelTypes_Units[Unit])} -> kL | N29: =((($L29 * $G29 * H29) * 10 ^ -3)) -> 0 | O29: =((($L29 * $G29 * I29) * 10 ^ -3)) -> 0 | P29: =((($L29 * $G29 * J29) * 10 ^ -3)) -> 0 | Q29: =((($L29 * $G29 * ((IF(ISNUMBER(K29), K29, 0)))) * 10 ^ -3)) -> 0
D30: =$D$25 -> Generators | E30: ='Constants - Fuel'!$D$75 -> Biofuels other than those mentioned in the items above and below | F30: ='Constants - Fuel'!D136 -> Other biofuels | G30: =IFERROR(_xlfn.XLOOKUP($E30, Table_Fuel_EFs_StationaryLiquid[Fuel combusted], Table_Fuel_EFs_StationaryLiquid[Energy Content Factor (GJ per unit of fuel)]),0) -> 23.4 | H30: =IFERROR(_xlfn.XLOOKUP($E30, Table_Fuel_EFs_StationaryLiquid[Fuel combusted], Table_Fuel_EFs_StationaryLiquid[Scope 1 Emission Factor (kg CO2 - e / GJ) CO2]),0) -> 0 | I30: =IFERROR(_xlfn.XLOOKUP($E30, Table_Fuel_EFs_StationaryLiquid[Fuel combusted], Table_Fuel_EFs_StationaryLiquid[Scope 1 Emission Factor (kg CO2 - e / GJ) CH4]),0) -> 0.08 | J30: =IFERROR(_xlfn.XLOOKUP($E30, Table_Fuel_EFs_StationaryLiquid[Fuel combusted], Table_Fuel_EFs_StationaryLiquid[Scope 1 Emission Factor (kg CO2 - e / GJ) N2O]),0) -> 0.2 | K30: =IFERROR(_xlfn.XLOOKUP($E30, Table_Fuel_EFs_StationaryLiquid[Fuel combusted], Table_Fuel_EFs_StationaryLiquid[Scope 3 Emission Factor (kg CO2 - e / GJ)]),0) -> NE | L30: {=Fuel_InputFunctions.Fuel_TotalConsumption(Table_Input_Fuel[Amount consumed], Table_Input_Fuel[Fuel use (select)], D30, Table_Input_Fuel[Fuel type (select)],F30)} -> 0 | M30: {=Common_InputFunctions.Utility_LookupValueInTable(F30,Table_FuelTypes_Units[Fuel type],Table_FuelTypes_Units[Unit])} -> kL | N30: =((($L30 * $G30 * H30) * 10 ^ -3)) -> 0 | O30: =((($L30 * $G30 * I30) * 10 ^ -3)) -> 0 | P30: =((($L30 * $G30 * J30) * 10 ^ -3)) -> 0 | Q30: =((($L30 * $G30 * ((IF(ISNUMBER(K30), K30, 0)))) * 10 ^ -3)) -> 0
D31: =$D$25 -> Generators | E31: ='Constants - Fuel'!$D$77 -> Renewable diesel | F31: ='Constants - Fuel'!D137 -> Renewable diesel | G31: =IFERROR(_xlfn.XLOOKUP($E31, Table_Fuel_EFs_StationaryLiquid[Fuel combusted], Table_Fuel_EFs_StationaryLiquid[Energy Content Factor (GJ per unit of fuel)]),0) -> 38.6 | H31: =IFERROR(_xlfn.XLOOKUP($E31, Table_Fuel_EFs_StationaryLiquid[Fuel combusted], Table_Fuel_EFs_StationaryLiquid[Scope 1 Emission Factor (kg CO2 - e / GJ) CO2]),0) -> 0 | I31: =IFERROR(_xlfn.XLOOKUP($E31, Table_Fuel_EFs_StationaryLiquid[Fuel combusted], Table_Fuel_EFs_StationaryLiquid[Scope 1 Emission Factor (kg CO2 - e / GJ) CH4]),0) -> 0.1 | J31: =IFERROR(_xlfn.XLOOKUP($E31, Table_Fuel_EFs_StationaryLiquid[Fuel combusted], Table_Fuel_EFs_StationaryLiquid[Scope 1 Emission Factor (kg CO2 - e / GJ) N2O]),0) -> 0.2 | K31: =IFERROR(_xlfn.XLOOKUP($E31, Table_Fuel_EFs_StationaryLiquid[Fuel combusted], Table_Fuel_EFs_StationaryLiquid[Scope 3 Emission Factor (kg CO2 - e / GJ)]),0) -> NE | L31: {=Fuel_InputFunctions.Fuel_TotalConsumption(Table_Input_Fuel[Amount consumed], Table_Input_Fuel[Fuel use (select)], D31, Table_Input_Fuel[Fuel type (select)],F31)} -> 0 | M31: {=Common_InputFunctions.Utility_LookupValueInTable(F31,Table_FuelTypes_Units[Fuel type],Table_FuelTypes_Units[Unit])} -> kL | N31: =((($L31 * $G31 * H31) * 10 ^ -3)) -> 0 | O31: =((($L31 * $G31 * I31) * 10 ^ -3)) -> 0 | P31: =((($L31 * $G31 * J31) * 10 ^ -3)) -> 0 | Q31: =((($L31 * $G31 * ((IF(ISNUMBER(K31), K31, 0)))) * 10 ^ -3)) -> 0
D32: =Table_FuelTypesPerUse[[#Headers],[Power standalone machinery or heating]] -> Power standalone machinery or heating | E32: ='Constants - Fuel'!$D$58 -> Automotive gasoline / petrol (other than for use as fuel in an aircraft) | F32: ='Constants - Fuel'!E131 -> Petrol | G32: =IFERROR(_xlfn.XLOOKUP($E32, Table_Fuel_EFs_StationaryLiquid[Fuel combusted], Table_Fuel_EFs_StationaryLiquid[Energy Content Factor (GJ per unit of fuel)]),0) -> 34.2 | H32: =IFERROR(_xlfn.XLOOKUP($E32, Table_Fuel_EFs_StationaryLiquid[Fuel combusted], Table_Fuel_EFs_StationaryLiquid[Scope 1 Emission Factor (kg CO2 - e / GJ) CO2]),0) -> 67.4 | I32: =IFERROR(_xlfn.XLOOKUP($E32, Table_Fuel_EFs_StationaryLiquid[Fuel combusted], Table_Fuel_EFs_StationaryLiquid[Scope 1 Emission Factor (kg CO2 - e / GJ) CH4]),0) -> 0.2 | J32: =IFERROR(_xlfn.XLOOKUP($E32, Table_Fuel_EFs_StationaryLiquid[Fuel combusted], Table_Fuel_EFs_StationaryLiquid[Scope 1 Emission Factor (kg CO2 - e / GJ) N2O]),0) -> 0.2 | K32: =IFERROR(_xlfn.XLOOKUP($E32, Table_Fuel_EFs_StationaryLiquid[Fuel combusted], Table_Fuel_EFs_StationaryLiquid[Scope 3 Emission Factor (kg CO2 - e / GJ)]),0) -> 17.2 | L32: {=Fuel_InputFunctions.Fuel_TotalConsumption(Table_Input_Fuel[Amount consumed], Table_Input_Fuel[Fuel use (select)], D32, Table_Input_Fuel[Fuel type (select)],F32)} -> 0 | M32: {=Common_InputFunctions.Utility_LookupValueInTable(F32,Table_FuelTypes_Units[Fuel type],Table_FuelTypes_Units[Unit])} -> kL | N32: =((($L32 * $G32 * H32) * 10 ^ -3)) -> 0 | O32: =((($L32 * $G32 * I32) * 10 ^ -3)) -> 0 | P32: =((($L32 * $G32 * J32) * 10 ^ -3)) -> 0 | Q32: =((($L32 * $G32 * ((IF(ISNUMBER(K32), K32, 0)))) * 10 ^ -3)) -> 0
D33: =$D$32 -> Power standalone machinery or heating | E33: ='Constants - Fuel'!$D$63 -> Diesel oil | F33: ='Constants - Fuel'!E132 -> Diesel | G33: =IFERROR(_xlfn.XLOOKUP($E33, Table_Fuel_EFs_StationaryLiquid[Fuel combusted], Table_Fuel_EFs_StationaryLiquid[Energy Content Factor (GJ per unit of fuel)]),0) -> 38.6 | H33: =IFERROR(_xlfn.XLOOKUP($E33, Table_Fuel_EFs_StationaryLiquid[Fuel combusted], Table_Fuel_EFs_StationaryLiquid[Scope 1 Emission Factor (kg CO2 - e / GJ) CO2]),0) -> 69.9 | I33: =IFERROR(_xlfn.XLOOKUP($E33, Table_Fuel_EFs_StationaryLiquid[Fuel combusted], Table_Fuel_EFs_StationaryLiquid[Scope 1 Emission Factor (kg CO2 - e / GJ) CH4]),0) -> 0.1 | J33: =IFERROR(_xlfn.XLOOKUP($E33, Table_Fuel_EFs_StationaryLiquid[Fuel combusted], Table_Fuel_EFs_StationaryLiquid[Scope 1 Emission Factor (kg CO2 - e / GJ) N2O]),0) -> 0.2 | K33: =IFERROR(_xlfn.XLOOKUP($E33, Table_Fuel_EFs_StationaryLiquid[Fuel combusted], Table_Fuel_EFs_StationaryLiquid[Scope 3 Emission Factor (kg CO2 - e / GJ)]),0) -> 17.3 | L33: {=Fuel_InputFunctions.Fuel_TotalConsumption(Table_Input_Fuel[Amount consumed], Table_Input_Fuel[Fuel use (select)], D33, Table_Input_Fuel[Fuel type (select)],F33)} -> 0 | M33: {=Common_InputFunctions.Utility_LookupValueInTable(F33,Table_FuelTypes_Units[Fuel type],Table_FuelTypes_Units[Unit])} -> kL | N33: =((($L33 * $G33 * H33) * 10 ^ -3)) -> 0 | O33: =((($L33 * $G33 * I33) * 10 ^ -3)) -> 0 | P33: =((($L33 * $G33 * J33) * 10 ^ -3)) -> 0 | Q33: =((($L33 * $G33 * ((IF(ISNUMBER(K33), K33, 0)))) * 10 ^ -3)) -> 0
D34: =$D$32 -> Power standalone machinery or heating | E34: ='Constants - Fuel'!$D$67 -> Liquefied petroleum gas (LPG) | F34: ='Constants - Fuel'!E133 -> Liquefied petroleum gas (LPG) | G34: =IFERROR(_xlfn.XLOOKUP($E34, Table_Fuel_EFs_StationaryLiquid[Fuel combusted], Table_Fuel_EFs_StationaryLiquid[Energy Content Factor (GJ per unit of fuel)]),0) -> 25.7 | H34: =IFERROR(_xlfn.XLOOKUP($E34, Table_Fuel_EFs_StationaryLiquid[Fuel combusted], Table_Fuel_EFs_StationaryLiquid[Scope 1 Emission Factor (kg CO2 - e / GJ) CO2]),0) -> 60.2 | I34: =IFERROR(_xlfn.XLOOKUP($E34, Table_Fuel_EFs_StationaryLiquid[Fuel combusted], Table_Fuel_EFs_StationaryLiquid[Scope 1 Emission Factor (kg CO2 - e / GJ) CH4]),0) -> 0.2 | J34: =IFERROR(_xlfn.XLOOKUP($E34, Table_Fuel_EFs_StationaryLiquid[Fuel combusted], Table_Fuel_EFs_StationaryLiquid[Scope 1 Emission Factor (kg CO2 - e / GJ) N2O]),0) -> 0.2 | K34: =IFERROR(_xlfn.XLOOKUP($E34, Table_Fuel_EFs_StationaryLiquid[Fuel combusted], Table_Fuel_EFs_StationaryLiquid[Scope 3 Emission Factor (kg CO2 - e / GJ)]),0) -> 20.2 | L34: {=Fuel_InputFunctions.Fuel_TotalConsumption(Table_Input_Fuel[Amount consumed], Table_Input_Fuel[Fuel use (select)], D34, Table_Input_Fuel[Fuel type (select)],F34)} -> 0 | M34: {=Common_InputFunctions.Utility_LookupValueInTable(F34,Table_FuelTypes_Units[Fuel type],Table_FuelTypes_Units[Unit])} -> kL | N34: =((($L34 * $G34 * H34) * 10 ^ -3)) -> 0 | O34: =((($L34 * $G34 * I34) * 10 ^ -3)) -> 0 | P34: =((($L34 * $G34 * J34) * 10 ^ -3)) -> 0 | Q34: =((($L34 * $G34 * ((IF(ISNUMBER(K34), K34, 0)))) * 10 ^ -3)) -> 0
D35: =$D$32 -> Power standalone machinery or heating | E35: ='Constants - Fuel'!$D$73 -> Biodiesel | F35: ='Constants - Fuel'!E134 -> Biodiesel | G35: =IFERROR(_xlfn.XLOOKUP($E35, Table_Fuel_EFs_StationaryLiquid[Fuel combusted], Table_Fuel_EFs_StationaryLiquid[Energy Content Factor (GJ per unit of fuel)]),0) -> 34.6 | H35: =IFERROR(_xlfn.XLOOKUP($E35, Table_Fuel_EFs_StationaryLiquid[Fuel combusted], Table_Fuel_EFs_StationaryLiquid[Scope 1 Emission Factor (kg CO2 - e / GJ) CO2]),0) -> 0 | I35: =IFERROR(_xlfn.XLOOKUP($E35, Table_Fuel_EFs_StationaryLiquid[Fuel combusted], Table_Fuel_EFs_StationaryLiquid[Scope 1 Emission Factor (kg CO2 - e / GJ) CH4]),0) -> 0.08 | J35: =IFERROR(_xlfn.XLOOKUP($E35, Table_Fuel_EFs_StationaryLiquid[Fuel combusted], Table_Fuel_EFs_StationaryLiquid[Scope 1 Emission Factor (kg CO2 - e / GJ) N2O]),0) -> 0.2 | K35: =IFERROR(_xlfn.XLOOKUP($E35, Table_Fuel_EFs_StationaryLiquid[Fuel combusted], Table_Fuel_EFs_StationaryLiquid[Scope 3 Emission Factor (kg CO2 - e / GJ)]),0) -> NE | L35: {=Fuel_InputFunctions.Fuel_TotalConsumption(Table_Input_Fuel[Amount consumed], Table_Input_Fuel[Fuel use (select)], D35, Table_Input_Fuel[Fuel type (select)],F35)} -> 0 | M35: {=Common_InputFunctions.Utility_LookupValueInTable(F35,Table_FuelTypes_Units[Fuel type],Table_FuelTypes_Units[Unit])} -> kL | N35: =((($L35 * $G35 * H35) * 10 ^ -3)) -> 0 | O35: =((($L35 * $G35 * I35) * 10 ^ -3)) -> 0 | P35: =((($L35 * $G35 * J35) * 10 ^ -3)) -> 0 | Q35: =((($L35 * $G35 * ((IF(ISNUMBER(K35), K35, 0)))) * 10 ^ -3)) -> 0
D36: =$D$32 -> Power standalone machinery or heating | E36: ='Constants - Fuel'!$D$74 -> Ethanol for use as a fuel in an internal combustion engine | F36: ='Constants - Fuel'!E135 -> Ethanol | G36: =IFERROR(_xlfn.XLOOKUP($E36, Table_Fuel_EFs_StationaryLiquid[Fuel combusted], Table_Fuel_EFs_StationaryLiquid[Energy Content Factor (GJ per unit of fuel)]),0) -> 23.4 | H36: =IFERROR(_xlfn.XLOOKUP($E36, Table_Fuel_EFs_StationaryLiquid[Fuel combusted], Table_Fuel_EFs_StationaryLiquid[Scope 1 Emission Factor (kg CO2 - e / GJ) CO2]),0) -> 0 | I36: =IFERROR(_xlfn.XLOOKUP($E36, Table_Fuel_EFs_StationaryLiquid[Fuel combusted], Table_Fuel_EFs_StationaryLiquid[Scope 1 Emission Factor (kg CO2 - e / GJ) CH4]),0) -> 0.08 | J36: =IFERROR(_xlfn.XLOOKUP($E36, Table_Fuel_EFs_StationaryLiquid[Fuel combusted], Table_Fuel_EFs_StationaryLiquid[Scope 1 Emission Factor (kg CO2 - e / GJ) N2O]),0) -> 0.2 | K36: =IFERROR(_xlfn.XLOOKUP($E36, Table_Fuel_EFs_StationaryLiquid[Fuel combusted], Table_Fuel_EFs_StationaryLiquid[Scope 3 Emission Factor (kg CO2 - e / GJ)]),0) -> NE | L36: {=Fuel_InputFunctions.Fuel_TotalConsumption(Table_Input_Fuel[Amount consumed], Table_Input_Fuel[Fuel use (select)], D36, Table_Input_Fuel[Fuel type (select)],F36)} -> 0 | M36: {=Common_InputFunctions.Utility_LookupValueInTable(F36,Table_FuelTypes_Units[Fuel type],Table_FuelTypes_Units[Unit])} -> kL | N36: =((($L36 * $G36 * H36) * 10 ^ -3)) -> 0 | O36: =((($L36 * $G36 * I36) * 10 ^ -3)) -> 0 | P36: =((($L36 * $G36 * J36) * 10 ^ -3)) -> 0 | Q36: =((($L36 * $G36 * ((IF(ISNUMBER(K36), K36, 0)))) * 10 ^ -3)) -> 0
D37: =$D$32 -> Power standalone machinery or heating | E37: ='Constants - Fuel'!$D$75 -> Biofuels other than those mentioned in the items above and below | F37: ='Constants - Fuel'!E136 -> Other biofuels | G37: =IFERROR(_xlfn.XLOOKUP($E37, Table_Fuel_EFs_StationaryLiquid[Fuel combusted], Table_Fuel_EFs_StationaryLiquid[Energy Content Factor (GJ per unit of fuel)]),0) -> 23.4 | H37: =IFERROR(_xlfn.XLOOKUP($E37, Table_Fuel_EFs_StationaryLiquid[Fuel combusted], Table_Fuel_EFs_StationaryLiquid[Scope 1 Emission Factor (kg CO2 - e / GJ) CO2]),0) -> 0 | I37: =IFERROR(_xlfn.XLOOKUP($E37, Table_Fuel_EFs_StationaryLiquid[Fuel combusted], Table_Fuel_EFs_StationaryLiquid[Scope 1 Emission Factor (kg CO2 - e / GJ) CH4]),0) -> 0.08 | J37: =IFERROR(_xlfn.XLOOKUP($E37, Table_Fuel_EFs_StationaryLiquid[Fuel combusted], Table_Fuel_EFs_StationaryLiquid[Scope 1 Emission Factor (kg CO2 - e / GJ) N2O]),0) -> 0.2 | K37: =IFERROR(_xlfn.XLOOKUP($E37, Table_Fuel_EFs_StationaryLiquid[Fuel combusted], Table_Fuel_EFs_StationaryLiquid[Scope 3 Emission Factor (kg CO2 - e / GJ)]),0) -> NE | L37: {=Fuel_InputFunctions.Fuel_TotalConsumption(Table_Input_Fuel[Amount consumed], Table_Input_Fuel[Fuel use (select)], D37, Table_Input_Fuel[Fuel type (select)],F37)} -> 0 | M37: {=Common_InputFunctions.Utility_LookupValueInTable(F37,Table_FuelTypes_Units[Fuel type],Table_FuelTypes_Units[Unit])} -> kL | N37: =((($L37 * $G37 * H37) * 10 ^ -3)) -> 0 | O37: =((($L37 * $G37 * I37) * 10 ^ -3)) -> 0 | P37: =((($L37 * $G37 * J37) * 10 ^ -3)) -> 0 | Q37: =((($L37 * $G37 * ((IF(ISNUMBER(K37), K37, 0)))) * 10 ^ -3)) -> 0
A38: =HYPERLINK("#A1", "▲ Back to top") -> ▲ Back to top | D38: =$D$32 -> Power standalone machinery or heating | E38: ='Constants - Fuel'!$D$77 -> Renewable diesel | F38: ='Constants - Fuel'!E137 -> Renewable diesel | G38: =IFERROR(_xlfn.XLOOKUP($E38, Table_Fuel_EFs_StationaryLiquid[Fuel combusted], Table_Fuel_EFs_StationaryLiquid[Energy Content Factor (GJ per unit of fuel)]),0) -> 38.6 | H38: =IFERROR(_xlfn.XLOOKUP($E38, Table_Fuel_EFs_StationaryLiquid[Fuel combusted], Table_Fuel_EFs_StationaryLiquid[Scope 1 Emission Factor (kg CO2 - e / GJ) CO2]),0) -> 0 | I38: =IFERROR(_xlfn.XLOOKUP($E38, Table_Fuel_EFs_StationaryLiquid[Fuel combusted], Table_Fuel_EFs_StationaryLiquid[Scope 1 Emission Factor (kg CO2 - e / GJ) CH4]),0) -> 0.1 | J38: =IFERROR(_xlfn.XLOOKUP($E38, Table_Fuel_EFs_StationaryLiquid[Fuel combusted], Table_Fuel_EFs_StationaryLiquid[Scope 1 Emission Factor (kg CO2 - e / GJ) N2O]),0) -> 0.2 | K38: =IFERROR(_xlfn.XLOOKUP($E38, Table_Fuel_EFs_StationaryLiquid[Fuel combusted], Table_Fuel_EFs_StationaryLiquid[Scope 3 Emission Factor (kg CO2 - e / GJ)]),0) -> NE | L38: {=Fuel_InputFunctions.Fuel_TotalConsumption(Table_Input_Fuel[Amount consumed], Table_Input_Fuel[Fuel use (select)], D38, Table_Input_Fuel[Fuel type (select)],F38)} -> 0 | M38: {=Common_InputFunctions.Utility_LookupValueInTable(F38,Table_FuelTypes_Units[Fuel type],Table_FuelTypes_Units[Unit])} -> kL | N38: =((($L38 * $G38 * H38) * 10 ^ -3)) -> 0 | O38: =((($L38 * $G38 * I38) * 10 ^ -3)) -> 0 | P38: =((($L38 * $G38 * J38) * 10 ^ -3)) -> 0 | Q38: =((($L38 * $G38 * ((IF(ISNUMBER(K38), K38, 0)))) * 10 ^ -3)) -> 0
D39: =$D$32 -> Power standalone machinery or heating | E39: ='Constants - Fuel'!$D$103 -> Natural gas distributed in a pipeline - Gigajoules | F39: ='Constants - Fuel'!E138 -> Natural gas (via pipeline) in GJ | G39: =IFERROR(_xlfn.XLOOKUP($E39, Table_Fuel_EFs_StationaryGaseous[Fuel combusted], Table_Fuel_EFs_StationaryGaseous[Energy Content Factor (GJ per unit of fuel)]),0) -> 1 | H39: =IFERROR(_xlfn.XLOOKUP($E39, Table_Fuel_EFs_StationaryGaseous[Fuel combusted], Table_Fuel_EFs_StationaryGaseous[Scope 1 Emission Factor (kg CO2 - e / GJ) CO2]),0) -> 51.4 | I39: =IFERROR(_xlfn.XLOOKUP($E39, Table_Fuel_EFs_StationaryGaseous[Fuel combusted], Table_Fuel_EFs_StationaryGaseous[Scope 1 Emission Factor (kg CO2 - e / GJ) CH4]),0) -> 0.1 | J39: =IFERROR(_xlfn.XLOOKUP($E39, Table_Fuel_EFs_StationaryGaseous[Fuel combusted], Table_Fuel_EFs_StationaryGaseous[Scope 1 Emission Factor (kg CO2 - e / GJ) N2O]),0) -> 0.03 | K39: {=IFERROR(Common_InputFunctions.Utility_LookupValueInTableOneColumnAndHeader($P$17,$P$18,Table_Fuel_EFs_StationaryGaseous34[State or territory],Table_Fuel_EFs_StationaryGaseous34[#Headers],Table_Fuel_EFs_StationaryGaseous34[]),0)} -> 4.1 | L39: {=Fuel_InputFunctions.Fuel_TotalConsumption(Table_Input_Fuel[Amount consumed], Table_Input_Fuel[Fuel use (select)], D39, Table_Input_Fuel[Fuel type (select)],F39)} -> 0 | M39: {=Common_InputFunctions.Utility_LookupValueInTable(F39,Table_FuelTypes_Units[Fuel type],Table_FuelTypes_Units[Unit])} -> GJ | N39: =((($L39 * $G39 * H39) * 10 ^ -3)) -> 0 | O39: =((($L39 * $G39 * I39) * 10 ^ -3)) -> 0 | P39: =((($L39 * $G39 * J39) * 10 ^ -3)) -> 0 | Q39: =((($L39 * $G39 * ((IF(ISNUMBER(K39), K39, 0)))) * 10 ^ -3)) -> 0
D40: =$D$32 -> Power standalone machinery or heating | E40: ='Constants - Fuel'!$D$104 -> Town gas - Gigajoules | F40: ='Constants - Fuel'!E139 -> Town gas in GJ | G40: =IFERROR(_xlfn.XLOOKUP($E40, Table_Fuel_EFs_StationaryGaseous[Fuel combusted], Table_Fuel_EFs_StationaryGaseous[Energy Content Factor (GJ per unit of fuel)]),0) -> 1 | H40: =IFERROR(_xlfn.XLOOKUP($E40, Table_Fuel_EFs_StationaryGaseous[Fuel combusted], Table_Fuel_EFs_StationaryGaseous[Scope 1 Emission Factor (kg CO2 - e / GJ) CO2]),0) -> 60.2 | I40: =IFERROR(_xlfn.XLOOKUP($E40, Table_Fuel_EFs_StationaryGaseous[Fuel combusted], Table_Fuel_EFs_StationaryGaseous[Scope 1 Emission Factor (kg CO2 - e / GJ) CH4]),0) -> 0.04 | J40: =IFERROR(_xlfn.XLOOKUP($E40, Table_Fuel_EFs_StationaryGaseous[Fuel combusted], Table_Fuel_EFs_StationaryGaseous[Scope 1 Emission Factor (kg CO2 - e / GJ) N2O]),0) -> 0.03 | K40: {=IFERROR(Common_InputFunctions.Utility_LookupValueInTableOneColumnAndHeader($P$17,$P$18,Table_Fuel_EFs_StationaryGaseous34[State or territory],Table_Fuel_EFs_StationaryGaseous34[#Headers],Table_Fuel_EFs_StationaryGaseous34[]),0)} -> 4.1 | L40: {=Fuel_InputFunctions.Fuel_TotalConsumption(Table_Input_Fuel[Amount consumed], Table_Input_Fuel[Fuel use (select)], D40, Table_Input_Fuel[Fuel type (select)],F40)} -> 0.1 | M40: {=Common_InputFunctions.Utility_LookupValueInTable(F40,Table_FuelTypes_Units[Fuel type],Table_FuelTypes_Units[Unit])} -> GJ | N40: =((($L40 * $G40 * H40) * 10 ^ -3)) -> 0.00602 | O40: =((($L40 * $G40 * I40) * 10 ^ -3)) -> 4e-06 | P40: =((($L40 * $G40 * J40) * 10 ^ -3)) -> 3e-06 | Q40: =((($L40 * $G40 * ((IF(ISNUMBER(K40), K40, 0)))) * 10 ^ -3)) -> 0.00041
D42: ="Total scope 1 - " & D25 -> Total scope 1 - Generators
D43: CO2 | E43: =SUM(N25:N31) -> 0 | F43: =$E$12 -> t CO2-e
D44: CH4 | E44: =SUM(O25:O31) -> 0 | F44: =$E$12 -> t CO2-e
D45: N2O | E45: =SUM(P25:P31) -> 0 | F45: =$E$12 -> t CO2-e
D46: Scope 3 | E46: =SUM(Q25:Q31) -> 0 | F46: =$E$12 -> t CO2-e
D48: ="Total scope 1 - " & D32 -> Total scope 1 - Power standalone machinery or heating
D49: CO2 | E49: =SUM(N32:N40) -> 0.00602 | F49: =$E$12 -> t CO2-e
D50: CH4 | E50: =SUM(O32:O40) -> 4e-06 | F50: =$E$12 -> t CO2-e
D51: N2O | E51: =SUM(P32:P40) -> 3e-06 | F51: =$E$12 -> t CO2-e
D52: Scope 3 | E52: =SUM(Q32:Q40) -> 0.00041 | F52: =$E$12 -> t CO2-e
D54: Total scope 1 - All stationary fuel use
D55: CO2 | E55: =E43+E49 -> 0.00602 | F55: =$E$12 -> t CO2-e
D56: CH4 | E56: =E44+E50 -> 4e-06 | F56: =$E$12 -> t CO2-e
D57: N2O | E57: =E45+E51 -> 3e-06 | F57: =$E$12 -> t CO2-e
D58: Scope 3 | E58: =E46+E52 -> 0.00041 | F58: =$E$12 -> t CO2-e
A76: =HYPERLINK("#A1", "▲ Back to top") -> ▲ Back to top

Sheet Constants - Fuel
A1: #VALUE! | C1: Constants - Fuel
A3: =HYPERLINK("#'Home'!A1", "Home") -> Home
A4: =HYPERLINK("#'Overview'!A1", "Overview") -> Overview
A5: =HYPERLINK("#'Results'!A1", "Results") -> Results | D5: Fuel scope 1 and 3 emission factors - Transport
D6: Direct (scope 1) and indirect (scope 3) emission factors for the consumption of transport fuels in different transport equipment
A7: INPUTS | D7: Australian National Greenhouse Accounts Factors 2025 - Table 9
A8: =HYPERLINK("#'Input - Fuel'!A1", "Fuel") -> Fuel | D8: {="⚠️" & Fuel_SourceData.Fuel_Scope1Scope3EmissionFactorsTransport_Variation()} -> ⚠️VARIATION OF SOURCE DATA: 'NE' values returned as zero for calculations.
D9: Transport type | E9: Fuel combusted | F9: Energy Content Factor (GJ per unit of fuel) | G9: Fuel unit | H9: Scope 1 Emission Factor (kg CO2 - e / GJ) CO2 | I9: Scope 1 Emission Factor (kg CO2 - e / GJ) CH4 | J9: Scope 1 Emission Factor (kg CO2 - e / GJ) N2O | K9: Scope 1 Emission Factor (kg CO2 - e / GJ) Combined gases | L9: Scope 3 Emission Factor (kg CO2 - e / GJ)
A10: CALCULATIONS | D10: Cars and light commercial vehicles | E10: Gasoline | F10: 34.2 | G10: kl | H10: 67.4 | I10: 0.02 | J10: 0.2 | K10: 67.62 | L10: 17.2
A11: =HYPERLINK("#'8.1.1.1-2 Transport fuel'!A1", "8.1.1.1-2 Transport fuel") -> 8.1.1.1-2 Transport fuel | D11: Cars and light commercial vehicles | E11: Diesel oil | F11: 38.6 | G11: kl | H11: 69.9 | I11: 0.01 | J11: 0.5 | K11: 70.41 | L11: 17.3
A12: =HYPERLINK("#'8.2.1.1-2 Stationary fuel'!A1", "8.2.1.1-2 Stationary fuel") -> 8.2.1.1-2 Stationary fuel | D12: Cars and light commercial vehicles | E12: Liquefied petroleum gas (LPG) | F12: 26.2 | G12: kl | H12: 60.2 | I12: 0.5 | J12: 0.3 | K12: 61 | L12: 20.2
A13: =HYPERLINK("#'8.X.1.1-2 General use fuel'!A1", "8.X.1.1-2 General use fuel") -> 8.X.1.1-2 General use fuel | D13: Cars and light commercial vehicles | E13: Fuel oil | F13: 39.7 | G13: kl | H13: 73.6 | I13: 0.08 | J13: 0.5 | K13: 74.18 | L13: 18
D14: Cars and light commercial vehicles | E14: Ethanol | F14: 23.4 | G14: kl | H14: 0 | I14: 0.2 | J14: 0.2 | K14: 0.4 | L14: NE
A15: APPENDICES | D15: Cars and light commercial vehicles | E15: Biodiesel | F15: 34.6 | G15: kl | H15: 0 | I15: 0.8 | J15: 1.7 | K15: 2.5 | L15: NE
A16: =HYPERLINK("#'Constants - Fuel'!A1", "Constants - Fuel") -> Constants - Fuel | D16: Cars and light commercial vehicles | E16: Renewable diesel | F16: 38.6 | G16: kl | H16: 0 | I16: 0.01 | J16: 0.5 | K16: 0.51 | L16: NE
A17: =HYPERLINK("#'Constants - Common'!A1", "Constants - Common") -> Constants - Common | D17: Cars and light commercial vehicles | E17: Other biofuels | F17: 23.4 | G17: kl | H17: 0 | I17: 0.8 | J17: 1.7 | K17: 2.5 | L17: NE
D18: Light duty vehicles | E18: Compressed natural gas | F18: 0.0393 | G18: m3 | H18: 51.4 | I18: 7.3 | J18: 0.3 | K18: 59 | L18: 18
D19: Light duty vehicles | E19: Liquefied natural gas | F19: 25.3 | G19: kl | H19: 51.4 | I19: 7.3 | J19: 0.3 | K19: 59 | L19: 18
D20: Heavy duty vehicles | E20: Compressed natural gas | F20: 0.0393 | G20: m3 | H20: 51.4 | I20: 2.8 | J20: 0.3 | K20: 54.5 | L20: 18
D21: Heavy duty vehicles | E21: Liquefied natural gas | F21: 25.3 | G21: kl | H21: 51.4 | I21: 2.8 | J21: 0.3 | K21: 54.5 | L21: 18
D22: Heavy duty vehicles | E22: Diesel oil - Euro iv or higher | F22: 38.6 | G22: kl | H22: 69.9 | I22: 0.07 | J22: 0.4 | K22: 70.37 | L22: 17.3
D23: Heavy duty vehicles | E23: Diesel oil - Euro iii | F23: 38.6 | G23: kl | H23: 69.9 | I23: 0.1 | J23: 0.4 | K23: 70.4 | L23: 17.3
D24: Heavy duty vehicles | E24: Diesel oil - Euro i | F24: 38.6 | G24: kl | H24: 69.9 | I24: 0.2 | J24: 0.4 | K24: 70.5 | L24: 17.3
D25: Heavy duty vehicles | E25: Renewable diesel – Euro iv or higher | F25: 38.6 | G25: kl | H25: 0 | I25: 0.07 | J25: 0.4 | K25: 0.47 | L25: NE
D26: Heavy duty vehicles | E26: Renewable diesel – Euro iii | F26: 38.6 | G26: kl | H26: 0 | I26: 0.1 | J26: 0.4 | K26: 0.5 | L26: NE
D27: Heavy duty vehicles | E27: Renewable diesel – Euro i | F27: 38.6 | G27: kl | H27: 0 | I27: 0.2 | J27: 0.4 | K27: 0.6 | L27: NE
D28: Aviation | E28: Gasoline for use as fuel in an aircraft | F28: 33.1 | G28: kl | H28: 67 | I28: 0.06 | J28: 0.6 | K28: 67.66 | L28: 18
D29: Aviation | E29: Kerosene for use as fuel in an aircraft | F29: 36.8 | G29: kl | H29: 69.6 | I29: 0.01 | J29: 0.6 | K29: 70.21 | L29: 18
D30: Aviation | E30: Renewable aviation kerosene | F30: 36.8 | G30: kl | H30: 0 | I30: 0.01 | J30: 0.6 | K30: 0.61 | L30: NE
D31: Vessels | E31: Gasoline | F31: 34.2 | G31: kL | H31: 67.4 | I31: 10.1 | J31: 0.3 | L31: 17.2
D32: Vessels | E32: Diesel oil | F32: 38.6 | G32: kL | H32: 69.9 | I32: 0.2 | J32: 0.5 | L32: 17.3
D33: Vessels | E33: Fuel Oil | F33: 39.7 | G33: kL | H33: 73.6 | I33: 0.2 | J33: 0.5 | L33: 18
D34: Off-road Agriculture and forestry equipment | E34: Diesel oil | F34: 38.6 | G34: kL | H34: 69.9 | I34: 0.3 | J34: 0.5 | L34: 17.3
D37: Fuel scope 1 and 3 emission factors - Off-road equipment and vessels
D38: VEERG 2026: Table A.4.2.1
D39: Transport type t | E39: Fuel type q | F39: ECTrans,q (GJ/kL) | G39: Scope 1 CO2 EFTran,1,tqg (kg CO2-e/GJ) | H39: Scope 1 CH4 EFTran,1,tgg (kg CO2-e/GJ) | I39: Scope 1 N2O EFTran,1,tgg (kg CO2-e/GJ) | J39: Scope 3 EFTrans,3,q (kg CO2-e/GJ)
D40: Vessel | E40: Petrol | F40: 34.2 | G40: 67.4 | H40: 10.1 | I40: 0.3 | J40: 17.2
D41: Vessel | E41: Diesel | F41: 38.6 | G41: 69.9 | H41: 0.2 | I41: 0.5 | J41: 17.3
D42: Vessel | E42: Fuel Oil | F42: 39.7 | G42: 73.6 | H42: 0.2 | I42: 0.5 | J42: 18
D43: Off-road Agriculture and forestry equipment | E43: Diesel | F43: 38.6 | G43: 69.9 | H43: 0.3 | I43: 0.5 | J43: 17.3
D49: Fuel scope 1 and 3 emission factors - Stationary liquid fuels
D50: Direct (Scope 1) and indirect (scope 3) emission factors for the consumption of liquid fuels, including certain petroleum based products for stationary energy purposes.
D51: Australian National Greenhouse Accounts Factors 2025 - Table 8
D52: {="⚠️" & Fuel_SourceData.Fuel_Scope1Scope3EmissionFactorsStationaryLiquid_Variation()} -> ⚠️VARIATION OF SOURCE DATA: 'NE' values returned as zero for calculations.
D53: Fuel combusted | E53: Energy Content Factor (GJ per unit of fuel) | F53: Fuel unit | G53: Scope 1 Emission Factor (kg CO2 - e / GJ) CO2 | H53: Scope 1 Emission Factor (kg CO2 - e / GJ) CH4 | I53: Scope 1 Emission Factor (kg CO2 - e / GJ) N2O | J53: Scope 1 Emission Factor (kg CO2 - e / GJ) Combined gases | K53: Scope 3 Emission Factor (kg CO2 - e / GJ)
D54: Petroleum based oils (other than petroleum based oil used as fuel), e.g. lubricants | E54: 38.8 | F54: kl | G54: 13.9 | H54: 0 | I54: 0 | J54: 13.9 | K54: 18
D55: Petroleum based greases | E55: 38.8 | F55: kl | G55: 3.5 | H55: 0 | I55: 0 | J55: 3.5 | K55: 18
D56: Crude oil including crude oil condensates | E56: 45.3 | F56: t | G56: 69.6 | H56: 0.08 | I56: 0.2 | J56: 69.88 | K56: NE
D57: Other natural gas liquids | E57: 46.5 | F57: t | G57: 61 | H57: 0.08 | I57: 0.2 | J57: 61.28 | K57: NE
D58: Automotive gasoline / petrol (other than for use as fuel in an aircraft) | E58: 34.2 | F58: kL | G58: 67.4 | H58: 0.2 | I58: 0.2 | J58: 67.8 | K58: 17.2
D59: Aviation gasoline | E59: 33.1 | F59: kL | G59: 67 | H59: 0.2 | I59: 0.2 | J59: 67.4 | K59: 18
D60: Kerosene (other than for use as fuel in an aircraft) | E60: 37.5 | F60: kL | G60: 68.9 | H60: 0.01 | I60: 0.2 | J60: 69.11 | K60: 18
D61: Aviation turbine fuel / kerosene | E61: 36.8 | F61: kL | G61: 69.6 | H61: 0.02 | I61: 0.2 | J61: 69.82 | K61: 18
D62: Heating oil | E62: 37.3 | F62: kL | G62: 69.5 | H62: 0.03 | I62: 0.2 | J62: 69.73 | K62: 18
D63: Diesel oil | E63: 38.6 | F63: kL | G63: 69.9 | H63: 0.1 | I63: 0.2 | J63: 70.2 | K63: 17.3
D64: Fuel oil | E64: 39.7 | F64: kL | G64: 73.6 | H64: 0.04 | I64: 0.2 | J64: 73.84 | K64: 18
D65: Liquefied aromatic hydrocarbons | E65: 34.4 | F65: kL | G65: 69.7 | H65: 0.03 | I65: 0.2 | J65: 69.93 | K65: 18
D66: Solvents: mineral turpentine or white spirits | E66: 34.4 | F66: kL | G66: 69.7 | H66: 0.03 | I66: 0.2 | J66: 69.93 | K66: 18
D67: Liquefied petroleum gas (LPG) | E67: 25.7 | F67: kL | G67: 60.2 | H67: 0.2 | I67: 0.2 | J67: 60.6 | K67: 20.2
D68: Naphtha | E68: 31.4 | F68: kL | G68: 69.8 | H68: 0.01 | I68: 0.01 | J68: 69.82 | K68: 18
D69: Petroleum coke | E69: 34.2 | F69: t | G69: 92.6 | H69: 0.08 | I69: 0.2 | J69: 92.88 | K69: 18
... D72: Petroleum based products other than mentioned in the items above | E72: 34.4 | F72: kL | G72: 69.8 | H72: 0.02 | I72: 0.1 | J72: 69.92 | K72: 18
D73: Biodiesel | E73: 34.6 | F73: kL | G73: 0 | H73: 0.08 | I73: 0.2 | J73: 0.28 | K73: NE
D74: Ethanol for use as a fuel in an internal combustion engine | E74: 23.4 | F74: kL | G74: 0 | H74: 0.08 | I74: 0.2 | J74: 0.28 | K74: NE
D75: Biofuels other than those mentioned in the items above and below | E75: 23.4 | F75: kL | G75: 0 | H75: 0.08 | I75: 0.2 | J75: 0.28 | K75: NE
D76: Renewable aviation kerosene | E76: 36.8 | F76: kL | G76: 0 | H76: 0.02 | I76: 0.2 | J76: 0.22 | K76: NE
D77: Renewable diesel | E77: 38.6 | F77: kL | G77: 0 | H77: 0.1 | I77: 0.2 | J77: 0.3 | K77: NE
D81: Fuel scope 1 emission factors - Stationary gaseous fuels
D82: Direct (Scope 1) emission factors for the consumption of gaseous fuels including liquefied natural gas
D83: Australian National Greenhouse Accounts Factors 2025 - Table 5
D84: {="⚠️" & Fuel_SourceData.Fuel_Scope1EmissionFactorsStationaryGaseous_Variation()} -> ⚠️VARIATION OF SOURCE DATA: 'Natural gas distributed in a pipeline - Gigajoules' and 'Town gas - Gigajoules' were added, each with an energy content factor of 1 GJ per unit of fuel. This is for users who have fuel consumption data in GJ rather than m3.
D86: Fuel combusted | E86: Energy Content Factor (GJ per unit of fuel) | F86: Fuel unit | G86: Scope 1 Emission Factor (kg CO2 - e / GJ) CO2 | H86: Scope 1 Emission Factor (kg CO2 - e / GJ) CH4 | I86: Scope 1 Emission Factor (kg CO2 - e / GJ) N2O | J86: Scope 1 Emission Factor (kg CO2 - e / GJ) Combined gases
D87: Natural gas distributed in a pipeline | E87: 0.0393 | F87: m3 | G87: 51.4 | H87: 0.1 | I87: 0.03 | J87: 51.53
D88: Coal seam methane that is captured for combustion | E88: 0.0377 | F88: m3 | G88: 51.4 | H88: 0.2 | I88: 0.03 | J88: 51.63
D89: Coal mine waste gas that is captured for combustion | E89: 0.0377 | F89: m3 | G89: 51.9 | H89: 4.6 | I89: 0.3 | J89: 56.8
D90: Compressed natural gas(reverting to standard conditions) | E90: 0.0393 | F90: m3 | G90: 51.4 | H90: 0.1 | I90: 0.03 | J90: 51.53
D91: Unprocessed natural gas | E91: 0.0393 | F91: m3 | G91: 51.4 | H91: 0.1 | I91: 0.03 | J91: 51.53
D92: Ethane | E92: 0.0629 | F92: m3 | G92: 56.5 | H92: 0.03 | I92: 0.03 | J92: 56.56
D93: Coke oven gas | E93: 0.0181 | F93: m3 | G93: 37 | H93: 0.03 | I93: 0.05 | J93: 37.08
D94: Blast furnace gas | E94: 0.004 | F94: m3 | G94: 234 | H94: 0.03 | I94: 0.02 | J94: 234.05
D95: Town gas | E95: 0.039 | F95: m3 | G95: 60.2 | H95: 0.04 | I95: 0.03 | J95: 60.27
D96: Liquefied natural gas | E96: 25.3 | F96: kL | G96: 51.4 | H96: 0.1 | I96: 0.03 | J96: 51.53
D97: Gaseous fossil fuels other than those mentioned in the items above | E97: 0.039 | F97: m3 | G97: 51.4 | H97: 0.1 | I97: 0.03 | J97: 51.53
D98: Landfill biogas that is captured for combustion (methane only) | E98: 0.0377 | F98: m3 | G98: 0 | H98: 6.4 | I98: 0.03 | J98: 6.43
... D104: Town gas - Gigajoules | E104: 1 | F104: GJ | G104: 60.2 | H104: 0.04 | I104: 0.03 | J104: 60.27
D107: Fuel scope 3 emission factors - Stationary gaseous fuels
D108: Indirect (Scope 3) emission factors for the consumption of natural gas.
D109: Australian National Greenhouse Accounts Factors 2025 - Table 6
D110: {="⚠️"&Fuel_SourceData.Fuel_Scope3EmissionFactorsStationaryGaseous_Variation()} -> ⚠️VARIATION OF SOURCE DATA: NSW and ACT split into separate rows. 'C' Values for Tasmania and Northern Territory replaced with those for Victoria and Western Australia respectively. (See appendices)
D112: State or territory | E112: Metro | F112: Non-metro | G112: Column1 | H112: Appendices
D113: New South Wales | E113: 13.1 | F113: 14 | G113: -
D114: ACT | E114: 13.1 | F114: 14 | G114: As Scope 3 factors are calculated at the point where natural gas is delivered to end users, it is necessary to calculate consumption at each of the load centres.
D115: Victoria | E115: 4 | F115: 4
D116: Queensland | E116: 8.8 | F116: 7.9 | G116: Gas reaches end users either from the metro distribution networks or direct from the high - pressure distribution pipelines.
D117: South Australia | E117: 10.7 | F117: 10.6
D118: Western Australia | E118: 4.1 | F118: 4 | G118: Households and commercial users tend to be served by the former, and electricity generators and large industrial plants from the latter.
D119: Tasmania | E119: 4 | F119: 4 | G119: -
D120: Northern Territory | E120: 4.1 | F120: 4 | G120: Metro is defined as located on or east of the dividing range in NSW, including Canberra and Queanbeyan, Melbourne, Brisbane, Adelaide or Perth.
G122: Otherwise, the non - metro factor should be used.
G123: -
...

Sheet Constants - Common
A1: #VALUE! | C1: Constants - Common
D5: Australian states and territories
D6: State/Territory | E6: Common Name | F6: Abbreviation
D7: New South Wales | E7: New South Wales | F7: NSW
D8: Australian Capital Territory | E8: ACT | F8: ACT
D9: Victoria | E9: Victoria | F9: VIC
D10: Queensland | E10: Queensland | F10: QLD
D11: South Australia | E11: South Australia | F11: SA
D12: Western Australia | E12: Western Australia | F12: WA
D13: Tasmania | E13: Tasmania | F13: TAS
D14: Northern Territory | E14: Northern Territory | F14: NT
D18: ABS Statistcal Areas Level 4 - Western Australia
D19: Australian Bureau of Statistics (ABS) - Statistical Areas Level 2 - 2021 - Shapefile
D20: SA 4 Name
D21: Bunbury
D22: Mandurah
D23: Perth - Inner
D24: Perth - North East
D25: Perth - North West
D26: Perth - South East
D27: Perth - South West
D28: Western Australia - Wheat Belt
D29: Western Australia - Outback (North)
... D35: XXXXXXX
D36: Gas | E36: CO2-e factor
D37: CO2 | E37: 1
D38: CH4 | E38: 28
D39: N2O | E39: 265
D40: CF4 | E40: 6630
D41: C2F6 | E41: 12200
D42: SF6 | E42: 22800
D43: NF3 | E43: 17200
D45: Factor to convert elemental mass of gas to molecular mass
D46: XXXXXXX
D47: Gas | E47: Conversion factor | F47: Conversion factor 1 | G47: Conversion factor 2 | H47: Conversion factor combined
D48: CO2 | E48: 44/12 | F48: 44 | G48: 12 | H48: =Table_GasToMolecularConversionFactor[[#This Row],[Conversion factor 1]]/Table_GasToMolecularConversionFactor[[#This Row],[Conversion factor 2]] -> 3.6666667
D49: CH4 | E49: 16/12 | F49: 16 | G49: 12 | H49: =Table_GasToMolecularConversionFactor[[#This Row],[Conversion factor 1]]/Table_GasToMolecularConversionFactor[[#This Row],[Conversion factor 2]] -> 1.3333333
D50: N2O | E50: 44/28 | F50: 44 | G50: 28 | H50: =Table_GasToMolecularConversionFactor[[#This Row],[Conversion factor 1]]/Table_GasToMolecularConversionFactor[[#This Row],[Conversion factor 2]] -> 1.5714286
D51: Nox | E51: 46/14 | F51: 46 | G51: 14 | H51: =Table_GasToMolecularConversionFactor[[#This Row],[Conversion factor 1]]/Table_GasToMolecularConversionFactor[[#This Row],[Conversion factor 2]] -> 3.2857143
D52: CO | E52: 28/12 | F52: 28 | G52: 12 | H52: =Table_GasToMolecularConversionFactor[[#This Row],[Conversion factor 1]]/Table_GasToMolecularConversionFactor[[#This Row],[Conversion factor 2]] -> 2.3333333
D53: CO2 Lime | E53: 44/12 | F53: 44 | G53: 12 | H53: =Table_GasToMolecularConversionFactor[[#This Row],[Conversion factor 1]]/Table_GasToMolecularConversionFactor[[#This Row],[Conversion factor 2]] -> 3.6666667
D54: NMVOC | E54: 14/12 | F54: 14 | G54: 12 | H54: =Table_GasToMolecularConversionFactor[[#This Row],[Conversion factor 1]]/Table_GasToMolecularConversionFactor[[#This Row],[Conversion factor 2]] -> 1.1666667
D57: VEERG Australian wet and dry zones
D58: VEERG 2026: Table 1.2: Translating climate zones to wet and dry zones
D59: {="⚠️" & Common_SourceData.Common_SourceData_WetAndDryZones_Variation()} -> ⚠️VARIATION OF SOURCE DATA:
D60: ⚠️Added warm / cool temperate moist / dry - low frost and high temp classes to accommodate climate scenarios excluded by VEERG criteria.
D61: ⚠️Fixed typo - Changed 'Fry' to 'Dry'.
D63: Climate zone | E63: Wet or Dry Zone
D64: Tropical montane | E64: Wet climate zone
D65: Tropical wet | E65: Wet climate zone
D66: Tropical moist | E66: Wet climate zone
D67: Tropical dry | E67: Dry climate zone
D68: Warm temperate moist | E68: Wet climate zone
D69: Warm temperate dry | E69: Dry climate zone
D70: Cool temperate moist | E70: Wet climate zone
D71: Cool temperate dry | E71: Dry climate zone
D72: Warm temperate moist - low frost | E72: Wet climate zone
D73: Warm temperate dry - low frost | E73: Dry climate zone
D74: Warm temperate moist - high temp | E74: Wet climate zone
... D77: Cool temperate dry - low frost | E77: Dry climate zone
D81: VEERG Australian climate zones
D82: VEERG 2026: Table 1.3: Climate and Rainfall zone classifications and definitions
D83: {="⚠️" & Common_SourceData.Common_SourceData_ClimateZones_Variation()} -> ⚠️VARIATION OF SOURCE DATA:
D84: ⚠️Added warm / cool temperate moist / dry - low frost and high temp classes to accommodate climate scenarios excluded by VEERG criteria.
D85: ⚠️Fixed typo in MAT value for warm temperate dry - changed 10 to 11.
D86: ⚠️Added min and max columns for MAT, MAP, frost days per year, elevation, MAP:PET to calculate zones from real climate data.
D87: ⚠️GAF accepts rainfall as a proxy for precipitation.
D89: Climate zone | E89: MAT | F89: MAP | G89: Frost days per year | H89: Elevation | I89: MAP:PET | J89: Min temp | K89: Max temp | L89: Min rainfall | M89: Max rainfall | N89: Min frost days | O89: Max frost days | P89: Min elevation | Q89: Max elevation | R89: Min MAP:PET | S89: Max MAP:PET
D90: Tropical montane | E90: > 18 C | F90: Any | G90: ≤ 7 | H90: > 1000 m | I90: Any | J90: 18.001 | K90: 999999 | L90: -999999 | M90: 999999 | N90: -999999 | O90: 7 | P90: 1000 | Q90: 999999 | R90: -999999 | S90: 999999
D91: Tropical wet | E91: > 18 C | F91: > 2000 mm | G91: ≤ 7 | H91: ≤ 1000 m | I91: Any | J91: 18.001 | K91: 999999 | L91: 2000.001 | M91: 999999 | N91: -999999 | O91: 7 | P91: -999999 | Q91: 999.999 | R91: -999999 | S91: 999999
D92: Tropical moist | E92: > 18 C | F92: > 1000 mm - ≤ 2000 mm | G92: ≤ 7 | H92: ≤ 1000 m | I92: Any | J92: 18.001 | K92: 999999 | L92: 1000.001 | M92: 2000 | N92: -999999 | O92: 7 | P92: -999999 | Q92: 999.999 | R92: -999999 | S92: 999999
D93: Tropical dry | E93: > 18 C | F93: ≤ 1000 mm | G93: ≤ 7 | H93: ≤ 1000 m | I93: Any | J93: 18.001 | K93: 999999 | L93: -999999 | M93: 1000 | N93: -999999 | O93: 7 | P93: -999999 | Q93: 999.999 | R93: -999999 | S93: 999999
D94: Warm temperate moist | E94: > 10 C | F94: Any | G94: Any | H94: Any | I94: > 1 | J94: 10.001 | K94: 999999 | L94: -999999 | M94: 999999 | N94: -999999 | O94: 999999 | P94: -999999 | Q94: 999999 | R94: 1.001 | S94: 999999
D95: Warm temperate dry | E95: > 10 C | F95: Any | G95: Any | H95: Any | I95: ≤ 1 | J95: 10.001 | K95: 999999 | L95: -999999 | M95: 999999 | N95: -999999 | O95: 999999 | P95: -999999 | Q95: 999999 | R95: -999999 | S95: 1
D96: Cool temperate moist | E96: > 0 C - ≤ 10 C | F96: Any | G96: Any | H96: Any | I96: > 1 | J96: -999999 | K96: 10 | L96: -999999 | M96: 999999 | N96: -999999 | O96: 999999 | P96: -999999 | Q96: 999999 | R96: 1.001 | S96: 999999
D97: Cool temperate dry | E97: > 0 C - ≤ 10 C | F97: Any | G97: Any | H97: Any | I97: ≤ 1 | J97: -999999 | K97: 10 | L97: -999999 | M97: 999999 | N97: -999999 | O97: 999999 | P97: -999999 | Q97: 999999 | R97: -999999 | S97: 1
D99: Note:
D100: MAT = mean annual temperature
D101: MAP = mean annual precipitation
D102: PET = potential evapotranspiration
D105: VEERG Australian temperature zones
D106: VEERG 2026: Table 1.3: Climate and Rainfall zone classifications and definitions
D107: {="⚠️" & Common_SourceData.Common_SourceData_TemperatureZones_Variation()} -> ⚠️VARIATION OF SOURCE DATA: Added extra MAT min and MAT max columns to calculate zone from real temperature data.
D109: Temperature Zone | E109: MAT | F109: Min MAT | G109: Max MAT
D110: Warm | E110: ≥ 26 C | F110: 26 | G110: 999999
D111: Temperate | E111: 15 - 25 C | F111: 15 | G111: 25.999
D112: Cool | E112: ≤ 14 C | F112: -999999 | G112: 14.999
D115: VEERG Australian rainfall zones
D116: VEERG 2026: Table 1.3: Climate and Rainfall zone classifications and definitions
D117: {="⚠️" & Common_SourceData.Common_SourceData_RainfallZones_Variation()} -> ⚠️VARIATION OF SOURCE DATA: Added extra Rainfall min and Rainfall max columns to calculate zone from real rainfall data.
D119: Rainfall Zone | E119: Annual rainfall | F119: Min rainfall | G119: Max rainfall
D120: High rainfall | E120: Annual rainfall > 600mm | F120: 600.001 | G120: 999999
D121: Low rainfall | E121: Annual rainfall ≤ 600mm | F121: -999999 | G121: 600
D124: VEERG Australian leaching zones
D125: VEERG 2026: Table 1.3: Climate and Rainfall zone classifications and definitions
D127: Leaching Zone | E127: Leaching criteria
D128: Leaching occurs | E128: Σ(𝑟𝑎𝑖𝑛)>Σ(𝐸𝑇0)+𝑠𝑜𝑖𝑙 𝑤𝑎𝑡𝑒𝑟 ℎ𝑜𝑙𝑑𝑖𝑛𝑔 𝑐𝑎𝑝𝑎𝑐𝑖𝑡𝑦
D129: Leaching does not occur | E129: Σ(𝑟𝑎𝑖𝑛)≤Σ(𝐸𝑇0)+𝑠𝑜𝑖𝑙 𝑤𝑎𝑡𝑒𝑟 ℎ𝑜𝑙𝑑𝑖𝑛𝑔 𝑐𝑎𝑝𝑎𝑐𝑖𝑡𝑦
D132: Fraction of N that is available for leaching and runoff
D133: VEERG 2026:5.5.2.3 Constant Parameters
...
