Workbook
Name Common_Equations.Common_ConvertCH4ToCO2e: _xlfn.LAMBDA(_xlpm.E_CH4,_xlpm.GWP_CH4, _xlpm.E_CH4 * _xlpm.GWP_CH4)
Name Common_Equations.Common_ConvertCH4ToCO2e_Arguments: _xlfn.LAMBDA(_xlfn.MAKEARRAY(2, 2, _xlfn.LAMBDA(_xlpm.r,_xlpm.c, INDEX({"ECH4","Methane emissions (t CH4)";"GWPCH4","Global warming potential for methane (t CO2-e / t CH4)"}, _xlpm.r, _xlpm.c))))
Name Common_Equations.Common_ConvertCH4ToCO2e_LatexEquation: _xlfn.LAMBDA("CO2_e = E_{CH4} \times GWP_{CH4}")
Name Common_Equations.Common_ConvertCH4ToCO2e_NIRReference: _xlfn.LAMBDA("")
Name Common_Equations.Common_ConvertCH4ToCO2e_Title: _xlfn.LAMBDA("Convert methane emissions to carbon dioxide equivalent emissions")
Name Common_Equations.Common_ConvertCH4ToCO2e_Unit: _xlfn.LAMBDA("t CO2e")
Name Common_Equations.Common_ConvertCH4ToCO2e_Variable: _xlfn.LAMBDA("ECH4 CO2e")
Name Common_Equations.Common_ConvertN2OToCO2e: _xlfn.LAMBDA(_xlpm.E_N2O,_xlpm.GWP_N2O, _xlpm.E_N2O * _xlpm.GWP_N2O)
Name Common_Equations.Common_ConvertN2OToCO2e_LatexEquation: _xlfn.LAMBDA("CO2_e = E_{N2O} \times GWP_{N2O}")
Name Common_Equations.Common_ConvertN2OToCO2e_NIRReference: _xlfn.LAMBDA("")
Name Common_Equations.Common_ConvertN2OToCO2e_Title: _xlfn.LAMBDA("Convert nitrous oxide emissions to carbon dioxide equivalent emissions")
Name Common_Equations.Common_ConvertN2OToCO2e_Unit: _xlfn.LAMBDA("t CO2e")
Name Common_Equations.Common_ConvertN2OToCO2e_Variable: _xlfn.LAMBDA("EN2O CO2e")
Name Common_InputFunctions.Utility_ConvertStateCommonNameToAbbreviation: _xlfn.LAMBDA(_xlpm.StateCommonName,_xlpm.StateCommonNameArray,_xlpm.StateAbbreviationArray, _xlfn.XLOOKUP(_xlpm.StateCommonName, _xlpm.StateCommonNameArray, _xlpm.StateAbbreviationArray, ""))
Name Common_InputFunctions.Utility_DisplayArguments_1_2: _xlfn.LAMBDA(_xlpm.ArgumentsArray, _xlfn.CHOOSECOLS(_xlpm.ArgumentsArray, 1, 2))
Name Common_InputFunctions.Utility_DisplayArguments_3_4: _xlfn.LAMBDA(_xlpm.ArgumentsArray, _xlfn.CHOOSECOLS(_xlpm.ArgumentsArray, 3, 4))
Name Common_InputFunctions.Utility_DisplayFunctionName: _xlfn.LAMBDA(_xlpm.Function, _xlfn.TEXTBEFORE(_xlfn.FORMULATEXT(_xlpm.Function), "("))
Name Common_InputFunctions.Utility_GetArrayTableColumnStartNumber: _xlfn.LAMBDA(_xlpm.TableHeaderCell, COLUMN(_xlpm.TableHeaderCell))
Name Common_InputFunctions.Utility_GetArrayTableRowStartNumber: _xlfn.LAMBDA(_xlpm.TableheaderCell,_xlpm.RowsBetweenHeaderandArray, ROW(_xlpm.TableheaderCell) + _xlpm.RowsBetweenHeaderandArray - 1)
Name Common_InputFunctions.Utility_LookupValueInTable: _xlfn.LAMBDA(_xlpm.LookupValue,_xlpm.LookupArray,_xlpm.ReturnArray, _xlfn.XLOOKUP(_xlpm.LookupValue, _xlpm.LookupArray, _xlpm.ReturnArray, ""))
Name Common_InputFunctions.Utility_SourceHyperlink: _xlfn.LAMBDA(_xlpm.TargetCell, _xlfn.LET(_xlpm.sh, _xlfn.TEXTAFTER(CELL("filename", _xlpm.TargetCell), "]"), _xlpm.addr, CELL("address", _xlpm.TargetCell), "#'" & _xlpm.sh & "'!" & _xlpm.addr))
Name Common_SourceData.Common_SourceData_AustralianStatesTerritories_Source: _xlfn.LAMBDA("")
Name Common_SourceData.Common_SourceData_AustralianStatesTerritories_Title: _xlfn.LAMBDA("Australian states and territories")
Name Common_SourceData.Common_SourceData_AustralianStatesTerritories_Unit: _xlfn.LAMBDA("")
Name Common_SourceData.Common_SourceData_AustralianStatesTerritories_Variable: _xlfn.LAMBDA("")
Name Common_SourceData.Common_SourceData_ClimateZones_Source: _xlfn.LAMBDA("VEERG 2026: Table 1.3: Climate and Rainfall zone classifications and definitions")
Name Common_SourceData.Common_SourceData_ClimateZones_Title: _xlfn.LAMBDA("VEERG Australian climate zones")
Name Common_SourceData.Common_SourceData_ClimateZones_Unit: _xlfn.LAMBDA("")
Name Common_SourceData.Common_SourceData_ClimateZones_Variable: _xlfn.LAMBDA("")
Name Common_SourceData.Common_SourceData_ConvertGasElementalToMolecular_Source: _xlfn.LAMBDA("XXXXXXX")
Name Common_SourceData.Common_SourceData_ConvertGasElementalToMolecular_Title: _xlfn.LAMBDA("Factor to convert elemental mass of gas to molecular mass")
Name Common_SourceData.Common_SourceData_ConvertGasElementalToMolecular_Unit: _xlfn.LAMBDA("factor")
Name Common_SourceData.Common_SourceData_ConvertGasElementalToMolecular_Variable: _xlfn.LAMBDA("Cg")
Name Common_SourceData.Common_SourceData_ConvertN2oElementalToMolecularCg_Data: _xlfn.LAMBDA(44 / 28)
Name Common_SourceData.Common_SourceData_ConvertN2oElementalToMolecularCg_Source: _xlfn.LAMBDA("National Inventory Report 2023 Volume 1")
Name Common_SourceData.Common_SourceData_ConvertN2oElementalToMolecularCg_Title: _xlfn.LAMBDA("Factor to convert elemental mass of N2O to molecular mass")
Name Common_SourceData.Common_SourceData_ConvertN2oElementalToMolecularCg_Unit: _xlfn.LAMBDA("factor")
Name Common_SourceData.Common_SourceData_ConvertN2oElementalToMolecularCg_Variable: _xlfn.LAMBDA("CgN2O")
Name Common_SourceData.Common_SourceData_DataScores_Scope3_Source: _xlfn.LAMBDA("VEERG 2026: XXXXXXXX")
Name Common_SourceData.Common_SourceData_DataScores_Scope3_Title: _xlfn.LAMBDA("Australian data scores for scope 3")
Name Common_SourceData.Common_SourceData_DataScores_Scope3_Unit: _xlfn.LAMBDA("")
Name Common_SourceData.Common_SourceData_DataScores_Scope3_Variable: _xlfn.LAMBDA("")
Name Common_SourceData.Common_SourceData_DataScores_Scope3_Variation: _xlfn.LAMBDA("")
Name Common_SourceData.Common_SourceData_DensityOfMethane_Data: _xlfn.LAMBDA(0.6784)
Name Common_SourceData.Common_SourceData_DensityOfMethane_Source: _xlfn.LAMBDA("National Inventory Report 2023 Volume 1: Equations 3.B.1a_2, 3.B.1c_2, 3.B.3_1, 3.B.4g_2")
Name Common_SourceData.Common_SourceData_DensityOfMethane_Title: _xlfn.LAMBDA("p = density of methane")
Name Common_SourceData.Common_SourceData_DensityOfMethane_Unit: _xlfn.LAMBDA("kg/m3")
Name Common_SourceData.Common_SourceData_EFleach_Data: _xlfn.LAMBDA(_xlfn.MAKEARRAY(1, 2, _xlfn.LAMBDA(_xlpm.r,_xlpm.c, INDEX({"EFleach",0.011}, _xlpm.r, _xlpm.c))))
Name Common_SourceData.Common_SourceData_EFleach_NIRReference: _xlfn.LAMBDA("National Inventory Report Volume 1: Equation 3.D.B_10")
Name Common_SourceData.Common_SourceData_EFleach_Source: _xlfn.LAMBDA("VEERG 2026:5.5.2.3 Constant Parameters")
Name Common_SourceData.Common_SourceData_EFleach_Title: _xlfn.LAMBDA("Emission factor for nitrogen leaching and runoff")
Name Common_SourceData.Common_SourceData_EFleach_Unit: _xlfn.LAMBDA("(kg N2O-N / kg N")
Name Common_SourceData.Common_SourceData_EFleach_Variation: _xlfn.LAMBDA((""))
Name Common_SourceData.Common_SourceData_EFN2O_NIRReference: _xlfn.LAMBDA("")
Name Common_SourceData.Common_SourceData_EFN2O_Source: _xlfn.LAMBDA("VEERG 2026: Table A.2.2.1")
Name Common_SourceData.Common_SourceData_EFN2O_Title: _xlfn.LAMBDA("Nitrous oxide emission factors for inorganic fertiliser application")
Name Common_SourceData.Common_SourceData_EFN2O_Unit: _xlfn.LAMBDA("(kg N2O-N / kg N")
Name Common_SourceData.Common_SourceData_EFOrganicFertiliserAndCropResidues_Data: _xlfn.LAMBDA(_xlfn.MAKEARRAY(3, 2, _xlfn.LAMBDA(_xlpm.r,_xlpm.c, INDEX({"Climate zone","EFNi & EFN2O";"Wet climate zone",0.006;"Dry climate zone",0.005}, _xlpm.r, _xlpm.c))))
Name Common_SourceData.Common_SourceData_EFOrganicFertiliserAndCropResidues_NIRReference: _xlfn.LAMBDA("")
Name Common_SourceData.Common_SourceData_EFOrganicFertiliserAndCropResidues_Source: _xlfn.LAMBDA("VEERG 2026: Table A.2.1.4")

Sheet Home
A1: Home

Sheet Overview
A1: #VALUE! | C1: 4.1: Manure Management: Beef feedlot: Overview
A3: =HYPERLINK("#'Home'!A1", "Home") -> Home
A4: =HYPERLINK("#'Overview'!A1", "Overview") -> Overview
A5: =HYPERLINK("#'Results'!A1", "Results") -> Results | D5: 💡 Below is a diagram that maps the equations used to calculate emissions, how they interact with each other and how they align with dairy manure management processes.
D6: Click on a box to go to the corresponding calculation.
A7: INPUTS
A8: =HYPERLINK("#'Input - Site'!A1", "Site") -> Site
A9: =HYPERLINK("#'Input - Feedlot'!A1", "Feedlot") -> Feedlot
A11: CALCULATIONS
A12: =HYPERLINK("#'4.1.1.1-2 Methane'!A1", "4.1.1.1-2 Methane") -> 4.1.1.1-2 Methane
A13: =HYPERLINK("#'4.1.1.3-4 Direct N20'!A1", "4.1.1.3-4 Direct N2O") -> 4.1.1.3-4 Direct N2O
A14: =HYPERLINK("#'4.1.1.5-6 Atmos Deposition'!A1", "4.1.1.5-6 Atmospheric deposition") -> 4.1.1.5-6 Atmospheric deposition
A15: =HYPERLINK("#'4.1.1.9 Manure applied to soils'!A1", "4.1.1.9 Manure applied to soils") -> 4.1.1.9 Manure applied to soils
A17: APPENDICES
A18: =HYPERLINK("#'Constants - Feedlot'!A1", "Constants - Feedlot") -> Constants - Feedlot
A19: =HYPERLINK("#'Constants - Livestock'!A1", "Constants - Livestock") -> Constants - Livestock
A20: =HYPERLINK("#'Constants - Common'!A1", "Constants - Common") -> Constants - Common
A21: =HYPERLINK("#'Acknowledgements'!A1", "Acknowledgements") -> Acknowledgements

Sheet Results
A1: #VALUE! | C1: 4.1 Manure management: Beef Feedlot: Results
A3: =HYPERLINK("#'Home'!A1", "Home") -> Home
A4: =HYPERLINK("#'Overview'!A1", "Overview") -> Overview | D4: Emissions breakdown
A5: =HYPERLINK("#'Results'!A1", "Results") -> Results
D6: Scope 1 source | E6: GHG emissions method 1 | F6: GHG emissions method 2 | G6: GHG Unit | H6: CO2-e emissions method 1 | I6: CO2-e emissions method 2 | J6: CO2-e unit
A7: INPUTS | D7: 4.1.1.1-2 Method 1 Manure methane | E7: ='4.1.1.1-2 Methane'!E171 -> 2.6279078 | F7: ='4.1.1.1-2 Methane'!N171 -> 2.6279078 | G7: ='4.1.1.1-2 Methane'!F171 -> t CH4 | H7: ='4.1.1.1-2 Methane'!E176 -> 73.581417 | I7: ='4.1.1.1-2 Methane'!N176 -> 73.581417 | J7: t CO2e
A8: =HYPERLINK("#'Input - Site'!A1", "Site") -> Site | D8: 4.1.1.3-4 Method 1 Manure direct N2O | E8: ='4.1.1.3-4 Direct N20'!E212 -> 0.80616789 | F8: ='4.1.1.3-4 Direct N20'!P212 -> 0.80616789 | G8: ='4.1.1.3-4 Direct N20'!F212 -> t N2O | H8: ='4.1.1.3-4 Direct N20'!E217 -> 213.63449 | I8: ='4.1.1.3-4 Direct N20'!P217 -> 213.63449 | J8: t CO2e
A9: =HYPERLINK("#'Input - Feedlot'!A1", "Feedlot") -> Feedlot | D9: 4.1.1.5-6 Method 1 Manure atmospheric deposition | E9: ='4.1.1.5-6 Atmos Deposition'!$E$65 -> 0.14584825 | F9: ='4.1.1.5-6 Atmos Deposition'!$N$65 -> 0.14584825 | G9: ='4.1.1.5-6 Atmos Deposition'!$F$65 -> t N2O | H9: ='4.1.1.5-6 Atmos Deposition'!$E$70 -> 38.649786 | I9: ='4.1.1.5-6 Atmos Deposition'!$N$70 -> 38.649786 | J9: t CO2e
D10: Total | H10: =SUM(H7:H9) -> 325.8657 | I10: =SUM(I7:I9) -> 325.8657 | J10: t CO2e
A11: CALCULATIONS
A12: =HYPERLINK("#'4.1.1.1-2 Methane'!A1", "4.1.1.1-2 Methane") -> 4.1.1.1-2 Methane | D12: 4.1.1.9 Manure applied to soils
A13: =HYPERLINK("#'4.1.1.3-4 Direct N20'!A1", "4.1.1.3-4 Direct N2O") -> 4.1.1.3-4 Direct N2O | D13: WARNING: Manure nitrogen that was applied to soils must be accounted for
A14: =HYPERLINK("#'4.1.1.5-6 Atmos Deposition'!A1", "4.1.1.5-6 Atmospheric deposition") -> 4.1.1.5-6 Atmospheric deposition | D14: See the table below for how to account for manure applied to soils for scope 1 and 3.
A15: =HYPERLINK("#'4.1.1.9 Manure applied to soils'!A1", "4.1.1.9 Manure applied to soils") -> 4.1.1.9 Manure applied to soils | D15: Manure nitrogen use | E15: N in manure (Method 1) | F15: N in manure (Method 2) | G15: N unit | H15: Emissions allocated to | I15: VEERG Calculation method
D16: Manure nitrogen deposited on farm soils (including use as fertiliser for other enterprises on own farm eg crops) | E16: ='4.1.1.9 Manure applied to soils'!$E$61 -> 24340.195 | F16: ='4.1.1.9 Manure applied to soils'!O61 -> 24340.195 | G16: ='4.1.1.9 Manure applied to soils'!$F$61 -> kg N | H16: Scope 1 - This feedlot | I16: 5.2.2.1 (1), 5.4.1.3 (1, 2), 5.5.1.1 (1, 3)
A17: APPENDICES | D17: Manure nitrogen deposited on farm soils as fertiliser for other farm enterpsies (eg crops) | E17: ='4.1.1.9 Manure applied to soils'!$E$111 -> 2221.8698 | F17: ='4.1.1.9 Manure applied to soils'!O87 -> 2221.8698 | G17: ='4.1.1.9 Manure applied to soils'!$F$111 -> kg N | H17: Scope 1 - This feedlot | I17: 5.2.2.1 (1), 5.4.1.3 (1, 2), 5.5.1.1 (1, 3)
A18: =HYPERLINK("#'Constants - Feedlot'!A1", "Constants - Feedlot") -> Constants - Feedlot | D18: Manure nitrogen sold | E18: ='4.1.1.9 Manure applied to soils'!E87 -> 2221.8698 | F18: ='4.1.1.9 Manure applied to soils'!O111 -> 2221.8698 | G18: ='4.1.1.9 Manure applied to soils'!F87 -> kg N | H18: Scope 3 (downstream) | I18: 15.13.1.1 (1), 5.2.2.1 (1), 5.4.1.3 (1, 2), 5.5.1.1 (1, 3)
A19: =HYPERLINK("#'Constants - Livestock'!A1", "Constants - Livestock") -> Constants - Livestock
A20: =HYPERLINK("#'Constants - Common'!A1", "Constants - Common") -> Constants - Common
A21: =HYPERLINK("#'Acknowledgements'!A1", "Acknowledgements") -> Acknowledgements

Sheet Input - Site
A1: #VALUE! | C1: Input - Site
A3: =HYPERLINK("#'Home'!A1", "Home") -> Home
A4: =HYPERLINK("#'Overview'!A1", "Overview") -> Overview
A5: =HYPERLINK("#'Results'!A1", "Results") -> Results | D5: Your business
A7: INPUTS | D7: Farm name | E7: My test farm
A8: =HYPERLINK("#'Input - Site'!A1", "Site") -> Site | D8: Reporting entity name | E8: My test Farms Pty Ltd
A9: =HYPERLINK("#'Input - Feedlot'!A1", "Feedlot") -> Feedlot
D10: 💡An 'Emissions accounting period' is a 12 month period where the business can report on the emissions, and is typically the same as the business' financial accounting period.
A11: CALCULATIONS
A12: =HYPERLINK("#'4.1.1.1-2 Methane'!A1", "4.1.1.1-2 Methane") -> 4.1.1.1-2 Methane | D12: Emissions calculation period start date | E12: 45658 | F12: ← DD/MM/YYYY or DD Month YYYY
A13: =HYPERLINK("#'4.1.1.3-4 Direct N20'!A1", "4.1.1.3-4 Direct N2O") -> 4.1.1.3-4 Direct N2O | D13: Emissions calculation period end date | E13: =DATE(YEAR(E12)+1,MONTH(E12),DAY(E12))-1 -> 46022 | F13: ← Automatically calculated, 12 months after start date
A14: =HYPERLINK("#'4.1.1.5-6 Atmos Deposition'!A1", "4.1.1.5-6 Atmospheric deposition") -> 4.1.1.5-6 Atmospheric deposition
A15: =HYPERLINK("#'4.1.1.9 Manure applied to soils'!A1", "4.1.1.9 Manure applied to soils") -> 4.1.1.9 Manure applied to soils
D16: Location and climate
A17: APPENDICES
A18: =HYPERLINK("#'Constants - Feedlot'!A1", "Constants - Feedlot") -> Constants - Feedlot | D18: Location information is used to reference some region and climate-specific emission factors
A19: =HYPERLINK("#'Constants - Livestock'!A1", "Constants - Livestock") -> Constants - Livestock | D19: Tip: Use the web-based GAF Location Helper tool to easily get region and climate information. You will need an internet connection to use the GAF Location Helper.
A20: =HYPERLINK("#'Constants - Common'!A1", "Constants - Common") -> Constants - Common
A21: =HYPERLINK("#'Acknowledgements'!A1", "Acknowledgements") -> Acknowledgements | D21: State | E21: Western Australia | F21: ← Please select
D22: Region (ABS Statistical area level 4) if state is WA | E22: Western Australia - Outback (South) | F22: ← Please select
D23: Leaching zone | E23: NO - Not in leaching zone | F23: ← Please select
D24: Elevation | E24: 307.7 | F24: Meters
D25: Average temperature for reporting period | E25: 18 | F25: Degrees celsius
D26: Total rainfall for reporting period | E26: 601 | F26: Millimetres
D27: Potential evapotranspiration for reporting period | E27: 1326 | F27: Millimetres
D28: Number of frost days for reporting period | E28: 7 | F28: Days
D29: MAP:PET ratio | E29: =E26/E27 -> 0.45324284
D30: Rainfall zone | E30: =Common_InputFunctions.Utility_LookupItemFromMinMax(E26,Table_SourceData_RainfallZones[Min rainfall],Table_SourceData_RainfallZones[Max rainfall],Table_SourceData_RainfallZones[Rainfall Zone]) -> High rainfall
D31: Climate zone | E31: =Common_InputFunctions.Utility_GetClimateZone(E25,E26,E28,E24,E29,Table_SourceData_ClimateZones[Min temp],Table_SourceData_ClimateZones[Max temp],Table_SourceData_ClimateZones[Min rainfall],Table_SourceData_ClimateZones[Max rainfall],Table_SourceData_ClimateZones[Min frost days],Table_SourceData_ClimateZones[Max frost days],Table_SourceData_ClimateZones[Min elevation],Table_SourceData_ClimateZones[Max elevation],Table_SourceData_ClimateZones[Min MAP:PET],Table_SourceData_ClimateZones[Max MAP:PET],Table_SourceData_ClimateZones[Climate zone]) -> Warm temperate dry
D32: Wet or dry climate zone | E32: =Common_InputFunctions.Utility_LookupValueInTable($E$31,Table_SourceData_WetDryZones[Climate zone],Table_SourceData_WetDryZones[Wet or Dry Zone]) -> Dry climate zone
D33: Temperature zone | E33: =Common_InputFunctions.Utility_LookupItemFromMinMax(E25,Table_SourceData_TemperatureZones[Min MAT],Table_SourceData_TemperatureZones[Max MAT],Table_SourceData_TemperatureZones[Temperature Zone]) -> Temperate

Sheet Input - Feedlot
A1: #VALUE! | C1: Input - MMS - Feedlot
A3: =HYPERLINK("#'Home'!A1", "Home") -> Home
A4: =HYPERLINK("#'Overview'!A1", "Overview") -> Overview
A5: =HYPERLINK("#'Results'!A1", "Results") -> Results | D5: Herd movement
A7: INPUTS | E7: Domestic | F7: Mid-fed | G7: Long-fed
A8: =HYPERLINK("#'Input - Site'!A1", "Site") -> Site | D8: ="Average number of head between " & TEXT('Input - Site'!$E$12, "dd mmm yy") & " and " & TEXT('Input - Site'!$E$13, "dd mmm yy") -> Average number of head between 01 Jan 25 and 31 Dec 25 | E8: 1000 | F8: 1000 | G8: 1000 | H8: head
A9: =HYPERLINK("#'Input - Feedlot'!A1", "Feedlot") -> Feedlot | D9: ="Average duration of stay between " & TEXT('Input - Site'!$E$12, "dd mmm yy") & " and " & TEXT('Input - Site'!$E$13, "dd mmm yy") -> Average duration of stay between 01 Jan 25 and 31 Dec 25 | E9: 90 | F9: 140 | G9: 250 | H9: days
A11: CALCULATIONS | D11: Intake
A12: =HYPERLINK("#'4.1.1.1-2 Methane'!A1", "4.1.1.1-2 Methane") -> 4.1.1.1-2 Methane
A13: =HYPERLINK("#'4.1.1.3-4 Direct N20'!A1", "4.1.1.3-4 Direct N2O") -> 4.1.1.3-4 Direct N2O | D13: Method 1 default values (Do not edit) | E13: Domestic | F13: Mid-fed | G13: Long-fed
A14: =HYPERLINK("#'4.1.1.5-6 Atmos Deposition'!A1", "4.1.1.5-6 Atmospheric deposition") -> 4.1.1.5-6 Atmospheric deposition | D14: Feed intake | E14: 10.4 | F14: 10.8 | G14: 8.2 | H14: kg dry matter / head day
A15: =HYPERLINK("#'4.1.1.9 Manure applied to soils'!A1", "4.1.1.9 Manure applied to soils") -> 4.1.1.9 Manure applied to soils | D15: Dry matter digestibility | E15: 0.81 | F15: 0.81 | G15: 0.81 | H15: fraction
D16: Crude protein | E16: 0.14 | F16: 0.12 | G16: 0.12 | H16: fraction
A17: APPENDICES | D17: N retention | E17: 20.4 | F17: 12.7 | G17: 7 | H17: percent of intake
A18: =HYPERLINK("#'Constants - Feedlot'!A1", "Constants - Feedlot") -> Constants - Feedlot
A19: =HYPERLINK("#'Constants - Livestock'!A1", "Constants - Livestock") -> Constants - Livestock | D19: Method 2 custom values (Edit if known) | E19: Domestic | F19: Mid-fed | G19: Long-fed
A20: =HYPERLINK("#'Constants - Common'!A1", "Constants - Common") -> Constants - Common | D20: Feed intake | E20: 10.4 | F20: 10.8 | G20: 8.2 | H20: kg dry matter / head day
A21: =HYPERLINK("#'Acknowledgements'!A1", "Acknowledgements") -> Acknowledgements | D21: Dry matter digestibility | E21: 0.81 | F21: 0.81 | G21: 0.81 | H21: fraction
D22: Crude protein | E22: 0.14 | F22: 0.12 | G22: 0.12 | H22: fraction
D23: N retention | E23: 20.4 | F23: 12.7 | G23: 7 | H23: percent of intake
D25: Manure management systems
D27: Stage 1 MMS | E27: Domestic | F27: Mid-fed | G27: Long-fed
D28: Drylot (feed pad) | E28: 1 | F28: 1 | G28: 1 | H28: percent
D29: ▼
D30: Stage 2 MMS | E30: Domestic | F30: Mid-fed | G30: Long-fed | H30: ► | I30: Destination after stage 2 MMS (Percent)
D31: ="From Stage 1: " & $D$28 & " to:" -> From Stage 1: Drylot (feed pad) to: | I31: Sold | J31: Fert for own farm (eg crop) | K31: Direct application to soil
D32: ='Constants - Feedlot'!D29 -> Solid storage | E32: 0.2 | F32: 0.2 | G32: 0.2 | H32: percent | I32: 0.25 | J32: 0.25 | K32: 0.5
D33: ='Constants - Feedlot'!D30 -> Composting (passive windrow) | E33: 0.2 | F33: 0.2 | G33: 0.2 | H33: percent | I33: 0.25 | J33: 0.25 | K33: 0.5
D34: Direct application | E34: 0.6 | F34: 0.6 | G34: 0.6 | H34: percent | I34: 0 | J34: 0 | K34: 1
D36: Stage 3 MMS | E36: Domestic | F36: Mid-fed | G36: Long-fed | H36: ► | I36: Destination after stage 3 MMS (Percent)
D37: ="From Stage 1: " & $D$28 & " to:" -> From Stage 1: Drylot (feed pad) to: | I37: Sold | J37: Fert for own farm (eg crop) | K37: Direct application to soil
D38: ='Constants - Feedlot'!$D$32 -> Anaerobic lagoon | E38: 0.02 | F38: 0.02 | G38: 0.02 | H38: percent | I38: 0.25 | J38: 0.25 | K38: 0.5
D41: Where manure was deposited on farm soils, what is the closest match? | E41: Pasture | F41: ← Please select
E42: Not irrigated | F42: ← Please select

Sheet 4.1.1.1-2 Methane
A1: #VALUE! | C1: 4.1.1.1-2 Manure Methane
A3: =HYPERLINK("#'Home'!A1", "Home") -> Home | D3: Method 1 | M3: Method 2
A4: =HYPERLINK("#'Overview'!A1", "Overview") -> Overview
A5: =HYPERLINK("#'Results'!A1", "Results") -> Results | D5: {=MMS_Feedlot_Methane_Equations.VEERG_4_1_1_1__5_VolatileSolidProduction_Title()} -> Volatile solid production
D6: {=MMS_Feedlot_Methane_Equations.VEERG_4_1_1_1__5_VolatileSolidProduction_Source()} -> VEERG 2026: 4.1.1.1, Equation (5)
A7: INPUTS | D7: Function name | E7: {=Common_InputFunctions.Utility_DisplayFunctionName(D30)} -> =MMS_Feedlot_Methane_Equations.VEERG_4_1_1_1__5_VolatileSolidProduction
A8: =HYPERLINK("#'Input - Site'!A1", "Site") -> Site
A9: =HYPERLINK("#'Input - Feedlot'!A1", "Feedlot") -> Feedlot
D10: Variable | E10: {=MMS_Feedlot_Methane_Equations.VEERG_4_1_1_1__5_VolatileSolidProduction_Variable()} -> VS_j
A11: CALCULATIONS | D11: Unit | E11: {=MMS_Feedlot_Methane_Equations.VEERG_4_1_1_1__5_VolatileSolidProduction_Unit()} -> kg/head/day
A12: =HYPERLINK("#'4.1.1.1-2 Methane'!A1", "4.1.1.1-2 Methane") -> 4.1.1.1-2 Methane
A13: =HYPERLINK("#'4.1.1.3-4 Direct N20'!A1", "4.1.1.3-4 Direct N2O") -> 4.1.1.3-4 Direct N2O | D13: {=MMS_Feedlot_Methane_Equations.VEERG_4_1_1_1__5_VolatileSolidProduction_Arguments()} -> I_j | E13: dry matter intake for each group j | F13: kg DM/head/day | G13: Input | H13: {=HYPERLINK(Common_InputFunctions.Utility_SourceHyperlink($D$17),$D$17)} -> M1_Table_I_j
A14: =HYPERLINK("#'4.1.1.5-6 Atmos Deposition'!A1", "4.1.1.5-6 Atmospheric deposition") -> 4.1.1.5-6 Atmospheric deposition | D14: DMD_j | E14: dry matter digestibility for each group j | F14: fraction | G14: Input | H14: {=HYPERLINK(Common_InputFunctions.Utility_SourceHyperlink($D$22),$D$22)} -> M1_Table_DMD_j
A15: =HYPERLINK("#'4.1.1.9 Manure applied to soils'!A1", "4.1.1.9 Manure applied to soils") -> 4.1.1.9 Manure applied to soils | D15: A | E15: ash content of manure | F15: fraction | G15: Constant | H15: ='Constants - Feedlot'!$E$17 -> 0.16
A17: APPENDICES | D17: M1_Table_I_j | M17: M2_Table_I_j
A18: =HYPERLINK("#'Constants - Feedlot'!A1", "Constants - Feedlot") -> Constants - Feedlot | D18: Dry matter intake (Method 1) | M18: Dry matter intake (Method 2)
A19: =HYPERLINK("#'Constants - Livestock'!A1", "Constants - Livestock") -> Constants - Livestock | D19: Domestic | E19: Mid-fed | F19: Long-fed | M19: Domestic | N19: Mid-fed | O19: Long-fed
A20: =HYPERLINK("#'Constants - Common'!A1", "Constants - Common") -> Constants - Common | D20: ='Input - Feedlot'!$E$14 -> 10.4 | E20: ='Input - Feedlot'!$F$14 -> 10.8 | F20: ='Input - Feedlot'!$G$14 -> 8.2 | G20: kg DM/head/day | M20: ='Input - Feedlot'!$E$20 -> 10.4 | N20: ='Input - Feedlot'!$F$20 -> 10.8 | O20: ='Input - Feedlot'!$G$20 -> 8.2 | P20: kg DM/head/day
A21: =HYPERLINK("#'Acknowledgements'!A1", "Acknowledgements") -> Acknowledgements
D22: M1_Table_DMD_j | M22: M2_Table_DMD_j
D23: Dry matter digestibility (Method 1) | M23: Dry matter digestibility (Method 2)
D24: Domestic | E24: Mid-fed | F24: Long-fed | M24: Domestic | N24: Mid-fed | O24: Long-fed
D25: ='Input - Feedlot'!$E$15 -> 0.81 | E25: ='Input - Feedlot'!$F$15 -> 0.81 | F25: ='Input - Feedlot'!$G$15 -> 0.81 | G25: fraction | M25: ='Input - Feedlot'!$E$21 -> 0.81 | N25: ='Input - Feedlot'!$F$21 -> 0.81 | O25: ='Input - Feedlot'!$G$21 -> 0.81 | P25: fraction
D27: M1_Table_VS_j | M27: M2_Table_VS_j
D28: Volatile solid production (Method 1) | M28: Volatile solid production (Method 2)
D29: Domestic | E29: Mid-fed | F29: Long-fed | M29: Domestic | N29: Mid-fed | O29: Long-fed
D30: {=MMS_Feedlot_Methane_Equations.VEERG_4_1_1_1__5_VolatileSolidProduction(D20,D25,$H$15)} -> 1.65984 | E30: {=MMS_Feedlot_Methane_Equations.VEERG_4_1_1_1__5_VolatileSolidProduction(E20,E25,$H$15)} -> 1.72368 | F30: {=MMS_Feedlot_Methane_Equations.VEERG_4_1_1_1__5_VolatileSolidProduction(F20,F25,$H$15)} -> 1.30872 | G30: =$E$11 -> kg/head/day | M30: {=MMS_Feedlot_Methane_Equations.VEERG_4_1_1_1__5_VolatileSolidProduction(M20,M25,$H$15)} -> 1.65984 | N30: {=MMS_Feedlot_Methane_Equations.VEERG_4_1_1_1__5_VolatileSolidProduction(N20,N25,$H$15)} -> 1.72368 | O30: {=MMS_Feedlot_Methane_Equations.VEERG_4_1_1_1__5_VolatileSolidProduction(O20,O25,$H$15)} -> 1.30872 | P30: =$E$11 -> kg/head/day
D34: {=MMS_Feedlot_Methane_Equations.VEERG_4_1_1_1__2_Stage1MethaneProductionDrylot_Title()} -> Production of methane in treatment stage 1 MMS
D35: {=MMS_Feedlot_Methane_Equations.VEERG_4_1_1_1__2_Stage1MethaneProductionDrylot_Source()} -> VEERG 2026: 4.1.1.1, Equation (2)
D36: Function name | E36: {=Common_InputFunctions.Utility_DisplayFunctionName(E57)} -> =MMS_Feedlot_Methane_Equations.VEERG_4_1_1_1__2_Stage1MethaneProductionDrylot
D39: Variable | E39: {=MMS_Feedlot_Methane_Equations.VEERG_4_1_1_1__2_Stage1MethaneProductionDrylot_Variable()} -> M_jm5T1
D40: Unit | E40: {=MMS_Feedlot_Methane_Equations.VEERG_4_1_1_1__2_Stage1MethaneProductionDrylot_Unit()} -> kg CH4/head/day | M40: NOTE: Drylot MCF is state based
D42: {=_xlfn.CHOOSECOLS(MMS_Feedlot_Methane_Equations.VEERG_4_1_1_1__2_Stage1MethaneProductionDrylot_Arguments(),1,2)} -> VS_j | E42: volatile solid production from feedlot cattle in each group | G42: {=_xlfn.CHOOSECOLS(MMS_Feedlot_Methane_Equations.VEERG_4_1_1_1__2_Stage1MethaneProductionDrylot_Arguments(),3,4)} -> kg/head/day | H42: Calculated from 4.1.1.1 (5) | I42: {=HYPERLINK(Common_InputFunctions.Utility_SourceHyperlink($D$27),$D$27)} -> M1_Table_VS_j | M42: {=_xlfn.CHOOSECOLS(MMS_Feedlot_Methane_Equations.VEERG_4_1_1_1__2_Stage1MethaneProductionDrylot_Arguments_Method2(),1,2)} -> VS_j | N42: volatile solid production from feedlot cattle in each group | P42: {=_xlfn.CHOOSECOLS(MMS_Feedlot_Methane_Equations.VEERG_4_1_1_1__2_Stage1MethaneProductionDrylot_Arguments_Method2(),3,4)} -> kg/head/day | Q42: Calculated from 4.1.1.1 (5) | R42: {=HYPERLINK(Common_InputFunctions.Utility_SourceHyperlink($D$27),$D$27)} -> M1_Table_VS_j
D43: BO | E43: emissions potential | G43: m3 CH4/kg VS | H43: Constant | I43: ='Constants - Feedlot'!$E$22 -> 0.19 | M43: BO | N43: emissions potential | P43: m3 CH4/kg VS | Q43: Constant | R43: ='Constants - Feedlot'!$E$22 -> 0.19
D44: MMS_m5T1 | E44: fraction of manure in primary system drylot MMS | G44: fraction | H44: Input | I44: {=HYPERLINK(Common_InputFunctions.Utility_SourceHyperlink($D$49),$D$49)} -> Table_MMS_m-5_T-1 | M44: MMS_m5T1 | N44: fraction of manure in primary system drylot MMS | P44: fraction | Q44: Input | R44: {=HYPERLINK(Common_InputFunctions.Utility_SourceHyperlink($D$49),$D$49)} -> Table_MMS_m-5_T-1
D45: MCF_im5 | E45: methane conversion factor for state and drylot system | G45: fraction | H45: Constant | I45: =HLOOKUP(I47, Table_SourceData_Feedlot_MCF[#All], 2, FALSE) -> 0.01 | M45: MCF_im5 | N45: methane conversion factor for state and drylot system | P45: fraction | Q45: Constant | R45: =HLOOKUP(I47, Table_SourceData_Feedlot_MCF[#All], 2, FALSE) -> 0.01
D46: rho | E46: density of methane | G46: kg/m3 | H46: Constant | I46: ='Constants - Common'!$D$175 -> 0.6784 | M46: rho | N46: density of methane | P46: kg/m3 | Q46: Constant | R46: ='Constants - Common'!$D$175 -> 0.6784
D47: i | E47: state | H47: Input | I47: =Common_InputFunctions.Utility_LookupValueInTable('Input - Site'!$E$21,Table_AustralianStates[Common Name],Table_AustralianStates[Abbreviation]) -> WA | M47: i | N47: state | Q47: Input | R47: =Common_InputFunctions.Utility_LookupValueInTable('Input - Site'!$E$21,Table_AustralianStates[Common Name],Table_AustralianStates[Abbreviation]) -> WA
D49: Table_MMS_m-5_T-1
D50: Fraction of manure in primary system drylot
D51: Stage 1 MMS | E51: Domestic | F51: Mid-fed | G51: Long-fed
D52: ='Input - Feedlot'!$D$28 -> Drylot (feed pad) | E52: ='Input - Feedlot'!$E$28 -> 1 | F52: ='Input - Feedlot'!$F$28 -> 1 | G52: ='Input - Feedlot'!$G$28 -> 1 | H52: fraction
D54: M1_Table_M_j_m-5_T-1 | M54: M2_Table_M_j_m-5_T-1
D55: Production of methane stage 1 MMS (Method 1) | M55: Production of methane stage 1 MMS (Method 2)
D56: Stage 1 MMS | E56: Domestic | F56: Mid-fed | G56: Long-fed | M56: Stage 1 MMS | N56: Domestic | O56: Mid-fed | P56: Long-fed
D57: ='Input - Feedlot'!$D$28 -> Drylot (feed pad) | E57: {=MMS_Feedlot_Methane_Equations.VEERG_4_1_1_1__2_Stage1MethaneProductionDrylot(D30,$I$43,E52,$I$45,$I$46)} -> 0.0021394674 | F57: {=MMS_Feedlot_Methane_Equations.VEERG_4_1_1_1__2_Stage1MethaneProductionDrylot(E30,$I$43,F52,$I$45,$I$46)} -> 0.0022217546 | G57: {=MMS_Feedlot_Methane_Equations.VEERG_4_1_1_1__2_Stage1MethaneProductionDrylot(F30,$I$43,G52,$I$45,$I$46)} -> 0.0016868877 | H57: =$E$40 -> kg CH4/head/day | M57: ='Input - Feedlot'!$D$28 -> Drylot (feed pad) | N57: {=MMS_Feedlot_Methane_Equations.VEERG_4_1_1_1__2_Stage1MethaneProductionDrylot(M30,$I$43,E52,$I$45,$I$46)} -> 0.0021394674 | O57: {=MMS_Feedlot_Methane_Equations.VEERG_4_1_1_1__2_Stage1MethaneProductionDrylot(N30,$I$43,F52,$I$45,$I$46)} -> 0.0022217546 | P57: {=MMS_Feedlot_Methane_Equations.VEERG_4_1_1_1__2_Stage1MethaneProductionDrylot(O30,$I$43,G52,$I$45,$I$46)} -> 0.0016868877 | Q57: =$E$40 -> kg CH4/head/day
D58: =IF(ISNUMBER($I$45),"", "⚠️ ALERT: No MCFim5 data provided. Zero is used instead.")
D61: {=MMS_Feedlot_Methane_Equations.VEERG_4_1_1_1__3_Stage2MethaneProduction_Title()} -> Production of methane in treatment stage 2 MMS
D62: {=MMS_Feedlot_Methane_Equations.VEERG_4_1_1_1__3_Stage2MethaneProduction_Source()} -> VEERG 2026: 4.1.1.1, Equation (3)
D63: Function name | E63: {=Common_InputFunctions.Utility_DisplayFunctionName(E96)} -> =MMS_Feedlot_Methane_Equations.VEERG_4_1_1_1__3_Stage2MethaneProduction
D66: Variable | E66: {=MMS_Feedlot_Methane_Equations.VEERG_4_1_1_1__3_Stage2MethaneProduction_Variable()} -> M_jmT2
D67: Unit | E67: {=MMS_Feedlot_Methane_Equations.VEERG_4_1_1_1__3_Stage2MethaneProduction_Unit()} -> kg CH4/head/day
D69: {=_xlfn.CHOOSECOLS(MMS_Feedlot_Methane_Equations.VEERG_4_1_1_1__3_Stage2MethaneProduction_Arguments(),1,2)} -> VSL | E69: fraction of volatile solids lost during storage in the primary system | G69: {=_xlfn.CHOOSECOLS(MMS_Feedlot_Methane_Equations.VEERG_4_1_1_1__3_Stage2MethaneProduction_Arguments(),3,4)} -> fraction | H69: Constant | I69: ='Constants - Feedlot'!$E$7 -> 0.5 | M69: {=_xlfn.CHOOSECOLS(MMS_Feedlot_Methane_Equations.VEERG_4_1_1_1__3_Stage2MethaneProduction_Arguments_Method2(),1,2)} -> VSL | N69: fraction of volatile solids lost during storage in the primary system | P69: {=_xlfn.CHOOSECOLS(MMS_Feedlot_Methane_Equations.VEERG_4_1_1_1__3_Stage2MethaneProduction_Arguments_Method2(),3,4)} -> fraction | Q69: Constant
D70: VS_j | E70: volatile solid production from feedlot cattle in each group | G70: kg/head/day | H70: Calculated from 4.1.1.1 (5) | I70: {=HYPERLINK(Common_InputFunctions.Utility_SourceHyperlink($D$27),$D$27)} -> M1_Table_VS_j | M70: VS_j | N70: volatile solid production from feedlot cattle in each group | P70: kg/head/day | Q70: Calculated from 4.1.1.1 (5)
D71: BO | E71: emissions potential | G71: m3 CH4/kg VS | H71: Constant | I71: ='Constants - Feedlot'!$E$22 -> 0.19 | M71: BO | N71: emissions potential | P71: m3 CH4/kg VS | Q71: Constant
D72: MMS_mT2 | E72: fraction of manure in each secondary system | G72: fraction | H72: Input | I72: {=HYPERLINK(Common_InputFunctions.Utility_SourceHyperlink($D$77),$D$77)} -> Table_MMS_m_T-2 | M72: MMS_mT2 | N72: fraction of manure in each secondary system | P72: fraction | Q72: Input
D73: MCF_im | E73: methane conversion factor for state and MMS | G73: fraction | H73: Constant | I73: {=HYPERLINK(Common_InputFunctions.Utility_SourceHyperlink($D$84),$D$84)} -> M1_Table_MCF_i_m | M73: MCF_im | N73: methane conversion factor for mean annual temperature and MMS | P73: fraction | Q73: Constant | R73: {=HYPERLINK(Common_InputFunctions.Utility_SourceHyperlink($M$84),$M$84)} -> M2_Table_MCF_i_m
D74: rho | E74: density of methane | G74: kg/m3 | H74: Constant | I74: ='Constants - Common'!$D$175 -> 0.6784 | M74: rho | N74: density of methane | P74: kg/m3 | Q74: Constant
D75: i | E75: state | H75: Input | I75: =Common_InputFunctions.Utility_LookupValueInTable('Input - Site'!$E$21,Table_AustralianStates[Common Name],Table_AustralianStates[Abbreviation]) -> WA | M75: i | N75: Mean annual temperature | Q75: Input | R75: ='Input - Site'!$E$25 -> 18
D77: Table_MMS_m_T-2
D78: Fraction of manure sent to stage 2 MMS
D79: Stage 1 MMS | E79: Stage 2 MMS | F79: Domestic | G79: Mid-fed | H79: Long-fed
D80: ='Input - Feedlot'!$D$28 -> Drylot (feed pad) | E80: ='Input - Feedlot'!$D$32 -> Solid storage | F80: ='Input - Feedlot'!$E$32 -> 0.2 | G80: ='Input - Feedlot'!$F$32 -> 0.2 | H80: ='Input - Feedlot'!$G$32 -> 0.2 | I80: =G72 -> fraction
D81: ='Input - Feedlot'!$D$28 -> Drylot (feed pad) | E81: ='Input - Feedlot'!$D$33 -> Composting (passive windrow) | F81: ='Input - Feedlot'!$E$33 -> 0.2 | G81: ='Input - Feedlot'!$F$33 -> 0.2 | H81: ='Input - Feedlot'!$G$33 -> 0.2
D82: ='Input - Feedlot'!$D$28 -> Drylot (feed pad) | E82: ='Input - Feedlot'!$D$34 -> Direct application | F82: ='Input - Feedlot'!$E$34 -> 0.6 | G82: ='Input - Feedlot'!$F$34 -> 0.6 | H82: ='Input - Feedlot'!$G$34 -> 0.6
D84: M1_Table_MCF_i_m | M84: M2_Table_MCF_i_m
D85: Methane conversion factor for state and MMS (Method 1) | M85: Methane conversion factor for state and MMS (Method 2)
D86: Stage 1 MMS | E86: Stage 2 MMS | F86: MCFim | M86: Stage 1 MMS | N86: Stage 2 MMS | O86: MCFim
D87: ='Input - Feedlot'!$D$28 -> Drylot (feed pad) | E87: ='Input - Feedlot'!$D$32 -> Solid storage | F87: {=_xlfn.XLOOKUP($I$75, Table_SourceData_Feedlot_MCF[#Headers], _xlfn.XLOOKUP(E87, Table_SourceData_Feedlot_MCF[NIR definition], Table_SourceData_Feedlot_MCF[]))} -> 0.02 | G87: =G73 -> fraction | M87: ='Input - Feedlot'!$D$28 -> Drylot (feed pad) | N87: ='Input - Feedlot'!$D$32 -> Solid storage | O87: =Common_InputFunctions.Common_GetMCFTemperatureZone($R$75,N87,Table_SourceData_Common_MCFTemperatureZone[MAT (ºC)],Table_SourceData_Common_MCFTemperatureZone[#Headers],Table_SourceData_Common_MCFTemperatureZone[]) -> 0.02 | P87: =P73 -> fraction
D88: ='Input - Feedlot'!$D$28 -> Drylot (feed pad) | E88: ='Input - Feedlot'!$D$33 -> Composting (passive windrow) | F88: {=_xlfn.XLOOKUP($I$75, Table_SourceData_Feedlot_MCF[#Headers], _xlfn.XLOOKUP(E88, Table_SourceData_Feedlot_MCF[NIR definition], Table_SourceData_Feedlot_MCF[]))} -> 0.01 | M88: ='Input - Feedlot'!$D$28 -> Drylot (feed pad) | N88: ='Input - Feedlot'!$D$33 -> Composting (passive windrow) | O88: =Common_InputFunctions.Common_GetMCFTemperatureZone($R$75,N88,Table_SourceData_Common_MCFTemperatureZone[MAT (ºC)],Table_SourceData_Common_MCFTemperatureZone[#Headers],Table_SourceData_Common_MCFTemperatureZone[]) -> 0.01
D89: ='Input - Feedlot'!$D$28 -> Drylot (feed pad) | E89: ='Input - Feedlot'!$D$34 -> Direct application | F89: {=_xlfn.XLOOKUP($I$75, Table_SourceData_Feedlot_MCF[#Headers], _xlfn.XLOOKUP(E89, Table_SourceData_Feedlot_MCF[NIR definition], Table_SourceData_Feedlot_MCF[]))} -> 0 | M89: ='Input - Feedlot'!$D$28 -> Drylot (feed pad) | N89: ='Input - Feedlot'!$D$34 -> Direct application | O89: =Common_InputFunctions.Common_GetMCFTemperatureZone($R$75,N89,Table_SourceData_Common_MCFTemperatureZone[MAT (ºC)],Table_SourceData_Common_MCFTemperatureZone[#Headers],Table_SourceData_Common_MCFTemperatureZone[]) -> 0
D91: Note: Manure that is directly applied to soils after it is scraped from the feed pad is calculated as having zero methane emissions.
D93: M1_Table_M_j_m_T-2 | M93: M2_Table_M_j_m_T-2
D94: Production of methane in stage 2 MMS (Method 1) | M94: Production of methane in stage 2 MMS (Method 2)
D95: Stage 2 MMS | E95: Domestic | F95: Mid-fed | G95: Long-fed | M95: Stage 2 MMS | N95: Domestic | O95: Mid-fed | P95: Long-fed
D96: ='Input - Feedlot'!$D$32 -> Solid storage | E96: {=MMS_Feedlot_Methane_Equations.VEERG_4_1_1_1__3_Stage2MethaneProduction($I$69,D$30,$I$71,F80,_xlfn.XLOOKUP($D96,$E$87:$E$89,$F$87:$F$89),$I$74)} -> 0.00042789347 | F96: {=MMS_Feedlot_Methane_Equations.VEERG_4_1_1_1__3_Stage2MethaneProduction($I$69,E$30,$I$71,G80,_xlfn.XLOOKUP($D96,$E$87:$E$89,$F$87:$F$89),$I$74)} -> 0.00044435091 | G96: {=MMS_Feedlot_Methane_Equations.VEERG_4_1_1_1__3_Stage2MethaneProduction($I$69,F$30,$I$71,H80,_xlfn.XLOOKUP($D96,$E$87:$E$89,$F$87:$F$89),$I$74)} -> 0.00033737755 | H96: =$E$67 -> kg CH4/head/day | M96: ='Input - Feedlot'!$D$32 -> Solid storage | N96: {=MMS_Feedlot_Methane_Equations.VEERG_4_1_1_1__3_Stage2MethaneProduction($I$69,M$30,$I$71,F80,_xlfn.XLOOKUP($M96,$N$87:$N$89,$O$87:$O$89),$I$74)} -> 0.00042789347 | O96: {=MMS_Feedlot_Methane_Equations.VEERG_4_1_1_1__3_Stage2MethaneProduction($I$69,N$30,$I$71,G80,_xlfn.XLOOKUP($M96,$N$87:$N$89,$O$87:$O$89),$I$74)} -> 0.00044435091 | P96: {=MMS_Feedlot_Methane_Equations.VEERG_4_1_1_1__3_Stage2MethaneProduction($I$69,O$30,$I$71,H80,_xlfn.XLOOKUP($M96,$N$87:$N$89,$O$87:$O$89),$I$74)} -> 0.00033737755 | Q96: =$E$67 -> kg CH4/head/day
D97: ='Input - Feedlot'!$D$33 -> Composting (passive windrow) | E97: {=MMS_Feedlot_Methane_Equations.VEERG_4_1_1_1__3_Stage2MethaneProduction($I$69,D$30,$I$71,F81,_xlfn.XLOOKUP($D97,$E$87:$E$89,$F$87:$F$89),$I$74)} -> 0.00021394674 | F97: {=MMS_Feedlot_Methane_Equations.VEERG_4_1_1_1__3_Stage2MethaneProduction($I$69,E$30,$I$71,G81,_xlfn.XLOOKUP($D97,$E$87:$E$89,$F$87:$F$89),$I$74)} -> 0.00022217546 | G97: {=MMS_Feedlot_Methane_Equations.VEERG_4_1_1_1__3_Stage2MethaneProduction($I$69,F$30,$I$71,H81,_xlfn.XLOOKUP($D97,$E$87:$E$89,$F$87:$F$89),$I$74)} -> 0.00016868877 | M97: ='Input - Feedlot'!$D$33 -> Composting (passive windrow) | N97: {=MMS_Feedlot_Methane_Equations.VEERG_4_1_1_1__3_Stage2MethaneProduction($I$69,M$30,$I$71,F81,_xlfn.XLOOKUP($M97,$N$87:$N$89,$O$87:$O$89),$I$74)} -> 0.00021394674 | O97: {=MMS_Feedlot_Methane_Equations.VEERG_4_1_1_1__3_Stage2MethaneProduction($I$69,N$30,$I$71,G81,_xlfn.XLOOKUP($M97,$N$87:$N$89,$O$87:$O$89),$I$74)} -> 0.00022217546 | P97: {=MMS_Feedlot_Methane_Equations.VEERG_4_1_1_1__3_Stage2MethaneProduction($I$69,O$30,$I$71,H81,_xlfn.XLOOKUP($M97,$N$87:$N$89,$O$87:$O$89),$I$74)} -> 0.00016868877
D98: ='Input - Feedlot'!$D$34 -> Direct application | E98: {=MMS_Feedlot_Methane_Equations.VEERG_4_1_1_1__3_Stage2MethaneProduction($I$69,D$30,$I$71,F82,_xlfn.XLOOKUP($D98,$E$87:$E$89,$F$87:$F$89),$I$74)} -> 0 | F98: {=MMS_Feedlot_Methane_Equations.VEERG_4_1_1_1__3_Stage2MethaneProduction($I$69,E$30,$I$71,G82,_xlfn.XLOOKUP($D98,$E$87:$E$89,$F$87:$F$89),$I$74)} -> 0 | G98: {=MMS_Feedlot_Methane_Equations.VEERG_4_1_1_1__3_Stage2MethaneProduction($I$69,F$30,$I$71,H82,_xlfn.XLOOKUP($D98,$E$87:$E$89,$F$87:$F$89),$I$74)} -> 0 | M98: ='Input - Feedlot'!$D$34 -> Direct application | N98: {=MMS_Feedlot_Methane_Equations.VEERG_4_1_1_1__3_Stage2MethaneProduction($I$69,M$30,$I$71,F82,_xlfn.XLOOKUP($M98,$N$87:$N$89,$O$87:$O$89),$I$74)} -> 0 | O98: {=MMS_Feedlot_Methane_Equations.VEERG_4_1_1_1__3_Stage2MethaneProduction($I$69,N$30,$I$71,G82,_xlfn.XLOOKUP($M98,$N$87:$N$89,$O$87:$O$89),$I$74)} -> 0 | P98: {=MMS_Feedlot_Methane_Equations.VEERG_4_1_1_1__3_Stage2MethaneProduction($I$69,O$30,$I$71,H82,_xlfn.XLOOKUP($M98,$N$87:$N$89,$O$87:$O$89),$I$74)} -> 0
D102: {=MMS_Feedlot_Methane_Equations.VEERG_4_1_1_1__4_Stage3MethaneProductionAnaerobicLagoon_Title()} -> Production of methane in treatment stage 3 MMS
D103: {=MMS_Feedlot_Methane_Equations.VEERG_4_1_1_1__4_Stage3MethaneProductionAnaerobicLagoon_Source()} -> VEERG 2026: 4.1.1.1, Equation (4)
D104: Function name | E104: {=Common_InputFunctions.Utility_DisplayFunctionName(E125)} -> =MMS_Feedlot_Methane_Equations.VEERG_4_1_1_1__4_Stage3MethaneProductionAnaerobicLagoon
D107: Variable | E107: {=MMS_Feedlot_Methane_Equations.VEERG_4_1_1_1__4_Stage3MethaneProductionAnaerobicLagoon_Variable()} -> M_jm1T3
D108: Unit | E108: {=MMS_Feedlot_Methane_Equations.VEERG_4_1_1_1__4_Stage3MethaneProductionAnaerobicLagoon_Unit()} -> kg CH4/head/day
D110: {=_xlfn.CHOOSECOLS(MMS_Feedlot_Methane_Equations.VEERG_4_1_1_1__4_Stage3MethaneProductionAnaerobicLagoon_Arguments(),1,2)} -> VS_j | E110: volatile solid production from feedlot cattle in each group j | G110: {=_xlfn.CHOOSECOLS(MMS_Feedlot_Methane_Equations.VEERG_4_1_1_1__4_Stage3MethaneProductionAnaerobicLagoon_Arguments(),3,4)} -> kg/head/day | H110: Calculated from 4.1.1.1 (5) | I110: {=HYPERLINK(Common_InputFunctions.Utility_SourceHyperlink($D$27),$D$27)} -> M1_Table_VS_j | M110: {=_xlfn.CHOOSECOLS(MMS_Feedlot_Methane_Equations.VEERG_4_1_1_1__4_Stage3MethaneProductionAnaerobicLagoon_Arguments_Method2(),1,2)} -> VS_j | N110: volatile solid production from feedlot cattle in each group j | P110: {=_xlfn.CHOOSECOLS(MMS_Feedlot_Methane_Equations.VEERG_4_1_1_1__4_Stage3MethaneProductionAnaerobicLagoon_Arguments_Method2(),3,4)} -> kg/head/day | Q110: Calculated from 4.1.1.1 (5)
D111: BO | E111: emissions potential | G111: m3 CH4/kg VS | H111: Constant | I111: ='Constants - Feedlot'!$E$22 -> 0.19 | M111: BO | N111: emissions potential | P111: m3 CH4/kg VS | Q111: Constant
D112: MMS_m1T3 | E112: fraction of manure to tertiary anaerobic lagoon system | G112: fraction | H112: Input | I112: {=HYPERLINK(Common_InputFunctions.Utility_SourceHyperlink($D$117),$D$117)} -> Table_MMS_m-1_T-3 | M112: MMS_m1T3 | N112: fraction of manure to tertiary anaerobic lagoon system | P112: fraction | Q112: Input
D113: MCF_im1 | E113: methane conversion factor for state and anaerobic lagoon system | G113: fraction | H113: Constant | I113: =HLOOKUP(I115, Table_SourceData_Feedlot_MCF[#All], 6, FALSE) -> 0.77 | M113: MCF_im1 | N113: methane conversion factor for mean annual temperature and anaerobic lagoon system | P113: fraction | Q113: Constant | R113: =Common_InputFunctions.Common_GetMCFTemperatureZone(R115,M125,Table_SourceData_Common_MCFTemperatureZone[MAT (ºC)],Table_SourceData_Common_MCFTemperatureZone[#Headers],Table_SourceData_Common_MCFTemperatureZone[]) -> 0.77
D114: rho | E114: density of methane | G114: kg/m3 | H114: Constant | I114: ='Constants - Common'!$D$175 -> 0.6784 | M114: rho | N114: density of methane | P114: kg/m3 | Q114: Constant
D115: i | E115: state | H115: Input | I115: =Common_InputFunctions.Utility_LookupValueInTable('Input - Site'!$E$21,Table_AustralianStates[Common Name],Table_AustralianStates[Abbreviation]) -> WA | M115: i | N115: Mean annual temperature | Q115: Input | R115: ='Input - Site'!$E$25 -> 18
D117: Table_MMS_m-1_T-3
D118: Fraction of manure sent to tertiary MMS
D119: Stage 3 MMS | E119: Domestic | F119: Mid-fed | G119: Long-fed
D120: ='Input - Feedlot'!$D$38 -> Anaerobic lagoon | E120: ='Input - Feedlot'!E38 -> 0.02 | F120: ='Input - Feedlot'!F38 -> 0.02 | G120: ='Input - Feedlot'!G38 -> 0.02 | H120: =G112 -> fraction
D122: M1_Table_M_j_m-1_T-3 | M122: M2_Table_M_j_m-1_T-3
D123: Production of methane in stage 3 MMS (Method 1) | M123: Production of methane in stage 3 MMS (Method 2)
D124: Stage 3 MMS | E124: Domestic | F124: Mid-fed | G124: Long-fed | M124: Stage 3 MMS | N124: Domestic | O124: Mid-fed | P124: Long-fed
D125: ='Input - Feedlot'!$D$38 -> Anaerobic lagoon | E125: {=MMS_Feedlot_Methane_Equations.VEERG_4_1_1_1__4_Stage3MethaneProductionAnaerobicLagoon(D$30, $I$111,E120,$I$113,$I$114)} -> 0.0032947797 | F125: {=MMS_Feedlot_Methane_Equations.VEERG_4_1_1_1__4_Stage3MethaneProductionAnaerobicLagoon(E$30, $I$111,F120,$I$113,$I$114)} -> 0.003421502 | G125: {=MMS_Feedlot_Methane_Equations.VEERG_4_1_1_1__4_Stage3MethaneProductionAnaerobicLagoon(F$30, $I$111,G120,$I$113,$I$114)} -> 0.0025978071 | H125: =$E$108 -> kg CH4/head/day | M125: ='Input - Feedlot'!$D$38 -> Anaerobic lagoon | N125: {=MMS_Feedlot_Methane_Equations.VEERG_4_1_1_1__4_Stage3MethaneProductionAnaerobicLagoon(M$30, $I$111,E120,$R$113,$I$114)} -> 0.0032947797 | O125: {=MMS_Feedlot_Methane_Equations.VEERG_4_1_1_1__4_Stage3MethaneProductionAnaerobicLagoon(N$30, $I$111,F120,$R$113,$I$114)} -> 0.003421502 | P125: {=MMS_Feedlot_Methane_Equations.VEERG_4_1_1_1__4_Stage3MethaneProductionAnaerobicLagoon(O$30, $I$111,G120,$R$113,$I$114)} -> 0.0025978071 | Q125: =$E$108 -> kg CH4/head/day
D129: {=MMS_Feedlot_Methane_Equations.VEERG_4_1_1_1__1_TotalAnnualMethaneEmissions_Title()} -> Total annual methane emissions from manure management
D130: {=MMS_Feedlot_Methane_Equations.VEERG_4_1_1_1__1_TotalAnnualMethaneEmissions_Source()} -> VEERG 2026: 4.1.1.1, Equation (1)
D131: Function name | E131: {=Common_InputFunctions.Utility_DisplayFunctionName(F164)} -> =MMS_Feedlot_Methane_Equations.VEERG_4_1_1_1__1_TotalAnnualMethaneEmissions
...

Sheet 4.1.1.3-4 Direct N20
A1: #VALUE! | C1: 4.1.1.3-4 Manure Direct N2O
A3: =HYPERLINK("#'Home'!A1", "Home") -> Home | D3: Method 1 | O3: Method 2
A4: =HYPERLINK("#'Overview'!A1", "Overview") -> Overview
A5: =HYPERLINK("#'Results'!A1", "Results") -> Results | D5: {=MMS_Feedlot_N2ODirect_Equations.VEERG_4_1_1_3__5_NitrogenIntake_Title()} -> Nitrogen intake of feedlot cattle
D6: {=MMS_Feedlot_N2ODirect_Equations.VEERG_4_1_1_3__5_NitrogenIntake_Source()} -> VEERG 2026: 4.1.1.3, Equation (5)
A7: INPUTS | D7: Formula name | E7: {=Common_InputFunctions.Utility_DisplayFunctionName(D30)} -> =MMS_Feedlot_N2ODirect_Equations.VEERG_4_1_1_3__5_NitrogenIntake
A8: =HYPERLINK("#'Input - Site'!A1", "Site") -> Site
A9: =HYPERLINK("#'Input - Feedlot'!A1", "Feedlot") -> Feedlot
D10: Variable | E10: {=MMS_Feedlot_N2ODirect_Equations.VEERG_4_1_1_3__5_NitrogenIntake_Variable()} -> NI_j
A11: CALCULATIONS | D11: Unit | E11: {=MMS_Feedlot_N2ODirect_Equations.VEERG_4_1_1_3__5_NitrogenIntake_Unit()} -> kg N/head/day
A12: =HYPERLINK("#'4.1.1.1-2 Methane'!A1", "4.1.1.1-2 Methane") -> 4.1.1.1-2 Methane
A13: =HYPERLINK("#'4.1.1.3-4 Direct N20'!A1", "4.1.1.3-4 Direct N2O") -> 4.1.1.3-4 Direct N2O | D13: {=_xlfn.CHOOSECOLS(MMS_Feedlot_N2ODirect_Equations.VEERG_4_1_1_3__5_NitrogenIntake_Arguments(),1,2)} -> I_j | E13: dry matter intake | G13: {=_xlfn.CHOOSECOLS(MMS_Feedlot_N2ODirect_Equations.VEERG_4_1_1_3__5_NitrogenIntake_Arguments(),3,4)} -> kg DM/head/day | H13: Input | I13: {=HYPERLINK(Common_InputFunctions.Utility_SourceHyperlink($D$17),$D$17)} -> M1_Table_I_j
A14: =HYPERLINK("#'4.1.1.5-6 Atmos Deposition'!A1", "4.1.1.5-6 Atmospheric deposition") -> 4.1.1.5-6 Atmospheric deposition | D14: CP_j | E14: crude protein content of feed | G14: fraction | H14: Input | I14: {=HYPERLINK(Common_InputFunctions.Utility_SourceHyperlink($D$22),$D$22)} -> M1_Table_CP_j
A15: =HYPERLINK("#'4.1.1.9 Manure applied to soils'!A1", "4.1.1.9 Manure applied to soils") -> 4.1.1.9 Manure applied to soils | D15: 6.25 | E15: factor for converting crude protein into nitrogen | G15: ratio | H15: Constant | I15: =D15 -> 6.25
A17: APPENDICES | D17: M1_Table_I_j | O17: M2_Table_I_j
A18: =HYPERLINK("#'Constants - Feedlot'!A1", "Constants - Feedlot") -> Constants - Feedlot | D18: Dry matter intake (Method 1) | O18: Dry matter intake (Method 2)
A19: =HYPERLINK("#'Constants - Livestock'!A1", "Constants - Livestock") -> Constants - Livestock | D19: Domestic | E19: Mid-fed | F19: Long-fed | O19: Domestic | P19: Mid-fed | Q19: Long-fed
A20: =HYPERLINK("#'Constants - Common'!A1", "Constants - Common") -> Constants - Common | D20: ='Input - Feedlot'!$E$14 -> 10.4 | E20: ='Input - Feedlot'!$F$14 -> 10.8 | F20: ='Input - Feedlot'!$G$14 -> 8.2 | G20: kg DM/head/day | O20: ='Input - Feedlot'!$E$20 -> 10.4 | P20: ='Input - Feedlot'!$F$20 -> 10.8 | Q20: ='Input - Feedlot'!$G$20 -> 8.2 | R20: kg DM/head/day
A21: =HYPERLINK("#'Acknowledgements'!A1", "Acknowledgements") -> Acknowledgements
D22: M1_Table_CP_j | O22: M2_Table_CP_j
D23: Crude protein content of feed (Method 1) | O23: Crude protein content of feed (Method 2)
D24: Domestic | E24: Mid-fed | F24: Long-fed | O24: Domestic | P24: Mid-fed | Q24: Long-fed
D25: ='Input - Feedlot'!$E$16 -> 0.14 | E25: ='Input - Feedlot'!$F$16 -> 0.12 | F25: ='Input - Feedlot'!$G$16 -> 0.12 | G25: fraction | O25: ='Input - Feedlot'!$E$22 -> 0.14 | P25: ='Input - Feedlot'!$F$22 -> 0.12 | Q25: ='Input - Feedlot'!$G$22 -> 0.12 | R25: fraction
D27: M1_Table_NI_j | O27: M2_Table_NI_j
D28: Nitrogen intake (Method 1) | O28: Nitrogen intake (Method 2)
D29: Domestic | E29: Mid-fed | F29: Long-fed | O29: Domestic | P29: Mid-fed | Q29: Long-fed
D30: {=MMS_Feedlot_N2ODirect_Equations.VEERG_4_1_1_3__5_NitrogenIntake(D20,D25)} -> 0.23296 | E30: {=MMS_Feedlot_N2ODirect_Equations.VEERG_4_1_1_3__5_NitrogenIntake(E20,E25)} -> 0.20736 | F30: {=MMS_Feedlot_N2ODirect_Equations.VEERG_4_1_1_3__5_NitrogenIntake(F20,F25)} -> 0.15744 | G30: =$E$11 -> kg N/head/day | O30: {=MMS_Feedlot_N2ODirect_Equations.VEERG_4_1_1_3__5_NitrogenIntake(O20,O25)} -> 0.23296 | P30: {=MMS_Feedlot_N2ODirect_Equations.VEERG_4_1_1_3__5_NitrogenIntake(P20,P25)} -> 0.20736 | Q30: {=MMS_Feedlot_N2ODirect_Equations.VEERG_4_1_1_3__5_NitrogenIntake(Q20,Q25)} -> 0.15744 | R30: =$E$11 -> kg N/head/day
D34: {=MMS_Feedlot_N2ODirect_Equations.VEERG_4_1_1_3__4_NitrogenExcretionPerHead_Title()} -> Nitrogen excretion per head per day
D35: {=MMS_Feedlot_N2ODirect_Equations.VEERG_4_1_1_3__4_NitrogenExcretionPerHead_Source()} -> VEERG 2026: 4.1.1.3, Equation (4)
D36: Function name | E36: {=Common_InputFunctions.Utility_DisplayFunctionName(D54)} -> =MMS_Feedlot_N2ODirect_Equations.VEERG_4_1_1_3__4_NitrogenExcretionPerHead
D40: Variable | E40: {=MMS_Feedlot_N2ODirect_Equations.VEERG_4_1_1_3__4_NitrogenExcretionPerHead_Variable()} -> NE_j
D41: Unit | E41: {=MMS_Feedlot_N2ODirect_Equations.VEERG_4_1_1_3__4_NitrogenExcretionPerHead_Unit()} -> kg N/head/day
D43: {=_xlfn.CHOOSECOLS(MMS_Feedlot_N2ODirect_Equations.VEERG_4_1_1_3__4_NitrogenExcretionPerHead_Arguments(),1,2)} -> NI_j | E43: nitrogen intake | G43: {=_xlfn.CHOOSECOLS(MMS_Feedlot_N2ODirect_Equations.VEERG_4_1_1_3__4_NitrogenExcretionPerHead_Arguments(),3,4)} -> kg N/head/day | H43: Calculated from 4.1.1.3 (5) | I43: {=HYPERLINK(Common_InputFunctions.Utility_SourceHyperlink($D$27),$D$27)} -> M1_Table_NI_j
D44: NR_j | E44: nitrogen retention expressed as a fraction of intake | G44: fraction | H44: Input | I44: {=HYPERLINK(Common_InputFunctions.Utility_SourceHyperlink($D$46),$D$46)} -> M1_Table_NR_j
D46: M1_Table_NR_j | O46: M2_Table_NR_j
D47: Nitrogen retention (Method 1) | O47: Nitrogen retention (Method 2)
D48: Domestic | E48: Mid-fed | F48: Long-fed | O48: Domestic | P48: Mid-fed | Q48: Long-fed
D49: ='Input - Feedlot'!$E$17/100 -> 0.204 | E49: ='Input - Feedlot'!$F$17/100 -> 0.127 | F49: ='Input - Feedlot'!$G$17/100 -> 0.07 | G49: Fraction of intake | O49: ='Input - Feedlot'!$E$23/100 -> 0.204 | P49: ='Input - Feedlot'!$F$23/100 -> 0.127 | Q49: ='Input - Feedlot'!$G$23/100 -> 0.07 | R49: fraction
D51: M1_Table_NE_j | O51: M2_Table_NE_j
D52: Nitrogen retention (Method 1) | O52: Nitrogen retention (Method 2)
D53: Domestic | E53: Mid-fed | F53: Long-fed | O53: Domestic | P53: Mid-fed | Q53: Long-fed
D54: {=MMS_Feedlot_N2ODirect_Equations.VEERG_4_1_1_3__4_NitrogenExcretionPerHead(D30,D49)} -> 0.18543616 | E54: {=MMS_Feedlot_N2ODirect_Equations.VEERG_4_1_1_3__4_NitrogenExcretionPerHead(E30,E49)} -> 0.18102528 | F54: {=MMS_Feedlot_N2ODirect_Equations.VEERG_4_1_1_3__4_NitrogenExcretionPerHead(F30,F49)} -> 0.1464192 | G54: =$E$41 -> kg N/head/day | O54: {=MMS_Feedlot_N2ODirect_Equations.VEERG_4_1_1_3__4_NitrogenExcretionPerHead(O30,O49)} -> 0.18543616 | P54: {=MMS_Feedlot_N2ODirect_Equations.VEERG_4_1_1_3__4_NitrogenExcretionPerHead(P30,P49)} -> 0.18102528 | Q54: {=MMS_Feedlot_N2ODirect_Equations.VEERG_4_1_1_3__4_NitrogenExcretionPerHead(Q30,Q49)} -> 0.1464192 | R54: =$E$41 -> kg N/head/day
D58: {=MMS_Feedlot_N2ODirect_Equations.VEERG_4_1_1_3__3_AnnualNitrogenExcretion_Title()} -> Annual nitrogen excretion from each feedlot cattle group
D59: {=MMS_Feedlot_N2ODirect_Equations.VEERG_4_1_1_3__3_AnnualNitrogenExcretion_Source()} -> VEERG 2026: 4.1.1.3, Equation (3)
D60: Function name | E60: {=Common_InputFunctions.Utility_DisplayFunctionName(D83)} -> =MMS_Feedlot_N2ODirect_Equations.VEERG_4_1_1_3__3_AnnualNitrogenExcretion
D63: Variable | E63: {=MMS_Feedlot_N2ODirect_Equations.VEERG_4_1_1_3__3_AnnualNitrogenExcretion_Variable()} -> AE_j
D64: Unit | E64: {=MMS_Feedlot_N2ODirect_Equations.VEERG_4_1_1_3__3_AnnualNitrogenExcretion_Unit()} -> kg N
D66: {=MMS_Feedlot_N2ODirect_Equations.VEERG_4_1_1_3__3_AnnualNitrogenExcretion_Arguments()} -> N_j | E66: number of cattle in each group | F66: head | G66: Input | H66: {=HYPERLINK(Common_InputFunctions.Utility_SourceHyperlink($D$70),$D$70)} -> Table_N_j
D67: NE_j | E67: nitrogen excretion | F67: kg N/head/day | G67: Calculated from 4.1.1.3 (4) | H67: {=HYPERLINK(Common_InputFunctions.Utility_SourceHyperlink($D$51),$D$51)} -> M1_Table_NE_j
D68: D_j | E68: duration of stay of cattle group | F68: days | G68: Input | H68: {=HYPERLINK(Common_InputFunctions.Utility_SourceHyperlink($D$75),$D$75)} -> Table_D_j
D70: Table_N_j
D71: Number of head in each group
D72: Domestic | E72: Mid-fed | F72: Long-fed
D73: ='Input - Feedlot'!$E$8 -> 1000 | E73: ='Input - Feedlot'!$F$8 -> 1000 | F73: ='Input - Feedlot'!$G$8 -> 1000 | G73: Head
D75: Table_D_j
D76: Duration of stay
D77: Domestic | E77: Mid-fed | F77: Long-fed
D78: ='Input - Feedlot'!$E$9 -> 90 | E78: ='Input - Feedlot'!$F$9 -> 140 | F78: ='Input - Feedlot'!$G$9 -> 250 | G78: Days
D80: M1_Table_AE_j | O80: M2_Table_AE_j
D81: Annual nitrogen excretion (Method 1) | O81: Annual nitrogen excretion (Method 2)
D82: Domestic | E82: Mid-fed | F82: Long-fed | O82: Domestic | P82: Mid-fed | Q82: Long-fed
D83: {=MMS_Feedlot_N2ODirect_Equations.VEERG_4_1_1_3__3_AnnualNitrogenExcretion(D73,D54,D78)} -> 16689.254 | E83: {=MMS_Feedlot_N2ODirect_Equations.VEERG_4_1_1_3__3_AnnualNitrogenExcretion(E73,E54,E78)} -> 25343.539 | F83: {=MMS_Feedlot_N2ODirect_Equations.VEERG_4_1_1_3__3_AnnualNitrogenExcretion(F73,F54,F78)} -> 36604.8 | G83: =$E$64 -> kg N | O83: {=MMS_Feedlot_N2ODirect_Equations.VEERG_4_1_1_3__3_AnnualNitrogenExcretion(D73,O54,D78)} -> 16689.254 | P83: {=MMS_Feedlot_N2ODirect_Equations.VEERG_4_1_1_3__3_AnnualNitrogenExcretion(E73,P54,E78)} -> 25343.539 | Q83: {=MMS_Feedlot_N2ODirect_Equations.VEERG_4_1_1_3__3_AnnualNitrogenExcretion(F73,Q54,F78)} -> 36604.8 | R83: =$E$64 -> kg N
D87: {=MMS_Feedlot_N2ODirect_Equations.VEERG_4_1_1_3__2_Stage1NitrogenInMMSDrylot_Title()} -> Nitrogen in treatment stage 1 MMS
D88: {=MMS_Feedlot_N2ODirect_Equations.VEERG_4_1_1_3__2_Stage1NitrogenInMMSDrylot_Source()} -> VEERG 2026: 4.1.1.3, Equation (2)
D89: Function name | E89: {=Common_InputFunctions.Utility_DisplayFunctionName(E106)} -> =MMS_Feedlot_N2ODirect_Equations.VEERG_4_1_1_3__2_Stage1NitrogenInMMSDrylot
D92: Variable | E92: {=MMS_Feedlot_N2ODirect_Equations.VEERG_4_1_1_3__2_Stage1NitrogenInMMSDrylot_Variable()} -> MN_jm5T1
D93: Unit | E93: {=MMS_Feedlot_N2ODirect_Equations.VEERG_4_1_1_3__2_Stage1NitrogenInMMSDrylot_Unit()} -> kg N
D95: {=_xlfn.CHOOSECOLS(MMS_Feedlot_N2ODirect_Equations.VEERG_4_1_1_3__2_Stage1NitrogenInMMSDrylot_Arguments(),1,2)} -> AE_j | E95: total nitrogen excreted by each cattle group | G95: {=_xlfn.CHOOSECOLS(MMS_Feedlot_N2ODirect_Equations.VEERG_4_1_1_3__2_Stage1NitrogenInMMSDrylot_Arguments(),3,4)} -> kg N | H95: Calculated from 4.1.1.3 (3) | I95: {=HYPERLINK(Common_InputFunctions.Utility_SourceHyperlink($D$80),$D$80)} -> M1_Table_AE_j
D96: MMS_jm5T1 | E96: fraction of manure in primary system drylot MMS | G96: fraction | H96: Input | I96: {=HYPERLINK(Common_InputFunctions.Utility_SourceHyperlink($D$98),$D$98)} -> Table_MMS_j_m-5_T-1
D98: Table_MMS_j_m-5_T-1
D99: Fraction of manure in primary system drylot
D100: Stage 1 MMS | E100: Domestic | F100: Mid-fed | G100: Long-fed
D101: ='Input - Feedlot'!$D$28 -> Drylot (feed pad) | E101: ='Input - Feedlot'!$E$28 -> 1 | F101: ='Input - Feedlot'!$F$28 -> 1 | G101: ='Input - Feedlot'!$G$28 -> 1 | H101: fraction
D103: M1_Table_MN_j_m-5_T-1 | O103: M2_Table_MN_j_m-5_T-1
D104: Nitrogen in stage 1 MMS (Method 1) | O104: Nitrogen in stage 1 MMS (Method 2)
D105: Stage 1 MMS | E105: Domestic | F105: Mid-fed | G105: Long-fed | O105: Stage 1 MMS | P105: Domestic | Q105: Mid-fed | R105: Long-fed
D106: ='Input - Feedlot'!$D$28 -> Drylot (feed pad) | E106: {=MMS_Feedlot_N2ODirect_Equations.VEERG_4_1_1_3__2_Stage1NitrogenInMMSDrylot(D83,E101)} -> 16689.254 | F106: {=MMS_Feedlot_N2ODirect_Equations.VEERG_4_1_1_3__2_Stage1NitrogenInMMSDrylot(E83,F101)} -> 25343.539 | G106: {=MMS_Feedlot_N2ODirect_Equations.VEERG_4_1_1_3__2_Stage1NitrogenInMMSDrylot(F83,G101)} -> 36604.8 | H106: =$E$93 -> kg N | O106: ='Input - Feedlot'!$D$28 -> Drylot (feed pad) | P106: {=MMS_Feedlot_N2ODirect_Equations.VEERG_4_1_1_3__2_Stage1NitrogenInMMSDrylot(O83,E101)} -> 16689.254 | Q106: {=MMS_Feedlot_N2ODirect_Equations.VEERG_4_1_1_3__2_Stage1NitrogenInMMSDrylot(P83,F101)} -> 25343.539 | R106: {=MMS_Feedlot_N2ODirect_Equations.VEERG_4_1_1_3__2_Stage1NitrogenInMMSDrylot(Q83,G101)} -> 36604.8 | S106: =$E$93 -> kg N
D110: {=MMS_Feedlot_N2ODirect_Equations.VEERG_4_1_1_3__8_Stage3NitrogenInMMSAnaerobicLagoon_Title()} -> Nitrogen in treatment stage 3 MMS
D111: {=MMS_Feedlot_N2ODirect_Equations.VEERG_4_1_1_3__8_Stage3NitrogenInMMSAnaerobicLagoon_Source()} -> VEERG 2026: 4.1.1.3, Equation (8)
D112: Function name | E112: {=Common_InputFunctions.Utility_DisplayFunctionName(E138)} -> =MMS_Feedlot_N2ODirect_Equations.VEERG_4_1_1_3__7_NitrogenTransferredToStage2_Variable
D115: Variable | E115: {=MMS_Feedlot_N2ODirect_Equations.VEERG_4_1_1_3__8_Stage3NitrogenInMMSAnaerobicLagoon_Variable()} -> MN_jm1T3
D116: Unit | E116: {=MMS_Feedlot_N2ODirect_Equations.VEERG_4_1_1_3__8_Stage3NitrogenInMMSAnaerobicLagoon_Unit()} -> kg N
D118: {=_xlfn.CHOOSECOLS(MMS_Feedlot_N2ODirect_Equations.VEERG_4_1_1_3__8_Stage3NitrogenInMMSAnaerobicLagoon_Arguments(),1,2)} -> AE_j | E118: total nitrogen excreted by each cattle group | G118: {=_xlfn.CHOOSECOLS(MMS_Feedlot_N2ODirect_Equations.VEERG_4_1_1_3__8_Stage3NitrogenInMMSAnaerobicLagoon_Arguments(),3,4)} -> kg N | H118: Calculated from 4.1.1.3 (3) | I118: {=HYPERLINK(Common_InputFunctions.Utility_SourceHyperlink($D$80),$D$80)} -> M1_Table_AE_j
D119: MMS_jm1T3 | E119: fraction of manure to tertiary anaerobic lagoon system | G119: fraction | H119: Input | I119: {=HYPERLINK(Common_InputFunctions.Utility_SourceHyperlink($D$121),$D$121)} -> Table_MMS_j_m-1_T-3
D121: Table_MMS_j_m-1_T-3
D122: Fraction of manure sent to stage 3 MMS
D123: Stage 3 MMS | E123: Domestic | F123: Mid-fed | G123: Long-fed
D124: ='Input - Feedlot'!$D$38 -> Anaerobic lagoon | E124: ='Input - Feedlot'!$E$38 -> 0.02 | F124: ='Input - Feedlot'!$F$38 -> 0.02 | G124: ='Input - Feedlot'!$G$38 -> 0.02 | H124: fraction
D126: M1_Table_MN_j_m-1_T-3 | O126: M2_Table_MN_j_m-1_T-3
D127: Nitrogen in stage 3 MMS (Method 1) | O127: Nitrogen in stage 3 MMS (Method 2)
D128: Stage 3 MMS | E128: Domestic | F128: Mid-fed | G128: Long-fed | O128: Stage 3 MMS | P128: Domestic | Q128: Mid-fed | R128: Long-fed
D129: ='Input - Feedlot'!$D$38 -> Anaerobic lagoon | E129: {=MMS_Feedlot_N2ODirect_Equations.VEERG_4_1_1_3__8_Stage3NitrogenInMMSAnaerobicLagoon(D83,E124)} -> 333.78509 | F129: {=MMS_Feedlot_N2ODirect_Equations.VEERG_4_1_1_3__8_Stage3NitrogenInMMSAnaerobicLagoon(E83,F124)} -> 506.87078 | G129: {=MMS_Feedlot_N2ODirect_Equations.VEERG_4_1_1_3__8_Stage3NitrogenInMMSAnaerobicLagoon(F83,G124)} -> 732.096 | H129: =$E$116 -> kg N | O129: ='Input - Feedlot'!$D$38 -> Anaerobic lagoon | P129: {=MMS_Feedlot_N2ODirect_Equations.VEERG_4_1_1_3__8_Stage3NitrogenInMMSAnaerobicLagoon(O83,E124)} -> 333.78509 | Q129: {=MMS_Feedlot_N2ODirect_Equations.VEERG_4_1_1_3__8_Stage3NitrogenInMMSAnaerobicLagoon(P83,F124)} -> 506.87078 | R129: {=MMS_Feedlot_N2ODirect_Equations.VEERG_4_1_1_3__8_Stage3NitrogenInMMSAnaerobicLagoon(Q83,G124)} -> 732.096 | S129: =$E$116 -> kg N
D133: {=MMS_Feedlot_N2ODirect_Equations.VEERG_4_1_1_3__7_NitrogenTransferredToStage2_Title()} -> Nitrogen transferred to treatment stage 2 MMS
D134: {=MMS_Feedlot_N2ODirect_Equations.VEERG_4_1_1_3__7_NitrogenTransferredToStage2_Source()} -> VEERG 2026: 4.1.1.3, Equation (7)
D135: Function name | E135: {=Common_InputFunctions.Utility_DisplayFunctionName(D149)} -> =MMS_Feedlot_N2ODirect_Equations.VEERG_4_1_1_3__7_NitrogenTransferredToStage2
D138: Variable | E138: {=MMS_Feedlot_N2ODirect_Equations.VEERG_4_1_1_3__7_NitrogenTransferredToStage2_Variable()} -> NT_jmT2
D139: Unit | E139: {=MMS_Feedlot_N2ODirect_Equations.VEERG_4_1_1_3__7_NitrogenTransferredToStage2_Unit()} -> kg N
D141: {=_xlfn.CHOOSECOLS(MMS_Feedlot_N2ODirect_Equations.VEERG_4_1_1_3__7_NitrogenTransferredToStage2_Arguments(),1,2)} -> MN_jm5T1 | E141: nitrogen in MMS treatment stage 1 | G141: {=_xlfn.CHOOSECOLS(MMS_Feedlot_N2ODirect_Equations.VEERG_4_1_1_3__7_NitrogenTransferredToStage2_Arguments(),3,4)} -> kg N | H141: Calculated from 4.1.1.3 (2) | I141: {=HYPERLINK(Common_InputFunctions.Utility_SourceHyperlink($D$103),$D$103)} -> M1_Table_MN_j_m-5_T-1
D142: FracGASM_m5 | E142: fraction of N volatilised from drylot MMS | G142: fraction | H142: Constant | I142: ='Constants - Feedlot'!$F$113 -> 0.6
D143: EF_m5 | E143: nitrous oxide emission factor for drylot MMS | G143: kg N2O-N/kg N deposited | H143: Constant | I143: ='Constants - Feedlot'!$F$101 -> 0.0054
...

Sheet 4.1.1.5-6 Atmos Deposition
A1: #VALUE! | C1: 4.1.1.5-6 Manure Atmospheric Deposition
A3: =HYPERLINK("#'Home'!A1", "Home") -> Home | D3: Method 1 | M3: Method 2
A4: =HYPERLINK("#'Overview'!A1", "Overview") -> Overview
A5: =HYPERLINK("#'Results'!A1", "Results") -> Results | D5: {=MMS_Feedlot_AtmosphericDeposition_Equations.VEERG_4_1_1_5__2_VolatilisedNitrogenFromManureManagement_Title()} -> Volatilised nitrogen from manure management
D6: {=MMS_Feedlot_AtmosphericDeposition_Equations.VEERG_4_1_1_5__2_VolatilisedNitrogenFromManureManagement_Source()} -> VEERG 2026: 4.1.1.5, Equation (2)
A7: INPUTS | D7: Function name | E7: {=Common_InputFunctions.Utility_DisplayFunctionName(E40)} -> =MMS_Feedlot_AtmosphericDeposition_Equations.VEERG_4_1_1_5__2_VolatilisedNitrogenFromManureManagement
A8: =HYPERLINK("#'Input - Site'!A1", "Site") -> Site
A9: =HYPERLINK("#'Input - Feedlot'!A1", "Feedlot") -> Feedlot
A11: CALCULATIONS | D11: Variable | E11: {=MMS_Feedlot_AtmosphericDeposition_Equations.VEERG_4_1_1_5__2_VolatilisedNitrogenFromManureManagement_Variable()} -> MMS_ATMOS
A12: =HYPERLINK("#'4.1.1.1-2 Methane'!A1", "4.1.1.1-2 Methane") -> 4.1.1.1-2 Methane | D12: Unit | E12: {=MMS_Feedlot_AtmosphericDeposition_Equations.VEERG_4_1_1_5__2_VolatilisedNitrogenFromManureManagement_Unit()} -> kg N
A13: =HYPERLINK("#'4.1.1.3-4 Direct N20'!A1", "4.1.1.3-4 Direct N2O") -> 4.1.1.3-4 Direct N2O
A14: =HYPERLINK("#'4.1.1.5-6 Atmos Deposition'!A1", "4.1.1.5-6 Atmospheric deposition") -> 4.1.1.5-6 Atmospheric deposition | D14: {=_xlfn.CHOOSECOLS(MMS_Feedlot_AtmosphericDeposition_Equations.VEERG_4_1_1_5__2_VolatilisedNitrogenFromManureManagement_Arguments(),1,2)} -> MN_jmT | E14: nitrogen in each treatment stage MMS (excluding MN_ijm13T2) | G14: {=_xlfn.CHOOSECOLS(MMS_Feedlot_AtmosphericDeposition_Equations.VEERG_4_1_1_5__2_VolatilisedNitrogenFromManureManagement_Arguments(),3,4)} -> kg N | H14: Calculated from 4.1.1.3 (2)(6)(8) | I14: {=HYPERLINK(Common_InputFunctions.Utility_SourceHyperlink($D$20),$D$20)} -> M1_Table_MN_j_m_T
A15: =HYPERLINK("#'4.1.1.9 Manure applied to soils'!A1", "4.1.1.9 Manure applied to soils") -> 4.1.1.9 Manure applied to soils | D15: FracGASM_mT | E15: fraction of N volatilised in each MMS | G15: (kg NH3-N + NOx-N)/kg N | H15: Constant | I15: {=HYPERLINK(Common_InputFunctions.Utility_SourceHyperlink($D$29),$D$29)} -> Table_FracGASM_m_T-2-3
A17: APPENDICES | D17: Note: Manure that is directly applied to soil after stage 1 is not included in Atmospheric Deposition calculations
A18: =HYPERLINK("#'Constants - Feedlot'!A1", "Constants - Feedlot") -> Constants - Feedlot | D18: and instead is handled in 'Manure applied to soils'.
A19: =HYPERLINK("#'Constants - Livestock'!A1", "Constants - Livestock") -> Constants - Livestock
A20: =HYPERLINK("#'Constants - Common'!A1", "Constants - Common") -> Constants - Common | D20: M1_Table_MN_j_m_T | M20: M2_Table_MN_j_m_T
A21: =HYPERLINK("#'Acknowledgements'!A1", "Acknowledgements") -> Acknowledgements | D21: Nitrogen in each MMS excluding direct application (Method 1) | M21: Nitrogen in each MMS excluding direct application (Method 2)
D22: MMS | E22: Domestic | F22: Mid-fed | G22: Long-fed | M22: MMS | N22: Domestic | O22: Mid-fed | P22: Long-fed
D23: ='Input - Feedlot'!$D$28 -> Drylot (feed pad) | E23: ='4.1.1.3-4 Direct N20'!$E$106 -> 16689.254 | F23: ='4.1.1.3-4 Direct N20'!$F$106 -> 25343.539 | G23: ='4.1.1.3-4 Direct N20'!$G$106 -> 36604.8 | H23: =$G$14 -> kg N | M23: ='Input - Feedlot'!$D$28 -> Drylot (feed pad) | N23: ='4.1.1.3-4 Direct N20'!$P$106 -> 16689.254 | O23: ='4.1.1.3-4 Direct N20'!$Q$106 -> 25343.539 | P23: ='4.1.1.3-4 Direct N20'!$R$106 -> 36604.8 | Q23: =$G$14 -> kg N
D24: ='Input - Feedlot'!$D$32 -> Solid storage | E24: ='4.1.1.3-4 Direct N20'!$E$174 -> 1250.3589 | F24: ='4.1.1.3-4 Direct N20'!$F$174 -> 1898.738 | G24: ='4.1.1.3-4 Direct N20'!$G$174 -> 2742.4316 | M24: ='Input - Feedlot'!$D$32 -> Solid storage | N24: ='4.1.1.3-4 Direct N20'!$P$174 -> 1250.3589 | O24: ='4.1.1.3-4 Direct N20'!$Q$174 -> 1898.738 | P24: ='4.1.1.3-4 Direct N20'!$R$174 -> 2742.4316
D25: ='Input - Feedlot'!$D$33 -> Composting (passive windrow) | E25: ='4.1.1.3-4 Direct N20'!$E$175 -> 1250.3589 | F25: ='4.1.1.3-4 Direct N20'!$F$175 -> 1898.738 | G25: ='4.1.1.3-4 Direct N20'!$G$175 -> 2742.4316 | M25: ='Input - Feedlot'!$D$33 -> Composting (passive windrow) | N25: ='4.1.1.3-4 Direct N20'!$P$175 -> 1250.3589 | O25: ='4.1.1.3-4 Direct N20'!$Q$175 -> 1898.738 | P25: ='4.1.1.3-4 Direct N20'!$R$175 -> 2742.4316
D26: ='Input - Feedlot'!$D$34 -> Direct application | E26: N/A | F26: N/A | G26: N/A | M26: ='Input - Feedlot'!$D$34 -> Direct application | N26: N/A | O26: N/A | P26: N/A
D27: ='Input - Feedlot'!$D$38 -> Anaerobic lagoon | E27: ='4.1.1.3-4 Direct N20'!$E$129 -> 333.78509 | F27: ='4.1.1.3-4 Direct N20'!$F$129 -> 506.87078 | G27: ='4.1.1.3-4 Direct N20'!$G$129 -> 732.096 | M27: ='Input - Feedlot'!$D$38 -> Anaerobic lagoon | N27: ='4.1.1.3-4 Direct N20'!$P$129 -> 333.78509 | O27: ='4.1.1.3-4 Direct N20'!$Q$129 -> 506.87078 | P27: ='4.1.1.3-4 Direct N20'!$R$129 -> 732.096
D29: Table_FracGASM_m_T-2-3
D30: Fraction of N volatilised in each MMS
D31: MMS | E31: EFjm
D32: ='Input - Feedlot'!$D$28 -> Drylot (feed pad) | E32: =_xlfn.XLOOKUP(D32, Table_SourceData_Feedlot_FracGASMmT[NIR definition], Table_SourceData_Feedlot_FracGASMmT[FracGASMmT]) -> 0.6 | F32: =G15 -> (kg NH3-N + NOx-N)/kg N
D33: ='Input - Feedlot'!$D$32 -> Solid storage | E33: =_xlfn.XLOOKUP(D33, Table_SourceData_Feedlot_FracGASMmT[NIR definition], Table_SourceData_Feedlot_FracGASMmT[FracGASMmT]) -> 0.25
D34: ='Input - Feedlot'!$D$33 -> Composting (passive windrow) | E34: =_xlfn.XLOOKUP(D34, Table_SourceData_Feedlot_FracGASMmT[NIR definition], Table_SourceData_Feedlot_FracGASMmT[FracGASMmT]) -> 0.4
D35: ='Input - Feedlot'!$D$38 -> Anaerobic lagoon | E35: =_xlfn.XLOOKUP(D35, Table_SourceData_Feedlot_FracGASMmT[NIR definition], Table_SourceData_Feedlot_FracGASMmT[FracGASMmT]) -> 0.35
D37: M1_Table_MMS_ATMOS | M37: M2_Table_MMS_ATMOS
D38: Nitrogen in each MMS excluding direct application (Method 1) | M38: Nitrogen in each MMS excluding direct application (Method 2)
D39: MMS | E39: Domestic | F39: Mid-fed | G39: Long-fed | M39: MMS | N39: Domestic | O39: Mid-fed | P39: Long-fed
D40: ='Input - Feedlot'!$D$28 -> Drylot (feed pad) | E40: {=MMS_Feedlot_AtmosphericDeposition_Equations.VEERG_4_1_1_5__2_VolatilisedNitrogenFromManureManagement(E23,$E32)} -> 10013.553 | F40: {=MMS_Feedlot_AtmosphericDeposition_Equations.VEERG_4_1_1_5__2_VolatilisedNitrogenFromManureManagement(F23,$E32)} -> 15206.124 | G40: {=MMS_Feedlot_AtmosphericDeposition_Equations.VEERG_4_1_1_5__2_VolatilisedNitrogenFromManureManagement(G23,$E32)} -> 21962.88 | H40: =$E$12 -> kg N | M40: ='Input - Feedlot'!$D$28 -> Drylot (feed pad) | N40: {=MMS_Feedlot_AtmosphericDeposition_Equations.VEERG_4_1_1_5__2_VolatilisedNitrogenFromManureManagement(N23,$E32)} -> 10013.553 | O40: {=MMS_Feedlot_AtmosphericDeposition_Equations.VEERG_4_1_1_5__2_VolatilisedNitrogenFromManureManagement(O23,$E32)} -> 15206.124 | P40: {=MMS_Feedlot_AtmosphericDeposition_Equations.VEERG_4_1_1_5__2_VolatilisedNitrogenFromManureManagement(P23,$E32)} -> 21962.88 | Q40: =$E$12 -> kg N
D41: ='Input - Feedlot'!$D$32 -> Solid storage | E41: {=MMS_Feedlot_AtmosphericDeposition_Equations.VEERG_4_1_1_5__2_VolatilisedNitrogenFromManureManagement(E24,$E33)} -> 312.58973 | F41: {=MMS_Feedlot_AtmosphericDeposition_Equations.VEERG_4_1_1_5__2_VolatilisedNitrogenFromManureManagement(F24,$E33)} -> 474.68449 | G41: {=MMS_Feedlot_AtmosphericDeposition_Equations.VEERG_4_1_1_5__2_VolatilisedNitrogenFromManureManagement(G24,$E33)} -> 685.6079 | M41: ='Input - Feedlot'!$D$32 -> Solid storage | N41: {=MMS_Feedlot_AtmosphericDeposition_Equations.VEERG_4_1_1_5__2_VolatilisedNitrogenFromManureManagement(N24,$E33)} -> 312.58973 | O41: {=MMS_Feedlot_AtmosphericDeposition_Equations.VEERG_4_1_1_5__2_VolatilisedNitrogenFromManureManagement(O24,$E33)} -> 474.68449 | P41: {=MMS_Feedlot_AtmosphericDeposition_Equations.VEERG_4_1_1_5__2_VolatilisedNitrogenFromManureManagement(P24,$E33)} -> 685.6079
D42: ='Input - Feedlot'!$D$33 -> Composting (passive windrow) | E42: {=MMS_Feedlot_AtmosphericDeposition_Equations.VEERG_4_1_1_5__2_VolatilisedNitrogenFromManureManagement(E25,$E34)} -> 500.14358 | F42: {=MMS_Feedlot_AtmosphericDeposition_Equations.VEERG_4_1_1_5__2_VolatilisedNitrogenFromManureManagement(F25,$E34)} -> 759.49518 | G42: {=MMS_Feedlot_AtmosphericDeposition_Equations.VEERG_4_1_1_5__2_VolatilisedNitrogenFromManureManagement(G25,$E34)} -> 1096.9726 | M42: ='Input - Feedlot'!$D$33 -> Composting (passive windrow) | N42: {=MMS_Feedlot_AtmosphericDeposition_Equations.VEERG_4_1_1_5__2_VolatilisedNitrogenFromManureManagement(N25,$E34)} -> 500.14358 | O42: {=MMS_Feedlot_AtmosphericDeposition_Equations.VEERG_4_1_1_5__2_VolatilisedNitrogenFromManureManagement(O25,$E34)} -> 759.49518 | P42: {=MMS_Feedlot_AtmosphericDeposition_Equations.VEERG_4_1_1_5__2_VolatilisedNitrogenFromManureManagement(P25,$E34)} -> 1096.9726
D43: ='Input - Feedlot'!$D$34 -> Direct application | E43: N/A | F43: N/A | G43: N/A | M43: ='Input - Feedlot'!$D$34 -> Direct application | N43: N/A | O43: N/A | P43: N/A
D44: ='Input - Feedlot'!$D$38 -> Anaerobic lagoon | E44: {=MMS_Feedlot_AtmosphericDeposition_Equations.VEERG_4_1_1_5__2_VolatilisedNitrogenFromManureManagement(E27,$E35)} -> 116.82478 | F44: {=MMS_Feedlot_AtmosphericDeposition_Equations.VEERG_4_1_1_5__2_VolatilisedNitrogenFromManureManagement(F27,$E35)} -> 177.40477 | G44: {=MMS_Feedlot_AtmosphericDeposition_Equations.VEERG_4_1_1_5__2_VolatilisedNitrogenFromManureManagement(G27,$E35)} -> 256.2336 | M44: ='Input - Feedlot'!$D$38 -> Anaerobic lagoon | N44: {=MMS_Feedlot_AtmosphericDeposition_Equations.VEERG_4_1_1_5__2_VolatilisedNitrogenFromManureManagement(N27,$E35)} -> 116.82478 | O44: {=MMS_Feedlot_AtmosphericDeposition_Equations.VEERG_4_1_1_5__2_VolatilisedNitrogenFromManureManagement(O27,$E35)} -> 177.40477 | P44: {=MMS_Feedlot_AtmosphericDeposition_Equations.VEERG_4_1_1_5__2_VolatilisedNitrogenFromManureManagement(P27,$E35)} -> 256.2336
D46: MMSATMOS | E46: =SUM(E40:G44) -> 51562.513 | F46: =$E$12 -> kg N | M46: MMSATMOS | N46: =SUM(N40:P44) -> 51562.513 | O46: =$E$12 -> kg N
D50: {=MMS_Feedlot_AtmosphericDeposition_Equations.VEERG_4_1_1_5__1_TotalAnnualAtmosphericDepositionEmissions_Title()} -> Total annual atmospheric deposition emissions from manure management
D51: {=MMS_Feedlot_AtmosphericDeposition_Equations.VEERG_4_1_1_5__1_TotalAnnualAtmosphericDepositionEmissions_Source()} -> VEERG 2026: 4.1.1.5, Equation (1)
D52: Function name | E52: {=Common_InputFunctions.Utility_DisplayFunctionName(E65)} -> =MMS_Feedlot_AtmosphericDeposition_Equations.VEERG_4_1_1_5__1_TotalAnnualAtmosphericDepositionEmissions
D55: Variable | E55: {=MMS_Feedlot_AtmosphericDeposition_Equations.VEERG_4_1_1_5__1_TotalAnnualAtmosphericDepositionEmissions_Variable()} -> E_N2Oad
D56: Unit | E56: {=MMS_Feedlot_AtmosphericDeposition_Equations.VEERG_4_1_1_5__1_TotalAnnualAtmosphericDepositionEmissions_Unit()} -> t N2O
D58: {=_xlfn.CHOOSECOLS(MMS_Feedlot_AtmosphericDeposition_Equations.VEERG_4_1_1_5__1_TotalAnnualAtmosphericDepositionEmissions_Arguments(),1,2)} -> MMS_ATMOS | E58: mass of N volatilised from MMS | G58: {=_xlfn.CHOOSECOLS(MMS_Feedlot_AtmosphericDeposition_Equations.VEERG_4_1_1_5__1_TotalAnnualAtmosphericDepositionEmissions_Arguments(),3,4)} -> kg N | H58: Calculated from 4.1.1.5 (2) | I58: =$E$46 -> 51562.513 | M58: {=_xlfn.CHOOSECOLS(MMS_Feedlot_AtmosphericDeposition_Equations.VEERG_4_1_1_5__1_TotalAnnualAtmosphericDepositionEmissions_Arguments(),1,2)} -> MMS_ATMOS | N58: mass of N volatilised from MMS | P58: {=_xlfn.CHOOSECOLS(MMS_Feedlot_AtmosphericDeposition_Equations.VEERG_4_1_1_5__1_TotalAnnualAtmosphericDepositionEmissions_Arguments(),3,4)} -> kg N | Q58: Calculated from 4.1.1.5 (2) | R58: =$N$46 -> 51562.513
D59: EF_N2O | E59: nitrous oxide emission factor for atmospheric deposition | G59: kg N2O-N/kg N | H59: Constant | I59: =Common_InputFunctions.Utility_LookupN2OEFFromProdIrrigationRainfall($I$61,$I$62,$I$63,Table_SourceData_Common_EFN2O[Production system only],Table_SourceData_Common_EFN2O[Irrigation method],Table_SourceData_Common_EFN2O[Rainfall zone],Table_SourceData_Common_EFN2O[EFN2O]) -> 0.0018 | M59: EF_N2O | N59: nitrous oxide emission factor for atmospheric deposition | P59: kg N2O-N/kg N | Q59: Constant
D60: C_N2O | E60: factor to convert elemental mass of nitrous oxide to molecular mass | H60: Constant | I60: =Common_InputFunctions.Utility_LookupValueInTableNumber("N2O",Table_GasToMolecularConversionFactor[Gas],Table_GasToMolecularConversionFactor[Conversion factor combined]) -> 1.5714286 | M60: C_N2O | N60: factor to convert elemental mass of nitrous oxide to molecular mass | Q60: Constant
D61: j | E61: production system | H61: Input | I61: ='Input - Feedlot'!$E$41 -> Pasture | M61: j | N61: production system | Q61: Input
D62: i | E62: irrigation method | H62: Input | I62: ='Input - Feedlot'!$E$42 -> Not irrigated | M62: i | N62: irrigation method | Q62: Input
D63: r | E63: rainfall zone | H63: Input | I63: ='Input - Site'!$E$30 -> High rainfall | M63: r | N63: rainfall zone | Q63: Input
D65: EN2O,ad | E65: {=MMS_Feedlot_AtmosphericDeposition_Equations.VEERG_4_1_1_5__1_TotalAnnualAtmosphericDepositionEmissions(I58,I59,I60)} -> 0.14584825 | F65: =$E$56 -> t N2O | M65: EN2O,ad | N65: {=MMS_Feedlot_AtmosphericDeposition_Equations.VEERG_4_1_1_5__1_TotalAnnualAtmosphericDepositionEmissions(R58,I59,I60)} -> 0.14584825 | O65: =$E$56 -> t N2O
D67: {=Common_Equations.Common_ConvertN2OToCO2e_Arguments()} -> EN2O | E67: Nitrous oxide emissions (t N2O) | G67: =E65 -> 0.14584825 | M67: {=Common_Equations.Common_ConvertN2OToCO2e_Arguments()} -> EN2O | N67: Nitrous oxide emissions (t N2O) | P67: =N65 -> 0.14584825
D68: GWPN2O | E68: Global warming potential for nitrous oxide (t CO2-e / t N2O) | G68: =Common_InputFunctions.Utility_LookupValueInTableNumber("N2O",Table_GWPData[Gas],Table_GWPData[CO2-e factor]) -> 265 | M68: GWPN2O | N68: Global warming potential for nitrous oxide (t CO2-e / t N2O) | P68: =Common_InputFunctions.Utility_LookupValueInTableNumber("N2O",Table_GWPData[Gas],Table_GWPData[CO2-e factor]) -> 265
D70: ECO2e | E70: {=Common_Equations.Common_ConvertN2OToCO2e(G67,G68)} -> 38.649786 | F70: {=Common_Equations.Common_ConvertN2OToCO2e_Unit()} -> t CO2e | M70: ECO2e | N70: {=Common_Equations.Common_ConvertN2OToCO2e(P67,P68)} -> 38.649786 | O70: {=Common_Equations.Common_ConvertN2OToCO2e_Unit()} -> t CO2e

Sheet 4.1.1.9 Manure applied to soils
A1: #VALUE! | C1: 4.1.1.9 Manure applied to soils
A3: =HYPERLINK("#'Home'!A1", "Home") -> Home | D3: Method 1 | N3: Method 2
A4: =HYPERLINK("#'Overview'!A1", "Overview") -> Overview
A5: =HYPERLINK("#'Results'!A1", "Results") -> Results | D5: {=MMS_Feedlot_ManureAppliedToSoils_Equations.VEERG_4_1_1_9__1_MassOfNitrogenAppliedToSoilsScope1_Title()} -> Mass of nitrogen applied to soils for scope 1 emissions
D6: {=MMS_Feedlot_ManureAppliedToSoils_Equations.VEERG_4_1_1_9__1_MassOfNitrogenAppliedToSoilsScope1_Source()} -> VEERG 2026: 4.1.1.9, Equation (1)
A7: INPUTS | D7: Function name | E7: {=Common_InputFunctions.Utility_DisplayFunctionName(E56)} -> =MMS_Feedlot_ManureAppliedToSoils_Equations.VEERG_4_1_1_9__1_MassOfNitrogenAppliedToSoilsScope1
A8: =HYPERLINK("#'Input - Site'!A1", "Site") -> Site
A9: =HYPERLINK("#'Input - Feedlot'!A1", "Feedlot") -> Feedlot
A11: CALCULATIONS | D11: Variable | E11: {=MMS_Feedlot_ManureAppliedToSoils_Equations.VEERG_4_1_1_9__1_MassOfNitrogenAppliedToSoilsScope1_Variable()} -> MNSoil_scope1
A12: =HYPERLINK("#'4.1.1.1-2 Methane'!A1", "4.1.1.1-2 Methane") -> 4.1.1.1-2 Methane | D12: Unit | E12: {=MMS_Feedlot_ManureAppliedToSoils_Equations.VEERG_4_1_1_9__1_MassOfNitrogenAppliedToSoilsScope1_Unit()} -> kg N
A13: =HYPERLINK("#'4.1.1.3-4 Direct N20'!A1", "4.1.1.3-4 Direct N2O") -> 4.1.1.3-4 Direct N2O
A14: =HYPERLINK("#'4.1.1.5-6 Atmos Deposition'!A1", "4.1.1.5-6 Atmospheric deposition") -> 4.1.1.5-6 Atmospheric deposition | D14: {=_xlfn.CHOOSECOLS(MMS_Feedlot_ManureAppliedToSoils_Equations.VEERG_4_1_1_9__1_MassOfNitrogenAppliedToSoilsScope1_Arguments(),1,2)} -> MN_jmT23 | E14: mass of N in secondary and tertiary treatment MMS stages as calculated for manure management | H14: {=_xlfn.CHOOSECOLS(MMS_Feedlot_ManureAppliedToSoils_Equations.VEERG_4_1_1_9__1_MassOfNitrogenAppliedToSoilsScope1_Arguments(),3,4)} -> kg N | I14: Calculated from 4.1.1.3 (6)(8) | J14: {=HYPERLINK(Common_InputFunctions.Utility_SourceHyperlink($D$19),$D$19)} -> M1_Table_MN_j_m_T-2-3
A15: =HYPERLINK("#'4.1.1.9 Manure applied to soils'!A1", "4.1.1.9 Manure applied to soils") -> 4.1.1.9 Manure applied to soils | D15: EF_mT23 | E15: nitrous oxide emission factor for each MMS | H15: kg N2O-N/kg N | I15: Constant | J15: {=HYPERLINK(Common_InputFunctions.Utility_SourceHyperlink($D$27),$D$27)} -> Table_EF_j_m_T-2-3
D16: FracGASM_mT23 | E16: fraction of animal waste N volatilised in each MMS for each cattle group | H16: (kg NH3-N + NOx-N)/kg N | I16: Constant | J16: {=HYPERLINK(Common_InputFunctions.Utility_SourceHyperlink($D$36),$D$36)} -> Table_FracGASM_m_T-2-3
A17: APPENDICES | D17: PF | E17: fraction of manure applied to soil within the feedlot boundary | H17: fraction | I17: Input | J17: {=HYPERLINK(Common_InputFunctions.Utility_SourceHyperlink($D$45),$D$45)} -> Table_PF
A18: =HYPERLINK("#'Constants - Feedlot'!A1", "Constants - Feedlot") -> Constants - Feedlot
A19: =HYPERLINK("#'Constants - Livestock'!A1", "Constants - Livestock") -> Constants - Livestock | D19: M1_Table_MN_j_m_T-2-3 | N19: M2_Table_MN_j_m_T-2-3
A20: =HYPERLINK("#'Constants - Common'!A1", "Constants - Common") -> Constants - Common | D20: Mass on N in stage 2 and 3 MMS (Method 1) | N20: Mass on N in stage 2 and 3 MMS (Method 2)
A21: =HYPERLINK("#'Acknowledgements'!A1", "Acknowledgements") -> Acknowledgements | D21: MMS | E21: Domestic | F21: Mid-fed | G21: Long-fed | N21: MMS | O21: Domestic | P21: Mid-fed | Q21: Long-fed
D22: ='Input - Feedlot'!$D$32 -> Solid storage | E22: ='4.1.1.3-4 Direct N20'!$E$174 -> 1250.3589 | F22: ='4.1.1.3-4 Direct N20'!$F$174 -> 1898.738 | G22: ='4.1.1.3-4 Direct N20'!$G$174 -> 2742.4316 | H22: kg N | N22: ='Input - Feedlot'!$D$32 -> Solid storage | O22: ='4.1.1.3-4 Direct N20'!$P$174 -> 1250.3589 | P22: ='4.1.1.3-4 Direct N20'!$Q$174 -> 1898.738 | Q22: ='4.1.1.3-4 Direct N20'!$R$174 -> 2742.4316 | R22: kg N
D23: ='Input - Feedlot'!$D$33 -> Composting (passive windrow) | E23: ='4.1.1.3-4 Direct N20'!$E$175 -> 1250.3589 | F23: ='4.1.1.3-4 Direct N20'!$F$175 -> 1898.738 | G23: ='4.1.1.3-4 Direct N20'!$G$175 -> 2742.4316 | H23: kg N | N23: ='Input - Feedlot'!$D$33 -> Composting (passive windrow) | O23: ='4.1.1.3-4 Direct N20'!$P$175 -> 1250.3589 | P23: ='4.1.1.3-4 Direct N20'!$Q$175 -> 1898.738 | Q23: ='4.1.1.3-4 Direct N20'!$R$175 -> 2742.4316 | R23: kg N
D24: ='Input - Feedlot'!$D$34 -> Direct application | E24: ='4.1.1.3-4 Direct N20'!$E$176 -> 3751.0768 | F24: ='4.1.1.3-4 Direct N20'!$F$176 -> 5696.2139 | G24: ='4.1.1.3-4 Direct N20'!$G$176 -> 8227.2948 | N24: ='Input - Feedlot'!$D$34 -> Direct application | O24: ='4.1.1.3-4 Direct N20'!$P$176 -> 3751.0768 | P24: ='4.1.1.3-4 Direct N20'!$Q$176 -> 5696.2139 | Q24: ='4.1.1.3-4 Direct N20'!$R$176 -> 8227.2948 | R24: kg N
D25: ='Input - Feedlot'!$D$38 -> Anaerobic lagoon | E25: ='4.1.1.3-4 Direct N20'!$E$129 -> 333.78509 | F25: ='4.1.1.3-4 Direct N20'!$F$129 -> 506.87078 | G25: ='4.1.1.3-4 Direct N20'!$G$129 -> 732.096 | H25: kg N | N25: ='Input - Feedlot'!$D$38 -> Anaerobic lagoon | O25: ='4.1.1.3-4 Direct N20'!$P$129 -> 333.78509 | P25: ='4.1.1.3-4 Direct N20'!$Q$129 -> 506.87078 | Q25: ='4.1.1.3-4 Direct N20'!$R$129 -> 732.096 | R25: kg N
D27: Table_EF_j_m_T-2-3
D28: EFs for MMS
D29: MMS | E29: EFjm
D30: ='Input - Feedlot'!$D$28 -> Drylot (feed pad) | E30: =_xlfn.XLOOKUP(D30, Table_SourceData_Feedlot_NO2EFs[NIR definition], Table_SourceData_Feedlot_NO2EFs[EF mT]) -> 0.0054 | F30: kg N2O/kg N
D31: ='Input - Feedlot'!$D$32 -> Solid storage | E31: =_xlfn.XLOOKUP($D$31, Table_SourceData_Feedlot_NO2EFs[NIR definition], Table_SourceData_Feedlot_NO2EFs[EF mT]) -> 0.005 | F31: kg N2O/kg N
D32: ='Input - Feedlot'!$D$33 -> Composting (passive windrow) | E32: =_xlfn.XLOOKUP($D$32, Table_SourceData_Feedlot_NO2EFs[NIR definition], Table_SourceData_Feedlot_NO2EFs[EF mT]) -> 0.01 | F32: kg N2O/kg N
D33: Direct application | E33: =_xlfn.XLOOKUP($D$33, Table_SourceData_Feedlot_NO2EFs[NIR definition], Table_SourceData_Feedlot_NO2EFs[EF mT]) -> 0 | F33: kg N2O/kg N
D34: ='Input - Feedlot'!$D$38 -> Anaerobic lagoon | E34: =_xlfn.XLOOKUP($D$34, Table_SourceData_Feedlot_NO2EFs[NIR definition], Table_SourceData_Feedlot_NO2EFs[EF mT]) -> 0 | F34: kg N2O/kg N
D36: Table_FracGASM_m_T-2-3
D37: Fraction of N volatilised in each MMS
D38: MMS | E38: EFjm
D39: ='Input - Feedlot'!$D$28 -> Drylot (feed pad) | E39: =_xlfn.XLOOKUP(D39, Table_SourceData_Feedlot_FracGASMmT[NIR definition], Table_SourceData_Feedlot_FracGASMmT[FracGASMmT]) -> 0.6 | F39: (kg NH3-N + NOx-N)/kg N
D40: ='Input - Feedlot'!$D$32 -> Solid storage | E40: =_xlfn.XLOOKUP(D40, Table_SourceData_Feedlot_FracGASMmT[NIR definition], Table_SourceData_Feedlot_FracGASMmT[FracGASMmT]) -> 0.25 | F40: (kg NH3-N + NOx-N)/kg N
D41: ='Input - Feedlot'!$D$33 -> Composting (passive windrow) | E41: =_xlfn.XLOOKUP(D41, Table_SourceData_Feedlot_FracGASMmT[NIR definition], Table_SourceData_Feedlot_FracGASMmT[FracGASMmT]) -> 0.4 | F41: (kg NH3-N + NOx-N)/kg N
D42: ='Input - Feedlot'!$D$34 -> Direct application | E42: =_xlfn.XLOOKUP(D42, Table_SourceData_Feedlot_FracGASMmT[NIR definition], Table_SourceData_Feedlot_FracGASMmT[FracGASMmT]) -> 0 | F42: (kg NH3-N + NOx-N)/kg N
D43: ='Input - Feedlot'!$D$38 -> Anaerobic lagoon | E43: =_xlfn.XLOOKUP(D43, Table_SourceData_Feedlot_FracGASMmT[NIR definition], Table_SourceData_Feedlot_FracGASMmT[FracGASMmT]) -> 0.35 | F43: (kg NH3-N + NOx-N)/kg N
D45: Table_PF
D46: Fraction of manure applied to soil from MMS
D47: MMS | E47: PF
D48: ='Input - Feedlot'!$D$32 -> Solid storage | E48: ='Input - Feedlot'!J32+'Input - Feedlot'!K32 -> 0.75 | F48: fraction
D49: ='Input - Feedlot'!$D$33 -> Composting (passive windrow) | E49: ='Input - Feedlot'!J33+'Input - Feedlot'!K33 -> 0.75 | F49: fraction
D50: ='Input - Feedlot'!$D$34 -> Direct application | E50: ='Input - Feedlot'!J34+'Input - Feedlot'!K34 -> 1 | F50: fraction
D51: ='Input - Feedlot'!$D$38 -> Anaerobic lagoon | E51: ='Input - Feedlot'!J38+'Input - Feedlot'!K38 -> 0.75 | F51: fraction
D53: M1_Table_MNSoil_scope1 | N53: M2_Table_MNSoil_scope1
D54: Mass of N applied to soils (Method 1) | N54: Mass of N applied to soils (Method 2)
D55: MMS | E55: Domestic | F55: Mid-fed | G55: Long-fed | N55: MMS | O55: Domestic | P55: Mid-fed | Q55: Long-fed
D56: ='Input - Feedlot'!$D$32 -> Solid storage | E56: {=MMS_Feedlot_ManureAppliedToSoils_Equations.VEERG_4_1_1_9__1_MassOfNitrogenAppliedToSoilsScope1(E22,_xlfn.XLOOKUP($D56,$D$30:$D$34,$E$30:$E$34),_xlfn.XLOOKUP($D56,$D$39:$D$43,$E$39:$E$43),$E48)} -> 698.63806 | F56: {=MMS_Feedlot_ManureAppliedToSoils_Equations.VEERG_4_1_1_9__1_MassOfNitrogenAppliedToSoilsScope1(F22,_xlfn.XLOOKUP($D56,$D$30:$D$34,$E$30:$E$34),_xlfn.XLOOKUP($D56,$D$39:$D$43,$E$39:$E$43),$E48)} -> 1060.9198 | G56: {=MMS_Feedlot_ManureAppliedToSoils_Equations.VEERG_4_1_1_9__1_MassOfNitrogenAppliedToSoilsScope1(G22,_xlfn.XLOOKUP($D56,$D$30:$D$34,$E$30:$E$34),_xlfn.XLOOKUP($D56,$D$39:$D$43,$E$39:$E$43),$E48)} -> 1532.3337 | H56: =$E$12 -> kg N | N56: ='Input - Feedlot'!$D$32 -> Solid storage | O56: {=MMS_Feedlot_ManureAppliedToSoils_Equations.VEERG_4_1_1_9__1_MassOfNitrogenAppliedToSoilsScope1(O22,_xlfn.XLOOKUP($N56,$D$30:$D$34,$E$30:$E$34),_xlfn.XLOOKUP($N56,$D$39:$D$43,$E$39:$E$43),$E48)} -> 698.63806 | P56: {=MMS_Feedlot_ManureAppliedToSoils_Equations.VEERG_4_1_1_9__1_MassOfNitrogenAppliedToSoilsScope1(P22,_xlfn.XLOOKUP($N56,$D$30:$D$34,$E$30:$E$34),_xlfn.XLOOKUP($N56,$D$39:$D$43,$E$39:$E$43),$E48)} -> 1060.9198 | Q56: {=MMS_Feedlot_ManureAppliedToSoils_Equations.VEERG_4_1_1_9__1_MassOfNitrogenAppliedToSoilsScope1(Q22,_xlfn.XLOOKUP($N56,$D$30:$D$34,$E$30:$E$34),_xlfn.XLOOKUP($N56,$D$39:$D$43,$E$39:$E$43),$E48)} -> 1532.3337 | R56: =$E$12 -> kg N
D57: ='Input - Feedlot'!$D$33 -> Composting (passive windrow) | E57: {=MMS_Feedlot_ManureAppliedToSoils_Equations.VEERG_4_1_1_9__1_MassOfNitrogenAppliedToSoilsScope1(E23,_xlfn.XLOOKUP($D57,$D$30:$D$34,$E$30:$E$34),_xlfn.XLOOKUP($D57,$D$39:$D$43,$E$39:$E$43),$E49)} -> 553.28383 | F57: {=MMS_Feedlot_ManureAppliedToSoils_Equations.VEERG_4_1_1_9__1_MassOfNitrogenAppliedToSoilsScope1(F23,_xlfn.XLOOKUP($D57,$D$30:$D$34,$E$30:$E$34),_xlfn.XLOOKUP($D57,$D$39:$D$43,$E$39:$E$43),$E49)} -> 840.19155 | G57: {=MMS_Feedlot_ManureAppliedToSoils_Equations.VEERG_4_1_1_9__1_MassOfNitrogenAppliedToSoilsScope1(G23,_xlfn.XLOOKUP($D57,$D$30:$D$34,$E$30:$E$34),_xlfn.XLOOKUP($D57,$D$39:$D$43,$E$39:$E$43),$E49)} -> 1213.526 | H57: =$E$12 -> kg N | N57: ='Input - Feedlot'!$D$33 -> Composting (passive windrow) | O57: {=MMS_Feedlot_ManureAppliedToSoils_Equations.VEERG_4_1_1_9__1_MassOfNitrogenAppliedToSoilsScope1(O23,_xlfn.XLOOKUP($N57,$D$30:$D$34,$E$30:$E$34),_xlfn.XLOOKUP($N57,$D$39:$D$43,$E$39:$E$43),$E49)} -> 553.28383 | P57: {=MMS_Feedlot_ManureAppliedToSoils_Equations.VEERG_4_1_1_9__1_MassOfNitrogenAppliedToSoilsScope1(P23,_xlfn.XLOOKUP($N57,$D$30:$D$34,$E$30:$E$34),_xlfn.XLOOKUP($N57,$D$39:$D$43,$E$39:$E$43),$E49)} -> 840.19155 | Q57: {=MMS_Feedlot_ManureAppliedToSoils_Equations.VEERG_4_1_1_9__1_MassOfNitrogenAppliedToSoilsScope1(Q23,_xlfn.XLOOKUP($N57,$D$30:$D$34,$E$30:$E$34),_xlfn.XLOOKUP($N57,$D$39:$D$43,$E$39:$E$43),$E49)} -> 1213.526 | R57: =$E$12 -> kg N
D58: ='Input - Feedlot'!$D$34 -> Direct application | E58: {=MMS_Feedlot_ManureAppliedToSoils_Equations.VEERG_4_1_1_9__1_MassOfNitrogenAppliedToSoilsScope1(E24,_xlfn.XLOOKUP($D58,$D$30:$D$34,$E$30:$E$34),_xlfn.XLOOKUP($D58,$D$39:$D$43,$E$39:$E$43),$E50)} -> 3751.0768 | F58: {=MMS_Feedlot_ManureAppliedToSoils_Equations.VEERG_4_1_1_9__1_MassOfNitrogenAppliedToSoilsScope1(F24,_xlfn.XLOOKUP($D58,$D$30:$D$34,$E$30:$E$34),_xlfn.XLOOKUP($D58,$D$39:$D$43,$E$39:$E$43),$E50)} -> 5696.2139 | G58: {=MMS_Feedlot_ManureAppliedToSoils_Equations.VEERG_4_1_1_9__1_MassOfNitrogenAppliedToSoilsScope1(G24,_xlfn.XLOOKUP($D58,$D$30:$D$34,$E$30:$E$34),_xlfn.XLOOKUP($D58,$D$39:$D$43,$E$39:$E$43),$E50)} -> 8227.2948 | H58: =$E$12 -> kg N | N58: ='Input - Feedlot'!$D$34 -> Direct application | O58: {=MMS_Feedlot_ManureAppliedToSoils_Equations.VEERG_4_1_1_9__1_MassOfNitrogenAppliedToSoilsScope1(O24,_xlfn.XLOOKUP($N58,$D$30:$D$34,$E$30:$E$34),_xlfn.XLOOKUP($N58,$D$39:$D$43,$E$39:$E$43),$E50)} -> 3751.0768 | P58: {=MMS_Feedlot_ManureAppliedToSoils_Equations.VEERG_4_1_1_9__1_MassOfNitrogenAppliedToSoilsScope1(P24,_xlfn.XLOOKUP($N58,$D$30:$D$34,$E$30:$E$34),_xlfn.XLOOKUP($N58,$D$39:$D$43,$E$39:$E$43),$E50)} -> 5696.2139 | Q58: {=MMS_Feedlot_ManureAppliedToSoils_Equations.VEERG_4_1_1_9__1_MassOfNitrogenAppliedToSoilsScope1(Q24,_xlfn.XLOOKUP($N58,$D$30:$D$34,$E$30:$E$34),_xlfn.XLOOKUP($N58,$D$39:$D$43,$E$39:$E$43),$E50)} -> 8227.2948 | R58: =$E$12 -> kg N
D59: ='Input - Feedlot'!$D$38 -> Anaerobic lagoon | E59: {=MMS_Feedlot_ManureAppliedToSoils_Equations.VEERG_4_1_1_9__1_MassOfNitrogenAppliedToSoilsScope1(E25,_xlfn.XLOOKUP($D59,$D$30:$D$34,$E$30:$E$34),_xlfn.XLOOKUP($D59,$D$39:$D$43,$E$39:$E$43),$E51)} -> 162.72023 | F59: {=MMS_Feedlot_ManureAppliedToSoils_Equations.VEERG_4_1_1_9__1_MassOfNitrogenAppliedToSoilsScope1(F25,_xlfn.XLOOKUP($D59,$D$30:$D$34,$E$30:$E$34),_xlfn.XLOOKUP($D59,$D$39:$D$43,$E$39:$E$43),$E51)} -> 247.09951 | G59: {=MMS_Feedlot_ManureAppliedToSoils_Equations.VEERG_4_1_1_9__1_MassOfNitrogenAppliedToSoilsScope1(G25,_xlfn.XLOOKUP($D59,$D$30:$D$34,$E$30:$E$34),_xlfn.XLOOKUP($D59,$D$39:$D$43,$E$39:$E$43),$E51)} -> 356.8968 | H59: =$E$12 -> kg N | N59: ='Input - Feedlot'!$D$38 -> Anaerobic lagoon | O59: {=MMS_Feedlot_ManureAppliedToSoils_Equations.VEERG_4_1_1_9__1_MassOfNitrogenAppliedToSoilsScope1(O25,_xlfn.XLOOKUP($N59,$D$30:$D$34,$E$30:$E$34),_xlfn.XLOOKUP($N59,$D$39:$D$43,$E$39:$E$43),$E51)} -> 162.72023 | P59: {=MMS_Feedlot_ManureAppliedToSoils_Equations.VEERG_4_1_1_9__1_MassOfNitrogenAppliedToSoilsScope1(P25,_xlfn.XLOOKUP($N59,$D$30:$D$34,$E$30:$E$34),_xlfn.XLOOKUP($N59,$D$39:$D$43,$E$39:$E$43),$E51)} -> 247.09951 | Q59: {=MMS_Feedlot_ManureAppliedToSoils_Equations.VEERG_4_1_1_9__1_MassOfNitrogenAppliedToSoilsScope1(Q25,_xlfn.XLOOKUP($N59,$D$30:$D$34,$E$30:$E$34),_xlfn.XLOOKUP($N59,$D$39:$D$43,$E$39:$E$43),$E51)} -> 356.8968 | R59: =$E$12 -> kg N
D61: MNSoilscope1 | E61: =SUM(E56:G59) -> 24340.195 | F61: =$E$12 -> kg N | N61: MNSoilscope1 | O61: =SUM(O56:Q59) -> 24340.195 | P61: =$E$12 -> kg N
D65: {=MMS_Feedlot_ManureAppliedToSoils_Equations.VEERG_4_1_1_9__2_MassOfNitrogenAppliedToSoilsScope3_Title()} -> Mass of nitrogen applied to soils for scope 3 emissions
D66: {=MMS_Feedlot_ManureAppliedToSoils_Equations.VEERG_4_1_1_9__2_MassOfNitrogenAppliedToSoilsScope3_Source()} -> VEERG 2026: 4.1.1.9, Equation (2)
D67: Function name | E67: {=Common_InputFunctions.Utility_DisplayFunctionName(E82)} -> =MMS_Feedlot_ManureAppliedToSoils_Equations.VEERG_4_1_1_9__2_MassOfNitrogenAppliedToSoilsScope3
D71: Variable | E71: {=MMS_Feedlot_ManureAppliedToSoils_Equations.VEERG_4_1_1_9__2_MassOfNitrogenAppliedToSoilsScope3_Variable()} -> MNSoil_scope3
D72: Unit | E72: {=MMS_Feedlot_ManureAppliedToSoils_Equations.VEERG_4_1_1_9__2_MassOfNitrogenAppliedToSoilsScope3_Unit()} -> kg N
D74: {=_xlfn.CHOOSECOLS(MMS_Feedlot_ManureAppliedToSoils_Equations.VEERG_4_1_1_9__2_MassOfNitrogenAppliedToSoilsScope3_Arguments(),1,2)} -> MN_jmT23 | E74: mass of N in secondary and tertiary treatment MMS stages as calculated for manure management | H74: {=_xlfn.CHOOSECOLS(MMS_Feedlot_ManureAppliedToSoils_Equations.VEERG_4_1_1_9__2_MassOfNitrogenAppliedToSoilsScope3_Arguments(),3,4)} -> kg N | I74: Calculated from 4.1.1.3 (6)(8) | J74: {=HYPERLINK(Common_InputFunctions.Utility_SourceHyperlink($D$19),$D$19)} -> M1_Table_MN_j_m_T-2-3
D75: EF_mT23 | E75: nitrous oxide emission factor for each MMS | H75: kg N2O-N/kg N | I75: Constant | J75: {=HYPERLINK(Common_InputFunctions.Utility_SourceHyperlink($D$27),$D$27)} -> Table_EF_j_m_T-2-3
D76: FracGASM_mT23 | E76: fraction of animal waste N volatilised in each MMS for each cattle group | H76: (kg NH3-N + NOx-N)/kg N | I76: Constant | J76: {=HYPERLINK(Common_InputFunctions.Utility_SourceHyperlink($D$36),$D$36)} -> Table_FracGASM_m_T-2-3
D77: PF | E77: fraction of manure applied to soil within the feedlot boundary | H77: fraction | I77: Input | J77: {=HYPERLINK(Common_InputFunctions.Utility_SourceHyperlink($D$45),$D$45)} -> Table_PF
D79: M1_Table_MNSoil_scope3 | N79: M2_Table_MNSoil_scope3
D80: Mass of N applied to soils as fertiliser (Method 1) | N80: Mass of N applied to soils as fertiliser (Method 2)
D81: MMS | E81: Domestic | F81: Mid-fed | G81: Long-fed | N81: MMS | O81: Domestic | P81: Mid-fed | Q81: Long-fed
D82: ='Input - Feedlot'!$D$32 -> Solid storage | E82: {=MMS_Feedlot_ManureAppliedToSoils_Equations.VEERG_4_1_1_9__2_MassOfNitrogenAppliedToSoilsScope3(E22,_xlfn.XLOOKUP($D82, $D$30:$D$34,$E$30:$E$34),_xlfn.XLOOKUP($D82,$D$39:$D$43,$E$39:$E$43),$E48)} -> 232.87935 | F82: {=MMS_Feedlot_ManureAppliedToSoils_Equations.VEERG_4_1_1_9__2_MassOfNitrogenAppliedToSoilsScope3(F22,_xlfn.XLOOKUP($D82, $D$30:$D$34,$E$30:$E$34),_xlfn.XLOOKUP($D82,$D$39:$D$43,$E$39:$E$43),$E48)} -> 353.63994 | G82: {=MMS_Feedlot_ManureAppliedToSoils_Equations.VEERG_4_1_1_9__2_MassOfNitrogenAppliedToSoilsScope3(G22,_xlfn.XLOOKUP($D82, $D$30:$D$34,$E$30:$E$34),_xlfn.XLOOKUP($D82,$D$39:$D$43,$E$39:$E$43),$E48)} -> 510.77789 | H82: =$E$12 -> kg N | N82: ='Input - Feedlot'!$D$32 -> Solid storage | O82: {=MMS_Feedlot_ManureAppliedToSoils_Equations.VEERG_4_1_1_9__2_MassOfNitrogenAppliedToSoilsScope3(O22,_xlfn.XLOOKUP($N82, $D$30:$D$34,$E$30:$E$34),_xlfn.XLOOKUP($N82,$D$39:$D$43,$E$39:$E$43),$E48)} -> 232.87935 | P82: {=MMS_Feedlot_ManureAppliedToSoils_Equations.VEERG_4_1_1_9__2_MassOfNitrogenAppliedToSoilsScope3(P22,_xlfn.XLOOKUP($N82, $D$30:$D$34,$E$30:$E$34),_xlfn.XLOOKUP($N82,$D$39:$D$43,$E$39:$E$43),$E48)} -> 353.63994 | Q82: {=MMS_Feedlot_ManureAppliedToSoils_Equations.VEERG_4_1_1_9__2_MassOfNitrogenAppliedToSoilsScope3(Q22,_xlfn.XLOOKUP($N82, $D$30:$D$34,$E$30:$E$34),_xlfn.XLOOKUP($N82,$D$39:$D$43,$E$39:$E$43),$E48)} -> 510.77789 | R82: =$E$12 -> kg N
D83: ='Input - Feedlot'!$D$33 -> Composting (passive windrow) | E83: {=MMS_Feedlot_ManureAppliedToSoils_Equations.VEERG_4_1_1_9__2_MassOfNitrogenAppliedToSoilsScope3(E23,_xlfn.XLOOKUP($D83, $D$30:$D$34,$E$30:$E$34),_xlfn.XLOOKUP($D83,$D$39:$D$43,$E$39:$E$43),$E49)} -> 184.42794 | F83: {=MMS_Feedlot_ManureAppliedToSoils_Equations.VEERG_4_1_1_9__2_MassOfNitrogenAppliedToSoilsScope3(F23,_xlfn.XLOOKUP($D83, $D$30:$D$34,$E$30:$E$34),_xlfn.XLOOKUP($D83,$D$39:$D$43,$E$39:$E$43),$E49)} -> 280.06385 | G83: {=MMS_Feedlot_ManureAppliedToSoils_Equations.VEERG_4_1_1_9__2_MassOfNitrogenAppliedToSoilsScope3(G23,_xlfn.XLOOKUP($D83, $D$30:$D$34,$E$30:$E$34),_xlfn.XLOOKUP($D83,$D$39:$D$43,$E$39:$E$43),$E49)} -> 404.50866 | H83: =$E$12 -> kg N | N83: ='Input - Feedlot'!$D$33 -> Composting (passive windrow) | O83: {=MMS_Feedlot_ManureAppliedToSoils_Equations.VEERG_4_1_1_9__2_MassOfNitrogenAppliedToSoilsScope3(O23,_xlfn.XLOOKUP($N83, $D$30:$D$34,$E$30:$E$34),_xlfn.XLOOKUP($N83,$D$39:$D$43,$E$39:$E$43),$E49)} -> 184.42794 | P83: {=MMS_Feedlot_ManureAppliedToSoils_Equations.VEERG_4_1_1_9__2_MassOfNitrogenAppliedToSoilsScope3(P23,_xlfn.XLOOKUP($N83, $D$30:$D$34,$E$30:$E$34),_xlfn.XLOOKUP($N83,$D$39:$D$43,$E$39:$E$43),$E49)} -> 280.06385 | Q83: {=MMS_Feedlot_ManureAppliedToSoils_Equations.VEERG_4_1_1_9__2_MassOfNitrogenAppliedToSoilsScope3(Q23,_xlfn.XLOOKUP($N83, $D$30:$D$34,$E$30:$E$34),_xlfn.XLOOKUP($N83,$D$39:$D$43,$E$39:$E$43),$E49)} -> 404.50866 | R83: =$E$12 -> kg N
D84: ='Input - Feedlot'!$D$34 -> Direct application | E84: {=MMS_Feedlot_ManureAppliedToSoils_Equations.VEERG_4_1_1_9__2_MassOfNitrogenAppliedToSoilsScope3(E24,_xlfn.XLOOKUP($D84, $D$30:$D$34,$E$30:$E$34),_xlfn.XLOOKUP($D84,$D$39:$D$43,$E$39:$E$43),$E50)} -> 0 | F84: {=MMS_Feedlot_ManureAppliedToSoils_Equations.VEERG_4_1_1_9__2_MassOfNitrogenAppliedToSoilsScope3(F24,_xlfn.XLOOKUP($D84, $D$30:$D$34,$E$30:$E$34),_xlfn.XLOOKUP($D84,$D$39:$D$43,$E$39:$E$43),$E50)} -> 0 | G84: {=MMS_Feedlot_ManureAppliedToSoils_Equations.VEERG_4_1_1_9__2_MassOfNitrogenAppliedToSoilsScope3(G24,_xlfn.XLOOKUP($D84, $D$30:$D$34,$E$30:$E$34),_xlfn.XLOOKUP($D84,$D$39:$D$43,$E$39:$E$43),$E50)} -> 0 | H84: =$E$12 -> kg N | N84: ='Input - Feedlot'!$D$34 -> Direct application | O84: {=MMS_Feedlot_ManureAppliedToSoils_Equations.VEERG_4_1_1_9__2_MassOfNitrogenAppliedToSoilsScope3(O24,_xlfn.XLOOKUP($N84, $D$30:$D$34,$E$30:$E$34),_xlfn.XLOOKUP($N84,$D$39:$D$43,$E$39:$E$43),$E50)} -> 0 | P84: {=MMS_Feedlot_ManureAppliedToSoils_Equations.VEERG_4_1_1_9__2_MassOfNitrogenAppliedToSoilsScope3(P24,_xlfn.XLOOKUP($N84, $D$30:$D$34,$E$30:$E$34),_xlfn.XLOOKUP($N84,$D$39:$D$43,$E$39:$E$43),$E50)} -> 0 | Q84: {=MMS_Feedlot_ManureAppliedToSoils_Equations.VEERG_4_1_1_9__2_MassOfNitrogenAppliedToSoilsScope3(Q24,_xlfn.XLOOKUP($N84, $D$30:$D$34,$E$30:$E$34),_xlfn.XLOOKUP($N84,$D$39:$D$43,$E$39:$E$43),$E50)} -> 0 | R84: =$E$12 -> kg N
D85: ='Input - Feedlot'!$D$38 -> Anaerobic lagoon | E85: {=MMS_Feedlot_ManureAppliedToSoils_Equations.VEERG_4_1_1_9__2_MassOfNitrogenAppliedToSoilsScope3(E25,_xlfn.XLOOKUP($D85, $D$30:$D$34,$E$30:$E$34),_xlfn.XLOOKUP($D85,$D$39:$D$43,$E$39:$E$43),$E51)} -> 54.240077 | F85: {=MMS_Feedlot_ManureAppliedToSoils_Equations.VEERG_4_1_1_9__2_MassOfNitrogenAppliedToSoilsScope3(F25,_xlfn.XLOOKUP($D85, $D$30:$D$34,$E$30:$E$34),_xlfn.XLOOKUP($D85,$D$39:$D$43,$E$39:$E$43),$E51)} -> 82.366502 | G85: {=MMS_Feedlot_ManureAppliedToSoils_Equations.VEERG_4_1_1_9__2_MassOfNitrogenAppliedToSoilsScope3(G25,_xlfn.XLOOKUP($D85, $D$30:$D$34,$E$30:$E$34),_xlfn.XLOOKUP($D85,$D$39:$D$43,$E$39:$E$43),$E51)} -> 118.9656 | H85: =$E$12 -> kg N | N85: ='Input - Feedlot'!$D$38 -> Anaerobic lagoon | O85: {=MMS_Feedlot_ManureAppliedToSoils_Equations.VEERG_4_1_1_9__2_MassOfNitrogenAppliedToSoilsScope3(O25,_xlfn.XLOOKUP($N85, $D$30:$D$34,$E$30:$E$34),_xlfn.XLOOKUP($N85,$D$39:$D$43,$E$39:$E$43),$E51)} -> 54.240077 | P85: {=MMS_Feedlot_ManureAppliedToSoils_Equations.VEERG_4_1_1_9__2_MassOfNitrogenAppliedToSoilsScope3(P25,_xlfn.XLOOKUP($N85, $D$30:$D$34,$E$30:$E$34),_xlfn.XLOOKUP($N85,$D$39:$D$43,$E$39:$E$43),$E51)} -> 82.366502 | Q85: {=MMS_Feedlot_ManureAppliedToSoils_Equations.VEERG_4_1_1_9__2_MassOfNitrogenAppliedToSoilsScope3(Q25,_xlfn.XLOOKUP($N85, $D$30:$D$34,$E$30:$E$34),_xlfn.XLOOKUP($N85,$D$39:$D$43,$E$39:$E$43),$E51)} -> 118.9656 | R85: =$E$12 -> kg N
D87: MNSoilfert,scope3 | E87: =SUM(E82:G85) -> 2221.8698 | F87: =$E$12 -> kg N | N87: MNSoilfert,scope3 | O87: =SUM(O82:Q85) -> 2221.8698 | P87: =$E$12 -> kg N
D91: ="Below are applications of " & D6 & " that are applied to the following contexts:" -> Below are applications of VEERG 2026: 4.1.1.9, Equation (1) that are applied to the following contexts:
D92: * Manure that is removed from stage 2 and 3 MMS and used as fertiliser on the farm, for other enterprises (eg crops)
D94: Scope 1: Mass of nitrogen applied as fertiliser on own farm
D95: Table_PF_fert
D96: Fraction of manure applied to as fertiliser on own farm from MMS
D97: MMS | E97: PFfert
D98: ='Input - Feedlot'!$D$32 -> Solid storage | E98: ='Input - Feedlot'!J32 -> 0.25 | F98: fraction
D99: ='Input - Feedlot'!$D$33 -> Composting (passive windrow) | E99: ='Input - Feedlot'!J33 -> 0.25 | F99: fraction
D100: ='Input - Feedlot'!$D$34 -> Direct application | E100: 0 | F100: fraction
D101: ='Input - Feedlot'!$D$38 -> Anaerobic lagoon | E101: ='Input - Feedlot'!J38 -> 0.25 | F101: fraction
D103: M1_Table_MNSoil_scope3_fert | N103: M2_Table_MNSoil_scope3_fert
D104: Mass of N applied to own farm as fertiliser (Method 1) | N104: Mass of N applied to own farm as fertiliser (Method 2)
D105: MMS | E105: Domestic | F105: Mid-fed | G105: Long-fed | N105: MMS | O105: Domestic | P105: Mid-fed | Q105: Long-fed
D106: ='Input - Feedlot'!$D$32 -> Solid storage | E106: {=MMS_Feedlot_ManureAppliedToSoils_Equations.VEERG_4_1_1_9__1_MassOfNitrogenAppliedToSoilsScope1(E22,_xlfn.XLOOKUP($D106,$D$30:$D$34,$E$30:$E$34),_xlfn.XLOOKUP($D106,$D$39:$D$43,$E$39:$E$43),$E98)} -> 232.87935 | F106: {=MMS_Feedlot_ManureAppliedToSoils_Equations.VEERG_4_1_1_9__1_MassOfNitrogenAppliedToSoilsScope1(F22,_xlfn.XLOOKUP($D106,$D$30:$D$34,$E$30:$E$34),_xlfn.XLOOKUP($D106,$D$39:$D$43,$E$39:$E$43),$E98)} -> 353.63994 | G106: {=MMS_Feedlot_ManureAppliedToSoils_Equations.VEERG_4_1_1_9__1_MassOfNitrogenAppliedToSoilsScope1(G22,_xlfn.XLOOKUP($D106,$D$30:$D$34,$E$30:$E$34),_xlfn.XLOOKUP($D106,$D$39:$D$43,$E$39:$E$43),$E98)} -> 510.77789 | H106: =$E$12 -> kg N | N106: ='Input - Feedlot'!$D$32 -> Solid storage | O106: {=MMS_Feedlot_ManureAppliedToSoils_Equations.VEERG_4_1_1_9__1_MassOfNitrogenAppliedToSoilsScope1(O22,_xlfn.XLOOKUP($N106,$D$30:$D$34,$E$30:$E$34),_xlfn.XLOOKUP($N106,$D$39:$D$43,$E$39:$E$43),$E98)} -> 232.87935 | P106: {=MMS_Feedlot_ManureAppliedToSoils_Equations.VEERG_4_1_1_9__1_MassOfNitrogenAppliedToSoilsScope1(P22,_xlfn.XLOOKUP($N106,$D$30:$D$34,$E$30:$E$34),_xlfn.XLOOKUP($N106,$D$39:$D$43,$E$39:$E$43),$E98)} -> 353.63994 | Q106: {=MMS_Feedlot_ManureAppliedToSoils_Equations.VEERG_4_1_1_9__1_MassOfNitrogenAppliedToSoilsScope1(Q22,_xlfn.XLOOKUP($N106,$D$30:$D$34,$E$30:$E$34),_xlfn.XLOOKUP($N106,$D$39:$D$43,$E$39:$E$43),$E98)} -> 510.77789 | R106: =$E$12 -> kg N
D107: ='Input - Feedlot'!$D$33 -> Composting (passive windrow) | E107: {=MMS_Feedlot_ManureAppliedToSoils_Equations.VEERG_4_1_1_9__1_MassOfNitrogenAppliedToSoilsScope1(E23,_xlfn.XLOOKUP($D107,$D$30:$D$34,$E$30:$E$34),_xlfn.XLOOKUP($D107,$D$39:$D$43,$E$39:$E$43),$E99)} -> 184.42794 | F107: {=MMS_Feedlot_ManureAppliedToSoils_Equations.VEERG_4_1_1_9__1_MassOfNitrogenAppliedToSoilsScope1(F23,_xlfn.XLOOKUP($D107,$D$30:$D$34,$E$30:$E$34),_xlfn.XLOOKUP($D107,$D$39:$D$43,$E$39:$E$43),$E99)} -> 280.06385 | G107: {=MMS_Feedlot_ManureAppliedToSoils_Equations.VEERG_4_1_1_9__1_MassOfNitrogenAppliedToSoilsScope1(G23,_xlfn.XLOOKUP($D107,$D$30:$D$34,$E$30:$E$34),_xlfn.XLOOKUP($D107,$D$39:$D$43,$E$39:$E$43),$E99)} -> 404.50866 | H107: =$E$12 -> kg N | N107: ='Input - Feedlot'!$D$33 -> Composting (passive windrow) | O107: {=MMS_Feedlot_ManureAppliedToSoils_Equations.VEERG_4_1_1_9__1_MassOfNitrogenAppliedToSoilsScope1(O23,_xlfn.XLOOKUP($N107,$D$30:$D$34,$E$30:$E$34),_xlfn.XLOOKUP($N107,$D$39:$D$43,$E$39:$E$43),$E99)} -> 184.42794 | P107: {=MMS_Feedlot_ManureAppliedToSoils_Equations.VEERG_4_1_1_9__1_MassOfNitrogenAppliedToSoilsScope1(P23,_xlfn.XLOOKUP($N107,$D$30:$D$34,$E$30:$E$34),_xlfn.XLOOKUP($N107,$D$39:$D$43,$E$39:$E$43),$E99)} -> 280.06385 | Q107: {=MMS_Feedlot_ManureAppliedToSoils_Equations.VEERG_4_1_1_9__1_MassOfNitrogenAppliedToSoilsScope1(Q23,_xlfn.XLOOKUP($N107,$D$30:$D$34,$E$30:$E$34),_xlfn.XLOOKUP($N107,$D$39:$D$43,$E$39:$E$43),$E99)} -> 404.50866 | R107: =$E$12 -> kg N
D108: ='Input - Feedlot'!$D$34 -> Direct application | E108: {=MMS_Feedlot_ManureAppliedToSoils_Equations.VEERG_4_1_1_9__1_MassOfNitrogenAppliedToSoilsScope1(E24,_xlfn.XLOOKUP($D108,$D$30:$D$34,$E$30:$E$34),_xlfn.XLOOKUP($D108,$D$39:$D$43,$E$39:$E$43),$E100)} -> 0 | F108: {=MMS_Feedlot_ManureAppliedToSoils_Equations.VEERG_4_1_1_9__1_MassOfNitrogenAppliedToSoilsScope1(F24,_xlfn.XLOOKUP($D108,$D$30:$D$34,$E$30:$E$34),_xlfn.XLOOKUP($D108,$D$39:$D$43,$E$39:$E$43),$E100)} -> 0 | G108: {=MMS_Feedlot_ManureAppliedToSoils_Equations.VEERG_4_1_1_9__1_MassOfNitrogenAppliedToSoilsScope1(G24,_xlfn.XLOOKUP($D108,$D$30:$D$34,$E$30:$E$34),_xlfn.XLOOKUP($D108,$D$39:$D$43,$E$39:$E$43),$E100)} -> 0 | H108: =$E$12 -> kg N | N108: ='Input - Feedlot'!$D$34 -> Direct application | O108: {=MMS_Feedlot_ManureAppliedToSoils_Equations.VEERG_4_1_1_9__1_MassOfNitrogenAppliedToSoilsScope1(O24,_xlfn.XLOOKUP($N108,$D$30:$D$34,$E$30:$E$34),_xlfn.XLOOKUP($N108,$D$39:$D$43,$E$39:$E$43),$E100)} -> 0 | P108: {=MMS_Feedlot_ManureAppliedToSoils_Equations.VEERG_4_1_1_9__1_MassOfNitrogenAppliedToSoilsScope1(P24,_xlfn.XLOOKUP($N108,$D$30:$D$34,$E$30:$E$34),_xlfn.XLOOKUP($N108,$D$39:$D$43,$E$39:$E$43),$E100)} -> 0 | Q108: {=MMS_Feedlot_ManureAppliedToSoils_Equations.VEERG_4_1_1_9__1_MassOfNitrogenAppliedToSoilsScope1(Q24,_xlfn.XLOOKUP($N108,$D$30:$D$34,$E$30:$E$34),_xlfn.XLOOKUP($N108,$D$39:$D$43,$E$39:$E$43),$E100)} -> 0 | R108: =$E$12 -> kg N
D109: ='Input - Feedlot'!$D$38 -> Anaerobic lagoon | E109: {=MMS_Feedlot_ManureAppliedToSoils_Equations.VEERG_4_1_1_9__1_MassOfNitrogenAppliedToSoilsScope1(E25,_xlfn.XLOOKUP($D109,$D$30:$D$34,$E$30:$E$34),_xlfn.XLOOKUP($D109,$D$39:$D$43,$E$39:$E$43),$E101)} -> 54.240077 | F109: {=MMS_Feedlot_ManureAppliedToSoils_Equations.VEERG_4_1_1_9__1_MassOfNitrogenAppliedToSoilsScope1(F25,_xlfn.XLOOKUP($D109,$D$30:$D$34,$E$30:$E$34),_xlfn.XLOOKUP($D109,$D$39:$D$43,$E$39:$E$43),$E101)} -> 82.366502 | G109: {=MMS_Feedlot_ManureAppliedToSoils_Equations.VEERG_4_1_1_9__1_MassOfNitrogenAppliedToSoilsScope1(G25,_xlfn.XLOOKUP($D109,$D$30:$D$34,$E$30:$E$34),_xlfn.XLOOKUP($D109,$D$39:$D$43,$E$39:$E$43),$E101)} -> 118.9656 | H109: =$E$12 -> kg N | N109: ='Input - Feedlot'!$D$38 -> Anaerobic lagoon | O109: {=MMS_Feedlot_ManureAppliedToSoils_Equations.VEERG_4_1_1_9__1_MassOfNitrogenAppliedToSoilsScope1(O25,_xlfn.XLOOKUP($N109,$D$30:$D$34,$E$30:$E$34),_xlfn.XLOOKUP($N109,$D$39:$D$43,$E$39:$E$43),$E101)} -> 54.240077 | P109: {=MMS_Feedlot_ManureAppliedToSoils_Equations.VEERG_4_1_1_9__1_MassOfNitrogenAppliedToSoilsScope1(P25,_xlfn.XLOOKUP($N109,$D$30:$D$34,$E$30:$E$34),_xlfn.XLOOKUP($N109,$D$39:$D$43,$E$39:$E$43),$E101)} -> 82.366502 | Q109: {=MMS_Feedlot_ManureAppliedToSoils_Equations.VEERG_4_1_1_9__1_MassOfNitrogenAppliedToSoilsScope1(Q25,_xlfn.XLOOKUP($N109,$D$30:$D$34,$E$30:$E$34),_xlfn.XLOOKUP($N109,$D$39:$D$43,$E$39:$E$43),$E101)} -> 118.9656 | R109: =$E$12 -> kg N
D111: MNSoilscope3,fert | E111: =SUM(E106:G109) -> 2221.8698 | F111: =$E$12 -> kg N | N111: MNSoilscope3,fert | O111: =SUM(O106:Q109) -> 2221.8698 | P111: =$E$12 -> kg N

Sheet Constants - Feedlot
A1: #VALUE! | C1: Source Data - Feedlot
A3: =HYPERLINK("#'Home'!A1", "Home") -> Home
A4: =HYPERLINK("#'Overview'!A1", "Overview") -> Overview
A5: =HYPERLINK("#'Results'!A1", "Results") -> Results | D5: {=SourceData_Feedlot.SourceData_Feedlot_VSL_Title()} -> Feedlot - Fraction of volatile solids lost during storage in the primary system
D6: {=SourceData_Feedlot.SourceData_Feedlot_VSL_Source()} -> VEERG 2026: 4.1.2.3 CONSTANTS
A7: INPUTS | D7: {=SourceData_Feedlot.SourceData_Feedlot_VSL_Variable()} -> VSL | E7: {=SourceData_Feedlot.SourceData_Feedlot_VSL_Data()} -> 0.5 | F7: {=SourceData_Feedlot.SourceData_Feedlot_VSL_Unit()} -> Fraction
A8: =HYPERLINK("#'Input - Site'!A1", "Site") -> Site
A9: =HYPERLINK("#'Input - Feedlot'!A1", "Feedlot") -> Feedlot
D10: {=SourceData_Feedlot.SourceData_Feedlot_MMSm1T3_Title()} -> Fraction of volatile solids to each tertiary system assumed that 2 per cent is run - off from the feed pad.
A11: CALCULATIONS | D11: {=SourceData_Feedlot.SourceData_Feedlot_MMSm1T3_Source()} -> VEERG 2026: 4.1.2.3 CONSTANTS
A12: =HYPERLINK("#'4.1.1.1-2 Methane'!A1", "4.1.1.1-2 Methane") -> 4.1.1.1-2 Methane | D12: {=SourceData_Feedlot.SourceData_Feedlot_MMSm1T3_Variable()} -> MMSm1T3 | E12: {=SourceData_Feedlot.SourceData_Feedlot_MMSm1T3_Data()} -> 0.02 | F12: {=SourceData_Feedlot.SourceData_Feedlot_MMSm1T3_Unit()} -> Fraction
A13: =HYPERLINK("#'4.1.1.3-4 Direct N20'!A1", "4.1.1.3-4 Direct N2O") -> 4.1.1.3-4 Direct N2O
A14: =HYPERLINK("#'4.1.1.5-6 Atmos Deposition'!A1", "4.1.1.5-6 Atmospheric deposition") -> 4.1.1.5-6 Atmospheric deposition
A15: =HYPERLINK("#'4.1.1.9 Manure applied to soils'!A1", "4.1.1.9 Manure applied to soils") -> 4.1.1.9 Manure applied to soils | D15: {=SourceData_Feedlot.SourceData_Feedlot_AshContent_Title()} -> Ash content of manure.
D16: {=SourceData_Feedlot.SourceData_Feedlot_AshContent_Source()} -> VEERG 2026: 4.1.2.3 CONSTANTS
A17: APPENDICES | D17: {=SourceData_Feedlot.SourceData_Feedlot_AshContent_Variable()} -> A | E17: {=SourceData_Feedlot.SourceData_Feedlot_AshContent_Data()} -> 0.16 | F17: {=SourceData_Feedlot.SourceData_Feedlot_AshContent_Unit()} -> Fraction
A18: =HYPERLINK("#'Constants - Feedlot'!A1", "Constants - Feedlot") -> Constants - Feedlot
A19: =HYPERLINK("#'Constants - Livestock'!A1", "Constants - Livestock") -> Constants - Livestock
A20: =HYPERLINK("#'Constants - Common'!A1", "Constants - Common") -> Constants - Common | D20: {=SourceData_Feedlot.SourceData_Feedlot_MethaneEmissionsPotential_Title()} -> Methane emissions potential.
A21: =HYPERLINK("#'Acknowledgements'!A1", "Acknowledgements") -> Acknowledgements | D21: {=SourceData_Feedlot.SourceData_Feedlot_MethaneEmissionsPotential_Source()} -> VEERG 2026: 4.1.2.3 CONSTANTS
D22: {=SourceData_Feedlot.SourceData_Feedlot_MethaneEmissionsPotential_Variable()} -> B0 | E22: {=SourceData_Feedlot.SourceData_Feedlot_MethaneEmissionsPotential_Data()} -> 0.19 | F22: {=SourceData_Feedlot.SourceData_Feedlot_MethaneEmissionsPotential_Unit()} -> m3 CH4 / kg VS
D25: Feedlot manure management systems | G25: Feedlot crop or pasture production systems | J25: Irrigation methods
D27: MMS | E27: Symbol and MMS | G27: Production system | J27: Irrigation method
D28: ='Constants - Livestock'!$E$16 -> Drylot (feed pad) | E28: ='Constants - Livestock'!$F$16 -> Drylot (feed pad) (m=5) | G28: ='Constants - Common'!$F$188 -> Crop | J28: Not irrigated
D29: ='Constants - Livestock'!$E$15 -> Solid storage | E29: ='Constants - Livestock'!$F$15 -> Solid storage (m=4) | G29: ='Constants - Common'!$F$187 -> Pasture | J29: Drip irrigation
D30: ='Constants - Livestock'!$E$17 -> Composting (passive windrow) | E30: ='Constants - Livestock'!$F$17 -> Composting (passive windrow) (m=6) | J30: Sprinkler irrigation
D31: ='Constants - Livestock'!$E$26 -> Direct application | E31: ='Constants - Livestock'!$F$26 -> Direct application (m=13) | J31: Surface irrigation
D32: ='Constants - Livestock'!$E$10 -> Anaerobic lagoon | E32: ='Constants - Livestock'!$F$10 -> Anaerobic lagoon (m=1) | J32: Other irrigation
D36: {=SourceData_Feedlot.SourceData_Feedlot_DurationOfStay_Title()} -> Beef feedlot cattle - Duration of stay (days)
D37: {=SourceData_Feedlot.SourceData_Feedlot_DurationOfStay_Source()} -> VEERG 2026: Table A.1.1.1: Beef feedlot cattle - Duration of stay (days)
D38: Feedlot type | E38: Length of stay
D39: {=Common_InputFunctions.Utility_DisplayArrayInTable(SourceData_Feedlot.SourceData_Feedlot_DurationOfStay_Data(), Table_SourceData_Feedlot_LengthOfStay[[#Headers],[Feedlot type]], 0)} -> Domestic | E39: {=Common_InputFunctions.Utility_DisplayArrayInTable(SourceData_Feedlot.SourceData_Feedlot_DurationOfStay_Data(), Table_SourceData_Feedlot_LengthOfStay[[#Headers],[Feedlot type]], 0)} -> 1-80 days
D40: {=Common_InputFunctions.Utility_DisplayArrayInTable(SourceData_Feedlot.SourceData_Feedlot_DurationOfStay_Data(), Table_SourceData_Feedlot_LengthOfStay[[#Headers],[Feedlot type]], 0)} -> Mid-fed | E40: {=Common_InputFunctions.Utility_DisplayArrayInTable(SourceData_Feedlot.SourceData_Feedlot_DurationOfStay_Data(), Table_SourceData_Feedlot_LengthOfStay[[#Headers],[Feedlot type]], 0)} -> 81-200 days
D41: {=Common_InputFunctions.Utility_DisplayArrayInTable(SourceData_Feedlot.SourceData_Feedlot_DurationOfStay_Data(), Table_SourceData_Feedlot_LengthOfStay[[#Headers],[Feedlot type]], 0)} -> Long-fed | E41: {=Common_InputFunctions.Utility_DisplayArrayInTable(SourceData_Feedlot.SourceData_Feedlot_DurationOfStay_Data(), Table_SourceData_Feedlot_LengthOfStay[[#Headers],[Feedlot type]], 0)} -> 201+ days
D44: {=SourceData_Feedlot.SourceData_Feedlot_AnimalCharacteristics_Title()} -> Beef feedlot cattle - Animal characteristics
D45: {=SourceData_Feedlot.SourceData_Feedlot_AnimalCharacteristics_Source()} -> VEERG 2026: Table A.1.1.2: Beef feedlot cattle - Animal characteristics
D46: {=SourceData_Feedlot.SourceData_Feedlot_AnimalCharacteristics_Variation()} -> VARIATION ON SOURCE:
D47: Moved feedlot types to a separate column to aid lookup.
D48: Named 'characteristic' column - original has header 'Unit' which covers two columns)
D49: Feedlot type | E49: Characteristic | F49: Unit | G49: 2005-2009 | H49: 2010-2014 | I49: 2015-2019 | J49: 2020-2023
D50: {=Common_InputFunctions.Utility_DisplayArrayInTable(SourceData_Feedlot.SourceData_Feedlot_AnimalCharacteristics_Data(), Table_SourceData_Feedlot_AnimalCharacteristics[[#Headers],[Feedlot type]], 0)} -> Domestic | E50: {=Common_InputFunctions.Utility_DisplayArrayInTable(SourceData_Feedlot.SourceData_Feedlot_AnimalCharacteristics_Data(), Table_SourceData_Feedlot_AnimalCharacteristics[[#Headers],[Feedlot type]], 0)} -> Days on feed | F50: {=Common_InputFunctions.Utility_DisplayArrayInTable(SourceData_Feedlot.SourceData_Feedlot_AnimalCharacteristics_Data(), Table_SourceData_Feedlot_AnimalCharacteristics[[#Headers],[Feedlot type]], 0)} -> days | G50: {=Common_InputFunctions.Utility_DisplayArrayInTable(SourceData_Feedlot.SourceData_Feedlot_AnimalCharacteristics_Data(), Table_SourceData_Feedlot_AnimalCharacteristics[[#Headers],[Feedlot type]], 0)} -> 70 | H50: {=Common_InputFunctions.Utility_DisplayArrayInTable(SourceData_Feedlot.SourceData_Feedlot_AnimalCharacteristics_Data(), Table_SourceData_Feedlot_AnimalCharacteristics[[#Headers],[Feedlot type]], 0)} -> 70 | I50: {=Common_InputFunctions.Utility_DisplayArrayInTable(SourceData_Feedlot.SourceData_Feedlot_AnimalCharacteristics_Data(), Table_SourceData_Feedlot_AnimalCharacteristics[[#Headers],[Feedlot type]], 0)} -> 70 | J50: {=Common_InputFunctions.Utility_DisplayArrayInTable(SourceData_Feedlot.SourceData_Feedlot_AnimalCharacteristics_Data(), Table_SourceData_Feedlot_AnimalCharacteristics[[#Headers],[Feedlot type]], 0)} -> 75
D51: {=Common_InputFunctions.Utility_DisplayArrayInTable(SourceData_Feedlot.SourceData_Feedlot_AnimalCharacteristics_Data(), Table_SourceData_Feedlot_AnimalCharacteristics[[#Headers],[Feedlot type]], 0)} -> Domestic | E51: {=Common_InputFunctions.Utility_DisplayArrayInTable(SourceData_Feedlot.SourceData_Feedlot_AnimalCharacteristics_Data(), Table_SourceData_Feedlot_AnimalCharacteristics[[#Headers],[Feedlot type]], 0)} -> Feed intake | F51: {=Common_InputFunctions.Utility_DisplayArrayInTable(SourceData_Feedlot.SourceData_Feedlot_AnimalCharacteristics_Data(), Table_SourceData_Feedlot_AnimalCharacteristics[[#Headers],[Feedlot type]], 0)} -> kg DM/day | G51: {=Common_InputFunctions.Utility_DisplayArrayInTable(SourceData_Feedlot.SourceData_Feedlot_AnimalCharacteristics_Data(), Table_SourceData_Feedlot_AnimalCharacteristics[[#Headers],[Feedlot type]], 0)} -> 10 | H51: {=Common_InputFunctions.Utility_DisplayArrayInTable(SourceData_Feedlot.SourceData_Feedlot_AnimalCharacteristics_Data(), Table_SourceData_Feedlot_AnimalCharacteristics[[#Headers],[Feedlot type]], 0)} -> 10 | I51: {=Common_InputFunctions.Utility_DisplayArrayInTable(SourceData_Feedlot.SourceData_Feedlot_AnimalCharacteristics_Data(), Table_SourceData_Feedlot_AnimalCharacteristics[[#Headers],[Feedlot type]], 0)} -> 10.4 | J51: {=Common_InputFunctions.Utility_DisplayArrayInTable(SourceData_Feedlot.SourceData_Feedlot_AnimalCharacteristics_Data(), Table_SourceData_Feedlot_AnimalCharacteristics[[#Headers],[Feedlot type]], 0)} -> 10.4
D52: {=Common_InputFunctions.Utility_DisplayArrayInTable(SourceData_Feedlot.SourceData_Feedlot_AnimalCharacteristics_Data(), Table_SourceData_Feedlot_AnimalCharacteristics[[#Headers],[Feedlot type]], 0)} -> Domestic | E52: {=Common_InputFunctions.Utility_DisplayArrayInTable(SourceData_Feedlot.SourceData_Feedlot_AnimalCharacteristics_Data(), Table_SourceData_Feedlot_AnimalCharacteristics[[#Headers],[Feedlot type]], 0)} -> N retention | F52: {=Common_InputFunctions.Utility_DisplayArrayInTable(SourceData_Feedlot.SourceData_Feedlot_AnimalCharacteristics_Data(), Table_SourceData_Feedlot_AnimalCharacteristics[[#Headers],[Feedlot type]], 0)} -> per cent of intake | G52: {=Common_InputFunctions.Utility_DisplayArrayInTable(SourceData_Feedlot.SourceData_Feedlot_AnimalCharacteristics_Data(), Table_SourceData_Feedlot_AnimalCharacteristics[[#Headers],[Feedlot type]], 0)} -> 21.1 | H52: {=Common_InputFunctions.Utility_DisplayArrayInTable(SourceData_Feedlot.SourceData_Feedlot_AnimalCharacteristics_Data(), Table_SourceData_Feedlot_AnimalCharacteristics[[#Headers],[Feedlot type]], 0)} -> 20.4 | I52: {=Common_InputFunctions.Utility_DisplayArrayInTable(SourceData_Feedlot.SourceData_Feedlot_AnimalCharacteristics_Data(), Table_SourceData_Feedlot_AnimalCharacteristics[[#Headers],[Feedlot type]], 0)} -> 20.4 | J52: {=Common_InputFunctions.Utility_DisplayArrayInTable(SourceData_Feedlot.SourceData_Feedlot_AnimalCharacteristics_Data(), Table_SourceData_Feedlot_AnimalCharacteristics[[#Headers],[Feedlot type]], 0)} -> 20.4
D53: {=Common_InputFunctions.Utility_DisplayArrayInTable(SourceData_Feedlot.SourceData_Feedlot_AnimalCharacteristics_Data(), Table_SourceData_Feedlot_AnimalCharacteristics[[#Headers],[Feedlot type]], 0)} -> Mid-fed | E53: {=Common_InputFunctions.Utility_DisplayArrayInTable(SourceData_Feedlot.SourceData_Feedlot_AnimalCharacteristics_Data(), Table_SourceData_Feedlot_AnimalCharacteristics[[#Headers],[Feedlot type]], 0)} -> Days on feed | F53: {=Common_InputFunctions.Utility_DisplayArrayInTable(SourceData_Feedlot.SourceData_Feedlot_AnimalCharacteristics_Data(), Table_SourceData_Feedlot_AnimalCharacteristics[[#Headers],[Feedlot type]], 0)} -> days | G53: {=Common_InputFunctions.Utility_DisplayArrayInTable(SourceData_Feedlot.SourceData_Feedlot_AnimalCharacteristics_Data(), Table_SourceData_Feedlot_AnimalCharacteristics[[#Headers],[Feedlot type]], 0)} -> 115 | H53: {=Common_InputFunctions.Utility_DisplayArrayInTable(SourceData_Feedlot.SourceData_Feedlot_AnimalCharacteristics_Data(), Table_SourceData_Feedlot_AnimalCharacteristics[[#Headers],[Feedlot type]], 0)} -> 115 | I53: {=Common_InputFunctions.Utility_DisplayArrayInTable(SourceData_Feedlot.SourceData_Feedlot_AnimalCharacteristics_Data(), Table_SourceData_Feedlot_AnimalCharacteristics[[#Headers],[Feedlot type]], 0)} -> 120 | J53: {=Common_InputFunctions.Utility_DisplayArrayInTable(SourceData_Feedlot.SourceData_Feedlot_AnimalCharacteristics_Data(), Table_SourceData_Feedlot_AnimalCharacteristics[[#Headers],[Feedlot type]], 0)} -> 150
D54: {=Common_InputFunctions.Utility_DisplayArrayInTable(SourceData_Feedlot.SourceData_Feedlot_AnimalCharacteristics_Data(), Table_SourceData_Feedlot_AnimalCharacteristics[[#Headers],[Feedlot type]], 0)} -> Mid-fed | E54: {=Common_InputFunctions.Utility_DisplayArrayInTable(SourceData_Feedlot.SourceData_Feedlot_AnimalCharacteristics_Data(), Table_SourceData_Feedlot_AnimalCharacteristics[[#Headers],[Feedlot type]], 0)} -> Feed intake | F54: {=Common_InputFunctions.Utility_DisplayArrayInTable(SourceData_Feedlot.SourceData_Feedlot_AnimalCharacteristics_Data(), Table_SourceData_Feedlot_AnimalCharacteristics[[#Headers],[Feedlot type]], 0)} -> kg DM/day | G54: {=Common_InputFunctions.Utility_DisplayArrayInTable(SourceData_Feedlot.SourceData_Feedlot_AnimalCharacteristics_Data(), Table_SourceData_Feedlot_AnimalCharacteristics[[#Headers],[Feedlot type]], 0)} -> 11.2 | H54: {=Common_InputFunctions.Utility_DisplayArrayInTable(SourceData_Feedlot.SourceData_Feedlot_AnimalCharacteristics_Data(), Table_SourceData_Feedlot_AnimalCharacteristics[[#Headers],[Feedlot type]], 0)} -> 10.8 | I54: {=Common_InputFunctions.Utility_DisplayArrayInTable(SourceData_Feedlot.SourceData_Feedlot_AnimalCharacteristics_Data(), Table_SourceData_Feedlot_AnimalCharacteristics[[#Headers],[Feedlot type]], 0)} -> 10.8 | J54: {=Common_InputFunctions.Utility_DisplayArrayInTable(SourceData_Feedlot.SourceData_Feedlot_AnimalCharacteristics_Data(), Table_SourceData_Feedlot_AnimalCharacteristics[[#Headers],[Feedlot type]], 0)} -> 10.8
D55: {=Common_InputFunctions.Utility_DisplayArrayInTable(SourceData_Feedlot.SourceData_Feedlot_AnimalCharacteristics_Data(), Table_SourceData_Feedlot_AnimalCharacteristics[[#Headers],[Feedlot type]], 0)} -> Mid-fed | E55: {=Common_InputFunctions.Utility_DisplayArrayInTable(SourceData_Feedlot.SourceData_Feedlot_AnimalCharacteristics_Data(), Table_SourceData_Feedlot_AnimalCharacteristics[[#Headers],[Feedlot type]], 0)} -> N retention | F55: {=Common_InputFunctions.Utility_DisplayArrayInTable(SourceData_Feedlot.SourceData_Feedlot_AnimalCharacteristics_Data(), Table_SourceData_Feedlot_AnimalCharacteristics[[#Headers],[Feedlot type]], 0)} -> per cent of intake | G55: {=Common_InputFunctions.Utility_DisplayArrayInTable(SourceData_Feedlot.SourceData_Feedlot_AnimalCharacteristics_Data(), Table_SourceData_Feedlot_AnimalCharacteristics[[#Headers],[Feedlot type]], 0)} -> 12.5 | H55: {=Common_InputFunctions.Utility_DisplayArrayInTable(SourceData_Feedlot.SourceData_Feedlot_AnimalCharacteristics_Data(), Table_SourceData_Feedlot_AnimalCharacteristics[[#Headers],[Feedlot type]], 0)} -> 12.7 | I55: {=Common_InputFunctions.Utility_DisplayArrayInTable(SourceData_Feedlot.SourceData_Feedlot_AnimalCharacteristics_Data(), Table_SourceData_Feedlot_AnimalCharacteristics[[#Headers],[Feedlot type]], 0)} -> 12.7 | J55: {=Common_InputFunctions.Utility_DisplayArrayInTable(SourceData_Feedlot.SourceData_Feedlot_AnimalCharacteristics_Data(), Table_SourceData_Feedlot_AnimalCharacteristics[[#Headers],[Feedlot type]], 0)} -> 12.7
D56: {=Common_InputFunctions.Utility_DisplayArrayInTable(SourceData_Feedlot.SourceData_Feedlot_AnimalCharacteristics_Data(), Table_SourceData_Feedlot_AnimalCharacteristics[[#Headers],[Feedlot type]], 0)} -> Long-fed | E56: {=Common_InputFunctions.Utility_DisplayArrayInTable(SourceData_Feedlot.SourceData_Feedlot_AnimalCharacteristics_Data(), Table_SourceData_Feedlot_AnimalCharacteristics[[#Headers],[Feedlot type]], 0)} -> Days on feed | F56: {=Common_InputFunctions.Utility_DisplayArrayInTable(SourceData_Feedlot.SourceData_Feedlot_AnimalCharacteristics_Data(), Table_SourceData_Feedlot_AnimalCharacteristics[[#Headers],[Feedlot type]], 0)} -> days | G56: {=Common_InputFunctions.Utility_DisplayArrayInTable(SourceData_Feedlot.SourceData_Feedlot_AnimalCharacteristics_Data(), Table_SourceData_Feedlot_AnimalCharacteristics[[#Headers],[Feedlot type]], 0)} -> 250 | H56: {=Common_InputFunctions.Utility_DisplayArrayInTable(SourceData_Feedlot.SourceData_Feedlot_AnimalCharacteristics_Data(), Table_SourceData_Feedlot_AnimalCharacteristics[[#Headers],[Feedlot type]], 0)} -> 250 | I56: {=Common_InputFunctions.Utility_DisplayArrayInTable(SourceData_Feedlot.SourceData_Feedlot_AnimalCharacteristics_Data(), Table_SourceData_Feedlot_AnimalCharacteristics[[#Headers],[Feedlot type]], 0)} -> 250 | J56: {=Common_InputFunctions.Utility_DisplayArrayInTable(SourceData_Feedlot.SourceData_Feedlot_AnimalCharacteristics_Data(), Table_SourceData_Feedlot_AnimalCharacteristics[[#Headers],[Feedlot type]], 0)} -> 250
D57: {=Common_InputFunctions.Utility_DisplayArrayInTable(SourceData_Feedlot.SourceData_Feedlot_AnimalCharacteristics_Data(), Table_SourceData_Feedlot_AnimalCharacteristics[[#Headers],[Feedlot type]], 0)} -> Long-fed | E57: {=Common_InputFunctions.Utility_DisplayArrayInTable(SourceData_Feedlot.SourceData_Feedlot_AnimalCharacteristics_Data(), Table_SourceData_Feedlot_AnimalCharacteristics[[#Headers],[Feedlot type]], 0)} -> Feed intake | F57: {=Common_InputFunctions.Utility_DisplayArrayInTable(SourceData_Feedlot.SourceData_Feedlot_AnimalCharacteristics_Data(), Table_SourceData_Feedlot_AnimalCharacteristics[[#Headers],[Feedlot type]], 0)} -> kg DM/day | G57: {=Common_InputFunctions.Utility_DisplayArrayInTable(SourceData_Feedlot.SourceData_Feedlot_AnimalCharacteristics_Data(), Table_SourceData_Feedlot_AnimalCharacteristics[[#Headers],[Feedlot type]], 0)} -> 9 | H57: {=Common_InputFunctions.Utility_DisplayArrayInTable(SourceData_Feedlot.SourceData_Feedlot_AnimalCharacteristics_Data(), Table_SourceData_Feedlot_AnimalCharacteristics[[#Headers],[Feedlot type]], 0)} -> 8.5 | I57: {=Common_InputFunctions.Utility_DisplayArrayInTable(SourceData_Feedlot.SourceData_Feedlot_AnimalCharacteristics_Data(), Table_SourceData_Feedlot_AnimalCharacteristics[[#Headers],[Feedlot type]], 0)} -> 8.2 | J57: {=Common_InputFunctions.Utility_DisplayArrayInTable(SourceData_Feedlot.SourceData_Feedlot_AnimalCharacteristics_Data(), Table_SourceData_Feedlot_AnimalCharacteristics[[#Headers],[Feedlot type]], 0)} -> 8.2
D58: {=Common_InputFunctions.Utility_DisplayArrayInTable(SourceData_Feedlot.SourceData_Feedlot_AnimalCharacteristics_Data(), Table_SourceData_Feedlot_AnimalCharacteristics[[#Headers],[Feedlot type]], 0)} -> Long-fed | E58: {=Common_InputFunctions.Utility_DisplayArrayInTable(SourceData_Feedlot.SourceData_Feedlot_AnimalCharacteristics_Data(), Table_SourceData_Feedlot_AnimalCharacteristics[[#Headers],[Feedlot type]], 0)} -> N retention | F58: {=Common_InputFunctions.Utility_DisplayArrayInTable(SourceData_Feedlot.SourceData_Feedlot_AnimalCharacteristics_Data(), Table_SourceData_Feedlot_AnimalCharacteristics[[#Headers],[Feedlot type]], 0)} -> per cent of intake | G58: {=Common_InputFunctions.Utility_DisplayArrayInTable(SourceData_Feedlot.SourceData_Feedlot_AnimalCharacteristics_Data(), Table_SourceData_Feedlot_AnimalCharacteristics[[#Headers],[Feedlot type]], 0)} -> 6.6 | H58: {=Common_InputFunctions.Utility_DisplayArrayInTable(SourceData_Feedlot.SourceData_Feedlot_AnimalCharacteristics_Data(), Table_SourceData_Feedlot_AnimalCharacteristics[[#Headers],[Feedlot type]], 0)} -> 7 | I58: {=Common_InputFunctions.Utility_DisplayArrayInTable(SourceData_Feedlot.SourceData_Feedlot_AnimalCharacteristics_Data(), Table_SourceData_Feedlot_AnimalCharacteristics[[#Headers],[Feedlot type]], 0)} -> 7 | J58: {=Common_InputFunctions.Utility_DisplayArrayInTable(SourceData_Feedlot.SourceData_Feedlot_AnimalCharacteristics_Data(), Table_SourceData_Feedlot_AnimalCharacteristics[[#Headers],[Feedlot type]], 0)} -> 7
D61: {=SourceData_Feedlot.SourceData_Feedlot_DietProperties_Title()} -> Beef feedlot cattle - Diet properties
D62: {=SourceData_Feedlot.SourceData_Feedlot_DietProperties_Source()} -> VEERG 2026: Table A.1.1.3: Beef feedlot cattle - Diet properties
D63: {=SourceData_Feedlot.SourceData_Feedlot_DietProperties_Variation()} -> VARIATION ON SOURCE:
D64: Added 'Converted to fraction column and converted NDF and Ether extract values to fractions.
D65: Moved feedlot types to a separate column to aid lookup.
D66: Feedlot type | E66: Nutrient analysis | F66: Unit | G66: 2010-2014 | H66: 2015-2019 | I66: 2020-2023 | J66: 2020-2023 Converted to fraction
D67: {=Common_InputFunctions.Utility_DisplayArrayInTable(SourceData_Feedlot.SourceData_Feedlot_DietProperties_Data(), Table_SourceData_Feedlot_DietProperties[[#Headers],[Feedlot type]], 0)} -> Domestic | E67: {=Common_InputFunctions.Utility_DisplayArrayInTable(SourceData_Feedlot.SourceData_Feedlot_DietProperties_Data(), Table_SourceData_Feedlot_DietProperties[[#Headers],[Feedlot type]], 0)} -> Dry matter digestibility | F67: {=Common_InputFunctions.Utility_DisplayArrayInTable(SourceData_Feedlot.SourceData_Feedlot_DietProperties_Data(), Table_SourceData_Feedlot_DietProperties[[#Headers],[Feedlot type]], 0)} -> fraction | G67: {=Common_InputFunctions.Utility_DisplayArrayInTable(SourceData_Feedlot.SourceData_Feedlot_DietProperties_Data(), Table_SourceData_Feedlot_DietProperties[[#Headers],[Feedlot type]], 0)} -> 0.81 | H67: {=Common_InputFunctions.Utility_DisplayArrayInTable(SourceData_Feedlot.SourceData_Feedlot_DietProperties_Data(), Table_SourceData_Feedlot_DietProperties[[#Headers],[Feedlot type]], 0)} -> 0.81 | I67: {=Common_InputFunctions.Utility_DisplayArrayInTable(SourceData_Feedlot.SourceData_Feedlot_DietProperties_Data(), Table_SourceData_Feedlot_DietProperties[[#Headers],[Feedlot type]], 0)} -> 0.81 | J67: {=Common_InputFunctions.Utility_DisplayArrayInTable(SourceData_Feedlot.SourceData_Feedlot_DietProperties_Data(), Table_SourceData_Feedlot_DietProperties[[#Headers],[Feedlot type]], 0)} -> 0.81
D68: {=Common_InputFunctions.Utility_DisplayArrayInTable(SourceData_Feedlot.SourceData_Feedlot_DietProperties_Data(), Table_SourceData_Feedlot_DietProperties[[#Headers],[Feedlot type]], 0)} -> Domestic | E68: {=Common_InputFunctions.Utility_DisplayArrayInTable(SourceData_Feedlot.SourceData_Feedlot_DietProperties_Data(), Table_SourceData_Feedlot_DietProperties[[#Headers],[Feedlot type]], 0)} -> Crude protein | F68: {=Common_InputFunctions.Utility_DisplayArrayInTable(SourceData_Feedlot.SourceData_Feedlot_DietProperties_Data(), Table_SourceData_Feedlot_DietProperties[[#Headers],[Feedlot type]], 0)} -> fraction | G68: {=Common_InputFunctions.Utility_DisplayArrayInTable(SourceData_Feedlot.SourceData_Feedlot_DietProperties_Data(), Table_SourceData_Feedlot_DietProperties[[#Headers],[Feedlot type]], 0)} -> 0.14 | H68: {=Common_InputFunctions.Utility_DisplayArrayInTable(SourceData_Feedlot.SourceData_Feedlot_DietProperties_Data(), Table_SourceData_Feedlot_DietProperties[[#Headers],[Feedlot type]], 0)} -> 0.14 | I68: {=Common_InputFunctions.Utility_DisplayArrayInTable(SourceData_Feedlot.SourceData_Feedlot_DietProperties_Data(), Table_SourceData_Feedlot_DietProperties[[#Headers],[Feedlot type]], 0)} -> 0.14 | J68: {=Common_InputFunctions.Utility_DisplayArrayInTable(SourceData_Feedlot.SourceData_Feedlot_DietProperties_Data(), Table_SourceData_Feedlot_DietProperties[[#Headers],[Feedlot type]], 0)} -> 0.14
D69: {=Common_InputFunctions.Utility_DisplayArrayInTable(SourceData_Feedlot.SourceData_Feedlot_DietProperties_Data(), Table_SourceData_Feedlot_DietProperties[[#Headers],[Feedlot type]], 0)} -> Domestic | E69: {=Common_InputFunctions.Utility_DisplayArrayInTable(SourceData_Feedlot.SourceData_Feedlot_DietProperties_Data(), Table_SourceData_Feedlot_DietProperties[[#Headers],[Feedlot type]], 0)} -> NDF | F69: {=Common_InputFunctions.Utility_DisplayArrayInTable(SourceData_Feedlot.SourceData_Feedlot_DietProperties_Data(), Table_SourceData_Feedlot_DietProperties[[#Headers],[Feedlot type]], 0)} -> per cent | G69: {=Common_InputFunctions.Utility_DisplayArrayInTable(SourceData_Feedlot.SourceData_Feedlot_DietProperties_Data(), Table_SourceData_Feedlot_DietProperties[[#Headers],[Feedlot type]], 0)} -> 23 | H69: {=Common_InputFunctions.Utility_DisplayArrayInTable(SourceData_Feedlot.SourceData_Feedlot_DietProperties_Data(), Table_SourceData_Feedlot_DietProperties[[#Headers],[Feedlot type]], 0)} -> 22 | I69: {=Common_InputFunctions.Utility_DisplayArrayInTable(SourceData_Feedlot.SourceData_Feedlot_DietProperties_Data(), Table_SourceData_Feedlot_DietProperties[[#Headers],[Feedlot type]], 0)} -> 22 | J69: {=Common_InputFunctions.Utility_DisplayArrayInTable(SourceData_Feedlot.SourceData_Feedlot_DietProperties_Data(), Table_SourceData_Feedlot_DietProperties[[#Headers],[Feedlot type]], 0)} -> 22
D70: {=Common_InputFunctions.Utility_DisplayArrayInTable(SourceData_Feedlot.SourceData_Feedlot_DietProperties_Data(), Table_SourceData_Feedlot_DietProperties[[#Headers],[Feedlot type]], 0)} -> Domestic | E70: {=Common_InputFunctions.Utility_DisplayArrayInTable(SourceData_Feedlot.SourceData_Feedlot_DietProperties_Data(), Table_SourceData_Feedlot_DietProperties[[#Headers],[Feedlot type]], 0)} -> Ether Extract | F70: {=Common_InputFunctions.Utility_DisplayArrayInTable(SourceData_Feedlot.SourceData_Feedlot_DietProperties_Data(), Table_SourceData_Feedlot_DietProperties[[#Headers],[Feedlot type]], 0)} -> per cent | G70: {=Common_InputFunctions.Utility_DisplayArrayInTable(SourceData_Feedlot.SourceData_Feedlot_DietProperties_Data(), Table_SourceData_Feedlot_DietProperties[[#Headers],[Feedlot type]], 0)} -> 4.5 | H70: {=Common_InputFunctions.Utility_DisplayArrayInTable(SourceData_Feedlot.SourceData_Feedlot_DietProperties_Data(), Table_SourceData_Feedlot_DietProperties[[#Headers],[Feedlot type]], 0)} -> 4.5 | I70: {=Common_InputFunctions.Utility_DisplayArrayInTable(SourceData_Feedlot.SourceData_Feedlot_DietProperties_Data(), Table_SourceData_Feedlot_DietProperties[[#Headers],[Feedlot type]], 0)} -> 4.8 | J70: {=Common_InputFunctions.Utility_DisplayArrayInTable(SourceData_Feedlot.SourceData_Feedlot_DietProperties_Data(), Table_SourceData_Feedlot_DietProperties[[#Headers],[Feedlot type]], 0)} -> 4.8
D71: {=Common_InputFunctions.Utility_DisplayArrayInTable(SourceData_Feedlot.SourceData_Feedlot_DietProperties_Data(), Table_SourceData_Feedlot_DietProperties[[#Headers],[Feedlot type]], 0)} -> Mid-fed | E71: {=Common_InputFunctions.Utility_DisplayArrayInTable(SourceData_Feedlot.SourceData_Feedlot_DietProperties_Data(), Table_SourceData_Feedlot_DietProperties[[#Headers],[Feedlot type]], 0)} -> Dry matter digestibility | F71: {=Common_InputFunctions.Utility_DisplayArrayInTable(SourceData_Feedlot.SourceData_Feedlot_DietProperties_Data(), Table_SourceData_Feedlot_DietProperties[[#Headers],[Feedlot type]], 0)} -> fraction | G71: {=Common_InputFunctions.Utility_DisplayArrayInTable(SourceData_Feedlot.SourceData_Feedlot_DietProperties_Data(), Table_SourceData_Feedlot_DietProperties[[#Headers],[Feedlot type]], 0)} -> 0.81 | H71: {=Common_InputFunctions.Utility_DisplayArrayInTable(SourceData_Feedlot.SourceData_Feedlot_DietProperties_Data(), Table_SourceData_Feedlot_DietProperties[[#Headers],[Feedlot type]], 0)} -> 0.81 | I71: {=Common_InputFunctions.Utility_DisplayArrayInTable(SourceData_Feedlot.SourceData_Feedlot_DietProperties_Data(), Table_SourceData_Feedlot_DietProperties[[#Headers],[Feedlot type]], 0)} -> 0.81 | J71: {=Common_InputFunctions.Utility_DisplayArrayInTable(SourceData_Feedlot.SourceData_Feedlot_DietProperties_Data(), Table_SourceData_Feedlot_DietProperties[[#Headers],[Feedlot type]], 0)} -> 0.81
D72: {=Common_InputFunctions.Utility_DisplayArrayInTable(SourceData_Feedlot.SourceData_Feedlot_DietProperties_Data(), Table_SourceData_Feedlot_DietProperties[[#Headers],[Feedlot type]], 0)} -> Mid-fed | E72: {=Common_InputFunctions.Utility_DisplayArrayInTable(SourceData_Feedlot.SourceData_Feedlot_DietProperties_Data(), Table_SourceData_Feedlot_DietProperties[[#Headers],[Feedlot type]], 0)} -> Crude protein | F72: {=Common_InputFunctions.Utility_DisplayArrayInTable(SourceData_Feedlot.SourceData_Feedlot_DietProperties_Data(), Table_SourceData_Feedlot_DietProperties[[#Headers],[Feedlot type]], 0)} -> fraction | G72: {=Common_InputFunctions.Utility_DisplayArrayInTable(SourceData_Feedlot.SourceData_Feedlot_DietProperties_Data(), Table_SourceData_Feedlot_DietProperties[[#Headers],[Feedlot type]], 0)} -> 0.13 | H72: {=Common_InputFunctions.Utility_DisplayArrayInTable(SourceData_Feedlot.SourceData_Feedlot_DietProperties_Data(), Table_SourceData_Feedlot_DietProperties[[#Headers],[Feedlot type]], 0)} -> 0.125 | I72: {=Common_InputFunctions.Utility_DisplayArrayInTable(SourceData_Feedlot.SourceData_Feedlot_DietProperties_Data(), Table_SourceData_Feedlot_DietProperties[[#Headers],[Feedlot type]], 0)} -> 0.12 | J72: {=Common_InputFunctions.Utility_DisplayArrayInTable(SourceData_Feedlot.SourceData_Feedlot_DietProperties_Data(), Table_SourceData_Feedlot_DietProperties[[#Headers],[Feedlot type]], 0)} -> 0.12
D73: {=Common_InputFunctions.Utility_DisplayArrayInTable(SourceData_Feedlot.SourceData_Feedlot_DietProperties_Data(), Table_SourceData_Feedlot_DietProperties[[#Headers],[Feedlot type]], 0)} -> Mid-fed | E73: {=Common_InputFunctions.Utility_DisplayArrayInTable(SourceData_Feedlot.SourceData_Feedlot_DietProperties_Data(), Table_SourceData_Feedlot_DietProperties[[#Headers],[Feedlot type]], 0)} -> NDF | F73: {=Common_InputFunctions.Utility_DisplayArrayInTable(SourceData_Feedlot.SourceData_Feedlot_DietProperties_Data(), Table_SourceData_Feedlot_DietProperties[[#Headers],[Feedlot type]], 0)} -> per cent | G73: {=Common_InputFunctions.Utility_DisplayArrayInTable(SourceData_Feedlot.SourceData_Feedlot_DietProperties_Data(), Table_SourceData_Feedlot_DietProperties[[#Headers],[Feedlot type]], 0)} -> 24 | H73: {=Common_InputFunctions.Utility_DisplayArrayInTable(SourceData_Feedlot.SourceData_Feedlot_DietProperties_Data(), Table_SourceData_Feedlot_DietProperties[[#Headers],[Feedlot type]], 0)} -> 22 | I73: {=Common_InputFunctions.Utility_DisplayArrayInTable(SourceData_Feedlot.SourceData_Feedlot_DietProperties_Data(), Table_SourceData_Feedlot_DietProperties[[#Headers],[Feedlot type]], 0)} -> 22 | J73: {=Common_InputFunctions.Utility_DisplayArrayInTable(SourceData_Feedlot.SourceData_Feedlot_DietProperties_Data(), Table_SourceData_Feedlot_DietProperties[[#Headers],[Feedlot type]], 0)} -> 22
D74: {=Common_InputFunctions.Utility_DisplayArrayInTable(SourceData_Feedlot.SourceData_Feedlot_DietProperties_Data(), Table_SourceData_Feedlot_DietProperties[[#Headers],[Feedlot type]], 0)} -> Mid-fed | E74: {=Common_InputFunctions.Utility_DisplayArrayInTable(SourceData_Feedlot.SourceData_Feedlot_DietProperties_Data(), Table_SourceData_Feedlot_DietProperties[[#Headers],[Feedlot type]], 0)} -> Ether Extract | F74: {=Common_InputFunctions.Utility_DisplayArrayInTable(SourceData_Feedlot.SourceData_Feedlot_DietProperties_Data(), Table_SourceData_Feedlot_DietProperties[[#Headers],[Feedlot type]], 0)} -> per cent | G74: {=Common_InputFunctions.Utility_DisplayArrayInTable(SourceData_Feedlot.SourceData_Feedlot_DietProperties_Data(), Table_SourceData_Feedlot_DietProperties[[#Headers],[Feedlot type]], 0)} -> 5 | H74: {=Common_InputFunctions.Utility_DisplayArrayInTable(SourceData_Feedlot.SourceData_Feedlot_DietProperties_Data(), Table_SourceData_Feedlot_DietProperties[[#Headers],[Feedlot type]], 0)} -> 5 | I74: {=Common_InputFunctions.Utility_DisplayArrayInTable(SourceData_Feedlot.SourceData_Feedlot_DietProperties_Data(), Table_SourceData_Feedlot_DietProperties[[#Headers],[Feedlot type]], 0)} -> 5 | J74: {=Common_InputFunctions.Utility_DisplayArrayInTable(SourceData_Feedlot.SourceData_Feedlot_DietProperties_Data(), Table_SourceData_Feedlot_DietProperties[[#Headers],[Feedlot type]], 0)} -> 5
D75: {=Common_InputFunctions.Utility_DisplayArrayInTable(SourceData_Feedlot.SourceData_Feedlot_DietProperties_Data(), Table_SourceData_Feedlot_DietProperties[[#Headers],[Feedlot type]], 0)} -> Long-Fed | E75: {=Common_InputFunctions.Utility_DisplayArrayInTable(SourceData_Feedlot.SourceData_Feedlot_DietProperties_Data(), Table_SourceData_Feedlot_DietProperties[[#Headers],[Feedlot type]], 0)} -> Dry matter digestibility | F75: {=Common_InputFunctions.Utility_DisplayArrayInTable(SourceData_Feedlot.SourceData_Feedlot_DietProperties_Data(), Table_SourceData_Feedlot_DietProperties[[#Headers],[Feedlot type]], 0)} -> fraction | G75: {=Common_InputFunctions.Utility_DisplayArrayInTable(SourceData_Feedlot.SourceData_Feedlot_DietProperties_Data(), Table_SourceData_Feedlot_DietProperties[[#Headers],[Feedlot type]], 0)} -> 0.81 | H75: {=Common_InputFunctions.Utility_DisplayArrayInTable(SourceData_Feedlot.SourceData_Feedlot_DietProperties_Data(), Table_SourceData_Feedlot_DietProperties[[#Headers],[Feedlot type]], 0)} -> 0.81 | I75: {=Common_InputFunctions.Utility_DisplayArrayInTable(SourceData_Feedlot.SourceData_Feedlot_DietProperties_Data(), Table_SourceData_Feedlot_DietProperties[[#Headers],[Feedlot type]], 0)} -> 0.81 | J75: {=Common_InputFunctions.Utility_DisplayArrayInTable(SourceData_Feedlot.SourceData_Feedlot_DietProperties_Data(), Table_SourceData_Feedlot_DietProperties[[#Headers],[Feedlot type]], 0)} -> 0.81
D76: {=Common_InputFunctions.Utility_DisplayArrayInTable(SourceData_Feedlot.SourceData_Feedlot_DietProperties_Data(), Table_SourceData_Feedlot_DietProperties[[#Headers],[Feedlot type]], 0)} -> Long-Fed | E76: {=Common_InputFunctions.Utility_DisplayArrayInTable(SourceData_Feedlot.SourceData_Feedlot_DietProperties_Data(), Table_SourceData_Feedlot_DietProperties[[#Headers],[Feedlot type]], 0)} -> Crude protein | F76: {=Common_InputFunctions.Utility_DisplayArrayInTable(SourceData_Feedlot.SourceData_Feedlot_DietProperties_Data(), Table_SourceData_Feedlot_DietProperties[[#Headers],[Feedlot type]], 0)} -> fraction | G76: {=Common_InputFunctions.Utility_DisplayArrayInTable(SourceData_Feedlot.SourceData_Feedlot_DietProperties_Data(), Table_SourceData_Feedlot_DietProperties[[#Headers],[Feedlot type]], 0)} -> 0.13 | H76: {=Common_InputFunctions.Utility_DisplayArrayInTable(SourceData_Feedlot.SourceData_Feedlot_DietProperties_Data(), Table_SourceData_Feedlot_DietProperties[[#Headers],[Feedlot type]], 0)} -> 0.125 | I76: {=Common_InputFunctions.Utility_DisplayArrayInTable(SourceData_Feedlot.SourceData_Feedlot_DietProperties_Data(), Table_SourceData_Feedlot_DietProperties[[#Headers],[Feedlot type]], 0)} -> 0.12 | J76: {=Common_InputFunctions.Utility_DisplayArrayInTable(SourceData_Feedlot.SourceData_Feedlot_DietProperties_Data(), Table_SourceData_Feedlot_DietProperties[[#Headers],[Feedlot type]], 0)} -> 0.12
D77: {=Common_InputFunctions.Utility_DisplayArrayInTable(SourceData_Feedlot.SourceData_Feedlot_DietProperties_Data(), Table_SourceData_Feedlot_DietProperties[[#Headers],[Feedlot type]], 0)} -> Long-Fed | E77: {=Common_InputFunctions.Utility_DisplayArrayInTable(SourceData_Feedlot.SourceData_Feedlot_DietProperties_Data(), Table_SourceData_Feedlot_DietProperties[[#Headers],[Feedlot type]], 0)} -> NDF | F77: {=Common_InputFunctions.Utility_DisplayArrayInTable(SourceData_Feedlot.SourceData_Feedlot_DietProperties_Data(), Table_SourceData_Feedlot_DietProperties[[#Headers],[Feedlot type]], 0)} -> per cent | G77: {=Common_InputFunctions.Utility_DisplayArrayInTable(SourceData_Feedlot.SourceData_Feedlot_DietProperties_Data(), Table_SourceData_Feedlot_DietProperties[[#Headers],[Feedlot type]], 0)} -> 24 | H77: {=Common_InputFunctions.Utility_DisplayArrayInTable(SourceData_Feedlot.SourceData_Feedlot_DietProperties_Data(), Table_SourceData_Feedlot_DietProperties[[#Headers],[Feedlot type]], 0)} -> 24 | I77: {=Common_InputFunctions.Utility_DisplayArrayInTable(SourceData_Feedlot.SourceData_Feedlot_DietProperties_Data(), Table_SourceData_Feedlot_DietProperties[[#Headers],[Feedlot type]], 0)} -> 24 | J77: {=Common_InputFunctions.Utility_DisplayArrayInTable(SourceData_Feedlot.SourceData_Feedlot_DietProperties_Data(), Table_SourceData_Feedlot_DietProperties[[#Headers],[Feedlot type]], 0)} -> 24
D78: {=Common_InputFunctions.Utility_DisplayArrayInTable(SourceData_Feedlot.SourceData_Feedlot_DietProperties_Data(), Table_SourceData_Feedlot_DietProperties[[#Headers],[Feedlot type]], 0)} -> Long-Fed | E78: {=Common_InputFunctions.Utility_DisplayArrayInTable(SourceData_Feedlot.SourceData_Feedlot_DietProperties_Data(), Table_SourceData_Feedlot_DietProperties[[#Headers],[Feedlot type]], 0)} -> Ether Extract | F78: {=Common_InputFunctions.Utility_DisplayArrayInTable(SourceData_Feedlot.SourceData_Feedlot_DietProperties_Data(), Table_SourceData_Feedlot_DietProperties[[#Headers],[Feedlot type]], 0)} -> per cent | G78: {=Common_InputFunctions.Utility_DisplayArrayInTable(SourceData_Feedlot.SourceData_Feedlot_DietProperties_Data(), Table_SourceData_Feedlot_DietProperties[[#Headers],[Feedlot type]], 0)} -> 5 | H78: {=Common_InputFunctions.Utility_DisplayArrayInTable(SourceData_Feedlot.SourceData_Feedlot_DietProperties_Data(), Table_SourceData_Feedlot_DietProperties[[#Headers],[Feedlot type]], 0)} -> 5 | I78: {=Common_InputFunctions.Utility_DisplayArrayInTable(SourceData_Feedlot.SourceData_Feedlot_DietProperties_Data(), Table_SourceData_Feedlot_DietProperties[[#Headers],[Feedlot type]], 0)} -> 5.5 | J78: {=Common_InputFunctions.Utility_DisplayArrayInTable(SourceData_Feedlot.SourceData_Feedlot_DietProperties_Data(), Table_SourceData_Feedlot_DietProperties[[#Headers],[Feedlot type]], 0)} -> 5.5
D81: {=SourceData_Feedlot.SourceData_Feedlot_MCF_Title()} -> Feedlot - MCFs
D82: {=SourceData_Feedlot.SourceData_Feedlot_MCF_Source()} -> VEERG 2026: Table A.1.1.4: Beef feedlot cattle - MCFs (fraction) (MCFimT)
D83: {=SourceData_Feedlot.SourceData_Feedlot_MCF_Variation()} -> VARIATION ON SOURCE:
D84: Duplicated NSW values for ACT
D85: Added NT column that duplicates QLD values as per advice from source data provider.
D86: Added TAS column that duplicates VIC values as per advice from source data provider.
D88: Treatment stage T | E88: MMS m | F88: NSW | G88: ACT | H88: QLD | I88: NT | J88: SA | K88: VIC | L88: WA | M88: TAS | N88: NIR definition
D89: {=Common_InputFunctions.Utility_DisplayArrayInTable(SourceData_Feedlot.SourceData_Feedlot_MCF_Data(), Table_SourceData_Feedlot_MCF[[#Headers],[Treatment stage T]], 0)} -> Primary | E89: {=Common_InputFunctions.Utility_DisplayArrayInTable(SourceData_Feedlot.SourceData_Feedlot_MCF_Data(), Table_SourceData_Feedlot_MCF[[#Headers],[Treatment stage T]], 0)} -> Dry lot (Feedpad) | F89: {=Common_InputFunctions.Utility_DisplayArrayInTable(SourceData_Feedlot.SourceData_Feedlot_MCF_Data(), Table_SourceData_Feedlot_MCF[[#Headers],[Treatment stage T]], 0)} -> 0.01 | G89: {=Common_InputFunctions.Utility_DisplayArrayInTable(SourceData_Feedlot.SourceData_Feedlot_MCF_Data(), Table_SourceData_Feedlot_MCF[[#Headers],[Treatment stage T]], 0)} -> 0.01 | H89: {=Common_InputFunctions.Utility_DisplayArrayInTable(SourceData_Feedlot.SourceData_Feedlot_MCF_Data(), Table_SourceData_Feedlot_MCF[[#Headers],[Treatment stage T]], 0)} -> 0.03 | I89: {=Common_InputFunctions.Utility_DisplayArrayInTable(SourceData_Feedlot.SourceData_Feedlot_MCF_Data(), Table_SourceData_Feedlot_MCF[[#Headers],[Treatment stage T]], 0)} -> 0.03 | J89: {=Common_InputFunctions.Utility_DisplayArrayInTable(SourceData_Feedlot.SourceData_Feedlot_MCF_Data(), Table_SourceData_Feedlot_MCF[[#Headers],[Treatment stage T]], 0)} -> 0.01 | K89: {=Common_InputFunctions.Utility_DisplayArrayInTable(SourceData_Feedlot.SourceData_Feedlot_MCF_Data(), Table_SourceData_Feedlot_MCF[[#Headers],[Treatment stage T]], 0)} -> 0.01 | ... N89: {=Common_InputFunctions.Utility_DisplayArrayInTable(SourceData_Feedlot.SourceData_Feedlot_MCF_Data(), Table_SourceData_Feedlot_MCF[[#Headers],[Treatment stage T]], 0)} -> Drylot (feed pad)
D90: {=Common_InputFunctions.Utility_DisplayArrayInTable(SourceData_Feedlot.SourceData_Feedlot_MCF_Data(), Table_SourceData_Feedlot_MCF[[#Headers],[Treatment stage T]], 0)} -> Secondary | E90: {=Common_InputFunctions.Utility_DisplayArrayInTable(SourceData_Feedlot.SourceData_Feedlot_MCF_Data(), Table_SourceData_Feedlot_MCF[[#Headers],[Treatment stage T]], 0)} -> Solid Storage (Stockpile) | F90: {=Common_InputFunctions.Utility_DisplayArrayInTable(SourceData_Feedlot.SourceData_Feedlot_MCF_Data(), Table_SourceData_Feedlot_MCF[[#Headers],[Treatment stage T]], 0)} -> 0.02 | G90: {=Common_InputFunctions.Utility_DisplayArrayInTable(SourceData_Feedlot.SourceData_Feedlot_MCF_Data(), Table_SourceData_Feedlot_MCF[[#Headers],[Treatment stage T]], 0)} -> 0.02 | H90: {=Common_InputFunctions.Utility_DisplayArrayInTable(SourceData_Feedlot.SourceData_Feedlot_MCF_Data(), Table_SourceData_Feedlot_MCF[[#Headers],[Treatment stage T]], 0)} -> 0.02 | I90: {=Common_InputFunctions.Utility_DisplayArrayInTable(SourceData_Feedlot.SourceData_Feedlot_MCF_Data(), Table_SourceData_Feedlot_MCF[[#Headers],[Treatment stage T]], 0)} -> 0.02 | J90: {=Common_InputFunctions.Utility_DisplayArrayInTable(SourceData_Feedlot.SourceData_Feedlot_MCF_Data(), Table_SourceData_Feedlot_MCF[[#Headers],[Treatment stage T]], 0)} -> 0.02 | K90: {=Common_InputFunctions.Utility_DisplayArrayInTable(SourceData_Feedlot.SourceData_Feedlot_MCF_Data(), Table_SourceData_Feedlot_MCF[[#Headers],[Treatment stage T]], 0)} -> 0.02 | ... N90: {=Common_InputFunctions.Utility_DisplayArrayInTable(SourceData_Feedlot.SourceData_Feedlot_MCF_Data(), Table_SourceData_Feedlot_MCF[[#Headers],[Treatment stage T]], 0)} -> Solid storage
D91: {=Common_InputFunctions.Utility_DisplayArrayInTable(SourceData_Feedlot.SourceData_Feedlot_MCF_Data(), Table_SourceData_Feedlot_MCF[[#Headers],[Treatment stage T]], 0)} -> Secondary | E91: {=Common_InputFunctions.Utility_DisplayArrayInTable(SourceData_Feedlot.SourceData_Feedlot_MCF_Data(), Table_SourceData_Feedlot_MCF[[#Headers],[Treatment stage T]], 0)} -> Composting (Passive Windrow) | F91: {=Common_InputFunctions.Utility_DisplayArrayInTable(SourceData_Feedlot.SourceData_Feedlot_MCF_Data(), Table_SourceData_Feedlot_MCF[[#Headers],[Treatment stage T]], 0)} -> 0.01 | G91: {=Common_InputFunctions.Utility_DisplayArrayInTable(SourceData_Feedlot.SourceData_Feedlot_MCF_Data(), Table_SourceData_Feedlot_MCF[[#Headers],[Treatment stage T]], 0)} -> 0.01 | H91: {=Common_InputFunctions.Utility_DisplayArrayInTable(SourceData_Feedlot.SourceData_Feedlot_MCF_Data(), Table_SourceData_Feedlot_MCF[[#Headers],[Treatment stage T]], 0)} -> 0.01 | I91: {=Common_InputFunctions.Utility_DisplayArrayInTable(SourceData_Feedlot.SourceData_Feedlot_MCF_Data(), Table_SourceData_Feedlot_MCF[[#Headers],[Treatment stage T]], 0)} -> 0.01 | J91: {=Common_InputFunctions.Utility_DisplayArrayInTable(SourceData_Feedlot.SourceData_Feedlot_MCF_Data(), Table_SourceData_Feedlot_MCF[[#Headers],[Treatment stage T]], 0)} -> 0.01 | K91: {=Common_InputFunctions.Utility_DisplayArrayInTable(SourceData_Feedlot.SourceData_Feedlot_MCF_Data(), Table_SourceData_Feedlot_MCF[[#Headers],[Treatment stage T]], 0)} -> 0.01 | ... N91: {=Common_InputFunctions.Utility_DisplayArrayInTable(SourceData_Feedlot.SourceData_Feedlot_MCF_Data(), Table_SourceData_Feedlot_MCF[[#Headers],[Treatment stage T]], 0)} -> Composting (passive windrow)
D92: {=Common_InputFunctions.Utility_DisplayArrayInTable(SourceData_Feedlot.SourceData_Feedlot_MCF_Data(), Table_SourceData_Feedlot_MCF[[#Headers],[Treatment stage T]], 0)} -> Secondary | E92: {=Common_InputFunctions.Utility_DisplayArrayInTable(SourceData_Feedlot.SourceData_Feedlot_MCF_Data(), Table_SourceData_Feedlot_MCF[[#Headers],[Treatment stage T]], 0)} -> Direct Application to soil | F92: {=Common_InputFunctions.Utility_DisplayArrayInTable(SourceData_Feedlot.SourceData_Feedlot_MCF_Data(), Table_SourceData_Feedlot_MCF[[#Headers],[Treatment stage T]], 0)} -> 0 | G92: {=Common_InputFunctions.Utility_DisplayArrayInTable(SourceData_Feedlot.SourceData_Feedlot_MCF_Data(), Table_SourceData_Feedlot_MCF[[#Headers],[Treatment stage T]], 0)} -> 0 | H92: {=Common_InputFunctions.Utility_DisplayArrayInTable(SourceData_Feedlot.SourceData_Feedlot_MCF_Data(), Table_SourceData_Feedlot_MCF[[#Headers],[Treatment stage T]], 0)} -> 0 | I92: {=Common_InputFunctions.Utility_DisplayArrayInTable(SourceData_Feedlot.SourceData_Feedlot_MCF_Data(), Table_SourceData_Feedlot_MCF[[#Headers],[Treatment stage T]], 0)} -> 0 | J92: {=Common_InputFunctions.Utility_DisplayArrayInTable(SourceData_Feedlot.SourceData_Feedlot_MCF_Data(), Table_SourceData_Feedlot_MCF[[#Headers],[Treatment stage T]], 0)} -> 0 | K92: {=Common_InputFunctions.Utility_DisplayArrayInTable(SourceData_Feedlot.SourceData_Feedlot_MCF_Data(), Table_SourceData_Feedlot_MCF[[#Headers],[Treatment stage T]], 0)} -> 0 | ... N92: {=Common_InputFunctions.Utility_DisplayArrayInTable(SourceData_Feedlot.SourceData_Feedlot_MCF_Data(), Table_SourceData_Feedlot_MCF[[#Headers],[Treatment stage T]], 0)} -> Direct application
D93: {=Common_InputFunctions.Utility_DisplayArrayInTable(SourceData_Feedlot.SourceData_Feedlot_MCF_Data(), Table_SourceData_Feedlot_MCF[[#Headers],[Treatment stage T]], 0)} -> Tertiary | E93: {=Common_InputFunctions.Utility_DisplayArrayInTable(SourceData_Feedlot.SourceData_Feedlot_MCF_Data(), Table_SourceData_Feedlot_MCF[[#Headers],[Treatment stage T]], 0)} -> Uncovered anaerobic lagoon (Effluent pond) | F93: {=Common_InputFunctions.Utility_DisplayArrayInTable(SourceData_Feedlot.SourceData_Feedlot_MCF_Data(), Table_SourceData_Feedlot_MCF[[#Headers],[Treatment stage T]], 0)} -> 0.75 | G93: {=Common_InputFunctions.Utility_DisplayArrayInTable(SourceData_Feedlot.SourceData_Feedlot_MCF_Data(), Table_SourceData_Feedlot_MCF[[#Headers],[Treatment stage T]], 0)} -> 0.75 | H93: {=Common_InputFunctions.Utility_DisplayArrayInTable(SourceData_Feedlot.SourceData_Feedlot_MCF_Data(), Table_SourceData_Feedlot_MCF[[#Headers],[Treatment stage T]], 0)} -> 0.77 | I93: {=Common_InputFunctions.Utility_DisplayArrayInTable(SourceData_Feedlot.SourceData_Feedlot_MCF_Data(), Table_SourceData_Feedlot_MCF[[#Headers],[Treatment stage T]], 0)} -> 0.77 | J93: {=Common_InputFunctions.Utility_DisplayArrayInTable(SourceData_Feedlot.SourceData_Feedlot_MCF_Data(), Table_SourceData_Feedlot_MCF[[#Headers],[Treatment stage T]], 0)} -> 0.75 | K93: {=Common_InputFunctions.Utility_DisplayArrayInTable(SourceData_Feedlot.SourceData_Feedlot_MCF_Data(), Table_SourceData_Feedlot_MCF[[#Headers],[Treatment stage T]], 0)} -> 0.75 | ... N93: {=Common_InputFunctions.Utility_DisplayArrayInTable(SourceData_Feedlot.SourceData_Feedlot_MCF_Data(), Table_SourceData_Feedlot_MCF[[#Headers],[Treatment stage T]], 0)} -> Anaerobic lagoon
D96: {=SourceData_Feedlot.SourceData_Feedlot_NitrousOxideEFs_Title()} -> Feedlot - Nitrous oxide EFs
D97: {=SourceData_Feedlot.SourceData_Feedlot_NitrousOxideEFs_Source()} -> VEERG 2026: Table A.1.1.5: Beef feedlot cattle - Nitrous oxide EFs (EFmT)
D98: {=SourceData_Feedlot.SourceData_Feedlot_NitrousOxideEFs_Variation()} -> VARIATION ON SOURCE:
D99: Added 'NIR definition' column with MMS names that match NIR definitions.
D100: Treatment stage T | E100: MMS m | F100: EF mT | G100: NIR definition
D101: {=Common_InputFunctions.Utility_DisplayArrayInTable(SourceData_Feedlot.SourceData_Feedlot_NitrousOxideEFs_Data(), Table_SourceData_Feedlot_NO2EFs[[#Headers],[Treatment stage T]], 0)} -> Primary | E101: {=Common_InputFunctions.Utility_DisplayArrayInTable(SourceData_Feedlot.SourceData_Feedlot_NitrousOxideEFs_Data(), Table_SourceData_Feedlot_NO2EFs[[#Headers],[Treatment stage T]], 0)} -> Dry lot (Feedpad) | F101: {=Common_InputFunctions.Utility_DisplayArrayInTable(SourceData_Feedlot.SourceData_Feedlot_NitrousOxideEFs_Data(), Table_SourceData_Feedlot_NO2EFs[[#Headers],[Treatment stage T]], 0)} -> 0.0054 | G101: {=Common_InputFunctions.Utility_DisplayArrayInTable(SourceData_Feedlot.SourceData_Feedlot_NitrousOxideEFs_Data(), Table_SourceData_Feedlot_NO2EFs[[#Headers],[Treatment stage T]], 0)} -> Drylot (feed pad)
D102: {=Common_InputFunctions.Utility_DisplayArrayInTable(SourceData_Feedlot.SourceData_Feedlot_NitrousOxideEFs_Data(), Table_SourceData_Feedlot_NO2EFs[[#Headers],[Treatment stage T]], 0)} -> Secondary | E102: {=Common_InputFunctions.Utility_DisplayArrayInTable(SourceData_Feedlot.SourceData_Feedlot_NitrousOxideEFs_Data(), Table_SourceData_Feedlot_NO2EFs[[#Headers],[Treatment stage T]], 0)} -> Solid Storage (Stockpile) | F102: {=Common_InputFunctions.Utility_DisplayArrayInTable(SourceData_Feedlot.SourceData_Feedlot_NitrousOxideEFs_Data(), Table_SourceData_Feedlot_NO2EFs[[#Headers],[Treatment stage T]], 0)} -> 0.005 | G102: {=Common_InputFunctions.Utility_DisplayArrayInTable(SourceData_Feedlot.SourceData_Feedlot_NitrousOxideEFs_Data(), Table_SourceData_Feedlot_NO2EFs[[#Headers],[Treatment stage T]], 0)} -> Solid storage
D103: {=Common_InputFunctions.Utility_DisplayArrayInTable(SourceData_Feedlot.SourceData_Feedlot_NitrousOxideEFs_Data(), Table_SourceData_Feedlot_NO2EFs[[#Headers],[Treatment stage T]], 0)} -> Secondary | E103: {=Common_InputFunctions.Utility_DisplayArrayInTable(SourceData_Feedlot.SourceData_Feedlot_NitrousOxideEFs_Data(), Table_SourceData_Feedlot_NO2EFs[[#Headers],[Treatment stage T]], 0)} -> Composting (Passive Windrow) | F103: {=Common_InputFunctions.Utility_DisplayArrayInTable(SourceData_Feedlot.SourceData_Feedlot_NitrousOxideEFs_Data(), Table_SourceData_Feedlot_NO2EFs[[#Headers],[Treatment stage T]], 0)} -> 0.01 | G103: {=Common_InputFunctions.Utility_DisplayArrayInTable(SourceData_Feedlot.SourceData_Feedlot_NitrousOxideEFs_Data(), Table_SourceData_Feedlot_NO2EFs[[#Headers],[Treatment stage T]], 0)} -> Composting (passive windrow)
D104: {=Common_InputFunctions.Utility_DisplayArrayInTable(SourceData_Feedlot.SourceData_Feedlot_NitrousOxideEFs_Data(), Table_SourceData_Feedlot_NO2EFs[[#Headers],[Treatment stage T]], 0)} -> Secondary | E104: {=Common_InputFunctions.Utility_DisplayArrayInTable(SourceData_Feedlot.SourceData_Feedlot_NitrousOxideEFs_Data(), Table_SourceData_Feedlot_NO2EFs[[#Headers],[Treatment stage T]], 0)} -> Direct Application to soil | F104: {=Common_InputFunctions.Utility_DisplayArrayInTable(SourceData_Feedlot.SourceData_Feedlot_NitrousOxideEFs_Data(), Table_SourceData_Feedlot_NO2EFs[[#Headers],[Treatment stage T]], 0)} -> 0 | G104: {=Common_InputFunctions.Utility_DisplayArrayInTable(SourceData_Feedlot.SourceData_Feedlot_NitrousOxideEFs_Data(), Table_SourceData_Feedlot_NO2EFs[[#Headers],[Treatment stage T]], 0)} -> Direct application
D105: {=Common_InputFunctions.Utility_DisplayArrayInTable(SourceData_Feedlot.SourceData_Feedlot_NitrousOxideEFs_Data(), Table_SourceData_Feedlot_NO2EFs[[#Headers],[Treatment stage T]], 0)} -> Tertiary | E105: {=Common_InputFunctions.Utility_DisplayArrayInTable(SourceData_Feedlot.SourceData_Feedlot_NitrousOxideEFs_Data(), Table_SourceData_Feedlot_NO2EFs[[#Headers],[Treatment stage T]], 0)} -> Uncovered anaerobic lagoon (Effluent Pond) | F105: {=Common_InputFunctions.Utility_DisplayArrayInTable(SourceData_Feedlot.SourceData_Feedlot_NitrousOxideEFs_Data(), Table_SourceData_Feedlot_NO2EFs[[#Headers],[Treatment stage T]], 0)} -> 0 | G105: {=Common_InputFunctions.Utility_DisplayArrayInTable(SourceData_Feedlot.SourceData_Feedlot_NitrousOxideEFs_Data(), Table_SourceData_Feedlot_NO2EFs[[#Headers],[Treatment stage T]], 0)} -> Anaerobic lagoon
D108: {=SourceData_Feedlot.SourceData_Feedlot_FracNVolatilised_Title()} -> Feedlot - Fraction of N volatilised by MMS (FracGASMmT)
D109: {=SourceData_Feedlot.SourceData_Feedlot_FracNVolatilised_Source()} -> VEERG 2026: Table A.1.1.6: Beef feedlot cattle - Fraction of N volatilised by MMS (FracGASMmT)
D110: {=SourceData_Feedlot.SourceData_Feedlot_FracNVolatilised_Variation()} -> VARIATION ON SOURCE:
D111: Added 'NIR definition' column with MMS names that match NIR definitions.
D112: Treatment stage T | E112: MMS m | F112: FracGASMmT | G112: NIR definition
D113: {=Common_InputFunctions.Utility_DisplayArrayInTable(SourceData_Feedlot.SourceData_Feedlot_FracNVolatilised_Data(), Table_SourceData_Feedlot_FracGASMmT[[#Headers],[Treatment stage T]], 0)} -> Primary | E113: {=Common_InputFunctions.Utility_DisplayArrayInTable(SourceData_Feedlot.SourceData_Feedlot_FracNVolatilised_Data(), Table_SourceData_Feedlot_FracGASMmT[[#Headers],[Treatment stage T]], 0)} -> Dry lot (Feedpad) | F113: {=Common_InputFunctions.Utility_DisplayArrayInTable(SourceData_Feedlot.SourceData_Feedlot_FracNVolatilised_Data(), Table_SourceData_Feedlot_FracGASMmT[[#Headers],[Treatment stage T]], 0)} -> 0.6 | G113: {=Common_InputFunctions.Utility_DisplayArrayInTable(SourceData_Feedlot.SourceData_Feedlot_FracNVolatilised_Data(), Table_SourceData_Feedlot_FracGASMmT[[#Headers],[Treatment stage T]], 0)} -> Drylot (feed pad)
D114: {=Common_InputFunctions.Utility_DisplayArrayInTable(SourceData_Feedlot.SourceData_Feedlot_FracNVolatilised_Data(), Table_SourceData_Feedlot_FracGASMmT[[#Headers],[Treatment stage T]], 0)} -> Secondary | E114: {=Common_InputFunctions.Utility_DisplayArrayInTable(SourceData_Feedlot.SourceData_Feedlot_FracNVolatilised_Data(), Table_SourceData_Feedlot_FracGASMmT[[#Headers],[Treatment stage T]], 0)} -> Solid Storage (Stockpile) | F114: {=Common_InputFunctions.Utility_DisplayArrayInTable(SourceData_Feedlot.SourceData_Feedlot_FracNVolatilised_Data(), Table_SourceData_Feedlot_FracGASMmT[[#Headers],[Treatment stage T]], 0)} -> 0.25 | G114: {=Common_InputFunctions.Utility_DisplayArrayInTable(SourceData_Feedlot.SourceData_Feedlot_FracNVolatilised_Data(), Table_SourceData_Feedlot_FracGASMmT[[#Headers],[Treatment stage T]], 0)} -> Solid storage
D115: {=Common_InputFunctions.Utility_DisplayArrayInTable(SourceData_Feedlot.SourceData_Feedlot_FracNVolatilised_Data(), Table_SourceData_Feedlot_FracGASMmT[[#Headers],[Treatment stage T]], 0)} -> Secondary | E115: {=Common_InputFunctions.Utility_DisplayArrayInTable(SourceData_Feedlot.SourceData_Feedlot_FracNVolatilised_Data(), Table_SourceData_Feedlot_FracGASMmT[[#Headers],[Treatment stage T]], 0)} -> Composting (Passive Windrow) | F115: {=Common_InputFunctions.Utility_DisplayArrayInTable(SourceData_Feedlot.SourceData_Feedlot_FracNVolatilised_Data(), Table_SourceData_Feedlot_FracGASMmT[[#Headers],[Treatment stage T]], 0)} -> 0.4 | G115: {=Common_InputFunctions.Utility_DisplayArrayInTable(SourceData_Feedlot.SourceData_Feedlot_FracNVolatilised_Data(), Table_SourceData_Feedlot_FracGASMmT[[#Headers],[Treatment stage T]], 0)} -> Composting (passive windrow)
D116: {=Common_InputFunctions.Utility_DisplayArrayInTable(SourceData_Feedlot.SourceData_Feedlot_FracNVolatilised_Data(), Table_SourceData_Feedlot_FracGASMmT[[#Headers],[Treatment stage T]], 0)} -> Secondary | E116: {=Common_InputFunctions.Utility_DisplayArrayInTable(SourceData_Feedlot.SourceData_Feedlot_FracNVolatilised_Data(), Table_SourceData_Feedlot_FracGASMmT[[#Headers],[Treatment stage T]], 0)} -> Direct Application to soil | F116: {=Common_InputFunctions.Utility_DisplayArrayInTable(SourceData_Feedlot.SourceData_Feedlot_FracNVolatilised_Data(), Table_SourceData_Feedlot_FracGASMmT[[#Headers],[Treatment stage T]], 0)} -> 0 | G116: {=Common_InputFunctions.Utility_DisplayArrayInTable(SourceData_Feedlot.SourceData_Feedlot_FracNVolatilised_Data(), Table_SourceData_Feedlot_FracGASMmT[[#Headers],[Treatment stage T]], 0)} -> Direct application
D117: {=Common_InputFunctions.Utility_DisplayArrayInTable(SourceData_Feedlot.SourceData_Feedlot_FracNVolatilised_Data(), Table_SourceData_Feedlot_FracGASMmT[[#Headers],[Treatment stage T]], 0)} -> Tertiary | E117: {=Common_InputFunctions.Utility_DisplayArrayInTable(SourceData_Feedlot.SourceData_Feedlot_FracNVolatilised_Data(), Table_SourceData_Feedlot_FracGASMmT[[#Headers],[Treatment stage T]], 0)} -> Uncovered anaerobic lagoon (Effluent pond) | F117: {=Common_InputFunctions.Utility_DisplayArrayInTable(SourceData_Feedlot.SourceData_Feedlot_FracNVolatilised_Data(), Table_SourceData_Feedlot_FracGASMmT[[#Headers],[Treatment stage T]], 0)} -> 0.35 | G117: {=Common_InputFunctions.Utility_DisplayArrayInTable(SourceData_Feedlot.SourceData_Feedlot_FracNVolatilised_Data(), Table_SourceData_Feedlot_FracGASMmT[[#Headers],[Treatment stage T]], 0)} -> Anaerobic lagoon

Sheet Constants - Common
A1: #VALUE! | C1: Constants - Common
D5: {=Common_SourceData.Common_SourceData_AustralianStatesTerritories_Title()} -> Australian states and territories
D6: State/Territory | E6: Common Name | F6: Abbreviation
D7: {=Common_InputFunctions.Utility_DisplayArrayInTable(Common_SourceData.Common_SourceData_AustralianStatesTerritories_Data(),Table_AustralianStates[[#Headers],[State/Territory]],0)} -> New South Wales | E7: {=Common_InputFunctions.Utility_DisplayArrayInTable(Common_SourceData.Common_SourceData_AustralianStatesTerritories_Data(),Table_AustralianStates[[#Headers],[State/Territory]],0)} -> New South Wales | F7: {=Common_InputFunctions.Utility_DisplayArrayInTable(Common_SourceData.Common_SourceData_AustralianStatesTerritories_Data(),Table_AustralianStates[[#Headers],[State/Territory]],0)} -> NSW
D8: {=Common_InputFunctions.Utility_DisplayArrayInTable(Common_SourceData.Common_SourceData_AustralianStatesTerritories_Data(),Table_AustralianStates[[#Headers],[State/Territory]],0)} -> Australian Capital Territory | E8: {=Common_InputFunctions.Utility_DisplayArrayInTable(Common_SourceData.Common_SourceData_AustralianStatesTerritories_Data(),Table_AustralianStates[[#Headers],[State/Territory]],0)} -> ACT | F8: {=Common_InputFunctions.Utility_DisplayArrayInTable(Common_SourceData.Common_SourceData_AustralianStatesTerritories_Data(),Table_AustralianStates[[#Headers],[State/Territory]],0)} -> ACT
D9: {=Common_InputFunctions.Utility_DisplayArrayInTable(Common_SourceData.Common_SourceData_AustralianStatesTerritories_Data(),Table_AustralianStates[[#Headers],[State/Territory]],0)} -> Victoria | E9: {=Common_InputFunctions.Utility_DisplayArrayInTable(Common_SourceData.Common_SourceData_AustralianStatesTerritories_Data(),Table_AustralianStates[[#Headers],[State/Territory]],0)} -> Victoria | F9: {=Common_InputFunctions.Utility_DisplayArrayInTable(Common_SourceData.Common_SourceData_AustralianStatesTerritories_Data(),Table_AustralianStates[[#Headers],[State/Territory]],0)} -> VIC
D10: {=Common_InputFunctions.Utility_DisplayArrayInTable(Common_SourceData.Common_SourceData_AustralianStatesTerritories_Data(),Table_AustralianStates[[#Headers],[State/Territory]],0)} -> Queensland | E10: {=Common_InputFunctions.Utility_DisplayArrayInTable(Common_SourceData.Common_SourceData_AustralianStatesTerritories_Data(),Table_AustralianStates[[#Headers],[State/Territory]],0)} -> Queensland | F10: {=Common_InputFunctions.Utility_DisplayArrayInTable(Common_SourceData.Common_SourceData_AustralianStatesTerritories_Data(),Table_AustralianStates[[#Headers],[State/Territory]],0)} -> QLD
D11: {=Common_InputFunctions.Utility_DisplayArrayInTable(Common_SourceData.Common_SourceData_AustralianStatesTerritories_Data(),Table_AustralianStates[[#Headers],[State/Territory]],0)} -> South Australia | E11: {=Common_InputFunctions.Utility_DisplayArrayInTable(Common_SourceData.Common_SourceData_AustralianStatesTerritories_Data(),Table_AustralianStates[[#Headers],[State/Territory]],0)} -> South Australia | F11: {=Common_InputFunctions.Utility_DisplayArrayInTable(Common_SourceData.Common_SourceData_AustralianStatesTerritories_Data(),Table_AustralianStates[[#Headers],[State/Territory]],0)} -> SA
D12: {=Common_InputFunctions.Utility_DisplayArrayInTable(Common_SourceData.Common_SourceData_AustralianStatesTerritories_Data(),Table_AustralianStates[[#Headers],[State/Territory]],0)} -> Western Australia | E12: {=Common_InputFunctions.Utility_DisplayArrayInTable(Common_SourceData.Common_SourceData_AustralianStatesTerritories_Data(),Table_AustralianStates[[#Headers],[State/Territory]],0)} -> Western Australia | F12: {=Common_InputFunctions.Utility_DisplayArrayInTable(Common_SourceData.Common_SourceData_AustralianStatesTerritories_Data(),Table_AustralianStates[[#Headers],[State/Territory]],0)} -> WA
D13: {=Common_InputFunctions.Utility_DisplayArrayInTable(Common_SourceData.Common_SourceData_AustralianStatesTerritories_Data(),Table_AustralianStates[[#Headers],[State/Territory]],0)} -> Tasmania | E13: {=Common_InputFunctions.Utility_DisplayArrayInTable(Common_SourceData.Common_SourceData_AustralianStatesTerritories_Data(),Table_AustralianStates[[#Headers],[State/Territory]],0)} -> Tasmania | F13: {=Common_InputFunctions.Utility_DisplayArrayInTable(Common_SourceData.Common_SourceData_AustralianStatesTerritories_Data(),Table_AustralianStates[[#Headers],[State/Territory]],0)} -> TAS
D14: {=Common_InputFunctions.Utility_DisplayArrayInTable(Common_SourceData.Common_SourceData_AustralianStatesTerritories_Data(),Table_AustralianStates[[#Headers],[State/Territory]],0)} -> Northern Territory | E14: {=Common_InputFunctions.Utility_DisplayArrayInTable(Common_SourceData.Common_SourceData_AustralianStatesTerritories_Data(),Table_AustralianStates[[#Headers],[State/Territory]],0)} -> Northern Territory | F14: {=Common_InputFunctions.Utility_DisplayArrayInTable(Common_SourceData.Common_SourceData_AustralianStatesTerritories_Data(),Table_AustralianStates[[#Headers],[State/Territory]],0)} -> NT
D18: {=Common_SourceData.Common_SourceData_WASA4Areas_Title()} -> ABS Statistcal Areas Level 4 - Western Australia
D19: {=Common_SourceData.Common_SourceData_WASA4Areas_Source()} -> Australian Bureau of Statistics (ABS) - Statistical Areas Level 2 - 2021 - Shapefile
D20: SA 4 Name
D21: {=Common_InputFunctions.Utility_DisplayArrayInTable(Common_SourceData.Common_SourceData_WASA4Areas_Data(), Table_WASA4Areas[[#Headers],[SA 4 Name]], 0)} -> Bunbury
D22: {=Common_InputFunctions.Utility_DisplayArrayInTable(Common_SourceData.Common_SourceData_WASA4Areas_Data(), Table_WASA4Areas[[#Headers],[SA 4 Name]], 0)} -> Mandurah
D23: {=Common_InputFunctions.Utility_DisplayArrayInTable(Common_SourceData.Common_SourceData_WASA4Areas_Data(), Table_WASA4Areas[[#Headers],[SA 4 Name]], 0)} -> Perth - Inner
D24: {=Common_InputFunctions.Utility_DisplayArrayInTable(Common_SourceData.Common_SourceData_WASA4Areas_Data(), Table_WASA4Areas[[#Headers],[SA 4 Name]], 0)} -> Perth - North East
D25: {=Common_InputFunctions.Utility_DisplayArrayInTable(Common_SourceData.Common_SourceData_WASA4Areas_Data(), Table_WASA4Areas[[#Headers],[SA 4 Name]], 0)} -> Perth - North West
D26: {=Common_InputFunctions.Utility_DisplayArrayInTable(Common_SourceData.Common_SourceData_WASA4Areas_Data(), Table_WASA4Areas[[#Headers],[SA 4 Name]], 0)} -> Perth - South East
D27: {=Common_InputFunctions.Utility_DisplayArrayInTable(Common_SourceData.Common_SourceData_WASA4Areas_Data(), Table_WASA4Areas[[#Headers],[SA 4 Name]], 0)} -> Perth - South West
D28: {=Common_InputFunctions.Utility_DisplayArrayInTable(Common_SourceData.Common_SourceData_WASA4Areas_Data(), Table_WASA4Areas[[#Headers],[SA 4 Name]], 0)} -> Western Australia - Wheat Belt
D29: {=Common_InputFunctions.Utility_DisplayArrayInTable(Common_SourceData.Common_SourceData_WASA4Areas_Data(), Table_WASA4Areas[[#Headers],[SA 4 Name]], 0)} -> Western Australia - Outback (North)
D30: {=Common_InputFunctions.Utility_DisplayArrayInTable(Common_SourceData.Common_SourceData_WASA4Areas_Data(), Table_WASA4Areas[[#Headers],[SA 4 Name]], 0)} -> Western Australia - Outback (South)
D34: {=Common_SourceData.Common_SourceData_GWP_Title()} -> Global warming potential for greenhouse gases
D35: {=Common_SourceData.Common_SourceData_GWP_Source()} -> XXXXXXX
D36: Gas | E36: CO2-e factor
D37: {=Common_InputFunctions.Utility_DisplayArrayInTable(Common_SourceData.Common_SourceData_GWP_Data(), Table_GWPData[[#Headers],[Gas]], 0)} -> CO2 | E37: {=Common_InputFunctions.Utility_DisplayArrayInTable(Common_SourceData.Common_SourceData_GWP_Data(), Table_GWPData[[#Headers],[Gas]], 0)} -> 1
D38: {=Common_InputFunctions.Utility_DisplayArrayInTable(Common_SourceData.Common_SourceData_GWP_Data(), Table_GWPData[[#Headers],[Gas]], 0)} -> CH4 | E38: {=Common_InputFunctions.Utility_DisplayArrayInTable(Common_SourceData.Common_SourceData_GWP_Data(), Table_GWPData[[#Headers],[Gas]], 0)} -> 28
D39: {=Common_InputFunctions.Utility_DisplayArrayInTable(Common_SourceData.Common_SourceData_GWP_Data(), Table_GWPData[[#Headers],[Gas]], 0)} -> N2O | E39: {=Common_InputFunctions.Utility_DisplayArrayInTable(Common_SourceData.Common_SourceData_GWP_Data(), Table_GWPData[[#Headers],[Gas]], 0)} -> 265
D40: {=Common_InputFunctions.Utility_DisplayArrayInTable(Common_SourceData.Common_SourceData_GWP_Data(), Table_GWPData[[#Headers],[Gas]], 0)} -> CF4 | E40: {=Common_InputFunctions.Utility_DisplayArrayInTable(Common_SourceData.Common_SourceData_GWP_Data(), Table_GWPData[[#Headers],[Gas]], 0)} -> 6630
D41: {=Common_InputFunctions.Utility_DisplayArrayInTable(Common_SourceData.Common_SourceData_GWP_Data(), Table_GWPData[[#Headers],[Gas]], 0)} -> C2F6 | E41: {=Common_InputFunctions.Utility_DisplayArrayInTable(Common_SourceData.Common_SourceData_GWP_Data(), Table_GWPData[[#Headers],[Gas]], 0)} -> 12200
D42: {=Common_InputFunctions.Utility_DisplayArrayInTable(Common_SourceData.Common_SourceData_GWP_Data(), Table_GWPData[[#Headers],[Gas]], 0)} -> SF6 | E42: {=Common_InputFunctions.Utility_DisplayArrayInTable(Common_SourceData.Common_SourceData_GWP_Data(), Table_GWPData[[#Headers],[Gas]], 0)} -> 22800
D43: {=Common_InputFunctions.Utility_DisplayArrayInTable(Common_SourceData.Common_SourceData_GWP_Data(), Table_GWPData[[#Headers],[Gas]], 0)} -> NF3 | E43: {=Common_InputFunctions.Utility_DisplayArrayInTable(Common_SourceData.Common_SourceData_GWP_Data(), Table_GWPData[[#Headers],[Gas]], 0)} -> 17200
D45: {=Common_SourceData.Common_SourceData_ConvertGasElementalToMolecular_Title()} -> Factor to convert elemental mass of gas to molecular mass
D46: {=Common_SourceData.Common_SourceData_ConvertGasElementalToMolecular_Source()} -> XXXXXXX
D47: Gas | E47: Conversion factor | F47: Conversion factor 1 | G47: Conversion factor 2 | H47: Conversion factor combined
D48: {=Common_InputFunctions.Utility_DisplayArrayInTable(Common_SourceData.Common_SourceData_ConvertGasElementalToMolecular_Data(),Table_GasToMolecularConversionFactor[[#Headers],[Gas]], 0)} -> CO2 | E48: {=Common_InputFunctions.Utility_DisplayArrayInTable(Common_SourceData.Common_SourceData_ConvertGasElementalToMolecular_Data(),Table_GasToMolecularConversionFactor[[#Headers],[Gas]], 0)} -> 44/12 | F48: {=Common_InputFunctions.Utility_DisplayArrayInTable(Common_SourceData.Common_SourceData_ConvertGasElementalToMolecular_Data(),Table_GasToMolecularConversionFactor[[#Headers],[Gas]], 0)} -> 44 | G48: {=Common_InputFunctions.Utility_DisplayArrayInTable(Common_SourceData.Common_SourceData_ConvertGasElementalToMolecular_Data(),Table_GasToMolecularConversionFactor[[#Headers],[Gas]], 0)} -> 12 | H48: =Table_GasToMolecularConversionFactor[[#This Row],[Conversion factor 1]]/Table_GasToMolecularConversionFactor[[#This Row],[Conversion factor 2]] -> 3.6666667
D49: {=Common_InputFunctions.Utility_DisplayArrayInTable(Common_SourceData.Common_SourceData_ConvertGasElementalToMolecular_Data(),Table_GasToMolecularConversionFactor[[#Headers],[Gas]], 0)} -> CH4 | E49: {=Common_InputFunctions.Utility_DisplayArrayInTable(Common_SourceData.Common_SourceData_ConvertGasElementalToMolecular_Data(),Table_GasToMolecularConversionFactor[[#Headers],[Gas]], 0)} -> 16/12 | F49: {=Common_InputFunctions.Utility_DisplayArrayInTable(Common_SourceData.Common_SourceData_ConvertGasElementalToMolecular_Data(),Table_GasToMolecularConversionFactor[[#Headers],[Gas]], 0)} -> 16 | G49: {=Common_InputFunctions.Utility_DisplayArrayInTable(Common_SourceData.Common_SourceData_ConvertGasElementalToMolecular_Data(),Table_GasToMolecularConversionFactor[[#Headers],[Gas]], 0)} -> 12 | H49: =Table_GasToMolecularConversionFactor[[#This Row],[Conversion factor 1]]/Table_GasToMolecularConversionFactor[[#This Row],[Conversion factor 2]] -> 1.3333333
D50: {=Common_InputFunctions.Utility_DisplayArrayInTable(Common_SourceData.Common_SourceData_ConvertGasElementalToMolecular_Data(),Table_GasToMolecularConversionFactor[[#Headers],[Gas]], 0)} -> N2O | E50: {=Common_InputFunctions.Utility_DisplayArrayInTable(Common_SourceData.Common_SourceData_ConvertGasElementalToMolecular_Data(),Table_GasToMolecularConversionFactor[[#Headers],[Gas]], 0)} -> 44/28 | F50: {=Common_InputFunctions.Utility_DisplayArrayInTable(Common_SourceData.Common_SourceData_ConvertGasElementalToMolecular_Data(),Table_GasToMolecularConversionFactor[[#Headers],[Gas]], 0)} -> 44 | G50: {=Common_InputFunctions.Utility_DisplayArrayInTable(Common_SourceData.Common_SourceData_ConvertGasElementalToMolecular_Data(),Table_GasToMolecularConversionFactor[[#Headers],[Gas]], 0)} -> 28 | H50: =Table_GasToMolecularConversionFactor[[#This Row],[Conversion factor 1]]/Table_GasToMolecularConversionFactor[[#This Row],[Conversion factor 2]] -> 1.5714286
D51: {=Common_InputFunctions.Utility_DisplayArrayInTable(Common_SourceData.Common_SourceData_ConvertGasElementalToMolecular_Data(),Table_GasToMolecularConversionFactor[[#Headers],[Gas]], 0)} -> Nox | E51: {=Common_InputFunctions.Utility_DisplayArrayInTable(Common_SourceData.Common_SourceData_ConvertGasElementalToMolecular_Data(),Table_GasToMolecularConversionFactor[[#Headers],[Gas]], 0)} -> 46/14 | F51: {=Common_InputFunctions.Utility_DisplayArrayInTable(Common_SourceData.Common_SourceData_ConvertGasElementalToMolecular_Data(),Table_GasToMolecularConversionFactor[[#Headers],[Gas]], 0)} -> 46 | G51: {=Common_InputFunctions.Utility_DisplayArrayInTable(Common_SourceData.Common_SourceData_ConvertGasElementalToMolecular_Data(),Table_GasToMolecularConversionFactor[[#Headers],[Gas]], 0)} -> 14 | H51: =Table_GasToMolecularConversionFactor[[#This Row],[Conversion factor 1]]/Table_GasToMolecularConversionFactor[[#This Row],[Conversion factor 2]] -> 3.2857143
D52: {=Common_InputFunctions.Utility_DisplayArrayInTable(Common_SourceData.Common_SourceData_ConvertGasElementalToMolecular_Data(),Table_GasToMolecularConversionFactor[[#Headers],[Gas]], 0)} -> CO | E52: {=Common_InputFunctions.Utility_DisplayArrayInTable(Common_SourceData.Common_SourceData_ConvertGasElementalToMolecular_Data(),Table_GasToMolecularConversionFactor[[#Headers],[Gas]], 0)} -> 28/12 | F52: {=Common_InputFunctions.Utility_DisplayArrayInTable(Common_SourceData.Common_SourceData_ConvertGasElementalToMolecular_Data(),Table_GasToMolecularConversionFactor[[#Headers],[Gas]], 0)} -> 28 | G52: {=Common_InputFunctions.Utility_DisplayArrayInTable(Common_SourceData.Common_SourceData_ConvertGasElementalToMolecular_Data(),Table_GasToMolecularConversionFactor[[#Headers],[Gas]], 0)} -> 12 | H52: =Table_GasToMolecularConversionFactor[[#This Row],[Conversion factor 1]]/Table_GasToMolecularConversionFactor[[#This Row],[Conversion factor 2]] -> 2.3333333
D53: {=Common_InputFunctions.Utility_DisplayArrayInTable(Common_SourceData.Common_SourceData_ConvertGasElementalToMolecular_Data(),Table_GasToMolecularConversionFactor[[#Headers],[Gas]], 0)} -> CO2 Lime | E53: {=Common_InputFunctions.Utility_DisplayArrayInTable(Common_SourceData.Common_SourceData_ConvertGasElementalToMolecular_Data(),Table_GasToMolecularConversionFactor[[#Headers],[Gas]], 0)} -> 44/12 | F53: {=Common_InputFunctions.Utility_DisplayArrayInTable(Common_SourceData.Common_SourceData_ConvertGasElementalToMolecular_Data(),Table_GasToMolecularConversionFactor[[#Headers],[Gas]], 0)} -> 44 | G53: {=Common_InputFunctions.Utility_DisplayArrayInTable(Common_SourceData.Common_SourceData_ConvertGasElementalToMolecular_Data(),Table_GasToMolecularConversionFactor[[#Headers],[Gas]], 0)} -> 12 | H53: =Table_GasToMolecularConversionFactor[[#This Row],[Conversion factor 1]]/Table_GasToMolecularConversionFactor[[#This Row],[Conversion factor 2]] -> 3.6666667
D54: {=Common_InputFunctions.Utility_DisplayArrayInTable(Common_SourceData.Common_SourceData_ConvertGasElementalToMolecular_Data(),Table_GasToMolecularConversionFactor[[#Headers],[Gas]], 0)} -> NMVOC | E54: {=Common_InputFunctions.Utility_DisplayArrayInTable(Common_SourceData.Common_SourceData_ConvertGasElementalToMolecular_Data(),Table_GasToMolecularConversionFactor[[#Headers],[Gas]], 0)} -> 14/12 | F54: {=Common_InputFunctions.Utility_DisplayArrayInTable(Common_SourceData.Common_SourceData_ConvertGasElementalToMolecular_Data(),Table_GasToMolecularConversionFactor[[#Headers],[Gas]], 0)} -> 14 | G54: {=Common_InputFunctions.Utility_DisplayArrayInTable(Common_SourceData.Common_SourceData_ConvertGasElementalToMolecular_Data(),Table_GasToMolecularConversionFactor[[#Headers],[Gas]], 0)} -> 12 | H54: =Table_GasToMolecularConversionFactor[[#This Row],[Conversion factor 1]]/Table_GasToMolecularConversionFactor[[#This Row],[Conversion factor 2]] -> 1.1666667
D57: {=Common_SourceData.Common_SourceData_WetAndDryZones_Title()} -> VEERG Australian wet and dry zones
D58: {=Common_SourceData.Common_SourceData_WetAndDryZones_Source()} -> VEERG 2026: Table 1.2: Translating climate zones to wet and dry zones
D59: {="⚠️" & Common_SourceData.Common_SourceData_WetAndDryZones_Variation()} -> ⚠️VARIATION OF SOURCE DATA:
D60: ⚠️Added warm / cool temperate moist / dry - low frost and high temp classes to accommodate climate scenarios excluded by VEERG criteria.
D61: ⚠️Fixed typo - Changed 'Fry' to 'Dry'.
D63: Climate zone | E63: Wet or Dry Zone
D64: {=Common_InputFunctions.Utility_DisplayArrayInTable(Common_SourceData.Common_SourceData_WetAndDryZones_Data(), Table_SourceData_WetDryZones[[#Headers],[Climate zone]], 0)} -> Tropical montane | E64: {=Common_InputFunctions.Utility_DisplayArrayInTable(Common_SourceData.Common_SourceData_WetAndDryZones_Data(), Table_SourceData_WetDryZones[[#Headers],[Climate zone]], 0)} -> Wet climate zone
D65: {=Common_InputFunctions.Utility_DisplayArrayInTable(Common_SourceData.Common_SourceData_WetAndDryZones_Data(), Table_SourceData_WetDryZones[[#Headers],[Climate zone]], 0)} -> Tropical wet | E65: {=Common_InputFunctions.Utility_DisplayArrayInTable(Common_SourceData.Common_SourceData_WetAndDryZones_Data(), Table_SourceData_WetDryZones[[#Headers],[Climate zone]], 0)} -> Wet climate zone
D66: {=Common_InputFunctions.Utility_DisplayArrayInTable(Common_SourceData.Common_SourceData_WetAndDryZones_Data(), Table_SourceData_WetDryZones[[#Headers],[Climate zone]], 0)} -> Tropical moist | E66: {=Common_InputFunctions.Utility_DisplayArrayInTable(Common_SourceData.Common_SourceData_WetAndDryZones_Data(), Table_SourceData_WetDryZones[[#Headers],[Climate zone]], 0)} -> Wet climate zone
D67: {=Common_InputFunctions.Utility_DisplayArrayInTable(Common_SourceData.Common_SourceData_WetAndDryZones_Data(), Table_SourceData_WetDryZones[[#Headers],[Climate zone]], 0)} -> Tropical dry | E67: {=Common_InputFunctions.Utility_DisplayArrayInTable(Common_SourceData.Common_SourceData_WetAndDryZones_Data(), Table_SourceData_WetDryZones[[#Headers],[Climate zone]], 0)} -> Dry climate zone
D68: {=Common_InputFunctions.Utility_DisplayArrayInTable(Common_SourceData.Common_SourceData_WetAndDryZones_Data(), Table_SourceData_WetDryZones[[#Headers],[Climate zone]], 0)} -> Warm temperate moist | E68: {=Common_InputFunctions.Utility_DisplayArrayInTable(Common_SourceData.Common_SourceData_WetAndDryZones_Data(), Table_SourceData_WetDryZones[[#Headers],[Climate zone]], 0)} -> Wet climate zone
D69: {=Common_InputFunctions.Utility_DisplayArrayInTable(Common_SourceData.Common_SourceData_WetAndDryZones_Data(), Table_SourceData_WetDryZones[[#Headers],[Climate zone]], 0)} -> Warm temperate dry | E69: {=Common_InputFunctions.Utility_DisplayArrayInTable(Common_SourceData.Common_SourceData_WetAndDryZones_Data(), Table_SourceData_WetDryZones[[#Headers],[Climate zone]], 0)} -> Dry climate zone
D70: {=Common_InputFunctions.Utility_DisplayArrayInTable(Common_SourceData.Common_SourceData_WetAndDryZones_Data(), Table_SourceData_WetDryZones[[#Headers],[Climate zone]], 0)} -> Cool temperate moist | E70: {=Common_InputFunctions.Utility_DisplayArrayInTable(Common_SourceData.Common_SourceData_WetAndDryZones_Data(), Table_SourceData_WetDryZones[[#Headers],[Climate zone]], 0)} -> Wet climate zone
D71: {=Common_InputFunctions.Utility_DisplayArrayInTable(Common_SourceData.Common_SourceData_WetAndDryZones_Data(), Table_SourceData_WetDryZones[[#Headers],[Climate zone]], 0)} -> Cool temperate dry | E71: {=Common_InputFunctions.Utility_DisplayArrayInTable(Common_SourceData.Common_SourceData_WetAndDryZones_Data(), Table_SourceData_WetDryZones[[#Headers],[Climate zone]], 0)} -> Dry climate zone
D72: {=Common_InputFunctions.Utility_DisplayArrayInTable(Common_SourceData.Common_SourceData_WetAndDryZones_Data(), Table_SourceData_WetDryZones[[#Headers],[Climate zone]], 0)} -> Warm temperate moist - low frost | E72: {=Common_InputFunctions.Utility_DisplayArrayInTable(Common_SourceData.Common_SourceData_WetAndDryZones_Data(), Table_SourceData_WetDryZones[[#Headers],[Climate zone]], 0)} -> Wet climate zone
D73: {=Common_InputFunctions.Utility_DisplayArrayInTable(Common_SourceData.Common_SourceData_WetAndDryZones_Data(), Table_SourceData_WetDryZones[[#Headers],[Climate zone]], 0)} -> Warm temperate dry - low frost | E73: {=Common_InputFunctions.Utility_DisplayArrayInTable(Common_SourceData.Common_SourceData_WetAndDryZones_Data(), Table_SourceData_WetDryZones[[#Headers],[Climate zone]], 0)} -> Dry climate zone
D74: {=Common_InputFunctions.Utility_DisplayArrayInTable(Common_SourceData.Common_SourceData_WetAndDryZones_Data(), Table_SourceData_WetDryZones[[#Headers],[Climate zone]], 0)} -> Warm temperate moist - high temp | E74: {=Common_InputFunctions.Utility_DisplayArrayInTable(Common_SourceData.Common_SourceData_WetAndDryZones_Data(), Table_SourceData_WetDryZones[[#Headers],[Climate zone]], 0)} -> Wet climate zone
D75: {=Common_InputFunctions.Utility_DisplayArrayInTable(Common_SourceData.Common_SourceData_WetAndDryZones_Data(), Table_SourceData_WetDryZones[[#Headers],[Climate zone]], 0)} -> Warm temperate dry - high temp | E75: {=Common_InputFunctions.Utility_DisplayArrayInTable(Common_SourceData.Common_SourceData_WetAndDryZones_Data(), Table_SourceData_WetDryZones[[#Headers],[Climate zone]], 0)} -> Dry climate zone
... D77: {=Common_InputFunctions.Utility_DisplayArrayInTable(Common_SourceData.Common_SourceData_WetAndDryZones_Data(), Table_SourceData_WetDryZones[[#Headers],[Climate zone]], 0)} -> Cool temperate dry - low frost | E77: {=Common_InputFunctions.Utility_DisplayArrayInTable(Common_SourceData.Common_SourceData_WetAndDryZones_Data(), Table_SourceData_WetDryZones[[#Headers],[Climate zone]], 0)} -> Dry climate zone
D81: {=Common_SourceData.Common_SourceData_ClimateZones_Title()} -> VEERG Australian climate zones
D82: {=Common_SourceData.Common_SourceData_ClimateZones_Source()} -> VEERG 2026: Table 1.3: Climate and Rainfall zone classifications and definitions
D83: {="⚠️" & Common_SourceData.Common_SourceData_ClimateZones_Variation()} -> ⚠️VARIATION OF SOURCE DATA:
D84: ⚠️Added warm / cool temperate moist / dry - low frost and high temp classes to accommodate climate scenarios excluded by VEERG criteria.
D85: ⚠️Fixed typo in MAT value for warm temperate dry - changed 10 to 11.
D86: ⚠️Added min and max columns for MAT, MAP, frost days per year, elevation, MAP:PET to calculate zones from real climate data.
D87: ⚠️GAF accepts rainfall as a proxy for precipitation.
D89: Climate zone | E89: MAT | F89: MAP | G89: Frost days per year | H89: Elevation | I89: MAP:PET | J89: Min temp | K89: Max temp | L89: Min rainfall | M89: Max rainfall | N89: Min frost days | O89: Max frost days | P89: Min elevation | Q89: Max elevation | R89: Min MAP:PET | S89: Max MAP:PET
D90: {=Common_InputFunctions.Utility_DisplayArrayInTable(Common_SourceData.Common_SourceData_ClimateZones_Data(), Table_SourceData_ClimateZones[[#Headers],[Climate zone]], 0)} -> Tropical montane | E90: {=Common_InputFunctions.Utility_DisplayArrayInTable(Common_SourceData.Common_SourceData_ClimateZones_Data(), Table_SourceData_ClimateZones[[#Headers],[Climate zone]], 0)} -> > 18 C | F90: {=Common_InputFunctions.Utility_DisplayArrayInTable(Common_SourceData.Common_SourceData_ClimateZones_Data(), Table_SourceData_ClimateZones[[#Headers],[Climate zone]], 0)} -> Any | G90: {=Common_InputFunctions.Utility_DisplayArrayInTable(Common_SourceData.Common_SourceData_ClimateZones_Data(), Table_SourceData_ClimateZones[[#Headers],[Climate zone]], 0)} -> ≤ 7 | H90: {=Common_InputFunctions.Utility_DisplayArrayInTable(Common_SourceData.Common_SourceData_ClimateZones_Data(), Table_SourceData_ClimateZones[[#Headers],[Climate zone]], 0)} -> > 1000 m | I90: {=Common_InputFunctions.Utility_DisplayArrayInTable(Common_SourceData.Common_SourceData_ClimateZones_Data(), Table_SourceData_ClimateZones[[#Headers],[Climate zone]], 0)} -> Any | J90: {=Common_InputFunctions.Utility_DisplayArrayInTable(Common_SourceData.Common_SourceData_ClimateZones_Data(), Table_SourceData_ClimateZones[[#Headers],[Climate zone]], 0)} -> 18.001 | K90: {=Common_InputFunctions.Utility_DisplayArrayInTable(Common_SourceData.Common_SourceData_ClimateZones_Data(), Table_SourceData_ClimateZones[[#Headers],[Climate zone]], 0)} -> 999999 | ... S90: {=Common_InputFunctions.Utility_DisplayArrayInTable(Common_SourceData.Common_SourceData_ClimateZones_Data(), Table_SourceData_ClimateZones[[#Headers],[Climate zone]], 0)} -> 999999
D91: {=Common_InputFunctions.Utility_DisplayArrayInTable(Common_SourceData.Common_SourceData_ClimateZones_Data(), Table_SourceData_ClimateZones[[#Headers],[Climate zone]], 0)} -> Tropical wet | E91: {=Common_InputFunctions.Utility_DisplayArrayInTable(Common_SourceData.Common_SourceData_ClimateZones_Data(), Table_SourceData_ClimateZones[[#Headers],[Climate zone]], 0)} -> > 18 C | F91: {=Common_InputFunctions.Utility_DisplayArrayInTable(Common_SourceData.Common_SourceData_ClimateZones_Data(), Table_SourceData_ClimateZones[[#Headers],[Climate zone]], 0)} -> > 2000 mm | G91: {=Common_InputFunctions.Utility_DisplayArrayInTable(Common_SourceData.Common_SourceData_ClimateZones_Data(), Table_SourceData_ClimateZones[[#Headers],[Climate zone]], 0)} -> ≤ 7 | H91: {=Common_InputFunctions.Utility_DisplayArrayInTable(Common_SourceData.Common_SourceData_ClimateZones_Data(), Table_SourceData_ClimateZones[[#Headers],[Climate zone]], 0)} -> ≤ 1000 m | I91: {=Common_InputFunctions.Utility_DisplayArrayInTable(Common_SourceData.Common_SourceData_ClimateZones_Data(), Table_SourceData_ClimateZones[[#Headers],[Climate zone]], 0)} -> Any | J91: {=Common_InputFunctions.Utility_DisplayArrayInTable(Common_SourceData.Common_SourceData_ClimateZones_Data(), Table_SourceData_ClimateZones[[#Headers],[Climate zone]], 0)} -> 18.001 | K91: {=Common_InputFunctions.Utility_DisplayArrayInTable(Common_SourceData.Common_SourceData_ClimateZones_Data(), Table_SourceData_ClimateZones[[#Headers],[Climate zone]], 0)} -> 999999 | ... S91: {=Common_InputFunctions.Utility_DisplayArrayInTable(Common_SourceData.Common_SourceData_ClimateZones_Data(), Table_SourceData_ClimateZones[[#Headers],[Climate zone]], 0)} -> 999999
D92: {=Common_InputFunctions.Utility_DisplayArrayInTable(Common_SourceData.Common_SourceData_ClimateZones_Data(), Table_SourceData_ClimateZones[[#Headers],[Climate zone]], 0)} -> Tropical moist | E92: {=Common_InputFunctions.Utility_DisplayArrayInTable(Common_SourceData.Common_SourceData_ClimateZones_Data(), Table_SourceData_ClimateZones[[#Headers],[Climate zone]], 0)} -> > 18 C | F92: {=Common_InputFunctions.Utility_DisplayArrayInTable(Common_SourceData.Common_SourceData_ClimateZones_Data(), Table_SourceData_ClimateZones[[#Headers],[Climate zone]], 0)} -> > 1000 mm - ≤ 2000 mm | G92: {=Common_InputFunctions.Utility_DisplayArrayInTable(Common_SourceData.Common_SourceData_ClimateZones_Data(), Table_SourceData_ClimateZones[[#Headers],[Climate zone]], 0)} -> ≤ 7 | H92: {=Common_InputFunctions.Utility_DisplayArrayInTable(Common_SourceData.Common_SourceData_ClimateZones_Data(), Table_SourceData_ClimateZones[[#Headers],[Climate zone]], 0)} -> ≤ 1000 m | I92: {=Common_InputFunctions.Utility_DisplayArrayInTable(Common_SourceData.Common_SourceData_ClimateZones_Data(), Table_SourceData_ClimateZones[[#Headers],[Climate zone]], 0)} -> Any | J92: {=Common_InputFunctions.Utility_DisplayArrayInTable(Common_SourceData.Common_SourceData_ClimateZones_Data(), Table_SourceData_ClimateZones[[#Headers],[Climate zone]], 0)} -> 18.001 | K92: {=Common_InputFunctions.Utility_DisplayArrayInTable(Common_SourceData.Common_SourceData_ClimateZones_Data(), Table_SourceData_ClimateZones[[#Headers],[Climate zone]], 0)} -> 999999 | ... S92: {=Common_InputFunctions.Utility_DisplayArrayInTable(Common_SourceData.Common_SourceData_ClimateZones_Data(), Table_SourceData_ClimateZones[[#Headers],[Climate zone]], 0)} -> 999999
D93: {=Common_InputFunctions.Utility_DisplayArrayInTable(Common_SourceData.Common_SourceData_ClimateZones_Data(), Table_SourceData_ClimateZones[[#Headers],[Climate zone]], 0)} -> Tropical dry | E93: {=Common_InputFunctions.Utility_DisplayArrayInTable(Common_SourceData.Common_SourceData_ClimateZones_Data(), Table_SourceData_ClimateZones[[#Headers],[Climate zone]], 0)} -> > 18 C | F93: {=Common_InputFunctions.Utility_DisplayArrayInTable(Common_SourceData.Common_SourceData_ClimateZones_Data(), Table_SourceData_ClimateZones[[#Headers],[Climate zone]], 0)} -> ≤ 1000 mm | G93: {=Common_InputFunctions.Utility_DisplayArrayInTable(Common_SourceData.Common_SourceData_ClimateZones_Data(), Table_SourceData_ClimateZones[[#Headers],[Climate zone]], 0)} -> ≤ 7 | H93: {=Common_InputFunctions.Utility_DisplayArrayInTable(Common_SourceData.Common_SourceData_ClimateZones_Data(), Table_SourceData_ClimateZones[[#Headers],[Climate zone]], 0)} -> ≤ 1000 m | I93: {=Common_InputFunctions.Utility_DisplayArrayInTable(Common_SourceData.Common_SourceData_ClimateZones_Data(), Table_SourceData_ClimateZones[[#Headers],[Climate zone]], 0)} -> Any | J93: {=Common_InputFunctions.Utility_DisplayArrayInTable(Common_SourceData.Common_SourceData_ClimateZones_Data(), Table_SourceData_ClimateZones[[#Headers],[Climate zone]], 0)} -> 18.001 | K93: {=Common_InputFunctions.Utility_DisplayArrayInTable(Common_SourceData.Common_SourceData_ClimateZones_Data(), Table_SourceData_ClimateZones[[#Headers],[Climate zone]], 0)} -> 999999 | ... S93: {=Common_InputFunctions.Utility_DisplayArrayInTable(Common_SourceData.Common_SourceData_ClimateZones_Data(), Table_SourceData_ClimateZones[[#Headers],[Climate zone]], 0)} -> 999999
D94: {=Common_InputFunctions.Utility_DisplayArrayInTable(Common_SourceData.Common_SourceData_ClimateZones_Data(), Table_SourceData_ClimateZones[[#Headers],[Climate zone]], 0)} -> Warm temperate moist | E94: {=Common_InputFunctions.Utility_DisplayArrayInTable(Common_SourceData.Common_SourceData_ClimateZones_Data(), Table_SourceData_ClimateZones[[#Headers],[Climate zone]], 0)} -> > 10 C | F94: {=Common_InputFunctions.Utility_DisplayArrayInTable(Common_SourceData.Common_SourceData_ClimateZones_Data(), Table_SourceData_ClimateZones[[#Headers],[Climate zone]], 0)} -> Any | G94: {=Common_InputFunctions.Utility_DisplayArrayInTable(Common_SourceData.Common_SourceData_ClimateZones_Data(), Table_SourceData_ClimateZones[[#Headers],[Climate zone]], 0)} -> Any | H94: {=Common_InputFunctions.Utility_DisplayArrayInTable(Common_SourceData.Common_SourceData_ClimateZones_Data(), Table_SourceData_ClimateZones[[#Headers],[Climate zone]], 0)} -> Any | I94: {=Common_InputFunctions.Utility_DisplayArrayInTable(Common_SourceData.Common_SourceData_ClimateZones_Data(), Table_SourceData_ClimateZones[[#Headers],[Climate zone]], 0)} -> > 1 | J94: {=Common_InputFunctions.Utility_DisplayArrayInTable(Common_SourceData.Common_SourceData_ClimateZones_Data(), Table_SourceData_ClimateZones[[#Headers],[Climate zone]], 0)} -> 10.001 | K94: {=Common_InputFunctions.Utility_DisplayArrayInTable(Common_SourceData.Common_SourceData_ClimateZones_Data(), Table_SourceData_ClimateZones[[#Headers],[Climate zone]], 0)} -> 999999 | ... S94: {=Common_InputFunctions.Utility_DisplayArrayInTable(Common_SourceData.Common_SourceData_ClimateZones_Data(), Table_SourceData_ClimateZones[[#Headers],[Climate zone]], 0)} -> 999999
D95: {=Common_InputFunctions.Utility_DisplayArrayInTable(Common_SourceData.Common_SourceData_ClimateZones_Data(), Table_SourceData_ClimateZones[[#Headers],[Climate zone]], 0)} -> Warm temperate dry | E95: {=Common_InputFunctions.Utility_DisplayArrayInTable(Common_SourceData.Common_SourceData_ClimateZones_Data(), Table_SourceData_ClimateZones[[#Headers],[Climate zone]], 0)} -> > 10 C | F95: {=Common_InputFunctions.Utility_DisplayArrayInTable(Common_SourceData.Common_SourceData_ClimateZones_Data(), Table_SourceData_ClimateZones[[#Headers],[Climate zone]], 0)} -> Any | G95: {=Common_InputFunctions.Utility_DisplayArrayInTable(Common_SourceData.Common_SourceData_ClimateZones_Data(), Table_SourceData_ClimateZones[[#Headers],[Climate zone]], 0)} -> Any | H95: {=Common_InputFunctions.Utility_DisplayArrayInTable(Common_SourceData.Common_SourceData_ClimateZones_Data(), Table_SourceData_ClimateZones[[#Headers],[Climate zone]], 0)} -> Any | I95: {=Common_InputFunctions.Utility_DisplayArrayInTable(Common_SourceData.Common_SourceData_ClimateZones_Data(), Table_SourceData_ClimateZones[[#Headers],[Climate zone]], 0)} -> ≤ 1 | J95: {=Common_InputFunctions.Utility_DisplayArrayInTable(Common_SourceData.Common_SourceData_ClimateZones_Data(), Table_SourceData_ClimateZones[[#Headers],[Climate zone]], 0)} -> 10.001 | K95: {=Common_InputFunctions.Utility_DisplayArrayInTable(Common_SourceData.Common_SourceData_ClimateZones_Data(), Table_SourceData_ClimateZones[[#Headers],[Climate zone]], 0)} -> 999999 | ... S95: {=Common_InputFunctions.Utility_DisplayArrayInTable(Common_SourceData.Common_SourceData_ClimateZones_Data(), Table_SourceData_ClimateZones[[#Headers],[Climate zone]], 0)} -> 1
D96: {=Common_InputFunctions.Utility_DisplayArrayInTable(Common_SourceData.Common_SourceData_ClimateZones_Data(), Table_SourceData_ClimateZones[[#Headers],[Climate zone]], 0)} -> Cool temperate moist | E96: {=Common_InputFunctions.Utility_DisplayArrayInTable(Common_SourceData.Common_SourceData_ClimateZones_Data(), Table_SourceData_ClimateZones[[#Headers],[Climate zone]], 0)} -> > 0 C - ≤ 10 C | F96: {=Common_InputFunctions.Utility_DisplayArrayInTable(Common_SourceData.Common_SourceData_ClimateZones_Data(), Table_SourceData_ClimateZones[[#Headers],[Climate zone]], 0)} -> Any | G96: {=Common_InputFunctions.Utility_DisplayArrayInTable(Common_SourceData.Common_SourceData_ClimateZones_Data(), Table_SourceData_ClimateZones[[#Headers],[Climate zone]], 0)} -> Any | H96: {=Common_InputFunctions.Utility_DisplayArrayInTable(Common_SourceData.Common_SourceData_ClimateZones_Data(), Table_SourceData_ClimateZones[[#Headers],[Climate zone]], 0)} -> Any | I96: {=Common_InputFunctions.Utility_DisplayArrayInTable(Common_SourceData.Common_SourceData_ClimateZones_Data(), Table_SourceData_ClimateZones[[#Headers],[Climate zone]], 0)} -> > 1 | J96: {=Common_InputFunctions.Utility_DisplayArrayInTable(Common_SourceData.Common_SourceData_ClimateZones_Data(), Table_SourceData_ClimateZones[[#Headers],[Climate zone]], 0)} -> -999999 | K96: {=Common_InputFunctions.Utility_DisplayArrayInTable(Common_SourceData.Common_SourceData_ClimateZones_Data(), Table_SourceData_ClimateZones[[#Headers],[Climate zone]], 0)} -> 10 | ... S96: {=Common_InputFunctions.Utility_DisplayArrayInTable(Common_SourceData.Common_SourceData_ClimateZones_Data(), Table_SourceData_ClimateZones[[#Headers],[Climate zone]], 0)} -> 999999
D97: {=Common_InputFunctions.Utility_DisplayArrayInTable(Common_SourceData.Common_SourceData_ClimateZones_Data(), Table_SourceData_ClimateZones[[#Headers],[Climate zone]], 0)} -> Cool temperate dry | E97: {=Common_InputFunctions.Utility_DisplayArrayInTable(Common_SourceData.Common_SourceData_ClimateZones_Data(), Table_SourceData_ClimateZones[[#Headers],[Climate zone]], 0)} -> > 0 C - ≤ 10 C | F97: {=Common_InputFunctions.Utility_DisplayArrayInTable(Common_SourceData.Common_SourceData_ClimateZones_Data(), Table_SourceData_ClimateZones[[#Headers],[Climate zone]], 0)} -> Any | G97: {=Common_InputFunctions.Utility_DisplayArrayInTable(Common_SourceData.Common_SourceData_ClimateZones_Data(), Table_SourceData_ClimateZones[[#Headers],[Climate zone]], 0)} -> Any | H97: {=Common_InputFunctions.Utility_DisplayArrayInTable(Common_SourceData.Common_SourceData_ClimateZones_Data(), Table_SourceData_ClimateZones[[#Headers],[Climate zone]], 0)} -> Any | I97: {=Common_InputFunctions.Utility_DisplayArrayInTable(Common_SourceData.Common_SourceData_ClimateZones_Data(), Table_SourceData_ClimateZones[[#Headers],[Climate zone]], 0)} -> ≤ 1 | J97: {=Common_InputFunctions.Utility_DisplayArrayInTable(Common_SourceData.Common_SourceData_ClimateZones_Data(), Table_SourceData_ClimateZones[[#Headers],[Climate zone]], 0)} -> -999999 | K97: {=Common_InputFunctions.Utility_DisplayArrayInTable(Common_SourceData.Common_SourceData_ClimateZones_Data(), Table_SourceData_ClimateZones[[#Headers],[Climate zone]], 0)} -> 10 | ... S97: {=Common_InputFunctions.Utility_DisplayArrayInTable(Common_SourceData.Common_SourceData_ClimateZones_Data(), Table_SourceData_ClimateZones[[#Headers],[Climate zone]], 0)} -> 1
D99: {=Common_SourceData.Common_SourceData_ClimateZones_Appendices()} -> Note:
D100: MAT = mean annual temperature
D101: MAP = mean annual precipitation
D102: PET = potential evapotranspiration
D105: {=Common_SourceData.Common_SourceData_TemperatureZones_Title()} -> VEERG Australian temperature zones
D106: {=Common_SourceData.Common_SourceData_TemperatureZones_Source()} -> VEERG 2026: Table 1.3: Climate and Rainfall zone classifications and definitions
D107: {="⚠️" & Common_SourceData.Common_SourceData_TemperatureZones_Variation()} -> ⚠️VARIATION OF SOURCE DATA: Added extra MAT min and MAT max columns to calculate zone from real temperature data.
D109: Temperature Zone | E109: MAT | F109: Min MAT | G109: Max MAT
