Workbook
Name Common_Equations.Common_ConvertCH4ToCO2e: _xlfn.LAMBDA(_xlpm.E_CH4,_xlpm.GWP_CH4, _xlpm.E_CH4 * _xlpm.GWP_CH4)
Name Common_Equations.Common_ConvertCH4ToCO2e_Arguments: _xlfn.LAMBDA(_xlfn.MAKEARRAY(2, 2, _xlfn.LAMBDA(_xlpm.r,_xlpm.c, INDEX({"ECH4","Methane emissions (t CH4)";"GWPCH4","Global warming potential for methane (t CO2-e / t CH4)"}, _xlpm.r, _xlpm.c))))
Name Common_Equations.Common_ConvertCH4ToCO2e_LatexEquation: _xlfn.LAMBDA("CO2_e = E_{CH4} \times GWP_{CH4}")
Name Common_Equations.Common_ConvertCH4ToCO2e_NIRReference: _xlfn.LAMBDA("")
Name Common_Equations.Common_ConvertCH4ToCO2e_Title: _xlfn.LAMBDA("Convert methane emissions to carbon dioxide equivalent emissions")
Name Common_Equations.Common_ConvertCH4ToCO2e_Unit: _xlfn.LAMBDA("t CO2e")
Name Common_Equations.Common_ConvertCH4ToCO2e_Variable: _xlfn.LAMBDA("ECH4 CO2e")
Name Common_Equations.Common_ConvertN2OToCO2e: _xlfn.LAMBDA(_xlpm.E_N2O,_xlpm.GWP_N2O, _xlpm.E_N2O * _xlpm.GWP_N2O)
Name Common_Equations.Common_ConvertN2OToCO2e_LatexEquation: _xlfn.LAMBDA("CO2_e = E_{N2O} \times GWP_{N2O}")
Name Common_Equations.Common_ConvertN2OToCO2e_NIRReference: _xlfn.LAMBDA("")
Name Common_Equations.Common_ConvertN2OToCO2e_Title: _xlfn.LAMBDA("Convert nitrous oxide emissions to carbon dioxide equivalent emissions")
Name Common_Equations.Common_ConvertN2OToCO2e_Unit: _xlfn.LAMBDA("t CO2e")
Name Common_Equations.Common_ConvertN2OToCO2e_Variable: _xlfn.LAMBDA("EN2O CO2e")
Name Common_InputFunctions.Utility_ConvertStateCommonNameToAbbreviation: _xlfn.LAMBDA(_xlpm.StateCommonName,_xlpm.StateCommonNameArray,_xlpm.StateAbbreviationArray, _xlfn.XLOOKUP(_xlpm.StateCommonName, _xlpm.StateCommonNameArray, _xlpm.StateAbbreviationArray, ""))
Name Common_InputFunctions.Utility_DisplayArguments_1_2: _xlfn.LAMBDA(_xlpm.ArgumentsArray, _xlfn.CHOOSECOLS(_xlpm.ArgumentsArray, 1, 2))
Name Common_InputFunctions.Utility_DisplayArguments_3_4: _xlfn.LAMBDA(_xlpm.ArgumentsArray, _xlfn.CHOOSECOLS(_xlpm.ArgumentsArray, 3, 4))
Name Common_InputFunctions.Utility_DisplayFunctionName: _xlfn.LAMBDA(_xlpm.Function, _xlfn.TEXTBEFORE(_xlfn.FORMULATEXT(_xlpm.Function), "("))
Name Common_InputFunctions.Utility_GetArrayTableColumnStartNumber: _xlfn.LAMBDA(_xlpm.TableHeaderCell, COLUMN(_xlpm.TableHeaderCell))
Name Common_InputFunctions.Utility_GetArrayTableRowStartNumber: _xlfn.LAMBDA(_xlpm.TableheaderCell,_xlpm.RowsBetweenHeaderandArray, ROW(_xlpm.TableheaderCell) + _xlpm.RowsBetweenHeaderandArray - 1)
Name Common_InputFunctions.Utility_LookupValueInTable: _xlfn.LAMBDA(_xlpm.LookupValue,_xlpm.LookupArray,_xlpm.ReturnArray, _xlfn.XLOOKUP(_xlpm.LookupValue, _xlpm.LookupArray, _xlpm.ReturnArray, ""))
Name Common_InputFunctions.Utility_ResultsItemFromEquationTitleAndSource: _xlfn.LAMBDA(_xlpm.TitleCell,_xlpm.SourceCell, SUBSTITUTE(LEFT(_xlpm.SourceCell, FIND(",", _xlpm.SourceCell) - 1), "VEERG 2026: ", "") & " " & _xlpm.TitleCell)
Name Common_InputFunctions.Utility_SourceHyperlink: _xlfn.LAMBDA(_xlpm.TargetCell, _xlfn.LET(_xlpm.sh, _xlfn.TEXTAFTER(CELL("filename", _xlpm.TargetCell), "]"), _xlpm.addr, CELL("address", _xlpm.TargetCell), "#'" & _xlpm.sh & "'!" & _xlpm.addr))
Name Common_InputFunctions.Utility_SourceHyperlinkDifferentSheet: _xlfn.LAMBDA(_xlpm.TargetCell, _xlfn.LET(_xlpm.sh, _xlfn.TEXTAFTER(CELL("filename", _xlpm.TargetCell), "]"), _xlpm.addr, CELL("address", _xlpm.TargetCell), "#" & _xlpm.addr))
Name Common_SourceData.Common_SourceData_AustralianStatesTerritories_Source: _xlfn.LAMBDA("")
Name Common_SourceData.Common_SourceData_AustralianStatesTerritories_Title: _xlfn.LAMBDA("Australian states and territories")
Name Common_SourceData.Common_SourceData_AustralianStatesTerritories_Unit: _xlfn.LAMBDA("")
Name Common_SourceData.Common_SourceData_AustralianStatesTerritories_Variable: _xlfn.LAMBDA("")
Name Common_SourceData.Common_SourceData_ClimateZones_Source: _xlfn.LAMBDA("VEERG 2026: Table 1.3: Climate and Rainfall zone classifications and definitions")
Name Common_SourceData.Common_SourceData_ClimateZones_Title: _xlfn.LAMBDA("VEERG Australian climate zones")
Name Common_SourceData.Common_SourceData_ClimateZones_Unit: _xlfn.LAMBDA("")
Name Common_SourceData.Common_SourceData_ClimateZones_Variable: _xlfn.LAMBDA("")
Name Common_SourceData.Common_SourceData_ConvertGasElementalToMolecular_Source: _xlfn.LAMBDA("XXXXXXX")
Name Common_SourceData.Common_SourceData_ConvertGasElementalToMolecular_Title: _xlfn.LAMBDA("Factor to convert elemental mass of gas to molecular mass")
Name Common_SourceData.Common_SourceData_ConvertGasElementalToMolecular_Unit: _xlfn.LAMBDA("factor")
Name Common_SourceData.Common_SourceData_ConvertGasElementalToMolecular_Variable: _xlfn.LAMBDA("Cg")
Name Common_SourceData.Common_SourceData_ConvertN2oElementalToMolecularCg_Data: _xlfn.LAMBDA(44 / 28)
Name Common_SourceData.Common_SourceData_ConvertN2oElementalToMolecularCg_Source: _xlfn.LAMBDA("National Inventory Report 2023 Volume 1")
Name Common_SourceData.Common_SourceData_ConvertN2oElementalToMolecularCg_Title: _xlfn.LAMBDA("Factor to convert elemental mass of N2O to molecular mass")
Name Common_SourceData.Common_SourceData_ConvertN2oElementalToMolecularCg_Unit: _xlfn.LAMBDA("factor")
Name Common_SourceData.Common_SourceData_ConvertN2oElementalToMolecularCg_Variable: _xlfn.LAMBDA("CgN2O")
Name Common_SourceData.Common_SourceData_DataScores_Scope3_Source: _xlfn.LAMBDA("VEERG 2026: XXXXXXXX")
Name Common_SourceData.Common_SourceData_DataScores_Scope3_Title: _xlfn.LAMBDA("Australian data scores for scope 3")
Name Common_SourceData.Common_SourceData_DataScores_Scope3_Unit: _xlfn.LAMBDA("")
Name Common_SourceData.Common_SourceData_DataScores_Scope3_Variable: _xlfn.LAMBDA("")
Name Common_SourceData.Common_SourceData_DataScores_Scope3_Variation: _xlfn.LAMBDA("")
Name Common_SourceData.Common_SourceData_DensityOfMethane_Data: _xlfn.LAMBDA(0.6784)
Name Common_SourceData.Common_SourceData_DensityOfMethane_Source: _xlfn.LAMBDA("National Inventory Report 2023 Volume 1: Equations 3.B.1a_2, 3.B.1c_2, 3.B.3_1, 3.B.4g_2")
Name Common_SourceData.Common_SourceData_DensityOfMethane_Title: _xlfn.LAMBDA("p = density of methane")
Name Common_SourceData.Common_SourceData_DensityOfMethane_Unit: _xlfn.LAMBDA("kg/m3")
Name Common_SourceData.Common_SourceData_EFleach_Data: _xlfn.LAMBDA(_xlfn.MAKEARRAY(1, 2, _xlfn.LAMBDA(_xlpm.r,_xlpm.c, INDEX({"EFleach",0.011}, _xlpm.r, _xlpm.c))))
Name Common_SourceData.Common_SourceData_EFleach_NIRReference: _xlfn.LAMBDA("National Inventory Report Volume 1: Equation 3.D.B_10")
Name Common_SourceData.Common_SourceData_EFleach_Source: _xlfn.LAMBDA("VEERG 2026:5.5.2.3 Constant Parameters")
Name Common_SourceData.Common_SourceData_EFleach_Title: _xlfn.LAMBDA("Emission factor for nitrogen leaching and runoff")
Name Common_SourceData.Common_SourceData_EFleach_Unit: _xlfn.LAMBDA("(kg N2O-N / kg N")
Name Common_SourceData.Common_SourceData_EFleach_Variation: _xlfn.LAMBDA((""))
Name Common_SourceData.Common_SourceData_EFN2O_NIRReference: _xlfn.LAMBDA("")
Name Common_SourceData.Common_SourceData_EFN2O_Source: _xlfn.LAMBDA("VEERG 2026: Table A.2.2.1")
Name Common_SourceData.Common_SourceData_EFN2O_Title: _xlfn.LAMBDA("Nitrous oxide emission factors for inorganic fertiliser application")
Name Common_SourceData.Common_SourceData_EFN2O_Unit: _xlfn.LAMBDA("(kg N2O-N / kg N")
Name Common_SourceData.Common_SourceData_EFOrganicFertiliserAndCropResidues_Data: _xlfn.LAMBDA(_xlfn.MAKEARRAY(3, 2, _xlfn.LAMBDA(_xlpm.r,_xlpm.c, INDEX({"Climate zone","EFNi & EFN2O";"Wet climate zone",0.006;"Dry climate zone",0.005}, _xlpm.r, _xlpm.c))))

Sheet Home
A1: Home

Sheet Results
A1: #VALUE! | C1: 4.2 Manure management: Pasture Beef: Results
A3: =HYPERLINK("#'Home'!A1", "Home") -> Home
A4: =HYPERLINK("#'Results'!A1", "Results") -> Results | D4: Emissions breakdown
A6: INPUTS | D6: Scope 1 source | E6: GHG emissions method 1 | F6: GHG emissions method 2 | G6: GHG Unit | H6: CO2-e emissions method 1 | I6: CO2-e emissions method 2 | J6: CO2-e unit
A7: =HYPERLINK("#'Input - Site'!A1", "Site") -> Site | D7: 4.2.1.1-2 Manure methane | E7: ='4.2.1.1-2 Methane'!$E$244 -> 0.88628531 | F7: ='4.2.1.1-2 Methane'!X276 -> 0.89029635 | G7: t CH4 | H7: ='4.2.1.1-2 Methane'!$E$249 -> 24.815989 | I7: ='4.2.1.1-2 Methane'!$X$281 -> 24.928298 | J7: t CO2e
A8: =HYPERLINK("#'Input - Pasture Beef'!A1", "Pasture Beef") -> Pasture Beef | D8: 4.2.1.3-4 Soil direct N2O | E8: ='4.2.1.3-4 Soil direct N20'!$E$229 -> 0.19011253 | F8: ='4.2.1.3-4 Soil direct N20'!$V$267 -> 0.18424526 | G8: t N2O | H8: ='4.2.1.3-4 Soil direct N20'!$E$234 -> 50.37982 | I8: ='4.2.1.3-4 Soil direct N20'!$V$272 -> 48.824993 | J8: t CO2e
D9: 4.2.1.5-6 Soil atmospheric deposition | E9: ='4.2.1.5-6 Soil Atmos Dep'!$E$35 -> 0.035931268 | F9: ='4.2.1.5-6 Soil Atmos Dep'!$O$35 -> 0.034822353 | G9: ='4.2.1.5-6 Soil Atmos Dep'!$F$35 -> t N2O | H9: ='4.2.1.5-6 Soil Atmos Dep'!$E$40 -> 9.5217859 | I9: ='4.2.1.5-6 Soil Atmos Dep'!$O$40 -> 9.2279236 | J9: t CO2e
A10: CALCULATIONS | D10: 4.2.1.7-8 Soil leaching and runoff | E10: ='4.2.1.7-8 Soil leach runoff'!$E$36 -> 0 | F10: ='4.2.1.7-8 Soil leach runoff'!$N$36 -> 0 | G10: ='4.2.1.7-8 Soil leach runoff'!$F$36 -> t N2O | H10: ='4.2.1.7-8 Soil leach runoff'!$E$41 -> 0 | I10: ='4.2.1.7-8 Soil leach runoff'!$N$41 -> 0 | J10: t CO2e
A11: =HYPERLINK("#'4.2.1.1-2 Methane'!A1", "4.2.1.1-2 Methane") -> 4.2.1.1-2 Methane | D11: Total | H11: =SUM(H7:H10) -> 84.717594 | I11: =SUM(I7:I10) -> 82.981214 | J11: t CO2e
A12: =HYPERLINK("#'4.2.1.3-4 Soil direct N2O'!A1", "4.2.1.3-4 Soil direct N2O") -> 4.2.1.3-4 Soil direct N2O
A13: =HYPERLINK("#'4.2.1.5-6 Soil Atmos Dep'!A1", "4.2.1.5-6 Soil atm. deposition") -> 4.2.1.5-6 Soil atm. deposition
A14: =HYPERLINK("#'4.2.1.7-8 Soil leach runoff'!A1", "4.2.1.7-8 Soil leach & runoff") -> 4.2.1.7-8 Soil leach & runoff
A16: APPENDICES
A17: =HYPERLINK("#'Constants - Pasture Beef'!A1", "Constants - Pasture Beef") -> Constants - Pasture Beef
A18: =HYPERLINK("#'Constants - Livestock'!A1", "Constants - Livestock") -> Constants - Livestock
A19: =HYPERLINK("#'Constants - Common'!A1", "Constants - Common") -> Constants - Common
A20: =HYPERLINK("#'Acknowledgements'!A1", "Acknowledgements") -> Acknowledgements

Sheet Input - Site
A1: #VALUE! | C1: Input - Site
A3: =HYPERLINK("#'Home'!A1", "Home") -> Home
A4: =HYPERLINK("#'Results'!A1", "Results") -> Results
D5: Your business
A6: INPUTS
A7: =HYPERLINK("#'Input - Site'!A1", "Site") -> Site | D7: Farm name | E7: My test farm
A8: =HYPERLINK("#'Input - Pasture Beef'!A1", "Pasture Beef") -> Pasture Beef | D8: Reporting entity name | E8: My test Farms Pty Ltd
A10: CALCULATIONS | D10: 💡An 'Emissions accounting period' is a 12 month period where the business can report on the emissions, and is typically the same as the business' financial accounting period.
A11: =HYPERLINK("#'4.2.1.1-2 Methane'!A1", "4.2.1.1-2 Methane") -> 4.2.1.1-2 Methane
A12: =HYPERLINK("#'4.2.1.3-4 Soil direct N2O'!A1", "4.2.1.3-4 Soil direct N2O") -> 4.2.1.3-4 Soil direct N2O | D12: Emissions calculation period start date | E12: 45658 | F12: ← DD/MM/YYYY or DD Month YYYY
A13: =HYPERLINK("#'4.2.1.5-6 Soil Atmos Dep'!A1", "4.2.1.5-6 Soil atm. deposition") -> 4.2.1.5-6 Soil atm. deposition | D13: Emissions calculation period end date | E13: =DATE(YEAR(E12)+1,MONTH(E12),DAY(E12))-1 -> 46022 | F13: ← Automatically calculated, 12 months after start date
A14: =HYPERLINK("#'4.2.1.7-8 Soil leach runoff'!A1", "4.2.1.7-8 Soil leach & runoff") -> 4.2.1.7-8 Soil leach & runoff
A16: APPENDICES | D16: Location and climate
A17: =HYPERLINK("#'Constants - Pasture Beef'!A1", "Constants - Pasture Beef") -> Constants - Pasture Beef
A18: =HYPERLINK("#'Constants - Livestock'!A1", "Constants - Livestock") -> Constants - Livestock | D18: Location information is used to reference some region and climate-specific emission factors
A19: =HYPERLINK("#'Constants - Common'!A1", "Constants - Common") -> Constants - Common | D19: Tip: Use the web-based GAF Location Helper tool to easily get region and climate information. You will need an internet connection to use the GAF Location Helper.
A20: =HYPERLINK("#'Acknowledgements'!A1", "Acknowledgements") -> Acknowledgements
D21: State | E21: Western Australia | F21: ← Please select
D22: Region (ABS Statistical area level 4) if state is WA | E22: Western Australia - Outback (South) | F22: ← Please select
D23: Leaching zone | E23: NO - Not in leaching zone | F23: ← Please select
D24: Elevation | E24: 307.7 | F24: Meters
D25: Average temperature for reporting period | E25: 18 | F25: Degrees celsius
D26: Total rainfall for reporting period | E26: 601 | F26: Millimetres
D27: Potential evapotranspiration for reporting period | E27: 1326 | F27: Millimetres
D28: Number of frost days for reporting period | E28: 7 | F28: Days
D29: MAP:PET ratio | E29: =E26/E27 -> 0.45324284
D30: Rainfall zone | E30: =Common_InputFunctions.Utility_LookupItemFromMinMax(E26,Table_SourceData_RainfallZones[Min rainfall],Table_SourceData_RainfallZones[Max rainfall],Table_SourceData_RainfallZones[Rainfall Zone]) -> High rainfall
D31: Climate zone | E31: =Common_InputFunctions.Utility_GetClimateZone(E25,E26,E28,E24,E29,Table_SourceData_ClimateZones[Min temp],Table_SourceData_ClimateZones[Max temp],Table_SourceData_ClimateZones[Min rainfall],Table_SourceData_ClimateZones[Max rainfall],Table_SourceData_ClimateZones[Min frost days],Table_SourceData_ClimateZones[Max frost days],Table_SourceData_ClimateZones[Min elevation],Table_SourceData_ClimateZones[Max elevation],Table_SourceData_ClimateZones[Min MAP:PET],Table_SourceData_ClimateZones[Max MAP:PET],Table_SourceData_ClimateZones[Climate zone]) -> Warm temperate dry
D32: Wet or dry climate zone | E32: =Common_InputFunctions.Utility_LookupValueInTable($E$31,Table_SourceData_WetDryZones[Climate zone],Table_SourceData_WetDryZones[Wet or Dry Zone]) -> Dry climate zone
D33: Temperature zone | E33: =Common_InputFunctions.Utility_LookupItemFromMinMax(E25,Table_SourceData_TemperatureZones[Min MAT],Table_SourceData_TemperatureZones[Max MAT],Table_SourceData_TemperatureZones[Temperature Zone]) -> Temperate

Sheet Input - Pasture Beef
A1: #VALUE! | C1: Input -Pasture Beef
A3: =HYPERLINK("#'Home'!A1", "Home") -> Home
A4: =HYPERLINK("#'Results'!A1", "Results") -> Results
D5: Herd movement
A6: INPUTS
A7: =HYPERLINK("#'Input - Site'!A1", "Site") -> Site | D7: State | E7: ='Input - Site'!$E$21 -> Western Australia
A8: =HYPERLINK("#'Input - Pasture Beef'!A1", "Pasture Beef") -> Pasture Beef | D8: Livestock production region | E8: South West | F8: ← Please select
D9: Cattle breed | E9: Hereford or Shorthorn breeds | F9: ← Please select
A10: CALCULATIONS
A11: =HYPERLINK("#'4.2.1.1-2 Methane'!A1", "4.2.1.1-2 Methane") -> 4.2.1.1-2 Methane
A12: =HYPERLINK("#'4.2.1.3-4 Soil direct N2O'!A1", "4.2.1.3-4 Soil direct N2O") -> 4.2.1.3-4 Soil direct N2O | D12: NOTE: VEERG states that under method 2, time periods may be seasons, months or a custom time period. In this example, method 2 time periods are months.
A13: =HYPERLINK("#'4.2.1.5-6 Soil Atmos Dep'!A1", "4.2.1.5-6 Soil atm. deposition") -> 4.2.1.5-6 Soil atm. deposition
A14: =HYPERLINK("#'4.2.1.7-8 Soil leach runoff'!A1", "4.2.1.7-8 Soil leach & runoff") -> 4.2.1.7-8 Soil leach & runoff | D14: Duration on farm
D15: Method 1 default values (do not edit) | E15: Bulls < 1 year | F15: Bulls > 1 year | G15: Cows < 1 year | H15: Cows 1-2 years | I15: Cows 2-3 years | J15: Cows > 3 years | K15: Steers < 1 year | L15: Steers 1-2 years | M15: Steers 2-3 years | N15: Steers >3 years
A16: APPENDICES | D16: Spring | E16: 91.25 | F16: 91.25 | G16: 91.25 | H16: 91.25 | I16: 91.25 | J16: 91.25 | K16: 91.25 | L16: 91.25 | M16: 91.25 | N16: 91.25 | O16: Days
A17: =HYPERLINK("#'Constants - Pasture Beef'!A1", "Constants - Pasture Beef") -> Constants - Pasture Beef | D17: Summer | E17: 91.25 | F17: 91.25 | G17: 91.25 | H17: 91.25 | I17: 91.25 | J17: 91.25 | K17: 91.25 | L17: 91.25 | M17: 91.25 | N17: 91.25 | O17: Days
A18: =HYPERLINK("#'Constants - Livestock'!A1", "Constants - Livestock") -> Constants - Livestock | D18: Autumn | E18: 91.25 | F18: 91.25 | G18: 91.25 | H18: 91.25 | I18: 91.25 | J18: 91.25 | K18: 91.25 | L18: 91.25 | M18: 91.25 | N18: 91.25 | O18: Days
A19: =HYPERLINK("#'Constants - Common'!A1", "Constants - Common") -> Constants - Common | D19: Winter | E19: 91.25 | F19: 91.25 | G19: 91.25 | H19: 91.25 | I19: 91.25 | J19: 91.25 | K19: 91.25 | L19: 91.25 | M19: 91.25 | N19: 91.25 | O19: Days
A20: =HYPERLINK("#'Acknowledgements'!A1", "Acknowledgements") -> Acknowledgements
D21: Method 2 custom values (edit if known) | E21: Bulls < 1 year | F21: Bulls > 1 year | G21: Cows < 1 year | H21: Cows 1-2 years | I21: Cows 2-3 years | J21: Cows > 3 years | K21: Steers < 1 year | L21: Steers 1-2 years | M21: Steers 2-3 years | N21: Steers >3 years
D22: =TEXT('Input - Site'!$E$12, "mmmm yyyy") -> January 2025 | E22: 31 | F22: 31 | G22: 31 | H22: 31 | I22: 31 | J22: 31 | K22: 31 | L22: 31 | M22: 31 | N22: 31 | O22: Days
D23: =TEXT(EDATE('Input - Site'!$E$12,1), "mmmm yyyy") -> February 2025 | E23: 29 | F23: 29 | G23: 29 | H23: 29 | I23: 29 | J23: 29 | K23: 29 | L23: 29 | M23: 29 | N23: 29 | O23: Days
D24: =TEXT(EDATE('Input - Site'!$E$12,2), "mmmm yyyy") -> March 2025 | E24: 31 | F24: 31 | G24: 31 | H24: 31 | I24: 31 | J24: 31 | K24: 31 | L24: 31 | M24: 31 | N24: 31 | O24: Days
D25: =TEXT(EDATE('Input - Site'!$E$12,3), "mmmm yyyy") -> April 2025 | E25: 30 | F25: 30 | G25: 30 | H25: 30 | I25: 30 | J25: 30 | K25: 30 | L25: 30 | M25: 30 | N25: 30 | O25: Days
D26: =TEXT(EDATE('Input - Site'!$E$12,4), "mmmm yyyy") -> May 2025 | E26: 31 | F26: 31 | G26: 31 | H26: 31 | I26: 31 | J26: 31 | K26: 31 | L26: 31 | M26: 31 | N26: 31 | O26: Days
D27: =TEXT(EDATE('Input - Site'!$E$12,5), "mmmm yyyy") -> June 2025 | E27: 30 | F27: 30 | G27: 30 | H27: 30 | I27: 30 | J27: 30 | K27: 30 | L27: 30 | M27: 30 | N27: 30 | O27: Days
D28: =TEXT(EDATE('Input - Site'!$E$12,6), "mmmm yyyy") -> July 2025 | E28: 31 | F28: 31 | G28: 31 | H28: 31 | I28: 31 | J28: 31 | K28: 31 | L28: 31 | M28: 31 | N28: 31 | O28: Days
D29: =TEXT(EDATE('Input - Site'!$E$12,7), "mmmm yyyy") -> August 2025 | E29: 31 | F29: 31 | G29: 31 | H29: 31 | I29: 31 | J29: 31 | K29: 31 | L29: 31 | M29: 31 | N29: 31 | O29: Days
D30: =TEXT(EDATE('Input - Site'!$E$12,8), "mmmm yyyy") -> September 2025 | E30: 30 | F30: 30 | G30: 30 | H30: 30 | I30: 30 | J30: 30 | K30: 30 | L30: 30 | M30: 30 | N30: 30 | O30: Days
D31: =TEXT(EDATE('Input - Site'!$E$12,9), "mmmm yyyy") -> October 2025 | E31: 31 | F31: 31 | G31: 31 | H31: 31 | I31: 31 | J31: 31 | K31: 31 | L31: 31 | M31: 31 | N31: 31 | O31: Days
D32: =TEXT(EDATE('Input - Site'!$E$12,10), "mmmm yyyy") -> November 2025 | E32: 30 | F32: 30 | G32: 30 | H32: 30 | I32: 30 | J32: 30 | K32: 30 | L32: 30 | M32: 30 | N32: 30 | O32: Days
D33: =TEXT(EDATE('Input - Site'!$E$12,11), "mmmm yyyy") -> December 2025 | E33: 31 | F33: 31 | G33: 31 | H33: 31 | I33: 31 | J33: 31 | K33: 31 | L33: 31 | M33: 31 | N33: 31 | O33: Days
D36: Head
D37: Method 1 values | E37: Bulls < 1 year | F37: Bulls > 1 year | G37: Cows < 1 year | H37: Cows 1-2 years | I37: Cows 2-3 years | J37: Cows > 3 years | K37: Steers < 1 year | L37: Steers 1-2 years | M37: Steers 2-3 years | N37: Steers >3 years
D38: Spring | E38: 100 | F38: 100 | G38: 100 | H38: 100 | I38: 100 | J38: 100 | K38: 100 | L38: 100 | M38: 100 | N38: 100 | O38: Head
D39: Summer | E39: 100 | F39: 100 | G39: 100 | H39: 100 | I39: 100 | J39: 100 | K39: 100 | L39: 100 | M39: 100 | N39: 100 | O39: Head
D40: Autumn | E40: 100 | F40: 100 | G40: 100 | H40: 100 | I40: 100 | J40: 100 | K40: 100 | L40: 100 | M40: 100 | N40: 100 | O40: Head
D41: Winter | E41: 100 | F41: 100 | G41: 100 | H41: 100 | I41: 100 | J41: 100 | K41: 100 | L41: 100 | M41: 100 | N41: 100 | O41: Head
D43: Method 2 values | E43: Bulls < 1 year | F43: Bulls > 1 year | G43: Cows < 1 year | H43: Cows 1-2 years | I43: Cows 2-3 years | J43: Cows > 3 years | K43: Steers < 1 year | L43: Steers 1-2 years | M43: Steers 2-3 years | N43: Steers >3 years
D44: =TEXT('Input - Site'!$E$12, "mmmm yyyy") -> January 2025 | E44: 100 | F44: 100 | G44: 100 | H44: 100 | I44: 100 | J44: 100 | K44: 100 | L44: 100 | M44: 100 | N44: 100 | O44: Head
D45: =TEXT(EDATE('Input - Site'!$E$12,1), "mmmm yyyy") -> February 2025 | E45: 100 | F45: 100 | G45: 100 | H45: 100 | I45: 100 | J45: 100 | K45: 100 | L45: 100 | M45: 100 | N45: 100 | O45: Head
D46: =TEXT(EDATE('Input - Site'!$E$12,2), "mmmm yyyy") -> March 2025 | E46: 100 | F46: 100 | G46: 100 | H46: 100 | I46: 100 | J46: 100 | K46: 100 | L46: 100 | M46: 100 | N46: 100 | O46: Head
D47: =TEXT(EDATE('Input - Site'!$E$12,3), "mmmm yyyy") -> April 2025 | E47: 100 | F47: 100 | G47: 100 | H47: 100 | I47: 100 | J47: 100 | K47: 100 | L47: 100 | M47: 100 | N47: 100 | O47: Head
D48: =TEXT(EDATE('Input - Site'!$E$12,4), "mmmm yyyy") -> May 2025 | E48: 100 | F48: 100 | G48: 100 | H48: 100 | I48: 100 | J48: 100 | K48: 100 | L48: 100 | M48: 100 | N48: 100 | O48: Head
D49: =TEXT(EDATE('Input - Site'!$E$12,5), "mmmm yyyy") -> June 2025 | E49: 100 | F49: 100 | G49: 100 | H49: 100 | I49: 100 | J49: 100 | K49: 100 | L49: 100 | M49: 100 | N49: 100 | O49: Head
D50: =TEXT(EDATE('Input - Site'!$E$12,6), "mmmm yyyy") -> July 2025 | E50: 100 | F50: 100 | G50: 100 | H50: 100 | I50: 100 | J50: 100 | K50: 100 | L50: 100 | M50: 100 | N50: 100 | O50: Head
D51: =TEXT(EDATE('Input - Site'!$E$12,7), "mmmm yyyy") -> August 2025 | E51: 100 | F51: 100 | G51: 100 | H51: 100 | I51: 100 | J51: 100 | K51: 100 | L51: 100 | M51: 100 | N51: 100 | O51: Head
D52: =TEXT(EDATE('Input - Site'!$E$12,8), "mmmm yyyy") -> September 2025 | E52: 100 | F52: 100 | G52: 100 | H52: 100 | I52: 100 | J52: 100 | K52: 100 | L52: 100 | M52: 100 | N52: 100 | O52: Head
D53: =TEXT(EDATE('Input - Site'!$E$12,9), "mmmm yyyy") -> October 2025 | E53: 100 | F53: 100 | G53: 100 | H53: 100 | I53: 100 | J53: 100 | K53: 100 | L53: 100 | M53: 100 | N53: 100 | O53: Head
D54: =TEXT(EDATE('Input - Site'!$E$12,10), "mmmm yyyy") -> November 2025 | E54: 100 | F54: 100 | G54: 100 | H54: 100 | I54: 100 | J54: 100 | K54: 100 | L54: 100 | M54: 100 | N54: 100 | O54: Head
D55: =TEXT(EDATE('Input - Site'!$E$12,11), "mmmm yyyy") -> December 2025 | E55: 100 | F55: 100 | G55: 100 | H55: 100 | I55: 100 | J55: 100 | K55: 100 | L55: 100 | M55: 100 | N55: 100 | O55: Head
D58: Liveweight
D59: Method 1 default values (do not edit) | E59: Bulls < 1 year | F59: Bulls > 1 year | G59: Cows < 1 year | H59: Cows 1-2 years | I59: Cows 2-3 years | J59: Cows > 3 years | K59: Steers < 1 year | L59: Steers 1-2 years | M59: Steers 2-3 years | N59: Steers >3 years
D60: Spring | E60: 340 | F60: 800 | G60: 260 | H60: 420 | I60: 550 | J60: 550 | K60: 300 | L60: 480 | M60: 480 | N60: 480 | O60: kg/head
D61: Summer | E61: 380 | F61: 780 | G61: 300 | H61: 450 | I61: 530 | J61: 530 | K61: 340 | L61: 470 | M61: 470 | N61: 470 | O61: kg/head
D62: Autumn | E62: 100 | F62: 680 | G62: 80 | H62: 320 | I62: 480 | J62: 480 | K62: 100 | L62: 340 | M62: 340 | N62: 340 | O62: kg/head
D63: Winter | E63: 190 | F63: 700 | G63: 150 | H63: 330 | I63: 490 | J63: 490 | K63: 170 | L63: 360 | M63: 360 | N63: 360 | O63: kg/head
D65: Method 2 custom values (edit if known) | E65: Bulls < 1 year | F65: Bulls > 1 year | G65: Cows < 1 year | H65: Cows 1-2 years | I65: Cows 2-3 years | J65: Cows > 3 years | K65: Steers < 1 year | L65: Steers 1-2 years | M65: Steers 2-3 years | N65: Steers >3 years
D66: =TEXT('Input - Site'!$E$12, "mmmm yyyy") -> January 2025 | E66: 380 | F66: 780 | G66: 300 | H66: 450 | I66: 530 | J66: 530 | K66: 340 | L66: 470 | M66: 470 | N66: 470 | O66: kg/head
D67: =TEXT(EDATE('Input - Site'!$E$12,1), "mmmm yyyy") -> February 2025 | E67: 380 | F67: 780 | G67: 300 | H67: 450 | I67: 530 | J67: 530 | K67: 340 | L67: 470 | M67: 470 | N67: 470 | O67: kg/head
D68: =TEXT(EDATE('Input - Site'!$E$12,2), "mmmm yyyy") -> March 2025 | E68: 100 | F68: 680 | G68: 80 | H68: 320 | I68: 480 | J68: 480 | K68: 100 | L68: 340 | M68: 340 | N68: 340 | O68: kg/head
D69: =TEXT(EDATE('Input - Site'!$E$12,3), "mmmm yyyy") -> April 2025 | E69: 100 | F69: 680 | G69: 80 | H69: 320 | I69: 480 | J69: 480 | K69: 100 | L69: 340 | M69: 340 | N69: 340 | O69: kg/head
D70: =TEXT(EDATE('Input - Site'!$E$12,4), "mmmm yyyy") -> May 2025 | E70: 100 | F70: 680 | G70: 80 | H70: 320 | I70: 480 | J70: 480 | K70: 100 | L70: 340 | M70: 340 | N70: 340 | O70: kg/head
D71: =TEXT(EDATE('Input - Site'!$E$12,5), "mmmm yyyy") -> June 2025 | E71: 190 | F71: 700 | G71: 150 | H71: 330 | I71: 490 | J71: 490 | K71: 170 | L71: 360 | M71: 360 | N71: 360 | O71: kg/head
D72: =TEXT(EDATE('Input - Site'!$E$12,6), "mmmm yyyy") -> July 2025 | E72: 190 | F72: 700 | G72: 150 | H72: 330 | I72: 490 | J72: 490 | K72: 170 | L72: 360 | M72: 360 | N72: 360 | O72: kg/head
D73: =TEXT(EDATE('Input - Site'!$E$12,7), "mmmm yyyy") -> August 2025 | E73: 190 | F73: 700 | G73: 150 | H73: 330 | I73: 490 | J73: 490 | K73: 170 | L73: 360 | M73: 360 | N73: 360 | O73: kg/head
D74: =TEXT(EDATE('Input - Site'!$E$12,8), "mmmm yyyy") -> September 2025 | E74: 340 | F74: 800 | G74: 260 | H74: 420 | I74: 550 | J74: 550 | K74: 300 | L74: 480 | M74: 480 | N74: 480 | O74: kg/head
D75: =TEXT(EDATE('Input - Site'!$E$12,9), "mmmm yyyy") -> October 2025 | E75: 340 | F75: 800 | G75: 260 | H75: 420 | I75: 550 | J75: 550 | K75: 300 | L75: 480 | M75: 480 | N75: 480 | O75: kg/head
D76: =TEXT(EDATE('Input - Site'!$E$12,10), "mmmm yyyy") -> November 2025 | E76: 340 | F76: 800 | G76: 260 | H76: 420 | I76: 550 | J76: 550 | K76: 300 | L76: 480 | M76: 480 | N76: 480 | O76: kg/head
D77: =TEXT(EDATE('Input - Site'!$E$12,11), "mmmm yyyy") -> December 2025 | E77: 380 | F77: 780 | G77: 300 | H77: 450 | I77: 530 | J77: 530 | K77: 340 | L77: 470 | M77: 470 | N77: 470 | O77: kg/head
D80: Liveweight gain
D81: Method 1 default values (do not edit) | E81: Bulls < 1 year | F81: Bulls > 1 year | G81: Cows < 1 year | H81: Cows 1-2 years | I81: Cows 2-3 years | J81: Cows > 3 years | K81: Steers < 1 year | L81: Steers 1-2 years | M81: Steers 2-3 years | N81: Steers >3 years
D82: Spring | E82: 1.64 | F82: 1.1 | G82: 1.21 | H82: 0.99 | I82: 0.66 | J82: 0.66 | K82: 1.42 | L82: 1.1 | M82: 1.1 | N82: 1.1 | O82: kg/head/day
D83: Summer | E83: 0.44 | F83: -0.22 | G83: 0.44 | H83: 0.33 | I83: -0.22 | J83: -0.22 | K83: 0.44 | L83: -0.11 | M83: -0.11 | N83: -0.11 | O83: kg/head/day
D84: Autumn | E84: 0.6 | F84: 0 | G84: 0.6 | H84: 0.22 | I84: -0.55 | J84: -0.55 | K84: 0.6 | L84: 0 | M84: 0 | N84: 0 | O84: kg/head/day
D85: Winter | E85: 0.99 | F85: 0.22 | G85: 0.77 | H85: 0.11 | I85: 0.11 | J85: 0.11 | K85: 0.77 | L85: 0.44 | M85: 0.44 | N85: 0.44 | O85: kg/head/day
D87: Method 2 custom values (edit if known) | E87: Bulls < 1 year | F87: Bulls > 1 year | G87: Cows < 1 year | H87: Cows 1-2 years | I87: Cows 2-3 years | J87: Cows > 3 years | K87: Steers < 1 year | L87: Steers 1-2 years | M87: Steers 2-3 years | N87: Steers >3 years
D88: =TEXT('Input - Site'!$E$12, "mmmm yyyy") -> January 2025 | E88: 0.44 | F88: -0.22 | G88: 0.44 | H88: 0.33 | I88: -0.22 | J88: -0.22 | K88: 0.44 | L88: -0.11 | M88: -0.11 | N88: -0.11 | O88: kg/head/day
D89: =TEXT(EDATE('Input - Site'!$E$12,1), "mmmm yyyy") -> February 2025 | E89: 0.44 | F89: -0.22 | G89: 0.44 | H89: 0.33 | I89: -0.22 | J89: -0.22 | K89: 0.44 | L89: -0.11 | M89: -0.11 | N89: -0.11 | O89: kg/head/day
D90: =TEXT(EDATE('Input - Site'!$E$12,2), "mmmm yyyy") -> March 2025 | E90: 0.6 | F90: 0 | G90: 0.6 | H90: 0.22 | I90: -0.55 | J90: -0.55 | K90: 0.6 | L90: 0 | M90: 0 | N90: 0 | O90: kg/head/day
D91: =TEXT(EDATE('Input - Site'!$E$12,3), "mmmm yyyy") -> April 2025 | E91: 0.6 | F91: 0 | G91: 0.6 | H91: 0.22 | I91: -0.55 | J91: -0.55 | K91: 0.6 | L91: 0 | M91: 0 | N91: 0 | O91: kg/head/day
D92: =TEXT(EDATE('Input - Site'!$E$12,4), "mmmm yyyy") -> May 2025 | E92: 0.6 | F92: 0 | G92: 0.6 | H92: 0.22 | I92: -0.55 | J92: -0.55 | K92: 0.6 | L92: 0 | M92: 0 | N92: 0 | O92: kg/head/day
D93: =TEXT(EDATE('Input - Site'!$E$12,5), "mmmm yyyy") -> June 2025 | E93: 0.99 | F93: 0.22 | G93: 0.77 | H93: 0.11 | I93: 0.11 | J93: 0.11 | K93: 0.77 | L93: 0.44 | M93: 0.44 | N93: 0.44 | O93: kg/head/day
D94: =TEXT(EDATE('Input - Site'!$E$12,6), "mmmm yyyy") -> July 2025 | E94: 0.99 | F94: 0.22 | G94: 0.77 | H94: 0.11 | I94: 0.11 | J94: 0.11 | K94: 0.77 | L94: 0.44 | M94: 0.44 | N94: 0.44 | O94: kg/head/day
D95: =TEXT(EDATE('Input - Site'!$E$12,7), "mmmm yyyy") -> August 2025 | E95: 0.99 | F95: 0.22 | G95: 0.77 | H95: 0.11 | I95: 0.11 | J95: 0.11 | K95: 0.77 | L95: 0.44 | M95: 0.44 | N95: 0.44 | O95: kg/head/day
D96: =TEXT(EDATE('Input - Site'!$E$12,8), "mmmm yyyy") -> September 2025 | E96: 1.64 | F96: 1.1 | G96: 1.21 | H96: 0.99 | I96: 0.66 | J96: 0.66 | K96: 1.42 | L96: 1.1 | M96: 1.1 | N96: 1.1 | O96: kg/head/day
D97: =TEXT(EDATE('Input - Site'!$E$12,9), "mmmm yyyy") -> October 2025 | E97: 1.64 | F97: 1.1 | G97: 1.21 | H97: 0.99 | I97: 0.66 | J97: 0.66 | K97: 1.42 | L97: 1.1 | M97: 1.1 | N97: 1.1 | O97: kg/head/day
D98: =TEXT(EDATE('Input - Site'!$E$12,10), "mmmm yyyy") -> November 2025 | E98: 1.64 | F98: 1.1 | G98: 1.21 | H98: 0.99 | I98: 0.66 | J98: 0.66 | K98: 1.42 | L98: 1.1 | M98: 1.1 | N98: 1.1 | O98: kg/head/day
D99: =TEXT(EDATE('Input - Site'!$E$12,11), "mmmm yyyy") -> December 2025 | E99: 0.44 | F99: -0.22 | G99: 0.44 | H99: 0.33 | I99: -0.22 | J99: -0.22 | K99: 0.44 | L99: -0.11 | M99: -0.11 | N99: -0.11 | O99: kg/head/day
D102: Proportion of cows > 1 years in calf in the season of calving
D103: Method 1 values
D104: Calving season | E104: Winter | F104: ← Please select
K107: Calves born
E109: Calving season (select) | F109: Cows 1-2 years | G109: Cows 2-3 years | H109: Cows > 3 years | L109: Cows < 1 year | M109: Steers < 1 year
D110: ="Proportion of cows > 1 years in calf in " & E104 -> Proportion of cows > 1 years in calf in Winter | E110: Yes | F110: 0.7 | G110: 0.5 | H110: 0.5 | I110: Percent | L110: =MAX(0, G41-G40) -> 0 | M110: =MAX(0,K41-K40) -> 0
D111: Spring | E111: Yes | F111: 0.1 | G111: 0.4 | H111: 0.4 | I111: Percent | L111: =MAX(0, G38-G41) -> 0 | M111: =MAX(0,K38-K41) -> 0
D112: Summer | E112: Yes | F112: 0.1 | G112: 0 | H112: 0 | I112: Percent | L112: =MAX(0, G39-G38) -> 0 | M112: =MAX(0,K39-K38) -> 0
D113: Autumn | E113: No | F113: 0 | G113: 0 | H113: 0 | I113: Percent | L113: =MAX(0,G40-G39) -> 0 | M113: =MAX(0,K40-K39) -> 0
J114: Proportion born this season
D117: Method 2 values | L117: MC = (PBcalv*6) + (PBprev*4) + (PBearlier*0)
...

Sheet 4.2.1.1-2 Methane
A1: #VALUE! | C1: 4.2.1.1-2 Manure Methane
A3: =HYPERLINK("#'Home'!A1", "Home") -> Home | D3: Method 1 | W3: Method 2
A4: =HYPERLINK("#'Results'!A1", "Results") -> Results
D5: {=EntericMethane_PastureBeef_Equations.VEERG_3_2_1_1__4_AdditionalIntakeForMilkProduction_Title()} -> Additional intake for milk production in the season of calving and the season after calving
A6: INPUTS | D6: {=EntericMethane_PastureBeef_Equations.VEERG_3_2_1_1__4_AdditionalIntakeForMilkProduction_Source()} -> VEERG 2026: 3.2.1.1, Equation (4)
A7: =HYPERLINK("#'Input - Site'!A1", "Site") -> Site | D7: Function name | E7: EntericMethane_PastureBeef_Equations.VEERG_3_2_1_1__4_AdditionalIntakeForMilkProduction
A8: =HYPERLINK("#'Input - Pasture Beef'!A1", "Pasture Beef") -> Pasture Beef
A10: CALCULATIONS | D10: Variable | E10: {=EntericMethane_PastureBeef_Equations.VEERG_3_2_1_1__4_AdditionalIntakeForMilkProduction_Variable()} -> MA_jk45
A11: =HYPERLINK("#'4.2.1.1-2 Methane'!A1", "4.2.1.1-2 Methane") -> 4.2.1.1-2 Methane | D11: Unit | E11: {=EntericMethane_PastureBeef_Equations.VEERG_3_2_1_1__4_AdditionalIntakeForMilkProduction_Unit()} -> fraction
A12: =HYPERLINK("#'4.2.1.3-4 Soil direct N2O'!A1", "4.2.1.3-4 Soil direct N2O") -> 4.2.1.3-4 Soil direct N2O
A13: =HYPERLINK("#'4.2.1.5-6 Soil Atmos Dep'!A1", "4.2.1.5-6 Soil atm. deposition") -> 4.2.1.5-6 Soil atm. deposition | D13: {=_xlfn.CHOOSECOLS(EntericMethane_PastureBeef_Equations.VEERG_3_2_1_1__4_AdditionalIntakeForMilkProduction_ArgumentsVariation(), 1, 2)} -> LC_jk45 | E13: proportion of cows greater than 1 year in calf in the season of calving expressed as a fraction | H13: {=_xlfn.CHOOSECOLS(EntericMethane_PastureBeef_Equations.VEERG_3_2_1_1__4_AdditionalIntakeForMilkProduction_ArgumentsVariation(), 3,4)} -> fraction | I13: Input | J13: {=HYPERLINK(Common_InputFunctions.Utility_SourceHyperlink($D$19), $D$19)} -> M1_Table_LC_j_k-4-5
A14: =HYPERLINK("#'4.2.1.7-8 Soil leach runoff'!A1", "4.2.1.7-8 Soil leach & runoff") -> 4.2.1.7-8 Soil leach & runoff | D14: FA_jk45calv | E14: feed adjustment value for lactating cows in the season of calving expressed as a fraction | H14: fraction | I14: Constant | J14: {=_xlfn.XLOOKUP(1, (Table_SourceData_PastureBeef_FeedIntakeAdjustment_Variation[Breed]=$J$16)*(Table_SourceData_PastureBeef_FeedIntakeAdjustment_Variation[Season]=+"Calving season"),Table_SourceData_PastureBeef_FeedIntakeAdjustment_Variation[Feed adjustment])} -> 1.3
D15: FA_jk45after | E15: feed adjustment value for lactating cows in the season immediately after calving expressed as a fraction | H15: fraction | I15: Constant | J15: {=_xlfn.XLOOKUP(1, (Table_SourceData_PastureBeef_FeedIntakeAdjustment_Variation[Breed]=$J$16)*(Table_SourceData_PastureBeef_FeedIntakeAdjustment_Variation[Season]=+"Season after calving"),Table_SourceData_PastureBeef_FeedIntakeAdjustment_Variation[Feed adjustment])} -> 1.1
A16: APPENDICES | D16: b | E16: breed of cattle | I16: Input | J16: =X_Cell_PastureBeef_Breed -> Hereford or Shorthorn breeds
A17: =HYPERLINK("#'Constants - Pasture Beef'!A1", "Constants - Pasture Beef") -> Constants - Pasture Beef
A18: =HYPERLINK("#'Constants - Livestock'!A1", "Constants - Livestock") -> Constants - Livestock
A19: =HYPERLINK("#'Constants - Common'!A1", "Constants - Common") -> Constants - Common | D19: M1_Table_LC_j_k-4-5 | W19: M2_Table_LC_j_k-4-5
A20: =HYPERLINK("#'Acknowledgements'!A1", "Acknowledgements") -> Acknowledgements | D20: Proportion of cows in calf during season (Method 1) | W20: Proportion of cows in calf during season (Method 2)
D21: Season | E21: Calving season | F21: Cows 1-2 years | G21: Cows 2-3 years | H21: Cows > 3 years | W21: Month | X21: Cows 1-2 years | Y21: Cows 2-3 years | Z21: Cows > 3 years
D22: Spring | E22: ='Input - Pasture Beef'!$E111 -> Yes | F22: ='Input - Pasture Beef'!$F111 -> 0.1 | G22: ='Input - Pasture Beef'!$G111 -> 0.4 | H22: ='Input - Pasture Beef'!$H111 -> 0.4 | I22: Fraction | W22: =TEXT(EDATE('Input - Pasture Beef'!$D$124,0), "mmmm") & ", " & TEXT(EDATE('Input - Pasture Beef'!$D$125,0), "mmmm") & ", " & TEXT(EDATE('Input - Pasture Beef'!$D$126,0), "mmmm") -> August, September, October | X22: ='Input - Pasture Beef'!$E$127 -> 0.75 | Y22: ='Input - Pasture Beef'!$F$127 -> 0.75 | Z22: ='Input - Pasture Beef'!$G$127 -> 0.75 | AA22: Fraction
D23: Summer | E23: ='Input - Pasture Beef'!$E112 -> Yes | F23: ='Input - Pasture Beef'!$F112 -> 0.1 | G23: ='Input - Pasture Beef'!$G112 -> 0 | H23: ='Input - Pasture Beef'!$H112 -> 0 | W23: =TEXT(EDATE('Input - Pasture Beef'!$D$126,1), "mmmm") & ", " & TEXT(EDATE('Input - Pasture Beef'!$D$126,2), "mmmm") & ", " & TEXT(EDATE('Input - Pasture Beef'!$D$126,3), "mmmm") -> November, December, January
D24: Autumn | E24: ='Input - Pasture Beef'!$E113 -> No | F24: ='Input - Pasture Beef'!$F113 -> 0 | G24: ='Input - Pasture Beef'!$G113 -> 0 | H24: ='Input - Pasture Beef'!$H113 -> 0
D25: Winter | E25: ='Input - Pasture Beef'!$E111 -> Yes | F25: ='Input - Pasture Beef'!$F$110 -> 0.7 | G25: ='Input - Pasture Beef'!$G$110 -> 0.5 | H25: ='Input - Pasture Beef'!$H$110 -> 0.5 | W25: M2_Table_MA_j_k-4-5
W26: Additional intake for milk production in calving and post-calving seasons (Method 2)
D27: M1_Table_MA_j_k-4-5 | W27: Month | X27: Calving season | Y27: FAjk=4,5 | Z27: Bulls < 1 year | AA27: Bulls > 1 year | AB27: Cows < 1 year | AC27: Cows 1-2 years | AD27: Cows 2-3 years | AE27: Cows > 3 years | AF27: Steers < 1 year | AG27: Steers 1-2 years | AH27: Steers 2-3 years | AI27: Steers >3 years
D28: Additional intake for milk production in calving and post-calving seasons (Method 1) | W28: =TEXT('Input - Site'!$E$12,"mmmm") -> January | X28: {=IFERROR(_xlfn.IFS(SUMPRODUCT(ISNUMBER(SEARCH(TRIM(_xlfn.TEXTSPLIT($W$22,",")),W28))*1)>0,"Calving season",SUMPRODUCT(ISNUMBER(SEARCH(TRIM(_xlfn.TEXTSPLIT($W$23,",")),W28))*1)>0,"Season after calving"), "")} -> Season after calving | Y28: {=_xlfn.IFS(X28="Calving season", $J$14, X28="Season after calving", $J$15, X28="", "")} -> 1.1 | Z28: 1 | AA28: 1 | AB28: 1 | AC28: {=IFERROR(EntericMethane_PastureBeef_Equations.VEERG_3_2_1_1__4_AdditionalIntakeForMilkProduction(X$22,$Y28), 1)} -> 1.075 | AD28: {=IFERROR(EntericMethane_PastureBeef_Equations.VEERG_3_2_1_1__4_AdditionalIntakeForMilkProduction(Y$22,$Y28), 1)} -> 1.075 | AE28: {=IFERROR(EntericMethane_PastureBeef_Equations.VEERG_3_2_1_1__4_AdditionalIntakeForMilkProduction(Z$22,$Y28), 1)} -> 1.075 | AF28: 1 | AG28: 1 | AH28: 1 | AI28: 1 | AJ28: =$E$11 -> fraction
D29: Season | E29: Calving season | F29: Season after calving | G29: FAjk=4,5 | H29: FAjk=4,5 | I29: Bulls < 1 year | J29: Bulls > 1 year | K29: Cows < 1 year | L29: Cows 1-2 years | M29: Cows 2-3 years | N29: Cows > 3 years | O29: Steers < 1 year | P29: Steers 1-2 years | Q29: Steers 2-3 years | R29: Steers >3 years | W29: =TEXT(EDATE('Input - Site'!$E$12,1), "mmmm") -> February | X29: {=IFERROR(_xlfn.IFS(SUMPRODUCT(ISNUMBER(SEARCH(TRIM(_xlfn.TEXTSPLIT($W$22,",")),W29))*1)>0,"Calving season",SUMPRODUCT(ISNUMBER(SEARCH(TRIM(_xlfn.TEXTSPLIT($W$23,",")),W29))*1)>0,"Season after calving"), "")} | Y29: {=_xlfn.IFS(X29="Calving season", $J$14, X29="Season after calving", $J$15, X29="", "")} | Z29: 1 | AA29: 1 | AB29: 1 | AC29: {=IFERROR(EntericMethane_PastureBeef_Equations.VEERG_3_2_1_1__4_AdditionalIntakeForMilkProduction(X$22,$Y29), 1)} -> 1 | AD29: {=IFERROR(EntericMethane_PastureBeef_Equations.VEERG_3_2_1_1__4_AdditionalIntakeForMilkProduction(Y$22,$Y29), 1)} -> 1 | AE29: {=IFERROR(EntericMethane_PastureBeef_Equations.VEERG_3_2_1_1__4_AdditionalIntakeForMilkProduction(Z$22,$Y29), 1)} -> 1 | AF29: 1 | AG29: 1 | AH29: 1 | AI29: 1 | AJ29: =$E$11 -> fraction
D30: Spring | E30: =IF('Input - Pasture Beef'!E111="Yes", "Calving season", "") -> Calving season | F30: =IF('Input - Pasture Beef'!E110="Yes", "Season after calving","") -> Season after calving | G30: =IF(E30="Calving season", $J$14, 1) -> 1.3 | H30: =IF(F30="Season after calving", $J$15, 1) -> 1.1 | I30: 1 | J30: 1 | K30: 1 | L30: {=EntericMethane_PastureBeef_Equations.VEERG_3_2_1_1__4_AdditionalIntakeForMilkProductionVariation(F22,F25,$G30,$H30)} -> 1.1 | M30: {=EntericMethane_PastureBeef_Equations.VEERG_3_2_1_1__4_AdditionalIntakeForMilkProductionVariation(G22,G25,$G30,$H30)} -> 1.17 | N30: {=EntericMethane_PastureBeef_Equations.VEERG_3_2_1_1__4_AdditionalIntakeForMilkProductionVariation(H22,H25,$G30,$H30)} -> 1.17 | O30: 1 | P30: 1 | Q30: 1 | R30: 1 | S30: =$E$11 -> fraction | W30: =TEXT(EDATE('Input - Site'!$E$12,2), "mmmm") -> March | X30: {=IFERROR(_xlfn.IFS(SUMPRODUCT(ISNUMBER(SEARCH(TRIM(_xlfn.TEXTSPLIT($W$22,",")),W30))*1)>0,"Calving season",SUMPRODUCT(ISNUMBER(SEARCH(TRIM(_xlfn.TEXTSPLIT($W$23,",")),W30))*1)>0,"Season after calving"), "")} | Y30: {=_xlfn.IFS(X30="Calving season", $J$14, X30="Season after calving", $J$15, X30="", "")} | Z30: 1 | AA30: 1 | AB30: 1 | AC30: {=IFERROR(EntericMethane_PastureBeef_Equations.VEERG_3_2_1_1__4_AdditionalIntakeForMilkProduction(X$22,$Y30), 1)} -> 1 | AD30: {=IFERROR(EntericMethane_PastureBeef_Equations.VEERG_3_2_1_1__4_AdditionalIntakeForMilkProduction(Y$22,$Y30), 1)} -> 1 | AE30: {=IFERROR(EntericMethane_PastureBeef_Equations.VEERG_3_2_1_1__4_AdditionalIntakeForMilkProduction(Z$22,$Y30), 1)} -> 1 | AF30: 1 | AG30: 1 | AH30: 1 | AI30: 1 | AJ30: =$E$11 -> fraction
D31: Summer | E31: =IF('Input - Pasture Beef'!E112="Yes", "Calving season", "") -> Calving season | F31: =IF('Input - Pasture Beef'!E111="Yes", "Season after calving","") -> Season after calving | G31: =IF(E31="Calving season", $J$14, 1) -> 1.3 | H31: =IF(F31="Season after calving", $J$15, 1) -> 1.1 | I31: 1 | J31: 1 | K31: 1 | L31: {=EntericMethane_PastureBeef_Equations.VEERG_3_2_1_1__4_AdditionalIntakeForMilkProductionVariation(F23,F22,$G31,$H31)} -> 1.04 | M31: {=EntericMethane_PastureBeef_Equations.VEERG_3_2_1_1__4_AdditionalIntakeForMilkProductionVariation(G23,G22,$G31,$H31)} -> 1.04 | N31: {=EntericMethane_PastureBeef_Equations.VEERG_3_2_1_1__4_AdditionalIntakeForMilkProductionVariation(H23,H22,$G31,$H31)} -> 1.04 | O31: 1 | P31: 1 | Q31: 1 | R31: 1 | S31: =$E$11 -> fraction | W31: =TEXT(EDATE('Input - Site'!$E$12,3), "mmmm") -> April | X31: {=IFERROR(_xlfn.IFS(SUMPRODUCT(ISNUMBER(SEARCH(TRIM(_xlfn.TEXTSPLIT($W$22,",")),W31))*1)>0,"Calving season",SUMPRODUCT(ISNUMBER(SEARCH(TRIM(_xlfn.TEXTSPLIT($W$23,",")),W31))*1)>0,"Season after calving"), "")} | Y31: {=_xlfn.IFS(X31="Calving season", $J$14, X31="Season after calving", $J$15, X31="", "")} | Z31: 1 | AA31: 1 | AB31: 1 | AC31: {=IFERROR(EntericMethane_PastureBeef_Equations.VEERG_3_2_1_1__4_AdditionalIntakeForMilkProduction(X$22,$Y31), 1)} -> 1 | AD31: {=IFERROR(EntericMethane_PastureBeef_Equations.VEERG_3_2_1_1__4_AdditionalIntakeForMilkProduction(Y$22,$Y31), 1)} -> 1 | AE31: {=IFERROR(EntericMethane_PastureBeef_Equations.VEERG_3_2_1_1__4_AdditionalIntakeForMilkProduction(Z$22,$Y31), 1)} -> 1 | AF31: 1 | AG31: 1 | AH31: 1 | AI31: 1 | AJ31: =$E$11 -> fraction
D32: Autumn | E32: =IF('Input - Pasture Beef'!E113="Yes", "Calving season", "") | F32: =IF('Input - Pasture Beef'!E112="Yes", "Season after calving","") -> Season after calving | G32: =IF(E32="Calving season", $J$14, 1) -> 1 | H32: =IF(F32="Season after calving", $J$15, 1) -> 1.1 | I32: 1 | J32: 1 | K32: 1 | L32: {=EntericMethane_PastureBeef_Equations.VEERG_3_2_1_1__4_AdditionalIntakeForMilkProductionVariation(F24,F23,$G32,$H32)} -> 1.01 | M32: {=EntericMethane_PastureBeef_Equations.VEERG_3_2_1_1__4_AdditionalIntakeForMilkProductionVariation(G24,G23,$G32,$H32)} -> 1 | N32: {=EntericMethane_PastureBeef_Equations.VEERG_3_2_1_1__4_AdditionalIntakeForMilkProductionVariation(H24,H23,$G32,$H32)} -> 1 | O32: 1 | P32: 1 | Q32: 1 | R32: 1 | S32: =$E$11 -> fraction | W32: =TEXT(EDATE('Input - Site'!$E$12,4), "mmmm") -> May | X32: {=IFERROR(_xlfn.IFS(SUMPRODUCT(ISNUMBER(SEARCH(TRIM(_xlfn.TEXTSPLIT($W$22,",")),W32))*1)>0,"Calving season",SUMPRODUCT(ISNUMBER(SEARCH(TRIM(_xlfn.TEXTSPLIT($W$23,",")),W32))*1)>0,"Season after calving"), "")} | Y32: {=_xlfn.IFS(X32="Calving season", $J$14, X32="Season after calving", $J$15, X32="", "")} | Z32: 1 | AA32: 1 | AB32: 1 | AC32: {=IFERROR(EntericMethane_PastureBeef_Equations.VEERG_3_2_1_1__4_AdditionalIntakeForMilkProduction(X$22,$Y32), 1)} -> 1 | AD32: {=IFERROR(EntericMethane_PastureBeef_Equations.VEERG_3_2_1_1__4_AdditionalIntakeForMilkProduction(Y$22,$Y32), 1)} -> 1 | AE32: {=IFERROR(EntericMethane_PastureBeef_Equations.VEERG_3_2_1_1__4_AdditionalIntakeForMilkProduction(Z$22,$Y32), 1)} -> 1 | AF32: 1 | AG32: 1 | AH32: 1 | AI32: 1 | AJ32: =$E$11 -> fraction
D33: Winter | E33: =IF('Input - Pasture Beef'!E110="Yes", "Calving season", "") -> Calving season | F33: =IF('Input - Pasture Beef'!E113="Yes", "Season after calving","") | G33: =IF(E33="Calving season", $J$14, 1) -> 1.3 | H33: =IF(F33="Season after calving", $J$15, 1) -> 1 | I33: 1 | J33: 1 | K33: 1 | L33: {=EntericMethane_PastureBeef_Equations.VEERG_3_2_1_1__4_AdditionalIntakeForMilkProductionVariation(F25,F24,$G33,$H33)} -> 1.21 | M33: {=EntericMethane_PastureBeef_Equations.VEERG_3_2_1_1__4_AdditionalIntakeForMilkProductionVariation(G25,G24,$G33,$H33)} -> 1.15 | N33: {=EntericMethane_PastureBeef_Equations.VEERG_3_2_1_1__4_AdditionalIntakeForMilkProductionVariation(H25,H24,$G33,$H33)} -> 1.15 | O33: 1 | P33: 1 | Q33: 1 | R33: 1 | S33: =$E$11 -> fraction | W33: =TEXT(EDATE('Input - Site'!$E$12,5), "mmmm") -> June | X33: {=IFERROR(_xlfn.IFS(SUMPRODUCT(ISNUMBER(SEARCH(TRIM(_xlfn.TEXTSPLIT($W$22,",")),W33))*1)>0,"Calving season",SUMPRODUCT(ISNUMBER(SEARCH(TRIM(_xlfn.TEXTSPLIT($W$23,",")),W33))*1)>0,"Season after calving"), "")} | Y33: {=_xlfn.IFS(X33="Calving season", $J$14, X33="Season after calving", $J$15, X33="", "")} | Z33: 1 | AA33: 1 | AB33: 1 | AC33: {=IFERROR(EntericMethane_PastureBeef_Equations.VEERG_3_2_1_1__4_AdditionalIntakeForMilkProduction(X$22,$Y33), 1)} -> 1 | AD33: {=IFERROR(EntericMethane_PastureBeef_Equations.VEERG_3_2_1_1__4_AdditionalIntakeForMilkProduction(Y$22,$Y33), 1)} -> 1 | AE33: {=IFERROR(EntericMethane_PastureBeef_Equations.VEERG_3_2_1_1__4_AdditionalIntakeForMilkProduction(Z$22,$Y33), 1)} -> 1 | AF33: 1 | AG33: 1 | AH33: 1 | AI33: 1 | AJ33: =$E$11 -> fraction
W34: =TEXT(EDATE('Input - Site'!$E$12,6), "mmmm") -> July | X34: {=IFERROR(_xlfn.IFS(SUMPRODUCT(ISNUMBER(SEARCH(TRIM(_xlfn.TEXTSPLIT($W$22,",")),W34))*1)>0,"Calving season",SUMPRODUCT(ISNUMBER(SEARCH(TRIM(_xlfn.TEXTSPLIT($W$23,",")),W34))*1)>0,"Season after calving"), "")} | Y34: {=_xlfn.IFS(X34="Calving season", $J$14, X34="Season after calving", $J$15, X34="", "")} | Z34: 1 | AA34: 1 | AB34: 1 | AC34: {=IFERROR(EntericMethane_PastureBeef_Equations.VEERG_3_2_1_1__4_AdditionalIntakeForMilkProduction(X$22,$Y34), 1)} -> 1 | AD34: {=IFERROR(EntericMethane_PastureBeef_Equations.VEERG_3_2_1_1__4_AdditionalIntakeForMilkProduction(Y$22,$Y34), 1)} -> 1 | AE34: {=IFERROR(EntericMethane_PastureBeef_Equations.VEERG_3_2_1_1__4_AdditionalIntakeForMilkProduction(Z$22,$Y34), 1)} -> 1 | AF34: 1 | AG34: 1 | AH34: 1 | AI34: 1 | AJ34: =$E$11 -> fraction
W35: =TEXT(EDATE('Input - Site'!$E$12,7), "mmmm") -> August | X35: {=IFERROR(_xlfn.IFS(SUMPRODUCT(ISNUMBER(SEARCH(TRIM(_xlfn.TEXTSPLIT($W$22,",")),W35))*1)>0,"Calving season",SUMPRODUCT(ISNUMBER(SEARCH(TRIM(_xlfn.TEXTSPLIT($W$23,",")),W35))*1)>0,"Season after calving"), "")} -> Calving season | Y35: {=_xlfn.IFS(X35="Calving season", $J$14, X35="Season after calving", $J$15, X35="", "")} -> 1.3 | Z35: 1 | AA35: 1 | AB35: 1 | AC35: {=IFERROR(EntericMethane_PastureBeef_Equations.VEERG_3_2_1_1__4_AdditionalIntakeForMilkProduction(X$22,$Y35), 1)} -> 1.225 | AD35: {=IFERROR(EntericMethane_PastureBeef_Equations.VEERG_3_2_1_1__4_AdditionalIntakeForMilkProduction(Y$22,$Y35), 1)} -> 1.225 | AE35: {=IFERROR(EntericMethane_PastureBeef_Equations.VEERG_3_2_1_1__4_AdditionalIntakeForMilkProduction(Z$22,$Y35), 1)} -> 1.225 | AF35: 1 | AG35: 1 | AH35: 1 | AI35: 1 | AJ35: =$E$11 -> fraction
W36: =TEXT(EDATE('Input - Site'!$E$12,8), "mmmm") -> September | X36: {=IFERROR(_xlfn.IFS(SUMPRODUCT(ISNUMBER(SEARCH(TRIM(_xlfn.TEXTSPLIT($W$22,",")),W36))*1)>0,"Calving season",SUMPRODUCT(ISNUMBER(SEARCH(TRIM(_xlfn.TEXTSPLIT($W$23,",")),W36))*1)>0,"Season after calving"), "")} -> Calving season | Y36: {=_xlfn.IFS(X36="Calving season", $J$14, X36="Season after calving", $J$15, X36="", "")} -> 1.3 | Z36: 1 | AA36: 1 | AB36: 1 | AC36: {=IFERROR(EntericMethane_PastureBeef_Equations.VEERG_3_2_1_1__4_AdditionalIntakeForMilkProduction(X$22,$Y36), 1)} -> 1.225 | AD36: {=IFERROR(EntericMethane_PastureBeef_Equations.VEERG_3_2_1_1__4_AdditionalIntakeForMilkProduction(Y$22,$Y36), 1)} -> 1.225 | AE36: {=IFERROR(EntericMethane_PastureBeef_Equations.VEERG_3_2_1_1__4_AdditionalIntakeForMilkProduction(Z$22,$Y36), 1)} -> 1.225 | AF36: 1 | AG36: 1 | AH36: 1 | AI36: 1 | AJ36: =$E$11 -> fraction
D37: {=EntericMethane_PastureBeef_Equations.VEERG_3_2_1_1__3_FeedIntakeForGrazingBeef_Title()} -> Feed intake for grazing beef cattle | W37: =TEXT(EDATE('Input - Site'!$E$12,9), "mmmm") -> October | X37: {=IFERROR(_xlfn.IFS(SUMPRODUCT(ISNUMBER(SEARCH(TRIM(_xlfn.TEXTSPLIT($W$22,",")),W37))*1)>0,"Calving season",SUMPRODUCT(ISNUMBER(SEARCH(TRIM(_xlfn.TEXTSPLIT($W$23,",")),W37))*1)>0,"Season after calving"), "")} -> Calving season | Y37: {=_xlfn.IFS(X37="Calving season", $J$14, X37="Season after calving", $J$15, X37="", "")} -> 1.3 | Z37: 1 | AA37: 1 | AB37: 1 | AC37: {=IFERROR(EntericMethane_PastureBeef_Equations.VEERG_3_2_1_1__4_AdditionalIntakeForMilkProduction(X$22,$Y37), 1)} -> 1.225 | AD37: {=IFERROR(EntericMethane_PastureBeef_Equations.VEERG_3_2_1_1__4_AdditionalIntakeForMilkProduction(Y$22,$Y37), 1)} -> 1.225 | AE37: {=IFERROR(EntericMethane_PastureBeef_Equations.VEERG_3_2_1_1__4_AdditionalIntakeForMilkProduction(Z$22,$Y37), 1)} -> 1.225 | AF37: 1 | AG37: 1 | AH37: 1 | AI37: 1 | AJ37: =$E$11 -> fraction
D38: {=EntericMethane_PastureBeef_Equations.VEERG_3_2_1_1__3_FeedIntakeForGrazingBeef_Source()} -> VEERG 2026: 3.2.1.1, Equation (3) | K38: Cows < 3 months | L38: Cows 3-6 months | M38: Cows 6 months-1 year | W38: =TEXT(EDATE('Input - Site'!$E$12,10), "mmmm") -> November | X38: {=IFERROR(_xlfn.IFS(SUMPRODUCT(ISNUMBER(SEARCH(TRIM(_xlfn.TEXTSPLIT($W$22,",")),W38))*1)>0,"Calving season",SUMPRODUCT(ISNUMBER(SEARCH(TRIM(_xlfn.TEXTSPLIT($W$23,",")),W38))*1)>0,"Season after calving"), "")} -> Season after calving | Y38: {=_xlfn.IFS(X38="Calving season", $J$14, X38="Season after calving", $J$15, X38="", "")} -> 1.1 | Z38: 1 | AA38: 1 | AB38: 1 | AC38: {=IFERROR(EntericMethane_PastureBeef_Equations.VEERG_3_2_1_1__4_AdditionalIntakeForMilkProduction(X$22,$Y38), 1)} -> 1.075 | AD38: {=IFERROR(EntericMethane_PastureBeef_Equations.VEERG_3_2_1_1__4_AdditionalIntakeForMilkProduction(Y$22,$Y38), 1)} -> 1.075 | AE38: {=IFERROR(EntericMethane_PastureBeef_Equations.VEERG_3_2_1_1__4_AdditionalIntakeForMilkProduction(Z$22,$Y38), 1)} -> 1.075 | AF38: 1 | AG38: 1 | AH38: 1 | AI38: 1 | AJ38: =$E$11 -> fraction
D39: Function name | E39: {=Common_InputFunctions.Utility_DisplayFunctionName($E$84)} -> =EntericMethane_PastureBeef_Equations.VEERG_3_2_1_1__3_FeedIntakeForGrazingBeef | W39: =TEXT(EDATE('Input - Site'!$E$12,11), "mmmm") -> December | X39: {=IFERROR(_xlfn.IFS(SUMPRODUCT(ISNUMBER(SEARCH(TRIM(_xlfn.TEXTSPLIT($W$22,",")),W39))*1)>0,"Calving season",SUMPRODUCT(ISNUMBER(SEARCH(TRIM(_xlfn.TEXTSPLIT($W$23,",")),W39))*1)>0,"Season after calving"), "")} -> Season after calving | Y39: {=_xlfn.IFS(X39="Calving season", $J$14, X39="Season after calving", $J$15, X39="", "")} -> 1.1 | Z39: 1 | AA39: 1 | AB39: 1 | AC39: {=IFERROR(EntericMethane_PastureBeef_Equations.VEERG_3_2_1_1__4_AdditionalIntakeForMilkProduction(X$22,$Y39), 1)} -> 1.075 | AD39: {=IFERROR(EntericMethane_PastureBeef_Equations.VEERG_3_2_1_1__4_AdditionalIntakeForMilkProduction(Y$22,$Y39), 1)} -> 1.075 | AE39: {=IFERROR(EntericMethane_PastureBeef_Equations.VEERG_3_2_1_1__4_AdditionalIntakeForMilkProduction(Z$22,$Y39), 1)} -> 1.075 | AF39: 1 | AG39: 1 | AH39: 1 | AI39: 1 | AJ39: =$E$11 -> fraction
W41: M2_Table_W_j_k_l
D42: Variable | E42: {=EntericMethane_PastureBeef_Equations.VEERG_3_2_1_1__3_FeedIntakeForGrazingBeef_Variable()} -> I_jkl | W42: Liveweight (Method 2)
D43: Unit | E43: {=EntericMethane_PastureBeef_Equations.VEERG_3_2_1_1__3_FeedIntakeForGrazingBeef_Unit()} -> kg DM/head/day | W43: Month | X43: Bulls < 1 year | Y43: Bulls > 1 year | Z43: Cows < 1 year | AA43: Cows 1-2 years | AB43: Cows 2-3 years | AC43: Cows > 3 years | AD43: Steers < 1 year | AE43: Steers 1-2 years | AF43: Steers 2-3 years | AG43: Steers >3 years
W44: =TEXT('Input - Site'!$E$12, "mmmm yyyy") -> January 2025 | X44: {=OFFSET(X_Table_PastureBeef_Liveweight_Method2, 1,1, 12,10)} -> 380 | Y44: 780 | Z44: 300 | AA44: 450 | AB44: 530 | AC44: 530 | AD44: 340 | AE44: 470 | AF44: 470 | AG44: 470 | AH44: kg/head
D45: {=_xlfn.CHOOSECOLS(EntericMethane_PastureBeef_Equations.VEERG_3_2_1_1__3_FeedIntakeForGrazingBeef_Arguments(), 1, 2)} -> W_jkl | E45: liveweight (kg) | G45: {=_xlfn.CHOOSECOLS(EntericMethane_PastureBeef_Equations.VEERG_3_2_1_1__3_FeedIntakeForGrazingBeef_Arguments(), 3,4)} -> kg | H45: Input | I45: {=HYPERLINK(Common_InputFunctions.Utility_SourceHyperlink($D$49), $D$49)} -> M1_Table_W_j_k_l | W45: =TEXT(EDATE('Input - Site'!$E$12,1), "mmmm yyyy") -> February 2025 | X45: 380 | Y45: 780 | Z45: 300 | AA45: 450 | AB45: 530 | AC45: 530 | AD45: 340 | AE45: 470 | AF45: 470 | AG45: 470 | AH45: kg/head
D46: LWG_jkl | E46: live weight gain (kg/head/day) | G46: kg/head/day | H46: Input | I46: {=HYPERLINK(Common_InputFunctions.Utility_SourceHyperlink($D$65), $D$65)} -> M1_Table_LWG_j_k_l | W46: =TEXT(EDATE('Input - Site'!$E$12,2), "mmmm yyyy") -> March 2025 | X46: 100 | Y46: 680 | Z46: 80 | AA46: 320 | AB46: 480 | AC46: 480 | AD46: 100 | AE46: 340 | AF46: 340 | AG46: 340 | AH46: kg/head
D47: MA_jk45 | E47: additional intake for milk production in cows greater than 2 years | G47: kg/head/day | H47: Calculated from 3.2.1.1, (4) | I47: {=HYPERLINK(Common_InputFunctions.Utility_SourceHyperlink($D$27), $D$27)} -> M1_Table_MA_j_k-4-5 | W47: =TEXT(EDATE('Input - Site'!$E$12,3), "mmmm yyyy") -> April 2025 | X47: 100 | Y47: 680 | Z47: 80 | AA47: 320 | AB47: 480 | AC47: 480 | AD47: 100 | AE47: 340 | AF47: 340 | AG47: 340 | AH47: kg/head
W48: =TEXT(EDATE('Input - Site'!$E$12,4), "mmmm yyyy") -> May 2025 | X48: 100 | Y48: 680 | Z48: 80 | AA48: 320 | AB48: 480 | AC48: 480 | AD48: 100 | AE48: 340 | AF48: 340 | AG48: 340 | AH48: kg/head
D49: M1_Table_W_j_k_l | W49: =TEXT(EDATE('Input - Site'!$E$12,5), "mmmm yyyy") -> June 2025 | X49: 190 | Y49: 700 | Z49: 150 | AA49: 330 | AB49: 490 | AC49: 490 | AD49: 170 | AE49: 360 | AF49: 360 | AG49: 360 | AH49: kg/head
D50: Liveweight (Method 1) | W50: =TEXT(EDATE('Input - Site'!$E$12,6), "mmmm yyyy") -> July 2025 | X50: 190 | Y50: 700 | Z50: 150 | AA50: 330 | AB50: 490 | AC50: 490 | AD50: 170 | AE50: 360 | AF50: 360 | AG50: 360 | AH50: kg/head
D51: Season | E51: Bulls < 1 year | F51: Bulls > 1 year | G51: Cows < 1 year | H51: Cows 1-2 years | I51: Cows 2-3 years | J51: Cows > 3 years | K51: Steers < 1 year | L51: Steers 1-2 years | M51: Steers 2-3 years | N51: Steers >3 years | W51: =TEXT(EDATE('Input - Site'!$E$12,7), "mmmm yyyy") -> August 2025 | X51: 190 | Y51: 700 | Z51: 150 | AA51: 330 | AB51: 490 | AC51: 490 | AD51: 170 | AE51: 360 | AF51: 360 | AG51: 360 | AH51: kg/head
D52: ='Input - Pasture Beef'!D60 -> Spring | E52: {=OFFSET(X_Table_PastureBeef_Liveweight_Method1, 1,1, 4,10)} -> 340 | F52: 800 | G52: 260 | H52: 420 | I52: 550 | J52: 550 | K52: 300 | L52: 480 | M52: 480 | N52: 480 | O52: kg/head | W52: =TEXT(EDATE('Input - Site'!$E$12,8), "mmmm yyyy") -> September 2025 | X52: 340 | Y52: 800 | Z52: 260 | AA52: 420 | AB52: 550 | AC52: 550 | AD52: 300 | AE52: 480 | AF52: 480 | AG52: 480 | AH52: kg/head
D53: ='Input - Pasture Beef'!D61 -> Summer | E53: 380 | F53: 780 | G53: 300 | H53: 450 | I53: 530 | J53: 530 | K53: 340 | L53: 470 | M53: 470 | N53: 470 | O53: kg/head | W53: =TEXT(EDATE('Input - Site'!$E$12,9), "mmmm yyyy") -> October 2025 | X53: 340 | Y53: 800 | Z53: 260 | AA53: 420 | AB53: 550 | AC53: 550 | AD53: 300 | AE53: 480 | AF53: 480 | AG53: 480 | AH53: kg/head
D54: ='Input - Pasture Beef'!D62 -> Autumn | E54: 100 | F54: 680 | G54: 80 | H54: 320 | I54: 480 | J54: 480 | K54: 100 | L54: 340 | M54: 340 | N54: 340 | O54: kg/head | W54: =TEXT(EDATE('Input - Site'!$E$12,10), "mmmm yyyy") -> November 2025 | X54: 340 | Y54: 800 | Z54: 260 | AA54: 420 | AB54: 550 | AC54: 550 | AD54: 300 | AE54: 480 | AF54: 480 | AG54: 480 | AH54: kg/head
D55: ='Input - Pasture Beef'!D63 -> Winter | E55: 190 | F55: 700 | G55: 150 | H55: 330 | I55: 490 | J55: 490 | K55: 170 | L55: 360 | M55: 360 | N55: 360 | O55: kg/head | W55: =TEXT(EDATE('Input - Site'!$E$12,11), "mmmm yyyy") -> December 2025 | X55: 380 | Y55: 780 | Z55: 300 | AA55: 450 | AB55: 530 | AC55: 530 | AD55: 340 | AE55: 470 | AF55: 470 | AG55: 470 | AH55: kg/head
W57: M2_Table_LWG_j_k_l
W58: Liveweight gain (Method 2)
W59: Month | X59: Bulls < 1 year | Y59: Bulls > 1 year | Z59: Cows < 1 year | AA59: Cows 1-2 years | AB59: Cows 2-3 years | AC59: Cows > 3 years | AD59: Steers < 1 year | AE59: Steers 1-2 years | AF59: Steers 2-3 years | AG59: Steers >3 years
W60: =TEXT('Input - Site'!$E$12, "mmmm yyyy") -> January 2025 | X60: {=OFFSET(X_Table_PastureBeef_LiveweightGain_Method2, 1,1, 12,10)} -> 0.44 | Y60: -0.22 | Z60: 0.44 | AA60: 0.33 | AB60: -0.22 | AC60: -0.22 | AD60: 0.44 | AE60: -0.11 | AF60: -0.11 | AG60: -0.11 | AH60: kg/head/day
W61: =TEXT(EDATE('Input - Site'!$E$12,1), "mmmm yyyy") -> February 2025 | X61: 0.44 | Y61: -0.22 | Z61: 0.44 | AA61: 0.33 | AB61: -0.22 | AC61: -0.22 | AD61: 0.44 | AE61: -0.11 | AF61: -0.11 | AG61: -0.11 | AH61: kg/head/day
W62: =TEXT(EDATE('Input - Site'!$E$12,2), "mmmm yyyy") -> March 2025 | X62: 0.6 | Y62: 0 | Z62: 0.6 | AA62: 0.22 | AB62: -0.55 | AC62: -0.55 | AD62: 0.6 | AE62: 0 | AF62: 0 | AG62: 0 | AH62: kg/head/day
W63: =TEXT(EDATE('Input - Site'!$E$12,3), "mmmm yyyy") -> April 2025 | X63: 0.6 | Y63: 0 | Z63: 0.6 | AA63: 0.22 | AB63: -0.55 | AC63: -0.55 | AD63: 0.6 | AE63: 0 | AF63: 0 | AG63: 0 | AH63: kg/head/day
W64: =TEXT(EDATE('Input - Site'!$E$12,4), "mmmm yyyy") -> May 2025 | X64: 0.6 | Y64: 0 | Z64: 0.6 | AA64: 0.22 | AB64: -0.55 | AC64: -0.55 | AD64: 0.6 | AE64: 0 | AF64: 0 | AG64: 0 | AH64: kg/head/day
D65: M1_Table_LWG_j_k_l | W65: =TEXT(EDATE('Input - Site'!$E$12,5), "mmmm yyyy") -> June 2025 | X65: 0.99 | Y65: 0.22 | Z65: 0.77 | AA65: 0.11 | AB65: 0.11 | AC65: 0.11 | AD65: 0.77 | AE65: 0.44 | AF65: 0.44 | AG65: 0.44 | AH65: kg/head/day
D66: Liveweight gain (Method 1) | W66: =TEXT(EDATE('Input - Site'!$E$12,6), "mmmm yyyy") -> July 2025 | X66: 0.99 | Y66: 0.22 | Z66: 0.77 | AA66: 0.11 | AB66: 0.11 | AC66: 0.11 | AD66: 0.77 | AE66: 0.44 | AF66: 0.44 | AG66: 0.44 | AH66: kg/head/day
D67: Season | E67: Bulls < 1 year | F67: Bulls > 1 year | G67: Cows < 1 year | H67: Cows 1-2 years | I67: Cows 2-3 years | J67: Cows > 3 years | K67: Steers < 1 year | L67: Steers 1-2 years | M67: Steers 2-3 years | N67: Steers >3 years | W67: =TEXT(EDATE('Input - Site'!$E$12,7), "mmmm yyyy") -> August 2025 | X67: 0.99 | Y67: 0.22 | Z67: 0.77 | AA67: 0.11 | AB67: 0.11 | AC67: 0.11 | AD67: 0.77 | AE67: 0.44 | AF67: 0.44 | AG67: 0.44 | AH67: kg/head/day
D68: ='Input - Pasture Beef'!D82 -> Spring | E68: {=OFFSET(X_Table_PastureBeef_LiveweightGain_Method1, 1,1, 4,10)} -> 1.64 | F68: 1.1 | G68: 1.21 | H68: 0.99 | I68: 0.66 | J68: 0.66 | K68: 1.42 | L68: 1.1 | M68: 1.1 | N68: 1.1 | O68: kg/head | W68: =TEXT(EDATE('Input - Site'!$E$12,8), "mmmm yyyy") -> September 2025 | X68: 1.64 | Y68: 1.1 | Z68: 1.21 | AA68: 0.99 | AB68: 0.66 | AC68: 0.66 | AD68: 1.42 | AE68: 1.1 | AF68: 1.1 | AG68: 1.1 | AH68: kg/head/day
D69: ='Input - Pasture Beef'!D83 -> Summer | E69: 0.44 | F69: -0.22 | G69: 0.44 | H69: 0.33 | I69: -0.22 | J69: -0.22 | K69: 0.44 | L69: -0.11 | M69: -0.11 | N69: -0.11 | O69: kg/head | W69: =TEXT(EDATE('Input - Site'!$E$12,9), "mmmm yyyy") -> October 2025 | X69: 1.64 | Y69: 1.1 | Z69: 1.21 | AA69: 0.99 | AB69: 0.66 | AC69: 0.66 | AD69: 1.42 | AE69: 1.1 | AF69: 1.1 | AG69: 1.1 | AH69: kg/head/day
D70: ='Input - Pasture Beef'!D84 -> Autumn | E70: 0.6 | F70: 0 | G70: 0.6 | H70: 0.22 | I70: -0.55 | J70: -0.55 | K70: 0.6 | L70: 0 | M70: 0 | N70: 0 | O70: kg/head | W70: =TEXT(EDATE('Input - Site'!$E$12,10), "mmmm yyyy") -> November 2025 | X70: 1.64 | Y70: 1.1 | Z70: 1.21 | AA70: 0.99 | AB70: 0.66 | AC70: 0.66 | AD70: 1.42 | AE70: 1.1 | AF70: 1.1 | AG70: 1.1 | AH70: kg/head/day
D71: ='Input - Pasture Beef'!D85 -> Winter | E71: 0.99 | F71: 0.22 | G71: 0.77 | H71: 0.11 | I71: 0.11 | J71: 0.11 | K71: 0.77 | L71: 0.44 | M71: 0.44 | N71: 0.44 | O71: kg/head | W71: =TEXT(EDATE('Input - Site'!$E$12,11), "mmmm yyyy") -> December 2025 | X71: 0.44 | Y71: -0.22 | Z71: 0.44 | AA71: 0.33 | AB71: -0.22 | AC71: -0.22 | AD71: 0.44 | AE71: -0.11 | AF71: -0.11 | AG71: -0.11 | AH71: kg/head/day
W73: M2_Table_I_j_k_l
W74: Feed intake (Method 2)
W75: Month | X75: Bulls < 1 year | Y75: Bulls > 1 year | Z75: Cows < 1 year | AA75: Cows 1-2 years | AB75: Cows 2-3 years | AC75: Cows > 3 years | AD75: Steers < 1 year | AE75: Steers 1-2 years | AF75: Steers 2-3 years | AG75: Steers >3 years
W76: =TEXT('Input - Site'!$E$12, "mmmm yyyy") -> January 2025 | X76: {=EntericMethane_PastureBeef_Equations.VEERG_3_2_1_1__3_FeedIntakeForGrazingBeef(X44,X60,Z28)} -> 7.1468537 | Y76: {=EntericMethane_PastureBeef_Equations.VEERG_3_2_1_1__3_FeedIntakeForGrazingBeef(Y44,Y60,AA28)} -> 9.455994 | Z76: {=EntericMethane_PastureBeef_Equations.VEERG_3_2_1_1__3_FeedIntakeForGrazingBeef(Z44,Z60,AB28)} -> 6.0103426 | AA76: {=EntericMethane_PastureBeef_Equations.VEERG_3_2_1_1__3_FeedIntakeForGrazingBeef(AA44,AA60,AC28)} -> 8.4608409 | AB76: {=EntericMethane_PastureBeef_Equations.VEERG_3_2_1_1__3_FeedIntakeForGrazingBeef(AB44,AB60,AD28)} -> 8.3772678 | AC76: {=EntericMethane_PastureBeef_Equations.VEERG_3_2_1_1__3_FeedIntakeForGrazingBeef(AC44,AC60,AE28)} -> 8.3772678 | AD76: {=EntericMethane_PastureBeef_Equations.VEERG_3_2_1_1__3_FeedIntakeForGrazingBeef(AD44,AD60,AF28)} -> 6.5876409 | AE76: {=EntericMethane_PastureBeef_Equations.VEERG_3_2_1_1__3_FeedIntakeForGrazingBeef(AE44,AE60,AG28)} -> 7.3430702 | ... AG76: {=EntericMethane_PastureBeef_Equations.VEERG_3_2_1_1__3_FeedIntakeForGrazingBeef(AG44,AG60,AI28)} -> 7.3430702 | AH76: =$E$43 -> kg DM/head/day
W77: =TEXT(EDATE('Input - Site'!$E$12,1), "mmmm yyyy") -> February 2025 | X77: {=EntericMethane_PastureBeef_Equations.VEERG_3_2_1_1__3_FeedIntakeForGrazingBeef(X45,X61,Z29)} -> 7.1468537 | Y77: {=EntericMethane_PastureBeef_Equations.VEERG_3_2_1_1__3_FeedIntakeForGrazingBeef(Y45,Y61,AA29)} -> 9.455994 | Z77: {=EntericMethane_PastureBeef_Equations.VEERG_3_2_1_1__3_FeedIntakeForGrazingBeef(Z45,Z61,AB29)} -> 6.0103426 | AA77: {=EntericMethane_PastureBeef_Equations.VEERG_3_2_1_1__3_FeedIntakeForGrazingBeef(AA45,AA61,AC29)} -> 7.8705497 | AB77: {=EntericMethane_PastureBeef_Equations.VEERG_3_2_1_1__3_FeedIntakeForGrazingBeef(AB45,AB61,AD29)} -> 7.7928072 | AC77: {=EntericMethane_PastureBeef_Equations.VEERG_3_2_1_1__3_FeedIntakeForGrazingBeef(AC45,AC61,AE29)} -> 7.7928072 | AD77: {=EntericMethane_PastureBeef_Equations.VEERG_3_2_1_1__3_FeedIntakeForGrazingBeef(AD45,AD61,AF29)} -> 6.5876409 | AE77: {=EntericMethane_PastureBeef_Equations.VEERG_3_2_1_1__3_FeedIntakeForGrazingBeef(AE45,AE61,AG29)} -> 7.3430702 | ... AG77: {=EntericMethane_PastureBeef_Equations.VEERG_3_2_1_1__3_FeedIntakeForGrazingBeef(AG45,AG61,AI29)} -> 7.3430702 | AH77: =$E$43 -> kg DM/head/day
W78: =TEXT(EDATE('Input - Site'!$E$12,2), "mmmm yyyy") -> March 2025 | X78: {=EntericMethane_PastureBeef_Equations.VEERG_3_2_1_1__3_FeedIntakeForGrazingBeef(X46,X62,Z30)} -> 3.247204 | Y78: {=EntericMethane_PastureBeef_Equations.VEERG_3_2_1_1__3_FeedIntakeForGrazingBeef(Y46,Y62,AA30)} -> 9.4246544 | Z78: {=EntericMethane_PastureBeef_Equations.VEERG_3_2_1_1__3_FeedIntakeForGrazingBeef(Z46,Z62,AB30)} -> 2.9603267 | AA78: {=EntericMethane_PastureBeef_Equations.VEERG_3_2_1_1__3_FeedIntakeForGrazingBeef(AA46,AA62,AC30)} -> 5.9577975 | AB78: {=EntericMethane_PastureBeef_Equations.VEERG_3_2_1_1__3_FeedIntakeForGrazingBeef(AB46,AB62,AD30)} -> 6.7179974 | AC78: {=EntericMethane_PastureBeef_Equations.VEERG_3_2_1_1__3_FeedIntakeForGrazingBeef(AC46,AC62,AE30)} -> 6.7179974 | AD78: {=EntericMethane_PastureBeef_Equations.VEERG_3_2_1_1__3_FeedIntakeForGrazingBeef(AD46,AD62,AF30)} -> 3.247204 | AE78: {=EntericMethane_PastureBeef_Equations.VEERG_3_2_1_1__3_FeedIntakeForGrazingBeef(AE46,AE62,AG30)} -> 5.8953782 | ... AG78: {=EntericMethane_PastureBeef_Equations.VEERG_3_2_1_1__3_FeedIntakeForGrazingBeef(AG46,AG62,AI30)} -> 5.8953782 | AH78: =$E$43 -> kg DM/head/day
W79: =TEXT(EDATE('Input - Site'!$E$12,3), "mmmm yyyy") -> April 2025 | X79: {=EntericMethane_PastureBeef_Equations.VEERG_3_2_1_1__3_FeedIntakeForGrazingBeef(X47,X63,Z31)} -> 3.247204 | Y79: {=EntericMethane_PastureBeef_Equations.VEERG_3_2_1_1__3_FeedIntakeForGrazingBeef(Y47,Y63,AA31)} -> 9.4246544 | Z79: {=EntericMethane_PastureBeef_Equations.VEERG_3_2_1_1__3_FeedIntakeForGrazingBeef(Z47,Z63,AB31)} -> 2.9603267 | AA79: {=EntericMethane_PastureBeef_Equations.VEERG_3_2_1_1__3_FeedIntakeForGrazingBeef(AA47,AA63,AC31)} -> 5.9577975 | AB79: {=EntericMethane_PastureBeef_Equations.VEERG_3_2_1_1__3_FeedIntakeForGrazingBeef(AB47,AB63,AD31)} -> 6.7179974 | AC79: {=EntericMethane_PastureBeef_Equations.VEERG_3_2_1_1__3_FeedIntakeForGrazingBeef(AC47,AC63,AE31)} -> 6.7179974 | AD79: {=EntericMethane_PastureBeef_Equations.VEERG_3_2_1_1__3_FeedIntakeForGrazingBeef(AD47,AD63,AF31)} -> 3.247204 | AE79: {=EntericMethane_PastureBeef_Equations.VEERG_3_2_1_1__3_FeedIntakeForGrazingBeef(AE47,AE63,AG31)} -> 5.8953782 | ... AG79: {=EntericMethane_PastureBeef_Equations.VEERG_3_2_1_1__3_FeedIntakeForGrazingBeef(AG47,AG63,AI31)} -> 5.8953782 | AH79: =$E$43 -> kg DM/head/day
W80: =TEXT(EDATE('Input - Site'!$E$12,4), "mmmm yyyy") -> May 2025 | X80: {=EntericMethane_PastureBeef_Equations.VEERG_3_2_1_1__3_FeedIntakeForGrazingBeef(X48,X64,Z32)} -> 3.247204 | Y80: {=EntericMethane_PastureBeef_Equations.VEERG_3_2_1_1__3_FeedIntakeForGrazingBeef(Y48,Y64,AA32)} -> 9.4246544 | Z80: {=EntericMethane_PastureBeef_Equations.VEERG_3_2_1_1__3_FeedIntakeForGrazingBeef(Z48,Z64,AB32)} -> 2.9603267 | AA80: {=EntericMethane_PastureBeef_Equations.VEERG_3_2_1_1__3_FeedIntakeForGrazingBeef(AA48,AA64,AC32)} -> 5.9577975 | AB80: {=EntericMethane_PastureBeef_Equations.VEERG_3_2_1_1__3_FeedIntakeForGrazingBeef(AB48,AB64,AD32)} -> 6.7179974 | AC80: {=EntericMethane_PastureBeef_Equations.VEERG_3_2_1_1__3_FeedIntakeForGrazingBeef(AC48,AC64,AE32)} -> 6.7179974 | AD80: {=EntericMethane_PastureBeef_Equations.VEERG_3_2_1_1__3_FeedIntakeForGrazingBeef(AD48,AD64,AF32)} -> 3.247204 | AE80: {=EntericMethane_PastureBeef_Equations.VEERG_3_2_1_1__3_FeedIntakeForGrazingBeef(AE48,AE64,AG32)} -> 5.8953782 | ... AG80: {=EntericMethane_PastureBeef_Equations.VEERG_3_2_1_1__3_FeedIntakeForGrazingBeef(AG48,AG64,AI32)} -> 5.8953782 | AH80: =$E$43 -> kg DM/head/day
D81: M1_Table_I_j_k_l | W81: =TEXT(EDATE('Input - Site'!$E$12,5), "mmmm yyyy") -> June 2025 | X81: {=EntericMethane_PastureBeef_Equations.VEERG_3_2_1_1__3_FeedIntakeForGrazingBeef(X49,X65,Z33)} -> 5.132898 | Y81: {=EntericMethane_PastureBeef_Equations.VEERG_3_2_1_1__3_FeedIntakeForGrazingBeef(Y49,Y65,AA33)} -> 9.9748589 | Z81: {=EntericMethane_PastureBeef_Equations.VEERG_3_2_1_1__3_FeedIntakeForGrazingBeef(Z49,Z65,AB33)} -> 4.202705 | AA81: {=EntericMethane_PastureBeef_Equations.VEERG_3_2_1_1__3_FeedIntakeForGrazingBeef(AA49,AA65,AC33)} -> 5.9278128 | AB81: {=EntericMethane_PastureBeef_Equations.VEERG_3_2_1_1__3_FeedIntakeForGrazingBeef(AB49,AB65,AD33)} -> 7.9523436 | AC81: {=EntericMethane_PastureBeef_Equations.VEERG_3_2_1_1__3_FeedIntakeForGrazingBeef(AC49,AC65,AE33)} -> 7.9523436 | AD81: {=EntericMethane_PastureBeef_Equations.VEERG_3_2_1_1__3_FeedIntakeForGrazingBeef(AD49,AD65,AF33)} -> 4.5122681 | AE81: {=EntericMethane_PastureBeef_Equations.VEERG_3_2_1_1__3_FeedIntakeForGrazingBeef(AE49,AE65,AG33)} -> 6.8698507 | ... AG81: {=EntericMethane_PastureBeef_Equations.VEERG_3_2_1_1__3_FeedIntakeForGrazingBeef(AG49,AG65,AI33)} -> 6.8698507 | AH81: =$E$43 -> kg DM/head/day
D82: Feed intake (Method 1) | W82: =TEXT(EDATE('Input - Site'!$E$12,6), "mmmm yyyy") -> July 2025 | X82: {=EntericMethane_PastureBeef_Equations.VEERG_3_2_1_1__3_FeedIntakeForGrazingBeef(X50,X66,Z34)} -> 5.132898 | Y82: {=EntericMethane_PastureBeef_Equations.VEERG_3_2_1_1__3_FeedIntakeForGrazingBeef(Y50,Y66,AA34)} -> 9.9748589 | Z82: {=EntericMethane_PastureBeef_Equations.VEERG_3_2_1_1__3_FeedIntakeForGrazingBeef(Z50,Z66,AB34)} -> 4.202705 | AA82: {=EntericMethane_PastureBeef_Equations.VEERG_3_2_1_1__3_FeedIntakeForGrazingBeef(AA50,AA66,AC34)} -> 5.9278128 | AB82: {=EntericMethane_PastureBeef_Equations.VEERG_3_2_1_1__3_FeedIntakeForGrazingBeef(AB50,AB66,AD34)} -> 7.9523436 | AC82: {=EntericMethane_PastureBeef_Equations.VEERG_3_2_1_1__3_FeedIntakeForGrazingBeef(AC50,AC66,AE34)} -> 7.9523436 | AD82: {=EntericMethane_PastureBeef_Equations.VEERG_3_2_1_1__3_FeedIntakeForGrazingBeef(AD50,AD66,AF34)} -> 4.5122681 | AE82: {=EntericMethane_PastureBeef_Equations.VEERG_3_2_1_1__3_FeedIntakeForGrazingBeef(AE50,AE66,AG34)} -> 6.8698507 | ... AG82: {=EntericMethane_PastureBeef_Equations.VEERG_3_2_1_1__3_FeedIntakeForGrazingBeef(AG50,AG66,AI34)} -> 6.8698507 | AH82: =$E$43 -> kg DM/head/day
D83: Season | E83: Bulls < 1 year | F83: Bulls > 1 year | G83: Cows < 1 year | H83: Cows 1-2 years | I83: Cows 2-3 years | J83: Cows > 3 years | K83: Steers < 1 year | L83: Steers 1-2 years | M83: Steers 2-3 years | N83: Steers >3 years | W83: =TEXT(EDATE('Input - Site'!$E$12,7), "mmmm yyyy") -> August 2025 | X83: {=EntericMethane_PastureBeef_Equations.VEERG_3_2_1_1__3_FeedIntakeForGrazingBeef(X51,X67,Z35)} -> 5.132898 | Y83: {=EntericMethane_PastureBeef_Equations.VEERG_3_2_1_1__3_FeedIntakeForGrazingBeef(Y51,Y67,AA35)} -> 9.9748589 | Z83: {=EntericMethane_PastureBeef_Equations.VEERG_3_2_1_1__3_FeedIntakeForGrazingBeef(Z51,Z67,AB35)} -> 4.202705 | AA83: {=EntericMethane_PastureBeef_Equations.VEERG_3_2_1_1__3_FeedIntakeForGrazingBeef(AA51,AA67,AC35)} -> 7.2615707 | AB83: {=EntericMethane_PastureBeef_Equations.VEERG_3_2_1_1__3_FeedIntakeForGrazingBeef(AB51,AB67,AD35)} -> 9.7416209 | AC83: {=EntericMethane_PastureBeef_Equations.VEERG_3_2_1_1__3_FeedIntakeForGrazingBeef(AC51,AC67,AE35)} -> 9.7416209 | AD83: {=EntericMethane_PastureBeef_Equations.VEERG_3_2_1_1__3_FeedIntakeForGrazingBeef(AD51,AD67,AF35)} -> 4.5122681 | AE83: {=EntericMethane_PastureBeef_Equations.VEERG_3_2_1_1__3_FeedIntakeForGrazingBeef(AE51,AE67,AG35)} -> 6.8698507 | ... AG83: {=EntericMethane_PastureBeef_Equations.VEERG_3_2_1_1__3_FeedIntakeForGrazingBeef(AG51,AG67,AI35)} -> 6.8698507 | AH83: =$E$43 -> kg DM/head/day
D84: Spring | E84: {=EntericMethane_PastureBeef_Equations.VEERG_3_2_1_1__3_FeedIntakeForGrazingBeef(E52,E68,I30)} -> 8.6709047 | F84: {=EntericMethane_PastureBeef_Equations.VEERG_3_2_1_1__3_FeedIntakeForGrazingBeef(F52,F68,J30)} -> 12.2465 | G84: {=EntericMethane_PastureBeef_Equations.VEERG_3_2_1_1__3_FeedIntakeForGrazingBeef(G52,G68,K30)} -> 6.6089612 | H84: {=EntericMethane_PastureBeef_Equations.VEERG_3_2_1_1__3_FeedIntakeForGrazingBeef(H52,H68,L30)} -> 9.5403923 | I84: {=EntericMethane_PastureBeef_Equations.VEERG_3_2_1_1__3_FeedIntakeForGrazingBeef(I52,I68,M30)} -> 11.268377 | J84: {=EntericMethane_PastureBeef_Equations.VEERG_3_2_1_1__3_FeedIntakeForGrazingBeef(J52,J68,N30)} -> 11.268377 | K84: {=EntericMethane_PastureBeef_Equations.VEERG_3_2_1_1__3_FeedIntakeForGrazingBeef(K52,K68,O30)} -> 7.6192561 | L84: {=EntericMethane_PastureBeef_Equations.VEERG_3_2_1_1__3_FeedIntakeForGrazingBeef(L52,L68,P30)} -> 9.682428 | ... N84: {=EntericMethane_PastureBeef_Equations.VEERG_3_2_1_1__3_FeedIntakeForGrazingBeef(N52,N68,R30)} -> 9.682428 | O84: =$E$43 -> kg DM/head/day | W84: =TEXT(EDATE('Input - Site'!$E$12,8), "mmmm yyyy") -> September 2025 | X84: {=EntericMethane_PastureBeef_Equations.VEERG_3_2_1_1__3_FeedIntakeForGrazingBeef(X52,X68,Z36)} -> 8.6709047 | Y84: {=EntericMethane_PastureBeef_Equations.VEERG_3_2_1_1__3_FeedIntakeForGrazingBeef(Y52,Y68,AA36)} -> 12.2465 | Z84: {=EntericMethane_PastureBeef_Equations.VEERG_3_2_1_1__3_FeedIntakeForGrazingBeef(Z52,Z68,AB36)} -> 6.6089612 | AA84: {=EntericMethane_PastureBeef_Equations.VEERG_3_2_1_1__3_FeedIntakeForGrazingBeef(AA52,AA68,AC36)} -> 10.624528 | AB84: {=EntericMethane_PastureBeef_Equations.VEERG_3_2_1_1__3_FeedIntakeForGrazingBeef(AB52,AB68,AD36)} -> 11.798087 | AC84: {=EntericMethane_PastureBeef_Equations.VEERG_3_2_1_1__3_FeedIntakeForGrazingBeef(AC52,AC68,AE36)} -> 11.798087 | AD84: {=EntericMethane_PastureBeef_Equations.VEERG_3_2_1_1__3_FeedIntakeForGrazingBeef(AD52,AD68,AF36)} -> 7.6192561 | AE84: {=EntericMethane_PastureBeef_Equations.VEERG_3_2_1_1__3_FeedIntakeForGrazingBeef(AE52,AE68,AG36)} -> 9.682428 | ... AG84: {=EntericMethane_PastureBeef_Equations.VEERG_3_2_1_1__3_FeedIntakeForGrazingBeef(AG52,AG68,AI36)} -> 9.682428 | AH84: =$E$43 -> kg DM/head/day
D85: Summer | E85: {=EntericMethane_PastureBeef_Equations.VEERG_3_2_1_1__3_FeedIntakeForGrazingBeef(E53,E69,I31)} -> 7.1468537 | F85: {=EntericMethane_PastureBeef_Equations.VEERG_3_2_1_1__3_FeedIntakeForGrazingBeef(F53,F69,J31)} -> 9.455994 | G85: {=EntericMethane_PastureBeef_Equations.VEERG_3_2_1_1__3_FeedIntakeForGrazingBeef(G53,G69,K31)} -> 6.0103426 | H85: {=EntericMethane_PastureBeef_Equations.VEERG_3_2_1_1__3_FeedIntakeForGrazingBeef(H53,H69,L31)} -> 8.1853717 | I85: {=EntericMethane_PastureBeef_Equations.VEERG_3_2_1_1__3_FeedIntakeForGrazingBeef(I53,I69,M31)} -> 8.1045195 | J85: {=EntericMethane_PastureBeef_Equations.VEERG_3_2_1_1__3_FeedIntakeForGrazingBeef(J53,J69,N31)} -> 8.1045195 | K85: {=EntericMethane_PastureBeef_Equations.VEERG_3_2_1_1__3_FeedIntakeForGrazingBeef(K53,K69,O31)} -> 6.5876409 | L85: {=EntericMethane_PastureBeef_Equations.VEERG_3_2_1_1__3_FeedIntakeForGrazingBeef(L53,L69,P31)} -> 7.3430702 | ... N85: {=EntericMethane_PastureBeef_Equations.VEERG_3_2_1_1__3_FeedIntakeForGrazingBeef(N53,N69,R31)} -> 7.3430702 | O85: =$E$43 -> kg DM/head/day | W85: =TEXT(EDATE('Input - Site'!$E$12,9), "mmmm yyyy") -> October 2025 | X85: {=EntericMethane_PastureBeef_Equations.VEERG_3_2_1_1__3_FeedIntakeForGrazingBeef(X53,X69,Z37)} -> 8.6709047 | Y85: {=EntericMethane_PastureBeef_Equations.VEERG_3_2_1_1__3_FeedIntakeForGrazingBeef(Y53,Y69,AA37)} -> 12.2465 | Z85: {=EntericMethane_PastureBeef_Equations.VEERG_3_2_1_1__3_FeedIntakeForGrazingBeef(Z53,Z69,AB37)} -> 6.6089612 | AA85: {=EntericMethane_PastureBeef_Equations.VEERG_3_2_1_1__3_FeedIntakeForGrazingBeef(AA53,AA69,AC37)} -> 10.624528 | AB85: {=EntericMethane_PastureBeef_Equations.VEERG_3_2_1_1__3_FeedIntakeForGrazingBeef(AB53,AB69,AD37)} -> 11.798087 | AC85: {=EntericMethane_PastureBeef_Equations.VEERG_3_2_1_1__3_FeedIntakeForGrazingBeef(AC53,AC69,AE37)} -> 11.798087 | AD85: {=EntericMethane_PastureBeef_Equations.VEERG_3_2_1_1__3_FeedIntakeForGrazingBeef(AD53,AD69,AF37)} -> 7.6192561 | AE85: {=EntericMethane_PastureBeef_Equations.VEERG_3_2_1_1__3_FeedIntakeForGrazingBeef(AE53,AE69,AG37)} -> 9.682428 | ... AG85: {=EntericMethane_PastureBeef_Equations.VEERG_3_2_1_1__3_FeedIntakeForGrazingBeef(AG53,AG69,AI37)} -> 9.682428 | AH85: =$E$43 -> kg DM/head/day
D86: Autumn | E86: {=EntericMethane_PastureBeef_Equations.VEERG_3_2_1_1__3_FeedIntakeForGrazingBeef(E54,E70,I32)} -> 3.247204 | F86: {=EntericMethane_PastureBeef_Equations.VEERG_3_2_1_1__3_FeedIntakeForGrazingBeef(F54,F70,J32)} -> 9.4246544 | G86: {=EntericMethane_PastureBeef_Equations.VEERG_3_2_1_1__3_FeedIntakeForGrazingBeef(G54,G70,K32)} -> 2.9603267 | H86: {=EntericMethane_PastureBeef_Equations.VEERG_3_2_1_1__3_FeedIntakeForGrazingBeef(H54,H70,L32)} -> 6.0173755 | I86: {=EntericMethane_PastureBeef_Equations.VEERG_3_2_1_1__3_FeedIntakeForGrazingBeef(I54,I70,M32)} -> 6.7179974 | J86: {=EntericMethane_PastureBeef_Equations.VEERG_3_2_1_1__3_FeedIntakeForGrazingBeef(J54,J70,N32)} -> 6.7179974 | K86: {=EntericMethane_PastureBeef_Equations.VEERG_3_2_1_1__3_FeedIntakeForGrazingBeef(K54,K70,O32)} -> 3.247204 | L86: {=EntericMethane_PastureBeef_Equations.VEERG_3_2_1_1__3_FeedIntakeForGrazingBeef(L54,L70,P32)} -> 5.8953782 | ... N86: {=EntericMethane_PastureBeef_Equations.VEERG_3_2_1_1__3_FeedIntakeForGrazingBeef(N54,N70,R32)} -> 5.8953782 | O86: =$E$43 -> kg DM/head/day | W86: =TEXT(EDATE('Input - Site'!$E$12,10), "mmmm yyyy") -> November 2025 | X86: {=EntericMethane_PastureBeef_Equations.VEERG_3_2_1_1__3_FeedIntakeForGrazingBeef(X54,X70,Z38)} -> 8.6709047 | Y86: {=EntericMethane_PastureBeef_Equations.VEERG_3_2_1_1__3_FeedIntakeForGrazingBeef(Y54,Y70,AA38)} -> 12.2465 | Z86: {=EntericMethane_PastureBeef_Equations.VEERG_3_2_1_1__3_FeedIntakeForGrazingBeef(Z54,Z70,AB38)} -> 6.6089612 | AA86: {=EntericMethane_PastureBeef_Equations.VEERG_3_2_1_1__3_FeedIntakeForGrazingBeef(AA54,AA70,AC38)} -> 9.3235652 | AB86: {=EntericMethane_PastureBeef_Equations.VEERG_3_2_1_1__3_FeedIntakeForGrazingBeef(AB54,AB70,AD38)} -> 10.353423 | AC86: {=EntericMethane_PastureBeef_Equations.VEERG_3_2_1_1__3_FeedIntakeForGrazingBeef(AC54,AC70,AE38)} -> 10.353423 | AD86: {=EntericMethane_PastureBeef_Equations.VEERG_3_2_1_1__3_FeedIntakeForGrazingBeef(AD54,AD70,AF38)} -> 7.6192561 | AE86: {=EntericMethane_PastureBeef_Equations.VEERG_3_2_1_1__3_FeedIntakeForGrazingBeef(AE54,AE70,AG38)} -> 9.682428 | ... AG86: {=EntericMethane_PastureBeef_Equations.VEERG_3_2_1_1__3_FeedIntakeForGrazingBeef(AG54,AG70,AI38)} -> 9.682428 | AH86: =$E$43 -> kg DM/head/day
D87: Winter | E87: {=EntericMethane_PastureBeef_Equations.VEERG_3_2_1_1__3_FeedIntakeForGrazingBeef(E55,E71,I33)} -> 5.132898 | F87: {=EntericMethane_PastureBeef_Equations.VEERG_3_2_1_1__3_FeedIntakeForGrazingBeef(F55,F71,J33)} -> 9.9748589 | G87: {=EntericMethane_PastureBeef_Equations.VEERG_3_2_1_1__3_FeedIntakeForGrazingBeef(G55,G71,K33)} -> 4.202705 | H87: {=EntericMethane_PastureBeef_Equations.VEERG_3_2_1_1__3_FeedIntakeForGrazingBeef(H55,H71,L33)} -> 7.1726535 | I87: {=EntericMethane_PastureBeef_Equations.VEERG_3_2_1_1__3_FeedIntakeForGrazingBeef(I55,I71,M33)} -> 9.1451951 | J87: {=EntericMethane_PastureBeef_Equations.VEERG_3_2_1_1__3_FeedIntakeForGrazingBeef(J55,J71,N33)} -> 9.1451951 | K87: {=EntericMethane_PastureBeef_Equations.VEERG_3_2_1_1__3_FeedIntakeForGrazingBeef(K55,K71,O33)} -> 4.5122681 | L87: {=EntericMethane_PastureBeef_Equations.VEERG_3_2_1_1__3_FeedIntakeForGrazingBeef(L55,L71,P33)} -> 6.8698507 | ... N87: {=EntericMethane_PastureBeef_Equations.VEERG_3_2_1_1__3_FeedIntakeForGrazingBeef(N55,N71,R33)} -> 6.8698507 | O87: =$E$43 -> kg DM/head/day | W87: =TEXT(EDATE('Input - Site'!$E$12,11), "mmmm yyyy") -> December 2025 | X87: {=EntericMethane_PastureBeef_Equations.VEERG_3_2_1_1__3_FeedIntakeForGrazingBeef(X55,X71,Z39)} -> 7.1468537 | Y87: {=EntericMethane_PastureBeef_Equations.VEERG_3_2_1_1__3_FeedIntakeForGrazingBeef(Y55,Y71,AA39)} -> 9.455994 | Z87: {=EntericMethane_PastureBeef_Equations.VEERG_3_2_1_1__3_FeedIntakeForGrazingBeef(Z55,Z71,AB39)} -> 6.0103426 | AA87: {=EntericMethane_PastureBeef_Equations.VEERG_3_2_1_1__3_FeedIntakeForGrazingBeef(AA55,AA71,AC39)} -> 8.4608409 | AB87: {=EntericMethane_PastureBeef_Equations.VEERG_3_2_1_1__3_FeedIntakeForGrazingBeef(AB55,AB71,AD39)} -> 8.3772678 | AC87: {=EntericMethane_PastureBeef_Equations.VEERG_3_2_1_1__3_FeedIntakeForGrazingBeef(AC55,AC71,AE39)} -> 8.3772678 | AD87: {=EntericMethane_PastureBeef_Equations.VEERG_3_2_1_1__3_FeedIntakeForGrazingBeef(AD55,AD71,AF39)} -> 6.5876409 | AE87: {=EntericMethane_PastureBeef_Equations.VEERG_3_2_1_1__3_FeedIntakeForGrazingBeef(AE55,AE71,AG39)} -> 7.3430702 | ... AG87: {=EntericMethane_PastureBeef_Equations.VEERG_3_2_1_1__3_FeedIntakeForGrazingBeef(AG55,AG71,AI39)} -> 7.3430702 | AH87: =$E$43 -> kg DM/head/day
D99: {=MMS_PastureBeef_Methane_Equations.VEERG_4_2_1_1__3_VolatileSolidProductionFromGrazingBeef_Title()} -> Volatile solid production from grazing beef
D100: {=MMS_PastureBeef_Methane_Equations.VEERG_4_2_1_1__3_VolatileSolidProductionFromGrazingBeef_Source()} -> VEERG 2026: 4.2.1.1, Equation (3)
D101: Function name | E101: {=Common_InputFunctions.Utility_DisplayFunctionName($E$131)} -> =MMS_PastureBeef_Methane_Equations.VEERG_4_2_1_1__3_VolatileSolidProductionFromGrazingBeef
D105: Variable | E105: {=MMS_PastureBeef_Methane_Equations.VEERG_4_2_1_1__3_VolatileSolidProductionFromGrazingBeef_Variable()} -> VS_jkl
D106: Unit | E106: {=MMS_PastureBeef_Methane_Equations.VEERG_4_2_1_1__3_VolatileSolidProductionFromGrazingBeef_Unit()} -> kg/head/day
D108: {=_xlfn.CHOOSECOLS(MMS_PastureBeef_Methane_Equations.VEERG_4_2_1_1__3_VolatileSolidProductionFromGrazingBeef_Arguments(), 1, 2)} -> I_jkl | E108: dry matter intake as calculated in Chapter 3 Section 3.2.1 | G108: {=_xlfn.CHOOSECOLS(MMS_PastureBeef_Methane_Equations.VEERG_4_2_1_1__3_VolatileSolidProductionFromGrazingBeef_Arguments(), 3,4)} -> kg/head/day | H108: Calculated from 3.2.1.1, (3) | I108: {=HYPERLINK(Common_InputFunctions.Utility_SourceHyperlink($D$81), $D$81)} -> M1_Table_I_j_k_l
D109: DMD_jkl | E109: dry matter digestibility expressed as a fraction | G109: fraction | H109: Input | I109: {=HYPERLINK(Common_InputFunctions.Utility_SourceHyperlink($D$112), $D$112)} -> M1_Table_DMD_j_k_l
D110: A | E110: ash content of feed intake expressed as a fraction | G110: fraction | H110: Constant | I110: ='Constants - Pature Beef'!$D$422 -> 0.08
D112: M1_Table_DMD_j_k_l | W112: M2_Table_DMD_j_k_l
D113: Dry matter digestibility (Method 1) | W113: Dry matter digestibility (Method 2)
D114: Season | E114: Bulls < 1 year | F114: Bulls > 1 year | G114: Cows < 1 year | H114: Cows 1-2 years | I114: Cows 2-3 years | J114: Cows > 3 years | K114: Steers < 1 year | L114: Steers 1-2 years | M114: Steers 2-3 years | N114: Steers >3 years | W114: Month | X114: Bulls < 1 year | Y114: Bulls > 1 year | Z114: Cows < 1 year | AA114: Cows 1-2 years | AB114: Cows 2-3 years | AC114: Cows > 3 years | AD114: Steers < 1 year | AE114: Steers 1-2 years | AF114: Steers 2-3 years | AG114: Steers >3 years
D115: Spring | E115: {=OFFSET(X_Table_PastureBeef_DryMatterDigestibility_Method1, 1,1, 4,10)} -> 0.8 | F115: 0.8 | G115: 0.8 | H115: 0.8 | I115: 0.8 | J115: 0.8 | K115: 0.8 | L115: 0.8 | M115: 0.8 | N115: 0.8 | O115: fraction | W115: ='Input - Pasture Beef'!D160 -> January 2025 | X115: {=OFFSET(X_Table_PastureBeef_DryMatterDigestibility_Method2, 1,1, 12,10)} -> 0.58 | Y115: 0.58 | Z115: 0.58 | AA115: 0.58 | AB115: 0.58 | AC115: 0.58 | AD115: 0.58 | AE115: 0.58 | AF115: 0.58 | AG115: 0.58 | AH115: fraction
D116: Summer | E116: 0.58 | F116: 0.58 | G116: 0.58 | H116: 0.58 | I116: 0.58 | J116: 0.58 | K116: 0.58 | L116: 0.58 | M116: 0.58 | N116: 0.58 | O116: fraction | W116: ='Input - Pasture Beef'!D161 -> February 2025 | X116: 0.58 | Y116: 0.58 | Z116: 0.58 | AA116: 0.58 | AB116: 0.58 | AC116: 0.58 | AD116: 0.58 | AE116: 0.58 | AF116: 0.58 | AG116: 0.58 | AH116: fraction
D117: Autumn | E117: 0.5 | F117: 0.5 | G117: 0.5 | H117: 0.5 | I117: 0.5 | J117: 0.5 | K117: 0.5 | L117: 0.5 | M117: 0.5 | N117: 0.5 | O117: fraction | W117: ='Input - Pasture Beef'!D162 -> March 2025 | X117: 0.5 | Y117: 0.5 | Z117: 0.5 | AA117: 0.5 | AB117: 0.5 | AC117: 0.5 | AD117: 0.5 | AE117: 0.5 | AF117: 0.5 | AG117: 0.5 | AH117: fraction
D118: Winter | E118: 0.75 | F118: 0.75 | G118: 0.75 | H118: 0.75 | I118: 0.75 | J118: 0.75 | K118: 0.75 | L118: 0.75 | M118: 0.75 | N118: 0.75 | O118: fraction | W118: ='Input - Pasture Beef'!D163 -> April 2025 | X118: 0.5 | Y118: 0.5 | Z118: 0.5 | AA118: 0.5 | AB118: 0.5 | AC118: 0.5 | AD118: 0.5 | AE118: 0.5 | AF118: 0.5 | AG118: 0.5 | AH118: fraction
W119: ='Input - Pasture Beef'!D164 -> May 2025 | X119: 0.5 | Y119: 0.5 | Z119: 0.5 | AA119: 0.5 | AB119: 0.5 | AC119: 0.5 | AD119: 0.5 | AE119: 0.5 | AF119: 0.5 | AG119: 0.5 | AH119: fraction
W120: ='Input - Pasture Beef'!D165 -> June 2025 | X120: 0.75 | Y120: 0.75 | Z120: 0.75 | AA120: 0.75 | AB120: 0.75 | AC120: 0.75 | AD120: 0.75 | AE120: 0.75 | AF120: 0.75 | AG120: 0.75 | AH120: fraction
W121: ='Input - Pasture Beef'!D166 -> July 2025 | X121: 0.75 | Y121: 0.75 | Z121: 0.75 | AA121: 0.75 | AB121: 0.75 | AC121: 0.75 | AD121: 0.75 | AE121: 0.75 | AF121: 0.75 | AG121: 0.75 | AH121: fraction
...

Sheet 4.2.1.3-4 Soil direct N20
A1: #VALUE! | C1: 4.2.1.3-4 Manure Direct N2O
A3: =HYPERLINK("#'Home'!A1", "Home") -> Home | D3: Method 1 | U3: Method 2
A4: =HYPERLINK("#'Results'!A1", "Results") -> Results
D5: {=MMS_PastureBeef_Soil_N2ODirect_Equations.VEERG_4_2_1_3__7_RelativeSize_Title()} -> Relative size of the cattle
A6: INPUTS | D6: {=MMS_PastureBeef_Soil_N2ODirect_Equations.VEERG_4_2_1_3__7_RelativeSize_Source()} -> VEERG 2026: 4.2.1.3, Equation (7)
A7: =HYPERLINK("#'Input - Site'!A1", "Site") -> Site | D7: Function name | E7: {=Common_InputFunctions.Utility_DisplayFunctionName(E33)} -> =MMS_PastureBeef_Soil_N2ODirect_Equations.VEERG_4_2_1_3__7_RelativeSize
A8: =HYPERLINK("#'Input - Pasture Beef'!A1", "Pasture Beef") -> Pasture Beef
A10: CALCULATIONS | D10: Variable | E10: {=MMS_PastureBeef_Soil_N2ODirect_Equations.VEERG_4_2_1_3__7_RelativeSize_Variable()} -> Z_jkl
A11: =HYPERLINK("#'4.2.1.1-2 Methane'!A1", "4.2.1.1-2 Methane") -> 4.2.1.1-2 Methane | D11: Unit | E11: {=MMS_PastureBeef_Soil_N2ODirect_Equations.VEERG_4_2_1_3__7_RelativeSize_Unit()} -> ratio
A12: =HYPERLINK("#'4.2.1.3-4 Soil direct N2O'!A1", "4.2.1.3-4 Soil direct N2O") -> 4.2.1.3-4 Soil direct N2O
A13: =HYPERLINK("#'4.2.1.5-6 Soil Atmos Dep'!A1", "4.2.1.5-6 Soil atm. deposition") -> 4.2.1.5-6 Soil atm. deposition | D13: {=_xlfn.CHOOSECOLS(MMS_PastureBeef_Soil_N2ODirect_Equations.VEERG_4_2_1_3__7_RelativeSize_Arguments(),1,2)} -> W_jkl | E13: liveweight (kg) | F13: {=_xlfn.CHOOSECOLS(MMS_PastureBeef_Soil_N2ODirect_Equations.VEERG_4_2_1_3__7_RelativeSize_Arguments(),3,4)} -> kg | G13: Input | H13: {=HYPERLINK(Common_InputFunctions.Utility_SourceHyperlink(D17), D17)} -> M1_Table_W_j_k_l
A14: =HYPERLINK("#'4.2.1.7-8 Soil leach runoff'!A1", "4.2.1.7-8 Soil leach & runoff") -> 4.2.1.7-8 Soil leach & runoff | D14: SRW_k | E14: standard reference weight (kg) | F14: kg | G14: Constant | H14: {=HYPERLINK(Common_InputFunctions.Utility_SourceHyperlink(D25), D25)} -> Table_SRW_k
D15: i | E15: state | G15: Input | H15: ='Input - Pasture Beef'!$E$7 -> Western Australia
A16: APPENDICES
A17: =HYPERLINK("#'Constants - Pasture Beef'!A1", "Constants - Pasture Beef") -> Constants - Pasture Beef | D17: M1_Table_W_j_k_l | U17: M2_Table_LW_j_k_l
A18: =HYPERLINK("#'Constants - Livestock'!A1", "Constants - Livestock") -> Constants - Livestock | D18: Liveweight (Method 1) | U18: Liveweight (Method 2)
A19: =HYPERLINK("#'Constants - Common'!A1", "Constants - Common") -> Constants - Common | D19: Season | E19: Bulls < 1 year | F19: Bulls > 1 year | G19: Cows < 1 year | H19: Cows 1-2 years | I19: Cows 2-3 years | J19: Cows > 3 years | K19: Steers < 1 year | L19: Steers 1-2 years | M19: Steers 2-3 years | N19: Steers >3 years | U19: Month | V19: Bulls < 1 year | W19: Bulls > 1 year | X19: Cows < 1 year | Y19: Cows 1-2 years | Z19: Cows 2-3 years | AA19: Cows > 3 years | AB19: Steers < 1 year | AC19: Steers 1-2 years | AD19: Steers 2-3 years | AE19: Steers >3 years
A20: =HYPERLINK("#'Acknowledgements'!A1", "Acknowledgements") -> Acknowledgements | D20: ='Input - Pasture Beef'!D60 -> Spring | E20: {=OFFSET(X_Table_PastureBeef_Liveweight_Method1, 1,1, 4,10)} -> 340 | F20: 800 | G20: 260 | H20: 420 | I20: 550 | J20: 550 | K20: 300 | L20: 480 | M20: 480 | N20: 480 | O20: kg/head | U20: =TEXT('Input - Site'!$E$12, "mmmm yyyy") -> January 2025 | V20: {=OFFSET(X_Table_PastureBeef_Liveweight_Method2, 1,1, 12,10)} -> 380 | W20: 780 | X20: 300 | Y20: 450 | Z20: 530 | AA20: 530 | AB20: 340 | AC20: 470 | AD20: 470 | AE20: 470 | AF20: kg/head
D21: ='Input - Pasture Beef'!D61 -> Summer | E21: 380 | F21: 780 | G21: 300 | H21: 450 | I21: 530 | J21: 530 | K21: 340 | L21: 470 | M21: 470 | N21: 470 | O21: kg/head | U21: =TEXT(EDATE('Input - Site'!$E$12,1), "mmmm yyyy") -> February 2025 | V21: 380 | W21: 780 | X21: 300 | Y21: 450 | Z21: 530 | AA21: 530 | AB21: 340 | AC21: 470 | AD21: 470 | AE21: 470 | AF21: kg/head
D22: ='Input - Pasture Beef'!D62 -> Autumn | E22: 100 | F22: 680 | G22: 80 | H22: 320 | I22: 480 | J22: 480 | K22: 100 | L22: 340 | M22: 340 | N22: 340 | O22: kg/head | U22: =TEXT(EDATE('Input - Site'!$E$12,2), "mmmm yyyy") -> March 2025 | V22: 100 | W22: 680 | X22: 80 | Y22: 320 | Z22: 480 | AA22: 480 | AB22: 100 | AC22: 340 | AD22: 340 | AE22: 340 | AF22: kg/head
D23: ='Input - Pasture Beef'!D63 -> Winter | E23: 190 | F23: 700 | G23: 150 | H23: 330 | I23: 490 | J23: 490 | K23: 170 | L23: 360 | M23: 360 | N23: 360 | O23: kg/head | U23: =TEXT(EDATE('Input - Site'!$E$12,3), "mmmm yyyy") -> April 2025 | V23: 100 | W23: 680 | X23: 80 | Y23: 320 | Z23: 480 | AA23: 480 | AB23: 100 | AC23: 340 | AD23: 340 | AE23: 340 | AF23: kg/head
U24: =TEXT(EDATE('Input - Site'!$E$12,4), "mmmm yyyy") -> May 2025 | V24: 100 | W24: 680 | X24: 80 | Y24: 320 | Z24: 480 | AA24: 480 | AB24: 100 | AC24: 340 | AD24: 340 | AE24: 340 | AF24: kg/head
D25: Table_SRW_k | U25: =TEXT(EDATE('Input - Site'!$E$12,5), "mmmm yyyy") -> June 2025 | V25: 190 | W25: 700 | X25: 150 | Y25: 330 | Z25: 490 | AA25: 490 | AB25: 170 | AC25: 360 | AD25: 360 | AE25: 360 | AF25: kg/head
D26: Standard reference weight | U26: =TEXT(EDATE('Input - Site'!$E$12,6), "mmmm yyyy") -> July 2025 | V26: 190 | W26: 700 | X26: 150 | Y26: 330 | Z26: 490 | AA26: 490 | AB26: 170 | AC26: 360 | AD26: 360 | AE26: 360 | AF26: kg/head
D27: Bulls < 1 year | E27: Bulls > 1 year | F27: Cows < 1 year | G27: Cows 1-2 years | H27: Cows 2-3 years | I27: Cows > 3 years | J27: Steers < 1 year | K27: Steers 1-2 years | L27: Steers 2-3 years | M27: Steers >3 years | U27: =TEXT(EDATE('Input - Site'!$E$12,7), "mmmm yyyy") -> August 2025 | V27: 190 | W27: 700 | X27: 150 | Y27: 330 | Z27: 490 | AA27: 490 | AB27: 170 | AC27: 360 | AD27: 360 | AE27: 360 | AF27: kg/head
D28: =Common_InputFunctions.Utility_LookupValueInTableOneColumnAndHeader(Common_InputFunctions.Utility_ConvertStateCommonNameToAbbreviation($H$15,Table_AustralianStates[Common Name],Table_AustralianStates[Abbreviation]),D27,Table_SourceData_PastureBeef_StandardReferenceWeightsExpanded[State abbreviation],Table_SourceData_PastureBeef_StandardReferenceWeightsExpanded[#Headers],Table_SourceData_PastureBeef_StandardReferenceWeightsExpanded[]) -> 770 | E28: =Common_InputFunctions.Utility_LookupValueInTableOneColumnAndHeader(Common_InputFunctions.Utility_ConvertStateCommonNameToAbbreviation($H$15,Table_AustralianStates[Common Name],Table_AustralianStates[Abbreviation]),E27,Table_SourceData_PastureBeef_StandardReferenceWeightsExpanded[State abbreviation],Table_SourceData_PastureBeef_StandardReferenceWeightsExpanded[#Headers],Table_SourceData_PastureBeef_StandardReferenceWeightsExpanded[]) -> 770 | F28: =Common_InputFunctions.Utility_LookupValueInTableOneColumnAndHeader(Common_InputFunctions.Utility_ConvertStateCommonNameToAbbreviation($H$15,Table_AustralianStates[Common Name],Table_AustralianStates[Abbreviation]),F27,Table_SourceData_PastureBeef_StandardReferenceWeightsExpanded[State abbreviation],Table_SourceData_PastureBeef_StandardReferenceWeightsExpanded[#Headers],Table_SourceData_PastureBeef_StandardReferenceWeightsExpanded[]) -> 550 | G28: =Common_InputFunctions.Utility_LookupValueInTableOneColumnAndHeader(Common_InputFunctions.Utility_ConvertStateCommonNameToAbbreviation($H$15,Table_AustralianStates[Common Name],Table_AustralianStates[Abbreviation]),G27,Table_SourceData_PastureBeef_StandardReferenceWeightsExpanded[State abbreviation],Table_SourceData_PastureBeef_StandardReferenceWeightsExpanded[#Headers],Table_SourceData_PastureBeef_StandardReferenceWeightsExpanded[]) -> 550 | H28: =Common_InputFunctions.Utility_LookupValueInTableOneColumnAndHeader(Common_InputFunctions.Utility_ConvertStateCommonNameToAbbreviation($H$15,Table_AustralianStates[Common Name],Table_AustralianStates[Abbreviation]),H27,Table_SourceData_PastureBeef_StandardReferenceWeightsExpanded[State abbreviation],Table_SourceData_PastureBeef_StandardReferenceWeightsExpanded[#Headers],Table_SourceData_PastureBeef_StandardReferenceWeightsExpanded[]) -> 550 | I28: =Common_InputFunctions.Utility_LookupValueInTableOneColumnAndHeader(Common_InputFunctions.Utility_ConvertStateCommonNameToAbbreviation($H$15,Table_AustralianStates[Common Name],Table_AustralianStates[Abbreviation]),I27,Table_SourceData_PastureBeef_StandardReferenceWeightsExpanded[State abbreviation],Table_SourceData_PastureBeef_StandardReferenceWeightsExpanded[#Headers],Table_SourceData_PastureBeef_StandardReferenceWeightsExpanded[]) -> 550 | J28: =Common_InputFunctions.Utility_LookupValueInTableOneColumnAndHeader(Common_InputFunctions.Utility_ConvertStateCommonNameToAbbreviation($H$15,Table_AustralianStates[Common Name],Table_AustralianStates[Abbreviation]),J27,Table_SourceData_PastureBeef_StandardReferenceWeightsExpanded[State abbreviation],Table_SourceData_PastureBeef_StandardReferenceWeightsExpanded[#Headers],Table_SourceData_PastureBeef_StandardReferenceWeightsExpanded[]) -> 660 | K28: =Common_InputFunctions.Utility_LookupValueInTableOneColumnAndHeader(Common_InputFunctions.Utility_ConvertStateCommonNameToAbbreviation($H$15,Table_AustralianStates[Common Name],Table_AustralianStates[Abbreviation]),K27,Table_SourceData_PastureBeef_StandardReferenceWeightsExpanded[State abbreviation],Table_SourceData_PastureBeef_StandardReferenceWeightsExpanded[#Headers],Table_SourceData_PastureBeef_StandardReferenceWeightsExpanded[]) -> 660 | ... M28: =Common_InputFunctions.Utility_LookupValueInTableOneColumnAndHeader(Common_InputFunctions.Utility_ConvertStateCommonNameToAbbreviation($H$15,Table_AustralianStates[Common Name],Table_AustralianStates[Abbreviation]),M27,Table_SourceData_PastureBeef_StandardReferenceWeightsExpanded[State abbreviation],Table_SourceData_PastureBeef_StandardReferenceWeightsExpanded[#Headers],Table_SourceData_PastureBeef_StandardReferenceWeightsExpanded[]) -> 660 | N28: kg/head | U28: =TEXT(EDATE('Input - Site'!$E$12,8), "mmmm yyyy") -> September 2025 | V28: 340 | W28: 800 | X28: 260 | Y28: 420 | Z28: 550 | AA28: 550 | AB28: 300 | AC28: 480 | AD28: 480 | AE28: 480 | AF28: kg/head
U29: =TEXT(EDATE('Input - Site'!$E$12,9), "mmmm yyyy") -> October 2025 | V29: 340 | W29: 800 | X29: 260 | Y29: 420 | Z29: 550 | AA29: 550 | AB29: 300 | AC29: 480 | AD29: 480 | AE29: 480 | AF29: kg/head
D30: M1_Table_Z_j_k_l | U30: =TEXT(EDATE('Input - Site'!$E$12,10), "mmmm yyyy") -> November 2025 | V30: 340 | W30: 800 | X30: 260 | Y30: 420 | Z30: 550 | AA30: 550 | AB30: 300 | AC30: 480 | AD30: 480 | AE30: 480 | AF30: kg/head
D31: Relative size (Method 1) | U31: =TEXT(EDATE('Input - Site'!$E$12,11), "mmmm yyyy") -> December 2025 | V31: 380 | W31: 780 | X31: 300 | Y31: 450 | Z31: 530 | AA31: 530 | AB31: 340 | AC31: 470 | AD31: 470 | AE31: 470 | AF31: kg/head
D32: Season | E32: Bulls < 1 year | F32: Bulls > 1 year | G32: Cows < 1 year | H32: Cows 1-2 years | I32: Cows 2-3 years | J32: Cows > 3 years | K32: Steers < 1 year | L32: Steers 1-2 years | M32: Steers 2-3 years | N32: Steers >3 years
D33: ='Input - Pasture Beef'!D60 -> Spring | E33: {=MMS_PastureBeef_Soil_N2ODirect_Equations.VEERG_4_2_1_3__7_RelativeSize(E20,D$28)} -> 0.44155844 | F33: {=MMS_PastureBeef_Soil_N2ODirect_Equations.VEERG_4_2_1_3__7_RelativeSize(F20,E$28)} -> 1.038961 | G33: {=MMS_PastureBeef_Soil_N2ODirect_Equations.VEERG_4_2_1_3__7_RelativeSize(G20,F$28)} -> 0.47272727 | H33: {=MMS_PastureBeef_Soil_N2ODirect_Equations.VEERG_4_2_1_3__7_RelativeSize(H20,G$28)} -> 0.76363636 | I33: {=MMS_PastureBeef_Soil_N2ODirect_Equations.VEERG_4_2_1_3__7_RelativeSize(I20,H$28)} -> 1 | J33: {=MMS_PastureBeef_Soil_N2ODirect_Equations.VEERG_4_2_1_3__7_RelativeSize(J20,I$28)} -> 1 | K33: {=MMS_PastureBeef_Soil_N2ODirect_Equations.VEERG_4_2_1_3__7_RelativeSize(K20,J$28)} -> 0.45454545 | L33: {=MMS_PastureBeef_Soil_N2ODirect_Equations.VEERG_4_2_1_3__7_RelativeSize(L20,K$28)} -> 0.72727273 | ... N33: {=MMS_PastureBeef_Soil_N2ODirect_Equations.VEERG_4_2_1_3__7_RelativeSize(N20,M$28)} -> 0.72727273 | O33: =$E$11 -> ratio | U33: M2_Table_Z_j_k_l
D34: ='Input - Pasture Beef'!D61 -> Summer | E34: {=MMS_PastureBeef_Soil_N2ODirect_Equations.VEERG_4_2_1_3__7_RelativeSize(E21,D$28)} -> 0.49350649 | F34: {=MMS_PastureBeef_Soil_N2ODirect_Equations.VEERG_4_2_1_3__7_RelativeSize(F21,E$28)} -> 1.012987 | G34: {=MMS_PastureBeef_Soil_N2ODirect_Equations.VEERG_4_2_1_3__7_RelativeSize(G21,F$28)} -> 0.54545455 | H34: {=MMS_PastureBeef_Soil_N2ODirect_Equations.VEERG_4_2_1_3__7_RelativeSize(H21,G$28)} -> 0.81818182 | I34: {=MMS_PastureBeef_Soil_N2ODirect_Equations.VEERG_4_2_1_3__7_RelativeSize(I21,H$28)} -> 0.96363636 | J34: {=MMS_PastureBeef_Soil_N2ODirect_Equations.VEERG_4_2_1_3__7_RelativeSize(J21,I$28)} -> 0.96363636 | K34: {=MMS_PastureBeef_Soil_N2ODirect_Equations.VEERG_4_2_1_3__7_RelativeSize(K21,J$28)} -> 0.51515152 | L34: {=MMS_PastureBeef_Soil_N2ODirect_Equations.VEERG_4_2_1_3__7_RelativeSize(L21,K$28)} -> 0.71212121 | ... N34: {=MMS_PastureBeef_Soil_N2ODirect_Equations.VEERG_4_2_1_3__7_RelativeSize(N21,M$28)} -> 0.71212121 | O34: =$E$11 -> ratio | U34: Relative size (Method 2)
D35: ='Input - Pasture Beef'!D62 -> Autumn | E35: {=MMS_PastureBeef_Soil_N2ODirect_Equations.VEERG_4_2_1_3__7_RelativeSize(E22,D$28)} -> 0.12987013 | F35: {=MMS_PastureBeef_Soil_N2ODirect_Equations.VEERG_4_2_1_3__7_RelativeSize(F22,E$28)} -> 0.88311688 | G35: {=MMS_PastureBeef_Soil_N2ODirect_Equations.VEERG_4_2_1_3__7_RelativeSize(G22,F$28)} -> 0.14545455 | H35: {=MMS_PastureBeef_Soil_N2ODirect_Equations.VEERG_4_2_1_3__7_RelativeSize(H22,G$28)} -> 0.58181818 | I35: {=MMS_PastureBeef_Soil_N2ODirect_Equations.VEERG_4_2_1_3__7_RelativeSize(I22,H$28)} -> 0.87272727 | J35: {=MMS_PastureBeef_Soil_N2ODirect_Equations.VEERG_4_2_1_3__7_RelativeSize(J22,I$28)} -> 0.87272727 | K35: {=MMS_PastureBeef_Soil_N2ODirect_Equations.VEERG_4_2_1_3__7_RelativeSize(K22,J$28)} -> 0.15151515 | L35: {=MMS_PastureBeef_Soil_N2ODirect_Equations.VEERG_4_2_1_3__7_RelativeSize(L22,K$28)} -> 0.51515152 | ... N35: {=MMS_PastureBeef_Soil_N2ODirect_Equations.VEERG_4_2_1_3__7_RelativeSize(N22,M$28)} -> 0.51515152 | O35: =$E$11 -> ratio | U35: Month | V35: Bulls < 1 year | W35: Bulls > 1 year | X35: Cows < 1 year | Y35: Cows 1-2 years | Z35: Cows 2-3 years | AA35: Cows > 3 years | AB35: Steers < 1 year | AC35: Steers 1-2 years | AD35: Steers 2-3 years | AE35: Steers >3 years
D36: ='Input - Pasture Beef'!D63 -> Winter | E36: {=MMS_PastureBeef_Soil_N2ODirect_Equations.VEERG_4_2_1_3__7_RelativeSize(E23,D$28)} -> 0.24675325 | F36: {=MMS_PastureBeef_Soil_N2ODirect_Equations.VEERG_4_2_1_3__7_RelativeSize(F23,E$28)} -> 0.90909091 | G36: {=MMS_PastureBeef_Soil_N2ODirect_Equations.VEERG_4_2_1_3__7_RelativeSize(G23,F$28)} -> 0.27272727 | H36: {=MMS_PastureBeef_Soil_N2ODirect_Equations.VEERG_4_2_1_3__7_RelativeSize(H23,G$28)} -> 0.6 | I36: {=MMS_PastureBeef_Soil_N2ODirect_Equations.VEERG_4_2_1_3__7_RelativeSize(I23,H$28)} -> 0.89090909 | J36: {=MMS_PastureBeef_Soil_N2ODirect_Equations.VEERG_4_2_1_3__7_RelativeSize(J23,I$28)} -> 0.89090909 | K36: {=MMS_PastureBeef_Soil_N2ODirect_Equations.VEERG_4_2_1_3__7_RelativeSize(K23,J$28)} -> 0.25757576 | L36: {=MMS_PastureBeef_Soil_N2ODirect_Equations.VEERG_4_2_1_3__7_RelativeSize(L23,K$28)} -> 0.54545455 | ... N36: {=MMS_PastureBeef_Soil_N2ODirect_Equations.VEERG_4_2_1_3__7_RelativeSize(N23,M$28)} -> 0.54545455 | O36: =$E$11 -> ratio | U36: =TEXT('Input - Site'!$E$12, "mmmm yyyy") -> January 2025 | V36: {=MMS_PastureBeef_Soil_N2ODirect_Equations.VEERG_4_2_1_3__7_RelativeSize(V20,D$28)} -> 0.49350649 | W36: {=MMS_PastureBeef_Soil_N2ODirect_Equations.VEERG_4_2_1_3__7_RelativeSize(W20,E$28)} -> 1.012987 | X36: {=MMS_PastureBeef_Soil_N2ODirect_Equations.VEERG_4_2_1_3__7_RelativeSize(X20,F$28)} -> 0.54545455 | Y36: {=MMS_PastureBeef_Soil_N2ODirect_Equations.VEERG_4_2_1_3__7_RelativeSize(Y20,G$28)} -> 0.81818182 | Z36: {=MMS_PastureBeef_Soil_N2ODirect_Equations.VEERG_4_2_1_3__7_RelativeSize(Z20,H$28)} -> 0.96363636 | AA36: {=MMS_PastureBeef_Soil_N2ODirect_Equations.VEERG_4_2_1_3__7_RelativeSize(AA20,I$28)} -> 0.96363636 | AB36: {=MMS_PastureBeef_Soil_N2ODirect_Equations.VEERG_4_2_1_3__7_RelativeSize(AB20,J$28)} -> 0.51515152 | AC36: {=MMS_PastureBeef_Soil_N2ODirect_Equations.VEERG_4_2_1_3__7_RelativeSize(AC20,K$28)} -> 0.71212121 | ... AE36: {=MMS_PastureBeef_Soil_N2ODirect_Equations.VEERG_4_2_1_3__7_RelativeSize(AE20,M$28)} -> 0.71212121 | AF36: =$E$11 -> ratio
U37: =TEXT(EDATE('Input - Site'!$E$12,1), "mmmm yyyy") -> February 2025 | V37: {=MMS_PastureBeef_Soil_N2ODirect_Equations.VEERG_4_2_1_3__7_RelativeSize(V21,D$28)} -> 0.49350649 | W37: {=MMS_PastureBeef_Soil_N2ODirect_Equations.VEERG_4_2_1_3__7_RelativeSize(W21,E$28)} -> 1.012987 | X37: {=MMS_PastureBeef_Soil_N2ODirect_Equations.VEERG_4_2_1_3__7_RelativeSize(X21,F$28)} -> 0.54545455 | Y37: {=MMS_PastureBeef_Soil_N2ODirect_Equations.VEERG_4_2_1_3__7_RelativeSize(Y21,G$28)} -> 0.81818182 | Z37: {=MMS_PastureBeef_Soil_N2ODirect_Equations.VEERG_4_2_1_3__7_RelativeSize(Z21,H$28)} -> 0.96363636 | AA37: {=MMS_PastureBeef_Soil_N2ODirect_Equations.VEERG_4_2_1_3__7_RelativeSize(AA21,I$28)} -> 0.96363636 | AB37: {=MMS_PastureBeef_Soil_N2ODirect_Equations.VEERG_4_2_1_3__7_RelativeSize(AB21,J$28)} -> 0.51515152 | AC37: {=MMS_PastureBeef_Soil_N2ODirect_Equations.VEERG_4_2_1_3__7_RelativeSize(AC21,K$28)} -> 0.71212121 | ... AE37: {=MMS_PastureBeef_Soil_N2ODirect_Equations.VEERG_4_2_1_3__7_RelativeSize(AE21,M$28)} -> 0.71212121 | AF37: =$E$11 -> ratio
U38: =TEXT(EDATE('Input - Site'!$E$12,2), "mmmm yyyy") -> March 2025 | V38: {=MMS_PastureBeef_Soil_N2ODirect_Equations.VEERG_4_2_1_3__7_RelativeSize(V22,D$28)} -> 0.12987013 | W38: {=MMS_PastureBeef_Soil_N2ODirect_Equations.VEERG_4_2_1_3__7_RelativeSize(W22,E$28)} -> 0.88311688 | X38: {=MMS_PastureBeef_Soil_N2ODirect_Equations.VEERG_4_2_1_3__7_RelativeSize(X22,F$28)} -> 0.14545455 | Y38: {=MMS_PastureBeef_Soil_N2ODirect_Equations.VEERG_4_2_1_3__7_RelativeSize(Y22,G$28)} -> 0.58181818 | Z38: {=MMS_PastureBeef_Soil_N2ODirect_Equations.VEERG_4_2_1_3__7_RelativeSize(Z22,H$28)} -> 0.87272727 | AA38: {=MMS_PastureBeef_Soil_N2ODirect_Equations.VEERG_4_2_1_3__7_RelativeSize(AA22,I$28)} -> 0.87272727 | AB38: {=MMS_PastureBeef_Soil_N2ODirect_Equations.VEERG_4_2_1_3__7_RelativeSize(AB22,J$28)} -> 0.15151515 | AC38: {=MMS_PastureBeef_Soil_N2ODirect_Equations.VEERG_4_2_1_3__7_RelativeSize(AC22,K$28)} -> 0.51515152 | ... AE38: {=MMS_PastureBeef_Soil_N2ODirect_Equations.VEERG_4_2_1_3__7_RelativeSize(AE22,M$28)} -> 0.51515152 | AF38: =$E$11 -> ratio
U39: =TEXT(EDATE('Input - Site'!$E$12,3), "mmmm yyyy") -> April 2025 | V39: {=MMS_PastureBeef_Soil_N2ODirect_Equations.VEERG_4_2_1_3__7_RelativeSize(V23,D$28)} -> 0.12987013 | W39: {=MMS_PastureBeef_Soil_N2ODirect_Equations.VEERG_4_2_1_3__7_RelativeSize(W23,E$28)} -> 0.88311688 | X39: {=MMS_PastureBeef_Soil_N2ODirect_Equations.VEERG_4_2_1_3__7_RelativeSize(X23,F$28)} -> 0.14545455 | Y39: {=MMS_PastureBeef_Soil_N2ODirect_Equations.VEERG_4_2_1_3__7_RelativeSize(Y23,G$28)} -> 0.58181818 | Z39: {=MMS_PastureBeef_Soil_N2ODirect_Equations.VEERG_4_2_1_3__7_RelativeSize(Z23,H$28)} -> 0.87272727 | AA39: {=MMS_PastureBeef_Soil_N2ODirect_Equations.VEERG_4_2_1_3__7_RelativeSize(AA23,I$28)} -> 0.87272727 | AB39: {=MMS_PastureBeef_Soil_N2ODirect_Equations.VEERG_4_2_1_3__7_RelativeSize(AB23,J$28)} -> 0.15151515 | AC39: {=MMS_PastureBeef_Soil_N2ODirect_Equations.VEERG_4_2_1_3__7_RelativeSize(AC23,K$28)} -> 0.51515152 | ... AE39: {=MMS_PastureBeef_Soil_N2ODirect_Equations.VEERG_4_2_1_3__7_RelativeSize(AE23,M$28)} -> 0.51515152 | AF39: =$E$11 -> ratio
D40: {=MMS_PastureBeef_Soil_N2ODirect_Equations.VEERG_4_2_1_3__6_IntakeRelativeToMaintenance_Title()} -> Intake relative to that needed for maintenance | U40: =TEXT(EDATE('Input - Site'!$E$12,4), "mmmm yyyy") -> May 2025 | V40: {=MMS_PastureBeef_Soil_N2ODirect_Equations.VEERG_4_2_1_3__7_RelativeSize(V24,D$28)} -> 0.12987013 | W40: {=MMS_PastureBeef_Soil_N2ODirect_Equations.VEERG_4_2_1_3__7_RelativeSize(W24,E$28)} -> 0.88311688 | X40: {=MMS_PastureBeef_Soil_N2ODirect_Equations.VEERG_4_2_1_3__7_RelativeSize(X24,F$28)} -> 0.14545455 | Y40: {=MMS_PastureBeef_Soil_N2ODirect_Equations.VEERG_4_2_1_3__7_RelativeSize(Y24,G$28)} -> 0.58181818 | Z40: {=MMS_PastureBeef_Soil_N2ODirect_Equations.VEERG_4_2_1_3__7_RelativeSize(Z24,H$28)} -> 0.87272727 | AA40: {=MMS_PastureBeef_Soil_N2ODirect_Equations.VEERG_4_2_1_3__7_RelativeSize(AA24,I$28)} -> 0.87272727 | AB40: {=MMS_PastureBeef_Soil_N2ODirect_Equations.VEERG_4_2_1_3__7_RelativeSize(AB24,J$28)} -> 0.15151515 | AC40: {=MMS_PastureBeef_Soil_N2ODirect_Equations.VEERG_4_2_1_3__7_RelativeSize(AC24,K$28)} -> 0.51515152 | ... AE40: {=MMS_PastureBeef_Soil_N2ODirect_Equations.VEERG_4_2_1_3__7_RelativeSize(AE24,M$28)} -> 0.51515152 | AF40: =$E$11 -> ratio
D41: {=MMS_PastureBeef_Soil_N2ODirect_Equations.VEERG_4_2_1_3__6_IntakeRelativeToMaintenance_Source()} -> VEERG 2026: 4.2.1.3, Equation (6) | U41: =TEXT(EDATE('Input - Site'!$E$12,5), "mmmm yyyy") -> June 2025 | V41: {=MMS_PastureBeef_Soil_N2ODirect_Equations.VEERG_4_2_1_3__7_RelativeSize(V25,D$28)} -> 0.24675325 | W41: {=MMS_PastureBeef_Soil_N2ODirect_Equations.VEERG_4_2_1_3__7_RelativeSize(W25,E$28)} -> 0.90909091 | X41: {=MMS_PastureBeef_Soil_N2ODirect_Equations.VEERG_4_2_1_3__7_RelativeSize(X25,F$28)} -> 0.27272727 | Y41: {=MMS_PastureBeef_Soil_N2ODirect_Equations.VEERG_4_2_1_3__7_RelativeSize(Y25,G$28)} -> 0.6 | Z41: {=MMS_PastureBeef_Soil_N2ODirect_Equations.VEERG_4_2_1_3__7_RelativeSize(Z25,H$28)} -> 0.89090909 | AA41: {=MMS_PastureBeef_Soil_N2ODirect_Equations.VEERG_4_2_1_3__7_RelativeSize(AA25,I$28)} -> 0.89090909 | AB41: {=MMS_PastureBeef_Soil_N2ODirect_Equations.VEERG_4_2_1_3__7_RelativeSize(AB25,J$28)} -> 0.25757576 | AC41: {=MMS_PastureBeef_Soil_N2ODirect_Equations.VEERG_4_2_1_3__7_RelativeSize(AC25,K$28)} -> 0.54545455 | ... AE41: {=MMS_PastureBeef_Soil_N2ODirect_Equations.VEERG_4_2_1_3__7_RelativeSize(AE25,M$28)} -> 0.54545455 | AF41: =$E$11 -> ratio
D42: Function name | E42: {=Common_InputFunctions.Utility_DisplayFunctionName(E62)} -> =MMS_PastureBeef_Soil_N2ODirect_Equations.VEERG_4_2_1_3__6_IntakeRelativeToMaintenance | U42: =TEXT(EDATE('Input - Site'!$E$12,6), "mmmm yyyy") -> July 2025 | V42: {=MMS_PastureBeef_Soil_N2ODirect_Equations.VEERG_4_2_1_3__7_RelativeSize(V26,D$28)} -> 0.24675325 | W42: {=MMS_PastureBeef_Soil_N2ODirect_Equations.VEERG_4_2_1_3__7_RelativeSize(W26,E$28)} -> 0.90909091 | X42: {=MMS_PastureBeef_Soil_N2ODirect_Equations.VEERG_4_2_1_3__7_RelativeSize(X26,F$28)} -> 0.27272727 | Y42: {=MMS_PastureBeef_Soil_N2ODirect_Equations.VEERG_4_2_1_3__7_RelativeSize(Y26,G$28)} -> 0.6 | Z42: {=MMS_PastureBeef_Soil_N2ODirect_Equations.VEERG_4_2_1_3__7_RelativeSize(Z26,H$28)} -> 0.89090909 | AA42: {=MMS_PastureBeef_Soil_N2ODirect_Equations.VEERG_4_2_1_3__7_RelativeSize(AA26,I$28)} -> 0.89090909 | AB42: {=MMS_PastureBeef_Soil_N2ODirect_Equations.VEERG_4_2_1_3__7_RelativeSize(AB26,J$28)} -> 0.25757576 | AC42: {=MMS_PastureBeef_Soil_N2ODirect_Equations.VEERG_4_2_1_3__7_RelativeSize(AC26,K$28)} -> 0.54545455 | ... AE42: {=MMS_PastureBeef_Soil_N2ODirect_Equations.VEERG_4_2_1_3__7_RelativeSize(AE26,M$28)} -> 0.54545455 | AF42: =$E$11 -> ratio
U43: =TEXT(EDATE('Input - Site'!$E$12,7), "mmmm yyyy") -> August 2025 | V43: {=MMS_PastureBeef_Soil_N2ODirect_Equations.VEERG_4_2_1_3__7_RelativeSize(V27,D$28)} -> 0.24675325 | W43: {=MMS_PastureBeef_Soil_N2ODirect_Equations.VEERG_4_2_1_3__7_RelativeSize(W27,E$28)} -> 0.90909091 | X43: {=MMS_PastureBeef_Soil_N2ODirect_Equations.VEERG_4_2_1_3__7_RelativeSize(X27,F$28)} -> 0.27272727 | Y43: {=MMS_PastureBeef_Soil_N2ODirect_Equations.VEERG_4_2_1_3__7_RelativeSize(Y27,G$28)} -> 0.6 | Z43: {=MMS_PastureBeef_Soil_N2ODirect_Equations.VEERG_4_2_1_3__7_RelativeSize(Z27,H$28)} -> 0.89090909 | AA43: {=MMS_PastureBeef_Soil_N2ODirect_Equations.VEERG_4_2_1_3__7_RelativeSize(AA27,I$28)} -> 0.89090909 | AB43: {=MMS_PastureBeef_Soil_N2ODirect_Equations.VEERG_4_2_1_3__7_RelativeSize(AB27,J$28)} -> 0.25757576 | AC43: {=MMS_PastureBeef_Soil_N2ODirect_Equations.VEERG_4_2_1_3__7_RelativeSize(AC27,K$28)} -> 0.54545455 | ... AE43: {=MMS_PastureBeef_Soil_N2ODirect_Equations.VEERG_4_2_1_3__7_RelativeSize(AE27,M$28)} -> 0.54545455 | AF43: =$E$11 -> ratio
U44: =TEXT(EDATE('Input - Site'!$E$12,8), "mmmm yyyy") -> September 2025 | V44: {=MMS_PastureBeef_Soil_N2ODirect_Equations.VEERG_4_2_1_3__7_RelativeSize(V28,D$28)} -> 0.44155844 | W44: {=MMS_PastureBeef_Soil_N2ODirect_Equations.VEERG_4_2_1_3__7_RelativeSize(W28,E$28)} -> 1.038961 | X44: {=MMS_PastureBeef_Soil_N2ODirect_Equations.VEERG_4_2_1_3__7_RelativeSize(X28,F$28)} -> 0.47272727 | Y44: {=MMS_PastureBeef_Soil_N2ODirect_Equations.VEERG_4_2_1_3__7_RelativeSize(Y28,G$28)} -> 0.76363636 | Z44: {=MMS_PastureBeef_Soil_N2ODirect_Equations.VEERG_4_2_1_3__7_RelativeSize(Z28,H$28)} -> 1 | AA44: {=MMS_PastureBeef_Soil_N2ODirect_Equations.VEERG_4_2_1_3__7_RelativeSize(AA28,I$28)} -> 1 | AB44: {=MMS_PastureBeef_Soil_N2ODirect_Equations.VEERG_4_2_1_3__7_RelativeSize(AB28,J$28)} -> 0.45454545 | AC44: {=MMS_PastureBeef_Soil_N2ODirect_Equations.VEERG_4_2_1_3__7_RelativeSize(AC28,K$28)} -> 0.72727273 | ... AE44: {=MMS_PastureBeef_Soil_N2ODirect_Equations.VEERG_4_2_1_3__7_RelativeSize(AE28,M$28)} -> 0.72727273 | AF44: =$E$11 -> ratio
D45: Variable | E45: {=MMS_PastureBeef_Soil_N2ODirect_Equations.VEERG_4_2_1_3__6_IntakeRelativeToMaintenance_Variable()} -> L_jkl | U45: =TEXT(EDATE('Input - Site'!$E$12,9), "mmmm yyyy") -> October 2025 | V45: {=MMS_PastureBeef_Soil_N2ODirect_Equations.VEERG_4_2_1_3__7_RelativeSize(V29,D$28)} -> 0.44155844 | W45: {=MMS_PastureBeef_Soil_N2ODirect_Equations.VEERG_4_2_1_3__7_RelativeSize(W29,E$28)} -> 1.038961 | X45: {=MMS_PastureBeef_Soil_N2ODirect_Equations.VEERG_4_2_1_3__7_RelativeSize(X29,F$28)} -> 0.47272727 | Y45: {=MMS_PastureBeef_Soil_N2ODirect_Equations.VEERG_4_2_1_3__7_RelativeSize(Y29,G$28)} -> 0.76363636 | Z45: {=MMS_PastureBeef_Soil_N2ODirect_Equations.VEERG_4_2_1_3__7_RelativeSize(Z29,H$28)} -> 1 | AA45: {=MMS_PastureBeef_Soil_N2ODirect_Equations.VEERG_4_2_1_3__7_RelativeSize(AA29,I$28)} -> 1 | AB45: {=MMS_PastureBeef_Soil_N2ODirect_Equations.VEERG_4_2_1_3__7_RelativeSize(AB29,J$28)} -> 0.45454545 | AC45: {=MMS_PastureBeef_Soil_N2ODirect_Equations.VEERG_4_2_1_3__7_RelativeSize(AC29,K$28)} -> 0.72727273 | ... AE45: {=MMS_PastureBeef_Soil_N2ODirect_Equations.VEERG_4_2_1_3__7_RelativeSize(AE29,M$28)} -> 0.72727273 | AF45: =$E$11 -> ratio
D46: Unit | E46: {=MMS_PastureBeef_Soil_N2ODirect_Equations.VEERG_4_2_1_3__6_IntakeRelativeToMaintenance_Unit()} -> ratio | U46: =TEXT(EDATE('Input - Site'!$E$12,10), "mmmm yyyy") -> November 2025 | V46: {=MMS_PastureBeef_Soil_N2ODirect_Equations.VEERG_4_2_1_3__7_RelativeSize(V30,D$28)} -> 0.44155844 | W46: {=MMS_PastureBeef_Soil_N2ODirect_Equations.VEERG_4_2_1_3__7_RelativeSize(W30,E$28)} -> 1.038961 | X46: {=MMS_PastureBeef_Soil_N2ODirect_Equations.VEERG_4_2_1_3__7_RelativeSize(X30,F$28)} -> 0.47272727 | Y46: {=MMS_PastureBeef_Soil_N2ODirect_Equations.VEERG_4_2_1_3__7_RelativeSize(Y30,G$28)} -> 0.76363636 | Z46: {=MMS_PastureBeef_Soil_N2ODirect_Equations.VEERG_4_2_1_3__7_RelativeSize(Z30,H$28)} -> 1 | AA46: {=MMS_PastureBeef_Soil_N2ODirect_Equations.VEERG_4_2_1_3__7_RelativeSize(AA30,I$28)} -> 1 | AB46: {=MMS_PastureBeef_Soil_N2ODirect_Equations.VEERG_4_2_1_3__7_RelativeSize(AB30,J$28)} -> 0.45454545 | AC46: {=MMS_PastureBeef_Soil_N2ODirect_Equations.VEERG_4_2_1_3__7_RelativeSize(AC30,K$28)} -> 0.72727273 | ... AE46: {=MMS_PastureBeef_Soil_N2ODirect_Equations.VEERG_4_2_1_3__7_RelativeSize(AE30,M$28)} -> 0.72727273 | AF46: =$E$11 -> ratio
U47: =TEXT(EDATE('Input - Site'!$E$12,11), "mmmm yyyy") -> December 2025 | V47: {=MMS_PastureBeef_Soil_N2ODirect_Equations.VEERG_4_2_1_3__7_RelativeSize(V31,D$28)} -> 0.49350649 | W47: {=MMS_PastureBeef_Soil_N2ODirect_Equations.VEERG_4_2_1_3__7_RelativeSize(W31,E$28)} -> 1.012987 | X47: {=MMS_PastureBeef_Soil_N2ODirect_Equations.VEERG_4_2_1_3__7_RelativeSize(X31,F$28)} -> 0.54545455 | Y47: {=MMS_PastureBeef_Soil_N2ODirect_Equations.VEERG_4_2_1_3__7_RelativeSize(Y31,G$28)} -> 0.81818182 | Z47: {=MMS_PastureBeef_Soil_N2ODirect_Equations.VEERG_4_2_1_3__7_RelativeSize(Z31,H$28)} -> 0.96363636 | AA47: {=MMS_PastureBeef_Soil_N2ODirect_Equations.VEERG_4_2_1_3__7_RelativeSize(AA31,I$28)} -> 0.96363636 | AB47: {=MMS_PastureBeef_Soil_N2ODirect_Equations.VEERG_4_2_1_3__7_RelativeSize(AB31,J$28)} -> 0.51515152 | AC47: {=MMS_PastureBeef_Soil_N2ODirect_Equations.VEERG_4_2_1_3__7_RelativeSize(AC31,K$28)} -> 0.71212121 | ... AE47: {=MMS_PastureBeef_Soil_N2ODirect_Equations.VEERG_4_2_1_3__7_RelativeSize(AE31,M$28)} -> 0.71212121 | AF47: =$E$11 -> ratio
D48: {=_xlfn.CHOOSECOLS(MMS_PastureBeef_Soil_N2ODirect_Equations.VEERG_4_2_1_3__6_IntakeRelativeToMaintenance_Arguments(),1,2)} -> I_jkl | E48: dry matter intake as calculated in Chapter 3 Section 3.2.1 (kg DM/head/day) | G48: {=_xlfn.CHOOSECOLS(MMS_PastureBeef_Soil_N2ODirect_Equations.VEERG_4_2_1_3__6_IntakeRelativeToMaintenance_Arguments(),3,4)} -> kg DM/head/day | H48: Calculated from 3.2.1.1 (3) | I48: {=HYPERLINK(Common_InputFunctions.Utility_SourceHyperlink($D$51), $D$51)} -> M1_Table_I_j_k_l
D49: W_jkl | E49: liveweight (kg/head) | G49: kg/head | H49: Input | I49: {=HYPERLINK(Common_InputFunctions.Utility_SourceHyperlink($D$17), $D$17)} -> M1_Table_W_j_k_l
D51: M1_Table_I_j_k_l | U51: {=MMS_PastureBeef_Soil_N2ODirect_Equations.VEERG_4_2_1_3__6_IntakeRelativeToMaintenance_Title()} -> Intake relative to that needed for maintenance
D52: Feed intake (Method 1)
D53: Season | E53: Bulls < 1 year | F53: Bulls > 1 year | G53: Cows < 1 year | H53: Cows 1-2 years | I53: Cows 2-3 years | J53: Cows > 3 years | K53: Steers < 1 year | L53: Steers 1-2 years | M53: Steers 2-3 years | N53: Steers >3 years | U53: M2_Table_I_j_k_l
D54: Spring | E54: ='4.2.1.1-2 Methane'!E84 -> 8.6709047 | F54: ='4.2.1.1-2 Methane'!F84 -> 12.2465 | G54: ='4.2.1.1-2 Methane'!G84 -> 6.6089612 | H54: ='4.2.1.1-2 Methane'!H84 -> 9.5403923 | I54: ='4.2.1.1-2 Methane'!I84 -> 11.268377 | J54: ='4.2.1.1-2 Methane'!J84 -> 11.268377 | K54: ='4.2.1.1-2 Methane'!K84 -> 7.6192561 | L54: ='4.2.1.1-2 Methane'!L84 -> 9.682428 | ... O54: ='4.2.1.1-2 Methane'!O84 -> kg DM/head/day | U54: Feed intake (Method 2)
D55: Summer | E55: ='4.2.1.1-2 Methane'!E85 -> 7.1468537 | F55: ='4.2.1.1-2 Methane'!F85 -> 9.455994 | G55: ='4.2.1.1-2 Methane'!G85 -> 6.0103426 | H55: ='4.2.1.1-2 Methane'!H85 -> 8.1853717 | I55: ='4.2.1.1-2 Methane'!I85 -> 8.1045195 | J55: ='4.2.1.1-2 Methane'!J85 -> 8.1045195 | K55: ='4.2.1.1-2 Methane'!K85 -> 6.5876409 | L55: ='4.2.1.1-2 Methane'!L85 -> 7.3430702 | ... O55: ='4.2.1.1-2 Methane'!O85 -> kg DM/head/day | U55: Month | V55: Bulls < 1 year | W55: Bulls > 1 year | X55: Cows < 1 year | Y55: Cows 1-2 years | Z55: Cows 2-3 years | AA55: Cows > 3 years | AB55: Steers < 1 year | AC55: Steers 1-2 years | AD55: Steers 2-3 years | AE55: Steers >3 years
D56: Autumn | E56: ='4.2.1.1-2 Methane'!E86 -> 3.247204 | F56: ='4.2.1.1-2 Methane'!F86 -> 9.4246544 | G56: ='4.2.1.1-2 Methane'!G86 -> 2.9603267 | H56: ='4.2.1.1-2 Methane'!H86 -> 6.0173755 | I56: ='4.2.1.1-2 Methane'!I86 -> 6.7179974 | J56: ='4.2.1.1-2 Methane'!J86 -> 6.7179974 | K56: ='4.2.1.1-2 Methane'!K86 -> 3.247204 | L56: ='4.2.1.1-2 Methane'!L86 -> 5.8953782 | ... O56: ='4.2.1.1-2 Methane'!O86 -> kg DM/head/day | U56: =TEXT('Input - Site'!$E$12, "mmmm yyyy") -> January 2025 | V56: ='4.2.1.1-2 Methane'!X76 -> 7.1468537 | W56: ='4.2.1.1-2 Methane'!Y76 -> 9.455994 | X56: ='4.2.1.1-2 Methane'!Z76 -> 6.0103426 | Y56: ='4.2.1.1-2 Methane'!AA76 -> 8.4608409 | Z56: ='4.2.1.1-2 Methane'!AB76 -> 8.3772678 | AA56: ='4.2.1.1-2 Methane'!AC76 -> 8.3772678 | AB56: ='4.2.1.1-2 Methane'!AD76 -> 6.5876409 | AC56: ='4.2.1.1-2 Methane'!AE76 -> 7.3430702 | ... AF56: ='4.2.1.1-2 Methane'!AH76 -> kg DM/head/day
D57: Winter | E57: ='4.2.1.1-2 Methane'!E87 -> 5.132898 | F57: ='4.2.1.1-2 Methane'!F87 -> 9.9748589 | G57: ='4.2.1.1-2 Methane'!G87 -> 4.202705 | H57: ='4.2.1.1-2 Methane'!H87 -> 7.1726535 | I57: ='4.2.1.1-2 Methane'!I87 -> 9.1451951 | J57: ='4.2.1.1-2 Methane'!J87 -> 9.1451951 | K57: ='4.2.1.1-2 Methane'!K87 -> 4.5122681 | L57: ='4.2.1.1-2 Methane'!L87 -> 6.8698507 | ... O57: ='4.2.1.1-2 Methane'!O87 -> kg DM/head/day | U57: =TEXT(EDATE('Input - Site'!$E$12,1), "mmmm yyyy") -> February 2025 | V57: ='4.2.1.1-2 Methane'!X77 -> 7.1468537 | W57: ='4.2.1.1-2 Methane'!Y77 -> 9.455994 | X57: ='4.2.1.1-2 Methane'!Z77 -> 6.0103426 | Y57: ='4.2.1.1-2 Methane'!AA77 -> 7.8705497 | Z57: ='4.2.1.1-2 Methane'!AB77 -> 7.7928072 | AA57: ='4.2.1.1-2 Methane'!AC77 -> 7.7928072 | AB57: ='4.2.1.1-2 Methane'!AD77 -> 6.5876409 | AC57: ='4.2.1.1-2 Methane'!AE77 -> 7.3430702 | ... AF57: ='4.2.1.1-2 Methane'!AH77 -> kg DM/head/day
U58: =TEXT(EDATE('Input - Site'!$E$12,2), "mmmm yyyy") -> March 2025 | V58: ='4.2.1.1-2 Methane'!X78 -> 3.247204 | W58: ='4.2.1.1-2 Methane'!Y78 -> 9.4246544 | X58: ='4.2.1.1-2 Methane'!Z78 -> 2.9603267 | Y58: ='4.2.1.1-2 Methane'!AA78 -> 5.9577975 | Z58: ='4.2.1.1-2 Methane'!AB78 -> 6.7179974 | AA58: ='4.2.1.1-2 Methane'!AC78 -> 6.7179974 | AB58: ='4.2.1.1-2 Methane'!AD78 -> 3.247204 | AC58: ='4.2.1.1-2 Methane'!AE78 -> 5.8953782 | ... AF58: ='4.2.1.1-2 Methane'!AH78 -> kg DM/head/day
D59: M1_Table_L_j_k_l | U59: =TEXT(EDATE('Input - Site'!$E$12,3), "mmmm yyyy") -> April 2025 | V59: ='4.2.1.1-2 Methane'!X79 -> 3.247204 | W59: ='4.2.1.1-2 Methane'!Y79 -> 9.4246544 | X59: ='4.2.1.1-2 Methane'!Z79 -> 2.9603267 | Y59: ='4.2.1.1-2 Methane'!AA79 -> 5.9577975 | Z59: ='4.2.1.1-2 Methane'!AB79 -> 6.7179974 | AA59: ='4.2.1.1-2 Methane'!AC79 -> 6.7179974 | AB59: ='4.2.1.1-2 Methane'!AD79 -> 3.247204 | AC59: ='4.2.1.1-2 Methane'!AE79 -> 5.8953782 | ... AF59: ='4.2.1.1-2 Methane'!AH79 -> kg DM/head/day
D60: Intake relative to maintenance (Method 1) | U60: =TEXT(EDATE('Input - Site'!$E$12,4), "mmmm yyyy") -> May 2025 | V60: ='4.2.1.1-2 Methane'!X80 -> 3.247204 | W60: ='4.2.1.1-2 Methane'!Y80 -> 9.4246544 | X60: ='4.2.1.1-2 Methane'!Z80 -> 2.9603267 | Y60: ='4.2.1.1-2 Methane'!AA80 -> 5.9577975 | Z60: ='4.2.1.1-2 Methane'!AB80 -> 6.7179974 | AA60: ='4.2.1.1-2 Methane'!AC80 -> 6.7179974 | AB60: ='4.2.1.1-2 Methane'!AD80 -> 3.247204 | AC60: ='4.2.1.1-2 Methane'!AE80 -> 5.8953782 | ... AF60: ='4.2.1.1-2 Methane'!AH80 -> kg DM/head/day
D61: Season | E61: Bulls < 1 year | F61: Bulls > 1 year | G61: Cows < 1 year | H61: Cows 1-2 years | I61: Cows 2-3 years | J61: Cows > 3 years | K61: Steers < 1 year | L61: Steers 1-2 years | M61: Steers 2-3 years | N61: Steers >3 years | U61: =TEXT(EDATE('Input - Site'!$E$12,5), "mmmm yyyy") -> June 2025 | V61: ='4.2.1.1-2 Methane'!X81 -> 5.132898 | W61: ='4.2.1.1-2 Methane'!Y81 -> 9.9748589 | X61: ='4.2.1.1-2 Methane'!Z81 -> 4.202705 | Y61: ='4.2.1.1-2 Methane'!AA81 -> 5.9278128 | Z61: ='4.2.1.1-2 Methane'!AB81 -> 7.9523436 | AA61: ='4.2.1.1-2 Methane'!AC81 -> 7.9523436 | AB61: ='4.2.1.1-2 Methane'!AD81 -> 4.5122681 | AC61: ='4.2.1.1-2 Methane'!AE81 -> 6.8698507 | ... AF61: ='4.2.1.1-2 Methane'!AH81 -> kg DM/head/day
D62: Spring | E62: {=MMS_PastureBeef_Soil_N2ODirect_Equations.VEERG_4_2_1_3__6_IntakeRelativeToMaintenance(E54,E20)} -> 1.470797 | F62: {=MMS_PastureBeef_Soil_N2ODirect_Equations.VEERG_4_2_1_3__6_IntakeRelativeToMaintenance(F54,F20)} -> 1.2318677 | G62: {=MMS_PastureBeef_Soil_N2ODirect_Equations.VEERG_4_2_1_3__6_IntakeRelativeToMaintenance(G54,G20)} -> 1.3784397 | H62: {=MMS_PastureBeef_Soil_N2ODirect_Equations.VEERG_4_2_1_3__6_IntakeRelativeToMaintenance(H54,H20)} -> 1.3759788 | I62: {=MMS_PastureBeef_Soil_N2ODirect_Equations.VEERG_4_2_1_3__6_IntakeRelativeToMaintenance(I54,I20)} -> 1.3440463 | J62: {=MMS_PastureBeef_Soil_N2ODirect_Equations.VEERG_4_2_1_3__6_IntakeRelativeToMaintenance(J54,J20)} -> 1.3440463 | K62: {=MMS_PastureBeef_Soil_N2ODirect_Equations.VEERG_4_2_1_3__6_IntakeRelativeToMaintenance(K54,K20)} -> 1.4241683 | L62: {=MMS_PastureBeef_Soil_N2ODirect_Equations.VEERG_4_2_1_3__6_IntakeRelativeToMaintenance(L54,L20)} -> 1.2663208 | ... N62: {=MMS_PastureBeef_Soil_N2ODirect_Equations.VEERG_4_2_1_3__6_IntakeRelativeToMaintenance(N54,N20)} -> 1.2663208 | O62: =$E$46 -> ratio | U62: =TEXT(EDATE('Input - Site'!$E$12,6), "mmmm yyyy") -> July 2025 | V62: ='4.2.1.1-2 Methane'!X82 -> 5.132898 | W62: ='4.2.1.1-2 Methane'!Y82 -> 9.9748589 | X62: ='4.2.1.1-2 Methane'!Z82 -> 4.202705 | Y62: ='4.2.1.1-2 Methane'!AA82 -> 5.9278128 | Z62: ='4.2.1.1-2 Methane'!AB82 -> 7.9523436 | AA62: ='4.2.1.1-2 Methane'!AC82 -> 7.9523436 | AB62: ='4.2.1.1-2 Methane'!AD82 -> 4.5122681 | AC62: ='4.2.1.1-2 Methane'!AE82 -> 6.8698507 | ... AF62: ='4.2.1.1-2 Methane'!AH82 -> kg DM/head/day
D63: Summer | E63: {=MMS_PastureBeef_Soil_N2ODirect_Equations.VEERG_4_2_1_3__6_IntakeRelativeToMaintenance(E55,E21)} -> 1.1123493 | F63: {=MMS_PastureBeef_Soil_N2ODirect_Equations.VEERG_4_2_1_3__6_IntakeRelativeToMaintenance(F55,F21)} -> 0.95640682 | G63: {=MMS_PastureBeef_Soil_N2ODirect_Equations.VEERG_4_2_1_3__6_IntakeRelativeToMaintenance(G55,G21)} -> 1.123435 | H63: {=MMS_PastureBeef_Soil_N2ODirect_Equations.VEERG_4_2_1_3__6_IntakeRelativeToMaintenance(H55,H21)} -> 1.1215754 | I63: {=MMS_PastureBeef_Soil_N2ODirect_Equations.VEERG_4_2_1_3__6_IntakeRelativeToMaintenance(I55,I21)} -> 0.9902254 | J63: {=MMS_PastureBeef_Soil_N2ODirect_Equations.VEERG_4_2_1_3__6_IntakeRelativeToMaintenance(J55,J21)} -> 0.9902254 | K63: {=MMS_PastureBeef_Soil_N2ODirect_Equations.VEERG_4_2_1_3__6_IntakeRelativeToMaintenance(K55,K21)} -> 1.1174246 | L63: {=MMS_PastureBeef_Soil_N2ODirect_Equations.VEERG_4_2_1_3__6_IntakeRelativeToMaintenance(L55,L21)} -> 0.97490853 | ... N63: {=MMS_PastureBeef_Soil_N2ODirect_Equations.VEERG_4_2_1_3__6_IntakeRelativeToMaintenance(N55,N21)} -> 0.97490853 | O63: =$E$46 -> ratio | U63: =TEXT(EDATE('Input - Site'!$E$12,7), "mmmm yyyy") -> August 2025 | V63: ='4.2.1.1-2 Methane'!X83 -> 5.132898 | W63: ='4.2.1.1-2 Methane'!Y83 -> 9.9748589 | X63: ='4.2.1.1-2 Methane'!Z83 -> 4.202705 | Y63: ='4.2.1.1-2 Methane'!AA83 -> 7.2615707 | Z63: ='4.2.1.1-2 Methane'!AB83 -> 9.7416209 | AA63: ='4.2.1.1-2 Methane'!AC83 -> 9.7416209 | AB63: ='4.2.1.1-2 Methane'!AD83 -> 4.5122681 | AC63: ='4.2.1.1-2 Methane'!AE83 -> 6.8698507 | ... AF63: ='4.2.1.1-2 Methane'!AH83 -> kg DM/head/day
D64: Autumn | E64: {=MMS_PastureBeef_Soil_N2ODirect_Equations.VEERG_4_2_1_3__6_IntakeRelativeToMaintenance(E56,E22)} -> 1.2480754 | F64: {=MMS_PastureBeef_Soil_N2ODirect_Equations.VEERG_4_2_1_3__6_IntakeRelativeToMaintenance(F56,F22)} -> 1 | G64: {=MMS_PastureBeef_Soil_N2ODirect_Equations.VEERG_4_2_1_3__6_IntakeRelativeToMaintenance(G56,G22)} -> 1.2620356 | H64: {=MMS_PastureBeef_Soil_N2ODirect_Equations.VEERG_4_2_1_3__6_IntakeRelativeToMaintenance(H56,H22)} -> 1.0698894 | I64: {=MMS_PastureBeef_Soil_N2ODirect_Equations.VEERG_4_2_1_3__6_IntakeRelativeToMaintenance(I56,I22)} -> 0.87861639 | J64: {=MMS_PastureBeef_Soil_N2ODirect_Equations.VEERG_4_2_1_3__6_IntakeRelativeToMaintenance(J56,J22)} -> 0.87861639 | K64: {=MMS_PastureBeef_Soil_N2ODirect_Equations.VEERG_4_2_1_3__6_IntakeRelativeToMaintenance(K56,K22)} -> 1.2480754 | L64: {=MMS_PastureBeef_Soil_N2ODirect_Equations.VEERG_4_2_1_3__6_IntakeRelativeToMaintenance(L56,L22)} -> 1 | ... N64: {=MMS_PastureBeef_Soil_N2ODirect_Equations.VEERG_4_2_1_3__6_IntakeRelativeToMaintenance(N56,N22)} -> 1 | O64: =$E$46 -> ratio | U64: =TEXT(EDATE('Input - Site'!$E$12,8), "mmmm yyyy") -> September 2025 | V64: ='4.2.1.1-2 Methane'!X84 -> 8.6709047 | W64: ='4.2.1.1-2 Methane'!Y84 -> 12.2465 | X64: ='4.2.1.1-2 Methane'!Z84 -> 6.6089612 | Y64: ='4.2.1.1-2 Methane'!AA84 -> 10.624528 | Z64: ='4.2.1.1-2 Methane'!AB84 -> 11.798087 | AA64: ='4.2.1.1-2 Methane'!AC84 -> 11.798087 | AB64: ='4.2.1.1-2 Methane'!AD84 -> 7.6192561 | AC64: ='4.2.1.1-2 Methane'!AE84 -> 9.682428 | ... AF64: ='4.2.1.1-2 Methane'!AH84 -> kg DM/head/day
D65: Winter | E65: {=MMS_PastureBeef_Soil_N2ODirect_Equations.VEERG_4_2_1_3__6_IntakeRelativeToMaintenance(E57,E23)} -> 1.3447114 | F65: {=MMS_PastureBeef_Soil_N2ODirect_Equations.VEERG_4_2_1_3__6_IntakeRelativeToMaintenance(F57,F23)} -> 1.0453722 | G65: {=MMS_PastureBeef_Soil_N2ODirect_Equations.VEERG_4_2_1_3__6_IntakeRelativeToMaintenance(G57,G23)} -> 1.2863889 | H65: {=MMS_PastureBeef_Soil_N2ODirect_Equations.VEERG_4_2_1_3__6_IntakeRelativeToMaintenance(H57,H23)} -> 1.2451901 | I65: {=MMS_PastureBeef_Soil_N2ODirect_Equations.VEERG_4_2_1_3__6_IntakeRelativeToMaintenance(I57,I23)} -> 1.1787903 | J65: {=MMS_PastureBeef_Soil_N2ODirect_Equations.VEERG_4_2_1_3__6_IntakeRelativeToMaintenance(J57,J23)} -> 1.1787903 | K65: {=MMS_PastureBeef_Soil_N2ODirect_Equations.VEERG_4_2_1_3__6_IntakeRelativeToMaintenance(K57,K23)} -> 1.27442 | L65: {=MMS_PastureBeef_Soil_N2ODirect_Equations.VEERG_4_2_1_3__6_IntakeRelativeToMaintenance(L57,L23)} -> 1.1147816 | ... N65: {=MMS_PastureBeef_Soil_N2ODirect_Equations.VEERG_4_2_1_3__6_IntakeRelativeToMaintenance(N57,N23)} -> 1.1147816 | O65: =$E$46 -> ratio | U65: =TEXT(EDATE('Input - Site'!$E$12,9), "mmmm yyyy") -> October 2025 | V65: ='4.2.1.1-2 Methane'!X85 -> 8.6709047 | W65: ='4.2.1.1-2 Methane'!Y85 -> 12.2465 | X65: ='4.2.1.1-2 Methane'!Z85 -> 6.6089612 | Y65: ='4.2.1.1-2 Methane'!AA85 -> 10.624528 | Z65: ='4.2.1.1-2 Methane'!AB85 -> 11.798087 | AA65: ='4.2.1.1-2 Methane'!AC85 -> 11.798087 | AB65: ='4.2.1.1-2 Methane'!AD85 -> 7.6192561 | AC65: ='4.2.1.1-2 Methane'!AE85 -> 9.682428 | ... AF65: ='4.2.1.1-2 Methane'!AH85 -> kg DM/head/day
U66: =TEXT(EDATE('Input - Site'!$E$12,10), "mmmm yyyy") -> November 2025 | V66: ='4.2.1.1-2 Methane'!X86 -> 8.6709047 | W66: ='4.2.1.1-2 Methane'!Y86 -> 12.2465 | X66: ='4.2.1.1-2 Methane'!Z86 -> 6.6089612 | Y66: ='4.2.1.1-2 Methane'!AA86 -> 9.3235652 | Z66: ='4.2.1.1-2 Methane'!AB86 -> 10.353423 | AA66: ='4.2.1.1-2 Methane'!AC86 -> 10.353423 | AB66: ='4.2.1.1-2 Methane'!AD86 -> 7.6192561 | AC66: ='4.2.1.1-2 Methane'!AE86 -> 9.682428 | ... AF66: ='4.2.1.1-2 Methane'!AH86 -> kg DM/head/day
U67: =TEXT(EDATE('Input - Site'!$E$12,11), "mmmm yyyy") -> December 2025 | V67: ='4.2.1.1-2 Methane'!X87 -> 7.1468537 | W67: ='4.2.1.1-2 Methane'!Y87 -> 9.455994 | X67: ='4.2.1.1-2 Methane'!Z87 -> 6.0103426 | Y67: ='4.2.1.1-2 Methane'!AA87 -> 8.4608409 | Z67: ='4.2.1.1-2 Methane'!AB87 -> 8.3772678 | AA67: ='4.2.1.1-2 Methane'!AC87 -> 8.3772678 | AB67: ='4.2.1.1-2 Methane'!AD87 -> 6.5876409 | AC67: ='4.2.1.1-2 Methane'!AE87 -> 7.3430702 | ... AF67: ='4.2.1.1-2 Methane'!AH87 -> kg DM/head/day
D69: {=MMS_PastureBeef_Soil_N2ODirect_Equations.VEERG_4_2_1_3__5_MilkProductionForCalvingSeason_Title()} -> Milk production for the season of calving and season after calving | U69: M2_Table_L_j_k_l
D70: {=MMS_PastureBeef_Soil_N2ODirect_Equations.VEERG_4_2_1_3__5_MilkProductionForCalvingSeason_Source()} -> VEERG 2026: 4.2.1.3, Equation (5) | U70: Intake relative to maintenance (Method 2)
U71: Month | V71: Bulls < 1 year | W71: Bulls > 1 year | X71: Cows < 1 year | Y71: Cows 1-2 years | Z71: Cows 2-3 years | AA71: Cows > 3 years | AB71: Steers < 1 year | AC71: Steers 1-2 years | AD71: Steers 2-3 years | AE71: Steers >3 years
D72: Function name | E72: MMS_PastureBeef_Soil_N2ODirect_Equations.VEERG_4_2_1_3__5_MilkProductionForCalvingSeason | U72: =TEXT('Input - Site'!$E$12, "mmmm yyyy") -> January 2025 | V72: {=MMS_PastureBeef_Soil_N2ODirect_Equations.VEERG_4_2_1_3__6_IntakeRelativeToMaintenance(V56,V20)} -> 1.1123493 | W72: {=MMS_PastureBeef_Soil_N2ODirect_Equations.VEERG_4_2_1_3__6_IntakeRelativeToMaintenance(W56,W20)} -> 0.95640682 | X72: {=MMS_PastureBeef_Soil_N2ODirect_Equations.VEERG_4_2_1_3__6_IntakeRelativeToMaintenance(X56,X20)} -> 1.123435 | Y72: {=MMS_PastureBeef_Soil_N2ODirect_Equations.VEERG_4_2_1_3__6_IntakeRelativeToMaintenance(Y56,Y20)} -> 1.1593207 | Z72: {=MMS_PastureBeef_Soil_N2ODirect_Equations.VEERG_4_2_1_3__6_IntakeRelativeToMaintenance(Z56,Z20)} -> 1.0235503 | AA72: {=MMS_PastureBeef_Soil_N2ODirect_Equations.VEERG_4_2_1_3__6_IntakeRelativeToMaintenance(AA56,AA20)} -> 1.0235503 | AB72: {=MMS_PastureBeef_Soil_N2ODirect_Equations.VEERG_4_2_1_3__6_IntakeRelativeToMaintenance(AB56,AB20)} -> 1.1174246 | AC72: {=MMS_PastureBeef_Soil_N2ODirect_Equations.VEERG_4_2_1_3__6_IntakeRelativeToMaintenance(AC56,AC20)} -> 0.97490853 | ... AE72: {=MMS_PastureBeef_Soil_N2ODirect_Equations.VEERG_4_2_1_3__6_IntakeRelativeToMaintenance(AE56,AE20)} -> 0.97490853 | AF72: =$E$46 -> ratio
U73: =TEXT(EDATE('Input - Site'!$E$12,1), "mmmm yyyy") -> February 2025 | V73: {=MMS_PastureBeef_Soil_N2ODirect_Equations.VEERG_4_2_1_3__6_IntakeRelativeToMaintenance(V57,V21)} -> 1.1123493 | W73: {=MMS_PastureBeef_Soil_N2ODirect_Equations.VEERG_4_2_1_3__6_IntakeRelativeToMaintenance(W57,W21)} -> 0.95640682 | X73: {=MMS_PastureBeef_Soil_N2ODirect_Equations.VEERG_4_2_1_3__6_IntakeRelativeToMaintenance(X57,X21)} -> 1.123435 | Y73: {=MMS_PastureBeef_Soil_N2ODirect_Equations.VEERG_4_2_1_3__6_IntakeRelativeToMaintenance(Y57,Y21)} -> 1.0784379 | Z73: {=MMS_PastureBeef_Soil_N2ODirect_Equations.VEERG_4_2_1_3__6_IntakeRelativeToMaintenance(Z57,Z21)} -> 0.95213981 | AA73: {=MMS_PastureBeef_Soil_N2ODirect_Equations.VEERG_4_2_1_3__6_IntakeRelativeToMaintenance(AA57,AA21)} -> 0.95213981 | AB73: {=MMS_PastureBeef_Soil_N2ODirect_Equations.VEERG_4_2_1_3__6_IntakeRelativeToMaintenance(AB57,AB21)} -> 1.1174246 | AC73: {=MMS_PastureBeef_Soil_N2ODirect_Equations.VEERG_4_2_1_3__6_IntakeRelativeToMaintenance(AC57,AC21)} -> 0.97490853 | ... AE73: {=MMS_PastureBeef_Soil_N2ODirect_Equations.VEERG_4_2_1_3__6_IntakeRelativeToMaintenance(AE57,AE21)} -> 0.97490853 | AF73: =$E$46 -> ratio
U74: =TEXT(EDATE('Input - Site'!$E$12,2), "mmmm yyyy") -> March 2025 | V74: {=MMS_PastureBeef_Soil_N2ODirect_Equations.VEERG_4_2_1_3__6_IntakeRelativeToMaintenance(V58,V22)} -> 1.2480754 | W74: {=MMS_PastureBeef_Soil_N2ODirect_Equations.VEERG_4_2_1_3__6_IntakeRelativeToMaintenance(W58,W22)} -> 1 | X74: {=MMS_PastureBeef_Soil_N2ODirect_Equations.VEERG_4_2_1_3__6_IntakeRelativeToMaintenance(X58,X22)} -> 1.2620356 | Y74: {=MMS_PastureBeef_Soil_N2ODirect_Equations.VEERG_4_2_1_3__6_IntakeRelativeToMaintenance(Y58,Y22)} -> 1.0592964 | Z74: {=MMS_PastureBeef_Soil_N2ODirect_Equations.VEERG_4_2_1_3__6_IntakeRelativeToMaintenance(Z58,Z22)} -> 0.87861639 | AA74: {=MMS_PastureBeef_Soil_N2ODirect_Equations.VEERG_4_2_1_3__6_IntakeRelativeToMaintenance(AA58,AA22)} -> 0.87861639 | AB74: {=MMS_PastureBeef_Soil_N2ODirect_Equations.VEERG_4_2_1_3__6_IntakeRelativeToMaintenance(AB58,AB22)} -> 1.2480754 | AC74: {=MMS_PastureBeef_Soil_N2ODirect_Equations.VEERG_4_2_1_3__6_IntakeRelativeToMaintenance(AC58,AC22)} -> 1 | ... AE74: {=MMS_PastureBeef_Soil_N2ODirect_Equations.VEERG_4_2_1_3__6_IntakeRelativeToMaintenance(AE58,AE22)} -> 1 | AF74: =$E$46 -> ratio
D75: Variable | E75: {=MMS_PastureBeef_Soil_N2ODirect_Equations.VEERG_4_2_1_3__5_MilkProductionForCalvingSeason_Variable()} -> MP_jk5 | U75: =TEXT(EDATE('Input - Site'!$E$12,3), "mmmm yyyy") -> April 2025 | V75: {=MMS_PastureBeef_Soil_N2ODirect_Equations.VEERG_4_2_1_3__6_IntakeRelativeToMaintenance(V59,V23)} -> 1.2480754 | W75: {=MMS_PastureBeef_Soil_N2ODirect_Equations.VEERG_4_2_1_3__6_IntakeRelativeToMaintenance(W59,W23)} -> 1 | X75: {=MMS_PastureBeef_Soil_N2ODirect_Equations.VEERG_4_2_1_3__6_IntakeRelativeToMaintenance(X59,X23)} -> 1.2620356 | Y75: {=MMS_PastureBeef_Soil_N2ODirect_Equations.VEERG_4_2_1_3__6_IntakeRelativeToMaintenance(Y59,Y23)} -> 1.0592964 | Z75: {=MMS_PastureBeef_Soil_N2ODirect_Equations.VEERG_4_2_1_3__6_IntakeRelativeToMaintenance(Z59,Z23)} -> 0.87861639 | AA75: {=MMS_PastureBeef_Soil_N2ODirect_Equations.VEERG_4_2_1_3__6_IntakeRelativeToMaintenance(AA59,AA23)} -> 0.87861639 | AB75: {=MMS_PastureBeef_Soil_N2ODirect_Equations.VEERG_4_2_1_3__6_IntakeRelativeToMaintenance(AB59,AB23)} -> 1.2480754 | AC75: {=MMS_PastureBeef_Soil_N2ODirect_Equations.VEERG_4_2_1_3__6_IntakeRelativeToMaintenance(AC59,AC23)} -> 1 | ... AE75: {=MMS_PastureBeef_Soil_N2ODirect_Equations.VEERG_4_2_1_3__6_IntakeRelativeToMaintenance(AE59,AE23)} -> 1 | AF75: =$E$46 -> ratio
D76: Unit | E76: {=MMS_PastureBeef_Soil_N2ODirect_Equations.VEERG_4_2_1_3__5_MilkProductionForCalvingSeason_Unit()} -> kg/head/day | U76: =TEXT(EDATE('Input - Site'!$E$12,4), "mmmm yyyy") -> May 2025 | V76: {=MMS_PastureBeef_Soil_N2ODirect_Equations.VEERG_4_2_1_3__6_IntakeRelativeToMaintenance(V60,V24)} -> 1.2480754 | W76: {=MMS_PastureBeef_Soil_N2ODirect_Equations.VEERG_4_2_1_3__6_IntakeRelativeToMaintenance(W60,W24)} -> 1 | X76: {=MMS_PastureBeef_Soil_N2ODirect_Equations.VEERG_4_2_1_3__6_IntakeRelativeToMaintenance(X60,X24)} -> 1.2620356 | Y76: {=MMS_PastureBeef_Soil_N2ODirect_Equations.VEERG_4_2_1_3__6_IntakeRelativeToMaintenance(Y60,Y24)} -> 1.0592964 | Z76: {=MMS_PastureBeef_Soil_N2ODirect_Equations.VEERG_4_2_1_3__6_IntakeRelativeToMaintenance(Z60,Z24)} -> 0.87861639 | AA76: {=MMS_PastureBeef_Soil_N2ODirect_Equations.VEERG_4_2_1_3__6_IntakeRelativeToMaintenance(AA60,AA24)} -> 0.87861639 | AB76: {=MMS_PastureBeef_Soil_N2ODirect_Equations.VEERG_4_2_1_3__6_IntakeRelativeToMaintenance(AB60,AB24)} -> 1.2480754 | AC76: {=MMS_PastureBeef_Soil_N2ODirect_Equations.VEERG_4_2_1_3__6_IntakeRelativeToMaintenance(AC60,AC24)} -> 1 | ... AE76: {=MMS_PastureBeef_Soil_N2ODirect_Equations.VEERG_4_2_1_3__6_IntakeRelativeToMaintenance(AE60,AE24)} -> 1 | AF76: =$E$46 -> ratio
U77: =TEXT(EDATE('Input - Site'!$E$12,5), "mmmm yyyy") -> June 2025 | V77: {=MMS_PastureBeef_Soil_N2ODirect_Equations.VEERG_4_2_1_3__6_IntakeRelativeToMaintenance(V61,V25)} -> 1.3447114 | W77: {=MMS_PastureBeef_Soil_N2ODirect_Equations.VEERG_4_2_1_3__6_IntakeRelativeToMaintenance(W61,W25)} -> 1.0453722 | X77: {=MMS_PastureBeef_Soil_N2ODirect_Equations.VEERG_4_2_1_3__6_IntakeRelativeToMaintenance(X61,X25)} -> 1.2863889 | Y77: {=MMS_PastureBeef_Soil_N2ODirect_Equations.VEERG_4_2_1_3__6_IntakeRelativeToMaintenance(Y61,Y25)} -> 1.0290827 | Z77: {=MMS_PastureBeef_Soil_N2ODirect_Equations.VEERG_4_2_1_3__6_IntakeRelativeToMaintenance(Z61,Z25)} -> 1.025035 | AA77: {=MMS_PastureBeef_Soil_N2ODirect_Equations.VEERG_4_2_1_3__6_IntakeRelativeToMaintenance(AA61,AA25)} -> 1.025035 | AB77: {=MMS_PastureBeef_Soil_N2ODirect_Equations.VEERG_4_2_1_3__6_IntakeRelativeToMaintenance(AB61,AB25)} -> 1.27442 | AC77: {=MMS_PastureBeef_Soil_N2ODirect_Equations.VEERG_4_2_1_3__6_IntakeRelativeToMaintenance(AC61,AC25)} -> 1.1147816 | ... AE77: {=MMS_PastureBeef_Soil_N2ODirect_Equations.VEERG_4_2_1_3__6_IntakeRelativeToMaintenance(AE61,AE25)} -> 1.1147816 | AF77: =$E$46 -> ratio
D78: {=_xlfn.CHOOSECOLS(MMS_PastureBeef_Soil_N2ODirect_Equations.VEERG_4_2_1_3__5_MilkProductionForCalvingSeason_ArgumentsVariation(),1,2)} -> LC_jk5curr | E78: proportion of cows greater than 2 years lactating for the season of calving | G78: {=_xlfn.CHOOSECOLS(MMS_PastureBeef_Soil_N2ODirect_Equations.VEERG_4_2_1_3__5_MilkProductionForCalvingSeason_ArgumentsVariation(),3,4)} -> fraction | H78: Input | I78: {=HYPERLINK(Common_InputFunctions.Utility_SourceHyperlink($D$84), $D$84)} -> M1_Table_LC_j_k-4-5 | U78: =TEXT(EDATE('Input - Site'!$E$12,6), "mmmm yyyy") -> July 2025 | V78: {=MMS_PastureBeef_Soil_N2ODirect_Equations.VEERG_4_2_1_3__6_IntakeRelativeToMaintenance(V62,V26)} -> 1.3447114 | W78: {=MMS_PastureBeef_Soil_N2ODirect_Equations.VEERG_4_2_1_3__6_IntakeRelativeToMaintenance(W62,W26)} -> 1.0453722 | X78: {=MMS_PastureBeef_Soil_N2ODirect_Equations.VEERG_4_2_1_3__6_IntakeRelativeToMaintenance(X62,X26)} -> 1.2863889 | Y78: {=MMS_PastureBeef_Soil_N2ODirect_Equations.VEERG_4_2_1_3__6_IntakeRelativeToMaintenance(Y62,Y26)} -> 1.0290827 | Z78: {=MMS_PastureBeef_Soil_N2ODirect_Equations.VEERG_4_2_1_3__6_IntakeRelativeToMaintenance(Z62,Z26)} -> 1.025035 | AA78: {=MMS_PastureBeef_Soil_N2ODirect_Equations.VEERG_4_2_1_3__6_IntakeRelativeToMaintenance(AA62,AA26)} -> 1.025035 | AB78: {=MMS_PastureBeef_Soil_N2ODirect_Equations.VEERG_4_2_1_3__6_IntakeRelativeToMaintenance(AB62,AB26)} -> 1.27442 | AC78: {=MMS_PastureBeef_Soil_N2ODirect_Equations.VEERG_4_2_1_3__6_IntakeRelativeToMaintenance(AC62,AC26)} -> 1.1147816 | ... AE78: {=MMS_PastureBeef_Soil_N2ODirect_Equations.VEERG_4_2_1_3__6_IntakeRelativeToMaintenance(AE62,AE26)} -> 1.1147816 | AF78: =$E$46 -> ratio
D79: LC_jk5prev | E79: proportion of cows greater than 2 years lactating for the season after calving | G79: fraction | H79: Input | I79: {=HYPERLINK(Common_InputFunctions.Utility_SourceHyperlink($D$84), $D$84)} -> M1_Table_LC_j_k-4-5 | U79: =TEXT(EDATE('Input - Site'!$E$12,7), "mmmm yyyy") -> August 2025 | V79: {=MMS_PastureBeef_Soil_N2ODirect_Equations.VEERG_4_2_1_3__6_IntakeRelativeToMaintenance(V63,V27)} -> 1.3447114 | W79: {=MMS_PastureBeef_Soil_N2ODirect_Equations.VEERG_4_2_1_3__6_IntakeRelativeToMaintenance(W63,W27)} -> 1.0453722 | X79: {=MMS_PastureBeef_Soil_N2ODirect_Equations.VEERG_4_2_1_3__6_IntakeRelativeToMaintenance(X63,X27)} -> 1.2863889 | Y79: {=MMS_PastureBeef_Soil_N2ODirect_Equations.VEERG_4_2_1_3__6_IntakeRelativeToMaintenance(Y63,Y27)} -> 1.2606263 | Z79: {=MMS_PastureBeef_Soil_N2ODirect_Equations.VEERG_4_2_1_3__6_IntakeRelativeToMaintenance(Z63,Z27)} -> 1.2556679 | AA79: {=MMS_PastureBeef_Soil_N2ODirect_Equations.VEERG_4_2_1_3__6_IntakeRelativeToMaintenance(AA63,AA27)} -> 1.2556679 | AB79: {=MMS_PastureBeef_Soil_N2ODirect_Equations.VEERG_4_2_1_3__6_IntakeRelativeToMaintenance(AB63,AB27)} -> 1.27442 | AC79: {=MMS_PastureBeef_Soil_N2ODirect_Equations.VEERG_4_2_1_3__6_IntakeRelativeToMaintenance(AC63,AC27)} -> 1.1147816 | ... AE79: {=MMS_PastureBeef_Soil_N2ODirect_Equations.VEERG_4_2_1_3__6_IntakeRelativeToMaintenance(AE63,AE27)} -> 1.1147816 | AF79: =$E$46 -> ratio
D80: DMP_jk5calv | E80: daily milk production for the season of calving (kg/head/day) | G80: kg/head/day | H80: Constant | I80: {=_xlfn.XLOOKUP(1, (Table_SourceData_PastureBeef_FeedIntakeAdjustment_Variation[Breed]=$I$82)*(Table_SourceData_PastureBeef_FeedIntakeAdjustment_Variation[Season]=+"Calving season"),Table_SourceData_PastureBeef_FeedIntakeAdjustment_Variation[Milk intake/production])} -> 6 | U80: =TEXT(EDATE('Input - Site'!$E$12,8), "mmmm yyyy") -> September 2025 | V80: {=MMS_PastureBeef_Soil_N2ODirect_Equations.VEERG_4_2_1_3__6_IntakeRelativeToMaintenance(V64,V28)} -> 1.470797 | W80: {=MMS_PastureBeef_Soil_N2ODirect_Equations.VEERG_4_2_1_3__6_IntakeRelativeToMaintenance(W64,W28)} -> 1.2318677 | X80: {=MMS_PastureBeef_Soil_N2ODirect_Equations.VEERG_4_2_1_3__6_IntakeRelativeToMaintenance(X64,X28)} -> 1.3784397 | Y80: {=MMS_PastureBeef_Soil_N2ODirect_Equations.VEERG_4_2_1_3__6_IntakeRelativeToMaintenance(Y64,Y28)} -> 1.53234 | Z80: {=MMS_PastureBeef_Soil_N2ODirect_Equations.VEERG_4_2_1_3__6_IntakeRelativeToMaintenance(Z64,Z28)} -> 1.407228 | AA80: {=MMS_PastureBeef_Soil_N2ODirect_Equations.VEERG_4_2_1_3__6_IntakeRelativeToMaintenance(AA64,AA28)} -> 1.407228 | AB80: {=MMS_PastureBeef_Soil_N2ODirect_Equations.VEERG_4_2_1_3__6_IntakeRelativeToMaintenance(AB64,AB28)} -> 1.4241683 | AC80: {=MMS_PastureBeef_Soil_N2ODirect_Equations.VEERG_4_2_1_3__6_IntakeRelativeToMaintenance(AC64,AC28)} -> 1.2663208 | ... AE80: {=MMS_PastureBeef_Soil_N2ODirect_Equations.VEERG_4_2_1_3__6_IntakeRelativeToMaintenance(AE64,AE28)} -> 1.2663208 | AF80: =$E$46 -> ratio
D81: DMP_jk5after | E81: daily milk production for the season after calving (kg/head/day) | G81: kg/head/day | H81: Constant | I81: {=_xlfn.XLOOKUP(1, (Table_SourceData_PastureBeef_FeedIntakeAdjustment_Variation[Breed]=$I$82)*(Table_SourceData_PastureBeef_FeedIntakeAdjustment_Variation[Season]=+"Season after calving"),Table_SourceData_PastureBeef_FeedIntakeAdjustment_Variation[Milk intake/production])} -> 4 | U81: =TEXT(EDATE('Input - Site'!$E$12,9), "mmmm yyyy") -> October 2025 | V81: {=MMS_PastureBeef_Soil_N2ODirect_Equations.VEERG_4_2_1_3__6_IntakeRelativeToMaintenance(V65,V29)} -> 1.470797 | W81: {=MMS_PastureBeef_Soil_N2ODirect_Equations.VEERG_4_2_1_3__6_IntakeRelativeToMaintenance(W65,W29)} -> 1.2318677 | X81: {=MMS_PastureBeef_Soil_N2ODirect_Equations.VEERG_4_2_1_3__6_IntakeRelativeToMaintenance(X65,X29)} -> 1.3784397 | Y81: {=MMS_PastureBeef_Soil_N2ODirect_Equations.VEERG_4_2_1_3__6_IntakeRelativeToMaintenance(Y65,Y29)} -> 1.53234 | Z81: {=MMS_PastureBeef_Soil_N2ODirect_Equations.VEERG_4_2_1_3__6_IntakeRelativeToMaintenance(Z65,Z29)} -> 1.407228 | AA81: {=MMS_PastureBeef_Soil_N2ODirect_Equations.VEERG_4_2_1_3__6_IntakeRelativeToMaintenance(AA65,AA29)} -> 1.407228 | AB81: {=MMS_PastureBeef_Soil_N2ODirect_Equations.VEERG_4_2_1_3__6_IntakeRelativeToMaintenance(AB65,AB29)} -> 1.4241683 | AC81: {=MMS_PastureBeef_Soil_N2ODirect_Equations.VEERG_4_2_1_3__6_IntakeRelativeToMaintenance(AC65,AC29)} -> 1.2663208 | ... AE81: {=MMS_PastureBeef_Soil_N2ODirect_Equations.VEERG_4_2_1_3__6_IntakeRelativeToMaintenance(AE65,AE29)} -> 1.2663208 | AF81: =$E$46 -> ratio
D82: b | E82: breed of cattle | H82: Input | I82: =X_Cell_PastureBeef_Breed -> Hereford or Shorthorn breeds | U82: =TEXT(EDATE('Input - Site'!$E$12,10), "mmmm yyyy") -> November 2025 | V82: {=MMS_PastureBeef_Soil_N2ODirect_Equations.VEERG_4_2_1_3__6_IntakeRelativeToMaintenance(V66,V30)} -> 1.470797 | W82: {=MMS_PastureBeef_Soil_N2ODirect_Equations.VEERG_4_2_1_3__6_IntakeRelativeToMaintenance(W66,W30)} -> 1.2318677 | X82: {=MMS_PastureBeef_Soil_N2ODirect_Equations.VEERG_4_2_1_3__6_IntakeRelativeToMaintenance(X66,X30)} -> 1.3784397 | Y82: {=MMS_PastureBeef_Soil_N2ODirect_Equations.VEERG_4_2_1_3__6_IntakeRelativeToMaintenance(Y66,Y30)} -> 1.3447065 | Z82: {=MMS_PastureBeef_Soil_N2ODirect_Equations.VEERG_4_2_1_3__6_IntakeRelativeToMaintenance(Z66,Z30)} -> 1.2349144 | AA82: {=MMS_PastureBeef_Soil_N2ODirect_Equations.VEERG_4_2_1_3__6_IntakeRelativeToMaintenance(AA66,AA30)} -> 1.2349144 | AB82: {=MMS_PastureBeef_Soil_N2ODirect_Equations.VEERG_4_2_1_3__6_IntakeRelativeToMaintenance(AB66,AB30)} -> 1.4241683 | AC82: {=MMS_PastureBeef_Soil_N2ODirect_Equations.VEERG_4_2_1_3__6_IntakeRelativeToMaintenance(AC66,AC30)} -> 1.2663208 | ... AE82: {=MMS_PastureBeef_Soil_N2ODirect_Equations.VEERG_4_2_1_3__6_IntakeRelativeToMaintenance(AE66,AE30)} -> 1.2663208 | AF82: =$E$46 -> ratio
U83: =TEXT(EDATE('Input - Site'!$E$12,11), "mmmm yyyy") -> December 2025 | V83: {=MMS_PastureBeef_Soil_N2ODirect_Equations.VEERG_4_2_1_3__6_IntakeRelativeToMaintenance(V67,V31)} -> 1.1123493 | W83: {=MMS_PastureBeef_Soil_N2ODirect_Equations.VEERG_4_2_1_3__6_IntakeRelativeToMaintenance(W67,W31)} -> 0.95640682 | X83: {=MMS_PastureBeef_Soil_N2ODirect_Equations.VEERG_4_2_1_3__6_IntakeRelativeToMaintenance(X67,X31)} -> 1.123435 | Y83: {=MMS_PastureBeef_Soil_N2ODirect_Equations.VEERG_4_2_1_3__6_IntakeRelativeToMaintenance(Y67,Y31)} -> 1.1593207 | Z83: {=MMS_PastureBeef_Soil_N2ODirect_Equations.VEERG_4_2_1_3__6_IntakeRelativeToMaintenance(Z67,Z31)} -> 1.0235503 | AA83: {=MMS_PastureBeef_Soil_N2ODirect_Equations.VEERG_4_2_1_3__6_IntakeRelativeToMaintenance(AA67,AA31)} -> 1.0235503 | AB83: {=MMS_PastureBeef_Soil_N2ODirect_Equations.VEERG_4_2_1_3__6_IntakeRelativeToMaintenance(AB67,AB31)} -> 1.1174246 | AC83: {=MMS_PastureBeef_Soil_N2ODirect_Equations.VEERG_4_2_1_3__6_IntakeRelativeToMaintenance(AC67,AC31)} -> 0.97490853 | ... AE83: {=MMS_PastureBeef_Soil_N2ODirect_Equations.VEERG_4_2_1_3__6_IntakeRelativeToMaintenance(AE67,AE31)} -> 0.97490853 | AF83: =$E$46 -> ratio
D84: M1_Table_LC_j_k-4-5
D85: Proportion of cows in calf during season (Method 1)
D86: Season | E86: Cows 1-2 years | F86: Cows 2-3 years | G86: Cows > 3 years
D87: ='Input - Pasture Beef'!$E$104 -> Winter | E87: ='Input - Pasture Beef'!$F$110 -> 0.7 | F87: ='Input - Pasture Beef'!$G$110 -> 0.5 | G87: ='Input - Pasture Beef'!$H$110 -> 0.5 | H87: Fraction | U87: {=MMS_PastureBeef_Soil_N2ODirect_Equations.VEERG_4_2_1_3__5_MilkProductionForCalvingSeason_Title()} -> Milk production for the season of calving and season after calving
U89: M2_Table_LC_j_k-4-5
U90: Proportion of cows in calf during season (Method 2)
U91: Month | V91: Cows 1-2 years | W91: Cows 2-3 years | X91: Cows > 3 years
D92: M1_Table_MP_j_k-4-5 | U92: =TEXT(EDATE('Input - Pasture Beef'!$D$124,0), "mmmm") & ", " & TEXT(EDATE('Input - Pasture Beef'!$D$125,0), "mmmm") & ", " & TEXT(EDATE('Input - Pasture Beef'!$D$126,0), "mmmm") -> August, September, October | V92: ='Input - Pasture Beef'!$E$127 -> 0.75 | W92: ='Input - Pasture Beef'!$F$127 -> 0.75 | X92: ='Input - Pasture Beef'!$G$127 -> 0.75 | Y92: Fraction
D93: Milk production | U93: =TEXT(EDATE('Input - Pasture Beef'!$D$126,1), "mmmm") & ", " & TEXT(EDATE('Input - Pasture Beef'!$D$126,2), "mmmm") & ", " & TEXT(EDATE('Input - Pasture Beef'!$D$126,3), "mmmm") -> November, December, January
D94: Season | E94: Calving season | F94: DMPjk=4,5 | G94: Bulls < 1 year | H94: Bulls > 1 year | I94: Cows < 1 year | J94: Cows 1-2 years | K94: Cows 2-3 years | L94: Cows > 3 years | M94: Steers < 1 year | N94: Steers 1-2 years | O94: Steers 2-3 years | P94: Steers >3 years
D95: ='4.2.1.1-2 Methane'!D30 -> Spring | E95: {=_xlfn.IFS(D87=D95, "Calving season", D87=D98, "Season after calving", D87=D96, "", D87=D97, "")} -> Season after calving | F95: {=_xlfn.IFS(E95="Calving season", $I$80, E95="Season after calving", $I$81, E95="", "")} -> 4 | G95: 0 | H95: 0 | I95: 0 | J95: {=IFERROR(MMS_PastureBeef_Soil_N2ODirect_Equations.VEERG_4_2_1_3__5_MilkProductionForCalvingSeason(E$87,$F95), 0)} -> 2.8 | K95: {=IFERROR(MMS_PastureBeef_Soil_N2ODirect_Equations.VEERG_4_2_1_3__5_MilkProductionForCalvingSeason(F$87,$F95), 0)} -> 2 | L95: {=IFERROR(MMS_PastureBeef_Soil_N2ODirect_Equations.VEERG_4_2_1_3__5_MilkProductionForCalvingSeason(G$87,$F95), 0)} -> 2 | M95: 0 | N95: 0 | O95: 0 | P95: 0 | Q95: =$E$76 -> kg/head/day
D96: ='4.2.1.1-2 Methane'!D31 -> Summer | E96: {=_xlfn.IFS(D87=D96, "Calving season", D87=D95, "Season after calving", D87=D97, "", D87=D98, "")} | F96: {=_xlfn.IFS(E96="Calving season", $I$80, E96="Season after calving", $I$81, E96="", "")} | G96: 0 | H96: 0 | I96: 0 | J96: {=IFERROR(MMS_PastureBeef_Soil_N2ODirect_Equations.VEERG_4_2_1_3__5_MilkProductionForCalvingSeason(E$87,$F96), 0)} -> 0 | K96: {=IFERROR(MMS_PastureBeef_Soil_N2ODirect_Equations.VEERG_4_2_1_3__5_MilkProductionForCalvingSeason(F$87,$F96), 0)} -> 0 | L96: {=IFERROR(MMS_PastureBeef_Soil_N2ODirect_Equations.VEERG_4_2_1_3__5_MilkProductionForCalvingSeason(G$87,$F96), 0)} -> 0 | M96: 0 | N96: 0 | O96: 0 | P96: 0 | Q96: =$E$76 -> kg/head/day
D97: ='4.2.1.1-2 Methane'!D32 -> Autumn | E97: {=_xlfn.IFS(D87=D97, "Calving season", D87=D96, "Season after calving", D87=D98, "", D87=D95, "")} | F97: {=_xlfn.IFS(E97="Calving season", $I$80, E97="Season after calving", $I$81, E97="", "")} | G97: 0 | H97: 0 | I97: 0 | J97: {=IFERROR(MMS_PastureBeef_Soil_N2ODirect_Equations.VEERG_4_2_1_3__5_MilkProductionForCalvingSeason(E$87,$F97), 0)} -> 0 | K97: {=IFERROR(MMS_PastureBeef_Soil_N2ODirect_Equations.VEERG_4_2_1_3__5_MilkProductionForCalvingSeason(F$87,$F97), 0)} -> 0 | L97: {=IFERROR(MMS_PastureBeef_Soil_N2ODirect_Equations.VEERG_4_2_1_3__5_MilkProductionForCalvingSeason(G$87,$F97), 0)} -> 0 | M97: 0 | N97: 0 | O97: 0 | P97: 0 | Q97: =$E$76 -> kg/head/day | U97: M1_Table_MP_j_k-4-5
D98: ='4.2.1.1-2 Methane'!D33 -> Winter | E98: {=_xlfn.IFS(D87=D98, "Calving season", D87=D97, "Season after calving", D87=D95, "", D87=D96, "")} -> Calving season | F98: {=_xlfn.IFS(E98="Calving season", $I$80, E98="Season after calving", $I$81, E98="", "")} -> 6 | G98: 0 | H98: 0 | I98: 0 | J98: {=IFERROR(MMS_PastureBeef_Soil_N2ODirect_Equations.VEERG_4_2_1_3__5_MilkProductionForCalvingSeason(E$87,$F98), 0)} -> 4.2 | K98: {=IFERROR(MMS_PastureBeef_Soil_N2ODirect_Equations.VEERG_4_2_1_3__5_MilkProductionForCalvingSeason(F$87,$F98), 0)} -> 3 | L98: {=IFERROR(MMS_PastureBeef_Soil_N2ODirect_Equations.VEERG_4_2_1_3__5_MilkProductionForCalvingSeason(G$87,$F98), 0)} -> 3 | M98: 0 | N98: 0 | O98: 0 | P98: 0 | Q98: =$E$76 -> kg/head/day | U98: Milk production
U99: Month | V99: Calving season | W99: DMPjk=4,5 | X99: Bulls < 1 year | Y99: Bulls > 1 year | Z99: Cows < 1 year | AA99: Cows 1-2 years | AB99: Cows 2-3 years | AC99: Cows > 3 years | AD99: Steers < 1 year | AE99: Steers 1-2 years | AF99: Steers 2-3 years | AG99: Steers >3 years
U100: =TEXT('Input - Site'!$E$12,"mmmm") -> January | V100: {=IFERROR(_xlfn.IFS(SUMPRODUCT(ISNUMBER(SEARCH(TRIM(_xlfn.TEXTSPLIT($U$92,",")),U100))*1)>0,"Calving season",SUMPRODUCT(ISNUMBER(SEARCH(TRIM(_xlfn.TEXTSPLIT($U$93,",")),U100))*1)>0,"Season after calving"), "")} -> Season after calving | W100: {=_xlfn.IFS(V100="Calving season", $I$80, V100="Season after calving", $I$81, V100="", "")} -> 4 | X100: 0 | Y100: 0 | Z100: 0 | AA100: {=IFERROR(MMS_PastureBeef_Soil_N2ODirect_Equations.VEERG_4_2_1_3__5_MilkProductionForCalvingSeason(V$92, $W100), 0)} -> 3 | AB100: {=IFERROR(MMS_PastureBeef_Soil_N2ODirect_Equations.VEERG_4_2_1_3__5_MilkProductionForCalvingSeason(W$92, $W100), 0)} -> 3 | AC100: {=IFERROR(MMS_PastureBeef_Soil_N2ODirect_Equations.VEERG_4_2_1_3__5_MilkProductionForCalvingSeason(X$92, $W100), 0)} -> 3 | AD100: 0 | AE100: 0 | AF100: 0 | AG100: 0 | AH100: =$E$76 -> kg/head/day
U101: =TEXT(EDATE('Input - Site'!$E$12,1), "mmmm") -> February | V101: {=IFERROR(_xlfn.IFS(SUMPRODUCT(ISNUMBER(SEARCH(TRIM(_xlfn.TEXTSPLIT($U$92,",")),U101))*1)>0,"Calving season",SUMPRODUCT(ISNUMBER(SEARCH(TRIM(_xlfn.TEXTSPLIT($U$93,",")),U101))*1)>0,"Season after calving"), "")} | W101: {=_xlfn.IFS(V101="Calving season", $I$80, V101="Season after calving", $I$81, V101="", "")} | X101: 0 | Y101: 0 | Z101: 0 | AA101: {=IFERROR(MMS_PastureBeef_Soil_N2ODirect_Equations.VEERG_4_2_1_3__5_MilkProductionForCalvingSeason(V$92, $W101), 0)} -> 0 | AB101: {=IFERROR(MMS_PastureBeef_Soil_N2ODirect_Equations.VEERG_4_2_1_3__5_MilkProductionForCalvingSeason(W$92, $W101), 0)} -> 0 | AC101: {=IFERROR(MMS_PastureBeef_Soil_N2ODirect_Equations.VEERG_4_2_1_3__5_MilkProductionForCalvingSeason(X$92, $W101), 0)} -> 0 | AD101: 0 | AE101: 0 | AF101: 0 | AG101: 0 | AH101: =$E$76 -> kg/head/day
D102: {=MMS_PastureBeef_Soil_N2ODirect_Equations.VEERG_4_2_1_3__4_NitrogenRetainedByBody_Title()} -> Amount of nitrogen retained by the body | U102: =TEXT(EDATE('Input - Site'!$E$12,2), "mmmm") -> March | V102: {=IFERROR(_xlfn.IFS(SUMPRODUCT(ISNUMBER(SEARCH(TRIM(_xlfn.TEXTSPLIT($U$92,",")),U102))*1)>0,"Calving season",SUMPRODUCT(ISNUMBER(SEARCH(TRIM(_xlfn.TEXTSPLIT($U$93,",")),U102))*1)>0,"Season after calving"), "")} | W102: {=_xlfn.IFS(V102="Calving season", $I$80, V102="Season after calving", $I$81, V102="", "")} | X102: 0 | Y102: 0 | Z102: 0 | AA102: {=IFERROR(MMS_PastureBeef_Soil_N2ODirect_Equations.VEERG_4_2_1_3__5_MilkProductionForCalvingSeason(V$92, $W102), 0)} -> 0 | AB102: {=IFERROR(MMS_PastureBeef_Soil_N2ODirect_Equations.VEERG_4_2_1_3__5_MilkProductionForCalvingSeason(W$92, $W102), 0)} -> 0 | AC102: {=IFERROR(MMS_PastureBeef_Soil_N2ODirect_Equations.VEERG_4_2_1_3__5_MilkProductionForCalvingSeason(X$92, $W102), 0)} -> 0 | AD102: 0 | AE102: 0 | AF102: 0 | AG102: 0 | AH102: =$E$76 -> kg/head/day
D103: {=MMS_PastureBeef_Soil_N2ODirect_Equations.VEERG_4_2_1_3__4_NitrogenRetainedByBody_Source()} -> VEERG 2026: 4.2.1.3, Equation (4) | U103: =TEXT(EDATE('Input - Site'!$E$12,3), "mmmm") -> April | V103: {=IFERROR(_xlfn.IFS(SUMPRODUCT(ISNUMBER(SEARCH(TRIM(_xlfn.TEXTSPLIT($U$92,",")),U103))*1)>0,"Calving season",SUMPRODUCT(ISNUMBER(SEARCH(TRIM(_xlfn.TEXTSPLIT($U$93,",")),U103))*1)>0,"Season after calving"), "")} | W103: {=_xlfn.IFS(V103="Calving season", $I$80, V103="Season after calving", $I$81, V103="", "")} | X103: 0 | Y103: 0 | Z103: 0 | AA103: {=IFERROR(MMS_PastureBeef_Soil_N2ODirect_Equations.VEERG_4_2_1_3__5_MilkProductionForCalvingSeason(V$92, $W103), 0)} -> 0 | AB103: {=IFERROR(MMS_PastureBeef_Soil_N2ODirect_Equations.VEERG_4_2_1_3__5_MilkProductionForCalvingSeason(W$92, $W103), 0)} -> 0 | AC103: {=IFERROR(MMS_PastureBeef_Soil_N2ODirect_Equations.VEERG_4_2_1_3__5_MilkProductionForCalvingSeason(X$92, $W103), 0)} -> 0 | AD103: 0 | AE103: 0 | AF103: 0 | AG103: 0 | AH103: =$E$76 -> kg/head/day
D104: Function name | E104: {=Common_InputFunctions.Utility_DisplayFunctionName(E127)} -> =MMS_PastureBeef_Soil_N2ODirect_Equations.VEERG_4_2_1_3__4_NitrogenRetainedByBody | U104: =TEXT(EDATE('Input - Site'!$E$12,4), "mmmm") -> May | V104: {=IFERROR(_xlfn.IFS(SUMPRODUCT(ISNUMBER(SEARCH(TRIM(_xlfn.TEXTSPLIT($U$92,",")),U104))*1)>0,"Calving season",SUMPRODUCT(ISNUMBER(SEARCH(TRIM(_xlfn.TEXTSPLIT($U$93,",")),U104))*1)>0,"Season after calving"), "")} | W104: {=_xlfn.IFS(V104="Calving season", $I$80, V104="Season after calving", $I$81, V104="", "")} | X104: 0 | Y104: 0 | Z104: 0 | AA104: {=IFERROR(MMS_PastureBeef_Soil_N2ODirect_Equations.VEERG_4_2_1_3__5_MilkProductionForCalvingSeason(V$92, $W104), 0)} -> 0 | AB104: {=IFERROR(MMS_PastureBeef_Soil_N2ODirect_Equations.VEERG_4_2_1_3__5_MilkProductionForCalvingSeason(W$92, $W104), 0)} -> 0 | AC104: {=IFERROR(MMS_PastureBeef_Soil_N2ODirect_Equations.VEERG_4_2_1_3__5_MilkProductionForCalvingSeason(X$92, $W104), 0)} -> 0 | AD104: 0 | AE104: 0 | AF104: 0 | AG104: 0 | AH104: =$E$76 -> kg/head/day
U105: =TEXT(EDATE('Input - Site'!$E$12,5), "mmmm") -> June | V105: {=IFERROR(_xlfn.IFS(SUMPRODUCT(ISNUMBER(SEARCH(TRIM(_xlfn.TEXTSPLIT($U$92,",")),U105))*1)>0,"Calving season",SUMPRODUCT(ISNUMBER(SEARCH(TRIM(_xlfn.TEXTSPLIT($U$93,",")),U105))*1)>0,"Season after calving"), "")} | W105: {=_xlfn.IFS(V105="Calving season", $I$80, V105="Season after calving", $I$81, V105="", "")} | X105: 0 | Y105: 0 | Z105: 0 | AA105: {=IFERROR(MMS_PastureBeef_Soil_N2ODirect_Equations.VEERG_4_2_1_3__5_MilkProductionForCalvingSeason(V$92, $W105), 0)} -> 0 | AB105: {=IFERROR(MMS_PastureBeef_Soil_N2ODirect_Equations.VEERG_4_2_1_3__5_MilkProductionForCalvingSeason(W$92, $W105), 0)} -> 0 | AC105: {=IFERROR(MMS_PastureBeef_Soil_N2ODirect_Equations.VEERG_4_2_1_3__5_MilkProductionForCalvingSeason(X$92, $W105), 0)} -> 0 | AD105: 0 | AE105: 0 | AF105: 0 | AG105: 0 | AH105: =$E$76 -> kg/head/day
...

Sheet 4.2.1.5-6 Soil Atmos Dep
A1: #VALUE! | C1: 4.2.1.5-6 Soil atmospheric deposition N2O
A3: =HYPERLINK("#'Home'!A1", "Home") -> Home | D3: Method 1 | N3: Method 2
A4: =HYPERLINK("#'Results'!A1", "Results") -> Results
D5: {=MMS_PastureBeef_Soil_AtmosphericDeposition_Equations.VEERG_4_2_1_5__2_MassOfNitrogenVolatilisedOnPasture_Title()} -> Mass of nitrogen volatilised
A6: INPUTS | D6: {=MMS_PastureBeef_Soil_AtmosphericDeposition_Equations.VEERG_4_2_1_5__2_MassOfNitrogenVolatilisedOnPasture_Source()} -> VEERG 2026: 4.2.1.5, Equation (2)
A7: =HYPERLINK("#'Input - Site'!A1", "Site") -> Site | D7: Function name | E7: {=Common_InputFunctions.Utility_DisplayFunctionName(E16)} -> =MMS_PastureBeef_Soil_AtmosphericDeposition_Equations.VEERG_4_2_1_5__2_MassOfNitrogenVolatilisedOnPasture
A8: =HYPERLINK("#'Input - Pasture Beef'!A1", "Pasture Beef") -> Pasture Beef
A10: CALCULATIONS | D10: Variable | E10: {=MMS_PastureBeef_Soil_AtmosphericDeposition_Equations.VEERG_4_2_1_5__2_MassOfNitrogenVolatilisedOnPasture_Variable()} -> M_vol
A11: =HYPERLINK("#'4.2.1.1-2 Methane'!A1", "4.2.1.1-2 Methane") -> 4.2.1.1-2 Methane | D11: Unit | E11: {=MMS_PastureBeef_Soil_AtmosphericDeposition_Equations.VEERG_4_2_1_5__2_MassOfNitrogenVolatilisedOnPasture_Unit()} -> kg N
A12: =HYPERLINK("#'4.2.1.3-4 Soil direct N2O'!A1", "4.2.1.3-4 Soil direct N2O") -> 4.2.1.3-4 Soil direct N2O
A13: =HYPERLINK("#'4.2.1.5-6 Soil Atmos Dep'!A1", "4.2.1.5-6 Soil atm. deposition") -> 4.2.1.5-6 Soil atm. deposition | D13: {=_xlfn.CHOOSECOLS(MMS_PastureBeef_Soil_AtmosphericDeposition_Equations.VEERG_4_2_1_5__2_MassOfNitrogenVolatilisedOnPasture_Arguments(),1,2)} -> AE | E13: total mass of nitrogen excreted on PRP for beef cattle | H13: {=_xlfn.CHOOSECOLS(MMS_PastureBeef_Soil_AtmosphericDeposition_Equations.VEERG_4_2_1_5__2_MassOfNitrogenVolatilisedOnPasture_Arguments(),3,4)} -> kg N | I13: Calculated from 4.2.1.3 (2) | J13: ='4.2.1.3-4 Soil direct N20'!$E$212 -> 60490.349 | N13: {=_xlfn.CHOOSECOLS(MMS_PastureBeef_Soil_AtmosphericDeposition_Equations.VEERG_4_2_1_5__2_MassOfNitrogenVolatilisedOnPasture_Arguments(),1,2)} -> AE | O13: total mass of nitrogen excreted on PRP for beef cattle | R13: {=_xlfn.CHOOSECOLS(MMS_PastureBeef_Soil_AtmosphericDeposition_Equations.VEERG_4_2_1_5__2_MassOfNitrogenVolatilisedOnPasture_Arguments(),3,4)} -> kg N | S13: Calculated from 4.2.1.3 (2) | T13: ='4.2.1.3-4 Soil direct N20'!$V$261 -> 58623.49
A14: =HYPERLINK("#'4.2.1.7-8 Soil leach runoff'!A1", "4.2.1.7-8 Soil leach & runoff") -> 4.2.1.7-8 Soil leach & runoff | D14: FracGASMsoil | E14: fraction of nitrogen volatilised from urine and faeces deposited on pasture ((kg NH3-N + NOx-N)/kg N) | H14: fraction | I14: Constant | J14: ='Constants - Pature Beef'!$D$434 -> 0.21 | N14: FracGASMsoil | O14: fraction of nitrogen volatilised from urine and faeces deposited on pasture ((kg NH3-N + NOx-N)/kg N) | R14: fraction | S14: Constant
A16: APPENDICES | D16: Mvol | E16: {=MMS_PastureBeef_Soil_AtmosphericDeposition_Equations.VEERG_4_2_1_5__2_MassOfNitrogenVolatilisedOnPasture(J13,J14)} -> 12702.973 | F16: =E11 -> kg N | N16: Mvol | O16: {=MMS_PastureBeef_Soil_AtmosphericDeposition_Equations.VEERG_4_2_1_5__2_MassOfNitrogenVolatilisedOnPasture(T13,$J$14)} -> 12310.933 | P16: =O11 -> 0
A17: =HYPERLINK("#'Constants - Pasture Beef'!A1", "Constants - Pasture Beef") -> Constants - Pasture Beef
A18: =HYPERLINK("#'Constants - Livestock'!A1", "Constants - Livestock") -> Constants - Livestock
A19: =HYPERLINK("#'Constants - Common'!A1", "Constants - Common") -> Constants - Common
A20: =HYPERLINK("#'Acknowledgements'!A1", "Acknowledgements") -> Acknowledgements | D20: {=MMS_PastureBeef_Soil_AtmosphericDeposition_Equations.VEERG_4_2_1_5__1_AtmosphericDepositionEmissionsFromUrineAndDungOnPasture_Title()} -> Atmospheric deposition emissions from urine and dung deposited on pasture
D21: {=MMS_PastureBeef_Soil_AtmosphericDeposition_Equations.VEERG_4_2_1_5__1_AtmosphericDepositionEmissionsFromUrineAndDungOnPasture_Source()} -> VEERG 2026: 4.2.1.5, Equation (1)
D22: Function name | E22: {=Common_InputFunctions.Utility_DisplayFunctionName($E$35)} -> =MMS_PastureBeef_Soil_AtmosphericDeposition_Equations.VEERG_4_2_1_5__1_AtmosphericDepositionEmissionsFromUrineAndDungOnPasture
D25: Variable | E25: {=MMS_PastureBeef_Soil_AtmosphericDeposition_Equations.VEERG_4_2_1_5__1_AtmosphericDepositionEmissionsFromUrineAndDungOnPasture_Variable()} -> E_N2Oad
D26: Unit | E26: {=MMS_PastureBeef_Soil_AtmosphericDeposition_Equations.VEERG_4_2_1_5__1_AtmosphericDepositionEmissionsFromUrineAndDungOnPasture_Unit()} -> t N2O
D28: {=_xlfn.CHOOSECOLS(MMS_PastureBeef_Soil_AtmosphericDeposition_Equations.VEERG_4_2_1_5__1_AtmosphericDepositionEmissionsFromUrineAndDungOnPasture_Arguments(),1,2)} -> M_vol | E28: mass of nitrogen volatilised from urine and faeces deposited on pasture | G28: {=_xlfn.CHOOSECOLS(MMS_PastureBeef_Soil_AtmosphericDeposition_Equations.VEERG_4_2_1_5__1_AtmosphericDepositionEmissionsFromUrineAndDungOnPasture_Arguments(),3,4)} -> kg N | H28: Calculated from 4.2.1.5 (2) | I28: =E16 -> 12702.973 | N28: {=_xlfn.CHOOSECOLS(MMS_PastureBeef_Soil_AtmosphericDeposition_Equations.VEERG_4_2_1_5__1_AtmosphericDepositionEmissionsFromUrineAndDungOnPasture_Arguments(),1,2)} -> M_vol | O28: mass of nitrogen volatilised from urine and faeces deposited on pasture | Q28: {=_xlfn.CHOOSECOLS(MMS_PastureBeef_Soil_AtmosphericDeposition_Equations.VEERG_4_2_1_5__1_AtmosphericDepositionEmissionsFromUrineAndDungOnPasture_Arguments(),3,4)} -> kg N | R28: Calculated from 4.2.1.5 (2) | S28: =O16 -> 12310.933
D29: EF_N2O | E29: nitrous oxide emission factor for atmospheric deposition | G29: kg N2O-N/kg N | H29: Constant | I29: =Common_InputFunctions.Utility_LookupN2OEFFromProdIrrigationRainfall($I$31,$I$32,$I$33,Table_SourceData_Common_EFN2O[Production system only],Table_SourceData_Common_EFN2O[Irrigation method],Table_SourceData_Common_EFN2O[Rainfall zone],Table_SourceData_Common_EFN2O[EFN2O]) -> 0.0018 | N29: EF_N2O | O29: nitrous oxide emission factor for atmospheric deposition | Q29: kg N2O-N/kg N | R29: Constant
D30: C_N2O | E30: factor to convert elemental mass of N2O to molecular mass | H30: Constant | I30: =Common_InputFunctions.Utility_LookupValueInTableNumber("N2O",Table_GasToMolecularConversionFactor[Gas],Table_GasToMolecularConversionFactor[Conversion factor combined]) -> 1.5714286 | N30: C_N2O | O30: factor to convert elemental mass of N2O to molecular mass | R30: Constant
D31: j | E31: production system | H31: Input | I31: =X_Cell_PastureBeef_GrazingProductionSystem -> Pasture | N31: j | O31: production system | R31: Input
D32: i | E32: irrigation method | H32: Input | I32: =X_Cell_PastureBeef_GrazingIrrigationMethod -> Not irrigated | N32: i | O32: irrigation method | R32: Input
D33: r | E33: rainfall zone | H33: Input | I33: =X_Cell_Site_RainfallZone -> High rainfall | N33: r | O33: rainfall zone | R33: Input
D35: EN2O,ad | E35: {=MMS_PastureBeef_Soil_AtmosphericDeposition_Equations.VEERG_4_2_1_5__1_AtmosphericDepositionEmissionsFromUrineAndDungOnPasture(I28,I29,I30)} -> 0.035931268 | F35: =$E$26 -> t N2O | N35: EN2O,ad | O35: {=MMS_PastureBeef_Soil_AtmosphericDeposition_Equations.VEERG_4_2_1_5__1_AtmosphericDepositionEmissionsFromUrineAndDungOnPasture(S28,I29,I30)} -> 0.034822353 | P35: =$E$26 -> t N2O
D37: {=Common_Equations.Common_ConvertN2OToCO2e_Arguments()} -> EN2O | E37: Nitrous oxide emissions (t N2O) | G37: =E35 -> 0.035931268 | N37: {=Common_Equations.Common_ConvertN2OToCO2e_Arguments()} -> EN2O | O37: Nitrous oxide emissions (t N2O) | Q37: =O35 -> 0.034822353
D38: GWPN2O | E38: Global warming potential for nitrous oxide (t CO2-e / t N2O) | G38: =Common_InputFunctions.Utility_LookupValueInTableNumber("N2O",Table_GWPData[Gas],Table_GWPData[CO2-e factor]) -> 265 | N38: GWPN2O | O38: Global warming potential for nitrous oxide (t CO2-e / t N2O) | Q38: =Common_InputFunctions.Utility_LookupValueInTableNumber("N2O",Table_GWPData[Gas],Table_GWPData[CO2-e factor]) -> 265
D40: ECO2e | E40: {=Common_Equations.Common_ConvertN2OToCO2e(G37,G38)} -> 9.5217859 | F40: {=Common_Equations.Common_ConvertN2OToCO2e_Unit()} -> t CO2e | N40: ECO2e | O40: {=Common_Equations.Common_ConvertN2OToCO2e(Q37,Q38)} -> 9.2279236 | P40: {=Common_Equations.Common_ConvertN2OToCO2e_Unit()} -> t CO2e

Sheet 4.2.1.7-8 Soil leach runoff
A1: #VALUE! | C1: 4.3.1.12-13 Soil leaching and runoff N2O
A3: =HYPERLINK("#'Home'!A1", "Home") -> Home | D3: Method 1 | M3: Method 2
A4: =HYPERLINK("#'Results'!A1", "Results") -> Results
D5: {=MMS_PastureBeef_Soil_LeachingAndRunoff.VEERG_4_2_1_7__2_MassOfNitrogenLostToLeachingAndRunoffOnPasture_Title()} -> Mass of nitrogen lost to leaching and runoff
A6: INPUTS | D6: {=MMS_PastureBeef_Soil_LeachingAndRunoff.VEERG_4_2_1_7__2_MassOfNitrogenLostToLeachingAndRunoffOnPasture_Source()} -> VEERG 2026: 4.2.1.7, Equation (2)
A7: =HYPERLINK("#'Input - Site'!A1", "Site") -> Site | D7: Function name | E7: {=Common_InputFunctions.Utility_DisplayFunctionName(E20)} -> =MMS_PastureBeef_Soil_LeachingAndRunoff.VEERG_4_2_1_7__2_MassOfNitrogenLostToLeachingAndRunoffOnPasture
A8: =HYPERLINK("#'Input - Pasture Beef'!A1", "Pasture Beef") -> Pasture Beef
A10: CALCULATIONS | D10: Variable | E10: {=MMS_PastureBeef_Soil_LeachingAndRunoff.VEERG_4_2_1_7__2_MassOfNitrogenLostToLeachingAndRunoffOnPasture_Variable()} -> M_leach
A11: =HYPERLINK("#'4.2.1.1-2 Methane'!A1", "4.2.1.1-2 Methane") -> 4.2.1.1-2 Methane | D11: Unit | E11: {=MMS_PastureBeef_Soil_LeachingAndRunoff.VEERG_4_2_1_7__2_MassOfNitrogenLostToLeachingAndRunoffOnPasture_Unit()} -> kg N
A12: =HYPERLINK("#'4.2.1.3-4 Soil direct N2O'!A1", "4.2.1.3-4 Soil direct N2O") -> 4.2.1.3-4 Soil direct N2O
A13: =HYPERLINK("#'4.2.1.5-6 Soil Atmos Dep'!A1", "4.2.1.5-6 Soil atm. deposition") -> 4.2.1.5-6 Soil atm. deposition | D13: {=_xlfn.CHOOSECOLS(MMS_PastureBeef_Soil_LeachingAndRunoff.VEERG_4_2_1_7__2_MassOfNitrogenLostToLeachingAndRunoffOnPasture_Arguments(),1,2)} -> AE | E13: total mass of nitrogen excreted on PRP for beef cattle | G13: {=_xlfn.CHOOSECOLS(MMS_PastureBeef_Soil_LeachingAndRunoff.VEERG_4_2_1_7__2_MassOfNitrogenLostToLeachingAndRunoffOnPasture_Arguments(),3,4)} -> kg N | H13: Calculated from 4.2.1.3 (2) | I13: ='4.2.1.3-4 Soil direct N20'!$E$212 -> 60490.349 | M13: {=_xlfn.CHOOSECOLS(MMS_PastureBeef_Soil_LeachingAndRunoff.VEERG_4_2_1_7__2_MassOfNitrogenLostToLeachingAndRunoffOnPasture_Arguments(),1,2)} -> AE | N13: total mass of nitrogen excreted on PRP for beef cattle | P13: {=_xlfn.CHOOSECOLS(MMS_PastureBeef_Soil_LeachingAndRunoff.VEERG_4_2_1_7__2_MassOfNitrogenLostToLeachingAndRunoffOnPasture_Arguments(),3,4)} -> kg N | Q13: Calculated from 4.2.1.3 (2) | R13: ='4.2.1.3-4 Soil direct N20'!$V$261 -> 58623.49
A14: =HYPERLINK("#'4.2.1.7-8 Soil leach runoff'!A1", "4.2.1.7-8 Soil leach & runoff") -> 4.2.1.7-8 Soil leach & runoff | D14: FracWet | E14: fraction of N available for leaching and runoff | G14: fraction | H14: Constant | I14: =Common_InputFunctions.CommonCropping_GetFracWET(I16,I18,#REF!,#REF!,Table_SourceData_FracWETIrrigation[Irrigation type i],Table_SourceData_FracWETIrrigation[FracWET]) -> 0 | M14: FracWet | N14: fraction of N available for leaching and runoff | P14: fraction | Q14: Constant
D15: FracLEACH | E15: fraction of all N that is lost through leaching and runoff | G15: fraction | H15: Constant | I15: ='Constants - Pature Beef'!$D$440 -> 0.24 | M15: FracLEACH | N15: fraction of all N that is lost through leaching and runoff | P15: fraction | Q15: Constant
A16: APPENDICES | D16: z | E16: location in leaching zone | H16: Input | I16: =X_Cell_Site_LeachingZone -> NO - Not in leaching zone | M16: z | N16: location in leaching zone | Q16: Input
A17: =HYPERLINK("#'Constants - Pasture Beef'!A1", "Constants - Pasture Beef") -> Constants - Pasture Beef | D17: j | E17: production system | H17: Input | I17: =X_Cell_PastureBeef_GrazingProductionSystem -> Pasture | M17: j | N17: production system | Q17: Input
A18: =HYPERLINK("#'Constants - Livestock'!A1", "Constants - Livestock") -> Constants - Livestock | D18: ir | E18: irrigation method | H18: Input | I18: =X_Cell_PastureBeef_GrazingIrrigationMethod -> Not irrigated | M18: ir | N18: irrigation method | Q18: Input
A19: =HYPERLINK("#'Constants - Common'!A1", "Constants - Common") -> Constants - Common
A20: =HYPERLINK("#'Acknowledgements'!A1", "Acknowledgements") -> Acknowledgements | D20: Mleach | E20: {=MMS_PastureBeef_Soil_LeachingAndRunoff.VEERG_4_2_1_7__2_MassOfNitrogenLostToLeachingAndRunoffOnPasture($I$13,$I$14,$I$15)} -> 0 | F20: =$E$11 -> kg N | M20: Mleach | N20: {=MMS_PastureBeef_Soil_LeachingAndRunoff.VEERG_4_2_1_7__2_MassOfNitrogenLostToLeachingAndRunoffOnPasture($R$13,$I$14,$I$15)} -> 0 | O20: =$E$11 -> kg N
D24: {=MMS_PastureBeef_Soil_LeachingAndRunoff.VEERG_4_2_1_7__1_LeachingAndRunoffEmissionsFromUrineAndDungOnPasture_Title()} -> Leaching and runoff emissions from urine and dung deposited on pasture
D25: {=MMS_PastureBeef_Soil_LeachingAndRunoff.VEERG_4_2_1_7__1_LeachingAndRunoffEmissionsFromUrineAndDungOnPasture_Source()} -> VEERG 2026: 4.2.1.7, Equation (1)
D26: Function name | E26: {=Common_InputFunctions.Utility_DisplayFunctionName(E36)} -> =MMS_PastureBeef_Soil_LeachingAndRunoff.VEERG_4_2_1_7__1_LeachingAndRunoffEmissionsFromUrineAndDungOnPasture
D29: Variable | E29: {=MMS_PastureBeef_Soil_LeachingAndRunoff.VEERG_4_2_1_7__1_LeachingAndRunoffEmissionsFromUrineAndDungOnPasture_Variable()} -> E_N2Oleach
D30: Unit | E30: {=MMS_PastureBeef_Soil_LeachingAndRunoff.VEERG_4_2_1_7__1_LeachingAndRunoffEmissionsFromUrineAndDungOnPasture_Unit()} -> t N2O
D32: {=_xlfn.CHOOSECOLS(MMS_PastureBeef_Soil_LeachingAndRunoff.VEERG_4_2_1_7__1_LeachingAndRunoffEmissionsFromUrineAndDungOnPasture_Arguments(),1,2)} -> M_leach | E32: mass of nitrogen lost to leaching and runoff | G32: {=_xlfn.CHOOSECOLS(MMS_PastureBeef_Soil_LeachingAndRunoff.VEERG_4_2_1_7__1_LeachingAndRunoffEmissionsFromUrineAndDungOnPasture_Arguments(),3,4)} -> kg N | H32: Calculated from 4.2.1.7 (2) | I32: =$E$20 -> 0 | M32: {=_xlfn.CHOOSECOLS(MMS_PastureBeef_Soil_LeachingAndRunoff.VEERG_4_2_1_7__1_LeachingAndRunoffEmissionsFromUrineAndDungOnPasture_Arguments(),1,2)} -> M_leach | N32: mass of nitrogen lost to leaching and runoff | P32: {=_xlfn.CHOOSECOLS(MMS_PastureBeef_Soil_LeachingAndRunoff.VEERG_4_2_1_7__1_LeachingAndRunoffEmissionsFromUrineAndDungOnPasture_Arguments(),3,4)} -> kg N | Q32: Calculated from 4.2.1.7 (2) | R32: =$N$20 -> 0
D33: EF_leach | E33: emission factor for leaching and runoff | G33: kg N2O-N/kg N | H33: Constant | I33: ='Constants - Common'!$E$170 -> 0.011 | M33: EF_leach | N33: emission factor for leaching and runoff | P33: kg N2O-N/kg N | Q33: Constant
D34: C_N2O | E34: factor to convert elemental mass of N2O to molecular mass | H34: Constant | I34: =Common_InputFunctions.Utility_LookupValueInTableNumber("N2O",Table_GasToMolecularConversionFactor[Gas],Table_GasToMolecularConversionFactor[Conversion factor combined]) -> 1.5714286 | M34: C_N2O | N34: factor to convert elemental mass of N2O to molecular mass | Q34: Constant
D36: EN2O,leach | E36: {=MMS_PastureBeef_Soil_LeachingAndRunoff.VEERG_4_2_1_7__1_LeachingAndRunoffEmissionsFromUrineAndDungOnPasture(I32,I33,I34)} -> 0 | F36: =$E$30 -> t N2O | M36: EN2O,leach | N36: {=MMS_PastureBeef_Soil_LeachingAndRunoff.VEERG_4_2_1_7__1_LeachingAndRunoffEmissionsFromUrineAndDungOnPasture(R32,I33,I34)} -> 0 | O36: =$E$30 -> t N2O
D38: {=Common_Equations.Common_ConvertN2OToCO2e_Arguments()} -> EN2O | E38: Nitrous oxide emissions (t N2O) | G38: =E36 -> 0 | M38: {=Common_Equations.Common_ConvertN2OToCO2e_Arguments()} -> EN2O | N38: Nitrous oxide emissions (t N2O) | P38: =N36 -> 0
D39: GWPN2O | E39: Global warming potential for nitrous oxide (t CO2-e / t N2O) | G39: =Common_InputFunctions.Utility_LookupValueInTableNumber("N2O",Table_GWPData[Gas],Table_GWPData[CO2-e factor]) -> 265 | M39: GWPN2O | N39: Global warming potential for nitrous oxide (t CO2-e / t N2O) | P39: =Common_InputFunctions.Utility_LookupValueInTableNumber("N2O",Table_GWPData[Gas],Table_GWPData[CO2-e factor]) -> 265
D41: ECO2e | E41: {=Common_Equations.Common_ConvertN2OToCO2e(G38,G39)} -> 0 | F41: {=Common_Equations.Common_ConvertN2OToCO2e_Unit()} -> t CO2e | M41: ECO2e | N41: {=Common_Equations.Common_ConvertN2OToCO2e(P38,P39)} -> 0 | O41: {=Common_Equations.Common_ConvertN2OToCO2e_Unit()} -> t CO2e

Sheet Constants - Pature Beef
A1: #VALUE! | C1: Constants - Pasture Beef
A3: =HYPERLINK("#'Home'!A1", "Home") -> Home
A4: =HYPERLINK("#'Results'!A1", "Results") -> Results
D5: Pasture beefcrop or pasture production systems | G5: Irrigation methods | M5: Table_SourceData_PastureBeef_Region_WesternAustralia | O5: Table_SourceData_PastureBeef_Region_Queensland | Q5: Table_SourceData_PastureBeef_Region_NorthernTerritory | S5: Table_SourceData_PastureBeef_Region_Victoria
A6: INPUTS
A7: =HYPERLINK("#'Input - Site'!A1", "Site") -> Site | D7: Production system | G7: Irrigation method | M7: Region | O7: Region | Q7: Region | S7: Region
A8: =HYPERLINK("#'Input - Pasture Beef'!A1", "Pasture Beef") -> Pasture Beef | D8: ='Constants - Common'!$F$187 -> Pasture | G8: Not irrigated | M8: South West | O8: Alice Springs | Q8: High | S8: n/a
D9: ='Constants - Common'!$F$188 -> Crop | G9: Drip irrigation | M9: Pilbara | O9: Barkly | Q9: Moderate/High
A10: CALCULATIONS | G10: Sprinkler irrigation | M10: Kimberley | O10: Northern | Q10: Moderate/Low | S10: Table_SourceData_PastureBeef_Region_NewSouthWales
A11: =HYPERLINK("#'4.2.1.1-2 Methane'!A1", "4.2.1.1-2 Methane") -> 4.2.1.1-2 Methane | G11: Surface irrigation | Q11: Low
A12: =HYPERLINK("#'4.2.1.3-4 Soil direct N2O'!A1", "4.2.1.3-4 Soil direct N2O") -> 4.2.1.3-4 Soil direct N2O | G12: Other irrigation | S12: Region
A13: =HYPERLINK("#'4.2.1.5-6 Soil Atmos Dep'!A1", "4.2.1.5-6 Soil atm. deposition") -> 4.2.1.5-6 Soil atm. deposition | S13: n/a
A14: =HYPERLINK("#'4.2.1.7-8 Soil leach runoff'!A1", "4.2.1.7-8 Soil leach & runoff") -> 4.2.1.7-8 Soil leach & runoff | D14: {=SourceData_PastureBeef.SourceData_PastureBeef_Liveweight_Title()} -> Beef pasture cattle - Liveweight (kg) (Wjkl)
D15: {=SourceData_PastureBeef.SourceData_PastureBeef_Liveweight_Source()} -> VEERG 2026: Table A.1.2.1 | S15: Table_SourceData_PastureBeef_Region_SouthAustralia
A16: APPENDICES | D16: {=SourceData_PastureBeef.SourceData_PastureBeef_Liveweight_Variable()} -> Wjkl
A17: =HYPERLINK("#'Constants - Pasture Beef'!A1", "Constants - Pasture Beef") -> Constants - Pasture Beef | D17: {=SourceData_PastureBeef.SourceData_PastureBeef_Liveweight_Unit()} -> kg | S17: Region
A18: =HYPERLINK("#'Constants - Livestock'!A1", "Constants - Livestock") -> Constants - Livestock | D18: State | E18: Region | F18: Season | G18: Bull < 1 | H18: Bull > 1 | I18: Cow < 1 | J18: Cow 1-2 | K18: Cow > 2 | L18: Steer < 1 | M18: Steer > 1 | S18: n/a
A19: =HYPERLINK("#'Constants - Common'!A1", "Constants - Common") -> Constants - Common | D19: {=Common_InputFunctions.Utility_DisplayArrayInTable(SourceData_PastureBeef.SourceData_PastureBeef_Liveweight_Data(), Table_SourceData_PastureBeef_Liveweight[[#Headers],[State]], 0)} -> ACT/NSW | E19: {=Common_InputFunctions.Utility_DisplayArrayInTable(SourceData_PastureBeef.SourceData_PastureBeef_Liveweight_Data(), Table_SourceData_PastureBeef_Liveweight[[#Headers],[State]], 0)} -> n/a | F19: {=Common_InputFunctions.Utility_DisplayArrayInTable(SourceData_PastureBeef.SourceData_PastureBeef_Liveweight_Data(), Table_SourceData_PastureBeef_Liveweight[[#Headers],[State]], 0)} -> Spring | G19: {=Common_InputFunctions.Utility_DisplayArrayInTable(SourceData_PastureBeef.SourceData_PastureBeef_Liveweight_Data(), Table_SourceData_PastureBeef_Liveweight[[#Headers],[State]], 0)} -> 80 | H19: {=Common_InputFunctions.Utility_DisplayArrayInTable(SourceData_PastureBeef.SourceData_PastureBeef_Liveweight_Data(), Table_SourceData_PastureBeef_Liveweight[[#Headers],[State]], 0)} -> 480 | I19: {=Common_InputFunctions.Utility_DisplayArrayInTable(SourceData_PastureBeef.SourceData_PastureBeef_Liveweight_Data(), Table_SourceData_PastureBeef_Liveweight[[#Headers],[State]], 0)} -> 75 | J19: {=Common_InputFunctions.Utility_DisplayArrayInTable(SourceData_PastureBeef.SourceData_PastureBeef_Liveweight_Data(), Table_SourceData_PastureBeef_Liveweight[[#Headers],[State]], 0)} -> 300 | K19: {=Common_InputFunctions.Utility_DisplayArrayInTable(SourceData_PastureBeef.SourceData_PastureBeef_Liveweight_Data(), Table_SourceData_PastureBeef_Liveweight[[#Headers],[State]], 0)} -> 440 | ... M19: {=Common_InputFunctions.Utility_DisplayArrayInTable(SourceData_PastureBeef.SourceData_PastureBeef_Liveweight_Data(), Table_SourceData_PastureBeef_Liveweight[[#Headers],[State]], 0)} -> 380
A20: =HYPERLINK("#'Acknowledgements'!A1", "Acknowledgements") -> Acknowledgements | D20: {=Common_InputFunctions.Utility_DisplayArrayInTable(SourceData_PastureBeef.SourceData_PastureBeef_Liveweight_Data(), Table_SourceData_PastureBeef_Liveweight[[#Headers],[State]], 0)} -> ACT/NSW | E20: {=Common_InputFunctions.Utility_DisplayArrayInTable(SourceData_PastureBeef.SourceData_PastureBeef_Liveweight_Data(), Table_SourceData_PastureBeef_Liveweight[[#Headers],[State]], 0)} -> n/a | F20: {=Common_InputFunctions.Utility_DisplayArrayInTable(SourceData_PastureBeef.SourceData_PastureBeef_Liveweight_Data(), Table_SourceData_PastureBeef_Liveweight[[#Headers],[State]], 0)} -> Summer | G20: {=Common_InputFunctions.Utility_DisplayArrayInTable(SourceData_PastureBeef.SourceData_PastureBeef_Liveweight_Data(), Table_SourceData_PastureBeef_Liveweight[[#Headers],[State]], 0)} -> 170 | H20: {=Common_InputFunctions.Utility_DisplayArrayInTable(SourceData_PastureBeef.SourceData_PastureBeef_Liveweight_Data(), Table_SourceData_PastureBeef_Liveweight[[#Headers],[State]], 0)} -> 520 | I20: {=Common_InputFunctions.Utility_DisplayArrayInTable(SourceData_PastureBeef.SourceData_PastureBeef_Liveweight_Data(), Table_SourceData_PastureBeef_Liveweight[[#Headers],[State]], 0)} -> 160 | J20: {=Common_InputFunctions.Utility_DisplayArrayInTable(SourceData_PastureBeef.SourceData_PastureBeef_Liveweight_Data(), Table_SourceData_PastureBeef_Liveweight[[#Headers],[State]], 0)} -> 360 | K20: {=Common_InputFunctions.Utility_DisplayArrayInTable(SourceData_PastureBeef.SourceData_PastureBeef_Liveweight_Data(), Table_SourceData_PastureBeef_Liveweight[[#Headers],[State]], 0)} -> 470 | ... M20: {=Common_InputFunctions.Utility_DisplayArrayInTable(SourceData_PastureBeef.SourceData_PastureBeef_Liveweight_Data(), Table_SourceData_PastureBeef_Liveweight[[#Headers],[State]], 0)} -> 420 | S20: Table_SourceData_PastureBeef_Region_Tasmania
D21: {=Common_InputFunctions.Utility_DisplayArrayInTable(SourceData_PastureBeef.SourceData_PastureBeef_Liveweight_Data(), Table_SourceData_PastureBeef_Liveweight[[#Headers],[State]], 0)} -> ACT/NSW | E21: {=Common_InputFunctions.Utility_DisplayArrayInTable(SourceData_PastureBeef.SourceData_PastureBeef_Liveweight_Data(), Table_SourceData_PastureBeef_Liveweight[[#Headers],[State]], 0)} -> n/a | F21: {=Common_InputFunctions.Utility_DisplayArrayInTable(SourceData_PastureBeef.SourceData_PastureBeef_Liveweight_Data(), Table_SourceData_PastureBeef_Liveweight[[#Headers],[State]], 0)} -> Autumn | G21: {=Common_InputFunctions.Utility_DisplayArrayInTable(SourceData_PastureBeef.SourceData_PastureBeef_Liveweight_Data(), Table_SourceData_PastureBeef_Liveweight[[#Headers],[State]], 0)} -> 240 | H21: {=Common_InputFunctions.Utility_DisplayArrayInTable(SourceData_PastureBeef.SourceData_PastureBeef_Liveweight_Data(), Table_SourceData_PastureBeef_Liveweight[[#Headers],[State]], 0)} -> 550 | I21: {=Common_InputFunctions.Utility_DisplayArrayInTable(SourceData_PastureBeef.SourceData_PastureBeef_Liveweight_Data(), Table_SourceData_PastureBeef_Liveweight[[#Headers],[State]], 0)} -> 220 | J21: {=Common_InputFunctions.Utility_DisplayArrayInTable(SourceData_PastureBeef.SourceData_PastureBeef_Liveweight_Data(), Table_SourceData_PastureBeef_Liveweight[[#Headers],[State]], 0)} -> 390 | K21: {=Common_InputFunctions.Utility_DisplayArrayInTable(SourceData_PastureBeef.SourceData_PastureBeef_Liveweight_Data(), Table_SourceData_PastureBeef_Liveweight[[#Headers],[State]], 0)} -> 490 | ... M21: {=Common_InputFunctions.Utility_DisplayArrayInTable(SourceData_PastureBeef.SourceData_PastureBeef_Liveweight_Data(), Table_SourceData_PastureBeef_Liveweight[[#Headers],[State]], 0)} -> 450
D22: {=Common_InputFunctions.Utility_DisplayArrayInTable(SourceData_PastureBeef.SourceData_PastureBeef_Liveweight_Data(), Table_SourceData_PastureBeef_Liveweight[[#Headers],[State]], 0)} -> ACT/NSW | E22: {=Common_InputFunctions.Utility_DisplayArrayInTable(SourceData_PastureBeef.SourceData_PastureBeef_Liveweight_Data(), Table_SourceData_PastureBeef_Liveweight[[#Headers],[State]], 0)} -> n/a | F22: {=Common_InputFunctions.Utility_DisplayArrayInTable(SourceData_PastureBeef.SourceData_PastureBeef_Liveweight_Data(), Table_SourceData_PastureBeef_Liveweight[[#Headers],[State]], 0)} -> Winter | G22: {=Common_InputFunctions.Utility_DisplayArrayInTable(SourceData_PastureBeef.SourceData_PastureBeef_Liveweight_Data(), Table_SourceData_PastureBeef_Liveweight[[#Headers],[State]], 0)} -> 280 | H22: {=Common_InputFunctions.Utility_DisplayArrayInTable(SourceData_PastureBeef.SourceData_PastureBeef_Liveweight_Data(), Table_SourceData_PastureBeef_Liveweight[[#Headers],[State]], 0)} -> 560 | I22: {=Common_InputFunctions.Utility_DisplayArrayInTable(SourceData_PastureBeef.SourceData_PastureBeef_Liveweight_Data(), Table_SourceData_PastureBeef_Liveweight[[#Headers],[State]], 0)} -> 260 | J22: {=Common_InputFunctions.Utility_DisplayArrayInTable(SourceData_PastureBeef.SourceData_PastureBeef_Liveweight_Data(), Table_SourceData_PastureBeef_Liveweight[[#Headers],[State]], 0)} -> 410 | K22: {=Common_InputFunctions.Utility_DisplayArrayInTable(SourceData_PastureBeef.SourceData_PastureBeef_Liveweight_Data(), Table_SourceData_PastureBeef_Liveweight[[#Headers],[State]], 0)} -> 500 | ... M22: {=Common_InputFunctions.Utility_DisplayArrayInTable(SourceData_PastureBeef.SourceData_PastureBeef_Liveweight_Data(), Table_SourceData_PastureBeef_Liveweight[[#Headers],[State]], 0)} -> 460 | S22: Region
D23: {=Common_InputFunctions.Utility_DisplayArrayInTable(SourceData_PastureBeef.SourceData_PastureBeef_Liveweight_Data(), Table_SourceData_PastureBeef_Liveweight[[#Headers],[State]], 0)} -> South Australia | E23: {=Common_InputFunctions.Utility_DisplayArrayInTable(SourceData_PastureBeef.SourceData_PastureBeef_Liveweight_Data(), Table_SourceData_PastureBeef_Liveweight[[#Headers],[State]], 0)} -> n/a | F23: {=Common_InputFunctions.Utility_DisplayArrayInTable(SourceData_PastureBeef.SourceData_PastureBeef_Liveweight_Data(), Table_SourceData_PastureBeef_Liveweight[[#Headers],[State]], 0)} -> Spring | G23: {=Common_InputFunctions.Utility_DisplayArrayInTable(SourceData_PastureBeef.SourceData_PastureBeef_Liveweight_Data(), Table_SourceData_PastureBeef_Liveweight[[#Headers],[State]], 0)} -> 250 | H23: {=Common_InputFunctions.Utility_DisplayArrayInTable(SourceData_PastureBeef.SourceData_PastureBeef_Liveweight_Data(), Table_SourceData_PastureBeef_Liveweight[[#Headers],[State]], 0)} -> 800 | I23: {=Common_InputFunctions.Utility_DisplayArrayInTable(SourceData_PastureBeef.SourceData_PastureBeef_Liveweight_Data(), Table_SourceData_PastureBeef_Liveweight[[#Headers],[State]], 0)} -> 220 | J23: {=Common_InputFunctions.Utility_DisplayArrayInTable(SourceData_PastureBeef.SourceData_PastureBeef_Liveweight_Data(), Table_SourceData_PastureBeef_Liveweight[[#Headers],[State]], 0)} -> 400 | K23: {=Common_InputFunctions.Utility_DisplayArrayInTable(SourceData_PastureBeef.SourceData_PastureBeef_Liveweight_Data(), Table_SourceData_PastureBeef_Liveweight[[#Headers],[State]], 0)} -> 500 | ... M23: {=Common_InputFunctions.Utility_DisplayArrayInTable(SourceData_PastureBeef.SourceData_PastureBeef_Liveweight_Data(), Table_SourceData_PastureBeef_Liveweight[[#Headers],[State]], 0)} -> 420 | S23: n/a
D24: {=Common_InputFunctions.Utility_DisplayArrayInTable(SourceData_PastureBeef.SourceData_PastureBeef_Liveweight_Data(), Table_SourceData_PastureBeef_Liveweight[[#Headers],[State]], 0)} -> South Australia | E24: {=Common_InputFunctions.Utility_DisplayArrayInTable(SourceData_PastureBeef.SourceData_PastureBeef_Liveweight_Data(), Table_SourceData_PastureBeef_Liveweight[[#Headers],[State]], 0)} -> n/a | F24: {=Common_InputFunctions.Utility_DisplayArrayInTable(SourceData_PastureBeef.SourceData_PastureBeef_Liveweight_Data(), Table_SourceData_PastureBeef_Liveweight[[#Headers],[State]], 0)} -> Summer | G24: {=Common_InputFunctions.Utility_DisplayArrayInTable(SourceData_PastureBeef.SourceData_PastureBeef_Liveweight_Data(), Table_SourceData_PastureBeef_Liveweight[[#Headers],[State]], 0)} -> 320 | H24: {=Common_InputFunctions.Utility_DisplayArrayInTable(SourceData_PastureBeef.SourceData_PastureBeef_Liveweight_Data(), Table_SourceData_PastureBeef_Liveweight[[#Headers],[State]], 0)} -> 800 | I24: {=Common_InputFunctions.Utility_DisplayArrayInTable(SourceData_PastureBeef.SourceData_PastureBeef_Liveweight_Data(), Table_SourceData_PastureBeef_Liveweight[[#Headers],[State]], 0)} -> 280 | J24: {=Common_InputFunctions.Utility_DisplayArrayInTable(SourceData_PastureBeef.SourceData_PastureBeef_Liveweight_Data(), Table_SourceData_PastureBeef_Liveweight[[#Headers],[State]], 0)} -> 420 | K24: {=Common_InputFunctions.Utility_DisplayArrayInTable(SourceData_PastureBeef.SourceData_PastureBeef_Liveweight_Data(), Table_SourceData_PastureBeef_Liveweight[[#Headers],[State]], 0)} -> 500 | ... M24: {=Common_InputFunctions.Utility_DisplayArrayInTable(SourceData_PastureBeef.SourceData_PastureBeef_Liveweight_Data(), Table_SourceData_PastureBeef_Liveweight[[#Headers],[State]], 0)} -> 420
D25: {=Common_InputFunctions.Utility_DisplayArrayInTable(SourceData_PastureBeef.SourceData_PastureBeef_Liveweight_Data(), Table_SourceData_PastureBeef_Liveweight[[#Headers],[State]], 0)} -> South Australia | E25: {=Common_InputFunctions.Utility_DisplayArrayInTable(SourceData_PastureBeef.SourceData_PastureBeef_Liveweight_Data(), Table_SourceData_PastureBeef_Liveweight[[#Headers],[State]], 0)} -> n/a | F25: {=Common_InputFunctions.Utility_DisplayArrayInTable(SourceData_PastureBeef.SourceData_PastureBeef_Liveweight_Data(), Table_SourceData_PastureBeef_Liveweight[[#Headers],[State]], 0)} -> Autumn | G25: {=Common_InputFunctions.Utility_DisplayArrayInTable(SourceData_PastureBeef.SourceData_PastureBeef_Liveweight_Data(), Table_SourceData_PastureBeef_Liveweight[[#Headers],[State]], 0)} -> 80 | H25: {=Common_InputFunctions.Utility_DisplayArrayInTable(SourceData_PastureBeef.SourceData_PastureBeef_Liveweight_Data(), Table_SourceData_PastureBeef_Liveweight[[#Headers],[State]], 0)} -> 700 | I25: {=Common_InputFunctions.Utility_DisplayArrayInTable(SourceData_PastureBeef.SourceData_PastureBeef_Liveweight_Data(), Table_SourceData_PastureBeef_Liveweight[[#Headers],[State]], 0)} -> 70 | J25: {=Common_InputFunctions.Utility_DisplayArrayInTable(SourceData_PastureBeef.SourceData_PastureBeef_Liveweight_Data(), Table_SourceData_PastureBeef_Liveweight[[#Headers],[State]], 0)} -> 300 | K25: {=Common_InputFunctions.Utility_DisplayArrayInTable(SourceData_PastureBeef.SourceData_PastureBeef_Liveweight_Data(), Table_SourceData_PastureBeef_Liveweight[[#Headers],[State]], 0)} -> 450 | ... M25: {=Common_InputFunctions.Utility_DisplayArrayInTable(SourceData_PastureBeef.SourceData_PastureBeef_Liveweight_Data(), Table_SourceData_PastureBeef_Liveweight[[#Headers],[State]], 0)} -> 400 | S25: Table_SourceData_PastureBeef_Region_ACT
D26: {=Common_InputFunctions.Utility_DisplayArrayInTable(SourceData_PastureBeef.SourceData_PastureBeef_Liveweight_Data(), Table_SourceData_PastureBeef_Liveweight[[#Headers],[State]], 0)} -> South Australia | E26: {=Common_InputFunctions.Utility_DisplayArrayInTable(SourceData_PastureBeef.SourceData_PastureBeef_Liveweight_Data(), Table_SourceData_PastureBeef_Liveweight[[#Headers],[State]], 0)} -> n/a | F26: {=Common_InputFunctions.Utility_DisplayArrayInTable(SourceData_PastureBeef.SourceData_PastureBeef_Liveweight_Data(), Table_SourceData_PastureBeef_Liveweight[[#Headers],[State]], 0)} -> Winter | G26: {=Common_InputFunctions.Utility_DisplayArrayInTable(SourceData_PastureBeef.SourceData_PastureBeef_Liveweight_Data(), Table_SourceData_PastureBeef_Liveweight[[#Headers],[State]], 0)} -> 160 | H26: {=Common_InputFunctions.Utility_DisplayArrayInTable(SourceData_PastureBeef.SourceData_PastureBeef_Liveweight_Data(), Table_SourceData_PastureBeef_Liveweight[[#Headers],[State]], 0)} -> 700 | I26: {=Common_InputFunctions.Utility_DisplayArrayInTable(SourceData_PastureBeef.SourceData_PastureBeef_Liveweight_Data(), Table_SourceData_PastureBeef_Liveweight[[#Headers],[State]], 0)} -> 140 | J26: {=Common_InputFunctions.Utility_DisplayArrayInTable(SourceData_PastureBeef.SourceData_PastureBeef_Liveweight_Data(), Table_SourceData_PastureBeef_Liveweight[[#Headers],[State]], 0)} -> 350 | K26: {=Common_InputFunctions.Utility_DisplayArrayInTable(SourceData_PastureBeef.SourceData_PastureBeef_Liveweight_Data(), Table_SourceData_PastureBeef_Liveweight[[#Headers],[State]], 0)} -> 450 | ... M26: {=Common_InputFunctions.Utility_DisplayArrayInTable(SourceData_PastureBeef.SourceData_PastureBeef_Liveweight_Data(), Table_SourceData_PastureBeef_Liveweight[[#Headers],[State]], 0)} -> 400
D27: {=Common_InputFunctions.Utility_DisplayArrayInTable(SourceData_PastureBeef.SourceData_PastureBeef_Liveweight_Data(), Table_SourceData_PastureBeef_Liveweight[[#Headers],[State]], 0)} -> Tasmania | E27: {=Common_InputFunctions.Utility_DisplayArrayInTable(SourceData_PastureBeef.SourceData_PastureBeef_Liveweight_Data(), Table_SourceData_PastureBeef_Liveweight[[#Headers],[State]], 0)} -> n/a | F27: {=Common_InputFunctions.Utility_DisplayArrayInTable(SourceData_PastureBeef.SourceData_PastureBeef_Liveweight_Data(), Table_SourceData_PastureBeef_Liveweight[[#Headers],[State]], 0)} -> Spring | G27: {=Common_InputFunctions.Utility_DisplayArrayInTable(SourceData_PastureBeef.SourceData_PastureBeef_Liveweight_Data(), Table_SourceData_PastureBeef_Liveweight[[#Headers],[State]], 0)} -> 105 | H27: {=Common_InputFunctions.Utility_DisplayArrayInTable(SourceData_PastureBeef.SourceData_PastureBeef_Liveweight_Data(), Table_SourceData_PastureBeef_Liveweight[[#Headers],[State]], 0)} -> 700 | I27: {=Common_InputFunctions.Utility_DisplayArrayInTable(SourceData_PastureBeef.SourceData_PastureBeef_Liveweight_Data(), Table_SourceData_PastureBeef_Liveweight[[#Headers],[State]], 0)} -> 85 | J27: {=Common_InputFunctions.Utility_DisplayArrayInTable(SourceData_PastureBeef.SourceData_PastureBeef_Liveweight_Data(), Table_SourceData_PastureBeef_Liveweight[[#Headers],[State]], 0)} -> 300 | K27: {=Common_InputFunctions.Utility_DisplayArrayInTable(SourceData_PastureBeef.SourceData_PastureBeef_Liveweight_Data(), Table_SourceData_PastureBeef_Liveweight[[#Headers],[State]], 0)} -> 490 | ... M27: {=Common_InputFunctions.Utility_DisplayArrayInTable(SourceData_PastureBeef.SourceData_PastureBeef_Liveweight_Data(), Table_SourceData_PastureBeef_Liveweight[[#Headers],[State]], 0)} -> 480 | S27: Region
D28: {=Common_InputFunctions.Utility_DisplayArrayInTable(SourceData_PastureBeef.SourceData_PastureBeef_Liveweight_Data(), Table_SourceData_PastureBeef_Liveweight[[#Headers],[State]], 0)} -> Tasmania | E28: {=Common_InputFunctions.Utility_DisplayArrayInTable(SourceData_PastureBeef.SourceData_PastureBeef_Liveweight_Data(), Table_SourceData_PastureBeef_Liveweight[[#Headers],[State]], 0)} -> n/a | F28: {=Common_InputFunctions.Utility_DisplayArrayInTable(SourceData_PastureBeef.SourceData_PastureBeef_Liveweight_Data(), Table_SourceData_PastureBeef_Liveweight[[#Headers],[State]], 0)} -> Summer | G28: {=Common_InputFunctions.Utility_DisplayArrayInTable(SourceData_PastureBeef.SourceData_PastureBeef_Liveweight_Data(), Table_SourceData_PastureBeef_Liveweight[[#Headers],[State]], 0)} -> 480 | H28: {=Common_InputFunctions.Utility_DisplayArrayInTable(SourceData_PastureBeef.SourceData_PastureBeef_Liveweight_Data(), Table_SourceData_PastureBeef_Liveweight[[#Headers],[State]], 0)} -> 750 | I28: {=Common_InputFunctions.Utility_DisplayArrayInTable(SourceData_PastureBeef.SourceData_PastureBeef_Liveweight_Data(), Table_SourceData_PastureBeef_Liveweight[[#Headers],[State]], 0)} -> 150 | J28: {=Common_InputFunctions.Utility_DisplayArrayInTable(SourceData_PastureBeef.SourceData_PastureBeef_Liveweight_Data(), Table_SourceData_PastureBeef_Liveweight[[#Headers],[State]], 0)} -> 350 | K28: {=Common_InputFunctions.Utility_DisplayArrayInTable(SourceData_PastureBeef.SourceData_PastureBeef_Liveweight_Data(), Table_SourceData_PastureBeef_Liveweight[[#Headers],[State]], 0)} -> 530 | ... M28: {=Common_InputFunctions.Utility_DisplayArrayInTable(SourceData_PastureBeef.SourceData_PastureBeef_Liveweight_Data(), Table_SourceData_PastureBeef_Liveweight[[#Headers],[State]], 0)} -> 460 | S28: n/a
D29: {=Common_InputFunctions.Utility_DisplayArrayInTable(SourceData_PastureBeef.SourceData_PastureBeef_Liveweight_Data(), Table_SourceData_PastureBeef_Liveweight[[#Headers],[State]], 0)} -> Tasmania | E29: {=Common_InputFunctions.Utility_DisplayArrayInTable(SourceData_PastureBeef.SourceData_PastureBeef_Liveweight_Data(), Table_SourceData_PastureBeef_Liveweight[[#Headers],[State]], 0)} -> n/a | F29: {=Common_InputFunctions.Utility_DisplayArrayInTable(SourceData_PastureBeef.SourceData_PastureBeef_Liveweight_Data(), Table_SourceData_PastureBeef_Liveweight[[#Headers],[State]], 0)} -> Autumn | G29: {=Common_InputFunctions.Utility_DisplayArrayInTable(SourceData_PastureBeef.SourceData_PastureBeef_Liveweight_Data(), Table_SourceData_PastureBeef_Liveweight[[#Headers],[State]], 0)} -> 250 | H29: {=Common_InputFunctions.Utility_DisplayArrayInTable(SourceData_PastureBeef.SourceData_PastureBeef_Liveweight_Data(), Table_SourceData_PastureBeef_Liveweight[[#Headers],[State]], 0)} -> 725 | I29: {=Common_InputFunctions.Utility_DisplayArrayInTable(SourceData_PastureBeef.SourceData_PastureBeef_Liveweight_Data(), Table_SourceData_PastureBeef_Liveweight[[#Headers],[State]], 0)} -> 200 | J29: {=Common_InputFunctions.Utility_DisplayArrayInTable(SourceData_PastureBeef.SourceData_PastureBeef_Liveweight_Data(), Table_SourceData_PastureBeef_Liveweight[[#Headers],[State]], 0)} -> 360 | K29: {=Common_InputFunctions.Utility_DisplayArrayInTable(SourceData_PastureBeef.SourceData_PastureBeef_Liveweight_Data(), Table_SourceData_PastureBeef_Liveweight[[#Headers],[State]], 0)} -> 500 | ... M29: {=Common_InputFunctions.Utility_DisplayArrayInTable(SourceData_PastureBeef.SourceData_PastureBeef_Liveweight_Data(), Table_SourceData_PastureBeef_Liveweight[[#Headers],[State]], 0)} -> 490
D30: {=Common_InputFunctions.Utility_DisplayArrayInTable(SourceData_PastureBeef.SourceData_PastureBeef_Liveweight_Data(), Table_SourceData_PastureBeef_Liveweight[[#Headers],[State]], 0)} -> Tasmania | E30: {=Common_InputFunctions.Utility_DisplayArrayInTable(SourceData_PastureBeef.SourceData_PastureBeef_Liveweight_Data(), Table_SourceData_PastureBeef_Liveweight[[#Headers],[State]], 0)} -> n/a | F30: {=Common_InputFunctions.Utility_DisplayArrayInTable(SourceData_PastureBeef.SourceData_PastureBeef_Liveweight_Data(), Table_SourceData_PastureBeef_Liveweight[[#Headers],[State]], 0)} -> Winter | G30: {=Common_InputFunctions.Utility_DisplayArrayInTable(SourceData_PastureBeef.SourceData_PastureBeef_Liveweight_Data(), Table_SourceData_PastureBeef_Liveweight[[#Headers],[State]], 0)} -> 260 | H30: {=Common_InputFunctions.Utility_DisplayArrayInTable(SourceData_PastureBeef.SourceData_PastureBeef_Liveweight_Data(), Table_SourceData_PastureBeef_Liveweight[[#Headers],[State]], 0)} -> 700 | I30: {=Common_InputFunctions.Utility_DisplayArrayInTable(SourceData_PastureBeef.SourceData_PastureBeef_Liveweight_Data(), Table_SourceData_PastureBeef_Liveweight[[#Headers],[State]], 0)} -> 210 | J30: {=Common_InputFunctions.Utility_DisplayArrayInTable(SourceData_PastureBeef.SourceData_PastureBeef_Liveweight_Data(), Table_SourceData_PastureBeef_Liveweight[[#Headers],[State]], 0)} -> 380 | K30: {=Common_InputFunctions.Utility_DisplayArrayInTable(SourceData_PastureBeef.SourceData_PastureBeef_Liveweight_Data(), Table_SourceData_PastureBeef_Liveweight[[#Headers],[State]], 0)} -> 460 | ... M30: {=Common_InputFunctions.Utility_DisplayArrayInTable(SourceData_PastureBeef.SourceData_PastureBeef_Liveweight_Data(), Table_SourceData_PastureBeef_Liveweight[[#Headers],[State]], 0)} -> 470
D31: {=Common_InputFunctions.Utility_DisplayArrayInTable(SourceData_PastureBeef.SourceData_PastureBeef_Liveweight_Data(), Table_SourceData_PastureBeef_Liveweight[[#Headers],[State]], 0)} -> Victoria | E31: {=Common_InputFunctions.Utility_DisplayArrayInTable(SourceData_PastureBeef.SourceData_PastureBeef_Liveweight_Data(), Table_SourceData_PastureBeef_Liveweight[[#Headers],[State]], 0)} -> n/a | F31: {=Common_InputFunctions.Utility_DisplayArrayInTable(SourceData_PastureBeef.SourceData_PastureBeef_Liveweight_Data(), Table_SourceData_PastureBeef_Liveweight[[#Headers],[State]], 0)} -> Spring | G31: {=Common_InputFunctions.Utility_DisplayArrayInTable(SourceData_PastureBeef.SourceData_PastureBeef_Liveweight_Data(), Table_SourceData_PastureBeef_Liveweight[[#Headers],[State]], 0)} -> 250 | H31: {=Common_InputFunctions.Utility_DisplayArrayInTable(SourceData_PastureBeef.SourceData_PastureBeef_Liveweight_Data(), Table_SourceData_PastureBeef_Liveweight[[#Headers],[State]], 0)} -> 820 | I31: {=Common_InputFunctions.Utility_DisplayArrayInTable(SourceData_PastureBeef.SourceData_PastureBeef_Liveweight_Data(), Table_SourceData_PastureBeef_Liveweight[[#Headers],[State]], 0)} -> 240 | J31: {=Common_InputFunctions.Utility_DisplayArrayInTable(SourceData_PastureBeef.SourceData_PastureBeef_Liveweight_Data(), Table_SourceData_PastureBeef_Liveweight[[#Headers],[State]], 0)} -> 410 | K31: {=Common_InputFunctions.Utility_DisplayArrayInTable(SourceData_PastureBeef.SourceData_PastureBeef_Liveweight_Data(), Table_SourceData_PastureBeef_Liveweight[[#Headers],[State]], 0)} -> 560 | ... M31: {=Common_InputFunctions.Utility_DisplayArrayInTable(SourceData_PastureBeef.SourceData_PastureBeef_Liveweight_Data(), Table_SourceData_PastureBeef_Liveweight[[#Headers],[State]], 0)} -> 510
D32: {=Common_InputFunctions.Utility_DisplayArrayInTable(SourceData_PastureBeef.SourceData_PastureBeef_Liveweight_Data(), Table_SourceData_PastureBeef_Liveweight[[#Headers],[State]], 0)} -> Victoria | E32: {=Common_InputFunctions.Utility_DisplayArrayInTable(SourceData_PastureBeef.SourceData_PastureBeef_Liveweight_Data(), Table_SourceData_PastureBeef_Liveweight[[#Headers],[State]], 0)} -> n/a | F32: {=Common_InputFunctions.Utility_DisplayArrayInTable(SourceData_PastureBeef.SourceData_PastureBeef_Liveweight_Data(), Table_SourceData_PastureBeef_Liveweight[[#Headers],[State]], 0)} -> Summer | G32: {=Common_InputFunctions.Utility_DisplayArrayInTable(SourceData_PastureBeef.SourceData_PastureBeef_Liveweight_Data(), Table_SourceData_PastureBeef_Liveweight[[#Headers],[State]], 0)} -> 280 | H32: {=Common_InputFunctions.Utility_DisplayArrayInTable(SourceData_PastureBeef.SourceData_PastureBeef_Liveweight_Data(), Table_SourceData_PastureBeef_Liveweight[[#Headers],[State]], 0)} -> 850 | I32: {=Common_InputFunctions.Utility_DisplayArrayInTable(SourceData_PastureBeef.SourceData_PastureBeef_Liveweight_Data(), Table_SourceData_PastureBeef_Liveweight[[#Headers],[State]], 0)} -> 260 | J32: {=Common_InputFunctions.Utility_DisplayArrayInTable(SourceData_PastureBeef.SourceData_PastureBeef_Liveweight_Data(), Table_SourceData_PastureBeef_Liveweight[[#Headers],[State]], 0)} -> 440 | K32: {=Common_InputFunctions.Utility_DisplayArrayInTable(SourceData_PastureBeef.SourceData_PastureBeef_Liveweight_Data(), Table_SourceData_PastureBeef_Liveweight[[#Headers],[State]], 0)} -> 550 | ... M32: {=Common_InputFunctions.Utility_DisplayArrayInTable(SourceData_PastureBeef.SourceData_PastureBeef_Liveweight_Data(), Table_SourceData_PastureBeef_Liveweight[[#Headers],[State]], 0)} -> 520
D33: {=Common_InputFunctions.Utility_DisplayArrayInTable(SourceData_PastureBeef.SourceData_PastureBeef_Liveweight_Data(), Table_SourceData_PastureBeef_Liveweight[[#Headers],[State]], 0)} -> Victoria | E33: {=Common_InputFunctions.Utility_DisplayArrayInTable(SourceData_PastureBeef.SourceData_PastureBeef_Liveweight_Data(), Table_SourceData_PastureBeef_Liveweight[[#Headers],[State]], 0)} -> n/a | F33: {=Common_InputFunctions.Utility_DisplayArrayInTable(SourceData_PastureBeef.SourceData_PastureBeef_Liveweight_Data(), Table_SourceData_PastureBeef_Liveweight[[#Headers],[State]], 0)} -> Autumn | G33: {=Common_InputFunctions.Utility_DisplayArrayInTable(SourceData_PastureBeef.SourceData_PastureBeef_Liveweight_Data(), Table_SourceData_PastureBeef_Liveweight[[#Headers],[State]], 0)} -> 100 | H33: {=Common_InputFunctions.Utility_DisplayArrayInTable(SourceData_PastureBeef.SourceData_PastureBeef_Liveweight_Data(), Table_SourceData_PastureBeef_Liveweight[[#Headers],[State]], 0)} -> 700 | I33: {=Common_InputFunctions.Utility_DisplayArrayInTable(SourceData_PastureBeef.SourceData_PastureBeef_Liveweight_Data(), Table_SourceData_PastureBeef_Liveweight[[#Headers],[State]], 0)} -> 95 | J33: {=Common_InputFunctions.Utility_DisplayArrayInTable(SourceData_PastureBeef.SourceData_PastureBeef_Liveweight_Data(), Table_SourceData_PastureBeef_Liveweight[[#Headers],[State]], 0)} -> 300 | K33: {=Common_InputFunctions.Utility_DisplayArrayInTable(SourceData_PastureBeef.SourceData_PastureBeef_Liveweight_Data(), Table_SourceData_PastureBeef_Liveweight[[#Headers],[State]], 0)} -> 450 | ... M33: {=Common_InputFunctions.Utility_DisplayArrayInTable(SourceData_PastureBeef.SourceData_PastureBeef_Liveweight_Data(), Table_SourceData_PastureBeef_Liveweight[[#Headers],[State]], 0)} -> 410
D34: {=Common_InputFunctions.Utility_DisplayArrayInTable(SourceData_PastureBeef.SourceData_PastureBeef_Liveweight_Data(), Table_SourceData_PastureBeef_Liveweight[[#Headers],[State]], 0)} -> Victoria | E34: {=Common_InputFunctions.Utility_DisplayArrayInTable(SourceData_PastureBeef.SourceData_PastureBeef_Liveweight_Data(), Table_SourceData_PastureBeef_Liveweight[[#Headers],[State]], 0)} -> n/a | F34: {=Common_InputFunctions.Utility_DisplayArrayInTable(SourceData_PastureBeef.SourceData_PastureBeef_Liveweight_Data(), Table_SourceData_PastureBeef_Liveweight[[#Headers],[State]], 0)} -> Winter | G34: {=Common_InputFunctions.Utility_DisplayArrayInTable(SourceData_PastureBeef.SourceData_PastureBeef_Liveweight_Data(), Table_SourceData_PastureBeef_Liveweight[[#Headers],[State]], 0)} -> 150 | H34: {=Common_InputFunctions.Utility_DisplayArrayInTable(SourceData_PastureBeef.SourceData_PastureBeef_Liveweight_Data(), Table_SourceData_PastureBeef_Liveweight[[#Headers],[State]], 0)} -> 720 | I34: {=Common_InputFunctions.Utility_DisplayArrayInTable(SourceData_PastureBeef.SourceData_PastureBeef_Liveweight_Data(), Table_SourceData_PastureBeef_Liveweight[[#Headers],[State]], 0)} -> 140 | J34: {=Common_InputFunctions.Utility_DisplayArrayInTable(SourceData_PastureBeef.SourceData_PastureBeef_Liveweight_Data(), Table_SourceData_PastureBeef_Liveweight[[#Headers],[State]], 0)} -> 320 | K34: {=Common_InputFunctions.Utility_DisplayArrayInTable(SourceData_PastureBeef.SourceData_PastureBeef_Liveweight_Data(), Table_SourceData_PastureBeef_Liveweight[[#Headers],[State]], 0)} -> 470 | ... M34: {=Common_InputFunctions.Utility_DisplayArrayInTable(SourceData_PastureBeef.SourceData_PastureBeef_Liveweight_Data(), Table_SourceData_PastureBeef_Liveweight[[#Headers],[State]], 0)} -> 440
