Workbook
Name Common_Equations.Common_ConvertCH4ToCO2e: _xlfn.LAMBDA(_xlpm.E_CH4,_xlpm.GWP_CH4, _xlpm.E_CH4 * _xlpm.GWP_CH4)
Name Common_Equations.Common_ConvertCH4ToCO2e_Arguments: _xlfn.LAMBDA(_xlfn.MAKEARRAY(2, 2, _xlfn.LAMBDA(_xlpm.r,_xlpm.c, INDEX({"ECH4","Methane emissions (t CH4)";"GWPCH4","Global warming potential for methane (t CO2-e / t CH4)"}, _xlpm.r, _xlpm.c))))
Name Common_Equations.Common_ConvertCH4ToCO2e_LatexEquation: _xlfn.LAMBDA("CO2_e = E_{CH4} \times GWP_{CH4}")
Name Common_Equations.Common_ConvertCH4ToCO2e_NIRReference: _xlfn.LAMBDA("")
Name Common_Equations.Common_ConvertCH4ToCO2e_Title: _xlfn.LAMBDA("Convert methane emissions to carbon dioxide equivalent emissions")
Name Common_Equations.Common_ConvertCH4ToCO2e_Unit: _xlfn.LAMBDA("t CO2e")
Name Common_Equations.Common_ConvertCH4ToCO2e_Variable: _xlfn.LAMBDA("ECH4 CO2e")
Name Common_Equations.Common_ConvertN2OToCO2e: _xlfn.LAMBDA(_xlpm.E_N2O,_xlpm.GWP_N2O, _xlpm.E_N2O * _xlpm.GWP_N2O)
Name Common_Equations.Common_ConvertN2OToCO2e_LatexEquation: _xlfn.LAMBDA("CO2_e = E_{N2O} \times GWP_{N2O}")
Name Common_Equations.Common_ConvertN2OToCO2e_NIRReference: _xlfn.LAMBDA("")
Name Common_Equations.Common_ConvertN2OToCO2e_Title: _xlfn.LAMBDA("Convert nitrous oxide emissions to carbon dioxide equivalent emissions")
Name Common_Equations.Common_ConvertN2OToCO2e_Unit: _xlfn.LAMBDA("t CO2e")
Name Common_Equations.Common_ConvertN2OToCO2e_Variable: _xlfn.LAMBDA("EN2O CO2e")
Name Common_InputFunctions.Utility_ConvertStateCommonNameToAbbreviation: _xlfn.LAMBDA(_xlpm.StateCommonName,_xlpm.StateCommonNameArray,_xlpm.StateAbbreviationArray, _xlfn.XLOOKUP(_xlpm.StateCommonName, _xlpm.StateCommonNameArray, _xlpm.StateAbbreviationArray, ""))
Name Common_InputFunctions.Utility_DisplayArguments_1_2: _xlfn.LAMBDA(_xlpm.ArgumentsArray, _xlfn.CHOOSECOLS(_xlpm.ArgumentsArray, 1, 2))
Name Common_InputFunctions.Utility_DisplayArguments_3_4: _xlfn.LAMBDA(_xlpm.ArgumentsArray, _xlfn.CHOOSECOLS(_xlpm.ArgumentsArray, 3, 4))
Name Common_InputFunctions.Utility_DisplayFunctionName: _xlfn.LAMBDA(_xlpm.Function, _xlfn.TEXTBEFORE(_xlfn.FORMULATEXT(_xlpm.Function), "("))
Name Common_InputFunctions.Utility_GetArrayTableColumnStartNumber: _xlfn.LAMBDA(_xlpm.TableHeaderCell, COLUMN(_xlpm.TableHeaderCell))
Name Common_InputFunctions.Utility_GetArrayTableRowStartNumber: _xlfn.LAMBDA(_xlpm.TableheaderCell,_xlpm.RowsBetweenHeaderandArray, ROW(_xlpm.TableheaderCell) + _xlpm.RowsBetweenHeaderandArray - 1)
Name Common_InputFunctions.Utility_LookupValueInTable: _xlfn.LAMBDA(_xlpm.LookupValue,_xlpm.LookupArray,_xlpm.ReturnArray, _xlfn.XLOOKUP(_xlpm.LookupValue, _xlpm.LookupArray, _xlpm.ReturnArray, ""))
Name Common_InputFunctions.Utility_SourceHyperlink: _xlfn.LAMBDA(_xlpm.TargetCell, _xlfn.LET(_xlpm.sh, _xlfn.TEXTAFTER(CELL("filename", _xlpm.TargetCell), "]"), _xlpm.addr, CELL("address", _xlpm.TargetCell), "#'" & _xlpm.sh & "'!" & _xlpm.addr))
Name Common_SourceData.Common_SourceData_AustralianStatesTerritories_Source: _xlfn.LAMBDA("")
Name Common_SourceData.Common_SourceData_AustralianStatesTerritories_Title: _xlfn.LAMBDA("Australian states and territories")
Name Common_SourceData.Common_SourceData_AustralianStatesTerritories_Unit: _xlfn.LAMBDA("")
Name Common_SourceData.Common_SourceData_AustralianStatesTerritories_Variable: _xlfn.LAMBDA("")
Name Common_SourceData.Common_SourceData_ClimateZones_Source: _xlfn.LAMBDA("VEERG 2026: Table 1.3: Climate and Rainfall zone classifications and definitions")
Name Common_SourceData.Common_SourceData_ClimateZones_Title: _xlfn.LAMBDA("VEERG Australian climate zones")
Name Common_SourceData.Common_SourceData_ClimateZones_Unit: _xlfn.LAMBDA("")
Name Common_SourceData.Common_SourceData_ClimateZones_Variable: _xlfn.LAMBDA("")
Name Common_SourceData.Common_SourceData_ConvertGasElementalToMolecular_Source: _xlfn.LAMBDA("XXXXXXX")
Name Common_SourceData.Common_SourceData_ConvertGasElementalToMolecular_Title: _xlfn.LAMBDA("Factor to convert elemental mass of gas to molecular mass")
Name Common_SourceData.Common_SourceData_ConvertGasElementalToMolecular_Unit: _xlfn.LAMBDA("factor")
Name Common_SourceData.Common_SourceData_ConvertGasElementalToMolecular_Variable: _xlfn.LAMBDA("Cg")
Name Common_SourceData.Common_SourceData_ConvertN2oElementalToMolecularCg_Data: _xlfn.LAMBDA(44 / 28)
Name Common_SourceData.Common_SourceData_ConvertN2oElementalToMolecularCg_Source: _xlfn.LAMBDA("National Inventory Report 2023 Volume 1")
Name Common_SourceData.Common_SourceData_ConvertN2oElementalToMolecularCg_Title: _xlfn.LAMBDA("Factor to convert elemental mass of N2O to molecular mass")
Name Common_SourceData.Common_SourceData_ConvertN2oElementalToMolecularCg_Unit: _xlfn.LAMBDA("factor")
Name Common_SourceData.Common_SourceData_ConvertN2oElementalToMolecularCg_Variable: _xlfn.LAMBDA("CgN2O")
Name Common_SourceData.Common_SourceData_DataScores_Scope3_Source: _xlfn.LAMBDA("VEERG 2026: XXXXXXXX")
Name Common_SourceData.Common_SourceData_DataScores_Scope3_Title: _xlfn.LAMBDA("Australian data scores for scope 3")
Name Common_SourceData.Common_SourceData_DataScores_Scope3_Unit: _xlfn.LAMBDA("")
Name Common_SourceData.Common_SourceData_DataScores_Scope3_Variable: _xlfn.LAMBDA("")
Name Common_SourceData.Common_SourceData_DataScores_Scope3_Variation: _xlfn.LAMBDA("")
Name Common_SourceData.Common_SourceData_DensityOfMethane_Data: _xlfn.LAMBDA(0.6784)
Name Common_SourceData.Common_SourceData_DensityOfMethane_Source: _xlfn.LAMBDA("National Inventory Report 2023 Volume 1: Equations 3.B.1a_2, 3.B.1c_2, 3.B.3_1, 3.B.4g_2")
Name Common_SourceData.Common_SourceData_DensityOfMethane_Title: _xlfn.LAMBDA("p = density of methane")
Name Common_SourceData.Common_SourceData_DensityOfMethane_Unit: _xlfn.LAMBDA("kg/m3")
Name Common_SourceData.Common_SourceData_EFleach_Data: _xlfn.LAMBDA(_xlfn.MAKEARRAY(1, 2, _xlfn.LAMBDA(_xlpm.r,_xlpm.c, INDEX({"EFleach",0.011}, _xlpm.r, _xlpm.c))))
Name Common_SourceData.Common_SourceData_EFleach_NIRReference: _xlfn.LAMBDA("National Inventory Report Volume 1: Equation 3.D.B_10")
Name Common_SourceData.Common_SourceData_EFleach_Source: _xlfn.LAMBDA("VEERG 2026:5.5.2.3 Constant Parameters")
Name Common_SourceData.Common_SourceData_EFleach_Title: _xlfn.LAMBDA("Emission factor for nitrogen leaching and runoff")
Name Common_SourceData.Common_SourceData_EFleach_Unit: _xlfn.LAMBDA("(kg N2O-N / kg N")
Name Common_SourceData.Common_SourceData_EFleach_Variation: _xlfn.LAMBDA((""))
Name Common_SourceData.Common_SourceData_EFN2O_NIRReference: _xlfn.LAMBDA("")
Name Common_SourceData.Common_SourceData_EFN2O_Source: _xlfn.LAMBDA("VEERG 2026: Table A.2.2.1")
Name Common_SourceData.Common_SourceData_EFN2O_Title: _xlfn.LAMBDA("Nitrous oxide emission factors for inorganic fertiliser application")
Name Common_SourceData.Common_SourceData_EFN2O_Unit: _xlfn.LAMBDA("(kg N2O-N / kg N")
Name Common_SourceData.Common_SourceData_EFOrganicFertiliserAndCropResidues_Data: _xlfn.LAMBDA(_xlfn.MAKEARRAY(3, 2, _xlfn.LAMBDA(_xlpm.r,_xlpm.c, INDEX({"Climate zone","EFNi & EFN2O";"Wet climate zone",0.006;"Dry climate zone",0.005}, _xlpm.r, _xlpm.c))))
Name Common_SourceData.Common_SourceData_EFOrganicFertiliserAndCropResidues_NIRReference: _xlfn.LAMBDA("")
Name Common_SourceData.Common_SourceData_EFOrganicFertiliserAndCropResidues_Source: _xlfn.LAMBDA("VEERG 2026: Table A.2.1.4")

Sheet Home
A1: Home

Sheet Overview
A1: #VALUE! | C1: 4.3: Manure Management: Dairy: Overview
A3: =HYPERLINK("#'Home'!A1", "Home") -> Home
A4: =HYPERLINK("#'Overview'!A1", "Overview") -> Overview
A5: =HYPERLINK("#'Results'!A1", "Results") -> Results | D5: 💡 Below is a diagram that maps the equations used to calculate emissions, how they interact with each other and how they align with dairy manure management processes.
D6: Click on a box to go to the corresponding calculation.
A7: INPUTS
A8: =HYPERLINK("#'Input - Site'!A1", "Site") -> Site
A9: =HYPERLINK("#'Input - Dairy'!A1", "Dairy") -> Dairy
A11: CALCULATIONS
A12: =HYPERLINK("#'4.3.1.1-2 Methane'!A1", "4.3.1.1-2 Methane") -> 4.3.1.1-2 Methane
A13: =HYPERLINK("#'4.3.1.3-4 Direct N20'!A1", "4.3.1.3-4 Direct N2O") -> 4.3.1.3-4 Direct N2O
A14: =HYPERLINK("#'4.3.1.5 Atmos Deposition'!A1", "4.3.1.5 Atmospheric deposition") -> 4.3.1.5 Atmospheric deposition
A15: =HYPERLINK("#'4.3.1.6-7 Leaching and runoff'!A1", "4.3.1.6-7 Leaching and runoff") -> 4.3.1.6-7 Leaching and runoff
A16: =HYPERLINK("#'4.3.1.8 Manure applied to soils'!A1", "4.3.1.8 Manure applied to soils") -> 4.3.1.8 Manure applied to soils
A17: =HYPERLINK("#'4.3.1.9 Soil direct N2O'!A1", "4.3.1.9 Soil direct N2O") -> 4.3.1.9 Soil direct N2O
A18: =HYPERLINK("#'4.3.1.10-11 Soil Atmos Dep'!A1", "4.3.1.10-11 Soil atm. deposition") -> 4.3.1.10-11 Soil atm. deposition
A19: =HYPERLINK("#'4.3.1.12-13 Soil leach runoff'!A1", "4.3.1.12-13 Soil leach & runoff") -> 4.3.1.12-13 Soil leach & runoff
A21: APPENDICES
A22: =HYPERLINK("#'Constants - Dairy'!A1", "Constants - Dairy") -> Constants - Dairy
A23: =HYPERLINK("#'Constants - Livestock'!A1", "Constants - Livestock") -> Constants - Livestock
A24: =HYPERLINK("#'Constants - Common'!A1", "Constants - Common") -> Constants - Common
A25: =HYPERLINK("#'Acknowledgements'!A1", "Acknowledgements") -> Acknowledgements

Sheet Results
A1: #VALUE! | C1: 4.3 Manure management: Dairy: Results
A3: =HYPERLINK("#'Home'!A1", "Home") -> Home
A4: =HYPERLINK("#'Overview'!A1", "Overview") -> Overview | D4: Emissions breakdown
A5: =HYPERLINK("#'Results'!A1", "Results") -> Results
D6: Scope 1 source | E6: GHG emissions method 1 | F6: GHG emissions method 2 | G6: GHG Unit | H6: CO2-e emissions method 1 | I6: CO2-e emissions method 2 | J6: CO2-e unit
A7: INPUTS | D7: 4.3.1.1-2 Manure methane | E7: ='4.3.1.1-2 Methane'!$E$300 -> 9.7003442 | F7: ='4.3.1.1-2 Methane'!$P$300 -> 10.018408 | G7: ='4.3.1.1-2 Methane'!$F$300 -> t CH4 | H7: ='4.3.1.1-2 Methane'!$E$305 -> 271.60964 | I7: ='4.3.1.1-2 Methane'!$P$305 -> 280.51542 | J7: ='4.3.1.1-2 Methane'!$F$305 -> t CO2e
A8: =HYPERLINK("#'Input - Site'!A1", "Site") -> Site | D8: 4.3.1.3-4 Manure direct N2O | E8: ='4.3.1.3-4 Direct N20'!$E$287 -> 0.067780806 | F8: ='4.3.1.3-4 Direct N20'!$O$287 -> 0.067780806 | G8: ='4.3.1.3-4 Direct N20'!$F$287 -> t N2O | H8: ='4.3.1.3-4 Direct N20'!$E$292 -> 17.961914 | I8: ='4.3.1.3-4 Direct N20'!$O$292 -> 17.961914 | J8: ='4.3.1.3-4 Direct N20'!$F$292 -> t CO2e
A9: =HYPERLINK("#'Input - Dairy'!A1", "Dairy") -> Dairy | D9: 4.3.1.5 Manure atmospheric deposition | E9: ='4.3.1.5 Atmos deposition'!$E$68 -> 0.050393557 | F9: ='4.3.1.5 Atmos deposition'!$P$68 -> 0.050393557 | G9: ='4.3.1.5 Atmos deposition'!$F$68 -> t N2O | H9: ='4.3.1.5 Atmos deposition'!$E$73 -> 13.354293 | I9: ='4.3.1.5 Atmos deposition'!$P$73 -> 13.354293 | J9: ='4.3.1.5 Atmos deposition'!$F$73 -> t CO2e
D10: 4.3.1.6-7 Manure leaching and runoff | E10: ='4.3.1.6-7 Leaching and runoff'!$E$52 -> 0.0029823555 | F10: ='4.3.1.6-7 Leaching and runoff'!$P$52 -> 0.0029823555 | G10: ='4.3.1.6-7 Leaching and runoff'!$F$52 -> t N2O | H10: ='4.3.1.6-7 Leaching and runoff'!$E$57 -> 0.7903242 | I10: ='4.3.1.6-7 Leaching and runoff'!$P$57 -> 0.7903242 | J10: ='4.3.1.6-7 Leaching and runoff'!$F$57 -> t CO2e
A11: CALCULATIONS | D11: 4.3.1.9 Soil direct N2O | E11: ='4.3.1.9 Soil direct N2O'!$E$53 -> 0.080033058 | F11: ='4.3.1.9 Soil direct N2O'!$P$53 -> 0.080033058 | G11: ='4.3.1.9 Soil direct N2O'!$F$53 -> t N2O | H11: ='4.3.1.9 Soil direct N2O'!$E$58 -> 21.20876 | I11: ='4.3.1.9 Soil direct N2O'!$P$58 -> 21.20876 | J11: ='4.3.1.9 Soil direct N2O'!$F$58 -> t CO2e
A12: =HYPERLINK("#'4.3.1.1-2 Methane'!A1", "4.3.1.1-2 Methane") -> 4.3.1.1-2 Methane | D12: 4.3.1.10-11 Soil atmospheric deposition | E12: ='4.3.1.10-11 Soil Atmos Dep'!$E$45 -> 0.04958048 | F12: ='4.3.1.10-11 Soil Atmos Dep'!$P$45 -> 0.04958048 | G12: ='4.3.1.10-11 Soil Atmos Dep'!$F$45 -> t N2O | H12: ='4.3.1.10-11 Soil Atmos Dep'!$E$50 -> 13.138827 | I12: ='4.3.1.10-11 Soil Atmos Dep'!$P$50 -> 13.138827 | J12: ='4.3.1.10-11 Soil Atmos Dep'!$F$50 -> t CO2e
A13: =HYPERLINK("#'4.3.1.3-4 Direct N20'!A1", "4.3.1.3-4 Direct N2O") -> 4.3.1.3-4 Direct N2O | D13: 4.3.1.12-13 Soil leaching and runoff | E13: ='4.3.1.12-13 Soil leach runoff'!$E$47 -> 0.10564364 | F13: ='4.3.1.12-13 Soil leach runoff'!$P$47 -> 0.10564364 | G13: ='4.3.1.12-13 Soil leach runoff'!$F$47 -> t N2O | H13: ='4.3.1.12-13 Soil leach runoff'!$E$52 -> 27.995564 | I13: ='4.3.1.12-13 Soil leach runoff'!$P$52 -> 27.995564 | J13: ='4.3.1.12-13 Soil leach runoff'!$F$52 -> t CO2e
A14: =HYPERLINK("#'4.3.1.5 Atmos Deposition'!A1", "4.3.1.5 Atmospheric deposition") -> 4.3.1.5 Atmospheric deposition | D14: Total | H14: =SUM(H7:H13) -> 366.05932 | I14: =SUM(I7:I13) -> 374.9651 | J14: t CO2e
A15: =HYPERLINK("#'4.3.1.6-7 Leaching and runoff'!A1", "4.3.1.6-7 Leaching and runoff") -> 4.3.1.6-7 Leaching and runoff
A16: =HYPERLINK("#'4.3.1.8 Manure applied to soils'!A1", "4.3.1.8 Manure applied to soils") -> 4.3.1.8 Manure applied to soils | D16: 4.3.1.8 Manure applied to soils
A17: =HYPERLINK("#'4.3.1.9 Soil direct N2O'!A1", "4.3.1.9 Soil direct N2O") -> 4.3.1.9 Soil direct N2O | D17: WARNING: Manure nitrogen that was applied to soils must be accounted for
A18: =HYPERLINK("#'4.3.1.10-11 Soil Atmos Dep'!A1", "4.3.1.10-11 Soil atm. deposition") -> 4.3.1.10-11 Soil atm. deposition | D18: See the table below for how to account for manure applied to soils for scope 1 and 3.
A19: =HYPERLINK("#'4.3.1.12-13 Soil leach runoff'!A1", "4.3.1.12-13 Soil leach & runoff") -> 4.3.1.12-13 Soil leach & runoff | D19: Manure nitrogen use | E19: N in manure (Method 1) | F19: N in manure (Method 2) | G19: N unit | H19: Emissions allocated to | I19: VEERG Calculation method
D20: Manure nitrogen deposited on farm soils (including use as fertiliser for other enterprises on own farm eg crops) | E20: ='4.3.1.8 Manure applied to soils'!$E$85 -> 12428.471 | F20: ='4.3.1.8 Manure applied to soils'!$P$85 -> 12428.471 | G20: kg N | H20: Scope 1 - This dairy | I20: 5.2.2.1 (1), 5.4.1.3 (1, 2), 5.5.1.1 (1, 3)
A21: APPENDICES | D21: Manure nitrogen deposited on farm soils as fertiliser for other farm enterpsies (eg crops) | E21: ='4.3.1.8 Manure applied to soils'!$E$148 -> 4142.8238 | F21: ='4.3.1.8 Manure applied to soils'!$P$148 -> 4142.8238 | G21: kg N | H21: Scope 1 - This dairy | I21: 5.2.2.1 (1), 5.4.1.3 (1, 2), 5.5.1.1 (1, 3)
A22: =HYPERLINK("#'Constants - Dairy'!A1", "Constants - Dairy") -> Constants - Dairy | D22: Manure nitrogen sold | E22: ='4.3.1.8 Manure applied to soils'!$E$115 -> 4142.8238 | F22: ='4.3.1.8 Manure applied to soils'!$P$115 -> 4142.8238 | G22: kg N | H22: Scope 3 (downstream) | I22: 15.13.1.1 (1), 5.2.2.1 (1), 5.4.1.3 (1, 2), 5.5.1.1 (1, 3)
A23: =HYPERLINK("#'Constants - Livestock'!A1", "Constants - Livestock") -> Constants - Livestock
A24: =HYPERLINK("#'Constants - Common'!A1", "Constants - Common") -> Constants - Common
A25: =HYPERLINK("#'Acknowledgements'!A1", "Acknowledgements") -> Acknowledgements

Sheet Input - Site
A1: #VALUE! | C1: Input - Site
A3: =HYPERLINK("#'Home'!A1", "Home") -> Home
A4: =HYPERLINK("#'Overview'!A1", "Overview") -> Overview
A5: =HYPERLINK("#'Results'!A1", "Results") -> Results | D5: Your business
A7: INPUTS | D7: Farm name | E7: My test farm
A8: =HYPERLINK("#'Input - Site'!A1", "Site") -> Site | D8: Reporting entity name | E8: My test Farms Pty Ltd
A9: =HYPERLINK("#'Input - Dairy'!A1", "Dairy") -> Dairy
D10: 💡An 'Emissions accounting period' is a 12 month period where the business can report on the emissions, and is typically the same as the business' financial accounting period.
A11: CALCULATIONS
A12: =HYPERLINK("#'4.3.1.1-2 Methane'!A1", "4.3.1.1-2 Methane") -> 4.3.1.1-2 Methane | D12: Emissions calculation period start date | E12: 45658 | F12: ← DD/MM/YYYY or DD Month YYYY
A13: =HYPERLINK("#'4.3.1.3-4 Direct N20'!A1", "4.3.1.3-4 Direct N2O") -> 4.3.1.3-4 Direct N2O | D13: Emissions calculation period end date | E13: =DATE(YEAR(E12)+1,MONTH(E12),DAY(E12))-1 -> 46022 | F13: ← Automatically calculated, 12 months after start date
A14: =HYPERLINK("#'4.3.1.5 Atmos Deposition'!A1", "4.3.1.5 Atmospheric deposition") -> 4.3.1.5 Atmospheric deposition
A15: =HYPERLINK("#'4.3.1.6-7 Leaching and runoff'!A1", "4.3.1.6-7 Leaching and runoff") -> 4.3.1.6-7 Leaching and runoff
A16: =HYPERLINK("#'4.3.1.8 Manure applied to soils'!A1", "4.3.1.8 Manure applied to soils") -> 4.3.1.8 Manure applied to soils | D16: Location and climate
A17: =HYPERLINK("#'4.3.1.9 Soil direct N2O'!A1", "4.3.1.9 Soil direct N2O") -> 4.3.1.9 Soil direct N2O
A18: =HYPERLINK("#'4.3.1.10-11 Soil Atmos Dep'!A1", "4.3.1.10-11 Soil atm. deposition") -> 4.3.1.10-11 Soil atm. deposition | D18: Location information is used to reference some region and climate-specific emission factors
A19: =HYPERLINK("#'4.3.1.12-13 Soil leach runoff'!A1", "4.3.1.12-13 Soil leach & runoff") -> 4.3.1.12-13 Soil leach & runoff | D19: Tip: Use the web-based GAF Location Helper tool to easily get region and climate information. You will need an internet connection to use the GAF Location Helper.
A21: APPENDICES | D21: State | E21: Western Australia | F21: ← Please select
A22: =HYPERLINK("#'Constants - Dairy'!A1", "Constants - Dairy") -> Constants - Dairy | D22: Region (ABS Statistical area level 4) if state is WA | E22: Western Australia - Outback (South) | F22: ← Please select
A23: =HYPERLINK("#'Constants - Livestock'!A1", "Constants - Livestock") -> Constants - Livestock | D23: Leaching zone | E23: NO - Not in leaching zone | F23: ← Please select
A24: =HYPERLINK("#'Constants - Common'!A1", "Constants - Common") -> Constants - Common | D24: Elevation | E24: 307.7 | F24: Meters
A25: =HYPERLINK("#'Acknowledgements'!A1", "Acknowledgements") -> Acknowledgements | D25: Average temperature for reporting period | E25: 18 | F25: Degrees celsius
D26: Total rainfall for reporting period | E26: 601 | F26: Millimetres
D27: Potential evapotranspiration for reporting period | E27: 1326 | F27: Millimetres
D28: Number of frost days for reporting period | E28: 7 | F28: Days
D29: MAP:PET ratio | E29: =E26/E27 -> 0.45324284
D30: Rainfall zone | E30: =Common_InputFunctions.Utility_LookupItemFromMinMax(E26,Table_SourceData_RainfallZones[Min rainfall],Table_SourceData_RainfallZones[Max rainfall],Table_SourceData_RainfallZones[Rainfall Zone]) -> High rainfall
D31: Climate zone | E31: =Common_InputFunctions.Utility_GetClimateZone(E25,E26,E28,E24,E29,Table_SourceData_ClimateZones[Min temp],Table_SourceData_ClimateZones[Max temp],Table_SourceData_ClimateZones[Min rainfall],Table_SourceData_ClimateZones[Max rainfall],Table_SourceData_ClimateZones[Min frost days],Table_SourceData_ClimateZones[Max frost days],Table_SourceData_ClimateZones[Min elevation],Table_SourceData_ClimateZones[Max elevation],Table_SourceData_ClimateZones[Min MAP:PET],Table_SourceData_ClimateZones[Max MAP:PET],Table_SourceData_ClimateZones[Climate zone]) -> Warm temperate dry
D32: Wet or dry climate zone | E32: =Common_InputFunctions.Utility_LookupValueInTable($E$31,Table_SourceData_WetDryZones[Climate zone],Table_SourceData_WetDryZones[Wet or Dry Zone]) -> Dry climate zone
D33: Temperature zone | E33: =Common_InputFunctions.Utility_LookupItemFromMinMax(E25,Table_SourceData_TemperatureZones[Min MAT],Table_SourceData_TemperatureZones[Max MAT],Table_SourceData_TemperatureZones[Temperature Zone]) -> Temperate

Sheet Input - Dairy
A1: #VALUE! | C1: Input -Dairy
A3: =HYPERLINK("#'Home'!A1", "Home") -> Home
A4: =HYPERLINK("#'Overview'!A1", "Overview") -> Overview
A5: =HYPERLINK("#'Results'!A1", "Results") -> Results | D5: Herd movement
A7: INPUTS | D7: Breed | E7: Medium Friesian | F7: ← Please select
A8: =HYPERLINK("#'Input - Site'!A1", "Site") -> Site
A9: =HYPERLINK("#'Input - Dairy'!A1", "Dairy") -> Dairy | E9: Milking cows | F9: Heifers > 1 year | G9: Heifers < 1 year | H9: Bulls > 1 year | I9: Bulls < 1 year
D10: ="Average number of head between " & TEXT('Input - Site'!$E$12, "dd mmm yy") & " and " & TEXT('Input - Site'!$E$13, "dd mmm yy") -> Average number of head between 01 Jan 25 and 31 Dec 25 | E10: 100 | F10: 100 | G10: 100 | H10: 100 | I10: 100 | J10: head
A11: CALCULATIONS
A12: =HYPERLINK("#'4.3.1.1-2 Methane'!A1", "4.3.1.1-2 Methane") -> 4.3.1.1-2 Methane | D12: Liveweight
A13: =HYPERLINK("#'4.3.1.3-4 Direct N20'!A1", "4.3.1.3-4 Direct N2O") -> 4.3.1.3-4 Direct N2O | D13: Method 1 default values (Do not edit) | E13: Milking cows | F13: Heifers > 1 year | G13: Heifers < 1 year | H13: Bulls > 1 year | I13: Bulls < 1 year
A14: =HYPERLINK("#'4.3.1.5 Atmos Deposition'!A1", "4.3.1.5 Atmospheric deposition") -> 4.3.1.5 Atmospheric deposition | D14: Average liveweight | E14: 550 | F14: 380 | G14: 155 | H14: 600 | I14: 225 | J14: kg/head
A15: =HYPERLINK("#'4.3.1.6-7 Leaching and runoff'!A1", "4.3.1.6-7 Leaching and runoff") -> 4.3.1.6-7 Leaching and runoff | D15: Average liveweight gain | E15: 0.016 | F15: 0.6 | G15: 0.57 | H15: 0.1 | I15: 0.8 | J15: kg/head/day
A16: =HYPERLINK("#'4.3.1.8 Manure applied to soils'!A1", "4.3.1.8 Manure applied to soils") -> 4.3.1.8 Manure applied to soils
A17: =HYPERLINK("#'4.3.1.9 Soil direct N2O'!A1", "4.3.1.9 Soil direct N2O") -> 4.3.1.9 Soil direct N2O | D17: Method 2 custom values (Edit if known) | E17: Milking cows | F17: Heifers > 1 year | G17: Heifers < 1 year | H17: Bulls > 1 year | I17: Bulls < 1 year
A18: =HYPERLINK("#'4.3.1.10-11 Soil Atmos Dep'!A1", "4.3.1.10-11 Soil atm. deposition") -> 4.3.1.10-11 Soil atm. deposition | D18: Average liveweight | E18: 550 | F18: 380 | G18: 155 | H18: 600 | I18: 225 | J18: kg/head
A19: =HYPERLINK("#'4.3.1.12-13 Soil leach runoff'!A1", "4.3.1.12-13 Soil leach & runoff") -> 4.3.1.12-13 Soil leach & runoff | D19: Average liveweight gain | E19: 0.016 | F19: 0.6 | G19: 0.57 | H19: 0.1 | I19: 0.8 | J19: kg/head/day
A21: APPENDICES | D21: Duration of stay
A22: =HYPERLINK("#'Constants - Dairy'!A1", "Constants - Dairy") -> Constants - Dairy
A23: =HYPERLINK("#'Constants - Livestock'!A1", "Constants - Livestock") -> Constants - Livestock | D23: Method 1 default values (Do not edit) | E23: Milking cows | F23: Heifers > 1 year | G23: Heifers < 1 year | H23: Bulls > 1 year | I23: Bulls < 1 year
A24: =HYPERLINK("#'Constants - Common'!A1", "Constants - Common") -> Constants - Common | D24: ="Average duration of stay between " & TEXT('Input - Site'!$E$12, "dd mmm yy") & " and " & TEXT('Input - Site'!$E$13, "dd mmm yy") & " weaned livestock" -> Average duration of stay between 01 Jan 25 and 31 Dec 25 weaned livestock | E24: 365 | F24: 365 | G24: 281 | H24: 365 | I24: 281 | J24: Days
A25: =HYPERLINK("#'Acknowledgements'!A1", "Acknowledgements") -> Acknowledgements | D25: ="Average duration of stay between " & TEXT('Input - Site'!$E$12, "dd mmm yy") & " and " & TEXT('Input - Site'!$E$13, "dd mmm yy") & " pre-weaned livestock" -> Average duration of stay between 01 Jan 25 and 31 Dec 25 pre-weaned livestock | E25: 0 | F25: 0 | G25: 84 | H25: 0 | I25: 84 | J25: Days
D27: Method 2 custom values (Edit if known) | E27: Milking cows | F27: Heifers > 1 year | G27: Heifers < 1 year | H27: Bulls > 1 year | I27: Bulls < 1 year
D28: ="Average duration of stay between " & TEXT('Input - Site'!$E$12, "dd mmm yy") & " and " & TEXT('Input - Site'!$E$13, "dd mmm yy") & " weaned livestock" -> Average duration of stay between 01 Jan 25 and 31 Dec 25 weaned livestock | E28: 365 | F28: 365 | G28: 281 | H28: 365 | I28: 281 | J28: Days
D29: ="Average duration of stay between " & TEXT('Input - Site'!$E$12, "dd mmm yy") & " and " & TEXT('Input - Site'!$E$13, "dd mmm yy") & " pre-weaned livestock" -> Average duration of stay between 01 Jan 25 and 31 Dec 25 pre-weaned livestock | E29: 0 | F29: 0 | G29: 84 | H29: 0 | I29: 84 | J29: Days
D33: Diet
D35: Method 1 default values (Do not edit) | E35: Milking cows | F35: Heifers > 1 year | G35: Heifers < 1 year | H35: Bulls > 1 year | I35: Bulls < 1 year
D36: Dry matter digestibility | E36: 0.75 | F36: 0.75 | G36: 0.75 | H36: 0.75 | I36: 0.75 | J36: Fraction
D37: Crude protein | E37: 0.2 | F37: 0.2 | G37: 0.2 | H37: 0.2 | I37: 0.2 | J37: Fraction
D39: Method 2 custom values (Edit if known) | E39: Milking cows | F39: Heifers > 1 year | G39: Heifers < 1 year | H39: Bulls > 1 year | I39: Bulls < 1 year
D40: Dry matter digestibility | E40: 0.75 | F40: 0.75 | G40: 0.75 | H40: 0.75 | I40: 0.75 | J40: Fraction
D41: Crude protein | E41: 0.2 | F41: 0.2 | G41: 0.2 | H41: 0.2 | I41: 0.2 | J41: Fraction
D47: Milk production
D48: Milk production for the full 365 days of the year
D49: Milk production unit | E49: Litres of milk | F49: ← Please select
E51: Milking cows
D52: Average daily milk production | E52: 20 | F52: =IF(E49="Litres of milk", "litres/head/day", "kg milk solids/head/day") -> litres/head/day
D54: For milk solids only: | E54: Method 1 (don't edit) | F54: Method 2 (edit if known)
D55: Fat content in fat and protein corrected milk | E55: 0.04 | F55: 0.04 | G55: percent
D56: Protein content in fat and protein corrected milk | E56: 0.033 | F56: 0.033 | G56: percent
D60: Production systems
D61: Time spent in production systems
D62: Production system template | E62: System 3: Pasture-grazed 3-9 months/year | F62: ← Please select
D64: Method 1 default values (Do not edit) | E64: Milking cows | F64: Heifers > 1 year | G64: Heifers < 1 year | H64: Bulls > 1 year | I64: Bulls < 1 year
D65: Pasture | E65: 0.534 | F65: 0.534 | G65: 0.534 | H65: 0.534 | I65: 0.534 | J65: Percent
D66: Milking shed | E66: 0.11 | F66: 0.11 | G66: 0.11 | H66: 0.11 | I66: 0.11 | J66: Percent
D67: Feed pad | E67: 0.356 | F67: 0.356 | G67: 0.356 | H67: 0.356 | I67: 0.356 | J67: Percent
D69: Method 2 custom values (Edit if known) | E69: Milking cows | F69: Heifers > 1 year | G69: Heifers < 1 year | H69: Bulls > 1 year | I69: Bulls < 1 year
D70: Pasture | E70: 0.534 | F70: 0.534 | G70: 0.534 | H70: 0.534 | I70: 0.534 | J70: Percent
D71: Milking shed | E71: 0.11 | F71: 0.11 | G71: 0.11 | H71: 0.11 | I71: 0.11 | J71: Percent
D72: Feed pad | E72: 0.356 | F72: 0.356 | G72: 0.356 | H72: 0.356 | I72: 0.356 | J72: Percent
D76: Manure management systems
D77: ="From " & $D$66 -> From Milking shed
D79: Stage 1 MMS | E79: Milking cows | F79: Heifers > 1 year | G79: Heifers < 1 year | H79: Bulls > 1 year | I79: Bulls < 1 year | J79: ► | K79: Destination after stage 2 MMS (Percent)
K80: Sold | L80: Fert for own farm (eg crop) | M80: Direct application to soil
D81: ='Constants - Dairy'!$D$8 -> Anaerobic lagoon | E81: 0.25 | F81: 0.25 | G81: 0.25 | H81: 0.25 | I81: 0.25 | J81: Percent | K81: 0.25 | L81: 0.25 | M81: 0.5
D82: ="Were solids separated from " & D81 & "?" -> Were solids separated from Anaerobic lagoon? | E82: No
D83: ="Percent solids separated from " & D81 & " (Method 1)" -> Percent solids separated from Anaerobic lagoon (Method 1) | E83: 0
D84: ="Percent solids separated from " & D81 & " (Method 2)" -> Percent solids separated from Anaerobic lagoon (Method 2) | E84: 0
D86: ='Constants - Dairy'!$D$9 -> Sump and dispersal system | E86: 0.25 | F86: 0.25 | G86: 0.25 | H86: 0.25 | I86: 0.25 | J86: Percent | K86: 0.25 | L86: 0.25 | M86: 0.5
D87: ="Were solids separated from " & D86 & "?" -> Were solids separated from Sump and dispersal system? | E87: Yes
D88: ="Percent solids separated from " & D86 & " (Method 1)" -> Percent solids separated from Sump and dispersal system (Method 1) | E88: 0.2
D89: ="Percent solids separated from " & D86 & " (Method 2)" -> Percent solids separated from Sump and dispersal system (Method 2) | E89: 0.2
D91: ='Constants - Dairy'!$D$10 -> Drains to paddock | E91: 0.25 | F91: 0.25 | G91: 0.25 | H91: 0.25 | I91: 0.25 | J91: Percent | K91: 0.25 | L91: 0.25 | M91: 0.5
D92: ="Were solids separated from " & D91 & "?" -> Were solids separated from Drains to paddock? | E92: Yes
D93: ="Percent solids separated from " & D91 & " (Method 1)" -> Percent solids separated from Drains to paddock (Method 1) | E93: 0.2
D94: ="Percent solids separated from " & D91 & " (Method 2)" -> Percent solids separated from Drains to paddock (Method 2) | E94: 0.2
D96: ='Constants - Dairy'!$D$11 & " (before solid separation)" -> Solid storage (before solid separation) | E96: 0.25 | F96: 0.25 | G96: 0.25 | H96: 0.25 | I96: 0.25 | J96: Percent | K96: 0.25 | L96: 0.25 | M96: 0.5
D97: Solid storage (after solid separation) - Method 1 | E97: =E96+(E81*$E83)+(E86*$E88)+(E91*$E93) -> 0.35 | F97: =F96+(F81*$E83)+(F86*$E88)+(F91*$E93) -> 0.35 | G97: =G96+(G81*$E83)+(G86*$E88)+(G91*$E93) -> 0.35 | H97: =H96+(H81*$E83)+(H86*$E88)+(H91*$E93) -> 0.35 | I97: =I96+(I81*$E83)+(I86*$E88)+(I91*$E93) -> 0.35 | J97: Percent
D98: Solid storage (after solid separation) - Method 2 | E98: =E96+(E81*$E84)+(E86*$E89)+(E91*$E94) -> 0.35 | F98: =F96+(F81*$E84)+(F86*$E89)+(F91*$E94) -> 0.35 | G98: =G96+(G81*$E84)+(G86*$E89)+(G91*$E94) -> 0.35 | H98: =H96+(H81*$E84)+(H86*$E89)+(H91*$E94) -> 0.35 | I98: =I96+(I81*$E84)+(I86*$E89)+(I91*$E94) -> 0.35 | J98: Percent
D101: ="From " & $D$67 -> From Feed pad
D103: Stage 1 MMS | E103: Milking cows | F103: Heifers > 1 year | G103: Heifers < 1 year | H103: Bulls > 1 year | I103: Bulls < 1 year | J103: ► | K103: Destination after stage 2 MMS (Percent)
K104: Sold | L104: Fert for own farm (eg crop) | M104: Direct application to soil
D105: ='Constants - Dairy'!$D$8 -> Anaerobic lagoon | E105: 0.25 | F105: 0.25 | G105: 0.25 | H105: 0.25 | I105: 0.25 | J105: Percent | K105: 0.25 | L105: 0.25 | M105: 0.5
D106: ="Were solids separated from " & D105 & "?" -> Were solids separated from Anaerobic lagoon? | E106: Yes
D107: ="Percent solids separated from " & D105 & " (Method 1)" -> Percent solids separated from Anaerobic lagoon (Method 1) | E107: 0.2
D108: ="Percent solids separated from " & D105 & " (Method 2)" -> Percent solids separated from Anaerobic lagoon (Method 2) | E108: 0.2
D110: ='Constants - Dairy'!$D$9 -> Sump and dispersal system | E110: 0.25 | F110: 0.25 | G110: 0.25 | H110: 0.25 | I110: 0.25 | J110: Percent | K110: 0.25 | L110: 0.25 | M110: 0.5
D111: ="Were solids separated from " & D110 & "?" -> Were solids separated from Sump and dispersal system? | E111: Yes
D112: ="Percent solids separated from " & D110 & " (Method 1)" -> Percent solids separated from Sump and dispersal system (Method 1) | E112: 0.2
D113: ="Percent solids separated from " & D110 & " (Method 2)" -> Percent solids separated from Sump and dispersal system (Method 2) | E113: 0.2
D115: ='Constants - Dairy'!$D$10 -> Drains to paddock | E115: 0.25 | F115: 0.25 | G115: 0.25 | H115: 0.25 | I115: 0.25 | J115: Percent | K115: 0.25 | L115: 0.25 | M115: 0.5
D116: ="Were solids separated from " & D115 & "?" -> Were solids separated from Drains to paddock? | E116: Yes
D117: ="Percent solids separated from " & D115 & " (Method 1)" -> Percent solids separated from Drains to paddock (Method 1) | E117: 0.2
D118: ="Percent solids separated from " & D115 & " (Method 2)" -> Percent solids separated from Drains to paddock (Method 2) | E118: 0.2
D120: ='Constants - Dairy'!$D$11 & " (before solid separation)" -> Solid storage (before solid separation) | E120: 0.25 | F120: 0.25 | G120: 0.25 | H120: 0.25 | I120: 0.25 | J120: Percent | K120: 0.25 | L120: 0.25 | M120: 0.5
D121: Solid storage (after solid separation) - Method 1 | E121: =E120+(E105*$E107)+(E110*$E112)+(E115*$E117) -> 0.4 | F121: =F120+(F105*$E107)+(F110*$E112)+(F115*$E117) -> 0.4 | G121: =G120+(G105*$E107)+(G110*$E112)+(G115*$E117) -> 0.4 | H121: =H120+(H105*$E107)+(H110*$E112)+(H115*$E117) -> 0.4 | I121: =I120+(I105*$E107)+(I110*$E112)+(I115*$E117) -> 0.4 | J121: Percent
D122: Solid storage (after solid separation) - Method 2 | E122: =E120+(E105*$E108)+(E110*$E113)+(E115*$E118) -> 0.4 | F122: =F120+(F105*$E108)+(F110*$E113)+(F115*$E118) -> 0.4 | G122: =G120+(G105*$E108)+(G110*$E113)+(G115*$E118) -> 0.4 | H122: =H120+(H105*$E108)+(H110*$E113)+(H115*$E118) -> 0.4 | I122: =I120+(I105*$E108)+(I110*$E113)+(I115*$E118) -> 0.4 | J122: Percent
D125: Where deposited on farm soils as waste, what is the closest match? | E125: Pasture | F125: ← Please select
E126: Sprinkler Irrigation | F126: ← Please select

Sheet 4.3.1.1-2 Methane
A1: #VALUE! | C1: 4.3.1.1-2 Manure Methane
A3: =HYPERLINK("#'Home'!A1", "Home") -> Home | D3: Method 1 | O3: Method 2
A4: =HYPERLINK("#'Overview'!A1", "Overview") -> Overview
A5: =HYPERLINK("#'Results'!A1", "Results") -> Results | D5: {=EntericMethane_Dairy_Equations.VEERG_3_3_1_1__6_MetabolisabilityOfDiet_Title()} -> Metabolisability of diet
D6: {=EntericMethane_Dairy_Equations.VEERG_3_3_1_1__6_MetabolisabilityOfDiet_Source()} -> VEERG 2026: 3.3.1.1, Equation (6)
A7: INPUTS | D7: {=EntericMethane_Dairy_Equations.VEERG_3_3_1_1__6_MetabolisabilityOfDiet_Variation()} -> VARIATION ON SOURCE: changed 0.795 to 0.00795 which is the value used in the National Inventory Report
A8: =HYPERLINK("#'Input - Site'!A1", "Site") -> Site | D8: Function name | E8: {=Common_InputFunctions.Utility_DisplayFunctionName(D24)} -> =EntericMethane_Dairy_Equations.VEERG_3_3_1_1__6_MetabolisabilityOfDietVariation
A9: =HYPERLINK("#'Input - Dairy'!A1", "Dairy") -> Dairy
A11: CALCULATIONS | D11: Variable | E11: {=EntericMethane_Dairy_Equations.VEERG_3_3_1_1__6_MetabolisabilityOfDiet_Variable()} -> qm_j
A12: =HYPERLINK("#'4.3.1.1-2 Methane'!A1", "4.3.1.1-2 Methane") -> 4.3.1.1-2 Methane | D12: Unit | E12: {=EntericMethane_Dairy_Equations.VEERG_3_3_1_1__6_MetabolisabilityOfDiet_Unit()} -> fraction
A13: =HYPERLINK("#'4.3.1.3-4 Direct N20'!A1", "4.3.1.3-4 Direct N2O") -> 4.3.1.3-4 Direct N2O
A14: =HYPERLINK("#'4.3.1.5 Atmos Deposition'!A1", "4.3.1.5 Atmospheric deposition") -> 4.3.1.5 Atmospheric deposition | D14: {=_xlfn.CHOOSECOLS(EntericMethane_Dairy_Equations.VEERG_3_3_1_1__6_MetabolisabilityOfDiet_Arguments(), 1,2)} -> DMD_j | E14: dry matter digestibility expressed as a fraction | G14: {=_xlfn.CHOOSECOLS(EntericMethane_Dairy_Equations.VEERG_3_3_1_1__6_MetabolisabilityOfDiet_Arguments(), 3,4)} -> fraction | H14: Input | I14: ="See " & D16 -> See M1_Table_DMD_j
A15: =HYPERLINK("#'4.3.1.6-7 Leaching and runoff'!A1", "4.3.1.6-7 Leaching and runoff") -> 4.3.1.6-7 Leaching and runoff
A16: =HYPERLINK("#'4.3.1.8 Manure applied to soils'!A1", "4.3.1.8 Manure applied to soils") -> 4.3.1.8 Manure applied to soils | D16: M1_Table_DMD_j | O16: M2_Table_DMD_j
A17: =HYPERLINK("#'4.3.1.9 Soil direct N2O'!A1", "4.3.1.9 Soil direct N2O") -> 4.3.1.9 Soil direct N2O | D17: Dry matter digestibility (Method 1) | O17: Dry matter digestibility (Method 2)
A18: =HYPERLINK("#'4.3.1.10-11 Soil Atmos Dep'!A1", "4.3.1.10-11 Soil atm. deposition") -> 4.3.1.10-11 Soil atm. deposition | D18: Milking cows | E18: Heifers > 1 year | F18: Heifers < 1 year | G18: Bulls > 1 year | H18: Bulls < 1 year | O18: Milking cows | P18: Heifers > 1 year | Q18: Heifers < 1 year | R18: Bulls > 1 year | S18: Bulls < 1 year
A19: =HYPERLINK("#'4.3.1.12-13 Soil leach runoff'!A1", "4.3.1.12-13 Soil leach & runoff") -> 4.3.1.12-13 Soil leach & runoff | D19: ='Input - Dairy'!$E$36 -> 0.75 | E19: ='Input - Dairy'!$F$36 -> 0.75 | F19: ='Input - Dairy'!$G$36 -> 0.75 | G19: ='Input - Dairy'!$H$36 -> 0.75 | H19: ='Input - Dairy'!$I$36 -> 0.75 | I19: fraction | O19: ='Input - Dairy'!$E$40 -> 0.75 | P19: ='Input - Dairy'!$F$40 -> 0.75 | Q19: ='Input - Dairy'!$G$40 -> 0.75 | R19: ='Input - Dairy'!$H$40 -> 0.75 | S19: ='Input - Dairy'!$I$40 -> 0.75 | T19: fraction
A21: APPENDICES | D21: M1_Table_qm_j | O21: M2_Table_qm_j
A22: =HYPERLINK("#'Constants - Dairy'!A1", "Constants - Dairy") -> Constants - Dairy | D22: Metabolisability of diet (Method 1) | O22: Metabolisability of diet (Method 2)
A23: =HYPERLINK("#'Constants - Livestock'!A1", "Constants - Livestock") -> Constants - Livestock | D23: Milking cows | E23: Heifers > 1 year | F23: Heifers < 1 year | G23: Bulls > 1 year | H23: Bulls < 1 year | O23: Milking cows | P23: Heifers > 1 year | Q23: Heifers < 1 year | R23: Bulls > 1 year | S23: Bulls < 1 year
A24: =HYPERLINK("#'Constants - Common'!A1", "Constants - Common") -> Constants - Common | D24: {=EntericMethane_Dairy_Equations.VEERG_3_3_1_1__6_MetabolisabilityOfDietVariation(D19)} -> 0.59485 | E24: {=EntericMethane_Dairy_Equations.VEERG_3_3_1_1__6_MetabolisabilityOfDietVariation(E19)} -> 0.59485 | F24: {=EntericMethane_Dairy_Equations.VEERG_3_3_1_1__6_MetabolisabilityOfDietVariation(F19)} -> 0.59485 | G24: {=EntericMethane_Dairy_Equations.VEERG_3_3_1_1__6_MetabolisabilityOfDietVariation(G19)} -> 0.59485 | H24: {=EntericMethane_Dairy_Equations.VEERG_3_3_1_1__6_MetabolisabilityOfDietVariation(H19)} -> 0.59485 | I24: =$E$12 -> fraction | O24: {=EntericMethane_Dairy_Equations.VEERG_3_3_1_1__6_MetabolisabilityOfDietVariation(O19)} -> 0.59485 | P24: {=EntericMethane_Dairy_Equations.VEERG_3_3_1_1__6_MetabolisabilityOfDietVariation(P19)} -> 0.59485 | Q24: {=EntericMethane_Dairy_Equations.VEERG_3_3_1_1__6_MetabolisabilityOfDietVariation(Q19)} -> 0.59485 | R24: {=EntericMethane_Dairy_Equations.VEERG_3_3_1_1__6_MetabolisabilityOfDietVariation(R19)} -> 0.59485 | S24: {=EntericMethane_Dairy_Equations.VEERG_3_3_1_1__6_MetabolisabilityOfDietVariation(S19)} -> 0.59485 | T24: =$E$12 -> fraction
A25: =HYPERLINK("#'Acknowledgements'!A1", "Acknowledgements") -> Acknowledgements
D28: {=EntericMethane_Dairy_Equations.VEERG_3_3_1_1__5_MilkProductionFromMilkSolids_Title()} -> Milk production converted from milk solids
D29: {=EntericMethane_Dairy_Equations.VEERG_3_3_1_1__5_MilkProductionFromMilkSolids_Source()} -> VEERG 2026: 3.3.1.1, Equation (5)
D30: {=EntericMethane_Dairy_Equations.VEERG_3_3_1_1__5_MilkProductionFromMilkSolids_Variation()} -> VARATION ON SOURCE: Added milk production unit variable to allow for use of either milk solids or litres of milk. Converted input FC and PC percent to integer.
D31: Function name | E31: {=Common_InputFunctions.Utility_DisplayFunctionName(D50)} -> =EntericMethane_Dairy_Equations.VEERG_3_3_1_1__5_MilkProductionFromMilkSolids
D34: Variable | E34: {=EntericMethane_Dairy_Equations.VEERG_3_3_1_1__5_MilkProductionFromMilkSolids_Variable()} -> MP_j
D35: Unit | E35: {=EntericMethane_Dairy_Equations.VEERG_3_3_1_1__5_MilkProductionFromMilkSolids_Unit()} -> L/head/day
D37: {=_xlfn.CHOOSECOLS(EntericMethane_Dairy_Equations.VEERG_3_3_1_1__5_MilkProductionFromMilkSolids_Arguments(),1,2)} -> MPU | E37: input milk production unit | G37: {=_xlfn.CHOOSECOLS(EntericMethane_Dairy_Equations.VEERG_3_3_1_1__5_MilkProductionFromMilkSolids_Arguments(),3,4)} | H37: Input | I37: ='Input - Dairy'!$E$49 -> Litres of milk | O37: {=_xlfn.CHOOSECOLS(EntericMethane_Dairy_Equations.VEERG_3_3_1_1__5_MilkProductionFromMilkSolids_Arguments(),1,2)} -> MPU | P37: input milk production unit | R37: {=_xlfn.CHOOSECOLS(EntericMethane_Dairy_Equations.VEERG_3_3_1_1__5_MilkProductionFromMilkSolids_Arguments(),3,4)} | S37: Input
D38: MS_j | E38: daily production of milk solids | G38: kg MS/head/day | H38: Input | I38: {=HYPERLINK(Common_InputFunctions.Utility_SourceHyperlink($D$42),$D$42)} -> M1_Table_MS_j | O38: MS_j | P38: daily production of milk solids | R38: kg MS/head/day | S38: Input
D39: FC_j | E39: fat content in fat and protein corrected milk | G39: per cent | H39: Constant | I39: ='Input - Dairy'!E55*100 -> 4 | O39: FC_j | P39: fat content in fat and protein corrected milk | R39: per cent | S39: Constant | T39: ='Input - Dairy'!$F$55*100 -> 4
D40: PC_j | E40: protein content in fat and protein corrected milk | G40: per cent | H40: Constant | I40: ='Input - Dairy'!E56*100 -> 3.3 | O40: PC_j | P40: protein content in fat and protein corrected milk | R40: per cent | S40: Constant | T40: ='Input - Dairy'!$F$56*100 -> 3.3
D42: M1_Table_MS_j
D43: Milk solids production (Method 1)
D44: Milking cows | E44: Heifers > 1 year | F44: Heifers < 1 year | G44: Bulls > 1 year | H44: Bulls < 1 year
D45: =IF($I$37="Milk solids", 'Input - Dairy'!E52, 0) -> 0 | E45: 0 | F45: 0 | G45: 0 | H45: 0 | I45: =G38 -> kg MS/head/day
D47: M1_Table_MP_j_from_solids | O47: M2_Table_MP_j_from_solids
D48: Milk production from milk solids (Method 1) | O48: Milk production from milk solids (Method 2)
D49: Milking cows | E49: Heifers > 1 year | F49: Heifers < 1 year | G49: Bulls > 1 year | H49: Bulls < 1 year | O49: Milking cows | P49: Heifers > 1 year | Q49: Heifers < 1 year | R49: Bulls > 1 year | S49: Bulls < 1 year
D50: {=EntericMethane_Dairy_Equations.VEERG_3_3_1_1__5_MilkProductionFromMilkSolids(D45,$I$39,$I$40)} -> 0 | E50: 0 | F50: 0 | G50: 0 | H50: 0 | I50: L/head/day | O50: {=EntericMethane_Dairy_Equations.VEERG_3_3_1_1__5_MilkProductionFromMilkSolids(D45,$T$39,$T$40)} -> 0 | P50: 0 | Q50: 0 | R50: 0 | S50: 0 | T50: L/head/day
A51: =HYPERLINK("#A1", "▲ Back to top") -> ▲ Back to top
D54: {=EntericMethane_Dairy_Equations.VEERG_3_3_1_1__4_AdditionalIntakeForMilkProduction_Title()} -> Additional intake required for milk production
D55: {=EntericMethane_Dairy_Equations.VEERG_3_3_1_1__4_AdditionalIntakeForMilkProduction_Source()} -> VEERG 2026: 3.3.1.1, Equation (4)
D56: Function name | E56: {=Common_InputFunctions.Utility_DisplayFunctionName(D79)} -> =EntericMethane_Dairy_Equations.VEERG_3_3_1_1__4_AdditionalIntakeForMilkProduction
D59: Variable | E59: {=EntericMethane_Dairy_Equations.VEERG_3_3_1_1__4_AdditionalIntakeForMilkProduction_Variable()} -> MI_j
D60: Unit | E60: {=EntericMethane_Dairy_Equations.VEERG_3_3_1_1__4_AdditionalIntakeForMilkProduction_Unit()} -> kg DM/head/day
D62: {=_xlfn.CHOOSECOLS(EntericMethane_Dairy_Equations.VEERG_3_3_1_1__4_AdditionalIntakeForMilkProduction_Arguments(), 1,2)} -> MPU | E62: input milk production unit | G62: {=_xlfn.CHOOSECOLS(EntericMethane_Dairy_Equations.VEERG_3_3_1_1__4_AdditionalIntakeForMilkProduction_Arguments(), 3,4)} | H62: Input | I62: ='Input - Dairy'!$E$49 -> Litres of milk
D63: MP_j | E63: milk production (if input as litres of milk) | G63: L/head/day | H63: Input | I63: {=HYPERLINK(Common_InputFunctions.Utility_SourceHyperlink($D$71), $D$71)} -> Table_MP_j
D64: MP_j | E64: milk production (if input as milk solids) | G64: L/head/day | H64: Calculated from 3.3.1.1 (5) | I64: {=HYPERLINK(Common_InputFunctions.Utility_SourceHyperlink($D$47),$D$47)} -> M1_Table_MP_j_from_solids
D65: NE | E65: net energy | G65: MJ net energy/kg milk | H65: Constant | I65: ='Constants - Dairy'!$D$167 -> 3.054
D66: GEC | E66: gross energy content | G66: MJ/kgDM | H66: Constant | I66: ='Constants - Dairy'!$D$174 -> 18.4
D67: k | E67: efficiency of metabolizable energy use for milk production | G67: fraction | H67: Constant | I67: ='Constants - Dairy'!$D$181 -> 0.6
D68: qm_j | E68: metabolisability of the diet | G68: fraction | H68: Calculated from 3.3.1.1 (6) | I68: {=HYPERLINK(Common_InputFunctions.Utility_SourceHyperlink($D$21), $D$21)} -> M1_Table_qm_j
D71: Table_MP_j
D72: Milk production
D73: Milking cows | E73: Heifers > 1 year | F73: Heifers < 1 year | G73: Bulls > 1 year | H73: Bulls < 1 year
D74: =IF(I62="Milk solids", 0, 'Input - Dairy'!$E$52) -> 20 | E74: 0 | F74: 0 | G74: 0 | H74: 0 | I74: L/head/day
D76: M1_Table_MI_j | O76: M2_Table_MI_j
D77: Additional intake for milk production (Method 1) | O77: Additional intake for milk production (Method 2)
D78: Milking cows | E78: Heifers > 1 year | F78: Heifers < 1 year | G78: Bulls > 1 year | H78: Bulls < 1 year | O78: Milking cows | P78: Heifers > 1 year | Q78: Heifers < 1 year | R78: Bulls > 1 year | S78: Bulls < 1 year
D79: {=EntericMethane_Dairy_Equations.VEERG_3_3_1_1__4_AdditionalIntakeForMilkProduction(IF(I62="Milk solids", D50, D74), $I$65,$I$66,$I$67,D24)} -> 9.5798722 | E79: {=EntericMethane_Dairy_Equations.VEERG_3_3_1_1__4_AdditionalIntakeForMilkProduction(E74, $I$65,$I$66,$I$67,E24)} -> 0 | F79: {=EntericMethane_Dairy_Equations.VEERG_3_3_1_1__4_AdditionalIntakeForMilkProduction(F74, $I$65,$I$66,$I$67,F24)} -> 0 | G79: {=EntericMethane_Dairy_Equations.VEERG_3_3_1_1__4_AdditionalIntakeForMilkProduction(G74, $I$65,$I$66,$I$67,G24)} -> 0 | H79: {=EntericMethane_Dairy_Equations.VEERG_3_3_1_1__4_AdditionalIntakeForMilkProduction(H74, $I$65,$I$66,$I$67,H24)} -> 0 | I79: =$E$60 -> kg DM/head/day | O79: {=EntericMethane_Dairy_Equations.VEERG_3_3_1_1__4_AdditionalIntakeForMilkProduction(IF(I62="Milk solids", O50, D74), $I$65,$I$66,$I$67,O24)} -> 9.5798722 | P79: {=EntericMethane_Dairy_Equations.VEERG_3_3_1_1__4_AdditionalIntakeForMilkProduction(E74, $I$65,$I$66,$I$67,P24)} -> 0 | Q79: {=EntericMethane_Dairy_Equations.VEERG_3_3_1_1__4_AdditionalIntakeForMilkProduction(F74, $I$65,$I$66,$I$67,Q24)} -> 0 | R79: {=EntericMethane_Dairy_Equations.VEERG_3_3_1_1__4_AdditionalIntakeForMilkProduction(G74, $I$65,$I$66,$I$67,R24)} -> 0 | S79: {=EntericMethane_Dairy_Equations.VEERG_3_3_1_1__4_AdditionalIntakeForMilkProduction(H74, $I$65,$I$66,$I$67,S24)} -> 0 | T79: =$E$60 -> kg DM/head/day
D83: {=EntericMethane_Dairy_Equations.VEERG_3_3_1_1__3_DryMatterFeedIntake_Title()} -> Feed intake
D84: {=EntericMethane_Dairy_Equations.VEERG_3_3_1_1__3_DryMatterFeedIntake_Source()} -> VEERG 2026: 3.3.1.1, Equation (3)
D85: Function name | E85: {=Common_InputFunctions.Utility_DisplayFunctionName(D114)} -> =EntericMethane_Dairy_Equations.VEERG_3_3_1_1__3_DryMatterFeedIntake
D88: Variable | E88: {=EntericMethane_Dairy_Equations.VEERG_3_3_1_1__3_DryMatterFeedIntake_Variable()} -> I_j
D89: Unit | E89: {=EntericMethane_Dairy_Equations.VEERG_3_3_1_1__3_DryMatterFeedIntake_Unit()} -> kg DM/head/day
D91: {=_xlfn.CHOOSECOLS(EntericMethane_Dairy_Equations.VEERG_3_3_1_1__3_DryMatterFeedIntake_Arguments(),1,2)} -> W_j | E91: liveweight | G91: {=_xlfn.CHOOSECOLS(EntericMethane_Dairy_Equations.VEERG_3_3_1_1__3_DryMatterFeedIntake_Arguments(),3,4)} -> kg | H91: Input | I91: {=HYPERLINK(Common_InputFunctions.Utility_SourceHyperlink($D$96), $D$96)} -> M1_Table_W_j
D92: LWG_j | E92: liveweight gain | G92: kg/head/day | H92: Input | I92: {=HYPERLINK(Common_InputFunctions.Utility_SourceHyperlink($D$101), $D$101)} -> M1_Table_LWG_j
D93: MR_j | E93: increase in metabolic rate when producing milk | G93: fraction | H93: Constant | I93: {=HYPERLINK(Common_InputFunctions.Utility_SourceHyperlink($D$106), $D$106)} -> Table_MR_j
D94: MI_j | E94: additional intake required for milk production | G94: kg DM/head/day | H94: Calculated from 3.3.1.1 (4) | I94: {=HYPERLINK(Common_InputFunctions.Utility_SourceHyperlink($D$76), $D$76)} -> M1_Table_MI_j
D96: M1_Table_W_j | O96: M2_Table_W_j
D97: Liveweight for each animal class j (Method 1) | O97: Liveweight for each animal class j (Method 2)
D98: Milking cows | E98: Heifers > 1 year | F98: Heifers < 1 year | G98: Bulls > 1 year | H98: Bulls < 1 year | O98: Milking cows | P98: Heifers > 1 year | Q98: Heifers < 1 year | R98: Bulls > 1 year | S98: Bulls < 1 year
D99: ='Input - Dairy'!$E$14 -> 550 | E99: ='Input - Dairy'!$F$14 -> 380 | F99: ='Input - Dairy'!$G$14 -> 155 | G99: ='Input - Dairy'!$H$14 -> 600 | H99: ='Input - Dairy'!$I$14 -> 225 | I99: kg/head | O99: ='Input - Dairy'!$E$18 -> 550 | P99: ='Input - Dairy'!$F$18 -> 380 | Q99: ='Input - Dairy'!$G$18 -> 155 | R99: ='Input - Dairy'!$H$18 -> 600 | S99: ='Input - Dairy'!$I$18 -> 225 | T99: kg/head
D101: M1_Table_LWG_j | O101: M2_Table_LWG_j
D102: Liveweight gain for each animal class j (Method 1) | O102: Liveweight gain for each animal class j (Method 2)
D103: Milking cows | E103: Heifers > 1 year | F103: Heifers < 1 year | G103: Bulls > 1 year | H103: Bulls < 1 year | O103: Milking cows | P103: Heifers > 1 year | Q103: Heifers < 1 year | R103: Bulls > 1 year | S103: Bulls < 1 year
D104: ='Input - Dairy'!$E$15 -> 0.016 | E104: ='Input - Dairy'!$F$15 -> 0.6 | F104: ='Input - Dairy'!$G$15 -> 0.57 | G104: ='Input - Dairy'!$H$15 -> 0.1 | H104: ='Input - Dairy'!$I$15 -> 0.8 | I104: kg/head/day | O104: ='Input - Dairy'!$E$19 -> 0.016 | P104: ='Input - Dairy'!$F$19 -> 0.6 | Q104: ='Input - Dairy'!$G$19 -> 0.57 | R104: ='Input - Dairy'!$H$19 -> 0.1 | S104: ='Input - Dairy'!$I$19 -> 0.8 | T104: kg/head/day
A105: =HYPERLINK("#A1", "▲ Back to top") -> ▲ Back to top
D106: Table_MR_j
D107: Increase in metabolic rate when producing milk
D108: Milking cows | E108: Heifers > 1 year | F108: Heifers < 1 year | G108: Bulls > 1 year | H108: Bulls < 1 year
D109: ='Constants - Dairy'!$E$108 -> 1.1 | E109: ='Constants - Dairy'!$E$109 -> 1 | F109: ='Constants - Dairy'!$E$109 -> 1 | G109: ='Constants - Dairy'!$E$109 -> 1 | H109: ='Constants - Dairy'!$E$109 -> 1 | I109: Fraction
D111: M1_Table_I_j | O111: M2_Table_I_j
D112: Feed intake (Method 1) | O112: Feed intake (Method 2)
D113: Milking cows | E113: Heifers > 1 year | F113: Heifers < 1 year | G113: Bulls > 1 year | H113: Bulls < 1 year | O113: Milking cows | P113: Heifers > 1 year | Q113: Heifers < 1 year | R113: Bulls > 1 year | S113: Bulls < 1 year
D114: {=EntericMethane_Dairy_Equations.VEERG_3_3_1_1__3_DryMatterFeedIntake(D99,D104,D109,D79)} -> 18.834318 | E114: {=EntericMethane_Dairy_Equations.VEERG_3_3_1_1__3_DryMatterFeedIntake(E99,E104,E109,E79)} -> 7.4188685 | F114: {=EntericMethane_Dairy_Equations.VEERG_3_3_1_1__3_DryMatterFeedIntake(F99,F104,F109,F79)} -> 4.0231735 | G114: {=EntericMethane_Dairy_Equations.VEERG_3_3_1_1__3_DryMatterFeedIntake(G99,G104,G109,G79)} -> 9.0270202 | H114: {=EntericMethane_Dairy_Equations.VEERG_3_3_1_1__3_DryMatterFeedIntake(H99,H104,H109,H79)} -> 5.4143473 | I114: =$E$89 -> kg DM/head/day | O114: {=EntericMethane_Dairy_Equations.VEERG_3_3_1_1__3_DryMatterFeedIntake(O99,O104,D109,O79)} -> 18.834318 | P114: {=EntericMethane_Dairy_Equations.VEERG_3_3_1_1__3_DryMatterFeedIntake(P99,P104,E109,P79)} -> 7.4188685 | Q114: {=EntericMethane_Dairy_Equations.VEERG_3_3_1_1__3_DryMatterFeedIntake(Q99,Q104,F109,Q79)} -> 4.0231735 | R114: {=EntericMethane_Dairy_Equations.VEERG_3_3_1_1__3_DryMatterFeedIntake(R99,R104,G109,R79)} -> 9.0270202 | S114: {=EntericMethane_Dairy_Equations.VEERG_3_3_1_1__3_DryMatterFeedIntake(S99,S104,H109,S79)} -> 5.4143473 | T114: =$E$89 -> kg DM/head/day
D118: {=MMS_Dairy_Methane_Equations.VEERG_4_3_1_1__3_VolatileSolidsForWeanedDairyCattle_Title()} -> Volatile solids for weaned dairy cattle
D119: {=MMS_Dairy_Methane_Equations.VEERG_4_3_1_1__3_VolatileSolidsForWeanedDairyCattle_Source()} -> VEERG 2026: 4.3.1.1, Equation (3)
D120: Function name | E120: {=Common_InputFunctions.Utility_DisplayFunctionName(D133)} -> =MMS_Dairy_Methane_Equations.VEERG_4_3_1_1__3_VolatileSolidsForWeanedDairyCattle
D123: Variable | E123: {=MMS_Dairy_Methane_Equations.VEERG_4_3_1_1__3_VolatileSolidsForWeanedDairyCattle_Variable()} -> VS_j
D124: Unit | E124: {=MMS_Dairy_Methane_Equations.VEERG_4_3_1_1__3_VolatileSolidsForWeanedDairyCattle_Unit()} -> kg/head/day
D126: {=_xlfn.CHOOSECOLS(MMS_Dairy_Methane_Equations.VEERG_4_3_1_1__3_VolatileSolidsForWeanedDairyCattle_Arguments(), 1,2)} -> I_j | E126: dry matter feed intake (kgDM/head/day) | G126: {=_xlfn.CHOOSECOLS(MMS_Dairy_Methane_Equations.VEERG_4_3_1_1__3_VolatileSolidsForWeanedDairyCattle_Arguments(), 3,4)} -> kgDM/head/day | H126: Calculated from 3.3.1.1 (3) | I126: {=HYPERLINK(Common_InputFunctions.Utility_SourceHyperlink($D$111), $D$111)} -> M1_Table_I_j
D127: DMD_j | E127: dry matter digestibility | G127: fraction | H127: Input | I127: {=HYPERLINK(Common_InputFunctions.Utility_SourceHyperlink($D$16), $D$16)} -> M1_Table_DMD_j
D128: A | E128: ash content of feed intake | G128: fraction | H128: Constant | I128: ='Constants - Dairy'!$D$188 -> 0.08
D130: M1_Table_VS_j | O130: M2_Table_VS_j
D131: Volatile solids for weaned cattle (Method 1) | O131: Volatile solids for weaned cattle (Method 2)
D132: Milking cows | E132: Heifers > 1 year | F132: Heifers < 1 year | G132: Bulls > 1 year | H132: Bulls < 1 year | O132: Milking cows | P132: Heifers > 1 year | Q132: Heifers < 1 year | R132: Bulls > 1 year | S132: Bulls < 1 year
D133: {=MMS_Dairy_Methane_Equations.VEERG_4_3_1_1__3_VolatileSolidsForWeanedDairyCattle(D114,D19,$I$128)} -> 5.024996 | E133: {=MMS_Dairy_Methane_Equations.VEERG_4_3_1_1__3_VolatileSolidsForWeanedDairyCattle(E114,E19,$I$128)} -> 1.9793541 | F133: {=MMS_Dairy_Methane_Equations.VEERG_4_3_1_1__3_VolatileSolidsForWeanedDairyCattle(F114,F19,$I$128)} -> 1.0733827 | G133: {=MMS_Dairy_Methane_Equations.VEERG_4_3_1_1__3_VolatileSolidsForWeanedDairyCattle(G114,G19,$I$128)} -> 2.408409 | H133: {=MMS_Dairy_Methane_Equations.VEERG_4_3_1_1__3_VolatileSolidsForWeanedDairyCattle(H114,H19,$I$128)} -> 1.4445479 | I133: =$E$124 -> kg/head/day | O133: {=MMS_Dairy_Methane_Equations.VEERG_4_3_1_1__3_VolatileSolidsForWeanedDairyCattle(O114,O19,$I$128)} -> 5.024996 | P133: {=MMS_Dairy_Methane_Equations.VEERG_4_3_1_1__3_VolatileSolidsForWeanedDairyCattle(P114,P19,$I$128)} -> 1.9793541 | Q133: {=MMS_Dairy_Methane_Equations.VEERG_4_3_1_1__3_VolatileSolidsForWeanedDairyCattle(Q114,Q19,$I$128)} -> 1.0733827 | R133: {=MMS_Dairy_Methane_Equations.VEERG_4_3_1_1__3_VolatileSolidsForWeanedDairyCattle(R114,R19,$I$128)} -> 2.408409 | S133: {=MMS_Dairy_Methane_Equations.VEERG_4_3_1_1__3_VolatileSolidsForWeanedDairyCattle(S114,S19,$I$128)} -> 1.4445479 | T133: =$E$124 -> kg/head/day
D137: {=MMS_Dairy_Methane_Equations.VEERG_4_3_1_1__4_FractionVolatileSolidsNotSolidStorage_Title()} -> Fraction of volatile solids in each system other than solid storage
...

Sheet 4.3.1.3-4 Direct N20
A1: #VALUE! | C1: 4.3.1.3-4 Manure Direct N2O
A3: =HYPERLINK("#'Home'!A1", "Home") -> Home | D3: Method 1 | N3: Method 2
A4: =HYPERLINK("#'Overview'!A1", "Overview") -> Overview
A5: =HYPERLINK("#'Results'!A1", "Results") -> Results | D5: {=MMS_Dairy_N2ODirect_Equations.VEERG_4_3_1_3__8_RelativeSize_Title()} -> Relative size
D6: {=MMS_Dairy_N2ODirect_Equations.VEERG_4_3_1_3__8_RelativeSize_Source()} -> VEERG 2026: 4.3.1.3, Equation (8)
A7: INPUTS | D7: Function name | E7: {=Common_InputFunctions.Utility_DisplayFunctionName(D29)} -> =MMS_Dairy_N2ODirect_Equations.VEERG_4_3_1_3__8_RelativeSize
A8: =HYPERLINK("#'Input - Site'!A1", "Site") -> Site
A9: =HYPERLINK("#'Input - Dairy'!A1", "Dairy") -> Dairy
D10: Variable | E10: {=MMS_Dairy_N2ODirect_Equations.VEERG_4_3_1_3__8_RelativeSize_Variable()} -> Z_j
A11: CALCULATIONS | D11: Unit | E11: {=MMS_Dairy_N2ODirect_Equations.VEERG_4_3_1_3__8_RelativeSize_Unit()} -> ratio
A12: =HYPERLINK("#'4.3.1.1-2 Methane'!A1", "4.3.1.1-2 Methane") -> 4.3.1.1-2 Methane
A13: =HYPERLINK("#'4.3.1.3-4 Direct N20'!A1", "4.3.1.3-4 Direct N2O") -> 4.3.1.3-4 Direct N2O | D13: {=_xlfn.CHOOSECOLS(MMS_Dairy_N2ODirect_Equations.VEERG_4_3_1_3__8_RelativeSize_Arguments(),1,2)} -> W_j | E13: liveweight | F13: {=_xlfn.CHOOSECOLS(MMS_Dairy_N2ODirect_Equations.VEERG_4_3_1_3__8_RelativeSize_Arguments(),3,4)} -> kg/head | G13: Input | H13: {=HYPERLINK(Common_InputFunctions.Utility_SourceHyperlink($D$16),$D$16)} -> M1_Table_W_j
A14: =HYPERLINK("#'4.3.1.5 Atmos Deposition'!A1", "4.3.1.5 Atmospheric deposition") -> 4.3.1.5 Atmospheric deposition | D14: WR_j | E14: reference weight | F14: kg/head | G14: Constant | H14: {=HYPERLINK(Common_InputFunctions.Utility_SourceHyperlink($D$21),$D$21)} -> Table_WR_j
A15: =HYPERLINK("#'4.3.1.6-7 Leaching and runoff'!A1", "4.3.1.6-7 Leaching and runoff") -> 4.3.1.6-7 Leaching and runoff
A16: =HYPERLINK("#'4.3.1.8 Manure applied to soils'!A1", "4.3.1.8 Manure applied to soils") -> 4.3.1.8 Manure applied to soils | D16: M1_Table_W_j | N16: M2_Table_W_j
A17: =HYPERLINK("#'4.3.1.9 Soil direct N2O'!A1", "4.3.1.9 Soil direct N2O") -> 4.3.1.9 Soil direct N2O | D17: Liveweight for each animal class j (Method 1) | N17: Liveweight for each animal class j (Method 2)
A18: =HYPERLINK("#'4.3.1.10-11 Soil Atmos Dep'!A1", "4.3.1.10-11 Soil atm. deposition") -> 4.3.1.10-11 Soil atm. deposition | D18: Milking cows | E18: Heifers > 1 year | F18: Heifers < 1 year | G18: Bulls > 1 year | H18: Bulls < 1 year | N18: Milking cows | O18: Heifers > 1 year | P18: Heifers < 1 year | Q18: Bulls > 1 year | R18: Bulls < 1 year
A19: =HYPERLINK("#'4.3.1.12-13 Soil leach runoff'!A1", "4.3.1.12-13 Soil leach & runoff") -> 4.3.1.12-13 Soil leach & runoff | D19: ='Input - Dairy'!$E$14 -> 550 | E19: ='Input - Dairy'!$F$14 -> 380 | F19: ='Input - Dairy'!$G$14 -> 155 | G19: ='Input - Dairy'!$H$14 -> 600 | H19: ='Input - Dairy'!$I$14 -> 225 | I19: kg/head | N19: ='Input - Dairy'!$E$18 -> 550 | O19: ='Input - Dairy'!$F$18 -> 380 | P19: ='Input - Dairy'!$G$18 -> 155 | Q19: ='Input - Dairy'!$H$18 -> 600 | R19: ='Input - Dairy'!$I$18 -> 225 | S19: kg/head
A21: APPENDICES | D21: Table_WR_j
A22: =HYPERLINK("#'Constants - Dairy'!A1", "Constants - Dairy") -> Constants - Dairy | D22: Reference weight for each animal class
A23: =HYPERLINK("#'Constants - Livestock'!A1", "Constants - Livestock") -> Constants - Livestock | D23: Milking cows | E23: Heifers > 1 year | F23: Heifers < 1 year | G23: Bulls > 1 year | H23: Bulls < 1 year
A24: =HYPERLINK("#'Constants - Common'!A1", "Constants - Common") -> Constants - Common | D24: {=Table_SourceData_Dairy_WRj[Milking cows]} -> 590 | E24: {=Table_SourceData_Dairy_WRj[Heifers > 1]} -> 590 | F24: {=Table_SourceData_Dairy_WRj[Heifers < 1 (weaned)]} -> 590 | G24: {=Table_SourceData_Dairy_WRj[Bulls > 1]} -> 770 | H24: {=Table_SourceData_Dairy_WRj[Bulls < 1 (weaned)]} -> 770 | I24: kg/head
A25: =HYPERLINK("#'Acknowledgements'!A1", "Acknowledgements") -> Acknowledgements
D26: M1_Table_Z_j | N26: M1_Table_Z_j
D27: Relative size for each animal class (Method 1) | N27: Relative size for each animal class (Method 2)
D28: Milking cows | E28: Heifers > 1 year | F28: Heifers < 1 year | G28: Bulls > 1 year | H28: Bulls < 1 year | N28: Milking cows | O28: Heifers > 1 year | P28: Heifers < 1 year | Q28: Bulls > 1 year | R28: Bulls < 1 year
D29: {=MMS_Dairy_N2ODirect_Equations.VEERG_4_3_1_3__8_RelativeSize(D19,D24)} -> 0.93220339 | E29: {=MMS_Dairy_N2ODirect_Equations.VEERG_4_3_1_3__8_RelativeSize(E19,E24)} -> 0.6440678 | F29: {=MMS_Dairy_N2ODirect_Equations.VEERG_4_3_1_3__8_RelativeSize(F19,F24)} -> 0.26271186 | G29: {=MMS_Dairy_N2ODirect_Equations.VEERG_4_3_1_3__8_RelativeSize(G19,G24)} -> 0.77922078 | H29: {=MMS_Dairy_N2ODirect_Equations.VEERG_4_3_1_3__8_RelativeSize(H19,H24)} -> 0.29220779 | I29: =$E$11 -> ratio | N29: {=MMS_Dairy_N2ODirect_Equations.VEERG_4_3_1_3__8_RelativeSize(N19,D24)} -> 0.93220339 | O29: {=MMS_Dairy_N2ODirect_Equations.VEERG_4_3_1_3__8_RelativeSize(O19,E24)} -> 0.6440678 | P29: {=MMS_Dairy_N2ODirect_Equations.VEERG_4_3_1_3__8_RelativeSize(P19,F24)} -> 0.26271186 | Q29: {=MMS_Dairy_N2ODirect_Equations.VEERG_4_3_1_3__8_RelativeSize(Q19,G24)} -> 0.77922078 | R29: {=MMS_Dairy_N2ODirect_Equations.VEERG_4_3_1_3__8_RelativeSize(R19,H24)} -> 0.29220779 | S29: =$E$11 -> ratio
D33: {=MMS_Dairy_N2ODirect_Equations.VEERG_4_3_1_3__7_IntakeRelativeToMaintenance_Title()} -> Intake relative to maintenance
D34: {=MMS_Dairy_N2ODirect_Equations.VEERG_4_3_1_3__7_IntakeRelativeToMaintenance_Source()} -> VEERG 2026: 4.3.1.3, Equation (7)
D35: Function name | E35: {=Common_InputFunctions.Utility_DisplayFunctionName(D65)} -> =MMS_Dairy_N2ODirect_Equations.VEERG_4_3_1_3__7_IntakeRelativeToMaintenance
D39: Variable | E39: {=MMS_Dairy_N2ODirect_Equations.VEERG_4_3_1_3__7_IntakeRelativeToMaintenance_Variable()} -> L_j
D40: Unit | E40: {=MMS_Dairy_N2ODirect_Equations.VEERG_4_3_1_3__7_IntakeRelativeToMaintenance_Unit()} -> ratio
D42: {=_xlfn.CHOOSECOLS(MMS_Dairy_N2ODirect_Equations.VEERG_4_3_1_3__7_IntakeRelativeToMaintenance_Arguments(),1,2)} -> I_j | E42: dry matter intake | G42: {=_xlfn.CHOOSECOLS(MMS_Dairy_N2ODirect_Equations.VEERG_4_3_1_3__7_IntakeRelativeToMaintenance_Arguments(),3,4)} -> kgDM/head/day | H42: Calculated from 3.3.1.1 (3) | I42: {=HYPERLINK(Common_InputFunctions.Utility_SourceHyperlink($D$47),$D$47)} -> M1_Table_I_j
D43: W_j | E43: liveweight | G43: kg/head | H43: Input | I43: {=HYPERLINK(Common_InputFunctions.Utility_SourceHyperlink($D$16),$D$16)} -> M1_Table_W_j
D44: MR_j | E44: increase in metabolic rate when producing milk | H44: Constant | I44: {=HYPERLINK(Common_InputFunctions.Utility_SourceHyperlink($D$52),$D$52)} -> Table_MR_j
D45: MI_j | E45: additional intake required for milk production | G45: kgDM/head/day | H45: Calculated from 3.3.1.1 (4) | I45: {=HYPERLINK(Common_InputFunctions.Utility_SourceHyperlink($D$57),$D$57)} -> M1_Table_MI_j
D47: M1_Table_I_j | N47: M2_Table_I_j
D48: Feed intake (Method 1) | N48: Feed intake (Method 2)
D49: Milking cows | E49: Heifers > 1 year | F49: Heifers < 1 year | G49: Bulls > 1 year | H49: Bulls < 1 year | N49: Milking cows | O49: Heifers > 1 year | P49: Heifers < 1 year | Q49: Bulls > 1 year | R49: Bulls < 1 year
D50: ='4.3.1.1-2 Methane'!D114 -> 18.834318 | E50: ='4.3.1.1-2 Methane'!E114 -> 7.4188685 | F50: ='4.3.1.1-2 Methane'!F114 -> 4.0231735 | G50: ='4.3.1.1-2 Methane'!G114 -> 9.0270202 | H50: ='4.3.1.1-2 Methane'!H114 -> 5.4143473 | I50: =G42 -> kgDM/head/day | N50: ='4.3.1.1-2 Methane'!O114 -> 18.834318 | O50: ='4.3.1.1-2 Methane'!P114 -> 7.4188685 | P50: ='4.3.1.1-2 Methane'!Q114 -> 4.0231735 | Q50: ='4.3.1.1-2 Methane'!R114 -> 9.0270202 | R50: ='4.3.1.1-2 Methane'!S114 -> 5.4143473 | S50: ='4.3.1.1-2 Methane'!T114 -> kg DM/head/day
D52: Table_MR_j
D53: Increase in metabolic rate when producing milk
D54: Milking cows | E54: Heifers > 1 year | F54: Heifers < 1 year | G54: Bulls > 1 year | H54: Bulls < 1 year
D55: ='Constants - Dairy'!$E$108 -> 1.1 | E55: ='Constants - Dairy'!$E$109 -> 1 | F55: ='Constants - Dairy'!$E$109 -> 1 | G55: ='Constants - Dairy'!$E$109 -> 1 | H55: ='Constants - Dairy'!$E$109 -> 1 | I55: =G44
D57: M1_Table_MI_j
D58: Additional intake for milk production (Method 1)
D59: Milking cows | E59: Heifers > 1 year | F59: Heifers < 1 year | G59: Bulls > 1 year | H59: Bulls < 1 year
D60: ='4.3.1.1-2 Methane'!D79 -> 9.5798722 | E60: ='4.3.1.1-2 Methane'!E79 -> 0 | F60: ='4.3.1.1-2 Methane'!F79 -> 0 | G60: ='4.3.1.1-2 Methane'!G79 -> 0 | H60: ='4.3.1.1-2 Methane'!H79 -> 0 | I60: ='4.3.1.1-2 Methane'!I79 -> kg DM/head/day
D62: M1_Table_L_j | N62: M2_Table_L_j
D63: Intake relative to maintenance (Method 1) | N63: Intake relative to maintenance (Method 2)
D64: Milking cows | E64: Heifers > 1 year | F64: Heifers < 1 year | G64: Bulls > 1 year | H64: Bulls < 1 year | N64: Milking cows | O64: Heifers > 1 year | P64: Heifers < 1 year | Q64: Bulls > 1 year | R64: Bulls < 1 year
D65: {=MMS_Dairy_N2ODirect_Equations.VEERG_4_3_1_3__7_IntakeRelativeToMaintenance(D50,D19,D55,D60)} -> 1.001709 | E65: {=MMS_Dairy_N2ODirect_Equations.VEERG_4_3_1_3__7_IntakeRelativeToMaintenance(E50,E19,E55,E60)} -> 1.1546862 | F65: {=MMS_Dairy_N2ODirect_Equations.VEERG_4_3_1_3__7_IntakeRelativeToMaintenance(F50,F19,F55,F60)} -> 1.2063003 | G65: {=MMS_Dairy_N2ODirect_Equations.VEERG_4_3_1_3__7_IntakeRelativeToMaintenance(G50,G19,G55,G60)} -> 1.021303 | H65: {=MMS_Dairy_N2ODirect_Equations.VEERG_4_3_1_3__7_IntakeRelativeToMaintenance(H50,H19,H55,H60)} -> 1.2576571 | I65: =$E$40 -> ratio | N65: {=MMS_Dairy_N2ODirect_Equations.VEERG_4_3_1_3__7_IntakeRelativeToMaintenance(N50,N19,D55,D60)} -> 1.001709 | O65: {=MMS_Dairy_N2ODirect_Equations.VEERG_4_3_1_3__7_IntakeRelativeToMaintenance(O50,O19,E55,E60)} -> 1.1546862 | P65: {=MMS_Dairy_N2ODirect_Equations.VEERG_4_3_1_3__7_IntakeRelativeToMaintenance(P50,P19,F55,F60)} -> 1.2063003 | Q65: {=MMS_Dairy_N2ODirect_Equations.VEERG_4_3_1_3__7_IntakeRelativeToMaintenance(Q50,Q19,G55,G60)} -> 1.021303 | R65: {=MMS_Dairy_N2ODirect_Equations.VEERG_4_3_1_3__7_IntakeRelativeToMaintenance(R50,R19,H55,H60)} -> 1.2576571 | S65: =$E$40 -> ratio
A67: =HYPERLINK("#A1", "▲ Back to top") -> ▲ Back to top
D69: {=MMS_Dairy_N2ODirect_Equations.VEERG_4_3_1_3__6_NitrogenRetainedByBody_Title()} -> Amount of nitrogen retained by the body
D70: {=MMS_Dairy_N2ODirect_Equations.VEERG_4_3_1_3__6_NitrogenRetainedByBody_Source()} -> VEERG 2026: 4.3.1.3, Equation (6)
D71: {=MMS_Dairy_N2ODirect_Equations.VEERG_4_3_1_3__6_NitrogenRetainedByBody_Variation()} -> VARIATION ON SOURCE: Added check for milk production input unit and choose corresponding MP_j value accordingly.
D72: Function name | E72: {=Common_InputFunctions.Utility_DisplayFunctionName(D103)} -> =MMS_Dairy_N2ODirect_Equations.VEERG_4_3_1_3__6_NitrogenRetainedByBody
D75: Variable | E75: {=MMS_Dairy_N2ODirect_Equations.VEERG_4_3_1_3__6_NitrogenRetainedByBody_Variable()} -> NR_j
D76: Unit | E76: {=MMS_Dairy_N2ODirect_Equations.VEERG_4_3_1_3__6_NitrogenRetainedByBody_Unit()} -> kg N/head/day
D78: {=_xlfn.CHOOSECOLS(MMS_Dairy_N2ODirect_Equations.VEERG_4_3_1_3__6_NitrogenRetainedByBody_Arguments(),1,2)} -> MPU | E78: input milk production unit | G78: {=_xlfn.CHOOSECOLS(MMS_Dairy_N2ODirect_Equations.VEERG_4_3_1_3__6_NitrogenRetainedByBody_Arguments(),3,4)} | H78: Input | I78: ='Input - Dairy'!$E$49 -> Litres of milk
D79: MP_j | E79: milk production (if input as litres of milk) | G79: L/head/day | H79: Input | I79: {=HYPERLINK(Common_InputFunctions.Utility_SourceHyperlink($D$90),$D$90)} -> Table_MP_j
D80: MP_j | E80: milk production (if input as milk solids) | G80: L/head/day | H80: Calculated from 3.3.1.1 (5) | I80: {=HYPERLINK(Common_InputFunctions.Utility_SourceHyperlink($D$85),$D$85)} -> M1_Table_MP_j_from_solids
D81: L_j | E81: intake relative to maintenance | H81: Calculated from 4.3.1.3 (7) | I81: {=HYPERLINK(Common_InputFunctions.Utility_SourceHyperlink($D$62),$D$62)} -> M1_Table_L_j
D82: Z_j | E82: relative size | H82: Calculated from 4.3.1.3 (8) | I82: {=HYPERLINK(Common_InputFunctions.Utility_SourceHyperlink($D$26),$D$26)} -> M1_Table_Z_j
D83: LWG_j | E83: liveweight gain | G83: kg/head/day | H83: Input | I83: {=HYPERLINK(Common_InputFunctions.Utility_SourceHyperlink($D$95),$D$95)} -> M1_Table_LWG_j
D85: M1_Table_MP_j_from_solids | N85: M2_Table_MP_j_from_solids
D86: Milk production from milk solids (Method 1) | N86: Milk production from milk solids (Method 2)
D87: Milking cows | E87: Heifers > 1 year | F87: Heifers < 1 year | G87: Bulls > 1 year | H87: Bulls < 1 year | N87: Milking cows | O87: Heifers > 1 year | P87: Heifers < 1 year | Q87: Bulls > 1 year | R87: Bulls < 1 year
D88: ='4.3.1.1-2 Methane'!D50 -> 0 | E88: 0 | F88: 0 | G88: 0 | H88: 0 | I88: =$G$80 -> L/head/day | N88: ='4.3.1.1-2 Methane'!O50 -> 0 | O88: 0 | P88: 0 | Q88: 0 | R88: 0 | S88: =$G$80 -> L/head/day
D90: Table_MP_j
D91: Milk production
D92: Milking cows | E92: Heifers > 1 year | F92: Heifers < 1 year | G92: Bulls > 1 year | H92: Bulls < 1 year
D93: ='4.3.1.1-2 Methane'!D74 -> 20 | E93: 0 | F93: 0 | G93: 0 | H93: 0 | I93: =$G$79 -> L/head/day
D95: M1_Table_LWG_j | N95: M2_Table_LWG_j
D96: Liveweight gain for each animal class j (Method 1) | N96: Liveweight gain for each animal class j (Method 2)
D97: Milking cows | E97: Heifers > 1 year | F97: Heifers < 1 year | G97: Bulls > 1 year | H97: Bulls < 1 year | N97: Milking cows | O97: Heifers > 1 year | P97: Heifers < 1 year | Q97: Bulls > 1 year | R97: Bulls < 1 year
A98: =HYPERLINK("#A1", "▲ Back to top") -> ▲ Back to top | D98: ='Input - Dairy'!$E$15 -> 0.016 | E98: ='Input - Dairy'!$F$15 -> 0.6 | F98: ='Input - Dairy'!$G$15 -> 0.57 | G98: ='Input - Dairy'!$H$15 -> 0.1 | H98: ='Input - Dairy'!$I$15 -> 0.8 | I98: =$G$83 -> kg/head/day | N98: ='Input - Dairy'!$E$19 -> 0.016 | O98: ='Input - Dairy'!$F$19 -> 0.6 | P98: ='Input - Dairy'!$G$19 -> 0.57 | Q98: ='Input - Dairy'!$H$19 -> 0.1 | R98: ='Input - Dairy'!$I$19 -> 0.8 | S98: =$G$83 -> kg/head/day
D100: M1_Table_NR_j | N100: M2_Table_NR_j
D101: Nitrogen retained in the body for each animal class j (Method 1) | N101: Nitrogen retained in the body for each animal class j (Method 2)
D102: Milking cows | E102: Heifers > 1 year | F102: Heifers < 1 year | G102: Bulls > 1 year | H102: Bulls < 1 year | N102: Milking cows | O102: Heifers > 1 year | P102: Heifers < 1 year | Q102: Bulls > 1 year | R102: Bulls < 1 year
D103: {=MMS_Dairy_N2ODirect_Equations.VEERG_4_3_1_3__6_NitrogenRetainedByBody(IF($I$78="Milk solids", D88, D93),D65,D29,D98)} -> 0.016714976 | E103: {=MMS_Dairy_N2ODirect_Equations.VEERG_4_3_1_3__6_NitrogenRetainedByBody(IF($I$78="Milk solids", E88, E93),E65,E29,E98)} -> 0.0087932412 | F103: {=MMS_Dairy_N2ODirect_Equations.VEERG_4_3_1_3__6_NitrogenRetainedByBody(IF($I$78="Milk solids", F88, F93),F65,F29,F98)} -> 0.014575548 | G103: {=MMS_Dairy_N2ODirect_Equations.VEERG_4_3_1_3__6_NitrogenRetainedByBody(IF($I$78="Milk solids", G88, G93),G65,G29,G98)} -> 0.0012626203 | H103: {=MMS_Dairy_N2ODirect_Equations.VEERG_4_3_1_3__6_NitrogenRetainedByBody(IF($I$78="Milk solids", H88, H93),H65,H29,H98)} -> 0.019757355 | I103: =$E$76 -> kg N/head/day | N103: {=MMS_Dairy_N2ODirect_Equations.VEERG_4_3_1_3__6_NitrogenRetainedByBody(IF($I$78="Milk solids",N88,D93),N65,N29,N98)} -> 0.016714976 | O103: {=MMS_Dairy_N2ODirect_Equations.VEERG_4_3_1_3__6_NitrogenRetainedByBody(IF($I$78="Milk solids",O88,E93),O65,O29,O98)} -> 0.0087932412 | P103: {=MMS_Dairy_N2ODirect_Equations.VEERG_4_3_1_3__6_NitrogenRetainedByBody(IF($I$78="Milk solids",P88,F93),P65,P29,P98)} -> 0.014575548 | Q103: {=MMS_Dairy_N2ODirect_Equations.VEERG_4_3_1_3__6_NitrogenRetainedByBody(IF($I$78="Milk solids",Q88,G93),Q65,Q29,Q98)} -> 0.0012626203 | R103: {=MMS_Dairy_N2ODirect_Equations.VEERG_4_3_1_3__6_NitrogenRetainedByBody(IF($I$78="Milk solids",R88,H93),R65,R29,R98)} -> 0.019757355 | S103: =$E$76 -> kg N/head/day
D107: {=MMS_Dairy_N2ODirect_Equations.VEERG_4_3_1_3__5_CrudeProteinIntakeOfDairyCattle_Title()} -> Crude protein intake of dairy cattle
D108: {=MMS_Dairy_N2ODirect_Equations.VEERG_4_3_1_3__5_CrudeProteinIntakeOfDairyCattle_Source()} -> VEERG 2026: 4.3.1.3, Equation (5)
D109: Function name | E109: {=Common_InputFunctions.Utility_DisplayFunctionName(D126)} -> =MMS_Dairy_N2ODirect_Equations.VEERG_4_3_1_3__5_CrudeProteinIntakeOfDairyCattle
D112: Variable | E112: {=MMS_Dairy_N2ODirect_Equations.VEERG_4_3_1_3__5_CrudeProteinIntakeOfDairyCattle_Variable()} -> CPI_j
D113: Unit | E113: {=MMS_Dairy_N2ODirect_Equations.VEERG_4_3_1_3__5_CrudeProteinIntakeOfDairyCattle_Unit()} -> kg/head/day
D115: {=MMS_Dairy_N2ODirect_Equations.VEERG_4_3_1_3__5_CrudeProteinIntakeOfDairyCattle_Arguments()} -> I_j | E115: dry matter intake | F115: kgDM/head/day | G115: Calculated from 3.3.1.1 (3) | H115: {=HYPERLINK(Common_InputFunctions.Utility_SourceHyperlink($D$47),$D$47)} -> M1_Table_I_j
D116: CP_j | E116: crude protein content of feed intake | F116: fraction | G116: Input | H116: {=HYPERLINK(Common_InputFunctions.Utility_SourceHyperlink($D$118),$D$118)} -> M1_Table_CP_j
D118: M1_Table_CP_j | N118: M2_Table_CP_j
D119: Crude protein content of feed intake for each animal class j (Method 1) | N119: Crude protein content of feed intake for each animal class j (Method 2)
D120: Milking cows | E120: Heifers > 1 year | F120: Heifers < 1 year | G120: Bulls > 1 year | H120: Bulls < 1 year | N120: Milking cows | O120: Heifers > 1 year | P120: Heifers < 1 year | Q120: Bulls > 1 year | R120: Bulls < 1 year
A121: =HYPERLINK("#A1", "▲ Back to top") -> ▲ Back to top | D121: ='Input - Dairy'!E37 -> 0.2 | E121: ='Input - Dairy'!F37 -> 0.2 | F121: ='Input - Dairy'!G37 -> 0.2 | G121: ='Input - Dairy'!H37 -> 0.2 | H121: ='Input - Dairy'!I37 -> 0.2 | I121: =$F$116 -> fraction | N121: ='Input - Dairy'!E41 -> 0.2 | O121: ='Input - Dairy'!F41 -> 0.2 | P121: ='Input - Dairy'!G41 -> 0.2 | Q121: ='Input - Dairy'!H41 -> 0.2 | R121: ='Input - Dairy'!I41 -> 0.2 | S121: =$F$116 -> fraction
D123: M1_Table_CPI_j | N123: M2_Table_CPI_j
D124: Crude protein intake for each animal class j (Method 1) | N124: Crude protein intake for each animal class j (Method 2)
D125: Milking cows | E125: Heifers > 1 year | F125: Heifers < 1 year | G125: Bulls > 1 year | H125: Bulls < 1 year | N125: Milking cows | O125: Heifers > 1 year | P125: Heifers < 1 year | Q125: Bulls > 1 year | R125: Bulls < 1 year
D126: {=MMS_Dairy_N2ODirect_Equations.VEERG_4_3_1_3__5_CrudeProteinIntakeOfDairyCattle(D50,D121)} -> 3.7668635 | E126: {=MMS_Dairy_N2ODirect_Equations.VEERG_4_3_1_3__5_CrudeProteinIntakeOfDairyCattle(E50,E121)} -> 1.4837737 | F126: {=MMS_Dairy_N2ODirect_Equations.VEERG_4_3_1_3__5_CrudeProteinIntakeOfDairyCattle(F50,F121)} -> 0.80463469 | G126: {=MMS_Dairy_N2ODirect_Equations.VEERG_4_3_1_3__5_CrudeProteinIntakeOfDairyCattle(G50,G121)} -> 1.805404 | H126: {=MMS_Dairy_N2ODirect_Equations.VEERG_4_3_1_3__5_CrudeProteinIntakeOfDairyCattle(H50,H121)} -> 1.0828695 | I126: =$E$113 -> kg/head/day | N126: {=MMS_Dairy_N2ODirect_Equations.VEERG_4_3_1_3__5_CrudeProteinIntakeOfDairyCattle(N50,N121)} -> 3.7668635 | O126: {=MMS_Dairy_N2ODirect_Equations.VEERG_4_3_1_3__5_CrudeProteinIntakeOfDairyCattle(O50,O121)} -> 1.4837737 | P126: {=MMS_Dairy_N2ODirect_Equations.VEERG_4_3_1_3__5_CrudeProteinIntakeOfDairyCattle(P50,P121)} -> 0.80463469 | Q126: {=MMS_Dairy_N2ODirect_Equations.VEERG_4_3_1_3__5_CrudeProteinIntakeOfDairyCattle(Q50,Q121)} -> 1.805404 | R126: {=MMS_Dairy_N2ODirect_Equations.VEERG_4_3_1_3__5_CrudeProteinIntakeOfDairyCattle(R50,R121)} -> 1.0828695 | S126: =$E$113 -> kg/head/day
D130: {=MMS_Dairy_N2ODirect_Equations.VEERG_4_3_1_3__4_NitrogenExcretedByDairyCattleGreaterThanOneYear_Title()} -> Nitrogen excreted by dairy cattle greater than one year old
D131: {=MMS_Dairy_N2ODirect_Equations.VEERG_4_3_1_3__4_NitrogenExcretedByDairyCattleGreaterThanOneYear_Source()} -> VEERG 2026: 4.3.1.3, Equation (4)
D132: Function name | E132: {=Common_InputFunctions.Utility_DisplayFunctionName(D146)} -> =MMS_Dairy_N2ODirect_Equations.VEERG_4_3_1_3__4_NitrogenExcretedByDairyCattleGreaterThanOneYear
D136: Variable | E136: {=MMS_Dairy_N2ODirect_Equations.VEERG_4_3_1_3__4_NitrogenExcretedByDairyCattleGreaterThanOneYear_Variable()} -> NE_j
...

Sheet 4.3.1.5 Atmos deposition
A1: #VALUE! | C1: 4.3.1.5 Manure Atmospheric Deposition
A3: =HYPERLINK("#'Home'!A1", "Home") -> Home | D3: Method 1 | O3: Method 2
A4: =HYPERLINK("#'Overview'!A1", "Overview") -> Overview
A5: =HYPERLINK("#'Results'!A1", "Results") -> Results | D5: {=MMS_Dairy_AtmosphericDeposition_Equations.VEERG_4_3_1_5__2_TotalNitrogenVolatilisedFromMMS_Title()} -> Total nitrogen volatilised from MMS
D6: {=MMS_Dairy_AtmosphericDeposition_Equations.VEERG_4_3_1_5__2_TotalNitrogenVolatilisedFromMMS_Source()} -> VEERG 2026: 4.3.1.5, Equation (2)
A7: INPUTS | D7: Function name | E7: {=Common_InputFunctions.Utility_DisplayFunctionName(F40)} -> =MMS_Dairy_AtmosphericDeposition_Equations.VEERG_4_3_1_5__2_TotalNitrogenVolatilisedFromMMS
A8: =HYPERLINK("#'Input - Site'!A1", "Site") -> Site
A9: =HYPERLINK("#'Input - Dairy'!A1", "Dairy") -> Dairy
D10: Variable | E10: {=MMS_Dairy_AtmosphericDeposition_Equations.VEERG_4_3_1_5__2_TotalNitrogenVolatilisedFromMMS_Variable()} -> MN_ATMOS
A11: CALCULATIONS | D11: Unit | E11: {=MMS_Dairy_AtmosphericDeposition_Equations.VEERG_4_3_1_5__2_TotalNitrogenVolatilisedFromMMS_Unit()} -> kg N
A12: =HYPERLINK("#'4.3.1.1-2 Methane'!A1", "4.3.1.1-2 Methane") -> 4.3.1.1-2 Methane
A13: =HYPERLINK("#'4.3.1.3-4 Direct N20'!A1", "4.3.1.3-4 Direct N2O") -> 4.3.1.3-4 Direct N2O | D13: {=_xlfn.CHOOSECOLS(MMS_Dairy_AtmosphericDeposition_Equations.VEERG_4_3_1_5__2_TotalNitrogenVolatilisedFromMMS_Arguments(),1,2)} -> MN_jm | E13: total nitrogen in each MMS for dairy cattle classes | G13: {=_xlfn.CHOOSECOLS(MMS_Dairy_AtmosphericDeposition_Equations.VEERG_4_3_1_5__2_TotalNitrogenVolatilisedFromMMS_Arguments(),3,4)} -> kg N | H13: Calculated from 4.3.1.3 (2) | I13: {=HYPERLINK(Common_InputFunctions.Utility_SourceHyperlink(D$16),D$16)} -> M1_Table_MN_j_m
A14: =HYPERLINK("#'4.3.1.5 Atmos Deposition'!A1", "4.3.1.5 Atmospheric deposition") -> 4.3.1.5 Atmospheric deposition | D14: FracGASM_m | E14: fraction of N volatilised from MMS | G14: fraction | H14: Constant | I14: {=HYPERLINK(Common_InputFunctions.Utility_SourceHyperlink($D$28),$D$28)} -> Table_FracGASM_m
A15: =HYPERLINK("#'4.3.1.6-7 Leaching and runoff'!A1", "4.3.1.6-7 Leaching and runoff") -> 4.3.1.6-7 Leaching and runoff
A16: =HYPERLINK("#'4.3.1.8 Manure applied to soils'!A1", "4.3.1.8 Manure applied to soils") -> 4.3.1.8 Manure applied to soils | D16: M1_Table_MN_j_m | O16: M2_Table_MN_j_m
A17: =HYPERLINK("#'4.3.1.9 Soil direct N2O'!A1", "4.3.1.9 Soil direct N2O") -> 4.3.1.9 Soil direct N2O | D17: Total nitrogen in each MMS (Method 1) | O17: Total nitrogen in each MMS (Method 2)
A18: =HYPERLINK("#'4.3.1.10-11 Soil Atmos Dep'!A1", "4.3.1.10-11 Soil atm. deposition") -> 4.3.1.10-11 Soil atm. deposition | D18: Production system | E18: MMS | F18: Milking cows | G18: Heifers > 1 year | H18: Heifers < 1 year | I18: Bulls > 1 year | J18: Bulls < 1 year | O18: Production system | P18: MMS | Q18: Milking cows | R18: Heifers > 1 year | S18: Heifers < 1 year | T18: Bulls > 1 year | U18: Bulls < 1 year
A19: =HYPERLINK("#'4.3.1.12-13 Soil leach runoff'!A1", "4.3.1.12-13 Soil leach & runoff") -> 4.3.1.12-13 Soil leach & runoff | D19: ='Input - Dairy'!$D$66 -> Milking shed | E19: ='Input - Dairy'!$D$81 -> Anaerobic lagoon | F19: ='4.3.1.3-4 Direct N20'!$F$243 -> 586.17426 | G19: ='4.3.1.3-4 Direct N20'!$G$243 -> 227.94738 | H19: ='4.3.1.3-4 Direct N20'!$H$243 -> 90.78903 | I19: ='4.3.1.3-4 Direct N20'!$I$243 -> 286.53887 | J19: ='4.3.1.3-4 Direct N20'!$J$243 -> 119.95357 | K19: =$G$13 -> kg N | O19: ='Input - Dairy'!$D$66 -> Milking shed | P19: ='Input - Dairy'!$D$81 -> Anaerobic lagoon | Q19: ='4.3.1.3-4 Direct N20'!$P$243 -> 586.17426 | R19: ='4.3.1.3-4 Direct N20'!$Q$243 -> 227.94738 | S19: ='4.3.1.3-4 Direct N20'!$R$243 -> 90.78903 | T19: ='4.3.1.3-4 Direct N20'!$S$243 -> 286.53887 | U19: ='4.3.1.3-4 Direct N20'!$T$243 -> 119.95357 | V19: =$G$13 -> kg N
D20: ='Input - Dairy'!$D$66 -> Milking shed | E20: ='Input - Dairy'!$D$86 -> Sump and dispersal system | F20: ='4.3.1.3-4 Direct N20'!$F$244 -> 468.93941 | G20: ='4.3.1.3-4 Direct N20'!$G$244 -> 182.3579 | H20: ='4.3.1.3-4 Direct N20'!$H$244 -> 72.631224 | I20: ='4.3.1.3-4 Direct N20'!$I$244 -> 229.2311 | J20: ='4.3.1.3-4 Direct N20'!$J$244 -> 95.962857 | O20: ='Input - Dairy'!$D$66 -> Milking shed | P20: ='Input - Dairy'!$D$86 -> Sump and dispersal system | Q20: ='4.3.1.3-4 Direct N20'!$P$244 -> 468.93941 | R20: ='4.3.1.3-4 Direct N20'!$Q$244 -> 182.3579 | S20: ='4.3.1.3-4 Direct N20'!$R$244 -> 72.631224 | T20: ='4.3.1.3-4 Direct N20'!$S$244 -> 229.2311 | U20: ='4.3.1.3-4 Direct N20'!$T$244 -> 95.962857
A21: APPENDICES | D21: ='Input - Dairy'!$D$66 -> Milking shed | E21: ='Input - Dairy'!$D$91 -> Drains to paddock | F21: ='4.3.1.3-4 Direct N20'!$F$245 -> 468.93941 | G21: ='4.3.1.3-4 Direct N20'!$G$245 -> 182.3579 | H21: ='4.3.1.3-4 Direct N20'!$H$245 -> 72.631224 | I21: ='4.3.1.3-4 Direct N20'!$I$245 -> 229.2311 | J21: ='4.3.1.3-4 Direct N20'!$J$245 -> 95.962857 | O21: ='Input - Dairy'!$D$66 -> Milking shed | P21: ='Input - Dairy'!$D$91 -> Drains to paddock | Q21: ='4.3.1.3-4 Direct N20'!$P$245 -> 468.93941 | R21: ='4.3.1.3-4 Direct N20'!$Q$245 -> 182.3579 | S21: ='4.3.1.3-4 Direct N20'!$R$245 -> 72.631224 | T21: ='4.3.1.3-4 Direct N20'!$S$245 -> 229.2311 | U21: ='4.3.1.3-4 Direct N20'!$T$245 -> 95.962857
A22: =HYPERLINK("#'Constants - Dairy'!A1", "Constants - Dairy") -> Constants - Dairy | D22: ='Input - Dairy'!$D$66 -> Milking shed | E22: Solid storage | F22: ='4.3.1.3-4 Direct N20'!$F$246 -> 820.64397 | G22: ='4.3.1.3-4 Direct N20'!$G$246 -> 319.12633 | H22: ='4.3.1.3-4 Direct N20'!$H$246 -> 127.10464 | I22: ='4.3.1.3-4 Direct N20'!$I$246 -> 401.15442 | J22: ='4.3.1.3-4 Direct N20'!$J$246 -> 167.935 | O22: ='Input - Dairy'!$D$66 -> Milking shed | P22: Solid storage | Q22: ='4.3.1.3-4 Direct N20'!$P$246 -> 820.64397 | R22: ='4.3.1.3-4 Direct N20'!$Q$246 -> 319.12633 | S22: ='4.3.1.3-4 Direct N20'!$R$246 -> 127.10464 | T22: ='4.3.1.3-4 Direct N20'!$S$246 -> 401.15442 | U22: ='4.3.1.3-4 Direct N20'!$T$246 -> 167.935
A23: =HYPERLINK("#'Constants - Livestock'!A1", "Constants - Livestock") -> Constants - Livestock | D23: ='Input - Dairy'!$D$67 -> Feed pad | E23: ='Input - Dairy'!$D$105 -> Anaerobic lagoon | F23: ='4.3.1.3-4 Direct N20'!$F$247 -> 1517.6584 | G23: ='4.3.1.3-4 Direct N20'!$G$247 -> 590.17649 | H23: ='4.3.1.3-4 Direct N20'!$H$247 -> 235.06105 | I23: ='4.3.1.3-4 Direct N20'!$I$247 -> 741.87518 | J23: ='4.3.1.3-4 Direct N20'!$J$247 -> 310.5707 | O23: ='Input - Dairy'!$D$67 -> Feed pad | P23: ='Input - Dairy'!$D$105 -> Anaerobic lagoon | Q23: ='4.3.1.3-4 Direct N20'!$P$247 -> 1517.6584 | R23: ='4.3.1.3-4 Direct N20'!$Q$247 -> 590.17649 | S23: ='4.3.1.3-4 Direct N20'!$R$247 -> 235.06105 | T23: ='4.3.1.3-4 Direct N20'!$S$247 -> 741.87518 | U23: ='4.3.1.3-4 Direct N20'!$T$247 -> 310.5707
A24: =HYPERLINK("#'Constants - Common'!A1", "Constants - Common") -> Constants - Common | D24: ='Input - Dairy'!$D$67 -> Feed pad | E24: ='Input - Dairy'!$D$110 -> Sump and dispersal system | F24: ='4.3.1.3-4 Direct N20'!$F$248 -> 1517.6584 | G24: ='4.3.1.3-4 Direct N20'!$G$248 -> 590.17649 | H24: ='4.3.1.3-4 Direct N20'!$H$248 -> 235.06105 | I24: ='4.3.1.3-4 Direct N20'!$I$248 -> 741.87518 | J24: ='4.3.1.3-4 Direct N20'!$J$248 -> 310.5707 | O24: ='Input - Dairy'!$D$67 -> Feed pad | P24: ='Input - Dairy'!$D$110 -> Sump and dispersal system | Q24: ='4.3.1.3-4 Direct N20'!$P$248 -> 1517.6584 | R24: ='4.3.1.3-4 Direct N20'!$Q$248 -> 590.17649 | S24: ='4.3.1.3-4 Direct N20'!$R$248 -> 235.06105 | T24: ='4.3.1.3-4 Direct N20'!$S$248 -> 741.87518 | U24: ='4.3.1.3-4 Direct N20'!$T$248 -> 310.5707
A25: =HYPERLINK("#'Acknowledgements'!A1", "Acknowledgements") -> Acknowledgements | D25: ='Input - Dairy'!$D$67 -> Feed pad | E25: ='Input - Dairy'!$D$115 -> Drains to paddock | F25: ='4.3.1.3-4 Direct N20'!$F$249 -> 1517.6584 | G25: ='4.3.1.3-4 Direct N20'!$G$249 -> 590.17649 | H25: ='4.3.1.3-4 Direct N20'!$H$249 -> 235.06105 | I25: ='4.3.1.3-4 Direct N20'!$I$249 -> 741.87518 | J25: ='4.3.1.3-4 Direct N20'!$J$249 -> 310.5707 | O25: ='Input - Dairy'!$D$67 -> Feed pad | P25: ='Input - Dairy'!$D$115 -> Drains to paddock | Q25: ='4.3.1.3-4 Direct N20'!$P$249 -> 1517.6584 | R25: ='4.3.1.3-4 Direct N20'!$Q$249 -> 590.17649 | S25: ='4.3.1.3-4 Direct N20'!$R$249 -> 235.06105 | T25: ='4.3.1.3-4 Direct N20'!$S$249 -> 741.87518 | U25: ='4.3.1.3-4 Direct N20'!$T$249 -> 310.5707
D26: ='Input - Dairy'!$D$67 -> Feed pad | E26: Solid storage | F26: ='4.3.1.3-4 Direct N20'!$F$250 -> 3035.3169 | G26: ='4.3.1.3-4 Direct N20'!$G$250 -> 1180.353 | H26: ='4.3.1.3-4 Direct N20'!$H$250 -> 470.12211 | I26: ='4.3.1.3-4 Direct N20'!$I$250 -> 1483.7504 | J26: ='4.3.1.3-4 Direct N20'!$J$250 -> 621.1414 | O26: ='Input - Dairy'!$D$67 -> Feed pad | P26: Solid storage | Q26: ='4.3.1.3-4 Direct N20'!$P$250 -> 3035.3169 | R26: ='4.3.1.3-4 Direct N20'!$Q$250 -> 1180.353 | S26: ='4.3.1.3-4 Direct N20'!$R$250 -> 470.12211 | T26: ='4.3.1.3-4 Direct N20'!$S$250 -> 1483.7504 | U26: ='4.3.1.3-4 Direct N20'!$T$250 -> 621.1414
D28: Table_FracGASM_m
D29: Fraction N volatilised from each MS
D30: MMS | E30: FracGASMm
D31: {=Table_SourceData_Dairy_EFmFracGASM[NIR reference]} -> Pasture range and paddock | E31: {=Table_SourceData_Dairy_EFmFracGASM[FracGASMm]} -> 0 | F31: =G14 -> fraction
D32: Anaerobic lagoon | E32: 0.35
D33: Sump and dispersal system | E33: 0.07
D34: Drains to paddock | E34: 0.2
D35: Solid storage | E35: 0.3
D37: M1_Table_MN_atmos | O37: M2_Table_MN_atmos
D38: Total nitrogen volatilised from each MMS (Method 1) | O38: Total nitrogen volatilised from each MMS (Method 2)
D39: Production system | E39: MMS | F39: Milking cows | G39: Heifers > 1 year | H39: Heifers < 1 year | I39: Bulls > 1 year | J39: Bulls < 1 year | O39: Production system | P39: MMS | Q39: Milking cows | R39: Heifers > 1 year | S39: Heifers < 1 year | T39: Bulls > 1 year | U39: Bulls < 1 year
D40: ='Input - Dairy'!$D$66 -> Milking shed | E40: ='Input - Dairy'!$D$81 -> Anaerobic lagoon | F40: {=MMS_Dairy_AtmosphericDeposition_Equations.VEERG_4_3_1_5__2_TotalNitrogenVolatilisedFromMMS(F19,$E32)} -> 205.16099 | G40: {=MMS_Dairy_AtmosphericDeposition_Equations.VEERG_4_3_1_5__2_TotalNitrogenVolatilisedFromMMS(G19,$E32)} -> 79.781582 | H40: {=MMS_Dairy_AtmosphericDeposition_Equations.VEERG_4_3_1_5__2_TotalNitrogenVolatilisedFromMMS(H19,$E32)} -> 31.776161 | I40: {=MMS_Dairy_AtmosphericDeposition_Equations.VEERG_4_3_1_5__2_TotalNitrogenVolatilisedFromMMS(I19,$E32)} -> 100.2886 | J40: {=MMS_Dairy_AtmosphericDeposition_Equations.VEERG_4_3_1_5__2_TotalNitrogenVolatilisedFromMMS(J19,$E32)} -> 41.98375 | K40: =$E$11 -> kg N | O40: ='Input - Dairy'!$D$66 -> Milking shed | P40: ='Input - Dairy'!$D$81 -> Anaerobic lagoon | Q40: {=MMS_Dairy_AtmosphericDeposition_Equations.VEERG_4_3_1_5__2_TotalNitrogenVolatilisedFromMMS(Q19,$E32)} -> 205.16099 | R40: {=MMS_Dairy_AtmosphericDeposition_Equations.VEERG_4_3_1_5__2_TotalNitrogenVolatilisedFromMMS(R19,$E32)} -> 79.781582 | S40: {=MMS_Dairy_AtmosphericDeposition_Equations.VEERG_4_3_1_5__2_TotalNitrogenVolatilisedFromMMS(S19,$E32)} -> 31.776161 | T40: {=MMS_Dairy_AtmosphericDeposition_Equations.VEERG_4_3_1_5__2_TotalNitrogenVolatilisedFromMMS(T19,$E32)} -> 100.2886 | U40: {=MMS_Dairy_AtmosphericDeposition_Equations.VEERG_4_3_1_5__2_TotalNitrogenVolatilisedFromMMS(U19,$E32)} -> 41.98375 | V40: =$E$11 -> kg N
D41: ='Input - Dairy'!$D$66 -> Milking shed | E41: ='Input - Dairy'!$D$86 -> Sump and dispersal system | F41: {=MMS_Dairy_AtmosphericDeposition_Equations.VEERG_4_3_1_5__2_TotalNitrogenVolatilisedFromMMS(F20,$E33)} -> 32.825759 | G41: {=MMS_Dairy_AtmosphericDeposition_Equations.VEERG_4_3_1_5__2_TotalNitrogenVolatilisedFromMMS(G20,$E33)} -> 12.765053 | H41: {=MMS_Dairy_AtmosphericDeposition_Equations.VEERG_4_3_1_5__2_TotalNitrogenVolatilisedFromMMS(H20,$E33)} -> 5.0841857 | I41: {=MMS_Dairy_AtmosphericDeposition_Equations.VEERG_4_3_1_5__2_TotalNitrogenVolatilisedFromMMS(I20,$E33)} -> 16.046177 | J41: {=MMS_Dairy_AtmosphericDeposition_Equations.VEERG_4_3_1_5__2_TotalNitrogenVolatilisedFromMMS(J20,$E33)} -> 6.7174 | O41: ='Input - Dairy'!$D$66 -> Milking shed | P41: ='Input - Dairy'!$D$86 -> Sump and dispersal system | Q41: {=MMS_Dairy_AtmosphericDeposition_Equations.VEERG_4_3_1_5__2_TotalNitrogenVolatilisedFromMMS(Q20,$E33)} -> 32.825759 | R41: {=MMS_Dairy_AtmosphericDeposition_Equations.VEERG_4_3_1_5__2_TotalNitrogenVolatilisedFromMMS(R20,$E33)} -> 12.765053 | S41: {=MMS_Dairy_AtmosphericDeposition_Equations.VEERG_4_3_1_5__2_TotalNitrogenVolatilisedFromMMS(S20,$E33)} -> 5.0841857 | T41: {=MMS_Dairy_AtmosphericDeposition_Equations.VEERG_4_3_1_5__2_TotalNitrogenVolatilisedFromMMS(T20,$E33)} -> 16.046177 | U41: {=MMS_Dairy_AtmosphericDeposition_Equations.VEERG_4_3_1_5__2_TotalNitrogenVolatilisedFromMMS(U20,$E33)} -> 6.7174
D42: ='Input - Dairy'!$D$66 -> Milking shed | E42: ='Input - Dairy'!$D$91 -> Drains to paddock | F42: {=MMS_Dairy_AtmosphericDeposition_Equations.VEERG_4_3_1_5__2_TotalNitrogenVolatilisedFromMMS(F21,$E34)} -> 93.787882 | G42: {=MMS_Dairy_AtmosphericDeposition_Equations.VEERG_4_3_1_5__2_TotalNitrogenVolatilisedFromMMS(G21,$E34)} -> 36.471581 | H42: {=MMS_Dairy_AtmosphericDeposition_Equations.VEERG_4_3_1_5__2_TotalNitrogenVolatilisedFromMMS(H21,$E34)} -> 14.526245 | I42: {=MMS_Dairy_AtmosphericDeposition_Equations.VEERG_4_3_1_5__2_TotalNitrogenVolatilisedFromMMS(I21,$E34)} -> 45.846219 | J42: {=MMS_Dairy_AtmosphericDeposition_Equations.VEERG_4_3_1_5__2_TotalNitrogenVolatilisedFromMMS(J21,$E34)} -> 19.192571 | O42: ='Input - Dairy'!$D$66 -> Milking shed | P42: ='Input - Dairy'!$D$91 -> Drains to paddock | Q42: {=MMS_Dairy_AtmosphericDeposition_Equations.VEERG_4_3_1_5__2_TotalNitrogenVolatilisedFromMMS(Q21,$E34)} -> 93.787882 | R42: {=MMS_Dairy_AtmosphericDeposition_Equations.VEERG_4_3_1_5__2_TotalNitrogenVolatilisedFromMMS(R21,$E34)} -> 36.471581 | S42: {=MMS_Dairy_AtmosphericDeposition_Equations.VEERG_4_3_1_5__2_TotalNitrogenVolatilisedFromMMS(S21,$E34)} -> 14.526245 | T42: {=MMS_Dairy_AtmosphericDeposition_Equations.VEERG_4_3_1_5__2_TotalNitrogenVolatilisedFromMMS(T21,$E34)} -> 45.846219 | U42: {=MMS_Dairy_AtmosphericDeposition_Equations.VEERG_4_3_1_5__2_TotalNitrogenVolatilisedFromMMS(U21,$E34)} -> 19.192571
D43: ='Input - Dairy'!$D$66 -> Milking shed | E43: Solid storage | F43: {=MMS_Dairy_AtmosphericDeposition_Equations.VEERG_4_3_1_5__2_TotalNitrogenVolatilisedFromMMS(F22,$E35)} -> 246.19319 | G43: {=MMS_Dairy_AtmosphericDeposition_Equations.VEERG_4_3_1_5__2_TotalNitrogenVolatilisedFromMMS(G22,$E35)} -> 95.737899 | H43: {=MMS_Dairy_AtmosphericDeposition_Equations.VEERG_4_3_1_5__2_TotalNitrogenVolatilisedFromMMS(H22,$E35)} -> 38.131393 | I43: {=MMS_Dairy_AtmosphericDeposition_Equations.VEERG_4_3_1_5__2_TotalNitrogenVolatilisedFromMMS(I22,$E35)} -> 120.34633 | J43: {=MMS_Dairy_AtmosphericDeposition_Equations.VEERG_4_3_1_5__2_TotalNitrogenVolatilisedFromMMS(J22,$E35)} -> 50.3805 | O43: ='Input - Dairy'!$D$66 -> Milking shed | P43: Solid storage | Q43: {=MMS_Dairy_AtmosphericDeposition_Equations.VEERG_4_3_1_5__2_TotalNitrogenVolatilisedFromMMS(Q22,$E35)} -> 246.19319 | R43: {=MMS_Dairy_AtmosphericDeposition_Equations.VEERG_4_3_1_5__2_TotalNitrogenVolatilisedFromMMS(R22,$E35)} -> 95.737899 | S43: {=MMS_Dairy_AtmosphericDeposition_Equations.VEERG_4_3_1_5__2_TotalNitrogenVolatilisedFromMMS(S22,$E35)} -> 38.131393 | T43: {=MMS_Dairy_AtmosphericDeposition_Equations.VEERG_4_3_1_5__2_TotalNitrogenVolatilisedFromMMS(T22,$E35)} -> 120.34633 | U43: {=MMS_Dairy_AtmosphericDeposition_Equations.VEERG_4_3_1_5__2_TotalNitrogenVolatilisedFromMMS(U22,$E35)} -> 50.3805
D44: ='Input - Dairy'!$D$67 -> Feed pad | E44: ='Input - Dairy'!$D$105 -> Anaerobic lagoon | F44: {=MMS_Dairy_AtmosphericDeposition_Equations.VEERG_4_3_1_5__2_TotalNitrogenVolatilisedFromMMS(F23, $E32)} -> 531.18046 | G44: {=MMS_Dairy_AtmosphericDeposition_Equations.VEERG_4_3_1_5__2_TotalNitrogenVolatilisedFromMMS(G23, $E32)} -> 206.56177 | H44: {=MMS_Dairy_AtmosphericDeposition_Equations.VEERG_4_3_1_5__2_TotalNitrogenVolatilisedFromMMS(H23, $E32)} -> 82.271368 | I44: {=MMS_Dairy_AtmosphericDeposition_Equations.VEERG_4_3_1_5__2_TotalNitrogenVolatilisedFromMMS(I23, $E32)} -> 259.65631 | J44: {=MMS_Dairy_AtmosphericDeposition_Equations.VEERG_4_3_1_5__2_TotalNitrogenVolatilisedFromMMS(J23, $E32)} -> 108.69975 | O44: ='Input - Dairy'!$D$67 -> Feed pad | P44: ='Input - Dairy'!$D$105 -> Anaerobic lagoon | Q44: {=MMS_Dairy_AtmosphericDeposition_Equations.VEERG_4_3_1_5__2_TotalNitrogenVolatilisedFromMMS(Q23, $E32)} -> 531.18046 | R44: {=MMS_Dairy_AtmosphericDeposition_Equations.VEERG_4_3_1_5__2_TotalNitrogenVolatilisedFromMMS(R23, $E32)} -> 206.56177 | S44: {=MMS_Dairy_AtmosphericDeposition_Equations.VEERG_4_3_1_5__2_TotalNitrogenVolatilisedFromMMS(S23, $E32)} -> 82.271368 | T44: {=MMS_Dairy_AtmosphericDeposition_Equations.VEERG_4_3_1_5__2_TotalNitrogenVolatilisedFromMMS(T23, $E32)} -> 259.65631 | U44: {=MMS_Dairy_AtmosphericDeposition_Equations.VEERG_4_3_1_5__2_TotalNitrogenVolatilisedFromMMS(U23, $E32)} -> 108.69975
D45: ='Input - Dairy'!$D$67 -> Feed pad | E45: ='Input - Dairy'!$D$110 -> Sump and dispersal system | F45: {=MMS_Dairy_AtmosphericDeposition_Equations.VEERG_4_3_1_5__2_TotalNitrogenVolatilisedFromMMS(F24, $E33)} -> 106.23609 | G45: {=MMS_Dairy_AtmosphericDeposition_Equations.VEERG_4_3_1_5__2_TotalNitrogenVolatilisedFromMMS(G24, $E33)} -> 41.312354 | H45: {=MMS_Dairy_AtmosphericDeposition_Equations.VEERG_4_3_1_5__2_TotalNitrogenVolatilisedFromMMS(H24, $E33)} -> 16.454274 | I45: {=MMS_Dairy_AtmosphericDeposition_Equations.VEERG_4_3_1_5__2_TotalNitrogenVolatilisedFromMMS(I24, $E33)} -> 51.931263 | J45: {=MMS_Dairy_AtmosphericDeposition_Equations.VEERG_4_3_1_5__2_TotalNitrogenVolatilisedFromMMS(J24, $E33)} -> 21.739949 | O45: ='Input - Dairy'!$D$67 -> Feed pad | P45: ='Input - Dairy'!$D$110 -> Sump and dispersal system | Q45: {=MMS_Dairy_AtmosphericDeposition_Equations.VEERG_4_3_1_5__2_TotalNitrogenVolatilisedFromMMS(Q24, $E33)} -> 106.23609 | R45: {=MMS_Dairy_AtmosphericDeposition_Equations.VEERG_4_3_1_5__2_TotalNitrogenVolatilisedFromMMS(R24, $E33)} -> 41.312354 | S45: {=MMS_Dairy_AtmosphericDeposition_Equations.VEERG_4_3_1_5__2_TotalNitrogenVolatilisedFromMMS(S24, $E33)} -> 16.454274 | T45: {=MMS_Dairy_AtmosphericDeposition_Equations.VEERG_4_3_1_5__2_TotalNitrogenVolatilisedFromMMS(T24, $E33)} -> 51.931263 | U45: {=MMS_Dairy_AtmosphericDeposition_Equations.VEERG_4_3_1_5__2_TotalNitrogenVolatilisedFromMMS(U24, $E33)} -> 21.739949
D46: ='Input - Dairy'!$D$67 -> Feed pad | E46: ='Input - Dairy'!$D$115 -> Drains to paddock | F46: {=MMS_Dairy_AtmosphericDeposition_Equations.VEERG_4_3_1_5__2_TotalNitrogenVolatilisedFromMMS(F25, $E34)} -> 303.53169 | G46: {=MMS_Dairy_AtmosphericDeposition_Equations.VEERG_4_3_1_5__2_TotalNitrogenVolatilisedFromMMS(G25, $E34)} -> 118.0353 | H46: {=MMS_Dairy_AtmosphericDeposition_Equations.VEERG_4_3_1_5__2_TotalNitrogenVolatilisedFromMMS(H25, $E34)} -> 47.012211 | I46: {=MMS_Dairy_AtmosphericDeposition_Equations.VEERG_4_3_1_5__2_TotalNitrogenVolatilisedFromMMS(I25, $E34)} -> 148.37504 | J46: {=MMS_Dairy_AtmosphericDeposition_Equations.VEERG_4_3_1_5__2_TotalNitrogenVolatilisedFromMMS(J25, $E34)} -> 62.11414 | O46: ='Input - Dairy'!$D$67 -> Feed pad | P46: ='Input - Dairy'!$D$115 -> Drains to paddock | Q46: {=MMS_Dairy_AtmosphericDeposition_Equations.VEERG_4_3_1_5__2_TotalNitrogenVolatilisedFromMMS(Q25, $E34)} -> 303.53169 | R46: {=MMS_Dairy_AtmosphericDeposition_Equations.VEERG_4_3_1_5__2_TotalNitrogenVolatilisedFromMMS(R25, $E34)} -> 118.0353 | S46: {=MMS_Dairy_AtmosphericDeposition_Equations.VEERG_4_3_1_5__2_TotalNitrogenVolatilisedFromMMS(S25, $E34)} -> 47.012211 | T46: {=MMS_Dairy_AtmosphericDeposition_Equations.VEERG_4_3_1_5__2_TotalNitrogenVolatilisedFromMMS(T25, $E34)} -> 148.37504 | U46: {=MMS_Dairy_AtmosphericDeposition_Equations.VEERG_4_3_1_5__2_TotalNitrogenVolatilisedFromMMS(U25, $E34)} -> 62.11414
D47: ='Input - Dairy'!$D$67 -> Feed pad | E47: Solid storage | F47: {=MMS_Dairy_AtmosphericDeposition_Equations.VEERG_4_3_1_5__2_TotalNitrogenVolatilisedFromMMS(F26, $E35)} -> 910.59507 | G47: {=MMS_Dairy_AtmosphericDeposition_Equations.VEERG_4_3_1_5__2_TotalNitrogenVolatilisedFromMMS(G26, $E35)} -> 354.10589 | H47: {=MMS_Dairy_AtmosphericDeposition_Equations.VEERG_4_3_1_5__2_TotalNitrogenVolatilisedFromMMS(H26, $E35)} -> 141.03663 | I47: {=MMS_Dairy_AtmosphericDeposition_Equations.VEERG_4_3_1_5__2_TotalNitrogenVolatilisedFromMMS(I26, $E35)} -> 445.12511 | J47: {=MMS_Dairy_AtmosphericDeposition_Equations.VEERG_4_3_1_5__2_TotalNitrogenVolatilisedFromMMS(J26, $E35)} -> 186.34242 | O47: ='Input - Dairy'!$D$67 -> Feed pad | P47: Solid storage | Q47: {=MMS_Dairy_AtmosphericDeposition_Equations.VEERG_4_3_1_5__2_TotalNitrogenVolatilisedFromMMS(Q26, $E35)} -> 910.59507 | R47: {=MMS_Dairy_AtmosphericDeposition_Equations.VEERG_4_3_1_5__2_TotalNitrogenVolatilisedFromMMS(R26, $E35)} -> 354.10589 | S47: {=MMS_Dairy_AtmosphericDeposition_Equations.VEERG_4_3_1_5__2_TotalNitrogenVolatilisedFromMMS(S26, $E35)} -> 141.03663 | T47: {=MMS_Dairy_AtmosphericDeposition_Equations.VEERG_4_3_1_5__2_TotalNitrogenVolatilisedFromMMS(T26, $E35)} -> 445.12511 | U47: {=MMS_Dairy_AtmosphericDeposition_Equations.VEERG_4_3_1_5__2_TotalNitrogenVolatilisedFromMMS(U26, $E35)} -> 186.34242
D49: MNATMOS | E49: =SUM(F40:J47) -> 5435.3605 | F49: =$E$11 -> kg N | O49: MNATMOS | P49: =SUM(Q40:U47) -> 5435.3605 | Q49: =$E$11 -> kg N
A51: =HYPERLINK("#A1", "▲ Back to top") -> ▲ Back to top
D53: {=MMS_Dairy_AtmosphericDeposition_Equations.VEERG_4_3_1_5__1_AnnualAtmosphericDepositionEmissionsFromMMS_Title()} -> Annual atmospheric deposition emissions from MMS
D54: {=MMS_Dairy_AtmosphericDeposition_Equations.VEERG_4_3_1_5__1_AnnualAtmosphericDepositionEmissionsFromMMS_Source()} -> VEERG 2026: 4.3.1.5, Equation (1)
D55: Function name | E55: {=Common_InputFunctions.Utility_DisplayFunctionName($E$68)} -> =MMS_Dairy_AtmosphericDeposition_Equations.VEERG_4_3_1_5__1_AnnualAtmosphericDepositionEmissionsFromMMS
H57: `
D58: Variable | E58: {=MMS_Dairy_AtmosphericDeposition_Equations.VEERG_4_3_1_5__1_AnnualAtmosphericDepositionEmissionsFromMMS_Variable()} -> E_N2OMMSad
D59: Unit | E59: {=MMS_Dairy_AtmosphericDeposition_Equations.VEERG_4_3_1_5__1_AnnualAtmosphericDepositionEmissionsFromMMS_Unit()} -> t N2O
D61: {=_xlfn.CHOOSECOLS(MMS_Dairy_AtmosphericDeposition_Equations.VEERG_4_3_1_5__1_AnnualAtmosphericDepositionEmissionsFromMMS_Arguments(),1,2)} -> MN_ATMOS | E61: mass of N volatilised from MMS | G61: {=_xlfn.CHOOSECOLS(MMS_Dairy_AtmosphericDeposition_Equations.VEERG_4_3_1_5__1_AnnualAtmosphericDepositionEmissionsFromMMS_Arguments(),3,4)} -> kg N | H61: Calculated from 4.3.1.5 (2) | I61: =$E$49 -> 5435.3605 | O61: =D61 -> MN_ATMOS | P61: =E61 -> mass of N volatilised from MMS | R61: =$P$49 -> 5435.3605
D62: EF_N2O | E62: nitrous oxide emission factor for atmospheric deposition | G62: kg N2O-N/kg N | H62: Constant | I62: =Common_InputFunctions.Utility_LookupN2OEFFromProdIrrigationRainfall(I64,I65,I66,Table_SourceData_Common_EFN2O[Production system only],Table_SourceData_Common_EFN2O[Irrigation method],Table_SourceData_Common_EFN2O[Rainfall zone],Table_SourceData_Common_EFN2O[EFN2O]) -> 0.0059
D63: C_N2O | E63: factor to convert elemental mass of N2O to molecular mass | H63: Constant | I63: =Common_InputFunctions.Utility_LookupValueInTableNumber("N2O",Table_GasToMolecularConversionFactor[Gas],Table_GasToMolecularConversionFactor[Conversion factor combined]) -> 1.5714286
D64: j | E64: production system | H64: Input | I64: ='Input - Dairy'!$E$125 -> Pasture
D65: ir | E65: irrigation method | H65: Input | I65: ='Input - Dairy'!$E$126 -> Sprinkler Irrigation
D66: r | E66: rainfall region | H66: Input | I66: ='Input - Site'!$E$30 -> High rainfall
D68: EN2O,MMS,ad | E68: {=MMS_Dairy_AtmosphericDeposition_Equations.VEERG_4_3_1_5__1_AnnualAtmosphericDepositionEmissionsFromMMS($I$61,$I$62,$I$63)} -> 0.050393557 | F68: =$E$59 -> t N2O | O68: EN2O,MMS,ad | P68: {=MMS_Dairy_AtmosphericDeposition_Equations.VEERG_4_3_1_5__1_AnnualAtmosphericDepositionEmissionsFromMMS($R$61,$I$62,$I$63)} -> 0.050393557 | Q68: =$E$59 -> t N2O
D70: {=Common_Equations.Common_ConvertN2OToCO2e_Arguments()} -> EN2O | E70: Nitrous oxide emissions (t N2O) | G70: =$E$68 -> 0.050393557 | O70: {=Common_Equations.Common_ConvertN2OToCO2e_Arguments()} -> EN2O | P70: Nitrous oxide emissions (t N2O) | R70: =P68 -> 0.050393557
D71: GWPN2O | E71: Global warming potential for nitrous oxide (t CO2-e / t N2O) | G71: =Common_InputFunctions.Utility_LookupValueInTableNumber("N2O",Table_GWPData[Gas],Table_GWPData[CO2-e factor]) -> 265 | O71: GWPN2O | P71: Global warming potential for nitrous oxide (t CO2-e / t N2O) | R71: =Common_InputFunctions.Utility_LookupValueInTableNumber("N2O",Table_GWPData[Gas],Table_GWPData[CO2-e factor]) -> 265
A73: =HYPERLINK("#A1", "▲ Back to top") -> ▲ Back to top | D73: ECO2e | E73: {=Common_Equations.Common_ConvertN2OToCO2e(G70,G71)} -> 13.354293 | F73: {=Common_Equations.Common_ConvertN2OToCO2e_Unit()} -> t CO2e | O73: ECO2e | P73: {=Common_Equations.Common_ConvertN2OToCO2e(R70,R71)} -> 13.354293 | Q73: {=Common_Equations.Common_ConvertN2OToCO2e_Unit()} -> t CO2e

Sheet 4.3.1.6-7 Leaching and runoff
A1: #VALUE! | C1: 4.1.1.6-7 Manure leaching and runoff
A3: =HYPERLINK("#'Home'!A1", "Home") -> Home | D3: Method 1 | O3: Method 2
A4: =HYPERLINK("#'Overview'!A1", "Overview") -> Overview
A5: =HYPERLINK("#'Results'!A1", "Results") -> Results | D5: {=MMS_Dairy_LeachingAndRunoff_Equations.VEERG_4_3_1_6__2_MassOfNitrogenLostToLeachingAndRunoffFromSolidStorage_Title()} -> Mass of nitrogen lost to leaching and runoff from solid storage systems
D6: {=MMS_Dairy_LeachingAndRunoff_Equations.VEERG_4_3_1_6__2_MassOfNitrogenLostToLeachingAndRunoffFromSolidStorage_Source()} -> VEERG 2026: 4.3.1.6, Equation (2)
A7: INPUTS | D7: Function name | E7: {=Common_InputFunctions.Utility_DisplayFunctionName($F$29)} -> =MMS_Dairy_LeachingAndRunoff_Equations.VEERG_4_3_1_6__2_MassOfNitrogenLostToLeachingAndRunoffFromSolidStorage
A8: =HYPERLINK("#'Input - Site'!A1", "Site") -> Site
A9: =HYPERLINK("#'Input - Dairy'!A1", "Dairy") -> Dairy
D10: Variable | E10: {=MMS_Dairy_LeachingAndRunoff_Equations.VEERG_4_3_1_6__2_MassOfNitrogenLostToLeachingAndRunoffFromSolidStorage_Variable()} -> MNLeach_jm4
A11: CALCULATIONS | D11: Unit | E11: {=MMS_Dairy_LeachingAndRunoff_Equations.VEERG_4_3_1_6__2_MassOfNitrogenLostToLeachingAndRunoffFromSolidStorage_Unit()} -> kg N
A12: =HYPERLINK("#'4.3.1.1-2 Methane'!A1", "4.3.1.1-2 Methane") -> 4.3.1.1-2 Methane
A13: =HYPERLINK("#'4.3.1.3-4 Direct N20'!A1", "4.3.1.3-4 Direct N2O") -> 4.3.1.3-4 Direct N2O | D13: {=_xlfn.CHOOSECOLS(MMS_Dairy_LeachingAndRunoff_Equations.VEERG_4_3_1_6__2_MassOfNitrogenLostToLeachingAndRunoffFromSolidStorage_Arguments(),1,2)} -> MN_jm4 | E13: total nitrogen in solid storage system m=4 (kg N) | H13: {=_xlfn.CHOOSECOLS(MMS_Dairy_LeachingAndRunoff_Equations.VEERG_4_3_1_6__2_MassOfNitrogenLostToLeachingAndRunoffFromSolidStorage_Arguments(),3,4)} -> kg N | I13: Calculated from 4.3.1.3 (2) | J13: {=HYPERLINK(Common_InputFunctions.Utility_SourceHyperlink($D$20),$D$20)} -> M1_Table_MN_j_m-4
A14: =HYPERLINK("#'4.3.1.5 Atmos Deposition'!A1", "4.3.1.5 Atmospheric deposition") -> 4.3.1.5 Atmospheric deposition | D14: FracWET_i | E14: fraction of N that is available for leaching and runoff from the leaching zone z and irrigation type ir | H14: fraction | I14: Constant | J14: =Common_InputFunctions.CommonCropping_GetFracWET(J16,J18,#REF!,#REF!,Table_SourceData_FracWETIrrigation[Irrigation type i],Table_SourceData_FracWETIrrigation[FracWET]) -> 1
A15: =HYPERLINK("#'4.3.1.6-7 Leaching and runoff'!A1", "4.3.1.6-7 Leaching and runoff") -> 4.3.1.6-7 Leaching and runoff | D15: FracLEACH_MS | E15: fraction of N that is lost through leaching and runoff | H15: fraction | I15: Constant | J15: ='Constants - Dairy'!$D$215 -> 0.02
A16: =HYPERLINK("#'4.3.1.8 Manure applied to soils'!A1", "4.3.1.8 Manure applied to soils") -> 4.3.1.8 Manure applied to soils | D16: z | E16: location in leaching zone | I16: Input | J16: ='Input - Site'!$E$23 -> NO - Not in leaching zone
A17: =HYPERLINK("#'4.3.1.9 Soil direct N2O'!A1", "4.3.1.9 Soil direct N2O") -> 4.3.1.9 Soil direct N2O | D17: j | E17: production system | I17: Input | J17: ='Input - Dairy'!$E$125 -> Pasture
A18: =HYPERLINK("#'4.3.1.10-11 Soil Atmos Dep'!A1", "4.3.1.10-11 Soil atm. deposition") -> 4.3.1.10-11 Soil atm. deposition | D18: ir | E18: irrigation method | I18: Input | J18: ='Input - Dairy'!$E$126 -> Sprinkler Irrigation
A19: =HYPERLINK("#'4.3.1.12-13 Soil leach runoff'!A1", "4.3.1.12-13 Soil leach & runoff") -> 4.3.1.12-13 Soil leach & runoff
D20: M1_Table_MN_j_m-4 | O20: M2_Table_MN_j_m-4
A21: APPENDICES | D21: Total nitrogen in solid storage MMS (Method 1) | O21: Total nitrogen in solid storage MMS (Method 2)
A22: =HYPERLINK("#'Constants - Dairy'!A1", "Constants - Dairy") -> Constants - Dairy | D22: Production system | E22: MMS | F22: Milking cows | G22: Heifers > 1 year | H22: Heifers < 1 year | I22: Bulls > 1 year | J22: Bulls < 1 year | O22: Production system | P22: MMS | Q22: Milking cows | R22: Heifers > 1 year | S22: Heifers < 1 year | T22: Bulls > 1 year | U22: Bulls < 1 year
A23: =HYPERLINK("#'Constants - Livestock'!A1", "Constants - Livestock") -> Constants - Livestock | D23: ='Input - Dairy'!$D$66 -> Milking shed | E23: Solid storage | F23: ='4.3.1.3-4 Direct N20'!F246 -> 820.64397 | G23: ='4.3.1.3-4 Direct N20'!G246 -> 319.12633 | H23: ='4.3.1.3-4 Direct N20'!H246 -> 127.10464 | I23: ='4.3.1.3-4 Direct N20'!I246 -> 401.15442 | J23: ='4.3.1.3-4 Direct N20'!J246 -> 167.935 | K23: =$H$13 -> kg N | O23: ='Input - Dairy'!$D$66 -> Milking shed | P23: Solid storage | Q23: ='4.3.1.3-4 Direct N20'!P246 -> 820.64397 | R23: ='4.3.1.3-4 Direct N20'!Q246 -> 319.12633 | S23: ='4.3.1.3-4 Direct N20'!R246 -> 127.10464 | T23: ='4.3.1.3-4 Direct N20'!S246 -> 401.15442 | U23: ='4.3.1.3-4 Direct N20'!T246 -> 167.935 | V23: =$H$13 -> kg N
A24: =HYPERLINK("#'Constants - Common'!A1", "Constants - Common") -> Constants - Common | D24: ='Input - Dairy'!$D$67 -> Feed pad | E24: Solid storage | F24: ='4.3.1.3-4 Direct N20'!F250 -> 3035.3169 | G24: ='4.3.1.3-4 Direct N20'!G250 -> 1180.353 | H24: ='4.3.1.3-4 Direct N20'!H250 -> 470.12211 | I24: ='4.3.1.3-4 Direct N20'!I250 -> 1483.7504 | J24: ='4.3.1.3-4 Direct N20'!J250 -> 621.1414 | O24: ='Input - Dairy'!$D$67 -> Feed pad | P24: Solid storage | Q24: ='4.3.1.3-4 Direct N20'!P250 -> 3035.3169 | R24: ='4.3.1.3-4 Direct N20'!Q250 -> 1180.353 | S24: ='4.3.1.3-4 Direct N20'!R250 -> 470.12211 | T24: ='4.3.1.3-4 Direct N20'!S250 -> 1483.7504 | U24: ='4.3.1.3-4 Direct N20'!T250 -> 621.1414
A25: =HYPERLINK("#'Acknowledgements'!A1", "Acknowledgements") -> Acknowledgements
D26: M1_Table_MN_leach_j_m-4 | O26: M2_Table_MN_leach_j_m-4
D27: Mass of N lost to leaching and runoff from solid storage (Method 1) | O27: Mass of N lost to leaching and runoff from solid storage (Method 2)
D28: Production system | E28: MMS | F28: Milking cows | G28: Heifers > 1 year | H28: Heifers < 1 year | I28: Bulls > 1 year | J28: Bulls < 1 year | O28: Production system | P28: MMS | Q28: Milking cows | R28: Heifers > 1 year | S28: Heifers < 1 year | T28: Bulls > 1 year | U28: Bulls < 1 year
D29: ='Input - Dairy'!$D$66 -> Milking shed | E29: Solid storage | F29: {=MMS_Dairy_LeachingAndRunoff_Equations.VEERG_4_3_1_6__2_MassOfNitrogenLostToLeachingAndRunoffFromSolidStorage(F23,$J$14,$J$15)} -> 16.412879 | G29: {=MMS_Dairy_LeachingAndRunoff_Equations.VEERG_4_3_1_6__2_MassOfNitrogenLostToLeachingAndRunoffFromSolidStorage(G23,$J$14,$J$15)} -> 6.3825266 | H29: {=MMS_Dairy_LeachingAndRunoff_Equations.VEERG_4_3_1_6__2_MassOfNitrogenLostToLeachingAndRunoffFromSolidStorage(H23,$J$14,$J$15)} -> 2.5420928 | I29: {=MMS_Dairy_LeachingAndRunoff_Equations.VEERG_4_3_1_6__2_MassOfNitrogenLostToLeachingAndRunoffFromSolidStorage(I23,$J$14,$J$15)} -> 8.0230884 | J29: {=MMS_Dairy_LeachingAndRunoff_Equations.VEERG_4_3_1_6__2_MassOfNitrogenLostToLeachingAndRunoffFromSolidStorage(J23,$J$14,$J$15)} -> 3.3587 | K29: =$E$11 -> kg N | O29: ='Input - Dairy'!$D$66 -> Milking shed | P29: Solid storage | Q29: {=MMS_Dairy_LeachingAndRunoff_Equations.VEERG_4_3_1_6__2_MassOfNitrogenLostToLeachingAndRunoffFromSolidStorage(Q23,$J$14,$J$15)} -> 16.412879 | R29: {=MMS_Dairy_LeachingAndRunoff_Equations.VEERG_4_3_1_6__2_MassOfNitrogenLostToLeachingAndRunoffFromSolidStorage(R23,$J$14,$J$15)} -> 6.3825266 | S29: {=MMS_Dairy_LeachingAndRunoff_Equations.VEERG_4_3_1_6__2_MassOfNitrogenLostToLeachingAndRunoffFromSolidStorage(S23,$J$14,$J$15)} -> 2.5420928 | T29: {=MMS_Dairy_LeachingAndRunoff_Equations.VEERG_4_3_1_6__2_MassOfNitrogenLostToLeachingAndRunoffFromSolidStorage(T23,$J$14,$J$15)} -> 8.0230884 | U29: {=MMS_Dairy_LeachingAndRunoff_Equations.VEERG_4_3_1_6__2_MassOfNitrogenLostToLeachingAndRunoffFromSolidStorage(U23,$J$14,$J$15)} -> 3.3587 | V29: =$E$11 -> kg N
D30: ='Input - Dairy'!$D$67 -> Feed pad | E30: Solid storage | F30: {=MMS_Dairy_LeachingAndRunoff_Equations.VEERG_4_3_1_6__2_MassOfNitrogenLostToLeachingAndRunoffFromSolidStorage(F24,$J$14,$J$15)} -> 60.706338 | G30: {=MMS_Dairy_LeachingAndRunoff_Equations.VEERG_4_3_1_6__2_MassOfNitrogenLostToLeachingAndRunoffFromSolidStorage(G24,$J$14,$J$15)} -> 23.607059 | H30: {=MMS_Dairy_LeachingAndRunoff_Equations.VEERG_4_3_1_6__2_MassOfNitrogenLostToLeachingAndRunoffFromSolidStorage(H24,$J$14,$J$15)} -> 9.4024421 | I30: {=MMS_Dairy_LeachingAndRunoff_Equations.VEERG_4_3_1_6__2_MassOfNitrogenLostToLeachingAndRunoffFromSolidStorage(I24,$J$14,$J$15)} -> 29.675007 | J30: {=MMS_Dairy_LeachingAndRunoff_Equations.VEERG_4_3_1_6__2_MassOfNitrogenLostToLeachingAndRunoffFromSolidStorage(J24,$J$14,$J$15)} -> 12.422828 | O30: ='Input - Dairy'!$D$67 -> Feed pad | P30: Solid storage | Q30: {=MMS_Dairy_LeachingAndRunoff_Equations.VEERG_4_3_1_6__2_MassOfNitrogenLostToLeachingAndRunoffFromSolidStorage(Q24,$J$14,$J$15)} -> 60.706338 | R30: {=MMS_Dairy_LeachingAndRunoff_Equations.VEERG_4_3_1_6__2_MassOfNitrogenLostToLeachingAndRunoffFromSolidStorage(R24,$J$14,$J$15)} -> 23.607059 | S30: {=MMS_Dairy_LeachingAndRunoff_Equations.VEERG_4_3_1_6__2_MassOfNitrogenLostToLeachingAndRunoffFromSolidStorage(S24,$J$14,$J$15)} -> 9.4024421 | T30: {=MMS_Dairy_LeachingAndRunoff_Equations.VEERG_4_3_1_6__2_MassOfNitrogenLostToLeachingAndRunoffFromSolidStorage(T24,$J$14,$J$15)} -> 29.675007 | U30: {=MMS_Dairy_LeachingAndRunoff_Equations.VEERG_4_3_1_6__2_MassOfNitrogenLostToLeachingAndRunoffFromSolidStorage(U24,$J$14,$J$15)} -> 12.422828
D34: {=MMS_Dairy_LeachingAndRunoff_Equations.VEERG_4_3_1_6__1_AnnualEmissionsFromLeachingAndRunoffFromMMS_Title()} -> Annual emissions from leaching and runoff from each MMS
D35: {=MMS_Dairy_LeachingAndRunoff_Equations.VEERG_4_3_1_6__1_AnnualEmissionsFromLeachingAndRunoffFromMMS_Source()} -> VEERG 2026: 4.3.1.6, Equation (1)
D36: Function name | E36: {=Common_InputFunctions.Utility_DisplayFunctionName($F$29)} -> =MMS_Dairy_LeachingAndRunoff_Equations.VEERG_4_3_1_6__2_MassOfNitrogenLostToLeachingAndRunoffFromSolidStorage
D39: Variable | E39: {=MMS_Dairy_LeachingAndRunoff_Equations.VEERG_4_3_1_6__1_AnnualEmissionsFromLeachingAndRunoffFromMMS_Variable()} -> E_N2Oleach
D40: Unit | E40: {=MMS_Dairy_LeachingAndRunoff_Equations.VEERG_4_3_1_6__1_AnnualEmissionsFromLeachingAndRunoffFromMMS_Unit()} -> t N2O
D42: {=_xlfn.CHOOSECOLS(MMS_Dairy_LeachingAndRunoff_Equations.VEERG_4_3_1_6__1_AnnualEmissionsFromLeachingAndRunoffFromMMS_Arguments(),1,2)} -> MNLeach_jm | E42: mass of N lost through leaching and runoff | G42: {=_xlfn.CHOOSECOLS(MMS_Dairy_LeachingAndRunoff_Equations.VEERG_4_3_1_6__1_AnnualEmissionsFromLeachingAndRunoffFromMMS_Arguments(),3,4)} -> kg N | H42: Calculated from 4.3.1.6 (2) | I42: {=HYPERLINK(Common_InputFunctions.Utility_SourceHyperlink($D$26),$D$26)} -> M1_Table_MN_leach_j_m-4
D43: EF_leach | E43: nitrous oxide emission factor for leaching and runoff | G43: kg N2O-N/kg N | H43: Constant | I43: ='Constants - Dairy'!$D$202 -> 0.011
D44: C_N2O | E44: factor to convert elemental mass of N2O to molecular mass | H44: Constant | I44: =Common_InputFunctions.Utility_LookupValueInTableNumber("N2O",Table_GasToMolecularConversionFactor[Gas],Table_GasToMolecularConversionFactor[Conversion factor combined]) -> 1.5714286
D46: M1_Table_EF_N2O_leach | O46: M2_Table_EF_N2O_leach
D47: Emissions from leaching and runoff (Method 1) | O47: Emissions from leaching and runoff (Method 2)
D48: Production system | E48: MMS | F48: Milking cows | G48: Heifers > 1 year | H48: Heifers < 1 year | I48: Bulls > 1 year | J48: Bulls < 1 year | O48: Production system | P48: MMS | Q48: Milking cows | R48: Heifers > 1 year | S48: Heifers < 1 year | T48: Bulls > 1 year | U48: Bulls < 1 year
D49: ='Input - Dairy'!$D$66 -> Milking shed | E49: Solid storage | F49: {=MMS_Dairy_LeachingAndRunoff_Equations.VEERG_4_3_1_6__1_AnnualEmissionsFromLeachingAndRunoffFromMMS(F29,$I$43,$I$44)} -> 0.00028370834 | G49: {=MMS_Dairy_LeachingAndRunoff_Equations.VEERG_4_3_1_6__1_AnnualEmissionsFromLeachingAndRunoffFromMMS(G29,$I$43,$I$44)} -> 0.00011032653 | H49: {=MMS_Dairy_LeachingAndRunoff_Equations.VEERG_4_3_1_6__1_AnnualEmissionsFromLeachingAndRunoffFromMMS(H29,$I$43,$I$44)} -> 4.3941891e-05 | I49: {=MMS_Dairy_LeachingAndRunoff_Equations.VEERG_4_3_1_6__1_AnnualEmissionsFromLeachingAndRunoffFromMMS(I29,$I$43,$I$44)} -> 0.00013868481 | J49: {=MMS_Dairy_LeachingAndRunoff_Equations.VEERG_4_3_1_6__1_AnnualEmissionsFromLeachingAndRunoffFromMMS(J29,$I$43,$I$44)} -> 5.8057529e-05 | K49: =$E$40 -> t N2O | O49: ='Input - Dairy'!$D$66 -> Milking shed | P49: Solid storage | Q49: {=MMS_Dairy_LeachingAndRunoff_Equations.VEERG_4_3_1_6__1_AnnualEmissionsFromLeachingAndRunoffFromMMS(Q29,$I$43,$I$44)} -> 0.00028370834 | R49: {=MMS_Dairy_LeachingAndRunoff_Equations.VEERG_4_3_1_6__1_AnnualEmissionsFromLeachingAndRunoffFromMMS(R29,$I$43,$I$44)} -> 0.00011032653 | S49: {=MMS_Dairy_LeachingAndRunoff_Equations.VEERG_4_3_1_6__1_AnnualEmissionsFromLeachingAndRunoffFromMMS(S29,$I$43,$I$44)} -> 4.3941891e-05 | T49: {=MMS_Dairy_LeachingAndRunoff_Equations.VEERG_4_3_1_6__1_AnnualEmissionsFromLeachingAndRunoffFromMMS(T29,$I$43,$I$44)} -> 0.00013868481 | U49: {=MMS_Dairy_LeachingAndRunoff_Equations.VEERG_4_3_1_6__1_AnnualEmissionsFromLeachingAndRunoffFromMMS(U29,$I$43,$I$44)} -> 5.8057529e-05 | V49: =$E$40 -> t N2O
D50: ='Input - Dairy'!$D$67 -> Feed pad | E50: Solid storage | F50: {=MMS_Dairy_LeachingAndRunoff_Equations.VEERG_4_3_1_6__1_AnnualEmissionsFromLeachingAndRunoffFromMMS(F30,$I$43,$I$44)} -> 0.0010493524 | G50: {=MMS_Dairy_LeachingAndRunoff_Equations.VEERG_4_3_1_6__1_AnnualEmissionsFromLeachingAndRunoffFromMMS(G30,$I$43,$I$44)} -> 0.00040806488 | H50: {=MMS_Dairy_LeachingAndRunoff_Equations.VEERG_4_3_1_6__1_AnnualEmissionsFromLeachingAndRunoffFromMMS(H30,$I$43,$I$44)} -> 0.00016252793 | I50: {=MMS_Dairy_LeachingAndRunoff_Equations.VEERG_4_3_1_6__1_AnnualEmissionsFromLeachingAndRunoffFromMMS(I30,$I$43,$I$44)} -> 0.0005129537 | J50: {=MMS_Dairy_LeachingAndRunoff_Equations.VEERG_4_3_1_6__1_AnnualEmissionsFromLeachingAndRunoffFromMMS(J30,$I$43,$I$44)} -> 0.00021473746 | O50: ='Input - Dairy'!$D$67 -> Feed pad | P50: Solid storage | Q50: {=MMS_Dairy_LeachingAndRunoff_Equations.VEERG_4_3_1_6__1_AnnualEmissionsFromLeachingAndRunoffFromMMS(Q30,$I$43,$I$44)} -> 0.0010493524 | R50: {=MMS_Dairy_LeachingAndRunoff_Equations.VEERG_4_3_1_6__1_AnnualEmissionsFromLeachingAndRunoffFromMMS(R30,$I$43,$I$44)} -> 0.00040806488 | S50: {=MMS_Dairy_LeachingAndRunoff_Equations.VEERG_4_3_1_6__1_AnnualEmissionsFromLeachingAndRunoffFromMMS(S30,$I$43,$I$44)} -> 0.00016252793 | T50: {=MMS_Dairy_LeachingAndRunoff_Equations.VEERG_4_3_1_6__1_AnnualEmissionsFromLeachingAndRunoffFromMMS(T30,$I$43,$I$44)} -> 0.0005129537 | U50: {=MMS_Dairy_LeachingAndRunoff_Equations.VEERG_4_3_1_6__1_AnnualEmissionsFromLeachingAndRunoffFromMMS(U30,$I$43,$I$44)} -> 0.00021473746
D52: EN2O,MMS,ad | E52: =SUM(F49:J50) -> 0.0029823555 | F52: =$E$40 -> t N2O | O52: EN2O,MMS,ad | P52: =SUM(Q49:U50) -> 0.0029823555 | Q52: =$E$40 -> t N2O
D54: {=Common_Equations.Common_ConvertN2OToCO2e_Arguments()} -> EN2O | E54: Nitrous oxide emissions (t N2O) | G54: =E$52 -> 0.0029823555 | O54: {=Common_Equations.Common_ConvertN2OToCO2e_Arguments()} -> EN2O | P54: Nitrous oxide emissions (t N2O) | R54: =P$52 -> 0.0029823555
D55: GWPN2O | E55: Global warming potential for nitrous oxide (t CO2-e / t N2O) | G55: =Common_InputFunctions.Utility_LookupValueInTableNumber("N2O",Table_GWPData[Gas],Table_GWPData[CO2-e factor]) -> 265 | O55: GWPN2O | P55: Global warming potential for nitrous oxide (t CO2-e / t N2O) | R55: =Common_InputFunctions.Utility_LookupValueInTableNumber("N2O",Table_GWPData[Gas],Table_GWPData[CO2-e factor]) -> 265
A57: =HYPERLINK("#A1", "▲ Back to top") -> ▲ Back to top | D57: ECO2e | E57: {=Common_Equations.Common_ConvertN2OToCO2e(G54,G55)} -> 0.7903242 | F57: {=Common_Equations.Common_ConvertN2OToCO2e_Unit()} -> t CO2e | O57: ECO2e | P57: {=Common_Equations.Common_ConvertN2OToCO2e(R54,R55)} -> 0.7903242 | Q57: {=Common_Equations.Common_ConvertN2OToCO2e_Unit()} -> t CO2e

Sheet 4.3.1.8 Manure applied to soils
A1: #VALUE! | C1: 4.3.1.8 Manure applied to soils
A3: =HYPERLINK("#'Home'!A1", "Home") -> Home | D3: Method 1 | O3: Method 2
A4: =HYPERLINK("#'Overview'!A1", "Overview") -> Overview
A5: =HYPERLINK("#'Results'!A1", "Results") -> Results | D5: {=MMS_Dairy_ManureAppliedToSoils_Equations.VEERG_4_3_1_8__1_MassOfNitrogenAppliedToSoilsScope1_Title()} -> Mass of nitrogen from manure applied to soils for scope 1 emissions
D6: {=MMS_Dairy_ManureAppliedToSoils_Equations.VEERG_4_3_1_8__1_MassOfNitrogenAppliedToSoilsScope1_Source()} -> VEERG 2026: 4.3.1.8, Equation (1)
A7: INPUTS | D7: Function name | E7: {=Common_InputFunctions.Utility_DisplayFunctionName($F$76)} -> =MMS_Dairy_ManureAppliedToSoils_Equations.VEERG_4_3_1_8__1_MassOfNitrogenAppliedToSoilsScope1
A8: =HYPERLINK("#'Input - Site'!A1", "Site") -> Site
A9: =HYPERLINK("#'Input - Dairy'!A1", "Dairy") -> Dairy
D10: Variable | E10: {=MMS_Dairy_ManureAppliedToSoils_Equations.VEERG_4_3_1_8__1_MassOfNitrogenAppliedToSoilsScope1_Variable()} -> MNSoil_scope1
A11: CALCULATIONS | D11: Unit | E11: {=MMS_Dairy_ManureAppliedToSoils_Equations.VEERG_4_3_1_8__1_MassOfNitrogenAppliedToSoilsScope1_Unit()} -> kg N
A12: =HYPERLINK("#'4.3.1.1-2 Methane'!A1", "4.3.1.1-2 Methane") -> 4.3.1.1-2 Methane
A13: =HYPERLINK("#'4.3.1.3-4 Direct N20'!A1", "4.3.1.3-4 Direct N2O") -> 4.3.1.3-4 Direct N2O | D13: {=_xlfn.CHOOSECOLS(MMS_Dairy_ManureAppliedToSoils_Equations.VEERG_4_3_1_8__1_MassOfNitrogenAppliedToSoilsScope1_Arguments(),1,2)} -> MN_jm | E13: total nitrogen in each MMS for dairy cattle classes | G13: {=_xlfn.CHOOSECOLS(MMS_Dairy_ManureAppliedToSoils_Equations.VEERG_4_3_1_8__1_MassOfNitrogenAppliedToSoilsScope1_Arguments(),3,4)} -> kg N | H13: Calculated from 4.3.1.3 (2) | I13: {=HYPERLINK(Common_InputFunctions.Utility_SourceHyperlink($D$37),$D$37)} -> M1_Table_MN_j_m
A14: =HYPERLINK("#'4.3.1.5 Atmos Deposition'!A1", "4.3.1.5 Atmospheric deposition") -> 4.3.1.5 Atmospheric deposition | D14: EF_m | E14: emission factor for nitrous oxide emissions per MMS | G14: kg N2O-N/kg N | H14: Constant | I14: {=HYPERLINK(Common_InputFunctions.Utility_SourceHyperlink($D$19),$D$19)} -> Table_EF_m
A15: =HYPERLINK("#'4.3.1.6-7 Leaching and runoff'!A1", "4.3.1.6-7 Leaching and runoff") -> 4.3.1.6-7 Leaching and runoff | D15: FracGASM_m | E15: fraction of N volatilised from MMS | G15: fraction | H15: Constant | I15: {=HYPERLINK(Common_InputFunctions.Utility_SourceHyperlink($D$28),$D$28)} -> Table_FracGASM_m
A16: =HYPERLINK("#'4.3.1.8 Manure applied to soils'!A1", "4.3.1.8 Manure applied to soils") -> 4.3.1.8 Manure applied to soils | D16: MNLeach_jm | E16: mass of N lost through leaching and runoff from each MMS | G16: kg N | H16: Calculated from 4.3.1.6 (2) | I16: {=HYPERLINK(Common_InputFunctions.Utility_SourceHyperlink($D$49),$D$49)} -> M1_Table_MN_leach_j_m
A17: =HYPERLINK("#'4.3.1.9 Soil direct N2O'!A1", "4.3.1.9 Soil direct N2O") -> 4.3.1.9 Soil direct N2O | D17: PF_scope | E17: fraction of manure applied to soil within farm boundary | G17: fraction | H17: Input | I17: {=HYPERLINK(Common_InputFunctions.Utility_SourceHyperlink($D$61),$D$61)} -> Table_PF_scope
A18: =HYPERLINK("#'4.3.1.10-11 Soil Atmos Dep'!A1", "4.3.1.10-11 Soil atm. deposition") -> 4.3.1.10-11 Soil atm. deposition
A19: =HYPERLINK("#'4.3.1.12-13 Soil leach runoff'!A1", "4.3.1.12-13 Soil leach & runoff") -> 4.3.1.12-13 Soil leach & runoff | D19: Table_EF_m
D20: Nitrous oxide EF for each MMS
A21: APPENDICES | D21: MMS | E21: EFm
A22: =HYPERLINK("#'Constants - Dairy'!A1", "Constants - Dairy") -> Constants - Dairy | D22: {=Table_SourceData_Dairy_EFmFracGASM[NIR reference]} -> Pasture range and paddock | E22: {=Table_SourceData_Dairy_EFmFracGASM[EFm]} -> 0
A23: =HYPERLINK("#'Constants - Livestock'!A1", "Constants - Livestock") -> Constants - Livestock | D23: Anaerobic lagoon | E23: 0
A24: =HYPERLINK("#'Constants - Common'!A1", "Constants - Common") -> Constants - Common | D24: Sump and dispersal system | E24: 0
A25: =HYPERLINK("#'Acknowledgements'!A1", "Acknowledgements") -> Acknowledgements | D25: Drains to paddock | E25: 0
D26: Solid storage | E26: 0.005
D28: Table_FracGASM_m
D29: Fraction N volatilised from each MS
D30: MMS | E30: FracGASMm
D31: {=Table_SourceData_Dairy_EFmFracGASM[NIR reference]} -> Pasture range and paddock | E31: {=Table_SourceData_Dairy_EFmFracGASM[FracGASMm]} -> 0 | F31: ='Constants - Dairy'!$D$84 -> kg N2O-N/kg N excreted
D32: Anaerobic lagoon | E32: 0.35 | F32: ='Constants - Dairy'!$D$84 -> kg N2O-N/kg N excreted
D33: Sump and dispersal system | E33: 0.07 | F33: ='Constants - Dairy'!$D$84 -> kg N2O-N/kg N excreted
D34: Drains to paddock | E34: 0.2 | F34: ='Constants - Dairy'!$D$84 -> kg N2O-N/kg N excreted
D35: Solid storage | E35: 0.3 | F35: ='Constants - Dairy'!$D$84 -> kg N2O-N/kg N excreted
D37: M1_Table_MN_j_m | O37: M2_Table_MN_j_m
D38: Total nitrogen in each MMS (Method 1) | O38: Total nitrogen in each MMS (Method 2)
A39: =HYPERLINK("#A1", "▲ Back to top") -> ▲ Back to top | D39: Production system | E39: MMS | F39: Milking cows | G39: Heifers > 1 year | H39: Heifers < 1 year | I39: Bulls > 1 year | J39: Bulls < 1 year | O39: Production system | P39: MMS | Q39: Milking cows | R39: Heifers > 1 year | S39: Heifers < 1 year | T39: Bulls > 1 year | U39: Bulls < 1 year
D40: ='Input - Dairy'!$D$66 -> Milking shed | E40: ='Input - Dairy'!$D$81 -> Anaerobic lagoon | F40: ='4.3.1.3-4 Direct N20'!F243 -> 586.17426 | G40: ='4.3.1.3-4 Direct N20'!G243 -> 227.94738 | H40: ='4.3.1.3-4 Direct N20'!H243 -> 90.78903 | I40: ='4.3.1.3-4 Direct N20'!I243 -> 286.53887 | J40: ='4.3.1.3-4 Direct N20'!J243 -> 119.95357 | K40: =$G$13 -> kg N | O40: ='Input - Dairy'!$D$66 -> Milking shed | P40: ='Input - Dairy'!$D$81 -> Anaerobic lagoon | Q40: ='4.3.1.3-4 Direct N20'!P243 -> 586.17426 | R40: ='4.3.1.3-4 Direct N20'!Q243 -> 227.94738 | S40: ='4.3.1.3-4 Direct N20'!R243 -> 90.78903 | T40: ='4.3.1.3-4 Direct N20'!S243 -> 286.53887 | U40: ='4.3.1.3-4 Direct N20'!T243 -> 119.95357 | V40: =$G$13 -> kg N
D41: ='Input - Dairy'!$D$66 -> Milking shed | E41: ='Input - Dairy'!$D$86 -> Sump and dispersal system | F41: ='4.3.1.3-4 Direct N20'!F244 -> 468.93941 | G41: ='4.3.1.3-4 Direct N20'!G244 -> 182.3579 | H41: ='4.3.1.3-4 Direct N20'!H244 -> 72.631224 | I41: ='4.3.1.3-4 Direct N20'!I244 -> 229.2311 | J41: ='4.3.1.3-4 Direct N20'!J244 -> 95.962857 | O41: ='Input - Dairy'!$D$66 -> Milking shed | P41: ='Input - Dairy'!$D$86 -> Sump and dispersal system | Q41: ='4.3.1.3-4 Direct N20'!P244 -> 468.93941 | R41: ='4.3.1.3-4 Direct N20'!Q244 -> 182.3579 | S41: ='4.3.1.3-4 Direct N20'!R244 -> 72.631224 | T41: ='4.3.1.3-4 Direct N20'!S244 -> 229.2311 | U41: ='4.3.1.3-4 Direct N20'!T244 -> 95.962857
D42: ='Input - Dairy'!$D$66 -> Milking shed | E42: ='Input - Dairy'!$D$91 -> Drains to paddock | F42: ='4.3.1.3-4 Direct N20'!F245 -> 468.93941 | G42: ='4.3.1.3-4 Direct N20'!G245 -> 182.3579 | H42: ='4.3.1.3-4 Direct N20'!H245 -> 72.631224 | I42: ='4.3.1.3-4 Direct N20'!I245 -> 229.2311 | J42: ='4.3.1.3-4 Direct N20'!J245 -> 95.962857 | O42: ='Input - Dairy'!$D$66 -> Milking shed | P42: ='Input - Dairy'!$D$91 -> Drains to paddock | Q42: ='4.3.1.3-4 Direct N20'!P245 -> 468.93941 | R42: ='4.3.1.3-4 Direct N20'!Q245 -> 182.3579 | S42: ='4.3.1.3-4 Direct N20'!R245 -> 72.631224 | T42: ='4.3.1.3-4 Direct N20'!S245 -> 229.2311 | U42: ='4.3.1.3-4 Direct N20'!T245 -> 95.962857
D43: ='Input - Dairy'!$D$66 -> Milking shed | E43: Solid storage | F43: ='4.3.1.3-4 Direct N20'!F246 -> 820.64397 | G43: ='4.3.1.3-4 Direct N20'!G246 -> 319.12633 | H43: ='4.3.1.3-4 Direct N20'!H246 -> 127.10464 | I43: ='4.3.1.3-4 Direct N20'!I246 -> 401.15442 | J43: ='4.3.1.3-4 Direct N20'!J246 -> 167.935 | O43: ='Input - Dairy'!$D$66 -> Milking shed | P43: Solid storage | Q43: ='4.3.1.3-4 Direct N20'!P246 -> 820.64397 | R43: ='4.3.1.3-4 Direct N20'!Q246 -> 319.12633 | S43: ='4.3.1.3-4 Direct N20'!R246 -> 127.10464 | T43: ='4.3.1.3-4 Direct N20'!S246 -> 401.15442 | U43: ='4.3.1.3-4 Direct N20'!T246 -> 167.935
D44: ='Input - Dairy'!$D$67 -> Feed pad | E44: ='Input - Dairy'!$D$105 -> Anaerobic lagoon | F44: ='4.3.1.3-4 Direct N20'!F247 -> 1517.6584 | G44: ='4.3.1.3-4 Direct N20'!G247 -> 590.17649 | H44: ='4.3.1.3-4 Direct N20'!H247 -> 235.06105 | I44: ='4.3.1.3-4 Direct N20'!I247 -> 741.87518 | J44: ='4.3.1.3-4 Direct N20'!J247 -> 310.5707 | O44: ='Input - Dairy'!$D$67 -> Feed pad | P44: ='Input - Dairy'!$D$105 -> Anaerobic lagoon | Q44: ='4.3.1.3-4 Direct N20'!P247 -> 1517.6584 | R44: ='4.3.1.3-4 Direct N20'!Q247 -> 590.17649 | S44: ='4.3.1.3-4 Direct N20'!R247 -> 235.06105 | T44: ='4.3.1.3-4 Direct N20'!S247 -> 741.87518 | U44: ='4.3.1.3-4 Direct N20'!T247 -> 310.5707
D45: ='Input - Dairy'!$D$67 -> Feed pad | E45: ='Input - Dairy'!$D$110 -> Sump and dispersal system | F45: ='4.3.1.3-4 Direct N20'!F248 -> 1517.6584 | G45: ='4.3.1.3-4 Direct N20'!G248 -> 590.17649 | H45: ='4.3.1.3-4 Direct N20'!H248 -> 235.06105 | I45: ='4.3.1.3-4 Direct N20'!I248 -> 741.87518 | J45: ='4.3.1.3-4 Direct N20'!J248 -> 310.5707 | O45: ='Input - Dairy'!$D$67 -> Feed pad | P45: ='Input - Dairy'!$D$110 -> Sump and dispersal system | Q45: ='4.3.1.3-4 Direct N20'!P248 -> 1517.6584 | R45: ='4.3.1.3-4 Direct N20'!Q248 -> 590.17649 | S45: ='4.3.1.3-4 Direct N20'!R248 -> 235.06105 | T45: ='4.3.1.3-4 Direct N20'!S248 -> 741.87518 | U45: ='4.3.1.3-4 Direct N20'!T248 -> 310.5707
D46: ='Input - Dairy'!$D$67 -> Feed pad | E46: ='Input - Dairy'!$D$115 -> Drains to paddock | F46: ='4.3.1.3-4 Direct N20'!F249 -> 1517.6584 | G46: ='4.3.1.3-4 Direct N20'!G249 -> 590.17649 | H46: ='4.3.1.3-4 Direct N20'!H249 -> 235.06105 | I46: ='4.3.1.3-4 Direct N20'!I249 -> 741.87518 | J46: ='4.3.1.3-4 Direct N20'!J249 -> 310.5707 | O46: ='Input - Dairy'!$D$67 -> Feed pad | P46: ='Input - Dairy'!$D$115 -> Drains to paddock | Q46: ='4.3.1.3-4 Direct N20'!P249 -> 1517.6584 | R46: ='4.3.1.3-4 Direct N20'!Q249 -> 590.17649 | S46: ='4.3.1.3-4 Direct N20'!R249 -> 235.06105 | T46: ='4.3.1.3-4 Direct N20'!S249 -> 741.87518 | U46: ='4.3.1.3-4 Direct N20'!T249 -> 310.5707
D47: ='Input - Dairy'!$D$67 -> Feed pad | E47: Solid storage | F47: ='4.3.1.3-4 Direct N20'!F250 -> 3035.3169 | G47: ='4.3.1.3-4 Direct N20'!G250 -> 1180.353 | H47: ='4.3.1.3-4 Direct N20'!H250 -> 470.12211 | I47: ='4.3.1.3-4 Direct N20'!I250 -> 1483.7504 | J47: ='4.3.1.3-4 Direct N20'!J250 -> 621.1414 | O47: ='Input - Dairy'!$D$67 -> Feed pad | P47: Solid storage | Q47: ='4.3.1.3-4 Direct N20'!P250 -> 3035.3169 | R47: ='4.3.1.3-4 Direct N20'!Q250 -> 1180.353 | S47: ='4.3.1.3-4 Direct N20'!R250 -> 470.12211 | T47: ='4.3.1.3-4 Direct N20'!S250 -> 1483.7504 | U47: ='4.3.1.3-4 Direct N20'!T250 -> 621.1414
D49: M1_Table_MN_leach_j_m | O49: M2_Table_MN_leach_j_m
D50: Mass of N lost to leaching and runoff from MMS (Method 1) | O50: Mass of N lost to leaching and runoff from MMS (Method 2)
D51: Production system | E51: MMS | F51: Milking cows | G51: Heifers > 1 year | H51: Heifers < 1 year | I51: Bulls > 1 year | J51: Bulls < 1 year | O51: Production system | P51: MMS | Q51: Milking cows | R51: Heifers > 1 year | S51: Heifers < 1 year | T51: Bulls > 1 year | U51: Bulls < 1 year
D52: ='Input - Dairy'!$D$66 -> Milking shed | E52: ='Input - Dairy'!$D$81 -> Anaerobic lagoon | F52: 0 | G52: 0 | H52: 0 | I52: 0 | J52: 0 | K52: =$G$16 -> kg N | O52: ='Input - Dairy'!$D$66 -> Milking shed | P52: ='Input - Dairy'!$D$81 -> Anaerobic lagoon | Q52: 0 | R52: 0 | S52: 0 | T52: 0 | U52: 0 | V52: =$G$16 -> kg N
D53: ='Input - Dairy'!$D$66 -> Milking shed | E53: ='Input - Dairy'!$D$86 -> Sump and dispersal system | F53: 0 | G53: 0 | H53: 0 | I53: 0 | J53: 0 | O53: ='Input - Dairy'!$D$66 -> Milking shed | P53: ='Input - Dairy'!$D$86 -> Sump and dispersal system | Q53: 0 | R53: 0 | S53: 0 | T53: 0 | U53: 0
D54: ='Input - Dairy'!$D$66 -> Milking shed | E54: ='Input - Dairy'!$D$91 -> Drains to paddock | F54: 0 | G54: 0 | H54: 0 | I54: 0 | J54: 0 | O54: ='Input - Dairy'!$D$66 -> Milking shed | P54: ='Input - Dairy'!$D$91 -> Drains to paddock | Q54: 0 | R54: 0 | S54: 0 | T54: 0 | U54: 0
D55: ='Input - Dairy'!$D$66 -> Milking shed | E55: Solid storage | F55: ='4.3.1.6-7 Leaching and runoff'!F29 -> 16.412879 | G55: ='4.3.1.6-7 Leaching and runoff'!G29 -> 6.3825266 | H55: ='4.3.1.6-7 Leaching and runoff'!H29 -> 2.5420928 | I55: ='4.3.1.6-7 Leaching and runoff'!I29 -> 8.0230884 | J55: ='4.3.1.6-7 Leaching and runoff'!J29 -> 3.3587 | O55: ='Input - Dairy'!$D$66 -> Milking shed | P55: Solid storage | Q55: ='4.3.1.6-7 Leaching and runoff'!Q29 -> 16.412879 | R55: ='4.3.1.6-7 Leaching and runoff'!R29 -> 6.3825266 | S55: ='4.3.1.6-7 Leaching and runoff'!S29 -> 2.5420928 | T55: ='4.3.1.6-7 Leaching and runoff'!T29 -> 8.0230884 | U55: ='4.3.1.6-7 Leaching and runoff'!U29 -> 3.3587
D56: ='Input - Dairy'!$D$67 -> Feed pad | E56: ='Input - Dairy'!$D$105 -> Anaerobic lagoon | F56: 0 | G56: 0 | H56: 0 | I56: 0 | J56: 0 | O56: ='Input - Dairy'!$D$67 -> Feed pad | P56: ='Input - Dairy'!$D$105 -> Anaerobic lagoon | Q56: 0 | R56: 0 | S56: 0 | T56: 0 | U56: 0
D57: ='Input - Dairy'!$D$67 -> Feed pad | E57: ='Input - Dairy'!$D$110 -> Sump and dispersal system | F57: 0 | G57: 0 | H57: 0 | I57: 0 | J57: 0 | O57: ='Input - Dairy'!$D$67 -> Feed pad | P57: ='Input - Dairy'!$D$110 -> Sump and dispersal system | Q57: 0 | R57: 0 | S57: 0 | T57: 0 | U57: 0
D58: ='Input - Dairy'!$D$67 -> Feed pad | E58: ='Input - Dairy'!$D$115 -> Drains to paddock | F58: 0 | G58: 0 | H58: 0 | I58: 0 | J58: 0 | O58: ='Input - Dairy'!$D$67 -> Feed pad | P58: ='Input - Dairy'!$D$115 -> Drains to paddock | Q58: 0 | R58: 0 | S58: 0 | T58: 0 | U58: 0
D59: ='Input - Dairy'!$D$67 -> Feed pad | E59: Solid storage | F59: ='4.3.1.6-7 Leaching and runoff'!F30 -> 60.706338 | G59: ='4.3.1.6-7 Leaching and runoff'!G30 -> 23.607059 | H59: ='4.3.1.6-7 Leaching and runoff'!H30 -> 9.4024421 | I59: ='4.3.1.6-7 Leaching and runoff'!I30 -> 29.675007 | J59: ='4.3.1.6-7 Leaching and runoff'!J30 -> 12.422828 | O59: ='Input - Dairy'!$D$67 -> Feed pad | P59: Solid storage | Q59: ='4.3.1.6-7 Leaching and runoff'!Q30 -> 60.706338 | R59: ='4.3.1.6-7 Leaching and runoff'!R30 -> 23.607059 | S59: ='4.3.1.6-7 Leaching and runoff'!S30 -> 9.4024421 | T59: ='4.3.1.6-7 Leaching and runoff'!T30 -> 29.675007 | U59: ='4.3.1.6-7 Leaching and runoff'!U30 -> 12.422828
D61: Table_PF_scope
D62: Fraction of manure applied to soils within farm boundary
D63: Production system | E63: MMS | F63: PF_scope
D64: ='Input - Dairy'!$D$66 -> Milking shed | E64: ='Input - Dairy'!$D$81 -> Anaerobic lagoon | F64: ='Input - Dairy'!L81+'Input - Dairy'!M81 -> 0.75 | G64: =$G$17 -> fraction
D65: ='Input - Dairy'!$D$66 -> Milking shed | E65: ='Input - Dairy'!$D$86 -> Sump and dispersal system | F65: ='Input - Dairy'!L86+'Input - Dairy'!M86 -> 0.75
D66: ='Input - Dairy'!$D$66 -> Milking shed | E66: ='Input - Dairy'!$D$91 -> Drains to paddock | F66: ='Input - Dairy'!L91+'Input - Dairy'!M91 -> 0.75
D67: ='Input - Dairy'!$D$66 -> Milking shed | E67: ='Input - Dairy'!$D$96 -> Solid storage (before solid separation) | F67: ='Input - Dairy'!L96+'Input - Dairy'!M96 -> 0.75
D68: ='Input - Dairy'!$D$67 -> Feed pad | E68: ='Input - Dairy'!$D$105 -> Anaerobic lagoon | F68: ='Input - Dairy'!L105+'Input - Dairy'!M105 -> 0.75
D69: ='Input - Dairy'!$D$67 -> Feed pad | E69: ='Input - Dairy'!$D$110 -> Sump and dispersal system | F69: ='Input - Dairy'!L110+'Input - Dairy'!M110 -> 0.75
D70: ='Input - Dairy'!$D$67 -> Feed pad | E70: ='Input - Dairy'!$D$115 -> Drains to paddock | F70: ='Input - Dairy'!L115+'Input - Dairy'!M115 -> 0.75
D71: ='Input - Dairy'!$D$67 -> Feed pad | E71: ='Input - Dairy'!$D$120 -> Solid storage (before solid separation) | F71: ='Input - Dairy'!L120+'Input - Dairy'!M120 -> 0.75
D73: M1_Table_MN_soil_scope1 | O73: M2_Table_MN_soil_scope1
D74: Mass of nitrogen from manure applied to soils for scope 1 emissions (Method 1) | O74: Mass of nitrogen from manure applied to soils for scope 1 emissions (Method 2)
D75: Production system | E75: MMS | F75: Milking cows | G75: Heifers > 1 year | H75: Heifers < 1 year | I75: Bulls > 1 year | J75: Bulls < 1 year | O75: Production system | P75: MMS | Q75: Milking cows | R75: Heifers > 1 year | S75: Heifers < 1 year | T75: Bulls > 1 year | U75: Bulls < 1 year
D76: ='Input - Dairy'!$D$66 -> Milking shed | E76: ='Input - Dairy'!$D$81 -> Anaerobic lagoon | F76: {=MMS_Dairy_ManureAppliedToSoils_Equations.VEERG_4_3_1_8__1_MassOfNitrogenAppliedToSoilsScope1(F40,_xlfn.XLOOKUP($E76,$D$22:$D$26,$E$22:$E$26),_xlfn.XLOOKUP($E76, $D$31:$D$35,$E$31:$E$35),F52,$F64)} -> 285.75995 | G76: {=MMS_Dairy_ManureAppliedToSoils_Equations.VEERG_4_3_1_8__1_MassOfNitrogenAppliedToSoilsScope1(G40,_xlfn.XLOOKUP($E76,$D$22:$D$26,$E$22:$E$26),_xlfn.XLOOKUP($E76, $D$31:$D$35,$E$31:$E$35),G52,$F64)} -> 111.12435 | H76: {=MMS_Dairy_ManureAppliedToSoils_Equations.VEERG_4_3_1_8__1_MassOfNitrogenAppliedToSoilsScope1(H40,_xlfn.XLOOKUP($E76,$D$22:$D$26,$E$22:$E$26),_xlfn.XLOOKUP($E76, $D$31:$D$35,$E$31:$E$35),H52,$F64)} -> 44.259652 | I76: {=MMS_Dairy_ManureAppliedToSoils_Equations.VEERG_4_3_1_8__1_MassOfNitrogenAppliedToSoilsScope1(I40,_xlfn.XLOOKUP($E76,$D$22:$D$26,$E$22:$E$26),_xlfn.XLOOKUP($E76, $D$31:$D$35,$E$31:$E$35),I52,$F64)} -> 139.6877 | J76: {=MMS_Dairy_ManureAppliedToSoils_Equations.VEERG_4_3_1_8__1_MassOfNitrogenAppliedToSoilsScope1(J40,_xlfn.XLOOKUP($E76,$D$22:$D$26,$E$22:$E$26),_xlfn.XLOOKUP($E76, $D$31:$D$35,$E$31:$E$35),J52,$F64)} -> 58.477366 | K76: =$E$11 -> kg N | O76: ='Input - Dairy'!$D$66 -> Milking shed | P76: ='Input - Dairy'!$D$81 -> Anaerobic lagoon | Q76: {=MMS_Dairy_ManureAppliedToSoils_Equations.VEERG_4_3_1_8__1_MassOfNitrogenAppliedToSoilsScope1(Q40,_xlfn.XLOOKUP($P76,$D$22:$D$26,$E$22:$E$26),_xlfn.XLOOKUP($P76, $D$31:$D$35,$E$31:$E$35),Q52,$F64)} -> 285.75995 | R76: {=MMS_Dairy_ManureAppliedToSoils_Equations.VEERG_4_3_1_8__1_MassOfNitrogenAppliedToSoilsScope1(R40,_xlfn.XLOOKUP($P76,$D$22:$D$26,$E$22:$E$26),_xlfn.XLOOKUP($P76, $D$31:$D$35,$E$31:$E$35),R52,$F64)} -> 111.12435 | S76: {=MMS_Dairy_ManureAppliedToSoils_Equations.VEERG_4_3_1_8__1_MassOfNitrogenAppliedToSoilsScope1(S40,_xlfn.XLOOKUP($P76,$D$22:$D$26,$E$22:$E$26),_xlfn.XLOOKUP($P76, $D$31:$D$35,$E$31:$E$35),S52,$F64)} -> 44.259652 | T76: {=MMS_Dairy_ManureAppliedToSoils_Equations.VEERG_4_3_1_8__1_MassOfNitrogenAppliedToSoilsScope1(T40,_xlfn.XLOOKUP($P76,$D$22:$D$26,$E$22:$E$26),_xlfn.XLOOKUP($P76, $D$31:$D$35,$E$31:$E$35),T52,$F64)} -> 139.6877 | U76: {=MMS_Dairy_ManureAppliedToSoils_Equations.VEERG_4_3_1_8__1_MassOfNitrogenAppliedToSoilsScope1(U40,_xlfn.XLOOKUP($P76,$D$22:$D$26,$E$22:$E$26),_xlfn.XLOOKUP($P76, $D$31:$D$35,$E$31:$E$35),U52,$F64)} -> 58.477366 | V76: =$E$11 -> kg N
D77: ='Input - Dairy'!$D$66 -> Milking shed | E77: ='Input - Dairy'!$D$86 -> Sump and dispersal system | F77: {=MMS_Dairy_ManureAppliedToSoils_Equations.VEERG_4_3_1_8__1_MassOfNitrogenAppliedToSoilsScope1(F41,_xlfn.XLOOKUP($E77,$D$22:$D$26,$E$22:$E$26),_xlfn.XLOOKUP($E77, $D$31:$D$35,$E$31:$E$35),F53,$F65)} -> 327.08524 | G77: {=MMS_Dairy_ManureAppliedToSoils_Equations.VEERG_4_3_1_8__1_MassOfNitrogenAppliedToSoilsScope1(G41,_xlfn.XLOOKUP($E77,$D$22:$D$26,$E$22:$E$26),_xlfn.XLOOKUP($E77, $D$31:$D$35,$E$31:$E$35),G53,$F65)} -> 127.19464 | H77: {=MMS_Dairy_ManureAppliedToSoils_Equations.VEERG_4_3_1_8__1_MassOfNitrogenAppliedToSoilsScope1(H41,_xlfn.XLOOKUP($E77,$D$22:$D$26,$E$22:$E$26),_xlfn.XLOOKUP($E77, $D$31:$D$35,$E$31:$E$35),H53,$F65)} -> 50.660279 | I77: {=MMS_Dairy_ManureAppliedToSoils_Equations.VEERG_4_3_1_8__1_MassOfNitrogenAppliedToSoilsScope1(I41,_xlfn.XLOOKUP($E77,$D$22:$D$26,$E$22:$E$26),_xlfn.XLOOKUP($E77, $D$31:$D$35,$E$31:$E$35),I53,$F65)} -> 159.88869 | J77: {=MMS_Dairy_ManureAppliedToSoils_Equations.VEERG_4_3_1_8__1_MassOfNitrogenAppliedToSoilsScope1(J41,_xlfn.XLOOKUP($E77,$D$22:$D$26,$E$22:$E$26),_xlfn.XLOOKUP($E77, $D$31:$D$35,$E$31:$E$35),J53,$F65)} -> 66.934093 | O77: ='Input - Dairy'!$D$66 -> Milking shed | P77: ='Input - Dairy'!$D$86 -> Sump and dispersal system | Q77: {=MMS_Dairy_ManureAppliedToSoils_Equations.VEERG_4_3_1_8__1_MassOfNitrogenAppliedToSoilsScope1(Q41,_xlfn.XLOOKUP($P77,$D$22:$D$26,$E$22:$E$26),_xlfn.XLOOKUP($P77, $D$31:$D$35,$E$31:$E$35),Q53,$F65)} -> 327.08524 | R77: {=MMS_Dairy_ManureAppliedToSoils_Equations.VEERG_4_3_1_8__1_MassOfNitrogenAppliedToSoilsScope1(R41,_xlfn.XLOOKUP($P77,$D$22:$D$26,$E$22:$E$26),_xlfn.XLOOKUP($P77, $D$31:$D$35,$E$31:$E$35),R53,$F65)} -> 127.19464 | S77: {=MMS_Dairy_ManureAppliedToSoils_Equations.VEERG_4_3_1_8__1_MassOfNitrogenAppliedToSoilsScope1(S41,_xlfn.XLOOKUP($P77,$D$22:$D$26,$E$22:$E$26),_xlfn.XLOOKUP($P77, $D$31:$D$35,$E$31:$E$35),S53,$F65)} -> 50.660279 | T77: {=MMS_Dairy_ManureAppliedToSoils_Equations.VEERG_4_3_1_8__1_MassOfNitrogenAppliedToSoilsScope1(T41,_xlfn.XLOOKUP($P77,$D$22:$D$26,$E$22:$E$26),_xlfn.XLOOKUP($P77, $D$31:$D$35,$E$31:$E$35),T53,$F65)} -> 159.88869 | U77: {=MMS_Dairy_ManureAppliedToSoils_Equations.VEERG_4_3_1_8__1_MassOfNitrogenAppliedToSoilsScope1(U41,_xlfn.XLOOKUP($P77,$D$22:$D$26,$E$22:$E$26),_xlfn.XLOOKUP($P77, $D$31:$D$35,$E$31:$E$35),U53,$F65)} -> 66.934093
D78: ='Input - Dairy'!$D$66 -> Milking shed | E78: ='Input - Dairy'!$D$91 -> Drains to paddock | F78: {=MMS_Dairy_ManureAppliedToSoils_Equations.VEERG_4_3_1_8__1_MassOfNitrogenAppliedToSoilsScope1(F42,_xlfn.XLOOKUP($E78,$D$22:$D$26,$E$22:$E$26),_xlfn.XLOOKUP($E78, $D$31:$D$35,$E$31:$E$35),F54,$F66)} -> 281.36365 | G78: {=MMS_Dairy_ManureAppliedToSoils_Equations.VEERG_4_3_1_8__1_MassOfNitrogenAppliedToSoilsScope1(G42,_xlfn.XLOOKUP($E78,$D$22:$D$26,$E$22:$E$26),_xlfn.XLOOKUP($E78, $D$31:$D$35,$E$31:$E$35),G54,$F66)} -> 109.41474 | H78: {=MMS_Dairy_ManureAppliedToSoils_Equations.VEERG_4_3_1_8__1_MassOfNitrogenAppliedToSoilsScope1(H42,_xlfn.XLOOKUP($E78,$D$22:$D$26,$E$22:$E$26),_xlfn.XLOOKUP($E78, $D$31:$D$35,$E$31:$E$35),H54,$F66)} -> 43.578734 | I78: {=MMS_Dairy_ManureAppliedToSoils_Equations.VEERG_4_3_1_8__1_MassOfNitrogenAppliedToSoilsScope1(I42,_xlfn.XLOOKUP($E78,$D$22:$D$26,$E$22:$E$26),_xlfn.XLOOKUP($E78, $D$31:$D$35,$E$31:$E$35),I54,$F66)} -> 137.53866 | J78: {=MMS_Dairy_ManureAppliedToSoils_Equations.VEERG_4_3_1_8__1_MassOfNitrogenAppliedToSoilsScope1(J42,_xlfn.XLOOKUP($E78,$D$22:$D$26,$E$22:$E$26),_xlfn.XLOOKUP($E78, $D$31:$D$35,$E$31:$E$35),J54,$F66)} -> 57.577714 | O78: ='Input - Dairy'!$D$66 -> Milking shed | P78: ='Input - Dairy'!$D$91 -> Drains to paddock | Q78: {=MMS_Dairy_ManureAppliedToSoils_Equations.VEERG_4_3_1_8__1_MassOfNitrogenAppliedToSoilsScope1(Q42,_xlfn.XLOOKUP($P78,$D$22:$D$26,$E$22:$E$26),_xlfn.XLOOKUP($P78, $D$31:$D$35,$E$31:$E$35),Q54,$F66)} -> 281.36365 | R78: {=MMS_Dairy_ManureAppliedToSoils_Equations.VEERG_4_3_1_8__1_MassOfNitrogenAppliedToSoilsScope1(R42,_xlfn.XLOOKUP($P78,$D$22:$D$26,$E$22:$E$26),_xlfn.XLOOKUP($P78, $D$31:$D$35,$E$31:$E$35),R54,$F66)} -> 109.41474 | S78: {=MMS_Dairy_ManureAppliedToSoils_Equations.VEERG_4_3_1_8__1_MassOfNitrogenAppliedToSoilsScope1(S42,_xlfn.XLOOKUP($P78,$D$22:$D$26,$E$22:$E$26),_xlfn.XLOOKUP($P78, $D$31:$D$35,$E$31:$E$35),S54,$F66)} -> 43.578734 | T78: {=MMS_Dairy_ManureAppliedToSoils_Equations.VEERG_4_3_1_8__1_MassOfNitrogenAppliedToSoilsScope1(T42,_xlfn.XLOOKUP($P78,$D$22:$D$26,$E$22:$E$26),_xlfn.XLOOKUP($P78, $D$31:$D$35,$E$31:$E$35),T54,$F66)} -> 137.53866 | U78: {=MMS_Dairy_ManureAppliedToSoils_Equations.VEERG_4_3_1_8__1_MassOfNitrogenAppliedToSoilsScope1(U42,_xlfn.XLOOKUP($P78,$D$22:$D$26,$E$22:$E$26),_xlfn.XLOOKUP($P78, $D$31:$D$35,$E$31:$E$35),U54,$F66)} -> 57.577714
D79: ='Input - Dairy'!$D$66 -> Milking shed | E79: Solid storage | F79: {=MMS_Dairy_ManureAppliedToSoils_Equations.VEERG_4_3_1_8__1_MassOfNitrogenAppliedToSoilsScope1(F43,_xlfn.XLOOKUP($E79,$D$22:$D$26,$E$22:$E$26),_xlfn.XLOOKUP($E79, $D$31:$D$35,$E$31:$E$35),F55,$F67)} -> 415.45101 | G79: {=MMS_Dairy_ManureAppliedToSoils_Equations.VEERG_4_3_1_8__1_MassOfNitrogenAppliedToSoilsScope1(G43,_xlfn.XLOOKUP($E79,$D$22:$D$26,$E$22:$E$26),_xlfn.XLOOKUP($E79, $D$31:$D$35,$E$31:$E$35),G55,$F67)} -> 161.5577 | H79: {=MMS_Dairy_ManureAppliedToSoils_Equations.VEERG_4_3_1_8__1_MassOfNitrogenAppliedToSoilsScope1(H43,_xlfn.XLOOKUP($E79,$D$22:$D$26,$E$22:$E$26),_xlfn.XLOOKUP($E79, $D$31:$D$35,$E$31:$E$35),H55,$F67)} -> 64.346725 | I79: {=MMS_Dairy_ManureAppliedToSoils_Equations.VEERG_4_3_1_8__1_MassOfNitrogenAppliedToSoilsScope1(I43,_xlfn.XLOOKUP($E79,$D$22:$D$26,$E$22:$E$26),_xlfn.XLOOKUP($E79, $D$31:$D$35,$E$31:$E$35),I55,$F67)} -> 203.08442 | J79: {=MMS_Dairy_ManureAppliedToSoils_Equations.VEERG_4_3_1_8__1_MassOfNitrogenAppliedToSoilsScope1(J43,_xlfn.XLOOKUP($E79,$D$22:$D$26,$E$22:$E$26),_xlfn.XLOOKUP($E79, $D$31:$D$35,$E$31:$E$35),J55,$F67)} -> 85.017094 | O79: ='Input - Dairy'!$D$66 -> Milking shed | P79: Solid storage | Q79: {=MMS_Dairy_ManureAppliedToSoils_Equations.VEERG_4_3_1_8__1_MassOfNitrogenAppliedToSoilsScope1(Q43,_xlfn.XLOOKUP($P79,$D$22:$D$26,$E$22:$E$26),_xlfn.XLOOKUP($P79, $D$31:$D$35,$E$31:$E$35),Q55,$F67)} -> 415.45101 | R79: {=MMS_Dairy_ManureAppliedToSoils_Equations.VEERG_4_3_1_8__1_MassOfNitrogenAppliedToSoilsScope1(R43,_xlfn.XLOOKUP($P79,$D$22:$D$26,$E$22:$E$26),_xlfn.XLOOKUP($P79, $D$31:$D$35,$E$31:$E$35),R55,$F67)} -> 161.5577 | S79: {=MMS_Dairy_ManureAppliedToSoils_Equations.VEERG_4_3_1_8__1_MassOfNitrogenAppliedToSoilsScope1(S43,_xlfn.XLOOKUP($P79,$D$22:$D$26,$E$22:$E$26),_xlfn.XLOOKUP($P79, $D$31:$D$35,$E$31:$E$35),S55,$F67)} -> 64.346725 | T79: {=MMS_Dairy_ManureAppliedToSoils_Equations.VEERG_4_3_1_8__1_MassOfNitrogenAppliedToSoilsScope1(T43,_xlfn.XLOOKUP($P79,$D$22:$D$26,$E$22:$E$26),_xlfn.XLOOKUP($P79, $D$31:$D$35,$E$31:$E$35),T55,$F67)} -> 203.08442 | U79: {=MMS_Dairy_ManureAppliedToSoils_Equations.VEERG_4_3_1_8__1_MassOfNitrogenAppliedToSoilsScope1(U43,_xlfn.XLOOKUP($P79,$D$22:$D$26,$E$22:$E$26),_xlfn.XLOOKUP($P79, $D$31:$D$35,$E$31:$E$35),U55,$F67)} -> 85.017094
D80: ='Input - Dairy'!$D$67 -> Feed pad | E80: ='Input - Dairy'!$D$105 -> Anaerobic lagoon | F80: {=MMS_Dairy_ManureAppliedToSoils_Equations.VEERG_4_3_1_8__1_MassOfNitrogenAppliedToSoilsScope1(F44,_xlfn.XLOOKUP($E80,$D$22:$D$26,$E$22:$E$26),_xlfn.XLOOKUP($E80, $D$31:$D$35,$E$31:$E$35),F56,$F68)} -> 739.85849 | G80: {=MMS_Dairy_ManureAppliedToSoils_Equations.VEERG_4_3_1_8__1_MassOfNitrogenAppliedToSoilsScope1(G44,_xlfn.XLOOKUP($E80,$D$22:$D$26,$E$22:$E$26),_xlfn.XLOOKUP($E80, $D$31:$D$35,$E$31:$E$35),G56,$F68)} -> 287.71104 | H80: {=MMS_Dairy_ManureAppliedToSoils_Equations.VEERG_4_3_1_8__1_MassOfNitrogenAppliedToSoilsScope1(H44,_xlfn.XLOOKUP($E80,$D$22:$D$26,$E$22:$E$26),_xlfn.XLOOKUP($E80, $D$31:$D$35,$E$31:$E$35),H56,$F68)} -> 114.59226 | I80: {=MMS_Dairy_ManureAppliedToSoils_Equations.VEERG_4_3_1_8__1_MassOfNitrogenAppliedToSoilsScope1(I44,_xlfn.XLOOKUP($E80,$D$22:$D$26,$E$22:$E$26),_xlfn.XLOOKUP($E80, $D$31:$D$35,$E$31:$E$35),I56,$F68)} -> 361.66415 | J80: {=MMS_Dairy_ManureAppliedToSoils_Equations.VEERG_4_3_1_8__1_MassOfNitrogenAppliedToSoilsScope1(J44,_xlfn.XLOOKUP($E80,$D$22:$D$26,$E$22:$E$26),_xlfn.XLOOKUP($E80, $D$31:$D$35,$E$31:$E$35),J56,$F68)} -> 151.40322 | O80: ='Input - Dairy'!$D$67 -> Feed pad | P80: ='Input - Dairy'!$D$105 -> Anaerobic lagoon | Q80: {=MMS_Dairy_ManureAppliedToSoils_Equations.VEERG_4_3_1_8__1_MassOfNitrogenAppliedToSoilsScope1(Q44,_xlfn.XLOOKUP($P80,$D$22:$D$26,$E$22:$E$26),_xlfn.XLOOKUP($P80, $D$31:$D$35,$E$31:$E$35),Q56,$F68)} -> 739.85849 | R80: {=MMS_Dairy_ManureAppliedToSoils_Equations.VEERG_4_3_1_8__1_MassOfNitrogenAppliedToSoilsScope1(R44,_xlfn.XLOOKUP($P80,$D$22:$D$26,$E$22:$E$26),_xlfn.XLOOKUP($P80, $D$31:$D$35,$E$31:$E$35),R56,$F68)} -> 287.71104 | S80: {=MMS_Dairy_ManureAppliedToSoils_Equations.VEERG_4_3_1_8__1_MassOfNitrogenAppliedToSoilsScope1(S44,_xlfn.XLOOKUP($P80,$D$22:$D$26,$E$22:$E$26),_xlfn.XLOOKUP($P80, $D$31:$D$35,$E$31:$E$35),S56,$F68)} -> 114.59226 | T80: {=MMS_Dairy_ManureAppliedToSoils_Equations.VEERG_4_3_1_8__1_MassOfNitrogenAppliedToSoilsScope1(T44,_xlfn.XLOOKUP($P80,$D$22:$D$26,$E$22:$E$26),_xlfn.XLOOKUP($P80, $D$31:$D$35,$E$31:$E$35),T56,$F68)} -> 361.66415 | U80: {=MMS_Dairy_ManureAppliedToSoils_Equations.VEERG_4_3_1_8__1_MassOfNitrogenAppliedToSoilsScope1(U44,_xlfn.XLOOKUP($P80,$D$22:$D$26,$E$22:$E$26),_xlfn.XLOOKUP($P80, $D$31:$D$35,$E$31:$E$35),U56,$F68)} -> 151.40322
D81: ='Input - Dairy'!$D$67 -> Feed pad | E81: ='Input - Dairy'!$D$110 -> Sump and dispersal system | F81: {=MMS_Dairy_ManureAppliedToSoils_Equations.VEERG_4_3_1_8__1_MassOfNitrogenAppliedToSoilsScope1(F45,_xlfn.XLOOKUP($E81,$D$22:$D$26,$E$22:$E$26),_xlfn.XLOOKUP($E81, $D$31:$D$35,$E$31:$E$35),F57,$F69)} -> 1058.5668 | G81: {=MMS_Dairy_ManureAppliedToSoils_Equations.VEERG_4_3_1_8__1_MassOfNitrogenAppliedToSoilsScope1(G45,_xlfn.XLOOKUP($E81,$D$22:$D$26,$E$22:$E$26),_xlfn.XLOOKUP($E81, $D$31:$D$35,$E$31:$E$35),G57,$F69)} -> 411.6481 | H81: {=MMS_Dairy_ManureAppliedToSoils_Equations.VEERG_4_3_1_8__1_MassOfNitrogenAppliedToSoilsScope1(H45,_xlfn.XLOOKUP($E81,$D$22:$D$26,$E$22:$E$26),_xlfn.XLOOKUP($E81, $D$31:$D$35,$E$31:$E$35),H57,$F69)} -> 163.95508 | I81: {=MMS_Dairy_ManureAppliedToSoils_Equations.VEERG_4_3_1_8__1_MassOfNitrogenAppliedToSoilsScope1(I45,_xlfn.XLOOKUP($E81,$D$22:$D$26,$E$22:$E$26),_xlfn.XLOOKUP($E81, $D$31:$D$35,$E$31:$E$35),I57,$F69)} -> 517.45794 | J81: {=MMS_Dairy_ManureAppliedToSoils_Equations.VEERG_4_3_1_8__1_MassOfNitrogenAppliedToSoilsScope1(J45,_xlfn.XLOOKUP($E81,$D$22:$D$26,$E$22:$E$26),_xlfn.XLOOKUP($E81, $D$31:$D$35,$E$31:$E$35),J57,$F69)} -> 216.62306 | O81: ='Input - Dairy'!$D$67 -> Feed pad | P81: ='Input - Dairy'!$D$110 -> Sump and dispersal system | Q81: {=MMS_Dairy_ManureAppliedToSoils_Equations.VEERG_4_3_1_8__1_MassOfNitrogenAppliedToSoilsScope1(Q45,_xlfn.XLOOKUP($P81,$D$22:$D$26,$E$22:$E$26),_xlfn.XLOOKUP($P81, $D$31:$D$35,$E$31:$E$35),Q57,$F69)} -> 1058.5668 | R81: {=MMS_Dairy_ManureAppliedToSoils_Equations.VEERG_4_3_1_8__1_MassOfNitrogenAppliedToSoilsScope1(R45,_xlfn.XLOOKUP($P81,$D$22:$D$26,$E$22:$E$26),_xlfn.XLOOKUP($P81, $D$31:$D$35,$E$31:$E$35),R57,$F69)} -> 411.6481 | S81: {=MMS_Dairy_ManureAppliedToSoils_Equations.VEERG_4_3_1_8__1_MassOfNitrogenAppliedToSoilsScope1(S45,_xlfn.XLOOKUP($P81,$D$22:$D$26,$E$22:$E$26),_xlfn.XLOOKUP($P81, $D$31:$D$35,$E$31:$E$35),S57,$F69)} -> 163.95508 | T81: {=MMS_Dairy_ManureAppliedToSoils_Equations.VEERG_4_3_1_8__1_MassOfNitrogenAppliedToSoilsScope1(T45,_xlfn.XLOOKUP($P81,$D$22:$D$26,$E$22:$E$26),_xlfn.XLOOKUP($P81, $D$31:$D$35,$E$31:$E$35),T57,$F69)} -> 517.45794 | U81: {=MMS_Dairy_ManureAppliedToSoils_Equations.VEERG_4_3_1_8__1_MassOfNitrogenAppliedToSoilsScope1(U45,_xlfn.XLOOKUP($P81,$D$22:$D$26,$E$22:$E$26),_xlfn.XLOOKUP($P81, $D$31:$D$35,$E$31:$E$35),U57,$F69)} -> 216.62306
D82: ='Input - Dairy'!$D$67 -> Feed pad | E82: ='Input - Dairy'!$D$115 -> Drains to paddock | F82: {=MMS_Dairy_ManureAppliedToSoils_Equations.VEERG_4_3_1_8__1_MassOfNitrogenAppliedToSoilsScope1(F46,_xlfn.XLOOKUP($E82,$D$22:$D$26,$E$22:$E$26),_xlfn.XLOOKUP($E82, $D$31:$D$35,$E$31:$E$35),F58,$F70)} -> 910.59507 | G82: {=MMS_Dairy_ManureAppliedToSoils_Equations.VEERG_4_3_1_8__1_MassOfNitrogenAppliedToSoilsScope1(G46,_xlfn.XLOOKUP($E82,$D$22:$D$26,$E$22:$E$26),_xlfn.XLOOKUP($E82, $D$31:$D$35,$E$31:$E$35),G58,$F70)} -> 354.10589 | H82: {=MMS_Dairy_ManureAppliedToSoils_Equations.VEERG_4_3_1_8__1_MassOfNitrogenAppliedToSoilsScope1(H46,_xlfn.XLOOKUP($E82,$D$22:$D$26,$E$22:$E$26),_xlfn.XLOOKUP($E82, $D$31:$D$35,$E$31:$E$35),H58,$F70)} -> 141.03663 | I82: {=MMS_Dairy_ManureAppliedToSoils_Equations.VEERG_4_3_1_8__1_MassOfNitrogenAppliedToSoilsScope1(I46,_xlfn.XLOOKUP($E82,$D$22:$D$26,$E$22:$E$26),_xlfn.XLOOKUP($E82, $D$31:$D$35,$E$31:$E$35),I58,$F70)} -> 445.12511 | J82: {=MMS_Dairy_ManureAppliedToSoils_Equations.VEERG_4_3_1_8__1_MassOfNitrogenAppliedToSoilsScope1(J46,_xlfn.XLOOKUP($E82,$D$22:$D$26,$E$22:$E$26),_xlfn.XLOOKUP($E82, $D$31:$D$35,$E$31:$E$35),J58,$F70)} -> 186.34242 | O82: ='Input - Dairy'!$D$67 -> Feed pad | P82: ='Input - Dairy'!$D$115 -> Drains to paddock | Q82: {=MMS_Dairy_ManureAppliedToSoils_Equations.VEERG_4_3_1_8__1_MassOfNitrogenAppliedToSoilsScope1(Q46,_xlfn.XLOOKUP($P82,$D$22:$D$26,$E$22:$E$26),_xlfn.XLOOKUP($P82, $D$31:$D$35,$E$31:$E$35),Q58,$F70)} -> 910.59507 | R82: {=MMS_Dairy_ManureAppliedToSoils_Equations.VEERG_4_3_1_8__1_MassOfNitrogenAppliedToSoilsScope1(R46,_xlfn.XLOOKUP($P82,$D$22:$D$26,$E$22:$E$26),_xlfn.XLOOKUP($P82, $D$31:$D$35,$E$31:$E$35),R58,$F70)} -> 354.10589 | S82: {=MMS_Dairy_ManureAppliedToSoils_Equations.VEERG_4_3_1_8__1_MassOfNitrogenAppliedToSoilsScope1(S46,_xlfn.XLOOKUP($P82,$D$22:$D$26,$E$22:$E$26),_xlfn.XLOOKUP($P82, $D$31:$D$35,$E$31:$E$35),S58,$F70)} -> 141.03663 | T82: {=MMS_Dairy_ManureAppliedToSoils_Equations.VEERG_4_3_1_8__1_MassOfNitrogenAppliedToSoilsScope1(T46,_xlfn.XLOOKUP($P82,$D$22:$D$26,$E$22:$E$26),_xlfn.XLOOKUP($P82, $D$31:$D$35,$E$31:$E$35),T58,$F70)} -> 445.12511 | U82: {=MMS_Dairy_ManureAppliedToSoils_Equations.VEERG_4_3_1_8__1_MassOfNitrogenAppliedToSoilsScope1(U46,_xlfn.XLOOKUP($P82,$D$22:$D$26,$E$22:$E$26),_xlfn.XLOOKUP($P82, $D$31:$D$35,$E$31:$E$35),U58,$F70)} -> 186.34242
D83: ='Input - Dairy'!$D$67 -> Feed pad | E83: Solid storage | F83: {=MMS_Dairy_ManureAppliedToSoils_Equations.VEERG_4_3_1_8__1_MassOfNitrogenAppliedToSoilsScope1(F47,_xlfn.XLOOKUP($E83,$D$22:$D$26,$E$22:$E$26),_xlfn.XLOOKUP($E83, $D$31:$D$35,$E$31:$E$35),F59,$F71)} -> 1536.6292 | G83: {=MMS_Dairy_ManureAppliedToSoils_Equations.VEERG_4_3_1_8__1_MassOfNitrogenAppliedToSoilsScope1(G47,_xlfn.XLOOKUP($E83,$D$22:$D$26,$E$22:$E$26),_xlfn.XLOOKUP($E83, $D$31:$D$35,$E$31:$E$35),G59,$F71)} -> 597.55369 | H83: {=MMS_Dairy_ManureAppliedToSoils_Equations.VEERG_4_3_1_8__1_MassOfNitrogenAppliedToSoilsScope1(H47,_xlfn.XLOOKUP($E83,$D$22:$D$26,$E$22:$E$26),_xlfn.XLOOKUP($E83, $D$31:$D$35,$E$31:$E$35),H59,$F71)} -> 237.99932 | I83: {=MMS_Dairy_ManureAppliedToSoils_Equations.VEERG_4_3_1_8__1_MassOfNitrogenAppliedToSoilsScope1(I47,_xlfn.XLOOKUP($E83,$D$22:$D$26,$E$22:$E$26),_xlfn.XLOOKUP($E83, $D$31:$D$35,$E$31:$E$35),I59,$F71)} -> 751.14862 | J83: {=MMS_Dairy_ManureAppliedToSoils_Equations.VEERG_4_3_1_8__1_MassOfNitrogenAppliedToSoilsScope1(J47,_xlfn.XLOOKUP($E83,$D$22:$D$26,$E$22:$E$26),_xlfn.XLOOKUP($E83, $D$31:$D$35,$E$31:$E$35),J59,$F71)} -> 314.45283 | O83: ='Input - Dairy'!$D$67 -> Feed pad | P83: Solid storage | Q83: {=MMS_Dairy_ManureAppliedToSoils_Equations.VEERG_4_3_1_8__1_MassOfNitrogenAppliedToSoilsScope1(Q47,_xlfn.XLOOKUP($P83,$D$22:$D$26,$E$22:$E$26),_xlfn.XLOOKUP($P83, $D$31:$D$35,$E$31:$E$35),Q59,$F71)} -> 1536.6292 | R83: {=MMS_Dairy_ManureAppliedToSoils_Equations.VEERG_4_3_1_8__1_MassOfNitrogenAppliedToSoilsScope1(R47,_xlfn.XLOOKUP($P83,$D$22:$D$26,$E$22:$E$26),_xlfn.XLOOKUP($P83, $D$31:$D$35,$E$31:$E$35),R59,$F71)} -> 597.55369 | S83: {=MMS_Dairy_ManureAppliedToSoils_Equations.VEERG_4_3_1_8__1_MassOfNitrogenAppliedToSoilsScope1(S47,_xlfn.XLOOKUP($P83,$D$22:$D$26,$E$22:$E$26),_xlfn.XLOOKUP($P83, $D$31:$D$35,$E$31:$E$35),S59,$F71)} -> 237.99932 | T83: {=MMS_Dairy_ManureAppliedToSoils_Equations.VEERG_4_3_1_8__1_MassOfNitrogenAppliedToSoilsScope1(T47,_xlfn.XLOOKUP($P83,$D$22:$D$26,$E$22:$E$26),_xlfn.XLOOKUP($P83, $D$31:$D$35,$E$31:$E$35),T59,$F71)} -> 751.14862 | U83: {=MMS_Dairy_ManureAppliedToSoils_Equations.VEERG_4_3_1_8__1_MassOfNitrogenAppliedToSoilsScope1(U47,_xlfn.XLOOKUP($P83,$D$22:$D$26,$E$22:$E$26),_xlfn.XLOOKUP($P83, $D$31:$D$35,$E$31:$E$35),U59,$F71)} -> 314.45283
D85: MNSoilscope1 | E85: =SUM(F76:J83) -> 12428.471 | F85: =$E$11 -> kg N | O85: MNSoilscope1 | P85: =SUM(Q76:U83) -> 12428.471 | Q85: =$E$11 -> kg N
A87: =HYPERLINK("#A1", "▲ Back to top") -> ▲ Back to top
D89: {=MMS_Dairy_ManureAppliedToSoils_Equations.VEERG_4_3_1_8__2_MassOfNitrogenAppliedToSoilsScope3_Title()} -> Mass of nitrogen from manure applied to soils for scope 3 emissions
D90: {=MMS_Dairy_ManureAppliedToSoils_Equations.VEERG_4_3_1_8__2_MassOfNitrogenAppliedToSoilsScope3_Source()} -> VEERG 2026: 4.3.1.8, Equation (2)
D91: Function name | E91: {=Common_InputFunctions.Utility_DisplayFunctionName($F$106)} -> =MMS_Dairy_ManureAppliedToSoils_Equations.VEERG_4_3_1_8__2_MassOfNitrogenAppliedToSoilsScope3
D94: Variable | E94: {=MMS_Dairy_ManureAppliedToSoils_Equations.VEERG_4_3_1_8__2_MassOfNitrogenAppliedToSoilsScope3_Variable()} -> MNSoil_scope3
D95: Unit | E95: {=MMS_Dairy_ManureAppliedToSoils_Equations.VEERG_4_3_1_8__2_MassOfNitrogenAppliedToSoilsScope3_Unit()} -> kg N
D97: {=_xlfn.CHOOSECOLS(MMS_Dairy_ManureAppliedToSoils_Equations.VEERG_4_3_1_8__2_MassOfNitrogenAppliedToSoilsScope3_Arguments(),1,2)} -> MN_jm | E97: total nitrogen in each MMS for dairy cattle classes | G97: {=_xlfn.CHOOSECOLS(MMS_Dairy_ManureAppliedToSoils_Equations.VEERG_4_3_1_8__2_MassOfNitrogenAppliedToSoilsScope3_Arguments(),3,4)} -> kg N | H97: Calculated from 4.3.1.3 (2) | I97: {=HYPERLINK(Common_InputFunctions.Utility_SourceHyperlink($D$37),$D$37)} -> M1_Table_MN_j_m
D98: EF_m | E98: emission factor for nitrous oxide emissions per MMS | G98: kg N2O-N/kg N | H98: Constant | I98: {=HYPERLINK(Common_InputFunctions.Utility_SourceHyperlink($D$19),$D$19)} -> Table_EF_m
D99: FracGASM_m | E99: fraction of N volatilised from MMS | G99: fraction | H99: Constant | I99: {=HYPERLINK(Common_InputFunctions.Utility_SourceHyperlink($D$28),$D$28)} -> Table_FracGASM_m
D100: MNLeach_jm | E100: mass of N lost through leaching and runoff from each MMS | G100: kg N | H100: Calculated from 4.3.1.6 (2) | I100: {=HYPERLINK(Common_InputFunctions.Utility_SourceHyperlink($D$49),$D$49)} -> M1_Table_MN_leach_j_m
D101: PF | E101: fraction of manure applied to soil within farm boundary | G101: fraction | H101: Input | I101: {=HYPERLINK(Common_InputFunctions.Utility_SourceHyperlink($D$61),$D$61)} -> Table_PF_scope
D103: M1_Table_MN_soil_scope3 | O103: M2_Table_MN_soil_scope3
D104: Mass of nitrogen from manure applied to soils for scope 3 emissions (Method 1) | O104: Mass of nitrogen from manure applied to soils for scope 3 emissions (Method 2)
D105: Production system | E105: MMS | F105: Milking cows | G105: Heifers > 1 year | H105: Heifers < 1 year | I105: Bulls > 1 year | J105: Bulls < 1 year | O105: Production system | P105: MMS | Q105: Milking cows | R105: Heifers > 1 year | S105: Heifers < 1 year | T105: Bulls > 1 year | U105: Bulls < 1 year
D106: ='Input - Dairy'!$D$66 -> Milking shed | E106: ='Input - Dairy'!$D$81 -> Anaerobic lagoon | F106: {=MMS_Dairy_ManureAppliedToSoils_Equations.VEERG_4_3_1_8__2_MassOfNitrogenAppliedToSoilsScope3(F40, _xlfn.XLOOKUP($E106, $D$22:$D$26,$E$22:$E$26), _xlfn.XLOOKUP($E106,$D$31:$D$35,$E$31:$E$35),F52, $F64)} -> 95.253317 | G106: {=MMS_Dairy_ManureAppliedToSoils_Equations.VEERG_4_3_1_8__2_MassOfNitrogenAppliedToSoilsScope3(G40, _xlfn.XLOOKUP($E106, $D$22:$D$26,$E$22:$E$26), _xlfn.XLOOKUP($E106,$D$31:$D$35,$E$31:$E$35),G52, $F64)} -> 37.041449 | H106: {=MMS_Dairy_ManureAppliedToSoils_Equations.VEERG_4_3_1_8__2_MassOfNitrogenAppliedToSoilsScope3(H40, _xlfn.XLOOKUP($E106, $D$22:$D$26,$E$22:$E$26), _xlfn.XLOOKUP($E106,$D$31:$D$35,$E$31:$E$35),H52, $F64)} -> 14.753217 | I106: {=MMS_Dairy_ManureAppliedToSoils_Equations.VEERG_4_3_1_8__2_MassOfNitrogenAppliedToSoilsScope3(I40, _xlfn.XLOOKUP($E106, $D$22:$D$26,$E$22:$E$26), _xlfn.XLOOKUP($E106,$D$31:$D$35,$E$31:$E$35),I52, $F64)} -> 46.562566 | J106: {=MMS_Dairy_ManureAppliedToSoils_Equations.VEERG_4_3_1_8__2_MassOfNitrogenAppliedToSoilsScope3(J40, _xlfn.XLOOKUP($E106, $D$22:$D$26,$E$22:$E$26), _xlfn.XLOOKUP($E106,$D$31:$D$35,$E$31:$E$35),J52, $F64)} -> 19.492455 | K106: =$E$95 -> kg N | O106: ='Input - Dairy'!$D$66 -> Milking shed | P106: ='Input - Dairy'!$D$81 -> Anaerobic lagoon | Q106: {=MMS_Dairy_ManureAppliedToSoils_Equations.VEERG_4_3_1_8__2_MassOfNitrogenAppliedToSoilsScope3(Q40, _xlfn.XLOOKUP($P106, $D$22:$D$26,$E$22:$E$26), _xlfn.XLOOKUP($P106,$D$31:$D$35,$E$31:$E$35),Q52, $F64)} -> 95.253317 | R106: {=MMS_Dairy_ManureAppliedToSoils_Equations.VEERG_4_3_1_8__2_MassOfNitrogenAppliedToSoilsScope3(R40, _xlfn.XLOOKUP($P106, $D$22:$D$26,$E$22:$E$26), _xlfn.XLOOKUP($P106,$D$31:$D$35,$E$31:$E$35),R52, $F64)} -> 37.041449 | S106: {=MMS_Dairy_ManureAppliedToSoils_Equations.VEERG_4_3_1_8__2_MassOfNitrogenAppliedToSoilsScope3(S40, _xlfn.XLOOKUP($P106, $D$22:$D$26,$E$22:$E$26), _xlfn.XLOOKUP($P106,$D$31:$D$35,$E$31:$E$35),S52, $F64)} -> 14.753217 | T106: {=MMS_Dairy_ManureAppliedToSoils_Equations.VEERG_4_3_1_8__2_MassOfNitrogenAppliedToSoilsScope3(T40, _xlfn.XLOOKUP($P106, $D$22:$D$26,$E$22:$E$26), _xlfn.XLOOKUP($P106,$D$31:$D$35,$E$31:$E$35),T52, $F64)} -> 46.562566 | U106: {=MMS_Dairy_ManureAppliedToSoils_Equations.VEERG_4_3_1_8__2_MassOfNitrogenAppliedToSoilsScope3(U40, _xlfn.XLOOKUP($P106, $D$22:$D$26,$E$22:$E$26), _xlfn.XLOOKUP($P106,$D$31:$D$35,$E$31:$E$35),U52, $F64)} -> 19.492455 | V106: =$E$95 -> kg N
D107: ='Input - Dairy'!$D$66 -> Milking shed | E107: ='Input - Dairy'!$D$86 -> Sump and dispersal system | F107: {=MMS_Dairy_ManureAppliedToSoils_Equations.VEERG_4_3_1_8__2_MassOfNitrogenAppliedToSoilsScope3(F41, _xlfn.XLOOKUP($E107, $D$22:$D$26,$E$22:$E$26), _xlfn.XLOOKUP($E107,$D$31:$D$35,$E$31:$E$35),F53, $F65)} -> 109.02841 | G107: {=MMS_Dairy_ManureAppliedToSoils_Equations.VEERG_4_3_1_8__2_MassOfNitrogenAppliedToSoilsScope3(G41, _xlfn.XLOOKUP($E107, $D$22:$D$26,$E$22:$E$26), _xlfn.XLOOKUP($E107,$D$31:$D$35,$E$31:$E$35),G53, $F65)} -> 42.398212 | H107: {=MMS_Dairy_ManureAppliedToSoils_Equations.VEERG_4_3_1_8__2_MassOfNitrogenAppliedToSoilsScope3(H41, _xlfn.XLOOKUP($E107, $D$22:$D$26,$E$22:$E$26), _xlfn.XLOOKUP($E107,$D$31:$D$35,$E$31:$E$35),H53, $F65)} -> 16.88676 | I107: {=MMS_Dairy_ManureAppliedToSoils_Equations.VEERG_4_3_1_8__2_MassOfNitrogenAppliedToSoilsScope3(I41, _xlfn.XLOOKUP($E107, $D$22:$D$26,$E$22:$E$26), _xlfn.XLOOKUP($E107,$D$31:$D$35,$E$31:$E$35),I53, $F65)} -> 53.29623 | J107: {=MMS_Dairy_ManureAppliedToSoils_Equations.VEERG_4_3_1_8__2_MassOfNitrogenAppliedToSoilsScope3(J41, _xlfn.XLOOKUP($E107, $D$22:$D$26,$E$22:$E$26), _xlfn.XLOOKUP($E107,$D$31:$D$35,$E$31:$E$35),J53, $F65)} -> 22.311364 | O107: ='Input - Dairy'!$D$66 -> Milking shed | P107: ='Input - Dairy'!$D$86 -> Sump and dispersal system | Q107: {=MMS_Dairy_ManureAppliedToSoils_Equations.VEERG_4_3_1_8__2_MassOfNitrogenAppliedToSoilsScope3(Q41, _xlfn.XLOOKUP($P107, $D$22:$D$26,$E$22:$E$26), _xlfn.XLOOKUP($P107,$D$31:$D$35,$E$31:$E$35),Q53, $F65)} -> 109.02841 | R107: {=MMS_Dairy_ManureAppliedToSoils_Equations.VEERG_4_3_1_8__2_MassOfNitrogenAppliedToSoilsScope3(R41, _xlfn.XLOOKUP($P107, $D$22:$D$26,$E$22:$E$26), _xlfn.XLOOKUP($P107,$D$31:$D$35,$E$31:$E$35),R53, $F65)} -> 42.398212 | S107: {=MMS_Dairy_ManureAppliedToSoils_Equations.VEERG_4_3_1_8__2_MassOfNitrogenAppliedToSoilsScope3(S41, _xlfn.XLOOKUP($P107, $D$22:$D$26,$E$22:$E$26), _xlfn.XLOOKUP($P107,$D$31:$D$35,$E$31:$E$35),S53, $F65)} -> 16.88676 | T107: {=MMS_Dairy_ManureAppliedToSoils_Equations.VEERG_4_3_1_8__2_MassOfNitrogenAppliedToSoilsScope3(T41, _xlfn.XLOOKUP($P107, $D$22:$D$26,$E$22:$E$26), _xlfn.XLOOKUP($P107,$D$31:$D$35,$E$31:$E$35),T53, $F65)} -> 53.29623 | U107: {=MMS_Dairy_ManureAppliedToSoils_Equations.VEERG_4_3_1_8__2_MassOfNitrogenAppliedToSoilsScope3(U41, _xlfn.XLOOKUP($P107, $D$22:$D$26,$E$22:$E$26), _xlfn.XLOOKUP($P107,$D$31:$D$35,$E$31:$E$35),U53, $F65)} -> 22.311364
D108: ='Input - Dairy'!$D$66 -> Milking shed | E108: ='Input - Dairy'!$D$91 -> Drains to paddock | F108: {=MMS_Dairy_ManureAppliedToSoils_Equations.VEERG_4_3_1_8__2_MassOfNitrogenAppliedToSoilsScope3(F42, _xlfn.XLOOKUP($E108, $D$22:$D$26,$E$22:$E$26), _xlfn.XLOOKUP($E108,$D$31:$D$35,$E$31:$E$35),F54, $F66)} -> 93.787882 | G108: {=MMS_Dairy_ManureAppliedToSoils_Equations.VEERG_4_3_1_8__2_MassOfNitrogenAppliedToSoilsScope3(G42, _xlfn.XLOOKUP($E108, $D$22:$D$26,$E$22:$E$26), _xlfn.XLOOKUP($E108,$D$31:$D$35,$E$31:$E$35),G54, $F66)} -> 36.471581 | H108: {=MMS_Dairy_ManureAppliedToSoils_Equations.VEERG_4_3_1_8__2_MassOfNitrogenAppliedToSoilsScope3(H42, _xlfn.XLOOKUP($E108, $D$22:$D$26,$E$22:$E$26), _xlfn.XLOOKUP($E108,$D$31:$D$35,$E$31:$E$35),H54, $F66)} -> 14.526245 | I108: {=MMS_Dairy_ManureAppliedToSoils_Equations.VEERG_4_3_1_8__2_MassOfNitrogenAppliedToSoilsScope3(I42, _xlfn.XLOOKUP($E108, $D$22:$D$26,$E$22:$E$26), _xlfn.XLOOKUP($E108,$D$31:$D$35,$E$31:$E$35),I54, $F66)} -> 45.846219 | J108: {=MMS_Dairy_ManureAppliedToSoils_Equations.VEERG_4_3_1_8__2_MassOfNitrogenAppliedToSoilsScope3(J42, _xlfn.XLOOKUP($E108, $D$22:$D$26,$E$22:$E$26), _xlfn.XLOOKUP($E108,$D$31:$D$35,$E$31:$E$35),J54, $F66)} -> 19.192571 | O108: ='Input - Dairy'!$D$66 -> Milking shed | P108: ='Input - Dairy'!$D$91 -> Drains to paddock | Q108: {=MMS_Dairy_ManureAppliedToSoils_Equations.VEERG_4_3_1_8__2_MassOfNitrogenAppliedToSoilsScope3(Q42, _xlfn.XLOOKUP($P108, $D$22:$D$26,$E$22:$E$26), _xlfn.XLOOKUP($P108,$D$31:$D$35,$E$31:$E$35),Q54, $F66)} -> 93.787882 | R108: {=MMS_Dairy_ManureAppliedToSoils_Equations.VEERG_4_3_1_8__2_MassOfNitrogenAppliedToSoilsScope3(R42, _xlfn.XLOOKUP($P108, $D$22:$D$26,$E$22:$E$26), _xlfn.XLOOKUP($P108,$D$31:$D$35,$E$31:$E$35),R54, $F66)} -> 36.471581 | S108: {=MMS_Dairy_ManureAppliedToSoils_Equations.VEERG_4_3_1_8__2_MassOfNitrogenAppliedToSoilsScope3(S42, _xlfn.XLOOKUP($P108, $D$22:$D$26,$E$22:$E$26), _xlfn.XLOOKUP($P108,$D$31:$D$35,$E$31:$E$35),S54, $F66)} -> 14.526245 | T108: {=MMS_Dairy_ManureAppliedToSoils_Equations.VEERG_4_3_1_8__2_MassOfNitrogenAppliedToSoilsScope3(T42, _xlfn.XLOOKUP($P108, $D$22:$D$26,$E$22:$E$26), _xlfn.XLOOKUP($P108,$D$31:$D$35,$E$31:$E$35),T54, $F66)} -> 45.846219 | U108: {=MMS_Dairy_ManureAppliedToSoils_Equations.VEERG_4_3_1_8__2_MassOfNitrogenAppliedToSoilsScope3(U42, _xlfn.XLOOKUP($P108, $D$22:$D$26,$E$22:$E$26), _xlfn.XLOOKUP($P108,$D$31:$D$35,$E$31:$E$35),U54, $F66)} -> 19.192571
D109: ='Input - Dairy'!$D$66 -> Milking shed | E109: Solid storage | F109: {=MMS_Dairy_ManureAppliedToSoils_Equations.VEERG_4_3_1_8__2_MassOfNitrogenAppliedToSoilsScope3(F43, _xlfn.XLOOKUP($E109, $D$22:$D$26,$E$22:$E$26), _xlfn.XLOOKUP($E109,$D$31:$D$35,$E$31:$E$35),F55, $F67)} -> 138.48367 | G109: {=MMS_Dairy_ManureAppliedToSoils_Equations.VEERG_4_3_1_8__2_MassOfNitrogenAppliedToSoilsScope3(G43, _xlfn.XLOOKUP($E109, $D$22:$D$26,$E$22:$E$26), _xlfn.XLOOKUP($E109,$D$31:$D$35,$E$31:$E$35),G55, $F67)} -> 53.852568 | H109: {=MMS_Dairy_ManureAppliedToSoils_Equations.VEERG_4_3_1_8__2_MassOfNitrogenAppliedToSoilsScope3(H43, _xlfn.XLOOKUP($E109, $D$22:$D$26,$E$22:$E$26), _xlfn.XLOOKUP($E109,$D$31:$D$35,$E$31:$E$35),H55, $F67)} -> 21.448908 | I109: {=MMS_Dairy_ManureAppliedToSoils_Equations.VEERG_4_3_1_8__2_MassOfNitrogenAppliedToSoilsScope3(I43, _xlfn.XLOOKUP($E109, $D$22:$D$26,$E$22:$E$26), _xlfn.XLOOKUP($E109,$D$31:$D$35,$E$31:$E$35),I55, $F67)} -> 67.694808 | J109: {=MMS_Dairy_ManureAppliedToSoils_Equations.VEERG_4_3_1_8__2_MassOfNitrogenAppliedToSoilsScope3(J43, _xlfn.XLOOKUP($E109, $D$22:$D$26,$E$22:$E$26), _xlfn.XLOOKUP($E109,$D$31:$D$35,$E$31:$E$35),J55, $F67)} -> 28.339031 | O109: ='Input - Dairy'!$D$66 -> Milking shed | P109: Solid storage | Q109: {=MMS_Dairy_ManureAppliedToSoils_Equations.VEERG_4_3_1_8__2_MassOfNitrogenAppliedToSoilsScope3(Q43, _xlfn.XLOOKUP($P109, $D$22:$D$26,$E$22:$E$26), _xlfn.XLOOKUP($P109,$D$31:$D$35,$E$31:$E$35),Q55, $F67)} -> 138.48367 | R109: {=MMS_Dairy_ManureAppliedToSoils_Equations.VEERG_4_3_1_8__2_MassOfNitrogenAppliedToSoilsScope3(R43, _xlfn.XLOOKUP($P109, $D$22:$D$26,$E$22:$E$26), _xlfn.XLOOKUP($P109,$D$31:$D$35,$E$31:$E$35),R55, $F67)} -> 53.852568 | S109: {=MMS_Dairy_ManureAppliedToSoils_Equations.VEERG_4_3_1_8__2_MassOfNitrogenAppliedToSoilsScope3(S43, _xlfn.XLOOKUP($P109, $D$22:$D$26,$E$22:$E$26), _xlfn.XLOOKUP($P109,$D$31:$D$35,$E$31:$E$35),S55, $F67)} -> 21.448908 | T109: {=MMS_Dairy_ManureAppliedToSoils_Equations.VEERG_4_3_1_8__2_MassOfNitrogenAppliedToSoilsScope3(T43, _xlfn.XLOOKUP($P109, $D$22:$D$26,$E$22:$E$26), _xlfn.XLOOKUP($P109,$D$31:$D$35,$E$31:$E$35),T55, $F67)} -> 67.694808 | U109: {=MMS_Dairy_ManureAppliedToSoils_Equations.VEERG_4_3_1_8__2_MassOfNitrogenAppliedToSoilsScope3(U43, _xlfn.XLOOKUP($P109, $D$22:$D$26,$E$22:$E$26), _xlfn.XLOOKUP($P109,$D$31:$D$35,$E$31:$E$35),U55, $F67)} -> 28.339031
D110: ='Input - Dairy'!$D$67 -> Feed pad | E110: ='Input - Dairy'!$D$105 -> Anaerobic lagoon | F110: {=MMS_Dairy_ManureAppliedToSoils_Equations.VEERG_4_3_1_8__2_MassOfNitrogenAppliedToSoilsScope3(F44, _xlfn.XLOOKUP($E110, $D$22:$D$26,$E$22:$E$26), _xlfn.XLOOKUP($E110,$D$31:$D$35,$E$31:$E$35),F56, $F68)} -> 246.6195 | G110: {=MMS_Dairy_ManureAppliedToSoils_Equations.VEERG_4_3_1_8__2_MassOfNitrogenAppliedToSoilsScope3(G44, _xlfn.XLOOKUP($E110, $D$22:$D$26,$E$22:$E$26), _xlfn.XLOOKUP($E110,$D$31:$D$35,$E$31:$E$35),G56, $F68)} -> 95.903679 | H110: {=MMS_Dairy_ManureAppliedToSoils_Equations.VEERG_4_3_1_8__2_MassOfNitrogenAppliedToSoilsScope3(H44, _xlfn.XLOOKUP($E110, $D$22:$D$26,$E$22:$E$26), _xlfn.XLOOKUP($E110,$D$31:$D$35,$E$31:$E$35),H56, $F68)} -> 38.197421 | I110: {=MMS_Dairy_ManureAppliedToSoils_Equations.VEERG_4_3_1_8__2_MassOfNitrogenAppliedToSoilsScope3(I44, _xlfn.XLOOKUP($E110, $D$22:$D$26,$E$22:$E$26), _xlfn.XLOOKUP($E110,$D$31:$D$35,$E$31:$E$35),I56, $F68)} -> 120.55472 | J110: {=MMS_Dairy_ManureAppliedToSoils_Equations.VEERG_4_3_1_8__2_MassOfNitrogenAppliedToSoilsScope3(J44, _xlfn.XLOOKUP($E110, $D$22:$D$26,$E$22:$E$26), _xlfn.XLOOKUP($E110,$D$31:$D$35,$E$31:$E$35),J56, $F68)} -> 50.467739 | O110: ='Input - Dairy'!$D$67 -> Feed pad | P110: ='Input - Dairy'!$D$105 -> Anaerobic lagoon | Q110: {=MMS_Dairy_ManureAppliedToSoils_Equations.VEERG_4_3_1_8__2_MassOfNitrogenAppliedToSoilsScope3(Q44, _xlfn.XLOOKUP($P110, $D$22:$D$26,$E$22:$E$26), _xlfn.XLOOKUP($P110,$D$31:$D$35,$E$31:$E$35),Q56, $F68)} -> 246.6195 | R110: {=MMS_Dairy_ManureAppliedToSoils_Equations.VEERG_4_3_1_8__2_MassOfNitrogenAppliedToSoilsScope3(R44, _xlfn.XLOOKUP($P110, $D$22:$D$26,$E$22:$E$26), _xlfn.XLOOKUP($P110,$D$31:$D$35,$E$31:$E$35),R56, $F68)} -> 95.903679 | S110: {=MMS_Dairy_ManureAppliedToSoils_Equations.VEERG_4_3_1_8__2_MassOfNitrogenAppliedToSoilsScope3(S44, _xlfn.XLOOKUP($P110, $D$22:$D$26,$E$22:$E$26), _xlfn.XLOOKUP($P110,$D$31:$D$35,$E$31:$E$35),S56, $F68)} -> 38.197421 | T110: {=MMS_Dairy_ManureAppliedToSoils_Equations.VEERG_4_3_1_8__2_MassOfNitrogenAppliedToSoilsScope3(T44, _xlfn.XLOOKUP($P110, $D$22:$D$26,$E$22:$E$26), _xlfn.XLOOKUP($P110,$D$31:$D$35,$E$31:$E$35),T56, $F68)} -> 120.55472 | U110: {=MMS_Dairy_ManureAppliedToSoils_Equations.VEERG_4_3_1_8__2_MassOfNitrogenAppliedToSoilsScope3(U44, _xlfn.XLOOKUP($P110, $D$22:$D$26,$E$22:$E$26), _xlfn.XLOOKUP($P110,$D$31:$D$35,$E$31:$E$35),U56, $F68)} -> 50.467739
D111: ='Input - Dairy'!$D$67 -> Feed pad | E111: ='Input - Dairy'!$D$110 -> Sump and dispersal system | F111: {=MMS_Dairy_ManureAppliedToSoils_Equations.VEERG_4_3_1_8__2_MassOfNitrogenAppliedToSoilsScope3(F45, _xlfn.XLOOKUP($E111, $D$22:$D$26,$E$22:$E$26), _xlfn.XLOOKUP($E111,$D$31:$D$35,$E$31:$E$35),F57, $F69)} -> 352.85559 | G111: {=MMS_Dairy_ManureAppliedToSoils_Equations.VEERG_4_3_1_8__2_MassOfNitrogenAppliedToSoilsScope3(G45, _xlfn.XLOOKUP($E111, $D$22:$D$26,$E$22:$E$26), _xlfn.XLOOKUP($E111,$D$31:$D$35,$E$31:$E$35),G57, $F69)} -> 137.21603 | H111: {=MMS_Dairy_ManureAppliedToSoils_Equations.VEERG_4_3_1_8__2_MassOfNitrogenAppliedToSoilsScope3(H45, _xlfn.XLOOKUP($E111, $D$22:$D$26,$E$22:$E$26), _xlfn.XLOOKUP($E111,$D$31:$D$35,$E$31:$E$35),H57, $F69)} -> 54.651695 | I111: {=MMS_Dairy_ManureAppliedToSoils_Equations.VEERG_4_3_1_8__2_MassOfNitrogenAppliedToSoilsScope3(I45, _xlfn.XLOOKUP($E111, $D$22:$D$26,$E$22:$E$26), _xlfn.XLOOKUP($E111,$D$31:$D$35,$E$31:$E$35),I57, $F69)} -> 172.48598 | J111: {=MMS_Dairy_ManureAppliedToSoils_Equations.VEERG_4_3_1_8__2_MassOfNitrogenAppliedToSoilsScope3(J45, _xlfn.XLOOKUP($E111, $D$22:$D$26,$E$22:$E$26), _xlfn.XLOOKUP($E111,$D$31:$D$35,$E$31:$E$35),J57, $F69)} -> 72.207688 | O111: ='Input - Dairy'!$D$67 -> Feed pad | P111: ='Input - Dairy'!$D$110 -> Sump and dispersal system | Q111: {=MMS_Dairy_ManureAppliedToSoils_Equations.VEERG_4_3_1_8__2_MassOfNitrogenAppliedToSoilsScope3(Q45, _xlfn.XLOOKUP($P111, $D$22:$D$26,$E$22:$E$26), _xlfn.XLOOKUP($P111,$D$31:$D$35,$E$31:$E$35),Q57, $F69)} -> 352.85559 | R111: {=MMS_Dairy_ManureAppliedToSoils_Equations.VEERG_4_3_1_8__2_MassOfNitrogenAppliedToSoilsScope3(R45, _xlfn.XLOOKUP($P111, $D$22:$D$26,$E$22:$E$26), _xlfn.XLOOKUP($P111,$D$31:$D$35,$E$31:$E$35),R57, $F69)} -> 137.21603 | S111: {=MMS_Dairy_ManureAppliedToSoils_Equations.VEERG_4_3_1_8__2_MassOfNitrogenAppliedToSoilsScope3(S45, _xlfn.XLOOKUP($P111, $D$22:$D$26,$E$22:$E$26), _xlfn.XLOOKUP($P111,$D$31:$D$35,$E$31:$E$35),S57, $F69)} -> 54.651695 | T111: {=MMS_Dairy_ManureAppliedToSoils_Equations.VEERG_4_3_1_8__2_MassOfNitrogenAppliedToSoilsScope3(T45, _xlfn.XLOOKUP($P111, $D$22:$D$26,$E$22:$E$26), _xlfn.XLOOKUP($P111,$D$31:$D$35,$E$31:$E$35),T57, $F69)} -> 172.48598 | U111: {=MMS_Dairy_ManureAppliedToSoils_Equations.VEERG_4_3_1_8__2_MassOfNitrogenAppliedToSoilsScope3(U45, _xlfn.XLOOKUP($P111, $D$22:$D$26,$E$22:$E$26), _xlfn.XLOOKUP($P111,$D$31:$D$35,$E$31:$E$35),U57, $F69)} -> 72.207688
D112: ='Input - Dairy'!$D$67 -> Feed pad | E112: ='Input - Dairy'!$D$115 -> Drains to paddock | F112: {=MMS_Dairy_ManureAppliedToSoils_Equations.VEERG_4_3_1_8__2_MassOfNitrogenAppliedToSoilsScope3(F46, _xlfn.XLOOKUP($E112, $D$22:$D$26,$E$22:$E$26), _xlfn.XLOOKUP($E112,$D$31:$D$35,$E$31:$E$35),F58, $F70)} -> 303.53169 | G112: {=MMS_Dairy_ManureAppliedToSoils_Equations.VEERG_4_3_1_8__2_MassOfNitrogenAppliedToSoilsScope3(G46, _xlfn.XLOOKUP($E112, $D$22:$D$26,$E$22:$E$26), _xlfn.XLOOKUP($E112,$D$31:$D$35,$E$31:$E$35),G58, $F70)} -> 118.0353 | H112: {=MMS_Dairy_ManureAppliedToSoils_Equations.VEERG_4_3_1_8__2_MassOfNitrogenAppliedToSoilsScope3(H46, _xlfn.XLOOKUP($E112, $D$22:$D$26,$E$22:$E$26), _xlfn.XLOOKUP($E112,$D$31:$D$35,$E$31:$E$35),H58, $F70)} -> 47.012211 | I112: {=MMS_Dairy_ManureAppliedToSoils_Equations.VEERG_4_3_1_8__2_MassOfNitrogenAppliedToSoilsScope3(I46, _xlfn.XLOOKUP($E112, $D$22:$D$26,$E$22:$E$26), _xlfn.XLOOKUP($E112,$D$31:$D$35,$E$31:$E$35),I58, $F70)} -> 148.37504 | J112: {=MMS_Dairy_ManureAppliedToSoils_Equations.VEERG_4_3_1_8__2_MassOfNitrogenAppliedToSoilsScope3(J46, _xlfn.XLOOKUP($E112, $D$22:$D$26,$E$22:$E$26), _xlfn.XLOOKUP($E112,$D$31:$D$35,$E$31:$E$35),J58, $F70)} -> 62.11414 | O112: ='Input - Dairy'!$D$67 -> Feed pad | P112: ='Input - Dairy'!$D$115 -> Drains to paddock | Q112: {=MMS_Dairy_ManureAppliedToSoils_Equations.VEERG_4_3_1_8__2_MassOfNitrogenAppliedToSoilsScope3(Q46, _xlfn.XLOOKUP($P112, $D$22:$D$26,$E$22:$E$26), _xlfn.XLOOKUP($P112,$D$31:$D$35,$E$31:$E$35),Q58, $F70)} -> 303.53169 | R112: {=MMS_Dairy_ManureAppliedToSoils_Equations.VEERG_4_3_1_8__2_MassOfNitrogenAppliedToSoilsScope3(R46, _xlfn.XLOOKUP($P112, $D$22:$D$26,$E$22:$E$26), _xlfn.XLOOKUP($P112,$D$31:$D$35,$E$31:$E$35),R58, $F70)} -> 118.0353 | S112: {=MMS_Dairy_ManureAppliedToSoils_Equations.VEERG_4_3_1_8__2_MassOfNitrogenAppliedToSoilsScope3(S46, _xlfn.XLOOKUP($P112, $D$22:$D$26,$E$22:$E$26), _xlfn.XLOOKUP($P112,$D$31:$D$35,$E$31:$E$35),S58, $F70)} -> 47.012211 | T112: {=MMS_Dairy_ManureAppliedToSoils_Equations.VEERG_4_3_1_8__2_MassOfNitrogenAppliedToSoilsScope3(T46, _xlfn.XLOOKUP($P112, $D$22:$D$26,$E$22:$E$26), _xlfn.XLOOKUP($P112,$D$31:$D$35,$E$31:$E$35),T58, $F70)} -> 148.37504 | U112: {=MMS_Dairy_ManureAppliedToSoils_Equations.VEERG_4_3_1_8__2_MassOfNitrogenAppliedToSoilsScope3(U46, _xlfn.XLOOKUP($P112, $D$22:$D$26,$E$22:$E$26), _xlfn.XLOOKUP($P112,$D$31:$D$35,$E$31:$E$35),U58, $F70)} -> 62.11414
D113: ='Input - Dairy'!$D$67 -> Feed pad | E113: Solid storage | F113: {=MMS_Dairy_ManureAppliedToSoils_Equations.VEERG_4_3_1_8__2_MassOfNitrogenAppliedToSoilsScope3(F47, _xlfn.XLOOKUP($E113, $D$22:$D$26,$E$22:$E$26), _xlfn.XLOOKUP($E113,$D$31:$D$35,$E$31:$E$35),F59, $F71)} -> 512.20973 | G113: {=MMS_Dairy_ManureAppliedToSoils_Equations.VEERG_4_3_1_8__2_MassOfNitrogenAppliedToSoilsScope3(G47, _xlfn.XLOOKUP($E113, $D$22:$D$26,$E$22:$E$26), _xlfn.XLOOKUP($E113,$D$31:$D$35,$E$31:$E$35),G59, $F71)} -> 199.18456 | H113: {=MMS_Dairy_ManureAppliedToSoils_Equations.VEERG_4_3_1_8__2_MassOfNitrogenAppliedToSoilsScope3(H47, _xlfn.XLOOKUP($E113, $D$22:$D$26,$E$22:$E$26), _xlfn.XLOOKUP($E113,$D$31:$D$35,$E$31:$E$35),H59, $F71)} -> 79.333105 | I113: {=MMS_Dairy_ManureAppliedToSoils_Equations.VEERG_4_3_1_8__2_MassOfNitrogenAppliedToSoilsScope3(I47, _xlfn.XLOOKUP($E113, $D$22:$D$26,$E$22:$E$26), _xlfn.XLOOKUP($E113,$D$31:$D$35,$E$31:$E$35),I59, $F71)} -> 250.38287 | J113: {=MMS_Dairy_ManureAppliedToSoils_Equations.VEERG_4_3_1_8__2_MassOfNitrogenAppliedToSoilsScope3(J47, _xlfn.XLOOKUP($E113, $D$22:$D$26,$E$22:$E$26), _xlfn.XLOOKUP($E113,$D$31:$D$35,$E$31:$E$35),J59, $F71)} -> 104.81761 | O113: ='Input - Dairy'!$D$67 -> Feed pad | P113: Solid storage | Q113: {=MMS_Dairy_ManureAppliedToSoils_Equations.VEERG_4_3_1_8__2_MassOfNitrogenAppliedToSoilsScope3(Q47, _xlfn.XLOOKUP($P113, $D$22:$D$26,$E$22:$E$26), _xlfn.XLOOKUP($P113,$D$31:$D$35,$E$31:$E$35),Q59, $F71)} -> 512.20973 | R113: {=MMS_Dairy_ManureAppliedToSoils_Equations.VEERG_4_3_1_8__2_MassOfNitrogenAppliedToSoilsScope3(R47, _xlfn.XLOOKUP($P113, $D$22:$D$26,$E$22:$E$26), _xlfn.XLOOKUP($P113,$D$31:$D$35,$E$31:$E$35),R59, $F71)} -> 199.18456 | S113: {=MMS_Dairy_ManureAppliedToSoils_Equations.VEERG_4_3_1_8__2_MassOfNitrogenAppliedToSoilsScope3(S47, _xlfn.XLOOKUP($P113, $D$22:$D$26,$E$22:$E$26), _xlfn.XLOOKUP($P113,$D$31:$D$35,$E$31:$E$35),S59, $F71)} -> 79.333105 | T113: {=MMS_Dairy_ManureAppliedToSoils_Equations.VEERG_4_3_1_8__2_MassOfNitrogenAppliedToSoilsScope3(T47, _xlfn.XLOOKUP($P113, $D$22:$D$26,$E$22:$E$26), _xlfn.XLOOKUP($P113,$D$31:$D$35,$E$31:$E$35),T59, $F71)} -> 250.38287 | U113: {=MMS_Dairy_ManureAppliedToSoils_Equations.VEERG_4_3_1_8__2_MassOfNitrogenAppliedToSoilsScope3(U47, _xlfn.XLOOKUP($P113, $D$22:$D$26,$E$22:$E$26), _xlfn.XLOOKUP($P113,$D$31:$D$35,$E$31:$E$35),U59, $F71)} -> 104.81761
...

Sheet 4.3.1.9 Soil direct N2O
A1: #VALUE! | C1: 4.3.1.9 Soil direct N2O
A3: =HYPERLINK("#'Home'!A1", "Home") -> Home
A4: =HYPERLINK("#'Overview'!A1", "Overview") -> Overview
A5: =HYPERLINK("#'Results'!A1", "Results") -> Results | D5: {=MMS_Dairy_N2ODirect_Equations.VEERG_4_3_1_3__2_TotalNitrogenInEachMMS_Title()} -> Total nitrogen in each MMS
D6: {=MMS_Dairy_N2ODirect_Equations.VEERG_4_3_1_3__2_TotalNitrogenInEachMMS_Source()} -> VEERG 2026: 4.3.1.3, Equation (2)
A7: INPUTS | D7: Function name | E7: {=Common_InputFunctions.Utility_DisplayFunctionName(F31)} -> =MMS_Dairy_N2ODirect_Equations.VEERG_4_3_1_3__2_TotalNitrogenInEachMMS
A8: =HYPERLINK("#'Input - Site'!A1", "Site") -> Site
A9: =HYPERLINK("#'Input - Dairy'!A1", "Dairy") -> Dairy
D10: Variable | E10: {=MMS_Dairy_N2ODirect_Equations.VEERG_4_3_1_3__2_TotalNitrogenInEachMMS_Variable()} -> MN_jm
A11: CALCULATIONS | D11: Unit | E11: {=MMS_Dairy_N2ODirect_Equations.VEERG_4_3_1_3__2_TotalNitrogenInEachMMS_Unit()} -> kg N
A12: =HYPERLINK("#'4.3.1.1-2 Methane'!A1", "4.3.1.1-2 Methane") -> 4.3.1.1-2 Methane
A13: =HYPERLINK("#'4.3.1.3-4 Direct N20'!A1", "4.3.1.3-4 Direct N2O") -> 4.3.1.3-4 Direct N2O | D13: {=_xlfn.CHOOSECOLS(MMS_Dairy_N2ODirect_Equations.VEERG_4_3_1_3__2_TotalNitrogenInEachMMS_Arguments(),1,2)} -> AE_j | E13: total nitrogen excreted by each dairy class | G13: {=_xlfn.CHOOSECOLS(MMS_Dairy_N2ODirect_Equations.VEERG_4_3_1_3__2_TotalNitrogenInEachMMS_Arguments(),3,4)} -> kg N | H13: Calculated from 4.3.1.3 (3a) and (3b) | I13: {=HYPERLINK(Common_InputFunctions.Utility_SourceHyperlink($D$16),$D$16)} -> M1_Table_AE_j
A14: =HYPERLINK("#'4.3.1.5 Atmos Deposition'!A1", "4.3.1.5 Atmospheric deposition") -> 4.3.1.5 Atmospheric deposition | D14: MMS_jm | E14: manure management system fraction for class j and system m | G14: fraction | H14: Input | I14: {=HYPERLINK(Common_InputFunctions.Utility_SourceHyperlink($D$22),$D$22)} -> M1_Table_MMS_j_m-14
A15: =HYPERLINK("#'4.3.1.6-7 Leaching and runoff'!A1", "4.3.1.6-7 Leaching and runoff") -> 4.3.1.6-7 Leaching and runoff
A16: =HYPERLINK("#'4.3.1.8 Manure applied to soils'!A1", "4.3.1.8 Manure applied to soils") -> 4.3.1.8 Manure applied to soils | D16: M1_Table_AE_j | O16: M2_Table_AE_j
A17: =HYPERLINK("#'4.3.1.9 Soil direct N2O'!A1", "4.3.1.9 Soil direct N2O") -> 4.3.1.9 Soil direct N2O | D17: Total annual nitrogen excreted all cattle (Method 1) | O17: Total annual nitrogen excreted all cattle (Method 2)
A18: =HYPERLINK("#'4.3.1.10-11 Soil Atmos Dep'!A1", "4.3.1.10-11 Soil atm. deposition") -> 4.3.1.10-11 Soil atm. deposition | D18: Milking cows | E18: Heifers > 1 year | F18: Heifers < 1 year | G18: Bulls > 1 year | H18: Bulls < 1 year | O18: Milking cows | P18: Heifers > 1 year | Q18: Heifers < 1 year | R18: Bulls > 1 year | S18: Bulls < 1 year
A19: =HYPERLINK("#'4.3.1.12-13 Soil leach runoff'!A1", "4.3.1.12-13 Soil leach & runoff") -> 4.3.1.12-13 Soil leach & runoff | D19: ='4.3.1.3-4 Direct N20'!D176 -> 21315.428 | E19: ='4.3.1.3-4 Direct N20'!E176 -> 8288.9956 | F19: ='4.3.1.3-4 Direct N20'!F213 -> 3301.4193 | G19: ='4.3.1.3-4 Direct N20'!G176 -> 10419.595 | H19: ='4.3.1.3-4 Direct N20'!H213 -> 4361.948 | I19: =$G$13 -> kg N | O19: ='4.3.1.3-4 Direct N20'!N176 -> 21315.428 | P19: ='4.3.1.3-4 Direct N20'!O176 -> 8288.9956 | Q19: ='4.3.1.3-4 Direct N20'!P213 -> 3301.4193 | R19: ='4.3.1.3-4 Direct N20'!Q176 -> 10419.595 | S19: ='4.3.1.3-4 Direct N20'!R213 -> 4361.948 | T19: =$G$13 -> kg N
A21: APPENDICES
A22: =HYPERLINK("#'Constants - Dairy'!A1", "Constants - Dairy") -> Constants - Dairy | D22: M1_Table_MMS_j_m-14 | O22: M2_Table_MMS_j_m-14
A23: =HYPERLINK("#'Constants - Livestock'!A1", "Constants - Livestock") -> Constants - Livestock | D23: Fraction of manure deposited on pasture range and paddock (Method 1) | O23: Fraction of manure deposited on pasture range and paddock (Method 2)
A24: =HYPERLINK("#'Constants - Common'!A1", "Constants - Common") -> Constants - Common | D24: Production system | E24: MMS | F24: Milking cows | G24: Heifers > 1 year | H24: Heifers < 1 year | I24: Bulls > 1 year | J24: Bulls < 1 year | O24: Production system | P24: MMS | Q24: Milking cows | R24: Heifers > 1 year | S24: Heifers < 1 year | T24: Bulls > 1 year | U24: Bulls < 1 year
A25: =HYPERLINK("#'Acknowledgements'!A1", "Acknowledgements") -> Acknowledgements | D25: ='Input - Dairy'!$D$65 -> Pasture | E25: ='Constants - Livestock'!$E$27 -> Pasture range and paddock | F25: ='Input - Dairy'!E65 -> 0.534 | G25: ='Input - Dairy'!F65 -> 0.534 | H25: ='Input - Dairy'!G65 -> 0.534 | I25: ='Input - Dairy'!H65 -> 0.534 | J25: ='Input - Dairy'!I65 -> 0.534 | K25: =$G$14 -> fraction | O25: ='Input - Dairy'!$D$65 -> Pasture | P25: ='Constants - Livestock'!$E$27 -> Pasture range and paddock | Q25: ='Input - Dairy'!E70 -> 0.534 | R25: ='Input - Dairy'!F70 -> 0.534 | S25: ='Input - Dairy'!G70 -> 0.534 | T25: ='Input - Dairy'!H70 -> 0.534 | U25: ='Input - Dairy'!I70 -> 0.534 | V25: =$G$14 -> fraction
D28: M1_Table_MN_j_m-14 | O28: M2_Table_MN_j_m-14
D29: Total nitrogen deposited on pasture range and paddock (Method 1) | O29: Total nitrogen deposited on pasture range and paddock (Method 2)
D30: Production system | E30: MMS | F30: Milking cows | G30: Heifers > 1 year | H30: Heifers < 1 year | I30: Bulls > 1 year | J30: Bulls < 1 year | O30: Production system | P30: MMS | Q30: Milking cows | R30: Heifers > 1 year | S30: Heifers < 1 year | T30: Bulls > 1 year | U30: Bulls < 1 year
D31: ='Input - Dairy'!$D$65 -> Pasture | E31: ='Constants - Livestock'!$E$27 -> Pasture range and paddock | F31: {=MMS_Dairy_N2ODirect_Equations.VEERG_4_3_1_3__2_TotalNitrogenInEachMMS(D19,F25)} -> 11382.438 | G31: {=MMS_Dairy_N2ODirect_Equations.VEERG_4_3_1_3__2_TotalNitrogenInEachMMS(E19,G25)} -> 4426.3236 | H31: {=MMS_Dairy_N2ODirect_Equations.VEERG_4_3_1_3__2_TotalNitrogenInEachMMS(F19,H25)} -> 1762.9579 | I31: {=MMS_Dairy_N2ODirect_Equations.VEERG_4_3_1_3__2_TotalNitrogenInEachMMS(G19,I25)} -> 5564.0639 | J31: {=MMS_Dairy_N2ODirect_Equations.VEERG_4_3_1_3__2_TotalNitrogenInEachMMS(H19,J25)} -> 2329.2803 | K31: =$E$11 -> kg N | O31: ='Input - Dairy'!$D$65 -> Pasture | P31: ='Constants - Livestock'!$E$27 -> Pasture range and paddock | Q31: {=MMS_Dairy_N2ODirect_Equations.VEERG_4_3_1_3__2_TotalNitrogenInEachMMS(O19,Q25)} -> 11382.438 | R31: {=MMS_Dairy_N2ODirect_Equations.VEERG_4_3_1_3__2_TotalNitrogenInEachMMS(P19,R25)} -> 4426.3236 | S31: {=MMS_Dairy_N2ODirect_Equations.VEERG_4_3_1_3__2_TotalNitrogenInEachMMS(Q19,S25)} -> 1762.9579 | T31: {=MMS_Dairy_N2ODirect_Equations.VEERG_4_3_1_3__2_TotalNitrogenInEachMMS(R19,T25)} -> 5564.0639 | U31: {=MMS_Dairy_N2ODirect_Equations.VEERG_4_3_1_3__2_TotalNitrogenInEachMMS(S19,U25)} -> 2329.2803 | V31: =$E$11 -> kg N
D35: {=MMS_Dairy_Soil_N2ODirect_Equations.VEERG_4_3_1_9__1_DirectNitrousOxideEmissionsOnPasture_Title()} -> Direct nitrous oxide emissions on pasture
D36: {=MMS_Dairy_Soil_N2ODirect_Equations.VEERG_4_3_1_9__1_DirectNitrousOxideEmissionsOnPasture_Source()} -> VEERG 2026: 4.3.1.9, Equation (1)
D37: Formula name | E37: {=Common_InputFunctions.Utility_DisplayFunctionName($F$51)} -> =MMS_Dairy_Soil_N2ODirect_Equations.VEERG_4_3_1_9__1_DirectNitrousOxideEmissionsOnPasture
D40: Variable | E40: {=MMS_Dairy_Soil_N2ODirect_Equations.VEERG_4_3_1_9__1_DirectNitrousOxideEmissionsOnPasture_Variable()} -> E_N2Odir
D41: Unit | E41: {=MMS_Dairy_Soil_N2ODirect_Equations.VEERG_4_3_1_9__1_DirectNitrousOxideEmissionsOnPasture_Unit()} -> t N2O
D43: {=_xlfn.CHOOSECOLS(MMS_Dairy_Soil_N2ODirect_Equations.VEERG_4_3_1_9__1_DirectNitrousOxideEmissionsOnPasture_Arguments(),1,2)} -> MN_jm14 | E43: mass of nitrogen excreted on pasture, range, and paddock for each dairy cattle class | H43: {=_xlfn.CHOOSECOLS(MMS_Dairy_Soil_N2ODirect_Equations.VEERG_4_3_1_9__1_DirectNitrousOxideEmissionsOnPasture_Arguments(),3,4)} -> kg N | I43: Calculated from 4.3.1.3 (2) | J43: {=HYPERLINK(Common_InputFunctions.Utility_SourceHyperlink($D$28),$D$28)} -> M1_Table_MN_j_m-14
D44: EF_PRP | E44: emission factor for nitrous oxide emissions for urine and dung deposited on PRP | H44: kg N2O-N/kg N deposited | I44: Constant | J44: =Common_InputFunctions.Utility_LookupValueInTable(J46, Table_SourceData_EFPastureRangeAndPaddock[Climate zone],Table_SourceData_EFPastureRangeAndPaddock[EFPRP]) -> 0.002
D45: C_N2O | E45: factor to convert elemental mass of N2O to molecular mass | I45: Constant | J45: =Common_InputFunctions.Utility_LookupValueInTableNumber("N2O",Table_GasToMolecularConversionFactor[Gas],Table_GasToMolecularConversionFactor[Conversion factor combined]) -> 1.5714286
D46: z | E46: Wet or dry climate zone | I46: Input | J46: ='Input - Site'!$E$32 -> Dry climate zone
D48: M1_Table_E_N2O_dir | O48: M2_Table_E_N2O_dir
D49: Direct nitrous oxide emissions from urine and dung deposited on pasture (Method 1) | O49: Direct nitrous oxide emissions from urine and dung deposited on pasture (Method 2)
D50: Production system | E50: MMS | F50: Milking cows | G50: Heifers > 1 year | H50: Heifers < 1 year | I50: Bulls > 1 year | J50: Bulls < 1 year | O50: Production system | P50: MMS | Q50: Milking cows | R50: Heifers > 1 year | S50: Heifers < 1 year | T50: Bulls > 1 year | U50: Bulls < 1 year
D51: ='Input - Dairy'!$D$65 -> Pasture | E51: ='Constants - Livestock'!$E$27 -> Pasture range and paddock | F51: {=MMS_Dairy_Soil_N2ODirect_Equations.VEERG_4_3_1_9__1_DirectNitrousOxideEmissionsOnPasture(F31,$J$44,$J$45)} -> 0.035773378 | G51: {=MMS_Dairy_Soil_N2ODirect_Equations.VEERG_4_3_1_9__1_DirectNitrousOxideEmissionsOnPasture(G31,$J$44,$J$45)} -> 0.013911303 | H51: {=MMS_Dairy_Soil_N2ODirect_Equations.VEERG_4_3_1_9__1_DirectNitrousOxideEmissionsOnPasture(H31,$J$44,$J$45)} -> 0.0055407248 | I51: {=MMS_Dairy_Soil_N2ODirect_Equations.VEERG_4_3_1_9__1_DirectNitrousOxideEmissionsOnPasture(I31,$J$44,$J$45)} -> 0.017487058 | J51: {=MMS_Dairy_Soil_N2ODirect_Equations.VEERG_4_3_1_9__1_DirectNitrousOxideEmissionsOnPasture(J31,$J$44,$J$45)} -> 0.0073205951 | K51: =$E$41 -> t N2O | O51: ='Input - Dairy'!$D$65 -> Pasture | P51: ='Constants - Livestock'!$E$27 -> Pasture range and paddock | Q51: {=MMS_Dairy_Soil_N2ODirect_Equations.VEERG_4_3_1_9__1_DirectNitrousOxideEmissionsOnPasture(Q31,$J$44,$J$45)} -> 0.035773378 | R51: {=MMS_Dairy_Soil_N2ODirect_Equations.VEERG_4_3_1_9__1_DirectNitrousOxideEmissionsOnPasture(R31,$J$44,$J$45)} -> 0.013911303 | S51: {=MMS_Dairy_Soil_N2ODirect_Equations.VEERG_4_3_1_9__1_DirectNitrousOxideEmissionsOnPasture(S31,$J$44,$J$45)} -> 0.0055407248 | T51: {=MMS_Dairy_Soil_N2ODirect_Equations.VEERG_4_3_1_9__1_DirectNitrousOxideEmissionsOnPasture(T31,$J$44,$J$45)} -> 0.017487058 | U51: {=MMS_Dairy_Soil_N2ODirect_Equations.VEERG_4_3_1_9__1_DirectNitrousOxideEmissionsOnPasture(U31,$J$44,$J$45)} -> 0.0073205951 | V51: =$E$41 -> t N2O
D53: EN2O,dir | E53: =SUM(F51:J51) -> 0.080033058 | F53: =$E$41 -> t N2O | O53: EN2O,dir | P53: =SUM(Q51:U51) -> 0.080033058 | Q53: =$E$41 -> t N2O
D55: {=Common_Equations.Common_ConvertN2OToCO2e_Arguments()} -> EN2O | E55: Nitrous oxide emissions (t N2O) | G55: =E53 -> 0.080033058 | O55: {=Common_Equations.Common_ConvertN2OToCO2e_Arguments()} -> EN2O | P55: Nitrous oxide emissions (t N2O) | R55: =P53 -> 0.080033058
D56: GWPN2O | E56: Global warming potential for nitrous oxide (t CO2-e / t N2O) | G56: =Common_InputFunctions.Utility_LookupValueInTableNumber("N2O",Table_GWPData[Gas],Table_GWPData[CO2-e factor]) -> 265 | O56: GWPN2O | P56: Global warming potential for nitrous oxide (t CO2-e / t N2O) | R56: =Common_InputFunctions.Utility_LookupValueInTableNumber("N2O",Table_GWPData[Gas],Table_GWPData[CO2-e factor]) -> 265
A58: =HYPERLINK("#A1", "▲ Back to top") -> ▲ Back to top | D58: ECO2e | E58: {=Common_Equations.Common_ConvertN2OToCO2e(G55,G56)} -> 21.20876 | F58: {=Common_Equations.Common_ConvertN2OToCO2e_Unit()} -> t CO2e | O58: ECO2e | P58: {=Common_Equations.Common_ConvertN2OToCO2e(R55,R56)} -> 21.20876 | Q58: {=Common_Equations.Common_ConvertN2OToCO2e_Unit()} -> t CO2e

Sheet 4.3.1.10-11 Soil Atmos Dep
A1: #VALUE! | C1: 4.3.1.10-11 Soil atmospheric deposition N2O
A3: =HYPERLINK("#'Home'!A1", "Home") -> Home
A4: =HYPERLINK("#'Overview'!A1", "Overview") -> Overview
A5: =HYPERLINK("#'Results'!A1", "Results") -> Results | D5: {=MMS_Dairy_Soil_AtmosphericDeposition_Equations.VEERG_4_3_1_10__2_MassOfNitrogenVolatilisedOnPasture_Title()} -> Mass of nitrogen volatilised from urine and faeces deposited on pasture
D6: {=MMS_Dairy_Soil_AtmosphericDeposition_Equations.VEERG_4_3_1_10__2_MassOfNitrogenVolatilisedOnPasture_Source()} -> VEERG 2026: 4.3.1.10, Equation (2)
A7: INPUTS | D7: Function name | E7: {=Common_InputFunctions.Utility_DisplayFunctionName(F24)} -> =MMS_Dairy_Soil_AtmosphericDeposition_Equations.VEERG_4_3_1_10__2_MassOfNitrogenVolatilisedOnPasture
A8: =HYPERLINK("#'Input - Site'!A1", "Site") -> Site
A9: =HYPERLINK("#'Input - Dairy'!A1", "Dairy") -> Dairy
D10: Variable | E10: {=MMS_Dairy_Soil_AtmosphericDeposition_Equations.VEERG_4_3_1_10__2_MassOfNitrogenVolatilisedOnPasture_Variable()} -> M_vol_m14
A11: CALCULATIONS | D11: Unit | E11: {=MMS_Dairy_Soil_AtmosphericDeposition_Equations.VEERG_4_3_1_10__2_MassOfNitrogenVolatilisedOnPasture_Unit()} -> kg N
A12: =HYPERLINK("#'4.3.1.1-2 Methane'!A1", "4.3.1.1-2 Methane") -> 4.3.1.1-2 Methane
A13: =HYPERLINK("#'4.3.1.3-4 Direct N20'!A1", "4.3.1.3-4 Direct N2O") -> 4.3.1.3-4 Direct N2O | D13: {=_xlfn.CHOOSECOLS(MMS_Dairy_Soil_AtmosphericDeposition_Equations.VEERG_4_3_1_10__2_MassOfNitrogenVolatilisedOnPasture_Arguments(),1,2)} -> MN_jm14 | E13: mass of nitrogen excreted on pasture, range and paddock for each dairy class | G13: {=_xlfn.CHOOSECOLS(MMS_Dairy_Soil_AtmosphericDeposition_Equations.VEERG_4_3_1_10__2_MassOfNitrogenVolatilisedOnPasture_Arguments(),3,4)} -> kg N | H13: Calculated from 4.3.1.3 (2) | I13: {=HYPERLINK(Common_InputFunctions.Utility_SourceHyperlink($D$16),$D$16)} -> M1_Table_MN_j_m-14
A14: =HYPERLINK("#'4.3.1.5 Atmos Deposition'!A1", "4.3.1.5 Atmospheric deposition") -> 4.3.1.5 Atmospheric deposition | D14: FracGASMsoil | E14: fraction of nitrogen volatilised from urine and faeces deposited on pasture | G14: (kg NH3-N + NOx-N)/kg N) | H14: Constant | I14: ='Constants - Dairy'!$D$221 -> 0.21
A15: =HYPERLINK("#'4.3.1.6-7 Leaching and runoff'!A1", "4.3.1.6-7 Leaching and runoff") -> 4.3.1.6-7 Leaching and runoff
A16: =HYPERLINK("#'4.3.1.8 Manure applied to soils'!A1", "4.3.1.8 Manure applied to soils") -> 4.3.1.8 Manure applied to soils | D16: M1_Table_MN_j_m-14 | O16: M2_Table_MN_j_m-14
A17: =HYPERLINK("#'4.3.1.9 Soil direct N2O'!A1", "4.3.1.9 Soil direct N2O") -> 4.3.1.9 Soil direct N2O | D17: Total nitrogen deposited on pasture range and paddock (Method 1) | O17: Total nitrogen deposited on pasture range and paddock (Method 2)
A18: =HYPERLINK("#'4.3.1.10-11 Soil Atmos Dep'!A1", "4.3.1.10-11 Soil atm. deposition") -> 4.3.1.10-11 Soil atm. deposition | D18: Production system | E18: MMS | F18: Milking cows | G18: Heifers > 1 year | H18: Heifers < 1 year | I18: Bulls > 1 year | J18: Bulls < 1 year | O18: Production system | P18: MMS | Q18: Milking cows | R18: Heifers > 1 year | S18: Heifers < 1 year | T18: Bulls > 1 year | U18: Bulls < 1 year
A19: =HYPERLINK("#'4.3.1.12-13 Soil leach runoff'!A1", "4.3.1.12-13 Soil leach & runoff") -> 4.3.1.12-13 Soil leach & runoff | D19: ='Input - Dairy'!$D$65 -> Pasture | E19: ='Constants - Livestock'!$E$27 -> Pasture range and paddock | F19: ='4.3.1.9 Soil direct N2O'!$F$31 -> 11382.438 | G19: ='4.3.1.9 Soil direct N2O'!$G$31 -> 4426.3236 | H19: ='4.3.1.9 Soil direct N2O'!$H$31 -> 1762.9579 | I19: ='4.3.1.9 Soil direct N2O'!$I$31 -> 5564.0639 | J19: ='4.3.1.9 Soil direct N2O'!$J$31 -> 2329.2803 | K19: =$E$11 -> kg N | O19: ='Input - Dairy'!$D$65 -> Pasture | P19: ='Constants - Livestock'!$E$27 -> Pasture range and paddock | Q19: ='4.3.1.9 Soil direct N2O'!$Q$31 -> 11382.438 | R19: ='4.3.1.9 Soil direct N2O'!$R$31 -> 4426.3236 | S19: ='4.3.1.9 Soil direct N2O'!$S$31 -> 1762.9579 | T19: ='4.3.1.9 Soil direct N2O'!$T$31 -> 5564.0639 | U19: ='4.3.1.9 Soil direct N2O'!$U$31 -> 2329.2803 | V19: =$E$11 -> kg N
A21: APPENDICES | D21: M1_Table_M_vol_m-14 | O21: M2_Table_M_vol_m-14
A22: =HYPERLINK("#'Constants - Dairy'!A1", "Constants - Dairy") -> Constants - Dairy | D22: Mass of N volatilised from urine and dung on pasture (Method 1) | O22: Mass of N volatilised from urine and dung on pasture (Method 2)
A23: =HYPERLINK("#'Constants - Livestock'!A1", "Constants - Livestock") -> Constants - Livestock | D23: Production system | E23: MMS | F23: Milking cows | G23: Heifers > 1 year | H23: Heifers < 1 year | I23: Bulls > 1 year | J23: Bulls < 1 year | O23: Production system | P23: MMS | Q23: Milking cows | R23: Heifers > 1 year | S23: Heifers < 1 year | T23: Bulls > 1 year | U23: Bulls < 1 year
A24: =HYPERLINK("#'Constants - Common'!A1", "Constants - Common") -> Constants - Common | D24: ='Input - Dairy'!$D$65 -> Pasture | E24: ='Constants - Livestock'!$E$27 -> Pasture range and paddock | F24: {=MMS_Dairy_Soil_AtmosphericDeposition_Equations.VEERG_4_3_1_10__2_MassOfNitrogenVolatilisedOnPasture(F19,$I$14)} -> 2390.3121 | G24: {=MMS_Dairy_Soil_AtmosphericDeposition_Equations.VEERG_4_3_1_10__2_MassOfNitrogenVolatilisedOnPasture(G19,$I$14)} -> 929.52796 | H24: {=MMS_Dairy_Soil_AtmosphericDeposition_Equations.VEERG_4_3_1_10__2_MassOfNitrogenVolatilisedOnPasture(H19,$I$14)} -> 370.22116 | I24: {=MMS_Dairy_Soil_AtmosphericDeposition_Equations.VEERG_4_3_1_10__2_MassOfNitrogenVolatilisedOnPasture(I19,$I$14)} -> 1168.4534 | J24: {=MMS_Dairy_Soil_AtmosphericDeposition_Equations.VEERG_4_3_1_10__2_MassOfNitrogenVolatilisedOnPasture(J19,$I$14)} -> 489.14885 | K24: =$E$11 -> kg N | O24: ='Input - Dairy'!$D$65 -> Pasture | P24: ='Constants - Livestock'!$E$27 -> Pasture range and paddock | Q24: {=MMS_Dairy_Soil_AtmosphericDeposition_Equations.VEERG_4_3_1_10__2_MassOfNitrogenVolatilisedOnPasture(Q19,$I$14)} -> 2390.3121 | R24: {=MMS_Dairy_Soil_AtmosphericDeposition_Equations.VEERG_4_3_1_10__2_MassOfNitrogenVolatilisedOnPasture(R19,$I$14)} -> 929.52796 | S24: {=MMS_Dairy_Soil_AtmosphericDeposition_Equations.VEERG_4_3_1_10__2_MassOfNitrogenVolatilisedOnPasture(S19,$I$14)} -> 370.22116 | T24: {=MMS_Dairy_Soil_AtmosphericDeposition_Equations.VEERG_4_3_1_10__2_MassOfNitrogenVolatilisedOnPasture(T19,$I$14)} -> 1168.4534 | U24: {=MMS_Dairy_Soil_AtmosphericDeposition_Equations.VEERG_4_3_1_10__2_MassOfNitrogenVolatilisedOnPasture(U19,$I$14)} -> 489.14885 | V24: =$E$11 -> kg N
A25: =HYPERLINK("#'Acknowledgements'!A1", "Acknowledgements") -> Acknowledgements
D26: Mvol,m=14 | E26: =SUM(F24:J24) -> 5347.6634 | F26: =$E$11 -> kg N | O26: Mvol,m=14 | P26: =SUM(Q24:U24) -> 5347.6634 | Q26: =$E$11 -> kg N
D30: {=MMS_Dairy_Soil_AtmosphericDeposition_Equations.VEERG_4_3_1_10__1_AtmosphericDepositionEmissionsFromUrineAndDungOnPasture_Title()} -> Atmospheric deposition emissions from urine and dung deposited on pasture
D31: {=MMS_Dairy_Soil_AtmosphericDeposition_Equations.VEERG_4_3_1_10__1_AtmosphericDepositionEmissionsFromUrineAndDungOnPasture_Source()} -> VEERG 2026: 4.3.1.10, Equation (1)
D32: Function name | E32: {=Common_InputFunctions.Utility_DisplayFunctionName(E45)} -> =MMS_Dairy_Soil_AtmosphericDeposition_Equations.VEERG_4_3_1_10__1_AtmosphericDepositionEmissionsFromUrineAndDungOnPasture
D35: Variable | E35: {=MMS_Dairy_Soil_AtmosphericDeposition_Equations.VEERG_4_3_1_10__1_AtmosphericDepositionEmissionsFromUrineAndDungOnPasture_Variable()} -> E_N2Oad
D36: Unit | E36: {=MMS_Dairy_Soil_AtmosphericDeposition_Equations.VEERG_4_3_1_10__1_AtmosphericDepositionEmissionsFromUrineAndDungOnPasture_Unit()} -> t N2O
D38: {=_xlfn.CHOOSECOLS(MMS_Dairy_Soil_AtmosphericDeposition_Equations.VEERG_4_3_1_10__1_AtmosphericDepositionEmissionsFromUrineAndDungOnPasture_Arguments(),1,2)} -> M_vol_m14 | E38: mass of nitrogen volatilised from urine and faeces deposited on pasture | G38: {=_xlfn.CHOOSECOLS(MMS_Dairy_Soil_AtmosphericDeposition_Equations.VEERG_4_3_1_10__1_AtmosphericDepositionEmissionsFromUrineAndDungOnPasture_Arguments(),3,4)} -> kg N | H38: Calculated from 4.3.1.10 (2) | I38: =$E$26 -> 5347.6634 | O38: =D38 -> M_vol_m14 | P38: =E38 -> mass of nitrogen volatilised from urine and faeces deposited on pasture | S38: =$P$26 -> 5347.6634
D39: EF_N2O | E39: nitrous oxide emission factor for atmospheric deposition | G39: kg N2O-N/kg N | H39: Constant | I39: =Common_InputFunctions.Utility_LookupN2OEFFromProdIrrigationRainfall(I41,I42,I43,Table_SourceData_Common_EFN2O[Production system only],Table_SourceData_Common_EFN2O[Irrigation method],Table_SourceData_Common_EFN2O[Rainfall zone],Table_SourceData_Common_EFN2O[EFN2O]) -> 0.0059
D40: C_N2O | E40: factor to convert elemental mass of N2O to molecular mass | H40: Constant | I40: =Common_InputFunctions.Utility_LookupValueInTableNumber("N2O",Table_GasToMolecularConversionFactor[Gas],Table_GasToMolecularConversionFactor[Conversion factor combined]) -> 1.5714286
D41: j | E41: production system | H41: Input | I41: ='Input - Dairy'!$E$125 -> Pasture
D42: ir | E42: irrigation method | H42: Input | I42: ='Input - Dairy'!$E$126 -> Sprinkler Irrigation
D43: r | E43: rainfall region | H43: Input | I43: ='Input - Site'!$E$30 -> High rainfall
D45: EN2O,ad | E45: {=MMS_Dairy_Soil_AtmosphericDeposition_Equations.VEERG_4_3_1_10__1_AtmosphericDepositionEmissionsFromUrineAndDungOnPasture($I$38,$I$39,$I$40)} -> 0.04958048 | F45: =$E$36 -> t N2O | O45: EN2O,ad | P45: {=MMS_Dairy_Soil_AtmosphericDeposition_Equations.VEERG_4_3_1_10__1_AtmosphericDepositionEmissionsFromUrineAndDungOnPasture($S$38,$I$39,$I$40)} -> 0.04958048 | Q45: =$E$36 -> t N2O
D47: {=Common_Equations.Common_ConvertN2OToCO2e_Arguments()} -> EN2O | E47: Nitrous oxide emissions (t N2O) | G47: =E45 -> 0.04958048 | O47: {=Common_Equations.Common_ConvertN2OToCO2e_Arguments()} -> EN2O | P47: Nitrous oxide emissions (t N2O) | R47: =P45 -> 0.04958048
D48: GWPN2O | E48: Global warming potential for nitrous oxide (t CO2-e / t N2O) | G48: =Common_InputFunctions.Utility_LookupValueInTableNumber("N2O",Table_GWPData[Gas],Table_GWPData[CO2-e factor]) -> 265 | O48: GWPN2O | P48: Global warming potential for nitrous oxide (t CO2-e / t N2O) | R48: =Common_InputFunctions.Utility_LookupValueInTableNumber("N2O",Table_GWPData[Gas],Table_GWPData[CO2-e factor]) -> 265
A50: =HYPERLINK("#A1", "▲ Back to top") -> ▲ Back to top | D50: ECO2e | E50: {=Common_Equations.Common_ConvertN2OToCO2e(G47,G48)} -> 13.138827 | F50: {=Common_Equations.Common_ConvertN2OToCO2e_Unit()} -> t CO2e | O50: ECO2e | P50: {=Common_Equations.Common_ConvertN2OToCO2e(R47,R48)} -> 13.138827 | Q50: {=Common_Equations.Common_ConvertN2OToCO2e_Unit()} -> t CO2e

Sheet 4.3.1.12-13 Soil leach runoff
A1: #VALUE! | C1: 4.3.1.12-13 Soil leaching and runoff N2O
A3: =HYPERLINK("#'Home'!A1", "Home") -> Home
A4: =HYPERLINK("#'Overview'!A1", "Overview") -> Overview
A5: =HYPERLINK("#'Results'!A1", "Results") -> Results | D5: {=MMS_Dairy_Soil_LeachingAndRunoff.VEERG_4_3_1_12__2_MassOfNitrogenLostToLeachingAndRunoffOnPasture_Title()} -> Mass of nitrogen lost to leaching and runoff from urine and faeces on pasture
D6: {=MMS_Dairy_Soil_LeachingAndRunoff.VEERG_4_3_1_12__2_MassOfNitrogenLostToLeachingAndRunoffOnPasture_Source()} -> VEERG 2026: 4.3.1.12, Equation (2)
A7: INPUTS | D7: Function name | E7: {=Common_InputFunctions.Utility_DisplayFunctionName($F$28)} -> =MMS_Dairy_Soil_LeachingAndRunoff.VEERG_4_3_1_12__2_MassOfNitrogenLostToLeachingAndRunoffOnPasture
A8: =HYPERLINK("#'Input - Site'!A1", "Site") -> Site
A9: =HYPERLINK("#'Input - Dairy'!A1", "Dairy") -> Dairy
D10: Variable | E10: {=MMS_Dairy_Soil_LeachingAndRunoff.VEERG_4_3_1_12__2_MassOfNitrogenLostToLeachingAndRunoffOnPasture_Variable()} -> M_leach_m14
A11: CALCULATIONS | D11: Unit | E11: {=MMS_Dairy_Soil_LeachingAndRunoff.VEERG_4_3_1_12__2_MassOfNitrogenLostToLeachingAndRunoffOnPasture_Unit()} -> kg N
A12: =HYPERLINK("#'4.3.1.1-2 Methane'!A1", "4.3.1.1-2 Methane") -> 4.3.1.1-2 Methane
A13: =HYPERLINK("#'4.3.1.3-4 Direct N20'!A1", "4.3.1.3-4 Direct N2O") -> 4.3.1.3-4 Direct N2O | D13: {=_xlfn.CHOOSECOLS(MMS_Dairy_Soil_LeachingAndRunoff.VEERG_4_3_1_12__2_MassOfNitrogenLostToLeachingAndRunoffOnPasture_Arguments(),1,2)} -> MN_jm14 | E13: mass of nitrogen excreted on pasture, range and paddock for each dairy class | G13: {=_xlfn.CHOOSECOLS(MMS_Dairy_Soil_LeachingAndRunoff.VEERG_4_3_1_12__2_MassOfNitrogenLostToLeachingAndRunoffOnPasture_Arguments(),3,4)} -> kg N | H13: Calculated from 4.3.1.3 (2) | I13: {=HYPERLINK(Common_InputFunctions.Utility_SourceHyperlink($D$20),$D$20)} -> M1_Table_MN_j_m-14
A14: =HYPERLINK("#'4.3.1.5 Atmos Deposition'!A1", "4.3.1.5 Atmospheric deposition") -> 4.3.1.5 Atmospheric deposition | D14: FracWet | E14: fraction of N available for leaching and runoff | H14: Constant | I14: =Common_InputFunctions.CommonCropping_GetFracWET(I16,I18,#REF!,#REF!,Table_SourceData_FracWETIrrigation[Irrigation type i],Table_SourceData_FracWETIrrigation[FracWET]) -> 1
A15: =HYPERLINK("#'4.3.1.6-7 Leaching and runoff'!A1", "4.3.1.6-7 Leaching and runoff") -> 4.3.1.6-7 Leaching and runoff | D15: FracLEACH | E15: fraction of N lost through leaching and runoff | H15: Constant | I15: ='Constants - Dairy'!$D$209 -> 0.24
A16: =HYPERLINK("#'4.3.1.8 Manure applied to soils'!A1", "4.3.1.8 Manure applied to soils") -> 4.3.1.8 Manure applied to soils | D16: z | E16: location in leaching zone | H16: Input | I16: ='Input - Site'!$E$23 -> NO - Not in leaching zone
A17: =HYPERLINK("#'4.3.1.9 Soil direct N2O'!A1", "4.3.1.9 Soil direct N2O") -> 4.3.1.9 Soil direct N2O | D17: j | E17: production system | H17: Input | I17: ='Input - Dairy'!$E$125 -> Pasture
A18: =HYPERLINK("#'4.3.1.10-11 Soil Atmos Dep'!A1", "4.3.1.10-11 Soil atm. deposition") -> 4.3.1.10-11 Soil atm. deposition | D18: ir | E18: irrigation method | H18: Input | I18: ='Input - Dairy'!$E$126 -> Sprinkler Irrigation
A19: =HYPERLINK("#'4.3.1.12-13 Soil leach runoff'!A1", "4.3.1.12-13 Soil leach & runoff") -> 4.3.1.12-13 Soil leach & runoff
D20: M1_Table_MN_j_m-14 | O20: M2_Table_MN_j_m-14
A21: APPENDICES | D21: Total nitrogen deposited on pasture range and paddock (Method 1) | O21: Total nitrogen deposited on pasture range and paddock (Method 2)
A22: =HYPERLINK("#'Constants - Dairy'!A1", "Constants - Dairy") -> Constants - Dairy | D22: Production system | E22: MMS | F22: Milking cows | G22: Heifers > 1 year | H22: Heifers < 1 year | I22: Bulls > 1 year | J22: Bulls < 1 year | O22: Production system | P22: MMS | Q22: Milking cows | R22: Heifers > 1 year | S22: Heifers < 1 year | T22: Bulls > 1 year | U22: Bulls < 1 year
A23: =HYPERLINK("#'Constants - Livestock'!A1", "Constants - Livestock") -> Constants - Livestock | D23: ='Input - Dairy'!$D$65 -> Pasture | E23: ='Constants - Livestock'!$E$27 -> Pasture range and paddock | F23: ='4.3.1.9 Soil direct N2O'!$F$31 -> 11382.438 | G23: ='4.3.1.9 Soil direct N2O'!$G$31 -> 4426.3236 | H23: ='4.3.1.9 Soil direct N2O'!$H$31 -> 1762.9579 | I23: ='4.3.1.9 Soil direct N2O'!$I$31 -> 5564.0639 | J23: ='4.3.1.9 Soil direct N2O'!$J$31 -> 2329.2803 | K23: =$E$11 -> kg N | O23: ='Input - Dairy'!$D$65 -> Pasture | P23: ='Constants - Livestock'!$E$27 -> Pasture range and paddock | Q23: ='4.3.1.9 Soil direct N2O'!$Q$31 -> 11382.438 | R23: ='4.3.1.9 Soil direct N2O'!$R$31 -> 4426.3236 | S23: ='4.3.1.9 Soil direct N2O'!$S$31 -> 1762.9579 | T23: ='4.3.1.9 Soil direct N2O'!$T$31 -> 5564.0639 | U23: ='4.3.1.9 Soil direct N2O'!$U$31 -> 2329.2803 | V23: =$E$11 -> kg N
A24: =HYPERLINK("#'Constants - Common'!A1", "Constants - Common") -> Constants - Common
A25: =HYPERLINK("#'Acknowledgements'!A1", "Acknowledgements") -> Acknowledgements | D25: M1_Table_M_leach_M-14 | O25: M2_Table_M_leach_M-14
D26: Mass of N lost to leaching and runoff urine and faeces on pasture (Method 1) | O26: Mass of N lost to leaching and runoff urine and faeces on pasture (Method 2)
D27: Production system | E27: MMS | F27: Milking cows | G27: Heifers > 1 year | H27: Heifers < 1 year | I27: Bulls > 1 year | J27: Bulls < 1 year | O27: Production system | P27: MMS | Q27: Milking cows | R27: Heifers > 1 year | S27: Heifers < 1 year | T27: Bulls > 1 year | U27: Bulls < 1 year
