Workbook
Name Common_Equations.Common_ConvertCH4ToCO2e: _xlfn.LAMBDA(_xlpm.E_CH4,_xlpm.GWP_CH4, _xlpm.E_CH4 * _xlpm.GWP_CH4)
Name Common_Equations.Common_ConvertCH4ToCO2e_Arguments: _xlfn.LAMBDA(_xlfn.MAKEARRAY(2, 2, _xlfn.LAMBDA(_xlpm.r,_xlpm.c, INDEX({"ECH4","Methane emissions (t CH4)";"GWPCH4","Global warming potential for methane (t CO2-e / t CH4)"}, _xlpm.r, _xlpm.c))))
Name Common_Equations.Common_ConvertCH4ToCO2e_LatexEquation: _xlfn.LAMBDA("CO2_e = E_{CH4} \times GWP_{CH4}")
Name Common_Equations.Common_ConvertCH4ToCO2e_NIRReference: _xlfn.LAMBDA("")
Name Common_Equations.Common_ConvertCH4ToCO2e_Title: _xlfn.LAMBDA("Convert methane emissions to carbon dioxide equivalent emissions")
Name Common_Equations.Common_ConvertCH4ToCO2e_Unit: _xlfn.LAMBDA("t CO2e")
Name Common_Equations.Common_ConvertCH4ToCO2e_Variable: _xlfn.LAMBDA("ECH4 CO2e")
Name Common_Equations.Common_ConvertN2OToCO2e: _xlfn.LAMBDA(_xlpm.E_N2O,_xlpm.GWP_N2O, _xlpm.E_N2O * _xlpm.GWP_N2O)
Name Common_Equations.Common_ConvertN2OToCO2e_LatexEquation: _xlfn.LAMBDA("CO2_e = E_{N2O} \times GWP_{N2O}")
Name Common_Equations.Common_ConvertN2OToCO2e_NIRReference: _xlfn.LAMBDA("")
Name Common_Equations.Common_ConvertN2OToCO2e_Title: _xlfn.LAMBDA("Convert nitrous oxide emissions to carbon dioxide equivalent emissions")
Name Common_Equations.Common_ConvertN2OToCO2e_Unit: _xlfn.LAMBDA("t CO2e")
Name Common_Equations.Common_ConvertN2OToCO2e_Variable: _xlfn.LAMBDA("EN2O CO2e")
Name Common_InputFunctions.Utility_ConvertStateCommonNameToAbbreviation: _xlfn.LAMBDA(_xlpm.StateCommonName,_xlpm.StateCommonNameArray,_xlpm.StateAbbreviationArray, _xlfn.XLOOKUP(_xlpm.StateCommonName, _xlpm.StateCommonNameArray, _xlpm.StateAbbreviationArray, ""))
Name Common_InputFunctions.Utility_DisplayArguments_1_2: _xlfn.LAMBDA(_xlpm.ArgumentsArray, _xlfn.CHOOSECOLS(_xlpm.ArgumentsArray, 1, 2))
Name Common_InputFunctions.Utility_DisplayArguments_3_4: _xlfn.LAMBDA(_xlpm.ArgumentsArray, _xlfn.CHOOSECOLS(_xlpm.ArgumentsArray, 3, 4))
Name Common_InputFunctions.Utility_DisplayFunctionName: _xlfn.LAMBDA(_xlpm.Function, _xlfn.TEXTBEFORE(_xlfn.FORMULATEXT(_xlpm.Function), "("))
Name Common_InputFunctions.Utility_GetArrayTableColumnStartNumber: _xlfn.LAMBDA(_xlpm.TableHeaderCell, COLUMN(_xlpm.TableHeaderCell))
Name Common_InputFunctions.Utility_GetArrayTableRowStartNumber: _xlfn.LAMBDA(_xlpm.TableheaderCell,_xlpm.RowsBetweenHeaderandArray, ROW(_xlpm.TableheaderCell) + _xlpm.RowsBetweenHeaderandArray - 1)
Name Common_InputFunctions.Utility_LookupValueInTable: _xlfn.LAMBDA(_xlpm.LookupValue,_xlpm.LookupArray,_xlpm.ReturnArray, _xlfn.XLOOKUP(_xlpm.LookupValue, _xlpm.LookupArray, _xlpm.ReturnArray, ""))
Name Common_InputFunctions.Utility_SourceHyperlink: _xlfn.LAMBDA(_xlpm.TargetCell, _xlfn.LET(_xlpm.sh, _xlfn.TEXTAFTER(CELL("filename", _xlpm.TargetCell), "]"), _xlpm.addr, CELL("address", _xlpm.TargetCell), "#'" & _xlpm.sh & "'!" & _xlpm.addr))
Name Common_SourceData.Common_SourceData_AustralianStatesTerritories_Source: _xlfn.LAMBDA("")
Name Common_SourceData.Common_SourceData_AustralianStatesTerritories_Title: _xlfn.LAMBDA("Australian states and territories")
Name Common_SourceData.Common_SourceData_AustralianStatesTerritories_Unit: _xlfn.LAMBDA("")
Name Common_SourceData.Common_SourceData_AustralianStatesTerritories_Variable: _xlfn.LAMBDA("")
Name Common_SourceData.Common_SourceData_ClimateZones_Source: _xlfn.LAMBDA("VEERG 2026: Table 1.3: Climate and Rainfall zone classifications and definitions")
Name Common_SourceData.Common_SourceData_ClimateZones_Title: _xlfn.LAMBDA("VEERG Australian climate zones")
Name Common_SourceData.Common_SourceData_ClimateZones_Unit: _xlfn.LAMBDA("")
Name Common_SourceData.Common_SourceData_ClimateZones_Variable: _xlfn.LAMBDA("")
Name Common_SourceData.Common_SourceData_ConvertGasElementalToMolecular_Source: _xlfn.LAMBDA("XXXXXXX")
Name Common_SourceData.Common_SourceData_ConvertGasElementalToMolecular_Title: _xlfn.LAMBDA("Factor to convert elemental mass of gas to molecular mass")
Name Common_SourceData.Common_SourceData_ConvertGasElementalToMolecular_Unit: _xlfn.LAMBDA("factor")
Name Common_SourceData.Common_SourceData_ConvertGasElementalToMolecular_Variable: _xlfn.LAMBDA("Cg")
Name Common_SourceData.Common_SourceData_ConvertN2oElementalToMolecularCg_Data: _xlfn.LAMBDA(44 / 28)
Name Common_SourceData.Common_SourceData_ConvertN2oElementalToMolecularCg_Source: _xlfn.LAMBDA("National Inventory Report 2023 Volume 1")
Name Common_SourceData.Common_SourceData_ConvertN2oElementalToMolecularCg_Title: _xlfn.LAMBDA("Factor to convert elemental mass of N2O to molecular mass")
Name Common_SourceData.Common_SourceData_ConvertN2oElementalToMolecularCg_Unit: _xlfn.LAMBDA("factor")
Name Common_SourceData.Common_SourceData_ConvertN2oElementalToMolecularCg_Variable: _xlfn.LAMBDA("CgN2O")
Name Common_SourceData.Common_SourceData_DataScores_Scope3_Source: _xlfn.LAMBDA("VEERG 2026: XXXXXXXX")
Name Common_SourceData.Common_SourceData_DataScores_Scope3_Title: _xlfn.LAMBDA("Australian data scores for scope 3")
Name Common_SourceData.Common_SourceData_DataScores_Scope3_Unit: _xlfn.LAMBDA("")
Name Common_SourceData.Common_SourceData_DataScores_Scope3_Variable: _xlfn.LAMBDA("")
Name Common_SourceData.Common_SourceData_DataScores_Scope3_Variation: _xlfn.LAMBDA("")
Name Common_SourceData.Common_SourceData_DensityOfMethane_Data: _xlfn.LAMBDA(0.6784)
Name Common_SourceData.Common_SourceData_DensityOfMethane_Source: _xlfn.LAMBDA("National Inventory Report 2023 Volume 1: Equations 3.B.1a_2, 3.B.1c_2, 3.B.3_1, 3.B.4g_2")
Name Common_SourceData.Common_SourceData_DensityOfMethane_Title: _xlfn.LAMBDA("p = density of methane")
Name Common_SourceData.Common_SourceData_DensityOfMethane_Unit: _xlfn.LAMBDA("kg/m3")
Name Common_SourceData.Common_SourceData_EFleach_Data: _xlfn.LAMBDA(_xlfn.MAKEARRAY(1, 2, _xlfn.LAMBDA(_xlpm.r,_xlpm.c, INDEX({"EFleach",0.011}, _xlpm.r, _xlpm.c))))
Name Common_SourceData.Common_SourceData_EFleach_NIRReference: _xlfn.LAMBDA("National Inventory Report Volume 1: Equation 3.D.B_10")
Name Common_SourceData.Common_SourceData_EFleach_Source: _xlfn.LAMBDA("VEERG 2026:5.5.2.3 Constant Parameters")
Name Common_SourceData.Common_SourceData_EFleach_Title: _xlfn.LAMBDA("Emission factor for nitrogen leaching and runoff")
Name Common_SourceData.Common_SourceData_EFleach_Unit: _xlfn.LAMBDA("(kg N2O-N / kg N")
Name Common_SourceData.Common_SourceData_EFleach_Variation: _xlfn.LAMBDA((""))
Name Common_SourceData.Common_SourceData_EFN2O_NIRReference: _xlfn.LAMBDA("")
Name Common_SourceData.Common_SourceData_EFN2O_Source: _xlfn.LAMBDA("VEERG 2026: Table A.2.2.1")
Name Common_SourceData.Common_SourceData_EFN2O_Title: _xlfn.LAMBDA("Nitrous oxide emission factors for inorganic fertiliser application")
Name Common_SourceData.Common_SourceData_EFN2O_Unit: _xlfn.LAMBDA("(kg N2O-N / kg N")
Name Common_SourceData.Common_SourceData_EFOrganicFertiliserAndCropResidues_Data: _xlfn.LAMBDA(_xlfn.MAKEARRAY(3, 2, _xlfn.LAMBDA(_xlpm.r,_xlpm.c, INDEX({"Climate zone","EFNi & EFN2O";"Wet climate zone",0.006;"Dry climate zone",0.005}, _xlpm.r, _xlpm.c))))
Name Common_SourceData.Common_SourceData_EFOrganicFertiliserAndCropResidues_NIRReference: _xlfn.LAMBDA("")
Name Common_SourceData.Common_SourceData_EFOrganicFertiliserAndCropResidues_Source: _xlfn.LAMBDA("VEERG 2026: Table A.2.1.4")

Sheet Home
A1: Home

Sheet Overview
A1: #VALUE! | C1: 4.6: Manure Management: Poultry: Overview
A3: =HYPERLINK("#'Home'!A1", "Home") -> Home
A4: =HYPERLINK("#'Overview'!A1", "Overview") -> Overview
A5: =HYPERLINK("#'Results'!A1", "Results") -> Results | D5: 💡 Below is a diagram that maps the equations used to calculate emissions, how they interact with each other and how they align with dairy manure management processes.
D6: Click on a box to go to the corresponding calculation.
A7: INPUTS
A8: =HYPERLINK("#'Input - Site'!A1", "Site") -> Site
A9: =HYPERLINK("#'Input - Poultry'!A1", "Poultry") -> Poultry
A11: CALCULATIONS
A12: =HYPERLINK("#'4.6.1.1-2 Methane'!A1", "4.6.1.1-2 Methane") -> 4.6.1.1-2 Methane
A13: =HYPERLINK("#'4.6.1.3-4 Direct N20'!A1", "4.6.1.3-4 Direct N2O") -> 4.6.1.3-4 Direct N2O
A14: =HYPERLINK("#'4.6.1.5-6 Atmos Dep'!A1", "4.6.1.5-6 Atmospheric deposition") -> 4.6.1.5-6 Atmospheric deposition
A15: =HYPERLINK("#'4.6.1.7-8 Leaching and runoff'!A1", "4.6.1.7-8 Leaching & runoff") -> 4.6.1.7-8 Leaching & runoff
A16: =HYPERLINK("#'4.6.1.9 Manure applied to soils'!A1", "4.6.1.9 Manure applied to soils") -> 4.6.1.9 Manure applied to soils
A17: =HYPERLINK("#'4.6.1.10-11 Soil direct N2O'!A1", "4.6.1.10-11 Soil direct N2O") -> 4.6.1.10-11 Soil direct N2O
A18: =HYPERLINK("#'4.6.1.12-13 Soil atmos dep'!A1", "4.6.1.12-13 Soil Atm. deposition") -> 4.6.1.12-13 Soil Atm. deposition
A19: =HYPERLINK("#'4.6.1.14-15 Soil leach runoff'!A1", "4.6.1.14-15 Soil leach & runoff") -> 4.6.1.14-15 Soil leach & runoff
A21: APPENDICES
A22: =HYPERLINK("#'Constants - Poultry'!A1", "Constants - Poultry") -> Constants - Poultry
A23: =HYPERLINK("#'Constants - Livestock'!A1", "Constants - Livestock") -> Constants - Livestock
A24: =HYPERLINK("#'Constants - Common'!A1", "Constants - Common") -> Constants - Common

Sheet Results
A1: #VALUE! | C1: 4.6 Manure management: Poultry: Results
A3: =HYPERLINK("#'Home'!A1", "Home") -> Home
A4: =HYPERLINK("#'Overview'!A1", "Overview") -> Overview | D4: Emissions breakdown
A5: =HYPERLINK("#'Results'!A1", "Results") -> Results
D6: Scope 1 source | E6: GHG emissions method 1 | F6: GHG emissions method 2 | G6: GHG Unit | H6: CO2-e emissions method 1 | I6: CO2-e emissions method 2 | J6: CO2-e unit
A7: INPUTS | D7: 4.6.1.1-2 Manure methane | E7: ='4.6.1.1-2 Methane'!E222 -> 0.019999321 | F7: ='4.6.1.1-2 Methane'!O222 -> 0.019245864 | G7: t CH4 | H7: ='4.6.1.1-2 Methane'!E227 -> 0.55998099 | I7: ='4.6.1.1-2 Methane'!O227 -> 0.53888418 | J7: t CO2e
A8: =HYPERLINK("#'Input - Site'!A1", "Site") -> Site | D8: 4.6.1.3-4 Direct N2O | E8: ='4.6.1.3-4 Direct N20'!E245 -> 0.00057674955 | F8: ='4.6.1.3-4 Direct N20'!O245 -> 0.00057674955 | G8: t N2O | H8: ='4.6.1.3-4 Direct N20'!E250 -> 0.15283863 | I8: ='4.6.1.3-4 Direct N20'!O250 -> 0.15283863 | J8: t CO2e
A9: =HYPERLINK("#'Input - Poultry'!A1", "Poultry") -> Poultry | D9: 4.6.1.5-6 Atmospheric deposition | E9: ='4.6.1.5-6 Atmos Dep'!E96 -> 0.00022877541 | F9: ='4.6.1.5-6 Atmos Dep'!O96 -> 0.00022877541 | G9: t N2O | H9: ='4.6.1.5-6 Atmos Dep'!E101 -> 0.060625483 | I9: ='4.6.1.5-6 Atmos Dep'!O101 -> 0.060625483 | J9: t CO2e
D10: 4.6.1.7-8 Leaching and runoff | E10: ='4.6.1.7-8 Leaching and runoff'!E59 -> 3.4753311e-06 | F10: ='4.6.1.7-8 Leaching and runoff'!O59 -> 3.4753311e-06 | G10: t N2O | H10: ='4.6.1.7-8 Leaching and runoff'!E64 -> 0.00092096274 | I10: ='4.6.1.7-8 Leaching and runoff'!O64 -> 0.00092096274 | J10: t CO2e
A11: CALCULATIONS | D11: 4.6.1.10-11 Soil direct N2O | E11: ='4.6.1.10-11 Soil direct N2O'!E27 -> 0.00023434149 | F11: ='4.6.1.10-11 Soil direct N2O'!O27 -> 0.00023434149 | G11: t N2O | H11: ='4.6.1.10-11 Soil direct N2O'!E32 -> 0.062100494 | I11: ='4.6.1.10-11 Soil direct N2O'!O32 -> 0.062100494 | J11: t CO2e
A12: =HYPERLINK("#'4.6.1.1-2 Methane'!A1", "4.6.1.1-2 Methane") -> 4.6.1.1-2 Methane | D12: 4.6.1.12-13 Soil Atmospheric deposition | E12: ='4.6.1.12-13 Soil atmos dep'!E45 -> 1.7224099e-05 | F12: ='4.6.1.12-13 Soil atmos dep'!N45 -> 1.7224099e-05 | G12: t N2O | H12: ='4.6.1.12-13 Soil atmos dep'!E50 -> 0.0045643863 | I12: ='4.6.1.12-13 Soil atmos dep'!N50 -> 0.0045643863 | J12: t CO2e
A13: =HYPERLINK("#'4.6.1.3-4 Direct N20'!A1", "4.6.1.3-4 Direct N2O") -> 4.6.1.3-4 Direct N2O | D13: 4.6.1.14-15 Soil leaching and runoff | E13: ='4.6.1.14-15 Soil leach runoff'!E47 -> 2.5777563e-06 | F13: ='4.6.1.14-15 Soil leach runoff'!O47 -> 2.5777563e-06 | G13: t N2O | H13: ='4.6.1.14-15 Soil leach runoff'!E52 -> 0.00068310543 | I13: ='4.6.1.14-15 Soil leach runoff'!O52 -> 0.00068310543 | J13: t CO2e
A14: =HYPERLINK("#'4.6.1.5-6 Atmos Dep'!A1", "4.6.1.5-6 Atmospheric deposition") -> 4.6.1.5-6 Atmospheric deposition | D14: Total | H14: =SUM(H7:H13) -> 0.84171405 | I14: =SUM(I7:I13) -> 0.82061724 | J14: t CO2e
A15: =HYPERLINK("#'4.6.1.7-8 Leaching and runoff'!A1", "4.6.1.7-8 Leaching & runoff") -> 4.6.1.7-8 Leaching & runoff
A16: =HYPERLINK("#'4.6.1.9 Manure applied to soils'!A1", "4.6.1.9 Manure applied to soils") -> 4.6.1.9 Manure applied to soils | D16: 4.6.1.9 Manure applied to soils
A17: =HYPERLINK("#'4.6.1.10-11 Soil direct N2O'!A1", "4.6.1.10-11 Soil direct N2O") -> 4.6.1.10-11 Soil direct N2O | D17: WARNING: Manure nitrogen that was applied to soils must be accounted for
A18: =HYPERLINK("#'4.6.1.12-13 Soil atmos dep'!A1", "4.6.1.12-13 Soil Atm. deposition") -> 4.6.1.12-13 Soil Atm. deposition | D18: See the table below for how to account for manure applied to soils for scope 1 and 3.
A19: =HYPERLINK("#'4.6.1.14-15 Soil leach runoff'!A1", "4.6.1.14-15 Soil leach & runoff") -> 4.6.1.14-15 Soil leach & runoff | D19: Manure nitrogen use | E19: Amount of N in manure | F19: N unit | G19: Emissions allocated to | H19: VEERG Calculation method
D20: Manure nitrogen deposited on farm soils (including use as fertiliser for other enterprises on own farm eg crops) | E20: ='4.6.1.9 Manure applied to soils'!E121 -> 36.930778 | F20: kg N | G20: Scope 1 - This poultry enterprise | H20: 5.2.2.1 (1), 5.4.1.3 (1, 2), 5.5.1.1 (1, 3)
A21: APPENDICES | D21: Manure nitrogen deposited on farm soils as fertiliser for other farm enterpsies (eg crops) | E21: ='4.6.1.9 Manure applied to soils'!E205 -> 8.9593892 | F21: kg N | G21: Scope 1 - This poultry enterprise | H21: 5.2.2.1 (1), 5.4.1.3 (1, 2), 5.5.1.1 (1, 3)
A22: =HYPERLINK("#'Constants - Poultry'!A1", "Constants - Poultry") -> Constants - Poultry | D22: Manure nitrogen sold | E22: ='4.6.1.9 Manure applied to soils'!E158 -> 8.9593892 | F22: kg N | G22: Scope 3 (downstream) | H22: 15.13.1.1 (1), 5.2.2.1 (1), 5.4.1.3 (1, 2), 5.5.1.1 (1, 3)
A23: =HYPERLINK("#'Constants - Livestock'!A1", "Constants - Livestock") -> Constants - Livestock
A24: =HYPERLINK("#'Constants - Common'!A1", "Constants - Common") -> Constants - Common

Sheet Input - Site
A1: #VALUE! | C1: Input - Site
A3: =HYPERLINK("#'Home'!A1", "Home") -> Home
A4: =HYPERLINK("#'Overview'!A1", "Overview") -> Overview
A5: =HYPERLINK("#'Results'!A1", "Results") -> Results | D5: Your business
A7: INPUTS | D7: Farm name | E7: My test farm
A8: =HYPERLINK("#'Input - Site'!A1", "Site") -> Site | D8: Reporting entity name | E8: My test Farms Pty Ltd
A9: =HYPERLINK("#'Input - Poultry'!A1", "Poultry") -> Poultry
D10: 💡An 'Emissions accounting period' is a 12 month period where the business can report on the emissions, and is typically the same as the business' financial accounting period.
A11: CALCULATIONS
A12: =HYPERLINK("#'4.6.1.1-2 Methane'!A1", "4.6.1.1-2 Methane") -> 4.6.1.1-2 Methane | D12: Emissions calculation period start date | E12: 45658 | F12: ← DD/MM/YYYY or DD Month YYYY
A13: =HYPERLINK("#'4.6.1.3-4 Direct N20'!A1", "4.6.1.3-4 Direct N2O") -> 4.6.1.3-4 Direct N2O | D13: Emissions calculation period end date | E13: =DATE(YEAR(E12)+1,MONTH(E12),DAY(E12))-1 -> 46022 | F13: ← Automatically calculated, 12 months after start date
A14: =HYPERLINK("#'4.6.1.5-6 Atmos Dep'!A1", "4.6.1.5-6 Atmospheric deposition") -> 4.6.1.5-6 Atmospheric deposition
A15: =HYPERLINK("#'4.6.1.7-8 Leaching and runoff'!A1", "4.6.1.7-8 Leaching & runoff") -> 4.6.1.7-8 Leaching & runoff
A16: =HYPERLINK("#'4.6.1.9 Manure applied to soils'!A1", "4.6.1.9 Manure applied to soils") -> 4.6.1.9 Manure applied to soils | D16: Location and climate
A17: =HYPERLINK("#'4.6.1.10-11 Soil direct N2O'!A1", "4.6.1.10-11 Soil direct N2O") -> 4.6.1.10-11 Soil direct N2O
A18: =HYPERLINK("#'4.6.1.12-13 Soil atmos dep'!A1", "4.6.1.12-13 Soil Atm. deposition") -> 4.6.1.12-13 Soil Atm. deposition | D18: Location information is used to reference some region and climate-specific emission factors
A19: =HYPERLINK("#'4.6.1.14-15 Soil leach runoff'!A1", "4.6.1.14-15 Soil leach & runoff") -> 4.6.1.14-15 Soil leach & runoff | D19: Tip: Use the web-based GAF Location Helper tool to easily get region and climate information. You will need an internet connection to use the GAF Location Helper.
A21: APPENDICES | D21: State | E21: Western Australia | F21: ← Please select
A22: =HYPERLINK("#'Constants - Poultry'!A1", "Constants - Poultry") -> Constants - Poultry | D22: Region (ABS Statistical area level 4) if state is WA | E22: Western Australia - Outback (South) | F22: ← Please select
A23: =HYPERLINK("#'Constants - Livestock'!A1", "Constants - Livestock") -> Constants - Livestock | D23: Leaching zone | E23: NO - Not in leaching zone | F23: ← Please select
A24: =HYPERLINK("#'Constants - Common'!A1", "Constants - Common") -> Constants - Common | D24: Elevation | E24: 307.7 | F24: Meters
D25: Average temperature for reporting period | E25: 18 | F25: Degrees celsius
D26: Total rainfall for reporting period | E26: 601 | F26: Millimetres
D27: Potential evapotranspiration for reporting period | E27: 1326 | F27: Millimetres
D28: Number of frost days for reporting period | E28: 7 | F28: Days
D29: MAP:PET ratio | E29: =E26/E27 -> 0.45324284
D30: Rainfall zone | E30: =Common_InputFunctions.Utility_LookupItemFromMinMax(E26,Table_SourceData_RainfallZones[Min rainfall],Table_SourceData_RainfallZones[Max rainfall],Table_SourceData_RainfallZones[Rainfall Zone]) -> High rainfall
D31: Climate zone | E31: =Common_InputFunctions.Utility_GetClimateZone(E25,E26,E28,E24,E29,Table_SourceData_ClimateZones[Min temp],Table_SourceData_ClimateZones[Max temp],Table_SourceData_ClimateZones[Min rainfall],Table_SourceData_ClimateZones[Max rainfall],Table_SourceData_ClimateZones[Min frost days],Table_SourceData_ClimateZones[Max frost days],Table_SourceData_ClimateZones[Min elevation],Table_SourceData_ClimateZones[Max elevation],Table_SourceData_ClimateZones[Min MAP:PET],Table_SourceData_ClimateZones[Max MAP:PET],Table_SourceData_ClimateZones[Climate zone]) -> Warm temperate dry
D32: Wet or dry climate zone | E32: =Common_InputFunctions.Utility_LookupValueInTable($E$31,Table_SourceData_WetDryZones[Climate zone],Table_SourceData_WetDryZones[Wet or Dry Zone]) -> Dry climate zone
D33: Temperature zone | E33: =Common_InputFunctions.Utility_LookupItemFromMinMax(E25,Table_SourceData_TemperatureZones[Min MAT],Table_SourceData_TemperatureZones[Max MAT],Table_SourceData_TemperatureZones[Temperature Zone]) -> Temperate

Sheet Input - Poultry
A1: #VALUE! | C1: Input -Poultry
A3: =HYPERLINK("#'Home'!A1", "Home") -> Home
A4: =HYPERLINK("#'Overview'!A1", "Overview") -> Overview
A5: =HYPERLINK("#'Results'!A1", "Results") -> Results | D5: This tool demostrates inputs for one production system.
A7: INPUTS
A8: =HYPERLINK("#'Input - Site'!A1", "Site") -> Site
A9: =HYPERLINK("#'Input - Poultry'!A1", "Poultry") -> Poultry | E9: Layers | F9: Meat chicken growers | G9: Meat chicken breeders | H9: Other
D10: ="Average duration of stay between " & TEXT('Input - Site'!$E$12, "dd mmm yy") & " and " & TEXT('Input - Site'!$E$13, "dd mmm yy") -> Average duration of stay between 01 Jan 25 and 31 Dec 25 | E10: 365 | F10: 365 | G10: 365 | H10: 365 | I10: Days
A11: CALCULATIONS | D11: ="Average number of birds between " & TEXT('Input - Site'!$E$12, "dd mmm yy") & " and " & TEXT('Input - Site'!$E$13, "dd mmm yy") -> Average number of birds between 01 Jan 25 and 31 Dec 25 | E11: 100 | F11: 100 | G11: 100 | H11: 100 | I11: Head
A12: =HYPERLINK("#'4.6.1.1-2 Methane'!A1", "4.6.1.1-2 Methane") -> 4.6.1.1-2 Methane
A13: =HYPERLINK("#'4.6.1.3-4 Direct N20'!A1", "4.6.1.3-4 Direct N2O") -> 4.6.1.3-4 Direct N2O | D13: Manure production
A14: =HYPERLINK("#'4.6.1.5-6 Atmos Dep'!A1", "4.6.1.5-6 Atmospheric deposition") -> 4.6.1.5-6 Atmospheric deposition
A15: =HYPERLINK("#'4.6.1.7-8 Leaching and runoff'!A1", "4.6.1.7-8 Leaching & runoff") -> 4.6.1.7-8 Leaching & runoff | D15: Method 1 default values (Do not edit) | E15: Layers | F15: Meat chicken growers | G15: Meat chicken breeders | H15: Other
A16: =HYPERLINK("#'4.6.1.9 Manure applied to soils'!A1", "4.6.1.9 Manure applied to soils") -> 4.6.1.9 Manure applied to soils | D16: Dry matter intake | E16: 0.086 | F16: 0.093 | G16: 0.103 | H16: 0.093 | I16: kg/DM/bird/day
A17: =HYPERLINK("#'4.6.1.10-11 Soil direct N2O'!A1", "4.6.1.10-11 Soil direct N2O") -> 4.6.1.10-11 Soil direct N2O | D17: Dry matter digestibility (DMD) | E17: 0.8 | F17: 0.8 | G17: 0.8 | H17: 0.8 | I17: fraction
A18: =HYPERLINK("#'4.6.1.12-13 Soil atmos dep'!A1", "4.6.1.12-13 Soil Atm. deposition") -> 4.6.1.12-13 Soil Atm. deposition | D18: Crude protein (CP) | E18: 0.19 | F18: 0.23 | G18: 0.19 | H18: 0.23 | I18: fraction
A19: =HYPERLINK("#'4.6.1.14-15 Soil leach runoff'!A1", "4.6.1.14-15 Soil leach & runoff") -> 4.6.1.14-15 Soil leach & runoff
D20: Method 2 custom values (Edit if known) | E20: Layers | F20: Meat chicken growers | G20: Meat chicken breeders | H20: Other
A21: APPENDICES | D21: Dry matter intake | E21: 0.086 | F21: 0.093 | G21: 0.103 | H21: 0.093 | I21: kg/DM/bird/day
A22: =HYPERLINK("#'Constants - Poultry'!A1", "Constants - Poultry") -> Constants - Poultry | D22: Dry matter digestibility (DMD) | E22: 0.8 | F22: 0.8 | G22: 0.8 | H22: 0.8 | I22: fraction
A23: =HYPERLINK("#'Constants - Livestock'!A1", "Constants - Livestock") -> Constants - Livestock | D23: Crude protein (CP) | E23: 0.19 | F23: 0.23 | G23: 0.19 | H23: 0.23 | I23: fraction
A24: =HYPERLINK("#'Constants - Common'!A1", "Constants - Common") -> Constants - Common
D25: Manure management systems
D27: Production system | E27: Cage | F27: ← Please select
D29: Stage 1 MMS | E29: Layers | F29: Meat chicken growers | G29: Meat chicken breeders | H29: Other
D30: ='Constants - Poultry'!G29 -> Poultry manure with bedding | E30: 0.3 | F30: 0.3 | G30: 0.3 | H30: 0.3 | I30: Percent
D31: ='Constants - Poultry'!G30 -> Belt manure removal | E31: 0.3 | F31: 0.3 | G31: 0.3 | H31: 0.3 | I31: Percent
D32: ='Constants - Poultry'!G31 -> Manure stored in house | E32: 0.3 | F32: 0.3 | G32: 0.3 | H32: 0.3 | I32: Percent
D33: ='Constants - Poultry'!G32 -> Pasture range and paddock | E33: 0.1 | F33: 0.1 | G33: 0.1 | H33: 0.1 | I33: Percent
D34: Total sent to all MMS (Must equal 100%) | E34: =SUM(E30,E31,E32,E33) -> 1 | F34: =SUM(F30,F31,F32,F33) -> 1 | G34: =SUM(G30,G31,G32,G33) -> 1 | H34: =SUM(H30,H31,H32,H33) -> 1
D35: ▼
D36: Stage 2 MMS | E36: Layers | F36: Meat chicken growers | G36: Meat chicken breeders | H36: Other | I36: ► | J36: Destination after stage 2 MMS (Percent)
D37: ="From stage 1: " & $D$30 -> From stage 1: Poultry manure with bedding | E37: =IF(SUM(E30:H30)>0,"Manure was sent to this MMS, please complete this section.","No manure was sent to this MMS. Leave this section blank.") -> Manure was sent to this MMS, please complete this section. | J37: Sold | K37: Fert for own farm (eg crop) | L37: Direct application to soil
D38: ='Constants - Poultry'!$J$29 -> Solid storage | E38: 0.2 | F38: 0.2 | G38: 0.2 | H38: 0.2 | I38: Percent | J38: 0.25 | K38: 0.25 | L38: 0.5
D39: ='Constants - Poultry'!$J$30 -> Composting (passive windrow) | E39: 0.2 | F39: 0.2 | G39: 0.2 | H39: 0.2 | I39: Percent | J39: 0.25 | K39: 0.25 | L39: 0.5
D40: ='Constants - Poultry'!$J$31 -> Digester / covered lagoons | E40: 0.2 | F40: 0.2 | G40: 0.2 | H40: 0.2 | I40: Percent | J40: 0.25 | K40: 0.25 | L40: 0.5
D41: ='Constants - Poultry'!$J$32 -> Direct processing | E41: 0.2 | F41: 0.2 | G41: 0.2 | H41: 0.2 | I41: Percent | J41: 0.25 | K41: 0.25 | L41: 0.5
D42: ='Constants - Poultry'!$J$33 -> Direct application | E42: 0.2 | F42: 0.2 | G42: 0.2 | H42: 0.2 | I42: Percent | J42: 0 | K42: 0 | L42: 1
D44: ="From stage 1: " & $D$31 -> From stage 1: Belt manure removal | E44: =IF(SUM(E31:H31)>0,"Manure was sent to this MMS, please complete this section.","No manure was sent to this MMS. Leave this section blank.") -> Manure was sent to this MMS, please complete this section. | J44: Sold | K44: Fert for own farm (eg crop) | L44: Direct application to soil
D45: ='Constants - Poultry'!$J$29 -> Solid storage | E45: 0.2 | F45: 0.2 | G45: 0.2 | H45: 0.2 | I45: Percent | J45: 0.25 | K45: 0.25 | L45: 0.5
D46: ='Constants - Poultry'!$J$30 -> Composting (passive windrow) | E46: 0.2 | F46: 0.2 | G46: 0.2 | H46: 0.2 | I46: Percent | J46: 0.25 | K46: 0.25 | L46: 0.5
D47: ='Constants - Poultry'!$J$31 -> Digester / covered lagoons | E47: 0.2 | F47: 0.2 | G47: 0.2 | H47: 0.2 | I47: Percent | J47: 0.25 | K47: 0.25 | L47: 0.5
D48: ='Constants - Poultry'!$J$32 -> Direct processing | E48: 0.2 | F48: 0.2 | G48: 0.2 | H48: 0.2 | I48: Percent | J48: 0.25 | K48: 0.25 | L48: 0.5
D49: ='Constants - Poultry'!$J$33 -> Direct application | E49: 0.2 | F49: 0.2 | G49: 0.2 | H49: 0.2 | J49: 0 | K49: 0 | L49: 1
D51: ="From stage 1: " & $D$32 -> From stage 1: Manure stored in house | E51: =IF(SUM(E32:H32)>0,"Manure was sent to this MMS, please complete this section.","No manure was sent to this MMS. Leave this section blank.") -> Manure was sent to this MMS, please complete this section. | J51: Sold | K51: Fert for own farm (eg crop) | L51: Direct application to soil
D52: ='Constants - Poultry'!$J$29 -> Solid storage | E52: 0.2 | F52: 0.2 | G52: 0.2 | H52: 0.2 | I52: Percent | J52: 0.25 | K52: 0.25 | L52: 0.5
D53: ='Constants - Poultry'!$J$30 -> Composting (passive windrow) | E53: 0.2 | F53: 0.2 | G53: 0.2 | H53: 0.2 | I53: Percent | J53: 0.25 | K53: 0.25 | L53: 0.5
D54: ='Constants - Poultry'!$J$31 -> Digester / covered lagoons | E54: 0.2 | F54: 0.2 | G54: 0.2 | H54: 0.2 | I54: Percent | J54: 0.25 | K54: 0.25 | L54: 0.5
D55: ='Constants - Poultry'!$J$32 -> Direct processing | E55: 0.2 | F55: 0.2 | G55: 0.2 | H55: 0.2 | I55: Percent | J55: 0.25 | K55: 0.25 | L55: 0.5
D56: ='Constants - Poultry'!$J$33 -> Direct application | E56: 0.2 | F56: 0.2 | G56: 0.2 | H56: 0.2 | I56: Percent | J56: 0 | K56: 0 | L56: 1
D59: Where manure was deposited on farm soils, what is the closest match? | E59: Crop | F59: ← Please select
E60: Sprinkler Irrigation | F60: ← Please select

Sheet 4.6.1.1-2 Methane
A1: #VALUE! | C1: 4.6.1.1-2 Manure Methane
A3: =HYPERLINK("#'Home'!A1", "Home") -> Home | D3: Method 1 | N3: Method 2
A4: =HYPERLINK("#'Overview'!A1", "Overview") -> Overview
A5: =HYPERLINK("#'Results'!A1", "Results") -> Results | D5: {=MMS_Poultry_Methane_Equations.VEERG_4_6_1_1__5_VolatileSolidProduction_Title()} -> Volatile solid production poultry classes
D6: {=MMS_Poultry_Methane_Equations.VEERG_4_6_1_1__5_VolatileSolidProduction_Source()} -> VEERG 2026: 4.4.1.1, Equation (5)
A7: INPUTS | D7: Function name | E7: {=Common_InputFunctions.Utility_DisplayFunctionName(D35)} -> =MMS_Poultry_Methane_Equations.VEERG_4_6_1_1__5_VolatileSolidProduction
A8: =HYPERLINK("#'Input - Site'!A1", "Site") -> Site
A9: =HYPERLINK("#'Input - Poultry'!A1", "Poultry") -> Poultry
D10: Variable | E10: {=MMS_Poultry_Methane_Equations.VEERG_4_6_1_1__5_VolatileSolidProduction_Variable()} -> VS_jk
A11: CALCULATIONS | D11: Unit | E11: {=MMS_Poultry_Methane_Equations.VEERG_4_6_1_1__5_VolatileSolidProduction_Unit()} -> kg VS/bird/day
A12: =HYPERLINK("#'4.6.1.1-2 Methane'!A1", "4.6.1.1-2 Methane") -> 4.6.1.1-2 Methane
A13: =HYPERLINK("#'4.6.1.3-4 Direct N20'!A1", "4.6.1.3-4 Direct N2O") -> 4.6.1.3-4 Direct N2O | D13: {=_xlfn.CHOOSECOLS(MMS_Poultry_Methane_Equations.VEERG_4_6_1_1__5_VolatileSolidProduction_Arguments(),1,2)} -> I_jk | E13: dry matter intake for each class and subclass | G13: {=_xlfn.CHOOSECOLS(MMS_Poultry_Methane_Equations.VEERG_4_6_1_1__5_VolatileSolidProduction_Arguments(),3,4)} -> kg DM/bird/day | H13: Input | I13: {=HYPERLINK(Common_InputFunctions.Utility_SourceHyperlink($D$17), $D$17)} -> M1_Table_I_j_k
A14: =HYPERLINK("#'4.6.1.5-6 Atmos Dep'!A1", "4.6.1.5-6 Atmospheric deposition") -> 4.6.1.5-6 Atmospheric deposition | D14: DMD_jk | E14: dry matter digestibility for each class and subclass | G14: fraction | H14: Input | I14: {=HYPERLINK(Common_InputFunctions.Utility_SourceHyperlink($D$22), $D$22)} -> M1_Table_DMD_j_k
A15: =HYPERLINK("#'4.6.1.7-8 Leaching and runoff'!A1", "4.6.1.7-8 Leaching & runoff") -> 4.6.1.7-8 Leaching & runoff | D15: A_j | E15: ash content of manure for each class and subclass | G15: fraction | H15: Constant | I15: {=HYPERLINK(Common_InputFunctions.Utility_SourceHyperlink($D$32), $D$32)} -> M1_Table_VS_j_k
A16: =HYPERLINK("#'4.6.1.9 Manure applied to soils'!A1", "4.6.1.9 Manure applied to soils") -> 4.6.1.9 Manure applied to soils
A17: =HYPERLINK("#'4.6.1.10-11 Soil direct N2O'!A1", "4.6.1.10-11 Soil direct N2O") -> 4.6.1.10-11 Soil direct N2O | D17: M1_Table_I_j_k | N17: M2_Table_I_j_k
A18: =HYPERLINK("#'4.6.1.12-13 Soil atmos dep'!A1", "4.6.1.12-13 Soil Atm. deposition") -> 4.6.1.12-13 Soil Atm. deposition | D18: Dry matter intake (Method 1) | N18: Dry matter intake (Method 2)
A19: =HYPERLINK("#'4.6.1.14-15 Soil leach runoff'!A1", "4.6.1.14-15 Soil leach & runoff") -> 4.6.1.14-15 Soil leach & runoff | D19: Layers | E19: Meat chicken growers | F19: Meat chicken breeders | G19: Other | N19: Layers | O19: Meat chicken growers | P19: Meat chicken breeders | Q19: Other
D20: ='Input - Poultry'!E16 -> 0.086 | E20: ='Input - Poultry'!F16 -> 0.093 | F20: ='Input - Poultry'!G16 -> 0.103 | G20: ='Input - Poultry'!H16 -> 0.093 | H20: =$G$13 -> kg DM/bird/day | N20: ='Input - Poultry'!E21 -> 0.086 | O20: ='Input - Poultry'!F21 -> 0.093 | P20: ='Input - Poultry'!G21 -> 0.103 | Q20: ='Input - Poultry'!H21 -> 0.093 | R20: =$G$13 -> kg DM/bird/day
A21: APPENDICES
A22: =HYPERLINK("#'Constants - Poultry'!A1", "Constants - Poultry") -> Constants - Poultry | D22: M1_Table_DMD_j_k | N22: M1_Table_DMD_j_k
A23: =HYPERLINK("#'Constants - Livestock'!A1", "Constants - Livestock") -> Constants - Livestock | D23: Dry matter digestibility (Method 1) | N23: Dry matter digestibility (Method 1)
A24: =HYPERLINK("#'Constants - Common'!A1", "Constants - Common") -> Constants - Common | D24: Layers | E24: Meat chicken growers | F24: Meat chicken breeders | G24: Other | N24: Layers | O24: Meat chicken growers | P24: Meat chicken breeders | Q24: Other
D25: ='Input - Poultry'!E17 -> 0.8 | E25: ='Input - Poultry'!F17 -> 0.8 | F25: ='Input - Poultry'!G17 -> 0.8 | G25: ='Input - Poultry'!H17 -> 0.8 | H25: =$G$14 -> fraction | N25: ='Input - Poultry'!E22 -> 0.8 | O25: ='Input - Poultry'!F22 -> 0.8 | P25: ='Input - Poultry'!G22 -> 0.8 | Q25: ='Input - Poultry'!H22 -> 0.8 | R25: =$G$14 -> fraction
D27: Table_A_j
D28: Ash content of manure
D29: Layers | E29: Meat chicken growers | F29: Meat chicken breeders | G29: Other
D30: ='Constants - Poultry'!E13 -> 0.18 | E30: ='Constants - Poultry'!F13 -> 0.15 | F30: ='Constants - Poultry'!G13 -> 0.18 | G30: ='Constants - Poultry'!H13 -> 0.15 | H30: =$G$15 -> fraction
D32: M1_Table_VS_j_k | N32: M2_Table_VS_j_k
D33: Volatile solid production (Method 1) | N33: Volatile solid production (Method 2)
D34: Layers | E34: Meat chicken growers | F34: Meat chicken breeders | G34: Other | N34: Layers | O34: Meat chicken growers | P34: Meat chicken breeders | Q34: Other
D35: {=MMS_Poultry_Methane_Equations.VEERG_4_6_1_1__5_VolatileSolidProduction(D20,D25,D30)} -> 0.014104 | E35: {=MMS_Poultry_Methane_Equations.VEERG_4_6_1_1__5_VolatileSolidProduction(E20,E25,E30)} -> 0.01581 | F35: {=MMS_Poultry_Methane_Equations.VEERG_4_6_1_1__5_VolatileSolidProduction(F20,F25,F30)} -> 0.016892 | G35: {=MMS_Poultry_Methane_Equations.VEERG_4_6_1_1__5_VolatileSolidProduction(G20,G25,G30)} -> 0.01581 | H35: =$E$11 -> kg VS/bird/day | N35: {=MMS_Poultry_Methane_Equations.VEERG_4_6_1_1__5_VolatileSolidProduction(N20,N25,D30)} -> 0.014104 | O35: {=MMS_Poultry_Methane_Equations.VEERG_4_6_1_1__5_VolatileSolidProduction(O20,O25,E30)} -> 0.01581 | P35: {=MMS_Poultry_Methane_Equations.VEERG_4_6_1_1__5_VolatileSolidProduction(P20,P25,F30)} -> 0.016892 | Q35: {=MMS_Poultry_Methane_Equations.VEERG_4_6_1_1__5_VolatileSolidProduction(Q20,Q25,G30)} -> 0.01581 | R35: =$E$11 -> kg VS/bird/day
D39: {=MMS_Poultry_Methane_Equations.VEERG_4_6_1_1__2_Stage1MethaneProduction_Title()} -> Production of methane in treatment stage 1 MMS
D40: {=MMS_Poultry_Methane_Equations.VEERG_4_6_1_1__2_Stage1MethaneProduction_Source()} -> VEERG 2026: 4.4.1.1, Equation (2)
D41: {=MMS_Poultry_Methane_Equations.VEERG_4_6_1_1__2_Stage1MethaneProduction_Variation()} -> VARIATION ON SOURCE:
D42: Used mean annual temperature instead of temperature zone to determine MCF as MCF values are specific to temperature
D43: Method 2: Used state based MCF values for 'Belt manure removal' and 'Manure stored in house' MMS as no temperature values exist in Table A.1.8.1
D44: Function name | E44: {=Common_InputFunctions.Utility_DisplayFunctionName(E86)} -> =MMS_Poultry_Methane_Equations.VEERG_4_6_1_1__2_Stage1MethaneProduction
D47: Variable | E47: {=MMS_Poultry_Methane_Equations.VEERG_4_6_1_1__2_Stage1MethaneProduction_Variable()} -> M_jkmT1
D48: Unit | E48: {=MMS_Poultry_Methane_Equations.VEERG_4_6_1_1__2_Stage1MethaneProduction_Unit()} -> kg CH4/bird/day
D50: {=_xlfn.CHOOSECOLS(MMS_Poultry_Methane_Equations.VEERG_4_6_1_1__2_Stage1MethaneProduction_Arguments(),1,2)} -> VS_jk | E50: volatile solid production poultry classes | G50: {=_xlfn.CHOOSECOLS(MMS_Poultry_Methane_Equations.VEERG_4_6_1_1__2_Stage1MethaneProduction_Arguments(),3,4)} -> kg VS/bird/day | H50: Calculated from 4.6.1.1 (5) | I50: {=HYPERLINK(Common_InputFunctions.Utility_SourceHyperlink($D$32), $D$32)} -> M1_Table_VS_j_k | N50: {=_xlfn.CHOOSECOLS(MMS_Poultry_Methane_Equations.VEERG_4_6_1_1__2_Stage1MethaneProduction_Arguments_Method2(),1,2)} -> VS_jk | O50: volatile solid production poultry classes | Q50: {=_xlfn.CHOOSECOLS(MMS_Poultry_Methane_Equations.VEERG_4_6_1_1__2_Stage1MethaneProduction_Arguments_Method2(),3,4)} -> kg VS/bird/day | R50: Calculated from 4.6.1.1 (5) | S50: {=HYPERLINK(Common_InputFunctions.Utility_SourceHyperlink($D$32), $D$32)} -> M1_Table_VS_j_k
D51: BO_j | E51: emissions potential per class | G51: m3 CH4/kg VS | H51: Constant | I51: {=HYPERLINK(Common_InputFunctions.Utility_SourceHyperlink($D$65), $D$65)} -> Table_B_0_j | N51: BO_j | O51: emissions potential per class | Q51: m3 CH4/kg VS | R51: Constant | S51: {=HYPERLINK(Common_InputFunctions.Utility_SourceHyperlink($D$65), $D$65)} -> Table_B_0_j
D52: MMS_jmT1 | E52: fraction of manure in each primary system | G52: fraction | H52: Input | I52: {=HYPERLINK(Common_InputFunctions.Utility_SourceHyperlink($D$57), $D$57)} -> Table_MMS_j_m_T-1 | N52: MMS_jmT1 | O52: fraction of manure in each primary system | Q52: fraction | R52: Input | S52: {=HYPERLINK(Common_InputFunctions.Utility_SourceHyperlink($D$57), $D$57)} -> Table_MMS_j_m_T-1
D53: MCF_im | E53: methane conversion factor for temperature zone and MMS | G53: fraction | H53: Constant | I53: {=HYPERLINK(Common_InputFunctions.Utility_SourceHyperlink($D$70), $D$70)} -> Table_MCF_i_m | N53: MCF_im | O53: methane conversion factor for temperature zone and MMS | Q53: fraction | R53: Constant | S53: {=HYPERLINK(Common_InputFunctions.Utility_SourceHyperlink($D$70), $D$70)} -> Table_MCF_i_m
D54: rho | E54: density of methane | G54: kg/m3 | H54: Constant | I54: ='Constants - Common'!$D$175 -> 0.6784 | N54: rho | O54: density of methane | Q54: kg/m3 | R54: Constant | S54: ='Constants - Common'!$D$175 -> 0.6784
D55: i | E55: state | H55: Input | I55: ='Input - Site'!$E$21 -> Western Australia | N55: i | O55: mean annual temperature | Q55: °C | R55: Input | S55: ='Input - Site'!$E$25 -> 18
D57: Table_MMS_j_m_T-1
D58: Fraction of manure sent to stage 1 MMS
D59: Stage 1 MMS | E59: Layers | F59: Meat chicken growers | G59: Meat chicken breeders | H59: Other
D60: ='Input - Poultry'!$D$30 -> Poultry manure with bedding | E60: ='Input - Poultry'!E30 -> 0.3 | F60: ='Input - Poultry'!F30 -> 0.3 | G60: ='Input - Poultry'!G30 -> 0.3 | H60: ='Input - Poultry'!H30 -> 0.3 | I60: =$G$52 -> fraction
D61: ='Input - Poultry'!$D$31 -> Belt manure removal | E61: ='Input - Poultry'!E31 -> 0.3 | F61: ='Input - Poultry'!F31 -> 0.3 | G61: ='Input - Poultry'!G31 -> 0.3 | H61: ='Input - Poultry'!H31 -> 0.3
D62: ='Input - Poultry'!$D$32 -> Manure stored in house | E62: ='Input - Poultry'!E32 -> 0.3 | F62: ='Input - Poultry'!F32 -> 0.3 | G62: ='Input - Poultry'!G32 -> 0.3 | H62: ='Input - Poultry'!H32 -> 0.3
D63: ='Input - Poultry'!$D$33 -> Pasture range and paddock | E63: ='Input - Poultry'!E33 -> 0.1 | F63: ='Input - Poultry'!F33 -> 0.1 | G63: ='Input - Poultry'!G33 -> 0.1 | H63: ='Input - Poultry'!H33 -> 0.1
D65: Table_B_0_j
D66: Methane emissions potential per class
D67: Layers | E67: Meat chicken growers | F67: Meat chicken breeders | G67: Other
D68: ='Constants - Poultry'!$E$20 -> 0.39 | E68: ='Constants - Poultry'!$E$21 -> 0.36 | F68: ='Constants - Poultry'!$E$21 -> 0.36 | G68: ='Constants - Poultry'!$E$21 -> 0.36 | H68: =$G$51 -> m3 CH4/kg VS
D70: Table_MCF_i_m | N70: Table_MCF_i_m
D71: Methane conversion factor for state | N71: Methane conversion factor for state
D72: MMS | E72: MCFim | N72: MMS | O72: MCFim
D73: ='Constants - Poultry'!$D$29 -> Poultry manure with bedding | E73: =CommonLivestock_InputFunctions.Livestock_LookupMCFState(D73,Table_SourceData_Poultry_MMSMCF[NIR definition],Common_InputFunctions.Utility_ConvertStateCommonNameToAbbreviation($I$55,Table_AustralianStates[Common Name],Table_AustralianStates[Abbreviation]),Table_SourceData_Poultry_MMSMCF[#Headers],Table_SourceData_Poultry_MMSMCF[#Data]) -> 0.015 | F73: =$G$53 -> fraction | N73: ='Constants - Poultry'!$D$29 -> Poultry manure with bedding | O73: =Common_InputFunctions.Common_GetMCFTemperatureZone($S$54,N73,Table_SourceData_Common_MCFTemperatureZone[MAT (ºC)],Table_SourceData_Common_MCFTemperatureZone[#Headers],Table_SourceData_Common_MCFTemperatureZone[]) -> 0.015 | P73: =$G$53 -> fraction
D74: ='Constants - Poultry'!$D$30 -> Belt manure removal | E74: =CommonLivestock_InputFunctions.Livestock_LookupMCFState(D74,Table_SourceData_Poultry_MMSMCF[NIR definition],Common_InputFunctions.Utility_ConvertStateCommonNameToAbbreviation($I$55,Table_AustralianStates[Common Name],Table_AustralianStates[Abbreviation]),Table_SourceData_Poultry_MMSMCF[#Headers],Table_SourceData_Poultry_MMSMCF[#Data]) -> 0.015 | N74: ='Constants - Poultry'!$D$30 -> Belt manure removal | O74: No data
D75: ='Constants - Poultry'!$D$31 -> Manure stored in house | E75: =CommonLivestock_InputFunctions.Livestock_LookupMCFState(D75,Table_SourceData_Poultry_MMSMCF[NIR definition],Common_InputFunctions.Utility_ConvertStateCommonNameToAbbreviation($I$55,Table_AustralianStates[Common Name],Table_AustralianStates[Abbreviation]),Table_SourceData_Poultry_MMSMCF[#Headers],Table_SourceData_Poultry_MMSMCF[#Data]) -> 0.015 | N75: ='Constants - Poultry'!$D$31 -> Manure stored in house | O75: No data
D76: ='Constants - Poultry'!$D$32 -> Pasture range and paddock | E76: =CommonLivestock_InputFunctions.Livestock_LookupMCFState(D76,Table_SourceData_Poultry_MMSMCF[NIR definition],Common_InputFunctions.Utility_ConvertStateCommonNameToAbbreviation($I$55,Table_AustralianStates[Common Name],Table_AustralianStates[Abbreviation]),Table_SourceData_Poultry_MMSMCF[#Headers],Table_SourceData_Poultry_MMSMCF[#Data]) -> 0.01 | N76: ='Constants - Poultry'!$D$32 -> Pasture range and paddock | O76: =Common_InputFunctions.Common_GetMCFTemperatureZone($S$54,N76,Table_SourceData_Common_MCFTemperatureZone[MAT (ºC)],Table_SourceData_Common_MCFTemperatureZone[#Headers],Table_SourceData_Common_MCFTemperatureZone[]) -> 0.0047
D77: ='Constants - Poultry'!$D$33 -> Solid storage | E77: =CommonLivestock_InputFunctions.Livestock_LookupMCFState(D77,Table_SourceData_Poultry_MMSMCF[NIR definition],Common_InputFunctions.Utility_ConvertStateCommonNameToAbbreviation($I$55,Table_AustralianStates[Common Name],Table_AustralianStates[Abbreviation]),Table_SourceData_Poultry_MMSMCF[#Headers],Table_SourceData_Poultry_MMSMCF[#Data]) -> 0.02 | N77: ='Constants - Poultry'!$D$33 -> Solid storage | O77: =Common_InputFunctions.Common_GetMCFTemperatureZone($S$54,N77,Table_SourceData_Common_MCFTemperatureZone[MAT (ºC)],Table_SourceData_Common_MCFTemperatureZone[#Headers],Table_SourceData_Common_MCFTemperatureZone[]) -> 0.02
D78: ='Constants - Poultry'!$D$34 -> Composting (passive windrow) | E78: =CommonLivestock_InputFunctions.Livestock_LookupMCFState(D78,Table_SourceData_Poultry_MMSMCF[NIR definition],Common_InputFunctions.Utility_ConvertStateCommonNameToAbbreviation($I$55,Table_AustralianStates[Common Name],Table_AustralianStates[Abbreviation]),Table_SourceData_Poultry_MMSMCF[#Headers],Table_SourceData_Poultry_MMSMCF[#Data]) -> 0.01 | N78: ='Constants - Poultry'!$D$34 -> Composting (passive windrow) | O78: =Common_InputFunctions.Common_GetMCFTemperatureZone($S$54,N78,Table_SourceData_Common_MCFTemperatureZone[MAT (ºC)],Table_SourceData_Common_MCFTemperatureZone[#Headers],Table_SourceData_Common_MCFTemperatureZone[]) -> 0.005
D79: ='Constants - Poultry'!$D$35 -> Digester / covered lagoons | E79: =CommonLivestock_InputFunctions.Livestock_LookupMCFState(D79,Table_SourceData_Poultry_MMSMCF[NIR definition],Common_InputFunctions.Utility_ConvertStateCommonNameToAbbreviation($I$55,Table_AustralianStates[Common Name],Table_AustralianStates[Abbreviation]),Table_SourceData_Poultry_MMSMCF[#Headers],Table_SourceData_Poultry_MMSMCF[#Data]) -> 0.1 | N79: ='Constants - Poultry'!$D$35 -> Digester / covered lagoons | O79: =Common_InputFunctions.Common_GetMCFTemperatureZone($S$54,N79,Table_SourceData_Common_MCFTemperatureZone[MAT (ºC)],Table_SourceData_Common_MCFTemperatureZone[#Headers],Table_SourceData_Common_MCFTemperatureZone[]) -> 0.1
D80: ='Constants - Poultry'!$D$36 -> Direct processing | E80: =CommonLivestock_InputFunctions.Livestock_LookupMCFState(D80,Table_SourceData_Poultry_MMSMCF[NIR definition],Common_InputFunctions.Utility_ConvertStateCommonNameToAbbreviation($I$55,Table_AustralianStates[Common Name],Table_AustralianStates[Abbreviation]),Table_SourceData_Poultry_MMSMCF[#Headers],Table_SourceData_Poultry_MMSMCF[#Data]) -> 0 | N80: ='Constants - Poultry'!$D$36 -> Direct processing | O80: =Common_InputFunctions.Common_GetMCFTemperatureZone($S$54,N80,Table_SourceData_Common_MCFTemperatureZone[MAT (ºC)],Table_SourceData_Common_MCFTemperatureZone[#Headers],Table_SourceData_Common_MCFTemperatureZone[]) -> 0
D81: ='Constants - Poultry'!$D$37 -> Direct application | E81: =CommonLivestock_InputFunctions.Livestock_LookupMCFState(D81,Table_SourceData_Poultry_MMSMCF[NIR definition],Common_InputFunctions.Utility_ConvertStateCommonNameToAbbreviation($I$55,Table_AustralianStates[Common Name],Table_AustralianStates[Abbreviation]),Table_SourceData_Poultry_MMSMCF[#Headers],Table_SourceData_Poultry_MMSMCF[#Data]) -> 0 | N81: ='Constants - Poultry'!$D$37 -> Direct application | O81: =Common_InputFunctions.Common_GetMCFTemperatureZone($S$54,N81,Table_SourceData_Common_MCFTemperatureZone[MAT (ºC)],Table_SourceData_Common_MCFTemperatureZone[#Headers],Table_SourceData_Common_MCFTemperatureZone[]) -> 0
D83: M1_Table_M_j_k_m_T-1 | N83: M1_Table_M_j_k_m_T-1
D84: Production of methane in stage 1 MMS (Method 1) | N84: Production of methane in stage 1 MMS (Method 1)
D85: Stage 1 MMS | E85: Layers | F85: Meat chicken growers | G85: Meat chicken breeders | H85: Other | N85: Stage 1 MMS | O85: Layers | P85: Meat chicken growers | Q85: Meat chicken breeders | R85: Other
D86: ='Input - Poultry'!$D$30 -> Poultry manure with bedding | E86: {=MMS_Poultry_Methane_Equations.VEERG_4_6_1_1__2_Stage1MethaneProduction(D$35,D$68,E60,_xlfn.XLOOKUP($D86,$D$73:$D$81,$E$73:$E$81),$I$54)} -> 1.679211e-05 | F86: {=MMS_Poultry_Methane_Equations.VEERG_4_6_1_1__2_Stage1MethaneProduction(E$35,E$68,F60,_xlfn.XLOOKUP($D86,$D$73:$D$81,$E$73:$E$81),$I$54)} -> 1.7375316e-05 | G86: {=MMS_Poultry_Methane_Equations.VEERG_4_6_1_1__2_Stage1MethaneProduction(F$35,F$68,G60,_xlfn.XLOOKUP($D86,$D$73:$D$81,$E$73:$E$81),$I$54)} -> 1.8564443e-05 | H86: {=MMS_Poultry_Methane_Equations.VEERG_4_6_1_1__2_Stage1MethaneProduction(G$35,G$68,H60,_xlfn.XLOOKUP($D86,$D$73:$D$81,$E$73:$E$81),$I$54)} -> 1.7375316e-05 | I86: =$E$48 -> kg CH4/bird/day | N86: ='Input - Poultry'!$D$30 -> Poultry manure with bedding | O86: {=MMS_Poultry_Methane_Equations.VEERG_4_6_1_1__2_Stage1MethaneProduction(N$35,D$68,E60,_xlfn.XLOOKUP($N86,$N$73:$N$81,$O$73:$O$81),$I$54)} -> 1.679211e-05 | P86: {=MMS_Poultry_Methane_Equations.VEERG_4_6_1_1__2_Stage1MethaneProduction(O$35,E$68,F60,_xlfn.XLOOKUP($N86,$N$73:$N$81,$O$73:$O$81),$I$54)} -> 1.7375316e-05 | Q86: {=MMS_Poultry_Methane_Equations.VEERG_4_6_1_1__2_Stage1MethaneProduction(P$35,F$68,G60,_xlfn.XLOOKUP($N86,$N$73:$N$81,$O$73:$O$81),$I$54)} -> 1.8564443e-05 | R86: {=MMS_Poultry_Methane_Equations.VEERG_4_6_1_1__2_Stage1MethaneProduction(Q$35,G$68,H60,_xlfn.XLOOKUP($N86,$N$73:$N$81,$O$73:$O$81),$I$54)} -> 1.7375316e-05 | S86: =$E$48 -> kg CH4/bird/day
D87: ='Input - Poultry'!$D$31 -> Belt manure removal | E87: {=MMS_Poultry_Methane_Equations.VEERG_4_6_1_1__2_Stage1MethaneProduction(D$35,D$68,E61,_xlfn.XLOOKUP($D87,$D$73:$D$81,$E$73:$E$81),$I$54)} -> 1.679211e-05 | F87: {=MMS_Poultry_Methane_Equations.VEERG_4_6_1_1__2_Stage1MethaneProduction(E$35,E$68,F61,_xlfn.XLOOKUP($D87,$D$73:$D$81,$E$73:$E$81),$I$54)} -> 1.7375316e-05 | G87: {=MMS_Poultry_Methane_Equations.VEERG_4_6_1_1__2_Stage1MethaneProduction(F$35,F$68,G61,_xlfn.XLOOKUP($D87,$D$73:$D$81,$E$73:$E$81),$I$54)} -> 1.8564443e-05 | H87: {=MMS_Poultry_Methane_Equations.VEERG_4_6_1_1__2_Stage1MethaneProduction(G$35,G$68,H61,_xlfn.XLOOKUP($D87,$D$73:$D$81,$E$73:$E$81),$I$54)} -> 1.7375316e-05 | N87: ='Input - Poultry'!$D$31 -> Belt manure removal | O87: {=MMS_Poultry_Methane_Equations.VEERG_4_6_1_1__2_Stage1MethaneProduction(N$35,D$68,E61,_xlfn.XLOOKUP($N87,$D$73:$D$81,$E$73:$E$81),$I$54)} -> 1.679211e-05 | P87: {=MMS_Poultry_Methane_Equations.VEERG_4_6_1_1__2_Stage1MethaneProduction(O$35,E$68,F61,_xlfn.XLOOKUP($N87,$D$73:$D$81,$E$73:$E$81),$I$54)} -> 1.7375316e-05 | Q87: {=MMS_Poultry_Methane_Equations.VEERG_4_6_1_1__2_Stage1MethaneProduction(P$35,F$68,G61,_xlfn.XLOOKUP($N87,$D$73:$D$81,$E$73:$E$81),$I$54)} -> 1.8564443e-05 | R87: {=MMS_Poultry_Methane_Equations.VEERG_4_6_1_1__2_Stage1MethaneProduction(Q$35,G$68,H61,_xlfn.XLOOKUP($N87,$D$73:$D$81,$E$73:$E$81),$I$54)} -> 1.7375316e-05
A88: =HYPERLINK("#A1", "▲ Back to top") -> ▲ Back to top | D88: ='Input - Poultry'!$D$32 -> Manure stored in house | E88: {=MMS_Poultry_Methane_Equations.VEERG_4_6_1_1__2_Stage1MethaneProduction(D$35,D$68,E62,_xlfn.XLOOKUP($D88,$D$73:$D$81,$E$73:$E$81),$I$54)} -> 1.679211e-05 | F88: {=MMS_Poultry_Methane_Equations.VEERG_4_6_1_1__2_Stage1MethaneProduction(E$35,E$68,F62,_xlfn.XLOOKUP($D88,$D$73:$D$81,$E$73:$E$81),$I$54)} -> 1.7375316e-05 | G88: {=MMS_Poultry_Methane_Equations.VEERG_4_6_1_1__2_Stage1MethaneProduction(F$35,F$68,G62,_xlfn.XLOOKUP($D88,$D$73:$D$81,$E$73:$E$81),$I$54)} -> 1.8564443e-05 | H88: {=MMS_Poultry_Methane_Equations.VEERG_4_6_1_1__2_Stage1MethaneProduction(G$35,G$68,H62,_xlfn.XLOOKUP($D88,$D$73:$D$81,$E$73:$E$81),$I$54)} -> 1.7375316e-05 | N88: ='Input - Poultry'!$D$32 -> Manure stored in house | O88: {=MMS_Poultry_Methane_Equations.VEERG_4_6_1_1__2_Stage1MethaneProduction(N$35,D$68,E62,_xlfn.XLOOKUP($N88,$D$73:$D$81,$E$73:$E$81),$I$54)} -> 1.679211e-05 | P88: {=MMS_Poultry_Methane_Equations.VEERG_4_6_1_1__2_Stage1MethaneProduction(O$35,E$68,F62,_xlfn.XLOOKUP($N88,$D$73:$D$81,$E$73:$E$81),$I$54)} -> 1.7375316e-05 | Q88: {=MMS_Poultry_Methane_Equations.VEERG_4_6_1_1__2_Stage1MethaneProduction(P$35,F$68,G62,_xlfn.XLOOKUP($N88,$D$73:$D$81,$E$73:$E$81),$I$54)} -> 1.8564443e-05 | R88: {=MMS_Poultry_Methane_Equations.VEERG_4_6_1_1__2_Stage1MethaneProduction(Q$35,G$68,H62,_xlfn.XLOOKUP($N88,$D$73:$D$81,$E$73:$E$81),$I$54)} -> 1.7375316e-05
D89: ='Input - Poultry'!$D$33 -> Pasture range and paddock | E89: {=MMS_Poultry_Methane_Equations.VEERG_4_6_1_1__2_Stage1MethaneProduction(D$35,D$68,E63,_xlfn.XLOOKUP($D89,$D$73:$D$81,$E$73:$E$81),$I$54)} -> 3.7315799e-06 | F89: {=MMS_Poultry_Methane_Equations.VEERG_4_6_1_1__2_Stage1MethaneProduction(E$35,E$68,F63,_xlfn.XLOOKUP($D89,$D$73:$D$81,$E$73:$E$81),$I$54)} -> 3.8611814e-06 | G89: {=MMS_Poultry_Methane_Equations.VEERG_4_6_1_1__2_Stage1MethaneProduction(F$35,F$68,G63,_xlfn.XLOOKUP($D89,$D$73:$D$81,$E$73:$E$81),$I$54)} -> 4.1254318e-06 | H89: {=MMS_Poultry_Methane_Equations.VEERG_4_6_1_1__2_Stage1MethaneProduction(G$35,G$68,H63,_xlfn.XLOOKUP($D89,$D$73:$D$81,$E$73:$E$81),$I$54)} -> 3.8611814e-06 | N89: ='Input - Poultry'!$D$33 -> Pasture range and paddock | O89: {=MMS_Poultry_Methane_Equations.VEERG_4_6_1_1__2_Stage1MethaneProduction(N$35,D$68,E63,_xlfn.XLOOKUP($N89,$N$73:$N$81,$O$73:$O$81),$I$54)} -> 1.7538426e-06 | P89: {=MMS_Poultry_Methane_Equations.VEERG_4_6_1_1__2_Stage1MethaneProduction(O$35,E$68,F63,_xlfn.XLOOKUP($N89,$N$73:$N$81,$O$73:$O$81),$I$54)} -> 1.8147553e-06 | Q89: {=MMS_Poultry_Methane_Equations.VEERG_4_6_1_1__2_Stage1MethaneProduction(P$35,F$68,G63,_xlfn.XLOOKUP($N89,$N$73:$N$81,$O$73:$O$81),$I$54)} -> 1.9389529e-06 | R89: {=MMS_Poultry_Methane_Equations.VEERG_4_6_1_1__2_Stage1MethaneProduction(Q$35,G$68,H63,_xlfn.XLOOKUP($N89,$N$73:$N$81,$O$73:$O$81),$I$54)} -> 1.8147553e-06
D93: {=MMS_Poultry_Methane_Equations.VEERG_4_6_1_1__4_VolatileSolidsTransferred_Title()} -> Volatile solids transferred to treatment stage 2 MMS
D94: {=MMS_Poultry_Methane_Equations.VEERG_4_6_1_1__4_VolatileSolidsTransferred_Source()} -> VEERG 2026: 4.4.1.1, Equation (4)
D95: Function name | E95: {=Common_InputFunctions.Utility_DisplayFunctionName(E115)} -> =MMS_Poultry_Methane_Equations.VEERG_4_6_1_1__4_VolatileSolidsTransferred
D98: Variable | E98: {=MMS_Poultry_Methane_Equations.VEERG_4_6_1_1__4_VolatileSolidsTransferred_Variable()} -> VST_jk
D99: Unit | E99: {=MMS_Poultry_Methane_Equations.VEERG_4_6_1_1__4_VolatileSolidsTransferred_Unit()} -> kg VS/bird/day
D101: {=_xlfn.CHOOSECOLS(MMS_Poultry_Methane_Equations.VEERG_4_6_1_1__4_VolatileSolidsTransferred_Arguments(),1,2)} -> VS_jk | E101: volatile solid production poultry classes | G101: {=_xlfn.CHOOSECOLS(MMS_Poultry_Methane_Equations.VEERG_4_6_1_1__4_VolatileSolidsTransferred_Arguments(),3,4)} -> kg VS/bird/day | H101: Calculated from 4.6.1.1 (5) | I101: {=HYPERLINK(Common_InputFunctions.Utility_SourceHyperlink($D$32), $D$32)} -> M1_Table_VS_j_k
D102: MMS_jmT1 | E102: fraction of manure in each primary system | G102: fraction | H102: Input | I102: {=HYPERLINK(Common_InputFunctions.Utility_SourceHyperlink($D$57), $D$57)} -> Table_MMS_j_m_T-1
D103: VSL_mT1 | E103: fraction of volatile solids lost during storage in the primary system | G103: fraction | H103: Constant | I103: {=HYPERLINK(Common_InputFunctions.Utility_SourceHyperlink($D$105), $D$105)} -> Table_VSL_m_T-1
D105: Table_VSL_m_T-1
D106: Fraction volatile solids lost in stage 1 MMS
D107: Stage 1 MMS | E107: VSLmT=1
D108: ='Input - Poultry'!$D$30 -> Poultry manure with bedding | E108: {=Common_InputFunctions.Utility_LookupValueInTableNumber(D108, Table_SourceData_Poultry_MMSVSL[NIR definition],Table_SourceData_Poultry_MMSVSL[VSL])} -> 0.15 | F108: =$G$103 -> fraction
D109: ='Input - Poultry'!$D$31 -> Belt manure removal | E109: {=Common_InputFunctions.Utility_LookupValueInTableNumber(D109, Table_SourceData_Poultry_MMSVSL[NIR definition],Table_SourceData_Poultry_MMSVSL[VSL])} -> 0
D110: ='Input - Poultry'!$D$32 -> Manure stored in house | E110: {=Common_InputFunctions.Utility_LookupValueInTableNumber(D110, Table_SourceData_Poultry_MMSVSL[NIR definition],Table_SourceData_Poultry_MMSVSL[VSL])} -> 0.2
D112: M1_Table_VST_j_k | N112: M2_Table_VST_j_k
D113: Volatile solids sent to stage 2 MMS (Method 1) | N113: Volatile solids sent to stage 2 MMS (Method 2)
D114: Stage 1 MMS | E114: Layers | F114: Meat chicken growers | G114: Meat chicken breeders | H114: Other | N114: Stage 1 MMS | O114: Layers | P114: Meat chicken growers | Q114: Meat chicken breeders | R114: Other
D115: ='Input - Poultry'!$D$30 -> Poultry manure with bedding | E115: {=MMS_Poultry_Methane_Equations.VEERG_4_6_1_1__4_VolatileSolidsTransferred(D$35,E60,_xlfn.XLOOKUP($D115,$D$108:$D$110,$E$108:$E$110))} -> 0.00359652 | F115: {=MMS_Poultry_Methane_Equations.VEERG_4_6_1_1__4_VolatileSolidsTransferred(E$35,F60,_xlfn.XLOOKUP($D115,$D$108:$D$110,$E$108:$E$110))} -> 0.00403155 | G115: {=MMS_Poultry_Methane_Equations.VEERG_4_6_1_1__4_VolatileSolidsTransferred(F$35,G60,_xlfn.XLOOKUP($D115,$D$108:$D$110,$E$108:$E$110))} -> 0.00430746 | H115: {=MMS_Poultry_Methane_Equations.VEERG_4_6_1_1__4_VolatileSolidsTransferred(G$35,H60,_xlfn.XLOOKUP($D115,$D$108:$D$110,$E$108:$E$110))} -> 0.00403155 | I115: =$E$99 -> kg VS/bird/day | N115: ='Input - Poultry'!$D$30 -> Poultry manure with bedding | O115: {=MMS_Poultry_Methane_Equations.VEERG_4_6_1_1__4_VolatileSolidsTransferred(N$35,E60,_xlfn.XLOOKUP($N115,$D$108:$D$110,$E$108:$E$110))} -> 0.00359652 | P115: {=MMS_Poultry_Methane_Equations.VEERG_4_6_1_1__4_VolatileSolidsTransferred(O$35,F60,_xlfn.XLOOKUP($N115,$D$108:$D$110,$E$108:$E$110))} -> 0.00403155 | Q115: {=MMS_Poultry_Methane_Equations.VEERG_4_6_1_1__4_VolatileSolidsTransferred(P$35,G60,_xlfn.XLOOKUP($N115,$D$108:$D$110,$E$108:$E$110))} -> 0.00430746 | R115: {=MMS_Poultry_Methane_Equations.VEERG_4_6_1_1__4_VolatileSolidsTransferred(Q$35,H60,_xlfn.XLOOKUP($N115,$D$108:$D$110,$E$108:$E$110))} -> 0.00403155 | S115: =$E$99 -> kg VS/bird/day
A116: =HYPERLINK("#A1", "▲ Back to top") -> ▲ Back to top | D116: ='Input - Poultry'!$D$31 -> Belt manure removal | E116: {=MMS_Poultry_Methane_Equations.VEERG_4_6_1_1__4_VolatileSolidsTransferred(D$35,E61,_xlfn.XLOOKUP($D116,$D$108:$D$110,$E$108:$E$110))} -> 0.0042312 | F116: {=MMS_Poultry_Methane_Equations.VEERG_4_6_1_1__4_VolatileSolidsTransferred(E$35,F61,_xlfn.XLOOKUP($D116,$D$108:$D$110,$E$108:$E$110))} -> 0.004743 | G116: {=MMS_Poultry_Methane_Equations.VEERG_4_6_1_1__4_VolatileSolidsTransferred(F$35,G61,_xlfn.XLOOKUP($D116,$D$108:$D$110,$E$108:$E$110))} -> 0.0050676 | H116: {=MMS_Poultry_Methane_Equations.VEERG_4_6_1_1__4_VolatileSolidsTransferred(G$35,H61,_xlfn.XLOOKUP($D116,$D$108:$D$110,$E$108:$E$110))} -> 0.004743 | N116: ='Input - Poultry'!$D$31 -> Belt manure removal | O116: {=MMS_Poultry_Methane_Equations.VEERG_4_6_1_1__4_VolatileSolidsTransferred(N$35,E61,_xlfn.XLOOKUP($N116,$D$108:$D$110,$E$108:$E$110))} -> 0.0042312 | P116: {=MMS_Poultry_Methane_Equations.VEERG_4_6_1_1__4_VolatileSolidsTransferred(O$35,F61,_xlfn.XLOOKUP($N116,$D$108:$D$110,$E$108:$E$110))} -> 0.004743 | Q116: {=MMS_Poultry_Methane_Equations.VEERG_4_6_1_1__4_VolatileSolidsTransferred(P$35,G61,_xlfn.XLOOKUP($N116,$D$108:$D$110,$E$108:$E$110))} -> 0.0050676 | R116: {=MMS_Poultry_Methane_Equations.VEERG_4_6_1_1__4_VolatileSolidsTransferred(Q$35,H61,_xlfn.XLOOKUP($N116,$D$108:$D$110,$E$108:$E$110))} -> 0.004743
D117: ='Input - Poultry'!$D$32 -> Manure stored in house | E117: {=MMS_Poultry_Methane_Equations.VEERG_4_6_1_1__4_VolatileSolidsTransferred(D$35,E62,_xlfn.XLOOKUP($D117,$D$108:$D$110,$E$108:$E$110))} -> 0.00338496 | F117: {=MMS_Poultry_Methane_Equations.VEERG_4_6_1_1__4_VolatileSolidsTransferred(E$35,F62,_xlfn.XLOOKUP($D117,$D$108:$D$110,$E$108:$E$110))} -> 0.0037944 | G117: {=MMS_Poultry_Methane_Equations.VEERG_4_6_1_1__4_VolatileSolidsTransferred(F$35,G62,_xlfn.XLOOKUP($D117,$D$108:$D$110,$E$108:$E$110))} -> 0.00405408 | H117: {=MMS_Poultry_Methane_Equations.VEERG_4_6_1_1__4_VolatileSolidsTransferred(G$35,H62,_xlfn.XLOOKUP($D117,$D$108:$D$110,$E$108:$E$110))} -> 0.0037944 | N117: ='Input - Poultry'!$D$32 -> Manure stored in house | O117: {=MMS_Poultry_Methane_Equations.VEERG_4_6_1_1__4_VolatileSolidsTransferred(N$35,E62,_xlfn.XLOOKUP($N117,$D$108:$D$110,$E$108:$E$110))} -> 0.00338496 | P117: {=MMS_Poultry_Methane_Equations.VEERG_4_6_1_1__4_VolatileSolidsTransferred(O$35,F62,_xlfn.XLOOKUP($N117,$D$108:$D$110,$E$108:$E$110))} -> 0.0037944 | Q117: {=MMS_Poultry_Methane_Equations.VEERG_4_6_1_1__4_VolatileSolidsTransferred(P$35,G62,_xlfn.XLOOKUP($N117,$D$108:$D$110,$E$108:$E$110))} -> 0.00405408 | R117: {=MMS_Poultry_Methane_Equations.VEERG_4_6_1_1__4_VolatileSolidsTransferred(Q$35,H62,_xlfn.XLOOKUP($N117,$D$108:$D$110,$E$108:$E$110))} -> 0.0037944
D121: {=MMS_Poultry_Methane_Equations.VEERG_4_6_1_1__3_Stage2MethaneProduction_Title()} -> Production of methane in treatment stage 2 MMS
D122: {=MMS_Poultry_Methane_Equations.VEERG_4_6_1_1__3_Stage2MethaneProduction_Source()} -> VEERG 2026: 4.4.1.1, Equation (3)
D123: {=MMS_Poultry_Methane_Equations.VEERG_4_6_1_1__3_Stage2MethaneProduction_Variation()} -> VARIATION ON SOURCE: Used mean annual temperature instead of temperature zone to determine MCF as MCF values are specific to temperature
D124: Function name | E124: {=Common_InputFunctions.Utility_DisplayFunctionName(F159)} -> =MMS_Poultry_Methane_Equations.VEERG_4_6_1_1__3_Stage2MethaneProduction
...

Sheet 4.6.1.3-4 Direct N20
A1: #VALUE! | C1: 4.6.1.3-4 Manure Direct N2O
A3: =HYPERLINK("#'Home'!A1", "Home") -> Home | D3: Method 1 | N3: Method 2
A4: =HYPERLINK("#'Overview'!A1", "Overview") -> Overview
A5: =HYPERLINK("#'Results'!A1", "Results") -> Results | D5: {=MMS_Poultry_N2ODirect_Equations.VEERG_4_6_1_3__5_NitrogenIntake_Title()} -> Nitrogen intake of poultry
D6: {=MMS_Poultry_N2ODirect_Equations.VEERG_4_6_1_3__5_NitrogenIntake_Source()} -> VEERG 2026: 4.6.1.3, Equation (5)
A7: INPUTS | D7: Function name | E7: {=Common_InputFunctions.Utility_DisplayFunctionName(D30)} -> =MMS_Poultry_N2ODirect_Equations.VEERG_4_6_1_3__5_NitrogenIntake
A8: =HYPERLINK("#'Input - Site'!A1", "Site") -> Site
A9: =HYPERLINK("#'Input - Poultry'!A1", "Poultry") -> Poultry
D10: Variable | E10: {=MMS_Poultry_N2ODirect_Equations.VEERG_4_6_1_3__5_NitrogenIntake_Variable()} -> NI_jk
A11: CALCULATIONS | D11: Unit | E11: {=MMS_Poultry_N2ODirect_Equations.VEERG_4_6_1_3__5_NitrogenIntake_Unit()} -> kg N/bird/day
A12: =HYPERLINK("#'4.6.1.1-2 Methane'!A1", "4.6.1.1-2 Methane") -> 4.6.1.1-2 Methane
A13: =HYPERLINK("#'4.6.1.3-4 Direct N20'!A1", "4.6.1.3-4 Direct N2O") -> 4.6.1.3-4 Direct N2O | D13: {=_xlfn.CHOOSECOLS(MMS_Poultry_N2ODirect_Equations.VEERG_4_6_1_3__5_NitrogenIntake_Arguments(),1,2)} -> I_jk | E13: dry matter intake for each class and subclass | G13: {=_xlfn.CHOOSECOLS(MMS_Poultry_N2ODirect_Equations.VEERG_4_6_1_3__5_NitrogenIntake_Arguments(),3,4)} -> kg DM/bird/day | H13: Input | I13: {=HYPERLINK(Common_InputFunctions.Utility_SourceHyperlink($D$17),$D$17)} -> M1_Table_I_j_k
A14: =HYPERLINK("#'4.6.1.5-6 Atmos Dep'!A1", "4.6.1.5-6 Atmospheric deposition") -> 4.6.1.5-6 Atmospheric deposition | D14: CP_jk | E14: crude protein content of feed | G14: fraction | H14: Input | I14: {=HYPERLINK(Common_InputFunctions.Utility_SourceHyperlink($D$22),$D$22)} -> M1_Table_CP_j_k
A15: =HYPERLINK("#'4.6.1.7-8 Leaching and runoff'!A1", "4.6.1.7-8 Leaching & runoff") -> 4.6.1.7-8 Leaching & runoff | D15: 6.25 | E15: factor for converting crude protein into nitrogen | G15: ratio | H15: Constant | I15: =$D$15 -> 6.25
A16: =HYPERLINK("#'4.6.1.9 Manure applied to soils'!A1", "4.6.1.9 Manure applied to soils") -> 4.6.1.9 Manure applied to soils
A17: =HYPERLINK("#'4.6.1.10-11 Soil direct N2O'!A1", "4.6.1.10-11 Soil direct N2O") -> 4.6.1.10-11 Soil direct N2O | D17: M1_Table_I_j_k | N17: M2_Table_I_j_k
A18: =HYPERLINK("#'4.6.1.12-13 Soil atmos dep'!A1", "4.6.1.12-13 Soil Atm. deposition") -> 4.6.1.12-13 Soil Atm. deposition | D18: Dry matter intake (Method 1) | N18: Dry matter intake (Method 2)
A19: =HYPERLINK("#'4.6.1.14-15 Soil leach runoff'!A1", "4.6.1.14-15 Soil leach & runoff") -> 4.6.1.14-15 Soil leach & runoff | D19: Layers | E19: Meat chicken growers | F19: Meat chicken breeders | G19: Other | N19: Layers | O19: Meat chicken growers | P19: Meat chicken breeders | Q19: Other
D20: ='Input - Poultry'!E16 -> 0.086 | E20: ='Input - Poultry'!F16 -> 0.093 | F20: ='Input - Poultry'!G16 -> 0.103 | G20: ='Input - Poultry'!H16 -> 0.093 | H20: =$G$13 -> kg DM/bird/day | N20: ='Input - Poultry'!E21 -> 0.086 | O20: ='Input - Poultry'!F21 -> 0.093 | P20: ='Input - Poultry'!G21 -> 0.103 | Q20: ='Input - Poultry'!H21 -> 0.093 | R20: =$G$13 -> kg DM/bird/day
A21: APPENDICES
A22: =HYPERLINK("#'Constants - Poultry'!A1", "Constants - Poultry") -> Constants - Poultry | D22: M1_Table_CP_j_k | N22: M2_Table_CP_j_k
A23: =HYPERLINK("#'Constants - Livestock'!A1", "Constants - Livestock") -> Constants - Livestock | D23: Crude protein content of feed (Method 1) | N23: Crude protein content of feed (Method 2)
A24: =HYPERLINK("#'Constants - Common'!A1", "Constants - Common") -> Constants - Common | D24: Layers | E24: Meat chicken growers | F24: Meat chicken breeders | G24: Other | N24: Layers | O24: Meat chicken growers | P24: Meat chicken breeders | Q24: Other
D25: ='Input - Poultry'!E18 -> 0.19 | E25: ='Input - Poultry'!F18 -> 0.23 | F25: ='Input - Poultry'!G18 -> 0.19 | G25: ='Input - Poultry'!H18 -> 0.23 | H25: =$G$14 -> fraction | N25: ='Input - Poultry'!E23 -> 0.19 | O25: ='Input - Poultry'!F23 -> 0.23 | P25: ='Input - Poultry'!G23 -> 0.19 | Q25: ='Input - Poultry'!H23 -> 0.23 | R25: =$G$14 -> fraction
D27: M1_Table_NI_j_k | N27: M1_Table_NI_j_k
D28: Nitrogen intake (Method 1) | N28: Nitrogen intake (Method 1)
D29: Layers | E29: Meat chicken growers | F29: Meat chicken breeders | G29: Other | N29: Layers | O29: Meat chicken growers | P29: Meat chicken breeders | Q29: Other
D30: {=MMS_Poultry_N2ODirect_Equations.VEERG_4_6_1_3__5_NitrogenIntake(D20,D25)} -> 0.0026144 | E30: {=MMS_Poultry_N2ODirect_Equations.VEERG_4_6_1_3__5_NitrogenIntake(E20,E25)} -> 0.0034224 | F30: {=MMS_Poultry_N2ODirect_Equations.VEERG_4_6_1_3__5_NitrogenIntake(F20,F25)} -> 0.0031312 | G30: {=MMS_Poultry_N2ODirect_Equations.VEERG_4_6_1_3__5_NitrogenIntake(G20,G25)} -> 0.0034224 | H30: =$E$11 -> kg N/bird/day | N30: {=MMS_Poultry_N2ODirect_Equations.VEERG_4_6_1_3__5_NitrogenIntake(N20,N25)} -> 0.0026144 | O30: {=MMS_Poultry_N2ODirect_Equations.VEERG_4_6_1_3__5_NitrogenIntake(O20,O25)} -> 0.0034224 | P30: {=MMS_Poultry_N2ODirect_Equations.VEERG_4_6_1_3__5_NitrogenIntake(P20,P25)} -> 0.0031312 | Q30: {=MMS_Poultry_N2ODirect_Equations.VEERG_4_6_1_3__5_NitrogenIntake(Q20,Q25)} -> 0.0034224 | R30: =$E$11 -> kg N/bird/day
D34: {=MMS_Poultry_N2ODirect_Equations.VEERG_4_6_1_3__4_NitrogenExcretionPerBird_Title()} -> Nitrogen excretion per bird per day
D35: {=MMS_Poultry_N2ODirect_Equations.VEERG_4_6_1_3__4_NitrogenExcretionPerBird_Source()} -> VEERG 2026: 4.6.1.3, Equation (4)
D36: Function name | E36: {=Common_InputFunctions.Utility_DisplayFunctionName(D53)} -> =MMS_Poultry_N2ODirect_Equations.VEERG_4_6_1_3__4_NitrogenExcretionPerBird
D39: Variable | E39: {=MMS_Poultry_N2ODirect_Equations.VEERG_4_6_1_3__4_NitrogenExcretionPerBird_Variable()} -> NE_jk
D40: Unit | E40: {=MMS_Poultry_N2ODirect_Equations.VEERG_4_6_1_3__4_NitrogenExcretionPerBird_Unit()} -> kg N/bird/day
D42: {=_xlfn.CHOOSECOLS(MMS_Poultry_N2ODirect_Equations.VEERG_4_6_1_3__4_NitrogenExcretionPerBird_Arguments(),1,2)} -> NI_jk | E42: nitrogen intake | G42: {=_xlfn.CHOOSECOLS(MMS_Poultry_N2ODirect_Equations.VEERG_4_6_1_3__4_NitrogenExcretionPerBird_Arguments(),3,4)} -> kg N/bird/day | H42: Calculated from 4.6.1.3 (5) | I42: {=HYPERLINK(Common_InputFunctions.Utility_SourceHyperlink($D$27),$D$27)} -> M1_Table_NI_j_k
D43: NR_jk | E43: nitrogen retention expressed as a fraction of intake | G43: fraction | H43: Constant | I43: {=HYPERLINK(Common_InputFunctions.Utility_SourceHyperlink($D$45),$D$45)} -> Table_NR_j_k
D45: Table_NR_j_k
D46: Nitrogen retention rate
D47: Layers | E47: Meat chicken growers | F47: Meat chicken breeders | G47: Other
D48: ='Constants - Poultry'!E12 -> 0.35 | E48: ='Constants - Poultry'!F12 -> 0.47 | F48: ='Constants - Poultry'!G12 -> 0.32 | G48: ='Constants - Poultry'!H12 -> 0.47 | H48: =$G$43 -> fraction
D50: M1_Table_NE_j_k | N50: M1_Table_NE_j_k
D51: Nitrogen excretion (Method 1) | N51: Nitrogen excretion (Method 1)
D52: Layers | E52: Meat chicken growers | F52: Meat chicken breeders | G52: Other | N52: Layers | O52: Meat chicken growers | P52: Meat chicken breeders | Q52: Other
D53: {=MMS_Poultry_N2ODirect_Equations.VEERG_4_6_1_3__4_NitrogenExcretionPerBird(D30,D48)} -> 0.00169936 | E53: {=MMS_Poultry_N2ODirect_Equations.VEERG_4_6_1_3__4_NitrogenExcretionPerBird(E30,E48)} -> 0.001813872 | F53: {=MMS_Poultry_N2ODirect_Equations.VEERG_4_6_1_3__4_NitrogenExcretionPerBird(F30,F48)} -> 0.002129216 | G53: {=MMS_Poultry_N2ODirect_Equations.VEERG_4_6_1_3__4_NitrogenExcretionPerBird(G30,G48)} -> 0.001813872 | H53: =$E$40 -> kg N/bird/day | N53: {=MMS_Poultry_N2ODirect_Equations.VEERG_4_6_1_3__4_NitrogenExcretionPerBird(N30,D48)} -> 0.00169936 | O53: {=MMS_Poultry_N2ODirect_Equations.VEERG_4_6_1_3__4_NitrogenExcretionPerBird(O30,E48)} -> 0.001813872 | P53: {=MMS_Poultry_N2ODirect_Equations.VEERG_4_6_1_3__4_NitrogenExcretionPerBird(P30,F48)} -> 0.002129216 | Q53: {=MMS_Poultry_N2ODirect_Equations.VEERG_4_6_1_3__4_NitrogenExcretionPerBird(Q30,G48)} -> 0.001813872 | R53: =$E$40 -> kg N/bird/day
A55: =HYPERLINK("#A1", "▲ Back to top") -> ▲ Back to top
D57: {=MMS_Poultry_N2ODirect_Equations.VEERG_4_6_1_3__3_AnnualNitrogenExcretion_Title()} -> Annual nitrogen excretion for each poultry class and subclass
D58: {=MMS_Poultry_N2ODirect_Equations.VEERG_4_6_1_3__3_AnnualNitrogenExcretion_Source()} -> VEERG 2026: 4.6.1.3, Equation (3)
D59: Function name | E59: {=Common_InputFunctions.Utility_DisplayFunctionName(D82)} -> =MMS_Poultry_N2ODirect_Equations.VEERG_4_6_1_3__3_AnnualNitrogenExcretion
D62: Variable | E62: {=MMS_Poultry_N2ODirect_Equations.VEERG_4_6_1_3__3_AnnualNitrogenExcretion_Variable()} -> AE_jk
D63: Unit | E63: {=MMS_Poultry_N2ODirect_Equations.VEERG_4_6_1_3__3_AnnualNitrogenExcretion_Unit()} -> kg N
D65: {=_xlfn.CHOOSECOLS(MMS_Poultry_N2ODirect_Equations.VEERG_4_6_1_3__3_AnnualNitrogenExcretion_Arguments(),1,2)} -> N_jk | E65: number of poultry in each class and subclass | G65: {=_xlfn.CHOOSECOLS(MMS_Poultry_N2ODirect_Equations.VEERG_4_6_1_3__3_AnnualNitrogenExcretion_Arguments(),3,4)} -> bird | H65: Input | I65: {=HYPERLINK(Common_InputFunctions.Utility_SourceHyperlink($D$69),$D$69)} -> Table_N_j_k
D66: NE_jk | E66: nitrogen excretion | G66: kg N/bird/day | H66: Calculated from 4.6.1.3 (4) | I66: {=HYPERLINK(Common_InputFunctions.Utility_SourceHyperlink($D$50),$D$50)} -> M1_Table_NE_j_k
D67: D_jk | E67: duration of stay of each class and subclass | G67: days | H67: Input | I67: {=HYPERLINK(Common_InputFunctions.Utility_SourceHyperlink($D$74),$D$74)} -> Table_D_j_k
D69: Table_N_j_k
D70: Number of poultry
D71: Layers | E71: Meat chicken growers | F71: Meat chicken breeders | G71: Other
D72: ='Input - Poultry'!E11 -> 100 | E72: ='Input - Poultry'!F11 -> 100 | F72: ='Input - Poultry'!G11 -> 100 | G72: ='Input - Poultry'!H11 -> 100 | H72: =$G$65 -> bird
D74: Table_D_j_k
D75: Duration of stay
D76: Layers | E76: Meat chicken growers | F76: Meat chicken breeders | G76: Other
D77: ='Input - Poultry'!E11 -> 100 | E77: ='Input - Poultry'!F11 -> 100 | F77: ='Input - Poultry'!G11 -> 100 | G77: ='Input - Poultry'!H11 -> 100 | H77: =$G$67 -> days
D79: M1_Table_AE_j_k | N79: M2_Table_AE_j_k
D80: Annual nitroge excretion (Method 1) | N80: Annual nitroge excretion (Method 2)
D81: Layers | E81: Meat chicken growers | F81: Meat chicken breeders | G81: Other | N81: Layers | O81: Meat chicken growers | P81: Meat chicken breeders | Q81: Other
D82: {=MMS_Poultry_N2ODirect_Equations.VEERG_4_6_1_3__3_AnnualNitrogenExcretion(D72,D53,D77)} -> 16.9936 | E82: {=MMS_Poultry_N2ODirect_Equations.VEERG_4_6_1_3__3_AnnualNitrogenExcretion(E72,E53,E77)} -> 18.13872 | F82: {=MMS_Poultry_N2ODirect_Equations.VEERG_4_6_1_3__3_AnnualNitrogenExcretion(F72,F53,F77)} -> 21.29216 | G82: {=MMS_Poultry_N2ODirect_Equations.VEERG_4_6_1_3__3_AnnualNitrogenExcretion(G72,G53,G77)} -> 18.13872 | H82: =$E$63 -> kg N | N82: {=MMS_Poultry_N2ODirect_Equations.VEERG_4_6_1_3__3_AnnualNitrogenExcretion(D72,N53,D77)} -> 16.9936 | O82: {=MMS_Poultry_N2ODirect_Equations.VEERG_4_6_1_3__3_AnnualNitrogenExcretion(E72,O53,E77)} -> 18.13872 | P82: {=MMS_Poultry_N2ODirect_Equations.VEERG_4_6_1_3__3_AnnualNitrogenExcretion(F72,P53,F77)} -> 21.29216 | Q82: {=MMS_Poultry_N2ODirect_Equations.VEERG_4_6_1_3__3_AnnualNitrogenExcretion(G72,Q53,G77)} -> 18.13872 | R82: =$E$63 -> kg N
A84: =HYPERLINK("#A1", "▲ Back to top") -> ▲ Back to top
D86: {=MMS_Poultry_N2ODirect_Equations.VEERG_4_6_1_3__2_Stage1NitrogenInMMS_Title()} -> Nitrogen in treatment stage 1 MMS
D87: {=MMS_Poultry_N2ODirect_Equations.VEERG_4_6_1_3__2_Stage1NitrogenInMMS_Source()} -> VEERG 2026: 4.6.1.3, Equation (2)
D88: Function name | E88: {=Common_InputFunctions.Utility_DisplayFunctionName(E108)} -> =MMS_Poultry_N2ODirect_Equations.VEERG_4_6_1_3__2_Stage1NitrogenInMMS
D91: Variable | E91: {=MMS_Poultry_N2ODirect_Equations.VEERG_4_6_1_3__2_Stage1NitrogenInMMS_Variable()} -> MN_jkmT1
D92: Unit | E92: {=MMS_Poultry_N2ODirect_Equations.VEERG_4_6_1_3__2_Stage1NitrogenInMMS_Unit()} -> kg N
D94: {=_xlfn.CHOOSECOLS(MMS_Poultry_N2ODirect_Equations.VEERG_4_6_1_3__2_Stage1NitrogenInMMS_Arguments(),1,2)} -> AE_jk | E94: total nitrogen excreted by each poultry class and subclass | G94: {=_xlfn.CHOOSECOLS(MMS_Poultry_N2ODirect_Equations.VEERG_4_6_1_3__2_Stage1NitrogenInMMS_Arguments(),3,4)} -> kg N | H94: Calculated from 4.6.1.3 (3) | I94: {=HYPERLINK(Common_InputFunctions.Utility_SourceHyperlink($D$79),$D$79)} -> M1_Table_AE_j_k
D95: MMS_jmT1 | E95: fraction of manure in each primary system | G95: fraction | H95: Input | I95: {=HYPERLINK(Common_InputFunctions.Utility_SourceHyperlink($D$97),$D$97)} -> Table_MMS_j_m_T-1
D97: Table_MMS_j_m_T-1
D98: Fraction of manure sent to stage 1 MMS
D99: Stage 1 MMS | E99: Layers | F99: Meat chicken growers | G99: Meat chicken breeders | H99: Other
D100: ='Input - Poultry'!$D$30 -> Poultry manure with bedding | E100: ='Input - Poultry'!E30 -> 0.3 | F100: ='Input - Poultry'!F30 -> 0.3 | G100: ='Input - Poultry'!G30 -> 0.3 | H100: ='Input - Poultry'!H30 -> 0.3 | I100: =$G$95 -> fraction
D101: ='Input - Poultry'!$D$31 -> Belt manure removal | E101: ='Input - Poultry'!E31 -> 0.3 | F101: ='Input - Poultry'!F31 -> 0.3 | G101: ='Input - Poultry'!G31 -> 0.3 | H101: ='Input - Poultry'!H31 -> 0.3
D102: ='Input - Poultry'!$D$32 -> Manure stored in house | E102: ='Input - Poultry'!E32 -> 0.3 | F102: ='Input - Poultry'!F32 -> 0.3 | G102: ='Input - Poultry'!G32 -> 0.3 | H102: ='Input - Poultry'!H32 -> 0.3
D103: ='Input - Poultry'!$D$33 -> Pasture range and paddock | E103: ='Input - Poultry'!E33 -> 0.1 | F103: ='Input - Poultry'!F33 -> 0.1 | G103: ='Input - Poultry'!G33 -> 0.1 | H103: ='Input - Poultry'!H33 -> 0.1
D105: M1_Table_MN_j_k_m_T-1 | N105: M2_Table_MN_j_k_m_T-1
D106: Nitrogen in stage 1 MMS (Method 1) | N106: Nitrogen in stage 1 MMS (Method 2)
D107: Stage 1 MMS | E107: Layers | F107: Meat chicken growers | G107: Meat chicken breeders | H107: Other | N107: Stage 1 MMS | O107: Layers | P107: Meat chicken growers | Q107: Meat chicken breeders | R107: Other
D108: ='Input - Poultry'!$D$30 -> Poultry manure with bedding | E108: {=MMS_Poultry_N2ODirect_Equations.VEERG_4_6_1_3__2_Stage1NitrogenInMMS(D$82,E100)} -> 5.09808 | F108: {=MMS_Poultry_N2ODirect_Equations.VEERG_4_6_1_3__2_Stage1NitrogenInMMS(E$82,F100)} -> 5.441616 | G108: {=MMS_Poultry_N2ODirect_Equations.VEERG_4_6_1_3__2_Stage1NitrogenInMMS(F$82,G100)} -> 6.387648 | H108: {=MMS_Poultry_N2ODirect_Equations.VEERG_4_6_1_3__2_Stage1NitrogenInMMS(G$82,H100)} -> 5.441616 | I108: =$E$92 -> kg N | N108: ='Input - Poultry'!$D$30 -> Poultry manure with bedding | O108: {=MMS_Poultry_N2ODirect_Equations.VEERG_4_6_1_3__2_Stage1NitrogenInMMS(N$82,E100)} -> 5.09808 | P108: {=MMS_Poultry_N2ODirect_Equations.VEERG_4_6_1_3__2_Stage1NitrogenInMMS(O$82,F100)} -> 5.441616 | Q108: {=MMS_Poultry_N2ODirect_Equations.VEERG_4_6_1_3__2_Stage1NitrogenInMMS(P$82,G100)} -> 6.387648 | R108: {=MMS_Poultry_N2ODirect_Equations.VEERG_4_6_1_3__2_Stage1NitrogenInMMS(Q$82,H100)} -> 5.441616 | S108: =$E$92 -> kg N
D109: ='Input - Poultry'!$D$31 -> Belt manure removal | E109: {=MMS_Poultry_N2ODirect_Equations.VEERG_4_6_1_3__2_Stage1NitrogenInMMS(D$82,E101)} -> 5.09808 | F109: {=MMS_Poultry_N2ODirect_Equations.VEERG_4_6_1_3__2_Stage1NitrogenInMMS(E$82,F101)} -> 5.441616 | G109: {=MMS_Poultry_N2ODirect_Equations.VEERG_4_6_1_3__2_Stage1NitrogenInMMS(F$82,G101)} -> 6.387648 | H109: {=MMS_Poultry_N2ODirect_Equations.VEERG_4_6_1_3__2_Stage1NitrogenInMMS(G$82,H101)} -> 5.441616 | N109: ='Input - Poultry'!$D$31 -> Belt manure removal | O109: {=MMS_Poultry_N2ODirect_Equations.VEERG_4_6_1_3__2_Stage1NitrogenInMMS(N$82,E101)} -> 5.09808 | P109: {=MMS_Poultry_N2ODirect_Equations.VEERG_4_6_1_3__2_Stage1NitrogenInMMS(O$82,F101)} -> 5.441616 | Q109: {=MMS_Poultry_N2ODirect_Equations.VEERG_4_6_1_3__2_Stage1NitrogenInMMS(P$82,G101)} -> 6.387648 | R109: {=MMS_Poultry_N2ODirect_Equations.VEERG_4_6_1_3__2_Stage1NitrogenInMMS(Q$82,H101)} -> 5.441616
D110: ='Input - Poultry'!$D$32 -> Manure stored in house | E110: {=MMS_Poultry_N2ODirect_Equations.VEERG_4_6_1_3__2_Stage1NitrogenInMMS(D$82,E102)} -> 5.09808 | F110: {=MMS_Poultry_N2ODirect_Equations.VEERG_4_6_1_3__2_Stage1NitrogenInMMS(E$82,F102)} -> 5.441616 | G110: {=MMS_Poultry_N2ODirect_Equations.VEERG_4_6_1_3__2_Stage1NitrogenInMMS(F$82,G102)} -> 6.387648 | H110: {=MMS_Poultry_N2ODirect_Equations.VEERG_4_6_1_3__2_Stage1NitrogenInMMS(G$82,H102)} -> 5.441616 | N110: ='Input - Poultry'!$D$32 -> Manure stored in house | O110: {=MMS_Poultry_N2ODirect_Equations.VEERG_4_6_1_3__2_Stage1NitrogenInMMS(N$82,E102)} -> 5.09808 | P110: {=MMS_Poultry_N2ODirect_Equations.VEERG_4_6_1_3__2_Stage1NitrogenInMMS(O$82,F102)} -> 5.441616 | Q110: {=MMS_Poultry_N2ODirect_Equations.VEERG_4_6_1_3__2_Stage1NitrogenInMMS(P$82,G102)} -> 6.387648 | R110: {=MMS_Poultry_N2ODirect_Equations.VEERG_4_6_1_3__2_Stage1NitrogenInMMS(Q$82,H102)} -> 5.441616
D111: ='Input - Poultry'!$D$33 -> Pasture range and paddock | E111: {=MMS_Poultry_N2ODirect_Equations.VEERG_4_6_1_3__2_Stage1NitrogenInMMS(D$82,E103)} -> 1.69936 | F111: {=MMS_Poultry_N2ODirect_Equations.VEERG_4_6_1_3__2_Stage1NitrogenInMMS(E$82,F103)} -> 1.813872 | G111: {=MMS_Poultry_N2ODirect_Equations.VEERG_4_6_1_3__2_Stage1NitrogenInMMS(F$82,G103)} -> 2.129216 | H111: {=MMS_Poultry_N2ODirect_Equations.VEERG_4_6_1_3__2_Stage1NitrogenInMMS(G$82,H103)} -> 1.813872 | N111: ='Input - Poultry'!$D$33 -> Pasture range and paddock | O111: {=MMS_Poultry_N2ODirect_Equations.VEERG_4_6_1_3__2_Stage1NitrogenInMMS(N$82,E103)} -> 1.69936 | P111: {=MMS_Poultry_N2ODirect_Equations.VEERG_4_6_1_3__2_Stage1NitrogenInMMS(O$82,F103)} -> 1.813872 | Q111: {=MMS_Poultry_N2ODirect_Equations.VEERG_4_6_1_3__2_Stage1NitrogenInMMS(P$82,G103)} -> 2.129216 | R111: {=MMS_Poultry_N2ODirect_Equations.VEERG_4_6_1_3__2_Stage1NitrogenInMMS(Q$82,H103)} -> 1.813872
A113: =HYPERLINK("#A1", "▲ Back to top") -> ▲ Back to top
D115: {=MMS_Poultry_N2ODirect_Equations.VEERG_4_6_1_3__7_NitrogenTransferredToStage2MMS_Title()} -> Nitrogen transferred to treatment stage 2 MMS
D116: {=MMS_Poultry_N2ODirect_Equations.VEERG_4_6_1_3__7_NitrogenTransferredToStage2MMS_Source()} -> VEERG 2026: 4.6.1.3, Equation (7)
D117: Function name | E117: {=Common_InputFunctions.Utility_DisplayFunctionName(E150)} -> =MMS_Poultry_N2ODirect_Equations.VEERG_4_6_1_3__7_NitrogenTransferredToStage2MMS
D120: Variable | E120: {=MMS_Poultry_N2ODirect_Equations.VEERG_4_6_1_3__7_NitrogenTransferredToStage2MMS_Variable()} -> NT_jkmT2
D121: Unit | E121: {=MMS_Poultry_N2ODirect_Equations.VEERG_4_6_1_3__7_NitrogenTransferredToStage2MMS_Unit()} -> kg N
D123: {=_xlfn.CHOOSECOLS(MMS_Poultry_N2ODirect_Equations.VEERG_4_6_1_3__7_NitrogenTransferredToStage2MMS_Arguments(),1,2)} -> MN_jkmT1 | E123: nitrogen in MMS treatment stage 1 | G123: {=_xlfn.CHOOSECOLS(MMS_Poultry_N2ODirect_Equations.VEERG_4_6_1_3__7_NitrogenTransferredToStage2MMS_Arguments(),3,4)} -> kg N | H123: Calculated from 4.6.1.3 (6) | I123: {=HYPERLINK(Common_InputFunctions.Utility_SourceHyperlink($D$105),$D$105)} -> M1_Table_MN_j_k_m_T-1
D124: FracGASM_mT1 | E124: fraction of N volatilised from MMS treatment at stage 1 | G124: fraction | H124: Constant | I124: {=HYPERLINK(Common_InputFunctions.Utility_SourceHyperlink($D$127),$D$127)} -> Table_FracGASM_m_T-1
D125: EF_mT1 | E125: nitrous oxide emission factor for MMS treatment at stage 1 | G125: kg N2O-N/kg N | H125: Constant | I125: {=HYPERLINK(Common_InputFunctions.Utility_SourceHyperlink($D$135),$D$135)} -> Table_EF_m
D127: Table_FracGASM_m_T-1
D128: Faction N volatilised in stage 1 MMS
D129: Stage 1 MMS | E129: FracGASM
D130: ='Input - Poultry'!$D$30 -> Poultry manure with bedding | E130: {=Common_InputFunctions.Utility_LookupValueInTableNumber(D130, Table_SourceData_Poultry_FracGASM[NIR reference],Table_SourceData_Poultry_FracGASM[FracGASMmT])} -> 0.3 | F130: =G124 -> fraction
D131: ='Input - Poultry'!$D$31 -> Belt manure removal | E131: {=Common_InputFunctions.Utility_LookupValueInTableNumber(D131, Table_SourceData_Poultry_FracGASM[NIR reference],Table_SourceData_Poultry_FracGASM[FracGASMmT])} -> 0.05
...

Sheet 4.6.1.5-6 Atmos Dep
A1: #VALUE! | C1: 4.6.1.5-6 Atmospheric deposition N2O
A3: =HYPERLINK("#'Home'!A1", "Home") -> Home | D3: Method 1 | N3: Method 2
A4: =HYPERLINK("#'Overview'!A1", "Overview") -> Overview
A5: =HYPERLINK("#'Results'!A1", "Results") -> Results | D5: {=MMS_Poultry_AtmosphericDeposition_Equations.VEERG_4_6_1_5__2_TotalNitrogenVolatilisedFromMMS_Title()} -> Total nitrogen volatilised from manure management systems
D6: {=MMS_Poultry_AtmosphericDeposition_Equations.VEERG_4_6_1_5__2_TotalNitrogenVolatilisedFromMMS_Source()} -> VEERG 2026: 4.6.1.5, Equation (2)
A7: INPUTS | D7: Function name | E7: {=Common_InputFunctions.Utility_DisplayFunctionName(F57)} -> =MMS_Poultry_AtmosphericDeposition_Equations.VEERG_4_6_1_5__2_TotalNitrogenVolatilisedFromMMS
A8: =HYPERLINK("#'Input - Site'!A1", "Site") -> Site
A9: =HYPERLINK("#'Input - Poultry'!A1", "Poultry") -> Poultry
D10: Variable | E10: {=MMS_Poultry_AtmosphericDeposition_Equations.VEERG_4_6_1_5__2_TotalNitrogenVolatilisedFromMMS_Variable()} -> MMS_ATMOS
A11: CALCULATIONS | D11: Unit | E11: {=MMS_Poultry_AtmosphericDeposition_Equations.VEERG_4_6_1_5__2_TotalNitrogenVolatilisedFromMMS_Unit()} -> kg N
A12: =HYPERLINK("#'4.6.1.1-2 Methane'!A1", "4.6.1.1-2 Methane") -> 4.6.1.1-2 Methane
A13: =HYPERLINK("#'4.6.1.3-4 Direct N20'!A1", "4.6.1.3-4 Direct N2O") -> 4.6.1.3-4 Direct N2O | D13: {=_xlfn.CHOOSECOLS(MMS_Poultry_AtmosphericDeposition_Equations.VEERG_4_6_1_5__2_TotalNitrogenVolatilisedFromMMS_Arguments(),1,2)} -> MN_jkmT | E13: nitrogen in each treatment stage MMS (excluding MN_jkm13T2) | G13: {=_xlfn.CHOOSECOLS(MMS_Poultry_AtmosphericDeposition_Equations.VEERG_4_6_1_5__2_TotalNitrogenVolatilisedFromMMS_Arguments(),3,4)} -> kg N | H13: Calculated from 4.6.1.3 (2)(6) | I13: {=HYPERLINK(Common_InputFunctions.Utility_SourceHyperlink($D$19),$D$19)} -> M1_Table_MN_j_k_m_T
A14: =HYPERLINK("#'4.6.1.5-6 Atmos Dep'!A1", "4.6.1.5-6 Atmospheric deposition") -> 4.6.1.5-6 Atmospheric deposition | D14: FracGASM_mT | E14: fraction of N volatilised in each MMS | G14: (kg NH3-N + NOx-N)/kg N | H14: Constant | I14: {=HYPERLINK(Common_InputFunctions.Utility_SourceHyperlink($D$42),$D$42)} -> Table_FracGASM_m_T
A15: =HYPERLINK("#'4.6.1.7-8 Leaching and runoff'!A1", "4.6.1.7-8 Leaching & runoff") -> 4.6.1.7-8 Leaching & runoff
A16: =HYPERLINK("#'4.6.1.9 Manure applied to soils'!A1", "4.6.1.9 Manure applied to soils") -> 4.6.1.9 Manure applied to soils | D16: Note: Manure that is directly applied to soil after stage 1 is not included in Atmospheric Deposition calculations
A17: =HYPERLINK("#'4.6.1.10-11 Soil direct N2O'!A1", "4.6.1.10-11 Soil direct N2O") -> 4.6.1.10-11 Soil direct N2O | D17: and instead is handled in 'Manure applied to soils'.
A18: =HYPERLINK("#'4.6.1.12-13 Soil atmos dep'!A1", "4.6.1.12-13 Soil Atm. deposition") -> 4.6.1.12-13 Soil Atm. deposition
A19: =HYPERLINK("#'4.6.1.14-15 Soil leach runoff'!A1", "4.6.1.14-15 Soil leach & runoff") -> 4.6.1.14-15 Soil leach & runoff | D19: M1_Table_MN_j_k_m_T | N19: M2_Table_MN_j_k_m_T
D20: Nitrogen in each MMS (Method 1) | N20: Nitrogen in each MMS (Method 2)
A21: APPENDICES | D21: Stage 1 MMS | E21: Stage 2 MMS | F21: Layers | G21: Meat chicken growers | H21: Meat chicken breeders | I21: Other | N21: Stage 1 MMS | O21: Stage 2 MMS | P21: Layers | Q21: Meat chicken growers | R21: Meat chicken breeders | S21: Other
A22: =HYPERLINK("#'Constants - Poultry'!A1", "Constants - Poultry") -> Constants - Poultry | D22: ='Input - Poultry'!$D$30 -> Poultry manure with bedding | E22: N/A | F22: ='4.6.1.3-4 Direct N20'!E108 -> 5.09808 | G22: ='4.6.1.3-4 Direct N20'!F108 -> 5.441616 | H22: ='4.6.1.3-4 Direct N20'!G108 -> 6.387648 | I22: ='4.6.1.3-4 Direct N20'!H108 -> 5.441616 | J22: =$G$13 -> kg N | N22: ='Input - Poultry'!$D$30 -> Poultry manure with bedding | O22: N/A | P22: ='4.6.1.3-4 Direct N20'!O108 -> 5.09808 | Q22: ='4.6.1.3-4 Direct N20'!P108 -> 5.441616 | R22: ='4.6.1.3-4 Direct N20'!Q108 -> 6.387648 | S22: ='4.6.1.3-4 Direct N20'!R108 -> 5.441616 | T22: =$G$13 -> kg N
A23: =HYPERLINK("#'Constants - Livestock'!A1", "Constants - Livestock") -> Constants - Livestock | D23: ='Input - Poultry'!$D$31 -> Belt manure removal | E23: N/A | F23: ='4.6.1.3-4 Direct N20'!E109 -> 5.09808 | G23: ='4.6.1.3-4 Direct N20'!F109 -> 5.441616 | H23: ='4.6.1.3-4 Direct N20'!G109 -> 6.387648 | I23: ='4.6.1.3-4 Direct N20'!H109 -> 5.441616 | N23: ='Input - Poultry'!$D$31 -> Belt manure removal | O23: N/A | P23: ='4.6.1.3-4 Direct N20'!O109 -> 5.09808 | Q23: ='4.6.1.3-4 Direct N20'!P109 -> 5.441616 | R23: ='4.6.1.3-4 Direct N20'!Q109 -> 6.387648 | S23: ='4.6.1.3-4 Direct N20'!R109 -> 5.441616
A24: =HYPERLINK("#'Constants - Common'!A1", "Constants - Common") -> Constants - Common | D24: ='Input - Poultry'!$D$32 -> Manure stored in house | E24: N/A | F24: ='4.6.1.3-4 Direct N20'!E110 -> 5.09808 | G24: ='4.6.1.3-4 Direct N20'!F110 -> 5.441616 | H24: ='4.6.1.3-4 Direct N20'!G110 -> 6.387648 | I24: ='4.6.1.3-4 Direct N20'!H110 -> 5.441616 | N24: ='Input - Poultry'!$D$32 -> Manure stored in house | O24: N/A | P24: ='4.6.1.3-4 Direct N20'!O110 -> 5.09808 | Q24: ='4.6.1.3-4 Direct N20'!P110 -> 5.441616 | R24: ='4.6.1.3-4 Direct N20'!Q110 -> 6.387648 | S24: ='4.6.1.3-4 Direct N20'!R110 -> 5.441616
D25: ='Input - Poultry'!$D$33 -> Pasture range and paddock | E25: N/A | F25: ='4.6.1.3-4 Direct N20'!E111 -> 1.69936 | G25: ='4.6.1.3-4 Direct N20'!F111 -> 1.813872 | H25: ='4.6.1.3-4 Direct N20'!G111 -> 2.129216 | I25: ='4.6.1.3-4 Direct N20'!H111 -> 1.813872 | N25: ='Input - Poultry'!$D$33 -> Pasture range and paddock | O25: N/A | P25: ='4.6.1.3-4 Direct N20'!O111 -> 1.69936 | Q25: ='4.6.1.3-4 Direct N20'!P111 -> 1.813872 | R25: ='4.6.1.3-4 Direct N20'!Q111 -> 2.129216 | S25: ='4.6.1.3-4 Direct N20'!R111 -> 1.813872
D26: ='Input - Poultry'!$D$30 -> Poultry manure with bedding | E26: ='Input - Poultry'!$D$38 -> Solid storage | F26: ='4.6.1.3-4 Direct N20'!F189 -> 0.71271158 | G26: ='4.6.1.3-4 Direct N20'!G189 -> 0.76073792 | H26: ='4.6.1.3-4 Direct N20'!H189 -> 0.89299319 | I26: ='4.6.1.3-4 Direct N20'!I189 -> 0.76073792 | N26: ='Input - Poultry'!$D$30 -> Poultry manure with bedding | O26: ='Input - Poultry'!$D$38 -> Solid storage | P26: ='4.6.1.3-4 Direct N20'!P189 -> 0.71271158 | Q26: ='4.6.1.3-4 Direct N20'!Q189 -> 0.76073792 | R26: ='4.6.1.3-4 Direct N20'!R189 -> 0.89299319 | S26: ='4.6.1.3-4 Direct N20'!S189 -> 0.76073792
E27: ='Input - Poultry'!$D$39 -> Composting (passive windrow) | F27: ='4.6.1.3-4 Direct N20'!F190 -> 0.71271158 | G27: ='4.6.1.3-4 Direct N20'!G190 -> 0.76073792 | H27: ='4.6.1.3-4 Direct N20'!H190 -> 0.89299319 | I27: ='4.6.1.3-4 Direct N20'!I190 -> 0.76073792 | O27: ='Input - Poultry'!$D$39 -> Composting (passive windrow) | P27: ='4.6.1.3-4 Direct N20'!P190 -> 0.71271158 | Q27: ='4.6.1.3-4 Direct N20'!Q190 -> 0.76073792 | R27: ='4.6.1.3-4 Direct N20'!R190 -> 0.89299319 | S27: ='4.6.1.3-4 Direct N20'!S190 -> 0.76073792
E28: ='Input - Poultry'!$D$40 -> Digester / covered lagoons | F28: ='4.6.1.3-4 Direct N20'!F191 -> 0.71271158 | G28: ='4.6.1.3-4 Direct N20'!G191 -> 0.76073792 | H28: ='4.6.1.3-4 Direct N20'!H191 -> 0.89299319 | I28: ='4.6.1.3-4 Direct N20'!I191 -> 0.76073792 | O28: ='Input - Poultry'!$D$40 -> Digester / covered lagoons | P28: ='4.6.1.3-4 Direct N20'!P191 -> 0.71271158 | Q28: ='4.6.1.3-4 Direct N20'!Q191 -> 0.76073792 | R28: ='4.6.1.3-4 Direct N20'!R191 -> 0.89299319 | S28: ='4.6.1.3-4 Direct N20'!S191 -> 0.76073792
E29: ='Input - Poultry'!$D$41 -> Direct processing | F29: ='4.6.1.3-4 Direct N20'!F192 -> 0.71271158 | G29: ='4.6.1.3-4 Direct N20'!G192 -> 0.76073792 | H29: ='4.6.1.3-4 Direct N20'!H192 -> 0.89299319 | I29: ='4.6.1.3-4 Direct N20'!I192 -> 0.76073792 | O29: ='Input - Poultry'!$D$41 -> Direct processing | P29: ='4.6.1.3-4 Direct N20'!P192 -> 0.71271158 | Q29: ='4.6.1.3-4 Direct N20'!Q192 -> 0.76073792 | R29: ='4.6.1.3-4 Direct N20'!R192 -> 0.89299319 | S29: ='4.6.1.3-4 Direct N20'!S192 -> 0.76073792
E30: ='Input - Poultry'!$D$42 -> Direct application | F30: ='4.6.1.3-4 Direct N20'!F193 -> 0.71271158 | G30: ='4.6.1.3-4 Direct N20'!G193 -> 0.76073792 | H30: ='4.6.1.3-4 Direct N20'!H193 -> 0.89299319 | I30: ='4.6.1.3-4 Direct N20'!I193 -> 0.76073792 | O30: ='Input - Poultry'!$D$42 -> Direct application | P30: ='4.6.1.3-4 Direct N20'!P193 -> 0.71271158 | Q30: ='4.6.1.3-4 Direct N20'!Q193 -> 0.76073792 | R30: ='4.6.1.3-4 Direct N20'!R193 -> 0.89299319 | S30: ='4.6.1.3-4 Direct N20'!S193 -> 0.76073792
D31: ='Input - Poultry'!$D$31 -> Belt manure removal | E31: ='Input - Poultry'!$D$45 -> Solid storage | F31: ='4.6.1.3-4 Direct N20'!F194 -> 0.96761558 | G31: ='4.6.1.3-4 Direct N20'!G194 -> 1.0328187 | H31: ='4.6.1.3-4 Direct N20'!H194 -> 1.2123756 | I31: ='4.6.1.3-4 Direct N20'!I194 -> 1.0328187 | N31: ='Input - Poultry'!$D$31 -> Belt manure removal | O31: ='Input - Poultry'!$D$45 -> Solid storage | P31: ='4.6.1.3-4 Direct N20'!P194 -> 0.96761558 | Q31: ='4.6.1.3-4 Direct N20'!Q194 -> 1.0328187 | R31: ='4.6.1.3-4 Direct N20'!R194 -> 1.2123756 | S31: ='4.6.1.3-4 Direct N20'!S194 -> 1.0328187
E32: ='Input - Poultry'!$D$46 -> Composting (passive windrow) | F32: ='4.6.1.3-4 Direct N20'!F195 -> 0.96761558 | G32: ='4.6.1.3-4 Direct N20'!G195 -> 1.0328187 | H32: ='4.6.1.3-4 Direct N20'!H195 -> 1.2123756 | I32: ='4.6.1.3-4 Direct N20'!I195 -> 1.0328187 | O32: ='Input - Poultry'!$D$46 -> Composting (passive windrow) | P32: ='4.6.1.3-4 Direct N20'!P195 -> 0.96761558 | Q32: ='4.6.1.3-4 Direct N20'!Q195 -> 1.0328187 | R32: ='4.6.1.3-4 Direct N20'!R195 -> 1.2123756 | S32: ='4.6.1.3-4 Direct N20'!S195 -> 1.0328187
E33: ='Input - Poultry'!$D$47 -> Digester / covered lagoons | F33: ='4.6.1.3-4 Direct N20'!F196 -> 0.96761558 | G33: ='4.6.1.3-4 Direct N20'!G196 -> 1.0328187 | H33: ='4.6.1.3-4 Direct N20'!H196 -> 1.2123756 | I33: ='4.6.1.3-4 Direct N20'!I196 -> 1.0328187 | O33: ='Input - Poultry'!$D$47 -> Digester / covered lagoons | P33: ='4.6.1.3-4 Direct N20'!P196 -> 0.96761558 | Q33: ='4.6.1.3-4 Direct N20'!Q196 -> 1.0328187 | R33: ='4.6.1.3-4 Direct N20'!R196 -> 1.2123756 | S33: ='4.6.1.3-4 Direct N20'!S196 -> 1.0328187
E34: ='Input - Poultry'!$D$48 -> Direct processing | F34: ='4.6.1.3-4 Direct N20'!F197 -> 0.96761558 | G34: ='4.6.1.3-4 Direct N20'!G197 -> 1.0328187 | H34: ='4.6.1.3-4 Direct N20'!H197 -> 1.2123756 | I34: ='4.6.1.3-4 Direct N20'!I197 -> 1.0328187 | O34: ='Input - Poultry'!$D$48 -> Direct processing | P34: ='4.6.1.3-4 Direct N20'!P197 -> 0.96761558 | Q34: ='4.6.1.3-4 Direct N20'!Q197 -> 1.0328187 | R34: ='4.6.1.3-4 Direct N20'!R197 -> 1.2123756 | S34: ='4.6.1.3-4 Direct N20'!S197 -> 1.0328187
E35: ='Input - Poultry'!$D$49 -> Direct application | F35: ='4.6.1.3-4 Direct N20'!F198 -> 0.96761558 | G35: ='4.6.1.3-4 Direct N20'!G198 -> 1.0328187 | H35: ='4.6.1.3-4 Direct N20'!H198 -> 1.2123756 | I35: ='4.6.1.3-4 Direct N20'!I198 -> 1.0328187 | O35: ='Input - Poultry'!$D$49 -> Direct application | P35: ='4.6.1.3-4 Direct N20'!P198 -> 0.96761558 | Q35: ='4.6.1.3-4 Direct N20'!Q198 -> 1.0328187 | R35: ='4.6.1.3-4 Direct N20'!R198 -> 1.2123756 | S35: ='4.6.1.3-4 Direct N20'!S198 -> 1.0328187
D36: ='Input - Poultry'!$D$32 -> Manure stored in house | E36: ='Input - Poultry'!$D$52 -> Solid storage | F36: ='4.6.1.3-4 Direct N20'!F199 -> 0.61074998 | G36: ='4.6.1.3-4 Direct N20'!G199 -> 0.6519056 | H36: ='4.6.1.3-4 Direct N20'!H199 -> 0.76524023 | I36: ='4.6.1.3-4 Direct N20'!I199 -> 0.6519056 | N36: ='Input - Poultry'!$D$32 -> Manure stored in house | O36: ='Input - Poultry'!$D$52 -> Solid storage | P36: ='4.6.1.3-4 Direct N20'!P199 -> 0.61074998 | Q36: ='4.6.1.3-4 Direct N20'!Q199 -> 0.6519056 | R36: ='4.6.1.3-4 Direct N20'!R199 -> 0.76524023 | S36: ='4.6.1.3-4 Direct N20'!S199 -> 0.6519056
E37: ='Input - Poultry'!$D$53 -> Composting (passive windrow) | F37: ='4.6.1.3-4 Direct N20'!F200 -> 0.61074998 | G37: ='4.6.1.3-4 Direct N20'!G200 -> 0.6519056 | H37: ='4.6.1.3-4 Direct N20'!H200 -> 0.76524023 | I37: ='4.6.1.3-4 Direct N20'!I200 -> 0.6519056 | O37: ='Input - Poultry'!$D$53 -> Composting (passive windrow) | P37: ='4.6.1.3-4 Direct N20'!P200 -> 0.61074998 | Q37: ='4.6.1.3-4 Direct N20'!Q200 -> 0.6519056 | R37: ='4.6.1.3-4 Direct N20'!R200 -> 0.76524023 | S37: ='4.6.1.3-4 Direct N20'!S200 -> 0.6519056
E38: ='Input - Poultry'!$D$54 -> Digester / covered lagoons | F38: ='4.6.1.3-4 Direct N20'!F201 -> 0.61074998 | G38: ='4.6.1.3-4 Direct N20'!G201 -> 0.6519056 | H38: ='4.6.1.3-4 Direct N20'!H201 -> 0.76524023 | I38: ='4.6.1.3-4 Direct N20'!I201 -> 0.6519056 | O38: ='Input - Poultry'!$D$54 -> Digester / covered lagoons | P38: ='4.6.1.3-4 Direct N20'!P201 -> 0.61074998 | Q38: ='4.6.1.3-4 Direct N20'!Q201 -> 0.6519056 | R38: ='4.6.1.3-4 Direct N20'!R201 -> 0.76524023 | S38: ='4.6.1.3-4 Direct N20'!S201 -> 0.6519056
E39: ='Input - Poultry'!$D$55 -> Direct processing | F39: ='4.6.1.3-4 Direct N20'!F202 -> 0.61074998 | G39: ='4.6.1.3-4 Direct N20'!G202 -> 0.6519056 | H39: ='4.6.1.3-4 Direct N20'!H202 -> 0.76524023 | I39: ='4.6.1.3-4 Direct N20'!I202 -> 0.6519056 | O39: ='Input - Poultry'!$D$55 -> Direct processing | P39: ='4.6.1.3-4 Direct N20'!P202 -> 0.61074998 | Q39: ='4.6.1.3-4 Direct N20'!Q202 -> 0.6519056 | R39: ='4.6.1.3-4 Direct N20'!R202 -> 0.76524023 | S39: ='4.6.1.3-4 Direct N20'!S202 -> 0.6519056
E40: ='Input - Poultry'!$D$56 -> Direct application | F40: ='4.6.1.3-4 Direct N20'!F203 -> 0.61074998 | G40: ='4.6.1.3-4 Direct N20'!G203 -> 0.6519056 | H40: ='4.6.1.3-4 Direct N20'!H203 -> 0.76524023 | I40: ='4.6.1.3-4 Direct N20'!I203 -> 0.6519056 | O40: ='Input - Poultry'!$D$56 -> Direct application | P40: ='4.6.1.3-4 Direct N20'!P203 -> 0.61074998 | Q40: ='4.6.1.3-4 Direct N20'!Q203 -> 0.6519056 | R40: ='4.6.1.3-4 Direct N20'!R203 -> 0.76524023 | S40: ='4.6.1.3-4 Direct N20'!S203 -> 0.6519056
D42: Table_FracGASM_m_T
D43: Faction N volatilised in MMS
D44: Stage 1 MMS | E44: FracGASM
D45: ='Constants - Poultry'!$D$29 -> Poultry manure with bedding | E45: {=Common_InputFunctions.Utility_LookupValueInTableNumber(D45, Table_SourceData_Poultry_FracGASM[NIR reference],Table_SourceData_Poultry_FracGASM[FracGASMmT])} -> 0.3 | F45: =$G$14 -> (kg NH3-N + NOx-N)/kg N
D46: ='Constants - Poultry'!$D$30 -> Belt manure removal | E46: {=Common_InputFunctions.Utility_LookupValueInTableNumber(D46, Table_SourceData_Poultry_FracGASM[NIR reference],Table_SourceData_Poultry_FracGASM[FracGASMmT])} -> 0.05
D47: ='Constants - Poultry'!$D$31 -> Manure stored in house | E47: {=Common_InputFunctions.Utility_LookupValueInTableNumber(D47, Table_SourceData_Poultry_FracGASM[NIR reference],Table_SourceData_Poultry_FracGASM[FracGASMmT])} -> 0.4
D48: ='Constants - Poultry'!$D$32 -> Pasture range and paddock | E48: {=Common_InputFunctions.Utility_LookupValueInTableNumber(D48, Table_SourceData_Poultry_FracGASM[NIR reference],Table_SourceData_Poultry_FracGASM[FracGASMmT])} -> 0
D49: ='Constants - Poultry'!$D$33 -> Solid storage | E49: {=Common_InputFunctions.Utility_LookupValueInTableNumber(D49, Table_SourceData_Poultry_FracGASM[NIR reference],Table_SourceData_Poultry_FracGASM[FracGASMmT])} -> 0.2
D50: ='Constants - Poultry'!$D$34 -> Composting (passive windrow) | E50: {=Common_InputFunctions.Utility_LookupValueInTableNumber(D50, Table_SourceData_Poultry_FracGASM[NIR reference],Table_SourceData_Poultry_FracGASM[FracGASMmT])} -> 0.2
D51: ='Constants - Poultry'!$D$35 -> Digester / covered lagoons | E51: {=Common_InputFunctions.Utility_LookupValueInTableNumber(D51, Table_SourceData_Poultry_FracGASM[NIR reference],Table_SourceData_Poultry_FracGASM[FracGASMmT])} -> 0
D52: ='Constants - Poultry'!$D$36 -> Direct processing | E52: {=Common_InputFunctions.Utility_LookupValueInTableNumber(D52, Table_SourceData_Poultry_FracGASM[NIR reference],Table_SourceData_Poultry_FracGASM[FracGASMmT])} -> 0
D54: M1_Table_MMS_ATMOS | N54: M2_Table_MMS_ATMOS
D55: Total nitrogen volatilised from each MMS (Method 1) | N55: Total nitrogen volatilised from each MMS (Method 2)
D56: Stage 1 MMS | E56: Stage 2 MMS | F56: Layers | G56: Meat chicken growers | H56: Meat chicken breeders | I56: Other | N56: Stage 1 MMS | O56: Stage 2 MMS | P56: Layers | Q56: Meat chicken growers | R56: Meat chicken breeders | S56: Other
D57: ='Input - Poultry'!$D$30 -> Poultry manure with bedding | E57: N/A | F57: {=MMS_Poultry_AtmosphericDeposition_Equations.VEERG_4_6_1_5__2_TotalNitrogenVolatilisedFromMMS(F22, _xlfn.XLOOKUP($D57, $D$45:$D$52, $E$45:$E$52))} -> 1.529424 | G57: {=MMS_Poultry_AtmosphericDeposition_Equations.VEERG_4_6_1_5__2_TotalNitrogenVolatilisedFromMMS(G22, _xlfn.XLOOKUP($D57, $D$45:$D$52, $E$45:$E$52))} -> 1.6324848 | H57: {=MMS_Poultry_AtmosphericDeposition_Equations.VEERG_4_6_1_5__2_TotalNitrogenVolatilisedFromMMS(H22, _xlfn.XLOOKUP($D57, $D$45:$D$52, $E$45:$E$52))} -> 1.9162944 | I57: {=MMS_Poultry_AtmosphericDeposition_Equations.VEERG_4_6_1_5__2_TotalNitrogenVolatilisedFromMMS(I22, _xlfn.XLOOKUP($D57, $D$45:$D$52, $E$45:$E$52))} -> 1.6324848 | J57: =$E$11 -> kg N | N57: ='Input - Poultry'!$D$30 -> Poultry manure with bedding | O57: N/A | P57: {=MMS_Poultry_AtmosphericDeposition_Equations.VEERG_4_6_1_5__2_TotalNitrogenVolatilisedFromMMS(P22, _xlfn.XLOOKUP($N57, $D$45:$D$52, $E$45:$E$52))} -> 1.529424 | Q57: {=MMS_Poultry_AtmosphericDeposition_Equations.VEERG_4_6_1_5__2_TotalNitrogenVolatilisedFromMMS(Q22, _xlfn.XLOOKUP($N57, $D$45:$D$52, $E$45:$E$52))} -> 1.6324848 | R57: {=MMS_Poultry_AtmosphericDeposition_Equations.VEERG_4_6_1_5__2_TotalNitrogenVolatilisedFromMMS(R22, _xlfn.XLOOKUP($N57, $D$45:$D$52, $E$45:$E$52))} -> 1.9162944 | S57: {=MMS_Poultry_AtmosphericDeposition_Equations.VEERG_4_6_1_5__2_TotalNitrogenVolatilisedFromMMS(S22, _xlfn.XLOOKUP($N57, $D$45:$D$52, $E$45:$E$52))} -> 1.6324848 | T57: =$E$11 -> kg N
D58: ='Input - Poultry'!$D$31 -> Belt manure removal | E58: N/A | F58: {=MMS_Poultry_AtmosphericDeposition_Equations.VEERG_4_6_1_5__2_TotalNitrogenVolatilisedFromMMS(F23, _xlfn.XLOOKUP($D58, $D$45:$D$52, $E$45:$E$52))} -> 0.254904 | G58: {=MMS_Poultry_AtmosphericDeposition_Equations.VEERG_4_6_1_5__2_TotalNitrogenVolatilisedFromMMS(G23, _xlfn.XLOOKUP($D58, $D$45:$D$52, $E$45:$E$52))} -> 0.2720808 | H58: {=MMS_Poultry_AtmosphericDeposition_Equations.VEERG_4_6_1_5__2_TotalNitrogenVolatilisedFromMMS(H23, _xlfn.XLOOKUP($D58, $D$45:$D$52, $E$45:$E$52))} -> 0.3193824 | I58: {=MMS_Poultry_AtmosphericDeposition_Equations.VEERG_4_6_1_5__2_TotalNitrogenVolatilisedFromMMS(I23, _xlfn.XLOOKUP($D58, $D$45:$D$52, $E$45:$E$52))} -> 0.2720808 | N58: ='Input - Poultry'!$D$31 -> Belt manure removal | O58: N/A | P58: {=MMS_Poultry_AtmosphericDeposition_Equations.VEERG_4_6_1_5__2_TotalNitrogenVolatilisedFromMMS(P23, _xlfn.XLOOKUP($N58, $D$45:$D$52, $E$45:$E$52))} -> 0.254904 | Q58: {=MMS_Poultry_AtmosphericDeposition_Equations.VEERG_4_6_1_5__2_TotalNitrogenVolatilisedFromMMS(Q23, _xlfn.XLOOKUP($N58, $D$45:$D$52, $E$45:$E$52))} -> 0.2720808 | R58: {=MMS_Poultry_AtmosphericDeposition_Equations.VEERG_4_6_1_5__2_TotalNitrogenVolatilisedFromMMS(R23, _xlfn.XLOOKUP($N58, $D$45:$D$52, $E$45:$E$52))} -> 0.3193824 | S58: {=MMS_Poultry_AtmosphericDeposition_Equations.VEERG_4_6_1_5__2_TotalNitrogenVolatilisedFromMMS(S23, _xlfn.XLOOKUP($N58, $D$45:$D$52, $E$45:$E$52))} -> 0.2720808
D59: ='Input - Poultry'!$D$32 -> Manure stored in house | E59: N/A | F59: {=MMS_Poultry_AtmosphericDeposition_Equations.VEERG_4_6_1_5__2_TotalNitrogenVolatilisedFromMMS(F24, _xlfn.XLOOKUP($D59, $D$45:$D$52, $E$45:$E$52))} -> 2.039232 | G59: {=MMS_Poultry_AtmosphericDeposition_Equations.VEERG_4_6_1_5__2_TotalNitrogenVolatilisedFromMMS(G24, _xlfn.XLOOKUP($D59, $D$45:$D$52, $E$45:$E$52))} -> 2.1766464 | H59: {=MMS_Poultry_AtmosphericDeposition_Equations.VEERG_4_6_1_5__2_TotalNitrogenVolatilisedFromMMS(H24, _xlfn.XLOOKUP($D59, $D$45:$D$52, $E$45:$E$52))} -> 2.5550592 | I59: {=MMS_Poultry_AtmosphericDeposition_Equations.VEERG_4_6_1_5__2_TotalNitrogenVolatilisedFromMMS(I24, _xlfn.XLOOKUP($D59, $D$45:$D$52, $E$45:$E$52))} -> 2.1766464 | N59: ='Input - Poultry'!$D$32 -> Manure stored in house | O59: N/A | P59: {=MMS_Poultry_AtmosphericDeposition_Equations.VEERG_4_6_1_5__2_TotalNitrogenVolatilisedFromMMS(P24, _xlfn.XLOOKUP($N59, $D$45:$D$52, $E$45:$E$52))} -> 2.039232 | Q59: {=MMS_Poultry_AtmosphericDeposition_Equations.VEERG_4_6_1_5__2_TotalNitrogenVolatilisedFromMMS(Q24, _xlfn.XLOOKUP($N59, $D$45:$D$52, $E$45:$E$52))} -> 2.1766464 | R59: {=MMS_Poultry_AtmosphericDeposition_Equations.VEERG_4_6_1_5__2_TotalNitrogenVolatilisedFromMMS(R24, _xlfn.XLOOKUP($N59, $D$45:$D$52, $E$45:$E$52))} -> 2.5550592 | S59: {=MMS_Poultry_AtmosphericDeposition_Equations.VEERG_4_6_1_5__2_TotalNitrogenVolatilisedFromMMS(S24, _xlfn.XLOOKUP($N59, $D$45:$D$52, $E$45:$E$52))} -> 2.1766464
D60: ='Input - Poultry'!$D$33 -> Pasture range and paddock | E60: N/A | F60: {=MMS_Poultry_AtmosphericDeposition_Equations.VEERG_4_6_1_5__2_TotalNitrogenVolatilisedFromMMS(F25, _xlfn.XLOOKUP($D60, $D$45:$D$52, $E$45:$E$52))} -> 0 | G60: {=MMS_Poultry_AtmosphericDeposition_Equations.VEERG_4_6_1_5__2_TotalNitrogenVolatilisedFromMMS(G25, _xlfn.XLOOKUP($D60, $D$45:$D$52, $E$45:$E$52))} -> 0 | H60: {=MMS_Poultry_AtmosphericDeposition_Equations.VEERG_4_6_1_5__2_TotalNitrogenVolatilisedFromMMS(H25, _xlfn.XLOOKUP($D60, $D$45:$D$52, $E$45:$E$52))} -> 0 | I60: {=MMS_Poultry_AtmosphericDeposition_Equations.VEERG_4_6_1_5__2_TotalNitrogenVolatilisedFromMMS(I25, _xlfn.XLOOKUP($D60, $D$45:$D$52, $E$45:$E$52))} -> 0 | N60: ='Input - Poultry'!$D$33 -> Pasture range and paddock | O60: N/A | P60: {=MMS_Poultry_AtmosphericDeposition_Equations.VEERG_4_6_1_5__2_TotalNitrogenVolatilisedFromMMS(P25, _xlfn.XLOOKUP($N60, $D$45:$D$52, $E$45:$E$52))} -> 0 | Q60: {=MMS_Poultry_AtmosphericDeposition_Equations.VEERG_4_6_1_5__2_TotalNitrogenVolatilisedFromMMS(Q25, _xlfn.XLOOKUP($N60, $D$45:$D$52, $E$45:$E$52))} -> 0 | R60: {=MMS_Poultry_AtmosphericDeposition_Equations.VEERG_4_6_1_5__2_TotalNitrogenVolatilisedFromMMS(R25, _xlfn.XLOOKUP($N60, $D$45:$D$52, $E$45:$E$52))} -> 0 | S60: {=MMS_Poultry_AtmosphericDeposition_Equations.VEERG_4_6_1_5__2_TotalNitrogenVolatilisedFromMMS(S25, _xlfn.XLOOKUP($N60, $D$45:$D$52, $E$45:$E$52))} -> 0
D61: ='Input - Poultry'!$D$30 -> Poultry manure with bedding | E61: ='Input - Poultry'!$D$38 -> Solid storage | F61: {=MMS_Poultry_AtmosphericDeposition_Equations.VEERG_4_6_1_5__2_TotalNitrogenVolatilisedFromMMS(F26, _xlfn.XLOOKUP($E61, $D$45:$D$52, $E$45:$E$52))} -> 0.14254232 | G61: {=MMS_Poultry_AtmosphericDeposition_Equations.VEERG_4_6_1_5__2_TotalNitrogenVolatilisedFromMMS(G26, _xlfn.XLOOKUP($E61, $D$45:$D$52, $E$45:$E$52))} -> 0.15214758 | H61: {=MMS_Poultry_AtmosphericDeposition_Equations.VEERG_4_6_1_5__2_TotalNitrogenVolatilisedFromMMS(H26, _xlfn.XLOOKUP($E61, $D$45:$D$52, $E$45:$E$52))} -> 0.17859864 | I61: {=MMS_Poultry_AtmosphericDeposition_Equations.VEERG_4_6_1_5__2_TotalNitrogenVolatilisedFromMMS(I26, _xlfn.XLOOKUP($E61, $D$45:$D$52, $E$45:$E$52))} -> 0.15214758 | N61: ='Input - Poultry'!$D$30 -> Poultry manure with bedding | O61: ='Input - Poultry'!$D$38 -> Solid storage | P61: {=MMS_Poultry_AtmosphericDeposition_Equations.VEERG_4_6_1_5__2_TotalNitrogenVolatilisedFromMMS(P26, _xlfn.XLOOKUP($O61, $D$45:$D$52, $E$45:$E$52))} -> 0.14254232 | Q61: {=MMS_Poultry_AtmosphericDeposition_Equations.VEERG_4_6_1_5__2_TotalNitrogenVolatilisedFromMMS(Q26, _xlfn.XLOOKUP($O61, $D$45:$D$52, $E$45:$E$52))} -> 0.15214758 | R61: {=MMS_Poultry_AtmosphericDeposition_Equations.VEERG_4_6_1_5__2_TotalNitrogenVolatilisedFromMMS(R26, _xlfn.XLOOKUP($O61, $D$45:$D$52, $E$45:$E$52))} -> 0.17859864 | S61: {=MMS_Poultry_AtmosphericDeposition_Equations.VEERG_4_6_1_5__2_TotalNitrogenVolatilisedFromMMS(S26, _xlfn.XLOOKUP($O61, $D$45:$D$52, $E$45:$E$52))} -> 0.15214758
E62: ='Input - Poultry'!$D$39 -> Composting (passive windrow) | F62: {=MMS_Poultry_AtmosphericDeposition_Equations.VEERG_4_6_1_5__2_TotalNitrogenVolatilisedFromMMS(F27, _xlfn.XLOOKUP($E62, $D$45:$D$52, $E$45:$E$52))} -> 0.14254232 | G62: {=MMS_Poultry_AtmosphericDeposition_Equations.VEERG_4_6_1_5__2_TotalNitrogenVolatilisedFromMMS(G27, _xlfn.XLOOKUP($E62, $D$45:$D$52, $E$45:$E$52))} -> 0.15214758 | H62: {=MMS_Poultry_AtmosphericDeposition_Equations.VEERG_4_6_1_5__2_TotalNitrogenVolatilisedFromMMS(H27, _xlfn.XLOOKUP($E62, $D$45:$D$52, $E$45:$E$52))} -> 0.17859864 | I62: {=MMS_Poultry_AtmosphericDeposition_Equations.VEERG_4_6_1_5__2_TotalNitrogenVolatilisedFromMMS(I27, _xlfn.XLOOKUP($E62, $D$45:$D$52, $E$45:$E$52))} -> 0.15214758 | O62: ='Input - Poultry'!$D$39 -> Composting (passive windrow) | P62: {=MMS_Poultry_AtmosphericDeposition_Equations.VEERG_4_6_1_5__2_TotalNitrogenVolatilisedFromMMS(P27, _xlfn.XLOOKUP($O62, $D$45:$D$52, $E$45:$E$52))} -> 0.14254232 | Q62: {=MMS_Poultry_AtmosphericDeposition_Equations.VEERG_4_6_1_5__2_TotalNitrogenVolatilisedFromMMS(Q27, _xlfn.XLOOKUP($O62, $D$45:$D$52, $E$45:$E$52))} -> 0.15214758 | R62: {=MMS_Poultry_AtmosphericDeposition_Equations.VEERG_4_6_1_5__2_TotalNitrogenVolatilisedFromMMS(R27, _xlfn.XLOOKUP($O62, $D$45:$D$52, $E$45:$E$52))} -> 0.17859864 | S62: {=MMS_Poultry_AtmosphericDeposition_Equations.VEERG_4_6_1_5__2_TotalNitrogenVolatilisedFromMMS(S27, _xlfn.XLOOKUP($O62, $D$45:$D$52, $E$45:$E$52))} -> 0.15214758
E63: ='Input - Poultry'!$D$40 -> Digester / covered lagoons | F63: {=MMS_Poultry_AtmosphericDeposition_Equations.VEERG_4_6_1_5__2_TotalNitrogenVolatilisedFromMMS(F28, _xlfn.XLOOKUP($E63, $D$45:$D$52, $E$45:$E$52))} -> 0 | G63: {=MMS_Poultry_AtmosphericDeposition_Equations.VEERG_4_6_1_5__2_TotalNitrogenVolatilisedFromMMS(G28, _xlfn.XLOOKUP($E63, $D$45:$D$52, $E$45:$E$52))} -> 0 | H63: {=MMS_Poultry_AtmosphericDeposition_Equations.VEERG_4_6_1_5__2_TotalNitrogenVolatilisedFromMMS(H28, _xlfn.XLOOKUP($E63, $D$45:$D$52, $E$45:$E$52))} -> 0 | I63: {=MMS_Poultry_AtmosphericDeposition_Equations.VEERG_4_6_1_5__2_TotalNitrogenVolatilisedFromMMS(I28, _xlfn.XLOOKUP($E63, $D$45:$D$52, $E$45:$E$52))} -> 0 | O63: ='Input - Poultry'!$D$40 -> Digester / covered lagoons | P63: {=MMS_Poultry_AtmosphericDeposition_Equations.VEERG_4_6_1_5__2_TotalNitrogenVolatilisedFromMMS(P28, _xlfn.XLOOKUP($O63, $D$45:$D$52, $E$45:$E$52))} -> 0 | Q63: {=MMS_Poultry_AtmosphericDeposition_Equations.VEERG_4_6_1_5__2_TotalNitrogenVolatilisedFromMMS(Q28, _xlfn.XLOOKUP($O63, $D$45:$D$52, $E$45:$E$52))} -> 0 | R63: {=MMS_Poultry_AtmosphericDeposition_Equations.VEERG_4_6_1_5__2_TotalNitrogenVolatilisedFromMMS(R28, _xlfn.XLOOKUP($O63, $D$45:$D$52, $E$45:$E$52))} -> 0 | S63: {=MMS_Poultry_AtmosphericDeposition_Equations.VEERG_4_6_1_5__2_TotalNitrogenVolatilisedFromMMS(S28, _xlfn.XLOOKUP($O63, $D$45:$D$52, $E$45:$E$52))} -> 0
E64: ='Input - Poultry'!$D$41 -> Direct processing | F64: {=MMS_Poultry_AtmosphericDeposition_Equations.VEERG_4_6_1_5__2_TotalNitrogenVolatilisedFromMMS(F29, _xlfn.XLOOKUP($E64, $D$45:$D$52, $E$45:$E$52))} -> 0 | G64: {=MMS_Poultry_AtmosphericDeposition_Equations.VEERG_4_6_1_5__2_TotalNitrogenVolatilisedFromMMS(G29, _xlfn.XLOOKUP($E64, $D$45:$D$52, $E$45:$E$52))} -> 0 | H64: {=MMS_Poultry_AtmosphericDeposition_Equations.VEERG_4_6_1_5__2_TotalNitrogenVolatilisedFromMMS(H29, _xlfn.XLOOKUP($E64, $D$45:$D$52, $E$45:$E$52))} -> 0 | I64: {=MMS_Poultry_AtmosphericDeposition_Equations.VEERG_4_6_1_5__2_TotalNitrogenVolatilisedFromMMS(I29, _xlfn.XLOOKUP($E64, $D$45:$D$52, $E$45:$E$52))} -> 0 | O64: ='Input - Poultry'!$D$41 -> Direct processing | P64: {=MMS_Poultry_AtmosphericDeposition_Equations.VEERG_4_6_1_5__2_TotalNitrogenVolatilisedFromMMS(P29, _xlfn.XLOOKUP($O64, $D$45:$D$52, $E$45:$E$52))} -> 0 | Q64: {=MMS_Poultry_AtmosphericDeposition_Equations.VEERG_4_6_1_5__2_TotalNitrogenVolatilisedFromMMS(Q29, _xlfn.XLOOKUP($O64, $D$45:$D$52, $E$45:$E$52))} -> 0 | R64: {=MMS_Poultry_AtmosphericDeposition_Equations.VEERG_4_6_1_5__2_TotalNitrogenVolatilisedFromMMS(R29, _xlfn.XLOOKUP($O64, $D$45:$D$52, $E$45:$E$52))} -> 0 | S64: {=MMS_Poultry_AtmosphericDeposition_Equations.VEERG_4_6_1_5__2_TotalNitrogenVolatilisedFromMMS(S29, _xlfn.XLOOKUP($O64, $D$45:$D$52, $E$45:$E$52))} -> 0
E65: ='Input - Poultry'!$D$42 -> Direct application | F65: N/A | G65: N/A | H65: N/A | I65: N/A | O65: ='Input - Poultry'!$D$42 -> Direct application | P65: N/A | Q65: N/A | R65: N/A | S65: N/A
D66: ='Input - Poultry'!$D$31 -> Belt manure removal | E66: ='Input - Poultry'!$D$45 -> Solid storage | F66: {=MMS_Poultry_AtmosphericDeposition_Equations.VEERG_4_6_1_5__2_TotalNitrogenVolatilisedFromMMS(F31, _xlfn.XLOOKUP($E66, $D$45:$D$52, $E$45:$E$52))} -> 0.19352312 | G66: {=MMS_Poultry_AtmosphericDeposition_Equations.VEERG_4_6_1_5__2_TotalNitrogenVolatilisedFromMMS(G31, _xlfn.XLOOKUP($E66, $D$45:$D$52, $E$45:$E$52))} -> 0.20656374 | H66: {=MMS_Poultry_AtmosphericDeposition_Equations.VEERG_4_6_1_5__2_TotalNitrogenVolatilisedFromMMS(H31, _xlfn.XLOOKUP($E66, $D$45:$D$52, $E$45:$E$52))} -> 0.24247512 | I66: {=MMS_Poultry_AtmosphericDeposition_Equations.VEERG_4_6_1_5__2_TotalNitrogenVolatilisedFromMMS(I31, _xlfn.XLOOKUP($E66, $D$45:$D$52, $E$45:$E$52))} -> 0.20656374 | N66: ='Input - Poultry'!$D$31 -> Belt manure removal | O66: ='Input - Poultry'!$D$45 -> Solid storage | P66: {=MMS_Poultry_AtmosphericDeposition_Equations.VEERG_4_6_1_5__2_TotalNitrogenVolatilisedFromMMS(P31, _xlfn.XLOOKUP($O66, $D$45:$D$52, $E$45:$E$52))} -> 0.19352312 | Q66: {=MMS_Poultry_AtmosphericDeposition_Equations.VEERG_4_6_1_5__2_TotalNitrogenVolatilisedFromMMS(Q31, _xlfn.XLOOKUP($O66, $D$45:$D$52, $E$45:$E$52))} -> 0.20656374 | R66: {=MMS_Poultry_AtmosphericDeposition_Equations.VEERG_4_6_1_5__2_TotalNitrogenVolatilisedFromMMS(R31, _xlfn.XLOOKUP($O66, $D$45:$D$52, $E$45:$E$52))} -> 0.24247512 | S66: {=MMS_Poultry_AtmosphericDeposition_Equations.VEERG_4_6_1_5__2_TotalNitrogenVolatilisedFromMMS(S31, _xlfn.XLOOKUP($O66, $D$45:$D$52, $E$45:$E$52))} -> 0.20656374
E67: ='Input - Poultry'!$D$46 -> Composting (passive windrow) | F67: {=MMS_Poultry_AtmosphericDeposition_Equations.VEERG_4_6_1_5__2_TotalNitrogenVolatilisedFromMMS(F32, _xlfn.XLOOKUP($E67, $D$45:$D$52, $E$45:$E$52))} -> 0.19352312 | G67: {=MMS_Poultry_AtmosphericDeposition_Equations.VEERG_4_6_1_5__2_TotalNitrogenVolatilisedFromMMS(G32, _xlfn.XLOOKUP($E67, $D$45:$D$52, $E$45:$E$52))} -> 0.20656374 | H67: {=MMS_Poultry_AtmosphericDeposition_Equations.VEERG_4_6_1_5__2_TotalNitrogenVolatilisedFromMMS(H32, _xlfn.XLOOKUP($E67, $D$45:$D$52, $E$45:$E$52))} -> 0.24247512 | I67: {=MMS_Poultry_AtmosphericDeposition_Equations.VEERG_4_6_1_5__2_TotalNitrogenVolatilisedFromMMS(I32, _xlfn.XLOOKUP($E67, $D$45:$D$52, $E$45:$E$52))} -> 0.20656374 | O67: ='Input - Poultry'!$D$46 -> Composting (passive windrow) | P67: {=MMS_Poultry_AtmosphericDeposition_Equations.VEERG_4_6_1_5__2_TotalNitrogenVolatilisedFromMMS(P32, _xlfn.XLOOKUP($O67, $D$45:$D$52, $E$45:$E$52))} -> 0.19352312 | Q67: {=MMS_Poultry_AtmosphericDeposition_Equations.VEERG_4_6_1_5__2_TotalNitrogenVolatilisedFromMMS(Q32, _xlfn.XLOOKUP($O67, $D$45:$D$52, $E$45:$E$52))} -> 0.20656374 | R67: {=MMS_Poultry_AtmosphericDeposition_Equations.VEERG_4_6_1_5__2_TotalNitrogenVolatilisedFromMMS(R32, _xlfn.XLOOKUP($O67, $D$45:$D$52, $E$45:$E$52))} -> 0.24247512 | S67: {=MMS_Poultry_AtmosphericDeposition_Equations.VEERG_4_6_1_5__2_TotalNitrogenVolatilisedFromMMS(S32, _xlfn.XLOOKUP($O67, $D$45:$D$52, $E$45:$E$52))} -> 0.20656374
E68: ='Input - Poultry'!$D$47 -> Digester / covered lagoons | F68: {=MMS_Poultry_AtmosphericDeposition_Equations.VEERG_4_6_1_5__2_TotalNitrogenVolatilisedFromMMS(F33, _xlfn.XLOOKUP($E68, $D$45:$D$52, $E$45:$E$52))} -> 0 | G68: {=MMS_Poultry_AtmosphericDeposition_Equations.VEERG_4_6_1_5__2_TotalNitrogenVolatilisedFromMMS(G33, _xlfn.XLOOKUP($E68, $D$45:$D$52, $E$45:$E$52))} -> 0 | H68: {=MMS_Poultry_AtmosphericDeposition_Equations.VEERG_4_6_1_5__2_TotalNitrogenVolatilisedFromMMS(H33, _xlfn.XLOOKUP($E68, $D$45:$D$52, $E$45:$E$52))} -> 0 | I68: {=MMS_Poultry_AtmosphericDeposition_Equations.VEERG_4_6_1_5__2_TotalNitrogenVolatilisedFromMMS(I33, _xlfn.XLOOKUP($E68, $D$45:$D$52, $E$45:$E$52))} -> 0 | O68: ='Input - Poultry'!$D$47 -> Digester / covered lagoons | P68: {=MMS_Poultry_AtmosphericDeposition_Equations.VEERG_4_6_1_5__2_TotalNitrogenVolatilisedFromMMS(P33, _xlfn.XLOOKUP($O68, $D$45:$D$52, $E$45:$E$52))} -> 0 | Q68: {=MMS_Poultry_AtmosphericDeposition_Equations.VEERG_4_6_1_5__2_TotalNitrogenVolatilisedFromMMS(Q33, _xlfn.XLOOKUP($O68, $D$45:$D$52, $E$45:$E$52))} -> 0 | R68: {=MMS_Poultry_AtmosphericDeposition_Equations.VEERG_4_6_1_5__2_TotalNitrogenVolatilisedFromMMS(R33, _xlfn.XLOOKUP($O68, $D$45:$D$52, $E$45:$E$52))} -> 0 | S68: {=MMS_Poultry_AtmosphericDeposition_Equations.VEERG_4_6_1_5__2_TotalNitrogenVolatilisedFromMMS(S33, _xlfn.XLOOKUP($O68, $D$45:$D$52, $E$45:$E$52))} -> 0
E69: ='Input - Poultry'!$D$48 -> Direct processing | F69: {=MMS_Poultry_AtmosphericDeposition_Equations.VEERG_4_6_1_5__2_TotalNitrogenVolatilisedFromMMS(F34, _xlfn.XLOOKUP($E69, $D$45:$D$52, $E$45:$E$52))} -> 0 | G69: {=MMS_Poultry_AtmosphericDeposition_Equations.VEERG_4_6_1_5__2_TotalNitrogenVolatilisedFromMMS(G34, _xlfn.XLOOKUP($E69, $D$45:$D$52, $E$45:$E$52))} -> 0 | H69: {=MMS_Poultry_AtmosphericDeposition_Equations.VEERG_4_6_1_5__2_TotalNitrogenVolatilisedFromMMS(H34, _xlfn.XLOOKUP($E69, $D$45:$D$52, $E$45:$E$52))} -> 0 | I69: {=MMS_Poultry_AtmosphericDeposition_Equations.VEERG_4_6_1_5__2_TotalNitrogenVolatilisedFromMMS(I34, _xlfn.XLOOKUP($E69, $D$45:$D$52, $E$45:$E$52))} -> 0 | O69: ='Input - Poultry'!$D$48 -> Direct processing | P69: {=MMS_Poultry_AtmosphericDeposition_Equations.VEERG_4_6_1_5__2_TotalNitrogenVolatilisedFromMMS(P34, _xlfn.XLOOKUP($O69, $D$45:$D$52, $E$45:$E$52))} -> 0 | Q69: {=MMS_Poultry_AtmosphericDeposition_Equations.VEERG_4_6_1_5__2_TotalNitrogenVolatilisedFromMMS(Q34, _xlfn.XLOOKUP($O69, $D$45:$D$52, $E$45:$E$52))} -> 0 | R69: {=MMS_Poultry_AtmosphericDeposition_Equations.VEERG_4_6_1_5__2_TotalNitrogenVolatilisedFromMMS(R34, _xlfn.XLOOKUP($O69, $D$45:$D$52, $E$45:$E$52))} -> 0 | S69: {=MMS_Poultry_AtmosphericDeposition_Equations.VEERG_4_6_1_5__2_TotalNitrogenVolatilisedFromMMS(S34, _xlfn.XLOOKUP($O69, $D$45:$D$52, $E$45:$E$52))} -> 0
E70: ='Input - Poultry'!$D$49 -> Direct application | F70: N/A | G70: N/A | H70: N/A | I70: N/A | O70: ='Input - Poultry'!$D$49 -> Direct application | P70: N/A | Q70: N/A | R70: N/A | S70: N/A
D71: ='Input - Poultry'!$D$32 -> Manure stored in house | E71: ='Input - Poultry'!$D$52 -> Solid storage | F71: {=MMS_Poultry_AtmosphericDeposition_Equations.VEERG_4_6_1_5__2_TotalNitrogenVolatilisedFromMMS(F36, _xlfn.XLOOKUP($E71, $D$45:$D$52, $E$45:$E$52))} -> 0.12215 | G71: {=MMS_Poultry_AtmosphericDeposition_Equations.VEERG_4_6_1_5__2_TotalNitrogenVolatilisedFromMMS(G36, _xlfn.XLOOKUP($E71, $D$45:$D$52, $E$45:$E$52))} -> 0.13038112 | H71: {=MMS_Poultry_AtmosphericDeposition_Equations.VEERG_4_6_1_5__2_TotalNitrogenVolatilisedFromMMS(H36, _xlfn.XLOOKUP($E71, $D$45:$D$52, $E$45:$E$52))} -> 0.15304805 | I71: {=MMS_Poultry_AtmosphericDeposition_Equations.VEERG_4_6_1_5__2_TotalNitrogenVolatilisedFromMMS(I36, _xlfn.XLOOKUP($E71, $D$45:$D$52, $E$45:$E$52))} -> 0.13038112 | N71: ='Input - Poultry'!$D$32 -> Manure stored in house | O71: ='Input - Poultry'!$D$52 -> Solid storage | P71: {=MMS_Poultry_AtmosphericDeposition_Equations.VEERG_4_6_1_5__2_TotalNitrogenVolatilisedFromMMS(P36, _xlfn.XLOOKUP($O71, $D$45:$D$52, $E$45:$E$52))} -> 0.12215 | Q71: {=MMS_Poultry_AtmosphericDeposition_Equations.VEERG_4_6_1_5__2_TotalNitrogenVolatilisedFromMMS(Q36, _xlfn.XLOOKUP($O71, $D$45:$D$52, $E$45:$E$52))} -> 0.13038112 | R71: {=MMS_Poultry_AtmosphericDeposition_Equations.VEERG_4_6_1_5__2_TotalNitrogenVolatilisedFromMMS(R36, _xlfn.XLOOKUP($O71, $D$45:$D$52, $E$45:$E$52))} -> 0.15304805 | S71: {=MMS_Poultry_AtmosphericDeposition_Equations.VEERG_4_6_1_5__2_TotalNitrogenVolatilisedFromMMS(S36, _xlfn.XLOOKUP($O71, $D$45:$D$52, $E$45:$E$52))} -> 0.13038112
E72: ='Input - Poultry'!$D$53 -> Composting (passive windrow) | F72: {=MMS_Poultry_AtmosphericDeposition_Equations.VEERG_4_6_1_5__2_TotalNitrogenVolatilisedFromMMS(F37, _xlfn.XLOOKUP($E72, $D$45:$D$52, $E$45:$E$52))} -> 0.12215 | G72: {=MMS_Poultry_AtmosphericDeposition_Equations.VEERG_4_6_1_5__2_TotalNitrogenVolatilisedFromMMS(G37, _xlfn.XLOOKUP($E72, $D$45:$D$52, $E$45:$E$52))} -> 0.13038112 | H72: {=MMS_Poultry_AtmosphericDeposition_Equations.VEERG_4_6_1_5__2_TotalNitrogenVolatilisedFromMMS(H37, _xlfn.XLOOKUP($E72, $D$45:$D$52, $E$45:$E$52))} -> 0.15304805 | I72: {=MMS_Poultry_AtmosphericDeposition_Equations.VEERG_4_6_1_5__2_TotalNitrogenVolatilisedFromMMS(I37, _xlfn.XLOOKUP($E72, $D$45:$D$52, $E$45:$E$52))} -> 0.13038112 | O72: ='Input - Poultry'!$D$53 -> Composting (passive windrow) | P72: {=MMS_Poultry_AtmosphericDeposition_Equations.VEERG_4_6_1_5__2_TotalNitrogenVolatilisedFromMMS(P37, _xlfn.XLOOKUP($O72, $D$45:$D$52, $E$45:$E$52))} -> 0.12215 | Q72: {=MMS_Poultry_AtmosphericDeposition_Equations.VEERG_4_6_1_5__2_TotalNitrogenVolatilisedFromMMS(Q37, _xlfn.XLOOKUP($O72, $D$45:$D$52, $E$45:$E$52))} -> 0.13038112 | R72: {=MMS_Poultry_AtmosphericDeposition_Equations.VEERG_4_6_1_5__2_TotalNitrogenVolatilisedFromMMS(R37, _xlfn.XLOOKUP($O72, $D$45:$D$52, $E$45:$E$52))} -> 0.15304805 | S72: {=MMS_Poultry_AtmosphericDeposition_Equations.VEERG_4_6_1_5__2_TotalNitrogenVolatilisedFromMMS(S37, _xlfn.XLOOKUP($O72, $D$45:$D$52, $E$45:$E$52))} -> 0.13038112
E73: ='Input - Poultry'!$D$54 -> Digester / covered lagoons | F73: {=MMS_Poultry_AtmosphericDeposition_Equations.VEERG_4_6_1_5__2_TotalNitrogenVolatilisedFromMMS(F38, _xlfn.XLOOKUP($E73, $D$45:$D$52, $E$45:$E$52))} -> 0 | G73: {=MMS_Poultry_AtmosphericDeposition_Equations.VEERG_4_6_1_5__2_TotalNitrogenVolatilisedFromMMS(G38, _xlfn.XLOOKUP($E73, $D$45:$D$52, $E$45:$E$52))} -> 0 | H73: {=MMS_Poultry_AtmosphericDeposition_Equations.VEERG_4_6_1_5__2_TotalNitrogenVolatilisedFromMMS(H38, _xlfn.XLOOKUP($E73, $D$45:$D$52, $E$45:$E$52))} -> 0 | I73: {=MMS_Poultry_AtmosphericDeposition_Equations.VEERG_4_6_1_5__2_TotalNitrogenVolatilisedFromMMS(I38, _xlfn.XLOOKUP($E73, $D$45:$D$52, $E$45:$E$52))} -> 0 | O73: ='Input - Poultry'!$D$54 -> Digester / covered lagoons | P73: {=MMS_Poultry_AtmosphericDeposition_Equations.VEERG_4_6_1_5__2_TotalNitrogenVolatilisedFromMMS(P38, _xlfn.XLOOKUP($O73, $D$45:$D$52, $E$45:$E$52))} -> 0 | Q73: {=MMS_Poultry_AtmosphericDeposition_Equations.VEERG_4_6_1_5__2_TotalNitrogenVolatilisedFromMMS(Q38, _xlfn.XLOOKUP($O73, $D$45:$D$52, $E$45:$E$52))} -> 0 | R73: {=MMS_Poultry_AtmosphericDeposition_Equations.VEERG_4_6_1_5__2_TotalNitrogenVolatilisedFromMMS(R38, _xlfn.XLOOKUP($O73, $D$45:$D$52, $E$45:$E$52))} -> 0 | S73: {=MMS_Poultry_AtmosphericDeposition_Equations.VEERG_4_6_1_5__2_TotalNitrogenVolatilisedFromMMS(S38, _xlfn.XLOOKUP($O73, $D$45:$D$52, $E$45:$E$52))} -> 0
E74: ='Input - Poultry'!$D$55 -> Direct processing | F74: {=MMS_Poultry_AtmosphericDeposition_Equations.VEERG_4_6_1_5__2_TotalNitrogenVolatilisedFromMMS(F39, _xlfn.XLOOKUP($E74, $D$45:$D$52, $E$45:$E$52))} -> 0 | G74: {=MMS_Poultry_AtmosphericDeposition_Equations.VEERG_4_6_1_5__2_TotalNitrogenVolatilisedFromMMS(G39, _xlfn.XLOOKUP($E74, $D$45:$D$52, $E$45:$E$52))} -> 0 | H74: {=MMS_Poultry_AtmosphericDeposition_Equations.VEERG_4_6_1_5__2_TotalNitrogenVolatilisedFromMMS(H39, _xlfn.XLOOKUP($E74, $D$45:$D$52, $E$45:$E$52))} -> 0 | I74: {=MMS_Poultry_AtmosphericDeposition_Equations.VEERG_4_6_1_5__2_TotalNitrogenVolatilisedFromMMS(I39, _xlfn.XLOOKUP($E74, $D$45:$D$52, $E$45:$E$52))} -> 0 | O74: ='Input - Poultry'!$D$55 -> Direct processing | P74: {=MMS_Poultry_AtmosphericDeposition_Equations.VEERG_4_6_1_5__2_TotalNitrogenVolatilisedFromMMS(P39, _xlfn.XLOOKUP($O74, $D$45:$D$52, $E$45:$E$52))} -> 0 | Q74: {=MMS_Poultry_AtmosphericDeposition_Equations.VEERG_4_6_1_5__2_TotalNitrogenVolatilisedFromMMS(Q39, _xlfn.XLOOKUP($O74, $D$45:$D$52, $E$45:$E$52))} -> 0 | R74: {=MMS_Poultry_AtmosphericDeposition_Equations.VEERG_4_6_1_5__2_TotalNitrogenVolatilisedFromMMS(R39, _xlfn.XLOOKUP($O74, $D$45:$D$52, $E$45:$E$52))} -> 0 | S74: {=MMS_Poultry_AtmosphericDeposition_Equations.VEERG_4_6_1_5__2_TotalNitrogenVolatilisedFromMMS(S39, _xlfn.XLOOKUP($O74, $D$45:$D$52, $E$45:$E$52))} -> 0
E75: ='Input - Poultry'!$D$56 -> Direct application | F75: N/A | G75: N/A | H75: N/A | I75: N/A | O75: ='Input - Poultry'!$D$56 -> Direct application | P75: N/A | Q75: N/A | R75: N/A | S75: N/A
D77: MMSATMOS | E77: =SUM(F57:I75) -> 20.797764 | F77: =$E$11 -> kg N | N77: MMSATMOS | O77: =SUM(P57:S75) -> 20.797764 | P77: =$E$11 -> kg N
A79: =HYPERLINK("#A1", "▲ Back to top") -> ▲ Back to top
D81: {=MMS_Poultry_AtmosphericDeposition_Equations.VEERG_4_6_1_5__1_TotalAnnualAtmosphericDepositionEmissionsFromMMS_Title()} -> Total annual atmospheric deposition emissions from manure management
D82: {=MMS_Poultry_AtmosphericDeposition_Equations.VEERG_4_6_1_5__1_TotalAnnualAtmosphericDepositionEmissionsFromMMS_Source()} -> VEERG 2026: 4.6.1.5, Equation (1)
D83: Function name | E83: {=Common_InputFunctions.Utility_DisplayFunctionName(E96)} -> =MMS_Poultry_AtmosphericDeposition_Equations.VEERG_4_6_1_5__1_TotalAnnualAtmosphericDepositionEmissionsFromMMS
D86: Variable | E86: {=MMS_Poultry_AtmosphericDeposition_Equations.VEERG_4_6_1_5__1_TotalAnnualAtmosphericDepositionEmissionsFromMMS_Variable()} -> E_N2Oad
D87: Unit | E87: {=MMS_Poultry_AtmosphericDeposition_Equations.VEERG_4_6_1_5__1_TotalAnnualAtmosphericDepositionEmissionsFromMMS_Unit()} -> t N2O
D89: {=_xlfn.CHOOSECOLS(MMS_Poultry_AtmosphericDeposition_Equations.VEERG_4_6_1_5__1_TotalAnnualAtmosphericDepositionEmissionsFromMMS_Arguments(),1,2)} -> MMS_ATMOS | E89: mass of N volatilised from MMS | G89: {=_xlfn.CHOOSECOLS(MMS_Poultry_AtmosphericDeposition_Equations.VEERG_4_6_1_5__1_TotalAnnualAtmosphericDepositionEmissionsFromMMS_Arguments(),3,4)} -> kg N | H89: Calculated from 4.6.1.5 (2) | I89: =$E$77 -> 20.797764 | N89: {=_xlfn.CHOOSECOLS(MMS_Poultry_AtmosphericDeposition_Equations.VEERG_4_6_1_5__1_TotalAnnualAtmosphericDepositionEmissionsFromMMS_Arguments(),1,2)} -> MMS_ATMOS | O89: mass of N volatilised from MMS | Q89: {=_xlfn.CHOOSECOLS(MMS_Poultry_AtmosphericDeposition_Equations.VEERG_4_6_1_5__1_TotalAnnualAtmosphericDepositionEmissionsFromMMS_Arguments(),3,4)} -> kg N | R89: Calculated from 4.6.1.5 (2) | S89: =O77 -> 20.797764
D90: EF_N2O | E90: nitrous oxide emission factor for atmospheric deposition | G90: kg N2O-N/kg N | H90: Constant | I90: =Common_InputFunctions.Utility_LookupN2OEFFromProdIrrigationRainfall(I92,I93,I94,Table_SourceData_Common_EFN2O[Production system only],Table_SourceData_Common_EFN2O[Irrigation method],Table_SourceData_Common_EFN2O[Rainfall zone],Table_SourceData_Common_EFN2O[EFN2O]) -> 0.007 | N90: EF_N2O | O90: nitrous oxide emission factor for atmospheric deposition | Q90: kg N2O-N/kg N | R90: Constant
D91: C_N2O | E91: factor to convert elemental mass of nitrous oxide to molecular mass | G91: ratio | H91: Constant | I91: =Common_InputFunctions.Utility_LookupValueInTableNumber("N2O",Table_GasToMolecularConversionFactor[Gas],Table_GasToMolecularConversionFactor[Conversion factor combined]) -> 1.5714286 | N91: C_N2O | O91: factor to convert elemental mass of nitrous oxide to molecular mass | Q91: ratio | R91: Constant
D92: j | E92: production system | H92: Input | I92: ='Input - Poultry'!$E$59 -> Crop | N92: j | O92: production system | R92: Input
D93: ir | E93: irrigation method | H93: Input | I93: ='Input - Poultry'!$E$60 -> Sprinkler Irrigation | N93: ir | O93: irrigation method | R93: Input
D94: r | E94: rainfall region | H94: Input | I94: ='Input - Site'!$E$30 -> High rainfall | N94: r | O94: rainfall region | R94: Input
D96: EN2O,ad | E96: {=MMS_Poultry_AtmosphericDeposition_Equations.VEERG_4_6_1_5__1_TotalAnnualAtmosphericDepositionEmissionsFromMMS(I89,$I$90,$I$91)} -> 0.00022877541 | F96: =$E$87 -> t N2O | N96: EN2O,ad | O96: {=MMS_Poultry_AtmosphericDeposition_Equations.VEERG_4_6_1_5__1_TotalAnnualAtmosphericDepositionEmissionsFromMMS(S89,$I$90,$I$91)} -> 0.00022877541 | P96: =$E$87 -> t N2O
D98: {=Common_Equations.Common_ConvertN2OToCO2e_Arguments()} -> EN2O | E98: Nitrous oxide emissions (t N2O) | G98: =E96 -> 0.00022877541 | N98: {=Common_Equations.Common_ConvertN2OToCO2e_Arguments()} -> EN2O | O98: Nitrous oxide emissions (t N2O) | Q98: =O96 -> 0.00022877541
D99: GWPN2O | E99: Global warming potential for nitrous oxide (t CO2-e / t N2O) | G99: 265 | N99: GWPN2O | O99: Global warming potential for nitrous oxide (t CO2-e / t N2O) | Q99: 265
A101: =HYPERLINK("#A1", "▲ Back to top") -> ▲ Back to top | D101: ECO2e | E101: {=Common_Equations.Common_ConvertN2OToCO2e(G98,G99)} -> 0.060625483 | F101: {=Common_Equations.Common_ConvertN2OToCO2e_Unit()} -> t CO2e | N101: ECO2e | O101: {=Common_Equations.Common_ConvertN2OToCO2e(Q98,Q99)} -> 0.060625483 | P101: {=Common_Equations.Common_ConvertN2OToCO2e_Unit()} -> t CO2e

Sheet 4.6.1.7-8 Leaching and runoff
A1: #VALUE! | C1: 4.6.1.7-8 Leaching and runoff
A3: =HYPERLINK("#'Home'!A1", "Home") -> Home | D3: Method 1 | N3: Method 2
A4: =HYPERLINK("#'Overview'!A1", "Overview") -> Overview
A5: =HYPERLINK("#'Results'!A1", "Results") -> Results | D5: {=MMS_Poultry_LeachingAndRunoff_Equations.VEERG_4_6_1_7__2_MassOfNitrogenLostToLeachingAndRunoffFromSolidStorage_Title()} -> Mass of nitrogen lost to leaching and runoff from solid storage systems
D6: {=MMS_Poultry_LeachingAndRunoff_Equations.VEERG_4_6_1_7__2_MassOfNitrogenLostToLeachingAndRunoffFromSolidStorage_Source()} -> VEERG 2026: 4.6.1.7, Equation (2)
A7: INPUTS | D7: Function name | E7: {=Common_InputFunctions.Utility_DisplayFunctionName(F34)} -> =MMS_Poultry_LeachingAndRunoff_Equations.VEERG_4_6_1_7__2_MassOfNitrogenLostToLeachingAndRunoffFromSolidStorage
A8: =HYPERLINK("#'Input - Site'!A1", "Site") -> Site
A9: =HYPERLINK("#'Input - Poultry'!A1", "Poultry") -> Poultry
D10: Variable | E10: {=MMS_Poultry_LeachingAndRunoff_Equations.VEERG_4_6_1_7__2_MassOfNitrogenLostToLeachingAndRunoffFromSolidStorage_Variable()} -> MNLeach_jkm4
A11: CALCULATIONS | D11: Unit | E11: {=MMS_Poultry_LeachingAndRunoff_Equations.VEERG_4_6_1_7__2_MassOfNitrogenLostToLeachingAndRunoffFromSolidStorage_Unit()} -> kg N
A12: =HYPERLINK("#'4.6.1.1-2 Methane'!A1", "4.6.1.1-2 Methane") -> 4.6.1.1-2 Methane
A13: =HYPERLINK("#'4.6.1.3-4 Direct N20'!A1", "4.6.1.3-4 Direct N2O") -> 4.6.1.3-4 Direct N2O | D13: {=_xlfn.CHOOSECOLS(MMS_Poultry_LeachingAndRunoff_Equations.VEERG_4_6_1_7__2_MassOfNitrogenLostToLeachingAndRunoffFromSolidStorage_Arguments(),1,2)} -> MN_jkm4T2 | E13: nitrogen in solid storage MMS treatment stage 2 | G13: {=_xlfn.CHOOSECOLS(MMS_Poultry_LeachingAndRunoff_Equations.VEERG_4_6_1_7__2_MassOfNitrogenLostToLeachingAndRunoffFromSolidStorage_Arguments(),3,4)} -> kg N | H13: Calculated from 4.6.1.3 (6) | I13: {=HYPERLINK(Common_InputFunctions.Utility_SourceHyperlink($D$24),$D$24)} -> M1_Table_MN_j_k_m-4
A14: =HYPERLINK("#'4.6.1.5-6 Atmos Dep'!A1", "4.6.1.5-6 Atmospheric deposition") -> 4.6.1.5-6 Atmospheric deposition | D14: FracWET | E14: fraction of N available for leaching and runoff | G14: fraction | H14: Input | I14: =Common_InputFunctions.CommonCropping_GetFracWET(I16,I18,#REF!,#REF!,Table_SourceData_FracWETIrrigation[Irrigation type i],Table_SourceData_FracWETIrrigation[FracWET]) -> 1
A15: =HYPERLINK("#'4.6.1.7-8 Leaching and runoff'!A1", "4.6.1.7-8 Leaching & runoff") -> 4.6.1.7-8 Leaching & runoff | D15: FracLEACH_MS | E15: fraction of N lost through leaching and runoff | G15: fraction | H15: Input | I15: ='Constants - Poultry'!$E$110 -> 0.02
A16: =HYPERLINK("#'4.6.1.9 Manure applied to soils'!A1", "4.6.1.9 Manure applied to soils") -> 4.6.1.9 Manure applied to soils | D16: z | E16: location in leaching zone | H16: Input | I16: ='Input - Site'!$E$23 -> NO - Not in leaching zone
A17: =HYPERLINK("#'4.6.1.10-11 Soil direct N2O'!A1", "4.6.1.10-11 Soil direct N2O") -> 4.6.1.10-11 Soil direct N2O | D17: j | E17: production system | H17: Input | I17: ='Input - Poultry'!$E$59 -> Crop
A18: =HYPERLINK("#'4.6.1.12-13 Soil atmos dep'!A1", "4.6.1.12-13 Soil Atm. deposition") -> 4.6.1.12-13 Soil Atm. deposition | D18: ir | E18: irrigation method | H18: Input | I18: ='Input - Poultry'!$E$60 -> Sprinkler Irrigation
A19: =HYPERLINK("#'4.6.1.14-15 Soil leach runoff'!A1", "4.6.1.14-15 Soil leach & runoff") -> 4.6.1.14-15 Soil leach & runoff
D20: MNleach is assumed to be 0 for all MMS except free range operations manure excreted on pasture in free range operations and manure and manure stockpiles.
A21: APPENDICES | D21: Leaching from emissions from the pasture component (m=14) is estimated in the manure applied to soils equations (Section 4.6.1.10 - 4.6.1.15).
A22: =HYPERLINK("#'Constants - Poultry'!A1", "Constants - Poultry") -> Constants - Poultry | D22: Therefore, emissions from leaching and run off are only estimated for solid storage stockpiles MMS (m=4)
A23: =HYPERLINK("#'Constants - Livestock'!A1", "Constants - Livestock") -> Constants - Livestock
A24: =HYPERLINK("#'Constants - Common'!A1", "Constants - Common") -> Constants - Common | D24: M1_Table_MN_j_k_m-4 | N24: M1_Table_MN_j_k_m-4
D25: Nitrogen in solid storage MMS (Method 1) | N25: Nitrogen in solid storage MMS (Method 1)
D26: Stage 1 MMS | E26: Stage 2 MMS | F26: Layers | G26: Meat chicken growers | H26: Meat chicken breeders | I26: Other | N26: Stage 1 MMS | O26: Stage 2 MMS | P26: Layers | Q26: Meat chicken growers | R26: Meat chicken breeders | S26: Other
D27: ='Input - Poultry'!$D$30 -> Poultry manure with bedding | E27: ='Input - Poultry'!$D$38 -> Solid storage | F27: ='4.6.1.3-4 Direct N20'!F189 -> 0.71271158 | G27: ='4.6.1.3-4 Direct N20'!G189 -> 0.76073792 | H27: ='4.6.1.3-4 Direct N20'!H189 -> 0.89299319 | I27: ='4.6.1.3-4 Direct N20'!I189 -> 0.76073792 | J27: =$G$13 -> kg N | N27: ='Input - Poultry'!$D$30 -> Poultry manure with bedding | O27: ='Input - Poultry'!$D$38 -> Solid storage | P27: ='4.6.1.3-4 Direct N20'!P189 -> 0.71271158 | Q27: ='4.6.1.3-4 Direct N20'!Q189 -> 0.76073792 | R27: ='4.6.1.3-4 Direct N20'!R189 -> 0.89299319 | S27: ='4.6.1.3-4 Direct N20'!S189 -> 0.76073792 | T27: =$G$13 -> kg N
D28: ='Input - Poultry'!$D$31 -> Belt manure removal | E28: ='Input - Poultry'!$D$45 -> Solid storage | F28: ='4.6.1.3-4 Direct N20'!F194 -> 0.96761558 | G28: ='4.6.1.3-4 Direct N20'!G194 -> 1.0328187 | H28: ='4.6.1.3-4 Direct N20'!H194 -> 1.2123756 | I28: ='4.6.1.3-4 Direct N20'!I194 -> 1.0328187 | N28: ='Input - Poultry'!$D$31 -> Belt manure removal | O28: ='Input - Poultry'!$D$45 -> Solid storage | P28: ='4.6.1.3-4 Direct N20'!P194 -> 0.96761558 | Q28: ='4.6.1.3-4 Direct N20'!Q194 -> 1.0328187 | R28: ='4.6.1.3-4 Direct N20'!R194 -> 1.2123756 | S28: ='4.6.1.3-4 Direct N20'!S194 -> 1.0328187
D29: ='Input - Poultry'!$D$32 -> Manure stored in house | E29: ='Input - Poultry'!$D$52 -> Solid storage | F29: ='4.6.1.3-4 Direct N20'!F199 -> 0.61074998 | G29: ='4.6.1.3-4 Direct N20'!G199 -> 0.6519056 | H29: ='4.6.1.3-4 Direct N20'!H199 -> 0.76524023 | I29: ='4.6.1.3-4 Direct N20'!I199 -> 0.6519056 | N29: ='Input - Poultry'!$D$32 -> Manure stored in house | O29: ='Input - Poultry'!$D$52 -> Solid storage | P29: ='4.6.1.3-4 Direct N20'!P199 -> 0.61074998 | Q29: ='4.6.1.3-4 Direct N20'!Q199 -> 0.6519056 | R29: ='4.6.1.3-4 Direct N20'!R199 -> 0.76524023 | S29: ='4.6.1.3-4 Direct N20'!S199 -> 0.6519056
D31: M1_Table_MN_Leach_j_k_m-4 | N31: M2_Table_MN_j_k_m-4
D32: Mass of N lost to leaching and runoff (Method 1) | N32: Mass of N lost to leaching and runoff (Method 2)
D33: Stage 1 MMS | E33: Stage 2 MMS | F33: Layers | G33: Meat chicken growers | H33: Meat chicken breeders | I33: Other | N33: Stage 1 MMS | O33: Stage 2 MMS | P33: Layers | Q33: Meat chicken growers | R33: Meat chicken breeders | S33: Other
D34: ='Input - Poultry'!$D$30 -> Poultry manure with bedding | E34: ='Input - Poultry'!$D$38 -> Solid storage | F34: {=MMS_Poultry_LeachingAndRunoff_Equations.VEERG_4_6_1_7__2_MassOfNitrogenLostToLeachingAndRunoffFromSolidStorage(F27,$I$14,$I$15)} -> 0.014254232 | G34: {=MMS_Poultry_LeachingAndRunoff_Equations.VEERG_4_6_1_7__2_MassOfNitrogenLostToLeachingAndRunoffFromSolidStorage(G27,$I$14,$I$15)} -> 0.015214758 | H34: {=MMS_Poultry_LeachingAndRunoff_Equations.VEERG_4_6_1_7__2_MassOfNitrogenLostToLeachingAndRunoffFromSolidStorage(H27,$I$14,$I$15)} -> 0.017859864 | I34: {=MMS_Poultry_LeachingAndRunoff_Equations.VEERG_4_6_1_7__2_MassOfNitrogenLostToLeachingAndRunoffFromSolidStorage(I27,$I$14,$I$15)} -> 0.015214758 | J34: =$E$11 -> kg N | N34: ='Input - Poultry'!$D$30 -> Poultry manure with bedding | O34: ='Input - Poultry'!$D$38 -> Solid storage | P34: {=MMS_Poultry_LeachingAndRunoff_Equations.VEERG_4_6_1_7__2_MassOfNitrogenLostToLeachingAndRunoffFromSolidStorage(P27,$I$14,$I$15)} -> 0.014254232 | Q34: {=MMS_Poultry_LeachingAndRunoff_Equations.VEERG_4_6_1_7__2_MassOfNitrogenLostToLeachingAndRunoffFromSolidStorage(Q27,$I$14,$I$15)} -> 0.015214758 | R34: {=MMS_Poultry_LeachingAndRunoff_Equations.VEERG_4_6_1_7__2_MassOfNitrogenLostToLeachingAndRunoffFromSolidStorage(R27,$I$14,$I$15)} -> 0.017859864 | S34: {=MMS_Poultry_LeachingAndRunoff_Equations.VEERG_4_6_1_7__2_MassOfNitrogenLostToLeachingAndRunoffFromSolidStorage(S27,$I$14,$I$15)} -> 0.015214758 | T34: =$E$11 -> kg N
D35: ='Input - Poultry'!$D$31 -> Belt manure removal | E35: ='Input - Poultry'!$D$45 -> Solid storage | F35: {=MMS_Poultry_LeachingAndRunoff_Equations.VEERG_4_6_1_7__2_MassOfNitrogenLostToLeachingAndRunoffFromSolidStorage(F28,$I$14,$I$15)} -> 0.019352312 | G35: {=MMS_Poultry_LeachingAndRunoff_Equations.VEERG_4_6_1_7__2_MassOfNitrogenLostToLeachingAndRunoffFromSolidStorage(G28,$I$14,$I$15)} -> 0.020656374 | H35: {=MMS_Poultry_LeachingAndRunoff_Equations.VEERG_4_6_1_7__2_MassOfNitrogenLostToLeachingAndRunoffFromSolidStorage(H28,$I$14,$I$15)} -> 0.024247512 | I35: {=MMS_Poultry_LeachingAndRunoff_Equations.VEERG_4_6_1_7__2_MassOfNitrogenLostToLeachingAndRunoffFromSolidStorage(I28,$I$14,$I$15)} -> 0.020656374 | N35: ='Input - Poultry'!$D$31 -> Belt manure removal | O35: ='Input - Poultry'!$D$45 -> Solid storage | P35: {=MMS_Poultry_LeachingAndRunoff_Equations.VEERG_4_6_1_7__2_MassOfNitrogenLostToLeachingAndRunoffFromSolidStorage(P28,$I$14,$I$15)} -> 0.019352312 | Q35: {=MMS_Poultry_LeachingAndRunoff_Equations.VEERG_4_6_1_7__2_MassOfNitrogenLostToLeachingAndRunoffFromSolidStorage(Q28,$I$14,$I$15)} -> 0.020656374 | R35: {=MMS_Poultry_LeachingAndRunoff_Equations.VEERG_4_6_1_7__2_MassOfNitrogenLostToLeachingAndRunoffFromSolidStorage(R28,$I$14,$I$15)} -> 0.024247512 | S35: {=MMS_Poultry_LeachingAndRunoff_Equations.VEERG_4_6_1_7__2_MassOfNitrogenLostToLeachingAndRunoffFromSolidStorage(S28,$I$14,$I$15)} -> 0.020656374
D36: ='Input - Poultry'!$D$32 -> Manure stored in house | E36: ='Input - Poultry'!$D$52 -> Solid storage | F36: {=MMS_Poultry_LeachingAndRunoff_Equations.VEERG_4_6_1_7__2_MassOfNitrogenLostToLeachingAndRunoffFromSolidStorage(F29,$I$14,$I$15)} -> 0.012215 | G36: {=MMS_Poultry_LeachingAndRunoff_Equations.VEERG_4_6_1_7__2_MassOfNitrogenLostToLeachingAndRunoffFromSolidStorage(G29,$I$14,$I$15)} -> 0.013038112 | H36: {=MMS_Poultry_LeachingAndRunoff_Equations.VEERG_4_6_1_7__2_MassOfNitrogenLostToLeachingAndRunoffFromSolidStorage(H29,$I$14,$I$15)} -> 0.015304805 | I36: {=MMS_Poultry_LeachingAndRunoff_Equations.VEERG_4_6_1_7__2_MassOfNitrogenLostToLeachingAndRunoffFromSolidStorage(I29,$I$14,$I$15)} -> 0.013038112 | N36: ='Input - Poultry'!$D$32 -> Manure stored in house | O36: ='Input - Poultry'!$D$52 -> Solid storage | P36: {=MMS_Poultry_LeachingAndRunoff_Equations.VEERG_4_6_1_7__2_MassOfNitrogenLostToLeachingAndRunoffFromSolidStorage(P29,$I$14,$I$15)} -> 0.012215 | Q36: {=MMS_Poultry_LeachingAndRunoff_Equations.VEERG_4_6_1_7__2_MassOfNitrogenLostToLeachingAndRunoffFromSolidStorage(Q29,$I$14,$I$15)} -> 0.013038112 | R36: {=MMS_Poultry_LeachingAndRunoff_Equations.VEERG_4_6_1_7__2_MassOfNitrogenLostToLeachingAndRunoffFromSolidStorage(R29,$I$14,$I$15)} -> 0.015304805 | S36: {=MMS_Poultry_LeachingAndRunoff_Equations.VEERG_4_6_1_7__2_MassOfNitrogenLostToLeachingAndRunoffFromSolidStorage(S29,$I$14,$I$15)} -> 0.013038112
D40: {=MMS_Poultry_LeachingAndRunoff_Equations.VEERG_4_6_1_7__1_AnnualEmissionsFromLeachingAndRunoffFromMMS_Title()} -> Annual emissions from leaching and runoff from each MMS
D41: {=MMS_Poultry_LeachingAndRunoff_Equations.VEERG_4_6_1_7__1_AnnualEmissionsFromLeachingAndRunoffFromMMS_Source()} -> VEERG 2026: 4.6.1.7, Equation (1)
D42: Function name | E42: {=Common_InputFunctions.Utility_DisplayFunctionName(F55)} -> =MMS_Poultry_LeachingAndRunoff_Equations.VEERG_4_6_1_7__1_AnnualEmissionsFromLeachingAndRunoffFromMMS
D45: Variable | E45: {=MMS_Poultry_LeachingAndRunoff_Equations.VEERG_4_6_1_7__1_AnnualEmissionsFromLeachingAndRunoffFromMMS_Variable()} -> E_N2Oleach
D46: Unit | E46: {=MMS_Poultry_LeachingAndRunoff_Equations.VEERG_4_6_1_7__1_AnnualEmissionsFromLeachingAndRunoffFromMMS_Unit()} -> t N2O
D48: {=_xlfn.CHOOSECOLS(MMS_Poultry_LeachingAndRunoff_Equations.VEERG_4_6_1_7__1_AnnualEmissionsFromLeachingAndRunoffFromMMS_Arguments(),1,2)} -> MNLeach_jkm4 | E48: mass of N lost through leaching and runoff from each MMS | G48: {=_xlfn.CHOOSECOLS(MMS_Poultry_LeachingAndRunoff_Equations.VEERG_4_6_1_7__1_AnnualEmissionsFromLeachingAndRunoffFromMMS_Arguments(),3,4)} -> kg N | H48: Calculated from 4.6.1.7 (2) | I48: {=HYPERLINK(Common_InputFunctions.Utility_SourceHyperlink($D$31),$D$31)} -> M1_Table_MN_Leach_j_k_m-4
D49: EF_leach | E49: emission factor for leaching and runoff | G49: kg N2O-N/kg N | H49: Constant | I49: ='Constants - Common'!$E$170 -> 0.011
D50: C_N2O | E50: factor to convert elemental mass of N2O to molecular mass | G50: ratio | H50: Constant | I50: =Common_InputFunctions.Utility_LookupValueInTableNumber("N2O",Table_GasToMolecularConversionFactor[Gas],Table_GasToMolecularConversionFactor[Conversion factor combined]) -> 1.5714286
D52: M1_Table_E_N2O_leach | N52: M2_Table_E_N2O_leach
D53: Annual emissions from leaching and runoff (Method 1) | N53: Annual emissions from leaching and runoff (Method 2)
D54: Stage 1 MMS | E54: Stage 2 MMS | F54: Layers | G54: Meat chicken growers | H54: Meat chicken breeders | I54: Other | N54: Stage 1 MMS | O54: Stage 2 MMS | P54: Layers | Q54: Meat chicken growers | R54: Meat chicken breeders | S54: Other
D55: ='Input - Poultry'!$D$30 -> Poultry manure with bedding | E55: ='Input - Poultry'!$D$38 -> Solid storage | F55: {=MMS_Poultry_LeachingAndRunoff_Equations.VEERG_4_6_1_7__1_AnnualEmissionsFromLeachingAndRunoffFromMMS(F34, $I$49, $I$50)} -> 2.4639458e-07 | G55: {=MMS_Poultry_LeachingAndRunoff_Equations.VEERG_4_6_1_7__1_AnnualEmissionsFromLeachingAndRunoffFromMMS(G34, $I$49, $I$50)} -> 2.6299797e-07 | H55: {=MMS_Poultry_LeachingAndRunoff_Equations.VEERG_4_6_1_7__1_AnnualEmissionsFromLeachingAndRunoffFromMMS(H34, $I$49, $I$50)} -> 3.087205e-07 | I55: {=MMS_Poultry_LeachingAndRunoff_Equations.VEERG_4_6_1_7__1_AnnualEmissionsFromLeachingAndRunoffFromMMS(I34, $I$49, $I$50)} -> 2.6299797e-07 | J55: =$E$46 -> t N2O | N55: ='Input - Poultry'!$D$30 -> Poultry manure with bedding | O55: ='Input - Poultry'!$D$38 -> Solid storage | P55: {=MMS_Poultry_LeachingAndRunoff_Equations.VEERG_4_6_1_7__1_AnnualEmissionsFromLeachingAndRunoffFromMMS(P34, $I$49, $I$50)} -> 2.4639458e-07 | Q55: {=MMS_Poultry_LeachingAndRunoff_Equations.VEERG_4_6_1_7__1_AnnualEmissionsFromLeachingAndRunoffFromMMS(Q34, $I$49, $I$50)} -> 2.6299797e-07 | R55: {=MMS_Poultry_LeachingAndRunoff_Equations.VEERG_4_6_1_7__1_AnnualEmissionsFromLeachingAndRunoffFromMMS(R34, $I$49, $I$50)} -> 3.087205e-07 | S55: {=MMS_Poultry_LeachingAndRunoff_Equations.VEERG_4_6_1_7__1_AnnualEmissionsFromLeachingAndRunoffFromMMS(S34, $I$49, $I$50)} -> 2.6299797e-07 | T55: =$E$46 -> t N2O
D56: ='Input - Poultry'!$D$31 -> Belt manure removal | E56: ='Input - Poultry'!$D$45 -> Solid storage | F56: {=MMS_Poultry_LeachingAndRunoff_Equations.VEERG_4_6_1_7__1_AnnualEmissionsFromLeachingAndRunoffFromMMS(F35, $I$49, $I$50)} -> 3.3451853e-07 | G56: {=MMS_Poultry_LeachingAndRunoff_Equations.VEERG_4_6_1_7__1_AnnualEmissionsFromLeachingAndRunoffFromMMS(G35, $I$49, $I$50)} -> 3.5706018e-07 | H56: {=MMS_Poultry_LeachingAndRunoff_Equations.VEERG_4_6_1_7__1_AnnualEmissionsFromLeachingAndRunoffFromMMS(H35, $I$49, $I$50)} -> 4.1913556e-07 | I56: {=MMS_Poultry_LeachingAndRunoff_Equations.VEERG_4_6_1_7__1_AnnualEmissionsFromLeachingAndRunoffFromMMS(I35, $I$49, $I$50)} -> 3.5706018e-07 | N56: ='Input - Poultry'!$D$31 -> Belt manure removal | O56: ='Input - Poultry'!$D$45 -> Solid storage | P56: {=MMS_Poultry_LeachingAndRunoff_Equations.VEERG_4_6_1_7__1_AnnualEmissionsFromLeachingAndRunoffFromMMS(P35, $I$49, $I$50)} -> 3.3451853e-07 | Q56: {=MMS_Poultry_LeachingAndRunoff_Equations.VEERG_4_6_1_7__1_AnnualEmissionsFromLeachingAndRunoffFromMMS(Q35, $I$49, $I$50)} -> 3.5706018e-07 | R56: {=MMS_Poultry_LeachingAndRunoff_Equations.VEERG_4_6_1_7__1_AnnualEmissionsFromLeachingAndRunoffFromMMS(R35, $I$49, $I$50)} -> 4.1913556e-07 | S56: {=MMS_Poultry_LeachingAndRunoff_Equations.VEERG_4_6_1_7__1_AnnualEmissionsFromLeachingAndRunoffFromMMS(S35, $I$49, $I$50)} -> 3.5706018e-07
D57: ='Input - Poultry'!$D$32 -> Manure stored in house | E57: ='Input - Poultry'!$D$52 -> Solid storage | F57: {=MMS_Poultry_LeachingAndRunoff_Equations.VEERG_4_6_1_7__1_AnnualEmissionsFromLeachingAndRunoffFromMMS(F36, $I$49, $I$50)} -> 2.1114499e-07 | G57: {=MMS_Poultry_LeachingAndRunoff_Equations.VEERG_4_6_1_7__1_AnnualEmissionsFromLeachingAndRunoffFromMMS(G36, $I$49, $I$50)} -> 2.2537308e-07 | H57: {=MMS_Poultry_LeachingAndRunoff_Equations.VEERG_4_6_1_7__1_AnnualEmissionsFromLeachingAndRunoffFromMMS(H36, $I$49, $I$50)} -> 2.6455448e-07 | I57: {=MMS_Poultry_LeachingAndRunoff_Equations.VEERG_4_6_1_7__1_AnnualEmissionsFromLeachingAndRunoffFromMMS(I36, $I$49, $I$50)} -> 2.2537308e-07 | N57: ='Input - Poultry'!$D$32 -> Manure stored in house | O57: ='Input - Poultry'!$D$52 -> Solid storage | P57: {=MMS_Poultry_LeachingAndRunoff_Equations.VEERG_4_6_1_7__1_AnnualEmissionsFromLeachingAndRunoffFromMMS(P36, $I$49, $I$50)} -> 2.1114499e-07 | Q57: {=MMS_Poultry_LeachingAndRunoff_Equations.VEERG_4_6_1_7__1_AnnualEmissionsFromLeachingAndRunoffFromMMS(Q36, $I$49, $I$50)} -> 2.2537308e-07 | R57: {=MMS_Poultry_LeachingAndRunoff_Equations.VEERG_4_6_1_7__1_AnnualEmissionsFromLeachingAndRunoffFromMMS(R36, $I$49, $I$50)} -> 2.6455448e-07 | S57: {=MMS_Poultry_LeachingAndRunoff_Equations.VEERG_4_6_1_7__1_AnnualEmissionsFromLeachingAndRunoffFromMMS(S36, $I$49, $I$50)} -> 2.2537308e-07
D59: EN2O,ad | E59: =SUM(F55:I57) -> 3.4753311e-06 | F59: =$E$46 -> t N2O | N59: EN2O,ad | O59: =SUM(P55:S57) -> 3.4753311e-06 | P59: =$E$46 -> t N2O
D61: {=Common_Equations.Common_ConvertN2OToCO2e_Arguments()} -> EN2O | E61: Nitrous oxide emissions (t N2O) | G61: =E59 -> 3.4753311e-06 | N61: {=Common_Equations.Common_ConvertN2OToCO2e_Arguments()} -> EN2O | O61: Nitrous oxide emissions (t N2O) | Q61: =O59 -> 3.4753311e-06
D62: GWPN2O | E62: Global warming potential for nitrous oxide (t CO2-e / t N2O) | G62: 265 | N62: GWPN2O | O62: Global warming potential for nitrous oxide (t CO2-e / t N2O) | Q62: 265
D64: ECO2e | E64: {=Common_Equations.Common_ConvertN2OToCO2e(G61,G62)} -> 0.00092096274 | F64: {=Common_Equations.Common_ConvertN2OToCO2e_Unit()} -> t CO2e | N64: ECO2e | O64: {=Common_Equations.Common_ConvertN2OToCO2e(Q61,Q62)} -> 0.00092096274 | P64: {=Common_Equations.Common_ConvertN2OToCO2e_Unit()} -> t CO2e

Sheet 4.6.1.9 Manure applied to soils
A1: #VALUE! | C1: 4.6.1.9 Manure applied to soils
A3: =HYPERLINK("#'Home'!A1", "Home") -> Home | D3: Method 1 | N3: Method 2
A4: =HYPERLINK("#'Overview'!A1", "Overview") -> Overview
A5: =HYPERLINK("#'Results'!A1", "Results") -> Results | D5: {=MMS_Poultry_ManureAppliedToSoils_Equations.VEERG_4_6_1_9__1_MassOfNitrogenAppliedToSoilsScope1_Title()} -> Mass of nitrogen applied to soils for scope 1 emissions
D6: {=MMS_Poultry_ManureAppliedToSoils_Equations.VEERG_4_6_1_9__1_MassOfNitrogenAppliedToSoilsScope1_Source()} -> VEERG 2026: 4.6.1.9, Equation (1)
A7: INPUTS | D7: Function name | E7: {=Common_InputFunctions.Utility_DisplayFunctionName(F105)} -> =MMS_Poultry_ManureAppliedToSoils_Equations.VEERG_4_6_1_9__1_MassOfNitrogenAppliedToSoilsScope1
A8: =HYPERLINK("#'Input - Site'!A1", "Site") -> Site
A9: =HYPERLINK("#'Input - Poultry'!A1", "Poultry") -> Poultry
D10: Variable | E10: {=MMS_Poultry_ManureAppliedToSoils_Equations.VEERG_4_6_1_9__1_MassOfNitrogenAppliedToSoilsScope1_Variable()} -> MNSoil_scope1
A11: CALCULATIONS | D11: Unit | E11: {=MMS_Poultry_ManureAppliedToSoils_Equations.VEERG_4_6_1_9__1_MassOfNitrogenAppliedToSoilsScope1_Unit()} -> kg N
A12: =HYPERLINK("#'4.6.1.1-2 Methane'!A1", "4.6.1.1-2 Methane") -> 4.6.1.1-2 Methane
A13: =HYPERLINK("#'4.6.1.3-4 Direct N20'!A1", "4.6.1.3-4 Direct N2O") -> 4.6.1.3-4 Direct N2O | D13: {=_xlfn.CHOOSECOLS(MMS_Poultry_ManureAppliedToSoils_Equations.VEERG_4_6_1_9__1_MassOfNitrogenAppliedToSoilsScope1_Arguments(),1,2)} -> MN_jmT2 | E13: mass of N in secondary treatment stage as calculated for manure management | G13: {=_xlfn.CHOOSECOLS(MMS_Poultry_ManureAppliedToSoils_Equations.VEERG_4_6_1_9__1_MassOfNitrogenAppliedToSoilsScope1_Arguments(),3,4)} -> kg N | H13: Calculated from 4.6.1.3 (6) | I13: {=HYPERLINK(Common_InputFunctions.Utility_SourceHyperlink($D$19),$D$19)} -> M1_Table_MN_j_k_m_T-2
A14: =HYPERLINK("#'4.6.1.5-6 Atmos Dep'!A1", "4.6.1.5-6 Atmospheric deposition") -> 4.6.1.5-6 Atmospheric deposition | D14: EF_mT2 | E14: nitrous oxide emission factor for each MMS | G14: kg N2O-N/kg N | H14: Constant | I14: {=HYPERLINK(Common_InputFunctions.Utility_SourceHyperlink($D$38),$D$38)} -> Table_EF_m
A15: =HYPERLINK("#'4.6.1.7-8 Leaching and runoff'!A1", "4.6.1.7-8 Leaching & runoff") -> 4.6.1.7-8 Leaching & runoff | D15: FracGASM_mT2 | E15: fraction of animal waste N volatilised in each MMS | G15: (kg NH3-N + NOx-N)/kg N | H15: Constant | I15: {=HYPERLINK(Common_InputFunctions.Utility_SourceHyperlink($D$51),$D$51)} -> Table_FracGASM_m_T
A16: =HYPERLINK("#'4.6.1.9 Manure applied to soils'!A1", "4.6.1.9 Manure applied to soils") -> 4.6.1.9 Manure applied to soils | D16: MNLeach_MMS | E16: mass of N lost through leaching and runoff from MMS | G16: kg N | H16: Calculated from 4.6.1.7 (2) | I16: {=HYPERLINK(Common_InputFunctions.Utility_SourceHyperlink($D$64),$D$64)} -> M1_Table_MNLeach_MMS
A17: =HYPERLINK("#'4.6.1.10-11 Soil direct N2O'!A1", "4.6.1.10-11 Soil direct N2O") -> 4.6.1.10-11 Soil direct N2O | D17: PF | E17: fraction of manure applied to soil within the farm boundary | G17: fraction | H17: Input | I17: {=HYPERLINK(Common_InputFunctions.Utility_SourceHyperlink($D$83),$D$83)} -> Table_PF
A18: =HYPERLINK("#'4.6.1.12-13 Soil atmos dep'!A1", "4.6.1.12-13 Soil Atm. deposition") -> 4.6.1.12-13 Soil Atm. deposition
A19: =HYPERLINK("#'4.6.1.14-15 Soil leach runoff'!A1", "4.6.1.14-15 Soil leach & runoff") -> 4.6.1.14-15 Soil leach & runoff | D19: M1_Table_MN_j_k_m_T-2 | N19: M2_Table_MN_j_k_m_T-2
D20: Nitrogen in stage 2 MMS (Method 1) | N20: Nitrogen in stage 2 MMS (Method 2)
A21: APPENDICES | D21: Stage 1 MMS | E21: Stage 2 MMS | F21: Layers | G21: Meat chicken growers | H21: Meat chicken breeders | I21: Other | N21: Stage 1 MMS | O21: Stage 2 MMS | P21: Layers | Q21: Meat chicken growers | R21: Meat chicken breeders | S21: Other
A22: =HYPERLINK("#'Constants - Poultry'!A1", "Constants - Poultry") -> Constants - Poultry | D22: ='Input - Poultry'!$D$30 -> Poultry manure with bedding | E22: ='Input - Poultry'!$D$38 -> Solid storage | F22: ='4.6.1.3-4 Direct N20'!F189 -> 0.71271158 | G22: ='4.6.1.3-4 Direct N20'!G189 -> 0.76073792 | H22: ='4.6.1.3-4 Direct N20'!H189 -> 0.89299319 | I22: ='4.6.1.3-4 Direct N20'!I189 -> 0.76073792 | J22: =$G$13 -> kg N | N22: ='Input - Poultry'!$D$30 -> Poultry manure with bedding | O22: ='Input - Poultry'!$D$38 -> Solid storage | P22: ='4.6.1.3-4 Direct N20'!P189 -> 0.71271158 | Q22: ='4.6.1.3-4 Direct N20'!Q189 -> 0.76073792 | R22: ='4.6.1.3-4 Direct N20'!R189 -> 0.89299319 | S22: ='4.6.1.3-4 Direct N20'!S189 -> 0.76073792 | T22: =$G$13 -> kg N
A23: =HYPERLINK("#'Constants - Livestock'!A1", "Constants - Livestock") -> Constants - Livestock | E23: ='Input - Poultry'!$D$39 -> Composting (passive windrow) | F23: ='4.6.1.3-4 Direct N20'!F190 -> 0.71271158 | G23: ='4.6.1.3-4 Direct N20'!G190 -> 0.76073792 | H23: ='4.6.1.3-4 Direct N20'!H190 -> 0.89299319 | I23: ='4.6.1.3-4 Direct N20'!I190 -> 0.76073792 | O23: ='Input - Poultry'!$D$39 -> Composting (passive windrow) | P23: ='4.6.1.3-4 Direct N20'!P190 -> 0.71271158 | Q23: ='4.6.1.3-4 Direct N20'!Q190 -> 0.76073792 | R23: ='4.6.1.3-4 Direct N20'!R190 -> 0.89299319 | S23: ='4.6.1.3-4 Direct N20'!S190 -> 0.76073792
A24: =HYPERLINK("#'Constants - Common'!A1", "Constants - Common") -> Constants - Common | E24: ='Input - Poultry'!$D$40 -> Digester / covered lagoons | F24: ='4.6.1.3-4 Direct N20'!F191 -> 0.71271158 | G24: ='4.6.1.3-4 Direct N20'!G191 -> 0.76073792 | H24: ='4.6.1.3-4 Direct N20'!H191 -> 0.89299319 | I24: ='4.6.1.3-4 Direct N20'!I191 -> 0.76073792 | O24: ='Input - Poultry'!$D$40 -> Digester / covered lagoons | P24: ='4.6.1.3-4 Direct N20'!P191 -> 0.71271158 | Q24: ='4.6.1.3-4 Direct N20'!Q191 -> 0.76073792 | R24: ='4.6.1.3-4 Direct N20'!R191 -> 0.89299319 | S24: ='4.6.1.3-4 Direct N20'!S191 -> 0.76073792
E25: ='Input - Poultry'!$D$41 -> Direct processing | F25: ='4.6.1.3-4 Direct N20'!F192 -> 0.71271158 | G25: ='4.6.1.3-4 Direct N20'!G192 -> 0.76073792 | H25: ='4.6.1.3-4 Direct N20'!H192 -> 0.89299319 | I25: ='4.6.1.3-4 Direct N20'!I192 -> 0.76073792 | O25: ='Input - Poultry'!$D$41 -> Direct processing | P25: ='4.6.1.3-4 Direct N20'!P192 -> 0.71271158 | Q25: ='4.6.1.3-4 Direct N20'!Q192 -> 0.76073792 | R25: ='4.6.1.3-4 Direct N20'!R192 -> 0.89299319 | S25: ='4.6.1.3-4 Direct N20'!S192 -> 0.76073792
E26: ='Input - Poultry'!$D$42 -> Direct application | F26: ='4.6.1.3-4 Direct N20'!F193 -> 0.71271158 | G26: ='4.6.1.3-4 Direct N20'!G193 -> 0.76073792 | H26: ='4.6.1.3-4 Direct N20'!H193 -> 0.89299319 | I26: ='4.6.1.3-4 Direct N20'!I193 -> 0.76073792 | O26: ='Input - Poultry'!$D$42 -> Direct application | P26: ='4.6.1.3-4 Direct N20'!P193 -> 0.71271158 | Q26: ='4.6.1.3-4 Direct N20'!Q193 -> 0.76073792 | R26: ='4.6.1.3-4 Direct N20'!R193 -> 0.89299319 | S26: ='4.6.1.3-4 Direct N20'!S193 -> 0.76073792
D27: ='Input - Poultry'!$D$31 -> Belt manure removal | E27: ='Input - Poultry'!$D$45 -> Solid storage | F27: ='4.6.1.3-4 Direct N20'!F194 -> 0.96761558 | G27: ='4.6.1.3-4 Direct N20'!G194 -> 1.0328187 | H27: ='4.6.1.3-4 Direct N20'!H194 -> 1.2123756 | I27: ='4.6.1.3-4 Direct N20'!I194 -> 1.0328187 | N27: ='Input - Poultry'!$D$31 -> Belt manure removal | O27: ='Input - Poultry'!$D$45 -> Solid storage | P27: ='4.6.1.3-4 Direct N20'!P194 -> 0.96761558 | Q27: ='4.6.1.3-4 Direct N20'!Q194 -> 1.0328187 | R27: ='4.6.1.3-4 Direct N20'!R194 -> 1.2123756 | S27: ='4.6.1.3-4 Direct N20'!S194 -> 1.0328187
E28: ='Input - Poultry'!$D$46 -> Composting (passive windrow) | F28: ='4.6.1.3-4 Direct N20'!F195 -> 0.96761558 | G28: ='4.6.1.3-4 Direct N20'!G195 -> 1.0328187 | H28: ='4.6.1.3-4 Direct N20'!H195 -> 1.2123756 | I28: ='4.6.1.3-4 Direct N20'!I195 -> 1.0328187 | O28: ='Input - Poultry'!$D$46 -> Composting (passive windrow) | P28: ='4.6.1.3-4 Direct N20'!P195 -> 0.96761558 | Q28: ='4.6.1.3-4 Direct N20'!Q195 -> 1.0328187 | R28: ='4.6.1.3-4 Direct N20'!R195 -> 1.2123756 | S28: ='4.6.1.3-4 Direct N20'!S195 -> 1.0328187
E29: ='Input - Poultry'!$D$47 -> Digester / covered lagoons | F29: ='4.6.1.3-4 Direct N20'!F196 -> 0.96761558 | G29: ='4.6.1.3-4 Direct N20'!G196 -> 1.0328187 | H29: ='4.6.1.3-4 Direct N20'!H196 -> 1.2123756 | I29: ='4.6.1.3-4 Direct N20'!I196 -> 1.0328187 | O29: ='Input - Poultry'!$D$47 -> Digester / covered lagoons | P29: ='4.6.1.3-4 Direct N20'!P196 -> 0.96761558 | Q29: ='4.6.1.3-4 Direct N20'!Q196 -> 1.0328187 | R29: ='4.6.1.3-4 Direct N20'!R196 -> 1.2123756 | S29: ='4.6.1.3-4 Direct N20'!S196 -> 1.0328187
E30: ='Input - Poultry'!$D$48 -> Direct processing | F30: ='4.6.1.3-4 Direct N20'!F197 -> 0.96761558 | G30: ='4.6.1.3-4 Direct N20'!G197 -> 1.0328187 | H30: ='4.6.1.3-4 Direct N20'!H197 -> 1.2123756 | I30: ='4.6.1.3-4 Direct N20'!I197 -> 1.0328187 | O30: ='Input - Poultry'!$D$48 -> Direct processing | P30: ='4.6.1.3-4 Direct N20'!P197 -> 0.96761558 | Q30: ='4.6.1.3-4 Direct N20'!Q197 -> 1.0328187 | R30: ='4.6.1.3-4 Direct N20'!R197 -> 1.2123756 | S30: ='4.6.1.3-4 Direct N20'!S197 -> 1.0328187
E31: ='Input - Poultry'!$D$49 -> Direct application | F31: ='4.6.1.3-4 Direct N20'!F198 -> 0.96761558 | G31: ='4.6.1.3-4 Direct N20'!G198 -> 1.0328187 | H31: ='4.6.1.3-4 Direct N20'!H198 -> 1.2123756 | I31: ='4.6.1.3-4 Direct N20'!I198 -> 1.0328187 | O31: ='Input - Poultry'!$D$49 -> Direct application | P31: ='4.6.1.3-4 Direct N20'!P198 -> 0.96761558 | Q31: ='4.6.1.3-4 Direct N20'!Q198 -> 1.0328187 | R31: ='4.6.1.3-4 Direct N20'!R198 -> 1.2123756 | S31: ='4.6.1.3-4 Direct N20'!S198 -> 1.0328187
D32: ='Input - Poultry'!$D$32 -> Manure stored in house | E32: ='Input - Poultry'!$D$52 -> Solid storage | F32: ='4.6.1.3-4 Direct N20'!F199 -> 0.61074998 | G32: ='4.6.1.3-4 Direct N20'!G199 -> 0.6519056 | H32: ='4.6.1.3-4 Direct N20'!H199 -> 0.76524023 | I32: ='4.6.1.3-4 Direct N20'!I199 -> 0.6519056 | N32: ='Input - Poultry'!$D$32 -> Manure stored in house | O32: ='Input - Poultry'!$D$52 -> Solid storage | P32: ='4.6.1.3-4 Direct N20'!P199 -> 0.61074998 | Q32: ='4.6.1.3-4 Direct N20'!Q199 -> 0.6519056 | R32: ='4.6.1.3-4 Direct N20'!R199 -> 0.76524023 | S32: ='4.6.1.3-4 Direct N20'!S199 -> 0.6519056
E33: ='Input - Poultry'!$D$53 -> Composting (passive windrow) | F33: ='4.6.1.3-4 Direct N20'!F200 -> 0.61074998 | G33: ='4.6.1.3-4 Direct N20'!G200 -> 0.6519056 | H33: ='4.6.1.3-4 Direct N20'!H200 -> 0.76524023 | I33: ='4.6.1.3-4 Direct N20'!I200 -> 0.6519056 | O33: ='Input - Poultry'!$D$53 -> Composting (passive windrow) | P33: ='4.6.1.3-4 Direct N20'!P200 -> 0.61074998 | Q33: ='4.6.1.3-4 Direct N20'!Q200 -> 0.6519056 | R33: ='4.6.1.3-4 Direct N20'!R200 -> 0.76524023 | S33: ='4.6.1.3-4 Direct N20'!S200 -> 0.6519056
E34: ='Input - Poultry'!$D$54 -> Digester / covered lagoons | F34: ='4.6.1.3-4 Direct N20'!F201 -> 0.61074998 | G34: ='4.6.1.3-4 Direct N20'!G201 -> 0.6519056 | H34: ='4.6.1.3-4 Direct N20'!H201 -> 0.76524023 | I34: ='4.6.1.3-4 Direct N20'!I201 -> 0.6519056 | O34: ='Input - Poultry'!$D$54 -> Digester / covered lagoons | P34: ='4.6.1.3-4 Direct N20'!P201 -> 0.61074998 | Q34: ='4.6.1.3-4 Direct N20'!Q201 -> 0.6519056 | R34: ='4.6.1.3-4 Direct N20'!R201 -> 0.76524023 | S34: ='4.6.1.3-4 Direct N20'!S201 -> 0.6519056
E35: ='Input - Poultry'!$D$55 -> Direct processing | F35: ='4.6.1.3-4 Direct N20'!F202 -> 0.61074998 | G35: ='4.6.1.3-4 Direct N20'!G202 -> 0.6519056 | H35: ='4.6.1.3-4 Direct N20'!H202 -> 0.76524023 | I35: ='4.6.1.3-4 Direct N20'!I202 -> 0.6519056 | O35: ='Input - Poultry'!$D$55 -> Direct processing | P35: ='4.6.1.3-4 Direct N20'!P202 -> 0.61074998 | Q35: ='4.6.1.3-4 Direct N20'!Q202 -> 0.6519056 | R35: ='4.6.1.3-4 Direct N20'!R202 -> 0.76524023 | S35: ='4.6.1.3-4 Direct N20'!S202 -> 0.6519056
E36: ='Input - Poultry'!$D$56 -> Direct application | F36: ='4.6.1.3-4 Direct N20'!F203 -> 0.61074998 | G36: ='4.6.1.3-4 Direct N20'!G203 -> 0.6519056 | H36: ='4.6.1.3-4 Direct N20'!H203 -> 0.76524023 | I36: ='4.6.1.3-4 Direct N20'!I203 -> 0.6519056 | O36: ='Input - Poultry'!$D$56 -> Direct application | P36: ='4.6.1.3-4 Direct N20'!P203 -> 0.61074998 | Q36: ='4.6.1.3-4 Direct N20'!Q203 -> 0.6519056 | R36: ='4.6.1.3-4 Direct N20'!R203 -> 0.76524023 | S36: ='4.6.1.3-4 Direct N20'!S203 -> 0.6519056
D38: Table_EF_m
D39: Nitrous oxide emission factor for stage 1 MMS
D40: Stage 1 MMS | E40: EFm
D41: ='Constants - Poultry'!$D$29 -> Poultry manure with bedding | E41: {=Common_InputFunctions.Utility_LookupValueInTableNumber(D41, Table_SourceData_Poultry_EFmT[NIR reference],Table_SourceData_Poultry_EFmT[EFmT])} -> 0.001 | F41: =$G$14 -> kg N2O-N/kg N
D42: ='Constants - Poultry'!$D$30 -> Belt manure removal | E42: {=Common_InputFunctions.Utility_LookupValueInTableNumber(D42, Table_SourceData_Poultry_EFmT[NIR reference],Table_SourceData_Poultry_EFmT[EFmT])} -> 0.001
D43: ='Constants - Poultry'!$D$31 -> Manure stored in house | E43: {=Common_InputFunctions.Utility_LookupValueInTableNumber(D43, Table_SourceData_Poultry_EFmT[NIR reference],Table_SourceData_Poultry_EFmT[EFmT])} -> 0.001
D44: ='Constants - Poultry'!$D$32 -> Pasture range and paddock | E44: {=Common_InputFunctions.Utility_LookupValueInTableNumber(D44, Table_SourceData_Poultry_EFmT[NIR reference],Table_SourceData_Poultry_EFmT[EFmT])} -> 0.02
D45: ='Constants - Poultry'!$D$33 -> Solid storage | E45: {=Common_InputFunctions.Utility_LookupValueInTableNumber(D45, Table_SourceData_Poultry_EFmT[NIR reference],Table_SourceData_Poultry_EFmT[EFmT])} -> 0.005
D46: ='Constants - Poultry'!$D$34 -> Composting (passive windrow) | E46: {=Common_InputFunctions.Utility_LookupValueInTableNumber(D46, Table_SourceData_Poultry_EFmT[NIR reference],Table_SourceData_Poultry_EFmT[EFmT])} -> 0.01
D47: ='Constants - Poultry'!$D$35 -> Digester / covered lagoons | E47: {=Common_InputFunctions.Utility_LookupValueInTableNumber(D47, Table_SourceData_Poultry_EFmT[NIR reference],Table_SourceData_Poultry_EFmT[EFmT])} -> 0
D48: ='Constants - Poultry'!$D$36 -> Direct processing | E48: {=Common_InputFunctions.Utility_LookupValueInTableNumber(D48, Table_SourceData_Poultry_EFmT[NIR reference],Table_SourceData_Poultry_EFmT[EFmT])} -> 0
D49: ='Constants - Poultry'!$D$37 -> Direct application | E49: {=Common_InputFunctions.Utility_LookupValueInTableNumber(D49, Table_SourceData_Poultry_EFmT[NIR reference],Table_SourceData_Poultry_EFmT[EFmT])} -> 0
D51: Table_FracGASM_m_T
D52: Faction N volatilised in MMS
D53: MMS | E53: FracGASM
D54: ='Constants - Poultry'!$D$29 -> Poultry manure with bedding | E54: {=Common_InputFunctions.Utility_LookupValueInTableNumber(D54, Table_SourceData_Poultry_FracGASM[NIR reference],Table_SourceData_Poultry_FracGASM[FracGASMmT])} -> 0.3 | F54: =$G$15 -> (kg NH3-N + NOx-N)/kg N
D55: ='Constants - Poultry'!$D$30 -> Belt manure removal | E55: {=Common_InputFunctions.Utility_LookupValueInTableNumber(D55, Table_SourceData_Poultry_FracGASM[NIR reference],Table_SourceData_Poultry_FracGASM[FracGASMmT])} -> 0.05
D56: ='Constants - Poultry'!$D$31 -> Manure stored in house | E56: {=Common_InputFunctions.Utility_LookupValueInTableNumber(D56, Table_SourceData_Poultry_FracGASM[NIR reference],Table_SourceData_Poultry_FracGASM[FracGASMmT])} -> 0.4
D57: ='Constants - Poultry'!$D$32 -> Pasture range and paddock | E57: {=Common_InputFunctions.Utility_LookupValueInTableNumber(D57, Table_SourceData_Poultry_FracGASM[NIR reference],Table_SourceData_Poultry_FracGASM[FracGASMmT])} -> 0
D58: ='Constants - Poultry'!$D$33 -> Solid storage | E58: {=Common_InputFunctions.Utility_LookupValueInTableNumber(D58, Table_SourceData_Poultry_FracGASM[NIR reference],Table_SourceData_Poultry_FracGASM[FracGASMmT])} -> 0.2
D59: ='Constants - Poultry'!$D$34 -> Composting (passive windrow) | E59: {=Common_InputFunctions.Utility_LookupValueInTableNumber(D59, Table_SourceData_Poultry_FracGASM[NIR reference],Table_SourceData_Poultry_FracGASM[FracGASMmT])} -> 0.2
D60: ='Constants - Poultry'!$D$35 -> Digester / covered lagoons | E60: {=Common_InputFunctions.Utility_LookupValueInTableNumber(D60, Table_SourceData_Poultry_FracGASM[NIR reference],Table_SourceData_Poultry_FracGASM[FracGASMmT])} -> 0
D61: ='Constants - Poultry'!$D$36 -> Direct processing | E61: {=Common_InputFunctions.Utility_LookupValueInTableNumber(D61, Table_SourceData_Poultry_FracGASM[NIR reference],Table_SourceData_Poultry_FracGASM[FracGASMmT])} -> 0
D62: ='Constants - Poultry'!$D$37 -> Direct application | E62: {=Common_InputFunctions.Utility_LookupValueInTableNumber(D62, Table_SourceData_Poultry_FracGASM[NIR reference],Table_SourceData_Poultry_FracGASM[FracGASMmT])} -> 0
D64: M1_Table_MNLeach_MMS | N64: M2_Table_MNLeach_MMS
D65: Mass of N lost to leaching and runoff (Method 1) | N65: Mass of N lost to leaching and runoff (Method 2)
D66: Stage 1 MMS | E66: Stage 2 MMS | F66: Layers | G66: Meat chicken growers | H66: Meat chicken breeders | I66: Other | N66: Stage 1 MMS | O66: Stage 2 MMS | P66: Layers | Q66: Meat chicken growers | R66: Meat chicken breeders | S66: Other
D67: ='Input - Poultry'!$D$30 -> Poultry manure with bedding | E67: ='Input - Poultry'!$D$38 -> Solid storage | F67: ='4.6.1.7-8 Leaching and runoff'!F34 -> 0.014254232 | G67: ='4.6.1.7-8 Leaching and runoff'!G34 -> 0.015214758 | H67: ='4.6.1.7-8 Leaching and runoff'!H34 -> 0.017859864 | I67: ='4.6.1.7-8 Leaching and runoff'!I34 -> 0.015214758 | J67: =$G$16 -> kg N | N67: ='Input - Poultry'!$D$30 -> Poultry manure with bedding | O67: ='Input - Poultry'!$D$38 -> Solid storage | P67: ='4.6.1.7-8 Leaching and runoff'!P34 -> 0.014254232 | Q67: ='4.6.1.7-8 Leaching and runoff'!Q34 -> 0.015214758 | R67: ='4.6.1.7-8 Leaching and runoff'!R34 -> 0.017859864 | S67: ='4.6.1.7-8 Leaching and runoff'!S34 -> 0.015214758 | T67: =$G$16 -> kg N
E68: ='Input - Poultry'!$D$39 -> Composting (passive windrow) | F68: 0 | G68: 0 | H68: 0 | I68: 0 | O68: ='Input - Poultry'!$D$39 -> Composting (passive windrow) | P68: 0 | Q68: 0 | R68: 0 | S68: 0
E69: ='Input - Poultry'!$D$40 -> Digester / covered lagoons | F69: 0 | G69: 0 | H69: 0 | I69: 0 | O69: ='Input - Poultry'!$D$40 -> Digester / covered lagoons | P69: 0 | Q69: 0 | R69: 0 | S69: 0
E70: ='Input - Poultry'!$D$41 -> Direct processing | F70: 0 | G70: 0 | H70: 0 | I70: 0 | O70: ='Input - Poultry'!$D$41 -> Direct processing | P70: 0 | Q70: 0 | R70: 0 | S70: 0
E71: ='Input - Poultry'!$D$42 -> Direct application | F71: 0 | G71: 0 | H71: 0 | I71: 0 | O71: ='Input - Poultry'!$D$42 -> Direct application | P71: 0 | Q71: 0 | R71: 0 | S71: 0
D72: ='Input - Poultry'!$D$31 -> Belt manure removal | E72: ='Input - Poultry'!$D$45 -> Solid storage | F72: ='4.6.1.7-8 Leaching and runoff'!F35 -> 0.019352312 | G72: ='4.6.1.7-8 Leaching and runoff'!G35 -> 0.020656374 | H72: ='4.6.1.7-8 Leaching and runoff'!H35 -> 0.024247512 | I72: ='4.6.1.7-8 Leaching and runoff'!I35 -> 0.020656374 | N72: ='Input - Poultry'!$D$31 -> Belt manure removal | O72: ='Input - Poultry'!$D$45 -> Solid storage | P72: ='4.6.1.7-8 Leaching and runoff'!P35 -> 0.019352312 | Q72: ='4.6.1.7-8 Leaching and runoff'!Q35 -> 0.020656374 | R72: ='4.6.1.7-8 Leaching and runoff'!R35 -> 0.024247512 | S72: ='4.6.1.7-8 Leaching and runoff'!S35 -> 0.020656374
E73: ='Input - Poultry'!$D$46 -> Composting (passive windrow) | F73: 0 | G73: 0 | H73: 0 | I73: 0 | O73: ='Input - Poultry'!$D$46 -> Composting (passive windrow) | P73: 0 | Q73: 0 | R73: 0 | S73: 0
E74: ='Input - Poultry'!$D$47 -> Digester / covered lagoons | F74: 0 | G74: 0 | H74: 0 | I74: 0 | O74: ='Input - Poultry'!$D$47 -> Digester / covered lagoons | P74: 0 | Q74: 0 | R74: 0 | S74: 0
E75: ='Input - Poultry'!$D$48 -> Direct processing | F75: 0 | G75: 0 | H75: 0 | I75: 0 | O75: ='Input - Poultry'!$D$48 -> Direct processing | P75: 0 | Q75: 0 | R75: 0 | S75: 0
E76: ='Input - Poultry'!$D$49 -> Direct application | F76: 0 | G76: 0 | H76: 0 | I76: 0 | O76: ='Input - Poultry'!$D$49 -> Direct application | P76: 0 | Q76: 0 | R76: 0 | S76: 0
D77: ='Input - Poultry'!$D$32 -> Manure stored in house | E77: ='Input - Poultry'!$D$52 -> Solid storage | F77: ='4.6.1.7-8 Leaching and runoff'!F36 -> 0.012215 | G77: ='4.6.1.7-8 Leaching and runoff'!G36 -> 0.013038112 | H77: ='4.6.1.7-8 Leaching and runoff'!H36 -> 0.015304805 | I77: ='4.6.1.7-8 Leaching and runoff'!I36 -> 0.013038112 | N77: ='Input - Poultry'!$D$32 -> Manure stored in house | O77: ='Input - Poultry'!$D$52 -> Solid storage | P77: ='4.6.1.7-8 Leaching and runoff'!P36 -> 0.012215 | Q77: ='4.6.1.7-8 Leaching and runoff'!Q36 -> 0.013038112 | R77: ='4.6.1.7-8 Leaching and runoff'!R36 -> 0.015304805 | S77: ='4.6.1.7-8 Leaching and runoff'!S36 -> 0.013038112
E78: ='Input - Poultry'!$D$53 -> Composting (passive windrow) | F78: 0 | G78: 0 | H78: 0 | I78: 0 | O78: ='Input - Poultry'!$D$53 -> Composting (passive windrow) | P78: 0 | Q78: 0 | R78: 0 | S78: 0
E79: ='Input - Poultry'!$D$54 -> Digester / covered lagoons | F79: 0 | G79: 0 | H79: 0 | I79: 0 | O79: ='Input - Poultry'!$D$54 -> Digester / covered lagoons | P79: 0 | Q79: 0 | R79: 0 | S79: 0
E80: ='Input - Poultry'!$D$55 -> Direct processing | F80: 0 | G80: 0 | H80: 0 | I80: 0 | O80: ='Input - Poultry'!$D$55 -> Direct processing | P80: 0 | Q80: 0 | R80: 0 | S80: 0
E81: ='Input - Poultry'!$D$56 -> Direct application | F81: 0 | G81: 0 | H81: 0 | I81: 0 | O81: ='Input - Poultry'!$D$56 -> Direct application | P81: 0 | Q81: 0 | R81: 0 | S81: 0
D83: Table_PF
D84: Fraction of manure applied to soils on farm
D85: Stage 1 MMS | E85: Stage 2 MMS | F85: PF
D86: ='Input - Poultry'!$D$30 -> Poultry manure with bedding | E86: ='Input - Poultry'!$D$38 -> Solid storage | F86: ='Input - Poultry'!K38+'Input - Poultry'!L38 -> 0.75 | G86: =$G$17 -> fraction
E87: ='Input - Poultry'!$D$39 -> Composting (passive windrow) | F87: ='Input - Poultry'!K39+'Input - Poultry'!L39 -> 0.75
E88: ='Input - Poultry'!$D$40 -> Digester / covered lagoons | F88: ='Input - Poultry'!K40+'Input - Poultry'!L40 -> 0.75
E89: ='Input - Poultry'!$D$41 -> Direct processing | F89: ='Input - Poultry'!K41+'Input - Poultry'!L41 -> 0.75
E90: ='Input - Poultry'!$D$42 -> Direct application | F90: ='Input - Poultry'!K42+'Input - Poultry'!L42 -> 1
D91: ='Input - Poultry'!$D$31 -> Belt manure removal | E91: ='Input - Poultry'!$D$45 -> Solid storage | F91: ='Input - Poultry'!K45+'Input - Poultry'!L45 -> 0.75
E92: ='Input - Poultry'!$D$46 -> Composting (passive windrow) | F92: ='Input - Poultry'!K46+'Input - Poultry'!L46 -> 0.75
E93: ='Input - Poultry'!$D$47 -> Digester / covered lagoons | F93: ='Input - Poultry'!K47+'Input - Poultry'!L47 -> 0.75
E94: ='Input - Poultry'!$D$48 -> Direct processing | F94: ='Input - Poultry'!K48+'Input - Poultry'!L48 -> 0.75
E95: ='Input - Poultry'!$D$49 -> Direct application | F95: ='Input - Poultry'!K49+'Input - Poultry'!L49 -> 1
D96: ='Input - Poultry'!$D$32 -> Manure stored in house | E96: ='Input - Poultry'!$D$52 -> Solid storage | F96: ='Input - Poultry'!K52+'Input - Poultry'!L52 -> 0.75
E97: ='Input - Poultry'!$D$53 -> Composting (passive windrow) | F97: ='Input - Poultry'!K53+'Input - Poultry'!L53 -> 0.75
E98: ='Input - Poultry'!$D$54 -> Digester / covered lagoons | F98: ='Input - Poultry'!K54+'Input - Poultry'!L54 -> 0.75
E99: ='Input - Poultry'!$D$55 -> Direct processing | F99: ='Input - Poultry'!K55+'Input - Poultry'!L55 -> 0.75
E100: ='Input - Poultry'!$D$56 -> Direct application | F100: ='Input - Poultry'!K56+'Input - Poultry'!L56 -> 1
D102: M1_Table_MNSoil_scope1 | N102: M1_Table_MNSoil_scope1
D103: Mass of nitrogen applied to soils for scope 1 | N103: Mass of nitrogen applied to soils for scope 1
D104: Stage 1 MMS | E104: Stage 2 MMS | F104: Layers | G104: Meat chicken growers | H104: Meat chicken breeders | I104: Other | N104: Stage 1 MMS | O104: Stage 2 MMS | P104: Layers | Q104: Meat chicken growers | R104: Meat chicken breeders | S104: Other
D105: ='Input - Poultry'!$D$30 -> Poultry manure with bedding | E105: ='Input - Poultry'!$D$38 -> Solid storage | F105: {=MMS_Poultry_ManureAppliedToSoils_Equations.VEERG_4_6_1_9__1_MassOfNitrogenAppliedToSoilsScope1(F22,_xlfn.XLOOKUP($E105, $D$41:$D$49,$E$41:$E$49), _xlfn.XLOOKUP($E105, $D$54:$D$62,$E$54:$E$62), F67,$F86)} -> 0.41426361 | G105: {=MMS_Poultry_ManureAppliedToSoils_Equations.VEERG_4_6_1_9__1_MassOfNitrogenAppliedToSoilsScope1(G22,_xlfn.XLOOKUP($E105, $D$41:$D$49,$E$41:$E$49), _xlfn.XLOOKUP($E105, $D$54:$D$62,$E$54:$E$62), G67,$F86)} -> 0.44217891 | H105: {=MMS_Poultry_ManureAppliedToSoils_Equations.VEERG_4_6_1_9__1_MassOfNitrogenAppliedToSoilsScope1(H22,_xlfn.XLOOKUP($E105, $D$41:$D$49,$E$41:$E$49), _xlfn.XLOOKUP($E105, $D$54:$D$62,$E$54:$E$62), H67,$F86)} -> 0.51905229 | I105: {=MMS_Poultry_ManureAppliedToSoils_Equations.VEERG_4_6_1_9__1_MassOfNitrogenAppliedToSoilsScope1(I22,_xlfn.XLOOKUP($E105, $D$41:$D$49,$E$41:$E$49), _xlfn.XLOOKUP($E105, $D$54:$D$62,$E$54:$E$62), I67,$F86)} -> 0.44217891 | J105: =$E$11 -> kg N | N105: ='Input - Poultry'!$D$30 -> Poultry manure with bedding | O105: ='Input - Poultry'!$D$38 -> Solid storage | P105: {=MMS_Poultry_ManureAppliedToSoils_Equations.VEERG_4_6_1_9__1_MassOfNitrogenAppliedToSoilsScope1(P22,_xlfn.XLOOKUP($O105, $D$41:$D$49,$E$41:$E$49), _xlfn.XLOOKUP($O105, $D$54:$D$62,$E$54:$E$62), P67,$F86)} -> 0.41426361 | Q105: {=MMS_Poultry_ManureAppliedToSoils_Equations.VEERG_4_6_1_9__1_MassOfNitrogenAppliedToSoilsScope1(Q22,_xlfn.XLOOKUP($O105, $D$41:$D$49,$E$41:$E$49), _xlfn.XLOOKUP($O105, $D$54:$D$62,$E$54:$E$62), Q67,$F86)} -> 0.44217891 | R105: {=MMS_Poultry_ManureAppliedToSoils_Equations.VEERG_4_6_1_9__1_MassOfNitrogenAppliedToSoilsScope1(R22,_xlfn.XLOOKUP($O105, $D$41:$D$49,$E$41:$E$49), _xlfn.XLOOKUP($O105, $D$54:$D$62,$E$54:$E$62), R67,$F86)} -> 0.51905229 | S105: {=MMS_Poultry_ManureAppliedToSoils_Equations.VEERG_4_6_1_9__1_MassOfNitrogenAppliedToSoilsScope1(S22,_xlfn.XLOOKUP($O105, $D$41:$D$49,$E$41:$E$49), _xlfn.XLOOKUP($O105, $D$54:$D$62,$E$54:$E$62), S67,$F86)} -> 0.44217891 | T105: =$E$11 -> kg N
E106: ='Input - Poultry'!$D$39 -> Composting (passive windrow) | F106: {=MMS_Poultry_ManureAppliedToSoils_Equations.VEERG_4_6_1_9__1_MassOfNitrogenAppliedToSoilsScope1(F23,_xlfn.XLOOKUP($E106, $D$41:$D$49,$E$41:$E$49), _xlfn.XLOOKUP($E106, $D$54:$D$62,$E$54:$E$62), F68,$F87)} -> 0.42228161 | G106: {=MMS_Poultry_ManureAppliedToSoils_Equations.VEERG_4_6_1_9__1_MassOfNitrogenAppliedToSoilsScope1(G23,_xlfn.XLOOKUP($E106, $D$41:$D$49,$E$41:$E$49), _xlfn.XLOOKUP($E106, $D$54:$D$62,$E$54:$E$62), G68,$F87)} -> 0.45073722 | H106: {=MMS_Poultry_ManureAppliedToSoils_Equations.VEERG_4_6_1_9__1_MassOfNitrogenAppliedToSoilsScope1(H23,_xlfn.XLOOKUP($E106, $D$41:$D$49,$E$41:$E$49), _xlfn.XLOOKUP($E106, $D$54:$D$62,$E$54:$E$62), H68,$F87)} -> 0.52909847 | I106: {=MMS_Poultry_ManureAppliedToSoils_Equations.VEERG_4_6_1_9__1_MassOfNitrogenAppliedToSoilsScope1(I23,_xlfn.XLOOKUP($E106, $D$41:$D$49,$E$41:$E$49), _xlfn.XLOOKUP($E106, $D$54:$D$62,$E$54:$E$62), I68,$F87)} -> 0.45073722 | O106: ='Input - Poultry'!$D$39 -> Composting (passive windrow) | P106: {=MMS_Poultry_ManureAppliedToSoils_Equations.VEERG_4_6_1_9__1_MassOfNitrogenAppliedToSoilsScope1(P23,_xlfn.XLOOKUP($O106, $D$41:$D$49,$E$41:$E$49), _xlfn.XLOOKUP($O106, $D$54:$D$62,$E$54:$E$62), P68,$F87)} -> 0.42228161 | Q106: {=MMS_Poultry_ManureAppliedToSoils_Equations.VEERG_4_6_1_9__1_MassOfNitrogenAppliedToSoilsScope1(Q23,_xlfn.XLOOKUP($O106, $D$41:$D$49,$E$41:$E$49), _xlfn.XLOOKUP($O106, $D$54:$D$62,$E$54:$E$62), Q68,$F87)} -> 0.45073722 | R106: {=MMS_Poultry_ManureAppliedToSoils_Equations.VEERG_4_6_1_9__1_MassOfNitrogenAppliedToSoilsScope1(R23,_xlfn.XLOOKUP($O106, $D$41:$D$49,$E$41:$E$49), _xlfn.XLOOKUP($O106, $D$54:$D$62,$E$54:$E$62), R68,$F87)} -> 0.52909847 | S106: {=MMS_Poultry_ManureAppliedToSoils_Equations.VEERG_4_6_1_9__1_MassOfNitrogenAppliedToSoilsScope1(S23,_xlfn.XLOOKUP($O106, $D$41:$D$49,$E$41:$E$49), _xlfn.XLOOKUP($O106, $D$54:$D$62,$E$54:$E$62), S68,$F87)} -> 0.45073722
...

Sheet 4.6.1.10-11 Soil direct N2O
A1: #VALUE! | C1: 4.6.1.10-11 Soil direct N2O
A3: =HYPERLINK("#'Home'!A1", "Home") -> Home | D3: Method 1 | N3: Method 2
A4: =HYPERLINK("#'Overview'!A1", "Overview") -> Overview
A5: =HYPERLINK("#'Results'!A1", "Results") -> Results | D5: {=MMS_Poultry_Soil_N2ODirect_Equations.VEERG_4_6_1_10__1_DirectNitrousOxideEmissionsFromPoultryManure_Title()} -> Direct nitrous oxide emissions from poultry manure on pasture
D6: {=MMS_Poultry_Soil_N2ODirect_Equations.VEERG_4_6_1_10__1_DirectNitrousOxideEmissionsFromPoultryManure_Source()} -> VEERG 2026: 4.6.1.10, Equation (1)
A7: INPUTS | D7: Function name | E7: {=Common_InputFunctions.Utility_DisplayFunctionName(E25)} -> =MMS_Poultry_Soil_N2ODirect_Equations.VEERG_4_6_1_10__1_DirectNitrousOxideEmissionsFromPoultryManure
A8: =HYPERLINK("#'Input - Site'!A1", "Site") -> Site
A9: =HYPERLINK("#'Input - Poultry'!A1", "Poultry") -> Poultry
D10: Variable | E10: {=MMS_Poultry_Soil_N2ODirect_Equations.VEERG_4_6_1_10__1_DirectNitrousOxideEmissionsFromPoultryManure_Variable()} -> EM_N2OPRPdir
A11: CALCULATIONS | D11: Unit | E11: {=MMS_Poultry_Soil_N2ODirect_Equations.VEERG_4_6_1_10__1_DirectNitrousOxideEmissionsFromPoultryManure_Unit()} -> t N2O
A12: =HYPERLINK("#'4.6.1.1-2 Methane'!A1", "4.6.1.1-2 Methane") -> 4.6.1.1-2 Methane
A13: =HYPERLINK("#'4.6.1.3-4 Direct N20'!A1", "4.6.1.3-4 Direct N2O") -> 4.6.1.3-4 Direct N2O | D13: {=_xlfn.CHOOSECOLS(MMS_Poultry_Soil_N2ODirect_Equations.VEERG_4_6_1_10__1_DirectNitrousOxideEmissionsFromPoultryManure_Arguments(),1,2)} -> MN_jkm14T1 | E13: mass of nitrogen excreted directly on pasture by poultry class and subclass | G13: {=_xlfn.CHOOSECOLS(MMS_Poultry_Soil_N2ODirect_Equations.VEERG_4_6_1_10__1_DirectNitrousOxideEmissionsFromPoultryManure_Arguments(),3,4)} -> kg N | H13: Calculated from 4.6.1.3 (2) | I13: {=HYPERLINK(Common_InputFunctions.Utility_SourceHyperlink($D$17),$D$17)} -> M1_Table_MN_j_k_m-14_T-1
A14: =HYPERLINK("#'4.6.1.5-6 Atmos Dep'!A1", "4.6.1.5-6 Atmospheric deposition") -> 4.6.1.5-6 Atmospheric deposition | D14: EF_PRP | E14: nitrous oxide emission factor for manure deposited on pasture | G14: kg N2O-N/kg N deposited | H14: Constant | I14: =_xlfn.XLOOKUP(D20,Table_SourceData_Poultry_EFmT[NIR reference],Table_SourceData_Poultry_EFmT[EFmT]) -> 0.02
A15: =HYPERLINK("#'4.6.1.7-8 Leaching and runoff'!A1", "4.6.1.7-8 Leaching & runoff") -> 4.6.1.7-8 Leaching & runoff | D15: C_N2O | E15: factor to convert elemental mass of N2O to molecular mass | G15: ratio | H15: Constant | I15: =Common_InputFunctions.Utility_LookupValueInTableNumber("N2O",Table_GasToMolecularConversionFactor[Gas],Table_GasToMolecularConversionFactor[Conversion factor combined]) -> 1.5714286
A16: =HYPERLINK("#'4.6.1.9 Manure applied to soils'!A1", "4.6.1.9 Manure applied to soils") -> 4.6.1.9 Manure applied to soils
A17: =HYPERLINK("#'4.6.1.10-11 Soil direct N2O'!A1", "4.6.1.10-11 Soil direct N2O") -> 4.6.1.10-11 Soil direct N2O | D17: M1_Table_MN_j_k_m-14_T-1 | N17: M1_Table_MN_j_k_m-14_T-1
A18: =HYPERLINK("#'4.6.1.12-13 Soil atmos dep'!A1", "4.6.1.12-13 Soil Atm. deposition") -> 4.6.1.12-13 Soil Atm. deposition | D18: Mass on nitrogen excreted on pasture range and paddock (Method 1) | N18: Mass on nitrogen excreted on pasture range and paddock (Method 2)
A19: =HYPERLINK("#'4.6.1.14-15 Soil leach runoff'!A1", "4.6.1.14-15 Soil leach & runoff") -> 4.6.1.14-15 Soil leach & runoff | D19: Stage 1 MMS | E19: Layers | F19: Meat chicken growers | G19: Meat chicken breeders | H19: Other | N19: Stage 1 MMS | O19: Layers | P19: Meat chicken growers | Q19: Meat chicken breeders | R19: Other
D20: ='Input - Poultry'!$D$33 -> Pasture range and paddock | E20: ='4.6.1.3-4 Direct N20'!E111 -> 1.69936 | F20: ='4.6.1.3-4 Direct N20'!F111 -> 1.813872 | G20: ='4.6.1.3-4 Direct N20'!G111 -> 2.129216 | H20: ='4.6.1.3-4 Direct N20'!H111 -> 1.813872 | I20: =$G$13 -> kg N | N20: ='Input - Poultry'!$D$33 -> Pasture range and paddock | O20: ='4.6.1.3-4 Direct N20'!O111 -> 1.69936 | P20: ='4.6.1.3-4 Direct N20'!P111 -> 1.813872 | Q20: ='4.6.1.3-4 Direct N20'!Q111 -> 2.129216 | R20: ='4.6.1.3-4 Direct N20'!R111 -> 1.813872 | S20: =$G$13 -> kg N
A21: APPENDICES
A22: =HYPERLINK("#'Constants - Poultry'!A1", "Constants - Poultry") -> Constants - Poultry | D22: M1_Table_EM_N2O_PRP_dir | N22: M1_Table_EM_N2O_PRP_dir
A23: =HYPERLINK("#'Constants - Livestock'!A1", "Constants - Livestock") -> Constants - Livestock | D23: Direct nitrous oxide emissions from manure on pasture (Method 1) | N23: Direct nitrous oxide emissions from manure on pasture (Method 1)
A24: =HYPERLINK("#'Constants - Common'!A1", "Constants - Common") -> Constants - Common | D24: Stage 1 MMS | E24: Layers | F24: Meat chicken growers | G24: Meat chicken breeders | H24: Other | N24: Stage 1 MMS | O24: Layers | P24: Meat chicken growers | Q24: Meat chicken breeders | R24: Other
D25: ='Input - Poultry'!$D$33 -> Pasture range and paddock | E25: {=MMS_Poultry_Soil_N2ODirect_Equations.VEERG_4_6_1_10__1_DirectNitrousOxideEmissionsFromPoultryManure(E20,$I$14,$I$15)} -> 5.3408457e-05 | F25: {=MMS_Poultry_Soil_N2ODirect_Equations.VEERG_4_6_1_10__1_DirectNitrousOxideEmissionsFromPoultryManure(F20,$I$14,$I$15)} -> 5.7007406e-05 | G25: {=MMS_Poultry_Soil_N2ODirect_Equations.VEERG_4_6_1_10__1_DirectNitrousOxideEmissionsFromPoultryManure(G20,$I$14,$I$15)} -> 6.6918217e-05 | H25: {=MMS_Poultry_Soil_N2ODirect_Equations.VEERG_4_6_1_10__1_DirectNitrousOxideEmissionsFromPoultryManure(H20,$I$14,$I$15)} -> 5.7007406e-05 | I25: =$E$11 -> t N2O | N25: ='Input - Poultry'!$D$33 -> Pasture range and paddock | O25: {=MMS_Poultry_Soil_N2ODirect_Equations.VEERG_4_6_1_10__1_DirectNitrousOxideEmissionsFromPoultryManure(O20,$I$14,$I$15)} -> 5.3408457e-05 | P25: {=MMS_Poultry_Soil_N2ODirect_Equations.VEERG_4_6_1_10__1_DirectNitrousOxideEmissionsFromPoultryManure(P20,$I$14,$I$15)} -> 5.7007406e-05 | Q25: {=MMS_Poultry_Soil_N2ODirect_Equations.VEERG_4_6_1_10__1_DirectNitrousOxideEmissionsFromPoultryManure(Q20,$I$14,$I$15)} -> 6.6918217e-05 | R25: {=MMS_Poultry_Soil_N2ODirect_Equations.VEERG_4_6_1_10__1_DirectNitrousOxideEmissionsFromPoultryManure(R20,$I$14,$I$15)} -> 5.7007406e-05 | S25: kg N
D27: EMN2O,PRP,dir | E27: =SUM(E25:H25) -> 0.00023434149 | F27: =$E$11 -> t N2O | N27: EMN2O,PRP,dir | O27: =SUM(O25:R25) -> 0.00023434149 | P27: =$E$11 -> t N2O
D29: {=Common_Equations.Common_ConvertN2OToCO2e_Arguments()} -> EN2O | E29: Nitrous oxide emissions (t N2O) | G29: =E27 -> 0.00023434149 | N29: {=Common_Equations.Common_ConvertN2OToCO2e_Arguments()} -> EN2O | O29: Nitrous oxide emissions (t N2O) | Q29: =O27 -> 0.00023434149
D30: GWPN2O | E30: Global warming potential for nitrous oxide (t CO2-e / t N2O) | G30: 265 | N30: GWPN2O | O30: Global warming potential for nitrous oxide (t CO2-e / t N2O) | Q30: 265
D32: ECO2e | E32: {=Common_Equations.Common_ConvertN2OToCO2e(G29,G30)} -> 0.062100494 | F32: {=Common_Equations.Common_ConvertN2OToCO2e_Unit()} -> t CO2e | N32: ECO2e | O32: {=Common_Equations.Common_ConvertN2OToCO2e(Q29,Q30)} -> 0.062100494 | P32: {=Common_Equations.Common_ConvertN2OToCO2e_Unit()} -> t CO2e

Sheet 4.6.1.12-13 Soil atmos dep
A1: #VALUE! | C1: 4.6.1.12-13 Soil atmospheric deposition
A3: =HYPERLINK("#'Home'!A1", "Home") -> Home | D3: Method 1 | M3: Method 2
A4: =HYPERLINK("#'Overview'!A1", "Overview") -> Overview
A5: =HYPERLINK("#'Results'!A1", "Results") -> Results | D5: {=MMS_Poultry_Soil_AtmosphericDeposition_Equations.VEERG_4_6_1_12__2_MassOfNitrogenVolatilisedFromPoultryManureOnPasture_Title()} -> Mass of nitrogen volatilised from poultry manure deposited on pasture
D6: {=MMS_Poultry_Soil_AtmosphericDeposition_Equations.VEERG_4_6_1_12__2_MassOfNitrogenVolatilisedFromPoultryManureOnPasture_Source()} -> VEERG 2026: 4.6.1.12, Equation (2)
A7: INPUTS | D7: Function name | E7: {=Common_InputFunctions.Utility_DisplayFunctionName(E24)} -> =MMS_Poultry_Soil_AtmosphericDeposition_Equations.VEERG_4_6_1_12__2_MassOfNitrogenVolatilisedFromPoultryManureOnPasture
A8: =HYPERLINK("#'Input - Site'!A1", "Site") -> Site
A9: =HYPERLINK("#'Input - Poultry'!A1", "Poultry") -> Poultry
D10: Variable | E10: {=MMS_Poultry_Soil_AtmosphericDeposition_Equations.VEERG_4_6_1_12__2_MassOfNitrogenVolatilisedFromPoultryManureOnPasture_Variable()} -> M_vol_m14
A11: CALCULATIONS | D11: Unit | E11: {=MMS_Poultry_Soil_AtmosphericDeposition_Equations.VEERG_4_6_1_12__2_MassOfNitrogenVolatilisedFromPoultryManureOnPasture_Unit()} -> kg N
A12: =HYPERLINK("#'4.6.1.1-2 Methane'!A1", "4.6.1.1-2 Methane") -> 4.6.1.1-2 Methane
A13: =HYPERLINK("#'4.6.1.3-4 Direct N20'!A1", "4.6.1.3-4 Direct N2O") -> 4.6.1.3-4 Direct N2O | D13: {=_xlfn.CHOOSECOLS(MMS_Poultry_Soil_AtmosphericDeposition_Equations.VEERG_4_6_1_12__2_MassOfNitrogenVolatilisedFromPoultryManureOnPasture_Arguments(),1,2)} -> MN_jkm14T1 | E13: mass of nitrogen excreted directly on pasture by poultry class and subclass | G13: {=_xlfn.CHOOSECOLS(MMS_Poultry_Soil_AtmosphericDeposition_Equations.VEERG_4_6_1_12__2_MassOfNitrogenVolatilisedFromPoultryManureOnPasture_Arguments(),3,4)} -> kg N | H13: Calculated from 4.6.1.3 (2) | I13: {=HYPERLINK(Common_InputFunctions.Utility_SourceHyperlink($D$16),$D$16)} -> M1_Table_MN_j_k_m-14_T-1
A14: =HYPERLINK("#'4.6.1.5-6 Atmos Dep'!A1", "4.6.1.5-6 Atmospheric deposition") -> 4.6.1.5-6 Atmospheric deposition | D14: FracGASMsoil | E14: fraction of nitrogen volatilised from manure deposited on pasture | G14: (kg NH3-N + NOx-N)/kg N | H14: Constant | I14: ='Constants - Poultry'!$E$115 -> 0.21
A15: =HYPERLINK("#'4.6.1.7-8 Leaching and runoff'!A1", "4.6.1.7-8 Leaching & runoff") -> 4.6.1.7-8 Leaching & runoff
A16: =HYPERLINK("#'4.6.1.9 Manure applied to soils'!A1", "4.6.1.9 Manure applied to soils") -> 4.6.1.9 Manure applied to soils | D16: M1_Table_MN_j_k_m-14_T-1 | M16: M2_Table_MN_j_k_m-14_T-1
A17: =HYPERLINK("#'4.6.1.10-11 Soil direct N2O'!A1", "4.6.1.10-11 Soil direct N2O") -> 4.6.1.10-11 Soil direct N2O | D17: Mass on nitrogen excreted on pasture range and paddock (Method 1) | M17: Mass on nitrogen excreted on pasture range and paddock (Method 2)
A18: =HYPERLINK("#'4.6.1.12-13 Soil atmos dep'!A1", "4.6.1.12-13 Soil Atm. deposition") -> 4.6.1.12-13 Soil Atm. deposition | D18: Stage 1 MMS | E18: Layers | F18: Meat chicken growers | G18: Meat chicken breeders | H18: Other | M18: Stage 1 MMS | N18: Layers | O18: Meat chicken growers | P18: Meat chicken breeders | Q18: Other
A19: =HYPERLINK("#'4.6.1.14-15 Soil leach runoff'!A1", "4.6.1.14-15 Soil leach & runoff") -> 4.6.1.14-15 Soil leach & runoff | D19: ='Input - Poultry'!$D$33 -> Pasture range and paddock | E19: ='4.6.1.3-4 Direct N20'!E111 -> 1.69936 | F19: ='4.6.1.3-4 Direct N20'!F111 -> 1.813872 | G19: ='4.6.1.3-4 Direct N20'!G111 -> 2.129216 | H19: ='4.6.1.3-4 Direct N20'!H111 -> 1.813872 | I19: =$G$13 -> kg N | M19: ='Input - Poultry'!$D$33 -> Pasture range and paddock | N19: ='4.6.1.3-4 Direct N20'!O111 -> 1.69936 | O19: ='4.6.1.3-4 Direct N20'!P111 -> 1.813872 | P19: ='4.6.1.3-4 Direct N20'!Q111 -> 2.129216 | Q19: ='4.6.1.3-4 Direct N20'!R111 -> 1.813872 | R19: =$G$13 -> kg N
A21: APPENDICES | D21: M1_Table_M_vol_m-14 | M21: M1_Table_M_vol_m-14
A22: =HYPERLINK("#'Constants - Poultry'!A1", "Constants - Poultry") -> Constants - Poultry | D22: Mass on nitrogen excreted on pasture range and paddock (Method 1) | M22: Mass on nitrogen excreted on pasture range and paddock (Method 1)
A23: =HYPERLINK("#'Constants - Livestock'!A1", "Constants - Livestock") -> Constants - Livestock | D23: Stage 1 MMS | E23: Layers | F23: Meat chicken growers | G23: Meat chicken breeders | H23: Other | M23: Stage 1 MMS | N23: Layers | O23: Meat chicken growers | P23: Meat chicken breeders | Q23: Other
A24: =HYPERLINK("#'Constants - Common'!A1", "Constants - Common") -> Constants - Common | D24: ='Input - Poultry'!$D$33 -> Pasture range and paddock | E24: {=MMS_Poultry_Soil_AtmosphericDeposition_Equations.VEERG_4_6_1_12__2_MassOfNitrogenVolatilisedFromPoultryManureOnPasture(E19,$I$14)} -> 0.3568656 | F24: {=MMS_Poultry_Soil_AtmosphericDeposition_Equations.VEERG_4_6_1_12__2_MassOfNitrogenVolatilisedFromPoultryManureOnPasture(F19,$I$14)} -> 0.38091312 | G24: {=MMS_Poultry_Soil_AtmosphericDeposition_Equations.VEERG_4_6_1_12__2_MassOfNitrogenVolatilisedFromPoultryManureOnPasture(G19,$I$14)} -> 0.44713536 | H24: {=MMS_Poultry_Soil_AtmosphericDeposition_Equations.VEERG_4_6_1_12__2_MassOfNitrogenVolatilisedFromPoultryManureOnPasture(H19,$I$14)} -> 0.38091312 | I24: =$E$11 -> kg N | M24: ='Input - Poultry'!$D$33 -> Pasture range and paddock | N24: {=MMS_Poultry_Soil_AtmosphericDeposition_Equations.VEERG_4_6_1_12__2_MassOfNitrogenVolatilisedFromPoultryManureOnPasture(N19,$I$14)} -> 0.3568656 | O24: {=MMS_Poultry_Soil_AtmosphericDeposition_Equations.VEERG_4_6_1_12__2_MassOfNitrogenVolatilisedFromPoultryManureOnPasture(O19,$I$14)} -> 0.38091312 | P24: {=MMS_Poultry_Soil_AtmosphericDeposition_Equations.VEERG_4_6_1_12__2_MassOfNitrogenVolatilisedFromPoultryManureOnPasture(P19,$I$14)} -> 0.44713536 | Q24: {=MMS_Poultry_Soil_AtmosphericDeposition_Equations.VEERG_4_6_1_12__2_MassOfNitrogenVolatilisedFromPoultryManureOnPasture(Q19,$I$14)} -> 0.38091312 | R24: =$E$11 -> kg N
D26: Mvol,m=14 | E26: =SUM(E24:H24) -> 1.5658272 | F26: =$E$11 -> kg N | M26: Mvol,m=14 | N26: =SUM(N24:Q24) -> 1.5658272 | O26: =$E$11 -> kg N
D30: {=MMS_Poultry_Soil_AtmosphericDeposition_Equations.VEERG_4_6_1_12__1_AtmosphericDepositionEmissionsFromPoultryManureOnPasture_Title()} -> Atmospheric deposition emissions from poultry manure deposited on pasture
D31: {=MMS_Poultry_Soil_AtmosphericDeposition_Equations.VEERG_4_6_1_12__1_AtmosphericDepositionEmissionsFromPoultryManureOnPasture_Source()} -> VEERG 2026: 4.6.1.12, Equation (1)
D32: Function name | E32: {=Common_InputFunctions.Utility_DisplayFunctionName(E45)} -> =MMS_Poultry_Soil_AtmosphericDeposition_Equations.VEERG_4_6_1_12__1_AtmosphericDepositionEmissionsFromPoultryManureOnPasture
D35: Variable | E35: {=MMS_Poultry_Soil_AtmosphericDeposition_Equations.VEERG_4_6_1_12__1_AtmosphericDepositionEmissionsFromPoultryManureOnPasture_Variable()} -> E_N2Oad
D36: Unit | E36: {=MMS_Poultry_Soil_AtmosphericDeposition_Equations.VEERG_4_6_1_12__1_AtmosphericDepositionEmissionsFromPoultryManureOnPasture_Unit()} -> t N2O
D38: {=_xlfn.CHOOSECOLS(MMS_Poultry_Soil_AtmosphericDeposition_Equations.VEERG_4_6_1_12__1_AtmosphericDepositionEmissionsFromPoultryManureOnPasture_Arguments(),1,2)} -> M_vol_m14 | E38: mass of nitrogen volatilised from manure deposited on pasture | G38: {=_xlfn.CHOOSECOLS(MMS_Poultry_Soil_AtmosphericDeposition_Equations.VEERG_4_6_1_12__1_AtmosphericDepositionEmissionsFromPoultryManureOnPasture_Arguments(),3,4)} -> kg N | H38: Calculated from 4.6.1.12 (2) | I38: =E26 -> 1.5658272 | M38: {=_xlfn.CHOOSECOLS(MMS_Poultry_Soil_AtmosphericDeposition_Equations.VEERG_4_6_1_12__1_AtmosphericDepositionEmissionsFromPoultryManureOnPasture_Arguments(),1,2)} -> M_vol_m14 | N38: mass of nitrogen volatilised from manure deposited on pasture | P38: {=_xlfn.CHOOSECOLS(MMS_Poultry_Soil_AtmosphericDeposition_Equations.VEERG_4_6_1_12__1_AtmosphericDepositionEmissionsFromPoultryManureOnPasture_Arguments(),3,4)} -> kg N | Q38: Calculated from 4.6.1.12 (2) | R38: =N26 -> 1.5658272
D39: EF_N2O | E39: emission factor for atmospheric deposition (kg N2O-N/kg N) | G39: kg N2O-N/kg N | H39: Constant | I39: =Common_InputFunctions.Utility_LookupN2OEFFromProdIrrigationRainfall(I41,I42,I43,Table_SourceData_Common_EFN2O[Production system only],Table_SourceData_Common_EFN2O[Irrigation method],Table_SourceData_Common_EFN2O[Rainfall zone],Table_SourceData_Common_EFN2O[EFN2O]) -> 0.007 | M39: EF_N2O | N39: emission factor for atmospheric deposition (kg N2O-N/kg N) | P39: kg N2O-N/kg N | Q39: Constant
D40: C_N2O | E40: factor to convert elemental mass of N2O to molecular mass | G40: ratio | H40: Constant | I40: =Common_InputFunctions.Utility_LookupValueInTableNumber("N2O",Table_GasToMolecularConversionFactor[Gas],Table_GasToMolecularConversionFactor[Conversion factor combined]) -> 1.5714286 | M40: C_N2O | N40: factor to convert elemental mass of N2O to molecular mass | P40: ratio | Q40: Constant
D41: j | E41: production system | G41: dimensionless | H41: Input | I41: ='Input - Poultry'!$E$59 -> Crop | M41: j | N41: production system | P41: dimensionless | Q41: Input
D42: ir | E42: irrigation method | G42: dimensionless | H42: Input | I42: ='Input - Poultry'!$E$60 -> Sprinkler Irrigation | M42: ir | N42: irrigation method | P42: dimensionless | Q42: Input
D43: r | E43: rainfall region | G43: dimensionless | H43: Input | I43: ='Input - Site'!$E$30 -> High rainfall | M43: r | N43: rainfall region | P43: dimensionless | Q43: Input
D45: EN2O,ad | E45: {=MMS_Poultry_Soil_AtmosphericDeposition_Equations.VEERG_4_6_1_12__1_AtmosphericDepositionEmissionsFromPoultryManureOnPasture(I38,$I$39,$I$40)} -> 1.7224099e-05 | F45: =$E$36 -> t N2O | M45: EN2O,ad | N45: {=MMS_Poultry_Soil_AtmosphericDeposition_Equations.VEERG_4_6_1_12__1_AtmosphericDepositionEmissionsFromPoultryManureOnPasture(R38,$I$39,$I$40)} -> 1.7224099e-05 | O45: =$E$36 -> t N2O
D47: {=Common_Equations.Common_ConvertN2OToCO2e_Arguments()} -> EN2O | E47: Nitrous oxide emissions (t N2O) | G47: =E45 -> 1.7224099e-05 | M47: {=Common_Equations.Common_ConvertN2OToCO2e_Arguments()} -> EN2O | N47: Nitrous oxide emissions (t N2O) | P47: =N45 -> 1.7224099e-05
D48: GWPN2O | E48: Global warming potential for nitrous oxide (t CO2-e / t N2O) | G48: 265 | M48: GWPN2O | N48: Global warming potential for nitrous oxide (t CO2-e / t N2O) | P48: 265
D50: ECO2e | E50: {=Common_Equations.Common_ConvertN2OToCO2e(G47,G48)} -> 0.0045643863 | F50: {=Common_Equations.Common_ConvertN2OToCO2e_Unit()} -> t CO2e | M50: ECO2e | N50: {=Common_Equations.Common_ConvertN2OToCO2e(P47,P48)} -> 0.0045643863 | O50: {=Common_Equations.Common_ConvertN2OToCO2e_Unit()} -> t CO2e

Sheet 4.6.1.14-15 Soil leach runoff
A1: #VALUE! | C1: 4.6.1.14-15 Soil leaching and runoff
A3: =HYPERLINK("#'Home'!A1", "Home") -> Home | D3: Method 1 | N3: Method 1
A4: =HYPERLINK("#'Overview'!A1", "Overview") -> Overview
A5: =HYPERLINK("#'Results'!A1", "Results") -> Results | D5: {=MMS_Poultry_Soil_LeachingAndRunoff_Equations.VEERG_4_6_1_14__2_MassOfNitrogenLostToLeachingAndRunoffFromPoultryManureOnPasture_Title()} -> Mass of nitrogen lost to leaching and runoff from poultry manure deposited on pasture
D6: {=MMS_Poultry_Soil_LeachingAndRunoff_Equations.VEERG_4_6_1_14__2_MassOfNitrogenLostToLeachingAndRunoffFromPoultryManureOnPasture_Source()} -> VEERG 2026: 4.6.1.14, Equation (2)
A7: INPUTS | D7: Function name | E7: {=Common_InputFunctions.Utility_DisplayFunctionName(E28)} -> =MMS_Poultry_Soil_LeachingAndRunoff_Equations.VEERG_4_6_1_14__2_MassOfNitrogenLostToLeachingAndRunoffFromPoultryManureOnPasture
A8: =HYPERLINK("#'Input - Site'!A1", "Site") -> Site
A9: =HYPERLINK("#'Input - Poultry'!A1", "Poultry") -> Poultry
D10: Variable | E10: {=MMS_Poultry_Soil_LeachingAndRunoff_Equations.VEERG_4_6_1_14__2_MassOfNitrogenLostToLeachingAndRunoffFromPoultryManureOnPasture_Variable()} -> M_leach_m14
A11: CALCULATIONS | D11: Unit | E11: {=MMS_Poultry_Soil_LeachingAndRunoff_Equations.VEERG_4_6_1_14__2_MassOfNitrogenLostToLeachingAndRunoffFromPoultryManureOnPasture_Unit()} -> kg N
A12: =HYPERLINK("#'4.6.1.1-2 Methane'!A1", "4.6.1.1-2 Methane") -> 4.6.1.1-2 Methane
A13: =HYPERLINK("#'4.6.1.3-4 Direct N20'!A1", "4.6.1.3-4 Direct N2O") -> 4.6.1.3-4 Direct N2O | D13: {=_xlfn.CHOOSECOLS(MMS_Poultry_Soil_LeachingAndRunoff_Equations.VEERG_4_6_1_14__2_MassOfNitrogenLostToLeachingAndRunoffFromPoultryManureOnPasture_Arguments(),1,2)} -> MN_jkm14T1 | E13: mass of nitrogen excreted directly on pasture by poultry class and subclass | G13: {=_xlfn.CHOOSECOLS(MMS_Poultry_Soil_LeachingAndRunoff_Equations.VEERG_4_6_1_14__2_MassOfNitrogenLostToLeachingAndRunoffFromPoultryManureOnPasture_Arguments(),3,4)} -> kg N | H13: Calculated from 4.6.1.3 (2) | I13: {=HYPERLINK(Common_InputFunctions.Utility_SourceHyperlink($D$20),$D$20)} -> M1_Table_MN_j_k_m-14_T-1
A14: =HYPERLINK("#'4.6.1.5-6 Atmos Dep'!A1", "4.6.1.5-6 Atmospheric deposition") -> 4.6.1.5-6 Atmospheric deposition | D14: FracWet | E14: fraction of N available for leaching and runoff | G14: fraction | H14: Constant | I14: =Common_InputFunctions.CommonCropping_GetFracWET(I16,I18,#REF!,#REF!,Table_SourceData_FracWETIrrigation[Irrigation type i],Table_SourceData_FracWETIrrigation[FracWET]) -> 1
A15: =HYPERLINK("#'4.6.1.7-8 Leaching and runoff'!A1", "4.6.1.7-8 Leaching & runoff") -> 4.6.1.7-8 Leaching & runoff | D15: FracLEACH_MS | E15: fraction of N that is lost through leaching and runoff | G15: fraction | H15: Constant | I15: ='Constants - Poultry'!$E$110 -> 0.02
A16: =HYPERLINK("#'4.6.1.9 Manure applied to soils'!A1", "4.6.1.9 Manure applied to soils") -> 4.6.1.9 Manure applied to soils | D16: z | E16: location in leaching zone | H16: Input | I16: ='Input - Site'!$E$23 -> NO - Not in leaching zone
A17: =HYPERLINK("#'4.6.1.10-11 Soil direct N2O'!A1", "4.6.1.10-11 Soil direct N2O") -> 4.6.1.10-11 Soil direct N2O | D17: j | E17: production system | H17: Input | I17: ='Input - Poultry'!$E$59 -> Crop
A18: =HYPERLINK("#'4.6.1.12-13 Soil atmos dep'!A1", "4.6.1.12-13 Soil Atm. deposition") -> 4.6.1.12-13 Soil Atm. deposition | D18: ir | E18: irrigation method | H18: Input | I18: ='Input - Poultry'!$E$60 -> Sprinkler Irrigation
A19: =HYPERLINK("#'4.6.1.14-15 Soil leach runoff'!A1", "4.6.1.14-15 Soil leach & runoff") -> 4.6.1.14-15 Soil leach & runoff
D20: M1_Table_MN_j_k_m-14_T-1 | N20: M2_Table_MN_j_k_m-14_T-1
A21: APPENDICES | D21: Mass on nitrogen excreted on pasture range and paddock (Method 1) | N21: Mass on nitrogen excreted on pasture range and paddock (Method 2)
A22: =HYPERLINK("#'Constants - Poultry'!A1", "Constants - Poultry") -> Constants - Poultry | D22: Stage 1 MMS | E22: Layers | F22: Meat chicken growers | G22: Meat chicken breeders | H22: Other | N22: Stage 1 MMS | O22: Layers | P22: Meat chicken growers | Q22: Meat chicken breeders | R22: Other
A23: =HYPERLINK("#'Constants - Livestock'!A1", "Constants - Livestock") -> Constants - Livestock | D23: ='Input - Poultry'!$D$33 -> Pasture range and paddock | E23: ='4.6.1.3-4 Direct N20'!E111 -> 1.69936 | F23: ='4.6.1.3-4 Direct N20'!F111 -> 1.813872 | G23: ='4.6.1.3-4 Direct N20'!G111 -> 2.129216 | H23: ='4.6.1.3-4 Direct N20'!H111 -> 1.813872 | I23: =$G$13 -> kg N | N23: ='Input - Poultry'!$D$33 -> Pasture range and paddock | O23: ='4.6.1.3-4 Direct N20'!O111 -> 1.69936 | P23: ='4.6.1.3-4 Direct N20'!P111 -> 1.813872 | Q23: ='4.6.1.3-4 Direct N20'!Q111 -> 2.129216 | R23: ='4.6.1.3-4 Direct N20'!R111 -> 1.813872 | S23: =$G$13 -> kg N
A24: =HYPERLINK("#'Constants - Common'!A1", "Constants - Common") -> Constants - Common
D25: M1_Table_M_vol_m-14 | N25: M2_Table_M_vol_m-14
D26: Mass on nitrogen excreted on pasture range and paddock (Method 1) | N26: Mass on nitrogen excreted on pasture range and paddock (Method 2)
D27: Stage 1 MMS | E27: Layers | F27: Meat chicken growers | G27: Meat chicken breeders | H27: Other | N27: Stage 1 MMS | O27: Layers | P27: Meat chicken growers | Q27: Meat chicken breeders | R27: Other
D28: ='Input - Poultry'!$D$33 -> Pasture range and paddock | E28: {=MMS_Poultry_Soil_LeachingAndRunoff_Equations.VEERG_4_6_1_14__2_MassOfNitrogenLostToLeachingAndRunoffFromPoultryManureOnPasture(E23,$I$14,$I$15)} -> 0.0339872 | F28: {=MMS_Poultry_Soil_LeachingAndRunoff_Equations.VEERG_4_6_1_14__2_MassOfNitrogenLostToLeachingAndRunoffFromPoultryManureOnPasture(F23,$I$14,$I$15)} -> 0.03627744 | G28: {=MMS_Poultry_Soil_LeachingAndRunoff_Equations.VEERG_4_6_1_14__2_MassOfNitrogenLostToLeachingAndRunoffFromPoultryManureOnPasture(G23,$I$14,$I$15)} -> 0.04258432 | H28: {=MMS_Poultry_Soil_LeachingAndRunoff_Equations.VEERG_4_6_1_14__2_MassOfNitrogenLostToLeachingAndRunoffFromPoultryManureOnPasture(H23,$I$14,$I$15)} -> 0.03627744 | I28: =$E$11 -> kg N | N28: ='Input - Poultry'!$D$33 -> Pasture range and paddock | O28: {=MMS_Poultry_Soil_LeachingAndRunoff_Equations.VEERG_4_6_1_14__2_MassOfNitrogenLostToLeachingAndRunoffFromPoultryManureOnPasture(O23,$I$14,$I$15)} -> 0.0339872 | P28: {=MMS_Poultry_Soil_LeachingAndRunoff_Equations.VEERG_4_6_1_14__2_MassOfNitrogenLostToLeachingAndRunoffFromPoultryManureOnPasture(P23,$I$14,$I$15)} -> 0.03627744 | Q28: {=MMS_Poultry_Soil_LeachingAndRunoff_Equations.VEERG_4_6_1_14__2_MassOfNitrogenLostToLeachingAndRunoffFromPoultryManureOnPasture(Q23,$I$14,$I$15)} -> 0.04258432 | R28: {=MMS_Poultry_Soil_LeachingAndRunoff_Equations.VEERG_4_6_1_14__2_MassOfNitrogenLostToLeachingAndRunoffFromPoultryManureOnPasture(R23,$I$14,$I$15)} -> 0.03627744 | S28: =$E$11 -> kg N
D30: Mleach,m=14 | E30: =SUM(E28:H28) -> 0.1491264 | F30: =$E$11 -> kg N | N30: Mleach,m=14 | O30: =SUM(O28:R28) -> 0.1491264 | P30: =$E$11 -> kg N
D35: {=MMS_Poultry_Soil_LeachingAndRunoff_Equations.VEERG_4_6_1_14__1_LeachingAndRunoffEmissionsFromPoultryManureOnPasture_Title()} -> Leaching and runoff emissions from poultry manure deposited on pasture
D36: {=MMS_Poultry_Soil_LeachingAndRunoff_Equations.VEERG_4_6_1_14__1_LeachingAndRunoffEmissionsFromPoultryManureOnPasture_Source()} -> VEERG 2026: 4.6.1.14, Equation (1)
D37: Function name | E37: {=Common_InputFunctions.Utility_DisplayFunctionName(E47)} -> =MMS_Poultry_Soil_LeachingAndRunoff_Equations.VEERG_4_6_1_14__1_LeachingAndRunoffEmissionsFromPoultryManureOnPasture
D40: Variable | E40: {=MMS_Poultry_Soil_LeachingAndRunoff_Equations.VEERG_4_6_1_14__1_LeachingAndRunoffEmissionsFromPoultryManureOnPasture_Variable()} -> E_N2Oleach
D41: Unit | E41: {=MMS_Poultry_Soil_LeachingAndRunoff_Equations.VEERG_4_6_1_14__1_LeachingAndRunoffEmissionsFromPoultryManureOnPasture_Unit()} -> t N2O
D43: {=_xlfn.CHOOSECOLS(MMS_Poultry_Soil_LeachingAndRunoff_Equations.VEERG_4_6_1_14__1_LeachingAndRunoffEmissionsFromPoultryManureOnPasture_Arguments(),1,2)} -> M_leach_m14 | E43: mass of nitrogen lost to leaching and runoff from poultry manure deposited on pasture | H43: {=_xlfn.CHOOSECOLS(MMS_Poultry_Soil_LeachingAndRunoff_Equations.VEERG_4_6_1_14__1_LeachingAndRunoffEmissionsFromPoultryManureOnPasture_Arguments(),3,4)} -> kg N | I43: Calculated from 4.6.1.14 (2) | J43: =E30 -> 0.1491264 | N43: {=_xlfn.CHOOSECOLS(MMS_Poultry_Soil_LeachingAndRunoff_Equations.VEERG_4_6_1_14__1_LeachingAndRunoffEmissionsFromPoultryManureOnPasture_Arguments(),1,2)} -> M_leach_m14 | O43: mass of nitrogen lost to leaching and runoff from poultry manure deposited on pasture | R43: {=_xlfn.CHOOSECOLS(MMS_Poultry_Soil_LeachingAndRunoff_Equations.VEERG_4_6_1_14__1_LeachingAndRunoffEmissionsFromPoultryManureOnPasture_Arguments(),3,4)} -> kg N | S43: Calculated from 4.6.1.14 (2) | T43: =O30 -> 0.1491264
D44: EF_leach | E44: emission factor for leaching and runoff (kg N2O-N/kg N) | H44: kg N2O-N/kg N | I44: Constant | J44: ='Constants - Common'!$E$170 -> 0.011 | N44: EF_leach | O44: emission factor for leaching and runoff (kg N2O-N/kg N) | R44: kg N2O-N/kg N | S44: Constant
D45: C_N2O | E45: factor to convert elemental mass of N2O to molecular mass | H45: ratio | I45: Constant | J45: =Common_InputFunctions.Utility_LookupValueInTableNumber("N2O",Table_GasToMolecularConversionFactor[Gas],Table_GasToMolecularConversionFactor[Conversion factor combined]) -> 1.5714286 | N45: C_N2O | O45: factor to convert elemental mass of N2O to molecular mass | R45: ratio | S45: Constant
D47: EN2O,ad | E47: {=MMS_Poultry_Soil_LeachingAndRunoff_Equations.VEERG_4_6_1_14__1_LeachingAndRunoffEmissionsFromPoultryManureOnPasture(J43,$J$44,$J$45)} -> 2.5777563e-06 | F47: =$E$41 -> t N2O | N47: EN2O,ad | O47: {=MMS_Poultry_Soil_LeachingAndRunoff_Equations.VEERG_4_6_1_14__1_LeachingAndRunoffEmissionsFromPoultryManureOnPasture(T43,$J$44,$J$45)} -> 2.5777563e-06 | P47: =$E$41 -> t N2O
D49: {=Common_Equations.Common_ConvertN2OToCO2e_Arguments()} -> EN2O | E49: Nitrous oxide emissions (t N2O) | G49: =E47 -> 2.5777563e-06 | N49: {=Common_Equations.Common_ConvertN2OToCO2e_Arguments()} -> EN2O | O49: Nitrous oxide emissions (t N2O) | Q49: =O47 -> 2.5777563e-06
D50: GWPN2O | E50: Global warming potential for nitrous oxide (t CO2-e / t N2O) | G50: 265 | N50: GWPN2O | O50: Global warming potential for nitrous oxide (t CO2-e / t N2O) | Q50: 265
D52: ECO2e | E52: {=Common_Equations.Common_ConvertN2OToCO2e(G49,G50)} -> 0.00068310543 | F52: {=Common_Equations.Common_ConvertN2OToCO2e_Unit()} -> t CO2e | N52: ECO2e | O52: {=Common_Equations.Common_ConvertN2OToCO2e(Q49,Q50)} -> 0.00068310543 | P52: {=Common_Equations.Common_ConvertN2OToCO2e_Unit()} -> t CO2e

Sheet Constants - Poultry
A1: #VALUE! | C1: Constants - Poultry
A3: =HYPERLINK("#'Home'!A1", "Home") -> Home
A4: =HYPERLINK("#'Overview'!A1", "Overview") -> Overview
A5: =HYPERLINK("#'Results'!A1", "Results") -> Results | D5: {=SourceData_Poultry.SourceData_Poultry_DietProperties_Title()} -> Poultry - Diet properties
D6: {=SourceData_Poultry.SourceData_Poultry_DietProperties_Source()} -> VEERG 2026: Table A.1.7.1: Poultry - Diet properties
A7: INPUTS
A8: =HYPERLINK("#'Input - Site'!A1", "Site") -> Site | D8: Nutrient analysis | E8: Layers | F8: Meat chicken growers | G8: Meat chicken breeder | H8: Meat other
A9: =HYPERLINK("#'Input - Poultry'!A1", "Poultry") -> Poultry | D9: {=Common_InputFunctions.Utility_DisplayArrayInTable(SourceData_Poultry.SourceData_Poultry_DietProperties_Data(), Table_SourceData_Poultry_DietProperties[[#Headers],[Nutrient analysis]], 0)} -> Dry matter intake (kg/head/day) | E9: {=Common_InputFunctions.Utility_DisplayArrayInTable(SourceData_Poultry.SourceData_Poultry_DietProperties_Data(), Table_SourceData_Poultry_DietProperties[[#Headers],[Nutrient analysis]], 0)} -> 0.086 | F9: {=Common_InputFunctions.Utility_DisplayArrayInTable(SourceData_Poultry.SourceData_Poultry_DietProperties_Data(), Table_SourceData_Poultry_DietProperties[[#Headers],[Nutrient analysis]], 0)} -> 0.093 | G9: {=Common_InputFunctions.Utility_DisplayArrayInTable(SourceData_Poultry.SourceData_Poultry_DietProperties_Data(), Table_SourceData_Poultry_DietProperties[[#Headers],[Nutrient analysis]], 0)} -> 0.103 | H9: {=Common_InputFunctions.Utility_DisplayArrayInTable(SourceData_Poultry.SourceData_Poultry_DietProperties_Data(), Table_SourceData_Poultry_DietProperties[[#Headers],[Nutrient analysis]], 0)} -> 0.093
D10: {=Common_InputFunctions.Utility_DisplayArrayInTable(SourceData_Poultry.SourceData_Poultry_DietProperties_Data(), Table_SourceData_Poultry_DietProperties[[#Headers],[Nutrient analysis]], 0)} -> Dry matter digestibility | E10: {=Common_InputFunctions.Utility_DisplayArrayInTable(SourceData_Poultry.SourceData_Poultry_DietProperties_Data(), Table_SourceData_Poultry_DietProperties[[#Headers],[Nutrient analysis]], 0)} -> 0.8 | F10: {=Common_InputFunctions.Utility_DisplayArrayInTable(SourceData_Poultry.SourceData_Poultry_DietProperties_Data(), Table_SourceData_Poultry_DietProperties[[#Headers],[Nutrient analysis]], 0)} -> 0.8 | G10: {=Common_InputFunctions.Utility_DisplayArrayInTable(SourceData_Poultry.SourceData_Poultry_DietProperties_Data(), Table_SourceData_Poultry_DietProperties[[#Headers],[Nutrient analysis]], 0)} -> 0.8 | H10: {=Common_InputFunctions.Utility_DisplayArrayInTable(SourceData_Poultry.SourceData_Poultry_DietProperties_Data(), Table_SourceData_Poultry_DietProperties[[#Headers],[Nutrient analysis]], 0)} -> 0.8
A11: CALCULATIONS | D11: {=Common_InputFunctions.Utility_DisplayArrayInTable(SourceData_Poultry.SourceData_Poultry_DietProperties_Data(), Table_SourceData_Poultry_DietProperties[[#Headers],[Nutrient analysis]], 0)} -> Crude protein | E11: {=Common_InputFunctions.Utility_DisplayArrayInTable(SourceData_Poultry.SourceData_Poultry_DietProperties_Data(), Table_SourceData_Poultry_DietProperties[[#Headers],[Nutrient analysis]], 0)} -> 0.19 | F11: {=Common_InputFunctions.Utility_DisplayArrayInTable(SourceData_Poultry.SourceData_Poultry_DietProperties_Data(), Table_SourceData_Poultry_DietProperties[[#Headers],[Nutrient analysis]], 0)} -> 0.23 | G11: {=Common_InputFunctions.Utility_DisplayArrayInTable(SourceData_Poultry.SourceData_Poultry_DietProperties_Data(), Table_SourceData_Poultry_DietProperties[[#Headers],[Nutrient analysis]], 0)} -> 0.19 | H11: {=Common_InputFunctions.Utility_DisplayArrayInTable(SourceData_Poultry.SourceData_Poultry_DietProperties_Data(), Table_SourceData_Poultry_DietProperties[[#Headers],[Nutrient analysis]], 0)} -> 0.23
