Workbook
Name _Toc225350871: '5.4.1.1-4 Atmos deposition'!$C$1
Name _Toc225350871: '5.5.1.1-2 Leaching and runoff'!$C$1
Name Common_Equations.Common_ConvertCH4ToCO2e: _xlfn.LAMBDA(_xlpm.E_CH4,_xlpm.GWP_CH4, _xlpm.E_CH4 * _xlpm.GWP_CH4)
Name Common_Equations.Common_ConvertCH4ToCO2e_Arguments: _xlfn.LAMBDA(_xlfn.MAKEARRAY(2, 2, _xlfn.LAMBDA(_xlpm.r,_xlpm.c, INDEX({"ECH4","Methane emissions (t CH4)";"GWPCH4","Global warming potential for methane (t CO2-e / t CH4)"}, _xlpm.r, _xlpm.c))))
Name Common_Equations.Common_ConvertCH4ToCO2e_LatexEquation: _xlfn.LAMBDA("CO2_e = E_{CH4} \times GWP_{CH4}")
Name Common_Equations.Common_ConvertCH4ToCO2e_NIRReference: _xlfn.LAMBDA("")
Name Common_Equations.Common_ConvertCH4ToCO2e_Title: _xlfn.LAMBDA("Convert methane emissions to carbon dioxide equivalent emissions")
Name Common_Equations.Common_ConvertCH4ToCO2e_Unit: _xlfn.LAMBDA("t CO2e")
Name Common_Equations.Common_ConvertCH4ToCO2e_Variable: _xlfn.LAMBDA("ECH4 CO2e")
Name Common_Equations.Common_ConvertN2OToCO2e: _xlfn.LAMBDA(_xlpm.E_N2O,_xlpm.GWP_N2O, _xlpm.E_N2O * _xlpm.GWP_N2O)
Name Common_Equations.Common_ConvertN2OToCO2e_LatexEquation: _xlfn.LAMBDA("CO2_e = E_{N2O} \times GWP_{N2O}")
Name Common_Equations.Common_ConvertN2OToCO2e_NIRReference: _xlfn.LAMBDA("")
Name Common_Equations.Common_ConvertN2OToCO2e_Title: _xlfn.LAMBDA("Convert nitrous oxide emissions to carbon dioxide equivalent emissions")
Name Common_Equations.Common_ConvertN2OToCO2e_Unit: _xlfn.LAMBDA("t CO2e")
Name Common_Equations.Common_ConvertN2OToCO2e_Variable: _xlfn.LAMBDA("EN2O CO2e")
Name Common_InputFunctions.Utility_ConvertStateCommonNameToAbbreviation: _xlfn.LAMBDA(_xlpm.StateCommonName,_xlpm.StateCommonNameArray,_xlpm.StateAbbreviationArray, _xlfn.XLOOKUP(_xlpm.StateCommonName, _xlpm.StateCommonNameArray, _xlpm.StateAbbreviationArray, ""))
Name Common_InputFunctions.Utility_DisplayArguments_1_2: _xlfn.LAMBDA(_xlpm.ArgumentsArray, _xlfn.CHOOSECOLS(_xlpm.ArgumentsArray, 1, 2))
Name Common_InputFunctions.Utility_DisplayArguments_3_4: _xlfn.LAMBDA(_xlpm.ArgumentsArray, _xlfn.CHOOSECOLS(_xlpm.ArgumentsArray, 3, 4))
Name Common_InputFunctions.Utility_DisplayFunctionName: _xlfn.LAMBDA(_xlpm.Function, _xlfn.TEXTBEFORE(_xlfn.FORMULATEXT(_xlpm.Function), "("))
Name Common_InputFunctions.Utility_GetArrayTableColumnStartNumber: _xlfn.LAMBDA(_xlpm.TableHeaderCell, COLUMN(_xlpm.TableHeaderCell))
Name Common_InputFunctions.Utility_GetArrayTableRowStartNumber: _xlfn.LAMBDA(_xlpm.TableheaderCell,_xlpm.RowsBetweenHeaderandArray, ROW(_xlpm.TableheaderCell) + _xlpm.RowsBetweenHeaderandArray - 1)
Name Common_InputFunctions.Utility_LookupValueInTable: _xlfn.LAMBDA(_xlpm.LookupValue,_xlpm.LookupArray,_xlpm.ReturnArray, _xlfn.XLOOKUP(_xlpm.LookupValue, _xlpm.LookupArray, _xlpm.ReturnArray, ""))
Name Common_InputFunctions.Utility_ResultsItemFromEquationTitleAndSource: _xlfn.LAMBDA(_xlpm.TitleCell,_xlpm.SourceCell, SUBSTITUTE(LEFT(_xlpm.SourceCell, FIND(",", _xlpm.SourceCell) - 1), "VEERG 2026: ", "") & " " & _xlpm.TitleCell)
Name Common_InputFunctions.Utility_SourceHyperlink: _xlfn.LAMBDA(_xlpm.TargetCell, _xlfn.LET(_xlpm.sh, _xlfn.TEXTAFTER(CELL("filename", _xlpm.TargetCell), "]"), _xlpm.addr, CELL("address", _xlpm.TargetCell), "#'" & _xlpm.sh & "'!" & _xlpm.addr))
Name Common_InputFunctions.Utility_SourceHyperlinkDifferentSheet: _xlfn.LAMBDA(_xlpm.TargetCell, _xlfn.LET(_xlpm.sh, _xlfn.TEXTAFTER(CELL("filename", _xlpm.TargetCell), "]"), _xlpm.addr, CELL("address", _xlpm.TargetCell), "#" & _xlpm.addr))
Name Common_SourceData.Common_SourceData_AustralianStatesTerritories_Source: _xlfn.LAMBDA("")
Name Common_SourceData.Common_SourceData_AustralianStatesTerritories_Title: _xlfn.LAMBDA("Australian states and territories")
Name Common_SourceData.Common_SourceData_AustralianStatesTerritories_Unit: _xlfn.LAMBDA("")
Name Common_SourceData.Common_SourceData_AustralianStatesTerritories_Variable: _xlfn.LAMBDA("")
Name Common_SourceData.Common_SourceData_ClimateZones_Source: _xlfn.LAMBDA("VEERG 2026: Table 1.3: Climate and Rainfall zone classifications and definitions")
Name Common_SourceData.Common_SourceData_ClimateZones_Title: _xlfn.LAMBDA("VEERG Australian climate zones")
Name Common_SourceData.Common_SourceData_ClimateZones_Unit: _xlfn.LAMBDA("")
Name Common_SourceData.Common_SourceData_ClimateZones_Variable: _xlfn.LAMBDA("")
Name Common_SourceData.Common_SourceData_ConvertGasElementalToMolecular_Source: _xlfn.LAMBDA("XXXXXXX")
Name Common_SourceData.Common_SourceData_ConvertGasElementalToMolecular_Title: _xlfn.LAMBDA("Factor to convert elemental mass of gas to molecular mass")
Name Common_SourceData.Common_SourceData_ConvertGasElementalToMolecular_Unit: _xlfn.LAMBDA("factor")
Name Common_SourceData.Common_SourceData_ConvertGasElementalToMolecular_Variable: _xlfn.LAMBDA("Cg")
Name Common_SourceData.Common_SourceData_ConvertN2oElementalToMolecularCg_Data: _xlfn.LAMBDA(44 / 28)
Name Common_SourceData.Common_SourceData_ConvertN2oElementalToMolecularCg_Source: _xlfn.LAMBDA("National Inventory Report 2023 Volume 1")
Name Common_SourceData.Common_SourceData_ConvertN2oElementalToMolecularCg_Title: _xlfn.LAMBDA("Factor to convert elemental mass of N2O to molecular mass")
Name Common_SourceData.Common_SourceData_ConvertN2oElementalToMolecularCg_Unit: _xlfn.LAMBDA("factor")
Name Common_SourceData.Common_SourceData_ConvertN2oElementalToMolecularCg_Variable: _xlfn.LAMBDA("CgN2O")
Name Common_SourceData.Common_SourceData_DataScores_Scope3_Source: _xlfn.LAMBDA("VEERG 2026: XXXXXXXX")
Name Common_SourceData.Common_SourceData_DataScores_Scope3_Title: _xlfn.LAMBDA("Australian data scores for scope 3")
Name Common_SourceData.Common_SourceData_DataScores_Scope3_Unit: _xlfn.LAMBDA("")
Name Common_SourceData.Common_SourceData_DataScores_Scope3_Variable: _xlfn.LAMBDA("")
Name Common_SourceData.Common_SourceData_DataScores_Scope3_Variation: _xlfn.LAMBDA("")
Name Common_SourceData.Common_SourceData_DensityOfMethane_Data: _xlfn.LAMBDA(0.6784)
Name Common_SourceData.Common_SourceData_DensityOfMethane_Source: _xlfn.LAMBDA("National Inventory Report 2023 Volume 1: Equations 3.B.1a_2, 3.B.1c_2, 3.B.3_1, 3.B.4g_2")
Name Common_SourceData.Common_SourceData_DensityOfMethane_Title: _xlfn.LAMBDA("p = density of methane")
Name Common_SourceData.Common_SourceData_DensityOfMethane_Unit: _xlfn.LAMBDA("kg/m3")
Name Common_SourceData.Common_SourceData_EFleach_Data: _xlfn.LAMBDA(_xlfn.MAKEARRAY(1, 2, _xlfn.LAMBDA(_xlpm.r,_xlpm.c, INDEX({"EFleach",0.011}, _xlpm.r, _xlpm.c))))
Name Common_SourceData.Common_SourceData_EFleach_NIRReference: _xlfn.LAMBDA("National Inventory Report Volume 1: Equation 3.D.B_10")
Name Common_SourceData.Common_SourceData_EFleach_Source: _xlfn.LAMBDA("VEERG 2026:5.5.2.3 Constant Parameters")
Name Common_SourceData.Common_SourceData_EFleach_Title: _xlfn.LAMBDA("Emission factor for nitrogen leaching and runoff")
Name Common_SourceData.Common_SourceData_EFleach_Unit: _xlfn.LAMBDA("(kg N2O-N / kg N")
Name Common_SourceData.Common_SourceData_EFleach_Variation: _xlfn.LAMBDA((""))
Name Common_SourceData.Common_SourceData_EFN2O_NIRReference: _xlfn.LAMBDA("")
Name Common_SourceData.Common_SourceData_EFN2O_Source: _xlfn.LAMBDA("VEERG 2026: Table A.2.2.1")
Name Common_SourceData.Common_SourceData_EFN2O_Title: _xlfn.LAMBDA("Nitrous oxide emission factors for inorganic fertiliser application")

Sheet Home
A1: Home

Sheet Overview
A1: #VALUE! | C1: 5: Fertiliser Use: Overview
A3: =HYPERLINK("#'Home'!A1", "Home") -> Home
A4: =HYPERLINK("#'Overview'!A1", "Overview") -> Overview
A5: =HYPERLINK("#'Results'!A1", "Results") -> Results | D5: 💡 Below is a diagram that maps the equations used to calculate emissions, and how they interact with each other.
D6: Click on a box to go to the corresponding calculation.
A7: INPUTS
A8: =HYPERLINK("#'Input - Site'!A1", "Site") -> Site
A9: =HYPERLINK("#'Input - Fertiliser'!A1", "Fertiliser") -> Fertiliser
A11: CALCULATIONS
A12: =HYPERLINK("#'5.1.1.1-2 Inorganic Fert N2O'!A1", "5.1.1.1-2 Inorganic Fert N2O") -> 5.1.1.1-2 Inorganic Fert N2O
A13: =HYPERLINK("#'5.1.1.3-4 Inorganic fert CO2'!A1", "5.1.1.3-4 Inorganic fert CO2") -> 5.1.1.3-4 Inorganic fert CO2
A14: =HYPERLINK("#'5.2.1.1-2 Organic Fert N2O'!A1", "5.2.1.1-2 Organic Fert N2O") -> 5.2.1.1-2 Organic Fert N2O
A15: =HYPERLINK("#'5.3.1.1-2 Lime CO2'!A1", "5.3.1.1-2 Lime CO2") -> 5.3.1.1-2 Lime CO2
A16: =HYPERLINK("#'5.4.1.1-4 Atmos deposition'!A1", "5.4.1.1-4 Atmos deposition") -> 5.4.1.1-4 Atmos deposition
A17: =HYPERLINK("#'5.5.1.1-2 Leaching and runoff'!A1", "5.5.1.1-2 Leaching and runoff") -> 5.5.1.1-2 Leaching and runoff
A19: APPENDICES
A20: =HYPERLINK("#'Constants - Fertiliser'!A1", "Constants - Fertiliser") -> Constants - Fertiliser
A21: =HYPERLINK("#'Constants - Common'!A1", "Constants - Common") -> Constants - Common
L37: `

Sheet Results
A1: #VALUE! | C1: 5: Fertiliser Use: Results
A3: =HYPERLINK("#'Home'!A1", "Home") -> Home
A4: =HYPERLINK("#'Overview'!A1", "Overview") -> Overview | D4: Emissions breakdown
A5: =HYPERLINK("#'Results'!A1", "Results") -> Results
D6: 💡 NOTE: When there is no Method 2, the Method 2 result are the same as Method 1
A7: INPUTS
A8: =HYPERLINK("#'Input - Site'!A1", "Site") -> Site | D8: Scope 1 source | E8: GHG emissions method 1 | F8: GHG emissions method 2 | G8: GHG Unit | H8: CO2-e emissions method 1 | I8: CO2-e emissions method 2 | J8: CO2-e unit
A9: =HYPERLINK("#'Input - Fertiliser'!A1", "Fertiliser") -> Fertiliser | D9: 5.1.1.1-2 Inorganic fertiliser N2O | E9: ='5.1.1.1-2 Inorganic fert N2O'!$E$80 -> 0.1431067 | F9: ='5.1.1.1-2 Inorganic fert N2O'!$N$88 -> 0.1431067 | G9: t N2O | H9: ='5.1.1.1-2 Inorganic fert N2O'!E85 -> 37.923276 | I9: ='5.1.1.1-2 Inorganic fert N2O'!N93 -> 37.923276 | J9: t CO2e
D10: 5.1.1.3-4 Inorganic fertiliser CO2 | E10: ='5.1.1.3-4 Inorganic fert CO2'!$E$78 -> 7.3333333 | F10: =E10 -> 7.3333333 | G10: t CO2 | H10: ='5.1.1.3-4 Inorganic fert CO2'!$E$78 -> 7.3333333 | I10: =H10 -> 7.3333333 | J10: t CO2e
A11: CALCULATIONS | D11: 5.2.1.1-2 Organic fertiliser N2O | E11: ='5.2.1.1-2 Organic Fert N2O'!$E$50 -> 0.0055785714 | F11: =E11 -> 0.0055785714 | G11: t N2O | H11: ='5.2.1.1-2 Organic Fert N2O'!$E$55 -> 1.4783214 | I11: =H11 -> 1.4783214 | J11: t CO2e
A12: =HYPERLINK("#'5.1.1.1-2 Inorganic Fert N2O'!A1", "5.1.1.1-2 Inorganic Fert N2O") -> 5.1.1.1-2 Inorganic Fert N2O | D12: 5.3.1.1-3 Lime CO2 | E12: ='5.3.1.1-2 Lime CO2'!$E$31 -> 75.808333 | F12: =E12 -> 75.808333 | G12: t CO2 | H12: ='5.3.1.1-2 Lime CO2'!$E$31 -> 75.808333 | I12: =H12 -> 75.808333 | J12: t CO2e
A13: =HYPERLINK("#'5.1.1.3-4 Inorganic fert CO2'!A1", "5.1.1.3-4 Inorganic fert CO2") -> 5.1.1.3-4 Inorganic fert CO2 | D13: 5.4.1.1-5 Atmospheric deposition | E13: ='5.4.1.1-4 Atmos deposition'!E79 + '5.4.1.1-4 Atmos deposition'!$E$146 -> 0.01569293 | F13: =E13 -> 0.01569293 | G13: t N2O | H13: ='5.4.1.1-4 Atmos deposition'!E84 + '5.4.1.1-4 Atmos deposition'!$E$151 -> 4.1586264 | I13: =H13 -> 4.1586264 | J13: t CO2e
A14: =HYPERLINK("#'5.2.1.1-2 Organic Fert N2O'!A1", "5.2.1.1-2 Organic Fert N2O") -> 5.2.1.1-2 Organic Fert N2O | D14: 5.5.1.1-2 Leaching and runoff | E14: ='5.5.1.1-2 Leaching and runoff'!$E$94 -> 0.056917155 | F14: =E14 -> 0.056917155 | G14: t N2O | H14: ='5.5.1.1-2 Leaching and runoff'!$E$99 -> 15.083046 | I14: =H14 -> 15.083046 | J14: t CO2e
A15: =HYPERLINK("#'5.3.1.1-2 Lime CO2'!A1", "5.3.1.1-2 Lime CO2") -> 5.3.1.1-2 Lime CO2 | D15: Total | H15: =SUM(H9:H14) -> 141.78494 | I15: =SUM(I9:I14) -> 141.78494 | J15: t CO2e
A16: =HYPERLINK("#'5.4.1.1-4 Atmos deposition'!A1", "5.4.1.1-4 Atmos deposition") -> 5.4.1.1-4 Atmos deposition
A17: =HYPERLINK("#'5.5.1.1-2 Leaching and runoff'!A1", "5.5.1.1-2 Leaching and runoff") -> 5.5.1.1-2 Leaching and runoff
A19: APPENDICES
A20: =HYPERLINK("#'Constants - Fertiliser'!A1", "Constants - Fertiliser") -> Constants - Fertiliser
A21: =HYPERLINK("#'Constants - Common'!A1", "Constants - Common") -> Constants - Common

Sheet Input - Site
A1: #VALUE! | C1: Input - Site
A3: =HYPERLINK("#'Home'!A1", "Home") -> Home
A4: =HYPERLINK("#'Overview'!A1", "Overview") -> Overview
A5: =HYPERLINK("#'Results'!A1", "Results") -> Results | D5: Your business
A7: INPUTS | D7: Farm name | E7: My test farm
A8: =HYPERLINK("#'Input - Site'!A1", "Site") -> Site | D8: Reporting entity name | E8: My test Farms Pty Ltd
A9: =HYPERLINK("#'Input - Fertiliser'!A1", "Fertiliser") -> Fertiliser
D10: 💡An 'Emissions accounting period' is a 12 month period where the business can report on the emissions, and is typically the same as the business' financial accounting period.
A11: CALCULATIONS
A12: =HYPERLINK("#'5.1.1.1-2 Inorganic Fert N2O'!A1", "5.1.1.1-2 Inorganic Fert N2O") -> 5.1.1.1-2 Inorganic Fert N2O | D12: Emissions calculation period start date | E12: 45658 | F12: ← DD/MM/YYYY or DD Month YYYY
A13: =HYPERLINK("#'5.1.1.3-4 Inorganic fert CO2'!A1", "5.1.1.3-4 Inorganic fert CO2") -> 5.1.1.3-4 Inorganic fert CO2 | D13: Emissions calculation period end date | E13: =DATE(YEAR(E12)+1,MONTH(E12),DAY(E12))-1 -> 46022 | F13: ← Automatically calculated, 12 months after start date
A14: =HYPERLINK("#'5.2.1.1-2 Organic Fert N2O'!A1", "5.2.1.1-2 Organic Fert N2O") -> 5.2.1.1-2 Organic Fert N2O
A15: =HYPERLINK("#'5.3.1.1-2 Lime CO2'!A1", "5.3.1.1-2 Lime CO2") -> 5.3.1.1-2 Lime CO2
A16: =HYPERLINK("#'5.4.1.1-4 Atmos deposition'!A1", "5.4.1.1-4 Atmos deposition") -> 5.4.1.1-4 Atmos deposition | D16: Location and climate
A17: =HYPERLINK("#'5.5.1.1-2 Leaching and runoff'!A1", "5.5.1.1-2 Leaching and runoff") -> 5.5.1.1-2 Leaching and runoff
D18: Location information is used to reference some region and climate-specific emission factors
A19: APPENDICES | D19: Tip: Use the web-based GAF Location Helper tool to easily get region and climate information. You will need an internet connection to use the GAF Location Helper.
A20: =HYPERLINK("#'Constants - Fertiliser'!A1", "Constants - Fertiliser") -> Constants - Fertiliser
A21: =HYPERLINK("#'Constants - Common'!A1", "Constants - Common") -> Constants - Common | D21: State | E21: Western Australia | F21: ← Please select
D22: Region (ABS Statistical area level 4) if state is WA | E22: Western Australia - Outback (South) | F22: ← Please select
D23: Leaching zone | E23: NO - Not in leaching zone | F23: ← Please select
D24: Elevation | E24: 307.7 | F24: Meters
D25: Average temperature for reporting period | E25: 18 | F25: Degrees celsius
D26: Total rainfall for reporting period | E26: 601 | F26: Millimetres
D27: Potential evapotranspiration for reporting period | E27: 1326 | F27: Millimetres
D28: Number of frost days for reporting period | E28: 7 | F28: Days
D29: MAP:PET ratio | E29: =E26/E27 -> 0.45324284
D30: Rainfall zone | E30: =Common_InputFunctions.Utility_LookupItemFromMinMax(E26,Table_SourceData_RainfallZones[Min rainfall],Table_SourceData_RainfallZones[Max rainfall],Table_SourceData_RainfallZones[Rainfall Zone]) -> High rainfall
D31: Climate zone | E31: =Common_InputFunctions.Utility_GetClimateZone(E25,E26,E28,E24,E29,Table_SourceData_ClimateZones[Min temp],Table_SourceData_ClimateZones[Max temp],Table_SourceData_ClimateZones[Min rainfall],Table_SourceData_ClimateZones[Max rainfall],Table_SourceData_ClimateZones[Min frost days],Table_SourceData_ClimateZones[Max frost days],Table_SourceData_ClimateZones[Min elevation],Table_SourceData_ClimateZones[Max elevation],Table_SourceData_ClimateZones[Min MAP:PET],Table_SourceData_ClimateZones[Max MAP:PET],Table_SourceData_ClimateZones[Climate zone]) -> Warm temperate dry
D32: Wet or dry climate zone | E32: =Common_InputFunctions.Utility_LookupValueInTable($E$31,Table_SourceData_WetDryZones[Climate zone],Table_SourceData_WetDryZones[Wet or Dry Zone]) -> Dry climate zone
D33: Temperature zone | E33: =Common_InputFunctions.Utility_LookupItemFromMinMax(E25,Table_SourceData_TemperatureZones[Min MAT],Table_SourceData_TemperatureZones[Max MAT],Table_SourceData_TemperatureZones[Temperature Zone]) -> Temperate

Sheet Input - Fertiliser
A1: #VALUE! | C1: Input - Fertiliser
A3: =HYPERLINK("#'Home'!A1", "Home") -> Home
A4: =HYPERLINK("#'Overview'!A1", "Overview") -> Overview
A5: =HYPERLINK("#'Results'!A1", "Results") -> Results
D6: Production system | E6: Crop | F6: ← Please select
A7: INPUTS | D7: Crop type | E7: Grains | F7: ← Please select
A8: =HYPERLINK("#'Input - Site'!A1", "Site") -> Site | D8: Irrigation method | E8: Sprinkler Irrigation | F8: ← Please select
A9: =HYPERLINK("#'Input - Fertiliser'!A1", "Fertiliser") -> Fertiliser | D9: Area under cropping | E9: 100 | F9: hectares
A11: CALCULATIONS | D11: Inorganic fertiliser applied
A12: =HYPERLINK("#'5.1.1.1-2 Inorganic Fert N2O'!A1", "5.1.1.1-2 Inorganic Fert N2O") -> 5.1.1.1-2 Inorganic Fert N2O
A13: =HYPERLINK("#'5.1.1.3-4 Inorganic fert CO2'!A1", "5.1.1.3-4 Inorganic fert CO2") -> 5.1.1.3-4 Inorganic fert CO2 | D13: 💡You can add more rows to tables by right-clicking on the table and selecting "Insert > Table rows above/below".
A14: =HYPERLINK("#'5.2.1.1-2 Organic Fert N2O'!A1", "5.2.1.1-2 Organic Fert N2O") -> 5.2.1.1-2 Organic Fert N2O | D14: 💡The application area is the same as the area under pasture / cropping by default. You can edit it if the application area is different.
A15: =HYPERLINK("#'5.3.1.1-2 Lime CO2'!A1", "5.3.1.1-2 Lime CO2") -> 5.3.1.1-2 Lime CO2
A16: =HYPERLINK("#'5.4.1.1-4 Atmos deposition'!A1", "5.4.1.1-4 Atmos deposition") -> 5.4.1.1-4 Atmos deposition | D16: Branded fertiliser products
A17: =HYPERLINK("#'5.5.1.1-2 Leaching and runoff'!A1", "5.5.1.1-2 Leaching and runoff") -> 5.5.1.1-2 Leaching and runoff | D17: Product (select) | E17: Amount applied per hectare | F17: Application unit | G17: Density | H17: Application area (ha) | I17: Total applied (kg) | J17: Ingredient 1 | K17: Ingredient 1 percent | L17: Ingredient 2 | M17: Ingredient 2 percent | N17: Ingredient 3 | O17: Ingredient 3 percent | P17: Ingredient 4 | Q17: Ingredient 4 percent | R17: Ingredient 5 | S17: Ingredient 5 percent | T17: Ingredient 6 | U17: Ingredient 6 percent | V17: N application rate (kg/ha) | W17: Urea source | X17: Ammonia source
D18: Aqua Finish | E18: 100 | F18: =_xlfn.XLOOKUP(Table_Input_InorganicFertiliser_Brands[[#This Row],[Product (select)]],FertiliserProducts[Product name],FertiliserProducts[Unit]) -> L | G18: =_xlfn.XLOOKUP(Table_Input_InorganicFertiliser_Brands[[#This Row],[Product (select)]],FertiliserProducts[Product name],FertiliserProducts[Density / gravity]) -> 1.26 | H18: =$E$9 -> 100 | I18: =(Table_Input_InorganicFertiliser_Brands[[#This Row],[Amount applied per hectare]]*Table_Input_InorganicFertiliser_Brands[[#This Row],[Density]])*Table_Input_InorganicFertiliser_Brands[[#This Row],[Application area (ha)]] -> 12600 | J18: {=Fertiliser_InputFunctions.Fertiliser_FertiliserProductLookup(Table_Input_InorganicFertiliser_Brands[[#This Row],[Product (select)]], Table_Input_InorganicFertiliser_Brands[[#Headers],[Ingredient 1]], FertiliserProducts[#Data], FertiliserProducts[Product name], FertiliserProducts[#Headers])} -> Potassium - Generic | K18: {=Fertiliser_InputFunctions.Fertiliser_FertiliserProductLookup(Table_Input_InorganicFertiliser_Brands[[#This Row],[Product (select)]], Table_Input_InorganicFertiliser_Brands[[#Headers],[Ingredient 1 percent]], FertiliserProducts[#Data], FertiliserProducts[Product name], FertiliserProducts[#Headers])} -> 0.225 | L18: {=Fertiliser_InputFunctions.Fertiliser_FertiliserProductLookup(Table_Input_InorganicFertiliser_Brands[[#This Row],[Product (select)]], Table_Input_InorganicFertiliser_Brands[[#Headers],[Ingredient 2]], FertiliserProducts[#Data], FertiliserProducts[Product name], FertiliserProducts[#Headers])} -> Phosphorus - Generic | M18: {=Fertiliser_InputFunctions.Fertiliser_FertiliserProductLookup(Table_Input_InorganicFertiliser_Brands[[#This Row],[Product (select)]], Table_Input_InorganicFertiliser_Brands[[#Headers],[Ingredient 2 percent]], FertiliserProducts[#Data], FertiliserProducts[Product name], FertiliserProducts[#Headers])} -> 0.04 | N18: {=Fertiliser_InputFunctions.Fertiliser_FertiliserProductLookup(Table_Input_InorganicFertiliser_Brands[[#This Row],[Product (select)]], Table_Input_InorganicFertiliser_Brands[[#Headers],[Ingredient 3]], FertiliserProducts[#Data], FertiliserProducts[Product name], FertiliserProducts[#Headers])} -> Nitrogen - Generic | O18: {=Fertiliser_InputFunctions.Fertiliser_FertiliserProductLookup(Table_Input_InorganicFertiliser_Brands[[#This Row],[Product (select)]], Table_Input_InorganicFertiliser_Brands[[#Headers],[Ingredient 3 percent]], FertiliserProducts[#Data], FertiliserProducts[Product name], FertiliserProducts[#Headers])} -> 0.026 | P18: {=Fertiliser_InputFunctions.Fertiliser_FertiliserProductLookup(Table_Input_InorganicFertiliser_Brands[[#This Row],[Product (select)]], Table_Input_InorganicFertiliser_Brands[[#Headers],[Ingredient 4]], FertiliserProducts[#Data], FertiliserProducts[Product name], FertiliserProducts[#Headers])} | Q18: {=Fertiliser_InputFunctions.Fertiliser_FertiliserProductLookup(Table_Input_InorganicFertiliser_Brands[[#This Row],[Product (select)]], Table_Input_InorganicFertiliser_Brands[[#Headers],[Ingredient 4 percent]], FertiliserProducts[#Data], FertiliserProducts[Product name], FertiliserProducts[#Headers])} | R18: {=Fertiliser_InputFunctions.Fertiliser_FertiliserProductLookup(Table_Input_InorganicFertiliser_Brands[[#This Row],[Product (select)]], Table_Input_InorganicFertiliser_Brands[[#Headers],[Ingredient 5]], FertiliserProducts[#Data], FertiliserProducts[Product name], FertiliserProducts[#Headers])} | S18: {=Fertiliser_InputFunctions.Fertiliser_FertiliserProductLookup(Table_Input_InorganicFertiliser_Brands[[#This Row],[Product (select)]], Table_Input_InorganicFertiliser_Brands[[#Headers],[Ingredient 5 percent]], FertiliserProducts[#Data], FertiliserProducts[Product name], FertiliserProducts[#Headers])} | T18: {=Fertiliser_InputFunctions.Fertiliser_FertiliserProductLookup(Table_Input_InorganicFertiliser_Brands[[#This Row],[Product (select)]], Table_Input_InorganicFertiliser_Brands[[#Headers],[Ingredient 6]], FertiliserProducts[#Data], FertiliserProducts[Product name], FertiliserProducts[#Headers])} | U18: {=Fertiliser_InputFunctions.Fertiliser_FertiliserProductLookup(Table_Input_InorganicFertiliser_Brands[[#This Row],[Product (select)]], Table_Input_InorganicFertiliser_Brands[[#Headers],[Ingredient 6 percent]], FertiliserProducts[#Data], FertiliserProducts[Product name], FertiliserProducts[#Headers])} | V18: =(Table_Input_InorganicFertiliser_Brands[[#This Row],[Amount applied per hectare]]*Table_Input_InorganicFertiliser_Brands[[#This Row],[Density]])*(IFERROR((_xlfn.XLOOKUP(Table_Input_InorganicFertiliser_Brands[[#This Row],[Ingredient 1]], Table_Fertiliser_ChemicalCompounds[Fertiliser type f],Table_Fertiliser_ChemicalCompounds[FNinorganic f])*Table_Input_InorganicFertiliser_Brands[[#This Row],[Ingredient 1 percent]]), 0)+ IFERROR((_xlfn.XLOOKUP(Table_Input_InorganicFertiliser_Brands[[#This Row],[Ingredient 2]],Table_Fertiliser_ChemicalCompounds[Fertiliser type f],Table_Fertiliser_ChemicalCompounds[FNinorganic f])*Table_Input_InorganicFertiliser_Brands[[#This Row],[Ingredient 2 percent]]), 0)+ IFERROR((_xlfn.XLOOKUP(Table_Input_InorganicFertiliser_Brands[[#This Row],[Ingredient 3]],Table_Fertiliser_ChemicalCompounds[Fertiliser type f],Table_Fertiliser_ChemicalCompounds[FNinorganic f])*Table_Input_InorganicFertiliser_Brands[[#This Row],[Ingredient 3 percent]]), 0)+ IFERROR((_xlfn.XLOOKUP(Table_Input_InorganicFertiliser_Brands[[#This Row],[Ingredient 4]],Table_Fertiliser_ChemicalCompounds[Fertiliser type f],Table_Fertiliser_ChemicalCompounds[FNinorganic f])*Table_Input_InorganicFertiliser_Brands[[#This Row],[Ingredient 4 percent]]), 0)+ IFERROR((_xlfn.XLOOKUP(Table_Input_InorganicFertiliser_Brands[[#This Row],[Ingredient 5]],Table_Fertiliser_ChemicalCompounds[Fertiliser type f],Table_Fertiliser_ChemicalCompounds[FNinorganic f])*Table_Input_InorganicFertiliser_Brands[[#This Row],[Ingredient 5 percent]]), 0)+ IFERROR((_xlfn.XLOOKUP(Table_Input_InorganicFertiliser_Brands[[#This Row],[Ingredient 6]],Table_Fertiliser_ChemicalCompounds[Fertiliser type f],Table_Fertiliser_ChemicalCompounds[FNinorganic f])*Table_Input_InorganicFertiliser_Brands[[#This Row],[Ingredient 6 percent]]), 0)) -> 3.276 | W18: =_xlfn.XLOOKUP(Table_Input_InorganicFertiliser_Brands[[#This Row],[Product (select)]],FertiliserProducts[Product name],FertiliserProducts[Urea source]) | X18: =_xlfn.XLOOKUP(Table_Input_InorganicFertiliser_Brands[[#This Row],[Product (select)]],FertiliserProducts[Product name],FertiliserProducts[Ammonia source])
A19: APPENDICES | D19: CalPhos | E19: 100 | F19: =_xlfn.XLOOKUP(Table_Input_InorganicFertiliser_Brands[[#This Row],[Product (select)]],FertiliserProducts[Product name],FertiliserProducts[Unit]) -> L | G19: =_xlfn.XLOOKUP(Table_Input_InorganicFertiliser_Brands[[#This Row],[Product (select)]],FertiliserProducts[Product name],FertiliserProducts[Density / gravity]) -> 1.285 | H19: =$E$9 -> 100 | I19: =(Table_Input_InorganicFertiliser_Brands[[#This Row],[Amount applied per hectare]]*Table_Input_InorganicFertiliser_Brands[[#This Row],[Density]])*Table_Input_InorganicFertiliser_Brands[[#This Row],[Application area (ha)]] -> 12850 | J19: {=Fertiliser_InputFunctions.Fertiliser_FertiliserProductLookup(Table_Input_InorganicFertiliser_Brands[[#This Row],[Product (select)]], Table_Input_InorganicFertiliser_Brands[[#Headers],[Ingredient 1]], FertiliserProducts[#Data], FertiliserProducts[Product name], FertiliserProducts[#Headers])} -> Phosphorus - Generic | K19: {=Fertiliser_InputFunctions.Fertiliser_FertiliserProductLookup(Table_Input_InorganicFertiliser_Brands[[#This Row],[Product (select)]], Table_Input_InorganicFertiliser_Brands[[#Headers],[Ingredient 1 percent]], FertiliserProducts[#Data], FertiliserProducts[Product name], FertiliserProducts[#Headers])} -> 0.135 | L19: {=Fertiliser_InputFunctions.Fertiliser_FertiliserProductLookup(Table_Input_InorganicFertiliser_Brands[[#This Row],[Product (select)]], Table_Input_InorganicFertiliser_Brands[[#Headers],[Ingredient 2]], FertiliserProducts[#Data], FertiliserProducts[Product name], FertiliserProducts[#Headers])} -> Calcium - Generic | M19: {=Fertiliser_InputFunctions.Fertiliser_FertiliserProductLookup(Table_Input_InorganicFertiliser_Brands[[#This Row],[Product (select)]], Table_Input_InorganicFertiliser_Brands[[#Headers],[Ingredient 2 percent]], FertiliserProducts[#Data], FertiliserProducts[Product name], FertiliserProducts[#Headers])} -> 0.04 | N19: {=Fertiliser_InputFunctions.Fertiliser_FertiliserProductLookup(Table_Input_InorganicFertiliser_Brands[[#This Row],[Product (select)]], Table_Input_InorganicFertiliser_Brands[[#Headers],[Ingredient 3]], FertiliserProducts[#Data], FertiliserProducts[Product name], FertiliserProducts[#Headers])} | O19: {=Fertiliser_InputFunctions.Fertiliser_FertiliserProductLookup(Table_Input_InorganicFertiliser_Brands[[#This Row],[Product (select)]], Table_Input_InorganicFertiliser_Brands[[#Headers],[Ingredient 3 percent]], FertiliserProducts[#Data], FertiliserProducts[Product name], FertiliserProducts[#Headers])} | P19: {=Fertiliser_InputFunctions.Fertiliser_FertiliserProductLookup(Table_Input_InorganicFertiliser_Brands[[#This Row],[Product (select)]], Table_Input_InorganicFertiliser_Brands[[#Headers],[Ingredient 4]], FertiliserProducts[#Data], FertiliserProducts[Product name], FertiliserProducts[#Headers])} | Q19: {=Fertiliser_InputFunctions.Fertiliser_FertiliserProductLookup(Table_Input_InorganicFertiliser_Brands[[#This Row],[Product (select)]], Table_Input_InorganicFertiliser_Brands[[#Headers],[Ingredient 4 percent]], FertiliserProducts[#Data], FertiliserProducts[Product name], FertiliserProducts[#Headers])} | R19: {=Fertiliser_InputFunctions.Fertiliser_FertiliserProductLookup(Table_Input_InorganicFertiliser_Brands[[#This Row],[Product (select)]], Table_Input_InorganicFertiliser_Brands[[#Headers],[Ingredient 5]], FertiliserProducts[#Data], FertiliserProducts[Product name], FertiliserProducts[#Headers])} | S19: {=Fertiliser_InputFunctions.Fertiliser_FertiliserProductLookup(Table_Input_InorganicFertiliser_Brands[[#This Row],[Product (select)]], Table_Input_InorganicFertiliser_Brands[[#Headers],[Ingredient 5 percent]], FertiliserProducts[#Data], FertiliserProducts[Product name], FertiliserProducts[#Headers])} | T19: {=Fertiliser_InputFunctions.Fertiliser_FertiliserProductLookup(Table_Input_InorganicFertiliser_Brands[[#This Row],[Product (select)]], Table_Input_InorganicFertiliser_Brands[[#Headers],[Ingredient 6]], FertiliserProducts[#Data], FertiliserProducts[Product name], FertiliserProducts[#Headers])} | U19: {=Fertiliser_InputFunctions.Fertiliser_FertiliserProductLookup(Table_Input_InorganicFertiliser_Brands[[#This Row],[Product (select)]], Table_Input_InorganicFertiliser_Brands[[#Headers],[Ingredient 6 percent]], FertiliserProducts[#Data], FertiliserProducts[Product name], FertiliserProducts[#Headers])} | V19: =(Table_Input_InorganicFertiliser_Brands[[#This Row],[Amount applied per hectare]]*Table_Input_InorganicFertiliser_Brands[[#This Row],[Density]])*(IFERROR((_xlfn.XLOOKUP(Table_Input_InorganicFertiliser_Brands[[#This Row],[Ingredient 1]], Table_Fertiliser_ChemicalCompounds[Fertiliser type f],Table_Fertiliser_ChemicalCompounds[FNinorganic f])*Table_Input_InorganicFertiliser_Brands[[#This Row],[Ingredient 1 percent]]), 0)+ IFERROR((_xlfn.XLOOKUP(Table_Input_InorganicFertiliser_Brands[[#This Row],[Ingredient 2]],Table_Fertiliser_ChemicalCompounds[Fertiliser type f],Table_Fertiliser_ChemicalCompounds[FNinorganic f])*Table_Input_InorganicFertiliser_Brands[[#This Row],[Ingredient 2 percent]]), 0)+ IFERROR((_xlfn.XLOOKUP(Table_Input_InorganicFertiliser_Brands[[#This Row],[Ingredient 3]],Table_Fertiliser_ChemicalCompounds[Fertiliser type f],Table_Fertiliser_ChemicalCompounds[FNinorganic f])*Table_Input_InorganicFertiliser_Brands[[#This Row],[Ingredient 3 percent]]), 0)+ IFERROR((_xlfn.XLOOKUP(Table_Input_InorganicFertiliser_Brands[[#This Row],[Ingredient 4]],Table_Fertiliser_ChemicalCompounds[Fertiliser type f],Table_Fertiliser_ChemicalCompounds[FNinorganic f])*Table_Input_InorganicFertiliser_Brands[[#This Row],[Ingredient 4 percent]]), 0)+ IFERROR((_xlfn.XLOOKUP(Table_Input_InorganicFertiliser_Brands[[#This Row],[Ingredient 5]],Table_Fertiliser_ChemicalCompounds[Fertiliser type f],Table_Fertiliser_ChemicalCompounds[FNinorganic f])*Table_Input_InorganicFertiliser_Brands[[#This Row],[Ingredient 5 percent]]), 0)+ IFERROR((_xlfn.XLOOKUP(Table_Input_InorganicFertiliser_Brands[[#This Row],[Ingredient 6]],Table_Fertiliser_ChemicalCompounds[Fertiliser type f],Table_Fertiliser_ChemicalCompounds[FNinorganic f])*Table_Input_InorganicFertiliser_Brands[[#This Row],[Ingredient 6 percent]]), 0)) -> 0 | W19: =_xlfn.XLOOKUP(Table_Input_InorganicFertiliser_Brands[[#This Row],[Product (select)]],FertiliserProducts[Product name],FertiliserProducts[Urea source]) | X19: =_xlfn.XLOOKUP(Table_Input_InorganicFertiliser_Brands[[#This Row],[Product (select)]],FertiliserProducts[Product name],FertiliserProducts[Ammonia source])
A20: =HYPERLINK("#'Constants - Fertiliser'!A1", "Constants - Fertiliser") -> Constants - Fertiliser | D20: CalPhos | E20: 100 | F20: =_xlfn.XLOOKUP(Table_Input_InorganicFertiliser_Brands[[#This Row],[Product (select)]],FertiliserProducts[Product name],FertiliserProducts[Unit]) -> L | G20: =_xlfn.XLOOKUP(Table_Input_InorganicFertiliser_Brands[[#This Row],[Product (select)]],FertiliserProducts[Product name],FertiliserProducts[Density / gravity]) -> 1.285 | H20: =$E$9 -> 100 | I20: =(Table_Input_InorganicFertiliser_Brands[[#This Row],[Amount applied per hectare]]*Table_Input_InorganicFertiliser_Brands[[#This Row],[Density]])*Table_Input_InorganicFertiliser_Brands[[#This Row],[Application area (ha)]] -> 12850 | J20: {=Fertiliser_InputFunctions.Fertiliser_FertiliserProductLookup(Table_Input_InorganicFertiliser_Brands[[#This Row],[Product (select)]], Table_Input_InorganicFertiliser_Brands[[#Headers],[Ingredient 1]], FertiliserProducts[#Data], FertiliserProducts[Product name], FertiliserProducts[#Headers])} -> Phosphorus - Generic | K20: {=Fertiliser_InputFunctions.Fertiliser_FertiliserProductLookup(Table_Input_InorganicFertiliser_Brands[[#This Row],[Product (select)]], Table_Input_InorganicFertiliser_Brands[[#Headers],[Ingredient 1 percent]], FertiliserProducts[#Data], FertiliserProducts[Product name], FertiliserProducts[#Headers])} -> 0.135 | L20: {=Fertiliser_InputFunctions.Fertiliser_FertiliserProductLookup(Table_Input_InorganicFertiliser_Brands[[#This Row],[Product (select)]], Table_Input_InorganicFertiliser_Brands[[#Headers],[Ingredient 2]], FertiliserProducts[#Data], FertiliserProducts[Product name], FertiliserProducts[#Headers])} -> Calcium - Generic | M20: {=Fertiliser_InputFunctions.Fertiliser_FertiliserProductLookup(Table_Input_InorganicFertiliser_Brands[[#This Row],[Product (select)]], Table_Input_InorganicFertiliser_Brands[[#Headers],[Ingredient 2 percent]], FertiliserProducts[#Data], FertiliserProducts[Product name], FertiliserProducts[#Headers])} -> 0.04 | N20: {=Fertiliser_InputFunctions.Fertiliser_FertiliserProductLookup(Table_Input_InorganicFertiliser_Brands[[#This Row],[Product (select)]], Table_Input_InorganicFertiliser_Brands[[#Headers],[Ingredient 3]], FertiliserProducts[#Data], FertiliserProducts[Product name], FertiliserProducts[#Headers])} | O20: {=Fertiliser_InputFunctions.Fertiliser_FertiliserProductLookup(Table_Input_InorganicFertiliser_Brands[[#This Row],[Product (select)]], Table_Input_InorganicFertiliser_Brands[[#Headers],[Ingredient 3 percent]], FertiliserProducts[#Data], FertiliserProducts[Product name], FertiliserProducts[#Headers])} | P20: {=Fertiliser_InputFunctions.Fertiliser_FertiliserProductLookup(Table_Input_InorganicFertiliser_Brands[[#This Row],[Product (select)]], Table_Input_InorganicFertiliser_Brands[[#Headers],[Ingredient 4]], FertiliserProducts[#Data], FertiliserProducts[Product name], FertiliserProducts[#Headers])} | Q20: {=Fertiliser_InputFunctions.Fertiliser_FertiliserProductLookup(Table_Input_InorganicFertiliser_Brands[[#This Row],[Product (select)]], Table_Input_InorganicFertiliser_Brands[[#Headers],[Ingredient 4 percent]], FertiliserProducts[#Data], FertiliserProducts[Product name], FertiliserProducts[#Headers])} | R20: {=Fertiliser_InputFunctions.Fertiliser_FertiliserProductLookup(Table_Input_InorganicFertiliser_Brands[[#This Row],[Product (select)]], Table_Input_InorganicFertiliser_Brands[[#Headers],[Ingredient 5]], FertiliserProducts[#Data], FertiliserProducts[Product name], FertiliserProducts[#Headers])} | S20: {=Fertiliser_InputFunctions.Fertiliser_FertiliserProductLookup(Table_Input_InorganicFertiliser_Brands[[#This Row],[Product (select)]], Table_Input_InorganicFertiliser_Brands[[#Headers],[Ingredient 5 percent]], FertiliserProducts[#Data], FertiliserProducts[Product name], FertiliserProducts[#Headers])} | T20: {=Fertiliser_InputFunctions.Fertiliser_FertiliserProductLookup(Table_Input_InorganicFertiliser_Brands[[#This Row],[Product (select)]], Table_Input_InorganicFertiliser_Brands[[#Headers],[Ingredient 6]], FertiliserProducts[#Data], FertiliserProducts[Product name], FertiliserProducts[#Headers])} | U20: {=Fertiliser_InputFunctions.Fertiliser_FertiliserProductLookup(Table_Input_InorganicFertiliser_Brands[[#This Row],[Product (select)]], Table_Input_InorganicFertiliser_Brands[[#Headers],[Ingredient 6 percent]], FertiliserProducts[#Data], FertiliserProducts[Product name], FertiliserProducts[#Headers])} | V20: =(Table_Input_InorganicFertiliser_Brands[[#This Row],[Amount applied per hectare]]*Table_Input_InorganicFertiliser_Brands[[#This Row],[Density]])*(IFERROR((_xlfn.XLOOKUP(Table_Input_InorganicFertiliser_Brands[[#This Row],[Ingredient 1]], Table_Fertiliser_ChemicalCompounds[Fertiliser type f],Table_Fertiliser_ChemicalCompounds[FNinorganic f])*Table_Input_InorganicFertiliser_Brands[[#This Row],[Ingredient 1 percent]]), 0)+ IFERROR((_xlfn.XLOOKUP(Table_Input_InorganicFertiliser_Brands[[#This Row],[Ingredient 2]],Table_Fertiliser_ChemicalCompounds[Fertiliser type f],Table_Fertiliser_ChemicalCompounds[FNinorganic f])*Table_Input_InorganicFertiliser_Brands[[#This Row],[Ingredient 2 percent]]), 0)+ IFERROR((_xlfn.XLOOKUP(Table_Input_InorganicFertiliser_Brands[[#This Row],[Ingredient 3]],Table_Fertiliser_ChemicalCompounds[Fertiliser type f],Table_Fertiliser_ChemicalCompounds[FNinorganic f])*Table_Input_InorganicFertiliser_Brands[[#This Row],[Ingredient 3 percent]]), 0)+ IFERROR((_xlfn.XLOOKUP(Table_Input_InorganicFertiliser_Brands[[#This Row],[Ingredient 4]],Table_Fertiliser_ChemicalCompounds[Fertiliser type f],Table_Fertiliser_ChemicalCompounds[FNinorganic f])*Table_Input_InorganicFertiliser_Brands[[#This Row],[Ingredient 4 percent]]), 0)+ IFERROR((_xlfn.XLOOKUP(Table_Input_InorganicFertiliser_Brands[[#This Row],[Ingredient 5]],Table_Fertiliser_ChemicalCompounds[Fertiliser type f],Table_Fertiliser_ChemicalCompounds[FNinorganic f])*Table_Input_InorganicFertiliser_Brands[[#This Row],[Ingredient 5 percent]]), 0)+ IFERROR((_xlfn.XLOOKUP(Table_Input_InorganicFertiliser_Brands[[#This Row],[Ingredient 6]],Table_Fertiliser_ChemicalCompounds[Fertiliser type f],Table_Fertiliser_ChemicalCompounds[FNinorganic f])*Table_Input_InorganicFertiliser_Brands[[#This Row],[Ingredient 6 percent]]), 0)) -> 0 | W20: =_xlfn.XLOOKUP(Table_Input_InorganicFertiliser_Brands[[#This Row],[Product (select)]],FertiliserProducts[Product name],FertiliserProducts[Urea source]) | X20: =_xlfn.XLOOKUP(Table_Input_InorganicFertiliser_Brands[[#This Row],[Product (select)]],FertiliserProducts[Product name],FertiliserProducts[Ammonia source])
A21: =HYPERLINK("#'Constants - Common'!A1", "Constants - Common") -> Constants - Common | D21: Aqua Grow | E21: 100 | F21: =_xlfn.XLOOKUP(Table_Input_InorganicFertiliser_Brands[[#This Row],[Product (select)]],FertiliserProducts[Product name],FertiliserProducts[Unit]) -> L | G21: =_xlfn.XLOOKUP(Table_Input_InorganicFertiliser_Brands[[#This Row],[Product (select)]],FertiliserProducts[Product name],FertiliserProducts[Density / gravity]) -> 1.26 | H21: =$E$9 -> 100 | I21: =(Table_Input_InorganicFertiliser_Brands[[#This Row],[Amount applied per hectare]]*Table_Input_InorganicFertiliser_Brands[[#This Row],[Density]])*Table_Input_InorganicFertiliser_Brands[[#This Row],[Application area (ha)]] -> 12600 | J21: {=Fertiliser_InputFunctions.Fertiliser_FertiliserProductLookup(Table_Input_InorganicFertiliser_Brands[[#This Row],[Product (select)]], Table_Input_InorganicFertiliser_Brands[[#Headers],[Ingredient 1]], FertiliserProducts[#Data], FertiliserProducts[Product name], FertiliserProducts[#Headers])} -> Potassium - Generic | K21: {=Fertiliser_InputFunctions.Fertiliser_FertiliserProductLookup(Table_Input_InorganicFertiliser_Brands[[#This Row],[Product (select)]], Table_Input_InorganicFertiliser_Brands[[#Headers],[Ingredient 1 percent]], FertiliserProducts[#Data], FertiliserProducts[Product name], FertiliserProducts[#Headers])} -> 0.105 | L21: {=Fertiliser_InputFunctions.Fertiliser_FertiliserProductLookup(Table_Input_InorganicFertiliser_Brands[[#This Row],[Product (select)]], Table_Input_InorganicFertiliser_Brands[[#Headers],[Ingredient 2]], FertiliserProducts[#Data], FertiliserProducts[Product name], FertiliserProducts[#Headers])} -> Nitrogen - Generic | M21: {=Fertiliser_InputFunctions.Fertiliser_FertiliserProductLookup(Table_Input_InorganicFertiliser_Brands[[#This Row],[Product (select)]], Table_Input_InorganicFertiliser_Brands[[#Headers],[Ingredient 2 percent]], FertiliserProducts[#Data], FertiliserProducts[Product name], FertiliserProducts[#Headers])} -> 0.096 | N21: {=Fertiliser_InputFunctions.Fertiliser_FertiliserProductLookup(Table_Input_InorganicFertiliser_Brands[[#This Row],[Product (select)]], Table_Input_InorganicFertiliser_Brands[[#Headers],[Ingredient 3]], FertiliserProducts[#Data], FertiliserProducts[Product name], FertiliserProducts[#Headers])} -> Phosphorus - Generic | O21: {=Fertiliser_InputFunctions.Fertiliser_FertiliserProductLookup(Table_Input_InorganicFertiliser_Brands[[#This Row],[Product (select)]], Table_Input_InorganicFertiliser_Brands[[#Headers],[Ingredient 3 percent]], FertiliserProducts[#Data], FertiliserProducts[Product name], FertiliserProducts[#Headers])} -> 0.05 | P21: {=Fertiliser_InputFunctions.Fertiliser_FertiliserProductLookup(Table_Input_InorganicFertiliser_Brands[[#This Row],[Product (select)]], Table_Input_InorganicFertiliser_Brands[[#Headers],[Ingredient 4]], FertiliserProducts[#Data], FertiliserProducts[Product name], FertiliserProducts[#Headers])} | Q21: {=Fertiliser_InputFunctions.Fertiliser_FertiliserProductLookup(Table_Input_InorganicFertiliser_Brands[[#This Row],[Product (select)]], Table_Input_InorganicFertiliser_Brands[[#Headers],[Ingredient 4 percent]], FertiliserProducts[#Data], FertiliserProducts[Product name], FertiliserProducts[#Headers])} | R21: {=Fertiliser_InputFunctions.Fertiliser_FertiliserProductLookup(Table_Input_InorganicFertiliser_Brands[[#This Row],[Product (select)]], Table_Input_InorganicFertiliser_Brands[[#Headers],[Ingredient 5]], FertiliserProducts[#Data], FertiliserProducts[Product name], FertiliserProducts[#Headers])} | S21: {=Fertiliser_InputFunctions.Fertiliser_FertiliserProductLookup(Table_Input_InorganicFertiliser_Brands[[#This Row],[Product (select)]], Table_Input_InorganicFertiliser_Brands[[#Headers],[Ingredient 5 percent]], FertiliserProducts[#Data], FertiliserProducts[Product name], FertiliserProducts[#Headers])} | T21: {=Fertiliser_InputFunctions.Fertiliser_FertiliserProductLookup(Table_Input_InorganicFertiliser_Brands[[#This Row],[Product (select)]], Table_Input_InorganicFertiliser_Brands[[#Headers],[Ingredient 6]], FertiliserProducts[#Data], FertiliserProducts[Product name], FertiliserProducts[#Headers])} | U21: {=Fertiliser_InputFunctions.Fertiliser_FertiliserProductLookup(Table_Input_InorganicFertiliser_Brands[[#This Row],[Product (select)]], Table_Input_InorganicFertiliser_Brands[[#Headers],[Ingredient 6 percent]], FertiliserProducts[#Data], FertiliserProducts[Product name], FertiliserProducts[#Headers])} | V21: =(Table_Input_InorganicFertiliser_Brands[[#This Row],[Amount applied per hectare]]*Table_Input_InorganicFertiliser_Brands[[#This Row],[Density]])*(IFERROR((_xlfn.XLOOKUP(Table_Input_InorganicFertiliser_Brands[[#This Row],[Ingredient 1]], Table_Fertiliser_ChemicalCompounds[Fertiliser type f],Table_Fertiliser_ChemicalCompounds[FNinorganic f])*Table_Input_InorganicFertiliser_Brands[[#This Row],[Ingredient 1 percent]]), 0)+ IFERROR((_xlfn.XLOOKUP(Table_Input_InorganicFertiliser_Brands[[#This Row],[Ingredient 2]],Table_Fertiliser_ChemicalCompounds[Fertiliser type f],Table_Fertiliser_ChemicalCompounds[FNinorganic f])*Table_Input_InorganicFertiliser_Brands[[#This Row],[Ingredient 2 percent]]), 0)+ IFERROR((_xlfn.XLOOKUP(Table_Input_InorganicFertiliser_Brands[[#This Row],[Ingredient 3]],Table_Fertiliser_ChemicalCompounds[Fertiliser type f],Table_Fertiliser_ChemicalCompounds[FNinorganic f])*Table_Input_InorganicFertiliser_Brands[[#This Row],[Ingredient 3 percent]]), 0)+ IFERROR((_xlfn.XLOOKUP(Table_Input_InorganicFertiliser_Brands[[#This Row],[Ingredient 4]],Table_Fertiliser_ChemicalCompounds[Fertiliser type f],Table_Fertiliser_ChemicalCompounds[FNinorganic f])*Table_Input_InorganicFertiliser_Brands[[#This Row],[Ingredient 4 percent]]), 0)+ IFERROR((_xlfn.XLOOKUP(Table_Input_InorganicFertiliser_Brands[[#This Row],[Ingredient 5]],Table_Fertiliser_ChemicalCompounds[Fertiliser type f],Table_Fertiliser_ChemicalCompounds[FNinorganic f])*Table_Input_InorganicFertiliser_Brands[[#This Row],[Ingredient 5 percent]]), 0)+ IFERROR((_xlfn.XLOOKUP(Table_Input_InorganicFertiliser_Brands[[#This Row],[Ingredient 6]],Table_Fertiliser_ChemicalCompounds[Fertiliser type f],Table_Fertiliser_ChemicalCompounds[FNinorganic f])*Table_Input_InorganicFertiliser_Brands[[#This Row],[Ingredient 6 percent]]), 0)) -> 12.096 | W21: =_xlfn.XLOOKUP(Table_Input_InorganicFertiliser_Brands[[#This Row],[Product (select)]],FertiliserProducts[Product name],FertiliserProducts[Urea source]) | X21: =_xlfn.XLOOKUP(Table_Input_InorganicFertiliser_Brands[[#This Row],[Product (select)]],FertiliserProducts[Product name],FertiliserProducts[Ammonia source])
D22: Aqua NitroCal | E22: 100 | F22: =_xlfn.XLOOKUP(Table_Input_InorganicFertiliser_Brands[[#This Row],[Product (select)]],FertiliserProducts[Product name],FertiliserProducts[Unit]) -> L | G22: =_xlfn.XLOOKUP(Table_Input_InorganicFertiliser_Brands[[#This Row],[Product (select)]],FertiliserProducts[Product name],FertiliserProducts[Density / gravity]) -> 1.5 | H22: =$E$9 -> 100 | I22: =(Table_Input_InorganicFertiliser_Brands[[#This Row],[Amount applied per hectare]]*Table_Input_InorganicFertiliser_Brands[[#This Row],[Density]])*Table_Input_InorganicFertiliser_Brands[[#This Row],[Application area (ha)]] -> 15000 | J22: {=Fertiliser_InputFunctions.Fertiliser_FertiliserProductLookup(Table_Input_InorganicFertiliser_Brands[[#This Row],[Product (select)]], Table_Input_InorganicFertiliser_Brands[[#Headers],[Ingredient 1]], FertiliserProducts[#Data], FertiliserProducts[Product name], FertiliserProducts[#Headers])} -> Calcium - Generic | K22: {=Fertiliser_InputFunctions.Fertiliser_FertiliserProductLookup(Table_Input_InorganicFertiliser_Brands[[#This Row],[Product (select)]], Table_Input_InorganicFertiliser_Brands[[#Headers],[Ingredient 1 percent]], FertiliserProducts[#Data], FertiliserProducts[Product name], FertiliserProducts[#Headers])} -> 0.162 | L22: {=Fertiliser_InputFunctions.Fertiliser_FertiliserProductLookup(Table_Input_InorganicFertiliser_Brands[[#This Row],[Product (select)]], Table_Input_InorganicFertiliser_Brands[[#Headers],[Ingredient 2]], FertiliserProducts[#Data], FertiliserProducts[Product name], FertiliserProducts[#Headers])} -> Nitrogen - Nitrate | M22: {=Fertiliser_InputFunctions.Fertiliser_FertiliserProductLookup(Table_Input_InorganicFertiliser_Brands[[#This Row],[Product (select)]], Table_Input_InorganicFertiliser_Brands[[#Headers],[Ingredient 2 percent]], FertiliserProducts[#Data], FertiliserProducts[Product name], FertiliserProducts[#Headers])} -> 0.132 | N22: {=Fertiliser_InputFunctions.Fertiliser_FertiliserProductLookup(Table_Input_InorganicFertiliser_Brands[[#This Row],[Product (select)]], Table_Input_InorganicFertiliser_Brands[[#Headers],[Ingredient 3]], FertiliserProducts[#Data], FertiliserProducts[Product name], FertiliserProducts[#Headers])} | O22: {=Fertiliser_InputFunctions.Fertiliser_FertiliserProductLookup(Table_Input_InorganicFertiliser_Brands[[#This Row],[Product (select)]], Table_Input_InorganicFertiliser_Brands[[#Headers],[Ingredient 3 percent]], FertiliserProducts[#Data], FertiliserProducts[Product name], FertiliserProducts[#Headers])} | P22: {=Fertiliser_InputFunctions.Fertiliser_FertiliserProductLookup(Table_Input_InorganicFertiliser_Brands[[#This Row],[Product (select)]], Table_Input_InorganicFertiliser_Brands[[#Headers],[Ingredient 4]], FertiliserProducts[#Data], FertiliserProducts[Product name], FertiliserProducts[#Headers])} | Q22: {=Fertiliser_InputFunctions.Fertiliser_FertiliserProductLookup(Table_Input_InorganicFertiliser_Brands[[#This Row],[Product (select)]], Table_Input_InorganicFertiliser_Brands[[#Headers],[Ingredient 4 percent]], FertiliserProducts[#Data], FertiliserProducts[Product name], FertiliserProducts[#Headers])} | R22: {=Fertiliser_InputFunctions.Fertiliser_FertiliserProductLookup(Table_Input_InorganicFertiliser_Brands[[#This Row],[Product (select)]], Table_Input_InorganicFertiliser_Brands[[#Headers],[Ingredient 5]], FertiliserProducts[#Data], FertiliserProducts[Product name], FertiliserProducts[#Headers])} | S22: {=Fertiliser_InputFunctions.Fertiliser_FertiliserProductLookup(Table_Input_InorganicFertiliser_Brands[[#This Row],[Product (select)]], Table_Input_InorganicFertiliser_Brands[[#Headers],[Ingredient 5 percent]], FertiliserProducts[#Data], FertiliserProducts[Product name], FertiliserProducts[#Headers])} | T22: {=Fertiliser_InputFunctions.Fertiliser_FertiliserProductLookup(Table_Input_InorganicFertiliser_Brands[[#This Row],[Product (select)]], Table_Input_InorganicFertiliser_Brands[[#Headers],[Ingredient 6]], FertiliserProducts[#Data], FertiliserProducts[Product name], FertiliserProducts[#Headers])} | U22: {=Fertiliser_InputFunctions.Fertiliser_FertiliserProductLookup(Table_Input_InorganicFertiliser_Brands[[#This Row],[Product (select)]], Table_Input_InorganicFertiliser_Brands[[#Headers],[Ingredient 6 percent]], FertiliserProducts[#Data], FertiliserProducts[Product name], FertiliserProducts[#Headers])} | V22: =(Table_Input_InorganicFertiliser_Brands[[#This Row],[Amount applied per hectare]]*Table_Input_InorganicFertiliser_Brands[[#This Row],[Density]])*(IFERROR((_xlfn.XLOOKUP(Table_Input_InorganicFertiliser_Brands[[#This Row],[Ingredient 1]], Table_Fertiliser_ChemicalCompounds[Fertiliser type f],Table_Fertiliser_ChemicalCompounds[FNinorganic f])*Table_Input_InorganicFertiliser_Brands[[#This Row],[Ingredient 1 percent]]), 0)+ IFERROR((_xlfn.XLOOKUP(Table_Input_InorganicFertiliser_Brands[[#This Row],[Ingredient 2]],Table_Fertiliser_ChemicalCompounds[Fertiliser type f],Table_Fertiliser_ChemicalCompounds[FNinorganic f])*Table_Input_InorganicFertiliser_Brands[[#This Row],[Ingredient 2 percent]]), 0)+ IFERROR((_xlfn.XLOOKUP(Table_Input_InorganicFertiliser_Brands[[#This Row],[Ingredient 3]],Table_Fertiliser_ChemicalCompounds[Fertiliser type f],Table_Fertiliser_ChemicalCompounds[FNinorganic f])*Table_Input_InorganicFertiliser_Brands[[#This Row],[Ingredient 3 percent]]), 0)+ IFERROR((_xlfn.XLOOKUP(Table_Input_InorganicFertiliser_Brands[[#This Row],[Ingredient 4]],Table_Fertiliser_ChemicalCompounds[Fertiliser type f],Table_Fertiliser_ChemicalCompounds[FNinorganic f])*Table_Input_InorganicFertiliser_Brands[[#This Row],[Ingredient 4 percent]]), 0)+ IFERROR((_xlfn.XLOOKUP(Table_Input_InorganicFertiliser_Brands[[#This Row],[Ingredient 5]],Table_Fertiliser_ChemicalCompounds[Fertiliser type f],Table_Fertiliser_ChemicalCompounds[FNinorganic f])*Table_Input_InorganicFertiliser_Brands[[#This Row],[Ingredient 5 percent]]), 0)+ IFERROR((_xlfn.XLOOKUP(Table_Input_InorganicFertiliser_Brands[[#This Row],[Ingredient 6]],Table_Fertiliser_ChemicalCompounds[Fertiliser type f],Table_Fertiliser_ChemicalCompounds[FNinorganic f])*Table_Input_InorganicFertiliser_Brands[[#This Row],[Ingredient 6 percent]]), 0)) -> 19.8 | W22: =_xlfn.XLOOKUP(Table_Input_InorganicFertiliser_Brands[[#This Row],[Product (select)]],FertiliserProducts[Product name],FertiliserProducts[Urea source]) | X22: =_xlfn.XLOOKUP(Table_Input_InorganicFertiliser_Brands[[#This Row],[Product (select)]],FertiliserProducts[Product name],FertiliserProducts[Ammonia source])
D24: Custom fertiliser blends
D25: Custom blend name | E25: Amount applied (kg / ha) | F25: Application area (ha) | G25: Total applied (kg) | H25: Ingredient 1 (select) | I25: Ingredient 1 percent | J25: Ingredient 2 | K25: Ingredient 2 percent | L25: Ingredient 3 | M25: Ingredient 3 percent | N25: Ingredient 4 | O25: Ingredient 4 percent | P25: N application rate (kg/ha) | Q25: Urea source (Select) | R25: Ammonia source (select)
D26: My first custom blend | E26: 100 | F26: =$E$9 -> 100 | G26: =Table_Input_InorganicFertiliser_Custom[[#This Row],[Amount applied (kg / ha)]]*Table_Input_InorganicFertiliser_Custom[[#This Row],[Application area (ha)]] -> 10000 | H26: Calcium nitrate | I26: 0.5 | J26: Zinc - Generic | K26: 0.2 | L26: Potassium - Generic | M26: 0.2 | N26: Sulfur - Generic | O26: 0.1 | P26: =Table_Input_InorganicFertiliser_Custom[[#This Row],[Amount applied (kg / ha)]]* (IFERROR((_xlfn.XLOOKUP(Table_Input_InorganicFertiliser_Custom[[#This Row],[Ingredient 1 (select)]], Table_Fertiliser_ChemicalCompounds[Fertiliser type f],Table_Fertiliser_ChemicalCompounds[FNinorganic f])*Table_Input_InorganicFertiliser_Custom[[#This Row],[Ingredient 1 percent]]), 0) + IFERROR((_xlfn.XLOOKUP(Table_Input_InorganicFertiliser_Custom[[#This Row],[Ingredient 2]], Table_Fertiliser_ChemicalCompounds[Fertiliser type f],Table_Fertiliser_ChemicalCompounds[FNinorganic f])*Table_Input_InorganicFertiliser_Custom[[#This Row],[Ingredient 2 percent]]), 0) + IFERROR((_xlfn.XLOOKUP(Table_Input_InorganicFertiliser_Custom[[#This Row],[Ingredient 3]], Table_Fertiliser_ChemicalCompounds[Fertiliser type f],Table_Fertiliser_ChemicalCompounds[FNinorganic f])*Table_Input_InorganicFertiliser_Custom[[#This Row],[Ingredient 3 percent]]), 0) + IFERROR((_xlfn.XLOOKUP(Table_Input_InorganicFertiliser_Custom[[#This Row],[Ingredient 4]], Table_Fertiliser_ChemicalCompounds[Fertiliser type f],Table_Fertiliser_ChemicalCompounds[FNinorganic f])*Table_Input_InorganicFertiliser_Custom[[#This Row],[Ingredient 4 percent]]), 0) ) -> 7.75
D27: My second custom blend | E27: 100 | F27: =$E$9 -> 100 | G27: =Table_Input_InorganicFertiliser_Custom[[#This Row],[Amount applied (kg / ha)]]*Table_Input_InorganicFertiliser_Custom[[#This Row],[Application area (ha)]] -> 10000 | H27: Urea | I27: 1 | P27: =Table_Input_InorganicFertiliser_Custom[[#This Row],[Amount applied (kg / ha)]]* (IFERROR((_xlfn.XLOOKUP(Table_Input_InorganicFertiliser_Custom[[#This Row],[Ingredient 1 (select)]], Table_Fertiliser_ChemicalCompounds[Fertiliser type f],Table_Fertiliser_ChemicalCompounds[FNinorganic f])*Table_Input_InorganicFertiliser_Custom[[#This Row],[Ingredient 1 percent]]), 0) + IFERROR((_xlfn.XLOOKUP(Table_Input_InorganicFertiliser_Custom[[#This Row],[Ingredient 2]], Table_Fertiliser_ChemicalCompounds[Fertiliser type f],Table_Fertiliser_ChemicalCompounds[FNinorganic f])*Table_Input_InorganicFertiliser_Custom[[#This Row],[Ingredient 2 percent]]), 0) + IFERROR((_xlfn.XLOOKUP(Table_Input_InorganicFertiliser_Custom[[#This Row],[Ingredient 3]], Table_Fertiliser_ChemicalCompounds[Fertiliser type f],Table_Fertiliser_ChemicalCompounds[FNinorganic f])*Table_Input_InorganicFertiliser_Custom[[#This Row],[Ingredient 3 percent]]), 0) + IFERROR((_xlfn.XLOOKUP(Table_Input_InorganicFertiliser_Custom[[#This Row],[Ingredient 4]], Table_Fertiliser_ChemicalCompounds[Fertiliser type f],Table_Fertiliser_ChemicalCompounds[FNinorganic f])*Table_Input_InorganicFertiliser_Custom[[#This Row],[Ingredient 4 percent]]), 0) ) -> 46
D28: My third custom blend | E28: 100 | F28: =$E$9 -> 100 | G28: =Table_Input_InorganicFertiliser_Custom[[#This Row],[Amount applied (kg / ha)]]*Table_Input_InorganicFertiliser_Custom[[#This Row],[Application area (ha)]] -> 10000 | H28: Ammonia | I28: 0.5 | P28: =Table_Input_InorganicFertiliser_Custom[[#This Row],[Amount applied (kg / ha)]]* (IFERROR((_xlfn.XLOOKUP(Table_Input_InorganicFertiliser_Custom[[#This Row],[Ingredient 1 (select)]], Table_Fertiliser_ChemicalCompounds[Fertiliser type f],Table_Fertiliser_ChemicalCompounds[FNinorganic f])*Table_Input_InorganicFertiliser_Custom[[#This Row],[Ingredient 1 percent]]), 0) + IFERROR((_xlfn.XLOOKUP(Table_Input_InorganicFertiliser_Custom[[#This Row],[Ingredient 2]], Table_Fertiliser_ChemicalCompounds[Fertiliser type f],Table_Fertiliser_ChemicalCompounds[FNinorganic f])*Table_Input_InorganicFertiliser_Custom[[#This Row],[Ingredient 2 percent]]), 0) + IFERROR((_xlfn.XLOOKUP(Table_Input_InorganicFertiliser_Custom[[#This Row],[Ingredient 3]], Table_Fertiliser_ChemicalCompounds[Fertiliser type f],Table_Fertiliser_ChemicalCompounds[FNinorganic f])*Table_Input_InorganicFertiliser_Custom[[#This Row],[Ingredient 3 percent]]), 0) + IFERROR((_xlfn.XLOOKUP(Table_Input_InorganicFertiliser_Custom[[#This Row],[Ingredient 4]], Table_Fertiliser_ChemicalCompounds[Fertiliser type f],Table_Fertiliser_ChemicalCompounds[FNinorganic f])*Table_Input_InorganicFertiliser_Custom[[#This Row],[Ingredient 4 percent]]), 0) ) -> 41.175
D30: Soil ameliorants (lime)
D32: 💡 You can add more rows to the table by right-clicking on the table and selecting "Insert > Table rows above/below".
D33: 💡 'Lime' refers to calcium carbonate - CaCO3. 'Dolomite' refers to calcium magnesium carbonate - CaMg(CO3)2
D34: 💡The application area is the same as the area under pasture / cropping by default. You can edit it if the application area is different.
D35: =IF(MAX(Table_Input_Lime[Total]) > 1, "There can not be more than 100% ingredients in a product. Check the table below.", "")
D36: Product | E36: Amount applied (t/hectare) | F36: Application area (ha) | G36: Total amount applied (t) | H36: Percent Lime CaCO3 | I36: Percent Dolomite CaMg(CO3)2 | J36: Percent Gypsum | K36: Total
D37: Lime product 1 | E37: 1 | F37: =$E$9 -> 100 | G37: =IFERROR(Table_Input_Lime[[#This Row],[Amount applied (t/hectare)]]*Table_Input_Lime[[#This Row],[Application area (ha)]], 0) -> 100 | H37: 0.8 | I37: 0.1 | J37: 0.1 | K37: =SUM(Table_Input_Lime[[#This Row],[Percent Lime CaCO3]:[Percent Gypsum]]) -> 1
D38: Lime product 2 | E38: 1 | F38: =$E$9 -> 100 | G38: =IFERROR(Table_Input_Lime[[#This Row],[Amount applied (t/hectare)]]*Table_Input_Lime[[#This Row],[Application area (ha)]], 0) -> 100 | H38: 1 | K38: =SUM(Table_Input_Lime[[#This Row],[Percent Lime CaCO3]:[Percent Gypsum]]) -> 1
D39: Lime product 3 | E39: 1 | F39: =$E$9 -> 100 | G39: =IFERROR(Table_Input_Lime[[#This Row],[Amount applied (t/hectare)]]*Table_Input_Lime[[#This Row],[Application area (ha)]], 0) -> 100 | H39: 0 | J39: 1 | K39: =SUM(Table_Input_Lime[[#This Row],[Percent Lime CaCO3]:[Percent Gypsum]]) -> 1
D42: Organic fertiliser applied
A44: =HYPERLINK("#A1", "▲ Back to top") -> ▲ Back to top | D44: 💡 You can add more rows to the table by right-clicking on the table and selecting "Insert > Table rows above/below".
D45: 💡The application area is the same as the area under pasture / cropping by default. You can edit it if the application area is different.
D47: Organic fertiliser type (select) | E47: Percentage of N in fertiliser | F47: Amount applied (kg/hectare) | G47: Amount N applied (kg/hectare) | H47: Application area (ha) | I47: Total organic fertliser applied | J47: Total nitrogen applied (kg)
D48: Manure - Other | E48: 0.3 | F48: 10 | G48: =Table_Input_OrganicFertiliser[[#This Row],[Amount applied (kg/hectare)]]*Table_Input_OrganicFertiliser[[#This Row],[Percentage of N in fertiliser]] -> 3 | H48: =$E$9 -> 100 | I48: =Table_Input_OrganicFertiliser[[#This Row],[Amount applied (kg/hectare)]]*Table_Input_OrganicFertiliser[[#This Row],[Application area (ha)]] -> 1000 | J48: =IFERROR(Table_Input_OrganicFertiliser[[#This Row],[Amount N applied (kg/hectare)]]*Table_Input_OrganicFertiliser[[#This Row],[Application area (ha)]], 0) -> 300
D49: Manure - Poultry | E49: 0.25 | F49: 10 | G49: =Table_Input_OrganicFertiliser[[#This Row],[Amount applied (kg/hectare)]]*Table_Input_OrganicFertiliser[[#This Row],[Percentage of N in fertiliser]] -> 2.5 | H49: =$E$9 -> 100 | I49: =Table_Input_OrganicFertiliser[[#This Row],[Amount applied (kg/hectare)]]*Table_Input_OrganicFertiliser[[#This Row],[Application area (ha)]] -> 1000 | J49: =IFERROR(Table_Input_OrganicFertiliser[[#This Row],[Amount N applied (kg/hectare)]]*Table_Input_OrganicFertiliser[[#This Row],[Application area (ha)]], 0) -> 250
D50: Other organic fertiliser | E50: 0.16 | F50: 10 | G50: =Table_Input_OrganicFertiliser[[#This Row],[Amount applied (kg/hectare)]]*Table_Input_OrganicFertiliser[[#This Row],[Percentage of N in fertiliser]] -> 1.6 | H50: =$E$9 -> 100 | I50: =Table_Input_OrganicFertiliser[[#This Row],[Amount applied (kg/hectare)]]*Table_Input_OrganicFertiliser[[#This Row],[Application area (ha)]] -> 1000 | J50: =IFERROR(Table_Input_OrganicFertiliser[[#This Row],[Amount N applied (kg/hectare)]]*Table_Input_OrganicFertiliser[[#This Row],[Application area (ha)]], 0) -> 160

Sheet 5.1.1.1-2 Inorganic fert N2O
A1: #VALUE! | C1: 5.1.1.1-2 Inorganic fertiliser application N2O emissions
A3: =HYPERLINK("#'Home'!A1", "Home") -> Home | D3: Method 1 | M3: Method 2
A4: =HYPERLINK("#'Overview'!A1", "Overview") -> Overview
A5: =HYPERLINK("#'Results'!A1", "Results") -> Results | D5: {=Fertiliser_Equations_InorganicN2O.VEERG_5_1_1_1__2_MassOfNitrogenInInorganicFertiliser_Title()} -> Mass of nitrogen in inorganic fertiliser applied to production system | M5: {=Fertiliser_Equations_InorganicN2O.VEERG_5_1_1_2__1_EmissionFactorIrrigatedMaize_Title()} -> Emission factor for nitrous oxide for irrigated maize
D6: {=Fertiliser_Equations_InorganicN2O.VEERG_5_1_1_1__2_MassOfNitrogenInInorganicFertiliser_Source()} -> VEERG 2026: 5.1.1.1, Equation (2) | M6: {=Fertiliser_Equations_InorganicN2O.VEERG_5_1_1_2__1_EmissionFactorIrrigatedMaize_Source()} -> VEERG 2026: 5.1.1.2, Equation (1)
A7: INPUTS | D7: Function name | E7: {=Common_InputFunctions.Utility_DisplayFunctionName(G19)} -> =Fertiliser_Equations_InorganicN2O.VEERG_5_1_1_1__2_MassOfNitrogenInInorganicFertiliser
A8: =HYPERLINK("#'Input - Site'!A1", "Site") -> Site
A9: =HYPERLINK("#'Input - Fertiliser'!A1", "Fertiliser") -> Fertiliser | M9: Variable | N9: {=Fertiliser_Equations_InorganicN2O.VEERG_5_1_1_2__1_EmissionFactorIrrigatedMaize_Variable()} -> EF_fjIrrigatedMaizeN2O
D10: Variable | E10: {=Fertiliser_Equations_InorganicN2O.VEERG_5_1_1_1__2_MassOfNitrogenInInorganicFertiliser_Variable()} -> MN_jf | M10: Unit | N10: {=Fertiliser_Equations_InorganicN2O.VEERG_5_1_1_2__1_EmissionFactorIrrigatedMaize_Unit()} -> kg N2O-N/kg N applied
A11: CALCULATIONS | D11: Unit | E11: {=Fertiliser_Equations_InorganicN2O.VEERG_5_1_1_1__2_MassOfNitrogenInInorganicFertiliser_Unit()} -> kg N
A12: =HYPERLINK("#'5.1.1.1-2 Inorganic Fert N2O'!A1", "5.1.1.1-2 Inorganic Fert N2O") -> 5.1.1.1-2 Inorganic Fert N2O | M12: {=_xlfn.CHOOSECOLS(Fertiliser_Equations_InorganicN2O.VEERG_5_1_1_2__1_EmissionFactorIrrigatedMaize_Arguments(), 1, 2)} -> N_fjIrrigatedMaize | N12: application rate of inorganic fertiliser type f in the irrigated maize crop | P12: {=_xlfn.CHOOSECOLS(Fertiliser_Equations_InorganicN2O.VEERG_5_1_1_2__1_EmissionFactorIrrigatedMaize_Arguments(), 3,4)} -> kg N/ha | Q12: Input | R12: {=HYPERLINK(Common_InputFunctions.Utility_SourceHyperlink($M$41), $M$41)} -> M2_Table_FertApplications
A13: =HYPERLINK("#'5.1.1.3-4 Inorganic fert CO2'!A1", "5.1.1.3-4 Inorganic fert CO2") -> 5.1.1.3-4 Inorganic fert CO2 | D13: {=_xlfn.CHOOSECOLS(Fertiliser_Equations_InorganicN2O.VEERG_5_1_1_1__2_MassOfNitrogenInInorganicFertiliser_Arguments(), 1,2)} -> TM_jf | E13: total mass of inorganic fertiliser type f applied to production system j | G13: {=_xlfn.CHOOSECOLS(Fertiliser_Equations_InorganicN2O.VEERG_5_1_1_1__2_MassOfNitrogenInInorganicFertiliser_Arguments(), 3,4)} -> kg | H13: Input | I13: {=HYPERLINK(Common_InputFunctions.Utility_SourceHyperlink($D$16), $D$16)} -> Table_MN_j_f | M13: f | N13: Inorganic fertiliser type | Q13: Constant | R13: Not used - application rate calculated per product blend application
A14: =HYPERLINK("#'5.2.1.1-2 Organic Fert N2O'!A1", "5.2.1.1-2 Organic Fert N2O") -> 5.2.1.1-2 Organic Fert N2O | D14: FN_inorganicf | E14: fraction of nitrogen in inorganic fertiliser type f | G14: kg N/kg | H14: Constant | I14: {=HYPERLINK(Common_InputFunctions.Utility_SourceHyperlink($D$16), $D$16)} -> Table_MN_j_f
A15: =HYPERLINK("#'5.3.1.1-2 Lime CO2'!A1", "5.3.1.1-2 Lime CO2") -> 5.3.1.1-2 Lime CO2
A16: =HYPERLINK("#'5.4.1.1-4 Atmos deposition'!A1", "5.4.1.1-4 Atmos deposition") -> 5.4.1.1-4 Atmos deposition | D16: Table_MN_j_f | M16: {=Fertiliser_Equations_InorganicN2O.VEERG_5_1_1_2__2_EmissionFactorNonIrrigatedGrainsHighRainfall_Title()} -> Emission factor for nitrous oxide for non-irrigated grains in high rainfall zone
A17: =HYPERLINK("#'5.5.1.1-2 Leaching and runoff'!A1", "5.5.1.1-2 Leaching and runoff") -> 5.5.1.1-2 Leaching and runoff | D17: Mass of nitrogen applied | M17: {=Fertiliser_Equations_InorganicN2O.VEERG_5_1_1_2__2_EmissionFactorNonIrrigatedGrainsHighRainfall_Source()} -> VEERG 2026: 5.1.1.2, Equation (2)
D18: Fertiliser type f | E18: TMjf | F18: FNinorganic,f | G18: MNjf
A19: APPENDICES | D19: {=Table_Fertiliser_ChemicalCompounds[Fertiliser type f]} -> Monoammonium phosphate (MAP) | E19: {=Fertiliser_InputFunctions.Fertiliser_TotalChemicalCompoundAppliedAllIngredients($D19,Table_Input_InorganicFertiliser_Brands[Total applied (kg)],Table_Input_InorganicFertiliser_Brands[Ingredient 1],Table_Input_InorganicFertiliser_Brands[Ingredient 1 percent],Table_Input_InorganicFertiliser_Brands[Ingredient 2],Table_Input_InorganicFertiliser_Brands[Ingredient 2 percent],Table_Input_InorganicFertiliser_Brands[Ingredient 3],Table_Input_InorganicFertiliser_Brands[Ingredient 3 percent],Table_Input_InorganicFertiliser_Brands[Ingredient 4],Table_Input_InorganicFertiliser_Brands[Ingredient 4 percent],Table_Input_InorganicFertiliser_Brands[Ingredient 5],Table_Input_InorganicFertiliser_Brands[Ingredient 5 percent],Table_Input_InorganicFertiliser_Brands[Ingredient 6],Table_Input_InorganicFertiliser_Brands[Ingredient 6 percent])+ Fertiliser_InputFunctions.Fertiliser_TotalChemicalCompoundAppliedAllIngredients($D19,Table_Input_InorganicFertiliser_Custom[Total applied (kg)],Table_Input_InorganicFertiliser_Custom[Ingredient 1 (select)],Table_Input_InorganicFertiliser_Custom[Ingredient 1 percent],Table_Input_InorganicFertiliser_Custom[Ingredient 2],Table_Input_InorganicFertiliser_Custom[Ingredient 2 percent],Table_Input_InorganicFertiliser_Custom[Ingredient 3],Table_Input_InorganicFertiliser_Custom[Ingredient 3 percent],Table_Input_InorganicFertiliser_Custom[Ingredient 4],Table_Input_InorganicFertiliser_Custom[Ingredient 4 percent])} -> 0 | F19: {=Common_InputFunctions.Utility_LookupValueInTableNumber(D19,Table_Fertiliser_ChemicalCompounds[Fertiliser type f],Table_Fertiliser_ChemicalCompounds[FNinorganic f])} -> 0.1 | G19: {=Fertiliser_Equations_InorganicN2O.VEERG_5_1_1_1__2_MassOfNitrogenInInorganicFertiliser(E19,F19)} -> 0
A20: =HYPERLINK("#'Constants - Fertiliser'!A1", "Constants - Fertiliser") -> Constants - Fertiliser | D20: Diammonium phosphate (DAP) | E20: {=Fertiliser_InputFunctions.Fertiliser_TotalChemicalCompoundAppliedAllIngredients($D20,Table_Input_InorganicFertiliser_Brands[Total applied (kg)],Table_Input_InorganicFertiliser_Brands[Ingredient 1],Table_Input_InorganicFertiliser_Brands[Ingredient 1 percent],Table_Input_InorganicFertiliser_Brands[Ingredient 2],Table_Input_InorganicFertiliser_Brands[Ingredient 2 percent],Table_Input_InorganicFertiliser_Brands[Ingredient 3],Table_Input_InorganicFertiliser_Brands[Ingredient 3 percent],Table_Input_InorganicFertiliser_Brands[Ingredient 4],Table_Input_InorganicFertiliser_Brands[Ingredient 4 percent],Table_Input_InorganicFertiliser_Brands[Ingredient 5],Table_Input_InorganicFertiliser_Brands[Ingredient 5 percent],Table_Input_InorganicFertiliser_Brands[Ingredient 6],Table_Input_InorganicFertiliser_Brands[Ingredient 6 percent])+ Fertiliser_InputFunctions.Fertiliser_TotalChemicalCompoundAppliedAllIngredients($D20,Table_Input_InorganicFertiliser_Custom[Total applied (kg)],Table_Input_InorganicFertiliser_Custom[Ingredient 1 (select)],Table_Input_InorganicFertiliser_Custom[Ingredient 1 percent],Table_Input_InorganicFertiliser_Custom[Ingredient 2],Table_Input_InorganicFertiliser_Custom[Ingredient 2 percent],Table_Input_InorganicFertiliser_Custom[Ingredient 3],Table_Input_InorganicFertiliser_Custom[Ingredient 3 percent],Table_Input_InorganicFertiliser_Custom[Ingredient 4],Table_Input_InorganicFertiliser_Custom[Ingredient 4 percent])} -> 0 | F20: {=Common_InputFunctions.Utility_LookupValueInTableNumber(D20,Table_Fertiliser_ChemicalCompounds[Fertiliser type f],Table_Fertiliser_ChemicalCompounds[FNinorganic f])} -> 0.18 | G20: {=Fertiliser_Equations_InorganicN2O.VEERG_5_1_1_1__2_MassOfNitrogenInInorganicFertiliser(E20,F20)} -> 0 | M20: Variable | N20: {=Fertiliser_Equations_InorganicN2O.VEERG_5_1_1_2__2_EmissionFactorNonIrrigatedGrainsHighRainfall_Variable()} -> EF_fjNonIrrigatedGrainsN2O
A21: =HYPERLINK("#'Constants - Common'!A1", "Constants - Common") -> Constants - Common | D21: Urea | E21: {=Fertiliser_InputFunctions.Fertiliser_TotalChemicalCompoundAppliedAllIngredients($D21,Table_Input_InorganicFertiliser_Brands[Total applied (kg)],Table_Input_InorganicFertiliser_Brands[Ingredient 1],Table_Input_InorganicFertiliser_Brands[Ingredient 1 percent],Table_Input_InorganicFertiliser_Brands[Ingredient 2],Table_Input_InorganicFertiliser_Brands[Ingredient 2 percent],Table_Input_InorganicFertiliser_Brands[Ingredient 3],Table_Input_InorganicFertiliser_Brands[Ingredient 3 percent],Table_Input_InorganicFertiliser_Brands[Ingredient 4],Table_Input_InorganicFertiliser_Brands[Ingredient 4 percent],Table_Input_InorganicFertiliser_Brands[Ingredient 5],Table_Input_InorganicFertiliser_Brands[Ingredient 5 percent],Table_Input_InorganicFertiliser_Brands[Ingredient 6],Table_Input_InorganicFertiliser_Brands[Ingredient 6 percent])+ Fertiliser_InputFunctions.Fertiliser_TotalChemicalCompoundAppliedAllIngredients($D21,Table_Input_InorganicFertiliser_Custom[Total applied (kg)],Table_Input_InorganicFertiliser_Custom[Ingredient 1 (select)],Table_Input_InorganicFertiliser_Custom[Ingredient 1 percent],Table_Input_InorganicFertiliser_Custom[Ingredient 2],Table_Input_InorganicFertiliser_Custom[Ingredient 2 percent],Table_Input_InorganicFertiliser_Custom[Ingredient 3],Table_Input_InorganicFertiliser_Custom[Ingredient 3 percent],Table_Input_InorganicFertiliser_Custom[Ingredient 4],Table_Input_InorganicFertiliser_Custom[Ingredient 4 percent])} -> 10000 | F21: {=Common_InputFunctions.Utility_LookupValueInTableNumber(D21,Table_Fertiliser_ChemicalCompounds[Fertiliser type f],Table_Fertiliser_ChemicalCompounds[FNinorganic f])} -> 0.46 | G21: {=Fertiliser_Equations_InorganicN2O.VEERG_5_1_1_1__2_MassOfNitrogenInInorganicFertiliser(E21,F21)} -> 4600 | M21: Unit | N21: {=Fertiliser_Equations_InorganicN2O.VEERG_5_1_1_2__2_EmissionFactorNonIrrigatedGrainsHighRainfall_Unit()} -> kg N2O-N/kg N applied
D22: Sulphate of ammonia (SOA) | E22: {=Fertiliser_InputFunctions.Fertiliser_TotalChemicalCompoundAppliedAllIngredients($D22,Table_Input_InorganicFertiliser_Brands[Total applied (kg)],Table_Input_InorganicFertiliser_Brands[Ingredient 1],Table_Input_InorganicFertiliser_Brands[Ingredient 1 percent],Table_Input_InorganicFertiliser_Brands[Ingredient 2],Table_Input_InorganicFertiliser_Brands[Ingredient 2 percent],Table_Input_InorganicFertiliser_Brands[Ingredient 3],Table_Input_InorganicFertiliser_Brands[Ingredient 3 percent],Table_Input_InorganicFertiliser_Brands[Ingredient 4],Table_Input_InorganicFertiliser_Brands[Ingredient 4 percent],Table_Input_InorganicFertiliser_Brands[Ingredient 5],Table_Input_InorganicFertiliser_Brands[Ingredient 5 percent],Table_Input_InorganicFertiliser_Brands[Ingredient 6],Table_Input_InorganicFertiliser_Brands[Ingredient 6 percent])+ Fertiliser_InputFunctions.Fertiliser_TotalChemicalCompoundAppliedAllIngredients($D22,Table_Input_InorganicFertiliser_Custom[Total applied (kg)],Table_Input_InorganicFertiliser_Custom[Ingredient 1 (select)],Table_Input_InorganicFertiliser_Custom[Ingredient 1 percent],Table_Input_InorganicFertiliser_Custom[Ingredient 2],Table_Input_InorganicFertiliser_Custom[Ingredient 2 percent],Table_Input_InorganicFertiliser_Custom[Ingredient 3],Table_Input_InorganicFertiliser_Custom[Ingredient 3 percent],Table_Input_InorganicFertiliser_Custom[Ingredient 4],Table_Input_InorganicFertiliser_Custom[Ingredient 4 percent])} -> 0 | F22: {=Common_InputFunctions.Utility_LookupValueInTableNumber(D22,Table_Fertiliser_ChemicalCompounds[Fertiliser type f],Table_Fertiliser_ChemicalCompounds[FNinorganic f])} -> 0.21 | G22: {=Fertiliser_Equations_InorganicN2O.VEERG_5_1_1_1__2_MassOfNitrogenInInorganicFertiliser(E22,F22)} -> 0
D23: Urea-ammonium nitrate (UAN) | E23: {=Fertiliser_InputFunctions.Fertiliser_TotalChemicalCompoundAppliedAllIngredients($D23,Table_Input_InorganicFertiliser_Brands[Total applied (kg)],Table_Input_InorganicFertiliser_Brands[Ingredient 1],Table_Input_InorganicFertiliser_Brands[Ingredient 1 percent],Table_Input_InorganicFertiliser_Brands[Ingredient 2],Table_Input_InorganicFertiliser_Brands[Ingredient 2 percent],Table_Input_InorganicFertiliser_Brands[Ingredient 3],Table_Input_InorganicFertiliser_Brands[Ingredient 3 percent],Table_Input_InorganicFertiliser_Brands[Ingredient 4],Table_Input_InorganicFertiliser_Brands[Ingredient 4 percent],Table_Input_InorganicFertiliser_Brands[Ingredient 5],Table_Input_InorganicFertiliser_Brands[Ingredient 5 percent],Table_Input_InorganicFertiliser_Brands[Ingredient 6],Table_Input_InorganicFertiliser_Brands[Ingredient 6 percent])+ Fertiliser_InputFunctions.Fertiliser_TotalChemicalCompoundAppliedAllIngredients($D23,Table_Input_InorganicFertiliser_Custom[Total applied (kg)],Table_Input_InorganicFertiliser_Custom[Ingredient 1 (select)],Table_Input_InorganicFertiliser_Custom[Ingredient 1 percent],Table_Input_InorganicFertiliser_Custom[Ingredient 2],Table_Input_InorganicFertiliser_Custom[Ingredient 2 percent],Table_Input_InorganicFertiliser_Custom[Ingredient 3],Table_Input_InorganicFertiliser_Custom[Ingredient 3 percent],Table_Input_InorganicFertiliser_Custom[Ingredient 4],Table_Input_InorganicFertiliser_Custom[Ingredient 4 percent])} -> 0 | F23: {=Common_InputFunctions.Utility_LookupValueInTableNumber(D23,Table_Fertiliser_ChemicalCompounds[Fertiliser type f],Table_Fertiliser_ChemicalCompounds[FNinorganic f])} -> 0.32 | G23: {=Fertiliser_Equations_InorganicN2O.VEERG_5_1_1_1__2_MassOfNitrogenInInorganicFertiliser(E23,F23)} -> 0 | M23: {=_xlfn.CHOOSECOLS(Fertiliser_Equations_InorganicN2O.VEERG_5_1_1_2__2_EmissionFactorNonIrrigatedGrainsHighRainfall_Arguments(), 1, 2)} -> N_fjNonIrrigatedGrains | N23: application rate of inorganic fertiliser type f in the grains crop | P23: {=_xlfn.CHOOSECOLS(Fertiliser_Equations_InorganicN2O.VEERG_5_1_1_2__2_EmissionFactorNonIrrigatedGrainsHighRainfall_Arguments(), 3,4)} -> kg N/ha | Q23: Input | R23: {=HYPERLINK(Common_InputFunctions.Utility_SourceHyperlink($M$41), $M$41)} -> M2_Table_FertApplications
D24: Ammonium nitrate (AN) | E24: {=Fertiliser_InputFunctions.Fertiliser_TotalChemicalCompoundAppliedAllIngredients($D24,Table_Input_InorganicFertiliser_Brands[Total applied (kg)],Table_Input_InorganicFertiliser_Brands[Ingredient 1],Table_Input_InorganicFertiliser_Brands[Ingredient 1 percent],Table_Input_InorganicFertiliser_Brands[Ingredient 2],Table_Input_InorganicFertiliser_Brands[Ingredient 2 percent],Table_Input_InorganicFertiliser_Brands[Ingredient 3],Table_Input_InorganicFertiliser_Brands[Ingredient 3 percent],Table_Input_InorganicFertiliser_Brands[Ingredient 4],Table_Input_InorganicFertiliser_Brands[Ingredient 4 percent],Table_Input_InorganicFertiliser_Brands[Ingredient 5],Table_Input_InorganicFertiliser_Brands[Ingredient 5 percent],Table_Input_InorganicFertiliser_Brands[Ingredient 6],Table_Input_InorganicFertiliser_Brands[Ingredient 6 percent])+ Fertiliser_InputFunctions.Fertiliser_TotalChemicalCompoundAppliedAllIngredients($D24,Table_Input_InorganicFertiliser_Custom[Total applied (kg)],Table_Input_InorganicFertiliser_Custom[Ingredient 1 (select)],Table_Input_InorganicFertiliser_Custom[Ingredient 1 percent],Table_Input_InorganicFertiliser_Custom[Ingredient 2],Table_Input_InorganicFertiliser_Custom[Ingredient 2 percent],Table_Input_InorganicFertiliser_Custom[Ingredient 3],Table_Input_InorganicFertiliser_Custom[Ingredient 3 percent],Table_Input_InorganicFertiliser_Custom[Ingredient 4],Table_Input_InorganicFertiliser_Custom[Ingredient 4 percent])} -> 0 | F24: {=Common_InputFunctions.Utility_LookupValueInTableNumber(D24,Table_Fertiliser_ChemicalCompounds[Fertiliser type f],Table_Fertiliser_ChemicalCompounds[FNinorganic f])} -> 0.337 | G24: {=Fertiliser_Equations_InorganicN2O.VEERG_5_1_1_1__2_MassOfNitrogenInInorganicFertiliser(E24,F24)} -> 0 | M24: f | N24: Inorganic fertiliser type | Q24: Constant | R24: Not used - application rate calculated per product blend application
D25: Calcium ammonium nitrate (CAN) | E25: {=Fertiliser_InputFunctions.Fertiliser_TotalChemicalCompoundAppliedAllIngredients($D25,Table_Input_InorganicFertiliser_Brands[Total applied (kg)],Table_Input_InorganicFertiliser_Brands[Ingredient 1],Table_Input_InorganicFertiliser_Brands[Ingredient 1 percent],Table_Input_InorganicFertiliser_Brands[Ingredient 2],Table_Input_InorganicFertiliser_Brands[Ingredient 2 percent],Table_Input_InorganicFertiliser_Brands[Ingredient 3],Table_Input_InorganicFertiliser_Brands[Ingredient 3 percent],Table_Input_InorganicFertiliser_Brands[Ingredient 4],Table_Input_InorganicFertiliser_Brands[Ingredient 4 percent],Table_Input_InorganicFertiliser_Brands[Ingredient 5],Table_Input_InorganicFertiliser_Brands[Ingredient 5 percent],Table_Input_InorganicFertiliser_Brands[Ingredient 6],Table_Input_InorganicFertiliser_Brands[Ingredient 6 percent])+ Fertiliser_InputFunctions.Fertiliser_TotalChemicalCompoundAppliedAllIngredients($D25,Table_Input_InorganicFertiliser_Custom[Total applied (kg)],Table_Input_InorganicFertiliser_Custom[Ingredient 1 (select)],Table_Input_InorganicFertiliser_Custom[Ingredient 1 percent],Table_Input_InorganicFertiliser_Custom[Ingredient 2],Table_Input_InorganicFertiliser_Custom[Ingredient 2 percent],Table_Input_InorganicFertiliser_Custom[Ingredient 3],Table_Input_InorganicFertiliser_Custom[Ingredient 3 percent],Table_Input_InorganicFertiliser_Custom[Ingredient 4],Table_Input_InorganicFertiliser_Custom[Ingredient 4 percent])} -> 0 | F25: {=Common_InputFunctions.Utility_LookupValueInTableNumber(D25,Table_Fertiliser_ChemicalCompounds[Fertiliser type f],Table_Fertiliser_ChemicalCompounds[FNinorganic f])} -> 0.27 | G25: {=Fertiliser_Equations_InorganicN2O.VEERG_5_1_1_1__2_MassOfNitrogenInInorganicFertiliser(E25,F25)} -> 0
D26: Nitrogen - Ammoniacal | E26: {=Fertiliser_InputFunctions.Fertiliser_TotalChemicalCompoundAppliedAllIngredients($D26,Table_Input_InorganicFertiliser_Brands[Total applied (kg)],Table_Input_InorganicFertiliser_Brands[Ingredient 1],Table_Input_InorganicFertiliser_Brands[Ingredient 1 percent],Table_Input_InorganicFertiliser_Brands[Ingredient 2],Table_Input_InorganicFertiliser_Brands[Ingredient 2 percent],Table_Input_InorganicFertiliser_Brands[Ingredient 3],Table_Input_InorganicFertiliser_Brands[Ingredient 3 percent],Table_Input_InorganicFertiliser_Brands[Ingredient 4],Table_Input_InorganicFertiliser_Brands[Ingredient 4 percent],Table_Input_InorganicFertiliser_Brands[Ingredient 5],Table_Input_InorganicFertiliser_Brands[Ingredient 5 percent],Table_Input_InorganicFertiliser_Brands[Ingredient 6],Table_Input_InorganicFertiliser_Brands[Ingredient 6 percent])+ Fertiliser_InputFunctions.Fertiliser_TotalChemicalCompoundAppliedAllIngredients($D26,Table_Input_InorganicFertiliser_Custom[Total applied (kg)],Table_Input_InorganicFertiliser_Custom[Ingredient 1 (select)],Table_Input_InorganicFertiliser_Custom[Ingredient 1 percent],Table_Input_InorganicFertiliser_Custom[Ingredient 2],Table_Input_InorganicFertiliser_Custom[Ingredient 2 percent],Table_Input_InorganicFertiliser_Custom[Ingredient 3],Table_Input_InorganicFertiliser_Custom[Ingredient 3 percent],Table_Input_InorganicFertiliser_Custom[Ingredient 4],Table_Input_InorganicFertiliser_Custom[Ingredient 4 percent])} -> 0 | F26: {=Common_InputFunctions.Utility_LookupValueInTableNumber(D26,Table_Fertiliser_ChemicalCompounds[Fertiliser type f],Table_Fertiliser_ChemicalCompounds[FNinorganic f])} -> 1 | G26: {=Fertiliser_Equations_InorganicN2O.VEERG_5_1_1_1__2_MassOfNitrogenInInorganicFertiliser(E26,F26)} -> 0
D27: Nitrogen - Nitrate | E27: {=Fertiliser_InputFunctions.Fertiliser_TotalChemicalCompoundAppliedAllIngredients($D27,Table_Input_InorganicFertiliser_Brands[Total applied (kg)],Table_Input_InorganicFertiliser_Brands[Ingredient 1],Table_Input_InorganicFertiliser_Brands[Ingredient 1 percent],Table_Input_InorganicFertiliser_Brands[Ingredient 2],Table_Input_InorganicFertiliser_Brands[Ingredient 2 percent],Table_Input_InorganicFertiliser_Brands[Ingredient 3],Table_Input_InorganicFertiliser_Brands[Ingredient 3 percent],Table_Input_InorganicFertiliser_Brands[Ingredient 4],Table_Input_InorganicFertiliser_Brands[Ingredient 4 percent],Table_Input_InorganicFertiliser_Brands[Ingredient 5],Table_Input_InorganicFertiliser_Brands[Ingredient 5 percent],Table_Input_InorganicFertiliser_Brands[Ingredient 6],Table_Input_InorganicFertiliser_Brands[Ingredient 6 percent])+ Fertiliser_InputFunctions.Fertiliser_TotalChemicalCompoundAppliedAllIngredients($D27,Table_Input_InorganicFertiliser_Custom[Total applied (kg)],Table_Input_InorganicFertiliser_Custom[Ingredient 1 (select)],Table_Input_InorganicFertiliser_Custom[Ingredient 1 percent],Table_Input_InorganicFertiliser_Custom[Ingredient 2],Table_Input_InorganicFertiliser_Custom[Ingredient 2 percent],Table_Input_InorganicFertiliser_Custom[Ingredient 3],Table_Input_InorganicFertiliser_Custom[Ingredient 3 percent],Table_Input_InorganicFertiliser_Custom[Ingredient 4],Table_Input_InorganicFertiliser_Custom[Ingredient 4 percent])} -> 1980 | F27: {=Common_InputFunctions.Utility_LookupValueInTableNumber(D27,Table_Fertiliser_ChemicalCompounds[Fertiliser type f],Table_Fertiliser_ChemicalCompounds[FNinorganic f])} -> 1 | G27: {=Fertiliser_Equations_InorganicN2O.VEERG_5_1_1_1__2_MassOfNitrogenInInorganicFertiliser(E27,F27)} -> 1980 | M27: {=Fertiliser_Equations_InorganicN2O.VEERG_5_1_1_2__3_EmissionFactorCotton_Title()} -> Emission factor for nitrous oxide for cotton
D28: Nitrogen - Generic | E28: {=Fertiliser_InputFunctions.Fertiliser_TotalChemicalCompoundAppliedAllIngredients($D28,Table_Input_InorganicFertiliser_Brands[Total applied (kg)],Table_Input_InorganicFertiliser_Brands[Ingredient 1],Table_Input_InorganicFertiliser_Brands[Ingredient 1 percent],Table_Input_InorganicFertiliser_Brands[Ingredient 2],Table_Input_InorganicFertiliser_Brands[Ingredient 2 percent],Table_Input_InorganicFertiliser_Brands[Ingredient 3],Table_Input_InorganicFertiliser_Brands[Ingredient 3 percent],Table_Input_InorganicFertiliser_Brands[Ingredient 4],Table_Input_InorganicFertiliser_Brands[Ingredient 4 percent],Table_Input_InorganicFertiliser_Brands[Ingredient 5],Table_Input_InorganicFertiliser_Brands[Ingredient 5 percent],Table_Input_InorganicFertiliser_Brands[Ingredient 6],Table_Input_InorganicFertiliser_Brands[Ingredient 6 percent])+ Fertiliser_InputFunctions.Fertiliser_TotalChemicalCompoundAppliedAllIngredients($D28,Table_Input_InorganicFertiliser_Custom[Total applied (kg)],Table_Input_InorganicFertiliser_Custom[Ingredient 1 (select)],Table_Input_InorganicFertiliser_Custom[Ingredient 1 percent],Table_Input_InorganicFertiliser_Custom[Ingredient 2],Table_Input_InorganicFertiliser_Custom[Ingredient 2 percent],Table_Input_InorganicFertiliser_Custom[Ingredient 3],Table_Input_InorganicFertiliser_Custom[Ingredient 3 percent],Table_Input_InorganicFertiliser_Custom[Ingredient 4],Table_Input_InorganicFertiliser_Custom[Ingredient 4 percent])} -> 1537.2 | F28: {=Common_InputFunctions.Utility_LookupValueInTableNumber(D28,Table_Fertiliser_ChemicalCompounds[Fertiliser type f],Table_Fertiliser_ChemicalCompounds[FNinorganic f])} -> 1 | G28: {=Fertiliser_Equations_InorganicN2O.VEERG_5_1_1_1__2_MassOfNitrogenInInorganicFertiliser(E28,F28)} -> 1537.2 | M28: {=Fertiliser_Equations_InorganicN2O.VEERG_5_1_1_2__3_EmissionFactorCotton_Source()} -> VEERG 2026: 5.1.1.2, Equation (3)
D29: Phosphorus - Generic | E29: {=Fertiliser_InputFunctions.Fertiliser_TotalChemicalCompoundAppliedAllIngredients($D29,Table_Input_InorganicFertiliser_Brands[Total applied (kg)],Table_Input_InorganicFertiliser_Brands[Ingredient 1],Table_Input_InorganicFertiliser_Brands[Ingredient 1 percent],Table_Input_InorganicFertiliser_Brands[Ingredient 2],Table_Input_InorganicFertiliser_Brands[Ingredient 2 percent],Table_Input_InorganicFertiliser_Brands[Ingredient 3],Table_Input_InorganicFertiliser_Brands[Ingredient 3 percent],Table_Input_InorganicFertiliser_Brands[Ingredient 4],Table_Input_InorganicFertiliser_Brands[Ingredient 4 percent],Table_Input_InorganicFertiliser_Brands[Ingredient 5],Table_Input_InorganicFertiliser_Brands[Ingredient 5 percent],Table_Input_InorganicFertiliser_Brands[Ingredient 6],Table_Input_InorganicFertiliser_Brands[Ingredient 6 percent])+ Fertiliser_InputFunctions.Fertiliser_TotalChemicalCompoundAppliedAllIngredients($D29,Table_Input_InorganicFertiliser_Custom[Total applied (kg)],Table_Input_InorganicFertiliser_Custom[Ingredient 1 (select)],Table_Input_InorganicFertiliser_Custom[Ingredient 1 percent],Table_Input_InorganicFertiliser_Custom[Ingredient 2],Table_Input_InorganicFertiliser_Custom[Ingredient 2 percent],Table_Input_InorganicFertiliser_Custom[Ingredient 3],Table_Input_InorganicFertiliser_Custom[Ingredient 3 percent],Table_Input_InorganicFertiliser_Custom[Ingredient 4],Table_Input_InorganicFertiliser_Custom[Ingredient 4 percent])} -> 4603.5 | F29: {=Common_InputFunctions.Utility_LookupValueInTableNumber(D29,Table_Fertiliser_ChemicalCompounds[Fertiliser type f],Table_Fertiliser_ChemicalCompounds[FNinorganic f])} -> 0 | G29: {=Fertiliser_Equations_InorganicN2O.VEERG_5_1_1_1__2_MassOfNitrogenInInorganicFertiliser(E29,F29)} -> 0
D30: Potassium - Generic | E30: {=Fertiliser_InputFunctions.Fertiliser_TotalChemicalCompoundAppliedAllIngredients($D30,Table_Input_InorganicFertiliser_Brands[Total applied (kg)],Table_Input_InorganicFertiliser_Brands[Ingredient 1],Table_Input_InorganicFertiliser_Brands[Ingredient 1 percent],Table_Input_InorganicFertiliser_Brands[Ingredient 2],Table_Input_InorganicFertiliser_Brands[Ingredient 2 percent],Table_Input_InorganicFertiliser_Brands[Ingredient 3],Table_Input_InorganicFertiliser_Brands[Ingredient 3 percent],Table_Input_InorganicFertiliser_Brands[Ingredient 4],Table_Input_InorganicFertiliser_Brands[Ingredient 4 percent],Table_Input_InorganicFertiliser_Brands[Ingredient 5],Table_Input_InorganicFertiliser_Brands[Ingredient 5 percent],Table_Input_InorganicFertiliser_Brands[Ingredient 6],Table_Input_InorganicFertiliser_Brands[Ingredient 6 percent])+ Fertiliser_InputFunctions.Fertiliser_TotalChemicalCompoundAppliedAllIngredients($D30,Table_Input_InorganicFertiliser_Custom[Total applied (kg)],Table_Input_InorganicFertiliser_Custom[Ingredient 1 (select)],Table_Input_InorganicFertiliser_Custom[Ingredient 1 percent],Table_Input_InorganicFertiliser_Custom[Ingredient 2],Table_Input_InorganicFertiliser_Custom[Ingredient 2 percent],Table_Input_InorganicFertiliser_Custom[Ingredient 3],Table_Input_InorganicFertiliser_Custom[Ingredient 3 percent],Table_Input_InorganicFertiliser_Custom[Ingredient 4],Table_Input_InorganicFertiliser_Custom[Ingredient 4 percent])} -> 6158 | F30: {=Common_InputFunctions.Utility_LookupValueInTableNumber(D30,Table_Fertiliser_ChemicalCompounds[Fertiliser type f],Table_Fertiliser_ChemicalCompounds[FNinorganic f])} -> 0 | G30: {=Fertiliser_Equations_InorganicN2O.VEERG_5_1_1_1__2_MassOfNitrogenInInorganicFertiliser(E30,F30)} -> 0
D31: Sulfur - Generic | E31: {=Fertiliser_InputFunctions.Fertiliser_TotalChemicalCompoundAppliedAllIngredients($D31,Table_Input_InorganicFertiliser_Brands[Total applied (kg)],Table_Input_InorganicFertiliser_Brands[Ingredient 1],Table_Input_InorganicFertiliser_Brands[Ingredient 1 percent],Table_Input_InorganicFertiliser_Brands[Ingredient 2],Table_Input_InorganicFertiliser_Brands[Ingredient 2 percent],Table_Input_InorganicFertiliser_Brands[Ingredient 3],Table_Input_InorganicFertiliser_Brands[Ingredient 3 percent],Table_Input_InorganicFertiliser_Brands[Ingredient 4],Table_Input_InorganicFertiliser_Brands[Ingredient 4 percent],Table_Input_InorganicFertiliser_Brands[Ingredient 5],Table_Input_InorganicFertiliser_Brands[Ingredient 5 percent],Table_Input_InorganicFertiliser_Brands[Ingredient 6],Table_Input_InorganicFertiliser_Brands[Ingredient 6 percent])+ Fertiliser_InputFunctions.Fertiliser_TotalChemicalCompoundAppliedAllIngredients($D31,Table_Input_InorganicFertiliser_Custom[Total applied (kg)],Table_Input_InorganicFertiliser_Custom[Ingredient 1 (select)],Table_Input_InorganicFertiliser_Custom[Ingredient 1 percent],Table_Input_InorganicFertiliser_Custom[Ingredient 2],Table_Input_InorganicFertiliser_Custom[Ingredient 2 percent],Table_Input_InorganicFertiliser_Custom[Ingredient 3],Table_Input_InorganicFertiliser_Custom[Ingredient 3 percent],Table_Input_InorganicFertiliser_Custom[Ingredient 4],Table_Input_InorganicFertiliser_Custom[Ingredient 4 percent])} -> 1000 | F31: {=Common_InputFunctions.Utility_LookupValueInTableNumber(D31,Table_Fertiliser_ChemicalCompounds[Fertiliser type f],Table_Fertiliser_ChemicalCompounds[FNinorganic f])} -> 0 | G31: {=Fertiliser_Equations_InorganicN2O.VEERG_5_1_1_1__2_MassOfNitrogenInInorganicFertiliser(E31,F31)} -> 0
D32: Zinc - Generic | E32: {=Fertiliser_InputFunctions.Fertiliser_TotalChemicalCompoundAppliedAllIngredients($D32,Table_Input_InorganicFertiliser_Brands[Total applied (kg)],Table_Input_InorganicFertiliser_Brands[Ingredient 1],Table_Input_InorganicFertiliser_Brands[Ingredient 1 percent],Table_Input_InorganicFertiliser_Brands[Ingredient 2],Table_Input_InorganicFertiliser_Brands[Ingredient 2 percent],Table_Input_InorganicFertiliser_Brands[Ingredient 3],Table_Input_InorganicFertiliser_Brands[Ingredient 3 percent],Table_Input_InorganicFertiliser_Brands[Ingredient 4],Table_Input_InorganicFertiliser_Brands[Ingredient 4 percent],Table_Input_InorganicFertiliser_Brands[Ingredient 5],Table_Input_InorganicFertiliser_Brands[Ingredient 5 percent],Table_Input_InorganicFertiliser_Brands[Ingredient 6],Table_Input_InorganicFertiliser_Brands[Ingredient 6 percent])+ Fertiliser_InputFunctions.Fertiliser_TotalChemicalCompoundAppliedAllIngredients($D32,Table_Input_InorganicFertiliser_Custom[Total applied (kg)],Table_Input_InorganicFertiliser_Custom[Ingredient 1 (select)],Table_Input_InorganicFertiliser_Custom[Ingredient 1 percent],Table_Input_InorganicFertiliser_Custom[Ingredient 2],Table_Input_InorganicFertiliser_Custom[Ingredient 2 percent],Table_Input_InorganicFertiliser_Custom[Ingredient 3],Table_Input_InorganicFertiliser_Custom[Ingredient 3 percent],Table_Input_InorganicFertiliser_Custom[Ingredient 4],Table_Input_InorganicFertiliser_Custom[Ingredient 4 percent])} -> 2000 | F32: {=Common_InputFunctions.Utility_LookupValueInTableNumber(D32,Table_Fertiliser_ChemicalCompounds[Fertiliser type f],Table_Fertiliser_ChemicalCompounds[FNinorganic f])} -> 0 | G32: {=Fertiliser_Equations_InorganicN2O.VEERG_5_1_1_1__2_MassOfNitrogenInInorganicFertiliser(E32,F32)} -> 0 | M32: Variable | N32: {=Fertiliser_Equations_InorganicN2O.VEERG_5_1_1_2__3_EmissionFactorCotton_Variable()} -> EF_fjCottonN2O
D33: Muriate of potash (MOP) | E33: {=Fertiliser_InputFunctions.Fertiliser_TotalChemicalCompoundAppliedAllIngredients($D33,Table_Input_InorganicFertiliser_Brands[Total applied (kg)],Table_Input_InorganicFertiliser_Brands[Ingredient 1],Table_Input_InorganicFertiliser_Brands[Ingredient 1 percent],Table_Input_InorganicFertiliser_Brands[Ingredient 2],Table_Input_InorganicFertiliser_Brands[Ingredient 2 percent],Table_Input_InorganicFertiliser_Brands[Ingredient 3],Table_Input_InorganicFertiliser_Brands[Ingredient 3 percent],Table_Input_InorganicFertiliser_Brands[Ingredient 4],Table_Input_InorganicFertiliser_Brands[Ingredient 4 percent],Table_Input_InorganicFertiliser_Brands[Ingredient 5],Table_Input_InorganicFertiliser_Brands[Ingredient 5 percent],Table_Input_InorganicFertiliser_Brands[Ingredient 6],Table_Input_InorganicFertiliser_Brands[Ingredient 6 percent])+ Fertiliser_InputFunctions.Fertiliser_TotalChemicalCompoundAppliedAllIngredients($D33,Table_Input_InorganicFertiliser_Custom[Total applied (kg)],Table_Input_InorganicFertiliser_Custom[Ingredient 1 (select)],Table_Input_InorganicFertiliser_Custom[Ingredient 1 percent],Table_Input_InorganicFertiliser_Custom[Ingredient 2],Table_Input_InorganicFertiliser_Custom[Ingredient 2 percent],Table_Input_InorganicFertiliser_Custom[Ingredient 3],Table_Input_InorganicFertiliser_Custom[Ingredient 3 percent],Table_Input_InorganicFertiliser_Custom[Ingredient 4],Table_Input_InorganicFertiliser_Custom[Ingredient 4 percent])} -> 0 | F33: {=Common_InputFunctions.Utility_LookupValueInTableNumber(D33,Table_Fertiliser_ChemicalCompounds[Fertiliser type f],Table_Fertiliser_ChemicalCompounds[FNinorganic f])} -> 0 | G33: {=Fertiliser_Equations_InorganicN2O.VEERG_5_1_1_1__2_MassOfNitrogenInInorganicFertiliser(E33,F33)} -> 0 | M33: Unit | N33: {=Fertiliser_Equations_InorganicN2O.VEERG_5_1_1_2__3_EmissionFactorCotton_Unit()} -> kg N2O-N/kg N applied
D34: Double superphosphate | E34: {=Fertiliser_InputFunctions.Fertiliser_TotalChemicalCompoundAppliedAllIngredients($D34,Table_Input_InorganicFertiliser_Brands[Total applied (kg)],Table_Input_InorganicFertiliser_Brands[Ingredient 1],Table_Input_InorganicFertiliser_Brands[Ingredient 1 percent],Table_Input_InorganicFertiliser_Brands[Ingredient 2],Table_Input_InorganicFertiliser_Brands[Ingredient 2 percent],Table_Input_InorganicFertiliser_Brands[Ingredient 3],Table_Input_InorganicFertiliser_Brands[Ingredient 3 percent],Table_Input_InorganicFertiliser_Brands[Ingredient 4],Table_Input_InorganicFertiliser_Brands[Ingredient 4 percent],Table_Input_InorganicFertiliser_Brands[Ingredient 5],Table_Input_InorganicFertiliser_Brands[Ingredient 5 percent],Table_Input_InorganicFertiliser_Brands[Ingredient 6],Table_Input_InorganicFertiliser_Brands[Ingredient 6 percent])+ Fertiliser_InputFunctions.Fertiliser_TotalChemicalCompoundAppliedAllIngredients($D34,Table_Input_InorganicFertiliser_Custom[Total applied (kg)],Table_Input_InorganicFertiliser_Custom[Ingredient 1 (select)],Table_Input_InorganicFertiliser_Custom[Ingredient 1 percent],Table_Input_InorganicFertiliser_Custom[Ingredient 2],Table_Input_InorganicFertiliser_Custom[Ingredient 2 percent],Table_Input_InorganicFertiliser_Custom[Ingredient 3],Table_Input_InorganicFertiliser_Custom[Ingredient 3 percent],Table_Input_InorganicFertiliser_Custom[Ingredient 4],Table_Input_InorganicFertiliser_Custom[Ingredient 4 percent])} -> 0 | F34: {=Common_InputFunctions.Utility_LookupValueInTableNumber(D34,Table_Fertiliser_ChemicalCompounds[Fertiliser type f],Table_Fertiliser_ChemicalCompounds[FNinorganic f])} -> 0 | G34: {=Fertiliser_Equations_InorganicN2O.VEERG_5_1_1_1__2_MassOfNitrogenInInorganicFertiliser(E34,F34)} -> 0
D35: Single superphosphate (SSP) | E35: {=Fertiliser_InputFunctions.Fertiliser_TotalChemicalCompoundAppliedAllIngredients($D35,Table_Input_InorganicFertiliser_Brands[Total applied (kg)],Table_Input_InorganicFertiliser_Brands[Ingredient 1],Table_Input_InorganicFertiliser_Brands[Ingredient 1 percent],Table_Input_InorganicFertiliser_Brands[Ingredient 2],Table_Input_InorganicFertiliser_Brands[Ingredient 2 percent],Table_Input_InorganicFertiliser_Brands[Ingredient 3],Table_Input_InorganicFertiliser_Brands[Ingredient 3 percent],Table_Input_InorganicFertiliser_Brands[Ingredient 4],Table_Input_InorganicFertiliser_Brands[Ingredient 4 percent],Table_Input_InorganicFertiliser_Brands[Ingredient 5],Table_Input_InorganicFertiliser_Brands[Ingredient 5 percent],Table_Input_InorganicFertiliser_Brands[Ingredient 6],Table_Input_InorganicFertiliser_Brands[Ingredient 6 percent])+ Fertiliser_InputFunctions.Fertiliser_TotalChemicalCompoundAppliedAllIngredients($D35,Table_Input_InorganicFertiliser_Custom[Total applied (kg)],Table_Input_InorganicFertiliser_Custom[Ingredient 1 (select)],Table_Input_InorganicFertiliser_Custom[Ingredient 1 percent],Table_Input_InorganicFertiliser_Custom[Ingredient 2],Table_Input_InorganicFertiliser_Custom[Ingredient 2 percent],Table_Input_InorganicFertiliser_Custom[Ingredient 3],Table_Input_InorganicFertiliser_Custom[Ingredient 3 percent],Table_Input_InorganicFertiliser_Custom[Ingredient 4],Table_Input_InorganicFertiliser_Custom[Ingredient 4 percent])} -> 0 | F35: {=Common_InputFunctions.Utility_LookupValueInTableNumber(D35,Table_Fertiliser_ChemicalCompounds[Fertiliser type f],Table_Fertiliser_ChemicalCompounds[FNinorganic f])} -> 0 | G35: {=Fertiliser_Equations_InorganicN2O.VEERG_5_1_1_1__2_MassOfNitrogenInInorganicFertiliser(E35,F35)} -> 0 | M35: {=_xlfn.CHOOSECOLS(Fertiliser_Equations_InorganicN2O.VEERG_5_1_1_2__3_EmissionFactorCotton_Arguments(), 1, 2)} -> N_fjCotton | N35: application rate of inorganic fertiliser type f in the cotton crop | P35: {=_xlfn.CHOOSECOLS(Fertiliser_Equations_InorganicN2O.VEERG_5_1_1_2__3_EmissionFactorCotton_Arguments(), 3,4)} -> kg N/ha | Q35: Input | R35: {=HYPERLINK(Common_InputFunctions.Utility_SourceHyperlink($M$41), $M$41)} -> M2_Table_FertApplications
D36: Ammonia | E36: {=Fertiliser_InputFunctions.Fertiliser_TotalChemicalCompoundAppliedAllIngredients($D36,Table_Input_InorganicFertiliser_Brands[Total applied (kg)],Table_Input_InorganicFertiliser_Brands[Ingredient 1],Table_Input_InorganicFertiliser_Brands[Ingredient 1 percent],Table_Input_InorganicFertiliser_Brands[Ingredient 2],Table_Input_InorganicFertiliser_Brands[Ingredient 2 percent],Table_Input_InorganicFertiliser_Brands[Ingredient 3],Table_Input_InorganicFertiliser_Brands[Ingredient 3 percent],Table_Input_InorganicFertiliser_Brands[Ingredient 4],Table_Input_InorganicFertiliser_Brands[Ingredient 4 percent],Table_Input_InorganicFertiliser_Brands[Ingredient 5],Table_Input_InorganicFertiliser_Brands[Ingredient 5 percent],Table_Input_InorganicFertiliser_Brands[Ingredient 6],Table_Input_InorganicFertiliser_Brands[Ingredient 6 percent])+ Fertiliser_InputFunctions.Fertiliser_TotalChemicalCompoundAppliedAllIngredients($D36,Table_Input_InorganicFertiliser_Custom[Total applied (kg)],Table_Input_InorganicFertiliser_Custom[Ingredient 1 (select)],Table_Input_InorganicFertiliser_Custom[Ingredient 1 percent],Table_Input_InorganicFertiliser_Custom[Ingredient 2],Table_Input_InorganicFertiliser_Custom[Ingredient 2 percent],Table_Input_InorganicFertiliser_Custom[Ingredient 3],Table_Input_InorganicFertiliser_Custom[Ingredient 3 percent],Table_Input_InorganicFertiliser_Custom[Ingredient 4],Table_Input_InorganicFertiliser_Custom[Ingredient 4 percent])} -> 5000 | F36: {=Common_InputFunctions.Utility_LookupValueInTableNumber(D36,Table_Fertiliser_ChemicalCompounds[Fertiliser type f],Table_Fertiliser_ChemicalCompounds[FNinorganic f])} -> 0.8235 | G36: {=Fertiliser_Equations_InorganicN2O.VEERG_5_1_1_1__2_MassOfNitrogenInInorganicFertiliser(E36,F36)} -> 4117.5 | M36: f | N36: Inorganic fertiliser type | Q36: Constant | R36: Not used - application rate calculated per product blend application
A37: =HYPERLINK("#A1", "▲ Back to top") -> ▲ Back to top | D37: Calcium nitrate | E37: {=Fertiliser_InputFunctions.Fertiliser_TotalChemicalCompoundAppliedAllIngredients($D37,Table_Input_InorganicFertiliser_Brands[Total applied (kg)],Table_Input_InorganicFertiliser_Brands[Ingredient 1],Table_Input_InorganicFertiliser_Brands[Ingredient 1 percent],Table_Input_InorganicFertiliser_Brands[Ingredient 2],Table_Input_InorganicFertiliser_Brands[Ingredient 2 percent],Table_Input_InorganicFertiliser_Brands[Ingredient 3],Table_Input_InorganicFertiliser_Brands[Ingredient 3 percent],Table_Input_InorganicFertiliser_Brands[Ingredient 4],Table_Input_InorganicFertiliser_Brands[Ingredient 4 percent],Table_Input_InorganicFertiliser_Brands[Ingredient 5],Table_Input_InorganicFertiliser_Brands[Ingredient 5 percent],Table_Input_InorganicFertiliser_Brands[Ingredient 6],Table_Input_InorganicFertiliser_Brands[Ingredient 6 percent])+ Fertiliser_InputFunctions.Fertiliser_TotalChemicalCompoundAppliedAllIngredients($D37,Table_Input_InorganicFertiliser_Custom[Total applied (kg)],Table_Input_InorganicFertiliser_Custom[Ingredient 1 (select)],Table_Input_InorganicFertiliser_Custom[Ingredient 1 percent],Table_Input_InorganicFertiliser_Custom[Ingredient 2],Table_Input_InorganicFertiliser_Custom[Ingredient 2 percent],Table_Input_InorganicFertiliser_Custom[Ingredient 3],Table_Input_InorganicFertiliser_Custom[Ingredient 3 percent],Table_Input_InorganicFertiliser_Custom[Ingredient 4],Table_Input_InorganicFertiliser_Custom[Ingredient 4 percent])} -> 5000 | F37: {=Common_InputFunctions.Utility_LookupValueInTableNumber(D37,Table_Fertiliser_ChemicalCompounds[Fertiliser type f],Table_Fertiliser_ChemicalCompounds[FNinorganic f])} -> 0.155 | G37: {=Fertiliser_Equations_InorganicN2O.VEERG_5_1_1_1__2_MassOfNitrogenInInorganicFertiliser(E37,F37)} -> 775
M39: ALERT: For method 2 the application rate (N) and mass of nitrogen (MN) is calculated per fertiliser application instance, not per fertiliser type.
D40: {=Fertiliser_Equations_InorganicN2O.VEERG_5_1_1_1__1_InorganicFertiliserApplicationN2OEmissions_Title()} -> Nitrous oxide emissions from the application of all inorganic fertiliser types f to all production systems j
D41: {=Fertiliser_Equations_InorganicN2O.VEERG_5_1_1_1__1_InorganicFertiliserApplicationN2OEmissions_Source()} -> VEERG 2026: 5.1.1.1, Equation (1) | M41: M2_Table_FertApplications | T41: Capped cotton applicationj rate to 300 based on VEERG "application rate of inorganic fertiliser type f in the cotton crop (kg N/ha). This is capped at a maximum of 0.0183 kg CO2e/kg N, equivalent to N application rates of 300 kg N/ha "
D42: Function name | E42: {=Common_InputFunctions.Utility_DisplayFunctionName($E$60)} -> =Fertiliser_Equations_InorganicN2O.VEERG_5_1_1_1__1_InorganicFertiliserApplicationN2OEmissions | M42: Fertiliser product applications (Method 2)
O43: kg / hectare | P43: hectares | Q43: kg | R43: =$N$10 -> kg N2O-N/kg N applied | S43: =$N$21 -> kg N2O-N/kg N applied | T43: kg / hectare | U43: kg | V43: =$N$33 -> kg N2O-N/kg N applied | W43: kg N2O-N/kg N applied
M44: Product applied | N44: Product applied | O44: N Application rate | P44: Application area | Q44: MN | R44: =N9 -> EF_fjIrrigatedMaizeN2O | S44: =N20 -> EF_fjNonIrrigatedGrainsN2O | T44: N App. rate for cotton (max 300) | U44: MN for cotton | V44: =N32 -> EF_fjCottonN2O | W44: EF_jN2O
M45: Branded product | N45: {=Table_Input_InorganicFertiliser_Brands[Product (select)]} -> Aqua Finish | O45: {=Table_Input_InorganicFertiliser_Brands[N application rate (kg/ha)]} -> 3.276 | P45: {=Table_Input_InorganicFertiliser_Brands[Application area (ha)]} -> 100 | Q45: =O45*P45 -> 327.6 | R45: {=IF(O45>0, Fertiliser_Equations_InorganicN2O.VEERG_5_1_1_2__1_EmissionFactorIrrigatedMaize(O45), 0)} -> -0.001274164 | S45: {=IF(O45>0, Fertiliser_Equations_InorganicN2O.VEERG_5_1_1_2__2_EmissionFactorNonIrrigatedGrainsHighRainfall(O45), 0)} -> 0.0010267 | T45: =IF(O45>0, MIN(300, O45), 0) -> 3.276 | U45: =P45*T45 -> 327.6 | V45: {=IF(O45>0, Fertiliser_Equations_InorganicN2O.VEERG_5_1_1_2__3_EmissionFactorCotton(T45), 0)} -> 2.9027535e-05 | W45: =IF(O45>0,Common_InputFunctions.Utility_LookupN2OEFFromProdIrrigationRainfall($S$70,$S$73,$S$74,Table_SourceData_Common_EFN2O[Production system only],Table_SourceData_Common_EFN2O[Irrigation method],Table_SourceData_Common_EFN2O[Rainfall zone],Table_SourceData_Common_EFN2O[EFN2O]), 0) -> 0.007
D46: Variable | E46: {=Fertiliser_Equations_InorganicN2O.VEERG_5_1_1_1__1_InorganicFertiliserApplicationN2OEmissions_Variable()} -> E_N2O | M46: Branded product | N46: CalPhos | O46: 0 | P46: 100 | Q46: =O46*P46 -> 0 | R46: {=IF(O46>0, Fertiliser_Equations_InorganicN2O.VEERG_5_1_1_2__1_EmissionFactorIrrigatedMaize(O46), 0)} -> 0 | S46: {=IF(O46>0, Fertiliser_Equations_InorganicN2O.VEERG_5_1_1_2__2_EmissionFactorNonIrrigatedGrainsHighRainfall(O46), 0)} -> 0 | T46: =IF(O46>0, MIN(300, O46), 0) -> 0 | U46: =P46*T46 -> 0 | V46: {=IF(O46>0, Fertiliser_Equations_InorganicN2O.VEERG_5_1_1_2__3_EmissionFactorCotton(T46), 0)} -> 0 | W46: =IF(O46>0,Common_InputFunctions.Utility_LookupN2OEFFromProdIrrigationRainfall($S$70,$S$73,$S$74,Table_SourceData_Common_EFN2O[Production system only],Table_SourceData_Common_EFN2O[Irrigation method],Table_SourceData_Common_EFN2O[Rainfall zone],Table_SourceData_Common_EFN2O[EFN2O]), 0) -> 0
D47: Unit | E47: {=Fertiliser_Equations_InorganicN2O.VEERG_5_1_1_1__1_InorganicFertiliserApplicationN2OEmissions_Unit()} -> t N2O | M47: Branded product | N47: CalPhos | O47: 0 | P47: 100 | Q47: =O47*P47 -> 0 | R47: {=IF(O47>0, Fertiliser_Equations_InorganicN2O.VEERG_5_1_1_2__1_EmissionFactorIrrigatedMaize(O47), 0)} -> 0 | S47: {=IF(O47>0, Fertiliser_Equations_InorganicN2O.VEERG_5_1_1_2__2_EmissionFactorNonIrrigatedGrainsHighRainfall(O47), 0)} -> 0 | T47: =IF(O47>0, MIN(300, O47), 0) -> 0 | U47: =P47*T47 -> 0 | V47: {=IF(O47>0, Fertiliser_Equations_InorganicN2O.VEERG_5_1_1_2__3_EmissionFactorCotton(T47), 0)} -> 0 | W47: =IF(O47>0,Common_InputFunctions.Utility_LookupN2OEFFromProdIrrigationRainfall($S$70,$S$73,$S$74,Table_SourceData_Common_EFN2O[Production system only],Table_SourceData_Common_EFN2O[Irrigation method],Table_SourceData_Common_EFN2O[Rainfall zone],Table_SourceData_Common_EFN2O[EFN2O]), 0) -> 0
M48: Branded product | N48: Aqua Grow | O48: 12.096 | P48: 100 | Q48: =O48*P48 -> 1209.6 | R48: {=IF(O48>0, Fertiliser_Equations_InorganicN2O.VEERG_5_1_1_2__1_EmissionFactorIrrigatedMaize(O48), 0)} -> -0.000736144 | S48: {=IF(O48>0, Fertiliser_Equations_InorganicN2O.VEERG_5_1_1_2__2_EmissionFactorNonIrrigatedGrainsHighRainfall(O48), 0)} -> 0.0016882 | T48: =IF(O48>0, MIN(300, O48), 0) -> 12.096 | U48: =P48*T48 -> 1209.6 | V48: {=IF(O48>0, Fertiliser_Equations_InorganicN2O.VEERG_5_1_1_2__3_EmissionFactorCotton(T48), 0)} -> 2.9032667e-05 | W48: =IF(O48>0,Common_InputFunctions.Utility_LookupN2OEFFromProdIrrigationRainfall($S$70,$S$73,$S$74,Table_SourceData_Common_EFN2O[Production system only],Table_SourceData_Common_EFN2O[Irrigation method],Table_SourceData_Common_EFN2O[Rainfall zone],Table_SourceData_Common_EFN2O[EFN2O]), 0) -> 0.007
D49: {=_xlfn.CHOOSECOLS(Fertiliser_Equations_InorganicN2O.VEERG_5_1_1_1__1_InorganicFertiliserApplicationN2OEmissions_Arguments(), 1, 2)} -> MN_jf | E49: mass of nitrogen in inorganic fertiliser type f applied to production system j | G49: {=_xlfn.CHOOSECOLS(Fertiliser_Equations_InorganicN2O.VEERG_5_1_1_1__1_InorganicFertiliserApplicationN2OEmissions_Arguments(), 3,4)} -> kg N | H49: Calculated from 5.1.1.1 (2) | I49: {=HYPERLINK(Common_InputFunctions.Utility_SourceHyperlink(D16), D16)} -> Table_MN_j_f | M49: Branded product | N49: Aqua NitroCal | O49: 19.8 | P49: 100 | Q49: =O49*P49 -> 1980 | R49: {=IF(O49>0, Fertiliser_Equations_InorganicN2O.VEERG_5_1_1_2__1_EmissionFactorIrrigatedMaize(O49), 0)} -> -0.0002662 | S49: {=IF(O49>0, Fertiliser_Equations_InorganicN2O.VEERG_5_1_1_2__2_EmissionFactorNonIrrigatedGrainsHighRainfall(O49), 0)} -> 0.002266 | T49: =IF(O49>0, MIN(300, O49), 0) -> 19.8 | U49: =P49*T49 -> 1980 | V49: {=IF(O49>0, Fertiliser_Equations_InorganicN2O.VEERG_5_1_1_2__3_EmissionFactorCotton(T49), 0)} -> 2.9038199e-05 | W49: =IF(O49>0,Common_InputFunctions.Utility_LookupN2OEFFromProdIrrigationRainfall($S$70,$S$73,$S$74,Table_SourceData_Common_EFN2O[Production system only],Table_SourceData_Common_EFN2O[Irrigation method],Table_SourceData_Common_EFN2O[Rainfall zone],Table_SourceData_Common_EFN2O[EFN2O]), 0) -> 0.007
D50: EF_jN2O | E50: emission factor for nitrous oxide for inorganic fertilisers | G50: kg N2O-N/kg N applied | H50: Constant | I50: =Common_InputFunctions.Utility_LookupN2OEFFromProdIrrigationRainfall(I52,I54,I55,Table_SourceData_Common_EFN2O[Production system only],Table_SourceData_Common_EFN2O[Irrigation method],Table_SourceData_Common_EFN2O[Rainfall zone],Table_SourceData_Common_EFN2O[EFN2O]) -> 0.007 | M50: Custom blend | N50: {=Table_Input_InorganicFertiliser_Custom[Custom blend name]} -> My first custom blend | O50: {=Table_Input_InorganicFertiliser_Custom[N application rate (kg/ha)]} -> 7.75 | P50: {=Table_Input_InorganicFertiliser_Custom[Application area (ha)]} -> 100 | Q50: =O50*P50 -> 775 | R50: {=IF(O50>0, Fertiliser_Equations_InorganicN2O.VEERG_5_1_1_2__1_EmissionFactorIrrigatedMaize(O50), 0)} -> -0.00100125 | S50: {=IF(O50>0, Fertiliser_Equations_InorganicN2O.VEERG_5_1_1_2__2_EmissionFactorNonIrrigatedGrainsHighRainfall(O50), 0)} -> 0.00136225 | T50: =IF(O50>0, MIN(300, O50), 0) -> 7.75 | U50: =P50*T50 -> 775 | V50: {=IF(O50>0, Fertiliser_Equations_InorganicN2O.VEERG_5_1_1_2__3_EmissionFactorCotton(T50), 0)} -> 2.9029995e-05 | W50: =IF(O50>0,Common_InputFunctions.Utility_LookupN2OEFFromProdIrrigationRainfall($S$70,$S$73,$S$74,Table_SourceData_Common_EFN2O[Production system only],Table_SourceData_Common_EFN2O[Irrigation method],Table_SourceData_Common_EFN2O[Rainfall zone],Table_SourceData_Common_EFN2O[EFN2O]), 0) -> 0.007
D51: C_N2O | E51: factor to convert elemental mass of nitrous oxide to molecular mass | H51: Constant | I51: =Common_InputFunctions.Utility_LookupValueInTableNumber("N2O",Table_GasToMolecularConversionFactor[Gas],Table_GasToMolecularConversionFactor[Conversion factor combined]) -> 1.5714286 | M51: Custom blend | N51: My second custom blend | O51: 46 | P51: 100 | Q51: =O51*P51 -> 4600 | R51: {=IF(O51>0, Fertiliser_Equations_InorganicN2O.VEERG_5_1_1_2__1_EmissionFactorIrrigatedMaize(O51), 0)} -> 0.001332 | S51: {=IF(O51>0, Fertiliser_Equations_InorganicN2O.VEERG_5_1_1_2__2_EmissionFactorNonIrrigatedGrainsHighRainfall(O51), 0)} -> 0.004231 | T51: =IF(O51>0, MIN(300, O51), 0) -> 46 | U51: =P51*T51 -> 4600 | V51: {=IF(O51>0, Fertiliser_Equations_InorganicN2O.VEERG_5_1_1_2__3_EmissionFactorCotton(T51), 0)} -> 2.9068249e-05 | W51: =IF(O51>0,Common_InputFunctions.Utility_LookupN2OEFFromProdIrrigationRainfall($S$70,$S$73,$S$74,Table_SourceData_Common_EFN2O[Production system only],Table_SourceData_Common_EFN2O[Irrigation method],Table_SourceData_Common_EFN2O[Rainfall zone],Table_SourceData_Common_EFN2O[EFN2O]), 0) -> 0.007
D52: j | E52: Production system | H52: Input | I52: ='Input - Fertiliser'!$E$6 -> Crop | M52: Custom blend | N52: My third custom blend | O52: 41.175 | P52: 100 | Q52: =O52*P52 -> 4117.5 | R52: {=IF(O52>0, Fertiliser_Equations_InorganicN2O.VEERG_5_1_1_2__1_EmissionFactorIrrigatedMaize(O52), 0)} -> 0.001037675 | S52: {=IF(O52>0, Fertiliser_Equations_InorganicN2O.VEERG_5_1_1_2__2_EmissionFactorNonIrrigatedGrainsHighRainfall(O52), 0)} -> 0.003869125 | T52: =IF(O52>0, MIN(300, O52), 0) -> 41.175 | U52: =P52*T52 -> 4117.5 | V52: {=IF(O52>0, Fertiliser_Equations_InorganicN2O.VEERG_5_1_1_2__3_EmissionFactorCotton(T52), 0)} -> 2.9061001e-05 | W52: =IF(O52>0,Common_InputFunctions.Utility_LookupN2OEFFromProdIrrigationRainfall($S$70,$S$73,$S$74,Table_SourceData_Common_EFN2O[Production system only],Table_SourceData_Common_EFN2O[Irrigation method],Table_SourceData_Common_EFN2O[Rainfall zone],Table_SourceData_Common_EFN2O[EFN2O]), 0) -> 0.007
D53: f | E53: Inorganic fertiliser type | H53: Constant | I53: ="See " & D57 -> See M1_Table_E_N2O | M53: Custom blend | Q53: =O53*P53 -> 0 | R53: {=IF(O53>0, Fertiliser_Equations_InorganicN2O.VEERG_5_1_1_2__1_EmissionFactorIrrigatedMaize(O53), 0)} -> 0 | S53: {=IF(O53>0, Fertiliser_Equations_InorganicN2O.VEERG_5_1_1_2__2_EmissionFactorNonIrrigatedGrainsHighRainfall(O53), 0)} -> 0 | T53: =IF(O53>0, MIN(300, O53), 0) -> 0 | U53: =P53*T53 -> 0 | V53: {=IF(O53>0, Fertiliser_Equations_InorganicN2O.VEERG_5_1_1_2__3_EmissionFactorCotton(T53), 0)} -> 0 | W53: =IF(O53>0,Common_InputFunctions.Utility_LookupN2OEFFromProdIrrigationRainfall($S$70,$S$73,$S$74,Table_SourceData_Common_EFN2O[Production system only],Table_SourceData_Common_EFN2O[Irrigation method],Table_SourceData_Common_EFN2O[Rainfall zone],Table_SourceData_Common_EFN2O[EFN2O]), 0) -> 0
D54: ir | E54: irrigation method | H54: Input | I54: ='Input - Fertiliser'!$E$8 -> Sprinkler Irrigation | M54: Custom blend | Q54: =O54*P54 -> 0 | R54: {=IF(O54>0, Fertiliser_Equations_InorganicN2O.VEERG_5_1_1_2__1_EmissionFactorIrrigatedMaize(O54), 0)} -> 0 | S54: {=IF(O54>0, Fertiliser_Equations_InorganicN2O.VEERG_5_1_1_2__2_EmissionFactorNonIrrigatedGrainsHighRainfall(O54), 0)} -> 0 | T54: =IF(O54>0, MIN(300, O54), 0) -> 0 | U54: =P54*T54 -> 0 | V54: {=IF(O54>0, Fertiliser_Equations_InorganicN2O.VEERG_5_1_1_2__3_EmissionFactorCotton(T54), 0)} -> 0 | W54: =IF(O54>0,Common_InputFunctions.Utility_LookupN2OEFFromProdIrrigationRainfall($S$70,$S$73,$S$74,Table_SourceData_Common_EFN2O[Production system only],Table_SourceData_Common_EFN2O[Irrigation method],Table_SourceData_Common_EFN2O[Rainfall zone],Table_SourceData_Common_EFN2O[EFN2O]), 0) -> 0
D55: z | E55: rainfall zone | H55: Input | I55: ='Input - Site'!$E$30 -> High rainfall
D57: M1_Table_E_N2O
D58: Nitrous oxide emissions from inorganic fertiliser application (Method 1) | M58: {=Fertiliser_Equations_InorganicN2O.VEERG_5_1_1_1__1_InorganicFertiliserApplicationN2OEmissions_Title()} -> Nitrous oxide emissions from the application of all inorganic fertiliser types f to all production systems j
D59: Fertiliser type f | E59: EN2O | M59: {=Fertiliser_Equations_InorganicN2O.VEERG_5_1_1_1__1_InorganicFertiliserApplicationN2OEmissions_Source()} -> VEERG 2026: 5.1.1.1, Equation (1)
D60: {=Table_Fertiliser_ChemicalCompounds[Fertiliser type f]} -> Monoammonium phosphate (MAP) | E60: {=Fertiliser_Equations_InorganicN2O.VEERG_5_1_1_1__1_InorganicFertiliserApplicationN2OEmissions(G19,$I$50,$I$51)} -> 0 | F60: =E47 -> t N2O | M60: Function name | N60: {=Common_InputFunctions.Utility_DisplayFunctionName($E$60)} -> =Fertiliser_Equations_InorganicN2O.VEERG_5_1_1_1__1_InorganicFertiliserApplicationN2OEmissions
D61: Diammonium phosphate (DAP) | E61: {=Fertiliser_Equations_InorganicN2O.VEERG_5_1_1_1__1_InorganicFertiliserApplicationN2OEmissions(G20,$I$50,$I$51)} -> 0
D62: Urea | E62: {=Fertiliser_Equations_InorganicN2O.VEERG_5_1_1_1__1_InorganicFertiliserApplicationN2OEmissions(G21,$I$50,$I$51)} -> 0.0506
D63: Sulphate of ammonia (SOA) | E63: {=Fertiliser_Equations_InorganicN2O.VEERG_5_1_1_1__1_InorganicFertiliserApplicationN2OEmissions(G22,$I$50,$I$51)} -> 0
D64: Urea-ammonium nitrate (UAN) | E64: {=Fertiliser_Equations_InorganicN2O.VEERG_5_1_1_1__1_InorganicFertiliserApplicationN2OEmissions(G23,$I$50,$I$51)} -> 0 | M64: Variable | N64: {=Fertiliser_Equations_InorganicN2O.VEERG_5_1_1_1__1_InorganicFertiliserApplicationN2OEmissions_Variable()} -> E_N2O
D65: Ammonium nitrate (AN) | E65: {=Fertiliser_Equations_InorganicN2O.VEERG_5_1_1_1__1_InorganicFertiliserApplicationN2OEmissions(G24,$I$50,$I$51)} -> 0 | M65: Unit | N65: {=Fertiliser_Equations_InorganicN2O.VEERG_5_1_1_1__1_InorganicFertiliserApplicationN2OEmissions_Unit()} -> t N2O
D66: Calcium ammonium nitrate (CAN) | E66: {=Fertiliser_Equations_InorganicN2O.VEERG_5_1_1_1__1_InorganicFertiliserApplicationN2OEmissions(G25,$I$50,$I$51)} -> 0
D67: Nitrogen - Ammoniacal | E67: {=Fertiliser_Equations_InorganicN2O.VEERG_5_1_1_1__1_InorganicFertiliserApplicationN2OEmissions(G26,$I$50,$I$51)} -> 0 | M67: {=_xlfn.CHOOSECOLS(Fertiliser_Equations_InorganicN2O.VEERG_5_1_1_1__1_InorganicFertiliserApplicationN2OEmissions_Arguments_Method2(), 1, 2)} -> MN_jf | N67: mass of nitrogen in inorganic fertiliser type f applied to production system j | Q67: {=_xlfn.CHOOSECOLS(Fertiliser_Equations_InorganicN2O.VEERG_5_1_1_1__1_InorganicFertiliserApplicationN2OEmissions_Arguments_Method2(), 3,4)} -> kg N | R67: Calculated from 5.1.1.1 (2) | S67: {=HYPERLINK(Common_InputFunctions.Utility_SourceHyperlink(M41), M41)} -> M2_Table_FertApplications
D68: Nitrogen - Nitrate | E68: {=Fertiliser_Equations_InorganicN2O.VEERG_5_1_1_1__1_InorganicFertiliserApplicationN2OEmissions(G27,$I$50,$I$51)} -> 0.02178 | M68: EF_jN2O | N68: emission factor for nitrous oxide for inorganic fertilisers | Q68: kg N2O-N/kg N applied | R68: Calculated from 5.1.1.2 (1)(2)(3) | S68: {=_xlfn.IFS( AND(S70="crop", S71="grains", S73="not irrigated", S74="high rainfall"), $S$44, AND(S70="Crop", S71="maize", S73<>"not irrigated"), $R$44, AND(S70="Crop", S71="cotton"), $V$44, TRUE, $W$44 )} -> EF_jN2O
D69: Nitrogen - Generic | E69: {=Fertiliser_Equations_InorganicN2O.VEERG_5_1_1_1__1_InorganicFertiliserApplicationN2OEmissions(G28,$I$50,$I$51)} -> 0.0169092 | M69: C_N2O | N69: factor to convert elemental mass of nitrous oxide to molecular mass | R69: Constant | S69: =Common_InputFunctions.Utility_LookupValueInTableNumber("N2O",Table_GasToMolecularConversionFactor[Gas],Table_GasToMolecularConversionFactor[Conversion factor combined]) -> 1.5714286
D70: Phosphorus - Generic | E70: {=Fertiliser_Equations_InorganicN2O.VEERG_5_1_1_1__1_InorganicFertiliserApplicationN2OEmissions(G29,$I$50,$I$51)} -> 0 | M70: j | N70: Production system | R70: Input | S70: ='Input - Fertiliser'!$E$6 -> Crop
D71: Potassium - Generic | E71: {=Fertiliser_Equations_InorganicN2O.VEERG_5_1_1_1__1_InorganicFertiliserApplicationN2OEmissions(G30,$I$50,$I$51)} -> 0 | M71: c | N71: Crop type | R71: Input | S71: ='Input - Fertiliser'!$E$7 -> Grains
D72: Sulfur - Generic | E72: {=Fertiliser_Equations_InorganicN2O.VEERG_5_1_1_1__1_InorganicFertiliserApplicationN2OEmissions(G31,$I$50,$I$51)} -> 0 | M72: f | N72: Inorganic fertiliser type | R72: Constant | S72: Not used
D73: Zinc - Generic | E73: {=Fertiliser_Equations_InorganicN2O.VEERG_5_1_1_1__1_InorganicFertiliserApplicationN2OEmissions(G32,$I$50,$I$51)} -> 0 | M73: ir | N73: irrigation method | R73: Input | S73: ='Input - Fertiliser'!$E$8 -> Sprinkler Irrigation
D74: Muriate of potash (MOP) | E74: {=Fertiliser_Equations_InorganicN2O.VEERG_5_1_1_1__1_InorganicFertiliserApplicationN2OEmissions(G33,$I$50,$I$51)} -> 0 | M74: z | N74: rainfall zone | R74: Input | S74: ='Input - Site'!$E$30 -> High rainfall
D75: Double superphosphate | E75: {=Fertiliser_Equations_InorganicN2O.VEERG_5_1_1_1__1_InorganicFertiliserApplicationN2OEmissions(G34,$I$50,$I$51)} -> 0
D76: Single superphosphate (SSP) | E76: {=Fertiliser_Equations_InorganicN2O.VEERG_5_1_1_1__1_InorganicFertiliserApplicationN2OEmissions(G35,$I$50,$I$51)} -> 0 | M76: Product applied | N76: Product applied | O76: EFjN2O | P76: EN2O
D77: Ammonia | E77: {=Fertiliser_Equations_InorganicN2O.VEERG_5_1_1_1__1_InorganicFertiliserApplicationN2OEmissions(G36,$I$50,$I$51)} -> 0.0452925 | M77: Branded product | N77: {=Table_Input_InorganicFertiliser_Brands[Product (select)]} -> Aqua Finish | O77: {=_xlfn.XLOOKUP(N77,$N$45:$N$54,_xlfn.XLOOKUP($S$68,$R$44:$W$44,$R$45:$W$54), "")} -> 0.007 | P77: {=Fertiliser_Equations_InorganicN2O.VEERG_5_1_1_1__1_InorganicFertiliserApplicationN2OEmissions(Q45,O77,$S$69)} -> 0.0036036
D78: Calcium nitrate | E78: {=Fertiliser_Equations_InorganicN2O.VEERG_5_1_1_1__1_InorganicFertiliserApplicationN2OEmissions(G37,$I$50,$I$51)} -> 0.008525 | M78: Branded product | N78: CalPhos | O78: {=_xlfn.XLOOKUP(N78,$N$45:$N$54,_xlfn.XLOOKUP($S$68,$R$44:$W$44,$R$45:$W$54), FALSE)} -> 0 | P78: {=Fertiliser_Equations_InorganicN2O.VEERG_5_1_1_1__1_InorganicFertiliserApplicationN2OEmissions(Q46,O78,$S$69)} -> 0
M79: Branded product | N79: CalPhos | O79: {=_xlfn.XLOOKUP(N79,$N$45:$N$54,_xlfn.XLOOKUP($S$68,$R$44:$W$44,$R$45:$W$54))} -> 0 | P79: {=Fertiliser_Equations_InorganicN2O.VEERG_5_1_1_1__1_InorganicFertiliserApplicationN2OEmissions(Q47,O79,$S$69)} -> 0
D80: EN2O | E80: =SUM(E60:E78) -> 0.1431067 | F80: =$E$47 -> t N2O | M80: Branded product | N80: Aqua Grow | O80: {=_xlfn.XLOOKUP(N80,$N$45:$N$54,_xlfn.XLOOKUP($S$68,$R$44:$W$44,$R$45:$W$54))} -> 0.007 | P80: {=Fertiliser_Equations_InorganicN2O.VEERG_5_1_1_1__1_InorganicFertiliserApplicationN2OEmissions(Q48,O80,$S$69)} -> 0.0133056
M81: Branded product | N81: Aqua NitroCal | O81: {=_xlfn.XLOOKUP(N81,$N$45:$N$54,_xlfn.XLOOKUP($S$68,$R$44:$W$44,$R$45:$W$54))} -> 0.007 | P81: {=Fertiliser_Equations_InorganicN2O.VEERG_5_1_1_1__1_InorganicFertiliserApplicationN2OEmissions(Q49,O81,$S$69)} -> 0.02178
D82: {=Common_Equations.Common_ConvertN2OToCO2e_Arguments()} -> EN2O | E82: Nitrous oxide emissions (t N2O) | G82: =E80 -> 0.1431067 | M82: Custom blend | N82: {=Table_Input_InorganicFertiliser_Custom[Custom blend name]} -> My first custom blend | O82: {=_xlfn.XLOOKUP(N82,$N$45:$N$54,_xlfn.XLOOKUP($S$68,$R$44:$W$44,$R$45:$W$54))} -> 0.007 | P82: {=Fertiliser_Equations_InorganicN2O.VEERG_5_1_1_1__1_InorganicFertiliserApplicationN2OEmissions(Q50,O82,$S$69)} -> 0.008525
A83: =HYPERLINK("#A1", "▲ Back to top") -> ▲ Back to top | D83: GWPN2O | E83: Global warming potential for nitrous oxide (t CO2-e / t N2O) | G83: =Common_InputFunctions.Utility_LookupValueInTableNumber("N2O",Table_GWPData[Gas],Table_GWPData[CO2-e factor]) -> 265 | M83: Custom blend | N83: My second custom blend | O83: {=_xlfn.XLOOKUP(N83,$N$45:$N$54,_xlfn.XLOOKUP($S$68,$R$44:$W$44,$R$45:$W$54))} -> 0.007 | P83: {=Fertiliser_Equations_InorganicN2O.VEERG_5_1_1_1__1_InorganicFertiliserApplicationN2OEmissions(Q51,O83,$S$69)} -> 0.0506
M84: Custom blend | N84: My third custom blend | O84: {=_xlfn.XLOOKUP(N84,$N$45:$N$54,_xlfn.XLOOKUP($S$68,$R$44:$W$44,$R$45:$W$54))} -> 0.007 | P84: {=Fertiliser_Equations_InorganicN2O.VEERG_5_1_1_1__1_InorganicFertiliserApplicationN2OEmissions(Q52,O84,$S$69)} -> 0.0452925
D85: ECO2e | E85: {=Common_Equations.Common_ConvertN2OToCO2e(G82,G83)} -> 37.923276 | F85: {=Common_Equations.Common_ConvertN2OToCO2e_Unit()} -> t CO2e | M85: Custom blend | O85: {=_xlfn.XLOOKUP(N85,$N$45:$N$54,_xlfn.XLOOKUP($S$68,$R$44:$W$44,$R$45:$W$54))} -> 0 | P85: {=Fertiliser_Equations_InorganicN2O.VEERG_5_1_1_1__1_InorganicFertiliserApplicationN2OEmissions(Q53,O85,$S$69)} -> 0
M86: Custom blend | O86: {=_xlfn.XLOOKUP(N86,$N$45:$N$54,_xlfn.XLOOKUP($S$68,$R$44:$W$44,$R$45:$W$54))} -> 0 | P86: {=Fertiliser_Equations_InorganicN2O.VEERG_5_1_1_1__1_InorganicFertiliserApplicationN2OEmissions(Q54,O86,$S$69)} -> 0
M88: EN2O | N88: =SUM(P77:P86) -> 0.1431067 | O88: =$E$47 -> t N2O
M90: {=Common_Equations.Common_ConvertN2OToCO2e_Arguments()} -> EN2O | N90: Nitrous oxide emissions (t N2O) | P90: =N88 -> 0.1431067
M91: GWPN2O | N91: Global warming potential for nitrous oxide (t CO2-e / t N2O) | P91: =Common_InputFunctions.Utility_LookupValueInTableNumber("N2O",Table_GWPData[Gas],Table_GWPData[CO2-e factor]) -> 265
M93: ECO2e | N93: {=Common_Equations.Common_ConvertN2OToCO2e(P90,P91)} -> 37.923276 | O93: {=Common_Equations.Common_ConvertN2OToCO2e_Unit()} -> t CO2e

Sheet 5.1.1.3-4 Inorganic fert CO2
A1: #VALUE! | C1: 5.1.1.3-4 Inorganic fertiliser application CO2 emissions
A3: =HYPERLINK("#'Home'!A1", "Home") -> Home | D3: Method 1 | O3: Method 2
A4: =HYPERLINK("#'Overview'!A1", "Overview") -> Overview
A5: =HYPERLINK("#'Results'!A1", "Results") -> Results | D5: {=Fertiliser_Equations_InorganicCO2.VEERG_5_1_1_3__2_MassOfUreaInInorganicFertiliser_Title()} -> Mass of urea applied to production system
D6: {=Fertiliser_Equations_InorganicCO2.VEERG_5_1_1_3__2_MassOfUreaInInorganicFertiliser_Source()} -> VEERG 2026: 5.1.1.3, Equation (2)
A7: INPUTS | D7: Function name | E7: {=Common_InputFunctions.Utility_DisplayFunctionName(G19)} -> =Fertiliser_Equations_InorganicCO2.VEERG_5_1_1_3__2_MassOfUreaInInorganicFertiliser
A8: =HYPERLINK("#'Input - Site'!A1", "Site") -> Site
A9: =HYPERLINK("#'Input - Fertiliser'!A1", "Fertiliser") -> Fertiliser
D10: Variable | E10: {=Fertiliser_Equations_InorganicCO2.VEERG_5_1_1_3__2_MassOfUreaInInorganicFertiliser_Variable()} -> MU_jf
A11: CALCULATIONS | D11: Unit | E11: {=Fertiliser_Equations_InorganicCO2.VEERG_5_1_1_3__2_MassOfUreaInInorganicFertiliser_Unit()} -> kg urea
A12: =HYPERLINK("#'5.1.1.1-2 Inorganic Fert N2O'!A1", "5.1.1.1-2 Inorganic Fert N2O") -> 5.1.1.1-2 Inorganic Fert N2O
A13: =HYPERLINK("#'5.1.1.3-4 Inorganic fert CO2'!A1", "5.1.1.3-4 Inorganic fert CO2") -> 5.1.1.3-4 Inorganic fert CO2 | D13: {=_xlfn.CHOOSECOLS(Fertiliser_Equations_InorganicCO2.VEERG_5_1_1_3__2_MassOfUreaInInorganicFertiliser_Arguments(), 1, 2)} -> TM_jf | E13: total mass of inorganic fertiliser type f applied to production system j | G13: {=_xlfn.CHOOSECOLS(Fertiliser_Equations_InorganicCO2.VEERG_5_1_1_3__2_MassOfUreaInInorganicFertiliser_Arguments(), 3, 4)} -> kg | H13: Input | I13: {=HYPERLINK(Common_InputFunctions.Utility_SourceHyperlink($D$16), $D$16)} -> Table_MU_j_f
A14: =HYPERLINK("#'5.2.1.1-2 Organic Fert N2O'!A1", "5.2.1.1-2 Organic Fert N2O") -> 5.2.1.1-2 Organic Fert N2O | D14: FU_f | E14: fraction of urea in fertiliser type f | G14: kg urea/kg | H14: Lookup | I14: {=HYPERLINK(Common_InputFunctions.Utility_SourceHyperlink($D$16), $D$16)} -> Table_MU_j_f
A15: =HYPERLINK("#'5.3.1.1-2 Lime CO2'!A1", "5.3.1.1-2 Lime CO2") -> 5.3.1.1-2 Lime CO2
A16: =HYPERLINK("#'5.4.1.1-4 Atmos deposition'!A1", "5.4.1.1-4 Atmos deposition") -> 5.4.1.1-4 Atmos deposition | D16: Table_MU_j_f
A17: =HYPERLINK("#'5.5.1.1-2 Leaching and runoff'!A1", "5.5.1.1-2 Leaching and runoff") -> 5.5.1.1-2 Leaching and runoff | D17: Mass of urea applied
D18: Fertiliser type f | E18: TMjf | F18: FUf | G18: MUjf
A19: APPENDICES | D19: {=Table_Fertiliser_ChemicalCompounds[Fertiliser type f]} -> Monoammonium phosphate (MAP) | E19: {=Fertiliser_InputFunctions.Fertiliser_TotalChemicalCompoundAppliedAllIngredients($D19,(Table_Input_InorganicFertiliser_Brands[Total applied (kg)]*Table_Input_InorganicFertiliser_Brands[Density]),Table_Input_InorganicFertiliser_Brands[Ingredient 1],Table_Input_InorganicFertiliser_Brands[Ingredient 1 percent],Table_Input_InorganicFertiliser_Brands[Ingredient 2],Table_Input_InorganicFertiliser_Brands[Ingredient 2 percent],Table_Input_InorganicFertiliser_Brands[Ingredient 3],Table_Input_InorganicFertiliser_Brands[Ingredient 3 percent],Table_Input_InorganicFertiliser_Brands[Ingredient 4],Table_Input_InorganicFertiliser_Brands[Ingredient 4 percent],Table_Input_InorganicFertiliser_Brands[Ingredient 5],Table_Input_InorganicFertiliser_Brands[Ingredient 5 percent],Table_Input_InorganicFertiliser_Brands[Ingredient 6],Table_Input_InorganicFertiliser_Brands[Ingredient 6 percent])+ Fertiliser_InputFunctions.Fertiliser_TotalChemicalCompoundAppliedAllIngredients($D19,Table_Input_InorganicFertiliser_Custom[Total applied (kg)],Table_Input_InorganicFertiliser_Custom[Ingredient 1 (select)],Table_Input_InorganicFertiliser_Custom[Ingredient 1 percent],Table_Input_InorganicFertiliser_Custom[Ingredient 2],Table_Input_InorganicFertiliser_Custom[Ingredient 2 percent],Table_Input_InorganicFertiliser_Custom[Ingredient 3],Table_Input_InorganicFertiliser_Custom[Ingredient 3 percent],Table_Input_InorganicFertiliser_Custom[Ingredient 4],Table_Input_InorganicFertiliser_Custom[Ingredient 4 percent])} -> 0 | F19: {=Common_InputFunctions.Utility_LookupValueInTableNumber(D19,Table_Fertiliser_ChemicalCompounds[Fertiliser type f],Table_Fertiliser_ChemicalCompounds[FU f])} -> 0 | G19: {=Fertiliser_Equations_InorganicCO2.VEERG_5_1_1_3__2_MassOfUreaInInorganicFertiliser(E19,F19)} -> 0
A20: =HYPERLINK("#'Constants - Fertiliser'!A1", "Constants - Fertiliser") -> Constants - Fertiliser | D20: Diammonium phosphate (DAP) | E20: {=Fertiliser_InputFunctions.Fertiliser_TotalChemicalCompoundAppliedAllIngredients($D20,(Table_Input_InorganicFertiliser_Brands[Total applied (kg)]*Table_Input_InorganicFertiliser_Brands[Density]),Table_Input_InorganicFertiliser_Brands[Ingredient 1],Table_Input_InorganicFertiliser_Brands[Ingredient 1 percent],Table_Input_InorganicFertiliser_Brands[Ingredient 2],Table_Input_InorganicFertiliser_Brands[Ingredient 2 percent],Table_Input_InorganicFertiliser_Brands[Ingredient 3],Table_Input_InorganicFertiliser_Brands[Ingredient 3 percent],Table_Input_InorganicFertiliser_Brands[Ingredient 4],Table_Input_InorganicFertiliser_Brands[Ingredient 4 percent],Table_Input_InorganicFertiliser_Brands[Ingredient 5],Table_Input_InorganicFertiliser_Brands[Ingredient 5 percent],Table_Input_InorganicFertiliser_Brands[Ingredient 6],Table_Input_InorganicFertiliser_Brands[Ingredient 6 percent])+ Fertiliser_InputFunctions.Fertiliser_TotalChemicalCompoundAppliedAllIngredients($D20,Table_Input_InorganicFertiliser_Custom[Total applied (kg)],Table_Input_InorganicFertiliser_Custom[Ingredient 1 (select)],Table_Input_InorganicFertiliser_Custom[Ingredient 1 percent],Table_Input_InorganicFertiliser_Custom[Ingredient 2],Table_Input_InorganicFertiliser_Custom[Ingredient 2 percent],Table_Input_InorganicFertiliser_Custom[Ingredient 3],Table_Input_InorganicFertiliser_Custom[Ingredient 3 percent],Table_Input_InorganicFertiliser_Custom[Ingredient 4],Table_Input_InorganicFertiliser_Custom[Ingredient 4 percent])} -> 0 | F20: {=Common_InputFunctions.Utility_LookupValueInTableNumber(D20,Table_Fertiliser_ChemicalCompounds[Fertiliser type f],Table_Fertiliser_ChemicalCompounds[FU f])} -> 0 | G20: {=Fertiliser_Equations_InorganicCO2.VEERG_5_1_1_3__2_MassOfUreaInInorganicFertiliser(E20,F20)} -> 0
A21: =HYPERLINK("#'Constants - Common'!A1", "Constants - Common") -> Constants - Common | D21: Urea | E21: {=Fertiliser_InputFunctions.Fertiliser_TotalChemicalCompoundAppliedAllIngredients($D21,(Table_Input_InorganicFertiliser_Brands[Total applied (kg)]*Table_Input_InorganicFertiliser_Brands[Density]),Table_Input_InorganicFertiliser_Brands[Ingredient 1],Table_Input_InorganicFertiliser_Brands[Ingredient 1 percent],Table_Input_InorganicFertiliser_Brands[Ingredient 2],Table_Input_InorganicFertiliser_Brands[Ingredient 2 percent],Table_Input_InorganicFertiliser_Brands[Ingredient 3],Table_Input_InorganicFertiliser_Brands[Ingredient 3 percent],Table_Input_InorganicFertiliser_Brands[Ingredient 4],Table_Input_InorganicFertiliser_Brands[Ingredient 4 percent],Table_Input_InorganicFertiliser_Brands[Ingredient 5],Table_Input_InorganicFertiliser_Brands[Ingredient 5 percent],Table_Input_InorganicFertiliser_Brands[Ingredient 6],Table_Input_InorganicFertiliser_Brands[Ingredient 6 percent])+ Fertiliser_InputFunctions.Fertiliser_TotalChemicalCompoundAppliedAllIngredients($D21,Table_Input_InorganicFertiliser_Custom[Total applied (kg)],Table_Input_InorganicFertiliser_Custom[Ingredient 1 (select)],Table_Input_InorganicFertiliser_Custom[Ingredient 1 percent],Table_Input_InorganicFertiliser_Custom[Ingredient 2],Table_Input_InorganicFertiliser_Custom[Ingredient 2 percent],Table_Input_InorganicFertiliser_Custom[Ingredient 3],Table_Input_InorganicFertiliser_Custom[Ingredient 3 percent],Table_Input_InorganicFertiliser_Custom[Ingredient 4],Table_Input_InorganicFertiliser_Custom[Ingredient 4 percent])} -> 10000 | F21: {=Common_InputFunctions.Utility_LookupValueInTableNumber(D21,Table_Fertiliser_ChemicalCompounds[Fertiliser type f],Table_Fertiliser_ChemicalCompounds[FU f])} -> 1 | G21: {=Fertiliser_Equations_InorganicCO2.VEERG_5_1_1_3__2_MassOfUreaInInorganicFertiliser(E21,F21)} -> 10000
D22: Sulphate of ammonia (SOA) | E22: {=Fertiliser_InputFunctions.Fertiliser_TotalChemicalCompoundAppliedAllIngredients($D22,(Table_Input_InorganicFertiliser_Brands[Total applied (kg)]*Table_Input_InorganicFertiliser_Brands[Density]),Table_Input_InorganicFertiliser_Brands[Ingredient 1],Table_Input_InorganicFertiliser_Brands[Ingredient 1 percent],Table_Input_InorganicFertiliser_Brands[Ingredient 2],Table_Input_InorganicFertiliser_Brands[Ingredient 2 percent],Table_Input_InorganicFertiliser_Brands[Ingredient 3],Table_Input_InorganicFertiliser_Brands[Ingredient 3 percent],Table_Input_InorganicFertiliser_Brands[Ingredient 4],Table_Input_InorganicFertiliser_Brands[Ingredient 4 percent],Table_Input_InorganicFertiliser_Brands[Ingredient 5],Table_Input_InorganicFertiliser_Brands[Ingredient 5 percent],Table_Input_InorganicFertiliser_Brands[Ingredient 6],Table_Input_InorganicFertiliser_Brands[Ingredient 6 percent])+ Fertiliser_InputFunctions.Fertiliser_TotalChemicalCompoundAppliedAllIngredients($D22,Table_Input_InorganicFertiliser_Custom[Total applied (kg)],Table_Input_InorganicFertiliser_Custom[Ingredient 1 (select)],Table_Input_InorganicFertiliser_Custom[Ingredient 1 percent],Table_Input_InorganicFertiliser_Custom[Ingredient 2],Table_Input_InorganicFertiliser_Custom[Ingredient 2 percent],Table_Input_InorganicFertiliser_Custom[Ingredient 3],Table_Input_InorganicFertiliser_Custom[Ingredient 3 percent],Table_Input_InorganicFertiliser_Custom[Ingredient 4],Table_Input_InorganicFertiliser_Custom[Ingredient 4 percent])} -> 0 | F22: {=Common_InputFunctions.Utility_LookupValueInTableNumber(D22,Table_Fertiliser_ChemicalCompounds[Fertiliser type f],Table_Fertiliser_ChemicalCompounds[FU f])} -> 0 | G22: {=Fertiliser_Equations_InorganicCO2.VEERG_5_1_1_3__2_MassOfUreaInInorganicFertiliser(E22,F22)} -> 0
D23: Urea-ammonium nitrate (UAN) | E23: {=Fertiliser_InputFunctions.Fertiliser_TotalChemicalCompoundAppliedAllIngredients($D23,(Table_Input_InorganicFertiliser_Brands[Total applied (kg)]*Table_Input_InorganicFertiliser_Brands[Density]),Table_Input_InorganicFertiliser_Brands[Ingredient 1],Table_Input_InorganicFertiliser_Brands[Ingredient 1 percent],Table_Input_InorganicFertiliser_Brands[Ingredient 2],Table_Input_InorganicFertiliser_Brands[Ingredient 2 percent],Table_Input_InorganicFertiliser_Brands[Ingredient 3],Table_Input_InorganicFertiliser_Brands[Ingredient 3 percent],Table_Input_InorganicFertiliser_Brands[Ingredient 4],Table_Input_InorganicFertiliser_Brands[Ingredient 4 percent],Table_Input_InorganicFertiliser_Brands[Ingredient 5],Table_Input_InorganicFertiliser_Brands[Ingredient 5 percent],Table_Input_InorganicFertiliser_Brands[Ingredient 6],Table_Input_InorganicFertiliser_Brands[Ingredient 6 percent])+ Fertiliser_InputFunctions.Fertiliser_TotalChemicalCompoundAppliedAllIngredients($D23,Table_Input_InorganicFertiliser_Custom[Total applied (kg)],Table_Input_InorganicFertiliser_Custom[Ingredient 1 (select)],Table_Input_InorganicFertiliser_Custom[Ingredient 1 percent],Table_Input_InorganicFertiliser_Custom[Ingredient 2],Table_Input_InorganicFertiliser_Custom[Ingredient 2 percent],Table_Input_InorganicFertiliser_Custom[Ingredient 3],Table_Input_InorganicFertiliser_Custom[Ingredient 3 percent],Table_Input_InorganicFertiliser_Custom[Ingredient 4],Table_Input_InorganicFertiliser_Custom[Ingredient 4 percent])} -> 0 | F23: {=Common_InputFunctions.Utility_LookupValueInTableNumber(D23,Table_Fertiliser_ChemicalCompounds[Fertiliser type f],Table_Fertiliser_ChemicalCompounds[FU f])} -> 0.35 | G23: {=Fertiliser_Equations_InorganicCO2.VEERG_5_1_1_3__2_MassOfUreaInInorganicFertiliser(E23,F23)} -> 0
D24: Ammonium nitrate (AN) | E24: {=Fertiliser_InputFunctions.Fertiliser_TotalChemicalCompoundAppliedAllIngredients($D24,(Table_Input_InorganicFertiliser_Brands[Total applied (kg)]*Table_Input_InorganicFertiliser_Brands[Density]),Table_Input_InorganicFertiliser_Brands[Ingredient 1],Table_Input_InorganicFertiliser_Brands[Ingredient 1 percent],Table_Input_InorganicFertiliser_Brands[Ingredient 2],Table_Input_InorganicFertiliser_Brands[Ingredient 2 percent],Table_Input_InorganicFertiliser_Brands[Ingredient 3],Table_Input_InorganicFertiliser_Brands[Ingredient 3 percent],Table_Input_InorganicFertiliser_Brands[Ingredient 4],Table_Input_InorganicFertiliser_Brands[Ingredient 4 percent],Table_Input_InorganicFertiliser_Brands[Ingredient 5],Table_Input_InorganicFertiliser_Brands[Ingredient 5 percent],Table_Input_InorganicFertiliser_Brands[Ingredient 6],Table_Input_InorganicFertiliser_Brands[Ingredient 6 percent])+ Fertiliser_InputFunctions.Fertiliser_TotalChemicalCompoundAppliedAllIngredients($D24,Table_Input_InorganicFertiliser_Custom[Total applied (kg)],Table_Input_InorganicFertiliser_Custom[Ingredient 1 (select)],Table_Input_InorganicFertiliser_Custom[Ingredient 1 percent],Table_Input_InorganicFertiliser_Custom[Ingredient 2],Table_Input_InorganicFertiliser_Custom[Ingredient 2 percent],Table_Input_InorganicFertiliser_Custom[Ingredient 3],Table_Input_InorganicFertiliser_Custom[Ingredient 3 percent],Table_Input_InorganicFertiliser_Custom[Ingredient 4],Table_Input_InorganicFertiliser_Custom[Ingredient 4 percent])} -> 0 | F24: {=Common_InputFunctions.Utility_LookupValueInTableNumber(D24,Table_Fertiliser_ChemicalCompounds[Fertiliser type f],Table_Fertiliser_ChemicalCompounds[FU f])} -> 0 | G24: {=Fertiliser_Equations_InorganicCO2.VEERG_5_1_1_3__2_MassOfUreaInInorganicFertiliser(E24,F24)} -> 0
D25: Calcium ammonium nitrate (CAN) | E25: {=Fertiliser_InputFunctions.Fertiliser_TotalChemicalCompoundAppliedAllIngredients($D25,(Table_Input_InorganicFertiliser_Brands[Total applied (kg)]*Table_Input_InorganicFertiliser_Brands[Density]),Table_Input_InorganicFertiliser_Brands[Ingredient 1],Table_Input_InorganicFertiliser_Brands[Ingredient 1 percent],Table_Input_InorganicFertiliser_Brands[Ingredient 2],Table_Input_InorganicFertiliser_Brands[Ingredient 2 percent],Table_Input_InorganicFertiliser_Brands[Ingredient 3],Table_Input_InorganicFertiliser_Brands[Ingredient 3 percent],Table_Input_InorganicFertiliser_Brands[Ingredient 4],Table_Input_InorganicFertiliser_Brands[Ingredient 4 percent],Table_Input_InorganicFertiliser_Brands[Ingredient 5],Table_Input_InorganicFertiliser_Brands[Ingredient 5 percent],Table_Input_InorganicFertiliser_Brands[Ingredient 6],Table_Input_InorganicFertiliser_Brands[Ingredient 6 percent])+ Fertiliser_InputFunctions.Fertiliser_TotalChemicalCompoundAppliedAllIngredients($D25,Table_Input_InorganicFertiliser_Custom[Total applied (kg)],Table_Input_InorganicFertiliser_Custom[Ingredient 1 (select)],Table_Input_InorganicFertiliser_Custom[Ingredient 1 percent],Table_Input_InorganicFertiliser_Custom[Ingredient 2],Table_Input_InorganicFertiliser_Custom[Ingredient 2 percent],Table_Input_InorganicFertiliser_Custom[Ingredient 3],Table_Input_InorganicFertiliser_Custom[Ingredient 3 percent],Table_Input_InorganicFertiliser_Custom[Ingredient 4],Table_Input_InorganicFertiliser_Custom[Ingredient 4 percent])} -> 0 | F25: {=Common_InputFunctions.Utility_LookupValueInTableNumber(D25,Table_Fertiliser_ChemicalCompounds[Fertiliser type f],Table_Fertiliser_ChemicalCompounds[FU f])} -> 0 | G25: {=Fertiliser_Equations_InorganicCO2.VEERG_5_1_1_3__2_MassOfUreaInInorganicFertiliser(E25,F25)} -> 0
D26: Nitrogen - Ammoniacal | E26: {=Fertiliser_InputFunctions.Fertiliser_TotalChemicalCompoundAppliedAllIngredients($D26,(Table_Input_InorganicFertiliser_Brands[Total applied (kg)]*Table_Input_InorganicFertiliser_Brands[Density]),Table_Input_InorganicFertiliser_Brands[Ingredient 1],Table_Input_InorganicFertiliser_Brands[Ingredient 1 percent],Table_Input_InorganicFertiliser_Brands[Ingredient 2],Table_Input_InorganicFertiliser_Brands[Ingredient 2 percent],Table_Input_InorganicFertiliser_Brands[Ingredient 3],Table_Input_InorganicFertiliser_Brands[Ingredient 3 percent],Table_Input_InorganicFertiliser_Brands[Ingredient 4],Table_Input_InorganicFertiliser_Brands[Ingredient 4 percent],Table_Input_InorganicFertiliser_Brands[Ingredient 5],Table_Input_InorganicFertiliser_Brands[Ingredient 5 percent],Table_Input_InorganicFertiliser_Brands[Ingredient 6],Table_Input_InorganicFertiliser_Brands[Ingredient 6 percent])+ Fertiliser_InputFunctions.Fertiliser_TotalChemicalCompoundAppliedAllIngredients($D26,Table_Input_InorganicFertiliser_Custom[Total applied (kg)],Table_Input_InorganicFertiliser_Custom[Ingredient 1 (select)],Table_Input_InorganicFertiliser_Custom[Ingredient 1 percent],Table_Input_InorganicFertiliser_Custom[Ingredient 2],Table_Input_InorganicFertiliser_Custom[Ingredient 2 percent],Table_Input_InorganicFertiliser_Custom[Ingredient 3],Table_Input_InorganicFertiliser_Custom[Ingredient 3 percent],Table_Input_InorganicFertiliser_Custom[Ingredient 4],Table_Input_InorganicFertiliser_Custom[Ingredient 4 percent])} -> 0 | F26: {=Common_InputFunctions.Utility_LookupValueInTableNumber(D26,Table_Fertiliser_ChemicalCompounds[Fertiliser type f],Table_Fertiliser_ChemicalCompounds[FU f])} -> 0 | G26: {=Fertiliser_Equations_InorganicCO2.VEERG_5_1_1_3__2_MassOfUreaInInorganicFertiliser(E26,F26)} -> 0
D27: Nitrogen - Nitrate | E27: {=Fertiliser_InputFunctions.Fertiliser_TotalChemicalCompoundAppliedAllIngredients($D27,(Table_Input_InorganicFertiliser_Brands[Total applied (kg)]*Table_Input_InorganicFertiliser_Brands[Density]),Table_Input_InorganicFertiliser_Brands[Ingredient 1],Table_Input_InorganicFertiliser_Brands[Ingredient 1 percent],Table_Input_InorganicFertiliser_Brands[Ingredient 2],Table_Input_InorganicFertiliser_Brands[Ingredient 2 percent],Table_Input_InorganicFertiliser_Brands[Ingredient 3],Table_Input_InorganicFertiliser_Brands[Ingredient 3 percent],Table_Input_InorganicFertiliser_Brands[Ingredient 4],Table_Input_InorganicFertiliser_Brands[Ingredient 4 percent],Table_Input_InorganicFertiliser_Brands[Ingredient 5],Table_Input_InorganicFertiliser_Brands[Ingredient 5 percent],Table_Input_InorganicFertiliser_Brands[Ingredient 6],Table_Input_InorganicFertiliser_Brands[Ingredient 6 percent])+ Fertiliser_InputFunctions.Fertiliser_TotalChemicalCompoundAppliedAllIngredients($D27,Table_Input_InorganicFertiliser_Custom[Total applied (kg)],Table_Input_InorganicFertiliser_Custom[Ingredient 1 (select)],Table_Input_InorganicFertiliser_Custom[Ingredient 1 percent],Table_Input_InorganicFertiliser_Custom[Ingredient 2],Table_Input_InorganicFertiliser_Custom[Ingredient 2 percent],Table_Input_InorganicFertiliser_Custom[Ingredient 3],Table_Input_InorganicFertiliser_Custom[Ingredient 3 percent],Table_Input_InorganicFertiliser_Custom[Ingredient 4],Table_Input_InorganicFertiliser_Custom[Ingredient 4 percent])} -> 2970 | F27: {=Common_InputFunctions.Utility_LookupValueInTableNumber(D27,Table_Fertiliser_ChemicalCompounds[Fertiliser type f],Table_Fertiliser_ChemicalCompounds[FU f])} -> 0 | G27: {=Fertiliser_Equations_InorganicCO2.VEERG_5_1_1_3__2_MassOfUreaInInorganicFertiliser(E27,F27)} -> 0
D28: Nitrogen - Generic | E28: {=Fertiliser_InputFunctions.Fertiliser_TotalChemicalCompoundAppliedAllIngredients($D28,(Table_Input_InorganicFertiliser_Brands[Total applied (kg)]*Table_Input_InorganicFertiliser_Brands[Density]),Table_Input_InorganicFertiliser_Brands[Ingredient 1],Table_Input_InorganicFertiliser_Brands[Ingredient 1 percent],Table_Input_InorganicFertiliser_Brands[Ingredient 2],Table_Input_InorganicFertiliser_Brands[Ingredient 2 percent],Table_Input_InorganicFertiliser_Brands[Ingredient 3],Table_Input_InorganicFertiliser_Brands[Ingredient 3 percent],Table_Input_InorganicFertiliser_Brands[Ingredient 4],Table_Input_InorganicFertiliser_Brands[Ingredient 4 percent],Table_Input_InorganicFertiliser_Brands[Ingredient 5],Table_Input_InorganicFertiliser_Brands[Ingredient 5 percent],Table_Input_InorganicFertiliser_Brands[Ingredient 6],Table_Input_InorganicFertiliser_Brands[Ingredient 6 percent])+ Fertiliser_InputFunctions.Fertiliser_TotalChemicalCompoundAppliedAllIngredients($D28,Table_Input_InorganicFertiliser_Custom[Total applied (kg)],Table_Input_InorganicFertiliser_Custom[Ingredient 1 (select)],Table_Input_InorganicFertiliser_Custom[Ingredient 1 percent],Table_Input_InorganicFertiliser_Custom[Ingredient 2],Table_Input_InorganicFertiliser_Custom[Ingredient 2 percent],Table_Input_InorganicFertiliser_Custom[Ingredient 3],Table_Input_InorganicFertiliser_Custom[Ingredient 3 percent],Table_Input_InorganicFertiliser_Custom[Ingredient 4],Table_Input_InorganicFertiliser_Custom[Ingredient 4 percent])} -> 1936.872 | F28: {=Common_InputFunctions.Utility_LookupValueInTableNumber(D28,Table_Fertiliser_ChemicalCompounds[Fertiliser type f],Table_Fertiliser_ChemicalCompounds[FU f])} -> 0 | G28: {=Fertiliser_Equations_InorganicCO2.VEERG_5_1_1_3__2_MassOfUreaInInorganicFertiliser(E28,F28)} -> 0
D29: Phosphorus - Generic | E29: {=Fertiliser_InputFunctions.Fertiliser_TotalChemicalCompoundAppliedAllIngredients($D29,(Table_Input_InorganicFertiliser_Brands[Total applied (kg)]*Table_Input_InorganicFertiliser_Brands[Density]),Table_Input_InorganicFertiliser_Brands[Ingredient 1],Table_Input_InorganicFertiliser_Brands[Ingredient 1 percent],Table_Input_InorganicFertiliser_Brands[Ingredient 2],Table_Input_InorganicFertiliser_Brands[Ingredient 2 percent],Table_Input_InorganicFertiliser_Brands[Ingredient 3],Table_Input_InorganicFertiliser_Brands[Ingredient 3 percent],Table_Input_InorganicFertiliser_Brands[Ingredient 4],Table_Input_InorganicFertiliser_Brands[Ingredient 4 percent],Table_Input_InorganicFertiliser_Brands[Ingredient 5],Table_Input_InorganicFertiliser_Brands[Ingredient 5 percent],Table_Input_InorganicFertiliser_Brands[Ingredient 6],Table_Input_InorganicFertiliser_Brands[Ingredient 6 percent])+ Fertiliser_InputFunctions.Fertiliser_TotalChemicalCompoundAppliedAllIngredients($D29,Table_Input_InorganicFertiliser_Custom[Total applied (kg)],Table_Input_InorganicFertiliser_Custom[Ingredient 1 (select)],Table_Input_InorganicFertiliser_Custom[Ingredient 1 percent],Table_Input_InorganicFertiliser_Custom[Ingredient 2],Table_Input_InorganicFertiliser_Custom[Ingredient 2 percent],Table_Input_InorganicFertiliser_Custom[Ingredient 3],Table_Input_InorganicFertiliser_Custom[Ingredient 3 percent],Table_Input_InorganicFertiliser_Custom[Ingredient 4],Table_Input_InorganicFertiliser_Custom[Ingredient 4 percent])} -> 5887.1475 | F29: {=Common_InputFunctions.Utility_LookupValueInTableNumber(D29,Table_Fertiliser_ChemicalCompounds[Fertiliser type f],Table_Fertiliser_ChemicalCompounds[FU f])} -> 0 | G29: {=Fertiliser_Equations_InorganicCO2.VEERG_5_1_1_3__2_MassOfUreaInInorganicFertiliser(E29,F29)} -> 0
D30: Potassium - Generic | E30: {=Fertiliser_InputFunctions.Fertiliser_TotalChemicalCompoundAppliedAllIngredients($D30,(Table_Input_InorganicFertiliser_Brands[Total applied (kg)]*Table_Input_InorganicFertiliser_Brands[Density]),Table_Input_InorganicFertiliser_Brands[Ingredient 1],Table_Input_InorganicFertiliser_Brands[Ingredient 1 percent],Table_Input_InorganicFertiliser_Brands[Ingredient 2],Table_Input_InorganicFertiliser_Brands[Ingredient 2 percent],Table_Input_InorganicFertiliser_Brands[Ingredient 3],Table_Input_InorganicFertiliser_Brands[Ingredient 3 percent],Table_Input_InorganicFertiliser_Brands[Ingredient 4],Table_Input_InorganicFertiliser_Brands[Ingredient 4 percent],Table_Input_InorganicFertiliser_Brands[Ingredient 5],Table_Input_InorganicFertiliser_Brands[Ingredient 5 percent],Table_Input_InorganicFertiliser_Brands[Ingredient 6],Table_Input_InorganicFertiliser_Brands[Ingredient 6 percent])+ Fertiliser_InputFunctions.Fertiliser_TotalChemicalCompoundAppliedAllIngredients($D30,Table_Input_InorganicFertiliser_Custom[Total applied (kg)],Table_Input_InorganicFertiliser_Custom[Ingredient 1 (select)],Table_Input_InorganicFertiliser_Custom[Ingredient 1 percent],Table_Input_InorganicFertiliser_Custom[Ingredient 2],Table_Input_InorganicFertiliser_Custom[Ingredient 2 percent],Table_Input_InorganicFertiliser_Custom[Ingredient 3],Table_Input_InorganicFertiliser_Custom[Ingredient 3 percent],Table_Input_InorganicFertiliser_Custom[Ingredient 4],Table_Input_InorganicFertiliser_Custom[Ingredient 4 percent])} -> 7239.08 | F30: {=Common_InputFunctions.Utility_LookupValueInTableNumber(D30,Table_Fertiliser_ChemicalCompounds[Fertiliser type f],Table_Fertiliser_ChemicalCompounds[FU f])} -> 0 | G30: {=Fertiliser_Equations_InorganicCO2.VEERG_5_1_1_3__2_MassOfUreaInInorganicFertiliser(E30,F30)} -> 0
D31: Sulfur - Generic | E31: {=Fertiliser_InputFunctions.Fertiliser_TotalChemicalCompoundAppliedAllIngredients($D31,(Table_Input_InorganicFertiliser_Brands[Total applied (kg)]*Table_Input_InorganicFertiliser_Brands[Density]),Table_Input_InorganicFertiliser_Brands[Ingredient 1],Table_Input_InorganicFertiliser_Brands[Ingredient 1 percent],Table_Input_InorganicFertiliser_Brands[Ingredient 2],Table_Input_InorganicFertiliser_Brands[Ingredient 2 percent],Table_Input_InorganicFertiliser_Brands[Ingredient 3],Table_Input_InorganicFertiliser_Brands[Ingredient 3 percent],Table_Input_InorganicFertiliser_Brands[Ingredient 4],Table_Input_InorganicFertiliser_Brands[Ingredient 4 percent],Table_Input_InorganicFertiliser_Brands[Ingredient 5],Table_Input_InorganicFertiliser_Brands[Ingredient 5 percent],Table_Input_InorganicFertiliser_Brands[Ingredient 6],Table_Input_InorganicFertiliser_Brands[Ingredient 6 percent])+ Fertiliser_InputFunctions.Fertiliser_TotalChemicalCompoundAppliedAllIngredients($D31,Table_Input_InorganicFertiliser_Custom[Total applied (kg)],Table_Input_InorganicFertiliser_Custom[Ingredient 1 (select)],Table_Input_InorganicFertiliser_Custom[Ingredient 1 percent],Table_Input_InorganicFertiliser_Custom[Ingredient 2],Table_Input_InorganicFertiliser_Custom[Ingredient 2 percent],Table_Input_InorganicFertiliser_Custom[Ingredient 3],Table_Input_InorganicFertiliser_Custom[Ingredient 3 percent],Table_Input_InorganicFertiliser_Custom[Ingredient 4],Table_Input_InorganicFertiliser_Custom[Ingredient 4 percent])} -> 1000 | F31: {=Common_InputFunctions.Utility_LookupValueInTableNumber(D31,Table_Fertiliser_ChemicalCompounds[Fertiliser type f],Table_Fertiliser_ChemicalCompounds[FU f])} -> 0 | G31: {=Fertiliser_Equations_InorganicCO2.VEERG_5_1_1_3__2_MassOfUreaInInorganicFertiliser(E31,F31)} -> 0
D32: Zinc - Generic | E32: {=Fertiliser_InputFunctions.Fertiliser_TotalChemicalCompoundAppliedAllIngredients($D32,(Table_Input_InorganicFertiliser_Brands[Total applied (kg)]*Table_Input_InorganicFertiliser_Brands[Density]),Table_Input_InorganicFertiliser_Brands[Ingredient 1],Table_Input_InorganicFertiliser_Brands[Ingredient 1 percent],Table_Input_InorganicFertiliser_Brands[Ingredient 2],Table_Input_InorganicFertiliser_Brands[Ingredient 2 percent],Table_Input_InorganicFertiliser_Brands[Ingredient 3],Table_Input_InorganicFertiliser_Brands[Ingredient 3 percent],Table_Input_InorganicFertiliser_Brands[Ingredient 4],Table_Input_InorganicFertiliser_Brands[Ingredient 4 percent],Table_Input_InorganicFertiliser_Brands[Ingredient 5],Table_Input_InorganicFertiliser_Brands[Ingredient 5 percent],Table_Input_InorganicFertiliser_Brands[Ingredient 6],Table_Input_InorganicFertiliser_Brands[Ingredient 6 percent])+ Fertiliser_InputFunctions.Fertiliser_TotalChemicalCompoundAppliedAllIngredients($D32,Table_Input_InorganicFertiliser_Custom[Total applied (kg)],Table_Input_InorganicFertiliser_Custom[Ingredient 1 (select)],Table_Input_InorganicFertiliser_Custom[Ingredient 1 percent],Table_Input_InorganicFertiliser_Custom[Ingredient 2],Table_Input_InorganicFertiliser_Custom[Ingredient 2 percent],Table_Input_InorganicFertiliser_Custom[Ingredient 3],Table_Input_InorganicFertiliser_Custom[Ingredient 3 percent],Table_Input_InorganicFertiliser_Custom[Ingredient 4],Table_Input_InorganicFertiliser_Custom[Ingredient 4 percent])} -> 2000 | F32: {=Common_InputFunctions.Utility_LookupValueInTableNumber(D32,Table_Fertiliser_ChemicalCompounds[Fertiliser type f],Table_Fertiliser_ChemicalCompounds[FU f])} -> 0 | G32: {=Fertiliser_Equations_InorganicCO2.VEERG_5_1_1_3__2_MassOfUreaInInorganicFertiliser(E32,F32)} -> 0
D33: Muriate of potash (MOP) | E33: {=Fertiliser_InputFunctions.Fertiliser_TotalChemicalCompoundAppliedAllIngredients($D33,(Table_Input_InorganicFertiliser_Brands[Total applied (kg)]*Table_Input_InorganicFertiliser_Brands[Density]),Table_Input_InorganicFertiliser_Brands[Ingredient 1],Table_Input_InorganicFertiliser_Brands[Ingredient 1 percent],Table_Input_InorganicFertiliser_Brands[Ingredient 2],Table_Input_InorganicFertiliser_Brands[Ingredient 2 percent],Table_Input_InorganicFertiliser_Brands[Ingredient 3],Table_Input_InorganicFertiliser_Brands[Ingredient 3 percent],Table_Input_InorganicFertiliser_Brands[Ingredient 4],Table_Input_InorganicFertiliser_Brands[Ingredient 4 percent],Table_Input_InorganicFertiliser_Brands[Ingredient 5],Table_Input_InorganicFertiliser_Brands[Ingredient 5 percent],Table_Input_InorganicFertiliser_Brands[Ingredient 6],Table_Input_InorganicFertiliser_Brands[Ingredient 6 percent])+ Fertiliser_InputFunctions.Fertiliser_TotalChemicalCompoundAppliedAllIngredients($D33,Table_Input_InorganicFertiliser_Custom[Total applied (kg)],Table_Input_InorganicFertiliser_Custom[Ingredient 1 (select)],Table_Input_InorganicFertiliser_Custom[Ingredient 1 percent],Table_Input_InorganicFertiliser_Custom[Ingredient 2],Table_Input_InorganicFertiliser_Custom[Ingredient 2 percent],Table_Input_InorganicFertiliser_Custom[Ingredient 3],Table_Input_InorganicFertiliser_Custom[Ingredient 3 percent],Table_Input_InorganicFertiliser_Custom[Ingredient 4],Table_Input_InorganicFertiliser_Custom[Ingredient 4 percent])} -> 0 | F33: {=Common_InputFunctions.Utility_LookupValueInTableNumber(D33,Table_Fertiliser_ChemicalCompounds[Fertiliser type f],Table_Fertiliser_ChemicalCompounds[FU f])} -> 0 | G33: {=Fertiliser_Equations_InorganicCO2.VEERG_5_1_1_3__2_MassOfUreaInInorganicFertiliser(E33,F33)} -> 0
... D37: Calcium nitrate | E37: {=Fertiliser_InputFunctions.Fertiliser_TotalChemicalCompoundAppliedAllIngredients($D37,(Table_Input_InorganicFertiliser_Brands[Total applied (kg)]*Table_Input_InorganicFertiliser_Brands[Density]),Table_Input_InorganicFertiliser_Brands[Ingredient 1],Table_Input_InorganicFertiliser_Brands[Ingredient 1 percent],Table_Input_InorganicFertiliser_Brands[Ingredient 2],Table_Input_InorganicFertiliser_Brands[Ingredient 2 percent],Table_Input_InorganicFertiliser_Brands[Ingredient 3],Table_Input_InorganicFertiliser_Brands[Ingredient 3 percent],Table_Input_InorganicFertiliser_Brands[Ingredient 4],Table_Input_InorganicFertiliser_Brands[Ingredient 4 percent],Table_Input_InorganicFertiliser_Brands[Ingredient 5],Table_Input_InorganicFertiliser_Brands[Ingredient 5 percent],Table_Input_InorganicFertiliser_Brands[Ingredient 6],Table_Input_InorganicFertiliser_Brands[Ingredient 6 percent])+ Fertiliser_InputFunctions.Fertiliser_TotalChemicalCompoundAppliedAllIngredients($D37,Table_Input_InorganicFertiliser_Custom[Total applied (kg)],Table_Input_InorganicFertiliser_Custom[Ingredient 1 (select)],Table_Input_InorganicFertiliser_Custom[Ingredient 1 percent],Table_Input_InorganicFertiliser_Custom[Ingredient 2],Table_Input_InorganicFertiliser_Custom[Ingredient 2 percent],Table_Input_InorganicFertiliser_Custom[Ingredient 3],Table_Input_InorganicFertiliser_Custom[Ingredient 3 percent],Table_Input_InorganicFertiliser_Custom[Ingredient 4],Table_Input_InorganicFertiliser_Custom[Ingredient 4 percent])} -> 5000 | F37: {=Common_InputFunctions.Utility_LookupValueInTableNumber(D37,Table_Fertiliser_ChemicalCompounds[Fertiliser type f],Table_Fertiliser_ChemicalCompounds[FU f])} -> 0 | G37: {=Fertiliser_Equations_InorganicCO2.VEERG_5_1_1_3__2_MassOfUreaInInorganicFertiliser(E37,F37)} -> 0
A38: =HYPERLINK("#A1", "▲ Back to top") -> ▲ Back to top
D41: {=Fertiliser_Equations_InorganicCO2.VEERG_5_1_1_3__1_InorganicFertiliserApplicationCO2Emissions_Title()} -> Carbon dioxide emissions resulting from the use of all inorganic, urea-based fertilisers
D42: {=Fertiliser_Equations_InorganicCO2.VEERG_5_1_1_3__1_InorganicFertiliserApplicationCO2Emissions_Source()} -> VEERG 2026: 5.1.1.3, Equation (1)
D43: Function name | E43: {=Common_InputFunctions.Utility_DisplayFunctionName(E58)} -> =Fertiliser_Equations_InorganicCO2.VEERG_5_1_1_3__1_InorganicFertiliserApplicationCO2Emissions
D46: Variable | E46: {=Fertiliser_Equations_InorganicCO2.VEERG_5_1_1_3__1_InorganicFertiliserApplicationCO2Emissions_Variable()} -> E_CO2
D47: Unit | E47: {=Fertiliser_Equations_InorganicCO2.VEERG_5_1_1_3__1_InorganicFertiliserApplicationCO2Emissions_Unit()} -> t CO2
D49: {=_xlfn.CHOOSECOLS(Fertiliser_Equations_InorganicCO2.VEERG_5_1_1_3__1_InorganicFertiliserApplicationCO2Emissions_Arguments(), 1, 2)} -> MU_jf | E49: mass of urea of inorganic fertiliser type f applied to production system j | G49: {=_xlfn.CHOOSECOLS(Fertiliser_Equations_InorganicCO2.VEERG_5_1_1_3__1_InorganicFertiliserApplicationCO2Emissions_Arguments(), 3,4)} -> kg urea | H49: Calculated | I49: {=HYPERLINK(Common_InputFunctions.Utility_SourceHyperlink($D$16), $D$16)} -> Table_MU_j_f
D50: EF_ureaCO2 | E50: emission factor for carbon emissions from urea-based fertilisers | G50: kg C/kg urea | H50: Constant | I50: ='Constants - Fertiliser'!$E$60 -> 0.2
D51: C_CO2 | E51: factor to convert elemental mass of carbon to molecular mass of carbon dioxide | H51: Constant | I51: =Common_InputFunctions.Utility_LookupValueInTableNumber("CO2",Table_GasToMolecularConversionFactor[Gas], Table_GasToMolecularConversionFactor[Conversion factor combined]) -> 3.6666667
D52: j | E52: Production system | H52: Input | I52: ='Input - Fertiliser'!$E$6 -> Crop
D53: f | E53: Inorganic fertiliser type | H53: Lookup | I53: {=HYPERLINK(Common_InputFunctions.Utility_SourceHyperlink($D$16), $D$16)} -> Table_MU_j_f
D55: M1_Table_E_CO2
D56: Carbon dioxide oxide emissions from inorganic fertiliser application (Method 1)
D57: Fertiliser type f | E57: EN2O
D58: {=Table_Fertiliser_ChemicalCompounds[Fertiliser type f]} -> Monoammonium phosphate (MAP) | E58: {=Fertiliser_Equations_InorganicCO2.VEERG_5_1_1_3__1_InorganicFertiliserApplicationCO2Emissions(G19,$I$50,$I$51)} -> 0 | F58: =$E$47 -> t CO2
D59: Diammonium phosphate (DAP) | E59: {=Fertiliser_Equations_InorganicCO2.VEERG_5_1_1_3__1_InorganicFertiliserApplicationCO2Emissions(G20,$I$50,$I$51)} -> 0
D60: Urea | E60: {=Fertiliser_Equations_InorganicCO2.VEERG_5_1_1_3__1_InorganicFertiliserApplicationCO2Emissions(G21,$I$50,$I$51)} -> 7.3333333
D61: Sulphate of ammonia (SOA) | E61: {=Fertiliser_Equations_InorganicCO2.VEERG_5_1_1_3__1_InorganicFertiliserApplicationCO2Emissions(G22,$I$50,$I$51)} -> 0
D62: Urea-ammonium nitrate (UAN) | E62: {=Fertiliser_Equations_InorganicCO2.VEERG_5_1_1_3__1_InorganicFertiliserApplicationCO2Emissions(G23,$I$50,$I$51)} -> 0
D63: Ammonium nitrate (AN) | E63: {=Fertiliser_Equations_InorganicCO2.VEERG_5_1_1_3__1_InorganicFertiliserApplicationCO2Emissions(G24,$I$50,$I$51)} -> 0
D64: Calcium ammonium nitrate (CAN) | E64: {=Fertiliser_Equations_InorganicCO2.VEERG_5_1_1_3__1_InorganicFertiliserApplicationCO2Emissions(G25,$I$50,$I$51)} -> 0
D65: Nitrogen - Ammoniacal | E65: {=Fertiliser_Equations_InorganicCO2.VEERG_5_1_1_3__1_InorganicFertiliserApplicationCO2Emissions(G26,$I$50,$I$51)} -> 0
D66: Nitrogen - Nitrate | E66: {=Fertiliser_Equations_InorganicCO2.VEERG_5_1_1_3__1_InorganicFertiliserApplicationCO2Emissions(G27,$I$50,$I$51)} -> 0
D67: Nitrogen - Generic | E67: {=Fertiliser_Equations_InorganicCO2.VEERG_5_1_1_3__1_InorganicFertiliserApplicationCO2Emissions(G28,$I$50,$I$51)} -> 0
D68: Phosphorus - Generic | E68: {=Fertiliser_Equations_InorganicCO2.VEERG_5_1_1_3__1_InorganicFertiliserApplicationCO2Emissions(G29,$I$50,$I$51)} -> 0
D69: Potassium - Generic | E69: {=Fertiliser_Equations_InorganicCO2.VEERG_5_1_1_3__1_InorganicFertiliserApplicationCO2Emissions(G30,$I$50,$I$51)} -> 0
D70: Sulfur - Generic | E70: {=Fertiliser_Equations_InorganicCO2.VEERG_5_1_1_3__1_InorganicFertiliserApplicationCO2Emissions(G31,$I$50,$I$51)} -> 0
... D75: Ammonia | E75: {=Fertiliser_Equations_InorganicCO2.VEERG_5_1_1_3__1_InorganicFertiliserApplicationCO2Emissions(G36,$I$50,$I$51)} -> 0
A76: =HYPERLINK("#A1", "▲ Back to top") -> ▲ Back to top | D76: Calcium nitrate | E76: {=Fertiliser_Equations_InorganicCO2.VEERG_5_1_1_3__1_InorganicFertiliserApplicationCO2Emissions(G37,$I$50,$I$51)} -> 0
D78: ECO2 | E78: =SUM(E58:E76) -> 7.3333333 | F78: =$E$47 -> t CO2

Sheet 5.2.1.1-2 Organic Fert N2O
A1: #VALUE! | C1: 5.2.1.1 1-2 Organic fertiliser application N2O emissions
A3: =HYPERLINK("#'Home'!A1", "Home") -> Home | D3: Method 1 | O3: Method 2
A4: =HYPERLINK("#'Overview'!A1", "Overview") -> Overview
A5: =HYPERLINK("#'Results'!A1", "Results") -> Results | D5: {=Fertiliser_Equations_OrganicN2O.VEERG_5_2_1_1__2_MassOfNitrogenInOrganicFertiliser_Title()} -> Mass of nitrogen in purchased organic fertilisers applied to production system
D6: {=Fertiliser_Equations_OrganicN2O.VEERG_5_2_1_1__2_MassOfNitrogenInOrganicFertiliser_Source()} -> VEERG 2026: 5.2.1.1, Equation (2)
A7: INPUTS | D7: Function name | E7: {=Common_InputFunctions.Utility_DisplayFunctionName($I$20)} -> =Fertiliser_Equations_OrganicN2O.VEERG_5_2_1_1__2_MassOfNitrogenInOrganicFertiliser
A8: =HYPERLINK("#'Input - Site'!A1", "Site") -> Site
A9: =HYPERLINK("#'Input - Fertiliser'!A1", "Fertiliser") -> Fertiliser
D10: Variable | E10: {=Fertiliser_Equations_OrganicN2O.VEERG_5_2_1_1__2_MassOfNitrogenInOrganicFertiliser_Variable()} -> MNSoil_jf
A11: CALCULATIONS | D11: Unit | E11: {=Fertiliser_Equations_OrganicN2O.VEERG_5_2_1_1__2_MassOfNitrogenInOrganicFertiliser_Unit()} -> kg N
A12: =HYPERLINK("#'5.1.1.1-2 Inorganic Fert N2O'!A1", "5.1.1.1-2 Inorganic Fert N2O") -> 5.1.1.1-2 Inorganic Fert N2O
A13: =HYPERLINK("#'5.1.1.3-4 Inorganic fert CO2'!A1", "5.1.1.3-4 Inorganic fert CO2") -> 5.1.1.3-4 Inorganic fert CO2 | D13: {=_xlfn.CHOOSECOLS(Fertiliser_Equations_OrganicN2O.VEERG_5_2_1_1__2_MassOfNitrogenInOrganicFertiliser_Arguments(), 1, 2)} -> M_organicjf | E13: mass of organic fertiliser type f applied to production system j | G13: {=_xlfn.CHOOSECOLS(Fertiliser_Equations_OrganicN2O.VEERG_5_2_1_1__2_MassOfNitrogenInOrganicFertiliser_Arguments(), 3,4)} -> kg | H13: Input | I13: {=HYPERLINK(Common_InputFunctions.Utility_SourceHyperlink($D$17), $D$17)} -> Table_MNSoil_j_f
A14: =HYPERLINK("#'5.2.1.1-2 Organic Fert N2O'!A1", "5.2.1.1-2 Organic Fert N2O") -> 5.2.1.1-2 Organic Fert N2O | D14: FN_organicf | E14: nitrogen fraction of organic fertiliser type f | G14: kg N/kg | H14: Input | I14: {=HYPERLINK(Common_InputFunctions.Utility_SourceHyperlink($D$17), $D$17)} -> Table_MNSoil_j_f
A15: =HYPERLINK("#'5.3.1.1-2 Lime CO2'!A1", "5.3.1.1-2 Lime CO2") -> 5.3.1.1-2 Lime CO2 | D15: f | E15: Organic fertiliser type | H15: Input | I15: {=HYPERLINK(Common_InputFunctions.Utility_SourceHyperlink($D$17), $D$17)} -> Table_MNSoil_j_f
A16: =HYPERLINK("#'5.4.1.1-4 Atmos deposition'!A1", "5.4.1.1-4 Atmos deposition") -> 5.4.1.1-4 Atmos deposition
A17: =HYPERLINK("#'5.5.1.1-2 Leaching and runoff'!A1", "5.5.1.1-2 Leaching and runoff") -> 5.5.1.1-2 Leaching and runoff | D17: Table_MNSoil_j_f
D18: Mass of nitrogen in organic fertilisers
A19: APPENDICES | D19: Organic fertiliser type (f) | E19: Amount applied (kg/ha) | F19: Application area (ha) | G19: Morganicjf | H19: FNorganicf | I19: MNSoiljf
A20: =HYPERLINK("#'Constants - Fertiliser'!A1", "Constants - Fertiliser") -> Constants - Fertiliser | D20: {=Table_Input_OrganicFertiliser[Organic fertiliser type (select)]} -> Manure - Other | E20: {=Table_Input_OrganicFertiliser[Amount applied (kg/hectare)]} -> 10 | F20: {=Table_Input_OrganicFertiliser[Application area (ha)]} -> 100 | G20: {=Table_Input_OrganicFertiliser[Amount applied (kg/hectare)]*Table_Input_OrganicFertiliser[Application area (ha)]} -> 1000 | H20: {=Table_Input_OrganicFertiliser[Percentage of N in fertiliser]} -> 0.3 | I20: {=Fertiliser_Equations_OrganicN2O.VEERG_5_2_1_1__2_MassOfNitrogenInOrganicFertiliser(G20,H20)} -> 300
A21: =HYPERLINK("#'Constants - Common'!A1", "Constants - Common") -> Constants - Common | D21: Manure - Poultry | E21: 10 | F21: 100 | G21: 1000 | H21: 0.25 | I21: {=Fertiliser_Equations_Organic.VEERG_5_2_1_1__2_MassOfNitrogenInOrganicFertiliser(G21,H21)} -> 250
D22: Other organic fertiliser | E22: 10 | F22: 100 | G22: 1000 | H22: 0.16 | I22: {=Fertiliser_Equations_Organic.VEERG_5_2_1_1__2_MassOfNitrogenInOrganicFertiliser(G22,H22)} -> 160
I23: {=Fertiliser_Equations_Organic.VEERG_5_2_1_1__2_MassOfNitrogenInOrganicFertiliser(G23,H23)} -> 0
I24: {=Fertiliser_Equations_Organic.VEERG_5_2_1_1__2_MassOfNitrogenInOrganicFertiliser(G24,H24)} -> 0
I25: {=Fertiliser_Equations_Organic.VEERG_5_2_1_1__2_MassOfNitrogenInOrganicFertiliser(G25,H25)} -> 0
I26: {=Fertiliser_Equations_Organic.VEERG_5_2_1_1__2_MassOfNitrogenInOrganicFertiliser(G26,H26)} -> 0
I27: {=Fertiliser_Equations_Organic.VEERG_5_2_1_1__2_MassOfNitrogenInOrganicFertiliser(G27,H27)} -> 0
I28: {=Fertiliser_Equations_Organic.VEERG_5_2_1_1__2_MassOfNitrogenInOrganicFertiliser(G28,H28)} -> 0
I29: {=Fertiliser_Equations_Organic.VEERG_5_2_1_1__2_MassOfNitrogenInOrganicFertiliser(G29,H29)} -> 0
I30: {=Fertiliser_Equations_Organic.VEERG_5_2_1_1__2_MassOfNitrogenInOrganicFertiliser(G30,H30)} -> 0
D32: MNSoiljf | E32: =SUM(I20:I30) -> 710 | F32: =$E$11 -> kg N
A34: =HYPERLINK("#A1", "▲ Back to top") -> ▲ Back to top
D36: {=Fertiliser_Equations_OrganicN2O.VEERG_5_2_1_1__1_OrganicFertiliserApplicationN2OEmissions_Title()} -> Nitrous oxide emissions from the application of all organic fertiliser types f to all production systems j
D37: {=Fertiliser_Equations_OrganicN2O.VEERG_5_2_1_1__1_OrganicFertiliserApplicationN2OEmissions_Source()} -> VEERG 2026: 5.2.1.1, Equation (1)
D38: Function name | E38: {=Common_InputFunctions.Utility_DisplayFunctionName($I$20)} -> =Fertiliser_Equations_OrganicN2O.VEERG_5_2_1_1__2_MassOfNitrogenInOrganicFertiliser
D41: Variable | E41: {=Fertiliser_Equations_OrganicN2O.VEERG_5_2_1_1__1_OrganicFertiliserApplicationN2OEmissions_Variable()} -> E_N2O
D42: Unit | E42: {=Fertiliser_Equations_OrganicN2O.VEERG_5_2_1_1__1_OrganicFertiliserApplicationN2OEmissions_Unit()} -> t N2O
D44: {=_xlfn.CHOOSECOLS(Fertiliser_Equations_OrganicN2O.VEERG_5_2_1_1__1_OrganicFertiliserApplicationN2OEmissions_Arguments(), 1, 2)} -> MNSoil_jf | E44: mass of nitrogen in organic fertiliser type f applied to production system j | I44: {=_xlfn.CHOOSECOLS(Fertiliser_Equations_OrganicN2O.VEERG_5_2_1_1__1_OrganicFertiliserApplicationN2OEmissions_Arguments(), 3,4)} -> kg N | J44: Calculated from 5.2.1.1 (2) | K44: =$E$32 -> 710
D45: EF_N2Oi | E45: emission factor for direct nitrous oxide emissions from organic fertiliser applied to soils and aquatic systems in climate zone i | I45: kg N2O-N/kg N | J45: Lookup | K45: =Common_InputFunctions.Utility_LookupValueInTableNumber(K48, Table_SourceData_Common_EFOrganicFertCropResidues[Climate Zone],Table_SourceData_Common_EFOrganicFertCropResidues[EFNi & EFN2Oi]) -> 0.005
D46: C_N2O | E46: factor to convert elemental mass of nitrous oxide to molecular mass | J46: Constant | K46: =Common_InputFunctions.Utility_LookupValueInTableNumber("N2O",Table_GasToMolecularConversionFactor[Gas],Table_GasToMolecularConversionFactor[Conversion factor combined]) -> 1.5714286
D47: j | E47: Production system | J47: Input | K47: ='Input - Fertiliser'!$E$6 -> Crop
D48: i | E48: Wet or dry climate zone | J48: Input | K48: ='Input - Site'!$E$32 -> Dry climate zone
D50: EN2O | E50: {=Fertiliser_Equations_OrganicN2O.VEERG_5_2_1_1__1_OrganicFertiliserApplicationN2OEmissions(K44,K45,K46)} -> 0.0055785714 | F50: =$E$42 -> t N2O
D52: {=Common_Equations.Common_ConvertN2OToCO2e_Arguments()} -> EN2O | E52: Nitrous oxide emissions (t N2O) | G52: =E50 -> 0.0055785714
D53: GWPN2O | E53: Global warming potential for nitrous oxide (t CO2-e / t N2O) | G53: =Common_InputFunctions.Utility_LookupValueInTableNumber("N2O",Table_GWPData[Gas],Table_GWPData[CO2-e factor]) -> 265
A55: =HYPERLINK("#A1", "▲ Back to top") -> ▲ Back to top | D55: ECO2e | E55: {=Common_Equations.Common_ConvertN2OToCO2e(G52,G53)} -> 1.4783214 | F55: {=Common_Equations.Common_ConvertN2OToCO2e_Unit()} -> t CO2e

Sheet 5.3.1.1-2 Lime CO2
A1: #VALUE! | C1: 5.3.1.1 1-2 Lime application CO2
A3: =HYPERLINK("#'Home'!A1", "Home") -> Home | D3: Method 1 | O3: Method 2
A4: =HYPERLINK("#'Overview'!A1", "Overview") -> Overview
A5: =HYPERLINK("#'Results'!A1", "Results") -> Results | D5: {=Fertiliser_Equations_Lime.VEERG_5_3_1_1__1_LimeApplicationCO2Emissions_Title()} -> Emissions from the application of lime and dolomite to production systems
D6: {=Fertiliser_Equations_Lime.VEERG_5_3_1_1__1_LimeApplicationCO2Emissions_Source()} -> VEERG 2026: 5.3.1.1, Equation (1)
A7: INPUTS | D7: Function name | E7: {=Common_InputFunctions.Utility_DisplayFunctionName(H25)} -> =Fertiliser_Equations_Lime.VEERG_5_3_1_1__1_LimeApplicationCO2Emissions
A8: =HYPERLINK("#'Input - Site'!A1", "Site") -> Site
A9: =HYPERLINK("#'Input - Fertiliser'!A1", "Fertiliser") -> Fertiliser
D10: Variable | E10: {=Fertiliser_Equations_Lime.VEERG_5_3_1_1__1_LimeApplicationCO2Emissions_Variable()} -> E_lime
A11: CALCULATIONS | D11: Unit | E11: {=Fertiliser_Equations_Lime.VEERG_5_3_1_1__1_LimeApplicationCO2Emissions_Unit()} -> t CO2
A12: =HYPERLINK("#'5.1.1.1-2 Inorganic Fert N2O'!A1", "5.1.1.1-2 Inorganic Fert N2O") -> 5.1.1.1-2 Inorganic Fert N2O
A13: =HYPERLINK("#'5.1.1.3-4 Inorganic fert CO2'!A1", "5.1.1.3-4 Inorganic fert CO2") -> 5.1.1.3-4 Inorganic fert CO2 | D13: {=_xlfn.CHOOSECOLS(Fertiliser_Equations_Lime.VEERG_5_3_1_1__1_LimeApplicationCO2Emissions_Arguments(), 1, 2)} -> M_lime | E13: total mass of lime applied to production system | G13: {=_xlfn.CHOOSECOLS(Fertiliser_Equations_Lime.VEERG_5_3_1_1__1_LimeApplicationCO2Emissions_Arguments(), 3,4)} -> kg | H13: Input | I13: {=HYPERLINK(Common_InputFunctions.Utility_SourceHyperlink($D$22), $D$22)} -> Table_E_lime
A14: =HYPERLINK("#'5.2.1.1-2 Organic Fert N2O'!A1", "5.2.1.1-2 Organic Fert N2O") -> 5.2.1.1-2 Organic Fert N2O | D14: FracLime | E14: fraction of lime as limestone (CaCO3) | G14: fraction | H14: Input | I14: {=HYPERLINK(Common_InputFunctions.Utility_SourceHyperlink($D$22), $D$22)} -> Table_E_lime
A15: =HYPERLINK("#'5.3.1.1-2 Lime CO2'!A1", "5.3.1.1-2 Lime CO2") -> 5.3.1.1-2 Lime CO2 | D15: P_lime | E15: fractional purity of limestone | G15: fraction | H15: Constant | I15: ='Constants - Fertiliser'!$E$66 -> 0.9
A16: =HYPERLINK("#'5.4.1.1-4 Atmos deposition'!A1", "5.4.1.1-4 Atmos deposition") -> 5.4.1.1-4 Atmos deposition | D16: EF_lime | E16: emission factor for limestone fraction of lime | G16: kg C/kg | H16: Constant | I16: ='Constants - Fertiliser'!$F$66 -> 0.12
A17: =HYPERLINK("#'5.5.1.1-2 Leaching and runoff'!A1", "5.5.1.1-2 Leaching and runoff") -> 5.5.1.1-2 Leaching and runoff | D17: FracDol | E17: fraction of lime as dolomite | G17: fraction | H17: Input | I17: {=HYPERLINK(Common_InputFunctions.Utility_SourceHyperlink($D$22), $D$22)} -> Table_E_lime
D18: P_dol | E18: fractional purity of dolomite | G18: fraction | H18: Constant | I18: ='Constants - Fertiliser'!$E$67 -> 0.95
A19: APPENDICES | D19: EF_dol | E19: emission factor for dolomite fraction of lime | G19: kg C/kg | H19: Constant | I19: ='Constants - Fertiliser'!$F$67 -> 0.13
A20: =HYPERLINK("#'Constants - Fertiliser'!A1", "Constants - Fertiliser") -> Constants - Fertiliser | D20: C_CO2 | E20: factor to convert elemental mass of carbon dioxide to molecular mass | H20: Constant | I20: =Common_InputFunctions.Utility_LookupValueInTableNumber("CO2",Table_GasToMolecularConversionFactor[Gas], Table_GasToMolecularConversionFactor[Conversion factor combined]) -> 3.6666667
A21: =HYPERLINK("#'Constants - Common'!A1", "Constants - Common") -> Constants - Common
D22: Table_E_lime
D23: Lime applications
D24: Element | E24: M | F24: FracLime | G24: FracDol | H24: Elime
D25: {=Table_Input_Lime[Product]} -> Lime product 1 | E25: {=Table_Input_Lime[Total amount applied (t)]*10^3} -> 100000 | F25: {=Table_Input_Lime[Percent Lime CaCO3]} -> 0.8 | G25: {=Table_Input_Lime[Percent Dolomite CaMg(CO3)2]} -> 0.1 | H25: {=Fertiliser_Equations_Lime.VEERG_5_3_1_1__1_LimeApplicationCO2Emissions(E25,F25,$I$15,$I$16,G25,$I$18,$I$19,$I$20)} -> 36.208333
D26: Lime product 2 | E26: 100000 | F26: 1 | G26: 0 | H26: {=Fertiliser_Equations_Lime.VEERG_5_3_1_1__1_LimeApplicationCO2Emissions(E26,F26,$I$15,$I$16,G26,$I$18,$I$19,$I$20)} -> 39.6
D27: Lime product 3 | E27: 100000 | F27: 0 | G27: 0 | H27: {=Fertiliser_Equations_Lime.VEERG_5_3_1_1__1_LimeApplicationCO2Emissions(E27,F27,$I$15,$I$16,G27,$I$18,$I$19,$I$20)} -> 0
H28: {=Fertiliser_Equations_Lime.VEERG_5_3_1_1__1_LimeApplicationCO2Emissions(E28,F28,$I$15,$I$16,G28,$I$18,$I$19,$I$20)} -> 0
H29: {=Fertiliser_Equations_Lime.VEERG_5_3_1_1__1_LimeApplicationCO2Emissions(E29,F29,$I$15,$I$16,G29,$I$18,$I$19,$I$20)} -> 0
D31: Elime | E31: =SUM(H25:H29) -> 75.808333 | F31: t CO2
A34: =HYPERLINK("#A1", "▲ Back to top") -> ▲ Back to top
A55: =HYPERLINK("#A1", "▲ Back to top") -> ▲ Back to top

Sheet 5.4.1.1-4 Atmos deposition
A1: #VALUE! | C1: 5.4.1.1-4 Atmospheric deposition resulting from fertiliser application
A3: =HYPERLINK("#'Home'!A1", "Home") -> Home | D3: Method 1 | O3: Method 2
A4: =HYPERLINK("#'Overview'!A1", "Overview") -> Overview
A5: =HYPERLINK("#'Results'!A1", "Results") -> Results | D5: {=Fertiliser_Equations_AtmosphericDeposition.VEERG_5_4_1_1__2_MassOfNitrogenVolatilisedFromInorganicFertiliser_Title()} -> Mass of nitrogen volatilised from inorganic fertiliser applied to production system
D6: {=Fertiliser_Equations_AtmosphericDeposition.VEERG_5_4_1_1__2_MassOfNitrogenVolatilisedFromInorganicFertiliser_Source()} -> VEERG 2026: 5.4.1.1, Equation (2)
A7: INPUTS | D7: Function name | E7: {=Common_InputFunctions.Utility_DisplayFunctionName(H19)} -> =Fertiliser_Equations_AtmosphericDeposition.VEERG_5_4_1_1__2_MassOfNitrogenVolatilisedFromInorganicFertiliser
A8: =HYPERLINK("#'Input - Site'!A1", "Site") -> Site
A9: =HYPERLINK("#'Input - Fertiliser'!A1", "Fertiliser") -> Fertiliser
D10: Variable | E10: {=Fertiliser_Equations_AtmosphericDeposition.VEERG_5_4_1_1__2_MassOfNitrogenVolatilisedFromInorganicFertiliser_Variable()} -> M_volinorganicjf
A11: CALCULATIONS | D11: Unit | E11: {=Fertiliser_Equations_AtmosphericDeposition.VEERG_5_4_1_1__2_MassOfNitrogenVolatilisedFromInorganicFertiliser_Unit()} -> kg N
A12: =HYPERLINK("#'5.1.1.1-2 Inorganic Fert N2O'!A1", "5.1.1.1-2 Inorganic Fert N2O") -> 5.1.1.1-2 Inorganic Fert N2O
A13: =HYPERLINK("#'5.1.1.3-4 Inorganic fert CO2'!A1", "5.1.1.3-4 Inorganic fert CO2") -> 5.1.1.3-4 Inorganic fert CO2 | D13: {=_xlfn.CHOOSECOLS(Fertiliser_Equations_AtmosphericDeposition.VEERG_5_4_1_1__2_MassOfNitrogenVolatilisedFromInorganicFertiliser_Arguments(), 1, 2)} -> MN_jf | E13: mass of nitrogen in inorganic fertiliser applied | G13: {=_xlfn.CHOOSECOLS(Fertiliser_Equations_AtmosphericDeposition.VEERG_5_4_1_1__2_MassOfNitrogenVolatilisedFromInorganicFertiliser_Arguments(), 3,4)} -> kg N | H13: Calculated from 5.1.1.1 (2) | I13: {=HYPERLINK(Common_InputFunctions.Utility_SourceHyperlink($D$16),$D$16)} -> Table_M_vol_inorganic_j_f
A14: =HYPERLINK("#'5.2.1.1-2 Organic Fert N2O'!A1", "5.2.1.1-2 Organic Fert N2O") -> 5.2.1.1-2 Organic Fert N2O | D14: FracGASF_f | E14: fraction of inorganic fertiliser that volatilises | G14: (kg NH3-N + NOx-N)/kg N | H14: Constant | I14: {=HYPERLINK(Common_InputFunctions.Utility_SourceHyperlink($D$16),$D$16)} -> Table_M_vol_inorganic_j_f
A15: =HYPERLINK("#'5.3.1.1-2 Lime CO2'!A1", "5.3.1.1-2 Lime CO2") -> 5.3.1.1-2 Lime CO2
A16: =HYPERLINK("#'5.4.1.1-4 Atmos deposition'!A1", "5.4.1.1-4 Atmos deposition") -> 5.4.1.1-4 Atmos deposition | D16: Table_M_vol_inorganic_j_f
A17: =HYPERLINK("#'5.5.1.1-2 Leaching and runoff'!A1", "5.5.1.1-2 Leaching and runoff") -> 5.5.1.1-2 Leaching and runoff | D17: Mass of nitrogen volatilised from inorganic fertiliser application
D18: Chemical compound | E18: MNjf | F18: Basis | G18: FracGASFf | H18: Mvolinorganicjf
A19: APPENDICES | D19: {=Table_Fertiliser_ChemicalCompounds[Fertiliser type f]} -> Monoammonium phosphate (MAP) | E19: ='5.1.1.1-2 Inorganic fert N2O'!G19 -> 0 | F19: {=Common_InputFunctions.Utility_LookupValueInTable(D19, Table_Fertiliser_ChemicalCompounds[Fertiliser type f],Table_Fertiliser_ChemicalCompounds[Basis])} -> Ammonium-based fertilisers | G19: {=Common_InputFunctions.Utility_LookupValueInTableNumber(F19, Table_SourceData_Fertiliser_FracGASF[Fertiliser type f],Table_SourceData_Fertiliser_FracGASF[FracGASF f])} -> 0.08 | H19: {=Fertiliser_Equations_AtmosphericDeposition.VEERG_5_4_1_1__2_MassOfNitrogenVolatilisedFromInorganicFertiliser(E19,G19)} -> 0
A20: =HYPERLINK("#'Constants - Fertiliser'!A1", "Constants - Fertiliser") -> Constants - Fertiliser | D20: Diammonium phosphate (DAP) | E20: ='5.1.1.1-2 Inorganic fert N2O'!G20 -> 0 | F20: {=Common_InputFunctions.Utility_LookupValueInTable(D20, Table_Fertiliser_ChemicalCompounds[Fertiliser type f],Table_Fertiliser_ChemicalCompounds[Basis])} -> Ammonium-based fertilisers | G20: {=Common_InputFunctions.Utility_LookupValueInTableNumber(F20, Table_SourceData_Fertiliser_FracGASF[Fertiliser type f],Table_SourceData_Fertiliser_FracGASF[FracGASF f])} -> 0.08 | H20: {=Fertiliser_Equations_AtmosphericDeposition.VEERG_5_4_1_1__2_MassOfNitrogenVolatilisedFromInorganicFertiliser(E20,G20)} -> 0
A21: =HYPERLINK("#'Constants - Common'!A1", "Constants - Common") -> Constants - Common | D21: Urea | E21: ='5.1.1.1-2 Inorganic fert N2O'!G21 -> 4600 | F21: {=Common_InputFunctions.Utility_LookupValueInTable(D21, Table_Fertiliser_ChemicalCompounds[Fertiliser type f],Table_Fertiliser_ChemicalCompounds[Basis])} -> Urea-based fertilisers | G21: {=Common_InputFunctions.Utility_LookupValueInTableNumber(F21, Table_SourceData_Fertiliser_FracGASF[Fertiliser type f],Table_SourceData_Fertiliser_FracGASF[FracGASF f])} -> 0.15 | H21: {=Fertiliser_Equations_AtmosphericDeposition.VEERG_5_4_1_1__2_MassOfNitrogenVolatilisedFromInorganicFertiliser(E21,G21)} -> 690
D22: Sulphate of ammonia (SOA) | E22: ='5.1.1.1-2 Inorganic fert N2O'!G22 -> 0 | F22: {=Common_InputFunctions.Utility_LookupValueInTable(D22, Table_Fertiliser_ChemicalCompounds[Fertiliser type f],Table_Fertiliser_ChemicalCompounds[Basis])} -> Ammonium-based fertilisers | G22: {=Common_InputFunctions.Utility_LookupValueInTableNumber(F22, Table_SourceData_Fertiliser_FracGASF[Fertiliser type f],Table_SourceData_Fertiliser_FracGASF[FracGASF f])} -> 0.08 | H22: {=Fertiliser_Equations_AtmosphericDeposition.VEERG_5_4_1_1__2_MassOfNitrogenVolatilisedFromInorganicFertiliser(E22,G22)} -> 0
D23: Urea-ammonium nitrate (UAN) | E23: ='5.1.1.1-2 Inorganic fert N2O'!G23 -> 0 | F23: {=Common_InputFunctions.Utility_LookupValueInTable(D23, Table_Fertiliser_ChemicalCompounds[Fertiliser type f],Table_Fertiliser_ChemicalCompounds[Basis])} -> Urea-based fertilisers | G23: {=Common_InputFunctions.Utility_LookupValueInTableNumber(F23, Table_SourceData_Fertiliser_FracGASF[Fertiliser type f],Table_SourceData_Fertiliser_FracGASF[FracGASF f])} -> 0.15 | H23: {=Fertiliser_Equations_AtmosphericDeposition.VEERG_5_4_1_1__2_MassOfNitrogenVolatilisedFromInorganicFertiliser(E23,G23)} -> 0
D24: Ammonium nitrate (AN) | E24: ='5.1.1.1-2 Inorganic fert N2O'!G24 -> 0 | F24: {=Common_InputFunctions.Utility_LookupValueInTable(D24, Table_Fertiliser_ChemicalCompounds[Fertiliser type f],Table_Fertiliser_ChemicalCompounds[Basis])} -> Ammonium-nitrate based fertilisers | G24: {=Common_InputFunctions.Utility_LookupValueInTableNumber(F24, Table_SourceData_Fertiliser_FracGASF[Fertiliser type f],Table_SourceData_Fertiliser_FracGASF[FracGASF f])} -> 0.05 | H24: {=Fertiliser_Equations_AtmosphericDeposition.VEERG_5_4_1_1__2_MassOfNitrogenVolatilisedFromInorganicFertiliser(E24,G24)} -> 0
D25: Calcium ammonium nitrate (CAN) | E25: ='5.1.1.1-2 Inorganic fert N2O'!G25 -> 0 | F25: {=Common_InputFunctions.Utility_LookupValueInTable(D25, Table_Fertiliser_ChemicalCompounds[Fertiliser type f],Table_Fertiliser_ChemicalCompounds[Basis])} -> Ammonium-nitrate based fertilisers | G25: {=Common_InputFunctions.Utility_LookupValueInTableNumber(F25, Table_SourceData_Fertiliser_FracGASF[Fertiliser type f],Table_SourceData_Fertiliser_FracGASF[FracGASF f])} -> 0.05 | H25: {=Fertiliser_Equations_AtmosphericDeposition.VEERG_5_4_1_1__2_MassOfNitrogenVolatilisedFromInorganicFertiliser(E25,G25)} -> 0
D26: Nitrogen - Ammoniacal | E26: ='5.1.1.1-2 Inorganic fert N2O'!G26 -> 0 | F26: {=Common_InputFunctions.Utility_LookupValueInTable(D26, Table_Fertiliser_ChemicalCompounds[Fertiliser type f],Table_Fertiliser_ChemicalCompounds[Basis])} -> Ammonium-based fertilisers | G26: {=Common_InputFunctions.Utility_LookupValueInTableNumber(F26, Table_SourceData_Fertiliser_FracGASF[Fertiliser type f],Table_SourceData_Fertiliser_FracGASF[FracGASF f])} -> 0.08 | H26: {=Fertiliser_Equations_AtmosphericDeposition.VEERG_5_4_1_1__2_MassOfNitrogenVolatilisedFromInorganicFertiliser(E26,G26)} -> 0
D27: Nitrogen - Nitrate | E27: ='5.1.1.1-2 Inorganic fert N2O'!G27 -> 1980 | F27: {=Common_InputFunctions.Utility_LookupValueInTable(D27, Table_Fertiliser_ChemicalCompounds[Fertiliser type f],Table_Fertiliser_ChemicalCompounds[Basis])} -> Nitrate-based fertilisers | G27: {=Common_InputFunctions.Utility_LookupValueInTableNumber(F27, Table_SourceData_Fertiliser_FracGASF[Fertiliser type f],Table_SourceData_Fertiliser_FracGASF[FracGASF f])} -> 0.01 | H27: {=Fertiliser_Equations_AtmosphericDeposition.VEERG_5_4_1_1__2_MassOfNitrogenVolatilisedFromInorganicFertiliser(E27,G27)} -> 19.8
D28: Nitrogen - Generic | E28: ='5.1.1.1-2 Inorganic fert N2O'!G28 -> 1537.2 | F28: {=Common_InputFunctions.Utility_LookupValueInTable(D28, Table_Fertiliser_ChemicalCompounds[Fertiliser type f],Table_Fertiliser_ChemicalCompounds[Basis])} -> Urea-based fertilisers | G28: {=Common_InputFunctions.Utility_LookupValueInTableNumber(F28, Table_SourceData_Fertiliser_FracGASF[Fertiliser type f],Table_SourceData_Fertiliser_FracGASF[FracGASF f])} -> 0.15 | H28: {=Fertiliser_Equations_AtmosphericDeposition.VEERG_5_4_1_1__2_MassOfNitrogenVolatilisedFromInorganicFertiliser(E28,G28)} -> 230.58
D29: Phosphorus - Generic | E29: ='5.1.1.1-2 Inorganic fert N2O'!G29 -> 0 | F29: {=Common_InputFunctions.Utility_LookupValueInTable(D29, Table_Fertiliser_ChemicalCompounds[Fertiliser type f],Table_Fertiliser_ChemicalCompounds[Basis])} -> Other fertilisers | G29: {=Common_InputFunctions.Utility_LookupValueInTableNumber(F29, Table_SourceData_Fertiliser_FracGASF[Fertiliser type f],Table_SourceData_Fertiliser_FracGASF[FracGASF f])} -> 0.11 | H29: {=Fertiliser_Equations_AtmosphericDeposition.VEERG_5_4_1_1__2_MassOfNitrogenVolatilisedFromInorganicFertiliser(E29,G29)} -> 0
D30: Potassium - Generic | E30: ='5.1.1.1-2 Inorganic fert N2O'!G30 -> 0 | F30: {=Common_InputFunctions.Utility_LookupValueInTable(D30, Table_Fertiliser_ChemicalCompounds[Fertiliser type f],Table_Fertiliser_ChemicalCompounds[Basis])} -> Other fertilisers | G30: {=Common_InputFunctions.Utility_LookupValueInTableNumber(F30, Table_SourceData_Fertiliser_FracGASF[Fertiliser type f],Table_SourceData_Fertiliser_FracGASF[FracGASF f])} -> 0.11 | H30: {=Fertiliser_Equations_AtmosphericDeposition.VEERG_5_4_1_1__2_MassOfNitrogenVolatilisedFromInorganicFertiliser(E30,G30)} -> 0
D31: Sulfur - Generic | E31: ='5.1.1.1-2 Inorganic fert N2O'!G31 -> 0 | F31: {=Common_InputFunctions.Utility_LookupValueInTable(D31, Table_Fertiliser_ChemicalCompounds[Fertiliser type f],Table_Fertiliser_ChemicalCompounds[Basis])} -> Other fertilisers | G31: {=Common_InputFunctions.Utility_LookupValueInTableNumber(F31, Table_SourceData_Fertiliser_FracGASF[Fertiliser type f],Table_SourceData_Fertiliser_FracGASF[FracGASF f])} -> 0.11 | H31: {=Fertiliser_Equations_AtmosphericDeposition.VEERG_5_4_1_1__2_MassOfNitrogenVolatilisedFromInorganicFertiliser(E31,G31)} -> 0
D32: Zinc - Generic | E32: ='5.1.1.1-2 Inorganic fert N2O'!G32 -> 0 | F32: {=Common_InputFunctions.Utility_LookupValueInTable(D32, Table_Fertiliser_ChemicalCompounds[Fertiliser type f],Table_Fertiliser_ChemicalCompounds[Basis])} -> Other fertilisers | G32: {=Common_InputFunctions.Utility_LookupValueInTableNumber(F32, Table_SourceData_Fertiliser_FracGASF[Fertiliser type f],Table_SourceData_Fertiliser_FracGASF[FracGASF f])} -> 0.11 | H32: {=Fertiliser_Equations_AtmosphericDeposition.VEERG_5_4_1_1__2_MassOfNitrogenVolatilisedFromInorganicFertiliser(E32,G32)} -> 0
D33: Muriate of potash (MOP) | E33: ='5.1.1.1-2 Inorganic fert N2O'!G33 -> 0 | F33: {=Common_InputFunctions.Utility_LookupValueInTable(D33, Table_Fertiliser_ChemicalCompounds[Fertiliser type f],Table_Fertiliser_ChemicalCompounds[Basis])} -> Other fertilisers | G33: {=Common_InputFunctions.Utility_LookupValueInTableNumber(F33, Table_SourceData_Fertiliser_FracGASF[Fertiliser type f],Table_SourceData_Fertiliser_FracGASF[FracGASF f])} -> 0.11 | H33: {=Fertiliser_Equations_AtmosphericDeposition.VEERG_5_4_1_1__2_MassOfNitrogenVolatilisedFromInorganicFertiliser(E33,G33)} -> 0
A34: =HYPERLINK("#A1", "▲ Back to top") -> ▲ Back to top | D34: Double superphosphate | E34: ='5.1.1.1-2 Inorganic fert N2O'!G34 -> 0 | F34: {=Common_InputFunctions.Utility_LookupValueInTable(D34, Table_Fertiliser_ChemicalCompounds[Fertiliser type f],Table_Fertiliser_ChemicalCompounds[Basis])} -> Other fertilisers | G34: {=Common_InputFunctions.Utility_LookupValueInTableNumber(F34, Table_SourceData_Fertiliser_FracGASF[Fertiliser type f],Table_SourceData_Fertiliser_FracGASF[FracGASF f])} -> 0.11 | H34: {=Fertiliser_Equations_AtmosphericDeposition.VEERG_5_4_1_1__2_MassOfNitrogenVolatilisedFromInorganicFertiliser(E34,G34)} -> 0
D35: Single superphosphate (SSP) | E35: ='5.1.1.1-2 Inorganic fert N2O'!G35 -> 0 | F35: {=Common_InputFunctions.Utility_LookupValueInTable(D35, Table_Fertiliser_ChemicalCompounds[Fertiliser type f],Table_Fertiliser_ChemicalCompounds[Basis])} -> Other fertilisers | G35: {=Common_InputFunctions.Utility_LookupValueInTableNumber(F35, Table_SourceData_Fertiliser_FracGASF[Fertiliser type f],Table_SourceData_Fertiliser_FracGASF[FracGASF f])} -> 0.11 | H35: {=Fertiliser_Equations_AtmosphericDeposition.VEERG_5_4_1_1__2_MassOfNitrogenVolatilisedFromInorganicFertiliser(E35,G35)} -> 0
D36: Ammonia | E36: ='5.1.1.1-2 Inorganic fert N2O'!G36 -> 4117.5 | F36: {=Common_InputFunctions.Utility_LookupValueInTable(D36, Table_Fertiliser_ChemicalCompounds[Fertiliser type f],Table_Fertiliser_ChemicalCompounds[Basis])} -> Ammonium-based fertilisers | G36: {=Common_InputFunctions.Utility_LookupValueInTableNumber(F36, Table_SourceData_Fertiliser_FracGASF[Fertiliser type f],Table_SourceData_Fertiliser_FracGASF[FracGASF f])} -> 0.08 | H36: {=Fertiliser_Equations_AtmosphericDeposition.VEERG_5_4_1_1__2_MassOfNitrogenVolatilisedFromInorganicFertiliser(E36,G36)} -> 329.4
D37: Calcium nitrate | E37: ='5.1.1.1-2 Inorganic fert N2O'!G37 -> 775 | F37: {=Common_InputFunctions.Utility_LookupValueInTable(D37, Table_Fertiliser_ChemicalCompounds[Fertiliser type f],Table_Fertiliser_ChemicalCompounds[Basis])} -> Nitrate-based fertilisers | G37: {=Common_InputFunctions.Utility_LookupValueInTableNumber(F37, Table_SourceData_Fertiliser_FracGASF[Fertiliser type f],Table_SourceData_Fertiliser_FracGASF[FracGASF f])} -> 0.01 | H37: {=Fertiliser_Equations_AtmosphericDeposition.VEERG_5_4_1_1__2_MassOfNitrogenVolatilisedFromInorganicFertiliser(E37,G37)} -> 7.75
D41: {=Fertiliser_Equations_AtmosphericDeposition.VEERG_5_4_1_1__1_InorganicFertiliserAtmosphericDepositionN2OEmissions_Title()} -> Nitrous oxide emissions from atmospheric deposition from all inorganic fertiliser types f and all production systems j
D42: {=Fertiliser_Equations_AtmosphericDeposition.VEERG_5_4_1_1__1_InorganicFertiliserAtmosphericDepositionN2OEmissions_Source()} -> VEERG 2026: 5.4.1.1, Equation (1)
D43: Function name | E43: {=Common_InputFunctions.Utility_DisplayFunctionName(F59)} -> =Fertiliser_Equations_AtmosphericDeposition.VEERG_5_4_1_1__1_InorganicFertiliserAtmosphericDepositionN2OEmissions
D46: Variable | E46: {=Fertiliser_Equations_AtmosphericDeposition.VEERG_5_4_1_1__1_InorganicFertiliserAtmosphericDepositionN2OEmissions_Variable()} -> E_adinorganic
D47: Unit | E47: {=Fertiliser_Equations_AtmosphericDeposition.VEERG_5_4_1_1__1_InorganicFertiliserAtmosphericDepositionN2OEmissions_Unit()} -> t N2O
D49: {=_xlfn.CHOOSECOLS(Fertiliser_Equations_AtmosphericDeposition.VEERG_5_4_1_1__1_InorganicFertiliserAtmosphericDepositionN2OEmissions_Arguments(), 1, 2)} -> M_volinorganicjf | E49: mass of nitrogen volatilised from inorganic fertiliser applied to production system | H49: {=_xlfn.CHOOSECOLS(Fertiliser_Equations_AtmosphericDeposition.VEERG_5_4_1_1__1_InorganicFertiliserAtmosphericDepositionN2OEmissions_Arguments(), 3,4)} -> kg N | I49: Calculated from 5.4.1.1 (2) | J49: {=HYPERLINK(Common_InputFunctions.Utility_SourceHyperlink($D$16),$D$16)} -> Table_M_vol_inorganic_j_f
D50: EF_N2Oj | E50: emission factor for atmospheric deposition | H50: kg N2O-N/kg N | I50: Constant | J50: =Common_InputFunctions.Utility_LookupN2OEFFromProdIrrigationRainfall(J52,J53,J54,Table_SourceData_Common_EFN2O[Production system only],Table_SourceData_Common_EFN2O[Irrigation method],Table_SourceData_Common_EFN2O[Rainfall zone],Table_SourceData_Common_EFN2O[EFN2O]) -> 0.007
D51: C_N2O | E51: factor to convert elemental mass of nitrous oxide to molecular mass | I51: Constant | J51: =Common_InputFunctions.Utility_LookupValueInTableNumber("N2O",Table_GasToMolecularConversionFactor[Gas],Table_GasToMolecularConversionFactor[Conversion factor combined]) -> 1.5714286
D52: j | E52: Production system | I52: Input | J52: ='Input - Fertiliser'!$E$6 -> Crop
D53: ir | E53: irrigation method | I53: Input | J53: ='Input - Fertiliser'!$E$8 -> Sprinkler Irrigation
D54: r | E54: rainfall region | I54: Input | J54: ='Input - Site'!$E$30 -> High rainfall
A55: =HYPERLINK("#A1", "▲ Back to top") -> ▲ Back to top
D56: Table_E_ad_inorganic
D57: Atmospheric deposition emissions from inorganic fertiliser
D58: Chemical compound | E58: Mvolinorganicjf | F58: Ead,inorganic
D59: {=Table_Fertiliser_ChemicalCompounds[Fertiliser type f]} -> Monoammonium phosphate (MAP) | E59: =H19 -> 0 | F59: {=Fertiliser_Equations_AtmosphericDeposition.VEERG_5_4_1_1__1_InorganicFertiliserAtmosphericDepositionN2OEmissions(E59,$J$50,$J$51)} -> 0 | G59: =E47 -> t N2O
D60: Diammonium phosphate (DAP) | E60: =H20 -> 0 | F60: {=Fertiliser_Equations_AtmosphericDeposition.VEERG_5_4_1_1__1_InorganicFertiliserAtmosphericDepositionN2OEmissions(E60,$J$50,$J$51)} -> 0
D61: Urea | E61: =H21 -> 690 | F61: {=Fertiliser_Equations_AtmosphericDeposition.VEERG_5_4_1_1__1_InorganicFertiliserAtmosphericDepositionN2OEmissions(E61,$J$50,$J$51)} -> 0.00759
D62: Sulphate of ammonia (SOA) | E62: =H22 -> 0 | F62: {=Fertiliser_Equations_AtmosphericDeposition.VEERG_5_4_1_1__1_InorganicFertiliserAtmosphericDepositionN2OEmissions(E62,$J$50,$J$51)} -> 0
D63: Urea-ammonium nitrate (UAN) | E63: =H23 -> 0 | F63: {=Fertiliser_Equations_AtmosphericDeposition.VEERG_5_4_1_1__1_InorganicFertiliserAtmosphericDepositionN2OEmissions(E63,$J$50,$J$51)} -> 0
D64: Ammonium nitrate (AN) | E64: =H24 -> 0 | F64: {=Fertiliser_Equations_AtmosphericDeposition.VEERG_5_4_1_1__1_InorganicFertiliserAtmosphericDepositionN2OEmissions(E64,$J$50,$J$51)} -> 0
D65: Calcium ammonium nitrate (CAN) | E65: =H25 -> 0 | F65: {=Fertiliser_Equations_AtmosphericDeposition.VEERG_5_4_1_1__1_InorganicFertiliserAtmosphericDepositionN2OEmissions(E65,$J$50,$J$51)} -> 0
D66: Nitrogen - Ammoniacal | E66: =H26 -> 0 | F66: {=Fertiliser_Equations_AtmosphericDeposition.VEERG_5_4_1_1__1_InorganicFertiliserAtmosphericDepositionN2OEmissions(E66,$J$50,$J$51)} -> 0
D67: Nitrogen - Nitrate | E67: =H27 -> 19.8 | F67: {=Fertiliser_Equations_AtmosphericDeposition.VEERG_5_4_1_1__1_InorganicFertiliserAtmosphericDepositionN2OEmissions(E67,$J$50,$J$51)} -> 0.0002178
D68: Nitrogen - Generic | E68: =H28 -> 230.58 | F68: {=Fertiliser_Equations_AtmosphericDeposition.VEERG_5_4_1_1__1_InorganicFertiliserAtmosphericDepositionN2OEmissions(E68,$J$50,$J$51)} -> 0.00253638
D69: Phosphorus - Generic | E69: =H29 -> 0 | F69: {=Fertiliser_Equations_AtmosphericDeposition.VEERG_5_4_1_1__1_InorganicFertiliserAtmosphericDepositionN2OEmissions(E69,$J$50,$J$51)} -> 0
D70: Potassium - Generic | E70: =H30 -> 0 | F70: {=Fertiliser_Equations_AtmosphericDeposition.VEERG_5_4_1_1__1_InorganicFertiliserAtmosphericDepositionN2OEmissions(E70,$J$50,$J$51)} -> 0
D71: Sulfur - Generic | E71: =H31 -> 0 | F71: {=Fertiliser_Equations_AtmosphericDeposition.VEERG_5_4_1_1__1_InorganicFertiliserAtmosphericDepositionN2OEmissions(E71,$J$50,$J$51)} -> 0
... D77: Calcium nitrate | E77: =H37 -> 7.75 | F77: {=Fertiliser_Equations_AtmosphericDeposition.VEERG_5_4_1_1__1_InorganicFertiliserAtmosphericDepositionN2OEmissions(E77,$J$50,$J$51)} -> 8.525e-05
D79: Ead,inorganic | E79: =SUM(F59:F77) -> 0.01405283 | F79: =$E$47 -> t N2O
D81: {=Common_Equations.Common_ConvertN2OToCO2e_Arguments()} -> EN2O | E81: Nitrous oxide emissions (t N2O) | G81: =E79 -> 0.01405283
D82: GWPN2O | E82: Global warming potential for nitrous oxide (t CO2-e / t N2O) | G82: =Common_InputFunctions.Utility_LookupValueInTableNumber("N2O",Table_GWPData[Gas],Table_GWPData[CO2-e factor]) -> 265
D84: ECO2e | E84: {=Common_Equations.Common_ConvertN2OToCO2e(G81,G82)} -> 3.724 | F84: {=Common_Equations.Common_ConvertN2OToCO2e_Unit()} -> t CO2e
D88: {=Fertiliser_Equations_AtmosphericDeposition.VEERG_5_4_1_3__2_MassOfNitrogenVolatilisedFromOrganicFertiliser_Title()} -> Mass of nitrogen volatilised from organic fertiliser applied to production system
D89: {=Fertiliser_Equations_AtmosphericDeposition.VEERG_5_4_1_3__2_MassOfNitrogenVolatilisedFromOrganicFertiliser_Source()} -> VEERG 2026: 5.4.1.3, Equation (2)
D90: Function name | E90: {=Common_InputFunctions.Utility_DisplayFunctionName(F102)} -> =Fertiliser_Equations_AtmosphericDeposition.VEERG_5_4_1_3__2_MassOfNitrogenVolatilisedFromOrganicFertiliser
D93: Variable | E93: {=Fertiliser_Equations_AtmosphericDeposition.VEERG_5_4_1_3__2_MassOfNitrogenVolatilisedFromOrganicFertiliser_Variable()} -> M_volorganicjf
D94: Unit | E94: {=Fertiliser_Equations_AtmosphericDeposition.VEERG_5_4_1_3__2_MassOfNitrogenVolatilisedFromOrganicFertiliser_Unit()} -> kg N
D96: {=_xlfn.CHOOSECOLS(Fertiliser_Equations_AtmosphericDeposition.VEERG_5_4_1_3__2_MassOfNitrogenVolatilisedFromOrganicFertiliser_Arguments(), 1, 2)} -> MNSoil_jf | E96: mass of nitrogen in organic fertiliser type f applied to production system j | G96: {=_xlfn.CHOOSECOLS(Fertiliser_Equations_AtmosphericDeposition.VEERG_5_4_1_3__2_MassOfNitrogenVolatilisedFromOrganicFertiliser_Arguments(), 3,4)} -> kg N | H96: Calculated from 5.2.1.1 (2) | I96: {=HYPERLINK(Common_InputFunctions.Utility_SourceHyperlink($D$99), $D$99)} -> Table_M_vol_organic_j_f
D97: FracGASM_soil | E97: fraction of organic fertiliser N that volatilises | G97: (kg NH3-N + NOx-N)/kg N | H97: Constant | I97: ='Constants - Fertiliser'!$E$73 -> 0.21
D99: Table_M_vol_organic_j_f
D100: Mass of nitrogen volatilised from organic fertiliser applied
D101: Organic fertiliser type (f) | E101: MNSoiljf | F101: Mvol,organic,jf
D102: {=Table_Input_OrganicFertiliser[Organic fertiliser type (select)]} -> Manure - Other | E102: ='5.2.1.1-2 Organic Fert N2O'!I20 -> 300 | F102: {=Fertiliser_Equations_AtmosphericDeposition.VEERG_5_4_1_3__2_MassOfNitrogenVolatilisedFromOrganicFertiliser(E102,$I$97)} -> 63 | G102: =$E$94 -> kg N
D103: Manure - Poultry | E103: ='5.2.1.1-2 Organic Fert N2O'!I21 -> 250 | F103: {=Fertiliser_Equations_AtmosphericDeposition.VEERG_5_4_1_3__2_MassOfNitrogenVolatilisedFromOrganicFertiliser(E103,$I$97)} -> 52.5
D104: Other organic fertiliser | E104: ='5.2.1.1-2 Organic Fert N2O'!I22 -> 160 | F104: {=Fertiliser_Equations_AtmosphericDeposition.VEERG_5_4_1_3__2_MassOfNitrogenVolatilisedFromOrganicFertiliser(E104,$I$97)} -> 33.6
E105: ='5.2.1.1-2 Organic Fert N2O'!I23 -> 0 | F105: {=Fertiliser_Equations_AtmosphericDeposition.VEERG_5_4_1_3__2_MassOfNitrogenVolatilisedFromOrganicFertiliser(E105,$I$97)} -> 0
E106: ='5.2.1.1-2 Organic Fert N2O'!I24 -> 0 | F106: {=Fertiliser_Equations_AtmosphericDeposition.VEERG_5_4_1_3__2_MassOfNitrogenVolatilisedFromOrganicFertiliser(E106,$I$97)} -> 0
E107: ='5.2.1.1-2 Organic Fert N2O'!I25 -> 0 | F107: {=Fertiliser_Equations_AtmosphericDeposition.VEERG_5_4_1_3__2_MassOfNitrogenVolatilisedFromOrganicFertiliser(E107,$I$97)} -> 0
E108: ='5.2.1.1-2 Organic Fert N2O'!I26 -> 0 | F108: {=Fertiliser_Equations_AtmosphericDeposition.VEERG_5_4_1_3__2_MassOfNitrogenVolatilisedFromOrganicFertiliser(E108,$I$97)} -> 0
E109: ='5.2.1.1-2 Organic Fert N2O'!I27 -> 0 | F109: {=Fertiliser_Equations_AtmosphericDeposition.VEERG_5_4_1_3__2_MassOfNitrogenVolatilisedFromOrganicFertiliser(E109,$I$97)} -> 0
E110: ='5.2.1.1-2 Organic Fert N2O'!I28 -> 0 | F110: {=Fertiliser_Equations_AtmosphericDeposition.VEERG_5_4_1_3__2_MassOfNitrogenVolatilisedFromOrganicFertiliser(E110,$I$97)} -> 0
E111: ='5.2.1.1-2 Organic Fert N2O'!I29 -> 0 | F111: {=Fertiliser_Equations_AtmosphericDeposition.VEERG_5_4_1_3__2_MassOfNitrogenVolatilisedFromOrganicFertiliser(E111,$I$97)} -> 0
E112: ='5.2.1.1-2 Organic Fert N2O'!I30 -> 0 | F112: {=Fertiliser_Equations_AtmosphericDeposition.VEERG_5_4_1_3__2_MassOfNitrogenVolatilisedFromOrganicFertiliser(E112,$I$97)} -> 0
D116: {=Fertiliser_Equations_AtmosphericDeposition.VEERG_5_4_1_3__1_OrganicFertiliserAtmosphericDepositionN2OEmissions_Title()} -> Nitrous oxide emissions from atmospheric deposition of all organic fertiliser types f and all production systems j
D117: {=Fertiliser_Equations_AtmosphericDeposition.VEERG_5_4_1_3__1_OrganicFertiliserAtmosphericDepositionN2OEmissions_Source()} -> VEERG 2026: 5.4.1.3, Equation (1)
D118: Function name | E118: {=Common_InputFunctions.Utility_DisplayFunctionName(F134)} -> =Fertiliser_Equations_AtmosphericDeposition.VEERG_5_4_1_3__1_OrganicFertiliserAtmosphericDepositionN2OEmissions
D121: Variable | E121: {=Fertiliser_Equations_AtmosphericDeposition.VEERG_5_4_1_3__1_OrganicFertiliserAtmosphericDepositionN2OEmissions_Variable()} -> E_adorganic
D122: Unit | E122: {=Fertiliser_Equations_AtmosphericDeposition.VEERG_5_4_1_3__1_OrganicFertiliserAtmosphericDepositionN2OEmissions_Unit()} -> t N2O
D124: {=_xlfn.CHOOSECOLS(Fertiliser_Equations_AtmosphericDeposition.VEERG_5_4_1_3__1_OrganicFertiliserAtmosphericDepositionN2OEmissions_Arguments(), 1, 2)} -> M_volorganicjf | E124: mass of nitrogen volatilised from organic fertiliser applied to production system | G124: {=_xlfn.CHOOSECOLS(Fertiliser_Equations_AtmosphericDeposition.VEERG_5_4_1_3__1_OrganicFertiliserAtmosphericDepositionN2OEmissions_Arguments(), 3,4)} -> kg N | H124: Calculated from 5.4.1.3 (2) | I124: {=HYPERLINK(Common_InputFunctions.Utility_SourceHyperlink($D$99), $D$99)} -> Table_M_vol_organic_j_f
D125: EF_N2Oj | E125: emission factor for atmospheric deposition in production system j | G125: kg N2O-N/kg N | H125: Constant | I125: =Common_InputFunctions.Utility_LookupN2OEFFromProdIrrigationRainfall(I127,I128,I129,Table_SourceData_Common_EFN2O[Production system only],Table_SourceData_Common_EFN2O[Irrigation method],Table_SourceData_Common_EFN2O[Rainfall zone],Table_SourceData_Common_EFN2O[EFN2O]) -> 0.007
D126: C_N2O | E126: factor to convert elemental mass of nitrous oxide to molecular mass | H126: Constant | I126: =Common_InputFunctions.Utility_LookupValueInTableNumber("N2O",Table_GasToMolecularConversionFactor[Gas],Table_GasToMolecularConversionFactor[Conversion factor combined]) -> 1.5714286
D127: j | E127: Production system | H127: Input | I127: ='Input - Fertiliser'!$E$6 -> Crop
D128: ir | E128: irrigation method | H128: Input | I128: ='Input - Fertiliser'!$E$8 -> Sprinkler Irrigation
...

Sheet 5.5.1.1-2 Leaching and runoff
A1: #VALUE! | C1: 5.5.1.1-2 Leaching and runoff
A3: =HYPERLINK("#'Home'!A1", "Home") -> Home | D3: Method 1 | N3: Method 2
A4: =HYPERLINK("#'Overview'!A1", "Overview") -> Overview
A5: =HYPERLINK("#'Results'!A1", "Results") -> Results | D5: {=Fertiliser_Equations_LeachingAndRunoff.VEERG_5_5_1_1__2_MassOfNitrogenLeachedFromInorganicFertiliser_Title()} -> Mass of nitrogen lost through leaching and runoff from inorganic fertiliser application in production system j
D6: {=Fertiliser_Equations_LeachingAndRunoff.VEERG_5_5_1_1__2_MassOfNitrogenLeachedFromInorganicFertiliser_Source()} -> VEERG 2026: 5.5, Equation (2)
A7: INPUTS | D7: Function name | E7: {=Common_InputFunctions.Utility_DisplayFunctionName(F23)} -> =Fertiliser_Equations_LeachingAndRunoff.VEERG_5_5_1_1__2_MassOfNitrogenLeachedFromInorganicFertiliser
A8: =HYPERLINK("#'Input - Site'!A1", "Site") -> Site
A9: =HYPERLINK("#'Input - Fertiliser'!A1", "Fertiliser") -> Fertiliser
D10: Variable | E10: {=Fertiliser_Equations_LeachingAndRunoff.VEERG_5_5_1_1__2_MassOfNitrogenLeachedFromInorganicFertiliser_Variable()} -> M_leachinorganicj
A11: CALCULATIONS | D11: Unit | E11: {=Fertiliser_Equations_LeachingAndRunoff.VEERG_5_5_1_1__2_MassOfNitrogenLeachedFromInorganicFertiliser_Unit()} -> kg N
A12: =HYPERLINK("#'5.1.1.1-2 Inorganic Fert N2O'!A1", "5.1.1.1-2 Inorganic Fert N2O") -> 5.1.1.1-2 Inorganic Fert N2O
A13: =HYPERLINK("#'5.1.1.3-4 Inorganic fert CO2'!A1", "5.1.1.3-4 Inorganic fert CO2") -> 5.1.1.3-4 Inorganic fert CO2 | D13: {=_xlfn.CHOOSECOLS(Fertiliser_Equations_LeachingAndRunoff.VEERG_5_5_1_1__2_MassOfNitrogenLeachedFromInorganicFertiliser_Arguments(), 1, 2)} -> MN_jf | E13: mass of nitrogen in inorganic fertiliser | G13: {=_xlfn.CHOOSECOLS(Fertiliser_Equations_LeachingAndRunoff.VEERG_5_5_1_1__2_MassOfNitrogenLeachedFromInorganicFertiliser_Arguments(), 3,4)} -> kg N | H13: Calculated from 5.1.1.1 (2) | I13: {=HYPERLINK(Common_InputFunctions.Utility_SourceHyperlink(D20), D20)} -> Table_M_leach_inorganic_j
A14: =HYPERLINK("#'5.2.1.1-2 Organic Fert N2O'!A1", "5.2.1.1-2 Organic Fert N2O") -> 5.2.1.1-2 Organic Fert N2O | D14: FracWETj | E14: fraction of N available for leaching and runoff | G14: fraction | H14: Constant | I14: =Common_InputFunctions.CommonCropping_GetFracWET(I16,I18,#REF!,#REF!,Table_SourceData_FracWETIrrigation[Irrigation type i],Table_SourceData_FracWETIrrigation[FracWET]) -> 1
A15: =HYPERLINK("#'5.3.1.1-2 Lime CO2'!A1", "5.3.1.1-2 Lime CO2") -> 5.3.1.1-2 Lime CO2 | D15: FracLEACH | E15: fraction of N that is lost through leaching and runoff | G15: fraction | H15: Constant | I15: ='Constants - Fertiliser'!$E$78 -> 0.24
