Workbook
Name Common_Equations.Common_ConvertCH4ToCO2e: _xlfn.LAMBDA(_xlpm.E_CH4,_xlpm.GWP_CH4, _xlpm.E_CH4 * _xlpm.GWP_CH4)
Name Common_Equations.Common_ConvertCH4ToCO2e_Arguments: _xlfn.LAMBDA(_xlfn.MAKEARRAY(2, 2, _xlfn.LAMBDA(_xlpm.r,_xlpm.c, INDEX({"ECH4","Methane emissions (t CH4)";"GWPCH4","Global warming potential for methane (t CO2-e / t CH4)"}, _xlpm.r, _xlpm.c))))
Name Common_Equations.Common_ConvertCH4ToCO2e_LatexEquation: _xlfn.LAMBDA("CO2_e = E_{CH4} \times GWP_{CH4}")
Name Common_Equations.Common_ConvertCH4ToCO2e_NIRReference: _xlfn.LAMBDA("")
Name Common_Equations.Common_ConvertCH4ToCO2e_Title: _xlfn.LAMBDA("Convert methane emissions to carbon dioxide equivalent emissions")
Name Common_Equations.Common_ConvertCH4ToCO2e_Unit: _xlfn.LAMBDA("t CO2e")
Name Common_Equations.Common_ConvertCH4ToCO2e_Variable: _xlfn.LAMBDA("ECH4 CO2e")
Name Common_Equations.Common_ConvertN2OToCO2e: _xlfn.LAMBDA(_xlpm.E_N2O,_xlpm.GWP_N2O, _xlpm.E_N2O * _xlpm.GWP_N2O)
Name Common_Equations.Common_ConvertN2OToCO2e_LatexEquation: _xlfn.LAMBDA("CO2_e = E_{N2O} \times GWP_{N2O}")
Name Common_Equations.Common_ConvertN2OToCO2e_NIRReference: _xlfn.LAMBDA("")
Name Common_Equations.Common_ConvertN2OToCO2e_Title: _xlfn.LAMBDA("Convert nitrous oxide emissions to carbon dioxide equivalent emissions")
Name Common_Equations.Common_ConvertN2OToCO2e_Unit: _xlfn.LAMBDA("t CO2e")
Name Common_Equations.Common_ConvertN2OToCO2e_Variable: _xlfn.LAMBDA("EN2O CO2e")
Name Common_InputFunctions.Utility_ConvertStateCommonNameToAbbreviation: _xlfn.LAMBDA(_xlpm.StateCommonName,_xlpm.StateCommonNameArray,_xlpm.StateAbbreviationArray, _xlfn.XLOOKUP(_xlpm.StateCommonName, _xlpm.StateCommonNameArray, _xlpm.StateAbbreviationArray, ""))
Name Common_InputFunctions.Utility_DisplayArguments_1_2: _xlfn.LAMBDA(_xlpm.ArgumentsArray, _xlfn.CHOOSECOLS(_xlpm.ArgumentsArray, 1, 2))
Name Common_InputFunctions.Utility_DisplayArguments_3_4: _xlfn.LAMBDA(_xlpm.ArgumentsArray, _xlfn.CHOOSECOLS(_xlpm.ArgumentsArray, 3, 4))
Name Common_InputFunctions.Utility_DisplayFunctionName: _xlfn.LAMBDA(_xlpm.Function, _xlfn.TEXTBEFORE(_xlfn.FORMULATEXT(_xlpm.Function), "("))
Name Common_InputFunctions.Utility_GetArrayTableColumnStartNumber: _xlfn.LAMBDA(_xlpm.TableHeaderCell, COLUMN(_xlpm.TableHeaderCell))
Name Common_InputFunctions.Utility_GetArrayTableRowStartNumber: _xlfn.LAMBDA(_xlpm.TableheaderCell,_xlpm.RowsBetweenHeaderandArray, ROW(_xlpm.TableheaderCell) + _xlpm.RowsBetweenHeaderandArray - 1)
Name Common_InputFunctions.Utility_LookupValueInTable: _xlfn.LAMBDA(_xlpm.LookupValue,_xlpm.LookupArray,_xlpm.ReturnArray, _xlfn.XLOOKUP(_xlpm.LookupValue, _xlpm.LookupArray, _xlpm.ReturnArray, ""))
Name Common_InputFunctions.Utility_SourceHyperlink: _xlfn.LAMBDA(_xlpm.TargetCell, _xlfn.LET(_xlpm.sh, _xlfn.TEXTAFTER(CELL("filename", _xlpm.TargetCell), "]"), _xlpm.addr, CELL("address", _xlpm.TargetCell), "#'" & _xlpm.sh & "'!" & _xlpm.addr))
Name Common_SourceData.Common_SourceData_AustralianStatesTerritories_Source: _xlfn.LAMBDA("")
Name Common_SourceData.Common_SourceData_AustralianStatesTerritories_Title: _xlfn.LAMBDA("Australian states and territories")
Name Common_SourceData.Common_SourceData_AustralianStatesTerritories_Unit: _xlfn.LAMBDA("")
Name Common_SourceData.Common_SourceData_AustralianStatesTerritories_Variable: _xlfn.LAMBDA("")
Name Common_SourceData.Common_SourceData_ClimateZones_Source: _xlfn.LAMBDA("VEERG 2026: Table 1.3: Climate and Rainfall zone classifications and definitions")
Name Common_SourceData.Common_SourceData_ClimateZones_Title: _xlfn.LAMBDA("VEERG Australian climate zones")
Name Common_SourceData.Common_SourceData_ClimateZones_Unit: _xlfn.LAMBDA("")
Name Common_SourceData.Common_SourceData_ClimateZones_Variable: _xlfn.LAMBDA("")
Name Common_SourceData.Common_SourceData_ConvertGasElementalToMolecular_Source: _xlfn.LAMBDA("XXXXXXX")
Name Common_SourceData.Common_SourceData_ConvertGasElementalToMolecular_Title: _xlfn.LAMBDA("Factor to convert elemental mass of gas to molecular mass")
Name Common_SourceData.Common_SourceData_ConvertGasElementalToMolecular_Unit: _xlfn.LAMBDA("factor")
Name Common_SourceData.Common_SourceData_ConvertGasElementalToMolecular_Variable: _xlfn.LAMBDA("Cg")
Name Common_SourceData.Common_SourceData_ConvertN2oElementalToMolecularCg_Data: _xlfn.LAMBDA(44 / 28)
Name Common_SourceData.Common_SourceData_ConvertN2oElementalToMolecularCg_Source: _xlfn.LAMBDA("National Inventory Report 2023 Volume 1")
Name Common_SourceData.Common_SourceData_ConvertN2oElementalToMolecularCg_Title: _xlfn.LAMBDA("Factor to convert elemental mass of N2O to molecular mass")
Name Common_SourceData.Common_SourceData_ConvertN2oElementalToMolecularCg_Unit: _xlfn.LAMBDA("factor")
Name Common_SourceData.Common_SourceData_ConvertN2oElementalToMolecularCg_Variable: _xlfn.LAMBDA("CgN2O")
Name Common_SourceData.Common_SourceData_DataScores_Scope3_Source: _xlfn.LAMBDA("VEERG 2026: XXXXXXXX")
Name Common_SourceData.Common_SourceData_DataScores_Scope3_Title: _xlfn.LAMBDA("Australian data scores for scope 3")
Name Common_SourceData.Common_SourceData_DataScores_Scope3_Unit: _xlfn.LAMBDA("")
Name Common_SourceData.Common_SourceData_DataScores_Scope3_Variable: _xlfn.LAMBDA("")
Name Common_SourceData.Common_SourceData_DataScores_Scope3_Variation: _xlfn.LAMBDA("")
Name Common_SourceData.Common_SourceData_DensityOfMethane_Data: _xlfn.LAMBDA(0.6784)
Name Common_SourceData.Common_SourceData_DensityOfMethane_Source: _xlfn.LAMBDA("National Inventory Report 2023 Volume 1: Equations 3.B.1a_2, 3.B.1c_2, 3.B.3_1, 3.B.4g_2")
Name Common_SourceData.Common_SourceData_DensityOfMethane_Title: _xlfn.LAMBDA("p = density of methane")
Name Common_SourceData.Common_SourceData_DensityOfMethane_Unit: _xlfn.LAMBDA("kg/m3")
Name Common_SourceData.Common_SourceData_EFleach_Data: _xlfn.LAMBDA(_xlfn.MAKEARRAY(1, 2, _xlfn.LAMBDA(_xlpm.r,_xlpm.c, INDEX({"EFleach",0.011}, _xlpm.r, _xlpm.c))))
Name Common_SourceData.Common_SourceData_EFleach_NIRReference: _xlfn.LAMBDA("National Inventory Report Volume 1: Equation 3.D.B_10")
Name Common_SourceData.Common_SourceData_EFleach_Source: _xlfn.LAMBDA("VEERG 2026:5.5.2.3 Constant Parameters")
Name Common_SourceData.Common_SourceData_EFleach_Title: _xlfn.LAMBDA("Emission factor for nitrogen leaching and runoff")
Name Common_SourceData.Common_SourceData_EFleach_Unit: _xlfn.LAMBDA("(kg N2O-N / kg N")
Name Common_SourceData.Common_SourceData_EFleach_Variation: _xlfn.LAMBDA((""))
Name Common_SourceData.Common_SourceData_EFN2O_NIRReference: _xlfn.LAMBDA("")
Name Common_SourceData.Common_SourceData_EFN2O_Source: _xlfn.LAMBDA("VEERG 2026: Table A.2.2.1")
Name Common_SourceData.Common_SourceData_EFN2O_Title: _xlfn.LAMBDA("Nitrous oxide emission factors for inorganic fertiliser application")
Name Common_SourceData.Common_SourceData_EFN2O_Unit: _xlfn.LAMBDA("(kg N2O-N / kg N")
Name Common_SourceData.Common_SourceData_EFOrganicFertiliserAndCropResidues_Data: _xlfn.LAMBDA(_xlfn.MAKEARRAY(3, 2, _xlfn.LAMBDA(_xlpm.r,_xlpm.c, INDEX({"Climate zone","EFNi & EFN2O";"Wet climate zone",0.006;"Dry climate zone",0.005}, _xlpm.r, _xlpm.c))))
Name Common_SourceData.Common_SourceData_EFOrganicFertiliserAndCropResidues_NIRReference: _xlfn.LAMBDA("")
Name Common_SourceData.Common_SourceData_EFOrganicFertiliserAndCropResidues_Source: _xlfn.LAMBDA("VEERG 2026: Table A.2.1.4")

Sheet Home
A1: Home

Sheet Overview
A1: #VALUE! | C1: 8: Fuel use: Overview
A3: =HYPERLINK("#'Home'!A1", "Home") -> Home
A4: =HYPERLINK("#'Overview'!A1", "Overview") -> Overview
A5: =HYPERLINK("#'Results'!A1", "Results") -> Results | D5: 💡 Below is a diagram that maps the equations used to calculate emissions, and how they interact with each other.
D6: Click on a box to go to the corresponding calculation.
A7: INPUTS
A8: =HYPERLINK("#'Input - Fuel'!A1", "Fuel") -> Fuel
A10: CALCULATIONS
A11: =HYPERLINK("#'8.1.1.1-2 Transport fuel'!A1", "8.1.1.1-2 Transport fuel") -> 8.1.1.1-2 Transport fuel
A12: =HYPERLINK("#'8.2.1.1-2 Stationary fuel'!A1", "8.2.1.1-2 Stationary fuel") -> 8.2.1.1-2 Stationary fuel
A13: =HYPERLINK("#'8.X.1.1-2 General use fuel'!A1", "8.X.1.1-2 General use fuel") -> 8.X.1.1-2 General use fuel
A15: APPENDICES
A16: =HYPERLINK("#'Constants - Fuel'!A1", "Constants - Fuel") -> Constants - Fuel
A17: =HYPERLINK("#'Constants - Common'!A1", "Constants - Common") -> Constants - Common
L37: `

Sheet Results
A1: #VALUE! | C1: 8: Fuel use: Results
A3: =HYPERLINK("#'Home'!A1", "Home") -> Home
A4: =HYPERLINK("#'Overview'!A1", "Overview") -> Overview | D4: Emissions breakdown
A5: =HYPERLINK("#'Results'!A1", "Results") -> Results
D6: 💡 NOTE: When there is no Method 2, the Method 2 result are the same as Method 1
A7: INPUTS
A8: =HYPERLINK("#'Input - Fuel'!A1", "Fuel") -> Fuel | D8: Scope 1 source | E8: GHG emissions method 1 | F8: GHG emissions method 2 | G8: GHG Unit
D9: 8.1.1.1-2 Transport fuel: CO2 | E9: ='8.1.1.1-2 Transport fuel'!E67 -> 83182 | F9: =E9 -> 83182 | G9: t CO2e
A10: CALCULATIONS | D10: 8.1.1.1-2 Transport fuel: CH4 | E10: ='8.1.1.1-2 Transport fuel'!E68 -> 199.06 | F10: =E10 -> 199.06 | G10: t CO2e
A11: =HYPERLINK("#'8.1.1.1-2 Transport fuel'!A1", "8.1.1.1-2 Transport fuel") -> 8.1.1.1-2 Transport fuel | D11: 8.1.1.1-2 Transport fuel: N2O | E11: ='8.1.1.1-2 Transport fuel'!E69 -> 584.5 | F11: =E11 -> 584.5 | G11: t CO2e
A12: =HYPERLINK("#'8.2.1.1-2 Stationary fuel'!A1", "8.2.1.1-2 Stationary fuel") -> 8.2.1.1-2 Stationary fuel | D12: 8.2.1.1-2 Stationary fuel: CO2 | E12: ='8.2.1.1-2 Stationary fuel'!E55 -> 23056.82 | F12: =E12 -> 23056.82 | G12: t CO2e
A13: =HYPERLINK("#'8.X.1.1-2 General use fuel'!A1", "8.X.1.1-2 General use fuel") -> 8.X.1.1-2 General use fuel | D13: 8.2.1.1-2 Stationary fuel: CH4 | E13: ='8.2.1.1-2 Stationary fuel'!E56 -> 68.404 | F13: =E13 -> 68.404 | G13: t CO2e
D14: 8.2.1.1-2 Stationary fuel: N2O | E14: ='8.2.1.1-2 Stationary fuel'!E57 -> 68.403 | F14: =E14 -> 68.403 | G14: t CO2e
A15: APPENDICES | D15: Total | E15: =SUM(E9:E14) -> 107159.19 | F15: =SUM(F9:F14) -> 107159.19 | G15: t CO2e
A16: =HYPERLINK("#'Constants - Fuel'!A1", "Constants - Fuel") -> Constants - Fuel
A17: =HYPERLINK("#'Constants - Common'!A1", "Constants - Common") -> Constants - Common

Sheet Input - Site
A1: #VALUE! | C1: Input - Site
A3: =HYPERLINK("#'Home'!A1", "Home") -> Home
A4: =HYPERLINK("#'Overview'!A1", "Overview") -> Overview
A5: =HYPERLINK("#'Results'!A1", "Results") -> Results | D5: Your business
A7: INPUTS | D7: Farm name | E7: My test farm
A8: =HYPERLINK("#'Input - Electricity'!A1", "Electricity") -> Electricity | D8: Reporting entity name | E8: My test Farms Pty Ltd
A10: CALCULATIONS | D10: 💡An 'Emissions accounting period' is a 12 month period where the business can report on the emissions, and is typically the same as the business' financial accounting period.
A11: =HYPERLINK("#'14.1.1-2 Purchased electricity'!A1", "14.1.1-2 Purchased electricity") -> 14.1.1-2 Purchased electricity
D12: Emissions calculation period start date | E12: 45292 | F12: ← DD/MM/YYYY or DD Month YYYY
A13: APPENDICES | D13: Emissions calculation period end date | E13: =DATE(YEAR(E12)+1,MONTH(E12),DAY(E12))-1 -> 45657 | F13: ← Automatically calculated, 12 months after start date
A14: =HYPERLINK("#'Constants - Electricity'!A1", "Constants - Electricity") -> Constants - Electricity
A15: =HYPERLINK("#'Constants - Common'!A1", "Constants - Common") -> Constants - Common
D16: Location and climate
D18: Location information is used to reference some region and climate-specific emission factors
D19: Tip: Use the web-based GAF Location Helper tool to easily get region and climate information. You will need an internet connection to use the GAF Location Helper.
D21: State | E21: Western Australia | F21: ← Please select
D22: Region (ABS Statistical area level 4) if state is WA | E22: Western Australia - Outback (South) | F22: ← Please select

Sheet Input - Fuel
A1: #VALUE! | C1: Input - Fuel
A3: =HYPERLINK("#'Home'!A1", "Home") -> Home
A4: =HYPERLINK("#'Overview'!A1", "Overview") -> Overview
A5: =HYPERLINK("#'Results'!A1", "Results") -> Results | D5: Fuel purchases and consumption
A7: INPUTS | D7: A 'Metropolitan' location is:
A8: =HYPERLINK("#'Input - Fuel'!A1", "Fuel") -> Fuel | D8: ● On or east of the dividing range in NSW (including Canberra and Queanbeyan)
D9: ● In Melbourne, Brisbane, Adelaide or Perth
A10: CALCULATIONS
A11: =HYPERLINK("#'8.1.1.1-2 Transport fuel'!A1", "8.1.1.1-2 Transport fuel") -> 8.1.1.1-2 Transport fuel | D11: Is the property in a Metropolitan location? | E11: Metro | F11: ← Please select
A12: =HYPERLINK("#'8.2.1.1-2 Stationary fuel'!A1", "8.2.1.1-2 Stationary fuel") -> 8.2.1.1-2 Stationary fuel
A13: =HYPERLINK("#'8.X.1.1-2 General use fuel'!A1", "8.X.1.1-2 General use fuel") -> 8.X.1.1-2 General use fuel | D13: 💡 You can add more rows to the table by right-clicking on the table and selecting "Insert > Table rows above/below"
D14: 💡 'Percent consumed" is 100% by default. If you purchased more fuel than was consumed you can edit this field.
A15: APPENDICES
A16: =HYPERLINK("#'Constants - Fuel'!A1", "Constants - Fuel") -> Constants - Fuel | D16: Fuel use (select) | E16: Fuel type (select) | F16: Amount purchased | G16: Amount unit | H16: Percent consumed | I16: Amount consumed | J16: Amount consumed unit
A17: =HYPERLINK("#'Constants - Common'!A1", "Constants - Common") -> Constants - Common | D17: Power standalone machinery or heating | E17: Town gas in GJ | F17: 100 | G17: 1 | H17: =1 -> 1 | I17: =Table_Input_Fuel[[#This Row],[Amount purchased]]*Table_Input_Fuel[[#This Row],[Percent consumed]]*IF(Table_Input_Fuel[[#This Row],[Amount unit]]="L", 10^-3, 1) -> 100 | J17: {=Common_InputFunctions.Utility_LookupValueInTable(Table_Input_Fuel[[#This Row],[Fuel type (select)]],Table_FuelTypes_Units[Fuel type], Table_FuelTypes_Units[Unit])} -> GJ
D18: Power standalone machinery or heating | E18: Petrol | F18: 10000 | G18: 1 | H18: =1 -> 1 | I18: =Table_Input_Fuel[[#This Row],[Amount purchased]]*Table_Input_Fuel[[#This Row],[Percent consumed]]*IF(Table_Input_Fuel[[#This Row],[Amount unit]]="L", 10^-3, 1) -> 10000 | J18: {=Common_InputFunctions.Utility_LookupValueInTable(Table_Input_Fuel[[#This Row],[Fuel type (select)]],Table_FuelTypes_Units[Fuel type], Table_FuelTypes_Units[Unit])} -> kL
D19: Cars and light commercial vehicles | E19: Diesel | F19: 10000 | G19: 1 | H19: =1 -> 1 | I19: =Table_Input_Fuel[[#This Row],[Amount purchased]]*Table_Input_Fuel[[#This Row],[Percent consumed]]*IF(Table_Input_Fuel[[#This Row],[Amount unit]]="L", 10^-3, 1) -> 10000 | J19: {=Common_InputFunctions.Utility_LookupValueInTable(Table_Input_Fuel[[#This Row],[Fuel type (select)]],Table_FuelTypes_Units[Fuel type], Table_FuelTypes_Units[Unit])} -> kL
D20: Off-road Agriculture and forestry equipment | E20: Diesel | F20: 10000 | G20: 1 | H20: =1 -> 1 | I20: =Table_Input_Fuel[[#This Row],[Amount purchased]]*Table_Input_Fuel[[#This Row],[Percent consumed]]*IF(Table_Input_Fuel[[#This Row],[Amount unit]]="L", 10^-3, 1) -> 10000 | J20: {=Common_InputFunctions.Utility_LookupValueInTable(Table_Input_Fuel[[#This Row],[Fuel type (select)]],Table_FuelTypes_Units[Fuel type], Table_FuelTypes_Units[Unit])} -> kL
D21: Vessels | E21: Fuel oil | F21: 10000 | G21: 1 | H21: =1 -> 1 | I21: =Table_Input_Fuel[[#This Row],[Amount purchased]]*Table_Input_Fuel[[#This Row],[Percent consumed]]*IF(Table_Input_Fuel[[#This Row],[Amount unit]]="L", 10^-3, 1) -> 10000 | J21: {=Common_InputFunctions.Utility_LookupValueInTable(Table_Input_Fuel[[#This Row],[Fuel type (select)]],Table_FuelTypes_Units[Fuel type], Table_FuelTypes_Units[Unit])} -> kL

Sheet 8.1.1.1-2 Transport fuel
A1: #VALUE! | C1: 8.1.1.1-2 Transport fuel combustion
A3: =HYPERLINK("#'Home'!A1", "Home") -> Home | D3: Method 1
A4: =HYPERLINK("#'Overview'!A1", "Overview") -> Overview
A5: =HYPERLINK("#'Results'!A1", "Results") -> Results | D5: {=Fuel_Equations.VEERG_8_1_1_1__1_FuelCombustionTransport_Title()} -> Emissions for each GHG from the combustion of fuels for transport energy purposes | K5: {=Scope3_Equations.VEERG_15_11_1_1__2_UpstreamTransportFuelEmissions_Title()} -> Upstream emissions from scope 1 fuel use for transport purposes
D6: {=Fuel_Equations.VEERG_8_1_1_1__1_FuelCombustionTransport_Source()} -> VEERG 2026: 8.1.1.1, Equation (1) | K6: {=Scope3_Equations.VEERG_15_11_1_1__2_UpstreamTransportFuelEmissions_Source()} -> VEERG 2026: 15.11.1.1, Equation (2)
A7: INPUTS | D7: Function name | E7: {=Common_InputFunctions.Utility_DisplayFunctionName(N25)} -> =Fuel_Equations.VEERG_8_1_1_1__1_FuelCombustionTransport | K7: Function name | L7: {=Common_InputFunctions.Utility_DisplayFunctionName(Q25)} -> =Scope3_Equations.VEERG_15_11_1_1__2_UpstreamTransportFuelEmissions
A8: =HYPERLINK("#'Input - Fuel'!A1", "Fuel") -> Fuel
A10: CALCULATIONS
A11: =HYPERLINK("#'8.1.1.1-2 Transport fuel'!A1", "8.1.1.1-2 Transport fuel") -> 8.1.1.1-2 Transport fuel | D11: Variable | E11: {=Fuel_Equations.VEERG_8_1_1_1__1_FuelCombustionTransport_Variable()} -> E_g | K11: Variable | L11: {=Scope3_Equations.VEERG_15_11_1_1__2_UpstreamTransportFuelEmissions_Variable()} -> E_WTTtransq
A12: =HYPERLINK("#'8.2.1.1-2 Stationary fuel'!A1", "8.2.1.1-2 Stationary fuel") -> 8.2.1.1-2 Stationary fuel | D12: Unit | E12: {=Fuel_Equations.VEERG_8_1_1_1__1_FuelCombustionTransport_Unit()} -> t CO2-e | K12: Unit | L12: {=Scope3_Equations.VEERG_15_11_1_1__2_UpstreamTransportFuelEmissions_Unit()} -> t CO2e
A13: =HYPERLINK("#'8.X.1.1-2 General use fuel'!A1", "8.X.1.1-2 General use fuel") -> 8.X.1.1-2 General use fuel
D14: {=_xlfn.CHOOSECOLS(Fuel_Equations.VEERG_8_1_1_1__1_FuelCombustionTransport_Arguments(), 1,2)} -> Q_Transtq | E14: Amount of fuel type q combusted for transport energy purposes | G14: {=_xlfn.CHOOSECOLS(Fuel_Equations.VEERG_8_1_1_1__1_FuelCombustionTransport_Arguments(), 3,4)} -> Varies based on fuel type: kL, m3, GJ | H14: Input | I14: {=HYPERLINK(Common_InputFunctions.Utility_SourceHyperlink($D$22), $D$22)} -> Table_E_g | K14: {=_xlfn.CHOOSECOLS(Scope3_Equations.VEERG_15_11_1_1__2_UpstreamTransportFuelEmissions_Arguments(),1,2)} -> Q_Transq | L14: amount of fuel q combusted for transport energy purposes | N14: {=_xlfn.CHOOSECOLS(Scope3_Equations.VEERG_15_11_1_1__2_UpstreamTransportFuelEmissions_Arguments(),3,4)} -> kL | O14: Input | P14: {=HYPERLINK(Common_InputFunctions.Utility_SourceHyperlink($D$22), $D$22)} -> Table_E_g
A15: APPENDICES | D15: EC_Transq | E15: Energy content factor for transport energy purposes | G15: GJ / unit of fuel | H15: Constant | I15: {=HYPERLINK(Common_InputFunctions.Utility_SourceHyperlink($D$22), $D$22)} -> Table_E_g | K15: EC_Transq | L15: energy content factor for transport energy purposes | N15: GJ/kL or GJ/m3 | O15: Constant | P15: {=HYPERLINK(Common_InputFunctions.Utility_SourceHyperlink($D$22), $D$22)} -> Table_E_g
A16: =HYPERLINK("#'Constants - Fuel'!A1", "Constants - Fuel") -> Constants - Fuel | D16: EF_Trans1tqg | E16: Scope 1 emission factor for transport energy purposes for each greenhouse gas | G16: kg CO2e / GJ | H16: Constant | I16: {=HYPERLINK(Common_InputFunctions.Utility_SourceHyperlink($D$22), $D$22)} -> Table_E_g | K16: EF_Trans3q | L16: scope 3 emission factor for transport energy purposes | N16: kg CO2e/GJ | O16: Constant | P16: {=HYPERLINK(Common_InputFunctions.Utility_SourceHyperlink($D$22), $D$22)} -> Table_E_g
A17: =HYPERLINK("#'Constants - Common'!A1", "Constants - Common") -> Constants - Common | D17: q | E17: Fuel type | H17: Constant
D18: Trans | E18: Transport combustion | H18: Constant
D19: g | E19: Greenhouse gas | H19: Constant
D20: 1 | E20: Scope 1 | H20: Constant
D22: Table_E_g
D23: Emissions for transport fuel combustion
D24: Fuel use | E24: Fuel type (NGAF terminology) | F24: Fuel type (q) | G24: ECTrans,q | H24: EFTrans,1,q,g=CO2 | I24: EFTrans,1,q,g=CH4 | J24: EFTrans,1,q,g=N20 | K24: EFTrans,3,q | L24: QTrans,q | M24: Q unit | N24: Eg=CO2 | O24: Eg=CH4 | P24: Eg=N20 | Q24: E3WTT,trans,q
D25: =Table_FuelTypesPerUse[[#Headers],[Cars and light commercial vehicles]] -> Cars and light commercial vehicles | E25: ='Constants - Fuel'!$E$10 -> Gasoline | F25: ='Constants - Fuel'!G131 -> Petrol | G25: {=IFERROR(_xlfn.XLOOKUP(1, (Table_Fuel_EFs_Transport[Fuel combusted]=$E25)*(Table_Fuel_EFs_Transport[Transport type]=$D$25), Table_Fuel_EFs_Transport[Energy Content Factor (GJ per unit of fuel)]), 0)} -> 34.2 | H25: {=IFERROR(_xlfn.XLOOKUP(1, (Table_Fuel_EFs_Transport[Fuel combusted]=$E25)*(Table_Fuel_EFs_Transport[Transport type]=$D$25), Table_Fuel_EFs_Transport[Scope 1 Emission Factor (kg CO2 - e / GJ) CO2]), 0)} -> 67.4 | I25: {=IFERROR(_xlfn.XLOOKUP(1, (Table_Fuel_EFs_Transport[Fuel combusted]=$E25)*(Table_Fuel_EFs_Transport[Transport type]=$D$25), Table_Fuel_EFs_Transport[Scope 1 Emission Factor (kg CO2 - e / GJ) CH4]), 0)} -> 0.02 | J25: {=IFERROR(_xlfn.XLOOKUP(1, (Table_Fuel_EFs_Transport[Fuel combusted]=$E25)*(Table_Fuel_EFs_Transport[Transport type]=$D$25), Table_Fuel_EFs_Transport[Scope 1 Emission Factor (kg CO2 - e / GJ) N2O]), 0)} -> 0.2 | K25: {=IFERROR(_xlfn.XLOOKUP(1, (Table_Fuel_EFs_Transport[Fuel combusted]=$E25)*(Table_Fuel_EFs_Transport[Transport type]=$D$25), Table_Fuel_EFs_Transport[Scope 3 Emission Factor (kg CO2 - e / GJ)]), 0)} -> 17.2 | L25: {=Fuel_InputFunctions.Fuel_TotalConsumption(Table_Input_Fuel[Amount consumed], Table_Input_Fuel[Fuel use (select)], D25, Table_Input_Fuel[Fuel type (select)],F25)} -> 0 | M25: {=Common_InputFunctions.Utility_LookupValueInTable(F25,Table_FuelTypes_Units[Fuel type],Table_FuelTypes_Units[Unit])} -> kL | N25: {=Fuel_Equations.VEERG_8_1_1_1__1_FuelCombustionTransport($L25,$G25,$H25)} -> 0 | O25: {=Fuel_Equations.VEERG_8_1_1_1__1_FuelCombustionTransport($L25,$G25,$I25)} -> 0 | P25: {=Fuel_Equations.VEERG_8_1_1_1__1_FuelCombustionTransport($L25,$G25,$J25)} -> 0 | Q25: {=Scope3_Equations.VEERG_15_11_1_1__2_UpstreamTransportFuelEmissions(L25,G25,K25)} -> 0
D26: =$D$25 -> Cars and light commercial vehicles | E26: ='Constants - Fuel'!$E$11 -> Diesel oil | F26: ='Constants - Fuel'!G132 -> Diesel | G26: {=IFERROR(_xlfn.XLOOKUP(1, (Table_Fuel_EFs_Transport[Fuel combusted]=$E26)*(Table_Fuel_EFs_Transport[Transport type]=$D$25), Table_Fuel_EFs_Transport[Energy Content Factor (GJ per unit of fuel)]), 0)} -> 38.6 | H26: {=IFERROR(_xlfn.XLOOKUP(1, (Table_Fuel_EFs_Transport[Fuel combusted]=$E26)*(Table_Fuel_EFs_Transport[Transport type]=$D$25), Table_Fuel_EFs_Transport[Scope 1 Emission Factor (kg CO2 - e / GJ) CO2]), 0)} -> 69.9 | I26: {=IFERROR(_xlfn.XLOOKUP(1, (Table_Fuel_EFs_Transport[Fuel combusted]=$E26)*(Table_Fuel_EFs_Transport[Transport type]=$D$25), Table_Fuel_EFs_Transport[Scope 1 Emission Factor (kg CO2 - e / GJ) CH4]), 0)} -> 0.01 | J26: {=IFERROR(_xlfn.XLOOKUP(1, (Table_Fuel_EFs_Transport[Fuel combusted]=$E26)*(Table_Fuel_EFs_Transport[Transport type]=$D$25), Table_Fuel_EFs_Transport[Scope 1 Emission Factor (kg CO2 - e / GJ) N2O]), 0)} -> 0.5 | K26: {=IFERROR(_xlfn.XLOOKUP(1, (Table_Fuel_EFs_Transport[Fuel combusted]=$E26)*(Table_Fuel_EFs_Transport[Transport type]=$D$25), Table_Fuel_EFs_Transport[Scope 3 Emission Factor (kg CO2 - e / GJ)]), 0)} -> 17.3 | L26: {=Fuel_InputFunctions.Fuel_TotalConsumption(Table_Input_Fuel[Amount consumed], Table_Input_Fuel[Fuel use (select)], D26, Table_Input_Fuel[Fuel type (select)],F26)} -> 10000 | M26: {=Common_InputFunctions.Utility_LookupValueInTable(F26,Table_FuelTypes_Units[Fuel type],Table_FuelTypes_Units[Unit])} -> kL | N26: {=Fuel_Equations.VEERG_8_1_1_1__1_FuelCombustionTransport($L26,$G26,$H26)} -> 26981.4 | O26: {=Fuel_Equations.VEERG_8_1_1_1__1_FuelCombustionTransport($L26,$G26,$I26)} -> 3.86 | P26: {=Fuel_Equations.VEERG_8_1_1_1__1_FuelCombustionTransport($L26,$G26,$J26)} -> 193 | Q26: {=Scope3_Equations.VEERG_15_11_1_1__2_UpstreamTransportFuelEmissions(L26,G26,K26)} -> 6677.8
D27: =$D$25 -> Cars and light commercial vehicles | E27: ='Constants - Fuel'!$E$12 -> Liquefied petroleum gas (LPG) | F27: ='Constants - Fuel'!G133 -> Liquefied petroleum gas (LPG) | G27: {=IFERROR(_xlfn.XLOOKUP(1, (Table_Fuel_EFs_Transport[Fuel combusted]=$E27)*(Table_Fuel_EFs_Transport[Transport type]=$D$25), Table_Fuel_EFs_Transport[Energy Content Factor (GJ per unit of fuel)]), 0)} -> 26.2 | H27: {=IFERROR(_xlfn.XLOOKUP(1, (Table_Fuel_EFs_Transport[Fuel combusted]=$E27)*(Table_Fuel_EFs_Transport[Transport type]=$D$25), Table_Fuel_EFs_Transport[Scope 1 Emission Factor (kg CO2 - e / GJ) CO2]), 0)} -> 60.2 | I27: {=IFERROR(_xlfn.XLOOKUP(1, (Table_Fuel_EFs_Transport[Fuel combusted]=$E27)*(Table_Fuel_EFs_Transport[Transport type]=$D$25), Table_Fuel_EFs_Transport[Scope 1 Emission Factor (kg CO2 - e / GJ) CH4]), 0)} -> 0.5 | J27: {=IFERROR(_xlfn.XLOOKUP(1, (Table_Fuel_EFs_Transport[Fuel combusted]=$E27)*(Table_Fuel_EFs_Transport[Transport type]=$D$25), Table_Fuel_EFs_Transport[Scope 1 Emission Factor (kg CO2 - e / GJ) N2O]), 0)} -> 0.3 | K27: {=IFERROR(_xlfn.XLOOKUP(1, (Table_Fuel_EFs_Transport[Fuel combusted]=$E27)*(Table_Fuel_EFs_Transport[Transport type]=$D$25), Table_Fuel_EFs_Transport[Scope 3 Emission Factor (kg CO2 - e / GJ)]), 0)} -> 20.2 | L27: {=Fuel_InputFunctions.Fuel_TotalConsumption(Table_Input_Fuel[Amount consumed], Table_Input_Fuel[Fuel use (select)], D27, Table_Input_Fuel[Fuel type (select)],F27)} -> 0 | M27: {=Common_InputFunctions.Utility_LookupValueInTable(F27,Table_FuelTypes_Units[Fuel type],Table_FuelTypes_Units[Unit])} -> kL | N27: {=Fuel_Equations.VEERG_8_1_1_1__1_FuelCombustionTransport($L27,$G27,$H27)} -> 0 | O27: {=Fuel_Equations.VEERG_8_1_1_1__1_FuelCombustionTransport($L27,$G27,$I27)} -> 0 | P27: {=Fuel_Equations.VEERG_8_1_1_1__1_FuelCombustionTransport($L27,$G27,$J27)} -> 0 | Q27: {=Scope3_Equations.VEERG_15_11_1_1__2_UpstreamTransportFuelEmissions(L27,G27,K27)} -> 0
D28: =$D$25 -> Cars and light commercial vehicles | E28: ='Constants - Fuel'!$E$13 -> Fuel oil | F28: ='Constants - Fuel'!G134 -> Fuel oil | G28: {=IFERROR(_xlfn.XLOOKUP(1, (Table_Fuel_EFs_Transport[Fuel combusted]=$E28)*(Table_Fuel_EFs_Transport[Transport type]=$D$25), Table_Fuel_EFs_Transport[Energy Content Factor (GJ per unit of fuel)]), 0)} -> 39.7 | H28: {=IFERROR(_xlfn.XLOOKUP(1, (Table_Fuel_EFs_Transport[Fuel combusted]=$E28)*(Table_Fuel_EFs_Transport[Transport type]=$D$25), Table_Fuel_EFs_Transport[Scope 1 Emission Factor (kg CO2 - e / GJ) CO2]), 0)} -> 73.6 | I28: {=IFERROR(_xlfn.XLOOKUP(1, (Table_Fuel_EFs_Transport[Fuel combusted]=$E28)*(Table_Fuel_EFs_Transport[Transport type]=$D$25), Table_Fuel_EFs_Transport[Scope 1 Emission Factor (kg CO2 - e / GJ) CH4]), 0)} -> 0.08 | J28: {=IFERROR(_xlfn.XLOOKUP(1, (Table_Fuel_EFs_Transport[Fuel combusted]=$E28)*(Table_Fuel_EFs_Transport[Transport type]=$D$25), Table_Fuel_EFs_Transport[Scope 1 Emission Factor (kg CO2 - e / GJ) N2O]), 0)} -> 0.5 | K28: {=IFERROR(_xlfn.XLOOKUP(1, (Table_Fuel_EFs_Transport[Fuel combusted]=$E28)*(Table_Fuel_EFs_Transport[Transport type]=$D$25), Table_Fuel_EFs_Transport[Scope 3 Emission Factor (kg CO2 - e / GJ)]), 0)} -> 18 | L28: {=Fuel_InputFunctions.Fuel_TotalConsumption(Table_Input_Fuel[Amount consumed], Table_Input_Fuel[Fuel use (select)], D28, Table_Input_Fuel[Fuel type (select)],F28)} -> 0 | M28: {=Common_InputFunctions.Utility_LookupValueInTable(F28,Table_FuelTypes_Units[Fuel type],Table_FuelTypes_Units[Unit])} -> kL | N28: {=Fuel_Equations.VEERG_8_1_1_1__1_FuelCombustionTransport($L28,$G28,$H28)} -> 0 | O28: {=Fuel_Equations.VEERG_8_1_1_1__1_FuelCombustionTransport($L28,$G28,$I28)} -> 0 | P28: {=Fuel_Equations.VEERG_8_1_1_1__1_FuelCombustionTransport($L28,$G28,$J28)} -> 0 | Q28: {=Scope3_Equations.VEERG_15_11_1_1__2_UpstreamTransportFuelEmissions(L28,G28,K28)} -> 0
D29: =$D$25 -> Cars and light commercial vehicles | E29: ='Constants - Fuel'!$E$14 -> Ethanol | F29: ='Constants - Fuel'!G135 -> Ethanol | G29: {=IFERROR(_xlfn.XLOOKUP(1, (Table_Fuel_EFs_Transport[Fuel combusted]=$E29)*(Table_Fuel_EFs_Transport[Transport type]=$D$25), Table_Fuel_EFs_Transport[Energy Content Factor (GJ per unit of fuel)]), 0)} -> 23.4 | H29: {=IFERROR(_xlfn.XLOOKUP(1, (Table_Fuel_EFs_Transport[Fuel combusted]=$E29)*(Table_Fuel_EFs_Transport[Transport type]=$D$25), Table_Fuel_EFs_Transport[Scope 1 Emission Factor (kg CO2 - e / GJ) CO2]), 0)} -> 0 | I29: {=IFERROR(_xlfn.XLOOKUP(1, (Table_Fuel_EFs_Transport[Fuel combusted]=$E29)*(Table_Fuel_EFs_Transport[Transport type]=$D$25), Table_Fuel_EFs_Transport[Scope 1 Emission Factor (kg CO2 - e / GJ) CH4]), 0)} -> 0.2 | J29: {=IFERROR(_xlfn.XLOOKUP(1, (Table_Fuel_EFs_Transport[Fuel combusted]=$E29)*(Table_Fuel_EFs_Transport[Transport type]=$D$25), Table_Fuel_EFs_Transport[Scope 1 Emission Factor (kg CO2 - e / GJ) N2O]), 0)} -> 0.2 | K29: {=IFERROR(_xlfn.XLOOKUP(1, (Table_Fuel_EFs_Transport[Fuel combusted]=$E29)*(Table_Fuel_EFs_Transport[Transport type]=$D$25), Table_Fuel_EFs_Transport[Scope 3 Emission Factor (kg CO2 - e / GJ)]), 0)} -> NE | L29: {=Fuel_InputFunctions.Fuel_TotalConsumption(Table_Input_Fuel[Amount consumed], Table_Input_Fuel[Fuel use (select)], D29, Table_Input_Fuel[Fuel type (select)],F29)} -> 0 | M29: {=Common_InputFunctions.Utility_LookupValueInTable(F29,Table_FuelTypes_Units[Fuel type],Table_FuelTypes_Units[Unit])} -> kL | N29: {=Fuel_Equations.VEERG_8_1_1_1__1_FuelCombustionTransport($L29,$G29,$H29)} -> 0 | O29: {=Fuel_Equations.VEERG_8_1_1_1__1_FuelCombustionTransport($L29,$G29,$I29)} -> 0 | P29: {=Fuel_Equations.VEERG_8_1_1_1__1_FuelCombustionTransport($L29,$G29,$J29)} -> 0 | Q29: {=Scope3_Equations.VEERG_15_11_1_1__2_UpstreamTransportFuelEmissions(L29,G29,IF(ISNUMBER(K29),K29,0))} -> 0
D30: =$D$25 -> Cars and light commercial vehicles | E30: ='Constants - Fuel'!$E$15 -> Biodiesel | F30: ='Constants - Fuel'!G136 -> Biodiesel | G30: {=IFERROR(_xlfn.XLOOKUP(1, (Table_Fuel_EFs_Transport[Fuel combusted]=$E30)*(Table_Fuel_EFs_Transport[Transport type]=$D$25), Table_Fuel_EFs_Transport[Energy Content Factor (GJ per unit of fuel)]), 0)} -> 34.6 | H30: {=IFERROR(_xlfn.XLOOKUP(1, (Table_Fuel_EFs_Transport[Fuel combusted]=$E30)*(Table_Fuel_EFs_Transport[Transport type]=$D$25), Table_Fuel_EFs_Transport[Scope 1 Emission Factor (kg CO2 - e / GJ) CO2]), 0)} -> 0 | I30: {=IFERROR(_xlfn.XLOOKUP(1, (Table_Fuel_EFs_Transport[Fuel combusted]=$E30)*(Table_Fuel_EFs_Transport[Transport type]=$D$25), Table_Fuel_EFs_Transport[Scope 1 Emission Factor (kg CO2 - e / GJ) CH4]), 0)} -> 0.8 | J30: {=IFERROR(_xlfn.XLOOKUP(1, (Table_Fuel_EFs_Transport[Fuel combusted]=$E30)*(Table_Fuel_EFs_Transport[Transport type]=$D$25), Table_Fuel_EFs_Transport[Scope 1 Emission Factor (kg CO2 - e / GJ) N2O]), 0)} -> 1.7 | K30: {=IFERROR(_xlfn.XLOOKUP(1, (Table_Fuel_EFs_Transport[Fuel combusted]=$E30)*(Table_Fuel_EFs_Transport[Transport type]=$D$25), Table_Fuel_EFs_Transport[Scope 3 Emission Factor (kg CO2 - e / GJ)]), 0)} -> NE | L30: {=Fuel_InputFunctions.Fuel_TotalConsumption(Table_Input_Fuel[Amount consumed], Table_Input_Fuel[Fuel use (select)], D30, Table_Input_Fuel[Fuel type (select)],F30)} -> 0 | M30: {=Common_InputFunctions.Utility_LookupValueInTable(F30,Table_FuelTypes_Units[Fuel type],Table_FuelTypes_Units[Unit])} -> kL | N30: {=Fuel_Equations.VEERG_8_1_1_1__1_FuelCombustionTransport($L30,$G30,$H30)} -> 0 | O30: {=Fuel_Equations.VEERG_8_1_1_1__1_FuelCombustionTransport($L30,$G30,$I30)} -> 0 | P30: {=Fuel_Equations.VEERG_8_1_1_1__1_FuelCombustionTransport($L30,$G30,$J30)} -> 0 | Q30: {=Scope3_Equations.VEERG_15_11_1_1__2_UpstreamTransportFuelEmissions(L30,G30,IF(ISNUMBER(K30),K30,0))} -> 0
D31: =$D$25 -> Cars and light commercial vehicles | E31: ='Constants - Fuel'!$E$16 -> Renewable diesel | F31: ='Constants - Fuel'!G137 -> Renewable diesel | G31: {=IFERROR(_xlfn.XLOOKUP(1, (Table_Fuel_EFs_Transport[Fuel combusted]=$E31)*(Table_Fuel_EFs_Transport[Transport type]=$D$25), Table_Fuel_EFs_Transport[Energy Content Factor (GJ per unit of fuel)]), 0)} -> 38.6 | H31: {=IFERROR(_xlfn.XLOOKUP(1, (Table_Fuel_EFs_Transport[Fuel combusted]=$E31)*(Table_Fuel_EFs_Transport[Transport type]=$D$25), Table_Fuel_EFs_Transport[Scope 1 Emission Factor (kg CO2 - e / GJ) CO2]), 0)} -> 0 | I31: {=IFERROR(_xlfn.XLOOKUP(1, (Table_Fuel_EFs_Transport[Fuel combusted]=$E31)*(Table_Fuel_EFs_Transport[Transport type]=$D$25), Table_Fuel_EFs_Transport[Scope 1 Emission Factor (kg CO2 - e / GJ) CH4]), 0)} -> 0.01 | J31: {=IFERROR(_xlfn.XLOOKUP(1, (Table_Fuel_EFs_Transport[Fuel combusted]=$E31)*(Table_Fuel_EFs_Transport[Transport type]=$D$25), Table_Fuel_EFs_Transport[Scope 1 Emission Factor (kg CO2 - e / GJ) N2O]), 0)} -> 0.5 | K31: {=IFERROR(_xlfn.XLOOKUP(1, (Table_Fuel_EFs_Transport[Fuel combusted]=$E31)*(Table_Fuel_EFs_Transport[Transport type]=$D$25), Table_Fuel_EFs_Transport[Scope 3 Emission Factor (kg CO2 - e / GJ)]), 0)} -> NE | L31: {=Fuel_InputFunctions.Fuel_TotalConsumption(Table_Input_Fuel[Amount consumed], Table_Input_Fuel[Fuel use (select)], D31, Table_Input_Fuel[Fuel type (select)],F31)} -> 0 | M31: {=Common_InputFunctions.Utility_LookupValueInTable(F31,Table_FuelTypes_Units[Fuel type],Table_FuelTypes_Units[Unit])} -> kL | N31: {=Fuel_Equations.VEERG_8_1_1_1__1_FuelCombustionTransport($L31,$G31,$H31)} -> 0 | O31: {=Fuel_Equations.VEERG_8_1_1_1__1_FuelCombustionTransport($L31,$G31,$I31)} -> 0 | P31: {=Fuel_Equations.VEERG_8_1_1_1__1_FuelCombustionTransport($L31,$G31,$J31)} -> 0 | Q31: {=Scope3_Equations.VEERG_15_11_1_1__2_UpstreamTransportFuelEmissions(L31,G31,IF(ISNUMBER(K31),K31,0))} -> 0
D32: =$D$25 -> Cars and light commercial vehicles | E32: ='Constants - Fuel'!$E$17 -> Other biofuels | F32: ='Constants - Fuel'!G138 -> Other biofuels | G32: {=IFERROR(_xlfn.XLOOKUP(1, (Table_Fuel_EFs_Transport[Fuel combusted]=$E32)*(Table_Fuel_EFs_Transport[Transport type]=$D$25), Table_Fuel_EFs_Transport[Energy Content Factor (GJ per unit of fuel)]), 0)} -> 23.4 | H32: {=IFERROR(_xlfn.XLOOKUP(1, (Table_Fuel_EFs_Transport[Fuel combusted]=$E32)*(Table_Fuel_EFs_Transport[Transport type]=$D$25), Table_Fuel_EFs_Transport[Scope 1 Emission Factor (kg CO2 - e / GJ) CO2]), 0)} -> 0 | I32: {=IFERROR(_xlfn.XLOOKUP(1, (Table_Fuel_EFs_Transport[Fuel combusted]=$E32)*(Table_Fuel_EFs_Transport[Transport type]=$D$25), Table_Fuel_EFs_Transport[Scope 1 Emission Factor (kg CO2 - e / GJ) CH4]), 0)} -> 0.8 | J32: {=IFERROR(_xlfn.XLOOKUP(1, (Table_Fuel_EFs_Transport[Fuel combusted]=$E32)*(Table_Fuel_EFs_Transport[Transport type]=$D$25), Table_Fuel_EFs_Transport[Scope 1 Emission Factor (kg CO2 - e / GJ) N2O]), 0)} -> 1.7 | K32: {=IFERROR(_xlfn.XLOOKUP(1, (Table_Fuel_EFs_Transport[Fuel combusted]=$E32)*(Table_Fuel_EFs_Transport[Transport type]=$D$25), Table_Fuel_EFs_Transport[Scope 3 Emission Factor (kg CO2 - e / GJ)]), 0)} -> NE | L32: {=Fuel_InputFunctions.Fuel_TotalConsumption(Table_Input_Fuel[Amount consumed], Table_Input_Fuel[Fuel use (select)], D32, Table_Input_Fuel[Fuel type (select)],F32)} -> 0 | M32: {=Common_InputFunctions.Utility_LookupValueInTable(F32,Table_FuelTypes_Units[Fuel type],Table_FuelTypes_Units[Unit])} -> kL | N32: {=Fuel_Equations.VEERG_8_1_1_1__1_FuelCombustionTransport($L32,$G32,$H32)} -> 0 | O32: {=Fuel_Equations.VEERG_8_1_1_1__1_FuelCombustionTransport($L32,$G32,$I32)} -> 0 | P32: {=Fuel_Equations.VEERG_8_1_1_1__1_FuelCombustionTransport($L32,$G32,$J32)} -> 0 | Q32: {=Scope3_Equations.VEERG_15_11_1_1__2_UpstreamTransportFuelEmissions(L32,G32,IF(ISNUMBER(K32),K32,0))} -> 0
D33: =Table_FuelTypesPerUse[[#Headers],[Off-road Agriculture and forestry equipment]] -> Off-road Agriculture and forestry equipment | E33: ='Constants - Fuel'!$E$11 -> Diesel oil | F33: ='Constants - Fuel'!H131 -> Diesel | G33: {=IFERROR(_xlfn.XLOOKUP(1, (Table_Fuel_EFs_Transport[Fuel combusted]=$E33)*(Table_Fuel_EFs_Transport[Transport type]=$D$33), Table_Fuel_EFs_Transport[Energy Content Factor (GJ per unit of fuel)]), 0)} -> 38.6 | H33: {=IFERROR(_xlfn.XLOOKUP(1, (Table_Fuel_EFs_Transport[Fuel combusted]=$E33)*(Table_Fuel_EFs_Transport[Transport type]=$D$33), Table_Fuel_EFs_Transport[Scope 1 Emission Factor (kg CO2 - e / GJ) CO2]), 0)} -> 69.9 | I33: {=IFERROR(_xlfn.XLOOKUP(1, (Table_Fuel_EFs_Transport[Fuel combusted]=$E33)*(Table_Fuel_EFs_Transport[Transport type]=$D$33), Table_Fuel_EFs_Transport[Scope 1 Emission Factor (kg CO2 - e / GJ) CH4]), 0)} -> 0.3 | J33: {=IFERROR(_xlfn.XLOOKUP(1, (Table_Fuel_EFs_Transport[Fuel combusted]=$E33)*(Table_Fuel_EFs_Transport[Transport type]=$D$33), Table_Fuel_EFs_Transport[Scope 1 Emission Factor (kg CO2 - e / GJ) N2O]), 0)} -> 0.5 | K33: {=IFERROR(_xlfn.XLOOKUP(1, (Table_Fuel_EFs_Transport[Fuel combusted]=$E33)*(Table_Fuel_EFs_Transport[Transport type]=$D$25), Table_Fuel_EFs_Transport[Scope 3 Emission Factor (kg CO2 - e / GJ)]), 0)} -> 17.3 | L33: {=Fuel_InputFunctions.Fuel_TotalConsumption(Table_Input_Fuel[Amount consumed], Table_Input_Fuel[Fuel use (select)], D33, Table_Input_Fuel[Fuel type (select)],F33)} -> 10000 | M33: {=Common_InputFunctions.Utility_LookupValueInTable(F33,Table_FuelTypes_Units[Fuel type],Table_FuelTypes_Units[Unit])} -> kL | N33: {=Fuel_Equations.VEERG_8_1_1_1__1_FuelCombustionTransport($L33,$G33,$H33)} -> 26981.4 | O33: {=Fuel_Equations.VEERG_8_1_1_1__1_FuelCombustionTransport($L33,$G33,$I33)} -> 115.8 | P33: {=Fuel_Equations.VEERG_8_1_1_1__1_FuelCombustionTransport($L33,$G33,$J33)} -> 193 | Q33: {=Scope3_Equations.VEERG_15_11_1_1__2_UpstreamTransportFuelEmissions(L33,G33,K33)} -> 6677.8
D34: =Table_FuelTypesPerUse[[#Headers],[Aviation]] -> Aviation | E34: ='Constants - Fuel'!$E$28 -> Gasoline for use as fuel in an aircraft | F34: ='Constants - Fuel'!$F$131 -> Avgas | G34: {=IFERROR(_xlfn.XLOOKUP(1, (Table_Fuel_EFs_Transport[Fuel combusted]=$E34)*(Table_Fuel_EFs_Transport[Transport type]=$D$34), Table_Fuel_EFs_Transport[Energy Content Factor (GJ per unit of fuel)]), 0)} -> 33.1 | H34: {=IFERROR(_xlfn.XLOOKUP(1, (Table_Fuel_EFs_Transport[Fuel combusted]=$E34)*(Table_Fuel_EFs_Transport[Transport type]=$D$34), Table_Fuel_EFs_Transport[Scope 1 Emission Factor (kg CO2 - e / GJ) CO2]), 0)} -> 67 | I34: {=IFERROR(_xlfn.XLOOKUP(1, (Table_Fuel_EFs_Transport[Fuel combusted]=$E34)*(Table_Fuel_EFs_Transport[Transport type]=$D$34), Table_Fuel_EFs_Transport[Scope 1 Emission Factor (kg CO2 - e / GJ) CH4]), 0)} -> 0.06 | J34: {=IFERROR(_xlfn.XLOOKUP(1, (Table_Fuel_EFs_Transport[Fuel combusted]=$E34)*(Table_Fuel_EFs_Transport[Transport type]=$D$34), Table_Fuel_EFs_Transport[Scope 1 Emission Factor (kg CO2 - e / GJ) N2O]), 0)} -> 0.6 | K34: {=IFERROR(_xlfn.XLOOKUP(1, (Table_Fuel_EFs_Transport[Fuel combusted]=$E34)*(Table_Fuel_EFs_Transport[Transport type]=$D$25), Table_Fuel_EFs_Transport[Scope 3 Emission Factor (kg CO2 - e / GJ)]), 0)} -> 0 | L34: {=Fuel_InputFunctions.Fuel_TotalConsumption(Table_Input_Fuel[Amount consumed], Table_Input_Fuel[Fuel use (select)], D34, Table_Input_Fuel[Fuel type (select)],F34)} -> 0 | M34: {=Common_InputFunctions.Utility_LookupValueInTable(F34,Table_FuelTypes_Units[Fuel type],Table_FuelTypes_Units[Unit])} -> kL | N34: {=Fuel_Equations.VEERG_8_1_1_1__1_FuelCombustionTransport($L34,$G34,$H34)} -> 0 | O34: {=Fuel_Equations.VEERG_8_1_1_1__1_FuelCombustionTransport($L34,$G34,$I34)} -> 0 | P34: {=Fuel_Equations.VEERG_8_1_1_1__1_FuelCombustionTransport($L34,$G34,$J34)} -> 0 | Q34: {=Scope3_Equations.VEERG_15_11_1_1__2_UpstreamTransportFuelEmissions(L34,G34,K34)} -> 0
D35: =$D$34 -> Aviation | E35: ='Constants - Fuel'!$E$29 -> Kerosene for use as fuel in an aircraft | F35: ='Constants - Fuel'!$F$132 -> Jet A1, Jet B | G35: {=IFERROR(_xlfn.XLOOKUP(1, (Table_Fuel_EFs_Transport[Fuel combusted]=$E35)*(Table_Fuel_EFs_Transport[Transport type]=$D$34), Table_Fuel_EFs_Transport[Energy Content Factor (GJ per unit of fuel)]), 0)} -> 36.8 | H35: {=IFERROR(_xlfn.XLOOKUP(1, (Table_Fuel_EFs_Transport[Fuel combusted]=$E35)*(Table_Fuel_EFs_Transport[Transport type]=$D$34), Table_Fuel_EFs_Transport[Scope 1 Emission Factor (kg CO2 - e / GJ) CO2]), 0)} -> 69.6 | I35: {=IFERROR(_xlfn.XLOOKUP(1, (Table_Fuel_EFs_Transport[Fuel combusted]=$E35)*(Table_Fuel_EFs_Transport[Transport type]=$D$34), Table_Fuel_EFs_Transport[Scope 1 Emission Factor (kg CO2 - e / GJ) CH4]), 0)} -> 0.01 | J35: {=IFERROR(_xlfn.XLOOKUP(1, (Table_Fuel_EFs_Transport[Fuel combusted]=$E35)*(Table_Fuel_EFs_Transport[Transport type]=$D$34), Table_Fuel_EFs_Transport[Scope 1 Emission Factor (kg CO2 - e / GJ) N2O]), 0)} -> 0.6 | K35: {=IFERROR(_xlfn.XLOOKUP(1, (Table_Fuel_EFs_Transport[Fuel combusted]=$E35)*(Table_Fuel_EFs_Transport[Transport type]=$D$25), Table_Fuel_EFs_Transport[Scope 3 Emission Factor (kg CO2 - e / GJ)]), 0)} -> 0 | L35: {=Fuel_InputFunctions.Fuel_TotalConsumption(Table_Input_Fuel[Amount consumed], Table_Input_Fuel[Fuel use (select)], D35, Table_Input_Fuel[Fuel type (select)],F35)} -> 0 | M35: {=Common_InputFunctions.Utility_LookupValueInTable(F35,Table_FuelTypes_Units[Fuel type],Table_FuelTypes_Units[Unit])} -> kL | N35: {=Fuel_Equations.VEERG_8_1_1_1__1_FuelCombustionTransport($L35,$G35,$H35)} -> 0 | O35: {=Fuel_Equations.VEERG_8_1_1_1__1_FuelCombustionTransport($L35,$G35,$I35)} -> 0 | P35: {=Fuel_Equations.VEERG_8_1_1_1__1_FuelCombustionTransport($L35,$G35,$J35)} -> 0 | Q35: {=Scope3_Equations.VEERG_15_11_1_1__2_UpstreamTransportFuelEmissions(L35,G35,K35)} -> 0
D36: =$D$34 -> Aviation | E36: ='Constants - Fuel'!$E$30 -> Renewable aviation kerosene | F36: ='Constants - Fuel'!$F$133 -> Renewable aviation kerosene | G36: {=IFERROR(_xlfn.XLOOKUP(1, (Table_Fuel_EFs_Transport[Fuel combusted]=$E36)*(Table_Fuel_EFs_Transport[Transport type]=$D$34), Table_Fuel_EFs_Transport[Energy Content Factor (GJ per unit of fuel)]), 0)} -> 36.8 | H36: {=IFERROR(_xlfn.XLOOKUP(1, (Table_Fuel_EFs_Transport[Fuel combusted]=$E36)*(Table_Fuel_EFs_Transport[Transport type]=$D$34), Table_Fuel_EFs_Transport[Scope 1 Emission Factor (kg CO2 - e / GJ) CO2]), 0)} -> 0 | I36: {=IFERROR(_xlfn.XLOOKUP(1, (Table_Fuel_EFs_Transport[Fuel combusted]=$E36)*(Table_Fuel_EFs_Transport[Transport type]=$D$34), Table_Fuel_EFs_Transport[Scope 1 Emission Factor (kg CO2 - e / GJ) CH4]), 0)} -> 0.01 | J36: {=IFERROR(_xlfn.XLOOKUP(1, (Table_Fuel_EFs_Transport[Fuel combusted]=$E36)*(Table_Fuel_EFs_Transport[Transport type]=$D$34), Table_Fuel_EFs_Transport[Scope 1 Emission Factor (kg CO2 - e / GJ) N2O]), 0)} -> 0.6 | K36: {=IFERROR(_xlfn.XLOOKUP(1, (Table_Fuel_EFs_Transport[Fuel combusted]=$E36)*(Table_Fuel_EFs_Transport[Transport type]=$D$25), Table_Fuel_EFs_Transport[Scope 3 Emission Factor (kg CO2 - e / GJ)]), 0)} -> 0 | L36: {=Fuel_InputFunctions.Fuel_TotalConsumption(Table_Input_Fuel[Amount consumed], Table_Input_Fuel[Fuel use (select)], D36, Table_Input_Fuel[Fuel type (select)],F36)} -> 0 | M36: {=Common_InputFunctions.Utility_LookupValueInTable(F36,Table_FuelTypes_Units[Fuel type],Table_FuelTypes_Units[Unit])} -> kL | N36: {=Fuel_Equations.VEERG_8_1_1_1__1_FuelCombustionTransport($L36,$G36,$H36)} -> 0 | O36: {=Fuel_Equations.VEERG_8_1_1_1__1_FuelCombustionTransport($L36,$G36,$I36)} -> 0 | P36: {=Fuel_Equations.VEERG_8_1_1_1__1_FuelCombustionTransport($L36,$G36,$J36)} -> 0 | Q36: {=Scope3_Equations.VEERG_15_11_1_1__2_UpstreamTransportFuelEmissions(L36,G36,K36)} -> 0
A37: =HYPERLINK("#A1", "▲ Back to top") -> ▲ Back to top | D37: =Table_FuelTypesPerUse[[#Headers],[Vessels]] -> Vessels | E37: ='Constants - Fuel'!$E$10 -> Gasoline | F37: ='Constants - Fuel'!$I$131 -> Petrol | G37: {=IFERROR(_xlfn.XLOOKUP(1, (Table_Fuel_EFs_Transport[Fuel combusted]=$E37)*(Table_Fuel_EFs_Transport[Transport type]=$D$37), Table_Fuel_EFs_Transport[Energy Content Factor (GJ per unit of fuel)]), 0)} -> 34.2 | H37: {=IFERROR(_xlfn.XLOOKUP(1, (Table_Fuel_EFs_Transport[Fuel combusted]=$E37)*(Table_Fuel_EFs_Transport[Transport type]=$D$37), Table_Fuel_EFs_Transport[Scope 1 Emission Factor (kg CO2 - e / GJ) CO2]), 0)} -> 67.4 | I37: {=IFERROR(_xlfn.XLOOKUP(1, (Table_Fuel_EFs_Transport[Fuel combusted]=$E37)*(Table_Fuel_EFs_Transport[Transport type]=$D$37), Table_Fuel_EFs_Transport[Scope 1 Emission Factor (kg CO2 - e / GJ) CH4]), 0)} -> 10.1 | J37: {=IFERROR(_xlfn.XLOOKUP(1, (Table_Fuel_EFs_Transport[Fuel combusted]=$E37)*(Table_Fuel_EFs_Transport[Transport type]=$D$37), Table_Fuel_EFs_Transport[Scope 1 Emission Factor (kg CO2 - e / GJ) N2O]), 0)} -> 0.3 | K37: {=IFERROR(_xlfn.XLOOKUP(1, (Table_Fuel_EFs_Transport[Fuel combusted]=$E37)*(Table_Fuel_EFs_Transport[Transport type]=$D$25), Table_Fuel_EFs_Transport[Scope 3 Emission Factor (kg CO2 - e / GJ)]), 0)} -> 17.2 | L37: {=Fuel_InputFunctions.Fuel_TotalConsumption(Table_Input_Fuel[Amount consumed], Table_Input_Fuel[Fuel use (select)], D37, Table_Input_Fuel[Fuel type (select)],F37)} -> 0 | M37: {=Common_InputFunctions.Utility_LookupValueInTable(F37,Table_FuelTypes_Units[Fuel type],Table_FuelTypes_Units[Unit])} -> kL | N37: {=Fuel_Equations.VEERG_8_1_1_1__1_FuelCombustionTransport($L37,$G37,$H37)} -> 0 | O37: {=Fuel_Equations.VEERG_8_1_1_1__1_FuelCombustionTransport($L37,$G37,$I37)} -> 0 | P37: {=Fuel_Equations.VEERG_8_1_1_1__1_FuelCombustionTransport($L37,$G37,$J37)} -> 0 | Q37: {=Scope3_Equations.VEERG_15_11_1_1__2_UpstreamTransportFuelEmissions(L37,G37,K37)} -> 0
D38: =$D$37 -> Vessels | E38: ='Constants - Fuel'!$E$11 -> Diesel oil | F38: ='Constants - Fuel'!$I$132 -> Diesel | G38: {=IFERROR(_xlfn.XLOOKUP(1, (Table_Fuel_EFs_Transport[Fuel combusted]=$E38)*(Table_Fuel_EFs_Transport[Transport type]=$D$37), Table_Fuel_EFs_Transport[Energy Content Factor (GJ per unit of fuel)]), 0)} -> 38.6 | H38: {=IFERROR(_xlfn.XLOOKUP(1, (Table_Fuel_EFs_Transport[Fuel combusted]=$E38)*(Table_Fuel_EFs_Transport[Transport type]=$D$37), Table_Fuel_EFs_Transport[Scope 1 Emission Factor (kg CO2 - e / GJ) CO2]), 0)} -> 69.9 | I38: {=IFERROR(_xlfn.XLOOKUP(1, (Table_Fuel_EFs_Transport[Fuel combusted]=$E38)*(Table_Fuel_EFs_Transport[Transport type]=$D$37), Table_Fuel_EFs_Transport[Scope 1 Emission Factor (kg CO2 - e / GJ) CH4]), 0)} -> 0.2 | J38: {=IFERROR(_xlfn.XLOOKUP(1, (Table_Fuel_EFs_Transport[Fuel combusted]=$E38)*(Table_Fuel_EFs_Transport[Transport type]=$D$37), Table_Fuel_EFs_Transport[Scope 1 Emission Factor (kg CO2 - e / GJ) N2O]), 0)} -> 0.5 | K38: {=IFERROR(_xlfn.XLOOKUP(1, (Table_Fuel_EFs_Transport[Fuel combusted]=$E38)*(Table_Fuel_EFs_Transport[Transport type]=$D$25), Table_Fuel_EFs_Transport[Scope 3 Emission Factor (kg CO2 - e / GJ)]), 0)} -> 17.3 | L38: {=Fuel_InputFunctions.Fuel_TotalConsumption(Table_Input_Fuel[Amount consumed], Table_Input_Fuel[Fuel use (select)], D38, Table_Input_Fuel[Fuel type (select)],F38)} -> 0 | M38: {=Common_InputFunctions.Utility_LookupValueInTable(F38,Table_FuelTypes_Units[Fuel type],Table_FuelTypes_Units[Unit])} -> kL | N38: {=Fuel_Equations.VEERG_8_1_1_1__1_FuelCombustionTransport($L38,$G38,$H38)} -> 0 | O38: {=Fuel_Equations.VEERG_8_1_1_1__1_FuelCombustionTransport($L38,$G38,$I38)} -> 0 | P38: {=Fuel_Equations.VEERG_8_1_1_1__1_FuelCombustionTransport($L38,$G38,$J38)} -> 0 | Q38: {=Scope3_Equations.VEERG_15_11_1_1__2_UpstreamTransportFuelEmissions(L38,G38,K38)} -> 0
D39: =$D$37 -> Vessels | E39: ='Constants - Fuel'!E33 -> Fuel Oil | F39: ='Constants - Fuel'!$I$133 -> Fuel oil | G39: {=IFERROR(_xlfn.XLOOKUP(1, (Table_Fuel_EFs_Transport[Fuel combusted]=$E39)*(Table_Fuel_EFs_Transport[Transport type]=$D$37), Table_Fuel_EFs_Transport[Energy Content Factor (GJ per unit of fuel)]), 0)} -> 39.7 | H39: {=IFERROR(_xlfn.XLOOKUP(1, (Table_Fuel_EFs_Transport[Fuel combusted]=$E39)*(Table_Fuel_EFs_Transport[Transport type]=$D$37), Table_Fuel_EFs_Transport[Scope 1 Emission Factor (kg CO2 - e / GJ) CO2]), 0)} -> 73.6 | I39: {=IFERROR(_xlfn.XLOOKUP(1, (Table_Fuel_EFs_Transport[Fuel combusted]=$E39)*(Table_Fuel_EFs_Transport[Transport type]=$D$37), Table_Fuel_EFs_Transport[Scope 1 Emission Factor (kg CO2 - e / GJ) CH4]), 0)} -> 0.2 | J39: {=IFERROR(_xlfn.XLOOKUP(1, (Table_Fuel_EFs_Transport[Fuel combusted]=$E39)*(Table_Fuel_EFs_Transport[Transport type]=$D$37), Table_Fuel_EFs_Transport[Scope 1 Emission Factor (kg CO2 - e / GJ) N2O]), 0)} -> 0.5 | K39: {=IFERROR(_xlfn.XLOOKUP(1, (Table_Fuel_EFs_Transport[Fuel combusted]=$E39)*(Table_Fuel_EFs_Transport[Transport type]=$D$25), Table_Fuel_EFs_Transport[Scope 3 Emission Factor (kg CO2 - e / GJ)]), 0)} -> 18 | L39: {=Fuel_InputFunctions.Fuel_TotalConsumption(Table_Input_Fuel[Amount consumed], Table_Input_Fuel[Fuel use (select)], D39, Table_Input_Fuel[Fuel type (select)],F39)} -> 10000 | M39: {=Common_InputFunctions.Utility_LookupValueInTable(F39,Table_FuelTypes_Units[Fuel type],Table_FuelTypes_Units[Unit])} -> kL | N39: {=Fuel_Equations.VEERG_8_1_1_1__1_FuelCombustionTransport($L39,$G39,$H39)} -> 29219.2 | O39: {=Fuel_Equations.VEERG_8_1_1_1__1_FuelCombustionTransport($L39,$G39,$I39)} -> 79.4 | P39: {=Fuel_Equations.VEERG_8_1_1_1__1_FuelCombustionTransport($L39,$G39,$J39)} -> 198.5 | Q39: {=Scope3_Equations.VEERG_15_11_1_1__2_UpstreamTransportFuelEmissions(L39,G39,K39)} -> 7146
D42: ="Total scope 1 - " & D25 -> Total scope 1 - Cars and light commercial vehicles
D43: CO2 | E43: =SUM(N25:N32) -> 26981.4 | F43: =$E$12 -> t CO2-e
D44: CH4 | E44: =SUM(O25:O32) -> 3.86 | F44: =$E$12 -> t CO2-e
D45: N2O | E45: =SUM(P25:P32) -> 193 | F45: =$E$12 -> t CO2-e
D46: Scope 3 | E46: =SUM(Q25:Q32) -> 6677.8 | F46: =$E$12 -> t CO2-e
D48: ="Total scope 1 - " & D33 -> Total scope 1 - Off-road Agriculture and forestry equipment
D49: CO2 | E49: =SUM(N33:N33) -> 26981.4 | F49: =$E$12 -> t CO2-e
D50: CH4 | E50: =SUM(O33:O33) -> 115.8 | F50: =$E$12 -> t CO2-e
D51: N2O | E51: =SUM(P33:P33) -> 193 | F51: =$E$12 -> t CO2-e
D52: Scope 3 | E52: =SUM(Q33) -> 6677.8 | F52: =$E$12 -> t CO2-e
D54: ="Total scope 1 - " & D34 -> Total scope 1 - Aviation
D55: CO2 | E55: =SUM(N34:N36) -> 0 | F55: =$E$12 -> t CO2-e
D56: CH4 | E56: =SUM(O34:O36) -> 0 | F56: =$E$12 -> t CO2-e
D57: N2O | E57: =SUM(P34:P36) -> 0 | F57: =$E$12 -> t CO2-e
D58: Scope 3 | E58: =SUM(Q34:Q36) -> 0 | F58: =$E$12 -> t CO2-e
D60: ="Total scope 1 - " & D37 -> Total scope 1 - Vessels
D61: CO2 | E61: =SUM(N37:N39) -> 29219.2 | F61: =$E$12 -> t CO2-e
D62: CH4 | E62: =SUM(O37:O39) -> 79.4 | F62: =$E$12 -> t CO2-e
D63: N2O | E63: =SUM(P37:P39) -> 198.5 | F63: =$E$12 -> t CO2-e
D64: Scope 3 | E64: =SUM(Q37:Q39) -> 7146 | F64: =$E$12 -> t CO2-e
D66: Total sope 1 - All transport fuel combustion
D67: CO2 | E67: =E43+E49+E55+E61 -> 83182 | F67: =$E$12 -> t CO2-e
D68: CH4 | E68: =E44+E50+E56+E62 -> 199.06 | F68: =$E$12 -> t CO2-e
A69: =HYPERLINK("#A1", "▲ Back to top") -> ▲ Back to top | D69: N2O | E69: =E45+E51+E57+E63 -> 584.5 | F69: =$E$12 -> t CO2-e
D70: Scope 3 | E70: =E46+E52+E58+E64 -> 20501.6 | F70: =$E$12 -> t CO2-e
A83: =HYPERLINK("#A1", "▲ Back to top") -> ▲ Back to top

Sheet 8.2.1.1-2 Stationary fuel
A1: #VALUE! | C1: 8.2.1.1-2 Stationary fuel combustion
A3: =HYPERLINK("#'Home'!A1", "Home") -> Home | D3: Method 1
A4: =HYPERLINK("#'Overview'!A1", "Overview") -> Overview
A5: =HYPERLINK("#'Results'!A1", "Results") -> Results | D5: {=Fuel_Equations.VEERG_8_2_1_1__1_FuelCombustionStationary_Title()} -> Emissions for each GHG from the stationary combustion of fuels | K5: {=Scope3_Equations.VEERG_15_11_1_1__3_UpstreamStationaryFuelEmissions_Title()} -> Upstream emissions from scope 1 stationary combustion fuel use
D6: {=Fuel_Equations.VEERG_8_2_1_1__1_FuelCombustionStationary_Source()} -> VEERG 2026: 8.2.1.1, Equation (1) | K6: {=Scope3_Equations.VEERG_15_11_1_1__3_UpstreamStationaryFuelEmissions_Source()} -> VEERG 2026: 15.11.1.1, Equation (3)
A7: INPUTS | D7: Function name | E7: {=Common_InputFunctions.Utility_DisplayFunctionName(N25)} -> =Fuel_Equations.VEERG_8_2_1_1__1_FuelCombustionStationary | K7: {=Scope3_Equations.VEERG_15_11_1_1__3_UpstreamStationaryFuelEmissions_Variation()} -> VARIATION ON SOURCE: Added 'state' and 'metro/non-metro' arguments as gaseous scope 3 EFs are state and metro/non-metro location-based.
A8: =HYPERLINK("#'Input - Fuel'!A1", "Fuel") -> Fuel | K8: Function name | L8: {=Common_InputFunctions.Utility_DisplayFunctionName(Q25)} -> =Fuel_Equations.VEERG_8_2_1_1__1_FuelCombustionStationary
A10: CALCULATIONS
A11: =HYPERLINK("#'8.1.1.1-2 Transport fuel'!A1", "8.1.1.1-2 Transport fuel") -> 8.1.1.1-2 Transport fuel | D11: Variable | E11: {=Fuel_Equations.VEERG_8_2_1_1__1_FuelCombustionStationary_Variable()} -> E_g | K11: Variable | L11: {=Scope3_Equations.VEERG_15_11_1_1__3_UpstreamStationaryFuelEmissions_Variable()} -> E_WTTSCq
A12: =HYPERLINK("#'8.2.1.1-2 Stationary fuel'!A1", "8.2.1.1-2 Stationary fuel") -> 8.2.1.1-2 Stationary fuel | D12: Unit | E12: {=Fuel_Equations.VEERG_8_2_1_1__1_FuelCombustionStationary_Unit()} -> t CO2-e | K12: Unit | L12: {=Scope3_Equations.VEERG_15_11_1_1__3_UpstreamStationaryFuelEmissions_Unit()} -> t CO2e
A13: =HYPERLINK("#'8.X.1.1-2 General use fuel'!A1", "8.X.1.1-2 General use fuel") -> 8.X.1.1-2 General use fuel
D14: {=_xlfn.CHOOSECOLS(Fuel_Equations.VEERG_8_2_1_1__1_FuelCombustionStationary_Arguments(), 1,2)} -> Q_SCq | E14: Amount of fuel type q used for stationary combustion operations | G14: {=_xlfn.CHOOSECOLS(Fuel_Equations.VEERG_8_2_1_1__1_FuelCombustionStationary_Arguments(), 3,4)} -> Varies based on fuel type: kL, m3, GJ | H14: Input | I14: {=HYPERLINK(Common_InputFunctions.Utility_SourceHyperlink($D$22), $D$22)} -> Table_E_g | K14: {=_xlfn.CHOOSECOLS(Scope3_Equations.VEERG_15_11_1_1__3_UpstreamStationaryFuelEmissions_Arguments(),1,2)} -> Q_SCq | L14: amount of fuel q used for stationary combustion operations | N14: {=_xlfn.CHOOSECOLS(Scope3_Equations.VEERG_15_11_1_1__3_UpstreamStationaryFuelEmissions_Arguments(),3,4)} -> kL | O14: Input | P14: {=HYPERLINK(Common_InputFunctions.Utility_SourceHyperlink($D$22), $D$22)} -> Table_E_g
A15: APPENDICES | D15: EC_SCq | E15: Energy content factor for stationary combustion operations | G15: GJ / unit of fuel | H15: Constant | I15: {=HYPERLINK(Common_InputFunctions.Utility_SourceHyperlink($D$22), $D$22)} -> Table_E_g | K15: EC_SCq | L15: energy content factor for stationary combustion operations | N15: GJ/kL | O15: Constant | P15: {=HYPERLINK(Common_InputFunctions.Utility_SourceHyperlink($D$22), $D$22)} -> Table_E_g
A16: =HYPERLINK("#'Constants - Fuel'!A1", "Constants - Fuel") -> Constants - Fuel | D16: EF_SC1qg | E16: Scope 1 emission factor for stationary combustion for each greenhouse gas | G16: kg CO2e / GJ | H16: Constant | I16: {=HYPERLINK(Common_InputFunctions.Utility_SourceHyperlink($D$22), $D$22)} -> Table_E_g | K16: EF_SC3q | L16: scope 3 emission factor for stationary combustion operations | N16: kg CO2e/GJ | O16: Constant | P16: {=HYPERLINK(Common_InputFunctions.Utility_SourceHyperlink($D$22), $D$22)} -> Table_E_g
A17: =HYPERLINK("#'Constants - Common'!A1", "Constants - Common") -> Constants - Common | D17: q | E17: Fuel type | H17: Constant | K17: i | L17: state | O17: Input | P17: =X_Cell_Site_State -> Western Australia
D18: SC | E18: Stationary combustion | H18: Constant | K18: m | L18: metropolitan/non-metropolitan location | O18: Input | P18: =X_Cell_Fuel_IsMetroLocation -> Metro
D19: g | E19: Greenhouse gas | H19: Constant
D20: 1 | E20: Scope 1 | H20: Constant
D22: Table_E_g
D23: Emissions for stationary fuel combustion
D24: Fuel use | E24: Fuel type (NGAF terminology) | F24: Fuel type (q) | G24: ECSC,q | H24: EFSC,1,q,g=CO2 | I24: EFSC,1,q,g=CH4 | J24: EFSC,1,q,g=N20 | K24: EFSC,3,q | L24: QSC,q | M24: Q unit | N24: Eg=CO2 | O24: Eg=CH4 | P24: Eg=N20 | Q24: EWTT,SC,q=N20
D25: =Table_FuelTypesPerUse[[#Headers],[Generators]] -> Generators | E25: ='Constants - Fuel'!$D$58 -> Automotive gasoline / petrol (other than for use as fuel in an aircraft) | F25: ='Constants - Fuel'!D131 -> Petrol | G25: =IFERROR(_xlfn.XLOOKUP($E25, Table_Fuel_EFs_StationaryLiquid[Fuel combusted], Table_Fuel_EFs_StationaryLiquid[Energy Content Factor (GJ per unit of fuel)]),0) -> 34.2 | H25: =IFERROR(_xlfn.XLOOKUP($E25, Table_Fuel_EFs_StationaryLiquid[Fuel combusted], Table_Fuel_EFs_StationaryLiquid[Scope 1 Emission Factor (kg CO2 - e / GJ) CO2]),0) -> 67.4 | I25: =IFERROR(_xlfn.XLOOKUP($E25, Table_Fuel_EFs_StationaryLiquid[Fuel combusted], Table_Fuel_EFs_StationaryLiquid[Scope 1 Emission Factor (kg CO2 - e / GJ) CH4]),0) -> 0.2 | J25: =IFERROR(_xlfn.XLOOKUP($E25, Table_Fuel_EFs_StationaryLiquid[Fuel combusted], Table_Fuel_EFs_StationaryLiquid[Scope 1 Emission Factor (kg CO2 - e / GJ) N2O]),0) -> 0.2 | K25: =IFERROR(_xlfn.XLOOKUP($E25, Table_Fuel_EFs_StationaryLiquid[Fuel combusted], Table_Fuel_EFs_StationaryLiquid[Scope 3 Emission Factor (kg CO2 - e / GJ)]),0) -> 17.2 | L25: {=Fuel_InputFunctions.Fuel_TotalConsumption(Table_Input_Fuel[Amount consumed], Table_Input_Fuel[Fuel use (select)], D25, Table_Input_Fuel[Fuel type (select)],F25)} -> 0 | M25: {=Common_InputFunctions.Utility_LookupValueInTable(F25,Table_FuelTypes_Units[Fuel type],Table_FuelTypes_Units[Unit])} -> kL | N25: {=Fuel_Equations.VEERG_8_2_1_1__1_FuelCombustionStationary($L25,$G25,H25)} -> 0 | O25: {=Fuel_Equations.VEERG_8_2_1_1__1_FuelCombustionStationary($L25,$G25,I25)} -> 0 | P25: {=Fuel_Equations.VEERG_8_2_1_1__1_FuelCombustionStationary($L25,$G25,J25)} -> 0 | Q25: {=Fuel_Equations.VEERG_8_2_1_1__1_FuelCombustionStationary($L25,$G25,IF(ISNUMBER(K25), K25, 0))} -> 0
D26: =$D$25 -> Generators | E26: ='Constants - Fuel'!$D$63 -> Diesel oil | F26: ='Constants - Fuel'!D132 -> Diesel | G26: =IFERROR(_xlfn.XLOOKUP($E26, Table_Fuel_EFs_StationaryLiquid[Fuel combusted], Table_Fuel_EFs_StationaryLiquid[Energy Content Factor (GJ per unit of fuel)]),0) -> 38.6 | H26: =IFERROR(_xlfn.XLOOKUP($E26, Table_Fuel_EFs_StationaryLiquid[Fuel combusted], Table_Fuel_EFs_StationaryLiquid[Scope 1 Emission Factor (kg CO2 - e / GJ) CO2]),0) -> 69.9 | I26: =IFERROR(_xlfn.XLOOKUP($E26, Table_Fuel_EFs_StationaryLiquid[Fuel combusted], Table_Fuel_EFs_StationaryLiquid[Scope 1 Emission Factor (kg CO2 - e / GJ) CH4]),0) -> 0.1 | J26: =IFERROR(_xlfn.XLOOKUP($E26, Table_Fuel_EFs_StationaryLiquid[Fuel combusted], Table_Fuel_EFs_StationaryLiquid[Scope 1 Emission Factor (kg CO2 - e / GJ) N2O]),0) -> 0.2 | K26: =IFERROR(_xlfn.XLOOKUP($E26, Table_Fuel_EFs_StationaryLiquid[Fuel combusted], Table_Fuel_EFs_StationaryLiquid[Scope 3 Emission Factor (kg CO2 - e / GJ)]),0) -> 17.3 | L26: {=Fuel_InputFunctions.Fuel_TotalConsumption(Table_Input_Fuel[Amount consumed], Table_Input_Fuel[Fuel use (select)], D26, Table_Input_Fuel[Fuel type (select)],F26)} -> 0 | M26: {=Common_InputFunctions.Utility_LookupValueInTable(F26,Table_FuelTypes_Units[Fuel type],Table_FuelTypes_Units[Unit])} -> kL | N26: {=Fuel_Equations.VEERG_8_2_1_1__1_FuelCombustionStationary($L26,$G26,H26)} -> 0 | O26: {=Fuel_Equations.VEERG_8_2_1_1__1_FuelCombustionStationary($L26,$G26,I26)} -> 0 | P26: {=Fuel_Equations.VEERG_8_2_1_1__1_FuelCombustionStationary($L26,$G26,J26)} -> 0 | Q26: {=Fuel_Equations.VEERG_8_2_1_1__1_FuelCombustionStationary($L26,$G26,IF(ISNUMBER(K26), K26, 0))} -> 0
D27: =$D$25 -> Generators | E27: ='Constants - Fuel'!$D$67 -> Liquefied petroleum gas (LPG) | F27: ='Constants - Fuel'!D133 -> Liquefied petroleum gas (LPG) | G27: =IFERROR(_xlfn.XLOOKUP($E27, Table_Fuel_EFs_StationaryLiquid[Fuel combusted], Table_Fuel_EFs_StationaryLiquid[Energy Content Factor (GJ per unit of fuel)]),0) -> 25.7 | H27: =IFERROR(_xlfn.XLOOKUP($E27, Table_Fuel_EFs_StationaryLiquid[Fuel combusted], Table_Fuel_EFs_StationaryLiquid[Scope 1 Emission Factor (kg CO2 - e / GJ) CO2]),0) -> 60.2 | I27: =IFERROR(_xlfn.XLOOKUP($E27, Table_Fuel_EFs_StationaryLiquid[Fuel combusted], Table_Fuel_EFs_StationaryLiquid[Scope 1 Emission Factor (kg CO2 - e / GJ) CH4]),0) -> 0.2 | J27: =IFERROR(_xlfn.XLOOKUP($E27, Table_Fuel_EFs_StationaryLiquid[Fuel combusted], Table_Fuel_EFs_StationaryLiquid[Scope 1 Emission Factor (kg CO2 - e / GJ) N2O]),0) -> 0.2 | K27: =IFERROR(_xlfn.XLOOKUP($E27, Table_Fuel_EFs_StationaryLiquid[Fuel combusted], Table_Fuel_EFs_StationaryLiquid[Scope 3 Emission Factor (kg CO2 - e / GJ)]),0) -> 20.2 | L27: {=Fuel_InputFunctions.Fuel_TotalConsumption(Table_Input_Fuel[Amount consumed], Table_Input_Fuel[Fuel use (select)], D27, Table_Input_Fuel[Fuel type (select)],F27)} -> 0 | M27: {=Common_InputFunctions.Utility_LookupValueInTable(F27,Table_FuelTypes_Units[Fuel type],Table_FuelTypes_Units[Unit])} -> kL | N27: {=Fuel_Equations.VEERG_8_2_1_1__1_FuelCombustionStationary($L27,$G27,H27)} -> 0 | O27: {=Fuel_Equations.VEERG_8_2_1_1__1_FuelCombustionStationary($L27,$G27,I27)} -> 0 | P27: {=Fuel_Equations.VEERG_8_2_1_1__1_FuelCombustionStationary($L27,$G27,J27)} -> 0 | Q27: {=Fuel_Equations.VEERG_8_2_1_1__1_FuelCombustionStationary($L27,$G27,IF(ISNUMBER(K27), K27, 0))} -> 0
D28: =$D$25 -> Generators | E28: ='Constants - Fuel'!$D$73 -> Biodiesel | F28: ='Constants - Fuel'!D134 -> Biodiesel | G28: =IFERROR(_xlfn.XLOOKUP($E28, Table_Fuel_EFs_StationaryLiquid[Fuel combusted], Table_Fuel_EFs_StationaryLiquid[Energy Content Factor (GJ per unit of fuel)]),0) -> 34.6 | H28: =IFERROR(_xlfn.XLOOKUP($E28, Table_Fuel_EFs_StationaryLiquid[Fuel combusted], Table_Fuel_EFs_StationaryLiquid[Scope 1 Emission Factor (kg CO2 - e / GJ) CO2]),0) -> 0 | I28: =IFERROR(_xlfn.XLOOKUP($E28, Table_Fuel_EFs_StationaryLiquid[Fuel combusted], Table_Fuel_EFs_StationaryLiquid[Scope 1 Emission Factor (kg CO2 - e / GJ) CH4]),0) -> 0.08 | J28: =IFERROR(_xlfn.XLOOKUP($E28, Table_Fuel_EFs_StationaryLiquid[Fuel combusted], Table_Fuel_EFs_StationaryLiquid[Scope 1 Emission Factor (kg CO2 - e / GJ) N2O]),0) -> 0.2 | K28: =IFERROR(_xlfn.XLOOKUP($E28, Table_Fuel_EFs_StationaryLiquid[Fuel combusted], Table_Fuel_EFs_StationaryLiquid[Scope 3 Emission Factor (kg CO2 - e / GJ)]),0) -> NE | L28: {=Fuel_InputFunctions.Fuel_TotalConsumption(Table_Input_Fuel[Amount consumed], Table_Input_Fuel[Fuel use (select)], D28, Table_Input_Fuel[Fuel type (select)],F28)} -> 0 | M28: {=Common_InputFunctions.Utility_LookupValueInTable(F28,Table_FuelTypes_Units[Fuel type],Table_FuelTypes_Units[Unit])} -> kL | N28: {=Fuel_Equations.VEERG_8_2_1_1__1_FuelCombustionStationary($L28,$G28,H28)} -> 0 | O28: {=Fuel_Equations.VEERG_8_2_1_1__1_FuelCombustionStationary($L28,$G28,I28)} -> 0 | P28: {=Fuel_Equations.VEERG_8_2_1_1__1_FuelCombustionStationary($L28,$G28,J28)} -> 0 | Q28: {=Fuel_Equations.VEERG_8_2_1_1__1_FuelCombustionStationary($L28,$G28,IF(ISNUMBER(K28), K28, 0))} -> 0
D29: =$D$25 -> Generators | E29: ='Constants - Fuel'!$D$74 -> Ethanol for use as a fuel in an internal combustion engine | F29: ='Constants - Fuel'!D135 -> Ethanol | G29: =IFERROR(_xlfn.XLOOKUP($E29, Table_Fuel_EFs_StationaryLiquid[Fuel combusted], Table_Fuel_EFs_StationaryLiquid[Energy Content Factor (GJ per unit of fuel)]),0) -> 23.4 | H29: =IFERROR(_xlfn.XLOOKUP($E29, Table_Fuel_EFs_StationaryLiquid[Fuel combusted], Table_Fuel_EFs_StationaryLiquid[Scope 1 Emission Factor (kg CO2 - e / GJ) CO2]),0) -> 0 | I29: =IFERROR(_xlfn.XLOOKUP($E29, Table_Fuel_EFs_StationaryLiquid[Fuel combusted], Table_Fuel_EFs_StationaryLiquid[Scope 1 Emission Factor (kg CO2 - e / GJ) CH4]),0) -> 0.08 | J29: =IFERROR(_xlfn.XLOOKUP($E29, Table_Fuel_EFs_StationaryLiquid[Fuel combusted], Table_Fuel_EFs_StationaryLiquid[Scope 1 Emission Factor (kg CO2 - e / GJ) N2O]),0) -> 0.2 | K29: =IFERROR(_xlfn.XLOOKUP($E29, Table_Fuel_EFs_StationaryLiquid[Fuel combusted], Table_Fuel_EFs_StationaryLiquid[Scope 3 Emission Factor (kg CO2 - e / GJ)]),0) -> NE | L29: {=Fuel_InputFunctions.Fuel_TotalConsumption(Table_Input_Fuel[Amount consumed], Table_Input_Fuel[Fuel use (select)], D29, Table_Input_Fuel[Fuel type (select)],F29)} -> 0 | M29: {=Common_InputFunctions.Utility_LookupValueInTable(F29,Table_FuelTypes_Units[Fuel type],Table_FuelTypes_Units[Unit])} -> kL | N29: {=Fuel_Equations.VEERG_8_2_1_1__1_FuelCombustionStationary($L29,$G29,H29)} -> 0 | O29: {=Fuel_Equations.VEERG_8_2_1_1__1_FuelCombustionStationary($L29,$G29,I29)} -> 0 | P29: {=Fuel_Equations.VEERG_8_2_1_1__1_FuelCombustionStationary($L29,$G29,J29)} -> 0 | Q29: {=Fuel_Equations.VEERG_8_2_1_1__1_FuelCombustionStationary($L29,$G29,IF(ISNUMBER(K29), K29, 0))} -> 0
D30: =$D$25 -> Generators | E30: ='Constants - Fuel'!$D$75 -> Biofuels other than those mentioned in the items above and below | F30: ='Constants - Fuel'!D136 -> Other biofuels | G30: =IFERROR(_xlfn.XLOOKUP($E30, Table_Fuel_EFs_StationaryLiquid[Fuel combusted], Table_Fuel_EFs_StationaryLiquid[Energy Content Factor (GJ per unit of fuel)]),0) -> 23.4 | H30: =IFERROR(_xlfn.XLOOKUP($E30, Table_Fuel_EFs_StationaryLiquid[Fuel combusted], Table_Fuel_EFs_StationaryLiquid[Scope 1 Emission Factor (kg CO2 - e / GJ) CO2]),0) -> 0 | I30: =IFERROR(_xlfn.XLOOKUP($E30, Table_Fuel_EFs_StationaryLiquid[Fuel combusted], Table_Fuel_EFs_StationaryLiquid[Scope 1 Emission Factor (kg CO2 - e / GJ) CH4]),0) -> 0.08 | J30: =IFERROR(_xlfn.XLOOKUP($E30, Table_Fuel_EFs_StationaryLiquid[Fuel combusted], Table_Fuel_EFs_StationaryLiquid[Scope 1 Emission Factor (kg CO2 - e / GJ) N2O]),0) -> 0.2 | K30: =IFERROR(_xlfn.XLOOKUP($E30, Table_Fuel_EFs_StationaryLiquid[Fuel combusted], Table_Fuel_EFs_StationaryLiquid[Scope 3 Emission Factor (kg CO2 - e / GJ)]),0) -> NE | L30: {=Fuel_InputFunctions.Fuel_TotalConsumption(Table_Input_Fuel[Amount consumed], Table_Input_Fuel[Fuel use (select)], D30, Table_Input_Fuel[Fuel type (select)],F30)} -> 0 | M30: {=Common_InputFunctions.Utility_LookupValueInTable(F30,Table_FuelTypes_Units[Fuel type],Table_FuelTypes_Units[Unit])} -> kL | N30: {=Fuel_Equations.VEERG_8_2_1_1__1_FuelCombustionStationary($L30,$G30,H30)} -> 0 | O30: {=Fuel_Equations.VEERG_8_2_1_1__1_FuelCombustionStationary($L30,$G30,I30)} -> 0 | P30: {=Fuel_Equations.VEERG_8_2_1_1__1_FuelCombustionStationary($L30,$G30,J30)} -> 0 | Q30: {=Fuel_Equations.VEERG_8_2_1_1__1_FuelCombustionStationary($L30,$G30,IF(ISNUMBER(K30), K30, 0))} -> 0
D31: =$D$25 -> Generators | E31: ='Constants - Fuel'!$D$77 -> Renewable diesel | F31: ='Constants - Fuel'!D137 -> Renewable diesel | G31: =IFERROR(_xlfn.XLOOKUP($E31, Table_Fuel_EFs_StationaryLiquid[Fuel combusted], Table_Fuel_EFs_StationaryLiquid[Energy Content Factor (GJ per unit of fuel)]),0) -> 38.6 | H31: =IFERROR(_xlfn.XLOOKUP($E31, Table_Fuel_EFs_StationaryLiquid[Fuel combusted], Table_Fuel_EFs_StationaryLiquid[Scope 1 Emission Factor (kg CO2 - e / GJ) CO2]),0) -> 0 | I31: =IFERROR(_xlfn.XLOOKUP($E31, Table_Fuel_EFs_StationaryLiquid[Fuel combusted], Table_Fuel_EFs_StationaryLiquid[Scope 1 Emission Factor (kg CO2 - e / GJ) CH4]),0) -> 0.1 | J31: =IFERROR(_xlfn.XLOOKUP($E31, Table_Fuel_EFs_StationaryLiquid[Fuel combusted], Table_Fuel_EFs_StationaryLiquid[Scope 1 Emission Factor (kg CO2 - e / GJ) N2O]),0) -> 0.2 | K31: =IFERROR(_xlfn.XLOOKUP($E31, Table_Fuel_EFs_StationaryLiquid[Fuel combusted], Table_Fuel_EFs_StationaryLiquid[Scope 3 Emission Factor (kg CO2 - e / GJ)]),0) -> NE | L31: {=Fuel_InputFunctions.Fuel_TotalConsumption(Table_Input_Fuel[Amount consumed], Table_Input_Fuel[Fuel use (select)], D31, Table_Input_Fuel[Fuel type (select)],F31)} -> 0 | M31: {=Common_InputFunctions.Utility_LookupValueInTable(F31,Table_FuelTypes_Units[Fuel type],Table_FuelTypes_Units[Unit])} -> kL | N31: {=Fuel_Equations.VEERG_8_2_1_1__1_FuelCombustionStationary($L31,$G31,H31)} -> 0 | O31: {=Fuel_Equations.VEERG_8_2_1_1__1_FuelCombustionStationary($L31,$G31,I31)} -> 0 | P31: {=Fuel_Equations.VEERG_8_2_1_1__1_FuelCombustionStationary($L31,$G31,J31)} -> 0 | Q31: {=Fuel_Equations.VEERG_8_2_1_1__1_FuelCombustionStationary($L31,$G31,IF(ISNUMBER(K31), K31, 0))} -> 0
D32: =Table_FuelTypesPerUse[[#Headers],[Power standalone machinery or heating]] -> Power standalone machinery or heating | E32: ='Constants - Fuel'!$D$58 -> Automotive gasoline / petrol (other than for use as fuel in an aircraft) | F32: ='Constants - Fuel'!E131 -> Petrol | G32: =IFERROR(_xlfn.XLOOKUP($E32, Table_Fuel_EFs_StationaryLiquid[Fuel combusted], Table_Fuel_EFs_StationaryLiquid[Energy Content Factor (GJ per unit of fuel)]),0) -> 34.2 | H32: =IFERROR(_xlfn.XLOOKUP($E32, Table_Fuel_EFs_StationaryLiquid[Fuel combusted], Table_Fuel_EFs_StationaryLiquid[Scope 1 Emission Factor (kg CO2 - e / GJ) CO2]),0) -> 67.4 | I32: =IFERROR(_xlfn.XLOOKUP($E32, Table_Fuel_EFs_StationaryLiquid[Fuel combusted], Table_Fuel_EFs_StationaryLiquid[Scope 1 Emission Factor (kg CO2 - e / GJ) CH4]),0) -> 0.2 | J32: =IFERROR(_xlfn.XLOOKUP($E32, Table_Fuel_EFs_StationaryLiquid[Fuel combusted], Table_Fuel_EFs_StationaryLiquid[Scope 1 Emission Factor (kg CO2 - e / GJ) N2O]),0) -> 0.2 | K32: =IFERROR(_xlfn.XLOOKUP($E32, Table_Fuel_EFs_StationaryLiquid[Fuel combusted], Table_Fuel_EFs_StationaryLiquid[Scope 3 Emission Factor (kg CO2 - e / GJ)]),0) -> 17.2 | L32: {=Fuel_InputFunctions.Fuel_TotalConsumption(Table_Input_Fuel[Amount consumed], Table_Input_Fuel[Fuel use (select)], D32, Table_Input_Fuel[Fuel type (select)],F32)} -> 10000 | M32: {=Common_InputFunctions.Utility_LookupValueInTable(F32,Table_FuelTypes_Units[Fuel type],Table_FuelTypes_Units[Unit])} -> kL | N32: {=Fuel_Equations.VEERG_8_2_1_1__1_FuelCombustionStationary($L32,$G32,H32)} -> 23050.8 | O32: {=Fuel_Equations.VEERG_8_2_1_1__1_FuelCombustionStationary($L32,$G32,I32)} -> 68.4 | P32: {=Fuel_Equations.VEERG_8_2_1_1__1_FuelCombustionStationary($L32,$G32,J32)} -> 68.4 | Q32: {=Fuel_Equations.VEERG_8_2_1_1__1_FuelCombustionStationary($L32,$G32,IF(ISNUMBER(K32), K32, 0))} -> 5882.4
D33: =$D$32 -> Power standalone machinery or heating | E33: ='Constants - Fuel'!$D$63 -> Diesel oil | F33: ='Constants - Fuel'!E132 -> Diesel | G33: =IFERROR(_xlfn.XLOOKUP($E33, Table_Fuel_EFs_StationaryLiquid[Fuel combusted], Table_Fuel_EFs_StationaryLiquid[Energy Content Factor (GJ per unit of fuel)]),0) -> 38.6 | H33: =IFERROR(_xlfn.XLOOKUP($E33, Table_Fuel_EFs_StationaryLiquid[Fuel combusted], Table_Fuel_EFs_StationaryLiquid[Scope 1 Emission Factor (kg CO2 - e / GJ) CO2]),0) -> 69.9 | I33: =IFERROR(_xlfn.XLOOKUP($E33, Table_Fuel_EFs_StationaryLiquid[Fuel combusted], Table_Fuel_EFs_StationaryLiquid[Scope 1 Emission Factor (kg CO2 - e / GJ) CH4]),0) -> 0.1 | J33: =IFERROR(_xlfn.XLOOKUP($E33, Table_Fuel_EFs_StationaryLiquid[Fuel combusted], Table_Fuel_EFs_StationaryLiquid[Scope 1 Emission Factor (kg CO2 - e / GJ) N2O]),0) -> 0.2 | K33: =IFERROR(_xlfn.XLOOKUP($E33, Table_Fuel_EFs_StationaryLiquid[Fuel combusted], Table_Fuel_EFs_StationaryLiquid[Scope 3 Emission Factor (kg CO2 - e / GJ)]),0) -> 17.3 | L33: {=Fuel_InputFunctions.Fuel_TotalConsumption(Table_Input_Fuel[Amount consumed], Table_Input_Fuel[Fuel use (select)], D33, Table_Input_Fuel[Fuel type (select)],F33)} -> 0 | M33: {=Common_InputFunctions.Utility_LookupValueInTable(F33,Table_FuelTypes_Units[Fuel type],Table_FuelTypes_Units[Unit])} -> kL | N33: {=Fuel_Equations.VEERG_8_2_1_1__1_FuelCombustionStationary($L33,$G33,H33)} -> 0 | O33: {=Fuel_Equations.VEERG_8_2_1_1__1_FuelCombustionStationary($L33,$G33,I33)} -> 0 | P33: {=Fuel_Equations.VEERG_8_2_1_1__1_FuelCombustionStationary($L33,$G33,J33)} -> 0 | Q33: {=Fuel_Equations.VEERG_8_2_1_1__1_FuelCombustionStationary($L33,$G33,IF(ISNUMBER(K33), K33, 0))} -> 0
D34: =$D$32 -> Power standalone machinery or heating | E34: ='Constants - Fuel'!$D$67 -> Liquefied petroleum gas (LPG) | F34: ='Constants - Fuel'!E133 -> Liquefied petroleum gas (LPG) | G34: =IFERROR(_xlfn.XLOOKUP($E34, Table_Fuel_EFs_StationaryLiquid[Fuel combusted], Table_Fuel_EFs_StationaryLiquid[Energy Content Factor (GJ per unit of fuel)]),0) -> 25.7 | H34: =IFERROR(_xlfn.XLOOKUP($E34, Table_Fuel_EFs_StationaryLiquid[Fuel combusted], Table_Fuel_EFs_StationaryLiquid[Scope 1 Emission Factor (kg CO2 - e / GJ) CO2]),0) -> 60.2 | I34: =IFERROR(_xlfn.XLOOKUP($E34, Table_Fuel_EFs_StationaryLiquid[Fuel combusted], Table_Fuel_EFs_StationaryLiquid[Scope 1 Emission Factor (kg CO2 - e / GJ) CH4]),0) -> 0.2 | J34: =IFERROR(_xlfn.XLOOKUP($E34, Table_Fuel_EFs_StationaryLiquid[Fuel combusted], Table_Fuel_EFs_StationaryLiquid[Scope 1 Emission Factor (kg CO2 - e / GJ) N2O]),0) -> 0.2 | K34: =IFERROR(_xlfn.XLOOKUP($E34, Table_Fuel_EFs_StationaryLiquid[Fuel combusted], Table_Fuel_EFs_StationaryLiquid[Scope 3 Emission Factor (kg CO2 - e / GJ)]),0) -> 20.2 | L34: {=Fuel_InputFunctions.Fuel_TotalConsumption(Table_Input_Fuel[Amount consumed], Table_Input_Fuel[Fuel use (select)], D34, Table_Input_Fuel[Fuel type (select)],F34)} -> 0 | M34: {=Common_InputFunctions.Utility_LookupValueInTable(F34,Table_FuelTypes_Units[Fuel type],Table_FuelTypes_Units[Unit])} -> kL | N34: {=Fuel_Equations.VEERG_8_2_1_1__1_FuelCombustionStationary($L34,$G34,H34)} -> 0 | O34: {=Fuel_Equations.VEERG_8_2_1_1__1_FuelCombustionStationary($L34,$G34,I34)} -> 0 | P34: {=Fuel_Equations.VEERG_8_2_1_1__1_FuelCombustionStationary($L34,$G34,J34)} -> 0 | Q34: {=Fuel_Equations.VEERG_8_2_1_1__1_FuelCombustionStationary($L34,$G34,IF(ISNUMBER(K34), K34, 0))} -> 0
D35: =$D$32 -> Power standalone machinery or heating | E35: ='Constants - Fuel'!$D$73 -> Biodiesel | F35: ='Constants - Fuel'!E134 -> Biodiesel | G35: =IFERROR(_xlfn.XLOOKUP($E35, Table_Fuel_EFs_StationaryLiquid[Fuel combusted], Table_Fuel_EFs_StationaryLiquid[Energy Content Factor (GJ per unit of fuel)]),0) -> 34.6 | H35: =IFERROR(_xlfn.XLOOKUP($E35, Table_Fuel_EFs_StationaryLiquid[Fuel combusted], Table_Fuel_EFs_StationaryLiquid[Scope 1 Emission Factor (kg CO2 - e / GJ) CO2]),0) -> 0 | I35: =IFERROR(_xlfn.XLOOKUP($E35, Table_Fuel_EFs_StationaryLiquid[Fuel combusted], Table_Fuel_EFs_StationaryLiquid[Scope 1 Emission Factor (kg CO2 - e / GJ) CH4]),0) -> 0.08 | J35: =IFERROR(_xlfn.XLOOKUP($E35, Table_Fuel_EFs_StationaryLiquid[Fuel combusted], Table_Fuel_EFs_StationaryLiquid[Scope 1 Emission Factor (kg CO2 - e / GJ) N2O]),0) -> 0.2 | K35: =IFERROR(_xlfn.XLOOKUP($E35, Table_Fuel_EFs_StationaryLiquid[Fuel combusted], Table_Fuel_EFs_StationaryLiquid[Scope 3 Emission Factor (kg CO2 - e / GJ)]),0) -> NE | L35: {=Fuel_InputFunctions.Fuel_TotalConsumption(Table_Input_Fuel[Amount consumed], Table_Input_Fuel[Fuel use (select)], D35, Table_Input_Fuel[Fuel type (select)],F35)} -> 0 | M35: {=Common_InputFunctions.Utility_LookupValueInTable(F35,Table_FuelTypes_Units[Fuel type],Table_FuelTypes_Units[Unit])} -> kL | N35: {=Fuel_Equations.VEERG_8_2_1_1__1_FuelCombustionStationary($L35,$G35,H35)} -> 0 | O35: {=Fuel_Equations.VEERG_8_2_1_1__1_FuelCombustionStationary($L35,$G35,I35)} -> 0 | P35: {=Fuel_Equations.VEERG_8_2_1_1__1_FuelCombustionStationary($L35,$G35,J35)} -> 0 | Q35: {=Fuel_Equations.VEERG_8_2_1_1__1_FuelCombustionStationary($L35,$G35,IF(ISNUMBER(K35), K35, 0))} -> 0
D36: =$D$32 -> Power standalone machinery or heating | E36: ='Constants - Fuel'!$D$74 -> Ethanol for use as a fuel in an internal combustion engine | F36: ='Constants - Fuel'!E135 -> Ethanol | G36: =IFERROR(_xlfn.XLOOKUP($E36, Table_Fuel_EFs_StationaryLiquid[Fuel combusted], Table_Fuel_EFs_StationaryLiquid[Energy Content Factor (GJ per unit of fuel)]),0) -> 23.4 | H36: =IFERROR(_xlfn.XLOOKUP($E36, Table_Fuel_EFs_StationaryLiquid[Fuel combusted], Table_Fuel_EFs_StationaryLiquid[Scope 1 Emission Factor (kg CO2 - e / GJ) CO2]),0) -> 0 | I36: =IFERROR(_xlfn.XLOOKUP($E36, Table_Fuel_EFs_StationaryLiquid[Fuel combusted], Table_Fuel_EFs_StationaryLiquid[Scope 1 Emission Factor (kg CO2 - e / GJ) CH4]),0) -> 0.08 | J36: =IFERROR(_xlfn.XLOOKUP($E36, Table_Fuel_EFs_StationaryLiquid[Fuel combusted], Table_Fuel_EFs_StationaryLiquid[Scope 1 Emission Factor (kg CO2 - e / GJ) N2O]),0) -> 0.2 | K36: =IFERROR(_xlfn.XLOOKUP($E36, Table_Fuel_EFs_StationaryLiquid[Fuel combusted], Table_Fuel_EFs_StationaryLiquid[Scope 3 Emission Factor (kg CO2 - e / GJ)]),0) -> NE | L36: {=Fuel_InputFunctions.Fuel_TotalConsumption(Table_Input_Fuel[Amount consumed], Table_Input_Fuel[Fuel use (select)], D36, Table_Input_Fuel[Fuel type (select)],F36)} -> 0 | M36: {=Common_InputFunctions.Utility_LookupValueInTable(F36,Table_FuelTypes_Units[Fuel type],Table_FuelTypes_Units[Unit])} -> kL | N36: {=Fuel_Equations.VEERG_8_2_1_1__1_FuelCombustionStationary($L36,$G36,H36)} -> 0 | O36: {=Fuel_Equations.VEERG_8_2_1_1__1_FuelCombustionStationary($L36,$G36,I36)} -> 0 | P36: {=Fuel_Equations.VEERG_8_2_1_1__1_FuelCombustionStationary($L36,$G36,J36)} -> 0 | Q36: {=Fuel_Equations.VEERG_8_2_1_1__1_FuelCombustionStationary($L36,$G36,IF(ISNUMBER(K36), K36, 0))} -> 0
D37: =$D$32 -> Power standalone machinery or heating | E37: ='Constants - Fuel'!$D$75 -> Biofuels other than those mentioned in the items above and below | F37: ='Constants - Fuel'!E136 -> Other biofuels | G37: =IFERROR(_xlfn.XLOOKUP($E37, Table_Fuel_EFs_StationaryLiquid[Fuel combusted], Table_Fuel_EFs_StationaryLiquid[Energy Content Factor (GJ per unit of fuel)]),0) -> 23.4 | H37: =IFERROR(_xlfn.XLOOKUP($E37, Table_Fuel_EFs_StationaryLiquid[Fuel combusted], Table_Fuel_EFs_StationaryLiquid[Scope 1 Emission Factor (kg CO2 - e / GJ) CO2]),0) -> 0 | I37: =IFERROR(_xlfn.XLOOKUP($E37, Table_Fuel_EFs_StationaryLiquid[Fuel combusted], Table_Fuel_EFs_StationaryLiquid[Scope 1 Emission Factor (kg CO2 - e / GJ) CH4]),0) -> 0.08 | J37: =IFERROR(_xlfn.XLOOKUP($E37, Table_Fuel_EFs_StationaryLiquid[Fuel combusted], Table_Fuel_EFs_StationaryLiquid[Scope 1 Emission Factor (kg CO2 - e / GJ) N2O]),0) -> 0.2 | K37: =IFERROR(_xlfn.XLOOKUP($E37, Table_Fuel_EFs_StationaryLiquid[Fuel combusted], Table_Fuel_EFs_StationaryLiquid[Scope 3 Emission Factor (kg CO2 - e / GJ)]),0) -> NE | L37: {=Fuel_InputFunctions.Fuel_TotalConsumption(Table_Input_Fuel[Amount consumed], Table_Input_Fuel[Fuel use (select)], D37, Table_Input_Fuel[Fuel type (select)],F37)} -> 0 | M37: {=Common_InputFunctions.Utility_LookupValueInTable(F37,Table_FuelTypes_Units[Fuel type],Table_FuelTypes_Units[Unit])} -> kL | N37: {=Fuel_Equations.VEERG_8_2_1_1__1_FuelCombustionStationary($L37,$G37,H37)} -> 0 | O37: {=Fuel_Equations.VEERG_8_2_1_1__1_FuelCombustionStationary($L37,$G37,I37)} -> 0 | P37: {=Fuel_Equations.VEERG_8_2_1_1__1_FuelCombustionStationary($L37,$G37,J37)} -> 0 | Q37: {=Fuel_Equations.VEERG_8_2_1_1__1_FuelCombustionStationary($L37,$G37,IF(ISNUMBER(K37), K37, 0))} -> 0
A38: =HYPERLINK("#A1", "▲ Back to top") -> ▲ Back to top | D38: =$D$32 -> Power standalone machinery or heating | E38: ='Constants - Fuel'!$D$77 -> Renewable diesel | F38: ='Constants - Fuel'!E137 -> Renewable diesel | G38: =IFERROR(_xlfn.XLOOKUP($E38, Table_Fuel_EFs_StationaryLiquid[Fuel combusted], Table_Fuel_EFs_StationaryLiquid[Energy Content Factor (GJ per unit of fuel)]),0) -> 38.6 | H38: =IFERROR(_xlfn.XLOOKUP($E38, Table_Fuel_EFs_StationaryLiquid[Fuel combusted], Table_Fuel_EFs_StationaryLiquid[Scope 1 Emission Factor (kg CO2 - e / GJ) CO2]),0) -> 0 | I38: =IFERROR(_xlfn.XLOOKUP($E38, Table_Fuel_EFs_StationaryLiquid[Fuel combusted], Table_Fuel_EFs_StationaryLiquid[Scope 1 Emission Factor (kg CO2 - e / GJ) CH4]),0) -> 0.1 | J38: =IFERROR(_xlfn.XLOOKUP($E38, Table_Fuel_EFs_StationaryLiquid[Fuel combusted], Table_Fuel_EFs_StationaryLiquid[Scope 1 Emission Factor (kg CO2 - e / GJ) N2O]),0) -> 0.2 | K38: =IFERROR(_xlfn.XLOOKUP($E38, Table_Fuel_EFs_StationaryLiquid[Fuel combusted], Table_Fuel_EFs_StationaryLiquid[Scope 3 Emission Factor (kg CO2 - e / GJ)]),0) -> NE | L38: {=Fuel_InputFunctions.Fuel_TotalConsumption(Table_Input_Fuel[Amount consumed], Table_Input_Fuel[Fuel use (select)], D38, Table_Input_Fuel[Fuel type (select)],F38)} -> 0 | M38: {=Common_InputFunctions.Utility_LookupValueInTable(F38,Table_FuelTypes_Units[Fuel type],Table_FuelTypes_Units[Unit])} -> kL | N38: {=Fuel_Equations.VEERG_8_2_1_1__1_FuelCombustionStationary($L38,$G38,H38)} -> 0 | O38: {=Fuel_Equations.VEERG_8_2_1_1__1_FuelCombustionStationary($L38,$G38,I38)} -> 0 | P38: {=Fuel_Equations.VEERG_8_2_1_1__1_FuelCombustionStationary($L38,$G38,J38)} -> 0 | Q38: {=Fuel_Equations.VEERG_8_2_1_1__1_FuelCombustionStationary($L38,$G38,IF(ISNUMBER(K38), K38, 0))} -> 0
D39: =$D$32 -> Power standalone machinery or heating | E39: ='Constants - Fuel'!$D$103 -> Natural gas distributed in a pipeline - Gigajoules | F39: ='Constants - Fuel'!E138 -> Natural gas (via pipeline) in GJ | G39: =IFERROR(_xlfn.XLOOKUP($E39, Table_Fuel_EFs_StationaryGaseous[Fuel combusted], Table_Fuel_EFs_StationaryGaseous[Energy Content Factor (GJ per unit of fuel)]),0) -> 1 | H39: =IFERROR(_xlfn.XLOOKUP($E39, Table_Fuel_EFs_StationaryGaseous[Fuel combusted], Table_Fuel_EFs_StationaryGaseous[Scope 1 Emission Factor (kg CO2 - e / GJ) CO2]),0) -> 51.4 | I39: =IFERROR(_xlfn.XLOOKUP($E39, Table_Fuel_EFs_StationaryGaseous[Fuel combusted], Table_Fuel_EFs_StationaryGaseous[Scope 1 Emission Factor (kg CO2 - e / GJ) CH4]),0) -> 0.1 | J39: =IFERROR(_xlfn.XLOOKUP($E39, Table_Fuel_EFs_StationaryGaseous[Fuel combusted], Table_Fuel_EFs_StationaryGaseous[Scope 1 Emission Factor (kg CO2 - e / GJ) N2O]),0) -> 0.03 | K39: {=IFERROR(Common_InputFunctions.Utility_LookupValueInTableOneColumnAndHeader($P$17,$P$18,Table_Fuel_EFs_StationaryGaseous34[State or territory],Table_Fuel_EFs_StationaryGaseous34[#Headers],Table_Fuel_EFs_StationaryGaseous34[]),0)} -> 4.1 | L39: {=Fuel_InputFunctions.Fuel_TotalConsumption(Table_Input_Fuel[Amount consumed], Table_Input_Fuel[Fuel use (select)], D39, Table_Input_Fuel[Fuel type (select)],F39)} -> 0 | M39: {=Common_InputFunctions.Utility_LookupValueInTable(F39,Table_FuelTypes_Units[Fuel type],Table_FuelTypes_Units[Unit])} -> GJ | N39: {=Fuel_Equations.VEERG_8_2_1_1__1_FuelCombustionStationary($L39,$G39,H39)} -> 0 | O39: {=Fuel_Equations.VEERG_8_2_1_1__1_FuelCombustionStationary($L39,$G39,I39)} -> 0 | P39: {=Fuel_Equations.VEERG_8_2_1_1__1_FuelCombustionStationary($L39,$G39,J39)} -> 0 | Q39: {=Fuel_Equations.VEERG_8_2_1_1__1_FuelCombustionStationary($L39,$G39,IF(ISNUMBER(K39), K39, 0))} -> 0
D40: =$D$32 -> Power standalone machinery or heating | E40: ='Constants - Fuel'!$D$104 -> Town gas - Gigajoules | F40: ='Constants - Fuel'!E139 -> Town gas in GJ | G40: =IFERROR(_xlfn.XLOOKUP($E40, Table_Fuel_EFs_StationaryGaseous[Fuel combusted], Table_Fuel_EFs_StationaryGaseous[Energy Content Factor (GJ per unit of fuel)]),0) -> 1 | H40: =IFERROR(_xlfn.XLOOKUP($E40, Table_Fuel_EFs_StationaryGaseous[Fuel combusted], Table_Fuel_EFs_StationaryGaseous[Scope 1 Emission Factor (kg CO2 - e / GJ) CO2]),0) -> 60.2 | I40: =IFERROR(_xlfn.XLOOKUP($E40, Table_Fuel_EFs_StationaryGaseous[Fuel combusted], Table_Fuel_EFs_StationaryGaseous[Scope 1 Emission Factor (kg CO2 - e / GJ) CH4]),0) -> 0.04 | J40: =IFERROR(_xlfn.XLOOKUP($E40, Table_Fuel_EFs_StationaryGaseous[Fuel combusted], Table_Fuel_EFs_StationaryGaseous[Scope 1 Emission Factor (kg CO2 - e / GJ) N2O]),0) -> 0.03 | K40: {=IFERROR(Common_InputFunctions.Utility_LookupValueInTableOneColumnAndHeader($P$17,$P$18,Table_Fuel_EFs_StationaryGaseous34[State or territory],Table_Fuel_EFs_StationaryGaseous34[#Headers],Table_Fuel_EFs_StationaryGaseous34[]),0)} -> 4.1 | L40: {=Fuel_InputFunctions.Fuel_TotalConsumption(Table_Input_Fuel[Amount consumed], Table_Input_Fuel[Fuel use (select)], D40, Table_Input_Fuel[Fuel type (select)],F40)} -> 100 | M40: {=Common_InputFunctions.Utility_LookupValueInTable(F40,Table_FuelTypes_Units[Fuel type],Table_FuelTypes_Units[Unit])} -> GJ | N40: {=Fuel_Equations.VEERG_8_2_1_1__1_FuelCombustionStationary($L40,$G40,H40)} -> 6.02 | O40: {=Fuel_Equations.VEERG_8_2_1_1__1_FuelCombustionStationary($L40,$G40,I40)} -> 0.004 | P40: {=Fuel_Equations.VEERG_8_2_1_1__1_FuelCombustionStationary($L40,$G40,J40)} -> 0.003 | Q40: {=Fuel_Equations.VEERG_8_2_1_1__1_FuelCombustionStationary($L40,$G40,IF(ISNUMBER(K40), K40, 0))} -> 0.41
D42: ="Total scope 1 - " & D25 -> Total scope 1 - Generators
D43: CO2 | E43: =SUM(N25:N31) -> 0 | F43: =$E$12 -> t CO2-e
D44: CH4 | E44: =SUM(O25:O31) -> 0 | F44: =$E$12 -> t CO2-e
D45: N2O | E45: =SUM(P25:P31) -> 0 | F45: =$E$12 -> t CO2-e
D46: Scope 3 | E46: =SUM(Q25:Q31) -> 0 | F46: =$E$12 -> t CO2-e
D48: ="Total scope 1 - " & D32 -> Total scope 1 - Power standalone machinery or heating
D49: CO2 | E49: =SUM(N32:N40) -> 23056.82 | F49: =$E$12 -> t CO2-e
D50: CH4 | E50: =SUM(O32:O40) -> 68.404 | F50: =$E$12 -> t CO2-e
D51: N2O | E51: =SUM(P32:P40) -> 68.403 | F51: =$E$12 -> t CO2-e
D52: Scope 3 | E52: =SUM(Q32:Q40) -> 5882.81 | F52: =$E$12 -> t CO2-e
D54: Total scope 1 - All stationary fuel use
D55: CO2 | E55: =E43+E49 -> 23056.82 | F55: =$E$12 -> t CO2-e
D56: CH4 | E56: =E44+E50 -> 68.404 | F56: =$E$12 -> t CO2-e
D57: N2O | E57: =E45+E51 -> 68.403 | F57: =$E$12 -> t CO2-e
D58: Scope 3 | E58: =E46+E52 -> 5882.81 | F58: =$E$12 -> t CO2-e
A76: =HYPERLINK("#A1", "▲ Back to top") -> ▲ Back to top

Sheet Constants - Fuel
A1: #VALUE! | C1: Constants - Fuel
A3: =HYPERLINK("#'Home'!A1", "Home") -> Home
A4: =HYPERLINK("#'Overview'!A1", "Overview") -> Overview
A5: =HYPERLINK("#'Results'!A1", "Results") -> Results | D5: {=Fuel_SourceData.Fuel_Scope1Scope3EmissionFactorsTransport_Title()} -> Fuel scope 1 and 3 emission factors - Transport
D6: {=Fuel_SourceData.Fuel_Scope1Scope3EmissionFactorsTransport_Description()} -> Direct (scope 1) and indirect (scope 3) emission factors for the consumption of transport fuels in different transport equipment
A7: INPUTS | D7: {=Fuel_SourceData.Fuel_Scope1Scope3EmissionFactorsTransport_Source()} -> Australian National Greenhouse Accounts Factors 2025 - Table 9
A8: =HYPERLINK("#'Input - Fuel'!A1", "Fuel") -> Fuel | D8: {="⚠️" & Fuel_SourceData.Fuel_Scope1Scope3EmissionFactorsTransport_Variation()} -> ⚠️VARIATION OF SOURCE DATA: 'NE' values returned as zero for calculations.
D9: Transport type | E9: Fuel combusted | F9: Energy Content Factor (GJ per unit of fuel) | G9: Fuel unit | H9: Scope 1 Emission Factor (kg CO2 - e / GJ) CO2 | I9: Scope 1 Emission Factor (kg CO2 - e / GJ) CH4 | J9: Scope 1 Emission Factor (kg CO2 - e / GJ) N2O | K9: Scope 1 Emission Factor (kg CO2 - e / GJ) Combined gases | L9: Scope 3 Emission Factor (kg CO2 - e / GJ)
A10: CALCULATIONS | D10: {=Common_InputFunctions.Utility_DisplayArrayInTable(Fuel_SourceData.Fuel_Scope1Scope3EmissionFactorsTransport_Data(), Table_Fuel_EFs_Transport[[#Headers],[Transport type]], 0)} -> Cars and light commercial vehicles | E10: {=Common_InputFunctions.Utility_DisplayArrayInTable(Fuel_SourceData.Fuel_Scope1Scope3EmissionFactorsTransport_Data(), Table_Fuel_EFs_Transport[[#Headers],[Transport type]], 0)} -> Gasoline | F10: {=Common_InputFunctions.Utility_DisplayArrayInTable(Fuel_SourceData.Fuel_Scope1Scope3EmissionFactorsTransport_Data(), Table_Fuel_EFs_Transport[[#Headers],[Transport type]], 0)} -> 34.2 | G10: {=Common_InputFunctions.Utility_DisplayArrayInTable(Fuel_SourceData.Fuel_Scope1Scope3EmissionFactorsTransport_Data(), Table_Fuel_EFs_Transport[[#Headers],[Transport type]], 0)} -> kl | H10: {=Common_InputFunctions.Utility_DisplayArrayInTable(Fuel_SourceData.Fuel_Scope1Scope3EmissionFactorsTransport_Data(), Table_Fuel_EFs_Transport[[#Headers],[Transport type]], 0)} -> 67.4 | I10: {=Common_InputFunctions.Utility_DisplayArrayInTable(Fuel_SourceData.Fuel_Scope1Scope3EmissionFactorsTransport_Data(), Table_Fuel_EFs_Transport[[#Headers],[Transport type]], 0)} -> 0.02 | J10: {=Common_InputFunctions.Utility_DisplayArrayInTable(Fuel_SourceData.Fuel_Scope1Scope3EmissionFactorsTransport_Data(), Table_Fuel_EFs_Transport[[#Headers],[Transport type]], 0)} -> 0.2 | K10: {=Common_InputFunctions.Utility_DisplayArrayInTable(Fuel_SourceData.Fuel_Scope1Scope3EmissionFactorsTransport_Data(), Table_Fuel_EFs_Transport[[#Headers],[Transport type]], 0)} -> 67.62 | L10: {=Common_InputFunctions.Utility_DisplayArrayInTable(Fuel_SourceData.Fuel_Scope1Scope3EmissionFactorsTransport_Data(), Table_Fuel_EFs_Transport[[#Headers],[Transport type]], 0)} -> 17.2
A11: =HYPERLINK("#'8.1.1.1-2 Transport fuel'!A1", "8.1.1.1-2 Transport fuel") -> 8.1.1.1-2 Transport fuel | D11: {=Common_InputFunctions.Utility_DisplayArrayInTable(Fuel_SourceData.Fuel_Scope1Scope3EmissionFactorsTransport_Data(), Table_Fuel_EFs_Transport[[#Headers],[Transport type]], 0)} -> Cars and light commercial vehicles | E11: {=Common_InputFunctions.Utility_DisplayArrayInTable(Fuel_SourceData.Fuel_Scope1Scope3EmissionFactorsTransport_Data(), Table_Fuel_EFs_Transport[[#Headers],[Transport type]], 0)} -> Diesel oil | F11: {=Common_InputFunctions.Utility_DisplayArrayInTable(Fuel_SourceData.Fuel_Scope1Scope3EmissionFactorsTransport_Data(), Table_Fuel_EFs_Transport[[#Headers],[Transport type]], 0)} -> 38.6 | G11: {=Common_InputFunctions.Utility_DisplayArrayInTable(Fuel_SourceData.Fuel_Scope1Scope3EmissionFactorsTransport_Data(), Table_Fuel_EFs_Transport[[#Headers],[Transport type]], 0)} -> kl | H11: {=Common_InputFunctions.Utility_DisplayArrayInTable(Fuel_SourceData.Fuel_Scope1Scope3EmissionFactorsTransport_Data(), Table_Fuel_EFs_Transport[[#Headers],[Transport type]], 0)} -> 69.9 | I11: {=Common_InputFunctions.Utility_DisplayArrayInTable(Fuel_SourceData.Fuel_Scope1Scope3EmissionFactorsTransport_Data(), Table_Fuel_EFs_Transport[[#Headers],[Transport type]], 0)} -> 0.01 | J11: {=Common_InputFunctions.Utility_DisplayArrayInTable(Fuel_SourceData.Fuel_Scope1Scope3EmissionFactorsTransport_Data(), Table_Fuel_EFs_Transport[[#Headers],[Transport type]], 0)} -> 0.5 | K11: {=Common_InputFunctions.Utility_DisplayArrayInTable(Fuel_SourceData.Fuel_Scope1Scope3EmissionFactorsTransport_Data(), Table_Fuel_EFs_Transport[[#Headers],[Transport type]], 0)} -> 70.41 | L11: {=Common_InputFunctions.Utility_DisplayArrayInTable(Fuel_SourceData.Fuel_Scope1Scope3EmissionFactorsTransport_Data(), Table_Fuel_EFs_Transport[[#Headers],[Transport type]], 0)} -> 17.3
A12: =HYPERLINK("#'8.2.1.1-2 Stationary fuel'!A1", "8.2.1.1-2 Stationary fuel") -> 8.2.1.1-2 Stationary fuel | D12: {=Common_InputFunctions.Utility_DisplayArrayInTable(Fuel_SourceData.Fuel_Scope1Scope3EmissionFactorsTransport_Data(), Table_Fuel_EFs_Transport[[#Headers],[Transport type]], 0)} -> Cars and light commercial vehicles | E12: {=Common_InputFunctions.Utility_DisplayArrayInTable(Fuel_SourceData.Fuel_Scope1Scope3EmissionFactorsTransport_Data(), Table_Fuel_EFs_Transport[[#Headers],[Transport type]], 0)} -> Liquefied petroleum gas (LPG) | F12: {=Common_InputFunctions.Utility_DisplayArrayInTable(Fuel_SourceData.Fuel_Scope1Scope3EmissionFactorsTransport_Data(), Table_Fuel_EFs_Transport[[#Headers],[Transport type]], 0)} -> 26.2 | G12: {=Common_InputFunctions.Utility_DisplayArrayInTable(Fuel_SourceData.Fuel_Scope1Scope3EmissionFactorsTransport_Data(), Table_Fuel_EFs_Transport[[#Headers],[Transport type]], 0)} -> kl | H12: {=Common_InputFunctions.Utility_DisplayArrayInTable(Fuel_SourceData.Fuel_Scope1Scope3EmissionFactorsTransport_Data(), Table_Fuel_EFs_Transport[[#Headers],[Transport type]], 0)} -> 60.2 | I12: {=Common_InputFunctions.Utility_DisplayArrayInTable(Fuel_SourceData.Fuel_Scope1Scope3EmissionFactorsTransport_Data(), Table_Fuel_EFs_Transport[[#Headers],[Transport type]], 0)} -> 0.5 | J12: {=Common_InputFunctions.Utility_DisplayArrayInTable(Fuel_SourceData.Fuel_Scope1Scope3EmissionFactorsTransport_Data(), Table_Fuel_EFs_Transport[[#Headers],[Transport type]], 0)} -> 0.3 | K12: {=Common_InputFunctions.Utility_DisplayArrayInTable(Fuel_SourceData.Fuel_Scope1Scope3EmissionFactorsTransport_Data(), Table_Fuel_EFs_Transport[[#Headers],[Transport type]], 0)} -> 61 | L12: {=Common_InputFunctions.Utility_DisplayArrayInTable(Fuel_SourceData.Fuel_Scope1Scope3EmissionFactorsTransport_Data(), Table_Fuel_EFs_Transport[[#Headers],[Transport type]], 0)} -> 20.2
A13: =HYPERLINK("#'8.X.1.1-2 General use fuel'!A1", "8.X.1.1-2 General use fuel") -> 8.X.1.1-2 General use fuel | D13: {=Common_InputFunctions.Utility_DisplayArrayInTable(Fuel_SourceData.Fuel_Scope1Scope3EmissionFactorsTransport_Data(), Table_Fuel_EFs_Transport[[#Headers],[Transport type]], 0)} -> Cars and light commercial vehicles | E13: {=Common_InputFunctions.Utility_DisplayArrayInTable(Fuel_SourceData.Fuel_Scope1Scope3EmissionFactorsTransport_Data(), Table_Fuel_EFs_Transport[[#Headers],[Transport type]], 0)} -> Fuel oil | F13: {=Common_InputFunctions.Utility_DisplayArrayInTable(Fuel_SourceData.Fuel_Scope1Scope3EmissionFactorsTransport_Data(), Table_Fuel_EFs_Transport[[#Headers],[Transport type]], 0)} -> 39.7 | G13: {=Common_InputFunctions.Utility_DisplayArrayInTable(Fuel_SourceData.Fuel_Scope1Scope3EmissionFactorsTransport_Data(), Table_Fuel_EFs_Transport[[#Headers],[Transport type]], 0)} -> kl | H13: {=Common_InputFunctions.Utility_DisplayArrayInTable(Fuel_SourceData.Fuel_Scope1Scope3EmissionFactorsTransport_Data(), Table_Fuel_EFs_Transport[[#Headers],[Transport type]], 0)} -> 73.6 | I13: {=Common_InputFunctions.Utility_DisplayArrayInTable(Fuel_SourceData.Fuel_Scope1Scope3EmissionFactorsTransport_Data(), Table_Fuel_EFs_Transport[[#Headers],[Transport type]], 0)} -> 0.08 | J13: {=Common_InputFunctions.Utility_DisplayArrayInTable(Fuel_SourceData.Fuel_Scope1Scope3EmissionFactorsTransport_Data(), Table_Fuel_EFs_Transport[[#Headers],[Transport type]], 0)} -> 0.5 | K13: {=Common_InputFunctions.Utility_DisplayArrayInTable(Fuel_SourceData.Fuel_Scope1Scope3EmissionFactorsTransport_Data(), Table_Fuel_EFs_Transport[[#Headers],[Transport type]], 0)} -> 74.18 | L13: {=Common_InputFunctions.Utility_DisplayArrayInTable(Fuel_SourceData.Fuel_Scope1Scope3EmissionFactorsTransport_Data(), Table_Fuel_EFs_Transport[[#Headers],[Transport type]], 0)} -> 18
D14: {=Common_InputFunctions.Utility_DisplayArrayInTable(Fuel_SourceData.Fuel_Scope1Scope3EmissionFactorsTransport_Data(), Table_Fuel_EFs_Transport[[#Headers],[Transport type]], 0)} -> Cars and light commercial vehicles | E14: {=Common_InputFunctions.Utility_DisplayArrayInTable(Fuel_SourceData.Fuel_Scope1Scope3EmissionFactorsTransport_Data(), Table_Fuel_EFs_Transport[[#Headers],[Transport type]], 0)} -> Ethanol | F14: {=Common_InputFunctions.Utility_DisplayArrayInTable(Fuel_SourceData.Fuel_Scope1Scope3EmissionFactorsTransport_Data(), Table_Fuel_EFs_Transport[[#Headers],[Transport type]], 0)} -> 23.4 | G14: {=Common_InputFunctions.Utility_DisplayArrayInTable(Fuel_SourceData.Fuel_Scope1Scope3EmissionFactorsTransport_Data(), Table_Fuel_EFs_Transport[[#Headers],[Transport type]], 0)} -> kl | H14: {=Common_InputFunctions.Utility_DisplayArrayInTable(Fuel_SourceData.Fuel_Scope1Scope3EmissionFactorsTransport_Data(), Table_Fuel_EFs_Transport[[#Headers],[Transport type]], 0)} -> 0 | I14: {=Common_InputFunctions.Utility_DisplayArrayInTable(Fuel_SourceData.Fuel_Scope1Scope3EmissionFactorsTransport_Data(), Table_Fuel_EFs_Transport[[#Headers],[Transport type]], 0)} -> 0.2 | J14: {=Common_InputFunctions.Utility_DisplayArrayInTable(Fuel_SourceData.Fuel_Scope1Scope3EmissionFactorsTransport_Data(), Table_Fuel_EFs_Transport[[#Headers],[Transport type]], 0)} -> 0.2 | K14: {=Common_InputFunctions.Utility_DisplayArrayInTable(Fuel_SourceData.Fuel_Scope1Scope3EmissionFactorsTransport_Data(), Table_Fuel_EFs_Transport[[#Headers],[Transport type]], 0)} -> 0.4 | L14: {=Common_InputFunctions.Utility_DisplayArrayInTable(Fuel_SourceData.Fuel_Scope1Scope3EmissionFactorsTransport_Data(), Table_Fuel_EFs_Transport[[#Headers],[Transport type]], 0)} -> NE
A15: APPENDICES | D15: {=Common_InputFunctions.Utility_DisplayArrayInTable(Fuel_SourceData.Fuel_Scope1Scope3EmissionFactorsTransport_Data(), Table_Fuel_EFs_Transport[[#Headers],[Transport type]], 0)} -> Cars and light commercial vehicles | E15: {=Common_InputFunctions.Utility_DisplayArrayInTable(Fuel_SourceData.Fuel_Scope1Scope3EmissionFactorsTransport_Data(), Table_Fuel_EFs_Transport[[#Headers],[Transport type]], 0)} -> Biodiesel | F15: {=Common_InputFunctions.Utility_DisplayArrayInTable(Fuel_SourceData.Fuel_Scope1Scope3EmissionFactorsTransport_Data(), Table_Fuel_EFs_Transport[[#Headers],[Transport type]], 0)} -> 34.6 | G15: {=Common_InputFunctions.Utility_DisplayArrayInTable(Fuel_SourceData.Fuel_Scope1Scope3EmissionFactorsTransport_Data(), Table_Fuel_EFs_Transport[[#Headers],[Transport type]], 0)} -> kl | H15: {=Common_InputFunctions.Utility_DisplayArrayInTable(Fuel_SourceData.Fuel_Scope1Scope3EmissionFactorsTransport_Data(), Table_Fuel_EFs_Transport[[#Headers],[Transport type]], 0)} -> 0 | I15: {=Common_InputFunctions.Utility_DisplayArrayInTable(Fuel_SourceData.Fuel_Scope1Scope3EmissionFactorsTransport_Data(), Table_Fuel_EFs_Transport[[#Headers],[Transport type]], 0)} -> 0.8 | J15: {=Common_InputFunctions.Utility_DisplayArrayInTable(Fuel_SourceData.Fuel_Scope1Scope3EmissionFactorsTransport_Data(), Table_Fuel_EFs_Transport[[#Headers],[Transport type]], 0)} -> 1.7 | K15: {=Common_InputFunctions.Utility_DisplayArrayInTable(Fuel_SourceData.Fuel_Scope1Scope3EmissionFactorsTransport_Data(), Table_Fuel_EFs_Transport[[#Headers],[Transport type]], 0)} -> 2.5 | L15: {=Common_InputFunctions.Utility_DisplayArrayInTable(Fuel_SourceData.Fuel_Scope1Scope3EmissionFactorsTransport_Data(), Table_Fuel_EFs_Transport[[#Headers],[Transport type]], 0)} -> NE
A16: =HYPERLINK("#'Constants - Fuel'!A1", "Constants - Fuel") -> Constants - Fuel | D16: {=Common_InputFunctions.Utility_DisplayArrayInTable(Fuel_SourceData.Fuel_Scope1Scope3EmissionFactorsTransport_Data(), Table_Fuel_EFs_Transport[[#Headers],[Transport type]], 0)} -> Cars and light commercial vehicles | E16: {=Common_InputFunctions.Utility_DisplayArrayInTable(Fuel_SourceData.Fuel_Scope1Scope3EmissionFactorsTransport_Data(), Table_Fuel_EFs_Transport[[#Headers],[Transport type]], 0)} -> Renewable diesel | F16: {=Common_InputFunctions.Utility_DisplayArrayInTable(Fuel_SourceData.Fuel_Scope1Scope3EmissionFactorsTransport_Data(), Table_Fuel_EFs_Transport[[#Headers],[Transport type]], 0)} -> 38.6 | G16: {=Common_InputFunctions.Utility_DisplayArrayInTable(Fuel_SourceData.Fuel_Scope1Scope3EmissionFactorsTransport_Data(), Table_Fuel_EFs_Transport[[#Headers],[Transport type]], 0)} -> kl | H16: {=Common_InputFunctions.Utility_DisplayArrayInTable(Fuel_SourceData.Fuel_Scope1Scope3EmissionFactorsTransport_Data(), Table_Fuel_EFs_Transport[[#Headers],[Transport type]], 0)} -> 0 | I16: {=Common_InputFunctions.Utility_DisplayArrayInTable(Fuel_SourceData.Fuel_Scope1Scope3EmissionFactorsTransport_Data(), Table_Fuel_EFs_Transport[[#Headers],[Transport type]], 0)} -> 0.01 | J16: {=Common_InputFunctions.Utility_DisplayArrayInTable(Fuel_SourceData.Fuel_Scope1Scope3EmissionFactorsTransport_Data(), Table_Fuel_EFs_Transport[[#Headers],[Transport type]], 0)} -> 0.5 | K16: {=Common_InputFunctions.Utility_DisplayArrayInTable(Fuel_SourceData.Fuel_Scope1Scope3EmissionFactorsTransport_Data(), Table_Fuel_EFs_Transport[[#Headers],[Transport type]], 0)} -> 0.51 | L16: {=Common_InputFunctions.Utility_DisplayArrayInTable(Fuel_SourceData.Fuel_Scope1Scope3EmissionFactorsTransport_Data(), Table_Fuel_EFs_Transport[[#Headers],[Transport type]], 0)} -> NE
A17: =HYPERLINK("#'Constants - Common'!A1", "Constants - Common") -> Constants - Common | D17: {=Common_InputFunctions.Utility_DisplayArrayInTable(Fuel_SourceData.Fuel_Scope1Scope3EmissionFactorsTransport_Data(), Table_Fuel_EFs_Transport[[#Headers],[Transport type]], 0)} -> Cars and light commercial vehicles | E17: {=Common_InputFunctions.Utility_DisplayArrayInTable(Fuel_SourceData.Fuel_Scope1Scope3EmissionFactorsTransport_Data(), Table_Fuel_EFs_Transport[[#Headers],[Transport type]], 0)} -> Other biofuels | F17: {=Common_InputFunctions.Utility_DisplayArrayInTable(Fuel_SourceData.Fuel_Scope1Scope3EmissionFactorsTransport_Data(), Table_Fuel_EFs_Transport[[#Headers],[Transport type]], 0)} -> 23.4 | G17: {=Common_InputFunctions.Utility_DisplayArrayInTable(Fuel_SourceData.Fuel_Scope1Scope3EmissionFactorsTransport_Data(), Table_Fuel_EFs_Transport[[#Headers],[Transport type]], 0)} -> kl | H17: {=Common_InputFunctions.Utility_DisplayArrayInTable(Fuel_SourceData.Fuel_Scope1Scope3EmissionFactorsTransport_Data(), Table_Fuel_EFs_Transport[[#Headers],[Transport type]], 0)} -> 0 | I17: {=Common_InputFunctions.Utility_DisplayArrayInTable(Fuel_SourceData.Fuel_Scope1Scope3EmissionFactorsTransport_Data(), Table_Fuel_EFs_Transport[[#Headers],[Transport type]], 0)} -> 0.8 | J17: {=Common_InputFunctions.Utility_DisplayArrayInTable(Fuel_SourceData.Fuel_Scope1Scope3EmissionFactorsTransport_Data(), Table_Fuel_EFs_Transport[[#Headers],[Transport type]], 0)} -> 1.7 | K17: {=Common_InputFunctions.Utility_DisplayArrayInTable(Fuel_SourceData.Fuel_Scope1Scope3EmissionFactorsTransport_Data(), Table_Fuel_EFs_Transport[[#Headers],[Transport type]], 0)} -> 2.5 | L17: {=Common_InputFunctions.Utility_DisplayArrayInTable(Fuel_SourceData.Fuel_Scope1Scope3EmissionFactorsTransport_Data(), Table_Fuel_EFs_Transport[[#Headers],[Transport type]], 0)} -> NE
D18: {=Common_InputFunctions.Utility_DisplayArrayInTable(Fuel_SourceData.Fuel_Scope1Scope3EmissionFactorsTransport_Data(), Table_Fuel_EFs_Transport[[#Headers],[Transport type]], 0)} -> Light duty vehicles | E18: {=Common_InputFunctions.Utility_DisplayArrayInTable(Fuel_SourceData.Fuel_Scope1Scope3EmissionFactorsTransport_Data(), Table_Fuel_EFs_Transport[[#Headers],[Transport type]], 0)} -> Compressed natural gas | F18: {=Common_InputFunctions.Utility_DisplayArrayInTable(Fuel_SourceData.Fuel_Scope1Scope3EmissionFactorsTransport_Data(), Table_Fuel_EFs_Transport[[#Headers],[Transport type]], 0)} -> 0.0393 | G18: {=Common_InputFunctions.Utility_DisplayArrayInTable(Fuel_SourceData.Fuel_Scope1Scope3EmissionFactorsTransport_Data(), Table_Fuel_EFs_Transport[[#Headers],[Transport type]], 0)} -> m3 | H18: {=Common_InputFunctions.Utility_DisplayArrayInTable(Fuel_SourceData.Fuel_Scope1Scope3EmissionFactorsTransport_Data(), Table_Fuel_EFs_Transport[[#Headers],[Transport type]], 0)} -> 51.4 | I18: {=Common_InputFunctions.Utility_DisplayArrayInTable(Fuel_SourceData.Fuel_Scope1Scope3EmissionFactorsTransport_Data(), Table_Fuel_EFs_Transport[[#Headers],[Transport type]], 0)} -> 7.3 | J18: {=Common_InputFunctions.Utility_DisplayArrayInTable(Fuel_SourceData.Fuel_Scope1Scope3EmissionFactorsTransport_Data(), Table_Fuel_EFs_Transport[[#Headers],[Transport type]], 0)} -> 0.3 | K18: {=Common_InputFunctions.Utility_DisplayArrayInTable(Fuel_SourceData.Fuel_Scope1Scope3EmissionFactorsTransport_Data(), Table_Fuel_EFs_Transport[[#Headers],[Transport type]], 0)} -> 59 | L18: {=Common_InputFunctions.Utility_DisplayArrayInTable(Fuel_SourceData.Fuel_Scope1Scope3EmissionFactorsTransport_Data(), Table_Fuel_EFs_Transport[[#Headers],[Transport type]], 0)} -> 18
D19: {=Common_InputFunctions.Utility_DisplayArrayInTable(Fuel_SourceData.Fuel_Scope1Scope3EmissionFactorsTransport_Data(), Table_Fuel_EFs_Transport[[#Headers],[Transport type]], 0)} -> Light duty vehicles | E19: {=Common_InputFunctions.Utility_DisplayArrayInTable(Fuel_SourceData.Fuel_Scope1Scope3EmissionFactorsTransport_Data(), Table_Fuel_EFs_Transport[[#Headers],[Transport type]], 0)} -> Liquefied natural gas | F19: {=Common_InputFunctions.Utility_DisplayArrayInTable(Fuel_SourceData.Fuel_Scope1Scope3EmissionFactorsTransport_Data(), Table_Fuel_EFs_Transport[[#Headers],[Transport type]], 0)} -> 25.3 | G19: {=Common_InputFunctions.Utility_DisplayArrayInTable(Fuel_SourceData.Fuel_Scope1Scope3EmissionFactorsTransport_Data(), Table_Fuel_EFs_Transport[[#Headers],[Transport type]], 0)} -> kl | H19: {=Common_InputFunctions.Utility_DisplayArrayInTable(Fuel_SourceData.Fuel_Scope1Scope3EmissionFactorsTransport_Data(), Table_Fuel_EFs_Transport[[#Headers],[Transport type]], 0)} -> 51.4 | I19: {=Common_InputFunctions.Utility_DisplayArrayInTable(Fuel_SourceData.Fuel_Scope1Scope3EmissionFactorsTransport_Data(), Table_Fuel_EFs_Transport[[#Headers],[Transport type]], 0)} -> 7.3 | J19: {=Common_InputFunctions.Utility_DisplayArrayInTable(Fuel_SourceData.Fuel_Scope1Scope3EmissionFactorsTransport_Data(), Table_Fuel_EFs_Transport[[#Headers],[Transport type]], 0)} -> 0.3 | K19: {=Common_InputFunctions.Utility_DisplayArrayInTable(Fuel_SourceData.Fuel_Scope1Scope3EmissionFactorsTransport_Data(), Table_Fuel_EFs_Transport[[#Headers],[Transport type]], 0)} -> 59 | L19: {=Common_InputFunctions.Utility_DisplayArrayInTable(Fuel_SourceData.Fuel_Scope1Scope3EmissionFactorsTransport_Data(), Table_Fuel_EFs_Transport[[#Headers],[Transport type]], 0)} -> 18
D20: {=Common_InputFunctions.Utility_DisplayArrayInTable(Fuel_SourceData.Fuel_Scope1Scope3EmissionFactorsTransport_Data(), Table_Fuel_EFs_Transport[[#Headers],[Transport type]], 0)} -> Heavy duty vehicles | E20: {=Common_InputFunctions.Utility_DisplayArrayInTable(Fuel_SourceData.Fuel_Scope1Scope3EmissionFactorsTransport_Data(), Table_Fuel_EFs_Transport[[#Headers],[Transport type]], 0)} -> Compressed natural gas | F20: {=Common_InputFunctions.Utility_DisplayArrayInTable(Fuel_SourceData.Fuel_Scope1Scope3EmissionFactorsTransport_Data(), Table_Fuel_EFs_Transport[[#Headers],[Transport type]], 0)} -> 0.0393 | G20: {=Common_InputFunctions.Utility_DisplayArrayInTable(Fuel_SourceData.Fuel_Scope1Scope3EmissionFactorsTransport_Data(), Table_Fuel_EFs_Transport[[#Headers],[Transport type]], 0)} -> m3 | H20: {=Common_InputFunctions.Utility_DisplayArrayInTable(Fuel_SourceData.Fuel_Scope1Scope3EmissionFactorsTransport_Data(), Table_Fuel_EFs_Transport[[#Headers],[Transport type]], 0)} -> 51.4 | I20: {=Common_InputFunctions.Utility_DisplayArrayInTable(Fuel_SourceData.Fuel_Scope1Scope3EmissionFactorsTransport_Data(), Table_Fuel_EFs_Transport[[#Headers],[Transport type]], 0)} -> 2.8 | J20: {=Common_InputFunctions.Utility_DisplayArrayInTable(Fuel_SourceData.Fuel_Scope1Scope3EmissionFactorsTransport_Data(), Table_Fuel_EFs_Transport[[#Headers],[Transport type]], 0)} -> 0.3 | K20: {=Common_InputFunctions.Utility_DisplayArrayInTable(Fuel_SourceData.Fuel_Scope1Scope3EmissionFactorsTransport_Data(), Table_Fuel_EFs_Transport[[#Headers],[Transport type]], 0)} -> 54.5 | L20: {=Common_InputFunctions.Utility_DisplayArrayInTable(Fuel_SourceData.Fuel_Scope1Scope3EmissionFactorsTransport_Data(), Table_Fuel_EFs_Transport[[#Headers],[Transport type]], 0)} -> 18
D21: {=Common_InputFunctions.Utility_DisplayArrayInTable(Fuel_SourceData.Fuel_Scope1Scope3EmissionFactorsTransport_Data(), Table_Fuel_EFs_Transport[[#Headers],[Transport type]], 0)} -> Heavy duty vehicles | E21: {=Common_InputFunctions.Utility_DisplayArrayInTable(Fuel_SourceData.Fuel_Scope1Scope3EmissionFactorsTransport_Data(), Table_Fuel_EFs_Transport[[#Headers],[Transport type]], 0)} -> Liquefied natural gas | F21: {=Common_InputFunctions.Utility_DisplayArrayInTable(Fuel_SourceData.Fuel_Scope1Scope3EmissionFactorsTransport_Data(), Table_Fuel_EFs_Transport[[#Headers],[Transport type]], 0)} -> 25.3 | G21: {=Common_InputFunctions.Utility_DisplayArrayInTable(Fuel_SourceData.Fuel_Scope1Scope3EmissionFactorsTransport_Data(), Table_Fuel_EFs_Transport[[#Headers],[Transport type]], 0)} -> kl | H21: {=Common_InputFunctions.Utility_DisplayArrayInTable(Fuel_SourceData.Fuel_Scope1Scope3EmissionFactorsTransport_Data(), Table_Fuel_EFs_Transport[[#Headers],[Transport type]], 0)} -> 51.4 | I21: {=Common_InputFunctions.Utility_DisplayArrayInTable(Fuel_SourceData.Fuel_Scope1Scope3EmissionFactorsTransport_Data(), Table_Fuel_EFs_Transport[[#Headers],[Transport type]], 0)} -> 2.8 | J21: {=Common_InputFunctions.Utility_DisplayArrayInTable(Fuel_SourceData.Fuel_Scope1Scope3EmissionFactorsTransport_Data(), Table_Fuel_EFs_Transport[[#Headers],[Transport type]], 0)} -> 0.3 | K21: {=Common_InputFunctions.Utility_DisplayArrayInTable(Fuel_SourceData.Fuel_Scope1Scope3EmissionFactorsTransport_Data(), Table_Fuel_EFs_Transport[[#Headers],[Transport type]], 0)} -> 54.5 | L21: {=Common_InputFunctions.Utility_DisplayArrayInTable(Fuel_SourceData.Fuel_Scope1Scope3EmissionFactorsTransport_Data(), Table_Fuel_EFs_Transport[[#Headers],[Transport type]], 0)} -> 18
D22: {=Common_InputFunctions.Utility_DisplayArrayInTable(Fuel_SourceData.Fuel_Scope1Scope3EmissionFactorsTransport_Data(), Table_Fuel_EFs_Transport[[#Headers],[Transport type]], 0)} -> Heavy duty vehicles | E22: {=Common_InputFunctions.Utility_DisplayArrayInTable(Fuel_SourceData.Fuel_Scope1Scope3EmissionFactorsTransport_Data(), Table_Fuel_EFs_Transport[[#Headers],[Transport type]], 0)} -> Diesel oil - Euro iv or higher | F22: {=Common_InputFunctions.Utility_DisplayArrayInTable(Fuel_SourceData.Fuel_Scope1Scope3EmissionFactorsTransport_Data(), Table_Fuel_EFs_Transport[[#Headers],[Transport type]], 0)} -> 38.6 | G22: {=Common_InputFunctions.Utility_DisplayArrayInTable(Fuel_SourceData.Fuel_Scope1Scope3EmissionFactorsTransport_Data(), Table_Fuel_EFs_Transport[[#Headers],[Transport type]], 0)} -> kl | H22: {=Common_InputFunctions.Utility_DisplayArrayInTable(Fuel_SourceData.Fuel_Scope1Scope3EmissionFactorsTransport_Data(), Table_Fuel_EFs_Transport[[#Headers],[Transport type]], 0)} -> 69.9 | I22: {=Common_InputFunctions.Utility_DisplayArrayInTable(Fuel_SourceData.Fuel_Scope1Scope3EmissionFactorsTransport_Data(), Table_Fuel_EFs_Transport[[#Headers],[Transport type]], 0)} -> 0.07 | J22: {=Common_InputFunctions.Utility_DisplayArrayInTable(Fuel_SourceData.Fuel_Scope1Scope3EmissionFactorsTransport_Data(), Table_Fuel_EFs_Transport[[#Headers],[Transport type]], 0)} -> 0.4 | K22: {=Common_InputFunctions.Utility_DisplayArrayInTable(Fuel_SourceData.Fuel_Scope1Scope3EmissionFactorsTransport_Data(), Table_Fuel_EFs_Transport[[#Headers],[Transport type]], 0)} -> 70.37 | L22: {=Common_InputFunctions.Utility_DisplayArrayInTable(Fuel_SourceData.Fuel_Scope1Scope3EmissionFactorsTransport_Data(), Table_Fuel_EFs_Transport[[#Headers],[Transport type]], 0)} -> 17.3
D23: {=Common_InputFunctions.Utility_DisplayArrayInTable(Fuel_SourceData.Fuel_Scope1Scope3EmissionFactorsTransport_Data(), Table_Fuel_EFs_Transport[[#Headers],[Transport type]], 0)} -> Heavy duty vehicles | E23: {=Common_InputFunctions.Utility_DisplayArrayInTable(Fuel_SourceData.Fuel_Scope1Scope3EmissionFactorsTransport_Data(), Table_Fuel_EFs_Transport[[#Headers],[Transport type]], 0)} -> Diesel oil - Euro iii | F23: {=Common_InputFunctions.Utility_DisplayArrayInTable(Fuel_SourceData.Fuel_Scope1Scope3EmissionFactorsTransport_Data(), Table_Fuel_EFs_Transport[[#Headers],[Transport type]], 0)} -> 38.6 | G23: {=Common_InputFunctions.Utility_DisplayArrayInTable(Fuel_SourceData.Fuel_Scope1Scope3EmissionFactorsTransport_Data(), Table_Fuel_EFs_Transport[[#Headers],[Transport type]], 0)} -> kl | H23: {=Common_InputFunctions.Utility_DisplayArrayInTable(Fuel_SourceData.Fuel_Scope1Scope3EmissionFactorsTransport_Data(), Table_Fuel_EFs_Transport[[#Headers],[Transport type]], 0)} -> 69.9 | I23: {=Common_InputFunctions.Utility_DisplayArrayInTable(Fuel_SourceData.Fuel_Scope1Scope3EmissionFactorsTransport_Data(), Table_Fuel_EFs_Transport[[#Headers],[Transport type]], 0)} -> 0.1 | J23: {=Common_InputFunctions.Utility_DisplayArrayInTable(Fuel_SourceData.Fuel_Scope1Scope3EmissionFactorsTransport_Data(), Table_Fuel_EFs_Transport[[#Headers],[Transport type]], 0)} -> 0.4 | K23: {=Common_InputFunctions.Utility_DisplayArrayInTable(Fuel_SourceData.Fuel_Scope1Scope3EmissionFactorsTransport_Data(), Table_Fuel_EFs_Transport[[#Headers],[Transport type]], 0)} -> 70.4 | L23: {=Common_InputFunctions.Utility_DisplayArrayInTable(Fuel_SourceData.Fuel_Scope1Scope3EmissionFactorsTransport_Data(), Table_Fuel_EFs_Transport[[#Headers],[Transport type]], 0)} -> 17.3
D24: {=Common_InputFunctions.Utility_DisplayArrayInTable(Fuel_SourceData.Fuel_Scope1Scope3EmissionFactorsTransport_Data(), Table_Fuel_EFs_Transport[[#Headers],[Transport type]], 0)} -> Heavy duty vehicles | E24: {=Common_InputFunctions.Utility_DisplayArrayInTable(Fuel_SourceData.Fuel_Scope1Scope3EmissionFactorsTransport_Data(), Table_Fuel_EFs_Transport[[#Headers],[Transport type]], 0)} -> Diesel oil - Euro i | F24: {=Common_InputFunctions.Utility_DisplayArrayInTable(Fuel_SourceData.Fuel_Scope1Scope3EmissionFactorsTransport_Data(), Table_Fuel_EFs_Transport[[#Headers],[Transport type]], 0)} -> 38.6 | G24: {=Common_InputFunctions.Utility_DisplayArrayInTable(Fuel_SourceData.Fuel_Scope1Scope3EmissionFactorsTransport_Data(), Table_Fuel_EFs_Transport[[#Headers],[Transport type]], 0)} -> kl | H24: {=Common_InputFunctions.Utility_DisplayArrayInTable(Fuel_SourceData.Fuel_Scope1Scope3EmissionFactorsTransport_Data(), Table_Fuel_EFs_Transport[[#Headers],[Transport type]], 0)} -> 69.9 | I24: {=Common_InputFunctions.Utility_DisplayArrayInTable(Fuel_SourceData.Fuel_Scope1Scope3EmissionFactorsTransport_Data(), Table_Fuel_EFs_Transport[[#Headers],[Transport type]], 0)} -> 0.2 | J24: {=Common_InputFunctions.Utility_DisplayArrayInTable(Fuel_SourceData.Fuel_Scope1Scope3EmissionFactorsTransport_Data(), Table_Fuel_EFs_Transport[[#Headers],[Transport type]], 0)} -> 0.4 | K24: {=Common_InputFunctions.Utility_DisplayArrayInTable(Fuel_SourceData.Fuel_Scope1Scope3EmissionFactorsTransport_Data(), Table_Fuel_EFs_Transport[[#Headers],[Transport type]], 0)} -> 70.5 | L24: {=Common_InputFunctions.Utility_DisplayArrayInTable(Fuel_SourceData.Fuel_Scope1Scope3EmissionFactorsTransport_Data(), Table_Fuel_EFs_Transport[[#Headers],[Transport type]], 0)} -> 17.3
D25: {=Common_InputFunctions.Utility_DisplayArrayInTable(Fuel_SourceData.Fuel_Scope1Scope3EmissionFactorsTransport_Data(), Table_Fuel_EFs_Transport[[#Headers],[Transport type]], 0)} -> Heavy duty vehicles | E25: {=Common_InputFunctions.Utility_DisplayArrayInTable(Fuel_SourceData.Fuel_Scope1Scope3EmissionFactorsTransport_Data(), Table_Fuel_EFs_Transport[[#Headers],[Transport type]], 0)} -> Renewable diesel – Euro iv or higher | F25: {=Common_InputFunctions.Utility_DisplayArrayInTable(Fuel_SourceData.Fuel_Scope1Scope3EmissionFactorsTransport_Data(), Table_Fuel_EFs_Transport[[#Headers],[Transport type]], 0)} -> 38.6 | G25: {=Common_InputFunctions.Utility_DisplayArrayInTable(Fuel_SourceData.Fuel_Scope1Scope3EmissionFactorsTransport_Data(), Table_Fuel_EFs_Transport[[#Headers],[Transport type]], 0)} -> kl | H25: {=Common_InputFunctions.Utility_DisplayArrayInTable(Fuel_SourceData.Fuel_Scope1Scope3EmissionFactorsTransport_Data(), Table_Fuel_EFs_Transport[[#Headers],[Transport type]], 0)} -> 0 | I25: {=Common_InputFunctions.Utility_DisplayArrayInTable(Fuel_SourceData.Fuel_Scope1Scope3EmissionFactorsTransport_Data(), Table_Fuel_EFs_Transport[[#Headers],[Transport type]], 0)} -> 0.07 | J25: {=Common_InputFunctions.Utility_DisplayArrayInTable(Fuel_SourceData.Fuel_Scope1Scope3EmissionFactorsTransport_Data(), Table_Fuel_EFs_Transport[[#Headers],[Transport type]], 0)} -> 0.4 | K25: {=Common_InputFunctions.Utility_DisplayArrayInTable(Fuel_SourceData.Fuel_Scope1Scope3EmissionFactorsTransport_Data(), Table_Fuel_EFs_Transport[[#Headers],[Transport type]], 0)} -> 0.47 | L25: {=Common_InputFunctions.Utility_DisplayArrayInTable(Fuel_SourceData.Fuel_Scope1Scope3EmissionFactorsTransport_Data(), Table_Fuel_EFs_Transport[[#Headers],[Transport type]], 0)} -> NE
D26: {=Common_InputFunctions.Utility_DisplayArrayInTable(Fuel_SourceData.Fuel_Scope1Scope3EmissionFactorsTransport_Data(), Table_Fuel_EFs_Transport[[#Headers],[Transport type]], 0)} -> Heavy duty vehicles | E26: {=Common_InputFunctions.Utility_DisplayArrayInTable(Fuel_SourceData.Fuel_Scope1Scope3EmissionFactorsTransport_Data(), Table_Fuel_EFs_Transport[[#Headers],[Transport type]], 0)} -> Renewable diesel – Euro iii | F26: {=Common_InputFunctions.Utility_DisplayArrayInTable(Fuel_SourceData.Fuel_Scope1Scope3EmissionFactorsTransport_Data(), Table_Fuel_EFs_Transport[[#Headers],[Transport type]], 0)} -> 38.6 | G26: {=Common_InputFunctions.Utility_DisplayArrayInTable(Fuel_SourceData.Fuel_Scope1Scope3EmissionFactorsTransport_Data(), Table_Fuel_EFs_Transport[[#Headers],[Transport type]], 0)} -> kl | H26: {=Common_InputFunctions.Utility_DisplayArrayInTable(Fuel_SourceData.Fuel_Scope1Scope3EmissionFactorsTransport_Data(), Table_Fuel_EFs_Transport[[#Headers],[Transport type]], 0)} -> 0 | I26: {=Common_InputFunctions.Utility_DisplayArrayInTable(Fuel_SourceData.Fuel_Scope1Scope3EmissionFactorsTransport_Data(), Table_Fuel_EFs_Transport[[#Headers],[Transport type]], 0)} -> 0.1 | J26: {=Common_InputFunctions.Utility_DisplayArrayInTable(Fuel_SourceData.Fuel_Scope1Scope3EmissionFactorsTransport_Data(), Table_Fuel_EFs_Transport[[#Headers],[Transport type]], 0)} -> 0.4 | K26: {=Common_InputFunctions.Utility_DisplayArrayInTable(Fuel_SourceData.Fuel_Scope1Scope3EmissionFactorsTransport_Data(), Table_Fuel_EFs_Transport[[#Headers],[Transport type]], 0)} -> 0.5 | L26: {=Common_InputFunctions.Utility_DisplayArrayInTable(Fuel_SourceData.Fuel_Scope1Scope3EmissionFactorsTransport_Data(), Table_Fuel_EFs_Transport[[#Headers],[Transport type]], 0)} -> NE
D27: {=Common_InputFunctions.Utility_DisplayArrayInTable(Fuel_SourceData.Fuel_Scope1Scope3EmissionFactorsTransport_Data(), Table_Fuel_EFs_Transport[[#Headers],[Transport type]], 0)} -> Heavy duty vehicles | E27: {=Common_InputFunctions.Utility_DisplayArrayInTable(Fuel_SourceData.Fuel_Scope1Scope3EmissionFactorsTransport_Data(), Table_Fuel_EFs_Transport[[#Headers],[Transport type]], 0)} -> Renewable diesel – Euro i | F27: {=Common_InputFunctions.Utility_DisplayArrayInTable(Fuel_SourceData.Fuel_Scope1Scope3EmissionFactorsTransport_Data(), Table_Fuel_EFs_Transport[[#Headers],[Transport type]], 0)} -> 38.6 | G27: {=Common_InputFunctions.Utility_DisplayArrayInTable(Fuel_SourceData.Fuel_Scope1Scope3EmissionFactorsTransport_Data(), Table_Fuel_EFs_Transport[[#Headers],[Transport type]], 0)} -> kl | H27: {=Common_InputFunctions.Utility_DisplayArrayInTable(Fuel_SourceData.Fuel_Scope1Scope3EmissionFactorsTransport_Data(), Table_Fuel_EFs_Transport[[#Headers],[Transport type]], 0)} -> 0 | I27: {=Common_InputFunctions.Utility_DisplayArrayInTable(Fuel_SourceData.Fuel_Scope1Scope3EmissionFactorsTransport_Data(), Table_Fuel_EFs_Transport[[#Headers],[Transport type]], 0)} -> 0.2 | J27: {=Common_InputFunctions.Utility_DisplayArrayInTable(Fuel_SourceData.Fuel_Scope1Scope3EmissionFactorsTransport_Data(), Table_Fuel_EFs_Transport[[#Headers],[Transport type]], 0)} -> 0.4 | K27: {=Common_InputFunctions.Utility_DisplayArrayInTable(Fuel_SourceData.Fuel_Scope1Scope3EmissionFactorsTransport_Data(), Table_Fuel_EFs_Transport[[#Headers],[Transport type]], 0)} -> 0.6 | L27: {=Common_InputFunctions.Utility_DisplayArrayInTable(Fuel_SourceData.Fuel_Scope1Scope3EmissionFactorsTransport_Data(), Table_Fuel_EFs_Transport[[#Headers],[Transport type]], 0)} -> NE
D28: {=Common_InputFunctions.Utility_DisplayArrayInTable(Fuel_SourceData.Fuel_Scope1Scope3EmissionFactorsTransport_Data(), Table_Fuel_EFs_Transport[[#Headers],[Transport type]], 0)} -> Aviation | E28: {=Common_InputFunctions.Utility_DisplayArrayInTable(Fuel_SourceData.Fuel_Scope1Scope3EmissionFactorsTransport_Data(), Table_Fuel_EFs_Transport[[#Headers],[Transport type]], 0)} -> Gasoline for use as fuel in an aircraft | F28: {=Common_InputFunctions.Utility_DisplayArrayInTable(Fuel_SourceData.Fuel_Scope1Scope3EmissionFactorsTransport_Data(), Table_Fuel_EFs_Transport[[#Headers],[Transport type]], 0)} -> 33.1 | G28: {=Common_InputFunctions.Utility_DisplayArrayInTable(Fuel_SourceData.Fuel_Scope1Scope3EmissionFactorsTransport_Data(), Table_Fuel_EFs_Transport[[#Headers],[Transport type]], 0)} -> kl | H28: {=Common_InputFunctions.Utility_DisplayArrayInTable(Fuel_SourceData.Fuel_Scope1Scope3EmissionFactorsTransport_Data(), Table_Fuel_EFs_Transport[[#Headers],[Transport type]], 0)} -> 67 | I28: {=Common_InputFunctions.Utility_DisplayArrayInTable(Fuel_SourceData.Fuel_Scope1Scope3EmissionFactorsTransport_Data(), Table_Fuel_EFs_Transport[[#Headers],[Transport type]], 0)} -> 0.06 | J28: {=Common_InputFunctions.Utility_DisplayArrayInTable(Fuel_SourceData.Fuel_Scope1Scope3EmissionFactorsTransport_Data(), Table_Fuel_EFs_Transport[[#Headers],[Transport type]], 0)} -> 0.6 | K28: {=Common_InputFunctions.Utility_DisplayArrayInTable(Fuel_SourceData.Fuel_Scope1Scope3EmissionFactorsTransport_Data(), Table_Fuel_EFs_Transport[[#Headers],[Transport type]], 0)} -> 67.66 | L28: {=Common_InputFunctions.Utility_DisplayArrayInTable(Fuel_SourceData.Fuel_Scope1Scope3EmissionFactorsTransport_Data(), Table_Fuel_EFs_Transport[[#Headers],[Transport type]], 0)} -> 18
D29: {=Common_InputFunctions.Utility_DisplayArrayInTable(Fuel_SourceData.Fuel_Scope1Scope3EmissionFactorsTransport_Data(), Table_Fuel_EFs_Transport[[#Headers],[Transport type]], 0)} -> Aviation | E29: {=Common_InputFunctions.Utility_DisplayArrayInTable(Fuel_SourceData.Fuel_Scope1Scope3EmissionFactorsTransport_Data(), Table_Fuel_EFs_Transport[[#Headers],[Transport type]], 0)} -> Kerosene for use as fuel in an aircraft | F29: {=Common_InputFunctions.Utility_DisplayArrayInTable(Fuel_SourceData.Fuel_Scope1Scope3EmissionFactorsTransport_Data(), Table_Fuel_EFs_Transport[[#Headers],[Transport type]], 0)} -> 36.8 | G29: {=Common_InputFunctions.Utility_DisplayArrayInTable(Fuel_SourceData.Fuel_Scope1Scope3EmissionFactorsTransport_Data(), Table_Fuel_EFs_Transport[[#Headers],[Transport type]], 0)} -> kl | H29: {=Common_InputFunctions.Utility_DisplayArrayInTable(Fuel_SourceData.Fuel_Scope1Scope3EmissionFactorsTransport_Data(), Table_Fuel_EFs_Transport[[#Headers],[Transport type]], 0)} -> 69.6 | I29: {=Common_InputFunctions.Utility_DisplayArrayInTable(Fuel_SourceData.Fuel_Scope1Scope3EmissionFactorsTransport_Data(), Table_Fuel_EFs_Transport[[#Headers],[Transport type]], 0)} -> 0.01 | J29: {=Common_InputFunctions.Utility_DisplayArrayInTable(Fuel_SourceData.Fuel_Scope1Scope3EmissionFactorsTransport_Data(), Table_Fuel_EFs_Transport[[#Headers],[Transport type]], 0)} -> 0.6 | K29: {=Common_InputFunctions.Utility_DisplayArrayInTable(Fuel_SourceData.Fuel_Scope1Scope3EmissionFactorsTransport_Data(), Table_Fuel_EFs_Transport[[#Headers],[Transport type]], 0)} -> 70.21 | L29: {=Common_InputFunctions.Utility_DisplayArrayInTable(Fuel_SourceData.Fuel_Scope1Scope3EmissionFactorsTransport_Data(), Table_Fuel_EFs_Transport[[#Headers],[Transport type]], 0)} -> 18
... D34: {=Common_InputFunctions.Utility_DisplayArrayInTable(Fuel_SourceData.Fuel_Scope1Scope3EmissionFactorsTransport_Data(), Table_Fuel_EFs_Transport[[#Headers],[Transport type]], 0)} -> Off-road Agriculture and forestry equipment | E34: {=Common_InputFunctions.Utility_DisplayArrayInTable(Fuel_SourceData.Fuel_Scope1Scope3EmissionFactorsTransport_Data(), Table_Fuel_EFs_Transport[[#Headers],[Transport type]], 0)} -> Diesel oil | F34: {=Common_InputFunctions.Utility_DisplayArrayInTable(Fuel_SourceData.Fuel_Scope1Scope3EmissionFactorsTransport_Data(), Table_Fuel_EFs_Transport[[#Headers],[Transport type]], 0)} -> 38.6 | G34: {=Common_InputFunctions.Utility_DisplayArrayInTable(Fuel_SourceData.Fuel_Scope1Scope3EmissionFactorsTransport_Data(), Table_Fuel_EFs_Transport[[#Headers],[Transport type]], 0)} -> kL | H34: {=Common_InputFunctions.Utility_DisplayArrayInTable(Fuel_SourceData.Fuel_Scope1Scope3EmissionFactorsTransport_Data(), Table_Fuel_EFs_Transport[[#Headers],[Transport type]], 0)} -> 69.9 | I34: {=Common_InputFunctions.Utility_DisplayArrayInTable(Fuel_SourceData.Fuel_Scope1Scope3EmissionFactorsTransport_Data(), Table_Fuel_EFs_Transport[[#Headers],[Transport type]], 0)} -> 0.3 | J34: {=Common_InputFunctions.Utility_DisplayArrayInTable(Fuel_SourceData.Fuel_Scope1Scope3EmissionFactorsTransport_Data(), Table_Fuel_EFs_Transport[[#Headers],[Transport type]], 0)} -> 0.5 | K34: {=Common_InputFunctions.Utility_DisplayArrayInTable(Fuel_SourceData.Fuel_Scope1Scope3EmissionFactorsTransport_Data(), Table_Fuel_EFs_Transport[[#Headers],[Transport type]], 0)} | L34: {=Common_InputFunctions.Utility_DisplayArrayInTable(Fuel_SourceData.Fuel_Scope1Scope3EmissionFactorsTransport_Data(), Table_Fuel_EFs_Transport[[#Headers],[Transport type]], 0)} -> 17.3
D37: {=Fuel_SourceData.Fuel_Scope1Scope3EmissionFactorsTransportOffRoad_Title()} -> Fuel scope 1 and 3 emission factors - Off-road equipment and vessels
D38: {=Fuel_SourceData.Fuel_Scope1Scope3EmissionFactorsTransportOffRoad_Source()} -> VEERG 2026: Table A.4.2.1
D39: Transport type t | E39: Fuel type q | F39: ECTrans,q (GJ/kL) | G39: Scope 1 CO2 EFTran,1,tqg (kg CO2-e/GJ) | H39: Scope 1 CH4 EFTran,1,tgg (kg CO2-e/GJ) | I39: Scope 1 N2O EFTran,1,tgg (kg CO2-e/GJ) | J39: Scope 3 EFTrans,3,q (kg CO2-e/GJ)
D40: {=Common_InputFunctions.Utility_DisplayArrayInTable(Fuel_SourceData.Fuel_Scope1Scope3EmissionFactorsTransportOffRoad_Data(), Table_SourceData_Fuel_TransportOffroad[[#Headers],[Transport type t]],0)} -> Vessel | E40: {=Common_InputFunctions.Utility_DisplayArrayInTable(Fuel_SourceData.Fuel_Scope1Scope3EmissionFactorsTransportOffRoad_Data(), Table_SourceData_Fuel_TransportOffroad[[#Headers],[Transport type t]],0)} -> Petrol | F40: {=Common_InputFunctions.Utility_DisplayArrayInTable(Fuel_SourceData.Fuel_Scope1Scope3EmissionFactorsTransportOffRoad_Data(), Table_SourceData_Fuel_TransportOffroad[[#Headers],[Transport type t]],0)} -> 34.2 | G40: {=Common_InputFunctions.Utility_DisplayArrayInTable(Fuel_SourceData.Fuel_Scope1Scope3EmissionFactorsTransportOffRoad_Data(), Table_SourceData_Fuel_TransportOffroad[[#Headers],[Transport type t]],0)} -> 67.4 | H40: {=Common_InputFunctions.Utility_DisplayArrayInTable(Fuel_SourceData.Fuel_Scope1Scope3EmissionFactorsTransportOffRoad_Data(), Table_SourceData_Fuel_TransportOffroad[[#Headers],[Transport type t]],0)} -> 10.1 | I40: {=Common_InputFunctions.Utility_DisplayArrayInTable(Fuel_SourceData.Fuel_Scope1Scope3EmissionFactorsTransportOffRoad_Data(), Table_SourceData_Fuel_TransportOffroad[[#Headers],[Transport type t]],0)} -> 0.3 | J40: {=Common_InputFunctions.Utility_DisplayArrayInTable(Fuel_SourceData.Fuel_Scope1Scope3EmissionFactorsTransportOffRoad_Data(), Table_SourceData_Fuel_TransportOffroad[[#Headers],[Transport type t]],0)} -> 17.2
D41: {=Common_InputFunctions.Utility_DisplayArrayInTable(Fuel_SourceData.Fuel_Scope1Scope3EmissionFactorsTransportOffRoad_Data(), Table_SourceData_Fuel_TransportOffroad[[#Headers],[Transport type t]],0)} -> Vessel | E41: {=Common_InputFunctions.Utility_DisplayArrayInTable(Fuel_SourceData.Fuel_Scope1Scope3EmissionFactorsTransportOffRoad_Data(), Table_SourceData_Fuel_TransportOffroad[[#Headers],[Transport type t]],0)} -> Diesel | F41: {=Common_InputFunctions.Utility_DisplayArrayInTable(Fuel_SourceData.Fuel_Scope1Scope3EmissionFactorsTransportOffRoad_Data(), Table_SourceData_Fuel_TransportOffroad[[#Headers],[Transport type t]],0)} -> 38.6 | G41: {=Common_InputFunctions.Utility_DisplayArrayInTable(Fuel_SourceData.Fuel_Scope1Scope3EmissionFactorsTransportOffRoad_Data(), Table_SourceData_Fuel_TransportOffroad[[#Headers],[Transport type t]],0)} -> 69.9 | H41: {=Common_InputFunctions.Utility_DisplayArrayInTable(Fuel_SourceData.Fuel_Scope1Scope3EmissionFactorsTransportOffRoad_Data(), Table_SourceData_Fuel_TransportOffroad[[#Headers],[Transport type t]],0)} -> 0.2 | I41: {=Common_InputFunctions.Utility_DisplayArrayInTable(Fuel_SourceData.Fuel_Scope1Scope3EmissionFactorsTransportOffRoad_Data(), Table_SourceData_Fuel_TransportOffroad[[#Headers],[Transport type t]],0)} -> 0.5 | J41: {=Common_InputFunctions.Utility_DisplayArrayInTable(Fuel_SourceData.Fuel_Scope1Scope3EmissionFactorsTransportOffRoad_Data(), Table_SourceData_Fuel_TransportOffroad[[#Headers],[Transport type t]],0)} -> 17.3
D42: {=Common_InputFunctions.Utility_DisplayArrayInTable(Fuel_SourceData.Fuel_Scope1Scope3EmissionFactorsTransportOffRoad_Data(), Table_SourceData_Fuel_TransportOffroad[[#Headers],[Transport type t]],0)} -> Vessel | E42: {=Common_InputFunctions.Utility_DisplayArrayInTable(Fuel_SourceData.Fuel_Scope1Scope3EmissionFactorsTransportOffRoad_Data(), Table_SourceData_Fuel_TransportOffroad[[#Headers],[Transport type t]],0)} -> Fuel Oil | F42: {=Common_InputFunctions.Utility_DisplayArrayInTable(Fuel_SourceData.Fuel_Scope1Scope3EmissionFactorsTransportOffRoad_Data(), Table_SourceData_Fuel_TransportOffroad[[#Headers],[Transport type t]],0)} -> 39.7 | G42: {=Common_InputFunctions.Utility_DisplayArrayInTable(Fuel_SourceData.Fuel_Scope1Scope3EmissionFactorsTransportOffRoad_Data(), Table_SourceData_Fuel_TransportOffroad[[#Headers],[Transport type t]],0)} -> 73.6 | H42: {=Common_InputFunctions.Utility_DisplayArrayInTable(Fuel_SourceData.Fuel_Scope1Scope3EmissionFactorsTransportOffRoad_Data(), Table_SourceData_Fuel_TransportOffroad[[#Headers],[Transport type t]],0)} -> 0.2 | I42: {=Common_InputFunctions.Utility_DisplayArrayInTable(Fuel_SourceData.Fuel_Scope1Scope3EmissionFactorsTransportOffRoad_Data(), Table_SourceData_Fuel_TransportOffroad[[#Headers],[Transport type t]],0)} -> 0.5 | J42: {=Common_InputFunctions.Utility_DisplayArrayInTable(Fuel_SourceData.Fuel_Scope1Scope3EmissionFactorsTransportOffRoad_Data(), Table_SourceData_Fuel_TransportOffroad[[#Headers],[Transport type t]],0)} -> 18
D43: {=Common_InputFunctions.Utility_DisplayArrayInTable(Fuel_SourceData.Fuel_Scope1Scope3EmissionFactorsTransportOffRoad_Data(), Table_SourceData_Fuel_TransportOffroad[[#Headers],[Transport type t]],0)} -> Off-road Agriculture and forestry equipment | E43: {=Common_InputFunctions.Utility_DisplayArrayInTable(Fuel_SourceData.Fuel_Scope1Scope3EmissionFactorsTransportOffRoad_Data(), Table_SourceData_Fuel_TransportOffroad[[#Headers],[Transport type t]],0)} -> Diesel | F43: {=Common_InputFunctions.Utility_DisplayArrayInTable(Fuel_SourceData.Fuel_Scope1Scope3EmissionFactorsTransportOffRoad_Data(), Table_SourceData_Fuel_TransportOffroad[[#Headers],[Transport type t]],0)} -> 38.6 | G43: {=Common_InputFunctions.Utility_DisplayArrayInTable(Fuel_SourceData.Fuel_Scope1Scope3EmissionFactorsTransportOffRoad_Data(), Table_SourceData_Fuel_TransportOffroad[[#Headers],[Transport type t]],0)} -> 69.9 | H43: {=Common_InputFunctions.Utility_DisplayArrayInTable(Fuel_SourceData.Fuel_Scope1Scope3EmissionFactorsTransportOffRoad_Data(), Table_SourceData_Fuel_TransportOffroad[[#Headers],[Transport type t]],0)} -> 0.3 | I43: {=Common_InputFunctions.Utility_DisplayArrayInTable(Fuel_SourceData.Fuel_Scope1Scope3EmissionFactorsTransportOffRoad_Data(), Table_SourceData_Fuel_TransportOffroad[[#Headers],[Transport type t]],0)} -> 0.5 | J43: {=Common_InputFunctions.Utility_DisplayArrayInTable(Fuel_SourceData.Fuel_Scope1Scope3EmissionFactorsTransportOffRoad_Data(), Table_SourceData_Fuel_TransportOffroad[[#Headers],[Transport type t]],0)} -> 17.3
D49: {=Fuel_SourceData.Fuel_Scope1Scope3EmissionFactorsStationaryLiquid_Title()} -> Fuel scope 1 and 3 emission factors - Stationary liquid fuels
D50: {=Fuel_SourceData.Fuel_Scope1Scope3EmissionFactorsStationaryLiquid_Description()} -> Direct (Scope 1) and indirect (scope 3) emission factors for the consumption of liquid fuels, including certain petroleum based products for stationary energy purposes.
D51: {=Fuel_SourceData.Fuel_Scope1Scope3EmissionFactorsStationaryLiquid_Source()} -> Australian National Greenhouse Accounts Factors 2025 - Table 8
D52: {="⚠️" & Fuel_SourceData.Fuel_Scope1Scope3EmissionFactorsStationaryLiquid_Variation()} -> ⚠️VARIATION OF SOURCE DATA: 'NE' values returned as zero for calculations.
D53: Fuel combusted | E53: Energy Content Factor (GJ per unit of fuel) | F53: Fuel unit | G53: Scope 1 Emission Factor (kg CO2 - e / GJ) CO2 | H53: Scope 1 Emission Factor (kg CO2 - e / GJ) CH4 | I53: Scope 1 Emission Factor (kg CO2 - e / GJ) N2O | J53: Scope 1 Emission Factor (kg CO2 - e / GJ) Combined gases | K53: Scope 3 Emission Factor (kg CO2 - e / GJ)
D54: {=Common_InputFunctions.Utility_DisplayArrayInTable(Fuel_SourceData.Fuel_Scope1Scope3EmissionFactorsStationaryLiquid_Data(), Table_Fuel_EFs_StationaryLiquid[[#Headers],[Fuel combusted]],0)} -> Petroleum based oils (other than petroleum based oil used as fuel), e.g. lubricants | E54: {=Common_InputFunctions.Utility_DisplayArrayInTable(Fuel_SourceData.Fuel_Scope1Scope3EmissionFactorsStationaryLiquid_Data(), Table_Fuel_EFs_StationaryLiquid[[#Headers],[Fuel combusted]],0)} -> 38.8 | F54: {=Common_InputFunctions.Utility_DisplayArrayInTable(Fuel_SourceData.Fuel_Scope1Scope3EmissionFactorsStationaryLiquid_Data(), Table_Fuel_EFs_StationaryLiquid[[#Headers],[Fuel combusted]],0)} -> kl | G54: {=Common_InputFunctions.Utility_DisplayArrayInTable(Fuel_SourceData.Fuel_Scope1Scope3EmissionFactorsStationaryLiquid_Data(), Table_Fuel_EFs_StationaryLiquid[[#Headers],[Fuel combusted]],0)} -> 13.9 | H54: {=Common_InputFunctions.Utility_DisplayArrayInTable(Fuel_SourceData.Fuel_Scope1Scope3EmissionFactorsStationaryLiquid_Data(), Table_Fuel_EFs_StationaryLiquid[[#Headers],[Fuel combusted]],0)} -> 0 | I54: {=Common_InputFunctions.Utility_DisplayArrayInTable(Fuel_SourceData.Fuel_Scope1Scope3EmissionFactorsStationaryLiquid_Data(), Table_Fuel_EFs_StationaryLiquid[[#Headers],[Fuel combusted]],0)} -> 0 | J54: {=Common_InputFunctions.Utility_DisplayArrayInTable(Fuel_SourceData.Fuel_Scope1Scope3EmissionFactorsStationaryLiquid_Data(), Table_Fuel_EFs_StationaryLiquid[[#Headers],[Fuel combusted]],0)} -> 13.9 | K54: {=Common_InputFunctions.Utility_DisplayArrayInTable(Fuel_SourceData.Fuel_Scope1Scope3EmissionFactorsStationaryLiquid_Data(), Table_Fuel_EFs_StationaryLiquid[[#Headers],[Fuel combusted]],0)} -> 18
D55: {=Common_InputFunctions.Utility_DisplayArrayInTable(Fuel_SourceData.Fuel_Scope1Scope3EmissionFactorsStationaryLiquid_Data(), Table_Fuel_EFs_StationaryLiquid[[#Headers],[Fuel combusted]],0)} -> Petroleum based greases | E55: {=Common_InputFunctions.Utility_DisplayArrayInTable(Fuel_SourceData.Fuel_Scope1Scope3EmissionFactorsStationaryLiquid_Data(), Table_Fuel_EFs_StationaryLiquid[[#Headers],[Fuel combusted]],0)} -> 38.8 | F55: {=Common_InputFunctions.Utility_DisplayArrayInTable(Fuel_SourceData.Fuel_Scope1Scope3EmissionFactorsStationaryLiquid_Data(), Table_Fuel_EFs_StationaryLiquid[[#Headers],[Fuel combusted]],0)} -> kl | G55: {=Common_InputFunctions.Utility_DisplayArrayInTable(Fuel_SourceData.Fuel_Scope1Scope3EmissionFactorsStationaryLiquid_Data(), Table_Fuel_EFs_StationaryLiquid[[#Headers],[Fuel combusted]],0)} -> 3.5 | H55: {=Common_InputFunctions.Utility_DisplayArrayInTable(Fuel_SourceData.Fuel_Scope1Scope3EmissionFactorsStationaryLiquid_Data(), Table_Fuel_EFs_StationaryLiquid[[#Headers],[Fuel combusted]],0)} -> 0 | I55: {=Common_InputFunctions.Utility_DisplayArrayInTable(Fuel_SourceData.Fuel_Scope1Scope3EmissionFactorsStationaryLiquid_Data(), Table_Fuel_EFs_StationaryLiquid[[#Headers],[Fuel combusted]],0)} -> 0 | J55: {=Common_InputFunctions.Utility_DisplayArrayInTable(Fuel_SourceData.Fuel_Scope1Scope3EmissionFactorsStationaryLiquid_Data(), Table_Fuel_EFs_StationaryLiquid[[#Headers],[Fuel combusted]],0)} -> 3.5 | K55: {=Common_InputFunctions.Utility_DisplayArrayInTable(Fuel_SourceData.Fuel_Scope1Scope3EmissionFactorsStationaryLiquid_Data(), Table_Fuel_EFs_StationaryLiquid[[#Headers],[Fuel combusted]],0)} -> 18
D56: {=Common_InputFunctions.Utility_DisplayArrayInTable(Fuel_SourceData.Fuel_Scope1Scope3EmissionFactorsStationaryLiquid_Data(), Table_Fuel_EFs_StationaryLiquid[[#Headers],[Fuel combusted]],0)} -> Crude oil including crude oil condensates | E56: {=Common_InputFunctions.Utility_DisplayArrayInTable(Fuel_SourceData.Fuel_Scope1Scope3EmissionFactorsStationaryLiquid_Data(), Table_Fuel_EFs_StationaryLiquid[[#Headers],[Fuel combusted]],0)} -> 45.3 | F56: {=Common_InputFunctions.Utility_DisplayArrayInTable(Fuel_SourceData.Fuel_Scope1Scope3EmissionFactorsStationaryLiquid_Data(), Table_Fuel_EFs_StationaryLiquid[[#Headers],[Fuel combusted]],0)} -> t | G56: {=Common_InputFunctions.Utility_DisplayArrayInTable(Fuel_SourceData.Fuel_Scope1Scope3EmissionFactorsStationaryLiquid_Data(), Table_Fuel_EFs_StationaryLiquid[[#Headers],[Fuel combusted]],0)} -> 69.6 | H56: {=Common_InputFunctions.Utility_DisplayArrayInTable(Fuel_SourceData.Fuel_Scope1Scope3EmissionFactorsStationaryLiquid_Data(), Table_Fuel_EFs_StationaryLiquid[[#Headers],[Fuel combusted]],0)} -> 0.08 | I56: {=Common_InputFunctions.Utility_DisplayArrayInTable(Fuel_SourceData.Fuel_Scope1Scope3EmissionFactorsStationaryLiquid_Data(), Table_Fuel_EFs_StationaryLiquid[[#Headers],[Fuel combusted]],0)} -> 0.2 | J56: {=Common_InputFunctions.Utility_DisplayArrayInTable(Fuel_SourceData.Fuel_Scope1Scope3EmissionFactorsStationaryLiquid_Data(), Table_Fuel_EFs_StationaryLiquid[[#Headers],[Fuel combusted]],0)} -> 69.88 | K56: {=Common_InputFunctions.Utility_DisplayArrayInTable(Fuel_SourceData.Fuel_Scope1Scope3EmissionFactorsStationaryLiquid_Data(), Table_Fuel_EFs_StationaryLiquid[[#Headers],[Fuel combusted]],0)} -> NE
D57: {=Common_InputFunctions.Utility_DisplayArrayInTable(Fuel_SourceData.Fuel_Scope1Scope3EmissionFactorsStationaryLiquid_Data(), Table_Fuel_EFs_StationaryLiquid[[#Headers],[Fuel combusted]],0)} -> Other natural gas liquids | E57: {=Common_InputFunctions.Utility_DisplayArrayInTable(Fuel_SourceData.Fuel_Scope1Scope3EmissionFactorsStationaryLiquid_Data(), Table_Fuel_EFs_StationaryLiquid[[#Headers],[Fuel combusted]],0)} -> 46.5 | F57: {=Common_InputFunctions.Utility_DisplayArrayInTable(Fuel_SourceData.Fuel_Scope1Scope3EmissionFactorsStationaryLiquid_Data(), Table_Fuel_EFs_StationaryLiquid[[#Headers],[Fuel combusted]],0)} -> t | G57: {=Common_InputFunctions.Utility_DisplayArrayInTable(Fuel_SourceData.Fuel_Scope1Scope3EmissionFactorsStationaryLiquid_Data(), Table_Fuel_EFs_StationaryLiquid[[#Headers],[Fuel combusted]],0)} -> 61 | H57: {=Common_InputFunctions.Utility_DisplayArrayInTable(Fuel_SourceData.Fuel_Scope1Scope3EmissionFactorsStationaryLiquid_Data(), Table_Fuel_EFs_StationaryLiquid[[#Headers],[Fuel combusted]],0)} -> 0.08 | I57: {=Common_InputFunctions.Utility_DisplayArrayInTable(Fuel_SourceData.Fuel_Scope1Scope3EmissionFactorsStationaryLiquid_Data(), Table_Fuel_EFs_StationaryLiquid[[#Headers],[Fuel combusted]],0)} -> 0.2 | J57: {=Common_InputFunctions.Utility_DisplayArrayInTable(Fuel_SourceData.Fuel_Scope1Scope3EmissionFactorsStationaryLiquid_Data(), Table_Fuel_EFs_StationaryLiquid[[#Headers],[Fuel combusted]],0)} -> 61.28 | K57: {=Common_InputFunctions.Utility_DisplayArrayInTable(Fuel_SourceData.Fuel_Scope1Scope3EmissionFactorsStationaryLiquid_Data(), Table_Fuel_EFs_StationaryLiquid[[#Headers],[Fuel combusted]],0)} -> NE
D58: {=Common_InputFunctions.Utility_DisplayArrayInTable(Fuel_SourceData.Fuel_Scope1Scope3EmissionFactorsStationaryLiquid_Data(), Table_Fuel_EFs_StationaryLiquid[[#Headers],[Fuel combusted]],0)} -> Automotive gasoline / petrol (other than for use as fuel in an aircraft) | E58: {=Common_InputFunctions.Utility_DisplayArrayInTable(Fuel_SourceData.Fuel_Scope1Scope3EmissionFactorsStationaryLiquid_Data(), Table_Fuel_EFs_StationaryLiquid[[#Headers],[Fuel combusted]],0)} -> 34.2 | F58: {=Common_InputFunctions.Utility_DisplayArrayInTable(Fuel_SourceData.Fuel_Scope1Scope3EmissionFactorsStationaryLiquid_Data(), Table_Fuel_EFs_StationaryLiquid[[#Headers],[Fuel combusted]],0)} -> kL | G58: {=Common_InputFunctions.Utility_DisplayArrayInTable(Fuel_SourceData.Fuel_Scope1Scope3EmissionFactorsStationaryLiquid_Data(), Table_Fuel_EFs_StationaryLiquid[[#Headers],[Fuel combusted]],0)} -> 67.4 | H58: {=Common_InputFunctions.Utility_DisplayArrayInTable(Fuel_SourceData.Fuel_Scope1Scope3EmissionFactorsStationaryLiquid_Data(), Table_Fuel_EFs_StationaryLiquid[[#Headers],[Fuel combusted]],0)} -> 0.2 | I58: {=Common_InputFunctions.Utility_DisplayArrayInTable(Fuel_SourceData.Fuel_Scope1Scope3EmissionFactorsStationaryLiquid_Data(), Table_Fuel_EFs_StationaryLiquid[[#Headers],[Fuel combusted]],0)} -> 0.2 | J58: {=Common_InputFunctions.Utility_DisplayArrayInTable(Fuel_SourceData.Fuel_Scope1Scope3EmissionFactorsStationaryLiquid_Data(), Table_Fuel_EFs_StationaryLiquid[[#Headers],[Fuel combusted]],0)} -> 67.8 | K58: {=Common_InputFunctions.Utility_DisplayArrayInTable(Fuel_SourceData.Fuel_Scope1Scope3EmissionFactorsStationaryLiquid_Data(), Table_Fuel_EFs_StationaryLiquid[[#Headers],[Fuel combusted]],0)} -> 17.2
D59: {=Common_InputFunctions.Utility_DisplayArrayInTable(Fuel_SourceData.Fuel_Scope1Scope3EmissionFactorsStationaryLiquid_Data(), Table_Fuel_EFs_StationaryLiquid[[#Headers],[Fuel combusted]],0)} -> Aviation gasoline | E59: {=Common_InputFunctions.Utility_DisplayArrayInTable(Fuel_SourceData.Fuel_Scope1Scope3EmissionFactorsStationaryLiquid_Data(), Table_Fuel_EFs_StationaryLiquid[[#Headers],[Fuel combusted]],0)} -> 33.1 | F59: {=Common_InputFunctions.Utility_DisplayArrayInTable(Fuel_SourceData.Fuel_Scope1Scope3EmissionFactorsStationaryLiquid_Data(), Table_Fuel_EFs_StationaryLiquid[[#Headers],[Fuel combusted]],0)} -> kL | G59: {=Common_InputFunctions.Utility_DisplayArrayInTable(Fuel_SourceData.Fuel_Scope1Scope3EmissionFactorsStationaryLiquid_Data(), Table_Fuel_EFs_StationaryLiquid[[#Headers],[Fuel combusted]],0)} -> 67 | H59: {=Common_InputFunctions.Utility_DisplayArrayInTable(Fuel_SourceData.Fuel_Scope1Scope3EmissionFactorsStationaryLiquid_Data(), Table_Fuel_EFs_StationaryLiquid[[#Headers],[Fuel combusted]],0)} -> 0.2 | I59: {=Common_InputFunctions.Utility_DisplayArrayInTable(Fuel_SourceData.Fuel_Scope1Scope3EmissionFactorsStationaryLiquid_Data(), Table_Fuel_EFs_StationaryLiquid[[#Headers],[Fuel combusted]],0)} -> 0.2 | J59: {=Common_InputFunctions.Utility_DisplayArrayInTable(Fuel_SourceData.Fuel_Scope1Scope3EmissionFactorsStationaryLiquid_Data(), Table_Fuel_EFs_StationaryLiquid[[#Headers],[Fuel combusted]],0)} -> 67.4 | K59: {=Common_InputFunctions.Utility_DisplayArrayInTable(Fuel_SourceData.Fuel_Scope1Scope3EmissionFactorsStationaryLiquid_Data(), Table_Fuel_EFs_StationaryLiquid[[#Headers],[Fuel combusted]],0)} -> 18
D60: {=Common_InputFunctions.Utility_DisplayArrayInTable(Fuel_SourceData.Fuel_Scope1Scope3EmissionFactorsStationaryLiquid_Data(), Table_Fuel_EFs_StationaryLiquid[[#Headers],[Fuel combusted]],0)} -> Kerosene (other than for use as fuel in an aircraft) | E60: {=Common_InputFunctions.Utility_DisplayArrayInTable(Fuel_SourceData.Fuel_Scope1Scope3EmissionFactorsStationaryLiquid_Data(), Table_Fuel_EFs_StationaryLiquid[[#Headers],[Fuel combusted]],0)} -> 37.5 | F60: {=Common_InputFunctions.Utility_DisplayArrayInTable(Fuel_SourceData.Fuel_Scope1Scope3EmissionFactorsStationaryLiquid_Data(), Table_Fuel_EFs_StationaryLiquid[[#Headers],[Fuel combusted]],0)} -> kL | G60: {=Common_InputFunctions.Utility_DisplayArrayInTable(Fuel_SourceData.Fuel_Scope1Scope3EmissionFactorsStationaryLiquid_Data(), Table_Fuel_EFs_StationaryLiquid[[#Headers],[Fuel combusted]],0)} -> 68.9 | H60: {=Common_InputFunctions.Utility_DisplayArrayInTable(Fuel_SourceData.Fuel_Scope1Scope3EmissionFactorsStationaryLiquid_Data(), Table_Fuel_EFs_StationaryLiquid[[#Headers],[Fuel combusted]],0)} -> 0.01 | I60: {=Common_InputFunctions.Utility_DisplayArrayInTable(Fuel_SourceData.Fuel_Scope1Scope3EmissionFactorsStationaryLiquid_Data(), Table_Fuel_EFs_StationaryLiquid[[#Headers],[Fuel combusted]],0)} -> 0.2 | J60: {=Common_InputFunctions.Utility_DisplayArrayInTable(Fuel_SourceData.Fuel_Scope1Scope3EmissionFactorsStationaryLiquid_Data(), Table_Fuel_EFs_StationaryLiquid[[#Headers],[Fuel combusted]],0)} -> 69.11 | K60: {=Common_InputFunctions.Utility_DisplayArrayInTable(Fuel_SourceData.Fuel_Scope1Scope3EmissionFactorsStationaryLiquid_Data(), Table_Fuel_EFs_StationaryLiquid[[#Headers],[Fuel combusted]],0)} -> 18
D61: {=Common_InputFunctions.Utility_DisplayArrayInTable(Fuel_SourceData.Fuel_Scope1Scope3EmissionFactorsStationaryLiquid_Data(), Table_Fuel_EFs_StationaryLiquid[[#Headers],[Fuel combusted]],0)} -> Aviation turbine fuel / kerosene | E61: {=Common_InputFunctions.Utility_DisplayArrayInTable(Fuel_SourceData.Fuel_Scope1Scope3EmissionFactorsStationaryLiquid_Data(), Table_Fuel_EFs_StationaryLiquid[[#Headers],[Fuel combusted]],0)} -> 36.8 | F61: {=Common_InputFunctions.Utility_DisplayArrayInTable(Fuel_SourceData.Fuel_Scope1Scope3EmissionFactorsStationaryLiquid_Data(), Table_Fuel_EFs_StationaryLiquid[[#Headers],[Fuel combusted]],0)} -> kL | G61: {=Common_InputFunctions.Utility_DisplayArrayInTable(Fuel_SourceData.Fuel_Scope1Scope3EmissionFactorsStationaryLiquid_Data(), Table_Fuel_EFs_StationaryLiquid[[#Headers],[Fuel combusted]],0)} -> 69.6 | H61: {=Common_InputFunctions.Utility_DisplayArrayInTable(Fuel_SourceData.Fuel_Scope1Scope3EmissionFactorsStationaryLiquid_Data(), Table_Fuel_EFs_StationaryLiquid[[#Headers],[Fuel combusted]],0)} -> 0.02 | I61: {=Common_InputFunctions.Utility_DisplayArrayInTable(Fuel_SourceData.Fuel_Scope1Scope3EmissionFactorsStationaryLiquid_Data(), Table_Fuel_EFs_StationaryLiquid[[#Headers],[Fuel combusted]],0)} -> 0.2 | J61: {=Common_InputFunctions.Utility_DisplayArrayInTable(Fuel_SourceData.Fuel_Scope1Scope3EmissionFactorsStationaryLiquid_Data(), Table_Fuel_EFs_StationaryLiquid[[#Headers],[Fuel combusted]],0)} -> 69.82 | K61: {=Common_InputFunctions.Utility_DisplayArrayInTable(Fuel_SourceData.Fuel_Scope1Scope3EmissionFactorsStationaryLiquid_Data(), Table_Fuel_EFs_StationaryLiquid[[#Headers],[Fuel combusted]],0)} -> 18
D62: {=Common_InputFunctions.Utility_DisplayArrayInTable(Fuel_SourceData.Fuel_Scope1Scope3EmissionFactorsStationaryLiquid_Data(), Table_Fuel_EFs_StationaryLiquid[[#Headers],[Fuel combusted]],0)} -> Heating oil | E62: {=Common_InputFunctions.Utility_DisplayArrayInTable(Fuel_SourceData.Fuel_Scope1Scope3EmissionFactorsStationaryLiquid_Data(), Table_Fuel_EFs_StationaryLiquid[[#Headers],[Fuel combusted]],0)} -> 37.3 | F62: {=Common_InputFunctions.Utility_DisplayArrayInTable(Fuel_SourceData.Fuel_Scope1Scope3EmissionFactorsStationaryLiquid_Data(), Table_Fuel_EFs_StationaryLiquid[[#Headers],[Fuel combusted]],0)} -> kL | G62: {=Common_InputFunctions.Utility_DisplayArrayInTable(Fuel_SourceData.Fuel_Scope1Scope3EmissionFactorsStationaryLiquid_Data(), Table_Fuel_EFs_StationaryLiquid[[#Headers],[Fuel combusted]],0)} -> 69.5 | H62: {=Common_InputFunctions.Utility_DisplayArrayInTable(Fuel_SourceData.Fuel_Scope1Scope3EmissionFactorsStationaryLiquid_Data(), Table_Fuel_EFs_StationaryLiquid[[#Headers],[Fuel combusted]],0)} -> 0.03 | I62: {=Common_InputFunctions.Utility_DisplayArrayInTable(Fuel_SourceData.Fuel_Scope1Scope3EmissionFactorsStationaryLiquid_Data(), Table_Fuel_EFs_StationaryLiquid[[#Headers],[Fuel combusted]],0)} -> 0.2 | J62: {=Common_InputFunctions.Utility_DisplayArrayInTable(Fuel_SourceData.Fuel_Scope1Scope3EmissionFactorsStationaryLiquid_Data(), Table_Fuel_EFs_StationaryLiquid[[#Headers],[Fuel combusted]],0)} -> 69.73 | K62: {=Common_InputFunctions.Utility_DisplayArrayInTable(Fuel_SourceData.Fuel_Scope1Scope3EmissionFactorsStationaryLiquid_Data(), Table_Fuel_EFs_StationaryLiquid[[#Headers],[Fuel combusted]],0)} -> 18
D63: {=Common_InputFunctions.Utility_DisplayArrayInTable(Fuel_SourceData.Fuel_Scope1Scope3EmissionFactorsStationaryLiquid_Data(), Table_Fuel_EFs_StationaryLiquid[[#Headers],[Fuel combusted]],0)} -> Diesel oil | E63: {=Common_InputFunctions.Utility_DisplayArrayInTable(Fuel_SourceData.Fuel_Scope1Scope3EmissionFactorsStationaryLiquid_Data(), Table_Fuel_EFs_StationaryLiquid[[#Headers],[Fuel combusted]],0)} -> 38.6 | F63: {=Common_InputFunctions.Utility_DisplayArrayInTable(Fuel_SourceData.Fuel_Scope1Scope3EmissionFactorsStationaryLiquid_Data(), Table_Fuel_EFs_StationaryLiquid[[#Headers],[Fuel combusted]],0)} -> kL | G63: {=Common_InputFunctions.Utility_DisplayArrayInTable(Fuel_SourceData.Fuel_Scope1Scope3EmissionFactorsStationaryLiquid_Data(), Table_Fuel_EFs_StationaryLiquid[[#Headers],[Fuel combusted]],0)} -> 69.9 | H63: {=Common_InputFunctions.Utility_DisplayArrayInTable(Fuel_SourceData.Fuel_Scope1Scope3EmissionFactorsStationaryLiquid_Data(), Table_Fuel_EFs_StationaryLiquid[[#Headers],[Fuel combusted]],0)} -> 0.1 | I63: {=Common_InputFunctions.Utility_DisplayArrayInTable(Fuel_SourceData.Fuel_Scope1Scope3EmissionFactorsStationaryLiquid_Data(), Table_Fuel_EFs_StationaryLiquid[[#Headers],[Fuel combusted]],0)} -> 0.2 | J63: {=Common_InputFunctions.Utility_DisplayArrayInTable(Fuel_SourceData.Fuel_Scope1Scope3EmissionFactorsStationaryLiquid_Data(), Table_Fuel_EFs_StationaryLiquid[[#Headers],[Fuel combusted]],0)} -> 70.2 | K63: {=Common_InputFunctions.Utility_DisplayArrayInTable(Fuel_SourceData.Fuel_Scope1Scope3EmissionFactorsStationaryLiquid_Data(), Table_Fuel_EFs_StationaryLiquid[[#Headers],[Fuel combusted]],0)} -> 17.3
D64: {=Common_InputFunctions.Utility_DisplayArrayInTable(Fuel_SourceData.Fuel_Scope1Scope3EmissionFactorsStationaryLiquid_Data(), Table_Fuel_EFs_StationaryLiquid[[#Headers],[Fuel combusted]],0)} -> Fuel oil | E64: {=Common_InputFunctions.Utility_DisplayArrayInTable(Fuel_SourceData.Fuel_Scope1Scope3EmissionFactorsStationaryLiquid_Data(), Table_Fuel_EFs_StationaryLiquid[[#Headers],[Fuel combusted]],0)} -> 39.7 | F64: {=Common_InputFunctions.Utility_DisplayArrayInTable(Fuel_SourceData.Fuel_Scope1Scope3EmissionFactorsStationaryLiquid_Data(), Table_Fuel_EFs_StationaryLiquid[[#Headers],[Fuel combusted]],0)} -> kL | G64: {=Common_InputFunctions.Utility_DisplayArrayInTable(Fuel_SourceData.Fuel_Scope1Scope3EmissionFactorsStationaryLiquid_Data(), Table_Fuel_EFs_StationaryLiquid[[#Headers],[Fuel combusted]],0)} -> 73.6 | H64: {=Common_InputFunctions.Utility_DisplayArrayInTable(Fuel_SourceData.Fuel_Scope1Scope3EmissionFactorsStationaryLiquid_Data(), Table_Fuel_EFs_StationaryLiquid[[#Headers],[Fuel combusted]],0)} -> 0.04 | I64: {=Common_InputFunctions.Utility_DisplayArrayInTable(Fuel_SourceData.Fuel_Scope1Scope3EmissionFactorsStationaryLiquid_Data(), Table_Fuel_EFs_StationaryLiquid[[#Headers],[Fuel combusted]],0)} -> 0.2 | J64: {=Common_InputFunctions.Utility_DisplayArrayInTable(Fuel_SourceData.Fuel_Scope1Scope3EmissionFactorsStationaryLiquid_Data(), Table_Fuel_EFs_StationaryLiquid[[#Headers],[Fuel combusted]],0)} -> 73.84 | K64: {=Common_InputFunctions.Utility_DisplayArrayInTable(Fuel_SourceData.Fuel_Scope1Scope3EmissionFactorsStationaryLiquid_Data(), Table_Fuel_EFs_StationaryLiquid[[#Headers],[Fuel combusted]],0)} -> 18
D65: {=Common_InputFunctions.Utility_DisplayArrayInTable(Fuel_SourceData.Fuel_Scope1Scope3EmissionFactorsStationaryLiquid_Data(), Table_Fuel_EFs_StationaryLiquid[[#Headers],[Fuel combusted]],0)} -> Liquefied aromatic hydrocarbons | E65: {=Common_InputFunctions.Utility_DisplayArrayInTable(Fuel_SourceData.Fuel_Scope1Scope3EmissionFactorsStationaryLiquid_Data(), Table_Fuel_EFs_StationaryLiquid[[#Headers],[Fuel combusted]],0)} -> 34.4 | F65: {=Common_InputFunctions.Utility_DisplayArrayInTable(Fuel_SourceData.Fuel_Scope1Scope3EmissionFactorsStationaryLiquid_Data(), Table_Fuel_EFs_StationaryLiquid[[#Headers],[Fuel combusted]],0)} -> kL | G65: {=Common_InputFunctions.Utility_DisplayArrayInTable(Fuel_SourceData.Fuel_Scope1Scope3EmissionFactorsStationaryLiquid_Data(), Table_Fuel_EFs_StationaryLiquid[[#Headers],[Fuel combusted]],0)} -> 69.7 | H65: {=Common_InputFunctions.Utility_DisplayArrayInTable(Fuel_SourceData.Fuel_Scope1Scope3EmissionFactorsStationaryLiquid_Data(), Table_Fuel_EFs_StationaryLiquid[[#Headers],[Fuel combusted]],0)} -> 0.03 | I65: {=Common_InputFunctions.Utility_DisplayArrayInTable(Fuel_SourceData.Fuel_Scope1Scope3EmissionFactorsStationaryLiquid_Data(), Table_Fuel_EFs_StationaryLiquid[[#Headers],[Fuel combusted]],0)} -> 0.2 | J65: {=Common_InputFunctions.Utility_DisplayArrayInTable(Fuel_SourceData.Fuel_Scope1Scope3EmissionFactorsStationaryLiquid_Data(), Table_Fuel_EFs_StationaryLiquid[[#Headers],[Fuel combusted]],0)} -> 69.93 | K65: {=Common_InputFunctions.Utility_DisplayArrayInTable(Fuel_SourceData.Fuel_Scope1Scope3EmissionFactorsStationaryLiquid_Data(), Table_Fuel_EFs_StationaryLiquid[[#Headers],[Fuel combusted]],0)} -> 18
... D77: {=Common_InputFunctions.Utility_DisplayArrayInTable(Fuel_SourceData.Fuel_Scope1Scope3EmissionFactorsStationaryLiquid_Data(), Table_Fuel_EFs_StationaryLiquid[[#Headers],[Fuel combusted]],0)} -> Renewable diesel | E77: {=Common_InputFunctions.Utility_DisplayArrayInTable(Fuel_SourceData.Fuel_Scope1Scope3EmissionFactorsStationaryLiquid_Data(), Table_Fuel_EFs_StationaryLiquid[[#Headers],[Fuel combusted]],0)} -> 38.6 | F77: {=Common_InputFunctions.Utility_DisplayArrayInTable(Fuel_SourceData.Fuel_Scope1Scope3EmissionFactorsStationaryLiquid_Data(), Table_Fuel_EFs_StationaryLiquid[[#Headers],[Fuel combusted]],0)} -> kL | G77: {=Common_InputFunctions.Utility_DisplayArrayInTable(Fuel_SourceData.Fuel_Scope1Scope3EmissionFactorsStationaryLiquid_Data(), Table_Fuel_EFs_StationaryLiquid[[#Headers],[Fuel combusted]],0)} -> 0 | H77: {=Common_InputFunctions.Utility_DisplayArrayInTable(Fuel_SourceData.Fuel_Scope1Scope3EmissionFactorsStationaryLiquid_Data(), Table_Fuel_EFs_StationaryLiquid[[#Headers],[Fuel combusted]],0)} -> 0.1 | I77: {=Common_InputFunctions.Utility_DisplayArrayInTable(Fuel_SourceData.Fuel_Scope1Scope3EmissionFactorsStationaryLiquid_Data(), Table_Fuel_EFs_StationaryLiquid[[#Headers],[Fuel combusted]],0)} -> 0.2 | J77: {=Common_InputFunctions.Utility_DisplayArrayInTable(Fuel_SourceData.Fuel_Scope1Scope3EmissionFactorsStationaryLiquid_Data(), Table_Fuel_EFs_StationaryLiquid[[#Headers],[Fuel combusted]],0)} -> 0.3 | K77: {=Common_InputFunctions.Utility_DisplayArrayInTable(Fuel_SourceData.Fuel_Scope1Scope3EmissionFactorsStationaryLiquid_Data(), Table_Fuel_EFs_StationaryLiquid[[#Headers],[Fuel combusted]],0)} -> NE
D81: {=Fuel_SourceData.Fuel_Scope1EmissionFactorsStationaryGaseous_Title()} -> Fuel scope 1 emission factors - Stationary gaseous fuels
D82: {=Fuel_SourceData.Fuel_Scope1EmissionFactorsStationaryGaseous_Description()} -> Direct (Scope 1) emission factors for the consumption of gaseous fuels including liquefied natural gas
D83: {=Fuel_SourceData.Fuel_Scope1EmissionFactorsStationaryGaseous_Source()} -> Australian National Greenhouse Accounts Factors 2025 - Table 5
D84: {="⚠️" & Fuel_SourceData.Fuel_Scope1EmissionFactorsStationaryGaseous_Variation()} -> ⚠️VARIATION OF SOURCE DATA: 'Natural gas distributed in a pipeline - Gigajoules' and 'Town gas - Gigajoules' were added, each with an energy content factor of 1 GJ per unit of fuel. This is for users who have fuel consumption data in GJ rather than m3.
D86: Fuel combusted | E86: Energy Content Factor (GJ per unit of fuel) | F86: Fuel unit | G86: Scope 1 Emission Factor (kg CO2 - e / GJ) CO2 | H86: Scope 1 Emission Factor (kg CO2 - e / GJ) CH4 | I86: Scope 1 Emission Factor (kg CO2 - e / GJ) N2O | J86: Scope 1 Emission Factor (kg CO2 - e / GJ) Combined gases
D87: {=Common_InputFunctions.Utility_DisplayArrayInTable(Fuel_SourceData.Fuel_Scope1EmissionFactorsStationaryGaseous_Data(), Table_Fuel_EFs_StationaryGaseous[[#Headers],[Fuel combusted]],0)} -> Natural gas distributed in a pipeline | E87: {=Common_InputFunctions.Utility_DisplayArrayInTable(Fuel_SourceData.Fuel_Scope1EmissionFactorsStationaryGaseous_Data(), Table_Fuel_EFs_StationaryGaseous[[#Headers],[Fuel combusted]],0)} -> 0.0393 | F87: {=Common_InputFunctions.Utility_DisplayArrayInTable(Fuel_SourceData.Fuel_Scope1EmissionFactorsStationaryGaseous_Data(), Table_Fuel_EFs_StationaryGaseous[[#Headers],[Fuel combusted]],0)} -> m3 | G87: {=Common_InputFunctions.Utility_DisplayArrayInTable(Fuel_SourceData.Fuel_Scope1EmissionFactorsStationaryGaseous_Data(), Table_Fuel_EFs_StationaryGaseous[[#Headers],[Fuel combusted]],0)} -> 51.4 | H87: {=Common_InputFunctions.Utility_DisplayArrayInTable(Fuel_SourceData.Fuel_Scope1EmissionFactorsStationaryGaseous_Data(), Table_Fuel_EFs_StationaryGaseous[[#Headers],[Fuel combusted]],0)} -> 0.1 | I87: {=Common_InputFunctions.Utility_DisplayArrayInTable(Fuel_SourceData.Fuel_Scope1EmissionFactorsStationaryGaseous_Data(), Table_Fuel_EFs_StationaryGaseous[[#Headers],[Fuel combusted]],0)} -> 0.03 | J87: {=Common_InputFunctions.Utility_DisplayArrayInTable(Fuel_SourceData.Fuel_Scope1EmissionFactorsStationaryGaseous_Data(), Table_Fuel_EFs_StationaryGaseous[[#Headers],[Fuel combusted]],0)} -> 51.53
D88: {=Common_InputFunctions.Utility_DisplayArrayInTable(Fuel_SourceData.Fuel_Scope1EmissionFactorsStationaryGaseous_Data(), Table_Fuel_EFs_StationaryGaseous[[#Headers],[Fuel combusted]],0)} -> Coal seam methane that is captured for combustion | E88: {=Common_InputFunctions.Utility_DisplayArrayInTable(Fuel_SourceData.Fuel_Scope1EmissionFactorsStationaryGaseous_Data(), Table_Fuel_EFs_StationaryGaseous[[#Headers],[Fuel combusted]],0)} -> 0.0377 | F88: {=Common_InputFunctions.Utility_DisplayArrayInTable(Fuel_SourceData.Fuel_Scope1EmissionFactorsStationaryGaseous_Data(), Table_Fuel_EFs_StationaryGaseous[[#Headers],[Fuel combusted]],0)} -> m3 | G88: {=Common_InputFunctions.Utility_DisplayArrayInTable(Fuel_SourceData.Fuel_Scope1EmissionFactorsStationaryGaseous_Data(), Table_Fuel_EFs_StationaryGaseous[[#Headers],[Fuel combusted]],0)} -> 51.4 | H88: {=Common_InputFunctions.Utility_DisplayArrayInTable(Fuel_SourceData.Fuel_Scope1EmissionFactorsStationaryGaseous_Data(), Table_Fuel_EFs_StationaryGaseous[[#Headers],[Fuel combusted]],0)} -> 0.2 | I88: {=Common_InputFunctions.Utility_DisplayArrayInTable(Fuel_SourceData.Fuel_Scope1EmissionFactorsStationaryGaseous_Data(), Table_Fuel_EFs_StationaryGaseous[[#Headers],[Fuel combusted]],0)} -> 0.03 | J88: {=Common_InputFunctions.Utility_DisplayArrayInTable(Fuel_SourceData.Fuel_Scope1EmissionFactorsStationaryGaseous_Data(), Table_Fuel_EFs_StationaryGaseous[[#Headers],[Fuel combusted]],0)} -> 51.63
D89: {=Common_InputFunctions.Utility_DisplayArrayInTable(Fuel_SourceData.Fuel_Scope1EmissionFactorsStationaryGaseous_Data(), Table_Fuel_EFs_StationaryGaseous[[#Headers],[Fuel combusted]],0)} -> Coal mine waste gas that is captured for combustion | E89: {=Common_InputFunctions.Utility_DisplayArrayInTable(Fuel_SourceData.Fuel_Scope1EmissionFactorsStationaryGaseous_Data(), Table_Fuel_EFs_StationaryGaseous[[#Headers],[Fuel combusted]],0)} -> 0.0377 | F89: {=Common_InputFunctions.Utility_DisplayArrayInTable(Fuel_SourceData.Fuel_Scope1EmissionFactorsStationaryGaseous_Data(), Table_Fuel_EFs_StationaryGaseous[[#Headers],[Fuel combusted]],0)} -> m3 | G89: {=Common_InputFunctions.Utility_DisplayArrayInTable(Fuel_SourceData.Fuel_Scope1EmissionFactorsStationaryGaseous_Data(), Table_Fuel_EFs_StationaryGaseous[[#Headers],[Fuel combusted]],0)} -> 51.9 | H89: {=Common_InputFunctions.Utility_DisplayArrayInTable(Fuel_SourceData.Fuel_Scope1EmissionFactorsStationaryGaseous_Data(), Table_Fuel_EFs_StationaryGaseous[[#Headers],[Fuel combusted]],0)} -> 4.6 | I89: {=Common_InputFunctions.Utility_DisplayArrayInTable(Fuel_SourceData.Fuel_Scope1EmissionFactorsStationaryGaseous_Data(), Table_Fuel_EFs_StationaryGaseous[[#Headers],[Fuel combusted]],0)} -> 0.3 | J89: {=Common_InputFunctions.Utility_DisplayArrayInTable(Fuel_SourceData.Fuel_Scope1EmissionFactorsStationaryGaseous_Data(), Table_Fuel_EFs_StationaryGaseous[[#Headers],[Fuel combusted]],0)} -> 56.8
D90: {=Common_InputFunctions.Utility_DisplayArrayInTable(Fuel_SourceData.Fuel_Scope1EmissionFactorsStationaryGaseous_Data(), Table_Fuel_EFs_StationaryGaseous[[#Headers],[Fuel combusted]],0)} -> Compressed natural gas(reverting to standard conditions) | E90: {=Common_InputFunctions.Utility_DisplayArrayInTable(Fuel_SourceData.Fuel_Scope1EmissionFactorsStationaryGaseous_Data(), Table_Fuel_EFs_StationaryGaseous[[#Headers],[Fuel combusted]],0)} -> 0.0393 | F90: {=Common_InputFunctions.Utility_DisplayArrayInTable(Fuel_SourceData.Fuel_Scope1EmissionFactorsStationaryGaseous_Data(), Table_Fuel_EFs_StationaryGaseous[[#Headers],[Fuel combusted]],0)} -> m3 | G90: {=Common_InputFunctions.Utility_DisplayArrayInTable(Fuel_SourceData.Fuel_Scope1EmissionFactorsStationaryGaseous_Data(), Table_Fuel_EFs_StationaryGaseous[[#Headers],[Fuel combusted]],0)} -> 51.4 | H90: {=Common_InputFunctions.Utility_DisplayArrayInTable(Fuel_SourceData.Fuel_Scope1EmissionFactorsStationaryGaseous_Data(), Table_Fuel_EFs_StationaryGaseous[[#Headers],[Fuel combusted]],0)} -> 0.1 | I90: {=Common_InputFunctions.Utility_DisplayArrayInTable(Fuel_SourceData.Fuel_Scope1EmissionFactorsStationaryGaseous_Data(), Table_Fuel_EFs_StationaryGaseous[[#Headers],[Fuel combusted]],0)} -> 0.03 | J90: {=Common_InputFunctions.Utility_DisplayArrayInTable(Fuel_SourceData.Fuel_Scope1EmissionFactorsStationaryGaseous_Data(), Table_Fuel_EFs_StationaryGaseous[[#Headers],[Fuel combusted]],0)} -> 51.53
D91: {=Common_InputFunctions.Utility_DisplayArrayInTable(Fuel_SourceData.Fuel_Scope1EmissionFactorsStationaryGaseous_Data(), Table_Fuel_EFs_StationaryGaseous[[#Headers],[Fuel combusted]],0)} -> Unprocessed natural gas | E91: {=Common_InputFunctions.Utility_DisplayArrayInTable(Fuel_SourceData.Fuel_Scope1EmissionFactorsStationaryGaseous_Data(), Table_Fuel_EFs_StationaryGaseous[[#Headers],[Fuel combusted]],0)} -> 0.0393 | F91: {=Common_InputFunctions.Utility_DisplayArrayInTable(Fuel_SourceData.Fuel_Scope1EmissionFactorsStationaryGaseous_Data(), Table_Fuel_EFs_StationaryGaseous[[#Headers],[Fuel combusted]],0)} -> m3 | G91: {=Common_InputFunctions.Utility_DisplayArrayInTable(Fuel_SourceData.Fuel_Scope1EmissionFactorsStationaryGaseous_Data(), Table_Fuel_EFs_StationaryGaseous[[#Headers],[Fuel combusted]],0)} -> 51.4 | H91: {=Common_InputFunctions.Utility_DisplayArrayInTable(Fuel_SourceData.Fuel_Scope1EmissionFactorsStationaryGaseous_Data(), Table_Fuel_EFs_StationaryGaseous[[#Headers],[Fuel combusted]],0)} -> 0.1 | I91: {=Common_InputFunctions.Utility_DisplayArrayInTable(Fuel_SourceData.Fuel_Scope1EmissionFactorsStationaryGaseous_Data(), Table_Fuel_EFs_StationaryGaseous[[#Headers],[Fuel combusted]],0)} -> 0.03 | J91: {=Common_InputFunctions.Utility_DisplayArrayInTable(Fuel_SourceData.Fuel_Scope1EmissionFactorsStationaryGaseous_Data(), Table_Fuel_EFs_StationaryGaseous[[#Headers],[Fuel combusted]],0)} -> 51.53
D92: {=Common_InputFunctions.Utility_DisplayArrayInTable(Fuel_SourceData.Fuel_Scope1EmissionFactorsStationaryGaseous_Data(), Table_Fuel_EFs_StationaryGaseous[[#Headers],[Fuel combusted]],0)} -> Ethane | E92: {=Common_InputFunctions.Utility_DisplayArrayInTable(Fuel_SourceData.Fuel_Scope1EmissionFactorsStationaryGaseous_Data(), Table_Fuel_EFs_StationaryGaseous[[#Headers],[Fuel combusted]],0)} -> 0.0629 | F92: {=Common_InputFunctions.Utility_DisplayArrayInTable(Fuel_SourceData.Fuel_Scope1EmissionFactorsStationaryGaseous_Data(), Table_Fuel_EFs_StationaryGaseous[[#Headers],[Fuel combusted]],0)} -> m3 | G92: {=Common_InputFunctions.Utility_DisplayArrayInTable(Fuel_SourceData.Fuel_Scope1EmissionFactorsStationaryGaseous_Data(), Table_Fuel_EFs_StationaryGaseous[[#Headers],[Fuel combusted]],0)} -> 56.5 | H92: {=Common_InputFunctions.Utility_DisplayArrayInTable(Fuel_SourceData.Fuel_Scope1EmissionFactorsStationaryGaseous_Data(), Table_Fuel_EFs_StationaryGaseous[[#Headers],[Fuel combusted]],0)} -> 0.03 | I92: {=Common_InputFunctions.Utility_DisplayArrayInTable(Fuel_SourceData.Fuel_Scope1EmissionFactorsStationaryGaseous_Data(), Table_Fuel_EFs_StationaryGaseous[[#Headers],[Fuel combusted]],0)} -> 0.03 | J92: {=Common_InputFunctions.Utility_DisplayArrayInTable(Fuel_SourceData.Fuel_Scope1EmissionFactorsStationaryGaseous_Data(), Table_Fuel_EFs_StationaryGaseous[[#Headers],[Fuel combusted]],0)} -> 56.56
D93: {=Common_InputFunctions.Utility_DisplayArrayInTable(Fuel_SourceData.Fuel_Scope1EmissionFactorsStationaryGaseous_Data(), Table_Fuel_EFs_StationaryGaseous[[#Headers],[Fuel combusted]],0)} -> Coke oven gas | E93: {=Common_InputFunctions.Utility_DisplayArrayInTable(Fuel_SourceData.Fuel_Scope1EmissionFactorsStationaryGaseous_Data(), Table_Fuel_EFs_StationaryGaseous[[#Headers],[Fuel combusted]],0)} -> 0.0181 | F93: {=Common_InputFunctions.Utility_DisplayArrayInTable(Fuel_SourceData.Fuel_Scope1EmissionFactorsStationaryGaseous_Data(), Table_Fuel_EFs_StationaryGaseous[[#Headers],[Fuel combusted]],0)} -> m3 | G93: {=Common_InputFunctions.Utility_DisplayArrayInTable(Fuel_SourceData.Fuel_Scope1EmissionFactorsStationaryGaseous_Data(), Table_Fuel_EFs_StationaryGaseous[[#Headers],[Fuel combusted]],0)} -> 37 | H93: {=Common_InputFunctions.Utility_DisplayArrayInTable(Fuel_SourceData.Fuel_Scope1EmissionFactorsStationaryGaseous_Data(), Table_Fuel_EFs_StationaryGaseous[[#Headers],[Fuel combusted]],0)} -> 0.03 | I93: {=Common_InputFunctions.Utility_DisplayArrayInTable(Fuel_SourceData.Fuel_Scope1EmissionFactorsStationaryGaseous_Data(), Table_Fuel_EFs_StationaryGaseous[[#Headers],[Fuel combusted]],0)} -> 0.05 | J93: {=Common_InputFunctions.Utility_DisplayArrayInTable(Fuel_SourceData.Fuel_Scope1EmissionFactorsStationaryGaseous_Data(), Table_Fuel_EFs_StationaryGaseous[[#Headers],[Fuel combusted]],0)} -> 37.08
D94: {=Common_InputFunctions.Utility_DisplayArrayInTable(Fuel_SourceData.Fuel_Scope1EmissionFactorsStationaryGaseous_Data(), Table_Fuel_EFs_StationaryGaseous[[#Headers],[Fuel combusted]],0)} -> Blast furnace gas | E94: {=Common_InputFunctions.Utility_DisplayArrayInTable(Fuel_SourceData.Fuel_Scope1EmissionFactorsStationaryGaseous_Data(), Table_Fuel_EFs_StationaryGaseous[[#Headers],[Fuel combusted]],0)} -> 0.004 | F94: {=Common_InputFunctions.Utility_DisplayArrayInTable(Fuel_SourceData.Fuel_Scope1EmissionFactorsStationaryGaseous_Data(), Table_Fuel_EFs_StationaryGaseous[[#Headers],[Fuel combusted]],0)} -> m3 | G94: {=Common_InputFunctions.Utility_DisplayArrayInTable(Fuel_SourceData.Fuel_Scope1EmissionFactorsStationaryGaseous_Data(), Table_Fuel_EFs_StationaryGaseous[[#Headers],[Fuel combusted]],0)} -> 234 | H94: {=Common_InputFunctions.Utility_DisplayArrayInTable(Fuel_SourceData.Fuel_Scope1EmissionFactorsStationaryGaseous_Data(), Table_Fuel_EFs_StationaryGaseous[[#Headers],[Fuel combusted]],0)} -> 0.03 | I94: {=Common_InputFunctions.Utility_DisplayArrayInTable(Fuel_SourceData.Fuel_Scope1EmissionFactorsStationaryGaseous_Data(), Table_Fuel_EFs_StationaryGaseous[[#Headers],[Fuel combusted]],0)} -> 0.02 | J94: {=Common_InputFunctions.Utility_DisplayArrayInTable(Fuel_SourceData.Fuel_Scope1EmissionFactorsStationaryGaseous_Data(), Table_Fuel_EFs_StationaryGaseous[[#Headers],[Fuel combusted]],0)} -> 234.05
D95: {=Common_InputFunctions.Utility_DisplayArrayInTable(Fuel_SourceData.Fuel_Scope1EmissionFactorsStationaryGaseous_Data(), Table_Fuel_EFs_StationaryGaseous[[#Headers],[Fuel combusted]],0)} -> Town gas | E95: {=Common_InputFunctions.Utility_DisplayArrayInTable(Fuel_SourceData.Fuel_Scope1EmissionFactorsStationaryGaseous_Data(), Table_Fuel_EFs_StationaryGaseous[[#Headers],[Fuel combusted]],0)} -> 0.039 | F95: {=Common_InputFunctions.Utility_DisplayArrayInTable(Fuel_SourceData.Fuel_Scope1EmissionFactorsStationaryGaseous_Data(), Table_Fuel_EFs_StationaryGaseous[[#Headers],[Fuel combusted]],0)} -> m3 | G95: {=Common_InputFunctions.Utility_DisplayArrayInTable(Fuel_SourceData.Fuel_Scope1EmissionFactorsStationaryGaseous_Data(), Table_Fuel_EFs_StationaryGaseous[[#Headers],[Fuel combusted]],0)} -> 60.2 | H95: {=Common_InputFunctions.Utility_DisplayArrayInTable(Fuel_SourceData.Fuel_Scope1EmissionFactorsStationaryGaseous_Data(), Table_Fuel_EFs_StationaryGaseous[[#Headers],[Fuel combusted]],0)} -> 0.04 | I95: {=Common_InputFunctions.Utility_DisplayArrayInTable(Fuel_SourceData.Fuel_Scope1EmissionFactorsStationaryGaseous_Data(), Table_Fuel_EFs_StationaryGaseous[[#Headers],[Fuel combusted]],0)} -> 0.03 | J95: {=Common_InputFunctions.Utility_DisplayArrayInTable(Fuel_SourceData.Fuel_Scope1EmissionFactorsStationaryGaseous_Data(), Table_Fuel_EFs_StationaryGaseous[[#Headers],[Fuel combusted]],0)} -> 60.27
D96: {=Common_InputFunctions.Utility_DisplayArrayInTable(Fuel_SourceData.Fuel_Scope1EmissionFactorsStationaryGaseous_Data(), Table_Fuel_EFs_StationaryGaseous[[#Headers],[Fuel combusted]],0)} -> Liquefied natural gas | E96: {=Common_InputFunctions.Utility_DisplayArrayInTable(Fuel_SourceData.Fuel_Scope1EmissionFactorsStationaryGaseous_Data(), Table_Fuel_EFs_StationaryGaseous[[#Headers],[Fuel combusted]],0)} -> 25.3 | F96: {=Common_InputFunctions.Utility_DisplayArrayInTable(Fuel_SourceData.Fuel_Scope1EmissionFactorsStationaryGaseous_Data(), Table_Fuel_EFs_StationaryGaseous[[#Headers],[Fuel combusted]],0)} -> kL | G96: {=Common_InputFunctions.Utility_DisplayArrayInTable(Fuel_SourceData.Fuel_Scope1EmissionFactorsStationaryGaseous_Data(), Table_Fuel_EFs_StationaryGaseous[[#Headers],[Fuel combusted]],0)} -> 51.4 | H96: {=Common_InputFunctions.Utility_DisplayArrayInTable(Fuel_SourceData.Fuel_Scope1EmissionFactorsStationaryGaseous_Data(), Table_Fuel_EFs_StationaryGaseous[[#Headers],[Fuel combusted]],0)} -> 0.1 | I96: {=Common_InputFunctions.Utility_DisplayArrayInTable(Fuel_SourceData.Fuel_Scope1EmissionFactorsStationaryGaseous_Data(), Table_Fuel_EFs_StationaryGaseous[[#Headers],[Fuel combusted]],0)} -> 0.03 | J96: {=Common_InputFunctions.Utility_DisplayArrayInTable(Fuel_SourceData.Fuel_Scope1EmissionFactorsStationaryGaseous_Data(), Table_Fuel_EFs_StationaryGaseous[[#Headers],[Fuel combusted]],0)} -> 51.53
D97: {=Common_InputFunctions.Utility_DisplayArrayInTable(Fuel_SourceData.Fuel_Scope1EmissionFactorsStationaryGaseous_Data(), Table_Fuel_EFs_StationaryGaseous[[#Headers],[Fuel combusted]],0)} -> Gaseous fossil fuels other than those mentioned in the items above | E97: {=Common_InputFunctions.Utility_DisplayArrayInTable(Fuel_SourceData.Fuel_Scope1EmissionFactorsStationaryGaseous_Data(), Table_Fuel_EFs_StationaryGaseous[[#Headers],[Fuel combusted]],0)} -> 0.039 | F97: {=Common_InputFunctions.Utility_DisplayArrayInTable(Fuel_SourceData.Fuel_Scope1EmissionFactorsStationaryGaseous_Data(), Table_Fuel_EFs_StationaryGaseous[[#Headers],[Fuel combusted]],0)} -> m3 | G97: {=Common_InputFunctions.Utility_DisplayArrayInTable(Fuel_SourceData.Fuel_Scope1EmissionFactorsStationaryGaseous_Data(), Table_Fuel_EFs_StationaryGaseous[[#Headers],[Fuel combusted]],0)} -> 51.4 | H97: {=Common_InputFunctions.Utility_DisplayArrayInTable(Fuel_SourceData.Fuel_Scope1EmissionFactorsStationaryGaseous_Data(), Table_Fuel_EFs_StationaryGaseous[[#Headers],[Fuel combusted]],0)} -> 0.1 | I97: {=Common_InputFunctions.Utility_DisplayArrayInTable(Fuel_SourceData.Fuel_Scope1EmissionFactorsStationaryGaseous_Data(), Table_Fuel_EFs_StationaryGaseous[[#Headers],[Fuel combusted]],0)} -> 0.03 | J97: {=Common_InputFunctions.Utility_DisplayArrayInTable(Fuel_SourceData.Fuel_Scope1EmissionFactorsStationaryGaseous_Data(), Table_Fuel_EFs_StationaryGaseous[[#Headers],[Fuel combusted]],0)} -> 51.53
D98: {=Common_InputFunctions.Utility_DisplayArrayInTable(Fuel_SourceData.Fuel_Scope1EmissionFactorsStationaryGaseous_Data(), Table_Fuel_EFs_StationaryGaseous[[#Headers],[Fuel combusted]],0)} -> Landfill biogas that is captured for combustion (methane only) | E98: {=Common_InputFunctions.Utility_DisplayArrayInTable(Fuel_SourceData.Fuel_Scope1EmissionFactorsStationaryGaseous_Data(), Table_Fuel_EFs_StationaryGaseous[[#Headers],[Fuel combusted]],0)} -> 0.0377 | F98: {=Common_InputFunctions.Utility_DisplayArrayInTable(Fuel_SourceData.Fuel_Scope1EmissionFactorsStationaryGaseous_Data(), Table_Fuel_EFs_StationaryGaseous[[#Headers],[Fuel combusted]],0)} -> m3 | G98: {=Common_InputFunctions.Utility_DisplayArrayInTable(Fuel_SourceData.Fuel_Scope1EmissionFactorsStationaryGaseous_Data(), Table_Fuel_EFs_StationaryGaseous[[#Headers],[Fuel combusted]],0)} -> 0 | H98: {=Common_InputFunctions.Utility_DisplayArrayInTable(Fuel_SourceData.Fuel_Scope1EmissionFactorsStationaryGaseous_Data(), Table_Fuel_EFs_StationaryGaseous[[#Headers],[Fuel combusted]],0)} -> 6.4 | I98: {=Common_InputFunctions.Utility_DisplayArrayInTable(Fuel_SourceData.Fuel_Scope1EmissionFactorsStationaryGaseous_Data(), Table_Fuel_EFs_StationaryGaseous[[#Headers],[Fuel combusted]],0)} -> 0.03 | J98: {=Common_InputFunctions.Utility_DisplayArrayInTable(Fuel_SourceData.Fuel_Scope1EmissionFactorsStationaryGaseous_Data(), Table_Fuel_EFs_StationaryGaseous[[#Headers],[Fuel combusted]],0)} -> 6.43
... D104: {=Common_InputFunctions.Utility_DisplayArrayInTable(Fuel_SourceData.Fuel_Scope1EmissionFactorsStationaryGaseous_Data(), Table_Fuel_EFs_StationaryGaseous[[#Headers],[Fuel combusted]],0)} -> Town gas - Gigajoules | E104: {=Common_InputFunctions.Utility_DisplayArrayInTable(Fuel_SourceData.Fuel_Scope1EmissionFactorsStationaryGaseous_Data(), Table_Fuel_EFs_StationaryGaseous[[#Headers],[Fuel combusted]],0)} -> 1 | F104: {=Common_InputFunctions.Utility_DisplayArrayInTable(Fuel_SourceData.Fuel_Scope1EmissionFactorsStationaryGaseous_Data(), Table_Fuel_EFs_StationaryGaseous[[#Headers],[Fuel combusted]],0)} -> GJ | G104: {=Common_InputFunctions.Utility_DisplayArrayInTable(Fuel_SourceData.Fuel_Scope1EmissionFactorsStationaryGaseous_Data(), Table_Fuel_EFs_StationaryGaseous[[#Headers],[Fuel combusted]],0)} -> 60.2 | H104: {=Common_InputFunctions.Utility_DisplayArrayInTable(Fuel_SourceData.Fuel_Scope1EmissionFactorsStationaryGaseous_Data(), Table_Fuel_EFs_StationaryGaseous[[#Headers],[Fuel combusted]],0)} -> 0.04 | I104: {=Common_InputFunctions.Utility_DisplayArrayInTable(Fuel_SourceData.Fuel_Scope1EmissionFactorsStationaryGaseous_Data(), Table_Fuel_EFs_StationaryGaseous[[#Headers],[Fuel combusted]],0)} -> 0.03 | J104: {=Common_InputFunctions.Utility_DisplayArrayInTable(Fuel_SourceData.Fuel_Scope1EmissionFactorsStationaryGaseous_Data(), Table_Fuel_EFs_StationaryGaseous[[#Headers],[Fuel combusted]],0)} -> 60.27
D107: {=Fuel_SourceData.Fuel_Scope3EmissionFactorsStationaryGaseous_Title()} -> Fuel scope 3 emission factors - Stationary gaseous fuels
D108: {=Fuel_SourceData.Fuel_Scope3EmissionFactorsStationaryGaseous_Description()} -> Indirect (Scope 3) emission factors for the consumption of natural gas.
D109: {=Fuel_SourceData.Fuel_Scope3EmissionFactorsStationaryGaseous_Source()} -> Australian National Greenhouse Accounts Factors 2025 - Table 6
D110: {="⚠️"&Fuel_SourceData.Fuel_Scope3EmissionFactorsStationaryGaseous_Variation()} -> ⚠️VARIATION OF SOURCE DATA: NSW and ACT split into separate rows. 'C' Values for Tasmania and Northern Territory replaced with those for Victoria and Western Australia respectively. (See appendices)
D112: State or territory | E112: Metro | F112: Non-metro | H112: Appendices
D113: {=Common_InputFunctions.Utility_DisplayArrayInTable(Fuel_SourceData.Fuel_Scope3EmissionFactorsStationaryGaseous_Data(), Table_Fuel_EFs_StationaryGaseous34[[#Headers],[State or territory]],0)} -> New South Wales | E113: {=Common_InputFunctions.Utility_DisplayArrayInTable(Fuel_SourceData.Fuel_Scope3EmissionFactorsStationaryGaseous_Data(), Table_Fuel_EFs_StationaryGaseous34[[#Headers],[State or territory]],0)} -> 13.1 | F113: {=Common_InputFunctions.Utility_DisplayArrayInTable(Fuel_SourceData.Fuel_Scope3EmissionFactorsStationaryGaseous_Data(), Table_Fuel_EFs_StationaryGaseous34[[#Headers],[State or territory]],0)} -> 14 | G113: {=Fuel_SourceData.Fuel_Scope3EmissionFactorsStationaryGaseous_Appendices()} -> - | H113: As Scope 3 factors are calculated at the point where natural gas is delivered to end users, it is necessary to calculate consumption at each of the load centres.
D114: {=Common_InputFunctions.Utility_DisplayArrayInTable(Fuel_SourceData.Fuel_Scope3EmissionFactorsStationaryGaseous_Data(), Table_Fuel_EFs_StationaryGaseous34[[#Headers],[State or territory]],0)} -> ACT | E114: {=Common_InputFunctions.Utility_DisplayArrayInTable(Fuel_SourceData.Fuel_Scope3EmissionFactorsStationaryGaseous_Data(), Table_Fuel_EFs_StationaryGaseous34[[#Headers],[State or territory]],0)} -> 13.1 | F114: {=Common_InputFunctions.Utility_DisplayArrayInTable(Fuel_SourceData.Fuel_Scope3EmissionFactorsStationaryGaseous_Data(), Table_Fuel_EFs_StationaryGaseous34[[#Headers],[State or territory]],0)} -> 14 | H114: Gas reaches end users either from the metro distribution networks or direct from the high - pressure distribution pipelines.
D115: {=Common_InputFunctions.Utility_DisplayArrayInTable(Fuel_SourceData.Fuel_Scope3EmissionFactorsStationaryGaseous_Data(), Table_Fuel_EFs_StationaryGaseous34[[#Headers],[State or territory]],0)} -> Victoria | E115: {=Common_InputFunctions.Utility_DisplayArrayInTable(Fuel_SourceData.Fuel_Scope3EmissionFactorsStationaryGaseous_Data(), Table_Fuel_EFs_StationaryGaseous34[[#Headers],[State or territory]],0)} -> 4 | F115: {=Common_InputFunctions.Utility_DisplayArrayInTable(Fuel_SourceData.Fuel_Scope3EmissionFactorsStationaryGaseous_Data(), Table_Fuel_EFs_StationaryGaseous34[[#Headers],[State or territory]],0)} -> 4 | H115: Households and commercial users tend to be served by the former, and electricity generators and large industrial plants from the latter.
D116: {=Common_InputFunctions.Utility_DisplayArrayInTable(Fuel_SourceData.Fuel_Scope3EmissionFactorsStationaryGaseous_Data(), Table_Fuel_EFs_StationaryGaseous34[[#Headers],[State or territory]],0)} -> Queensland | E116: {=Common_InputFunctions.Utility_DisplayArrayInTable(Fuel_SourceData.Fuel_Scope3EmissionFactorsStationaryGaseous_Data(), Table_Fuel_EFs_StationaryGaseous34[[#Headers],[State or territory]],0)} -> 8.8 | F116: {=Common_InputFunctions.Utility_DisplayArrayInTable(Fuel_SourceData.Fuel_Scope3EmissionFactorsStationaryGaseous_Data(), Table_Fuel_EFs_StationaryGaseous34[[#Headers],[State or territory]],0)} -> 7.9 | G116: - | H116: Metro is defined as located on or east of the dividing range in NSW, including Canberra and Queanbeyan, Melbourne, Brisbane, Adelaide or Perth.
D117: {=Common_InputFunctions.Utility_DisplayArrayInTable(Fuel_SourceData.Fuel_Scope3EmissionFactorsStationaryGaseous_Data(), Table_Fuel_EFs_StationaryGaseous34[[#Headers],[State or territory]],0)} -> South Australia | E117: {=Common_InputFunctions.Utility_DisplayArrayInTable(Fuel_SourceData.Fuel_Scope3EmissionFactorsStationaryGaseous_Data(), Table_Fuel_EFs_StationaryGaseous34[[#Headers],[State or territory]],0)} -> 10.7 | F117: {=Common_InputFunctions.Utility_DisplayArrayInTable(Fuel_SourceData.Fuel_Scope3EmissionFactorsStationaryGaseous_Data(), Table_Fuel_EFs_StationaryGaseous34[[#Headers],[State or territory]],0)} -> 10.6 | H117: Otherwise, the non - metro factor should be used.
D118: {=Common_InputFunctions.Utility_DisplayArrayInTable(Fuel_SourceData.Fuel_Scope3EmissionFactorsStationaryGaseous_Data(), Table_Fuel_EFs_StationaryGaseous34[[#Headers],[State or territory]],0)} -> Western Australia | E118: {=Common_InputFunctions.Utility_DisplayArrayInTable(Fuel_SourceData.Fuel_Scope3EmissionFactorsStationaryGaseous_Data(), Table_Fuel_EFs_StationaryGaseous34[[#Headers],[State or territory]],0)} -> 4.1 | F118: {=Common_InputFunctions.Utility_DisplayArrayInTable(Fuel_SourceData.Fuel_Scope3EmissionFactorsStationaryGaseous_Data(), Table_Fuel_EFs_StationaryGaseous34[[#Headers],[State or territory]],0)} -> 4 | G118: - | H118: Factors are calculated for all natural gas distributed in a pipeline which may include coal seam methane.
D119: {=Common_InputFunctions.Utility_DisplayArrayInTable(Fuel_SourceData.Fuel_Scope3EmissionFactorsStationaryGaseous_Data(), Table_Fuel_EFs_StationaryGaseous34[[#Headers],[State or territory]],0)} -> Tasmania | E119: {=Common_InputFunctions.Utility_DisplayArrayInTable(Fuel_SourceData.Fuel_Scope3EmissionFactorsStationaryGaseous_Data(), Table_Fuel_EFs_StationaryGaseous34[[#Headers],[State or territory]],0)} -> 4 | F119: {=Common_InputFunctions.Utility_DisplayArrayInTable(Fuel_SourceData.Fuel_Scope3EmissionFactorsStationaryGaseous_Data(), Table_Fuel_EFs_StationaryGaseous34[[#Headers],[State or territory]],0)} -> 4 | G119: - | H119: Table 6 is not applicable to ethane. See Table 7 Indirect (Scope 3) emissions from the consumption of ethane.
D120: {=Common_InputFunctions.Utility_DisplayArrayInTable(Fuel_SourceData.Fuel_Scope3EmissionFactorsStationaryGaseous_Data(), Table_Fuel_EFs_StationaryGaseous34[[#Headers],[State or territory]],0)} -> Northern Territory | E120: {=Common_InputFunctions.Utility_DisplayArrayInTable(Fuel_SourceData.Fuel_Scope3EmissionFactorsStationaryGaseous_Data(), Table_Fuel_EFs_StationaryGaseous34[[#Headers],[State or territory]],0)} -> 4.1 | F120: {=Common_InputFunctions.Utility_DisplayArrayInTable(Fuel_SourceData.Fuel_Scope3EmissionFactorsStationaryGaseous_Data(), Table_Fuel_EFs_StationaryGaseous34[[#Headers],[State or territory]],0)} -> 4 | G120: - | H120: C = Confidential. Scope 3 emission factors for Tasmania and the Northern Territory are not available due to confidentiality constraints that arise
H121: from the use of a limited number of NGER data inputs. It is suggested that for Tasmania the use of the Victorian emission factors is appropriate,
H122: while for Northern Territory the use of the Western Australian emission factors is appropriate.
G123: - | H123: Scope 3 emission factors do not include fugitive emission leakage from low pressure natural gas distribution pipeline networks while those from high pressure
H124: gas networks are considered negligible.
D130: Generators | E130: Power standalone machinery or heating | F130: Aviation | G130: Cars and light commercial vehicles | H130: Off-road Agriculture and forestry equipment | I130: Vessels
D131: =$D$143 -> Petrol | E131: =$D$143 -> Petrol | F131: =$D$150 -> Avgas | G131: =$D$143 -> Petrol | H131: =$D$144 -> Diesel | I131: =$D$143 -> Petrol
D132: =$D$144 -> Diesel | E132: =$D$144 -> Diesel | F132: =$D$151 -> Jet A1, Jet B | G132: =$D$144 -> Diesel | I132: =$D$144 -> Diesel
D133: =$D$145 -> Liquefied petroleum gas (LPG) | E133: =$D$145 -> Liquefied petroleum gas (LPG) | F133: =$D$152 -> Renewable aviation kerosene | G133: =$D$145 -> Liquefied petroleum gas (LPG) | I133: Fuel oil
D134: =$D$146 -> Biodiesel | E134: =$D$146 -> Biodiesel | G134: =$D$160 -> Fuel oil
D135: =$D$147 -> Ethanol | E135: =$D$147 -> Ethanol | G135: =$D$147 -> Ethanol
D136: =$D$148 -> Other biofuels | E136: =$D$148 -> Other biofuels | G136: =$D$146 -> Biodiesel
D137: =$D$149 -> Renewable diesel | E137: =$D$149 -> Renewable diesel | G137: =$D$149 -> Renewable diesel
E138: =$D$161 -> Natural gas (via pipeline) in GJ | G138: =$D$148 -> Other biofuels
E139: =$D$162 -> Town gas in GJ
D142: Fuel type | E142: Unit | F142: Input Unit
...

Sheet Constants - Common
A1: #VALUE! | C1: Constants - Common
D5: {=Common_SourceData.Common_SourceData_AustralianStatesTerritories_Title()} -> Australian states and territories
D6: State/Territory | E6: Common Name | F6: Abbreviation
D7: {=Common_InputFunctions.Utility_DisplayArrayInTable(Common_SourceData.Common_SourceData_AustralianStatesTerritories_Data(),Table_AustralianStates[[#Headers],[State/Territory]],0)} -> New South Wales | E7: {=Common_InputFunctions.Utility_DisplayArrayInTable(Common_SourceData.Common_SourceData_AustralianStatesTerritories_Data(),Table_AustralianStates[[#Headers],[State/Territory]],0)} -> New South Wales | F7: {=Common_InputFunctions.Utility_DisplayArrayInTable(Common_SourceData.Common_SourceData_AustralianStatesTerritories_Data(),Table_AustralianStates[[#Headers],[State/Territory]],0)} -> NSW
D8: {=Common_InputFunctions.Utility_DisplayArrayInTable(Common_SourceData.Common_SourceData_AustralianStatesTerritories_Data(),Table_AustralianStates[[#Headers],[State/Territory]],0)} -> Australian Capital Territory | E8: {=Common_InputFunctions.Utility_DisplayArrayInTable(Common_SourceData.Common_SourceData_AustralianStatesTerritories_Data(),Table_AustralianStates[[#Headers],[State/Territory]],0)} -> ACT | F8: {=Common_InputFunctions.Utility_DisplayArrayInTable(Common_SourceData.Common_SourceData_AustralianStatesTerritories_Data(),Table_AustralianStates[[#Headers],[State/Territory]],0)} -> ACT
D9: {=Common_InputFunctions.Utility_DisplayArrayInTable(Common_SourceData.Common_SourceData_AustralianStatesTerritories_Data(),Table_AustralianStates[[#Headers],[State/Territory]],0)} -> Victoria | E9: {=Common_InputFunctions.Utility_DisplayArrayInTable(Common_SourceData.Common_SourceData_AustralianStatesTerritories_Data(),Table_AustralianStates[[#Headers],[State/Territory]],0)} -> Victoria | F9: {=Common_InputFunctions.Utility_DisplayArrayInTable(Common_SourceData.Common_SourceData_AustralianStatesTerritories_Data(),Table_AustralianStates[[#Headers],[State/Territory]],0)} -> VIC
D10: {=Common_InputFunctions.Utility_DisplayArrayInTable(Common_SourceData.Common_SourceData_AustralianStatesTerritories_Data(),Table_AustralianStates[[#Headers],[State/Territory]],0)} -> Queensland | E10: {=Common_InputFunctions.Utility_DisplayArrayInTable(Common_SourceData.Common_SourceData_AustralianStatesTerritories_Data(),Table_AustralianStates[[#Headers],[State/Territory]],0)} -> Queensland | F10: {=Common_InputFunctions.Utility_DisplayArrayInTable(Common_SourceData.Common_SourceData_AustralianStatesTerritories_Data(),Table_AustralianStates[[#Headers],[State/Territory]],0)} -> QLD
D11: {=Common_InputFunctions.Utility_DisplayArrayInTable(Common_SourceData.Common_SourceData_AustralianStatesTerritories_Data(),Table_AustralianStates[[#Headers],[State/Territory]],0)} -> South Australia | E11: {=Common_InputFunctions.Utility_DisplayArrayInTable(Common_SourceData.Common_SourceData_AustralianStatesTerritories_Data(),Table_AustralianStates[[#Headers],[State/Territory]],0)} -> South Australia | F11: {=Common_InputFunctions.Utility_DisplayArrayInTable(Common_SourceData.Common_SourceData_AustralianStatesTerritories_Data(),Table_AustralianStates[[#Headers],[State/Territory]],0)} -> SA
D12: {=Common_InputFunctions.Utility_DisplayArrayInTable(Common_SourceData.Common_SourceData_AustralianStatesTerritories_Data(),Table_AustralianStates[[#Headers],[State/Territory]],0)} -> Western Australia | E12: {=Common_InputFunctions.Utility_DisplayArrayInTable(Common_SourceData.Common_SourceData_AustralianStatesTerritories_Data(),Table_AustralianStates[[#Headers],[State/Territory]],0)} -> Western Australia | F12: {=Common_InputFunctions.Utility_DisplayArrayInTable(Common_SourceData.Common_SourceData_AustralianStatesTerritories_Data(),Table_AustralianStates[[#Headers],[State/Territory]],0)} -> WA
D13: {=Common_InputFunctions.Utility_DisplayArrayInTable(Common_SourceData.Common_SourceData_AustralianStatesTerritories_Data(),Table_AustralianStates[[#Headers],[State/Territory]],0)} -> Tasmania | E13: {=Common_InputFunctions.Utility_DisplayArrayInTable(Common_SourceData.Common_SourceData_AustralianStatesTerritories_Data(),Table_AustralianStates[[#Headers],[State/Territory]],0)} -> Tasmania | F13: {=Common_InputFunctions.Utility_DisplayArrayInTable(Common_SourceData.Common_SourceData_AustralianStatesTerritories_Data(),Table_AustralianStates[[#Headers],[State/Territory]],0)} -> TAS
D14: {=Common_InputFunctions.Utility_DisplayArrayInTable(Common_SourceData.Common_SourceData_AustralianStatesTerritories_Data(),Table_AustralianStates[[#Headers],[State/Territory]],0)} -> Northern Territory | E14: {=Common_InputFunctions.Utility_DisplayArrayInTable(Common_SourceData.Common_SourceData_AustralianStatesTerritories_Data(),Table_AustralianStates[[#Headers],[State/Territory]],0)} -> Northern Territory | F14: {=Common_InputFunctions.Utility_DisplayArrayInTable(Common_SourceData.Common_SourceData_AustralianStatesTerritories_Data(),Table_AustralianStates[[#Headers],[State/Territory]],0)} -> NT
D18: {=Common_SourceData.Common_SourceData_WASA4Areas_Title()} -> ABS Statistcal Areas Level 4 - Western Australia
D19: {=Common_SourceData.Common_SourceData_WASA4Areas_Source()} -> Australian Bureau of Statistics (ABS) - Statistical Areas Level 2 - 2021 - Shapefile
D20: SA 4 Name
D21: {=Common_InputFunctions.Utility_DisplayArrayInTable(Common_SourceData.Common_SourceData_WASA4Areas_Data(), Table_WASA4Areas[[#Headers],[SA 4 Name]], 0)} -> Bunbury
D22: {=Common_InputFunctions.Utility_DisplayArrayInTable(Common_SourceData.Common_SourceData_WASA4Areas_Data(), Table_WASA4Areas[[#Headers],[SA 4 Name]], 0)} -> Mandurah
D23: {=Common_InputFunctions.Utility_DisplayArrayInTable(Common_SourceData.Common_SourceData_WASA4Areas_Data(), Table_WASA4Areas[[#Headers],[SA 4 Name]], 0)} -> Perth - Inner
D24: {=Common_InputFunctions.Utility_DisplayArrayInTable(Common_SourceData.Common_SourceData_WASA4Areas_Data(), Table_WASA4Areas[[#Headers],[SA 4 Name]], 0)} -> Perth - North East
D25: {=Common_InputFunctions.Utility_DisplayArrayInTable(Common_SourceData.Common_SourceData_WASA4Areas_Data(), Table_WASA4Areas[[#Headers],[SA 4 Name]], 0)} -> Perth - North West
D26: {=Common_InputFunctions.Utility_DisplayArrayInTable(Common_SourceData.Common_SourceData_WASA4Areas_Data(), Table_WASA4Areas[[#Headers],[SA 4 Name]], 0)} -> Perth - South East
D27: {=Common_InputFunctions.Utility_DisplayArrayInTable(Common_SourceData.Common_SourceData_WASA4Areas_Data(), Table_WASA4Areas[[#Headers],[SA 4 Name]], 0)} -> Perth - South West
D28: {=Common_InputFunctions.Utility_DisplayArrayInTable(Common_SourceData.Common_SourceData_WASA4Areas_Data(), Table_WASA4Areas[[#Headers],[SA 4 Name]], 0)} -> Western Australia - Wheat Belt
D29: {=Common_InputFunctions.Utility_DisplayArrayInTable(Common_SourceData.Common_SourceData_WASA4Areas_Data(), Table_WASA4Areas[[#Headers],[SA 4 Name]], 0)} -> Western Australia - Outback (North)
D30: {=Common_InputFunctions.Utility_DisplayArrayInTable(Common_SourceData.Common_SourceData_WASA4Areas_Data(), Table_WASA4Areas[[#Headers],[SA 4 Name]], 0)} -> Western Australia - Outback (South)
D34: {=Common_SourceData.Common_SourceData_GWP_Title()} -> Global warming potential for greenhouse gases
D35: {=Common_SourceData.Common_SourceData_GWP_Source()} -> XXXXXXX
D36: Gas | E36: CO2-e factor
D37: {=Common_InputFunctions.Utility_DisplayArrayInTable(Common_SourceData.Common_SourceData_GWP_Data(), Table_GWPData[[#Headers],[Gas]], 0)} -> CO2 | E37: {=Common_InputFunctions.Utility_DisplayArrayInTable(Common_SourceData.Common_SourceData_GWP_Data(), Table_GWPData[[#Headers],[Gas]], 0)} -> 1
D38: {=Common_InputFunctions.Utility_DisplayArrayInTable(Common_SourceData.Common_SourceData_GWP_Data(), Table_GWPData[[#Headers],[Gas]], 0)} -> CH4 | E38: {=Common_InputFunctions.Utility_DisplayArrayInTable(Common_SourceData.Common_SourceData_GWP_Data(), Table_GWPData[[#Headers],[Gas]], 0)} -> 28
D39: {=Common_InputFunctions.Utility_DisplayArrayInTable(Common_SourceData.Common_SourceData_GWP_Data(), Table_GWPData[[#Headers],[Gas]], 0)} -> N2O | E39: {=Common_InputFunctions.Utility_DisplayArrayInTable(Common_SourceData.Common_SourceData_GWP_Data(), Table_GWPData[[#Headers],[Gas]], 0)} -> 265
D40: {=Common_InputFunctions.Utility_DisplayArrayInTable(Common_SourceData.Common_SourceData_GWP_Data(), Table_GWPData[[#Headers],[Gas]], 0)} -> CF4 | E40: {=Common_InputFunctions.Utility_DisplayArrayInTable(Common_SourceData.Common_SourceData_GWP_Data(), Table_GWPData[[#Headers],[Gas]], 0)} -> 6630
D41: {=Common_InputFunctions.Utility_DisplayArrayInTable(Common_SourceData.Common_SourceData_GWP_Data(), Table_GWPData[[#Headers],[Gas]], 0)} -> C2F6 | E41: {=Common_InputFunctions.Utility_DisplayArrayInTable(Common_SourceData.Common_SourceData_GWP_Data(), Table_GWPData[[#Headers],[Gas]], 0)} -> 12200
D42: {=Common_InputFunctions.Utility_DisplayArrayInTable(Common_SourceData.Common_SourceData_GWP_Data(), Table_GWPData[[#Headers],[Gas]], 0)} -> SF6 | E42: {=Common_InputFunctions.Utility_DisplayArrayInTable(Common_SourceData.Common_SourceData_GWP_Data(), Table_GWPData[[#Headers],[Gas]], 0)} -> 22800
D43: {=Common_InputFunctions.Utility_DisplayArrayInTable(Common_SourceData.Common_SourceData_GWP_Data(), Table_GWPData[[#Headers],[Gas]], 0)} -> NF3 | E43: {=Common_InputFunctions.Utility_DisplayArrayInTable(Common_SourceData.Common_SourceData_GWP_Data(), Table_GWPData[[#Headers],[Gas]], 0)} -> 17200
D45: {=Common_SourceData.Common_SourceData_ConvertGasElementalToMolecular_Title()} -> Factor to convert elemental mass of gas to molecular mass
D46: {=Common_SourceData.Common_SourceData_ConvertGasElementalToMolecular_Source()} -> XXXXXXX
D47: Gas | E47: Conversion factor | F47: Conversion factor 1 | G47: Conversion factor 2 | H47: Conversion factor combined
D48: {=Common_InputFunctions.Utility_DisplayArrayInTable(Common_SourceData.Common_SourceData_ConvertGasElementalToMolecular_Data(),Table_GasToMolecularConversionFactor[[#Headers],[Gas]], 0)} -> CO2 | E48: {=Common_InputFunctions.Utility_DisplayArrayInTable(Common_SourceData.Common_SourceData_ConvertGasElementalToMolecular_Data(),Table_GasToMolecularConversionFactor[[#Headers],[Gas]], 0)} -> 44/12 | F48: {=Common_InputFunctions.Utility_DisplayArrayInTable(Common_SourceData.Common_SourceData_ConvertGasElementalToMolecular_Data(),Table_GasToMolecularConversionFactor[[#Headers],[Gas]], 0)} -> 44 | G48: {=Common_InputFunctions.Utility_DisplayArrayInTable(Common_SourceData.Common_SourceData_ConvertGasElementalToMolecular_Data(),Table_GasToMolecularConversionFactor[[#Headers],[Gas]], 0)} -> 12 | H48: =Table_GasToMolecularConversionFactor[[#This Row],[Conversion factor 1]]/Table_GasToMolecularConversionFactor[[#This Row],[Conversion factor 2]] -> 3.6666667
D49: {=Common_InputFunctions.Utility_DisplayArrayInTable(Common_SourceData.Common_SourceData_ConvertGasElementalToMolecular_Data(),Table_GasToMolecularConversionFactor[[#Headers],[Gas]], 0)} -> CH4 | E49: {=Common_InputFunctions.Utility_DisplayArrayInTable(Common_SourceData.Common_SourceData_ConvertGasElementalToMolecular_Data(),Table_GasToMolecularConversionFactor[[#Headers],[Gas]], 0)} -> 16/12 | F49: {=Common_InputFunctions.Utility_DisplayArrayInTable(Common_SourceData.Common_SourceData_ConvertGasElementalToMolecular_Data(),Table_GasToMolecularConversionFactor[[#Headers],[Gas]], 0)} -> 16 | G49: {=Common_InputFunctions.Utility_DisplayArrayInTable(Common_SourceData.Common_SourceData_ConvertGasElementalToMolecular_Data(),Table_GasToMolecularConversionFactor[[#Headers],[Gas]], 0)} -> 12 | H49: =Table_GasToMolecularConversionFactor[[#This Row],[Conversion factor 1]]/Table_GasToMolecularConversionFactor[[#This Row],[Conversion factor 2]] -> 1.3333333
D50: {=Common_InputFunctions.Utility_DisplayArrayInTable(Common_SourceData.Common_SourceData_ConvertGasElementalToMolecular_Data(),Table_GasToMolecularConversionFactor[[#Headers],[Gas]], 0)} -> N2O | E50: {=Common_InputFunctions.Utility_DisplayArrayInTable(Common_SourceData.Common_SourceData_ConvertGasElementalToMolecular_Data(),Table_GasToMolecularConversionFactor[[#Headers],[Gas]], 0)} -> 44/28 | F50: {=Common_InputFunctions.Utility_DisplayArrayInTable(Common_SourceData.Common_SourceData_ConvertGasElementalToMolecular_Data(),Table_GasToMolecularConversionFactor[[#Headers],[Gas]], 0)} -> 44 | G50: {=Common_InputFunctions.Utility_DisplayArrayInTable(Common_SourceData.Common_SourceData_ConvertGasElementalToMolecular_Data(),Table_GasToMolecularConversionFactor[[#Headers],[Gas]], 0)} -> 28 | H50: =Table_GasToMolecularConversionFactor[[#This Row],[Conversion factor 1]]/Table_GasToMolecularConversionFactor[[#This Row],[Conversion factor 2]] -> 1.5714286
D51: {=Common_InputFunctions.Utility_DisplayArrayInTable(Common_SourceData.Common_SourceData_ConvertGasElementalToMolecular_Data(),Table_GasToMolecularConversionFactor[[#Headers],[Gas]], 0)} -> Nox | E51: {=Common_InputFunctions.Utility_DisplayArrayInTable(Common_SourceData.Common_SourceData_ConvertGasElementalToMolecular_Data(),Table_GasToMolecularConversionFactor[[#Headers],[Gas]], 0)} -> 46/14 | F51: {=Common_InputFunctions.Utility_DisplayArrayInTable(Common_SourceData.Common_SourceData_ConvertGasElementalToMolecular_Data(),Table_GasToMolecularConversionFactor[[#Headers],[Gas]], 0)} -> 46 | G51: {=Common_InputFunctions.Utility_DisplayArrayInTable(Common_SourceData.Common_SourceData_ConvertGasElementalToMolecular_Data(),Table_GasToMolecularConversionFactor[[#Headers],[Gas]], 0)} -> 14 | H51: =Table_GasToMolecularConversionFactor[[#This Row],[Conversion factor 1]]/Table_GasToMolecularConversionFactor[[#This Row],[Conversion factor 2]] -> 3.2857143
D52: {=Common_InputFunctions.Utility_DisplayArrayInTable(Common_SourceData.Common_SourceData_ConvertGasElementalToMolecular_Data(),Table_GasToMolecularConversionFactor[[#Headers],[Gas]], 0)} -> CO | E52: {=Common_InputFunctions.Utility_DisplayArrayInTable(Common_SourceData.Common_SourceData_ConvertGasElementalToMolecular_Data(),Table_GasToMolecularConversionFactor[[#Headers],[Gas]], 0)} -> 28/12 | F52: {=Common_InputFunctions.Utility_DisplayArrayInTable(Common_SourceData.Common_SourceData_ConvertGasElementalToMolecular_Data(),Table_GasToMolecularConversionFactor[[#Headers],[Gas]], 0)} -> 28 | G52: {=Common_InputFunctions.Utility_DisplayArrayInTable(Common_SourceData.Common_SourceData_ConvertGasElementalToMolecular_Data(),Table_GasToMolecularConversionFactor[[#Headers],[Gas]], 0)} -> 12 | H52: =Table_GasToMolecularConversionFactor[[#This Row],[Conversion factor 1]]/Table_GasToMolecularConversionFactor[[#This Row],[Conversion factor 2]] -> 2.3333333
D53: {=Common_InputFunctions.Utility_DisplayArrayInTable(Common_SourceData.Common_SourceData_ConvertGasElementalToMolecular_Data(),Table_GasToMolecularConversionFactor[[#Headers],[Gas]], 0)} -> CO2 Lime | E53: {=Common_InputFunctions.Utility_DisplayArrayInTable(Common_SourceData.Common_SourceData_ConvertGasElementalToMolecular_Data(),Table_GasToMolecularConversionFactor[[#Headers],[Gas]], 0)} -> 44/12 | F53: {=Common_InputFunctions.Utility_DisplayArrayInTable(Common_SourceData.Common_SourceData_ConvertGasElementalToMolecular_Data(),Table_GasToMolecularConversionFactor[[#Headers],[Gas]], 0)} -> 44 | G53: {=Common_InputFunctions.Utility_DisplayArrayInTable(Common_SourceData.Common_SourceData_ConvertGasElementalToMolecular_Data(),Table_GasToMolecularConversionFactor[[#Headers],[Gas]], 0)} -> 12 | H53: =Table_GasToMolecularConversionFactor[[#This Row],[Conversion factor 1]]/Table_GasToMolecularConversionFactor[[#This Row],[Conversion factor 2]] -> 3.6666667
D54: {=Common_InputFunctions.Utility_DisplayArrayInTable(Common_SourceData.Common_SourceData_ConvertGasElementalToMolecular_Data(),Table_GasToMolecularConversionFactor[[#Headers],[Gas]], 0)} -> NMVOC | E54: {=Common_InputFunctions.Utility_DisplayArrayInTable(Common_SourceData.Common_SourceData_ConvertGasElementalToMolecular_Data(),Table_GasToMolecularConversionFactor[[#Headers],[Gas]], 0)} -> 14/12 | F54: {=Common_InputFunctions.Utility_DisplayArrayInTable(Common_SourceData.Common_SourceData_ConvertGasElementalToMolecular_Data(),Table_GasToMolecularConversionFactor[[#Headers],[Gas]], 0)} -> 14 | G54: {=Common_InputFunctions.Utility_DisplayArrayInTable(Common_SourceData.Common_SourceData_ConvertGasElementalToMolecular_Data(),Table_GasToMolecularConversionFactor[[#Headers],[Gas]], 0)} -> 12 | H54: =Table_GasToMolecularConversionFactor[[#This Row],[Conversion factor 1]]/Table_GasToMolecularConversionFactor[[#This Row],[Conversion factor 2]] -> 1.1666667
D57: {=Common_SourceData.Common_SourceData_WetAndDryZones_Title()} -> VEERG Australian wet and dry zones
D58: {=Common_SourceData.Common_SourceData_WetAndDryZones_Source()} -> VEERG 2026: Table 1.2: Translating climate zones to wet and dry zones
D59: {="⚠️" & Common_SourceData.Common_SourceData_WetAndDryZones_Variation()} -> ⚠️VARIATION OF SOURCE DATA:
D60: ⚠️Added warm / cool temperate moist / dry - low frost and high temp classes to accommodate climate scenarios excluded by VEERG criteria.
D61: ⚠️Fixed typo - Changed 'Fry' to 'Dry'.
D63: Climate zone | E63: Wet or Dry Zone
D64: {=Common_InputFunctions.Utility_DisplayArrayInTable(Common_SourceData.Common_SourceData_WetAndDryZones_Data(), Table_SourceData_WetDryZones[[#Headers],[Climate zone]], 0)} -> Tropical montane | E64: {=Common_InputFunctions.Utility_DisplayArrayInTable(Common_SourceData.Common_SourceData_WetAndDryZones_Data(), Table_SourceData_WetDryZones[[#Headers],[Climate zone]], 0)} -> Wet climate zone
D65: {=Common_InputFunctions.Utility_DisplayArrayInTable(Common_SourceData.Common_SourceData_WetAndDryZones_Data(), Table_SourceData_WetDryZones[[#Headers],[Climate zone]], 0)} -> Tropical wet | E65: {=Common_InputFunctions.Utility_DisplayArrayInTable(Common_SourceData.Common_SourceData_WetAndDryZones_Data(), Table_SourceData_WetDryZones[[#Headers],[Climate zone]], 0)} -> Wet climate zone
D66: {=Common_InputFunctions.Utility_DisplayArrayInTable(Common_SourceData.Common_SourceData_WetAndDryZones_Data(), Table_SourceData_WetDryZones[[#Headers],[Climate zone]], 0)} -> Tropical moist | E66: {=Common_InputFunctions.Utility_DisplayArrayInTable(Common_SourceData.Common_SourceData_WetAndDryZones_Data(), Table_SourceData_WetDryZones[[#Headers],[Climate zone]], 0)} -> Wet climate zone
D67: {=Common_InputFunctions.Utility_DisplayArrayInTable(Common_SourceData.Common_SourceData_WetAndDryZones_Data(), Table_SourceData_WetDryZones[[#Headers],[Climate zone]], 0)} -> Tropical dry | E67: {=Common_InputFunctions.Utility_DisplayArrayInTable(Common_SourceData.Common_SourceData_WetAndDryZones_Data(), Table_SourceData_WetDryZones[[#Headers],[Climate zone]], 0)} -> Dry climate zone
D68: {=Common_InputFunctions.Utility_DisplayArrayInTable(Common_SourceData.Common_SourceData_WetAndDryZones_Data(), Table_SourceData_WetDryZones[[#Headers],[Climate zone]], 0)} -> Warm temperate moist | E68: {=Common_InputFunctions.Utility_DisplayArrayInTable(Common_SourceData.Common_SourceData_WetAndDryZones_Data(), Table_SourceData_WetDryZones[[#Headers],[Climate zone]], 0)} -> Wet climate zone
D69: {=Common_InputFunctions.Utility_DisplayArrayInTable(Common_SourceData.Common_SourceData_WetAndDryZones_Data(), Table_SourceData_WetDryZones[[#Headers],[Climate zone]], 0)} -> Warm temperate dry | E69: {=Common_InputFunctions.Utility_DisplayArrayInTable(Common_SourceData.Common_SourceData_WetAndDryZones_Data(), Table_SourceData_WetDryZones[[#Headers],[Climate zone]], 0)} -> Dry climate zone
