Workbook
Name Common_Equations.Common_ConvertCH4ToCO2e: _xlfn.LAMBDA(_xlpm.E_CH4,_xlpm.GWP_CH4, _xlpm.E_CH4 * _xlpm.GWP_CH4)
Name Common_Equations.Common_ConvertCH4ToCO2e_Arguments: _xlfn.LAMBDA(_xlfn.MAKEARRAY(2, 2, _xlfn.LAMBDA(_xlpm.r,_xlpm.c, INDEX({"ECH4","Methane emissions (t CH4)";"GWPCH4","Global warming potential for methane (t CO2-e / t CH4)"}, _xlpm.r, _xlpm.c))))
Name Common_Equations.Common_ConvertCH4ToCO2e_LatexEquation: _xlfn.LAMBDA("CO2_e = E_{CH4} \times GWP_{CH4}")
Name Common_Equations.Common_ConvertCH4ToCO2e_NIRReference: _xlfn.LAMBDA("")
Name Common_Equations.Common_ConvertCH4ToCO2e_Title: _xlfn.LAMBDA("Convert methane emissions to carbon dioxide equivalent emissions")
Name Common_Equations.Common_ConvertCH4ToCO2e_Unit: _xlfn.LAMBDA("t CO2e")
Name Common_Equations.Common_ConvertCH4ToCO2e_Variable: _xlfn.LAMBDA("ECH4 CO2e")
Name Common_Equations.Common_ConvertN2OToCO2e: _xlfn.LAMBDA(_xlpm.E_N2O,_xlpm.GWP_N2O, _xlpm.E_N2O * _xlpm.GWP_N2O)
Name Common_Equations.Common_ConvertN2OToCO2e_LatexEquation: _xlfn.LAMBDA("CO2_e = E_{N2O} \times GWP_{N2O}")
Name Common_Equations.Common_ConvertN2OToCO2e_NIRReference: _xlfn.LAMBDA("")
Name Common_Equations.Common_ConvertN2OToCO2e_Title: _xlfn.LAMBDA("Convert nitrous oxide emissions to carbon dioxide equivalent emissions")
Name Common_Equations.Common_ConvertN2OToCO2e_Unit: _xlfn.LAMBDA("t CO2e")
Name Common_Equations.Common_ConvertN2OToCO2e_Variable: _xlfn.LAMBDA("EN2O CO2e")
Name Common_InputFunctions.Utility_ConvertStateCommonNameToAbbreviation: _xlfn.LAMBDA(_xlpm.StateCommonName,_xlpm.StateCommonNameArray,_xlpm.StateAbbreviationArray, _xlfn.XLOOKUP(_xlpm.StateCommonName, _xlpm.StateCommonNameArray, _xlpm.StateAbbreviationArray, ""))
Name Common_InputFunctions.Utility_DisplayArguments_1_2: _xlfn.LAMBDA(_xlpm.ArgumentsArray, _xlfn.CHOOSECOLS(_xlpm.ArgumentsArray, 1, 2))
Name Common_InputFunctions.Utility_DisplayArguments_3_4: _xlfn.LAMBDA(_xlpm.ArgumentsArray, _xlfn.CHOOSECOLS(_xlpm.ArgumentsArray, 3, 4))
Name Common_InputFunctions.Utility_DisplayFunctionName: _xlfn.LAMBDA(_xlpm.Function, _xlfn.TEXTBEFORE(_xlfn.FORMULATEXT(_xlpm.Function), "("))
Name Common_InputFunctions.Utility_GetArrayTableColumnStartNumber: _xlfn.LAMBDA(_xlpm.TableHeaderCell, COLUMN(_xlpm.TableHeaderCell))
Name Common_InputFunctions.Utility_GetArrayTableRowStartNumber: _xlfn.LAMBDA(_xlpm.TableheaderCell,_xlpm.RowsBetweenHeaderandArray, ROW(_xlpm.TableheaderCell) + _xlpm.RowsBetweenHeaderandArray - 1)
Name Common_InputFunctions.Utility_LookupValueInTable: _xlfn.LAMBDA(_xlpm.LookupValue,_xlpm.LookupArray,_xlpm.ReturnArray, _xlfn.XLOOKUP(_xlpm.LookupValue, _xlpm.LookupArray, _xlpm.ReturnArray, ""))
Name Common_InputFunctions.Utility_ResultsItemFromEquationTitleAndSource: _xlfn.LAMBDA(_xlpm.TitleCell,_xlpm.SourceCell, SUBSTITUTE(LEFT(_xlpm.SourceCell, FIND(",", _xlpm.SourceCell) - 1), "VEERG 2026: ", "") & " " & _xlpm.TitleCell)
Name Common_InputFunctions.Utility_SourceHyperlink: _xlfn.LAMBDA(_xlpm.TargetCell, _xlfn.LET(_xlpm.sh, _xlfn.TEXTAFTER(CELL("filename", _xlpm.TargetCell), "]"), _xlpm.addr, CELL("address", _xlpm.TargetCell), "#'" & _xlpm.sh & "'!" & _xlpm.addr))
Name Common_InputFunctions.Utility_SourceHyperlinkDifferentSheet: _xlfn.LAMBDA(_xlpm.TargetCell, _xlfn.LET(_xlpm.sh, _xlfn.TEXTAFTER(CELL("filename", _xlpm.TargetCell), "]"), _xlpm.addr, CELL("address", _xlpm.TargetCell), "#" & _xlpm.addr))
Name Common_SourceData.Common_SourceData_AustralianStatesTerritories_Source: _xlfn.LAMBDA("")
Name Common_SourceData.Common_SourceData_AustralianStatesTerritories_Title: _xlfn.LAMBDA("Australian states and territories")
Name Common_SourceData.Common_SourceData_AustralianStatesTerritories_Unit: _xlfn.LAMBDA("")
Name Common_SourceData.Common_SourceData_AustralianStatesTerritories_Variable: _xlfn.LAMBDA("")
Name Common_SourceData.Common_SourceData_ClimateZones_Source: _xlfn.LAMBDA("VEERG 2026: Table 1.3: Climate and Rainfall zone classifications and definitions")
Name Common_SourceData.Common_SourceData_ClimateZones_Title: _xlfn.LAMBDA("VEERG Australian climate zones")
Name Common_SourceData.Common_SourceData_ClimateZones_Unit: _xlfn.LAMBDA("")
Name Common_SourceData.Common_SourceData_ClimateZones_Variable: _xlfn.LAMBDA("")
Name Common_SourceData.Common_SourceData_ConvertGasElementalToMolecular_Source: _xlfn.LAMBDA("XXXXXXX")
Name Common_SourceData.Common_SourceData_ConvertGasElementalToMolecular_Title: _xlfn.LAMBDA("Factor to convert elemental mass of gas to molecular mass")
Name Common_SourceData.Common_SourceData_ConvertGasElementalToMolecular_Unit: _xlfn.LAMBDA("factor")
Name Common_SourceData.Common_SourceData_ConvertGasElementalToMolecular_Variable: _xlfn.LAMBDA("Cg")
Name Common_SourceData.Common_SourceData_ConvertN2oElementalToMolecularCg_Data: _xlfn.LAMBDA(44 / 28)
Name Common_SourceData.Common_SourceData_ConvertN2oElementalToMolecularCg_Source: _xlfn.LAMBDA("National Inventory Report 2023 Volume 1")
Name Common_SourceData.Common_SourceData_ConvertN2oElementalToMolecularCg_Title: _xlfn.LAMBDA("Factor to convert elemental mass of N2O to molecular mass")
Name Common_SourceData.Common_SourceData_ConvertN2oElementalToMolecularCg_Unit: _xlfn.LAMBDA("factor")
Name Common_SourceData.Common_SourceData_ConvertN2oElementalToMolecularCg_Variable: _xlfn.LAMBDA("CgN2O")
Name Common_SourceData.Common_SourceData_DataScores_Scope3_Source: _xlfn.LAMBDA("VEERG 2026: XXXXXXXX")
Name Common_SourceData.Common_SourceData_DataScores_Scope3_Title: _xlfn.LAMBDA("Australian data scores for scope 3")
Name Common_SourceData.Common_SourceData_DataScores_Scope3_Unit: _xlfn.LAMBDA("")
Name Common_SourceData.Common_SourceData_DataScores_Scope3_Variable: _xlfn.LAMBDA("")
Name Common_SourceData.Common_SourceData_DataScores_Scope3_Variation: _xlfn.LAMBDA("")
Name Common_SourceData.Common_SourceData_DensityOfMethane_Data: _xlfn.LAMBDA(0.6784)
Name Common_SourceData.Common_SourceData_DensityOfMethane_Source: _xlfn.LAMBDA("National Inventory Report 2023 Volume 1: Equations 3.B.1a_2, 3.B.1c_2, 3.B.3_1, 3.B.4g_2")
Name Common_SourceData.Common_SourceData_DensityOfMethane_Title: _xlfn.LAMBDA("p = density of methane")
Name Common_SourceData.Common_SourceData_DensityOfMethane_Unit: _xlfn.LAMBDA("kg/m3")
Name Common_SourceData.Common_SourceData_EFleach_Data: _xlfn.LAMBDA(_xlfn.MAKEARRAY(1, 2, _xlfn.LAMBDA(_xlpm.r,_xlpm.c, INDEX({"EFleach",0.011}, _xlpm.r, _xlpm.c))))
Name Common_SourceData.Common_SourceData_EFleach_NIRReference: _xlfn.LAMBDA("National Inventory Report Volume 1: Equation 3.D.B_10")
Name Common_SourceData.Common_SourceData_EFleach_Source: _xlfn.LAMBDA("VEERG 2026:5.5.2.3 Constant Parameters")
Name Common_SourceData.Common_SourceData_EFleach_Title: _xlfn.LAMBDA("Emission factor for nitrogen leaching and runoff")
Name Common_SourceData.Common_SourceData_EFleach_Unit: _xlfn.LAMBDA("(kg N2O-N / kg N")
Name Common_SourceData.Common_SourceData_EFleach_Variation: _xlfn.LAMBDA((""))
Name Common_SourceData.Common_SourceData_EFN2O_NIRReference: _xlfn.LAMBDA("")
Name Common_SourceData.Common_SourceData_EFN2O_Source: _xlfn.LAMBDA("VEERG 2026: Table A.2.2.1")
Name Common_SourceData.Common_SourceData_EFN2O_Title: _xlfn.LAMBDA("Nitrous oxide emission factors for inorganic fertiliser application")
Name Common_SourceData.Common_SourceData_EFN2O_Unit: _xlfn.LAMBDA("(kg N2O-N / kg N")
Name Common_SourceData.Common_SourceData_EFOrganicFertiliserAndCropResidues_Data: _xlfn.LAMBDA(_xlfn.MAKEARRAY(3, 2, _xlfn.LAMBDA(_xlpm.r,_xlpm.c, INDEX({"Climate zone","EFNi & EFN2O";"Wet climate zone",0.006;"Dry climate zone",0.005}, _xlpm.r, _xlpm.c))))

Sheet Home
A1: #VALUE!
A3: =HYPERLINK("#'Home'!A1", "Home") -> Home
A4: =HYPERLINK("#'Overview'!A1", "Overview") -> Overview
A5: =HYPERLINK("#'Results'!A1", "Results") -> Results
A8: INPUTS
A9: =HYPERLINK("#'Input - Site'!A1", "Site") -> Site
A10: =HYPERLINK("#'Input - Dairy'!A1", "Dairy") -> Dairy
A13: CALCULATIONS
A14: =HYPERLINK("#'4.3.1.1-2 Methane'!A1", "4.3.1.1-2 Methane") -> 4.3.1.1-2 Methane
A15: =HYPERLINK("#'4.3.1.3-4 Direct N20'!A1", "4.3.1.3-4 Direct N20") -> 4.3.1.3-4 Direct N20
A16: =HYPERLINK("#'4.3.1.5 Atmos deposition'!A1", "4.3.1.5 Atmos deposition") -> 4.3.1.5 Atmos deposition
A17: =HYPERLINK("#'4.3.1.6-7 Leaching and runoff'!A1", "4.3.1.6-7 Leaching and runoff") -> 4.3.1.6-7 Leaching and runoff
A18: =HYPERLINK("#'4.3.1.8 Manure applied to soils'!A1", "4.3.1.8 Manure applied to soils") -> 4.3.1.8 Manure applied to soils
A19: =HYPERLINK("#'4.3.1.9 Soil direct N2O'!A1", "4.3.1.9 Soil direct N2O") -> 4.3.1.9 Soil direct N2O
A20: =HYPERLINK("#'4.3.1.10-11 Soil Atmos Dep'!A1", "4.3.1.10-11 Soil Atmos Dep") -> 4.3.1.10-11 Soil Atmos Dep
A21: =HYPERLINK("#'4.3.1.12-13 Soil leach runoff'!A1", "4.3.1.12-13 Soil leach runoff") -> 4.3.1.12-13 Soil leach runoff
A24: APPENDICES
A25: =HYPERLINK("#'Constants - Dairy'!A1", "Constants - Dairy") -> Constants - Dairy
A26: =HYPERLINK("#'Constants - Common'!A1", "Constants - Common") -> Constants - Common
A27: =HYPERLINK("#'Constants - Livestock'!A1", "Constants - Livestock") -> Constants - Livestock
A28: =HYPERLINK("#'Acknowledgements'!A1", "Acknowledgements") -> Acknowledgements
A29: =HYPERLINK("#'Tab template'!A1", "Tab template") -> Tab template

Sheet Overview
A1: #VALUE! | C1: 4.3: Manure Management: Dairy: Overview
A3: =HYPERLINK("#'Home'!A1", "Home") -> Home
A4: =HYPERLINK("#'Overview'!A1", "Overview") -> Overview
A5: =HYPERLINK("#'Results'!A1", "Results") -> Results | D5: 💡 Below is a diagram that maps the equations used to calculate emissions, how they interact with each other and how they align with dairy manure management processes.
D6: Click on a box to go to the corresponding calculation.
A8: INPUTS
A9: =HYPERLINK("#'Input - Site'!A1", "Site") -> Site
A10: =HYPERLINK("#'Input - Dairy'!A1", "Dairy") -> Dairy
A13: CALCULATIONS
A14: =HYPERLINK("#'4.3.1.1-2 Methane'!A1", "4.3.1.1-2 Methane") -> 4.3.1.1-2 Methane
A15: =HYPERLINK("#'4.3.1.3-4 Direct N20'!A1", "4.3.1.3-4 Direct N20") -> 4.3.1.3-4 Direct N20
A16: =HYPERLINK("#'4.3.1.5 Atmos deposition'!A1", "4.3.1.5 Atmos deposition") -> 4.3.1.5 Atmos deposition
A17: =HYPERLINK("#'4.3.1.6-7 Leaching and runoff'!A1", "4.3.1.6-7 Leaching and runoff") -> 4.3.1.6-7 Leaching and runoff
A18: =HYPERLINK("#'4.3.1.8 Manure applied to soils'!A1", "4.3.1.8 Manure applied to soils") -> 4.3.1.8 Manure applied to soils
A19: =HYPERLINK("#'4.3.1.9 Soil direct N2O'!A1", "4.3.1.9 Soil direct N2O") -> 4.3.1.9 Soil direct N2O
A20: =HYPERLINK("#'4.3.1.10-11 Soil Atmos Dep'!A1", "4.3.1.10-11 Soil Atmos Dep") -> 4.3.1.10-11 Soil Atmos Dep
A21: =HYPERLINK("#'4.3.1.12-13 Soil leach runoff'!A1", "4.3.1.12-13 Soil leach runoff") -> 4.3.1.12-13 Soil leach runoff
A24: APPENDICES
A25: =HYPERLINK("#'Constants - Dairy'!A1", "Constants - Dairy") -> Constants - Dairy
A26: =HYPERLINK("#'Constants - Common'!A1", "Constants - Common") -> Constants - Common
A27: =HYPERLINK("#'Constants - Livestock'!A1", "Constants - Livestock") -> Constants - Livestock
A28: =HYPERLINK("#'Acknowledgements'!A1", "Acknowledgements") -> Acknowledgements
A29: =HYPERLINK("#'Tab template'!A1", "Tab template") -> Tab template

Sheet Results
A1: #VALUE! | C1: 4.3 Manure management: Dairy: Results
A3: =HYPERLINK("#'Home'!A1", "Home") -> Home
A4: =HYPERLINK("#'Overview'!A1", "Overview") -> Overview | D4: Emissions breakdown
A5: =HYPERLINK("#'Results'!A1", "Results") -> Results
D6: Scope 1 source | E6: GHG emissions method 1 | F6: GHG emissions method 2 | G6: GHG Unit | H6: CO2-e emissions method 1 | I6: CO2-e emissions method 2 | J6: CO2-e unit
D7: 4.3.1.1-2 Manure methane | E7: =VEERG_4_3_1_1__1_TotalAnnualMethaneFromManureManagement_Result_Method1 -> 2.3523414 | F7: =VEERG_4_3_1_1__1_TotalAnnualMethaneFromManureManagement_Result_Method2 -> 2.4657073 | G7: ='4.3.1.1-2 Methane'!$F$300 -> t CH4 | H7: ='4.3.1.1-2 Methane'!$E$305 -> 65.86556 | I7: ='4.3.1.1-2 Methane'!$P$305 -> 69.039803 | J7: ='4.3.1.1-2 Methane'!$F$305 -> t CO2e
A8: INPUTS | D8: 4.3.1.3-4 Manure direct N2O | E8: =VEERG_4_3_1_3__1_TotalAnnualDirectNitrousOxideEmissionsFromMMS_Result_Method1 -> 0.013675146 | F8: =VEERG_4_3_1_3__1_TotalAnnualDirectNitrousOxideEmissionsFromMMS_Result_Method2 -> 0.013675146 | G8: ='4.3.1.3-4 Direct N20'!$F$287 -> t N2O | H8: ='4.3.1.3-4 Direct N20'!$E$292 -> 3.6239137 | I8: ='4.3.1.3-4 Direct N20'!$O$292 -> 3.6239137 | J8: ='4.3.1.3-4 Direct N20'!$F$292 -> t CO2e
A9: =HYPERLINK("#'Input - Site'!A1", "Site") -> Site | D9: 4.3.1.5 Manure atmospheric deposition | E9: =VEERG_4_3_1_5__1_AnnualAtmosphericDepositionEmissionsFromMMS_Result_Method1 -> 0.010488837 | F9: =VEERG_4_3_1_5__1_AnnualAtmosphericDepositionEmissionsFromMMS_Result_Method2 -> 0.010488837 | G9: ='4.3.1.5 Atmos deposition'!$F$68 -> t N2O | H9: ='4.3.1.5 Atmos deposition'!$E$73 -> 2.7795418 | I9: ='4.3.1.5 Atmos deposition'!$P$73 -> 2.7795418 | J9: ='4.3.1.5 Atmos deposition'!$F$73 -> t CO2e
A10: =HYPERLINK("#'Input - Dairy'!A1", "Dairy") -> Dairy | D10: 4.3.1.6-7 Manure leaching and runoff | E10: =VEERG_4_3_1_6__1_AnnualEmissionsFromLeachingAndRunoffFromMMS_Result_Method1 -> 0.00060170643 | F10: =VEERG_4_3_1_6__1_AnnualEmissionsFromLeachingAndRunoffFromMMS_Result_Method2 -> 0.00060170643 | G10: ='4.3.1.6-7 Leaching and runoff'!$F$52 -> t N2O | H10: ='4.3.1.6-7 Leaching and runoff'!$E$57 -> 0.1594522 | I10: ='4.3.1.6-7 Leaching and runoff'!$P$57 -> 0.1594522 | J10: ='4.3.1.6-7 Leaching and runoff'!$F$57 -> t CO2e
D11: 4.3.1.9 Soil direct N2O | E11: =VEERG_4_3_1_9__1_DirectNitrousOxideEmissionsOnPasture_Result_Method1 -> 0.043760467 | F11: =VEERG_4_3_1_9__1_DirectNitrousOxideEmissionsOnPasture_Result_Method2 -> 0.043760467 | G11: ='4.3.1.9 Soil direct N2O'!$F$53 -> t N2O | H11: ='4.3.1.9 Soil direct N2O'!$E$58 -> 11.596524 | I11: ='4.3.1.9 Soil direct N2O'!$P$58 -> 11.596524 | J11: ='4.3.1.9 Soil direct N2O'!$F$58 -> t CO2e
D12: 4.3.1.10-11 Soil atmospheric deposition | E12: =VEERG_4_3_1_10__1_AtmosphericDepositionEmissionsFromUrineAndDungOnPasture_Result_Method1 -> 0.02710961 | F12: =VEERG_4_3_1_10__1_AtmosphericDepositionEmissionsFromUrineAndDungOnPasture_Result_Method2 -> 0.02710961 | G12: ='4.3.1.10-11 Soil Atmos Dep'!$F$45 -> t N2O | H12: ='4.3.1.10-11 Soil Atmos Dep'!$E$50 -> 7.1840465 | I12: ='4.3.1.10-11 Soil Atmos Dep'!$P$50 -> 7.1840465 | J12: ='4.3.1.10-11 Soil Atmos Dep'!$F$50 -> t CO2e
A13: CALCULATIONS | D13: 4.3.1.12-13 Soil leaching and runoff | E13: =VEERG_4_3_1_12__1_LeachingAndRunoffEmissionsFromUrineAndDungOnPasture_Result_Method1 -> 0.057763817 | F13: =VEERG_4_3_1_12__1_LeachingAndRunoffEmissionsFromUrineAndDungOnPasture_Result_Method2 -> 0.057763817 | G13: ='4.3.1.12-13 Soil leach runoff'!$F$47 -> t N2O | H13: ='4.3.1.12-13 Soil leach runoff'!$E$52 -> 15.307411 | I13: ='4.3.1.12-13 Soil leach runoff'!$P$52 -> 15.307411 | J13: ='4.3.1.12-13 Soil leach runoff'!$F$52 -> t CO2e
A14: =HYPERLINK("#'4.3.1.1-2 Methane'!A1", "4.3.1.1-2 Methane") -> 4.3.1.1-2 Methane | D14: Total | H14: =SUM(H7:H13) -> 106.51645 | I14: =SUM(I7:I13) -> 109.69069 | J14: t CO2e
A15: =HYPERLINK("#'4.3.1.3-4 Direct N20'!A1", "4.3.1.3-4 Direct N20") -> 4.3.1.3-4 Direct N20
A16: =HYPERLINK("#'4.3.1.5 Atmos deposition'!A1", "4.3.1.5 Atmos deposition") -> 4.3.1.5 Atmos deposition | D16: 4.3.1.8 Manure applied to soils
A17: =HYPERLINK("#'4.3.1.6-7 Leaching and runoff'!A1", "4.3.1.6-7 Leaching and runoff") -> 4.3.1.6-7 Leaching and runoff | D17: WARNING: Manure nitrogen that was applied to soils must be accounted for
A18: =HYPERLINK("#'4.3.1.8 Manure applied to soils'!A1", "4.3.1.8 Manure applied to soils") -> 4.3.1.8 Manure applied to soils | D18: See the table below for how to account for manure applied to soils for scope 1 and 3.
A19: =HYPERLINK("#'4.3.1.9 Soil direct N2O'!A1", "4.3.1.9 Soil direct N2O") -> 4.3.1.9 Soil direct N2O | D19: Manure nitrogen use | E19: N in manure (Method 1) | F19: N in manure (Method 2) | G19: N unit | H19: Emissions allocated to | I19: VEERG Calculation method
A20: =HYPERLINK("#'4.3.1.10-11 Soil Atmos Dep'!A1", "4.3.1.10-11 Soil Atmos Dep") -> 4.3.1.10-11 Soil Atmos Dep | D20: Manure nitrogen deposited on farm soils (including use as fertiliser for other enterprises on own farm eg crops) | E20: =VEERG_4_3_1_8__1_MassOfNitrogenAppliedToSoilsScope1_Result_Method1 -> 2306.1269 | F20: =VEERG_4_3_1_8__1_MassOfNitrogenAppliedToSoilsScope1_Result_Method2 -> 2306.1269 | G20: kg N | H20: Scope 1 - This dairy | I20: 5.2.2.1 (1), 5.4.1.3 (1, 2), 5.5.1.1 (1, 3)
A21: =HYPERLINK("#'4.3.1.12-13 Soil leach runoff'!A1", "4.3.1.12-13 Soil leach runoff") -> 4.3.1.12-13 Soil leach runoff | D21: Manure nitrogen deposited on farm soils as fertiliser for other farm enterpsies (eg crops) | E21: ='4.3.1.8 Manure applied to soils'!$E$148 -> 0 | F21: ='4.3.1.8 Manure applied to soils'!$P$148 -> 0 | G21: kg N | H21: Scope 1 - This dairy | I21: 5.2.2.1 (1), 5.4.1.3 (1, 2), 5.5.1.1 (1, 3)
D22: Manure nitrogen sold | E22: =VEERG_4_3_1_8__2_MassOfNitrogenAppliedToSoilsScope3_Result_Method1 -> 0 | F22: =VEERG_4_3_1_8__2_MassOfNitrogenAppliedToSoilsScope3_Result_Method2 -> 0 | G22: kg N | H22: Scope 3 (downstream) | I22: 15.13.1.1 (1), 5.2.2.1 (1), 5.4.1.3 (1, 2), 5.5.1.1 (1, 3)
A24: APPENDICES
A25: =HYPERLINK("#'Constants - Dairy'!A1", "Constants - Dairy") -> Constants - Dairy
A26: =HYPERLINK("#'Constants - Common'!A1", "Constants - Common") -> Constants - Common
A27: =HYPERLINK("#'Constants - Livestock'!A1", "Constants - Livestock") -> Constants - Livestock
A28: =HYPERLINK("#'Acknowledgements'!A1", "Acknowledgements") -> Acknowledgements
A29: =HYPERLINK("#'Tab template'!A1", "Tab template") -> Tab template

Sheet Input - Site
A1: #VALUE! | C1: Input - Site
A3: =HYPERLINK("#'Home'!A1", "Home") -> Home
A4: =HYPERLINK("#'Overview'!A1", "Overview") -> Overview
A5: =HYPERLINK("#'Results'!A1", "Results") -> Results | D5: Your business
D7: Farm name | E7: Test Farms
A8: INPUTS | D8: Reporting entity name | E8: Test Farms Pty Ltd
A9: =HYPERLINK("#'Input - Site'!A1", "Site") -> Site
A10: =HYPERLINK("#'Input - Dairy'!A1", "Dairy") -> Dairy | D10: 💡An 'Emissions accounting period' is a 12 month period where the business can report on the emissions, and is typically the same as the business' financial accounting period.
D12: Emissions calculation period start date | E12: 45292 | F12: ← DD/MM/YYYY or DD Month YYYY
A13: CALCULATIONS | D13: Emissions calculation period end date | E13: =DATE(YEAR(X_Cell_Site_StartDate)+1,MONTH(X_Cell_Site_StartDate),DAY(X_Cell_Site_StartDate))-1 -> 45657 | F13: ← Automatically calculated, 12 months after start date
A14: =HYPERLINK("#'4.3.1.1-2 Methane'!A1", "4.3.1.1-2 Methane") -> 4.3.1.1-2 Methane
A15: =HYPERLINK("#'4.3.1.3-4 Direct N20'!A1", "4.3.1.3-4 Direct N20") -> 4.3.1.3-4 Direct N20
A16: =HYPERLINK("#'4.3.1.5 Atmos deposition'!A1", "4.3.1.5 Atmos deposition") -> 4.3.1.5 Atmos deposition | D16: Location and climate
A17: =HYPERLINK("#'4.3.1.6-7 Leaching and runoff'!A1", "4.3.1.6-7 Leaching and runoff") -> 4.3.1.6-7 Leaching and runoff
A18: =HYPERLINK("#'4.3.1.8 Manure applied to soils'!A1", "4.3.1.8 Manure applied to soils") -> 4.3.1.8 Manure applied to soils | D18: Location information is used to reference some region and climate-specific emission factors
A19: =HYPERLINK("#'4.3.1.9 Soil direct N2O'!A1", "4.3.1.9 Soil direct N2O") -> 4.3.1.9 Soil direct N2O | D19: Tip: Use the web-based GAF Location Helper tool to easily get region and climate information. You will need an internet connection to use the GAF Location Helper.
A20: =HYPERLINK("#'4.3.1.10-11 Soil Atmos Dep'!A1", "4.3.1.10-11 Soil Atmos Dep") -> 4.3.1.10-11 Soil Atmos Dep
A21: =HYPERLINK("#'4.3.1.12-13 Soil leach runoff'!A1", "4.3.1.12-13 Soil leach runoff") -> 4.3.1.12-13 Soil leach runoff | D21: State | E21: Victoria | F21: ← Please select
D22: Region (ABS Statistical area level 4) if state is WA | F22: ← Please select
D23: Leaching zone | E23: YES - In leaching zone | F23: ← Please select
A24: APPENDICES | D24: Elevation | E24: 307.7 | F24: Meters
A25: =HYPERLINK("#'Constants - Dairy'!A1", "Constants - Dairy") -> Constants - Dairy | D25: Average temperature for reporting period | E25: 18 | F25: Degrees celsius
A26: =HYPERLINK("#'Constants - Common'!A1", "Constants - Common") -> Constants - Common | D26: Total rainfall for reporting period | E26: 601 | F26: Millimetres
A27: =HYPERLINK("#'Constants - Livestock'!A1", "Constants - Livestock") -> Constants - Livestock | D27: Potential evapotranspiration for reporting period | E27: 1326 | F27: Millimetres
A28: =HYPERLINK("#'Acknowledgements'!A1", "Acknowledgements") -> Acknowledgements | D28: Number of frost days for reporting period | E28: 7 | F28: Days
A29: =HYPERLINK("#'Tab template'!A1", "Tab template") -> Tab template | D29: MAP:PET ratio | E29: =X_Cell_Site_TotalRainfall/X_Cell_Site_PotentialEvapotranspiration -> 0.45324284
D30: Rainfall zone | E30: =Common_InputFunctions.Utility_LookupItemFromMinMax(X_Cell_Site_TotalRainfall,Table_SourceData_RainfallZones[Min rainfall],Table_SourceData_RainfallZones[Max rainfall],Table_SourceData_RainfallZones[Rainfall Zone]) -> High rainfall
D31: Climate zone | E31: =Common_InputFunctions.Utility_GetClimateZone(X_Cell_Site_AverageTemperature,X_Cell_Site_TotalRainfall,X_Cell_Site_FrostDays,X_Cell_Site_Elevation,X_Cell_Site_MapPetRatio,Table_SourceData_ClimateZones[Min temp],Table_SourceData_ClimateZones[Max temp],Table_SourceData_ClimateZones[Min rainfall],Table_SourceData_ClimateZones[Max rainfall],Table_SourceData_ClimateZones[Min frost days],Table_SourceData_ClimateZones[Max frost days],Table_SourceData_ClimateZones[Min elevation],Table_SourceData_ClimateZones[Max elevation],Table_SourceData_ClimateZones[Min MAP:PET],Table_SourceData_ClimateZones[Max MAP:PET],Table_SourceData_ClimateZones[Climate zone]) -> Warm temperate dry
D32: Wet or dry climate zone | E32: =Common_InputFunctions.Utility_LookupValueInTable(X_Cell_Site_ClimateZone,Table_SourceData_WetDryZones[Climate zone],Table_SourceData_WetDryZones[Wet or Dry Zone]) -> Dry climate zone
D33: Temperature zone | E33: =Common_InputFunctions.Utility_LookupItemFromMinMax(X_Cell_Site_AverageTemperature,Table_SourceData_TemperatureZones[Min MAT],Table_SourceData_TemperatureZones[Max MAT],Table_SourceData_TemperatureZones[Temperature Zone]) -> Temperate

Sheet Input - Dairy
A1: #VALUE! | C1: Input -Dairy
A3: =HYPERLINK("#'Home'!A1", "Home") -> Home
A4: =HYPERLINK("#'Overview'!A1", "Overview") -> Overview
A5: =HYPERLINK("#'Results'!A1", "Results") -> Results | D5: Herd movement
D7: Breed | E7: Medium Friesian | F7: ← Please select
A8: INPUTS
A9: =HYPERLINK("#'Input - Site'!A1", "Site") -> Site | E9: Milking cows | F9: Heifers > 1 year | G9: Heifers < 1 year | H9: Bulls > 1 year | I9: Bulls < 1 year
A10: =HYPERLINK("#'Input - Dairy'!A1", "Dairy") -> Dairy | D10: ="Average number of head between " & TEXT(X_Cell_Site_StartDate, "dd mmm yy") & " and " & TEXT(X_Cell_Site_EndDate, "dd mmm yy") -> Average number of head between 01 Jan 24 and 31 Dec 24 | E10: 100 | F10: 0 | G10: 0 | H10: 0 | I10: 0 | J10: head
D12: Liveweight
A13: CALCULATIONS | D13: Method 1 default values (Do not edit) | E13: Milking cows | F13: Heifers > 1 year | G13: Heifers < 1 year | H13: Bulls > 1 year | I13: Bulls < 1 year
A14: =HYPERLINK("#'4.3.1.1-2 Methane'!A1", "4.3.1.1-2 Methane") -> 4.3.1.1-2 Methane | D14: Average liveweight | E14: =Common_InputFunctions.Utility_LookupValueInTableNumber(X_Cell_Dairy_Breed, Table_SourceData_Dairy_WjCowsHeifers[Breed],Table_SourceData_Dairy_WjCowsHeifers[Milking cows]) -> 550 | F14: 0 | G14: 0 | H14: 0 | I14: 0 | J14: kg/head
A15: =HYPERLINK("#'4.3.1.3-4 Direct N20'!A1", "4.3.1.3-4 Direct N20") -> 4.3.1.3-4 Direct N20 | D15: Average liveweight gain | E15: {=Table_SourceData_Dairy_LWGj[Milking cows]} -> 0.016 | F15: 0 | G15: 0 | H15: 0 | I15: 0 | J15: kg/head/day
A16: =HYPERLINK("#'4.3.1.5 Atmos deposition'!A1", "4.3.1.5 Atmos deposition") -> 4.3.1.5 Atmos deposition
A17: =HYPERLINK("#'4.3.1.6-7 Leaching and runoff'!A1", "4.3.1.6-7 Leaching and runoff") -> 4.3.1.6-7 Leaching and runoff | D17: Method 2 custom values (Edit if known) | E17: Milking cows | F17: Heifers > 1 year | G17: Heifers < 1 year | H17: Bulls > 1 year | I17: Bulls < 1 year
A18: =HYPERLINK("#'4.3.1.8 Manure applied to soils'!A1", "4.3.1.8 Manure applied to soils") -> 4.3.1.8 Manure applied to soils | D18: Average liveweight | E18: =Common_InputFunctions.Utility_LookupValueInTableNumber(X_Cell_Dairy_Breed, Table_SourceData_Dairy_WjCowsHeifers[Breed],Table_SourceData_Dairy_WjCowsHeifers[Milking cows]) -> 550 | F18: 0 | G18: 0 | H18: 0 | I18: 0 | J18: kg/head
A19: =HYPERLINK("#'4.3.1.9 Soil direct N2O'!A1", "4.3.1.9 Soil direct N2O") -> 4.3.1.9 Soil direct N2O | D19: Average liveweight gain | E19: {=Table_SourceData_Dairy_LWGj[Milking cows]} -> 0.016 | F19: 0 | G19: 0 | H19: 0 | I19: 0 | J19: kg/head/day
A20: =HYPERLINK("#'4.3.1.10-11 Soil Atmos Dep'!A1", "4.3.1.10-11 Soil Atmos Dep") -> 4.3.1.10-11 Soil Atmos Dep
A21: =HYPERLINK("#'4.3.1.12-13 Soil leach runoff'!A1", "4.3.1.12-13 Soil leach runoff") -> 4.3.1.12-13 Soil leach runoff | D21: Duration of stay
D23: Method 1 default values (Do not edit) | E23: Milking cows | F23: Heifers > 1 year | G23: Heifers < 1 year | H23: Bulls > 1 year | I23: Bulls < 1 year
A24: APPENDICES | D24: ="Average duration of stay between " & TEXT(X_Cell_Site_StartDate, "dd mmm yy") & " and " & TEXT(X_Cell_Site_EndDate, "dd mmm yy") & " weaned livestock" -> Average duration of stay between 01 Jan 24 and 31 Dec 24 weaned livestock | E24: {=Common_InputFunctions.Utility_LookupValueInTableNumber(E23,Table_SourceData_Dairy_Duration[Animal class j],Table_SourceData_Dairy_Duration[Duration (weaned)])} -> 365 | F24: 0 | G24: 0 | H24: 0 | I24: 0 | J24: Days
A25: =HYPERLINK("#'Constants - Dairy'!A1", "Constants - Dairy") -> Constants - Dairy | D25: ="Average duration of stay between " & TEXT(X_Cell_Site_StartDate, "dd mmm yy") & " and " & TEXT(X_Cell_Site_EndDate, "dd mmm yy") & " pre-weaned livestock" -> Average duration of stay between 01 Jan 24 and 31 Dec 24 pre-weaned livestock | E25: {=Common_InputFunctions.Utility_LookupValueInTableNumber(E23,Table_SourceData_Dairy_Duration[Animal class j],Table_SourceData_Dairy_Duration[Duration (pre-weaned)])} -> 0 | F25: 0 | G25: 0 | H25: 0 | I25: 0 | J25: Days
A26: =HYPERLINK("#'Constants - Common'!A1", "Constants - Common") -> Constants - Common
A27: =HYPERLINK("#'Constants - Livestock'!A1", "Constants - Livestock") -> Constants - Livestock | D27: Method 2 custom values (Edit if known) | E27: Milking cows | F27: Heifers > 1 year | G27: Heifers < 1 year | H27: Bulls > 1 year | I27: Bulls < 1 year
A28: =HYPERLINK("#'Acknowledgements'!A1", "Acknowledgements") -> Acknowledgements | D28: ="Average duration of stay between " & TEXT(X_Cell_Site_StartDate, "dd mmm yy") & " and " & TEXT(X_Cell_Site_EndDate, "dd mmm yy") & " weaned livestock" -> Average duration of stay between 01 Jan 24 and 31 Dec 24 weaned livestock | E28: {=Common_InputFunctions.Utility_LookupValueInTableNumber(E27,Table_SourceData_Dairy_Duration[Animal class j],Table_SourceData_Dairy_Duration[Duration (weaned)])} -> 365 | F28: 0 | G28: 0 | H28: 0 | I28: 0 | J28: Days
A29: =HYPERLINK("#'Tab template'!A1", "Tab template") -> Tab template | D29: ="Average duration of stay between " & TEXT(X_Cell_Site_StartDate, "dd mmm yy") & " and " & TEXT(X_Cell_Site_EndDate, "dd mmm yy") & " pre-weaned livestock" -> Average duration of stay between 01 Jan 24 and 31 Dec 24 pre-weaned livestock | E29: =365-E28 -> 0 | F29: 0 | G29: 0 | H29: 0 | I29: 0 | J29: Days
D33: Diet
D35: Method 1 default values (Do not edit) | E35: Milking cows | F35: Heifers > 1 year | G35: Heifers < 1 year | H35: Bulls > 1 year | I35: Bulls < 1 year
D36: Dry matter digestibility | E36: =SourceData_Dairy_DryMatterDigestibility_Data -> 0.75 | F36: 0 | G36: 0 | H36: 0 | I36: 0 | J36: Fraction
D37: Crude protein | E37: =SourceData_Dairy_CrudeProtein_Data -> 0.2 | F37: 0 | G37: 0 | H37: 0 | I37: 0 | J37: Fraction
D39: Method 2 custom values (Edit if known) | E39: Milking cows | F39: Heifers > 1 year | G39: Heifers < 1 year | H39: Bulls > 1 year | I39: Bulls < 1 year
D40: Dry matter digestibility | E40: =SourceData_Dairy_DryMatterDigestibility_Data -> 0.75 | F40: 0 | G40: 0 | H40: 0 | I40: 0 | J40: Fraction
D41: Crude protein | E41: =SourceData_Dairy_CrudeProtein_Data -> 0.2 | F41: 0 | G41: 0 | H41: 0 | I41: 0 | J41: Fraction
D45: Milk production
D46: Milk production for the full 365 days of the year
D47: Milk production unit | E47: Litres of milk | F47: ← Please select
E49: Milking cows
D50: Average daily milk production | E50: =6569/365 -> 17.99726 | F50: =IF(X_Cell_Dairy_MilkProductionUnit="Litres of milk", "litres/head/day", "kg milk solids/head/day") -> litres/head/day
D52: For milk solids only: | E52: Method 1 (don't edit) | F52: Method 2 (edit if known)
D53: Fat content in fat and protein corrected milk | E53: =SourceData_Dairy_FatContentInMilk_Data/100 -> 0.04 | F53: =SourceData_Dairy_FatContentInMilk_Data/100 -> 0.04 | G53: percent
D54: Protein content in fat and protein corrected milk | E54: =SourceData_Dairy_ProteinContentInMilk_Data/100 -> 0.033 | F54: =SourceData_Dairy_ProteinContentInMilk_Data/100 -> 0.033 | G54: percent
D58: Production systems
D59: Time spent in production systems
D60: Production system template | E60: System 3: Pasture-grazed 3-9 months/year | F60: ← Please select
D62: Method 1 default values (Do not edit) | E62: Milking cows | F62: Heifers > 1 year | G62: Heifers < 1 year | H62: Bulls > 1 year | I62: Bulls < 1 year
D63: Pasture | E63: 0.8 | F63: 0 | G63: 0 | H63: 0 | I63: 0 | J63: Percent
D64: Milking shed | E64: 0.2 | F64: 0 | G64: 0 | H64: 0 | I64: 0 | J64: Percent
D65: Feed pad | E65: 0 | F65: 0 | G65: 0 | H65: 0 | I65: 0 | J65: Percent
D67: Method 2 custom values (Edit if known) | E67: Milking cows | F67: Heifers > 1 year | G67: Heifers < 1 year | H67: Bulls > 1 year | I67: Bulls < 1 year
D68: Pasture | E68: 0.8 | F68: 0 | G68: 0 | H68: 0 | I68: 0 | J68: Percent
D69: Milking shed | E69: 0.2 | F69: 0 | G69: 0 | H69: 0 | I69: 0 | J69: Percent
D70: Feed pad | E70: 0 | F70: 0 | G70: 0 | H70: 0 | I70: 0 | J70: Percent
D74: Manure management systems
D75: ="From " & $D$64 -> From Milking shed
D77: Stage 1 MMS | E77: Milking cows | F77: Heifers > 1 year | G77: Heifers < 1 year | H77: Bulls > 1 year | I77: Bulls < 1 year | J77: ► | L77: Destination after stage 2 MMS (Percent)
L78: Sold | M78: Fert for own farm (eg crop) | N78: Direct application to soil
D79: ='Constants - Dairy'!$D$8 -> Anaerobic lagoon | E79: 0.5 | F79: 0 | G79: 0 | H79: 0 | I79: 0 | J79: Percent | L79: 0 | M79: 0 | N79: =1-SUM(L79:M79) -> 1
D80: ="Were solids separated from " & D79 & "?" -> Were solids separated from Anaerobic lagoon? | E80: No
D81: ="Percent solids separated from " & D79 & " (Method 1)" -> Percent solids separated from Anaerobic lagoon (Method 1) | E81: 0
D82: ="Percent solids separated from " & D79 & " (Method 2)" -> Percent solids separated from Anaerobic lagoon (Method 2) | E82: 0
D84: ='Constants - Dairy'!$D$9 -> Sump and dispersal system | E84: 0 | F84: 0 | G84: 0 | H84: 0 | I84: 0 | J84: Percent | L84: 0 | M84: 0 | N84: =1-SUM(L84:M84) -> 1
D85: ="Were solids separated from " & D84 & "?" -> Were solids separated from Sump and dispersal system? | E85: Yes
D86: ="Percent solids separated from " & D84 & " (Method 1)" -> Percent solids separated from Sump and dispersal system (Method 1) | E86: 0
D87: ="Percent solids separated from " & D84 & " (Method 2)" -> Percent solids separated from Sump and dispersal system (Method 2) | E87: 0
D89: ='Constants - Dairy'!$D$10 -> Drains to paddock | E89: 0 | F89: 0 | G89: 0 | H89: 0 | I89: 0 | J89: Percent | L89: 0 | M89: 0 | N89: =1-SUM(L89:M89) -> 1
D90: ="Were solids separated from " & D89 & "?" -> Were solids separated from Drains to paddock? | E90: No
D91: ="Percent solids separated from " & D89 & " (Method 1)" -> Percent solids separated from Drains to paddock (Method 1) | E91: 0
D92: ="Percent solids separated from " & D89 & " (Method 2)" -> Percent solids separated from Drains to paddock (Method 2) | E92: 0
D94: ='Constants - Dairy'!$D$11 & " (before solid separation)" -> Solid storage (before solid separation) | E94: 0.5 | F94: 0 | G94: 0 | H94: 0 | I94: 0 | J94: Percent | L94: 0 | M94: 0 | N94: =1-SUM(L94:M94) -> 1
D95: Solid storage (after solid separation) - Method 1 | E95: =E94+(E79*X_Cell_Dairy_Stage1MMS_1_AnaerobicLagoon_AmountSeparated_Method1)+(E84*X_Cell_Dairy_Stage1MMS_1_SumpAndDispersal_AmountSeparated_Method1)+(E89*X_Cell_Dairy_Stage1MMS_1_DrainsToPaddock_AmountSeparated_Method1) -> 0.5 | F95: =F94+(F79*X_Cell_Dairy_Stage1MMS_1_AnaerobicLagoon_AmountSeparated_Method1)+(F84*X_Cell_Dairy_Stage1MMS_1_SumpAndDispersal_AmountSeparated_Method1)+(F89*X_Cell_Dairy_Stage1MMS_1_DrainsToPaddock_AmountSeparated_Method1) -> 0 | G95: =G94+(G79*X_Cell_Dairy_Stage1MMS_1_AnaerobicLagoon_AmountSeparated_Method1)+(G84*X_Cell_Dairy_Stage1MMS_1_SumpAndDispersal_AmountSeparated_Method1)+(G89*X_Cell_Dairy_Stage1MMS_1_DrainsToPaddock_AmountSeparated_Method1) -> 0 | H95: =H94+(H79*X_Cell_Dairy_Stage1MMS_1_AnaerobicLagoon_AmountSeparated_Method1)+(H84*X_Cell_Dairy_Stage1MMS_1_SumpAndDispersal_AmountSeparated_Method1)+(H89*X_Cell_Dairy_Stage1MMS_1_DrainsToPaddock_AmountSeparated_Method1) -> 0 | I95: =I94+(I79*X_Cell_Dairy_Stage1MMS_1_AnaerobicLagoon_AmountSeparated_Method1)+(I84*X_Cell_Dairy_Stage1MMS_1_SumpAndDispersal_AmountSeparated_Method1)+(I89*X_Cell_Dairy_Stage1MMS_1_DrainsToPaddock_AmountSeparated_Method1) -> 0 | J95: Percent
D96: Solid storage (after solid separation) - Method 2 | E96: =E94+(E79*X_Cell_Dairy_Stage1MMS_1_AnaerobicLagoon_AmountSeparated_Method2)+(E84*X_Cell_Dairy_Stage1MMS_1_SumpAndDispersal_AmountSeparated_Method2)+(E89*X_Cell_Dairy_Stage1MMS_1_DrainsToPaddock_AmountSeparated_Method2) -> 0.5 | F96: =F94+(F79*X_Cell_Dairy_Stage1MMS_1_AnaerobicLagoon_AmountSeparated_Method2)+(F84*X_Cell_Dairy_Stage1MMS_1_SumpAndDispersal_AmountSeparated_Method2)+(F89*X_Cell_Dairy_Stage1MMS_1_DrainsToPaddock_AmountSeparated_Method2) -> 0 | G96: =G94+(G79*X_Cell_Dairy_Stage1MMS_1_AnaerobicLagoon_AmountSeparated_Method2)+(G84*X_Cell_Dairy_Stage1MMS_1_SumpAndDispersal_AmountSeparated_Method2)+(G89*X_Cell_Dairy_Stage1MMS_1_DrainsToPaddock_AmountSeparated_Method2) -> 0 | H96: =H94+(H79*X_Cell_Dairy_Stage1MMS_1_AnaerobicLagoon_AmountSeparated_Method2)+(H84*X_Cell_Dairy_Stage1MMS_1_SumpAndDispersal_AmountSeparated_Method2)+(H89*X_Cell_Dairy_Stage1MMS_1_DrainsToPaddock_AmountSeparated_Method2) -> 0 | I96: =I94+(I79*X_Cell_Dairy_Stage1MMS_1_AnaerobicLagoon_AmountSeparated_Method2)+(I84*X_Cell_Dairy_Stage1MMS_1_SumpAndDispersal_AmountSeparated_Method2)+(I89*X_Cell_Dairy_Stage1MMS_1_DrainsToPaddock_AmountSeparated_Method2) -> 0 | J96: Percent
D99: ="From " & $D$65 -> From Feed pad
D101: Stage 1 MMS | E101: Milking cows | F101: Heifers > 1 year | G101: Heifers < 1 year | H101: Bulls > 1 year | I101: Bulls < 1 year | J101: ► | L101: Destination after stage 2 MMS (Percent)
L102: Sold | M102: Fert for own farm (eg crop) | N102: Direct application to soil
D103: ='Constants - Dairy'!$D$8 -> Anaerobic lagoon | E103: 0 | F103: 0 | G103: 0 | H103: 0 | I103: 0 | J103: Percent | L103: 0 | M103: 0 | N103: =1-SUM(L103:M103) -> 1
D104: ="Were solids separated from " & D103 & "?" -> Were solids separated from Anaerobic lagoon? | E104: No
D105: ="Percent solids separated from " & D103 & " (Method 1)" -> Percent solids separated from Anaerobic lagoon (Method 1) | E105: =IF(X_Cell_Dairy_Stage1MMS_2_AnaerobicLagoon_SolidsSeparated="Yes", 20%, 0) -> 0
D106: ="Percent solids separated from " & D103 & " (Method 2)" -> Percent solids separated from Anaerobic lagoon (Method 2) | E106: =IF(X_Cell_Dairy_Stage1MMS_2_AnaerobicLagoon_SolidsSeparated="Yes", 20%, 0) -> 0
D108: ='Constants - Dairy'!$D$9 -> Sump and dispersal system | E108: 0 | F108: 0 | G108: 0 | H108: 0 | I108: 0 | J108: Percent | L108: 0 | M108: 0 | N108: =1-SUM(L108:M108) -> 1
D109: ="Were solids separated from " & D108 & "?" -> Were solids separated from Sump and dispersal system? | E109: Yes
D110: ="Percent solids separated from " & D108 & " (Method 1)" -> Percent solids separated from Sump and dispersal system (Method 1) | E110: 0
D111: ="Percent solids separated from " & D108 & " (Method 2)" -> Percent solids separated from Sump and dispersal system (Method 2) | E111: 0
D113: ='Constants - Dairy'!$D$10 -> Drains to paddock | E113: 0 | F113: 0 | G113: 0 | H113: 0 | I113: 0 | J113: Percent | L113: 0 | M113: 0 | N113: =1-SUM(L113:M113) -> 1
D114: ="Were solids separated from " & D113 & "?" -> Were solids separated from Drains to paddock? | E114: Yes
D115: ="Percent solids separated from " & D113 & " (Method 1)" -> Percent solids separated from Drains to paddock (Method 1) | E115: 0
D116: ="Percent solids separated from " & D113 & " (Method 2)" -> Percent solids separated from Drains to paddock (Method 2) | E116: 0
D118: ='Constants - Dairy'!$D$11 & " (before solid separation)" -> Solid storage (before solid separation) | E118: 0 | F118: 0 | G118: 0 | H118: 0 | I118: 0 | J118: Percent | L118: 0 | M118: 0 | N118: =1-SUM(L118:M118) -> 1
D119: Solid storage (after solid separation) - Method 1 | E119: =E118+(E103*X_Cell_Dairy_Stage1MMS_2_AnaerobicLagoon_AmountSeparated_Method1)+(E108*X_Cell_Dairy_Stage1MMS_2_SumpAndDispersal_AmountSeparated_Method1)+(E113*X_Cell_Dairy_Stage1MMS_2_DrainsToPaddock_AmountSeparated_Method1) -> 0 | F119: =F118+(F103*X_Cell_Dairy_Stage1MMS_2_AnaerobicLagoon_AmountSeparated_Method1)+(F108*X_Cell_Dairy_Stage1MMS_2_SumpAndDispersal_AmountSeparated_Method1)+(F113*X_Cell_Dairy_Stage1MMS_2_DrainsToPaddock_AmountSeparated_Method1) -> 0 | G119: =G118+(G103*X_Cell_Dairy_Stage1MMS_2_AnaerobicLagoon_AmountSeparated_Method1)+(G108*X_Cell_Dairy_Stage1MMS_2_SumpAndDispersal_AmountSeparated_Method1)+(G113*X_Cell_Dairy_Stage1MMS_2_DrainsToPaddock_AmountSeparated_Method1) -> 0 | H119: =H118+(H103*X_Cell_Dairy_Stage1MMS_2_AnaerobicLagoon_AmountSeparated_Method1)+(H108*X_Cell_Dairy_Stage1MMS_2_SumpAndDispersal_AmountSeparated_Method1)+(H113*X_Cell_Dairy_Stage1MMS_2_DrainsToPaddock_AmountSeparated_Method1) -> 0 | I119: =I118+(I103*X_Cell_Dairy_Stage1MMS_2_AnaerobicLagoon_AmountSeparated_Method1)+(I108*X_Cell_Dairy_Stage1MMS_2_SumpAndDispersal_AmountSeparated_Method1)+(I113*X_Cell_Dairy_Stage1MMS_2_DrainsToPaddock_AmountSeparated_Method1) -> 0 | J119: Percent
D120: Solid storage (after solid separation) - Method 2 | E120: =E118+(E103*X_Cell_Dairy_Stage1MMS_2_AnaerobicLagoon_AmountSeparated_Method2)+(E108*X_Cell_Dairy_Stage1MMS_2_SumpAndDispersal_AmountSeparated_Method2)+(E113*X_Cell_Dairy_Stage1MMS_2_DrainsToPaddock_AmountSeparated_Method2) -> 0 | F120: =F118+(F103*X_Cell_Dairy_Stage1MMS_2_AnaerobicLagoon_AmountSeparated_Method2)+(F108*X_Cell_Dairy_Stage1MMS_2_SumpAndDispersal_AmountSeparated_Method2)+(F113*X_Cell_Dairy_Stage1MMS_2_DrainsToPaddock_AmountSeparated_Method2) -> 0 | G120: =G118+(G103*X_Cell_Dairy_Stage1MMS_2_AnaerobicLagoon_AmountSeparated_Method2)+(G108*X_Cell_Dairy_Stage1MMS_2_SumpAndDispersal_AmountSeparated_Method2)+(G113*X_Cell_Dairy_Stage1MMS_2_DrainsToPaddock_AmountSeparated_Method2) -> 0 | H120: =H118+(H103*X_Cell_Dairy_Stage1MMS_2_AnaerobicLagoon_AmountSeparated_Method2)+(H108*X_Cell_Dairy_Stage1MMS_2_SumpAndDispersal_AmountSeparated_Method2)+(H113*X_Cell_Dairy_Stage1MMS_2_DrainsToPaddock_AmountSeparated_Method2) -> 0 | I120: =I118+(I103*X_Cell_Dairy_Stage1MMS_2_AnaerobicLagoon_AmountSeparated_Method2)+(I108*X_Cell_Dairy_Stage1MMS_2_SumpAndDispersal_AmountSeparated_Method2)+(I113*X_Cell_Dairy_Stage1MMS_2_DrainsToPaddock_AmountSeparated_Method2) -> 0 | J120: Percent
D123: Where deposited on farm soils as waste, what is the closest match? | E123: Pasture | F123: ← Please select
E124: Sprinkler irrigation | F124: ← Please select

Sheet 4.3.1.1-2 Methane
A1: #VALUE! | C1: 4.3.1.1-2 Manure Methane
A3: =HYPERLINK("#'Home'!A1", "Home") -> Home | D3: Method 1 | O3: Method 2
A4: =HYPERLINK("#'Overview'!A1", "Overview") -> Overview
A5: =HYPERLINK("#'Results'!A1", "Results") -> Results | D5: {=EntericMethane_Dairy_Equations.VEERG_3_3_1_1__6_MetabolisabilityOfDiet_Title()} -> Metabolisability of diet
D6: {=EntericMethane_Dairy_Equations.VEERG_3_3_1_1__6_MetabolisabilityOfDiet_Source()} -> VEERG 2026: 3.3.1.1, Equation (6)
D7: {=EntericMethane_Dairy_Equations.VEERG_3_3_1_1__6_MetabolisabilityOfDiet_Variation()} -> VARIATION ON SOURCE: changed 0.795 to 0.00795 which is the value used in the National Inventory Report
A8: INPUTS | D8: Function name | E8: {=Common_InputFunctions.Utility_DisplayFunctionName(D24)} -> =EntericMethane_Dairy_Equations.VEERG_3_3_1_1__6_MetabolisabilityOfDietVariation
A9: =HYPERLINK("#'Input - Site'!A1", "Site") -> Site
A10: =HYPERLINK("#'Input - Dairy'!A1", "Dairy") -> Dairy
D11: Variable | E11: {=EntericMethane_Dairy_Equations.VEERG_3_3_1_1__6_MetabolisabilityOfDiet_Variable()} -> qm_j
D12: Unit | E12: {=EntericMethane_Dairy_Equations.VEERG_3_3_1_1__6_MetabolisabilityOfDiet_Unit()} -> fraction
A13: CALCULATIONS
A14: =HYPERLINK("#'4.3.1.1-2 Methane'!A1", "4.3.1.1-2 Methane") -> 4.3.1.1-2 Methane | D14: {=_xlfn.CHOOSECOLS(EntericMethane_Dairy_Equations.VEERG_3_3_1_1__6_MetabolisabilityOfDiet_Arguments(), 1,2)} -> DMD_j | E14: dry matter digestibility expressed as a fraction | G14: {=_xlfn.CHOOSECOLS(EntericMethane_Dairy_Equations.VEERG_3_3_1_1__6_MetabolisabilityOfDiet_Arguments(), 3,4)} -> fraction | H14: Input | I14: ="See " & D16 -> See M1_Table_DMD_j
A15: =HYPERLINK("#'4.3.1.3-4 Direct N20'!A1", "4.3.1.3-4 Direct N20") -> 4.3.1.3-4 Direct N20
A16: =HYPERLINK("#'4.3.1.5 Atmos deposition'!A1", "4.3.1.5 Atmos deposition") -> 4.3.1.5 Atmos deposition | D16: M1_Table_DMD_j | O16: M2_Table_DMD_j
A17: =HYPERLINK("#'4.3.1.6-7 Leaching and runoff'!A1", "4.3.1.6-7 Leaching and runoff") -> 4.3.1.6-7 Leaching and runoff | D17: Dry matter digestibility (Method 1) | O17: Dry matter digestibility (Method 2)
A18: =HYPERLINK("#'4.3.1.8 Manure applied to soils'!A1", "4.3.1.8 Manure applied to soils") -> 4.3.1.8 Manure applied to soils | D18: Milking cows | E18: Heifers > 1 year | F18: Heifers < 1 year | G18: Bulls > 1 year | H18: Bulls < 1 year | O18: Milking cows | P18: Heifers > 1 year | Q18: Heifers < 1 year | R18: Bulls > 1 year | S18: Bulls < 1 year
A19: =HYPERLINK("#'4.3.1.9 Soil direct N2O'!A1", "4.3.1.9 Soil direct N2O") -> 4.3.1.9 Soil direct N2O | D19: =INDEX(X_Table_Dairy_Diet_Method1,2,2) -> 0.75 | E19: =INDEX(X_Table_Dairy_Diet_Method1,2,3) -> 0 | F19: =INDEX(X_Table_Dairy_Diet_Method1,2,4) -> 0 | G19: =INDEX(X_Table_Dairy_Diet_Method1,2,5) -> 0 | H19: =INDEX(X_Table_Dairy_Diet_Method1,2,6) -> 0 | I19: fraction | O19: =INDEX(X_Table_Dairy_Diet_Method2,2,2) -> 0.75 | P19: =INDEX(X_Table_Dairy_Diet_Method2,2,3) -> 0 | Q19: =INDEX(X_Table_Dairy_Diet_Method2,2,4) -> 0 | R19: =INDEX(X_Table_Dairy_Diet_Method2,2,5) -> 0 | S19: =INDEX(X_Table_Dairy_Diet_Method2,2,6) -> 0 | T19: fraction
A20: =HYPERLINK("#'4.3.1.10-11 Soil Atmos Dep'!A1", "4.3.1.10-11 Soil Atmos Dep") -> 4.3.1.10-11 Soil Atmos Dep
A21: =HYPERLINK("#'4.3.1.12-13 Soil leach runoff'!A1", "4.3.1.12-13 Soil leach runoff") -> 4.3.1.12-13 Soil leach runoff | D21: M1_Table_qm_j | O21: M2_Table_qm_j
D22: Metabolisability of diet (Method 1) | O22: Metabolisability of diet (Method 2)
D23: Milking cows | E23: Heifers > 1 year | F23: Heifers < 1 year | G23: Bulls > 1 year | H23: Bulls < 1 year | O23: Milking cows | P23: Heifers > 1 year | Q23: Heifers < 1 year | R23: Bulls > 1 year | S23: Bulls < 1 year
A24: APPENDICES | D24: {=EntericMethane_Dairy_Equations.VEERG_3_3_1_1__6_MetabolisabilityOfDietVariation(D19)} -> 0.59485 | E24: {=EntericMethane_Dairy_Equations.VEERG_3_3_1_1__6_MetabolisabilityOfDietVariation(E19)} -> -0.0014 | F24: {=EntericMethane_Dairy_Equations.VEERG_3_3_1_1__6_MetabolisabilityOfDietVariation(F19)} -> -0.0014 | G24: {=EntericMethane_Dairy_Equations.VEERG_3_3_1_1__6_MetabolisabilityOfDietVariation(G19)} -> -0.0014 | H24: {=EntericMethane_Dairy_Equations.VEERG_3_3_1_1__6_MetabolisabilityOfDietVariation(H19)} -> -0.0014 | I24: =$E$12 -> fraction | O24: {=EntericMethane_Dairy_Equations.VEERG_3_3_1_1__6_MetabolisabilityOfDietVariation(O19)} -> 0.59485 | P24: {=EntericMethane_Dairy_Equations.VEERG_3_3_1_1__6_MetabolisabilityOfDietVariation(P19)} -> -0.0014 | Q24: {=EntericMethane_Dairy_Equations.VEERG_3_3_1_1__6_MetabolisabilityOfDietVariation(Q19)} -> -0.0014 | R24: {=EntericMethane_Dairy_Equations.VEERG_3_3_1_1__6_MetabolisabilityOfDietVariation(R19)} -> -0.0014 | S24: {=EntericMethane_Dairy_Equations.VEERG_3_3_1_1__6_MetabolisabilityOfDietVariation(S19)} -> -0.0014 | T24: =$E$12 -> fraction
A25: =HYPERLINK("#'Constants - Dairy'!A1", "Constants - Dairy") -> Constants - Dairy
A26: =HYPERLINK("#'Constants - Common'!A1", "Constants - Common") -> Constants - Common
A27: =HYPERLINK("#'Constants - Livestock'!A1", "Constants - Livestock") -> Constants - Livestock
A28: =HYPERLINK("#'Acknowledgements'!A1", "Acknowledgements") -> Acknowledgements | D28: {=EntericMethane_Dairy_Equations.VEERG_3_3_1_1__5_MilkProductionFromMilkSolids_Title()} -> Milk production converted from milk solids
A29: =HYPERLINK("#'Tab template'!A1", "Tab template") -> Tab template | D29: {=EntericMethane_Dairy_Equations.VEERG_3_3_1_1__5_MilkProductionFromMilkSolids_Source()} -> VEERG 2026: 3.3.1.1, Equation (5)
D30: {=EntericMethane_Dairy_Equations.VEERG_3_3_1_1__5_MilkProductionFromMilkSolids_Variation()} -> VARATION ON SOURCE: Added milk production unit variable to allow for use of either milk solids or litres of milk. Converted input FC and PC percent to integer.
D31: Function name | E31: {=Common_InputFunctions.Utility_DisplayFunctionName(D50)} -> =EntericMethane_Dairy_Equations.VEERG_3_3_1_1__5_MilkProductionFromMilkSolids
D34: Variable | E34: {=EntericMethane_Dairy_Equations.VEERG_3_3_1_1__5_MilkProductionFromMilkSolids_Variable()} -> MP_j
D35: Unit | E35: {=EntericMethane_Dairy_Equations.VEERG_3_3_1_1__5_MilkProductionFromMilkSolids_Unit()} -> L/head/day
D37: {=_xlfn.CHOOSECOLS(EntericMethane_Dairy_Equations.VEERG_3_3_1_1__5_MilkProductionFromMilkSolids_Arguments(),1,2)} -> MPU | E37: input milk production unit | G37: {=_xlfn.CHOOSECOLS(EntericMethane_Dairy_Equations.VEERG_3_3_1_1__5_MilkProductionFromMilkSolids_Arguments(),3,4)} | H37: Input | I37: =X_Cell_Dairy_MilkProductionUnit -> Litres of milk | O37: {=_xlfn.CHOOSECOLS(EntericMethane_Dairy_Equations.VEERG_3_3_1_1__5_MilkProductionFromMilkSolids_Arguments_Method2(),1,2)} -> MPU | P37: milk production unit | R37: {=_xlfn.CHOOSECOLS(EntericMethane_Dairy_Equations.VEERG_3_3_1_1__5_MilkProductionFromMilkSolids_Arguments_Method2(),3,4)} | S37: Input
D38: MS_j | E38: daily production of milk solids | G38: kg MS/head/day | H38: Input | I38: {=HYPERLINK(Common_InputFunctions.Utility_SourceHyperlink($D$42),$D$42)} -> M1_Table_MS_j | O38: MS_j | P38: daily production of milk solids | R38: kg MS/head/day | S38: Input
D39: FC_j | E39: fat content in fat and protein corrected milk | G39: per cent | H39: Input | I39: =INDEX(X_Table_Dairy_MilkSolidAttributes,2,2)*100 -> 4 | O39: FC_j | P39: fat content in fat and protein corrected milk | R39: per cent | S39: Input | T39: =INDEX(X_Table_Dairy_MilkSolidAttributes,2,3)*100 -> 4
D40: PC_j | E40: protein content in fat and protein corrected milk | G40: per cent | H40: Input | I40: =INDEX(X_Table_Dairy_MilkSolidAttributes,3,2)*100 -> 3.3 | O40: PC_j | P40: protein content in fat and protein corrected milk | R40: per cent | S40: Input | T40: =INDEX(X_Table_Dairy_MilkSolidAttributes,3,3)*100 -> 3.3
D42: M1_Table_MS_j
D43: Milk solids production (Method 1)
D44: Milking cows | E44: Heifers > 1 year | F44: Heifers < 1 year | G44: Bulls > 1 year | H44: Bulls < 1 year
D45: =IF($I$37="Milk solids", X_Cell_Dairy_MilkProductionAmount, 0) -> 0 | E45: 0 | F45: 0 | G45: 0 | H45: 0 | I45: =G38 -> kg MS/head/day
D47: M1_Table_MP_j_from_solids | O47: M2_Table_MP_j_from_solids
D48: Milk production from milk solids (Method 1) | O48: Milk production from milk solids (Method 2)
D49: Milking cows | E49: Heifers > 1 year | F49: Heifers < 1 year | G49: Bulls > 1 year | H49: Bulls < 1 year | O49: Milking cows | P49: Heifers > 1 year | Q49: Heifers < 1 year | R49: Bulls > 1 year | S49: Bulls < 1 year
D50: {=EntericMethane_Dairy_Equations.VEERG_3_3_1_1__5_MilkProductionFromMilkSolids(D45,$I$39,$I$40)} -> 0 | E50: 0 | F50: 0 | G50: 0 | H50: 0 | I50: L/head/day | O50: {=EntericMethane_Dairy_Equations.VEERG_3_3_1_1__5_MilkProductionFromMilkSolids(D45,$T$39,$T$40)} -> 0 | P50: 0 | Q50: 0 | R50: 0 | S50: 0 | T50: L/head/day
D54: {=EntericMethane_Dairy_Equations.VEERG_3_3_1_1__4_AdditionalIntakeForMilkProduction_Title()} -> Additional intake required for milk production
D55: {=EntericMethane_Dairy_Equations.VEERG_3_3_1_1__4_AdditionalIntakeForMilkProduction_Source()} -> VEERG 2026: 3.3.1.1, Equation (4)
D56: Function name | E56: {=Common_InputFunctions.Utility_DisplayFunctionName(D79)} -> =EntericMethane_Dairy_Equations.VEERG_3_3_1_1__4_AdditionalIntakeForMilkProduction
D59: Variable | E59: {=EntericMethane_Dairy_Equations.VEERG_3_3_1_1__4_AdditionalIntakeForMilkProduction_Variable()} -> MI_j
D60: Unit | E60: {=EntericMethane_Dairy_Equations.VEERG_3_3_1_1__4_AdditionalIntakeForMilkProduction_Unit()} -> kg DM/head/day
D62: {=_xlfn.CHOOSECOLS(EntericMethane_Dairy_Equations.VEERG_3_3_1_1__4_AdditionalIntakeForMilkProduction_Arguments(), 1,2)} -> MPU | E62: input milk production unit | G62: {=_xlfn.CHOOSECOLS(EntericMethane_Dairy_Equations.VEERG_3_3_1_1__4_AdditionalIntakeForMilkProduction_Arguments(), 3,4)} | H62: Input | I62: =X_Cell_Dairy_MilkProductionUnit -> Litres of milk
D63: MP_j | E63: milk production (if input as litres of milk) | G63: L/head/day | H63: Input | I63: {=HYPERLINK(Common_InputFunctions.Utility_SourceHyperlink($D$71), $D$71)} -> Table_MP_j
D64: MP_j | E64: milk production (if input as milk solids) | G64: L/head/day | H64: Calculated from 3.3.1.1 (5) | I64: {=HYPERLINK(Common_InputFunctions.Utility_SourceHyperlink($D$47),$D$47)} -> M1_Table_MP_j_from_solids
D65: NE | E65: net energy | G65: MJ net energy/kg milk | H65: Constant | I65: =SourceData_Dairy_NetEnergy_Data -> 3.054
D66: GEC | E66: gross energy content | G66: MJ/kgDM | H66: Constant | I66: =SourceData_Dairy_GrossEnergyContent_Data -> 18.4
D67: k | E67: efficiency of metabolizable energy use for milk production | G67: fraction | H67: Constant | I67: =SourceData_Dairy_EfficiencyOfUseOfMetabolizableEnergy_Data -> 0.6
D68: qm_j | E68: metabolisability of the diet | G68: fraction | H68: Calculated from 3.3.1.1 (6) | I68: {=HYPERLINK(Common_InputFunctions.Utility_SourceHyperlink($D$21), $D$21)} -> M1_Table_qm_j
D71: Table_MP_j
D72: Milk production
D73: Milking cows | E73: Heifers > 1 year | F73: Heifers < 1 year | G73: Bulls > 1 year | H73: Bulls < 1 year
D74: =IF(I62="Milk solids", 0, X_Cell_Dairy_MilkProductionAmount) -> 17.99726 | E74: 0 | F74: 0 | G74: 0 | H74: 0 | I74: L/head/day
D76: M1_Table_MI_j | O76: M2_Table_MI_j
D77: Additional intake for milk production (Method 1) | O77: Additional intake for milk production (Method 2)
D78: Milking cows | E78: Heifers > 1 year | F78: Heifers < 1 year | G78: Bulls > 1 year | H78: Bulls < 1 year | O78: Milking cows | P78: Heifers > 1 year | Q78: Heifers < 1 year | R78: Bulls > 1 year | S78: Bulls < 1 year
D79: {=EntericMethane_Dairy_Equations.VEERG_3_3_1_1__4_AdditionalIntakeForMilkProduction(IF(I62="Milk solids", D50, D74), $I$65,$I$66,$I$67,D24)} -> 8.6205726 | E79: {=EntericMethane_Dairy_Equations.VEERG_3_3_1_1__4_AdditionalIntakeForMilkProduction(E74, $I$65,$I$66,$I$67,E24)} -> 0 | F79: {=EntericMethane_Dairy_Equations.VEERG_3_3_1_1__4_AdditionalIntakeForMilkProduction(F74, $I$65,$I$66,$I$67,F24)} -> 0 | G79: {=EntericMethane_Dairy_Equations.VEERG_3_3_1_1__4_AdditionalIntakeForMilkProduction(G74, $I$65,$I$66,$I$67,G24)} -> 0 | H79: {=EntericMethane_Dairy_Equations.VEERG_3_3_1_1__4_AdditionalIntakeForMilkProduction(H74, $I$65,$I$66,$I$67,H24)} -> 0 | I79: =$E$60 -> kg DM/head/day | O79: {=EntericMethane_Dairy_Equations.VEERG_3_3_1_1__4_AdditionalIntakeForMilkProduction(IF(I62="Milk solids", O50, D74), $I$65,$I$66,$I$67,O24)} -> 8.6205726 | P79: {=EntericMethane_Dairy_Equations.VEERG_3_3_1_1__4_AdditionalIntakeForMilkProduction(E74, $I$65,$I$66,$I$67,P24)} -> 0 | Q79: {=EntericMethane_Dairy_Equations.VEERG_3_3_1_1__4_AdditionalIntakeForMilkProduction(F74, $I$65,$I$66,$I$67,Q24)} -> 0 | R79: {=EntericMethane_Dairy_Equations.VEERG_3_3_1_1__4_AdditionalIntakeForMilkProduction(G74, $I$65,$I$66,$I$67,R24)} -> 0 | S79: {=EntericMethane_Dairy_Equations.VEERG_3_3_1_1__4_AdditionalIntakeForMilkProduction(H74, $I$65,$I$66,$I$67,S24)} -> 0 | T79: =$E$60 -> kg DM/head/day
D83: {=EntericMethane_Dairy_Equations.VEERG_3_3_1_1__3_DryMatterFeedIntake_Title()} -> Feed intake
D84: {=EntericMethane_Dairy_Equations.VEERG_3_3_1_1__3_DryMatterFeedIntake_Source()} -> VEERG 2026: 3.3.1.1, Equation (3)
D85: Function name | E85: {=Common_InputFunctions.Utility_DisplayFunctionName(D114)} -> =EntericMethane_Dairy_Equations.VEERG_3_3_1_1__3_DryMatterFeedIntake
D88: Variable | E88: {=EntericMethane_Dairy_Equations.VEERG_3_3_1_1__3_DryMatterFeedIntake_Variable()} -> I_j
D89: Unit | E89: {=EntericMethane_Dairy_Equations.VEERG_3_3_1_1__3_DryMatterFeedIntake_Unit()} -> kg DM/head/day
D91: {=_xlfn.CHOOSECOLS(EntericMethane_Dairy_Equations.VEERG_3_3_1_1__3_DryMatterFeedIntake_Arguments(),1,2)} -> W_j | E91: liveweight | G91: {=_xlfn.CHOOSECOLS(EntericMethane_Dairy_Equations.VEERG_3_3_1_1__3_DryMatterFeedIntake_Arguments(),3,4)} -> kg | H91: Input | I91: {=HYPERLINK(Common_InputFunctions.Utility_SourceHyperlink($D$96), $D$96)} -> M1_Table_W_j
D92: LWG_j | E92: liveweight gain | G92: kg/head/day | H92: Input | I92: {=HYPERLINK(Common_InputFunctions.Utility_SourceHyperlink($D$101), $D$101)} -> M1_Table_LWG_j
D93: MR_j | E93: increase in metabolic rate when producing milk | G93: fraction | H93: Constant | I93: {=HYPERLINK(Common_InputFunctions.Utility_SourceHyperlink($D$106), $D$106)} -> Table_MR_j
D94: MI_j | E94: additional intake required for milk production | G94: kg DM/head/day | H94: Calculated from 3.3.1.1 (4) | I94: {=HYPERLINK(Common_InputFunctions.Utility_SourceHyperlink($D$76), $D$76)} -> M1_Table_MI_j
D96: M1_Table_W_j | O96: M2_Table_W_j
D97: Liveweight for each animal class j (Method 1) | O97: Liveweight for each animal class j (Method 2)
D98: Milking cows | E98: Heifers > 1 year | F98: Heifers < 1 year | G98: Bulls > 1 year | H98: Bulls < 1 year | O98: Milking cows | P98: Heifers > 1 year | Q98: Heifers < 1 year | R98: Bulls > 1 year | S98: Bulls < 1 year
D99: =INDEX(X_Table_Dairy_Liveweight_Method1,2,2) -> 550 | E99: =INDEX(X_Table_Dairy_Liveweight_Method1,2,3) -> 0 | F99: =INDEX(X_Table_Dairy_Liveweight_Method1,2,4) -> 0 | G99: =INDEX(X_Table_Dairy_Liveweight_Method1,2,5) -> 0 | H99: =INDEX(X_Table_Dairy_Liveweight_Method1,2,6) -> 0 | I99: kg/head | O99: =INDEX(X_Table_Dairy_Liveweight_Method2,2,2) -> 550 | P99: =INDEX(X_Table_Dairy_Liveweight_Method2,2,3) -> 0 | Q99: =INDEX(X_Table_Dairy_Liveweight_Method2,2,4) -> 0 | R99: =INDEX(X_Table_Dairy_Liveweight_Method2,2,5) -> 0 | S99: =INDEX(X_Table_Dairy_Liveweight_Method2,2,6) -> 0 | T99: kg/head
D101: M1_Table_LWG_j | O101: M2_Table_LWG_j
D102: Liveweight gain for each animal class j (Method 1) | O102: Liveweight gain for each animal class j (Method 2)
D103: Milking cows | E103: Heifers > 1 year | F103: Heifers < 1 year | G103: Bulls > 1 year | H103: Bulls < 1 year | O103: Milking cows | P103: Heifers > 1 year | Q103: Heifers < 1 year | R103: Bulls > 1 year | S103: Bulls < 1 year
D104: =INDEX(X_Table_Dairy_Liveweight_Method1,3,2) -> 0.016 | E104: =INDEX(X_Table_Dairy_Liveweight_Method1,3,3) -> 0 | F104: =INDEX(X_Table_Dairy_Liveweight_Method1,3,4) -> 0 | G104: =INDEX(X_Table_Dairy_Liveweight_Method1,3,5) -> 0 | H104: =INDEX(X_Table_Dairy_Liveweight_Method1,3,6) -> 0 | I104: kg/head/day | O104: =INDEX(X_Table_Dairy_Liveweight_Method2,3,2) -> 0.016 | P104: =INDEX(X_Table_Dairy_Liveweight_Method2,3,3) -> 0 | Q104: =INDEX(X_Table_Dairy_Liveweight_Method2,3,4) -> 0 | R104: =INDEX(X_Table_Dairy_Liveweight_Method2,3,5) -> 0 | S104: =INDEX(X_Table_Dairy_Liveweight_Method2,3,6) -> 0 | T104: kg/head/day
D106: Table_MR_j
D107: Increase in metabolic rate when producing milk
D108: Milking cows | E108: Heifers > 1 year | F108: Heifers < 1 year | G108: Bulls > 1 year | H108: Bulls < 1 year
D109: ='Constants - Dairy'!$E$108 -> 1.1 | E109: ='Constants - Dairy'!$E$109 -> 1 | F109: ='Constants - Dairy'!$E$109 -> 1 | G109: ='Constants - Dairy'!$E$109 -> 1 | H109: ='Constants - Dairy'!$E$109 -> 1 | I109: Fraction
D111: M1_Table_I_j | O111: M2_Table_I_j
D112: Feed intake (Method 1) | O112: Feed intake (Method 2)
D113: Milking cows | E113: Heifers > 1 year | F113: Heifers < 1 year | G113: Bulls > 1 year | H113: Bulls < 1 year | O113: Milking cows | P113: Heifers > 1 year | Q113: Heifers < 1 year | R113: Bulls > 1 year | S113: Bulls < 1 year
D114: {=EntericMethane_Dairy_Equations.VEERG_3_3_1_1__3_DryMatterFeedIntake(D99,D104,D109,D79)} -> 17.875018 | E114: {=EntericMethane_Dairy_Equations.VEERG_3_3_1_1__3_DryMatterFeedIntake(E99,E104,E109,E79)} -> 1.404225 | F114: {=EntericMethane_Dairy_Equations.VEERG_3_3_1_1__3_DryMatterFeedIntake(F99,F104,F109,F79)} -> 1.404225 | G114: {=EntericMethane_Dairy_Equations.VEERG_3_3_1_1__3_DryMatterFeedIntake(G99,G104,G109,G79)} -> 1.404225 | H114: {=EntericMethane_Dairy_Equations.VEERG_3_3_1_1__3_DryMatterFeedIntake(H99,H104,H109,H79)} -> 1.404225 | I114: =$E$89 -> kg DM/head/day | O114: {=EntericMethane_Dairy_Equations.VEERG_3_3_1_1__3_DryMatterFeedIntake(O99,O104,D109,O79)} -> 17.875018 | P114: {=EntericMethane_Dairy_Equations.VEERG_3_3_1_1__3_DryMatterFeedIntake(P99,P104,E109,P79)} -> 1.404225 | Q114: {=EntericMethane_Dairy_Equations.VEERG_3_3_1_1__3_DryMatterFeedIntake(Q99,Q104,F109,Q79)} -> 1.404225 | R114: {=EntericMethane_Dairy_Equations.VEERG_3_3_1_1__3_DryMatterFeedIntake(R99,R104,G109,R79)} -> 1.404225 | S114: {=EntericMethane_Dairy_Equations.VEERG_3_3_1_1__3_DryMatterFeedIntake(S99,S104,H109,S79)} -> 1.404225 | T114: =$E$89 -> kg DM/head/day
D118: {=MMS_Dairy_Methane_Equations.VEERG_4_3_1_1__3_VolatileSolidsForWeanedDairyCattle_Title()} -> Volatile solids for weaned dairy cattle
D119: {=MMS_Dairy_Methane_Equations.VEERG_4_3_1_1__3_VolatileSolidsForWeanedDairyCattle_Source()} -> VEERG 2026: 4.3.1.1, Equation (3)
D120: Function name | E120: {=Common_InputFunctions.Utility_DisplayFunctionName(D133)} -> =MMS_Dairy_Methane_Equations.VEERG_4_3_1_1__3_VolatileSolidsForWeanedDairyCattle
D123: Variable | E123: {=MMS_Dairy_Methane_Equations.VEERG_4_3_1_1__3_VolatileSolidsForWeanedDairyCattle_Variable()} -> VS_j
D124: Unit | E124: {=MMS_Dairy_Methane_Equations.VEERG_4_3_1_1__3_VolatileSolidsForWeanedDairyCattle_Unit()} -> kg/head/day
D126: {=_xlfn.CHOOSECOLS(MMS_Dairy_Methane_Equations.VEERG_4_3_1_1__3_VolatileSolidsForWeanedDairyCattle_Arguments(), 1,2)} -> I_j | E126: dry matter feed intake (kgDM/head/day) | G126: {=_xlfn.CHOOSECOLS(MMS_Dairy_Methane_Equations.VEERG_4_3_1_1__3_VolatileSolidsForWeanedDairyCattle_Arguments(), 3,4)} -> kgDM/head/day | H126: Calculated from 3.3.1.1 (3) | I126: {=HYPERLINK(Common_InputFunctions.Utility_SourceHyperlink($D$111), $D$111)} -> M1_Table_I_j
D127: DMD_j | E127: dry matter digestibility | G127: fraction | H127: Input | I127: {=HYPERLINK(Common_InputFunctions.Utility_SourceHyperlink($D$16), $D$16)} -> M1_Table_DMD_j
D128: A | E128: ash content of feed intake | G128: fraction | H128: Constant | I128: =SourceData_Dairy_AshContent_Data -> 0.08
D130: M1_Table_VS_j | O130: M2_Table_VS_j
D131: Volatile solids for weaned cattle (Method 1) | O131: Volatile solids for weaned cattle (Method 2)
D132: Milking cows | E132: Heifers > 1 year | F132: Heifers < 1 year | G132: Bulls > 1 year | H132: Bulls < 1 year | O132: Milking cows | P132: Heifers > 1 year | Q132: Heifers < 1 year | R132: Bulls > 1 year | S132: Bulls < 1 year
...

Sheet 4.3.1.3-4 Direct N20
A1: #VALUE! | C1: 4.3.1.3-4 Manure Direct N2O
A3: =HYPERLINK("#'Home'!A1", "Home") -> Home | D3: Method 1 | N3: Method 2
A4: =HYPERLINK("#'Overview'!A1", "Overview") -> Overview
A5: =HYPERLINK("#'Results'!A1", "Results") -> Results | D5: {=MMS_Dairy_N2ODirect_Equations.VEERG_4_3_1_3__8_RelativeSize_Title()} -> Relative size
D6: {=MMS_Dairy_N2ODirect_Equations.VEERG_4_3_1_3__8_RelativeSize_Source()} -> VEERG 2026: 4.3.1.3, Equation (8)
D7: Function name | E7: {=Common_InputFunctions.Utility_DisplayFunctionName(D29)} -> =MMS_Dairy_N2ODirect_Equations.VEERG_4_3_1_3__8_RelativeSize
A8: INPUTS
A9: =HYPERLINK("#'Input - Site'!A1", "Site") -> Site
A10: =HYPERLINK("#'Input - Dairy'!A1", "Dairy") -> Dairy | D10: Variable | E10: {=MMS_Dairy_N2ODirect_Equations.VEERG_4_3_1_3__8_RelativeSize_Variable()} -> Z_j
D11: Unit | E11: {=MMS_Dairy_N2ODirect_Equations.VEERG_4_3_1_3__8_RelativeSize_Unit()} -> ratio
A13: CALCULATIONS | D13: {=_xlfn.CHOOSECOLS(MMS_Dairy_N2ODirect_Equations.VEERG_4_3_1_3__8_RelativeSize_Arguments(),1,2)} -> W_j | E13: liveweight | F13: {=_xlfn.CHOOSECOLS(MMS_Dairy_N2ODirect_Equations.VEERG_4_3_1_3__8_RelativeSize_Arguments(),3,4)} -> kg/head | G13: Input | H13: {=HYPERLINK(Common_InputFunctions.Utility_SourceHyperlink($D$16),$D$16)} -> M1_Table_W_j
A14: =HYPERLINK("#'4.3.1.1-2 Methane'!A1", "4.3.1.1-2 Methane") -> 4.3.1.1-2 Methane | D14: WR_j | E14: reference weight | F14: kg/head | G14: Constant | H14: {=HYPERLINK(Common_InputFunctions.Utility_SourceHyperlink($D$21),$D$21)} -> Table_WR_j
A15: =HYPERLINK("#'4.3.1.3-4 Direct N20'!A1", "4.3.1.3-4 Direct N20") -> 4.3.1.3-4 Direct N20
A16: =HYPERLINK("#'4.3.1.5 Atmos deposition'!A1", "4.3.1.5 Atmos deposition") -> 4.3.1.5 Atmos deposition | D16: M1_Table_W_j | N16: M2_Table_W_j
A17: =HYPERLINK("#'4.3.1.6-7 Leaching and runoff'!A1", "4.3.1.6-7 Leaching and runoff") -> 4.3.1.6-7 Leaching and runoff | D17: Liveweight for each animal class j (Method 1) | N17: Liveweight for each animal class j (Method 2)
A18: =HYPERLINK("#'4.3.1.8 Manure applied to soils'!A1", "4.3.1.8 Manure applied to soils") -> 4.3.1.8 Manure applied to soils | D18: Milking cows | E18: Heifers > 1 year | F18: Heifers < 1 year | G18: Bulls > 1 year | H18: Bulls < 1 year | N18: Milking cows | O18: Heifers > 1 year | P18: Heifers < 1 year | Q18: Bulls > 1 year | R18: Bulls < 1 year
A19: =HYPERLINK("#'4.3.1.9 Soil direct N2O'!A1", "4.3.1.9 Soil direct N2O") -> 4.3.1.9 Soil direct N2O | D19: =INDEX(X_Table_Dairy_Liveweight_Method1,2,2) -> 550 | E19: =INDEX(X_Table_Dairy_Liveweight_Method1,2,3) -> 0 | F19: =INDEX(X_Table_Dairy_Liveweight_Method1,2,4) -> 0 | G19: =INDEX(X_Table_Dairy_Liveweight_Method1,2,5) -> 0 | H19: =INDEX(X_Table_Dairy_Liveweight_Method1,2,6) -> 0 | I19: kg/head | N19: =INDEX(X_Table_Dairy_Liveweight_Method2,2,2) -> 550 | O19: =INDEX(X_Table_Dairy_Liveweight_Method2,2,3) -> 0 | P19: =INDEX(X_Table_Dairy_Liveweight_Method2,2,4) -> 0 | Q19: =INDEX(X_Table_Dairy_Liveweight_Method2,2,5) -> 0 | R19: =INDEX(X_Table_Dairy_Liveweight_Method2,2,6) -> 0 | S19: kg/head
A20: =HYPERLINK("#'4.3.1.10-11 Soil Atmos Dep'!A1", "4.3.1.10-11 Soil Atmos Dep") -> 4.3.1.10-11 Soil Atmos Dep
A21: =HYPERLINK("#'4.3.1.12-13 Soil leach runoff'!A1", "4.3.1.12-13 Soil leach runoff") -> 4.3.1.12-13 Soil leach runoff | D21: Table_WR_j
D22: Reference weight for each animal class
D23: Milking cows | E23: Heifers > 1 year | F23: Heifers < 1 year | G23: Bulls > 1 year | H23: Bulls < 1 year
A24: APPENDICES | D24: {=Table_SourceData_Dairy_WRj[Milking cows]} -> 590 | E24: {=Table_SourceData_Dairy_WRj[Heifers > 1]} -> 590 | F24: {=Table_SourceData_Dairy_WRj[Heifers < 1 (weaned)]} -> 590 | G24: {=Table_SourceData_Dairy_WRj[Bulls > 1]} -> 770 | H24: {=Table_SourceData_Dairy_WRj[Bulls < 1 (weaned)]} -> 770 | I24: kg/head
A25: =HYPERLINK("#'Constants - Dairy'!A1", "Constants - Dairy") -> Constants - Dairy
A26: =HYPERLINK("#'Constants - Common'!A1", "Constants - Common") -> Constants - Common | D26: M1_Table_Z_j | N26: M1_Table_Z_j
A27: =HYPERLINK("#'Constants - Livestock'!A1", "Constants - Livestock") -> Constants - Livestock | D27: Relative size for each animal class (Method 1) | N27: Relative size for each animal class (Method 2)
A28: =HYPERLINK("#'Acknowledgements'!A1", "Acknowledgements") -> Acknowledgements | D28: Milking cows | E28: Heifers > 1 year | F28: Heifers < 1 year | G28: Bulls > 1 year | H28: Bulls < 1 year | N28: Milking cows | O28: Heifers > 1 year | P28: Heifers < 1 year | Q28: Bulls > 1 year | R28: Bulls < 1 year
A29: =HYPERLINK("#'Tab template'!A1", "Tab template") -> Tab template | D29: {=MMS_Dairy_N2ODirect_Equations.VEERG_4_3_1_3__8_RelativeSize(D19,D24)} -> 0.93220339 | E29: {=MMS_Dairy_N2ODirect_Equations.VEERG_4_3_1_3__8_RelativeSize(E19,E24)} -> 0 | F29: {=MMS_Dairy_N2ODirect_Equations.VEERG_4_3_1_3__8_RelativeSize(F19,F24)} -> 0 | G29: {=MMS_Dairy_N2ODirect_Equations.VEERG_4_3_1_3__8_RelativeSize(G19,G24)} -> 0 | H29: {=MMS_Dairy_N2ODirect_Equations.VEERG_4_3_1_3__8_RelativeSize(H19,H24)} -> 0 | I29: =$E$11 -> ratio | N29: {=MMS_Dairy_N2ODirect_Equations.VEERG_4_3_1_3__8_RelativeSize(N19,D24)} -> 0.93220339 | O29: {=MMS_Dairy_N2ODirect_Equations.VEERG_4_3_1_3__8_RelativeSize(O19,E24)} -> 0 | P29: {=MMS_Dairy_N2ODirect_Equations.VEERG_4_3_1_3__8_RelativeSize(P19,F24)} -> 0 | Q29: {=MMS_Dairy_N2ODirect_Equations.VEERG_4_3_1_3__8_RelativeSize(Q19,G24)} -> 0 | R29: {=MMS_Dairy_N2ODirect_Equations.VEERG_4_3_1_3__8_RelativeSize(R19,H24)} -> 0 | S29: =$E$11 -> ratio
D33: {=MMS_Dairy_N2ODirect_Equations.VEERG_4_3_1_3__7_IntakeRelativeToMaintenance_Title()} -> Intake relative to maintenance
D34: {=MMS_Dairy_N2ODirect_Equations.VEERG_4_3_1_3__7_IntakeRelativeToMaintenance_Source()} -> VEERG 2026: 4.3.1.3, Equation (7)
D35: Function name | E35: {=Common_InputFunctions.Utility_DisplayFunctionName(D65)} -> =MMS_Dairy_N2ODirect_Equations.VEERG_4_3_1_3__7_IntakeRelativeToMaintenance
D39: Variable | E39: {=MMS_Dairy_N2ODirect_Equations.VEERG_4_3_1_3__7_IntakeRelativeToMaintenance_Variable()} -> L_j
D40: Unit | E40: {=MMS_Dairy_N2ODirect_Equations.VEERG_4_3_1_3__7_IntakeRelativeToMaintenance_Unit()} -> ratio
D42: {=_xlfn.CHOOSECOLS(MMS_Dairy_N2ODirect_Equations.VEERG_4_3_1_3__7_IntakeRelativeToMaintenance_Arguments(),1,2)} -> I_j | E42: dry matter intake | G42: {=_xlfn.CHOOSECOLS(MMS_Dairy_N2ODirect_Equations.VEERG_4_3_1_3__7_IntakeRelativeToMaintenance_Arguments(),3,4)} -> kgDM/head/day | H42: Calculated from 3.3.1.1 (3) | I42: {=HYPERLINK(Common_InputFunctions.Utility_SourceHyperlink($D$47),$D$47)} -> M1_Table_I_j
D43: W_j | E43: liveweight | G43: kg/head | H43: Input | I43: {=HYPERLINK(Common_InputFunctions.Utility_SourceHyperlink($D$16),$D$16)} -> M1_Table_W_j
D44: MR_j | E44: increase in metabolic rate when producing milk | H44: Constant | I44: {=HYPERLINK(Common_InputFunctions.Utility_SourceHyperlink($D$52),$D$52)} -> Table_MR_j
D45: MI_j | E45: additional intake required for milk production | G45: kgDM/head/day | H45: Calculated from 3.3.1.1 (4) | I45: {=HYPERLINK(Common_InputFunctions.Utility_SourceHyperlink($D$57),$D$57)} -> M1_Table_MI_j
D47: M1_Table_I_j | N47: M2_Table_I_j
D48: Feed intake (Method 1) | N48: Feed intake (Method 2)
D49: Milking cows | E49: Heifers > 1 year | F49: Heifers < 1 year | G49: Bulls > 1 year | H49: Bulls < 1 year | N49: Milking cows | O49: Heifers > 1 year | P49: Heifers < 1 year | Q49: Bulls > 1 year | R49: Bulls < 1 year
D50: =INDEX(M1_Table_I_j,2,1) -> 17.875018 | E50: =INDEX(M1_Table_I_j,2,2) -> 1.404225 | F50: =INDEX(M1_Table_I_j,2,3) -> 1.404225 | G50: =INDEX(M1_Table_I_j,2,4) -> 1.404225 | H50: =INDEX(M1_Table_I_j,2,5) -> 1.404225 | I50: =G42 -> kgDM/head/day | N50: =INDEX(M2_Table_I_j,2,1) -> 17.875018 | O50: =INDEX(M2_Table_I_j,2,2) -> 1.404225 | P50: =INDEX(M2_Table_I_j,2,3) -> 1.404225 | Q50: =INDEX(M2_Table_I_j,2,4) -> 1.404225 | R50: =INDEX(M2_Table_I_j,2,5) -> 1.404225 | S50: ='4.3.1.1-2 Methane'!T114 -> kg DM/head/day
D52: Table_MR_j
D53: Increase in metabolic rate when producing milk
D54: Milking cows | E54: Heifers > 1 year | F54: Heifers < 1 year | G54: Bulls > 1 year | H54: Bulls < 1 year
D55: ='Constants - Dairy'!$E$108 -> 1.1 | E55: ='Constants - Dairy'!$E$109 -> 1 | F55: ='Constants - Dairy'!$E$109 -> 1 | G55: ='Constants - Dairy'!$E$109 -> 1 | H55: ='Constants - Dairy'!$E$109 -> 1 | I55: =G44
D57: M1_Table_MI_j
D58: Additional intake for milk production (Method 1)
D59: Milking cows | E59: Heifers > 1 year | F59: Heifers < 1 year | G59: Bulls > 1 year | H59: Bulls < 1 year
D60: =INDEX(M1_Table_MI_j,2,1) -> 8.6205726 | E60: =INDEX(M1_Table_MI_j,2,2) -> 0 | F60: =INDEX(M1_Table_MI_j,2,3) -> 0 | G60: =INDEX(M1_Table_MI_j,2,4) -> 0 | H60: =INDEX(M1_Table_MI_j,2,5) -> 0 | I60: ='4.3.1.1-2 Methane'!I79 -> kg DM/head/day
D62: M1_Table_L_j | N62: M2_Table_L_j
D63: Intake relative to maintenance (Method 1) | N63: Intake relative to maintenance (Method 2)
D64: Milking cows | E64: Heifers > 1 year | F64: Heifers < 1 year | G64: Bulls > 1 year | H64: Bulls < 1 year | N64: Milking cows | O64: Heifers > 1 year | P64: Heifers < 1 year | Q64: Bulls > 1 year | R64: Bulls < 1 year
D65: {=MMS_Dairy_N2ODirect_Equations.VEERG_4_3_1_3__7_IntakeRelativeToMaintenance(D50,D19,D55,D60)} -> 1.0018009 | E65: {=MMS_Dairy_N2ODirect_Equations.VEERG_4_3_1_3__7_IntakeRelativeToMaintenance(E50,E19,E55,E60)} -> 1 | F65: {=MMS_Dairy_N2ODirect_Equations.VEERG_4_3_1_3__7_IntakeRelativeToMaintenance(F50,F19,F55,F60)} -> 1 | G65: {=MMS_Dairy_N2ODirect_Equations.VEERG_4_3_1_3__7_IntakeRelativeToMaintenance(G50,G19,G55,G60)} -> 1 | H65: {=MMS_Dairy_N2ODirect_Equations.VEERG_4_3_1_3__7_IntakeRelativeToMaintenance(H50,H19,H55,H60)} -> 1 | I65: =$E$40 -> ratio | N65: {=MMS_Dairy_N2ODirect_Equations.VEERG_4_3_1_3__7_IntakeRelativeToMaintenance(N50,N19,D55,D60)} -> 1.0018009 | O65: {=MMS_Dairy_N2ODirect_Equations.VEERG_4_3_1_3__7_IntakeRelativeToMaintenance(O50,O19,E55,E60)} -> 1 | P65: {=MMS_Dairy_N2ODirect_Equations.VEERG_4_3_1_3__7_IntakeRelativeToMaintenance(P50,P19,F55,F60)} -> 1 | Q65: {=MMS_Dairy_N2ODirect_Equations.VEERG_4_3_1_3__7_IntakeRelativeToMaintenance(Q50,Q19,G55,G60)} -> 1 | R65: {=MMS_Dairy_N2ODirect_Equations.VEERG_4_3_1_3__7_IntakeRelativeToMaintenance(R50,R19,H55,H60)} -> 1 | S65: =$E$40 -> ratio
D69: {=MMS_Dairy_N2ODirect_Equations.VEERG_4_3_1_3__6_NitrogenRetainedByBody_Title()} -> Amount of nitrogen retained by the body
D70: {=MMS_Dairy_N2ODirect_Equations.VEERG_4_3_1_3__6_NitrogenRetainedByBody_Source()} -> VEERG 2026: 4.3.1.3, Equation (6)
D71: {=MMS_Dairy_N2ODirect_Equations.VEERG_4_3_1_3__6_NitrogenRetainedByBody_Variation()} -> VARIATION ON SOURCE: Added check for milk production input unit and choose corresponding MP_j value accordingly.
D72: Function name | E72: {=Common_InputFunctions.Utility_DisplayFunctionName(D103)} -> =MMS_Dairy_N2ODirect_Equations.VEERG_4_3_1_3__6_NitrogenRetainedByBody
D75: Variable | E75: {=MMS_Dairy_N2ODirect_Equations.VEERG_4_3_1_3__6_NitrogenRetainedByBody_Variable()} -> NR_j
D76: Unit | E76: {=MMS_Dairy_N2ODirect_Equations.VEERG_4_3_1_3__6_NitrogenRetainedByBody_Unit()} -> kg N/head/day
D78: {=_xlfn.CHOOSECOLS(MMS_Dairy_N2ODirect_Equations.VEERG_4_3_1_3__6_NitrogenRetainedByBody_Arguments(),1,2)} -> MPU | E78: input milk production unit | G78: {=_xlfn.CHOOSECOLS(MMS_Dairy_N2ODirect_Equations.VEERG_4_3_1_3__6_NitrogenRetainedByBody_Arguments(),3,4)} | H78: Input | I78: =X_Cell_Dairy_MilkProductionUnit -> Litres of milk
D79: MP_j | E79: milk production (if input as litres of milk) | G79: L/head/day | H79: Input | I79: {=HYPERLINK(Common_InputFunctions.Utility_SourceHyperlink($D$90),$D$90)} -> Table_MP_j
D80: MP_j | E80: milk production (if input as milk solids) | G80: L/head/day | H80: Calculated from 3.3.1.1 (5) | I80: {=HYPERLINK(Common_InputFunctions.Utility_SourceHyperlink($D$85),$D$85)} -> M1_Table_MP_j_from_solids
D81: L_j | E81: intake relative to maintenance | H81: Calculated from 4.3.1.3 (7) | I81: {=HYPERLINK(Common_InputFunctions.Utility_SourceHyperlink($D$62),$D$62)} -> M1_Table_L_j
D82: Z_j | E82: relative size | H82: Calculated from 4.3.1.3 (8) | I82: {=HYPERLINK(Common_InputFunctions.Utility_SourceHyperlink($D$26),$D$26)} -> M1_Table_Z_j
D83: LWG_j | E83: liveweight gain | G83: kg/head/day | H83: Input | I83: {=HYPERLINK(Common_InputFunctions.Utility_SourceHyperlink($D$95),$D$95)} -> M1_Table_LWG_j
D85: M1_Table_MP_j_from_solids | N85: M2_Table_MP_j_from_solids
D86: Milk production from milk solids (Method 1) | N86: Milk production from milk solids (Method 2)
D87: Milking cows | E87: Heifers > 1 year | F87: Heifers < 1 year | G87: Bulls > 1 year | H87: Bulls < 1 year | N87: Milking cows | O87: Heifers > 1 year | P87: Heifers < 1 year | Q87: Bulls > 1 year | R87: Bulls < 1 year
D88: =INDEX(M1_Table_MP_j_from_solids,2,1) -> 0 | E88: 0 | F88: 0 | G88: 0 | H88: 0 | I88: =$G$80 -> L/head/day | N88: =INDEX(M2_Table_MP_j_from_solids,2,1) -> 0 | O88: 0 | P88: 0 | Q88: 0 | R88: 0 | S88: =$G$80 -> L/head/day
D90: Table_MP_j
D91: Milk production
D92: Milking cows | E92: Heifers > 1 year | F92: Heifers < 1 year | G92: Bulls > 1 year | H92: Bulls < 1 year
D93: =INDEX(Table_MP_j_Consumer_1,2,1) -> 17.99726 | E93: 0 | F93: 0 | G93: 0 | H93: 0 | I93: =$G$79 -> L/head/day
D95: M1_Table_LWG_j | N95: M2_Table_LWG_j
D96: Liveweight gain for each animal class j (Method 1) | N96: Liveweight gain for each animal class j (Method 2)
D97: Milking cows | E97: Heifers > 1 year | F97: Heifers < 1 year | G97: Bulls > 1 year | H97: Bulls < 1 year | N97: Milking cows | O97: Heifers > 1 year | P97: Heifers < 1 year | Q97: Bulls > 1 year | R97: Bulls < 1 year
D98: =INDEX(X_Table_Dairy_Liveweight_Method1,3,2) -> 0.016 | E98: =INDEX(X_Table_Dairy_Liveweight_Method1,3,3) -> 0 | F98: =INDEX(X_Table_Dairy_Liveweight_Method1,3,4) -> 0 | G98: =INDEX(X_Table_Dairy_Liveweight_Method1,3,5) -> 0 | H98: =INDEX(X_Table_Dairy_Liveweight_Method1,3,6) -> 0 | I98: =$G$83 -> kg/head/day | N98: =INDEX(X_Table_Dairy_Liveweight_Method2,3,2) -> 0.016 | O98: =INDEX(X_Table_Dairy_Liveweight_Method2,3,3) -> 0 | P98: =INDEX(X_Table_Dairy_Liveweight_Method2,3,4) -> 0 | Q98: =INDEX(X_Table_Dairy_Liveweight_Method2,3,5) -> 0 | R98: =INDEX(X_Table_Dairy_Liveweight_Method2,3,6) -> 0 | S98: =$G$83 -> kg/head/day
D100: M1_Table_NR_j | N100: M2_Table_NR_j
D101: Nitrogen retained in the body for each animal class j (Method 1) | N101: Nitrogen retained in the body for each animal class j (Method 2)
D102: Milking cows | E102: Heifers > 1 year | F102: Heifers < 1 year | G102: Bulls > 1 year | H102: Bulls < 1 year | N102: Milking cows | O102: Heifers > 1 year | P102: Heifers < 1 year | Q102: Bulls > 1 year | R102: Bulls < 1 year
D103: {=MMS_Dairy_N2ODirect_Equations.VEERG_4_3_1_3__6_NitrogenRetainedByBody(IF($I$78="Milk solids", D88, D93),D65,D29,D98)} -> 0.093159756 | E103: {=MMS_Dairy_N2ODirect_Equations.VEERG_4_3_1_3__6_NitrogenRetainedByBody(IF($I$78="Milk solids", E88, E93),E65,E29,E98)} -> 0 | F103: {=MMS_Dairy_N2ODirect_Equations.VEERG_4_3_1_3__6_NitrogenRetainedByBody(IF($I$78="Milk solids", F88, F93),F65,F29,F98)} -> 0 | G103: {=MMS_Dairy_N2ODirect_Equations.VEERG_4_3_1_3__6_NitrogenRetainedByBody(IF($I$78="Milk solids", G88, G93),G65,G29,G98)} -> 0 | H103: {=MMS_Dairy_N2ODirect_Equations.VEERG_4_3_1_3__6_NitrogenRetainedByBody(IF($I$78="Milk solids", H88, H93),H65,H29,H98)} -> 0 | I103: =$E$76 -> kg N/head/day | N103: {=MMS_Dairy_N2ODirect_Equations.VEERG_4_3_1_3__6_NitrogenRetainedByBody(IF($I$78="Milk solids",N88,D93),N65,N29,N98)} -> 0.093159756 | O103: {=MMS_Dairy_N2ODirect_Equations.VEERG_4_3_1_3__6_NitrogenRetainedByBody(IF($I$78="Milk solids",O88,E93),O65,O29,O98)} -> 0 | P103: {=MMS_Dairy_N2ODirect_Equations.VEERG_4_3_1_3__6_NitrogenRetainedByBody(IF($I$78="Milk solids",P88,F93),P65,P29,P98)} -> 0 | Q103: {=MMS_Dairy_N2ODirect_Equations.VEERG_4_3_1_3__6_NitrogenRetainedByBody(IF($I$78="Milk solids",Q88,G93),Q65,Q29,Q98)} -> 0 | R103: {=MMS_Dairy_N2ODirect_Equations.VEERG_4_3_1_3__6_NitrogenRetainedByBody(IF($I$78="Milk solids",R88,H93),R65,R29,R98)} -> 0 | S103: =$E$76 -> kg N/head/day
D107: {=MMS_Dairy_N2ODirect_Equations.VEERG_4_3_1_3__5_CrudeProteinIntakeOfDairyCattle_Title()} -> Crude protein intake of dairy cattle
D108: {=MMS_Dairy_N2ODirect_Equations.VEERG_4_3_1_3__5_CrudeProteinIntakeOfDairyCattle_Source()} -> VEERG 2026: 4.3.1.3, Equation (5)
D109: Function name | E109: {=Common_InputFunctions.Utility_DisplayFunctionName(D126)} -> =MMS_Dairy_N2ODirect_Equations.VEERG_4_3_1_3__5_CrudeProteinIntakeOfDairyCattle
D112: Variable | E112: {=MMS_Dairy_N2ODirect_Equations.VEERG_4_3_1_3__5_CrudeProteinIntakeOfDairyCattle_Variable()} -> CPI_j
D113: Unit | E113: {=MMS_Dairy_N2ODirect_Equations.VEERG_4_3_1_3__5_CrudeProteinIntakeOfDairyCattle_Unit()} -> kg/head/day
D115: {=MMS_Dairy_N2ODirect_Equations.VEERG_4_3_1_3__5_CrudeProteinIntakeOfDairyCattle_Arguments()} -> I_j | E115: dry matter intake | F115: kgDM/head/day | G115: Calculated from 3.3.1.1 (3) | H115: {=HYPERLINK(Common_InputFunctions.Utility_SourceHyperlink($D$47),$D$47)} -> M1_Table_I_j
D116: CP_j | E116: crude protein content of feed intake | F116: fraction | G116: Input | H116: {=HYPERLINK(Common_InputFunctions.Utility_SourceHyperlink($D$118),$D$118)} -> M1_Table_CP_j
D118: M1_Table_CP_j | N118: M2_Table_CP_j
D119: Crude protein content of feed intake for each animal class j (Method 1) | N119: Crude protein content of feed intake for each animal class j (Method 2)
D120: Milking cows | E120: Heifers > 1 year | F120: Heifers < 1 year | G120: Bulls > 1 year | H120: Bulls < 1 year | N120: Milking cows | O120: Heifers > 1 year | P120: Heifers < 1 year | Q120: Bulls > 1 year | R120: Bulls < 1 year
D121: =INDEX(X_Table_Dairy_Diet_Method1,3,2) -> 0.2 | E121: =INDEX(X_Table_Dairy_Diet_Method1,3,3) -> 0 | F121: =INDEX(X_Table_Dairy_Diet_Method1,3,4) -> 0 | G121: =INDEX(X_Table_Dairy_Diet_Method1,3,5) -> 0 | H121: =INDEX(X_Table_Dairy_Diet_Method1,3,6) -> 0 | I121: =$F$116 -> fraction | N121: =INDEX(X_Table_Dairy_Diet_Method2,3,2) -> 0.2 | O121: =INDEX(X_Table_Dairy_Diet_Method2,3,3) -> 0 | P121: =INDEX(X_Table_Dairy_Diet_Method2,3,4) -> 0 | Q121: =INDEX(X_Table_Dairy_Diet_Method2,3,5) -> 0 | R121: =INDEX(X_Table_Dairy_Diet_Method2,3,6) -> 0 | S121: =$F$116 -> fraction
D123: M1_Table_CPI_j | N123: M2_Table_CPI_j
D124: Crude protein intake for each animal class j (Method 1) | N124: Crude protein intake for each animal class j (Method 2)
D125: Milking cows | E125: Heifers > 1 year | F125: Heifers < 1 year | G125: Bulls > 1 year | H125: Bulls < 1 year | N125: Milking cows | O125: Heifers > 1 year | P125: Heifers < 1 year | Q125: Bulls > 1 year | R125: Bulls < 1 year
D126: {=MMS_Dairy_N2ODirect_Equations.VEERG_4_3_1_3__5_CrudeProteinIntakeOfDairyCattle(D50,D121)} -> 3.5750036 | E126: {=MMS_Dairy_N2ODirect_Equations.VEERG_4_3_1_3__5_CrudeProteinIntakeOfDairyCattle(E50,E121)} -> 0 | F126: {=MMS_Dairy_N2ODirect_Equations.VEERG_4_3_1_3__5_CrudeProteinIntakeOfDairyCattle(F50,F121)} -> 0 | G126: {=MMS_Dairy_N2ODirect_Equations.VEERG_4_3_1_3__5_CrudeProteinIntakeOfDairyCattle(G50,G121)} -> 0 | H126: {=MMS_Dairy_N2ODirect_Equations.VEERG_4_3_1_3__5_CrudeProteinIntakeOfDairyCattle(H50,H121)} -> 0 | I126: =$E$113 -> kg/head/day | N126: {=MMS_Dairy_N2ODirect_Equations.VEERG_4_3_1_3__5_CrudeProteinIntakeOfDairyCattle(N50,N121)} -> 3.5750036 | O126: {=MMS_Dairy_N2ODirect_Equations.VEERG_4_3_1_3__5_CrudeProteinIntakeOfDairyCattle(O50,O121)} -> 0 | P126: {=MMS_Dairy_N2ODirect_Equations.VEERG_4_3_1_3__5_CrudeProteinIntakeOfDairyCattle(P50,P121)} -> 0 | Q126: {=MMS_Dairy_N2ODirect_Equations.VEERG_4_3_1_3__5_CrudeProteinIntakeOfDairyCattle(Q50,Q121)} -> 0 | R126: {=MMS_Dairy_N2ODirect_Equations.VEERG_4_3_1_3__5_CrudeProteinIntakeOfDairyCattle(R50,R121)} -> 0 | S126: =$E$113 -> kg/head/day
D130: {=MMS_Dairy_N2ODirect_Equations.VEERG_4_3_1_3__4_NitrogenExcretedByDairyCattleGreaterThanOneYear_Title()} -> Nitrogen excreted by dairy cattle greater than one year old
D131: {=MMS_Dairy_N2ODirect_Equations.VEERG_4_3_1_3__4_NitrogenExcretedByDairyCattleGreaterThanOneYear_Source()} -> VEERG 2026: 4.3.1.3, Equation (4)
D132: Function name | E132: {=Common_InputFunctions.Utility_DisplayFunctionName(D146)} -> =MMS_Dairy_N2ODirect_Equations.VEERG_4_3_1_3__4_NitrogenExcretedByDairyCattleGreaterThanOneYear
D136: Variable | E136: {=MMS_Dairy_N2ODirect_Equations.VEERG_4_3_1_3__4_NitrogenExcretedByDairyCattleGreaterThanOneYear_Variable()} -> NE_j
D137: Unit | E137: {=MMS_Dairy_N2ODirect_Equations.VEERG_4_3_1_3__4_NitrogenExcretedByDairyCattleGreaterThanOneYear_Unit()} -> kg N/head/day
...

Sheet 4.3.1.5 Atmos deposition
A1: #VALUE! | C1: 4.3.1.5 Manure Atmospheric Deposition
A3: =HYPERLINK("#'Home'!A1", "Home") -> Home | D3: Method 1 | O3: Method 2
A4: =HYPERLINK("#'Overview'!A1", "Overview") -> Overview
A5: =HYPERLINK("#'Results'!A1", "Results") -> Results | D5: {=MMS_Dairy_AtmosphericDeposition_Equations.VEERG_4_3_1_5__2_TotalNitrogenVolatilisedFromMMS_Title()} -> Total nitrogen volatilised from MMS
D6: {=MMS_Dairy_AtmosphericDeposition_Equations.VEERG_4_3_1_5__2_TotalNitrogenVolatilisedFromMMS_Source()} -> VEERG 2026: 4.3.1.5, Equation (2)
D7: Function name | E7: {=Common_InputFunctions.Utility_DisplayFunctionName(F40)} -> =MMS_Dairy_AtmosphericDeposition_Equations.VEERG_4_3_1_5__2_TotalNitrogenVolatilisedFromMMS
A8: INPUTS
A9: =HYPERLINK("#'Input - Site'!A1", "Site") -> Site
A10: =HYPERLINK("#'Input - Dairy'!A1", "Dairy") -> Dairy | D10: Variable | E10: {=MMS_Dairy_AtmosphericDeposition_Equations.VEERG_4_3_1_5__2_TotalNitrogenVolatilisedFromMMS_Variable()} -> MN_ATMOS
D11: Unit | E11: {=MMS_Dairy_AtmosphericDeposition_Equations.VEERG_4_3_1_5__2_TotalNitrogenVolatilisedFromMMS_Unit()} -> kg N
A13: CALCULATIONS | D13: {=_xlfn.CHOOSECOLS(MMS_Dairy_AtmosphericDeposition_Equations.VEERG_4_3_1_5__2_TotalNitrogenVolatilisedFromMMS_Arguments(),1,2)} -> MN_jm | E13: total nitrogen in each MMS for dairy cattle classes | G13: {=_xlfn.CHOOSECOLS(MMS_Dairy_AtmosphericDeposition_Equations.VEERG_4_3_1_5__2_TotalNitrogenVolatilisedFromMMS_Arguments(),3,4)} -> kg N | H13: Calculated from 4.3.1.3 (2) | I13: {=HYPERLINK(Common_InputFunctions.Utility_SourceHyperlink(D$16),D$16)} -> M1_Table_MN_j_m
A14: =HYPERLINK("#'4.3.1.1-2 Methane'!A1", "4.3.1.1-2 Methane") -> 4.3.1.1-2 Methane | D14: FracGASM_m | E14: fraction of N volatilised from MMS | G14: fraction | H14: Constant | I14: {=HYPERLINK(Common_InputFunctions.Utility_SourceHyperlink($D$28),$D$28)} -> Table_FracGASM_m
A15: =HYPERLINK("#'4.3.1.3-4 Direct N20'!A1", "4.3.1.3-4 Direct N20") -> 4.3.1.3-4 Direct N20
A16: =HYPERLINK("#'4.3.1.5 Atmos deposition'!A1", "4.3.1.5 Atmos deposition") -> 4.3.1.5 Atmos deposition | D16: M1_Table_MN_j_m | O16: M2_Table_MN_j_m
A17: =HYPERLINK("#'4.3.1.6-7 Leaching and runoff'!A1", "4.3.1.6-7 Leaching and runoff") -> 4.3.1.6-7 Leaching and runoff | D17: Total nitrogen in each MMS (Method 1) | O17: Total nitrogen in each MMS (Method 2)
A18: =HYPERLINK("#'4.3.1.8 Manure applied to soils'!A1", "4.3.1.8 Manure applied to soils") -> 4.3.1.8 Manure applied to soils | D18: Production system | E18: MMS | F18: Milking cows | G18: Heifers > 1 year | H18: Heifers < 1 year | I18: Bulls > 1 year | J18: Bulls < 1 year | O18: Production system | P18: MMS | Q18: Milking cows | R18: Heifers > 1 year | S18: Heifers < 1 year | T18: Bulls > 1 year | U18: Bulls < 1 year
A19: =HYPERLINK("#'4.3.1.9 Soil direct N2O'!A1", "4.3.1.9 Soil direct N2O") -> 4.3.1.9 Soil direct N2O | D19: =INDEX(X_Table_Dairy_ProductionSystems_Method1,3,1) -> Milking shed | E19: =INDEX(X_Table_Dairy_Stage1MMS_1_AnaerobicLagoon,2,1) -> Anaerobic lagoon | F19: =INDEX(M1_Table_MN_j_m,2,3) -> 1740.4731 | G19: =INDEX(M1_Table_MN_j_m,2,4) -> 0 | H19: =INDEX(M1_Table_MN_j_m,2,5) -> 0 | I19: =INDEX(M1_Table_MN_j_m,2,6) -> 0 | J19: =INDEX(M1_Table_MN_j_m,2,7) -> 0 | K19: =$G$13 -> kg N | O19: =INDEX(X_Table_Dairy_ProductionSystems_Method1,3,1) -> Milking shed | P19: =INDEX(X_Table_Dairy_Stage1MMS_1_AnaerobicLagoon,2,1) -> Anaerobic lagoon | Q19: =INDEX(M2_Table_MN_j_m,2,3) -> 1740.4731 | R19: =INDEX(M2_Table_MN_j_m,2,4) -> 0 | S19: =INDEX(M2_Table_MN_j_m,2,5) -> 0 | T19: =INDEX(M2_Table_MN_j_m,2,6) -> 0 | U19: =INDEX(M2_Table_MN_j_m,2,7) -> 0 | V19: =$G$13 -> kg N
A20: =HYPERLINK("#'4.3.1.10-11 Soil Atmos Dep'!A1", "4.3.1.10-11 Soil Atmos Dep") -> 4.3.1.10-11 Soil Atmos Dep | D20: =INDEX(X_Table_Dairy_ProductionSystems_Method1,3,1) -> Milking shed | E20: =INDEX(X_Table_Dairy_Stage1MMS_1_SumpAndDispersal,2,1) -> Sump and dispersal system | F20: =INDEX(M1_Table_MN_j_m,3,3) -> 0 | G20: =INDEX(M1_Table_MN_j_m,3,4) -> 0 | H20: =INDEX(M1_Table_MN_j_m,3,5) -> 0 | I20: =INDEX(M1_Table_MN_j_m,3,6) -> 0 | J20: =INDEX(M1_Table_MN_j_m,3,7) -> 0 | O20: =INDEX(X_Table_Dairy_ProductionSystems_Method1,3,1) -> Milking shed | P20: =INDEX(X_Table_Dairy_Stage1MMS_1_SumpAndDispersal,2,1) -> Sump and dispersal system | Q20: =INDEX(M2_Table_MN_j_m,3,3) -> 0 | R20: =INDEX(M2_Table_MN_j_m,3,4) -> 0 | S20: =INDEX(M2_Table_MN_j_m,3,5) -> 0 | T20: =INDEX(M2_Table_MN_j_m,3,6) -> 0 | U20: =INDEX(M2_Table_MN_j_m,3,7) -> 0
A21: =HYPERLINK("#'4.3.1.12-13 Soil leach runoff'!A1", "4.3.1.12-13 Soil leach runoff") -> 4.3.1.12-13 Soil leach runoff | D21: =INDEX(X_Table_Dairy_ProductionSystems_Method1,3,1) -> Milking shed | E21: =INDEX(X_Table_Dairy_Stage1MMS_1_DrainsToPaddock,2,1) -> Drains to paddock | F21: =INDEX(M1_Table_MN_j_m,4,3) -> 0 | G21: =INDEX(M1_Table_MN_j_m,4,4) -> 0 | H21: =INDEX(M1_Table_MN_j_m,4,5) -> 0 | I21: =INDEX(M1_Table_MN_j_m,4,6) -> 0 | J21: =INDEX(M1_Table_MN_j_m,4,7) -> 0 | O21: =INDEX(X_Table_Dairy_ProductionSystems_Method1,3,1) -> Milking shed | P21: =INDEX(X_Table_Dairy_Stage1MMS_1_DrainsToPaddock,2,1) -> Drains to paddock | Q21: =INDEX(M2_Table_MN_j_m,4,3) -> 0 | R21: =INDEX(M2_Table_MN_j_m,4,4) -> 0 | S21: =INDEX(M2_Table_MN_j_m,4,5) -> 0 | T21: =INDEX(M2_Table_MN_j_m,4,6) -> 0 | U21: =INDEX(M2_Table_MN_j_m,4,7) -> 0
D22: =INDEX(X_Table_Dairy_ProductionSystems_Method1,3,1) -> Milking shed | E22: Solid storage | F22: =INDEX(M1_Table_MN_j_m,5,3) -> 1740.4731 | G22: =INDEX(M1_Table_MN_j_m,5,4) -> 0 | H22: =INDEX(M1_Table_MN_j_m,5,5) -> 0 | I22: =INDEX(M1_Table_MN_j_m,5,6) -> 0 | J22: =INDEX(M1_Table_MN_j_m,5,7) -> 0 | O22: =INDEX(X_Table_Dairy_ProductionSystems_Method1,3,1) -> Milking shed | P22: Solid storage | Q22: =INDEX(M2_Table_MN_j_m,5,3) -> 1740.4731 | R22: =INDEX(M2_Table_MN_j_m,5,4) -> 0 | S22: =INDEX(M2_Table_MN_j_m,5,5) -> 0 | T22: =INDEX(M2_Table_MN_j_m,5,6) -> 0 | U22: =INDEX(M2_Table_MN_j_m,5,7) -> 0
D23: =INDEX(X_Table_Dairy_ProductionSystems_Method1,4,1) -> Feed pad | E23: =INDEX(X_Table_Dairy_Stage1MMS_2_AnaerobicLagoon,2,1) -> Anaerobic lagoon | F23: =INDEX(M1_Table_MN_j_m,6,3) -> 0 | G23: =INDEX(M1_Table_MN_j_m,6,4) -> 0 | H23: =INDEX(M1_Table_MN_j_m,6,5) -> 0 | I23: =INDEX(M1_Table_MN_j_m,6,6) -> 0 | J23: =INDEX(M1_Table_MN_j_m,6,7) -> 0 | O23: =INDEX(X_Table_Dairy_ProductionSystems_Method1,4,1) -> Feed pad | P23: =INDEX(X_Table_Dairy_Stage1MMS_2_AnaerobicLagoon,2,1) -> Anaerobic lagoon | Q23: =INDEX(M2_Table_MN_j_m,6,3) -> 0 | R23: =INDEX(M2_Table_MN_j_m,6,4) -> 0 | S23: =INDEX(M2_Table_MN_j_m,6,5) -> 0 | T23: =INDEX(M2_Table_MN_j_m,6,6) -> 0 | U23: =INDEX(M2_Table_MN_j_m,6,7) -> 0
A24: APPENDICES | D24: =INDEX(X_Table_Dairy_ProductionSystems_Method1,4,1) -> Feed pad | E24: =INDEX(X_Table_Dairy_Stage1MMS_2_SumpAndDispersal,2,1) -> Sump and dispersal system | F24: =INDEX(M1_Table_MN_j_m,7,3) -> 0 | G24: =INDEX(M1_Table_MN_j_m,7,4) -> 0 | H24: =INDEX(M1_Table_MN_j_m,7,5) -> 0 | I24: =INDEX(M1_Table_MN_j_m,7,6) -> 0 | J24: =INDEX(M1_Table_MN_j_m,7,7) -> 0 | O24: =INDEX(X_Table_Dairy_ProductionSystems_Method1,4,1) -> Feed pad | P24: =INDEX(X_Table_Dairy_Stage1MMS_2_SumpAndDispersal,2,1) -> Sump and dispersal system | Q24: =INDEX(M2_Table_MN_j_m,7,3) -> 0 | R24: =INDEX(M2_Table_MN_j_m,7,4) -> 0 | S24: =INDEX(M2_Table_MN_j_m,7,5) -> 0 | T24: =INDEX(M2_Table_MN_j_m,7,6) -> 0 | U24: =INDEX(M2_Table_MN_j_m,7,7) -> 0
A25: =HYPERLINK("#'Constants - Dairy'!A1", "Constants - Dairy") -> Constants - Dairy | D25: =INDEX(X_Table_Dairy_ProductionSystems_Method1,4,1) -> Feed pad | E25: =INDEX(X_Table_Dairy_Stage1MMS_2_DrainsToPaddock,2,1) -> Drains to paddock | F25: =INDEX(M1_Table_MN_j_m,8,3) -> 0 | G25: =INDEX(M1_Table_MN_j_m,8,4) -> 0 | H25: =INDEX(M1_Table_MN_j_m,8,5) -> 0 | I25: =INDEX(M1_Table_MN_j_m,8,6) -> 0 | J25: =INDEX(M1_Table_MN_j_m,8,7) -> 0 | O25: =INDEX(X_Table_Dairy_ProductionSystems_Method1,4,1) -> Feed pad | P25: =INDEX(X_Table_Dairy_Stage1MMS_2_DrainsToPaddock,2,1) -> Drains to paddock | Q25: =INDEX(M2_Table_MN_j_m,8,3) -> 0 | R25: =INDEX(M2_Table_MN_j_m,8,4) -> 0 | S25: =INDEX(M2_Table_MN_j_m,8,5) -> 0 | T25: =INDEX(M2_Table_MN_j_m,8,6) -> 0 | U25: =INDEX(M2_Table_MN_j_m,8,7) -> 0
A26: =HYPERLINK("#'Constants - Common'!A1", "Constants - Common") -> Constants - Common | D26: =INDEX(X_Table_Dairy_ProductionSystems_Method1,4,1) -> Feed pad | E26: Solid storage | F26: =INDEX(M1_Table_MN_j_m,9,3) -> 0 | G26: =INDEX(M1_Table_MN_j_m,9,4) -> 0 | H26: =INDEX(M1_Table_MN_j_m,9,5) -> 0 | I26: =INDEX(M1_Table_MN_j_m,9,6) -> 0 | J26: =INDEX(M1_Table_MN_j_m,9,7) -> 0 | O26: =INDEX(X_Table_Dairy_ProductionSystems_Method1,4,1) -> Feed pad | P26: Solid storage | Q26: =INDEX(M2_Table_MN_j_m,9,3) -> 0 | R26: =INDEX(M2_Table_MN_j_m,9,4) -> 0 | S26: =INDEX(M2_Table_MN_j_m,9,5) -> 0 | T26: =INDEX(M2_Table_MN_j_m,9,6) -> 0 | U26: =INDEX(M2_Table_MN_j_m,9,7) -> 0
A27: =HYPERLINK("#'Constants - Livestock'!A1", "Constants - Livestock") -> Constants - Livestock
A28: =HYPERLINK("#'Acknowledgements'!A1", "Acknowledgements") -> Acknowledgements | D28: Table_FracGASM_m
A29: =HYPERLINK("#'Tab template'!A1", "Tab template") -> Tab template | D29: Fraction N volatilised from each MS
D30: MMS | E30: FracGASMm
D31: {=Table_SourceData_Dairy_EFmFracGASM[NIR reference]} -> Pasture range and paddock | E31: {=Table_SourceData_Dairy_EFmFracGASM[FracGASMm]} -> 0 | F31: =G14 -> fraction
D32: Anaerobic lagoon | E32: 0.35
D33: Sump and dispersal system | E33: 0.07
D34: Drains to paddock | E34: 0.2
D35: Solid storage | E35: 0.3
D37: M1_Table_MN_atmos | O37: M2_Table_MN_atmos
D38: Total nitrogen volatilised from each MMS (Method 1) | O38: Total nitrogen volatilised from each MMS (Method 2)
D39: Production system | E39: MMS | F39: Milking cows | G39: Heifers > 1 year | H39: Heifers < 1 year | I39: Bulls > 1 year | J39: Bulls < 1 year | O39: Production system | P39: MMS | Q39: Milking cows | R39: Heifers > 1 year | S39: Heifers < 1 year | T39: Bulls > 1 year | U39: Bulls < 1 year
D40: =INDEX(X_Table_Dairy_ProductionSystems_Method1,3,1) -> Milking shed | E40: =INDEX(X_Table_Dairy_Stage1MMS_1_AnaerobicLagoon,2,1) -> Anaerobic lagoon | F40: {=MMS_Dairy_AtmosphericDeposition_Equations.VEERG_4_3_1_5__2_TotalNitrogenVolatilisedFromMMS(F19,$E32)} -> 609.1656 | G40: {=MMS_Dairy_AtmosphericDeposition_Equations.VEERG_4_3_1_5__2_TotalNitrogenVolatilisedFromMMS(G19,$E32)} -> 0 | H40: {=MMS_Dairy_AtmosphericDeposition_Equations.VEERG_4_3_1_5__2_TotalNitrogenVolatilisedFromMMS(H19,$E32)} -> 0 | I40: {=MMS_Dairy_AtmosphericDeposition_Equations.VEERG_4_3_1_5__2_TotalNitrogenVolatilisedFromMMS(I19,$E32)} -> 0 | J40: {=MMS_Dairy_AtmosphericDeposition_Equations.VEERG_4_3_1_5__2_TotalNitrogenVolatilisedFromMMS(J19,$E32)} -> 0 | K40: =$E$11 -> kg N | O40: =INDEX(X_Table_Dairy_ProductionSystems_Method1,3,1) -> Milking shed | P40: =INDEX(X_Table_Dairy_Stage1MMS_1_AnaerobicLagoon,2,1) -> Anaerobic lagoon | Q40: {=MMS_Dairy_AtmosphericDeposition_Equations.VEERG_4_3_1_5__2_TotalNitrogenVolatilisedFromMMS(Q19,$E32)} -> 609.1656 | R40: {=MMS_Dairy_AtmosphericDeposition_Equations.VEERG_4_3_1_5__2_TotalNitrogenVolatilisedFromMMS(R19,$E32)} -> 0 | S40: {=MMS_Dairy_AtmosphericDeposition_Equations.VEERG_4_3_1_5__2_TotalNitrogenVolatilisedFromMMS(S19,$E32)} -> 0 | T40: {=MMS_Dairy_AtmosphericDeposition_Equations.VEERG_4_3_1_5__2_TotalNitrogenVolatilisedFromMMS(T19,$E32)} -> 0 | U40: {=MMS_Dairy_AtmosphericDeposition_Equations.VEERG_4_3_1_5__2_TotalNitrogenVolatilisedFromMMS(U19,$E32)} -> 0 | V40: =$E$11 -> kg N
D41: =INDEX(X_Table_Dairy_ProductionSystems_Method1,3,1) -> Milking shed | E41: =INDEX(X_Table_Dairy_Stage1MMS_1_SumpAndDispersal,2,1) -> Sump and dispersal system | F41: {=MMS_Dairy_AtmosphericDeposition_Equations.VEERG_4_3_1_5__2_TotalNitrogenVolatilisedFromMMS(F20,$E33)} -> 0 | G41: {=MMS_Dairy_AtmosphericDeposition_Equations.VEERG_4_3_1_5__2_TotalNitrogenVolatilisedFromMMS(G20,$E33)} -> 0 | H41: {=MMS_Dairy_AtmosphericDeposition_Equations.VEERG_4_3_1_5__2_TotalNitrogenVolatilisedFromMMS(H20,$E33)} -> 0 | I41: {=MMS_Dairy_AtmosphericDeposition_Equations.VEERG_4_3_1_5__2_TotalNitrogenVolatilisedFromMMS(I20,$E33)} -> 0 | J41: {=MMS_Dairy_AtmosphericDeposition_Equations.VEERG_4_3_1_5__2_TotalNitrogenVolatilisedFromMMS(J20,$E33)} -> 0 | O41: =INDEX(X_Table_Dairy_ProductionSystems_Method1,3,1) -> Milking shed | P41: =INDEX(X_Table_Dairy_Stage1MMS_1_SumpAndDispersal,2,1) -> Sump and dispersal system | Q41: {=MMS_Dairy_AtmosphericDeposition_Equations.VEERG_4_3_1_5__2_TotalNitrogenVolatilisedFromMMS(Q20,$E33)} -> 0 | R41: {=MMS_Dairy_AtmosphericDeposition_Equations.VEERG_4_3_1_5__2_TotalNitrogenVolatilisedFromMMS(R20,$E33)} -> 0 | S41: {=MMS_Dairy_AtmosphericDeposition_Equations.VEERG_4_3_1_5__2_TotalNitrogenVolatilisedFromMMS(S20,$E33)} -> 0 | T41: {=MMS_Dairy_AtmosphericDeposition_Equations.VEERG_4_3_1_5__2_TotalNitrogenVolatilisedFromMMS(T20,$E33)} -> 0 | U41: {=MMS_Dairy_AtmosphericDeposition_Equations.VEERG_4_3_1_5__2_TotalNitrogenVolatilisedFromMMS(U20,$E33)} -> 0
D42: =INDEX(X_Table_Dairy_ProductionSystems_Method1,3,1) -> Milking shed | E42: =INDEX(X_Table_Dairy_Stage1MMS_1_DrainsToPaddock,2,1) -> Drains to paddock | F42: {=MMS_Dairy_AtmosphericDeposition_Equations.VEERG_4_3_1_5__2_TotalNitrogenVolatilisedFromMMS(F21,$E34)} -> 0 | G42: {=MMS_Dairy_AtmosphericDeposition_Equations.VEERG_4_3_1_5__2_TotalNitrogenVolatilisedFromMMS(G21,$E34)} -> 0 | H42: {=MMS_Dairy_AtmosphericDeposition_Equations.VEERG_4_3_1_5__2_TotalNitrogenVolatilisedFromMMS(H21,$E34)} -> 0 | I42: {=MMS_Dairy_AtmosphericDeposition_Equations.VEERG_4_3_1_5__2_TotalNitrogenVolatilisedFromMMS(I21,$E34)} -> 0 | J42: {=MMS_Dairy_AtmosphericDeposition_Equations.VEERG_4_3_1_5__2_TotalNitrogenVolatilisedFromMMS(J21,$E34)} -> 0 | O42: =INDEX(X_Table_Dairy_ProductionSystems_Method1,3,1) -> Milking shed | P42: =INDEX(X_Table_Dairy_Stage1MMS_1_DrainsToPaddock,2,1) -> Drains to paddock | Q42: {=MMS_Dairy_AtmosphericDeposition_Equations.VEERG_4_3_1_5__2_TotalNitrogenVolatilisedFromMMS(Q21,$E34)} -> 0 | R42: {=MMS_Dairy_AtmosphericDeposition_Equations.VEERG_4_3_1_5__2_TotalNitrogenVolatilisedFromMMS(R21,$E34)} -> 0 | S42: {=MMS_Dairy_AtmosphericDeposition_Equations.VEERG_4_3_1_5__2_TotalNitrogenVolatilisedFromMMS(S21,$E34)} -> 0 | T42: {=MMS_Dairy_AtmosphericDeposition_Equations.VEERG_4_3_1_5__2_TotalNitrogenVolatilisedFromMMS(T21,$E34)} -> 0 | U42: {=MMS_Dairy_AtmosphericDeposition_Equations.VEERG_4_3_1_5__2_TotalNitrogenVolatilisedFromMMS(U21,$E34)} -> 0
D43: =INDEX(X_Table_Dairy_ProductionSystems_Method1,3,1) -> Milking shed | E43: Solid storage | F43: {=MMS_Dairy_AtmosphericDeposition_Equations.VEERG_4_3_1_5__2_TotalNitrogenVolatilisedFromMMS(F22,$E35)} -> 522.14194 | G43: {=MMS_Dairy_AtmosphericDeposition_Equations.VEERG_4_3_1_5__2_TotalNitrogenVolatilisedFromMMS(G22,$E35)} -> 0 | H43: {=MMS_Dairy_AtmosphericDeposition_Equations.VEERG_4_3_1_5__2_TotalNitrogenVolatilisedFromMMS(H22,$E35)} -> 0 | I43: {=MMS_Dairy_AtmosphericDeposition_Equations.VEERG_4_3_1_5__2_TotalNitrogenVolatilisedFromMMS(I22,$E35)} -> 0 | J43: {=MMS_Dairy_AtmosphericDeposition_Equations.VEERG_4_3_1_5__2_TotalNitrogenVolatilisedFromMMS(J22,$E35)} -> 0 | O43: =INDEX(X_Table_Dairy_ProductionSystems_Method1,3,1) -> Milking shed | P43: Solid storage | Q43: {=MMS_Dairy_AtmosphericDeposition_Equations.VEERG_4_3_1_5__2_TotalNitrogenVolatilisedFromMMS(Q22,$E35)} -> 522.14194 | R43: {=MMS_Dairy_AtmosphericDeposition_Equations.VEERG_4_3_1_5__2_TotalNitrogenVolatilisedFromMMS(R22,$E35)} -> 0 | S43: {=MMS_Dairy_AtmosphericDeposition_Equations.VEERG_4_3_1_5__2_TotalNitrogenVolatilisedFromMMS(S22,$E35)} -> 0 | T43: {=MMS_Dairy_AtmosphericDeposition_Equations.VEERG_4_3_1_5__2_TotalNitrogenVolatilisedFromMMS(T22,$E35)} -> 0 | U43: {=MMS_Dairy_AtmosphericDeposition_Equations.VEERG_4_3_1_5__2_TotalNitrogenVolatilisedFromMMS(U22,$E35)} -> 0
D44: =INDEX(X_Table_Dairy_ProductionSystems_Method1,4,1) -> Feed pad | E44: =INDEX(X_Table_Dairy_Stage1MMS_2_AnaerobicLagoon,2,1) -> Anaerobic lagoon | F44: {=MMS_Dairy_AtmosphericDeposition_Equations.VEERG_4_3_1_5__2_TotalNitrogenVolatilisedFromMMS(F23, $E32)} -> 0 | G44: {=MMS_Dairy_AtmosphericDeposition_Equations.VEERG_4_3_1_5__2_TotalNitrogenVolatilisedFromMMS(G23, $E32)} -> 0 | H44: {=MMS_Dairy_AtmosphericDeposition_Equations.VEERG_4_3_1_5__2_TotalNitrogenVolatilisedFromMMS(H23, $E32)} -> 0 | I44: {=MMS_Dairy_AtmosphericDeposition_Equations.VEERG_4_3_1_5__2_TotalNitrogenVolatilisedFromMMS(I23, $E32)} -> 0 | J44: {=MMS_Dairy_AtmosphericDeposition_Equations.VEERG_4_3_1_5__2_TotalNitrogenVolatilisedFromMMS(J23, $E32)} -> 0 | O44: =INDEX(X_Table_Dairy_ProductionSystems_Method1,4,1) -> Feed pad | P44: =INDEX(X_Table_Dairy_Stage1MMS_2_AnaerobicLagoon,2,1) -> Anaerobic lagoon | Q44: {=MMS_Dairy_AtmosphericDeposition_Equations.VEERG_4_3_1_5__2_TotalNitrogenVolatilisedFromMMS(Q23, $E32)} -> 0 | R44: {=MMS_Dairy_AtmosphericDeposition_Equations.VEERG_4_3_1_5__2_TotalNitrogenVolatilisedFromMMS(R23, $E32)} -> 0 | S44: {=MMS_Dairy_AtmosphericDeposition_Equations.VEERG_4_3_1_5__2_TotalNitrogenVolatilisedFromMMS(S23, $E32)} -> 0 | T44: {=MMS_Dairy_AtmosphericDeposition_Equations.VEERG_4_3_1_5__2_TotalNitrogenVolatilisedFromMMS(T23, $E32)} -> 0 | U44: {=MMS_Dairy_AtmosphericDeposition_Equations.VEERG_4_3_1_5__2_TotalNitrogenVolatilisedFromMMS(U23, $E32)} -> 0
D45: =INDEX(X_Table_Dairy_ProductionSystems_Method1,4,1) -> Feed pad | E45: =INDEX(X_Table_Dairy_Stage1MMS_2_SumpAndDispersal,2,1) -> Sump and dispersal system | F45: {=MMS_Dairy_AtmosphericDeposition_Equations.VEERG_4_3_1_5__2_TotalNitrogenVolatilisedFromMMS(F24, $E33)} -> 0 | G45: {=MMS_Dairy_AtmosphericDeposition_Equations.VEERG_4_3_1_5__2_TotalNitrogenVolatilisedFromMMS(G24, $E33)} -> 0 | H45: {=MMS_Dairy_AtmosphericDeposition_Equations.VEERG_4_3_1_5__2_TotalNitrogenVolatilisedFromMMS(H24, $E33)} -> 0 | I45: {=MMS_Dairy_AtmosphericDeposition_Equations.VEERG_4_3_1_5__2_TotalNitrogenVolatilisedFromMMS(I24, $E33)} -> 0 | J45: {=MMS_Dairy_AtmosphericDeposition_Equations.VEERG_4_3_1_5__2_TotalNitrogenVolatilisedFromMMS(J24, $E33)} -> 0 | O45: =INDEX(X_Table_Dairy_ProductionSystems_Method1,4,1) -> Feed pad | P45: =INDEX(X_Table_Dairy_Stage1MMS_2_SumpAndDispersal,2,1) -> Sump and dispersal system | Q45: {=MMS_Dairy_AtmosphericDeposition_Equations.VEERG_4_3_1_5__2_TotalNitrogenVolatilisedFromMMS(Q24, $E33)} -> 0 | R45: {=MMS_Dairy_AtmosphericDeposition_Equations.VEERG_4_3_1_5__2_TotalNitrogenVolatilisedFromMMS(R24, $E33)} -> 0 | S45: {=MMS_Dairy_AtmosphericDeposition_Equations.VEERG_4_3_1_5__2_TotalNitrogenVolatilisedFromMMS(S24, $E33)} -> 0 | T45: {=MMS_Dairy_AtmosphericDeposition_Equations.VEERG_4_3_1_5__2_TotalNitrogenVolatilisedFromMMS(T24, $E33)} -> 0 | U45: {=MMS_Dairy_AtmosphericDeposition_Equations.VEERG_4_3_1_5__2_TotalNitrogenVolatilisedFromMMS(U24, $E33)} -> 0
D46: =INDEX(X_Table_Dairy_ProductionSystems_Method1,4,1) -> Feed pad | E46: =INDEX(X_Table_Dairy_Stage1MMS_2_DrainsToPaddock,2,1) -> Drains to paddock | F46: {=MMS_Dairy_AtmosphericDeposition_Equations.VEERG_4_3_1_5__2_TotalNitrogenVolatilisedFromMMS(F25, $E34)} -> 0 | G46: {=MMS_Dairy_AtmosphericDeposition_Equations.VEERG_4_3_1_5__2_TotalNitrogenVolatilisedFromMMS(G25, $E34)} -> 0 | H46: {=MMS_Dairy_AtmosphericDeposition_Equations.VEERG_4_3_1_5__2_TotalNitrogenVolatilisedFromMMS(H25, $E34)} -> 0 | I46: {=MMS_Dairy_AtmosphericDeposition_Equations.VEERG_4_3_1_5__2_TotalNitrogenVolatilisedFromMMS(I25, $E34)} -> 0 | J46: {=MMS_Dairy_AtmosphericDeposition_Equations.VEERG_4_3_1_5__2_TotalNitrogenVolatilisedFromMMS(J25, $E34)} -> 0 | O46: =INDEX(X_Table_Dairy_ProductionSystems_Method1,4,1) -> Feed pad | P46: =INDEX(X_Table_Dairy_Stage1MMS_2_DrainsToPaddock,2,1) -> Drains to paddock | Q46: {=MMS_Dairy_AtmosphericDeposition_Equations.VEERG_4_3_1_5__2_TotalNitrogenVolatilisedFromMMS(Q25, $E34)} -> 0 | R46: {=MMS_Dairy_AtmosphericDeposition_Equations.VEERG_4_3_1_5__2_TotalNitrogenVolatilisedFromMMS(R25, $E34)} -> 0 | S46: {=MMS_Dairy_AtmosphericDeposition_Equations.VEERG_4_3_1_5__2_TotalNitrogenVolatilisedFromMMS(S25, $E34)} -> 0 | T46: {=MMS_Dairy_AtmosphericDeposition_Equations.VEERG_4_3_1_5__2_TotalNitrogenVolatilisedFromMMS(T25, $E34)} -> 0 | U46: {=MMS_Dairy_AtmosphericDeposition_Equations.VEERG_4_3_1_5__2_TotalNitrogenVolatilisedFromMMS(U25, $E34)} -> 0
D47: =INDEX(X_Table_Dairy_ProductionSystems_Method1,4,1) -> Feed pad | E47: Solid storage | F47: {=MMS_Dairy_AtmosphericDeposition_Equations.VEERG_4_3_1_5__2_TotalNitrogenVolatilisedFromMMS(F26, $E35)} -> 0 | G47: {=MMS_Dairy_AtmosphericDeposition_Equations.VEERG_4_3_1_5__2_TotalNitrogenVolatilisedFromMMS(G26, $E35)} -> 0 | H47: {=MMS_Dairy_AtmosphericDeposition_Equations.VEERG_4_3_1_5__2_TotalNitrogenVolatilisedFromMMS(H26, $E35)} -> 0 | I47: {=MMS_Dairy_AtmosphericDeposition_Equations.VEERG_4_3_1_5__2_TotalNitrogenVolatilisedFromMMS(I26, $E35)} -> 0 | J47: {=MMS_Dairy_AtmosphericDeposition_Equations.VEERG_4_3_1_5__2_TotalNitrogenVolatilisedFromMMS(J26, $E35)} -> 0 | O47: =INDEX(X_Table_Dairy_ProductionSystems_Method1,4,1) -> Feed pad | P47: Solid storage | Q47: {=MMS_Dairy_AtmosphericDeposition_Equations.VEERG_4_3_1_5__2_TotalNitrogenVolatilisedFromMMS(Q26, $E35)} -> 0 | R47: {=MMS_Dairy_AtmosphericDeposition_Equations.VEERG_4_3_1_5__2_TotalNitrogenVolatilisedFromMMS(R26, $E35)} -> 0 | S47: {=MMS_Dairy_AtmosphericDeposition_Equations.VEERG_4_3_1_5__2_TotalNitrogenVolatilisedFromMMS(S26, $E35)} -> 0 | T47: {=MMS_Dairy_AtmosphericDeposition_Equations.VEERG_4_3_1_5__2_TotalNitrogenVolatilisedFromMMS(T26, $E35)} -> 0 | U47: {=MMS_Dairy_AtmosphericDeposition_Equations.VEERG_4_3_1_5__2_TotalNitrogenVolatilisedFromMMS(U26, $E35)} -> 0
D49: MNATMOS | E49: =SUM(F40:J47) -> 1131.3075 | F49: =$E$11 -> kg N | O49: MNATMOS | P49: =SUM(Q40:U47) -> 1131.3075 | Q49: =$E$11 -> kg N
D53: {=MMS_Dairy_AtmosphericDeposition_Equations.VEERG_4_3_1_5__1_AnnualAtmosphericDepositionEmissionsFromMMS_Title()} -> Annual atmospheric deposition emissions from MMS
D54: {=MMS_Dairy_AtmosphericDeposition_Equations.VEERG_4_3_1_5__1_AnnualAtmosphericDepositionEmissionsFromMMS_Source()} -> VEERG 2026: 4.3.1.5, Equation (1)
D55: Function name | E55: =Common_InputFunctions.Utility_DisplayFunctionName(VEERG_4_3_1_5__1_AnnualAtmosphericDepositionEmissionsFromMMS_Result_Method1) -> =MMS_Dairy_AtmosphericDeposition_Equations.VEERG_4_3_1_5__1_AnnualAtmosphericDepositionEmissionsFromMMS
H57: `
D58: Variable | E58: {=MMS_Dairy_AtmosphericDeposition_Equations.VEERG_4_3_1_5__1_AnnualAtmosphericDepositionEmissionsFromMMS_Variable()} -> E_N2OMMSad
D59: Unit | E59: {=MMS_Dairy_AtmosphericDeposition_Equations.VEERG_4_3_1_5__1_AnnualAtmosphericDepositionEmissionsFromMMS_Unit()} -> t N2O
D61: {=_xlfn.CHOOSECOLS(MMS_Dairy_AtmosphericDeposition_Equations.VEERG_4_3_1_5__1_AnnualAtmosphericDepositionEmissionsFromMMS_Arguments(),1,2)} -> MN_ATMOS | E61: mass of N volatilised from MMS | G61: {=_xlfn.CHOOSECOLS(MMS_Dairy_AtmosphericDeposition_Equations.VEERG_4_3_1_5__1_AnnualAtmosphericDepositionEmissionsFromMMS_Arguments(),3,4)} -> kg N | H61: Calculated from 4.3.1.5 (2) | I61: =$E$49 -> 1131.3075 | O61: =D61 -> MN_ATMOS | P61: =E61 -> mass of N volatilised from MMS | R61: =$P$49 -> 1131.3075
D62: EF_N2O | E62: nitrous oxide emission factor for atmospheric deposition | G62: kg N2O-N/kg N | H62: Constant | I62: =Common_InputFunctions.Utility_LookupN2OEFFromProdIrrigationRainfall(I64,I65,I66,Table_SourceData_Common_EFN2O[Production system only],Table_SourceData_Common_EFN2O[Irrigation method],Table_SourceData_Common_EFN2O[Rainfall zone],Table_SourceData_Common_EFN2O[EFN2O]) -> 0.0059
D63: C_N2O | E63: factor to convert elemental mass of N2O to molecular mass | H63: Constant | I63: =Common_InputFunctions.Utility_LookupValueInTableNumber("N2O",Table_GasToMolecularConversionFactor[Gas],Table_GasToMolecularConversionFactor[Conversion factor combined]) -> 1.5714286
D64: j | E64: production system | H64: Input | I64: =X_Cell_Dairy_ManureAppliedProductionSystem -> Pasture
D65: ir | E65: irrigation method | H65: Input | I65: =X_Cell_Dairy_ManureAppliedIrrigationMethod -> Sprinkler irrigation
D66: r | E66: rainfall region | H66: Input | I66: =X_Cell_Site_RainfallZone -> High rainfall
D68: EN2O,MMS,ad | E68: {=MMS_Dairy_AtmosphericDeposition_Equations.VEERG_4_3_1_5__1_AnnualAtmosphericDepositionEmissionsFromMMS($I$61,$I$62,$I$63)} -> 0.010488837 | F68: =$E$59 -> t N2O | O68: EN2O,MMS,ad | P68: {=MMS_Dairy_AtmosphericDeposition_Equations.VEERG_4_3_1_5__1_AnnualAtmosphericDepositionEmissionsFromMMS($R$61,$I$62,$I$63)} -> 0.010488837 | Q68: =$E$59 -> t N2O
D70: {=Common_Equations.Common_ConvertN2OToCO2e_Arguments()} -> EN2O | E70: Nitrous oxide emissions (t N2O) | G70: =VEERG_4_3_1_5__1_AnnualAtmosphericDepositionEmissionsFromMMS_Result_Method1 -> 0.010488837 | O70: {=Common_Equations.Common_ConvertN2OToCO2e_Arguments()} -> EN2O | P70: Nitrous oxide emissions (t N2O) | R70: =VEERG_4_3_1_5__1_AnnualAtmosphericDepositionEmissionsFromMMS_Result_Method2 -> 0.010488837
D71: GWPN2O | E71: Global warming potential for nitrous oxide (t CO2-e / t N2O) | G71: =Common_InputFunctions.Utility_LookupValueInTableNumber("N2O",Table_GWPData[Gas],Table_GWPData[CO2-e factor]) -> 265 | O71: GWPN2O | P71: Global warming potential for nitrous oxide (t CO2-e / t N2O) | R71: =Common_InputFunctions.Utility_LookupValueInTableNumber("N2O",Table_GWPData[Gas],Table_GWPData[CO2-e factor]) -> 265
D73: ECO2e | E73: {=Common_Equations.Common_ConvertN2OToCO2e(G70,G71)} -> 2.7795418 | F73: {=Common_Equations.Common_ConvertN2OToCO2e_Unit()} -> t CO2e | O73: ECO2e | P73: {=Common_Equations.Common_ConvertN2OToCO2e(R70,R71)} -> 2.7795418 | Q73: {=Common_Equations.Common_ConvertN2OToCO2e_Unit()} -> t CO2e

Sheet 4.3.1.6-7 Leaching and runoff
A1: #VALUE! | C1: 4.1.1.6-7 Manure leaching and runoff
A3: =HYPERLINK("#'Home'!A1", "Home") -> Home | D3: Method 1 | O3: Method 2
A4: =HYPERLINK("#'Overview'!A1", "Overview") -> Overview
A5: =HYPERLINK("#'Results'!A1", "Results") -> Results | D5: {=MMS_Dairy_LeachingAndRunoff_Equations.VEERG_4_3_1_6__2_MassOfNitrogenLostToLeachingAndRunoffFromSolidStorage_Title()} -> Mass of nitrogen lost to leaching and runoff from solid storage systems
D6: {=MMS_Dairy_LeachingAndRunoff_Equations.VEERG_4_3_1_6__2_MassOfNitrogenLostToLeachingAndRunoffFromSolidStorage_Source()} -> VEERG 2026: 4.3.1.6, Equation (2)
D7: Function name | E7: {=Common_InputFunctions.Utility_DisplayFunctionName($F$29)} -> =MMS_Dairy_LeachingAndRunoff_Equations.VEERG_4_3_1_6__2_MassOfNitrogenLostToLeachingAndRunoffFromSolidStorage
A8: INPUTS
A9: =HYPERLINK("#'Input - Site'!A1", "Site") -> Site
A10: =HYPERLINK("#'Input - Dairy'!A1", "Dairy") -> Dairy | D10: Variable | E10: {=MMS_Dairy_LeachingAndRunoff_Equations.VEERG_4_3_1_6__2_MassOfNitrogenLostToLeachingAndRunoffFromSolidStorage_Variable()} -> MNLeach_jm4
D11: Unit | E11: {=MMS_Dairy_LeachingAndRunoff_Equations.VEERG_4_3_1_6__2_MassOfNitrogenLostToLeachingAndRunoffFromSolidStorage_Unit()} -> kg N
A13: CALCULATIONS | D13: {=_xlfn.CHOOSECOLS(MMS_Dairy_LeachingAndRunoff_Equations.VEERG_4_3_1_6__2_MassOfNitrogenLostToLeachingAndRunoffFromSolidStorage_Arguments(),1,2)} -> MN_jm4 | E13: total nitrogen in solid storage system m=4 (kg N) | H13: {=_xlfn.CHOOSECOLS(MMS_Dairy_LeachingAndRunoff_Equations.VEERG_4_3_1_6__2_MassOfNitrogenLostToLeachingAndRunoffFromSolidStorage_Arguments(),3,4)} -> kg N | I13: Calculated from 4.3.1.3 (2) | J13: {=HYPERLINK(Common_InputFunctions.Utility_SourceHyperlink($D$20),$D$20)} -> M1_Table_MN_j_m-4
A14: =HYPERLINK("#'4.3.1.1-2 Methane'!A1", "4.3.1.1-2 Methane") -> 4.3.1.1-2 Methane | D14: FracWET_i | E14: fraction of N that is available for leaching and runoff from the leaching zone z and irrigation type ir | H14: fraction | I14: Constant | J14: =Common_InputFunctions.CommonCropping_GetFracWET(J16,J18,#REF!,#REF!,Table_SourceData_FracWETIrrigation[Irrigation type i],Table_SourceData_FracWETIrrigation[FracWET]) -> 1
A15: =HYPERLINK("#'4.3.1.3-4 Direct N20'!A1", "4.3.1.3-4 Direct N20") -> 4.3.1.3-4 Direct N20 | D15: FracLEACH_MS | E15: fraction of N that is lost through leaching and runoff | H15: fraction | I15: Constant | J15: =SourceData_Dairy_FractionOfNitrogenLostThroughLeachingAndRunoffSolidStorage_Data -> 0.02
A16: =HYPERLINK("#'4.3.1.5 Atmos deposition'!A1", "4.3.1.5 Atmos deposition") -> 4.3.1.5 Atmos deposition | D16: z | E16: location in leaching zone | I16: Input | J16: =X_Cell_Site_LeachingZone -> YES - In leaching zone
A17: =HYPERLINK("#'4.3.1.6-7 Leaching and runoff'!A1", "4.3.1.6-7 Leaching and runoff") -> 4.3.1.6-7 Leaching and runoff | D17: j | E17: production system | I17: Input | J17: =X_Cell_Dairy_ManureAppliedProductionSystem -> Pasture
A18: =HYPERLINK("#'4.3.1.8 Manure applied to soils'!A1", "4.3.1.8 Manure applied to soils") -> 4.3.1.8 Manure applied to soils | D18: ir | E18: irrigation method | I18: Input | J18: =X_Cell_Dairy_ManureAppliedIrrigationMethod -> Sprinkler irrigation
A19: =HYPERLINK("#'4.3.1.9 Soil direct N2O'!A1", "4.3.1.9 Soil direct N2O") -> 4.3.1.9 Soil direct N2O
A20: =HYPERLINK("#'4.3.1.10-11 Soil Atmos Dep'!A1", "4.3.1.10-11 Soil Atmos Dep") -> 4.3.1.10-11 Soil Atmos Dep | D20: M1_Table_MN_j_m-4 | O20: M2_Table_MN_j_m-4
A21: =HYPERLINK("#'4.3.1.12-13 Soil leach runoff'!A1", "4.3.1.12-13 Soil leach runoff") -> 4.3.1.12-13 Soil leach runoff | D21: Total nitrogen in solid storage MMS (Method 1) | O21: Total nitrogen in solid storage MMS (Method 2)
D22: Production system | E22: MMS | F22: Milking cows | G22: Heifers > 1 year | H22: Heifers < 1 year | I22: Bulls > 1 year | J22: Bulls < 1 year | O22: Production system | P22: MMS | Q22: Milking cows | R22: Heifers > 1 year | S22: Heifers < 1 year | T22: Bulls > 1 year | U22: Bulls < 1 year
D23: =INDEX(X_Table_Dairy_ProductionSystems_Method1,3,1) -> Milking shed | E23: Solid storage | F23: =INDEX(M1_Table_MN_j_m,5,3) -> 1740.4731 | G23: =INDEX(M1_Table_MN_j_m,5,4) -> 0 | H23: =INDEX(M1_Table_MN_j_m,5,5) -> 0 | I23: =INDEX(M1_Table_MN_j_m,5,6) -> 0 | J23: =INDEX(M1_Table_MN_j_m,5,7) -> 0 | K23: =$H$13 -> kg N | O23: =INDEX(X_Table_Dairy_ProductionSystems_Method1,3,1) -> Milking shed | P23: Solid storage | Q23: =INDEX(M2_Table_MN_j_m,5,3) -> 1740.4731 | R23: =INDEX(M2_Table_MN_j_m,5,4) -> 0 | S23: =INDEX(M2_Table_MN_j_m,5,5) -> 0 | T23: =INDEX(M2_Table_MN_j_m,5,6) -> 0 | U23: =INDEX(M2_Table_MN_j_m,5,7) -> 0 | V23: =$H$13 -> kg N
A24: APPENDICES | D24: =INDEX(X_Table_Dairy_ProductionSystems_Method1,4,1) -> Feed pad | E24: Solid storage | F24: =INDEX(M1_Table_MN_j_m,9,3) -> 0 | G24: =INDEX(M1_Table_MN_j_m,9,4) -> 0 | H24: =INDEX(M1_Table_MN_j_m,9,5) -> 0 | I24: =INDEX(M1_Table_MN_j_m,9,6) -> 0 | J24: =INDEX(M1_Table_MN_j_m,9,7) -> 0 | O24: =INDEX(X_Table_Dairy_ProductionSystems_Method1,4,1) -> Feed pad | P24: Solid storage | Q24: =INDEX(M2_Table_MN_j_m,9,3) -> 0 | R24: =INDEX(M2_Table_MN_j_m,9,4) -> 0 | S24: =INDEX(M2_Table_MN_j_m,9,5) -> 0 | T24: =INDEX(M2_Table_MN_j_m,9,6) -> 0 | U24: =INDEX(M2_Table_MN_j_m,9,7) -> 0
A25: =HYPERLINK("#'Constants - Dairy'!A1", "Constants - Dairy") -> Constants - Dairy
A26: =HYPERLINK("#'Constants - Common'!A1", "Constants - Common") -> Constants - Common | D26: M1_Table_MN_leach_j_m-4 | O26: M2_Table_MN_leach_j_m-4
A27: =HYPERLINK("#'Constants - Livestock'!A1", "Constants - Livestock") -> Constants - Livestock | D27: Mass of N lost to leaching and runoff from solid storage (Method 1) | O27: Mass of N lost to leaching and runoff from solid storage (Method 2)
A28: =HYPERLINK("#'Acknowledgements'!A1", "Acknowledgements") -> Acknowledgements | D28: Production system | E28: MMS | F28: Milking cows | G28: Heifers > 1 year | H28: Heifers < 1 year | I28: Bulls > 1 year | J28: Bulls < 1 year | O28: Production system | P28: MMS | Q28: Milking cows | R28: Heifers > 1 year | S28: Heifers < 1 year | T28: Bulls > 1 year | U28: Bulls < 1 year
A29: =HYPERLINK("#'Tab template'!A1", "Tab template") -> Tab template | D29: =INDEX(X_Table_Dairy_ProductionSystems_Method1,3,1) -> Milking shed | E29: Solid storage | F29: {=MMS_Dairy_LeachingAndRunoff_Equations.VEERG_4_3_1_6__2_MassOfNitrogenLostToLeachingAndRunoffFromSolidStorage(F23,$J$14,$J$15)} -> 34.809463 | G29: {=MMS_Dairy_LeachingAndRunoff_Equations.VEERG_4_3_1_6__2_MassOfNitrogenLostToLeachingAndRunoffFromSolidStorage(G23,$J$14,$J$15)} -> 0 | H29: {=MMS_Dairy_LeachingAndRunoff_Equations.VEERG_4_3_1_6__2_MassOfNitrogenLostToLeachingAndRunoffFromSolidStorage(H23,$J$14,$J$15)} -> 0 | I29: {=MMS_Dairy_LeachingAndRunoff_Equations.VEERG_4_3_1_6__2_MassOfNitrogenLostToLeachingAndRunoffFromSolidStorage(I23,$J$14,$J$15)} -> 0 | J29: {=MMS_Dairy_LeachingAndRunoff_Equations.VEERG_4_3_1_6__2_MassOfNitrogenLostToLeachingAndRunoffFromSolidStorage(J23,$J$14,$J$15)} -> 0 | K29: =$E$11 -> kg N | O29: =INDEX(X_Table_Dairy_ProductionSystems_Method1,3,1) -> Milking shed | P29: Solid storage | Q29: {=MMS_Dairy_LeachingAndRunoff_Equations.VEERG_4_3_1_6__2_MassOfNitrogenLostToLeachingAndRunoffFromSolidStorage(Q23,$J$14,$J$15)} -> 34.809463 | R29: {=MMS_Dairy_LeachingAndRunoff_Equations.VEERG_4_3_1_6__2_MassOfNitrogenLostToLeachingAndRunoffFromSolidStorage(R23,$J$14,$J$15)} -> 0 | S29: {=MMS_Dairy_LeachingAndRunoff_Equations.VEERG_4_3_1_6__2_MassOfNitrogenLostToLeachingAndRunoffFromSolidStorage(S23,$J$14,$J$15)} -> 0 | T29: {=MMS_Dairy_LeachingAndRunoff_Equations.VEERG_4_3_1_6__2_MassOfNitrogenLostToLeachingAndRunoffFromSolidStorage(T23,$J$14,$J$15)} -> 0 | U29: {=MMS_Dairy_LeachingAndRunoff_Equations.VEERG_4_3_1_6__2_MassOfNitrogenLostToLeachingAndRunoffFromSolidStorage(U23,$J$14,$J$15)} -> 0 | V29: =$E$11 -> kg N
D30: =INDEX(X_Table_Dairy_ProductionSystems_Method1,4,1) -> Feed pad | E30: Solid storage | F30: {=MMS_Dairy_LeachingAndRunoff_Equations.VEERG_4_3_1_6__2_MassOfNitrogenLostToLeachingAndRunoffFromSolidStorage(F24,$J$14,$J$15)} -> 0 | G30: {=MMS_Dairy_LeachingAndRunoff_Equations.VEERG_4_3_1_6__2_MassOfNitrogenLostToLeachingAndRunoffFromSolidStorage(G24,$J$14,$J$15)} -> 0 | H30: {=MMS_Dairy_LeachingAndRunoff_Equations.VEERG_4_3_1_6__2_MassOfNitrogenLostToLeachingAndRunoffFromSolidStorage(H24,$J$14,$J$15)} -> 0 | I30: {=MMS_Dairy_LeachingAndRunoff_Equations.VEERG_4_3_1_6__2_MassOfNitrogenLostToLeachingAndRunoffFromSolidStorage(I24,$J$14,$J$15)} -> 0 | J30: {=MMS_Dairy_LeachingAndRunoff_Equations.VEERG_4_3_1_6__2_MassOfNitrogenLostToLeachingAndRunoffFromSolidStorage(J24,$J$14,$J$15)} -> 0 | O30: =INDEX(X_Table_Dairy_ProductionSystems_Method1,4,1) -> Feed pad | P30: Solid storage | Q30: {=MMS_Dairy_LeachingAndRunoff_Equations.VEERG_4_3_1_6__2_MassOfNitrogenLostToLeachingAndRunoffFromSolidStorage(Q24,$J$14,$J$15)} -> 0 | R30: {=MMS_Dairy_LeachingAndRunoff_Equations.VEERG_4_3_1_6__2_MassOfNitrogenLostToLeachingAndRunoffFromSolidStorage(R24,$J$14,$J$15)} -> 0 | S30: {=MMS_Dairy_LeachingAndRunoff_Equations.VEERG_4_3_1_6__2_MassOfNitrogenLostToLeachingAndRunoffFromSolidStorage(S24,$J$14,$J$15)} -> 0 | T30: {=MMS_Dairy_LeachingAndRunoff_Equations.VEERG_4_3_1_6__2_MassOfNitrogenLostToLeachingAndRunoffFromSolidStorage(T24,$J$14,$J$15)} -> 0 | U30: {=MMS_Dairy_LeachingAndRunoff_Equations.VEERG_4_3_1_6__2_MassOfNitrogenLostToLeachingAndRunoffFromSolidStorage(U24,$J$14,$J$15)} -> 0
D34: {=MMS_Dairy_LeachingAndRunoff_Equations.VEERG_4_3_1_6__1_AnnualEmissionsFromLeachingAndRunoffFromMMS_Title()} -> Annual emissions from leaching and runoff from each MMS
D35: {=MMS_Dairy_LeachingAndRunoff_Equations.VEERG_4_3_1_6__1_AnnualEmissionsFromLeachingAndRunoffFromMMS_Source()} -> VEERG 2026: 4.3.1.6, Equation (1)
D36: Function name | E36: {=Common_InputFunctions.Utility_DisplayFunctionName(J49)} -> =MMS_Dairy_LeachingAndRunoff_Equations.VEERG_4_3_1_6__1_AnnualEmissionsFromLeachingAndRunoffFromMMS
D39: Variable | E39: {=MMS_Dairy_LeachingAndRunoff_Equations.VEERG_4_3_1_6__1_AnnualEmissionsFromLeachingAndRunoffFromMMS_Variable()} -> E_N2Oleach | H39: {=MMS_Dairy_LeachingAndRunoff_Equations.VEERG_4_3_1_6__1_AnnualEmissionsFromLeachingAndRunoffFromMMS} -> #VALUE!
D40: Unit | E40: {=MMS_Dairy_LeachingAndRunoff_Equations.VEERG_4_3_1_6__1_AnnualEmissionsFromLeachingAndRunoffFromMMS_Unit()} -> t N2O
D42: {=_xlfn.CHOOSECOLS(MMS_Dairy_LeachingAndRunoff_Equations.VEERG_4_3_1_6__1_AnnualEmissionsFromLeachingAndRunoffFromMMS_Arguments(),1,2)} -> MNLeach_jm | E42: mass of N lost through leaching and runoff | G42: {=_xlfn.CHOOSECOLS(MMS_Dairy_LeachingAndRunoff_Equations.VEERG_4_3_1_6__1_AnnualEmissionsFromLeachingAndRunoffFromMMS_Arguments(),3,4)} -> kg N | H42: Calculated from 4.3.1.6 (2) | I42: {=HYPERLINK(Common_InputFunctions.Utility_SourceHyperlink($D$26),$D$26)} -> M1_Table_MN_leach_j_m-4
D43: EF_leach | E43: nitrous oxide emission factor for leaching and runoff | G43: kg N2O-N/kg N | H43: Constant | I43: =SourceData_Dairy_EmissionFactorForLeachingAndRunoff_Data -> 0.011
D44: C_N2O | E44: factor to convert elemental mass of N2O to molecular mass | H44: Constant | I44: =Common_InputFunctions.Utility_LookupValueInTableNumber("N2O",Table_GasToMolecularConversionFactor[Gas],Table_GasToMolecularConversionFactor[Conversion factor combined]) -> 1.5714286
D46: M1_Table_EF_N2O_leach | O46: M2_Table_EF_N2O_leach
D47: Emissions from leaching and runoff (Method 1) | O47: Emissions from leaching and runoff (Method 2)
D48: Production system | E48: MMS | F48: Milking cows | G48: Heifers > 1 year | H48: Heifers < 1 year | I48: Bulls > 1 year | J48: Bulls < 1 year | O48: Production system | P48: MMS | Q48: Milking cows | R48: Heifers > 1 year | S48: Heifers < 1 year | T48: Bulls > 1 year | U48: Bulls < 1 year
D49: =INDEX(X_Table_Dairy_ProductionSystems_Method1,3,1) -> Milking shed | E49: Solid storage | F49: {=MMS_Dairy_LeachingAndRunoff_Equations.VEERG_4_3_1_6__1_AnnualEmissionsFromLeachingAndRunoffFromMMS(F29,$I$43,$I$44)} -> 0.00060170643 | G49: {=MMS_Dairy_LeachingAndRunoff_Equations.VEERG_4_3_1_6__1_AnnualEmissionsFromLeachingAndRunoffFromMMS(G29,$I$43,$I$44)} -> 0 | H49: {=MMS_Dairy_LeachingAndRunoff_Equations.VEERG_4_3_1_6__1_AnnualEmissionsFromLeachingAndRunoffFromMMS(H29,$I$43,$I$44)} -> 0 | I49: {=MMS_Dairy_LeachingAndRunoff_Equations.VEERG_4_3_1_6__1_AnnualEmissionsFromLeachingAndRunoffFromMMS(I29,$I$43,$I$44)} -> 0 | J49: {=MMS_Dairy_LeachingAndRunoff_Equations.VEERG_4_3_1_6__1_AnnualEmissionsFromLeachingAndRunoffFromMMS(J29,$I$43,$I$44)} -> 0 | K49: =$E$40 -> t N2O | O49: =INDEX(X_Table_Dairy_ProductionSystems_Method1,3,1) -> Milking shed | P49: Solid storage | Q49: {=MMS_Dairy_LeachingAndRunoff_Equations.VEERG_4_3_1_6__1_AnnualEmissionsFromLeachingAndRunoffFromMMS(Q29,$I$43,$I$44)} -> 0.00060170643 | R49: {=MMS_Dairy_LeachingAndRunoff_Equations.VEERG_4_3_1_6__1_AnnualEmissionsFromLeachingAndRunoffFromMMS(R29,$I$43,$I$44)} -> 0 | S49: {=MMS_Dairy_LeachingAndRunoff_Equations.VEERG_4_3_1_6__1_AnnualEmissionsFromLeachingAndRunoffFromMMS(S29,$I$43,$I$44)} -> 0 | T49: {=MMS_Dairy_LeachingAndRunoff_Equations.VEERG_4_3_1_6__1_AnnualEmissionsFromLeachingAndRunoffFromMMS(T29,$I$43,$I$44)} -> 0 | U49: {=MMS_Dairy_LeachingAndRunoff_Equations.VEERG_4_3_1_6__1_AnnualEmissionsFromLeachingAndRunoffFromMMS(U29,$I$43,$I$44)} -> 0 | V49: =$E$40 -> t N2O
D50: =INDEX(X_Table_Dairy_ProductionSystems_Method1,4,1) -> Feed pad | E50: Solid storage | F50: {=MMS_Dairy_LeachingAndRunoff_Equations.VEERG_4_3_1_6__1_AnnualEmissionsFromLeachingAndRunoffFromMMS(F30,$I$43,$I$44)} -> 0 | G50: {=MMS_Dairy_LeachingAndRunoff_Equations.VEERG_4_3_1_6__1_AnnualEmissionsFromLeachingAndRunoffFromMMS(G30,$I$43,$I$44)} -> 0 | H50: {=MMS_Dairy_LeachingAndRunoff_Equations.VEERG_4_3_1_6__1_AnnualEmissionsFromLeachingAndRunoffFromMMS(H30,$I$43,$I$44)} -> 0 | I50: {=MMS_Dairy_LeachingAndRunoff_Equations.VEERG_4_3_1_6__1_AnnualEmissionsFromLeachingAndRunoffFromMMS(I30,$I$43,$I$44)} -> 0 | J50: {=MMS_Dairy_LeachingAndRunoff_Equations.VEERG_4_3_1_6__1_AnnualEmissionsFromLeachingAndRunoffFromMMS(J30,$I$43,$I$44)} -> 0 | O50: =INDEX(X_Table_Dairy_ProductionSystems_Method1,4,1) -> Feed pad | P50: Solid storage | Q50: {=MMS_Dairy_LeachingAndRunoff_Equations.VEERG_4_3_1_6__1_AnnualEmissionsFromLeachingAndRunoffFromMMS(Q30,$I$43,$I$44)} -> 0 | R50: {=MMS_Dairy_LeachingAndRunoff_Equations.VEERG_4_3_1_6__1_AnnualEmissionsFromLeachingAndRunoffFromMMS(R30,$I$43,$I$44)} -> 0 | S50: {=MMS_Dairy_LeachingAndRunoff_Equations.VEERG_4_3_1_6__1_AnnualEmissionsFromLeachingAndRunoffFromMMS(S30,$I$43,$I$44)} -> 0 | T50: {=MMS_Dairy_LeachingAndRunoff_Equations.VEERG_4_3_1_6__1_AnnualEmissionsFromLeachingAndRunoffFromMMS(T30,$I$43,$I$44)} -> 0 | U50: {=MMS_Dairy_LeachingAndRunoff_Equations.VEERG_4_3_1_6__1_AnnualEmissionsFromLeachingAndRunoffFromMMS(U30,$I$43,$I$44)} -> 0
D52: EN2O,MMS,ad | E52: =SUM(F49:J50) -> 0.00060170643 | F52: =$E$40 -> t N2O | O52: EN2O,MMS,ad | P52: =SUM(Q49:U50) -> 0.00060170643 | Q52: =$E$40 -> t N2O
D54: {=Common_Equations.Common_ConvertN2OToCO2e_Arguments()} -> EN2O | E54: Nitrous oxide emissions (t N2O) | G54: =VEERG_4_3_1_6__1_AnnualEmissionsFromLeachingAndRunoffFromMMS_Result_Method1 -> 0.00060170643 | O54: {=Common_Equations.Common_ConvertN2OToCO2e_Arguments()} -> EN2O | P54: Nitrous oxide emissions (t N2O) | R54: =VEERG_4_3_1_6__1_AnnualEmissionsFromLeachingAndRunoffFromMMS_Result_Method2 -> 0.00060170643
D55: GWPN2O | E55: Global warming potential for nitrous oxide (t CO2-e / t N2O) | G55: =Common_InputFunctions.Utility_LookupValueInTableNumber("N2O",Table_GWPData[Gas],Table_GWPData[CO2-e factor]) -> 265 | O55: GWPN2O | P55: Global warming potential for nitrous oxide (t CO2-e / t N2O) | R55: =Common_InputFunctions.Utility_LookupValueInTableNumber("N2O",Table_GWPData[Gas],Table_GWPData[CO2-e factor]) -> 265
D57: ECO2e | E57: {=Common_Equations.Common_ConvertN2OToCO2e(G54,G55)} -> 0.1594522 | F57: {=Common_Equations.Common_ConvertN2OToCO2e_Unit()} -> t CO2e | O57: ECO2e | P57: {=Common_Equations.Common_ConvertN2OToCO2e(R54,R55)} -> 0.1594522 | Q57: {=Common_Equations.Common_ConvertN2OToCO2e_Unit()} -> t CO2e

Sheet 4.3.1.8 Manure applied to soils
A1: #VALUE! | C1: 4.3.1.8 Manure applied to soils
A3: =HYPERLINK("#'Home'!A1", "Home") -> Home | D3: Method 1 | O3: Method 2
A4: =HYPERLINK("#'Overview'!A1", "Overview") -> Overview
A5: =HYPERLINK("#'Results'!A1", "Results") -> Results | D5: {=MMS_Dairy_ManureAppliedToSoils_Equations.VEERG_4_3_1_8__1_MassOfNitrogenAppliedToSoilsScope1_Title()} -> Mass of nitrogen from manure applied to soils for scope 1 emissions
D6: {=MMS_Dairy_ManureAppliedToSoils_Equations.VEERG_4_3_1_8__1_MassOfNitrogenAppliedToSoilsScope1_Source()} -> VEERG 2026: 4.3.1.8, Equation (1)
D7: Function name | E7: {=Common_InputFunctions.Utility_DisplayFunctionName($F$76)} -> =MMS_Dairy_ManureAppliedToSoils_Equations.VEERG_4_3_1_8__1_MassOfNitrogenAppliedToSoilsScope1
A8: INPUTS
A9: =HYPERLINK("#'Input - Site'!A1", "Site") -> Site
A10: =HYPERLINK("#'Input - Dairy'!A1", "Dairy") -> Dairy | D10: Variable | E10: {=MMS_Dairy_ManureAppliedToSoils_Equations.VEERG_4_3_1_8__1_MassOfNitrogenAppliedToSoilsScope1_Variable()} -> MNSoil_scope1
D11: Unit | E11: {=MMS_Dairy_ManureAppliedToSoils_Equations.VEERG_4_3_1_8__1_MassOfNitrogenAppliedToSoilsScope1_Unit()} -> kg N
A13: CALCULATIONS | D13: {=_xlfn.CHOOSECOLS(MMS_Dairy_ManureAppliedToSoils_Equations.VEERG_4_3_1_8__1_MassOfNitrogenAppliedToSoilsScope1_Arguments(),1,2)} -> MN_jm | E13: total nitrogen in each MMS for dairy cattle classes | G13: {=_xlfn.CHOOSECOLS(MMS_Dairy_ManureAppliedToSoils_Equations.VEERG_4_3_1_8__1_MassOfNitrogenAppliedToSoilsScope1_Arguments(),3,4)} -> kg N | H13: Calculated from 4.3.1.3 (2) | I13: {=HYPERLINK(Common_InputFunctions.Utility_SourceHyperlink($D$37),$D$37)} -> M1_Table_MN_j_m
A14: =HYPERLINK("#'4.3.1.1-2 Methane'!A1", "4.3.1.1-2 Methane") -> 4.3.1.1-2 Methane | D14: EF_m | E14: emission factor for nitrous oxide emissions per MMS | G14: kg N2O-N/kg N | H14: Constant | I14: {=HYPERLINK(Common_InputFunctions.Utility_SourceHyperlink($D$19),$D$19)} -> Table_EF_m
A15: =HYPERLINK("#'4.3.1.3-4 Direct N20'!A1", "4.3.1.3-4 Direct N20") -> 4.3.1.3-4 Direct N20 | D15: FracGASM_m | E15: fraction of N volatilised from MMS | G15: fraction | H15: Constant | I15: {=HYPERLINK(Common_InputFunctions.Utility_SourceHyperlink($D$28),$D$28)} -> Table_FracGASM_m
A16: =HYPERLINK("#'4.3.1.5 Atmos deposition'!A1", "4.3.1.5 Atmos deposition") -> 4.3.1.5 Atmos deposition | D16: MNLeach_jm | E16: mass of N lost through leaching and runoff from each MMS | G16: kg N | H16: Calculated from 4.3.1.6 (2) | I16: {=HYPERLINK(Common_InputFunctions.Utility_SourceHyperlink($D$49),$D$49)} -> M1_Table_MN_leach_j_m
A17: =HYPERLINK("#'4.3.1.6-7 Leaching and runoff'!A1", "4.3.1.6-7 Leaching and runoff") -> 4.3.1.6-7 Leaching and runoff | D17: PF_scope | E17: fraction of manure applied to soil within farm boundary | G17: fraction | H17: Input | I17: {=HYPERLINK(Common_InputFunctions.Utility_SourceHyperlink($D$61),$D$61)} -> Table_PF_scope
A18: =HYPERLINK("#'4.3.1.8 Manure applied to soils'!A1", "4.3.1.8 Manure applied to soils") -> 4.3.1.8 Manure applied to soils
A19: =HYPERLINK("#'4.3.1.9 Soil direct N2O'!A1", "4.3.1.9 Soil direct N2O") -> 4.3.1.9 Soil direct N2O | D19: Table_EF_m
A20: =HYPERLINK("#'4.3.1.10-11 Soil Atmos Dep'!A1", "4.3.1.10-11 Soil Atmos Dep") -> 4.3.1.10-11 Soil Atmos Dep | D20: Nitrous oxide EF for each MMS
A21: =HYPERLINK("#'4.3.1.12-13 Soil leach runoff'!A1", "4.3.1.12-13 Soil leach runoff") -> 4.3.1.12-13 Soil leach runoff | D21: MMS | E21: EFm
D22: {=Table_SourceData_Dairy_EFmFracGASM[NIR reference]} -> Pasture range and paddock | E22: {=Table_SourceData_Dairy_EFmFracGASM[EFm]} -> 0
D23: Anaerobic lagoon | E23: 0
A24: APPENDICES | D24: Sump and dispersal system | E24: 0
A25: =HYPERLINK("#'Constants - Dairy'!A1", "Constants - Dairy") -> Constants - Dairy | D25: Drains to paddock | E25: 0
A26: =HYPERLINK("#'Constants - Common'!A1", "Constants - Common") -> Constants - Common | D26: Solid storage | E26: 0.005
A27: =HYPERLINK("#'Constants - Livestock'!A1", "Constants - Livestock") -> Constants - Livestock
A28: =HYPERLINK("#'Acknowledgements'!A1", "Acknowledgements") -> Acknowledgements | D28: Table_FracGASM_m
A29: =HYPERLINK("#'Tab template'!A1", "Tab template") -> Tab template | D29: Fraction N volatilised from each MS
D30: MMS | E30: FracGASMm
D31: {=Table_SourceData_Dairy_EFmFracGASM[NIR reference]} -> Pasture range and paddock | E31: {=Table_SourceData_Dairy_EFmFracGASM[FracGASMm]} -> 0 | F31: ='Constants - Dairy'!$D$84 -> kg N2O-N/kg N excreted
D32: Anaerobic lagoon | E32: 0.35 | F32: ='Constants - Dairy'!$D$84 -> kg N2O-N/kg N excreted
D33: Sump and dispersal system | E33: 0.07 | F33: ='Constants - Dairy'!$D$84 -> kg N2O-N/kg N excreted
D34: Drains to paddock | E34: 0.2 | F34: ='Constants - Dairy'!$D$84 -> kg N2O-N/kg N excreted
D35: Solid storage | E35: 0.3 | F35: ='Constants - Dairy'!$D$84 -> kg N2O-N/kg N excreted
D37: M1_Table_MN_j_m | O37: M2_Table_MN_j_m
D38: Total nitrogen in each MMS (Method 1) | O38: Total nitrogen in each MMS (Method 2)
D39: Production system | E39: MMS | F39: Milking cows | G39: Heifers > 1 year | H39: Heifers < 1 year | I39: Bulls > 1 year | J39: Bulls < 1 year | O39: Production system | P39: MMS | Q39: Milking cows | R39: Heifers > 1 year | S39: Heifers < 1 year | T39: Bulls > 1 year | U39: Bulls < 1 year
D40: =INDEX(X_Table_Dairy_ProductionSystems_Method1,3,1) -> Milking shed | E40: =INDEX(X_Table_Dairy_Stage1MMS_1_AnaerobicLagoon,2,1) -> Anaerobic lagoon | F40: =INDEX(M1_Table_MN_j_m,2,3) -> 1740.4731 | G40: =INDEX(M1_Table_MN_j_m,2,4) -> 0 | H40: =INDEX(M1_Table_MN_j_m,2,5) -> 0 | I40: =INDEX(M1_Table_MN_j_m,2,6) -> 0 | J40: =INDEX(M1_Table_MN_j_m,2,7) -> 0 | K40: =$G$13 -> kg N | O40: =INDEX(X_Table_Dairy_ProductionSystems_Method1,3,1) -> Milking shed | P40: =INDEX(X_Table_Dairy_Stage1MMS_1_AnaerobicLagoon,2,1) -> Anaerobic lagoon | Q40: =INDEX(M2_Table_MN_j_m,2,3) -> 1740.4731 | R40: =INDEX(M2_Table_MN_j_m,2,4) -> 0 | S40: =INDEX(M2_Table_MN_j_m,2,5) -> 0 | T40: =INDEX(M2_Table_MN_j_m,2,6) -> 0 | U40: =INDEX(M2_Table_MN_j_m,2,7) -> 0 | V40: =$G$13 -> kg N
D41: =INDEX(X_Table_Dairy_ProductionSystems_Method1,3,1) -> Milking shed | E41: =INDEX(X_Table_Dairy_Stage1MMS_1_SumpAndDispersal,2,1) -> Sump and dispersal system | F41: =INDEX(M1_Table_MN_j_m,3,3) -> 0 | G41: =INDEX(M1_Table_MN_j_m,3,4) -> 0 | H41: =INDEX(M1_Table_MN_j_m,3,5) -> 0 | I41: =INDEX(M1_Table_MN_j_m,3,6) -> 0 | J41: =INDEX(M1_Table_MN_j_m,3,7) -> 0 | O41: =INDEX(X_Table_Dairy_ProductionSystems_Method1,3,1) -> Milking shed | P41: =INDEX(X_Table_Dairy_Stage1MMS_1_SumpAndDispersal,2,1) -> Sump and dispersal system | Q41: =INDEX(M2_Table_MN_j_m,3,3) -> 0 | R41: =INDEX(M2_Table_MN_j_m,3,4) -> 0 | S41: =INDEX(M2_Table_MN_j_m,3,5) -> 0 | T41: =INDEX(M2_Table_MN_j_m,3,6) -> 0 | U41: =INDEX(M2_Table_MN_j_m,3,7) -> 0
D42: =INDEX(X_Table_Dairy_ProductionSystems_Method1,3,1) -> Milking shed | E42: =INDEX(X_Table_Dairy_Stage1MMS_1_DrainsToPaddock,2,1) -> Drains to paddock | F42: =INDEX(M1_Table_MN_j_m,4,3) -> 0 | G42: =INDEX(M1_Table_MN_j_m,4,4) -> 0 | H42: =INDEX(M1_Table_MN_j_m,4,5) -> 0 | I42: =INDEX(M1_Table_MN_j_m,4,6) -> 0 | J42: =INDEX(M1_Table_MN_j_m,4,7) -> 0 | O42: =INDEX(X_Table_Dairy_ProductionSystems_Method1,3,1) -> Milking shed | P42: =INDEX(X_Table_Dairy_Stage1MMS_1_DrainsToPaddock,2,1) -> Drains to paddock | Q42: =INDEX(M2_Table_MN_j_m,4,3) -> 0 | R42: =INDEX(M2_Table_MN_j_m,4,4) -> 0 | S42: =INDEX(M2_Table_MN_j_m,4,5) -> 0 | T42: =INDEX(M2_Table_MN_j_m,4,6) -> 0 | U42: =INDEX(M2_Table_MN_j_m,4,7) -> 0
D43: =INDEX(X_Table_Dairy_ProductionSystems_Method1,3,1) -> Milking shed | E43: Solid storage | F43: =INDEX(M1_Table_MN_j_m,5,3) -> 1740.4731 | G43: =INDEX(M1_Table_MN_j_m,5,4) -> 0 | H43: =INDEX(M1_Table_MN_j_m,5,5) -> 0 | I43: =INDEX(M1_Table_MN_j_m,5,6) -> 0 | J43: =INDEX(M1_Table_MN_j_m,5,7) -> 0 | O43: =INDEX(X_Table_Dairy_ProductionSystems_Method1,3,1) -> Milking shed | P43: Solid storage | Q43: =INDEX(M2_Table_MN_j_m,5,3) -> 1740.4731 | R43: =INDEX(M2_Table_MN_j_m,5,4) -> 0 | S43: =INDEX(M2_Table_MN_j_m,5,5) -> 0 | T43: =INDEX(M2_Table_MN_j_m,5,6) -> 0 | U43: =INDEX(M2_Table_MN_j_m,5,7) -> 0
D44: =INDEX(X_Table_Dairy_ProductionSystems_Method1,4,1) -> Feed pad | E44: =INDEX(X_Table_Dairy_Stage1MMS_2_AnaerobicLagoon,2,1) -> Anaerobic lagoon | F44: =INDEX(M1_Table_MN_j_m,6,3) -> 0 | G44: =INDEX(M1_Table_MN_j_m,6,4) -> 0 | H44: =INDEX(M1_Table_MN_j_m,6,5) -> 0 | I44: =INDEX(M1_Table_MN_j_m,6,6) -> 0 | J44: =INDEX(M1_Table_MN_j_m,6,7) -> 0 | O44: =INDEX(X_Table_Dairy_ProductionSystems_Method1,4,1) -> Feed pad | P44: =INDEX(X_Table_Dairy_Stage1MMS_2_AnaerobicLagoon,2,1) -> Anaerobic lagoon | Q44: =INDEX(M2_Table_MN_j_m,6,3) -> 0 | R44: =INDEX(M2_Table_MN_j_m,6,4) -> 0 | S44: =INDEX(M2_Table_MN_j_m,6,5) -> 0 | T44: =INDEX(M2_Table_MN_j_m,6,6) -> 0 | U44: =INDEX(M2_Table_MN_j_m,6,7) -> 0
D45: =INDEX(X_Table_Dairy_ProductionSystems_Method1,4,1) -> Feed pad | E45: =INDEX(X_Table_Dairy_Stage1MMS_2_SumpAndDispersal,2,1) -> Sump and dispersal system | F45: =INDEX(M1_Table_MN_j_m,7,3) -> 0 | G45: =INDEX(M1_Table_MN_j_m,7,4) -> 0 | H45: =INDEX(M1_Table_MN_j_m,7,5) -> 0 | I45: =INDEX(M1_Table_MN_j_m,7,6) -> 0 | J45: =INDEX(M1_Table_MN_j_m,7,7) -> 0 | O45: =INDEX(X_Table_Dairy_ProductionSystems_Method1,4,1) -> Feed pad | P45: =INDEX(X_Table_Dairy_Stage1MMS_2_SumpAndDispersal,2,1) -> Sump and dispersal system | Q45: =INDEX(M2_Table_MN_j_m,7,3) -> 0 | R45: =INDEX(M2_Table_MN_j_m,7,4) -> 0 | S45: =INDEX(M2_Table_MN_j_m,7,5) -> 0 | T45: =INDEX(M2_Table_MN_j_m,7,6) -> 0 | U45: =INDEX(M2_Table_MN_j_m,7,7) -> 0
D46: =INDEX(X_Table_Dairy_ProductionSystems_Method1,4,1) -> Feed pad | E46: =INDEX(X_Table_Dairy_Stage1MMS_2_DrainsToPaddock,2,1) -> Drains to paddock | F46: =INDEX(M1_Table_MN_j_m,8,3) -> 0 | G46: =INDEX(M1_Table_MN_j_m,8,4) -> 0 | H46: =INDEX(M1_Table_MN_j_m,8,5) -> 0 | I46: =INDEX(M1_Table_MN_j_m,8,6) -> 0 | J46: =INDEX(M1_Table_MN_j_m,8,7) -> 0 | O46: =INDEX(X_Table_Dairy_ProductionSystems_Method1,4,1) -> Feed pad | P46: =INDEX(X_Table_Dairy_Stage1MMS_2_DrainsToPaddock,2,1) -> Drains to paddock | Q46: =INDEX(M2_Table_MN_j_m,8,3) -> 0 | R46: =INDEX(M2_Table_MN_j_m,8,4) -> 0 | S46: =INDEX(M2_Table_MN_j_m,8,5) -> 0 | T46: =INDEX(M2_Table_MN_j_m,8,6) -> 0 | U46: =INDEX(M2_Table_MN_j_m,8,7) -> 0
D47: =INDEX(X_Table_Dairy_ProductionSystems_Method1,4,1) -> Feed pad | E47: Solid storage | F47: =INDEX(M1_Table_MN_j_m,9,3) -> 0 | G47: =INDEX(M1_Table_MN_j_m,9,4) -> 0 | H47: =INDEX(M1_Table_MN_j_m,9,5) -> 0 | I47: =INDEX(M1_Table_MN_j_m,9,6) -> 0 | J47: =INDEX(M1_Table_MN_j_m,9,7) -> 0 | O47: =INDEX(X_Table_Dairy_ProductionSystems_Method1,4,1) -> Feed pad | P47: Solid storage | Q47: =INDEX(M2_Table_MN_j_m,9,3) -> 0 | R47: =INDEX(M2_Table_MN_j_m,9,4) -> 0 | S47: =INDEX(M2_Table_MN_j_m,9,5) -> 0 | T47: =INDEX(M2_Table_MN_j_m,9,6) -> 0 | U47: =INDEX(M2_Table_MN_j_m,9,7) -> 0
D49: M1_Table_MN_leach_j_m | O49: M2_Table_MN_leach_j_m
D50: Mass of N lost to leaching and runoff from MMS (Method 1) | O50: Mass of N lost to leaching and runoff from MMS (Method 2)
D51: Production system | E51: MMS | F51: Milking cows | G51: Heifers > 1 year | H51: Heifers < 1 year | I51: Bulls > 1 year | J51: Bulls < 1 year | O51: Production system | P51: MMS | Q51: Milking cows | R51: Heifers > 1 year | S51: Heifers < 1 year | T51: Bulls > 1 year | U51: Bulls < 1 year
D52: =INDEX(X_Table_Dairy_ProductionSystems_Method1,3,1) -> Milking shed | E52: =INDEX(X_Table_Dairy_Stage1MMS_1_AnaerobicLagoon,2,1) -> Anaerobic lagoon | F52: 0 | G52: 0 | H52: 0 | I52: 0 | J52: 0 | K52: =$G$16 -> kg N | O52: =INDEX(X_Table_Dairy_ProductionSystems_Method1,3,1) -> Milking shed | P52: =INDEX(X_Table_Dairy_Stage1MMS_1_AnaerobicLagoon,2,1) -> Anaerobic lagoon | Q52: 0 | R52: 0 | S52: 0 | T52: 0 | U52: 0 | V52: =$G$16 -> kg N
D53: =INDEX(X_Table_Dairy_ProductionSystems_Method1,3,1) -> Milking shed | E53: =INDEX(X_Table_Dairy_Stage1MMS_1_SumpAndDispersal,2,1) -> Sump and dispersal system | F53: 0 | G53: 0 | H53: 0 | I53: 0 | J53: 0 | O53: =INDEX(X_Table_Dairy_ProductionSystems_Method1,3,1) -> Milking shed | P53: =INDEX(X_Table_Dairy_Stage1MMS_1_SumpAndDispersal,2,1) -> Sump and dispersal system | Q53: 0 | R53: 0 | S53: 0 | T53: 0 | U53: 0
D54: =INDEX(X_Table_Dairy_ProductionSystems_Method1,3,1) -> Milking shed | E54: =INDEX(X_Table_Dairy_Stage1MMS_1_DrainsToPaddock,2,1) -> Drains to paddock | F54: 0 | G54: 0 | H54: 0 | I54: 0 | J54: 0 | O54: =INDEX(X_Table_Dairy_ProductionSystems_Method1,3,1) -> Milking shed | P54: =INDEX(X_Table_Dairy_Stage1MMS_1_DrainsToPaddock,2,1) -> Drains to paddock | Q54: 0 | R54: 0 | S54: 0 | T54: 0 | U54: 0
D55: =INDEX(X_Table_Dairy_ProductionSystems_Method1,3,1) -> Milking shed | E55: Solid storage | F55: =INDEX(M1_Table_MN_leach_j_m4,2,3) -> 34.809463 | G55: =INDEX(M1_Table_MN_leach_j_m4,2,4) -> 0 | H55: =INDEX(M1_Table_MN_leach_j_m4,2,5) -> 0 | I55: =INDEX(M1_Table_MN_leach_j_m4,2,6) -> 0 | J55: =INDEX(M1_Table_MN_leach_j_m4,2,7) -> 0 | O55: =INDEX(X_Table_Dairy_ProductionSystems_Method1,3,1) -> Milking shed | P55: Solid storage | Q55: =INDEX(M2_Table_MN_leach_j_m4,2,3) -> 34.809463 | R55: =INDEX(M2_Table_MN_leach_j_m4,2,4) -> 0 | S55: =INDEX(M2_Table_MN_leach_j_m4,2,5) -> 0 | T55: =INDEX(M2_Table_MN_leach_j_m4,2,6) -> 0 | U55: =INDEX(M2_Table_MN_leach_j_m4,2,7) -> 0
D56: =INDEX(X_Table_Dairy_ProductionSystems_Method1,4,1) -> Feed pad | E56: =INDEX(X_Table_Dairy_Stage1MMS_2_AnaerobicLagoon,2,1) -> Anaerobic lagoon | F56: 0 | G56: 0 | H56: 0 | I56: 0 | J56: 0 | O56: =INDEX(X_Table_Dairy_ProductionSystems_Method1,4,1) -> Feed pad | P56: =INDEX(X_Table_Dairy_Stage1MMS_2_AnaerobicLagoon,2,1) -> Anaerobic lagoon | Q56: 0 | R56: 0 | S56: 0 | T56: 0 | U56: 0
D57: =INDEX(X_Table_Dairy_ProductionSystems_Method1,4,1) -> Feed pad | E57: =INDEX(X_Table_Dairy_Stage1MMS_2_SumpAndDispersal,2,1) -> Sump and dispersal system | F57: 0 | G57: 0 | H57: 0 | I57: 0 | J57: 0 | O57: =INDEX(X_Table_Dairy_ProductionSystems_Method1,4,1) -> Feed pad | P57: =INDEX(X_Table_Dairy_Stage1MMS_2_SumpAndDispersal,2,1) -> Sump and dispersal system | Q57: 0 | R57: 0 | S57: 0 | T57: 0 | U57: 0
D58: =INDEX(X_Table_Dairy_ProductionSystems_Method1,4,1) -> Feed pad | E58: =INDEX(X_Table_Dairy_Stage1MMS_2_DrainsToPaddock,2,1) -> Drains to paddock | F58: 0 | G58: 0 | H58: 0 | I58: 0 | J58: 0 | O58: =INDEX(X_Table_Dairy_ProductionSystems_Method1,4,1) -> Feed pad | P58: =INDEX(X_Table_Dairy_Stage1MMS_2_DrainsToPaddock,2,1) -> Drains to paddock | Q58: 0 | R58: 0 | S58: 0 | T58: 0 | U58: 0
D59: =INDEX(X_Table_Dairy_ProductionSystems_Method1,4,1) -> Feed pad | E59: Solid storage | F59: =INDEX(M1_Table_MN_leach_j_m4,3,3) -> 0 | G59: =INDEX(M1_Table_MN_leach_j_m4,3,4) -> 0 | H59: =INDEX(M1_Table_MN_leach_j_m4,3,5) -> 0 | I59: =INDEX(M1_Table_MN_leach_j_m4,3,6) -> 0 | J59: =INDEX(M1_Table_MN_leach_j_m4,3,7) -> 0 | O59: =INDEX(X_Table_Dairy_ProductionSystems_Method1,4,1) -> Feed pad | P59: Solid storage | Q59: =INDEX(M2_Table_MN_leach_j_m4,3,3) -> 0 | R59: =INDEX(M2_Table_MN_leach_j_m4,3,4) -> 0 | S59: =INDEX(M2_Table_MN_leach_j_m4,3,5) -> 0 | T59: =INDEX(M2_Table_MN_leach_j_m4,3,6) -> 0 | U59: =INDEX(M2_Table_MN_leach_j_m4,3,7) -> 0
D61: Table_PF_scope
D62: Fraction of manure applied to soils within farm boundary
D63: Production system | E63: MMS | F63: PF_scope
D64: =INDEX(X_Table_Dairy_ProductionSystems_Method1,3,1) -> Milking shed | E64: =INDEX(X_Table_Dairy_Stage1MMS_1_AnaerobicLagoon,2,1) -> Anaerobic lagoon | F64: =SUM(OFFSET(X_Table_Dairy_Stage1MMS_1_AnaerobicLagoon_Destinations,1,2,1,2)) -> 1 | G64: =$G$17 -> fraction
D65: =INDEX(X_Table_Dairy_ProductionSystems_Method1,3,1) -> Milking shed | E65: =INDEX(X_Table_Dairy_Stage1MMS_1_SumpAndDispersal,2,1) -> Sump and dispersal system | F65: =SUM(OFFSET(X_Table_Dairy_Stage1MMS_1_SumpAndDispersal_Destinations,1,2,1,2)) -> 1
D66: =INDEX(X_Table_Dairy_ProductionSystems_Method1,3,1) -> Milking shed | E66: =INDEX(X_Table_Dairy_Stage1MMS_1_DrainsToPaddock,2,1) -> Drains to paddock | F66: =SUM(OFFSET(X_Table_Dairy_Stage1MMS_1_DrainsToPaddock_Destinations,1,2,1,2)) -> 1
D67: =INDEX(X_Table_Dairy_ProductionSystems_Method1,3,1) -> Milking shed | E67: =INDEX(X_Table_Dairy_Stage1MMS_1_SolidStorage,2,1) -> Solid storage (before solid separation) | F67: =SUM(OFFSET(X_Table_Dairy_Stage1MMS_1_SolidStorage_Destinations,1,2,1,2)) -> 1
D68: =INDEX(X_Table_Dairy_ProductionSystems_Method1,4,1) -> Feed pad | E68: =INDEX(X_Table_Dairy_Stage1MMS_2_AnaerobicLagoon,2,1) -> Anaerobic lagoon | F68: =SUM(OFFSET(X_Table_Dairy_Stage1MMS_2_AnaerobicLagoon_Destinations,1,2,1,2)) -> 1
D69: =INDEX(X_Table_Dairy_ProductionSystems_Method1,4,1) -> Feed pad | E69: =INDEX(X_Table_Dairy_Stage1MMS_2_SumpAndDispersal,2,1) -> Sump and dispersal system | F69: =SUM(OFFSET(X_Table_Dairy_Stage1MMS_2_SumpAndDispersal_Destinations,1,2,1,2)) -> 1
D70: =INDEX(X_Table_Dairy_ProductionSystems_Method1,4,1) -> Feed pad | E70: =INDEX(X_Table_Dairy_Stage1MMS_2_DrainsToPaddock,2,1) -> Drains to paddock | F70: =SUM(OFFSET(X_Table_Dairy_Stage1MMS_2_DrainsToPaddock_Destinations,1,2,1,2)) -> 1
D71: =INDEX(X_Table_Dairy_ProductionSystems_Method1,4,1) -> Feed pad | E71: =INDEX(X_Table_Dairy_Stage1MMS_2_SolidStorage,2,1) -> Solid storage (before solid separation) | F71: =SUM(OFFSET(X_Table_Dairy_Stage1MMS_2_SolidStorage_Destinations,1,2,1,2)) -> 1
D73: M1_Table_MN_soil_scope1 | O73: M2_Table_MN_soil_scope1
D74: Mass of nitrogen from manure applied to soils for scope 1 emissions (Method 1) | O74: Mass of nitrogen from manure applied to soils for scope 1 emissions (Method 2)
D75: Production system | E75: MMS | F75: Milking cows | G75: Heifers > 1 year | H75: Heifers < 1 year | I75: Bulls > 1 year | J75: Bulls < 1 year | O75: Production system | P75: MMS | Q75: Milking cows | R75: Heifers > 1 year | S75: Heifers < 1 year | T75: Bulls > 1 year | U75: Bulls < 1 year
D76: =INDEX(X_Table_Dairy_ProductionSystems_Method1,3,1) -> Milking shed | E76: =INDEX(X_Table_Dairy_Stage1MMS_1_AnaerobicLagoon,2,1) -> Anaerobic lagoon | F76: {=MMS_Dairy_ManureAppliedToSoils_Equations.VEERG_4_3_1_8__1_MassOfNitrogenAppliedToSoilsScope1(F40,_xlfn.XLOOKUP($E76,$D$22:$D$26,$E$22:$E$26),_xlfn.XLOOKUP($E76, $D$31:$D$35,$E$31:$E$35),F52,$F64)} -> 1131.3075 | G76: {=MMS_Dairy_ManureAppliedToSoils_Equations.VEERG_4_3_1_8__1_MassOfNitrogenAppliedToSoilsScope1(G40,_xlfn.XLOOKUP($E76,$D$22:$D$26,$E$22:$E$26),_xlfn.XLOOKUP($E76, $D$31:$D$35,$E$31:$E$35),G52,$F64)} -> 0 | H76: {=MMS_Dairy_ManureAppliedToSoils_Equations.VEERG_4_3_1_8__1_MassOfNitrogenAppliedToSoilsScope1(H40,_xlfn.XLOOKUP($E76,$D$22:$D$26,$E$22:$E$26),_xlfn.XLOOKUP($E76, $D$31:$D$35,$E$31:$E$35),H52,$F64)} -> 0 | I76: {=MMS_Dairy_ManureAppliedToSoils_Equations.VEERG_4_3_1_8__1_MassOfNitrogenAppliedToSoilsScope1(I40,_xlfn.XLOOKUP($E76,$D$22:$D$26,$E$22:$E$26),_xlfn.XLOOKUP($E76, $D$31:$D$35,$E$31:$E$35),I52,$F64)} -> 0 | J76: {=MMS_Dairy_ManureAppliedToSoils_Equations.VEERG_4_3_1_8__1_MassOfNitrogenAppliedToSoilsScope1(J40,_xlfn.XLOOKUP($E76,$D$22:$D$26,$E$22:$E$26),_xlfn.XLOOKUP($E76, $D$31:$D$35,$E$31:$E$35),J52,$F64)} -> 0 | K76: =$E$11 -> kg N | O76: =INDEX(X_Table_Dairy_ProductionSystems_Method1,3,1) -> Milking shed | P76: =INDEX(X_Table_Dairy_Stage1MMS_1_AnaerobicLagoon,2,1) -> Anaerobic lagoon | Q76: {=MMS_Dairy_ManureAppliedToSoils_Equations.VEERG_4_3_1_8__1_MassOfNitrogenAppliedToSoilsScope1(Q40,_xlfn.XLOOKUP($P76,$D$22:$D$26,$E$22:$E$26),_xlfn.XLOOKUP($P76, $D$31:$D$35,$E$31:$E$35),Q52,$F64)} -> 1131.3075 | R76: {=MMS_Dairy_ManureAppliedToSoils_Equations.VEERG_4_3_1_8__1_MassOfNitrogenAppliedToSoilsScope1(R40,_xlfn.XLOOKUP($P76,$D$22:$D$26,$E$22:$E$26),_xlfn.XLOOKUP($P76, $D$31:$D$35,$E$31:$E$35),R52,$F64)} -> 0 | S76: {=MMS_Dairy_ManureAppliedToSoils_Equations.VEERG_4_3_1_8__1_MassOfNitrogenAppliedToSoilsScope1(S40,_xlfn.XLOOKUP($P76,$D$22:$D$26,$E$22:$E$26),_xlfn.XLOOKUP($P76, $D$31:$D$35,$E$31:$E$35),S52,$F64)} -> 0 | T76: {=MMS_Dairy_ManureAppliedToSoils_Equations.VEERG_4_3_1_8__1_MassOfNitrogenAppliedToSoilsScope1(T40,_xlfn.XLOOKUP($P76,$D$22:$D$26,$E$22:$E$26),_xlfn.XLOOKUP($P76, $D$31:$D$35,$E$31:$E$35),T52,$F64)} -> 0 | U76: {=MMS_Dairy_ManureAppliedToSoils_Equations.VEERG_4_3_1_8__1_MassOfNitrogenAppliedToSoilsScope1(U40,_xlfn.XLOOKUP($P76,$D$22:$D$26,$E$22:$E$26),_xlfn.XLOOKUP($P76, $D$31:$D$35,$E$31:$E$35),U52,$F64)} -> 0 | V76: =$E$11 -> kg N
D77: =INDEX(X_Table_Dairy_ProductionSystems_Method1,3,1) -> Milking shed | E77: =INDEX(X_Table_Dairy_Stage1MMS_1_SumpAndDispersal,2,1) -> Sump and dispersal system | F77: {=MMS_Dairy_ManureAppliedToSoils_Equations.VEERG_4_3_1_8__1_MassOfNitrogenAppliedToSoilsScope1(F41,_xlfn.XLOOKUP($E77,$D$22:$D$26,$E$22:$E$26),_xlfn.XLOOKUP($E77, $D$31:$D$35,$E$31:$E$35),F53,$F65)} -> 0 | G77: {=MMS_Dairy_ManureAppliedToSoils_Equations.VEERG_4_3_1_8__1_MassOfNitrogenAppliedToSoilsScope1(G41,_xlfn.XLOOKUP($E77,$D$22:$D$26,$E$22:$E$26),_xlfn.XLOOKUP($E77, $D$31:$D$35,$E$31:$E$35),G53,$F65)} -> 0 | H77: {=MMS_Dairy_ManureAppliedToSoils_Equations.VEERG_4_3_1_8__1_MassOfNitrogenAppliedToSoilsScope1(H41,_xlfn.XLOOKUP($E77,$D$22:$D$26,$E$22:$E$26),_xlfn.XLOOKUP($E77, $D$31:$D$35,$E$31:$E$35),H53,$F65)} -> 0 | I77: {=MMS_Dairy_ManureAppliedToSoils_Equations.VEERG_4_3_1_8__1_MassOfNitrogenAppliedToSoilsScope1(I41,_xlfn.XLOOKUP($E77,$D$22:$D$26,$E$22:$E$26),_xlfn.XLOOKUP($E77, $D$31:$D$35,$E$31:$E$35),I53,$F65)} -> 0 | J77: {=MMS_Dairy_ManureAppliedToSoils_Equations.VEERG_4_3_1_8__1_MassOfNitrogenAppliedToSoilsScope1(J41,_xlfn.XLOOKUP($E77,$D$22:$D$26,$E$22:$E$26),_xlfn.XLOOKUP($E77, $D$31:$D$35,$E$31:$E$35),J53,$F65)} -> 0 | O77: =INDEX(X_Table_Dairy_ProductionSystems_Method1,3,1) -> Milking shed | P77: =INDEX(X_Table_Dairy_Stage1MMS_1_SumpAndDispersal,2,1) -> Sump and dispersal system | Q77: {=MMS_Dairy_ManureAppliedToSoils_Equations.VEERG_4_3_1_8__1_MassOfNitrogenAppliedToSoilsScope1(Q41,_xlfn.XLOOKUP($P77,$D$22:$D$26,$E$22:$E$26),_xlfn.XLOOKUP($P77, $D$31:$D$35,$E$31:$E$35),Q53,$F65)} -> 0 | R77: {=MMS_Dairy_ManureAppliedToSoils_Equations.VEERG_4_3_1_8__1_MassOfNitrogenAppliedToSoilsScope1(R41,_xlfn.XLOOKUP($P77,$D$22:$D$26,$E$22:$E$26),_xlfn.XLOOKUP($P77, $D$31:$D$35,$E$31:$E$35),R53,$F65)} -> 0 | S77: {=MMS_Dairy_ManureAppliedToSoils_Equations.VEERG_4_3_1_8__1_MassOfNitrogenAppliedToSoilsScope1(S41,_xlfn.XLOOKUP($P77,$D$22:$D$26,$E$22:$E$26),_xlfn.XLOOKUP($P77, $D$31:$D$35,$E$31:$E$35),S53,$F65)} -> 0 | T77: {=MMS_Dairy_ManureAppliedToSoils_Equations.VEERG_4_3_1_8__1_MassOfNitrogenAppliedToSoilsScope1(T41,_xlfn.XLOOKUP($P77,$D$22:$D$26,$E$22:$E$26),_xlfn.XLOOKUP($P77, $D$31:$D$35,$E$31:$E$35),T53,$F65)} -> 0 | U77: {=MMS_Dairy_ManureAppliedToSoils_Equations.VEERG_4_3_1_8__1_MassOfNitrogenAppliedToSoilsScope1(U41,_xlfn.XLOOKUP($P77,$D$22:$D$26,$E$22:$E$26),_xlfn.XLOOKUP($P77, $D$31:$D$35,$E$31:$E$35),U53,$F65)} -> 0
D78: =INDEX(X_Table_Dairy_ProductionSystems_Method1,3,1) -> Milking shed | E78: =INDEX(X_Table_Dairy_Stage1MMS_1_DrainsToPaddock,2,1) -> Drains to paddock | F78: {=MMS_Dairy_ManureAppliedToSoils_Equations.VEERG_4_3_1_8__1_MassOfNitrogenAppliedToSoilsScope1(F42,_xlfn.XLOOKUP($E78,$D$22:$D$26,$E$22:$E$26),_xlfn.XLOOKUP($E78, $D$31:$D$35,$E$31:$E$35),F54,$F66)} -> 0 | G78: {=MMS_Dairy_ManureAppliedToSoils_Equations.VEERG_4_3_1_8__1_MassOfNitrogenAppliedToSoilsScope1(G42,_xlfn.XLOOKUP($E78,$D$22:$D$26,$E$22:$E$26),_xlfn.XLOOKUP($E78, $D$31:$D$35,$E$31:$E$35),G54,$F66)} -> 0 | H78: {=MMS_Dairy_ManureAppliedToSoils_Equations.VEERG_4_3_1_8__1_MassOfNitrogenAppliedToSoilsScope1(H42,_xlfn.XLOOKUP($E78,$D$22:$D$26,$E$22:$E$26),_xlfn.XLOOKUP($E78, $D$31:$D$35,$E$31:$E$35),H54,$F66)} -> 0 | I78: {=MMS_Dairy_ManureAppliedToSoils_Equations.VEERG_4_3_1_8__1_MassOfNitrogenAppliedToSoilsScope1(I42,_xlfn.XLOOKUP($E78,$D$22:$D$26,$E$22:$E$26),_xlfn.XLOOKUP($E78, $D$31:$D$35,$E$31:$E$35),I54,$F66)} -> 0 | J78: {=MMS_Dairy_ManureAppliedToSoils_Equations.VEERG_4_3_1_8__1_MassOfNitrogenAppliedToSoilsScope1(J42,_xlfn.XLOOKUP($E78,$D$22:$D$26,$E$22:$E$26),_xlfn.XLOOKUP($E78, $D$31:$D$35,$E$31:$E$35),J54,$F66)} -> 0 | O78: =INDEX(X_Table_Dairy_ProductionSystems_Method1,3,1) -> Milking shed | P78: =INDEX(X_Table_Dairy_Stage1MMS_1_DrainsToPaddock,2,1) -> Drains to paddock | Q78: {=MMS_Dairy_ManureAppliedToSoils_Equations.VEERG_4_3_1_8__1_MassOfNitrogenAppliedToSoilsScope1(Q42,_xlfn.XLOOKUP($P78,$D$22:$D$26,$E$22:$E$26),_xlfn.XLOOKUP($P78, $D$31:$D$35,$E$31:$E$35),Q54,$F66)} -> 0 | R78: {=MMS_Dairy_ManureAppliedToSoils_Equations.VEERG_4_3_1_8__1_MassOfNitrogenAppliedToSoilsScope1(R42,_xlfn.XLOOKUP($P78,$D$22:$D$26,$E$22:$E$26),_xlfn.XLOOKUP($P78, $D$31:$D$35,$E$31:$E$35),R54,$F66)} -> 0 | S78: {=MMS_Dairy_ManureAppliedToSoils_Equations.VEERG_4_3_1_8__1_MassOfNitrogenAppliedToSoilsScope1(S42,_xlfn.XLOOKUP($P78,$D$22:$D$26,$E$22:$E$26),_xlfn.XLOOKUP($P78, $D$31:$D$35,$E$31:$E$35),S54,$F66)} -> 0 | T78: {=MMS_Dairy_ManureAppliedToSoils_Equations.VEERG_4_3_1_8__1_MassOfNitrogenAppliedToSoilsScope1(T42,_xlfn.XLOOKUP($P78,$D$22:$D$26,$E$22:$E$26),_xlfn.XLOOKUP($P78, $D$31:$D$35,$E$31:$E$35),T54,$F66)} -> 0 | U78: {=MMS_Dairy_ManureAppliedToSoils_Equations.VEERG_4_3_1_8__1_MassOfNitrogenAppliedToSoilsScope1(U42,_xlfn.XLOOKUP($P78,$D$22:$D$26,$E$22:$E$26),_xlfn.XLOOKUP($P78, $D$31:$D$35,$E$31:$E$35),U54,$F66)} -> 0
D79: =INDEX(X_Table_Dairy_ProductionSystems_Method1,3,1) -> Milking shed | E79: Solid storage | F79: {=MMS_Dairy_ManureAppliedToSoils_Equations.VEERG_4_3_1_8__1_MassOfNitrogenAppliedToSoilsScope1(F43,_xlfn.XLOOKUP($E79,$D$22:$D$26,$E$22:$E$26),_xlfn.XLOOKUP($E79, $D$31:$D$35,$E$31:$E$35),F55,$F67)} -> 1174.8194 | G79: {=MMS_Dairy_ManureAppliedToSoils_Equations.VEERG_4_3_1_8__1_MassOfNitrogenAppliedToSoilsScope1(G43,_xlfn.XLOOKUP($E79,$D$22:$D$26,$E$22:$E$26),_xlfn.XLOOKUP($E79, $D$31:$D$35,$E$31:$E$35),G55,$F67)} -> 0 | H79: {=MMS_Dairy_ManureAppliedToSoils_Equations.VEERG_4_3_1_8__1_MassOfNitrogenAppliedToSoilsScope1(H43,_xlfn.XLOOKUP($E79,$D$22:$D$26,$E$22:$E$26),_xlfn.XLOOKUP($E79, $D$31:$D$35,$E$31:$E$35),H55,$F67)} -> 0 | I79: {=MMS_Dairy_ManureAppliedToSoils_Equations.VEERG_4_3_1_8__1_MassOfNitrogenAppliedToSoilsScope1(I43,_xlfn.XLOOKUP($E79,$D$22:$D$26,$E$22:$E$26),_xlfn.XLOOKUP($E79, $D$31:$D$35,$E$31:$E$35),I55,$F67)} -> 0 | J79: {=MMS_Dairy_ManureAppliedToSoils_Equations.VEERG_4_3_1_8__1_MassOfNitrogenAppliedToSoilsScope1(J43,_xlfn.XLOOKUP($E79,$D$22:$D$26,$E$22:$E$26),_xlfn.XLOOKUP($E79, $D$31:$D$35,$E$31:$E$35),J55,$F67)} -> 0 | O79: =INDEX(X_Table_Dairy_ProductionSystems_Method1,3,1) -> Milking shed | P79: Solid storage | Q79: {=MMS_Dairy_ManureAppliedToSoils_Equations.VEERG_4_3_1_8__1_MassOfNitrogenAppliedToSoilsScope1(Q43,_xlfn.XLOOKUP($P79,$D$22:$D$26,$E$22:$E$26),_xlfn.XLOOKUP($P79, $D$31:$D$35,$E$31:$E$35),Q55,$F67)} -> 1174.8194 | R79: {=MMS_Dairy_ManureAppliedToSoils_Equations.VEERG_4_3_1_8__1_MassOfNitrogenAppliedToSoilsScope1(R43,_xlfn.XLOOKUP($P79,$D$22:$D$26,$E$22:$E$26),_xlfn.XLOOKUP($P79, $D$31:$D$35,$E$31:$E$35),R55,$F67)} -> 0 | S79: {=MMS_Dairy_ManureAppliedToSoils_Equations.VEERG_4_3_1_8__1_MassOfNitrogenAppliedToSoilsScope1(S43,_xlfn.XLOOKUP($P79,$D$22:$D$26,$E$22:$E$26),_xlfn.XLOOKUP($P79, $D$31:$D$35,$E$31:$E$35),S55,$F67)} -> 0 | T79: {=MMS_Dairy_ManureAppliedToSoils_Equations.VEERG_4_3_1_8__1_MassOfNitrogenAppliedToSoilsScope1(T43,_xlfn.XLOOKUP($P79,$D$22:$D$26,$E$22:$E$26),_xlfn.XLOOKUP($P79, $D$31:$D$35,$E$31:$E$35),T55,$F67)} -> 0 | U79: {=MMS_Dairy_ManureAppliedToSoils_Equations.VEERG_4_3_1_8__1_MassOfNitrogenAppliedToSoilsScope1(U43,_xlfn.XLOOKUP($P79,$D$22:$D$26,$E$22:$E$26),_xlfn.XLOOKUP($P79, $D$31:$D$35,$E$31:$E$35),U55,$F67)} -> 0
D80: =INDEX(X_Table_Dairy_ProductionSystems_Method1,4,1) -> Feed pad | E80: =INDEX(X_Table_Dairy_Stage1MMS_2_AnaerobicLagoon,2,1) -> Anaerobic lagoon | F80: {=MMS_Dairy_ManureAppliedToSoils_Equations.VEERG_4_3_1_8__1_MassOfNitrogenAppliedToSoilsScope1(F44,_xlfn.XLOOKUP($E80,$D$22:$D$26,$E$22:$E$26),_xlfn.XLOOKUP($E80, $D$31:$D$35,$E$31:$E$35),F56,$F68)} -> 0 | G80: {=MMS_Dairy_ManureAppliedToSoils_Equations.VEERG_4_3_1_8__1_MassOfNitrogenAppliedToSoilsScope1(G44,_xlfn.XLOOKUP($E80,$D$22:$D$26,$E$22:$E$26),_xlfn.XLOOKUP($E80, $D$31:$D$35,$E$31:$E$35),G56,$F68)} -> 0 | H80: {=MMS_Dairy_ManureAppliedToSoils_Equations.VEERG_4_3_1_8__1_MassOfNitrogenAppliedToSoilsScope1(H44,_xlfn.XLOOKUP($E80,$D$22:$D$26,$E$22:$E$26),_xlfn.XLOOKUP($E80, $D$31:$D$35,$E$31:$E$35),H56,$F68)} -> 0 | I80: {=MMS_Dairy_ManureAppliedToSoils_Equations.VEERG_4_3_1_8__1_MassOfNitrogenAppliedToSoilsScope1(I44,_xlfn.XLOOKUP($E80,$D$22:$D$26,$E$22:$E$26),_xlfn.XLOOKUP($E80, $D$31:$D$35,$E$31:$E$35),I56,$F68)} -> 0 | J80: {=MMS_Dairy_ManureAppliedToSoils_Equations.VEERG_4_3_1_8__1_MassOfNitrogenAppliedToSoilsScope1(J44,_xlfn.XLOOKUP($E80,$D$22:$D$26,$E$22:$E$26),_xlfn.XLOOKUP($E80, $D$31:$D$35,$E$31:$E$35),J56,$F68)} -> 0 | O80: =INDEX(X_Table_Dairy_ProductionSystems_Method1,4,1) -> Feed pad | P80: =INDEX(X_Table_Dairy_Stage1MMS_2_AnaerobicLagoon,2,1) -> Anaerobic lagoon | Q80: {=MMS_Dairy_ManureAppliedToSoils_Equations.VEERG_4_3_1_8__1_MassOfNitrogenAppliedToSoilsScope1(Q44,_xlfn.XLOOKUP($P80,$D$22:$D$26,$E$22:$E$26),_xlfn.XLOOKUP($P80, $D$31:$D$35,$E$31:$E$35),Q56,$F68)} -> 0 | R80: {=MMS_Dairy_ManureAppliedToSoils_Equations.VEERG_4_3_1_8__1_MassOfNitrogenAppliedToSoilsScope1(R44,_xlfn.XLOOKUP($P80,$D$22:$D$26,$E$22:$E$26),_xlfn.XLOOKUP($P80, $D$31:$D$35,$E$31:$E$35),R56,$F68)} -> 0 | S80: {=MMS_Dairy_ManureAppliedToSoils_Equations.VEERG_4_3_1_8__1_MassOfNitrogenAppliedToSoilsScope1(S44,_xlfn.XLOOKUP($P80,$D$22:$D$26,$E$22:$E$26),_xlfn.XLOOKUP($P80, $D$31:$D$35,$E$31:$E$35),S56,$F68)} -> 0 | T80: {=MMS_Dairy_ManureAppliedToSoils_Equations.VEERG_4_3_1_8__1_MassOfNitrogenAppliedToSoilsScope1(T44,_xlfn.XLOOKUP($P80,$D$22:$D$26,$E$22:$E$26),_xlfn.XLOOKUP($P80, $D$31:$D$35,$E$31:$E$35),T56,$F68)} -> 0 | U80: {=MMS_Dairy_ManureAppliedToSoils_Equations.VEERG_4_3_1_8__1_MassOfNitrogenAppliedToSoilsScope1(U44,_xlfn.XLOOKUP($P80,$D$22:$D$26,$E$22:$E$26),_xlfn.XLOOKUP($P80, $D$31:$D$35,$E$31:$E$35),U56,$F68)} -> 0
D81: =INDEX(X_Table_Dairy_ProductionSystems_Method1,4,1) -> Feed pad | E81: =INDEX(X_Table_Dairy_Stage1MMS_2_SumpAndDispersal,2,1) -> Sump and dispersal system | F81: {=MMS_Dairy_ManureAppliedToSoils_Equations.VEERG_4_3_1_8__1_MassOfNitrogenAppliedToSoilsScope1(F45,_xlfn.XLOOKUP($E81,$D$22:$D$26,$E$22:$E$26),_xlfn.XLOOKUP($E81, $D$31:$D$35,$E$31:$E$35),F57,$F69)} -> 0 | G81: {=MMS_Dairy_ManureAppliedToSoils_Equations.VEERG_4_3_1_8__1_MassOfNitrogenAppliedToSoilsScope1(G45,_xlfn.XLOOKUP($E81,$D$22:$D$26,$E$22:$E$26),_xlfn.XLOOKUP($E81, $D$31:$D$35,$E$31:$E$35),G57,$F69)} -> 0 | H81: {=MMS_Dairy_ManureAppliedToSoils_Equations.VEERG_4_3_1_8__1_MassOfNitrogenAppliedToSoilsScope1(H45,_xlfn.XLOOKUP($E81,$D$22:$D$26,$E$22:$E$26),_xlfn.XLOOKUP($E81, $D$31:$D$35,$E$31:$E$35),H57,$F69)} -> 0 | I81: {=MMS_Dairy_ManureAppliedToSoils_Equations.VEERG_4_3_1_8__1_MassOfNitrogenAppliedToSoilsScope1(I45,_xlfn.XLOOKUP($E81,$D$22:$D$26,$E$22:$E$26),_xlfn.XLOOKUP($E81, $D$31:$D$35,$E$31:$E$35),I57,$F69)} -> 0 | J81: {=MMS_Dairy_ManureAppliedToSoils_Equations.VEERG_4_3_1_8__1_MassOfNitrogenAppliedToSoilsScope1(J45,_xlfn.XLOOKUP($E81,$D$22:$D$26,$E$22:$E$26),_xlfn.XLOOKUP($E81, $D$31:$D$35,$E$31:$E$35),J57,$F69)} -> 0 | O81: =INDEX(X_Table_Dairy_ProductionSystems_Method1,4,1) -> Feed pad | P81: =INDEX(X_Table_Dairy_Stage1MMS_2_SumpAndDispersal,2,1) -> Sump and dispersal system | Q81: {=MMS_Dairy_ManureAppliedToSoils_Equations.VEERG_4_3_1_8__1_MassOfNitrogenAppliedToSoilsScope1(Q45,_xlfn.XLOOKUP($P81,$D$22:$D$26,$E$22:$E$26),_xlfn.XLOOKUP($P81, $D$31:$D$35,$E$31:$E$35),Q57,$F69)} -> 0 | R81: {=MMS_Dairy_ManureAppliedToSoils_Equations.VEERG_4_3_1_8__1_MassOfNitrogenAppliedToSoilsScope1(R45,_xlfn.XLOOKUP($P81,$D$22:$D$26,$E$22:$E$26),_xlfn.XLOOKUP($P81, $D$31:$D$35,$E$31:$E$35),R57,$F69)} -> 0 | S81: {=MMS_Dairy_ManureAppliedToSoils_Equations.VEERG_4_3_1_8__1_MassOfNitrogenAppliedToSoilsScope1(S45,_xlfn.XLOOKUP($P81,$D$22:$D$26,$E$22:$E$26),_xlfn.XLOOKUP($P81, $D$31:$D$35,$E$31:$E$35),S57,$F69)} -> 0 | T81: {=MMS_Dairy_ManureAppliedToSoils_Equations.VEERG_4_3_1_8__1_MassOfNitrogenAppliedToSoilsScope1(T45,_xlfn.XLOOKUP($P81,$D$22:$D$26,$E$22:$E$26),_xlfn.XLOOKUP($P81, $D$31:$D$35,$E$31:$E$35),T57,$F69)} -> 0 | U81: {=MMS_Dairy_ManureAppliedToSoils_Equations.VEERG_4_3_1_8__1_MassOfNitrogenAppliedToSoilsScope1(U45,_xlfn.XLOOKUP($P81,$D$22:$D$26,$E$22:$E$26),_xlfn.XLOOKUP($P81, $D$31:$D$35,$E$31:$E$35),U57,$F69)} -> 0
D82: =INDEX(X_Table_Dairy_ProductionSystems_Method1,4,1) -> Feed pad | E82: =INDEX(X_Table_Dairy_Stage1MMS_2_DrainsToPaddock,2,1) -> Drains to paddock | F82: {=MMS_Dairy_ManureAppliedToSoils_Equations.VEERG_4_3_1_8__1_MassOfNitrogenAppliedToSoilsScope1(F46,_xlfn.XLOOKUP($E82,$D$22:$D$26,$E$22:$E$26),_xlfn.XLOOKUP($E82, $D$31:$D$35,$E$31:$E$35),F58,$F70)} -> 0 | G82: {=MMS_Dairy_ManureAppliedToSoils_Equations.VEERG_4_3_1_8__1_MassOfNitrogenAppliedToSoilsScope1(G46,_xlfn.XLOOKUP($E82,$D$22:$D$26,$E$22:$E$26),_xlfn.XLOOKUP($E82, $D$31:$D$35,$E$31:$E$35),G58,$F70)} -> 0 | H82: {=MMS_Dairy_ManureAppliedToSoils_Equations.VEERG_4_3_1_8__1_MassOfNitrogenAppliedToSoilsScope1(H46,_xlfn.XLOOKUP($E82,$D$22:$D$26,$E$22:$E$26),_xlfn.XLOOKUP($E82, $D$31:$D$35,$E$31:$E$35),H58,$F70)} -> 0 | I82: {=MMS_Dairy_ManureAppliedToSoils_Equations.VEERG_4_3_1_8__1_MassOfNitrogenAppliedToSoilsScope1(I46,_xlfn.XLOOKUP($E82,$D$22:$D$26,$E$22:$E$26),_xlfn.XLOOKUP($E82, $D$31:$D$35,$E$31:$E$35),I58,$F70)} -> 0 | J82: {=MMS_Dairy_ManureAppliedToSoils_Equations.VEERG_4_3_1_8__1_MassOfNitrogenAppliedToSoilsScope1(J46,_xlfn.XLOOKUP($E82,$D$22:$D$26,$E$22:$E$26),_xlfn.XLOOKUP($E82, $D$31:$D$35,$E$31:$E$35),J58,$F70)} -> 0 | O82: =INDEX(X_Table_Dairy_ProductionSystems_Method1,4,1) -> Feed pad | P82: =INDEX(X_Table_Dairy_Stage1MMS_2_DrainsToPaddock,2,1) -> Drains to paddock | Q82: {=MMS_Dairy_ManureAppliedToSoils_Equations.VEERG_4_3_1_8__1_MassOfNitrogenAppliedToSoilsScope1(Q46,_xlfn.XLOOKUP($P82,$D$22:$D$26,$E$22:$E$26),_xlfn.XLOOKUP($P82, $D$31:$D$35,$E$31:$E$35),Q58,$F70)} -> 0 | R82: {=MMS_Dairy_ManureAppliedToSoils_Equations.VEERG_4_3_1_8__1_MassOfNitrogenAppliedToSoilsScope1(R46,_xlfn.XLOOKUP($P82,$D$22:$D$26,$E$22:$E$26),_xlfn.XLOOKUP($P82, $D$31:$D$35,$E$31:$E$35),R58,$F70)} -> 0 | S82: {=MMS_Dairy_ManureAppliedToSoils_Equations.VEERG_4_3_1_8__1_MassOfNitrogenAppliedToSoilsScope1(S46,_xlfn.XLOOKUP($P82,$D$22:$D$26,$E$22:$E$26),_xlfn.XLOOKUP($P82, $D$31:$D$35,$E$31:$E$35),S58,$F70)} -> 0 | T82: {=MMS_Dairy_ManureAppliedToSoils_Equations.VEERG_4_3_1_8__1_MassOfNitrogenAppliedToSoilsScope1(T46,_xlfn.XLOOKUP($P82,$D$22:$D$26,$E$22:$E$26),_xlfn.XLOOKUP($P82, $D$31:$D$35,$E$31:$E$35),T58,$F70)} -> 0 | U82: {=MMS_Dairy_ManureAppliedToSoils_Equations.VEERG_4_3_1_8__1_MassOfNitrogenAppliedToSoilsScope1(U46,_xlfn.XLOOKUP($P82,$D$22:$D$26,$E$22:$E$26),_xlfn.XLOOKUP($P82, $D$31:$D$35,$E$31:$E$35),U58,$F70)} -> 0
D83: =INDEX(X_Table_Dairy_ProductionSystems_Method1,4,1) -> Feed pad | E83: Solid storage | F83: {=MMS_Dairy_ManureAppliedToSoils_Equations.VEERG_4_3_1_8__1_MassOfNitrogenAppliedToSoilsScope1(F47,_xlfn.XLOOKUP($E83,$D$22:$D$26,$E$22:$E$26),_xlfn.XLOOKUP($E83, $D$31:$D$35,$E$31:$E$35),F59,$F71)} -> 0 | G83: {=MMS_Dairy_ManureAppliedToSoils_Equations.VEERG_4_3_1_8__1_MassOfNitrogenAppliedToSoilsScope1(G47,_xlfn.XLOOKUP($E83,$D$22:$D$26,$E$22:$E$26),_xlfn.XLOOKUP($E83, $D$31:$D$35,$E$31:$E$35),G59,$F71)} -> 0 | H83: {=MMS_Dairy_ManureAppliedToSoils_Equations.VEERG_4_3_1_8__1_MassOfNitrogenAppliedToSoilsScope1(H47,_xlfn.XLOOKUP($E83,$D$22:$D$26,$E$22:$E$26),_xlfn.XLOOKUP($E83, $D$31:$D$35,$E$31:$E$35),H59,$F71)} -> 0 | I83: {=MMS_Dairy_ManureAppliedToSoils_Equations.VEERG_4_3_1_8__1_MassOfNitrogenAppliedToSoilsScope1(I47,_xlfn.XLOOKUP($E83,$D$22:$D$26,$E$22:$E$26),_xlfn.XLOOKUP($E83, $D$31:$D$35,$E$31:$E$35),I59,$F71)} -> 0 | J83: {=MMS_Dairy_ManureAppliedToSoils_Equations.VEERG_4_3_1_8__1_MassOfNitrogenAppliedToSoilsScope1(J47,_xlfn.XLOOKUP($E83,$D$22:$D$26,$E$22:$E$26),_xlfn.XLOOKUP($E83, $D$31:$D$35,$E$31:$E$35),J59,$F71)} -> 0 | O83: =INDEX(X_Table_Dairy_ProductionSystems_Method1,4,1) -> Feed pad | P83: Solid storage | Q83: {=MMS_Dairy_ManureAppliedToSoils_Equations.VEERG_4_3_1_8__1_MassOfNitrogenAppliedToSoilsScope1(Q47,_xlfn.XLOOKUP($P83,$D$22:$D$26,$E$22:$E$26),_xlfn.XLOOKUP($P83, $D$31:$D$35,$E$31:$E$35),Q59,$F71)} -> 0 | R83: {=MMS_Dairy_ManureAppliedToSoils_Equations.VEERG_4_3_1_8__1_MassOfNitrogenAppliedToSoilsScope1(R47,_xlfn.XLOOKUP($P83,$D$22:$D$26,$E$22:$E$26),_xlfn.XLOOKUP($P83, $D$31:$D$35,$E$31:$E$35),R59,$F71)} -> 0 | S83: {=MMS_Dairy_ManureAppliedToSoils_Equations.VEERG_4_3_1_8__1_MassOfNitrogenAppliedToSoilsScope1(S47,_xlfn.XLOOKUP($P83,$D$22:$D$26,$E$22:$E$26),_xlfn.XLOOKUP($P83, $D$31:$D$35,$E$31:$E$35),S59,$F71)} -> 0 | T83: {=MMS_Dairy_ManureAppliedToSoils_Equations.VEERG_4_3_1_8__1_MassOfNitrogenAppliedToSoilsScope1(T47,_xlfn.XLOOKUP($P83,$D$22:$D$26,$E$22:$E$26),_xlfn.XLOOKUP($P83, $D$31:$D$35,$E$31:$E$35),T59,$F71)} -> 0 | U83: {=MMS_Dairy_ManureAppliedToSoils_Equations.VEERG_4_3_1_8__1_MassOfNitrogenAppliedToSoilsScope1(U47,_xlfn.XLOOKUP($P83,$D$22:$D$26,$E$22:$E$26),_xlfn.XLOOKUP($P83, $D$31:$D$35,$E$31:$E$35),U59,$F71)} -> 0
D85: MNSoilscope1 | E85: =SUM(F76:J83) -> 2306.1269 | F85: =$E$11 -> kg N | O85: MNSoilscope1 | P85: =SUM(Q76:U83) -> 2306.1269 | Q85: =$E$11 -> kg N
D89: {=MMS_Dairy_ManureAppliedToSoils_Equations.VEERG_4_3_1_8__2_MassOfNitrogenAppliedToSoilsScope3_Title()} -> Mass of nitrogen from manure applied to soils for scope 3 emissions
D90: {=MMS_Dairy_ManureAppliedToSoils_Equations.VEERG_4_3_1_8__2_MassOfNitrogenAppliedToSoilsScope3_Source()} -> VEERG 2026: 4.3.1.8, Equation (2)
D91: Function name | E91: {=Common_InputFunctions.Utility_DisplayFunctionName($F$106)} -> =MMS_Dairy_ManureAppliedToSoils_Equations.VEERG_4_3_1_8__2_MassOfNitrogenAppliedToSoilsScope3
D94: Variable | E94: {=MMS_Dairy_ManureAppliedToSoils_Equations.VEERG_4_3_1_8__2_MassOfNitrogenAppliedToSoilsScope3_Variable()} -> MNSoil_scope3
D95: Unit | E95: {=MMS_Dairy_ManureAppliedToSoils_Equations.VEERG_4_3_1_8__2_MassOfNitrogenAppliedToSoilsScope3_Unit()} -> kg N
D97: {=_xlfn.CHOOSECOLS(MMS_Dairy_ManureAppliedToSoils_Equations.VEERG_4_3_1_8__2_MassOfNitrogenAppliedToSoilsScope3_Arguments(),1,2)} -> MN_jm | E97: total nitrogen in each MMS for dairy cattle classes | G97: {=_xlfn.CHOOSECOLS(MMS_Dairy_ManureAppliedToSoils_Equations.VEERG_4_3_1_8__2_MassOfNitrogenAppliedToSoilsScope3_Arguments(),3,4)} -> kg N | H97: Calculated from 4.3.1.3 (2) | I97: {=HYPERLINK(Common_InputFunctions.Utility_SourceHyperlink($D$37),$D$37)} -> M1_Table_MN_j_m
D98: EF_m | E98: emission factor for nitrous oxide emissions per MMS | G98: kg N2O-N/kg N | H98: Constant | I98: {=HYPERLINK(Common_InputFunctions.Utility_SourceHyperlink($D$19),$D$19)} -> Table_EF_m
D99: FracGASM_m | E99: fraction of N volatilised from MMS | G99: fraction | H99: Constant | I99: {=HYPERLINK(Common_InputFunctions.Utility_SourceHyperlink($D$28),$D$28)} -> Table_FracGASM_m
D100: MNLeach_jm | E100: mass of N lost through leaching and runoff from each MMS | G100: kg N | H100: Calculated from 4.3.1.6 (2) | I100: {=HYPERLINK(Common_InputFunctions.Utility_SourceHyperlink($D$49),$D$49)} -> M1_Table_MN_leach_j_m
D101: PF | E101: fraction of manure applied to soil within farm boundary | G101: fraction | H101: Input | I101: {=HYPERLINK(Common_InputFunctions.Utility_SourceHyperlink($D$61),$D$61)} -> Table_PF_scope
D103: M1_Table_MN_soil_scope3 | O103: M2_Table_MN_soil_scope3
D104: Mass of nitrogen from manure applied to soils for scope 3 emissions (Method 1) | O104: Mass of nitrogen from manure applied to soils for scope 3 emissions (Method 2)
D105: Production system | E105: MMS | F105: Milking cows | G105: Heifers > 1 year | H105: Heifers < 1 year | I105: Bulls > 1 year | J105: Bulls < 1 year | O105: Production system | P105: MMS | Q105: Milking cows | R105: Heifers > 1 year | S105: Heifers < 1 year | T105: Bulls > 1 year | U105: Bulls < 1 year
D106: =INDEX(X_Table_Dairy_ProductionSystems_Method1,3,1) -> Milking shed | E106: =INDEX(X_Table_Dairy_Stage1MMS_1_AnaerobicLagoon,2,1) -> Anaerobic lagoon | F106: {=MMS_Dairy_ManureAppliedToSoils_Equations.VEERG_4_3_1_8__2_MassOfNitrogenAppliedToSoilsScope3(F40, _xlfn.XLOOKUP($E106, $D$22:$D$26,$E$22:$E$26), _xlfn.XLOOKUP($E106,$D$31:$D$35,$E$31:$E$35),F52, $F64)} -> 0 | G106: {=MMS_Dairy_ManureAppliedToSoils_Equations.VEERG_4_3_1_8__2_MassOfNitrogenAppliedToSoilsScope3(G40, _xlfn.XLOOKUP($E106, $D$22:$D$26,$E$22:$E$26), _xlfn.XLOOKUP($E106,$D$31:$D$35,$E$31:$E$35),G52, $F64)} -> 0 | H106: {=MMS_Dairy_ManureAppliedToSoils_Equations.VEERG_4_3_1_8__2_MassOfNitrogenAppliedToSoilsScope3(H40, _xlfn.XLOOKUP($E106, $D$22:$D$26,$E$22:$E$26), _xlfn.XLOOKUP($E106,$D$31:$D$35,$E$31:$E$35),H52, $F64)} -> 0 | I106: {=MMS_Dairy_ManureAppliedToSoils_Equations.VEERG_4_3_1_8__2_MassOfNitrogenAppliedToSoilsScope3(I40, _xlfn.XLOOKUP($E106, $D$22:$D$26,$E$22:$E$26), _xlfn.XLOOKUP($E106,$D$31:$D$35,$E$31:$E$35),I52, $F64)} -> 0 | J106: {=MMS_Dairy_ManureAppliedToSoils_Equations.VEERG_4_3_1_8__2_MassOfNitrogenAppliedToSoilsScope3(J40, _xlfn.XLOOKUP($E106, $D$22:$D$26,$E$22:$E$26), _xlfn.XLOOKUP($E106,$D$31:$D$35,$E$31:$E$35),J52, $F64)} -> 0 | K106: =$E$95 -> kg N | O106: =INDEX(X_Table_Dairy_ProductionSystems_Method1,3,1) -> Milking shed | P106: =INDEX(X_Table_Dairy_Stage1MMS_1_AnaerobicLagoon,2,1) -> Anaerobic lagoon | Q106: {=MMS_Dairy_ManureAppliedToSoils_Equations.VEERG_4_3_1_8__2_MassOfNitrogenAppliedToSoilsScope3(Q40, _xlfn.XLOOKUP($P106, $D$22:$D$26,$E$22:$E$26), _xlfn.XLOOKUP($P106,$D$31:$D$35,$E$31:$E$35),Q52, $F64)} -> 0 | R106: {=MMS_Dairy_ManureAppliedToSoils_Equations.VEERG_4_3_1_8__2_MassOfNitrogenAppliedToSoilsScope3(R40, _xlfn.XLOOKUP($P106, $D$22:$D$26,$E$22:$E$26), _xlfn.XLOOKUP($P106,$D$31:$D$35,$E$31:$E$35),R52, $F64)} -> 0 | S106: {=MMS_Dairy_ManureAppliedToSoils_Equations.VEERG_4_3_1_8__2_MassOfNitrogenAppliedToSoilsScope3(S40, _xlfn.XLOOKUP($P106, $D$22:$D$26,$E$22:$E$26), _xlfn.XLOOKUP($P106,$D$31:$D$35,$E$31:$E$35),S52, $F64)} -> 0 | T106: {=MMS_Dairy_ManureAppliedToSoils_Equations.VEERG_4_3_1_8__2_MassOfNitrogenAppliedToSoilsScope3(T40, _xlfn.XLOOKUP($P106, $D$22:$D$26,$E$22:$E$26), _xlfn.XLOOKUP($P106,$D$31:$D$35,$E$31:$E$35),T52, $F64)} -> 0 | U106: {=MMS_Dairy_ManureAppliedToSoils_Equations.VEERG_4_3_1_8__2_MassOfNitrogenAppliedToSoilsScope3(U40, _xlfn.XLOOKUP($P106, $D$22:$D$26,$E$22:$E$26), _xlfn.XLOOKUP($P106,$D$31:$D$35,$E$31:$E$35),U52, $F64)} -> 0 | V106: =$E$95 -> kg N
D107: =INDEX(X_Table_Dairy_ProductionSystems_Method1,3,1) -> Milking shed | E107: =INDEX(X_Table_Dairy_Stage1MMS_1_SumpAndDispersal,2,1) -> Sump and dispersal system | F107: {=MMS_Dairy_ManureAppliedToSoils_Equations.VEERG_4_3_1_8__2_MassOfNitrogenAppliedToSoilsScope3(F41, _xlfn.XLOOKUP($E107, $D$22:$D$26,$E$22:$E$26), _xlfn.XLOOKUP($E107,$D$31:$D$35,$E$31:$E$35),F53, $F65)} -> 0 | G107: {=MMS_Dairy_ManureAppliedToSoils_Equations.VEERG_4_3_1_8__2_MassOfNitrogenAppliedToSoilsScope3(G41, _xlfn.XLOOKUP($E107, $D$22:$D$26,$E$22:$E$26), _xlfn.XLOOKUP($E107,$D$31:$D$35,$E$31:$E$35),G53, $F65)} -> 0 | H107: {=MMS_Dairy_ManureAppliedToSoils_Equations.VEERG_4_3_1_8__2_MassOfNitrogenAppliedToSoilsScope3(H41, _xlfn.XLOOKUP($E107, $D$22:$D$26,$E$22:$E$26), _xlfn.XLOOKUP($E107,$D$31:$D$35,$E$31:$E$35),H53, $F65)} -> 0 | I107: {=MMS_Dairy_ManureAppliedToSoils_Equations.VEERG_4_3_1_8__2_MassOfNitrogenAppliedToSoilsScope3(I41, _xlfn.XLOOKUP($E107, $D$22:$D$26,$E$22:$E$26), _xlfn.XLOOKUP($E107,$D$31:$D$35,$E$31:$E$35),I53, $F65)} -> 0 | J107: {=MMS_Dairy_ManureAppliedToSoils_Equations.VEERG_4_3_1_8__2_MassOfNitrogenAppliedToSoilsScope3(J41, _xlfn.XLOOKUP($E107, $D$22:$D$26,$E$22:$E$26), _xlfn.XLOOKUP($E107,$D$31:$D$35,$E$31:$E$35),J53, $F65)} -> 0 | O107: =INDEX(X_Table_Dairy_ProductionSystems_Method1,3,1) -> Milking shed | P107: =INDEX(X_Table_Dairy_Stage1MMS_1_SumpAndDispersal,2,1) -> Sump and dispersal system | Q107: {=MMS_Dairy_ManureAppliedToSoils_Equations.VEERG_4_3_1_8__2_MassOfNitrogenAppliedToSoilsScope3(Q41, _xlfn.XLOOKUP($P107, $D$22:$D$26,$E$22:$E$26), _xlfn.XLOOKUP($P107,$D$31:$D$35,$E$31:$E$35),Q53, $F65)} -> 0 | R107: {=MMS_Dairy_ManureAppliedToSoils_Equations.VEERG_4_3_1_8__2_MassOfNitrogenAppliedToSoilsScope3(R41, _xlfn.XLOOKUP($P107, $D$22:$D$26,$E$22:$E$26), _xlfn.XLOOKUP($P107,$D$31:$D$35,$E$31:$E$35),R53, $F65)} -> 0 | S107: {=MMS_Dairy_ManureAppliedToSoils_Equations.VEERG_4_3_1_8__2_MassOfNitrogenAppliedToSoilsScope3(S41, _xlfn.XLOOKUP($P107, $D$22:$D$26,$E$22:$E$26), _xlfn.XLOOKUP($P107,$D$31:$D$35,$E$31:$E$35),S53, $F65)} -> 0 | T107: {=MMS_Dairy_ManureAppliedToSoils_Equations.VEERG_4_3_1_8__2_MassOfNitrogenAppliedToSoilsScope3(T41, _xlfn.XLOOKUP($P107, $D$22:$D$26,$E$22:$E$26), _xlfn.XLOOKUP($P107,$D$31:$D$35,$E$31:$E$35),T53, $F65)} -> 0 | U107: {=MMS_Dairy_ManureAppliedToSoils_Equations.VEERG_4_3_1_8__2_MassOfNitrogenAppliedToSoilsScope3(U41, _xlfn.XLOOKUP($P107, $D$22:$D$26,$E$22:$E$26), _xlfn.XLOOKUP($P107,$D$31:$D$35,$E$31:$E$35),U53, $F65)} -> 0
D108: =INDEX(X_Table_Dairy_ProductionSystems_Method1,3,1) -> Milking shed | E108: =INDEX(X_Table_Dairy_Stage1MMS_1_DrainsToPaddock,2,1) -> Drains to paddock | F108: {=MMS_Dairy_ManureAppliedToSoils_Equations.VEERG_4_3_1_8__2_MassOfNitrogenAppliedToSoilsScope3(F42, _xlfn.XLOOKUP($E108, $D$22:$D$26,$E$22:$E$26), _xlfn.XLOOKUP($E108,$D$31:$D$35,$E$31:$E$35),F54, $F66)} -> 0 | G108: {=MMS_Dairy_ManureAppliedToSoils_Equations.VEERG_4_3_1_8__2_MassOfNitrogenAppliedToSoilsScope3(G42, _xlfn.XLOOKUP($E108, $D$22:$D$26,$E$22:$E$26), _xlfn.XLOOKUP($E108,$D$31:$D$35,$E$31:$E$35),G54, $F66)} -> 0 | H108: {=MMS_Dairy_ManureAppliedToSoils_Equations.VEERG_4_3_1_8__2_MassOfNitrogenAppliedToSoilsScope3(H42, _xlfn.XLOOKUP($E108, $D$22:$D$26,$E$22:$E$26), _xlfn.XLOOKUP($E108,$D$31:$D$35,$E$31:$E$35),H54, $F66)} -> 0 | I108: {=MMS_Dairy_ManureAppliedToSoils_Equations.VEERG_4_3_1_8__2_MassOfNitrogenAppliedToSoilsScope3(I42, _xlfn.XLOOKUP($E108, $D$22:$D$26,$E$22:$E$26), _xlfn.XLOOKUP($E108,$D$31:$D$35,$E$31:$E$35),I54, $F66)} -> 0 | J108: {=MMS_Dairy_ManureAppliedToSoils_Equations.VEERG_4_3_1_8__2_MassOfNitrogenAppliedToSoilsScope3(J42, _xlfn.XLOOKUP($E108, $D$22:$D$26,$E$22:$E$26), _xlfn.XLOOKUP($E108,$D$31:$D$35,$E$31:$E$35),J54, $F66)} -> 0 | O108: =INDEX(X_Table_Dairy_ProductionSystems_Method1,3,1) -> Milking shed | P108: =INDEX(X_Table_Dairy_Stage1MMS_1_DrainsToPaddock,2,1) -> Drains to paddock | Q108: {=MMS_Dairy_ManureAppliedToSoils_Equations.VEERG_4_3_1_8__2_MassOfNitrogenAppliedToSoilsScope3(Q42, _xlfn.XLOOKUP($P108, $D$22:$D$26,$E$22:$E$26), _xlfn.XLOOKUP($P108,$D$31:$D$35,$E$31:$E$35),Q54, $F66)} -> 0 | R108: {=MMS_Dairy_ManureAppliedToSoils_Equations.VEERG_4_3_1_8__2_MassOfNitrogenAppliedToSoilsScope3(R42, _xlfn.XLOOKUP($P108, $D$22:$D$26,$E$22:$E$26), _xlfn.XLOOKUP($P108,$D$31:$D$35,$E$31:$E$35),R54, $F66)} -> 0 | S108: {=MMS_Dairy_ManureAppliedToSoils_Equations.VEERG_4_3_1_8__2_MassOfNitrogenAppliedToSoilsScope3(S42, _xlfn.XLOOKUP($P108, $D$22:$D$26,$E$22:$E$26), _xlfn.XLOOKUP($P108,$D$31:$D$35,$E$31:$E$35),S54, $F66)} -> 0 | T108: {=MMS_Dairy_ManureAppliedToSoils_Equations.VEERG_4_3_1_8__2_MassOfNitrogenAppliedToSoilsScope3(T42, _xlfn.XLOOKUP($P108, $D$22:$D$26,$E$22:$E$26), _xlfn.XLOOKUP($P108,$D$31:$D$35,$E$31:$E$35),T54, $F66)} -> 0 | U108: {=MMS_Dairy_ManureAppliedToSoils_Equations.VEERG_4_3_1_8__2_MassOfNitrogenAppliedToSoilsScope3(U42, _xlfn.XLOOKUP($P108, $D$22:$D$26,$E$22:$E$26), _xlfn.XLOOKUP($P108,$D$31:$D$35,$E$31:$E$35),U54, $F66)} -> 0
D109: =INDEX(X_Table_Dairy_ProductionSystems_Method1,3,1) -> Milking shed | E109: Solid storage | F109: {=MMS_Dairy_ManureAppliedToSoils_Equations.VEERG_4_3_1_8__2_MassOfNitrogenAppliedToSoilsScope3(F43, _xlfn.XLOOKUP($E109, $D$22:$D$26,$E$22:$E$26), _xlfn.XLOOKUP($E109,$D$31:$D$35,$E$31:$E$35),F55, $F67)} -> 0 | G109: {=MMS_Dairy_ManureAppliedToSoils_Equations.VEERG_4_3_1_8__2_MassOfNitrogenAppliedToSoilsScope3(G43, _xlfn.XLOOKUP($E109, $D$22:$D$26,$E$22:$E$26), _xlfn.XLOOKUP($E109,$D$31:$D$35,$E$31:$E$35),G55, $F67)} -> 0 | H109: {=MMS_Dairy_ManureAppliedToSoils_Equations.VEERG_4_3_1_8__2_MassOfNitrogenAppliedToSoilsScope3(H43, _xlfn.XLOOKUP($E109, $D$22:$D$26,$E$22:$E$26), _xlfn.XLOOKUP($E109,$D$31:$D$35,$E$31:$E$35),H55, $F67)} -> 0 | I109: {=MMS_Dairy_ManureAppliedToSoils_Equations.VEERG_4_3_1_8__2_MassOfNitrogenAppliedToSoilsScope3(I43, _xlfn.XLOOKUP($E109, $D$22:$D$26,$E$22:$E$26), _xlfn.XLOOKUP($E109,$D$31:$D$35,$E$31:$E$35),I55, $F67)} -> 0 | J109: {=MMS_Dairy_ManureAppliedToSoils_Equations.VEERG_4_3_1_8__2_MassOfNitrogenAppliedToSoilsScope3(J43, _xlfn.XLOOKUP($E109, $D$22:$D$26,$E$22:$E$26), _xlfn.XLOOKUP($E109,$D$31:$D$35,$E$31:$E$35),J55, $F67)} -> 0 | O109: =INDEX(X_Table_Dairy_ProductionSystems_Method1,3,1) -> Milking shed | P109: Solid storage | Q109: {=MMS_Dairy_ManureAppliedToSoils_Equations.VEERG_4_3_1_8__2_MassOfNitrogenAppliedToSoilsScope3(Q43, _xlfn.XLOOKUP($P109, $D$22:$D$26,$E$22:$E$26), _xlfn.XLOOKUP($P109,$D$31:$D$35,$E$31:$E$35),Q55, $F67)} -> 0 | R109: {=MMS_Dairy_ManureAppliedToSoils_Equations.VEERG_4_3_1_8__2_MassOfNitrogenAppliedToSoilsScope3(R43, _xlfn.XLOOKUP($P109, $D$22:$D$26,$E$22:$E$26), _xlfn.XLOOKUP($P109,$D$31:$D$35,$E$31:$E$35),R55, $F67)} -> 0 | S109: {=MMS_Dairy_ManureAppliedToSoils_Equations.VEERG_4_3_1_8__2_MassOfNitrogenAppliedToSoilsScope3(S43, _xlfn.XLOOKUP($P109, $D$22:$D$26,$E$22:$E$26), _xlfn.XLOOKUP($P109,$D$31:$D$35,$E$31:$E$35),S55, $F67)} -> 0 | T109: {=MMS_Dairy_ManureAppliedToSoils_Equations.VEERG_4_3_1_8__2_MassOfNitrogenAppliedToSoilsScope3(T43, _xlfn.XLOOKUP($P109, $D$22:$D$26,$E$22:$E$26), _xlfn.XLOOKUP($P109,$D$31:$D$35,$E$31:$E$35),T55, $F67)} -> 0 | U109: {=MMS_Dairy_ManureAppliedToSoils_Equations.VEERG_4_3_1_8__2_MassOfNitrogenAppliedToSoilsScope3(U43, _xlfn.XLOOKUP($P109, $D$22:$D$26,$E$22:$E$26), _xlfn.XLOOKUP($P109,$D$31:$D$35,$E$31:$E$35),U55, $F67)} -> 0
D110: =INDEX(X_Table_Dairy_ProductionSystems_Method1,4,1) -> Feed pad | E110: =INDEX(X_Table_Dairy_Stage1MMS_2_AnaerobicLagoon,2,1) -> Anaerobic lagoon | F110: {=MMS_Dairy_ManureAppliedToSoils_Equations.VEERG_4_3_1_8__2_MassOfNitrogenAppliedToSoilsScope3(F44, _xlfn.XLOOKUP($E110, $D$22:$D$26,$E$22:$E$26), _xlfn.XLOOKUP($E110,$D$31:$D$35,$E$31:$E$35),F56, $F68)} -> 0 | G110: {=MMS_Dairy_ManureAppliedToSoils_Equations.VEERG_4_3_1_8__2_MassOfNitrogenAppliedToSoilsScope3(G44, _xlfn.XLOOKUP($E110, $D$22:$D$26,$E$22:$E$26), _xlfn.XLOOKUP($E110,$D$31:$D$35,$E$31:$E$35),G56, $F68)} -> 0 | H110: {=MMS_Dairy_ManureAppliedToSoils_Equations.VEERG_4_3_1_8__2_MassOfNitrogenAppliedToSoilsScope3(H44, _xlfn.XLOOKUP($E110, $D$22:$D$26,$E$22:$E$26), _xlfn.XLOOKUP($E110,$D$31:$D$35,$E$31:$E$35),H56, $F68)} -> 0 | I110: {=MMS_Dairy_ManureAppliedToSoils_Equations.VEERG_4_3_1_8__2_MassOfNitrogenAppliedToSoilsScope3(I44, _xlfn.XLOOKUP($E110, $D$22:$D$26,$E$22:$E$26), _xlfn.XLOOKUP($E110,$D$31:$D$35,$E$31:$E$35),I56, $F68)} -> 0 | J110: {=MMS_Dairy_ManureAppliedToSoils_Equations.VEERG_4_3_1_8__2_MassOfNitrogenAppliedToSoilsScope3(J44, _xlfn.XLOOKUP($E110, $D$22:$D$26,$E$22:$E$26), _xlfn.XLOOKUP($E110,$D$31:$D$35,$E$31:$E$35),J56, $F68)} -> 0 | O110: =INDEX(X_Table_Dairy_ProductionSystems_Method1,4,1) -> Feed pad | P110: =INDEX(X_Table_Dairy_Stage1MMS_2_AnaerobicLagoon,2,1) -> Anaerobic lagoon | Q110: {=MMS_Dairy_ManureAppliedToSoils_Equations.VEERG_4_3_1_8__2_MassOfNitrogenAppliedToSoilsScope3(Q44, _xlfn.XLOOKUP($P110, $D$22:$D$26,$E$22:$E$26), _xlfn.XLOOKUP($P110,$D$31:$D$35,$E$31:$E$35),Q56, $F68)} -> 0 | R110: {=MMS_Dairy_ManureAppliedToSoils_Equations.VEERG_4_3_1_8__2_MassOfNitrogenAppliedToSoilsScope3(R44, _xlfn.XLOOKUP($P110, $D$22:$D$26,$E$22:$E$26), _xlfn.XLOOKUP($P110,$D$31:$D$35,$E$31:$E$35),R56, $F68)} -> 0 | S110: {=MMS_Dairy_ManureAppliedToSoils_Equations.VEERG_4_3_1_8__2_MassOfNitrogenAppliedToSoilsScope3(S44, _xlfn.XLOOKUP($P110, $D$22:$D$26,$E$22:$E$26), _xlfn.XLOOKUP($P110,$D$31:$D$35,$E$31:$E$35),S56, $F68)} -> 0 | T110: {=MMS_Dairy_ManureAppliedToSoils_Equations.VEERG_4_3_1_8__2_MassOfNitrogenAppliedToSoilsScope3(T44, _xlfn.XLOOKUP($P110, $D$22:$D$26,$E$22:$E$26), _xlfn.XLOOKUP($P110,$D$31:$D$35,$E$31:$E$35),T56, $F68)} -> 0 | U110: {=MMS_Dairy_ManureAppliedToSoils_Equations.VEERG_4_3_1_8__2_MassOfNitrogenAppliedToSoilsScope3(U44, _xlfn.XLOOKUP($P110, $D$22:$D$26,$E$22:$E$26), _xlfn.XLOOKUP($P110,$D$31:$D$35,$E$31:$E$35),U56, $F68)} -> 0
D111: =INDEX(X_Table_Dairy_ProductionSystems_Method1,4,1) -> Feed pad | E111: =INDEX(X_Table_Dairy_Stage1MMS_2_SumpAndDispersal,2,1) -> Sump and dispersal system | F111: {=MMS_Dairy_ManureAppliedToSoils_Equations.VEERG_4_3_1_8__2_MassOfNitrogenAppliedToSoilsScope3(F45, _xlfn.XLOOKUP($E111, $D$22:$D$26,$E$22:$E$26), _xlfn.XLOOKUP($E111,$D$31:$D$35,$E$31:$E$35),F57, $F69)} -> 0 | G111: {=MMS_Dairy_ManureAppliedToSoils_Equations.VEERG_4_3_1_8__2_MassOfNitrogenAppliedToSoilsScope3(G45, _xlfn.XLOOKUP($E111, $D$22:$D$26,$E$22:$E$26), _xlfn.XLOOKUP($E111,$D$31:$D$35,$E$31:$E$35),G57, $F69)} -> 0 | H111: {=MMS_Dairy_ManureAppliedToSoils_Equations.VEERG_4_3_1_8__2_MassOfNitrogenAppliedToSoilsScope3(H45, _xlfn.XLOOKUP($E111, $D$22:$D$26,$E$22:$E$26), _xlfn.XLOOKUP($E111,$D$31:$D$35,$E$31:$E$35),H57, $F69)} -> 0 | I111: {=MMS_Dairy_ManureAppliedToSoils_Equations.VEERG_4_3_1_8__2_MassOfNitrogenAppliedToSoilsScope3(I45, _xlfn.XLOOKUP($E111, $D$22:$D$26,$E$22:$E$26), _xlfn.XLOOKUP($E111,$D$31:$D$35,$E$31:$E$35),I57, $F69)} -> 0 | J111: {=MMS_Dairy_ManureAppliedToSoils_Equations.VEERG_4_3_1_8__2_MassOfNitrogenAppliedToSoilsScope3(J45, _xlfn.XLOOKUP($E111, $D$22:$D$26,$E$22:$E$26), _xlfn.XLOOKUP($E111,$D$31:$D$35,$E$31:$E$35),J57, $F69)} -> 0 | O111: =INDEX(X_Table_Dairy_ProductionSystems_Method1,4,1) -> Feed pad | P111: =INDEX(X_Table_Dairy_Stage1MMS_2_SumpAndDispersal,2,1) -> Sump and dispersal system | Q111: {=MMS_Dairy_ManureAppliedToSoils_Equations.VEERG_4_3_1_8__2_MassOfNitrogenAppliedToSoilsScope3(Q45, _xlfn.XLOOKUP($P111, $D$22:$D$26,$E$22:$E$26), _xlfn.XLOOKUP($P111,$D$31:$D$35,$E$31:$E$35),Q57, $F69)} -> 0 | R111: {=MMS_Dairy_ManureAppliedToSoils_Equations.VEERG_4_3_1_8__2_MassOfNitrogenAppliedToSoilsScope3(R45, _xlfn.XLOOKUP($P111, $D$22:$D$26,$E$22:$E$26), _xlfn.XLOOKUP($P111,$D$31:$D$35,$E$31:$E$35),R57, $F69)} -> 0 | S111: {=MMS_Dairy_ManureAppliedToSoils_Equations.VEERG_4_3_1_8__2_MassOfNitrogenAppliedToSoilsScope3(S45, _xlfn.XLOOKUP($P111, $D$22:$D$26,$E$22:$E$26), _xlfn.XLOOKUP($P111,$D$31:$D$35,$E$31:$E$35),S57, $F69)} -> 0 | T111: {=MMS_Dairy_ManureAppliedToSoils_Equations.VEERG_4_3_1_8__2_MassOfNitrogenAppliedToSoilsScope3(T45, _xlfn.XLOOKUP($P111, $D$22:$D$26,$E$22:$E$26), _xlfn.XLOOKUP($P111,$D$31:$D$35,$E$31:$E$35),T57, $F69)} -> 0 | U111: {=MMS_Dairy_ManureAppliedToSoils_Equations.VEERG_4_3_1_8__2_MassOfNitrogenAppliedToSoilsScope3(U45, _xlfn.XLOOKUP($P111, $D$22:$D$26,$E$22:$E$26), _xlfn.XLOOKUP($P111,$D$31:$D$35,$E$31:$E$35),U57, $F69)} -> 0
D112: =INDEX(X_Table_Dairy_ProductionSystems_Method1,4,1) -> Feed pad | E112: =INDEX(X_Table_Dairy_Stage1MMS_2_DrainsToPaddock,2,1) -> Drains to paddock | F112: {=MMS_Dairy_ManureAppliedToSoils_Equations.VEERG_4_3_1_8__2_MassOfNitrogenAppliedToSoilsScope3(F46, _xlfn.XLOOKUP($E112, $D$22:$D$26,$E$22:$E$26), _xlfn.XLOOKUP($E112,$D$31:$D$35,$E$31:$E$35),F58, $F70)} -> 0 | G112: {=MMS_Dairy_ManureAppliedToSoils_Equations.VEERG_4_3_1_8__2_MassOfNitrogenAppliedToSoilsScope3(G46, _xlfn.XLOOKUP($E112, $D$22:$D$26,$E$22:$E$26), _xlfn.XLOOKUP($E112,$D$31:$D$35,$E$31:$E$35),G58, $F70)} -> 0 | H112: {=MMS_Dairy_ManureAppliedToSoils_Equations.VEERG_4_3_1_8__2_MassOfNitrogenAppliedToSoilsScope3(H46, _xlfn.XLOOKUP($E112, $D$22:$D$26,$E$22:$E$26), _xlfn.XLOOKUP($E112,$D$31:$D$35,$E$31:$E$35),H58, $F70)} -> 0 | I112: {=MMS_Dairy_ManureAppliedToSoils_Equations.VEERG_4_3_1_8__2_MassOfNitrogenAppliedToSoilsScope3(I46, _xlfn.XLOOKUP($E112, $D$22:$D$26,$E$22:$E$26), _xlfn.XLOOKUP($E112,$D$31:$D$35,$E$31:$E$35),I58, $F70)} -> 0 | J112: {=MMS_Dairy_ManureAppliedToSoils_Equations.VEERG_4_3_1_8__2_MassOfNitrogenAppliedToSoilsScope3(J46, _xlfn.XLOOKUP($E112, $D$22:$D$26,$E$22:$E$26), _xlfn.XLOOKUP($E112,$D$31:$D$35,$E$31:$E$35),J58, $F70)} -> 0 | O112: =INDEX(X_Table_Dairy_ProductionSystems_Method1,4,1) -> Feed pad | P112: =INDEX(X_Table_Dairy_Stage1MMS_2_DrainsToPaddock,2,1) -> Drains to paddock | Q112: {=MMS_Dairy_ManureAppliedToSoils_Equations.VEERG_4_3_1_8__2_MassOfNitrogenAppliedToSoilsScope3(Q46, _xlfn.XLOOKUP($P112, $D$22:$D$26,$E$22:$E$26), _xlfn.XLOOKUP($P112,$D$31:$D$35,$E$31:$E$35),Q58, $F70)} -> 0 | R112: {=MMS_Dairy_ManureAppliedToSoils_Equations.VEERG_4_3_1_8__2_MassOfNitrogenAppliedToSoilsScope3(R46, _xlfn.XLOOKUP($P112, $D$22:$D$26,$E$22:$E$26), _xlfn.XLOOKUP($P112,$D$31:$D$35,$E$31:$E$35),R58, $F70)} -> 0 | S112: {=MMS_Dairy_ManureAppliedToSoils_Equations.VEERG_4_3_1_8__2_MassOfNitrogenAppliedToSoilsScope3(S46, _xlfn.XLOOKUP($P112, $D$22:$D$26,$E$22:$E$26), _xlfn.XLOOKUP($P112,$D$31:$D$35,$E$31:$E$35),S58, $F70)} -> 0 | T112: {=MMS_Dairy_ManureAppliedToSoils_Equations.VEERG_4_3_1_8__2_MassOfNitrogenAppliedToSoilsScope3(T46, _xlfn.XLOOKUP($P112, $D$22:$D$26,$E$22:$E$26), _xlfn.XLOOKUP($P112,$D$31:$D$35,$E$31:$E$35),T58, $F70)} -> 0 | U112: {=MMS_Dairy_ManureAppliedToSoils_Equations.VEERG_4_3_1_8__2_MassOfNitrogenAppliedToSoilsScope3(U46, _xlfn.XLOOKUP($P112, $D$22:$D$26,$E$22:$E$26), _xlfn.XLOOKUP($P112,$D$31:$D$35,$E$31:$E$35),U58, $F70)} -> 0
D113: =INDEX(X_Table_Dairy_ProductionSystems_Method1,4,1) -> Feed pad | E113: Solid storage | F113: {=MMS_Dairy_ManureAppliedToSoils_Equations.VEERG_4_3_1_8__2_MassOfNitrogenAppliedToSoilsScope3(F47, _xlfn.XLOOKUP($E113, $D$22:$D$26,$E$22:$E$26), _xlfn.XLOOKUP($E113,$D$31:$D$35,$E$31:$E$35),F59, $F71)} -> 0 | G113: {=MMS_Dairy_ManureAppliedToSoils_Equations.VEERG_4_3_1_8__2_MassOfNitrogenAppliedToSoilsScope3(G47, _xlfn.XLOOKUP($E113, $D$22:$D$26,$E$22:$E$26), _xlfn.XLOOKUP($E113,$D$31:$D$35,$E$31:$E$35),G59, $F71)} -> 0 | H113: {=MMS_Dairy_ManureAppliedToSoils_Equations.VEERG_4_3_1_8__2_MassOfNitrogenAppliedToSoilsScope3(H47, _xlfn.XLOOKUP($E113, $D$22:$D$26,$E$22:$E$26), _xlfn.XLOOKUP($E113,$D$31:$D$35,$E$31:$E$35),H59, $F71)} -> 0 | I113: {=MMS_Dairy_ManureAppliedToSoils_Equations.VEERG_4_3_1_8__2_MassOfNitrogenAppliedToSoilsScope3(I47, _xlfn.XLOOKUP($E113, $D$22:$D$26,$E$22:$E$26), _xlfn.XLOOKUP($E113,$D$31:$D$35,$E$31:$E$35),I59, $F71)} -> 0 | J113: {=MMS_Dairy_ManureAppliedToSoils_Equations.VEERG_4_3_1_8__2_MassOfNitrogenAppliedToSoilsScope3(J47, _xlfn.XLOOKUP($E113, $D$22:$D$26,$E$22:$E$26), _xlfn.XLOOKUP($E113,$D$31:$D$35,$E$31:$E$35),J59, $F71)} -> 0 | O113: =INDEX(X_Table_Dairy_ProductionSystems_Method1,4,1) -> Feed pad | P113: Solid storage | Q113: {=MMS_Dairy_ManureAppliedToSoils_Equations.VEERG_4_3_1_8__2_MassOfNitrogenAppliedToSoilsScope3(Q47, _xlfn.XLOOKUP($P113, $D$22:$D$26,$E$22:$E$26), _xlfn.XLOOKUP($P113,$D$31:$D$35,$E$31:$E$35),Q59, $F71)} -> 0 | R113: {=MMS_Dairy_ManureAppliedToSoils_Equations.VEERG_4_3_1_8__2_MassOfNitrogenAppliedToSoilsScope3(R47, _xlfn.XLOOKUP($P113, $D$22:$D$26,$E$22:$E$26), _xlfn.XLOOKUP($P113,$D$31:$D$35,$E$31:$E$35),R59, $F71)} -> 0 | S113: {=MMS_Dairy_ManureAppliedToSoils_Equations.VEERG_4_3_1_8__2_MassOfNitrogenAppliedToSoilsScope3(S47, _xlfn.XLOOKUP($P113, $D$22:$D$26,$E$22:$E$26), _xlfn.XLOOKUP($P113,$D$31:$D$35,$E$31:$E$35),S59, $F71)} -> 0 | T113: {=MMS_Dairy_ManureAppliedToSoils_Equations.VEERG_4_3_1_8__2_MassOfNitrogenAppliedToSoilsScope3(T47, _xlfn.XLOOKUP($P113, $D$22:$D$26,$E$22:$E$26), _xlfn.XLOOKUP($P113,$D$31:$D$35,$E$31:$E$35),T59, $F71)} -> 0 | U113: {=MMS_Dairy_ManureAppliedToSoils_Equations.VEERG_4_3_1_8__2_MassOfNitrogenAppliedToSoilsScope3(U47, _xlfn.XLOOKUP($P113, $D$22:$D$26,$E$22:$E$26), _xlfn.XLOOKUP($P113,$D$31:$D$35,$E$31:$E$35),U59, $F71)} -> 0
D115: MNSoilscope3 | E115: =SUM(F106:J113) -> 0 | F115: =$E$11 -> kg N | O115: MNSoilscope3 | P115: =SUM(Q106:U113) -> 0 | Q115: =$E$11 -> kg N
...

Sheet 4.3.1.9 Soil direct N2O
A1: #VALUE! | C1: 4.3.1.9 Soil direct N2O
A3: =HYPERLINK("#'Home'!A1", "Home") -> Home
A4: =HYPERLINK("#'Overview'!A1", "Overview") -> Overview
A5: =HYPERLINK("#'Results'!A1", "Results") -> Results | D5: {=MMS_Dairy_N2ODirect_Equations.VEERG_4_3_1_3__2_TotalNitrogenInEachMMS_Title()} -> Total nitrogen in each MMS
D6: {=MMS_Dairy_N2ODirect_Equations.VEERG_4_3_1_3__2_TotalNitrogenInEachMMS_Source()} -> VEERG 2026: 4.3.1.3, Equation (2)
D7: Function name | E7: {=Common_InputFunctions.Utility_DisplayFunctionName(F31)} -> =MMS_Dairy_N2ODirect_Equations.VEERG_4_3_1_3__2_TotalNitrogenInEachMMS
A8: INPUTS
A9: =HYPERLINK("#'Input - Site'!A1", "Site") -> Site
A10: =HYPERLINK("#'Input - Dairy'!A1", "Dairy") -> Dairy | D10: Variable | E10: {=MMS_Dairy_N2ODirect_Equations.VEERG_4_3_1_3__2_TotalNitrogenInEachMMS_Variable()} -> MN_jm
D11: Unit | E11: {=MMS_Dairy_N2ODirect_Equations.VEERG_4_3_1_3__2_TotalNitrogenInEachMMS_Unit()} -> kg N
A13: CALCULATIONS | D13: {=_xlfn.CHOOSECOLS(MMS_Dairy_N2ODirect_Equations.VEERG_4_3_1_3__2_TotalNitrogenInEachMMS_Arguments(),1,2)} -> AE_j | E13: total nitrogen excreted by each dairy class | G13: {=_xlfn.CHOOSECOLS(MMS_Dairy_N2ODirect_Equations.VEERG_4_3_1_3__2_TotalNitrogenInEachMMS_Arguments(),3,4)} -> kg N | H13: Calculated from 4.3.1.3 (3a) and (3b) | I13: {=HYPERLINK(Common_InputFunctions.Utility_SourceHyperlink($D$16),$D$16)} -> M1_Table_AE_j
A14: =HYPERLINK("#'4.3.1.1-2 Methane'!A1", "4.3.1.1-2 Methane") -> 4.3.1.1-2 Methane | D14: MMS_jm | E14: manure management system fraction for class j and system m | G14: fraction | H14: Input | I14: {=HYPERLINK(Common_InputFunctions.Utility_SourceHyperlink($D$22),$D$22)} -> M1_Table_MMS_j_m-14
A15: =HYPERLINK("#'4.3.1.3-4 Direct N20'!A1", "4.3.1.3-4 Direct N20") -> 4.3.1.3-4 Direct N20
A16: =HYPERLINK("#'4.3.1.5 Atmos deposition'!A1", "4.3.1.5 Atmos deposition") -> 4.3.1.5 Atmos deposition | D16: M1_Table_AE_j | O16: M2_Table_AE_j
A17: =HYPERLINK("#'4.3.1.6-7 Leaching and runoff'!A1", "4.3.1.6-7 Leaching and runoff") -> 4.3.1.6-7 Leaching and runoff | D17: Total annual nitrogen excreted all cattle (Method 1) | O17: Total annual nitrogen excreted all cattle (Method 2)
A18: =HYPERLINK("#'4.3.1.8 Manure applied to soils'!A1", "4.3.1.8 Manure applied to soils") -> 4.3.1.8 Manure applied to soils | D18: Milking cows | E18: Heifers > 1 year | F18: Heifers < 1 year | G18: Bulls > 1 year | H18: Bulls < 1 year | O18: Milking cows | P18: Heifers > 1 year | Q18: Heifers < 1 year | R18: Bulls > 1 year | S18: Bulls < 1 year
A19: =HYPERLINK("#'4.3.1.9 Soil direct N2O'!A1", "4.3.1.9 Soil direct N2O") -> 4.3.1.9 Soil direct N2O | D19: =INDEX(M1_Table_AE_j124,2,1) -> 17404.731 | E19: =INDEX(M1_Table_AE_j124,2,2) -> 0 | F19: =INDEX(M1_Table_AE_j_Consumer_1,2,3) -> 0 | G19: =INDEX(M1_Table_AE_j124,2,4) -> 0 | H19: =INDEX(M1_Table_AE_j_Consumer_1,2,5) -> 0 | I19: =$G$13 -> kg N | O19: =INDEX(M2_Table_AE_j124,2,1) -> 17404.731 | P19: =INDEX(M2_Table_AE_j124,2,2) -> 0 | Q19: =INDEX(M1_Table_AE_j,2,3) -> 0 | R19: =INDEX(M2_Table_AE_j124,2,4) -> 0 | S19: =INDEX(M1_Table_AE_j,2,5) -> 0 | T19: =$G$13 -> kg N
A20: =HYPERLINK("#'4.3.1.10-11 Soil Atmos Dep'!A1", "4.3.1.10-11 Soil Atmos Dep") -> 4.3.1.10-11 Soil Atmos Dep
A21: =HYPERLINK("#'4.3.1.12-13 Soil leach runoff'!A1", "4.3.1.12-13 Soil leach runoff") -> 4.3.1.12-13 Soil leach runoff
D22: M1_Table_MMS_j_m-14 | O22: M2_Table_MMS_j_m-14
D23: Fraction of manure deposited on pasture range and paddock (Method 1) | O23: Fraction of manure deposited on pasture range and paddock (Method 2)
A24: APPENDICES | D24: Production system | E24: MMS | F24: Milking cows | G24: Heifers > 1 year | H24: Heifers < 1 year | I24: Bulls > 1 year | J24: Bulls < 1 year | O24: Production system | P24: MMS | Q24: Milking cows | R24: Heifers > 1 year | S24: Heifers < 1 year | T24: Bulls > 1 year | U24: Bulls < 1 year
A25: =HYPERLINK("#'Constants - Dairy'!A1", "Constants - Dairy") -> Constants - Dairy | D25: =INDEX(X_Table_Dairy_ProductionSystems_Method1,2,1) -> Pasture | E25: ='Constants - Common Livestock'!$E$27 -> Pasture range and paddock | F25: =INDEX(X_Table_Dairy_ProductionSystems_Method1,2,2) -> 0.8 | G25: =INDEX(X_Table_Dairy_ProductionSystems_Method1,2,3) -> 0 | H25: =INDEX(X_Table_Dairy_ProductionSystems_Method1,2,4) -> 0 | I25: =INDEX(X_Table_Dairy_ProductionSystems_Method1,2,5) -> 0 | J25: =INDEX(X_Table_Dairy_ProductionSystems_Method1,2,6) -> 0 | K25: =$G$14 -> fraction | O25: =INDEX(X_Table_Dairy_ProductionSystems_Method1,2,1) -> Pasture | P25: ='Constants - Common Livestock'!$E$27 -> Pasture range and paddock | Q25: =INDEX(X_Table_Dairy_ProductionSystems_Method2,2,2) -> 0.8 | R25: =INDEX(X_Table_Dairy_ProductionSystems_Method2,2,3) -> 0 | S25: =INDEX(X_Table_Dairy_ProductionSystems_Method2,2,4) -> 0 | T25: =INDEX(X_Table_Dairy_ProductionSystems_Method2,2,5) -> 0 | U25: =INDEX(X_Table_Dairy_ProductionSystems_Method2,2,6) -> 0 | V25: =$G$14 -> fraction
A26: =HYPERLINK("#'Constants - Common'!A1", "Constants - Common") -> Constants - Common
A27: =HYPERLINK("#'Constants - Livestock'!A1", "Constants - Livestock") -> Constants - Livestock
A28: =HYPERLINK("#'Acknowledgements'!A1", "Acknowledgements") -> Acknowledgements | D28: M1_Table_MN_j_m-14 | O28: M2_Table_MN_j_m-14
A29: =HYPERLINK("#'Tab template'!A1", "Tab template") -> Tab template | D29: Total nitrogen deposited on pasture range and paddock (Method 1) | O29: Total nitrogen deposited on pasture range and paddock (Method 2)
D30: Production system | E30: MMS | F30: Milking cows | G30: Heifers > 1 year | H30: Heifers < 1 year | I30: Bulls > 1 year | J30: Bulls < 1 year | O30: Production system | P30: MMS | Q30: Milking cows | R30: Heifers > 1 year | S30: Heifers < 1 year | T30: Bulls > 1 year | U30: Bulls < 1 year
D31: =INDEX(X_Table_Dairy_ProductionSystems_Method1,2,1) -> Pasture | E31: ='Constants - Common Livestock'!$E$27 -> Pasture range and paddock | F31: {=MMS_Dairy_N2ODirect_Equations.VEERG_4_3_1_3__2_TotalNitrogenInEachMMS(D19,F25)} -> 13923.785 | G31: {=MMS_Dairy_N2ODirect_Equations.VEERG_4_3_1_3__2_TotalNitrogenInEachMMS(E19,G25)} -> 0 | H31: {=MMS_Dairy_N2ODirect_Equations.VEERG_4_3_1_3__2_TotalNitrogenInEachMMS(F19,H25)} -> 0 | I31: {=MMS_Dairy_N2ODirect_Equations.VEERG_4_3_1_3__2_TotalNitrogenInEachMMS(G19,I25)} -> 0 | J31: {=MMS_Dairy_N2ODirect_Equations.VEERG_4_3_1_3__2_TotalNitrogenInEachMMS(H19,J25)} -> 0 | K31: =$E$11 -> kg N | O31: =INDEX(X_Table_Dairy_ProductionSystems_Method1,2,1) -> Pasture | P31: ='Constants - Common Livestock'!$E$27 -> Pasture range and paddock | Q31: {=MMS_Dairy_N2ODirect_Equations.VEERG_4_3_1_3__2_TotalNitrogenInEachMMS(O19,Q25)} -> 13923.785 | R31: {=MMS_Dairy_N2ODirect_Equations.VEERG_4_3_1_3__2_TotalNitrogenInEachMMS(P19,R25)} -> 0 | S31: {=MMS_Dairy_N2ODirect_Equations.VEERG_4_3_1_3__2_TotalNitrogenInEachMMS(Q19,S25)} -> 0 | T31: {=MMS_Dairy_N2ODirect_Equations.VEERG_4_3_1_3__2_TotalNitrogenInEachMMS(R19,T25)} -> 0 | U31: {=MMS_Dairy_N2ODirect_Equations.VEERG_4_3_1_3__2_TotalNitrogenInEachMMS(S19,U25)} -> 0 | V31: =$E$11 -> kg N
D35: {=MMS_Dairy_Soil_N2ODirect_Equations.VEERG_4_3_1_9__1_DirectNitrousOxideEmissionsOnPasture_Title()} -> Direct nitrous oxide emissions on pasture
D36: {=MMS_Dairy_Soil_N2ODirect_Equations.VEERG_4_3_1_9__1_DirectNitrousOxideEmissionsOnPasture_Source()} -> VEERG 2026: 4.3.1.9, Equation (1)
D37: Formula name | E37: {=Common_InputFunctions.Utility_DisplayFunctionName($F$51)} -> =MMS_Dairy_Soil_N2ODirect_Equations.VEERG_4_3_1_9__1_DirectNitrousOxideEmissionsOnPasture
D40: Variable | E40: {=MMS_Dairy_Soil_N2ODirect_Equations.VEERG_4_3_1_9__1_DirectNitrousOxideEmissionsOnPasture_Variable()} -> E_N2Odir
D41: Unit | E41: {=MMS_Dairy_Soil_N2ODirect_Equations.VEERG_4_3_1_9__1_DirectNitrousOxideEmissionsOnPasture_Unit()} -> t N2O
D43: {=_xlfn.CHOOSECOLS(MMS_Dairy_Soil_N2ODirect_Equations.VEERG_4_3_1_9__1_DirectNitrousOxideEmissionsOnPasture_Arguments(),1,2)} -> MN_jm14 | E43: mass of nitrogen excreted on pasture, range, and paddock for each dairy cattle class | H43: {=_xlfn.CHOOSECOLS(MMS_Dairy_Soil_N2ODirect_Equations.VEERG_4_3_1_9__1_DirectNitrousOxideEmissionsOnPasture_Arguments(),3,4)} -> kg N | I43: Calculated from 4.3.1.3 (2) | J43: {=HYPERLINK(Common_InputFunctions.Utility_SourceHyperlink($D$28),$D$28)} -> M1_Table_MN_j_m-14
D44: EF_PRP | E44: emission factor for nitrous oxide emissions for urine and dung deposited on PRP | H44: kg N2O-N/kg N deposited | I44: Constant | J44: =Common_InputFunctions.Utility_LookupValueInTable(J46, Table_SourceData_EFPastureRangeAndPaddock[Climate zone],Table_SourceData_EFPastureRangeAndPaddock[EFPRP]) -> 0.002
D45: C_N2O | E45: factor to convert elemental mass of N2O to molecular mass | I45: Constant | J45: =Common_InputFunctions.Utility_LookupValueInTableNumber("N2O",Table_GasToMolecularConversionFactor[Gas],Table_GasToMolecularConversionFactor[Conversion factor combined]) -> 1.5714286
D46: z | E46: Wet or dry climate zone | I46: Input | J46: =X_Cell_Site_WetOrDryClimateZone -> Dry climate zone
D48: M1_Table_E_N2O_dir | O48: M2_Table_E_N2O_dir
D49: Direct nitrous oxide emissions from urine and dung deposited on pasture (Method 1) | O49: Direct nitrous oxide emissions from urine and dung deposited on pasture (Method 2)
D50: Production system | E50: MMS | F50: Milking cows | G50: Heifers > 1 year | H50: Heifers < 1 year | I50: Bulls > 1 year | J50: Bulls < 1 year | O50: Production system | P50: MMS | Q50: Milking cows | R50: Heifers > 1 year | S50: Heifers < 1 year | T50: Bulls > 1 year | U50: Bulls < 1 year
D51: =INDEX(X_Table_Dairy_ProductionSystems_Method1,2,1) -> Pasture | E51: ='Constants - Common Livestock'!$E$27 -> Pasture range and paddock | F51: {=MMS_Dairy_Soil_N2ODirect_Equations.VEERG_4_3_1_9__1_DirectNitrousOxideEmissionsOnPasture(F31,$J$44,$J$45)} -> 0.043760467 | G51: {=MMS_Dairy_Soil_N2ODirect_Equations.VEERG_4_3_1_9__1_DirectNitrousOxideEmissionsOnPasture(G31,$J$44,$J$45)} -> 0 | H51: {=MMS_Dairy_Soil_N2ODirect_Equations.VEERG_4_3_1_9__1_DirectNitrousOxideEmissionsOnPasture(H31,$J$44,$J$45)} -> 0 | I51: {=MMS_Dairy_Soil_N2ODirect_Equations.VEERG_4_3_1_9__1_DirectNitrousOxideEmissionsOnPasture(I31,$J$44,$J$45)} -> 0 | J51: {=MMS_Dairy_Soil_N2ODirect_Equations.VEERG_4_3_1_9__1_DirectNitrousOxideEmissionsOnPasture(J31,$J$44,$J$45)} -> 0 | K51: =$E$41 -> t N2O | O51: =INDEX(X_Table_Dairy_ProductionSystems_Method1,2,1) -> Pasture | P51: ='Constants - Common Livestock'!$E$27 -> Pasture range and paddock | Q51: {=MMS_Dairy_Soil_N2ODirect_Equations.VEERG_4_3_1_9__1_DirectNitrousOxideEmissionsOnPasture(Q31,$J$44,$J$45)} -> 0.043760467 | R51: {=MMS_Dairy_Soil_N2ODirect_Equations.VEERG_4_3_1_9__1_DirectNitrousOxideEmissionsOnPasture(R31,$J$44,$J$45)} -> 0 | S51: {=MMS_Dairy_Soil_N2ODirect_Equations.VEERG_4_3_1_9__1_DirectNitrousOxideEmissionsOnPasture(S31,$J$44,$J$45)} -> 0 | T51: {=MMS_Dairy_Soil_N2ODirect_Equations.VEERG_4_3_1_9__1_DirectNitrousOxideEmissionsOnPasture(T31,$J$44,$J$45)} -> 0 | U51: {=MMS_Dairy_Soil_N2ODirect_Equations.VEERG_4_3_1_9__1_DirectNitrousOxideEmissionsOnPasture(U31,$J$44,$J$45)} -> 0 | V51: =$E$41 -> t N2O
D53: EN2O,dir | E53: =SUM(F51:J51) -> 0.043760467 | F53: =$E$41 -> t N2O | O53: EN2O,dir | P53: =SUM(Q51:U51) -> 0.043760467 | Q53: =$E$41 -> t N2O
D55: {=Common_Equations.Common_ConvertN2OToCO2e_Arguments()} -> EN2O | E55: Nitrous oxide emissions (t N2O) | G55: =VEERG_4_3_1_9__1_DirectNitrousOxideEmissionsOnPasture_Result_Method1 -> 0.043760467 | O55: {=Common_Equations.Common_ConvertN2OToCO2e_Arguments()} -> EN2O | P55: Nitrous oxide emissions (t N2O) | R55: =VEERG_4_3_1_9__1_DirectNitrousOxideEmissionsOnPasture_Result_Method2 -> 0.043760467
D56: GWPN2O | E56: Global warming potential for nitrous oxide (t CO2-e / t N2O) | G56: =Common_InputFunctions.Utility_LookupValueInTableNumber("N2O",Table_GWPData[Gas],Table_GWPData[CO2-e factor]) -> 265 | O56: GWPN2O | P56: Global warming potential for nitrous oxide (t CO2-e / t N2O) | R56: =Common_InputFunctions.Utility_LookupValueInTableNumber("N2O",Table_GWPData[Gas],Table_GWPData[CO2-e factor]) -> 265
D58: ECO2e | E58: {=Common_Equations.Common_ConvertN2OToCO2e(G55,G56)} -> 11.596524 | F58: {=Common_Equations.Common_ConvertN2OToCO2e_Unit()} -> t CO2e | O58: ECO2e | P58: {=Common_Equations.Common_ConvertN2OToCO2e(R55,R56)} -> 11.596524 | Q58: {=Common_Equations.Common_ConvertN2OToCO2e_Unit()} -> t CO2e

Sheet 4.3.1.10-11 Soil Atmos Dep
A1: #VALUE! | C1: 4.3.1.10-11 Soil atmospheric deposition N2O
A3: =HYPERLINK("#'Home'!A1", "Home") -> Home
A4: =HYPERLINK("#'Overview'!A1", "Overview") -> Overview
A5: =HYPERLINK("#'Results'!A1", "Results") -> Results | D5: {=MMS_Dairy_Soil_AtmosphericDeposition_Equations.VEERG_4_3_1_10__2_MassOfNitrogenVolatilisedOnPasture_Title()} -> Mass of nitrogen volatilised from urine and faeces deposited on pasture
D6: {=MMS_Dairy_Soil_AtmosphericDeposition_Equations.VEERG_4_3_1_10__2_MassOfNitrogenVolatilisedOnPasture_Source()} -> VEERG 2026: 4.3.1.10, Equation (2)
D7: Function name | E7: {=Common_InputFunctions.Utility_DisplayFunctionName(F24)} -> =MMS_Dairy_Soil_AtmosphericDeposition_Equations.VEERG_4_3_1_10__2_MassOfNitrogenVolatilisedOnPasture
A8: INPUTS
A9: =HYPERLINK("#'Input - Site'!A1", "Site") -> Site
A10: =HYPERLINK("#'Input - Dairy'!A1", "Dairy") -> Dairy | D10: Variable | E10: {=MMS_Dairy_Soil_AtmosphericDeposition_Equations.VEERG_4_3_1_10__2_MassOfNitrogenVolatilisedOnPasture_Variable()} -> M_vol_m14
D11: Unit | E11: {=MMS_Dairy_Soil_AtmosphericDeposition_Equations.VEERG_4_3_1_10__2_MassOfNitrogenVolatilisedOnPasture_Unit()} -> kg N
A13: CALCULATIONS | D13: {=_xlfn.CHOOSECOLS(MMS_Dairy_Soil_AtmosphericDeposition_Equations.VEERG_4_3_1_10__2_MassOfNitrogenVolatilisedOnPasture_Arguments(),1,2)} -> MN_jm14 | E13: mass of nitrogen excreted on pasture, range and paddock for each dairy class | G13: {=_xlfn.CHOOSECOLS(MMS_Dairy_Soil_AtmosphericDeposition_Equations.VEERG_4_3_1_10__2_MassOfNitrogenVolatilisedOnPasture_Arguments(),3,4)} -> kg N | H13: Calculated from 4.3.1.3 (2) | I13: {=HYPERLINK(Common_InputFunctions.Utility_SourceHyperlink($D$16),$D$16)} -> M1_Table_MN_j_m-14
A14: =HYPERLINK("#'4.3.1.1-2 Methane'!A1", "4.3.1.1-2 Methane") -> 4.3.1.1-2 Methane | D14: FracGASMsoil | E14: fraction of nitrogen volatilised from urine and faeces deposited on pasture | G14: (kg NH3-N + NOx-N)/kg N) | H14: Constant | I14: =SourceData_Dairy_FracGASMSoil_Data -> 0.21
A15: =HYPERLINK("#'4.3.1.3-4 Direct N20'!A1", "4.3.1.3-4 Direct N20") -> 4.3.1.3-4 Direct N20
A16: =HYPERLINK("#'4.3.1.5 Atmos deposition'!A1", "4.3.1.5 Atmos deposition") -> 4.3.1.5 Atmos deposition | D16: M1_Table_MN_j_m-14 | O16: M2_Table_MN_j_m-14
A17: =HYPERLINK("#'4.3.1.6-7 Leaching and runoff'!A1", "4.3.1.6-7 Leaching and runoff") -> 4.3.1.6-7 Leaching and runoff | D17: Total nitrogen deposited on pasture range and paddock (Method 1) | O17: Total nitrogen deposited on pasture range and paddock (Method 2)
A18: =HYPERLINK("#'4.3.1.8 Manure applied to soils'!A1", "4.3.1.8 Manure applied to soils") -> 4.3.1.8 Manure applied to soils | D18: Production system | E18: MMS | F18: Milking cows | G18: Heifers > 1 year | H18: Heifers < 1 year | I18: Bulls > 1 year | J18: Bulls < 1 year | O18: Production system | P18: MMS | Q18: Milking cows | R18: Heifers > 1 year | S18: Heifers < 1 year | T18: Bulls > 1 year | U18: Bulls < 1 year
A19: =HYPERLINK("#'4.3.1.9 Soil direct N2O'!A1", "4.3.1.9 Soil direct N2O") -> 4.3.1.9 Soil direct N2O | D19: =INDEX(X_Table_Dairy_ProductionSystems_Method1,2,1) -> Pasture | E19: ='Constants - Common Livestock'!$E$27 -> Pasture range and paddock | F19: =INDEX(M1_Table_MN_j_m14,2,3) -> 13923.785 | G19: =INDEX(M1_Table_MN_j_m14,2,4) -> 0 | H19: =INDEX(M1_Table_MN_j_m14,2,5) -> 0 | I19: =INDEX(M1_Table_MN_j_m14,2,6) -> 0 | J19: =INDEX(M1_Table_MN_j_m14,2,7) -> 0 | K19: =$E$11 -> kg N | O19: =INDEX(X_Table_Dairy_ProductionSystems_Method1,2,1) -> Pasture | P19: ='Constants - Common Livestock'!$E$27 -> Pasture range and paddock | Q19: =INDEX(M2_Table_MN_j_m14,2,3) -> 13923.785 | R19: =INDEX(M2_Table_MN_j_m14,2,4) -> 0 | S19: =INDEX(M2_Table_MN_j_m14,2,5) -> 0 | T19: =INDEX(M2_Table_MN_j_m14,2,6) -> 0 | U19: =INDEX(M2_Table_MN_j_m14,2,7) -> 0 | V19: =$E$11 -> kg N
A20: =HYPERLINK("#'4.3.1.10-11 Soil Atmos Dep'!A1", "4.3.1.10-11 Soil Atmos Dep") -> 4.3.1.10-11 Soil Atmos Dep
A21: =HYPERLINK("#'4.3.1.12-13 Soil leach runoff'!A1", "4.3.1.12-13 Soil leach runoff") -> 4.3.1.12-13 Soil leach runoff | D21: M1_Table_M_vol_m-14 | O21: M2_Table_M_vol_m-14
D22: Mass of N volatilised from urine and dung on pasture (Method 1) | O22: Mass of N volatilised from urine and dung on pasture (Method 2)
D23: Production system | E23: MMS | F23: Milking cows | G23: Heifers > 1 year | H23: Heifers < 1 year | I23: Bulls > 1 year | J23: Bulls < 1 year | O23: Production system | P23: MMS | Q23: Milking cows | R23: Heifers > 1 year | S23: Heifers < 1 year | T23: Bulls > 1 year | U23: Bulls < 1 year
